quotes 1:1: 0 unique window(s): 
quotes 1:2: 0 unique window(s): 
quotes 1:3: 0 unique window(s): 
quotes 1:4: 2 unique window(s): مالك يوم | مالك يوم الدين
NOTE quotes 1:4: window «مالك يوم» in 48 segments, too common alone; the longer windows that contain it are used instead
quotes 1:4: «مالك يوم الدين» in 66 segment(s): ABUDAWUD:821, ABUDAWUD:4000, ABUDAWUD:4001, ALUSI-FULL:v1p35, BINTSHATI-IJAZ:p258, BURHAN:v1p73, BURHAN:v1p155, BURHAN:v1p259, BURHAN:v1p352, BURHAN:v2p187, BURHAN:v2p448, BURHAN:v3p322 …
quotes 1:5: 8 unique window(s): اياك | واياك | نستعين | اياك نعبد | نعبد واياك | واياك نستعين | اياك نعبد واياك | نعبد واياك نستعين
NOTE quotes 1:5: window «اياك» in 88 segments, too common alone; the longer windows that contain it are used instead
NOTE quotes 1:5: window «واياك» in 61 segments, too common alone; the longer windows that contain it are used instead
NOTE quotes 1:5: window «نستعين» in 60 segments, too common alone; the longer windows that contain it are used instead
NOTE quotes 1:5: window «اياك نعبد» in 59 segments, too common alone; the longer windows that contain it are used instead
NOTE quotes 1:5: window «نعبد واياك» in 42 segments, too common alone; the longer windows that contain it are used instead
NOTE quotes 1:5: window «واياك نستعين» in 45 segments, too common alone; the longer windows that contain it are used instead
quotes 1:5: «اياك نعبد واياك» in 52 segment(s): ABUDAWUD:821, ALUSI-FULL:v1p37, BURHAN:v1p16, BURHAN:v1p63, BURHAN:v1p359, BURHAN:v1p436, BURHAN:v2p320, BURHAN:v3p10, BURHAN:v3p235, BURHAN:v3p247, BURHAN:v3p322, BURHAN:v3p325 …
quotes 1:5: «نعبد واياك نستعين» in 51 segment(s): ABUDAWUD:821, ALUSI-FULL:v1p37, BURHAN:v1p16, BURHAN:v1p63, BURHAN:v1p359, BURHAN:v1p436, BURHAN:v2p320, BURHAN:v3p10, BURHAN:v3p235, BURHAN:v3p247, BURHAN:v3p322, BURHAN:v3p325 …
quotes 1:6: 3 unique window(s): اهدنا | اهدنا الصراط | اهدنا الصراط المستقيم
NOTE quotes 1:6: window «اهدنا» in 47 segments, too common alone; the longer windows that contain it are used instead
quotes 1:6: «اهدنا الصراط» in 37 segment(s): ALUSI-FULL:v1p34, ALUSI-FULL:v1p35, BURHAN:v1p6, BURHAN:v1p38, BURHAN:v1p102, BURHAN:v1p352, BURHAN:v1p359, BURHAN:v2p139, BURHAN:v2p195, BURHAN:v2p455, BURHAN:v4p93#2, DAMGHANI:v1p276 …
quotes 1:6: «اهدنا الصراط المستقيم» in 11 segment(s) (hadith, sīra, poetry only): ABUDAWUD:821, IBNHIBBAN:776, IBNHIBBAN:1784, IBNMAJAH:3784, MALIK:187, MUSLIM:878, MUSNAD-AHMAD:7291, MUSNAD-AHMAD:7836, MUSNAD-AHMAD:9932, NASAI:909, TIRMIDHI:2953
quotes 1:7: 15 unique window(s): المغضوب | صراط الذين | الذين انعمت | انعمت عليهم | عليهم غير | غير المغضوب | المغضوب عليهم | ولا الضالين | صراط الذين انعمت | الذين انعمت عليهم | انعمت عليهم غير | عليهم غير المغضوب | غير المغضوب عليهم | المغضوب عليهم ولا | عليهم ولا الضالين
NOTE quotes 1:7: window «المغضوب» in 48 segments, too common alone; the longer windows that contain it are used instead
quotes 1:7: «صراط الذين» in 27 segment(s): BURHAN:v1p73, BURHAN:v1p352, BURHAN:v1p359, BURHAN:v2p195, BURHAN:v2p455, BURHAN:v4p93#2, DURR-FULL:v1p12, DURR-FULL:v1p18, DURR-FULL:v1p19, ELMALILI:v1p85, IBNASHUR-FULL:v1p108, ITQAN:v1p183 …
quotes 1:7: «الذين انعمت» in 30 segment(s): BURHAN:v1p73, BURHAN:v1p155, BURHAN:v1p182, BURHAN:v1p359, BURHAN:v2p195, BURHAN:v3p326, BURHAN:v3p354, BURHAN:v4p292, DURR-FULL:v1p12, DURR-FULL:v1p18, DURR-FULL:v1p19, ELMALILI:v1p85 …
NOTE quotes 1:7: window «انعمت عليهم» in 42 segments, too common alone; the longer windows that contain it are used instead
quotes 1:7: «عليهم غير» in 18 segment(s): ALUSI-FULL:v1p34, ALUSI-FULL:v1p35, BURHAN:v3p354, BURHAN:v4p292, DURR-FULL:v1p12, DURR-FULL:v1p18, DURR-FULL:v1p19, ELMALILI:v1p85, IBNASHUR-FULL:v1p108, ITQAN:v1p183, ITQAN:v3p284, ITQAN:v4p420 …
quotes 1:7: «غير المغضوب» in 35 segment(s): ALUSI-FULL:v1p34, ALUSI-FULL:v1p35, BURHAN:v1p73, BURHAN:v1p182, BURHAN:v3p239#4, BURHAN:v3p322, BURHAN:v3p325, BURHAN:v3p354, BURHAN:v4p58, BURHAN:v4p292, DURR-FULL:v1p12, DURR-FULL:v1p18 …
NOTE quotes 1:7: window «المغضوب عليهم» in 41 segments, too common alone; the longer windows that contain it are used instead
quotes 1:7: «ولا الضالين» in 31 segment(s): ALUSI-FULL:v1p35, BURHAN:v1p182, BURHAN:v3p239#4, BURHAN:v3p354, BURHAN:v4p355, DURR-FULL:v1p10, DURR-FULL:v1p12, DURR-FULL:v1p18, DURR-FULL:v1p19, ELMALILI:v1p85, FARRA:v1p481, IBNASHUR-FULL:v1p108 …
quotes 1:7: «صراط الذين انعمت» in 11 segment(s) (hadith, sīra, poetry only): ABUDAWUD:821, IBNHIBBAN:776, IBNHIBBAN:1784, IBNMAJAH:3784, MALIK:187, MUSLIM:878, MUSNAD-AHMAD:7291, MUSNAD-AHMAD:7836, MUSNAD-AHMAD:9932, NASAI:909, TIRMIDHI:2953
quotes 1:7: «الذين انعمت عليهم» in 11 segment(s) (hadith, sīra, poetry only): ABUDAWUD:821, IBNHIBBAN:776, IBNHIBBAN:1784, IBNMAJAH:3784, MALIK:187, MUSLIM:878, MUSNAD-AHMAD:7291, MUSNAD-AHMAD:7836, MUSNAD-AHMAD:9932, NASAI:909, TIRMIDHI:2953
quotes 1:7: «انعمت عليهم غير» in 11 segment(s) (hadith, sīra, poetry only): ABUDAWUD:821, IBNHIBBAN:776, IBNHIBBAN:1784, IBNMAJAH:3784, MALIK:187, MUSLIM:878, MUSNAD-AHMAD:7291, MUSNAD-AHMAD:7836, MUSNAD-AHMAD:9932, NASAI:909, TIRMIDHI:2953
quotes 1:7: «عليهم غير المغضوب» in 11 segment(s) (hadith, sīra, poetry only): ABUDAWUD:821, IBNHIBBAN:776, IBNHIBBAN:1784, IBNMAJAH:3784, MALIK:187, MUSLIM:878, MUSNAD-AHMAD:7291, MUSNAD-AHMAD:7836, MUSNAD-AHMAD:9932, NASAI:909, TIRMIDHI:2953
quotes 1:7: «غير المغضوب عليهم» in 44 segment(s) (hadith, sīra, poetry only): ABUDAWUD:779, ABUDAWUD:780, ABUDAWUD:821, ABUDAWUD:934, ABUDAWUD:935, ABUDAWUD:972, BUKHARI:782, BUKHARI:4475, IBNHIBBAN:776, IBNHIBBAN:1784, IBNHIBBAN:1797, IBNHIBBAN:1804 …
quotes 1:7: «المغضوب عليهم ولا» in 64 segment(s): ABUDAWUD:779, ABUDAWUD:780, ABUDAWUD:821, ABUDAWUD:934, ABUDAWUD:935, ABUDAWUD:972, ALUSI-FULL:v1p35, BUKHARI:782, BUKHARI:4475, BURHAN:v1p182, BURHAN:v3p239#4, BURHAN:v3p354 …
quotes 1:7: «عليهم ولا الضالين» in 44 segment(s) (hadith, sīra, poetry only): ABUDAWUD:779, ABUDAWUD:780, ABUDAWUD:821, ABUDAWUD:934, ABUDAWUD:935, ABUDAWUD:972, BUKHARI:782, BUKHARI:4475, IBNHIBBAN:776, IBNHIBBAN:1784, IBNHIBBAN:1797, IBNHIBBAN:1804 …
quotes 59:1: 0 unique window(s): 
quotes 59:2: 62 unique window(s): لاول | الحشر | مانعتهم | حصونهم | يحتسبوا | يخربون | وايدي | فاعتبروا | الذي اخرج | اخرج الذين | ديارهم لاول | لاول الحشر | الحشر ما | ما ظننتم | يخرجوا وظنوا | انهم مانعتهم | مانعتهم حصونهم | حصونهم من | الله فاتيهم | حيث لم | لم يحتسبوا | يحتسبوا وقذف | الرعب يخربون | يخربون بيوتهم | بيوتهم بايديهم | بايديهم وايدي | وايدي المومنين | المومنين فاعتبروا | فاعتبروا يااولي | يااولي الابصار | هو الذي اخرج | الذي اخرج الذين | اخرج الذين كفروا | الكتاب من ديارهم | من ديارهم لاول | ديارهم لاول الحشر | لاول الحشر ما | الحشر ما ظننتم | ما ظننتم ان | ظننتم ان يخرجوا | ان يخرجوا وظنوا | يخرجوا وظنوا انهم | وظنوا انهم مانعتهم | انهم مانعتهم حصونهم | مانعتهم حصونهم من | حصونهم من الله | من الله فاتيهم | الله فاتيهم الله | فاتيهم الله من | الله من حيث | من حيث لم | حيث لم يحتسبوا | لم يحتسبوا وقذف | يحتسبوا وقذف في | قلوبهم الرعب يخربون | الرعب يخربون بيوتهم | يخربون بيوتهم بايديهم | بيوتهم بايديهم وايدي | بايديهم وايدي المومنين | وايدي المومنين فاعتبروا | المومنين فاعتبروا يااولي | فاعتبروا يااولي الابصار
quotes 59:2: «لاول» in 33 segment(s): ALUSI-FULL:v1p33, BAQILLANI:v1p224, BINTSHATI:v1pdf3, BINTSHATI-IJAZ:p213, BURHAN:v3p160, BURHAN:v3p222, IBNJAWZI-NUZHA:v1p237, IBNJAWZI-NUZHA:v1p538, IBNKATHIR-FULL:v1p33, IBNQUTAYBA-MUSHKIL:v1p39, IBNQUTAYBA-MUSHKIL:v1p216#2, IBNQUTAYBA-MUSHKIL:v1p224 …
NOTE quotes 59:2: window «الحشر» in 108 segments, too common alone; the longer windows that contain it are used instead
quotes 59:2: «مانعتهم» in 3 segment(s): BURHAN:v3p235, BURHAN:v3p275, SAMARRAI-LAMASAT-HALAQAT:p948
quotes 59:2: «حصونهم» in 5 segment(s): BURHAN:v3p235, BURHAN:v3p275, ITQAN:v2p386#3, SAMARRAI-LAMASAT-HALAQAT:p866, SAMARRAI-LAMASAT-HALAQAT:p948
quotes 59:2: «يحتسبوا» in 6 segment(s): BAQILLANI:v1p143#2, BURHAN:v2p80, DAMGHANI:v1p13#2, IBNJAWZI-NUZHA:v1p165, JURJANI-ASRAR:v1p339, SAMARRAI-LAMASAT-HALAQAT:p948
quotes 59:2: «يخربون» in 2 segment(s): NASHR:v2p386, SAMARRAI-LAMASAT-HALAQAT:p948
quotes 59:2: «وايدي» in 3 segment(s): SAMARRAI-LAMASAT-HALAQAT:p948, SIBAWAYH:وذلكقولكهذاالضاربزيدافصارفىمعنىهذاالذىضربPageV01P181زيدا#77, SIBAWAYH:(هذابابماجاءمعدولاعنحدهمنالمؤنث)#547
quotes 59:2: «فاعتبروا» in 4 segment(s): BURHAN:v1p18, ITQAN:v4p347, NASHR:v2p73, SAMARRAI-LAMASAT-HALAQAT:p948
quotes 59:2: «الذي اخرج» in 3 segment(s): BURHAN:v1p18, SAMARRAI-ASRAR:r5#5, SAMARRAI-LAMASAT-HALAQAT:p948
quotes 59:2: «اخرج الذين» in 3 segment(s): BURHAN:v1p18, SAMARRAI-ASRAR:r5#5, SAMARRAI-LAMASAT-HALAQAT:p948
quotes 59:2: «الحشر ما» in 2 segment(s): SAMARRAI-LAMASAT-HALAQAT:p726, SAMARRAI-LAMASAT-HALAQAT:p948
quotes 59:2: «ما ظننتم» in 3 segment(s): BURHAN:v1p18, JURJANI-DALAIL:v1p44, SAMARRAI-LAMASAT-HALAQAT:p948
quotes 59:2: «يخرجوا وظنوا» in 1 segment(s): SAMARRAI-LAMASAT-HALAQAT:p948
quotes 59:2: «الله فاتيهم» in 0 segment(s): 
NOTE quotes 59:2: window «حيث لم» in 73 segments, too common alone; the longer windows that contain it are used instead
quotes 59:2: «بيوتهم بايديهم» in 1 segment(s): SAMARRAI-LAMASAT-HALAQAT:p948
quotes 59:2: «يااولي الابصار» in 0 segment(s): 
quotes 59:2: «هو الذي اخرج» in 1 segment(s) (hadith, sīra, poetry only): IBNHISHAM:v2p192#4
quotes 59:2: «الذي اخرج الذين» in 1 segment(s) (hadith, sīra, poetry only): IBNHISHAM:v2p192#4
quotes 59:2: «اخرج الذين كفروا» in 1 segment(s) (hadith, sīra, poetry only): IBNHISHAM:v2p192#4
quotes 59:2: «الكتاب من ديارهم» in 4 segment(s): BURHAN:v1p18, IBNHISHAM:v2p192#4, SAMARRAI-ASRAR:r5#5, SAMARRAI-LAMASAT-HALAQAT:p948
quotes 59:2: «من ديارهم لاول» in 1 segment(s) (hadith, sīra, poetry only): IBNHISHAM:v2p192#4
quotes 59:2: «ديارهم لاول الحشر» in 1 segment(s) (hadith, sīra, poetry only): IBNHISHAM:v2p192#4
quotes 59:2: «لاول الحشر ما» in 1 segment(s) (hadith, sīra, poetry only): IBNHISHAM:v2p192#4
quotes 59:2: «الحشر ما ظننتم» in 1 segment(s) (hadith, sīra, poetry only): IBNHISHAM:v2p192#4
quotes 59:2: «ما ظننتم ان» in 1 segment(s) (hadith, sīra, poetry only): IBNHISHAM:v2p192#4
quotes 59:2: «ظننتم ان يخرجوا» in 3 segment(s): BURHAN:v1p18, IBNHISHAM:v2p192#4, SAMARRAI-LAMASAT-HALAQAT:p948
quotes 59:2: «ان يخرجوا وظنوا» in 1 segment(s) (hadith, sīra, poetry only): IBNHISHAM:v2p192#4
quotes 59:2: «يخرجوا وظنوا انهم» in 1 segment(s) (hadith, sīra, poetry only): IBNHISHAM:v2p192#4
quotes 59:2: «وظنوا انهم مانعتهم» in 1 segment(s) (hadith, sīra, poetry only): IBNHISHAM:v2p192#4
quotes 59:2: «انهم مانعتهم حصونهم» in 1 segment(s) (hadith, sīra, poetry only): IBNHISHAM:v2p192#4
quotes 59:2: «مانعتهم حصونهم من» in 1 segment(s) (hadith, sīra, poetry only): IBNHISHAM:v2p192#4
quotes 59:2: «حصونهم من الله» in 1 segment(s) (hadith, sīra, poetry only): IBNHISHAM:v2p192#4
quotes 59:2: «من الله فاتيهم» in 0 segment(s) (hadith, sīra, poetry only): 
quotes 59:2: «الله فاتيهم الله» in 0 segment(s) (hadith, sīra, poetry only): 
quotes 59:2: «فاتيهم الله من» in 0 segment(s): 
quotes 59:2: «الله من حيث» in 6 segment(s): BURHAN:v2p80, DAMGHANI:v1p13#2, IBNHISHAM:v2p192#4, IBNJAWZI-NUZHA:v1p165, JURJANI-ASRAR:v1p339, SAMARRAI-LAMASAT-HALAQAT:p948
quotes 59:2: «من حيث لم» in 20 segment(s): BINTSHATI-IJAZ:p87, BINTSHATI-IJAZ:p158, BINTSHATI-IJAZ:p434, BURHAN:v2p80, HAMASA:v1p738, IBNHISHAM:v2p192#4, IBNJAWZI-NUZHA:v1p165, JISHUMI:v1p852#2, JURJANI-ASRAR:v1p10, JURJANI-ASRAR:v1p14, JURJANI-ASRAR:v1p225, JURJANI-ASRAR:v1p326 …
quotes 59:2: «حيث لم يحتسبوا» in 1 segment(s) (hadith, sīra, poetry only): IBNHISHAM:v2p192#4
quotes 59:2: «لم يحتسبوا وقذف» in 1 segment(s) (hadith, sīra, poetry only): IBNHISHAM:v2p192#4
quotes 59:2: «يحتسبوا وقذف في» in 1 segment(s) (hadith, sīra, poetry only): IBNHISHAM:v2p192#4
quotes 59:2: «قلوبهم الرعب يخربون» in 1 segment(s) (hadith, sīra, poetry only): IBNHISHAM:v2p192#4
quotes 59:2: «الرعب يخربون بيوتهم» in 1 segment(s) (hadith, sīra, poetry only): IBNHISHAM:v2p192#4
quotes 59:2: «يخربون بيوتهم بايديهم» in 1 segment(s) (hadith, sīra, poetry only): IBNHISHAM:v2p192#4
quotes 59:2: «بيوتهم بايديهم وايدي» in 1 segment(s) (hadith, sīra, poetry only): IBNHISHAM:v2p192#4
quotes 59:2: «بايديهم وايدي المومنين» in 1 segment(s) (hadith, sīra, poetry only): IBNHISHAM:v2p192#4
quotes 59:2: «وايدي المومنين فاعتبروا» in 0 segment(s) (hadith, sīra, poetry only): 
quotes 59:2: «المومنين فاعتبروا يااولي» in 0 segment(s) (hadith, sīra, poetry only): 
quotes 59:2: «فاعتبروا يااولي الابصار» in 0 segment(s) (hadith, sīra, poetry only): 
quotes 59:3: 13 unique window(s): الجلا | لعذبهم | عليهم الجلا | الجلا لعذبهم | لعذبهم في | ولولا ان كتب | ان كتب الله | كتب الله عليهم | الله عليهم الجلا | عليهم الجلا لعذبهم | الجلا لعذبهم في | لعذبهم في الدنيا | الاخره عذاب النار
quotes 59:3: «الجلا» in 9 segment(s): BAQILLANI:v1p20, BURHAN:v1p18, DAMGHANI:v1p320, IBNJAWZI-NUZHA:v1p448, IBNQUTAYBA-MUSHKIL:v1p88, MAJAZ:v2p406#2, NASHR:v1p124, NASHR:v1p126, NASHR:v1p127
quotes 59:3: «لعذبهم» in 3 segment(s): DAMGHANI:v1p320, DAMGHANI:v1p340, IBNJAWZI-NUZHA:v1p448
quotes 59:3: «ولولا ان كتب» in 3 segment(s): BURHAN:v1p18, IBNHISHAM:v2p192#4, IBNJAWZI-NUZHA:v1p448
quotes 59:3: «ان كتب الله» in 4 segment(s): BURHAN:v1p18, DAMGHANI:v1p320, IBNHISHAM:v2p192#4, IBNJAWZI-NUZHA:v1p448
quotes 59:3: «كتب الله عليهم» in 4 segment(s): BURHAN:v1p18, DAMGHANI:v1p320, IBNHISHAM:v2p192#4, IBNJAWZI-NUZHA:v1p448
quotes 59:3: «الله عليهم الجلا» in 1 segment(s) (hadith, sīra, poetry only): IBNHISHAM:v2p192#4
quotes 59:3: «عليهم الجلا لعذبهم» in 0 segment(s) (hadith, sīra, poetry only): 
quotes 59:3: «الجلا لعذبهم في» in 0 segment(s) (hadith, sīra, poetry only): 
quotes 59:3: «لعذبهم في الدنيا» in 1 segment(s) (hadith, sīra, poetry only): IBNHISHAM:v2p192#4
quotes 59:3: «الاخره عذاب النار» in 1 segment(s): IBNHISHAM:v2p192#4
quotes 59:4: 6 unique window(s): يشاق | ومن يشاق | يشاق الله | ورسوله ومن يشاق | ومن يشاق الله | يشاق الله فان
quotes 59:4: «يشاق» in 7 segment(s): BURHAN:v1p284, DAMGHANI:v1p266, ITQAN:v2p391#5, NASHR:v2p254, SAMARRAI-ASRAR:r2#2, SAMARRAI-LAMASAT-HALAQAT:p726, SAMARRAI-LAMASAT-HALAQAT:p927
quotes 59:4: «ورسوله ومن يشاق» in 0 segment(s) (hadith, sīra, poetry only): 
quotes 59:4: «ومن يشاق الله» in 0 segment(s) (hadith, sīra, poetry only): 
quotes 59:4: «يشاق الله فان» in 0 segment(s) (hadith, sīra, poetry only): 
quotes 59:5: 27 unique window(s): قطعتم | لينه | تركتموها | اصولها | وليخزي | ما قطعتم | قطعتم من | من لينه | لينه او | او تركتموها | تركتموها قايمه | قايمه علي | علي اصولها | اصولها فباذن | الله وليخزي | وليخزي الفاسقين | ما قطعتم من | قطعتم من لينه | من لينه او | لينه او تركتموها | او تركتموها قايمه | تركتموها قايمه علي | قايمه علي اصولها | علي اصولها فباذن | اصولها فباذن الله | فباذن الله وليخزي | الله وليخزي الفاسقين
quotes 59:5: «قطعتم» in 0 segment(s): 
quotes 59:5: «لينه» in 7 segment(s): BINTSHATI-IJAZ:p457, IBNJAWZI-NUZHA:v1p597, ITQAN:v2p390, ITQAN:v2p403, MAJAZ:v2p440#2, SIBAWAYH:(هذابابتصغيرماكانعلىخمسةأحرف)#598, SIBAWAYH:(هذابابمايحذففيالتحقيرمنبناتالثلاثةمنالزيادات)#604
quotes 59:5: «تركتموها» in 0 segment(s): 
quotes 59:5: «اصولها» in 14 segment(s): ALUSI-FULL:v1p1, BINTSHATI-IJAZ:p305, BINTSHATI-IJAZ:p593, BURHAN:v1p290, BURHAN:v2p71, BURHAN:v2p438, IBNASHUR-FULL:v1p20, IBNASHUR-FULL:v1p25, ITQAN:v2p395, JURJANI-ASRAR:v1p207, JURJANI-ASRAR:v1p341, JURJANI-DALAIL:v1p24 …
quotes 59:5: «وليخزي» in 2 segment(s): DAMGHANI:v1p155, IBNJAWZI-NUZHA:v1p274
quotes 59:5: «قايمه علي» in 9 segment(s): BAQILLANI:v1p25, BINTSHATI-IJAZ:p100, BURHAN:v1p449, IBNATIYYA-FULL:v1p33, JISHUMI:v1p451, JURJANI-DALAIL:v1p26, SAMARRAI-LAMASAT-HALAQAT:p776, SAMARRAI-LAMASAT-HALAQAT:p823, YKHULI-TAJDID:c1
quotes 59:5: «ما قطعتم من» in 12 segment(s) (hadith, sīra, poetry only): ABUDAWUD:2615, BUKHARI:4031, BUKHARI:4884, IBNHISHAM:v2p192#4, IBNMAJAH:2844, MUSLIM:4552, MUSLIM:4553, MUSNAD-AHMAD:6054, MUSNAD-AHMAD:6251, TIRMIDHI:1552, TIRMIDHI:3302, TIRMIDHI:3303
quotes 59:5: «قطعتم من لينه» in 12 segment(s) (hadith, sīra, poetry only): ABUDAWUD:2615, BUKHARI:4031, BUKHARI:4884, IBNHISHAM:v2p192#4, IBNMAJAH:2844, MUSLIM:4552, MUSLIM:4553, MUSNAD-AHMAD:6054, MUSNAD-AHMAD:6251, TIRMIDHI:1552, TIRMIDHI:3302, TIRMIDHI:3303
quotes 59:5: «من لينه او» in 12 segment(s) (hadith, sīra, poetry only): ABUDAWUD:2615, BUKHARI:4031, BUKHARI:4884, IBNHISHAM:v2p192#4, IBNMAJAH:2844, MUSLIM:4552, MUSLIM:4553, MUSNAD-AHMAD:6054, MUSNAD-AHMAD:6251, TIRMIDHI:1552, TIRMIDHI:3302, TIRMIDHI:3303
quotes 59:5: «لينه او تركتموها» in 12 segment(s) (hadith, sīra, poetry only): ABUDAWUD:2615, BUKHARI:4031, BUKHARI:4884, IBNHISHAM:v2p192#4, IBNMAJAH:2844, MUSLIM:4552, MUSLIM:4553, MUSNAD-AHMAD:6054, MUSNAD-AHMAD:6251, TIRMIDHI:1552, TIRMIDHI:3302, TIRMIDHI:3303
quotes 59:5: «او تركتموها قايمه» in 10 segment(s) (hadith, sīra, poetry only): BUKHARI:4031, BUKHARI:4884, IBNHISHAM:v2p192#4, IBNMAJAH:2844, MUSLIM:4552, MUSLIM:4553, MUSNAD-AHMAD:6054, TIRMIDHI:1552, TIRMIDHI:3302, TIRMIDHI:3303
quotes 59:5: «تركتموها قايمه علي» in 9 segment(s) (hadith, sīra, poetry only): BUKHARI:4031, BUKHARI:4884, IBNHISHAM:v2p192#4, MUSLIM:4552, MUSLIM:4553, MUSNAD-AHMAD:6054, TIRMIDHI:1552, TIRMIDHI:3302, TIRMIDHI:3303
quotes 59:5: «قايمه علي اصولها» in 9 segment(s) (hadith, sīra, poetry only): BUKHARI:4031, BUKHARI:4884, IBNHISHAM:v2p192#4, MUSLIM:4552, MUSLIM:4553, MUSNAD-AHMAD:6054, TIRMIDHI:1552, TIRMIDHI:3302, TIRMIDHI:3303
quotes 59:5: «علي اصولها فباذن» in 6 segment(s) (hadith, sīra, poetry only): BUKHARI:4031, BUKHARI:4884, MUSLIM:4552, MUSNAD-AHMAD:6054, TIRMIDHI:1552, TIRMIDHI:3302
quotes 59:5: «اصولها فباذن الله» in 6 segment(s) (hadith, sīra, poetry only): BUKHARI:4031, BUKHARI:4884, MUSLIM:4552, MUSNAD-AHMAD:6054, TIRMIDHI:1552, TIRMIDHI:3302
quotes 59:5: «فباذن الله وليخزي» in 5 segment(s) (hadith, sīra, poetry only): BUKHARI:4884, MUSLIM:4552, MUSNAD-AHMAD:6054, TIRMIDHI:1552, TIRMIDHI:3302
quotes 59:5: «الله وليخزي الفاسقين» in 6 segment(s) (hadith, sīra, poetry only): BUKHARI:4884, IBNHISHAM:v2p192#4, MUSLIM:4552, MUSNAD-AHMAD:6054, TIRMIDHI:1552, TIRMIDHI:3302
quotes 59:6: 30 unique window(s): اوجفتم | ركاب | يسلط | وما افا | رسوله منهم | منهم فما | فما اوجفتم | اوجفتم عليه | من خيل | خيل ولا | ولا ركاب | ركاب ولاكن | الله يسلط | يسلط رسله | رسله علي | وما افا الله | علي رسوله منهم | رسوله منهم فما | منهم فما اوجفتم | فما اوجفتم عليه | اوجفتم عليه من | عليه من خيل | من خيل ولا | خيل ولا ركاب | ولا ركاب ولاكن | ركاب ولاكن الله | ولاكن الله يسلط | الله يسلط رسله | يسلط رسله علي | رسله علي من
quotes 59:6: «اوجفتم» in 0 segment(s): 
quotes 59:6: «ركاب» in 2 segment(s): IBNJAWZI-NUZHA:v1p311, KHATTABI:v1p48
quotes 59:6: «يسلط» in 1 segment(s): RAZI-FULL:v1p66
quotes 59:6: «وما افا» in 0 segment(s): 
quotes 59:6: «رسوله منهم» in 0 segment(s): 
quotes 59:6: «منهم فما» in 2 segment(s): SAMARRAI-ASRAR:r15#3, TAB-FULL:v1p43
quotes 59:6: «من خيل» in 0 segment(s): 
quotes 59:6: «خيل ولا» in 0 segment(s): 
quotes 59:6: «رسله علي» in 0 segment(s): 
quotes 59:6: «وما افا الله» in 12 segment(s) (hadith, sīra, poetry only): ABUDAWUD:2963, ABUDAWUD:2966, ABUDAWUD:3004, BUKHARI:3094, BUKHARI:4033, BUKHARI:4034, IBNHIBBAN:6608, IBNHISHAM:v2p193, MUSNAD-AHMAD:425, MUSNAD-AHMAD:1781, MUSNAD-AHMAD:1782, NASAI:4148
quotes 59:6: «علي رسوله منهم» in 14 segment(s) (hadith, sīra, poetry only): ABUDAWUD:2963, ABUDAWUD:2966, ABUDAWUD:3004, BUKHARI:3094, BUKHARI:4033, BUKHARI:4034, BUKHARI:5358, BUKHARI:7305, IBNHIBBAN:6608, IBNHISHAM:v2p193, MUSNAD-AHMAD:425, MUSNAD-AHMAD:1781 …
quotes 59:6: «رسوله منهم فما» in 12 segment(s) (hadith, sīra, poetry only): ABUDAWUD:2963, ABUDAWUD:2966, ABUDAWUD:3004, BUKHARI:4033, BUKHARI:4034, BUKHARI:5358, BUKHARI:7305, IBNHIBBAN:6608, MUSNAD-AHMAD:425, MUSNAD-AHMAD:1781, MUSNAD-AHMAD:1782, NASAI:4148
quotes 59:6: «منهم فما اوجفتم» in 12 segment(s) (hadith, sīra, poetry only): ABUDAWUD:2963, ABUDAWUD:2966, ABUDAWUD:3004, BUKHARI:4033, BUKHARI:4034, BUKHARI:5358, BUKHARI:7305, IBNHIBBAN:6608, MUSNAD-AHMAD:425, MUSNAD-AHMAD:1781, MUSNAD-AHMAD:1782, NASAI:4148
quotes 59:6: «فما اوجفتم عليه» in 11 segment(s) (hadith, sīra, poetry only): ABUDAWUD:2963, ABUDAWUD:2966, ABUDAWUD:2971, ABUDAWUD:3004, BUKHARI:4033, BUKHARI:4034, BUKHARI:5358, IBNHIBBAN:6608, IBNHISHAM:v2p193, MUSNAD-AHMAD:425, NASAI:4148
quotes 59:6: «اوجفتم عليه من» in 11 segment(s) (hadith, sīra, poetry only): ABUDAWUD:2963, ABUDAWUD:2966, ABUDAWUD:2971, ABUDAWUD:3004, BUKHARI:4033, BUKHARI:4034, BUKHARI:5358, IBNHIBBAN:6608, IBNHISHAM:v2p193, MUSNAD-AHMAD:425, NASAI:4148
quotes 59:6: «عليه من خيل» in 11 segment(s) (hadith, sīra, poetry only): ABUDAWUD:2963, ABUDAWUD:2966, ABUDAWUD:2971, ABUDAWUD:3004, BUKHARI:4033, BUKHARI:4034, BUKHARI:5358, IBNHIBBAN:6608, IBNHISHAM:v2p193, MUSNAD-AHMAD:425, NASAI:4148
quotes 59:6: «من خيل ولا» in 10 segment(s) (hadith, sīra, poetry only): ABUDAWUD:2963, ABUDAWUD:2966, ABUDAWUD:2971, ABUDAWUD:3004, BUKHARI:4033, BUKHARI:4034, IBNHIBBAN:6608, IBNHISHAM:v2p193, MUSNAD-AHMAD:425, NASAI:4148
quotes 59:6: «خيل ولا ركاب» in 10 segment(s) (hadith, sīra, poetry only): ABUDAWUD:2963, ABUDAWUD:2966, ABUDAWUD:2971, ABUDAWUD:3004, BUKHARI:4033, BUKHARI:4034, IBNHIBBAN:6608, IBNHISHAM:v2p193, MUSNAD-AHMAD:425, NASAI:4148
quotes 59:6: «ولا ركاب ولاكن» in 0 segment(s) (hadith, sīra, poetry only): 
quotes 59:6: «ركاب ولاكن الله» in 0 segment(s) (hadith, sīra, poetry only): 
quotes 59:6: «ولاكن الله يسلط» in 0 segment(s) (hadith, sīra, poetry only): 
quotes 59:6: «الله يسلط رسله» in 2 segment(s) (hadith, sīra, poetry only): ABUDAWUD:2963, IBNHISHAM:v2p193
quotes 59:6: «يسلط رسله علي» in 2 segment(s) (hadith, sīra, poetry only): ABUDAWUD:2963, IBNHISHAM:v2p193
quotes 59:6: «رسله علي من» in 2 segment(s) (hadith, sīra, poetry only): ABUDAWUD:2963, IBNHISHAM:v2p193
quotes 59:7: 46 unique window(s): دوله | الاغنيا | نهيكم | فانتهوا | ما افا | رسوله من | القري فلله | فلله وللرسول | السبيل كي | كي لا | يكون دوله | دوله بين | بين الاغنيا | الاغنيا منكم | منكم وما | وما اتيكم | اتيكم الرسول | الرسول فخذوه | فخذوه وما | وما نهيكم | نهيكم عنه | عنه فانتهوا | فانتهوا واتقوا | ما افا الله | علي رسوله من | رسوله من اهل | اهل القري فلله | القري فلله وللرسول | فلله وللرسول ولذي | وابن السبيل كي | السبيل كي لا | كي لا يكون | لا يكون دوله | يكون دوله بين | دوله بين الاغنيا | بين الاغنيا منكم | الاغنيا منكم وما | منكم وما اتيكم | وما اتيكم الرسول | اتيكم الرسول فخذوه | الرسول فخذوه وما | فخذوه وما نهيكم | وما نهيكم عنه | نهيكم عنه فانتهوا | عنه فانتهوا واتقوا | فانتهوا واتقوا الله
quotes 59:7: «دوله» in 12 segment(s): BURHAN:v1p420, BURHAN:v3p93, BURHAN:v4p345, DAMGHANI:v1p175, IBNASHUR-FULL:v1p41, ITQAN:v2p496#2, JURJANI-ASRAR:v1p75, MAJAZ:v2p414, NASHR:v2p149, NASHR:v2p386, SAMARRAI-LAMASAT-HALAQAT:p841, SIBAWAYH:(هذابابنظيرماذكرنامنبناتالياءوالواوالتيالياءاتوالواوات#656
quotes 59:7: «الاغنيا» in 14 segment(s): BURHAN:v1p420, BURHAN:v3p93, BURHAN:v4p345, DAMGHANI:v1p175, DAMGHANI:v1p207, IBNASHUR-FULL:v1p41, ITQAN:v2p496#2, JISHUMI:v1p548, SAMARRAI-ASRAR:r4#3, SAMARRAI-ASRAR:r10#6, SAMARRAI-ASRAR-MUH:p42, SAMARRAI-LAMASAT-HALAQAT:p97 …
quotes 59:7: «نهيكم» in 0 segment(s): 
quotes 59:7: «فانتهوا» in 5 segment(s): BAQILLANI:v1p129#2, BURHAN:v2p129, ITQAN:v4p330, ITQAN:v4p331, SAMARRAI-LAMASAT-HALAQAT:p841
quotes 59:7: «ما افا» in 5 segment(s): BURHAN:v1p420, BURHAN:v2p37, BURHAN:v3p93, BURHAN:v3p152, SAMARRAI-LAMASAT-HALAQAT:p841
quotes 59:7: «رسوله من» in 6 segment(s): BURHAN:v1p420, BURHAN:v2p37, BURHAN:v3p93, BURHAN:v3p152, ITQAN:v1p169, SAMARRAI-LAMASAT-HALAQAT:p841
quotes 59:7: «القري فلله» in 3 segment(s): BURHAN:v2p37, BURHAN:v3p93, SAMARRAI-LAMASAT-HALAQAT:p841
quotes 59:7: «فلله وللرسول» in 3 segment(s): BURHAN:v2p37, BURHAN:v3p93, SAMARRAI-LAMASAT-HALAQAT:p841
quotes 59:7: «السبيل كي» in 2 segment(s): BURHAN:v3p93, SAMARRAI-LAMASAT-HALAQAT:p841
quotes 59:7: «كي لا» in 15 segment(s): BURHAN:v1p293, BURHAN:v1p420, BURHAN:v3p93, BURHAN:v4p345, IBNASHUR-FULL:v1p36, IBNASHUR-FULL:v1p51, IBNQUTAYBA-MUSHKIL:v1p28, ITQAN:v2p496#2, JISHUMI:v1p681, JISHUMI:v1p683, NASHR:v2p149, NASHR:v2p386 …
quotes 59:7: «منكم وما» in 1 segment(s): SAMARRAI-LAMASAT-HALAQAT:p841
quotes 59:7: «وما اتيكم» in 0 segment(s): 
quotes 59:7: «اتيكم الرسول» in 0 segment(s): 
quotes 59:7: «الرسول فخذوه» in 5 segment(s): BURHAN:v2p129, IBNJINNI-MUHTASAB:v1p32, ITQAN:v4p330, ITQAN:v4p331, SAMARRAI-LAMASAT-HALAQAT:p841
quotes 59:7: «فخذوه وما» in 4 segment(s): BURHAN:v2p129, ITQAN:v4p330, ITQAN:v4p331, SAMARRAI-LAMASAT-HALAQAT:p841
quotes 59:7: «ما افا الله» in 8 segment(s) (hadith, sīra, poetry only): ABUDAWUD:2966, BUKHARI:5358, BUKHARI:6728, BUKHARI:7305, IBNHISHAM:v2p193#2, MALIK:980, MUSLIM:4577, NASAI:4148
quotes 59:7: «علي رسوله من» in 10 segment(s) (hadith, sīra, poetry only): ABUDAWUD:2964, ABUDAWUD:2966, IBNHIBBAN:6608, IBNHIBBAN:7278, IBNHISHAM:v2p193#2, MUSLIM:2436, MUSLIM:4577, MUSNAD-AHMAD:425, MUSNAD-AHMAD:1781, NASAI:4148
quotes 59:7: «رسوله من اهل» in 4 segment(s) (hadith, sīra, poetry only): ABUDAWUD:2966, IBNHISHAM:v2p193#2, MUSLIM:4577, NASAI:4148
quotes 59:7: «اهل القري فلله» in 4 segment(s) (hadith, sīra, poetry only): ABUDAWUD:2966, IBNHISHAM:v2p193#2, MUSLIM:4577, NASAI:4148
quotes 59:7: «القري فلله وللرسول» in 4 segment(s) (hadith, sīra, poetry only): ABUDAWUD:2966, IBNHISHAM:v2p193#2, MUSLIM:4577, NASAI:4148
quotes 59:7: «فلله وللرسول ولذي» in 3 segment(s) (hadith, sīra, poetry only): ABUDAWUD:2966, IBNHISHAM:v2p193#2, NASAI:4148
quotes 59:7: «وابن السبيل كي» in 1 segment(s) (hadith, sīra, poetry only): IBNHISHAM:v2p193#2
quotes 59:7: «السبيل كي لا» in 1 segment(s) (hadith, sīra, poetry only): IBNHISHAM:v2p193#2
quotes 59:7: «كي لا يكون» in 1 segment(s) (hadith, sīra, poetry only): IBNHISHAM:v2p193#2
quotes 59:7: «لا يكون دوله» in 1 segment(s) (hadith, sīra, poetry only): IBNHISHAM:v2p193#2
quotes 59:7: «يكون دوله بين» in 1 segment(s) (hadith, sīra, poetry only): IBNHISHAM:v2p193#2
quotes 59:7: «دوله بين الاغنيا» in 1 segment(s) (hadith, sīra, poetry only): IBNHISHAM:v2p193#2
quotes 59:7: «بين الاغنيا منكم» in 1 segment(s) (hadith, sīra, poetry only): IBNHISHAM:v2p193#2
quotes 59:7: «الاغنيا منكم وما» in 1 segment(s) (hadith, sīra, poetry only): IBNHISHAM:v2p193#2
quotes 59:7: «منكم وما اتيكم» in 0 segment(s) (hadith, sīra, poetry only): 
quotes 59:7: «وما اتيكم الرسول» in 0 segment(s) (hadith, sīra, poetry only): 
quotes 59:7: «اتيكم الرسول فخذوه» in 0 segment(s) (hadith, sīra, poetry only): 
quotes 59:7: «الرسول فخذوه وما» in 16 segment(s) (hadith, sīra, poetry only): ABUDAWUD:4169, BUKHARI:4886, BUKHARI:5939, IBNHIBBAN:2105, IBNHIBBAN:5504, IBNHIBBAN:5505, IBNHISHAM:v2p193#2, IBNMAJAH:1989, MUSLIM:5573, MUSNAD-AHMAD:3300, MUSNAD-AHMAD:3945, MUSNAD-AHMAD:4129 …
quotes 59:7: «فخذوه وما نهيكم» in 0 segment(s) (hadith, sīra, poetry only): 
quotes 59:7: «وما نهيكم عنه» in 0 segment(s) (hadith, sīra, poetry only): 
quotes 59:7: «نهيكم عنه فانتهوا» in 0 segment(s) (hadith, sīra, poetry only): 
quotes 59:7: «عنه فانتهوا واتقوا» in 0 segment(s) (hadith, sīra, poetry only): 
quotes 59:7: «فانتهوا واتقوا الله» in 0 segment(s) (hadith, sīra, poetry only): 
quotes 59:8: 16 unique window(s): وينصرون | للفقرا المهاجرين | المهاجرين الذين | ديارهم واموالهم | واموالهم يبتغون | ورضوانا وينصرون | وينصرون الله | للفقرا المهاجرين الذين | المهاجرين الذين اخرجوا | من ديارهم واموالهم | ديارهم واموالهم يبتغون | واموالهم يبتغون فضلا | الله ورضوانا وينصرون | ورضوانا وينصرون الله | وينصرون الله ورسوله | ورسوله اولايك هم
quotes 59:8: «وينصرون» in 0 segment(s): 
quotes 59:8: «للفقرا المهاجرين» in 3 segment(s): BINTSHATI-IJAZ:p428, BURHAN:v1p155, DAMGHANI:v1p276
quotes 59:8: «المهاجرين الذين» in 2 segment(s): BINTSHATI-IJAZ:p428, BURHAN:v1p155
quotes 59:8: «ديارهم واموالهم» in 2 segment(s): BINTSHATI-IJAZ:p428, BURHAN:v1p155
quotes 59:8: «واموالهم يبتغون» in 0 segment(s): 
quotes 59:8: «للفقرا المهاجرين الذين» in 1 segment(s) (hadith, sīra, poetry only): NASAI:4148
quotes 59:8: «المهاجرين الذين اخرجوا» in 1 segment(s) (hadith, sīra, poetry only): NASAI:4148
quotes 59:8: «من ديارهم واموالهم» in 2 segment(s) (hadith, sīra, poetry only): ABUDAWUD:2966, NASAI:4148
quotes 59:8: «ديارهم واموالهم يبتغون» in 0 segment(s) (hadith, sīra, poetry only): 
quotes 59:8: «واموالهم يبتغون فضلا» in 0 segment(s) (hadith, sīra, poetry only): 
quotes 59:8: «الله ورضوانا وينصرون» in 0 segment(s) (hadith, sīra, poetry only): 
quotes 59:8: «ورضوانا وينصرون الله» in 0 segment(s) (hadith, sīra, poetry only): 
quotes 59:8: «وينصرون الله ورسوله» in 0 segment(s) (hadith, sīra, poetry only): 
quotes 59:8: «ورسوله اولايك هم» in 0 segment(s): 
quotes 59:9: 47 unique window(s): تبوو | هاجر | ويوثرون | خصاصه | والذين تبوو | تبوو الدار | الدار والايمان | والايمان من | قبلهم يحبون | يحبون من | من هاجر | هاجر اليهم | اليهم ولا | يجدون في | صدورهم حاجه | حاجه مما | مما اوتوا | اوتوا ويوثرون | ويوثرون علي | انفسهم ولو | كان بهم | بهم خصاصه | خصاصه ومن | والذين تبوو الدار | تبوو الدار والايمان | الدار والايمان من | والايمان من قبلهم | من قبلهم يحبون | قبلهم يحبون من | يحبون من هاجر | من هاجر اليهم | هاجر اليهم ولا | اليهم ولا يجدون | ولا يجدون في | يجدون في صدورهم | في صدورهم حاجه | صدورهم حاجه مما | حاجه مما اوتوا | مما اوتوا ويوثرون | اوتوا ويوثرون علي | ويوثرون علي انفسهم | علي انفسهم ولو | انفسهم ولو كان | ولو كان بهم | كان بهم خصاصه | بهم خصاصه ومن | خصاصه ومن يوق
quotes 59:9: «تبوو» in 1 segment(s): ITQAN:v4p447#2
quotes 59:9: «هاجر» in 16 segment(s): BINTSHATI-IJAZ:p592, BURHAN:v1p260#2, BURHAN:v3p30, DAMGHANI:v1p112, IBNASHUR-FULL:v1p90, ITQAN:v1p95, ITQAN:v3p297, ITQAN:v3p306, ITQAN:v4p380, JISHUMI:v1p628, JISHUMI:v1p645, JISHUMI:v1p724 …
quotes 59:9: «ويوثرون» in 1 segment(s): ALUSI-FULL:v1p1
quotes 59:9: «خصاصه» in 3 segment(s): BAQILLANI:v1p88, BURHAN:v4p202, NASHR:v2p83
quotes 59:9: «الدار والايمان» in 8 segment(s): BINTSHATI-IJAZ:p592, BINTSHATI-IJAZ:p593, BURHAN:v1p382, BURHAN:v3p123, BURHAN:v3p124, ITQAN:v3p168, SAMARRAI-ASRAR-MUH:r-124, SAMARRAI-LAMASAT-HALAQAT:p581
quotes 59:9: «والايمان من» in 1 segment(s): BINTSHATI-IJAZ:p592
quotes 59:9: «قبلهم يحبون» in 1 segment(s): BINTSHATI-IJAZ:p592
quotes 59:9: «يحبون من» in 2 segment(s): BINTSHATI-IJAZ:p592, DAMGHANI:v1p112
quotes 59:9: «اليهم ولا» in 2 segment(s): ITQAN:v1p102#2, JISHUMI:v1p695
quotes 59:9: «يجدون في» in 2 segment(s): DAMGHANI:v1p123, NASHR:v2p203
quotes 59:9: «صدورهم حاجه» in 0 segment(s): 
quotes 59:9: «حاجه مما» in 0 segment(s): 
quotes 59:9: «مما اوتوا» in 0 segment(s): 
quotes 59:9: «انفسهم ولو» in 2 segment(s): ALUSI-FULL:v1p14, ALUSI-FULL:v1p15
quotes 59:9: «كان بهم» in 0 segment(s): 
quotes 59:9: «والذين تبوو الدار» in 0 segment(s) (hadith, sīra, poetry only): 
quotes 59:9: «تبوو الدار والايمان» in 0 segment(s) (hadith, sīra, poetry only): 
quotes 59:9: «الدار والايمان من» in 6 segment(s) (hadith, sīra, poetry only): ABUDAWUD:2966, BUKHARI:3700, BUKHARI:4888, IBNHIBBAN:6917, NASAI:4148, RIYAD:1.46
quotes 59:9: «والايمان من قبلهم» in 5 segment(s) (hadith, sīra, poetry only): ABUDAWUD:2966, BUKHARI:3700, IBNHIBBAN:6917, NASAI:4148, RIYAD:1.46
quotes 59:9: «من قبلهم يحبون» in 1 segment(s) (hadith, sīra, poetry only): RIYAD:1.46
quotes 59:9: «قبلهم يحبون من» in 1 segment(s) (hadith, sīra, poetry only): RIYAD:1.46
quotes 59:9: «يحبون من هاجر» in 1 segment(s) (hadith, sīra, poetry only): RIYAD:1.46
quotes 59:9: «من هاجر اليهم» in 1 segment(s) (hadith, sīra, poetry only): RIYAD:1.46
quotes 59:9: «هاجر اليهم ولا» in 0 segment(s) (hadith, sīra, poetry only): 
quotes 59:9: «اليهم ولا يجدون» in 0 segment(s) (hadith, sīra, poetry only): 
quotes 59:9: «ولا يجدون في» in 0 segment(s) (hadith, sīra, poetry only): 
quotes 59:9: «يجدون في صدورهم» in 0 segment(s) (hadith, sīra, poetry only): 
quotes 59:9: «في صدورهم حاجه» in 0 segment(s) (hadith, sīra, poetry only): 
quotes 59:9: «صدورهم حاجه مما» in 0 segment(s) (hadith, sīra, poetry only): 
quotes 59:9: «حاجه مما اوتوا» in 0 segment(s) (hadith, sīra, poetry only): 
quotes 59:9: «مما اوتوا ويوثرون» in 0 segment(s) (hadith, sīra, poetry only): 
quotes 59:9: «اوتوا ويوثرون علي» in 0 segment(s) (hadith, sīra, poetry only): 
quotes 59:9: «ويوثرون علي انفسهم» in 6 segment(s) (hadith, sīra, poetry only): BUKHARI:3798, BUKHARI:4889, IBNHIBBAN:v16p254, IBNHIBBAN:7264, MUSLIM:5360, TIRMIDHI:3304
quotes 59:9: «علي انفسهم ولو» in 5 segment(s) (hadith, sīra, poetry only): BUKHARI:3798, BUKHARI:4889, IBNHIBBAN:7264, MUSLIM:5360, TIRMIDHI:3304
quotes 59:9: «انفسهم ولو كان» in 5 segment(s) (hadith, sīra, poetry only): BUKHARI:3798, BUKHARI:4889, IBNHIBBAN:7264, MUSLIM:5360, TIRMIDHI:3304
quotes 59:9: «ولو كان بهم» in 5 segment(s) (hadith, sīra, poetry only): BUKHARI:3798, BUKHARI:4889, IBNHIBBAN:7264, MUSLIM:5360, TIRMIDHI:3304
quotes 59:9: «كان بهم خصاصه» in 5 segment(s) (hadith, sīra, poetry only): BUKHARI:3798, BUKHARI:4889, IBNHIBBAN:7264, MUSLIM:5360, TIRMIDHI:3304
quotes 59:9: «بهم خصاصه ومن» in 1 segment(s) (hadith, sīra, poetry only): BUKHARI:3798
quotes 59:9: «خصاصه ومن يوق» in 1 segment(s) (hadith, sīra, poetry only): BUKHARI:3798
quotes 59:10: 33 unique window(s): ولاخواننا | والذين جاو | جاو من | بعدهم يقولون | لنا ولاخواننا | ولاخواننا الذين | الذين سبقونا | سبقونا بالايمان | بالايمان ولا | تجعل في | في قلوبنا | قلوبنا غلا | غلا للذين | انك روف | والذين جاو من | جاو من بعدهم | من بعدهم يقولون | بعدهم يقولون ربنا | يقولون ربنا اغفر | اغفر لنا ولاخواننا | لنا ولاخواننا الذين | ولاخواننا الذين سبقونا | الذين سبقونا بالايمان | سبقونا بالايمان ولا | بالايمان ولا تجعل | ولا تجعل في | تجعل في قلوبنا | في قلوبنا غلا | قلوبنا غلا للذين | غلا للذين امنوا | امنوا ربنا انك | ربنا انك روف | انك روف رحيم
quotes 59:10: «ولاخواننا» in 0 segment(s): 
quotes 59:10: «والذين جاو» in 0 segment(s): 
quotes 59:10: «جاو من» in 0 segment(s): 
quotes 59:10: «بعدهم يقولون» in 0 segment(s): 
quotes 59:10: «الذين سبقونا» in 0 segment(s): 
quotes 59:10: «سبقونا بالايمان» in 0 segment(s): 
quotes 59:10: «بالايمان ولا» in 0 segment(s): 
quotes 59:10: «تجعل في» in 10 segment(s): BURHAN:v3p444, IBNJAWZI-NUZHA:v1p100#2, IBNQUTAYBA-MUSHKIL:v1p307, JISHUMI:v2p1046, JURJANI-ASRAR:v1p35, JURJANI-ASRAR:v1p165, NASHR:v1p387, SIBAWAYH:وهوقولكضربتوضربنىزيدوضربنىوضربتزيداتحملالاسمعلىالفعلالذى#46, SIBAWAYH:وذلكقولكهذارجلمعهرجلقائمين|فهذاينتصبلأنالهاءالتيفيمعه#224, SIBAWAYH:فمنذلكقولكاضربأيمنرأيتأفضل|فمنكملاسمابرأيتفصاربمنزلة#446
quotes 59:10: «في قلوبنا» in 2 segment(s): BINTSHATI-IJAZ:p7, ITQAN:v1p114
quotes 59:10: «قلوبنا غلا» in 0 segment(s): 
quotes 59:10: «غلا للذين» in 0 segment(s): 
quotes 59:10: «انك روف» in 0 segment(s): 
quotes 59:10: «والذين جاو من» in 0 segment(s) (hadith, sīra, poetry only): 
quotes 59:10: «جاو من بعدهم» in 0 segment(s) (hadith, sīra, poetry only): 
quotes 59:10: «من بعدهم يقولون» in 1 segment(s) (hadith, sīra, poetry only): RIYAD-TR:v2p294
quotes 59:10: «بعدهم يقولون ربنا» in 0 segment(s) (hadith, sīra, poetry only): 
quotes 59:10: «يقولون ربنا اغفر» in 0 segment(s): 
quotes 59:10: «اغفر لنا ولاخواننا» in 0 segment(s) (hadith, sīra, poetry only): 
quotes 59:10: «لنا ولاخواننا الذين» in 0 segment(s) (hadith, sīra, poetry only): 
quotes 59:10: «ولاخواننا الذين سبقونا» in 0 segment(s) (hadith, sīra, poetry only): 
quotes 59:10: «الذين سبقونا بالايمان» in 0 segment(s) (hadith, sīra, poetry only): 
quotes 59:10: «سبقونا بالايمان ولا» in 0 segment(s) (hadith, sīra, poetry only): 
quotes 59:10: «بالايمان ولا تجعل» in 0 segment(s) (hadith, sīra, poetry only): 
quotes 59:10: «ولا تجعل في» in 0 segment(s) (hadith, sīra, poetry only): 
quotes 59:10: «تجعل في قلوبنا» in 0 segment(s) (hadith, sīra, poetry only): 
quotes 59:10: «في قلوبنا غلا» in 0 segment(s) (hadith, sīra, poetry only): 
quotes 59:10: «قلوبنا غلا للذين» in 0 segment(s) (hadith, sīra, poetry only): 
quotes 59:10: «غلا للذين امنوا» in 0 segment(s) (hadith, sīra, poetry only): 
quotes 59:10: «امنوا ربنا انك» in 0 segment(s): 
quotes 59:10: «ربنا انك روف» in 0 segment(s) (hadith, sīra, poetry only): 
quotes 59:10: «انك روف رحيم» in 0 segment(s) (hadith, sīra, poetry only): 
quotes 59:11: 39 unique window(s): اخرجتم | لنخرجن | نطيع | قوتلتم | لننصرنكم | نافقوا يقولون | يقولون لاخوانهم | لاخوانهم الذين | الكتاب لين | لين اخرجتم | اخرجتم لنخرجن | لنخرجن معكم | ولا نطيع | نطيع فيكم | فيكم احدا | احدا ابدا | ابدا وان | وان قوتلتم | قوتلتم لننصرنكم | لننصرنكم والله | الي الذين نافقوا | الذين نافقوا يقولون | نافقوا يقولون لاخوانهم | يقولون لاخوانهم الذين | لاخوانهم الذين كفروا | اهل الكتاب لين | الكتاب لين اخرجتم | لين اخرجتم لنخرجن | اخرجتم لنخرجن معكم | لنخرجن معكم ولا | معكم ولا نطيع | ولا نطيع فيكم | نطيع فيكم احدا | فيكم احدا ابدا | احدا ابدا وان | ابدا وان قوتلتم | وان قوتلتم لننصرنكم | قوتلتم لننصرنكم والله | لننصرنكم والله يشهد
quotes 59:11: «اخرجتم» in 2 segment(s): IBNQUTAYBA-MUSHKIL:v1p216#2, JISHUMI:v2p1045
quotes 59:11: «لنخرجن» in 0 segment(s): 
quotes 59:11: «نطيع» in 6 segment(s): BAQILLANI:v1p96, DAMGHANI:v1p18, IBNJAWZI-NUZHA:v1p115, JISHUMI:v1p622, JISHUMI:v1p654#2, ZAJJAJ:v1p47
quotes 59:11: «قوتلتم» in 2 segment(s): DAMGHANI:v1p456, IBNJAWZI-NUZHA:v1p586
quotes 59:11: «لننصرنكم» in 2 segment(s): DAMGHANI:v1p456, IBNJAWZI-NUZHA:v1p586
quotes 59:11: «نافقوا يقولون» in 0 segment(s): 
quotes 59:11: «يقولون لاخوانهم» in 0 segment(s): 
quotes 59:11: «لاخوانهم الذين» in 0 segment(s): 
quotes 59:11: «الكتاب لين» in 0 segment(s): 
quotes 59:11: «فيكم احدا» in 2 segment(s): DAMGHANI:v1p18, IBNJAWZI-NUZHA:v1p115
quotes 59:11: «احدا ابدا» in 2 segment(s): DAMGHANI:v1p18, IBNJAWZI-NUZHA:v1p115
quotes 59:11: «ابدا وان» in 11 segment(s): BURHAN:v1p343, ITQAN:v1p231#2, ITQAN:v2p481#2, ITQAN:v2p510#2, JURJANI-DALAIL:v1p26, JURJANI-DALAIL:v1p69#2, JURJANI-DALAIL:v1p385, JURJANI-DALAIL:v1p386, SIBAWAYH:وذلكقولكالناسمجزيونبأعمالهمإنخيرافخيروإنشرافشروالمرء#103, SIBAWAYH:وذاكلأنهاظروففيهاالأشياءوتكونفيهافانتصبلأنهPageV01P403#194, SIBAWAYH:(هذابابعللماتجعلهزائدامنحروفالزوائدوماتجعلهمننفسالحرف#765
quotes 59:11: «الي الذين نافقوا» in 2 segment(s): IBNHISHAM:v1p526#3, IBNHISHAM:v2p193#2
quotes 59:11: «الذين نافقوا يقولون» in 1 segment(s) (hadith, sīra, poetry only): IBNHISHAM:v1p526#3
quotes 59:11: «نافقوا يقولون لاخوانهم» in 1 segment(s) (hadith, sīra, poetry only): IBNHISHAM:v1p526#3
quotes 59:11: «يقولون لاخوانهم الذين» in 2 segment(s) (hadith, sīra, poetry only): IBNHISHAM:v1p526#3, IBNHISHAM:v2p193#2
quotes 59:11: «لاخوانهم الذين كفروا» in 2 segment(s) (hadith, sīra, poetry only): IBNHISHAM:v1p526#3, IBNHISHAM:v2p193#2
quotes 59:11: «اهل الكتاب لين» in 1 segment(s) (hadith, sīra, poetry only): IBNHISHAM:v1p526#3
quotes 59:11: «الكتاب لين اخرجتم» in 1 segment(s) (hadith, sīra, poetry only): IBNHISHAM:v1p526#3
quotes 59:11: «لين اخرجتم لنخرجن» in 1 segment(s) (hadith, sīra, poetry only): IBNHISHAM:v1p526#3
quotes 59:11: «اخرجتم لنخرجن معكم» in 1 segment(s) (hadith, sīra, poetry only): IBNHISHAM:v1p526#3
quotes 59:11: «لنخرجن معكم ولا» in 1 segment(s) (hadith, sīra, poetry only): IBNHISHAM:v1p526#3
quotes 59:11: «معكم ولا نطيع» in 1 segment(s) (hadith, sīra, poetry only): IBNHISHAM:v1p526#3
quotes 59:11: «ولا نطيع فيكم» in 1 segment(s) (hadith, sīra, poetry only): IBNHISHAM:v1p526#3
quotes 59:11: «نطيع فيكم احدا» in 1 segment(s) (hadith, sīra, poetry only): IBNHISHAM:v1p526#3
quotes 59:11: «فيكم احدا ابدا» in 1 segment(s) (hadith, sīra, poetry only): IBNHISHAM:v1p526#3
quotes 59:11: «احدا ابدا وان» in 1 segment(s) (hadith, sīra, poetry only): IBNHISHAM:v1p526#3
quotes 59:11: «ابدا وان قوتلتم» in 1 segment(s) (hadith, sīra, poetry only): IBNHISHAM:v1p526#3
quotes 59:11: «وان قوتلتم لننصرنكم» in 1 segment(s) (hadith, sīra, poetry only): IBNHISHAM:v1p526#3
quotes 59:11: «قوتلتم لننصرنكم والله» in 1 segment(s) (hadith, sīra, poetry only): IBNHISHAM:v1p526#3
quotes 59:11: «لننصرنكم والله يشهد» in 1 segment(s) (hadith, sīra, poetry only): IBNHISHAM:v1p526#3
quotes 59:12: 26 unique window(s): قوتلوا | نصروهم | ليولن | لين اخرجوا | اخرجوا لا | يخرجون معهم | معهم ولين | ولين قوتلوا | قوتلوا لا | لا ينصرونهم | ينصرونهم ولين | ولين نصروهم | نصروهم ليولن | ليولن الادبار | لين اخرجوا لا | اخرجوا لا يخرجون | لا يخرجون معهم | يخرجون معهم ولين | معهم ولين قوتلوا | ولين قوتلوا لا | قوتلوا لا ينصرونهم | لا ينصرونهم ولين | ينصرونهم ولين نصروهم | ولين نصروهم ليولن | نصروهم ليولن الادبار | ليولن الادبار ثم
quotes 59:12: «قوتلوا» in 6 segment(s): BURHAN:v4p338, BURHAN:v4p352, ITQAN:v2p499, NASHR:v2p268, SAMARRAI-LAMASAT-HALAQAT:p930, SAMARRAI-LAMASAT-HALAQAT:p931
quotes 59:12: «نصروهم» in 3 segment(s): BURHAN:v4p338, ITQAN:v2p499, SAMARRAI-LAMASAT-HALAQAT:p930
quotes 59:12: «ليولن» in 3 segment(s): BURHAN:v4p338, ITQAN:v2p499, SAMARRAI-LAMASAT-HALAQAT:p930
quotes 59:12: «لين اخرجوا» in 5 segment(s): BURHAN:v4p338, BURHAN:v4p352, ITQAN:v2p499, JISHUMI:v1p519, SAMARRAI-LAMASAT-HALAQAT:p930
quotes 59:12: «اخرجوا لا» in 5 segment(s): BURHAN:v4p338, BURHAN:v4p352, ITQAN:v2p499, JISHUMI:v1p519, SAMARRAI-LAMASAT-HALAQAT:p930
quotes 59:12: «يخرجون معهم» in 6 segment(s): BURHAN:v4p338, BURHAN:v4p352, ITQAN:v2p499, JISHUMI:v1p519, NASHR:v2p268, SAMARRAI-LAMASAT-HALAQAT:p930
quotes 59:12: «معهم ولين» in 4 segment(s): BURHAN:v4p338, BURHAN:v4p352, ITQAN:v2p499, SAMARRAI-LAMASAT-HALAQAT:p930
quotes 59:12: «لا ينصرونهم» in 6 segment(s): BURHAN:v4p338, BURHAN:v4p352, ITQAN:v2p499, NASHR:v2p268, SAMARRAI-LAMASAT-HALAQAT:p930, SAMARRAI-LAMASAT-HALAQAT:p931
quotes 59:12: «ينصرونهم ولين» in 3 segment(s): BURHAN:v4p338, ITQAN:v2p499, SAMARRAI-LAMASAT-HALAQAT:p930
quotes 59:12: «لين اخرجوا لا» in 0 segment(s) (hadith, sīra, poetry only): 
quotes 59:12: «اخرجوا لا يخرجون» in 0 segment(s) (hadith, sīra, poetry only): 
quotes 59:12: «لا يخرجون معهم» in 0 segment(s) (hadith, sīra, poetry only): 
quotes 59:12: «يخرجون معهم ولين» in 0 segment(s) (hadith, sīra, poetry only): 
quotes 59:12: «معهم ولين قوتلوا» in 0 segment(s) (hadith, sīra, poetry only): 
quotes 59:12: «ولين قوتلوا لا» in 0 segment(s) (hadith, sīra, poetry only): 
quotes 59:12: «قوتلوا لا ينصرونهم» in 0 segment(s) (hadith, sīra, poetry only): 
quotes 59:12: «لا ينصرونهم ولين» in 0 segment(s) (hadith, sīra, poetry only): 
quotes 59:12: «ينصرونهم ولين نصروهم» in 0 segment(s) (hadith, sīra, poetry only): 
quotes 59:12: «ولين نصروهم ليولن» in 0 segment(s) (hadith, sīra, poetry only): 
quotes 59:12: «نصروهم ليولن الادبار» in 0 segment(s) (hadith, sīra, poetry only): 
quotes 59:12: «ليولن الادبار ثم» in 0 segment(s) (hadith, sīra, poetry only): 
quotes 59:13: 9 unique window(s): لانتم | رهبه | لانتم اشد | اشد رهبه | رهبه في | لانتم اشد رهبه | اشد رهبه في | رهبه في صدورهم | صدورهم من الله
quotes 59:13: «لانتم» in 4 segment(s): BURHAN:v4p334, ITQAN:v2p499, JISHUMI:v1p473, NASHR:v2p152
quotes 59:13: «رهبه» in 3 segment(s): BURHAN:v4p334, IBNQUTAYBA-MUSHKIL:v1p77, ITQAN:v2p499
quotes 59:13: «لانتم اشد رهبه» in 0 segment(s) (hadith, sīra, poetry only): 
quotes 59:13: «اشد رهبه في» in 0 segment(s) (hadith, sīra, poetry only): 
quotes 59:13: «رهبه في صدورهم» in 0 segment(s) (hadith, sīra, poetry only): 
quotes 59:13: «صدورهم من الله» in 0 segment(s): 
quotes 59:14: 36 unique window(s): محصنه | باسهم | تحسبهم | لا يقاتلونكم | يقاتلونكم جميعا | جميعا الا | في قري | قري محصنه | محصنه او | ورا جدر | جدر باسهم | باسهم بينهم | بينهم شديد | شديد تحسبهم | تحسبهم جميعا | جميعا وقلوبهم | وقلوبهم شتي | شتي ذالك | لا يقاتلونكم جميعا | يقاتلونكم جميعا الا | جميعا الا في | الا في قري | في قري محصنه | قري محصنه او | محصنه او من | او من ورا | من ورا جدر | ورا جدر باسهم | جدر باسهم بينهم | باسهم بينهم شديد | بينهم شديد تحسبهم | شديد تحسبهم جميعا | تحسبهم جميعا وقلوبهم | جميعا وقلوبهم شتي | وقلوبهم شتي ذالك | شتي ذالك بانهم
quotes 59:14: «محصنه» in 4 segment(s): BINTSHATI-IJAZ:p191, IBNJAWZI-NUZHA:v1p551, NASHR:v2p73, NASHR:v2p74
quotes 59:14: «باسهم» in 7 segment(s): BINTSHATI-IJAZ:p367, BURHAN:v3p214, DAMGHANI:v1p61, IBNJAWZI-NUZHA:v1p184#2, IBNQUTAYBA-MUSHKIL:v1p273, JURJANI-DALAIL:v1p355, JURJANI-DALAIL:v1p358
quotes 59:14: «تحسبهم» in 11 segment(s): BINTSHATI-IJAZ:p233, BINTSHATI-IJAZ:p367, BURHAN:v2p144, BURHAN:v3p395, DAMGHANI:v1p387, IBNJAWZI-NUZHA:v1p482, ITQAN:v3p307, ITQAN:v4p347, NASHR:v1p279, NASHR:v2p235#2, NASHR:v2p386
quotes 59:14: «لا يقاتلونكم» in 1 segment(s): BINTSHATI-IJAZ:p191
quotes 59:14: «يقاتلونكم جميعا» in 1 segment(s): BINTSHATI-IJAZ:p191
quotes 59:14: «جميعا الا» in 7 segment(s): BINTSHATI-IJAZ:p191, BURHAN:v1p104, IBNQUTAYBA-MUSHKIL:v1p204#2, ITQAN:v2p417, JURJANI-DALAIL:v1p387, RUMMANI:v1p102, SIBAWAYH:وهوقولكمررتبهمالجماءالغفيروالناسفيهاالجماءالغفير|فهذا#171
quotes 59:14: «في قري» in 2 segment(s): BINTSHATI-IJAZ:p191, NASHR:v2p73
quotes 59:14: «ورا جدر» in 2 segment(s): BINTSHATI-IJAZ:p191, BURHAN:v4p290
quotes 59:14: «بينهم شديد» in 4 segment(s): BINTSHATI-IJAZ:p367, DAMGHANI:v1p61, IBNJAWZI-NUZHA:v1p184#2, IBNQUTAYBA-MUSHKIL:v1p273
quotes 59:14: «جميعا وقلوبهم» in 7 segment(s): BINTSHATI-IJAZ:p233, BINTSHATI-IJAZ:p367, BURHAN:v2p144, DAMGHANI:v1p387, IBNJAWZI-NUZHA:v1p482, ITQAN:v3p307, ITQAN:v4p347
quotes 59:14: «وقلوبهم شتي» in 7 segment(s): BINTSHATI-IJAZ:p233, BINTSHATI-IJAZ:p367, BURHAN:v2p144, DAMGHANI:v1p387, IBNJAWZI-NUZHA:v1p482, ITQAN:v3p307, ITQAN:v4p347
quotes 59:14: «شتي ذالك» in 0 segment(s): 
quotes 59:14: «لا يقاتلونكم جميعا» in 0 segment(s) (hadith, sīra, poetry only): 
quotes 59:14: «يقاتلونكم جميعا الا» in 0 segment(s) (hadith, sīra, poetry only): 
quotes 59:14: «جميعا الا في» in 0 segment(s) (hadith, sīra, poetry only): 
quotes 59:14: «الا في قري» in 0 segment(s) (hadith, sīra, poetry only): 
quotes 59:14: «في قري محصنه» in 0 segment(s) (hadith, sīra, poetry only): 
quotes 59:14: «قري محصنه او» in 0 segment(s) (hadith, sīra, poetry only): 
quotes 59:14: «محصنه او من» in 0 segment(s) (hadith, sīra, poetry only): 
quotes 59:14: «او من ورا» in 13 segment(s): BINTSHATI-IJAZ:p173, BINTSHATI-IJAZ:p191, BUKHARI:4855, DAMGHANI:v1p116, HAMASA:v1p350, IBNQUTAYBA-MUSHKIL:v1p41, IBNQUTAYBA-MUSHKIL:v1p70, IBNQUTAYBA-MUSHKIL:v1p74, IBNQUTAYBA-MUSHKIL:v1p267, MUSLIM:439, MUSNAD-AHMAD:24227, SIBAWAYH:(هذابابأو)#478 …
quotes 59:14: «من ورا جدر» in 0 segment(s) (hadith, sīra, poetry only): 
quotes 59:14: «ورا جدر باسهم» in 0 segment(s) (hadith, sīra, poetry only): 
quotes 59:14: «جدر باسهم بينهم» in 0 segment(s) (hadith, sīra, poetry only): 
quotes 59:14: «باسهم بينهم شديد» in 0 segment(s) (hadith, sīra, poetry only): 
quotes 59:14: «بينهم شديد تحسبهم» in 0 segment(s) (hadith, sīra, poetry only): 
quotes 59:14: «شديد تحسبهم جميعا» in 0 segment(s) (hadith, sīra, poetry only): 
quotes 59:14: «تحسبهم جميعا وقلوبهم» in 0 segment(s) (hadith, sīra, poetry only): 
quotes 59:14: «جميعا وقلوبهم شتي» in 0 segment(s) (hadith, sīra, poetry only): 
quotes 59:14: «وقلوبهم شتي ذالك» in 0 segment(s) (hadith, sīra, poetry only): 
quotes 59:14: «شتي ذالك بانهم» in 0 segment(s) (hadith, sīra, poetry only): 
quotes 59:15: 9 unique window(s): كمثل الذين | قبلهم قريبا | قريبا ذاقوا | ذاقوا وبال | كمثل الذين من | من قبلهم قريبا | قبلهم قريبا ذاقوا | قريبا ذاقوا وبال | ذاقوا وبال امرهم
quotes 59:15: «كمثل الذين» in 0 segment(s): 
quotes 59:15: «قبلهم قريبا» in 0 segment(s): 
quotes 59:15: «قريبا ذاقوا» in 0 segment(s): 
quotes 59:15: «ذاقوا وبال» in 0 segment(s): 
quotes 59:15: «كمثل الذين من» in 1 segment(s) (hadith, sīra, poetry only): IBNHISHAM:v2p193#2
quotes 59:15: «من قبلهم قريبا» in 1 segment(s) (hadith, sīra, poetry only): IBNHISHAM:v2p193#2
quotes 59:15: «قبلهم قريبا ذاقوا» in 1 segment(s) (hadith, sīra, poetry only): IBNHISHAM:v2p193#2
quotes 59:15: «قريبا ذاقوا وبال» in 1 segment(s) (hadith, sīra, poetry only): IBNHISHAM:v2p193#2
quotes 59:15: «ذاقوا وبال امرهم» in 1 segment(s) (hadith, sīra, poetry only): IBNHISHAM:v2p193#2
quotes 59:16: 21 unique window(s): كمثل الشيطان | الشيطان اذ | قال للانسان | للانسان اكفر | اكفر فلما | فلما كفر | كفر قال | بري منك | منك اني | كمثل الشيطان اذ | الشيطان اذ قال | اذ قال للانسان | قال للانسان اكفر | للانسان اكفر فلما | اكفر فلما كفر | فلما كفر قال | كفر قال اني | قال اني بري | اني بري منك | بري منك اني | منك اني اخاف
quotes 59:16: «كمثل الشيطان» in 2 segment(s): DAMGHANI:v1p49, IBNJAWZI-NUZHA:v1p178
quotes 59:16: «الشيطان اذ» in 3 segment(s): DAMGHANI:v1p49, IBNJAWZI-NUZHA:v1p178, JISHUMI:v2p1043
quotes 59:16: «قال للانسان» in 3 segment(s): DAMGHANI:v1p49, IBNJAWZI-NUZHA:v1p178, IBNJAWZI-NUZHA:v1p213
quotes 59:16: «للانسان اكفر» in 2 segment(s): DAMGHANI:v1p49, IBNJAWZI-NUZHA:v1p178
quotes 59:16: «اكفر فلما» in 1 segment(s): DAMGHANI:v1p49
quotes 59:16: «فلما كفر» in 1 segment(s): DAMGHANI:v1p49
quotes 59:16: «كفر قال» in 5 segment(s): BURHAN:v2p170, BURHAN:v4p244, ITQAN:v2p403, ITQAN:v4p485#2, ITQAN:v4p505
quotes 59:16: «بري منك» in 0 segment(s): 
quotes 59:16: «منك اني» in 1 segment(s): SIBAWAYH:(هذابابآخرمنأبوابأن)#500
quotes 59:16: «كمثل الشيطان اذ» in 2 segment(s) (hadith, sīra, poetry only): IBNHISHAM:v1p526#3, IBNHISHAM:v2p193#2
quotes 59:16: «الشيطان اذ قال» in 2 segment(s) (hadith, sīra, poetry only): IBNHISHAM:v1p526#3, IBNHISHAM:v2p193#2
quotes 59:16: «اذ قال للانسان» in 2 segment(s) (hadith, sīra, poetry only): IBNHISHAM:v1p526#3, IBNHISHAM:v2p193#2
quotes 59:16: «قال للانسان اكفر» in 2 segment(s) (hadith, sīra, poetry only): IBNHISHAM:v1p526#3, IBNHISHAM:v2p193#2
quotes 59:16: «للانسان اكفر فلما» in 2 segment(s) (hadith, sīra, poetry only): IBNHISHAM:v1p526#3, IBNHISHAM:v2p193#2
quotes 59:16: «اكفر فلما كفر» in 2 segment(s) (hadith, sīra, poetry only): IBNHISHAM:v1p526#3, IBNHISHAM:v2p193#2
quotes 59:16: «فلما كفر قال» in 2 segment(s) (hadith, sīra, poetry only): IBNHISHAM:v1p526#3, IBNHISHAM:v2p193#2
quotes 59:16: «كفر قال اني» in 2 segment(s) (hadith, sīra, poetry only): IBNHISHAM:v1p526#3, IBNHISHAM:v2p193#2
quotes 59:16: «قال اني بري» in 7 segment(s): IBNHISHAM:v1p526#3, IBNHISHAM:v2p193#2, IBNMAJAH:2100, IBNQUTAYBA-MUSHKIL:v1p202, MUSNAD-AHMAD:23010, NASAI:3772, SAMARRAI-ASRAR:r3#4
quotes 59:16: «اني بري منك» in 2 segment(s) (hadith, sīra, poetry only): IBNHISHAM:v1p526#3, IBNHISHAM:v2p193#2
quotes 59:16: «بري منك اني» in 2 segment(s) (hadith, sīra, poetry only): IBNHISHAM:v1p526#3, IBNHISHAM:v2p193#2
quotes 59:16: «منك اني اخاف» in 2 segment(s) (hadith, sīra, poetry only): IBNHISHAM:v1p526#3, IBNHISHAM:v2p193#2
quotes 59:17: 9 unique window(s): عاقبتهما | فكان عاقبتهما | عاقبتهما انهما | انهما في | فكان عاقبتهما انهما | عاقبتهما انهما في | انهما في النار | في النار خالدين | فيها وذالك جزاوا
quotes 59:17: «عاقبتهما» in 1 segment(s): JISHUMI:v1p723
quotes 59:17: «انهما في» in 7 segment(s): DAMGHANI:v1p329, GHARNATI:v1p186, JISHUMI:v1p723, SIBAWAYH:وهيتجريعلىثمانيمجارعلىالنصبوالجروالرفعوالجزموالفتحوالضم#4, SIBAWAYH:(لأنهليسعلىمثالالفعلفيمثلبهولكنهأتملسكونماقبلهومابعده#779, SIBAWAYH:(هذابابماالهمزةفيهفيموضعاللاممنبناتالياءوالواو)#788, SIBAWAYH:هذابابالإدغامفيحروفطرفاللسانوالثنايا#809
quotes 59:17: «فكان عاقبتهما انهما» in 1 segment(s) (hadith, sīra, poetry only): IBNHISHAM:v2p193#2
quotes 59:17: «عاقبتهما انهما في» in 1 segment(s) (hadith, sīra, poetry only): IBNHISHAM:v2p193#2
quotes 59:17: «انهما في النار» in 1 segment(s) (hadith, sīra, poetry only): IBNHISHAM:v2p193#2
quotes 59:17: «في النار خالدين» in 1 segment(s): IBNHISHAM:v2p193#2
quotes 59:17: «فيها وذالك جزاوا» in 0 segment(s): 
quotes 59:18: 11 unique window(s): ولتنظر | الله ولتنظر | ولتنظر نفس | قدمت لغد | لغد واتقوا | اتقوا الله ولتنظر | الله ولتنظر نفس | ولتنظر نفس ما | ما قدمت لغد | قدمت لغد واتقوا | لغد واتقوا الله
quotes 59:18: «ولتنظر» in 5 segment(s): BURHAN:v2p375, BURHAN:v3p12, BURHAN:v4p400, ITQAN:v2p514#2, ITQAN:v3p179
quotes 59:18: «قدمت لغد» in 4 segment(s): BURHAN:v2p375, BURHAN:v3p12, ITQAN:v2p514#2, ITQAN:v3p179
quotes 59:18: «لغد واتقوا» in 2 segment(s): BURHAN:v3p12, ITQAN:v3p179
quotes 59:18: «اتقوا الله ولتنظر» in 5 segment(s) (hadith, sīra, poetry only): IBNHIBBAN:3308, IBNHIBBAN:v8p101#2, MUSLIM:2351, NASAI:2554, RIYAD:171
quotes 59:18: «الله ولتنظر نفس» in 5 segment(s) (hadith, sīra, poetry only): IBNHIBBAN:3308, IBNHIBBAN:v8p101#2, MUSLIM:2351, NASAI:2554, RIYAD:171
quotes 59:18: «ولتنظر نفس ما» in 6 segment(s) (hadith, sīra, poetry only): IBNHIBBAN:3308, IBNHIBBAN:v8p101#2, MUSLIM:2351, MUSNAD-AHMAD:19174, NASAI:2554, RIYAD:171
quotes 59:18: «ما قدمت لغد» in 6 segment(s) (hadith, sīra, poetry only): IBNHIBBAN:3308, IBNHIBBAN:v8p101#2, MUSLIM:2351, MUSNAD-AHMAD:19174, NASAI:2554, RIYAD:171
quotes 59:18: «قدمت لغد واتقوا» in 1 segment(s) (hadith, sīra, poetry only): MUSLIM:2351
quotes 59:18: «لغد واتقوا الله» in 1 segment(s) (hadith, sīra, poetry only): MUSLIM:2351
quotes 59:19: 11 unique window(s): كالذين نسوا | الله فانسيهم | فانسيهم انفسهم | انفسهم اولايك | تكونوا كالذين نسوا | كالذين نسوا الله | نسوا الله فانسيهم | الله فانسيهم انفسهم | فانسيهم انفسهم اولايك | انفسهم اولايك هم | اولايك هم الفاسقون
quotes 59:19: «كالذين نسوا» in 0 segment(s): 
quotes 59:19: «الله فانسيهم» in 0 segment(s): 
quotes 59:19: «فانسيهم انفسهم» in 0 segment(s): 
quotes 59:19: «انفسهم اولايك» in 0 segment(s): 
quotes 59:19: «تكونوا كالذين نسوا» in 0 segment(s) (hadith, sīra, poetry only): 
quotes 59:19: «كالذين نسوا الله» in 0 segment(s) (hadith, sīra, poetry only): 
quotes 59:19: «نسوا الله فانسيهم» in 0 segment(s) (hadith, sīra, poetry only): 
quotes 59:19: «الله فانسيهم انفسهم» in 0 segment(s) (hadith, sīra, poetry only): 
quotes 59:19: «فانسيهم انفسهم اولايك» in 0 segment(s) (hadith, sīra, poetry only): 
quotes 59:19: «انفسهم اولايك هم» in 0 segment(s) (hadith, sīra, poetry only): 
quotes 59:19: «اولايك هم الفاسقون» in 0 segment(s): 
quotes 59:20: 10 unique window(s): يستوي اصحاب | النار واصحاب | واصحاب الجنه | لا يستوي اصحاب | يستوي اصحاب النار | اصحاب النار واصحاب | النار واصحاب الجنه | واصحاب الجنه اصحاب | الجنه اصحاب الجنه | الجنه هم الفايزون
quotes 59:20: «يستوي اصحاب» in 2 segment(s): BURHAN:v1p255, ITQAN:v3p137
quotes 59:20: «النار واصحاب» in 2 segment(s): BURHAN:v1p255, ITQAN:v3p137
quotes 59:20: «واصحاب الجنه» in 2 segment(s): BURHAN:v1p255, ITQAN:v3p137
quotes 59:20: «لا يستوي اصحاب» in 0 segment(s) (hadith, sīra, poetry only): 
quotes 59:20: «يستوي اصحاب النار» in 0 segment(s) (hadith, sīra, poetry only): 
quotes 59:20: «اصحاب النار واصحاب» in 0 segment(s) (hadith, sīra, poetry only): 
quotes 59:20: «النار واصحاب الجنه» in 0 segment(s) (hadith, sīra, poetry only): 
quotes 59:20: «واصحاب الجنه اصحاب» in 0 segment(s) (hadith, sīra, poetry only): 
quotes 59:20: «الجنه اصحاب الجنه» in 2 segment(s): BURHAN:v1p255, ITQAN:v3p137
quotes 59:20: «الجنه هم الفايزون» in 1 segment(s): ITQAN:v3p137
quotes 59:21: 22 unique window(s): لرايته | خاشعا | متصدعا | لو انزلنا | انزلنا هاذا | علي جبل | جبل لرايته | لرايته خاشعا | خاشعا متصدعا | متصدعا من | لو انزلنا هاذا | انزلنا هاذا القران | القران علي جبل | علي جبل لرايته | جبل لرايته خاشعا | لرايته خاشعا متصدعا | خاشعا متصدعا من | متصدعا من خشيه | خشيه الله وتلك | الله وتلك الامثال | نضربها للناس لعلهم | للناس لعلهم يتفكرون
quotes 59:21: «لرايته» in 11 segment(s): BAQILLANI:v1p184, BINTSHATI:v1pdf7, BINTSHATI:v1p19, BINTSHATI-IJAZ:p35, BINTSHATI-IJAZ:p224, BINTSHATI-IJAZ:p229, BURHAN:v2p104, ITQAN:v4p321, JISHUMI:v1p441, JURJANI-DALAIL:v1p56, KHATTABI:v1p70
quotes 59:21: «خاشعا» in 17 segment(s): BAQILLANI:v1p184, BINTSHATI:v1pdf7, BINTSHATI:v1p19, BINTSHATI-IJAZ:p35, BINTSHATI-IJAZ:p224, BINTSHATI-IJAZ:p226, BINTSHATI-IJAZ:p229, BURHAN:v2p104, ITQAN:v4p321, ITQAN:v4p367, JISHUMI:v1p441, KHATTABI:v1p70 …
quotes 59:21: «متصدعا» in 10 segment(s): BAQILLANI:v1p184, BINTSHATI:v1p19, BINTSHATI-IJAZ:p35, BINTSHATI-IJAZ:p224, BINTSHATI-IJAZ:p226, BINTSHATI-IJAZ:p229, BURHAN:v2p104, ITQAN:v4p321, JISHUMI:v1p441, KHATTABI:v1p70
quotes 59:21: «لو انزلنا» in 12 segment(s): BAQILLANI:v1p184, BINTSHATI:v1pdf7, BINTSHATI:v1p19, BINTSHATI-IJAZ:p35, BINTSHATI-IJAZ:p224, BURHAN:v2p104, ITQAN:v4p321, JISHUMI:v1p441, KHATTABI:v1p70, SAMARRAI-LAMASAT-HALAQAT:p644, SAMARRAI-LAMASAT-HALAQAT:p720, SAMARRAI-LAMASAT-HALAQAT:p1079
quotes 59:21: «انزلنا هاذا» in 0 segment(s): 
quotes 59:21: «علي جبل» in 14 segment(s): BAQILLANI:v1p184, BINTSHATI:v1pdf7, BINTSHATI:v1p19, BINTSHATI-IJAZ:p35, BINTSHATI-IJAZ:p224, BURHAN:v2p104, DAMGHANI:v1p253, ITQAN:v4p321, ITQAN:v4p437, ITQAN:v4p439#2, JISHUMI:v1p441, KHATTABI:v1p70 …
quotes 59:21: «لو انزلنا هاذا» in 0 segment(s) (hadith, sīra, poetry only): 
quotes 59:21: «انزلنا هاذا القران» in 0 segment(s) (hadith, sīra, poetry only): 
quotes 59:21: «القران علي جبل» in 0 segment(s) (hadith, sīra, poetry only): 
quotes 59:21: «علي جبل لرايته» in 0 segment(s) (hadith, sīra, poetry only): 
quotes 59:21: «جبل لرايته خاشعا» in 0 segment(s) (hadith, sīra, poetry only): 
quotes 59:21: «لرايته خاشعا متصدعا» in 0 segment(s) (hadith, sīra, poetry only): 
quotes 59:21: «خاشعا متصدعا من» in 0 segment(s) (hadith, sīra, poetry only): 
quotes 59:21: «متصدعا من خشيه» in 0 segment(s) (hadith, sīra, poetry only): 
quotes 59:21: «خشيه الله وتلك» in 4 segment(s): BAQILLANI:v1p184, BINTSHATI:v1p19, BINTSHATI-IJAZ:p35, BINTSHATI-IJAZ:p224
quotes 59:21: «الله وتلك الامثال» in 4 segment(s): BAQILLANI:v1p184, BINTSHATI:v1p19, BINTSHATI-IJAZ:p35, BINTSHATI-IJAZ:p224
quotes 59:21: «نضربها للناس لعلهم» in 6 segment(s): BAQILLANI:v1p184, BINTSHATI:v1pdf7, BINTSHATI:v1p19, BINTSHATI-IJAZ:p35, BINTSHATI-IJAZ:p224, BINTSHATI-IJAZ:p229
quotes 59:21: «للناس لعلهم يتفكرون» in 6 segment(s): BAQILLANI:v1p184, BINTSHATI:v1pdf7, BINTSHATI:v1p19, BINTSHATI-IJAZ:p35, BINTSHATI-IJAZ:p224, BINTSHATI-IJAZ:p229
quotes 59:22: 6 unique window(s): هو عالم | والشهاده هو | الا هو عالم | هو عالم الغيب | الغيب والشهاده هو | والشهاده هو الرحمان
quotes 59:22: «هو عالم» in 3 segment(s): BURHAN:v2p252, JISHUMI:v2p998, JURJANI-DALAIL:v1p176
quotes 59:22: «والشهاده هو» in 0 segment(s): 
quotes 59:22: «الا هو عالم» in 0 segment(s) (hadith, sīra, poetry only): 
quotes 59:22: «هو عالم الغيب» in 0 segment(s) (hadith, sīra, poetry only): 
quotes 59:22: «الغيب والشهاده هو» in 0 segment(s) (hadith, sīra, poetry only): 
quotes 59:22: «والشهاده هو الرحمان» in 0 segment(s) (hadith, sīra, poetry only): 
quotes 59:23: 22 unique window(s): المومن | المهيمن | الجبار | المتكبر | هو الملك | القدوس السلام | السلام المومن | المومن المهيمن | المهيمن العزيز | العزيز الجبار | الجبار المتكبر | المتكبر سبحان | الا هو الملك | هو الملك القدوس | الملك القدوس السلام | القدوس السلام المومن | السلام المومن المهيمن | المومن المهيمن العزيز | المهيمن العزيز الجبار | العزيز الجبار المتكبر | الجبار المتكبر سبحان | المتكبر سبحان الله
NOTE quotes 59:23: window «المومن» in 216 segments, too common alone; the longer windows that contain it are used instead
quotes 59:23: «المهيمن» in 14 segment(s): BAGHAWI-FULL:v1p33, BAQILLANI:v1p134#2, BURHAN:v2p43, BURHAN:v3p473, DAMGHANI:v1p244, IBNKATHIR-FULL:v1p17, IBNQUTAYBA-GHARIB:v1p6#2, IBNQUTAYBA-GHARIB:v1p11, IBNQUTAYBA-GHARIB:v1p13, ITQAN:v1p144, ITQAN:v2p345, ITQAN:v3p242#3 …
NOTE quotes 59:23: window «الجبار» in 63 segments, too common alone; the longer windows that contain it are used instead
quotes 59:23: «المتكبر» in 10 segment(s): BURHAN:v4p201, DAMGHANI:v1p96, DAMGHANI:v1p100, IBNJAWZI-NUZHA:v1p232, IBNJAWZI-NUZHA:v1p521, ITQAN:v2p434#3, ITQAN:v3p242#3, NASAFI-FULL:v1p1, SAMARRAI-ASRAR-MUH:r-123, SAMARRAI-LAMASAT-HALAQAT:p582
quotes 59:23: «هو الملك» in 3 segment(s): ITQAN:v2p405, ITQAN:v3p242#3, ITQAN:v4p388
quotes 59:23: «القدوس السلام» in 5 segment(s): BAQILLANI:v1p134#2, BURHAN:v3p473, IBNJAWZI-NUZHA:v1p145, IBNJAWZI-NUZHA:v1p355, ITQAN:v3p242#3
quotes 59:23: «السلام المومن» in 7 segment(s): BAGHAWI-FULL:v1p33, BAQILLANI:v1p134#2, BURHAN:v3p473, DAMGHANI:v1p244, IBNJAWZI-NUZHA:v1p145, IBNQUTAYBA-GHARIB:v1p6#2, ITQAN:v3p242#3
quotes 59:23: «العزيز الجبار» in 4 segment(s): BURHAN:v3p473, DAMGHANI:v1p96, IBNJAWZI-NUZHA:v1p232, ITQAN:v3p242#3
quotes 59:23: «الا هو الملك» in 0 segment(s) (hadith, sīra, poetry only): 
quotes 59:23: «هو الملك القدوس» in 0 segment(s) (hadith, sīra, poetry only): 
quotes 59:23: «الملك القدوس السلام» in 2 segment(s) (hadith, sīra, poetry only): IBNHIBBAN:808, TIRMIDHI:3507
quotes 59:23: «القدوس السلام المومن» in 2 segment(s) (hadith, sīra, poetry only): IBNHIBBAN:808, TIRMIDHI:3507
quotes 59:23: «السلام المومن المهيمن» in 3 segment(s) (hadith, sīra, poetry only): IBNHIBBAN:808, IBNMAJAH:3861, TIRMIDHI:3507
quotes 59:23: «المومن المهيمن العزيز» in 3 segment(s) (hadith, sīra, poetry only): IBNHIBBAN:808, IBNMAJAH:3861, TIRMIDHI:3507
quotes 59:23: «المهيمن العزيز الجبار» in 3 segment(s) (hadith, sīra, poetry only): IBNHIBBAN:808, IBNMAJAH:3861, TIRMIDHI:3507
quotes 59:23: «العزيز الجبار المتكبر» in 3 segment(s) (hadith, sīra, poetry only): IBNHIBBAN:808, IBNMAJAH:3861, TIRMIDHI:3507
quotes 59:23: «الجبار المتكبر سبحان» in 0 segment(s) (hadith, sīra, poetry only): 
quotes 59:23: «المتكبر سبحان الله» in 0 segment(s) (hadith, sīra, poetry only): 
quotes 59:24: 16 unique window(s): الخالق | الباري | المصور | الله الخالق | الخالق الباري | الباري المصور | المصور له | الحسني يسبح | هو الله الخالق | الله الخالق الباري | الخالق الباري المصور | الباري المصور له | المصور له الاسما | الاسما الحسني يسبح | الحسني يسبح له | يسبح له ما
NOTE quotes 59:24: window «الخالق» in 44 segments, too common alone; the longer windows that contain it are used instead
NOTE quotes 59:24: window «الباري» in 65 segments, too common alone; the longer windows that contain it are used instead
quotes 59:24: «المصور» in 17 segment(s): BINTSHATI-IJAZ:p143, BINTSHATI-IJAZ:p363, BINTSHATI-IJAZ:p364, BINTSHATI-IJAZ:p582, BINTSHATI-IJAZ:p583, BURHAN:v1p170, BURHAN:v1p341, BURHAN:v3p406, BURHAN:v3p473, DAMGHANI:v1p103, ITQAN:v2p353, ITQAN:v3p21#2 …
quotes 59:24: «الله الخالق» in 5 segment(s): BINTSHATI-IJAZ:p582, BURHAN:v1p341, ITQAN:v3p186, SAMARRAI-ASRAR:r5#5, SAMARRAI-LAMASAT-HALAQAT:p890
quotes 59:24: «الخالق الباري» in 8 segment(s): BINTSHATI-IJAZ:p582, BINTSHATI-IJAZ:p583, BURHAN:v1p341, BURHAN:v3p473, ITQAN:v3p186, NASHR:v2p152, SAMARRAI-ASRAR:r5#5, SAMARRAI-LAMASAT-HALAQAT:p890
quotes 59:24: «الحسني يسبح» in 2 segment(s): SAMARRAI-ASRAR:r5#5, SAMARRAI-LAMASAT-HALAQAT:p890
quotes 59:24: «هو الله الخالق» in 0 segment(s) (hadith, sīra, poetry only): 
quotes 59:24: «الله الخالق الباري» in 0 segment(s) (hadith, sīra, poetry only): 
quotes 59:24: «الخالق الباري المصور» in 3 segment(s) (hadith, sīra, poetry only): IBNHIBBAN:808, IBNMAJAH:3861, TIRMIDHI:3507
quotes 59:24: «الباري المصور له» in 0 segment(s) (hadith, sīra, poetry only): 
quotes 59:24: «المصور له الاسما» in 0 segment(s) (hadith, sīra, poetry only): 
quotes 59:24: «الاسما الحسني يسبح» in 0 segment(s) (hadith, sīra, poetry only): 
quotes 59:24: «الحسني يسبح له» in 0 segment(s) (hadith, sīra, poetry only): 
quotes 59:24: «يسبح له ما» in 2 segment(s): SAMARRAI-ASRAR:r5#5, SAMARRAI-LAMASAT-HALAQAT:p890
quotes 87:1: 4 unique window(s): سبح اسم | ربك الاعلي | سبح اسم ربك | اسم ربك الاعلي
quotes 87:1: «سبح اسم» in 22 segment(s): BINTSHATI-IJAZ:p271, BURHAN:v1p65, BURHAN:v1p164#2, BURHAN:v1p180#4, BURHAN:v1p193, BURHAN:v2p296, BURHAN:v2p446, BURHAN:v3p199, BURHAN:v4p170, DAMGHANI:v1p246, IBNJAWZI-NUZHA:v1p627, IBNKATHIR-FULL:v1p49 …
quotes 87:1: «ربك الاعلي» in 20 segment(s): BINTSHATI-IJAZ:p271, BURHAN:v1p65, BURHAN:v1p164#2, BURHAN:v1p180#4, BURHAN:v1p193, BURHAN:v2p296, BURHAN:v2p446, BURHAN:v3p199, BURHAN:v4p170, IBNJAWZI-NUZHA:v1p627, IBNKATHIR-FULL:v1p49, ITQAN:v1p37 …
quotes 87:1: «سبح اسم ربك» in 86 segment(s) (hadith, sīra, poetry only): ABUDAWUD:790, ABUDAWUD:828, ABUDAWUD:829, ABUDAWUD:869, ABUDAWUD:883, ABUDAWUD:1122, ABUDAWUD:1125, ABUDAWUD:1423, BUKHARI:3925, BUKHARI:4941, BUKHARI:4995, BUKHARI:6106 …
quotes 87:1: «اسم ربك الاعلي» in 118 segment(s) (hadith, sīra, poetry only): ABUDAWUD:790, ABUDAWUD:828, ABUDAWUD:829, ABUDAWUD:869, ABUDAWUD:883, ABUDAWUD:1122, ABUDAWUD:1125, ABUDAWUD:1423, BUKHARI:3925, BUKHARI:4941, BUKHARI:6106, IBNHIBBAN:1824 …
quotes 87:2: 2 unique window(s): خلق فسوي | الذي خلق فسوي
quotes 87:2: «خلق فسوي» in 3 segment(s): BINTSHATI-IJAZ:p271, BURHAN:v1p65, BURHAN:v2p446
quotes 87:2: «الذي خلق فسوي» in 0 segment(s) (hadith, sīra, poetry only): 
quotes 87:3: 3 unique window(s): والذي قدر | قدر فهدي | والذي قدر فهدي
quotes 87:3: «والذي قدر» in 7 segment(s): BURHAN:v2p446, DAMGHANI:v1p371, DAMGHANI:v1p475, IBNJAWZI-NUZHA:v1p627, IBNQUTAYBA-MUSHKIL:v1p248, NASHR:v2p399#2, RUMMANI:v1p101
quotes 87:3: «قدر فهدي» in 5 segment(s): BURHAN:v2p446, DAMGHANI:v1p371, DAMGHANI:v1p475, IBNJAWZI-NUZHA:v1p627, IBNQUTAYBA-MUSHKIL:v1p248
quotes 87:3: «والذي قدر فهدي» in 0 segment(s) (hadith, sīra, poetry only): 
quotes 87:4: 4 unique window(s): المرعي | والذي اخرج | اخرج المرعي | والذي اخرج المرعي
quotes 87:4: «المرعي» in 19 segment(s): ALUSI-FULL:v1p21, BINTSHATI-IJAZ:p527, BINTSHATI-IJAZ:p550, BINTSHATI-IJAZ:p551, BINTSHATI-IJAZ:p553, BURHAN:v1p303, BURHAN:v4p295, IBNJAWZI-NUZHA:v1p111, IBNQUTAYBA-MUSHKIL:v1p71, IBNQUTAYBA-MUSHKIL:v1p196, IBNQUTAYBA-MUSHKIL:v1p248, IBNQUTAYBA-MUSHKIL:v1p302#6 …
quotes 87:4: «والذي اخرج» in 2 segment(s): BURHAN:v4p295, ITQAN:v3p34
quotes 87:4: «والذي اخرج المرعي» in 0 segment(s) (hadith, sīra, poetry only): 
quotes 87:5: 4 unique window(s): احوي | فجعله غثا | غثا احوي | فجعله غثا احوي
quotes 87:5: «احوي» in 13 segment(s): BURHAN:v1p303, BURHAN:v3p279, BURHAN:v4p295, BURHAN:v4p297, ITQAN:v2p338#2, ITQAN:v2p528, ITQAN:v3p34, ITQAN:v3p269, SIBAWAYH:وذلكقولكمررتبرجلحسنأبواهوأحسنأبواهوأخارجقومك|فصارهذا#221, SIBAWAYH:(هذابابالإضافةإلىكلاسمآخرهألفمبدلةمنحرفمننفسالكلمةعلى#563, SIBAWAYH:(هذابابتحقيركلاسمكانتعينهواواوكانتالعينثانيةأوثالثة)#622, SIBAWAYH:(هذابابتحقيربناتالياءوالواواللاتيلاماتهنياءاتوواوات)#623 …
quotes 87:5: «فجعله غثا» in 5 segment(s): BURHAN:v3p279, BURHAN:v4p295, BURHAN:v4p297, ITQAN:v3p34, ITQAN:v3p269
quotes 87:5: «فجعله غثا احوي» in 0 segment(s) (hadith, sīra, poetry only): 
quotes 87:6: 4 unique window(s): سنقريك | سنقريك فلا | فلا تنسي | سنقريك فلا تنسي
quotes 87:6: «سنقريك» in 14 segment(s): BURHAN:v1p237, BURHAN:v4p297, BURHAN:v4p353, DAMGHANI:v1p426, DAMGHANI:v1p453, IBNJAWZI-NUZHA:v1p579#2, IBNJAWZI-NUZHA:v1p631#2, ITQAN:v3p265, ITQAN:v4p430, ITQAN:v4p448, NASHR:v1p444, NASHR:v1p445 …
quotes 87:6: «فلا تنسي» in 10 segment(s): BURHAN:v1p237, BURHAN:v4p297, BURHAN:v4p353, DAMGHANI:v1p426, DAMGHANI:v1p453, IBNJAWZI-NUZHA:v1p579#2, IBNJAWZI-NUZHA:v1p631#2, ITQAN:v3p265, ITQAN:v4p430, TAB-FULL:v1p89#2
quotes 87:6: «سنقريك فلا تنسي» in 0 segment(s) (hadith, sīra, poetry only): 
quotes 87:7: 5 unique window(s): الجهر وما | شا الله انه | الله انه يعلم | يعلم الجهر وما | الجهر وما يخفي
quotes 87:7: «الجهر وما» in 0 segment(s): 
quotes 87:7: «شا الله انه» in 0 segment(s): 
quotes 87:7: «الله انه يعلم» in 0 segment(s): 
quotes 87:7: «يعلم الجهر وما» in 0 segment(s) (hadith, sīra, poetry only): 
quotes 87:7: «الجهر وما يخفي» in 0 segment(s) (hadith, sīra, poetry only): 
quotes 87:8: 2 unique window(s): ونيسرك | ونيسرك لليسري
quotes 87:8: «ونيسرك» in 0 segment(s): 
quotes 87:9: 6 unique window(s): نفعت | فذكر ان | ان نفعت | نفعت الذكري | فذكر ان نفعت | ان نفعت الذكري
quotes 87:9: «نفعت» in 3 segment(s): BURHAN:v1p126, IBNJAWZI-NUZHA:v1p129, ITQAN:v2p451#2
quotes 87:9: «فذكر ان» in 14 segment(s): BINTSHATI-IJAZ:p105, IBNJAWZI-NUZHA:v1p129, IBNJAWZI-NUZHA:v1p486, ITQAN:v2p451#2, JURJANI-DALAIL:v1p230, NASHR:v1p298, SAMARRAI-ASRAR:r4#5, SAMARRAI-ASRAR:r5#3, SAMARRAI-ASRAR:r7, SAMARRAI-ASRAR:r10#5, SAMARRAI-ASRAR:r12#3, SAMARRAI-ASRAR:r15#3 …
quotes 87:9: «فذكر ان نفعت» in 0 segment(s) (hadith, sīra, poetry only): 
quotes 87:9: «ان نفعت الذكري» in 0 segment(s) (hadith, sīra, poetry only): 
quotes 87:10: 4 unique window(s): سيذكر | سيذكر من | من يخشي | سيذكر من يخشي
quotes 87:10: «سيذكر» in 3 segment(s): ITQAN:v4p462#2, JISHUMI:v1p519, NASHR:v2p152
quotes 87:10: «من يخشي» in 4 segment(s): BURHAN:v4p144, DAMGHANI:v1p196, JISHUMI:v1p519, JURJANI-DALAIL:v1p524
quotes 87:10: «سيذكر من يخشي» in 0 segment(s) (hadith, sīra, poetry only): 
quotes 87:11: 2 unique window(s): ويتجنبها | ويتجنبها الاشقي
quotes 87:11: «ويتجنبها» in 1 segment(s): JISHUMI:v1p519
quotes 87:12: 4 unique window(s): يصلي النار | النار الكبري | الذي يصلي النار | يصلي النار الكبري
quotes 87:12: «يصلي النار» in 1 segment(s): NASHR:v2p112
quotes 87:12: «النار الكبري» in 1 segment(s): BINTSHATI-IJAZ:p274
quotes 87:12: «الذي يصلي النار» in 0 segment(s) (hadith, sīra, poetry only): 
quotes 87:12: «يصلي النار الكبري» in 0 segment(s) (hadith, sīra, poetry only): 
quotes 87:13: 1 unique window(s): ثم لا يموت
quotes 87:13: «ثم لا يموت» in 1 segment(s): ITQAN:v3p208#3
quotes 87:14: 1 unique window(s): افلح من تزكي
quotes 87:14: «افلح من تزكي» in 9 segment(s): BURHAN:v1p32#2, BURHAN:v4p259, DAMGHANI:v1p218, DAMGHANI:v1p362, ITQAN:v1p106, ITQAN:v2p464#2, ITQAN:v4p535#3, SAMARRAI-LAMASAT:p138, SAMARRAI-LAMASAT:p141
quotes 87:15: 6 unique window(s): فصلي | وذكر اسم | اسم ربه | ربه فصلي | وذكر اسم ربه | اسم ربه فصلي
quotes 87:15: «فصلي» in 18 segment(s): BURHAN:v4p259, DURR-FULL:v1p12, IBNJAWZI-ZAD:v1p3, IBNMUJAHID:v1p58, ITQAN:v1p65, ITQAN:v1p95, ITQAN:v1p106, ITQAN:v1p241, ITQAN:v2p338#2, ITQAN:v2p464#2, ITQAN:v2p564, ITQAN:v4p535#3 …
quotes 87:15: «وذكر اسم» in 9 segment(s): BURHAN:v4p90, BURHAN:v4p259, ITQAN:v1p106, ITQAN:v2p338#2, ITQAN:v2p464#2, ITQAN:v4p535#3, NASHR:v2p112, SAMARRAI-LAMASAT:p138, SAMARRAI-LAMASAT:p141
quotes 87:15: «اسم ربه» in 8 segment(s): BURHAN:v4p259, ITQAN:v1p106, ITQAN:v2p338#2, ITQAN:v2p464#2, ITQAN:v4p535#3, NASHR:v2p112, SAMARRAI-LAMASAT:p138, SAMARRAI-LAMASAT:p141
quotes 87:15: «وذكر اسم ربه» in 0 segment(s) (hadith, sīra, poetry only): 
quotes 87:15: «اسم ربه فصلي» in 0 segment(s) (hadith, sīra, poetry only): 
quotes 87:16: 5 unique window(s): توثرون | بل توثرون | توثرون الحيواه | بل توثرون الحيواه | توثرون الحيواه الدنيا
quotes 87:16: «توثرون» in 4 segment(s): BURHAN:v4p259, ITQAN:v2p464#2, NASHR:v2p7, NASHR:v2p399#2
quotes 87:16: «بل توثرون الحيواه» in 0 segment(s) (hadith, sīra, poetry only): 
quotes 87:16: «توثرون الحيواه الدنيا» in 0 segment(s) (hadith, sīra, poetry only): 
quotes 87:17: 1 unique window(s): والاخره خير وابقي
quotes 87:17: «والاخره خير وابقي» in 2 segment(s): BINTSHATI-IJAZ:p419, BURHAN:v4p172
quotes 87:18: 5 unique window(s): هاذا لفي | لفي الصحف | ان هاذا لفي | هاذا لفي الصحف | لفي الصحف الاولي
quotes 87:18: «هاذا لفي» in 0 segment(s): 
quotes 87:18: «لفي الصحف» in 6 segment(s): BURHAN:v2p38, BURHAN:v4p130, ITQAN:v1p115, ITQAN:v1p144, ITQAN:v3p69, ITQAN:v4p535#3
quotes 87:18: «ان هاذا لفي» in 0 segment(s) (hadith, sīra, poetry only): 
quotes 87:18: «هاذا لفي الصحف» in 0 segment(s) (hadith, sīra, poetry only): 
quotes 87:18: «لفي الصحف الاولي» in 0 segment(s) (hadith, sīra, poetry only): 
quotes 87:19: 2 unique window(s): صحف ابراهيم | صحف ابراهيم وموسي
quotes 87:19: «صحف ابراهيم» in 7 segment(s): BURHAN:v2p38, BURHAN:v3p239#4, ITQAN:v1p114, ITQAN:v3p38, ITQAN:v3p69, ITQAN:v4p535#3, WAHIDI-ASBAB:v1p15
quotes 87:19: «صحف ابراهيم وموسي» in 0 segment(s) (hadith, sīra, poetry only): 
quotes 88:1: 3 unique window(s): الغاشيه | حديث الغاشيه | اتيك حديث الغاشيه
quotes 88:1: «الغاشيه» in 40 segment(s): BINTSHATI-IJAZ:p228, BINTSHATI-IJAZ:p265, BINTSHATI-IJAZ:p408, BINTSHATI-IJAZ:p470, BINTSHATI-IJAZ:p520, BINTSHATI-IJAZ:p596, BURHAN:v1p193, BURHAN:v3p281, BURHAN:v4p235, BURHAN:v4p431, DAMGHANI:v1p35, DAMGHANI:v1p157 …
quotes 88:1: «اتيك حديث الغاشيه» in 0 segment(s) (hadith, sīra, poetry only): 
quotes 88:2: 2 unique window(s): يوميذ خاشعه | وجوه يوميذ خاشعه
quotes 88:2: «يوميذ خاشعه» in 7 segment(s): BINTSHATI-IJAZ:p228, BURHAN:v2p261, BURHAN:v3p281, DAMGHANI:v1p157, ITQAN:v3p98, ITQAN:v3p168, SAMARRAI-LAMASAT:p133
quotes 88:2: «وجوه يوميذ خاشعه» in 0 segment(s) (hadith, sīra, poetry only): 
quotes 88:3: 3 unique window(s): عامله | ناصبه | عامله ناصبه
quotes 88:3: «عامله» in 33 segment(s): BAQILLANI:v1p66, BINTSHATI-IJAZ:p228, BURHAN:v2p261, BURHAN:v2p400, BURHAN:v2p458, BURHAN:v3p10, BURHAN:v3p281, BURHAN:v4p152, BURHAN:v4p187, BURHAN:v4p188, BURHAN:v4p205, BURHAN:v4p215 …
quotes 88:3: «ناصبه» in 8 segment(s): BINTSHATI-IJAZ:p228, BURHAN:v2p261, BURHAN:v3p281, BURHAN:v4p225, ITQAN:v2p438, ITQAN:v3p98, SIBAWAYH:ولايجوزذلكإلاأنتعيدلاالثانيةمنقبلأنهجوابلقولهأغلامعندك#363, SIBAWAYH:وذلكلأنهالحقتماقدعملفيهغيرهاكماأنهاإذالحقتالأفعالالتي#367
quotes 88:4: 4 unique window(s): تصلي | تصلي نارا | نارا حاميه | تصلي نارا حاميه
quotes 88:4: «تصلي» in 13 segment(s): BAQILLANI:v1p105, BINTSHATI-IJAZ:p228, BINTSHATI-IJAZ:p408, DAMGHANI:v1p84, DAMGHANI:v1p392, IBNJINNI-MUHTASAB:v1p31, IBNQUTAYBA-MUSHKIL:v1p150, ITQAN:v1p95, ITQAN:v4p406, JISHUMI:v1p643, JISHUMI:v1p914, NASHR:v2p111 …
quotes 88:4: «نارا حاميه» in 2 segment(s): BINTSHATI-IJAZ:p228, BINTSHATI-IJAZ:p408
quotes 88:4: «تصلي نارا حاميه» in 0 segment(s) (hadith, sīra, poetry only): 
quotes 88:5: 5 unique window(s): تسقي من | من عين | عين انيه | تسقي من عين | من عين انيه
quotes 88:5: «تسقي من» in 1 segment(s): BINTSHATI-IJAZ:p408
quotes 88:5: «من عين» in 9 segment(s): BINTSHATI-IJAZ:p155, BINTSHATI-IJAZ:p408, ITQAN:v1p162, ITQAN:v1p247, ITQAN:v2p397, JURJANI-DALAIL:v1p326, NASHR:v2p18, SAMARRAI-ASRAR:r7#8, SAMARRAI-LAMASAT-HALAQAT:p44
quotes 88:5: «عين انيه» in 2 segment(s): BINTSHATI-IJAZ:p408, ITQAN:v2p397
quotes 88:5: «تسقي من عين» in 0 segment(s) (hadith, sīra, poetry only): 
quotes 88:5: «من عين انيه» in 0 segment(s) (hadith, sīra, poetry only): 
quotes 88:6: 6 unique window(s): ضريع | لهم طعام | من ضريع | ليس لهم طعام | لهم طعام الا | الا من ضريع
quotes 88:6: «ضريع» in 7 segment(s): BURHAN:v3p51, BURHAN:v4p396, IBNQUTAYBA-MUSHKIL:v1p25, IBNQUTAYBA-MUSHKIL:v1p47, ITQAN:v2p338#3, ITQAN:v2p512#3, MAJAZ:v2p426#2
quotes 88:6: «لهم طعام» in 5 segment(s): BURHAN:v3p51, BURHAN:v4p396, IBNQUTAYBA-MUSHKIL:v1p25, IBNQUTAYBA-MUSHKIL:v1p47, ITQAN:v2p512#3
quotes 88:6: «ليس لهم طعام» in 2 segment(s) (hadith, sīra, poetry only): MUSNAD-AHMAD:2735, TIRMIDHI:2987
quotes 88:6: «لهم طعام الا» in 1 segment(s) (hadith, sīra, poetry only): MUSNAD-AHMAD:2735
quotes 88:6: «الا من ضريع» in 0 segment(s) (hadith, sīra, poetry only): 
quotes 88:7: 6 unique window(s): يسمن | لا يسمن | يسمن ولا | لا يسمن ولا | يسمن ولا يغني | يغني من جوع
quotes 88:7: «يسمن» in 1 segment(s): IBNQUTAYBA-MUSHKIL:v1p48
quotes 88:7: «لا يسمن ولا» in 1 segment(s) (hadith, sīra, poetry only): TIRMIDHI:2586
quotes 88:7: «يسمن ولا يغني» in 1 segment(s) (hadith, sīra, poetry only): TIRMIDHI:2586
quotes 88:7: «يغني من جوع» in 1 segment(s): TIRMIDHI:2586
quotes 88:8: 3 unique window(s): ناعمه | يوميذ ناعمه | وجوه يوميذ ناعمه
quotes 88:8: «ناعمه» in 7 segment(s): BURHAN:v2p261, BURHAN:v3p209, BURHAN:v3p281, BURHAN:v3p444, ITQAN:v3p98, ITQAN:v3p168, NASHR:v2p25
quotes 88:8: «وجوه يوميذ ناعمه» in 0 segment(s) (hadith, sīra, poetry only): 
quotes 88:9: 2 unique window(s): لسعيها | لسعيها راضيه
quotes 88:9: «لسعيها» in 0 segment(s): 
quotes 88:10: 0 unique window(s): 
quotes 88:11: 5 unique window(s): لاغيه | تسمع فيها | فيها لاغيه | لا تسمع فيها | تسمع فيها لاغيه
quotes 88:11: «لاغيه» in 3 segment(s): BINTSHATI-IJAZ:p520, MAJAZ:v2p440#2, NASHR:v2p399#2
quotes 88:11: «تسمع فيها» in 2 segment(s): BINTSHATI-IJAZ:p520, NASHR:v2p399#2
quotes 88:11: «لا تسمع فيها» in 0 segment(s) (hadith, sīra, poetry only): 
quotes 88:11: «تسمع فيها لاغيه» in 0 segment(s) (hadith, sīra, poetry only): 
quotes 88:12: 4 unique window(s): جاريه | فيها عين | عين جاريه | فيها عين جاريه
NOTE quotes 88:12: window «جاريه» in 59 segments, too common alone; the longer windows that contain it are used instead
quotes 88:12: «فيها عين» in 2 segment(s): BINTSHATI-IJAZ:p520, ITQAN:v2p561
quotes 88:12: «عين جاريه» in 1 segment(s): BINTSHATI-IJAZ:p520
quotes 88:12: «فيها عين جاريه» in 0 segment(s) (hadith, sīra, poetry only): 
quotes 88:13: 3 unique window(s): فيها سرر | سرر مرفوعه | فيها سرر مرفوعه
quotes 88:13: «فيها سرر» in 6 segment(s): BINTSHATI-IJAZ:p265, BINTSHATI-IJAZ:p520, BURHAN:v1p75, BURHAN:v3p456, BURHAN:v4p22#2, ITQAN:v3p278#2
quotes 88:13: «سرر مرفوعه» in 7 segment(s): BINTSHATI-IJAZ:p265, BINTSHATI-IJAZ:p520, BURHAN:v1p75, BURHAN:v1p126, BURHAN:v3p456, BURHAN:v4p22#2, ITQAN:v3p278#2
quotes 88:13: «فيها سرر مرفوعه» in 0 segment(s) (hadith, sīra, poetry only): 
quotes 88:14: 2 unique window(s): موضوعه | واكواب موضوعه
NOTE quotes 88:14: window «موضوعه» in 60 segments, too common alone; the longer windows that contain it are used instead
quotes 88:14: «واكواب موضوعه» in 7 segment(s): BINTSHATI-IJAZ:p265, BINTSHATI-IJAZ:p520, BURHAN:v1p75, BURHAN:v1p126, BURHAN:v3p456, BURHAN:v4p22#2, ITQAN:v3p278#2
quotes 88:15: 2 unique window(s): ونمارق | ونمارق مصفوفه
quotes 88:15: «ونمارق» in 7 segment(s): BINTSHATI-IJAZ:p265, BINTSHATI-IJAZ:p520, BURHAN:v1p75, BURHAN:v1p126, BURHAN:v4p22#2, ITQAN:v2p338#3, ITQAN:v3p278#2
quotes 88:16: 3 unique window(s): وزرابي | مبثوثه | وزرابي مبثوثه
quotes 88:16: «وزرابي» in 7 segment(s): BINTSHATI-IJAZ:p265, BINTSHATI-IJAZ:p520, BURHAN:v1p75, BURHAN:v1p126, BURHAN:v4p22#2, ITQAN:v3p278#2, JISHUMI:v1p703#2
quotes 88:16: «مبثوثه» in 12 segment(s): BAQILLANI:v1p204, BINTSHATI-IJAZ:p265, BINTSHATI-IJAZ:p296, BINTSHATI-IJAZ:p520, BURHAN:v1p75, BURHAN:v1p126, BURHAN:v4p22#2, IBNASHUR-FULL:v1p58, ITQAN:v3p278#2, JISHUMI:v1p703#2, MAJAZ:v2p402#2, NASHR:v2p82
quotes 88:17: 9 unique window(s): افلا ينظرون | ينظرون الي | الي الابل | الابل كيف | كيف خلقت | افلا ينظرون الي | ينظرون الي الابل | الي الابل كيف | الابل كيف خلقت
quotes 88:17: «افلا ينظرون» in 4 segment(s): BURHAN:v1p45, DAMGHANI:v1p456, IBNJAWZI-NUZHA:v1p587, IBNQUTAYBA-GHARIB:v1p3
quotes 88:17: «ينظرون الي» in 9 segment(s): BURHAN:v1p45, DAMGHANI:v1p456, IBNJAWZI-NUZHA:v1p587, IBNQUTAYBA-GHARIB:v1p3, JURJANI-ASRAR:v1p291, JURJANI-DALAIL:v1p369, SAMARRAI-ASRAR-MUH:p20, SAMARRAI-LAMASAT-HALAQAT:p471, SAMARRAI-LAMASAT-HALAQAT:p797
quotes 88:17: «الي الابل» in 5 segment(s): BURHAN:v1p45, DAMGHANI:v1p456, IBNJAWZI-NUZHA:v1p587, IBNQUTAYBA-GHARIB:v1p3, JURJANI-DALAIL:v1p228
quotes 88:17: «الابل كيف» in 4 segment(s): BURHAN:v1p45, DAMGHANI:v1p456, IBNJAWZI-NUZHA:v1p587, IBNQUTAYBA-GHARIB:v1p3
quotes 88:17: «كيف خلقت» in 4 segment(s): BURHAN:v1p45, DAMGHANI:v1p456, IBNJAWZI-NUZHA:v1p587, IBNQUTAYBA-GHARIB:v1p3
quotes 88:17: «افلا ينظرون الي» in 1 segment(s) (hadith, sīra, poetry only): RIYAD:1.9
quotes 88:17: «ينظرون الي الابل» in 1 segment(s) (hadith, sīra, poetry only): RIYAD:1.9
quotes 88:17: «الي الابل كيف» in 1 segment(s) (hadith, sīra, poetry only): RIYAD:1.9
quotes 88:17: «الابل كيف خلقت» in 1 segment(s) (hadith, sīra, poetry only): RIYAD:1.9
quotes 88:18: 5 unique window(s): رفعت | والي السما | كيف رفعت | والي السما كيف | السما كيف رفعت
NOTE quotes 88:18: window «رفعت» in 81 segments, too common alone; the longer windows that contain it are used instead
quotes 88:18: «والي السما» in 2 segment(s): BURHAN:v1p45, NASHR:v1p464
quotes 88:18: «كيف رفعت» in 3 segment(s): BURHAN:v1p45, ITQAN:v4p536#3, NASHR:v2p409
quotes 88:18: «والي السما كيف» in 0 segment(s) (hadith, sīra, poetry only): 
quotes 88:18: «السما كيف رفعت» in 0 segment(s) (hadith, sīra, poetry only): 
quotes 88:19: 6 unique window(s): نصبت | والي الجبال | الجبال كيف | كيف نصبت | والي الجبال كيف | الجبال كيف نصبت
NOTE quotes 88:19: window «نصبت» in 67 segments, too common alone; the longer windows that contain it are used instead
quotes 88:19: «والي الجبال» in 1 segment(s): NASHR:v2p182
quotes 88:19: «الجبال كيف» in 0 segment(s): 
quotes 88:19: «كيف نصبت» in 0 segment(s): 
quotes 88:19: «والي الجبال كيف» in 1 segment(s) (hadith, sīra, poetry only): RIYAD:1.9
quotes 88:19: «الجبال كيف نصبت» in 1 segment(s) (hadith, sīra, poetry only): RIYAD:1.9
quotes 88:20: 6 unique window(s): سطحت | والي الارض | الارض كيف | كيف سطحت | والي الارض كيف | الارض كيف سطحت
quotes 88:20: «سطحت» in 1 segment(s): MAJAZ:v2p419
quotes 88:20: «والي الارض» in 0 segment(s): 
quotes 88:20: «الارض كيف» in 0 segment(s): 
quotes 88:20: «والي الارض كيف» in 1 segment(s) (hadith, sīra, poetry only): RIYAD:1.9
quotes 88:20: «الارض كيف سطحت» in 1 segment(s) (hadith, sīra, poetry only): RIYAD:1.9
quotes 88:21: 5 unique window(s): مذكر | فذكر انما | انت مذكر | فذكر انما انت | انما انت مذكر
NOTE quotes 88:21: window «مذكر» in 56 segments, too common alone; the longer windows that contain it are used instead
quotes 88:21: «فذكر انما» in 1 segment(s): DAMGHANI:v1p180
quotes 88:21: «انت مذكر» in 2 segment(s): DAMGHANI:v1p180, JURJANI-DALAIL:v1p268
quotes 88:21: «فذكر انما انت» in 2 segment(s) (hadith, sīra, poetry only): MUSNAD-AHMAD:14209, RIYAD:1.9
quotes 88:21: «انما انت مذكر» in 4 segment(s) (hadith, sīra, poetry only): MUSLIM:127, MUSNAD-AHMAD:14209, RIYAD:1.9, TIRMIDHI:3341
quotes 88:22: 4 unique window(s): بمصيطر | لست عليهم | عليهم بمصيطر | لست عليهم بمصيطر
quotes 88:22: «بمصيطر» in 4 segment(s): BURHAN:v4p235, ITQAN:v2p338#3, JURJANI-DALAIL:v1p268, NASHR:v2p377#2
quotes 88:22: «لست عليهم» in 2 segment(s): BURHAN:v4p235, JURJANI-DALAIL:v1p268
quotes 88:22: «لست عليهم بمصيطر» in 0 segment(s) (hadith, sīra, poetry only): 
quotes 88:23: 3 unique window(s): تولي وكفر | الا من تولي | من تولي وكفر
quotes 88:23: «تولي وكفر» in 2 segment(s): BURHAN:v4p235, IBNJAWZI-NUZHA:v1p123
quotes 88:23: «الا من تولي» in 2 segment(s): BURHAN:v4p235, IBNJAWZI-NUZHA:v1p123
quotes 88:23: «من تولي وكفر» in 0 segment(s) (hadith, sīra, poetry only): 
quotes 88:24: 4 unique window(s): فيعذبه الله | الله العذاب | فيعذبه الله العذاب | الله العذاب الاكبر
quotes 88:24: «فيعذبه الله» in 0 segment(s): 
quotes 88:24: «الله العذاب» in 0 segment(s): 
quotes 88:24: «فيعذبه الله العذاب» in 0 segment(s) (hadith, sīra, poetry only): 
quotes 88:24: «الله العذاب الاكبر» in 0 segment(s) (hadith, sīra, poetry only): 
quotes 88:25: 4 unique window(s): ايابهم | ان الينا | الينا ايابهم | ان الينا ايابهم
quotes 88:25: «ايابهم» in 11 segment(s): BINTSHATI-IJAZ:p469, BINTSHATI-IJAZ:p470, BINTSHATI-IJAZ:p471, BURHAN:v3p236, ITQAN:v1p296#3, ITQAN:v2p364, ITQAN:v3p278#2, NASHR:v2p399#2, SAMARRAI-ASRAR:r4, SAMARRAI-ASRAR-MUH:p26, SAMARRAI-LAMASAT-HALAQAT:p477
quotes 88:25: «ان الينا» in 11 segment(s): BINTSHATI-IJAZ:p469, BINTSHATI-IJAZ:p470, BINTSHATI-IJAZ:p471, BURHAN:v1p305, BURHAN:v3p236, ITQAN:v1p296#3, ITQAN:v2p535, ITQAN:v3p278#2, SAMARRAI-ASRAR:r4, SAMARRAI-ASRAR-MUH:p26, SAMARRAI-LAMASAT-HALAQAT:p477
quotes 88:25: «ان الينا ايابهم» in 0 segment(s) (hadith, sīra, poetry only): 
quotes 88:26: 2 unique window(s): علينا حسابهم | ان علينا حسابهم
quotes 88:26: «علينا حسابهم» in 10 segment(s): BINTSHATI-IJAZ:p470, BURHAN:v3p236, BURHAN:v4p284, IBNQUTAYBA-MUSHKIL:v1p276, ITQAN:v1p296#3, ITQAN:v2p478, ITQAN:v3p278#2, SAMARRAI-ASRAR:r4, SAMARRAI-ASRAR-MUH:p26, SAMARRAI-LAMASAT-HALAQAT:p477
quotes 88:26: «ان علينا حسابهم» in 0 segment(s) (hadith, sīra, poetry only): 
quotes 89:1: 1 unique window(s): والفجر
quotes 89:1: «والفجر» in 39 segment(s): ALUSI-FULL:v1p25, BAQILLANI:v1p277, BINTSHATI-IJAZ:p154, BINTSHATI-IJAZ:p244, BINTSHATI-IJAZ:p245, BINTSHATI-IJAZ:p260, BINTSHATI-IJAZ:p269, BINTSHATI-IJAZ:p482, BURHAN:v1p72, BURHAN:v1p100, BURHAN:v1p147, BURHAN:v1p179#2 …
quotes 89:2: 2 unique window(s): وليال | وليال عشر
quotes 89:2: «وليال» in 11 segment(s): BAQILLANI:v1p153, BINTSHATI-IJAZ:p244, BINTSHATI-IJAZ:p245, BINTSHATI-IJAZ:p269, BURHAN:v1p72, DAMGHANI:v1p350, ITQAN:v2p520#2, ITQAN:v4p470, NASHR:v2p136, SIBAWAYH:(هذابابماجاءمعدولاعنحدهمنالمؤنث)#547, SIBAWAYH:(هذابابماجاءبناءجمعهعلىغيرمايكونفيمثلهولميكسرهوعلى#662
quotes 89:3: 3 unique window(s): والشفع | والوتر | والشفع والوتر
quotes 89:3: «والشفع» in 7 segment(s): BINTSHATI-IJAZ:p244, BINTSHATI-IJAZ:p269, BURHAN:v1p72, DAMGHANI:v1p266, ITQAN:v4p470, ITQAN:v4p535#4, JISHUMI:v1p576
quotes 89:3: «والوتر» in 10 segment(s): BINTSHATI-IJAZ:p244, BINTSHATI-IJAZ:p269, BURHAN:v1p72, DAMGHANI:v1p266, ITQAN:v4p340#2, ITQAN:v4p470, ITQAN:v4p535#4, JISHUMI:v2p960, SAMARRAI-LAMASAT:p151, SAMARRAI-LAMASAT-HALAQAT:p54
quotes 89:4: 2 unique window(s): اذا يسر | واليل اذا يسر
quotes 89:4: «اذا يسر» in 18 segment(s): BINTSHATI-IJAZ:p244, BINTSHATI-IJAZ:p269, BINTSHATI-IJAZ:p305, BINTSHATI-IJAZ:p433, BURHAN:v1p53, BURHAN:v1p62, BURHAN:v1p72, BURHAN:v1p402, BURHAN:v3p106, BURHAN:v3p212, BURHAN:v4p194, BURHAN:v4p207 …
quotes 89:4: «واليل اذا يسر» in 0 segment(s) (hadith, sīra, poetry only): 
quotes 89:5: 8 unique window(s): هل في | ذالك قسم | قسم لذي | لذي حجر | هل في ذالك | في ذالك قسم | ذالك قسم لذي | قسم لذي حجر
quotes 89:5: «هل في» in 22 segment(s): BINTSHATI-IJAZ:p223, BINTSHATI-IJAZ:p244, BINTSHATI-IJAZ:p269, BURHAN:v1p10, BURHAN:v2p74, BURHAN:v2p331, BURHAN:v4p431, DAMGHANI:v1p116, IBNJAWZI-NUZHA:v1p247, IBNJAWZI-NUZHA:v1p623, IBNJAWZI-NUZHA:v1p625, ITQAN:v1p25 …
quotes 89:5: «ذالك قسم» in 0 segment(s): 
quotes 89:5: «قسم لذي» in 9 segment(s): BINTSHATI-IJAZ:p223, BINTSHATI-IJAZ:p244, BINTSHATI-IJAZ:p270, BURHAN:v2p331, BURHAN:v4p431, DAMGHANI:v1p116, IBNJAWZI-NUZHA:v1p247, IBNJAWZI-NUZHA:v1p625, ITQAN:v3p212
quotes 89:5: «لذي حجر» in 9 segment(s): BINTSHATI-IJAZ:p223, BINTSHATI-IJAZ:p244, BINTSHATI-IJAZ:p270, BURHAN:v2p331, BURHAN:v4p431, DAMGHANI:v1p116, IBNJAWZI-NUZHA:v1p247, IBNJAWZI-NUZHA:v1p625, ITQAN:v3p212
quotes 89:5: «هل في ذالك» in 0 segment(s) (hadith, sīra, poetry only): 
quotes 89:5: «في ذالك قسم» in 0 segment(s) (hadith, sīra, poetry only): 
quotes 89:5: «ذالك قسم لذي» in 0 segment(s) (hadith, sīra, poetry only): 
quotes 89:5: «قسم لذي حجر» in 0 segment(s) (hadith, sīra, poetry only): 
quotes 89:6: 3 unique window(s): بعاد | ربك بعاد | فعل ربك بعاد
quotes 89:6: «بعاد» in 7 segment(s): BINTSHATI-IJAZ:p270, BINTSHATI-IJAZ:p571, BURHAN:v3p147, BURHAN:v4p83, ITQAN:v2p570, JISHUMI:v1p628, SIBAWAYH:(هذابابتكسيركماكانمامنالصفاتعددحروفهأربعةأحرف)#669
quotes 89:6: «فعل ربك بعاد» in 0 segment(s) (hadith, sīra, poetry only): 
quotes 89:7: 4 unique window(s): العماد | ارم ذات | ذات العماد | ارم ذات العماد
quotes 89:7: «العماد» in 15 segment(s): BAQILLANI:v1p185, BINTSHATI-IJAZ:p112, BINTSHATI-IJAZ:p270, BINTSHATI-IJAZ:p571, BURHAN:v1p475#3, BURHAN:v1p476, BURHAN:v1p483, BURHAN:v3p147, FARRA:v1p482#2, ITQAN:v1p298, ITQAN:v4p440, MAJAZ:v1p1#39 …
quotes 89:7: «ارم ذات» in 3 segment(s): BINTSHATI-IJAZ:p270, BINTSHATI-IJAZ:p571, NASHR:v2p96
quotes 89:7: «ارم ذات العماد» in 0 segment(s) (hadith, sīra, poetry only): 
quotes 89:8: 8 unique window(s): التي لم | لم يخلق | يخلق مثلها | مثلها في | التي لم يخلق | لم يخلق مثلها | يخلق مثلها في | مثلها في البلاد
NOTE quotes 89:8: window «التي لم» in 44 segments, too common alone; the longer windows that contain it are used instead
quotes 89:8: «لم يخلق» in 9 segment(s): BINTSHATI-IJAZ:p270, BINTSHATI-IJAZ:p571, BURHAN:v2p67, BURHAN:v4p32, IBNJAWZI-NUZHA:v1p283, ITQAN:v2p549, JISHUMI:v2p1068, SAMARRAI-ASRAR:r12, YKHULI-TAJDID:c1
quotes 89:8: «يخلق مثلها» in 3 segment(s): BINTSHATI-IJAZ:p270, BINTSHATI-IJAZ:p571, IBNJAWZI-NUZHA:v1p283
NOTE quotes 89:8: window «مثلها في» in 161 segments, too common alone; the longer windows that contain it are used instead
quotes 89:8: «التي لم يخلق» in 0 segment(s) (hadith, sīra, poetry only): 
quotes 89:8: «لم يخلق مثلها» in 0 segment(s) (hadith, sīra, poetry only): 
quotes 89:8: «يخلق مثلها في» in 0 segment(s) (hadith, sīra, poetry only): 
quotes 89:8: «مثلها في البلاد» in 3 segment(s): BINTSHATI-IJAZ:p270, BINTSHATI-IJAZ:p571, IBNJAWZI-NUZHA:v1p283
quotes 89:9: 9 unique window(s): جابوا | الصخر | وثمود الذين | الذين جابوا | جابوا الصخر | الصخر بالواد | وثمود الذين جابوا | الذين جابوا الصخر | جابوا الصخر بالواد
quotes 89:9: «جابوا» in 9 segment(s): BINTSHATI-IJAZ:p270, BINTSHATI-IJAZ:p354, BINTSHATI-IJAZ:p571, BINTSHATI-IJAZ:p572, BINTSHATI-IJAZ:p573, ITQAN:v2p373, JISHUMI:v1p770#2, MAJAZ:v2p406#2, YKHULI-TAJDID:c2
quotes 89:9: «الصخر» in 14 segment(s): BAQILLANI:v1p181, BINTSHATI-IJAZ:p226, BINTSHATI-IJAZ:p270, BINTSHATI-IJAZ:p354, BINTSHATI-IJAZ:p571, BINTSHATI-IJAZ:p572, BINTSHATI-IJAZ:p573, IBNJINNI-MUHTASAB:v1p18, IBNQUTAYBA-MUSHKIL:v1p73, ITQAN:v2p373, JISHUMI:v1p770#2, JURJANI-ASRAR:v1p343 …
quotes 89:9: «وثمود الذين» in 4 segment(s): BINTSHATI-IJAZ:p270, BINTSHATI-IJAZ:p354, BINTSHATI-IJAZ:p571, YKHULI-TAJDID:c2
quotes 89:9: «وثمود الذين جابوا» in 1 segment(s) (hadith, sīra, poetry only): RIYAD:171
quotes 89:9: «الذين جابوا الصخر» in 1 segment(s) (hadith, sīra, poetry only): RIYAD:171
quotes 89:9: «جابوا الصخر بالواد» in 1 segment(s) (hadith, sīra, poetry only): RIYAD:171
quotes 89:10: 3 unique window(s): وفرعون ذي | ذي الاوتاد | وفرعون ذي الاوتاد
quotes 89:10: «وفرعون ذي» in 2 segment(s): BINTSHATI-IJAZ:p270, BINTSHATI-IJAZ:p571
quotes 89:10: «ذي الاوتاد» in 2 segment(s): BINTSHATI-IJAZ:p270, BINTSHATI-IJAZ:p571
quotes 89:10: «وفرعون ذي الاوتاد» in 0 segment(s) (hadith, sīra, poetry only): 
quotes 89:11: 5 unique window(s): طغوا | الذين طغوا | طغوا في | الذين طغوا في | طغوا في البلاد
quotes 89:11: «طغوا» in 2 segment(s): BINTSHATI-IJAZ:p571, SIBAWAYH:وذلكقولكأقائماوقدقعدالناسوأقاعداوقدسارالركب|وكذلكإنأردت#143
quotes 89:11: «الذين طغوا في» in 0 segment(s) (hadith, sīra, poetry only): 
quotes 89:11: «طغوا في البلاد» in 0 segment(s) (hadith, sīra, poetry only): 
quotes 89:12: 4 unique window(s): فاكثروا | فاكثروا فيها | فيها الفساد | فاكثروا فيها الفساد
quotes 89:12: «فاكثروا» in 5 segment(s): BAQILLANI:v1p96, BINTSHATI-IJAZ:p571, BURHAN:v1p219, IBNATIYYA-FULL:v1p58, JISHUMI:v2p1079
quotes 89:12: «فيها الفساد» in 2 segment(s): BINTSHATI-IJAZ:p571, IBNJAWZI-NUZHA:v1p639
quotes 89:12: «فاكثروا فيها الفساد» in 0 segment(s) (hadith, sīra, poetry only): 
quotes 89:13: 7 unique window(s): فصب عليهم | عليهم ربك | ربك سوط | سوط عذاب | فصب عليهم ربك | عليهم ربك سوط | ربك سوط عذاب
quotes 89:13: «فصب عليهم» in 4 segment(s): BINTSHATI-IJAZ:p571, BURHAN:v3p444, IBNQUTAYBA-MUSHKIL:v1p97, ITQAN:v3p125
quotes 89:13: «عليهم ربك» in 4 segment(s): BINTSHATI-IJAZ:p571, BURHAN:v3p444, IBNQUTAYBA-MUSHKIL:v1p97, ITQAN:v3p125
quotes 89:13: «ربك سوط» in 4 segment(s): BINTSHATI-IJAZ:p571, BURHAN:v3p444, IBNQUTAYBA-MUSHKIL:v1p97, ITQAN:v3p125
quotes 89:13: «سوط عذاب» in 4 segment(s): BINTSHATI-IJAZ:p571, BURHAN:v3p444, IBNQUTAYBA-MUSHKIL:v1p97, ITQAN:v3p125
quotes 89:13: «فصب عليهم ربك» in 0 segment(s) (hadith, sīra, poetry only): 
quotes 89:13: «عليهم ربك سوط» in 0 segment(s) (hadith, sīra, poetry only): 
quotes 89:13: «ربك سوط عذاب» in 0 segment(s) (hadith, sīra, poetry only): 
quotes 89:14: 3 unique window(s): لبالمرصاد | ربك لبالمرصاد | ان ربك لبالمرصاد
quotes 89:14: «لبالمرصاد» in 4 segment(s): BINTSHATI-IJAZ:p571, BURHAN:v4p334, ITQAN:v2p338#4, ITQAN:v4p460
quotes 89:14: «ان ربك لبالمرصاد» in 4 segment(s) (hadith, sīra, poetry only): RIYAD:1.5, RIYAD:1.68, RIYAD:18.263, RIYAD:18.290
quotes 89:15: 15 unique window(s): فاكرمه | اكرمن | فاما الانسان | ابتليه ربه | ربه فاكرمه | فاكرمه ونعمه | ونعمه فيقول | ربي اكرمن | فاما الانسان اذا | ما ابتليه ربه | ابتليه ربه فاكرمه | ربه فاكرمه ونعمه | فاكرمه ونعمه فيقول | ونعمه فيقول ربي | فيقول ربي اكرمن
quotes 89:15: «فاكرمه» in 12 segment(s): BURHAN:v2p326, BURHAN:v4p39, DAMGHANI:v1p403, DAMGHANI:v1p460, IBNJAWZI-NUZHA:v1p129, IBNJAWZI-NUZHA:v1p181, IBNJAWZI-NUZHA:v1p521, IBNQUTAYBA-MUSHKIL:v1p269, RAZI-FULL:v1p67#2, SAMARRAI-LAMASAT-HALAQAT:p891, SIBAWAYH:(هذابابماينصبفىالألف)#57, ZAJJAJ:v1p52
quotes 89:15: «اكرمن» in 9 segment(s): BURHAN:v1p400, IBNJAWZI-NUZHA:v1p181, IBNJAWZI-NUZHA:v1p521, ITQAN:v4p446, NASHR:v2p182, NASHR:v2p191, NASHR:v2p399#2, SAMARRAI-LAMASAT-HALAQAT:p891, SIBAWAYH:(هذابابمايحذفمنالأسماءمنالياءاتفيالوقفالتيلاتذهبفي#740
quotes 89:15: «فاما الانسان» in 4 segment(s): DAMGHANI:v1p51, IBNJAWZI-NUZHA:v1p181, ITQAN:v4p394, SAMARRAI-LAMASAT-HALAQAT:p891
quotes 89:15: «ابتليه ربه» in 0 segment(s): 
quotes 89:15: «ونعمه فيقول» in 3 segment(s): IBNJAWZI-NUZHA:v1p181, IBNJAWZI-NUZHA:v1p521, SAMARRAI-LAMASAT-HALAQAT:p891
quotes 89:15: «فاما الانسان اذا» in 0 segment(s) (hadith, sīra, poetry only): 
quotes 89:15: «ما ابتليه ربه» in 0 segment(s) (hadith, sīra, poetry only): 
quotes 89:15: «ابتليه ربه فاكرمه» in 0 segment(s) (hadith, sīra, poetry only): 
quotes 89:15: «ربه فاكرمه ونعمه» in 0 segment(s) (hadith, sīra, poetry only): 
quotes 89:15: «فاكرمه ونعمه فيقول» in 0 segment(s) (hadith, sīra, poetry only): 
quotes 89:15: «ونعمه فيقول ربي» in 0 segment(s) (hadith, sīra, poetry only): 
quotes 89:15: «فيقول ربي اكرمن» in 0 segment(s) (hadith, sīra, poetry only): 
quotes 89:16: 14 unique window(s): فقدر | اهانن | واما اذا | ابتليه فقدر | فقدر عليه | رزقه فيقول | ربي اهانن | واما اذا ما | ما ابتليه فقدر | ابتليه فقدر عليه | فقدر عليه رزقه | عليه رزقه فيقول | رزقه فيقول ربي | فيقول ربي اهانن
quotes 89:16: «فقدر» in 4 segment(s): IBNQUTAYBA-MUSHKIL:v1p233, JISHUMI:v1p659, JURJANI-DALAIL:v1p282, NASHR:v2p399#2
quotes 89:16: «اهانن» in 7 segment(s): BINTSHATI-IJAZ:p486, BURHAN:v1p368, BURHAN:v1p400, IBNJAWZI-NUZHA:v1p511, ITQAN:v1p235, ITQAN:v4p446, SIBAWAYH:(هذابابمايحذفمنالأسماءمنالياءاتفيالوقفالتيلاتذهبفي#740
quotes 89:16: «واما اذا» in 31 segment(s): ALUSI-FULL:v1p13, BAQILLANI:v1p232, BINTSHATI-IJAZ:p226, BURHAN:v1p331, BURHAN:v2p206, BURHAN:v2p362, BURHAN:v2p435, BURHAN:v3p113, BURHAN:v4p131, BURHAN:v4p136, BURHAN:v4p199, BURHAN:v4p390 …
quotes 89:16: «رزقه فيقول» in 0 segment(s): 
quotes 89:16: «واما اذا ما» in 0 segment(s) (hadith, sīra, poetry only): 
quotes 89:16: «ما ابتليه فقدر» in 0 segment(s) (hadith, sīra, poetry only): 
quotes 89:16: «ابتليه فقدر عليه» in 0 segment(s) (hadith, sīra, poetry only): 
quotes 89:16: «فقدر عليه رزقه» in 0 segment(s) (hadith, sīra, poetry only): 
quotes 89:16: «عليه رزقه فيقول» in 0 segment(s) (hadith, sīra, poetry only): 
quotes 89:16: «رزقه فيقول ربي» in 0 segment(s) (hadith, sīra, poetry only): 
quotes 89:16: «فيقول ربي اهانن» in 0 segment(s) (hadith, sīra, poetry only): 
quotes 89:17: 5 unique window(s): تكرمون | لا تكرمون | تكرمون اليتيم | بل لا تكرمون | لا تكرمون اليتيم
quotes 89:17: «تكرمون» in 3 segment(s): BINTSHATI-IJAZ:p573, ITQAN:v2p329#5, NASHR:v2p399#2
quotes 89:17: «بل لا تكرمون» in 0 segment(s) (hadith, sīra, poetry only): 
quotes 89:17: «لا تكرمون اليتيم» in 0 segment(s) (hadith, sīra, poetry only): 
quotes 89:18: 5 unique window(s): تحاضون | ولا تحاضون | تحاضون علي | ولا تحاضون علي | تحاضون علي طعام
quotes 89:18: «تحاضون» in 2 segment(s): BINTSHATI-IJAZ:p573, NASHR:v2p399#2
quotes 89:18: «ولا تحاضون علي» in 0 segment(s) (hadith, sīra, poetry only): 
quotes 89:18: «تحاضون علي طعام» in 0 segment(s) (hadith, sīra, poetry only): 
quotes 89:19: 8 unique window(s): وتاكلون | التراث | اكلا | وتاكلون التراث | التراث اكلا | اكلا لما | وتاكلون التراث اكلا | التراث اكلا لما
quotes 89:19: «وتاكلون» in 3 segment(s): BINTSHATI-IJAZ:p573, BINTSHATI-IJAZ:p574, NASHR:v2p399#2
quotes 89:19: «التراث» in 17 segment(s): BINTSHATI-IJAZ:p573, BINTSHATI-IJAZ:p574, DAMGHANI:v1p420, MAJAZ:v1p1#4, MAJAZ:v1p1#12, RIFAI-KHULI:c1, RIFAI-KHULI:c2, RIFAI-KHULI:c3, RIFAI-KHULI:c6, RIFAI-KHULI:c7, SAMARRAI-ASRAR:r18, SAMARRAI-LAMASAT:p286 …
quotes 89:19: «اكلا» in 9 segment(s): BINTSHATI-IJAZ:p573, BINTSHATI-IJAZ:p574, BURHAN:v3p76, DAMGHANI:v1p420, JISHUMI:v2p1031, KHATTABI:v1p40, NASHR:v2p457, SAMARRAI-LAMASAT-HALAQAT:p1095, SIBAWAYH:والأسماءالمبهمةهذاوهذانوهذهوهاتانوهؤلاءوذلكPageV02P077وذانك#232
quotes 89:19: «وتاكلون التراث اكلا» in 0 segment(s) (hadith, sīra, poetry only): 
quotes 89:19: «التراث اكلا لما» in 0 segment(s) (hadith, sīra, poetry only): 
quotes 89:20: 6 unique window(s): وتحبون | وتحبون المال | المال حبا | حبا جما | وتحبون المال حبا | المال حبا جما
quotes 89:20: «وتحبون» in 3 segment(s): BINTSHATI-IJAZ:p573, BINTSHATI-IJAZ:p574, NASHR:v2p399#2
quotes 89:20: «المال حبا» in 1 segment(s): BINTSHATI-IJAZ:p573
quotes 89:20: «حبا جما» in 3 segment(s): BINTSHATI-IJAZ:p573, BURHAN:v1p371, ITQAN:v2p373
quotes 89:20: «وتحبون المال حبا» in 0 segment(s) (hadith, sīra, poetry only): 
quotes 89:20: «المال حبا جما» in 0 segment(s) (hadith, sīra, poetry only): 
quotes 89:21: 8 unique window(s): اذا دكت | دكت الارض | الارض دكا | دكا دكا | كلا اذا دكت | اذا دكت الارض | دكت الارض دكا | الارض دكا دكا
quotes 89:21: «اذا دكت» in 3 segment(s): BINTSHATI-IJAZ:p240, BURHAN:v4p313, IBNJAWZI-NUZHA:v1p511
quotes 89:21: «دكت الارض» in 3 segment(s): BINTSHATI-IJAZ:p240, BURHAN:v4p313, IBNJAWZI-NUZHA:v1p511
quotes 89:21: «الارض دكا» in 3 segment(s): BINTSHATI-IJAZ:p240, BURHAN:v4p313, IBNJAWZI-NUZHA:v1p511
quotes 89:21: «دكا دكا» in 8 segment(s): BINTSHATI-IJAZ:p240, BURHAN:v1p434, BURHAN:v2p386, BURHAN:v2p395, BURHAN:v4p313, IBNJAWZI-NUZHA:v1p511, ITQAN:v3p177, MAJAZ:v2p413
quotes 89:21: «كلا اذا دكت» in 0 segment(s) (hadith, sīra, poetry only): 
quotes 89:21: «اذا دكت الارض» in 0 segment(s) (hadith, sīra, poetry only): 
quotes 89:21: «دكت الارض دكا» in 0 segment(s) (hadith, sīra, poetry only): 
quotes 89:21: «الارض دكا دكا» in 0 segment(s) (hadith, sīra, poetry only): 
quotes 89:22: 7 unique window(s): وجا ربك | ربك والملك | والملك صفا | صفا صفا | وجا ربك والملك | ربك والملك صفا | والملك صفا صفا
quotes 89:22: «وجا ربك» in 13 segment(s): BURHAN:v2p82, BURHAN:v2p234, BURHAN:v3p51#2, BURHAN:v3p108#2, BURHAN:v3p147, BURHAN:v4p253, DAMGHANI:v1p278, ITQAN:v2p570, ITQAN:v3p19, ITQAN:v3p157, JURJANI-ASRAR:v1p339, NASHR:v2p220 …
quotes 89:22: «ربك والملك» in 6 segment(s): BURHAN:v2p82, BURHAN:v2p234, BURHAN:v3p51#2, BURHAN:v3p147, DAMGHANI:v1p278, RUMMANI:v1p104#2
quotes 89:22: «والملك صفا» in 4 segment(s): BURHAN:v2p234, BURHAN:v3p51#2, DAMGHANI:v1p278, RUMMANI:v1p104#2
quotes 89:22: «صفا صفا» in 7 segment(s): BURHAN:v2p234, BURHAN:v2p386, BURHAN:v2p395, BURHAN:v3p51#2, DAMGHANI:v1p278, IBNASHUR-FULL:v1p82#2, RUMMANI:v1p104#2
quotes 89:22: «وجا ربك والملك» in 0 segment(s) (hadith, sīra, poetry only): 
quotes 89:22: «ربك والملك صفا» in 0 segment(s) (hadith, sīra, poetry only): 
quotes 89:22: «والملك صفا صفا» in 0 segment(s) (hadith, sīra, poetry only): 
quotes 89:23: 14 unique window(s): وجاي يوميذ | يوميذ بجهنم | بجهنم يوميذ | يوميذ يتذكر | الانسان واني | واني له | له الذكري | وجاي يوميذ بجهنم | يوميذ بجهنم يوميذ | بجهنم يوميذ يتذكر | يوميذ يتذكر الانسان | يتذكر الانسان واني | الانسان واني له | واني له الذكري
quotes 89:23: «وجاي يوميذ» in 0 segment(s): 
quotes 89:23: «يوميذ بجهنم» in 5 segment(s): BINTSHATI-IJAZ:p240, BURHAN:v1p384, BURHAN:v4p81, ITQAN:v2p569, SAMARRAI-LAMASAT-HALAQAT:p1052
quotes 89:23: «بجهنم يوميذ» in 2 segment(s): BINTSHATI-IJAZ:p240, SAMARRAI-LAMASAT-HALAQAT:p1052
quotes 89:23: «يوميذ يتذكر» in 4 segment(s): BINTSHATI-IJAZ:p240, DAMGHANI:v1p51, IBNJAWZI-NUZHA:v1p181, SAMARRAI-LAMASAT-HALAQAT:p1052
quotes 89:23: «الانسان واني» in 5 segment(s): BINTSHATI-IJAZ:p240, BINTSHATI-IJAZ:p408, DAMGHANI:v1p51, IBNJAWZI-NUZHA:v1p181, SAMARRAI-LAMASAT-HALAQAT:p1052
quotes 89:23: «واني له» in 7 segment(s): BINTSHATI-IJAZ:p240, DAMGHANI:v1p51, IBNJAWZI-NUZHA:v1p181, IBNQUTAYBA-MUSHKIL:v1p13, ITQAN:v2p338#4, ITQAN:v3p215, SAMARRAI-LAMASAT-HALAQAT:p1052
quotes 89:23: «له الذكري» in 6 segment(s): BINTSHATI-IJAZ:p240, DAMGHANI:v1p51, IBNJAWZI-NUZHA:v1p181, ITQAN:v2p338#4, ITQAN:v3p215, SAMARRAI-LAMASAT-HALAQAT:p1052
quotes 89:23: «وجاي يوميذ بجهنم» in 0 segment(s) (hadith, sīra, poetry only): 
quotes 89:23: «يوميذ بجهنم يوميذ» in 0 segment(s) (hadith, sīra, poetry only): 
quotes 89:23: «بجهنم يوميذ يتذكر» in 0 segment(s) (hadith, sīra, poetry only): 
quotes 89:23: «يوميذ يتذكر الانسان» in 0 segment(s) (hadith, sīra, poetry only): 
quotes 89:23: «يتذكر الانسان واني» in 0 segment(s) (hadith, sīra, poetry only): 
quotes 89:23: «الانسان واني له» in 0 segment(s) (hadith, sīra, poetry only): 
quotes 89:23: «واني له الذكري» in 0 segment(s) (hadith, sīra, poetry only): 
quotes 89:24: 5 unique window(s): لحياتي | ياليتني قدمت | قدمت لحياتي | يقول ياليتني قدمت | ياليتني قدمت لحياتي
quotes 89:24: «لحياتي» in 2 segment(s): BURHAN:v4p341, ITQAN:v2p497
quotes 89:24: «ياليتني قدمت» in 0 segment(s): 
quotes 89:24: «يقول ياليتني قدمت» in 0 segment(s) (hadith, sīra, poetry only): 
quotes 89:24: «ياليتني قدمت لحياتي» in 0 segment(s) (hadith, sīra, poetry only): 
quotes 89:25: 6 unique window(s): لا يعذب | يعذب عذابه | عذابه احد | فيوميذ لا يعذب | لا يعذب عذابه | يعذب عذابه احد
quotes 89:25: «لا يعذب» in 2 segment(s): NASHR:v2p399#2, SAMARRAI-LAMASAT-HALAQAT:p963
quotes 89:25: «يعذب عذابه» in 0 segment(s): 
quotes 89:25: «عذابه احد» in 0 segment(s): 
quotes 89:25: «فيوميذ لا يعذب» in 3 segment(s) (hadith, sīra, poetry only): ABUDAWUD:3996, ABUDAWUD:3997, MUSNAD-AHMAD:20691
quotes 89:25: «لا يعذب عذابه» in 2 segment(s) (hadith, sīra, poetry only): ABUDAWUD:3996, MUSNAD-AHMAD:20691
quotes 89:25: «يعذب عذابه احد» in 2 segment(s) (hadith, sīra, poetry only): ABUDAWUD:3996, MUSNAD-AHMAD:20691
quotes 89:26: 7 unique window(s): يوثق | وثاقه | ولا يوثق | يوثق وثاقه | وثاقه احد | ولا يوثق وثاقه | يوثق وثاقه احد
quotes 89:26: «يوثق» in 33 segment(s): ALUSI-FULL:v1p7, BURHAN:v2p170, IBNATIYYA-FULL:v1p48, ITQAN:v4p485#2, JISHUMI:v1p523, JISHUMI:v1p530, JISHUMI:v1p894, JURJANI-DALAIL:v1p20, NASHR:v2p135, NASHR:v2p399#2, SIBAWAYH:فمنثمذكرعلىحدتهولميذكرمعالأولولايجوزفيهالاقتصارعلى#34, SIBAWAYH:إذاقلتإنهمنيأتنانأتهوإنهأمةاللهذاهبةPageV01P069|فمنذلك#42 …
quotes 89:26: «وثاقه» in 0 segment(s): 
quotes 89:26: «ولا يوثق وثاقه» in 1 segment(s) (hadith, sīra, poetry only): ABUDAWUD:3996
quotes 89:26: «يوثق وثاقه احد» in 1 segment(s) (hadith, sīra, poetry only): ABUDAWUD:3996
quotes 89:27: 5 unique window(s): ياايتها | المطمينه | ياايتها النفس | النفس المطمينه | ياايتها النفس المطمينه
quotes 89:27: «ياايتها» in 0 segment(s): 
quotes 89:27: «المطمينه» in 3 segment(s): DAMGHANI:v1p297, NASHR:v2p101, NASHR:v2p399#2
quotes 89:27: «ياايتها النفس المطمينه» in 0 segment(s) (hadith, sīra, poetry only): 
quotes 89:28: 8 unique window(s): ارجعي | مرضيه | ارجعي الي | ربك راضيه | راضيه مرضيه | ارجعي الي ربك | الي ربك راضيه | ربك راضيه مرضيه
quotes 89:28: «ارجعي» in 3 segment(s): BINTSHATI-IJAZ:p379, DAMGHANI:v1p297, NASHR:v2p101
quotes 89:28: «مرضيه» in 8 segment(s): BAQILLANI:v1p284, BINTSHATI-IJAZ:p89, BURHAN:v2p283, DAMGHANI:v1p297, ITQAN:v3p97, ITQAN:v4p496, NASHR:v2p457, SAMARRAI-LAMASAT-HALAQAT:p604
quotes 89:28: «ربك راضيه» in 1 segment(s): DAMGHANI:v1p297
quotes 89:28: «ارجعي الي ربك» in 0 segment(s) (hadith, sīra, poetry only): 
quotes 89:28: «الي ربك راضيه» in 0 segment(s) (hadith, sīra, poetry only): 
quotes 89:28: «ربك راضيه مرضيه» in 0 segment(s) (hadith, sīra, poetry only): 
quotes 89:29: 4 unique window(s): فادخلي | فادخلي في | في عبادي | فادخلي في عبادي
quotes 89:29: «فادخلي» in 3 segment(s): BURHAN:v4p302, ITQAN:v4p445, ITQAN:v4p452
quotes 89:29: «في عبادي» in 3 segment(s): BURHAN:v4p302, DAMGHANI:v1p365, NASHR:v2p170
quotes 89:29: «فادخلي في عبادي» in 0 segment(s) (hadith, sīra, poetry only): 
quotes 89:30: 3 unique window(s): وادخلي | جنتي | وادخلي جنتي
quotes 89:30: «وادخلي» in 3 segment(s): BURHAN:v4p302, ITQAN:v4p445, NASHR:v2p143
quotes 89:30: «جنتي» in 5 segment(s): BURHAN:v4p302, DAMGHANI:v1p198, ITQAN:v4p445, NASHR:v1p261#2, RAZI-FULL:v1p83
quotes 90:1: 3 unique window(s): اقسم بهاذا | لا اقسم بهاذا | اقسم بهاذا البلد
quotes 90:1: «اقسم بهاذا» in 0 segment(s): 
quotes 90:1: «لا اقسم بهاذا» in 0 segment(s) (hadith, sīra, poetry only): 
quotes 90:1: «اقسم بهاذا البلد» in 0 segment(s) (hadith, sīra, poetry only): 
quotes 90:2: 4 unique window(s): وانت حل | حل بهاذا | وانت حل بهاذا | حل بهاذا البلد
quotes 90:2: «وانت حل» in 7 segment(s): BINTSHATI-IJAZ:p281, BINTSHATI-IJAZ:p283, BINTSHATI-IJAZ:p315, BURHAN:v1p32#2, BURHAN:v2p139, DAMGHANI:v1p75, ITQAN:v1p106
quotes 90:2: «حل بهاذا» in 0 segment(s): 
quotes 90:2: «وانت حل بهاذا» in 0 segment(s) (hadith, sīra, poetry only): 
quotes 90:2: «حل بهاذا البلد» in 0 segment(s) (hadith, sīra, poetry only): 
quotes 90:3: 4 unique window(s): ووالد | ووالد وما | وما ولد | ووالد وما ولد
quotes 90:3: «ووالد» in 5 segment(s): BINTSHATI-IJAZ:p281, BINTSHATI-IJAZ:p283, BINTSHATI-IJAZ:p315, BINTSHATI-IJAZ:p407, ITQAN:v4p394
quotes 90:3: «وما ولد» in 4 segment(s): BINTSHATI-IJAZ:p281, BINTSHATI-IJAZ:p283, BINTSHATI-IJAZ:p315, SIBAWAYH:فمنذلكأنتقولعلىقولالسائلكمصيدعليه؟وكمغيرظرفلماذكرتلك#83
quotes 90:3: «ووالد وما ولد» in 0 segment(s) (hadith, sīra, poetry only): 
quotes 90:4: 2 unique window(s): في كبد | الانسان في كبد
quotes 90:4: «في كبد» in 14 segment(s): BINTSHATI-IJAZ:p281, BINTSHATI-IJAZ:p283, BINTSHATI-IJAZ:p315, BINTSHATI-IJAZ:p316, BURHAN:v3p79, BURHAN:v3p435, DAMGHANI:v1p49, IBNJAWZI-NUZHA:v1p181, ITQAN:v2p348, ITQAN:v4p336, ITQAN:v4p353, JURJANI-ASRAR:v1p120 …
quotes 90:4: «الانسان في كبد» in 1 segment(s) (hadith, sīra, poetry only): HAMASA:v1p1181
quotes 90:5: 7 unique window(s): لن يقدر | يقدر عليه | عليه احد | ايحسب ان لن | ان لن يقدر | لن يقدر عليه | يقدر عليه احد
quotes 90:5: «لن يقدر» in 4 segment(s): DAMGHANI:v1p371, IBNJAWZI-NUZHA:v1p115, ITQAN:v2p427#2, NASHR:v2p148
quotes 90:5: «يقدر عليه» in 38 segment(s): BAQILLANI:v1p24, BAQILLANI:v1p26, BAQILLANI:v1p33, BAQILLANI:v1p37, BAQILLANI:v1p46, BAQILLANI:v1p250, BAQILLANI:v1p286, BAQILLANI:v1p288, BAQILLANI:v1p296, BURHAN:v1p36, BURHAN:v2p99, BURHAN:v2p122 …
quotes 90:5: «عليه احد» in 17 segment(s): BAQILLANI:v1p288, BURHAN:v1p240, BURHAN:v2p99, BURHAN:v2p479, BURHAN:v4p220, DAMGHANI:v1p371, IBNJAWZI-NUZHA:v1p115, ITQAN:v2p427#2, ITQAN:v4p316, JISHUMI:v1p686, JISHUMI:v1p687, JISHUMI:v1p689 …
quotes 90:5: «ايحسب ان لن» in 3 segment(s): DAMGHANI:v1p371, IBNJAWZI-NUZHA:v1p115, ITQAN:v2p427#2
quotes 90:5: «ان لن يقدر» in 0 segment(s) (hadith, sīra, poetry only): 
quotes 90:5: «لن يقدر عليه» in 0 segment(s) (hadith, sīra, poetry only): 
quotes 90:5: «يقدر عليه احد» in 0 segment(s) (hadith, sīra, poetry only): 
quotes 90:6: 6 unique window(s): اهلكت | يقول اهلكت | اهلكت مالا | مالا لبدا | يقول اهلكت مالا | اهلكت مالا لبدا
quotes 90:6: «اهلكت» in 8 segment(s): BINTSHATI-IJAZ:p589, BURHAN:v2p515, DAMGHANI:v1p477, IBNJAWZI-NUZHA:v1p115, IBNJAWZI-NUZHA:v1p639, ITQAN:v4p377, SIBAWAYH:ولاms339علامةالمضمرالمتكلمولاعلامةالمضمرالمحدثعنهالغائبوذلكأنه#422, SIBAWAYH:(هذابابمابنتالعربمنالأسماءوالصفاتوالأفعالغيرالمعتلة#750
quotes 90:6: «مالا لبدا» in 6 segment(s): BURHAN:v2p515, DAMGHANI:v1p477, IBNJAWZI-NUZHA:v1p115, IBNJAWZI-NUZHA:v1p639, NASHR:v2p401, SIBAWAYH:(هذابابمابنتالعربمنالأسماءوالصفاتوالأفعالغيرالمعتلة#750
quotes 90:6: «يقول اهلكت مالا» in 1 segment(s) (hadith, sīra, poetry only): MUFADDALIYYAT:v1p32#2
quotes 90:6: «اهلكت مالا لبدا» in 0 segment(s) (hadith, sīra, poetry only): 
quotes 90:7: 5 unique window(s): لم يره | يره احد | ايحسب ان لم | ان لم يره | لم يره احد
quotes 90:7: «لم يره» in 10 segment(s): DAMGHANI:v1p18, IBNJAWZI-NUZHA:v1p115, ITQAN:v2p427#2, JISHUMI:v1p898, JURJANI-DALAIL:v1p147, NASHR:v1p304#2, NASHR:v1p479, NASHR:v2p148, NASHR:v2p401, SAMARRAI-LAMASAT-HALAQAT:p867
quotes 90:7: «يره احد» in 4 segment(s): DAMGHANI:v1p18, IBNJAWZI-NUZHA:v1p115, ITQAN:v2p427#2, NASHR:v2p148
quotes 90:7: «ايحسب ان لم» in 2 segment(s): DAMGHANI:v1p18, IBNJAWZI-NUZHA:v1p115
quotes 90:7: «ان لم يره» in 0 segment(s) (hadith, sīra, poetry only): 
quotes 90:7: «لم يره احد» in 0 segment(s) (hadith, sīra, poetry only): 
quotes 90:8: 4 unique window(s): عينين | له عينين | الم نجعل له | نجعل له عينين
quotes 90:8: «عينين» in 6 segment(s): BINTSHATI-IJAZ:p316, DAMGHANI:v1p338, IBNJAWZI-NUZHA:v1p443, NASHR:v1p379, SAMARRAI-ASRAR:r3#2, SIBAWAYH:(هذابابحروفالبدل)#749
quotes 90:8: «الم نجعل له» in 3 segment(s): BINTSHATI-IJAZ:p316, DAMGHANI:v1p338, IBNJAWZI-NUZHA:v1p443
quotes 90:8: «نجعل له عينين» in 0 segment(s) (hadith, sīra, poetry only): 
quotes 90:9: 3 unique window(s): ولسانا | وشفتين | ولسانا وشفتين
quotes 90:9: «ولسانا» in 7 segment(s): BINTSHATI-IJAZ:p316, BURHAN:v1p379, DAMGHANI:v1p413, IBNATIYYA-FULL:v1p34, IBNJAWZI-NUZHA:v1p533, ITQAN:v4p443, ITQAN:v4p493
quotes 90:9: «وشفتين» in 3 segment(s): BINTSHATI-IJAZ:p316, DAMGHANI:v1p413, IBNJAWZI-NUZHA:v1p533
quotes 90:10: 3 unique window(s): وهديناه | النجدين | وهديناه النجدين
quotes 90:10: «وهديناه» in 2 segment(s): BINTSHATI-IJAZ:p316, IBNJAWZI-NUZHA:v1p625#2
quotes 90:10: «النجدين» in 5 segment(s): BINTSHATI-IJAZ:p316, IBNJAWZI-NUZHA:v1p625#2, ITQAN:v2p338#5, MAJAZ:v2p444#2, NASHR:v1p203
quotes 90:11: 4 unique window(s): اقتحم | فلا اقتحم | اقتحم العقبه | فلا اقتحم العقبه
quotes 90:11: «اقتحم» in 9 segment(s): BINTSHATI-IJAZ:p203, BINTSHATI-IJAZ:p316, BINTSHATI-IJAZ:p557, BURHAN:v4p266, BURHAN:v4p353, BURHAN:v4p355, MAJAZ:v2p436, SAMARRAI-ASRAR-MUH:p105, SAMARRAI-LAMASAT-HALAQAT:p554
quotes 90:11: «فلا اقتحم العقبه» in 1 segment(s) (hadith, sīra, poetry only): MUALLAQAT:v1p145
quotes 90:12: 2 unique window(s): ما العقبه | ادريك ما العقبه
quotes 90:12: «ما العقبه» in 2 segment(s): BINTSHATI-IJAZ:p203, BINTSHATI-IJAZ:p557
quotes 90:12: «ادريك ما العقبه» in 0 segment(s) (hadith, sīra, poetry only): 
quotes 90:13: 1 unique window(s): فك رقبه
quotes 90:13: «فك رقبه» in 7 segment(s): BINTSHATI-IJAZ:p203, BINTSHATI-IJAZ:p204, BINTSHATI-IJAZ:p557, BURHAN:v1p339, BURHAN:v4p353, JISHUMI:v1p925, NASHR:v2p401
quotes 90:14: 9 unique window(s): مسغبه | او اطعام | اطعام في | يوم ذي | ذي مسغبه | او اطعام في | اطعام في يوم | في يوم ذي | يوم ذي مسغبه
quotes 90:14: «مسغبه» in 9 segment(s): BINTSHATI-IJAZ:p203, BINTSHATI-IJAZ:p204, BINTSHATI-IJAZ:p524, BINTSHATI-IJAZ:p557, BURHAN:v1p366, ITQAN:v2p381, JURJANI-DALAIL:v1p13, SAMARRAI-LAMASAT-HALAQAT:p816, SIBAWAYH:وذلكقولكعجبتمنضربزيدافمعناهأنهيضربزيدا|وتقولعجبتمنضرب#79
quotes 90:14: «او اطعام» in 13 segment(s): BINTSHATI-IJAZ:p203, BINTSHATI-IJAZ:p204, BINTSHATI-IJAZ:p524, BINTSHATI-IJAZ:p557, BURHAN:v1p366, BURHAN:v3p143, JISHUMI:v1p770, JISHUMI:v1p809, JURJANI-DALAIL:v1p13, NASHR:v2p401, SAMARRAI-LAMASAT-HALAQAT:p816, SIBAWAYH:وذلكقولكعجبتمنضربزيدافمعناهأنهيضربزيدا|وتقولعجبتمنضرب#79 …
quotes 90:14: «اطعام في» in 7 segment(s): BINTSHATI-IJAZ:p203, BINTSHATI-IJAZ:p524, BINTSHATI-IJAZ:p557, BURHAN:v1p366, JURJANI-DALAIL:v1p13, SAMARRAI-LAMASAT-HALAQAT:p816, SIBAWAYH:وذلكقولكعجبتمنضربزيدافمعناهأنهيضربزيدا|وتقولعجبتمنضرب#79
quotes 90:14: «يوم ذي» in 8 segment(s): BINTSHATI-IJAZ:p203, BINTSHATI-IJAZ:p204, BINTSHATI-IJAZ:p524, BINTSHATI-IJAZ:p557, BURHAN:v1p366, JURJANI-DALAIL:v1p13, SAMARRAI-LAMASAT-HALAQAT:p816, SIBAWAYH:وذلكقولكعجبتمنضربزيدافمعناهأنهيضربزيدا|وتقولعجبتمنضرب#79
quotes 90:14: «او اطعام في» in 1 segment(s) (hadith, sīra, poetry only): HAMASA:v1p39#2
quotes 90:14: «اطعام في يوم» in 1 segment(s) (hadith, sīra, poetry only): HAMASA:v1p39#2
quotes 90:14: «في يوم ذي» in 14 segment(s) (hadith, sīra, poetry only): BUKHARI:553, BUKHARI:594, BUKHARI:668, HAMASA:v1p39#2, IBNHISHAM:v2p285#3, IBNHISHAM:v2p287#2, IBNHISHAM:v2p287#3, IBNHISHAM:v2p288, MALIK:674, MUSLIM:1605, MUSNAD-AHMAD:22957, MUSNAD-AHMAD:23026 …
quotes 90:14: «يوم ذي مسغبه» in 1 segment(s) (hadith, sīra, poetry only): HAMASA:v1p39#2
quotes 90:15: 4 unique window(s): مقربه | يتيما ذا | ذا مقربه | يتيما ذا مقربه
quotes 90:15: «مقربه» in 12 segment(s): BINTSHATI-IJAZ:p203, BINTSHATI-IJAZ:p204, BINTSHATI-IJAZ:p524, BINTSHATI-IJAZ:p534, BINTSHATI-IJAZ:p557, BURHAN:v1p366, BURHAN:v1p446, DAMGHANI:v1p374, IBNJAWZI-NUZHA:v1p497, ITQAN:v4p428, SAMARRAI-LAMASAT-HALAQAT:p816, SIBAWAYH:وذلكقولكعجبتمنضربزيدافمعناهأنهيضربزيدا|وتقولعجبتمنضرب#79
quotes 90:15: «يتيما ذا» in 10 segment(s): BINTSHATI-IJAZ:p203, BINTSHATI-IJAZ:p524, BINTSHATI-IJAZ:p557, BURHAN:v1p366, BURHAN:v1p446, DAMGHANI:v1p374, IBNJAWZI-NUZHA:v1p497, ITQAN:v4p428, SAMARRAI-LAMASAT-HALAQAT:p816, SIBAWAYH:وذلكقولكعجبتمنضربزيدافمعناهأنهيضربزيدا|وتقولعجبتمنضرب#79
quotes 90:15: «يتيما ذا مقربه» in 1 segment(s) (hadith, sīra, poetry only): HAMASA:v1p39#2
quotes 90:16: 6 unique window(s): متربه | او مسكينا | مسكينا ذا | ذا متربه | او مسكينا ذا | مسكينا ذا متربه
quotes 90:16: «متربه» in 10 segment(s): BINTSHATI-IJAZ:p203, BINTSHATI-IJAZ:p204, BINTSHATI-IJAZ:p524, BINTSHATI-IJAZ:p556, BINTSHATI-IJAZ:p557, BURHAN:v1p446, ITQAN:v2p372, ITQAN:v4p428, MAJAZ:v2p404#2, SAMARRAI-LAMASAT-HALAQAT:p816
quotes 90:16: «او مسكينا» in 6 segment(s): BINTSHATI-IJAZ:p203, BINTSHATI-IJAZ:p524, BINTSHATI-IJAZ:p557, BURHAN:v1p446, ITQAN:v4p428, SAMARRAI-LAMASAT-HALAQAT:p816
quotes 90:16: «مسكينا ذا» in 6 segment(s): BINTSHATI-IJAZ:p203, BINTSHATI-IJAZ:p524, BINTSHATI-IJAZ:p557, BURHAN:v1p446, ITQAN:v4p428, SAMARRAI-LAMASAT-HALAQAT:p816
quotes 90:16: «او مسكينا ذا» in 1 segment(s) (hadith, sīra, poetry only): HAMASA:v1p39#2
quotes 90:16: «مسكينا ذا متربه» in 2 segment(s) (hadith, sīra, poetry only): HAMASA:v1p39#2, HAMASA:v1p1024
quotes 90:17: 10 unique window(s): بالمرحمه | امنوا وتواصوا | بالصبر وتواصوا | وتواصوا بالمرحمه | ثم كان من | كان من الذين | الذين امنوا وتواصوا | امنوا وتواصوا بالصبر | وتواصوا بالصبر وتواصوا | بالصبر وتواصوا بالمرحمه
quotes 90:17: «بالمرحمه» in 3 segment(s): BINTSHATI-IJAZ:p203, BURHAN:v4p266, SAMARRAI-LAMASAT-HALAQAT:p816
quotes 90:17: «امنوا وتواصوا» in 2 segment(s): BINTSHATI-IJAZ:p203, SAMARRAI-LAMASAT-HALAQAT:p816
quotes 90:17: «بالصبر وتواصوا» in 3 segment(s): BINTSHATI-IJAZ:p203, BURHAN:v4p266, SAMARRAI-LAMASAT-HALAQAT:p816
quotes 90:17: «ثم كان من» in 7 segment(s): BINTSHATI-IJAZ:p203, BUKHARI:4091, BURHAN:v4p266, HAMASA:v1p39#2, IBNHISHAM:v2p562, ITQAN:v3p74, SAMARRAI-LAMASAT-HALAQAT:p816
quotes 90:17: «كان من الذين» in 7 segment(s): BINTSHATI-IJAZ:p203, BINTSHATI-IJAZ:p204, BURHAN:v4p266, HAMASA:v1p39#2, IBNASHUR-FULL:v1p24, ITQAN:v3p74, SAMARRAI-LAMASAT-HALAQAT:p816
quotes 90:17: «الذين امنوا وتواصوا» in 0 segment(s) (hadith, sīra, poetry only): 
quotes 90:17: «امنوا وتواصوا بالصبر» in 0 segment(s) (hadith, sīra, poetry only): 
quotes 90:17: «وتواصوا بالصبر وتواصوا» in 0 segment(s) (hadith, sīra, poetry only): 
quotes 90:17: «بالصبر وتواصوا بالمرحمه» in 0 segment(s) (hadith, sīra, poetry only): 
quotes 90:18: 1 unique window(s): اولايك اصحاب الميمنه
quotes 90:18: «اولايك اصحاب الميمنه» in 0 segment(s): 
quotes 90:19: 5 unique window(s): باياتنا هم | والذين كفروا باياتنا | كفروا باياتنا هم | باياتنا هم اصحاب | هم اصحاب المشمه
quotes 90:19: «باياتنا هم» in 2 segment(s): BINTSHATI-IJAZ:p276, BINTSHATI-IJAZ:p446
quotes 90:19: «والذين كفروا باياتنا» in 2 segment(s): BINTSHATI-IJAZ:p276, BINTSHATI-IJAZ:p446
quotes 90:19: «كفروا باياتنا هم» in 0 segment(s) (hadith, sīra, poetry only): 
quotes 90:19: «باياتنا هم اصحاب» in 0 segment(s) (hadith, sīra, poetry only): 
quotes 90:19: «هم اصحاب المشمه» in 0 segment(s): 
quotes 90:20: 3 unique window(s): عليهم نار | نار موصده | عليهم نار موصده
quotes 90:20: «عليهم نار» in 2 segment(s): BINTSHATI-IJAZ:p276, BINTSHATI-IJAZ:p446
quotes 90:20: «نار موصده» in 2 segment(s): BINTSHATI-IJAZ:p276, BINTSHATI-IJAZ:p446
quotes 90:20: «عليهم نار موصده» in 0 segment(s) (hadith, sīra, poetry only): 
quotes 91:1: 2 unique window(s): وضحيها | والشمس وضحيها
quotes 91:1: «وضحيها» in 0 segment(s): 
quotes 91:2: 3 unique window(s): تليها | اذا تليها | والقمر اذا تليها
quotes 91:2: «تليها» in 22 segment(s): BINTSHATI-IJAZ:p121, BURHAN:v1p82, BURHAN:v1p472#2, BURHAN:v2p367, BURHAN:v4p121, BURHAN:v4p368, IBNKATHIR-FULL:v1p48, ITQAN:v1p260#3, JISHUMI:v1p831, JURJANI-DALAIL:v1p54, NASHR:v1p262, NASHR:v2p408 …
quotes 91:2: «والقمر اذا تليها» in 0 segment(s) (hadith, sīra, poetry only): 
quotes 91:3: 3 unique window(s): جليها | اذا جليها | والنهار اذا جليها
quotes 91:3: «جليها» in 0 segment(s): 
quotes 91:3: «والنهار اذا جليها» in 0 segment(s) (hadith, sīra, poetry only): 
quotes 91:4: 3 unique window(s): يغشيها | اذا يغشيها | واليل اذا يغشيها
quotes 91:4: «يغشيها» in 0 segment(s): 
quotes 91:4: «واليل اذا يغشيها» in 0 segment(s) (hadith, sīra, poetry only): 
quotes 91:5: 3 unique window(s): والسما وما | وما بنيها | والسما وما بنيها
quotes 91:5: «والسما وما» in 6 segment(s): BURHAN:v3p42, BURHAN:v4p399, IBNJAWZI-NUZHA:v1p566, ITQAN:v2p512#4, ITQAN:v4p351, MAJAZ:v2p442#2
quotes 91:5: «وما بنيها» in 0 segment(s): 
quotes 91:5: «والسما وما بنيها» in 0 segment(s) (hadith, sīra, poetry only): 
quotes 91:6: 3 unique window(s): طحيها | وما طحيها | والارض وما طحيها
quotes 91:6: «طحيها» in 0 segment(s): 
quotes 91:6: «والارض وما طحيها» in 0 segment(s) (hadith, sīra, poetry only): 
quotes 91:7: 5 unique window(s): ونفس | سويها | ونفس وما | وما سويها | ونفس وما سويها
quotes 91:7: «ونفس» in 16 segment(s): BURHAN:v1p413, BURHAN:v2p5, BURHAN:v3p42, IBNJAWZI-NUZHA:v1p213, IBNJAWZI-NUZHA:v1p566, IBNQUTAYBA-MUSHKIL:v1p205, IBNQUTAYBA-MUSHKIL:v1p285, IBNQUTAYBA-MUSHKIL:v1p304, ITQAN:v4p351, JURJANI-ASRAR:v1p340, RAZI-FULL:v1p72, SAMARRAI-ASRAR-MUH:p104 …
quotes 91:7: «سويها» in 0 segment(s): 
quotes 91:7: «ونفس وما سويها» in 0 segment(s) (hadith, sīra, poetry only): 
quotes 91:8: 6 unique window(s): فالهمها | فجورها | وتقويها | فالهمها فجورها | فجورها وتقويها | فالهمها فجورها وتقويها
quotes 91:8: «فالهمها» in 4 segment(s): IBNQUTAYBA-MUSHKIL:v1p205, IBNQUTAYBA-MUSHKIL:v1p285, ITQAN:v2p339, ITQAN:v2p522
quotes 91:8: «فجورها» in 5 segment(s): IBNJAWZI-NUZHA:v1p108, IBNQUTAYBA-MUSHKIL:v1p205, IBNQUTAYBA-MUSHKIL:v1p285, ITQAN:v2p339, ITQAN:v2p522
quotes 91:8: «وتقويها» in 0 segment(s): 
quotes 91:8: «فالهمها فجورها وتقويها» in 0 segment(s) (hadith, sīra, poetry only): 
quotes 91:9: 3 unique window(s): زكيها | من زكيها | افلح من زكيها
quotes 91:9: «زكيها» in 0 segment(s): 
quotes 91:9: «افلح من زكيها» in 0 segment(s) (hadith, sīra, poetry only): 
quotes 91:10: 3 unique window(s): دسيها | من دسيها | خاب من دسيها
quotes 91:10: «دسيها» in 0 segment(s): 
quotes 91:10: «خاب من دسيها» in 0 segment(s) (hadith, sīra, poetry only): 
quotes 91:11: 3 unique window(s): بطغويها | ثمود بطغويها | كذبت ثمود بطغويها
quotes 91:11: «بطغويها» in 0 segment(s): 
quotes 91:11: «كذبت ثمود بطغويها» in 0 segment(s) (hadith, sīra, poetry only): 
quotes 91:12: 5 unique window(s): انبعث | اشقيها | اذ انبعث | انبعث اشقيها | اذ انبعث اشقيها
quotes 91:12: «انبعث» in 2 segment(s): BURHAN:v4p172, ITQAN:v3p268
quotes 91:12: «اشقيها» in 0 segment(s): 
quotes 91:12: «اذ انبعث اشقيها» in 0 segment(s) (hadith, sīra, poetry only): 
quotes 91:13: 9 unique window(s): وسقياها | لهم رسول | الله ناقه | الله وسقياها | فقال لهم رسول | لهم رسول الله | رسول الله ناقه | الله ناقه الله | ناقه الله وسقياها
quotes 91:13: «وسقياها» in 4 segment(s): BURHAN:v2p324, BURHAN:v3p105, ITQAN:v3p153, ITQAN:v3p222#2
quotes 91:13: «لهم رسول» in 2 segment(s): ITQAN:v4p394, JISHUMI:v1p445
quotes 91:13: «الله ناقه» in 0 segment(s): 
quotes 91:13: «فقال لهم رسول» in 76 segment(s) (hadith, sīra, poetry only): ABUDAWUD:2693, ABUDAWUD:3003, ABUDAWUD:4126, ABUDAWUD:4446, AZRAQI:v1p129#2, BUKHARI:2307, BUKHARI:2308, BUKHARI:2338, BUKHARI:3131, BUKHARI:3132, BUKHARI:3635, BUKHARI:3911 …
quotes 91:13: «لهم رسول الله» in 108 segment(s) (hadith, sīra, poetry only): ABUDAWUD:498, ABUDAWUD:2693, ABUDAWUD:2723, ABUDAWUD:2982, ABUDAWUD:3003, ABUDAWUD:4126, ABUDAWUD:4364, ABUDAWUD:4446, ABUDAWUD:4510, AZRAQI:v1p129#2, BUKHARI:1501, BUKHARI:2307 …
quotes 91:13: «رسول الله ناقه» in 0 segment(s) (hadith, sīra, poetry only): 
quotes 91:13: «الله ناقه الله» in 0 segment(s) (hadith, sīra, poetry only): 
quotes 91:13: «ناقه الله وسقياها» in 0 segment(s) (hadith, sīra, poetry only): 
quotes 91:14: 12 unique window(s): فدمدم | فكذبوه فعقروها | فعقروها فدمدم | فدمدم عليهم | عليهم ربهم | ربهم بذنبهم | بذنبهم فسويها | فكذبوه فعقروها فدمدم | فعقروها فدمدم عليهم | فدمدم عليهم ربهم | عليهم ربهم بذنبهم | ربهم بذنبهم فسويها
quotes 91:14: «فدمدم» in 0 segment(s): 
quotes 91:14: «فكذبوه فعقروها» in 3 segment(s): BURHAN:v3p279, IBNQUTAYBA-MUSHKIL:v1p130, ITQAN:v3p243
quotes 91:14: «عليهم ربهم» in 0 segment(s): 
quotes 91:14: «ربهم بذنبهم» in 0 segment(s): 
quotes 91:14: «بذنبهم فسويها» in 0 segment(s): 
quotes 91:14: «فكذبوه فعقروها فدمدم» in 0 segment(s) (hadith, sīra, poetry only): 
quotes 91:14: «فعقروها فدمدم عليهم» in 0 segment(s) (hadith, sīra, poetry only): 
quotes 91:14: «فدمدم عليهم ربهم» in 0 segment(s) (hadith, sīra, poetry only): 
quotes 91:14: «عليهم ربهم بذنبهم» in 1 segment(s) (hadith, sīra, poetry only): HAMASA:v1p722
quotes 91:14: «ربهم بذنبهم فسويها» in 0 segment(s) (hadith, sīra, poetry only): 
quotes 91:15: 4 unique window(s): عقباها | ولا يخاف | يخاف عقباها | ولا يخاف عقباها
quotes 91:15: «عقباها» in 2 segment(s): IBNQUTAYBA-MUSHKIL:v1p143, ITQAN:v2p339
quotes 91:15: «ولا يخاف» in 4 segment(s): BINTSHATI-IJAZ:p503, IBNQUTAYBA-MUSHKIL:v1p143, ITQAN:v2p339, NASHR:v2p401
quotes 91:15: «ولا يخاف عقباها» in 0 segment(s) (hadith, sīra, poetry only): 
quotes 92:1: 2 unique window(s): اذا يغشي | واليل اذا يغشي
quotes 92:1: «اذا يغشي» in 18 segment(s): BINTSHATI-IJAZ:p244, BINTSHATI-IJAZ:p245, BINTSHATI-IJAZ:p248, BINTSHATI-IJAZ:p249, BURHAN:v1p75, BURHAN:v1p193, BURHAN:v4p190, BURHAN:v4p194, DAMGHANI:v1p340, IBNKATHIR-FULL:v1p18, ITQAN:v1p37, ITQAN:v1p38 …
quotes 92:1: «واليل اذا يغشي» in 0 segment(s) (hadith, sīra, poetry only): 
quotes 92:2: 2 unique window(s): اذا تجلي | والنهار اذا تجلي
quotes 92:2: «اذا تجلي» in 9 segment(s): ALUSI-FULL:v1p9, BINTSHATI-IJAZ:p244, BINTSHATI-IJAZ:p245, BINTSHATI-IJAZ:p248, BINTSHATI-IJAZ:p249, BURHAN:v1p75, BURHAN:v4p190, ITQAN:v2p432, SIBAWAYH:(هذابابمايكونماقبلالمحلوفبهعوضامناللفظبالواو)#636
quotes 92:2: «والنهار اذا تجلي» in 14 segment(s) (hadith, sīra, poetry only): BUKHARI:3742, BUKHARI:3743, BUKHARI:3761, BUKHARI:4943, HAMASA:v1p862#2, IBNHIBBAN:6330, IBNHIBBAN:6331, IBNHIBBAN:7127, MUSLIM:1918, MUSNAD-AHMAD:27535, MUSNAD-AHMAD:27538, MUSNAD-AHMAD:27549 …
quotes 92:3: 3 unique window(s): خلق الذكر | وما خلق الذكر | خلق الذكر والانثي
quotes 92:3: «خلق الذكر» in 9 segment(s): BINTSHATI-IJAZ:p244, BINTSHATI-IJAZ:p249, DAMGHANI:v1p475, IBNJAWZI-NUZHA:v1p566, IBNQUTAYBA-MUSHKIL:v1p285, ITQAN:v1p130, NASHR:v1p13#2, SAMARRAI-LAMASAT-HALAQAT:p888, SIBAWAYH:(هذابابمايكونماقبلالمحلوفبهعوضامناللفظبالواو)#636
quotes 92:3: «وما خلق الذكر» in 3 segment(s) (hadith, sīra, poetry only): BUKHARI:4944, HAMASA:v1p862#2, MUSNAD-AHMAD:27549
quotes 92:3: «خلق الذكر والانثي» in 3 segment(s) (hadith, sīra, poetry only): BUKHARI:4944, HAMASA:v1p862#2, MUSNAD-AHMAD:27549
quotes 92:4: 4 unique window(s): لشتي | ان سعيكم | سعيكم لشتي | ان سعيكم لشتي
quotes 92:4: «لشتي» in 8 segment(s): BINTSHATI-IJAZ:p233, BINTSHATI-IJAZ:p244, BINTSHATI-IJAZ:p245, BINTSHATI-IJAZ:p249, DAMGHANI:v1p237, IBNJAWZI-NUZHA:v1p349, IBNQUTAYBA-MUSHKIL:v1p274#2, ITQAN:v4p353
quotes 92:4: «ان سعيكم» in 8 segment(s): BINTSHATI-IJAZ:p233, BINTSHATI-IJAZ:p244, BINTSHATI-IJAZ:p245, BINTSHATI-IJAZ:p249, DAMGHANI:v1p237, IBNJAWZI-NUZHA:v1p349, IBNQUTAYBA-MUSHKIL:v1p274#2, ITQAN:v4p353
quotes 92:4: «ان سعيكم لشتي» in 2 segment(s) (hadith, sīra, poetry only): HAMASA:v1p862#2, MALIK:237
quotes 92:5: 4 unique window(s): من اعطي | اعطي واتقي | فاما من اعطي | من اعطي واتقي
quotes 92:5: «من اعطي» in 17 segment(s): BINTSHATI-IJAZ:p249, BURHAN:v1p53, BURHAN:v2p129, BURHAN:v3p177, BURHAN:v3p454, BURHAN:v3p462, DAMGHANI:v1p130, IBNJAWZI-NUZHA:v1p257, IBNQUTAYBA-MUSHKIL:v1p117, ITQAN:v3p256, ITQAN:v3p268, ITQAN:v4p328 …
quotes 92:5: «اعطي واتقي» in 10 segment(s): BINTSHATI-IJAZ:p249, BURHAN:v2p129, BURHAN:v3p177, BURHAN:v3p454, BURHAN:v3p462, DAMGHANI:v1p130, IBNJAWZI-NUZHA:v1p257, ITQAN:v3p256, ITQAN:v3p268, NASHR:v2p84
quotes 92:5: «فاما من اعطي» in 22 segment(s) (hadith, sīra, poetry only): ABUDAWUD:4694, BUKHARI:1362, BUKHARI:4945, BUKHARI:4946, BUKHARI:4947, BUKHARI:4948, BUKHARI:4949, BUKHARI:6217, BUKHARI:6605, BUKHARI:7552, IBNHIBBAN:334, IBNHIBBAN:335 …
quotes 92:5: «من اعطي واتقي» in 23 segment(s) (hadith, sīra, poetry only): ABUDAWUD:4694, BUKHARI:1362, BUKHARI:4945, BUKHARI:4946, BUKHARI:4947, BUKHARI:4948, BUKHARI:4949, BUKHARI:6217, BUKHARI:6605, BUKHARI:7552, IBNHIBBAN:334, IBNHIBBAN:335 …
quotes 92:6: 1 unique window(s): وصدق بالحسني
quotes 92:6: «وصدق بالحسني» in 5 segment(s): BINTSHATI-IJAZ:p249, BURHAN:v2p129, BURHAN:v3p454, DAMGHANI:v1p130, IBNJAWZI-NUZHA:v1p257
quotes 92:7: 1 unique window(s): فسنيسره لليسري
quotes 92:7: «فسنيسره لليسري» in 2 segment(s): BINTSHATI-IJAZ:p249, BURHAN:v2p129
quotes 92:8: 4 unique window(s): من بخل | بخل واستغني | واما من بخل | من بخل واستغني
quotes 92:8: «من بخل» in 4 segment(s): BINTSHATI-IJAZ:p249, BINTSHATI-IJAZ:p374, BURHAN:v2p129, IBNQUTAYBA-MUSHKIL:v1p106
quotes 92:8: «بخل واستغني» in 3 segment(s): BINTSHATI-IJAZ:p249, BINTSHATI-IJAZ:p374, BURHAN:v2p129
quotes 92:8: «واما من بخل» in 12 segment(s) (hadith, sīra, poetry only): ABUDAWUD:4694, IBNHIBBAN:334, IBNHIBBAN:335, IBNHIBBAN:v2p47#2, IBNMAJAH:78, MUSLIM:6731, MUSNAD-AHMAD:621, MUSNAD-AHMAD:1067, MUSNAD-AHMAD:1110, MUSNAD-AHMAD:1181, MUSNAD-AHMAD:1349, TIRMIDHI:3344
quotes 92:8: «من بخل واستغني» in 12 segment(s) (hadith, sīra, poetry only): ABUDAWUD:4694, IBNHIBBAN:334, IBNHIBBAN:335, IBNHIBBAN:v2p47#2, IBNMAJAH:78, MUSLIM:6731, MUSNAD-AHMAD:621, MUSNAD-AHMAD:1067, MUSNAD-AHMAD:1110, MUSNAD-AHMAD:1181, MUSNAD-AHMAD:1349, TIRMIDHI:3344
quotes 92:9: 1 unique window(s): وكذب بالحسني
quotes 92:9: «وكذب بالحسني» in 3 segment(s): BINTSHATI-IJAZ:p249, BINTSHATI-IJAZ:p374, BURHAN:v2p129
quotes 92:10: 2 unique window(s): للعسري | فسنيسره للعسري
quotes 92:10: «للعسري» in 3 segment(s): BINTSHATI-IJAZ:p249, BINTSHATI-IJAZ:p374, BURHAN:v2p129
quotes 92:11: 9 unique window(s): تردي | وما يغني | يغني عنه | ماله اذا | اذا تردي | وما يغني عنه | يغني عنه ماله | عنه ماله اذا | ماله اذا تردي
quotes 92:11: «تردي» in 5 segment(s): BINTSHATI-IJAZ:p374, ITQAN:v2p354, JISHUMI:v1p441, SAMARRAI-LAMASAT-HALAQAT:p658, SIBAWAYH:(هذابابالمقصوروالممدود)#648
quotes 92:11: «وما يغني» in 3 segment(s): BINTSHATI-IJAZ:p374, JURJANI-DALAIL:v1p329, SAMARRAI-LAMASAT-HALAQAT:p658
quotes 92:11: «يغني عنه» in 5 segment(s): BAQILLANI:v1p162, BINTSHATI-IJAZ:p374, BINTSHATI-IJAZ:p410, JURJANI-ASRAR:v1p55, SAMARRAI-LAMASAT-HALAQAT:p658
quotes 92:11: «ماله اذا» in 2 segment(s): BINTSHATI-IJAZ:p374, SAMARRAI-LAMASAT-HALAQAT:p658
quotes 92:11: «وما يغني عنه» in 0 segment(s) (hadith, sīra, poetry only): 
quotes 92:11: «يغني عنه ماله» in 0 segment(s) (hadith, sīra, poetry only): 
quotes 92:11: «عنه ماله اذا» in 0 segment(s) (hadith, sīra, poetry only): 
quotes 92:11: «ماله اذا تردي» in 0 segment(s) (hadith, sīra, poetry only): 
quotes 92:12: 3 unique window(s): للهدي | علينا للهدي | ان علينا للهدي
quotes 92:12: «للهدي» in 8 segment(s): BINTSHATI-IJAZ:p249, BINTSHATI-IJAZ:p277, BURHAN:v4p119, DAMGHANI:v1p229, IBNJAWZI-NUZHA:v1p629, ITQAN:v2p499, JURJANI-ASRAR:v1p37, SAMARRAI-ASRAR:r7#7
quotes 92:12: «ان علينا للهدي» in 0 segment(s) (hadith, sīra, poetry only): 
quotes 92:13: 6 unique window(s): للاخره | وان لنا | لنا للاخره | للاخره والاولي | وان لنا للاخره | لنا للاخره والاولي
quotes 92:13: «للاخره» in 9 segment(s): BINTSHATI-IJAZ:p249, BINTSHATI-IJAZ:p277, BURHAN:v2p145, DAMGHANI:v1p23, IBNKATHIR-FULL:v1p57, ITQAN:v2p499, JISHUMI:v1p822, SAMARRAI-LAMASAT-HALAQAT:p639, SAMARRAI-LAMASAT-HALAQAT:p741
quotes 92:13: «وان لنا» in 4 segment(s): BINTSHATI-IJAZ:p249, BINTSHATI-IJAZ:p277, DAMGHANI:v1p23, ITQAN:v2p499
quotes 92:13: «وان لنا للاخره» in 0 segment(s) (hadith, sīra, poetry only): 
quotes 92:13: «لنا للاخره والاولي» in 0 segment(s) (hadith, sīra, poetry only): 
quotes 92:14: 5 unique window(s): فانذرتكم | تلظي | فانذرتكم نارا | نارا تلظي | فانذرتكم نارا تلظي
quotes 92:14: «فانذرتكم» in 2 segment(s): BINTSHATI-IJAZ:p249, BINTSHATI-IJAZ:p375
quotes 92:14: «تلظي» in 12 segment(s): BINTSHATI-IJAZ:p249, BINTSHATI-IJAZ:p375, BINTSHATI-IJAZ:p462, ITQAN:v2p363, ITQAN:v3p162, JISHUMI:v2p1036, NASHR:v2p115, NASHR:v2p231, NASHR:v2p233, NASHR:v2p234, NASHR:v2p323, NASHR:v2p401
quotes 92:14: «فانذرتكم نارا تلظي» in 0 segment(s) (hadith, sīra, poetry only): 
quotes 92:15: 5 unique window(s): لا يصليها | يصليها الا | الا الاشقي | لا يصليها الا | يصليها الا الاشقي
quotes 92:15: «لا يصليها» in 0 segment(s): 
quotes 92:15: «يصليها الا» in 0 segment(s): 
quotes 92:15: «الا الاشقي» in 3 segment(s): BINTSHATI-IJAZ:p249, BINTSHATI-IJAZ:p375, BURHAN:v4p90
quotes 92:15: «لا يصليها الا» in 0 segment(s) (hadith, sīra, poetry only): 
quotes 92:15: «يصليها الا الاشقي» in 0 segment(s) (hadith, sīra, poetry only): 
quotes 92:16: 2 unique window(s): الذي كذب | الذي كذب وتولي
quotes 92:16: «الذي كذب» in 4 segment(s): BINTSHATI-IJAZ:p249, BINTSHATI-IJAZ:p375, BURHAN:v4p90, ITQAN:v3p302
quotes 92:16: «الذي كذب وتولي» in 0 segment(s) (hadith, sīra, poetry only): 
quotes 92:17: 3 unique window(s): وسيجنبها | الاتقي | وسيجنبها الاتقي
quotes 92:17: «وسيجنبها» in 4 segment(s): BINTSHATI-IJAZ:p249, BURHAN:v4p90, ITQAN:v1p91, JURJANI-DALAIL:v1p161
quotes 92:17: «الاتقي» in 5 segment(s): BINTSHATI-IJAZ:p249, BURHAN:v4p90, ITQAN:v1p91, ITQAN:v4p394, JURJANI-DALAIL:v1p161
quotes 92:18: 5 unique window(s): الذي يوتي | يوتي ماله | ماله يتزكي | الذي يوتي ماله | يوتي ماله يتزكي
quotes 92:18: «الذي يوتي» in 4 segment(s): BINTSHATI-IJAZ:p249, BURHAN:v4p90, ITQAN:v1p91, JURJANI-DALAIL:v1p161
quotes 92:18: «يوتي ماله» in 4 segment(s): BINTSHATI-IJAZ:p249, BURHAN:v4p90, ITQAN:v1p91, JURJANI-DALAIL:v1p161
quotes 92:18: «ماله يتزكي» in 4 segment(s): BINTSHATI-IJAZ:p249, BURHAN:v4p90, ITQAN:v1p91, JURJANI-DALAIL:v1p161
quotes 92:18: «الذي يوتي ماله» in 1 segment(s) (hadith, sīra, poetry only): RIYAD:1.64
quotes 92:18: «يوتي ماله يتزكي» in 1 segment(s) (hadith, sīra, poetry only): RIYAD:1.64
quotes 92:19: 7 unique window(s): وما لاحد | لاحد عنده | نعمه تجزي | وما لاحد عنده | لاحد عنده من | عنده من نعمه | من نعمه تجزي
quotes 92:19: «وما لاحد» in 9 segment(s): BURHAN:v3p145, BURHAN:v4p235, DAMGHANI:v1p18, DAMGHANI:v1p35, DAMGHANI:v1p460, IBNJAWZI-NUZHA:v1p115, IBNJAWZI-NUZHA:v1p597, ITQAN:v2p442#2, ITQAN:v3p269
quotes 92:19: «لاحد عنده» in 9 segment(s): BURHAN:v3p145, BURHAN:v4p235, DAMGHANI:v1p18, DAMGHANI:v1p35, DAMGHANI:v1p460, IBNJAWZI-NUZHA:v1p115, IBNJAWZI-NUZHA:v1p597, ITQAN:v2p442#2, ITQAN:v3p269
quotes 92:19: «نعمه تجزي» in 9 segment(s): BURHAN:v3p145, BURHAN:v4p235, DAMGHANI:v1p18, DAMGHANI:v1p35, DAMGHANI:v1p460, IBNJAWZI-NUZHA:v1p115, IBNJAWZI-NUZHA:v1p597, ITQAN:v2p442#2, ITQAN:v3p269
quotes 92:19: «وما لاحد عنده» in 1 segment(s) (hadith, sīra, poetry only): IBNHISHAM:v1p319
quotes 92:19: «لاحد عنده من» in 1 segment(s) (hadith, sīra, poetry only): IBNHISHAM:v1p319
quotes 92:19: «عنده من نعمه» in 11 segment(s): BURHAN:v3p145, BURHAN:v4p235, DAMGHANI:v1p18, DAMGHANI:v1p35, DAMGHANI:v1p460, IBNHISHAM:v1p319, IBNJAWZI-NUZHA:v1p115, IBNJAWZI-NUZHA:v1p597, ITQAN:v2p442#2, ITQAN:v3p269, RIYAD:1.64
quotes 92:19: «من نعمه تجزي» in 2 segment(s) (hadith, sīra, poetry only): IBNHISHAM:v1p319, RIYAD:1.64
quotes 92:20: 4 unique window(s): وجه ربه | ربه الاعلي | ابتغا وجه ربه | وجه ربه الاعلي
quotes 92:20: «وجه ربه» in 8 segment(s): BINTSHATI-IJAZ:p271, BURHAN:v1p354, BURHAN:v4p235, DAMGHANI:v1p35, DAMGHANI:v1p460, IBNJAWZI-NUZHA:v1p123, ITQAN:v2p442#2, ITQAN:v3p16
quotes 92:20: «ربه الاعلي» in 9 segment(s): BINTSHATI-IJAZ:p271, BINTSHATI-IJAZ:p272, BURHAN:v1p354, BURHAN:v4p235, DAMGHANI:v1p35, DAMGHANI:v1p460, IBNJAWZI-NUZHA:v1p123, ITQAN:v2p442#2, ITQAN:v3p16
quotes 92:20: «ابتغا وجه ربه» in 2 segment(s) (hadith, sīra, poetry only): IBNHISHAM:v1p319, RIYAD:1.64
quotes 92:20: «وجه ربه الاعلي» in 2 segment(s) (hadith, sīra, poetry only): IBNHISHAM:v1p319, RIYAD:1.64
quotes 92:21: 1 unique window(s): ولسوف يرضي
quotes 92:21: «ولسوف يرضي» in 1 segment(s): BINTSHATI-IJAZ:p271
quotes 93:1: 1 unique window(s): والضحي
NOTE quotes 93:1: window «والضحي» in 70 segments, too common alone; the longer windows that contain it are used instead
quotes 93:2: 2 unique window(s): اذا سجي | واليل اذا سجي
quotes 93:2: «اذا سجي» in 15 segment(s): BINTSHATI-IJAZ:p244, BINTSHATI-IJAZ:p245, BINTSHATI-IJAZ:p248, BINTSHATI-IJAZ:p250, BINTSHATI-IJAZ:p268, BURHAN:v1p65, BURHAN:v1p75, BURHAN:v3p167, BURHAN:v3p389, DAMGHANI:v1p285, IBNJAWZI-NUZHA:v1p399#2, IBNKATHIR-FULL:v1p22 …
quotes 93:2: «واليل اذا سجي» in 0 segment(s) (hadith, sīra, poetry only): 
quotes 93:3: 7 unique window(s): ودعك | ما ودعك | ودعك ربك | وما قلي | ما ودعك ربك | ودعك ربك وما | ربك وما قلي
quotes 93:3: «ودعك» in 18 segment(s): BINTSHATI-IJAZ:p244, BINTSHATI-IJAZ:p250, BINTSHATI-IJAZ:p268, BURHAN:v1p75, BURHAN:v3p106, BURHAN:v3p167, BURHAN:v3p318, IBNKATHIR-FULL:v1p22, ITQAN:v1p94#3, ITQAN:v2p339#2, ITQAN:v3p154, ITQAN:v3p268 …
quotes 93:3: «وما قلي» in 18 segment(s): BINTSHATI-IJAZ:p244, BINTSHATI-IJAZ:p250, BINTSHATI-IJAZ:p268, BINTSHATI-IJAZ:p269, BURHAN:v1p75, BURHAN:v3p106, BURHAN:v3p167, BURHAN:v3p318, IBNKATHIR-FULL:v1p22, ITQAN:v1p94#3, ITQAN:v2p339#2, ITQAN:v3p154 …
quotes 93:3: «ما ودعك ربك» in 14 segment(s) (hadith, sīra, poetry only): BUKHARI:1125, BUKHARI:4950, BUKHARI:4951, BUKHARI:4983, IBNHIBBAN:6565, IBNHIBBAN:6566, IBNHISHAM:v1p241#3, MUSLIM:4656, MUSLIM:4657, MUSNAD-AHMAD:18796, MUSNAD-AHMAD:18801, MUSNAD-AHMAD:18804 …
quotes 93:3: «ودعك ربك وما» in 14 segment(s) (hadith, sīra, poetry only): BUKHARI:1125, BUKHARI:4950, BUKHARI:4951, BUKHARI:4983, IBNHIBBAN:6565, IBNHIBBAN:6566, IBNHISHAM:v1p241#3, MUSLIM:4656, MUSLIM:4657, MUSNAD-AHMAD:18796, MUSNAD-AHMAD:18801, MUSNAD-AHMAD:18804 …
quotes 93:3: «ربك وما قلي» in 14 segment(s) (hadith, sīra, poetry only): BUKHARI:1125, BUKHARI:4950, BUKHARI:4951, BUKHARI:4983, IBNHIBBAN:6565, IBNHIBBAN:6566, IBNHISHAM:v1p241#3, MUSLIM:4656, MUSLIM:4657, MUSNAD-AHMAD:18796, MUSNAD-AHMAD:18801, MUSNAD-AHMAD:18804 …
quotes 93:4: 6 unique window(s): وللاخره خير | خير لك | من الاولي | وللاخره خير لك | خير لك من | لك من الاولي
quotes 93:4: «وللاخره خير» in 1 segment(s): BINTSHATI-IJAZ:p278
quotes 93:4: «خير لك» in 12 segment(s): BINTSHATI-IJAZ:p278, BURHAN:v2p458, BURHAN:v3p202, ITQAN:v4p406, JISHUMI:v2p1037, NASHR:v2p458, SIBAWAYH:وذلكقولكمتىسيرعليه؟فيقولمقدمالحاجوخفوقالنجموخلافةفلان#87, SIBAWAYH:وذلكقولكهذاولازعماتك|أىولاأتوهمms119زعماتك|ومنذلكقولالشاعر#111, SIBAWAYH:(هذابابمايرتفعبينالجزمينوينجزمبينهما)#488, SIBAWAYH:(هذابابالحروفالتيلاتقدمفيهاالأسماءالفعل)#492, SIBAWAYH:(هذابابمنأبوابأنالتيتكونوالفعلبمنزلةمصدر)#510, TAB-FULL:v1p87
quotes 93:4: «من الاولي» in 28 segment(s): BAQILLANI:v1p146, BINTSHATI-IJAZ:p278, BURHAN:v1p46, BURHAN:v1p468, BURHAN:v2p459, BURHAN:v3p432, BURHAN:v4p266, BURHAN:v4p416, ITQAN:v2p432, ITQAN:v3p119#2, ITQAN:v3p120#2, ITQAN:v3p280 …
quotes 93:4: «وللاخره خير لك» in 1 segment(s) (hadith, sīra, poetry only): IBNHISHAM:v1p241#3
quotes 93:4: «خير لك من» in 38 segment(s) (hadith, sīra, poetry only): ABUDAWUD:1641, ABUDAWUD:2988, ABUDAWUD:3661, ABUDAWUD:4246, BUKHARI:2942, BUKHARI:3009, BUKHARI:3701, BUKHARI:4210, IBNHIBBAN:5529, IBNHIBBAN:v13p298, IBNHIBBAN:6668, IBNHIBBAN:v15p377 …
quotes 93:4: «لك من الاولي» in 1 segment(s) (hadith, sīra, poetry only): IBNHISHAM:v1p241#3
quotes 93:5: 7 unique window(s): يعطيك | فترضي | ولسوف يعطيك | يعطيك ربك | ربك فترضي | ولسوف يعطيك ربك | يعطيك ربك فترضي
quotes 93:5: «يعطيك» in 21 segment(s): BINTSHATI-IJAZ:p278, BURHAN:v1p446, BURHAN:v2p418, BURHAN:v4p86, BURHAN:v4p282, ITQAN:v2p475, ITQAN:v2p571, ITQAN:v4p427, JURJANI-ASRAR:v1p22#2, JURJANI-ASRAR:v1p114, JURJANI-ASRAR:v1p123, JURJANI-ASRAR:v1p206 …
quotes 93:5: «فترضي» in 10 segment(s): BINTSHATI-IJAZ:p278, BURHAN:v1p446, BURHAN:v2p418, BURHAN:v4p86, BURHAN:v4p282, ITQAN:v1p94#3, ITQAN:v1p109, ITQAN:v2p571, ITQAN:v4p427, NASHR:v2p408
quotes 93:5: «ولسوف يعطيك ربك» in 1 segment(s) (hadith, sīra, poetry only): IBNHISHAM:v1p241#3
quotes 93:5: «يعطيك ربك فترضي» in 1 segment(s) (hadith, sīra, poetry only): IBNHISHAM:v1p241#3
quotes 93:6: 7 unique window(s): يجدك | فاوي | الم يجدك | يجدك يتيما | يتيما فاوي | الم يجدك يتيما | يجدك يتيما فاوي
quotes 93:6: «يجدك» in 14 segment(s): BINTSHATI-IJAZ:p452, BINTSHATI-IJAZ:p505, BURHAN:v2p331, BURHAN:v2p334, BURHAN:v2p339, DAMGHANI:v1p477, IBNJAWZI-NUZHA:v1p291, ITQAN:v3p212, ITQAN:v3p251#2, NASHR:v2p407, SAMARRAI-ASRAR-MUH:p120, SAMARRAI-LAMASAT-HALAQAT:p569 …
quotes 93:6: «فاوي» in 11 segment(s): BINTSHATI-IJAZ:p452, BINTSHATI-IJAZ:p505, BURHAN:v2p331, BURHAN:v2p339, DAMGHANI:v1p477, ITQAN:v3p212, ITQAN:v3p251#2, SAMARRAI-ASRAR-MUH:p120, SAMARRAI-LAMASAT-HALAQAT:p569, SAMARRAI-LAMASAT-HALAQAT:p1097, SAMARRAI-LAMASAT-HALAQAT:p1098
quotes 93:6: «الم يجدك يتيما» in 1 segment(s) (hadith, sīra, poetry only): IBNHISHAM:v1p241#3
quotes 93:6: «يجدك يتيما فاوي» in 1 segment(s) (hadith, sīra, poetry only): IBNHISHAM:v1p241#3
quotes 93:7: 4 unique window(s): ضالا | ووجدك ضالا | ضالا فهدي | ووجدك ضالا فهدي
quotes 93:7: «ضالا» in 17 segment(s): BINTSHATI-IJAZ:p452, BURHAN:v2p77, BURHAN:v2p331, DAMGHANI:v1p445, IBNJAWZI-NUZHA:v1p408, IBNJAWZI-NUZHA:v1p615, IBNJAWZI-NUZHA:v1p629, IBNQUTAYBA-MUSHKIL:v1p83, IBNQUTAYBA-MUSHKIL:v1p254, ITQAN:v2p310, ITQAN:v3p124, ITQAN:v3p251#2 …
quotes 93:7: «ووجدك ضالا فهدي» in 1 segment(s) (hadith, sīra, poetry only): IBNHISHAM:v1p241#3
quotes 93:8: 5 unique window(s): عايلا | فاغني | ووجدك عايلا | عايلا فاغني | ووجدك عايلا فاغني
quotes 93:8: «عايلا» in 5 segment(s): BINTSHATI-IJAZ:p381, BINTSHATI-IJAZ:p452, ITQAN:v3p251#2, NASHR:v2p409, SAMARRAI-LAMASAT-HALAQAT:p1097
quotes 93:8: «فاغني» in 9 segment(s): BINTSHATI-IJAZ:p381, BINTSHATI-IJAZ:p452, BURHAN:v4p27, BURHAN:v4p41, ITQAN:v3p251#2, NASHR:v2p401, SAMARRAI-LAMASAT-HALAQAT:p1097, SAMARRAI-LAMASAT-HALAQAT:p1098, SIBAWAYH:(هذابابمجرىنعتالمعرفةعليها)#206
quotes 93:8: «ووجدك عايلا فاغني» in 1 segment(s) (hadith, sīra, poetry only): IBNHISHAM:v1p241#3
quotes 93:9: 6 unique window(s): تقهر | فاما اليتيم | اليتيم فلا | فلا تقهر | فاما اليتيم فلا | اليتيم فلا تقهر
quotes 93:9: «تقهر» in 12 segment(s): BINTSHATI-IJAZ:p269, BURHAN:v1p73, BURHAN:v2p369, BURHAN:v4p242, ITQAN:v2p447#4, ITQAN:v3p251#2, ITQAN:v3p279, NASHR:v2p104, SAMARRAI-ASRAR:r4, SAMARRAI-ASRAR-MUH:p27, SAMARRAI-LAMASAT-HALAQAT:p478, YKHULI-TAJDID:c4
quotes 93:9: «فاما اليتيم» in 10 segment(s): BINTSHATI-IJAZ:p269, BURHAN:v1p73, BURHAN:v2p369, BURHAN:v4p242, ITQAN:v2p447#4, ITQAN:v3p251#2, ITQAN:v3p279, SAMARRAI-ASRAR:r4, SAMARRAI-ASRAR-MUH:p27, SAMARRAI-LAMASAT-HALAQAT:p478
quotes 93:9: «اليتيم فلا» in 10 segment(s): BINTSHATI-IJAZ:p269, BURHAN:v1p73, BURHAN:v2p369, BURHAN:v4p242, ITQAN:v2p447#4, ITQAN:v3p251#2, ITQAN:v3p279, SAMARRAI-ASRAR:r4, SAMARRAI-ASRAR-MUH:p27, SAMARRAI-LAMASAT-HALAQAT:p478
quotes 93:9: «فاما اليتيم فلا» in 3 segment(s) (hadith, sīra, poetry only): IBNHISHAM:v1p242, RIYAD:1.33, RIYAD:1.48
quotes 93:9: «اليتيم فلا تقهر» in 2 segment(s) (hadith, sīra, poetry only): IBNHISHAM:v1p242, RIYAD:1.33
quotes 93:10: 7 unique window(s): السايل | تنهر | واما السايل | السايل فلا | فلا تنهر | واما السايل فلا | السايل فلا تنهر
NOTE quotes 93:10: window «السايل» in 74 segments, too common alone; the longer windows that contain it are used instead
quotes 93:10: «تنهر» in 12 segment(s): BINTSHATI-IJAZ:p269, BURHAN:v1p73, BURHAN:v4p242, DAMGHANI:v1p223, ITQAN:v3p251#2, ITQAN:v3p279, NASHR:v2p104, NASHR:v2p104#2, NASHR:v2p122, SAMARRAI-ASRAR:r4, SAMARRAI-ASRAR-MUH:p27, SAMARRAI-LAMASAT-HALAQAT:p478
quotes 93:10: «واما السايل» in 9 segment(s): BINTSHATI-IJAZ:p269, BURHAN:v1p73, BURHAN:v4p242, DAMGHANI:v1p223, ITQAN:v3p251#2, ITQAN:v3p279, SAMARRAI-ASRAR:r4, SAMARRAI-ASRAR-MUH:p27, SAMARRAI-LAMASAT-HALAQAT:p478
quotes 93:10: «السايل فلا» in 9 segment(s): BINTSHATI-IJAZ:p269, BURHAN:v1p73, BURHAN:v4p242, DAMGHANI:v1p223, ITQAN:v3p251#2, ITQAN:v3p279, SAMARRAI-ASRAR:r4, SAMARRAI-ASRAR-MUH:p27, SAMARRAI-LAMASAT-HALAQAT:p478
quotes 93:10: «واما السايل فلا» in 2 segment(s) (hadith, sīra, poetry only): IBNHISHAM:v1p242, RIYAD:1.33
quotes 93:10: «السايل فلا تنهر» in 3 segment(s) (hadith, sīra, poetry only): IBNHISHAM:v1p242, RIYAD:1.33, RIYAD:1.48
quotes 93:11: 5 unique window(s): فحدث | واما بنعمه | ربك فحدث | واما بنعمه ربك | بنعمه ربك فحدث
quotes 93:11: «فحدث» in 13 segment(s): BINTSHATI-IJAZ:p41, BINTSHATI-IJAZ:p269, BURHAN:v1p231, BURHAN:v1p470#2, DAMGHANI:v1p460, IBNJAWZI-NUZHA:v1p597, ITQAN:v3p22, ITQAN:v3p251#2, NASHR:v1p419#2, NASHR:v2p432, NASHR:v2p433, NASHR:v2p434 …
quotes 93:11: «واما بنعمه» in 4 segment(s): BINTSHATI-IJAZ:p269, DAMGHANI:v1p460, IBNJAWZI-NUZHA:v1p597, ITQAN:v3p251#2
quotes 93:11: «واما بنعمه ربك» in 1 segment(s) (hadith, sīra, poetry only): IBNHISHAM:v1p242
quotes 93:11: «بنعمه ربك فحدث» in 1 segment(s) (hadith, sīra, poetry only): IBNHISHAM:v1p242
quotes 94:1: 6 unique window(s): نشرح | الم نشرح | نشرح لك | لك صدرك | الم نشرح لك | نشرح لك صدرك
NOTE quotes 94:1: window «نشرح» in 55 segments, too common alone; the longer windows that contain it are used instead
NOTE quotes 94:1: window «الم نشرح» in 47 segments, too common alone; the longer windows that contain it are used instead
quotes 94:1: «نشرح لك» in 13 segment(s): BINTSHATI-IJAZ:p149, BURHAN:v1p170, BURHAN:v1p253#2, BURHAN:v2p331, BURHAN:v2p334, BURHAN:v2p339, ITQAN:v3p27#2, ITQAN:v3p192#3, ITQAN:v3p212, ITQAN:v3p279, ITQAN:v3p299, NASHR:v2p420 …
quotes 94:1: «لك صدرك» in 14 segment(s): BINTSHATI-IJAZ:p149, BURHAN:v1p170, BURHAN:v1p253#2, BURHAN:v2p331, BURHAN:v2p334, BURHAN:v2p339, ITQAN:v1p127, ITQAN:v3p27#2, ITQAN:v3p192#3, ITQAN:v3p212, ITQAN:v3p279, ITQAN:v3p299 …
quotes 94:1: «الم نشرح لك» in 0 segment(s) (hadith, sīra, poetry only): 
quotes 94:1: «نشرح لك صدرك» in 0 segment(s) (hadith, sīra, poetry only): 
quotes 94:2: 5 unique window(s): ووضعنا | وزرك | ووضعنا عنك | عنك وزرك | ووضعنا عنك وزرك
quotes 94:2: «ووضعنا» in 7 segment(s): BURHAN:v2p331, DAMGHANI:v1p490, IBNJAWZI-NUZHA:v1p611, IBNQUTAYBA-MUSHKIL:v1p91, ITQAN:v3p212, MAJAZ:v1p1#29, SAMARRAI-LAMASAT-HALAQAT:p821
quotes 94:2: «وزرك» in 10 segment(s): BURHAN:v2p331, DAMGHANI:v1p490, IBNJAWZI-NUZHA:v1p611, IBNQUTAYBA-MUSHKIL:v1p91, ITQAN:v1p127, ITQAN:v3p212, MAJAZ:v2p449#2, NASHR:v1p218#2, NASHR:v2p97, SAMARRAI-LAMASAT-HALAQAT:p821
quotes 94:2: «ووضعنا عنك وزرك» in 0 segment(s) (hadith, sīra, poetry only): 
quotes 94:3: 5 unique window(s): انقض | ظهرك | الذي انقض | انقض ظهرك | الذي انقض ظهرك
quotes 94:3: «انقض» in 6 segment(s): ALUSI-FULL:v1p30, IBNJAWZI-NUZHA:v1p428#2, ITQAN:v4p313, NASHR:v1p219, SAMARRAI-LAMASAT-HALAQAT:p821, SIBAWAYH:وذلكقولكمررتبهوحدهومررتبهموحدهمومررتبرجلوحده|ومثلذلكفى#169
quotes 94:3: «ظهرك» in 4 segment(s): IBNJAWZI-NUZHA:v1p428#2, ITQAN:v1p96, NASHR:v1p219, SAMARRAI-LAMASAT-HALAQAT:p821
quotes 94:3: «الذي انقض ظهرك» in 0 segment(s) (hadith, sīra, poetry only): 
quotes 94:4: 4 unique window(s): ذكرك | ورفعنا لك | لك ذكرك | ورفعنا لك ذكرك
quotes 94:4: «ذكرك» in 18 segment(s): ITQAN:v1p127, ITQAN:v3p144, ITQAN:v4p529#3, ITQAN:v4p536#3, JISHUMI:v1p888, JURJANI-ASRAR:v1p284, JURJANI-DALAIL:v1p267, JURJANI-DALAIL:v1p392, NASHR:v2p97, NASHR:v2p409, NASHR:v2p467, SAMARRAI-LAMASAT-HALAQAT:p821 …
quotes 94:4: «ورفعنا لك» in 2 segment(s): NASHR:v2p409, SAMARRAI-LAMASAT-HALAQAT:p821
quotes 94:4: «ورفعنا لك ذكرك» in 0 segment(s) (hadith, sīra, poetry only): 
quotes 94:5: 2 unique window(s): فان مع | فان مع العسر
quotes 94:5: «فان مع» in 8 segment(s): BAQILLANI:v1p105, BURHAN:v2p386, BURHAN:v4p93#2, BURHAN:v4p97, IBNQUTAYBA-MUSHKIL:v1p150, ITQAN:v2p560, ITQAN:v3p177, SAMARRAI-LAMASAT-HALAQAT:p817
quotes 94:5: «فان مع العسر» in 0 segment(s) (hadith, sīra, poetry only): 
quotes 94:6: 1 unique window(s): ان مع العسر
quotes 94:6: «ان مع العسر» in 10 segment(s): BAQILLANI:v1p105, BURHAN:v2p386, BURHAN:v4p93#2, BURHAN:v4p97, IBNQUTAYBA-MUSHKIL:v1p150, ITQAN:v2p560, ITQAN:v3p177, SAMARRAI-LAMASAT-HALAQAT:p817, SAMARRAI-LAMASAT-HALAQAT:p951, SAMARRAI-LAMASAT-HALAQAT:p952
quotes 94:7: 5 unique window(s): فرغت | فانصب | فاذا فرغت | فرغت فانصب | فاذا فرغت فانصب
quotes 94:7: «فرغت» in 12 segment(s): IBNASHUR-FULL:v1p94, IBNQUTAYBA-MUSHKIL:v1p70, JURJANI-DALAIL:v1p58, JURJANI-DALAIL:v1p100, JURJANI-DALAIL:v1p353, NASHR:v2p205, NASHR:v2p409, NASHR:v2p455, NASHR:v2p456, SIBAWAYH:(هذابابمالحقتهالزوائدمنبناتالأربعةغيرالفعل)#758, TAB-FULL:v1p55, WAHIDI-BASIT:v1p421
quotes 94:7: «فانصب» in 3 segment(s): ITQAN:v2p339#3, NASHR:v1p216, SIBAWAYH:أىذلكفعلتجازفإنحملتهعلىالاسمالذىبنىعليهالفعلكانبمنزلته#54
quotes 94:7: «فاذا فرغت فانصب» in 0 segment(s) (hadith, sīra, poetry only): 
quotes 94:8: 4 unique window(s): فارغب | والي ربك | ربك فارغب | والي ربك فارغب
quotes 94:8: «فارغب» in 2 segment(s): NASHR:v1p216, NASHR:v1p219
quotes 94:8: «والي ربك» in 0 segment(s): 
quotes 94:8: «والي ربك فارغب» in 0 segment(s) (hadith, sīra, poetry only): 
quotes 95:1: 2 unique window(s): والتين | والتين والزيتون
quotes 95:1: «والتين» in 23 segment(s): BINTSHATI-IJAZ:p245, BINTSHATI-IJAZ:p273, BINTSHATI-IJAZ:p570, BURHAN:v1p179#2, BURHAN:v1p193, BURHAN:v2p34, BURHAN:v3p40, BURHAN:v3p42, DAMGHANI:v1p237, DAMGHANI:v1p443, ITQAN:v1p37, ITQAN:v1p38 …
quotes 95:2: 3 unique window(s): وطور | سينين | وطور سينين
quotes 95:2: «وطور» in 12 segment(s): BINTSHATI-IJAZ:p245, BURHAN:v1p60#2, BURHAN:v2p213, BURHAN:v3p42, ITQAN:v1p78, ITQAN:v1p298, ITQAN:v3p49, ITQAN:v3p270, ITQAN:v4p351, ITQAN:v4p377, KHATTABI:v1p47, SIBAWAYH:فيرتفعكماينتصبإذاشغلتالفعلبهوينتصبإذاشغلتالفعلبغيره#89
quotes 95:2: «سينين» in 11 segment(s): BURHAN:v1p60#2, BURHAN:v1p288, BURHAN:v2p213, BURHAN:v3p42, ITQAN:v1p298, ITQAN:v2p400, ITQAN:v2p408, ITQAN:v3p49, ITQAN:v3p270, ITQAN:v4p351, KHATTABI:v1p47
quotes 95:3: 3 unique window(s): وهاذا البلد | البلد الامين | وهاذا البلد الامين
quotes 95:3: «وهاذا البلد» in 0 segment(s): 
quotes 95:3: «البلد الامين» in 9 segment(s): BURHAN:v2p45, BURHAN:v2p281, BURHAN:v3p42, DAMGHANI:v1p75, ITQAN:v1p298, ITQAN:v3p80, ITQAN:v4p351, KHATTABI:v1p47, SAMARRAI-LAMASAT-HALAQAT:p931
quotes 95:3: «وهاذا البلد الامين» in 0 segment(s) (hadith, sīra, poetry only): 
quotes 95:4: 5 unique window(s): تقويم | في احسن | احسن تقويم | الانسان في احسن | في احسن تقويم
quotes 95:4: «تقويم» in 17 segment(s): DAMGHANI:v1p49, GHARNATI:v1p179, IBNASHUR-FULL:v1p36, IBNASHUR-FULL:v1p80, IBNJAWZI-NUZHA:v1p178, IBNJAWZI-NUZHA:v1p625#2, IBNQUTAYBA-MUSHKIL:v1p204#2, ITQAN:v2p538, ITQAN:v4p353, JURJANI-DALAIL:v1p90, JURJANI-DALAIL:v1p296, JURJANI-DALAIL:v1p376 …
quotes 95:4: «في احسن» in 21 segment(s): BINTSHATI-IJAZ:p88, BINTSHATI-IJAZ:p90, BINTSHATI-IJAZ:p104, BINTSHATI-IJAZ:p257, BURHAN:v2p103, BURHAN:v4p176, BURHAN:v4p251, DAMGHANI:v1p49, GHARNATI:v1p179, IBNJAWZI-NUZHA:v1p178, IBNQUTAYBA-MUSHKIL:v1p204#2, ITQAN:v4p320 …
quotes 95:4: «الانسان في احسن» in 0 segment(s) (hadith, sīra, poetry only): 
quotes 95:4: «في احسن تقويم» in 0 segment(s) (hadith, sīra, poetry only): 
quotes 95:5: 7 unique window(s): رددناه | سافلين | ثم رددناه | رددناه اسفل | اسفل سافلين | ثم رددناه اسفل | رددناه اسفل سافلين
quotes 95:5: «رددناه» in 6 segment(s): BURHAN:v4p172, DAMGHANI:v1p237, IBNJAWZI-NUZHA:v1p100, IBNJAWZI-NUZHA:v1p123, IBNQUTAYBA-MUSHKIL:v1p204#2, NASHR:v1p3
quotes 95:5: «سافلين» in 7 segment(s): BURHAN:v4p172, DAMGHANI:v1p237, IBNJAWZI-NUZHA:v1p100, IBNJAWZI-NUZHA:v1p123, IBNQUTAYBA-MUSHKIL:v1p204#2, MAJAZ:v2p421, NASHR:v1p3
quotes 95:5: «ثم رددناه اسفل» in 0 segment(s) (hadith, sīra, poetry only): 
quotes 95:5: «رددناه اسفل سافلين» in 0 segment(s) (hadith, sīra, poetry only): 
quotes 95:6: 3 unique window(s): فلهم اجر | الصالحات فلهم اجر | فلهم اجر غير
quotes 95:6: «فلهم اجر» in 1 segment(s): IBNQUTAYBA-MUSHKIL:v1p204#2
quotes 95:6: «الصالحات فلهم اجر» in 0 segment(s) (hadith, sīra, poetry only): 
quotes 95:6: «فلهم اجر غير» in 0 segment(s) (hadith, sīra, poetry only): 
quotes 95:7: 6 unique window(s): يكذبك | فما يكذبك | يكذبك بعد | بعد بالدين | فما يكذبك بعد | يكذبك بعد بالدين
quotes 95:7: «يكذبك» in 3 segment(s): BINTSHATI-IJAZ:p189, IBNQUTAYBA-MUSHKIL:v1p166, IBNQUTAYBA-MUSHKIL:v1p204#2
quotes 95:7: «بعد بالدين» in 2 segment(s): BINTSHATI-IJAZ:p189, IBNQUTAYBA-MUSHKIL:v1p204#2
quotes 95:7: «فما يكذبك بعد» in 0 segment(s) (hadith, sīra, poetry only): 
quotes 95:7: «يكذبك بعد بالدين» in 0 segment(s) (hadith, sīra, poetry only): 
quotes 95:8: 5 unique window(s): باحكم | الله باحكم | باحكم الحاكمين | اليس الله باحكم | الله باحكم الحاكمين
quotes 95:8: «باحكم» in 7 segment(s): BINTSHATI-IJAZ:p189, BURHAN:v4p170, IBNQUTAYBA-MUSHKIL:v1p204#2, ITQAN:v3p58, SAMARRAI-ASRAR-MUH:p108, SAMARRAI-LAMASAT-HALAQAT:p557, SAMARRAI-LAMASAT-HALAQAT:p788
quotes 95:8: «اليس الله باحكم» in 2 segment(s) (hadith, sīra, poetry only): ABUDAWUD:887, TIRMIDHI:3347
quotes 95:8: «الله باحكم الحاكمين» in 2 segment(s) (hadith, sīra, poetry only): ABUDAWUD:887, TIRMIDHI:3347
quotes 96:1: 5 unique window(s): اقرا باسم | ربك الذي | اقرا باسم ربك | باسم ربك الذي | ربك الذي خلق
quotes 96:1: «اقرا باسم» in 34 segment(s): BAQILLANI:v1p292, BURHAN:v1p65, BURHAN:v1p180, BURHAN:v1p193, BURHAN:v1p206, BURHAN:v1p207, BURHAN:v1p259, BURHAN:v2p470, BURHAN:v4p251, IBNASHUR-FULL:v1p71, IBNASHUR-FULL:v1p87, IBNJAWZI-NUZHA:v1p176#2 …
quotes 96:1: «ربك الذي» in 13 segment(s): BURHAN:v1p65, BURHAN:v1p206, BURHAN:v2p470, BURHAN:v2p486, BURHAN:v4p251, IBNJAWZI-NUZHA:v1p176#2, ITQAN:v1p74, ITQAN:v1p75, RAZI-FULL:v1p59, TAB-FULL:v1p92, WAHIDI-ASBAB:v1p10, WAHIDI-ASBAB:v1p11 …
quotes 96:1: «اقرا باسم ربك» in 27 segment(s) (hadith, sīra, poetry only): ABUDAWUD:1407, AZRAQI:v2p204, BUKHARI:3, BUKHARI:4922, BUKHARI:4924, BUKHARI:4953, BUKHARI:4955, BUKHARI:4956, BUKHARI:6982, IBNHIBBAN:v1p217, IBNHIBBAN:34, IBNHIBBAN:2767 …
quotes 96:1: «باسم ربك الذي» in 19 segment(s) (hadith, sīra, poetry only): ABUDAWUD:1407, AZRAQI:v2p204, BUKHARI:3, BUKHARI:4922, BUKHARI:4924, BUKHARI:4953, BUKHARI:4955, BUKHARI:4956, BUKHARI:6982, IBNHIBBAN:v1p217, IBNHIBBAN:34, IBNHIBBAN:2767 …
quotes 96:1: «ربك الذي خلق» in 19 segment(s) (hadith, sīra, poetry only): ABUDAWUD:1407, AZRAQI:v2p204, BUKHARI:3, BUKHARI:4922, BUKHARI:4924, BUKHARI:4953, BUKHARI:4955, BUKHARI:4956, BUKHARI:6982, IBNHIBBAN:v1p217, IBNHIBBAN:34, IBNHIBBAN:2767 …
quotes 96:2: 2 unique window(s): من علق | الانسان من علق
quotes 96:2: «من علق» in 6 segment(s): BINTSHATI-IJAZ:p162, BURHAN:v1p65, BURHAN:v2p470, IBNJAWZI-NUZHA:v1p176#2, ITQAN:v3p196, WAHIDI-ASBAB:v1p11
quotes 96:2: «الانسان من علق» in 7 segment(s) (hadith, sīra, poetry only): AZRAQI:v2p204, BUKHARI:3, BUKHARI:4953, BUKHARI:4955, BUKHARI:4956, IBNHISHAM:v1p235#2, MUSLIM:403
quotes 96:3: 4 unique window(s): الاكرم | اقرا وربك | وربك الاكرم | اقرا وربك الاكرم
quotes 96:3: «الاكرم» in 8 segment(s): BINTSHATI-IJAZ:p272, BINTSHATI-IJAZ:p274, BURHAN:v1p206, BURHAN:v2p455, IBNKATHIR-FULL:v1p48, RIFAI-KHULI:c7, SAMARRAI-LAMASAT-HALAQAT:p627, WAHIDI-ASBAB:v1p11
quotes 96:3: «اقرا وربك» in 3 segment(s): BINTSHATI-IJAZ:p272, BINTSHATI-IJAZ:p274, WAHIDI-ASBAB:v1p11
quotes 96:3: «اقرا وربك الاكرم» in 7 segment(s) (hadith, sīra, poetry only): AZRAQI:v2p204, BUKHARI:3, BUKHARI:4953, BUKHARI:4955, BUKHARI:4956, IBNHISHAM:v1p235#2, MUSLIM:403
quotes 96:4: 4 unique window(s): بالقلم | الذي علم | علم بالقلم | الذي علم بالقلم
quotes 96:4: «بالقلم» in 20 segment(s): BINTSHATI-IJAZ:p160, BINTSHATI-IJAZ:p162, BINTSHATI-IJAZ:p272, BURHAN:v1p377, BURHAN:v4p255, DAMGHANI:v1p389, IBNJAWZI-NUZHA:v1p208, IBNJAWZI-NUZHA:v1p481#2, IBNQUTAYBA-MUSHKIL:v1p183, ITQAN:v4p335, ITQAN:v4p363, ITQAN:v4p442 …
quotes 96:4: «الذي علم» in 2 segment(s): BINTSHATI-IJAZ:p272, WAHIDI-ASBAB:v1p11
quotes 96:4: «الذي علم بالقلم» in 5 segment(s) (hadith, sīra, poetry only): AZRAQI:v2p204, BUKHARI:4953, BUKHARI:4956, IBNHISHAM:v1p235#2, MUSLIM:403
quotes 96:5: 5 unique window(s): علم الانسان | لم يعلم | علم الانسان ما | الانسان ما لم | ما لم يعلم
quotes 96:5: «علم الانسان» in 10 segment(s): BINTSHATI-IJAZ:p162, BURHAN:v1p206, BURHAN:v1p371, BURHAN:v1p377, BURHAN:v4p315, ITQAN:v3p196, ITQAN:v3p284, ITQAN:v4p442, SAMARRAI-LAMASAT-HALAQAT:p1044, WAHIDI-ASBAB:v1p11
NOTE quotes 96:5: window «لم يعلم» in 56 segments, too common alone; the longer windows that contain it are used instead
quotes 96:5: «علم الانسان ما» in 4 segment(s) (hadith, sīra, poetry only): AZRAQI:v2p204, BUKHARI:4953, IBNHISHAM:v1p235#2, MUSLIM:403
quotes 96:5: «الانسان ما لم» in 13 segment(s): AZRAQI:v2p204, BINTSHATI-IJAZ:p162, BUKHARI:4953, BURHAN:v1p206, BURHAN:v1p371, BURHAN:v1p377, BURHAN:v4p315, IBNHISHAM:v1p235#2, ITQAN:v3p196, ITQAN:v3p284, ITQAN:v4p442, MUSLIM:403 …
quotes 96:5: «ما لم يعلم» in 30 segment(s): ALUSI-FULL:v1p5#2, AZRAQI:v2p204, BINTSHATI-IJAZ:p162, BUKHARI:4953, BUKHARI:6982, BURHAN:v1p206, BURHAN:v1p371, BURHAN:v1p377, BURHAN:v4p315, BURHAN:v4p400, IBNATIYYA-FULL:v1p41, IBNHIBBAN:v1p217 …
quotes 96:6: 4 unique window(s): ليطغي | الانسان ليطغي | كلا ان الانسان | ان الانسان ليطغي
quotes 96:6: «ليطغي» in 11 segment(s): BURHAN:v2p140, BURHAN:v3p260#2, BURHAN:v4p315, DAMGHANI:v1p49, IBNJAWZI-NUZHA:v1p178, IBNJAWZI-NUZHA:v1p511, ITQAN:v2p494#3, ITQAN:v3p38, ITQAN:v3p196, NASHR:v2p401, SAMARRAI-LAMASAT-HALAQAT:p692
quotes 96:6: «كلا ان الانسان» in 9 segment(s): BURHAN:v2p140, BURHAN:v4p315, DAMGHANI:v1p49, IBNJAWZI-NUZHA:v1p178, IBNJAWZI-NUZHA:v1p511, ITQAN:v2p494#3, ITQAN:v3p196, MUSLIM:7065, SAMARRAI-LAMASAT-HALAQAT:p692
quotes 96:6: «ان الانسان ليطغي» in 2 segment(s) (hadith, sīra, poetry only): MUSLIM:7065, MUSNAD-AHMAD:8831
quotes 96:7: 3 unique window(s): ان راه | راه استغني | ان راه استغني
quotes 96:7: «ان راه» in 6 segment(s): BURHAN:v2p140, BURHAN:v3p260#2, DAMGHANI:v1p49, IBNJAWZI-NUZHA:v1p178, ITQAN:v3p38, NASHR:v2p401
quotes 96:7: «راه استغني» in 6 segment(s): BURHAN:v2p140, BURHAN:v3p260#2, DAMGHANI:v1p49, IBNJAWZI-NUZHA:v1p178, ITQAN:v3p38, NASHR:v2p401
quotes 96:7: «ان راه استغني» in 2 segment(s) (hadith, sīra, poetry only): MUSLIM:7065, MUSNAD-AHMAD:8831
quotes 96:8: 5 unique window(s): الرجعي | ان الي | ربك الرجعي | ان الي ربك | الي ربك الرجعي
quotes 96:8: «الرجعي» in 6 segment(s): BURHAN:v2p215, BURHAN:v2p515, JISHUMI:v1p661#2, JISHUMI:v1p912, MAJAZ:v2p415#2, NASHR:v2p98
quotes 96:8: «ان الي» in 12 segment(s): BURHAN:v2p515, BURHAN:v3p60, BURHAN:v3p194, BURHAN:v3p339, BURHAN:v4p232, BURHAN:v4p233, IBNASHUR-FULL:v1p29, IBNJAWZI-NUZHA:v1p102, ITQAN:v2p445, JISHUMI:v1p661#2, JURJANI-DALAIL:v1p310, SIBAWAYH:(هذابابآخرمنأبوابإن)#508
quotes 96:8: «ان الي ربك» in 2 segment(s) (hadith, sīra, poetry only): MUSLIM:7065, MUSNAD-AHMAD:8831
quotes 96:8: «الي ربك الرجعي» in 2 segment(s) (hadith, sīra, poetry only): MUSLIM:7065, MUSNAD-AHMAD:8831
quotes 96:9: 3 unique window(s): ينهي | الذي ينهي | اريت الذي ينهي
quotes 96:9: «ينهي» in 29 segment(s): BINTSHATI-IJAZ:p26, BURHAN:v3p81, BURHAN:v4p37, BURHAN:v4p178, BURHAN:v4p353, DAMGHANI:v1p65, DAMGHANI:v1p73, IBNATIYYA-FULL:v1p38, IBNKATHIR-FULL:v1p45, IBNQUTAYBA-MUSHKIL:v1p282, IBNQUTAYBA-MUSHKIL:v1p294#2, IBNQUTAYBA-MUSHKIL:v1p294#3 …
quotes 96:9: «اريت الذي ينهي» in 0 segment(s) (hadith, sīra, poetry only): 
quotes 96:10: 3 unique window(s): عبدا اذا | اذا صلي | عبدا اذا صلي
quotes 96:10: «عبدا اذا» in 3 segment(s): BURHAN:v4p178, SAMARRAI-ASRAR-MUH:p91, SAMARRAI-LAMASAT-HALAQAT:p541
quotes 96:10: «اذا صلي» in 7 segment(s): BURHAN:v4p178, JISHUMI:v1p645, JISHUMI:v2p961, NASHR:v2p112, NASHR:v2p461#2, SAMARRAI-ASRAR-MUH:p91, SAMARRAI-LAMASAT-HALAQAT:p541
quotes 96:10: «عبدا اذا صلي» in 5 segment(s) (hadith, sīra, poetry only): IBNHIBBAN:6571, IBNHISHAM:v1p311#3, MUSLIM:7065, MUSNAD-AHMAD:3044, MUSNAD-AHMAD:8831
quotes 96:11: 3 unique window(s): اريت ان كان | ان كان علي | كان علي الهدي
quotes 96:11: «اريت ان كان» in 0 segment(s): 
quotes 96:11: «ان كان علي» in 11 segment(s): BUKHARI:3267, IBNHISHAM:v1p311#3, IBNJAWZI-NUZHA:v1p629, JURJANI-DALAIL:v1p24, MALIK:1362, MUSLIM:7065, MUSNAD-AHMAD:3044, MUSNAD-AHMAD:8831, MUSNAD-AHMAD:16607, MUSNAD-AHMAD:23196, MUSNAD-AHMAD:26564
quotes 96:11: «كان علي الهدي» in 10 segment(s): IBNHIBBAN:123, IBNHISHAM:v1p311#3, IBNJAWZI-NUZHA:v1p629, MUSLIM:6227, MUSLIM:6228, MUSLIM:7065, MUSNAD-AHMAD:3044, MUSNAD-AHMAD:8831, RIYAD:346, SAMARRAI-ASRAR:r7#7
quotes 96:12: 3 unique window(s): بالتقوي | امر بالتقوي | او امر بالتقوي
quotes 96:12: «بالتقوي» in 10 segment(s): BINTSHATI-IJAZ:p24, BURHAN:v2p10, BURHAN:v2p213, BURHAN:v2p405, DAMGHANI:v1p67, ITQAN:v3p175, ITQAN:v4p341, JISHUMI:v1p819, SAMARRAI-ASRAR:r10#4, SAMARRAI-LAMASAT-HALAQAT:p827
quotes 96:12: «او امر بالتقوي» in 4 segment(s) (hadith, sīra, poetry only): IBNHISHAM:v1p311#3, MUSLIM:7065, MUSNAD-AHMAD:3044, MUSNAD-AHMAD:8831
quotes 96:13: 2 unique window(s): اريت ان كذب | ان كذب وتولي
quotes 96:13: «اريت ان كذب» in 0 segment(s): 
quotes 96:13: «ان كذب وتولي» in 5 segment(s): BURHAN:v4p154, IBNHISHAM:v1p311#3, MUSLIM:7065, MUSNAD-AHMAD:3044, MUSNAD-AHMAD:8831
quotes 96:14: 6 unique window(s): الم يعلم | يعلم بان | الله يري | الم يعلم بان | يعلم بان الله | بان الله يري
quotes 96:14: «الم يعلم» in 3 segment(s): BURHAN:v1p371, BURHAN:v3p83, BURHAN:v4p154
quotes 96:14: «يعلم بان» in 3 segment(s): BURHAN:v1p371, BURHAN:v3p83, JISHUMI:v1p777
quotes 96:14: «الله يري» in 2 segment(s): BURHAN:v1p371, BURHAN:v3p83
quotes 96:14: «الم يعلم بان» in 4 segment(s) (hadith, sīra, poetry only): IBNHISHAM:v1p311#3, MUALLAQAT:v1p253, MUSLIM:7065, MUSNAD-AHMAD:8831
quotes 96:14: «يعلم بان الله» in 4 segment(s) (hadith, sīra, poetry only): IBNHISHAM:v1p311#3, MUALLAQAT:v1p253, MUSLIM:7065, MUSNAD-AHMAD:8831
quotes 96:14: «بان الله يري» in 4 segment(s) (hadith, sīra, poetry only): IBNHISHAM:v1p311#3, MUALLAQAT:v1p253, MUSLIM:7065, MUSNAD-AHMAD:8831
quotes 96:15: 8 unique window(s): لنسفعا | بالناصيه | كلا لين | ينته لنسفعا | لنسفعا بالناصيه | كلا لين لم | لم ينته لنسفعا | ينته لنسفعا بالناصيه
quotes 96:15: «لنسفعا» in 13 segment(s): BURHAN:v2p419, BURHAN:v2p455, BURHAN:v3p44, BURHAN:v3p435, BURHAN:v4p338, BURHAN:v4p430, IBNQUTAYBA-MUSHKIL:v1p99, ITQAN:v2p520, ITQAN:v3p188#4, ITQAN:v4p449#2, MAJAZ:v2p421, SAMARRAI-LAMASAT-HALAQAT:p670 …
quotes 96:15: «بالناصيه» in 14 segment(s): BURHAN:v2p419, BURHAN:v2p455, BURHAN:v3p44, BURHAN:v3p435, BURHAN:v4p430, IBNQUTAYBA-MUSHKIL:v1p99, ITQAN:v2p520, ITQAN:v3p188#4, SAMARRAI-LAMASAT-HALAQAT:p670, SAMARRAI-LAMASAT-HALAQAT:p931, SIBAWAYH:شبهوهبمايشبهمنالأسماءبالمصادرنحوقولكفاهms167إلىفىوليسبالفاعل#190, SIBAWAYH:(هذابابمجرىنعتالمعرفةعليها)#206 …
quotes 96:15: «كلا لين» in 4 segment(s): BURHAN:v1p371, BURHAN:v4p338, IBNJAWZI-NUZHA:v1p511, SAMARRAI-LAMASAT-HALAQAT:p931
quotes 96:15: «كلا لين لم» in 3 segment(s) (hadith, sīra, poetry only): IBNHISHAM:v1p311#3, MUSLIM:7065, MUSNAD-AHMAD:8831
quotes 96:15: «لم ينته لنسفعا» in 3 segment(s) (hadith, sīra, poetry only): IBNHISHAM:v1p311#3, MUSLIM:7065, MUSNAD-AHMAD:8831
quotes 96:15: «ينته لنسفعا بالناصيه» in 3 segment(s) (hadith, sīra, poetry only): IBNHISHAM:v1p311#3, MUSLIM:7065, MUSNAD-AHMAD:8831
quotes 96:16: 5 unique window(s): ناصيه | خاطيه | ناصيه كاذبه | كاذبه خاطيه | ناصيه كاذبه خاطيه
quotes 96:16: «ناصيه» in 11 segment(s): BAQILLANI:v1p96, BURHAN:v2p268, BURHAN:v2p455, IBNQUTAYBA-MUSHKIL:v1p99, ITQAN:v3p99, ITQAN:v3p188#4, SAMARRAI-LAMASAT-HALAQAT:p670, SAMARRAI-LAMASAT-HALAQAT:p931, SIBAWAYH:شبهوهبمايشبهمنالأسماءبالمصادرنحوقولكفاهms167إلىفىوليسبالفاعل#190, SIBAWAYH:(هذابابمجرىنعتالمعرفةعليها)#206, SIBAWAYH:وذلكقولكهذاعبداللهمنطلقحدثنابذلكيونسوأبوالخطابعمنيوثقبه#236
quotes 96:16: «خاطيه» in 8 segment(s): BURHAN:v2p268, IBNQUTAYBA-MUSHKIL:v1p99, ITQAN:v3p99, ITQAN:v3p188#4, NASHR:v1p395#2, SAMARRAI-LAMASAT-HALAQAT:p670, SAMARRAI-LAMASAT-HALAQAT:p931, SIBAWAYH:(هذابابمجرىنعتالمعرفةعليها)#206
quotes 96:16: «ناصيه كاذبه خاطيه» in 3 segment(s) (hadith, sīra, poetry only): IBNHISHAM:v1p311#3, MUSLIM:7065, MUSNAD-AHMAD:8831
quotes 96:17: 2 unique window(s): فليدع | فليدع ناديه
quotes 96:17: «فليدع» in 5 segment(s): BINTSHATI-IJAZ:p326, BINTSHATI-IJAZ:p327, BURHAN:v2p279, IBNQUTAYBA-MUSHKIL:v1p133, ITQAN:v3p101
quotes 96:18: 3 unique window(s): سندع | الزبانيه | سندع الزبانيه
quotes 96:18: «سندع» in 8 segment(s): BINTSHATI-IJAZ:p326, BURHAN:v1p371, BURHAN:v1p397, BURHAN:v2p497, BURHAN:v4p103, ITQAN:v1p239, ITQAN:v4p446, NASHR:v1p456
quotes 96:18: «الزبانيه» in 16 segment(s): BINTSHATI-IJAZ:p326, BURHAN:v1p371, BURHAN:v1p397, BURHAN:v2p497, BURHAN:v3p293, BURHAN:v4p103, DAMGHANI:v1p106, ITQAN:v1p239, ITQAN:v2p566, ITQAN:v4p446, ITQAN:v4p447, JISHUMI:v1p864 …
quotes 96:19: 8 unique window(s): تطعه | واسجد | لا تطعه | تطعه واسجد | واسجد واقترب | كلا لا تطعه | لا تطعه واسجد | تطعه واسجد واقترب
quotes 96:19: «تطعه» in 4 segment(s): BURHAN:v1p371, BURHAN:v4p313, IBNJAWZI-NUZHA:v1p511, JISHUMI:v1p914
quotes 96:19: «واسجد» in 4 segment(s): IBNQUTAYBA-MUSHKIL:v1p235#2, RAZI-FULL:v1p85, SIBAWAYH:(هذابابمالميقعإلااسماللقبيلة)#543, SIBAWAYH:(هذابابمنالجمعبالواووالنونوتكسيرالاسم)#592
quotes 96:19: «كلا لا تطعه» in 3 segment(s) (hadith, sīra, poetry only): IBNHISHAM:v1p311#3, MUSLIM:7065, MUSNAD-AHMAD:8831
quotes 96:19: «لا تطعه واسجد» in 2 segment(s) (hadith, sīra, poetry only): IBNHISHAM:v1p311#3, MUSNAD-AHMAD:8831
quotes 96:19: «تطعه واسجد واقترب» in 2 segment(s) (hadith, sīra, poetry only): IBNHISHAM:v1p311#3, MUSNAD-AHMAD:8831
quotes 97:1: 1 unique window(s): في ليله القدر
quotes 97:1: «في ليله القدر» in 44 segment(s): ABUDAWUD:1386, BINTSHATI-IJAZ:p154, BUKHARI:813, BUKHARI:4470, BURHAN:v1p228, BURHAN:v1p229, BURHAN:v1p236, BURHAN:v2p187, BURHAN:v3p16, BURHAN:v4p24, BURHAN:v4p26, DAMGHANI:v1p116 …
quotes 97:2: 3 unique window(s): ما ليله | ادريك ما ليله | ما ليله القدر
quotes 97:2: «ما ليله» in 2 segment(s): BURHAN:v3p16, SAMARRAI-LAMASAT-HALAQAT:p821
quotes 97:2: «ادريك ما ليله» in 0 segment(s) (hadith, sīra, poetry only): 
quotes 97:2: «ما ليله القدر» in 2 segment(s) (hadith, sīra, poetry only): IBNHISHAM:v1p239, TIRMIDHI:3350
quotes 97:3: 7 unique window(s): القدر خير | من الف | الف شهر | ليله القدر خير | القدر خير من | خير من الف | من الف شهر
quotes 97:3: «القدر خير» in 2 segment(s): DAMGHANI:v1p371, SAMARRAI-LAMASAT-HALAQAT:p821
quotes 97:3: «من الف» in 12 segment(s): DAMGHANI:v1p371, ITQAN:v4p412#3, JISHUMI:v1p746, NASHR:v1p233, NASHR:v1p432, NASHR:v1p478, NASHR:v2p231, NASHR:v2p293, SAMARRAI-LAMASAT-HALAQAT:p821, SIBAWAYH:(هذابابمايضافإلىالأفعالمنالأسماء)#496, SIBAWAYH:(هذابابتصغيرماكانعلىثلاثةأحرفولحقتهألفالتأنيثبعدألف#601, SIBAWAYH:(هذابابحروفالبدل)#749
quotes 97:3: «الف شهر» in 4 segment(s): DAMGHANI:v1p371, NASHR:v1p233, NASHR:v2p231, SAMARRAI-LAMASAT-HALAQAT:p821
quotes 97:3: «ليله القدر خير» in 3 segment(s) (hadith, sīra, poetry only): IBNHISHAM:v1p239, MALIK:703, TIRMIDHI:3350
quotes 97:3: «القدر خير من» in 3 segment(s) (hadith, sīra, poetry only): IBNHISHAM:v1p239, MALIK:703, TIRMIDHI:3350
quotes 97:3: «خير من الف» in 33 segment(s) (hadith, sīra, poetry only): AZRAQI:v2p64, BUKHARI:1190, HAMASA:v1p1306, IBNHIBBAN:4609, IBNHISHAM:v1p239, IBNMAJAH:1644, MALIK:463, MALIK:703, MUALLAQAT:v1p211#2, MUSLIM:3375, MUSLIM:3377, MUSNAD-AHMAD:470 …
quotes 97:3: «من الف شهر» in 9 segment(s) (hadith, sīra, poetry only): HAMASA:v1p1306, IBNHISHAM:v1p239, IBNMAJAH:1644, MALIK:703, MUSNAD-AHMAD:7148, MUSNAD-AHMAD:8991, MUSNAD-AHMAD:9497, NASAI:2106, TIRMIDHI:3350
quotes 97:4: 8 unique window(s): تنزل الملايكه | والروح فيها | تنزل الملايكه والروح | الملايكه والروح فيها | والروح فيها باذن | باذن ربهم من | ربهم من كل | من كل امر
quotes 97:4: «تنزل الملايكه» in 18 segment(s): DAMGHANI:v1p212, IBNATIYYA-FULL:v1p37, IBNJAWZI-NUZHA:v1p321#2, IBNQUTAYBA-MUSHKIL:v1p301, ITQAN:v2p414, JISHUMI:v2p1036, NASHR:v1p233, NASHR:v2p402, SAMARRAI-ASRAR-MUH:p5, SAMARRAI-ASRAR-MUH:p24, SAMARRAI-LAMASAT-HALAQAT:p456, SAMARRAI-LAMASAT-HALAQAT:p475 …
quotes 97:4: «والروح فيها» in 14 segment(s): DAMGHANI:v1p212, IBNJAWZI-NUZHA:v1p321#2, IBNQUTAYBA-MUSHKIL:v1p301, ITQAN:v2p414, SAMARRAI-ASRAR-MUH:p5, SAMARRAI-ASRAR-MUH:p24, SAMARRAI-LAMASAT-HALAQAT:p456, SAMARRAI-LAMASAT-HALAQAT:p475, SAMARRAI-LAMASAT-HALAQAT:p642, SAMARRAI-LAMASAT-HALAQAT:p821, SAMARRAI-LAMASAT-HALAQAT:p894, SAMARRAI-LAMASAT-HALAQAT:p1062 …
quotes 97:4: «تنزل الملايكه والروح» in 1 segment(s) (hadith, sīra, poetry only): IBNHISHAM:v1p239
quotes 97:4: «الملايكه والروح فيها» in 1 segment(s) (hadith, sīra, poetry only): IBNHISHAM:v1p239
quotes 97:4: «والروح فيها باذن» in 1 segment(s) (hadith, sīra, poetry only): IBNHISHAM:v1p239
quotes 97:4: «باذن ربهم من» in 11 segment(s): DAMGHANI:v1p442, IBNHISHAM:v1p239, IBNJAWZI-NUZHA:v1p355, IBNJAWZI-NUZHA:v1p576, IBNQUTAYBA-MUSHKIL:v1p301, SAMARRAI-ASRAR-MUH:p5, SAMARRAI-LAMASAT-HALAQAT:p456, SAMARRAI-LAMASAT-HALAQAT:p821, SAMARRAI-LAMASAT-HALAQAT:p894, SAMARRAI-LAMASAT-HALAQAT:p1062, SAMARRAI-LAMASAT-HALAQAT:p1080
quotes 97:4: «ربهم من كل» in 11 segment(s): DAMGHANI:v1p442, IBNHISHAM:v1p239, IBNJAWZI-NUZHA:v1p355, IBNJAWZI-NUZHA:v1p576, IBNQUTAYBA-MUSHKIL:v1p301, SAMARRAI-ASRAR-MUH:p5, SAMARRAI-LAMASAT-HALAQAT:p456, SAMARRAI-LAMASAT-HALAQAT:p821, SAMARRAI-LAMASAT-HALAQAT:p894, SAMARRAI-LAMASAT-HALAQAT:p1062, SAMARRAI-LAMASAT-HALAQAT:p1080
quotes 97:4: «من كل امر» in 17 segment(s): BURHAN:v4p419, DAMGHANI:v1p442, IBNHISHAM:v1p239, IBNHISHAM:v2p348#2, IBNHISHAM:v2p666, IBNJAWZI-NUZHA:v1p355, IBNJAWZI-NUZHA:v1p576, IBNQUTAYBA-MUSHKIL:v1p301, SAMARRAI-ASRAR-MUH:p5, SAMARRAI-ASRAR-MUH:p24, SAMARRAI-LAMASAT-HALAQAT:p456, SAMARRAI-LAMASAT-HALAQAT:p475 …
quotes 97:5: 7 unique window(s): سلام هي | هي حتي | حتي مطلع | مطلع الفجر | سلام هي حتي | هي حتي مطلع | حتي مطلع الفجر
quotes 97:5: «سلام هي» in 2 segment(s): IBNJAWZI-NUZHA:v1p355, ITQAN:v2p470
quotes 97:5: «هي حتي» in 3 segment(s): IBNQUTAYBA-MUSHKIL:v1p268#2, ITQAN:v2p470, JURJANI-DALAIL:v1p202
quotes 97:5: «حتي مطلع» in 5 segment(s): BURHAN:v4p272, DAMGHANI:v1p116, IBNJAWZI-NUZHA:v1p243, IBNJAWZI-NUZHA:v1p245, ITQAN:v2p470
quotes 97:5: «مطلع الفجر» in 7 segment(s): BURHAN:v4p272, DAMGHANI:v1p116, IBNJAWZI-NUZHA:v1p243, IBNJAWZI-NUZHA:v1p245, ITQAN:v2p470, NASHR:v2p111, NASHR:v2p402#2
quotes 97:5: «سلام هي حتي» in 1 segment(s) (hadith, sīra, poetry only): IBNHISHAM:v1p239
quotes 97:5: «هي حتي مطلع» in 1 segment(s) (hadith, sīra, poetry only): IBNHISHAM:v1p239
quotes 97:5: «حتي مطلع الفجر» in 1 segment(s) (hadith, sīra, poetry only): IBNHISHAM:v1p239
quotes 98:1: 11 unique window(s): منفكين | يكن الذين | والمشركين منفكين | منفكين حتي | تاتيهم البينه | لم يكن الذين | يكن الذين كفروا | الكتاب والمشركين منفكين | والمشركين منفكين حتي | منفكين حتي تاتيهم | حتي تاتيهم البينه
quotes 98:1: «منفكين» in 4 segment(s): ALUSI-FULL:v1p25, BURHAN:v1p407#2, BURHAN:v3p373, MAJAZ:v2p433#2
quotes 98:1: «يكن الذين» in 10 segment(s): ALUSI-FULL:v1p25, BURHAN:v1p407#2, IBNKATHIR-FULL:v1p18, IBNKATHIR-FULL:v1p37, ITQAN:v1p45, ITQAN:v2p546, ITQAN:v3p66, ITQAN:v4p413#2, JISHUMI:v1p889, NASHR:v2p122
quotes 98:1: «تاتيهم البينه» in 3 segment(s): ALUSI-FULL:v1p25, BURHAN:v3p373, IBNASHUR-FULL:v1p122
quotes 98:1: «لم يكن الذين» in 13 segment(s) (hadith, sīra, poetry only): BUKHARI:3809, BUKHARI:4959, BUKHARI:4960, MUSLIM:1865, MUSLIM:6343, MUSNAD-AHMAD:12320, MUSNAD-AHMAD:13884, MUSNAD-AHMAD:16001, MUSNAD-AHMAD:21202, RIYAD:451, TIRMIDHI:3792, TIRMIDHI:3793 …
quotes 98:1: «يكن الذين كفروا» in 13 segment(s) (hadith, sīra, poetry only): BUKHARI:3809, BUKHARI:4959, BUKHARI:4960, MUSLIM:1865, MUSLIM:6343, MUSNAD-AHMAD:12320, MUSNAD-AHMAD:13884, MUSNAD-AHMAD:16001, MUSNAD-AHMAD:21202, RIYAD:451, TIRMIDHI:3792, TIRMIDHI:3793 …
quotes 98:1: «الكتاب والمشركين منفكين» in 1 segment(s) (hadith, sīra, poetry only): MUSNAD-AHMAD:21202
quotes 98:1: «والمشركين منفكين حتي» in 1 segment(s) (hadith, sīra, poetry only): MUSNAD-AHMAD:21202
quotes 98:1: «منفكين حتي تاتيهم» in 1 segment(s) (hadith, sīra, poetry only): MUSNAD-AHMAD:21202
quotes 98:1: «حتي تاتيهم البينه» in 1 segment(s) (hadith, sīra, poetry only): MUSNAD-AHMAD:21202
quotes 98:2: 7 unique window(s): الله يتلوا | يتلوا صحفا | صحفا مطهره | رسول من الله | من الله يتلوا | الله يتلوا صحفا | يتلوا صحفا مطهره
quotes 98:2: «الله يتلوا» in 0 segment(s): 
quotes 98:2: «يتلوا صحفا» in 1 segment(s): IBNJAWZI-NUZHA:v1p419
quotes 98:2: «صحفا مطهره» in 5 segment(s): ALUSI-FULL:v1p25, IBNASHUR-FULL:v1p122, IBNJAWZI-NUZHA:v1p419, IBNKATHIR-FULL:v1p37, ITQAN:v4p336
quotes 98:2: «رسول من الله» in 8 segment(s): ALUSI-FULL:v1p25, BURHAN:v4p290, IBNASHUR-FULL:v1p122, IBNHISHAM:v1p562#2, IBNKATHIR-FULL:v1p37, ITQAN:v2p275, ITQAN:v3p158, MUSNAD-AHMAD:21202
quotes 98:2: «من الله يتلوا» in 0 segment(s) (hadith, sīra, poetry only): 
quotes 98:2: «الله يتلوا صحفا» in 0 segment(s) (hadith, sīra, poetry only): 
quotes 98:2: «يتلوا صحفا مطهره» in 0 segment(s) (hadith, sīra, poetry only): 
quotes 98:3: 4 unique window(s): قيمه | فيها كتب | كتب قيمه | فيها كتب قيمه
quotes 98:3: «قيمه» in 21 segment(s): ALUSI-FULL:v1p25, BAQILLANI:v1p68, BAQILLANI:v1p113, BINTSHATI-IJAZ:p278, BINTSHATI-IJAZ:p476, BINTSHATI-IJAZ:p487, IBNJAWZI-NUZHA:v1p439, IBNKATHIR-FULL:v1p37, ITQAN:v4p336, JISHUMI:v2p1075, JURJANI-ASRAR:v1p19, MAJAZ:v1p1#15 …
quotes 98:3: «فيها كتب» in 4 segment(s): ALUSI-FULL:v1p25, DAMGHANI:v1p399, IBNKATHIR-FULL:v1p37, ITQAN:v4p336
quotes 98:3: «فيها كتب قيمه» in 1 segment(s) (hadith, sīra, poetry only): MUSNAD-AHMAD:21202
quotes 98:4: 7 unique window(s): تفرق | وما تفرق | تفرق الذين | جاتهم البينه | وما تفرق الذين | تفرق الذين اوتوا | ما جاتهم البينه
quotes 98:4: «تفرق» in 21 segment(s): ALUSI-FULL:v1p25, BINTSHATI-IJAZ:p235, BINTSHATI-IJAZ:p497, BURHAN:v1p231, BURHAN:v3p360, BURHAN:v4p34, BURHAN:v4p334, IBNASHUR-FULL:v1p93#2, IBNKATHIR-FULL:v1p43, IBNKATHIR-FULL:v1p45, IBNQUTAYBA-MUSHKIL:v1p67, IBNQUTAYBA-MUSHKIL:v1p81 …
quotes 98:4: «جاتهم البينه» in 1 segment(s): ALUSI-FULL:v1p25
quotes 98:4: «وما تفرق الذين» in 1 segment(s) (hadith, sīra, poetry only): MUSNAD-AHMAD:21202
quotes 98:4: «تفرق الذين اوتوا» in 1 segment(s) (hadith, sīra, poetry only): MUSNAD-AHMAD:21202
quotes 98:4: «ما جاتهم البينه» in 1 segment(s) (hadith, sīra, poetry only): MUSNAD-AHMAD:21202
quotes 98:5: 22 unique window(s): ويقيموا | ويوتوا | القيمه | ليعبدوا الله | الدين حنفا | حنفا ويقيموا | ويقيموا الصلواه | الصلواه ويوتوا | ويوتوا الزكواه | الزكواه وذالك | وذالك دين | دين القيمه | الا ليعبدوا الله | ليعبدوا الله مخلصين | له الدين حنفا | الدين حنفا ويقيموا | حنفا ويقيموا الصلواه | ويقيموا الصلواه ويوتوا | الصلواه ويوتوا الزكواه | ويوتوا الزكواه وذالك | الزكواه وذالك دين | وذالك دين القيمه
quotes 98:5: «ويقيموا» in 1 segment(s): SAMARRAI-LAMASAT:p157
quotes 98:5: «ويوتوا» in 0 segment(s): 
quotes 98:5: «القيمه» in 11 segment(s): BINTSHATI-IJAZ:p103, BINTSHATI-IJAZ:p122, BURHAN:v3p154, DAMGHANI:v1p178, DAMGHANI:v1p316, DAMGHANI:v1p392, IBNJAWZI-NUZHA:v1p156, IBNJAWZI-NUZHA:v1p298, IBNJAWZI-NUZHA:v1p439, JISHUMI:v1p739, JURJANI-ASRAR:v1p297
quotes 98:5: «ليعبدوا الله» in 1 segment(s): IBNJAWZI-NUZHA:v1p295
quotes 98:5: «الدين حنفا» in 0 segment(s): 
quotes 98:5: «الزكواه وذالك» in 0 segment(s): 
quotes 98:5: «وذالك دين» in 0 segment(s): 
quotes 98:5: «الا ليعبدوا الله» in 1 segment(s) (hadith, sīra, poetry only): RIYAD:9.216
quotes 98:5: «ليعبدوا الله مخلصين» in 1 segment(s) (hadith, sīra, poetry only): RIYAD:9.216
quotes 98:5: «له الدين حنفا» in 1 segment(s) (hadith, sīra, poetry only): RIYAD:9.216
quotes 98:5: «الدين حنفا ويقيموا» in 1 segment(s) (hadith, sīra, poetry only): RIYAD:9.216
quotes 98:5: «حنفا ويقيموا الصلواه» in 0 segment(s) (hadith, sīra, poetry only): 
quotes 98:5: «ويقيموا الصلواه ويوتوا» in 0 segment(s) (hadith, sīra, poetry only): 
quotes 98:5: «الصلواه ويوتوا الزكواه» in 0 segment(s) (hadith, sīra, poetry only): 
quotes 98:5: «ويوتوا الزكواه وذالك» in 0 segment(s) (hadith, sīra, poetry only): 
quotes 98:5: «الزكواه وذالك دين» in 0 segment(s) (hadith, sīra, poetry only): 
quotes 98:5: «وذالك دين القيمه» in 0 segment(s) (hadith, sīra, poetry only): 
quotes 98:6: 10 unique window(s): والمشركين في | فيها اولايك | هم شر | شر البريه | الكتاب والمشركين في | والمشركين في نار | خالدين فيها اولايك | فيها اولايك هم | اولايك هم شر | هم شر البريه
quotes 98:6: «والمشركين في» in 4 segment(s): BINTSHATI-IJAZ:p482, BINTSHATI-IJAZ:p582, SAMARRAI-LAMASAT-HALAQAT:p600, SAMARRAI-LAMASAT-HALAQAT:p795
quotes 98:6: «فيها اولايك» in 0 segment(s): 
quotes 98:6: «هم شر» in 4 segment(s): BINTSHATI-IJAZ:p582, JURJANI-ASRAR:v1p45, SAMARRAI-LAMASAT-HALAQAT:p600, SAMARRAI-LAMASAT-HALAQAT:p795
quotes 98:6: «شر البريه» in 6 segment(s): ALUSI-FULL:v1p25, BINTSHATI-IJAZ:p582, BINTSHATI-IJAZ:p583, NASHR:v1p407, SAMARRAI-LAMASAT-HALAQAT:p600, SAMARRAI-LAMASAT-HALAQAT:p795
quotes 98:6: «الكتاب والمشركين في» in 0 segment(s) (hadith, sīra, poetry only): 
quotes 98:6: «والمشركين في نار» in 0 segment(s) (hadith, sīra, poetry only): 
quotes 98:6: «خالدين فيها اولايك» in 0 segment(s) (hadith, sīra, poetry only): 
quotes 98:6: «فيها اولايك هم» in 0 segment(s) (hadith, sīra, poetry only): 
quotes 98:6: «اولايك هم شر» in 0 segment(s) (hadith, sīra, poetry only): 
quotes 98:6: «هم شر البريه» in 1 segment(s) (hadith, sīra, poetry only): MUSNAD-AHMAD:11118
quotes 98:7: 5 unique window(s): هم خير | خير البريه | الصالحات اولايك هم | اولايك هم خير | هم خير البريه
quotes 98:7: «هم خير» in 4 segment(s): BINTSHATI-IJAZ:p582, DAMGHANI:v1p45, IBNQUTAYBA-MUSHKIL:v1p263, SIBAWAYH:وذلكقولكمامررتبأحدإلازيدخيرمنهكأنكقلتمررتبقومزيدخير#394
quotes 98:7: «خير البريه» in 6 segment(s): ALUSI-FULL:v1p25, BINTSHATI-IJAZ:p582, BURHAN:v3p30, DAMGHANI:v1p45, IBNQUTAYBA-MUSHKIL:v1p263, NASHR:v1p407
quotes 98:7: «الصالحات اولايك هم» in 0 segment(s): 
quotes 98:7: «اولايك هم خير» in 0 segment(s) (hadith, sīra, poetry only): 
quotes 98:7: «هم خير البريه» in 0 segment(s) (hadith, sīra, poetry only): 
quotes 98:8: 6 unique window(s): جزاوهم عند | خشي ربه | جزاوهم عند ربهم | ربهم جنات عدن | عنه ذالك لمن | لمن خشي ربه
quotes 98:8: «جزاوهم عند» in 3 segment(s): ALUSI-FULL:v1p25, SAMARRAI-LAMASAT-HALAQAT:p600, SAMARRAI-LAMASAT-HALAQAT:p795
quotes 98:8: «خشي ربه» in 8 segment(s): ALUSI-FULL:v1p25, BINTSHATI-IJAZ:p227, NASHR:v1p312, NASHR:v1p313, NASHR:v2p402#2, NASHR:v2p437, SAMARRAI-LAMASAT-HALAQAT:p600, SAMARRAI-LAMASAT-HALAQAT:p795
quotes 98:8: «جزاوهم عند ربهم» in 0 segment(s) (hadith, sīra, poetry only): 
quotes 98:8: «ربهم جنات عدن» in 3 segment(s): ALUSI-FULL:v1p25, SAMARRAI-LAMASAT-HALAQAT:p600, SAMARRAI-LAMASAT-HALAQAT:p795
quotes 98:8: «عنه ذالك لمن» in 0 segment(s): 
quotes 98:8: «لمن خشي ربه» in 0 segment(s) (hadith, sīra, poetry only): 
quotes 99:1: 7 unique window(s): زلزلت | زلزالها | اذا زلزلت | زلزلت الارض | الارض زلزالها | اذا زلزلت الارض | زلزلت الارض زلزالها
quotes 99:1: «زلزلت» in 22 segment(s): BINTSHATI-IJAZ:p242, BURHAN:v1p179#2, BURHAN:v1p194#2, BURHAN:v1p444, BURHAN:v2p181, BURHAN:v2p391, BURHAN:v2p395, BURHAN:v4p434, IBNKATHIR-FULL:v1p18, ITQAN:v1p36, ITQAN:v1p37, ITQAN:v1p39 …
quotes 99:1: «زلزالها» in 5 segment(s): BINTSHATI-IJAZ:p242, BURHAN:v2p391, BURHAN:v2p395, BURHAN:v4p434, SAMARRAI-LAMASAT-HALAQAT:p919
quotes 99:1: «اذا زلزلت الارض» in 7 segment(s) (hadith, sīra, poetry only): ABUDAWUD:816, ABUDAWUD:1399, IBNHIBBAN:773, MUSNAD-AHMAD:6575, MUSNAD-AHMAD:13309, MUSNAD-AHMAD:22246, TIRMIDHI:2895
quotes 99:1: «زلزلت الارض زلزالها» in 0 segment(s) (hadith, sīra, poetry only): 
quotes 99:2: 5 unique window(s): واخرجت | اثقالها | واخرجت الارض | الارض اثقالها | واخرجت الارض اثقالها
quotes 99:2: «واخرجت» in 14 segment(s): BINTSHATI-IJAZ:p242, BINTSHATI-IJAZ:p277, BURHAN:v2p140, BURHAN:v2p257, BURHAN:v3p439, BURHAN:v4p434, DAMGHANI:v1p91, IBNJAWZI-NUZHA:v1p225, IBNQUTAYBA-GHARIB:v1p22, ITQAN:v3p97, ITQAN:v4p344#2, JURJANI-ASRAR:v1p332 …
quotes 99:2: «اثقالها» in 12 segment(s): BINTSHATI-IJAZ:p242, BINTSHATI-IJAZ:p277, BURHAN:v2p140, BURHAN:v2p257, BURHAN:v3p439, BURHAN:v4p434, DAMGHANI:v1p91, IBNJAWZI-NUZHA:v1p225, IBNQUTAYBA-GHARIB:v1p22, ITQAN:v3p97, JURJANI-ASRAR:v1p332, RUMMANI:v1p89
quotes 99:2: «واخرجت الارض اثقالها» in 0 segment(s) (hadith, sīra, poetry only): 
quotes 99:3: 3 unique window(s): وقال الانسان | وقال الانسان ما | الانسان ما لها
quotes 99:3: «وقال الانسان» in 4 segment(s): BINTSHATI-IJAZ:p242, BINTSHATI-IJAZ:p277, IBNJAWZI-NUZHA:v1p181, NASHR:v1p417
quotes 99:3: «وقال الانسان ما» in 0 segment(s) (hadith, sīra, poetry only): 
quotes 99:3: «الانسان ما لها» in 4 segment(s): BINTSHATI-IJAZ:p242, BINTSHATI-IJAZ:p277, IBNJAWZI-NUZHA:v1p181, NASHR:v1p417
quotes 99:4: 5 unique window(s): تحدث | اخبارها | يوميذ تحدث | تحدث اخبارها | يوميذ تحدث اخبارها
NOTE quotes 99:4: window «تحدث» in 70 segments, too common alone; the longer windows that contain it are used instead
quotes 99:4: «اخبارها» in 6 segment(s): BINTSHATI-IJAZ:p242, BINTSHATI-IJAZ:p277, ITQAN:v2p429#2, ITQAN:v4p536#4, SAMARRAI-LAMASAT-HALAQAT:p919, SIBAWAYH:يكونلكلمنكانمنأمتهأوكانفيصفتهمنالأسماءالتييدخلهاالألف#245
quotes 99:4: «يوميذ تحدث» in 5 segment(s): BINTSHATI-IJAZ:p242, BINTSHATI-IJAZ:p277, ITQAN:v2p429#2, ITQAN:v4p536#4, SAMARRAI-LAMASAT-HALAQAT:p919
quotes 99:4: «يوميذ تحدث اخبارها» in 5 segment(s) (hadith, sīra, poetry only): IBNHIBBAN:7360, MUSNAD-AHMAD:8867, RIYAD:408, TIRMIDHI:2429, TIRMIDHI:3353
quotes 99:5: 5 unique window(s): بان ربك | ربك اوحي | اوحي لها | بان ربك اوحي | ربك اوحي لها
quotes 99:5: «بان ربك» in 8 segment(s): BINTSHATI-IJAZ:p277, BURHAN:v4p340, IBNJAWZI-NUZHA:v1p536, IBNJAWZI-NUZHA:v1p621, IBNQUTAYBA-MUSHKIL:v1p267, IBNQUTAYBA-MUSHKIL:v1p300#2, ITQAN:v2p497, ITQAN:v3p269
quotes 99:5: «ربك اوحي» in 8 segment(s): BINTSHATI-IJAZ:p277, BURHAN:v4p340, IBNJAWZI-NUZHA:v1p536, IBNJAWZI-NUZHA:v1p621, IBNQUTAYBA-MUSHKIL:v1p267, IBNQUTAYBA-MUSHKIL:v1p300#2, ITQAN:v2p497, ITQAN:v3p269
quotes 99:5: «اوحي لها» in 8 segment(s): BINTSHATI-IJAZ:p277, BURHAN:v4p340, IBNJAWZI-NUZHA:v1p536, IBNJAWZI-NUZHA:v1p621, IBNQUTAYBA-MUSHKIL:v1p267, IBNQUTAYBA-MUSHKIL:v1p300#2, ITQAN:v2p497, ITQAN:v3p269
quotes 99:5: «بان ربك اوحي» in 0 segment(s) (hadith, sīra, poetry only): 
quotes 99:5: «ربك اوحي لها» in 0 segment(s) (hadith, sīra, poetry only): 
quotes 99:6: 10 unique window(s): ليروا | يوميذ يصدر | يصدر الناس | الناس اشتاتا | اشتاتا ليروا | ليروا اعمالهم | يوميذ يصدر الناس | يصدر الناس اشتاتا | الناس اشتاتا ليروا | اشتاتا ليروا اعمالهم
quotes 99:6: «ليروا» in 3 segment(s): BINTSHATI-IJAZ:p233, BURHAN:v1p95, BURHAN:v3p114
quotes 99:6: «يوميذ يصدر» in 2 segment(s): BINTSHATI-IJAZ:p233, BURHAN:v1p95
quotes 99:6: «يصدر الناس» in 2 segment(s): BINTSHATI-IJAZ:p233, BURHAN:v1p95
quotes 99:6: «الناس اشتاتا» in 2 segment(s): BINTSHATI-IJAZ:p233, BURHAN:v1p95
quotes 99:6: «يوميذ يصدر الناس» in 0 segment(s) (hadith, sīra, poetry only): 
quotes 99:6: «يصدر الناس اشتاتا» in 0 segment(s) (hadith, sīra, poetry only): 
quotes 99:6: «الناس اشتاتا ليروا» in 0 segment(s) (hadith, sīra, poetry only): 
quotes 99:6: «اشتاتا ليروا اعمالهم» in 0 segment(s) (hadith, sīra, poetry only): 
quotes 99:7: 5 unique window(s): ذره خيرا | خيرا يره | فمن يعمل مثقال | مثقال ذره خيرا | ذره خيرا يره
quotes 99:7: «ذره خيرا» in 8 segment(s): BURHAN:v1p95, BURHAN:v1p484, BURHAN:v2p7, BURHAN:v2p19, ITQAN:v1p45, ITQAN:v3p287, ITQAN:v4p426, SAMARRAI-LAMASAT-HALAQAT:p919
quotes 99:7: «خيرا يره» in 8 segment(s): BURHAN:v1p95, BURHAN:v1p484, BURHAN:v2p7, ITQAN:v1p45, ITQAN:v3p287, ITQAN:v4p426, NASHR:v2p402#2, SAMARRAI-LAMASAT-HALAQAT:p919
quotes 99:7: «فمن يعمل مثقال» in 23 segment(s): BUKHARI:2860, BUKHARI:3646, BUKHARI:4962, BUKHARI:4963, BUKHARI:7356, BURHAN:v1p95, BURHAN:v1p484, BURHAN:v2p7, BURHAN:v2p19, DAMGHANI:v1p178, IBNHIBBAN:4672, ITQAN:v1p45 …
quotes 99:7: «مثقال ذره خيرا» in 20 segment(s) (hadith, sīra, poetry only): BUKHARI:2371, BUKHARI:2860, BUKHARI:3646, BUKHARI:4962, BUKHARI:4963, BUKHARI:7356, IBNHIBBAN:773, IBNHIBBAN:4672, MALIK:961, MUSLIM:2290, MUSLIM:2292, MUSNAD-AHMAD:7563 …
quotes 99:7: «ذره خيرا يره» in 20 segment(s) (hadith, sīra, poetry only): BUKHARI:2371, BUKHARI:2860, BUKHARI:3646, BUKHARI:4962, BUKHARI:4963, BUKHARI:7356, IBNHIBBAN:773, IBNHIBBAN:4672, MALIK:961, MUSLIM:2290, MUSLIM:2292, MUSNAD-AHMAD:7563 …
quotes 99:8: 5 unique window(s): ذره شرا | شرا يره | ومن يعمل مثقال | مثقال ذره شرا | ذره شرا يره
quotes 99:8: «ذره شرا» in 4 segment(s): BURHAN:v1p95, BURHAN:v1p484, ITQAN:v3p287, ITQAN:v4p426
quotes 99:8: «شرا يره» in 4 segment(s): BURHAN:v1p95, BURHAN:v1p484, ITQAN:v3p287, ITQAN:v4p426
quotes 99:8: «ومن يعمل مثقال» in 22 segment(s): BUKHARI:2371, BUKHARI:2860, BUKHARI:3646, BUKHARI:4962, BUKHARI:4963, BUKHARI:7356, BURHAN:v1p95, BURHAN:v1p484, IBNHIBBAN:773, IBNHIBBAN:4672, ITQAN:v3p287, ITQAN:v4p426 …
quotes 99:8: «مثقال ذره شرا» in 18 segment(s) (hadith, sīra, poetry only): BUKHARI:2371, BUKHARI:2860, BUKHARI:3646, BUKHARI:4962, BUKHARI:4963, BUKHARI:7356, IBNHIBBAN:773, IBNHIBBAN:4672, MALIK:961, MUSLIM:2290, MUSLIM:2292, MUSNAD-AHMAD:7563 …
quotes 99:8: «ذره شرا يره» in 18 segment(s) (hadith, sīra, poetry only): BUKHARI:2371, BUKHARI:2860, BUKHARI:3646, BUKHARI:4962, BUKHARI:4963, BUKHARI:7356, IBNHIBBAN:773, IBNHIBBAN:4672, MALIK:961, MUSLIM:2290, MUSLIM:2292, MUSNAD-AHMAD:7563 …
quotes 100:1: 3 unique window(s): والعاديات | ضبحا | والعاديات ضبحا
quotes 100:1: «والعاديات» in 30 segment(s): BAQILLANI:v1p52, BINTSHATI-IJAZ:p244, BINTSHATI-IJAZ:p245, BINTSHATI-IJAZ:p246, BINTSHATI-IJAZ:p258, BINTSHATI-IJAZ:p260, BINTSHATI-IJAZ:p453, BURHAN:v1p72, BURHAN:v1p179#2, BURHAN:v1p193, BURHAN:v1p196#2, BURHAN:v2p114 …
quotes 100:1: «ضبحا» in 17 segment(s): BAQILLANI:v1p52, BINTSHATI-IJAZ:p244, BINTSHATI-IJAZ:p245, BINTSHATI-IJAZ:p246, BINTSHATI-IJAZ:p258, BINTSHATI-IJAZ:p453, BURHAN:v1p72, BURHAN:v1p196#2, BURHAN:v2p114, BURHAN:v2p287, ITQAN:v1p57, ITQAN:v1p251 …
quotes 100:2: 3 unique window(s): فالموريات | قدحا | فالموريات قدحا
quotes 100:2: «فالموريات» in 5 segment(s): BAQILLANI:v1p52, BINTSHATI-IJAZ:p244, BINTSHATI-IJAZ:p453, BURHAN:v1p72, BURHAN:v2p114
quotes 100:2: «قدحا» in 7 segment(s): BAQILLANI:v1p52, BINTSHATI-IJAZ:p244, BINTSHATI-IJAZ:p453, BURHAN:v1p72, BURHAN:v2p114, MAJAZ:v2p436, NASHR:v2p468
quotes 100:3: 3 unique window(s): فالمغيرات | صبحا | فالمغيرات صبحا
quotes 100:3: «فالمغيرات» in 7 segment(s): BINTSHATI-IJAZ:p244, BINTSHATI-IJAZ:p453, BURHAN:v1p72, NASHR:v1p288, NASHR:v1p299, NASHR:v1p314, NASHR:v2p402#2
quotes 100:3: «صبحا» in 8 segment(s): BINTSHATI-IJAZ:p244, BINTSHATI-IJAZ:p453, BURHAN:v1p72, BURHAN:v2p211, NASHR:v1p288, NASHR:v1p299, NASHR:v1p314, NASHR:v2p402#2
quotes 100:4: 5 unique window(s): فاثرن | نقعا | فاثرن به | به نقعا | فاثرن به نقعا
quotes 100:4: «فاثرن» in 7 segment(s): BINTSHATI-IJAZ:p453, BURHAN:v1p72, BURHAN:v2p211, BURHAN:v4p26, IBNQUTAYBA-MUSHKIL:v1p143, ITQAN:v2p361, MAJAZ:v2p399
quotes 100:4: «نقعا» in 7 segment(s): BINTSHATI-IJAZ:p453, BURHAN:v1p72, BURHAN:v2p211, BURHAN:v4p26, IBNQUTAYBA-MUSHKIL:v1p143, ITQAN:v2p361, MAJAZ:v2p447
quotes 100:4: «فاثرن به نقعا» in 0 segment(s) (hadith, sīra, poetry only): 
quotes 100:5: 4 unique window(s): فوسطن | فوسطن به | به جمعا | فوسطن به جمعا
quotes 100:5: «فوسطن» in 4 segment(s): BINTSHATI-IJAZ:p453, BURHAN:v1p72, BURHAN:v2p211, BURHAN:v4p26
quotes 100:5: «به جمعا» in 6 segment(s): BINTSHATI-IJAZ:p453, BURHAN:v1p72, BURHAN:v2p211, BURHAN:v2p220, BURHAN:v4p26, BURHAN:v4p328
quotes 100:5: «فوسطن به جمعا» in 0 segment(s) (hadith, sīra, poetry only): 
quotes 100:6: 5 unique window(s): لكنود | الانسان لربه | لربه لكنود | ان الانسان لربه | الانسان لربه لكنود
quotes 100:6: «لكنود» in 12 segment(s): BINTSHATI-IJAZ:p251, BINTSHATI-IJAZ:p436, BINTSHATI-IJAZ:p437, BINTSHATI-IJAZ:p453, DAMGHANI:v1p49, IBNJAWZI-NUZHA:v1p178, ITQAN:v2p360, ITQAN:v2p380, ITQAN:v3p232#2, ITQAN:v4p353, ITQAN:v4p537, MAJAZ:v2p440
quotes 100:6: «الانسان لربه» in 10 segment(s): BINTSHATI-IJAZ:p245, BINTSHATI-IJAZ:p251, BINTSHATI-IJAZ:p436, BINTSHATI-IJAZ:p437, BINTSHATI-IJAZ:p453, DAMGHANI:v1p49, IBNJAWZI-NUZHA:v1p178, ITQAN:v3p232#2, ITQAN:v4p353, ITQAN:v4p537
quotes 100:6: «ان الانسان لربه» in 0 segment(s) (hadith, sīra, poetry only): 
quotes 100:6: «الانسان لربه لكنود» in 0 segment(s) (hadith, sīra, poetry only): 
quotes 100:7: 4 unique window(s): لشهيد | ذالك لشهيد | وانه علي ذالك | علي ذالك لشهيد
quotes 100:7: «لشهيد» in 5 segment(s): BAQILLANI:v1p96, BINTSHATI-IJAZ:p437, BURHAN:v3p448, ITQAN:v3p232#2, ITQAN:v3p245
quotes 100:7: «وانه علي ذالك» in 0 segment(s): 
quotes 100:7: «علي ذالك لشهيد» in 0 segment(s) (hadith, sīra, poetry only): 
quotes 100:8: 5 unique window(s): وانه لحب | لحب الخير | الخير لشديد | وانه لحب الخير | لحب الخير لشديد
quotes 100:8: «وانه لحب» in 15 segment(s): BAQILLANI:v1p96, BURHAN:v3p281, BURHAN:v3p290, BURHAN:v3p448, BURHAN:v4p41, BURHAN:v4p340, IBNJAWZI-NUZHA:v1p287, IBNQUTAYBA-MUSHKIL:v1p125, IBNQUTAYBA-MUSHKIL:v1p130, ITQAN:v2p497, ITQAN:v3p103, ITQAN:v3p232#2 …
quotes 100:8: «لحب الخير» in 15 segment(s): BAQILLANI:v1p96, BURHAN:v3p281, BURHAN:v3p290, BURHAN:v3p448, BURHAN:v4p41, BURHAN:v4p340, IBNJAWZI-NUZHA:v1p287, IBNQUTAYBA-MUSHKIL:v1p125, IBNQUTAYBA-MUSHKIL:v1p130, ITQAN:v2p497, ITQAN:v3p103, ITQAN:v3p232#2 …
quotes 100:8: «الخير لشديد» in 15 segment(s): BAQILLANI:v1p96, BURHAN:v3p281, BURHAN:v3p290, BURHAN:v3p448, BURHAN:v4p41, BURHAN:v4p340, IBNJAWZI-NUZHA:v1p287, IBNQUTAYBA-MUSHKIL:v1p125, IBNQUTAYBA-MUSHKIL:v1p130, ITQAN:v2p497, ITQAN:v3p103, ITQAN:v3p232#2 …
quotes 100:8: «وانه لحب الخير» in 0 segment(s) (hadith, sīra, poetry only): 
quotes 100:8: «لحب الخير لشديد» in 0 segment(s) (hadith, sīra, poetry only): 
quotes 100:9: 10 unique window(s): بعثر | افلا يعلم | يعلم اذا | اذا بعثر | بعثر ما | افلا يعلم اذا | يعلم اذا بعثر | اذا بعثر ما | بعثر ما في | ما في القبور
quotes 100:9: «بعثر» in 5 segment(s): BINTSHATI-IJAZ:p241, BINTSHATI-IJAZ:p251, BURHAN:v1p309, MAJAZ:v2p402#2, NASHR:v2p104#2
quotes 100:9: «افلا يعلم» in 3 segment(s): BINTSHATI-IJAZ:p241, BINTSHATI-IJAZ:p251, BURHAN:v1p309
quotes 100:9: «يعلم اذا» in 6 segment(s): BINTSHATI-IJAZ:p241, BINTSHATI-IJAZ:p251, BURHAN:v1p309, JURJANI-ASRAR:v1p211, JURJANI-DALAIL:v1p69#2, SIBAWAYH:فمنثمذكرعلىحدتهولميذكرمعالأولولايجوزفيهالاقتصارعلى#34
quotes 100:9: «افلا يعلم اذا» in 0 segment(s) (hadith, sīra, poetry only): 
quotes 100:9: «يعلم اذا بعثر» in 0 segment(s) (hadith, sīra, poetry only): 
quotes 100:9: «اذا بعثر ما» in 0 segment(s) (hadith, sīra, poetry only): 
quotes 100:9: «بعثر ما في» in 0 segment(s) (hadith, sīra, poetry only): 
quotes 100:9: «ما في القبور» in 4 segment(s): BINTSHATI-IJAZ:p241, BINTSHATI-IJAZ:p245, BINTSHATI-IJAZ:p251, BURHAN:v1p309
quotes 100:10: 4 unique window(s): وحصل | وحصل ما | وحصل ما في | ما في الصدور
quotes 100:10: «وحصل» in 22 segment(s): ALUSI-FULL:v1p36, BAQILLANI:v1p204, BAQILLANI:v1p276, BINTSHATI-IJAZ:p57, BINTSHATI-IJAZ:p241, BINTSHATI-IJAZ:p251, BURHAN:v1p309, BURHAN:v2p126, BURHAN:v3p211, IBNKATHIR-FULL:v1p46#2, JURJANI-ASRAR:v1p72, JURJANI-ASRAR:v1p251 …
quotes 100:10: «وحصل ما في» in 0 segment(s) (hadith, sīra, poetry only): 
quotes 100:10: «ما في الصدور» in 3 segment(s): BINTSHATI-IJAZ:p241, BINTSHATI-IJAZ:p251, BURHAN:v1p309
quotes 100:11: 7 unique window(s): ان ربهم | ربهم بهم | بهم يوميذ | يوميذ لخبير | ان ربهم بهم | ربهم بهم يوميذ | بهم يوميذ لخبير
quotes 100:11: «ان ربهم» in 5 segment(s): BINTSHATI-IJAZ:p241, BINTSHATI-IJAZ:p251, BURHAN:v1p309, IBNJAWZI-NUZHA:v1p536, ITQAN:v3p244
quotes 100:11: «ربهم بهم» in 5 segment(s): BINTSHATI-IJAZ:p241, BINTSHATI-IJAZ:p251, BURHAN:v1p309, IBNJAWZI-NUZHA:v1p536, ITQAN:v3p244
quotes 100:11: «بهم يوميذ» in 5 segment(s): BINTSHATI-IJAZ:p241, BINTSHATI-IJAZ:p251, BURHAN:v1p309, BURHAN:v2p140, IBNJAWZI-NUZHA:v1p536
quotes 100:11: «يوميذ لخبير» in 4 segment(s): BINTSHATI-IJAZ:p241, BINTSHATI-IJAZ:p251, BURHAN:v1p309, IBNJAWZI-NUZHA:v1p536
quotes 100:11: «ان ربهم بهم» in 0 segment(s) (hadith, sīra, poetry only): 
quotes 100:11: «ربهم بهم يوميذ» in 0 segment(s) (hadith, sīra, poetry only): 
quotes 100:11: «بهم يوميذ لخبير» in 0 segment(s) (hadith, sīra, poetry only): 
quotes 101:1: 0 unique window(s): 
quotes 101:2: 0 unique window(s): 
quotes 101:3: 1 unique window(s): ادريك ما القارعه
quotes 101:3: «ادريك ما القارعه» in 0 segment(s): 
quotes 101:4: 8 unique window(s): كالفراش | المبثوث | يوم يكون | الناس كالفراش | كالفراش المبثوث | يوم يكون الناس | يكون الناس كالفراش | الناس كالفراش المبثوث
quotes 101:4: «كالفراش» in 9 segment(s): BINTSHATI-IJAZ:p251, BINTSHATI-IJAZ:p527, BURHAN:v1p392, DAMGHANI:v1p353, KHATTABI:v1p67, SAMARRAI-LAMASAT:p198, SAMARRAI-LAMASAT:p199, SAMARRAI-LAMASAT-HALAQAT:p110, SAMARRAI-LAMASAT-HALAQAT:p111
quotes 101:4: «المبثوث» in 10 segment(s): BINTSHATI-IJAZ:p251, BINTSHATI-IJAZ:p527, DAMGHANI:v1p353, KHATTABI:v1p67, SAMARRAI-LAMASAT:p198, SAMARRAI-LAMASAT:p199, SAMARRAI-LAMASAT:p200, SAMARRAI-LAMASAT-HALAQAT:p110, SAMARRAI-LAMASAT-HALAQAT:p111, SAMARRAI-LAMASAT-HALAQAT:p112
quotes 101:4: «يوم يكون» in 7 segment(s): BINTSHATI-IJAZ:p527, ITQAN:v3p75, KHATTABI:v1p67, SAMARRAI-LAMASAT:p198, SAMARRAI-LAMASAT:p199, SAMARRAI-LAMASAT-HALAQAT:p110, SAMARRAI-LAMASAT-HALAQAT:p111
quotes 101:4: «يوم يكون الناس» in 0 segment(s) (hadith, sīra, poetry only): 
quotes 101:4: «يكون الناس كالفراش» in 0 segment(s) (hadith, sīra, poetry only): 
quotes 101:4: «الناس كالفراش المبثوث» in 0 segment(s) (hadith, sīra, poetry only): 
quotes 101:5: 3 unique window(s): المنفوش | كالعهن المنفوش | الجبال كالعهن المنفوش
quotes 101:5: «المنفوش» in 21 segment(s): ALUSI-FULL:v1p28, BINTSHATI-IJAZ:p527, BURHAN:v1p213, BURHAN:v1p253#2, BURHAN:v1p334, IBNASHUR-FULL:v1p56, IBNATIYYA-FULL:v1p43, IBNKATHIR-FULL:v1p46, IBNQUTAYBA-MUSHKIL:v1p24, IBNQUTAYBA-MUSHKIL:v1p31, ITQAN:v1p130, KHATTABI:v1p67 …
quotes 101:5: «الجبال كالعهن المنفوش» in 0 segment(s) (hadith, sīra, poetry only): 
quotes 101:6: 3 unique window(s): من ثقلت | فاما من ثقلت | من ثقلت موازينه
quotes 101:6: «من ثقلت» in 2 segment(s): DAMGHANI:v1p93, IBNJAWZI-NUZHA:v1p225
quotes 101:6: «فاما من ثقلت» in 1 segment(s) (hadith, sīra, poetry only): RIYAD:1.53
quotes 101:6: «من ثقلت موازينه» in 1 segment(s) (hadith, sīra, poetry only): RIYAD:1.53
quotes 101:7: 0 unique window(s): 
quotes 101:8: 3 unique window(s): من خفت | واما من خفت | من خفت موازينه
quotes 101:8: «من خفت» in 1 segment(s): SIBAWAYH:(هذابابماالياءوالواوفيهثانيةوهمافيموضعالعينمنه)#775
quotes 101:8: «واما من خفت» in 1 segment(s) (hadith, sīra, poetry only): RIYAD:1.53
quotes 101:8: «من خفت موازينه» in 1 segment(s) (hadith, sīra, poetry only): RIYAD:1.53
quotes 101:9: 3 unique window(s): فامه | هاويه | فامه هاويه
quotes 101:9: «فامه» in 6 segment(s): BURHAN:v2p484, DAMGHANI:v1p40, IBNJAWZI-NUZHA:v1p140, IBNQUTAYBA-MUSHKIL:v1p69, ITQAN:v3p98, ITQAN:v3p266
quotes 101:9: «هاويه» in 8 segment(s): BURHAN:v2p484, DAMGHANI:v1p40, IBNJAWZI-NUZHA:v1p140, IBNJAWZI-NUZHA:v1p637#2, IBNQUTAYBA-MUSHKIL:v1p69, ITQAN:v3p98, ITQAN:v3p266, SAMARRAI-ASRAR:r7#7
quotes 101:10: 2 unique window(s): ما هيه | ادريك ما هيه
quotes 101:10: «ما هيه» in 11 segment(s): BURHAN:v1p60#2, BURHAN:v1p343, BURHAN:v1p364, BURHAN:v2p337, BURHAN:v2p484, BURHAN:v4p430, ITQAN:v2p521#3, ITQAN:v3p166, ITQAN:v3p269, JISHUMI:v2p1011, NASHR:v2p402#2
quotes 101:10: «ادريك ما هيه» in 0 segment(s) (hadith, sīra, poetry only): 
quotes 101:11: 1 unique window(s): نار حاميه
quotes 101:11: «نار حاميه» in 3 segment(s): BURHAN:v1p364, SAMARRAI-LAMASAT:p199, SAMARRAI-LAMASAT-HALAQAT:p112
quotes 102:1: 3 unique window(s): الهيكم | التكاثر | الهيكم التكاثر
quotes 102:1: «الهيكم» in 0 segment(s): 
quotes 102:1: «التكاثر» in 30 segment(s): BINTSHATI:v1pdf217, BINTSHATI-IJAZ:p236, BINTSHATI-IJAZ:p274, BINTSHATI-IJAZ:p275, BINTSHATI-IJAZ:p531, BINTSHATI-IJAZ:p532, BURHAN:v1p193, BURHAN:v1p371, BURHAN:v1p373, BURHAN:v3p185, BURHAN:v4p280, BURHAN:v4p311 …
quotes 102:2: 5 unique window(s): زرتم | المقابر | حتي زرتم | زرتم المقابر | حتي زرتم المقابر
quotes 102:2: «زرتم» in 6 segment(s): BINTSHATI-IJAZ:p274, BINTSHATI-IJAZ:p532, BURHAN:v1p373, BURHAN:v4p311, ITQAN:v4p537#2, SAMARRAI-LAMASAT:p118
quotes 102:2: «المقابر» in 9 segment(s): BINTSHATI-IJAZ:p274, BINTSHATI-IJAZ:p275, BINTSHATI-IJAZ:p531, BINTSHATI-IJAZ:p532, BURHAN:v1p373, BURHAN:v4p311, ITQAN:v1p97, ITQAN:v4p537#2, SAMARRAI-LAMASAT:p118
quotes 102:2: «حتي زرتم المقابر» in 4 segment(s) (hadith, sīra, poetry only): MUSNAD-AHMAD:16305, MUSNAD-AHMAD:16327, NASAI:3613, RIYAD:1.55
quotes 102:3: 0 unique window(s): 
quotes 102:4: 1 unique window(s): ثم كلا سوف
quotes 102:4: «ثم كلا سوف» in 14 segment(s): BURHAN:v1p373, BURHAN:v2p386, BURHAN:v3p10, BURHAN:v3p16, BURHAN:v3p19, BURHAN:v3p177, BURHAN:v4p280, BURHAN:v4p311, IBNJAWZI-NUZHA:v1p511, IBNQUTAYBA-MUSHKIL:v1p150, ITQAN:v1p235, ITQAN:v3p177 …
quotes 102:5: 6 unique window(s): كلا لو | تعلمون علم | علم اليقين | كلا لو تعلمون | لو تعلمون علم | تعلمون علم اليقين
quotes 102:5: «كلا لو» in 6 segment(s): BURHAN:v1p373, IBNASHUR-FULL:v1p22, IBNASHUR-FULL:v1p47, IBNJAWZI-NUZHA:v1p511, IBNJAWZI-NUZHA:v1p634, SAMARRAI-LAMASAT-HALAQAT:p991
quotes 102:5: «تعلمون علم» in 2 segment(s): BURHAN:v3p185, IBNJAWZI-NUZHA:v1p634
quotes 102:5: «علم اليقين» in 6 segment(s): BINTSHATI-IJAZ:p236, BURHAN:v2p153, BURHAN:v3p185, DAMGHANI:v1p502, IBNJAWZI-NUZHA:v1p634, JURJANI-ASRAR:v1p225
quotes 102:5: «كلا لو تعلمون» in 1 segment(s) (hadith, sīra, poetry only): RIYAD:1.55
quotes 102:5: «لو تعلمون علم» in 1 segment(s) (hadith, sīra, poetry only): RIYAD:1.55
quotes 102:5: «تعلمون علم اليقين» in 1 segment(s) (hadith, sīra, poetry only): RIYAD:1.55
quotes 102:6: 2 unique window(s): لترون | لترون الجحيم
quotes 102:6: «لترون» in 5 segment(s): BURHAN:v3p8#2, IBNJAWZI-NUZHA:v1p634, NASHR:v2p402#2, SAMARRAI-LAMASAT-HALAQAT:p816, SAMARRAI-LAMASAT-HALAQAT:p817
quotes 102:7: 6 unique window(s): لترونها | ثم لترونها | لترونها عين | عين اليقين | ثم لترونها عين | لترونها عين اليقين
quotes 102:7: «لترونها» in 6 segment(s): BURHAN:v3p8#2, IBNJAWZI-NUZHA:v1p634, NASHR:v2p402#2, SAMARRAI-LAMASAT-HALAQAT:p814, SAMARRAI-LAMASAT-HALAQAT:p816, SAMARRAI-LAMASAT-HALAQAT:p817
quotes 102:7: «عين اليقين» in 11 segment(s): BINTSHATI-IJAZ:p236, BURHAN:v3p8#2, IBNJAWZI-NUZHA:v1p634, NASHR:v2p402#2, SAMARRAI-ASRAR-MUH:p71, SAMARRAI-LAMASAT-HALAQAT:p47, SAMARRAI-LAMASAT-HALAQAT:p522, SAMARRAI-LAMASAT-HALAQAT:p702, SAMARRAI-LAMASAT-HALAQAT:p814, SAMARRAI-LAMASAT-HALAQAT:p816, SAMARRAI-LAMASAT-HALAQAT:p817
quotes 102:7: «ثم لترونها عين» in 0 segment(s) (hadith, sīra, poetry only): 
quotes 102:7: «لترونها عين اليقين» in 0 segment(s) (hadith, sīra, poetry only): 
quotes 102:8: 7 unique window(s): ثم لتسلن | لتسلن يوميذ | يوميذ عن | عن النعيم | ثم لتسلن يوميذ | لتسلن يوميذ عن | يوميذ عن النعيم
quotes 102:8: «ثم لتسلن» in 0 segment(s): 
quotes 102:8: «لتسلن يوميذ» in 0 segment(s): 
quotes 102:8: «يوميذ عن» in 3 segment(s): BINTSHATI-IJAZ:p236, IBNQUTAYBA-GHARIB:v1p5, ITQAN:v4p537#2
quotes 102:8: «عن النعيم» in 5 segment(s): BINTSHATI-IJAZ:p236, BURHAN:v4p302, IBNQUTAYBA-GHARIB:v1p5, ITQAN:v4p537#2, NASHR:v2p437
quotes 102:8: «ثم لتسلن يوميذ» in 0 segment(s) (hadith, sīra, poetry only): 
quotes 102:8: «لتسلن يوميذ عن» in 0 segment(s) (hadith, sīra, poetry only): 
quotes 102:8: «يوميذ عن النعيم» in 7 segment(s) (hadith, sīra, poetry only): IBNHIBBAN:5216, IBNMAJAH:4158, MUSNAD-AHMAD:1405, MUSNAD-AHMAD:23640, RIYAD:1.56, TIRMIDHI:3356, TIRMIDHI:3357
quotes 103:1: 1 unique window(s): والعصر
quotes 103:1: «والعصر» in 29 segment(s): BINTSHATI-IJAZ:p154, BINTSHATI-IJAZ:p244, BINTSHATI-IJAZ:p245, BINTSHATI-IJAZ:p251, BINTSHATI-IJAZ:p415, BINTSHATI-IJAZ:p416, BINTSHATI-IJAZ:p567, BURHAN:v1p100, BURHAN:v1p179#2, BURHAN:v1p267, BURHAN:v2p34, DAMGHANI:v1p293 …
quotes 103:2: 4 unique window(s): الانسان لفي | لفي خسر | ان الانسان لفي | الانسان لفي خسر
quotes 103:2: «الانسان لفي» in 17 segment(s): BINTSHATI-IJAZ:p244, BINTSHATI-IJAZ:p251, BURHAN:v2p7, BURHAN:v2p232, BURHAN:v2p234, BURHAN:v4p88, DAMGHANI:v1p155, DAMGHANI:v1p325, IBNASHUR-FULL:v1p120, IBNJAWZI-NUZHA:v1p181, IBNJAWZI-NUZHA:v1p277, IBNQUTAYBA-MUSHKIL:v1p204#2 …
quotes 103:2: «لفي خسر» in 17 segment(s): BINTSHATI-IJAZ:p244, BINTSHATI-IJAZ:p251, BURHAN:v2p7, BURHAN:v2p232, BURHAN:v2p234, BURHAN:v4p88, DAMGHANI:v1p155, DAMGHANI:v1p325, IBNASHUR-FULL:v1p120, IBNJAWZI-NUZHA:v1p181, IBNJAWZI-NUZHA:v1p277, IBNQUTAYBA-MUSHKIL:v1p204#2 …
quotes 103:2: «ان الانسان لفي» in 1 segment(s) (hadith, sīra, poetry only): RIYAD:1.21
quotes 103:2: «الانسان لفي خسر» in 1 segment(s) (hadith, sīra, poetry only): RIYAD:1.21
quotes 103:3: 7 unique window(s): الصالحات وتواصوا | وتواصوا بالحق | بالحق وتواصوا | وعملوا الصالحات وتواصوا | الصالحات وتواصوا بالحق | وتواصوا بالحق وتواصوا | بالحق وتواصوا بالصبر
quotes 103:3: «الصالحات وتواصوا» in 2 segment(s): BINTSHATI-IJAZ:p251, IBNQUTAYBA-MUSHKIL:v1p204#2
quotes 103:3: «وتواصوا بالحق» in 4 segment(s): BINTSHATI-IJAZ:p251, DAMGHANI:v1p137, IBNQUTAYBA-MUSHKIL:v1p204#2, ITQAN:v1p183
quotes 103:3: «بالحق وتواصوا» in 2 segment(s): BINTSHATI-IJAZ:p251, IBNQUTAYBA-MUSHKIL:v1p204#2
quotes 103:3: «وعملوا الصالحات وتواصوا» in 1 segment(s) (hadith, sīra, poetry only): RIYAD:1.21
quotes 103:3: «الصالحات وتواصوا بالحق» in 2 segment(s) (hadith, sīra, poetry only): RIYAD:1.21, RIYAD-TR:v1p204
quotes 103:3: «وتواصوا بالحق وتواصوا» in 2 segment(s) (hadith, sīra, poetry only): RIYAD:1.21, RIYAD-TR:v1p204
quotes 103:3: «بالحق وتواصوا بالصبر» in 1 segment(s) (hadith, sīra, poetry only): RIYAD:1.21
quotes 104:1: 6 unique window(s): همزه | لمزه | لكل همزه | همزه لمزه | ويل لكل همزه | لكل همزه لمزه
NOTE quotes 104:1: window «همزه» in 188 segments, too common alone; the longer windows that contain it are used instead
quotes 104:1: «لمزه» in 7 segment(s): BINTSHATI-IJAZ:p446, BURHAN:v1p161, ITQAN:v3p245, NASHR:v2p82, SAMARRAI-ASRAR:r3#3, SAMARRAI-LAMASAT-HALAQAT:p679, SAMARRAI-LAMASAT-HALAQAT:p680
quotes 104:1: «لكل همزه» in 13 segment(s): BINTSHATI-IJAZ:p446, BURHAN:v1p161, BURHAN:v1p180#3, ITQAN:v1p38, ITQAN:v1p77#2, ITQAN:v1p175#2, ITQAN:v1p176, ITQAN:v3p245, ITQAN:v3p283, NASHR:v1p261#2, SAMARRAI-ASRAR:r3#3, SAMARRAI-LAMASAT-HALAQAT:p679 …
quotes 104:1: «ويل لكل همزه» in 2 segment(s) (hadith, sīra, poetry only): IBNHISHAM:v1p356, RIYAD:18.273
quotes 104:1: «لكل همزه لمزه» in 2 segment(s) (hadith, sīra, poetry only): IBNHISHAM:v1p356, RIYAD:18.273
quotes 104:2: 6 unique window(s): وعدده | الذي جمع | جمع مالا | مالا وعدده | الذي جمع مالا | جمع مالا وعدده
quotes 104:2: «وعدده» in 5 segment(s): BINTSHATI-IJAZ:p225, DAMGHANI:v1p316, JISHUMI:v2p1079, NASHR:v1p217, SAMARRAI-LAMASAT-HALAQAT:p680
quotes 104:2: «الذي جمع» in 12 segment(s): BAQILLANI:v1p288, BINTSHATI-IJAZ:p225, BURHAN:v1p221, BURHAN:v1p226, DAMGHANI:v1p316, GHARNATI:v1p180, IBNASHUR-FULL:v1p85, IBNKATHIR-FULL:v1p25, IBNKATHIR-FULL:v1p46#2, ITQAN:v1p195#2, KHATTABI:v1p37, SAMARRAI-LAMASAT-HALAQAT:p680
quotes 104:2: «جمع مالا» in 4 segment(s): BINTSHATI-IJAZ:p225, DAMGHANI:v1p316, NASHR:v2p402#2, SAMARRAI-LAMASAT-HALAQAT:p680
quotes 104:2: «الذي جمع مالا» in 1 segment(s) (hadith, sīra, poetry only): IBNHISHAM:v1p356
quotes 104:2: «جمع مالا وعدده» in 1 segment(s) (hadith, sīra, poetry only): IBNHISHAM:v1p356
quotes 104:3: 7 unique window(s): يحسب | اخلده | يحسب ان | ان ماله | ماله اخلده | يحسب ان ماله | ان ماله اخلده
quotes 104:3: «يحسب» in 26 segment(s): BINTSHATI-IJAZ:p225, BINTSHATI-IJAZ:p353, BURHAN:v3p207, BURHAN:v3p395, BURHAN:v4p311, BURHAN:v4p313, DAMGHANI:v1p157, IBNJAWZI-NUZHA:v1p86, IBNJAWZI-NUZHA:v1p511, IBNQUTAYBA-MUSHKIL:v1p198, IBNQUTAYBA-MUSHKIL:v1p295#2, JISHUMI:v2p950 …
quotes 104:3: «اخلده» in 11 segment(s): BINTSHATI-IJAZ:p225, BINTSHATI-IJAZ:p353, BURHAN:v1p368, BURHAN:v4p311, BURHAN:v4p313, DAMGHANI:v1p157, IBNJAWZI-NUZHA:v1p86, IBNJAWZI-NUZHA:v1p511, IBNQUTAYBA-MUSHKIL:v1p295#2, ITQAN:v1p235, SAMARRAI-LAMASAT-HALAQAT:p680
quotes 104:3: «ان ماله» in 9 segment(s): BINTSHATI-IJAZ:p225, BINTSHATI-IJAZ:p353, BURHAN:v4p311, BURHAN:v4p313, DAMGHANI:v1p157, IBNJAWZI-NUZHA:v1p86, IBNJAWZI-NUZHA:v1p511, IBNQUTAYBA-MUSHKIL:v1p295#2, SAMARRAI-LAMASAT-HALAQAT:p680
quotes 104:3: «يحسب ان ماله» in 3 segment(s) (hadith, sīra, poetry only): ABUDAWUD:3995, IBNHIBBAN:6332, IBNHISHAM:v1p356
quotes 104:3: «ان ماله اخلده» in 3 segment(s) (hadith, sīra, poetry only): ABUDAWUD:3995, IBNHIBBAN:6332, IBNHISHAM:v1p356
quotes 104:4: 6 unique window(s): لينبذن | كلا لينبذن | لينبذن في | في الحطمه | كلا لينبذن في | لينبذن في الحطمه
quotes 104:4: «لينبذن» in 5 segment(s): BINTSHATI-IJAZ:p225, IBNQUTAYBA-MUSHKIL:v1p295#2, ITQAN:v3p266, SAMARRAI-LAMASAT-HALAQAT:p680, SAMARRAI-LAMASAT-HALAQAT:p681
quotes 104:4: «في الحطمه» in 5 segment(s): BINTSHATI-IJAZ:p225, IBNQUTAYBA-MUSHKIL:v1p295#2, ITQAN:v3p266, SAMARRAI-LAMASAT-HALAQAT:p680, SAMARRAI-LAMASAT-HALAQAT:p681
quotes 104:4: «كلا لينبذن في» in 1 segment(s) (hadith, sīra, poetry only): IBNHISHAM:v1p356
quotes 104:4: «لينبذن في الحطمه» in 1 segment(s) (hadith, sīra, poetry only): IBNHISHAM:v1p356
quotes 104:5: 2 unique window(s): ما الحطمه | ادريك ما الحطمه
quotes 104:5: «ما الحطمه» in 3 segment(s): BINTSHATI-IJAZ:p225, BURHAN:v3p135, SAMARRAI-LAMASAT-HALAQAT:p680
quotes 104:5: «ادريك ما الحطمه» in 0 segment(s) (hadith, sīra, poetry only): 
quotes 104:6: 4 unique window(s): الموقده | نار الله | الله الموقده | نار الله الموقده
quotes 104:6: «الموقده» in 8 segment(s): BINTSHATI-IJAZ:p225, BINTSHATI-IJAZ:p275, BINTSHATI-IJAZ:p369, BINTSHATI-IJAZ:p446, BURHAN:v2p456, BURHAN:v3p135, IBNQUTAYBA-MUSHKIL:v1p237#2, SAMARRAI-LAMASAT-HALAQAT:p680
quotes 104:6: «نار الله» in 6 segment(s): BINTSHATI-IJAZ:p225, BINTSHATI-IJAZ:p275, BINTSHATI-IJAZ:p446, BURHAN:v3p135, IBNQUTAYBA-MUSHKIL:v1p237#2, SAMARRAI-LAMASAT-HALAQAT:p680
quotes 104:6: «نار الله الموقده» in 1 segment(s) (hadith, sīra, poetry only): IBNHISHAM:v1p356
quotes 104:7: 5 unique window(s): الافده | التي تطلع | علي الافده | التي تطلع علي | تطلع علي الافده
quotes 104:7: «الافده» in 0 segment(s): 
quotes 104:7: «التي تطلع» in 3 segment(s): BINTSHATI-IJAZ:p275, IBNQUTAYBA-MUSHKIL:v1p237#2, SAMARRAI-LAMASAT-HALAQAT:p680
quotes 104:7: «التي تطلع علي» in 1 segment(s) (hadith, sīra, poetry only): IBNHISHAM:v1p356
quotes 104:7: «تطلع علي الافده» in 0 segment(s) (hadith, sīra, poetry only): 
quotes 104:8: 3 unique window(s): انها عليهم | عليهم موصده | انها عليهم موصده
quotes 104:8: «انها عليهم» in 6 segment(s): BINTSHATI-IJAZ:p275, BINTSHATI-IJAZ:p446, ITQAN:v4p537#3, SAMARRAI-ASRAR:r3#3, SAMARRAI-LAMASAT-HALAQAT:p680, SAMARRAI-LAMASAT-HALAQAT:p681
quotes 104:8: «عليهم موصده» in 6 segment(s): BINTSHATI-IJAZ:p275, BINTSHATI-IJAZ:p446, ITQAN:v4p537#3, SAMARRAI-ASRAR:r3#3, SAMARRAI-LAMASAT-HALAQAT:p680, SAMARRAI-LAMASAT-HALAQAT:p681
quotes 104:8: «انها عليهم موصده» in 2 segment(s) (hadith, sīra, poetry only): HAMASA:v1p571, IBNHISHAM:v1p356
quotes 104:9: 4 unique window(s): ممدده | في عمد | عمد ممدده | في عمد ممدده
quotes 104:9: «ممدده» in 6 segment(s): BINTSHATI-IJAZ:p275, BINTSHATI-IJAZ:p446, NASHR:v1p217, SAMARRAI-ASRAR:r3#3, SAMARRAI-LAMASAT-HALAQAT:p680, SAMARRAI-LAMASAT-HALAQAT:p681
quotes 104:9: «في عمد» in 6 segment(s): BINTSHATI-IJAZ:p275, BINTSHATI-IJAZ:p446, NASHR:v2p402#2, SAMARRAI-ASRAR:r3#3, SAMARRAI-LAMASAT-HALAQAT:p680, SAMARRAI-LAMASAT-HALAQAT:p681
quotes 104:9: «في عمد ممدده» in 1 segment(s) (hadith, sīra, poetry only): IBNHISHAM:v1p356
quotes 105:1: 6 unique window(s): باصحاب | الفيل | ربك باصحاب | باصحاب الفيل | فعل ربك باصحاب | ربك باصحاب الفيل
quotes 105:1: «باصحاب» in 16 segment(s): BURHAN:v1p237, BURHAN:v2p339, BURHAN:v4p83, BURHAN:v4p121, DAMGHANI:v1p189, GHARNATI:v1p186, IBNASHUR-FULL:v1p63, IBNJAWZI-NUZHA:v1p319, IBNQUTAYBA-MUSHKIL:v1p234, ITQAN:v1p162, ITQAN:v2p570, ITQAN:v3p182#2 …
NOTE quotes 105:1: window «الفيل» in 55 segments, too common alone; the longer windows that contain it are used instead
quotes 105:1: «فعل ربك باصحاب» in 3 segment(s) (hadith, sīra, poetry only): AZRAQI:v1p154, HAMASA:v1p715, IBNHISHAM:v1p54#2
quotes 105:1: «ربك باصحاب الفيل» in 3 segment(s) (hadith, sīra, poetry only): AZRAQI:v1p154, HAMASA:v1p715, IBNHISHAM:v1p54#2
quotes 105:2: 8 unique window(s): تضليل | الم يجعل | يجعل كيدهم | كيدهم في | في تضليل | الم يجعل كيدهم | يجعل كيدهم في | كيدهم في تضليل
quotes 105:2: «تضليل» in 4 segment(s): BURHAN:v2p331, IBNQUTAYBA-MUSHKIL:v1p234, ITQAN:v3p212, NASHR:v1p219
quotes 105:2: «الم يجعل» in 3 segment(s): BURHAN:v2p331, IBNQUTAYBA-MUSHKIL:v1p234, ITQAN:v3p212
quotes 105:2: «يجعل كيدهم» in 3 segment(s): BURHAN:v2p331, IBNQUTAYBA-MUSHKIL:v1p234, ITQAN:v3p212
quotes 105:2: «كيدهم في» in 3 segment(s): BURHAN:v2p331, IBNQUTAYBA-MUSHKIL:v1p234, ITQAN:v3p212
quotes 105:2: «الم يجعل كيدهم» in 1 segment(s) (hadith, sīra, poetry only): IBNHISHAM:v1p54#2
quotes 105:2: «يجعل كيدهم في» in 1 segment(s) (hadith, sīra, poetry only): IBNHISHAM:v1p54#2
quotes 105:2: «كيدهم في تضليل» in 1 segment(s) (hadith, sīra, poetry only): IBNHISHAM:v1p54#2
quotes 105:3: 6 unique window(s): ابابيل | وارسل عليهم | عليهم طيرا | طيرا ابابيل | وارسل عليهم طيرا | عليهم طيرا ابابيل
quotes 105:3: «ابابيل» in 10 segment(s): BINTSHATI-IJAZ:p448, BINTSHATI-IJAZ:p449, DAMGHANI:v1p204, DAMGHANI:v1p304, IBNJAWZI-NUZHA:v1p151, IBNQUTAYBA-MUSHKIL:v1p234, ITQAN:v2p361, ITQAN:v2p566, MAJAZ:v2p399, SAMARRAI-ASRAR:r15#3
quotes 105:3: «وارسل عليهم» in 6 segment(s): BINTSHATI-IJAZ:p449, DAMGHANI:v1p204, DAMGHANI:v1p304, IBNJAWZI-NUZHA:v1p151, IBNQUTAYBA-MUSHKIL:v1p234, SAMARRAI-ASRAR:r15#3
quotes 105:3: «عليهم طيرا» in 6 segment(s): BINTSHATI-IJAZ:p449, DAMGHANI:v1p204, DAMGHANI:v1p304, IBNJAWZI-NUZHA:v1p151, IBNQUTAYBA-MUSHKIL:v1p234, SAMARRAI-ASRAR:r15#3
quotes 105:3: «وارسل عليهم طيرا» in 1 segment(s) (hadith, sīra, poetry only): IBNHISHAM:v1p54#2
quotes 105:3: «عليهم طيرا ابابيل» in 1 segment(s) (hadith, sīra, poetry only): IBNHISHAM:v1p54#2
quotes 105:4: 6 unique window(s): ترميهم | بحجاره | ترميهم بحجاره | بحجاره من | ترميهم بحجاره من | بحجاره من سجيل
quotes 105:4: «ترميهم» in 8 segment(s): BINTSHATI-IJAZ:p449, DAMGHANI:v1p116, DAMGHANI:v1p209, DAMGHANI:v1p304, IBNJAWZI-NUZHA:v1p315, IBNQUTAYBA-MUSHKIL:v1p234, NASHR:v2p103, SAMARRAI-ASRAR:r15#3
quotes 105:4: «بحجاره» in 7 segment(s): BINTSHATI-IJAZ:p449, DAMGHANI:v1p116, DAMGHANI:v1p209, DAMGHANI:v1p304, IBNJAWZI-NUZHA:v1p315, IBNQUTAYBA-MUSHKIL:v1p234, SAMARRAI-ASRAR:r15#3
quotes 105:4: «ترميهم بحجاره من» in 1 segment(s) (hadith, sīra, poetry only): IBNHISHAM:v1p54#2
quotes 105:4: «بحجاره من سجيل» in 1 segment(s) (hadith, sīra, poetry only): IBNHISHAM:v1p54#2
quotes 105:5: 5 unique window(s): كعصف | ماكول | فجعلهم كعصف | كعصف ماكول | فجعلهم كعصف ماكول
quotes 105:5: «كعصف» in 11 segment(s): BINTSHATI-IJAZ:p449, BURHAN:v1p186, BURHAN:v2p304, BURHAN:v4p340, DAMGHANI:v1p325, IBNQUTAYBA-MUSHKIL:v1p234, ITQAN:v2p497, ITQAN:v3p296, NASHR:v1p279, SAMARRAI-ASRAR:r15#3, SIBAWAYH:وذاكلأنهاظروففيهاالأشياءوتكونفيهافانتصبلأنهPageV01P403#194
quotes 105:5: «ماكول» in 13 segment(s): BINTSHATI-IJAZ:p449, BURHAN:v1p186, BURHAN:v2p304, BURHAN:v4p340, DAMGHANI:v1p325, IBNQUTAYBA-MUSHKIL:v1p234, ITQAN:v2p497, ITQAN:v3p296, JISHUMI:v1p715, JISHUMI:v1p758, NASHR:v1p279, SAMARRAI-ASRAR:r15#3 …
quotes 105:5: «فجعلهم كعصف ماكول» in 1 segment(s) (hadith, sīra, poetry only): IBNHISHAM:v1p54#2
quotes 106:1: 3 unique window(s): لايلاف | قريش | لايلاف قريش
quotes 106:1: «لايلاف» in 29 segment(s): BURHAN:v1p38, BURHAN:v1p58, BURHAN:v1p161, BURHAN:v1p180#4, BURHAN:v1p186, BURHAN:v1p193, BURHAN:v1p253#2, BURHAN:v4p340, IBNQUTAYBA-MUSHKIL:v1p234, ITQAN:v1p37, ITQAN:v1p38, ITQAN:v1p77#2 …
NOTE quotes 106:1: window «قريش» in 184 segments, too common alone; the longer windows that contain it are used instead
quotes 106:2: 8 unique window(s): الافهم | الشتا | والصيف | الافهم رحله | رحله الشتا | الشتا والصيف | الافهم رحله الشتا | رحله الشتا والصيف
quotes 106:2: «الافهم» in 0 segment(s): 
quotes 106:2: «الشتا» in 28 segment(s): BAQILLANI:v1p108, BAQILLANI:v1p236, BINTSHATI-IJAZ:p589, BURHAN:v1p415, BURHAN:v1p472, BURHAN:v3p240, BURHAN:v4p15, DAMGHANI:v1p202, IBNJAWZI-NUZHA:v1p136, IBNJAWZI-NUZHA:v1p517, IBNQUTAYBA-GHARIB:v1p5, IBNQUTAYBA-MUSHKIL:v1p174 …
quotes 106:2: «والصيف» in 6 segment(s): BURHAN:v1p415, DAMGHANI:v1p202, RAZI-FULL:v1p25, SAMARRAI-ASRAR-MUH:p70, SAMARRAI-LAMASAT-HALAQAT:p521, SAMARRAI-LAMASAT-HALAQAT:p697
quotes 106:2: «الافهم رحله الشتا» in 0 segment(s) (hadith, sīra, poetry only): 
quotes 106:2: «رحله الشتا والصيف» in 3 segment(s) (hadith, sīra, poetry only): HAMASA:v1p1013, IBNHISHAM:v1p54#2, MUSNAD-AHMAD:27607
quotes 106:3: 6 unique window(s): فليعبدوا | فليعبدوا رب | رب هاذا | هاذا البيت | فليعبدوا رب هاذا | رب هاذا البيت
quotes 106:3: «فليعبدوا» in 6 segment(s): BURHAN:v4p340, IBNQUTAYBA-MUSHKIL:v1p234, SAMARRAI-ASRAR-MUH:p70, SAMARRAI-LAMASAT-HALAQAT:p521, SAMARRAI-LAMASAT-HALAQAT:p697, SIBAWAYH:(هذابابآخرمنأبوابأن)#500
quotes 106:3: «رب هاذا» in 0 segment(s): 
quotes 106:3: «هاذا البيت» in 0 segment(s): 
quotes 106:3: «فليعبدوا رب هاذا» in 0 segment(s) (hadith, sīra, poetry only): 
quotes 106:3: «رب هاذا البيت» in 0 segment(s) (hadith, sīra, poetry only): 
quotes 106:4: 12 unique window(s): اطعمهم | وامنهم | الذي اطعمهم | اطعمهم من | جوع وامنهم | وامنهم من | من خوف | الذي اطعمهم من | اطعمهم من جوع | من جوع وامنهم | جوع وامنهم من | وامنهم من خوف
quotes 106:4: «اطعمهم» in 9 segment(s): BURHAN:v3p154, BURHAN:v4p418, BURHAN:v4p419, DAMGHANI:v1p293, IBNJAWZI-NUZHA:v1p412, IBNQUTAYBA-MUSHKIL:v1p234, SAMARRAI-ASRAR-MUH:p70, SAMARRAI-LAMASAT-HALAQAT:p521, SAMARRAI-LAMASAT-HALAQAT:p697
quotes 106:4: «وامنهم» in 5 segment(s): BURHAN:v3p154, IBNQUTAYBA-MUSHKIL:v1p235, SAMARRAI-ASRAR-MUH:p70, SAMARRAI-LAMASAT-HALAQAT:p521, SAMARRAI-LAMASAT-HALAQAT:p697
quotes 106:4: «من خوف» in 16 segment(s): BINTSHATI-IJAZ:p510, BURHAN:v3p39, BURHAN:v3p154, BURHAN:v3p398, IBNQUTAYBA-MUSHKIL:v1p237, IBNQUTAYBA-MUSHKIL:v1p262#2, IBNQUTAYBA-MUSHKIL:v1p268#2, ITQAN:v1p125#2, ITQAN:v2p367, ITQAN:v4p328, JISHUMI:v2p969#2, JISHUMI:v2p1051 …
quotes 106:4: «الذي اطعمهم من» in 1 segment(s) (hadith, sīra, poetry only): IBNHISHAM:v1p54#2
quotes 106:4: «اطعمهم من جوع» in 1 segment(s) (hadith, sīra, poetry only): IBNHISHAM:v1p54#2
quotes 106:4: «من جوع وامنهم» in 1 segment(s) (hadith, sīra, poetry only): IBNHISHAM:v1p54#2
quotes 106:4: «جوع وامنهم من» in 1 segment(s) (hadith, sīra, poetry only): IBNHISHAM:v1p54#2
quotes 106:4: «وامنهم من خوف» in 1 segment(s) (hadith, sīra, poetry only): IBNHISHAM:v1p54#2
quotes 107:1: 4 unique window(s): الذي يكذب | يكذب بالدين | اريت الذي يكذب | الذي يكذب بالدين
quotes 107:1: «الذي يكذب» in 10 segment(s): BAQILLANI:v1p52, BINTSHATI-IJAZ:p204, BINTSHATI-IJAZ:p504, BURHAN:v2p114, BURHAN:v4p151, BURHAN:v4p178, IBNJAWZI-NUZHA:v1p298, ITQAN:v1p38, ITQAN:v1p77#2, JISHUMI:v1p570#2
quotes 107:1: «يكذب بالدين» in 7 segment(s): BAQILLANI:v1p52, BINTSHATI-IJAZ:p204, BINTSHATI-IJAZ:p504, BURHAN:v2p114, BURHAN:v4p151, BURHAN:v4p178, IBNJAWZI-NUZHA:v1p298
quotes 107:1: «اريت الذي يكذب» in 0 segment(s) (hadith, sīra, poetry only): 
quotes 107:1: «الذي يكذب بالدين» in 1 segment(s) (hadith, sīra, poetry only): RIYAD:1.33
quotes 107:2: 5 unique window(s): فذالك الذي | الذي يدع | يدع اليتيم | فذالك الذي يدع | الذي يدع اليتيم
quotes 107:2: «فذالك الذي» in 0 segment(s): 
quotes 107:2: «الذي يدع» in 5 segment(s): BAQILLANI:v1p52, BINTSHATI-IJAZ:p204, BINTSHATI-IJAZ:p504, BURHAN:v2p114, BURHAN:v4p301
quotes 107:2: «يدع اليتيم» in 7 segment(s): BAQILLANI:v1p52, BINTSHATI-IJAZ:p204, BINTSHATI-IJAZ:p503, BINTSHATI-IJAZ:p504, BURHAN:v2p114, BURHAN:v4p301, ITQAN:v2p367
quotes 107:2: «فذالك الذي يدع» in 0 segment(s) (hadith, sīra, poetry only): 
quotes 107:2: «الذي يدع اليتيم» in 1 segment(s) (hadith, sīra, poetry only): RIYAD:1.33
quotes 107:3: 0 unique window(s): 
quotes 107:4: 2 unique window(s): للمصلين | فويل للمصلين
quotes 107:4: «للمصلين» in 8 segment(s): BINTSHATI-IJAZ:p202, BINTSHATI-IJAZ:p203, BURHAN:v1p202#2, ITQAN:v1p227, KHATTABI:v1p31, NASHR:v1p229, NASHR:v1p261#2, NASHR:v2p203
quotes 107:5: 5 unique window(s): عن صلاتهم | صلاتهم ساهون | الذين هم عن | هم عن صلاتهم | عن صلاتهم ساهون
quotes 107:5: «عن صلاتهم» in 10 segment(s): BINTSHATI-IJAZ:p202, BINTSHATI-IJAZ:p203, BURHAN:v1p293, BURHAN:v2p104, BURHAN:v4p176, ITQAN:v2p425, ITQAN:v4p537#4, JISHUMI:v1p627, KHATTABI:v1p31, KHATTABI:v1p33
quotes 107:5: «صلاتهم ساهون» in 9 segment(s): BINTSHATI-IJAZ:p202, BINTSHATI-IJAZ:p203, BURHAN:v1p293, BURHAN:v2p104, BURHAN:v4p176, ITQAN:v2p425, ITQAN:v4p537#4, KHATTABI:v1p31, KHATTABI:v1p33
quotes 107:5: «الذين هم عن» in 6 segment(s): BINTSHATI-IJAZ:p202, BINTSHATI-IJAZ:p203, BURHAN:v1p293, BURHAN:v2p104, ITQAN:v4p537#4, KHATTABI:v1p31
quotes 107:5: «هم عن صلاتهم» in 0 segment(s) (hadith, sīra, poetry only): 
quotes 107:5: «عن صلاتهم ساهون» in 0 segment(s) (hadith, sīra, poetry only): 
quotes 107:6: 2 unique window(s): هم يراون | الذين هم يراون
quotes 107:6: «هم يراون» in 1 segment(s): BINTSHATI-IJAZ:p203
quotes 107:6: «الذين هم يراون» in 0 segment(s) (hadith, sīra, poetry only): 
quotes 107:7: 3 unique window(s): ويمنعون | الماعون | ويمنعون الماعون
quotes 107:7: «ويمنعون» in 2 segment(s): BINTSHATI-IJAZ:p508, BURHAN:v2p150
quotes 107:7: «الماعون» in 9 segment(s): BINTSHATI:v2pdf193, BINTSHATI-IJAZ:p202, BINTSHATI-IJAZ:p204, BINTSHATI-IJAZ:p504, BURHAN:v1p38, BURHAN:v2p150, ITQAN:v1p154, ITQAN:v3p297, MAJAZ:v2p1
quotes 108:1: 5 unique window(s): اعطيناك | الكوثر | انا اعطيناك | اعطيناك الكوثر | انا اعطيناك الكوثر
quotes 108:1: «اعطيناك» in 29 segment(s): ALUSI-FULL:v1p32, BAQILLANI:v1p204, BINTSHATI-IJAZ:p89, BURHAN:v1p38, BURHAN:v1p179, BURHAN:v1p193, BURHAN:v2p92, BURHAN:v2p493, BURHAN:v3p316, BURHAN:v4p86, BURHAN:v4p297, ITQAN:v1p38 …
NOTE quotes 108:1: window «الكوثر» in 41 segments, too common alone; the longer windows that contain it are used instead
quotes 108:1: «انا اعطيناك الكوثر» in 16 segment(s) (hadith, sīra, poetry only): ABUDAWUD:784, ABUDAWUD:4747, BUKHARI:4965, IBNHIBBAN:1836, IBNHIBBAN:6471, IBNHISHAM:v1p393#2, MUSLIM:894, MUSNAD-AHMAD:5913, MUSNAD-AHMAD:6476, MUSNAD-AHMAD:11996, MUSNAD-AHMAD:12675, MUSNAD-AHMAD:13578 …
quotes 108:2: 4 unique window(s): وانحر | فصل لربك | لربك وانحر | فصل لربك وانحر
quotes 108:2: «وانحر» in 16 segment(s): ALUSI-FULL:v1p32, BURHAN:v1p38, BURHAN:v2p493, BURHAN:v4p301, ITQAN:v1p71, ITQAN:v1p256, ITQAN:v3p297, NASHR:v1p196, NASHR:v2p22#2, NASHR:v2p99, NASHR:v2p104#2, NASHR:v2p109 …
quotes 108:2: «فصل لربك» in 11 segment(s): BURHAN:v2p92, BURHAN:v2p493, BURHAN:v3p316, BURHAN:v4p301, ITQAN:v1p71, ITQAN:v3p229, JURJANI-DALAIL:v1p289, NASHR:v1p196, SAMARRAI-LAMASAT-HALAQAT:p45, SAMARRAI-LAMASAT-HALAQAT:p821, SAMARRAI-LAMASAT-HALAQAT:p1081
quotes 108:2: «فصل لربك وانحر» in 2 segment(s) (hadith, sīra, poetry only): MUSLIM:894, NASAI:904
quotes 108:3: 7 unique window(s): شانيك | الابتر | ان شانيك | شانيك هو | هو الابتر | ان شانيك هو | شانيك هو الابتر
quotes 108:3: «شانيك» in 14 segment(s): ALUSI-FULL:v1p32, BURHAN:v1p159, BURHAN:v2p92, ITQAN:v1p71, ITQAN:v2p339#5, ITQAN:v3p137, ITQAN:v4p382#2, ITQAN:v4p394, MAJAZ:v2p423#2, NASHR:v1p196, NASHR:v1p395#2, NASHR:v1p396 …
quotes 108:3: «الابتر» in 8 segment(s): ALUSI-FULL:v1p32, BURHAN:v1p159, ITQAN:v1p71, ITQAN:v3p137, ITQAN:v4p382#2, MAJAZ:v2p402#2, NASHR:v1p196, NASHR:v2p437
quotes 108:3: «ان شانيك هو» in 3 segment(s) (hadith, sīra, poetry only): IBNHIBBAN:6572, MUSLIM:894, NASAI:904
quotes 108:3: «شانيك هو الابتر» in 3 segment(s) (hadith, sīra, poetry only): IBNHIBBAN:6572, MUSLIM:894, NASAI:904
quotes 109:1: 2 unique window(s): ياايها الكافرون | قل ياايها الكافرون
quotes 109:1: «ياايها الكافرون» in 2 segment(s): NASHR:v1p236, SAMARRAI-ASRAR:r3#2
quotes 109:1: «قل ياايها الكافرون» in 1 segment(s) (hadith, sīra, poetry only): IBNHIBBAN:3944
quotes 109:2: 3 unique window(s): اعبد ما | لا اعبد ما | اعبد ما تعبدون
quotes 109:2: «اعبد ما» in 6 segment(s): BURHAN:v3p20, IBNQUTAYBA-MUSHKIL:v1p151, ITQAN:v3p182, NASHR:v1p236, SAMARRAI-ASRAR:r3#2, SAMARRAI-LAMASAT-HALAQAT:p694
quotes 109:2: «لا اعبد ما» in 2 segment(s) (hadith, sīra, poetry only): IBNHISHAM:v1p362, TIRMIDHI:3026
quotes 109:2: «اعبد ما تعبدون» in 2 segment(s) (hadith, sīra, poetry only): IBNHISHAM:v1p362, TIRMIDHI:3026
quotes 109:3: 0 unique window(s): 
quotes 109:4: 9 unique window(s): عابد | عبدتم | ولا انا | انا عابد | عابد ما | ما عبدتم | ولا انا عابد | انا عابد ما | عابد ما عبدتم
quotes 109:4: «عابد» in 16 segment(s): BURHAN:v3p20, DAMGHANI:v1p191, IBNQUTAYBA-MUSHKIL:v1p151, ITQAN:v1p245, ITQAN:v3p182, JISHUMI:v1p590#2, JISHUMI:v1p807, NASHR:v2p33, NASHR:v2p60, SAMARRAI-ASRAR:r3#2, SAMARRAI-ASRAR:r10#2, SAMARRAI-LAMASAT-HALAQAT:p694 …
quotes 109:4: «عبدتم» in 6 segment(s): BURHAN:v3p20, DAMGHANI:v1p22, IBNQUTAYBA-MUSHKIL:v1p151, ITQAN:v3p182, SAMARRAI-ASRAR:r3#2, SAMARRAI-LAMASAT-HALAQAT:p694
quotes 109:4: «ولا انا» in 10 segment(s): BINTSHATI-IJAZ:p570, BURHAN:v2p67, BURHAN:v3p20, IBNQUTAYBA-MUSHKIL:v1p151, ITQAN:v3p182, JURJANI-DALAIL:v1p108, RAZI-FULL:v1p75, SAMARRAI-ASRAR:r3#2, SAMARRAI-LAMASAT-HALAQAT:p694, SIBAWAYH:والأسماءالمبهمةهذاوهذانوهذهوهاتانوهؤلاءوذلكPageV02P077وذانك#232
quotes 109:4: «ولا انا عابد» in 1 segment(s) (hadith, sīra, poetry only): IBNHISHAM:v1p362
quotes 109:4: «انا عابد ما» in 1 segment(s) (hadith, sīra, poetry only): IBNHISHAM:v1p362
quotes 109:4: «عابد ما عبدتم» in 1 segment(s) (hadith, sīra, poetry only): IBNHISHAM:v1p362
quotes 109:5: 0 unique window(s): 
quotes 109:6: 4 unique window(s): دينكم ولي | ولي دين | لكم دينكم ولي | دينكم ولي دين
quotes 109:6: «دينكم ولي» in 4 segment(s): BURHAN:v2p30, ITQAN:v3p63, SAMARRAI-ASRAR:r3#2, SAMARRAI-LAMASAT-HALAQAT:p694
quotes 109:6: «ولي دين» in 9 segment(s): BURHAN:v2p30, ITQAN:v3p63, ITQAN:v4p446, NASHR:v2p171#2, NASHR:v2p174, NASHR:v2p182, NASHR:v2p404, SAMARRAI-ASRAR:r3#2, SAMARRAI-LAMASAT-HALAQAT:p694
quotes 109:6: «لكم دينكم ولي» in 1 segment(s) (hadith, sīra, poetry only): IBNHISHAM:v1p362
quotes 109:6: «دينكم ولي دين» in 1 segment(s) (hadith, sīra, poetry only): IBNHISHAM:v1p362
quotes 110:1: 5 unique window(s): والفتح | الله والفتح | اذا جا نصر | جا نصر الله | نصر الله والفتح
NOTE quotes 110:1: window «والفتح» in 71 segments, too common alone; the longer windows that contain it are used instead
quotes 110:1: «الله والفتح» in 10 segment(s): BURHAN:v4p190, IBNASHUR-FULL:v1p95, IBNJAWZI-ZAD:v1p6, ITQAN:v1p64, ITQAN:v1p83, ITQAN:v3p287, ITQAN:v4p414, ITQAN:v4p494, ITQAN:v4p537#6, SAMARRAI-LAMASAT-HALAQAT:p1057
quotes 110:1: «اذا جا نصر» in 62 segment(s): BAQILLANI:v1p292, BUKHARI:3627, BUKHARI:4294, BUKHARI:4430, BUKHARI:4967, BUKHARI:4969, BUKHARI:4970, BURHAN:v1p179#2, BURHAN:v1p194#2, BURHAN:v1p207, BURHAN:v1p209, BURHAN:v4p190 …
quotes 110:1: «جا نصر الله» in 65 segment(s): BAQILLANI:v1p292, BUKHARI:3627, BUKHARI:4294, BUKHARI:4430, BUKHARI:4967, BUKHARI:4969, BUKHARI:4970, BURHAN:v1p179#2, BURHAN:v1p194#2, BURHAN:v1p207, BURHAN:v1p209, BURHAN:v4p190 …
quotes 110:1: «نصر الله والفتح» in 37 segment(s) (hadith, sīra, poetry only): BUKHARI:3627, BUKHARI:4294, BUKHARI:4430, BUKHARI:4967, BUKHARI:4969, BUKHARI:4970, IBNHIBBAN:6411, IBNHIBBAN:6412, IBNHISHAM:v2p560, MUSLIM:1086, MUSLIM:1087, MUSLIM:1088 …
quotes 110:2: 9 unique window(s): ورايت | ورايت الناس | الناس يدخلون | يدخلون في | الله افواجا | ورايت الناس يدخلون | الناس يدخلون في | يدخلون في دين | دين الله افواجا
NOTE quotes 110:2: window «ورايت» in 101 segments, too common alone; the longer windows that contain it are used instead
quotes 110:2: «ورايت الناس» in 3 segment(s): JURJANI-DALAIL:v1p296, NASHR:v2p201, SAMARRAI-LAMASAT-HALAQAT:p1057
quotes 110:2: «الناس يدخلون» in 1 segment(s): SAMARRAI-LAMASAT-HALAQAT:p1057
quotes 110:2: «يدخلون في» in 2 segment(s): IBNASHUR-FULL:v1p73, SAMARRAI-LAMASAT-HALAQAT:p1057
quotes 110:2: «الله افواجا» in 1 segment(s): SAMARRAI-LAMASAT-HALAQAT:p1057
quotes 110:2: «ورايت الناس يدخلون» in 7 segment(s) (hadith, sīra, poetry only): BUKHARI:4294, IBNHISHAM:v2p560, MUSLIM:1088, MUSNAD-AHMAD:3127, MUSNAD-AHMAD:24065, MUSNAD-AHMAD:25508, RIYAD:114
quotes 110:2: «الناس يدخلون في» in 6 segment(s) (hadith, sīra, poetry only): IBNHISHAM:v2p560, MUSLIM:1088, MUSNAD-AHMAD:3127, MUSNAD-AHMAD:24065, MUSNAD-AHMAD:25508, RIYAD:114
quotes 110:2: «يدخلون في دين» in 6 segment(s) (hadith, sīra, poetry only): IBNHISHAM:v2p560, MUSLIM:1088, MUSNAD-AHMAD:3127, MUSNAD-AHMAD:24065, MUSNAD-AHMAD:25508, RIYAD:114
quotes 110:2: «دين الله افواجا» in 7 segment(s) (hadith, sīra, poetry only): IBNHISHAM:v2p560, MUSLIM:1088, MUSNAD-AHMAD:3127, MUSNAD-AHMAD:14696, MUSNAD-AHMAD:24065, MUSNAD-AHMAD:25508, RIYAD:114
quotes 110:3: 7 unique window(s): واستغفره | ربك واستغفره | واستغفره انه | بحمد ربك واستغفره | ربك واستغفره انه | واستغفره انه كان | انه كان توابا
quotes 110:3: «واستغفره» in 8 segment(s): BURHAN:v2p484, IBNASHUR-FULL:v1p16, IBNASHUR-FULL:v1p95, ITQAN:v3p287, ITQAN:v4p494, NASHR:v1p247, SAMARRAI-LAMASAT-HALAQAT:p41, SAMARRAI-LAMASAT-HALAQAT:p1057
quotes 110:3: «بحمد ربك واستغفره» in 10 segment(s) (hadith, sīra, poetry only): BUKHARI:4294, BUKHARI:4970, IBNHISHAM:v2p560, MUSLIM:1088, MUSNAD-AHMAD:3127, MUSNAD-AHMAD:4140, MUSNAD-AHMAD:24065, RIYAD:113, RIYAD:114, RIYAD:19.371
quotes 110:3: «ربك واستغفره انه» in 10 segment(s) (hadith, sīra, poetry only): BUKHARI:4294, BUKHARI:4970, IBNHISHAM:v2p560, MUSLIM:1088, MUSNAD-AHMAD:3127, MUSNAD-AHMAD:4140, MUSNAD-AHMAD:24065, RIYAD:113, RIYAD:114, RIYAD:19.371
quotes 110:3: «واستغفره انه كان» in 10 segment(s) (hadith, sīra, poetry only): BUKHARI:4294, BUKHARI:4970, IBNHISHAM:v2p560, MUSLIM:1088, MUSNAD-AHMAD:3127, MUSNAD-AHMAD:4140, MUSNAD-AHMAD:24065, RIYAD:113, RIYAD:114, RIYAD:19.371
quotes 110:3: «انه كان توابا» in 15 segment(s): BUKHARI:4294, BUKHARI:4970, BURHAN:v2p484, IBNASHUR-FULL:v1p95, IBNHISHAM:v2p560, ITQAN:v3p287, ITQAN:v4p494, MUSLIM:1088, MUSNAD-AHMAD:3127, MUSNAD-AHMAD:4140, MUSNAD-AHMAD:24065, RIYAD:113 …
quotes 111:1: 7 unique window(s): تبت يدا | يدا ابي | ابي لهب | لهب وتب | تبت يدا ابي | يدا ابي لهب | ابي لهب وتب
quotes 111:1: «تبت يدا» in 25 segment(s): BINTSHATI-IJAZ:p50, BINTSHATI-IJAZ:p442, BURHAN:v1p159, BURHAN:v1p161, BURHAN:v1p180#3, BURHAN:v1p193, BURHAN:v1p438, BURHAN:v1p439, BURHAN:v2p114, BURHAN:v2p308, BURHAN:v2p326, DAMGHANI:v1p498 …
quotes 111:1: «يدا ابي» in 25 segment(s): BINTSHATI-IJAZ:p50, BINTSHATI-IJAZ:p442, BURHAN:v1p159, BURHAN:v1p161, BURHAN:v1p180#3, BURHAN:v1p193, BURHAN:v1p438, BURHAN:v1p439, BURHAN:v2p114, BURHAN:v2p308, BURHAN:v2p326, DAMGHANI:v1p498 …
quotes 111:1: «ابي لهب» in 36 segment(s): BINTSHATI-IJAZ:p50, BINTSHATI-IJAZ:p442, BINTSHATI-IJAZ:p598, BURHAN:v1p159, BURHAN:v1p161, BURHAN:v1p180#3, BURHAN:v1p193, BURHAN:v1p438, BURHAN:v1p439, BURHAN:v2p114, BURHAN:v2p308, BURHAN:v2p326 …
quotes 111:1: «لهب وتب» in 8 segment(s): BINTSHATI-IJAZ:p50, BINTSHATI-IJAZ:p442, BURHAN:v1p439, IBNQUTAYBA-MUSHKIL:v1p28, IBNQUTAYBA-MUSHKIL:v1p200, ITQAN:v3p204#2, ITQAN:v3p266, MAJAZ:v1p10#2
quotes 111:1: «تبت يدا ابي» in 17 segment(s) (hadith, sīra, poetry only): AZRAQI:v1p127, AZRAQI:v1p315, BUKHARI:1394, BUKHARI:4770, BUKHARI:4801, BUKHARI:4971, BUKHARI:4972, BUKHARI:4973, IBNHIBBAN:6511, IBNHIBBAN:6550, IBNHISHAM:v1p351, IBNHISHAM:v1p354 …
quotes 111:1: «يدا ابي لهب» in 18 segment(s) (hadith, sīra, poetry only): AZRAQI:v1p127, AZRAQI:v1p315, BUKHARI:1394, BUKHARI:4770, BUKHARI:4801, BUKHARI:4971, BUKHARI:4972, BUKHARI:4973, IBNHIBBAN:6511, IBNHIBBAN:6550, IBNHISHAM:v1p351, IBNHISHAM:v1p354 …
quotes 111:1: «ابي لهب وتب» in 11 segment(s) (hadith, sīra, poetry only): AZRAQI:v1p127, AZRAQI:v1p315, BUKHARI:1394, BUKHARI:4770, BUKHARI:4971, IBNHISHAM:v1p351, IBNHISHAM:v1p354, MUSNAD-AHMAD:2544, MUSNAD-AHMAD:2801, TIRMIDHI:2155, TIRMIDHI:3363
quotes 111:2: 7 unique window(s): اغني عنه | ماله وما | وما كسب | ما اغني عنه | اغني عنه ماله | عنه ماله وما | ماله وما كسب
quotes 111:2: «اغني عنه» in 4 segment(s): BINTSHATI-IJAZ:p598, DAMGHANI:v1p403, IBNQUTAYBA-MUSHKIL:v1p103, IBNQUTAYBA-MUSHKIL:v1p200
quotes 111:2: «ماله وما» in 6 segment(s): ALUSI-FULL:v1p21, BINTSHATI-IJAZ:p598, DAMGHANI:v1p403, IBNQUTAYBA-MUSHKIL:v1p103, IBNQUTAYBA-MUSHKIL:v1p200, JISHUMI:v1p865
quotes 111:2: «وما كسب» in 4 segment(s): BINTSHATI-IJAZ:p598, DAMGHANI:v1p403, IBNQUTAYBA-MUSHKIL:v1p103, IBNQUTAYBA-MUSHKIL:v1p200
quotes 111:2: «ما اغني عنه» in 2 segment(s) (hadith, sīra, poetry only): BUKHARI:4770, IBNHISHAM:v1p354
quotes 111:2: «اغني عنه ماله» in 2 segment(s) (hadith, sīra, poetry only): BUKHARI:4770, IBNHISHAM:v1p354
quotes 111:2: «عنه ماله وما» in 2 segment(s) (hadith, sīra, poetry only): BUKHARI:4770, IBNHISHAM:v1p354
quotes 111:2: «ماله وما كسب» in 2 segment(s) (hadith, sīra, poetry only): BUKHARI:4770, IBNHISHAM:v1p354
quotes 111:3: 6 unique window(s): سيصلي | سيصلي نارا | نارا ذات | ذات لهب | سيصلي نارا ذات | نارا ذات لهب
quotes 111:3: «سيصلي» in 2 segment(s): ITQAN:v3p266, MAJAZ:v2p425
quotes 111:3: «نارا ذات» in 1 segment(s): ITQAN:v3p266
quotes 111:3: «ذات لهب» in 2 segment(s): ITQAN:v3p266, NASHR:v2p404
quotes 111:3: «سيصلي نارا ذات» in 1 segment(s) (hadith, sīra, poetry only): IBNHISHAM:v1p354
quotes 111:3: «نارا ذات لهب» in 1 segment(s) (hadith, sīra, poetry only): IBNHISHAM:v1p354
quotes 111:4: 5 unique window(s): حماله | الحطب | وامراته حماله | حماله الحطب | وامراته حماله الحطب
quotes 111:4: «حماله» in 24 segment(s): BURHAN:v1p415, BURHAN:v2p3, BURHAN:v2p308, BURHAN:v2p448, BURHAN:v3p197, BURHAN:v3p435, BURHAN:v3p437, DAMGHANI:v1p137, DAMGHANI:v1p146, DAMGHANI:v1p431, IBNJAWZI-NUZHA:v1p571, IBNQUTAYBA-MUSHKIL:v1p17 …
quotes 111:4: «الحطب» in 29 segment(s): BURHAN:v1p415, BURHAN:v2p3, BURHAN:v2p308, BURHAN:v2p448, BURHAN:v3p197, BURHAN:v3p435, BURHAN:v3p437, DAMGHANI:v1p137, DAMGHANI:v1p146, DAMGHANI:v1p431, IBNJAWZI-NUZHA:v1p321#2, IBNJAWZI-NUZHA:v1p571 …
quotes 111:4: «وامراته حماله الحطب» in 1 segment(s) (hadith, sīra, poetry only): IBNHISHAM:v1p354
quotes 111:5: 8 unique window(s): جيدها | في جيدها | جيدها حبل | حبل من | من مسد | في جيدها حبل | جيدها حبل من | حبل من مسد
quotes 111:5: «جيدها» in 8 segment(s): BAQILLANI:v1p70, DAMGHANI:v1p116, IBNJAWZI-NUZHA:v1p241, IBNQUTAYBA-MUSHKIL:v1p91, IBNQUTAYBA-MUSHKIL:v1p102, ITQAN:v3p129, ITQAN:v4p495, SIBAWAYH:(هذابابالإدغام)#806
quotes 111:5: «حبل من» in 4 segment(s): DAMGHANI:v1p116, IBNJAWZI-NUZHA:v1p241, IBNQUTAYBA-MUSHKIL:v1p102, JURJANI-DALAIL:v1p347
quotes 111:5: «من مسد» in 3 segment(s): DAMGHANI:v1p116, IBNJAWZI-NUZHA:v1p241, IBNQUTAYBA-MUSHKIL:v1p102
quotes 111:5: «في جيدها حبل» in 2 segment(s) (hadith, sīra, poetry only): HAMASA:v1p1289, IBNHISHAM:v1p354
quotes 111:5: «جيدها حبل من» in 2 segment(s) (hadith, sīra, poetry only): HAMASA:v1p1289, IBNHISHAM:v1p354
quotes 111:5: «حبل من مسد» in 2 segment(s) (hadith, sīra, poetry only): HAMASA:v1p1289, IBNHISHAM:v1p354
quotes 112:1: 2 unique window(s): قل هو الله | هو الله احد
quotes 112:1: «قل هو الله» in 204 segment(s): ABUDAWUD:815, ABUDAWUD:1256, ABUDAWUD:1424, ABUDAWUD:1461, ABUDAWUD:1905, ABUDAWUD:5056, ABUDAWUD:5082, ALUSI-FULL:v1p25, BUKHARI:774.2, BUKHARI:5013, BUKHARI:5014, BUKHARI:5017 …
quotes 112:1: «هو الله احد» in 238 segment(s): ABUDAWUD:815, ABUDAWUD:1256, ABUDAWUD:1424, ABUDAWUD:1461, ABUDAWUD:1905, ABUDAWUD:5056, ABUDAWUD:5082, ALUSI-FULL:v1p25, BUKHARI:774.2, BUKHARI:5013, BUKHARI:5014, BUKHARI:5017 …
quotes 112:2: 2 unique window(s): الصمد | الله الصمد
NOTE quotes 112:2: window «الصمد» in 52 segments, too common alone; the longer windows that contain it are used instead
quotes 112:2: «الله الصمد» in 13 segment(s): BURHAN:v2p185, BURHAN:v2p484, BURHAN:v2p486, BURHAN:v3p142, BURHAN:v3p225, ITQAN:v2p559, ITQAN:v3p170, ITQAN:v3p194, JURJANI-DALAIL:v1p137, JURJANI-DALAIL:v1p282, JURJANI-DALAIL:v1p400, NASHR:v1p236 …
quotes 112:3: 6 unique window(s): يولد | لم يلد | يلد ولم | ولم يولد | لم يلد ولم | يلد ولم يولد
quotes 112:3: «يولد» in 15 segment(s): BURHAN:v1p413, BURHAN:v2p185, BURHAN:v3p272, BURHAN:v4p379, IBNMUJAHID:v1p58, IBNQUTAYBA-MUSHKIL:v1p201, IBNQUTAYBA-MUSHKIL:v1p242, ITQAN:v2p341, ITQAN:v2p505, ITQAN:v3p193#2, ITQAN:v4p534#2, JURJANI-DALAIL:v1p355 …
quotes 112:3: «لم يلد» in 5 segment(s): BURHAN:v2p185, BURHAN:v3p272, BURHAN:v4p379, ITQAN:v2p505, ITQAN:v3p193#2
quotes 112:3: «يلد ولم» in 5 segment(s): BURHAN:v2p185, BURHAN:v3p272, BURHAN:v4p379, ITQAN:v2p505, ITQAN:v3p193#2
quotes 112:3: «لم يلد ولم» in 19 segment(s) (hadith, sīra, poetry only): ABUDAWUD:985, ABUDAWUD:1493, ABUDAWUD:4722, BUKHARI:4975, IBNHIBBAN:891, IBNHIBBAN:v3p174, IBNHISHAM:v1p571#3, IBNMAJAH:3857, IBNMAJAH:3861, MUSNAD-AHMAD:9027, MUSNAD-AHMAD:18974, MUSNAD-AHMAD:21219 …
quotes 112:3: «يلد ولم يولد» in 19 segment(s) (hadith, sīra, poetry only): ABUDAWUD:985, ABUDAWUD:1493, ABUDAWUD:4722, BUKHARI:4975, IBNHIBBAN:891, IBNHIBBAN:v3p174, IBNHISHAM:v1p571#3, IBNMAJAH:3857, IBNMAJAH:3861, MUSNAD-AHMAD:9027, MUSNAD-AHMAD:18974, MUSNAD-AHMAD:21219 …
quotes 112:4: 4 unique window(s): له كفوا | كفوا احد | يكن له كفوا | له كفوا احد
quotes 112:4: «له كفوا» in 3 segment(s): BURHAN:v2p185, ITQAN:v3p265, SIBAWAYH:وذلكقولكماكانأحدمثلكوماكانأحدخيرامنكوماكانأحدمجترئا#36
quotes 112:4: «كفوا احد» in 5 segment(s): BURHAN:v2p185, ITQAN:v1p284, ITQAN:v3p265, SIBAWAYH:وذلكقولكماكانأحدمثلكوماكانأحدخيرامنكوماكانأحدمجترئا#36, TAB-FULL:v1p3
quotes 112:4: «يكن له كفوا» in 22 segment(s) (hadith, sīra, poetry only): ABUDAWUD:985, ABUDAWUD:1493, ABUDAWUD:4722, BUKHARI:4975, IBNHIBBAN:848, IBNHIBBAN:891, IBNHIBBAN:v3p174, IBNHISHAM:v1p571#3, IBNMAJAH:3857, IBNMAJAH:3861, MUSNAD-AHMAD:9027, MUSNAD-AHMAD:16952 …
quotes 112:4: «له كفوا احد» in 22 segment(s) (hadith, sīra, poetry only): ABUDAWUD:985, ABUDAWUD:1493, ABUDAWUD:4722, BUKHARI:4975, IBNHIBBAN:848, IBNHIBBAN:891, IBNHIBBAN:v3p174, IBNHISHAM:v1p571#3, IBNMAJAH:3857, IBNMAJAH:3861, MUSNAD-AHMAD:9027, MUSNAD-AHMAD:16952 …
quotes 113:1: 3 unique window(s): الفلق | برب الفلق | اعوذ برب الفلق
quotes 113:1: «الفلق» in 25 segment(s): BINTSHATI-IJAZ:p399, BINTSHATI-IJAZ:p400, BINTSHATI-IJAZ:p401, BINTSHATI-IJAZ:p575, BINTSHATI-IJAZ:p576, BURHAN:v1p193, BURHAN:v2p128, GHARNATI:v1p185, IBNJAWZI-NUZHA:v1p459#2, IBNQUTAYBA-MUSHKIL:v1p75, ITQAN:v1p36, ITQAN:v1p38 …
quotes 113:1: «اعوذ برب الفلق» in 50 segment(s) (hadith, sīra, poetry only): ABUDAWUD:1462, ABUDAWUD:1463, ABUDAWUD:5056, BUKHARI:5017, IBNHIBBAN:795, IBNHIBBAN:796, IBNHIBBAN:797, IBNHIBBAN:v5p150, IBNHIBBAN:1842, IBNHIBBAN:2432, IBNHIBBAN:2448, IBNHIBBAN:5543 …
quotes 113:2: 3 unique window(s): شر ما | من شر ما | شر ما خلق
quotes 113:2: «شر ما» in 5 segment(s): BINTSHATI-IJAZ:p325, BINTSHATI-IJAZ:p575, MAJAZ:v2p453, RAZI-FULL:v1p69, RAZI-FULL:v1p74
quotes 113:2: «من شر ما» in 106 segment(s) (hadith, sīra, poetry only): ABUDAWUD:1550, ABUDAWUD:3891, ABUDAWUD:3898, ABUDAWUD:3899, ABUDAWUD:5052, ABUDAWUD:5070, ABUDAWUD:5071, ABUDAWUD:5084, BUKHARI:6306, BUKHARI:6323, HAMASA:v1p1246, IBNHIBBAN:932 …
quotes 113:2: «شر ما خلق» in 33 segment(s) (hadith, sīra, poetry only): ABUDAWUD:3898, ABUDAWUD:3899, IBNHIBBAN:1020, IBNHIBBAN:1021, IBNHIBBAN:1022, IBNHIBBAN:1036, IBNHIBBAN:2700, IBNMAJAH:3518, IBNMAJAH:3547, MALIK:1740, MALIK:1741, MALIK:1797 …
quotes 113:3: 7 unique window(s): غاسق | شر غاسق | غاسق اذا | اذا وقب | ومن شر غاسق | شر غاسق اذا | غاسق اذا وقب
quotes 113:3: «غاسق» in 7 segment(s): BINTSHATI-IJAZ:p574, BINTSHATI-IJAZ:p575, BINTSHATI-IJAZ:p576, BINTSHATI-IJAZ:p577, ITQAN:v2p373, ITQAN:v4p491, ITQAN:v4p538#2
quotes 113:3: «اذا وقب» in 5 segment(s): BINTSHATI-IJAZ:p575, BINTSHATI-IJAZ:p576, BINTSHATI-IJAZ:p577, ITQAN:v4p491, ITQAN:v4p538#2
quotes 113:3: «ومن شر غاسق» in 0 segment(s) (hadith, sīra, poetry only): 
quotes 113:3: «شر غاسق اذا» in 1 segment(s) (hadith, sīra, poetry only): MUSNAD-AHMAD:25711
quotes 113:3: «غاسق اذا وقب» in 1 segment(s) (hadith, sīra, poetry only): MUSNAD-AHMAD:25711
quotes 113:4: 8 unique window(s): النفاثات | العقد | شر النفاثات | النفاثات في | في العقد | ومن شر النفاثات | شر النفاثات في | النفاثات في العقد
quotes 113:4: «النفاثات» in 5 segment(s): BURHAN:v1p23, IBNQUTAYBA-MUSHKIL:v1p75, ITQAN:v4p400, NASHR:v2p404, NASHR:v2p405
NOTE quotes 113:4: window «العقد» in 50 segments, too common alone; the longer windows that contain it are used instead
quotes 113:4: «في العقد» in 10 segment(s): BURHAN:v1p23, IBNJAWZI-NUZHA:v1p112, IBNJAWZI-NUZHA:v1p590, IBNQUTAYBA-MUSHKIL:v1p75, ITQAN:v3p62, JISHUMI:v1p922, JISHUMI:v1p928, JURJANI-ASRAR:v1p178, JURJANI-DALAIL:v1p376, NASHR:v2p405
quotes 113:4: «ومن شر النفاثات» in 1 segment(s) (hadith, sīra, poetry only): MUSNAD-AHMAD:9757
quotes 113:4: «شر النفاثات في» in 2 segment(s) (hadith, sīra, poetry only): IBNMAJAH:3524, MUSNAD-AHMAD:9757
quotes 113:4: «النفاثات في العقد» in 2 segment(s) (hadith, sīra, poetry only): IBNMAJAH:3524, MUSNAD-AHMAD:9757
quotes 113:5: 7 unique window(s): حاسد | شر حاسد | حاسد اذا | اذا حسد | ومن شر حاسد | شر حاسد اذا | حاسد اذا حسد
quotes 113:5: «حاسد» in 3 segment(s): BURHAN:v2p431, IBNQUTAYBA-MUSHKIL:v1p75, ITQAN:v4p431
quotes 113:5: «اذا حسد» in 2 segment(s): BURHAN:v2p431, IBNQUTAYBA-MUSHKIL:v1p75
quotes 113:5: «ومن شر حاسد» in 3 segment(s) (hadith, sīra, poetry only): IBNMAJAH:3524, MUSLIM:5699, MUSNAD-AHMAD:9757
quotes 113:5: «شر حاسد اذا» in 4 segment(s) (hadith, sīra, poetry only): IBNMAJAH:3524, MUSLIM:5699, MUSNAD-AHMAD:9757, MUSNAD-AHMAD:25272
quotes 113:5: «حاسد اذا حسد» in 6 segment(s) (hadith, sīra, poetry only): IBNHIBBAN:953, IBNHIBBAN:2968, IBNMAJAH:3524, MUSLIM:5699, MUSNAD-AHMAD:9757, MUSNAD-AHMAD:25272
quotes 114:1: 2 unique window(s): برب الناس | اعوذ برب الناس
quotes 114:1: «برب الناس» in 29 segment(s): BURHAN:v1p244, BURHAN:v2p128, BURHAN:v2p495, GHARNATI:v1p185, IBNJINNI-MUHTASAB:v1p8, ITQAN:v1p36, ITQAN:v1p37, ITQAN:v1p38, ITQAN:v1p67, ITQAN:v1p77#2, ITQAN:v1p295, ITQAN:v3p196 …
quotes 114:1: «اعوذ برب الناس» in 43 segment(s) (hadith, sīra, poetry only): ABUDAWUD:1462, ABUDAWUD:1463, ABUDAWUD:5056, BUKHARI:5017, IBNHIBBAN:796, IBNHIBBAN:797, IBNHIBBAN:2432, IBNHIBBAN:2448, IBNHIBBAN:5543, IBNHIBBAN:5544, IBNHISHAM:v1p272#2, MUSLIM:1891 …
quotes 114:2: 1 unique window(s): ملك الناس
quotes 114:2: «ملك الناس» in 2 segment(s): ITQAN:v2p531, NASHR:v1p11
quotes 114:3: 1 unique window(s): الاه الناس
quotes 114:3: «الاه الناس» in 0 segment(s): 
quotes 114:4: 6 unique window(s): الوسواس | الخناس | شر الوسواس | الوسواس الخناس | من شر الوسواس | شر الوسواس الخناس
quotes 114:4: «الوسواس» in 3 segment(s): BURHAN:v1p392, ITQAN:v4p538#3, SAMARRAI-LAMASAT-HALAQAT:p1035
quotes 114:4: «الخناس» in 4 segment(s): BURHAN:v1p392, ITQAN:v4p538#3, MAJAZ:v2p411#2, SAMARRAI-LAMASAT-HALAQAT:p1035
quotes 114:4: «من شر الوسواس» in 0 segment(s) (hadith, sīra, poetry only): 
quotes 114:4: «شر الوسواس الخناس» in 0 segment(s) (hadith, sīra, poetry only): 
quotes 114:5: 7 unique window(s): يوسوس | الذي يوسوس | يوسوس في | صدور الناس | الذي يوسوس في | يوسوس في صدور | في صدور الناس
quotes 114:5: «يوسوس» in 10 segment(s): BAQILLANI:v1p303, BURHAN:v1p357#2, ITQAN:v1p234, ITQAN:v1p255#2, ITQAN:v4p427, JISHUMI:v1p702, JISHUMI:v1p703, NASHR:v1p224, NASHR:v2p19, SAMARRAI-LAMASAT-HALAQAT:p1035
quotes 114:5: «صدور الناس» in 2 segment(s): IBNQUTAYBA-GHARIB:v1p19, SAMARRAI-LAMASAT-HALAQAT:p1035
quotes 114:5: «الذي يوسوس في» in 0 segment(s) (hadith, sīra, poetry only): 
quotes 114:5: «يوسوس في صدور» in 0 segment(s) (hadith, sīra, poetry only): 
quotes 114:5: «في صدور الناس» in 0 segment(s) (hadith, sīra, poetry only): 
quotes 114:6: 0 unique window(s): 
quotation packet: 3123 segment(s), 4,470,637 characters

verse values not read (count, value):
407	*
144	
21	al-Khidr
17	Ibn Abbas
15	Moses
15	Dhul-Qarnayn
12	Gog and Magog
10	[]
9	Qatada
6	Abu Ali
5	al-Jubba'i
5	al-Zajjaj
5	Prophet Muhammad
4	al-Hasan
4	Abu Ubayda
4	al-Kalbi
3	2:0
3	Sa'id ibn Jubayr
3	the boy
3	Mujahid
2	33:0
2	4
2	111
2	2
2	Abu Amr
2	Ya'qub
2	Ubayy ibn Ka'b
2	Ibn Jinni
2	Sibawayh
2	Ikrima
2	his parents
2	the orphans
2	Abu Ja'far
2	Wahb
2	al-Dahhak
2	Turks
2	105:0
2	Acts 11:19-26
2	Acts 14:8-28
2	Acts 15:22
2	Acts 15:35-36
1	53:??
1	18:0
1	1 Samuel 17
1	Genesis 11:25-32
1	2:624
1	24
1	18
1	Ibn al-Ikhshid
1	al-Asamm
1	Abu Amr ibn al-Ala'
1	Tha'lab
1	Ruh
1	Zayd
1	Abu Bakr
1	Asim
1	Dhu al-Rumma
1	al-Farra'
1	Ali ibn Isa
1	Ibn Sirin
1	Muhammad ibn Ka'b
1	Abbad ibn Suhayb
1	Ubayy
1	Abu Abdullah
1	the two orphans
1	the boy's parents
1	Ibn Amir
1	Abdullah ibn Umar
1	Ali ibn Abi Talib
1	al-Zuhri
1	Muadh ibn Jabal
1	Abu Muslim
1	al-Balkhi
1	Ka'b
1	Ibn Jurayj
1	Abu Basir
1	Ibn Kathir
1	Ya'juj
1	Ma'juj
1	Hamza
1	Muqatil
1	al-Suddi
1	al-Yasa
1	Ibn Umar
1	4:0
1	Luke 1:5
1	78:0
1	107:0
1	Psalm 18:2
1	81:0
1	6
1	Exodus 32:19
1	11:
1	2:
1	تجسم الأعمال
1	Acts 11:28
1	Acts 21:10
