NOTE surah-level S2: 1586 segments, 2,192,981 characters, reserved for the surah page (listed in manifest.json)
NOTE surah-level S3: 520 segments, 627,895 characters, reserved for the surah page (listed in manifest.json)
NOTE surah-level S4: 548 segments, 691,218 characters, reserved for the surah page (listed in manifest.json)
NOTE surah-level S5: 467 segments, 606,353 characters, reserved for the surah page (listed in manifest.json)
NOTE surah-level S6: 419 segments, 498,565 characters, reserved for the surah page (listed in manifest.json)
NOTE surah-level S7: 748 segments, 953,313 characters, reserved for the surah page (listed in manifest.json)
NOTE surah-level S8: 151 segments, 170,989 characters, reserved for the surah page (listed in manifest.json)
NOTE surah-level S9: 457 segments, 571,539 characters, reserved for the surah page (listed in manifest.json)
NOTE surah-level S10: 236 segments, 256,828 characters, reserved for the surah page (listed in manifest.json)
NOTE surah-level S11: 317 segments, 394,843 characters, reserved for the surah page (listed in manifest.json)
NOTE surah-level S13: 153 segments, 170,236 characters, reserved for the surah page (listed in manifest.json)
NOTE surah-level S14: 125 segments, 129,045 characters, reserved for the surah page (listed in manifest.json)
NOTE surah-level S15: 153 segments, 160,274 characters, reserved for the surah page (listed in manifest.json)
NOTE surah-level S16: 409 segments, 449,679 characters, reserved for the surah page (listed in manifest.json)
NOTE surah-level S20: 168 segments, 176,068 characters, reserved for the surah page (listed in manifest.json)
NOTE surah-level S21: 157 segments, 175,294 characters, reserved for the surah page (listed in manifest.json)
NOTE surah-level S22: 115 segments, 132,031 characters, reserved for the surah page (listed in manifest.json)
NOTE surah-level S23: 106 segments, 94,879 characters, reserved for the surah page (listed in manifest.json)
NOTE surah-level S24: 164 segments, 183,403 characters, reserved for the surah page (listed in manifest.json)
NOTE surah-level S25: 119 segments, 112,464 characters, reserved for the surah page (listed in manifest.json)
NOTE surah-level S26: 136 segments, 124,119 characters, reserved for the surah page (listed in manifest.json)
NOTE surah-level S27: 128 segments, 137,994 characters, reserved for the surah page (listed in manifest.json)
NOTE surah-level S28: 85 segments, 99,798 characters, reserved for the surah page (listed in manifest.json)
NOTE surah-level S29: 61 segments, 75,039 characters, reserved for the surah page (listed in manifest.json)
NOTE surah-level S30: 84 segments, 94,885 characters, reserved for the surah page (listed in manifest.json)
NOTE surah-level S31: 75 segments, 83,503 characters, reserved for the surah page (listed in manifest.json)
NOTE surah-level S32: 53 segments, 51,592 characters, reserved for the surah page (listed in manifest.json)
NOTE surah-level S33: 206 segments, 290,764 characters, reserved for the surah page (listed in manifest.json)
NOTE surah-level S34: 101 segments, 111,341 characters, reserved for the surah page (listed in manifest.json)
NOTE surah-level S35: 69 segments, 75,307 characters, reserved for the surah page (listed in manifest.json)
NOTE surah-level S36: 116 segments, 121,677 characters, reserved for the surah page (listed in manifest.json)
NOTE surah-level S37: 189 segments, 212,356 characters, reserved for the surah page (listed in manifest.json)
NOTE surah-level S38: 125 segments, 128,528 characters, reserved for the surah page (listed in manifest.json)
NOTE surah-level S39: 159 segments, 198,396 characters, reserved for the surah page (listed in manifest.json)
NOTE surah-level S40: 124 segments, 151,927 characters, reserved for the surah page (listed in manifest.json)
NOTE surah-level S41: 72 segments, 79,882 characters, reserved for the surah page (listed in manifest.json)
NOTE surah-level S42: 163 segments, 215,178 characters, reserved for the surah page (listed in manifest.json)
NOTE surah-level S43: 62 segments, 51,546 characters, reserved for the surah page (listed in manifest.json)
NOTE surah-level S44: 72 segments, 69,887 characters, reserved for the surah page (listed in manifest.json)
NOTE surah-level S45: 42 segments, 32,103 characters, reserved for the surah page (listed in manifest.json)
NOTE surah-level S46: 237 segments, 352,273 characters, reserved for the surah page (listed in manifest.json)
NOTE surah-level S47: 75 segments, 88,335 characters, reserved for the surah page (listed in manifest.json)
NOTE surah-level S48: 101 segments, 144,747 characters, reserved for the surah page (listed in manifest.json)
NOTE surah-level S49: 66 segments, 75,694 characters, reserved for the surah page (listed in manifest.json)
NOTE surah-level S50: 125 segments, 172,116 characters, reserved for the surah page (listed in manifest.json)
NOTE surah-level S51: 52 segments, 59,477 characters, reserved for the surah page (listed in manifest.json)
NOTE surah-level S52: 52 segments, 50,018 characters, reserved for the surah page (listed in manifest.json)
NOTE surah-level S53: 117 segments, 138,007 characters, reserved for the surah page (listed in manifest.json)
NOTE surah-level S54: 59 segments, 54,571 characters, reserved for the surah page (listed in manifest.json)
NOTE surah-level S55: 151 segments, 159,378 characters, reserved for the surah page (listed in manifest.json)
NOTE surah-level S56: 103 segments, 103,703 characters, reserved for the surah page (listed in manifest.json)
NOTE surah-level S57: 61 segments, 71,317 characters, reserved for the surah page (listed in manifest.json)
NOTE surah-level S58: 39 segments, 35,220 characters, reserved for the surah page (listed in manifest.json)
NOTE surah-level S59: 120 segments, 134,868 characters, reserved for the surah page (listed in manifest.json)
NOTE surah-level S60: 28 segments, 30,430 characters, reserved for the surah page (listed in manifest.json)
NOTE surah-level S61: 53 segments, 59,960 characters, reserved for the surah page (listed in manifest.json)
NOTE surah-level S62: 53 segments, 57,609 characters, reserved for the surah page (listed in manifest.json)
NOTE surah-level S64: 76 segments, 95,502 characters, reserved for the surah page (listed in manifest.json)
NOTE surah-level S66: 48 segments, 48,084 characters, reserved for the surah page (listed in manifest.json)
NOTE surah-level S67: 36 segments, 38,894 characters, reserved for the surah page (listed in manifest.json)
NOTE surah-level S68: 82 segments, 82,163 characters, reserved for the surah page (listed in manifest.json)
NOTE surah-level S69: 59 segments, 39,930 characters, reserved for the surah page (listed in manifest.json)
NOTE surah-level S70: 56 segments, 40,106 characters, reserved for the surah page (listed in manifest.json)
NOTE surah-level S71: 36 segments, 22,277 characters, reserved for the surah page (listed in manifest.json)
NOTE surah-level S72: 37 segments, 33,619 characters, reserved for the surah page (listed in manifest.json)
NOTE surah-level S73: 134 segments, 171,286 characters, reserved for the surah page (listed in manifest.json)
NOTE surah-level S74: 46 segments, 39,468 characters, reserved for the surah page (listed in manifest.json)
NOTE surah-level S75: 84 segments, 70,567 characters, reserved for the surah page (listed in manifest.json)
NOTE surah-level S76: 75 segments, 77,373 characters, reserved for the surah page (listed in manifest.json)
NOTE surah-level S77: 30 segments, 15,224 characters, reserved for the surah page (listed in manifest.json)
NOTE surah-level S78: 68 segments, 67,044 characters, reserved for the surah page (listed in manifest.json)
NOTE surah-level S79: 47 segments, 34,443 characters, reserved for the surah page (listed in manifest.json)
NOTE surah-level S80: 52 segments, 40,265 characters, reserved for the surah page (listed in manifest.json)
NOTE surah-level S81: 155 segments, 107,313 characters, reserved for the surah page (listed in manifest.json)
NOTE surah-level S82: 26 segments, 14,298 characters, reserved for the surah page (listed in manifest.json)
NOTE surah-level S83: 183 segments, 110,250 characters, reserved for the surah page (listed in manifest.json)
NOTE surah-level S84: 22 segments, 11,449 characters, reserved for the surah page (listed in manifest.json)
NOTE surah-level S86: 24 segments, 13,621 characters, reserved for the surah page (listed in manifest.json)
39759 segments, 3030 chunks, 56,902,271 characters, 3030 spawn files
  c01  1 sources  13 segments  18,100 chars: BURSEVI
  c02  1 sources  11 segments  18,890 chars: BURSEVI
  c03  1 sources  12 segments  19,738 chars: BURSEVI
  c04  1 sources  12 segments  19,113 chars: BURSEVI
  c05  1 sources  11 segments  18,583 chars: BURSEVI
  c06  1 sources  10 segments  19,784 chars: BURSEVI
  c07  1 sources  12 segments  19,740 chars: BURSEVI
  c08  1 sources  11 segments  18,970 chars: BURSEVI
  c09  1 sources  11 segments  18,498 chars: BURSEVI
  c10  1 sources  10 segments  19,955 chars: BURSEVI
  c11  1 sources  11 segments  18,472 chars: BURSEVI
  c12  1 sources  10 segments  18,404 chars: BURSEVI
  c13  1 sources  11 segments  18,359 chars: BURSEVI
  c14  1 sources  12 segments  18,894 chars: BURSEVI
  c15  1 sources  11 segments  19,666 chars: BURSEVI
  c16  1 sources  11 segments  19,801 chars: BURSEVI
  c17  1 sources  12 segments  19,361 chars: BURSEVI
  c18  1 sources  11 segments  19,388 chars: BURSEVI
  c19  1 sources  11 segments  19,812 chars: BURSEVI
  c20  1 sources  12 segments  19,673 chars: BURSEVI
  c21  1 sources  12 segments  19,466 chars: BURSEVI
  c22  1 sources  13 segments  19,764 chars: BURSEVI
  c23  1 sources  11 segments  19,477 chars: BURSEVI
  c24  1 sources  11 segments  19,444 chars: BURSEVI
  c25  1 sources  17 segments  18,588 chars: BURSEVI
  c26  1 sources  12 segments  19,478 chars: BURSEVI
  c27  1 sources  17 segments  19,996 chars: BURSEVI
  c28  1 sources  18 segments  19,409 chars: BURSEVI
  c29  1 sources  16 segments  19,307 chars: BURSEVI
  c30  1 sources  19 segments  19,742 chars: BURSEVI
  c31  1 sources  16 segments  19,560 chars: BURSEVI
  c32  1 sources  13 segments  18,168 chars: BURSEVI
  c33  1 sources  15 segments  19,869 chars: BURSEVI
  c34  1 sources  11 segments  18,689 chars: BURSEVI
  c35  1 sources  11 segments  18,845 chars: BURSEVI
  c36  1 sources  10 segments  18,037 chars: BURSEVI
  c37  1 sources  10 segments  18,238 chars: BURSEVI
  c38  1 sources  12 segments  19,988 chars: BURSEVI
  c39  1 sources  12 segments  18,689 chars: BURSEVI
  c40  1 sources  14 segments  18,822 chars: BURSEVI
  c41  1 sources  11 segments  18,241 chars: BURSEVI
  c42  1 sources  13 segments  19,971 chars: BURSEVI
  c43  1 sources  15 segments  19,815 chars: BURSEVI
  c44  1 sources  14 segments  19,982 chars: BURSEVI
  c45  1 sources  12 segments  18,923 chars: BURSEVI
  c46  1 sources  12 segments  19,278 chars: BURSEVI
  c47  1 sources  15 segments  18,370 chars: BURSEVI
  c48  1 sources  12 segments  19,638 chars: BURSEVI
  c49  1 sources  15 segments  19,284 chars: BURSEVI
  c50  1 sources  16 segments  19,879 chars: BURSEVI
  c51  1 sources  14 segments  18,695 chars: BURSEVI
  c52  1 sources  13 segments  18,231 chars: BURSEVI
  c53  1 sources  16 segments  19,547 chars: BURSEVI
  c54  1 sources  17 segments  19,129 chars: BURSEVI
  c55  1 sources  15 segments  19,388 chars: BURSEVI
  c56  1 sources  15 segments  19,669 chars: BURSEVI
  c57  1 sources  15 segments  18,905 chars: BURSEVI
  c58  1 sources  13 segments  18,475 chars: BURSEVI
  c59  1 sources  15 segments  19,813 chars: BURSEVI
  c60  1 sources  14 segments  19,866 chars: BURSEVI
  c61  1 sources  12 segments  19,769 chars: BURSEVI
  c62  1 sources  13 segments  19,790 chars: BURSEVI
  c63  1 sources  11 segments  19,092 chars: BURSEVI
  c64  1 sources  12 segments  19,279 chars: BURSEVI
  c65  1 sources  11 segments  18,291 chars: BURSEVI
  c66  1 sources  12 segments  19,428 chars: BURSEVI
  c67  1 sources  12 segments  18,067 chars: BURSEVI
  c68  1 sources  11 segments  18,672 chars: BURSEVI
  c69  1 sources  11 segments  19,195 chars: BURSEVI
  c70  1 sources  12 segments  19,115 chars: BURSEVI
  c71  1 sources  13 segments  19,854 chars: BURSEVI
  c72  1 sources  11 segments  19,486 chars: BURSEVI
  c73  1 sources  15 segments  19,958 chars: BURSEVI
  c74  1 sources  15 segments  19,748 chars: BURSEVI
  c75  1 sources  15 segments  19,643 chars: BURSEVI
  c76  1 sources  14 segments  19,778 chars: BURSEVI
  c77  1 sources  18 segments  19,040 chars: BURSEVI
  c78  1 sources  13 segments  19,648 chars: BURSEVI
  c79  1 sources  16 segments  18,812 chars: BURSEVI
  c80  1 sources  15 segments  18,998 chars: BURSEVI
  c81  1 sources  15 segments  18,594 chars: BURSEVI
  c82  1 sources  16 segments  19,568 chars: BURSEVI
  c83  1 sources  16 segments  19,448 chars: BURSEVI
  c84  1 sources  16 segments  19,272 chars: BURSEVI
  c85  1 sources  19 segments  19,948 chars: BURSEVI
  c86  1 sources  18 segments  19,624 chars: BURSEVI
  c87  1 sources  15 segments  19,271 chars: BURSEVI
  c88  1 sources  16 segments  20,000 chars: BURSEVI
  c89  1 sources  17 segments  19,792 chars: BURSEVI
  c90  1 sources  15 segments  18,601 chars: BURSEVI
  c91  1 sources  11 segments  19,773 chars: BURSEVI
  c92  1 sources  10 segments  18,578 chars: BURSEVI
  c93  1 sources   9 segments  18,447 chars: BURSEVI
  c94  1 sources  11 segments  19,326 chars: BURSEVI
  c95  1 sources  10 segments  18,122 chars: BURSEVI
  c96  1 sources  10 segments  18,218 chars: BURSEVI
  c97  1 sources  11 segments  19,703 chars: BURSEVI
  c98  1 sources  10 segments  19,201 chars: BURSEVI
  c99  1 sources  10 segments  19,930 chars: BURSEVI
  c100  1 sources  11 segments  19,619 chars: BURSEVI
  c101  1 sources  11 segments  19,943 chars: BURSEVI
  c102  1 sources   9 segments  18,211 chars: BURSEVI
  c103  1 sources  10 segments  19,293 chars: BURSEVI
  c104  1 sources  10 segments  19,918 chars: BURSEVI
  c105  1 sources  10 segments  19,694 chars: BURSEVI
  c106  1 sources  10 segments  19,798 chars: BURSEVI
  c107  1 sources  12 segments  19,447 chars: BURSEVI
  c108  1 sources  11 segments  19,578 chars: BURSEVI
  c109  1 sources   9 segments  18,290 chars: BURSEVI
  c110  1 sources  11 segments  19,745 chars: BURSEVI
  c111  1 sources  10 segments  19,325 chars: BURSEVI
  c112  1 sources  10 segments  19,117 chars: BURSEVI
  c113  1 sources   1 segments   1,784 chars: BURSEVI
  c114  1 sources  21 segments  19,920 chars: QASHANI
  c115  1 sources  19 segments  19,462 chars: QASHANI
  c116  1 sources  20 segments  19,837 chars: QASHANI
  c117  1 sources  20 segments  19,960 chars: QASHANI
  c118  1 sources  19 segments  18,551 chars: QASHANI
  c119  1 sources  17 segments  19,156 chars: QASHANI
  c120  1 sources  19 segments  19,669 chars: QASHANI
  c121  1 sources  20 segments  19,600 chars: QASHANI
  c122  1 sources  20 segments  19,938 chars: QASHANI
  c123  1 sources  24 segments  19,644 chars: QASHANI
  c124  1 sources  19 segments  19,219 chars: QASHANI
  c125  1 sources  22 segments  19,645 chars: QASHANI
  c126  1 sources  19 segments  19,715 chars: QASHANI
  c127  1 sources  22 segments  19,783 chars: QASHANI
  c128  1 sources  23 segments  19,501 chars: QASHANI
  c129  1 sources  19 segments  18,648 chars: QASHANI
  c130  1 sources  23 segments  19,825 chars: QASHANI
  c131  1 sources  19 segments  14,237 chars: QASHANI
  c132  1 sources   9 segments  17,773 chars: QUSHAYRI
  c133  1 sources   9 segments  18,873 chars: QUSHAYRI
  c134  1 sources   8 segments  17,977 chars: QUSHAYRI
  c135  1 sources   8 segments  18,718 chars: QUSHAYRI
  c136  1 sources   8 segments  19,927 chars: QUSHAYRI
  c137  1 sources   9 segments  18,461 chars: QUSHAYRI
  c138  1 sources   9 segments  19,760 chars: QUSHAYRI
  c139  1 sources   7 segments  17,943 chars: QUSHAYRI
  c140  1 sources   7 segments  18,835 chars: QUSHAYRI
  c141  1 sources   8 segments  18,060 chars: QUSHAYRI
  c142  1 sources   7 segments  17,797 chars: QUSHAYRI
  c143  1 sources  10 segments  19,450 chars: QUSHAYRI
  c144  1 sources   9 segments  18,256 chars: QUSHAYRI
  c145  1 sources   8 segments  19,091 chars: QUSHAYRI
  c146  1 sources   8 segments  18,433 chars: QUSHAYRI
  c147  1 sources   8 segments  18,291 chars: QUSHAYRI
  c148  1 sources   8 segments  19,125 chars: QUSHAYRI
  c149  1 sources   8 segments  19,171 chars: QUSHAYRI
  c150  1 sources   8 segments  18,707 chars: QUSHAYRI
  c151  1 sources   7 segments  19,371 chars: QUSHAYRI
  c152  1 sources   7 segments  18,139 chars: QUSHAYRI
  c153  1 sources   8 segments  19,092 chars: QUSHAYRI
  c154  1 sources   9 segments  19,551 chars: QUSHAYRI
  c155  1 sources   7 segments  19,097 chars: QUSHAYRI
  c156  1 sources   8 segments  18,854 chars: QUSHAYRI
  c157  1 sources   7 segments  18,267 chars: QUSHAYRI
  c158  1 sources   7 segments  15,558 chars: QUSHAYRI
  c159  1 sources  39 segments  19,701 chars: SULAMI
  c160  1 sources  35 segments  19,591 chars: SULAMI
  c161  1 sources  38 segments  19,432 chars: SULAMI
  c162  1 sources  39 segments  19,758 chars: SULAMI
  c163  1 sources  35 segments  19,416 chars: SULAMI
  c164  1 sources  38 segments  19,351 chars: SULAMI
  c165  1 sources  28 segments  19,515 chars: SULAMI
  c166  1 sources  32 segments  19,525 chars: SULAMI
  c167  1 sources  32 segments  19,337 chars: SULAMI
  c168  1 sources  32 segments  19,921 chars: SULAMI
  c169  1 sources  37 segments  19,439 chars: SULAMI
  c170  1 sources  35 segments  18,842 chars: SULAMI
  c171  1 sources  31 segments  19,199 chars: SULAMI
  c172  1 sources  44 segments  19,946 chars: SULAMI
  c173  1 sources   1 segments     349 chars: SULAMI
  c174  1 sources  40 segments  19,804 chars: TUSTARI
  c175  1 sources  52 segments  19,927 chars: TUSTARI
  c176  1 sources  50 segments  19,536 chars: TUSTARI
  c177  1 sources  14 segments   4,792 chars: TUSTARI
  c178  1 sources  13 segments  18,994 chars: AKHFASH
  c179  1 sources  18 segments  19,571 chars: AKHFASH
  c180  1 sources  19 segments  18,559 chars: AKHFASH
  c181  1 sources  24 segments  19,403 chars: AKHFASH
  c182  1 sources  26 segments  19,342 chars: AKHFASH
  c183  1 sources   4 segments   4,073 chars: AKHFASH
  c184  1 sources  13 segments  19,253 chars: FARRA
  c185  1 sources  12 segments  19,062 chars: FARRA
  c186  1 sources  12 segments  19,343 chars: FARRA
  c187  1 sources  12 segments  19,710 chars: FARRA
  c188  1 sources  13 segments  18,982 chars: FARRA
  c189  1 sources  15 segments  19,370 chars: FARRA
  c190  1 sources  13 segments  18,962 chars: FARRA
  c191  1 sources  14 segments  19,457 chars: FARRA
  c192  1 sources  13 segments  19,493 chars: FARRA
  c193  1 sources  14 segments  19,972 chars: FARRA
  c194  1 sources  13 segments  19,322 chars: FARRA
  c195  1 sources  12 segments  18,586 chars: FARRA
  c196  1 sources   3 segments   3,623 chars: FARRA
  c197  1 sources  71 segments  19,937 chars: IBNQUTAYBA-GHARIB
  c198  1 sources  82 segments  19,634 chars: IBNQUTAYBA-GHARIB
  c199  1 sources  85 segments  19,742 chars: IBNQUTAYBA-GHARIB
  c200  1 sources  63 segments  16,352 chars: IBNQUTAYBA-GHARIB
  c201  1 sources  25 segments  19,405 chars: MAJAZ
  c202  1 sources  26 segments  19,369 chars: MAJAZ
  c203  1 sources  24 segments  19,601 chars: MAJAZ
  c204  1 sources  26 segments  19,598 chars: MAJAZ
  c205  1 sources  30 segments  19,993 chars: MAJAZ
  c206  1 sources   7 segments   3,657 chars: MAJAZ
  c207  1 sources  11 segments  19,945 chars: NAHHAS
  c208  1 sources  10 segments  19,109 chars: NAHHAS
  c209  1 sources  11 segments  19,574 chars: NAHHAS
  c210  1 sources  11 segments  19,040 chars: NAHHAS
  c211  1 sources  10 segments  19,850 chars: NAHHAS
  c212  1 sources  11 segments  19,199 chars: NAHHAS
  c213  1 sources  10 segments  19,391 chars: NAHHAS
  c214  1 sources  11 segments  19,573 chars: NAHHAS
  c215  1 sources  11 segments  18,993 chars: NAHHAS
  c216  1 sources  11 segments  19,456 chars: NAHHAS
  c217  1 sources  12 segments  19,854 chars: NAHHAS
  c218  1 sources  10 segments  18,442 chars: NAHHAS
  c219  1 sources  11 segments  19,982 chars: NAHHAS
  c220  1 sources  11 segments  19,207 chars: NAHHAS
  c221  1 sources  10 segments  19,148 chars: NAHHAS
  c222  1 sources  11 segments  19,248 chars: NAHHAS
  c223  1 sources  10 segments  19,443 chars: NAHHAS
  c224  1 sources   9 segments  18,641 chars: NAHHAS
  c225  1 sources  12 segments  19,993 chars: NAHHAS
  c226  1 sources  10 segments  17,993 chars: NAHHAS
  c227  1 sources  11 segments  18,974 chars: NAHHAS
  c228  1 sources  12 segments  19,059 chars: NAHHAS
  c229  1 sources  12 segments  19,887 chars: NAHHAS
  c230  1 sources  10 segments  17,682 chars: NAHHAS
  c231  1 sources  10 segments  19,645 chars: NAHHAS
  c232  1 sources  13 segments  19,698 chars: NAHHAS
  c233  1 sources   9 segments  15,102 chars: NAHHAS
  c234  1 sources  12 segments  19,505 chars: SAMIN-DURR
  c235  1 sources  16 segments  19,468 chars: SAMIN-DURR
  c236  1 sources  15 segments  19,900 chars: SAMIN-DURR
  c237  1 sources  16 segments  18,880 chars: SAMIN-DURR
  c238  1 sources  12 segments  19,667 chars: SAMIN-DURR
  c239  1 sources  17 segments  19,506 chars: SAMIN-DURR
  c240  1 sources  17 segments  19,571 chars: SAMIN-DURR
  c241  1 sources  17 segments  18,549 chars: SAMIN-DURR
  c242  1 sources  16 segments  19,796 chars: SAMIN-DURR
  c243  1 sources  15 segments  19,544 chars: SAMIN-DURR
  c244  1 sources  16 segments  19,498 chars: SAMIN-DURR
  c245  1 sources  15 segments  19,891 chars: SAMIN-DURR
  c246  1 sources  15 segments  19,527 chars: SAMIN-DURR
  c247  1 sources  13 segments  19,580 chars: SAMIN-DURR
  c248  1 sources  15 segments  18,341 chars: SAMIN-DURR
  c249  1 sources  13 segments  18,783 chars: SAMIN-DURR
  c250  1 sources  14 segments  19,097 chars: SAMIN-DURR
  c251  1 sources  13 segments  19,637 chars: SAMIN-DURR
  c252  1 sources  15 segments  19,937 chars: SAMIN-DURR
  c253  1 sources  17 segments  18,746 chars: SAMIN-DURR
  c254  1 sources  17 segments  19,867 chars: SAMIN-DURR
  c255  1 sources  21 segments  19,924 chars: SAMIN-DURR
  c256  1 sources  14 segments  19,042 chars: SAMIN-DURR
  c257  1 sources  17 segments  19,247 chars: SAMIN-DURR
  c258  1 sources  16 segments  19,303 chars: SAMIN-DURR
  c259  1 sources  11 segments  19,589 chars: SAMIN-DURR
  c260  1 sources  13 segments  19,259 chars: SAMIN-DURR
  c261  1 sources  15 segments  18,289 chars: SAMIN-DURR
  c262  1 sources  15 segments  19,046 chars: SAMIN-DURR
  c263  1 sources  15 segments  19,642 chars: SAMIN-DURR
  c264  1 sources  16 segments  19,718 chars: SAMIN-DURR
  c265  1 sources  16 segments  19,766 chars: SAMIN-DURR
  c266  1 sources  18 segments  19,371 chars: SAMIN-DURR
  c267  1 sources  23 segments  19,156 chars: SAMIN-DURR
  c268  1 sources  17 segments  19,021 chars: SAMIN-DURR
  c269  1 sources  24 segments  19,258 chars: SAMIN-DURR
  c270  1 sources  19 segments  18,784 chars: SAMIN-DURR
  c271  1 sources  17 segments  18,803 chars: SAMIN-DURR
  c272  1 sources  23 segments  19,864 chars: SAMIN-DURR
  c273  1 sources  28 segments  19,660 chars: SAMIN-DURR
  c274  1 sources  24 segments  19,787 chars: SAMIN-DURR
  c275  1 sources  24 segments  19,821 chars: SAMIN-DURR
  c276  1 sources  24 segments  19,714 chars: SAMIN-DURR
  c277  1 sources  21 segments  19,553 chars: SAMIN-DURR
  c278  1 sources  28 segments  19,695 chars: SAMIN-DURR
  c279  1 sources  28 segments  19,858 chars: SAMIN-DURR
  c280  1 sources  19 segments  18,629 chars: SAMIN-DURR
  c281  1 sources  26 segments  19,700 chars: SAMIN-DURR
  c282  1 sources  33 segments  19,587 chars: SAMIN-DURR
  c283  1 sources  23 segments  19,335 chars: SAMIN-DURR
  c284  1 sources  27 segments  19,671 chars: SAMIN-DURR
  c285  1 sources  22 segments  19,516 chars: SAMIN-DURR
  c286  1 sources  25 segments  19,434 chars: SAMIN-DURR
  c287  1 sources  26 segments  19,536 chars: SAMIN-DURR
  c288  1 sources  29 segments  19,424 chars: SAMIN-DURR
  c289  1 sources  27 segments  19,996 chars: SAMIN-DURR
  c290  1 sources  30 segments  18,935 chars: SAMIN-DURR
  c291  1 sources  21 segments  19,043 chars: SAMIN-DURR
  c292  1 sources  24 segments  19,398 chars: SAMIN-DURR
  c293  1 sources  27 segments  19,825 chars: SAMIN-DURR
  c294  1 sources  25 segments  19,356 chars: SAMIN-DURR
  c295  1 sources  31 segments  18,254 chars: SAMIN-DURR
  c296  1 sources  16 segments  19,420 chars: ZAJJAJ
  c297  1 sources  18 segments  19,865 chars: ZAJJAJ
  c298  1 sources  17 segments  19,091 chars: ZAJJAJ
  c299  1 sources  16 segments  18,452 chars: ZAJJAJ
  c300  1 sources  17 segments  19,181 chars: ZAJJAJ
  c301  1 sources  15 segments  18,675 chars: ZAJJAJ
  c302  1 sources  14 segments  19,618 chars: ZAJJAJ
  c303  1 sources  16 segments  18,508 chars: ZAJJAJ
  c304  1 sources  18 segments  18,894 chars: ZAJJAJ
  c305  1 sources  14 segments  19,191 chars: ZAJJAJ
  c306  1 sources  18 segments  19,992 chars: ZAJJAJ
  c307  1 sources  19 segments  19,501 chars: ZAJJAJ
  c308  1 sources  19 segments  19,190 chars: ZAJJAJ
  c309  1 sources  19 segments  19,665 chars: ZAJJAJ
  c310  1 sources  17 segments  19,836 chars: ZAJJAJ
  c311  1 sources  19 segments  19,384 chars: ZAJJAJ
  c312  1 sources  18 segments  19,804 chars: ZAJJAJ
  c313  1 sources  20 segments  19,752 chars: ZAJJAJ
  c314  1 sources  20 segments  19,802 chars: ZAJJAJ
  c315  1 sources  20 segments  18,969 chars: ZAJJAJ
  c316  1 sources  18 segments  18,567 chars: ZAJJAJ
  c317  1 sources  16 segments  19,626 chars: ZAJJAJ
  c318  1 sources  15 segments  19,380 chars: ZAJJAJ
  c319  1 sources  14 segments  19,591 chars: ZAJJAJ
  c320  1 sources  21 segments  19,290 chars: ZAJJAJ
  c321  1 sources  20 segments  19,995 chars: ZAJJAJ
  c322  1 sources  21 segments  19,334 chars: ZAJJAJ
  c323  1 sources  21 segments  19,354 chars: ZAJJAJ
  c324  1 sources  22 segments  19,656 chars: ZAJJAJ
  c325  1 sources  20 segments  19,364 chars: ZAJJAJ
  c326  1 sources   1 segments     749 chars: ZAJJAJ
  c327  1 sources  39 segments  19,944 chars: ASAD-NOTES
  c328  1 sources  33 segments  19,341 chars: ASAD-NOTES
  c329  1 sources  35 segments  19,520 chars: ASAD-NOTES
  c330  1 sources  46 segments  18,604 chars: ASAD-NOTES
  c331  1 sources  43 segments  19,843 chars: ASAD-NOTES
  c332  1 sources  38 segments  18,983 chars: ASAD-NOTES
  c333  1 sources  42 segments  19,951 chars: ASAD-NOTES
  c334  1 sources  36 segments  19,290 chars: ASAD-NOTES
  c335  1 sources  33 segments  19,624 chars: ASAD-NOTES
  c336  1 sources  31 segments  19,873 chars: ASAD-NOTES
  c337  1 sources  35 segments  19,840 chars: ASAD-NOTES
  c338  1 sources  32 segments  19,645 chars: ASAD-NOTES
  c339  1 sources  41 segments  19,437 chars: ASAD-NOTES
  c340  1 sources  36 segments  19,270 chars: ASAD-NOTES
  c341  1 sources  45 segments  19,854 chars: ASAD-NOTES
  c342  1 sources  44 segments  19,568 chars: ASAD-NOTES
  c343  1 sources  50 segments  19,589 chars: ASAD-NOTES
  c344  1 sources  39 segments  19,688 chars: ASAD-NOTES
  c345  1 sources  46 segments  19,825 chars: ASAD-NOTES
  c346  1 sources  45 segments  19,499 chars: ASAD-NOTES
  c347  1 sources  49 segments  18,972 chars: ASAD-NOTES
  c348  1 sources  43 segments  19,487 chars: ASAD-NOTES
  c349  1 sources  40 segments  19,361 chars: ASAD-NOTES
  c350  1 sources  43 segments  19,674 chars: ASAD-NOTES
  c351  1 sources  48 segments  19,727 chars: ASAD-NOTES
  c352  1 sources  46 segments  19,714 chars: ASAD-NOTES
  c353  1 sources  47 segments  19,802 chars: ASAD-NOTES
  c354  1 sources  37 segments  19,522 chars: ASAD-NOTES
  c355  1 sources  47 segments  19,627 chars: ASAD-NOTES
  c356  1 sources  45 segments  19,965 chars: ASAD-NOTES
  c357  1 sources  42 segments  19,599 chars: ASAD-NOTES
  c358  1 sources  44 segments  19,693 chars: ASAD-NOTES
  c359  1 sources  47 segments  19,452 chars: ASAD-NOTES
  c360  1 sources  45 segments  19,807 chars: ASAD-NOTES
  c361  1 sources  45 segments  19,916 chars: ASAD-NOTES
  c362  1 sources  39 segments  15,324 chars: ASAD-NOTES
  c363  1 sources   8 segments   9,013 chars: SAMARRAI-LAMASAT
  c364  1 sources  12 segments  19,201 chars: SAMARRAI-LAMASAT-HALAQAT
  c365  1 sources  14 segments  18,469 chars: SAMARRAI-LAMASAT-HALAQAT
  c366  1 sources  15 segments  19,516 chars: SAMARRAI-LAMASAT-HALAQAT
  c367  1 sources  13 segments  19,358 chars: SAMARRAI-LAMASAT-HALAQAT
  c368  1 sources   6 segments   7,959 chars: SAMARRAI-LAMASAT-HALAQAT
  c369  1 sources   5 segments  18,070 chars: ISLAHI-TADABBUR
  c370  1 sources   5 segments  17,287 chars: ISLAHI-TADABBUR
  c371  1 sources   5 segments  17,297 chars: ISLAHI-TADABBUR
  c372  1 sources   5 segments  18,945 chars: ISLAHI-TADABBUR
  c373  1 sources   5 segments  19,719 chars: ISLAHI-TADABBUR
  c374  1 sources   5 segments  18,789 chars: ISLAHI-TADABBUR
  c375  1 sources   5 segments  17,749 chars: ISLAHI-TADABBUR
  c376  1 sources   5 segments  17,775 chars: ISLAHI-TADABBUR
  c377  1 sources   5 segments  17,479 chars: ISLAHI-TADABBUR
  c378  1 sources   5 segments  18,374 chars: ISLAHI-TADABBUR
  c379  1 sources   5 segments  18,424 chars: ISLAHI-TADABBUR
  c380  1 sources   5 segments  18,239 chars: ISLAHI-TADABBUR
  c381  1 sources   5 segments  16,991 chars: ISLAHI-TADABBUR
  c382  1 sources   6 segments  19,407 chars: ISLAHI-TADABBUR
  c383  1 sources   6 segments  17,976 chars: ISLAHI-TADABBUR
  c384  1 sources   5 segments  18,999 chars: ISLAHI-TADABBUR
  c385  1 sources   5 segments  18,042 chars: ISLAHI-TADABBUR
  c386  1 sources   5 segments  18,405 chars: ISLAHI-TADABBUR
  c387  1 sources   5 segments  17,027 chars: ISLAHI-TADABBUR
  c388  1 sources   5 segments  18,073 chars: ISLAHI-TADABBUR
  c389  1 sources   5 segments  18,053 chars: ISLAHI-TADABBUR
  c390  1 sources   5 segments  17,470 chars: ISLAHI-TADABBUR
  c391  1 sources   5 segments  17,649 chars: ISLAHI-TADABBUR
  c392  1 sources   5 segments  18,273 chars: ISLAHI-TADABBUR
  c393  1 sources   5 segments  18,390 chars: ISLAHI-TADABBUR
  c394  1 sources   5 segments  18,792 chars: ISLAHI-TADABBUR
  c395  1 sources   5 segments  17,908 chars: ISLAHI-TADABBUR
  c396  1 sources   5 segments  16,516 chars: ISLAHI-TADABBUR
  c397  1 sources   5 segments  16,818 chars: ISLAHI-TADABBUR
  c398  1 sources   6 segments  19,340 chars: ISLAHI-TADABBUR
  c399  1 sources   6 segments  19,593 chars: ISLAHI-TADABBUR
  c400  1 sources   6 segments  17,149 chars: ISLAHI-TADABBUR
  c401  1 sources   6 segments  18,305 chars: ISLAHI-TADABBUR
  c402  1 sources   6 segments  18,277 chars: ISLAHI-TADABBUR
  c403  1 sources   6 segments  19,913 chars: ISLAHI-TADABBUR
  c404  1 sources   6 segments  18,940 chars: ISLAHI-TADABBUR
  c405  1 sources   5 segments  17,900 chars: ISLAHI-TADABBUR
  c406  1 sources   6 segments  19,073 chars: ISLAHI-TADABBUR
  c407  1 sources   5 segments  19,256 chars: ISLAHI-TADABBUR
  c408  1 sources   5 segments  19,592 chars: ISLAHI-TADABBUR
  c409  1 sources   5 segments  17,361 chars: ISLAHI-TADABBUR
  c410  1 sources   5 segments  16,366 chars: ISLAHI-TADABBUR
  c411  1 sources   5 segments  18,366 chars: ISLAHI-TADABBUR
  c412  1 sources   6 segments  19,843 chars: ISLAHI-TADABBUR
  c413  1 sources   5 segments  16,525 chars: ISLAHI-TADABBUR
  c414  1 sources   6 segments  19,677 chars: ISLAHI-TADABBUR
  c415  1 sources   5 segments  18,140 chars: ISLAHI-TADABBUR
  c416  1 sources   6 segments  19,125 chars: ISLAHI-TADABBUR
  c417  1 sources   5 segments  17,883 chars: ISLAHI-TADABBUR
  c418  1 sources   6 segments  19,811 chars: ISLAHI-TADABBUR
  c419  1 sources   6 segments  19,380 chars: ISLAHI-TADABBUR
  c420  1 sources   5 segments  16,768 chars: ISLAHI-TADABBUR
  c421  1 sources   6 segments  19,105 chars: ISLAHI-TADABBUR
  c422  1 sources   5 segments  16,679 chars: ISLAHI-TADABBUR
  c423  1 sources   6 segments  18,958 chars: ISLAHI-TADABBUR
  c424  1 sources   6 segments  18,719 chars: ISLAHI-TADABBUR
  c425  1 sources   6 segments  18,697 chars: ISLAHI-TADABBUR
  c426  1 sources   6 segments  17,289 chars: ISLAHI-TADABBUR
  c427  1 sources   6 segments  18,882 chars: ISLAHI-TADABBUR
  c428  1 sources   7 segments  18,132 chars: ISLAHI-TADABBUR
  c429  1 sources   6 segments  19,286 chars: ISLAHI-TADABBUR
  c430  1 sources   6 segments  19,369 chars: ISLAHI-TADABBUR
  c431  1 sources   5 segments  16,693 chars: ISLAHI-TADABBUR
  c432  1 sources   6 segments  19,646 chars: ISLAHI-TADABBUR
  c433  1 sources   6 segments  19,538 chars: ISLAHI-TADABBUR
  c434  1 sources   7 segments  18,123 chars: ISLAHI-TADABBUR
  c435  1 sources   6 segments  18,100 chars: ISLAHI-TADABBUR
  c436  1 sources   6 segments  18,253 chars: ISLAHI-TADABBUR
  c437  1 sources   6 segments  17,456 chars: ISLAHI-TADABBUR
  c438  1 sources   8 segments  19,104 chars: ISLAHI-TADABBUR
  c439  1 sources   7 segments  19,682 chars: ISLAHI-TADABBUR
  c440  1 sources   7 segments  18,730 chars: ISLAHI-TADABBUR
  c441  1 sources   6 segments  17,991 chars: ISLAHI-TADABBUR
  c442  1 sources   7 segments  19,944 chars: ISLAHI-TADABBUR
  c443  1 sources   7 segments  19,835 chars: ISLAHI-TADABBUR
  c444  1 sources   6 segments  18,386 chars: ISLAHI-TADABBUR
  c445  1 sources   6 segments  18,110 chars: ISLAHI-TADABBUR
  c446  1 sources   7 segments  19,896 chars: ISLAHI-TADABBUR
  c447  1 sources   7 segments  19,417 chars: ISLAHI-TADABBUR
  c448  1 sources   9 segments  18,883 chars: ISLAHI-TADABBUR
  c449  1 sources   7 segments  19,575 chars: ISLAHI-TADABBUR
  c450  1 sources   6 segments  17,321 chars: ISLAHI-TADABBUR
  c451  1 sources   7 segments  19,464 chars: ISLAHI-TADABBUR
  c452  1 sources   7 segments  19,676 chars: ISLAHI-TADABBUR
  c453  1 sources   7 segments  19,425 chars: ISLAHI-TADABBUR
  c454  1 sources   8 segments  18,395 chars: ISLAHI-TADABBUR
  c455  1 sources   6 segments  17,577 chars: ISLAHI-TADABBUR
  c456  1 sources   7 segments  19,940 chars: ISLAHI-TADABBUR
  c457  1 sources   7 segments  19,736 chars: ISLAHI-TADABBUR
  c458  1 sources   7 segments  19,113 chars: ISLAHI-TADABBUR
  c459  1 sources   7 segments  19,753 chars: ISLAHI-TADABBUR
  c460  1 sources   7 segments  19,909 chars: ISLAHI-TADABBUR
  c461  1 sources   7 segments  19,883 chars: ISLAHI-TADABBUR
  c462  1 sources   8 segments  19,549 chars: ISLAHI-TADABBUR
  c463  1 sources   7 segments  19,709 chars: ISLAHI-TADABBUR
  c464  1 sources   7 segments  19,340 chars: ISLAHI-TADABBUR
  c465  1 sources   7 segments  19,047 chars: ISLAHI-TADABBUR
  c466  1 sources   7 segments  19,056 chars: ISLAHI-TADABBUR
  c467  1 sources   7 segments  19,037 chars: ISLAHI-TADABBUR
  c468  1 sources   7 segments  19,702 chars: ISLAHI-TADABBUR
  c469  1 sources   6 segments  17,375 chars: ISLAHI-TADABBUR
  c470  1 sources   7 segments  19,908 chars: ISLAHI-TADABBUR
  c471  1 sources   7 segments  19,040 chars: ISLAHI-TADABBUR
  c472  1 sources   5 segments  17,731 chars: ISLAHI-TADABBUR
  c473  1 sources   5 segments  17,514 chars: ISLAHI-TADABBUR
  c474  1 sources   6 segments  19,282 chars: ISLAHI-TADABBUR
  c475  1 sources   5 segments  19,191 chars: ISLAHI-TADABBUR
  c476  1 sources   5 segments  17,099 chars: ISLAHI-TADABBUR
  c477  1 sources   5 segments  17,626 chars: ISLAHI-TADABBUR
  c478  1 sources   6 segments  19,440 chars: ISLAHI-TADABBUR
  c479  1 sources   6 segments  18,485 chars: ISLAHI-TADABBUR
  c480  1 sources   5 segments  17,977 chars: ISLAHI-TADABBUR
  c481  1 sources   5 segments  18,183 chars: ISLAHI-TADABBUR
  c482  1 sources   5 segments  18,517 chars: ISLAHI-TADABBUR
  c483  1 sources   6 segments  18,778 chars: ISLAHI-TADABBUR
  c484  1 sources   5 segments  16,879 chars: ISLAHI-TADABBUR
  c485  1 sources   5 segments  16,368 chars: ISLAHI-TADABBUR
  c486  1 sources   7 segments  19,849 chars: ISLAHI-TADABBUR
  c487  1 sources   5 segments  17,390 chars: ISLAHI-TADABBUR
  c488  1 sources   5 segments  18,270 chars: ISLAHI-TADABBUR
  c489  1 sources   5 segments  17,421 chars: ISLAHI-TADABBUR
  c490  1 sources   6 segments  19,476 chars: ISLAHI-TADABBUR
  c491  1 sources   5 segments  16,907 chars: ISLAHI-TADABBUR
  c492  1 sources   5 segments  17,574 chars: ISLAHI-TADABBUR
  c493  1 sources   6 segments  19,515 chars: ISLAHI-TADABBUR
  c494  1 sources   5 segments  18,488 chars: ISLAHI-TADABBUR
  c495  1 sources   5 segments  17,956 chars: ISLAHI-TADABBUR
  c496  1 sources   6 segments  19,813 chars: ISLAHI-TADABBUR
  c497  1 sources   5 segments  18,199 chars: ISLAHI-TADABBUR
  c498  1 sources   6 segments  19,716 chars: ISLAHI-TADABBUR
  c499  1 sources   5 segments  17,630 chars: ISLAHI-TADABBUR
  c500  1 sources   7 segments  19,709 chars: ISLAHI-TADABBUR
  c501  1 sources   5 segments  18,939 chars: ISLAHI-TADABBUR
  c502  1 sources   5 segments  18,948 chars: ISLAHI-TADABBUR
  c503  1 sources   5 segments  18,133 chars: ISLAHI-TADABBUR
  c504  1 sources   5 segments  17,757 chars: ISLAHI-TADABBUR
  c505  1 sources   5 segments  18,191 chars: ISLAHI-TADABBUR
  c506  1 sources   5 segments  16,743 chars: ISLAHI-TADABBUR
  c507  1 sources   5 segments  18,034 chars: ISLAHI-TADABBUR
  c508  1 sources   5 segments  17,731 chars: ISLAHI-TADABBUR
  c509  1 sources   5 segments  17,029 chars: ISLAHI-TADABBUR
  c510  1 sources   5 segments  17,139 chars: ISLAHI-TADABBUR
  c511  1 sources   6 segments  19,267 chars: ISLAHI-TADABBUR
  c512  1 sources   6 segments  18,409 chars: ISLAHI-TADABBUR
  c513  1 sources   9 segments  19,470 chars: ISLAHI-TADABBUR
  c514  1 sources   5 segments  18,507 chars: ISLAHI-TADABBUR
  c515  1 sources   5 segments  17,477 chars: ISLAHI-TADABBUR
  c516  1 sources   5 segments  17,532 chars: ISLAHI-TADABBUR
  c517  1 sources   5 segments  18,385 chars: ISLAHI-TADABBUR
  c518  1 sources   5 segments  17,533 chars: ISLAHI-TADABBUR
  c519  1 sources   8 segments  19,767 chars: ISLAHI-TADABBUR
  c520  1 sources   5 segments  17,576 chars: ISLAHI-TADABBUR
  c521  1 sources   6 segments  19,379 chars: ISLAHI-TADABBUR
  c522  1 sources   6 segments  19,245 chars: ISLAHI-TADABBUR
  c523  1 sources   5 segments  18,105 chars: ISLAHI-TADABBUR
  c524  1 sources   5 segments  18,097 chars: ISLAHI-TADABBUR
  c525  1 sources   5 segments  17,125 chars: ISLAHI-TADABBUR
  c526  1 sources   7 segments  16,889 chars: ISLAHI-TADABBUR
  c527  1 sources   5 segments  17,550 chars: ISLAHI-TADABBUR
  c528  1 sources   5 segments  17,998 chars: ISLAHI-TADABBUR
  c529  1 sources   5 segments  17,767 chars: ISLAHI-TADABBUR
  c530  1 sources   5 segments  17,383 chars: ISLAHI-TADABBUR
  c531  1 sources   6 segments  18,871 chars: ISLAHI-TADABBUR
  c532  1 sources   5 segments  18,691 chars: ISLAHI-TADABBUR
  c533  1 sources   5 segments  17,787 chars: ISLAHI-TADABBUR
  c534  1 sources   6 segments  18,651 chars: ISLAHI-TADABBUR
  c535  1 sources   6 segments  19,887 chars: ISLAHI-TADABBUR
  c536  1 sources   5 segments  18,042 chars: ISLAHI-TADABBUR
  c537  1 sources   7 segments  17,523 chars: ISLAHI-TADABBUR
  c538  1 sources   5 segments  17,366 chars: ISLAHI-TADABBUR
  c539  1 sources   6 segments  19,746 chars: ISLAHI-TADABBUR
  c540  1 sources   8 segments  19,748 chars: ISLAHI-TADABBUR
  c541  1 sources   5 segments  17,078 chars: ISLAHI-TADABBUR
  c542  1 sources   8 segments  19,657 chars: ISLAHI-TADABBUR
  c543  1 sources   6 segments  18,730 chars: ISLAHI-TADABBUR
  c544  1 sources   5 segments  17,619 chars: ISLAHI-TADABBUR
  c545  1 sources   5 segments  17,673 chars: ISLAHI-TADABBUR
  c546  1 sources   8 segments  18,181 chars: ISLAHI-TADABBUR
  c547  1 sources   6 segments  17,303 chars: ISLAHI-TADABBUR
  c548  1 sources   7 segments  18,855 chars: ISLAHI-TADABBUR
  c549  1 sources   8 segments  19,559 chars: ISLAHI-TADABBUR
  c550  1 sources   6 segments  17,322 chars: ISLAHI-TADABBUR
  c551  1 sources   6 segments  17,205 chars: ISLAHI-TADABBUR
  c552  1 sources   8 segments  17,747 chars: ISLAHI-TADABBUR
  c553  1 sources   8 segments  18,500 chars: ISLAHI-TADABBUR
  c554  1 sources   7 segments  17,733 chars: ISLAHI-TADABBUR
  c555  1 sources   8 segments  19,432 chars: ISLAHI-TADABBUR
  c556  1 sources   1 segments   2,574 chars: ISLAHI-TADABBUR
  c557  1 sources  12 segments  19,592 chars: FARISI-HUJJA
  c558  1 sources  12 segments  18,927 chars: FARISI-HUJJA
  c559  1 sources  14 segments  18,841 chars: FARISI-HUJJA
  c560  1 sources  13 segments  18,776 chars: FARISI-HUJJA
  c561  1 sources  14 segments  19,206 chars: FARISI-HUJJA
  c562  1 sources  16 segments  19,501 chars: FARISI-HUJJA
  c563  1 sources  16 segments  19,560 chars: FARISI-HUJJA
  c564  1 sources  15 segments  18,737 chars: FARISI-HUJJA
  c565  1 sources  14 segments  19,338 chars: FARISI-HUJJA
  c566  1 sources  22 segments  19,649 chars: FARISI-HUJJA
  c567  1 sources  26 segments  19,298 chars: FARISI-HUJJA
  c568  1 sources  27 segments  18,844 chars: FARISI-HUJJA
  c569  1 sources  24 segments  19,372 chars: FARISI-HUJJA
  c570  1 sources  11 segments  18,712 chars: IBNJINNI-MUHTASAB
  c571  1 sources  11 segments  18,688 chars: IBNJINNI-MUHTASAB
  c572  1 sources  12 segments  19,988 chars: IBNJINNI-MUHTASAB
  c573  1 sources   6 segments  10,586 chars: IBNJINNI-MUHTASAB
  c574  1 sources  22 segments  19,270 chars: IBNKHALAWAYH-HUJJA
  c575  1 sources  25 segments  19,910 chars: IBNKHALAWAYH-HUJJA
  c576  1 sources  26 segments  19,841 chars: IBNKHALAWAYH-HUJJA
  c577  1 sources   1 segments     557 chars: IBNKHALAWAYH-HUJJA
  c578  1 sources  14 segments  19,120 chars: IBNMUJAHID
  c579  1 sources  15 segments  19,049 chars: IBNMUJAHID
  c580  1 sources  16 segments  19,013 chars: IBNMUJAHID
  c581  1 sources  74 segments  19,949 chars: QIRAAT-ER
  c582  1 sources  78 segments  19,983 chars: QIRAAT-ER
  c583  1 sources  79 segments  19,843 chars: QIRAAT-ER
  c584  1 sources  76 segments  19,636 chars: QIRAAT-ER
  c585  1 sources  75 segments  19,969 chars: QIRAAT-ER
  c586  1 sources  74 segments  19,813 chars: QIRAAT-ER
  c587  1 sources  76 segments  19,764 chars: QIRAAT-ER
  c588  1 sources  75 segments  19,796 chars: QIRAAT-ER
  c589  1 sources  53 segments  13,809 chars: QIRAAT-ER
  c590  1 sources  34 segments  19,986 chars: ABDURRAZZAQ
  c591  1 sources  34 segments  19,867 chars: ABDURRAZZAQ
  c592  1 sources  51 segments  19,940 chars: ABDURRAZZAQ
  c593  1 sources  55 segments  19,515 chars: ABDURRAZZAQ
  c594  1 sources  43 segments  19,861 chars: ABDURRAZZAQ
  c595  1 sources  53 segments  19,801 chars: ABDURRAZZAQ
  c596  1 sources  32 segments  11,320 chars: ABDURRAZZAQ
  c597  1 sources  10 segments  19,963 chars: ABUHAYYAN-FULL
  c598  1 sources  10 segments  19,213 chars: ABUHAYYAN-FULL
  c599  1 sources  10 segments  18,548 chars: ABUHAYYAN-FULL
  c600  1 sources  10 segments  18,634 chars: ABUHAYYAN-FULL
  c601  1 sources  11 segments  18,815 chars: ABUHAYYAN-FULL
  c602  1 sources  11 segments  19,527 chars: ABUHAYYAN-FULL
  c603  1 sources  10 segments  18,146 chars: ABUHAYYAN-FULL
  c604  1 sources  10 segments  18,174 chars: ABUHAYYAN-FULL
  c605  1 sources  11 segments  19,986 chars: ABUHAYYAN-FULL
  c606  1 sources  10 segments  19,245 chars: ABUHAYYAN-FULL
  c607  1 sources  10 segments  19,109 chars: ABUHAYYAN-FULL
  c608  1 sources  10 segments  18,819 chars: ABUHAYYAN-FULL
  c609  1 sources  10 segments  19,136 chars: ABUHAYYAN-FULL
  c610  1 sources  10 segments  19,286 chars: ABUHAYYAN-FULL
  c611  1 sources  12 segments  19,537 chars: ABUHAYYAN-FULL
  c612  1 sources  10 segments  18,581 chars: ABUHAYYAN-FULL
  c613  1 sources  11 segments  19,855 chars: ABUHAYYAN-FULL
  c614  1 sources  11 segments  19,772 chars: ABUHAYYAN-FULL
  c615  1 sources  11 segments  19,718 chars: ABUHAYYAN-FULL
  c616  1 sources  10 segments  18,621 chars: ABUHAYYAN-FULL
  c617  1 sources  10 segments  17,860 chars: ABUHAYYAN-FULL
  c618  1 sources  10 segments  19,572 chars: ABUHAYYAN-FULL
  c619  1 sources  10 segments  18,310 chars: ABUHAYYAN-FULL
  c620  1 sources  11 segments  19,158 chars: ABUHAYYAN-FULL
  c621  1 sources  11 segments  18,924 chars: ABUHAYYAN-FULL
  c622  1 sources  10 segments  18,526 chars: ABUHAYYAN-FULL
  c623  1 sources  11 segments  19,014 chars: ABUHAYYAN-FULL
  c624  1 sources  11 segments  19,735 chars: ABUHAYYAN-FULL
  c625  1 sources  10 segments  18,921 chars: ABUHAYYAN-FULL
  c626  1 sources  11 segments  19,513 chars: ABUHAYYAN-FULL
  c627  1 sources  11 segments  18,594 chars: ABUHAYYAN-FULL
  c628  1 sources  11 segments  19,411 chars: ABUHAYYAN-FULL
  c629  1 sources  10 segments  19,013 chars: ABUHAYYAN-FULL
  c630  1 sources  11 segments  19,543 chars: ABUHAYYAN-FULL
  c631  1 sources  11 segments  19,104 chars: ABUHAYYAN-FULL
  c632  1 sources  10 segments  17,845 chars: ABUHAYYAN-FULL
  c633  1 sources  11 segments  19,825 chars: ABUHAYYAN-FULL
  c634  1 sources  11 segments  18,287 chars: ABUHAYYAN-FULL
  c635  1 sources  11 segments  19,392 chars: ABUHAYYAN-FULL
  c636  1 sources  11 segments  19,401 chars: ABUHAYYAN-FULL
  c637  1 sources  11 segments  19,802 chars: ABUHAYYAN-FULL
  c638  1 sources  11 segments  19,350 chars: ABUHAYYAN-FULL
  c639  1 sources  11 segments  18,454 chars: ABUHAYYAN-FULL
  c640  1 sources  11 segments  19,308 chars: ABUHAYYAN-FULL
  c641  1 sources  12 segments  18,088 chars: ABUHAYYAN-FULL
  c642  1 sources  11 segments  18,790 chars: ABUHAYYAN-FULL
  c643  1 sources  12 segments  18,462 chars: ABUHAYYAN-FULL
  c644  1 sources  11 segments  19,053 chars: ABUHAYYAN-FULL
  c645  1 sources  10 segments  18,361 chars: ABUHAYYAN-FULL
  c646  1 sources  11 segments  19,057 chars: ABUHAYYAN-FULL
  c647  1 sources  11 segments  18,520 chars: ABUHAYYAN-FULL
  c648  1 sources  11 segments  18,581 chars: ABUHAYYAN-FULL
  c649  1 sources  11 segments  19,097 chars: ABUHAYYAN-FULL
  c650  1 sources  10 segments  18,038 chars: ABUHAYYAN-FULL
  c651  1 sources  10 segments  18,701 chars: ABUHAYYAN-FULL
  c652  1 sources  11 segments  18,734 chars: ABUHAYYAN-FULL
  c653  1 sources  11 segments  18,455 chars: ABUHAYYAN-FULL
  c654  1 sources  10 segments  17,873 chars: ABUHAYYAN-FULL
  c655  1 sources  10 segments  18,400 chars: ABUHAYYAN-FULL
  c656  1 sources  10 segments  18,323 chars: ABUHAYYAN-FULL
  c657  1 sources   9 segments  18,728 chars: ABUHAYYAN-FULL
  c658  1 sources  11 segments  18,813 chars: ABUHAYYAN-FULL
  c659  1 sources  10 segments  18,480 chars: ABUHAYYAN-FULL
  c660  1 sources  11 segments  19,259 chars: ABUHAYYAN-FULL
  c661  1 sources  11 segments  19,389 chars: ABUHAYYAN-FULL
  c662  1 sources  11 segments  18,508 chars: ABUHAYYAN-FULL
  c663  1 sources  11 segments  19,337 chars: ABUHAYYAN-FULL
  c664  1 sources  11 segments  19,584 chars: ABUHAYYAN-FULL
  c665  1 sources  11 segments  19,490 chars: ABUHAYYAN-FULL
  c666  1 sources  10 segments  18,377 chars: ABUHAYYAN-FULL
  c667  1 sources  10 segments  19,377 chars: ABUHAYYAN-FULL
  c668  1 sources  10 segments  19,892 chars: ABUHAYYAN-FULL
  c669  1 sources   9 segments  18,416 chars: ABUHAYYAN-FULL
  c670  1 sources  10 segments  19,332 chars: ABUHAYYAN-FULL
  c671  1 sources  11 segments  19,119 chars: ABUHAYYAN-FULL
  c672  1 sources  10 segments  18,124 chars: ABUHAYYAN-FULL
  c673  1 sources  10 segments  19,461 chars: ABUHAYYAN-FULL
  c674  1 sources  11 segments  18,808 chars: ABUHAYYAN-FULL
  c675  1 sources  11 segments  19,584 chars: ABUHAYYAN-FULL
  c676  1 sources   9 segments  18,545 chars: ABUHAYYAN-FULL
  c677  1 sources  10 segments  18,468 chars: ABUHAYYAN-FULL
  c678  1 sources  10 segments  19,693 chars: ABUHAYYAN-FULL
  c679  1 sources   8 segments  17,591 chars: ABUHAYYAN-FULL
  c680  1 sources  10 segments  19,076 chars: ABUHAYYAN-FULL
  c681  1 sources  10 segments  19,970 chars: ABUHAYYAN-FULL
  c682  1 sources   9 segments  18,452 chars: ABUHAYYAN-FULL
  c683  1 sources  11 segments  18,577 chars: ABUHAYYAN-FULL
  c684  1 sources  11 segments  19,757 chars: ABUHAYYAN-FULL
  c685  1 sources  10 segments  18,405 chars: ABUHAYYAN-FULL
  c686  1 sources  11 segments  18,442 chars: ABUHAYYAN-FULL
  c687  1 sources  12 segments  18,886 chars: ABUHAYYAN-FULL
  c688  1 sources   9 segments  17,939 chars: ABUHAYYAN-FULL
  c689  1 sources  11 segments  19,936 chars: ABUHAYYAN-FULL
  c690  1 sources  11 segments  18,738 chars: ABUHAYYAN-FULL
  c691  1 sources  10 segments  18,304 chars: ABUHAYYAN-FULL
  c692  1 sources  10 segments  19,094 chars: ABUHAYYAN-FULL
  c693  1 sources  10 segments  19,482 chars: ABUHAYYAN-FULL
  c694  1 sources  10 segments  17,810 chars: ABUHAYYAN-FULL
  c695  1 sources  10 segments  18,167 chars: ABUHAYYAN-FULL
  c696  1 sources  10 segments  18,201 chars: ABUHAYYAN-FULL
  c697  1 sources  10 segments  18,313 chars: ABUHAYYAN-FULL
  c698  1 sources  10 segments  19,494 chars: ABUHAYYAN-FULL
  c699  1 sources  10 segments  19,487 chars: ABUHAYYAN-FULL
  c700  1 sources  11 segments  19,869 chars: ABUHAYYAN-FULL
  c701  1 sources  10 segments  19,244 chars: ABUHAYYAN-FULL
  c702  1 sources  11 segments  19,785 chars: ABUHAYYAN-FULL
  c703  1 sources  11 segments  19,811 chars: ABUHAYYAN-FULL
  c704  1 sources  10 segments  18,453 chars: ABUHAYYAN-FULL
  c705  1 sources  11 segments  19,713 chars: ABUHAYYAN-FULL
  c706  1 sources  11 segments  19,019 chars: ABUHAYYAN-FULL
  c707  1 sources  10 segments  18,611 chars: ABUHAYYAN-FULL
  c708  1 sources  10 segments  19,389 chars: ABUHAYYAN-FULL
  c709  1 sources  10 segments  19,247 chars: ABUHAYYAN-FULL
  c710  1 sources  10 segments  19,660 chars: ABUHAYYAN-FULL
  c711  1 sources  10 segments  17,997 chars: ABUHAYYAN-FULL
  c712  1 sources  10 segments  18,881 chars: ABUHAYYAN-FULL
  c713  1 sources  10 segments  19,344 chars: ABUHAYYAN-FULL
  c714  1 sources  11 segments  19,326 chars: ABUHAYYAN-FULL
  c715  1 sources  11 segments  19,627 chars: ABUHAYYAN-FULL
  c716  1 sources  11 segments  19,154 chars: ABUHAYYAN-FULL
  c717  1 sources  10 segments  19,747 chars: ABUHAYYAN-FULL
  c718  1 sources  10 segments  18,425 chars: ABUHAYYAN-FULL
  c719  1 sources  11 segments  19,349 chars: ABUHAYYAN-FULL
  c720  1 sources  11 segments  18,619 chars: ABUHAYYAN-FULL
  c721  1 sources  10 segments  18,235 chars: ABUHAYYAN-FULL
  c722  1 sources  11 segments  19,150 chars: ABUHAYYAN-FULL
  c723  1 sources  11 segments  19,000 chars: ABUHAYYAN-FULL
  c724  1 sources  11 segments  19,892 chars: ABUHAYYAN-FULL
  c725  1 sources  10 segments  18,915 chars: ABUHAYYAN-FULL
  c726  1 sources  10 segments  19,057 chars: ABUHAYYAN-FULL
  c727  1 sources  11 segments  19,941 chars: ABUHAYYAN-FULL
  c728  1 sources  10 segments  18,601 chars: ABUHAYYAN-FULL
  c729  1 sources  11 segments  19,693 chars: ABUHAYYAN-FULL
  c730  1 sources   8 segments  13,163 chars: ABUHAYYAN-FULL
  c731  1 sources   8 segments  19,708 chars: ALUSI-FULL
  c732  1 sources   6 segments  18,008 chars: ALUSI-FULL
  c733  1 sources   8 segments  18,927 chars: ALUSI-FULL
  c734  1 sources   8 segments  18,261 chars: ALUSI-FULL
  c735  1 sources   6 segments  18,305 chars: ALUSI-FULL
  c736  1 sources   9 segments  19,212 chars: ALUSI-FULL
  c737  1 sources   9 segments  19,559 chars: ALUSI-FULL
  c738  1 sources  10 segments  20,000 chars: ALUSI-FULL
  c739  1 sources   7 segments  18,210 chars: ALUSI-FULL
  c740  1 sources   8 segments  19,835 chars: ALUSI-FULL
  c741  1 sources   7 segments  17,998 chars: ALUSI-FULL
  c742  1 sources   8 segments  18,093 chars: ALUSI-FULL
  c743  1 sources   9 segments  19,301 chars: ALUSI-FULL
  c744  1 sources   8 segments  18,438 chars: ALUSI-FULL
  c745  1 sources   9 segments  19,278 chars: ALUSI-FULL
  c746  1 sources   7 segments  16,949 chars: ALUSI-FULL
  c747  1 sources   7 segments  19,782 chars: ALUSI-FULL
  c748  1 sources   9 segments  18,435 chars: ALUSI-FULL
  c749  1 sources  10 segments  19,586 chars: ALUSI-FULL
  c750  1 sources   9 segments  17,953 chars: ALUSI-FULL
  c751  1 sources  11 segments  18,045 chars: ALUSI-FULL
  c752  1 sources  10 segments  19,701 chars: ALUSI-FULL
  c753  1 sources   7 segments  17,199 chars: ALUSI-FULL
  c754  1 sources  10 segments  19,744 chars: ALUSI-FULL
  c755  1 sources  10 segments  19,824 chars: ALUSI-FULL
  c756  1 sources   8 segments  19,017 chars: ALUSI-FULL
  c757  1 sources   8 segments  17,599 chars: ALUSI-FULL
  c758  1 sources  10 segments  19,811 chars: ALUSI-FULL
  c759  1 sources  10 segments  19,058 chars: ALUSI-FULL
  c760  1 sources  11 segments  18,817 chars: ALUSI-FULL
  c761  1 sources  10 segments  19,677 chars: ALUSI-FULL
  c762  1 sources  11 segments  19,496 chars: ALUSI-FULL
  c763  1 sources  11 segments  18,222 chars: ALUSI-FULL
  c764  1 sources  10 segments  19,784 chars: ALUSI-FULL
  c765  1 sources  11 segments  19,815 chars: ALUSI-FULL
  c766  1 sources  12 segments  17,259 chars: ALUSI-FULL
  c767  1 sources   8 segments  19,048 chars: ALUSI-FULL
  c768  1 sources   9 segments  17,542 chars: ALUSI-FULL
  c769  1 sources   9 segments  18,983 chars: ALUSI-FULL
  c770  1 sources  11 segments  18,587 chars: ALUSI-FULL
  c771  1 sources  11 segments  17,604 chars: ALUSI-FULL
  c772  1 sources   9 segments  18,030 chars: ALUSI-FULL
  c773  1 sources  11 segments  19,864 chars: ALUSI-FULL
  c774  1 sources  11 segments  18,928 chars: ALUSI-FULL
  c775  1 sources  10 segments  18,784 chars: ALUSI-FULL
  c776  1 sources   9 segments  18,284 chars: ALUSI-FULL
  c777  1 sources  10 segments  18,239 chars: ALUSI-FULL
  c778  1 sources   9 segments  19,538 chars: ALUSI-FULL
  c779  1 sources  10 segments  17,857 chars: ALUSI-FULL
  c780  1 sources  10 segments  16,123 chars: ALUSI-FULL
  c781  1 sources  10 segments  19,696 chars: ALUSI-FULL
  c782  1 sources  13 segments  18,818 chars: ALUSI-FULL
  c783  1 sources   9 segments  18,368 chars: ALUSI-FULL
  c784  1 sources  13 segments  19,174 chars: ALUSI-FULL
  c785  1 sources  12 segments  19,780 chars: ALUSI-FULL
  c786  1 sources  10 segments  19,061 chars: ALUSI-FULL
  c787  1 sources  10 segments  19,347 chars: ALUSI-FULL
  c788  1 sources  12 segments  18,080 chars: ALUSI-FULL
  c789  1 sources  13 segments  16,571 chars: ALUSI-FULL
  c790  1 sources  10 segments  19,600 chars: ALUSI-FULL
  c791  1 sources  12 segments  19,852 chars: ALUSI-FULL
  c792  1 sources  12 segments  18,631 chars: ALUSI-FULL
  c793  1 sources   9 segments  18,964 chars: ALUSI-FULL
  c794  1 sources   9 segments  18,504 chars: ALUSI-FULL
  c795  1 sources  10 segments  18,710 chars: ALUSI-FULL
  c796  1 sources   9 segments  18,245 chars: ALUSI-FULL
  c797  1 sources  11 segments  19,242 chars: ALUSI-FULL
  c798  1 sources  10 segments  18,789 chars: ALUSI-FULL
  c799  1 sources   7 segments  18,640 chars: ALUSI-FULL
  c800  1 sources  10 segments  18,620 chars: ALUSI-FULL
  c801  1 sources  11 segments  19,818 chars: ALUSI-FULL
  c802  1 sources   8 segments  18,005 chars: ALUSI-FULL
  c803  1 sources  11 segments  19,577 chars: ALUSI-FULL
  c804  1 sources  14 segments  19,315 chars: ALUSI-FULL
  c805  1 sources   9 segments  18,469 chars: ALUSI-FULL
  c806  1 sources   8 segments  18,224 chars: ALUSI-FULL
  c807  1 sources   9 segments  19,880 chars: ALUSI-FULL
  c808  1 sources  11 segments  19,636 chars: ALUSI-FULL
  c809  1 sources  15 segments  19,966 chars: ALUSI-FULL
  c810  1 sources  13 segments  19,084 chars: ALUSI-FULL
  c811  1 sources  12 segments  18,759 chars: ALUSI-FULL
  c812  1 sources  10 segments  19,642 chars: ALUSI-FULL
  c813  1 sources   9 segments  17,509 chars: ALUSI-FULL
  c814  1 sources  12 segments  19,837 chars: ALUSI-FULL
  c815  1 sources  11 segments  18,907 chars: ALUSI-FULL
  c816  1 sources  10 segments  17,878 chars: ALUSI-FULL
  c817  1 sources  12 segments  19,703 chars: ALUSI-FULL
  c818  1 sources  12 segments  19,610 chars: ALUSI-FULL
  c819  1 sources  12 segments  19,865 chars: ALUSI-FULL
  c820  1 sources  10 segments  18,259 chars: ALUSI-FULL
  c821  1 sources  10 segments  17,025 chars: ALUSI-FULL
  c822  1 sources  12 segments  19,894 chars: ALUSI-FULL
  c823  1 sources  12 segments  19,655 chars: ALUSI-FULL
  c824  1 sources  12 segments  17,942 chars: ALUSI-FULL
  c825  1 sources  11 segments  19,828 chars: ALUSI-FULL
  c826  1 sources  11 segments  19,768 chars: ALUSI-FULL
  c827  1 sources  11 segments  19,948 chars: ALUSI-FULL
  c828  1 sources  12 segments  17,950 chars: ALUSI-FULL
  c829  1 sources  14 segments  19,696 chars: ALUSI-FULL
  c830  1 sources  10 segments  18,883 chars: ALUSI-FULL
  c831  1 sources  10 segments  18,594 chars: ALUSI-FULL
  c832  1 sources  11 segments  19,134 chars: ALUSI-FULL
  c833  1 sources  12 segments  19,392 chars: ALUSI-FULL
  c834  1 sources  12 segments  19,762 chars: ALUSI-FULL
  c835  1 sources  14 segments  18,744 chars: ALUSI-FULL
  c836  1 sources  15 segments  17,996 chars: ALUSI-FULL
  c837  1 sources  19 segments  18,531 chars: ALUSI-FULL
  c838  1 sources   9 segments  19,402 chars: ALUSI-FULL
  c839  1 sources  12 segments  19,237 chars: ALUSI-FULL
  c840  1 sources  10 segments  18,436 chars: ALUSI-FULL
  c841  1 sources  13 segments  19,203 chars: ALUSI-FULL
  c842  1 sources  10 segments  19,751 chars: ALUSI-FULL
  c843  1 sources  10 segments  18,219 chars: ALUSI-FULL
  c844  1 sources  10 segments  19,803 chars: ALUSI-FULL
  c845  1 sources  14 segments  19,479 chars: ALUSI-FULL
  c846  1 sources  10 segments  18,722 chars: ALUSI-FULL
  c847  1 sources  12 segments  19,231 chars: ALUSI-FULL
  c848  1 sources  11 segments  18,314 chars: ALUSI-FULL
  c849  1 sources  10 segments  18,537 chars: ALUSI-FULL
  c850  1 sources  11 segments  19,055 chars: ALUSI-FULL
  c851  1 sources   9 segments  18,225 chars: ALUSI-FULL
  c852  1 sources  12 segments  18,621 chars: ALUSI-FULL
  c853  1 sources  13 segments  19,195 chars: ALUSI-FULL
  c854  1 sources  12 segments  19,508 chars: ALUSI-FULL
  c855  1 sources  13 segments  18,671 chars: ALUSI-FULL
  c856  1 sources  11 segments  19,946 chars: ALUSI-FULL
  c857  1 sources  10 segments  18,037 chars: ALUSI-FULL
  c858  1 sources  11 segments  17,539 chars: ALUSI-FULL
  c859  1 sources  11 segments  19,002 chars: ALUSI-FULL
  c860  1 sources  15 segments  18,191 chars: ALUSI-FULL
  c861  1 sources  13 segments  19,978 chars: ALUSI-FULL
  c862  1 sources  15 segments  18,145 chars: ALUSI-FULL
  c863  1 sources  11 segments  19,894 chars: ALUSI-FULL
  c864  1 sources  13 segments  19,365 chars: ALUSI-FULL
  c865  1 sources  10 segments  17,787 chars: ALUSI-FULL
  c866  1 sources  12 segments  18,185 chars: ALUSI-FULL
  c867  1 sources  15 segments  18,828 chars: ALUSI-FULL
  c868  1 sources  13 segments  19,628 chars: ALUSI-FULL
  c869  1 sources  11 segments  18,705 chars: ALUSI-FULL
  c870  1 sources  11 segments  17,932 chars: ALUSI-FULL
  c871  1 sources  10 segments  17,585 chars: ALUSI-FULL
  c872  1 sources  11 segments  19,932 chars: ALUSI-FULL
  c873  1 sources  14 segments  17,741 chars: ALUSI-FULL
  c874  1 sources  18 segments  19,480 chars: ALUSI-FULL
  c875  1 sources  13 segments  18,961 chars: ALUSI-FULL
  c876  1 sources  15 segments  18,798 chars: ALUSI-FULL
  c877  1 sources  10 segments  19,611 chars: ALUSI-FULL
  c878  1 sources  11 segments  19,589 chars: ALUSI-FULL
  c879  1 sources  12 segments  17,209 chars: ALUSI-FULL
  c880  1 sources   9 segments  19,504 chars: ALUSI-FULL
  c881  1 sources  13 segments  19,118 chars: ALUSI-FULL
  c882  1 sources  13 segments  18,423 chars: ALUSI-FULL
  c883  1 sources  10 segments  17,766 chars: ALUSI-FULL
  c884  1 sources  15 segments  19,492 chars: ALUSI-FULL
  c885  1 sources  23 segments  19,792 chars: ALUSI-FULL
  c886  1 sources  14 segments  19,737 chars: ALUSI-FULL
  c887  1 sources  14 segments  17,834 chars: ALUSI-FULL
  c888  1 sources  11 segments  18,699 chars: ALUSI-FULL
  c889  1 sources  12 segments  19,793 chars: ALUSI-FULL
  c890  1 sources  11 segments  18,059 chars: ALUSI-FULL
  c891  1 sources  11 segments  19,966 chars: ALUSI-FULL
  c892  1 sources  14 segments  19,061 chars: ALUSI-FULL
  c893  1 sources  16 segments  19,835 chars: ALUSI-FULL
  c894  1 sources  22 segments  19,690 chars: ALUSI-FULL
  c895  1 sources  13 segments  17,297 chars: ALUSI-FULL
  c896  1 sources  13 segments  18,623 chars: ALUSI-FULL
  c897  1 sources  15 segments  17,894 chars: ALUSI-FULL
  c898  1 sources  17 segments  19,338 chars: ALUSI-FULL
  c899  1 sources  18 segments  19,156 chars: ALUSI-FULL
  c900  1 sources   4 segments   5,081 chars: ALUSI-FULL
  c901  1 sources  17 segments  19,175 chars: BAGHAWI-FULL
  c902  1 sources  15 segments  19,616 chars: BAGHAWI-FULL
  c903  1 sources  20 segments  19,745 chars: BAGHAWI-FULL
  c904  1 sources  16 segments  19,439 chars: BAGHAWI-FULL
  c905  1 sources  13 segments  19,536 chars: BAGHAWI-FULL
  c906  1 sources  13 segments  19,727 chars: BAGHAWI-FULL
  c907  1 sources  14 segments  19,321 chars: BAGHAWI-FULL
  c908  1 sources  13 segments  19,391 chars: BAGHAWI-FULL
  c909  1 sources  17 segments  19,386 chars: BAGHAWI-FULL
  c910  1 sources  20 segments  18,368 chars: BAGHAWI-FULL
  c911  1 sources  17 segments  18,599 chars: BAGHAWI-FULL
  c912  1 sources  18 segments  18,578 chars: BAGHAWI-FULL
  c913  1 sources  15 segments  19,931 chars: BAGHAWI-FULL
  c914  1 sources  16 segments  19,356 chars: BAGHAWI-FULL
  c915  1 sources  17 segments  19,192 chars: BAGHAWI-FULL
  c916  1 sources  17 segments  18,967 chars: BAGHAWI-FULL
  c917  1 sources  20 segments  19,582 chars: BAGHAWI-FULL
  c918  1 sources  19 segments  19,857 chars: BAGHAWI-FULL
  c919  1 sources  21 segments  19,155 chars: BAGHAWI-FULL
  c920  1 sources  20 segments  19,971 chars: BAGHAWI-FULL
  c921  1 sources  22 segments  19,961 chars: BAGHAWI-FULL
  c922  1 sources  22 segments  19,200 chars: BAGHAWI-FULL
  c923  1 sources  24 segments  19,621 chars: BAGHAWI-FULL
  c924  1 sources  24 segments  19,925 chars: BAGHAWI-FULL
  c925  1 sources  19 segments  18,383 chars: BAGHAWI-FULL
  c926  1 sources  19 segments  19,522 chars: BAGHAWI-FULL
  c927  1 sources  16 segments  18,949 chars: BAGHAWI-FULL
  c928  1 sources  13 segments  19,133 chars: BAGHAWI-FULL
  c929  1 sources  18 segments  19,409 chars: BAGHAWI-FULL
  c930  1 sources  15 segments  19,179 chars: BAGHAWI-FULL
  c931  1 sources  13 segments  19,657 chars: BAGHAWI-FULL
  c932  1 sources  13 segments  19,824 chars: BAGHAWI-FULL
  c933  1 sources  16 segments  19,887 chars: BAGHAWI-FULL
  c934  1 sources  22 segments  19,839 chars: BAGHAWI-FULL
  c935  1 sources  15 segments  19,354 chars: BAGHAWI-FULL
  c936  1 sources  14 segments  19,589 chars: BAGHAWI-FULL
  c937  1 sources  16 segments  19,137 chars: BAGHAWI-FULL
  c938  1 sources  20 segments  19,933 chars: BAGHAWI-FULL
  c939  1 sources  22 segments  19,854 chars: BAGHAWI-FULL
  c940  1 sources  21 segments  19,661 chars: BAGHAWI-FULL
  c941  1 sources  17 segments  18,416 chars: BAGHAWI-FULL
  c942  1 sources  19 segments  19,206 chars: BAGHAWI-FULL
  c943  1 sources  24 segments  19,698 chars: BAGHAWI-FULL
  c944  1 sources  27 segments  19,196 chars: BAGHAWI-FULL
  c945  1 sources  21 segments  19,272 chars: BAGHAWI-FULL
  c946  1 sources  23 segments  19,607 chars: BAGHAWI-FULL
  c947  1 sources  21 segments  19,208 chars: BAGHAWI-FULL
  c948  1 sources  19 segments  19,733 chars: BAGHAWI-FULL
  c949  1 sources  16 segments  19,983 chars: BAGHAWI-FULL
  c950  1 sources  14 segments  18,787 chars: BAGHAWI-FULL
  c951  1 sources  18 segments  18,772 chars: BAGHAWI-FULL
  c952  1 sources  16 segments  19,615 chars: BAGHAWI-FULL
  c953  1 sources  15 segments  19,678 chars: BAGHAWI-FULL
  c954  1 sources   5 segments   5,135 chars: BAGHAWI-FULL
  c955  1 sources  15 segments  19,359 chars: BAYDAWI-FULL
  c956  1 sources  25 segments  19,913 chars: BAYDAWI-FULL
  c957  1 sources  20 segments  18,648 chars: BAYDAWI-FULL
  c958  1 sources  16 segments  19,960 chars: BAYDAWI-FULL
  c959  1 sources  21 segments  19,719 chars: BAYDAWI-FULL
  c960  1 sources  19 segments  18,590 chars: BAYDAWI-FULL
  c961  1 sources  18 segments  19,348 chars: BAYDAWI-FULL
  c962  1 sources  17 segments  18,988 chars: BAYDAWI-FULL
  c963  1 sources  17 segments  19,393 chars: BAYDAWI-FULL
  c964  1 sources  25 segments  19,863 chars: BAYDAWI-FULL
  c965  1 sources  21 segments  19,534 chars: BAYDAWI-FULL
  c966  1 sources  28 segments  18,964 chars: BAYDAWI-FULL
  c967  1 sources  22 segments  19,498 chars: BAYDAWI-FULL
  c968  1 sources  22 segments  19,848 chars: BAYDAWI-FULL
  c969  1 sources  21 segments  19,321 chars: BAYDAWI-FULL
  c970  1 sources  25 segments  19,340 chars: BAYDAWI-FULL
  c971  1 sources  28 segments  19,912 chars: BAYDAWI-FULL
  c972  1 sources  23 segments  19,242 chars: BAYDAWI-FULL
  c973  1 sources  20 segments  19,805 chars: BAYDAWI-FULL
  c974  1 sources  22 segments  19,609 chars: BAYDAWI-FULL
  c975  1 sources  19 segments  19,408 chars: BAYDAWI-FULL
  c976  1 sources  21 segments  19,492 chars: BAYDAWI-FULL
  c977  1 sources  18 segments  19,356 chars: BAYDAWI-FULL
  c978  1 sources  22 segments  19,587 chars: BAYDAWI-FULL
  c979  1 sources  23 segments  19,759 chars: BAYDAWI-FULL
  c980  1 sources  17 segments  19,091 chars: BAYDAWI-FULL
  c981  1 sources  21 segments  19,754 chars: BAYDAWI-FULL
  c982  1 sources  22 segments  19,369 chars: BAYDAWI-FULL
  c983  1 sources  20 segments  18,720 chars: BAYDAWI-FULL
  c984  1 sources  21 segments  19,609 chars: BAYDAWI-FULL
  c985  1 sources  24 segments  19,720 chars: BAYDAWI-FULL
  c986  1 sources  20 segments  19,740 chars: BAYDAWI-FULL
  c987  1 sources  29 segments  19,695 chars: BAYDAWI-FULL
  c988  1 sources  27 segments  19,749 chars: BAYDAWI-FULL
  c989  1 sources   8 segments  12,194 chars: BINTSHATI
  c990  1 sources   9 segments  17,921 chars: BIQAI-FULL
  c991  1 sources   9 segments  19,670 chars: BIQAI-FULL
  c992  1 sources   9 segments  18,198 chars: BIQAI-FULL
  c993  1 sources   7 segments  18,142 chars: BIQAI-FULL
  c994  1 sources   8 segments  18,902 chars: BIQAI-FULL
  c995  1 sources   9 segments  19,589 chars: BIQAI-FULL
  c996  1 sources   9 segments  17,732 chars: BIQAI-FULL
  c997  1 sources   6 segments  19,001 chars: BIQAI-FULL
  c998  1 sources   7 segments  16,739 chars: BIQAI-FULL
  c999  1 sources   8 segments  18,544 chars: BIQAI-FULL
  c1000  1 sources   8 segments  17,620 chars: BIQAI-FULL
  c1001  1 sources   9 segments  19,925 chars: BIQAI-FULL
  c1002  1 sources   9 segments  18,145 chars: BIQAI-FULL
  c1003  1 sources   8 segments  17,932 chars: BIQAI-FULL
  c1004  1 sources   8 segments  16,902 chars: BIQAI-FULL
  c1005  1 sources   7 segments  18,430 chars: BIQAI-FULL
  c1006  1 sources   8 segments  19,002 chars: BIQAI-FULL
  c1007  1 sources   9 segments  18,929 chars: BIQAI-FULL
  c1008  1 sources   7 segments  18,850 chars: BIQAI-FULL
  c1009  1 sources   7 segments  17,475 chars: BIQAI-FULL
  c1010  1 sources   6 segments  19,946 chars: BIQAI-FULL
  c1011  1 sources   8 segments  19,598 chars: BIQAI-FULL
  c1012  1 sources   8 segments  18,167 chars: BIQAI-FULL
  c1013  1 sources   8 segments  18,610 chars: BIQAI-FULL
  c1014  1 sources   6 segments  18,373 chars: BIQAI-FULL
  c1015  1 sources   6 segments  17,817 chars: BIQAI-FULL
  c1016  1 sources   8 segments  19,007 chars: BIQAI-FULL
  c1017  1 sources   8 segments  18,829 chars: BIQAI-FULL
  c1018  1 sources   8 segments  17,644 chars: BIQAI-FULL
  c1019  1 sources   8 segments  19,256 chars: BIQAI-FULL
  c1020  1 sources   6 segments  18,029 chars: BIQAI-FULL
  c1021  1 sources   7 segments  17,905 chars: BIQAI-FULL
  c1022  1 sources   8 segments  18,188 chars: BIQAI-FULL
  c1023  1 sources   8 segments  18,787 chars: BIQAI-FULL
  c1024  1 sources  10 segments  19,686 chars: BIQAI-FULL
  c1025  1 sources   8 segments  19,301 chars: BIQAI-FULL
  c1026  1 sources   8 segments  18,679 chars: BIQAI-FULL
  c1027  1 sources   7 segments  17,178 chars: BIQAI-FULL
  c1028  1 sources   7 segments  19,867 chars: BIQAI-FULL
  c1029  1 sources   9 segments  19,466 chars: BIQAI-FULL
  c1030  1 sources   7 segments  16,134 chars: BIQAI-FULL
  c1031  1 sources   6 segments  18,583 chars: BIQAI-FULL
  c1032  1 sources   6 segments  17,773 chars: BIQAI-FULL
  c1033  1 sources   8 segments  19,844 chars: BIQAI-FULL
  c1034  1 sources   8 segments  17,203 chars: BIQAI-FULL
  c1035  1 sources   8 segments  17,370 chars: BIQAI-FULL
  c1036  1 sources   7 segments  18,298 chars: BIQAI-FULL
  c1037  1 sources   7 segments  17,052 chars: BIQAI-FULL
  c1038  1 sources   8 segments  19,175 chars: BIQAI-FULL
  c1039  1 sources   8 segments  17,772 chars: BIQAI-FULL
  c1040  1 sources   9 segments  19,239 chars: BIQAI-FULL
  c1041  1 sources   8 segments  19,595 chars: BIQAI-FULL
  c1042  1 sources   6 segments  16,792 chars: BIQAI-FULL
  c1043  1 sources   7 segments  17,925 chars: BIQAI-FULL
  c1044  1 sources   8 segments  17,039 chars: BIQAI-FULL
  c1045  1 sources   8 segments  19,607 chars: BIQAI-FULL
  c1046  1 sources   8 segments  18,385 chars: BIQAI-FULL
  c1047  1 sources   7 segments  18,928 chars: BIQAI-FULL
  c1048  1 sources   6 segments  18,503 chars: BIQAI-FULL
  c1049  1 sources   8 segments  19,523 chars: BIQAI-FULL
  c1050  1 sources  10 segments  19,943 chars: BIQAI-FULL
  c1051  1 sources   8 segments  17,648 chars: BIQAI-FULL
  c1052  1 sources   8 segments  18,897 chars: BIQAI-FULL
  c1053  1 sources   8 segments  19,734 chars: BIQAI-FULL
  c1054  1 sources   6 segments  16,629 chars: BIQAI-FULL
  c1055  1 sources   7 segments  17,121 chars: BIQAI-FULL
  c1056  1 sources   6 segments  18,933 chars: BIQAI-FULL
  c1057  1 sources   9 segments  18,821 chars: BIQAI-FULL
  c1058  1 sources   7 segments  19,968 chars: BIQAI-FULL
  c1059  1 sources   6 segments  17,442 chars: BIQAI-FULL
  c1060  1 sources   8 segments  18,442 chars: BIQAI-FULL
  c1061  1 sources   6 segments  17,396 chars: BIQAI-FULL
  c1062  1 sources   7 segments  17,256 chars: BIQAI-FULL
  c1063  1 sources   8 segments  19,885 chars: BIQAI-FULL
  c1064  1 sources   9 segments  19,379 chars: BIQAI-FULL
  c1065  1 sources   8 segments  19,314 chars: BIQAI-FULL
  c1066  1 sources   8 segments  16,842 chars: BIQAI-FULL
  c1067  1 sources   7 segments  19,554 chars: BIQAI-FULL
  c1068  1 sources   8 segments  18,932 chars: BIQAI-FULL
  c1069  1 sources   7 segments  19,365 chars: BIQAI-FULL
  c1070  1 sources   5 segments  17,251 chars: BIQAI-FULL
  c1071  1 sources   5 segments  17,028 chars: BIQAI-FULL
  c1072  1 sources   6 segments  19,147 chars: BIQAI-FULL
  c1073  1 sources   7 segments  19,059 chars: BIQAI-FULL
  c1074  1 sources   7 segments  18,513 chars: BIQAI-FULL
  c1075  1 sources   7 segments  18,310 chars: BIQAI-FULL
  c1076  1 sources   9 segments  19,929 chars: BIQAI-FULL
  c1077  1 sources   8 segments  18,660 chars: BIQAI-FULL
  c1078  1 sources   7 segments  17,017 chars: BIQAI-FULL
  c1079  1 sources   8 segments  17,905 chars: BIQAI-FULL
  c1080  1 sources   7 segments  19,501 chars: BIQAI-FULL
  c1081  1 sources   7 segments  16,081 chars: BIQAI-FULL
  c1082  1 sources   7 segments  19,638 chars: BIQAI-FULL
  c1083  1 sources   7 segments  17,179 chars: BIQAI-FULL
  c1084  1 sources   6 segments  16,943 chars: BIQAI-FULL
  c1085  1 sources   7 segments  19,962 chars: BIQAI-FULL
  c1086  1 sources  10 segments  19,858 chars: BIQAI-FULL
  c1087  1 sources   8 segments  18,377 chars: BIQAI-FULL
  c1088  1 sources   8 segments  18,558 chars: BIQAI-FULL
  c1089  1 sources   8 segments  19,407 chars: BIQAI-FULL
  c1090  1 sources   7 segments  19,239 chars: BIQAI-FULL
  c1091  1 sources   6 segments  17,692 chars: BIQAI-FULL
  c1092  1 sources   6 segments  19,412 chars: BIQAI-FULL
  c1093  1 sources   7 segments  17,898 chars: BIQAI-FULL
  c1094  1 sources   7 segments  18,704 chars: BIQAI-FULL
  c1095  1 sources   7 segments  19,385 chars: BIQAI-FULL
  c1096  1 sources   8 segments  19,169 chars: BIQAI-FULL
  c1097  1 sources   8 segments  19,187 chars: BIQAI-FULL
  c1098  1 sources   7 segments  18,435 chars: BIQAI-FULL
  c1099  1 sources   8 segments  19,877 chars: BIQAI-FULL
  c1100  1 sources   8 segments  19,279 chars: BIQAI-FULL
  c1101  1 sources   9 segments  19,430 chars: BIQAI-FULL
  c1102  1 sources   7 segments  17,764 chars: BIQAI-FULL
  c1103  1 sources   7 segments  19,701 chars: BIQAI-FULL
  c1104  1 sources   9 segments  19,322 chars: BIQAI-FULL
  c1105  1 sources   7 segments  19,052 chars: BIQAI-FULL
  c1106  1 sources   9 segments  18,869 chars: BIQAI-FULL
  c1107  1 sources   8 segments  19,704 chars: BIQAI-FULL
  c1108  1 sources   9 segments  19,691 chars: BIQAI-FULL
  c1109  1 sources   9 segments  18,868 chars: BIQAI-FULL
  c1110  1 sources   9 segments  18,054 chars: BIQAI-FULL
  c1111  1 sources   8 segments  18,293 chars: BIQAI-FULL
  c1112  1 sources   8 segments  17,142 chars: BIQAI-FULL
  c1113  1 sources   8 segments  18,745 chars: BIQAI-FULL
  c1114  1 sources   6 segments  18,935 chars: BIQAI-FULL
  c1115  1 sources   7 segments  17,755 chars: BIQAI-FULL
  c1116  1 sources   8 segments  17,682 chars: BIQAI-FULL
  c1117  1 sources   6 segments  16,974 chars: BIQAI-FULL
  c1118  1 sources   7 segments  17,155 chars: BIQAI-FULL
  c1119  1 sources   9 segments  19,741 chars: BIQAI-FULL
  c1120  1 sources   9 segments  19,365 chars: BIQAI-FULL
  c1121  1 sources   6 segments  17,307 chars: BIQAI-FULL
  c1122  1 sources   7 segments  19,683 chars: BIQAI-FULL
  c1123  1 sources   8 segments  19,972 chars: BIQAI-FULL
  c1124  1 sources  10 segments  19,879 chars: BIQAI-FULL
  c1125  1 sources   8 segments  18,168 chars: BIQAI-FULL
  c1126  1 sources   6 segments  16,942 chars: BIQAI-FULL
  c1127  1 sources   7 segments  18,157 chars: BIQAI-FULL
  c1128  1 sources   6 segments  18,120 chars: BIQAI-FULL
  c1129  1 sources   8 segments  17,506 chars: BIQAI-FULL
  c1130  1 sources   7 segments  18,203 chars: BIQAI-FULL
  c1131  1 sources   8 segments  17,263 chars: BIQAI-FULL
  c1132  1 sources   6 segments  17,925 chars: BIQAI-FULL
  c1133  1 sources   7 segments  18,422 chars: BIQAI-FULL
  c1134  1 sources   8 segments  19,394 chars: BIQAI-FULL
  c1135  1 sources   9 segments  18,235 chars: BIQAI-FULL
  c1136  1 sources   7 segments  17,155 chars: BIQAI-FULL
  c1137  1 sources   8 segments  18,432 chars: BIQAI-FULL
  c1138  1 sources   8 segments  18,649 chars: BIQAI-FULL
  c1139  1 sources   7 segments  19,724 chars: BIQAI-FULL
  c1140  1 sources  10 segments  19,988 chars: BIQAI-FULL
  c1141  1 sources   9 segments  19,863 chars: BIQAI-FULL
  c1142  1 sources   7 segments  19,584 chars: BIQAI-FULL
  c1143  1 sources   8 segments  19,435 chars: BIQAI-FULL
  c1144  1 sources   7 segments  18,555 chars: BIQAI-FULL
  c1145  1 sources   7 segments  16,465 chars: BIQAI-FULL
  c1146  1 sources   6 segments  18,769 chars: BIQAI-FULL
  c1147  1 sources   2 segments   2,822 chars: BIQAI-FULL
  c1148  1 sources  11 segments  18,939 chars: DURR-FULL
  c1149  1 sources  12 segments  19,801 chars: DURR-FULL
  c1150  1 sources  11 segments  18,570 chars: DURR-FULL
  c1151  1 sources  11 segments  18,727 chars: DURR-FULL
  c1152  1 sources  12 segments  19,923 chars: DURR-FULL
  c1153  1 sources  11 segments  18,665 chars: DURR-FULL
  c1154  1 sources  11 segments  18,753 chars: DURR-FULL
  c1155  1 sources  11 segments  18,540 chars: DURR-FULL
  c1156  1 sources  11 segments  19,103 chars: DURR-FULL
  c1157  1 sources  12 segments  19,654 chars: DURR-FULL
  c1158  1 sources  12 segments  19,768 chars: DURR-FULL
  c1159  1 sources  11 segments  18,315 chars: DURR-FULL
  c1160  1 sources  11 segments  18,653 chars: DURR-FULL
  c1161  1 sources  11 segments  18,786 chars: DURR-FULL
  c1162  1 sources  11 segments  18,978 chars: DURR-FULL
  c1163  1 sources  12 segments  19,953 chars: DURR-FULL
  c1164  1 sources  11 segments  18,701 chars: DURR-FULL
  c1165  1 sources  11 segments  18,470 chars: DURR-FULL
  c1166  1 sources  11 segments  18,929 chars: DURR-FULL
  c1167  1 sources  11 segments  18,455 chars: DURR-FULL
  c1168  1 sources  11 segments  18,367 chars: DURR-FULL
  c1169  1 sources  11 segments  18,288 chars: DURR-FULL
  c1170  1 sources  11 segments  19,037 chars: DURR-FULL
  c1171  1 sources  11 segments  18,721 chars: DURR-FULL
  c1172  1 sources  10 segments  18,390 chars: DURR-FULL
  c1173  1 sources  12 segments  19,180 chars: DURR-FULL
  c1174  1 sources  12 segments  19,914 chars: DURR-FULL
  c1175  1 sources  11 segments  19,148 chars: DURR-FULL
  c1176  1 sources  11 segments  18,659 chars: DURR-FULL
  c1177  1 sources  12 segments  19,863 chars: DURR-FULL
  c1178  1 sources  11 segments  19,307 chars: DURR-FULL
  c1179  1 sources  11 segments  18,747 chars: DURR-FULL
  c1180  1 sources  11 segments  18,757 chars: DURR-FULL
  c1181  1 sources  12 segments  19,725 chars: DURR-FULL
  c1182  1 sources  12 segments  19,815 chars: DURR-FULL
  c1183  1 sources  12 segments  19,440 chars: DURR-FULL
  c1184  1 sources  12 segments  19,719 chars: DURR-FULL
  c1185  1 sources  11 segments  18,457 chars: DURR-FULL
  c1186  1 sources  12 segments  19,788 chars: DURR-FULL
  c1187  1 sources  12 segments  19,670 chars: DURR-FULL
  c1188  1 sources  12 segments  19,115 chars: DURR-FULL
  c1189  1 sources  12 segments  19,419 chars: DURR-FULL
  c1190  1 sources  12 segments  19,999 chars: DURR-FULL
  c1191  1 sources  12 segments  19,605 chars: DURR-FULL
  c1192  1 sources  11 segments  18,519 chars: DURR-FULL
  c1193  1 sources  10 segments  18,255 chars: DURR-FULL
  c1194  1 sources  11 segments  19,095 chars: DURR-FULL
  c1195  1 sources  11 segments  18,236 chars: DURR-FULL
  c1196  1 sources  11 segments  18,627 chars: DURR-FULL
  c1197  1 sources  12 segments  19,981 chars: DURR-FULL
  c1198  1 sources  12 segments  19,799 chars: DURR-FULL
  c1199  1 sources  12 segments  18,429 chars: DURR-FULL
  c1200  1 sources  12 segments  19,889 chars: DURR-FULL
  c1201  1 sources  11 segments  19,009 chars: DURR-FULL
  c1202  1 sources  11 segments  19,229 chars: DURR-FULL
  c1203  1 sources  11 segments  18,823 chars: DURR-FULL
  c1204  1 sources  12 segments  18,918 chars: DURR-FULL
  c1205  1 sources  11 segments  18,509 chars: DURR-FULL
  c1206  1 sources  11 segments  18,848 chars: DURR-FULL
  c1207  1 sources  11 segments  18,801 chars: DURR-FULL
  c1208  1 sources  12 segments  19,811 chars: DURR-FULL
  c1209  1 sources  12 segments  19,677 chars: DURR-FULL
  c1210  1 sources  12 segments  19,557 chars: DURR-FULL
  c1211  1 sources  12 segments  19,984 chars: DURR-FULL
  c1212  1 sources  11 segments  18,390 chars: DURR-FULL
  c1213  1 sources  11 segments  19,132 chars: DURR-FULL
  c1214  1 sources  13 segments  19,580 chars: DURR-FULL
  c1215  1 sources  12 segments  18,676 chars: DURR-FULL
  c1216  1 sources  12 segments  19,985 chars: DURR-FULL
  c1217  1 sources  10 segments  18,357 chars: DURR-FULL
  c1218  1 sources  11 segments  19,861 chars: DURR-FULL
  c1219  1 sources  12 segments  18,787 chars: DURR-FULL
  c1220  1 sources  11 segments  18,513 chars: DURR-FULL
  c1221  1 sources  11 segments  18,692 chars: DURR-FULL
  c1222  1 sources  12 segments  19,082 chars: DURR-FULL
  c1223  1 sources   6 segments   9,433 chars: DURR-FULL
  c1224  1 sources  15 segments  19,852 chars: IBNABIHATIM
  c1225  1 sources  16 segments  19,484 chars: IBNABIHATIM
  c1226  1 sources  16 segments  19,133 chars: IBNABIHATIM
  c1227  1 sources  15 segments  19,588 chars: IBNABIHATIM
  c1228  1 sources  15 segments  18,573 chars: IBNABIHATIM
  c1229  1 sources  15 segments  19,927 chars: IBNABIHATIM
  c1230  1 sources  12 segments  19,102 chars: IBNABIHATIM
  c1231  1 sources  13 segments  19,989 chars: IBNABIHATIM
  c1232  1 sources  16 segments  19,651 chars: IBNABIHATIM
  c1233  1 sources  17 segments  19,374 chars: IBNABIHATIM
  c1234  1 sources  14 segments  19,643 chars: IBNABIHATIM
  c1235  1 sources  15 segments  18,991 chars: IBNABIHATIM
  c1236  1 sources  16 segments  19,511 chars: IBNABIHATIM
  c1237  1 sources  19 segments  19,657 chars: IBNABIHATIM
  c1238  1 sources  12 segments  18,326 chars: IBNABIHATIM
  c1239  1 sources  13 segments  19,742 chars: IBNABIHATIM
  c1240  1 sources  21 segments  19,729 chars: IBNABIHATIM
  c1241  1 sources  17 segments  19,704 chars: IBNABIHATIM
  c1242  1 sources  15 segments  18,428 chars: IBNABIHATIM
  c1243  1 sources  15 segments  19,440 chars: IBNABIHATIM
  c1244  1 sources  14 segments  19,553 chars: IBNABIHATIM
  c1245  1 sources  16 segments  18,747 chars: IBNABIHATIM
  c1246  1 sources  16 segments  18,277 chars: IBNABIHATIM
  c1247  1 sources  18 segments  18,871 chars: IBNABIHATIM
  c1248  1 sources  20 segments  19,735 chars: IBNABIHATIM
  c1249  1 sources  22 segments  19,841 chars: IBNABIHATIM
  c1250  1 sources  16 segments  19,560 chars: IBNABIHATIM
  c1251  1 sources  16 segments  19,346 chars: IBNABIHATIM
  c1252  1 sources  15 segments  19,637 chars: IBNABIHATIM
  c1253  1 sources  19 segments  19,007 chars: IBNABIHATIM
  c1254  1 sources  23 segments  19,581 chars: IBNABIHATIM
  c1255  1 sources  14 segments  19,952 chars: IBNABIHATIM
  c1256  1 sources  20 segments  19,686 chars: IBNABIHATIM
  c1257  1 sources  14 segments  18,694 chars: IBNABIHATIM
  c1258  1 sources  25 segments  19,386 chars: IBNABIHATIM
  c1259  1 sources  23 segments  18,612 chars: IBNABIHATIM
  c1260  1 sources  35 segments  19,757 chars: IBNABIHATIM
  c1261  1 sources  39 segments  16,682 chars: IBNABIHATIM
  c1262  1 sources  11 segments  19,630 chars: IBNASHUR-FULL
  c1263  1 sources  11 segments  19,734 chars: IBNASHUR-FULL
  c1264  1 sources  11 segments  19,405 chars: IBNASHUR-FULL
  c1265  1 sources  11 segments  18,365 chars: IBNASHUR-FULL
  c1266  1 sources  13 segments  18,317 chars: IBNASHUR-FULL
  c1267  1 sources  11 segments  18,640 chars: IBNASHUR-FULL
  c1268  1 sources  14 segments  19,785 chars: IBNASHUR-FULL
  c1269  1 sources  13 segments  18,854 chars: IBNASHUR-FULL
  c1270  1 sources  11 segments  18,670 chars: IBNASHUR-FULL
  c1271  1 sources  11 segments  18,120 chars: IBNASHUR-FULL
  c1272  1 sources  12 segments  18,659 chars: IBNASHUR-FULL
  c1273  1 sources  12 segments  18,328 chars: IBNASHUR-FULL
  c1274  1 sources  11 segments  19,123 chars: IBNASHUR-FULL
  c1275  1 sources  13 segments  19,714 chars: IBNASHUR-FULL
  c1276  1 sources  11 segments  19,985 chars: IBNASHUR-FULL
  c1277  1 sources  13 segments  19,025 chars: IBNASHUR-FULL
  c1278  1 sources  11 segments  19,767 chars: IBNASHUR-FULL
  c1279  1 sources  12 segments  19,826 chars: IBNASHUR-FULL
  c1280  1 sources  10 segments  18,554 chars: IBNASHUR-FULL
  c1281  1 sources  13 segments  18,849 chars: IBNASHUR-FULL
  c1282  1 sources  15 segments  19,786 chars: IBNASHUR-FULL
  c1283  1 sources  13 segments  19,198 chars: IBNASHUR-FULL
  c1284  1 sources  14 segments  18,280 chars: IBNASHUR-FULL
  c1285  1 sources  11 segments  17,804 chars: IBNASHUR-FULL
  c1286  1 sources  13 segments  18,873 chars: IBNASHUR-FULL
  c1287  1 sources  11 segments  19,990 chars: IBNASHUR-FULL
  c1288  1 sources  13 segments  19,809 chars: IBNASHUR-FULL
  c1289  1 sources  12 segments  19,493 chars: IBNASHUR-FULL
  c1290  1 sources  11 segments  18,905 chars: IBNASHUR-FULL
  c1291  1 sources  11 segments  19,769 chars: IBNASHUR-FULL
  c1292  1 sources  13 segments  19,709 chars: IBNASHUR-FULL
  c1293  1 sources  11 segments  18,624 chars: IBNASHUR-FULL
  c1294  1 sources  10 segments  18,746 chars: IBNASHUR-FULL
  c1295  1 sources  12 segments  18,941 chars: IBNASHUR-FULL
  c1296  1 sources  12 segments  19,095 chars: IBNASHUR-FULL
  c1297  1 sources  12 segments  19,733 chars: IBNASHUR-FULL
  c1298  1 sources  13 segments  19,538 chars: IBNASHUR-FULL
  c1299  1 sources  14 segments  19,371 chars: IBNASHUR-FULL
  c1300  1 sources  12 segments  18,743 chars: IBNASHUR-FULL
  c1301  1 sources  10 segments  18,587 chars: IBNASHUR-FULL
  c1302  1 sources  10 segments  18,134 chars: IBNASHUR-FULL
  c1303  1 sources  11 segments  19,235 chars: IBNASHUR-FULL
  c1304  1 sources  13 segments  19,065 chars: IBNASHUR-FULL
  c1305  1 sources  13 segments  19,129 chars: IBNASHUR-FULL
  c1306  1 sources  13 segments  19,898 chars: IBNASHUR-FULL
  c1307  1 sources  13 segments  19,721 chars: IBNASHUR-FULL
  c1308  1 sources  12 segments  19,018 chars: IBNASHUR-FULL
  c1309  1 sources  11 segments  19,595 chars: IBNASHUR-FULL
  c1310  1 sources  11 segments  19,720 chars: IBNASHUR-FULL
  c1311  1 sources  11 segments  19,469 chars: IBNASHUR-FULL
  c1312  1 sources  11 segments  19,623 chars: IBNASHUR-FULL
  c1313  1 sources  13 segments  18,465 chars: IBNASHUR-FULL
  c1314  1 sources  10 segments  18,036 chars: IBNASHUR-FULL
  c1315  1 sources  11 segments  19,890 chars: IBNASHUR-FULL
  c1316  1 sources  12 segments  17,670 chars: IBNASHUR-FULL
  c1317  1 sources  13 segments  18,201 chars: IBNASHUR-FULL
  c1318  1 sources  14 segments  19,329 chars: IBNASHUR-FULL
  c1319  1 sources  13 segments  19,631 chars: IBNASHUR-FULL
  c1320  1 sources  13 segments  19,563 chars: IBNASHUR-FULL
  c1321  1 sources  14 segments  18,099 chars: IBNASHUR-FULL
  c1322  1 sources  15 segments  19,968 chars: IBNASHUR-FULL
  c1323  1 sources  14 segments  19,688 chars: IBNASHUR-FULL
  c1324  1 sources  16 segments  19,301 chars: IBNASHUR-FULL
  c1325  1 sources  17 segments  19,643 chars: IBNASHUR-FULL
  c1326  1 sources  13 segments  19,086 chars: IBNASHUR-FULL
  c1327  1 sources  12 segments  18,848 chars: IBNASHUR-FULL
  c1328  1 sources  14 segments  19,581 chars: IBNASHUR-FULL
  c1329  1 sources  14 segments  19,533 chars: IBNASHUR-FULL
  c1330  1 sources  13 segments  19,916 chars: IBNASHUR-FULL
  c1331  1 sources  12 segments  18,886 chars: IBNASHUR-FULL
  c1332  1 sources  14 segments  18,639 chars: IBNASHUR-FULL
  c1333  1 sources  11 segments  19,232 chars: IBNASHUR-FULL
  c1334  1 sources  12 segments  19,493 chars: IBNASHUR-FULL
  c1335  1 sources  12 segments  19,052 chars: IBNASHUR-FULL
  c1336  1 sources  13 segments  18,798 chars: IBNASHUR-FULL
  c1337  1 sources  12 segments  19,747 chars: IBNASHUR-FULL
  c1338  1 sources  11 segments  18,911 chars: IBNASHUR-FULL
  c1339  1 sources  12 segments  19,975 chars: IBNASHUR-FULL
  c1340  1 sources  12 segments  18,916 chars: IBNASHUR-FULL
  c1341  1 sources  14 segments  19,892 chars: IBNASHUR-FULL
  c1342  1 sources  11 segments  18,478 chars: IBNASHUR-FULL
  c1343  1 sources  14 segments  19,864 chars: IBNASHUR-FULL
  c1344  1 sources  14 segments  19,473 chars: IBNASHUR-FULL
  c1345  1 sources  13 segments  19,123 chars: IBNASHUR-FULL
  c1346  1 sources  10 segments  18,850 chars: IBNASHUR-FULL
  c1347  1 sources  11 segments  18,544 chars: IBNASHUR-FULL
  c1348  1 sources  12 segments  19,688 chars: IBNASHUR-FULL
  c1349  1 sources  12 segments  19,497 chars: IBNASHUR-FULL
  c1350  1 sources  11 segments  19,393 chars: IBNASHUR-FULL
  c1351  1 sources  12 segments  19,809 chars: IBNASHUR-FULL
  c1352  1 sources  11 segments  18,860 chars: IBNASHUR-FULL
  c1353  1 sources  11 segments  19,392 chars: IBNASHUR-FULL
  c1354  1 sources  11 segments  19,791 chars: IBNASHUR-FULL
  c1355  1 sources  10 segments  18,337 chars: IBNASHUR-FULL
  c1356  1 sources  11 segments  19,877 chars: IBNASHUR-FULL
  c1357  1 sources  10 segments  18,578 chars: IBNASHUR-FULL
  c1358  1 sources  11 segments  18,465 chars: IBNASHUR-FULL
  c1359  1 sources  11 segments  18,835 chars: IBNASHUR-FULL
  c1360  1 sources  10 segments  18,474 chars: IBNASHUR-FULL
  c1361  1 sources  10 segments  19,040 chars: IBNASHUR-FULL
  c1362  1 sources  11 segments  19,710 chars: IBNASHUR-FULL
  c1363  1 sources  11 segments  19,463 chars: IBNASHUR-FULL
  c1364  1 sources  11 segments  18,355 chars: IBNASHUR-FULL
  c1365  1 sources  10 segments  18,799 chars: IBNASHUR-FULL
  c1366  1 sources  11 segments  19,828 chars: IBNASHUR-FULL
  c1367  1 sources  10 segments  18,726 chars: IBNASHUR-FULL
  c1368  1 sources  10 segments  18,545 chars: IBNASHUR-FULL
  c1369  1 sources  10 segments  19,160 chars: IBNASHUR-FULL
  c1370  1 sources  11 segments  18,822 chars: IBNASHUR-FULL
  c1371  1 sources  10 segments  18,359 chars: IBNASHUR-FULL
  c1372  1 sources  11 segments  19,849 chars: IBNASHUR-FULL
  c1373  1 sources  11 segments  18,519 chars: IBNASHUR-FULL
  c1374  1 sources  10 segments  18,571 chars: IBNASHUR-FULL
  c1375  1 sources  11 segments  18,580 chars: IBNASHUR-FULL
  c1376  1 sources  11 segments  19,953 chars: IBNASHUR-FULL
  c1377  1 sources  10 segments  18,312 chars: IBNASHUR-FULL
  c1378  1 sources  10 segments  18,212 chars: IBNASHUR-FULL
  c1379  1 sources  11 segments  19,200 chars: IBNASHUR-FULL
  c1380  1 sources  11 segments  19,002 chars: IBNASHUR-FULL
  c1381  1 sources  11 segments  19,740 chars: IBNASHUR-FULL
  c1382  1 sources  11 segments  18,791 chars: IBNASHUR-FULL
  c1383  1 sources  11 segments  19,592 chars: IBNASHUR-FULL
  c1384  1 sources  11 segments  19,513 chars: IBNASHUR-FULL
  c1385  1 sources  10 segments  18,627 chars: IBNASHUR-FULL
  c1386  1 sources  11 segments  19,011 chars: IBNASHUR-FULL
  c1387  1 sources  12 segments  19,714 chars: IBNASHUR-FULL
  c1388  1 sources  11 segments  19,070 chars: IBNASHUR-FULL
  c1389  1 sources  11 segments  18,726 chars: IBNASHUR-FULL
  c1390  1 sources  10 segments  18,488 chars: IBNASHUR-FULL
  c1391  1 sources  11 segments  19,245 chars: IBNASHUR-FULL
  c1392  1 sources  11 segments  19,045 chars: IBNASHUR-FULL
  c1393  1 sources  11 segments  19,855 chars: IBNASHUR-FULL
  c1394  1 sources  11 segments  18,839 chars: IBNASHUR-FULL
  c1395  1 sources  11 segments  18,985 chars: IBNASHUR-FULL
  c1396  1 sources  11 segments  19,414 chars: IBNASHUR-FULL
  c1397  1 sources  12 segments  18,356 chars: IBNASHUR-FULL
  c1398  1 sources  11 segments  18,384 chars: IBNASHUR-FULL
  c1399  1 sources  11 segments  18,935 chars: IBNASHUR-FULL
  c1400  1 sources  11 segments  18,737 chars: IBNASHUR-FULL
  c1401  1 sources  11 segments  19,233 chars: IBNASHUR-FULL
  c1402  1 sources  12 segments  18,899 chars: IBNASHUR-FULL
  c1403  1 sources  11 segments  19,070 chars: IBNASHUR-FULL
  c1404  1 sources  11 segments  19,313 chars: IBNASHUR-FULL
  c1405  1 sources  11 segments  18,747 chars: IBNASHUR-FULL
  c1406  1 sources  11 segments  19,289 chars: IBNASHUR-FULL
  c1407  1 sources  11 segments  18,603 chars: IBNASHUR-FULL
  c1408  1 sources   9 segments  14,876 chars: IBNASHUR-FULL
  c1409  1 sources  13 segments  19,746 chars: IBNATIYYA-FULL
  c1410  1 sources  13 segments  19,847 chars: IBNATIYYA-FULL
  c1411  1 sources  12 segments  18,024 chars: IBNATIYYA-FULL
  c1412  1 sources  11 segments  18,807 chars: IBNATIYYA-FULL
  c1413  1 sources  12 segments  18,511 chars: IBNATIYYA-FULL
  c1414  1 sources  13 segments  19,676 chars: IBNATIYYA-FULL
  c1415  1 sources  12 segments  18,547 chars: IBNATIYYA-FULL
  c1416  1 sources  11 segments  19,193 chars: IBNATIYYA-FULL
  c1417  1 sources  11 segments  19,701 chars: IBNATIYYA-FULL
  c1418  1 sources  12 segments  18,331 chars: IBNATIYYA-FULL
  c1419  1 sources  11 segments  18,556 chars: IBNATIYYA-FULL
  c1420  1 sources  12 segments  19,328 chars: IBNATIYYA-FULL
  c1421  1 sources  14 segments  18,398 chars: IBNATIYYA-FULL
  c1422  1 sources  14 segments  19,711 chars: IBNATIYYA-FULL
  c1423  1 sources  12 segments  19,950 chars: IBNATIYYA-FULL
  c1424  1 sources  13 segments  18,756 chars: IBNATIYYA-FULL
  c1425  1 sources  13 segments  19,427 chars: IBNATIYYA-FULL
  c1426  1 sources  13 segments  19,593 chars: IBNATIYYA-FULL
  c1427  1 sources  12 segments  19,007 chars: IBNATIYYA-FULL
  c1428  1 sources  15 segments  19,783 chars: IBNATIYYA-FULL
  c1429  1 sources  13 segments  18,466 chars: IBNATIYYA-FULL
  c1430  1 sources  12 segments  18,584 chars: IBNATIYYA-FULL
  c1431  1 sources  13 segments  19,036 chars: IBNATIYYA-FULL
  c1432  1 sources  12 segments  19,650 chars: IBNATIYYA-FULL
  c1433  1 sources  12 segments  19,151 chars: IBNATIYYA-FULL
  c1434  1 sources  11 segments  19,875 chars: IBNATIYYA-FULL
  c1435  1 sources  12 segments  19,657 chars: IBNATIYYA-FULL
  c1436  1 sources  14 segments  18,394 chars: IBNATIYYA-FULL
  c1437  1 sources  14 segments  18,518 chars: IBNATIYYA-FULL
  c1438  1 sources  14 segments  19,619 chars: IBNATIYYA-FULL
  c1439  1 sources  15 segments  18,710 chars: IBNATIYYA-FULL
  c1440  1 sources  14 segments  19,439 chars: IBNATIYYA-FULL
  c1441  1 sources  12 segments  18,734 chars: IBNATIYYA-FULL
  c1442  1 sources  12 segments  19,591 chars: IBNATIYYA-FULL
  c1443  1 sources  12 segments  18,131 chars: IBNATIYYA-FULL
  c1444  1 sources  13 segments  19,760 chars: IBNATIYYA-FULL
  c1445  1 sources  14 segments  19,794 chars: IBNATIYYA-FULL
  c1446  1 sources  14 segments  19,283 chars: IBNATIYYA-FULL
  c1447  1 sources  14 segments  19,902 chars: IBNATIYYA-FULL
  c1448  1 sources  14 segments  19,195 chars: IBNATIYYA-FULL
  c1449  1 sources  15 segments  19,075 chars: IBNATIYYA-FULL
  c1450  1 sources  14 segments  19,384 chars: IBNATIYYA-FULL
  c1451  1 sources  15 segments  18,358 chars: IBNATIYYA-FULL
  c1452  1 sources  13 segments  19,189 chars: IBNATIYYA-FULL
  c1453  1 sources  14 segments  18,848 chars: IBNATIYYA-FULL
  c1454  1 sources  13 segments  19,713 chars: IBNATIYYA-FULL
  c1455  1 sources  15 segments  19,758 chars: IBNATIYYA-FULL
  c1456  1 sources  13 segments  18,395 chars: IBNATIYYA-FULL
  c1457  1 sources  16 segments  19,912 chars: IBNATIYYA-FULL
  c1458  1 sources  14 segments  19,686 chars: IBNATIYYA-FULL
  c1459  1 sources  12 segments  19,971 chars: IBNATIYYA-FULL
  c1460  1 sources  14 segments  18,988 chars: IBNATIYYA-FULL
  c1461  1 sources  15 segments  18,308 chars: IBNATIYYA-FULL
  c1462  1 sources  13 segments  18,491 chars: IBNATIYYA-FULL
  c1463  1 sources  15 segments  19,852 chars: IBNATIYYA-FULL
  c1464  1 sources  15 segments  19,975 chars: IBNATIYYA-FULL
  c1465  1 sources  14 segments  19,973 chars: IBNATIYYA-FULL
  c1466  1 sources  15 segments  19,933 chars: IBNATIYYA-FULL
  c1467  1 sources  14 segments  18,725 chars: IBNATIYYA-FULL
  c1468  1 sources  15 segments  18,502 chars: IBNATIYYA-FULL
  c1469  1 sources  16 segments  18,787 chars: IBNATIYYA-FULL
  c1470  1 sources  14 segments  18,607 chars: IBNATIYYA-FULL
  c1471  1 sources  16 segments  18,672 chars: IBNATIYYA-FULL
  c1472  1 sources  14 segments  18,835 chars: IBNATIYYA-FULL
  c1473  1 sources  13 segments  18,601 chars: IBNATIYYA-FULL
  c1474  1 sources  14 segments  19,959 chars: IBNATIYYA-FULL
  c1475  1 sources  17 segments  18,777 chars: IBNATIYYA-FULL
  c1476  1 sources  13 segments  19,131 chars: IBNATIYYA-FULL
  c1477  1 sources  14 segments  18,896 chars: IBNATIYYA-FULL
  c1478  1 sources  13 segments  18,935 chars: IBNATIYYA-FULL
  c1479  1 sources  13 segments  19,057 chars: IBNATIYYA-FULL
  c1480  1 sources  14 segments  18,372 chars: IBNATIYYA-FULL
  c1481  1 sources  14 segments  19,027 chars: IBNATIYYA-FULL
  c1482  1 sources  13 segments  18,653 chars: IBNATIYYA-FULL
  c1483  1 sources  15 segments  19,856 chars: IBNATIYYA-FULL
  c1484  1 sources  13 segments  19,709 chars: IBNATIYYA-FULL
  c1485  1 sources  13 segments  18,512 chars: IBNATIYYA-FULL
  c1486  1 sources  13 segments  18,287 chars: IBNATIYYA-FULL
  c1487  1 sources  15 segments  19,625 chars: IBNATIYYA-FULL
  c1488  1 sources  13 segments  18,709 chars: IBNATIYYA-FULL
  c1489  1 sources  14 segments  19,297 chars: IBNATIYYA-FULL
  c1490  1 sources  13 segments  18,927 chars: IBNATIYYA-FULL
  c1491  1 sources  12 segments  18,031 chars: IBNATIYYA-FULL
  c1492  1 sources  13 segments  18,050 chars: IBNATIYYA-FULL
  c1493  1 sources  16 segments  19,189 chars: IBNATIYYA-FULL
  c1494  1 sources  13 segments  18,760 chars: IBNATIYYA-FULL
  c1495  1 sources  13 segments  18,703 chars: IBNATIYYA-FULL
  c1496  1 sources  12 segments  18,325 chars: IBNATIYYA-FULL
  c1497  1 sources  13 segments  19,554 chars: IBNATIYYA-FULL
  c1498  1 sources  15 segments  19,402 chars: IBNATIYYA-FULL
  c1499  1 sources   5 segments   7,635 chars: IBNATIYYA-FULL
  c1500  1 sources  24 segments  19,534 chars: IBNJAWZI-ZAD
  c1501  1 sources  24 segments  19,928 chars: IBNJAWZI-ZAD
  c1502  1 sources  27 segments  19,491 chars: IBNJAWZI-ZAD
  c1503  1 sources  20 segments  19,347 chars: IBNJAWZI-ZAD
  c1504  1 sources  23 segments  19,764 chars: IBNJAWZI-ZAD
  c1505  1 sources  31 segments  19,979 chars: IBNJAWZI-ZAD
  c1506  1 sources  25 segments  19,960 chars: IBNJAWZI-ZAD
  c1507  1 sources  20 segments  19,068 chars: IBNJAWZI-ZAD
  c1508  1 sources  19 segments  19,271 chars: IBNJAWZI-ZAD
  c1509  1 sources  19 segments  19,890 chars: IBNJAWZI-ZAD
  c1510  1 sources  25 segments  19,946 chars: IBNJAWZI-ZAD
  c1511  1 sources  23 segments  19,405 chars: IBNJAWZI-ZAD
  c1512  1 sources  26 segments  19,223 chars: IBNJAWZI-ZAD
  c1513  1 sources  34 segments  19,989 chars: IBNJAWZI-ZAD
  c1514  1 sources  23 segments  19,774 chars: IBNJAWZI-ZAD
  c1515  1 sources  27 segments  19,807 chars: IBNJAWZI-ZAD
  c1516  1 sources  33 segments  19,496 chars: IBNJAWZI-ZAD
  c1517  1 sources  30 segments  19,826 chars: IBNJAWZI-ZAD
  c1518  1 sources  28 segments  18,761 chars: IBNJAWZI-ZAD
  c1519  1 sources  32 segments  19,615 chars: IBNJAWZI-ZAD
  c1520  1 sources  26 segments  18,371 chars: IBNJAWZI-ZAD
  c1521  1 sources  23 segments  19,688 chars: IBNJAWZI-ZAD
  c1522  1 sources  29 segments  19,426 chars: IBNJAWZI-ZAD
  c1523  1 sources  41 segments  19,721 chars: IBNJAWZI-ZAD
  c1524  1 sources  28 segments  19,457 chars: IBNJAWZI-ZAD
  c1525  1 sources  32 segments  19,858 chars: IBNJAWZI-ZAD
  c1526  1 sources  22 segments  18,960 chars: IBNJAWZI-ZAD
  c1527  1 sources  30 segments  19,128 chars: IBNJAWZI-ZAD
  c1528  1 sources  45 segments  19,488 chars: IBNJAWZI-ZAD
  c1529  1 sources  26 segments  18,443 chars: IBNJAWZI-ZAD
  c1530  1 sources  31 segments  19,674 chars: IBNJAWZI-ZAD
  c1531  1 sources  31 segments  19,307 chars: IBNJAWZI-ZAD
  c1532  1 sources  34 segments  19,290 chars: IBNJAWZI-ZAD
  c1533  1 sources  29 segments  19,845 chars: IBNJAWZI-ZAD
  c1534  1 sources  36 segments  19,591 chars: IBNJAWZI-ZAD
  c1535  1 sources  27 segments  19,950 chars: IBNJAWZI-ZAD
  c1536  1 sources  33 segments  19,622 chars: IBNJAWZI-ZAD
  c1537  1 sources  45 segments  19,105 chars: IBNJAWZI-ZAD
  c1538  1 sources  30 segments  12,064 chars: IBNJAWZI-ZAD
  c1539  1 sources  10 segments  18,598 chars: IBNKATHIR-FULL
  c1540  1 sources  14 segments  19,962 chars: IBNKATHIR-FULL
  c1541  1 sources  11 segments  18,461 chars: IBNKATHIR-FULL
  c1542  1 sources  12 segments  19,338 chars: IBNKATHIR-FULL
  c1543  1 sources  12 segments  19,962 chars: IBNKATHIR-FULL
  c1544  1 sources  12 segments  18,741 chars: IBNKATHIR-FULL
  c1545  1 sources  11 segments  19,891 chars: IBNKATHIR-FULL
  c1546  1 sources  11 segments  19,150 chars: IBNKATHIR-FULL
  c1547  1 sources  12 segments  18,182 chars: IBNKATHIR-FULL
  c1548  1 sources  11 segments  18,767 chars: IBNKATHIR-FULL
  c1549  1 sources  15 segments  19,982 chars: IBNKATHIR-FULL
  c1550  1 sources  12 segments  18,819 chars: IBNKATHIR-FULL
  c1551  1 sources  13 segments  19,688 chars: IBNKATHIR-FULL
  c1552  1 sources  11 segments  19,958 chars: IBNKATHIR-FULL
  c1553  1 sources  11 segments  18,952 chars: IBNKATHIR-FULL
  c1554  1 sources  10 segments  17,897 chars: IBNKATHIR-FULL
  c1555  1 sources  12 segments  19,479 chars: IBNKATHIR-FULL
  c1556  1 sources  13 segments  19,586 chars: IBNKATHIR-FULL
  c1557  1 sources  11 segments  18,488 chars: IBNKATHIR-FULL
  c1558  1 sources  11 segments  19,668 chars: IBNKATHIR-FULL
  c1559  1 sources  10 segments  18,938 chars: IBNKATHIR-FULL
  c1560  1 sources   9 segments  19,246 chars: IBNKATHIR-FULL
  c1561  1 sources  11 segments  19,279 chars: IBNKATHIR-FULL
  c1562  1 sources  12 segments  18,381 chars: IBNKATHIR-FULL
  c1563  1 sources  14 segments  19,577 chars: IBNKATHIR-FULL
  c1564  1 sources  11 segments  17,720 chars: IBNKATHIR-FULL
  c1565  1 sources  10 segments  18,674 chars: IBNKATHIR-FULL
  c1566  1 sources  13 segments  18,495 chars: IBNKATHIR-FULL
  c1567  1 sources  10 segments  17,978 chars: IBNKATHIR-FULL
  c1568  1 sources  11 segments  18,820 chars: IBNKATHIR-FULL
  c1569  1 sources  10 segments  18,923 chars: IBNKATHIR-FULL
  c1570  1 sources  12 segments  19,844 chars: IBNKATHIR-FULL
  c1571  1 sources  11 segments  19,315 chars: IBNKATHIR-FULL
  c1572  1 sources  10 segments  18,856 chars: IBNKATHIR-FULL
  c1573  1 sources  12 segments  19,716 chars: IBNKATHIR-FULL
  c1574  1 sources  10 segments  18,130 chars: IBNKATHIR-FULL
  c1575  1 sources  13 segments  19,623 chars: IBNKATHIR-FULL
  c1576  1 sources  13 segments  18,472 chars: IBNKATHIR-FULL
  c1577  1 sources  15 segments  19,438 chars: IBNKATHIR-FULL
  c1578  1 sources  14 segments  19,853 chars: IBNKATHIR-FULL
  c1579  1 sources  12 segments  19,622 chars: IBNKATHIR-FULL
  c1580  1 sources  12 segments  19,605 chars: IBNKATHIR-FULL
  c1581  1 sources  10 segments  18,552 chars: IBNKATHIR-FULL
  c1582  1 sources  15 segments  19,118 chars: IBNKATHIR-FULL
  c1583  1 sources  16 segments  19,993 chars: IBNKATHIR-FULL
  c1584  1 sources  13 segments  19,873 chars: IBNKATHIR-FULL
  c1585  1 sources  13 segments  19,860 chars: IBNKATHIR-FULL
  c1586  1 sources  14 segments  18,674 chars: IBNKATHIR-FULL
  c1587  1 sources  15 segments  20,000 chars: IBNKATHIR-FULL
  c1588  1 sources  15 segments  18,437 chars: IBNKATHIR-FULL
  c1589  1 sources  14 segments  19,192 chars: IBNKATHIR-FULL
  c1590  1 sources  13 segments  19,005 chars: IBNKATHIR-FULL
  c1591  1 sources  14 segments  19,453 chars: IBNKATHIR-FULL
  c1592  1 sources  18 segments  19,958 chars: IBNKATHIR-FULL
  c1593  1 sources  13 segments  18,209 chars: IBNKATHIR-FULL
  c1594  1 sources  13 segments  18,445 chars: IBNKATHIR-FULL
  c1595  1 sources  10 segments  18,701 chars: IBNKATHIR-FULL
  c1596  1 sources  16 segments  19,928 chars: IBNKATHIR-FULL
  c1597  1 sources  12 segments  19,116 chars: IBNKATHIR-FULL
  c1598  1 sources  13 segments  19,017 chars: IBNKATHIR-FULL
  c1599  1 sources  13 segments  18,893 chars: IBNKATHIR-FULL
  c1600  1 sources  14 segments  19,033 chars: IBNKATHIR-FULL
  c1601  1 sources  14 segments  18,660 chars: IBNKATHIR-FULL
  c1602  1 sources  11 segments  18,593 chars: IBNKATHIR-FULL
  c1603  1 sources  15 segments  19,743 chars: IBNKATHIR-FULL
  c1604  1 sources  16 segments  19,860 chars: IBNKATHIR-FULL
  c1605  1 sources  15 segments  18,751 chars: IBNKATHIR-FULL
  c1606  1 sources  12 segments  18,613 chars: IBNKATHIR-FULL
  c1607  1 sources  12 segments  19,784 chars: IBNKATHIR-FULL
  c1608  1 sources  13 segments  19,486 chars: IBNKATHIR-FULL
  c1609  1 sources  15 segments  18,871 chars: IBNKATHIR-FULL
  c1610  1 sources  14 segments  18,421 chars: IBNKATHIR-FULL
  c1611  1 sources  13 segments  19,352 chars: IBNKATHIR-FULL
  c1612  1 sources  14 segments  18,250 chars: IBNKATHIR-FULL
  c1613  1 sources  11 segments  18,617 chars: IBNKATHIR-FULL
  c1614  1 sources  17 segments  19,606 chars: IBNKATHIR-FULL
  c1615  1 sources  14 segments  19,869 chars: IBNKATHIR-FULL
  c1616  1 sources  16 segments  18,497 chars: IBNKATHIR-FULL
  c1617  1 sources  15 segments  19,871 chars: IBNKATHIR-FULL
  c1618  1 sources  16 segments  19,823 chars: IBNKATHIR-FULL
  c1619  1 sources  12 segments  18,504 chars: IBNKATHIR-FULL
  c1620  1 sources  13 segments  19,097 chars: IBNKATHIR-FULL
  c1621  1 sources  13 segments  19,098 chars: IBNKATHIR-FULL
  c1622  1 sources  14 segments  18,611 chars: IBNKATHIR-FULL
  c1623  1 sources  17 segments  19,698 chars: IBNKATHIR-FULL
  c1624  1 sources  14 segments  19,567 chars: IBNKATHIR-FULL
  c1625  1 sources  15 segments  19,702 chars: IBNKATHIR-FULL
  c1626  1 sources  10 segments  19,781 chars: IBNKATHIR-FULL
  c1627  1 sources  13 segments  19,783 chars: IBNKATHIR-FULL
  c1628  1 sources  15 segments  19,744 chars: IBNKATHIR-FULL
  c1629  1 sources  14 segments  19,438 chars: IBNKATHIR-FULL
  c1630  1 sources  12 segments  18,330 chars: IBNKATHIR-FULL
  c1631  1 sources  13 segments  19,362 chars: IBNKATHIR-FULL
  c1632  1 sources  12 segments  18,866 chars: IBNKATHIR-FULL
  c1633  1 sources  11 segments  19,782 chars: IBNKATHIR-FULL
  c1634  1 sources  15 segments  19,762 chars: IBNKATHIR-FULL
  c1635  1 sources  11 segments  19,851 chars: IBNKATHIR-FULL
  c1636  1 sources  11 segments  18,562 chars: IBNKATHIR-FULL
  c1637  1 sources  10 segments  19,164 chars: IBNKATHIR-FULL
  c1638  1 sources  12 segments  18,917 chars: IBNKATHIR-FULL
  c1639  1 sources  14 segments  19,313 chars: IBNKATHIR-FULL
  c1640  1 sources  11 segments  18,358 chars: IBNKATHIR-FULL
  c1641  1 sources  15 segments  19,721 chars: IBNKATHIR-FULL
  c1642  1 sources  14 segments  19,348 chars: IBNKATHIR-FULL
  c1643  1 sources  13 segments  19,001 chars: IBNKATHIR-FULL
  c1644  1 sources   8 segments  12,580 chars: IBNKATHIR-FULL
  c1645  1 sources  12 segments  19,664 chars: JISHUMI
  c1646  1 sources  12 segments  18,718 chars: JISHUMI
  c1647  1 sources  10 segments  18,292 chars: JISHUMI
  c1648  1 sources  11 segments  19,615 chars: JISHUMI
  c1649  1 sources  11 segments  19,253 chars: JISHUMI
  c1650  1 sources  10 segments  19,139 chars: JISHUMI
  c1651  1 sources  10 segments  17,994 chars: JISHUMI
  c1652  1 sources  10 segments  18,086 chars: JISHUMI
  c1653  1 sources  11 segments  18,326 chars: JISHUMI
  c1654  1 sources  10 segments  18,155 chars: JISHUMI
  c1655  1 sources  10 segments  17,832 chars: JISHUMI
  c1656  1 sources   9 segments  18,849 chars: JISHUMI
  c1657  1 sources  11 segments  19,281 chars: JISHUMI
  c1658  1 sources  10 segments  18,392 chars: JISHUMI
  c1659  1 sources  11 segments  19,961 chars: JISHUMI
  c1660  1 sources  11 segments  18,841 chars: JISHUMI
  c1661  1 sources  12 segments  19,742 chars: JISHUMI
  c1662  1 sources  11 segments  18,815 chars: JISHUMI
  c1663  1 sources  10 segments  19,142 chars: JISHUMI
  c1664  1 sources  11 segments  19,605 chars: JISHUMI
  c1665  1 sources  13 segments  19,855 chars: JISHUMI
  c1666  1 sources  11 segments  18,084 chars: JISHUMI
  c1667  1 sources  13 segments  18,623 chars: JISHUMI
  c1668  1 sources  11 segments  19,526 chars: JISHUMI
  c1669  1 sources  12 segments  18,580 chars: JISHUMI
  c1670  1 sources  12 segments  19,968 chars: JISHUMI
  c1671  1 sources  10 segments  18,625 chars: JISHUMI
  c1672  1 sources  10 segments  19,474 chars: JISHUMI
  c1673  1 sources  11 segments  17,628 chars: JISHUMI
  c1674  1 sources  12 segments  19,390 chars: JISHUMI
  c1675  1 sources  12 segments  19,291 chars: JISHUMI
  c1676  1 sources  11 segments  18,109 chars: JISHUMI
  c1677  1 sources  10 segments  17,880 chars: JISHUMI
  c1678  1 sources  12 segments  19,386 chars: JISHUMI
  c1679  1 sources  12 segments  19,226 chars: JISHUMI
  c1680  1 sources  12 segments  18,878 chars: JISHUMI
  c1681  1 sources  10 segments  18,482 chars: JISHUMI
  c1682  1 sources  11 segments  19,159 chars: JISHUMI
  c1683  1 sources  11 segments  18,420 chars: JISHUMI
  c1684  1 sources  12 segments  19,829 chars: JISHUMI
  c1685  1 sources  11 segments  19,691 chars: JISHUMI
  c1686  1 sources  11 segments  18,618 chars: JISHUMI
  c1687  1 sources  12 segments  18,017 chars: JISHUMI
  c1688  1 sources  12 segments  19,860 chars: JISHUMI
  c1689  1 sources  11 segments  18,724 chars: JISHUMI
  c1690  1 sources  11 segments  18,039 chars: JISHUMI
  c1691  1 sources  12 segments  18,797 chars: JISHUMI
  c1692  1 sources  11 segments  18,613 chars: JISHUMI
  c1693  1 sources  11 segments  19,899 chars: JISHUMI
  c1694  1 sources  11 segments  19,287 chars: JISHUMI
  c1695  1 sources  11 segments  19,096 chars: JISHUMI
  c1696  1 sources  11 segments  18,399 chars: JISHUMI
  c1697  1 sources  11 segments  18,420 chars: JISHUMI
  c1698  1 sources  12 segments  19,416 chars: JISHUMI
  c1699  1 sources   6 segments   9,343 chars: JISHUMI
  c1700  1 sources  16 segments  19,278 chars: KASHSHAF-FULL
  c1701  1 sources  23 segments  19,945 chars: KASHSHAF-FULL
  c1702  1 sources  22 segments  19,384 chars: KASHSHAF-FULL
  c1703  1 sources  24 segments  19,798 chars: KASHSHAF-FULL
  c1704  1 sources  23 segments  19,482 chars: KASHSHAF-FULL
  c1705  1 sources  23 segments  19,408 chars: KASHSHAF-FULL
  c1706  1 sources  25 segments  19,936 chars: KASHSHAF-FULL
  c1707  1 sources  25 segments  19,513 chars: KASHSHAF-FULL
  c1708  1 sources  23 segments  19,806 chars: KASHSHAF-FULL
  c1709  1 sources  25 segments  19,391 chars: KASHSHAF-FULL
  c1710  1 sources  23 segments  19,985 chars: KASHSHAF-FULL
  c1711  1 sources  24 segments  19,811 chars: KASHSHAF-FULL
  c1712  1 sources  19 segments  19,460 chars: KASHSHAF-FULL
  c1713  1 sources  12 segments  19,496 chars: KASHSHAF-FULL
  c1714  1 sources  17 segments  19,275 chars: KASHSHAF-FULL
  c1715  1 sources  15 segments  19,505 chars: KASHSHAF-FULL
  c1716  1 sources  17 segments  18,840 chars: KASHSHAF-FULL
  c1717  1 sources  13 segments  19,078 chars: KASHSHAF-FULL
  c1718  1 sources  17 segments  19,874 chars: KASHSHAF-FULL
  c1719  1 sources  19 segments  19,760 chars: KASHSHAF-FULL
  c1720  1 sources  17 segments  19,474 chars: KASHSHAF-FULL
  c1721  1 sources  23 segments  19,908 chars: KASHSHAF-FULL
  c1722  1 sources  19 segments  19,755 chars: KASHSHAF-FULL
  c1723  1 sources  20 segments  19,447 chars: KASHSHAF-FULL
  c1724  1 sources  15 segments  18,873 chars: KASHSHAF-FULL
  c1725  1 sources  17 segments  17,725 chars: KASHSHAF-FULL
  c1726  1 sources  18 segments  19,670 chars: KASHSHAF-FULL
  c1727  1 sources  18 segments  19,517 chars: KASHSHAF-FULL
  c1728  1 sources  21 segments  19,214 chars: KASHSHAF-FULL
  c1729  1 sources  18 segments  19,917 chars: KASHSHAF-FULL
  c1730  1 sources  16 segments  19,598 chars: KASHSHAF-FULL
  c1731  1 sources  15 segments  19,265 chars: KASHSHAF-FULL
  c1732  1 sources  22 segments  19,083 chars: KASHSHAF-FULL
  c1733  1 sources  14 segments  19,456 chars: KASHSHAF-FULL
  c1734  1 sources  14 segments  19,501 chars: KASHSHAF-FULL
  c1735  1 sources  15 segments  18,903 chars: KASHSHAF-FULL
  c1736  1 sources  21 segments  19,538 chars: KASHSHAF-FULL
  c1737  1 sources  19 segments  19,632 chars: KASHSHAF-FULL
  c1738  1 sources  20 segments  19,650 chars: KASHSHAF-FULL
  c1739  1 sources  18 segments  19,445 chars: KASHSHAF-FULL
  c1740  1 sources  19 segments  19,717 chars: KASHSHAF-FULL
  c1741  1 sources  21 segments  19,512 chars: KASHSHAF-FULL
  c1742  1 sources  16 segments  18,395 chars: KASHSHAF-FULL
  c1743  1 sources  16 segments  19,348 chars: KASHSHAF-FULL
  c1744  1 sources  14 segments  17,555 chars: KASHSHAF-FULL
  c1745  1 sources  17 segments  19,823 chars: MAWARDI-FULL
  c1746  1 sources  10 segments  19,389 chars: MAWARDI-FULL
  c1747  1 sources  11 segments  19,783 chars: MAWARDI-FULL
  c1748  1 sources  11 segments  19,761 chars: MAWARDI-FULL
  c1749  1 sources  11 segments  19,180 chars: MAWARDI-FULL
  c1750  1 sources  12 segments  18,036 chars: MAWARDI-FULL
  c1751  1 sources  11 segments  19,530 chars: MAWARDI-FULL
  c1752  1 sources  11 segments  18,529 chars: MAWARDI-FULL
  c1753  1 sources   8 segments  18,004 chars: MAWARDI-FULL
  c1754  1 sources  10 segments  19,370 chars: MAWARDI-FULL
  c1755  1 sources  14 segments  19,644 chars: MAWARDI-FULL
  c1756  1 sources  15 segments  19,234 chars: MAWARDI-FULL
  c1757  1 sources  19 segments  19,804 chars: MAWARDI-FULL
  c1758  1 sources  14 segments  19,395 chars: MAWARDI-FULL
  c1759  1 sources  18 segments  19,068 chars: MAWARDI-FULL
  c1760  1 sources  19 segments  19,439 chars: MAWARDI-FULL
  c1761  1 sources  15 segments  19,709 chars: MAWARDI-FULL
  c1762  1 sources  15 segments  18,778 chars: MAWARDI-FULL
  c1763  1 sources  16 segments  19,459 chars: MAWARDI-FULL
  c1764  1 sources  13 segments  19,810 chars: MAWARDI-FULL
  c1765  1 sources  13 segments  19,101 chars: MAWARDI-FULL
  c1766  1 sources  16 segments  19,545 chars: MAWARDI-FULL
  c1767  1 sources  11 segments  18,978 chars: MAWARDI-FULL
  c1768  1 sources  13 segments  19,102 chars: MAWARDI-FULL
  c1769  1 sources  13 segments  19,443 chars: MAWARDI-FULL
  c1770  1 sources  14 segments  19,750 chars: MAWARDI-FULL
  c1771  1 sources  13 segments  19,059 chars: MAWARDI-FULL
  c1772  1 sources  11 segments  18,205 chars: MAWARDI-FULL
  c1773  1 sources  13 segments  18,940 chars: MAWARDI-FULL
  c1774  1 sources  12 segments  17,303 chars: MAWARDI-FULL
  c1775  1 sources  10 segments  18,746 chars: MAWARDI-FULL
  c1776  1 sources   8 segments  18,841 chars: MAWARDI-FULL
  c1777  1 sources  11 segments  19,049 chars: MAWARDI-FULL
  c1778  1 sources  14 segments  19,539 chars: MAWARDI-FULL
  c1779  1 sources  13 segments  18,609 chars: MAWARDI-FULL
  c1780  1 sources  14 segments  18,404 chars: MAWARDI-FULL
  c1781  1 sources  10 segments  18,070 chars: MAWARDI-FULL
  c1782  1 sources  10 segments  18,758 chars: MAWARDI-FULL
  c1783  1 sources   9 segments  18,646 chars: MAWARDI-FULL
  c1784  1 sources   9 segments  18,853 chars: MAWARDI-FULL
  c1785  1 sources   9 segments  13,491 chars: MAWARDI-FULL
  c1786  1 sources  58 segments  19,901 chars: MUJAHID
  c1787  1 sources  65 segments  19,348 chars: MUJAHID
  c1788  1 sources  44 segments  19,944 chars: MUJAHID
  c1789  1 sources  63 segments  19,891 chars: MUJAHID
  c1790  1 sources  33 segments  10,816 chars: MUJAHID
  c1791  1 sources  23 segments  19,358 chars: MUQATIL
  c1792  1 sources  17 segments  18,770 chars: MUQATIL
  c1793  1 sources  22 segments  19,818 chars: MUQATIL
  c1794  1 sources  21 segments  19,510 chars: MUQATIL
  c1795  1 sources  18 segments  19,731 chars: MUQATIL
  c1796  1 sources  16 segments  19,911 chars: MUQATIL
  c1797  1 sources  20 segments  19,978 chars: MUQATIL
  c1798  1 sources  20 segments  18,919 chars: MUQATIL
  c1799  1 sources  19 segments  19,911 chars: MUQATIL
  c1800  1 sources  23 segments  19,732 chars: MUQATIL
  c1801  1 sources  24 segments  19,819 chars: MUQATIL
  c1802  1 sources  25 segments  19,290 chars: MUQATIL
  c1803  1 sources  19 segments  19,382 chars: MUQATIL
  c1804  1 sources  27 segments  19,926 chars: MUQATIL
  c1805  1 sources  20 segments  19,281 chars: MUQATIL
  c1806  1 sources  21 segments  19,155 chars: MUQATIL
  c1807  1 sources  18 segments  19,482 chars: MUQATIL
  c1808  1 sources  22 segments  19,413 chars: MUQATIL
  c1809  1 sources  21 segments  19,064 chars: MUQATIL
  c1810  1 sources  26 segments  19,888 chars: MUQATIL
  c1811  1 sources  22 segments  19,731 chars: MUQATIL
  c1812  1 sources  20 segments  19,331 chars: MUQATIL
  c1813  1 sources  25 segments  19,407 chars: MUQATIL
  c1814  1 sources  37 segments  19,974 chars: MUQATIL
  c1815  1 sources  27 segments  19,526 chars: MUQATIL
  c1816  1 sources  20 segments  19,948 chars: MUQATIL
  c1817  1 sources  21 segments  19,469 chars: MUQATIL
  c1818  1 sources  16 segments  19,239 chars: MUQATIL
  c1819  1 sources  12 segments  16,492 chars: MUQATIL
  c1820  1 sources  19 segments  19,413 chars: NASAFI-FULL
  c1821  1 sources  23 segments  18,647 chars: NASAFI-FULL
  c1822  1 sources  16 segments  19,154 chars: NASAFI-FULL
  c1823  1 sources  28 segments  19,436 chars: NASAFI-FULL
  c1824  1 sources  29 segments  19,448 chars: NASAFI-FULL
  c1825  1 sources  23 segments  19,945 chars: NASAFI-FULL
  c1826  1 sources  26 segments  19,420 chars: NASAFI-FULL
  c1827  1 sources  34 segments  19,417 chars: NASAFI-FULL
  c1828  1 sources  33 segments  19,995 chars: NASAFI-FULL
  c1829  1 sources  24 segments  18,899 chars: NASAFI-FULL
  c1830  1 sources  30 segments  19,912 chars: NASAFI-FULL
  c1831  1 sources  38 segments  19,133 chars: NASAFI-FULL
  c1832  1 sources  40 segments  19,640 chars: NASAFI-FULL
  c1833  1 sources  30 segments  19,901 chars: NASAFI-FULL
  c1834  1 sources  34 segments  19,876 chars: NASAFI-FULL
  c1835  1 sources  48 segments  19,503 chars: NASAFI-FULL
  c1836  1 sources  29 segments  19,854 chars: NASAFI-FULL
  c1837  1 sources  34 segments  19,684 chars: NASAFI-FULL
  c1838  1 sources  32 segments  19,521 chars: NASAFI-FULL
  c1839  1 sources  49 segments  19,485 chars: NASAFI-FULL
  c1840  1 sources  29 segments  19,695 chars: NASAFI-FULL
  c1841  1 sources  33 segments  19,847 chars: NASAFI-FULL
  c1842  1 sources  44 segments  19,473 chars: NASAFI-FULL
  c1843  1 sources  51 segments  19,897 chars: NASAFI-FULL
  c1844  1 sources  52 segments  19,652 chars: NASAFI-FULL
  c1845  1 sources  50 segments  19,832 chars: NASAFI-FULL
  c1846  1 sources  56 segments  18,765 chars: NASAFI-FULL
  c1847  1 sources  12 segments  18,469 chars: QURTUBI-FULL
  c1848  1 sources  11 segments  18,855 chars: QURTUBI-FULL
  c1849  1 sources  11 segments  19,656 chars: QURTUBI-FULL
  c1850  1 sources  10 segments  19,849 chars: QURTUBI-FULL
  c1851  1 sources  12 segments  18,829 chars: QURTUBI-FULL
  c1852  1 sources  12 segments  19,206 chars: QURTUBI-FULL
  c1853  1 sources  10 segments  18,323 chars: QURTUBI-FULL
  c1854  1 sources  13 segments  18,978 chars: QURTUBI-FULL
  c1855  1 sources  11 segments  18,622 chars: QURTUBI-FULL
  c1856  1 sources  12 segments  19,147 chars: QURTUBI-FULL
  c1857  1 sources  12 segments  18,319 chars: QURTUBI-FULL
  c1858  1 sources   9 segments  18,414 chars: QURTUBI-FULL
  c1859  1 sources  12 segments  19,239 chars: QURTUBI-FULL
  c1860  1 sources  11 segments  18,673 chars: QURTUBI-FULL
  c1861  1 sources  11 segments  19,350 chars: QURTUBI-FULL
  c1862  1 sources  10 segments  19,574 chars: QURTUBI-FULL
  c1863  1 sources  11 segments  18,341 chars: QURTUBI-FULL
  c1864  1 sources  10 segments  18,981 chars: QURTUBI-FULL
  c1865  1 sources  11 segments  19,214 chars: QURTUBI-FULL
  c1866  1 sources  10 segments  19,708 chars: QURTUBI-FULL
  c1867  1 sources  10 segments  19,018 chars: QURTUBI-FULL
  c1868  1 sources  13 segments  18,629 chars: QURTUBI-FULL
  c1869  1 sources  13 segments  19,938 chars: QURTUBI-FULL
  c1870  1 sources  14 segments  19,239 chars: QURTUBI-FULL
  c1871  1 sources  13 segments  19,927 chars: QURTUBI-FULL
  c1872  1 sources  13 segments  17,912 chars: QURTUBI-FULL
  c1873  1 sources  12 segments  19,074 chars: QURTUBI-FULL
  c1874  1 sources  12 segments  19,656 chars: QURTUBI-FULL
  c1875  1 sources  12 segments  19,804 chars: QURTUBI-FULL
  c1876  1 sources  11 segments  19,813 chars: QURTUBI-FULL
  c1877  1 sources  13 segments  18,742 chars: QURTUBI-FULL
  c1878  1 sources  11 segments  19,480 chars: QURTUBI-FULL
  c1879  1 sources  10 segments  19,686 chars: QURTUBI-FULL
  c1880  1 sources  10 segments  19,455 chars: QURTUBI-FULL
  c1881  1 sources  12 segments  17,999 chars: QURTUBI-FULL
  c1882  1 sources  12 segments  18,399 chars: QURTUBI-FULL
  c1883  1 sources  11 segments  19,992 chars: QURTUBI-FULL
  c1884  1 sources  10 segments  18,308 chars: QURTUBI-FULL
  c1885  1 sources  10 segments  19,670 chars: QURTUBI-FULL
  c1886  1 sources  12 segments  18,806 chars: QURTUBI-FULL
  c1887  1 sources  12 segments  17,712 chars: QURTUBI-FULL
  c1888  1 sources  13 segments  19,831 chars: QURTUBI-FULL
  c1889  1 sources  15 segments  19,860 chars: QURTUBI-FULL
  c1890  1 sources  13 segments  17,928 chars: QURTUBI-FULL
  c1891  1 sources  14 segments  19,506 chars: QURTUBI-FULL
  c1892  1 sources  14 segments  19,617 chars: QURTUBI-FULL
  c1893  1 sources  19 segments  18,267 chars: QURTUBI-FULL
  c1894  1 sources  15 segments  19,618 chars: QURTUBI-FULL
  c1895  1 sources  16 segments  19,781 chars: QURTUBI-FULL
  c1896  1 sources  14 segments  19,473 chars: QURTUBI-FULL
  c1897  1 sources  10 segments  18,431 chars: QURTUBI-FULL
  c1898  1 sources  11 segments  18,598 chars: QURTUBI-FULL
  c1899  1 sources  13 segments  19,090 chars: QURTUBI-FULL
  c1900  1 sources  14 segments  19,747 chars: QURTUBI-FULL
  c1901  1 sources  16 segments  18,384 chars: QURTUBI-FULL
  c1902  1 sources  14 segments  19,829 chars: QURTUBI-FULL
  c1903  1 sources  12 segments  18,751 chars: QURTUBI-FULL
  c1904  1 sources  16 segments  19,686 chars: QURTUBI-FULL
  c1905  1 sources  11 segments  19,565 chars: QURTUBI-FULL
  c1906  1 sources  13 segments  19,335 chars: QURTUBI-FULL
  c1907  1 sources  12 segments  19,128 chars: QURTUBI-FULL
  c1908  1 sources  14 segments  19,991 chars: QURTUBI-FULL
  c1909  1 sources  11 segments  18,207 chars: QURTUBI-FULL
  c1910  1 sources  11 segments  19,116 chars: QURTUBI-FULL
  c1911  1 sources  20 segments  19,898 chars: QURTUBI-FULL
  c1912  1 sources  11 segments  19,018 chars: QURTUBI-FULL
  c1913  1 sources  15 segments  19,913 chars: QURTUBI-FULL
  c1914  1 sources  10 segments  18,988 chars: QURTUBI-FULL
  c1915  1 sources  14 segments  19,852 chars: QURTUBI-FULL
  c1916  1 sources  12 segments  19,304 chars: QURTUBI-FULL
  c1917  1 sources  10 segments  19,995 chars: QURTUBI-FULL
  c1918  1 sources  10 segments  19,372 chars: QURTUBI-FULL
  c1919  1 sources  12 segments  19,168 chars: QURTUBI-FULL
  c1920  1 sources  12 segments  19,278 chars: QURTUBI-FULL
  c1921  1 sources  11 segments  19,250 chars: QURTUBI-FULL
  c1922  1 sources  13 segments  18,692 chars: QURTUBI-FULL
  c1923  1 sources  14 segments  19,736 chars: QURTUBI-FULL
  c1924  1 sources  15 segments  19,838 chars: QURTUBI-FULL
  c1925  1 sources  11 segments  19,798 chars: QURTUBI-FULL
  c1926  1 sources  13 segments  19,191 chars: QURTUBI-FULL
  c1927  1 sources  15 segments  19,431 chars: QURTUBI-FULL
  c1928  1 sources  12 segments  18,726 chars: QURTUBI-FULL
  c1929  1 sources  12 segments  18,382 chars: QURTUBI-FULL
  c1930  1 sources  10 segments  18,813 chars: QURTUBI-FULL
  c1931  1 sources  12 segments  19,806 chars: QURTUBI-FULL
  c1932  1 sources  10 segments  17,975 chars: QURTUBI-FULL
  c1933  1 sources  11 segments  19,741 chars: QURTUBI-FULL
  c1934  1 sources  13 segments  18,388 chars: QURTUBI-FULL
  c1935  1 sources  12 segments  18,601 chars: QURTUBI-FULL
  c1936  1 sources  14 segments  19,713 chars: QURTUBI-FULL
  c1937  1 sources  15 segments  19,119 chars: QURTUBI-FULL
  c1938  1 sources  12 segments  19,305 chars: QURTUBI-FULL
  c1939  1 sources  13 segments  18,151 chars: QURTUBI-FULL
  c1940  1 sources  18 segments  19,346 chars: QURTUBI-FULL
  c1941  1 sources  15 segments  19,570 chars: QURTUBI-FULL
  c1942  1 sources  16 segments  19,649 chars: QURTUBI-FULL
  c1943  1 sources  13 segments  19,858 chars: QURTUBI-FULL
  c1944  1 sources  14 segments  19,498 chars: QURTUBI-FULL
  c1945  1 sources  12 segments  18,651 chars: QURTUBI-FULL
  c1946  1 sources  13 segments  19,092 chars: QURTUBI-FULL
  c1947  1 sources  11 segments  19,289 chars: QURTUBI-FULL
  c1948  1 sources  13 segments  19,928 chars: QURTUBI-FULL
  c1949  1 sources  13 segments  19,900 chars: QURTUBI-FULL
  c1950  1 sources  15 segments  19,891 chars: QURTUBI-FULL
  c1951  1 sources  18 segments  18,700 chars: QURTUBI-FULL
  c1952  1 sources  13 segments  19,157 chars: QURTUBI-FULL
  c1953  1 sources  11 segments  18,165 chars: QURTUBI-FULL
  c1954  1 sources  12 segments  19,002 chars: QURTUBI-FULL
  c1955  1 sources  12 segments  18,628 chars: QURTUBI-FULL
  c1956  1 sources  12 segments  19,123 chars: QURTUBI-FULL
  c1957  1 sources  12 segments  19,920 chars: QURTUBI-FULL
  c1958  2 sources   6 segments   8,848 chars: QURTUBI-FULL QUTB-ZILAL
  c1959  1 sources   8 segments  16,925 chars: RAZI-FULL
  c1960  1 sources  10 segments  19,975 chars: RAZI-FULL
  c1961  1 sources   7 segments  17,900 chars: RAZI-FULL
  c1962  1 sources   8 segments  18,903 chars: RAZI-FULL
  c1963  1 sources   8 segments  19,921 chars: RAZI-FULL
  c1964  1 sources  10 segments  18,799 chars: RAZI-FULL
  c1965  1 sources   9 segments  19,916 chars: RAZI-FULL
  c1966  1 sources  11 segments  18,917 chars: RAZI-FULL
  c1967  1 sources  11 segments  19,091 chars: RAZI-FULL
  c1968  1 sources   9 segments  19,129 chars: RAZI-FULL
  c1969  1 sources   9 segments  19,159 chars: RAZI-FULL
  c1970  1 sources  11 segments  19,481 chars: RAZI-FULL
  c1971  1 sources   9 segments  19,588 chars: RAZI-FULL
  c1972  1 sources  10 segments  19,633 chars: RAZI-FULL
  c1973  1 sources  11 segments  19,032 chars: RAZI-FULL
  c1974  1 sources  15 segments  18,805 chars: RAZI-FULL
  c1975  1 sources   9 segments  19,724 chars: RAZI-FULL
  c1976  1 sources  10 segments  19,981 chars: RAZI-FULL
  c1977  1 sources  12 segments  19,329 chars: RAZI-FULL
  c1978  1 sources  10 segments  19,502 chars: RAZI-FULL
  c1979  1 sources  12 segments  19,626 chars: RAZI-FULL
  c1980  1 sources  10 segments  19,067 chars: RAZI-FULL
  c1981  1 sources  12 segments  18,442 chars: RAZI-FULL
  c1982  1 sources  10 segments  19,484 chars: RAZI-FULL
  c1983  1 sources  12 segments  19,491 chars: RAZI-FULL
  c1984  1 sources  10 segments  18,950 chars: RAZI-FULL
  c1985  1 sources  10 segments  19,459 chars: RAZI-FULL
  c1986  1 sources  10 segments  19,174 chars: RAZI-FULL
  c1987  1 sources  10 segments  18,186 chars: RAZI-FULL
  c1988  1 sources  10 segments  19,490 chars: RAZI-FULL
  c1989  1 sources  10 segments  18,748 chars: RAZI-FULL
  c1990  1 sources  10 segments  18,079 chars: RAZI-FULL
  c1991  1 sources   9 segments  19,161 chars: RAZI-FULL
  c1992  1 sources  12 segments  18,362 chars: RAZI-FULL
  c1993  1 sources  11 segments  18,248 chars: RAZI-FULL
  c1994  1 sources  10 segments  19,056 chars: RAZI-FULL
  c1995  1 sources  11 segments  18,691 chars: RAZI-FULL
  c1996  1 sources  12 segments  19,424 chars: RAZI-FULL
  c1997  1 sources  10 segments  18,277 chars: RAZI-FULL
  c1998  1 sources  14 segments  19,236 chars: RAZI-FULL
  c1999  1 sources  12 segments  19,470 chars: RAZI-FULL
  c2000  1 sources  11 segments  19,619 chars: RAZI-FULL
  c2001  1 sources  13 segments  19,009 chars: RAZI-FULL
  c2002  1 sources  11 segments  19,077 chars: RAZI-FULL
  c2003  1 sources  11 segments  18,902 chars: RAZI-FULL
  c2004  1 sources  11 segments  18,713 chars: RAZI-FULL
  c2005  1 sources  12 segments  18,264 chars: RAZI-FULL
  c2006  1 sources  12 segments  18,956 chars: RAZI-FULL
  c2007  1 sources  12 segments  19,550 chars: RAZI-FULL
  c2008  1 sources  11 segments  18,366 chars: RAZI-FULL
  c2009  1 sources  10 segments  18,907 chars: RAZI-FULL
  c2010  1 sources  12 segments  19,507 chars: RAZI-FULL
  c2011  1 sources  14 segments  19,817 chars: RAZI-FULL
  c2012  1 sources  11 segments  19,156 chars: RAZI-FULL
  c2013  1 sources  12 segments  18,508 chars: RAZI-FULL
  c2014  1 sources  11 segments  18,987 chars: RAZI-FULL
  c2015  1 sources  10 segments  18,177 chars: RAZI-FULL
  c2016  1 sources  11 segments  19,210 chars: RAZI-FULL
  c2017  1 sources  11 segments  19,658 chars: RAZI-FULL
  c2018  1 sources  12 segments  18,751 chars: RAZI-FULL
  c2019  1 sources  15 segments  19,636 chars: RAZI-FULL
  c2020  1 sources  13 segments  18,588 chars: RAZI-FULL
  c2021  1 sources  10 segments  19,293 chars: RAZI-FULL
  c2022  1 sources  14 segments  19,139 chars: RAZI-FULL
  c2023  1 sources  12 segments  19,763 chars: RAZI-FULL
  c2024  1 sources  12 segments  19,832 chars: RAZI-FULL
  c2025  1 sources  11 segments  19,797 chars: RAZI-FULL
  c2026  1 sources  13 segments  19,835 chars: RAZI-FULL
  c2027  1 sources  11 segments  17,723 chars: RAZI-FULL
  c2028  1 sources  12 segments  19,366 chars: RAZI-FULL
  c2029  1 sources  11 segments  18,874 chars: RAZI-FULL
  c2030  1 sources  13 segments  19,658 chars: RAZI-FULL
  c2031  1 sources  10 segments  17,861 chars: RAZI-FULL
  c2032  1 sources  12 segments  17,812 chars: RAZI-FULL
  c2033  1 sources  12 segments  19,992 chars: RAZI-FULL
  c2034  1 sources  12 segments  19,408 chars: RAZI-FULL
  c2035  1 sources  11 segments  18,812 chars: RAZI-FULL
  c2036  1 sources  10 segments  18,515 chars: RAZI-FULL
  c2037  1 sources   9 segments  18,330 chars: RAZI-FULL
  c2038  1 sources  15 segments  18,885 chars: RAZI-FULL
  c2039  1 sources  12 segments  18,719 chars: RAZI-FULL
  c2040  1 sources  12 segments  18,790 chars: RAZI-FULL
  c2041  1 sources  14 segments  18,815 chars: RAZI-FULL
  c2042  1 sources  12 segments  18,879 chars: RAZI-FULL
  c2043  1 sources  11 segments  18,690 chars: RAZI-FULL
  c2044  1 sources  12 segments  18,710 chars: RAZI-FULL
  c2045  1 sources  12 segments  19,111 chars: RAZI-FULL
  c2046  1 sources  11 segments  19,960 chars: RAZI-FULL
  c2047  1 sources  12 segments  19,841 chars: RAZI-FULL
  c2048  1 sources  11 segments  19,524 chars: RAZI-FULL
  c2049  1 sources  11 segments  19,433 chars: RAZI-FULL
  c2050  1 sources  16 segments  19,117 chars: RAZI-FULL
  c2051  1 sources  15 segments  19,897 chars: RAZI-FULL
  c2052  1 sources  14 segments  19,330 chars: RAZI-FULL
  c2053  1 sources  11 segments  17,852 chars: RAZI-FULL
  c2054  1 sources  12 segments  19,591 chars: RAZI-FULL
  c2055  1 sources  12 segments  19,932 chars: RAZI-FULL
  c2056  1 sources  12 segments  18,333 chars: RAZI-FULL
  c2057  1 sources  11 segments  18,472 chars: RAZI-FULL
  c2058  1 sources  13 segments  19,306 chars: RAZI-FULL
  c2059  1 sources  12 segments  18,587 chars: RAZI-FULL
  c2060  1 sources  11 segments  18,416 chars: RAZI-FULL
  c2061  1 sources  12 segments  19,582 chars: RAZI-FULL
  c2062  1 sources  11 segments  18,764 chars: RAZI-FULL
  c2063  1 sources  12 segments  19,730 chars: RAZI-FULL
  c2064  1 sources  10 segments  17,843 chars: RAZI-FULL
  c2065  1 sources  10 segments  19,845 chars: RAZI-FULL
  c2066  1 sources  11 segments  19,531 chars: RAZI-FULL
  c2067  1 sources   9 segments  18,401 chars: RAZI-FULL
  c2068  1 sources  11 segments  17,939 chars: RAZI-FULL
  c2069  1 sources  10 segments  18,819 chars: RAZI-FULL
  c2070  1 sources  10 segments  18,473 chars: RAZI-FULL
  c2071  1 sources   8 segments  16,438 chars: RAZI-FULL
  c2072  1 sources   9 segments  19,949 chars: RAZI-FULL
  c2073  1 sources   9 segments  17,827 chars: RAZI-FULL
  c2074  1 sources  11 segments  19,147 chars: RAZI-FULL
  c2075  1 sources  11 segments  18,562 chars: RAZI-FULL
  c2076  1 sources  11 segments  19,791 chars: RAZI-FULL
  c2077  1 sources  10 segments  18,716 chars: RAZI-FULL
  c2078  1 sources  10 segments  19,168 chars: RAZI-FULL
  c2079  1 sources  11 segments  18,087 chars: RAZI-FULL
  c2080  1 sources   8 segments  18,011 chars: RAZI-FULL
  c2081  1 sources  10 segments  19,888 chars: RAZI-FULL
  c2082  1 sources  11 segments  19,275 chars: RAZI-FULL
  c2083  1 sources  10 segments  18,668 chars: RAZI-FULL
  c2084  1 sources  10 segments  18,200 chars: RAZI-FULL
  c2085  1 sources  13 segments  19,650 chars: RAZI-FULL
  c2086  1 sources  11 segments  19,346 chars: RAZI-FULL
  c2087  1 sources  11 segments  19,337 chars: RAZI-FULL
  c2088  1 sources  12 segments  19,748 chars: RAZI-FULL
  c2089  1 sources   8 segments  19,846 chars: RAZI-FULL
  c2090  1 sources  10 segments  19,464 chars: RAZI-FULL
  c2091  1 sources  13 segments  19,893 chars: RAZI-FULL
  c2092  1 sources  15 segments  19,493 chars: RAZI-FULL
  c2093  1 sources  14 segments  18,518 chars: RAZI-FULL
  c2094  1 sources  12 segments  16,722 chars: RAZI-FULL
  c2095  1 sources  16 segments  19,618 chars: RAZI-FULL
  c2096  1 sources  16 segments  19,584 chars: RAZI-FULL
  c2097  1 sources  16 segments  19,747 chars: RAZI-FULL
  c2098  1 sources  17 segments  19,477 chars: RAZI-FULL
  c2099  1 sources  14 segments  19,600 chars: RAZI-FULL
  c2100  1 sources  12 segments  19,683 chars: RAZI-FULL
  c2101  1 sources  12 segments  18,321 chars: RAZI-FULL
  c2102  1 sources  11 segments  19,144 chars: RAZI-FULL
  c2103  1 sources  12 segments  19,122 chars: RAZI-FULL
  c2104  1 sources  15 segments  19,149 chars: RAZI-FULL
  c2105  1 sources  10 segments  19,968 chars: RAZI-FULL
  c2106  1 sources  12 segments  19,414 chars: RAZI-FULL
  c2107  1 sources  11 segments  19,811 chars: RAZI-FULL
  c2108  1 sources   9 segments  18,466 chars: RAZI-FULL
  c2109  1 sources   9 segments  19,892 chars: RAZI-FULL
  c2110  1 sources  10 segments  18,449 chars: RAZI-FULL
  c2111  1 sources  10 segments  19,824 chars: RAZI-FULL
  c2112  1 sources  11 segments  18,827 chars: RAZI-FULL
  c2113  1 sources  12 segments  19,695 chars: RAZI-FULL
  c2114  1 sources  10 segments  18,145 chars: RAZI-FULL
  c2115  1 sources  13 segments  19,685 chars: RAZI-FULL
  c2116  1 sources  14 segments  19,709 chars: RAZI-FULL
  c2117  1 sources  13 segments  19,076 chars: RAZI-FULL
  c2118  1 sources  13 segments  19,686 chars: RAZI-FULL
  c2119  1 sources  13 segments  19,108 chars: RAZI-FULL
  c2120  1 sources  12 segments  19,489 chars: RAZI-FULL
  c2121  1 sources  11 segments  18,236 chars: RAZI-FULL
  c2122  1 sources  12 segments  18,166 chars: RAZI-FULL
  c2123  1 sources  12 segments  18,059 chars: RAZI-FULL
  c2124  1 sources  14 segments  18,147 chars: RAZI-FULL
  c2125  1 sources  14 segments  18,856 chars: RAZI-FULL
  c2126  1 sources  15 segments  18,902 chars: RAZI-FULL
  c2127  1 sources  15 segments  19,492 chars: RAZI-FULL
  c2128  1 sources  14 segments  19,267 chars: RAZI-FULL
  c2129  1 sources  14 segments  19,475 chars: RAZI-FULL
  c2130  1 sources  14 segments  18,344 chars: RAZI-FULL
  c2131  1 sources  18 segments  19,982 chars: RAZI-FULL
  c2132  1 sources  22 segments  19,356 chars: RAZI-FULL
  c2133  1 sources  11 segments  19,811 chars: RAZI-FULL
  c2134  1 sources  19 segments  19,728 chars: RAZI-FULL
  c2135  1 sources  16 segments  17,658 chars: RAZI-FULL
  c2136  1 sources  16 segments  19,520 chars: RAZI-FULL
  c2137  1 sources  14 segments  19,980 chars: RAZI-FULL
  c2138  1 sources  16 segments  19,384 chars: RAZI-FULL
  c2139  1 sources  15 segments  19,433 chars: STUDYQURAN
  c2140  1 sources   4 segments  18,732 chars: STUDYQURAN
  c2141  1 sources  14 segments  18,642 chars: STUDYQURAN
  c2142  1 sources   6 segments  17,910 chars: STUDYQURAN
  c2143  1 sources   7 segments  19,829 chars: STUDYQURAN
  c2144  1 sources   4 segments  17,850 chars: STUDYQURAN
  c2145  1 sources  11 segments  19,881 chars: STUDYQURAN
  c2146  1 sources  13 segments  19,731 chars: STUDYQURAN
  c2147  1 sources  13 segments  18,790 chars: STUDYQURAN
  c2148  1 sources  11 segments  17,640 chars: STUDYQURAN
  c2149  1 sources   5 segments  19,675 chars: STUDYQURAN
  c2150  1 sources   5 segments  15,613 chars: STUDYQURAN
  c2151  1 sources   3 segments  18,651 chars: STUDYQURAN
  c2152  1 sources  10 segments  19,329 chars: STUDYQURAN
  c2153  1 sources   5 segments  18,638 chars: STUDYQURAN
  c2154  1 sources  10 segments  18,638 chars: STUDYQURAN
  c2155  1 sources   9 segments  19,383 chars: STUDYQURAN
  c2156  1 sources  11 segments  18,841 chars: STUDYQURAN
  c2157  1 sources   7 segments  19,599 chars: STUDYQURAN
  c2158  1 sources   9 segments  19,973 chars: STUDYQURAN
  c2159  1 sources   8 segments  19,894 chars: STUDYQURAN
  c2160  1 sources  12 segments  19,962 chars: STUDYQURAN
  c2161  1 sources  15 segments  19,181 chars: STUDYQURAN
  c2162  1 sources  17 segments  18,990 chars: STUDYQURAN
  c2163  1 sources  14 segments  19,309 chars: STUDYQURAN
  c2164  1 sources  10 segments  19,248 chars: STUDYQURAN
  c2165  1 sources  17 segments  18,152 chars: STUDYQURAN
  c2166  1 sources  12 segments  18,689 chars: STUDYQURAN
  c2167  1 sources  16 segments  19,397 chars: STUDYQURAN
  c2168  1 sources  20 segments  19,683 chars: STUDYQURAN
  c2169  1 sources  17 segments  19,445 chars: STUDYQURAN
  c2170  1 sources  18 segments  12,943 chars: STUDYQURAN
  c2171  1 sources   1 segments  17,204 chars: STUDYQURAN
  c2172  1 sources   8 segments  19,835 chars: STUDYQURAN
  c2173  1 sources  24 segments  18,813 chars: STUDYQURAN
  c2174  1 sources  26 segments  19,054 chars: STUDYQURAN
  c2175  1 sources  15 segments  19,296 chars: STUDYQURAN
  c2176  1 sources  11 segments  18,816 chars: STUDYQURAN
  c2177  1 sources  10 segments  19,221 chars: STUDYQURAN
  c2178  1 sources  12 segments  18,751 chars: STUDYQURAN
  c2179  1 sources  14 segments  19,793 chars: STUDYQURAN
  c2180  1 sources  17 segments  19,955 chars: STUDYQURAN
  c2181  1 sources  23 segments  19,317 chars: STUDYQURAN
  c2182  1 sources   9 segments  17,983 chars: STUDYQURAN
  c2183  1 sources   6 segments  18,746 chars: STUDYQURAN
  c2184  1 sources  11 segments  19,218 chars: STUDYQURAN
  c2185  1 sources  12 segments  16,998 chars: STUDYQURAN
  c2186  1 sources   1 segments  23,630 chars: STUDYQURAN
  c2187  1 sources  13 segments  16,460 chars: STUDYQURAN
  c2188  1 sources   8 segments  18,338 chars: STUDYQURAN
  c2189  1 sources  16 segments  19,573 chars: STUDYQURAN
  c2190  1 sources  13 segments  19,272 chars: STUDYQURAN
  c2191  1 sources  23 segments  19,837 chars: STUDYQURAN
  c2192  1 sources  11 segments  19,049 chars: STUDYQURAN
  c2193  1 sources  18 segments  18,688 chars: STUDYQURAN
  c2194  1 sources  10 segments  17,437 chars: STUDYQURAN
  c2195  1 sources  14 segments  19,231 chars: STUDYQURAN
  c2196  1 sources  24 segments  19,569 chars: STUDYQURAN
  c2197  1 sources  13 segments  19,657 chars: STUDYQURAN
  c2198  1 sources   9 segments  19,777 chars: STUDYQURAN
  c2199  1 sources  14 segments  18,906 chars: STUDYQURAN
  c2200  1 sources  18 segments  19,558 chars: STUDYQURAN
  c2201  1 sources  10 segments  19,561 chars: STUDYQURAN
  c2202  1 sources  22 segments  18,532 chars: STUDYQURAN
  c2203  1 sources  24 segments  19,802 chars: STUDYQURAN
  c2204  1 sources  14 segments   9,937 chars: STUDYQURAN
  c2205  1 sources  14 segments  19,038 chars: TAB-FULL
  c2206  1 sources  12 segments  18,708 chars: TAB-FULL
  c2207  1 sources  13 segments  18,256 chars: TAB-FULL
  c2208  1 sources  11 segments  18,638 chars: TAB-FULL
  c2209  1 sources  14 segments  19,022 chars: TAB-FULL
  c2210  1 sources  13 segments  18,819 chars: TAB-FULL
  c2211  1 sources  13 segments  19,214 chars: TAB-FULL
  c2212  1 sources  14 segments  19,290 chars: TAB-FULL
  c2213  1 sources  13 segments  19,120 chars: TAB-FULL
  c2214  1 sources  15 segments  18,879 chars: TAB-FULL
  c2215  1 sources  12 segments  19,252 chars: TAB-FULL
  c2216  1 sources  13 segments  18,102 chars: TAB-FULL
  c2217  1 sources  15 segments  19,568 chars: TAB-FULL
  c2218  1 sources  11 segments  18,488 chars: TAB-FULL
  c2219  1 sources  13 segments  19,156 chars: TAB-FULL
  c2220  1 sources  12 segments  18,831 chars: TAB-FULL
  c2221  1 sources  11 segments  19,242 chars: TAB-FULL
  c2222  1 sources  12 segments  18,904 chars: TAB-FULL
  c2223  1 sources  11 segments  19,610 chars: TAB-FULL
  c2224  1 sources  10 segments  17,506 chars: TAB-FULL
  c2225  1 sources  12 segments  19,931 chars: TAB-FULL
  c2226  1 sources  11 segments  19,471 chars: TAB-FULL
  c2227  1 sources  14 segments  19,304 chars: TAB-FULL
  c2228  1 sources  11 segments  18,153 chars: TAB-FULL
  c2229  1 sources  12 segments  18,409 chars: TAB-FULL
  c2230  1 sources  12 segments  19,698 chars: TAB-FULL
  c2231  1 sources  11 segments  19,795 chars: TAB-FULL
  c2232  1 sources  13 segments  19,079 chars: TAB-FULL
  c2233  1 sources  11 segments  18,908 chars: TAB-FULL
  c2234  1 sources  10 segments  19,341 chars: TAB-FULL
  c2235  1 sources  11 segments  17,999 chars: TAB-FULL
  c2236  1 sources  11 segments  19,470 chars: TAB-FULL
  c2237  1 sources  10 segments  19,636 chars: TAB-FULL
  c2238  1 sources  10 segments  18,675 chars: TAB-FULL
  c2239  1 sources  12 segments  19,655 chars: TAB-FULL
  c2240  1 sources  12 segments  19,147 chars: TAB-FULL
  c2241  1 sources  12 segments  19,496 chars: TAB-FULL
  c2242  1 sources  11 segments  19,907 chars: TAB-FULL
  c2243  1 sources  10 segments  18,489 chars: TAB-FULL
  c2244  1 sources   9 segments  18,388 chars: TAB-FULL
  c2245  1 sources  11 segments  18,968 chars: TAB-FULL
  c2246  1 sources   9 segments  18,651 chars: TAB-FULL
  c2247  1 sources  12 segments  19,982 chars: TAB-FULL
  c2248  1 sources  12 segments  18,547 chars: TAB-FULL
  c2249  1 sources  12 segments  18,091 chars: TAB-FULL
  c2250  1 sources  14 segments  19,198 chars: TAB-FULL
  c2251  1 sources  10 segments  18,421 chars: TAB-FULL
  c2252  1 sources  12 segments  19,889 chars: TAB-FULL
  c2253  1 sources  11 segments  17,865 chars: TAB-FULL
  c2254  1 sources  11 segments  18,747 chars: TAB-FULL
  c2255  1 sources  11 segments  18,951 chars: TAB-FULL
  c2256  1 sources  10 segments  19,304 chars: TAB-FULL
  c2257  1 sources  12 segments  18,600 chars: TAB-FULL
  c2258  1 sources  11 segments  19,442 chars: TAB-FULL
  c2259  1 sources  11 segments  19,666 chars: TAB-FULL
  c2260  1 sources  11 segments  18,754 chars: TAB-FULL
  c2261  1 sources  11 segments  19,844 chars: TAB-FULL
  c2262  1 sources  15 segments  19,641 chars: TAB-FULL
  c2263  1 sources  13 segments  19,226 chars: TAB-FULL
  c2264  1 sources  11 segments  18,813 chars: TAB-FULL
  c2265  1 sources  13 segments  19,724 chars: TAB-FULL
  c2266  1 sources  14 segments  19,586 chars: TAB-FULL
  c2267  1 sources  11 segments  18,560 chars: TAB-FULL
  c2268  1 sources  10 segments  19,480 chars: TAB-FULL
  c2269  1 sources  13 segments  17,977 chars: TAB-FULL
  c2270  1 sources  13 segments  19,265 chars: TAB-FULL
  c2271  1 sources   9 segments  19,397 chars: TAB-FULL
  c2272  1 sources  15 segments  19,725 chars: TAB-FULL
  c2273  1 sources  17 segments  17,874 chars: TAB-FULL
  c2274  1 sources  12 segments  18,863 chars: TAB-FULL
  c2275  1 sources  14 segments  19,417 chars: TAB-FULL
  c2276  1 sources  14 segments  19,810 chars: TAB-FULL
  c2277  1 sources  16 segments  18,883 chars: TAB-FULL
  c2278  1 sources  14 segments  19,900 chars: TAB-FULL
  c2279  1 sources  13 segments  18,187 chars: TAB-FULL
  c2280  1 sources  12 segments  19,885 chars: TAB-FULL
  c2281  1 sources  19 segments  19,963 chars: TAB-FULL
  c2282  1 sources  15 segments  19,079 chars: TAB-FULL
  c2283  1 sources  12 segments  18,033 chars: TAB-FULL
  c2284  1 sources  18 segments  19,988 chars: TAB-FULL
  c2285  1 sources  15 segments  19,484 chars: TAB-FULL
  c2286  1 sources  17 segments  19,988 chars: TAB-FULL
  c2287  1 sources  17 segments  19,910 chars: TAB-FULL
  c2288  1 sources  15 segments  18,696 chars: TAB-FULL
  c2289  1 sources  17 segments  19,009 chars: TAB-FULL
  c2290  1 sources  15 segments  18,824 chars: TAB-FULL
  c2291  1 sources  12 segments  19,839 chars: TAB-FULL
  c2292  1 sources   7 segments  16,770 chars: TAB-FULL
  c2293  1 sources  10 segments  19,016 chars: TAB-FULL
  c2294  1 sources  10 segments  18,020 chars: TAB-FULL
  c2295  1 sources  17 segments  19,990 chars: TAB-FULL
  c2296  1 sources  15 segments  19,938 chars: TAB-FULL
  c2297  1 sources  17 segments  19,374 chars: TAB-FULL
  c2298  1 sources  15 segments  19,906 chars: TAB-FULL
  c2299  1 sources  18 segments  19,748 chars: TAB-FULL
  c2300  1 sources  15 segments  18,110 chars: TAB-FULL
  c2301  1 sources  22 segments  19,569 chars: TAB-FULL
  c2302  1 sources  22 segments  18,964 chars: TAB-FULL
  c2303  1 sources  16 segments  18,899 chars: TAB-FULL
  c2304  1 sources  17 segments  19,383 chars: TAB-FULL
  c2305  1 sources  13 segments  18,737 chars: TAB-FULL
  c2306  1 sources  18 segments  19,281 chars: TAB-FULL
  c2307  1 sources  20 segments  18,802 chars: TAB-FULL
  c2308  1 sources  19 segments  19,510 chars: TAB-FULL
  c2309  1 sources  15 segments  18,379 chars: TAB-FULL
  c2310  1 sources  16 segments  19,721 chars: TAB-FULL
  c2311  1 sources  22 segments  19,826 chars: TAB-FULL
  c2312  1 sources  22 segments  19,934 chars: TAB-FULL
  c2313  1 sources  22 segments  19,951 chars: TAB-FULL
  c2314  1 sources  22 segments  19,919 chars: TAB-FULL
  c2315  1 sources  15 segments  19,325 chars: TAB-FULL
  c2316  1 sources  18 segments  19,763 chars: TAB-FULL
  c2317  1 sources  18 segments  18,832 chars: TAB-FULL
  c2318  1 sources  21 segments  18,133 chars: TAB-FULL
  c2319  1 sources  20 segments  19,995 chars: TAB-FULL
  c2320  1 sources  18 segments  19,355 chars: TAB-FULL
  c2321  1 sources  17 segments  19,696 chars: TAB-FULL
  c2322  1 sources  22 segments  19,814 chars: TAB-FULL
  c2323  1 sources  18 segments  19,838 chars: TAB-FULL
  c2324  1 sources  14 segments  19,272 chars: TAB-FULL
  c2325  1 sources  15 segments  19,548 chars: TAB-FULL
  c2326  1 sources  16 segments  18,531 chars: TAB-FULL
  c2327  1 sources  16 segments  19,760 chars: TAB-FULL
  c2328  1 sources  16 segments  19,346 chars: TAB-FULL
  c2329  1 sources  15 segments  19,242 chars: TAB-FULL
  c2330  1 sources  15 segments  19,043 chars: TAB-FULL
  c2331  1 sources  16 segments  18,775 chars: TAB-FULL
  c2332  1 sources  16 segments  19,557 chars: TAB-FULL
  c2333  1 sources  20 segments  18,389 chars: TAB-FULL
  c2334  1 sources  23 segments  19,794 chars: TAB-FULL
  c2335  1 sources  17 segments  19,870 chars: TAB-FULL
  c2336  1 sources  15 segments  19,655 chars: TAB-FULL
  c2337  1 sources  18 segments  19,749 chars: TAB-FULL
  c2338  1 sources  13 segments  18,565 chars: TAB-FULL
  c2339  1 sources  20 segments  19,881 chars: TAB-FULL
  c2340  1 sources  16 segments  18,074 chars: TAB-FULL
  c2341  1 sources  12 segments  17,500 chars: TAB-FULL
  c2342  1 sources  11 segments  19,792 chars: TABATABAI
  c2343  1 sources  10 segments  18,735 chars: TABATABAI
  c2344  1 sources  10 segments  19,931 chars: TABATABAI
  c2345  1 sources  10 segments  19,709 chars: TABATABAI
  c2346  1 sources   9 segments  19,923 chars: TABATABAI
  c2347  1 sources  11 segments  19,161 chars: TABATABAI
  c2348  1 sources  11 segments  19,636 chars: TABATABAI
  c2349  1 sources  10 segments  18,712 chars: TABATABAI
  c2350  1 sources  10 segments  18,663 chars: TABATABAI
  c2351  1 sources   9 segments  17,693 chars: TABATABAI
  c2352  1 sources  10 segments  18,137 chars: TABATABAI
  c2353  1 sources  10 segments  19,370 chars: TABATABAI
  c2354  1 sources  11 segments  18,996 chars: TABATABAI
  c2355  1 sources   8 segments  17,873 chars: TABATABAI
  c2356  1 sources  10 segments  18,844 chars: TABATABAI
  c2357  1 sources   9 segments  18,951 chars: TABATABAI
  c2358  1 sources  11 segments  19,212 chars: TABATABAI
  c2359  1 sources  10 segments  19,222 chars: TABATABAI
  c2360  1 sources  10 segments  18,848 chars: TABATABAI
  c2361  1 sources  10 segments  19,228 chars: TABATABAI
  c2362  1 sources  10 segments  18,424 chars: TABATABAI
  c2363  1 sources   9 segments  19,058 chars: TABATABAI
  c2364  1 sources  10 segments  19,002 chars: TABATABAI
  c2365  1 sources  10 segments  18,856 chars: TABATABAI
  c2366  1 sources  10 segments  19,620 chars: TABATABAI
  c2367  1 sources  10 segments  19,248 chars: TABATABAI
  c2368  1 sources   8 segments  18,384 chars: TABATABAI
  c2369  1 sources   9 segments  19,680 chars: TABATABAI
  c2370  1 sources  12 segments  19,039 chars: TABATABAI
  c2371  1 sources   9 segments  18,772 chars: TABATABAI
  c2372  1 sources   9 segments  18,478 chars: TABATABAI
  c2373  1 sources  10 segments  18,534 chars: TABATABAI
  c2374  1 sources  10 segments  18,950 chars: TABATABAI
  c2375  1 sources  10 segments  19,315 chars: TABATABAI
  c2376  1 sources   8 segments  17,329 chars: TABATABAI
  c2377  1 sources   9 segments  18,439 chars: TABATABAI
  c2378  1 sources  11 segments  19,734 chars: TABATABAI
  c2379  1 sources  10 segments  19,338 chars: TABATABAI
  c2380  1 sources  11 segments  19,489 chars: TABATABAI
  c2381  1 sources  11 segments  19,134 chars: TABATABAI
  c2382  1 sources  11 segments  19,867 chars: TABATABAI
  c2383  1 sources   9 segments  18,015 chars: TABATABAI
  c2384  1 sources  10 segments  18,606 chars: TABATABAI
  c2385  1 sources  12 segments  19,753 chars: TABATABAI
  c2386  1 sources   9 segments  19,489 chars: TABATABAI
  c2387  1 sources   9 segments  19,078 chars: TABATABAI
  c2388  1 sources  10 segments  19,162 chars: TABATABAI
  c2389  1 sources  10 segments  17,832 chars: TABATABAI
  c2390  1 sources   9 segments  19,126 chars: TABATABAI
  c2391  1 sources  10 segments  19,712 chars: TABATABAI
  c2392  1 sources  10 segments  19,140 chars: TABATABAI
  c2393  1 sources  10 segments  18,476 chars: TABATABAI
  c2394  1 sources  11 segments  19,605 chars: TABATABAI
  c2395  1 sources  10 segments  19,735 chars: TABATABAI
  c2396  1 sources   9 segments  18,058 chars: TABATABAI
  c2397  1 sources   9 segments  18,711 chars: TABATABAI
  c2398  1 sources   8 segments  18,073 chars: TABATABAI
  c2399  1 sources   9 segments  18,841 chars: TABATABAI
  c2400  1 sources  10 segments  19,158 chars: TABATABAI
  c2401  1 sources  10 segments  18,644 chars: TABATABAI
  c2402  1 sources   8 segments  18,306 chars: TABATABAI
  c2403  1 sources  11 segments  19,735 chars: TABATABAI
  c2404  1 sources   9 segments  18,683 chars: TABATABAI
  c2405  1 sources  11 segments  19,856 chars: TABATABAI
  c2406  1 sources  10 segments  18,643 chars: TABATABAI
  c2407  1 sources   9 segments  19,784 chars: TABATABAI
  c2408  1 sources  11 segments  19,967 chars: TABATABAI
  c2409  1 sources  11 segments  19,342 chars: TABATABAI
  c2410  1 sources   9 segments  18,287 chars: TABATABAI
  c2411  1 sources   9 segments  19,799 chars: TABATABAI
  c2412  1 sources  10 segments  19,287 chars: TABATABAI
  c2413  1 sources  10 segments  19,768 chars: TABATABAI
  c2414  1 sources  10 segments  18,406 chars: TABATABAI
  c2415  1 sources  11 segments  19,961 chars: TABATABAI
  c2416  1 sources   9 segments  18,872 chars: TABATABAI
  c2417  1 sources   9 segments  17,901 chars: TABATABAI
  c2418  1 sources  10 segments  18,847 chars: TABATABAI
  c2419  1 sources  10 segments  19,302 chars: TABATABAI
  c2420  1 sources  10 segments  19,547 chars: TABATABAI
  c2421  1 sources   9 segments  19,308 chars: TABATABAI
  c2422  1 sources  10 segments  19,664 chars: TABATABAI
  c2423  1 sources   9 segments  19,527 chars: TABATABAI
  c2424  1 sources   9 segments  18,950 chars: TABATABAI
  c2425  1 sources   9 segments  18,410 chars: TABATABAI
  c2426  1 sources   9 segments  18,517 chars: TABATABAI
  c2427  1 sources   9 segments  18,956 chars: TABATABAI
  c2428  1 sources  10 segments  19,983 chars: TABATABAI
  c2429  1 sources  10 segments  19,481 chars: TABATABAI
  c2430  1 sources   9 segments  19,394 chars: TABATABAI
  c2431  1 sources  10 segments  19,193 chars: TABATABAI
  c2432  1 sources   9 segments  19,236 chars: TABATABAI
  c2433  1 sources   9 segments  19,522 chars: TABATABAI
  c2434  1 sources  10 segments  18,643 chars: TABATABAI
  c2435  1 sources   9 segments  18,335 chars: TABATABAI
  c2436  1 sources   9 segments  18,669 chars: TABATABAI
  c2437  1 sources  10 segments  18,709 chars: TABATABAI
  c2438  1 sources   9 segments  19,097 chars: TABATABAI
  c2439  1 sources  10 segments  19,457 chars: TABATABAI
  c2440  1 sources  11 segments  19,233 chars: TABATABAI
  c2441  1 sources   9 segments  18,348 chars: TABATABAI
  c2442  1 sources   9 segments  18,595 chars: TABATABAI
  c2443  1 sources   9 segments  17,751 chars: TABATABAI
  c2444  1 sources   9 segments  18,936 chars: TABATABAI
  c2445  1 sources  10 segments  18,096 chars: TABATABAI
  c2446  1 sources   8 segments  18,442 chars: TABATABAI
  c2447  1 sources   9 segments  19,180 chars: TABATABAI
  c2448  1 sources   9 segments  18,756 chars: TABATABAI
  c2449  1 sources   8 segments  17,468 chars: TABATABAI
  c2450  1 sources   9 segments  19,346 chars: TABATABAI
  c2451  1 sources  10 segments  19,864 chars: TABATABAI
  c2452  1 sources   8 segments  18,019 chars: TABATABAI
  c2453  1 sources   8 segments  18,132 chars: TABATABAI
  c2454  1 sources  11 segments  19,575 chars: TABATABAI
  c2455  1 sources  11 segments  18,986 chars: TABATABAI
  c2456  1 sources   9 segments  18,143 chars: TABATABAI
  c2457  1 sources   9 segments  18,346 chars: TABATABAI
  c2458  1 sources   9 segments  18,439 chars: TABATABAI
  c2459  1 sources   9 segments  18,419 chars: TABATABAI
  c2460  1 sources  11 segments  19,714 chars: TABATABAI
  c2461  1 sources  10 segments  19,814 chars: TABATABAI
  c2462  1 sources  10 segments  19,649 chars: TABATABAI
  c2463  1 sources  10 segments  18,693 chars: TABATABAI
  c2464  1 sources   8 segments  17,860 chars: TABATABAI
  c2465  1 sources   8 segments  18,698 chars: TABATABAI
  c2466  1 sources   9 segments  18,507 chars: TABATABAI
  c2467  1 sources   9 segments  19,347 chars: TABATABAI
  c2468  1 sources   9 segments  18,567 chars: TABATABAI
  c2469  1 sources  10 segments  18,321 chars: TABATABAI
  c2470  1 sources   9 segments  18,876 chars: TABATABAI
  c2471  1 sources  11 segments  19,522 chars: TABATABAI
  c2472  1 sources   9 segments  17,879 chars: TABATABAI
  c2473  1 sources   9 segments  18,974 chars: TABATABAI
  c2474  1 sources  10 segments  19,637 chars: TABATABAI
  c2475  1 sources   9 segments  19,376 chars: TABATABAI
  c2476  1 sources   9 segments  19,291 chars: TABATABAI
  c2477  1 sources   9 segments  18,558 chars: TABATABAI
  c2478  1 sources   8 segments  18,903 chars: TABATABAI
  c2479  1 sources  11 segments  18,962 chars: TABATABAI
  c2480  1 sources  10 segments  18,992 chars: TABATABAI
  c2481  1 sources  10 segments  18,229 chars: TABATABAI
  c2482  1 sources   9 segments  17,939 chars: TABATABAI
  c2483  1 sources   9 segments  17,854 chars: TABATABAI
  c2484  1 sources  10 segments  18,678 chars: TABATABAI
  c2485  1 sources   8 segments  18,431 chars: TABATABAI
  c2486  1 sources   9 segments  19,151 chars: TABATABAI
  c2487  1 sources  10 segments  19,066 chars: TABATABAI
  c2488  1 sources  10 segments  19,482 chars: TABATABAI
  c2489  1 sources   9 segments  18,968 chars: TABATABAI
  c2490  1 sources   9 segments  19,803 chars: TABATABAI
  c2491  1 sources  11 segments  19,362 chars: TABATABAI
  c2492  1 sources  10 segments  18,002 chars: TABATABAI
  c2493  1 sources  10 segments  18,747 chars: TABATABAI
  c2494  1 sources  11 segments  19,953 chars: TABATABAI
  c2495  1 sources  10 segments  18,636 chars: TABATABAI
  c2496  1 sources  10 segments  18,064 chars: TABATABAI
  c2497  1 sources  12 segments  18,713 chars: TABATABAI
  c2498  1 sources  11 segments  19,977 chars: TABATABAI
  c2499  1 sources  10 segments  19,451 chars: TABATABAI
  c2500  1 sources   9 segments  19,605 chars: TABATABAI
  c2501  1 sources   9 segments  19,325 chars: TABATABAI
  c2502  1 sources   9 segments  19,814 chars: TABATABAI
  c2503  1 sources  11 segments  18,728 chars: TABATABAI
  c2504  1 sources   9 segments  18,643 chars: TABATABAI
  c2505  1 sources   9 segments  19,075 chars: TABATABAI
  c2506  1 sources  11 segments  19,565 chars: TABATABAI
  c2507  1 sources  10 segments  18,379 chars: TABATABAI
  c2508  1 sources  11 segments  19,502 chars: TABATABAI
  c2509  1 sources  10 segments  19,753 chars: TABATABAI
  c2510  1 sources   9 segments  18,279 chars: TABATABAI
  c2511  1 sources  11 segments  19,635 chars: TABATABAI
  c2512  1 sources   9 segments  18,345 chars: TABATABAI
  c2513  1 sources   8 segments  19,295 chars: TABATABAI
  c2514  1 sources   8 segments  18,391 chars: TABATABAI
  c2515  1 sources   9 segments  18,687 chars: TABATABAI
  c2516  1 sources   9 segments  17,979 chars: TABATABAI
  c2517  1 sources   9 segments  18,458 chars: TABATABAI
  c2518  1 sources   9 segments  19,640 chars: TABATABAI
  c2519  1 sources   9 segments  18,251 chars: TABATABAI
  c2520  1 sources  10 segments  19,741 chars: TABATABAI
  c2521  1 sources   9 segments  19,938 chars: TABATABAI
  c2522  1 sources  10 segments  18,352 chars: TABATABAI
  c2523  1 sources  11 segments  19,823 chars: TABATABAI
  c2524  1 sources  10 segments  19,835 chars: TABATABAI
  c2525  1 sources   9 segments  18,377 chars: TABATABAI
  c2526  1 sources  10 segments  19,738 chars: TABATABAI
  c2527  1 sources  11 segments  18,797 chars: TABATABAI
  c2528  1 sources   9 segments  17,962 chars: TABATABAI
  c2529  1 sources  10 segments  18,048 chars: TABATABAI
  c2530  1 sources  10 segments  18,538 chars: TABATABAI
  c2531  1 sources   9 segments  19,822 chars: TABATABAI
  c2532  1 sources  11 segments  19,582 chars: TABATABAI
  c2533  1 sources   9 segments  19,143 chars: TABATABAI
  c2534  1 sources  10 segments  18,574 chars: TABATABAI
  c2535  1 sources   8 segments  16,266 chars: TABATABAI
  c2536  1 sources  11 segments  19,754 chars: TABRISI
  c2537  1 sources  13 segments  19,757 chars: TABRISI
  c2538  1 sources  13 segments  19,784 chars: TABRISI
  c2539  1 sources  11 segments  19,183 chars: TABRISI
  c2540  1 sources  10 segments  18,511 chars: TABRISI
  c2541  1 sources  10 segments  18,260 chars: TABRISI
  c2542  1 sources  14 segments  19,451 chars: TABRISI
  c2543  1 sources  10 segments  18,256 chars: TABRISI
  c2544  1 sources  10 segments  19,191 chars: TABRISI
  c2545  1 sources  11 segments  17,518 chars: TABRISI
  c2546  1 sources  11 segments  19,197 chars: TABRISI
  c2547  1 sources  11 segments  19,017 chars: TABRISI
  c2548  1 sources  12 segments  18,373 chars: TABRISI
  c2549  1 sources  13 segments  19,131 chars: TABRISI
  c2550  1 sources  12 segments  18,706 chars: TABRISI
  c2551  1 sources  12 segments  18,309 chars: TABRISI
  c2552  1 sources  13 segments  19,947 chars: TABRISI
  c2553  1 sources  13 segments  19,184 chars: TABRISI
  c2554  1 sources  13 segments  18,919 chars: TABRISI
  c2555  1 sources  11 segments  18,859 chars: TABRISI
  c2556  1 sources  11 segments  19,717 chars: TABRISI
  c2557  1 sources  11 segments  18,671 chars: TABRISI
  c2558  1 sources  10 segments  19,742 chars: TABRISI
  c2559  1 sources  11 segments  19,589 chars: TABRISI
  c2560  1 sources  11 segments  19,995 chars: TABRISI
  c2561  1 sources  13 segments  19,729 chars: TABRISI
  c2562  1 sources  15 segments  19,057 chars: TABRISI
  c2563  1 sources  11 segments  18,419 chars: TABRISI
  c2564  1 sources  11 segments  18,338 chars: TABRISI
  c2565  1 sources  11 segments  18,098 chars: TABRISI
  c2566  1 sources  10 segments  18,595 chars: TABRISI
  c2567  1 sources   9 segments  18,128 chars: TABRISI
  c2568  1 sources  12 segments  19,589 chars: TABRISI
  c2569  1 sources  14 segments  19,853 chars: TABRISI
  c2570  1 sources  12 segments  19,611 chars: TABRISI
  c2571  1 sources  12 segments  18,229 chars: TABRISI
  c2572  1 sources   9 segments  19,739 chars: TABRISI
  c2573  1 sources  10 segments  19,468 chars: TABRISI
  c2574  1 sources  12 segments  19,117 chars: TABRISI
  c2575  1 sources  12 segments  19,839 chars: TABRISI
  c2576  1 sources  11 segments  19,424 chars: TABRISI
  c2577  1 sources  10 segments  18,755 chars: TABRISI
  c2578  1 sources  11 segments  18,782 chars: TABRISI
  c2579  1 sources  11 segments  18,538 chars: TABRISI
  c2580  1 sources  10 segments  18,245 chars: TABRISI
  c2581  1 sources   9 segments  19,098 chars: TABRISI
  c2582  1 sources   9 segments  18,832 chars: TABRISI
  c2583  1 sources  11 segments  18,423 chars: TABRISI
  c2584  1 sources  11 segments  18,877 chars: TABRISI
  c2585  1 sources  10 segments  18,164 chars: TABRISI
  c2586  1 sources  10 segments  19,444 chars: TABRISI
  c2587  1 sources  11 segments  19,877 chars: TABRISI
  c2588  1 sources   9 segments  19,384 chars: TABRISI
  c2589  1 sources  12 segments  18,689 chars: TABRISI
  c2590  1 sources  12 segments  19,929 chars: TABRISI
  c2591  1 sources  11 segments  18,987 chars: TABRISI
  c2592  1 sources  12 segments  19,835 chars: TABRISI
  c2593  1 sources  11 segments  19,917 chars: TABRISI
  c2594  1 sources  11 segments  18,985 chars: TABRISI
  c2595  1 sources  11 segments  18,857 chars: TABRISI
  c2596  1 sources   9 segments  19,278 chars: TABRISI
  c2597  1 sources  11 segments  19,109 chars: TABRISI
  c2598  1 sources  12 segments  19,912 chars: TABRISI
  c2599  1 sources  11 segments  19,408 chars: TABRISI
  c2600  1 sources   9 segments  18,155 chars: TABRISI
  c2601  1 sources  11 segments  19,082 chars: TABRISI
  c2602  1 sources  11 segments  18,929 chars: TABRISI
  c2603  1 sources  10 segments  18,912 chars: TABRISI
  c2604  1 sources  13 segments  17,722 chars: TABRISI
  c2605  1 sources  11 segments  19,028 chars: TABRISI
  c2606  1 sources  10 segments  19,805 chars: TABRISI
  c2607  1 sources  11 segments  19,673 chars: TABRISI
  c2608  1 sources  10 segments  19,671 chars: TABRISI
  c2609  1 sources  13 segments  19,331 chars: TABRISI
  c2610  1 sources  11 segments  18,857 chars: TABRISI
  c2611  1 sources  10 segments  18,571 chars: TABRISI
  c2612  1 sources  11 segments  19,588 chars: TABRISI
  c2613  1 sources  10 segments  19,296 chars: TABRISI
  c2614  1 sources  11 segments  18,472 chars: TABRISI
  c2615  1 sources  10 segments  19,964 chars: TABRISI
  c2616  1 sources  11 segments  18,151 chars: TABRISI
  c2617  1 sources  11 segments  19,612 chars: TABRISI
  c2618  1 sources  12 segments  18,730 chars: TABRISI
  c2619  1 sources   9 segments  18,255 chars: TABRISI
  c2620  1 sources  10 segments  18,527 chars: TABRISI
  c2621  1 sources  11 segments  19,133 chars: TABRISI
  c2622  1 sources   5 segments   8,005 chars: TABRISI
  c2623  1 sources  12 segments  18,539 chars: THALABI
  c2624  1 sources  12 segments  18,578 chars: THALABI
  c2625  1 sources  13 segments  19,563 chars: THALABI
  c2626  1 sources  12 segments  18,755 chars: THALABI
  c2627  1 sources  11 segments  18,374 chars: THALABI
  c2628  1 sources  12 segments  19,233 chars: THALABI
  c2629  1 sources  12 segments  19,498 chars: THALABI
  c2630  1 sources  12 segments  19,389 chars: THALABI
  c2631  1 sources  10 segments  18,473 chars: THALABI
  c2632  1 sources  11 segments  18,727 chars: THALABI
  c2633  1 sources  11 segments  18,399 chars: THALABI
  c2634  1 sources  14 segments  19,106 chars: THALABI
  c2635  1 sources  11 segments  18,832 chars: THALABI
  c2636  1 sources  11 segments  19,174 chars: THALABI
  c2637  1 sources  11 segments  19,513 chars: THALABI
  c2638  1 sources  10 segments  18,922 chars: THALABI
  c2639  1 sources  11 segments  19,559 chars: THALABI
  c2640  1 sources  11 segments  18,503 chars: THALABI
  c2641  1 sources  11 segments  19,090 chars: THALABI
  c2642  1 sources  12 segments  19,995 chars: THALABI
  c2643  1 sources  11 segments  18,756 chars: THALABI
  c2644  1 sources  13 segments  19,783 chars: THALABI
  c2645  1 sources  11 segments  19,493 chars: THALABI
  c2646  1 sources  13 segments  19,327 chars: THALABI
  c2647  1 sources  11 segments  19,084 chars: THALABI
  c2648  1 sources  11 segments  18,304 chars: THALABI
  c2649  1 sources  11 segments  18,699 chars: THALABI
  c2650  1 sources  11 segments  18,736 chars: THALABI
  c2651  1 sources  12 segments  19,146 chars: THALABI
  c2652  1 sources  12 segments  19,085 chars: THALABI
  c2653  1 sources  11 segments  18,775 chars: THALABI
  c2654  1 sources  12 segments  19,078 chars: THALABI
  c2655  1 sources  11 segments  19,419 chars: THALABI
  c2656  1 sources  11 segments  18,941 chars: THALABI
  c2657  1 sources  11 segments  18,379 chars: THALABI
  c2658  1 sources  13 segments  19,598 chars: THALABI
  c2659  1 sources  11 segments  18,587 chars: THALABI
  c2660  1 sources  11 segments  19,971 chars: THALABI
  c2661  1 sources  12 segments  18,209 chars: THALABI
  c2662  1 sources  11 segments  19,443 chars: THALABI
  c2663  1 sources  12 segments  18,830 chars: THALABI
  c2664  1 sources  12 segments  18,727 chars: THALABI
  c2665  1 sources  12 segments  18,784 chars: THALABI
  c2666  1 sources  13 segments  19,673 chars: THALABI
  c2667  1 sources  12 segments  19,788 chars: THALABI
  c2668  1 sources  12 segments  18,630 chars: THALABI
  c2669  1 sources  11 segments  18,791 chars: THALABI
  c2670  1 sources  10 segments  18,300 chars: THALABI
  c2671  1 sources  13 segments  19,263 chars: THALABI
  c2672  1 sources  12 segments  19,470 chars: THALABI
  c2673  1 sources  12 segments  19,548 chars: THALABI
  c2674  1 sources  14 segments  19,300 chars: THALABI
  c2675  1 sources  12 segments  18,951 chars: THALABI
  c2676  1 sources  12 segments  19,623 chars: THALABI
  c2677  1 sources  13 segments  19,149 chars: THALABI
  c2678  1 sources  12 segments  18,952 chars: THALABI
  c2679  1 sources  12 segments  19,581 chars: THALABI
  c2680  1 sources  13 segments  19,937 chars: THALABI
  c2681  1 sources  12 segments  19,802 chars: THALABI
  c2682  1 sources  13 segments  19,720 chars: THALABI
  c2683  1 sources  11 segments  18,628 chars: THALABI
  c2684  1 sources  12 segments  19,946 chars: THALABI
  c2685  1 sources  12 segments  18,824 chars: THALABI
  c2686  1 sources  12 segments  18,424 chars: THALABI
  c2687  1 sources  12 segments  19,742 chars: THALABI
  c2688  1 sources  13 segments  19,699 chars: THALABI
  c2689  1 sources  13 segments  19,835 chars: THALABI
  c2690  1 sources  11 segments  18,861 chars: THALABI
  c2691  1 sources  11 segments  18,343 chars: THALABI
  c2692  1 sources  12 segments  19,635 chars: THALABI
  c2693  1 sources  12 segments  18,820 chars: THALABI
  c2694  1 sources  13 segments  19,606 chars: THALABI
  c2695  1 sources  12 segments  19,123 chars: THALABI
  c2696  1 sources  13 segments  19,376 chars: THALABI
  c2697  1 sources  13 segments  19,915 chars: THALABI
  c2698  1 sources  12 segments  18,399 chars: THALABI
  c2699  1 sources  11 segments  18,837 chars: THALABI
  c2700  1 sources  12 segments  19,417 chars: THALABI
  c2701  1 sources  12 segments  18,266 chars: THALABI
  c2702  1 sources  11 segments  19,096 chars: THALABI
  c2703  1 sources  13 segments  19,265 chars: THALABI
  c2704  1 sources  13 segments  19,604 chars: THALABI
  c2705  1 sources   6 segments   8,968 chars: THALABI
  c2706  1 sources  15 segments  18,668 chars: WAHIDI-BASIT
  c2707  1 sources  13 segments  19,367 chars: WAHIDI-BASIT
  c2708  1 sources  15 segments  18,501 chars: WAHIDI-BASIT
  c2709  1 sources  16 segments  19,772 chars: WAHIDI-BASIT
  c2710  1 sources  14 segments  18,507 chars: WAHIDI-BASIT
  c2711  1 sources  15 segments  18,779 chars: WAHIDI-BASIT
  c2712  1 sources  17 segments  19,946 chars: WAHIDI-BASIT
  c2713  1 sources  18 segments  19,749 chars: WAHIDI-BASIT
  c2714  1 sources  15 segments  19,721 chars: WAHIDI-BASIT
  c2715  1 sources  15 segments  18,871 chars: WAHIDI-BASIT
  c2716  1 sources  16 segments  19,290 chars: WAHIDI-BASIT
  c2717  1 sources  15 segments  18,402 chars: WAHIDI-BASIT
  c2718  1 sources  20 segments  19,545 chars: WAHIDI-BASIT
  c2719  1 sources  22 segments  19,890 chars: WAHIDI-BASIT
  c2720  1 sources  18 segments  19,831 chars: WAHIDI-BASIT
  c2721  1 sources  20 segments  19,238 chars: WAHIDI-BASIT
  c2722  1 sources  18 segments  19,411 chars: WAHIDI-BASIT
  c2723  1 sources  20 segments  19,433 chars: WAHIDI-BASIT
  c2724  1 sources  19 segments  18,327 chars: WAHIDI-BASIT
  c2725  1 sources  19 segments  19,430 chars: WAHIDI-BASIT
  c2726  1 sources  18 segments  18,869 chars: WAHIDI-BASIT
  c2727  1 sources  15 segments  19,596 chars: WAHIDI-BASIT
  c2728  1 sources  15 segments  19,608 chars: WAHIDI-BASIT
  c2729  1 sources  18 segments  18,767 chars: WAHIDI-BASIT
  c2730  1 sources  16 segments  19,286 chars: WAHIDI-BASIT
  c2731  1 sources  22 segments  19,281 chars: WAHIDI-BASIT
  c2732  1 sources  18 segments  18,643 chars: WAHIDI-BASIT
  c2733  1 sources  18 segments  19,412 chars: WAHIDI-BASIT
  c2734  1 sources  26 segments  19,507 chars: WAHIDI-BASIT
  c2735  1 sources  19 segments  19,652 chars: WAHIDI-BASIT
  c2736  1 sources  18 segments  19,519 chars: WAHIDI-BASIT
  c2737  1 sources  18 segments  19,569 chars: WAHIDI-BASIT
  c2738  1 sources  23 segments  19,577 chars: WAHIDI-BASIT
  c2739  1 sources  19 segments  19,124 chars: WAHIDI-BASIT
  c2740  1 sources  20 segments  18,318 chars: WAHIDI-BASIT
  c2741  1 sources  16 segments  19,216 chars: WAHIDI-BASIT
  c2742  1 sources  23 segments  18,886 chars: WAHIDI-BASIT
  c2743  1 sources  28 segments  19,428 chars: WAHIDI-BASIT
  c2744  1 sources  22 segments  19,789 chars: WAHIDI-BASIT
  c2745  1 sources  25 segments  19,737 chars: WAHIDI-BASIT
  c2746  1 sources  22 segments  19,952 chars: WAHIDI-BASIT
  c2747  1 sources  26 segments  19,797 chars: WAHIDI-BASIT
  c2748  1 sources  17 segments  19,076 chars: WAHIDI-BASIT
  c2749  1 sources  21 segments  19,699 chars: WAHIDI-BASIT
  c2750  1 sources  26 segments  19,381 chars: WAHIDI-BASIT
  c2751  1 sources  19 segments  18,646 chars: WAHIDI-BASIT
  c2752  1 sources  18 segments  19,342 chars: WAHIDI-BASIT
  c2753  1 sources  33 segments  19,759 chars: WAHIDI-BASIT
  c2754  1 sources  23 segments  18,594 chars: WAHIDI-BASIT
  c2755  1 sources  22 segments  19,663 chars: WAHIDI-BASIT
  c2756  1 sources  24 segments  19,549 chars: WAHIDI-BASIT
  c2757  1 sources  22 segments  19,148 chars: WAHIDI-BASIT
  c2758  1 sources  22 segments  18,852 chars: WAHIDI-BASIT
  c2759  1 sources  26 segments  19,876 chars: WAHIDI-BASIT
  c2760  1 sources  26 segments  19,024 chars: WAHIDI-BASIT
  c2761  1 sources  27 segments  18,751 chars: WAHIDI-BASIT
  c2762  1 sources  26 segments  19,768 chars: WAHIDI-BASIT
  c2763  1 sources  33 segments  19,912 chars: WAHIDI-BASIT
  c2764  1 sources  24 segments  19,411 chars: WAHIDI-BASIT
  c2765  1 sources  30 segments  19,365 chars: WAHIDI-BASIT
  c2766  1 sources  22 segments  18,767 chars: WAHIDI-BASIT
  c2767  1 sources  21 segments  19,806 chars: WAHIDI-BASIT
  c2768  1 sources  20 segments  19,593 chars: WAHIDI-BASIT
  c2769  1 sources  21 segments  19,601 chars: WAHIDI-BASIT
  c2770  1 sources  18 segments  19,030 chars: WAHIDI-BASIT
  c2771  1 sources  17 segments  19,112 chars: WAHIDI-BASIT
  c2772  1 sources  20 segments  19,614 chars: WAHIDI-BASIT
  c2773  1 sources  25 segments  15,392 chars: WAHIDI-BASIT
  c2774  1 sources  24 segments  19,238 chars: WAHIDI-WAJIZ
  c2775  1 sources  21 segments  19,566 chars: WAHIDI-WAJIZ
  c2776  1 sources  26 segments  19,502 chars: WAHIDI-WAJIZ
  c2777  1 sources  26 segments  19,291 chars: WAHIDI-WAJIZ
  c2778  1 sources  23 segments  19,563 chars: WAHIDI-WAJIZ
  c2779  1 sources  26 segments  19,644 chars: WAHIDI-WAJIZ
  c2780  1 sources  28 segments  19,585 chars: WAHIDI-WAJIZ
  c2781  1 sources  32 segments  19,955 chars: WAHIDI-WAJIZ
  c2782  1 sources  30 segments  19,461 chars: WAHIDI-WAJIZ
  c2783  1 sources  31 segments  19,913 chars: WAHIDI-WAJIZ
  c2784  1 sources  34 segments  19,990 chars: WAHIDI-WAJIZ
  c2785  1 sources  36 segments  19,712 chars: WAHIDI-WAJIZ
  c2786  1 sources  36 segments  19,725 chars: WAHIDI-WAJIZ
  c2787  1 sources  31 segments  19,311 chars: WAHIDI-WAJIZ
  c2788  1 sources  33 segments  19,873 chars: WAHIDI-WAJIZ
  c2789  1 sources  30 segments  18,625 chars: WAHIDI-WAJIZ
  c2790  1 sources  21 segments  19,565 chars: YAHYA-SALLAM
  c2791  1 sources  25 segments  19,982 chars: YAHYA-SALLAM
  c2792  1 sources  18 segments  19,942 chars: YAHYA-SALLAM
  c2793  1 sources  20 segments  18,873 chars: YAHYA-SALLAM
  c2794  1 sources  19 segments  19,224 chars: YAHYA-SALLAM
  c2795  1 sources  20 segments  18,875 chars: YAHYA-SALLAM
  c2796  1 sources  21 segments  19,565 chars: YAHYA-SALLAM
  c2797  1 sources  19 segments  19,283 chars: YAHYA-SALLAM
  c2798  1 sources  20 segments  19,529 chars: YAHYA-SALLAM
  c2799  1 sources  16 segments  19,027 chars: YAHYA-SALLAM
  c2800  1 sources  18 segments  19,230 chars: YAHYA-SALLAM
  c2801  1 sources  21 segments  19,459 chars: YAHYA-SALLAM
  c2802  1 sources   7 segments   6,003 chars: YAHYA-SALLAM
  c2803  1 sources   4 segments  18,841 chars: ELMALILI
  c2804  1 sources   3 segments  17,193 chars: ELMALILI
  c2805  1 sources   4 segments  15,929 chars: ELMALILI
  c2806  1 sources   3 segments  14,348 chars: ELMALILI
  c2807  1 sources   5 segments  17,970 chars: ELMALILI
  c2808  1 sources   3 segments  16,008 chars: ELMALILI
  c2809  1 sources   3 segments  18,690 chars: ELMALILI
  c2810  1 sources   4 segments  17,133 chars: ELMALILI
  c2811  1 sources   4 segments  16,850 chars: ELMALILI
  c2812  1 sources   3 segments  12,266 chars: ELMALILI
  c2813  1 sources   2 segments  17,853 chars: ELMALILI
  c2814  1 sources   3 segments  15,706 chars: ELMALILI
  c2815  1 sources   3 segments  16,244 chars: ELMALILI
  c2816  1 sources   3 segments  17,793 chars: ELMALILI
  c2817  1 sources   3 segments  16,594 chars: ELMALILI
  c2818  1 sources   3 segments  16,004 chars: ELMALILI
  c2819  1 sources   3 segments  12,977 chars: ELMALILI
  c2820  1 sources   3 segments  14,103 chars: ELMALILI
  c2821  1 sources   4 segments  18,197 chars: ELMALILI
  c2822  1 sources   3 segments  15,788 chars: ELMALILI
  c2823  1 sources   2 segments  16,116 chars: ELMALILI
  c2824  1 sources   3 segments  18,046 chars: ELMALILI
  c2825  1 sources   3 segments  17,595 chars: ELMALILI
  c2826  1 sources   2 segments  13,370 chars: ELMALILI
  c2827  1 sources   5 segments  18,327 chars: ELMALILI
  c2828  1 sources   5 segments  18,379 chars: ELMALILI
  c2829  1 sources  10 segments  14,960 chars: ELMALILI
  c2830  1 sources   4 segments  19,862 chars: ELMALILI
  c2831  1 sources   3 segments  14,708 chars: ELMALILI
  c2832  1 sources   3 segments  14,908 chars: ELMALILI
  c2833  1 sources   3 segments  17,233 chars: ELMALILI
  c2834  1 sources   7 segments  19,631 chars: ELMALILI
  c2835  1 sources   3 segments  12,984 chars: ELMALILI
  c2836  1 sources   3 segments  16,682 chars: ELMALILI
  c2837  1 sources   4 segments  15,661 chars: ELMALILI
  c2838  1 sources   3 segments  17,483 chars: ELMALILI
  c2839  1 sources   3 segments  15,004 chars: ELMALILI
  c2840  1 sources   3 segments  16,906 chars: ELMALILI
  c2841  1 sources   3 segments  17,266 chars: ELMALILI
  c2842  1 sources   5 segments  18,109 chars: ELMALILI
  c2843  1 sources   3 segments  18,227 chars: ELMALILI
  c2844  1 sources   4 segments  18,911 chars: ELMALILI
  c2845  1 sources   4 segments  19,639 chars: ELMALILI
  c2846  1 sources   4 segments  15,943 chars: ELMALILI
  c2847  1 sources   4 segments  19,200 chars: ELMALILI
  c2848  1 sources   3 segments  11,448 chars: ELMALILI
  c2849  1 sources   2 segments  14,343 chars: ELMALILI
  c2850  1 sources   4 segments  14,912 chars: ELMALILI
  c2851  1 sources   5 segments  19,238 chars: ELMALILI
  c2852  1 sources   3 segments  13,602 chars: ELMALILI
  c2853  1 sources   5 segments  19,075 chars: ELMALILI
  c2854  1 sources   4 segments  17,549 chars: ELMALILI
  c2855  1 sources   5 segments  18,388 chars: ELMALILI
  c2856  1 sources   4 segments  18,588 chars: ELMALILI
  c2857  1 sources   6 segments  16,387 chars: ELMALILI
  c2858  1 sources   5 segments  17,486 chars: ELMALILI
  c2859  1 sources   5 segments  19,043 chars: ELMALILI
  c2860  1 sources   4 segments  16,358 chars: ELMALILI
  c2861  1 sources   8 segments  13,775 chars: ELMALILI
  c2862  1 sources   3 segments  14,381 chars: ELMALILI
  c2863  1 sources   5 segments  17,864 chars: ELMALILI
  c2864  1 sources   5 segments  18,927 chars: ELMALILI
  c2865  1 sources   6 segments  18,895 chars: ELMALILI
  c2866  1 sources   4 segments  15,258 chars: ELMALILI
  c2867  1 sources   5 segments  18,453 chars: ELMALILI
  c2868  1 sources   7 segments  19,340 chars: ELMALILI
  c2869  1 sources   8 segments  19,696 chars: ELMALILI
  c2870  1 sources   7 segments  19,476 chars: ELMALILI
  c2871  1 sources  15 segments  19,555 chars: ELMALILI
  c2872  1 sources  10 segments  16,448 chars: ELMALILI
  c2873  1 sources  12 segments  19,999 chars: ELMALILI
  c2874  1 sources   6 segments  15,251 chars: ELMALILI
  c2875  1 sources   4 segments  17,714 chars: ELMALILI
  c2876  1 sources   5 segments  19,927 chars: ELMALILI
  c2877  1 sources   4 segments  18,246 chars: ELMALILI
  c2878  1 sources  10 segments  17,636 chars: ELMALILI
  c2879  1 sources   8 segments  19,124 chars: ELMALILI
  c2880  1 sources   6 segments  18,725 chars: ELMALILI
  c2881  1 sources   6 segments  15,089 chars: ELMALILI
  c2882  1 sources   7 segments  18,883 chars: ELMALILI
  c2883  1 sources   8 segments  18,665 chars: ELMALILI
  c2884  1 sources   4 segments  18,757 chars: ELMALILI
  c2885  1 sources  10 segments  18,861 chars: ELMALILI
  c2886  1 sources   3 segments  16,328 chars: ELMALILI
  c2887  1 sources   4 segments  14,186 chars: ELMALILI
  c2888  1 sources   6 segments  18,860 chars: ELMALILI
  c2889  1 sources   4 segments  17,714 chars: ELMALILI
  c2890  1 sources   4 segments  13,975 chars: ELMALILI
  c2891  1 sources   4 segments  16,489 chars: ELMALILI
  c2892  1 sources   3 segments  11,495 chars: ELMALILI
  c2893  1 sources   1 segments  13,978 chars: ELMALILI
  c2894  1 sources   4 segments  15,424 chars: ELMALILI
  c2895  1 sources   5 segments  16,090 chars: ELMALILI
  c2896  1 sources   5 segments  19,153 chars: ELMALILI
  c2897  1 sources   4 segments  19,334 chars: ELMALILI
  c2898  1 sources   8 segments  17,271 chars: ELMALILI
  c2899  1 sources   4 segments  17,127 chars: ELMALILI
  c2900  1 sources   4 segments  17,963 chars: ELMALILI
  c2901  1 sources   4 segments  13,907 chars: ELMALILI
  c2902  1 sources   3 segments  13,153 chars: ELMALILI
  c2903  1 sources   6 segments  18,736 chars: ELMALILI
  c2904  1 sources   5 segments  18,420 chars: ELMALILI
  c2905  1 sources   4 segments  18,509 chars: ELMALILI
  c2906  1 sources   4 segments  16,756 chars: ELMALILI
  c2907  1 sources   3 segments  11,739 chars: ELMALILI
  c2908  1 sources   2 segments  17,761 chars: ELMALILI
  c2909  1 sources   3 segments  14,307 chars: ELMALILI
  c2910  1 sources   3 segments  14,384 chars: ELMALILI
  c2911  1 sources   4 segments  19,855 chars: ELMALILI
  c2912  1 sources   3 segments  16,336 chars: ELMALILI
  c2913  1 sources   4 segments  18,013 chars: ELMALILI
  c2914  1 sources   4 segments  19,796 chars: ELMALILI
  c2915  1 sources   4 segments  17,225 chars: ELMALILI
  c2916  1 sources   3 segments  13,526 chars: ELMALILI
  c2917  1 sources   3 segments  15,513 chars: ELMALILI
  c2918  1 sources   3 segments  18,004 chars: ELMALILI
  c2919  1 sources   3 segments  18,156 chars: ELMALILI
  c2920  1 sources   4 segments  14,030 chars: ELMALILI
  c2921  1 sources   3 segments  10,272 chars: ELMALILI
  c2922  1 sources   3 segments  19,037 chars: ELMALILI
  c2923  1 sources   4 segments  18,333 chars: ELMALILI
  c2924  1 sources   4 segments  19,404 chars: ELMALILI
  c2925  1 sources   3 segments  12,793 chars: ELMALILI
  c2926  1 sources   3 segments  14,977 chars: ELMALILI
  c2927  1 sources   3 segments  13,681 chars: ELMALILI
  c2928  1 sources   2 segments  17,524 chars: ELMALILI
  c2929  1 sources   3 segments  13,640 chars: ELMALILI
  c2930  1 sources   3 segments  16,130 chars: ELMALILI
  c2931  1 sources   3 segments  13,156 chars: ELMALILI
  c2932  1 sources   4 segments  19,620 chars: ELMALILI
  c2933  1 sources   4 segments  19,681 chars: ELMALILI
  c2934  1 sources   3 segments  16,401 chars: ELMALILI
  c2935  1 sources   3 segments  16,043 chars: ELMALILI
  c2936  1 sources   1 segments  17,216 chars: ELMALILI
  c2937  1 sources   1 segments  17,902 chars: ELMALILI
  c2938  1 sources   2 segments  15,136 chars: ELMALILI
  c2939  1 sources   3 segments  16,700 chars: ELMALILI
  c2940  1 sources   3 segments  15,634 chars: ELMALILI
  c2941  1 sources   2 segments  14,502 chars: ELMALILI
  c2942  1 sources   3 segments  19,346 chars: ELMALILI
  c2943  1 sources   5 segments  19,930 chars: ELMALILI
  c2944  1 sources   5 segments  19,550 chars: ELMALILI
  c2945  1 sources   5 segments  18,688 chars: ELMALILI
  c2946  1 sources   4 segments  19,006 chars: ELMALILI
  c2947  1 sources   5 segments  17,267 chars: ELMALILI
  c2948  1 sources   1 segments   4,187 chars: ELMALILI
  c2949  1 sources   8 segments  17,736 chars: KURANYOLU-TEFSIR
  c2950  1 sources   3 segments  17,471 chars: KURANYOLU-TEFSIR
  c2951  1 sources   7 segments  15,570 chars: KURANYOLU-TEFSIR
  c2952  1 sources   4 segments  19,854 chars: KURANYOLU-TEFSIR
  c2953  1 sources   6 segments  16,581 chars: KURANYOLU-TEFSIR
  c2954  1 sources   4 segments  13,527 chars: KURANYOLU-TEFSIR
  c2955  1 sources   3 segments  18,405 chars: KURANYOLU-TEFSIR
  c2956  1 sources   4 segments  12,167 chars: KURANYOLU-TEFSIR
  c2957  1 sources   2 segments  15,769 chars: KURANYOLU-TEFSIR
  c2958  1 sources   4 segments  18,063 chars: KURANYOLU-TEFSIR
  c2959  1 sources   5 segments  18,771 chars: KURANYOLU-TEFSIR
  c2960  1 sources   5 segments  15,863 chars: KURANYOLU-TEFSIR
  c2961  1 sources   6 segments  17,834 chars: KURANYOLU-TEFSIR
  c2962  1 sources   9 segments  17,926 chars: KURANYOLU-TEFSIR
  c2963  1 sources   6 segments  12,641 chars: KURANYOLU-TEFSIR
  c2964  1 sources   3 segments  16,792 chars: KURANYOLU-TEFSIR
  c2965  1 sources  11 segments  18,362 chars: KURANYOLU-TEFSIR
  c2966  1 sources   6 segments  18,661 chars: KURANYOLU-TEFSIR
  c2967  1 sources   4 segments   7,640 chars: KURANYOLU-TEFSIR
  c2968  1 sources   1 segments  20,260 chars: KURANYOLU-TEFSIR
  c2969  1 sources   4 segments  14,387 chars: KURANYOLU-TEFSIR
  c2970  1 sources   4 segments  15,610 chars: KURANYOLU-TEFSIR
  c2971  1 sources   5 segments  17,932 chars: KURANYOLU-TEFSIR
  c2972  1 sources   7 segments  19,370 chars: KURANYOLU-TEFSIR
  c2973  1 sources  12 segments  19,601 chars: KURANYOLU-TEFSIR
  c2974  1 sources  21 segments  19,597 chars: KURANYOLU-TEFSIR
  c2975  1 sources   8 segments  17,613 chars: KURANYOLU-TEFSIR
  c2976  1 sources   7 segments  11,984 chars: KURANYOLU-TEFSIR
  c2977  1 sources   3 segments  18,780 chars: KURANYOLU-TEFSIR
  c2978  1 sources  12 segments  18,237 chars: KURANYOLU-TEFSIR
  c2979  1 sources   3 segments  15,998 chars: KURANYOLU-TEFSIR
  c2980  1 sources  12 segments  17,915 chars: KURANYOLU-TEFSIR
  c2981  1 sources   8 segments  18,638 chars: KURANYOLU-TEFSIR
  c2982  1 sources  11 segments  18,312 chars: KURANYOLU-TEFSIR
  c2983  1 sources  13 segments  19,188 chars: KURANYOLU-TEFSIR
  c2984  1 sources   7 segments  19,497 chars: KURANYOLU-TEFSIR
  c2985  1 sources  12 segments  19,976 chars: KURANYOLU-TEFSIR
  c2986  1 sources  11 segments  16,986 chars: KURANYOLU-TEFSIR
  c2987  1 sources  11 segments  19,573 chars: KURANYOLU-TEFSIR
  c2988  1 sources   9 segments  18,963 chars: KURANYOLU-TEFSIR
  c2989  1 sources   7 segments  19,361 chars: KURANYOLU-TEFSIR
  c2990  1 sources  14 segments  18,341 chars: KURANYOLU-TEFSIR
  c2991  1 sources  20 segments  19,176 chars: KURANYOLU-TEFSIR
  c2992  1 sources  16 segments  19,086 chars: KURANYOLU-TEFSIR
  c2993  1 sources  17 segments  19,795 chars: KURANYOLU-TEFSIR
  c2994  1 sources   6 segments  14,795 chars: KURANYOLU-TEFSIR
  c2995  1 sources   7 segments  19,010 chars: KURANYOLU-TEFSIR
  c2996  1 sources   7 segments  18,938 chars: KURANYOLU-TEFSIR
  c2997  1 sources  11 segments  17,979 chars: KURANYOLU-TEFSIR
  c2998  1 sources   8 segments  18,282 chars: KURANYOLU-TEFSIR
  c2999  1 sources   3 segments  18,704 chars: KURANYOLU-TEFSIR
  c3000  1 sources  10 segments  19,251 chars: KURANYOLU-TEFSIR
  c3001  1 sources   8 segments  19,125 chars: KURANYOLU-TEFSIR
  c3002  1 sources  11 segments  18,613 chars: KURANYOLU-TEFSIR
  c3003  1 sources  11 segments  18,678 chars: KURANYOLU-TEFSIR
  c3004  1 sources   8 segments  18,211 chars: KURANYOLU-TEFSIR
  c3005  1 sources   7 segments  19,205 chars: KURANYOLU-TEFSIR
  c3006  1 sources  10 segments  19,248 chars: KURANYOLU-TEFSIR
  c3007  1 sources  20 segments  19,936 chars: KURANYOLU-TEFSIR
  c3008  1 sources  15 segments  18,885 chars: KURANYOLU-TEFSIR
  c3009  1 sources   6 segments  14,853 chars: KURANYOLU-TEFSIR
  c3010  1 sources   3 segments  14,236 chars: KURANYOLU-TEFSIR
  c3011  1 sources   4 segments  17,673 chars: KURANYOLU-TEFSIR
  c3012  1 sources  10 segments  16,922 chars: KURANYOLU-TEFSIR
  c3013  1 sources   8 segments  19,061 chars: KURANYOLU-TEFSIR
  c3014  1 sources   5 segments  16,821 chars: KURANYOLU-TEFSIR
  c3015  1 sources   1 segments  14,507 chars: KURANYOLU-TEFSIR
  c3016  1 sources   2 segments  12,537 chars: KURANYOLU-TEFSIR
  c3017  1 sources   4 segments  13,614 chars: KURANYOLU-TEFSIR
  c3018  1 sources   3 segments  16,596 chars: KURANYOLU-TEFSIR
  c3019  1 sources  12 segments  19,769 chars: KURANYOLU-TEFSIR
  c3020  1 sources  11 segments  18,925 chars: KURANYOLU-TEFSIR
  c3021  1 sources  11 segments  18,314 chars: KURANYOLU-TEFSIR
  c3022  1 sources  11 segments  19,400 chars: KURANYOLU-TEFSIR
  c3023  1 sources  17 segments  18,938 chars: SUYUTI-LUBAB
  c3024  1 sources  14 segments  18,961 chars: SUYUTI-LUBAB
  c3025  1 sources  14 segments  15,263 chars: SUYUTI-LUBAB
  c3026  1 sources  13 segments  19,668 chars: WAHIDI-ASBAB
  c3027  1 sources  13 segments  19,791 chars: WAHIDI-ASBAB
  c3028  1 sources  12 segments  19,208 chars: WAHIDI-ASBAB
  c3029  1 sources  12 segments  18,991 chars: WAHIDI-ASBAB
  c3030  1 sources   7 segments  10,070 chars: WAHIDI-ASBAB
SKIPPED 2877 segment(s): already digested in s103-1/luna-max (each listed in manifest.json)
SKIPPED 1446 segment(s): already digested in s103-23/luna-max (each listed in manifest.json)
SKIPPED 4632 segment(s): already digested in s1_r13_refs212_20261008/luna-max (each listed in manifest.json)
SKIPPED 76973 segment(s): kind meal (each listed in manifest.json)
SKIPPED 938 segment(s): kind quran (each listed in manifest.json)
SKIPPED 1876 segment(s): kind translation (each listed in manifest.json)
SKIPPED 12108 segment(s): surah-level (each listed in manifest.json)
