ref	tier	tradition	kinds	basis	explanations	target	evidence
Augustine, City of God 21.26	medium	incil	yorum_gelenegi	Paul's fire as postmortem purification	The commentary distinguishes fire that guides or corrects from fire endured as punishment; Augustine discusses the fire that tests works in 1 Corinthians 3 as a possible temporal purification after death, a Christian interpretation that makes the fire's function contested.	sec18	"[{""line"": 119, ""strength"": ""medium"", ""tradition"": ""incil"", ""kind"": ""yorum_gelenegi"", ""ref"": ""Augustine, City of God 21.26"", ""basis"": ""Paul's fire as postmortem purification"", ""note"": ""The commentary distinguishes fire that guides or corrects from fire endured as punishment; Augustine discusses the fire that tests works in 1 Corinthians 3 as a possible temporal purification after death, a Christian interpretation that makes the fire's function contested."", ""turn"": 2, ""model"": ""luna"", ""connection_id"": ""BC-d013ec99c282519ce8df""}]"
Didache 1.1	medium	incil	motif	two ways, life and death	The commentary divides hearers between a destructive fate and purification with prayer; the Didache opens by distinguishing a way of life from a way of death, giving an early Christian ethical frame for the divided response.	sec18	"[{""line"": 118, ""strength"": ""medium"", ""tradition"": ""incil"", ""kind"": ""motif"", ""ref"": ""Didache 1.1"", ""basis"": ""two ways, life and death"", ""note"": ""The commentary divides hearers between a destructive fate and purification with prayer; the Didache opens by distinguishing a way of life from a way of death, giving an early Christian ethical frame for the divided response."", ""turn"": 2, ""model"": ""luna"", ""connection_id"": ""BC-94f231981e34557fef57""}]"
Gregory of Nyssa, Life of Moses II.20–21	weak	incil	yorum_gelenegi	The unconsumed bush in Christian typology	In the burning-bush interpretation commonly placed in these sections, Gregory reads the bush's non-consumption through later Christian typology; the section numbering should be checked, but it is a concrete reception of the fire detail central to the commentary.	sec18	"[{""line"": 130, ""strength"": ""weak"", ""tradition"": ""incil"", ""kind"": ""yorum_gelenegi"", ""ref"": ""Gregory of Nyssa, Life of Moses II.20–21"", ""basis"": ""The unconsumed bush in Christian typology"", ""note"": ""In the burning-bush interpretation commonly placed in these sections, Gregory reads the bush's non-consumption through later Christian typology; the section numbering should be checked, but it is a concrete reception of the fire detail central to the commentary."", ""turn"": 1, ""model"": ""terra"", ""connection_id"": ""BC-6cbb2fc10593675f202d""}]"
Martyrdom of Polycarp 11.2	strong	incil	yorum_gelenegi	A governor's brief fire and future judgment	Polycarp answers a ruler's fire threat by contrasting a short-lived flame with future judgment; the martyr tradition sharpens the commentary's contrast between Pharaoh's claimed lasting punishment and divine permanence.	sec18	"[{""line"": 24, ""strength"": ""strong"", ""tradition"": ""incil"", ""kind"": ""yorum_gelenegi"", ""ref"": ""Martyrdom of Polycarp 11.2"", ""basis"": ""A governor's brief fire and future judgment"", ""note"": ""Polycarp answers a ruler's fire threat by contrasting a short-lived flame with future judgment; the martyr tradition sharpens the commentary's contrast between Pharaoh's claimed lasting punishment and divine permanence."", ""turn"": 1, ""model"": ""terra"", ""connection_id"": ""BC-cdfde60e0201668b2e06""}]"
SBLGNT:1Cor.15.42	strong	incil	motif	perishable sown, imperishable raised	The commentary links the body's formation to pasture and contrasts the transient with the lasting; Paul uses sowing to describe a perishable body raised imperishable, making the agricultural image explicitly bodily and eschatological.	sec18	"[{""line"": 107, ""strength"": ""strong"", ""tradition"": ""incil"", ""kind"": ""motif"", ""ref"": ""SBLGNT:1Cor.15.42"", ""basis"": ""perishable sown, imperishable raised"", ""note"": ""The commentary links the body's formation to pasture and contrasts the transient with the lasting; Paul uses sowing to describe a perishable body raised imperishable, making the agricultural image explicitly bodily and eschatological."", ""turn"": 2, ""model"": ""luna"", ""connection_id"": ""BC-f6eb9706144cf9d99820""}]"
SBLGNT:1Cor.15.44	strong	incil	motif	natural and spiritual body	The commentary joins embodied formation to the hereafter's lasting life; Paul distinguishes the natural body from the spiritual body in the resurrection, extending that body-and-future connection.	sec18	"[{""line"": 108, ""strength"": ""strong"", ""tradition"": ""incil"", ""kind"": ""motif"", ""ref"": ""SBLGNT:1Cor.15.44"", ""basis"": ""natural and spiritual body"", ""note"": ""The commentary joins embodied formation to the hereafter's lasting life; Paul distinguishes the natural body from the spiritual body in the resurrection, extending that body-and-future connection."", ""turn"": 2, ""model"": ""luna"", ""connection_id"": ""BC-0d5cdf6415d27df7a61f""}]"
SBLGNT:1Cor.3.13	strong	incil	motif	works tested by fire | Fire tests the quality of each work	The commentary joins fire with the difference between what is lost and what remains useful; Paul says fire tests each person's work, making fire a test of lasting value. | Paul's fire reveals whether work endures, directly extending the commentary's fire, useful remainder, and lasting good into a Christian assessment of works.	sec18	"[{""line"": 65, ""strength"": ""medium"", ""tradition"": ""incil"", ""kind"": ""motif"", ""ref"": ""SBLGNT:1Cor.3.13"", ""basis"": ""works tested by fire"", ""note"": ""The commentary joins fire with the difference between what is lost and what remains useful; Paul says fire tests each person's work, making fire a test of lasting value."", ""turn"": 1, ""model"": ""luna"", ""connection_id"": ""BC-1caed5288f5dbffc1934""}, {""line"": 34, ""strength"": ""strong"", ""tradition"": ""incil"", ""kind"": ""motif"", ""ref"": ""SBLGNT:1Cor.3.13"", ""basis"": ""Fire tests the quality of each work"", ""note"": ""Paul's fire reveals whether work endures, directly extending the commentary's fire, useful remainder, and lasting good into a Christian assessment of works."", ""turn"": 1, ""model"": ""terra"", ""connection_id"": ""BC-cfebdc4ce029e8859829""}]"
SBLGNT:1Cor.3.14	medium	incil	motif	work remains and receives reward	The commentary says useful yield remains and receives its due; Paul says the work that survives the fire receives a reward, an explicit ethical form of that contrast.	sec18	"[{""line"": 66, ""strength"": ""medium"", ""tradition"": ""incil"", ""kind"": ""motif"", ""ref"": ""SBLGNT:1Cor.3.14"", ""basis"": ""work remains and receives reward"", ""note"": ""The commentary says useful yield remains and receives its due; Paul says the work that survives the fire receives a reward, an explicit ethical form of that contrast."", ""turn"": 1, ""model"": ""luna"", ""connection_id"": ""BC-7f0682977afeb21cb120""}]"
SBLGNT:1Cor.3.15	strong	incil	karsi_anlati|motif	work burned, person saved | Saved as through fire	The commentary contrasts the one who enters fire with the one who performs lasting good; Paul distinguishes burned work from the person saved through fire, complicating the image without equating the passages. | Paul can describe a person whose work burns yet who is saved through fire; that different result makes a useful counterpoint to the commentary's condemned person inside the great fire.	sec18	"[{""line"": 67, ""strength"": ""medium"", ""tradition"": ""incil"", ""kind"": ""motif"", ""ref"": ""SBLGNT:1Cor.3.15"", ""basis"": ""work burned, person saved"", ""note"": ""The commentary contrasts the one who enters fire with the one who performs lasting good; Paul distinguishes burned work from the person saved through fire, complicating the image without equating the passages."", ""turn"": 1, ""model"": ""luna"", ""connection_id"": ""BC-d94ff1d71ae0eb2ca080""}, {""line"": 35, ""strength"": ""strong"", ""tradition"": ""incil"", ""kind"": ""karsi_anlati"", ""ref"": ""SBLGNT:1Cor.3.15"", ""basis"": ""Saved as through fire"", ""note"": ""Paul can describe a person whose work burns yet who is saved through fire; that different result makes a useful counterpoint to the commentary's condemned person inside the great fire."", ""turn"": 1, ""model"": ""terra"", ""connection_id"": ""BC-2f7d72f9e99325642787""}]"
SBLGNT:1Cor.4.5	strong	incil	motif	Hidden things brought to light at judgment	God will disclose hidden things of darkness and heart-motives, giving a judgmental sequel to the commentary's hidden matter and differentiated outcomes.	sec18	"[{""line"": 155, ""strength"": ""strong"", ""tradition"": ""incil"", ""kind"": ""motif"", ""ref"": ""SBLGNT:1Cor.4.5"", ""basis"": ""Hidden things brought to light at judgment"", ""note"": ""God will disclose hidden things of darkness and heart-motives, giving a judgmental sequel to the commentary's hidden matter and differentiated outcomes."", ""turn"": 2, ""model"": ""terra"", ""connection_id"": ""BC-edc6145a4048a5f31c2e""}]"
SBLGNT:1John.2.17	strong	incil	motif	world passes, God's will remains | The world passes, the doer remains	The commentary says people prefer worldly life though the hereafter is more lasting; John explicitly contrasts the passing world and its desire with the one who does God's will abiding forever. | The world and its desire pass away while the one doing God's will remains forever, directly matching the commentary's transient life and lasting good.	sec18	"[{""line"": 51, ""strength"": ""strong"", ""tradition"": ""incil"", ""kind"": ""motif"", ""ref"": ""SBLGNT:1John.2.17"", ""basis"": ""world passes, God's will remains"", ""note"": ""The commentary says people prefer worldly life though the hereafter is more lasting; John explicitly contrasts the passing world and its desire with the one who does God's will abiding forever."", ""turn"": 1, ""model"": ""luna"", ""connection_id"": ""BC-2e7796911c1b5123fde9""}, {""line"": 91, ""strength"": ""strong"", ""tradition"": ""incil"", ""kind"": ""motif"", ""ref"": ""SBLGNT:1John.2.17"", ""basis"": ""The world passes, the doer remains"", ""note"": ""The world and its desire pass away while the one doing God's will remains forever, directly matching the commentary's transient life and lasting good."", ""turn"": 1, ""model"": ""terra"", ""connection_id"": ""BC-501bb0911ac5d9744f85""}]"
SBLGNT:1John.3.3	strong	incil	motif	Hope issuing in self-purification	Those who hold the eschatological hope purify themselves, a compact Christian parallel to the commentary's purified person oriented toward the enduring future.	sec18	"[{""line"": 181, ""strength"": ""strong"", ""tradition"": ""incil"", ""kind"": ""motif"", ""ref"": ""SBLGNT:1John.3.3"", ""basis"": ""Hope issuing in self-purification"", ""note"": ""Those who hold the eschatological hope purify themselves, a compact Christian parallel to the commentary's purified person oriented toward the enduring future."", ""turn"": 2, ""model"": ""terra"", ""connection_id"": ""BC-9d14e81fc1a00981d453""}]"
SBLGNT:1Pet.1.23	medium	incil	motif	imperishable seed and living word	The commentary joins remembered revelation to the field's lasting yield; Peter says new birth comes through imperishable seed, the living and abiding word, connecting word and agriculture.	sec18	"[{""line"": 117, ""strength"": ""medium"", ""tradition"": ""incil"", ""kind"": ""motif"", ""ref"": ""SBLGNT:1Pet.1.23"", ""basis"": ""imperishable seed and living word"", ""note"": ""The commentary joins remembered revelation to the field's lasting yield; Peter says new birth comes through imperishable seed, the living and abiding word, connecting word and agriculture."", ""turn"": 2, ""model"": ""luna"", ""connection_id"": ""BC-a7213361e1f650d4f621""}]"
SBLGNT:1Pet.1.24	strong	incil	paralel|yorum_gelenegi	Isaiah's grass applied to human mortality | All flesh as grass	The commentary identifies worldly life with withering pasture; Peter reapplies Isaiah's grass-and-flower image to mortal flesh, showing the Christian reception of that transience text. | First Peter reapplies the grass-and-fading-flower image to mortal human life, a Christian articulation of the commentary's worldly-life-as-grass scene.	sec18	"[{""line"": 46, ""strength"": ""strong"", ""tradition"": ""incil"", ""kind"": ""yorum_gelenegi"", ""ref"": ""SBLGNT:1Pet.1.24"", ""basis"": ""Isaiah's grass applied to human mortality"", ""note"": ""The commentary identifies worldly life with withering pasture; Peter reapplies Isaiah's grass-and-flower image to mortal flesh, showing the Christian reception of that transience text."", ""turn"": 1, ""model"": ""luna"", ""connection_id"": ""BC-019a12a0da758b4fadb8""}, {""line"": 48, ""strength"": ""strong"", ""tradition"": ""incil"", ""kind"": ""paralel"", ""ref"": ""SBLGNT:1Pet.1.24"", ""basis"": ""All flesh as grass"", ""note"": ""First Peter reapplies the grass-and-fading-flower image to mortal human life, a Christian articulation of the commentary's worldly-life-as-grass scene."", ""turn"": 1, ""model"": ""terra"", ""connection_id"": ""BC-ef0ec9b0b8080ea3ad34""}]"
SBLGNT:1Pet.1.25	strong	incil	paralel|yorum_gelenegi	word as enduring gospel | The word remains forever	The commentary sets the passing world against the lasting better life; Peter's quotation of Isaiah identifies the enduring word with the gospel preached, a Christian interpretive extension of the contrast. | The citation's next verse makes the Lord's word endure forever, matching the commentary's passage from drying life to an enduring word and future.	sec18	"[{""line"": 47, ""strength"": ""strong"", ""tradition"": ""incil"", ""kind"": ""yorum_gelenegi"", ""ref"": ""SBLGNT:1Pet.1.25"", ""basis"": ""word as enduring gospel"", ""note"": ""The commentary sets the passing world against the lasting better life; Peter's quotation of Isaiah identifies the enduring word with the gospel preached, a Christian interpretive extension of the contrast."", ""turn"": 1, ""model"": ""luna"", ""connection_id"": ""BC-6699b5aabc1c1594c9ea""}, {""line"": 49, ""strength"": ""strong"", ""tradition"": ""incil"", ""kind"": ""paralel"", ""ref"": ""SBLGNT:1Pet.1.25"", ""basis"": ""The word remains forever"", ""note"": ""The citation's next verse makes the Lord's word endure forever, matching the commentary's passage from drying life to an enduring word and future."", ""turn"": 1, ""model"": ""terra"", ""connection_id"": ""BC-57d6e7645413f35cf6c8""}]"
SBLGNT:1Pet.1.7	medium	incil	motif	Faith tested as gold by fire	The letter compares tested faith to gold proved by fire, a Christian refinement image for the commentary's corrective fire and enduring value.	sec18	"[{""line"": 117, ""strength"": ""medium"", ""tradition"": ""incil"", ""kind"": ""motif"", ""ref"": ""SBLGNT:1Pet.1.7"", ""basis"": ""Faith tested as gold by fire"", ""note"": ""The letter compares tested faith to gold proved by fire, a Christian refinement image for the commentary's corrective fire and enduring value."", ""turn"": 1, ""model"": ""terra"", ""connection_id"": ""BC-5fd5fe04c1fa64412601""}]"
SBLGNT:2Cor.4.18	strong	incil	motif	seen temporary, unseen eternal | Seen things temporary and unseen things eternal	The commentary says worldly life is preferred though the hereafter is better and more abiding; Paul explicitly contrasts visible things that are temporary with unseen things that are eternal. | Paul explicitly contrasts the temporary visible with the eternal unseen, giving the commentary's dunya-versus-lasting formulation a close Christian analogue.	sec18	"[{""line"": 109, ""strength"": ""strong"", ""tradition"": ""incil"", ""kind"": ""motif"", ""ref"": ""SBLGNT:2Cor.4.18"", ""basis"": ""seen temporary, unseen eternal"", ""note"": ""The commentary says worldly life is preferred though the hereafter is better and more abiding; Paul explicitly contrasts visible things that are temporary with unseen things that are eternal."", ""turn"": 2, ""model"": ""luna"", ""connection_id"": ""BC-6644b23461c03ed5cded""}, {""line"": 90, ""strength"": ""strong"", ""tradition"": ""incil"", ""kind"": ""motif"", ""ref"": ""SBLGNT:2Cor.4.18"", ""basis"": ""Seen things temporary and unseen things eternal"", ""note"": ""Paul explicitly contrasts the temporary visible with the eternal unseen, giving the commentary's dunya-versus-lasting formulation a close Christian analogue."", ""turn"": 1, ""model"": ""terra"", ""connection_id"": ""BC-b57bf1cf6b447feb4550""}]"
SBLGNT:2Cor.9.10	strong	incil	motif	harvest of righteousness	The commentary joins crop, good work, and a remaining share; Paul says God supplies seed and increases the harvest of righteousness, applying agricultural yield to generous action.	sec18	"[{""line"": 50, ""strength"": ""strong"", ""tradition"": ""incil"", ""kind"": ""motif"", ""ref"": ""SBLGNT:2Cor.9.10"", ""basis"": ""harvest of righteousness"", ""note"": ""The commentary joins crop, good work, and a remaining share; Paul says God supplies seed and increases the harvest of righteousness, applying agricultural yield to generous action."", ""turn"": 1, ""model"": ""luna"", ""connection_id"": ""BC-cf6935f661deb44b75c7""}]"
SBLGNT:2Tim.3.8	strong	incil	karsi_anlati|yorum_gelenegi	Jannes and Jambres resist Moses | Jannes and Jambres oppose Moses	The commentary's magicians prostrate and choose God over Pharaoh; Paul's named Egyptian opponents resist Moses and the truth, preserving the opposite outcome in Christian memory. | The letter gives traditional names to men who opposed Moses, a Christian reception of the Egyptian-magician conflict that the commentary brings into the Pharaoh scene.	sec18	"[{""line"": 15, ""strength"": ""strong"", ""tradition"": ""incil"", ""kind"": ""karsi_anlati"", ""ref"": ""SBLGNT:2Tim.3.8"", ""basis"": ""Jannes and Jambres resist Moses"", ""note"": ""The commentary's magicians prostrate and choose God over Pharaoh; Paul's named Egyptian opponents resist Moses and the truth, preserving the opposite outcome in Christian memory."", ""turn"": 1, ""model"": ""luna"", ""connection_id"": ""BC-a0a3220f22979c6a39cd""}, {""line"": 15, ""strength"": ""strong"", ""tradition"": ""incil"", ""kind"": ""yorum_gelenegi"", ""ref"": ""SBLGNT:2Tim.3.8"", ""basis"": ""Jannes and Jambres oppose Moses"", ""note"": ""The letter gives traditional names to men who opposed Moses, a Christian reception of the Egyptian-magician conflict that the commentary brings into the Pharaoh scene."", ""turn"": 1, ""model"": ""terra"", ""connection_id"": ""BC-1f68a30dc2462264ab52""}]"
SBLGNT:Acts.1.7	medium	incil	motif	Times and seasons fixed by the Father's authority	Jesus withholds the times and seasons as the Father's own domain, complementing the commentary's hidden temporal decree without claiming the same formulation.	sec18	"[{""line"": 112, ""strength"": ""medium"", ""tradition"": ""incil"", ""kind"": ""motif"", ""ref"": ""SBLGNT:Acts.1.7"", ""basis"": ""Times and seasons fixed by the Father's authority"", ""note"": ""Jesus withholds the times and seasons as the Father's own domain, complementing the commentary's hidden temporal decree without claiming the same formulation."", ""turn"": 1, ""model"": ""terra"", ""connection_id"": ""BC-569355010df0c5979303""}]"
SBLGNT:Acts.10.4	strong	incil	motif	Prayers ascending as a memorial before God	Cornelius's prayers and alms rise as a memorial before God, a specific Christian use of prayer and remembrance that complements the commentary's li-dhikri.	sec18	"[{""line"": 180, ""strength"": ""strong"", ""tradition"": ""incil"", ""kind"": ""motif"", ""ref"": ""SBLGNT:Acts.10.4"", ""basis"": ""Prayers ascending as a memorial before God"", ""note"": ""Cornelius's prayers and alms rise as a memorial before God, a specific Christian use of prayer and remembrance that complements the commentary's li-dhikri."", ""turn"": 2, ""model"": ""terra"", ""connection_id"": ""BC-54760f73b4717c05181c""}]"
SBLGNT:Acts.15.21	medium	incil	yorum_gelenegi	Moses read in synagogues every Sabbath	Acts describes Moses as publicly read in every city from ancient generations, a Christian witness to the continuing recitation of the Mosaic writings invoked by the commentary.	sec18	"[{""line"": 124, ""strength"": ""medium"", ""tradition"": ""incil"", ""kind"": ""yorum_gelenegi"", ""ref"": ""SBLGNT:Acts.15.21"", ""basis"": ""Moses read in synagogues every Sabbath"", ""note"": ""Acts describes Moses as publicly read in every city from ancient generations, a Christian witness to the continuing recitation of the Mosaic writings invoked by the commentary."", ""turn"": 1, ""model"": ""terra"", ""connection_id"": ""BC-9678f313041dd0df628f""}]"
SBLGNT:Acts.19.19	medium	incil	motif	Magic books surrendered and burned	Former practitioners publicly burn their magical books after confession, a later Christian scene of renouncing magic that complements the commentary's converted magicians without repeating its plot.	sec18	"[{""line"": 114, ""strength"": ""medium"", ""tradition"": ""incil"", ""kind"": ""motif"", ""ref"": ""SBLGNT:Acts.19.19"", ""basis"": ""Magic books surrendered and burned"", ""note"": ""Former practitioners publicly burn their magical books after confession, a later Christian scene of renouncing magic that complements the commentary's converted magicians without repeating its plot."", ""turn"": 1, ""model"": ""terra"", ""connection_id"": ""BC-acad02c88c2474815b91""}]"
SBLGNT:Acts.7.30	strong	incil	paralel	Moses sees the bush in flame | Stephen's flame in the bush	The commentary makes the distant fire the place of Moses' encounter; Stephen retells the bush appearing to Moses in a flame, preserving that same scene in Christian memory. | Acts explicitly retells an angel appearing to Moses in a flame of a bush in the wilderness, preserving the scene around which the commentary gathers call and guidance.	sec18	"[{""line"": 96, ""strength"": ""strong"", ""tradition"": ""incil"", ""kind"": ""paralel"", ""ref"": ""SBLGNT:Acts.7.30"", ""basis"": ""Moses sees the bush in flame"", ""note"": ""The commentary makes the distant fire the place of Moses' encounter; Stephen retells the bush appearing to Moses in a flame, preserving that same scene in Christian memory."", ""turn"": 2, ""model"": ""luna"", ""connection_id"": ""BC-439b08484cfc28da0be1""}, {""line"": 8, ""strength"": ""strong"", ""tradition"": ""incil"", ""kind"": ""paralel"", ""ref"": ""SBLGNT:Acts.7.30"", ""basis"": ""Stephen's flame in the bush"", ""note"": ""Acts explicitly retells an angel appearing to Moses in a flame of a bush in the wilderness, preserving the scene around which the commentary gathers call and guidance."", ""turn"": 1, ""model"": ""terra"", ""connection_id"": ""BC-9af5c665a8f2975e3536""}]"
SBLGNT:Acts.7.34	strong	incil	paralel	God sends Moses to rescue	The commentary joins the fire to selection and a new path; Stephen's retelling has God send Moses to bring Israel out, spelling out the rescue mission that follows the fire.	sec18	"[{""line"": 97, ""strength"": ""strong"", ""tradition"": ""incil"", ""kind"": ""paralel"", ""ref"": ""SBLGNT:Acts.7.34"", ""basis"": ""God sends Moses to rescue"", ""note"": ""The commentary joins the fire to selection and a new path; Stephen's retelling has God send Moses to bring Israel out, spelling out the rescue mission that follows the fire."", ""turn"": 2, ""model"": ""luna"", ""connection_id"": ""BC-d5a202224f7519897786""}]"
SBLGNT:Acts.7.35	strong	incil	paralel	The bush appearance and Moses's sending	Stephen calls Moses the man sent by God as ruler and deliverer through the angel who appeared in the bush; it joins election at the fire to opposition from Egypt.	sec18	"[{""line"": 9, ""strength"": ""strong"", ""tradition"": ""incil"", ""kind"": ""paralel"", ""ref"": ""SBLGNT:Acts.7.35"", ""basis"": ""The bush appearance and Moses's sending"", ""note"": ""Stephen calls Moses the man sent by God as ruler and deliverer through the angel who appeared in the bush; it joins election at the fire to opposition from Egypt."", ""turn"": 1, ""model"": ""terra"", ""connection_id"": ""BC-73db480cf401a250ec4c""}]"
SBLGNT:Eph.4.7	medium	incil	motif	Grace given according to measure	Grace is given to each according to the measure of Christ's gift, a Christian individual-allotment image relevant to the commentary's move from measuring to portioning.	sec18	"[{""line"": 122, ""strength"": ""medium"", ""tradition"": ""incil"", ""kind"": ""motif"", ""ref"": ""SBLGNT:Eph.4.7"", ""basis"": ""Grace given according to measure"", ""note"": ""Grace is given to each according to the measure of Christ's gift, a Christian individual-allotment image relevant to the commentary's move from measuring to portioning."", ""turn"": 1, ""model"": ""terra"", ""connection_id"": ""BC-cd315f7613e05fadd746""}]"
SBLGNT:Gal.1.15	strong	incil	motif	Set apart from the womb and called	Paul describes being set apart from his mother's womb and called by grace, a Christian counterpart to formed life that is also chosen for a task.	sec18	"[{""line"": 67, ""strength"": ""strong"", ""tradition"": ""incil"", ""kind"": ""motif"", ""ref"": ""SBLGNT:Gal.1.15"", ""basis"": ""Set apart from the womb and called"", ""note"": ""Paul describes being set apart from his mother's womb and called by grace, a Christian counterpart to formed life that is also chosen for a task."", ""turn"": 1, ""model"": ""terra"", ""connection_id"": ""BC-f8cf711148448d8e9318""}]"
SBLGNT:Gal.3.8	strong	incil	yorum_gelenegi	Scripture speaks beforehand to Abraham	Paul personifies Scripture as announcing blessing beforehand to Abraham, a Christian rereading that makes Abraham a recipient of prior scriptural proclamation.	sec18	"[{""line"": 103, ""strength"": ""strong"", ""tradition"": ""incil"", ""kind"": ""yorum_gelenegi"", ""ref"": ""SBLGNT:Gal.3.8"", ""basis"": ""Scripture speaks beforehand to Abraham"", ""note"": ""Paul personifies Scripture as announcing blessing beforehand to Abraham, a Christian rereading that makes Abraham a recipient of prior scriptural proclamation."", ""turn"": 1, ""model"": ""terra"", ""connection_id"": ""BC-7501afc25c6e58d76335""}]"
SBLGNT:Gal.6.8	strong	incil	motif	sowing and eternal life | Sowing for decay or eternal life	The commentary calls the present world a field and the hereafter the more lasting yield; Paul contrasts sowing to flesh with sowing to Spirit and names eternal life as the harvest. | Sowing to flesh reaps corruption while sowing to Spirit reaps eternal life, translating the commentary's worldly and afterlife fields into a moral agricultural choice.	sec18	"[{""line"": 48, ""strength"": ""strong"", ""tradition"": ""incil"", ""kind"": ""motif"", ""ref"": ""SBLGNT:Gal.6.8"", ""basis"": ""sowing and eternal life"", ""note"": ""The commentary calls the present world a field and the hereafter the more lasting yield; Paul contrasts sowing to flesh with sowing to Spirit and names eternal life as the harvest."", ""turn"": 1, ""model"": ""luna"", ""connection_id"": ""BC-d6f4c868d6aef772a5d1""}, {""line"": 56, ""strength"": ""strong"", ""tradition"": ""incil"", ""kind"": ""motif"", ""ref"": ""SBLGNT:Gal.6.8"", ""basis"": ""Sowing for decay or eternal life"", ""note"": ""Sowing to flesh reaps corruption while sowing to Spirit reaps eternal life, translating the commentary's worldly and afterlife fields into a moral agricultural choice."", ""turn"": 1, ""model"": ""terra"", ""connection_id"": ""BC-5268bba27d3992ec7505""}]"
SBLGNT:Gal.6.9	strong	incil	motif	reaping in due season | Doing good and reaping in due season	The commentary says cultivated land grows and leaves a share; Paul urges perseverance in doing good because the harvest comes in due season. | The promise that persistent good will reap at the proper time supplies a Christian counterpart to the commentary's lasting good that remains after the transient growth goes.	sec18	"[{""line"": 49, ""strength"": ""strong"", ""tradition"": ""incil"", ""kind"": ""motif"", ""ref"": ""SBLGNT:Gal.6.9"", ""basis"": ""reaping in due season"", ""note"": ""The commentary says cultivated land grows and leaves a share; Paul urges perseverance in doing good because the harvest comes in due season."", ""turn"": 1, ""model"": ""luna"", ""connection_id"": ""BC-d7ca985df004e7db61da""}, {""line"": 57, ""strength"": ""strong"", ""tradition"": ""incil"", ""kind"": ""motif"", ""ref"": ""SBLGNT:Gal.6.9"", ""basis"": ""Doing good and reaping in due season"", ""note"": ""The promise that persistent good will reap at the proper time supplies a Christian counterpart to the commentary's lasting good that remains after the transient growth goes."", ""turn"": 1, ""model"": ""terra"", ""connection_id"": ""BC-3c83ec97c7033cee7bf2""}]"
SBLGNT:Heb.10.22	medium	incil	motif	Cleansed bodies and drawing near in worship	The faithful draw near with hearts sprinkled clean and bodies washed, joining purification and worship as the commentary joins tazkiya, name-remembrance, and prayer.	sec18	"[{""line"": 121, ""strength"": ""medium"", ""tradition"": ""incil"", ""kind"": ""motif"", ""ref"": ""SBLGNT:Heb.10.22"", ""basis"": ""Cleansed bodies and drawing near in worship"", ""note"": ""The faithful draw near with hearts sprinkled clean and bodies washed, joining purification and worship as the commentary joins tazkiya, name-remembrance, and prayer."", ""turn"": 1, ""model"": ""terra"", ""connection_id"": ""BC-c2a54b8cb4f16bda0272""}]"
SBLGNT:Heb.11.24	strong	incil	paralel	Moses refuses Pharaoh's household	Moses refuses the status of Pharaoh's daughter's son, a specific Christian reading of the choice the commentary places beside Pharaoh's transient rule.	sec18	"[{""line"": 19, ""strength"": ""strong"", ""tradition"": ""incil"", ""kind"": ""paralel"", ""ref"": ""SBLGNT:Heb.11.24"", ""basis"": ""Moses refuses Pharaoh's household"", ""note"": ""Moses refuses the status of Pharaoh's daughter's son, a specific Christian reading of the choice the commentary places beside Pharaoh's transient rule."", ""turn"": 1, ""model"": ""terra"", ""connection_id"": ""BC-e10a09ac7f9db2dbac14""}]"
SBLGNT:Heb.11.25	strong	incil	motif	Choosing suffering over passing pleasure	Moses chooses ill-treatment with God's people rather than sin's temporary enjoyment, closely matching the commentary's preference between the near worldly life and what lasts.	sec18	"[{""line"": 20, ""strength"": ""strong"", ""tradition"": ""incil"", ""kind"": ""motif"", ""ref"": ""SBLGNT:Heb.11.25"", ""basis"": ""Choosing suffering over passing pleasure"", ""note"": ""Moses chooses ill-treatment with God's people rather than sin's temporary enjoyment, closely matching the commentary's preference between the near worldly life and what lasts."", ""turn"": 1, ""model"": ""terra"", ""connection_id"": ""BC-98a39c4cce6b828b9376""}]"
SBLGNT:Heb.11.26	strong	incil	motif	Moses chooses future reward | Egyptian treasure weighed against a future reward	The commentary uses the magicians' rejection of Pharaoh's temporary authority and the preference for what lasts; Hebrews says Moses chose reproach over Egypt's treasures because he looked to the reward, applying that choice to Moses himself. | Moses values reproach above Egypt's treasures because he looks to recompense; the verse gives the commentary's choice and permanence an explicitly Mosaic Christian form.	sec18	"[{""line"": 111, ""strength"": ""strong"", ""tradition"": ""incil"", ""kind"": ""motif"", ""ref"": ""SBLGNT:Heb.11.26"", ""basis"": ""Moses chooses future reward"", ""note"": ""The commentary uses the magicians' rejection of Pharaoh's temporary authority and the preference for what lasts; Hebrews says Moses chose reproach over Egypt's treasures because he looked to the reward, applying that choice to Moses himself."", ""turn"": 2, ""model"": ""luna"", ""connection_id"": ""BC-cfe7a7e55e166ceac466""}, {""line"": 21, ""strength"": ""strong"", ""tradition"": ""incil"", ""kind"": ""motif"", ""ref"": ""SBLGNT:Heb.11.26"", ""basis"": ""Egyptian treasure weighed against a future reward"", ""note"": ""Moses values reproach above Egypt's treasures because he looks to recompense; the verse gives the commentary's choice and permanence an explicitly Mosaic Christian form."", ""turn"": 1, ""model"": ""terra"", ""connection_id"": ""BC-836db42104b6185dae66""}]"
SBLGNT:Heb.11.8	strong	incil	paralel	Abraham obeys a call into an unknown destination	Abraham obeys and goes out without knowing his destination, a Christian counterpart to the commentary's Abrahamic trust, calling, and path imagery.	sec18	"[{""line"": 109, ""strength"": ""strong"", ""tradition"": ""incil"", ""kind"": ""paralel"", ""ref"": ""SBLGNT:Heb.11.8"", ""basis"": ""Abraham obeys a call into an unknown destination"", ""note"": ""Abraham obeys and goes out without knowing his destination, a Christian counterpart to the commentary's Abrahamic trust, calling, and path imagery."", ""turn"": 1, ""model"": ""terra"", ""connection_id"": ""BC-f21b47c8b989497ddbf5""}]"
SBLGNT:Heb.12.28	medium	incil	motif	Receiving an unshakable kingdom and offering worship	The community receives an unshakable kingdom and offers acceptable worship with awe, a Christian framing for the commentary's worship and permanence after transient life.	sec18	"[{""line"": 126, ""strength"": ""medium"", ""tradition"": ""incil"", ""kind"": ""motif"", ""ref"": ""SBLGNT:Heb.12.28"", ""basis"": ""Receiving an unshakable kingdom and offering worship"", ""note"": ""The community receives an unshakable kingdom and offers acceptable worship with awe, a Christian framing for the commentary's worship and permanence after transient life."", ""turn"": 1, ""model"": ""terra"", ""connection_id"": ""BC-3a10d35015eb8765e3ea""}]"
SBLGNT:Heb.12.29	strong	incil	motif	God as consuming fire	Hebrews names God a consuming fire in a worship context, a concise Christian meeting of the commentary's divine fire, awe, and praise.	sec18	"[{""line"": 165, ""strength"": ""strong"", ""tradition"": ""incil"", ""kind"": ""motif"", ""ref"": ""SBLGNT:Heb.12.29"", ""basis"": ""God as consuming fire"", ""note"": ""Hebrews names God a consuming fire in a worship context, a concise Christian meeting of the commentary's divine fire, awe, and praise."", ""turn"": 2, ""model"": ""terra"", ""connection_id"": ""BC-36933ed8e787809e8d1f""}]"
SBLGNT:Heb.13.15	strong	incil	motif	Praise offered with lips confessing God's name	The community continually offers praise to God as the fruit of lips acknowledging the name, a direct Christian liturgical counterpart to the commentary's name, praise, and prayer.	sec18	"[{""line"": 179, ""strength"": ""strong"", ""tradition"": ""incil"", ""kind"": ""motif"", ""ref"": ""SBLGNT:Heb.13.15"", ""basis"": ""Praise offered with lips confessing God's name"", ""note"": ""The community continually offers praise to God as the fruit of lips acknowledging the name, a direct Christian liturgical counterpart to the commentary's name, praise, and prayer."", ""turn"": 2, ""model"": ""terra"", ""connection_id"": ""BC-6fc0c5602fde982208dc""}]"
SBLGNT:Heb.4.13	strong	incil	motif	Nothing hidden from God's sight	All creatures are exposed before the God to whom account is given, a direct Christian formulation for the commentary's God who knows what is open and concealed.	sec18	"[{""line"": 154, ""strength"": ""strong"", ""tradition"": ""incil"", ""kind"": ""motif"", ""ref"": ""SBLGNT:Heb.4.13"", ""basis"": ""Nothing hidden from God's sight"", ""note"": ""All creatures are exposed before the God to whom account is given, a direct Christian formulation for the commentary's God who knows what is open and concealed."", ""turn"": 2, ""model"": ""terra"", ""connection_id"": ""BC-af2ce499206a2b3cfa96""}]"
SBLGNT:Heb.6.7	strong	incil	motif	rain, useful crop | Rain-drinking ground that yields a useful crop	The commentary contrasts vegetation that becomes refuse with what remains useful; Hebrews compares land drinking frequent rain and yielding a useful crop, an unusually close rain-and-yield image. | Ground receives rain and produces a crop useful to its cultivators, a close Christian counterpart to the commentary's worked field that grows and remains beneficial.	sec18	"[{""line"": 39, ""strength"": ""strong"", ""tradition"": ""incil"", ""kind"": ""motif"", ""ref"": ""SBLGNT:Heb.6.7"", ""basis"": ""rain, useful crop"", ""note"": ""The commentary contrasts vegetation that becomes refuse with what remains useful; Hebrews compares land drinking frequent rain and yielding a useful crop, an unusually close rain-and-yield image."", ""turn"": 1, ""model"": ""luna"", ""connection_id"": ""BC-de9bc937cbf8ccac5381""}, {""line"": 50, ""strength"": ""strong"", ""tradition"": ""incil"", ""kind"": ""motif"", ""ref"": ""SBLGNT:Heb.6.7"", ""basis"": ""Rain-drinking ground that yields a useful crop"", ""note"": ""Ground receives rain and produces a crop useful to its cultivators, a close Christian counterpart to the commentary's worked field that grows and remains beneficial."", ""turn"": 1, ""model"": ""terra"", ""connection_id"": ""BC-d9a97403be0c9e1e1411""}]"
SBLGNT:Heb.6.8	strong	incil	motif	thorns and burning | Thorny ground ending in burning	The commentary says untended growth dries and is carried away while useful yield remains; Hebrews contrasts thorns with fruitful land and ends the barren plot in burning, making the moral sorting sharper. | Ground producing thorns is rejected and ends in burning; it gives the commentary's neglected weed, field, and fire a sharply opposed agricultural outcome.	sec18	"[{""line"": 40, ""strength"": ""strong"", ""tradition"": ""incil"", ""kind"": ""motif"", ""ref"": ""SBLGNT:Heb.6.8"", ""basis"": ""thorns and burning"", ""note"": ""The commentary says untended growth dries and is carried away while useful yield remains; Hebrews contrasts thorns with fruitful land and ends the barren plot in burning, making the moral sorting sharper."", ""turn"": 1, ""model"": ""luna"", ""connection_id"": ""BC-cf49fc6cd3c304d189fa""}, {""line"": 51, ""strength"": ""strong"", ""tradition"": ""incil"", ""kind"": ""motif"", ""ref"": ""SBLGNT:Heb.6.8"", ""basis"": ""Thorny ground ending in burning"", ""note"": ""Ground producing thorns is rejected and ends in burning; it gives the commentary's neglected weed, field, and fire a sharply opposed agricultural outcome."", ""turn"": 1, ""model"": ""terra"", ""connection_id"": ""BC-697fe9deaf405c735035""}]"
SBLGNT:Heb.7.1	medium	incil	motif	Abraham and the priest of God Most High	Hebrews names Melchizedek priest of God Most High in his encounter with Abraham, a Christian reuse of the highness title alongside Abraham; it is a title-and-scene meeting rather than a shared story.	sec18	"[{""line"": 127, ""strength"": ""medium"", ""tradition"": ""incil"", ""kind"": ""motif"", ""ref"": ""SBLGNT:Heb.7.1"", ""basis"": ""Abraham and the priest of God Most High"", ""note"": ""Hebrews names Melchizedek priest of God Most High in his encounter with Abraham, a Christian reuse of the highness title alongside Abraham; it is a title-and-scene meeting rather than a shared story."", ""turn"": 1, ""model"": ""terra"", ""connection_id"": ""BC-2874b14edc4f3a7c1860""}]"
SBLGNT:Jas.1.10	medium	incil	motif	rich person as flower	The commentary says the world-life is also called a flower and does not last; James compares the rich person to a flower brought low, attaching that image to worldly status.	sec18	"[{""line"": 68, ""strength"": ""medium"", ""tradition"": ""incil"", ""kind"": ""motif"", ""ref"": ""SBLGNT:Jas.1.10"", ""basis"": ""rich person as flower"", ""note"": ""The commentary says the world-life is also called a flower and does not last; James compares the rich person to a flower brought low, attaching that image to worldly status."", ""raw_ref"": ""SBLGNT:James.1.10"", ""reference_resolution"": ""edition-book-names-v2"", ""turn"": 1, ""model"": ""luna"", ""connection_id"": ""BC-3bc0ddc4ea7e43953a5a""}]"
SBLGNT:Jas.1.11	medium	incil	motif	flower fades under heat | The rich person fading like grass's flower	The commentary's pasture dries and the world's flower passes; James describes the sun scorching the flower until it falls, making heat the specific cause of fading. | James uses scorched grass and fallen flower for the rich person's passing career, a specific Christian application of the commentary's worldly-life-as-drying-vegetation image.	sec18	"[{""line"": 69, ""strength"": ""medium"", ""tradition"": ""incil"", ""kind"": ""motif"", ""ref"": ""SBLGNT:Jas.1.11"", ""basis"": ""flower fades under heat"", ""note"": ""The commentary's pasture dries and the world's flower passes; James describes the sun scorching the flower until it falls, making heat the specific cause of fading."", ""raw_ref"": ""SBLGNT:James.1.11"", ""reference_resolution"": ""edition-book-names-v2"", ""turn"": 1, ""model"": ""luna"", ""connection_id"": ""BC-8d607317b4dab649a875""}, {""line"": 118, ""strength"": ""medium"", ""tradition"": ""incil"", ""kind"": ""motif"", ""ref"": ""SBLGNT:Jas.1.11"", ""basis"": ""The rich person fading like grass's flower"", ""note"": ""James uses scorched grass and fallen flower for the rich person's passing career, a specific Christian application of the commentary's worldly-life-as-drying-vegetation image."", ""turn"": 1, ""model"": ""terra"", ""connection_id"": ""BC-48191e9d82c2a2762f33""}]"
SBLGNT:Jas.1.25	strong	incil	motif	Not a forgetful hearer but a doer	James contrasts the forgetful hearer with the persevering doer of the perfect law, directly pairing the commentary's reminder with its division between response and avoidance.	sec18	"[{""line"": 84, ""strength"": ""strong"", ""tradition"": ""incil"", ""kind"": ""motif"", ""ref"": ""SBLGNT:Jas.1.25"", ""basis"": ""Not a forgetful hearer but a doer"", ""note"": ""James contrasts the forgetful hearer with the persevering doer of the perfect law, directly pairing the commentary's reminder with its division between response and avoidance."", ""turn"": 1, ""model"": ""terra"", ""connection_id"": ""BC-3114d13ea7ea8a2d0146""}]"
SBLGNT:Jas.4.8	strong	incil	motif	Draw near, cleanse hands, and purify hearts	James pairs drawing near to God with cleansing and a divided heart's purification, directly meeting the commentary's tazkiya and worshipful response.	sec18	"[{""line"": 182, ""strength"": ""strong"", ""tradition"": ""incil"", ""kind"": ""motif"", ""ref"": ""SBLGNT:Jas.4.8"", ""basis"": ""Draw near, cleanse hands, and purify hearts"", ""note"": ""James pairs drawing near to God with cleansing and a divided heart's purification, directly meeting the commentary's tazkiya and worshipful response."", ""turn"": 2, ""model"": ""terra"", ""connection_id"": ""BC-0143c767e82df498cf0e""}]"
SBLGNT:Jas.5.7	medium	incil	motif	farmer awaits crop and rain	The commentary says the cultivated field's yield grows and leaves a share; James pictures a farmer patiently waiting for the earth's precious crop through early and late rains, extending the agricultural image to expectation.	sec18	"[{""line"": 70, ""strength"": ""medium"", ""tradition"": ""incil"", ""kind"": ""motif"", ""ref"": ""SBLGNT:Jas.5.7"", ""basis"": ""farmer awaits crop and rain"", ""note"": ""The commentary says the cultivated field's yield grows and leaves a share; James pictures a farmer patiently waiting for the earth's precious crop through early and late rains, extending the agricultural image to expectation."", ""raw_ref"": ""SBLGNT:James.5.7"", ""reference_resolution"": ""edition-book-names-v2"", ""turn"": 1, ""model"": ""luna"", ""connection_id"": ""BC-5c1fb65a17d477e4fc8d""}]"
SBLGNT:John.14.26	medium	incil	motif	words brought to remembrance	The commentary opens its second movement with a promise of recitation without forgetting; Jesus says the Spirit will remind the disciples of his words, a distinct Christian promise of remembered revelation.	sec18	"[{""line"": 57, ""strength"": ""medium"", ""tradition"": ""incil"", ""kind"": ""motif"", ""ref"": ""SBLGNT:John.14.26"", ""basis"": ""words brought to remembrance"", ""note"": ""The commentary opens its second movement with a promise of recitation without forgetting; Jesus says the Spirit will remind the disciples of his words, a distinct Christian promise of remembered revelation."", ""turn"": 1, ""model"": ""luna"", ""connection_id"": ""BC-5805da77e5b34921dbdc""}]"
SBLGNT:John.15.2	strong	incil	motif	Fruit-bearing branches pruned for greater fruit	The grower prunes fruitful branches so they bear more fruit, supplying the corrective cultivation missing from the dried-and-burned branch image already developed by the commentary.	sec18	"[{""line"": 168, ""strength"": ""strong"", ""tradition"": ""incil"", ""kind"": ""motif"", ""ref"": ""SBLGNT:John.15.2"", ""basis"": ""Fruit-bearing branches pruned for greater fruit"", ""note"": ""The grower prunes fruitful branches so they bear more fruit, supplying the corrective cultivation missing from the dried-and-burned branch image already developed by the commentary."", ""turn"": 2, ""model"": ""terra"", ""connection_id"": ""BC-3669d56092c3f431eeab""}]"
SBLGNT:John.15.5	strong	incil	motif	abiding produces fruit	The commentary says good work grows from a cultivated field and leaves a remainder; Jesus says those who abide in him bear much fruit, making lasting yield depend on remaining in him.	sec18	"[{""line"": 104, ""strength"": ""strong"", ""tradition"": ""incil"", ""kind"": ""motif"", ""ref"": ""SBLGNT:John.15.5"", ""basis"": ""abiding produces fruit"", ""note"": ""The commentary says good work grows from a cultivated field and leaves a remainder; Jesus says those who abide in him bear much fruit, making lasting yield depend on remaining in him."", ""turn"": 2, ""model"": ""luna"", ""connection_id"": ""BC-ea7d18648fc1cfd21b73""}]"
SBLGNT:John.15.6	strong	incil	motif	fruitless branches wither and burn | Unfruitful branch dries and is thrown into fire	The commentary links dried growth to loss and fire to two outcomes; Jesus describes an unfruitful branch drying up and being thrown into the fire, a specific but differently framed plant-and-fire image. | A branch not abiding is dried, gathered, and burned, a concentrated Christian image for the commentary's dried vegetation and fire-bound outcome.	sec18	"[{""line"": 105, ""strength"": ""strong"", ""tradition"": ""incil"", ""kind"": ""motif"", ""ref"": ""SBLGNT:John.15.6"", ""basis"": ""fruitless branches wither and burn"", ""note"": ""The commentary links dried growth to loss and fire to two outcomes; Jesus describes an unfruitful branch drying up and being thrown into the fire, a specific but differently framed plant-and-fire image."", ""turn"": 2, ""model"": ""luna"", ""connection_id"": ""BC-43f3a93a5f1d210fc488""}, {""line"": 59, ""strength"": ""strong"", ""tradition"": ""incil"", ""kind"": ""motif"", ""ref"": ""SBLGNT:John.15.6"", ""basis"": ""Unfruitful branch dries and is thrown into fire"", ""note"": ""A branch not abiding is dried, gathered, and burned, a concentrated Christian image for the commentary's dried vegetation and fire-bound outcome."", ""turn"": 1, ""model"": ""terra"", ""connection_id"": ""BC-80674b8aa844c10e7f43""}]"
SBLGNT:John.15.7	strong	incil	motif	words abiding	The commentary links the remembered word with lasting good; Jesus says his words abide in disciples who abide in him, joining remembered instruction to the fruit-bearing image.	sec18	"[{""line"": 106, ""strength"": ""strong"", ""tradition"": ""incil"", ""kind"": ""motif"", ""ref"": ""SBLGNT:John.15.7"", ""basis"": ""words abiding"", ""note"": ""The commentary links the remembered word with lasting good; Jesus says his words abide in disciples who abide in him, joining remembered instruction to the fruit-bearing image."", ""turn"": 2, ""model"": ""luna"", ""connection_id"": ""BC-75bff9e2c8a06df4c59f""}]"
SBLGNT:John.5.24	strong	incil	motif	Hearing the word passes from death into life	The one who hears and believes has eternal life and has crossed from death to life, a Christian response-to-reminder counterpart to the commentary's fire-bound non-life and purified alternative.	sec18	"[{""line"": 186, ""strength"": ""strong"", ""tradition"": ""incil"", ""kind"": ""motif"", ""ref"": ""SBLGNT:John.5.24"", ""basis"": ""Hearing the word passes from death into life"", ""note"": ""The one who hears and believes has eternal life and has crossed from death to life, a Christian response-to-reminder counterpart to the commentary's fire-bound non-life and purified alternative."", ""turn"": 2, ""model"": ""terra"", ""connection_id"": ""BC-7175ef70b023987d2962""}]"
SBLGNT:John.5.46	strong	incil	yorum_gelenegi	Jesus says Moses wrote of him	Jesus grounds his appeal in Moses's writing, a Christian interpretation of Mosaic pages that belongs beside the commentary's appeal to Moses as an earlier written authority.	sec18	"[{""line"": 102, ""strength"": ""strong"", ""tradition"": ""incil"", ""kind"": ""yorum_gelenegi"", ""ref"": ""SBLGNT:John.5.46"", ""basis"": ""Jesus says Moses wrote of him"", ""note"": ""Jesus grounds his appeal in Moses's writing, a Christian interpretation of Mosaic pages that belongs beside the commentary's appeal to Moses as an earlier written authority."", ""turn"": 1, ""model"": ""terra"", ""connection_id"": ""BC-75699fedc6f03475bd36""}]"
SBLGNT:John.8.12	medium	incil	motif	Following the light on the way to life	Jesus promises that followers of the world's light will not walk in darkness but have life's light; it is a Christian path-and-light counterpart to the commentary's fire sought for guidance.	sec18	"[{""line"": 120, ""strength"": ""medium"", ""tradition"": ""incil"", ""kind"": ""motif"", ""ref"": ""SBLGNT:John.8.12"", ""basis"": ""Following the light on the way to life"", ""note"": ""Jesus promises that followers of the world's light will not walk in darkness but have life's light; it is a Christian path-and-light counterpart to the commentary's fire sought for guidance."", ""turn"": 1, ""model"": ""terra"", ""connection_id"": ""BC-11d3345d588b92628795""}]"
SBLGNT:Jude.1.13	strong	incil	motif	sea waves cast up foam	The commentary compares flood foam with the refuse of vegetation and contrasts it with useful remainder; Jude calls false teachers wild sea waves foaming up their shame, giving foam a specific image of worthless discharge.	sec18	"[{""line"": 112, ""strength"": ""strong"", ""tradition"": ""incil"", ""kind"": ""motif"", ""ref"": ""SBLGNT:Jude.1.13"", ""basis"": ""sea waves cast up foam"", ""note"": ""The commentary compares flood foam with the refuse of vegetation and contrasts it with useful remainder; Jude calls false teachers wild sea waves foaming up their shame, giving foam a specific image of worthless discharge."", ""turn"": 2, ""model"": ""luna"", ""connection_id"": ""BC-246f3ea5d4b4da040565""}]"
SBLGNT:Jude.1.23	strong	incil	motif	Saving someone by snatching them from fire	Jude distinguishes rescuing people from fire from sharing their defilement, a concrete Christian complement to the commentary's concern with approaching versus entering fire.	sec18	"[{""line"": 166, ""strength"": ""strong"", ""tradition"": ""incil"", ""kind"": ""motif"", ""ref"": ""SBLGNT:Jude.1.23"", ""basis"": ""Saving someone by snatching them from fire"", ""note"": ""Jude distinguishes rescuing people from fire from sharing their defilement, a concrete Christian complement to the commentary's concern with approaching versus entering fire."", ""turn"": 2, ""model"": ""terra"", ""connection_id"": ""BC-c87be7a03d13ecd3d738""}]"
SBLGNT:Luke.12.21	medium	incil	motif	rich toward God	The commentary contrasts preferred worldly life with the lasting hereafter; Jesus ends the rich fool's story by contrasting stored earthly goods with being rich toward God.	sec18	"[{""line"": 62, ""strength"": ""medium"", ""tradition"": ""incil"", ""kind"": ""motif"", ""ref"": ""SBLGNT:Luke.12.21"", ""basis"": ""rich toward God"", ""note"": ""The commentary contrasts preferred worldly life with the lasting hereafter; Jesus ends the rich fool's story by contrasting stored earthly goods with being rich toward God."", ""turn"": 1, ""model"": ""luna"", ""connection_id"": ""BC-d1beefc99c31ed63b7e1""}]"
SBLGNT:Luke.16.25	strong	incil	motif	Present goods reversed into future comfort and anguish	Abraham contrasts the rich man's received good things in life with his later anguish and Lazarus's comfort, closely framing the commentary's worldly preference and later permanence.	sec18	"[{""line"": 187, ""strength"": ""strong"", ""tradition"": ""incil"", ""kind"": ""motif"", ""ref"": ""SBLGNT:Luke.16.25"", ""basis"": ""Present goods reversed into future comfort and anguish"", ""note"": ""Abraham contrasts the rich man's received good things in life with his later anguish and Lazarus's comfort, closely framing the commentary's worldly preference and later permanence."", ""turn"": 2, ""model"": ""terra"", ""connection_id"": ""BC-60199e4071df712ff69f""}]"
SBLGNT:Luke.22.19	medium	incil	motif	A rite performed in remembrance	Jesus commands the meal to be done in his remembrance; its explicit liturgical remembering is a Christian parallel to the commentary's fire-side prayer for remembrance.	sec18	"[{""line"": 113, ""strength"": ""medium"", ""tradition"": ""incil"", ""kind"": ""motif"", ""ref"": ""SBLGNT:Luke.22.19"", ""basis"": ""A rite performed in remembrance"", ""note"": ""Jesus commands the meal to be done in his remembrance; its explicit liturgical remembering is a Christian parallel to the commentary's fire-side prayer for remembrance."", ""turn"": 1, ""model"": ""terra"", ""connection_id"": ""BC-33190dc22ca69e54a787""}]"
SBLGNT:Luke.8.11	strong	incil	motif	word as seed	The commentary moves from recited revelation to pasture and a field of outcomes; Jesus identifies the seed as God's word, joining the reminder and agricultural imagery in one interpretation.	sec18	"[{""line"": 102, ""strength"": ""strong"", ""tradition"": ""incil"", ""kind"": ""motif"", ""ref"": ""SBLGNT:Luke.8.11"", ""basis"": ""word as seed"", ""note"": ""The commentary moves from recited revelation to pasture and a field of outcomes; Jesus identifies the seed as God's word, joining the reminder and agricultural imagery in one interpretation."", ""turn"": 2, ""model"": ""luna"", ""connection_id"": ""BC-c1cc55e23ad08786005a""}]"
SBLGNT:Luke.8.15	strong	incil	motif	hearing, holding fast, bearing fruit	The commentary divides hearers and describes cultivated land yielding a lasting share; Jesus says the good soil hears the word, holds it fast, and bears fruit with endurance.	sec18	"[{""line"": 103, ""strength"": ""strong"", ""tradition"": ""incil"", ""kind"": ""motif"", ""ref"": ""SBLGNT:Luke.8.15"", ""basis"": ""hearing, holding fast, bearing fruit"", ""note"": ""The commentary divides hearers and describes cultivated land yielding a lasting share; Jesus says the good soil hears the word, holds it fast, and bears fruit with endurance."", ""turn"": 2, ""model"": ""luna"", ""connection_id"": ""BC-ed7021f79bc68bc50461""}]"
SBLGNT:Mark.12.26	strong	incil	yorum_gelenegi	The book of Moses at the bush	Jesus identifies the bush episode as a passage in the book of Moses, directly joining the commentary's final Moses pages to its opening fire encounter.	sec18	"[{""line"": 10, ""strength"": ""strong"", ""tradition"": ""incil"", ""kind"": ""yorum_gelenegi"", ""ref"": ""SBLGNT:Mark.12.26"", ""basis"": ""The book of Moses at the bush"", ""note"": ""Jesus identifies the bush episode as a passage in the book of Moses, directly joining the commentary's final Moses pages to its opening fire encounter."", ""turn"": 1, ""model"": ""terra"", ""connection_id"": ""BC-a1e22a9af0e1445c17e9""}]"
SBLGNT:Mark.13.32	medium	incil	motif	The day and hour known only to the Father	Jesus says the decisive day and hour are known to the Father alone, a close Christian analogue to the commentary's divinely concealed hour.	sec18	"[{""line"": 111, ""strength"": ""medium"", ""tradition"": ""incil"", ""kind"": ""motif"", ""ref"": ""SBLGNT:Mark.13.32"", ""basis"": ""The day and hour known only to the Father"", ""note"": ""Jesus says the decisive day and hour are known to the Father alone, a close Christian analogue to the commentary's divinely concealed hour."", ""turn"": 1, ""model"": ""terra"", ""connection_id"": ""BC-39af90a429131e0e7dcd""}]"
SBLGNT:Mark.9.48	strong	incil	motif|paralel	unquenched fire | Christian citation of undying worm and unquenched fire	The commentary describes the person in the great fire as neither dying nor living; Mark's Gehenna saying depicts fire that is not quenched, a specific shared punishment image with a different emphasis. | Mark preserves Isaiah's image for Gehenna, making an explicit Christian counterpart to the commentary's fire in which ordinary death does not bring release.	sec18	"[{""line"": 74, ""strength"": ""weak"", ""tradition"": ""incil"", ""kind"": ""motif"", ""ref"": ""SBLGNT:Mark.9.48"", ""basis"": ""unquenched fire"", ""note"": ""The commentary describes the person in the great fire as neither dying nor living; Mark's Gehenna saying depicts fire that is not quenched, a specific shared punishment image with a different emphasis."", ""turn"": 1, ""model"": ""luna"", ""connection_id"": ""BC-55e2332aa7e46d1e5308""}, {""line"": 28, ""strength"": ""strong"", ""tradition"": ""incil"", ""kind"": ""paralel"", ""ref"": ""SBLGNT:Mark.9.48"", ""basis"": ""Christian citation of undying worm and unquenched fire"", ""note"": ""Mark preserves Isaiah's image for Gehenna, making an explicit Christian counterpart to the commentary's fire in which ordinary death does not bring release."", ""turn"": 1, ""model"": ""terra"", ""connection_id"": ""BC-48ce809031c58a64533f""}]"
SBLGNT:Matt.10.28	strong	incil	motif	A ruler's limited power over life	Jesus distinguishes people who can kill only the body from God who judges finally; this clarifies the commentary's assertion that Pharaoh rules only this worldly life while God is more enduring.	sec18	"[{""line"": 18, ""strength"": ""strong"", ""tradition"": ""incil"", ""kind"": ""motif"", ""ref"": ""SBLGNT:Matt.10.28"", ""basis"": ""A ruler's limited power over life"", ""note"": ""Jesus distinguishes people who can kill only the body from God who judges finally; this clarifies the commentary's assertion that Pharaoh rules only this worldly life while God is more enduring."", ""turn"": 1, ""model"": ""terra"", ""connection_id"": ""BC-9ac2213a197cfa8755ba""}]"
SBLGNT:Matt.13.30	strong	incil	motif	wheat and weeds at harvest | Wheat gathered and weeds burned	The commentary says dry growth is swept away while useful yield remains; Jesus' parable keeps weeds and wheat until harvest, when the weeds are bound for burning and wheat stored. | The parable preserves wheat while gathering weeds for burning, closely pairing the commentary's useful field, rejected vegetation, division, and fire.	sec18	"[{""line"": 63, ""strength"": ""medium"", ""tradition"": ""incil"", ""kind"": ""motif"", ""ref"": ""SBLGNT:Matt.13.30"", ""basis"": ""wheat and weeds at harvest"", ""note"": ""The commentary says dry growth is swept away while useful yield remains; Jesus' parable keeps weeds and wheat until harvest, when the weeds are bound for burning and wheat stored."", ""turn"": 1, ""model"": ""luna"", ""connection_id"": ""BC-0cc5e1a25b646f632857""}, {""line"": 58, ""strength"": ""strong"", ""tradition"": ""incil"", ""kind"": ""motif"", ""ref"": ""SBLGNT:Matt.13.30"", ""basis"": ""Wheat gathered and weeds burned"", ""note"": ""The parable preserves wheat while gathering weeds for burning, closely pairing the commentary's useful field, rejected vegetation, division, and fire."", ""turn"": 1, ""model"": ""terra"", ""connection_id"": ""BC-44a4df3eb16fc211ec09""}]"
SBLGNT:Matt.13.40	medium	incil	motif	weeds burned at the end | Weeds gathered and burned at the age's end	The commentary uses dead pasture for the failing worldly life; Jesus interprets weeds as evil and their burning as the end of the age, a specific but differently mapped agricultural judgment. | Jesus explains the weed-and-fire image as an end-time sorting, a necessary interpretive continuation of the field scene and the commentary's future fire.	sec18	"[{""line"": 64, ""strength"": ""medium"", ""tradition"": ""incil"", ""kind"": ""motif"", ""ref"": ""SBLGNT:Matt.13.40"", ""basis"": ""weeds burned at the end"", ""note"": ""The commentary uses dead pasture for the failing worldly life; Jesus interprets weeds as evil and their burning as the end of the age, a specific but differently mapped agricultural judgment."", ""turn"": 1, ""model"": ""luna"", ""connection_id"": ""BC-7260322c23fe9660b0d4""}, {""line"": 198, ""strength"": ""medium"", ""tradition"": ""incil"", ""kind"": ""motif"", ""ref"": ""SBLGNT:Matt.13.40"", ""basis"": ""Weeds gathered and burned at the age's end"", ""note"": ""Jesus explains the weed-and-fire image as an end-time sorting, a necessary interpretive continuation of the field scene and the commentary's future fire."", ""turn"": 2, ""model"": ""terra"", ""connection_id"": ""BC-0735e7a11e6e35265c4b""}]"
SBLGNT:Matt.13.43	medium	incil	motif	Righteous shining in their Father's kingdom	The righteous shine in the kingdom after the furnace judgment, a Christian continuation that meets the commentary's high degrees and lasting reward.	sec18	"[{""line"": 199, ""strength"": ""medium"", ""tradition"": ""incil"", ""kind"": ""motif"", ""ref"": ""SBLGNT:Matt.13.43"", ""basis"": ""Righteous shining in their Father's kingdom"", ""note"": ""The righteous shine in the kingdom after the furnace judgment, a Christian continuation that meets the commentary's high degrees and lasting reward."", ""turn"": 2, ""model"": ""terra"", ""connection_id"": ""BC-5a3e136ea4e257f47148""}]"
SBLGNT:Matt.25.46	strong	incil	motif	eternal punishment and eternal life | Eternal punishment and eternal life	The commentary sets the one in fire against the one purified and praying; Jesus' judgment scene ends with two groups sent to eternal punishment or eternal life, a direct afterlife counterpart to the divided fates. | The final separation gives the two groups eternal punishment or eternal life, a Christian counterpart to the commentary's split between fire and the purified, praying person.	sec18	"[{""line"": 110, ""strength"": ""strong"", ""tradition"": ""incil"", ""kind"": ""motif"", ""ref"": ""SBLGNT:Matt.25.46"", ""basis"": ""eternal punishment and eternal life"", ""note"": ""The commentary sets the one in fire against the one purified and praying; Jesus' judgment scene ends with two groups sent to eternal punishment or eternal life, a direct afterlife counterpart to the divided fates."", ""turn"": 2, ""model"": ""luna"", ""connection_id"": ""BC-ed3c6c053e3b2a07d875""}, {""line"": 92, ""strength"": ""strong"", ""tradition"": ""incil"", ""kind"": ""motif"", ""ref"": ""SBLGNT:Matt.25.46"", ""basis"": ""Eternal punishment and eternal life"", ""note"": ""The final separation gives the two groups eternal punishment or eternal life, a Christian counterpart to the commentary's split between fire and the purified, praying person."", ""turn"": 1, ""model"": ""terra"", ""connection_id"": ""BC-2908de12400a80df5a68""}]"
SBLGNT:Matt.3.12	strong	incil	motif	Wheat gathered and chaff burned with unquenchable fire	The coming judge stores wheat but burns chaff, tightly combining the commentary's useful remainder, agricultural waste, human division, and great fire.	sec18	"[{""line"": 167, ""strength"": ""strong"", ""tradition"": ""incil"", ""kind"": ""motif"", ""ref"": ""SBLGNT:Matt.3.12"", ""basis"": ""Wheat gathered and chaff burned with unquenchable fire"", ""note"": ""The coming judge stores wheat but burns chaff, tightly combining the commentary's useful remainder, agricultural waste, human division, and great fire."", ""turn"": 2, ""model"": ""terra"", ""connection_id"": ""BC-1c2bb3f2c6f943b5382e""}]"
SBLGNT:Matt.6.19	medium	incil	motif	treasure on earth	The commentary says people put worldly life first though another life lasts; Jesus warns against storing treasure on earth, making present attachment the explicit choice at issue.	sec18	"[{""line"": 60, ""strength"": ""medium"", ""tradition"": ""incil"", ""kind"": ""motif"", ""ref"": ""SBLGNT:Matt.6.19"", ""basis"": ""treasure on earth"", ""note"": ""The commentary says people put worldly life first though another life lasts; Jesus warns against storing treasure on earth, making present attachment the explicit choice at issue."", ""turn"": 1, ""model"": ""luna"", ""connection_id"": ""BC-fb673d47d7726009c9b2""}]"
SBLGNT:Matt.6.20	medium	incil	motif	treasure in heaven	The commentary calls the hereafter better and more abiding; Jesus directs disciples to store treasure in heaven, giving a concrete alternative to earthly preference.	sec18	"[{""line"": 61, ""strength"": ""medium"", ""tradition"": ""incil"", ""kind"": ""motif"", ""ref"": ""SBLGNT:Matt.6.20"", ""basis"": ""treasure in heaven"", ""note"": ""The commentary calls the hereafter better and more abiding; Jesus directs disciples to store treasure in heaven, giving a concrete alternative to earthly preference."", ""turn"": 1, ""model"": ""luna"", ""connection_id"": ""BC-2493768d18b95e997f84""}]"
SBLGNT:Matt.6.6	strong	incil	motif	Prayer to the Father who sees in secret	Jesus places prayer in the hidden room before the Father who sees in secret, directly combining the commentary's prayer-for-remembrance with its hidden divine knowledge.	sec18	"[{""line"": 153, ""strength"": ""strong"", ""tradition"": ""incil"", ""kind"": ""motif"", ""ref"": ""SBLGNT:Matt.6.6"", ""basis"": ""Prayer to the Father who sees in secret"", ""note"": ""Jesus places prayer in the hidden room before the Father who sees in secret, directly combining the commentary's prayer-for-remembrance with its hidden divine knowledge."", ""turn"": 2, ""model"": ""terra"", ""connection_id"": ""BC-72d2ef1543867c5cf471""}]"
SBLGNT:Matt.6.9	strong	incil	motif	Prayer that hallows God's name	The opening petition of the Lord's Prayer hallows the Father's name, an explicit Christian prayer counterpart to the commentary's remembering the Lord's name and praying.	sec18	"[{""line"": 76, ""strength"": ""strong"", ""tradition"": ""incil"", ""kind"": ""motif"", ""ref"": ""SBLGNT:Matt.6.9"", ""basis"": ""Prayer that hallows God's name"", ""note"": ""The opening petition of the Lord's Prayer hallows the Father's name, an explicit Christian prayer counterpart to the commentary's remembering the Lord's name and praying."", ""turn"": 1, ""model"": ""terra"", ""connection_id"": ""BC-814f54a70c8c8747f8c2""}]"
SBLGNT:Matt.7.13	strong	incil	motif	Broad way leading to destruction	The broad gate and way end in destruction, providing a Christian path-and-outcome counterpart to the commentary's guidance, choice, and fire.	sec18	"[{""line"": 188, ""strength"": ""strong"", ""tradition"": ""incil"", ""kind"": ""motif"", ""ref"": ""SBLGNT:Matt.7.13"", ""basis"": ""Broad way leading to destruction"", ""note"": ""The broad gate and way end in destruction, providing a Christian path-and-outcome counterpart to the commentary's guidance, choice, and fire."", ""turn"": 2, ""model"": ""terra"", ""connection_id"": ""BC-3c81ff8ab3f7b65f91cb""}]"
SBLGNT:Matt.7.14	strong	incil	motif	Narrow way leading to life	The difficult way leads to life and few find it, sharpening the commentary's sought guidance and its contrast between life-oriented response and loss.	sec18	"[{""line"": 189, ""strength"": ""strong"", ""tradition"": ""incil"", ""kind"": ""motif"", ""ref"": ""SBLGNT:Matt.7.14"", ""basis"": ""Narrow way leading to life"", ""note"": ""The difficult way leads to life and few find it, sharpening the commentary's sought guidance and its contrast between life-oriented response and loss."", ""turn"": 2, ""model"": ""terra"", ""connection_id"": ""BC-cf81b6fb18dbaa9e1b59""}]"
SBLGNT:Matt.7.24	strong	incil	motif	hearing and doing the words | Hearing and doing words builds on rock	The commentary says the reminder divides people by their response; Jesus compares the one who hears and does his words to a builder, tying reception of instruction to the outcome of a house. | The person who hears Jesus's words and does them is likened to a wise builder, a Christian response-to-reminder counterpart to the commentary's beneficial admonition.	sec18	"[{""line"": 98, ""strength"": ""strong"", ""tradition"": ""incil"", ""kind"": ""motif"", ""ref"": ""SBLGNT:Matt.7.24"", ""basis"": ""hearing and doing the words"", ""note"": ""The commentary says the reminder divides people by their response; Jesus compares the one who hears and does his words to a builder, tying reception of instruction to the outcome of a house."", ""turn"": 2, ""model"": ""luna"", ""connection_id"": ""BC-d1c9e143ad6e06b49b71""}, {""line"": 157, ""strength"": ""strong"", ""tradition"": ""incil"", ""kind"": ""motif"", ""ref"": ""SBLGNT:Matt.7.24"", ""basis"": ""Hearing and doing words builds on rock"", ""note"": ""The person who hears Jesus's words and does them is likened to a wise builder, a Christian response-to-reminder counterpart to the commentary's beneficial admonition."", ""turn"": 2, ""model"": ""terra"", ""connection_id"": ""BC-d5f7ec30844269a3f34c""}]"
SBLGNT:Matt.7.25	strong	incil	motif	flood cannot move the house | Rain and floods fail to overthrow the founded house	The commentary's flood carries off refuse while useful matter remains; the house built on rock stands through rain, flood, and wind, a close counter-image of what endures the waters. | Rain, flood, and wind strike the rock-founded house but it remains, directly meeting the commentary's flood and the contrast between what goes away and what remains.	sec18	"[{""line"": 99, ""strength"": ""strong"", ""tradition"": ""incil"", ""kind"": ""motif"", ""ref"": ""SBLGNT:Matt.7.25"", ""basis"": ""flood cannot move the house"", ""note"": ""The commentary's flood carries off refuse while useful matter remains; the house built on rock stands through rain, flood, and wind, a close counter-image of what endures the waters."", ""turn"": 2, ""model"": ""luna"", ""connection_id"": ""BC-6d79bb03b5eda55a5087""}, {""line"": 158, ""strength"": ""strong"", ""tradition"": ""incil"", ""kind"": ""motif"", ""ref"": ""SBLGNT:Matt.7.25"", ""basis"": ""Rain and floods fail to overthrow the founded house"", ""note"": ""Rain, flood, and wind strike the rock-founded house but it remains, directly meeting the commentary's flood and the contrast between what goes away and what remains."", ""turn"": 2, ""model"": ""terra"", ""connection_id"": ""BC-247efd4fa739c2a928d9""}]"
SBLGNT:Matt.7.26	strong	incil	motif	hearing without doing | Hearing without doing builds on sand	The commentary distinguishes those who remember from those who avoid the reminder; Jesus contrasts the hearer who does not act with the wise builder, specifying failure to act as the decisive difference. | The hearer who does not act on the words builds on sand, providing a counterpart to the commentary's person who avoids the reminder.	sec18	"[{""line"": 100, ""strength"": ""strong"", ""tradition"": ""incil"", ""kind"": ""motif"", ""ref"": ""SBLGNT:Matt.7.26"", ""basis"": ""hearing without doing"", ""note"": ""The commentary distinguishes those who remember from those who avoid the reminder; Jesus contrasts the hearer who does not act with the wise builder, specifying failure to act as the decisive difference."", ""turn"": 2, ""model"": ""luna"", ""connection_id"": ""BC-5973e8df5d6f7980fb9a""}, {""line"": 159, ""strength"": ""strong"", ""tradition"": ""incil"", ""kind"": ""motif"", ""ref"": ""SBLGNT:Matt.7.26"", ""basis"": ""Hearing without doing builds on sand"", ""note"": ""The hearer who does not act on the words builds on sand, providing a counterpart to the commentary's person who avoids the reminder."", ""turn"": 2, ""model"": ""terra"", ""connection_id"": ""BC-733dd7ebd53de220662a""}]"
SBLGNT:Matt.7.27	strong	incil	motif	flood exposes the failed foundation | Flood destroys the house with no foundation	The commentary's flood removes what cannot last; Jesus' flood causes the ungrounded house to collapse, dramatizing the consequence of rejecting the words heard. | Rain and floods bring a great fall to the sand-founded house, completing the commentary's water-borne testing and opposed human outcomes.	sec18	"[{""line"": 101, ""strength"": ""strong"", ""tradition"": ""incil"", ""kind"": ""motif"", ""ref"": ""SBLGNT:Matt.7.27"", ""basis"": ""flood exposes the failed foundation"", ""note"": ""The commentary's flood removes what cannot last; Jesus' flood causes the ungrounded house to collapse, dramatizing the consequence of rejecting the words heard."", ""turn"": 2, ""model"": ""luna"", ""connection_id"": ""BC-c6948adee3fc6ebd432d""}, {""line"": 160, ""strength"": ""strong"", ""tradition"": ""incil"", ""kind"": ""motif"", ""ref"": ""SBLGNT:Matt.7.27"", ""basis"": ""Flood destroys the house with no foundation"", ""note"": ""Rain and floods bring a great fall to the sand-founded house, completing the commentary's water-borne testing and opposed human outcomes."", ""turn"": 2, ""model"": ""terra"", ""connection_id"": ""BC-db0a06cc8a20b440ad45""}]"
SBLGNT:Phil.2.10	medium	incil	motif	Every knee bends at the exalted name	The universal bending of knees at the name gives a Christian liturgical analogue to the commentary's prostration and exalted name, with a different christological setting.	sec18	"[{""line"": 195, ""strength"": ""medium"", ""tradition"": ""incil"", ""kind"": ""motif"", ""ref"": ""SBLGNT:Phil.2.10"", ""basis"": ""Every knee bends at the exalted name"", ""note"": ""The universal bending of knees at the name gives a Christian liturgical analogue to the commentary's prostration and exalted name, with a different christological setting."", ""turn"": 2, ""model"": ""terra"", ""connection_id"": ""BC-e49794a589437a67e799""}]"
SBLGNT:Phil.2.9	medium	incil	motif	A name highly exalted above every name	God highly exalts a name above every name, a Christian reapplication of name-and-highness that is relevant to the commentary's praise of the highest Lord but does not share its speaker.	sec18	"[{""line"": 194, ""strength"": ""medium"", ""tradition"": ""incil"", ""kind"": ""motif"", ""ref"": ""SBLGNT:Phil.2.9"", ""basis"": ""A name highly exalted above every name"", ""note"": ""God highly exalts a name above every name, a Christian reapplication of name-and-highness that is relevant to the commentary's praise of the highest Lord but does not share its speaker."", ""turn"": 2, ""model"": ""terra"", ""connection_id"": ""BC-eadfa8d47bfa18928967""}]"
SBLGNT:Rev.15.3	medium	incil	motif	The song of Moses as praise	The heavenly worshippers sing the song of Moses in praise of God's great works, a Christian liturgical meeting of Moses, praise, and enduring divine rule.	sec18	"[{""line"": 125, ""strength"": ""medium"", ""tradition"": ""incil"", ""kind"": ""motif"", ""ref"": ""SBLGNT:Rev.15.3"", ""basis"": ""The song of Moses as praise"", ""note"": ""The heavenly worshippers sing the song of Moses in praise of God's great works, a Christian liturgical meeting of Moses, praise, and enduring divine rule."", ""turn"": 1, ""model"": ""terra"", ""connection_id"": ""BC-cf5450ef5e1a08c249d0""}]"
SBLGNT:Rev.20.14	medium	incil	karsi_anlati	Lake of fire called the second death	Revelation names the fiery lake the second death; its wording supplies a deliberate Christian contrast to the commentary's fire in which death and life are both denied.	sec18	"[{""line"": 116, ""strength"": ""medium"", ""tradition"": ""incil"", ""kind"": ""karsi_anlati"", ""ref"": ""SBLGNT:Rev.20.14"", ""basis"": ""Lake of fire called the second death"", ""note"": ""Revelation names the fiery lake the second death; its wording supplies a deliberate Christian contrast to the commentary's fire in which death and life are both denied."", ""turn"": 1, ""model"": ""terra"", ""connection_id"": ""BC-db278f1d802fd2fc8160""}]"
SBLGNT:Rev.21.4	strong	incil	karsi_anlati	Future with death abolished	Revelation's renewed world abolishes death, mourning, and pain; its eschatological endpoint gives a Christian counter-horizon to the commentary's fire where neither death nor life occurs.	sec18	"[{""line"": 190, ""strength"": ""strong"", ""tradition"": ""incil"", ""kind"": ""karsi_anlati"", ""ref"": ""SBLGNT:Rev.21.4"", ""basis"": ""Future with death abolished"", ""note"": ""Revelation's renewed world abolishes death, mourning, and pain; its eschatological endpoint gives a Christian counter-horizon to the commentary's fire where neither death nor life occurs."", ""turn"": 2, ""model"": ""terra"", ""connection_id"": ""BC-6484c97c0836cebcdda7""}]"
SBLGNT:Rev.9.6	strong	incil	motif	death sought but absent | People seek death but death flees	The commentary says the one in fire neither dies nor lives; Revelation depicts people seeking death without finding it, a close suspended-death image in a different apocalyptic scene. | In Revelation's torment people long to die yet cannot find death; this is a particularly close formulation beside the commentary's neither-dying-nor-living fire.	sec18	"[{""line"": 75, ""strength"": ""weak"", ""tradition"": ""incil"", ""kind"": ""motif"", ""ref"": ""SBLGNT:Rev.9.6"", ""basis"": ""death sought but absent"", ""note"": ""The commentary says the one in fire neither dies nor lives; Revelation depicts people seeking death without finding it, a close suspended-death image in a different apocalyptic scene."", ""turn"": 1, ""model"": ""luna"", ""connection_id"": ""BC-4ce6844ffbe613a48f90""}, {""line"": 29, ""strength"": ""strong"", ""tradition"": ""incil"", ""kind"": ""motif"", ""ref"": ""SBLGNT:Rev.9.6"", ""basis"": ""People seek death but death flees"", ""note"": ""In Revelation's torment people long to die yet cannot find death; this is a particularly close formulation beside the commentary's neither-dying-nor-living fire."", ""turn"": 1, ""model"": ""terra"", ""connection_id"": ""BC-9943d1a86284b8bb9e95""}]"
SBLGNT:Rom.12.3	medium	incil	motif	A measure of faith allotted by God	God assigns each person a measure of faith, supplying another specific Christian use of divinely apportioned measure beside the commentary's qadar imagery.	sec18	"[{""line"": 123, ""strength"": ""medium"", ""tradition"": ""incil"", ""kind"": ""motif"", ""ref"": ""SBLGNT:Rom.12.3"", ""basis"": ""A measure of faith allotted by God"", ""note"": ""God assigns each person a measure of faith, supplying another specific Christian use of divinely apportioned measure beside the commentary's qadar imagery."", ""turn"": 1, ""model"": ""terra"", ""connection_id"": ""BC-94757288f9cde9f5bbcc""}]"
SBLGNT:Rom.2.7	strong	incil	motif	persistent good and immortality	The commentary says the cultivated field's yield is lasting good; Paul describes those who persist in good work seeking immortality as receiving eternal life, an ethical counterpart to that lasting yield.	sec18	"[{""line"": 52, ""strength"": ""strong"", ""tradition"": ""incil"", ""kind"": ""motif"", ""ref"": ""SBLGNT:Rom.2.7"", ""basis"": ""persistent good and immortality"", ""note"": ""The commentary says the cultivated field's yield is lasting good; Paul describes those who persist in good work seeking immortality as receiving eternal life, an ethical counterpart to that lasting yield."", ""turn"": 1, ""model"": ""luna"", ""connection_id"": ""BC-6579d079cb4a0500875a""}]"
SBLGNT:Rom.8.18	medium	incil	motif	present suffering against future glory	The commentary contrasts the painful fire of one fate with the better enduring hereafter; Paul says present sufferings are not comparable to the glory to be revealed, giving a Christian formulation of present and future value.	sec18	"[{""line"": 116, ""strength"": ""medium"", ""tradition"": ""incil"", ""kind"": ""motif"", ""ref"": ""SBLGNT:Rom.8.18"", ""basis"": ""present suffering against future glory"", ""note"": ""The commentary contrasts the painful fire of one fate with the better enduring hereafter; Paul says present sufferings are not comparable to the glory to be revealed, giving a Christian formulation of present and future value."", ""turn"": 2, ""model"": ""luna"", ""connection_id"": ""BC-00c5e07c75cd85112bb0""}]"
SBLGNT:Rom.9.21	strong	incil	motif	Potter's authority over clay vessels	Paul uses a potter making vessels for different purposes, joining divine fashioning to differentiated allotment in the way the commentary connects creation and choice.	sec18	"[{""line"": 68, ""strength"": ""strong"", ""tradition"": ""incil"", ""kind"": ""motif"", ""ref"": ""SBLGNT:Rom.9.21"", ""basis"": ""Potter's authority over clay vessels"", ""note"": ""Paul uses a potter making vessels for different purposes, joining divine fashioning to differentiated allotment in the way the commentary connects creation and choice."", ""turn"": 1, ""model"": ""terra"", ""connection_id"": ""BC-987a5f7a7a7c5b71a3c9""}]"
2 Maccabees 7:14	strong	tevrat	karsi_anlati	Mortal death and resurrection unto life	Another brother contrasts death at human hands with hope of resurrection and tells the tyrant he has no resurrection to life; it is a pointed counter-formulation to neither dying nor living in the fire.	sec18	"[{""line"": 23, ""strength"": ""strong"", ""tradition"": ""tevrat"", ""kind"": ""karsi_anlati"", ""ref"": ""2 Maccabees 7:14"", ""basis"": ""Mortal death and resurrection unto life"", ""note"": ""Another brother contrasts death at human hands with hope of resurrection and tells the tyrant he has no resurrection to life; it is a pointed counter-formulation to neither dying nor living in the fire."", ""turn"": 1, ""model"": ""terra"", ""connection_id"": ""BC-979fe99fb059f62dbca8""}]"
2 Maccabees 7:9	strong	tevrat	paralel	A tyrant ends present life, God raises to lasting life	A tortured brother tells the king that he may dismiss them from present life but the King of the world will raise them to everlasting life, closely meeting Pharaoh's threat and the better enduring life.	sec18	"[{""line"": 22, ""strength"": ""strong"", ""tradition"": ""tevrat"", ""kind"": ""paralel"", ""ref"": ""2 Maccabees 7:9"", ""basis"": ""A tyrant ends present life, God raises to lasting life"", ""note"": ""A tortured brother tells the king that he may dismiss them from present life but the King of the world will raise them to everlasting life, closely meeting Pharaoh's threat and the better enduring life."", ""turn"": 1, ""model"": ""terra"", ""connection_id"": ""BC-ffdd094b34360db22d3b""}]"
4 Ezra 14:44	strong	tevrat	motif	A restored corpus of revealed books	Ezra's scribes complete ninety-four books after the law's loss, a Jewish apocalyptic meditation on preserving and differentiating former sacred writings.	sec18	"[{""line"": 99, ""strength"": ""strong"", ""tradition"": ""tevrat"", ""kind"": ""motif"", ""ref"": ""4 Ezra 14:44"", ""basis"": ""A restored corpus of revealed books"", ""note"": ""Ezra's scribes complete ninety-four books after the law's loss, a Jewish apocalyptic meditation on preserving and differentiating former sacred writings."", ""turn"": 1, ""model"": ""terra"", ""connection_id"": ""BC-d277f58127031065253e""}]"
4 Ezra 7:36	strong	tevrat	motif	Furnace of torment opposed to a place of rest	The apocalyptic vision displays the furnace of Gehenna opposite a place of rest, a Jewish eschatological pairing for the commentary's fire and enduring differentiated outcome.	sec18	"[{""line"": 94, ""strength"": ""strong"", ""tradition"": ""tevrat"", ""kind"": ""motif"", ""ref"": ""4 Ezra 7:36"", ""basis"": ""Furnace of torment opposed to a place of rest"", ""note"": ""The apocalyptic vision displays the furnace of Gehenna opposite a place of rest, a Jewish eschatological pairing for the commentary's fire and enduring differentiated outcome."", ""turn"": 1, ""model"": ""terra"", ""connection_id"": ""BC-98664201ede477b569f8""}]"
Apocalypse of Abraham 1–8	weak	tevrat	yorum_gelenegi	Abraham's early confrontation with household idols	The opening idol episodes are commonly cited for Abraham's testing and rejection of Terah's idols and fire-associated separation; the exact internal sequence should be verified, but it is a specific expansion of the commentary's anti-idolatry Abraham.	sec18	"[{""line"": 129, ""strength"": ""weak"", ""tradition"": ""tevrat"", ""kind"": ""yorum_gelenegi"", ""ref"": ""Apocalypse of Abraham 1–8"", ""basis"": ""Abraham's early confrontation with household idols"", ""note"": ""The opening idol episodes are commonly cited for Abraham's testing and rejection of Terah's idols and fire-associated separation; the exact internal sequence should be verified, but it is a specific expansion of the commentary's anti-idolatry Abraham."", ""turn"": 1, ""model"": ""terra"", ""connection_id"": ""BC-44622e73abe3380dcac8""}]"
Bava Batra 14b	strong	tevrat	yorum_gelenegi	Rabbinic attribution of Moses's book	The Talmud's statement that Moses wrote his book is a Jewish reception of Mosaic textual authority relevant to the commentary's named pages of Moses.	sec18	"[{""line"": 98, ""strength"": ""strong"", ""tradition"": ""tevrat"", ""kind"": ""yorum_gelenegi"", ""ref"": ""Bava Batra 14b"", ""basis"": ""Rabbinic attribution of Moses's book"", ""note"": ""The Talmud's statement that Moses wrote his book is a Jewish reception of Mosaic textual authority relevant to the commentary's named pages of Moses."", ""turn"": 1, ""model"": ""terra"", ""connection_id"": ""BC-c004efb3bc4d5404f139""}]"
Berakhot 17a	strong	tevrat	yorum_gelenegi	Righteous enjoying divine radiance in the world to come	The Talmud's world-to-come scene gives the righteous crowns and enjoyment of divine radiance, a Jewish interpretive counterpart to enduring high degrees rather than temporary worldly life.	sec18	"[{""line"": 191, ""strength"": ""strong"", ""tradition"": ""tevrat"", ""kind"": ""yorum_gelenegi"", ""ref"": ""Berakhot 17a"", ""basis"": ""Righteous enjoying divine radiance in the world to come"", ""note"": ""The Talmud's world-to-come scene gives the righteous crowns and enjoyment of divine radiance, a Jewish interpretive counterpart to enduring high degrees rather than temporary worldly life."", ""turn"": 2, ""model"": ""terra"", ""connection_id"": ""BC-e3c8cba6ee0004779357""}]"
Exodus Rabbah 2:5	medium	tevrat	yorum_gelenegi	bush as Israel under oppression	The commentary reads Moses' fire as guidance rather than punishment; this midrash reads the unconsumed bush as Israel suffering in Egypt without being destroyed, shifting the sign toward collective endurance.	sec18	"[{""line"": 54, ""strength"": ""medium"", ""tradition"": ""tevrat"", ""kind"": ""yorum_gelenegi"", ""ref"": ""Exodus Rabbah 2:5"", ""basis"": ""bush as Israel under oppression"", ""note"": ""The commentary reads Moses' fire as guidance rather than punishment; this midrash reads the unconsumed bush as Israel suffering in Egypt without being destroyed, shifting the sign toward collective endurance."", ""turn"": 1, ""model"": ""luna"", ""connection_id"": ""BC-0985503f2e18e450a21d""}]"
Genesis Rabbah 38:13	strong	tevrat	yorum_gelenegi	Abraham breaks idols | Abraham's idol challenge and the furnace	The commentary invokes Abraham's request for distance from idols; this midrash's idol-breaking account portrays Abraham actively rejecting his father's idols, making the cited prayer a narrative practice. | The midrash has Abraham reject idols and be cast into Nimrod's furnace, a Jewish expansion that tightly joins the commentary's Abrahamic anti-idolatry with its repeated fire scenes.	sec18	"[{""line"": 55, ""strength"": ""medium"", ""tradition"": ""tevrat"", ""kind"": ""yorum_gelenegi"", ""ref"": ""Genesis Rabbah 38:13"", ""basis"": ""Abraham breaks idols"", ""note"": ""The commentary invokes Abraham's request for distance from idols; this midrash's idol-breaking account portrays Abraham actively rejecting his father's idols, making the cited prayer a narrative practice."", ""turn"": 1, ""model"": ""luna"", ""connection_id"": ""BC-7175a2d18663aaf0d5bb""}, {""line"": 108, ""strength"": ""strong"", ""tradition"": ""tevrat"", ""kind"": ""yorum_gelenegi"", ""ref"": ""Genesis Rabbah 38:13"", ""basis"": ""Abraham's idol challenge and the furnace"", ""note"": ""The midrash has Abraham reject idols and be cast into Nimrod's furnace, a Jewish expansion that tightly joins the commentary's Abrahamic anti-idolatry with its repeated fire scenes."", ""turn"": 1, ""model"": ""terra"", ""connection_id"": ""BC-3f6d9902af7a963f284d""}]"
Jubilees 11:16–17	weak	tevrat	yorum_gelenegi	Abraham's early rejection of idolatry	These verses are commonly associated with young Abram's recognition of the earth's error in following carved images and his prayer for deliverance; exact wording and division should be verified, but the link is a specific Jewish precursor to the commentary's anti-idolatry Abraham.	sec18	"[{""line"": 201, ""strength"": ""weak"", ""tradition"": ""tevrat"", ""kind"": ""yorum_gelenegi"", ""ref"": ""Jubilees 11:16–17"", ""basis"": ""Abraham's early rejection of idolatry"", ""note"": ""These verses are commonly associated with young Abram's recognition of the earth's error in following carved images and his prayer for deliverance; exact wording and division should be verified, but the link is a specific Jewish precursor to the commentary's anti-idolatry Abraham."", ""turn"": 2, ""model"": ""terra"", ""connection_id"": ""BC-c6f7cb6444f11289359f""}]"
Jubilees 12:1-8	medium	tevrat	yorum_gelenegi	Abraham rejects his father's idols	The commentary recalls Abraham's plea against idolatry; Jubilees expands his break with his father's idol-making household, giving an early Jewish narrative counterpart to the separation.	sec18	"[{""line"": 56, ""strength"": ""medium"", ""tradition"": ""tevrat"", ""kind"": ""yorum_gelenegi"", ""ref"": ""Jubilees 12:1-8"", ""basis"": ""Abraham rejects his father's idols"", ""note"": ""The commentary recalls Abraham's plea against idolatry; Jubilees expands his break with his father's idol-making household, giving an early Jewish narrative counterpart to the separation."", ""turn"": 1, ""model"": ""luna"", ""connection_id"": ""BC-0c0acbaa5a8bac0af42f""}]"
Mishnah Avot 3:8	strong	tevrat	yorum_gelenegi	Forgetting a word of study	The Mishnah applies Deuteronomy's warning to the deliberate forgetting of a learned word; it is a Jewish interpretive intensification of the commentary's not-forgetting motif.	sec18	"[{""line"": 83, ""strength"": ""strong"", ""tradition"": ""tevrat"", ""kind"": ""yorum_gelenegi"", ""ref"": ""Mishnah Avot 3:8"", ""basis"": ""Forgetting a word of study"", ""note"": ""The Mishnah applies Deuteronomy's warning to the deliberate forgetting of a learned word; it is a Jewish interpretive intensification of the commentary's not-forgetting motif."", ""turn"": 1, ""model"": ""terra"", ""connection_id"": ""BC-18b3259f2d928dbcec0b""}]"
Mishnah Avot 4:16	strong	tevrat	motif|yorum_gelenegi	this world as a vestibule | This world as corridor before the world to come	The commentary says people prefer present worldly life despite the better hereafter; the Mishnah likens this world to a vestibule before the world to come and urges preparation, turning preference into a practical orientation. | Rabbi Jacob calls this world a vestibule before the world to come, a precise rabbinic frame for the commentary's worldly life versus the later, enduring life.	sec18	"[{""line"": 94, ""strength"": ""strong"", ""tradition"": ""tevrat"", ""kind"": ""motif"", ""ref"": ""Mishnah Avot 4:16"", ""basis"": ""this world as a vestibule"", ""note"": ""The commentary says people prefer present worldly life despite the better hereafter; the Mishnah likens this world to a vestibule before the world to come and urges preparation, turning preference into a practical orientation."", ""turn"": 2, ""model"": ""luna"", ""connection_id"": ""BC-39d4dc8f9511f5e2ca60""}, {""line"": 88, ""strength"": ""strong"", ""tradition"": ""tevrat"", ""kind"": ""yorum_gelenegi"", ""ref"": ""Mishnah Avot 4:16"", ""basis"": ""This world as corridor before the world to come"", ""note"": ""Rabbi Jacob calls this world a vestibule before the world to come, a precise rabbinic frame for the commentary's worldly life versus the later, enduring life."", ""turn"": 1, ""model"": ""terra"", ""connection_id"": ""BC-9c40eec1c3923bcd727c""}]"
Mishnah Avot 4:17	strong	tevrat	motif|yorum_gelenegi	good deeds now, bliss hereafter | Good deeds here and bliss in the world to come	The commentary joins cultivated good work to lasting reward and says the hereafter is better than this life; Avot compares one hour of repentance and good deeds here with the world to come, and one hour of its bliss with all this life. | The saying weighs repentance and good deeds in this world together with the incomparable bliss of the world to come, closely mapping the commentary's earthly choice and better permanence.	sec18	"[{""line"": 95, ""strength"": ""strong"", ""tradition"": ""tevrat"", ""kind"": ""motif"", ""ref"": ""Mishnah Avot 4:17"", ""basis"": ""good deeds now, bliss hereafter"", ""note"": ""The commentary joins cultivated good work to lasting reward and says the hereafter is better than this life; Avot compares one hour of repentance and good deeds here with the world to come, and one hour of its bliss with all this life."", ""turn"": 2, ""model"": ""luna"", ""connection_id"": ""BC-d37ab687f3e71adedc32""}, {""line"": 89, ""strength"": ""strong"", ""tradition"": ""tevrat"", ""kind"": ""yorum_gelenegi"", ""ref"": ""Mishnah Avot 4:17"", ""basis"": ""Good deeds here and bliss in the world to come"", ""note"": ""The saying weighs repentance and good deeds in this world together with the incomparable bliss of the world to come, closely mapping the commentary's earthly choice and better permanence."", ""turn"": 1, ""model"": ""terra"", ""connection_id"": ""BC-27969b14a5a7f853dd74""}]"
Sirach 17:1	strong	tevrat	motif	humanity from earth, days allotted	The commentary joins bodily creation to divine measuring; Sirach says God made humans from earth and allotted them numbered days, bringing formation and measure together.	sec18	"[{""line"": 37, ""strength"": ""strong"", ""tradition"": ""tevrat"", ""kind"": ""motif"", ""ref"": ""Sirach 17:1"", ""basis"": ""humanity from earth, days allotted"", ""note"": ""The commentary joins bodily creation to divine measuring; Sirach says God made humans from earth and allotted them numbered days, bringing formation and measure together."", ""turn"": 1, ""model"": ""luna"", ""connection_id"": ""BC-de9b5c7934b587515c3c""}]"
Sirach 2:5	strong	tevrat	motif	Gold tested in fire and the righteous in humiliation	Sirach's fire-testing of gold supplies a Jewish wisdom formulation for the commentary's corrective fire, without making it identical to the punitive fire.	sec18	"[{""line"": 33, ""strength"": ""strong"", ""tradition"": ""tevrat"", ""kind"": ""motif"", ""ref"": ""Sirach 2:5"", ""basis"": ""Gold tested in fire and the righteous in humiliation"", ""note"": ""Sirach's fire-testing of gold supplies a Jewish wisdom formulation for the commentary's corrective fire, without making it identical to the punitive fire."", ""turn"": 1, ""model"": ""terra"", ""connection_id"": ""BC-d6ac701f40d9748e705d""}]"
WLC:1Kgs.18.36	strong	tevrat	motif	Elijah's prayer to the God of Abraham at a fire contest	Elijah invokes the God of Abraham before the altar fire and asks that Israel know God and his servant; it joins fire, Abraham, divine name, and a public contest of allegiance.	sec18	"[{""line"": 134, ""strength"": ""strong"", ""tradition"": ""tevrat"", ""kind"": ""motif"", ""ref"": ""WLC:1Kgs.18.36"", ""basis"": ""Elijah's prayer to the God of Abraham at a fire contest"", ""note"": ""Elijah invokes the God of Abraham before the altar fire and asks that Israel know God and his servant; it joins fire, Abraham, divine name, and a public contest of allegiance."", ""turn"": 2, ""model"": ""terra"", ""connection_id"": ""BC-e0c20631eb015e924c4b""}]"
WLC:1Kgs.18.38	strong	tevrat	motif	Fire consuming the offering	The fire of YHWH falls on Elijah's offering, furnishing a Hebrew-Bible fire scene whose purpose is revelation and correction rather than the destruction of a condemned person.	sec18	"[{""line"": 135, ""strength"": ""strong"", ""tradition"": ""tevrat"", ""kind"": ""motif"", ""ref"": ""WLC:1Kgs.18.38"", ""basis"": ""Fire consuming the offering"", ""note"": ""The fire of YHWH falls on Elijah's offering, furnishing a Hebrew-Bible fire scene whose purpose is revelation and correction rather than the destruction of a condemned person."", ""turn"": 2, ""model"": ""terra"", ""connection_id"": ""BC-2a7bb5230f29fb34835b""}]"
WLC:1Kgs.18.39	strong	tevrat	motif	People fall on their faces and confess God	After the fire the people prostrate themselves and confess YHWH as God, a close narrative meeting of fire, praise, and bowing with the commentary's magicians' prostration.	sec18	"[{""line"": 136, ""strength"": ""strong"", ""tradition"": ""tevrat"", ""kind"": ""motif"", ""ref"": ""WLC:1Kgs.18.39"", ""basis"": ""People fall on their faces and confess God"", ""note"": ""After the fire the people prostrate themselves and confess YHWH as God, a close narrative meeting of fire, praise, and bowing with the commentary's magicians' prostration."", ""turn"": 2, ""model"": ""terra"", ""connection_id"": ""BC-dcd81f6d666ce5f5970e""}]"
WLC:2Chr.7.1	strong	tevrat	motif	Fire descends with divine glory	At the temple dedication fire descends and God's glory fills the house, a further biblical scene in which fire marks divine presence rather than entry into punitive fire.	sec18	"[{""line"": 137, ""strength"": ""strong"", ""tradition"": ""tevrat"", ""kind"": ""motif"", ""ref"": ""WLC:2Chr.7.1"", ""basis"": ""Fire descends with divine glory"", ""note"": ""At the temple dedication fire descends and God's glory fills the house, a further biblical scene in which fire marks divine presence rather than entry into punitive fire."", ""turn"": 2, ""model"": ""terra"", ""connection_id"": ""BC-84fce1503739d514d25b""}]"
WLC:2Chr.7.3	strong	tevrat	motif	Bowing and praise after the fire	Seeing the fire and glory, Israel bows and gives thanks for God's enduring steadfast love; it closely combines the commentary's fire, praise, prostration, and permanence.	sec18	"[{""line"": 138, ""strength"": ""strong"", ""tradition"": ""tevrat"", ""kind"": ""motif"", ""ref"": ""WLC:2Chr.7.3"", ""basis"": ""Bowing and praise after the fire"", ""note"": ""Seeing the fire and glory, Israel bows and gives thanks for God's enduring steadfast love; it closely combines the commentary's fire, praise, prostration, and permanence."", ""turn"": 2, ""model"": ""terra"", ""connection_id"": ""BC-baa780eb646f840a106d""}]"
WLC:Amos.3.7	medium	tevrat	motif	God reveals a secret to prophetic servants	Amos says God discloses the divine secret to prophets, a specific prophetic counterpart to the commentary's hidden matter becoming disclosed guidance.	sec18	"[{""line"": 192, ""strength"": ""medium"", ""tradition"": ""tevrat"", ""kind"": ""motif"", ""ref"": ""WLC:Amos.3.7"", ""basis"": ""God reveals a secret to prophetic servants"", ""note"": ""Amos says God discloses the divine secret to prophets, a specific prophetic counterpart to the commentary's hidden matter becoming disclosed guidance."", ""turn"": 2, ""model"": ""terra"", ""connection_id"": ""BC-862f8f82df2f53548bf6""}]"
WLC:Dan.12.10	strong	tevrat	motif	Many purified and refined, while the wicked do not understand	The end-time division has many made pure and refined while the wicked continue blindly; it closely meets the commentary's tazkiya, reminder, and divided response.	sec18	"[{""line"": 146, ""strength"": ""strong"", ""tradition"": ""tevrat"", ""kind"": ""motif"", ""ref"": ""WLC:Dan.12.10"", ""basis"": ""Many purified and refined, while the wicked do not understand"", ""note"": ""The end-time division has many made pure and refined while the wicked continue blindly; it closely meets the commentary's tazkiya, reminder, and divided response."", ""turn"": 2, ""model"": ""terra"", ""connection_id"": ""BC-0d9b2ab9f2f31925535a""}]"
WLC:Dan.12.2	strong	tevrat	motif	two outcomes after awakening | Everlasting life and everlasting abhorrence	The commentary divides people between fire and purification and contrasts their ultimate fates; Daniel says sleepers in the dust awaken to everlasting life or shame, a specific scriptural division after death. | Daniel's awakening divides people between everlasting life and enduring disgrace, furnishing a biblical future horizon for the commentary's high ranks and great fire.	sec18	"[{""line"": 92, ""strength"": ""strong"", ""tradition"": ""tevrat"", ""kind"": ""motif"", ""ref"": ""WLC:Dan.12.2"", ""basis"": ""two outcomes after awakening"", ""note"": ""The commentary divides people between fire and purification and contrasts their ultimate fates; Daniel says sleepers in the dust awaken to everlasting life or shame, a specific scriptural division after death."", ""turn"": 2, ""model"": ""luna"", ""connection_id"": ""BC-81a756c1e995a4c43618""}, {""line"": 87, ""strength"": ""strong"", ""tradition"": ""tevrat"", ""kind"": ""motif"", ""ref"": ""WLC:Dan.12.2"", ""basis"": ""Everlasting life and everlasting abhorrence"", ""note"": ""Daniel's awakening divides people between everlasting life and enduring disgrace, furnishing a biblical future horizon for the commentary's high ranks and great fire."", ""turn"": 1, ""model"": ""terra"", ""connection_id"": ""BC-1289c16948d133c9c533""}]"
WLC:Dan.12.3	strong	tevrat	motif	Those guiding many to righteousness shine forever	The wise shine and those who turn many to righteousness shine like stars forever, a biblical counterpart to guidance, high degrees, and lasting reward.	sec18	"[{""line"": 147, ""strength"": ""strong"", ""tradition"": ""tevrat"", ""kind"": ""motif"", ""ref"": ""WLC:Dan.12.3"", ""basis"": ""Those guiding many to righteousness shine forever"", ""note"": ""The wise shine and those who turn many to righteousness shine like stars forever, a biblical counterpart to guidance, high degrees, and lasting reward."", ""turn"": 2, ""model"": ""terra"", ""connection_id"": ""BC-d15eddb8f13263229650""}]"
WLC:Dan.12.4	strong	tevrat	motif	Words shut up and book sealed until the end	Daniel is told to close the words and seal the book until the time of the end, a direct biblical combination of hidden end-time knowledge and written pages.	sec18	"[{""line"": 145, ""strength"": ""strong"", ""tradition"": ""tevrat"", ""kind"": ""motif"", ""ref"": ""WLC:Dan.12.4"", ""basis"": ""Words shut up and book sealed until the end"", ""note"": ""Daniel is told to close the words and seal the book until the time of the end, a direct biblical combination of hidden end-time knowledge and written pages."", ""turn"": 2, ""model"": ""terra"", ""connection_id"": ""BC-ab4f09b7e0f02e15a165""}]"
WLC:Dan.2.22	strong	tevrat	motif	God knows and reveals hidden things	Daniel says God reveals deep and hidden things and knows what is in darkness, closely meeting the commentary's God who knows what is open and concealed.	sec18	"[{""line"": 78, ""strength"": ""strong"", ""tradition"": ""tevrat"", ""kind"": ""motif"", ""ref"": ""WLC:Dan.2.22"", ""basis"": ""God knows and reveals hidden things"", ""note"": ""Daniel says God reveals deep and hidden things and knows what is in darkness, closely meeting the commentary's God who knows what is open and concealed."", ""turn"": 1, ""model"": ""terra"", ""connection_id"": ""BC-a3c0cac2ab2b12384cc2""}]"
WLC:Dan.3.18	strong	tevrat	karsi_anlati	Refusal to worship under a king's fire threat	The Judeans refuse the king's gods even when a furnace is threatened; the scene closely meets the commentary's prostrating magicians who reject a tyrant's finite authority.	sec18	"[{""line"": 16, ""strength"": ""strong"", ""tradition"": ""tevrat"", ""kind"": ""karsi_anlati"", ""ref"": ""WLC:Dan.3.18"", ""basis"": ""Refusal to worship under a king's fire threat"", ""note"": ""The Judeans refuse the king's gods even when a furnace is threatened; the scene closely meets the commentary's prostrating magicians who reject a tyrant's finite authority."", ""turn"": 1, ""model"": ""terra"", ""connection_id"": ""BC-0f2751761ee8a36f9246""}]"
WLC:Dan.3.25	strong	tevrat	karsi_anlati|motif	presence in the furnace | Entrants into fire who are unharmed	The commentary contrasts punitive fire with the fire at which Moses receives guidance; Daniel's furnace contains a fourth figure beside the three condemned men, making divine presence visible within lethal fire. | The king sees the furnace's entrants walking unhurt; its outcome stands in deliberate tension with the commentary's person who enters the great fire and neither dies nor lives.	sec18	"[{""line"": 76, ""strength"": ""weak"", ""tradition"": ""tevrat"", ""kind"": ""motif"", ""ref"": ""WLC:Dan.3.25"", ""basis"": ""presence in the furnace"", ""note"": ""The commentary contrasts punitive fire with the fire at which Moses receives guidance; Daniel's furnace contains a fourth figure beside the three condemned men, making divine presence visible within lethal fire."", ""turn"": 1, ""model"": ""luna"", ""connection_id"": ""BC-b548e182fd7a1c61c652""}, {""line"": 17, ""strength"": ""strong"", ""tradition"": ""tevrat"", ""kind"": ""karsi_anlati"", ""ref"": ""WLC:Dan.3.25"", ""basis"": ""Entrants into fire who are unharmed"", ""note"": ""The king sees the furnace's entrants walking unhurt; its outcome stands in deliberate tension with the commentary's person who enters the great fire and neither dies nor lives."", ""turn"": 1, ""model"": ""terra"", ""connection_id"": ""BC-7dc1394083a4de023b9f""}]"
WLC:Dan.3.27	weak	tevrat	motif	unburned in the fire	The commentary distinguishes one who enters fire from Moses approaching it safely; Daniel's men emerge without bodily harm, a related reversal of fire's destructive action.	sec18	"[{""line"": 77, ""strength"": ""weak"", ""tradition"": ""tevrat"", ""kind"": ""motif"", ""ref"": ""WLC:Dan.3.27"", ""basis"": ""unburned in the fire"", ""note"": ""The commentary distinguishes one who enters fire from Moses approaching it safely; Daniel's men emerge without bodily harm, a related reversal of fire's destructive action."", ""turn"": 1, ""model"": ""luna"", ""connection_id"": ""BC-99cc0c6655b9c3cac683""}]"
WLC:Dan.4.17	strong	tevrat	motif	The Most High gives kingdoms to whom he wills	Daniel says the Most High rules human kingdoms and gives them as he chooses, directly contesting Pharaoh's self-exalting authority and joining highness to election.	sec18	"[{""line"": 25, ""strength"": ""strong"", ""tradition"": ""tevrat"", ""kind"": ""motif"", ""ref"": ""WLC:Dan.4.17"", ""basis"": ""The Most High gives kingdoms to whom he wills"", ""note"": ""Daniel says the Most High rules human kingdoms and gives them as he chooses, directly contesting Pharaoh's self-exalting authority and joining highness to election."", ""turn"": 1, ""model"": ""terra"", ""connection_id"": ""BC-14485b513e222da6b3bb""}]"
WLC:Dan.4.34	strong	tevrat	motif	A humbled king praises the Most High	After his humiliation, the king blesses and honors the Most High whose dominion endures; it reverses the commentary's tyrannical high claim with praise and lasting rule.	sec18	"[{""line"": 26, ""strength"": ""strong"", ""tradition"": ""tevrat"", ""kind"": ""motif"", ""ref"": ""WLC:Dan.4.34"", ""basis"": ""A humbled king praises the Most High"", ""note"": ""After his humiliation, the king blesses and honors the Most High whose dominion endures; it reverses the commentary's tyrannical high claim with praise and lasting rule."", ""turn"": 1, ""model"": ""terra"", ""connection_id"": ""BC-5d577ca29c529e059f0e""}]"
WLC:Dan.7.18	strong	tevrat	motif	Holy ones of the Most High possess an everlasting kingdom	The holy ones of the Most High receive and possess the kingdom forever, a direct biblical meeting of highestness, elevated status, and permanence.	sec18	"[{""line"": 183, ""strength"": ""strong"", ""tradition"": ""tevrat"", ""kind"": ""motif"", ""ref"": ""WLC:Dan.7.18"", ""basis"": ""Holy ones of the Most High possess an everlasting kingdom"", ""note"": ""The holy ones of the Most High receive and possess the kingdom forever, a direct biblical meeting of highestness, elevated status, and permanence."", ""turn"": 2, ""model"": ""terra"", ""connection_id"": ""BC-74d90cf34a9311c28b99""}]"
WLC:Dan.7.27	strong	tevrat	motif	Everlasting kingdom given to the people of the Most High	All dominions serve the holy people whose kingdom endures, answering the commentary's tyrant's temporary rule with lasting high rule under God.	sec18	"[{""line"": 184, ""strength"": ""strong"", ""tradition"": ""tevrat"", ""kind"": ""motif"", ""ref"": ""WLC:Dan.7.27"", ""basis"": ""Everlasting kingdom given to the people of the Most High"", ""note"": ""All dominions serve the holy people whose kingdom endures, answering the commentary's tyrant's temporary rule with lasting high rule under God."", ""turn"": 2, ""model"": ""terra"", ""connection_id"": ""BC-78546336dbe4f77ce3ee""}]"
WLC:Deut.17.18	strong	tevrat	motif	A written Torah copy read throughout life	The king must write a Torah copy and keep it for continual reading and fear of God, a precise model of page, remembrance, obedience, and durable instruction.	sec18	"[{""line"": 141, ""strength"": ""strong"", ""tradition"": ""tevrat"", ""kind"": ""motif"", ""ref"": ""WLC:Deut.17.18"", ""basis"": ""A written Torah copy read throughout life"", ""note"": ""The king must write a Torah copy and keep it for continual reading and fear of God, a precise model of page, remembrance, obedience, and durable instruction."", ""turn"": 2, ""model"": ""terra"", ""connection_id"": ""BC-45f0b848d630484218ed""}]"
WLC:Deut.24.19	strong	tevrat	motif	A harvested sheaf deliberately left for others	The forgotten sheaf must remain for the resident alien, orphan, and widow, concretely illuminating the commentary's claim that a field's produce has a due share left behind.	sec18	"[{""line"": 55, ""strength"": ""strong"", ""tradition"": ""tevrat"", ""kind"": ""motif"", ""ref"": ""WLC:Deut.24.19"", ""basis"": ""A harvested sheaf deliberately left for others"", ""note"": ""The forgotten sheaf must remain for the resident alien, orphan, and widow, concretely illuminating the commentary's claim that a field's produce has a due share left behind."", ""turn"": 1, ""model"": ""terra"", ""connection_id"": ""BC-b7ac4b0bc62a1e34100c""}]"
WLC:Deut.29.28	strong	tevrat	motif	hidden and revealed | Secret things and revealed obligations	The commentary says God knows what is open and hidden and places a nearly hidden event in Moses' scene; Moses distinguishes secret things belonging to God from revealed things given to Israel, marking a related boundary without equating the subjects. | The secret belongs to God while what is revealed is for communal obedience, a precise Torah counterpart to the commentary's hidden divine matter and disclosed teaching.	sec18	"[{""line"": 20, ""strength"": ""strong"", ""tradition"": ""tevrat"", ""kind"": ""motif"", ""ref"": ""WLC:Deut.29.28"", ""basis"": ""hidden and revealed"", ""note"": ""The commentary says God knows what is open and hidden and places a nearly hidden event in Moses' scene; Moses distinguishes secret things belonging to God from revealed things given to Israel, marking a related boundary without equating the subjects."", ""turn"": 1, ""model"": ""luna"", ""connection_id"": ""BC-a28f20cd6f3ca4012f20""}, {""line"": 77, ""strength"": ""strong"", ""tradition"": ""tevrat"", ""kind"": ""motif"", ""ref"": ""WLC:Deut.29.28"", ""basis"": ""Secret things and revealed obligations"", ""note"": ""The secret belongs to God while what is revealed is for communal obedience, a precise Torah counterpart to the commentary's hidden divine matter and disclosed teaching."", ""turn"": 1, ""model"": ""terra"", ""connection_id"": ""BC-d7523a215e887e94e689""}]"
WLC:Deut.30.15	strong	tevrat	motif	Life and good set against death and evil	Moses sets life and good before Israel against death and evil, a Torah form of the two human outcomes the commentary traces from reminder through fire and purification.	sec18	"[{""line"": 85, ""strength"": ""strong"", ""tradition"": ""tevrat"", ""kind"": ""motif"", ""ref"": ""WLC:Deut.30.15"", ""basis"": ""Life and good set against death and evil"", ""note"": ""Moses sets life and good before Israel against death and evil, a Torah form of the two human outcomes the commentary traces from reminder through fire and purification."", ""turn"": 1, ""model"": ""terra"", ""connection_id"": ""BC-1f0b79a20612407fc286""}]"
WLC:Deut.30.19	strong	tevrat	motif|soydas	choose life | חַיִּים and ḥayāt | Choose life | Arabic hayat and Hebrew hayyim in the command to choose life	The commentary contrasts preferring worldly life with the better lasting hereafter; Moses urges Israel to choose life by covenant loyalty, a related choice formula whose immediate setting is life in the land. | The commentary repeats Arabic ḥayāt for worldly life; Moses' choice formula uses Hebrew ḥayyîm, a cognate for life, though here it means covenantal life in the land. | The call to choose life gives explicit Mosaic form to the commentary's language of preference and its contrast between the near life and what truly endures. | Beyond the existing choice motif, the Hebrew command choose hayyim and the commentary's hayat are cognate life terms; the verse grounds its life-choice in an explicit Semitic formulation.	sec18	"[{""line"": 58, ""strength"": ""medium"", ""tradition"": ""tevrat"", ""kind"": ""motif"", ""ref"": ""WLC:Deut.30.19"", ""basis"": ""choose life"", ""note"": ""The commentary contrasts preferring worldly life with the better lasting hereafter; Moses urges Israel to choose life by covenant loyalty, a related choice formula whose immediate setting is life in the land."", ""turn"": 1, ""model"": ""luna"", ""connection_id"": ""BC-2f9ab6cc7531256546df""}, {""line"": 59, ""strength"": ""medium"", ""tradition"": ""tevrat"", ""kind"": ""soydas"", ""ref"": ""WLC:Deut.30.19"", ""basis"": ""חַיִּים and ḥayāt"", ""note"": ""The commentary repeats Arabic ḥayāt for worldly life; Moses' choice formula uses Hebrew ḥayyîm, a cognate for life, though here it means covenantal life in the land."", ""turn"": 1, ""model"": ""luna"", ""connection_id"": ""BC-6a1d7849508dcedcbb00""}, {""line"": 86, ""strength"": ""strong"", ""tradition"": ""tevrat"", ""kind"": ""motif"", ""ref"": ""WLC:Deut.30.19"", ""basis"": ""Choose life"", ""note"": ""The call to choose life gives explicit Mosaic form to the commentary's language of preference and its contrast between the near life and what truly endures."", ""turn"": 1, ""model"": ""terra"", ""connection_id"": ""BC-f70a6efc5eb1bb31fab1""}, {""line"": 178, ""strength"": ""strong"", ""tradition"": ""tevrat"", ""kind"": ""soydas"", ""ref"": ""WLC:Deut.30.19"", ""basis"": ""Arabic hayat and Hebrew hayyim in the command to choose life"", ""note"": ""Beyond the existing choice motif, the Hebrew command choose hayyim and the commentary's hayat are cognate life terms; the verse grounds its life-choice in an explicit Semitic formulation."", ""turn"": 2, ""model"": ""terra"", ""connection_id"": ""BC-f669c7e0f67bd12917b2""}]"
WLC:Deut.31.10	strong	tevrat	motif	seven-year reading cycle	The commentary describes a reminder publicly offered and recited; Moses sets the law's public reading at the seven-year festival, giving the reading a recurring communal setting.	sec18	"[{""line"": 79, ""strength"": ""strong"", ""tradition"": ""tevrat"", ""kind"": ""motif"", ""ref"": ""WLC:Deut.31.10"", ""basis"": ""seven-year reading cycle"", ""note"": ""The commentary describes a reminder publicly offered and recited; Moses sets the law's public reading at the seven-year festival, giving the reading a recurring communal setting."", ""turn"": 2, ""model"": ""luna"", ""connection_id"": ""BC-a419f5d773011fdf178b""}]"
WLC:Deut.31.11	strong	tevrat	motif	public reading	The commentary describes revealed speech being recited and offered as reminder; Moses orders the law read publicly before all Israel, giving a communal scriptural counterpart.	sec18	"[{""line"": 17, ""strength"": ""strong"", ""tradition"": ""tevrat"", ""kind"": ""motif"", ""ref"": ""WLC:Deut.31.11"", ""basis"": ""public reading"", ""note"": ""The commentary describes revealed speech being recited and offered as reminder; Moses orders the law read publicly before all Israel, giving a communal scriptural counterpart."", ""turn"": 1, ""model"": ""luna"", ""connection_id"": ""BC-1af395d64f6d9297b6f6""}]"
WLC:Deut.31.12	strong	tevrat	motif	hear, learn, fear	The commentary divides hearers between those who fear and remember and those who turn away; the assembly is to hear the law, learn, and fear the Lord, including children and sojourners.	sec18	"[{""line"": 18, ""strength"": ""strong"", ""tradition"": ""tevrat"", ""kind"": ""motif"", ""ref"": ""WLC:Deut.31.12"", ""basis"": ""hear, learn, fear"", ""note"": ""The commentary divides hearers between those who fear and remember and those who turn away; the assembly is to hear the law, learn, and fear the Lord, including children and sojourners."", ""turn"": 1, ""model"": ""luna"", ""connection_id"": ""BC-922d098acf2611295a7c""}]"
WLC:Deut.31.13	strong	tevrat	motif	fear throughout life	The commentary's fearful hearer remembers the reminder; Moses says future generations must hear and learn to fear God all their days in the land.	sec18	"[{""line"": 19, ""strength"": ""strong"", ""tradition"": ""tevrat"", ""kind"": ""motif"", ""ref"": ""WLC:Deut.31.13"", ""basis"": ""fear throughout life"", ""note"": ""The commentary's fearful hearer remembers the reminder; Moses says future generations must hear and learn to fear God all their days in the land."", ""turn"": 1, ""model"": ""luna"", ""connection_id"": ""BC-fb00812ff562cd02b9f5""}]"
WLC:Deut.31.19	strong	tevrat	motif	Write and teach the song as a witness	God tells Moses to write a song, teach it, and put it in Israel's mouths; it supplies a Mosaic written-and-remembered form for the commentary's recitation and warning.	sec18	"[{""line"": 80, ""strength"": ""strong"", ""tradition"": ""tevrat"", ""kind"": ""motif"", ""ref"": ""WLC:Deut.31.19"", ""basis"": ""Write and teach the song as a witness"", ""note"": ""God tells Moses to write a song, teach it, and put it in Israel's mouths; it supplies a Mosaic written-and-remembered form for the commentary's recitation and warning."", ""turn"": 1, ""model"": ""terra"", ""connection_id"": ""BC-69107ed1675ee733fe66""}]"
WLC:Deut.31.21	strong	tevrat	motif	A song not forgotten from descendants' mouths	The divinely given song will not be forgotten from descendants, a particularly close biblical analogue to the commentary's not-forgetting and enduring instruction.	sec18	"[{""line"": 81, ""strength"": ""strong"", ""tradition"": ""tevrat"", ""kind"": ""motif"", ""ref"": ""WLC:Deut.31.21"", ""basis"": ""A song not forgotten from descendants' mouths"", ""note"": ""The divinely given song will not be forgotten from descendants, a particularly close biblical analogue to the commentary's not-forgetting and enduring instruction."", ""turn"": 1, ""model"": ""terra"", ""connection_id"": ""BC-a6a577e6dae29b779b4d""}]"
WLC:Deut.31.24	strong	tevrat	paralel	Moses completes writing Torah in a book	The verse explicitly depicts Moses finishing the words of Torah in a book, the clearest canonical textual counterpart to Moses's pages in 87:19.	sec18	"[{""line"": 97, ""strength"": ""strong"", ""tradition"": ""tevrat"", ""kind"": ""paralel"", ""ref"": ""WLC:Deut.31.24"", ""basis"": ""Moses completes writing Torah in a book"", ""note"": ""The verse explicitly depicts Moses finishing the words of Torah in a book, the clearest canonical textual counterpart to Moses's pages in 87:19."", ""turn"": 1, ""model"": ""terra"", ""connection_id"": ""BC-19a9e8b2c80524cb5d0b""}]"
WLC:Deut.31.26	strong	tevrat	motif	The Torah book kept as witness	The written Torah is placed beside the ark as a witness, giving the commentary's named Mosaic pages a preserved and judicial function.	sec18	"[{""line"": 142, ""strength"": ""strong"", ""tradition"": ""tevrat"", ""kind"": ""motif"", ""ref"": ""WLC:Deut.31.26"", ""basis"": ""The Torah book kept as witness"", ""note"": ""The written Torah is placed beside the ark as a witness, giving the commentary's named Mosaic pages a preserved and judicial function."", ""turn"": 2, ""model"": ""terra"", ""connection_id"": ""BC-1831040555225c0665d6""}]"
WLC:Deut.32.2	strong	tevrat	motif	Moses' teaching falls as rain | Teaching falling like rain on grass	The commentary joins reminder and guidance to rain-fed pasture; in Moses' song, his teaching descends like rain and his speech like dew, bringing recited instruction and the section's water imagery together. | Moses compares teaching to rain, dew, and showers on tender grass, directly connecting the commentary's reminder to its water-and-pasture landscape.	sec18	"[{""line"": 80, ""strength"": ""strong"", ""tradition"": ""tevrat"", ""kind"": ""motif"", ""ref"": ""WLC:Deut.32.2"", ""basis"": ""Moses' teaching falls as rain"", ""note"": ""The commentary joins reminder and guidance to rain-fed pasture; in Moses' song, his teaching descends like rain and his speech like dew, bringing recited instruction and the section's water imagery together."", ""turn"": 2, ""model"": ""luna"", ""connection_id"": ""BC-fc4c2650fa63e83b523e""}, {""line"": 172, ""strength"": ""strong"", ""tradition"": ""tevrat"", ""kind"": ""motif"", ""ref"": ""WLC:Deut.32.2"", ""basis"": ""Teaching falling like rain on grass"", ""note"": ""Moses compares teaching to rain, dew, and showers on tender grass, directly connecting the commentary's reminder to its water-and-pasture landscape."", ""turn"": 2, ""model"": ""terra"", ""connection_id"": ""BC-a62dd38d1eb370637115""}]"
WLC:Deut.32.3	strong	tevrat	motif	Proclaiming the divine name and ascribing greatness	Moses announces that he will proclaim YHWH's name and ascribe greatness to God, a close Torah counterpart to the commentary's praise of the exalted Lord and mention of the name.	sec18	"[{""line"": 72, ""strength"": ""strong"", ""tradition"": ""tevrat"", ""kind"": ""motif"", ""ref"": ""WLC:Deut.32.3"", ""basis"": ""Proclaiming the divine name and ascribing greatness"", ""note"": ""Moses announces that he will proclaim YHWH's name and ascribe greatness to God, a close Torah counterpart to the commentary's praise of the exalted Lord and mention of the name."", ""turn"": 1, ""model"": ""terra"", ""connection_id"": ""BC-e9ee50fed120e9a582c2""}]"
WLC:Deut.32.46	strong	tevrat	motif	Moses' words taken to heart	The commentary moves from revealed speech to remembrance and admonition; Moses tells Israel to set their hearts on his words and teach them to their children, a direct continuation of the Mosaic reminder theme.	sec18	"[{""line"": 81, ""strength"": ""strong"", ""tradition"": ""tevrat"", ""kind"": ""motif"", ""ref"": ""WLC:Deut.32.46"", ""basis"": ""Moses' words taken to heart"", ""note"": ""The commentary moves from revealed speech to remembrance and admonition; Moses tells Israel to set their hearts on his words and teach them to their children, a direct continuation of the Mosaic reminder theme."", ""turn"": 2, ""model"": ""luna"", ""connection_id"": ""BC-b1ef737e4b15f508e425""}]"
WLC:Deut.32.47	strong	tevrat	motif	the word is your life	The commentary contrasts a transient worldly life with the better lasting life; Moses calls his words no empty matter but Israel's life, giving the life claim a Mosaic scriptural counterpart.	sec18	"[{""line"": 82, ""strength"": ""strong"", ""tradition"": ""tevrat"", ""kind"": ""motif"", ""ref"": ""WLC:Deut.32.47"", ""basis"": ""the word is your life"", ""note"": ""The commentary contrasts a transient worldly life with the better lasting life; Moses calls his words no empty matter but Israel's life, giving the life claim a Mosaic scriptural counterpart."", ""turn"": 2, ""model"": ""luna"", ""connection_id"": ""BC-44e273c51ea70fe6f018""}]"
WLC:Deut.4.12	medium	tevrat	motif	A voice heard from the middle of fire	Israel hears God's voice from fire but sees no form; this provides a wider Sinai form of the commentary's fire as a place of speech and revelation.	sec18	"[{""line"": 110, ""strength"": ""medium"", ""tradition"": ""tevrat"", ""kind"": ""motif"", ""ref"": ""WLC:Deut.4.12"", ""basis"": ""A voice heard from the middle of fire"", ""note"": ""Israel hears God's voice from fire but sees no form; this provides a wider Sinai form of the commentary's fire as a place of speech and revelation."", ""turn"": 1, ""model"": ""terra"", ""connection_id"": ""BC-37c4826b57a53861f531""}]"
WLC:Deut.4.9	strong	tevrat	motif	Do not forget the revelation and teach it	Israel must guard itself from forgetting what it saw and make it known to children, directly paralleling the commentary's word gathered, not forgotten, and offered as reminder.	sec18	"[{""line"": 79, ""strength"": ""strong"", ""tradition"": ""tevrat"", ""kind"": ""motif"", ""ref"": ""WLC:Deut.4.9"", ""basis"": ""Do not forget the revelation and teach it"", ""note"": ""Israel must guard itself from forgetting what it saw and make it known to children, directly paralleling the commentary's word gathered, not forgotten, and offered as reminder."", ""turn"": 1, ""model"": ""terra"", ""connection_id"": ""BC-ca065189c78c8d181770""}]"
WLC:Deut.6.6	strong	tevrat	motif	words on the heart	The commentary promises recitation without forgetting and then offers a reminder; Moses first says these words must be upon the heart, locating remembrance inwardly before the teaching practice in the next verse.	sec18	"[{""line"": 78, ""strength"": ""strong"", ""tradition"": ""tevrat"", ""kind"": ""motif"", ""ref"": ""WLC:Deut.6.6"", ""basis"": ""words on the heart"", ""note"": ""The commentary promises recitation without forgetting and then offers a reminder; Moses first says these words must be upon the heart, locating remembrance inwardly before the teaching practice in the next verse."", ""turn"": 2, ""model"": ""luna"", ""connection_id"": ""BC-d73fca78f02c794f09bd""}]"
WLC:Deut.6.7	strong	tevrat	motif	rehearsing words	The commentary moves from recitation that is not forgotten to a reminder heard by the fearful; Moses commands Israel to repeat God's words continually and teach them to children, a concrete practice of keeping revelation present.	sec18	"[{""line"": 16, ""strength"": ""strong"", ""tradition"": ""tevrat"", ""kind"": ""motif"", ""ref"": ""WLC:Deut.6.7"", ""basis"": ""rehearsing words"", ""note"": ""The commentary moves from recitation that is not forgotten to a reminder heard by the fearful; Moses commands Israel to repeat God's words continually and teach them to children, a concrete practice of keeping revelation present."", ""turn"": 1, ""model"": ""luna"", ""connection_id"": ""BC-42e0b54faf2bd8a8ebe1""}]"
WLC:Exod.13.21	strong	tevrat	motif	fire guiding the road | Fire that leads by the way	The commentary says the distant fire and search for guidance meet in one scene; Exodus later has God lead Israel by a pillar of fire at night, making fire explicitly a guide on the road. | The night pillar of fire gives Israel light in order to travel, a concrete biblical meeting of fire, path, and divine guidance rather than fire as punishment.	sec18	"[{""line"": 9, ""strength"": ""strong"", ""tradition"": ""tevrat"", ""kind"": ""motif"", ""ref"": ""WLC:Exod.13.21"", ""basis"": ""fire guiding the road"", ""note"": ""The commentary says the distant fire and search for guidance meet in one scene; Exodus later has God lead Israel by a pillar of fire at night, making fire explicitly a guide on the road."", ""turn"": 1, ""model"": ""luna"", ""connection_id"": ""BC-fdba9746f28f329f3f46""}, {""line"": 7, ""strength"": ""strong"", ""tradition"": ""tevrat"", ""kind"": ""motif"", ""ref"": ""WLC:Exod.13.21"", ""basis"": ""Fire that leads by the way"", ""note"": ""The night pillar of fire gives Israel light in order to travel, a concrete biblical meeting of fire, path, and divine guidance rather than fire as punishment."", ""turn"": 1, ""model"": ""terra"", ""connection_id"": ""BC-868b031dee505c6f0c7f""}]"
WLC:Exod.17.14	strong	tevrat	paralel	Write a memorial in a book and rehearse it	God tells Moses to write the event as a memorial in a book and place it in Joshua's hearing, directly joining Mosaic pages with remembrance and spoken teaching.	sec18	"[{""line"": 139, ""strength"": ""strong"", ""tradition"": ""tevrat"", ""kind"": ""paralel"", ""ref"": ""WLC:Exod.17.14"", ""basis"": ""Write a memorial in a book and rehearse it"", ""note"": ""God tells Moses to write the event as a memorial in a book and place it in Joshua's hearing, directly joining Mosaic pages with remembrance and spoken teaching."", ""turn"": 2, ""model"": ""terra"", ""connection_id"": ""BC-092d2b75127af5e818ae""}]"
WLC:Exod.20.24	strong	tevrat	motif	name remembered at worship	The commentary links Moses' prayer to remembrance of God's name; the altar instruction promises God's presence and blessing wherever the name is remembered in worship.	sec18	"[{""line"": 10, ""strength"": ""strong"", ""tradition"": ""tevrat"", ""kind"": ""motif"", ""ref"": ""WLC:Exod.20.24"", ""basis"": ""name remembered at worship"", ""note"": ""The commentary links Moses' prayer to remembrance of God's name; the altar instruction promises God's presence and blessing wherever the name is remembered in worship."", ""turn"": 1, ""model"": ""luna"", ""connection_id"": ""BC-1557791c2cdeb831989d""}]"
WLC:Exod.24.4	strong	tevrat	paralel	Moses writes all the words of YHWH	Moses writes the divine words after Sinai, a direct Torah antecedent for the commentary's closing appeal to Moses's early pages.	sec18	"[{""line"": 95, ""strength"": ""strong"", ""tradition"": ""tevrat"", ""kind"": ""paralel"", ""ref"": ""WLC:Exod.24.4"", ""basis"": ""Moses writes all the words of YHWH"", ""note"": ""Moses writes the divine words after Sinai, a direct Torah antecedent for the commentary's closing appeal to Moses's early pages."", ""turn"": 1, ""model"": ""terra"", ""connection_id"": ""BC-b60cbf399a2729ded704""}]"
WLC:Exod.24.7	strong	tevrat	paralel	The written book of the covenant read aloud	Moses reads the book of the covenant to the people, bringing written pages together with recitation and hearing as in the commentary's preserved reminder.	sec18	"[{""line"": 96, ""strength"": ""strong"", ""tradition"": ""tevrat"", ""kind"": ""paralel"", ""ref"": ""WLC:Exod.24.7"", ""basis"": ""The written book of the covenant read aloud"", ""note"": ""Moses reads the book of the covenant to the people, bringing written pages together with recitation and hearing as in the commentary's preserved reminder."", ""turn"": 1, ""model"": ""terra"", ""connection_id"": ""BC-9631b631be936b824ea3""}]"
WLC:Exod.3.10	strong	tevrat	paralel	Moses chosen and commissioned | Moses chosen and sent against Pharaoh	The commentary cites Moses being chosen at the fire; Exodus sends Moses to Pharaoh from the bush, joining selection with a mission in the same encounter. | At the bush God sends Moses to bring Israel from Egypt, a direct counterpart to the commentary's election at the fire and its later Pharaoh scene.	sec18	"[{""line"": 5, ""strength"": ""strong"", ""tradition"": ""tevrat"", ""kind"": ""paralel"", ""ref"": ""WLC:Exod.3.10"", ""basis"": ""Moses chosen and commissioned"", ""note"": ""The commentary cites Moses being chosen at the fire; Exodus sends Moses to Pharaoh from the bush, joining selection with a mission in the same encounter."", ""turn"": 1, ""model"": ""luna"", ""connection_id"": ""BC-e34f17921ccd0b97ca51""}, {""line"": 4, ""strength"": ""strong"", ""tradition"": ""tevrat"", ""kind"": ""paralel"", ""ref"": ""WLC:Exod.3.10"", ""basis"": ""Moses chosen and sent against Pharaoh"", ""note"": ""At the bush God sends Moses to bring Israel from Egypt, a direct counterpart to the commentary's election at the fire and its later Pharaoh scene."", ""turn"": 1, ""model"": ""terra"", ""connection_id"": ""BC-bb4846b67a1f697e060f""}]"
WLC:Exod.3.12	strong	tevrat	motif	worship at the mountain | Fire-side commission issuing in worship	The commentary links the fire encounter to prayer; God tells Moses that the people will worship God on this mountain, giving the encounter a ritual outcome. | God's sign to the commissioned Moses is that Israel will worship God at the mountain, supplying a biblical fire-to-worship movement beside the commentary's prayer after election.	sec18	"[{""line"": 6, ""strength"": ""strong"", ""tradition"": ""tevrat"", ""kind"": ""motif"", ""ref"": ""WLC:Exod.3.12"", ""basis"": ""worship at the mountain"", ""note"": ""The commentary links the fire encounter to prayer; God tells Moses that the people will worship God on this mountain, giving the encounter a ritual outcome."", ""turn"": 1, ""model"": ""luna"", ""connection_id"": ""BC-c29453efd751b2788402""}, {""line"": 5, ""strength"": ""strong"", ""tradition"": ""tevrat"", ""kind"": ""motif"", ""ref"": ""WLC:Exod.3.12"", ""basis"": ""Fire-side commission issuing in worship"", ""note"": ""God's sign to the commissioned Moses is that Israel will worship God at the mountain, supplying a biblical fire-to-worship movement beside the commentary's prayer after election."", ""turn"": 1, ""model"": ""terra"", ""connection_id"": ""BC-0c83e068065f4549abae""}]"
WLC:Exod.3.14	strong	tevrat	motif|paralel	name revealed, hidden event | Divine self-identification at the bush	The commentary places what is nearly hidden after Moses' call at the fire; Exodus answers Moses' question with God's revealed name, so the scene pairs hiddenness with disclosure rather than identifying their subjects. | At the same fire God identifies himself by name before Moses's mission; it directly accompanies the source context of Q20:14, where prayer and remembrance follow God's self-declaration.	sec18	"[{""line"": 53, ""strength"": ""medium"", ""tradition"": ""tevrat"", ""kind"": ""motif"", ""ref"": ""WLC:Exod.3.14"", ""basis"": ""name revealed, hidden event"", ""note"": ""The commentary places what is nearly hidden after Moses' call at the fire; Exodus answers Moses' question with God's revealed name, so the scene pairs hiddenness with disclosure rather than identifying their subjects."", ""turn"": 1, ""model"": ""luna"", ""connection_id"": ""BC-159ca9cbbf6cb883d3d5""}, {""line"": 131, ""strength"": ""strong"", ""tradition"": ""tevrat"", ""kind"": ""paralel"", ""ref"": ""WLC:Exod.3.14"", ""basis"": ""Divine self-identification at the bush"", ""note"": ""At the same fire God identifies himself by name before Moses's mission; it directly accompanies the source context of Q20:14, where prayer and remembrance follow God's self-declaration."", ""turn"": 2, ""model"": ""terra"", ""connection_id"": ""BC-2492a702fca0dcc23434""}]"
WLC:Exod.3.15	strong	tevrat	motif|soydas	name as memorial | זֵכֶר memorial and dhikr | Q20:14 li-dhikri and Hebrew zikhri	The prose connects Moses' encounter with remembering God's name; God says the revealed name is a memorial for all generations, making name and remembrance a specific Mosaic link. | The commentary's Arabic dhikr for remembrance corresponds to Hebrew zēker in Moses' naming speech; the verse itself calls the divine name a memorial across generations. | At the bush the revealed name is God's perpetual memorial, Hebrew zikhri; its Semitic cognate relation to the commentary's li-dhikri joins divine name and remembrance at the same Moses encounter.	sec18	"[{""line"": 7, ""strength"": ""strong"", ""tradition"": ""tevrat"", ""kind"": ""motif"", ""ref"": ""WLC:Exod.3.15"", ""basis"": ""name as memorial"", ""note"": ""The prose connects Moses' encounter with remembering God's name; God says the revealed name is a memorial for all generations, making name and remembrance a specific Mosaic link."", ""turn"": 1, ""model"": ""luna"", ""connection_id"": ""BC-c10782337f6bfaba0e4c""}, {""line"": 8, ""strength"": ""strong"", ""tradition"": ""tevrat"", ""kind"": ""soydas"", ""ref"": ""WLC:Exod.3.15"", ""basis"": ""זֵכֶר memorial and dhikr"", ""note"": ""The commentary's Arabic dhikr for remembrance corresponds to Hebrew zēker in Moses' naming speech; the verse itself calls the divine name a memorial across generations."", ""turn"": 1, ""model"": ""luna"", ""connection_id"": ""BC-a19040f5a61560badd0b""}, {""line"": 6, ""strength"": ""strong"", ""tradition"": ""tevrat"", ""kind"": ""soydas"", ""ref"": ""WLC:Exod.3.15"", ""basis"": ""Q20:14 li-dhikri and Hebrew zikhri"", ""note"": ""At the bush the revealed name is God's perpetual memorial, Hebrew zikhri; its Semitic cognate relation to the commentary's li-dhikri joins divine name and remembrance at the same Moses encounter."", ""turn"": 1, ""model"": ""terra"", ""connection_id"": ""BC-5bc45b28a3f9cf0cb906""}]"
WLC:Exod.3.2	strong	tevrat	karsi_anlati|paralel	burning bush not consumed | Moses, fire, and not being consumed	The prose's Moses approaches a fire that gives guidance rather than consuming him; Exodus presents the flame in the bush without consuming it, making the same fire a sign of divine presence. | Exodus makes the burning bush blaze without being consumed; it supplies the same Moses-and-fire encounter against which the commentary distinguishes Moses receiving guidance near fire from the wretched person entering fire in 87:12–13.	sec18	"[{""line"": 3, ""strength"": ""strong"", ""tradition"": ""tevrat"", ""kind"": ""paralel"", ""ref"": ""WLC:Exod.3.2"", ""basis"": ""burning bush not consumed"", ""note"": ""The prose's Moses approaches a fire that gives guidance rather than consuming him; Exodus presents the flame in the bush without consuming it, making the same fire a sign of divine presence."", ""turn"": 1, ""model"": ""luna"", ""connection_id"": ""BC-81b5e3e2d68d99dbae95""}, {""line"": 1, ""strength"": ""strong"", ""tradition"": ""tevrat"", ""kind"": ""karsi_anlati"", ""ref"": ""WLC:Exod.3.2"", ""basis"": ""Moses, fire, and not being consumed"", ""note"": ""Exodus makes the burning bush blaze without being consumed; it supplies the same Moses-and-fire encounter against which the commentary distinguishes Moses receiving guidance near fire from the wretched person entering fire in 87:12–13."", ""turn"": 1, ""model"": ""terra"", ""connection_id"": ""BC-1738e0a5cceef627e4b0""}]"
WLC:Exod.3.3	strong	tevrat	paralel	Distant fire becoming a path	Moses turns aside to inspect the blazing bush, giving a narrative counterpart to the commentary's distant fire that draws him into a way of guidance.	sec18	"[{""line"": 2, ""strength"": ""strong"", ""tradition"": ""tevrat"", ""kind"": ""paralel"", ""ref"": ""WLC:Exod.3.3"", ""basis"": ""Distant fire becoming a path"", ""note"": ""Moses turns aside to inspect the blazing bush, giving a narrative counterpart to the commentary's distant fire that draws him into a way of guidance."", ""turn"": 1, ""model"": ""terra"", ""connection_id"": ""BC-fbc724b7acda39c6fd2d""}]"
WLC:Exod.3.4	strong	tevrat	paralel	Moses called from the fire | God's call from the bush	The commentary places Moses' encounter and instruction at the distant fire; in Exodus the divine voice calls Moses from the bush, so the fire scene becomes a call and response. | God calls Moses from the bush when he comes near; this is the fire-side encounter behind the commentary's sequence of fire, choice, and address.	sec18	"[{""line"": 4, ""strength"": ""strong"", ""tradition"": ""tevrat"", ""kind"": ""paralel"", ""ref"": ""WLC:Exod.3.4"", ""basis"": ""Moses called from the fire"", ""note"": ""The commentary places Moses' encounter and instruction at the distant fire; in Exodus the divine voice calls Moses from the bush, so the fire scene becomes a call and response."", ""turn"": 1, ""model"": ""luna"", ""connection_id"": ""BC-7905d6574a5376f61334""}, {""line"": 3, ""strength"": ""strong"", ""tradition"": ""tevrat"", ""kind"": ""paralel"", ""ref"": ""WLC:Exod.3.4"", ""basis"": ""God's call from the bush"", ""note"": ""God calls Moses from the bush when he comes near; this is the fire-side encounter behind the commentary's sequence of fire, choice, and address."", ""turn"": 1, ""model"": ""terra"", ""connection_id"": ""BC-b38dd897ac6be3da477e""}]"
WLC:Exod.3.5	strong	tevrat	paralel	Approaching fire as holy ground	Moses may not approach casually and must remove his sandals because the fire-side ground is holy, adding a concrete bodily response to the commentary's fire that becomes election and worship.	sec18	"[{""line"": 132, ""strength"": ""strong"", ""tradition"": ""tevrat"", ""kind"": ""paralel"", ""ref"": ""WLC:Exod.3.5"", ""basis"": ""Approaching fire as holy ground"", ""note"": ""Moses may not approach casually and must remove his sandals because the fire-side ground is holy, adding a concrete bodily response to the commentary's fire that becomes election and worship."", ""turn"": 2, ""model"": ""terra"", ""connection_id"": ""BC-28dfe1f4c11b12029b13""}]"
WLC:Exod.34.27	strong	tevrat	paralel	Moses commanded to write covenant words	Moses is told to write the covenant words, another explicit Torah source for the commentary's final appeal to earlier Mosaic pages.	sec18	"[{""line"": 140, ""strength"": ""strong"", ""tradition"": ""tevrat"", ""kind"": ""paralel"", ""ref"": ""WLC:Exod.34.27"", ""basis"": ""Moses commanded to write covenant words"", ""note"": ""Moses is told to write the covenant words, another explicit Torah source for the commentary's final appeal to earlier Mosaic pages."", ""turn"": 2, ""model"": ""terra"", ""connection_id"": ""BC-9ed36ac463635bf8b9e8""}]"
WLC:Exod.34.6	strong	tevrat	motif	name proclaimed to Moses	The commentary joins prayer and divine-name remembrance to Moses; after Sinai God proclaims the divine name and character before him, giving a second Mosaic setting for that conjunction.	sec18	"[{""line"": 11, ""strength"": ""strong"", ""tradition"": ""tevrat"", ""kind"": ""motif"", ""ref"": ""WLC:Exod.34.6"", ""basis"": ""name proclaimed to Moses"", ""note"": ""The commentary joins prayer and divine-name remembrance to Moses; after Sinai God proclaims the divine name and character before him, giving a second Mosaic setting for that conjunction."", ""turn"": 1, ""model"": ""luna"", ""connection_id"": ""BC-f55586fad4a601780eba""}]"
WLC:Exod.34.8	strong	tevrat	motif	Moses bows after the name	The commentary says the person who remembers the Lord's name prays; after the name is proclaimed, Moses bows his head and worships, connecting name-revelation to embodied devotion.	sec18	"[{""line"": 12, ""strength"": ""strong"", ""tradition"": ""tevrat"", ""kind"": ""motif"", ""ref"": ""WLC:Exod.34.8"", ""basis"": ""Moses bows after the name"", ""note"": ""The commentary says the person who remembers the Lord's name prays; after the name is proclaimed, Moses bows his head and worships, connecting name-revelation to embodied devotion."", ""turn"": 1, ""model"": ""luna"", ""connection_id"": ""BC-8ee3abb0567114437308""}]"
WLC:Exod.4.17	strong	tevrat	paralel	Moses's staff for signs	Moses receives the staff with which he will perform signs, supplying the Torah's concrete bridge from the bush commission to the commentary's staff-and-magicians scene.	sec18	"[{""line"": 133, ""strength"": ""strong"", ""tradition"": ""tevrat"", ""kind"": ""paralel"", ""ref"": ""WLC:Exod.4.17"", ""basis"": ""Moses's staff for signs"", ""note"": ""Moses receives the staff with which he will perform signs, supplying the Torah's concrete bridge from the bush commission to the commentary's staff-and-magicians scene."", ""turn"": 2, ""model"": ""terra"", ""connection_id"": ""BC-7d1778909526d56c4a6d""}]"
WLC:Exod.7.11	strong	tevrat	karsi_anlati|paralel	Pharaoh's magicians | Pharaoh's Egyptian sorcerers	The commentary stresses that Moses' opponents prostrate and reject Pharaoh; Exodus has Pharaoh's magicians practice secret arts for him, so the Qur'anic conversion reverses their role in the parallel contest. | Pharaoh summons wise men and sorcerers to meet Moses, the Torah's direct setting for the commentary's later gathering of Moses, Pharaoh, and magicians.	sec18	"[{""line"": 13, ""strength"": ""strong"", ""tradition"": ""tevrat"", ""kind"": ""karsi_anlati"", ""ref"": ""WLC:Exod.7.11"", ""basis"": ""Pharaoh's magicians"", ""note"": ""The commentary stresses that Moses' opponents prostrate and reject Pharaoh; Exodus has Pharaoh's magicians practice secret arts for him, so the Qur'anic conversion reverses their role in the parallel contest."", ""turn"": 1, ""model"": ""luna"", ""connection_id"": ""BC-19ac06e32d00deba8294""}, {""line"": 11, ""strength"": ""strong"", ""tradition"": ""tevrat"", ""kind"": ""paralel"", ""ref"": ""WLC:Exod.7.11"", ""basis"": ""Pharaoh's Egyptian sorcerers"", ""note"": ""Pharaoh summons wise men and sorcerers to meet Moses, the Torah's direct setting for the commentary's later gathering of Moses, Pharaoh, and magicians."", ""turn"": 1, ""model"": ""terra"", ""connection_id"": ""BC-8b5f7ef08920da14462f""}]"
WLC:Exod.7.12	strong	tevrat	paralel	Competing staffs and Aaron's victory	The magicians' staffs become serpents but Aaron's staff swallows them; this supplies the contest which the commentary reads through the magicians' eventual refusal of Pharaoh.	sec18	"[{""line"": 12, ""strength"": ""strong"", ""tradition"": ""tevrat"", ""kind"": ""paralel"", ""ref"": ""WLC:Exod.7.12"", ""basis"": ""Competing staffs and Aaron's victory"", ""note"": ""The magicians' staffs become serpents but Aaron's staff swallows them; this supplies the contest which the commentary reads through the magicians' eventual refusal of Pharaoh."", ""turn"": 1, ""model"": ""terra"", ""connection_id"": ""BC-279f6f30dcba798ac502""}]"
WLC:Exod.8.15	strong	tevrat	paralel	Magicians acknowledge God's agency	When their art fails, the Egyptian magicians tell Pharaoh that the plague is God's finger; their recognition is a biblical counterpart to the commentary's magicians breaking with Pharaoh's claim.	sec18	"[{""line"": 13, ""strength"": ""strong"", ""tradition"": ""tevrat"", ""kind"": ""paralel"", ""ref"": ""WLC:Exod.8.15"", ""basis"": ""Magicians acknowledge God's agency"", ""note"": ""When their art fails, the Egyptian magicians tell Pharaoh that the plague is God's finger; their recognition is a biblical counterpart to the commentary's magicians breaking with Pharaoh's claim."", ""turn"": 1, ""model"": ""terra"", ""connection_id"": ""BC-6337ad832e9682e485a0""}]"
WLC:Exod.8.19	strong	tevrat	karsi_anlati	finger of God	The commentary presents the magicians as turning against Pharaoh and confessing God's better, lasting rule; Exodus's magicians recognize the plague as God's finger but do not renounce Pharaoh, a more limited recognition.	sec18	"[{""line"": 14, ""strength"": ""strong"", ""tradition"": ""tevrat"", ""kind"": ""karsi_anlati"", ""ref"": ""WLC:Exod.8.19"", ""basis"": ""finger of God"", ""note"": ""The commentary presents the magicians as turning against Pharaoh and confessing God's better, lasting rule; Exodus's magicians recognize the plague as God's finger but do not renounce Pharaoh, a more limited recognition."", ""turn"": 1, ""model"": ""luna"", ""connection_id"": ""BC-e014f96f2a4d10f94094""}]"
WLC:Ezek.28.2	strong	tevrat	motif	A ruler claims divinity and is answered that he is mortal	The ruler of Tyre claims to sit as a god but is told he is human, a close prophetic counter-scene for the commentary's Pharaoh claiming supreme status.	sec18	"[{""line"": 185, ""strength"": ""strong"", ""tradition"": ""tevrat"", ""kind"": ""motif"", ""ref"": ""WLC:Ezek.28.2"", ""basis"": ""A ruler claims divinity and is answered that he is mortal"", ""note"": ""The ruler of Tyre claims to sit as a god but is told he is human, a close prophetic counter-scene for the commentary's Pharaoh claiming supreme status."", ""turn"": 2, ""model"": ""terra"", ""connection_id"": ""BC-a132e36a191bd35cd5f2""}]"
WLC:Ezek.34.14	strong	tevrat	soydas	Arabic mar'a and Hebrew mir'eh for pasture	Ezekiel depicts God feeding Israel in good pasture, Hebrew mir'eh, cognate with the commentary's Arabic mar'a; it turns the shared pasture image toward sustained divine shepherding.	sec18	"[{""line"": 176, ""strength"": ""strong"", ""tradition"": ""tevrat"", ""kind"": ""soydas"", ""ref"": ""WLC:Ezek.34.14"", ""basis"": ""Arabic mar'a and Hebrew mir'eh for pasture"", ""note"": ""Ezekiel depicts God feeding Israel in good pasture, Hebrew mir'eh, cognate with the commentary's Arabic mar'a; it turns the shared pasture image toward sustained divine shepherding."", ""turn"": 2, ""model"": ""terra"", ""connection_id"": ""BC-17499e1818d5dbbc3ea9""}]"
WLC:Ezek.36.25	strong	tevrat	motif	Cleansing from impurities and idols	God sprinkles clean water, cleanses Israel, and removes its idols, giving the commentary's purification and Abrahamic distance from idolatry a single biblical cleansing horizon.	sec18	"[{""line"": 71, ""strength"": ""strong"", ""tradition"": ""tevrat"", ""kind"": ""motif"", ""ref"": ""WLC:Ezek.36.25"", ""basis"": ""Cleansing from impurities and idols"", ""note"": ""God sprinkles clean water, cleanses Israel, and removes its idols, giving the commentary's purification and Abrahamic distance from idolatry a single biblical cleansing horizon."", ""turn"": 1, ""model"": ""terra"", ""connection_id"": ""BC-3a8771a9b69a50920095""}]"
WLC:Gen.1.11	strong	tevrat	motif	vegetation brought forth | Earth commanded to bring forth vegetation	The commentary's pasture is brought out by the creator and then withers; Genesis commands the earth to bring forth seed-bearing plants and trees, grounding vegetation in divine creation. | Creation begins with the earth bringing forth seed-bearing vegetation and fruit trees, an immediate Torah counterpart to the commentary's Creator bringing forth pasture.	sec18	"[{""line"": 30, ""strength"": ""strong"", ""tradition"": ""tevrat"", ""kind"": ""motif"", ""ref"": ""WLC:Gen.1.11"", ""basis"": ""vegetation brought forth"", ""note"": ""The commentary's pasture is brought out by the creator and then withers; Genesis commands the earth to bring forth seed-bearing plants and trees, grounding vegetation in divine creation."", ""turn"": 1, ""model"": ""luna"", ""connection_id"": ""BC-a33d5c3c4101782e1473""}, {""line"": 169, ""strength"": ""strong"", ""tradition"": ""tevrat"", ""kind"": ""motif"", ""ref"": ""WLC:Gen.1.11"", ""basis"": ""Earth commanded to bring forth vegetation"", ""note"": ""Creation begins with the earth bringing forth seed-bearing vegetation and fruit trees, an immediate Torah counterpart to the commentary's Creator bringing forth pasture."", ""turn"": 2, ""model"": ""terra"", ""connection_id"": ""BC-c7b63a04121d19c68743""}]"
WLC:Gen.14.18	medium	tevrat	motif	Melchizedek as priest of God Most High blessing Abraham	The priestly blessing names God Most High in an Abraham scene, supplying the canonical context for the highness title already central to the commentary's first and last images.	sec18	"[{""line"": 193, ""strength"": ""medium"", ""tradition"": ""tevrat"", ""kind"": ""motif"", ""ref"": ""WLC:Gen.14.18"", ""basis"": ""Melchizedek as priest of God Most High blessing Abraham"", ""note"": ""The priestly blessing names God Most High in an Abraham scene, supplying the canonical context for the highness title already central to the commentary's first and last images."", ""turn"": 2, ""model"": ""terra"", ""connection_id"": ""BC-fcbcc67303cb0b3262ac""}]"
WLC:Gen.14.22	strong	tevrat	soydas	Abraham invokes El Elyon, God Most High	Abraham names YHWH El Elyon, God Most High; Hebrew elyon and the commentary's al-Ala share the highness root and join the title to Abraham named in 87:19.	sec18	"[{""line"": 74, ""strength"": ""strong"", ""tradition"": ""tevrat"", ""kind"": ""soydas"", ""ref"": ""WLC:Gen.14.22"", ""basis"": ""Abraham invokes El Elyon, God Most High"", ""note"": ""Abraham names YHWH El Elyon, God Most High; Hebrew elyon and the commentary's al-Ala share the highness root and join the title to Abraham named in 87:19."", ""turn"": 1, ""model"": ""terra"", ""connection_id"": ""BC-33b9869149dc8feeb10a""}]"
WLC:Gen.18.19	medium	tevrat	motif	Abraham chosen to command his household in righteousness	God says Abraham is known so that he will direct his household in God's way of righteousness and justice, adding a canonical Abrahamic election-and-teaching counterpart to the former-pages claim.	sec18	"[{""line"": 200, ""strength"": ""medium"", ""tradition"": ""tevrat"", ""kind"": ""motif"", ""ref"": ""WLC:Gen.18.19"", ""basis"": ""Abraham chosen to command his household in righteousness"", ""note"": ""God says Abraham is known so that he will direct his household in God's way of righteousness and justice, adding a canonical Abrahamic election-and-teaching counterpart to the former-pages claim."", ""turn"": 2, ""model"": ""terra"", ""connection_id"": ""BC-16c531ff91b8c37ae7f8""}]"
WLC:Gen.2.5	strong	tevrat	motif	Rain, field growth, and a worker for the ground	Before cultivated plants appear, the text notes both the absence of rain and of a human to work the soil, closely joining the commentary's rain, earth, body, and cultivated field.	sec18	"[{""line"": 170, ""strength"": ""strong"", ""tradition"": ""tevrat"", ""kind"": ""motif"", ""ref"": ""WLC:Gen.2.5"", ""basis"": ""Rain, field growth, and a worker for the ground"", ""note"": ""Before cultivated plants appear, the text notes both the absence of rain and of a human to work the soil, closely joining the commentary's rain, earth, body, and cultivated field."", ""turn"": 2, ""model"": ""terra"", ""connection_id"": ""BC-a6aeb818ee75d2730927""}]"
WLC:Gen.2.7	strong	tevrat	motif|paralel	human formed from earth | Human body formed from earth	The commentary connects divine forming with an embodied creature; Genesis says God formed the human from dust and breathed life into him, a direct creation scene joining body and ground. | God forms the human from ground and breathes life into it, furnishing the body-and-earth side of the commentary's creating and fashioning pair.	sec18	"[{""line"": 24, ""strength"": ""strong"", ""tradition"": ""tevrat"", ""kind"": ""paralel"", ""ref"": ""WLC:Gen.2.7"", ""basis"": ""human formed from earth"", ""note"": ""The commentary connects divine forming with an embodied creature; Genesis says God formed the human from dust and breathed life into him, a direct creation scene joining body and ground."", ""turn"": 1, ""model"": ""luna"", ""connection_id"": ""BC-ab0a3bad1506e71f73f1""}, {""line"": 60, ""strength"": ""strong"", ""tradition"": ""tevrat"", ""kind"": ""motif"", ""ref"": ""WLC:Gen.2.7"", ""basis"": ""Human body formed from earth"", ""note"": ""God forms the human from ground and breathes life into it, furnishing the body-and-earth side of the commentary's creating and fashioning pair."", ""turn"": 1, ""model"": ""terra"", ""connection_id"": ""BC-a14252178f95e924a627""}]"
WLC:Gen.26.5	strong	tevrat	motif	Abraham keeps charge, commandments, statutes, and laws	Genesis attributes comprehensive obedience to Abraham, giving canonical footing for the commentary's Abrahamic former-scripture claim without assuming a canonical Abraham book.	sec18	"[{""line"": 100, ""strength"": ""strong"", ""tradition"": ""tevrat"", ""kind"": ""motif"", ""ref"": ""WLC:Gen.26.5"", ""basis"": ""Abraham keeps charge, commandments, statutes, and laws"", ""note"": ""Genesis attributes comprehensive obedience to Abraham, giving canonical footing for the commentary's Abrahamic former-scripture claim without assuming a canonical Abraham book."", ""turn"": 1, ""model"": ""terra"", ""connection_id"": ""BC-5e1971cd7ecc5b32fe38""}]"
WLC:Hab.2.2	strong	tevrat	motif	Write the vision so a reader may run	The vision is written plainly on tablets for a reader in motion, a specific meeting of the commentary's pages, public reminder, and path imagery.	sec18	"[{""line"": 148, ""strength"": ""strong"", ""tradition"": ""tevrat"", ""kind"": ""motif"", ""ref"": ""WLC:Hab.2.2"", ""basis"": ""Write the vision so a reader may run"", ""note"": ""The vision is written plainly on tablets for a reader in motion, a specific meeting of the commentary's pages, public reminder, and path imagery."", ""turn"": 2, ""model"": ""terra"", ""connection_id"": ""BC-08d9063c3861d13ae74b""}]"
WLC:Hab.2.3	strong	tevrat	motif	A vision for an appointed end that must be awaited	The vision has an appointed time and may seem slow but will come, a close prophetic analogue to the commentary's concealed decisive hour.	sec18	"[{""line"": 149, ""strength"": ""strong"", ""tradition"": ""tevrat"", ""kind"": ""motif"", ""ref"": ""WLC:Hab.2.3"", ""basis"": ""A vision for an appointed end that must be awaited"", ""note"": ""The vision has an appointed time and may seem slow but will come, a close prophetic analogue to the commentary's concealed decisive hour."", ""turn"": 2, ""model"": ""terra"", ""connection_id"": ""BC-b28eff487f34925f86f0""}]"
WLC:Hos.10.12	strong	tevrat	motif	breaking fallow ground | Sow righteousness and break fallow ground	The commentary interprets success through a farmer's work, with a cultivated field yielding lasting good; Hosea commands sowing righteousness, reaping steadfast love, and breaking fallow ground until God sends righteousness like rain. | Hosea links cultivated ground, righteousness, and a coming divine response, a close ethical field analogue to the commentary's falah-like salvation and lasting crop.	sec18	"[{""line"": 91, ""strength"": ""strong"", ""tradition"": ""tevrat"", ""kind"": ""motif"", ""ref"": ""WLC:Hos.10.12"", ""basis"": ""breaking fallow ground"", ""note"": ""The commentary interprets success through a farmer's work, with a cultivated field yielding lasting good; Hosea commands sowing righteousness, reaping steadfast love, and breaking fallow ground until God sends righteousness like rain."", ""turn"": 2, ""model"": ""luna"", ""connection_id"": ""BC-0753d6037155d3863e35""}, {""line"": 53, ""strength"": ""strong"", ""tradition"": ""tevrat"", ""kind"": ""motif"", ""ref"": ""WLC:Hos.10.12"", ""basis"": ""Sow righteousness and break fallow ground"", ""note"": ""Hosea links cultivated ground, righteousness, and a coming divine response, a close ethical field analogue to the commentary's falah-like salvation and lasting crop."", ""turn"": 1, ""model"": ""terra"", ""connection_id"": ""BC-f34e4e0114d0c6c77945""}]"
WLC:Isa.14.14	medium	tevrat	motif	A ruler aspiring to be like the Most High	The arrogant ruler seeks equality with the Most High, a non-Pharaoh biblical analogue for the commentary's additional Pharaoh claim to supreme height.	sec18	"[{""line"": 115, ""strength"": ""medium"", ""tradition"": ""tevrat"", ""kind"": ""motif"", ""ref"": ""WLC:Isa.14.14"", ""basis"": ""A ruler aspiring to be like the Most High"", ""note"": ""The arrogant ruler seeks equality with the Most High, a non-Pharaoh biblical analogue for the commentary's additional Pharaoh claim to supreme height."", ""turn"": 1, ""model"": ""terra"", ""connection_id"": ""BC-34b0f7a46395e2490495""}]"
WLC:Isa.17.13	strong	tevrat	motif	Roaring waters and dispersed chaff	Nations roar like waters but flee like chaff before wind; this joins rushing flood imagery to transient residue as the commentary does.	sec18	"[{""line"": 44, ""strength"": ""strong"", ""tradition"": ""tevrat"", ""kind"": ""motif"", ""ref"": ""WLC:Isa.17.13"", ""basis"": ""Roaring waters and dispersed chaff"", ""note"": ""Nations roar like waters but flee like chaff before wind; this joins rushing flood imagery to transient residue as the commentary does."", ""turn"": 1, ""model"": ""terra"", ""connection_id"": ""BC-464418a48b023206c907""}]"
WLC:Isa.28.17	medium	tevrat	motif	Floodwaters sweep away a false refuge	Hail and overflowing waters expose a refuge made of falsehood, a prophetic water judgment that complements the commentary's flood separating what vanishes from what remains.	sec18	"[{""line"": 197, ""strength"": ""medium"", ""tradition"": ""tevrat"", ""kind"": ""motif"", ""ref"": ""WLC:Isa.28.17"", ""basis"": ""Floodwaters sweep away a false refuge"", ""note"": ""Hail and overflowing waters expose a refuge made of falsehood, a prophetic water judgment that complements the commentary's flood separating what vanishes from what remains."", ""turn"": 2, ""model"": ""terra"", ""connection_id"": ""BC-5d164aa8e22f29001b3f""}]"
WLC:Isa.40.12	strong	tevrat	motif	God measures the waters and creation	Isaiah pictures God measuring waters in his hand and the cosmos by span, expanding the commentary's measuring scene from floodwater to ordered creation.	sec18	"[{""line"": 37, ""strength"": ""strong"", ""tradition"": ""tevrat"", ""kind"": ""motif"", ""ref"": ""WLC:Isa.40.12"", ""basis"": ""God measures the waters and creation"", ""note"": ""Isaiah pictures God measuring waters in his hand and the cosmos by span, expanding the commentary's measuring scene from floodwater to ordered creation."", ""turn"": 1, ""model"": ""terra"", ""connection_id"": ""BC-dbaa7bec4271c2b3a73d""}]"
WLC:Isa.40.6	strong	tevrat	motif	human life as grass	The commentary says the preferred worldly life is the same object as the withering pasture; Isaiah declares all flesh grass, turning that image directly toward human transience.	sec18	"[{""line"": 43, ""strength"": ""strong"", ""tradition"": ""tevrat"", ""kind"": ""motif"", ""ref"": ""WLC:Isa.40.6"", ""basis"": ""human life as grass"", ""note"": ""The commentary says the preferred worldly life is the same object as the withering pasture; Isaiah declares all flesh grass, turning that image directly toward human transience."", ""turn"": 1, ""model"": ""luna"", ""connection_id"": ""BC-eb9d9ec6ae66a40b8d6c""}]"
WLC:Isa.40.7	strong	tevrat	motif	grass withers | Grass withers and flower fades	The commentary describes pasture drying before it is swept away; Isaiah says grass withers when the Lord's breath blows on it, giving decay a divine frame. | Isaiah's grass and flower wither under divine breath, giving a close biblical form to the commentary's worldly life becoming dried pasture.	sec18	"[{""line"": 44, ""strength"": ""strong"", ""tradition"": ""tevrat"", ""kind"": ""motif"", ""ref"": ""WLC:Isa.40.7"", ""basis"": ""grass withers"", ""note"": ""The commentary describes pasture drying before it is swept away; Isaiah says grass withers when the Lord's breath blows on it, giving decay a divine frame."", ""turn"": 1, ""model"": ""luna"", ""connection_id"": ""BC-8cde3a3fbf0260c26317""}, {""line"": 46, ""strength"": ""strong"", ""tradition"": ""tevrat"", ""kind"": ""motif"", ""ref"": ""WLC:Isa.40.7"", ""basis"": ""Grass withers and flower fades"", ""note"": ""Isaiah's grass and flower wither under divine breath, giving a close biblical form to the commentary's worldly life becoming dried pasture."", ""turn"": 1, ""model"": ""terra"", ""connection_id"": ""BC-a08e6f89df6b35269e82""}]"
WLC:Isa.40.8	strong	tevrat	motif	word endures | God's word stands forever after grass withers	The commentary contrasts transient worldly life with what is better and more lasting; Isaiah's grass fades but God's word stands forever, adding a specific enduring term to the contrast. | The word's permanence is set directly against withering grass, completing the commentary's contrast between transient vegetation and what remains.	sec18	"[{""line"": 45, ""strength"": ""strong"", ""tradition"": ""tevrat"", ""kind"": ""motif"", ""ref"": ""WLC:Isa.40.8"", ""basis"": ""word endures"", ""note"": ""The commentary contrasts transient worldly life with what is better and more lasting; Isaiah's grass fades but God's word stands forever, adding a specific enduring term to the contrast."", ""turn"": 1, ""model"": ""luna"", ""connection_id"": ""BC-900917e105f118866b9f""}, {""line"": 47, ""strength"": ""strong"", ""tradition"": ""tevrat"", ""kind"": ""motif"", ""ref"": ""WLC:Isa.40.8"", ""basis"": ""God's word stands forever after grass withers"", ""note"": ""The word's permanence is set directly against withering grass, completing the commentary's contrast between transient vegetation and what remains."", ""turn"": 1, ""model"": ""terra"", ""connection_id"": ""BC-0e49f3458d25e6343bb3""}]"
WLC:Isa.41.8	medium	tevrat	motif	Abraham named God's friend and chosen lineage	Isaiah calls Israel the offspring of Abraham God's friend and the chosen servant, supporting the commentary's pairing of Abraham, election, and earlier divine promise.	sec18	"[{""line"": 128, ""strength"": ""medium"", ""tradition"": ""tevrat"", ""kind"": ""motif"", ""ref"": ""WLC:Isa.41.8"", ""basis"": ""Abraham named God's friend and chosen lineage"", ""note"": ""Isaiah calls Israel the offspring of Abraham God's friend and the chosen servant, supporting the commentary's pairing of Abraham, election, and earlier divine promise."", ""turn"": 1, ""model"": ""terra"", ""connection_id"": ""BC-b73c74b6faadb7ec765b""}]"
WLC:Isa.42.16	strong	tevrat	motif	God guides the blind on an unknown path	God leads blind people on paths they do not know and turns darkness into light, a close biblical formulation for the commentary's measure-then-guidance and fire-path scene.	sec18	"[{""line"": 69, ""strength"": ""strong"", ""tradition"": ""tevrat"", ""kind"": ""motif"", ""ref"": ""WLC:Isa.42.16"", ""basis"": ""God guides the blind on an unknown path"", ""note"": ""God leads blind people on paths they do not know and turns darkness into light, a close biblical formulation for the commentary's measure-then-guidance and fire-path scene."", ""turn"": 1, ""model"": ""terra"", ""connection_id"": ""BC-5792e3a5acd1c98d9307""}]"
WLC:Isa.44.2	strong	tevrat	motif	Maker from the womb who has chosen	Isaiah calls God the maker and former from the womb and names the chosen servant, an unusually close pairing for the commentary's crafted body and selection.	sec18	"[{""line"": 63, ""strength"": ""strong"", ""tradition"": ""tevrat"", ""kind"": ""motif"", ""ref"": ""WLC:Isa.44.2"", ""basis"": ""Maker from the womb who has chosen"", ""note"": ""Isaiah calls God the maker and former from the womb and names the chosen servant, an unusually close pairing for the commentary's crafted body and selection."", ""turn"": 1, ""model"": ""terra"", ""connection_id"": ""BC-5d3974dc9f209da598da""}]"
WLC:Isa.44.24	strong	tevrat	motif	formed from the womb and creator	The commentary moves from bodily formation to the Lord's work in creation; Isaiah calls God the one who formed the speaker from the womb and stretched out the heavens, placing those acts under one creator.	sec18	"[{""line"": 28, ""strength"": ""strong"", ""tradition"": ""tevrat"", ""kind"": ""motif"", ""ref"": ""WLC:Isa.44.24"", ""basis"": ""formed from the womb and creator"", ""note"": ""The commentary moves from bodily formation to the Lord's work in creation; Isaiah calls God the one who formed the speaker from the womb and stretched out the heavens, placing those acts under one creator."", ""turn"": 1, ""model"": ""luna"", ""connection_id"": ""BC-a9c52b8a8f478508642c""}]"
WLC:Isa.44.4	strong	tevrat	motif	Growth like grass beside watercourses	The renewed descendants spring up among grass like trees by water, a close prophetic image for the commentary's watered growth instead of dried refuse.	sec18	"[{""line"": 173, ""strength"": ""strong"", ""tradition"": ""tevrat"", ""kind"": ""motif"", ""ref"": ""WLC:Isa.44.4"", ""basis"": ""Growth like grass beside watercourses"", ""note"": ""The renewed descendants spring up among grass like trees by water, a close prophetic image for the commentary's watered growth instead of dried refuse."", ""turn"": 2, ""model"": ""terra"", ""connection_id"": ""BC-fac364bbdceea5ff8d33""}]"
WLC:Isa.48.10	strong	tevrat	motif	Refined in the furnace of affliction	God refines Israel in an affliction-furnace, an explicit prophetic development of the commentary's fire as corrective work rather than only punishment.	sec18	"[{""line"": 161, ""strength"": ""strong"", ""tradition"": ""tevrat"", ""kind"": ""motif"", ""ref"": ""WLC:Isa.48.10"", ""basis"": ""Refined in the furnace of affliction"", ""note"": ""God refines Israel in an affliction-furnace, an explicit prophetic development of the commentary's fire as corrective work rather than only punishment."", ""turn"": 2, ""model"": ""terra"", ""connection_id"": ""BC-119b055f3936beb76e14""}]"
WLC:Isa.49.2	strong	tevrat	motif	The servant made a polished arrow	Isaiah's servant is made into a polished arrow and kept hidden; this supplies the crafted-arrow secondary sense which the commentary finds in the creation verb.	sec18	"[{""line"": 65, ""strength"": ""strong"", ""tradition"": ""tevrat"", ""kind"": ""motif"", ""ref"": ""WLC:Isa.49.2"", ""basis"": ""The servant made a polished arrow"", ""note"": ""Isaiah's servant is made into a polished arrow and kept hidden; this supplies the crafted-arrow secondary sense which the commentary finds in the creation verb."", ""turn"": 1, ""model"": ""terra"", ""connection_id"": ""BC-0394575904a15ddb5c55""}]"
WLC:Isa.5.2	strong	tevrat	motif	Prepared vineyard yielding wild grapes	The carefully cultivated vineyard gives wild fruit instead of the expected crop; it adds a prophetic moral version of the commentary's contrast between worked land and uncontrolled growth.	sec18	"[{""line"": 54, ""strength"": ""strong"", ""tradition"": ""tevrat"", ""kind"": ""motif"", ""ref"": ""WLC:Isa.5.2"", ""basis"": ""Prepared vineyard yielding wild grapes"", ""note"": ""The carefully cultivated vineyard gives wild fruit instead of the expected crop; it adds a prophetic moral version of the commentary's contrast between worked land and uncontrolled growth."", ""turn"": 1, ""model"": ""terra"", ""connection_id"": ""BC-c27570539de8959bcd3b""}]"
WLC:Isa.5.24	strong	tevrat	motif	Fire consumes stubble because teaching is rejected	Fire devours stubble and dry grass because people reject God's teaching, a very close prophetic fusion of dried vegetation, fire, and refusal of reminder.	sec18	"[{""line"": 163, ""strength"": ""strong"", ""tradition"": ""tevrat"", ""kind"": ""motif"", ""ref"": ""WLC:Isa.5.24"", ""basis"": ""Fire consumes stubble because teaching is rejected"", ""note"": ""Fire devours stubble and dry grass because people reject God's teaching, a very close prophetic fusion of dried vegetation, fire, and refusal of reminder."", ""turn"": 2, ""model"": ""terra"", ""connection_id"": ""BC-7851b892203b6d36c4d1""}]"
WLC:Isa.51.6	strong	tevrat	motif	Created things wear out but salvation lasts forever	Heavens vanish, earth wears out, and inhabitants die, while God's salvation and righteousness endure; this closely matches the commentary's temporary worldly life and better permanence.	sec18	"[{""line"": 175, ""strength"": ""strong"", ""tradition"": ""tevrat"", ""kind"": ""motif"", ""ref"": ""WLC:Isa.51.6"", ""basis"": ""Created things wear out but salvation lasts forever"", ""note"": ""Heavens vanish, earth wears out, and inhabitants die, while God's salvation and righteousness endure; this closely matches the commentary's temporary worldly life and better permanence."", ""turn"": 2, ""model"": ""terra"", ""connection_id"": ""BC-5aefa114bb9291427e7c""}]"
WLC:Isa.55.10	strong	tevrat	motif	rain yields seed and bread | Rain makes earth sprout and yield	The commentary follows water into pasture and distinguishes refuse from useful yield; Isaiah says rain waters earth so it sprouts and provides seed and bread, an especially close image of water becoming useful produce. | Rain descends, waters the earth, and makes it bear seed and bread; it is the biblical side of the commentary's rain, pasture, cultivated field, and beneficial yield.	sec18	"[{""line"": 83, ""strength"": ""strong"", ""tradition"": ""tevrat"", ""kind"": ""motif"", ""ref"": ""WLC:Isa.55.10"", ""basis"": ""rain yields seed and bread"", ""note"": ""The commentary follows water into pasture and distinguishes refuse from useful yield; Isaiah says rain waters earth so it sprouts and provides seed and bread, an especially close image of water becoming useful produce."", ""turn"": 2, ""model"": ""luna"", ""connection_id"": ""BC-72936c9b0616d7329cc6""}, {""line"": 39, ""strength"": ""strong"", ""tradition"": ""tevrat"", ""kind"": ""motif"", ""ref"": ""WLC:Isa.55.10"", ""basis"": ""Rain makes earth sprout and yield"", ""note"": ""Rain descends, waters the earth, and makes it bear seed and bread; it is the biblical side of the commentary's rain, pasture, cultivated field, and beneficial yield."", ""turn"": 1, ""model"": ""terra"", ""connection_id"": ""BC-774d317db3b4262ecd1c""}]"
WLC:Isa.55.11	strong	tevrat	motif	word does not return empty	The commentary joins the rain's useful remainder to the offered reminder; Isaiah applies rain's productive return to God's word, which accomplishes its purpose rather than returning empty.	sec18	"[{""line"": 84, ""strength"": ""strong"", ""tradition"": ""tevrat"", ""kind"": ""motif"", ""ref"": ""WLC:Isa.55.11"", ""basis"": ""word does not return empty"", ""note"": ""The commentary joins the rain's useful remainder to the offered reminder; Isaiah applies rain's productive return to God's word, which accomplishes its purpose rather than returning empty."", ""turn"": 2, ""model"": ""luna"", ""connection_id"": ""BC-6f61fd9339f4f3cfbb56""}]"
WLC:Isa.57.15	strong	tevrat	motif	The high and lofty one revives the lowly	The high and lofty God dwells with the contrite in order to revive them, pairing the commentary's highness with its purified, responsive person rather than the arrogant ruler.	sec18	"[{""line"": 75, ""strength"": ""strong"", ""tradition"": ""tevrat"", ""kind"": ""motif"", ""ref"": ""WLC:Isa.57.15"", ""basis"": ""The high and lofty one revives the lowly"", ""note"": ""The high and lofty God dwells with the contrite in order to revive them, pairing the commentary's highness with its purified, responsive person rather than the arrogant ruler."", ""turn"": 1, ""model"": ""terra"", ""connection_id"": ""BC-89430d1b8ba6021dc29e""}]"
WLC:Isa.57.20	medium	tevrat	motif	Restless waters casting up mud	The wicked are like a turbulent sea that throws up mire, a related prophetic water-and-waste image beside the commentary's flood-borne scum; the material correspondence is indirect.	sec18	"[{""line"": 119, ""strength"": ""medium"", ""tradition"": ""tevrat"", ""kind"": ""motif"", ""ref"": ""WLC:Isa.57.20"", ""basis"": ""Restless waters casting up mud"", ""note"": ""The wicked are like a turbulent sea that throws up mire, a related prophetic water-and-waste image beside the commentary's flood-borne scum; the material correspondence is indirect."", ""turn"": 1, ""model"": ""terra"", ""connection_id"": ""BC-adc828c08fc240e995b8""}]"
WLC:Isa.61.11	strong	tevrat	motif	Earth and garden making righteousness and praise sprout	As earth makes sprouts grow, God makes righteousness and praise grow, joining the commentary's cultivated field to purification and praise.	sec18	"[{""line"": 174, ""strength"": ""strong"", ""tradition"": ""tevrat"", ""kind"": ""motif"", ""ref"": ""WLC:Isa.61.11"", ""basis"": ""Earth and garden making righteousness and praise sprout"", ""note"": ""As earth makes sprouts grow, God makes righteousness and praise grow, joining the commentary's cultivated field to purification and praise."", ""turn"": 2, ""model"": ""terra"", ""connection_id"": ""BC-fef8b654f62ddf981aac""}]"
WLC:Isa.64.8	strong	tevrat	motif	Clay, potter, and work of God's hand	The potter-clay image gives the commentary's craft language a biblical body-and-maker analogy without reducing it to a lexical echo.	sec18	"[{""line"": 66, ""strength"": ""strong"", ""tradition"": ""tevrat"", ""kind"": ""motif"", ""ref"": ""WLC:Isa.64.8"", ""basis"": ""Clay, potter, and work of God's hand"", ""note"": ""The potter-clay image gives the commentary's craft language a biblical body-and-maker analogy without reducing it to a lexical echo."", ""turn"": 1, ""model"": ""terra"", ""connection_id"": ""BC-3e56422329fa24f38317""}]"
WLC:Isa.66.24	strong	tevrat	motif	Undying worm and unquenched fire	Isaiah's final spectacle of the unquenched fire and worm that does not die is a close Hebrew-Bible horizon for the commentary's great fire and suspended death-life.	sec18	"[{""line"": 27, ""strength"": ""strong"", ""tradition"": ""tevrat"", ""kind"": ""motif"", ""ref"": ""WLC:Isa.66.24"", ""basis"": ""Undying worm and unquenched fire"", ""note"": ""Isaiah's final spectacle of the unquenched fire and worm that does not die is a close Hebrew-Bible horizon for the commentary's great fire and suspended death-life."", ""turn"": 1, ""model"": ""terra"", ""connection_id"": ""BC-a2b9f8134f90b8045600""}]"
WLC:Jer.1.5	strong	tevrat	motif	formed and chosen | Formed in the womb and appointed	The commentary pairs the shaped creature with Moses' selection; Jeremiah says God knew and consecrated him before forming him in the womb, joining bodily formation to prophetic choice. | Before forming Jeremiah in the womb God knows, consecrates, and appoints him; it joins formation, election, and a divine mission as the commentary does at Moses's fire.	sec18	"[{""line"": 29, ""strength"": ""strong"", ""tradition"": ""tevrat"", ""kind"": ""motif"", ""ref"": ""WLC:Jer.1.5"", ""basis"": ""formed and chosen"", ""note"": ""The commentary pairs the shaped creature with Moses' selection; Jeremiah says God knew and consecrated him before forming him in the womb, joining bodily formation to prophetic choice."", ""turn"": 1, ""model"": ""luna"", ""connection_id"": ""BC-70abba2c7ce163438dbf""}, {""line"": 62, ""strength"": ""strong"", ""tradition"": ""tevrat"", ""kind"": ""motif"", ""ref"": ""WLC:Jer.1.5"", ""basis"": ""Formed in the womb and appointed"", ""note"": ""Before forming Jeremiah in the womb God knows, consecrates, and appoints him; it joins formation, election, and a divine mission as the commentary does at Moses's fire."", ""turn"": 1, ""model"": ""terra"", ""connection_id"": ""BC-14dac58c37fbe80986a5""}]"
WLC:Jer.17.6	strong	tevrat	motif	shrub in the dry desert	The commentary contrasts untended growth that dries with cultivated yield; Jeremiah depicts the one who trusts in human strength as a desert shrub that does not see good, giving barrenness an ethical cause.	sec18	"[{""line"": 85, ""strength"": ""strong"", ""tradition"": ""tevrat"", ""kind"": ""motif"", ""ref"": ""WLC:Jer.17.6"", ""basis"": ""shrub in the dry desert"", ""note"": ""The commentary contrasts untended growth that dries with cultivated yield; Jeremiah depicts the one who trusts in human strength as a desert shrub that does not see good, giving barrenness an ethical cause."", ""turn"": 2, ""model"": ""luna"", ""connection_id"": ""BC-8da98aee5d6e16c54eeb""}]"
WLC:Jer.17.8	strong	tevrat	motif	tree by water keeps yielding	The commentary says the cultivated field grows and leaves a lasting share; Jeremiah's water-side tree does not cease yielding fruit even in drought, making trust the basis of endurance.	sec18	"[{""line"": 86, ""strength"": ""strong"", ""tradition"": ""tevrat"", ""kind"": ""motif"", ""ref"": ""WLC:Jer.17.8"", ""basis"": ""tree by water keeps yielding"", ""note"": ""The commentary says the cultivated field grows and leaves a lasting share; Jeremiah's water-side tree does not cease yielding fruit even in drought, making trust the basis of endurance."", ""turn"": 2, ""model"": ""luna"", ""connection_id"": ""BC-ce67ae17892b661d09f5""}]"
WLC:Jer.23.24	strong	tevrat	motif	No one can hide beyond God's sight	The prophet asks whether anyone can hide in secret places from the God who fills heaven and earth, closely matching the commentary's claim of divine knowledge of the hidden.	sec18	"[{""line"": 156, ""strength"": ""strong"", ""tradition"": ""tevrat"", ""kind"": ""motif"", ""ref"": ""WLC:Jer.23.24"", ""basis"": ""No one can hide beyond God's sight"", ""note"": ""The prophet asks whether anyone can hide in secret places from the God who fills heaven and earth, closely matching the commentary's claim of divine knowledge of the hidden."", ""turn"": 2, ""model"": ""terra"", ""connection_id"": ""BC-a07b23f2ca94bc5dfac0""}]"
WLC:Jer.23.29	strong	tevrat	motif	God's word like fire	The divine word is likened to fire and a hammer, supporting the commentary's movement from recited reminder to a fire that actively corrects.	sec18	"[{""line"": 164, ""strength"": ""strong"", ""tradition"": ""tevrat"", ""kind"": ""motif"", ""ref"": ""WLC:Jer.23.29"", ""basis"": ""God's word like fire"", ""note"": ""The divine word is likened to fire and a hammer, supporting the commentary's movement from recited reminder to a fire that actively corrects."", ""turn"": 2, ""model"": ""terra"", ""connection_id"": ""BC-259fedaf76f904ec7345""}]"
WLC:Jer.4.3	strong	tevrat	motif	Break fallow ground and do not sow among thorns	Jeremiah turns cultivation into moral exhortation, making a direct Jewish parallel for the commentary's ploughed field versus vegetation left to become waste.	sec18	"[{""line"": 52, ""strength"": ""strong"", ""tradition"": ""tevrat"", ""kind"": ""motif"", ""ref"": ""WLC:Jer.4.3"", ""basis"": ""Break fallow ground and do not sow among thorns"", ""note"": ""Jeremiah turns cultivation into moral exhortation, making a direct Jewish parallel for the commentary's ploughed field versus vegetation left to become waste."", ""turn"": 1, ""model"": ""terra"", ""connection_id"": ""BC-c4c6d8632c4ce4044b1f""}]"
WLC:Job.10.10	strong	tevrat	motif	body formed in the womb	The commentary's shaping image includes the embryo; Job likens God's formation of his body to milk poured and curdled, a concrete image of prenatal making.	sec18	"[{""line"": 25, ""strength"": ""strong"", ""tradition"": ""tevrat"", ""kind"": ""motif"", ""ref"": ""WLC:Job.10.10"", ""basis"": ""body formed in the womb"", ""note"": ""The commentary's shaping image includes the embryo; Job likens God's formation of his body to milk poured and curdled, a concrete image of prenatal making."", ""turn"": 1, ""model"": ""luna"", ""connection_id"": ""BC-f48db81ced0e2cdd06d2""}]"
WLC:Job.10.11	strong	tevrat	motif	Skin, flesh, bones, and sinews fashioned	Job describes God clothing and knitting the body, a concrete biblical counterpart to the commentary's secondary sense of bodily and embryonic formation.	sec18	"[{""line"": 61, ""strength"": ""strong"", ""tradition"": ""tevrat"", ""kind"": ""motif"", ""ref"": ""WLC:Job.10.11"", ""basis"": ""Skin, flesh, bones, and sinews fashioned"", ""note"": ""Job describes God clothing and knitting the body, a concrete biblical counterpart to the commentary's secondary sense of bodily and embryonic formation."", ""turn"": 1, ""model"": ""terra"", ""connection_id"": ""BC-525d40f66a082b8ae9c0""}]"
WLC:Job.14.19	strong	tevrat	motif	Floodwater washes away earth	Water wears stone and sweeps away soil, a literal counterpart to the commentary's flood carrying off what has dried and become refuse.	sec18	"[{""line"": 45, ""strength"": ""strong"", ""tradition"": ""tevrat"", ""kind"": ""motif"", ""ref"": ""WLC:Job.14.19"", ""basis"": ""Floodwater washes away earth"", ""note"": ""Water wears stone and sweeps away soil, a literal counterpart to the commentary's flood carrying off what has dried and become refuse."", ""turn"": 1, ""model"": ""terra"", ""connection_id"": ""BC-1bfb3dbfd395f3eb665f""}]"
WLC:Job.14.2	strong	tevrat	motif	life as a fading flower	The commentary says worldly life is also pictured as a flower and does not last; Job says a human comes forth like a flower and withers, a direct human-life use of that image.	sec18	"[{""line"": 90, ""strength"": ""strong"", ""tradition"": ""tevrat"", ""kind"": ""motif"", ""ref"": ""WLC:Job.14.2"", ""basis"": ""life as a fading flower"", ""note"": ""The commentary says worldly life is also pictured as a flower and does not last; Job says a human comes forth like a flower and withers, a direct human-life use of that image."", ""turn"": 2, ""model"": ""luna"", ""connection_id"": ""BC-bc1d54b777627b01580e""}]"
WLC:Job.15.14	strong	tevrat	soydas	Arabic tazakka and Hebrew yizkeh around purity	Job asks how a human, including one born of woman, can be pure, using Hebrew yizkeh from the z-k-y root cognate with the commentary's tazakka; its setting adds bodily finitude to purification.	sec18	"[{""line"": 177, ""strength"": ""strong"", ""tradition"": ""tevrat"", ""kind"": ""soydas"", ""ref"": ""WLC:Job.15.14"", ""basis"": ""Arabic tazakka and Hebrew yizkeh around purity"", ""note"": ""Job asks how a human, including one born of woman, can be pure, using Hebrew yizkeh from the z-k-y root cognate with the commentary's tazakka; its setting adds bodily finitude to purification."", ""turn"": 2, ""model"": ""terra"", ""connection_id"": ""BC-81c1783e728ae3760294""}]"
WLC:Job.28.25	strong	tevrat	motif	Waters apportioned by measure	Job says God established weight for wind and measured the waters, closely meeting the commentary's flood running in valleys according to measure.	sec18	"[{""line"": 36, ""strength"": ""strong"", ""tradition"": ""tevrat"", ""kind"": ""motif"", ""ref"": ""WLC:Job.28.25"", ""basis"": ""Waters apportioned by measure"", ""note"": ""Job says God established weight for wind and measured the waters, closely meeting the commentary's flood running in valleys according to measure."", ""turn"": 1, ""model"": ""terra"", ""connection_id"": ""BC-ac89362562f6811eef37""}]"
WLC:Job.29.3	strong	tevrat	motif	Walking through darkness by God's lamp	Job recalls walking through darkness by God's shining lamp, a concrete light-and-way image alongside the commentary's fire sought for a guide.	sec18	"[{""line"": 152, ""strength"": ""strong"", ""tradition"": ""tevrat"", ""kind"": ""motif"", ""ref"": ""WLC:Job.29.3"", ""basis"": ""Walking through darkness by God's lamp"", ""note"": ""Job recalls walking through darkness by God's shining lamp, a concrete light-and-way image alongside the commentary's fire sought for a guide."", ""turn"": 2, ""model"": ""terra"", ""connection_id"": ""BC-8c77792f418f7a075ce5""}]"
WLC:Job.38.25	strong	tevrat	motif	channels for rain	The commentary links measured water in valleys to divine allotment; God asks who cut a channel for torrents of rain, a precise image of water given a course.	sec18	"[{""line"": 31, ""strength"": ""strong"", ""tradition"": ""tevrat"", ""kind"": ""motif"", ""ref"": ""WLC:Job.38.25"", ""basis"": ""channels for rain"", ""note"": ""The commentary links measured water in valleys to divine allotment; God asks who cut a channel for torrents of rain, a precise image of water given a course."", ""turn"": 1, ""model"": ""luna"", ""connection_id"": ""BC-2ba894a7ef861735a44d""}]"
WLC:Job.38.26	strong	tevrat	motif	rain in uncultivated land	The commentary joins the valley flood to pasture; Job asks who sends rain on land where no one lives, emphasizing provision beyond human fields.	sec18	"[{""line"": 32, ""strength"": ""strong"", ""tradition"": ""tevrat"", ""kind"": ""motif"", ""ref"": ""WLC:Job.38.26"", ""basis"": ""rain in uncultivated land"", ""note"": ""The commentary joins the valley flood to pasture; Job asks who sends rain on land where no one lives, emphasizing provision beyond human fields."", ""turn"": 1, ""model"": ""luna"", ""connection_id"": ""BC-0a016401f8f64b4667e2""}]"
WLC:Job.38.27	strong	tevrat	motif	grass sprouts | Rain makes grass sprout in waste ground	The commentary traces water to pasture's growth; Job says rain makes the wilderness satisfied and causes grass to sprout, completing that water-to-vegetation sequence. | God's rain satisfies desolate ground and causes grass to spring up, a precise meeting of the commentary's rain-shaken earth and brought-forth pasture.	sec18	"[{""line"": 33, ""strength"": ""strong"", ""tradition"": ""tevrat"", ""kind"": ""motif"", ""ref"": ""WLC:Job.38.27"", ""basis"": ""grass sprouts"", ""note"": ""The commentary traces water to pasture's growth; Job says rain makes the wilderness satisfied and causes grass to sprout, completing that water-to-vegetation sequence."", ""turn"": 1, ""model"": ""luna"", ""connection_id"": ""BC-aff5df9659c1906005dd""}, {""line"": 40, ""strength"": ""strong"", ""tradition"": ""tevrat"", ""kind"": ""motif"", ""ref"": ""WLC:Job.38.27"", ""basis"": ""Rain makes grass sprout in waste ground"", ""note"": ""God's rain satisfies desolate ground and causes grass to spring up, a precise meeting of the commentary's rain-shaken earth and brought-forth pasture."", ""turn"": 1, ""model"": ""terra"", ""connection_id"": ""BC-28ec3b6d59cc478ac43d""}]"
WLC:Job.8.12	medium	tevrat	motif	Green marsh plant withering before other growth	A water-dependent plant withers while still green, a specific wisdom image for the commentary's pasture turning into waste; the water setting differs from its valley flood.	sec18	"[{""line"": 196, ""strength"": ""medium"", ""tradition"": ""tevrat"", ""kind"": ""motif"", ""ref"": ""WLC:Job.8.12"", ""basis"": ""Green marsh plant withering before other growth"", ""note"": ""A water-dependent plant withers while still green, a specific wisdom image for the commentary's pasture turning into waste; the water setting differs from its valley flood."", ""turn"": 2, ""model"": ""terra"", ""connection_id"": ""BC-7d231ab5e4d2f11fcd30""}]"
WLC:Josh.1.8	strong	tevrat	motif	Book in the mouth and continual meditation	Joshua is told not to let the Torah book depart from his mouth but to meditate on it day and night, matching the commentary's preserved speech, remembrance, and practice.	sec18	"[{""line"": 82, ""strength"": ""strong"", ""tradition"": ""tevrat"", ""kind"": ""motif"", ""ref"": ""WLC:Josh.1.8"", ""basis"": ""Book in the mouth and continual meditation"", ""note"": ""Joshua is told not to let the Torah book depart from his mouth but to meditate on it day and night, matching the commentary's preserved speech, remembrance, and practice."", ""turn"": 1, ""model"": ""terra"", ""connection_id"": ""BC-76acab113c429f726d23""}]"
WLC:Josh.24.14	strong	tevrat	motif	Put away foreign gods and serve YHWH	In the Abrahamic ancestral context Joshua calls Israel to remove foreign gods and serve YHWH, a direct biblical counterpart to the commentary's avoidance of idols.	sec18	"[{""line"": 106, ""strength"": ""strong"", ""tradition"": ""tevrat"", ""kind"": ""motif"", ""ref"": ""WLC:Josh.24.14"", ""basis"": ""Put away foreign gods and serve YHWH"", ""note"": ""In the Abrahamic ancestral context Joshua calls Israel to remove foreign gods and serve YHWH, a direct biblical counterpart to the commentary's avoidance of idols."", ""turn"": 1, ""model"": ""terra"", ""connection_id"": ""BC-a6a69a4b933d461a4a38""}]"
WLC:Josh.24.15	strong	tevrat	motif	Choose whom you will serve	Joshua's demand to choose service of YHWH or other gods makes the commentary's preference theme concrete at the point of idolatry.	sec18	"[{""line"": 107, ""strength"": ""strong"", ""tradition"": ""tevrat"", ""kind"": ""motif"", ""ref"": ""WLC:Josh.24.15"", ""basis"": ""Choose whom you will serve"", ""note"": ""Joshua's demand to choose service of YHWH or other gods makes the commentary's preference theme concrete at the point of idolatry."", ""turn"": 1, ""model"": ""terra"", ""connection_id"": ""BC-6ddf229a5892781e1e0d""}]"
WLC:Josh.24.2	strong	tevrat	motif|paralel	Abraham's family and other gods | Abraham's ancestors serve other gods	The commentary closes by recalling Abraham's plea to be kept from idols; Joshua says Abraham's ancestors served other gods beyond the River, supplying the family setting from which that plea distances him. | Joshua locates Abraham's family beyond the river among worshippers of other gods, supplying canonical background for the commentary's Abrahamic plea to be kept from idols.	sec18	"[{""line"": 22, ""strength"": ""strong"", ""tradition"": ""tevrat"", ""kind"": ""motif"", ""ref"": ""WLC:Josh.24.2"", ""basis"": ""Abraham's family and other gods"", ""note"": ""The commentary closes by recalling Abraham's plea to be kept from idols; Joshua says Abraham's ancestors served other gods beyond the River, supplying the family setting from which that plea distances him."", ""turn"": 1, ""model"": ""luna"", ""connection_id"": ""BC-92355f913669d99f3395""}, {""line"": 104, ""strength"": ""strong"", ""tradition"": ""tevrat"", ""kind"": ""paralel"", ""ref"": ""WLC:Josh.24.2"", ""basis"": ""Abraham's ancestors serve other gods"", ""note"": ""Joshua locates Abraham's family beyond the river among worshippers of other gods, supplying canonical background for the commentary's Abrahamic plea to be kept from idols."", ""turn"": 1, ""model"": ""terra"", ""connection_id"": ""BC-f448f69948176dbc65d9""}]"
WLC:Josh.24.3	strong	tevrat	paralel	Abraham taken from beyond the River | God takes and leads Abraham	The commentary names Abraham among the recipients of the earlier pages and recalls his separation from idols; Joshua says God took Abraham from beyond the River and led him through Canaan, giving a scriptural account of his departure. | God takes Abraham from beyond the river and leads him through Canaan, matching the commentary's Abrahamic selection and its wider path-and-guidance movement.	sec18	"[{""line"": 23, ""strength"": ""strong"", ""tradition"": ""tevrat"", ""kind"": ""paralel"", ""ref"": ""WLC:Josh.24.3"", ""basis"": ""Abraham taken from beyond the River"", ""note"": ""The commentary names Abraham among the recipients of the earlier pages and recalls his separation from idols; Joshua says God took Abraham from beyond the River and led him through Canaan, giving a scriptural account of his departure."", ""turn"": 1, ""model"": ""luna"", ""connection_id"": ""BC-8a67f082e388d677658b""}, {""line"": 105, ""strength"": ""strong"", ""tradition"": ""tevrat"", ""kind"": ""paralel"", ""ref"": ""WLC:Josh.24.3"", ""basis"": ""God takes and leads Abraham"", ""note"": ""God takes Abraham from beyond the river and leads him through Canaan, matching the commentary's Abrahamic selection and its wider path-and-guidance movement."", ""turn"": 1, ""model"": ""terra"", ""connection_id"": ""BC-bb383ad7fe3b0445422b""}]"
WLC:Lev.26.4	strong	tevrat	motif	Seasonal rain producing land-yield and field fruit	God's rain gives land its yield and trees their fruit, a covenantal counterpart to the commentary's rain-fed field and lasting useful produce.	sec18	"[{""line"": 171, ""strength"": ""strong"", ""tradition"": ""tevrat"", ""kind"": ""motif"", ""ref"": ""WLC:Lev.26.4"", ""basis"": ""Seasonal rain producing land-yield and field fruit"", ""note"": ""God's rain gives land its yield and trees their fruit, a covenantal counterpart to the commentary's rain-fed field and lasting useful produce."", ""turn"": 2, ""model"": ""terra"", ""connection_id"": ""BC-a3b7581420052c176324""}]"
WLC:Mal.3.16	strong	tevrat	motif	book of remembrance | Book of remembrance for those who fear and esteem the name	The commentary joins fear, remembrance, and God's name; Malachi records a book of remembrance for those who fear the Lord and esteem his name, a particularly close ethical and verbal constellation. | A book of remembrance is written for God-fearers who honor the divine name, tightly joining the commentary's reminder, fearer, name, and earlier pages.	sec18	"[{""line"": 21, ""strength"": ""strong"", ""tradition"": ""tevrat"", ""kind"": ""motif"", ""ref"": ""WLC:Mal.3.16"", ""basis"": ""book of remembrance"", ""note"": ""The commentary joins fear, remembrance, and God's name; Malachi records a book of remembrance for those who fear the Lord and esteem his name, a particularly close ethical and verbal constellation."", ""turn"": 1, ""model"": ""luna"", ""connection_id"": ""BC-2d10e56696abf275be9b""}, {""line"": 144, ""strength"": ""strong"", ""tradition"": ""tevrat"", ""kind"": ""motif"", ""ref"": ""WLC:Mal.3.16"", ""basis"": ""Book of remembrance for those who fear and esteem the name"", ""note"": ""A book of remembrance is written for God-fearers who honor the divine name, tightly joining the commentary's reminder, fearer, name, and earlier pages."", ""turn"": 2, ""model"": ""terra"", ""connection_id"": ""BC-76e8cdfad1001576bfbf""}]"
WLC:Mal.3.3	strong	tevrat	motif	Refining and purifying through fire	The divine messenger sits as a refiner and purifier of silver; this gives a biblical analogue for the commentary's distinction between a fire that sets something right and a fire endured as ruin.	sec18	"[{""line"": 31, ""strength"": ""strong"", ""tradition"": ""tevrat"", ""kind"": ""motif"", ""ref"": ""WLC:Mal.3.3"", ""basis"": ""Refining and purifying through fire"", ""note"": ""The divine messenger sits as a refiner and purifier of silver; this gives a biblical analogue for the commentary's distinction between a fire that sets something right and a fire endured as ruin."", ""turn"": 1, ""model"": ""terra"", ""connection_id"": ""BC-5f44f1fe10b4b6028019""}]"
WLC:Num.33.2	strong	tevrat	motif	Moses records the stages of the journey	Moses writes Israel's journey-stages at God's command, meeting the commentary's scrolls with its fire-and-path movement.	sec18	"[{""line"": 143, ""strength"": ""strong"", ""tradition"": ""tevrat"", ""kind"": ""motif"", ""ref"": ""WLC:Num.33.2"", ""basis"": ""Moses records the stages of the journey"", ""note"": ""Moses writes Israel's journey-stages at God's command, meeting the commentary's scrolls with its fire-and-path movement."", ""turn"": 2, ""model"": ""terra"", ""connection_id"": ""BC-30446ac43b39b2c61da1""}]"
WLC:Prov.16.11	strong	tevrat	motif	God's just scales and weights	The proverb makes weights and measures God's work, supporting the commentary's secondary move from cosmic measuring to a just apportioned share.	sec18	"[{""line"": 70, ""strength"": ""strong"", ""tradition"": ""tevrat"", ""kind"": ""motif"", ""ref"": ""WLC:Prov.16.11"", ""basis"": ""God's just scales and weights"", ""note"": ""The proverb makes weights and measures God's work, supporting the commentary's secondary move from cosmic measuring to a just apportioned share."", ""turn"": 1, ""model"": ""terra"", ""connection_id"": ""BC-26d1b225e3b915c0b118""}]"
WLC:Prov.17.3	strong	tevrat	motif	Furnace as testing rather than annihilation	The furnace tests silver and gold while God tests hearts, supplying the corrective operation of fire that the commentary sets beside fire as punishment.	sec18	"[{""line"": 30, ""strength"": ""strong"", ""tradition"": ""tevrat"", ""kind"": ""motif"", ""ref"": ""WLC:Prov.17.3"", ""basis"": ""Furnace as testing rather than annihilation"", ""note"": ""The furnace tests silver and gold while God tests hearts, supplying the corrective operation of fire that the commentary sets beside fire as punishment."", ""turn"": 1, ""model"": ""terra"", ""connection_id"": ""BC-daa60d4d9719b76e8640""}]"
WLC:Prov.25.4	strong	tevrat	motif	dross removed, silver remains | Dross removed so silver becomes usable	The commentary links foam from fire to what is discarded while useful material remains; Proverbs says removing dross leaves workable silver, a close refining image for that distinction. | Removing dross from silver leaves material for the smith, a precise counterpart to the commentary's furnace foam: what is waste departs while what is useful remains.	sec18	"[{""line"": 36, ""strength"": ""strong"", ""tradition"": ""tevrat"", ""kind"": ""motif"", ""ref"": ""WLC:Prov.25.4"", ""basis"": ""dross removed, silver remains"", ""note"": ""The commentary links foam from fire to what is discarded while useful material remains; Proverbs says removing dross leaves workable silver, a close refining image for that distinction."", ""turn"": 1, ""model"": ""luna"", ""connection_id"": ""BC-50e3a6412d1d96410f4a""}, {""line"": 32, ""strength"": ""strong"", ""tradition"": ""tevrat"", ""kind"": ""motif"", ""ref"": ""WLC:Prov.25.4"", ""basis"": ""Dross removed so silver becomes usable"", ""note"": ""Removing dross from silver leaves material for the smith, a precise counterpart to the commentary's furnace foam: what is waste departs while what is useful remains."", ""turn"": 1, ""model"": ""terra"", ""connection_id"": ""BC-d7897007541559f60f32""}]"
WLC:Prov.6.23	strong	tevrat	motif	Command as lamp and teaching as light on life's way	The commandment is a lamp, teaching a light, and reproofs a way of life; it joins reminder, guidance, and life in terms specific to the commentary's movement.	sec18	"[{""line"": 151, ""strength"": ""strong"", ""tradition"": ""tevrat"", ""kind"": ""motif"", ""ref"": ""WLC:Prov.6.23"", ""basis"": ""Command as lamp and teaching as light on life's way"", ""note"": ""The commandment is a lamp, teaching a light, and reproofs a way of life; it joins reminder, guidance, and life in terms specific to the commentary's movement."", ""turn"": 2, ""model"": ""terra"", ""connection_id"": ""BC-49797dc4194a879a6788""}]"
WLC:Ps.1.3	strong	tevrat	motif	tree by water | Fruitful tree by streams that does not wither	The commentary sets withering pasture against lasting good; Psalm 1's person who delights in instruction is a watered tree whose leaf does not wither, an enduring fruitful counterpart. | The water-planted tree bears fruit and does not wither, concretely supplies the commentary's useful, enduring side of water and vegetation.	sec18	"[{""line"": 41, ""strength"": ""strong"", ""tradition"": ""tevrat"", ""kind"": ""motif"", ""ref"": ""WLC:Ps.1.3"", ""basis"": ""tree by water"", ""note"": ""The commentary sets withering pasture against lasting good; Psalm 1's person who delights in instruction is a watered tree whose leaf does not wither, an enduring fruitful counterpart."", ""turn"": 1, ""model"": ""luna"", ""connection_id"": ""BC-4accca49c36e852ce4f3""}, {""line"": 42, ""strength"": ""strong"", ""tradition"": ""tevrat"", ""kind"": ""motif"", ""ref"": ""WLC:Ps.1.3"", ""basis"": ""Fruitful tree by streams that does not wither"", ""note"": ""The water-planted tree bears fruit and does not wither, concretely supplies the commentary's useful, enduring side of water and vegetation."", ""turn"": 1, ""model"": ""terra"", ""connection_id"": ""BC-0e6f452e73fd8be2bdda""}]"
WLC:Ps.1.4	strong	tevrat	motif	chaff blown away | Chaff driven away	The commentary's dead pasture is carried off by flood; Psalm 1 says the wicked are like chaff driven by wind, using agricultural refuse for a contrasting fate. | The wicked are wind-driven chaff, a biblical residue image beside the commentary's flood-carried foam and dried pasture that do not remain.	sec18	"[{""line"": 42, ""strength"": ""strong"", ""tradition"": ""tevrat"", ""kind"": ""motif"", ""ref"": ""WLC:Ps.1.4"", ""basis"": ""chaff blown away"", ""note"": ""The commentary's dead pasture is carried off by flood; Psalm 1 says the wicked are like chaff driven by wind, using agricultural refuse for a contrasting fate."", ""turn"": 1, ""model"": ""luna"", ""connection_id"": ""BC-88620b230fec1a1daf7f""}, {""line"": 43, ""strength"": ""strong"", ""tradition"": ""tevrat"", ""kind"": ""motif"", ""ref"": ""WLC:Ps.1.4"", ""basis"": ""Chaff driven away"", ""note"": ""The wicked are wind-driven chaff, a biblical residue image beside the commentary's flood-carried foam and dried pasture that do not remain."", ""turn"": 1, ""model"": ""terra"", ""connection_id"": ""BC-003be0ee86469437d01c""}]"
WLC:Ps.103.16	weak	tevrat	motif	grass and passing wind	The commentary makes the withering pasture an image for worldly life; the psalm compares human days to grass and says wind passes over it, a close mortality image without the commentary's two-field choice.	sec18	"[{""line"": 72, ""strength"": ""weak"", ""tradition"": ""tevrat"", ""kind"": ""motif"", ""ref"": ""WLC:Ps.103.16"", ""basis"": ""grass and passing wind"", ""note"": ""The commentary makes the withering pasture an image for worldly life; the psalm compares human days to grass and says wind passes over it, a close mortality image without the commentary's two-field choice."", ""turn"": 1, ""model"": ""luna"", ""connection_id"": ""BC-d63c1932578abbdb27d9""}]"
WLC:Ps.103.17	weak	tevrat	motif	enduring mercy	The commentary says the hereafter is better and more abiding than the world; the next psalm verse says the Lord's steadfast love lasts from everlasting to everlasting, supplying a divine permanence beside the grass image.	sec18	"[{""line"": 73, ""strength"": ""weak"", ""tradition"": ""tevrat"", ""kind"": ""motif"", ""ref"": ""WLC:Ps.103.17"", ""basis"": ""enduring mercy"", ""note"": ""The commentary says the hereafter is better and more abiding than the world; the next psalm verse says the Lord's steadfast love lasts from everlasting to everlasting, supplying a divine permanence beside the grass image."", ""turn"": 1, ""model"": ""luna"", ""connection_id"": ""BC-5b15fecfe75a7b857bc9""}]"
WLC:Ps.104.11	strong	tevrat	motif	streams in the valleys	The commentary pictures water running through valleys and sustaining pasture; the psalm describes springs giving drink to wild animals among the mountains.	sec18	"[{""line"": 34, ""strength"": ""strong"", ""tradition"": ""tevrat"", ""kind"": ""motif"", ""ref"": ""WLC:Ps.104.11"", ""basis"": ""streams in the valleys"", ""note"": ""The commentary pictures water running through valleys and sustaining pasture; the psalm describes springs giving drink to wild animals among the mountains."", ""turn"": 1, ""model"": ""luna"", ""connection_id"": ""BC-18e4b9717406b00ea768""}]"
WLC:Ps.104.14	strong	tevrat	motif	grass and useful produce | God causes grass and cultivated vegetation to grow	The commentary contrasts pasture with refuse and useful remainder; the psalm says God makes grass for cattle and plants for human use, specifying what the land's growth serves. | The psalm distinguishes grass for animals and vegetation for human cultivation, furnishing a close biblical landscape for the commentary's pasture and worked soil.	sec18	"[{""line"": 35, ""strength"": ""strong"", ""tradition"": ""tevrat"", ""kind"": ""motif"", ""ref"": ""WLC:Ps.104.14"", ""basis"": ""grass and useful produce"", ""note"": ""The commentary contrasts pasture with refuse and useful remainder; the psalm says God makes grass for cattle and plants for human use, specifying what the land's growth serves."", ""turn"": 1, ""model"": ""luna"", ""connection_id"": ""BC-7dbd80f2379cc60911b4""}, {""line"": 41, ""strength"": ""strong"", ""tradition"": ""tevrat"", ""kind"": ""motif"", ""ref"": ""WLC:Ps.104.14"", ""basis"": ""God causes grass and cultivated vegetation to grow"", ""note"": ""The psalm distinguishes grass for animals and vegetation for human cultivation, furnishing a close biblical landscape for the commentary's pasture and worked soil."", ""turn"": 1, ""model"": ""terra"", ""connection_id"": ""BC-965aa6d95ab7855b80b8""}]"
WLC:Ps.119.105	strong	tevrat	motif	Word as lamp for foot and light for path	The word gives a lamp and path-light, supplying a biblical verbal-light counterpart to the commentary's fire sought as guidance.	sec18	"[{""line"": 150, ""strength"": ""strong"", ""tradition"": ""tevrat"", ""kind"": ""motif"", ""ref"": ""WLC:Ps.119.105"", ""basis"": ""Word as lamp for foot and light for path"", ""note"": ""The word gives a lamp and path-light, supplying a biblical verbal-light counterpart to the commentary's fire sought as guidance."", ""turn"": 2, ""model"": ""terra"", ""connection_id"": ""BC-ce53da03d42cca8a0825""}]"
WLC:Ps.139.14	strong	tevrat	motif	woven in the womb	The commentary joins craft and bodily formation; the psalm says God formed and knit the speaker in the mother's womb, making that joining explicit.	sec18	"[{""line"": 26, ""strength"": ""strong"", ""tradition"": ""tevrat"", ""kind"": ""motif"", ""ref"": ""WLC:Ps.139.14"", ""basis"": ""woven in the womb"", ""note"": ""The commentary joins craft and bodily formation; the psalm says God formed and knit the speaker in the mother's womb, making that joining explicit."", ""turn"": 1, ""model"": ""luna"", ""connection_id"": ""BC-7e89b4cf793529894504""}]"
WLC:Ps.139.15	strong	tevrat	motif	body fashioned in hidden depths	The commentary links a formed body with what is hidden; the psalm says its frame was not hidden while it was made in secret, joining bodily craft to hiddenness.	sec18	"[{""line"": 27, ""strength"": ""strong"", ""tradition"": ""tevrat"", ""kind"": ""motif"", ""ref"": ""WLC:Ps.139.15"", ""basis"": ""body fashioned in hidden depths"", ""note"": ""The commentary links a formed body with what is hidden; the psalm says its frame was not hidden while it was made in secret, joining bodily craft to hiddenness."", ""turn"": 1, ""model"": ""luna"", ""connection_id"": ""BC-fa2d29281d259e6f989a""}]"
WLC:Ps.148.13	strong	tevrat	motif	The exalted name alone praised	The psalm calls for praise of YHWH's name because that name alone is exalted above earth and heaven, closely meeting the commentary's name, praise, and highness.	sec18	"[{""line"": 73, ""strength"": ""strong"", ""tradition"": ""tevrat"", ""kind"": ""motif"", ""ref"": ""WLC:Ps.148.13"", ""basis"": ""The exalted name alone praised"", ""note"": ""The psalm calls for praise of YHWH's name because that name alone is exalted above earth and heaven, closely meeting the commentary's name, praise, and highness."", ""turn"": 1, ""model"": ""terra"", ""connection_id"": ""BC-f18e416d22bdf6a6e49c""}]"
WLC:Ps.37.3	medium	tevrat	motif	wicked like grass	The commentary says worldly life is a pasture that withers and is swept away; the psalm tells the faithful not to fret because evildoers quickly fade like grass, directly applying the plant image to moral outcomes.	sec18	"[{""line"": 114, ""strength"": ""medium"", ""tradition"": ""tevrat"", ""kind"": ""motif"", ""ref"": ""WLC:Ps.37.3"", ""basis"": ""wicked like grass"", ""note"": ""The commentary says worldly life is a pasture that withers and is swept away; the psalm tells the faithful not to fret because evildoers quickly fade like grass, directly applying the plant image to moral outcomes."", ""turn"": 2, ""model"": ""luna"", ""connection_id"": ""BC-8166f1b5dd6beac9dd3a""}]"
WLC:Ps.37.38	medium	tevrat	motif	peaceful endures	The commentary contrasts the short-lived world with the abiding hereafter; the psalm asks the reader to mark the blameless person because his future is peace, a related lasting outcome in an ethical contrast.	sec18	"[{""line"": 115, ""strength"": ""medium"", ""tradition"": ""tevrat"", ""kind"": ""motif"", ""ref"": ""WLC:Ps.37.38"", ""basis"": ""peaceful endures"", ""note"": ""The commentary contrasts the short-lived world with the abiding hereafter; the psalm asks the reader to mark the blameless person because his future is peace, a related lasting outcome in an ethical contrast."", ""turn"": 2, ""model"": ""luna"", ""connection_id"": ""BC-aa69248c422b80a98ce4""}]"
WLC:Ps.65.11	weak	tevrat	motif	watered furrows and blessed growth	The commentary pictures measured water carrying foam through valleys before useful growth remains; the psalm says God waters furrows and blesses the crop, a related but non-identical account of controlled water and yield.	sec18	"[{""line"": 71, ""strength"": ""weak"", ""tradition"": ""tevrat"", ""kind"": ""motif"", ""ref"": ""WLC:Ps.65.11"", ""basis"": ""watered furrows and blessed growth"", ""note"": ""The commentary pictures measured water carrying foam through valleys before useful growth remains; the psalm says God waters furrows and blesses the crop, a related but non-identical account of controlled water and yield."", ""turn"": 1, ""model"": ""luna"", ""connection_id"": ""BC-4448efa0dd8fd9bb2027""}]"
WLC:Ps.7.18	strong	tevrat	motif|soydas	praise of YHWH Most High | ʿElyon and al-Aʿlā	The commentary opens by joining praise of the Lord's name to exalted height; this psalm closes its prayer by singing to YHWH's name as Most High, giving a close liturgical counterpart. | The commentary's al-Aʿlā and this verse's Hebrew ʿElyon are cognate Semitic forms for “Most High”; the psalm uses the title while praising YHWH's name.	sec18	"[{""line"": 1, ""strength"": ""strong"", ""tradition"": ""tevrat"", ""kind"": ""motif"", ""ref"": ""WLC:Ps.7.18"", ""basis"": ""praise of YHWH Most High"", ""note"": ""The commentary opens by joining praise of the Lord's name to exalted height; this psalm closes its prayer by singing to YHWH's name as Most High, giving a close liturgical counterpart."", ""turn"": 1, ""model"": ""luna"", ""connection_id"": ""BC-478f9154cdb77cbad680""}, {""line"": 2, ""strength"": ""strong"", ""tradition"": ""tevrat"", ""kind"": ""soydas"", ""ref"": ""WLC:Ps.7.18"", ""basis"": ""ʿElyon and al-Aʿlā"", ""note"": ""The commentary's al-Aʿlā and this verse's Hebrew ʿElyon are cognate Semitic forms for “Most High”; the psalm uses the title while praising YHWH's name."", ""turn"": 1, ""model"": ""luna"", ""connection_id"": ""BC-5b7b57ab0bb40b18fba0""}]"
WLC:Ps.90.7	medium	tevrat	motif	grass withers by evening	The commentary treats withering pasture as the passing worldly life; the psalm says grass flourishes in the morning and fades by evening, an explicit human-time image without the commentary's later-life contrast.	sec18	"[{""line"": 113, ""strength"": ""medium"", ""tradition"": ""tevrat"", ""kind"": ""motif"", ""ref"": ""WLC:Ps.90.7"", ""basis"": ""grass withers by evening"", ""note"": ""The commentary treats withering pasture as the passing worldly life; the psalm says grass flourishes in the morning and fades by evening, an explicit human-time image without the commentary's later-life contrast."", ""turn"": 2, ""model"": ""luna"", ""connection_id"": ""BC-6e6d9aca2af21a548836""}]"
WLC:Ps.92.14	strong	tevrat	motif	righteous planted in God's house	The commentary opposes drying pasture to the cultivated field that keeps producing; the psalm pictures the righteous planted in God's courts, grounding the contrasting growth in worship.	sec18	"[{""line"": 88, ""strength"": ""strong"", ""tradition"": ""tevrat"", ""kind"": ""motif"", ""ref"": ""WLC:Ps.92.14"", ""basis"": ""righteous planted in God's house"", ""note"": ""The commentary opposes drying pasture to the cultivated field that keeps producing; the psalm pictures the righteous planted in God's courts, grounding the contrasting growth in worship."", ""turn"": 2, ""model"": ""luna"", ""connection_id"": ""BC-4922da23b6b443b52277""}]"
WLC:Ps.92.15	strong	tevrat	motif	fruit in old age	The commentary says lasting good grows and leaves a remainder; the psalm says the righteous still bear fruit in old age, a pointed image of yield that persists beyond ordinary seasons.	sec18	"[{""line"": 89, ""strength"": ""strong"", ""tradition"": ""tevrat"", ""kind"": ""motif"", ""ref"": ""WLC:Ps.92.15"", ""basis"": ""fruit in old age"", ""note"": ""The commentary says lasting good grows and leaves a remainder; the psalm says the righteous still bear fruit in old age, a pointed image of yield that persists beyond ordinary seasons."", ""turn"": 2, ""model"": ""luna"", ""connection_id"": ""BC-5a35704a41e9b8812c4c""}]"
WLC:Ps.92.8	strong	tevrat	motif	wicked flourish like grass	The commentary says the preferred worldly life is the withering pasture; the psalm says the wicked sprout like grass only to be destroyed, while the righteous are later pictured as flourishing trees.	sec18	"[{""line"": 87, ""strength"": ""strong"", ""tradition"": ""tevrat"", ""kind"": ""motif"", ""ref"": ""WLC:Ps.92.8"", ""basis"": ""wicked flourish like grass"", ""note"": ""The commentary says the preferred worldly life is the withering pasture; the psalm says the wicked sprout like grass only to be destroyed, while the righteous are later pictured as flourishing trees."", ""turn"": 2, ""model"": ""luna"", ""connection_id"": ""BC-30b5b3102fe46204ba3c""}]"
WLC:Zech.13.9	strong	tevrat	motif	A remnant refined by fire and calling God's name	God brings a remnant through fire, refines it, and answers when it calls the divine name, closely coupling fire, purification, name, and responsive relationship.	sec18	"[{""line"": 162, ""strength"": ""strong"", ""tradition"": ""tevrat"", ""kind"": ""motif"", ""ref"": ""WLC:Zech.13.9"", ""basis"": ""A remnant refined by fire and calling God's name"", ""note"": ""God brings a remnant through fire, refines it, and answers when it calls the divine name, closely coupling fire, purification, name, and responsive relationship."", ""turn"": 2, ""model"": ""terra"", ""connection_id"": ""BC-ab3e3c188725d229331b""}]"
Wisdom of Solomon 11:20	strong	tevrat	motif	all things by measure | All things arranged by measure, number, and weight	The commentary links measured water and the creator's measuring; Wisdom says God ordered all things by measure, number, and weight, extending that ordering to creation as a whole. | This Jewish wisdom formula directly parallels the commentary's repeated movement from measured water to a created order apportioned by God.	sec18	"[{""line"": 38, ""strength"": ""strong"", ""tradition"": ""tevrat"", ""kind"": ""motif"", ""ref"": ""Wisdom of Solomon 11:20"", ""basis"": ""all things by measure"", ""note"": ""The commentary links measured water and the creator's measuring; Wisdom says God ordered all things by measure, number, and weight, extending that ordering to creation as a whole."", ""turn"": 1, ""model"": ""luna"", ""connection_id"": ""BC-7ac786b08f93c7bd5bdc""}, {""line"": 38, ""strength"": ""strong"", ""tradition"": ""tevrat"", ""kind"": ""motif"", ""ref"": ""Wisdom of Solomon 11:20"", ""basis"": ""All things arranged by measure, number, and weight"", ""note"": ""This Jewish wisdom formula directly parallels the commentary's repeated movement from measured water to a created order apportioned by God."", ""turn"": 1, ""model"": ""terra"", ""connection_id"": ""BC-2a0f2dfd09a857dc6294""}]"
Wisdom of Solomon 17:7	strong	tevrat	yorum_gelenegi	Egyptian magic publicly disgraced	Wisdom presents the Egyptian magic arts as shamed during the plague darkness, a Jewish expansion of the Moses-versus-magicians setting that makes magical competence fail before God's act.	sec18	"[{""line"": 14, ""strength"": ""strong"", ""tradition"": ""tevrat"", ""kind"": ""yorum_gelenegi"", ""ref"": ""Wisdom of Solomon 17:7"", ""basis"": ""Egyptian magic publicly disgraced"", ""note"": ""Wisdom presents the Egyptian magic arts as shamed during the plague darkness, a Jewish expansion of the Moses-versus-magicians setting that makes magical competence fail before God's act."", ""turn"": 1, ""model"": ""terra"", ""connection_id"": ""BC-db871c779ab8bfe2e70a""}]"
Wisdom of Solomon 3:1	strong	tevrat	motif	The righteous beyond torment	The righteous are in God's hand and no torment touches them, providing a Jewish wisdom contrast to the commentary's person destined for the great fire.	sec18	"[{""line"": 93, ""strength"": ""strong"", ""tradition"": ""tevrat"", ""kind"": ""motif"", ""ref"": ""Wisdom of Solomon 3:1"", ""basis"": ""The righteous beyond torment"", ""note"": ""The righteous are in God's hand and no torment touches them, providing a Jewish wisdom contrast to the commentary's person destined for the great fire."", ""turn"": 1, ""model"": ""terra"", ""connection_id"": ""BC-ed6ff2bdc1925e341d41""}]"
Wisdom of Solomon 3:4	strong	tevrat	motif	hope of immortality	The commentary calls the hereafter better and more abiding than worldly life; Wisdom says the righteous dead are at peace and have hope full of immortality, giving that endurance a Jewish wisdom formulation.	sec18	"[{""line"": 93, ""strength"": ""strong"", ""tradition"": ""tevrat"", ""kind"": ""motif"", ""ref"": ""Wisdom of Solomon 3:4"", ""basis"": ""hope of immortality"", ""note"": ""The commentary calls the hereafter better and more abiding than worldly life; Wisdom says the righteous dead are at peace and have hope full of immortality, giving that endurance a Jewish wisdom formulation."", ""turn"": 2, ""model"": ""luna"", ""connection_id"": ""BC-e6d00dbef64b03fd36ef""}]"
Wisdom of Solomon 7:1	strong	tevrat	motif	A mortal shaped in a mother's womb	Wisdom describes ordinary human formation in the womb from earthly mortality, a Jewish literary counterpart to the commentary's womb-to-earth connection.	sec18	"[{""line"": 64, ""strength"": ""strong"", ""tradition"": ""tevrat"", ""kind"": ""motif"", ""ref"": ""Wisdom of Solomon 7:1"", ""basis"": ""A mortal shaped in a mother's womb"", ""note"": ""Wisdom describes ordinary human formation in the womb from earthly mortality, a Jewish literary counterpart to the commentary's womb-to-earth connection."", ""turn"": 1, ""model"": ""terra"", ""connection_id"": ""BC-d1bbce55025ee7c602da""}]"
Yoma 28b	strong	tevrat	yorum_gelenegi	Abraham observed Torah before its giving	The Talmud reads Genesis 26:5 as Abraham's fulfillment of the whole Torah before Sinai, a major Jewish interpretation beside the commentary's Abrahamic pages.	sec18	"[{""line"": 101, ""strength"": ""strong"", ""tradition"": ""tevrat"", ""kind"": ""yorum_gelenegi"", ""ref"": ""Yoma 28b"", ""basis"": ""Abraham observed Torah before its giving"", ""note"": ""The Talmud reads Genesis 26:5 as Abraham's fulfillment of the whole Torah before Sinai, a major Jewish interpretation beside the commentary's Abrahamic pages."", ""turn"": 1, ""model"": ""terra"", ""connection_id"": ""BC-76d58374de5858c0626d""}]"
