ref	tier	tradition	kinds	basis	explanations	target	evidence
Augustine, Confessions 10.8.12	medium	incil	yorum_gelenegi	fields and palaces of memory	Augustine's image of memory as a vast interior storehouse gives a Christian interpretive companion to the commentary's container imagery for what is held, retrieved, or dropped.	sec12	"[{""line"": 90, ""strength"": ""medium"", ""tradition"": ""incil"", ""kind"": ""yorum_gelenegi"", ""ref"": ""Augustine, Confessions 10.8.12"", ""basis"": ""fields and palaces of memory"", ""note"": ""Augustine's image of memory as a vast interior storehouse gives a Christian interpretive companion to the commentary's container imagery for what is held, retrieved, or dropped."", ""turn"": 1, ""model"": ""terra"", ""connection_id"": ""BC-f078151d788dedf2b5fc""}]"
Augustine, Confessions X.18.27	medium	incil	motif	searching memory for what has been lost	The commentary defines recollection as seeking what has slipped away; Augustine describes searching memory for a lost item, giving that definition an introspective account.	sec12	"[{""line"": 45, ""strength"": ""medium"", ""tradition"": ""incil"", ""kind"": ""motif"", ""ref"": ""Augustine, Confessions X.18.27"", ""basis"": ""searching memory for what has been lost"", ""note"": ""The commentary defines recollection as seeking what has slipped away; Augustine describes searching memory for a lost item, giving that definition an introspective account."", ""turn"": 1, ""model"": ""luna"", ""connection_id"": ""BC-6e361c8816004930bf02""}]"
Augustine, Confessions X.8.12	medium	incil	motif	memory as capacious halls and treasuries	The commentary pictures memory as a sequence of containers holding what is entrusted; Augustine describes memory as immense halls containing innumerable images, a close account of memory as a storehouse.	sec12	"[{""line"": 44, ""strength"": ""medium"", ""tradition"": ""incil"", ""kind"": ""motif"", ""ref"": ""Augustine, Confessions X.8.12"", ""basis"": ""memory as capacious halls and treasuries"", ""note"": ""The commentary pictures memory as a sequence of containers holding what is entrusted; Augustine describes memory as immense halls containing innumerable images, a close account of memory as a storehouse."", ""turn"": 1, ""model"": ""luna"", ""connection_id"": ""BC-f9290d60cc5d50cab6bf""}]"
Basil, On the Holy Spirit 27.66	medium	incil	yorum_gelenegi	written teaching and unwritten apostolic tradition	Basil distinguishes church teaching received from writing from teaching transmitted through unwritten apostolic tradition, a later Christian framework that complicates any simple equation of preserved revelation with pages alone.	sec12	"[{""line"": 111, ""strength"": ""medium"", ""tradition"": ""incil"", ""kind"": ""yorum_gelenegi"", ""ref"": ""Basil, On the Holy Spirit 27.66"", ""basis"": ""written teaching and unwritten apostolic tradition"", ""note"": ""Basil distinguishes church teaching received from writing from teaching transmitted through unwritten apostolic tradition, a later Christian framework that complicates any simple equation of preserved revelation with pages alone."", ""turn"": 2, ""model"": ""terra"", ""connection_id"": ""BC-7f0ad03e9bfe99cd623c""}]"
Eusebius, Ecclesiastical History 3.39.4	medium	incil	karsi_anlati	Papias prefers the living voice to information from books	Papias' reported preference for remembered living testimony over books gives a Christian counter-emphasis: the commentary joins memory to sheets, whereas this reception tradition privileges living recall over written repositories.	sec12	"[{""line"": 110, ""strength"": ""medium"", ""tradition"": ""incil"", ""kind"": ""karsi_anlati"", ""ref"": ""Eusebius, Ecclesiastical History 3.39.4"", ""basis"": ""Papias prefers the living voice to information from books"", ""note"": ""Papias' reported preference for remembered living testimony over books gives a Christian counter-emphasis: the commentary joins memory to sheets, whereas this reception tradition privileges living recall over written repositories."", ""turn"": 2, ""model"": ""terra"", ""connection_id"": ""BC-7c1be4fdf9a9a5b70182""}]"
SBLGNT:1Cor.15.3	strong	incil	motif	Paul delivers what he received, according to Scripture | what was received is delivered onward	The commentary notes a secondary sense of transmitting a report from another; Paul says he handed on what he had received and frames the message as occurring according to Scripture. | Paul's received-and-delivered formula is a precise early Christian transmission chain for the commentary's sense of passing on a report from another.	sec12	"[{""line"": 69, ""strength"": ""strong"", ""tradition"": ""incil"", ""kind"": ""motif"", ""ref"": ""SBLGNT:1Cor.15.3"", ""basis"": ""Paul delivers what he received, according to Scripture"", ""note"": ""The commentary notes a secondary sense of transmitting a report from another; Paul says he handed on what he had received and frames the message as occurring according to Scripture."", ""turn"": 2, ""model"": ""luna"", ""connection_id"": ""BC-31a379152b2170a0dceb""}, {""line"": 61, ""strength"": ""strong"", ""tradition"": ""incil"", ""kind"": ""motif"", ""ref"": ""SBLGNT:1Cor.15.3"", ""basis"": ""what was received is delivered onward"", ""note"": ""Paul's received-and-delivered formula is a precise early Christian transmission chain for the commentary's sense of passing on a report from another."", ""turn"": 1, ""model"": ""terra"", ""connection_id"": ""BC-6eda2d575174884b54ea""}]"
SBLGNT:1Cor.3.8	strong	incil	paralel	each receives wages according to personal labor	Paul's reward according to one's own labor closely parallels the commentary's cited content that a person has only what he has striven for.	sec12	"[{""line"": 75, ""strength"": ""strong"", ""tradition"": ""incil"", ""kind"": ""paralel"", ""ref"": ""SBLGNT:1Cor.3.8"", ""basis"": ""each receives wages according to personal labor"", ""note"": ""Paul's reward according to one's own labor closely parallels the commentary's cited content that a person has only what he has striven for."", ""turn"": 1, ""model"": ""terra"", ""connection_id"": ""BC-eafaa4432c336fae0cac""}]"
SBLGNT:1John.2.17	strong	incil	motif|paralel	world passes; the one doing God's will remains | the world passes; God's doer abides forever	The commentary contrasts the preferred worldly life with an afterlife that lasts; John says the world and its desire are passing, while the one who does God's will remains forever. | The world and its desire pass away while the doer of God's will remains forever, directly matching the contrast of worldly preference and endurance.	sec12	"[{""line"": 25, ""strength"": ""strong"", ""tradition"": ""incil"", ""kind"": ""motif"", ""ref"": ""SBLGNT:1John.2.17"", ""basis"": ""world passes; the one doing God's will remains"", ""note"": ""The commentary contrasts the preferred worldly life with an afterlife that lasts; John says the world and its desire are passing, while the one who does God's will remains forever."", ""turn"": 1, ""model"": ""luna"", ""connection_id"": ""BC-aa5cfc0e84e0c5ce3593""}, {""line"": 80, ""strength"": ""strong"", ""tradition"": ""incil"", ""kind"": ""paralel"", ""ref"": ""SBLGNT:1John.2.17"", ""basis"": ""the world passes; God's doer abides forever"", ""note"": ""The world and its desire pass away while the doer of God's will remains forever, directly matching the contrast of worldly preference and endurance."", ""turn"": 1, ""model"": ""terra"", ""connection_id"": ""BC-638da4caef4b8dfc6933""}]"
SBLGNT:1Pet.1.25	strong	incil	paralel	the Lord's word endures and is preached	The Petrine reuse of the enduring-word formula identifies that lasting word with the gospel preached to its readers, combining permanence and proclamation.	sec12	"[{""line"": 103, ""strength"": ""strong"", ""tradition"": ""incil"", ""kind"": ""paralel"", ""ref"": ""SBLGNT:1Pet.1.25"", ""basis"": ""the Lord's word endures and is preached"", ""note"": ""The Petrine reuse of the enduring-word formula identifies that lasting word with the gospel preached to its readers, combining permanence and proclamation."", ""turn"": 2, ""model"": ""terra"", ""connection_id"": ""BC-7a8079ce3b637ce5d496""}]"
SBLGNT:1Tim.4.13	strong	incil	paralel	public reading, exhortation, and teaching	The triad makes public reading serve exhortation and teaching, placing Christian practice beside the commentary's joined recitation and reminder.	sec12	"[{""line"": 66, ""strength"": ""strong"", ""tradition"": ""incil"", ""kind"": ""paralel"", ""ref"": ""SBLGNT:1Tim.4.13"", ""basis"": ""public reading, exhortation, and teaching"", ""note"": ""The triad makes public reading serve exhortation and teaching, placing Christian practice beside the commentary's joined recitation and reminder."", ""turn"": 1, ""model"": ""terra"", ""connection_id"": ""BC-e313dd1d240588bfb6cd""}]"
SBLGNT:2Cor.3.3	strong	incil	motif	community is a letter written by the Spirit on hearts | Christ's letter written on hearts	The commentary joins human retention to written pages; Paul calls the community a letter of Christ written not in ink but by the Spirit on human hearts. | Paul contrasts ink and stone with the Spirit's writing on human hearts, a Christian reworking of the commentary's relation between held memory and written sheets.	sec12	"[{""line"": 82, ""strength"": ""medium"", ""tradition"": ""incil"", ""kind"": ""motif"", ""ref"": ""SBLGNT:2Cor.3.3"", ""basis"": ""community is a letter written by the Spirit on hearts"", ""note"": ""The commentary joins human retention to written pages; Paul calls the community a letter of Christ written not in ink but by the Spirit on human hearts."", ""turn"": 2, ""model"": ""luna"", ""connection_id"": ""BC-12c287d37e1a8aa721b6""}, {""line"": 69, ""strength"": ""strong"", ""tradition"": ""incil"", ""kind"": ""motif"", ""ref"": ""SBLGNT:2Cor.3.3"", ""basis"": ""Christ's letter written on hearts"", ""note"": ""Paul contrasts ink and stone with the Spirit's writing on human hearts, a Christian reworking of the commentary's relation between held memory and written sheets."", ""turn"": 1, ""model"": ""terra"", ""connection_id"": ""BC-08492587cc282999e46e""}]"
SBLGNT:2Cor.4.18	strong	incil	motif|paralel	visible things are temporary, unseen things eternal | seen things temporary; unseen things eternal	The commentary contrasts the chosen present life with what endures; Paul distinguishes what is seen and temporary from what is unseen and eternal. | The visible-temporary versus invisible-eternal contrast states the same valuation pattern developed around 87:16-17.	sec12	"[{""line"": 40, ""strength"": ""medium"", ""tradition"": ""incil"", ""kind"": ""motif"", ""ref"": ""SBLGNT:2Cor.4.18"", ""basis"": ""visible things are temporary, unseen things eternal"", ""note"": ""The commentary contrasts the chosen present life with what endures; Paul distinguishes what is seen and temporary from what is unseen and eternal."", ""turn"": 1, ""model"": ""luna"", ""connection_id"": ""BC-60bef6f7db26a56a6277""}, {""line"": 78, ""strength"": ""strong"", ""tradition"": ""incil"", ""kind"": ""paralel"", ""ref"": ""SBLGNT:2Cor.4.18"", ""basis"": ""seen things temporary; unseen things eternal"", ""note"": ""The visible-temporary versus invisible-eternal contrast states the same valuation pattern developed around 87:16-17."", ""turn"": 1, ""model"": ""terra"", ""connection_id"": ""BC-b1dfd4b634039082e609""}]"
SBLGNT:2Cor.5.10	strong	incil	paralel	each receives what was done in the body	Universal appearance before Christ's judgment seat gives the individual recompense setting behind the commentary's sheets-of-Moses-and-Abraham ethics.	sec12	"[{""line"": 76, ""strength"": ""strong"", ""tradition"": ""incil"", ""kind"": ""paralel"", ""ref"": ""SBLGNT:2Cor.5.10"", ""basis"": ""each receives what was done in the body"", ""note"": ""Universal appearance before Christ's judgment seat gives the individual recompense setting behind the commentary's sheets-of-Moses-and-Abraham ethics."", ""turn"": 1, ""model"": ""terra"", ""connection_id"": ""BC-6e488ea00c66fc4b5fae""}]"
SBLGNT:2Pet.1.13	medium	incil	motif	stirring readers by way of reminder	The commentary says reminder brings a needed matter back to mind; Peter explicitly describes his writing as stirring readers up by reminding them while he is still alive.	sec12	"[{""line"": 35, ""strength"": ""medium"", ""tradition"": ""incil"", ""kind"": ""motif"", ""ref"": ""SBLGNT:2Pet.1.13"", ""basis"": ""stirring readers by way of reminder"", ""note"": ""The commentary says reminder brings a needed matter back to mind; Peter explicitly describes his writing as stirring readers up by reminding them while he is still alive."", ""turn"": 1, ""model"": ""luna"", ""connection_id"": ""BC-8f685c85cc1179fa74a1""}]"
SBLGNT:2Pet.1.15	strong	incil	motif	recall after the speaker's departure | provision for recall after the speaker's departure	The commentary connects reminder with retrieving what has passed and pages that preserve teaching; Peter writes so his readers can recall these things after his death. | The author seeks to ensure that readers can recall the teaching after his death, making durable remembrance a stated literary purpose.	sec12	"[{""line"": 19, ""strength"": ""strong"", ""tradition"": ""incil"", ""kind"": ""motif"", ""ref"": ""SBLGNT:2Pet.1.15"", ""basis"": ""recall after the speaker's departure"", ""note"": ""The commentary connects reminder with retrieving what has passed and pages that preserve teaching; Peter writes so his readers can recall these things after his death."", ""turn"": 1, ""model"": ""luna"", ""connection_id"": ""BC-7269f0c4d6aeebce99ea""}, {""line"": 59, ""strength"": ""strong"", ""tradition"": ""incil"", ""kind"": ""motif"", ""ref"": ""SBLGNT:2Pet.1.15"", ""basis"": ""provision for recall after the speaker's departure"", ""note"": ""The author seeks to ensure that readers can recall the teaching after his death, making durable remembrance a stated literary purpose."", ""turn"": 1, ""model"": ""terra"", ""connection_id"": ""BC-98f48a38a0398f352b5f""}]"
SBLGNT:2Pet.3.2	strong	incil	motif	remember prophets' words and apostolic command	The letter explicitly asks readers to recall former prophetic speech and the apostolic command, joining old writings and present exhortation.	sec12	"[{""line"": 58, ""strength"": ""strong"", ""tradition"": ""incil"", ""kind"": ""motif"", ""ref"": ""SBLGNT:2Pet.3.2"", ""basis"": ""remember prophets' words and apostolic command"", ""note"": ""The letter explicitly asks readers to recall former prophetic speech and the apostolic command, joining old writings and present exhortation."", ""turn"": 1, ""model"": ""terra"", ""connection_id"": ""BC-68e8ed7d25f221ffe20a""}]"
SBLGNT:2Thess.2.15	strong	incil	motif	hold teaching received by spoken word or letter | hold traditions taught by word or letter	The commentary traces recitation into written pages and notes a root sense of transmitted report; Paul tells the community to hold traditions delivered either orally or by letter. | The command explicitly joins oral teaching and written letter as forms of retained tradition, directly comparable to recitation becoming pages.	sec12	"[{""line"": 37, ""strength"": ""medium"", ""tradition"": ""incil"", ""kind"": ""motif"", ""ref"": ""SBLGNT:2Thess.2.15"", ""basis"": ""hold teaching received by spoken word or letter"", ""note"": ""The commentary traces recitation into written pages and notes a root sense of transmitted report; Paul tells the community to hold traditions delivered either orally or by letter."", ""turn"": 1, ""model"": ""luna"", ""connection_id"": ""BC-6cc7c6c998caa4c5ef61""}, {""line"": 63, ""strength"": ""strong"", ""tradition"": ""incil"", ""kind"": ""motif"", ""ref"": ""SBLGNT:2Thess.2.15"", ""basis"": ""hold traditions taught by word or letter"", ""note"": ""The command explicitly joins oral teaching and written letter as forms of retained tradition, directly comparable to recitation becoming pages."", ""turn"": 1, ""model"": ""terra"", ""connection_id"": ""BC-db28f1707809a02eade2""}]"
SBLGNT:2Tim.1.14	strong	incil	motif	guard the good deposit entrusted to you | guard the good deposit	The commentary defines forgetting as failing to keep what was entrusted; Paul tells Timothy to guard the entrusted deposit through the Holy Spirit. | The entrusted teaching is to be guarded through the Holy Spirit, a close Christian analogue to the commentary's definition of forgetting as failing to hold an entrusted thing.	sec12	"[{""line"": 68, ""strength"": ""strong"", ""tradition"": ""incil"", ""kind"": ""motif"", ""ref"": ""SBLGNT:2Tim.1.14"", ""basis"": ""guard the good deposit entrusted to you"", ""note"": ""The commentary defines forgetting as failing to keep what was entrusted; Paul tells Timothy to guard the entrusted deposit through the Holy Spirit."", ""turn"": 2, ""model"": ""luna"", ""connection_id"": ""BC-861702a5b17d3eaacd60""}, {""line"": 54, ""strength"": ""strong"", ""tradition"": ""incil"", ""kind"": ""motif"", ""ref"": ""SBLGNT:2Tim.1.14"", ""basis"": ""guard the good deposit"", ""note"": ""The entrusted teaching is to be guarded through the Holy Spirit, a close Christian analogue to the commentary's definition of forgetting as failing to hold an entrusted thing."", ""turn"": 1, ""model"": ""terra"", ""connection_id"": ""BC-dda45173d61fd367e966""}]"
SBLGNT:2Tim.2.2	strong	incil	motif	heard teaching entrusted through further teachers	What Timothy heard is entrusted to reliable people who will teach others, making preservation a multi-generation oral chain.	sec12	"[{""line"": 62, ""strength"": ""strong"", ""tradition"": ""incil"", ""kind"": ""motif"", ""ref"": ""SBLGNT:2Tim.2.2"", ""basis"": ""heard teaching entrusted through further teachers"", ""note"": ""What Timothy heard is entrusted to reliable people who will teach others, making preservation a multi-generation oral chain."", ""turn"": 1, ""model"": ""terra"", ""connection_id"": ""BC-743e9f5c9b4899a36138""}]"
SBLGNT:2Tim.3.15	medium	incil	motif	Timothy has known sacred writings since childhood	The commentary identifies Moses' pages as a source of teaching; Paul points to Timothy's childhood familiarity with sacred writings and their power to make him wise for salvation.	sec12	"[{""line"": 80, ""strength"": ""medium"", ""tradition"": ""incil"", ""kind"": ""motif"", ""ref"": ""SBLGNT:2Tim.3.15"", ""basis"": ""Timothy has known sacred writings since childhood"", ""note"": ""The commentary identifies Moses' pages as a source of teaching; Paul points to Timothy's childhood familiarity with sacred writings and their power to make him wise for salvation."", ""turn"": 2, ""model"": ""luna"", ""connection_id"": ""BC-1d6c74818b228e989b55""}]"
SBLGNT:2Tim.4.13	strong	incil	motif	books and especially parchments	Paul's request for books and parchments gives a concrete Christian reference for the commentary's material sheets of skin or parchment.	sec12	"[{""line"": 73, ""strength"": ""strong"", ""tradition"": ""incil"", ""kind"": ""motif"", ""ref"": ""SBLGNT:2Tim.4.13"", ""basis"": ""books and especially parchments"", ""note"": ""Paul's request for books and parchments gives a concrete Christian reference for the commentary's material sheets of skin or parchment."", ""turn"": 1, ""model"": ""terra"", ""connection_id"": ""BC-c5e29f26fd187bfe9584""}]"
SBLGNT:Acts.15.21	strong	incil	paralel	Moses read in synagogues every Sabbath from ancient generations	James describes Moses as publicly read every Sabbath in city synagogues, a New Testament witness to the continuing recitation of an ancient Mosaic written legacy.	sec12	"[{""line"": 99, ""strength"": ""strong"", ""tradition"": ""incil"", ""kind"": ""paralel"", ""ref"": ""SBLGNT:Acts.15.21"", ""basis"": ""Moses read in synagogues every Sabbath from ancient generations"", ""note"": ""James describes Moses as publicly read every Sabbath in city synagogues, a New Testament witness to the continuing recitation of an ancient Mosaic written legacy."", ""turn"": 2, ""model"": ""terra"", ""connection_id"": ""BC-f09dbb414fc4a7f833a3""}]"
SBLGNT:Col.3.16	strong	incil	motif	word dwelling richly through teaching and admonition	The indwelling word produces reciprocal teaching and admonition, a communal version of 87:9's beneficial reminder.	sec12	"[{""line"": 65, ""strength"": ""strong"", ""tradition"": ""incil"", ""kind"": ""motif"", ""ref"": ""SBLGNT:Col.3.16"", ""basis"": ""word dwelling richly through teaching and admonition"", ""note"": ""The indwelling word produces reciprocal teaching and admonition, a communal version of 87:9's beneficial reminder."", ""turn"": 1, ""model"": ""terra"", ""connection_id"": ""BC-c58e4f808ef6d4dc44ca""}]"
SBLGNT:Col.4.16	medium	incil	motif	letters read and exchanged between churches	A letter is read in one church and exchanged for reading in another, a concrete case of written teaching being circulated rather than left as an isolated page.	sec12	"[{""line"": 83, ""strength"": ""medium"", ""tradition"": ""incil"", ""kind"": ""motif"", ""ref"": ""SBLGNT:Col.4.16"", ""basis"": ""letters read and exchanged between churches"", ""note"": ""A letter is read in one church and exchanged for reading in another, a concrete case of written teaching being circulated rather than left as an isolated page."", ""turn"": 1, ""model"": ""terra"", ""connection_id"": ""BC-d3d6379444b198b82e10""}]"
SBLGNT:Gal.3.17	medium	incil	karsi_anlati	Abrahamic covenant temporally distinguished from later law	Paul's argument separates the Abrahamic promise from the law arriving 430 years later, a different ordering of Abraham and Moses that must remain visible beside 87:18-19's paired sheets.	sec12	"[{""line"": 86, ""strength"": ""medium"", ""tradition"": ""incil"", ""kind"": ""karsi_anlati"", ""ref"": ""SBLGNT:Gal.3.17"", ""basis"": ""Abrahamic covenant temporally distinguished from later law"", ""note"": ""Paul's argument separates the Abrahamic promise from the law arriving 430 years later, a different ordering of Abraham and Moses that must remain visible beside 87:18-19's paired sheets."", ""turn"": 1, ""model"": ""terra"", ""connection_id"": ""BC-3653a99d16ee72468493""}]"
SBLGNT:Gal.3.8	strong	incil	yorum_gelenegi	Scripture announces good news beforehand to Abraham | Scripture proclaims good news beforehand to Abraham	The commentary says its message is already in Abraham's and Moses' pages; Paul reads Abraham's promise as Scripture's prior announcement of the gospel to the nations. | Paul reads the Abrahamic promise as Scripture's advance proclamation of the gospel; it supplies a Christian interpretive analogue, rather than literal Abrahamic pages, for ancient Abrahamic revelation.	sec12	"[{""line"": 20, ""strength"": ""strong"", ""tradition"": ""incil"", ""kind"": ""yorum_gelenegi"", ""ref"": ""SBLGNT:Gal.3.8"", ""basis"": ""Scripture announces good news beforehand to Abraham"", ""note"": ""The commentary says its message is already in Abraham's and Moses' pages; Paul reads Abraham's promise as Scripture's prior announcement of the gospel to the nations."", ""turn"": 1, ""model"": ""luna"", ""connection_id"": ""BC-3d80b65865e18e0d45ab""}, {""line"": 85, ""strength"": ""medium"", ""tradition"": ""incil"", ""kind"": ""yorum_gelenegi"", ""ref"": ""SBLGNT:Gal.3.8"", ""basis"": ""Scripture proclaims good news beforehand to Abraham"", ""note"": ""Paul reads the Abrahamic promise as Scripture's advance proclamation of the gospel; it supplies a Christian interpretive analogue, rather than literal Abrahamic pages, for ancient Abrahamic revelation."", ""turn"": 1, ""model"": ""terra"", ""connection_id"": ""BC-71e9597e992f3f86de6b""}]"
SBLGNT:Gal.6.2	medium	incil	karsi_anlati	command to bear one another's burdens	The commentary quotes a rule against one person carrying another's burden; Paul commands mutual burden-bearing, a real ethical counterpoint whose context is helping someone caught in transgression.	sec12	"[{""line"": 38, ""strength"": ""medium"", ""tradition"": ""incil"", ""kind"": ""karsi_anlati"", ""ref"": ""SBLGNT:Gal.6.2"", ""basis"": ""command to bear one another's burdens"", ""note"": ""The commentary quotes a rule against one person carrying another's burden; Paul commands mutual burden-bearing, a real ethical counterpoint whose context is helping someone caught in transgression."", ""turn"": 1, ""model"": ""luna"", ""connection_id"": ""BC-81905f4f1eed2690253a""}]"
SBLGNT:Gal.6.5	strong	incil	paralel	each person carries their own load | each person bears his own load	The commentary cites the rule that no bearer carries another's burden; Paul says each person will carry their own load, though his surrounding discussion distinguishes this from helping others in trouble. | Paul's individual load supplies a direct New Testament comparator to the commentary's cited earlier-sheet claim that no bearer bears another's burden.	sec12	"[{""line"": 27, ""strength"": ""strong"", ""tradition"": ""incil"", ""kind"": ""paralel"", ""ref"": ""SBLGNT:Gal.6.5"", ""basis"": ""each person carries their own load"", ""note"": ""The commentary cites the rule that no bearer carries another's burden; Paul says each person will carry their own load, though his surrounding discussion distinguishes this from helping others in trouble."", ""turn"": 1, ""model"": ""luna"", ""connection_id"": ""BC-9d9f999ad95e55ae2ca9""}, {""line"": 74, ""strength"": ""strong"", ""tradition"": ""incil"", ""kind"": ""paralel"", ""ref"": ""SBLGNT:Gal.6.5"", ""basis"": ""each person bears his own load"", ""note"": ""Paul's individual load supplies a direct New Testament comparator to the commentary's cited earlier-sheet claim that no bearer bears another's burden."", ""turn"": 1, ""model"": ""terra"", ""connection_id"": ""BC-5533229b0af05f0a4a43""}]"
SBLGNT:Heb.11.26	strong	incil	motif|paralel	Moses values reward above Egypt's treasure | Moses values future reward above Egypt's wealth	The commentary names Moses after rejecting worldly preference; Hebrews says Moses counted reproach greater wealth than Egypt's treasures because he looked to the reward. | Moses judges reproach for the Messiah greater wealth than Egypt's treasures because he looks to reward, a particularly apt Mosaic comparison for 87:16-19.	sec12	"[{""line"": 26, ""strength"": ""strong"", ""tradition"": ""incil"", ""kind"": ""motif"", ""ref"": ""SBLGNT:Heb.11.26"", ""basis"": ""Moses values reward above Egypt's treasure"", ""note"": ""The commentary names Moses after rejecting worldly preference; Hebrews says Moses counted reproach greater wealth than Egypt's treasures because he looked to the reward."", ""turn"": 1, ""model"": ""luna"", ""connection_id"": ""BC-c7d6c3595a8d175f8e05""}, {""line"": 79, ""strength"": ""strong"", ""tradition"": ""incil"", ""kind"": ""paralel"", ""ref"": ""SBLGNT:Heb.11.26"", ""basis"": ""Moses values future reward above Egypt's wealth"", ""note"": ""Moses judges reproach for the Messiah greater wealth than Egypt's treasures because he looks to reward, a particularly apt Mosaic comparison for 87:16-19."", ""turn"": 1, ""model"": ""terra"", ""connection_id"": ""BC-a220f2b33a3aeb441290""}]"
SBLGNT:Heb.6.10	strong	incil	paralel	God does not forget faithful work	God's refusal to forget service makes divine non-forgetting an ethical and judicial claim beside the commentary's Lord who neither strays nor forgets.	sec12	"[{""line"": 55, ""strength"": ""strong"", ""tradition"": ""incil"", ""kind"": ""paralel"", ""ref"": ""SBLGNT:Heb.6.10"", ""basis"": ""God does not forget faithful work"", ""note"": ""God's refusal to forget service makes divine non-forgetting an ethical and judicial claim beside the commentary's Lord who neither strays nor forgets."", ""turn"": 1, ""model"": ""terra"", ""connection_id"": ""BC-cf80f7cb30db0d3de4ff""}]"
SBLGNT:Heb.8.10	strong	incil	motif	law placed in minds and written on hearts | laws put in minds and written on hearts	The commentary moves between retained memory and pages; Hebrews quotes a covenant promise that God's laws will be placed in minds and written on hearts. | The new-covenant citation makes divine law both mentally placed and internally written, closely paralleling the commentary's movement from memory to inscription.	sec12	"[{""line"": 81, ""strength"": ""medium"", ""tradition"": ""incil"", ""kind"": ""motif"", ""ref"": ""SBLGNT:Heb.8.10"", ""basis"": ""law placed in minds and written on hearts"", ""note"": ""The commentary moves between retained memory and pages; Hebrews quotes a covenant promise that God's laws will be placed in minds and written on hearts."", ""turn"": 2, ""model"": ""luna"", ""connection_id"": ""BC-fd0dbdd67ddd16e323f5""}, {""line"": 70, ""strength"": ""strong"", ""tradition"": ""incil"", ""kind"": ""motif"", ""ref"": ""SBLGNT:Heb.8.10"", ""basis"": ""laws put in minds and written on hearts"", ""note"": ""The new-covenant citation makes divine law both mentally placed and internally written, closely paralleling the commentary's movement from memory to inscription."", ""turn"": 1, ""model"": ""terra"", ""connection_id"": ""BC-327d6fa305bfd102d67a""}]"
SBLGNT:Jas.1.24	strong	incil	motif	hearer looks and then forgets what he was like | forgetful hearer after looking	The commentary warns that a received thing can be let go; James's forgetful hearer leaves the mirror and immediately forgets, making departure from instruction concrete. | James' hearer immediately forgets after seeing himself, a specific Christian image of received perception that is not retained or acted on.	sec12	"[{""line"": 66, ""strength"": ""strong"", ""tradition"": ""incil"", ""kind"": ""motif"", ""ref"": ""SBLGNT:Jas.1.24"", ""basis"": ""hearer looks and then forgets what he was like"", ""note"": ""The commentary warns that a received thing can be let go; James's forgetful hearer leaves the mirror and immediately forgets, making departure from instruction concrete."", ""turn"": 2, ""model"": ""luna"", ""connection_id"": ""BC-1f511998a4ac1caa4c2b""}, {""line"": 57, ""strength"": ""strong"", ""tradition"": ""incil"", ""kind"": ""motif"", ""ref"": ""SBLGNT:Jas.1.24"", ""basis"": ""forgetful hearer after looking"", ""note"": ""James' hearer immediately forgets after seeing himself, a specific Christian image of received perception that is not retained or acted on."", ""turn"": 1, ""model"": ""terra"", ""connection_id"": ""BC-f25d3b03162f562624c8""}]"
SBLGNT:Jas.1.25	strong	incil	motif	persevering doer looks into the law and is blessed	The commentary links retained remembrance to action; James contrasts the forgetful hearer with one who perseveres in the law and acts, who is blessed.	sec12	"[{""line"": 67, ""strength"": ""strong"", ""tradition"": ""incil"", ""kind"": ""motif"", ""ref"": ""SBLGNT:Jas.1.25"", ""basis"": ""persevering doer looks into the law and is blessed"", ""note"": ""The commentary links retained remembrance to action; James contrasts the forgetful hearer with one who perseveres in the law and acts, who is blessed."", ""turn"": 2, ""model"": ""luna"", ""connection_id"": ""BC-cf4e1802b9fe74227873""}]"
SBLGNT:John.14.26	strong	incil	motif|paralel	Spirit teaches and reminds disciples of Jesus' words | Spirit teaches and reminds disciples	The commentary joins divine teaching to the promise of not forgetting; Jesus says the Spirit will teach the disciples and remind them of what he said. | The Paraclete will teach all things and bring Jesus' words back to memory, directly pairing instruction with divinely secured recollection.	sec12	"[{""line"": 18, ""strength"": ""strong"", ""tradition"": ""incil"", ""kind"": ""motif"", ""ref"": ""SBLGNT:John.14.26"", ""basis"": ""Spirit teaches and reminds disciples of Jesus' words"", ""note"": ""The commentary joins divine teaching to the promise of not forgetting; Jesus says the Spirit will teach the disciples and remind them of what he said."", ""turn"": 1, ""model"": ""luna"", ""connection_id"": ""BC-6b0c99050ada4b90c1cd""}, {""line"": 53, ""strength"": ""strong"", ""tradition"": ""incil"", ""kind"": ""paralel"", ""ref"": ""SBLGNT:John.14.26"", ""basis"": ""Spirit teaches and reminds disciples"", ""note"": ""The Paraclete will teach all things and bring Jesus' words back to memory, directly pairing instruction with divinely secured recollection."", ""turn"": 1, ""model"": ""terra"", ""connection_id"": ""BC-82acd421bb9afaf2eea6""}]"
SBLGNT:John.5.46	strong	incil	yorum_gelenegi	Moses wrote about Jesus | Moses wrote of Jesus	The commentary places its present message in Moses' pages; Jesus interprets Moses' writing as testimony about him, a distinct Christian claim about what those pages contain. | Jesus' claim that Moses wrote about him is a Christian rereading of Mosaic writing that changes what a reader finds in the pages named in 87:19.	sec12	"[{""line"": 21, ""strength"": ""strong"", ""tradition"": ""incil"", ""kind"": ""yorum_gelenegi"", ""ref"": ""SBLGNT:John.5.46"", ""basis"": ""Moses wrote about Jesus"", ""note"": ""The commentary places its present message in Moses' pages; Jesus interprets Moses' writing as testimony about him, a distinct Christian claim about what those pages contain."", ""turn"": 1, ""model"": ""luna"", ""connection_id"": ""BC-db5d3d262a054d9dda8d""}, {""line"": 87, ""strength"": ""medium"", ""tradition"": ""incil"", ""kind"": ""yorum_gelenegi"", ""ref"": ""SBLGNT:John.5.46"", ""basis"": ""Moses wrote of Jesus"", ""note"": ""Jesus' claim that Moses wrote about him is a Christian rereading of Mosaic writing that changes what a reader finds in the pages named in 87:19."", ""turn"": 1, ""model"": ""terra"", ""connection_id"": ""BC-85da1f90c09bedf0d117""}]"
SBLGNT:John.6.12	strong	incil	motif	gather leftover fragments so none is lost	The commentary pictures forgotten matter as dropped remnants and traces a movement toward gathering; Jesus orders the leftover fragments gathered so that none is lost.	sec12	"[{""line"": 16, ""strength"": ""strong"", ""tradition"": ""incil"", ""kind"": ""motif"", ""ref"": ""SBLGNT:John.6.12"", ""basis"": ""gather leftover fragments so none is lost"", ""note"": ""The commentary pictures forgotten matter as dropped remnants and traces a movement toward gathering; Jesus orders the leftover fragments gathered so that none is lost."", ""turn"": 1, ""model"": ""luna"", ""connection_id"": ""BC-59072ddf2f387c817cba""}]"
SBLGNT:Luke.1.2	strong	incil	motif	eyewitnesses deliver the word onward	Luke begins from traditions delivered by eyewitnesses and servants of the word, a narrative account of report transmission before the written Gospel.	sec12	"[{""line"": 64, ""strength"": ""strong"", ""tradition"": ""incil"", ""kind"": ""motif"", ""ref"": ""SBLGNT:Luke.1.2"", ""basis"": ""eyewitnesses deliver the word onward"", ""note"": ""Luke begins from traditions delivered by eyewitnesses and servants of the word, a narrative account of report transmission before the written Gospel."", ""turn"": 1, ""model"": ""terra"", ""connection_id"": ""BC-4e8fd230f32f5df102b2""}]"
SBLGNT:Luke.1.3	strong	incil	motif|paralel	orderly written account compiled from earlier testimony | an orderly written account follows received tradition	The commentary's q-r-ء discussion presents reading as gathering elements together; Luke says he carefully followed the received accounts and writes them in order. | After the eyewitness delivery described in Luke 1:2, the author writes an orderly account; the verse supplies the distinct written outcome of the oral transmission already in view.	sec12	"[{""line"": 70, ""strength"": ""strong"", ""tradition"": ""incil"", ""kind"": ""motif"", ""ref"": ""SBLGNT:Luke.1.3"", ""basis"": ""orderly written account compiled from earlier testimony"", ""note"": ""The commentary's q-r-ء discussion presents reading as gathering elements together; Luke says he carefully followed the received accounts and writes them in order."", ""turn"": 2, ""model"": ""luna"", ""connection_id"": ""BC-387168ac6426db7d2c04""}, {""line"": 100, ""strength"": ""strong"", ""tradition"": ""incil"", ""kind"": ""paralel"", ""ref"": ""SBLGNT:Luke.1.3"", ""basis"": ""an orderly written account follows received tradition"", ""note"": ""After the eyewitness delivery described in Luke 1:2, the author writes an orderly account; the verse supplies the distinct written outcome of the oral transmission already in view."", ""turn"": 2, ""model"": ""terra"", ""connection_id"": ""BC-284426201a55ce462f47""}]"
SBLGNT:Luke.1.4	strong	incil	motif	written account meant to establish certainty about teaching	The commentary's pages preserve what was recited; Luke states that his account is written so Theophilus can know the certainty of what he was taught.	sec12	"[{""line"": 71, ""strength"": ""strong"", ""tradition"": ""incil"", ""kind"": ""motif"", ""ref"": ""SBLGNT:Luke.1.4"", ""basis"": ""written account meant to establish certainty about teaching"", ""note"": ""The commentary's pages preserve what was recited; Luke states that his account is written so Theophilus can know the certainty of what he was taught."", ""turn"": 2, ""model"": ""luna"", ""connection_id"": ""BC-2b770cce6fd37f320f84""}]"
SBLGNT:Luke.15.8	strong	incil	motif	searching for a lost coin until it is found	The commentary defines recollection as seeking what has slipped away; the woman searches carefully for a lost coin, making recovery an active search rather than passive recall.	sec12	"[{""line"": 17, ""strength"": ""strong"", ""tradition"": ""incil"", ""kind"": ""motif"", ""ref"": ""SBLGNT:Luke.15.8"", ""basis"": ""searching for a lost coin until it is found"", ""note"": ""The commentary defines recollection as seeking what has slipped away; the woman searches carefully for a lost coin, making recovery an active search rather than passive recall."", ""turn"": 1, ""model"": ""luna"", ""connection_id"": ""BC-3c135238c3fa5b9f040a""}]"
SBLGNT:Luke.22.19	strong	incil	motif	ritual meal performed in remembrance | do this in remembrance of me	The commentary places remembrance of the Lord's name immediately before prayer; Jesus tells disciples to repeat a meal in remembrance of him, a distinct Christian liturgical act built around remembrance. | The meal command turns remembrance into a repeated communal act, a concrete Christian counterpart to the commentary's reminder as an instrument of recall.	sec12	"[{""line"": 36, ""strength"": ""medium"", ""tradition"": ""incil"", ""kind"": ""motif"", ""ref"": ""SBLGNT:Luke.22.19"", ""basis"": ""ritual meal performed in remembrance"", ""note"": ""The commentary places remembrance of the Lord's name immediately before prayer; Jesus tells disciples to repeat a meal in remembrance of him, a distinct Christian liturgical act built around remembrance."", ""turn"": 1, ""model"": ""luna"", ""connection_id"": ""BC-94d8416d258f23ba9520""}, {""line"": 60, ""strength"": ""strong"", ""tradition"": ""incil"", ""kind"": ""motif"", ""ref"": ""SBLGNT:Luke.22.19"", ""basis"": ""do this in remembrance of me"", ""note"": ""The meal command turns remembrance into a repeated communal act, a concrete Christian counterpart to the commentary's reminder as an instrument of recall."", ""turn"": 1, ""model"": ""terra"", ""connection_id"": ""BC-67a3bb5ad7077dbdb5ae""}]"
SBLGNT:Luke.24.44	medium	incil	yorum_gelenegi	Law, Prophets and Psalms written about Jesus' suffering and rising	The commentary asserts that its message is found in Abraham's and Moses' pages; Jesus gives a distinct Christian reading in which the wider scriptural corpus points to his passion and resurrection.	sec12	"[{""line"": 85, ""strength"": ""medium"", ""tradition"": ""incil"", ""kind"": ""yorum_gelenegi"", ""ref"": ""SBLGNT:Luke.24.44"", ""basis"": ""Law, Prophets and Psalms written about Jesus' suffering and rising"", ""note"": ""The commentary asserts that its message is found in Abraham's and Moses' pages; Jesus gives a distinct Christian reading in which the wider scriptural corpus points to his passion and resurrection."", ""turn"": 2, ""model"": ""luna"", ""connection_id"": ""BC-fb5fe96029ba0c692b4f""}]"
SBLGNT:Luke.4.16	medium	incil	motif	Jesus reads Isaiah's scroll in the synagogue	The commentary connects recited revelation with prophetic pages; Luke depicts Jesus opening Isaiah's scroll and reading it aloud in a public worship setting.	sec12	"[{""line"": 83, ""strength"": ""medium"", ""tradition"": ""incil"", ""kind"": ""motif"", ""ref"": ""SBLGNT:Luke.4.16"", ""basis"": ""Jesus reads Isaiah's scroll in the synagogue"", ""note"": ""The commentary connects recited revelation with prophetic pages; Luke depicts Jesus opening Isaiah's scroll and reading it aloud in a public worship setting."", ""turn"": 2, ""model"": ""luna"", ""connection_id"": ""BC-26fbbda30f4b935337c0""}]"
SBLGNT:Luke.4.21	medium	incil	yorum_gelenegi	Jesus says the read scripture is fulfilled that day	The commentary says its message was already present in earlier pages; after reading Isaiah, Jesus interprets the passage as fulfilled in the hearers' present.	sec12	"[{""line"": 84, ""strength"": ""medium"", ""tradition"": ""incil"", ""kind"": ""yorum_gelenegi"", ""ref"": ""SBLGNT:Luke.4.21"", ""basis"": ""Jesus says the read scripture is fulfilled that day"", ""note"": ""The commentary says its message was already present in earlier pages; after reading Isaiah, Jesus interprets the passage as fulfilled in the hearers' present."", ""turn"": 2, ""model"": ""luna"", ""connection_id"": ""BC-e8758a6ac5e5f671b665""}]"
SBLGNT:Luke.8.12	strong	incil	motif	word taken from the heart before it is believed	The commentary contrasts retained reminder with what is lost; in Jesus' explanation of the seed, the devil removes the word from hearers' hearts so they will not believe.	sec12	"[{""line"": 63, ""strength"": ""strong"", ""tradition"": ""incil"", ""kind"": ""motif"", ""ref"": ""SBLGNT:Luke.8.12"", ""basis"": ""word taken from the heart before it is believed"", ""note"": ""The commentary contrasts retained reminder with what is lost; in Jesus' explanation of the seed, the devil removes the word from hearers' hearts so they will not believe."", ""turn"": 2, ""model"": ""luna"", ""connection_id"": ""BC-c2e048b99be2f9cfd5d2""}]"
SBLGNT:Luke.8.13	medium	incil	motif	joyful reception without roots ends in falling away	The commentary says a reminder benefits the one who retains it; Jesus describes hearers who receive the word with joy but fall away when tested because it has no root.	sec12	"[{""line"": 79, ""strength"": ""medium"", ""tradition"": ""incil"", ""kind"": ""motif"", ""ref"": ""SBLGNT:Luke.8.13"", ""basis"": ""joyful reception without roots ends in falling away"", ""note"": ""The commentary says a reminder benefits the one who retains it; Jesus describes hearers who receive the word with joy but fall away when tested because it has no root."", ""turn"": 2, ""model"": ""luna"", ""connection_id"": ""BC-20656966f8fd47217e34""}]"
SBLGNT:Luke.8.14	strong	incil	motif	cares, riches and pleasures choke the word	The commentary rebukes preference for worldly life; Jesus says worldly cares, wealth and pleasures choke the heard word before it matures.	sec12	"[{""line"": 64, ""strength"": ""strong"", ""tradition"": ""incil"", ""kind"": ""motif"", ""ref"": ""SBLGNT:Luke.8.14"", ""basis"": ""cares, riches and pleasures choke the word"", ""note"": ""The commentary rebukes preference for worldly life; Jesus says worldly cares, wealth and pleasures choke the heard word before it matures."", ""turn"": 2, ""model"": ""luna"", ""connection_id"": ""BC-72b3c74062ccc777c387""}]"
SBLGNT:Luke.8.15	strong	incil	motif	hearers hold the word fast and bear fruit | hearers hold the word fast in a good heart	The commentary says the one who fears remembers; Jesus contrasts good soil that holds the heard word fast and bears fruit with the losses in the preceding soils. | In the good-soil explanation, hearers retain the word and bear fruit with endurance, a precise Christian image for held rather than dropped revelation.	sec12	"[{""line"": 65, ""strength"": ""strong"", ""tradition"": ""incil"", ""kind"": ""motif"", ""ref"": ""SBLGNT:Luke.8.15"", ""basis"": ""hearers hold the word fast and bear fruit"", ""note"": ""The commentary says the one who fears remembers; Jesus contrasts good soil that holds the heard word fast and bears fruit with the losses in the preceding soils."", ""turn"": 2, ""model"": ""luna"", ""connection_id"": ""BC-314963da1f14a6ae888a""}, {""line"": 101, ""strength"": ""strong"", ""tradition"": ""incil"", ""kind"": ""motif"", ""ref"": ""SBLGNT:Luke.8.15"", ""basis"": ""hearers hold the word fast in a good heart"", ""note"": ""In the good-soil explanation, hearers retain the word and bear fruit with endurance, a precise Christian image for held rather than dropped revelation."", ""turn"": 2, ""model"": ""terra"", ""connection_id"": ""BC-5a2755be55e3f1a3b598""}]"
SBLGNT:Mark.13.31	strong	incil	paralel	Jesus' words will not pass away	The contrast of passing heaven and earth with imperishable words is a direct New Testament counterpart to the commentary's passing worldly life and retained divine speech.	sec12	"[{""line"": 102, ""strength"": ""strong"", ""tradition"": ""incil"", ""kind"": ""paralel"", ""ref"": ""SBLGNT:Mark.13.31"", ""basis"": ""Jesus' words will not pass away"", ""note"": ""The contrast of passing heaven and earth with imperishable words is a direct New Testament counterpart to the commentary's passing worldly life and retained divine speech."", ""turn"": 2, ""model"": ""terra"", ""connection_id"": ""BC-89048ff74cf70ad12ebc""}]"
SBLGNT:Mark.8.36	strong	incil	paralel	gain the world and forfeit one's life	Jesus' question about gaining the whole world at the cost of life is a pointed Christian analogue to preferring worldly life over what lasts.	sec12	"[{""line"": 77, ""strength"": ""strong"", ""tradition"": ""incil"", ""kind"": ""paralel"", ""ref"": ""SBLGNT:Mark.8.36"", ""basis"": ""gain the world and forfeit one's life"", ""note"": ""Jesus' question about gaining the whole world at the cost of life is a pointed Christian analogue to preferring worldly life over what lasts."", ""turn"": 1, ""model"": ""terra"", ""connection_id"": ""BC-7effc41c1b9a76f58d63""}]"
SBLGNT:Matt.10.20	strong	incil	paralel	the Father's Spirit speaks through disciples	Jesus assures messengers that the Spirit of their Father speaks through them, a New Testament form of divinely enabled prophetic speech.	sec12	"[{""line"": 52, ""strength"": ""strong"", ""tradition"": ""incil"", ""kind"": ""paralel"", ""ref"": ""SBLGNT:Matt.10.20"", ""basis"": ""the Father's Spirit speaks through disciples"", ""note"": ""Jesus assures messengers that the Spirit of their Father speaks through them, a New Testament form of divinely enabled prophetic speech."", ""turn"": 1, ""model"": ""terra"", ""connection_id"": ""BC-81d67214923c2846aa86""}]"
SBLGNT:Matt.16.26	strong	incil	motif	gain the whole world yet forfeit one's life	The commentary rebukes preference for worldly life in light of the lasting hereafter; Jesus asks what profit there is in gaining the whole world at the cost of one's life.	sec12	"[{""line"": 24, ""strength"": ""strong"", ""tradition"": ""incil"", ""kind"": ""motif"", ""ref"": ""SBLGNT:Matt.16.26"", ""basis"": ""gain the whole world yet forfeit one's life"", ""note"": ""The commentary rebukes preference for worldly life in light of the lasting hereafter; Jesus asks what profit there is in gaining the whole world at the cost of one's life."", ""turn"": 1, ""model"": ""luna"", ""connection_id"": ""BC-5a964e51e3d258f3874f""}]"
SBLGNT:Matt.6.19	strong	incil	motif	treasure stored on earth is vulnerable to loss	The commentary condemns preferring worldly life to what lasts; Jesus warns against storing treasure where moth and rust consume and thieves break in.	sec12	"[{""line"": 22, ""strength"": ""strong"", ""tradition"": ""incil"", ""kind"": ""motif"", ""ref"": ""SBLGNT:Matt.6.19"", ""basis"": ""treasure stored on earth is vulnerable to loss"", ""note"": ""The commentary condemns preferring worldly life to what lasts; Jesus warns against storing treasure where moth and rust consume and thieves break in."", ""turn"": 1, ""model"": ""luna"", ""connection_id"": ""BC-6d9cca047a7674c8d3b0""}]"
SBLGNT:Matt.6.20	strong	incil	motif	treasure stored in heaven endures	The commentary calls the afterlife better and more lasting than worldly life; Jesus contrasts earthly loss with treasure in heaven that is not consumed or stolen.	sec12	"[{""line"": 23, ""strength"": ""strong"", ""tradition"": ""incil"", ""kind"": ""motif"", ""ref"": ""SBLGNT:Matt.6.20"", ""basis"": ""treasure stored in heaven endures"", ""note"": ""The commentary calls the afterlife better and more lasting than worldly life; Jesus contrasts earthly loss with treasure in heaven that is not consumed or stolen."", ""turn"": 1, ""model"": ""luna"", ""connection_id"": ""BC-345b6a24eec396d8c7d2""}]"
SBLGNT:Rev.1.3	strong	incil	paralel	reader, hearers, and keepers of written prophecy	Blessing attaches to the reader, hearers, and those who keep a written prophecy's words, tightly joining book, recitation, hearing, and retention.	sec12	"[{""line"": 67, ""strength"": ""strong"", ""tradition"": ""incil"", ""kind"": ""paralel"", ""ref"": ""SBLGNT:Rev.1.3"", ""basis"": ""reader, hearers, and keepers of written prophecy"", ""note"": ""Blessing attaches to the reader, hearers, and those who keep a written prophecy's words, tightly joining book, recitation, hearing, and retention."", ""turn"": 1, ""model"": ""terra"", ""connection_id"": ""BC-e84536f8331aae9f9657""}]"
SBLGNT:Rev.10.10	strong	incil	motif|paralel	John eats a little scroll before receiving a prophetic task | take and eat the little scroll	The commentary's recitation begins with revelation received by a prophet; John takes a written scroll into himself, sweet in his mouth and bitter in his stomach, before being told to prophesy. | John consumes the revealed scroll, a New Testament image of a written message entering the prophet before further speech.	sec12	"[{""line"": 86, ""strength"": ""medium"", ""tradition"": ""incil"", ""kind"": ""motif"", ""ref"": ""SBLGNT:Rev.10.10"", ""basis"": ""John eats a little scroll before receiving a prophetic task"", ""note"": ""The commentary's recitation begins with revelation received by a prophet; John takes a written scroll into himself, sweet in his mouth and bitter in his stomach, before being told to prophesy."", ""turn"": 2, ""model"": ""luna"", ""connection_id"": ""BC-fbf54b18e2c50304fc78""}, {""line"": 71, ""strength"": ""strong"", ""tradition"": ""incil"", ""kind"": ""paralel"", ""ref"": ""SBLGNT:Rev.10.10"", ""basis"": ""take and eat the little scroll"", ""note"": ""John consumes the revealed scroll, a New Testament image of a written message entering the prophet before further speech."", ""turn"": 1, ""model"": ""terra"", ""connection_id"": ""BC-6bb5132148f8f6d1359b""}]"
SBLGNT:Rev.10.11	strong	incil	motif|paralel	John is told to prophesy again to many peoples | must prophesy again after the scroll	The commentary moves received words toward public reminder; after the scroll is eaten, John is commissioned to speak again to many peoples and nations. | After the consumed scroll, John is told to prophesy again to peoples and kings; the sequence echoes internalized text becoming renewed proclamation.	sec12	"[{""line"": 87, ""strength"": ""medium"", ""tradition"": ""incil"", ""kind"": ""motif"", ""ref"": ""SBLGNT:Rev.10.11"", ""basis"": ""John is told to prophesy again to many peoples"", ""note"": ""The commentary moves received words toward public reminder; after the scroll is eaten, John is commissioned to speak again to many peoples and nations."", ""turn"": 2, ""model"": ""luna"", ""connection_id"": ""BC-d4973ed465ea88eca1e5""}, {""line"": 72, ""strength"": ""strong"", ""tradition"": ""incil"", ""kind"": ""paralel"", ""ref"": ""SBLGNT:Rev.10.11"", ""basis"": ""must prophesy again after the scroll"", ""note"": ""After the consumed scroll, John is told to prophesy again to peoples and kings; the sequence echoes internalized text becoming renewed proclamation."", ""turn"": 1, ""model"": ""terra"", ""connection_id"": ""BC-eb8581fa741f656141ee""}]"
SBLGNT:Rev.20.12	strong	incil	motif	books opened; the dead judged by recorded deeds | dead judged from opened books	The commentary connects earlier pages with each person's own effort and outcome; Revelation depicts the dead judged from opened books according to their deeds. | The opened books of judgment make a Christian image of divine record-keeping beside the commentary's unforgetting Lord and the earlier sheets.	sec12	"[{""line"": 72, ""strength"": ""strong"", ""tradition"": ""incil"", ""kind"": ""motif"", ""ref"": ""SBLGNT:Rev.20.12"", ""basis"": ""books opened; the dead judged by recorded deeds"", ""note"": ""The commentary connects earlier pages with each person's own effort and outcome; Revelation depicts the dead judged from opened books according to their deeds."", ""turn"": 2, ""model"": ""luna"", ""connection_id"": ""BC-db297922807f133f07e4""}, {""line"": 81, ""strength"": ""strong"", ""tradition"": ""incil"", ""kind"": ""motif"", ""ref"": ""SBLGNT:Rev.20.12"", ""basis"": ""dead judged from opened books"", ""note"": ""The opened books of judgment make a Christian image of divine record-keeping beside the commentary's unforgetting Lord and the earlier sheets."", ""turn"": 1, ""model"": ""terra"", ""connection_id"": ""BC-e1448301d4d9b8b93c2f""}]"
SBLGNT:Rev.22.19	strong	incil	motif	taking away words from prophecy's book	The warning against taking away words from the prophetic book gives a Christian textual counterpart to the commentary's insistence that what God gathers is not lost.	sec12	"[{""line"": 68, ""strength"": ""strong"", ""tradition"": ""incil"", ""kind"": ""motif"", ""ref"": ""SBLGNT:Rev.22.19"", ""basis"": ""taking away words from prophecy's book"", ""note"": ""The warning against taking away words from the prophetic book gives a Christian textual counterpart to the commentary's insistence that what God gathers is not lost."", ""turn"": 1, ""model"": ""terra"", ""connection_id"": ""BC-4e0af868c772f190640f""}]"
SBLGNT:Rev.3.3	strong	incil	paralel	remember what was received and heard; keep it	The church is commanded to remember received and heard teaching and to keep it, closely mapping receipt, recall, and retention onto 87:6 and 87:9.	sec12	"[{""line"": 56, ""strength"": ""strong"", ""tradition"": ""incil"", ""kind"": ""paralel"", ""ref"": ""SBLGNT:Rev.3.3"", ""basis"": ""remember what was received and heard; keep it"", ""note"": ""The church is commanded to remember received and heard teaching and to keep it, closely mapping receipt, recall, and retention onto 87:6 and 87:9."", ""turn"": 1, ""model"": ""terra"", ""connection_id"": ""BC-f3db39ad0c7ea46d0765""}]"
SBLGNT:Rev.3.5	strong	incil	motif	name not erased from the book of life	The promise not to erase the conqueror's name gives a Christian book-image for being retained before God, alongside the commentary's contrast between forgetting and divine record.	sec12	"[{""line"": 104, ""strength"": ""strong"", ""tradition"": ""incil"", ""kind"": ""motif"", ""ref"": ""SBLGNT:Rev.3.5"", ""basis"": ""name not erased from the book of life"", ""note"": ""The promise not to erase the conqueror's name gives a Christian book-image for being retained before God, alongside the commentary's contrast between forgetting and divine record."", ""turn"": 2, ""model"": ""terra"", ""connection_id"": ""BC-4fa1bb71461c4904c463""}]"
SBLGNT:Rom.14.12	strong	incil	motif|paralel	each person gives an account to God	The commentary links individual effort with its outcome; Paul says each person will give an account of themselves to God, adding a judgment setting to personal responsibility. | Paul's formula of each person giving an account of self directly reinforces the individual accountability the commentary attributes to the earlier sheets.	sec12	"[{""line"": 39, ""strength"": ""medium"", ""tradition"": ""incil"", ""kind"": ""motif"", ""ref"": ""SBLGNT:Rom.14.12"", ""basis"": ""each person gives an account to God"", ""note"": ""The commentary links individual effort with its outcome; Paul says each person will give an account of themselves to God, adding a judgment setting to personal responsibility."", ""turn"": 1, ""model"": ""luna"", ""connection_id"": ""BC-8361e2c994a8bac7125a""}, {""line"": 105, ""strength"": ""strong"", ""tradition"": ""incil"", ""kind"": ""paralel"", ""ref"": ""SBLGNT:Rom.14.12"", ""basis"": ""each person gives an account to God"", ""note"": ""Paul's formula of each person giving an account of self directly reinforces the individual accountability the commentary attributes to the earlier sheets."", ""turn"": 2, ""model"": ""terra"", ""connection_id"": ""BC-95fe89dbb1fbeef81b85""}]"
SBLGNT:Rom.15.4	medium	incil	motif	former writings written for present instruction	Paul presents earlier written scripture as instruction for later readers, a Christian account of how first writings remain active in a new community.	sec12	"[{""line"": 84, ""strength"": ""medium"", ""tradition"": ""incil"", ""kind"": ""motif"", ""ref"": ""SBLGNT:Rom.15.4"", ""basis"": ""former writings written for present instruction"", ""note"": ""Paul presents earlier written scripture as instruction for later readers, a Christian account of how first writings remain active in a new community."", ""turn"": 1, ""model"": ""terra"", ""connection_id"": ""BC-5e4b45b00b89b12cded5""}]"
1 Enoch 81:1-2	medium	tevrat	motif	Enoch reads heavenly tablets recording human deeds	The commentary connects prophetic teaching with preserved pages; Enoch is shown written heavenly tablets and reads a record of human deeds, extending the page motif to a celestial archive.	sec12	"[{""line"": 42, ""strength"": ""medium"", ""tradition"": ""tevrat"", ""kind"": ""motif"", ""ref"": ""1 Enoch 81:1-2"", ""basis"": ""Enoch reads heavenly tablets recording human deeds"", ""note"": ""The commentary connects prophetic teaching with preserved pages; Enoch is shown written heavenly tablets and reads a record of human deeds, extending the page motif to a celestial archive."", ""turn"": 1, ""model"": ""luna"", ""connection_id"": ""BC-d79aad3e7643e36b70e1""}]"
1 Maccabees 1:56	strong	tevrat	motif	books of the law torn and burned	The persecution's tearing and burning of Torah books provides a historical contrary case to the durable custody imagined by 87:18-19.	sec12	"[{""line"": 48, ""strength"": ""strong"", ""tradition"": ""tevrat"", ""kind"": ""motif"", ""ref"": ""1 Maccabees 1:56"", ""basis"": ""books of the law torn and burned"", ""note"": ""The persecution's tearing and burning of Torah books provides a historical contrary case to the durable custody imagined by 87:18-19."", ""turn"": 1, ""model"": ""terra"", ""connection_id"": ""BC-834c02a394da07603880""}]"
2 Maccabees 2:13	strong	tevrat	motif	Nehemiah founds a library and collects books	The account of Nehemiah gathering books about kings, prophets, David, and royal letters gives a rare explicit Jewish image of assembling scattered scriptural materials.	sec12	"[{""line"": 46, ""strength"": ""strong"", ""tradition"": ""tevrat"", ""kind"": ""motif"", ""ref"": ""2 Maccabees 2:13"", ""basis"": ""Nehemiah founds a library and collects books"", ""note"": ""The account of Nehemiah gathering books about kings, prophets, David, and royal letters gives a rare explicit Jewish image of assembling scattered scriptural materials."", ""turn"": 1, ""model"": ""terra"", ""connection_id"": ""BC-05014fd784478ecfa645""}]"
2 Maccabees 2:14	strong	tevrat	motif	Judas collects books scattered by war	Judas' recovery of books dispersed through war closely matches the commentary's path from loss and dispersal to gathered pages.	sec12	"[{""line"": 47, ""strength"": ""strong"", ""tradition"": ""tevrat"", ""kind"": ""motif"", ""ref"": ""2 Maccabees 2:14"", ""basis"": ""Judas collects books scattered by war"", ""note"": ""Judas' recovery of books dispersed through war closely matches the commentary's path from loss and dispersal to gathered pages."", ""turn"": 1, ""model"": ""terra"", ""connection_id"": ""BC-0bdf8f5e798637143eb5""}]"
4 Ezra 14:21	strong	tevrat	paralel	burned law leaves knowledge inaccessible	Ezra laments that the law has been burned and therefore the past and future cannot be known, a direct apocalypse-era opposite to a protected, retained scripture.	sec12	"[{""line"": 42, ""strength"": ""strong"", ""tradition"": ""tevrat"", ""kind"": ""paralel"", ""ref"": ""4 Ezra 14:21"", ""basis"": ""burned law leaves knowledge inaccessible"", ""note"": ""Ezra laments that the law has been burned and therefore the past and future cannot be known, a direct apocalypse-era opposite to a protected, retained scripture."", ""turn"": 1, ""model"": ""terra"", ""connection_id"": ""BC-95e64510216b1fac6319""}]"
4 Ezra 14:37-48	medium	tevrat	motif	Ezra dictates books after the Law has been lost	The commentary moves from received recitation to gathered pages; 4 Ezra depicts inspired dictation that restores public books after the earlier Law's loss, making preservation through writing central.	sec12	"[{""line"": 43, ""strength"": ""medium"", ""tradition"": ""tevrat"", ""kind"": ""motif"", ""ref"": ""4 Ezra 14:37-48"", ""basis"": ""Ezra dictates books after the Law has been lost"", ""note"": ""The commentary moves from received recitation to gathered pages; 4 Ezra depicts inspired dictation that restores public books after the earlier Law's loss, making preservation through writing central."", ""turn"": 1, ""model"": ""luna"", ""connection_id"": ""BC-cb6dddf2337fcb7fd8ff""}]"
4 Ezra 14:39	strong	tevrat	paralel	inspired understanding and retained memory	After drinking the fiery cup, Ezra's wisdom increases and his spirit retains memory, closely matching divine enablement to remember revelation.	sec12	"[{""line"": 43, ""strength"": ""strong"", ""tradition"": ""tevrat"", ""kind"": ""paralel"", ""ref"": ""4 Ezra 14:39"", ""basis"": ""inspired understanding and retained memory"", ""note"": ""After drinking the fiery cup, Ezra's wisdom increases and his spirit retains memory, closely matching divine enablement to remember revelation."", ""turn"": 1, ""model"": ""terra"", ""connection_id"": ""BC-a2a219a799251a488462""}]"
4 Ezra 14:41	strong	tevrat	paralel	Ezra dictates while five scribes write	Five men write what Ezra dictates over forty days, a detailed Jewish scene of inspired speech being gathered into text.	sec12	"[{""line"": 44, ""strength"": ""strong"", ""tradition"": ""tevrat"", ""kind"": ""paralel"", ""ref"": ""4 Ezra 14:41"", ""basis"": ""Ezra dictates while five scribes write"", ""note"": ""Five men write what Ezra dictates over forty days, a detailed Jewish scene of inspired speech being gathered into text."", ""turn"": 1, ""model"": ""terra"", ""connection_id"": ""BC-973acabbfb8667b9399b""}]"
4 Ezra 14:43	strong	tevrat	paralel	ninety-four books written	The completed production of ninety-four books makes collected written revelation, rather than a single remembered saying, the explicit outcome.	sec12	"[{""line"": 45, ""strength"": ""strong"", ""tradition"": ""tevrat"", ""kind"": ""paralel"", ""ref"": ""4 Ezra 14:43"", ""basis"": ""ninety-four books written"", ""note"": ""The completed production of ninety-four books makes collected written revelation, rather than a single remembered saying, the explicit outcome."", ""turn"": 1, ""model"": ""terra"", ""connection_id"": ""BC-d72faaf9e77e4e119ed2""}]"
Baruch 4:1	strong	tevrat	motif	book of commandments held fast for life	The text calls the law an enduring book and contrasts holding it fast with forsaking it, directly echoing the commentary's held versus lost revelation.	sec12	"[{""line"": 49, ""strength"": ""strong"", ""tradition"": ""tevrat"", ""kind"": ""motif"", ""ref"": ""Baruch 4:1"", ""basis"": ""book of commandments held fast for life"", ""note"": ""The text calls the law an enduring book and contrasts holding it fast with forsaking it, directly echoing the commentary's held versus lost revelation."", ""turn"": 1, ""model"": ""terra"", ""connection_id"": ""BC-b00efab6cd6e1bb415eb""}]"
Jubilees 1:1	strong	tevrat	paralel	God gives Moses divinely written tablets to teach	Jubilees opens by having God give Moses tablets of law and commandment already written for teaching Israel, a Second Temple expansion of the Mosaic written-revelation scene.	sec12	"[{""line"": 98, ""strength"": ""strong"", ""tradition"": ""tevrat"", ""kind"": ""paralel"", ""ref"": ""Jubilees 1:1"", ""basis"": ""God gives Moses divinely written tablets to teach"", ""note"": ""Jubilees opens by having God give Moses tablets of law and commandment already written for teaching Israel, a Second Temple expansion of the Mosaic written-revelation scene."", ""turn"": 2, ""model"": ""terra"", ""connection_id"": ""BC-9a1b68bf69f5a1a918d7""}]"
Jubilees 1:27-29	strong	tevrat	motif	Moses is given a written record amid predicted Israelite forgetfulness	The commentary links revelation, memory and Moses' pages; Jubilees frames a written account given to Moses as a safeguard in a story that anticipates Israel's disobedience and forgetting.	sec12	"[{""line"": 30, ""strength"": ""strong"", ""tradition"": ""tevrat"", ""kind"": ""motif"", ""ref"": ""Jubilees 1:27-29"", ""basis"": ""Moses is given a written record amid predicted Israelite forgetfulness"", ""note"": ""The commentary links revelation, memory and Moses' pages; Jubilees frames a written account given to Moses as a safeguard in a story that anticipates Israel's disobedience and forgetting."", ""turn"": 1, ""model"": ""luna"", ""connection_id"": ""BC-68a7062ec08af4e43327""}]"
Mishnah Avot 1:1	strong	tevrat	motif	Moses received and transmitted Torah	Its chain from Moses through successive teachers supplies a Jewish model for the commentary's source label on transmitting a report received from another.	sec12	"[{""line"": 39, ""strength"": ""strong"", ""tradition"": ""tevrat"", ""kind"": ""motif"", ""ref"": ""Mishnah Avot 1:1"", ""basis"": ""Moses received and transmitted Torah"", ""note"": ""Its chain from Moses through successive teachers supplies a Jewish model for the commentary's source label on transmitting a report received from another."", ""turn"": 1, ""model"": ""terra"", ""connection_id"": ""BC-e1ca0e22ffa7370be0e6""}]"
Mishnah Avot 2:10	strong	tevrat	motif	plastered cistern that loses not a drop	The rabbinic praise of learned retention as a cistern that loses no drop closely realizes the commentary's memory-as-container and dropped-object imagery.	sec12	"[{""line"": 37, ""strength"": ""strong"", ""tradition"": ""tevrat"", ""kind"": ""motif"", ""ref"": ""Mishnah Avot 2:10"", ""basis"": ""plastered cistern that loses not a drop"", ""note"": ""The rabbinic praise of learned retention as a cistern that loses no drop closely realizes the commentary's memory-as-container and dropped-object imagery."", ""turn"": 1, ""model"": ""terra"", ""connection_id"": ""BC-6ca6c90ee51c5cd6093b""}]"
Mishnah Avot 3:8	strong	tevrat	motif	forgetting a word of learning	The mishnah treats losing even one learned word as grave, making the commentary's forgetting of an entrusted teaching a concrete Torah-study ethic.	sec12	"[{""line"": 38, ""strength"": ""strong"", ""tradition"": ""tevrat"", ""kind"": ""motif"", ""ref"": ""Mishnah Avot 3:8"", ""basis"": ""forgetting a word of learning"", ""note"": ""The mishnah treats losing even one learned word as grave, making the commentary's forgetting of an entrusted teaching a concrete Torah-study ethic."", ""turn"": 1, ""model"": ""terra"", ""connection_id"": ""BC-fae33e00e082df2fbaab""}]"
Mishnah Avot 4:16	strong	tevrat	paralel	this world as corridor before the world to come	The corridor-and-banquet-hall contrast gives a compact rabbinic analogue to preferring the nearer worldly life over the lasting life to come.	sec12	"[{""line"": 51, ""strength"": ""strong"", ""tradition"": ""tevrat"", ""kind"": ""paralel"", ""ref"": ""Mishnah Avot 4:16"", ""basis"": ""this world as corridor before the world to come"", ""note"": ""The corridor-and-banquet-hall contrast gives a compact rabbinic analogue to preferring the nearer worldly life over the lasting life to come."", ""turn"": 1, ""model"": ""terra"", ""connection_id"": ""BC-8e4b0f546710c77cfe87""}]"
Mishnah, Avot 3:8	strong	tevrat	yorum_gelenegi	forgetting one point of Torah is treated as grave culpability	The commentary treats forgetting entrusted teaching as loss; this rabbinic reading of Deuteronomy 4:9 makes forgetting a single learned point a serious covenantal offense.	sec12	"[{""line"": 29, ""strength"": ""strong"", ""tradition"": ""tevrat"", ""kind"": ""yorum_gelenegi"", ""ref"": ""Mishnah, Avot 3:8"", ""basis"": ""forgetting one point of Torah is treated as grave culpability"", ""note"": ""The commentary treats forgetting entrusted teaching as loss; this rabbinic reading of Deuteronomy 4:9 makes forgetting a single learned point a serious covenantal offense."", ""turn"": 1, ""model"": ""luna"", ""connection_id"": ""BC-024f3d311d21b389f5da""}]"
Mishnah, Avot 4:20	medium	tevrat	yorum_gelenegi	learning compared to writing on fresh or erased paper	The commentary connects remembrance with written pages; this rabbinic saying uses the durability of writing on a clean sheet to explain why learning in youth is more firmly retained.	sec12	"[{""line"": 88, ""strength"": ""medium"", ""tradition"": ""tevrat"", ""kind"": ""yorum_gelenegi"", ""ref"": ""Mishnah, Avot 4:20"", ""basis"": ""learning compared to writing on fresh or erased paper"", ""note"": ""The commentary connects remembrance with written pages; this rabbinic saying uses the durability of writing on a clean sheet to explain why learning in youth is more firmly retained."", ""turn"": 2, ""model"": ""luna"", ""connection_id"": ""BC-8ac600e0d630aa03ec42""}]"
Sirach 24:23	strong	tevrat	motif	Mosaic law called the covenant book	Ben Sira identifies the law commanded by Moses as the book of the Most High's covenant, a Second Temple way of naming a Mosaic written corpus.	sec12	"[{""line"": 50, ""strength"": ""strong"", ""tradition"": ""tevrat"", ""kind"": ""motif"", ""ref"": ""Sirach 24:23"", ""basis"": ""Mosaic law called the covenant book"", ""note"": ""Ben Sira identifies the law commanded by Moses as the book of the Most High's covenant, a Second Temple way of naming a Mosaic written corpus."", ""turn"": 1, ""model"": ""terra"", ""connection_id"": ""BC-f5d55b357f5034fcd1a5""}]"
WLC:2Kgs.22.8	strong	tevrat	paralel	lost law book found and read	Hilkiah finds the book of the Torah in the temple and gives it to Shaphan to read, a narrative reversal of scripture left out of use and then recovered.	sec12	"[{""line"": 14, ""strength"": ""strong"", ""tradition"": ""tevrat"", ""kind"": ""paralel"", ""ref"": ""WLC:2Kgs.22.8"", ""basis"": ""lost law book found and read"", ""note"": ""Hilkiah finds the book of the Torah in the temple and gives it to Shaphan to read, a narrative reversal of scripture left out of use and then recovered."", ""turn"": 1, ""model"": ""terra"", ""connection_id"": ""BC-3c4de3e25be1c70e07d3""}]"
WLC:Dan.12.1	medium	tevrat	motif	those written in the book are delivered in the time of distress	The commentary joins Moses' pages to the surah's outcomes; Daniel's book records those who will be delivered in a final crisis, linking writing with ultimate fate.	sec12	"[{""line"": 78, ""strength"": ""medium"", ""tradition"": ""tevrat"", ""kind"": ""motif"", ""ref"": ""WLC:Dan.12.1"", ""basis"": ""those written in the book are delivered in the time of distress"", ""note"": ""The commentary joins Moses' pages to the surah's outcomes; Daniel's book records those who will be delivered in a final crisis, linking writing with ultimate fate."", ""turn"": 2, ""model"": ""luna"", ""connection_id"": ""BC-e0a31d5ad14af524148f""}]"
WLC:Dan.12.2	strong	tevrat	paralel	everlasting life and everlasting contempt	Daniel's resurrection contrast gives a Hebrew Bible counterpart to 87:16-17's preference for the present life over the enduring future.	sec12	"[{""line"": 32, ""strength"": ""strong"", ""tradition"": ""tevrat"", ""kind"": ""paralel"", ""ref"": ""WLC:Dan.12.2"", ""basis"": ""everlasting life and everlasting contempt"", ""note"": ""Daniel's resurrection contrast gives a Hebrew Bible counterpart to 87:16-17's preference for the present life over the enduring future."", ""turn"": 1, ""model"": ""terra"", ""connection_id"": ""BC-2cc4971cbfd43df56472""}]"
WLC:Dan.12.4	medium	tevrat	karsi_anlati	seal the book until the time of the end	Daniel is told to keep the words secret and seal the book until the end; its guarded, delayed access provides a qualified inverse to 87:6's enabled recital and 87:18's available earlier sheets.	sec12	"[{""line"": 107, ""strength"": ""medium"", ""tradition"": ""tevrat"", ""kind"": ""karsi_anlati"", ""ref"": ""WLC:Dan.12.4"", ""basis"": ""seal the book until the time of the end"", ""note"": ""Daniel is told to keep the words secret and seal the book until the end; its guarded, delayed access provides a qualified inverse to 87:6's enabled recital and 87:18's available earlier sheets."", ""turn"": 2, ""model"": ""terra"", ""connection_id"": ""BC-d34738fbf1792d9a8abf""}]"
WLC:Dan.7.10	strong	tevrat	motif	court sits and books are opened	The heavenly court's opened books give a biblical image for the commentary's Lord whose knowledge of former generations is securely recorded.	sec12	"[{""line"": 31, ""strength"": ""strong"", ""tradition"": ""tevrat"", ""kind"": ""motif"", ""ref"": ""WLC:Dan.7.10"", ""basis"": ""court sits and books are opened"", ""note"": ""The heavenly court's opened books give a biblical image for the commentary's Lord whose knowledge of former generations is securely recorded."", ""turn"": 1, ""model"": ""terra"", ""connection_id"": ""BC-40e46d25bf3d426d1906""}]"
WLC:Dan.9.2	strong	tevrat	motif	Daniel reads the books and understands Jeremiah's years	The commentary says the present admonition is already in earlier scriptures; Daniel reads Jeremiah's written prophecy to understand the allotted years, a concrete act of consulting prior pages.	sec12	"[{""line"": 59, ""strength"": ""strong"", ""tradition"": ""tevrat"", ""kind"": ""motif"", ""ref"": ""WLC:Dan.9.2"", ""basis"": ""Daniel reads the books and understands Jeremiah's years"", ""note"": ""The commentary says the present admonition is already in earlier scriptures; Daniel reads Jeremiah's written prophecy to understand the allotted years, a concrete act of consulting prior pages."", ""turn"": 2, ""model"": ""luna"", ""connection_id"": ""BC-e219039a345e55d70784""}]"
WLC:Deut.17.18	strong	tevrat	motif	king writes a copy of the Law from the priests' book	The commentary connects Moses' pages with a collected written scripture; this law makes the king produce his own copy from the priestly source.	sec12	"[{""line"": 48, ""strength"": ""strong"", ""tradition"": ""tevrat"", ""kind"": ""motif"", ""ref"": ""WLC:Deut.17.18"", ""basis"": ""king writes a copy of the Law from the priests' book"", ""note"": ""The commentary connects Moses' pages with a collected written scripture; this law makes the king produce his own copy from the priestly source."", ""turn"": 2, ""model"": ""luna"", ""connection_id"": ""BC-768b33dd6842f5232018""}]"
WLC:Deut.17.19	strong	tevrat	motif|paralel	king reads the book all his days to learn fear and obey | written Torah read continually to learn fear	The commentary says the one who fears will remember; Deuteronomy ties daily reading of the written Law to fear of God and keeping its words. | The king keeps a written Torah with him and reads it all his days in order to fear YHWH and keep its words, concentrating the commentary's book, recitation, retention, and fear motifs in one scene.	sec12	"[{""line"": 49, ""strength"": ""strong"", ""tradition"": ""tevrat"", ""kind"": ""motif"", ""ref"": ""WLC:Deut.17.19"", ""basis"": ""king reads the book all his days to learn fear and obey"", ""note"": ""The commentary says the one who fears will remember; Deuteronomy ties daily reading of the written Law to fear of God and keeping its words."", ""turn"": 2, ""model"": ""luna"", ""connection_id"": ""BC-0655c3c4b29a8aaefa70""}, {""line"": 92, ""strength"": ""strong"", ""tradition"": ""tevrat"", ""kind"": ""paralel"", ""ref"": ""WLC:Deut.17.19"", ""basis"": ""written Torah read continually to learn fear"", ""note"": ""The king keeps a written Torah with him and reads it all his days in order to fear YHWH and keep its words, concentrating the commentary's book, recitation, retention, and fear motifs in one scene."", ""turn"": 2, ""model"": ""terra"", ""connection_id"": ""BC-3a1ce28dbee9ea291b91""}]"
WLC:Deut.18.18	strong	tevrat	paralel	words put in a prophet's mouth	YHWH puts words in the coming prophet's mouth and requires him to speak them, closely matching the commentary's active causative sense of making a messenger recite.	sec12	"[{""line"": 2, ""strength"": ""strong"", ""tradition"": ""tevrat"", ""kind"": ""paralel"", ""ref"": ""WLC:Deut.18.18"", ""basis"": ""words put in a prophet's mouth"", ""note"": ""YHWH puts words in the coming prophet's mouth and requires him to speak them, closely matching the commentary's active causative sense of making a messenger recite."", ""turn"": 1, ""model"": ""terra"", ""connection_id"": ""BC-9a44d7ad8de39e1863be""}]"
WLC:Deut.24.16	strong	tevrat	paralel	each person dies for his own sin	The legal rule rejects transferring a parent's or child's guilt, directly paralleling the commentary's cited content of Abrahamic and Mosaic sheets that no bearer carries another's burden.	sec12	"[{""line"": 34, ""strength"": ""strong"", ""tradition"": ""tevrat"", ""kind"": ""paralel"", ""ref"": ""WLC:Deut.24.16"", ""basis"": ""each person dies for his own sin"", ""note"": ""The legal rule rejects transferring a parent's or child's guilt, directly paralleling the commentary's cited content of Abrahamic and Mosaic sheets that no bearer carries another's burden."", ""turn"": 1, ""model"": ""terra"", ""connection_id"": ""BC-38e3fe6cdc79c8e6beae""}]"
WLC:Deut.26.10	strong	tevrat	motif	first fruits placed before God with worship	The commentary places remembrance of the Lord's name before prayer; this liturgy moves from the ancestral recital to presenting the gift and bowing before God.	sec12	"[{""line"": 51, ""strength"": ""strong"", ""tradition"": ""tevrat"", ""kind"": ""motif"", ""ref"": ""WLC:Deut.26.10"", ""basis"": ""first fruits placed before God with worship"", ""note"": ""The commentary places remembrance of the Lord's name before prayer; this liturgy moves from the ancestral recital to presenting the gift and bowing before God."", ""turn"": 2, ""model"": ""luna"", ""connection_id"": ""BC-6110ca5d4318578fa204""}]"
WLC:Deut.26.5	strong	tevrat	motif	ancestral deliverance recited in the first-fruits rite	The commentary links reminder to scripture and worship; the offerer recites a fixed account of Israel's descent to Egypt and deliverance while presenting first fruits.	sec12	"[{""line"": 50, ""strength"": ""strong"", ""tradition"": ""tevrat"", ""kind"": ""motif"", ""ref"": ""WLC:Deut.26.5"", ""basis"": ""ancestral deliverance recited in the first-fruits rite"", ""note"": ""The commentary links reminder to scripture and worship; the offerer recites a fixed account of Israel's descent to Egypt and deliverance while presenting first fruits."", ""turn"": 2, ""model"": ""luna"", ""connection_id"": ""BC-ef0fc114a8e14e3ce2b6""}]"
WLC:Deut.30.14	strong	tevrat	paralel	word near in mouth and heart	The word's nearness in Israel's mouth and heart for doing it gives a compact Torah formulation for revelation that is both recited and inwardly held.	sec12	"[{""line"": 93, ""strength"": ""strong"", ""tradition"": ""tevrat"", ""kind"": ""paralel"", ""ref"": ""WLC:Deut.30.14"", ""basis"": ""word near in mouth and heart"", ""note"": ""The word's nearness in Israel's mouth and heart for doing it gives a compact Torah formulation for revelation that is both recited and inwardly held."", ""turn"": 2, ""model"": ""terra"", ""connection_id"": ""BC-daffe2d2f60a0bf7565c""}]"
WLC:Deut.31.19	strong	tevrat	motif|paralel	written song taught to Israel as witness | write, teach, put the song in mouths	The commentary moves from recited revelation to written pages; God tells Moses to write and teach a song so it remains in Israel's mouth as a witness. | Moses must write the song, teach it, and place it in Israel's mouths; it joins written preservation with learned recitation as the commentary does.	sec12	"[{""line"": 8, ""strength"": ""strong"", ""tradition"": ""tevrat"", ""kind"": ""motif"", ""ref"": ""WLC:Deut.31.19"", ""basis"": ""written song taught to Israel as witness"", ""note"": ""The commentary moves from recited revelation to written pages; God tells Moses to write and teach a song so it remains in Israel's mouth as a witness."", ""turn"": 1, ""model"": ""luna"", ""connection_id"": ""BC-a43a17d5871dc618012b""}, {""line"": 5, ""strength"": ""strong"", ""tradition"": ""tevrat"", ""kind"": ""paralel"", ""ref"": ""WLC:Deut.31.19"", ""basis"": ""write, teach, put the song in mouths"", ""note"": ""Moses must write the song, teach it, and place it in Israel's mouths; it joins written preservation with learned recitation as the commentary does."", ""turn"": 1, ""model"": ""terra"", ""connection_id"": ""BC-17e9a9b1cc2bafe245c2""}]"
WLC:Deut.31.21	strong	tevrat	motif|paralel	song will not be forgotten by descendants | the song will not be forgotten	The commentary contrasts retained revelation with forgetting; Moses says the taught song will remain in descendants' mouths and testify when later troubles come. | The song's continuing presence in descendants' mouths is explicitly said not to be forgotten, an unusually close scriptural analogue to 87:6.	sec12	"[{""line"": 52, ""strength"": ""strong"", ""tradition"": ""tevrat"", ""kind"": ""motif"", ""ref"": ""WLC:Deut.31.21"", ""basis"": ""song will not be forgotten by descendants"", ""note"": ""The commentary contrasts retained revelation with forgetting; Moses says the taught song will remain in descendants' mouths and testify when later troubles come."", ""turn"": 2, ""model"": ""luna"", ""connection_id"": ""BC-c8adcb21159cd3476459""}, {""line"": 6, ""strength"": ""strong"", ""tradition"": ""tevrat"", ""kind"": ""paralel"", ""ref"": ""WLC:Deut.31.21"", ""basis"": ""the song will not be forgotten"", ""note"": ""The song's continuing presence in descendants' mouths is explicitly said not to be forgotten, an unusually close scriptural analogue to 87:6."", ""turn"": 1, ""model"": ""terra"", ""connection_id"": ""BC-66c4749775c47a0e9b96""}]"
WLC:Deut.31.24	strong	tevrat	motif|paralel	Moses finishes writing the whole Law in a book | Moses completes writing Torah in a book	The commentary says Moses' pages preserve the message across generations; this verse specifically marks completion of the written book, distinct from its later placement beside the Ark. | The verse explicitly marks completion of Moses' written Torah, a close biblical comparator for 87:19's named Mosaic sheets.	sec12	"[{""line"": 53, ""strength"": ""strong"", ""tradition"": ""tevrat"", ""kind"": ""motif"", ""ref"": ""WLC:Deut.31.24"", ""basis"": ""Moses finishes writing the whole Law in a book"", ""note"": ""The commentary says Moses' pages preserve the message across generations; this verse specifically marks completion of the written book, distinct from its later placement beside the Ark."", ""turn"": 2, ""model"": ""luna"", ""connection_id"": ""BC-2bc577e2d7e2b5f840a6""}, {""line"": 12, ""strength"": ""strong"", ""tradition"": ""tevrat"", ""kind"": ""paralel"", ""ref"": ""WLC:Deut.31.24"", ""basis"": ""Moses completes writing Torah in a book"", ""note"": ""The verse explicitly marks completion of Moses' written Torah, a close biblical comparator for 87:19's named Mosaic sheets."", ""turn"": 1, ""model"": ""terra"", ""connection_id"": ""BC-d32b44657ab8136b79a8""}]"
WLC:Deut.31.26	strong	tevrat	motif	Book of the Law placed beside the Ark | place the Torah book beside the ark	The commentary calls Moses' pages a preserved source for the message; Deuteronomy orders the written Law kept beside the Ark as a standing witness. | The finished book is placed beside the ark as a witness, making physical custody part of preserving the words rather than leaving them only to memory.	sec12	"[{""line"": 9, ""strength"": ""strong"", ""tradition"": ""tevrat"", ""kind"": ""motif"", ""ref"": ""WLC:Deut.31.26"", ""basis"": ""Book of the Law placed beside the Ark"", ""note"": ""The commentary calls Moses' pages a preserved source for the message; Deuteronomy orders the written Law kept beside the Ark as a standing witness."", ""turn"": 1, ""model"": ""luna"", ""connection_id"": ""BC-4959014261c62edf4205""}, {""line"": 13, ""strength"": ""strong"", ""tradition"": ""tevrat"", ""kind"": ""motif"", ""ref"": ""WLC:Deut.31.26"", ""basis"": ""place the Torah book beside the ark"", ""note"": ""The finished book is placed beside the ark as a witness, making physical custody part of preserving the words rather than leaving them only to memory."", ""turn"": 1, ""model"": ""terra"", ""connection_id"": ""BC-fb3407d6ad76c1151b2d""}]"
WLC:Deut.4.9	strong	tevrat	motif	guard memory; teach children and grandchildren	The commentary contrasts preservation with forgetting and commands reminder; Moses warns Israel not to forget what it saw and to pass it to descendants.	sec12	"[{""line"": 7, ""strength"": ""strong"", ""tradition"": ""tevrat"", ""kind"": ""motif"", ""ref"": ""WLC:Deut.4.9"", ""basis"": ""guard memory; teach children and grandchildren"", ""note"": ""The commentary contrasts preservation with forgetting and commands reminder; Moses warns Israel not to forget what it saw and to pass it to descendants."", ""turn"": 1, ""model"": ""luna"", ""connection_id"": ""BC-8d4792b95f86c90de439""}]"
WLC:Deut.6.6	medium	tevrat	motif	words kept on the heart	The commentary describes teaching held in memory before it appears on pages; Deuteronomy first places God's words on the heart, the inner counterpart to later visible inscription.	sec12	"[{""line"": 73, ""strength"": ""medium"", ""tradition"": ""tevrat"", ""kind"": ""motif"", ""ref"": ""WLC:Deut.6.6"", ""basis"": ""words kept on the heart"", ""note"": ""The commentary describes teaching held in memory before it appears on pages; Deuteronomy first places God's words on the heart, the inner counterpart to later visible inscription."", ""turn"": 2, ""model"": ""luna"", ""connection_id"": ""BC-d39712d73b0825c2b1bb""}]"
WLC:Deut.6.7	strong	tevrat	motif	repeating words to children in ordinary daily life	The commentary moves from received recitation to remembrance; Moses commands repeated teaching at home, on the road, at bedtime and on rising, embedding words in daily memory.	sec12	"[{""line"": 46, ""strength"": ""strong"", ""tradition"": ""tevrat"", ""kind"": ""motif"", ""ref"": ""WLC:Deut.6.7"", ""basis"": ""repeating words to children in ordinary daily life"", ""note"": ""The commentary moves from received recitation to remembrance; Moses commands repeated teaching at home, on the road, at bedtime and on rising, embedding words in daily memory."", ""turn"": 2, ""model"": ""luna"", ""connection_id"": ""BC-44634397792882b54c95""}]"
WLC:Deut.6.9	strong	tevrat	motif	words written on doorposts and gates	The commentary describes written pages as a way to preserve recited teaching; Deuteronomy places the words visibly on household entrances, a distinct public inscriptional form.	sec12	"[{""line"": 47, ""strength"": ""strong"", ""tradition"": ""tevrat"", ""kind"": ""motif"", ""ref"": ""WLC:Deut.6.9"", ""basis"": ""words written on doorposts and gates"", ""note"": ""The commentary describes written pages as a way to preserve recited teaching; Deuteronomy places the words visibly on household entrances, a distinct public inscriptional form."", ""turn"": 2, ""model"": ""luna"", ""connection_id"": ""BC-a08ee6747c9714de1fba""}]"
WLC:Deut.8.11	medium	tevrat	motif	forgetting the God who brought Israel out of Egypt	The commentary explicitly gives forgetting the secondary sense of abandoning God; Deuteronomy warns Israel not to forget the Lord after receiving his commands, making that sense a covenant warning.	sec12	"[{""line"": 31, ""strength"": ""medium"", ""tradition"": ""tevrat"", ""kind"": ""motif"", ""ref"": ""WLC:Deut.8.11"", ""basis"": ""forgetting the God who brought Israel out of Egypt"", ""note"": ""The commentary explicitly gives forgetting the secondary sense of abandoning God; Deuteronomy warns Israel not to forget the Lord after receiving his commands, making that sense a covenant warning."", ""turn"": 1, ""model"": ""luna"", ""connection_id"": ""BC-1591cdd1d9bd7341ac29""}]"
WLC:Eccl.12.14	strong	tevrat	paralel	every deed brought into judgment	The final judgment of every hidden good or evil deed adds the judicial outcome to the commentary's 53:38-42 sequence of individual burden, effort, and return to God.	sec12	"[{""line"": 97, ""strength"": ""strong"", ""tradition"": ""tevrat"", ""kind"": ""paralel"", ""ref"": ""WLC:Eccl.12.14"", ""basis"": ""every deed brought into judgment"", ""note"": ""The final judgment of every hidden good or evil deed adds the judicial outcome to the commentary's 53:38-42 sequence of individual burden, effort, and return to God."", ""turn"": 2, ""model"": ""terra"", ""connection_id"": ""BC-cdf9027289ae19d375bb""}]"
WLC:Eccl.12.7	strong	tevrat	paralel	spirit returns to God who gave it	The return of the spirit to its giver gives a Hebrew Bible formulation beside the commentary's statement that the final endpoint is the Lord.	sec12	"[{""line"": 36, ""strength"": ""strong"", ""tradition"": ""tevrat"", ""kind"": ""paralel"", ""ref"": ""WLC:Eccl.12.7"", ""basis"": ""spirit returns to God who gave it"", ""note"": ""The return of the spirit to its giver gives a Hebrew Bible formulation beside the commentary's statement that the final endpoint is the Lord."", ""turn"": 1, ""model"": ""terra"", ""connection_id"": ""BC-880e9caf4cb9b5734cb5""}]"
WLC:Exod.17.14	strong	tevrat	motif|soydas	Hebrew זכרון (zikaron, memorial) | write as memorial; recite in Joshua's hearing	The commentary's dhikr family includes remembrance; here the cognate names a written memorial, giving the word-family a concrete inscriptional use. | The commentary links reminder to written pages and collected recitation; Exodus commands both a written memorial and oral telling, preserving a past event in two forms.	sec12	"[{""line"": 3, ""strength"": ""strong"", ""tradition"": ""tevrat"", ""kind"": ""soydas"", ""ref"": ""WLC:Exod.17.14"", ""basis"": ""Hebrew זכרון (zikaron, memorial)"", ""note"": ""The commentary's dhikr family includes remembrance; here the cognate names a written memorial, giving the word-family a concrete inscriptional use."", ""turn"": 1, ""model"": ""luna"", ""connection_id"": ""BC-164edf29121ee4aefb91""}, {""line"": 4, ""strength"": ""strong"", ""tradition"": ""tevrat"", ""kind"": ""motif"", ""ref"": ""WLC:Exod.17.14"", ""basis"": ""write as memorial; recite in Joshua's hearing"", ""note"": ""The commentary links reminder to written pages and collected recitation; Exodus commands both a written memorial and oral telling, preserving a past event in two forms."", ""turn"": 1, ""model"": ""luna"", ""connection_id"": ""BC-ae3dd4bd2324e9d560a7""}]"
WLC:Exod.20.8	strong	tevrat	soydas	Hebrew z-k-r / Arabic dh-k-r	The Sabbath command uses Hebrew z-k-r, formally cognate with the commentary's ذ ك ر, for a liturgical remembering that issues in sanctification.	sec12	"[{""line"": 25, ""strength"": ""strong"", ""tradition"": ""tevrat"", ""kind"": ""soydas"", ""ref"": ""WLC:Exod.20.8"", ""basis"": ""Hebrew z-k-r / Arabic dh-k-r"", ""note"": ""The Sabbath command uses Hebrew z-k-r, formally cognate with the commentary's ذ ك ر, for a liturgical remembering that issues in sanctification."", ""turn"": 1, ""model"": ""terra"", ""connection_id"": ""BC-710679163aad5c5c8ed9""}]"
WLC:Exod.24.4	strong	tevrat	paralel	Moses writes all YHWH's words	Moses' writing of all the spoken words supplies a Mosaic instance of divine speech becoming a durable written collection.	sec12	"[{""line"": 10, ""strength"": ""strong"", ""tradition"": ""tevrat"", ""kind"": ""paralel"", ""ref"": ""WLC:Exod.24.4"", ""basis"": ""Moses writes all YHWH's words"", ""note"": ""Moses' writing of all the spoken words supplies a Mosaic instance of divine speech becoming a durable written collection."", ""turn"": 1, ""model"": ""terra"", ""connection_id"": ""BC-f2ff998a4886ef697328""}]"
WLC:Exod.24.7	strong	tevrat	motif|paralel|soydas	Hebrew קרא (qara, read aloud) | Book of the Covenant read to the people | Moses reads the covenant book aloud	The commentary's q-r-ء family begins with joining words in recitation; Exodus uses the cognate when Moses reads the written covenant aloud to the people. | The commentary joins recitation to pages; Moses reads a written covenant in the people's hearing, and they answer that they will do its words. | The written covenant is then read in the people's hearing, giving the read-and-hear sequence behind the commentary's movement from gathered words to pages.	sec12	"[{""line"": 5, ""strength"": ""strong"", ""tradition"": ""tevrat"", ""kind"": ""soydas"", ""ref"": ""WLC:Exod.24.7"", ""basis"": ""Hebrew קרא (qara, read aloud)"", ""note"": ""The commentary's q-r-ء family begins with joining words in recitation; Exodus uses the cognate when Moses reads the written covenant aloud to the people."", ""turn"": 1, ""model"": ""luna"", ""connection_id"": ""BC-4fd28d1835c9861dc5fc""}, {""line"": 6, ""strength"": ""strong"", ""tradition"": ""tevrat"", ""kind"": ""motif"", ""ref"": ""WLC:Exod.24.7"", ""basis"": ""Book of the Covenant read to the people"", ""note"": ""The commentary joins recitation to pages; Moses reads a written covenant in the people's hearing, and they answer that they will do its words."", ""turn"": 1, ""model"": ""luna"", ""connection_id"": ""BC-aa57c6e9c5fee85fd369""}, {""line"": 11, ""strength"": ""strong"", ""tradition"": ""tevrat"", ""kind"": ""paralel"", ""ref"": ""WLC:Exod.24.7"", ""basis"": ""Moses reads the covenant book aloud"", ""note"": ""The written covenant is then read in the people's hearing, giving the read-and-hear sequence behind the commentary's movement from gathered words to pages."", ""turn"": 1, ""model"": ""terra"", ""connection_id"": ""BC-2f6812a535c8112277ee""}]"
WLC:Exod.4.12	strong	tevrat	paralel	God teaches Moses' mouth	God promises to be with Moses' mouth and teach him what to speak, a direct Mosaic counterpart to 87:6's God-caused recitation.	sec12	"[{""line"": 1, ""strength"": ""strong"", ""tradition"": ""tevrat"", ""kind"": ""paralel"", ""ref"": ""WLC:Exod.4.12"", ""basis"": ""God teaches Moses' mouth"", ""note"": ""God promises to be with Moses' mouth and teach him what to speak, a direct Mosaic counterpart to 87:6's God-caused recitation."", ""turn"": 1, ""model"": ""terra"", ""connection_id"": ""BC-a969cafa1e8d75f7064d""}]"
WLC:Ezek.18.20	strong	tevrat	paralel	one person's guilt is not borne by another | the sinner bears his own iniquity	The commentary cites the principle that no burden-bearer carries another's burden; Ezekiel says children do not bear parents' guilt or parents children's, grounding the same individual accountability in a different legal setting. | Ezekiel's sustained individual-accountability claim is a close theological counterpart to the commentary's 53:38 reading of the earlier sheets.	sec12	"[{""line"": 15, ""strength"": ""strong"", ""tradition"": ""tevrat"", ""kind"": ""paralel"", ""ref"": ""WLC:Ezek.18.20"", ""basis"": ""one person's guilt is not borne by another"", ""note"": ""The commentary cites the principle that no burden-bearer carries another's burden; Ezekiel says children do not bear parents' guilt or parents children's, grounding the same individual accountability in a different legal setting."", ""turn"": 1, ""model"": ""luna"", ""connection_id"": ""BC-4b2398f74d3d120eb36b""}, {""line"": 35, ""strength"": ""strong"", ""tradition"": ""tevrat"", ""kind"": ""paralel"", ""ref"": ""WLC:Ezek.18.20"", ""basis"": ""the sinner bears his own iniquity"", ""note"": ""Ezekiel's sustained individual-accountability claim is a close theological counterpart to the commentary's 53:38 reading of the earlier sheets."", ""turn"": 1, ""model"": ""terra"", ""connection_id"": ""BC-4ea885780ef9c184855f""}]"
WLC:Ezek.3.1	strong	tevrat	motif|paralel	prophet eats a scroll, then must speak its words to Israel | eat the scroll, then speak	The commentary links divine recitation with a prophet's retention; Ezekiel internalizes a written scroll before being sent to transmit its words to the people. | Ezekiel is commanded to consume the scroll before speaking to Israel, an embodied image of written revelation being internalized and reissued.	sec12	"[{""line"": 60, ""strength"": ""strong"", ""tradition"": ""tevrat"", ""kind"": ""motif"", ""ref"": ""WLC:Ezek.3.1"", ""basis"": ""prophet eats a scroll, then must speak its words to Israel"", ""note"": ""The commentary links divine recitation with a prophet's retention; Ezekiel internalizes a written scroll before being sent to transmit its words to the people."", ""turn"": 2, ""model"": ""luna"", ""connection_id"": ""BC-3972ed9d7d89f879f0c7""}, {""line"": 19, ""strength"": ""strong"", ""tradition"": ""tevrat"", ""kind"": ""paralel"", ""ref"": ""WLC:Ezek.3.1"", ""basis"": ""eat the scroll, then speak"", ""note"": ""Ezekiel is commanded to consume the scroll before speaking to Israel, an embodied image of written revelation being internalized and reissued."", ""turn"": 1, ""model"": ""terra"", ""connection_id"": ""BC-9c836074f26f0c899fa6""}]"
WLC:Ezek.3.3	strong	tevrat	motif	scroll fills the belly and tastes sweet	The commentary's arc makes written words something received and held; Ezekiel's scroll is taken into his body as nourishment before prophetic speech.	sec12	"[{""line"": 61, ""strength"": ""strong"", ""tradition"": ""tevrat"", ""kind"": ""motif"", ""ref"": ""WLC:Ezek.3.3"", ""basis"": ""scroll fills the belly and tastes sweet"", ""note"": ""The commentary's arc makes written words something received and held; Ezekiel's scroll is taken into his body as nourishment before prophetic speech."", ""turn"": 2, ""model"": ""luna"", ""connection_id"": ""BC-8dd94e138512185695ce""}]"
WLC:Gen.26.5	medium	tevrat	karsi_anlati	Abraham obeys commands, statutes, and laws	Genesis presents Abraham as obedient to divine laws but does not narrate a written Abrahamic corpus; the distinction cautions against simply identifying 87:19's sheets with a Genesis document.	sec12	"[{""line"": 89, ""strength"": ""medium"", ""tradition"": ""tevrat"", ""kind"": ""karsi_anlati"", ""ref"": ""WLC:Gen.26.5"", ""basis"": ""Abraham obeys commands, statutes, and laws"", ""note"": ""Genesis presents Abraham as obedient to divine laws but does not narrate a written Abrahamic corpus; the distinction cautions against simply identifying 87:19's sheets with a Genesis document."", ""turn"": 1, ""model"": ""terra"", ""connection_id"": ""BC-09ee4c12c584c92b4592""}]"
WLC:Gen.3.6	strong	tevrat	karsi_anlati	Adam takes and eats the forbidden fruit	Genesis depicts Adam's first transgression as eating fruit in the woman's temptation scene rather than naming forgetfulness; it is the necessary biblical counter-narrative to the commentary's Adam of Q 20:115 who forgets and lacks resolve.	sec12	"[{""line"": 91, ""strength"": ""strong"", ""tradition"": ""tevrat"", ""kind"": ""karsi_anlati"", ""ref"": ""WLC:Gen.3.6"", ""basis"": ""Adam takes and eats the forbidden fruit"", ""note"": ""Genesis depicts Adam's first transgression as eating fruit in the woman's temptation scene rather than naming forgetfulness; it is the necessary biblical counter-narrative to the commentary's Adam of Q 20:115 who forgets and lacks resolve."", ""turn"": 2, ""model"": ""terra"", ""connection_id"": ""BC-1650a89dc5d98f284c9c""}]"
WLC:Gen.41.51	weak	tevrat	soydas	Hebrew נשה (nashah, forget), a likely cognate of Arabic نسي	The commentary develops Arabic n-s-y as forgetting; Joseph names Manasseh because God made him forget hardship, likely sharing the Semitic root, though this is positive relief from suffering rather than forgetting revelation.	sec12	"[{""line"": 89, ""strength"": ""weak"", ""tradition"": ""tevrat"", ""kind"": ""soydas"", ""ref"": ""WLC:Gen.41.51"", ""basis"": ""Hebrew נשה (nashah, forget), a likely cognate of Arabic نسي"", ""note"": ""The commentary develops Arabic n-s-y as forgetting; Joseph names Manasseh because God made him forget hardship, likely sharing the Semitic root, though this is positive relief from suffering rather than forgetting revelation."", ""turn"": 2, ""model"": ""luna"", ""connection_id"": ""BC-aa7db5d459ea9218f077""}]"
WLC:Hab.2.2	strong	tevrat	motif	write the vision so a reader can run	The vision is written plainly on tablets for a reader, an explicit practical reason for fixing revelation in readable written form.	sec12	"[{""line"": 20, ""strength"": ""strong"", ""tradition"": ""tevrat"", ""kind"": ""motif"", ""ref"": ""WLC:Hab.2.2"", ""basis"": ""write the vision so a reader can run"", ""note"": ""The vision is written plainly on tablets for a reader, an explicit practical reason for fixing revelation in readable written form."", ""turn"": 1, ""model"": ""terra"", ""connection_id"": ""BC-a789a3089dbfdf435e07""}]"
WLC:Hos.4.6	strong	tevrat	paralel	forgotten Torah answered by divine forgetting	Because the priests have forgotten God's Torah, God says he will forget their children; this directly parallels the commentary's reciprocal forgetting and judgment.	sec12	"[{""line"": 27, ""strength"": ""strong"", ""tradition"": ""tevrat"", ""kind"": ""paralel"", ""ref"": ""WLC:Hos.4.6"", ""basis"": ""forgotten Torah answered by divine forgetting"", ""note"": ""Because the priests have forgotten God's Torah, God says he will forget their children; this directly parallels the commentary's reciprocal forgetting and judgment."", ""turn"": 1, ""model"": ""terra"", ""connection_id"": ""BC-142b0fd5b9cbec2a3e23""}]"
WLC:Isa.29.11	medium	tevrat	karsi_anlati	sealed book cannot be read	Isaiah's learned reader cannot read the sealed book, a precise inverse scene to 87:6's divine promise to make the messenger recite and retain.	sec12	"[{""line"": 88, ""strength"": ""medium"", ""tradition"": ""tevrat"", ""kind"": ""karsi_anlati"", ""ref"": ""WLC:Isa.29.11"", ""basis"": ""sealed book cannot be read"", ""note"": ""Isaiah's learned reader cannot read the sealed book, a precise inverse scene to 87:6's divine promise to make the messenger recite and retain."", ""turn"": 1, ""model"": ""terra"", ""connection_id"": ""BC-d2d176d151a9e34b7cf8""}]"
WLC:Isa.30.8	strong	tevrat	motif	write the oracle on a tablet and in a book as lasting witness | write on tablet and book for a future day	The commentary carries recited teaching into preserved pages; Isaiah orders a written record for future time, explicitly making inscription a witness that endures. | Isaiah is told to inscribe the testimony so it endures as a witness for the future, a specific biblical reason to preserve prophetic speech in writing.	sec12	"[{""line"": 58, ""strength"": ""strong"", ""tradition"": ""tevrat"", ""kind"": ""motif"", ""ref"": ""WLC:Isa.30.8"", ""basis"": ""write the oracle on a tablet and in a book as lasting witness"", ""note"": ""The commentary carries recited teaching into preserved pages; Isaiah orders a written record for future time, explicitly making inscription a witness that endures."", ""turn"": 2, ""model"": ""luna"", ""connection_id"": ""BC-79a5e3c8303e25f4a00e""}, {""line"": 94, ""strength"": ""strong"", ""tradition"": ""tevrat"", ""kind"": ""motif"", ""ref"": ""WLC:Isa.30.8"", ""basis"": ""write on tablet and book for a future day"", ""note"": ""Isaiah is told to inscribe the testimony so it endures as a witness for the future, a specific biblical reason to preserve prophetic speech in writing."", ""turn"": 2, ""model"": ""terra"", ""connection_id"": ""BC-79e469b3d50a911a3ad0""}]"
WLC:Isa.34.16	strong	tevrat	motif	read the Lord's book; none of the creatures is missing | seek and read YHWH's book; none missing	The commentary says collection prevents the recited word from being dropped; Isaiah directs readers to the Lord's book and claims that none of the listed creatures is absent from its account. | In the oracle's announced animal assembly, the reader is sent to YHWH's book and told none will be missing because his Spirit has gathered them; that concrete book-and-gathering image sharpens the commentary's claim that what God collects is not dropped.	sec12	"[{""line"": 77, ""strength"": ""medium"", ""tradition"": ""tevrat"", ""kind"": ""motif"", ""ref"": ""WLC:Isa.34.16"", ""basis"": ""read the Lord's book; none of the creatures is missing"", ""note"": ""The commentary says collection prevents the recited word from being dropped; Isaiah directs readers to the Lord's book and claims that none of the listed creatures is absent from its account."", ""turn"": 2, ""model"": ""luna"", ""connection_id"": ""BC-d896f6349c617bee0ee0""}, {""line"": 7, ""strength"": ""strong"", ""tradition"": ""tevrat"", ""kind"": ""motif"", ""ref"": ""WLC:Isa.34.16"", ""basis"": ""seek and read YHWH's book; none missing"", ""note"": ""In the oracle's announced animal assembly, the reader is sent to YHWH's book and told none will be missing because his Spirit has gathered them; that concrete book-and-gathering image sharpens the commentary's claim that what God collects is not dropped."", ""turn"": 1, ""model"": ""terra"", ""connection_id"": ""BC-2da7fb96b1daa2afc2b6""}]"
WLC:Isa.40.8	strong	tevrat	motif	grass withers but God's word stands forever	The contrast between perishing grass and the enduring divine word relates the commentary's passing worldly life to retained and lasting revelation.	sec12	"[{""line"": 33, ""strength"": ""strong"", ""tradition"": ""tevrat"", ""kind"": ""motif"", ""ref"": ""WLC:Isa.40.8"", ""basis"": ""grass withers but God's word stands forever"", ""note"": ""The contrast between perishing grass and the enduring divine word relates the commentary's passing worldly life to retained and lasting revelation."", ""turn"": 1, ""model"": ""terra"", ""connection_id"": ""BC-b09f4d60ad403088a3f4""}]"
WLC:Isa.49.15	strong	tevrat	motif|paralel	God promises not to forget Zion | God will not forget Zion	The commentary's promise is that the Prophet will not forget the recited message; Isaiah reverses the direction, portraying God as the one who will not forget Zion even if a mother could forget her child. | The maternal comparison culminates in God's refusal to forget Zion, a personal counterpart to the unforgetting Lord and his record in the commentary.	sec12	"[{""line"": 33, ""strength"": ""medium"", ""tradition"": ""tevrat"", ""kind"": ""motif"", ""ref"": ""WLC:Isa.49.15"", ""basis"": ""God promises not to forget Zion"", ""note"": ""The commentary's promise is that the Prophet will not forget the recited message; Isaiah reverses the direction, portraying God as the one who will not forget Zion even if a mother could forget her child."", ""turn"": 1, ""model"": ""luna"", ""connection_id"": ""BC-347ae49b652c6928ffb2""}, {""line"": 28, ""strength"": ""strong"", ""tradition"": ""tevrat"", ""kind"": ""paralel"", ""ref"": ""WLC:Isa.49.15"", ""basis"": ""God will not forget Zion"", ""note"": ""The maternal comparison culminates in God's refusal to forget Zion, a personal counterpart to the unforgetting Lord and his record in the commentary."", ""turn"": 1, ""model"": ""terra"", ""connection_id"": ""BC-c8315ff0eb199cf593eb""}]"
WLC:Isa.59.21	strong	tevrat	paralel	words never depart from mouths	The covenant promises that God's words will not depart from the prophet's mouth or his descendants' mouths, a generational form of the no-forgetting promise.	sec12	"[{""line"": 4, ""strength"": ""strong"", ""tradition"": ""tevrat"", ""kind"": ""paralel"", ""ref"": ""WLC:Isa.59.21"", ""basis"": ""words never depart from mouths"", ""note"": ""The covenant promises that God's words will not depart from the prophet's mouth or his descendants' mouths, a generational form of the no-forgetting promise."", ""turn"": 1, ""model"": ""terra"", ""connection_id"": ""BC-12b3b4da0731c3af6fde""}]"
WLC:Isa.8.16	strong	tevrat	motif	bind testimony and seal Torah among disciples	The prophet binds and seals testimony among disciples, coupling guarded writing to a community that carries it forward.	sec12	"[{""line"": 21, ""strength"": ""strong"", ""tradition"": ""tevrat"", ""kind"": ""motif"", ""ref"": ""WLC:Isa.8.16"", ""basis"": ""bind testimony and seal Torah among disciples"", ""note"": ""The prophet binds and seals testimony among disciples, coupling guarded writing to a community that carries it forward."", ""turn"": 1, ""model"": ""terra"", ""connection_id"": ""BC-b5aeb8886338c2141e20""}]"
WLC:Jer.1.9	strong	tevrat	paralel	YHWH puts words in Jeremiah's mouth	The mouth-touching call scene makes prophetic speech a deposited divine word, illuminating 87:6 before the commentary turns to retention.	sec12	"[{""line"": 3, ""strength"": ""strong"", ""tradition"": ""tevrat"", ""kind"": ""paralel"", ""ref"": ""WLC:Jer.1.9"", ""basis"": ""YHWH puts words in Jeremiah's mouth"", ""note"": ""The mouth-touching call scene makes prophetic speech a deposited divine word, illuminating 87:6 before the commentary turns to retention."", ""turn"": 1, ""model"": ""terra"", ""connection_id"": ""BC-54e90758bf89f159c968""}]"
WLC:Jer.15.16	strong	tevrat	motif	prophet finds, eats and delights in God's words	The commentary connects recitation with remembering the Lord's name; Jeremiah says he found and ate God's words and that God's name was invoked over him, joining reception of words to prophetic identity.	sec12	"[{""line"": 62, ""strength"": ""strong"", ""tradition"": ""tevrat"", ""kind"": ""motif"", ""ref"": ""WLC:Jer.15.16"", ""basis"": ""prophet finds, eats and delights in God's words"", ""note"": ""The commentary connects recitation with remembering the Lord's name; Jeremiah says he found and ate God's words and that God's name was invoked over him, joining reception of words to prophetic identity."", ""turn"": 2, ""model"": ""luna"", ""connection_id"": ""BC-a12cc38ca748b985d15a""}]"
WLC:Jer.17.10	strong	tevrat	paralel	God gives each according to ways and deeds	YHWH's searching judgment and recompense according to each person's ways supplies a Hebrew Bible counterpart to the commentary's cited earlier-sheet ethics of personal effort and return.	sec12	"[{""line"": 96, ""strength"": ""strong"", ""tradition"": ""tevrat"", ""kind"": ""paralel"", ""ref"": ""WLC:Jer.17.10"", ""basis"": ""God gives each according to ways and deeds"", ""note"": ""YHWH's searching judgment and recompense according to each person's ways supplies a Hebrew Bible counterpart to the commentary's cited earlier-sheet ethics of personal effort and return."", ""turn"": 2, ""model"": ""terra"", ""connection_id"": ""BC-af9b9c14bea2192e4b38""}]"
WLC:Jer.2.32	strong	tevrat	motif	Israel forgets God despite the bride comparison	Jeremiah contrasts a bride who remembers her adornments with Israel that has forgotten God for countless days, making forgetfulness concrete as covenantal abandonment.	sec12	"[{""line"": 26, ""strength"": ""strong"", ""tradition"": ""tevrat"", ""kind"": ""motif"", ""ref"": ""WLC:Jer.2.32"", ""basis"": ""Israel forgets God despite the bride comparison"", ""note"": ""Jeremiah contrasts a bride who remembers her adornments with Israel that has forgotten God for countless days, making forgetfulness concrete as covenantal abandonment."", ""turn"": 1, ""model"": ""terra"", ""connection_id"": ""BC-e65b63e0d3ec6d9d450a""}]"
WLC:Jer.31.34	medium	tevrat	motif	God remembers sins no more as an act of forgiveness	The commentary cites divine forgetting as abandonment of the unfaithful; Jeremiah uses not remembering sins as covenant forgiveness, giving divine non-remembrance an opposite moral valence.	sec12	"[{""line"": 74, ""strength"": ""medium"", ""tradition"": ""tevrat"", ""kind"": ""motif"", ""ref"": ""WLC:Jer.31.34"", ""basis"": ""God remembers sins no more as an act of forgiveness"", ""note"": ""The commentary cites divine forgetting as abandonment of the unfaithful; Jeremiah uses not remembering sins as covenant forgiveness, giving divine non-remembrance an opposite moral valence."", ""turn"": 2, ""model"": ""luna"", ""connection_id"": ""BC-5cc05ff17af3c10fc942""}]"
WLC:Jer.36.2	strong	tevrat	paralel	write spoken prophecies on a scroll	YHWH orders Jeremiah to put all the words spoken against Israel and Judah on a scroll, directly joining oral revelation and a written surface.	sec12	"[{""line"": 15, ""strength"": ""strong"", ""tradition"": ""tevrat"", ""kind"": ""paralel"", ""ref"": ""WLC:Jer.36.2"", ""basis"": ""write spoken prophecies on a scroll"", ""note"": ""YHWH orders Jeremiah to put all the words spoken against Israel and Judah on a scroll, directly joining oral revelation and a written surface."", ""turn"": 1, ""model"": ""terra"", ""connection_id"": ""BC-53310e5a4f7dd391bb26""}]"
WLC:Jer.36.23	strong	tevrat	karsi_anlati|motif	Jehoiakim cuts and burns the scroll | royal burning of the scroll	The commentary describes deliberate forgetting and a promise that recited words will not be lost; the king deliberately destroys the written words, a sharp counter-scene to that assurance. | Jehoiakim cuts and burns the written columns; its deliberate loss gives a concrete contrary case to the commentary's claim that divine collection is not dropped.	sec12	"[{""line"": 11, ""strength"": ""strong"", ""tradition"": ""tevrat"", ""kind"": ""karsi_anlati"", ""ref"": ""WLC:Jer.36.23"", ""basis"": ""Jehoiakim cuts and burns the scroll"", ""note"": ""The commentary describes deliberate forgetting and a promise that recited words will not be lost; the king deliberately destroys the written words, a sharp counter-scene to that assurance."", ""turn"": 1, ""model"": ""luna"", ""connection_id"": ""BC-2c9f09e482a96e6bebb1""}, {""line"": 17, ""strength"": ""strong"", ""tradition"": ""tevrat"", ""kind"": ""motif"", ""ref"": ""WLC:Jer.36.23"", ""basis"": ""royal burning of the scroll"", ""note"": ""Jehoiakim cuts and burns the written columns; its deliberate loss gives a concrete contrary case to the commentary's claim that divine collection is not dropped."", ""turn"": 1, ""model"": ""terra"", ""connection_id"": ""BC-8de596fc15a4ba956fef""}]"
WLC:Jer.36.28	strong	tevrat	paralel	rewrite the burned scroll's former words	After the scroll is burned, YHWH commands another scroll containing the former words, making restoration after textual loss part of the parallel.	sec12	"[{""line"": 18, ""strength"": ""strong"", ""tradition"": ""tevrat"", ""kind"": ""paralel"", ""ref"": ""WLC:Jer.36.28"", ""basis"": ""rewrite the burned scroll's former words"", ""note"": ""After the scroll is burned, YHWH commands another scroll containing the former words, making restoration after textual loss part of the parallel."", ""turn"": 1, ""model"": ""terra"", ""connection_id"": ""BC-d88457e815234e8f6b4f""}]"
WLC:Jer.36.32	strong	tevrat	motif|paralel	rewritten scroll with additional words | former scroll restored with additional words	After the scroll is burned, Jeremiah dictates again and Baruch writes a replacement with more words; this gives the commentary's movement from loss to recollection and pages a concrete recovery narrative. | After the burning, Baruch writes the former words from Jeremiah's mouth and many similar words are added; this distinct final step makes remembered speech both recoverable and expandable in a new scroll.	sec12	"[{""line"": 12, ""strength"": ""strong"", ""tradition"": ""tevrat"", ""kind"": ""motif"", ""ref"": ""WLC:Jer.36.32"", ""basis"": ""rewritten scroll with additional words"", ""note"": ""After the scroll is burned, Jeremiah dictates again and Baruch writes a replacement with more words; this gives the commentary's movement from loss to recollection and pages a concrete recovery narrative."", ""turn"": 1, ""model"": ""luna"", ""connection_id"": ""BC-4b49f53e7b0282d4727e""}, {""line"": 95, ""strength"": ""strong"", ""tradition"": ""tevrat"", ""kind"": ""paralel"", ""ref"": ""WLC:Jer.36.32"", ""basis"": ""former scroll restored with additional words"", ""note"": ""After the burning, Baruch writes the former words from Jeremiah's mouth and many similar words are added; this distinct final step makes remembered speech both recoverable and expandable in a new scroll."", ""turn"": 2, ""model"": ""terra"", ""connection_id"": ""BC-3a68e0a51617aadbecb7""}]"
WLC:Jer.36.4	strong	tevrat	motif|paralel	Jeremiah dictates; Baruch writes | Baruch writes from Jeremiah's mouth	The commentary's reading-to-pages sequence is enacted when Jeremiah speaks God's words and Baruch writes them on a scroll. | Baruch writes the divine words from Jeremiah's mouth on a scroll, a particularly close scene of mediated recital becoming pages.	sec12	"[{""line"": 10, ""strength"": ""strong"", ""tradition"": ""tevrat"", ""kind"": ""motif"", ""ref"": ""WLC:Jer.36.4"", ""basis"": ""Jeremiah dictates; Baruch writes"", ""note"": ""The commentary's reading-to-pages sequence is enacted when Jeremiah speaks God's words and Baruch writes them on a scroll."", ""turn"": 1, ""model"": ""luna"", ""connection_id"": ""BC-4aab927166aca1e4c250""}, {""line"": 16, ""strength"": ""strong"", ""tradition"": ""tevrat"", ""kind"": ""paralel"", ""ref"": ""WLC:Jer.36.4"", ""basis"": ""Baruch writes from Jeremiah's mouth"", ""note"": ""Baruch writes the divine words from Jeremiah's mouth on a scroll, a particularly close scene of mediated recital becoming pages."", ""turn"": 1, ""model"": ""terra"", ""connection_id"": ""BC-65f9981e5e4f15b0336d""}]"
WLC:Job.19.23	medium	tevrat	motif	Job wishes his words written in a book | Job desires his words inscribed permanently	The commentary traces recitation into written pages; Job asks for his own words to be recorded in a book, a lament's appeal for durable preservation. | Job's wish that his words be written in a book makes durable inscription the response to threatened loss in a non-prophetic setting, extending the commentary's concern with pages that hold what speech might otherwise lose.	sec12	"[{""line"": 75, ""strength"": ""medium"", ""tradition"": ""tevrat"", ""kind"": ""motif"", ""ref"": ""WLC:Job.19.23"", ""basis"": ""Job wishes his words written in a book"", ""note"": ""The commentary traces recitation into written pages; Job asks for his own words to be recorded in a book, a lament's appeal for durable preservation."", ""turn"": 2, ""model"": ""luna"", ""connection_id"": ""BC-8c205972ab020e7eb1f2""}, {""line"": 106, ""strength"": ""medium"", ""tradition"": ""tevrat"", ""kind"": ""motif"", ""ref"": ""WLC:Job.19.23"", ""basis"": ""Job desires his words inscribed permanently"", ""note"": ""Job's wish that his words be written in a book makes durable inscription the response to threatened loss in a non-prophetic setting, extending the commentary's concern with pages that hold what speech might otherwise lose."", ""turn"": 2, ""model"": ""terra"", ""connection_id"": ""BC-7797fe99f2b0dce37f65""}]"
WLC:Job.19.24	medium	tevrat	motif	words engraved in rock with iron and lead	The commentary says the written pages preserve what memory might lose; Job intensifies the wish by asking for words cut permanently into rock.	sec12	"[{""line"": 76, ""strength"": ""medium"", ""tradition"": ""tevrat"", ""kind"": ""motif"", ""ref"": ""WLC:Job.19.24"", ""basis"": ""words engraved in rock with iron and lead"", ""note"": ""The commentary says the written pages preserve what memory might lose; Job intensifies the wish by asking for words cut permanently into rock."", ""turn"": 2, ""model"": ""luna"", ""connection_id"": ""BC-4620e37f7c2071ad89a8""}]"
WLC:Josh.1.8	strong	tevrat	paralel	book in the mouth and day-night meditation	Joshua is told that the Torah book must not depart from his mouth and must be meditated on continually, combining a book, oral repetition, and obedient retention.	sec12	"[{""line"": 9, ""strength"": ""strong"", ""tradition"": ""tevrat"", ""kind"": ""paralel"", ""ref"": ""WLC:Josh.1.8"", ""basis"": ""book in the mouth and day-night meditation"", ""note"": ""Joshua is told that the Torah book must not depart from his mouth and must be meditated on continually, combining a book, oral repetition, and obedient retention."", ""turn"": 1, ""model"": ""terra"", ""connection_id"": ""BC-d57c47012b3a86c97a96""}]"
WLC:Mal.3.16	strong	tevrat	motif|soydas	Hebrew זכרון (zikaron, remembrance) | fearers, the Lord's name, book of remembrance | book of remembrance for those who fear the Name	The commentary makes dhikr both preservation and remembrance; Malachi uses the cognate in a book written for those who fear the Lord and honor his name, joining remembered devotion to a written record. | The commentary says the one who fears will remember and that remembrance of the Lord's name leads to prayer; Malachi's fearers honor the name and are recorded in a book of remembrance. | Those who fear YHWH are recorded in a book of remembrance before him, bringing together fear, the divine Name, remembering, and a written record as in 87:9-10 and 15-19.	sec12	"[{""line"": 1, ""strength"": ""strong"", ""tradition"": ""tevrat"", ""kind"": ""soydas"", ""ref"": ""WLC:Mal.3.16"", ""basis"": ""Hebrew זכרון (zikaron, remembrance)"", ""note"": ""The commentary makes dhikr both preservation and remembrance; Malachi uses the cognate in a book written for those who fear the Lord and honor his name, joining remembered devotion to a written record."", ""turn"": 1, ""model"": ""luna"", ""connection_id"": ""BC-ec5680ca03a2b96118e3""}, {""line"": 2, ""strength"": ""strong"", ""tradition"": ""tevrat"", ""kind"": ""motif"", ""ref"": ""WLC:Mal.3.16"", ""basis"": ""fearers, the Lord's name, book of remembrance"", ""note"": ""The commentary says the one who fears will remember and that remembrance of the Lord's name leads to prayer; Malachi's fearers honor the name and are recorded in a book of remembrance."", ""turn"": 1, ""model"": ""luna"", ""connection_id"": ""BC-c116003068a2a2660f1a""}, {""line"": 29, ""strength"": ""strong"", ""tradition"": ""tevrat"", ""kind"": ""motif"", ""ref"": ""WLC:Mal.3.16"", ""basis"": ""book of remembrance for those who fear the Name"", ""note"": ""Those who fear YHWH are recorded in a book of remembrance before him, bringing together fear, the divine Name, remembering, and a written record as in 87:9-10 and 15-19."", ""turn"": 1, ""model"": ""terra"", ""connection_id"": ""BC-0630fe43af7fd1774945""}]"
WLC:Mal.3.18	medium	tevrat	motif	distinction between those serving God and those not	The commentary separates the one who fears and remembers from the one who avoids reminder; Malachi says a coming distinction will be made between the righteous and the wicked.	sec12	"[{""line"": 32, ""strength"": ""medium"", ""tradition"": ""tevrat"", ""kind"": ""motif"", ""ref"": ""WLC:Mal.3.18"", ""basis"": ""distinction between those serving God and those not"", ""note"": ""The commentary separates the one who fears and remembers from the one who avoids reminder; Malachi says a coming distinction will be made between the righteous and the wicked."", ""turn"": 1, ""model"": ""luna"", ""connection_id"": ""BC-caef9b83bd59b5ba408f""}]"
WLC:Mal.3.22	strong	tevrat	paralel	remember the Torah of Moses	The closing command to remember Moses' Torah makes remembrance itself the mode by which a Mosaic written legacy remains operative.	sec12	"[{""line"": 30, ""strength"": ""strong"", ""tradition"": ""tevrat"", ""kind"": ""paralel"", ""ref"": ""WLC:Mal.3.22"", ""basis"": ""remember the Torah of Moses"", ""note"": ""The closing command to remember Moses' Torah makes remembrance itself the mode by which a Mosaic written legacy remains operative."", ""turn"": 1, ""model"": ""terra"", ""connection_id"": ""BC-6c92ce2b9198b3144ded""}]"
WLC:Neh.8.8	strong	tevrat	motif|soydas	reading the Law with explanation so people understand | Hebrew q-r-ʾ / Arabic q-r-ʾ	The commentary treats reminder as an aid to recover needed knowledge; Nehemiah describes public reading of the book with explanation that makes its meaning clear to listeners. | Hebrew q-r-ʾ is used for public reading of God's written Torah with explanation; its formal cognacy with the commentary's قرأ makes 87:6's recitation a textual and communal act, not only private memory.	sec12	"[{""line"": 34, ""strength"": ""medium"", ""tradition"": ""tevrat"", ""kind"": ""motif"", ""ref"": ""WLC:Neh.8.8"", ""basis"": ""reading the Law with explanation so people understand"", ""note"": ""The commentary treats reminder as an aid to recover needed knowledge; Nehemiah describes public reading of the book with explanation that makes its meaning clear to listeners."", ""turn"": 1, ""model"": ""luna"", ""connection_id"": ""BC-bf585ef74694315cb77f""}, {""line"": 8, ""strength"": ""strong"", ""tradition"": ""tevrat"", ""kind"": ""soydas"", ""ref"": ""WLC:Neh.8.8"", ""basis"": ""Hebrew q-r-ʾ / Arabic q-r-ʾ"", ""note"": ""Hebrew q-r-ʾ is used for public reading of God's written Torah with explanation; its formal cognacy with the commentary's قرأ makes 87:6's recitation a textual and communal act, not only private memory."", ""turn"": 1, ""model"": ""terra"", ""connection_id"": ""BC-03421cab7a71064607db""}]"
WLC:Num.15.39	strong	tevrat	motif	visible fringe as a reminder to obey	The tassel is to be seen so Israel remembers and performs the commands; it gives a material tadhkira-like aid to recall.	sec12	"[{""line"": 24, ""strength"": ""strong"", ""tradition"": ""tevrat"", ""kind"": ""motif"", ""ref"": ""WLC:Num.15.39"", ""basis"": ""visible fringe as a reminder to obey"", ""note"": ""The tassel is to be seen so Israel remembers and performs the commands; it gives a material tadhkira-like aid to recall."", ""turn"": 1, ""model"": ""terra"", ""connection_id"": ""BC-56f34d41c6b844af747a""}]"
WLC:Prov.3.1	strong	tevrat	motif|paralel	do not forget teaching; let the heart keep commands | do not forget teaching; heart keeps commands	The commentary opposes forgetting to keeping entrusted teaching; Proverbs pairs an explicit command not to forget with the heart's custody of instruction. | Forgetting Torah is opposed to the heart's keeping commandments, closely matching the commentary's definition of forgetting as failure to hold what was entrusted.	sec12	"[{""line"": 56, ""strength"": ""strong"", ""tradition"": ""tevrat"", ""kind"": ""motif"", ""ref"": ""WLC:Prov.3.1"", ""basis"": ""do not forget teaching; let the heart keep commands"", ""note"": ""The commentary opposes forgetting to keeping entrusted teaching; Proverbs pairs an explicit command not to forget with the heart's custody of instruction."", ""turn"": 2, ""model"": ""luna"", ""connection_id"": ""BC-d50d3e2f9669d2e70d8f""}, {""line"": 23, ""strength"": ""strong"", ""tradition"": ""tevrat"", ""kind"": ""paralel"", ""ref"": ""WLC:Prov.3.1"", ""basis"": ""do not forget teaching; heart keeps commands"", ""note"": ""Forgetting Torah is opposed to the heart's keeping commandments, closely matching the commentary's definition of forgetting as failure to hold what was entrusted."", ""turn"": 1, ""model"": ""terra"", ""connection_id"": ""BC-48bbf75327105a7e5f84""}]"
WLC:Prov.3.3	strong	tevrat	motif	teaching written on the heart	The commentary moves between memory and physical pages; Proverbs says to bind fidelity around the neck and write it on the heart, relocating inscription inside the learner.	sec12	"[{""line"": 57, ""strength"": ""strong"", ""tradition"": ""tevrat"", ""kind"": ""motif"", ""ref"": ""WLC:Prov.3.3"", ""basis"": ""teaching written on the heart"", ""note"": ""The commentary moves between memory and physical pages; Proverbs says to bind fidelity around the neck and write it on the heart, relocating inscription inside the learner."", ""turn"": 2, ""model"": ""luna"", ""connection_id"": ""BC-1c8082aae206a50967e7""}]"
WLC:Ps.119.11	strong	tevrat	motif	word stored in the heart to prevent sin	The commentary depicts teaching retained rather than lost; the psalmist says he has stored God's word in his heart so he will not sin.	sec12	"[{""line"": 55, ""strength"": ""strong"", ""tradition"": ""tevrat"", ""kind"": ""motif"", ""ref"": ""WLC:Ps.119.11"", ""basis"": ""word stored in the heart to prevent sin"", ""note"": ""The commentary depicts teaching retained rather than lost; the psalmist says he has stored God's word in his heart so he will not sin."", ""turn"": 2, ""model"": ""luna"", ""connection_id"": ""BC-9904a0d593587b96b174""}]"
WLC:Ps.119.16	strong	tevrat	paralel	I will not forget your word	The psalmist's pledge not to forget God's word is the direct devotional counterpart to the commentary's contrast between forgetting and preserving.	sec12	"[{""line"": 22, ""strength"": ""strong"", ""tradition"": ""tevrat"", ""kind"": ""paralel"", ""ref"": ""WLC:Ps.119.16"", ""basis"": ""I will not forget your word"", ""note"": ""The psalmist's pledge not to forget God's word is the direct devotional counterpart to the commentary's contrast between forgetting and preserving."", ""turn"": 1, ""model"": ""terra"", ""connection_id"": ""BC-a4037e1456c24a78d910""}]"
WLC:Ps.119.176	strong	tevrat	motif	lost sheep; seek your servant; I have not forgotten	The commentary defines recollection as seeking what has gone missing; the psalmist asks God to seek him as a lost sheep while affirming that he remembers God's commandments.	sec12	"[{""line"": 14, ""strength"": ""strong"", ""tradition"": ""tevrat"", ""kind"": ""motif"", ""ref"": ""WLC:Ps.119.176"", ""basis"": ""lost sheep; seek your servant; I have not forgotten"", ""note"": ""The commentary defines recollection as seeking what has gone missing; the psalmist asks God to seek him as a lost sheep while affirming that he remembers God's commandments."", ""turn"": 1, ""model"": ""luna"", ""connection_id"": ""BC-bf15456fe251f53d56f8""}]"
WLC:Ps.119.93	strong	tevrat	motif	never forgetting precepts that preserve life	The commentary says remembrance is the opposite of forgetting and that remembered teaching is kept; the psalmist says God's precepts preserve life and therefore will not be forgotten.	sec12	"[{""line"": 13, ""strength"": ""strong"", ""tradition"": ""tevrat"", ""kind"": ""motif"", ""ref"": ""WLC:Ps.119.93"", ""basis"": ""never forgetting precepts that preserve life"", ""note"": ""The commentary says remembrance is the opposite of forgetting and that remembered teaching is kept; the psalmist says God's precepts preserve life and therefore will not be forgotten."", ""turn"": 1, ""model"": ""luna"", ""connection_id"": ""BC-e7105e1bbfaa2033f2a5""}]"
WLC:Ps.78.7	strong	tevrat	motif	remember God's works and keep commandments	The commentary says remembrance preserves teaching; the psalm's intergenerational instruction aims to make children hope in God, not forget his works, and keep his commands.	sec12	"[{""line"": 54, ""strength"": ""strong"", ""tradition"": ""tevrat"", ""kind"": ""motif"", ""ref"": ""WLC:Ps.78.7"", ""basis"": ""remember God's works and keep commandments"", ""note"": ""The commentary says remembrance preserves teaching; the psalm's intergenerational instruction aims to make children hope in God, not forget his works, and keep his commands."", ""turn"": 2, ""model"": ""luna"", ""connection_id"": ""BC-8fd4224b1ad2d891d761""}]"
Wisdom of Solomon 2:2	medium	tevrat	karsi_anlati	the speakers deny return after death	The commentary affirms an afterlife better and more lasting than present life; Wisdom's speakers argue that death has no return, directly opposing that horizon.	sec12	"[{""line"": 41, ""strength"": ""medium"", ""tradition"": ""tevrat"", ""kind"": ""karsi_anlati"", ""ref"": ""Wisdom of Solomon 2:2"", ""basis"": ""the speakers deny return after death"", ""note"": ""The commentary affirms an afterlife better and more lasting than present life; Wisdom's speakers argue that death has no return, directly opposing that horizon."", ""turn"": 1, ""model"": ""luna"", ""connection_id"": ""BC-461387eb456a2a0428e1""}]"
Wisdom of Solomon 2:6	strong	tevrat	karsi_anlati	the speakers urge enjoyment of present goods	The commentary says people prefer present worldly life although the afterlife is more lasting; Wisdom's speakers instead propose enjoying the good things available now, voicing the contrary valuation.	sec12	"[{""line"": 28, ""strength"": ""strong"", ""tradition"": ""tevrat"", ""kind"": ""karsi_anlati"", ""ref"": ""Wisdom of Solomon 2:6"", ""basis"": ""the speakers urge enjoyment of present goods"", ""note"": ""The commentary says people prefer present worldly life although the afterlife is more lasting; Wisdom's speakers instead propose enjoying the good things available now, voicing the contrary valuation."", ""turn"": 1, ""model"": ""luna"", ""connection_id"": ""BC-4cdbd05e3c8d3ef1bfad""}]"
b. Bava Batra 14b	medium	tevrat	yorum_gelenegi	Moses' authorship and the catalog of biblical books	The rabbinic discussion that attributes Moses' book and other works to named authors is a later Jewish way of organizing the textual corpus behind the commentary's named Mosaic pages.	sec12	"[{""line"": 108, ""strength"": ""medium"", ""tradition"": ""tevrat"", ""kind"": ""yorum_gelenegi"", ""ref"": ""b. Bava Batra 14b"", ""basis"": ""Moses' authorship and the catalog of biblical books"", ""note"": ""The rabbinic discussion that attributes Moses' book and other works to named authors is a later Jewish way of organizing the textual corpus behind the commentary's named Mosaic pages."", ""turn"": 2, ""model"": ""terra"", ""connection_id"": ""BC-6ea3d91cb92ea953a349""}]"
b. Gittin 60a	strong	tevrat	yorum_gelenegi	Torah given scroll by scroll or as one whole	The rabbinic dispute over separate scrolls versus a completed Torah directly frames the commentary's progression from written sheets to a gathered codex as a question about revelation's material form.	sec12	"[{""line"": 40, ""strength"": ""strong"", ""tradition"": ""tevrat"", ""kind"": ""yorum_gelenegi"", ""ref"": ""b. Gittin 60a"", ""basis"": ""Torah given scroll by scroll or as one whole"", ""note"": ""The rabbinic dispute over separate scrolls versus a completed Torah directly frames the commentary's progression from written sheets to a gathered codex as a question about revelation's material form."", ""turn"": 1, ""model"": ""terra"", ""connection_id"": ""BC-7396539bf4b312e570cb""}]"
b. Hagigah 9b	medium	tevrat	motif	one hundred versus one hundred and one reviews	The contrast between reviewing a lesson one hundred and one times versus one hundred times supplies a rabbinic practice of repetition aimed at preventing the loss the commentary calls forgetting.	sec12	"[{""line"": 109, ""strength"": ""medium"", ""tradition"": ""tevrat"", ""kind"": ""motif"", ""ref"": ""b. Hagigah 9b"", ""basis"": ""one hundred versus one hundred and one reviews"", ""note"": ""The contrast between reviewing a lesson one hundred and one times versus one hundred times supplies a rabbinic practice of repetition aimed at preventing the loss the commentary calls forgetting."", ""turn"": 2, ""model"": ""terra"", ""connection_id"": ""BC-a91ef96bd188a791bde2""}]"
b. Kiddushin 82a	strong	tevrat	yorum_gelenegi	Abraham fulfilled Torah before Sinai	By reading Genesis 26:5 as Abraham's observance of the whole Torah before its giving to Moses, the tradition supplies a Jewish bridge to 87:19's Abraham-and-Moses pairing.	sec12	"[{""line"": 41, ""strength"": ""strong"", ""tradition"": ""tevrat"", ""kind"": ""yorum_gelenegi"", ""ref"": ""b. Kiddushin 82a"", ""basis"": ""Abraham fulfilled Torah before Sinai"", ""note"": ""By reading Genesis 26:5 as Abraham's observance of the whole Torah before its giving to Moses, the tradition supplies a Jewish bridge to 87:19's Abraham-and-Moses pairing."", ""turn"": 1, ""model"": ""terra"", ""connection_id"": ""BC-f2a972831d7259259691""}]"
b. Pesachim 117b	medium	tevrat	yorum_gelenegi	remember Sabbath over wine	The rabbinic derivation of Sabbath remembrance over wine interprets the Hebrew cognate z-k-r as enacted recall, sharpening the liturgical side of the commentary's ذ ك ر.	sec12	"[{""line"": 82, ""strength"": ""medium"", ""tradition"": ""tevrat"", ""kind"": ""yorum_gelenegi"", ""ref"": ""b. Pesachim 117b"", ""basis"": ""remember Sabbath over wine"", ""note"": ""The rabbinic derivation of Sabbath remembrance over wine interprets the Hebrew cognate z-k-r as enacted recall, sharpening the liturgical side of the commentary's ذ ك ر."", ""turn"": 1, ""model"": ""terra"", ""connection_id"": ""BC-c4ff8e7dcac544d496bc""}]"
