ref	tier	tradition	kinds	basis	explanations	target	evidence
Didache 1.1	medium	incil	motif	two ways, life and death	The Didache opens by setting a way of life against a way of death; this gives a concrete early Christian form to the commentary's secondary sense of loss as leaving the right path.	103:2	"[{""line"": 101, ""strength"": ""medium"", ""tradition"": ""incil"", ""kind"": ""motif"", ""ref"": ""Didache 1.1"", ""basis"": ""two ways, life and death"", ""note"": ""The Didache opens by setting a way of life against a way of death; this gives a concrete early Christian form to the commentary's secondary sense of loss as leaving the right path."", ""turn"": 2, ""model"": ""luna"", ""connection_id"": ""BC-c469948faa2a38fc44e5""}]"
Didache 1:1	medium	incil	motif	two ways of life and death	The commentary treats loss as a misdirected path that ends in destruction and truth as another way; the Didache opens with two ways, one of life and one of death, rather than treating the error as a mere feeling.	103:2	"[{""line"": 167, ""strength"": ""medium"", ""tradition"": ""incil"", ""kind"": ""motif"", ""ref"": ""Didache 1:1"", ""basis"": ""two ways of life and death"", ""note"": ""The commentary treats loss as a misdirected path that ends in destruction and truth as another way; the Didache opens with two ways, one of life and one of death, rather than treating the error as a mere feeling."", ""turn"": 2, ""model"": ""sol"", ""connection_id"": ""BC-a93f346f72abc435b58c""}]"
Epistle of Barnabas 18:1	weak	incil	motif	ways of light and darkness	The commentary develops losing one's way as a moral loss answered by truthful direction; Barnabas introduces opposing ways of light and darkness. The overlap is the two-path framework, since its particular signs differ from the commentary's trade and scale imagery.	103:2	"[{""line"": 169, ""strength"": ""weak"", ""tradition"": ""incil"", ""kind"": ""motif"", ""ref"": ""Epistle of Barnabas 18:1"", ""basis"": ""ways of light and darkness"", ""note"": ""The commentary develops losing one's way as a moral loss answered by truthful direction; Barnabas introduces opposing ways of light and darkness. The overlap is the two-path framework, since its particular signs differ from the commentary's trade and scale imagery."", ""turn"": 2, ""model"": ""sol"", ""connection_id"": ""BC-a3ad3d27e5b54a9da7f5""}]"
Gospel of Thomas 3	medium	incil	motif	unrecognized poverty and self-knowledge	The commentary says the named seeing human may not perceive his own deficit; Thomas has Jesus say those who fail to know themselves dwell in poverty and are poverty, making an internal condition invisible to its bearer.	103:2	"[{""line"": 168, ""strength"": ""medium"", ""tradition"": ""incil"", ""kind"": ""motif"", ""ref"": ""Gospel of Thomas 3"", ""basis"": ""unrecognized poverty and self-knowledge"", ""note"": ""The commentary says the named seeing human may not perceive his own deficit; Thomas has Jesus say those who fail to know themselves dwell in poverty and are poverty, making an internal condition invisible to its bearer."", ""turn"": 2, ""model"": ""sol"", ""connection_id"": ""BC-9ace2b319ae3e2556943""}]"
Gospel of Thomas 63	strong	incil	motif	barns, profit and death	This parallel rich-fool saying has a man plan to fill his stores and lack nothing, then die that night; it sharpens the gap between expected profit and the actual account.	103:2	"[{""line"": 3, ""strength"": ""strong"", ""tradition"": ""incil"", ""kind"": ""motif"", ""ref"": ""Gospel of Thomas 63"", ""basis"": ""barns, profit and death"", ""note"": ""This parallel rich-fool saying has a man plan to fill his stores and lack nothing, then die that night; it sharpens the gap between expected profit and the actual account."", ""turn"": 1, ""model"": ""luna"", ""connection_id"": ""BC-d890724a0dfd72e3e3b6""}]"
SBLGNT:1Cor.13.12	medium	incil	motif	indirect reflection and eventual face-to-face sight	The commentary uses a tiny reflected face to describe limited self-knowledge through another person; Paul describes present seeing through a mirror dimly and later face-to-face knowing.	103:2	"[{""line"": 78, ""strength"": ""medium"", ""tradition"": ""incil"", ""kind"": ""motif"", ""ref"": ""SBLGNT:1Cor.13.12"", ""basis"": ""indirect reflection and eventual face-to-face sight"", ""note"": ""The commentary uses a tiny reflected face to describe limited self-knowledge through another person; Paul describes present seeing through a mirror dimly and later face-to-face knowing."", ""turn"": 1, ""model"": ""sol"", ""connection_id"": ""BC-9ded467296ccb2b7fdb9""}]"
SBLGNT:1Cor.13.3	strong	incil	motif	give everything yet gain nothing without love	The commentary links good deeds to reciprocal human relations as the route out of loss; Paul says even giving away all possessions yields no gain if love is absent.	103:2	"[{""line"": 137, ""strength"": ""strong"", ""tradition"": ""incil"", ""kind"": ""motif"", ""ref"": ""SBLGNT:1Cor.13.3"", ""basis"": ""give everything yet gain nothing without love"", ""note"": ""The commentary links good deeds to reciprocal human relations as the route out of loss; Paul says even giving away all possessions yields no gain if love is absent."", ""turn"": 2, ""model"": ""sol"", ""connection_id"": ""BC-25afe3e87434994702fe""}]"
SBLGNT:1Cor.3.13	strong	incil	motif	work tested by fire on the day	The commentary joins work, judgment and a fire storm that can erase a lifetime's produce; Paul says the Day and its fire disclose the quality of each person's work.	103:2	"[{""line"": 29, ""strength"": ""strong"", ""tradition"": ""incil"", ""kind"": ""motif"", ""ref"": ""SBLGNT:1Cor.3.13"", ""basis"": ""work tested by fire on the day"", ""note"": ""The commentary joins work, judgment and a fire storm that can erase a lifetime's produce; Paul says the Day and its fire disclose the quality of each person's work."", ""turn"": 1, ""model"": ""sol"", ""connection_id"": ""BC-9a74334ed186a148ea23""}]"
SBLGNT:1Cor.3.14	medium	incil	motif	work surviving fire receives reward	The commentary contrasts the consumed lifetime crop with enduring good work; Paul completes the fire-testing image by saying the builder whose work remains will receive a reward.	103:2	"[{""line"": 166, ""strength"": ""medium"", ""tradition"": ""incil"", ""kind"": ""motif"", ""ref"": ""SBLGNT:1Cor.3.14"", ""basis"": ""work surviving fire receives reward"", ""note"": ""The commentary contrasts the consumed lifetime crop with enduring good work; Paul completes the fire-testing image by saying the builder whose work remains will receive a reward."", ""turn"": 2, ""model"": ""sol"", ""connection_id"": ""BC-5c77b81d3e3f0dc0863b""}]"
SBLGNT:1Cor.3.15	strong	incil	karsi_anlati|motif	work burned and loss suffered | work lost while person saved	Paul says a person's work may burn and he will suffer loss; this gives the commentary's final accounting a specific test of what a lifetime's work actually yielded. | The commentary's ultimate deficit can be loss of the self; Paul describes a person's work burning and that person suffering loss yet being saved through fire, a narrower outcome for loss.	103:2	"[{""line"": 18, ""strength"": ""strong"", ""tradition"": ""incil"", ""kind"": ""motif"", ""ref"": ""SBLGNT:1Cor.3.15"", ""basis"": ""work burned and loss suffered"", ""note"": ""Paul says a person's work may burn and he will suffer loss; this gives the commentary's final accounting a specific test of what a lifetime's work actually yielded."", ""turn"": 1, ""model"": ""luna"", ""connection_id"": ""BC-6266e16631ecc193a540""}, {""line"": 30, ""strength"": ""strong"", ""tradition"": ""incil"", ""kind"": ""karsi_anlati"", ""ref"": ""SBLGNT:1Cor.3.15"", ""basis"": ""work lost while person saved"", ""note"": ""The commentary's ultimate deficit can be loss of the self; Paul describes a person's work burning and that person suffering loss yet being saved through fire, a narrower outcome for loss."", ""turn"": 1, ""model"": ""sol"", ""connection_id"": ""BC-52acdf2018afad349422""}]"
SBLGNT:1Thess.1.3	strong	incil	motif	work of faith and steadfast hope	Paul remembers the community's work of faith, labor of love and steadfastness of hope; this is a specific Christian formulation of faith joined to action and endurance.	103:2	"[{""line"": 97, ""strength"": ""strong"", ""tradition"": ""incil"", ""kind"": ""motif"", ""ref"": ""SBLGNT:1Thess.1.3"", ""basis"": ""work of faith and steadfast hope"", ""note"": ""Paul remembers the community's work of faith, labor of love and steadfastness of hope; this is a specific Christian formulation of faith joined to action and endurance."", ""turn"": 2, ""model"": ""luna"", ""connection_id"": ""BC-f77391e6bd32d377eb87""}]"
SBLGNT:1Thess.5.11	medium	incil	motif	encourage and build one another	The commentary's third verse replaces the isolated figure with mutual exhortation; Paul directs believers to encourage one another and build one another up.	103:2	"[{""line"": 82, ""strength"": ""medium"", ""tradition"": ""incil"", ""kind"": ""motif"", ""ref"": ""SBLGNT:1Thess.5.11"", ""basis"": ""encourage and build one another"", ""note"": ""The commentary's third verse replaces the isolated figure with mutual exhortation; Paul directs believers to encourage one another and build one another up."", ""turn"": 1, ""model"": ""sol"", ""connection_id"": ""BC-65b189b0be986b5a0a91""}]"
SBLGNT:1Tim.6.18	strong	incil	motif	rich in good deeds and generous sharing	The commentary's exception names good work while money can be lost; Paul tells the wealthy to be rich in good works and ready to share, turning abundance into action for others.	103:2	"[{""line"": 135, ""strength"": ""strong"", ""tradition"": ""incil"", ""kind"": ""motif"", ""ref"": ""SBLGNT:1Tim.6.18"", ""basis"": ""rich in good deeds and generous sharing"", ""note"": ""The commentary's exception names good work while money can be lost; Paul tells the wealthy to be rich in good works and ready to share, turning abundance into action for others."", ""turn"": 2, ""model"": ""sol"", ""connection_id"": ""BC-faecb3b81f3ced5ea822""}]"
SBLGNT:1Tim.6.19	strong	incil	motif	good deeds lay up future treasure and life	The commentary's true balance measures what endures beyond a lifetime; Paul says generous people store a good foundation for the future and take hold of real life.	103:2	"[{""line"": 136, ""strength"": ""strong"", ""tradition"": ""incil"", ""kind"": ""motif"", ""ref"": ""SBLGNT:1Tim.6.19"", ""basis"": ""good deeds lay up future treasure and life"", ""note"": ""The commentary's true balance measures what endures beyond a lifetime; Paul says generous people store a good foundation for the future and take hold of real life."", ""turn"": 2, ""model"": ""sol"", ""connection_id"": ""BC-986ac56757812a576a71""}]"
SBLGNT:1Tim.6.7	strong	incil	motif	nothing brought in or carried out | nothing brought in or taken out	Paul says people bring nothing into the world and can take nothing out; this directly undercuts the assumption that accumulated wealth can secure the self. | The commentary contrasts counted goods with the person's last balance; Paul says people brought nothing into the world and can take nothing out.	103:2	"[{""line"": 92, ""strength"": ""strong"", ""tradition"": ""incil"", ""kind"": ""motif"", ""ref"": ""SBLGNT:1Tim.6.7"", ""basis"": ""nothing brought in or carried out"", ""note"": ""Paul says people bring nothing into the world and can take nothing out; this directly undercuts the assumption that accumulated wealth can secure the self."", ""turn"": 2, ""model"": ""luna"", ""connection_id"": ""BC-9aad2d2b53e15599b367""}, {""line"": 60, ""strength"": ""medium"", ""tradition"": ""incil"", ""kind"": ""motif"", ""ref"": ""SBLGNT:1Tim.6.7"", ""basis"": ""nothing brought in or taken out"", ""note"": ""The commentary contrasts counted goods with the person's last balance; Paul says people brought nothing into the world and can take nothing out."", ""turn"": 1, ""model"": ""sol"", ""connection_id"": ""BC-bff5ad5a084256684853""}]"
SBLGNT:1Tim.6.9	strong	incil	motif	desire for riches plunges people into ruin | desire for riches leads to ruin	Those who want to become rich fall into temptation and destructive desires; this connects pursuit of wealth to the commentary's loss of health, faith and self. | The commentary says financial increase can carry a person toward destruction rather than profit; Paul says those determined to be rich fall into desires that plunge people into ruin and destruction.	103:2	"[{""line"": 93, ""strength"": ""strong"", ""tradition"": ""incil"", ""kind"": ""motif"", ""ref"": ""SBLGNT:1Tim.6.9"", ""basis"": ""desire for riches plunges people into ruin"", ""note"": ""Those who want to become rich fall into temptation and destructive desires; this connects pursuit of wealth to the commentary's loss of health, faith and self."", ""turn"": 2, ""model"": ""luna"", ""connection_id"": ""BC-b720f97bcf46486d94ea""}, {""line"": 164, ""strength"": ""medium"", ""tradition"": ""incil"", ""kind"": ""motif"", ""ref"": ""SBLGNT:1Tim.6.9"", ""basis"": ""desire for riches leads to ruin"", ""note"": ""The commentary says financial increase can carry a person toward destruction rather than profit; Paul says those determined to be rich fall into desires that plunge people into ruin and destruction."", ""turn"": 2, ""model"": ""sol"", ""connection_id"": ""BC-f36b932e17e22daba3ca""}]"
SBLGNT:2Cor.4.18	strong	incil	motif	visible things are temporary	Paul contrasts visible things, which are temporary, with unseen things, which are eternal; this illuminates the commentary's tension between the visible human and a loss or value that sight alone misses.	103:2	"[{""line"": 47, ""strength"": ""strong"", ""tradition"": ""incil"", ""kind"": ""motif"", ""ref"": ""SBLGNT:2Cor.4.18"", ""basis"": ""visible things are temporary"", ""note"": ""Paul contrasts visible things, which are temporary, with unseen things, which are eternal; this illuminates the commentary's tension between the visible human and a loss or value that sight alone misses."", ""turn"": 1, ""model"": ""luna"", ""connection_id"": ""BC-6626a76fc42a25e57afa""}]"
SBLGNT:2Cor.4.4	medium	incil	motif	minds blinded against seeing light	The commentary's named seeing being fails to see the situation he is in; Paul says the minds of unbelievers are blinded so they do not see the gospel's light.	103:2	"[{""line"": 76, ""strength"": ""medium"", ""tradition"": ""incil"", ""kind"": ""motif"", ""ref"": ""SBLGNT:2Cor.4.4"", ""basis"": ""minds blinded against seeing light"", ""note"": ""The commentary's named seeing being fails to see the situation he is in; Paul says the minds of unbelievers are blinded so they do not see the gospel's light."", ""turn"": 1, ""model"": ""sol"", ""connection_id"": ""BC-a6034a754a43e6b9ef9a""}]"
SBLGNT:2Cor.5.10	medium	incil	motif	all appear for recompense of deeds	The commentary's universal human category and final scale lead to deeds being reckoned; Paul says all must appear before Christ's judgment seat to receive for what they have done in the body.	103:2	"[{""line"": 58, ""strength"": ""medium"", ""tradition"": ""incil"", ""kind"": ""motif"", ""ref"": ""SBLGNT:2Cor.5.10"", ""basis"": ""all appear for recompense of deeds"", ""note"": ""The commentary's universal human category and final scale lead to deeds being reckoned; Paul says all must appear before Christ's judgment seat to receive for what they have done in the body."", ""turn"": 1, ""model"": ""sol"", ""connection_id"": ""BC-a7549e09d674ce731f33""}]"
SBLGNT:Eph.2.9	medium	incil	karsi_anlati	salvation not from works	The commentary's exception explicitly joins faith with righteous deeds; Paul denies that salvation comes from works, sharpening a difference in how the saving relation of deeds is stated.	103:2	"[{""line"": 68, ""strength"": ""medium"", ""tradition"": ""incil"", ""kind"": ""karsi_anlati"", ""ref"": ""SBLGNT:Eph.2.9"", ""basis"": ""salvation not from works"", ""note"": ""The commentary's exception explicitly joins faith with righteous deeds; Paul denies that salvation comes from works, sharpening a difference in how the saving relation of deeds is stated."", ""turn"": 1, ""model"": ""sol"", ""connection_id"": ""BC-e6b3097bae0c80fa92e5""}]"
SBLGNT:Eph.4.25	strong	incil	motif	speak truth as members of one another	Paul commands each person to speak truth to a neighbor because they are members of one another; this closely meets the commentary's transition from an isolated human to reciprocal counsel in truth.	103:2	"[{""line"": 33, ""strength"": ""strong"", ""tradition"": ""incil"", ""kind"": ""motif"", ""ref"": ""SBLGNT:Eph.4.25"", ""basis"": ""speak truth as members of one another"", ""note"": ""Paul commands each person to speak truth to a neighbor because they are members of one another; this closely meets the commentary's transition from an isolated human to reciprocal counsel in truth."", ""turn"": 1, ""model"": ""luna"", ""connection_id"": ""BC-84ab5dd4421551f7ff28""}]"
SBLGNT:Eph.5.16	medium	incil	motif	making use of the time	The commentary imagines the passing hour as capital available for good work; Ephesians urges readers to make the most of time because the days are evil.	103:2	"[{""line"": 163, ""strength"": ""medium"", ""tradition"": ""incil"", ""kind"": ""motif"", ""ref"": ""SBLGNT:Eph.5.16"", ""basis"": ""making use of the time"", ""note"": ""The commentary imagines the passing hour as capital available for good work; Ephesians urges readers to make the most of time because the days are evil."", ""turn"": 2, ""model"": ""sol"", ""connection_id"": ""BC-20e6827e6adafbb13621""}]"
SBLGNT:Gal.4.2	medium	incil	motif	minor heir under guardians until set time	The commentary cites testing an orphan's maturity before releasing property; Paul describes an heir who, while a child, remains under guardians and managers until the father's appointed time.	103:2	"[{""line"": 63, ""strength"": ""medium"", ""tradition"": ""incil"", ""kind"": ""motif"", ""ref"": ""SBLGNT:Gal.4.2"", ""basis"": ""minor heir under guardians until set time"", ""note"": ""The commentary cites testing an orphan's maturity before releasing property; Paul describes an heir who, while a child, remains under guardians and managers until the father's appointed time."", ""turn"": 1, ""model"": ""sol"", ""connection_id"": ""BC-42152c412df3eb089a26""}]"
SBLGNT:Gal.6.1	strong	incil	motif	gentle correction with self-watchfulness	The commentary's reciprocal counsel must repair a lost person without forgetting one's own vulnerability; Paul tells the spiritual to restore someone caught in a trespass while watching themselves.	103:2	"[{""line"": 147, ""strength"": ""strong"", ""tradition"": ""incil"", ""kind"": ""motif"", ""ref"": ""SBLGNT:Gal.6.1"", ""basis"": ""gentle correction with self-watchfulness"", ""note"": ""The commentary's reciprocal counsel must repair a lost person without forgetting one's own vulnerability; Paul tells the spiritual to restore someone caught in a trespass while watching themselves."", ""turn"": 2, ""model"": ""sol"", ""connection_id"": ""BC-03b7676c2bf25ff098a1""}]"
SBLGNT:Gal.6.2	medium	incil	motif	bear one another's burdens	The commentary develops a beast carrying a load and then humans helping each other on the way; Paul converts burden bearing into a reciprocal command among people.	103:2	"[{""line"": 83, ""strength"": ""medium"", ""tradition"": ""incil"", ""kind"": ""motif"", ""ref"": ""SBLGNT:Gal.6.2"", ""basis"": ""bear one another's burdens"", ""note"": ""The commentary develops a beast carrying a load and then humans helping each other on the way; Paul converts burden bearing into a reciprocal command among people."", ""turn"": 1, ""model"": ""sol"", ""connection_id"": ""BC-c6410307e13393ac78ad""}]"
SBLGNT:Gal.6.7	strong	incil	motif	sowing and reaping | what one sows, one reaps	Paul says what a person sows is what that person will reap; the harvest image makes the commentary's labor-and-account metaphor a concrete rule of consequence. | The commentary's lost cultivated produce connects present deeds to a later account; Paul says people reap what they sow, making the harvest an ethical measure.	103:2	"[{""line"": 35, ""strength"": ""strong"", ""tradition"": ""incil"", ""kind"": ""motif"", ""ref"": ""SBLGNT:Gal.6.7"", ""basis"": ""sowing and reaping"", ""note"": ""Paul says what a person sows is what that person will reap; the harvest image makes the commentary's labor-and-account metaphor a concrete rule of consequence."", ""turn"": 1, ""model"": ""luna"", ""connection_id"": ""BC-bb3e2e683510b2ea3199""}, {""line"": 93, ""strength"": ""medium"", ""tradition"": ""incil"", ""kind"": ""motif"", ""ref"": ""SBLGNT:Gal.6.7"", ""basis"": ""what one sows, one reaps"", ""note"": ""The commentary's lost cultivated produce connects present deeds to a later account; Paul says people reap what they sow, making the harvest an ethical measure."", ""turn"": 1, ""model"": ""sol"", ""connection_id"": ""BC-94f6f2f04b39f0dab04b""}]"
SBLGNT:Gal.6.8	strong	incil	motif	reaping corruption or life	Sowing to the flesh yields corruption, while sowing to the Spirit yields eternal life; this distinguishes loss from lasting gain by the kind of life invested.	103:2	"[{""line"": 36, ""strength"": ""strong"", ""tradition"": ""incil"", ""kind"": ""motif"", ""ref"": ""SBLGNT:Gal.6.8"", ""basis"": ""reaping corruption or life"", ""note"": ""Sowing to the flesh yields corruption, while sowing to the Spirit yields eternal life; this distinguishes loss from lasting gain by the kind of life invested."", ""turn"": 1, ""model"": ""luna"", ""connection_id"": ""BC-074ebf0bbc7c641e7bbe""}]"
SBLGNT:Gal.6.9	strong	incil	motif	harvest at the proper time | good work and future harvest	Paul urges persistence in doing good because the harvest comes in due time; this connects the commentary's finite time and good work to patient endurance. | The commentary puts right action against an otherwise diminishing life's work; Paul urges persistence in doing good because a harvest comes in due season if one does not give up.	103:2	"[{""line"": 37, ""strength"": ""strong"", ""tradition"": ""incil"", ""kind"": ""motif"", ""ref"": ""SBLGNT:Gal.6.9"", ""basis"": ""harvest at the proper time"", ""note"": ""Paul urges persistence in doing good because the harvest comes in due time; this connects the commentary's finite time and good work to patient endurance."", ""turn"": 1, ""model"": ""luna"", ""connection_id"": ""BC-b5144d70e30729da3263""}, {""line"": 53, ""strength"": ""strong"", ""tradition"": ""incil"", ""kind"": ""motif"", ""ref"": ""SBLGNT:Gal.6.9"", ""basis"": ""good work and future harvest"", ""note"": ""The commentary puts right action against an otherwise diminishing life's work; Paul urges persistence in doing good because a harvest comes in due season if one does not give up."", ""turn"": 1, ""model"": ""sol"", ""connection_id"": ""BC-0ab21459afd8e09fb73c""}]"
SBLGNT:Heb.10.24	strong	incil	motif	mutual stirring toward love and good deeds	The commentary's exception joins good action to mutual counsel; Hebrews asks believers to consider one another so as to stir love and good works.	103:2	"[{""line"": 36, ""strength"": ""strong"", ""tradition"": ""incil"", ""kind"": ""motif"", ""ref"": ""SBLGNT:Heb.10.24"", ""basis"": ""mutual stirring toward love and good deeds"", ""note"": ""The commentary's exception joins good action to mutual counsel; Hebrews asks believers to consider one another so as to stir love and good works."", ""turn"": 1, ""model"": ""sol"", ""connection_id"": ""BC-f608b9f206e748f4bcd1""}]"
SBLGNT:Heb.10.36	strong	incil	motif	endurance after doing God's will	The commentary's third verse combines good action and mutual counsel in patience; Hebrews says endurance is needed so that, after doing God's will, people receive what was promised.	103:2	"[{""line"": 139, ""strength"": ""strong"", ""tradition"": ""incil"", ""kind"": ""motif"", ""ref"": ""SBLGNT:Heb.10.36"", ""basis"": ""endurance after doing God's will"", ""note"": ""The commentary's third verse combines good action and mutual counsel in patience; Hebrews says endurance is needed so that, after doing God's will, people receive what was promised."", ""turn"": 2, ""model"": ""sol"", ""connection_id"": ""BC-cd5d67f319663bb6cbaa""}]"
SBLGNT:Heb.3.13	strong	incil	motif	exhort one another each day | exhort one another every day called Today	The community must exhort one another daily so none is hardened by sin; this links reciprocal counsel to the commentary's time-limited escape from loss. | The commentary unites expiring time with reciprocal advice against unnoticed ruin; Hebrews tells believers to exhort one another each day lest sin's deceit harden anyone.	103:2	"[{""line"": 34, ""strength"": ""strong"", ""tradition"": ""incil"", ""kind"": ""motif"", ""ref"": ""SBLGNT:Heb.3.13"", ""basis"": ""exhort one another each day"", ""note"": ""The community must exhort one another daily so none is hardened by sin; this links reciprocal counsel to the commentary's time-limited escape from loss."", ""turn"": 1, ""model"": ""luna"", ""connection_id"": ""BC-c8f62dca62c74b32ed31""}, {""line"": 35, ""strength"": ""strong"", ""tradition"": ""incil"", ""kind"": ""motif"", ""ref"": ""SBLGNT:Heb.3.13"", ""basis"": ""exhort one another every day called Today"", ""note"": ""The commentary unites expiring time with reciprocal advice against unnoticed ruin; Hebrews tells believers to exhort one another each day lest sin's deceit harden anyone."", ""turn"": 1, ""model"": ""sol"", ""connection_id"": ""BC-b4230f88337d55ecc99e""}]"
SBLGNT:Heb.4.13	strong	incil	motif	nothing hidden from God's sight	All things are exposed before God, to whom people must give account; this complements the commentary's contrast between visible success and an unseen loss.	103:2	"[{""line"": 19, ""strength"": ""strong"", ""tradition"": ""incil"", ""kind"": ""motif"", ""ref"": ""SBLGNT:Heb.4.13"", ""basis"": ""nothing hidden from God's sight"", ""note"": ""All things are exposed before God, to whom people must give account; this complements the commentary's contrast between visible success and an unseen loss."", ""turn"": 1, ""model"": ""luna"", ""connection_id"": ""BC-c180724c1988ff0fdb03""}]"
SBLGNT:Heb.9.27	strong	incil	motif	death followed by judgment | death once, then judgment	The verse says humans die once and afterward face judgment; it fits the commentary's image of each person reaching a fixed term and being assessed. | The commentary spends the mortal's time toward an appointed day of reckoning; Hebrews places judgment after each human's one death.	103:2	"[{""line"": 85, ""strength"": ""strong"", ""tradition"": ""incil"", ""kind"": ""motif"", ""ref"": ""SBLGNT:Heb.9.27"", ""basis"": ""death followed by judgment"", ""note"": ""The verse says humans die once and afterward face judgment; it fits the commentary's image of each person reaching a fixed term and being assessed."", ""turn"": 2, ""model"": ""luna"", ""connection_id"": ""BC-edd8294832b7c0f21c2e""}, {""line"": 59, ""strength"": ""medium"", ""tradition"": ""incil"", ""kind"": ""motif"", ""ref"": ""SBLGNT:Heb.9.27"", ""basis"": ""death once, then judgment"", ""note"": ""The commentary spends the mortal's time toward an appointed day of reckoning; Hebrews places judgment after each human's one death."", ""turn"": 1, ""model"": ""sol"", ""connection_id"": ""BC-07c360a766808d7bdb2b""}]"
SBLGNT:Jas.1.23	strong	incil	motif	man sees his own face in a mirror	The commentary's reflected little human in another's eye is tied to truthful counsel and action; James compares a hearer who fails to act to a man looking at his own face in a mirror.	103:2	"[{""line"": 143, ""strength"": ""strong"", ""tradition"": ""incil"", ""kind"": ""motif"", ""ref"": ""SBLGNT:Jas.1.23"", ""basis"": ""man sees his own face in a mirror"", ""note"": ""The commentary's reflected little human in another's eye is tied to truthful counsel and action; James compares a hearer who fails to act to a man looking at his own face in a mirror."", ""raw_ref"": ""SBLGNT:James.1.23"", ""reference_resolution"": ""edition-book-names-v2"", ""turn"": 2, ""model"": ""sol"", ""connection_id"": ""BC-074051c4d2bb7722c8da""}]"
SBLGNT:Jas.1.24	strong	incil	motif	mirror and forgotten face | forgets own face immediately after seeing	The hearer who looks in a mirror goes away and forgets what he looks like; this gives a specific image for the commentary's claim that a person may fail to see himself without another's reflection. | The commentary says a seeing being can miss his own deficit; James' mirror-gazer walks away and at once forgets what he looked like, making self-sight ineffective without lasting response.	103:2	"[{""line"": 61, ""strength"": ""medium"", ""tradition"": ""incil"", ""kind"": ""motif"", ""ref"": ""SBLGNT:Jas.1.24"", ""basis"": ""mirror and forgotten face"", ""note"": ""The hearer who looks in a mirror goes away and forgets what he looks like; this gives a specific image for the commentary's claim that a person may fail to see himself without another's reflection."", ""raw_ref"": ""SBLGNT:James.1.24"", ""reference_resolution"": ""edition-book-names-v2"", ""turn"": 1, ""model"": ""luna"", ""connection_id"": ""BC-3d06d0e6118e6f9f4390""}, {""line"": 144, ""strength"": ""strong"", ""tradition"": ""incil"", ""kind"": ""motif"", ""ref"": ""SBLGNT:Jas.1.24"", ""basis"": ""forgets own face immediately after seeing"", ""note"": ""The commentary says a seeing being can miss his own deficit; James' mirror-gazer walks away and at once forgets what he looked like, making self-sight ineffective without lasting response."", ""raw_ref"": ""SBLGNT:James.1.24"", ""reference_resolution"": ""edition-book-names-v2"", ""turn"": 2, ""model"": ""sol"", ""connection_id"": ""BC-ae87429d78b97c836493""}]"
SBLGNT:Jas.1.25	medium	incil	motif	persevering doer blessed in deed	The commentary's way out of loss includes action and patience after seeing truth; James contrasts the forgetful mirror-gazer with one who looks into the law, perseveres and acts, receiving blessing in the doing.	103:2	"[{""line"": 162, ""strength"": ""medium"", ""tradition"": ""incil"", ""kind"": ""motif"", ""ref"": ""SBLGNT:Jas.1.25"", ""basis"": ""persevering doer blessed in deed"", ""note"": ""The commentary's way out of loss includes action and patience after seeing truth; James contrasts the forgetful mirror-gazer with one who looks into the law, perseveres and acts, receiving blessing in the doing."", ""raw_ref"": ""SBLGNT:James.1.25"", ""reference_resolution"": ""edition-book-names-v2"", ""turn"": 2, ""model"": ""sol"", ""connection_id"": ""BC-91bdcf869ae53add0fad""}]"
SBLGNT:Jas.2.17	strong	incil	motif	faith without works is dead	James says faith by itself, without works, is dead; this closely matches the commentary's neighboring exception, where belief is joined to righteous action. | The commentary notes that the exception from human loss names faith together with good works; James makes the link pointed by declaring faith dead when it has no works.	103:2	"[{""line"": 98, ""strength"": ""strong"", ""tradition"": ""incil"", ""kind"": ""motif"", ""ref"": ""SBLGNT:Jas.2.17"", ""basis"": ""faith without works is dead"", ""note"": ""James says faith by itself, without works, is dead; this closely matches the commentary's neighboring exception, where belief is joined to righteous action."", ""raw_ref"": ""SBLGNT:James.2.17"", ""reference_resolution"": ""edition-book-names-v2"", ""turn"": 2, ""model"": ""luna"", ""connection_id"": ""BC-d55f9b42e20f8d785007""}, {""line"": 52, ""strength"": ""strong"", ""tradition"": ""incil"", ""kind"": ""motif"", ""ref"": ""SBLGNT:Jas.2.17"", ""basis"": ""faith without works is dead"", ""note"": ""The commentary notes that the exception from human loss names faith together with good works; James makes the link pointed by declaring faith dead when it has no works."", ""raw_ref"": ""SBLGNT:James.2.17"", ""reference_resolution"": ""edition-book-names-v2"", ""turn"": 1, ""model"": ""sol"", ""connection_id"": ""BC-29581bc52ee4b7bf7d39""}]"
SBLGNT:Jas.4.13	strong	incil	motif	trade and expected profit	The speakers plan to travel, trade and make a profit for a year; James places the commentary's merchant's forecast inside the uncertainty of human life.	103:2	"[{""line"": 6, ""strength"": ""strong"", ""tradition"": ""incil"", ""kind"": ""motif"", ""ref"": ""SBLGNT:Jas.4.13"", ""basis"": ""trade and expected profit"", ""note"": ""The speakers plan to travel, trade and make a profit for a year; James places the commentary's merchant's forecast inside the uncertainty of human life."", ""raw_ref"": ""SBLGNT:James.4.13"", ""reference_resolution"": ""edition-book-names-v2"", ""turn"": 1, ""model"": ""luna"", ""connection_id"": ""BC-82e91d69112041b45acb""}]"
SBLGNT:Jas.4.14	strong	incil	motif	life as a passing vapor | unseen tomorrow, life as brief vapor	James says people do not know tomorrow and their life is a brief vapor; this supplies the finite lifetime that the commentary calls the capital being spent. | The commentary's expiring time is capital people cannot safely count in advance; James says they do not know tomorrow and their life appears briefly like vapor before vanishing.	103:2	"[{""line"": 7, ""strength"": ""strong"", ""tradition"": ""incil"", ""kind"": ""motif"", ""ref"": ""SBLGNT:Jas.4.14"", ""basis"": ""life as a passing vapor"", ""note"": ""James says people do not know tomorrow and their life is a brief vapor; this supplies the finite lifetime that the commentary calls the capital being spent."", ""raw_ref"": ""SBLGNT:James.4.14"", ""reference_resolution"": ""edition-book-names-v2"", ""turn"": 1, ""model"": ""luna"", ""connection_id"": ""BC-9e470f78f281f859dab9""}, {""line"": 132, ""strength"": ""strong"", ""tradition"": ""incil"", ""kind"": ""motif"", ""ref"": ""SBLGNT:Jas.4.14"", ""basis"": ""unseen tomorrow, life as brief vapor"", ""note"": ""The commentary's expiring time is capital people cannot safely count in advance; James says they do not know tomorrow and their life appears briefly like vapor before vanishing."", ""raw_ref"": ""SBLGNT:James.4.14"", ""reference_resolution"": ""edition-book-names-v2"", ""turn"": 2, ""model"": ""sol"", ""connection_id"": ""BC-661b7676e1787277cf9d""}]"
SBLGNT:Jas.5.19	strong	incil	motif	another turns a wanderer from truth	The commentary unites truth, a lost path and mutual counsel; James addresses believers whose companion wanders from truth and whom another person turns back.	103:2	"[{""line"": 145, ""strength"": ""strong"", ""tradition"": ""incil"", ""kind"": ""motif"", ""ref"": ""SBLGNT:Jas.5.19"", ""basis"": ""another turns a wanderer from truth"", ""note"": ""The commentary unites truth, a lost path and mutual counsel; James addresses believers whose companion wanders from truth and whom another person turns back."", ""raw_ref"": ""SBLGNT:James.5.19"", ""reference_resolution"": ""edition-book-names-v2"", ""turn"": 2, ""model"": ""sol"", ""connection_id"": ""BC-c010800c3afaf6e1a89b""}]"
SBLGNT:Jas.5.2	strong	incil	motif	stored wealth decays	James says the rich person's wealth has rotted and garments have been eaten by moths; this gives physical form to the commentary's claim that capital can diminish while held.	103:2	"[{""line"": 94, ""strength"": ""strong"", ""tradition"": ""incil"", ""kind"": ""motif"", ""ref"": ""SBLGNT:Jas.5.2"", ""basis"": ""stored wealth decays"", ""note"": ""James says the rich person's wealth has rotted and garments have been eaten by moths; this gives physical form to the commentary's claim that capital can diminish while held."", ""raw_ref"": ""SBLGNT:James.5.2"", ""reference_resolution"": ""edition-book-names-v2"", ""turn"": 2, ""model"": ""luna"", ""connection_id"": ""BC-10f83b4b3ae57e4171fc""}]"
SBLGNT:Jas.5.20	strong	incil	motif	returning wanderer saves life from death	The commentary says straying can progress from depleted provisions to self-loss; James says one who brings a sinner back from wandering saves a soul from death.	103:2	"[{""line"": 146, ""strength"": ""strong"", ""tradition"": ""incil"", ""kind"": ""motif"", ""ref"": ""SBLGNT:Jas.5.20"", ""basis"": ""returning wanderer saves life from death"", ""note"": ""The commentary says straying can progress from depleted provisions to self-loss; James says one who brings a sinner back from wandering saves a soul from death."", ""raw_ref"": ""SBLGNT:James.5.20"", ""reference_resolution"": ""edition-book-names-v2"", ""turn"": 2, ""model"": ""sol"", ""connection_id"": ""BC-0fbd6a4108a677780c7e""}]"
SBLGNT:Jas.5.3	strong	incil	motif	rust testifies against wealth	Gold and silver rust becomes evidence against their owners and consumes them like fire; the verse links hoarding to a coming reckoning and adds a fire image to the commentary's crop-loss scene.	103:2	"[{""line"": 95, ""strength"": ""strong"", ""tradition"": ""incil"", ""kind"": ""motif"", ""ref"": ""SBLGNT:Jas.5.3"", ""basis"": ""rust testifies against wealth"", ""note"": ""Gold and silver rust becomes evidence against their owners and consumes them like fire; the verse links hoarding to a coming reckoning and adds a fire image to the commentary's crop-loss scene."", ""raw_ref"": ""SBLGNT:James.5.3"", ""reference_resolution"": ""edition-book-names-v2"", ""turn"": 2, ""model"": ""luna"", ""connection_id"": ""BC-1a0d37018d8796b06bfd""}]"
SBLGNT:Jas.5.4	medium	incil	motif	withheld wages cry against owner	The commentary's dishonest measure makes another person's principal short; James says wages withheld from harvest laborers cry out, turning economic theft into a charge before God.	103:2	"[{""line"": 91, ""strength"": ""medium"", ""tradition"": ""incil"", ""kind"": ""motif"", ""ref"": ""SBLGNT:Jas.5.4"", ""basis"": ""withheld wages cry against owner"", ""note"": ""The commentary's dishonest measure makes another person's principal short; James says wages withheld from harvest laborers cry out, turning economic theft into a charge before God."", ""raw_ref"": ""SBLGNT:James.5.4"", ""reference_resolution"": ""edition-book-names-v2"", ""turn"": 1, ""model"": ""sol"", ""connection_id"": ""BC-59c02ef48e3727fc84db""}]"
SBLGNT:John.8.39	strong	incil	motif	Abraham's children shown by deeds	The commentary makes action rather than lineage the visible difference among humans; Jesus answers an appeal to Abrahamic descent by demanding the works of Abraham from those claiming to be his children.	103:2	"[{""line"": 142, ""strength"": ""strong"", ""tradition"": ""incil"", ""kind"": ""motif"", ""ref"": ""SBLGNT:John.8.39"", ""basis"": ""Abraham's children shown by deeds"", ""note"": ""The commentary makes action rather than lineage the visible difference among humans; Jesus answers an appeal to Abrahamic descent by demanding the works of Abraham from those claiming to be his children."", ""turn"": 2, ""model"": ""sol"", ""connection_id"": ""BC-f1e21dbebfdb9180f394""}]"
SBLGNT:John.9.41	strong	incil	motif	claim to see leaves sin remaining	The commentary's seeing human may fail to perceive his own loss; Jesus tells his hearers that because they say they see, their sin remains.	103:2	"[{""line"": 44, ""strength"": ""strong"", ""tradition"": ""incil"", ""kind"": ""motif"", ""ref"": ""SBLGNT:John.9.41"", ""basis"": ""claim to see leaves sin remaining"", ""note"": ""The commentary's seeing human may fail to perceive his own loss; Jesus tells his hearers that because they say they see, their sin remains."", ""turn"": 1, ""model"": ""sol"", ""connection_id"": ""BC-0bd4561edd6e8176c80a""}]"
SBLGNT:Luke.12.18	strong	incil	motif	fool enlarges barns for surplus crops	The commentary says counted accumulation can mask the loss of life's principal; in the rich fool's own plan, larger barns will hold his abundant grain and goods just before his life is required.	103:2	"[{""line"": 130, ""strength"": ""strong"", ""tradition"": ""incil"", ""kind"": ""motif"", ""ref"": ""SBLGNT:Luke.12.18"", ""basis"": ""fool enlarges barns for surplus crops"", ""note"": ""The commentary says counted accumulation can mask the loss of life's principal; in the rich fool's own plan, larger barns will hold his abundant grain and goods just before his life is required."", ""turn"": 2, ""model"": ""sol"", ""connection_id"": ""BC-73b3bc116755c15e1df0""}]"
SBLGNT:Luke.12.19	strong	incil	motif	stored goods mistaken for years of life	The commentary's trader mistakes growing assets for safety while time is vanishing; the rich fool tells his soul that goods stored for many years let him rest, eat and drink, an error exposed by the next verse.	103:2	"[{""line"": 131, ""strength"": ""strong"", ""tradition"": ""incil"", ""kind"": ""motif"", ""ref"": ""SBLGNT:Luke.12.19"", ""basis"": ""stored goods mistaken for years of life"", ""note"": ""The commentary's trader mistakes growing assets for safety while time is vanishing; the rich fool tells his soul that goods stored for many years let him rest, eat and drink, an error exposed by the next verse."", ""turn"": 2, ""model"": ""sol"", ""connection_id"": ""BC-885bd4b213af94ad2e36""}]"
SBLGNT:Luke.12.20	strong	incil	motif	stored goods and sudden death | stored wealth, life required tonight	The rich man counts years of stored goods as security, but his life is required that night; the scene makes the commentary's hidden loss of principal concrete. | The commentary sets money counted as increase against the loss of the owner himself; God asks the rich fool whose stored goods will be his when his life is demanded that night.	103:2	"[{""line"": 2, ""strength"": ""strong"", ""tradition"": ""incil"", ""kind"": ""motif"", ""ref"": ""SBLGNT:Luke.12.20"", ""basis"": ""stored goods and sudden death"", ""note"": ""The rich man counts years of stored goods as security, but his life is required that night; the scene makes the commentary's hidden loss of principal concrete."", ""turn"": 1, ""model"": ""luna"", ""connection_id"": ""BC-42efe043692d160647bb""}, {""line"": 11, ""strength"": ""strong"", ""tradition"": ""incil"", ""kind"": ""motif"", ""ref"": ""SBLGNT:Luke.12.20"", ""basis"": ""stored wealth, life required tonight"", ""note"": ""The commentary sets money counted as increase against the loss of the owner himself; God asks the rich fool whose stored goods will be his when his life is demanded that night."", ""turn"": 1, ""model"": ""sol"", ""connection_id"": ""BC-54e61d4ed559f629751f""}]"
SBLGNT:Luke.12.21	strong	incil	motif	riches not stored toward God | self-stored treasure versus true wealth	Jesus concludes the rich fool story with the person who stores up for himself but is not rich toward God; this states the commentary's distinction between visible accumulation and a sound final account. | The commentary describes a hidden deficit while possessions grow; Jesus concludes that one who stores treasure for himself can fail to be rich toward God.	103:2	"[{""line"": 45, ""strength"": ""strong"", ""tradition"": ""incil"", ""kind"": ""motif"", ""ref"": ""SBLGNT:Luke.12.21"", ""basis"": ""riches not stored toward God"", ""note"": ""Jesus concludes the rich fool story with the person who stores up for himself but is not rich toward God; this states the commentary's distinction between visible accumulation and a sound final account."", ""turn"": 1, ""model"": ""luna"", ""connection_id"": ""BC-4e692086e8937c9a386f""}, {""line"": 12, ""strength"": ""strong"", ""tradition"": ""incil"", ""kind"": ""motif"", ""ref"": ""SBLGNT:Luke.12.21"", ""basis"": ""self-stored treasure versus true wealth"", ""note"": ""The commentary describes a hidden deficit while possessions grow; Jesus concludes that one who stores treasure for himself can fail to be rich toward God."", ""turn"": 1, ""model"": ""sol"", ""connection_id"": ""BC-f5584ee72f8f6ba04aa4""}]"
SBLGNT:Luke.15.12	strong	incil	karsi_anlati	younger son receives his estate early	The commentary cites guardians withholding an orphan's property until maturity is discerned; in Jesus' parable the father gives the younger son his share on request, setting up a different narrative treatment of entrusted capital rather than a competing legal rule.	103:2	"[{""line"": 148, ""strength"": ""strong"", ""tradition"": ""incil"", ""kind"": ""karsi_anlati"", ""ref"": ""SBLGNT:Luke.15.12"", ""basis"": ""younger son receives his estate early"", ""note"": ""The commentary cites guardians withholding an orphan's property until maturity is discerned; in Jesus' parable the father gives the younger son his share on request, setting up a different narrative treatment of entrusted capital rather than a competing legal rule."", ""turn"": 2, ""model"": ""sol"", ""connection_id"": ""BC-da075373c2d1f8f6ab92""}]"
SBLGNT:Luke.15.13	strong	incil	motif	son squanders entrusted property far from home	The commentary moves from handed-over capital to lost direction and finally self-loss; the younger son leaves home and dissipates his estate in reckless living before he comes to himself.	103:2	"[{""line"": 149, ""strength"": ""strong"", ""tradition"": ""incil"", ""kind"": ""motif"", ""ref"": ""SBLGNT:Luke.15.13"", ""basis"": ""son squanders entrusted property far from home"", ""note"": ""The commentary moves from handed-over capital to lost direction and finally self-loss; the younger son leaves home and dissipates his estate in reckless living before he comes to himself."", ""turn"": 2, ""model"": ""sol"", ""connection_id"": ""BC-ef61387ded21cda1096b""}]"
SBLGNT:Luke.15.17	medium	incil	motif	lost son comes to himself	The commentary calls the last loss a loss of oneself and also stresses failure to perceive it; the son in the parable comes to himself after dissipating his property and falling into hunger.	103:2	"[{""line"": 71, ""strength"": ""medium"", ""tradition"": ""incil"", ""kind"": ""motif"", ""ref"": ""SBLGNT:Luke.15.17"", ""basis"": ""lost son comes to himself"", ""note"": ""The commentary calls the last loss a loss of oneself and also stresses failure to perceive it; the son in the parable comes to himself after dissipating his property and falling into hunger."", ""turn"": 1, ""model"": ""sol"", ""connection_id"": ""BC-838e4213b51e16d13a97""}]"
SBLGNT:Luke.15.24	medium	incil	motif	dead, alive; lost, found	The commentary juxtaposes loss of property, self and companionship; the father describes the returning son as lost and found and celebrates restored family relation.	103:2	"[{""line"": 72, ""strength"": ""medium"", ""tradition"": ""incil"", ""kind"": ""motif"", ""ref"": ""SBLGNT:Luke.15.24"", ""basis"": ""dead, alive; lost, found"", ""note"": ""The commentary juxtaposes loss of property, self and companionship; the father describes the returning son as lost and found and celebrates restored family relation."", ""turn"": 1, ""model"": ""sol"", ""connection_id"": ""BC-d07927ed78b579a4f019""}]"
SBLGNT:Luke.16.10	medium	incil	motif	faithful management of small trust	The commentary uses the orphan's property to connect discerned maturity with entrusted capital; Jesus says reliability in a small matter shows reliability in a great one.	103:2	"[{""line"": 61, ""strength"": ""medium"", ""tradition"": ""incil"", ""kind"": ""motif"", ""ref"": ""SBLGNT:Luke.16.10"", ""basis"": ""faithful management of small trust"", ""note"": ""The commentary uses the orphan's property to connect discerned maturity with entrusted capital; Jesus says reliability in a small matter shows reliability in a great one."", ""turn"": 1, ""model"": ""sol"", ""connection_id"": ""BC-3209597b14ffea2afa70""}]"
SBLGNT:Luke.16.11	medium	incil	motif	trustworthiness with wealth tested	The commentary's guardian sees whether a ward is ready to receive property; Jesus asks who will entrust true riches to someone unfaithful with unrighteous wealth.	103:2	"[{""line"": 62, ""strength"": ""medium"", ""tradition"": ""incil"", ""kind"": ""motif"", ""ref"": ""SBLGNT:Luke.16.11"", ""basis"": ""trustworthiness with wealth tested"", ""note"": ""The commentary's guardian sees whether a ward is ready to receive property; Jesus asks who will entrust true riches to someone unfaithful with unrighteous wealth."", ""turn"": 1, ""model"": ""sol"", ""connection_id"": ""BC-8d9fa89fc158f16477e5""}]"
SBLGNT:Luke.16.25	strong	incil	motif	postmortem reversal of rich and poor	Abraham tells the rich man that he received good things in life while Lazarus received bad, and now their conditions are reversed; this shows status and present comfort do not settle the final account.	103:2	"[{""line"": 86, ""strength"": ""strong"", ""tradition"": ""incil"", ""kind"": ""motif"", ""ref"": ""SBLGNT:Luke.16.25"", ""basis"": ""postmortem reversal of rich and poor"", ""note"": ""Abraham tells the rich man that he received good things in life while Lazarus received bad, and now their conditions are reversed; this shows status and present comfort do not settle the final account."", ""turn"": 2, ""model"": ""luna"", ""connection_id"": ""BC-650812d0b41747dc516b""}]"
SBLGNT:Luke.16.6	strong	incil	karsi_anlati	steward reduces a debt by half	The steward changes an oil debtor's bill from one hundred measures to fifty; unlike the commentary's condemned short measure, the parable places debt reduction inside a crisis strategy for future welcome.	103:2	"[{""line"": 87, ""strength"": ""strong"", ""tradition"": ""incil"", ""kind"": ""karsi_anlati"", ""ref"": ""SBLGNT:Luke.16.6"", ""basis"": ""steward reduces a debt by half"", ""note"": ""The steward changes an oil debtor's bill from one hundred measures to fifty; unlike the commentary's condemned short measure, the parable places debt reduction inside a crisis strategy for future welcome."", ""turn"": 2, ""model"": ""luna"", ""connection_id"": ""BC-5b0d5e8ba550d9d5d805""}]"
SBLGNT:Luke.16.8	medium	incil	karsi_anlati	dishonest steward praised for prudence	The master praises the dishonest steward's foresight, not his dishonesty; this complicates the commentary's pairing of financial manipulation and loss by distinguishing prudent use of wealth from moral accounting.	103:2	"[{""line"": 88, ""strength"": ""medium"", ""tradition"": ""incil"", ""kind"": ""karsi_anlati"", ""ref"": ""SBLGNT:Luke.16.8"", ""basis"": ""dishonest steward praised for prudence"", ""note"": ""The master praises the dishonest steward's foresight, not his dishonesty; this complicates the commentary's pairing of financial manipulation and loss by distinguishing prudent use of wealth from moral accounting."", ""turn"": 2, ""model"": ""luna"", ""connection_id"": ""BC-8aa2a519a85483dcc784""}]"
SBLGNT:Luke.16.9	medium	incil	motif	use wealth to make friends and find dwelling	The commentary makes reciprocal companionship an alternative to loss in the market; Jesus urges using temporary wealth to make friends who will welcome one into lasting dwellings.	103:2	"[{""line"": 86, ""strength"": ""medium"", ""tradition"": ""incil"", ""kind"": ""motif"", ""ref"": ""SBLGNT:Luke.16.9"", ""basis"": ""use wealth to make friends and find dwelling"", ""note"": ""The commentary makes reciprocal companionship an alternative to loss in the market; Jesus urges using temporary wealth to make friends who will welcome one into lasting dwellings."", ""turn"": 1, ""model"": ""sol"", ""connection_id"": ""BC-2b834d85192550601468""}]"
SBLGNT:Luke.17.33	strong	incil	motif	preserving life leads to losing it	Jesus says whoever seeks to preserve life will lose it, while whoever loses it will keep it; this gives a distinct saying in which self-protection reverses into the commentary's loss of self.	103:2	"[{""line"": 89, ""strength"": ""strong"", ""tradition"": ""incil"", ""kind"": ""motif"", ""ref"": ""SBLGNT:Luke.17.33"", ""basis"": ""preserving life leads to losing it"", ""note"": ""Jesus says whoever seeks to preserve life will lose it, while whoever loses it will keep it; this gives a distinct saying in which self-protection reverses into the commentary's loss of self."", ""turn"": 2, ""model"": ""luna"", ""connection_id"": ""BC-d117d3b1049d19068248""}]"
SBLGNT:Luke.9.25	strong	incil	motif|paralel	world gained, life forfeited | gain world, lose self	The commentary treats the person himself as the final lost capital; Jesus asks what gain there is in winning the whole world while losing oneself. | The commentary reads loss of one's self as the last entry in the account; this verse explicitly asks what benefit remains when a person gains the world but loses or forfeits himself.	103:2	"[{""line"": 1, ""strength"": ""strong"", ""tradition"": ""incil"", ""kind"": ""paralel"", ""ref"": ""SBLGNT:Luke.9.25"", ""basis"": ""world gained, life forfeited"", ""note"": ""The commentary treats the person himself as the final lost capital; Jesus asks what gain there is in winning the whole world while losing oneself."", ""turn"": 1, ""model"": ""luna"", ""connection_id"": ""BC-37a719e0c4f8e0d02984""}, {""line"": 2, ""strength"": ""strong"", ""tradition"": ""incil"", ""kind"": ""motif"", ""ref"": ""SBLGNT:Luke.9.25"", ""basis"": ""gain world, lose self"", ""note"": ""The commentary reads loss of one's self as the last entry in the account; this verse explicitly asks what benefit remains when a person gains the world but loses or forfeits himself."", ""turn"": 1, ""model"": ""sol"", ""connection_id"": ""BC-542f8d0784433377ad01""}]"
SBLGNT:Mark.10.21	medium	incil	motif	sell possessions for lasting treasure	The commentary's profitable trade exchanges perishable capital for righteous action; Jesus tells the wealthy man to sell what he has, give to the poor, and gain treasure in heaven.	103:2	"[{""line"": 165, ""strength"": ""medium"", ""tradition"": ""incil"", ""kind"": ""motif"", ""ref"": ""SBLGNT:Mark.10.21"", ""basis"": ""sell possessions for lasting treasure"", ""note"": ""The commentary's profitable trade exchanges perishable capital for righteous action; Jesus tells the wealthy man to sell what he has, give to the poor, and gain treasure in heaven."", ""turn"": 2, ""model"": ""sol"", ""connection_id"": ""BC-738ddf9b53e5afd2445d""}]"
SBLGNT:Mark.14.62	medium	incil	yorum_gelenegi	Daniel's humanlike figure applied to Jesus	Jesus applies Daniel's cloud-coming human figure to himself before the council and speaks of vindication and authority; this Christian reading makes the humanlike figure's dominion a reply to defeat and loss.	103:2	"[{""line"": 51, ""strength"": ""medium"", ""tradition"": ""incil"", ""kind"": ""yorum_gelenegi"", ""ref"": ""SBLGNT:Mark.14.62"", ""basis"": ""Daniel's humanlike figure applied to Jesus"", ""note"": ""Jesus applies Daniel's cloud-coming human figure to himself before the council and speaks of vindication and authority; this Christian reading makes the humanlike figure's dominion a reply to defeat and loss."", ""turn"": 1, ""model"": ""luna"", ""connection_id"": ""BC-fd9ec63b88bffd39ed50""}]"
SBLGNT:Mark.8.36	medium	incil	motif	gain whole world, forfeit life	The commentary says worldly profit can conceal loss of the person; Mark's version of Jesus' question uses the same economic comparison between gaining the world and forfeiting life.	103:2	"[{""line"": 57, ""strength"": ""medium"", ""tradition"": ""incil"", ""kind"": ""motif"", ""ref"": ""SBLGNT:Mark.8.36"", ""basis"": ""gain whole world, forfeit life"", ""note"": ""The commentary says worldly profit can conceal loss of the person; Mark's version of Jesus' question uses the same economic comparison between gaining the world and forfeiting life."", ""turn"": 1, ""model"": ""sol"", ""connection_id"": ""BC-3f9304e2e3336989bdde""}]"
SBLGNT:Matt.12.36	strong	incil	motif	account for every careless word	Jesus says people will give account on judgment day for every careless word; this makes the commentary's comprehensive human reckoning concrete down to speech.	103:2	"[{""line"": 83, ""strength"": ""strong"", ""tradition"": ""incil"", ""kind"": ""motif"", ""ref"": ""SBLGNT:Matt.12.36"", ""basis"": ""account for every careless word"", ""note"": ""Jesus says people will give account on judgment day for every careless word; this makes the commentary's comprehensive human reckoning concrete down to speech."", ""turn"": 2, ""model"": ""luna"", ""connection_id"": ""BC-64f6488468ac2faa4404""}]"
SBLGNT:Matt.13.44	strong	incil	karsi_anlati	joyful sale for a greater treasure	The finder sells everything to buy the field with hidden treasure; this reverses the commentary's loss account by showing a total expenditure that is profitable because the acquired good is greater.	103:2	"[{""line"": 96, ""strength"": ""strong"", ""tradition"": ""incil"", ""kind"": ""karsi_anlati"", ""ref"": ""SBLGNT:Matt.13.44"", ""basis"": ""joyful sale for a greater treasure"", ""note"": ""The finder sells everything to buy the field with hidden treasure; this reverses the commentary's loss account by showing a total expenditure that is profitable because the acquired good is greater."", ""turn"": 2, ""model"": ""luna"", ""connection_id"": ""BC-2061b4c336b1522173be""}]"
SBLGNT:Matt.16.26	strong	incil	motif	gain the world, forfeit the life	The commentary makes the trader's final capital his own self; Jesus asks what profit the whole world brings if a person forfeits his life, making the apparent gain a net personal loss.	103:2	"[{""line"": 1, ""strength"": ""strong"", ""tradition"": ""incil"", ""kind"": ""motif"", ""ref"": ""SBLGNT:Matt.16.26"", ""basis"": ""gain the world, forfeit the life"", ""note"": ""The commentary makes the trader's final capital his own self; Jesus asks what profit the whole world brings if a person forfeits his life, making the apparent gain a net personal loss."", ""turn"": 1, ""model"": ""sol"", ""connection_id"": ""BC-e028bf43609b21f7bd7e""}]"
SBLGNT:Matt.20.14	strong	incil	karsi_anlati	equal wage despite unequal hours	The vineyard owner gives the last workers the same denarius as the first; this revises a strict market ledger by making the kingdom's reward rest on the giver's generosity, not hours worked.	103:2	"[{""line"": 46, ""strength"": ""strong"", ""tradition"": ""incil"", ""kind"": ""karsi_anlati"", ""ref"": ""SBLGNT:Matt.20.14"", ""basis"": ""equal wage despite unequal hours"", ""note"": ""The vineyard owner gives the last workers the same denarius as the first; this revises a strict market ledger by making the kingdom's reward rest on the giver's generosity, not hours worked."", ""turn"": 1, ""model"": ""luna"", ""connection_id"": ""BC-17e248dcfd782e77f2f3""}]"
SBLGNT:Matt.25.16	strong	incil	motif	entrusted money traded to gain more	The commentary reads the lifetime as trading capital placed in human hands; the first servant immediately trades his master's five talents and gains five more.	103:2	"[{""line"": 45, ""strength"": ""strong"", ""tradition"": ""incil"", ""kind"": ""motif"", ""ref"": ""SBLGNT:Matt.25.16"", ""basis"": ""entrusted money traded to gain more"", ""note"": ""The commentary reads the lifetime as trading capital placed in human hands; the first servant immediately trades his master's five talents and gains five more."", ""turn"": 1, ""model"": ""sol"", ""connection_id"": ""BC-487efebaa16e1f962f79""}]"
SBLGNT:Matt.25.19	strong	incil	motif	long delay and settled accounts	After a long interval the master returns and settles accounts with servants entrusted with capital; the parable joins time, work and final reckoning as in the commentary's market image.	103:2	"[{""line"": 5, ""strength"": ""strong"", ""tradition"": ""incil"", ""kind"": ""motif"", ""ref"": ""SBLGNT:Matt.25.19"", ""basis"": ""long delay and settled accounts"", ""note"": ""After a long interval the master returns and settles accounts with servants entrusted with capital; the parable joins time, work and final reckoning as in the commentary's market image."", ""turn"": 1, ""model"": ""luna"", ""connection_id"": ""BC-1ab7eb92136d78e6d2c4""}]"
SBLGNT:Matt.25.25	strong	incil	motif	talent buried in fear	The commentary distinguishes merely retaining possessions from making a profitable moral return; the fearful servant hides the entrusted talent in the ground and returns only the original sum.	103:2	"[{""line"": 46, ""strength"": ""strong"", ""tradition"": ""incil"", ""kind"": ""motif"", ""ref"": ""SBLGNT:Matt.25.25"", ""basis"": ""talent buried in fear"", ""note"": ""The commentary distinguishes merely retaining possessions from making a profitable moral return; the fearful servant hides the entrusted talent in the ground and returns only the original sum."", ""turn"": 1, ""model"": ""sol"", ""connection_id"": ""BC-e53bce8111b48be1d823""}]"
SBLGNT:Matt.25.29	strong	incil	motif	unused capital taken away	The commentary says loss can consume the principal itself; Jesus' conclusion to the talents story says the one who has not will lose even what he has.	103:2	"[{""line"": 47, ""strength"": ""strong"", ""tradition"": ""incil"", ""kind"": ""motif"", ""ref"": ""SBLGNT:Matt.25.29"", ""basis"": ""unused capital taken away"", ""note"": ""The commentary says loss can consume the principal itself; Jesus' conclusion to the talents story says the one who has not will lose even what he has."", ""turn"": 1, ""model"": ""sol"", ""connection_id"": ""BC-c5a7414c4fb58e334bcc""}]"
SBLGNT:Matt.3.8	strong	incil	motif	fruit as evidence of repentance	The commentary sets moral action rather than inherited status as the decisive separation from universal loss; John the Baptist calls for fruit worthy of repentance before confronting reliance on ancestry.	103:2	"[{""line"": 140, ""strength"": ""strong"", ""tradition"": ""incil"", ""kind"": ""motif"", ""ref"": ""SBLGNT:Matt.3.8"", ""basis"": ""fruit as evidence of repentance"", ""note"": ""The commentary sets moral action rather than inherited status as the decisive separation from universal loss; John the Baptist calls for fruit worthy of repentance before confronting reliance on ancestry."", ""turn"": 2, ""model"": ""sol"", ""connection_id"": ""BC-88ec0a8658657ba68d1f""}]"
SBLGNT:Matt.3.9	strong	incil	karsi_anlati	Abrahamic descent no guarantee	The commentary says noble or low origin does not determine who escapes loss; John warns hearers not to presume that having Abraham as father suffices, since God can raise children for him from stones.	103:2	"[{""line"": 141, ""strength"": ""strong"", ""tradition"": ""incil"", ""kind"": ""karsi_anlati"", ""ref"": ""SBLGNT:Matt.3.9"", ""basis"": ""Abrahamic descent no guarantee"", ""note"": ""The commentary says noble or low origin does not determine who escapes loss; John warns hearers not to presume that having Abraham as father suffices, since God can raise children for him from stones."", ""turn"": 2, ""model"": ""sol"", ""connection_id"": ""BC-f94742a80f18c3c26ed6""}]"
SBLGNT:Matt.6.19	strong	incil	motif	treasure vulnerable to decay and theft | earthly treasure eaten and stolen	Jesus warns that earthly treasure is eaten by moth and rust or stolen; this gives physical form to the commentary's principal that can diminish while a person thinks he is accumulating. | The commentary's apparently accumulating store is exposed to real depletion; Jesus warns that earthly treasure is destroyed by moth and rust and broken into by thieves.	103:2	"[{""line"": 62, ""strength"": ""medium"", ""tradition"": ""incil"", ""kind"": ""motif"", ""ref"": ""SBLGNT:Matt.6.19"", ""basis"": ""treasure vulnerable to decay and theft"", ""note"": ""Jesus warns that earthly treasure is eaten by moth and rust or stolen; this gives physical form to the commentary's principal that can diminish while a person thinks he is accumulating."", ""turn"": 1, ""model"": ""luna"", ""connection_id"": ""BC-e086afe9628a0d44eaf2""}, {""line"": 133, ""strength"": ""strong"", ""tradition"": ""incil"", ""kind"": ""motif"", ""ref"": ""SBLGNT:Matt.6.19"", ""basis"": ""earthly treasure eaten and stolen"", ""note"": ""The commentary's apparently accumulating store is exposed to real depletion; Jesus warns that earthly treasure is destroyed by moth and rust and broken into by thieves."", ""turn"": 2, ""model"": ""sol"", ""connection_id"": ""BC-df137841133232241f8a""}]"
SBLGNT:Matt.6.20	strong	incil	motif	store lasting treasure elsewhere	The commentary sets profitable righteous action against perishing capital; Jesus directs hearers to store treasure in heaven, where the losses named in the preceding verse do not consume it.	103:2	"[{""line"": 134, ""strength"": ""strong"", ""tradition"": ""incil"", ""kind"": ""motif"", ""ref"": ""SBLGNT:Matt.6.20"", ""basis"": ""store lasting treasure elsewhere"", ""note"": ""The commentary sets profitable righteous action against perishing capital; Jesus directs hearers to store treasure in heaven, where the losses named in the preceding verse do not consume it."", ""turn"": 2, ""model"": ""sol"", ""connection_id"": ""BC-024045acdef30e1a22f0""}]"
SBLGNT:Matt.7.13	medium	incil	motif	broad way leading to destruction	The commentary's traveler eats through provisions after losing direction and faces ruin; Jesus describes a spacious road on which many travel toward destruction.	103:2	"[{""line"": 70, ""strength"": ""medium"", ""tradition"": ""incil"", ""kind"": ""motif"", ""ref"": ""SBLGNT:Matt.7.13"", ""basis"": ""broad way leading to destruction"", ""note"": ""The commentary's traveler eats through provisions after losing direction and faces ruin; Jesus describes a spacious road on which many travel toward destruction."", ""turn"": 1, ""model"": ""sol"", ""connection_id"": ""BC-8b365c268b8a76f1baad""}]"
SBLGNT:Matt.7.19	strong	incil	motif	fruitless tree cut down and burned	Jesus says a tree that does not bear good fruit is cut down and thrown into fire; this joins the commentary's produce imagery to judgment based on what a life yields.	103:2	"[{""line"": 82, ""strength"": ""strong"", ""tradition"": ""incil"", ""kind"": ""motif"", ""ref"": ""SBLGNT:Matt.7.19"", ""basis"": ""fruitless tree cut down and burned"", ""note"": ""Jesus says a tree that does not bear good fruit is cut down and thrown into fire; this joins the commentary's produce imagery to judgment based on what a life yields."", ""turn"": 2, ""model"": ""luna"", ""connection_id"": ""BC-77446852c11b29d4d895""}]"
SBLGNT:Matt.7.24	medium	incil	motif	hearing and doing make a secure house	The commentary's refuge against a ruinous storm depends on faith and good action; Jesus compares the one who hears and does his words to a house built on rock.	103:2	"[{""line"": 89, ""strength"": ""medium"", ""tradition"": ""incil"", ""kind"": ""motif"", ""ref"": ""SBLGNT:Matt.7.24"", ""basis"": ""hearing and doing make a secure house"", ""note"": ""The commentary's refuge against a ruinous storm depends on faith and good action; Jesus compares the one who hears and does his words to a house built on rock."", ""turn"": 1, ""model"": ""sol"", ""connection_id"": ""BC-b267649e7cfe6513b521""}]"
SBLGNT:Matt.7.25	strong	incil	motif	house stands through storm | storm cannot ruin house on rock	The house built by one who hears and does Jesus' words withstands rain, flood and wind; this brings together the commentary's shelter, storm and distinction by action. | The commentary's shelter contrasts with exposure to destructive weather; Jesus' rain, flood and wind strike the house built on rock, but it does not fall because of its foundation.	103:2	"[{""line"": 43, ""strength"": ""strong"", ""tradition"": ""incil"", ""kind"": ""motif"", ""ref"": ""SBLGNT:Matt.7.25"", ""basis"": ""house stands through storm"", ""note"": ""The house built by one who hears and does Jesus' words withstands rain, flood and wind; this brings together the commentary's shelter, storm and distinction by action."", ""turn"": 1, ""model"": ""luna"", ""connection_id"": ""BC-48255317a55095a2f196""}, {""line"": 150, ""strength"": ""strong"", ""tradition"": ""incil"", ""kind"": ""motif"", ""ref"": ""SBLGNT:Matt.7.25"", ""basis"": ""storm cannot ruin house on rock"", ""note"": ""The commentary's shelter contrasts with exposure to destructive weather; Jesus' rain, flood and wind strike the house built on rock, but it does not fall because of its foundation."", ""turn"": 2, ""model"": ""sol"", ""connection_id"": ""BC-083865ba9768bfd6fcfa""}]"
SBLGNT:Matt.7.27	strong	incil	motif	house falls in storm | storm destroys house without secure foundation	The house of the one who hears but does not do collapses under rain, flood and wind; this is a concrete image of loss tied to the deed that the commentary says changes one's outcome. | The commentary opposes a refuge to exposure when destructive weather arrives; Jesus' rain, floods and winds strike the house built on sand, which falls greatly.	103:2	"[{""line"": 44, ""strength"": ""strong"", ""tradition"": ""incil"", ""kind"": ""motif"", ""ref"": ""SBLGNT:Matt.7.27"", ""basis"": ""house falls in storm"", ""note"": ""The house of the one who hears but does not do collapses under rain, flood and wind; this is a concrete image of loss tied to the deed that the commentary says changes one's outcome."", ""turn"": 1, ""model"": ""luna"", ""connection_id"": ""BC-4b082682f4fae0fd3185""}, {""line"": 32, ""strength"": ""strong"", ""tradition"": ""incil"", ""kind"": ""motif"", ""ref"": ""SBLGNT:Matt.7.27"", ""basis"": ""storm destroys house without secure foundation"", ""note"": ""The commentary opposes a refuge to exposure when destructive weather arrives; Jesus' rain, floods and winds strike the house built on sand, which falls greatly."", ""turn"": 1, ""model"": ""sol"", ""connection_id"": ""BC-05c08ef82207e15b33ae""}]"
SBLGNT:Matt.7.3	medium	incil	motif	seeing another's eye, missing one's own	Jesus pictures a person noticing a speck in a brother's eye while ignoring a beam in his own; this echoes the commentary's eye imagery and its warning that the person may not see his own condition.	103:2	"[{""line"": 60, ""strength"": ""medium"", ""tradition"": ""incil"", ""kind"": ""motif"", ""ref"": ""SBLGNT:Matt.7.3"", ""basis"": ""seeing another's eye, missing one's own"", ""note"": ""Jesus pictures a person noticing a speck in a brother's eye while ignoring a beam in his own; this echoes the commentary's eye imagery and its warning that the person may not see his own condition."", ""turn"": 1, ""model"": ""luna"", ""connection_id"": ""BC-a4414d46d56386f06e34""}]"
SBLGNT:Matt.7.5	medium	incil	motif	clear self-sight before helping brother	The commentary's reflected self in another's eye leads to reciprocal truth telling; Jesus says first to remove one's own obstruction so one can see clearly to help a brother with his.	103:2	"[{""line"": 77, ""strength"": ""medium"", ""tradition"": ""incil"", ""kind"": ""motif"", ""ref"": ""SBLGNT:Matt.7.5"", ""basis"": ""clear self-sight before helping brother"", ""note"": ""The commentary's reflected self in another's eye leads to reciprocal truth telling; Jesus says first to remove one's own obstruction so one can see clearly to help a brother with his."", ""turn"": 1, ""model"": ""sol"", ""connection_id"": ""BC-8046ffbc29982c735bbd""}]"
SBLGNT:Phil.3.7	strong	incil	motif	former gains counted as loss | former gains counted loss	Paul says the things that were gain to him he counted as loss for Christ; the accounting language directly meets the commentary's distinction between apparent assets and true profit. | The commentary distinguishes apparent accumulation from the true balance; Paul says things once counted as gains became loss for Christ, reversing his own ledger.	103:2	"[{""line"": 90, ""strength"": ""strong"", ""tradition"": ""incil"", ""kind"": ""motif"", ""ref"": ""SBLGNT:Phil.3.7"", ""basis"": ""former gains counted as loss"", ""note"": ""Paul says the things that were gain to him he counted as loss for Christ; the accounting language directly meets the commentary's distinction between apparent assets and true profit."", ""turn"": 2, ""model"": ""luna"", ""connection_id"": ""BC-f533958e80ee0492691c""}, {""line"": 3, ""strength"": ""strong"", ""tradition"": ""incil"", ""kind"": ""motif"", ""ref"": ""SBLGNT:Phil.3.7"", ""basis"": ""former gains counted loss"", ""note"": ""The commentary distinguishes apparent accumulation from the true balance; Paul says things once counted as gains became loss for Christ, reversing his own ledger."", ""turn"": 1, ""model"": ""sol"", ""connection_id"": ""BC-2963f0c965b88297dd49""}]"
SBLGNT:Phil.3.8	strong	incil	motif	all things loss for the greater gain | all things loss, Christ gain	Paul counts everything as loss compared with knowing Christ and being found in him; this adds a deliberate revaluation in which relinquishing worldly capital is itself gain. | The commentary's trade between perishing capital and lasting gain has a close counterpart in Paul's reckoning of everything as loss compared with gaining Christ.	103:2	"[{""line"": 91, ""strength"": ""strong"", ""tradition"": ""incil"", ""kind"": ""motif"", ""ref"": ""SBLGNT:Phil.3.8"", ""basis"": ""all things loss for the greater gain"", ""note"": ""Paul counts everything as loss compared with knowing Christ and being found in him; this adds a deliberate revaluation in which relinquishing worldly capital is itself gain."", ""turn"": 2, ""model"": ""luna"", ""connection_id"": ""BC-f1917b3fef7be1f8bfda""}, {""line"": 4, ""strength"": ""strong"", ""tradition"": ""incil"", ""kind"": ""motif"", ""ref"": ""SBLGNT:Phil.3.8"", ""basis"": ""all things loss, Christ gain"", ""note"": ""The commentary's trade between perishing capital and lasting gain has a close counterpart in Paul's reckoning of everything as loss compared with gaining Christ."", ""turn"": 1, ""model"": ""sol"", ""connection_id"": ""BC-83b560a20f413ec0ef9b""}]"
SBLGNT:Rev.18.17	strong	incil	motif	great wealth destroyed in one hour	The commentary connects the late hour to a lifetime's accumulated goods lost suddenly; the lament over Babylon says its great wealth has been laid waste in one hour.	103:2	"[{""line"": 56, ""strength"": ""strong"", ""tradition"": ""incil"", ""kind"": ""motif"", ""ref"": ""SBLGNT:Rev.18.17"", ""basis"": ""great wealth destroyed in one hour"", ""note"": ""The commentary connects the late hour to a lifetime's accumulated goods lost suddenly; the lament over Babylon says its great wealth has been laid waste in one hour."", ""turn"": 1, ""model"": ""sol"", ""connection_id"": ""BC-1c2d20c7d6218665d4c5""}]"
SBLGNT:Rev.20.12	strong	incil	motif	dead judged from books by their works | great and small judged from books of deeds	At the great throne, the dead are judged from opened books according to their works; this is a direct image of the final account that the commentary hears behind loss and deeds. | The commentary's verdict includes every rank and opens a ledger of deeds; Revelation has the dead, great and small, stand before a throne as books are opened and they are judged by recorded works.	103:2	"[{""line"": 84, ""strength"": ""strong"", ""tradition"": ""incil"", ""kind"": ""motif"", ""ref"": ""SBLGNT:Rev.20.12"", ""basis"": ""dead judged from books by their works"", ""note"": ""At the great throne, the dead are judged from opened books according to their works; this is a direct image of the final account that the commentary hears behind loss and deeds."", ""turn"": 2, ""model"": ""luna"", ""connection_id"": ""BC-1973d35624904a5546d3""}, {""line"": 129, ""strength"": ""strong"", ""tradition"": ""incil"", ""kind"": ""motif"", ""ref"": ""SBLGNT:Rev.20.12"", ""basis"": ""great and small judged from books of deeds"", ""note"": ""The commentary's verdict includes every rank and opens a ledger of deeds; Revelation has the dead, great and small, stand before a throne as books are opened and they are judged by recorded works."", ""turn"": 2, ""model"": ""sol"", ""connection_id"": ""BC-c54e65071fc6fa0b1a7f""}]"
SBLGNT:Rev.3.17	strong	incil	motif	wealthy but unaware of poverty | imagined wealth, unrecognized poverty	Laodicea says it is rich and needs nothing yet does not know it is poor and wretched; this enacts the commentary's loss that can grow unseen beneath apparent success. | The commentary stresses a loss one does not feel; Laodicea says it is rich and needs nothing while failing to know its poverty and blindness.	103:2	"[{""line"": 4, ""strength"": ""strong"", ""tradition"": ""incil"", ""kind"": ""motif"", ""ref"": ""SBLGNT:Rev.3.17"", ""basis"": ""wealthy but unaware of poverty"", ""note"": ""Laodicea says it is rich and needs nothing yet does not know it is poor and wretched; this enacts the commentary's loss that can grow unseen beneath apparent success."", ""turn"": 1, ""model"": ""luna"", ""connection_id"": ""BC-d58d5ac487a91f5db707""}, {""line"": 13, ""strength"": ""strong"", ""tradition"": ""incil"", ""kind"": ""motif"", ""ref"": ""SBLGNT:Rev.3.17"", ""basis"": ""imagined wealth, unrecognized poverty"", ""note"": ""The commentary stresses a loss one does not feel; Laodicea says it is rich and needs nothing while failing to know its poverty and blindness."", ""turn"": 1, ""model"": ""sol"", ""connection_id"": ""BC-4f27f76af8821933fd8b""}]"
SBLGNT:Rev.3.18	strong	incil	motif	buy true gold and salve for blind eyes	The commentary joins false wealth to a seeing being who misses his own loss; the speaker follows Laodicea's unrecognized poverty by urging it to buy refined gold and eye salve so it may see.	103:2	"[{""line"": 128, ""strength"": ""strong"", ""tradition"": ""incil"", ""kind"": ""motif"", ""ref"": ""SBLGNT:Rev.3.18"", ""basis"": ""buy true gold and salve for blind eyes"", ""note"": ""The commentary joins false wealth to a seeing being who misses his own loss; the speaker follows Laodicea's unrecognized poverty by urging it to buy refined gold and eye salve so it may see."", ""turn"": 2, ""model"": ""sol"", ""connection_id"": ""BC-206b575d79d1859dd734""}]"
SBLGNT:Rom.1.17	medium	incil	yorum_gelenegi	Paul rereads Habakkuk as gospel principle	Paul quotes Habakkuk's righteous-by-faith line as the revelation of God's righteousness in the gospel; this Christian reading emphasizes faith as the principle of life alongside the commentary's fuller faith-and-deeds description.	103:2	"[{""line"": 100, ""strength"": ""medium"", ""tradition"": ""incil"", ""kind"": ""yorum_gelenegi"", ""ref"": ""SBLGNT:Rom.1.17"", ""basis"": ""Paul rereads Habakkuk as gospel principle"", ""note"": ""Paul quotes Habakkuk's righteous-by-faith line as the revelation of God's righteousness in the gospel; this Christian reading emphasizes faith as the principle of life alongside the commentary's fuller faith-and-deeds description."", ""turn"": 2, ""model"": ""luna"", ""connection_id"": ""BC-747b65aa286920d736ad""}]"
SBLGNT:Rom.2.11	strong	incil	motif	judgment without partiality	Paul says God shows no partiality; with the preceding verse's judgment by deeds, this matches the commentary's refusal to distinguish people by lineage or rank.	103:2	"[{""line"": 22, ""strength"": ""strong"", ""tradition"": ""incil"", ""kind"": ""motif"", ""ref"": ""SBLGNT:Rom.2.11"", ""basis"": ""judgment without partiality"", ""note"": ""Paul says God shows no partiality; with the preceding verse's judgment by deeds, this matches the commentary's refusal to distinguish people by lineage or rank."", ""turn"": 1, ""model"": ""luna"", ""connection_id"": ""BC-ce3970ec46163d66f946""}]"
SBLGNT:Rom.2.6	strong	incil	motif	repayment according to deeds	God repays each according to deeds; this connects the commentary's person-in-loss to its neighboring ayah's faith and action as the basis of the final account.	103:2	"[{""line"": 21, ""strength"": ""strong"", ""tradition"": ""incil"", ""kind"": ""motif"", ""ref"": ""SBLGNT:Rom.2.6"", ""basis"": ""repayment according to deeds"", ""note"": ""God repays each according to deeds; this connects the commentary's person-in-loss to its neighboring ayah's faith and action as the basis of the final account."", ""turn"": 1, ""model"": ""luna"", ""connection_id"": ""BC-b971e9888a5abf274845""}]"
SBLGNT:Rom.2.7	strong	incil	motif	enduring good work receives life	The commentary's rescue from loss joins righteous works with patience; Paul promises eternal life to those who persist in doing good while seeking glory, honor and immortality.	103:2	"[{""line"": 138, ""strength"": ""strong"", ""tradition"": ""incil"", ""kind"": ""motif"", ""ref"": ""SBLGNT:Rom.2.7"", ""basis"": ""enduring good work receives life"", ""note"": ""The commentary's rescue from loss joins righteous works with patience; Paul promises eternal life to those who persist in doing good while seeking glory, honor and immortality."", ""turn"": 2, ""model"": ""sol"", ""connection_id"": ""BC-d1c5f7bf9b222f6296d4""}]"
SBLGNT:Rom.3.23	strong	incil	motif	all fall short | all sin and fall short	Paul says all have sinned and fall short of God's glory; the wording gives the commentary's comprehensive human deficit a specific moral and theological measure. | The commentary emphasizes a judgment on humanity as a class; Paul says all have sinned and fall short of God's glory, a comparably universal shortfall.	103:2	"[{""line"": 20, ""strength"": ""strong"", ""tradition"": ""incil"", ""kind"": ""motif"", ""ref"": ""SBLGNT:Rom.3.23"", ""basis"": ""all fall short"", ""note"": ""Paul says all have sinned and fall short of God's glory; the wording gives the commentary's comprehensive human deficit a specific moral and theological measure."", ""turn"": 1, ""model"": ""luna"", ""connection_id"": ""BC-f3832c87ef0bc022a58f""}, {""line"": 26, ""strength"": ""strong"", ""tradition"": ""incil"", ""kind"": ""motif"", ""ref"": ""SBLGNT:Rom.3.23"", ""basis"": ""all sin and fall short"", ""note"": ""The commentary emphasizes a judgment on humanity as a class; Paul says all have sinned and fall short of God's glory, a comparably universal shortfall."", ""turn"": 1, ""model"": ""sol"", ""connection_id"": ""BC-b177f21c20723fa0f8b2""}]"
SBLGNT:Rom.3.24	medium	incil	motif	justification offered after universal shortfall	The commentary names an exception after its universal verdict; immediately after Paul's statement that all fall short, he says people are justified by grace through Christ, an alternate account of escape.	103:2	"[{""line"": 67, ""strength"": ""medium"", ""tradition"": ""incil"", ""kind"": ""motif"", ""ref"": ""SBLGNT:Rom.3.24"", ""basis"": ""justification offered after universal shortfall"", ""note"": ""The commentary names an exception after its universal verdict; immediately after Paul's statement that all fall short, he says people are justified by grace through Christ, an alternate account of escape."", ""turn"": 1, ""model"": ""sol"", ""connection_id"": ""BC-b3444075c5ea257872da""}]"
SBLGNT:Rom.5.12	medium	incil	motif	death spread to all people	The commentary places the human kind, not one individual, under an enveloping negative condition; Paul says death passed to all people after sin entered the world.	103:2	"[{""line"": 66, ""strength"": ""medium"", ""tradition"": ""incil"", ""kind"": ""motif"", ""ref"": ""SBLGNT:Rom.5.12"", ""basis"": ""death spread to all people"", ""note"": ""The commentary places the human kind, not one individual, under an enveloping negative condition; Paul says death passed to all people after sin entered the world."", ""turn"": 1, ""model"": ""sol"", ""connection_id"": ""BC-a0ef2bb0d61a5ad4aa04""}]"
Kiddushin 40b	strong	tevrat	motif	one deed tips the moral scales	The Talmud asks each person to see himself as balanced between merit and guilt, so one deed can tip himself and the world; this is a close rabbinic meeting of human action, scales and final consequence.	103:2	"[{""line"": 106, ""strength"": ""strong"", ""tradition"": ""tevrat"", ""kind"": ""motif"", ""ref"": ""Kiddushin 40b"", ""basis"": ""one deed tips the moral scales"", ""note"": ""The Talmud asks each person to see himself as balanced between merit and guilt, so one deed can tip himself and the world; this is a close rabbinic meeting of human action, scales and final consequence."", ""turn"": 2, ""model"": ""luna"", ""connection_id"": ""BC-4fae2a352d2b3e88cdca""}]"
Mishnah Avot 1:14	strong	tevrat	motif	self, community and the urgency of now	Hillel asks who one is if wholly for oneself and, if not now, when; the saying joins the commentary's isolated human, mutual counsel and finite time.	103:2	"[{""line"": 102, ""strength"": ""strong"", ""tradition"": ""tevrat"", ""kind"": ""motif"", ""ref"": ""Mishnah Avot 1:14"", ""basis"": ""self, community and the urgency of now"", ""note"": ""Hillel asks who one is if wholly for oneself and, if not now, when; the saying joins the commentary's isolated human, mutual counsel and finite time."", ""turn"": 2, ""model"": ""luna"", ""connection_id"": ""BC-6a05eb06be8c22af0418""}]"
Mishnah Avot 1:6	medium	tevrat	yorum_gelenegi	acquire a friend and teacher	The commentary moves from the isolated human to someone who receives truth from another; Avot tells a person to make a teacher and acquire a friend, naming relationships as part of moral formation.	103:2	"[{""line"": 80, ""strength"": ""medium"", ""tradition"": ""tevrat"", ""kind"": ""yorum_gelenegi"", ""ref"": ""Mishnah Avot 1:6"", ""basis"": ""acquire a friend and teacher"", ""note"": ""The commentary moves from the isolated human to someone who receives truth from another; Avot tells a person to make a teacher and acquire a friend, naming relationships as part of moral formation."", ""turn"": 1, ""model"": ""sol"", ""connection_id"": ""BC-a4afe4837e7010ed32f8""}]"
Mishnah Avot 2:1	strong	tevrat	yorum_gelenegi	weigh a commandment's loss against reward	The commentary reads loss and gain as a moral account rather than an emotion; Avot tells a person to reckon the loss of a commandment against its reward and a transgression's reward against its loss.	103:2	"[{""line"": 126, ""strength"": ""strong"", ""tradition"": ""tevrat"", ""kind"": ""yorum_gelenegi"", ""ref"": ""Mishnah Avot 2:1"", ""basis"": ""weigh a commandment's loss against reward"", ""note"": ""The commentary reads loss and gain as a moral account rather than an emotion; Avot tells a person to reckon the loss of a commandment against its reward and a transgression's reward against its loss."", ""turn"": 2, ""model"": ""sol"", ""connection_id"": ""BC-aacf90caaea1eb3d3a1a""}]"
Mishnah Avot 2:15	strong	tevrat	motif|yorum_gelenegi	short day, much work, great reward | short day, much work, great wage	Rabbi Tarfon's saying makes the day short, the work much and the reward great; it turns the commentary's time-as-capital image into an explicit account of finite time and labor. | The commentary imagines time as the trader's expiring capital and good deeds as work for gain; R. Tarfon's saying turns the short day, plentiful work and great wage into an urgent moral account.	103:2	"[{""line"": 15, ""strength"": ""strong"", ""tradition"": ""tevrat"", ""kind"": ""motif"", ""ref"": ""Mishnah Avot 2:15"", ""basis"": ""short day, much work, great reward"", ""note"": ""Rabbi Tarfon's saying makes the day short, the work much and the reward great; it turns the commentary's time-as-capital image into an explicit account of finite time and labor."", ""turn"": 1, ""model"": ""luna"", ""connection_id"": ""BC-a1300fa34aef4680a9f5""}, {""line"": 48, ""strength"": ""strong"", ""tradition"": ""tevrat"", ""kind"": ""yorum_gelenegi"", ""ref"": ""Mishnah Avot 2:15"", ""basis"": ""short day, much work, great wage"", ""note"": ""The commentary imagines time as the trader's expiring capital and good deeds as work for gain; R. Tarfon's saying turns the short day, plentiful work and great wage into an urgent moral account."", ""turn"": 1, ""model"": ""sol"", ""connection_id"": ""BC-c4a86e9b7ca69bf2215b""}]"
Mishnah Avot 2:16	strong	tevrat	yorum_gelenegi	labor incomplete, employer pays wage	The commentary's exceptions are counted by belief and deeds rather than by ancestry; Avot says one need not finish the work yet may not cease from it, and a faithful employer pays the wage.	103:2	"[{""line"": 49, ""strength"": ""strong"", ""tradition"": ""tevrat"", ""kind"": ""yorum_gelenegi"", ""ref"": ""Mishnah Avot 2:16"", ""basis"": ""labor incomplete, employer pays wage"", ""note"": ""The commentary's exceptions are counted by belief and deeds rather than by ancestry; Avot says one need not finish the work yet may not cease from it, and a faithful employer pays the wage."", ""turn"": 1, ""model"": ""sol"", ""connection_id"": ""BC-c791916c27f9952b8f89""}]"
Mishnah Avot 2:4	strong	tevrat	motif|yorum_gelenegi	do not separate from the community | do not separate from community	The Mishnah warns against separating from the community, trusting oneself until death, or postponing study until free; this connects collective support and urgency to the commentary's path out of isolation and loss. | The commentary treats companionship and mutual counsel as an exit from solitary loss; this maxim explicitly warns against separating oneself from the community.	103:2	"[{""line"": 103, ""strength"": ""strong"", ""tradition"": ""tevrat"", ""kind"": ""motif"", ""ref"": ""Mishnah Avot 2:4"", ""basis"": ""do not separate from the community"", ""note"": ""The Mishnah warns against separating from the community, trusting oneself until death, or postponing study until free; this connects collective support and urgency to the commentary's path out of isolation and loss."", ""turn"": 2, ""model"": ""luna"", ""connection_id"": ""BC-320f0f4d07141afcdd12""}, {""line"": 81, ""strength"": ""medium"", ""tradition"": ""tevrat"", ""kind"": ""yorum_gelenegi"", ""ref"": ""Mishnah Avot 2:4"", ""basis"": ""do not separate from community"", ""note"": ""The commentary treats companionship and mutual counsel as an exit from solitary loss; this maxim explicitly warns against separating oneself from the community."", ""turn"": 1, ""model"": ""sol"", ""connection_id"": ""BC-e4d4a51091417b3f1b00""}]"
Mishnah Avot 3:1	strong	tevrat	motif|yorum_gelenegi	account before the Judge | remember origin, end and final accounting	Akavya ben Mahalalel tells a person to know where he came from and where he goes, and before whom he will give account; this is a direct Jewish formulation of the commentary's human life reaching its reckoning. | The commentary's human has an unseen deficit that an appointed day reveals; Avot asks a person to remember his beginning, his end and before whom he must give account.	103:2	"[{""line"": 104, ""strength"": ""strong"", ""tradition"": ""tevrat"", ""kind"": ""motif"", ""ref"": ""Mishnah Avot 3:1"", ""basis"": ""account before the Judge"", ""note"": ""Akavya ben Mahalalel tells a person to know where he came from and where he goes, and before whom he will give account; this is a direct Jewish formulation of the commentary's human life reaching its reckoning."", ""turn"": 2, ""model"": ""luna"", ""connection_id"": ""BC-8656f551fa411612e01a""}, {""line"": 87, ""strength"": ""medium"", ""tradition"": ""tevrat"", ""kind"": ""yorum_gelenegi"", ""ref"": ""Mishnah Avot 3:1"", ""basis"": ""remember origin, end and final accounting"", ""note"": ""The commentary's human has an unseen deficit that an appointed day reveals; Avot asks a person to remember his beginning, his end and before whom he must give account."", ""turn"": 1, ""model"": ""sol"", ""connection_id"": ""BC-df7586cb420b218e6e22""}]"
Mishnah Avot 3:15	medium	tevrat	yorum_gelenegi	free choice and judgment by weight of deeds	The commentary holds a universal condition beside action that distinguishes an exception; R. Akiva's saying in Avot places human choice beside judgment according to the preponderance of deeds.	103:2	"[{""line"": 157, ""strength"": ""medium"", ""tradition"": ""tevrat"", ""kind"": ""yorum_gelenegi"", ""ref"": ""Mishnah Avot 3:15"", ""basis"": ""free choice and judgment by weight of deeds"", ""note"": ""The commentary holds a universal condition beside action that distinguishes an exception; R. Akiva's saying in Avot places human choice beside judgment according to the preponderance of deeds."", ""turn"": 2, ""model"": ""sol"", ""connection_id"": ""BC-9fbdb539e580a03d8da0""}]"
Mishnah Avot 3:16	strong	tevrat	yorum_gelenegi	open shop, ledger, collectors and true judgment	The commentary's market account and final balance meet Avot's shop on credit, open ledger recording actions, daily collectors and judgment declared true.	103:2	"[{""line"": 50, ""strength"": ""strong"", ""tradition"": ""tevrat"", ""kind"": ""yorum_gelenegi"", ""ref"": ""Mishnah Avot 3:16"", ""basis"": ""open shop, ledger, collectors and true judgment"", ""note"": ""The commentary's market account and final balance meet Avot's shop on credit, open ledger recording actions, daily collectors and judgment declared true."", ""turn"": 1, ""model"": ""sol"", ""connection_id"": ""BC-875e62dde53f2ececa71""}]"
Mishnah Avot 4:1	medium	tevrat	karsi_anlati|yorum_gelenegi	wealth redefined as contentment | wisdom learned from every person | true richness as contentment with share	Ben Zoma asks who is rich and answers: one who rejoices in his portion; this challenges the commentary's market image by defining wealth through sufficiency rather than accumulation. | The commentary turns the solitary named human toward reciprocal truth telling; Avot calls wise the person who learns from every person, making another human a source of self-correction. | The commentary warns that counting more possessions can conceal actual loss; the same Avot saying calls rich the person content with his portion, redefining wealth without an expanding hoard.	103:2	"[{""line"": 105, ""strength"": ""medium"", ""tradition"": ""tevrat"", ""kind"": ""karsi_anlati"", ""ref"": ""Mishnah Avot 4:1"", ""basis"": ""wealth redefined as contentment"", ""note"": ""Ben Zoma asks who is rich and answers: one who rejoices in his portion; this challenges the commentary's market image by defining wealth through sufficiency rather than accumulation."", ""turn"": 2, ""model"": ""luna"", ""connection_id"": ""BC-9f68678ec45671c01d62""}, {""line"": 158, ""strength"": ""medium"", ""tradition"": ""tevrat"", ""kind"": ""yorum_gelenegi"", ""ref"": ""Mishnah Avot 4:1"", ""basis"": ""wisdom learned from every person"", ""note"": ""The commentary turns the solitary named human toward reciprocal truth telling; Avot calls wise the person who learns from every person, making another human a source of self-correction."", ""turn"": 2, ""model"": ""sol"", ""connection_id"": ""BC-10de767acf060259dbaa""}, {""line"": 159, ""strength"": ""medium"", ""tradition"": ""tevrat"", ""kind"": ""yorum_gelenegi"", ""ref"": ""Mishnah Avot 4:1"", ""basis"": ""true richness as contentment with share"", ""note"": ""The commentary warns that counting more possessions can conceal actual loss; the same Avot saying calls rich the person content with his portion, redefining wealth without an expanding hoard."", ""turn"": 2, ""model"": ""sol"", ""connection_id"": ""BC-b96471daf0d03b55b1e5""}]"
Mishnah Avot 4:16	strong	tevrat	yorum_gelenegi	this world as antechamber, preparation beyond	The commentary places the human inside a temporal condition whose use determines later gain; Avot calls this world an antechamber and urges preparation there before entering the banquet hall.	103:2	"[{""line"": 51, ""strength"": ""strong"", ""tradition"": ""tevrat"", ""kind"": ""yorum_gelenegi"", ""ref"": ""Mishnah Avot 4:16"", ""basis"": ""this world as antechamber, preparation beyond"", ""note"": ""The commentary places the human inside a temporal condition whose use determines later gain; Avot calls this world an antechamber and urges preparation there before entering the banquet hall."", ""turn"": 1, ""model"": ""sol"", ""connection_id"": ""BC-05037fd58cc63aa1768b""}]"
Mishnah Avot 4:17	strong	tevrat	motif	an hour of deeds and repentance	The Mishnah values one hour of repentance and good deeds in this world above the whole life of the world to come; it makes each unit of time consequential as in the commentary's account.	103:2	"[{""line"": 16, ""strength"": ""strong"", ""tradition"": ""tevrat"", ""kind"": ""motif"", ""ref"": ""Mishnah Avot 4:17"", ""basis"": ""an hour of deeds and repentance"", ""note"": ""The Mishnah values one hour of repentance and good deeds in this world above the whole life of the world to come; it makes each unit of time consequential as in the commentary's account."", ""turn"": 1, ""model"": ""luna"", ""connection_id"": ""BC-a63607e690c70d9d85d8""}]"
Mishnah Avot 4:22	medium	tevrat	yorum_gelenegi	life and death lead to an account	The commentary speaks of each human brought to his due day with his deeds; Avot insists that birth, life, death and the eventual account before the divine king are inescapable.	103:2	"[{""line"": 88, ""strength"": ""medium"", ""tradition"": ""tevrat"", ""kind"": ""yorum_gelenegi"", ""ref"": ""Mishnah Avot 4:22"", ""basis"": ""life and death lead to an account"", ""note"": ""The commentary speaks of each human brought to his due day with his deeds; Avot insists that birth, life, death and the eventual account before the divine king are inescapable."", ""turn"": 1, ""model"": ""sol"", ""connection_id"": ""BC-a9a3bb5b29799bfa415a""}]"
Rosh Hashanah 16b	medium	tevrat	yorum_gelenegi	people inscribed by their deeds at the New Year	The Talmud describes books opened on the New Year and distinguishes the righteous, wicked and intermediate by their inscription for life or death; this gives the commentary's universal verdict and exception group a Jewish judgment-day framework.	103:2	"[{""line"": 107, ""strength"": ""medium"", ""tradition"": ""tevrat"", ""kind"": ""yorum_gelenegi"", ""ref"": ""Rosh Hashanah 16b"", ""basis"": ""people inscribed by their deeds at the New Year"", ""note"": ""The Talmud describes books opened on the New Year and distinguishes the righteous, wicked and intermediate by their inscription for life or death; this gives the commentary's universal verdict and exception group a Jewish judgment-day framework."", ""turn"": 2, ""model"": ""luna"", ""connection_id"": ""BC-4f443cac1972106a8710""}]"
Shabbat 153a	strong	tevrat	motif	unknown day of death	The teaching to repent one day before death is answered by the uncertainty of that day, so one should repent today; it gives the commentary's passing time an urgent, practical consequence.	103:2	"[{""line"": 17, ""strength"": ""strong"", ""tradition"": ""tevrat"", ""kind"": ""motif"", ""ref"": ""Shabbat 153a"", ""basis"": ""unknown day of death"", ""note"": ""The teaching to repent one day before death is answered by the uncertainty of that day, so one should repent today; it gives the commentary's passing time an urgent, practical consequence."", ""turn"": 1, ""model"": ""luna"", ""connection_id"": ""BC-fa4a564a5dd1ef37b0d2""}]"
Shabbat 31a	strong	tevrat	yorum_gelenegi	final judgment asks about honest business	The commentary's market fraud is answered by a later scale for the trader himself; the Talmud says that when one is brought to judgment, one is asked whether one conducted business faithfully.	103:2	"[{""line"": 127, ""strength"": ""strong"", ""tradition"": ""tevrat"", ""kind"": ""yorum_gelenegi"", ""ref"": ""Shabbat 31a"", ""basis"": ""final judgment asks about honest business"", ""note"": ""The commentary's market fraud is answered by a later scale for the trader himself; the Talmud says that when one is brought to judgment, one is asked whether one conducted business faithfully."", ""turn"": 2, ""model"": ""sol"", ""connection_id"": ""BC-e173ee2d25c455b013b0""}]"
Sirach 11:19	strong	tevrat	motif	resting on wealth before death	The rich man says he can now enjoy his goods but does not know how soon he will die and leave them; this is a Jewish parallel to the commentary's false confidence in accumulated capital.	103:2	"[{""line"": 12, ""strength"": ""strong"", ""tradition"": ""tevrat"", ""kind"": ""motif"", ""ref"": ""Sirach 11:19"", ""basis"": ""resting on wealth before death"", ""note"": ""The rich man says he can now enjoy his goods but does not know how soon he will die and leave them; this is a Jewish parallel to the commentary's false confidence in accumulated capital."", ""turn"": 1, ""model"": ""luna"", ""connection_id"": ""BC-757ddf2f05600157444a""}]"
Ta'anit 23a	weak	tevrat	yorum_gelenegi	companionship or death in Honi's return	The commentary says the human needs others to escape solitary loss; the Honi story ends with his isolation when others do not recognize him and the maxim that one needs companionship or death. This extends the commentary's social image rather than interpreting its verse directly.	103:2	"[{""line"": 96, ""strength"": ""weak"", ""tradition"": ""tevrat"", ""kind"": ""yorum_gelenegi"", ""ref"": ""Ta'anit 23a"", ""basis"": ""companionship or death in Honi's return"", ""note"": ""The commentary says the human needs others to escape solitary loss; the Honi story ends with his isolation when others do not recognize him and the maxim that one needs companionship or death. This extends the commentary's social image rather than interpreting its verse directly."", ""turn"": 1, ""model"": ""sol"", ""connection_id"": ""BC-00bfb93bf0b43ff266d5""}]"
WLC:1Sam.16.7	strong	tevrat	motif	human sees surface, God sees heart	The commentary says a being equipped to see can remain blind to his own real state; Samuel is told humans look at outward appearance while the Lord looks at the heart.	103:2	"[{""line"": 115, ""strength"": ""strong"", ""tradition"": ""tevrat"", ""kind"": ""motif"", ""ref"": ""WLC:1Sam.16.7"", ""basis"": ""human sees surface, God sees heart"", ""note"": ""The commentary says a being equipped to see can remain blind to his own real state; Samuel is told humans look at outward appearance while the Lord looks at the heart."", ""turn"": 2, ""model"": ""sol"", ""connection_id"": ""BC-21785ac1f637a649d5c7""}]"
WLC:1Sam.2.3	strong	tevrat	motif	God weighs deeds	Hannah says the Lord is a God of knowledge and actions are weighed by him; this links the commentary's unseen human account to divine assessment.	103:2	"[{""line"": 72, ""strength"": ""strong"", ""tradition"": ""tevrat"", ""kind"": ""motif"", ""ref"": ""WLC:1Sam.2.3"", ""basis"": ""God weighs deeds"", ""note"": ""Hannah says the Lord is a God of knowledge and actions are weighed by him; this links the commentary's unseen human account to divine assessment."", ""turn"": 2, ""model"": ""luna"", ""connection_id"": ""BC-4c3dd2b33cfa0078f6ce""}]"
WLC:2Sam.12.4	strong	tevrat	paralel	rich man takes poor man's only lamb	The commentary's dishonest seller secretly consumes another's principal; Nathan's parable has a rich man spare his own livestock and take the poor man's single cherished lamb instead.	103:2	"[{""line"": 121, ""strength"": ""strong"", ""tradition"": ""tevrat"", ""kind"": ""paralel"", ""ref"": ""WLC:2Sam.12.4"", ""basis"": ""rich man takes poor man's only lamb"", ""note"": ""The commentary's dishonest seller secretly consumes another's principal; Nathan's parable has a rich man spare his own livestock and take the poor man's single cherished lamb instead."", ""turn"": 2, ""model"": ""sol"", ""connection_id"": ""BC-1092331aefc88f99182c""}]"
WLC:2Sam.12.7	strong	tevrat	motif	another's story exposes one's hidden guilt	The commentary's seeing human needs another person's truthful address to see himself; after David condemns the parable's rich man, Nathan tells David that he is that man.	103:2	"[{""line"": 122, ""strength"": ""strong"", ""tradition"": ""tevrat"", ""kind"": ""motif"", ""ref"": ""WLC:2Sam.12.7"", ""basis"": ""another's story exposes one's hidden guilt"", ""note"": ""The commentary's seeing human needs another person's truthful address to see himself; after David condemns the parable's rich man, Nathan tells David that he is that man."", ""turn"": 2, ""model"": ""sol"", ""connection_id"": ""BC-b5aeaaa1715ead2913cd""}]"
WLC:2Sam.22.12	weak	tevrat	motif	gathered water and storm clouds	The commentary imagines loss outside a shelter under destructive weather; David's rescue song pictures God surrounded by gathered water and thick clouds. The root table's Hebrew חשר has a possible sound relation to Arabic خ س ر but the cloud word does not mean loss; this is only an atmospheric image meeting.	103:2	"[{""line"": 95, ""strength"": ""weak"", ""tradition"": ""tevrat"", ""kind"": ""motif"", ""ref"": ""WLC:2Sam.22.12"", ""basis"": ""gathered water and storm clouds"", ""note"": ""The commentary imagines loss outside a shelter under destructive weather; David's rescue song pictures God surrounded by gathered water and thick clouds. The root table's Hebrew חשר has a possible sound relation to Arabic خ س ر but the cloud word does not mean loss; this is only an atmospheric image meeting."", ""turn"": 1, ""model"": ""sol"", ""connection_id"": ""BC-908a0d21de53cf340e69""}]"
WLC:Amos.8.5	strong	tevrat	motif	fraudulent weights and measures | small measure, great price, false balances	The merchants shrink the measure, enlarge the shekel and falsify the scales; this is the commentary's specific image of making another person's purchase come up short. | The commentary's two-directional fraud matches merchants in Amos who shrink the ephah, enlarge the shekel and falsify balances while selling grain.	103:2	"[{""line"": 24, ""strength"": ""strong"", ""tradition"": ""tevrat"", ""kind"": ""motif"", ""ref"": ""WLC:Amos.8.5"", ""basis"": ""fraudulent weights and measures"", ""note"": ""The merchants shrink the measure, enlarge the shekel and falsify the scales; this is the commentary's specific image of making another person's purchase come up short."", ""turn"": 1, ""model"": ""luna"", ""connection_id"": ""BC-9d202efc9f0ae1173e81""}, {""line"": 18, ""strength"": ""strong"", ""tradition"": ""tevrat"", ""kind"": ""motif"", ""ref"": ""WLC:Amos.8.5"", ""basis"": ""small measure, great price, false balances"", ""note"": ""The commentary's two-directional fraud matches merchants in Amos who shrink the ephah, enlarge the shekel and falsify balances while selling grain."", ""turn"": 1, ""model"": ""sol"", ""connection_id"": ""BC-04d8e96ea4d3b8091144""}]"
WLC:Amos.8.6	strong	tevrat	motif	buying the needy and selling sweepings | fraud enriches seller by taking the poor	The merchants exploit the poor and sell the grain's sweepings; this shows the human cost of the under-measure that the commentary describes as taking another's principal. | The commentary says the fraudulent seller reduces another person's capital while growing his own; Amos continues the false-balance scene with merchants buying the poor for silver and selling even grain sweepings.	103:2	"[{""line"": 25, ""strength"": ""strong"", ""tradition"": ""tevrat"", ""kind"": ""motif"", ""ref"": ""WLC:Amos.8.6"", ""basis"": ""buying the needy and selling sweepings"", ""note"": ""The merchants exploit the poor and sell the grain's sweepings; this shows the human cost of the under-measure that the commentary describes as taking another's principal."", ""turn"": 1, ""model"": ""luna"", ""connection_id"": ""BC-81f6549363d668039095""}, {""line"": 105, ""strength"": ""strong"", ""tradition"": ""tevrat"", ""kind"": ""motif"", ""ref"": ""WLC:Amos.8.6"", ""basis"": ""fraud enriches seller by taking the poor"", ""note"": ""The commentary says the fraudulent seller reduces another person's capital while growing his own; Amos continues the false-balance scene with merchants buying the poor for silver and selling even grain sweepings."", ""turn"": 2, ""model"": ""sol"", ""connection_id"": ""BC-ca9b3f03fe32ceb3947f""}]"
WLC:Dan.5.26	strong	tevrat	motif	days of kingdom numbered and ended	The commentary treats passing time as capital spent toward an appointed reckoning; immediately before Daniel's verdict of deficient weight, he explains that God has numbered the king's days and ended his reign.	103:2	"[{""line"": 124, ""strength"": ""strong"", ""tradition"": ""tevrat"", ""kind"": ""motif"", ""ref"": ""WLC:Dan.5.26"", ""basis"": ""days of kingdom numbered and ended"", ""note"": ""The commentary treats passing time as capital spent toward an appointed reckoning; immediately before Daniel's verdict of deficient weight, he explains that God has numbered the king's days and ended his reign."", ""turn"": 2, ""model"": ""sol"", ""connection_id"": ""BC-bf5fe55766c061b1b6f2""}]"
WLC:Dan.5.27	strong	tevrat	motif|soydas	חסר (Aramaic table sound correspondence; unverified) | root table خ س ر / Aramaic חסר, sound correspondence | king weighed and found wanting	The source word خُسْرٍ names loss; Daniel says the king was weighed and found חַסִּיר, deficient. The table's unverified Aramaic sound match is reinforced by the passage's exact image of judgment by measure. | The commentary joins a deficient balance to personal loss; Daniel interprets TEKEL as the king weighed in the balances and found חַסִּיר, lacking. | The commentary's final scale finds the person himself light rather than a short measure of goods; Daniel pronounces that the king has been weighed and found deficient.	103:2	"[{""line"": 53, ""strength"": ""medium"", ""tradition"": ""tevrat"", ""kind"": ""soydas"", ""ref"": ""WLC:Dan.5.27"", ""basis"": ""חסר (Aramaic table sound correspondence; unverified)"", ""note"": ""The source word خُسْرٍ names loss; Daniel says the king was weighed and found חַסִּיר, deficient. The table's unverified Aramaic sound match is reinforced by the passage's exact image of judgment by measure."", ""turn"": 1, ""model"": ""luna"", ""connection_id"": ""BC-596b4472f68da85c77d1""}, {""line"": 21, ""strength"": ""strong"", ""tradition"": ""tevrat"", ""kind"": ""soydas"", ""ref"": ""WLC:Dan.5.27"", ""basis"": ""root table خ س ر / Aramaic חסר, sound correspondence"", ""note"": ""The commentary joins a deficient balance to personal loss; Daniel interprets TEKEL as the king weighed in the balances and found חַסִּיר, lacking."", ""turn"": 1, ""model"": ""sol"", ""connection_id"": ""BC-a8345b61d7356e3ca7e8""}, {""line"": 22, ""strength"": ""strong"", ""tradition"": ""tevrat"", ""kind"": ""motif"", ""ref"": ""WLC:Dan.5.27"", ""basis"": ""king weighed and found wanting"", ""note"": ""The commentary's final scale finds the person himself light rather than a short measure of goods; Daniel pronounces that the king has been weighed and found deficient."", ""turn"": 1, ""model"": ""sol"", ""connection_id"": ""BC-8a57c2dbb8c0ae5a0180""}]"
WLC:Dan.5.28	strong	tevrat	motif	weighed king loses kingdom	The commentary says the deficient person can lose far more than goods; immediately after Daniel finds the king lacking on the balance, he declares the kingdom divided and given away.	103:2	"[{""line"": 125, ""strength"": ""strong"", ""tradition"": ""tevrat"", ""kind"": ""motif"", ""ref"": ""WLC:Dan.5.28"", ""basis"": ""weighed king loses kingdom"", ""note"": ""The commentary says the deficient person can lose far more than goods; immediately after Daniel finds the king lacking on the balance, he declares the kingdom divided and given away."", ""turn"": 2, ""model"": ""sol"", ""connection_id"": ""BC-18fbed865196d6a98075""}]"
WLC:Dan.7.13	medium	tevrat	soydas	אנש (Aramaic table correspondence; unverified) | root table ء ن س / Aramaic אנש, sound correspondence	The commentary's ٱلْإِنسَٰنَ names humanity; Daniel's Aramaic humanlike figure appears with the clouds before the Ancient of Days among beastly kingdoms. The table's sound match is unverified; this is a distinct apocalyptic human image, not an identity. | The commentary's generic insan is initially lost but its exception allows another outcome; Daniel sees one like a son of אֱנָשׁ brought before the Ancient of Days, an exalted humanlike figure. The link is limited because Daniel presents a vision figure, not a verdict on humanity as a whole.	103:2	"[{""line"": 50, ""strength"": ""medium"", ""tradition"": ""tevrat"", ""kind"": ""soydas"", ""ref"": ""WLC:Dan.7.13"", ""basis"": ""אנש (Aramaic table correspondence; unverified)"", ""note"": ""The commentary's ٱلْإِنسَٰنَ names humanity; Daniel's Aramaic humanlike figure appears with the clouds before the Ancient of Days among beastly kingdoms. The table's sound match is unverified; this is a distinct apocalyptic human image, not an identity."", ""turn"": 1, ""model"": ""luna"", ""connection_id"": ""BC-8e4b57776f72ae97b761""}, {""line"": 94, ""strength"": ""weak"", ""tradition"": ""tevrat"", ""kind"": ""soydas"", ""ref"": ""WLC:Dan.7.13"", ""basis"": ""root table ء ن س / Aramaic אנש, sound correspondence"", ""note"": ""The commentary's generic insan is initially lost but its exception allows another outcome; Daniel sees one like a son of אֱנָשׁ brought before the Ancient of Days, an exalted humanlike figure. The link is limited because Daniel presents a vision figure, not a verdict on humanity as a whole."", ""turn"": 1, ""model"": ""sol"", ""connection_id"": ""BC-d3ff5a626e38471b1f10""}]"
WLC:Deut.25.13	strong	tevrat	motif	two different weights in one bag	The commentary describes one trader using different scales depending on whether he takes or gives; Deuteronomy forbids keeping a large and a small weight together in one's bag.	103:2	"[{""line"": 17, ""strength"": ""strong"", ""tradition"": ""tevrat"", ""kind"": ""motif"", ""ref"": ""WLC:Deut.25.13"", ""basis"": ""two different weights in one bag"", ""note"": ""The commentary describes one trader using different scales depending on whether he takes or gives; Deuteronomy forbids keeping a large and a small weight together in one's bag."", ""turn"": 1, ""model"": ""sol"", ""connection_id"": ""BC-6f33620745e6a42f1759""}]"
WLC:Deut.25.14	strong	tevrat	motif	large and small measures in one house	The commentary describes a seller taking full measure but giving short measure; Deuteronomy forbids keeping a large and a small measure at home, extending its adjacent ban on unequal weights to volume.	103:2	"[{""line"": 104, ""strength"": ""strong"", ""tradition"": ""tevrat"", ""kind"": ""motif"", ""ref"": ""WLC:Deut.25.14"", ""basis"": ""large and small measures in one house"", ""note"": ""The commentary describes a seller taking full measure but giving short measure; Deuteronomy forbids keeping a large and a small measure at home, extending its adjacent ban on unequal weights to volume."", ""turn"": 2, ""model"": ""sol"", ""connection_id"": ""BC-57f000a5027721c6434a""}]"
WLC:Deut.25.15	medium	tevrat	motif	honest complete weight lengthens days	The commentary joins accurate scales to one's own final condition; Deuteronomy commands a full and just weight so that the people's days may be long in the land.	103:2	"[{""line"": 92, ""strength"": ""medium"", ""tradition"": ""tevrat"", ""kind"": ""motif"", ""ref"": ""WLC:Deut.25.15"", ""basis"": ""honest complete weight lengthens days"", ""note"": ""The commentary joins accurate scales to one's own final condition; Deuteronomy commands a full and just weight so that the people's days may be long in the land."", ""turn"": 1, ""model"": ""sol"", ""connection_id"": ""BC-3189617a065c4f5e63cc""}]"
WLC:Deut.8.9	medium	tevrat	soydas	חסר (table sound correspondence; unverified)	The source commentary places the human in indefinite loss; Moses describes the promised land as one in which Israel will lack nothing. The table correspondence is unverified, and the verse offers a concrete counter-image of sufficiency.	103:2	"[{""line"": 58, ""strength"": ""medium"", ""tradition"": ""tevrat"", ""kind"": ""soydas"", ""ref"": ""WLC:Deut.8.9"", ""basis"": ""חסר (table sound correspondence; unverified)"", ""note"": ""The source commentary places the human in indefinite loss; Moses describes the promised land as one in which Israel will lack nothing. The table correspondence is unverified, and the verse offers a concrete counter-image of sufficiency."", ""turn"": 1, ""model"": ""luna"", ""connection_id"": ""BC-5df38658b1525b813f89""}]"
WLC:Eccl.1.15	strong	tevrat	soydas	root table خ س ر / Hebrew חסר, sound correspondence	The commentary calls loss an unmeasured deficit in an account; Ecclesiastes says what is lacking, חֶסְרוֹן, cannot be counted, joining deficiency with reckoning while leaving the shortfall unresolved.	103:2	"[{""line"": 40, ""strength"": ""strong"", ""tradition"": ""tevrat"", ""kind"": ""soydas"", ""ref"": ""WLC:Eccl.1.15"", ""basis"": ""root table خ س ر / Hebrew חסר, sound correspondence"", ""note"": ""The commentary calls loss an unmeasured deficit in an account; Ecclesiastes says what is lacking, חֶסְרוֹן, cannot be counted, joining deficiency with reckoning while leaving the shortfall unresolved."", ""turn"": 1, ""model"": ""sol"", ""connection_id"": ""BC-c0086cb5533ffc9293bc""}]"
WLC:Eccl.1.3	strong	tevrat	motif|soydas	עמל (table sound correspondence; unverified) | profit from toil under the sun	The commentary's neighboring exception says وَعَمِلُوا۟, righteous action as labor in the profitable trade; Qohelet asks what gain a person gets from עָמָל beneath the sun, exposing toil without surplus. | The commentary joins time, work and the merchant's question about real gain; Ecclesiastes asks what profit a human has from all the toil he toils under the sun.	103:2	"[{""line"": 54, ""strength"": ""medium"", ""tradition"": ""tevrat"", ""kind"": ""soydas"", ""ref"": ""WLC:Eccl.1.3"", ""basis"": ""עמל (table sound correspondence; unverified)"", ""note"": ""The commentary's neighboring exception says وَعَمِلُوا۟, righteous action as labor in the profitable trade; Qohelet asks what gain a person gets from עָמָל beneath the sun, exposing toil without surplus."", ""turn"": 1, ""model"": ""luna"", ""connection_id"": ""BC-b50675514d408793d6fc""}, {""line"": 5, ""strength"": ""strong"", ""tradition"": ""tevrat"", ""kind"": ""motif"", ""ref"": ""WLC:Eccl.1.3"", ""basis"": ""profit from toil under the sun"", ""note"": ""The commentary joins time, work and the merchant's question about real gain; Ecclesiastes asks what profit a human has from all the toil he toils under the sun."", ""turn"": 1, ""model"": ""sol"", ""connection_id"": ""BC-3867272cf9558b912423""}]"
WLC:Eccl.12.14	strong	tevrat	motif	all deeds including hidden ones judged	The commentary says loss can grow unseen until a final account reveals it; Ecclesiastes says God brings every deed and every hidden thing, good or evil, into judgment.	103:2	"[{""line"": 123, ""strength"": ""strong"", ""tradition"": ""tevrat"", ""kind"": ""motif"", ""ref"": ""WLC:Eccl.12.14"", ""basis"": ""all deeds including hidden ones judged"", ""note"": ""The commentary says loss can grow unseen until a final account reveals it; Ecclesiastes says God brings every deed and every hidden thing, good or evil, into judgment."", ""turn"": 2, ""model"": ""sol"", ""connection_id"": ""BC-35b5ee62844849d030c8""}]"
WLC:Eccl.2.11	strong	tevrat	soydas	root table ع م ل / Hebrew עמל, sound correspondence	The commentary puts a lifetime's work in the loss account; the speaker surveys works done by his hands and the עמל spent on them, finding no lasting profit under the sun.	103:2	"[{""line"": 6, ""strength"": ""strong"", ""tradition"": ""tevrat"", ""kind"": ""soydas"", ""ref"": ""WLC:Eccl.2.11"", ""basis"": ""root table ع م ل / Hebrew עמל, sound correspondence"", ""note"": ""The commentary puts a lifetime's work in the loss account; the speaker surveys works done by his hands and the עמל spent on them, finding no lasting profit under the sun."", ""turn"": 1, ""model"": ""sol"", ""connection_id"": ""BC-f9bef328677ee418a1f1""}]"
WLC:Eccl.3.17	strong	tevrat	motif	appointed time to judge every work	The commentary relates the passing hour to a day that brings each deed to account; Ecclesiastes says God will judge righteous and wicked because there is a time for every matter and every work.	103:2	"[{""line"": 42, ""strength"": ""strong"", ""tradition"": ""tevrat"", ""kind"": ""motif"", ""ref"": ""WLC:Eccl.3.17"", ""basis"": ""appointed time to judge every work"", ""note"": ""The commentary relates the passing hour to a day that brings each deed to account; Ecclesiastes says God will judge righteous and wicked because there is a time for every matter and every work."", ""turn"": 1, ""model"": ""sol"", ""connection_id"": ""BC-038cd44dfd99220e66f8""}]"
WLC:Eccl.4.10	strong	tevrat	motif	one companion lifts the fallen | companion lifts the one who falls	If one falls, the other can lift him; this gives concrete form to the commentary's claim that people leave isolation through mutual relation. | The commentary's lost solitary human needs another's help; Ecclesiastes blesses the one whose companion lifts him after a fall and laments the one alone with no one to lift him.	103:2	"[{""line"": 32, ""strength"": ""strong"", ""tradition"": ""tevrat"", ""kind"": ""motif"", ""ref"": ""WLC:Eccl.4.10"", ""basis"": ""one companion lifts the fallen"", ""note"": ""If one falls, the other can lift him; this gives concrete form to the commentary's claim that people leave isolation through mutual relation."", ""turn"": 1, ""model"": ""luna"", ""connection_id"": ""BC-c9d5c9ed935d195b2d87""}, {""line"": 119, ""strength"": ""strong"", ""tradition"": ""tevrat"", ""kind"": ""motif"", ""ref"": ""WLC:Eccl.4.10"", ""basis"": ""companion lifts the one who falls"", ""note"": ""The commentary's lost solitary human needs another's help; Ecclesiastes blesses the one whose companion lifts him after a fall and laments the one alone with no one to lift him."", ""turn"": 2, ""model"": ""sol"", ""connection_id"": ""BC-d395a328dc6409a918d1""}]"
WLC:Eccl.4.12	medium	tevrat	motif	companions resist attack like a strong cord	The commentary makes connection with others a refuge on the exposed road; Ecclesiastes says two can withstand an attacker and a threefold cord is not quickly broken.	103:2	"[{""line"": 156, ""strength"": ""medium"", ""tradition"": ""tevrat"", ""kind"": ""motif"", ""ref"": ""WLC:Eccl.4.12"", ""basis"": ""companions resist attack like a strong cord"", ""note"": ""The commentary makes connection with others a refuge on the exposed road; Ecclesiastes says two can withstand an attacker and a threefold cord is not quickly broken."", ""turn"": 2, ""model"": ""sol"", ""connection_id"": ""BC-8d4ce591c1f740bd4c5b""}]"
WLC:Eccl.4.8	strong	tevrat	motif|soydas	solitary labor and self-deprivation | חסר (table sound correspondence; unverified)	The solitary worker has no heir, never stops laboring and deprives himself of good; this joins the commentary's isolated human, depleted capital and loss of self. | The source commentary's Arabic خُسْرٍ names loss; Qohelet uses מְחַסֵּר for depriving one's own self of good amid fruitless solitary labor. This is a candidate root correspondence, not proof of cognacy.	103:2	"[{""line"": 30, ""strength"": ""strong"", ""tradition"": ""tevrat"", ""kind"": ""motif"", ""ref"": ""WLC:Eccl.4.8"", ""basis"": ""solitary labor and self-deprivation"", ""note"": ""The solitary worker has no heir, never stops laboring and deprives himself of good; this joins the commentary's isolated human, depleted capital and loss of self."", ""turn"": 1, ""model"": ""luna"", ""connection_id"": ""BC-3bb6a694bd46d61858fc""}, {""line"": 52, ""strength"": ""medium"", ""tradition"": ""tevrat"", ""kind"": ""soydas"", ""ref"": ""WLC:Eccl.4.8"", ""basis"": ""חסר (table sound correspondence; unverified)"", ""note"": ""The source commentary's Arabic خُسْرٍ names loss; Qohelet uses מְחַסֵּר for depriving one's own self of good amid fruitless solitary labor. This is a candidate root correspondence, not proof of cognacy."", ""turn"": 1, ""model"": ""luna"", ""connection_id"": ""BC-a79f78dfad66d357f557""}]"
WLC:Eccl.4.9	strong	tevrat	motif	two have a better return | two workers gain a better reward	Qohelet says two are better than one because they have a good return for their toil; this counters the commentary's solitary person in loss with benefit made possible by companionship. | The commentary joins labor and its wage to companionship as an escape from loss; Ecclesiastes says two are better than one because they have a good reward for their toil.	103:2	"[{""line"": 31, ""strength"": ""strong"", ""tradition"": ""tevrat"", ""kind"": ""motif"", ""ref"": ""WLC:Eccl.4.9"", ""basis"": ""two have a better return"", ""note"": ""Qohelet says two are better than one because they have a good return for their toil; this counters the commentary's solitary person in loss with benefit made possible by companionship."", ""turn"": 1, ""model"": ""luna"", ""connection_id"": ""BC-c422a5e6bd40105fa914""}, {""line"": 118, ""strength"": ""strong"", ""tradition"": ""tevrat"", ""kind"": ""motif"", ""ref"": ""WLC:Eccl.4.9"", ""basis"": ""two workers gain a better reward"", ""note"": ""The commentary joins labor and its wage to companionship as an escape from loss; Ecclesiastes says two are better than one because they have a good reward for their toil."", ""turn"": 2, ""model"": ""sol"", ""connection_id"": ""BC-1b77008f13c20571cc6d""}]"
WLC:Eccl.5.13	strong	tevrat	motif	riches kept to their owner's hurt	Qohelet says wealth can be kept to the owner's harm, directly matching the commentary's principal that diminishes even while a person appears to possess it.	103:2	"[{""line"": 8, ""strength"": ""strong"", ""tradition"": ""tevrat"", ""kind"": ""motif"", ""ref"": ""WLC:Eccl.5.13"", ""basis"": ""riches kept to their owner's hurt"", ""note"": ""Qohelet says wealth can be kept to the owner's harm, directly matching the commentary's principal that diminishes even while a person appears to possess it."", ""turn"": 1, ""model"": ""luna"", ""connection_id"": ""BC-b44d32a433197e2a0332""}]"
WLC:Eccl.5.14	strong	tevrat	motif	wealth lost in a bad venture | toiler departs with nothing in hand	A failed venture makes the rich man lose his property and leave nothing to his son; this gives the commentary's unprofitable trade a concrete household consequence. | The commentary's trader can spend the principal of life and end empty; Ecclesiastes says a person departs naked as he came and takes nothing from his toil in his hand.	103:2	"[{""line"": 9, ""strength"": ""strong"", ""tradition"": ""tevrat"", ""kind"": ""motif"", ""ref"": ""WLC:Eccl.5.14"", ""basis"": ""wealth lost in a bad venture"", ""note"": ""A failed venture makes the rich man lose his property and leave nothing to his son; this gives the commentary's unprofitable trade a concrete household consequence."", ""turn"": 1, ""model"": ""luna"", ""connection_id"": ""BC-66e80d9a4c049bd1a440""}, {""line"": 55, ""strength"": ""strong"", ""tradition"": ""tevrat"", ""kind"": ""motif"", ""ref"": ""WLC:Eccl.5.14"", ""basis"": ""toiler departs with nothing in hand"", ""note"": ""The commentary's trader can spend the principal of life and end empty; Ecclesiastes says a person departs naked as he came and takes nothing from his toil in his hand."", ""turn"": 1, ""model"": ""sol"", ""connection_id"": ""BC-5effc86f7157ae8f93df""}]"
WLC:Eccl.5.15	strong	tevrat	motif	nothing carried from birth or toil	A person leaves as naked as he came and cannot take the fruit of his labor; this supplies a direct account of worldly gain failing at death.	103:2	"[{""line"": 67, ""strength"": ""strong"", ""tradition"": ""tevrat"", ""kind"": ""motif"", ""ref"": ""WLC:Eccl.5.15"", ""basis"": ""nothing carried from birth or toil"", ""note"": ""A person leaves as naked as he came and cannot take the fruit of his labor; this supplies a direct account of worldly gain failing at death."", ""turn"": 2, ""model"": ""luna"", ""connection_id"": ""BC-6b358bc74e1a258d32a6""}]"
WLC:Eccl.7.29	strong	tevrat	motif	created upright, sought schemes	The commentary contrasts the human's good created condition with a later loss; Ecclesiastes says God made humanity upright but people sought many schemes.	103:2	"[{""line"": 27, ""strength"": ""strong"", ""tradition"": ""tevrat"", ""kind"": ""motif"", ""ref"": ""WLC:Eccl.7.29"", ""basis"": ""created upright, sought schemes"", ""note"": ""The commentary contrasts the human's good created condition with a later loss; Ecclesiastes says God made humanity upright but people sought many schemes."", ""turn"": 1, ""model"": ""sol"", ""connection_id"": ""BC-b69bc30f6b09e073df26""}]"
WLC:Eccl.9.2	strong	tevrat	karsi_anlati	righteous and wicked share one fate	Qohelet says the same event happens to righteous and wicked alike; this counters the commentary's exception group at the level of earthly outcomes, without directly addressing its afterlife account.	103:2	"[{""line"": 79, ""strength"": ""strong"", ""tradition"": ""tevrat"", ""kind"": ""karsi_anlati"", ""ref"": ""WLC:Eccl.9.2"", ""basis"": ""righteous and wicked share one fate"", ""note"": ""Qohelet says the same event happens to righteous and wicked alike; this counters the commentary's exception group at the level of earthly outcomes, without directly addressing its afterlife account."", ""turn"": 2, ""model"": ""luna"", ""connection_id"": ""BC-51c7f6b5d2293d57dc68""}]"
WLC:Exod.13.21	strong	tevrat	motif	fire at night guides people on their way	The commentary joins Moses' noticed fire, a night journey and hoped-for guidance; Exodus tells of the Lord leading travelers by a pillar of fire at night so they can travel.	103:2	"[{""line"": 114, ""strength"": ""strong"", ""tradition"": ""tevrat"", ""kind"": ""motif"", ""ref"": ""WLC:Exod.13.21"", ""basis"": ""fire at night guides people on their way"", ""note"": ""The commentary joins Moses' noticed fire, a night journey and hoped-for guidance; Exodus tells of the Lord leading travelers by a pillar of fire at night so they can travel."", ""turn"": 2, ""model"": ""sol"", ""connection_id"": ""BC-4292dfc8dde6fa986d10""}]"
WLC:Exod.22.21	medium	tevrat	motif	warning not to afflict widow or orphan	The commentary treats an orphan's property as a trust needing care; Exodus forbids afflicting the vulnerable widow or orphan, supplying the ethical duty behind such guardianship.	103:2	"[{""line"": 64, ""strength"": ""medium"", ""tradition"": ""tevrat"", ""kind"": ""motif"", ""ref"": ""WLC:Exod.22.21"", ""basis"": ""warning not to afflict widow or orphan"", ""note"": ""The commentary treats an orphan's property as a trust needing care; Exodus forbids afflicting the vulnerable widow or orphan, supplying the ethical duty behind such guardianship."", ""turn"": 1, ""model"": ""sol"", ""connection_id"": ""BC-89ab55fd2ab106be538b""}]"
WLC:Exod.3.1	medium	tevrat	motif	Moses tends flock at Horeb	The commentary's Qur'anic account sets Moses on a journey with his family when he notices fire; Exodus introduces him tending Jethro's flock at Horeb, a specific change in the scene surrounding the same fire encounter.	103:2	"[{""line"": 160, ""strength"": ""medium"", ""tradition"": ""tevrat"", ""kind"": ""motif"", ""ref"": ""WLC:Exod.3.1"", ""basis"": ""Moses tends flock at Horeb"", ""note"": ""The commentary's Qur'anic account sets Moses on a journey with his family when he notices fire; Exodus introduces him tending Jethro's flock at Horeb, a specific change in the scene surrounding the same fire encounter."", ""turn"": 2, ""model"": ""sol"", ""connection_id"": ""BC-7c1a131e7240416651e5""}]"
WLC:Exod.3.2	strong	tevrat	paralel	Moses notices fire in the wilderness	The commentary follows Moses noticing fire on a journey and seeking guidance; Exodus places the divine fire in a bush that burns without being consumed, specifying the sight he is drawn to investigate.	103:2	"[{""line"": 14, ""strength"": ""strong"", ""tradition"": ""tevrat"", ""kind"": ""paralel"", ""ref"": ""WLC:Exod.3.2"", ""basis"": ""Moses notices fire in the wilderness"", ""note"": ""The commentary follows Moses noticing fire on a journey and seeking guidance; Exodus places the divine fire in a bush that burns without being consumed, specifying the sight he is drawn to investigate."", ""turn"": 1, ""model"": ""sol"", ""connection_id"": ""BC-66dde2a536b8eda9675c""}]"
WLC:Exod.3.3	strong	tevrat	karsi_anlati	Moses turns to inspect unconsumed bush	In the commentary's Qur'anic scene Moses hopes for an ember or guide for his family; in Exodus he turns aside to inspect why the burning bush is not consumed, a different immediate purpose for approaching the fire.	103:2	"[{""line"": 15, ""strength"": ""strong"", ""tradition"": ""tevrat"", ""kind"": ""karsi_anlati"", ""ref"": ""WLC:Exod.3.3"", ""basis"": ""Moses turns to inspect unconsumed bush"", ""note"": ""In the commentary's Qur'anic scene Moses hopes for an ember or guide for his family; in Exodus he turns aside to inspect why the burning bush is not consumed, a different immediate purpose for approaching the fire."", ""turn"": 1, ""model"": ""sol"", ""connection_id"": ""BC-0bb39829576cdf089cb2""}]"
WLC:Ezek.19.12	strong	tevrat	motif	fruit dried by east wind and burned	The commentary imagines a life's crop ruined by a destructive wind with fire; Ezekiel's vine is uprooted, its fruit dried by the east wind and its branches consumed by fire.	103:2	"[{""line"": 31, ""strength"": ""strong"", ""tradition"": ""tevrat"", ""kind"": ""motif"", ""ref"": ""WLC:Ezek.19.12"", ""basis"": ""fruit dried by east wind and burned"", ""note"": ""The commentary imagines a life's crop ruined by a destructive wind with fire; Ezekiel's vine is uprooted, its fruit dried by the east wind and its branches consumed by fire."", ""turn"": 1, ""model"": ""sol"", ""connection_id"": ""BC-a064d22e2118d5442042""}]"
WLC:Gen.1.31	medium	tevrat	motif	whole creation pronounced very good	The commentary contrasts humanity's given good beginning with its later place inside loss; Genesis records God's judgment that all he made was very good.	103:2	"[{""line"": 65, ""strength"": ""medium"", ""tradition"": ""tevrat"", ""kind"": ""motif"", ""ref"": ""WLC:Gen.1.31"", ""basis"": ""whole creation pronounced very good"", ""note"": ""The commentary contrasts humanity's given good beginning with its later place inside loss; Genesis records God's judgment that all he made was very good."", ""turn"": 1, ""model"": ""sol"", ""connection_id"": ""BC-c67548774c3eb964737a""}]"
WLC:Gen.20.18	weak	tevrat	soydas	עצר (table sound correspondence; unverified)	The commentary's separate B008 image records a closed-mouthed vessel under عَصْر; Genesis says God had shut Abimelech's women's wombs, using עָצַר, restrain/close. This is only a shared closure image, not evidence that the Arabic word means loss by closure.	103:2	"[{""line"": 63, ""strength"": ""weak"", ""tradition"": ""tevrat"", ""kind"": ""soydas"", ""ref"": ""WLC:Gen.20.18"", ""basis"": ""עצר (table sound correspondence; unverified)"", ""note"": ""The commentary's separate B008 image records a closed-mouthed vessel under عَصْر; Genesis says God had shut Abimelech's women's wombs, using עָצַר, restrain/close. This is only a shared closure image, not evidence that the Arabic word means loss by closure."", ""turn"": 1, ""model"": ""luna"", ""connection_id"": ""BC-67da1a242348ef4dbe19""}]"
WLC:Gen.3.17	strong	tevrat	motif	toil through all the days	Adam must eat from cursed ground through painful toil all the days of his life; this connects the commentary's account of human loss with labor that consumes a finite life.	103:2	"[{""line"": 40, ""strength"": ""strong"", ""tradition"": ""tevrat"", ""kind"": ""motif"", ""ref"": ""WLC:Gen.3.17"", ""basis"": ""toil through all the days"", ""note"": ""Adam must eat from cursed ground through painful toil all the days of his life; this connects the commentary's account of human loss with labor that consumes a finite life."", ""turn"": 1, ""model"": ""luna"", ""connection_id"": ""BC-f662f62a6d7244723c14""}]"
WLC:Gen.3.19	strong	tevrat	motif	sweat, bread and return to dust | return to dust after mortal labor	The human eats bread by sweat until returning to the dust; this places work and death together as the commentary does when it calls time the principal spent. | The commentary treats time and the self as capital that finally runs out; the judgment on Adam makes his eating by sweat end in a return to dust.	103:2	"[{""line"": 41, ""strength"": ""strong"", ""tradition"": ""tevrat"", ""kind"": ""motif"", ""ref"": ""WLC:Gen.3.19"", ""basis"": ""sweat, bread and return to dust"", ""note"": ""The human eats bread by sweat until returning to the dust; this places work and death together as the commentary does when it calls time the principal spent."", ""turn"": 1, ""model"": ""luna"", ""connection_id"": ""BC-994d6a25ee85c61d32cf""}, {""line"": 28, ""strength"": ""strong"", ""tradition"": ""tevrat"", ""kind"": ""motif"", ""ref"": ""WLC:Gen.3.19"", ""basis"": ""return to dust after mortal labor"", ""note"": ""The commentary treats time and the self as capital that finally runs out; the judgment on Adam makes his eating by sweat end in a return to dust."", ""turn"": 1, ""model"": ""sol"", ""connection_id"": ""BC-fe9c2ea7ef9353f1832b""}]"
WLC:Hab.2.4	strong	tevrat	motif	righteous live by faith	In the vision's contrast between the proud and the upright, the righteous live by faith; this gives a Hebrew Bible counterpart to the commentary's group whose faith keeps them from loss.	103:2	"[{""line"": 99, ""strength"": ""strong"", ""tradition"": ""tevrat"", ""kind"": ""motif"", ""ref"": ""WLC:Hab.2.4"", ""basis"": ""righteous live by faith"", ""note"": ""In the vision's contrast between the proud and the upright, the righteous live by faith; this gives a Hebrew Bible counterpart to the commentary's group whose faith keeps them from loss."", ""turn"": 2, ""model"": ""luna"", ""connection_id"": ""BC-e4f69156d09b53112e7d""}]"
WLC:Hag.1.6	strong	tevrat	motif	wages in a bag with holes	Haggai says people earn wages only to put them into a pierced bag; the image makes the commentary's principal loss visible in an apparently completed day's work.	103:2	"[{""line"": 11, ""strength"": ""strong"", ""tradition"": ""tevrat"", ""kind"": ""motif"", ""ref"": ""WLC:Hag.1.6"", ""basis"": ""wages in a bag with holes"", ""note"": ""Haggai says people earn wages only to put them into a pierced bag; the image makes the commentary's principal loss visible in an apparently completed day's work."", ""turn"": 1, ""model"": ""luna"", ""connection_id"": ""BC-da85e6f7a95708086bd2""}]"
WLC:Isa.28.17	strong	tevrat	motif	truthful measure sweeps false refuge away	The commentary connects a true scale with shelter from destructive weather; Isaiah makes justice a measuring line, then says hail will sweep away a refuge of lies and water flood its hiding place.	103:2	"[{""line"": 111, ""strength"": ""strong"", ""tradition"": ""tevrat"", ""kind"": ""motif"", ""ref"": ""WLC:Isa.28.17"", ""basis"": ""truthful measure sweeps false refuge away"", ""note"": ""The commentary connects a true scale with shelter from destructive weather; Isaiah makes justice a measuring line, then says hail will sweep away a refuge of lies and water flood its hiding place."", ""turn"": 2, ""model"": ""sol"", ""connection_id"": ""BC-853efcaf765c44cd49ef""}]"
WLC:Isa.40.7	medium	tevrat	motif	breath or wind withers the flower	The commentary's destructive wind erases growth that seemed secure; Isaiah says grass withers and flowers fade when the Lord's breath blows on them, making human flourishing fragile.	103:2	"[{""line"": 161, ""strength"": ""medium"", ""tradition"": ""tevrat"", ""kind"": ""motif"", ""ref"": ""WLC:Isa.40.7"", ""basis"": ""breath or wind withers the flower"", ""note"": ""The commentary's destructive wind erases growth that seemed secure; Isaiah says grass withers and flowers fade when the Lord's breath blows on them, making human flourishing fragile."", ""turn"": 2, ""model"": ""sol"", ""connection_id"": ""BC-e9cef11b4b027e93c2f9""}]"
WLC:Isa.51.12	medium	tevrat	soydas	אנוש (table correspondence; BDB notes Arabic cognate)	The commentary's ٱلْإِنسَٰنَ names humanity; Isaiah asks why anyone fears אֱנוֹשׁ, a mortal who dies and is like grass. The table notes BDB's Arabic cognate, while the verse adds human mortality and fear.	103:2	"[{""line"": 109, ""strength"": ""medium"", ""tradition"": ""tevrat"", ""kind"": ""soydas"", ""ref"": ""WLC:Isa.51.12"", ""basis"": ""אנוש (table correspondence; BDB notes Arabic cognate)"", ""note"": ""The commentary's ٱلْإِنسَٰنَ names humanity; Isaiah asks why anyone fears אֱנוֹשׁ, a mortal who dies and is like grass. The table notes BDB's Arabic cognate, while the verse adds human mortality and fear."", ""turn"": 2, ""model"": ""luna"", ""connection_id"": ""BC-6f64b5e18044bdcd2e61""}]"
WLC:Isa.53.6	strong	tevrat	motif	all people straying like sheep	The commentary says its judgment first includes the whole human kind and describes loss as going astray; Isaiah says all like sheep have strayed, each turning to his own way.	103:2	"[{""line"": 24, ""strength"": ""strong"", ""tradition"": ""tevrat"", ""kind"": ""motif"", ""ref"": ""WLC:Isa.53.6"", ""basis"": ""all people straying like sheep"", ""note"": ""The commentary says its judgment first includes the whole human kind and describes loss as going astray; Isaiah says all like sheep have strayed, each turning to his own way."", ""turn"": 1, ""model"": ""sol"", ""connection_id"": ""BC-ee6728e606b1b30de7cc""}]"
WLC:Isa.55.2	strong	tevrat	motif	labor spent on what cannot satisfy	Isaiah asks why people spend money on what is not bread and labor for what does not satisfy; this directly tests the commentary's unprofitable trade and wasted life-capital.	103:2	"[{""line"": 14, ""strength"": ""strong"", ""tradition"": ""tevrat"", ""kind"": ""motif"", ""ref"": ""WLC:Isa.55.2"", ""basis"": ""labor spent on what cannot satisfy"", ""note"": ""Isaiah asks why people spend money on what is not bread and labor for what does not satisfy; this directly tests the commentary's unprofitable trade and wasted life-capital."", ""turn"": 1, ""model"": ""luna"", ""connection_id"": ""BC-9bcda487a51ca1bf6f40""}]"
WLC:Jer.15.18	medium	tevrat	soydas	אנש (table correspondence; BDB notes Arabic cognate)	The source's ٱلْإِنسَٰنَ is linked in the table to Hebrew אנש; Jeremiah calls his wound אָנֻשָׁה, incurable. This is the root's illness/weakness usage, not a claim that the Arabic noun means illness.	103:2	"[{""line"": 110, ""strength"": ""medium"", ""tradition"": ""tevrat"", ""kind"": ""soydas"", ""ref"": ""WLC:Jer.15.18"", ""basis"": ""אנש (table correspondence; BDB notes Arabic cognate)"", ""note"": ""The source's ٱلْإِنسَٰنَ is linked in the table to Hebrew אנש; Jeremiah calls his wound אָנֻשָׁה, incurable. This is the root's illness/weakness usage, not a claim that the Arabic noun means illness."", ""turn"": 2, ""model"": ""luna"", ""connection_id"": ""BC-be57fbf12d771e96ad32""}]"
WLC:Jer.17.10	medium	tevrat	motif	God searches heart and repays deeds	The commentary opposes self-deception to an objective account of actions; Jeremiah's next verse says the Lord searches the heart and gives each person according to his ways and deeds.	103:2	"[{""line"": 75, ""strength"": ""medium"", ""tradition"": ""tevrat"", ""kind"": ""motif"", ""ref"": ""WLC:Jer.17.10"", ""basis"": ""God searches heart and repays deeds"", ""note"": ""The commentary opposes self-deception to an objective account of actions; Jeremiah's next verse says the Lord searches the heart and gives each person according to his ways and deeds."", ""turn"": 1, ""model"": ""sol"", ""connection_id"": ""BC-acd72e4ce31b427d32e8""}]"
WLC:Jer.17.11	strong	tevrat	motif	unjust wealth abandoned midlife	One who gains wealth unjustly is likened to a bird hatching what it did not lay and will leave it in midlife; this joins fraudulent gain to the loss of the person who thought it secure.	103:2	"[{""line"": 70, ""strength"": ""strong"", ""tradition"": ""tevrat"", ""kind"": ""motif"", ""ref"": ""WLC:Jer.17.11"", ""basis"": ""unjust wealth abandoned midlife"", ""note"": ""One who gains wealth unjustly is likened to a bird hatching what it did not lay and will leave it in midlife; this joins fraudulent gain to the loss of the person who thought it secure."", ""turn"": 2, ""model"": ""luna"", ""connection_id"": ""BC-5dc3d7c14cbf6b502b15""}]"
WLC:Jer.17.9	medium	tevrat	soydas	אנש (table correspondence; BDB notes Arabic cognate) | root table ء ن س / Hebrew אנש, BDB Arabic cognate	The commentary says the human named by ٱلْإِنسَٰنَ can fail to see his own loss; Jeremiah calls the heart אָנֻשׁ, desperately sick, and asks who can understand it, joining the table's weak/ill form to self-ignorance. | The commentary says the human who can notice things may miss his own deficit; Jeremiah calls the heart deceitful and אנש, desperately sick, then asks who can know it.	103:2	"[{""line"": 56, ""strength"": ""medium"", ""tradition"": ""tevrat"", ""kind"": ""soydas"", ""ref"": ""WLC:Jer.17.9"", ""basis"": ""אנש (table correspondence; BDB notes Arabic cognate)"", ""note"": ""The commentary says the human named by ٱلْإِنسَٰنَ can fail to see his own loss; Jeremiah calls the heart אָנֻשׁ, desperately sick, and asks who can understand it, joining the table's weak/ill form to self-ignorance."", ""turn"": 1, ""model"": ""luna"", ""connection_id"": ""BC-8bafc676b1f09c9c90c8""}, {""line"": 74, ""strength"": ""medium"", ""tradition"": ""tevrat"", ""kind"": ""soydas"", ""ref"": ""WLC:Jer.17.9"", ""basis"": ""root table ء ن س / Hebrew אנש, BDB Arabic cognate"", ""note"": ""The commentary says the human who can notice things may miss his own deficit; Jeremiah calls the heart deceitful and אנש, desperately sick, then asks who can know it."", ""turn"": 1, ""model"": ""sol"", ""connection_id"": ""BC-dca68181f9fe95b303d7""}]"
WLC:Job.12.15	medium	tevrat	soydas	עצר (table sound correspondence; unverified)	The commentary's separate source image under عَصْر includes pressing and storm; Job says God can withhold waters until drought or release them until the land is overwhelmed. The table's עָצַר means restrain, a related but unverified sound correspondence.	103:2	"[{""line"": 59, ""strength"": ""medium"", ""tradition"": ""tevrat"", ""kind"": ""soydas"", ""ref"": ""WLC:Job.12.15"", ""basis"": ""עצר (table sound correspondence; unverified)"", ""note"": ""The commentary's separate source image under عَصْر includes pressing and storm; Job says God can withhold waters until drought or release them until the land is overwhelmed. The table's עָצַר means restrain, a related but unverified sound correspondence."", ""turn"": 1, ""model"": ""luna"", ""connection_id"": ""BC-54f576f8f15c71fa4f2d""}]"
WLC:Job.14.1	strong	tevrat	motif	short human life full of trouble	Job says a human born of woman has few days and much trouble; this gives the commentary's universal human condition a concrete account of brief, burdened life.	103:2	"[{""line"": 39, ""strength"": ""strong"", ""tradition"": ""tevrat"", ""kind"": ""motif"", ""ref"": ""WLC:Job.14.1"", ""basis"": ""short human life full of trouble"", ""note"": ""Job says a human born of woman has few days and much trouble; this gives the commentary's universal human condition a concrete account of brief, burdened life."", ""turn"": 1, ""model"": ""luna"", ""connection_id"": ""BC-2a4101e42a04c6d30f16""}]"
WLC:Job.14.5	strong	tevrat	motif|soydas	fixed days and an impassable limit | חקק (table sound correspondence; unverified) | root table ح ق ق / Hebrew חקק, sound correspondence	Job says a person's days are determined and their boundary cannot be crossed; this makes explicit the due term that the commentary associates with each person's final account. | The commentary links its neighboring بِٱلْحَقِّ to the day that brings each person to a term; Job uses חֻקָּיו for the fixed bounds of human days. The sound correspondence is unverified, but the allotted-limit motif is specific. | The commentary links truth, the appointed day and a life's spent time; Job says a human's days and months are fixed and God has set his limits, using a form of חק for the allotted boundary.	103:2	"[{""line"": 42, ""strength"": ""strong"", ""tradition"": ""tevrat"", ""kind"": ""motif"", ""ref"": ""WLC:Job.14.5"", ""basis"": ""fixed days and an impassable limit"", ""note"": ""Job says a person's days are determined and their boundary cannot be crossed; this makes explicit the due term that the commentary associates with each person's final account."", ""turn"": 1, ""model"": ""luna"", ""connection_id"": ""BC-a97773f766fd9508f1c4""}, {""line"": 55, ""strength"": ""medium"", ""tradition"": ""tevrat"", ""kind"": ""soydas"", ""ref"": ""WLC:Job.14.5"", ""basis"": ""חקק (table sound correspondence; unverified)"", ""note"": ""The commentary links its neighboring بِٱلْحَقِّ to the day that brings each person to a term; Job uses חֻקָּיו for the fixed bounds of human days. The sound correspondence is unverified, but the allotted-limit motif is specific."", ""turn"": 1, ""model"": ""luna"", ""connection_id"": ""BC-e23209bfab4ee788cb27""}, {""line"": 39, ""strength"": ""strong"", ""tradition"": ""tevrat"", ""kind"": ""soydas"", ""ref"": ""WLC:Job.14.5"", ""basis"": ""root table ح ق ق / Hebrew חקק, sound correspondence"", ""note"": ""The commentary links truth, the appointed day and a life's spent time; Job says a human's days and months are fixed and God has set his limits, using a form of חק for the allotted boundary."", ""turn"": 1, ""model"": ""sol"", ""connection_id"": ""BC-d547243ad3e079b09d01""}]"
WLC:Job.14.6	strong	tevrat	motif	a person's allotted day as a hireling's	Job asks God to turn away until a person's day, like that of a hired worker, is complete; this links the commentary's due term to the end of labor and life.	103:2	"[{""line"": 78, ""strength"": ""strong"", ""tradition"": ""tevrat"", ""kind"": ""motif"", ""ref"": ""WLC:Job.14.6"", ""basis"": ""a person's allotted day as a hireling's"", ""note"": ""Job asks God to turn away until a person's day, like that of a hired worker, is complete; this links the commentary's due term to the end of labor and life."", ""turn"": 2, ""model"": ""luna"", ""connection_id"": ""BC-221d034dd95e3b3a8f37""}]"
WLC:Job.27.16	medium	tevrat	motif	wealth heaped like dust	The commentary exposes the illusion that ever more counted wealth is safety; Job pictures the wicked heaping silver like dust before describing how another will wear it. Hebrew צבר in the root table is only a sound correspondence to Arabic صبر, not evidence of a shared meaning here.	103:2	"[{""line"": 85, ""strength"": ""medium"", ""tradition"": ""tevrat"", ""kind"": ""motif"", ""ref"": ""WLC:Job.27.16"", ""basis"": ""wealth heaped like dust"", ""note"": ""The commentary exposes the illusion that ever more counted wealth is safety; Job pictures the wicked heaping silver like dust before describing how another will wear it. Hebrew צבר in the root table is only a sound correspondence to Arabic صبر, not evidence of a shared meaning here."", ""turn"": 1, ""model"": ""sol"", ""connection_id"": ""BC-a732f583578352aeccbd""}]"
WLC:Job.31.6	strong	tevrat	motif	Job asks to be weighed fairly | God weighs the person on a just balance	Job asks to be weighed in just balances so God may know his integrity; the speaker's appeal makes the market scale an image for testing a person's standing. | The commentary moves from market scales to the weighing of a person's own worth; Job asks that God weigh him in a just balance and know his integrity.	103:2	"[{""line"": 28, ""strength"": ""strong"", ""tradition"": ""tevrat"", ""kind"": ""motif"", ""ref"": ""WLC:Job.31.6"", ""basis"": ""Job asks to be weighed fairly"", ""note"": ""Job asks to be weighed in just balances so God may know his integrity; the speaker's appeal makes the market scale an image for testing a person's standing."", ""turn"": 1, ""model"": ""luna"", ""connection_id"": ""BC-6b6b3fe963f26e2222e1""}, {""line"": 20, ""strength"": ""strong"", ""tradition"": ""tevrat"", ""kind"": ""motif"", ""ref"": ""WLC:Job.31.6"", ""basis"": ""God weighs the person on a just balance"", ""note"": ""The commentary moves from market scales to the weighing of a person's own worth; Job asks that God weigh him in a just balance and know his integrity."", ""turn"": 1, ""model"": ""sol"", ""connection_id"": ""BC-2456cee288478251964c""}]"
WLC:Job.34.19	strong	tevrat	motif	no preference for rich or prince	Elihu says God does not favor princes or the rich over the poor, since all are his handiwork; this closely matches the commentary's human class that cuts across social rank.	103:2	"[{""line"": 23, ""strength"": ""strong"", ""tradition"": ""tevrat"", ""kind"": ""motif"", ""ref"": ""WLC:Job.34.19"", ""basis"": ""no preference for rich or prince"", ""note"": ""Elihu says God does not favor princes or the rich over the poor, since all are his handiwork; this closely matches the commentary's human class that cuts across social rank."", ""turn"": 1, ""model"": ""luna"", ""connection_id"": ""BC-47c9c9664cac6b9b26c5""}]"
WLC:Job.4.17	medium	tevrat	soydas	root table ء ن س / Hebrew אנש, BDB Arabic cognate	The commentary's universal human verdict meets Eliphaz's question whether mortal אֱנוֹשׁ can be righteous before God or pure before his maker; the connection is qualified because the claim is made within Eliphaz's disputable speech.	103:2	"[{""line"": 153, ""strength"": ""medium"", ""tradition"": ""tevrat"", ""kind"": ""soydas"", ""ref"": ""WLC:Job.4.17"", ""basis"": ""root table ء ن س / Hebrew אנש, BDB Arabic cognate"", ""note"": ""The commentary's universal human verdict meets Eliphaz's question whether mortal אֱנוֹשׁ can be righteous before God or pure before his maker; the connection is qualified because the claim is made within Eliphaz's disputable speech."", ""turn"": 2, ""model"": ""sol"", ""connection_id"": ""BC-5ce2e7ea64e4e986ab8b""}]"
WLC:Job.7.1	strong	tevrat	motif|soydas	mortal life as hired service | אנוש (table correspondence; BDB notes Arabic cognate)	Job calls human life on earth hard service and its days those of a hired worker; this is an unusually close image for the commentary's human spending time as capital and receiving a day's wage. | The commentary's source word is ٱلْإِنسَٰنَ; Job calls the wage-bound mortal אֱנוֹשׁ. The table notes BDB's Arabic cognate, while Job's hired-worker image adds the short, allotted human day.	103:2	"[{""line"": 38, ""strength"": ""strong"", ""tradition"": ""tevrat"", ""kind"": ""motif"", ""ref"": ""WLC:Job.7.1"", ""basis"": ""mortal life as hired service"", ""note"": ""Job calls human life on earth hard service and its days those of a hired worker; this is an unusually close image for the commentary's human spending time as capital and receiving a day's wage."", ""turn"": 1, ""model"": ""luna"", ""connection_id"": ""BC-882f1df049ba0a69609e""}, {""line"": 48, ""strength"": ""medium"", ""tradition"": ""tevrat"", ""kind"": ""soydas"", ""ref"": ""WLC:Job.7.1"", ""basis"": ""אנוש (table correspondence; BDB notes Arabic cognate)"", ""note"": ""The commentary's source word is ٱلْإِنسَٰنَ; Job calls the wage-bound mortal אֱנוֹשׁ. The table notes BDB's Arabic cognate, while Job's hired-worker image adds the short, allotted human day."", ""turn"": 1, ""model"": ""luna"", ""connection_id"": ""BC-18e2106e07a4f5f0ad8b""}]"
WLC:Job.7.17	medium	tevrat	soydas	root table ء ن س / Hebrew אנש, BDB Arabic cognate	The commentary's generic insan is a vulnerable being under a sweeping verdict; Job asks what אֱנוֹשׁ is that God magnifies him and attends to him. Job's question concerns oppressive divine attention in its context, making the emotional direction different from the psalmic praise of human regard.	103:2	"[{""line"": 151, ""strength"": ""medium"", ""tradition"": ""tevrat"", ""kind"": ""soydas"", ""ref"": ""WLC:Job.7.17"", ""basis"": ""root table ء ن س / Hebrew אנש, BDB Arabic cognate"", ""note"": ""The commentary's generic insan is a vulnerable being under a sweeping verdict; Job asks what אֱנוֹשׁ is that God magnifies him and attends to him. Job's question concerns oppressive divine attention in its context, making the emotional direction different from the psalmic praise of human regard."", ""turn"": 2, ""model"": ""sol"", ""connection_id"": ""BC-f974d3b38ad5735321d0""}]"
WLC:Job.7.18	medium	tevrat	motif	every morning and moment tested	The commentary pictures the person's condition as continuous rather than one past loss; Job complains that God visits and tests him every morning and every moment, a darker continuous scrutiny.	103:2	"[{""line"": 152, ""strength"": ""medium"", ""tradition"": ""tevrat"", ""kind"": ""motif"", ""ref"": ""WLC:Job.7.18"", ""basis"": ""every morning and moment tested"", ""note"": ""The commentary pictures the person's condition as continuous rather than one past loss; Job complains that God visits and tests him every morning and every moment, a darker continuous scrutiny."", ""turn"": 2, ""model"": ""sol"", ""connection_id"": ""BC-b48591dbfe46c7ea4a30""}]"
WLC:Job.7.2	strong	tevrat	motif	worker longs for shade and wages	Job compares the sufferer to a slave longing for shade and a hired worker waiting for wages; this continues the commentary's connection between human time, labor and its due.	103:2	"[{""line"": 76, ""strength"": ""strong"", ""tradition"": ""tevrat"", ""kind"": ""motif"", ""ref"": ""WLC:Job.7.2"", ""basis"": ""worker longs for shade and wages"", ""note"": ""Job compares the sufferer to a slave longing for shade and a hired worker waiting for wages; this continues the commentary's connection between human time, labor and its due."", ""turn"": 2, ""model"": ""luna"", ""connection_id"": ""BC-c8781f5a908d1980d79e""}]"
WLC:Job.7.3	strong	tevrat	motif	months of emptiness appointed	Job says months of emptiness and nights of misery have been allotted to him; the verse gives a concrete example of living inside loss as an extended condition.	103:2	"[{""line"": 77, ""strength"": ""strong"", ""tradition"": ""tevrat"", ""kind"": ""motif"", ""ref"": ""WLC:Job.7.3"", ""basis"": ""months of emptiness appointed"", ""note"": ""Job says months of emptiness and nights of misery have been allotted to him; the verse gives a concrete example of living inside loss as an extended condition."", ""turn"": 2, ""model"": ""luna"", ""connection_id"": ""BC-11edd1f80d300997ac8d""}]"
WLC:Lev.19.17	strong	tevrat	motif	reprove neighbor to prevent shared sin	The commentary's escape from loss includes people recommending truth to one another; Leviticus requires frank correction of a neighbor rather than silently bearing sin because of him.	103:2	"[{""line"": 34, ""strength"": ""strong"", ""tradition"": ""tevrat"", ""kind"": ""motif"", ""ref"": ""WLC:Lev.19.17"", ""basis"": ""reprove neighbor to prevent shared sin"", ""note"": ""The commentary's escape from loss includes people recommending truth to one another; Leviticus requires frank correction of a neighbor rather than silently bearing sin because of him."", ""turn"": 1, ""model"": ""sol"", ""connection_id"": ""BC-ff2ebfa4293b73212df5""}]"
WLC:Lev.19.35	strong	tevrat	motif	unjust measures and weights prohibited	The commentary's seller secretly reduces the buyer's portion; Leviticus forbids injustice in measures of length, weight and quantity, grounding the market image in a concrete legal rule.	103:2	"[{""line"": 16, ""strength"": ""strong"", ""tradition"": ""tevrat"", ""kind"": ""motif"", ""ref"": ""WLC:Lev.19.35"", ""basis"": ""unjust measures and weights prohibited"", ""note"": ""The commentary's seller secretly reduces the buyer's portion; Leviticus forbids injustice in measures of length, weight and quantity, grounding the market image in a concrete legal rule."", ""turn"": 1, ""model"": ""sol"", ""connection_id"": ""BC-a1e705ab71d19a4758cc""}]"
WLC:Lev.19.36	strong	tevrat	motif	just balances and full measures | honest weights and measures as covenant duty	Israel is commanded to use just balances, weights and measures; this supplies the positive counterpart to the commentary's trader who secretly gives less than was paid for. | The commentary's two kinds of market fraud involve weighing and measuring; Leviticus commands honest balances, weights, ephah and hin together.	103:2	"[{""line"": 27, ""strength"": ""strong"", ""tradition"": ""tevrat"", ""kind"": ""motif"", ""ref"": ""WLC:Lev.19.36"", ""basis"": ""just balances and full measures"", ""note"": ""Israel is commanded to use just balances, weights and measures; this supplies the positive counterpart to the commentary's trader who secretly gives less than was paid for."", ""turn"": 1, ""model"": ""luna"", ""connection_id"": ""BC-155af27d73d5726a9fd6""}, {""line"": 103, ""strength"": ""strong"", ""tradition"": ""tevrat"", ""kind"": ""motif"", ""ref"": ""WLC:Lev.19.36"", ""basis"": ""honest weights and measures as covenant duty"", ""note"": ""The commentary's two kinds of market fraud involve weighing and measuring; Leviticus commands honest balances, weights, ephah and hin together."", ""turn"": 2, ""model"": ""sol"", ""connection_id"": ""BC-b93494366d99ce31a1e2""}]"
WLC:Mic.6.10	strong	tevrat	motif	wicked stores and short measure | wicked treasures and short measure	Micah asks whether wicked treasure remains in a house with a scant measure; the prophet links stored wealth to the short measure that the commentary describes as stealing another's principal. | The commentary's trader accumulates money by reducing another's measure; Micah places ill-gotten treasures beside a scant measure under divine accusation.	103:2	"[{""line"": 74, ""strength"": ""strong"", ""tradition"": ""tevrat"", ""kind"": ""motif"", ""ref"": ""WLC:Mic.6.10"", ""basis"": ""wicked stores and short measure"", ""note"": ""Micah asks whether wicked treasure remains in a house with a scant measure; the prophet links stored wealth to the short measure that the commentary describes as stealing another's principal."", ""turn"": 2, ""model"": ""luna"", ""connection_id"": ""BC-41027afdcb27c9b64f07""}, {""line"": 101, ""strength"": ""strong"", ""tradition"": ""tevrat"", ""kind"": ""motif"", ""ref"": ""WLC:Mic.6.10"", ""basis"": ""wicked treasures and short measure"", ""note"": ""The commentary's trader accumulates money by reducing another's measure; Micah places ill-gotten treasures beside a scant measure under divine accusation."", ""turn"": 2, ""model"": ""sol"", ""connection_id"": ""BC-6759c128f6a8ead51df9""}]"
WLC:Mic.6.11	strong	tevrat	motif	false balances under divine judgment | wicked scales and deceptive weight bag	The Lord asks whether he can acquit someone with wicked scales and deceptive weights; this makes the dishonest trader's reduced measure answerable to judgment. | The commentary's manipulated weights can appear balanced while cheating the buyer; Micah asks whether one can be acquitted with wicked scales and a bag of deceitful weights.	103:2	"[{""line"": 75, ""strength"": ""strong"", ""tradition"": ""tevrat"", ""kind"": ""motif"", ""ref"": ""WLC:Mic.6.11"", ""basis"": ""false balances under divine judgment"", ""note"": ""The Lord asks whether he can acquit someone with wicked scales and deceptive weights; this makes the dishonest trader's reduced measure answerable to judgment."", ""turn"": 2, ""model"": ""luna"", ""connection_id"": ""BC-ea6ff17b430d3789c0b4""}, {""line"": 102, ""strength"": ""strong"", ""tradition"": ""tevrat"", ""kind"": ""motif"", ""ref"": ""WLC:Mic.6.11"", ""basis"": ""wicked scales and deceptive weight bag"", ""note"": ""The commentary's manipulated weights can appear balanced while cheating the buyer; Micah asks whether one can be acquitted with wicked scales and a bag of deceitful weights."", ""turn"": 2, ""model"": ""sol"", ""connection_id"": ""BC-5f1915ca1f879751ab32""}]"
WLC:Prov.10.2	strong	tevrat	motif	ill-gotten treasure versus righteousness	The commentary's profitable trade through right action meets the proverb's claim that wicked treasure yields no profit but righteousness rescues from death.	103:2	"[{""line"": 10, ""strength"": ""strong"", ""tradition"": ""tevrat"", ""kind"": ""motif"", ""ref"": ""WLC:Prov.10.2"", ""basis"": ""ill-gotten treasure versus righteousness"", ""note"": ""The commentary's profitable trade through right action meets the proverb's claim that wicked treasure yields no profit but righteousness rescues from death."", ""turn"": 1, ""model"": ""sol"", ""connection_id"": ""BC-3906b17bf0ad22cccc16""}]"
WLC:Prov.11.1	strong	tevrat	motif	false and honest balances | false balance versus just weight	Proverbs calls a false balance abhorrent and a just weight pleasing to God, joining the commentary's market scale to moral judgment. | The commentary joins fair weighing to moral truth; the proverb calls a false balance abominable to the Lord and a just weight his delight.	103:2	"[{""line"": 26, ""strength"": ""strong"", ""tradition"": ""tevrat"", ""kind"": ""motif"", ""ref"": ""WLC:Prov.11.1"", ""basis"": ""false and honest balances"", ""note"": ""Proverbs calls a false balance abhorrent and a just weight pleasing to God, joining the commentary's market scale to moral judgment."", ""turn"": 1, ""model"": ""luna"", ""connection_id"": ""BC-74bfc07e4bc27222078a""}, {""line"": 19, ""strength"": ""strong"", ""tradition"": ""tevrat"", ""kind"": ""motif"", ""ref"": ""WLC:Prov.11.1"", ""basis"": ""false balance versus just weight"", ""note"": ""The commentary joins fair weighing to moral truth; the proverb calls a false balance abominable to the Lord and a just weight his delight."", ""turn"": 1, ""model"": ""sol"", ""connection_id"": ""BC-2bb1173dfe5834fa0601""}]"
WLC:Prov.11.14	strong	tevrat	motif	many counselors protect against a fall	The commentary moves from one human lost alone to people helping one another find a way; the proverb says a people falls without guidance and finds safety in many counselors.	103:2	"[{""line"": 117, ""strength"": ""strong"", ""tradition"": ""tevrat"", ""kind"": ""motif"", ""ref"": ""WLC:Prov.11.14"", ""basis"": ""many counselors protect against a fall"", ""note"": ""The commentary moves from one human lost alone to people helping one another find a way; the proverb says a people falls without guidance and finds safety in many counselors."", ""turn"": 2, ""model"": ""sol"", ""connection_id"": ""BC-f418000f383c7ef82618""}]"
WLC:Prov.11.24	strong	tevrat	soydas	root table خ س ر / Hebrew חסר, sound correspondence	The commentary's loss account can reverse apparent financial gain; Proverbs says one gives freely and increases, while another withholds what is due and comes to מַחְסוֹר, want.	103:2	"[{""line"": 106, ""strength"": ""strong"", ""tradition"": ""tevrat"", ""kind"": ""soydas"", ""ref"": ""WLC:Prov.11.24"", ""basis"": ""root table خ س ر / Hebrew חסר, sound correspondence"", ""note"": ""The commentary's loss account can reverse apparent financial gain; Proverbs says one gives freely and increases, while another withholds what is due and comes to מַחְסוֹר, want."", ""turn"": 2, ""model"": ""sol"", ""connection_id"": ""BC-3035e42f2f1e8e1fb01c""}]"
WLC:Prov.11.4	strong	tevrat	motif	riches fail on the day of wrath | riches fail on day of wrath	Proverbs says riches do not profit on the day of wrath, while righteousness delivers from death; this contrasts market capital with what can answer at final judgment. | The commentary contrasts counted money with the final moral account; the proverb says riches do not profit on the day of wrath, while righteousness delivers from death.	103:2	"[{""line"": 71, ""strength"": ""strong"", ""tradition"": ""tevrat"", ""kind"": ""motif"", ""ref"": ""WLC:Prov.11.4"", ""basis"": ""riches fail on the day of wrath"", ""note"": ""Proverbs says riches do not profit on the day of wrath, while righteousness delivers from death; this contrasts market capital with what can answer at final judgment."", ""turn"": 2, ""model"": ""luna"", ""connection_id"": ""BC-7dd262d16fa8506de727""}, {""line"": 9, ""strength"": ""strong"", ""tradition"": ""tevrat"", ""kind"": ""motif"", ""ref"": ""WLC:Prov.11.4"", ""basis"": ""riches fail on day of wrath"", ""note"": ""The commentary contrasts counted money with the final moral account; the proverb says riches do not profit on the day of wrath, while righteousness delivers from death."", ""turn"": 1, ""model"": ""sol"", ""connection_id"": ""BC-ffe6a303bc4d1f1272f5""}]"
WLC:Prov.12.15	strong	tevrat	motif	fool trusts own way, wise hears advice	The commentary's mistaken confidence in one's path meets its remedy of counsel from another; the proverb says the fool's way is right in his own eyes but the wise listens to advice.	103:2	"[{""line"": 116, ""strength"": ""strong"", ""tradition"": ""tevrat"", ""kind"": ""motif"", ""ref"": ""WLC:Prov.12.15"", ""basis"": ""fool trusts own way, wise hears advice"", ""note"": ""The commentary's mistaken confidence in one's path meets its remedy of counsel from another; the proverb says the fool's way is right in his own eyes but the wise listens to advice."", ""turn"": 2, ""model"": ""sol"", ""connection_id"": ""BC-8a561052808bbbb0c759""}]"
WLC:Prov.13.11	medium	tevrat	motif	wealth gained quickly dwindles	The commentary's business account distinguishes growing sums from preserving principal; the proverb says wealth gained hastily diminishes while gathered wealth grows steadily.	103:2	"[{""line"": 90, ""strength"": ""medium"", ""tradition"": ""tevrat"", ""kind"": ""motif"", ""ref"": ""WLC:Prov.13.11"", ""basis"": ""wealth gained quickly dwindles"", ""note"": ""The commentary's business account distinguishes growing sums from preserving principal; the proverb says wealth gained hastily diminishes while gathered wealth grows steadily."", ""turn"": 1, ""model"": ""sol"", ""connection_id"": ""BC-0c48675c0ecd58fd7d0e""}]"
WLC:Prov.13.7	strong	tevrat	motif	appearing rich while possessing nothing	The commentary separates a cheerful or prosperous appearance from the actual account; Proverbs describes one who pretends to be rich yet has nothing, and another who seems poor yet has great wealth.	103:2	"[{""line"": 107, ""strength"": ""strong"", ""tradition"": ""tevrat"", ""kind"": ""motif"", ""ref"": ""WLC:Prov.13.7"", ""basis"": ""appearing rich while possessing nothing"", ""note"": ""The commentary separates a cheerful or prosperous appearance from the actual account; Proverbs describes one who pretends to be rich yet has nothing, and another who seems poor yet has great wealth."", ""turn"": 2, ""model"": ""sol"", ""connection_id"": ""BC-5c058a8b1860edf5abaa""}]"
WLC:Prov.14.12	strong	tevrat	motif	way seeming right ends in death	The commentary's gravest loser believes his work is good while straying; this proverb says a way can seem right to a person yet end in the ways of death.	103:2	"[{""line"": 23, ""strength"": ""strong"", ""tradition"": ""tevrat"", ""kind"": ""motif"", ""ref"": ""WLC:Prov.14.12"", ""basis"": ""way seeming right ends in death"", ""note"": ""The commentary's gravest loser believes his work is good while straying; this proverb says a way can seem right to a person yet end in the ways of death."", ""turn"": 1, ""model"": ""sol"", ""connection_id"": ""BC-201e61cf59a6212b7eff""}]"
WLC:Prov.16.11	strong	tevrat	motif	balances belong to the Lord | just scales belong to the Lord	The verse says just balances and weights are the Lord's work; this joins the commentary's fair market scale to divine order and judgment. | The commentary joins the marketplace balance to God's true balance; Proverbs says honest scales and balances are the Lord's, and the weights in a merchant's bag are his work.	103:2	"[{""line"": 73, ""strength"": ""strong"", ""tradition"": ""tevrat"", ""kind"": ""motif"", ""ref"": ""WLC:Prov.16.11"", ""basis"": ""balances belong to the Lord"", ""note"": ""The verse says just balances and weights are the Lord's work; this joins the commentary's fair market scale to divine order and judgment."", ""turn"": 2, ""model"": ""luna"", ""connection_id"": ""BC-eaa380f76947b06673cc""}, {""line"": 100, ""strength"": ""strong"", ""tradition"": ""tevrat"", ""kind"": ""motif"", ""ref"": ""WLC:Prov.16.11"", ""basis"": ""just scales belong to the Lord"", ""note"": ""The commentary joins the marketplace balance to God's true balance; Proverbs says honest scales and balances are the Lord's, and the weights in a merchant's bag are his work."", ""turn"": 2, ""model"": ""sol"", ""connection_id"": ""BC-ffcd5e96e4661ddcb3b1""}]"
WLC:Prov.16.2	strong	tevrat	motif	God weighs what people cannot see | self-approved ways, God weighs spirits	A person's ways seem pure in their own eyes, but the Lord weighs the spirit; this directly answers the commentary's unaware loser who thinks his account is sound. | The commentary's worst loser thinks his own work good and cannot see his deficit; this proverb says all a person's ways look pure in his own eyes while the Lord weighs the spirits.	103:2	"[{""line"": 29, ""strength"": ""strong"", ""tradition"": ""tevrat"", ""kind"": ""motif"", ""ref"": ""WLC:Prov.16.2"", ""basis"": ""God weighs what people cannot see"", ""note"": ""A person's ways seem pure in their own eyes, but the Lord weighs the spirit; this directly answers the commentary's unaware loser who thinks his account is sound."", ""turn"": 1, ""model"": ""luna"", ""connection_id"": ""BC-babf32ec4fa841850599""}, {""line"": 97, ""strength"": ""strong"", ""tradition"": ""tevrat"", ""kind"": ""motif"", ""ref"": ""WLC:Prov.16.2"", ""basis"": ""self-approved ways, God weighs spirits"", ""note"": ""The commentary's worst loser thinks his own work good and cannot see his deficit; this proverb says all a person's ways look pure in his own eyes while the Lord weighs the spirits."", ""turn"": 2, ""model"": ""sol"", ""connection_id"": ""BC-c053b9d3cd205117aee0""}]"
WLC:Prov.16.25	medium	tevrat	motif	apparently right road ends in death	The commentary says the worst loss is the laborer who thinks his route sound; a second proverb states that a seemingly right human way ends in death.	103:2	"[{""line"": 73, ""strength"": ""medium"", ""tradition"": ""tevrat"", ""kind"": ""motif"", ""ref"": ""WLC:Prov.16.25"", ""basis"": ""apparently right road ends in death"", ""note"": ""The commentary says the worst loss is the laborer who thinks his route sound; a second proverb states that a seemingly right human way ends in death."", ""turn"": 1, ""model"": ""sol"", ""connection_id"": ""BC-cf274fb5aa586c9d694b""}]"
WLC:Prov.16.8	strong	tevrat	motif	little with righteousness better than unjust revenues	The commentary measures profit by righteous action rather than growing receipts; the proverb values a little with righteousness above large revenues gained by injustice.	103:2	"[{""line"": 108, ""strength"": ""strong"", ""tradition"": ""tevrat"", ""kind"": ""motif"", ""ref"": ""WLC:Prov.16.8"", ""basis"": ""little with righteousness better than unjust revenues"", ""note"": ""The commentary measures profit by righteous action rather than growing receipts; the proverb values a little with righteousness above large revenues gained by injustice."", ""turn"": 2, ""model"": ""sol"", ""connection_id"": ""BC-1c04d69e2822a39ca4f4""}]"
WLC:Prov.21.2	strong	tevrat	motif	self-approved way, Lord weighs hearts	The commentary combines undetected wandering with a final true balance; here every human way seems right to its owner, but the Lord weighs hearts.	103:2	"[{""line"": 98, ""strength"": ""strong"", ""tradition"": ""tevrat"", ""kind"": ""motif"", ""ref"": ""WLC:Prov.21.2"", ""basis"": ""self-approved way, Lord weighs hearts"", ""note"": ""The commentary combines undetected wandering with a final true balance; here every human way seems right to its owner, but the Lord weighs hearts."", ""turn"": 2, ""model"": ""sol"", ""connection_id"": ""BC-498fabc084f53fe6ab2b""}]"
WLC:Prov.22.2	medium	tevrat	motif	rich and poor share one maker	The commentary's human includes both high and low status before any exception is counted; Proverbs says rich and poor meet together because the Lord is maker of them all.	103:2	"[{""line"": 155, ""strength"": ""medium"", ""tradition"": ""tevrat"", ""kind"": ""motif"", ""ref"": ""WLC:Prov.22.2"", ""basis"": ""rich and poor share one maker"", ""note"": ""The commentary's human includes both high and low status before any exception is counted; Proverbs says rich and poor meet together because the Lord is maker of them all."", ""turn"": 2, ""model"": ""sol"", ""connection_id"": ""BC-309ff73f2c3a9b6e3fe0""}]"
WLC:Prov.23.4	strong	tevrat	motif	stop striving to acquire wealth	Proverbs warns against wearing oneself out to get rich; this directly questions the commentary's merchant-like pursuit of gain as a use of finite human time.	103:2	"[{""line"": 68, ""strength"": ""strong"", ""tradition"": ""tevrat"", ""kind"": ""motif"", ""ref"": ""WLC:Prov.23.4"", ""basis"": ""stop striving to acquire wealth"", ""note"": ""Proverbs warns against wearing oneself out to get rich; this directly questions the commentary's merchant-like pursuit of gain as a use of finite human time."", ""turn"": 2, ""model"": ""luna"", ""connection_id"": ""BC-bdace2cd2a69ead3edef""}]"
WLC:Prov.23.5	strong	tevrat	motif	wealth grows wings and vanishes | wealth flies away when gazed at	The wealth a person fixes his eyes on suddenly makes wings and flies away; the image makes visible the commentary's principal that disappears despite apparent accumulation. | The commentary's rich counter can grow while true capital melts away; Proverbs asks whether one fixes eyes on wealth that vanishes and flies toward heaven.	103:2	"[{""line"": 69, ""strength"": ""strong"", ""tradition"": ""tevrat"", ""kind"": ""motif"", ""ref"": ""WLC:Prov.23.5"", ""basis"": ""wealth grows wings and vanishes"", ""note"": ""The wealth a person fixes his eyes on suddenly makes wings and flies away; the image makes visible the commentary's principal that disappears despite apparent accumulation."", ""turn"": 2, ""model"": ""luna"", ""connection_id"": ""BC-f1463e0bf7770ce87c63""}, {""line"": 54, ""strength"": ""strong"", ""tradition"": ""tevrat"", ""kind"": ""motif"", ""ref"": ""WLC:Prov.23.5"", ""basis"": ""wealth flies away when gazed at"", ""note"": ""The commentary's rich counter can grow while true capital melts away; Proverbs asks whether one fixes eyes on wealth that vanishes and flies toward heaven."", ""turn"": 1, ""model"": ""sol"", ""connection_id"": ""BC-c5641a4979ecbb5862d6""}]"
WLC:Prov.27.17	medium	tevrat	motif	friend sharpens friend like iron	The commentary says the solitary human emerges from loss through others' counsel; Proverbs makes one person sharpen another as iron sharpens iron.	103:2	"[{""line"": 79, ""strength"": ""medium"", ""tradition"": ""tevrat"", ""kind"": ""motif"", ""ref"": ""WLC:Prov.27.17"", ""basis"": ""friend sharpens friend like iron"", ""note"": ""The commentary says the solitary human emerges from loss through others' counsel; Proverbs makes one person sharpen another as iron sharpens iron."", ""turn"": 1, ""model"": ""sol"", ""connection_id"": ""BC-982cc6cc9317fcfabebb""}]"
WLC:Prov.27.19	strong	tevrat	motif	face reflected in water, heart answered by another	The commentary's small image of a person seen in another's eye bridges solitary self-knowledge and mutual counsel; the proverb makes a reflected face the analogy for one human heart answering another.	103:2	"[{""line"": 33, ""strength"": ""strong"", ""tradition"": ""tevrat"", ""kind"": ""motif"", ""ref"": ""WLC:Prov.27.19"", ""basis"": ""face reflected in water, heart answered by another"", ""note"": ""The commentary's small image of a person seen in another's eye bridges solitary self-knowledge and mutual counsel; the proverb makes a reflected face the analogy for one human heart answering another."", ""turn"": 1, ""model"": ""sol"", ""connection_id"": ""BC-d159907c49b246faa15f""}]"
WLC:Prov.27.6	strong	tevrat	motif	faithful wounds from a friend	The commentary's true counsel is also likened to an accurate blow that does not miss its mark; the proverb makes even a friend's wounds faithful, giving correction a concrete and costly social form.	103:2	"[{""line"": 120, ""strength"": ""strong"", ""tradition"": ""tevrat"", ""kind"": ""motif"", ""ref"": ""WLC:Prov.27.6"", ""basis"": ""faithful wounds from a friend"", ""note"": ""The commentary's true counsel is also likened to an accurate blow that does not miss its mark; the proverb makes even a friend's wounds faithful, giving correction a concrete and costly social form."", ""turn"": 2, ""model"": ""sol"", ""connection_id"": ""BC-d7f74f3113227b56fe63""}]"
WLC:Prov.28.22	medium	tevrat	soydas	חסר (table sound correspondence; unverified)	The source commentary's خُسْرٍ is an account of loss; Proverbs warns that one rushing after wealth will not know that חֶסֶר, want, will come. This joins hidden deficit to pursuit of gain without claiming cognacy.	103:2	"[{""line"": 57, ""strength"": ""medium"", ""tradition"": ""tevrat"", ""kind"": ""soydas"", ""ref"": ""WLC:Prov.28.22"", ""basis"": ""חסר (table sound correspondence; unverified)"", ""note"": ""The source commentary's خُسْرٍ is an account of loss; Proverbs warns that one rushing after wealth will not know that חֶסֶר, want, will come. This joins hidden deficit to pursuit of gain without claiming cognacy."", ""turn"": 1, ""model"": ""luna"", ""connection_id"": ""BC-003194b5483ff62d5349""}]"
WLC:Prov.28.27	strong	tevrat	soydas	root table خ س ر / Hebrew חסר, sound correspondence	The commentary's alternative to losing one's capital is right use of it; this proverb says the one who gives to the poor will not lack, using חסר for lack and making generosity the decisive transaction.	103:2	"[{""line"": 41, ""strength"": ""strong"", ""tradition"": ""tevrat"", ""kind"": ""soydas"", ""ref"": ""WLC:Prov.28.27"", ""basis"": ""root table خ س ر / Hebrew חסר, sound correspondence"", ""note"": ""The commentary's alternative to losing one's capital is right use of it; this proverb says the one who gives to the poor will not lack, using חסר for lack and making generosity the decisive transaction."", ""turn"": 1, ""model"": ""sol"", ""connection_id"": ""BC-33f04a72083dabd1a749""}]"
WLC:Prov.6.32	strong	tevrat	motif	lack of sense and self-destruction	The commentary joins failing perception with losing oneself; Proverbs says the adulterer lacks sense and destroys his own life, making a hidden deficit in judgment lead to self-loss.	103:2	"[{""line"": 43, ""strength"": ""strong"", ""tradition"": ""tevrat"", ""kind"": ""motif"", ""ref"": ""WLC:Prov.6.32"", ""basis"": ""lack of sense and self-destruction"", ""note"": ""The commentary joins failing perception with losing oneself; Proverbs says the adulterer lacks sense and destroys his own life, making a hidden deficit in judgment lead to self-loss."", ""turn"": 1, ""model"": ""sol"", ""connection_id"": ""BC-ebdad29937423e7bc176""}]"
WLC:Ps.1.3	strong	tevrat	motif	fruitful tree that does not wither | rooted tree bears fruit and prospers in season	The righteous person is a tree bearing fruit in season whose leaf does not wither; this contrasts the commentary's crop lost to a destructive wind with a life that remains productive. | The commentary's alternative to losing a lifetime's crop is good work that survives its allotted time; the righteous person in the psalm is a watered tree yielding fruit in season and prospering in what he does.	103:2	"[{""line"": 80, ""strength"": ""strong"", ""tradition"": ""tevrat"", ""kind"": ""motif"", ""ref"": ""WLC:Ps.1.3"", ""basis"": ""fruitful tree that does not wither"", ""note"": ""The righteous person is a tree bearing fruit in season whose leaf does not wither; this contrasts the commentary's crop lost to a destructive wind with a life that remains productive."", ""turn"": 2, ""model"": ""luna"", ""connection_id"": ""BC-dc761acc679c09b7146c""}, {""line"": 112, ""strength"": ""strong"", ""tradition"": ""tevrat"", ""kind"": ""motif"", ""ref"": ""WLC:Ps.1.3"", ""basis"": ""rooted tree bears fruit and prospers in season"", ""note"": ""The commentary's alternative to losing a lifetime's crop is good work that survives its allotted time; the righteous person in the psalm is a watered tree yielding fruit in season and prospering in what he does."", ""turn"": 2, ""model"": ""sol"", ""connection_id"": ""BC-c12e8f34d567e0682727""}]"
WLC:Ps.1.4	strong	tevrat	motif	wicked as windblown chaff | wicked driven by wind like chaff	The wicked are like chaff driven away by wind; this gives a scriptural contrast between the fruitful life and the commentary's image of a life's produce swept away. | The commentary's lost traveler and ruined crop meet the psalm's contrast: unlike the fruitful rooted tree, the wicked are chaff carried away by the wind.	103:2	"[{""line"": 81, ""strength"": ""strong"", ""tradition"": ""tevrat"", ""kind"": ""motif"", ""ref"": ""WLC:Ps.1.4"", ""basis"": ""wicked as windblown chaff"", ""note"": ""The wicked are like chaff driven away by wind; this gives a scriptural contrast between the fruitful life and the commentary's image of a life's produce swept away."", ""turn"": 2, ""model"": ""luna"", ""connection_id"": ""BC-3900895816b7d2d9c08d""}, {""line"": 113, ""strength"": ""strong"", ""tradition"": ""tevrat"", ""kind"": ""motif"", ""ref"": ""WLC:Ps.1.4"", ""basis"": ""wicked driven by wind like chaff"", ""note"": ""The commentary's lost traveler and ruined crop meet the psalm's contrast: unlike the fruitful rooted tree, the wicked are chaff carried away by the wind."", ""turn"": 2, ""model"": ""sol"", ""connection_id"": ""BC-dcc910ae17601c7ea277""}]"
WLC:Ps.1.6	medium	tevrat	motif	way of wicked perishes	The commentary extends loss to losing one's way and finally perishing; the psalm contrasts God's knowledge of the righteous way with the way of the wicked that perishes.	103:2	"[{""line"": 69, ""strength"": ""medium"", ""tradition"": ""tevrat"", ""kind"": ""motif"", ""ref"": ""WLC:Ps.1.6"", ""basis"": ""way of wicked perishes"", ""note"": ""The commentary extends loss to losing one's way and finally perishing; the psalm contrasts God's knowledge of the righteous way with the way of the wicked that perishes."", ""turn"": 1, ""model"": ""sol"", ""connection_id"": ""BC-6e144d3196a02793a228""}]"
WLC:Ps.103.15	strong	tevrat	soydas	root table ء ن س / Hebrew אנש, BDB Arabic cognate	The commentary's generic insan spends a mortal lifetime as capital; this psalm calls the human אֱנוֹשׁ and compares his days to grass and his brief flourishing to a field flower.	103:2	"[{""line"": 110, ""strength"": ""strong"", ""tradition"": ""tevrat"", ""kind"": ""soydas"", ""ref"": ""WLC:Ps.103.15"", ""basis"": ""root table ء ن س / Hebrew אנש, BDB Arabic cognate"", ""note"": ""The commentary's generic insan spends a mortal lifetime as capital; this psalm calls the human אֱנוֹשׁ and compares his days to grass and his brief flourishing to a field flower."", ""turn"": 2, ""model"": ""sol"", ""connection_id"": ""BC-f56f201f3c6b3216fc63""}]"
WLC:Ps.103.16	strong	tevrat	motif	wind passes, bloom and place disappear	The commentary's storm can erase a lifetime's cultivated produce and the person who owned it; the psalm's wind passes over the mortal's flower so it is gone and its place knows it no more.	103:2	"[{""line"": 109, ""strength"": ""strong"", ""tradition"": ""tevrat"", ""kind"": ""motif"", ""ref"": ""WLC:Ps.103.16"", ""basis"": ""wind passes, bloom and place disappear"", ""note"": ""The commentary's storm can erase a lifetime's cultivated produce and the person who owned it; the psalm's wind passes over the mortal's flower so it is gone and its place knows it no more."", ""turn"": 2, ""model"": ""sol"", ""connection_id"": ""BC-2b7f301efc69643db837""}]"
WLC:Ps.106.30	medium	tevrat	soydas	root table ع ص ر / Hebrew עצר, sound correspondence	The commentary hears refuge against destruction in the first verse's secondary sense; the plague is עָצַר, stopped, after Phinehas intervenes, offering a concrete image of destruction held back rather than a claim that the Arabic and Hebrew senses are identical.	103:2	"[{""line"": 84, ""strength"": ""medium"", ""tradition"": ""tevrat"", ""kind"": ""soydas"", ""ref"": ""WLC:Ps.106.30"", ""basis"": ""root table ع ص ر / Hebrew עצר, sound correspondence"", ""note"": ""The commentary hears refuge against destruction in the first verse's secondary sense; the plague is עָצַר, stopped, after Phinehas intervenes, offering a concrete image of destruction held back rather than a claim that the Arabic and Hebrew senses are identical."", ""turn"": 1, ""model"": ""sol"", ""connection_id"": ""BC-543f9b564111c81f8d1e""}]"
WLC:Ps.14.3	strong	tevrat	motif	all turned aside, none doing good	The commentary's generic human is under a negative verdict before an exception is named; the psalm says all have turned aside and none does good, giving a parallel universal diagnosis.	103:2	"[{""line"": 25, ""strength"": ""strong"", ""tradition"": ""tevrat"", ""kind"": ""motif"", ""ref"": ""WLC:Ps.14.3"", ""basis"": ""all turned aside, none doing good"", ""note"": ""The commentary's generic human is under a negative verdict before an exception is named; the psalm says all have turned aside and none does good, giving a parallel universal diagnosis."", ""turn"": 1, ""model"": ""sol"", ""connection_id"": ""BC-989637770c248dfcb161""}]"
WLC:Ps.23.2	medium	tevrat	soydas	חסר (table sound correspondence; unverified)	The source commentary's Arabic خُسْرٍ names loss; the Hebrew speaker says לֹא אֶחְסָר, “I lack nothing,” within the shepherd's provision. The table's sound correspondence is unverified, and the verse supplies a precise counter-image of sufficiency.	103:2	"[{""line"": 108, ""strength"": ""medium"", ""tradition"": ""tevrat"", ""kind"": ""soydas"", ""ref"": ""WLC:Ps.23.2"", ""basis"": ""חסר (table sound correspondence; unverified)"", ""note"": ""The source commentary's Arabic خُسْرٍ names loss; the Hebrew speaker says לֹא אֶחְסָר, “I lack nothing,” within the shepherd's provision. The table's sound correspondence is unverified, and the verse supplies a precise counter-image of sufficiency."", ""turn"": 2, ""model"": ""luna"", ""connection_id"": ""BC-2d2d1ec3a09aa218410b""}]"
WLC:Ps.39.7	strong	tevrat	motif	wealth amassed without knowing its heir	The fleeting human heaps up riches without knowing who will gather them; this joins the commentary's passing lifetime to its image of capital that cannot be kept.	103:2	"[{""line"": 10, ""strength"": ""strong"", ""tradition"": ""tevrat"", ""kind"": ""motif"", ""ref"": ""WLC:Ps.39.7"", ""basis"": ""wealth amassed without knowing its heir"", ""note"": ""The fleeting human heaps up riches without knowing who will gather them; this joins the commentary's passing lifetime to its image of capital that cannot be kept."", ""turn"": 1, ""model"": ""luna"", ""connection_id"": ""BC-15dadbc021c286fd87c9""}]"
WLC:Ps.49.13	medium	tevrat	motif	high-status human perishes like a beast	The commentary refuses to separate noble from low human beings in its loss verdict and develops tame and wild animal imagery; the psalm says a human in honor cannot remain and becomes like beasts that perish.	103:2	"[{""line"": 154, ""strength"": ""medium"", ""tradition"": ""tevrat"", ""kind"": ""motif"", ""ref"": ""WLC:Ps.49.13"", ""basis"": ""high-status human perishes like a beast"", ""note"": ""The commentary refuses to separate noble from low human beings in its loss verdict and develops tame and wild animal imagery; the psalm says a human in honor cannot remain and becomes like beasts that perish."", ""turn"": 2, ""model"": ""sol"", ""connection_id"": ""BC-516386a634816ceb2455""}]"
WLC:Ps.49.18	strong	tevrat	motif	wealth cannot follow its owner in death	The rich person takes nothing when he dies and his glory does not descend after him; this matches the commentary's claim that accumulated capital cannot save the person who spent it.	103:2	"[{""line"": 66, ""strength"": ""strong"", ""tradition"": ""tevrat"", ""kind"": ""motif"", ""ref"": ""WLC:Ps.49.18"", ""basis"": ""wealth cannot follow its owner in death"", ""note"": ""The rich person takes nothing when he dies and his glory does not descend after him; this matches the commentary's claim that accumulated capital cannot save the person who spent it."", ""turn"": 2, ""model"": ""luna"", ""connection_id"": ""BC-468ab1bd0f814c8b19f5""}]"
WLC:Ps.62.10	strong	tevrat	motif	rich and poor alike light on scales	The commentary's scale finds the person, not goods, deficient and disregards rank; the psalm calls people of low and high estate alike a breath, rising together on the balance as lighter than breath.	103:2	"[{""line"": 99, ""strength"": ""strong"", ""tradition"": ""tevrat"", ""kind"": ""motif"", ""ref"": ""WLC:Ps.62.10"", ""basis"": ""rich and poor alike light on scales"", ""note"": ""The commentary's scale finds the person, not goods, deficient and disregards rank; the psalm calls people of low and high estate alike a breath, rising together on the balance as lighter than breath."", ""turn"": 2, ""model"": ""sol"", ""connection_id"": ""BC-847e72fe7268aa1f04c0""}]"
WLC:Ps.8.5	strong	tevrat	soydas	אנוש (table correspondence; BDB notes Arabic cognate) | root table ء ن س / Hebrew אנש, BDB Arabic cognate	The commentary's ٱلْإِنسَٰنَ names humanity in loss; Psalm 8 calls the mortal אֱנוֹשׁ and asks why God remembers him, keeping the source's mortality term within a text of divine regard. | The commentary names the generic visible human and asks what loss takes from such a being; the psalm calls the person אֱנוֹשׁ while asking why God remembers him, emphasizing mortal smallness beside divine regard.	103:2	"[{""line"": 49, ""strength"": ""medium"", ""tradition"": ""tevrat"", ""kind"": ""soydas"", ""ref"": ""WLC:Ps.8.5"", ""basis"": ""אנוש (table correspondence; BDB notes Arabic cognate)"", ""note"": ""The commentary's ٱلْإِنسَٰنَ names humanity in loss; Psalm 8 calls the mortal אֱנוֹשׁ and asks why God remembers him, keeping the source's mortality term within a text of divine regard."", ""turn"": 1, ""model"": ""luna"", ""connection_id"": ""BC-e6c5d61b058f7aae22ca""}, {""line"": 38, ""strength"": ""strong"", ""tradition"": ""tevrat"", ""kind"": ""soydas"", ""ref"": ""WLC:Ps.8.5"", ""basis"": ""root table ء ن س / Hebrew אנש, BDB Arabic cognate"", ""note"": ""The commentary names the generic visible human and asks what loss takes from such a being; the psalm calls the person אֱנוֹשׁ while asking why God remembers him, emphasizing mortal smallness beside divine regard."", ""turn"": 1, ""model"": ""sol"", ""connection_id"": ""BC-fbe0822136a788b8ed05""}]"
WLC:Ps.90.10	strong	tevrat	motif	brief years filled with toil	The commentary's late day and dwindling lifetime meet this psalm's seventy or eighty years, their toil and trouble, and their swift passing.	103:2	"[{""line"": 8, ""strength"": ""strong"", ""tradition"": ""tevrat"", ""kind"": ""motif"", ""ref"": ""WLC:Ps.90.10"", ""basis"": ""brief years filled with toil"", ""note"": ""The commentary's late day and dwindling lifetime meet this psalm's seventy or eighty years, their toil and trouble, and their swift passing."", ""turn"": 1, ""model"": ""sol"", ""connection_id"": ""BC-1629393b2152d31a00cb""}]"
WLC:Ps.90.11	strong	tevrat	motif|soydas	finite lifespan, toil and swift passing | עמל (table sound correspondence; unverified)	The psalm numbers a human life at seventy or eighty years, marked by toil, then says it passes quickly; this develops the commentary's time-as-principal image into a lifespan. | The commentary's neighboring وَعَمِلُوا۟ names good action; this verse says human years are עָמָל and trouble before they fly away. The table's Arabic ع م ل–Hebrew עמל correspondence is unverified, while the shared labor context is explicit.	103:2	"[{""line"": 64, ""strength"": ""strong"", ""tradition"": ""tevrat"", ""kind"": ""motif"", ""ref"": ""WLC:Ps.90.11"", ""basis"": ""finite lifespan, toil and swift passing"", ""note"": ""The psalm numbers a human life at seventy or eighty years, marked by toil, then says it passes quickly; this develops the commentary's time-as-principal image into a lifespan."", ""turn"": 2, ""model"": ""luna"", ""connection_id"": ""BC-f53a63ae1dc9d4c4e838""}, {""line"": 65, ""strength"": ""medium"", ""tradition"": ""tevrat"", ""kind"": ""soydas"", ""ref"": ""WLC:Ps.90.11"", ""basis"": ""עמל (table sound correspondence; unverified)"", ""note"": ""The commentary's neighboring وَعَمِلُوا۟ names good action; this verse says human years are עָמָל and trouble before they fly away. The table's Arabic ع م ل–Hebrew עמל correspondence is unverified, while the shared labor context is explicit."", ""turn"": 2, ""model"": ""luna"", ""connection_id"": ""BC-5ecbfb6e417aa8c660c4""}]"
WLC:Ps.90.12	strong	tevrat	motif	counting days for wisdom	The commentary treats passing time as spent capital; the psalm asks God to teach humans to number their days so that they gain a wise heart.	103:2	"[{""line"": 7, ""strength"": ""strong"", ""tradition"": ""tevrat"", ""kind"": ""motif"", ""ref"": ""WLC:Ps.90.12"", ""basis"": ""counting days for wisdom"", ""note"": ""The commentary treats passing time as spent capital; the psalm asks God to teach humans to number their days so that they gain a wise heart."", ""turn"": 1, ""model"": ""sol"", ""connection_id"": ""BC-f73eee38d6783236657b""}]"
WLC:Ps.90.3	strong	tevrat	motif	mortal returned to dust	The commentary's generic human remains in an ongoing condition of loss; this psalm addresses God as returning mortals to dust, putting humanity inside a bounded mortal state.	103:2	"[{""line"": 37, ""strength"": ""strong"", ""tradition"": ""tevrat"", ""kind"": ""motif"", ""ref"": ""WLC:Ps.90.3"", ""basis"": ""mortal returned to dust"", ""note"": ""The commentary's generic human remains in an ongoing condition of loss; this psalm addresses God as returning mortals to dust, putting humanity inside a bounded mortal state."", ""turn"": 1, ""model"": ""sol"", ""connection_id"": ""BC-bdee1f8aa7d0d10e46f4""}]"
Wisdom of Solomon 5:8	strong	tevrat	motif	wealth passing like a shadow	The speaker asks what wealth and pride profited the wicked, then says it passed like a shadow; the text explicitly judges apparent gain by what remains.	103:2	"[{""line"": 13, ""strength"": ""strong"", ""tradition"": ""tevrat"", ""kind"": ""motif"", ""ref"": ""Wisdom of Solomon 5:8"", ""basis"": ""wealth passing like a shadow"", ""note"": ""The speaker asks what wealth and pride profited the wicked, then says it passed like a shadow; the text explicitly judges apparent gain by what remains."", ""turn"": 1, ""model"": ""luna"", ""connection_id"": ""BC-bcf123b7bdc36fa4cf8a""}]"
