ref	tier	tradition	kinds	basis	explanations	target	evidence
Didache 1:5	strong	incil	motif	give without recalling gift	The commentary names taking back a previous gift as a form of squeezing; the Didache tells hearers to give to those who ask and not demand it back, an exact ethical opposite to reclaimed donation.	103:1	"[{""line"": 158, ""strength"": ""strong"", ""tradition"": ""incil"", ""kind"": ""motif"", ""ref"": ""Didache 1:5"", ""basis"": ""give without recalling gift"", ""note"": ""The commentary names taking back a previous gift as a form of squeezing; the Didache tells hearers to give to those who ask and not demand it back, an exact ethical opposite to reclaimed donation."", ""turn"": 2, ""model"": ""sol"", ""connection_id"": ""BC-e995e98d5bf368a8d8b0""}]"
Didache 4:5	strong	incil	motif	hands open to receive, closed to give	The commentary's asr images make grasping ethically double; the Didache forbids extending the hands to receive while drawing them back when it is time to give, making the hand's direction the whole contrast.	103:1	"[{""line"": 157, ""strength"": ""strong"", ""tradition"": ""incil"", ""kind"": ""motif"", ""ref"": ""Didache 4:5"", ""basis"": ""hands open to receive, closed to give"", ""note"": ""The commentary's asr images make grasping ethically double; the Didache forbids extending the hands to receive while drawing them back when it is time to give, making the hand's direction the whole contrast."", ""turn"": 2, ""model"": ""sol"", ""connection_id"": ""BC-b732a94f798dcfca3e91""}]"
Didache 8:3	medium	incil	motif	The Lord's Prayer said three times daily	The commentary names the afternoon prayer and describes morning-evening devotion; the Didache directs Christians to pray the Lord's Prayer three times a day, evidence of a timed daily discipline.	103:1	"[{""line"": 97, ""strength"": ""medium"", ""tradition"": ""incil"", ""kind"": ""motif"", ""ref"": ""Didache 8:3"", ""basis"": ""The Lord's Prayer said three times daily"", ""note"": ""The commentary names the afternoon prayer and describes morning-evening devotion; the Didache directs Christians to pray the Lord's Prayer three times a day, evidence of a timed daily discipline."", ""turn"": 2, ""model"": ""luna"", ""connection_id"": ""BC-065414f3f6067b97218c""}]"
Gregory of Tours, Glory of the Martyrs 1.95	strong	incil	paralel	The Seven Sleepers of Ephesus	The commentary's cave youths sleep through centuries and wake in a changed age; Gregory recounts the Christian Seven Sleepers of Ephesus in their cave, a direct narrative parallel whose chronology varies among tellings.	103:1	"[{""line"": 25, ""strength"": ""strong"", ""tradition"": ""incil"", ""kind"": ""paralel"", ""ref"": ""Gregory of Tours, Glory of the Martyrs 1.95"", ""basis"": ""The Seven Sleepers of Ephesus"", ""note"": ""The commentary's cave youths sleep through centuries and wake in a changed age; Gregory recounts the Christian Seven Sleepers of Ephesus in their cave, a direct narrative parallel whose chronology varies among tellings."", ""turn"": 1, ""model"": ""luna"", ""connection_id"": ""BC-aa159d0195c7374280e6""}]"
Gregory of Tours, Glory of the Martyrs 94	medium	incil	paralel	Ephesus sleepers' cave and long sleep	The commentary's youths find refuge in a cave and wake after centuries thinking little time has passed; Gregory retells the Christian Ephesus sleepers who are enclosed through a long sleep and later awakened, the close story behind this time-and-shelter meeting.	103:1	"[{""line"": 129, ""strength"": ""medium"", ""tradition"": ""incil"", ""kind"": ""paralel"", ""ref"": ""Gregory of Tours, Glory of the Martyrs 94"", ""basis"": ""Ephesus sleepers' cave and long sleep"", ""note"": ""The commentary's youths find refuge in a cave and wake after centuries thinking little time has passed; Gregory retells the Christian Ephesus sleepers who are enclosed through a long sleep and later awakened, the close story behind this time-and-shelter meeting."", ""turn"": 1, ""model"": ""sol"", ""connection_id"": ""BC-eaf1cdc1558db8a28123""}]"
Protevangelium of James 8	medium	incil	motif	Mary at puberty moved from sanctuary	The commentary's protected maiden is held at first maturity because of a boundary around her; the priests in this story worry that twelve-year-old Mary is reaching an age at which her presence may defile the sanctuary and arrange her departure, another threshold managed by enclosure.	103:1	"[{""line"": 130, ""strength"": ""medium"", ""tradition"": ""incil"", ""kind"": ""motif"", ""ref"": ""Protevangelium of James 8"", ""basis"": ""Mary at puberty moved from sanctuary"", ""note"": ""The commentary's protected maiden is held at first maturity because of a boundary around her; the priests in this story worry that twelve-year-old Mary is reaching an age at which her presence may defile the sanctuary and arrange her departure, another threshold managed by enclosure."", ""turn"": 1, ""model"": ""sol"", ""connection_id"": ""BC-5bade64b93c18f0a90cb""}]"
SBLGNT:1Cor.15.52	medium	incil	motif	Transformation in a moment at the last trumpet	The commentary holds long ages beside the instant and says a whole lifetime can shrink to a small part of a day; Paul places the change of the dead in a moment, in the twinkling of an eye, at the last trumpet.	103:1	"[{""line"": 106, ""strength"": ""medium"", ""tradition"": ""incil"", ""kind"": ""motif"", ""ref"": ""SBLGNT:1Cor.15.52"", ""basis"": ""Transformation in a moment at the last trumpet"", ""note"": ""The commentary holds long ages beside the instant and says a whole lifetime can shrink to a small part of a day; Paul places the change of the dead in a moment, in the twinkling of an eye, at the last trumpet."", ""turn"": 2, ""model"": ""luna"", ""connection_id"": ""BC-31f6fcaba2f19af534c7""}]"
SBLGNT:1Cor.7.29	strong	incil	motif	time has become short	The commentary lets the day and a whole life contract toward their end; Paul says the remaining time has been shortened and immediately revises how ordinary attachments are to be held.	103:1	"[{""line"": 180, ""strength"": ""strong"", ""tradition"": ""incil"", ""kind"": ""motif"", ""ref"": ""SBLGNT:1Cor.7.29"", ""basis"": ""time has become short"", ""note"": ""The commentary lets the day and a whole life contract toward their end; Paul says the remaining time has been shortened and immediately revises how ordinary attachments are to be held."", ""turn"": 2, ""model"": ""sol"", ""connection_id"": ""BC-d085f01c0fbe360cf302""}]"
SBLGNT:1Pet.1.24	medium	incil	motif	all flesh withers as grass	The commentary's age ends like spent vegetation; 1 Peter says human glory falls like grass's flower after quoting Isaiah, making impermanence the context for the lasting word in the next verse.	103:1	"[{""line"": 124, ""strength"": ""medium"", ""tradition"": ""incil"", ""kind"": ""motif"", ""ref"": ""SBLGNT:1Pet.1.24"", ""basis"": ""all flesh withers as grass"", ""note"": ""The commentary's age ends like spent vegetation; 1 Peter says human glory falls like grass's flower after quoting Isaiah, making impermanence the context for the lasting word in the next verse."", ""turn"": 1, ""model"": ""sol"", ""connection_id"": ""BC-84b50b4f8519a54852b8""}]"
SBLGNT:1Tim.6.18	strong	incil	motif	wealth released in good works	The commentary contrasts a hand that retains wealth with one that lets benefit flow; the wealthy are instructed to do good, be rich in works, and be generous and ready to share.	103:1	"[{""line"": 175, ""strength"": ""strong"", ""tradition"": ""incil"", ""kind"": ""motif"", ""ref"": ""SBLGNT:1Tim.6.18"", ""basis"": ""wealth released in good works"", ""note"": ""The commentary contrasts a hand that retains wealth with one that lets benefit flow; the wealthy are instructed to do good, be rich in works, and be generous and ready to share."", ""turn"": 2, ""model"": ""sol"", ""connection_id"": ""BC-021e0e80a3ebd61d8f42""}]"
SBLGNT:1Tim.6.19	strong	incil	motif	generosity stores for the future	The commentary lets a gift function as lasting provision after ordinary stores fail; the next verse calls sharing a good foundation stored for the future so the givers may take hold of real life.	103:1	"[{""line"": 176, ""strength"": ""strong"", ""tradition"": ""incil"", ""kind"": ""motif"", ""ref"": ""SBLGNT:1Tim.6.19"", ""basis"": ""generosity stores for the future"", ""note"": ""The commentary lets a gift function as lasting provision after ordinary stores fail; the next verse calls sharing a good foundation stored for the future so the givers may take hold of real life."", ""turn"": 2, ""model"": ""sol"", ""connection_id"": ""BC-7f03aadd5f4b325478b5""}]"
SBLGNT:2Cor.2.14	strong	incil	motif	The fragrance of knowledge spreads everywhere | knowledge diffused as fragrance	The commentary describes a scent rising and trailing after movement; Paul says God spreads the fragrance of knowledge through the apostles everywhere, turning a passing procession into a lasting trail. | The commentary allows a person to leave a sweet trace rather than destructive dust; Paul says God makes the fragrance of knowing Christ perceptible through his messengers in every place, an ethical use of spreading scent.	103:1	"[{""line"": 111, ""strength"": ""medium"", ""tradition"": ""incil"", ""kind"": ""motif"", ""ref"": ""SBLGNT:2Cor.2.14"", ""basis"": ""The fragrance of knowledge spreads everywhere"", ""note"": ""The commentary describes a scent rising and trailing after movement; Paul says God spreads the fragrance of knowledge through the apostles everywhere, turning a passing procession into a lasting trail."", ""turn"": 2, ""model"": ""luna"", ""connection_id"": ""BC-aecdd94515d03ab85726""}, {""line"": 62, ""strength"": ""strong"", ""tradition"": ""incil"", ""kind"": ""motif"", ""ref"": ""SBLGNT:2Cor.2.14"", ""basis"": ""knowledge diffused as fragrance"", ""note"": ""The commentary allows a person to leave a sweet trace rather than destructive dust; Paul says God makes the fragrance of knowing Christ perceptible through his messengers in every place, an ethical use of spreading scent."", ""turn"": 1, ""model"": ""sol"", ""connection_id"": ""BC-d7e591f1d9a546a46775""}]"
SBLGNT:2Cor.2.15	medium	incil	motif	Aroma received differently by the saved and perishing | person as pleasing aroma	The commentary contrasts a good trace left behind with destructive dust and loss; Paul says the same aroma is associated with those being saved and those perishing, adding opposed outcomes to the scent image. | The commentary says a passing person's fragrant trace can remain rather than dust; Paul calls his community the aroma of Christ among those being saved and those perishing, specifying the trace's different reception.	103:1	"[{""line"": 112, ""strength"": ""medium"", ""tradition"": ""incil"", ""kind"": ""motif"", ""ref"": ""SBLGNT:2Cor.2.15"", ""basis"": ""Aroma received differently by the saved and perishing"", ""note"": ""The commentary contrasts a good trace left behind with destructive dust and loss; Paul says the same aroma is associated with those being saved and those perishing, adding opposed outcomes to the scent image."", ""turn"": 2, ""model"": ""luna"", ""connection_id"": ""BC-2c660aedae69689c879a""}, {""line"": 103, ""strength"": ""medium"", ""tradition"": ""incil"", ""kind"": ""motif"", ""ref"": ""SBLGNT:2Cor.2.15"", ""basis"": ""person as pleasing aroma"", ""note"": ""The commentary says a passing person's fragrant trace can remain rather than dust; Paul calls his community the aroma of Christ among those being saved and those perishing, specifying the trace's different reception."", ""turn"": 1, ""model"": ""sol"", ""connection_id"": ""BC-77e24f7a66634db018cd""}]"
SBLGNT:2Cor.4.17	medium	incil	motif	momentary pressure and lasting yield	The commentary asks what an allotted time draws out of a person; Paul says temporary affliction produces an eternal weight of glory, making brief pressure yield something lasting.	103:1	"[{""line"": 106, ""strength"": ""medium"", ""tradition"": ""incil"", ""kind"": ""motif"", ""ref"": ""SBLGNT:2Cor.4.17"", ""basis"": ""momentary pressure and lasting yield"", ""note"": ""The commentary asks what an allotted time draws out of a person; Paul says temporary affliction produces an eternal weight of glory, making brief pressure yield something lasting."", ""turn"": 1, ""model"": ""sol"", ""connection_id"": ""BC-5bffa4708e0a991d40cd""}]"
SBLGNT:2Cor.4.8	medium	incil	motif	pressed but not crushed	The commentary lets pressure either extract a good outcome or leave dry loss; Paul describes himself as afflicted on every side yet not crushed, a distinct survival under compression.	103:1	"[{""line"": 105, ""strength"": ""medium"", ""tradition"": ""incil"", ""kind"": ""motif"", ""ref"": ""SBLGNT:2Cor.4.8"", ""basis"": ""pressed but not crushed"", ""note"": ""The commentary lets pressure either extract a good outcome or leave dry loss; Paul describes himself as afflicted on every side yet not crushed, a distinct survival under compression."", ""turn"": 1, ""model"": ""sol"", ""connection_id"": ""BC-b29388d9a27d30705527""}]"
SBLGNT:2Cor.9.10	medium	incil	motif	seed and bread become fruit of generosity	The commentary connects rain-fed grain and giving; Paul says God supplies seed to the sower and bread for food and will increase the harvest of the community's righteousness.	103:1	"[{""line"": 81, ""strength"": ""medium"", ""tradition"": ""incil"", ""kind"": ""motif"", ""ref"": ""SBLGNT:2Cor.9.10"", ""basis"": ""seed and bread become fruit of generosity"", ""note"": ""The commentary connects rain-fed grain and giving; Paul says God supplies seed to the sower and bread for food and will increase the harvest of the community's righteousness."", ""turn"": 1, ""model"": ""sol"", ""connection_id"": ""BC-c30b59389de725c78527""}]"
SBLGNT:2Cor.9.11	medium	incil	motif	wealth passes outward as gift	The commentary's squeezed essence becomes generosity when it leaves the hand; Paul says enrichment should produce generosity that becomes thanksgiving to God.	103:1	"[{""line"": 82, ""strength"": ""medium"", ""tradition"": ""incil"", ""kind"": ""motif"", ""ref"": ""SBLGNT:2Cor.9.11"", ""basis"": ""wealth passes outward as gift"", ""note"": ""The commentary's squeezed essence becomes generosity when it leaves the hand; Paul says enrichment should produce generosity that becomes thanksgiving to God."", ""turn"": 1, ""model"": ""sol"", ""connection_id"": ""BC-11d0d225717dd0efa89f""}]"
SBLGNT:2Cor.9.6	medium	incil	motif	sowing and proportionate harvest	The commentary asks whether a held resource becomes benefaction and later yield; Paul says sparing sowing reaps sparingly and bountiful sowing reaps bountifully, giving the hand's release a harvest consequence.	103:1	"[{""line"": 80, ""strength"": ""medium"", ""tradition"": ""incil"", ""kind"": ""motif"", ""ref"": ""SBLGNT:2Cor.9.6"", ""basis"": ""sowing and proportionate harvest"", ""note"": ""The commentary asks whether a held resource becomes benefaction and later yield; Paul says sparing sowing reaps sparingly and bountiful sowing reaps bountifully, giving the hand's release a harvest consequence."", ""turn"": 1, ""model"": ""sol"", ""connection_id"": ""BC-0f0c52a6d4616683bb6e""}]"
SBLGNT:2Pet.3.8	strong	incil	motif|yorum_gelenegi	A day and a thousand years | one day and a thousand years	The commentary holds the long age and short day-part together; Second Peter applies the psalm's thousand-years-as-a-day scale to the apparent delay of the Lord's coming, making divine and human time differ. | The commentary's cave sleepers treat centuries as part of a day; 2 Peter says with the Lord one day is like a thousand years and a thousand years like one day, offering a theological version of that scale change.	103:1	"[{""line"": 58, ""strength"": ""medium"", ""tradition"": ""incil"", ""kind"": ""yorum_gelenegi"", ""ref"": ""SBLGNT:2Pet.3.8"", ""basis"": ""A day and a thousand years"", ""note"": ""The commentary holds the long age and short day-part together; Second Peter applies the psalm's thousand-years-as-a-day scale to the apparent delay of the Lord's coming, making divine and human time differ."", ""turn"": 1, ""model"": ""luna"", ""connection_id"": ""BC-661de42652d09f94df3d""}, {""line"": 59, ""strength"": ""strong"", ""tradition"": ""incil"", ""kind"": ""motif"", ""ref"": ""SBLGNT:2Pet.3.8"", ""basis"": ""one day and a thousand years"", ""note"": ""The commentary's cave sleepers treat centuries as part of a day; 2 Peter says with the Lord one day is like a thousand years and a thousand years like one day, offering a theological version of that scale change."", ""turn"": 1, ""model"": ""sol"", ""connection_id"": ""BC-7bf5a2f79c62a5193fd4""}]"
SBLGNT:2Pet.3.9	medium	incil	motif|yorum_gelenegi	Delay as time for repentance | apparent delay is patience	The commentary includes the sense of a late arrival and the dwindling time left to act; Second Peter interprets apparent delay as patience that gives people time to repent, turning lateness into mercy. | The commentary's delayed relief in Joseph's story and the sleeper's long interval can be heard as purposive waiting; 2 Peter says the Lord is not slow about the promise but patient, giving a specific interpretive bridge for delay.	103:1	"[{""line"": 59, ""strength"": ""medium"", ""tradition"": ""incil"", ""kind"": ""yorum_gelenegi"", ""ref"": ""SBLGNT:2Pet.3.9"", ""basis"": ""Delay as time for repentance"", ""note"": ""The commentary includes the sense of a late arrival and the dwindling time left to act; Second Peter interprets apparent delay as patience that gives people time to repent, turning lateness into mercy."", ""turn"": 1, ""model"": ""luna"", ""connection_id"": ""BC-a6e447d7dece0e237e20""}, {""line"": 193, ""strength"": ""medium"", ""tradition"": ""incil"", ""kind"": ""motif"", ""ref"": ""SBLGNT:2Pet.3.9"", ""basis"": ""apparent delay is patience"", ""note"": ""The commentary's delayed relief in Joseph's story and the sleeper's long interval can be heard as purposive waiting; 2 Peter says the Lord is not slow about the promise but patient, giving a specific interpretive bridge for delay."", ""turn"": 2, ""model"": ""sol"", ""connection_id"": ""BC-8492885f5c13c6f38405""}]"
SBLGNT:2Tim.4.6	medium	incil	motif	A life poured out as departure nears	The commentary treats squeezing as extracting a life-giving essence and asr as the close of a lifespan; Paul says he is already being poured out as a libation and that the time of his departure has come.	103:1	"[{""line"": 105, ""strength"": ""medium"", ""tradition"": ""incil"", ""kind"": ""motif"", ""ref"": ""SBLGNT:2Tim.4.6"", ""basis"": ""A life poured out as departure nears"", ""note"": ""The commentary treats squeezing as extracting a life-giving essence and asr as the close of a lifespan; Paul says he is already being poured out as a libation and that the time of his departure has come."", ""turn"": 2, ""model"": ""luna"", ""connection_id"": ""BC-a9f56cf0421aa517e9df""}]"
SBLGNT:Acts.10.3	medium	incil	motif	Cornelius prays at the ninth hour	The commentary leaves open the afternoon-prayer sense of asr; Acts places Cornelius in prayer at the ninth hour when he sees an angel, a distinct Christian scene of late-day devotion.	103:1	"[{""line"": 98, ""strength"": ""medium"", ""tradition"": ""incil"", ""kind"": ""motif"", ""ref"": ""SBLGNT:Acts.10.3"", ""basis"": ""Cornelius prays at the ninth hour"", ""note"": ""The commentary leaves open the afternoon-prayer sense of asr; Acts places Cornelius in prayer at the ninth hour when he sees an angel, a distinct Christian scene of late-day devotion."", ""turn"": 2, ""model"": ""luna"", ""connection_id"": ""BC-c6982c1856b41d76c010""}]"
SBLGNT:Acts.10.4	medium	incil	motif	Alms and prayers remembered	The commentary describes the squeezed extract as generosity flowing outward; the angel tells Cornelius that his prayers and alms have risen as a memorial, linking devotional practice with concrete giving.	103:1	"[{""line"": 36, ""strength"": ""medium"", ""tradition"": ""incil"", ""kind"": ""motif"", ""ref"": ""SBLGNT:Acts.10.4"", ""basis"": ""Alms and prayers remembered"", ""note"": ""The commentary describes the squeezed extract as generosity flowing outward; the angel tells Cornelius that his prayers and alms have risen as a memorial, linking devotional practice with concrete giving."", ""turn"": 1, ""model"": ""luna"", ""connection_id"": ""BC-6d6063ef1b868222cf6d""}]"
SBLGNT:Acts.3.1	strong	incil	motif	Prayer at the ninth hour | ninth hour prayer	The commentary includes the afternoon prayer among possible senses of asr; Acts places Peter and John at the temple at the ninth hour, the hour of prayer, showing a Christian practice at a named late-day hour. | The commentary notes worship at the late-day asr hour; Peter and John go to the temple at the ninth hour, explicitly called an hour of prayer.	103:1	"[{""line"": 35, ""strength"": ""medium"", ""tradition"": ""incil"", ""kind"": ""motif"", ""ref"": ""SBLGNT:Acts.3.1"", ""basis"": ""Prayer at the ninth hour"", ""note"": ""The commentary includes the afternoon prayer among possible senses of asr; Acts places Peter and John at the temple at the ninth hour, the hour of prayer, showing a Christian practice at a named late-day hour."", ""turn"": 1, ""model"": ""luna"", ""connection_id"": ""BC-22c52cefdce464a7cef6""}, {""line"": 48, ""strength"": ""strong"", ""tradition"": ""incil"", ""kind"": ""motif"", ""ref"": ""SBLGNT:Acts.3.1"", ""basis"": ""ninth hour prayer"", ""note"": ""The commentary notes worship at the late-day asr hour; Peter and John go to the temple at the ninth hour, explicitly called an hour of prayer."", ""turn"": 1, ""model"": ""sol"", ""connection_id"": ""BC-0ad5e283c08ac20a4627""}]"
SBLGNT:Eph.5.16	medium	incil	motif	making use of finite time	The commentary urges righteous work before late daylight ends; Ephesians asks readers to make the most of the time because the days are evil, relating available time to conduct.	103:1	"[{""line"": 121, ""strength"": ""medium"", ""tradition"": ""incil"", ""kind"": ""motif"", ""ref"": ""SBLGNT:Eph.5.16"", ""basis"": ""making use of finite time"", ""note"": ""The commentary urges righteous work before late daylight ends; Ephesians asks readers to make the most of the time because the days are evil, relating available time to conduct."", ""turn"": 1, ""model"": ""sol"", ""connection_id"": ""BC-f47a50553b6758cf65d8""}]"
SBLGNT:Eph.6.16	medium	incil	motif	Faith as a protective shield | shield against flaming darts	The commentary links refuge to armor that wraps and protects the body; Paul describes the shield of faith extinguishing flaming arrows, giving the protective covering an ethical and spiritual use. | The commentary's armor encloses a threatened body and its storm carries fire; Ephesians tells believers to take a shield able to quench flaming darts, making protective gear meet fire directly.	103:1	"[{""line"": 52, ""strength"": ""medium"", ""tradition"": ""incil"", ""kind"": ""motif"", ""ref"": ""SBLGNT:Eph.6.16"", ""basis"": ""Faith as a protective shield"", ""note"": ""The commentary links refuge to armor that wraps and protects the body; Paul describes the shield of faith extinguishing flaming arrows, giving the protective covering an ethical and spiritual use."", ""turn"": 1, ""model"": ""luna"", ""connection_id"": ""BC-2fa20dbe51a6b7f65822""}, {""line"": 99, ""strength"": ""medium"", ""tradition"": ""incil"", ""kind"": ""motif"", ""ref"": ""SBLGNT:Eph.6.16"", ""basis"": ""shield against flaming darts"", ""note"": ""The commentary's armor encloses a threatened body and its storm carries fire; Ephesians tells believers to take a shield able to quench flaming darts, making protective gear meet fire directly."", ""turn"": 1, ""model"": ""sol"", ""connection_id"": ""BC-943d666bf0b9cf1dde27""}]"
SBLGNT:Gal.6.10	medium	incil	motif	good done while opportunity lasts	The commentary's shrinking remainder gives urgency to generosity; Paul says while there is opportunity the community should do good to everyone, especially its own household.	103:1	"[{""line"": 123, ""strength"": ""medium"", ""tradition"": ""incil"", ""kind"": ""motif"", ""ref"": ""SBLGNT:Gal.6.10"", ""basis"": ""good done while opportunity lasts"", ""note"": ""The commentary's shrinking remainder gives urgency to generosity; Paul says while there is opportunity the community should do good to everyone, especially its own household."", ""turn"": 1, ""model"": ""sol"", ""connection_id"": ""BC-bbbb764902a3bf4295a2""}]"
SBLGNT:Gal.6.9	medium	incil	motif	Harvest comes in due time to those who do not give up | good yield in due season	The commentary links the final patience-word to waiting through lean years for stored grain to yield; Paul urges continued good work because harvest comes at the proper time if one does not grow weary. | The commentary's press and stored seed reward patient good work only after waiting; Paul says not to tire of doing good because a harvest comes in due season if one does not give up.	103:1	"[{""line"": 108, ""strength"": ""medium"", ""tradition"": ""incil"", ""kind"": ""motif"", ""ref"": ""SBLGNT:Gal.6.9"", ""basis"": ""Harvest comes in due time to those who do not give up"", ""note"": ""The commentary links the final patience-word to waiting through lean years for stored grain to yield; Paul urges continued good work because harvest comes at the proper time if one does not grow weary."", ""turn"": 2, ""model"": ""luna"", ""connection_id"": ""BC-576b95ca19adbb4feaf4""}, {""line"": 122, ""strength"": ""medium"", ""tradition"": ""incil"", ""kind"": ""motif"", ""ref"": ""SBLGNT:Gal.6.9"", ""basis"": ""good yield in due season"", ""note"": ""The commentary's press and stored seed reward patient good work only after waiting; Paul says not to tire of doing good because a harvest comes in due season if one does not give up."", ""turn"": 1, ""model"": ""sol"", ""connection_id"": ""BC-fe4bb594846398bdfdc9""}]"
SBLGNT:Heb.10.25	strong	incil	motif	encourage as the Day nears	The commentary joins reciprocal counsel to approaching closure of time; Hebrews urges meeting and encouraging one another all the more as the Day draws near.	103:1	"[{""line"": 65, ""strength"": ""strong"", ""tradition"": ""incil"", ""kind"": ""motif"", ""ref"": ""SBLGNT:Heb.10.25"", ""basis"": ""encourage as the Day nears"", ""note"": ""The commentary joins reciprocal counsel to approaching closure of time; Hebrews urges meeting and encouraging one another all the more as the Day draws near."", ""turn"": 1, ""model"": ""sol"", ""connection_id"": ""BC-858c23dfcd18a7d197ba""}]"
SBLGNT:Heb.11.38	strong	incil	motif	faithful people in caves	The commentary's believers leave their people and find refuge in a cave; Hebrews recalls faithful sufferers wandering deserts, mountains, caves, and holes of earth because of persecution.	103:1	"[{""line"": 174, ""strength"": ""strong"", ""tradition"": ""incil"", ""kind"": ""motif"", ""ref"": ""SBLGNT:Heb.11.38"", ""basis"": ""faithful people in caves"", ""note"": ""The commentary's believers leave their people and find refuge in a cave; Hebrews recalls faithful sufferers wandering deserts, mountains, caves, and holes of earth because of persecution."", ""turn"": 2, ""model"": ""sol"", ""connection_id"": ""BC-fa9bfb46bd0008f16a94""}]"
SBLGNT:Heb.3.11	strong	incil	yorum_gelenegi	Hebrews repeats the oath of exclusion	The commentary frames the oath as the threshold to a verdict of loss; Hebrews quotes Psalm 95's oath that the wilderness generation will not enter God's rest, reading the oath as a warning about salvation and missed time.	103:1	"[{""line"": 26, ""strength"": ""strong"", ""tradition"": ""incil"", ""kind"": ""yorum_gelenegi"", ""ref"": ""SBLGNT:Heb.3.11"", ""basis"": ""Hebrews repeats the oath of exclusion"", ""note"": ""The commentary frames the oath as the threshold to a verdict of loss; Hebrews quotes Psalm 95's oath that the wilderness generation will not enter God's rest, reading the oath as a warning about salvation and missed time."", ""turn"": 1, ""model"": ""luna"", ""connection_id"": ""BC-5e45c8aaeaaaab12a527""}]"
SBLGNT:Heb.3.13	strong	incil	motif	mutual counsel while it is Today	The commentary's final surah verse makes the spared group counsel one another in a limited span; Hebrews commands daily mutual exhortation as long as it is called Today, before hearts harden.	103:1	"[{""line"": 64, ""strength"": ""strong"", ""tradition"": ""incil"", ""kind"": ""motif"", ""ref"": ""SBLGNT:Heb.3.13"", ""basis"": ""mutual counsel while it is Today"", ""note"": ""The commentary's final surah verse makes the spared group counsel one another in a limited span; Hebrews commands daily mutual exhortation as long as it is called Today, before hearts harden."", ""turn"": 1, ""model"": ""sol"", ""connection_id"": ""BC-5b03b178965470aef629""}]"
SBLGNT:Heb.3.18	strong	incil	yorum_gelenegi	The oath is directed at the disobedient	The commentary places an oath before a verdict of loss; Hebrews continues its reading of Psalm 95 by identifying those excluded from rest as the disobedient, specifying why the sworn exclusion occurs.	103:1	"[{""line"": 89, ""strength"": ""strong"", ""tradition"": ""incil"", ""kind"": ""yorum_gelenegi"", ""ref"": ""SBLGNT:Heb.3.18"", ""basis"": ""The oath is directed at the disobedient"", ""note"": ""The commentary places an oath before a verdict of loss; Hebrews continues its reading of Psalm 95 by identifying those excluded from rest as the disobedient, specifying why the sworn exclusion occurs."", ""turn"": 2, ""model"": ""luna"", ""connection_id"": ""BC-e4b28d495447427b88b9""}]"
SBLGNT:Heb.3.19	strong	incil	yorum_gelenegi	Unbelief prevents entry	The commentary moves from a general human loss to an exception for believers; Hebrews says the wilderness generation could not enter because of unbelief, giving the faith contrast a precise interpretive role.	103:1	"[{""line"": 90, ""strength"": ""strong"", ""tradition"": ""incil"", ""kind"": ""yorum_gelenegi"", ""ref"": ""SBLGNT:Heb.3.19"", ""basis"": ""Unbelief prevents entry"", ""note"": ""The commentary moves from a general human loss to an exception for believers; Hebrews says the wilderness generation could not enter because of unbelief, giving the faith contrast a precise interpretive role."", ""turn"": 2, ""model"": ""luna"", ""connection_id"": ""BC-e2a94c4ebbe3b9509516""}]"
SBLGNT:Heb.4.3	strong	incil	yorum_gelenegi	Believers enter the promised rest	The commentary moves from loss to an exception for believers; Hebrews interprets the wilderness oath by saying that those who believe enter the rest, giving faith the role of escape from the exclusion.	103:1	"[{""line"": 27, ""strength"": ""strong"", ""tradition"": ""incil"", ""kind"": ""yorum_gelenegi"", ""ref"": ""SBLGNT:Heb.4.3"", ""basis"": ""Believers enter the promised rest"", ""note"": ""The commentary moves from loss to an exception for believers; Hebrews interprets the wilderness oath by saying that those who believe enter the rest, giving faith the role of escape from the exclusion."", ""turn"": 1, ""model"": ""luna"", ""connection_id"": ""BC-1572d254092a9941336c""}]"
SBLGNT:Heb.4.7	medium	incil	yorum_gelenegi	The present day is still called Today	The commentary treats a named time as a threshold before action becomes too late; Hebrews says God again appoints a day called Today and warns against hardening the heart, reading the old oath as a present opportunity.	103:1	"[{""line"": 91, ""strength"": ""medium"", ""tradition"": ""incil"", ""kind"": ""yorum_gelenegi"", ""ref"": ""SBLGNT:Heb.4.7"", ""basis"": ""The present day is still called Today"", ""note"": ""The commentary treats a named time as a threshold before action becomes too late; Hebrews says God again appoints a day called Today and warns against hardening the heart, reading the old oath as a present opportunity."", ""turn"": 2, ""model"": ""luna"", ""connection_id"": ""BC-4f9715550fef15de9987""}]"
SBLGNT:Heb.6.18	medium	incil	motif	Fleeing for refuge and holding fast to hope	The commentary joins seeking shelter with clinging tightly to a person or place; Hebrews describes people who have fled for refuge to seize the hope set before them, bringing refuge and grasping together.	103:1	"[{""line"": 95, ""strength"": ""medium"", ""tradition"": ""incil"", ""kind"": ""motif"", ""ref"": ""SBLGNT:Heb.6.18"", ""basis"": ""Fleeing for refuge and holding fast to hope"", ""note"": ""The commentary joins seeking shelter with clinging tightly to a person or place; Hebrews describes people who have fled for refuge to seize the hope set before them, bringing refuge and grasping together."", ""turn"": 2, ""model"": ""luna"", ""connection_id"": ""BC-55b0a8a6bc5033b46dea""}]"
SBLGNT:Heb.6.7	strong	incil	motif	rain makes land useful and blessed	The commentary's pressed cloud starts a chain from water to benefit; Hebrews says land that drinks repeated rain and produces a useful crop receives blessing, then uses that field to describe the hearers' response.	103:1	"[{""line"": 167, ""strength"": ""strong"", ""tradition"": ""incil"", ""kind"": ""motif"", ""ref"": ""SBLGNT:Heb.6.7"", ""basis"": ""rain makes land useful and blessed"", ""note"": ""The commentary's pressed cloud starts a chain from water to benefit; Hebrews says land that drinks repeated rain and produces a useful crop receives blessing, then uses that field to describe the hearers' response."", ""turn"": 2, ""model"": ""sol"", ""connection_id"": ""BC-a99152c01f3b31628320""}]"
SBLGNT:Heb.6.8	strong	incil	motif	fruitless land burned	The commentary's destroyed garden is the loss side of a moral agricultural image; Hebrews contrasts land bearing thorns, near a curse and ending in fire, with the rain-fed useful crop just described.	103:1	"[{""line"": 168, ""strength"": ""strong"", ""tradition"": ""incil"", ""kind"": ""motif"", ""ref"": ""SBLGNT:Heb.6.8"", ""basis"": ""fruitless land burned"", ""note"": ""The commentary's destroyed garden is the loss side of a moral agricultural image; Hebrews contrasts land bearing thorns, near a curse and ending in fire, with the rain-fed useful crop just described."", ""turn"": 2, ""model"": ""sol"", ""connection_id"": ""BC-8ecf01ab87171e8fa53f""}]"
SBLGNT:Jas.1.3	medium	incil	motif	Testing produces endurance	The commentary describes time's pressure as extracting an essence and connects the surah's final patience to a bitter extract; James says tested faith produces endurance, a specific ethical parallel between trial and patient strength.	103:1	"[{""line"": 53, ""strength"": ""medium"", ""tradition"": ""incil"", ""kind"": ""motif"", ""ref"": ""SBLGNT:Jas.1.3"", ""basis"": ""Testing produces endurance"", ""note"": ""The commentary describes time's pressure as extracting an essence and connects the surah's final patience to a bitter extract; James says tested faith produces endurance, a specific ethical parallel between trial and patient strength."", ""turn"": 1, ""model"": ""luna"", ""connection_id"": ""BC-553db222d1be9698fd05""}]"
SBLGNT:Jas.4.13	strong	incil	motif	trade planned across a year	The commentary calls time a capital in which business and gain can occur; James quotes merchants planning to spend a year in a city and make a profit, before challenging their control of that span.	103:1	"[{""line"": 40, ""strength"": ""strong"", ""tradition"": ""incil"", ""kind"": ""motif"", ""ref"": ""SBLGNT:Jas.4.13"", ""basis"": ""trade planned across a year"", ""note"": ""The commentary calls time a capital in which business and gain can occur; James quotes merchants planning to spend a year in a city and make a profit, before challenging their control of that span."", ""raw_ref"": ""SBLGNT:James.4.13"", ""reference_resolution"": ""edition-book-names-v2"", ""turn"": 1, ""model"": ""sol"", ""connection_id"": ""BC-cb2d64b35bebb2d1e1f2""}]"
SBLGNT:Jas.4.14	strong	incil	motif	Life as a mist that appears briefly | tomorrow unknown; life a vapor	The commentary lets asr range from a long era to a fleeting instant; James calls human life a mist that appears briefly and vanishes, a precise but less developed image of life's short span. | The commentary's long life collapses to a moment at the end; James says traders do not know tomorrow and their life appears briefly like vapor before vanishing.	103:1	"[{""line"": 60, ""strength"": ""medium"", ""tradition"": ""incil"", ""kind"": ""motif"", ""ref"": ""SBLGNT:Jas.4.14"", ""basis"": ""Life as a mist that appears briefly"", ""note"": ""The commentary lets asr range from a long era to a fleeting instant; James calls human life a mist that appears briefly and vanishes, a precise but less developed image of life's short span."", ""turn"": 1, ""model"": ""luna"", ""connection_id"": ""BC-62158a6e4efae873a26f""}, {""line"": 41, ""strength"": ""strong"", ""tradition"": ""incil"", ""kind"": ""motif"", ""ref"": ""SBLGNT:Jas.4.14"", ""basis"": ""tomorrow unknown; life a vapor"", ""note"": ""The commentary's long life collapses to a moment at the end; James says traders do not know tomorrow and their life appears briefly like vapor before vanishing."", ""raw_ref"": ""SBLGNT:James.4.14"", ""reference_resolution"": ""edition-book-names-v2"", ""turn"": 1, ""model"": ""sol"", ""connection_id"": ""BC-10715db0007202f5fc62""}]"
SBLGNT:Jas.5.2	medium	incil	motif	Stored wealth decays	The commentary's pressed yield can leave only a dry remainder, and its garden owners lose what they tried to retain; James says riches have rotted and garments are moth-eaten, showing stored wealth failing to preserve its owner.	103:1	"[{""line"": 117, ""strength"": ""medium"", ""tradition"": ""incil"", ""kind"": ""motif"", ""ref"": ""SBLGNT:Jas.5.2"", ""basis"": ""Stored wealth decays"", ""note"": ""The commentary's pressed yield can leave only a dry remainder, and its garden owners lose what they tried to retain; James says riches have rotted and garments are moth-eaten, showing stored wealth failing to preserve its owner."", ""turn"": 2, ""model"": ""luna"", ""connection_id"": ""BC-566cf0eab1a1cce9506b""}]"
SBLGNT:Jas.5.3	medium	incil	motif	Corroded treasure testifies in the last days	The commentary joins accumulation and the closing time of a life; James says hoarded gold and silver corrode and become evidence against their owners in the last days, making stored wealth a witness to judgment.	103:1	"[{""line"": 118, ""strength"": ""medium"", ""tradition"": ""incil"", ""kind"": ""motif"", ""ref"": ""SBLGNT:Jas.5.3"", ""basis"": ""Corroded treasure testifies in the last days"", ""note"": ""The commentary joins accumulation and the closing time of a life; James says hoarded gold and silver corrode and become evidence against their owners in the last days, making stored wealth a witness to judgment."", ""turn"": 2, ""model"": ""luna"", ""connection_id"": ""BC-3835a163b852063595b7""}]"
SBLGNT:Jas.5.4	strong	incil	motif	Withheld wages cry out to God | withheld harvest wages cry out	The commentary describes a father withholding a child's property and garden owners denying the poor their produce; James says wages kept back from workers cry out, giving retention a concrete social and judicial consequence. | The commentary pairs retained produce with refusal to give what is owed; James says wages withheld from workers who harvested fields cry out, making the tight hand a charge against the landowner.	103:1	"[{""line"": 119, ""strength"": ""medium"", ""tradition"": ""incil"", ""kind"": ""motif"", ""ref"": ""SBLGNT:Jas.5.4"", ""basis"": ""Withheld wages cry out to God"", ""note"": ""The commentary describes a father withholding a child's property and garden owners denying the poor their produce; James says wages kept back from workers cry out, giving retention a concrete social and judicial consequence."", ""turn"": 2, ""model"": ""luna"", ""connection_id"": ""BC-eb250aa8631c05f298ba""}, {""line"": 39, ""strength"": ""strong"", ""tradition"": ""incil"", ""kind"": ""motif"", ""ref"": ""SBLGNT:Jas.5.4"", ""basis"": ""withheld harvest wages cry out"", ""note"": ""The commentary pairs retained produce with refusal to give what is owed; James says wages withheld from workers who harvested fields cry out, making the tight hand a charge against the landowner."", ""raw_ref"": ""SBLGNT:James.5.4"", ""reference_resolution"": ""edition-book-names-v2"", ""turn"": 1, ""model"": ""sol"", ""connection_id"": ""BC-93599e2184eeae0daf03""}]"
SBLGNT:Jas.5.5	medium	incil	motif	Luxury before the day of slaughter	The commentary's aging garden owner loses the yield on which his future depends; James depicts the rich living in pleasure and fattening their hearts for a day of slaughter, joining abundance to an approaching end.	103:1	"[{""line"": 120, ""strength"": ""medium"", ""tradition"": ""incil"", ""kind"": ""motif"", ""ref"": ""SBLGNT:Jas.5.5"", ""basis"": ""Luxury before the day of slaughter"", ""note"": ""The commentary's aging garden owner loses the yield on which his future depends; James depicts the rich living in pleasure and fattening their hearts for a day of slaughter, joining abundance to an approaching end."", ""turn"": 2, ""model"": ""luna"", ""connection_id"": ""BC-835e8dcbce1e6482b6a6""}]"
SBLGNT:Jas.5.7	strong	incil	motif	farmer waits for early and late rain	The commentary's crop survives a long interval before the year of pressing; James tells readers to be patient like a farmer waiting for precious fruit and early and late rains, tying endurance to delayed yield.	103:1	"[{""line"": 166, ""strength"": ""strong"", ""tradition"": ""incil"", ""kind"": ""motif"", ""ref"": ""SBLGNT:Jas.5.7"", ""basis"": ""farmer waits for early and late rain"", ""note"": ""The commentary's crop survives a long interval before the year of pressing; James tells readers to be patient like a farmer waiting for precious fruit and early and late rains, tying endurance to delayed yield."", ""raw_ref"": ""SBLGNT:James.5.7"", ""reference_resolution"": ""edition-book-names-v2"", ""turn"": 2, ""model"": ""sol"", ""connection_id"": ""BC-8ca415d22792f3f6442b""}]"
SBLGNT:John.11.9	medium	incil	motif	twelve hours of daylight	The commentary's late-day work depends on a finite span of light; Jesus asks whether there are twelve hours in the day and says walking in daylight keeps one from stumbling, elaborating the same time-to-act image as his later saying.	103:1	"[{""line"": 192, ""strength"": ""medium"", ""tradition"": ""incil"", ""kind"": ""motif"", ""ref"": ""SBLGNT:John.11.9"", ""basis"": ""twelve hours of daylight"", ""note"": ""The commentary's late-day work depends on a finite span of light; Jesus asks whether there are twelve hours in the day and says walking in daylight keeps one from stumbling, elaborating the same time-to-act image as his later saying."", ""turn"": 2, ""model"": ""sol"", ""connection_id"": ""BC-9b59cc7b98ac954196b8""}]"
SBLGNT:John.12.24	medium	incil	motif	A grain dies and bears much fruit	The commentary describes grain protected in its husk through scarcity and later used for food; Jesus says a grain of wheat must fall into the earth and die to bear much fruit, making fruitful release rather than protected storage the condition of abundance.	103:1	"[{""line"": 107, ""strength"": ""medium"", ""tradition"": ""incil"", ""kind"": ""motif"", ""ref"": ""SBLGNT:John.12.24"", ""basis"": ""A grain dies and bears much fruit"", ""note"": ""The commentary describes grain protected in its husk through scarcity and later used for food; Jesus says a grain of wheat must fall into the earth and die to bear much fruit, making fruitful release rather than protected storage the condition of abundance."", ""turn"": 2, ""model"": ""luna"", ""connection_id"": ""BC-ce06207444b8e891c5d0""}]"
SBLGNT:John.12.3	strong	incil	motif	fragrance fills a space after anointing	The commentary's perfumed passer leaves an expanding scent; Mary anoints Jesus' feet and the house fills with perfume, making the diffusion of fragrance a visible effect of a person's act.	103:1	"[{""line"": 60, ""strength"": ""strong"", ""tradition"": ""incil"", ""kind"": ""motif"", ""ref"": ""SBLGNT:John.12.3"", ""basis"": ""fragrance fills a space after anointing"", ""note"": ""The commentary's perfumed passer leaves an expanding scent; Mary anoints Jesus' feet and the house fills with perfume, making the diffusion of fragrance a visible effect of a person's act."", ""turn"": 1, ""model"": ""sol"", ""connection_id"": ""BC-cc718c7644291de73a08""}]"
SBLGNT:John.15.2	strong	incil	motif	fruitless branch removed; fruitful pruned	The commentary makes constriction either draw out good fruit or leave a dry loss; Jesus says the vinedresser removes branches without fruit and prunes fruiting ones for more yield, distinguishing two outcomes of cutting.	103:1	"[{""line"": 164, ""strength"": ""strong"", ""tradition"": ""incil"", ""kind"": ""motif"", ""ref"": ""SBLGNT:John.15.2"", ""basis"": ""fruitless branch removed; fruitful pruned"", ""note"": ""The commentary makes constriction either draw out good fruit or leave a dry loss; Jesus says the vinedresser removes branches without fruit and prunes fruiting ones for more yield, distinguishing two outcomes of cutting."", ""turn"": 2, ""model"": ""sol"", ""connection_id"": ""BC-09aed49fd96157a4b57b""}]"
SBLGNT:John.15.6	medium	incil	motif	unfruitful branch dried and burned	The commentary's dry remainder and burned garden represent loss after failed yield; Jesus says a branch not remaining in him withers, is gathered, and is burned.	103:1	"[{""line"": 107, ""strength"": ""medium"", ""tradition"": ""incil"", ""kind"": ""motif"", ""ref"": ""SBLGNT:John.15.6"", ""basis"": ""unfruitful branch dried and burned"", ""note"": ""The commentary's dry remainder and burned garden represent loss after failed yield; Jesus says a branch not remaining in him withers, is gathered, and is burned."", ""turn"": 1, ""model"": ""sol"", ""connection_id"": ""BC-0f3cf361647e378744ea""}]"
SBLGNT:John.15.8	medium	incil	motif	fruit as visible discipleship	The commentary places righteous deeds where time might produce an essence; Jesus says bearing much fruit glorifies the Father and identifies disciples, translating orchard yield into conduct.	103:1	"[{""line"": 108, ""strength"": ""medium"", ""tradition"": ""incil"", ""kind"": ""motif"", ""ref"": ""SBLGNT:John.15.8"", ""basis"": ""fruit as visible discipleship"", ""note"": ""The commentary places righteous deeds where time might produce an essence; Jesus says bearing much fruit glorifies the Father and identifies disciples, translating orchard yield into conduct."", ""turn"": 1, ""model"": ""sol"", ""connection_id"": ""BC-f79ea223e4a6410729c2""}]"
SBLGNT:John.9.4	strong	incil	motif	Work while it is day | work before night	The commentary hears afternoon as the closing part of the day, when undone work has little time left; Jesus says to do the work while it is day because night comes when no one can work, making the shrinking window explicit. | The commentary joins shrinking daylight to unfinished righteous action; Jesus says work must be done while it is day because night comes when no one can work.	103:1	"[{""line"": 19, ""strength"": ""strong"", ""tradition"": ""incil"", ""kind"": ""motif"", ""ref"": ""SBLGNT:John.9.4"", ""basis"": ""Work while it is day"", ""note"": ""The commentary hears afternoon as the closing part of the day, when undone work has little time left; Jesus says to do the work while it is day because night comes when no one can work, making the shrinking window explicit."", ""turn"": 1, ""model"": ""luna"", ""connection_id"": ""BC-e704cb50bfbd80e80501""}, {""line"": 31, ""strength"": ""strong"", ""tradition"": ""incil"", ""kind"": ""motif"", ""ref"": ""SBLGNT:John.9.4"", ""basis"": ""work before night"", ""note"": ""The commentary joins shrinking daylight to unfinished righteous action; Jesus says work must be done while it is day because night comes when no one can work."", ""turn"": 1, ""model"": ""sol"", ""connection_id"": ""BC-9371cf6f1bf457996369""}]"
SBLGNT:Luke.12.18	strong	incil	motif	larger barns for accumulated crop	The commentary asks whether sheltered produce is kept for wise survival or hoarded; the rich man decides to tear down barns and build bigger ones for his grain and goods.	103:1	"[{""line"": 36, ""strength"": ""strong"", ""tradition"": ""incil"", ""kind"": ""motif"", ""ref"": ""SBLGNT:Luke.12.18"", ""basis"": ""larger barns for accumulated crop"", ""note"": ""The commentary asks whether sheltered produce is kept for wise survival or hoarded; the rich man decides to tear down barns and build bigger ones for his grain and goods."", ""turn"": 1, ""model"": ""sol"", ""connection_id"": ""BC-1c42b90a399f0dea5743""}]"
SBLGNT:Luke.12.19	medium	incil	motif	A rich man counts on many years of stored goods	The commentary's garden owner has a final crop and an aging life; Luke's rich farmer stores abundant produce and assumes many years ahead, making stored yield a wager on future time.	103:1	"[{""line"": 46, ""strength"": ""medium"", ""tradition"": ""incil"", ""kind"": ""motif"", ""ref"": ""SBLGNT:Luke.12.19"", ""basis"": ""A rich man counts on many years of stored goods"", ""note"": ""The commentary's garden owner has a final crop and an aging life; Luke's rich farmer stores abundant produce and assumes many years ahead, making stored yield a wager on future time."", ""turn"": 1, ""model"": ""luna"", ""connection_id"": ""BC-8fedfe9964957218baea""}]"
SBLGNT:Luke.12.20	strong	incil	motif	The future ends that night | stored harvest and life ending tonight	The commentary's old orchard owner loses the one harvest on which he depends; God tells Luke's farmer his life is required that very night, making the end of time arrive before expected use of stored goods. | The commentary's old garden owner can lose accumulated yield when time closes; God tells the man with stores for many years that his life is required tonight and asks who will possess his prepared goods.	103:1	"[{""line"": 47, ""strength"": ""medium"", ""tradition"": ""incil"", ""kind"": ""motif"", ""ref"": ""SBLGNT:Luke.12.20"", ""basis"": ""The future ends that night"", ""note"": ""The commentary's old orchard owner loses the one harvest on which he depends; God tells Luke's farmer his life is required that very night, making the end of time arrive before expected use of stored goods."", ""turn"": 1, ""model"": ""luna"", ""connection_id"": ""BC-f94f3fa710ac9425895a""}, {""line"": 35, ""strength"": ""strong"", ""tradition"": ""incil"", ""kind"": ""motif"", ""ref"": ""SBLGNT:Luke.12.20"", ""basis"": ""stored harvest and life ending tonight"", ""note"": ""The commentary's old garden owner can lose accumulated yield when time closes; God tells the man with stores for many years that his life is required tonight and asks who will possess his prepared goods."", ""turn"": 1, ""model"": ""sol"", ""connection_id"": ""BC-06777f72f2be6e570c48""}]"
SBLGNT:Luke.12.21	strong	incil	motif	Rich toward God rather than oneself | storage without generosity	The commentary contrasts generous outflow with stored yield kept from others; Jesus concludes that the farmer who stores goods for himself is not rich toward God, giving the accumulation scene its ethical verdict. | The commentary contrasts productive giving with merely retaining a harvest; Jesus closes the barn parable by naming treasure amassed for oneself without being rich toward God.	103:1	"[{""line"": 115, ""strength"": ""medium"", ""tradition"": ""incil"", ""kind"": ""motif"", ""ref"": ""SBLGNT:Luke.12.21"", ""basis"": ""Rich toward God rather than oneself"", ""note"": ""The commentary contrasts generous outflow with stored yield kept from others; Jesus concludes that the farmer who stores goods for himself is not rich toward God, giving the accumulation scene its ethical verdict."", ""turn"": 2, ""model"": ""luna"", ""connection_id"": ""BC-7e0aeb7c0a2ac4b0bb2c""}, {""line"": 37, ""strength"": ""strong"", ""tradition"": ""incil"", ""kind"": ""motif"", ""ref"": ""SBLGNT:Luke.12.21"", ""basis"": ""storage without generosity"", ""note"": ""The commentary contrasts productive giving with merely retaining a harvest; Jesus closes the barn parable by naming treasure amassed for oneself without being rich toward God."", ""turn"": 1, ""model"": ""sol"", ""connection_id"": ""BC-a0d7a5eee31d9d6afa1c""}]"
SBLGNT:Luke.13.25	medium	incil	motif	master shuts door to late arrivals	The commentary's time-bound refuge suggests a threshold that can close; Jesus describes a householder shutting the door while people stand outside and ask to be admitted too late.	103:1	"[{""line"": 191, ""strength"": ""medium"", ""tradition"": ""incil"", ""kind"": ""motif"", ""ref"": ""SBLGNT:Luke.13.25"", ""basis"": ""master shuts door to late arrivals"", ""note"": ""The commentary's time-bound refuge suggests a threshold that can close; Jesus describes a householder shutting the door while people stand outside and ask to be admitted too late."", ""turn"": 2, ""model"": ""sol"", ""connection_id"": ""BC-5b9090f41d497554366f""}]"
SBLGNT:Luke.13.7	strong	incil	motif	three years seeking fruit	The commentary reads a barren or lost garden against the time left to work; the vineyard owner has sought fruit from his fig tree for three years and orders it cut down, measuring unproductive time before loss.	103:1	"[{""line"": 159, ""strength"": ""strong"", ""tradition"": ""incil"", ""kind"": ""motif"", ""ref"": ""SBLGNT:Luke.13.7"", ""basis"": ""three years seeking fruit"", ""note"": ""The commentary reads a barren or lost garden against the time left to work; the vineyard owner has sought fruit from his fig tree for three years and orders it cut down, measuring unproductive time before loss."", ""turn"": 2, ""model"": ""sol"", ""connection_id"": ""BC-55e0f5ee0c045ed0842c""}]"
SBLGNT:Luke.13.8	strong	incil	motif	The gardener asks for one more year | one more year of care	The commentary's old garden owner loses his final yield when there is no time or strength to plant again; Jesus' gardener asks for another year to dig and fertilize the barren tree, making time an opportunity for restoration. | The commentary's late afternoon may still allow a final productive interval; the gardener asks to leave the fig tree one more year while he digs and manures around it, making delay a chance for fruit.	103:1	"[{""line"": 114, ""strength"": ""medium"", ""tradition"": ""incil"", ""kind"": ""motif"", ""ref"": ""SBLGNT:Luke.13.8"", ""basis"": ""The gardener asks for one more year"", ""note"": ""The commentary's old garden owner loses his final yield when there is no time or strength to plant again; Jesus' gardener asks for another year to dig and fertilize the barren tree, making time an opportunity for restoration."", ""turn"": 2, ""model"": ""luna"", ""connection_id"": ""BC-c9f1823946e6d1bcead0""}, {""line"": 160, ""strength"": ""strong"", ""tradition"": ""incil"", ""kind"": ""motif"", ""ref"": ""SBLGNT:Luke.13.8"", ""basis"": ""one more year of care"", ""note"": ""The commentary's late afternoon may still allow a final productive interval; the gardener asks to leave the fig tree one more year while he digs and manures around it, making delay a chance for fruit."", ""turn"": 2, ""model"": ""sol"", ""connection_id"": ""BC-aea625d4916f050c7b66""}]"
SBLGNT:Luke.13.9	strong	incil	motif	fruit or eventual cutting	The commentary's pressure yields either benefit or dry loss; the gardener says future fruit will spare the tree, otherwise it can be cut down, completing the time-limited exception.	103:1	"[{""line"": 161, ""strength"": ""strong"", ""tradition"": ""incil"", ""kind"": ""motif"", ""ref"": ""SBLGNT:Luke.13.9"", ""basis"": ""fruit or eventual cutting"", ""note"": ""The commentary's pressure yields either benefit or dry loss; the gardener says future fruit will spare the tree, otherwise it can be cut down, completing the time-limited exception."", ""turn"": 2, ""model"": ""sol"", ""connection_id"": ""BC-85e994f27dc16123c634""}]"
SBLGNT:Luke.16.24	strong	incil	motif	A thirsty tongue with no available sip	The commentary's dried tongue and failed rescue-sip image meets the rich man after death asking for a drop of water to cool his tongue; Luke makes relief unavailable after the decisive time has passed.	103:1	"[{""line"": 21, ""strength"": ""strong"", ""tradition"": ""incil"", ""kind"": ""motif"", ""ref"": ""SBLGNT:Luke.16.24"", ""basis"": ""A thirsty tongue with no available sip"", ""note"": ""The commentary's dried tongue and failed rescue-sip image meets the rich man after death asking for a drop of water to cool his tongue; Luke makes relief unavailable after the decisive time has passed."", ""turn"": 1, ""model"": ""luna"", ""connection_id"": ""BC-edda0dc4115b5d5f4b6e""}]"
SBLGNT:Luke.16.25	strong	incil	motif	Fortunes reversed after death	The commentary's withheld garden yield ends in deprivation; Abraham tells the rich man that he received good things in life while Lazarus received bad, but their conditions are now reversed, making the lost opportunity irreversible.	103:1	"[{""line"": 22, ""strength"": ""strong"", ""tradition"": ""incil"", ""kind"": ""motif"", ""ref"": ""SBLGNT:Luke.16.25"", ""basis"": ""Fortunes reversed after death"", ""note"": ""The commentary's withheld garden yield ends in deprivation; Abraham tells the rich man that he received good things in life while Lazarus received bad, but their conditions are now reversed, making the lost opportunity irreversible."", ""turn"": 1, ""model"": ""luna"", ""connection_id"": ""BC-579ba9f004392874acd7""}]"
SBLGNT:Luke.16.26	medium	incil	motif	A fixed chasm makes relief impossible	The commentary's thirsty speaker has no remaining rescue sip; Abraham says a great chasm is fixed between the two places and no one can cross, explaining why the rich man's requested relief cannot arrive.	103:1	"[{""line"": 116, ""strength"": ""medium"", ""tradition"": ""incil"", ""kind"": ""motif"", ""ref"": ""SBLGNT:Luke.16.26"", ""basis"": ""A fixed chasm makes relief impossible"", ""note"": ""The commentary's thirsty speaker has no remaining rescue sip; Abraham says a great chasm is fixed between the two places and no one can cross, explaining why the rich man's requested relief cannot arrive."", ""turn"": 2, ""model"": ""luna"", ""connection_id"": ""BC-d50afcfe6c14883dceb5""}]"
SBLGNT:Luke.16.9	strong	incil	motif	spend wealth to gain lasting welcome	The commentary asks whether today's capital yields generosity and shelter later; Jesus says to make friends through worldly wealth so that when it fails they may welcome the giver into enduring dwellings.	103:1	"[{""line"": 179, ""strength"": ""strong"", ""tradition"": ""incil"", ""kind"": ""motif"", ""ref"": ""SBLGNT:Luke.16.9"", ""basis"": ""spend wealth to gain lasting welcome"", ""note"": ""The commentary asks whether today's capital yields generosity and shelter later; Jesus says to make friends through worldly wealth so that when it fails they may welcome the giver into enduring dwellings."", ""turn"": 2, ""model"": ""sol"", ""connection_id"": ""BC-f3e02c91f4c29842349d""}]"
SBLGNT:Luke.19.13	medium	incil	motif	trade until the master's return	The commentary's allotted span is time for productive action; the nobleman entrusts money to servants and tells them to do business until he comes back.	103:1	"[{""line"": 120, ""strength"": ""medium"", ""tradition"": ""incil"", ""kind"": ""motif"", ""ref"": ""SBLGNT:Luke.19.13"", ""basis"": ""trade until the master's return"", ""note"": ""The commentary's allotted span is time for productive action; the nobleman entrusts money to servants and tells them to do business until he comes back."", ""turn"": 1, ""model"": ""sol"", ""connection_id"": ""BC-87343708fa6f286b0de2""}]"
SBLGNT:Luke.6.38	strong	incil	motif	Pressed measure overflowing as a gift | pressed measure overflows when given	The commentary makes pressing yield an image of generosity when the extract flows out; Jesus describes a measure pressed down, shaken together, and overflowing into another's lap, a striking image of abundance given away. | The commentary's compression may make a gift flow; Jesus commands giving and promises a measure pressed down, shaken together, and running over into the giver's lap, explicitly joining pressure and generosity.	103:1	"[{""line"": 20, ""strength"": ""strong"", ""tradition"": ""incil"", ""kind"": ""motif"", ""ref"": ""SBLGNT:Luke.6.38"", ""basis"": ""Pressed measure overflowing as a gift"", ""note"": ""The commentary makes pressing yield an image of generosity when the extract flows out; Jesus describes a measure pressed down, shaken together, and overflowing into another's lap, a striking image of abundance given away."", ""turn"": 1, ""model"": ""luna"", ""connection_id"": ""BC-7ca2dcf6342eeb69f0a1""}, {""line"": 38, ""strength"": ""strong"", ""tradition"": ""incil"", ""kind"": ""motif"", ""ref"": ""SBLGNT:Luke.6.38"", ""basis"": ""pressed measure overflows when given"", ""note"": ""The commentary's compression may make a gift flow; Jesus commands giving and promises a measure pressed down, shaken together, and running over into the giver's lap, explicitly joining pressure and generosity."", ""turn"": 1, ""model"": ""sol"", ""connection_id"": ""BC-3b7020331075a2a8d5db""}]"
SBLGNT:Mark.11.20	strong	incil	motif	fig tree withered by morning	The commentary's garden is ruined while its keepers sleep and appears lost at daybreak; the disciples see Jesus' fig tree withered to its roots as they pass it in the morning.	103:1	"[{""line"": 165, ""strength"": ""strong"", ""tradition"": ""incil"", ""kind"": ""motif"", ""ref"": ""SBLGNT:Mark.11.20"", ""basis"": ""fig tree withered by morning"", ""note"": ""The commentary's garden is ruined while its keepers sleep and appears lost at daybreak; the disciples see Jesus' fig tree withered to its roots as they pass it in the morning."", ""turn"": 2, ""model"": ""sol"", ""connection_id"": ""BC-ddb6b5609b7f474b90e9""}]"
SBLGNT:Mark.13.35	medium	incil	motif	Evening, midnight, cockcrow, and morning	The commentary lets one unqualified time-name span an afternoon, an era, or a fleeting interval; Jesus lists the night watches and warns that the master may come at any one of them, making readiness depend on an unknown hour.	103:1	"[{""line"": 99, ""strength"": ""medium"", ""tradition"": ""incil"", ""kind"": ""motif"", ""ref"": ""SBLGNT:Mark.13.35"", ""basis"": ""Evening, midnight, cockcrow, and morning"", ""note"": ""The commentary lets one unqualified time-name span an afternoon, an era, or a fleeting interval; Jesus lists the night watches and warns that the master may come at any one of them, making readiness depend on an unknown hour."", ""turn"": 2, ""model"": ""luna"", ""connection_id"": ""BC-5297e7a0c34f6ac9add0""}]"
SBLGNT:Mark.14.9	medium	incil	motif	anointing deed remembered later	The commentary pairs a spreading scent with a good trace after someone passes; Jesus says the woman's anointing act will be told in her memory wherever the gospel is preached, extending the perfume scene into lasting remembrance.	103:1	"[{""line"": 104, ""strength"": ""medium"", ""tradition"": ""incil"", ""kind"": ""motif"", ""ref"": ""SBLGNT:Mark.14.9"", ""basis"": ""anointing deed remembered later"", ""note"": ""The commentary pairs a spreading scent with a good trace after someone passes; Jesus says the woman's anointing act will be told in her memory wherever the gospel is preached, extending the perfume scene into lasting remembrance."", ""turn"": 1, ""model"": ""sol"", ""connection_id"": ""BC-7112d42c08af25c7025e""}]"
SBLGNT:Matt.20.12	strong	incil	motif	one late hour versus full day	The commentary lets an hour and an age occupy the same moral horizon; early laborers protest that the late arrivals worked one hour yet received the same payment as those bearing the day's heat.	103:1	"[{""line"": 34, ""strength"": ""strong"", ""tradition"": ""incil"", ""kind"": ""motif"", ""ref"": ""SBLGNT:Matt.20.12"", ""basis"": ""one late hour versus full day"", ""note"": ""The commentary lets an hour and an age occupy the same moral horizon; early laborers protest that the late arrivals worked one hour yet received the same payment as those bearing the day's heat."", ""turn"": 1, ""model"": ""sol"", ""connection_id"": ""BC-089ae93ca8ad23795f19""}]"
SBLGNT:Matt.20.6	strong	incil	motif	eleventh hour workers	The commentary treats afternoon as late opportunity with wages still in view; the vineyard owner finds laborers standing idle at the eleventh hour and asks why they have worked none of the day.	103:1	"[{""line"": 32, ""strength"": ""strong"", ""tradition"": ""incil"", ""kind"": ""motif"", ""ref"": ""SBLGNT:Matt.20.6"", ""basis"": ""eleventh hour workers"", ""note"": ""The commentary treats afternoon as late opportunity with wages still in view; the vineyard owner finds laborers standing idle at the eleventh hour and asks why they have worked none of the day."", ""turn"": 1, ""model"": ""sol"", ""connection_id"": ""BC-526aa89d404cec5dad0f""}]"
SBLGNT:Matt.20.8	strong	incil	motif	evening wage settlement	The commentary places the day's wage at the closing edge of time; at evening the vineyard owner orders the steward to call workers and pay them, beginning with the last.	103:1	"[{""line"": 33, ""strength"": ""strong"", ""tradition"": ""incil"", ""kind"": ""motif"", ""ref"": ""SBLGNT:Matt.20.8"", ""basis"": ""evening wage settlement"", ""note"": ""The commentary places the day's wage at the closing edge of time; at evening the vineyard owner orders the steward to call workers and pay them, beginning with the last."", ""turn"": 1, ""model"": ""sol"", ""connection_id"": ""BC-e7ae2041e57763a7088a""}]"
SBLGNT:Matt.20.9	strong	incil	karsi_anlati	Full wage for the eleventh-hour workers	The commentary's closing hour warns that little time remains to finish work; Jesus' parable pays those hired at the eleventh hour a full denarius, countering the assumption that a late start must mean a diminished share.	103:1	"[{""line"": 23, ""strength"": ""strong"", ""tradition"": ""incil"", ""kind"": ""karsi_anlati"", ""ref"": ""SBLGNT:Matt.20.9"", ""basis"": ""Full wage for the eleventh-hour workers"", ""note"": ""The commentary's closing hour warns that little time remains to finish work; Jesus' parable pays those hired at the eleventh hour a full denarius, countering the assumption that a late start must mean a diminished share."", ""turn"": 1, ""model"": ""luna"", ""connection_id"": ""BC-8cca1077a83dfb24b158""}]"
SBLGNT:Matt.21.34	strong	incil	motif	vineyard fruit withheld from owner	The commentary's garden owners plan to keep all produce; in Jesus' vineyard parable the owner sends servants to receive his fruit when harvest time arrives, setting up a precise conflict over what must be handed over.	103:1	"[{""line"": 162, ""strength"": ""strong"", ""tradition"": ""incil"", ""kind"": ""motif"", ""ref"": ""SBLGNT:Matt.21.34"", ""basis"": ""vineyard fruit withheld from owner"", ""note"": ""The commentary's garden owners plan to keep all produce; in Jesus' vineyard parable the owner sends servants to receive his fruit when harvest time arrives, setting up a precise conflict over what must be handed over."", ""turn"": 2, ""model"": ""sol"", ""connection_id"": ""BC-faa4f1e69dc5e9165d7f""}]"
SBLGNT:Matt.21.41	strong	incil	motif	fruit demanded from new tenants	The commentary's withheld crop brings the holders' loss; the hearers say the owner will destroy the violent tenants and lease the vineyard to others who will deliver fruit in season.	103:1	"[{""line"": 163, ""strength"": ""strong"", ""tradition"": ""incil"", ""kind"": ""motif"", ""ref"": ""SBLGNT:Matt.21.41"", ""basis"": ""fruit demanded from new tenants"", ""note"": ""The commentary's withheld crop brings the holders' loss; the hearers say the owner will destroy the violent tenants and lease the vineyard to others who will deliver fruit in season."", ""turn"": 2, ""model"": ""sol"", ""connection_id"": ""BC-039a50d770bd40d21d5f""}]"
SBLGNT:Matt.25.10	strong	incil	motif	The door closes before the late arrivals | late arrivals find door shut	The commentary warns that work left undone near day's end may run out of time; Matthew's late bridesmaids arrive after the door is shut, making delay a lost opportunity. | The commentary's shelter can preserve those inside through a span while others lose entry; prepared bridesmaids enter the wedding and the door is shut when the bridegroom comes.	103:1	"[{""line"": 55, ""strength"": ""medium"", ""tradition"": ""incil"", ""kind"": ""motif"", ""ref"": ""SBLGNT:Matt.25.10"", ""basis"": ""The door closes before the late arrivals"", ""note"": ""The commentary warns that work left undone near day's end may run out of time; Matthew's late bridesmaids arrive after the door is shut, making delay a lost opportunity."", ""turn"": 1, ""model"": ""luna"", ""connection_id"": ""BC-c5e49ae5f3c7e1a6e947""}, {""line"": 170, ""strength"": ""strong"", ""tradition"": ""incil"", ""kind"": ""motif"", ""ref"": ""SBLGNT:Matt.25.10"", ""basis"": ""late arrivals find door shut"", ""note"": ""The commentary's shelter can preserve those inside through a span while others lose entry; prepared bridesmaids enter the wedding and the door is shut when the bridegroom comes."", ""turn"": 2, ""model"": ""sol"", ""connection_id"": ""BC-5ac2eedbfbbe92e1cf31""}]"
SBLGNT:Matt.25.13	strong	incil	motif	unknown day and hour require watchfulness	The commentary's unnamed asr leaves its exact temporal extent open while the coming judgment matters; Jesus concludes the bridesmaids' scene by telling hearers to watch because they do not know the day or hour.	103:1	"[{""line"": 171, ""strength"": ""strong"", ""tradition"": ""incil"", ""kind"": ""motif"", ""ref"": ""SBLGNT:Matt.25.13"", ""basis"": ""unknown day and hour require watchfulness"", ""note"": ""The commentary's unnamed asr leaves its exact temporal extent open while the coming judgment matters; Jesus concludes the bridesmaids' scene by telling hearers to watch because they do not know the day or hour."", ""turn"": 2, ""model"": ""sol"", ""connection_id"": ""BC-3722f009c42ac706f48a""}]"
SBLGNT:Matt.25.27	medium	incil	motif	capital expected to produce gain	The commentary hears time as capital that may produce a return; the master says the servant could at least have deposited entrusted money with bankers to collect it with interest.	103:1	"[{""line"": 118, ""strength"": ""medium"", ""tradition"": ""incil"", ""kind"": ""motif"", ""ref"": ""SBLGNT:Matt.25.27"", ""basis"": ""capital expected to produce gain"", ""note"": ""The commentary hears time as capital that may produce a return; the master says the servant could at least have deposited entrusted money with bankers to collect it with interest."", ""turn"": 1, ""model"": ""sol"", ""connection_id"": ""BC-285250976c50330a0fc1""}]"
SBLGNT:Matt.25.29	medium	incil	motif	unused holding taken away	The commentary's closed hand may end with nothing retained; the talents parable says what the one with nothing has will be taken, following the buried and unproductive entrusted sum.	103:1	"[{""line"": 119, ""strength"": ""medium"", ""tradition"": ""incil"", ""kind"": ""motif"", ""ref"": ""SBLGNT:Matt.25.29"", ""basis"": ""unused holding taken away"", ""note"": ""The commentary's closed hand may end with nothing retained; the talents parable says what the one with nothing has will be taken, following the buried and unproductive entrusted sum."", ""turn"": 1, ""model"": ""sol"", ""connection_id"": ""BC-65c6a921de59a92f20d1""}]"
SBLGNT:Matt.25.5	strong	incil	motif	The delayed bridegroom and sleeping waiters | delayed arrival and sleepers	The commentary includes late arrival and a sleep that may last only a moment; Matthew's bridegroom is delayed and the waiting women all grow sleepy and sleep, placing delay and sleep inside a story about readiness. | The commentary's late-coming hour can turn protected waiting into missed opportunity; in the bridesmaids' parable the bridegroom is delayed and all fall asleep, setting up the later closed door.	103:1	"[{""line"": 54, ""strength"": ""medium"", ""tradition"": ""incil"", ""kind"": ""motif"", ""ref"": ""SBLGNT:Matt.25.5"", ""basis"": ""The delayed bridegroom and sleeping waiters"", ""note"": ""The commentary includes late arrival and a sleep that may last only a moment; Matthew's bridegroom is delayed and the waiting women all grow sleepy and sleep, placing delay and sleep inside a story about readiness."", ""turn"": 1, ""model"": ""luna"", ""connection_id"": ""BC-b09b3c6696740911c993""}, {""line"": 169, ""strength"": ""strong"", ""tradition"": ""incil"", ""kind"": ""motif"", ""ref"": ""SBLGNT:Matt.25.5"", ""basis"": ""delayed arrival and sleepers"", ""note"": ""The commentary's late-coming hour can turn protected waiting into missed opportunity; in the bridesmaids' parable the bridegroom is delayed and all fall asleep, setting up the later closed door."", ""turn"": 2, ""model"": ""sol"", ""connection_id"": ""BC-b0084cf1af9a5b60efd4""}]"
SBLGNT:Matt.6.19	strong	incil	motif	earthly stores exposed to loss	The commentary's accumulated yield can disappear at the wrong hour; Jesus warns against storing treasure on earth, where moth, corrosion, and thieves destroy or take it.	103:1	"[{""line"": 177, ""strength"": ""strong"", ""tradition"": ""incil"", ""kind"": ""motif"", ""ref"": ""SBLGNT:Matt.6.19"", ""basis"": ""earthly stores exposed to loss"", ""note"": ""The commentary's accumulated yield can disappear at the wrong hour; Jesus warns against storing treasure on earth, where moth, corrosion, and thieves destroy or take it."", ""turn"": 2, ""model"": ""sol"", ""connection_id"": ""BC-e43f2ee093e7ec1ba218""}]"
SBLGNT:Matt.6.20	strong	incil	motif	protected alternative store	The commentary's guarded grain and refuge suggest a store that endures; Jesus tells hearers to store treasure in heaven where the stated destroyers and thieves cannot reach it.	103:1	"[{""line"": 178, ""strength"": ""strong"", ""tradition"": ""incil"", ""kind"": ""motif"", ""ref"": ""SBLGNT:Matt.6.20"", ""basis"": ""protected alternative store"", ""note"": ""The commentary's guarded grain and refuge suggest a store that endures; Jesus tells hearers to store treasure in heaven where the stated destroyers and thieves cannot reach it."", ""turn"": 2, ""model"": ""sol"", ""connection_id"": ""BC-c2ce8593c680cbf15b61""}]"
SBLGNT:Phil.4.18	medium	incil	motif	A material gift is a fragrant offering	The commentary makes pressed yield an image of generosity and perfume a good trace left behind; Paul calls the Philippians' delivered gift a fragrant offering, joining concrete giving with lingering fragrance.	103:1	"[{""line"": 110, ""strength"": ""medium"", ""tradition"": ""incil"", ""kind"": ""motif"", ""ref"": ""SBLGNT:Phil.4.18"", ""basis"": ""A material gift is a fragrant offering"", ""note"": ""The commentary makes pressed yield an image of generosity and perfume a good trace left behind; Paul calls the Philippians' delivered gift a fragrant offering, joining concrete giving with lingering fragrance."", ""turn"": 2, ""model"": ""luna"", ""connection_id"": ""BC-ceeda3811eeae424543d""}]"
SBLGNT:Rev.10.6	strong	incil	motif	An oath that there will be no more delay | oath about remaining time	The commentary hears both a broad age and a late, shortened interval in asr; Revelation's angel swears that there will be no more delay before the mystery is completed, joining oath, waiting, and time's end. | The commentary opens with a temporal object of oath before announcing loss; Revelation's angel swears by the eternal creator that there will be no further delay, making time and impending judgment the oath's matter.	103:1	"[{""line"": 88, ""strength"": ""strong"", ""tradition"": ""incil"", ""kind"": ""motif"", ""ref"": ""SBLGNT:Rev.10.6"", ""basis"": ""An oath that there will be no more delay"", ""note"": ""The commentary hears both a broad age and a late, shortened interval in asr; Revelation's angel swears that there will be no more delay before the mystery is completed, joining oath, waiting, and time's end."", ""turn"": 2, ""model"": ""luna"", ""connection_id"": ""BC-373ddaff3577cecc92b1""}, {""line"": 43, ""strength"": ""strong"", ""tradition"": ""incil"", ""kind"": ""motif"", ""ref"": ""SBLGNT:Rev.10.6"", ""basis"": ""oath about remaining time"", ""note"": ""The commentary opens with a temporal object of oath before announcing loss; Revelation's angel swears by the eternal creator that there will be no further delay, making time and impending judgment the oath's matter."", ""turn"": 1, ""model"": ""sol"", ""connection_id"": ""BC-987579fc5d55fd386833""}]"
SBLGNT:Rev.14.19	medium	incil	motif	The earth's vintage cast into God's winepress	The commentary's grape pressing may stand for a good yield; Revelation gathers the earth's vintage and casts it into the winepress of divine wrath, giving the harvest image an apocalyptic judgment sense.	103:1	"[{""line"": 44, ""strength"": ""medium"", ""tradition"": ""incil"", ""kind"": ""motif"", ""ref"": ""SBLGNT:Rev.14.19"", ""basis"": ""The earth's vintage cast into God's winepress"", ""note"": ""The commentary's grape pressing may stand for a good yield; Revelation gathers the earth's vintage and casts it into the winepress of divine wrath, giving the harvest image an apocalyptic judgment sense."", ""turn"": 1, ""model"": ""luna"", ""connection_id"": ""BC-d1c24a8119a9440fb618""}]"
SBLGNT:Rev.14.20	medium	incil	motif	Blood flows from the winepress | winepress of judgment overflows	The commentary describes pressing as separating liquid from dry pulp; Revelation says blood flows from the trampled winepress, turning that flow into a measure of catastrophic judgment. | The commentary's pressure yields liquid while approaching an end; Revelation's winepress is trodden outside the city and blood flows from it, a severe alternative to beneficial juice.	103:1	"[{""line"": 45, ""strength"": ""medium"", ""tradition"": ""incil"", ""kind"": ""motif"", ""ref"": ""SBLGNT:Rev.14.20"", ""basis"": ""Blood flows from the winepress"", ""note"": ""The commentary describes pressing as separating liquid from dry pulp; Revelation says blood flows from the trampled winepress, turning that flow into a measure of catastrophic judgment."", ""turn"": 1, ""model"": ""luna"", ""connection_id"": ""BC-48715a93a719549cb4c0""}, {""line"": 91, ""strength"": ""medium"", ""tradition"": ""incil"", ""kind"": ""motif"", ""ref"": ""SBLGNT:Rev.14.20"", ""basis"": ""winepress of judgment overflows"", ""note"": ""The commentary's pressure yields liquid while approaching an end; Revelation's winepress is trodden outside the city and blood flows from it, a severe alternative to beneficial juice."", ""turn"": 1, ""model"": ""sol"", ""connection_id"": ""BC-277790adee8c90e94d1b""}]"
SBLGNT:Rev.14.7	strong	incil	motif	hour of judgment has arrived	The commentary's oath gives force to a later verdict about human loss; the angel proclaims that the hour of God's judgment has come and calls people to fear and worship him.	103:1	"[{""line"": 181, ""strength"": ""strong"", ""tradition"": ""incil"", ""kind"": ""motif"", ""ref"": ""SBLGNT:Rev.14.7"", ""basis"": ""hour of judgment has arrived"", ""note"": ""The commentary's oath gives force to a later verdict about human loss; the angel proclaims that the hour of God's judgment has come and calls people to fear and worship him."", ""turn"": 2, ""model"": ""sol"", ""connection_id"": ""BC-df552fe301d34b2f07b4""}]"
SBLGNT:Rev.18.17	strong	incil	motif	wealth destroyed in one hour	The commentary's accumulated garden can be lost suddenly at life's late hour; Revelation's merchants and sailors see a wealthy city's riches laid waste in one hour.	103:1	"[{""line"": 42, ""strength"": ""strong"", ""tradition"": ""incil"", ""kind"": ""motif"", ""ref"": ""SBLGNT:Rev.18.17"", ""basis"": ""wealth destroyed in one hour"", ""note"": ""The commentary's accumulated garden can be lost suddenly at life's late hour; Revelation's merchants and sailors see a wealthy city's riches laid waste in one hour."", ""turn"": 1, ""model"": ""sol"", ""connection_id"": ""BC-17164631b90faf87326a""}]"
SBLGNT:Rev.6.15	strong	incil	karsi_anlati	caves entered during judgment	The commentary's cave shelters believers from hostility across centuries; Revelation shows rulers and others hiding in caves and rocks when judgment arrives, making a cave a place of fear rather than assured rescue.	103:1	"[{""line"": 172, ""strength"": ""strong"", ""tradition"": ""incil"", ""kind"": ""karsi_anlati"", ""ref"": ""SBLGNT:Rev.6.15"", ""basis"": ""caves entered during judgment"", ""note"": ""The commentary's cave shelters believers from hostility across centuries; Revelation shows rulers and others hiding in caves and rocks when judgment arrives, making a cave a place of fear rather than assured rescue."", ""turn"": 2, ""model"": ""sol"", ""connection_id"": ""BC-53ac4a1c618f68d92a2c""}]"
SBLGNT:Rev.6.16	strong	incil	karsi_anlati	cave dwellers ask rocks to hide them	The commentary's protected sleepers can leave their cave in mercy; Revelation's terrified people instead ask mountains and rocks to conceal them from the enthroned one, so earthly enclosure cannot promise safety.	103:1	"[{""line"": 173, ""strength"": ""strong"", ""tradition"": ""incil"", ""kind"": ""karsi_anlati"", ""ref"": ""SBLGNT:Rev.6.16"", ""basis"": ""cave dwellers ask rocks to hide them"", ""note"": ""The commentary's protected sleepers can leave their cave in mercy; Revelation's terrified people instead ask mountains and rocks to conceal them from the enthroned one, so earthly enclosure cannot promise safety."", ""turn"": 2, ""model"": ""sol"", ""connection_id"": ""BC-42bb9c54ebbe61fd45d5""}]"
Tertullian, On Prayer 25	medium	incil	motif	Third, sixth, and ninth-hour prayer	The commentary names a fixed afternoon prayer within the day; Tertullian recognizes third, sixth, and ninth hours as customary times for prayer, showing a Christian daily rhythm that includes the closing daylight hours.	103:1	"[{""line"": 37, ""strength"": ""medium"", ""tradition"": ""incil"", ""kind"": ""motif"", ""ref"": ""Tertullian, On Prayer 25"", ""basis"": ""Third, sixth, and ninth-hour prayer"", ""note"": ""The commentary names a fixed afternoon prayer within the day; Tertullian recognizes third, sixth, and ninth hours as customary times for prayer, showing a Christian daily rhythm that includes the closing daylight hours."", ""turn"": 1, ""model"": ""luna"", ""connection_id"": ""BC-629ccc1e7bc72de6b5ed""}]"
1 Maccabees 2:31	strong	tevrat	motif	persecuted people seek wilderness hiding places	The commentary's youths withdraw from hostile worship to a hidden refuge; royal officers learn that Jewish families who rejected the king's command have fled to wilderness hiding places, giving flight and shelter a similar social cause.	103:1	"[{""line"": 153, ""strength"": ""strong"", ""tradition"": ""tevrat"", ""kind"": ""motif"", ""ref"": ""1 Maccabees 2:31"", ""basis"": ""persecuted people seek wilderness hiding places"", ""note"": ""The commentary's youths withdraw from hostile worship to a hidden refuge; royal officers learn that Jewish families who rejected the king's command have fled to wilderness hiding places, giving flight and shelter a similar social cause."", ""turn"": 2, ""model"": ""sol"", ""connection_id"": ""BC-214087fd8e9b60b60426""}]"
1 Maccabees 2:38	strong	tevrat	karsi_anlati	refuge fails during Sabbath attack	The commentary's hidden refuge protects faithful youths across a long interval; the fugitives in 1 Maccabees die with their families when attacked on the Sabbath, a pointed reversal of safety after flight.	103:1	"[{""line"": 154, ""strength"": ""strong"", ""tradition"": ""tevrat"", ""kind"": ""karsi_anlati"", ""ref"": ""1 Maccabees 2:38"", ""basis"": ""refuge fails during Sabbath attack"", ""note"": ""The commentary's hidden refuge protects faithful youths across a long interval; the fugitives in 1 Maccabees die with their families when attacked on the Sabbath, a pointed reversal of safety after flight."", ""turn"": 2, ""model"": ""sol"", ""connection_id"": ""BC-ac08027b26362759478c""}]"
Babylonian Talmud, Berakhot 26b	medium	tevrat	yorum_gelenegi	Isaac's evening meditation read as afternoon prayer	The commentary leaves open whether asr is the afternoon hour or a wider span of time; the Talmud derives the afternoon prayer from Isaac going out to meditate toward evening, giving that hour a Jewish interpretive tradition.	103:1	"[{""line"": 34, ""strength"": ""medium"", ""tradition"": ""tevrat"", ""kind"": ""yorum_gelenegi"", ""ref"": ""Babylonian Talmud, Berakhot 26b"", ""basis"": ""Isaac's evening meditation read as afternoon prayer"", ""note"": ""The commentary leaves open whether asr is the afternoon hour or a wider span of time; the Talmud derives the afternoon prayer from Isaac going out to meditate toward evening, giving that hour a Jewish interpretive tradition."", ""turn"": 1, ""model"": ""luna"", ""connection_id"": ""BC-2de12dcb0295705e16cc""}]"
Babylonian Talmud, Ta'anit 23a	strong	tevrat	motif	Honi sleeps through seventy years	The commentary links refuge in a cave with sleep that seems brief to the sleepers but spans centuries; Honi sleeps within a rocky shelter for seventy years and wakes into a changed generation, a Jewish time-dislocation parallel.	103:1	"[{""line"": 24, ""strength"": ""strong"", ""tradition"": ""tevrat"", ""kind"": ""motif"", ""ref"": ""Babylonian Talmud, Ta'anit 23a"", ""basis"": ""Honi sleeps through seventy years"", ""note"": ""The commentary links refuge in a cave with sleep that seems brief to the sleepers but spans centuries; Honi sleeps within a rocky shelter for seventy years and wakes into a changed generation, a Jewish time-dislocation parallel."", ""turn"": 1, ""model"": ""luna"", ""connection_id"": ""BC-d1696f9fedb96c72dc87""}]"
Berakhot 26b	strong	tevrat	yorum_gelenegi	Isaac's evening meditation as afternoon prayer	The commentary names salat al-asr beside the late part of the day; the rabbinic discussion reads Isaac's field meditation in Genesis 24:63 as instituting the afternoon prayer, sharpening the prayer-time comparison.	103:1	"[{""line"": 46, ""strength"": ""strong"", ""tradition"": ""tevrat"", ""kind"": ""yorum_gelenegi"", ""ref"": ""Berakhot 26b"", ""basis"": ""Isaac's evening meditation as afternoon prayer"", ""note"": ""The commentary names salat al-asr beside the late part of the day; the rabbinic discussion reads Isaac's field meditation in Genesis 24:63 as instituting the afternoon prayer, sharpening the prayer-time comparison."", ""turn"": 1, ""model"": ""sol"", ""connection_id"": ""BC-94027a11d7531232c178""}]"
Genesis Rabbah 89:1	medium	tevrat	yorum_gelenegi	Joseph's appointed end of darkness	The commentary treats the prison years as a bounded delay before rescue; this midrash applies Job's phrase about setting an end to darkness to Joseph's confinement, interpreting his release as arriving at its allotted time.	103:1	"[{""line"": 128, ""strength"": ""medium"", ""tradition"": ""tevrat"", ""kind"": ""yorum_gelenegi"", ""ref"": ""Genesis Rabbah 89:1"", ""basis"": ""Joseph's appointed end of darkness"", ""note"": ""The commentary treats the prison years as a bounded delay before rescue; this midrash applies Job's phrase about setting an end to darkness to Joseph's confinement, interpreting his release as arriving at its allotted time."", ""turn"": 1, ""model"": ""sol"", ""connection_id"": ""BC-e1e88186575d74e01e59""}]"
Genesis Rabbah 89:3	medium	tevrat	yorum_gelenegi	Midrash explains Joseph's extra prison years	The commentary treats the cupbearer's forgetting as a long delay; Genesis Rabbah reads Joseph's doubled plea to be remembered as the reason for two more years in prison, turning the delay into a lesson about reliance and trust.	103:1	"[{""line"": 28, ""strength"": ""medium"", ""tradition"": ""tevrat"", ""kind"": ""yorum_gelenegi"", ""ref"": ""Genesis Rabbah 89:3"", ""basis"": ""Midrash explains Joseph's extra prison years"", ""note"": ""The commentary treats the cupbearer's forgetting as a long delay; Genesis Rabbah reads Joseph's doubled plea to be remembered as the reason for two more years in prison, turning the delay into a lesson about reliance and trust."", ""turn"": 1, ""model"": ""luna"", ""connection_id"": ""BC-0fd740ad11e0162f9646""}]"
Mishnah Avot 2:15	strong	tevrat	motif|yorum_gelenegi	The day is short, work is abundant, and the master presses | short day, much work, wage, pressing master	The commentary calls late afternoon the point when work is nearly done and time for unfinished tasks narrows; this saying makes the same pressure explicit through a short day, much work, and an urgent master. | The commentary hears asr as late working time with a day's pay; Rabbi Tarfon says the day is short, work abundant, workers sluggish, wage great, and master pressing, gathering its work and time images in a single teaching.	103:1	"[{""line"": 85, ""strength"": ""strong"", ""tradition"": ""tevrat"", ""kind"": ""motif"", ""ref"": ""Mishnah Avot 2:15"", ""basis"": ""The day is short, work is abundant, and the master presses"", ""note"": ""The commentary calls late afternoon the point when work is nearly done and time for unfinished tasks narrows; this saying makes the same pressure explicit through a short day, much work, and an urgent master."", ""turn"": 2, ""model"": ""luna"", ""connection_id"": ""BC-eb03098dc80742805361""}, {""line"": 125, ""strength"": ""medium"", ""tradition"": ""tevrat"", ""kind"": ""yorum_gelenegi"", ""ref"": ""Mishnah Avot 2:15"", ""basis"": ""short day, much work, wage, pressing master"", ""note"": ""The commentary hears asr as late working time with a day's pay; Rabbi Tarfon says the day is short, work abundant, workers sluggish, wage great, and master pressing, gathering its work and time images in a single teaching."", ""turn"": 1, ""model"": ""sol"", ""connection_id"": ""BC-c70d09aee24c85941786""}]"
Mishnah Avot 2:16	medium	tevrat	yorum_gelenegi	labor cannot simply be abandoned	The commentary makes the last available time a chance for good action; Rabbi Tarfon adds that one need not finish the work but is not free to desist, qualifying how urgency should be heard.	103:1	"[{""line"": 126, ""strength"": ""medium"", ""tradition"": ""tevrat"", ""kind"": ""yorum_gelenegi"", ""ref"": ""Mishnah Avot 2:16"", ""basis"": ""labor cannot simply be abandoned"", ""note"": ""The commentary makes the last available time a chance for good action; Rabbi Tarfon adds that one need not finish the work but is not free to desist, qualifying how urgency should be heard."", ""turn"": 1, ""model"": ""sol"", ""connection_id"": ""BC-2a41906704babe75da8b""}]"
Mishnah Avot 3:16	medium	tevrat	yorum_gelenegi	shop credit and open ledger	The commentary makes time and deeds resemble capital and transaction; Akiva's shop parable describes extended credit, an open ledger, daily collectors, and an eventual reckoning.	103:1	"[{""line"": 127, ""strength"": ""medium"", ""tradition"": ""tevrat"", ""kind"": ""yorum_gelenegi"", ""ref"": ""Mishnah Avot 3:16"", ""basis"": ""shop credit and open ledger"", ""note"": ""The commentary makes time and deeds resemble capital and transaction; Akiva's shop parable describes extended credit, an open ledger, daily collectors, and an eventual reckoning."", ""turn"": 1, ""model"": ""sol"", ""connection_id"": ""BC-321ff254c26b6ff04788""}]"
Mishnah Avot 4:16	medium	tevrat	yorum_gelenegi	this world as preparation room	The commentary's shrinking time remains a place to prepare for what follows; Avot compares this world to a vestibule before the world to come and tells the hearer to prepare there before entering the hall.	103:1	"[{""line"": 188, ""strength"": ""medium"", ""tradition"": ""tevrat"", ""kind"": ""yorum_gelenegi"", ""ref"": ""Mishnah Avot 4:16"", ""basis"": ""this world as preparation room"", ""note"": ""The commentary's shrinking time remains a place to prepare for what follows; Avot compares this world to a vestibule before the world to come and tells the hearer to prepare there before entering the hall."", ""turn"": 2, ""model"": ""sol"", ""connection_id"": ""BC-4d36d13ed6192c37b43e""}]"
Mishnah Avot 4:17	medium	tevrat	yorum_gelenegi	one hour of good deeds	The commentary holds a lifetime and a brief final interval together; Avot says one hour of repentance and good deeds in this world exceeds the whole life of the coming world in that respect, placing moral weight on a small unit of time.	103:1	"[{""line"": 189, ""strength"": ""medium"", ""tradition"": ""tevrat"", ""kind"": ""yorum_gelenegi"", ""ref"": ""Mishnah Avot 4:17"", ""basis"": ""one hour of good deeds"", ""note"": ""The commentary holds a lifetime and a brief final interval together; Avot says one hour of repentance and good deeds in this world exceeds the whole life of the coming world in that respect, placing moral weight on a small unit of time."", ""turn"": 2, ""model"": ""sol"", ""connection_id"": ""BC-54a5453ac7d081fd90b8""}]"
Mishnah Avot 5:10	medium	tevrat	yorum_gelenegi	ownership compared with sharing	The commentary's same grasp can make a giver or a miser; Avot's four property dispositions include treating one's own as another's and another's as another's for the generous case, versus taking both for oneself in the wicked case.	103:1	"[{""line"": 190, ""strength"": ""medium"", ""tradition"": ""tevrat"", ""kind"": ""yorum_gelenegi"", ""ref"": ""Mishnah Avot 5:10"", ""basis"": ""ownership compared with sharing"", ""note"": ""The commentary's same grasp can make a giver or a miser; Avot's four property dispositions include treating one's own as another's and another's as another's for the generous case, versus taking both for oneself in the wicked case."", ""turn"": 2, ""model"": ""sol"", ""connection_id"": ""BC-98e6f98ccc3b94f6a7e6""}]"
Mishnah Berakhot 4:1	medium	tevrat	motif	Prayer times bounded by afternoon and evening	The commentary notes that asr can name the afternoon prayer; the Mishnah sets the afternoon prayer's time until evening, placing a daily prayer within the same shrinking daylight boundary.	103:1	"[{""line"": 33, ""strength"": ""medium"", ""tradition"": ""tevrat"", ""kind"": ""motif"", ""ref"": ""Mishnah Berakhot 4:1"", ""basis"": ""Prayer times bounded by afternoon and evening"", ""note"": ""The commentary notes that asr can name the afternoon prayer; the Mishnah sets the afternoon prayer's time until evening, placing a daily prayer within the same shrinking daylight boundary."", ""turn"": 1, ""model"": ""luna"", ""connection_id"": ""BC-c5ef6c5b0d11fe5c8622""}]"
Sirach 4:31	strong	tevrat	motif	open to receive, shut to repay	The commentary's grasp can receive while refusing to release; Sirach warns against stretching the hand out to take and closing it when repayment is due, exactly distinguishing the two directions of a hand.	103:1	"[{""line"": 155, ""strength"": ""strong"", ""tradition"": ""tevrat"", ""kind"": ""motif"", ""ref"": ""Sirach 4:31"", ""basis"": ""open to receive, shut to repay"", ""note"": ""The commentary's grasp can receive while refusing to release; Sirach warns against stretching the hand out to take and closing it when repayment is due, exactly distinguishing the two directions of a hand."", ""turn"": 2, ""model"": ""sol"", ""connection_id"": ""BC-eee0a4707653ad79b6c7""}]"
Tobit 4:7	medium	tevrat	motif	property turned into alms	The commentary makes the difference between grasping and giving depend on what leaves the hand; Tobit instructs his son to give alms from his property and not turn his face away from the poor.	103:1	"[{""line"": 187, ""strength"": ""medium"", ""tradition"": ""tevrat"", ""kind"": ""motif"", ""ref"": ""Tobit 4:7"", ""basis"": ""property turned into alms"", ""note"": ""The commentary makes the difference between grasping and giving depend on what leaves the hand; Tobit instructs his son to give alms from his property and not turn his face away from the poor."", ""turn"": 2, ""model"": ""sol"", ""connection_id"": ""BC-6850296181334ae5962b""}]"
Tobit 4:9	strong	tevrat	motif	alms stored for a day of need	The commentary's productive gift and future shelter meet when Tobit says almsgiving stores a good treasure against a day of necessity, making generosity a reserve rather than depletion.	103:1	"[{""line"": 156, ""strength"": ""strong"", ""tradition"": ""tevrat"", ""kind"": ""motif"", ""ref"": ""Tobit 4:9"", ""basis"": ""alms stored for a day of need"", ""note"": ""The commentary's productive gift and future shelter meet when Tobit says almsgiving stores a good treasure against a day of necessity, making generosity a reserve rather than depletion."", ""turn"": 2, ""model"": ""sol"", ""connection_id"": ""BC-65968678c910f2c555f0""}]"
WLC:1Kgs.17.13	strong	tevrat	motif	last food given first	The commentary contrasts withholding with a pressured hand that gives; Elijah tells the widow with a final meal in view to first make him a small cake, making her scarce provision the test of release.	103:1	"[{""line"": 146, ""strength"": ""strong"", ""tradition"": ""tevrat"", ""kind"": ""motif"", ""ref"": ""WLC:1Kgs.17.13"", ""basis"": ""last food given first"", ""note"": ""The commentary contrasts withholding with a pressured hand that gives; Elijah tells the widow with a final meal in view to first make him a small cake, making her scarce provision the test of release."", ""turn"": 2, ""model"": ""sol"", ""connection_id"": ""BC-cab65274ffecccf53edd""}]"
WLC:1Kgs.17.16	strong	tevrat	motif	flour and oil survive the drought	The commentary's protected contents last through lean time after a gift; the widow's flour jar does not empty and her oil jug does not run dry, just as Elijah had promised.	103:1	"[{""line"": 147, ""strength"": ""strong"", ""tradition"": ""tevrat"", ""kind"": ""motif"", ""ref"": ""WLC:1Kgs.17.16"", ""basis"": ""flour and oil survive the drought"", ""note"": ""The commentary's protected contents last through lean time after a gift; the widow's flour jar does not empty and her oil jug does not run dry, just as Elijah had promised."", ""turn"": 2, ""model"": ""sol"", ""connection_id"": ""BC-fc0f610994d0fd70d1f1""}]"
WLC:1Kgs.18.44	medium	tevrat	motif	small cloud after drought	The commentary makes cloud pressure lead at last to rain after withholding; Elijah's servant sees a small cloud rise from the sea as the awaited sign of rain.	103:1	"[{""line"": 85, ""strength"": ""medium"", ""tradition"": ""tevrat"", ""kind"": ""motif"", ""ref"": ""WLC:1Kgs.18.44"", ""basis"": ""small cloud after drought"", ""note"": ""The commentary makes cloud pressure lead at last to rain after withholding; Elijah's servant sees a small cloud rise from the sea as the awaited sign of rain."", ""turn"": 1, ""model"": ""sol"", ""connection_id"": ""BC-3002db6adbbd82abbbac""}]"
WLC:1Kgs.18.45	medium	tevrat	motif	cloud wind and heavy rain	The commentary's cloud, wind, and downpour may make a life-giving sequence; in Elijah's story sky darkens with clouds and wind and a heavy rain follows the drought.	103:1	"[{""line"": 86, ""strength"": ""medium"", ""tradition"": ""tevrat"", ""kind"": ""motif"", ""ref"": ""WLC:1Kgs.18.45"", ""basis"": ""cloud wind and heavy rain"", ""note"": ""The commentary's cloud, wind, and downpour may make a life-giving sequence; in Elijah's story sky darkens with clouds and wind and a heavy rain follows the drought."", ""turn"": 1, ""model"": ""sol"", ""connection_id"": ""BC-18c3b35821be088f8d8a""}]"
WLC:1Kgs.19.9	medium	tevrat	motif	fugitive prophet shelters in a cave	The commentary's youths flee their community into a cave; Elijah reaches a cave and lodges there before hearing the LORD's question, a briefer prophetic refuge without a centuries-long sleep.	103:1	"[{""line"": 185, ""strength"": ""medium"", ""tradition"": ""tevrat"", ""kind"": ""motif"", ""ref"": ""WLC:1Kgs.19.9"", ""basis"": ""fugitive prophet shelters in a cave"", ""note"": ""The commentary's youths flee their community into a cave; Elijah reaches a cave and lodges there before hearing the LORD's question, a briefer prophetic refuge without a centuries-long sleep."", ""turn"": 2, ""model"": ""sol"", ""connection_id"": ""BC-3ec6eb2a5fb6756c9a6f""}]"
WLC:1Kgs.21.3	medium	tevrat	motif	ancestral plot retained	The commentary considers a father's claim over a child's property and land kept within kinship; Naboth refuses Ahab his vineyard because it is his fathers' inheritance, showing protective refusal rather than mere stinginess.	103:1	"[{""line"": 109, ""strength"": ""medium"", ""tradition"": ""tevrat"", ""kind"": ""motif"", ""ref"": ""WLC:1Kgs.21.3"", ""basis"": ""ancestral plot retained"", ""note"": ""The commentary considers a father's claim over a child's property and land kept within kinship; Naboth refuses Ahab his vineyard because it is his fathers' inheritance, showing protective refusal rather than mere stinginess."", ""turn"": 1, ""model"": ""sol"", ""connection_id"": ""BC-f9cf8f3011330549587b""}]"
WLC:1Kgs.8.35	strong	tevrat	motif|soydas	Prayer when heaven is shut and rain withheld | Arabic ع ص ر / Hebrew עצר; table sound correspondence, unverified | ع ص ر / עצר; table sound correspondence	The commentary connects prayer at a set time with clouds, rain, and crop yield; Solomon prays for the people when heaven is closed and there is no rain, linking drought, prayer, repentance, and renewed provision. | The package table marks Hebrew עצר as a possible sound correspondence to Arabic ع ص ر; Solomon's prayer describes heaven being shut so rain stops, a relevant restraint of the rain that the commentary links to yield, without proving cognacy. | The commentary hears rain in a pressed cloud; Solomon's prayer names heaven being shut up, using עצר, and a resulting lack of rain, clarifying how restraint can deny the expected flow.	103:1	"[{""line"": 92, ""strength"": ""strong"", ""tradition"": ""tevrat"", ""kind"": ""motif"", ""ref"": ""WLC:1Kgs.8.35"", ""basis"": ""Prayer when heaven is shut and rain withheld"", ""note"": ""The commentary connects prayer at a set time with clouds, rain, and crop yield; Solomon prays for the people when heaven is closed and there is no rain, linking drought, prayer, repentance, and renewed provision."", ""turn"": 2, ""model"": ""luna"", ""connection_id"": ""BC-d9696ac9e8e0a96c25ac""}, {""line"": 93, ""strength"": ""weak"", ""tradition"": ""tevrat"", ""kind"": ""soydas"", ""ref"": ""WLC:1Kgs.8.35"", ""basis"": ""Arabic ع ص ر / Hebrew עצר; table sound correspondence, unverified"", ""note"": ""The package table marks Hebrew עצר as a possible sound correspondence to Arabic ع ص ر; Solomon's prayer describes heaven being shut so rain stops, a relevant restraint of the rain that the commentary links to yield, without proving cognacy."", ""turn"": 2, ""model"": ""luna"", ""connection_id"": ""BC-0c2f4bf700f5b0093d10""}, {""line"": 15, ""strength"": ""strong"", ""tradition"": ""tevrat"", ""kind"": ""soydas"", ""ref"": ""WLC:1Kgs.8.35"", ""basis"": ""ع ص ر / עצר; table sound correspondence"", ""note"": ""The commentary hears rain in a pressed cloud; Solomon's prayer names heaven being shut up, using עצר, and a resulting lack of rain, clarifying how restraint can deny the expected flow."", ""turn"": 1, ""model"": ""sol"", ""connection_id"": ""BC-03746be2dfa7d8792a94""}]"
WLC:1Sam.21.8	medium	tevrat	soydas	ع ص ر / עצר; table sound correspondence	The commentary gives asr the sense of being kept for a period, as with Joseph in custody; Doeg is described as detained before the LORD at Nob, an actual Hebrew use of עצר for a person's enforced stay.	103:1	"[{""line"": 112, ""strength"": ""medium"", ""tradition"": ""tevrat"", ""kind"": ""soydas"", ""ref"": ""WLC:1Sam.21.8"", ""basis"": ""ع ص ر / עצר; table sound correspondence"", ""note"": ""The commentary gives asr the sense of being kept for a period, as with Joseph in custody; Doeg is described as detained before the LORD at Nob, an actual Hebrew use of עצר for a person's enforced stay."", ""turn"": 1, ""model"": ""sol"", ""connection_id"": ""BC-e36ffb358ee5bc771760""}]"
WLC:2Chr.7.13	medium	tevrat	soydas	ع ص ر / עצר; table sound correspondence	The commentary's cloud can be held so the land dries rather than receiving its yield; God says if he restrains the heavens so there is no rain, communal repentance is needed, using עצר for the adverse closure.	103:1	"[{""line"": 113, ""strength"": ""medium"", ""tradition"": ""tevrat"", ""kind"": ""soydas"", ""ref"": ""WLC:2Chr.7.13"", ""basis"": ""ع ص ر / עצר; table sound correspondence"", ""note"": ""The commentary's cloud can be held so the land dries rather than receiving its yield; God says if he restrains the heavens so there is no rain, communal repentance is needed, using עצר for the adverse closure."", ""turn"": 1, ""model"": ""sol"", ""connection_id"": ""BC-d2701221c9c8f90dd250""}]"
WLC:2Kgs.4.24	weak	tevrat	soydas	Arabic ع ص ر / Hebrew עצר; table sound correspondence, unverified	The commentary includes late or slow arrival and the sense of being held back; the Shunammite tells her servant not to slow her journey to Elisha, using Hebrew עצר. This is a precise semantic echo but the table does not verify cognacy.	103:1	"[{""line"": 63, ""strength"": ""weak"", ""tradition"": ""tevrat"", ""kind"": ""soydas"", ""ref"": ""WLC:2Kgs.4.24"", ""basis"": ""Arabic ع ص ر / Hebrew עצר; table sound correspondence, unverified"", ""note"": ""The commentary includes late or slow arrival and the sense of being held back; the Shunammite tells her servant not to slow her journey to Elisha, using Hebrew עצר. This is a precise semantic echo but the table does not verify cognacy."", ""turn"": 1, ""model"": ""luna"", ""connection_id"": ""BC-d173368e473ee6173371""}]"
WLC:2Kgs.4.4	strong	tevrat	motif	closed door and pouring oil	The commentary joins enclosure to a beneficial outflow rather than mere retention; Elisha tells the widow to close the door behind her and her sons and pour her small supply of oil into gathered vessels.	103:1	"[{""line"": 148, ""strength"": ""strong"", ""tradition"": ""tevrat"", ""kind"": ""motif"", ""ref"": ""WLC:2Kgs.4.4"", ""basis"": ""closed door and pouring oil"", ""note"": ""The commentary joins enclosure to a beneficial outflow rather than mere retention; Elisha tells the widow to close the door behind her and her sons and pour her small supply of oil into gathered vessels."", ""turn"": 2, ""model"": ""sol"", ""connection_id"": ""BC-064452e0c0fc78933ad5""}]"
WLC:2Kgs.4.7	strong	tevrat	motif	sell oil, pay debt, live on remainder	The commentary hears squeezing and stored yield as income that can rescue a household; Elisha tells the widow to sell the multiplied oil, discharge her debt, and live with her sons on what remains.	103:1	"[{""line"": 149, ""strength"": ""strong"", ""tradition"": ""tevrat"", ""kind"": ""motif"", ""ref"": ""WLC:2Kgs.4.7"", ""basis"": ""sell oil, pay debt, live on remainder"", ""note"": ""The commentary hears squeezing and stored yield as income that can rescue a household; Elisha tells the widow to sell the multiplied oil, discharge her debt, and live with her sons on what remains."", ""turn"": 2, ""model"": ""sol"", ""connection_id"": ""BC-70770219c8e3779797fb""}]"
WLC:Amos.4.7	strong	tevrat	motif	rain withheld near harvest	The commentary makes rain or its restraint determine whether stored effort yields food; God says he withheld rain three months before harvest and sent it on one city but not another, joining timed scarcity and uneven release.	103:1	"[{""line"": 142, ""strength"": ""strong"", ""tradition"": ""tevrat"", ""kind"": ""motif"", ""ref"": ""WLC:Amos.4.7"", ""basis"": ""rain withheld near harvest"", ""note"": ""The commentary makes rain or its restraint determine whether stored effort yields food; God says he withheld rain three months before harvest and sent it on one city but not another, joining timed scarcity and uneven release."", ""turn"": 2, ""model"": ""sol"", ""connection_id"": ""BC-44d588f2266b5da44504""}]"
WLC:Amos.8.4	strong	tevrat	motif	Those who trample the needy	The commentary's garden owners plan to keep the poor from their crop; Amos addresses people who trample the needy and bring the poor to an end, naming the injustice that the garden scene dramatizes.	103:1	"[{""line"": 76, ""strength"": ""strong"", ""tradition"": ""tevrat"", ""kind"": ""motif"", ""ref"": ""WLC:Amos.8.4"", ""basis"": ""Those who trample the needy"", ""note"": ""The commentary's garden owners plan to keep the poor from their crop; Amos addresses people who trample the needy and bring the poor to an end, naming the injustice that the garden scene dramatizes."", ""turn"": 2, ""model"": ""luna"", ""connection_id"": ""BC-d977a7331fa3b548d48d""}]"
WLC:Amos.8.5	strong	tevrat	motif	Merchants impatient for the sacred day to end	The commentary makes the day's closing edge a time when work and opportunity run short; Amos depicts grain sellers asking when the new moon and Sabbath will end so they can trade and falsify measures, turning sacred time into an obstacle to profit.	103:1	"[{""line"": 15, ""strength"": ""strong"", ""tradition"": ""tevrat"", ""kind"": ""motif"", ""ref"": ""WLC:Amos.8.5"", ""basis"": ""Merchants impatient for the sacred day to end"", ""note"": ""The commentary makes the day's closing edge a time when work and opportunity run short; Amos depicts grain sellers asking when the new moon and Sabbath will end so they can trade and falsify measures, turning sacred time into an obstacle to profit."", ""turn"": 1, ""model"": ""luna"", ""connection_id"": ""BC-278be3e59887a3abb201""}]"
WLC:Amos.8.6	strong	tevrat	motif	Poor people traded for silver while wheat is sold	The commentary contrasts hoarded produce with giving; Amos condemns buyers who acquire the poor for silver and sell even wheat refuse, making grain control an instrument of exploitation.	103:1	"[{""line"": 77, ""strength"": ""strong"", ""tradition"": ""tevrat"", ""kind"": ""motif"", ""ref"": ""WLC:Amos.8.6"", ""basis"": ""Poor people traded for silver while wheat is sold"", ""note"": ""The commentary contrasts hoarded produce with giving; Amos condemns buyers who acquire the poor for silver and sell even wheat refuse, making grain control an instrument of exploitation."", ""turn"": 2, ""model"": ""luna"", ""connection_id"": ""BC-3bbc157169333a0964ba""}]"
WLC:Amos.8.7	strong	tevrat	motif	An oath against those who exploit the poor | oath remembers unjust deeds	The commentary's garden owners swear to keep the poor from their harvest; Amos has the Lord swear not to forget merchants who trample the needy, joining oath, withheld food, and judgment. | The commentary's oath leads to a verdict about loss and good action; Amos has the LORD swear never to forget the merchants' deeds after their wish to cheat the poor, linking sworn speech to a moral reckoning.	103:1	"[{""line"": 16, ""strength"": ""strong"", ""tradition"": ""tevrat"", ""kind"": ""motif"", ""ref"": ""WLC:Amos.8.7"", ""basis"": ""An oath against those who exploit the poor"", ""note"": ""The commentary's garden owners swear to keep the poor from their harvest; Amos has the Lord swear not to forget merchants who trample the needy, joining oath, withheld food, and judgment."", ""turn"": 1, ""model"": ""luna"", ""connection_id"": ""BC-ad1e64b01278cfa911d9""}, {""line"": 73, ""strength"": ""medium"", ""tradition"": ""tevrat"", ""kind"": ""motif"", ""ref"": ""WLC:Amos.8.7"", ""basis"": ""oath remembers unjust deeds"", ""note"": ""The commentary's oath leads to a verdict about loss and good action; Amos has the LORD swear never to forget the merchants' deeds after their wish to cheat the poor, linking sworn speech to a moral reckoning."", ""turn"": 1, ""model"": ""sol"", ""connection_id"": ""BC-d091cdc8084a3b6bb3f7""}]"
WLC:Amos.8.9	medium	tevrat	motif	sun sets at noon	The commentary's closing daylight can compress unexpectedly; Amos announces that God will make the sun go down at noon, a reversal in which the day's end arrives before its expected hour.	103:1	"[{""line"": 72, ""strength"": ""medium"", ""tradition"": ""tevrat"", ""kind"": ""motif"", ""ref"": ""WLC:Amos.8.9"", ""basis"": ""sun sets at noon"", ""note"": ""The commentary's closing daylight can compress unexpectedly; Amos announces that God will make the sun go down at noon, a reversal in which the day's end arrives before its expected hour."", ""turn"": 1, ""model"": ""sol"", ""connection_id"": ""BC-24266ffc45359a244224""}]"
WLC:Amos.9.13	medium	tevrat	motif	grape treader overtakes sower	The commentary says pressing resumes after the years of shortage; Amos promises such abundance that grape treading overlaps with sowing, putting the renewed press on a compressed calendar.	103:1	"[{""line"": 92, ""strength"": ""medium"", ""tradition"": ""tevrat"", ""kind"": ""motif"", ""ref"": ""WLC:Amos.9.13"", ""basis"": ""grape treader overtakes sower"", ""note"": ""The commentary says pressing resumes after the years of shortage; Amos promises such abundance that grape treading overlaps with sowing, putting the renewed press on a compressed calendar."", ""turn"": 1, ""model"": ""sol"", ""connection_id"": ""BC-3e788e903f839ccbb524""}]"
WLC:Dan.12.12	medium	tevrat	motif	Blessed is the one who waits to the appointed days	The commentary includes delayed arrival, a fleeting moment, and patience through hard years; Daniel blesses the person who waits and reaches the stated number of days, linking endurance to a measured end.	103:1	"[{""line"": 87, ""strength"": ""medium"", ""tradition"": ""tevrat"", ""kind"": ""motif"", ""ref"": ""WLC:Dan.12.12"", ""basis"": ""Blessed is the one who waits to the appointed days"", ""note"": ""The commentary includes delayed arrival, a fleeting moment, and patience through hard years; Daniel blesses the person who waits and reaches the stated number of days, linking endurance to a measured end."", ""turn"": 2, ""model"": ""luna"", ""connection_id"": ""BC-7817bc7a46fdb02e3ebc""}]"
WLC:Dan.12.7	strong	tevrat	motif	An oath measures the time until oppression ends | oath and a measured end	The commentary opens with an oath on time and leaves the promised verdict just beyond the verse; Daniel's angel swears by the living God and gives a measured period whose end coincides with the breaking of the holy people's power. | The commentary places an oath at the threshold of an end whose timing matters; Daniel sees the linen-clad figure swear by the eternal one and give a measured period until the events are finished.	103:1	"[{""line"": 86, ""strength"": ""strong"", ""tradition"": ""tevrat"", ""kind"": ""motif"", ""ref"": ""WLC:Dan.12.7"", ""basis"": ""An oath measures the time until oppression ends"", ""note"": ""The commentary opens with an oath on time and leaves the promised verdict just beyond the verse; Daniel's angel swears by the living God and gives a measured period whose end coincides with the breaking of the holy people's power."", ""turn"": 2, ""model"": ""luna"", ""connection_id"": ""BC-25f799e3eaf7e8586b00""}, {""line"": 44, ""strength"": ""strong"", ""tradition"": ""tevrat"", ""kind"": ""motif"", ""ref"": ""WLC:Dan.12.7"", ""basis"": ""oath and a measured end"", ""note"": ""The commentary places an oath at the threshold of an end whose timing matters; Daniel sees the linen-clad figure swear by the eternal one and give a measured period until the events are finished."", ""turn"": 1, ""model"": ""sol"", ""connection_id"": ""BC-c86520951413b4395b67""}]"
WLC:Dan.6.10	medium	tevrat	motif	Daniel prays three times each day under threat	The commentary describes believers praying at the day's edges; Daniel continues praying three times daily toward Jerusalem despite a decree that endangers his life, showing fixed prayer times maintained under pressure.	103:1	"[{""line"": 96, ""strength"": ""medium"", ""tradition"": ""tevrat"", ""kind"": ""motif"", ""ref"": ""WLC:Dan.6.10"", ""basis"": ""Daniel prays three times each day under threat"", ""note"": ""The commentary describes believers praying at the day's edges; Daniel continues praying three times daily toward Jerusalem despite a decree that endangers his life, showing fixed prayer times maintained under pressure."", ""turn"": 2, ""model"": ""luna"", ""connection_id"": ""BC-cf1c7cf8c0b9ef068487""}]"
WLC:Deut.11.17	strong	tevrat	soydas	Arabic ع ص ر / Hebrew עצר; table sound correspondence, unverified | ع ص ر / עצר; table sound correspondence	The commentary links squeezed rain clouds to grain and plants; Deuteronomy uses Hebrew עצר for shutting the heavens so rain and crop fail, a relevant withholding sense, though the root match remains unverified. | The commentary's squeezed cloud yields rain and crops; Deuteronomy says heaven will be restrained with no rain and the land will not yield, the same root's withholding set against that fertile sequence.	103:1	"[{""line"": 65, ""strength"": ""weak"", ""tradition"": ""tevrat"", ""kind"": ""soydas"", ""ref"": ""WLC:Deut.11.17"", ""basis"": ""Arabic ع ص ر / Hebrew עצר; table sound correspondence, unverified"", ""note"": ""The commentary links squeezed rain clouds to grain and plants; Deuteronomy uses Hebrew עצר for shutting the heavens so rain and crop fail, a relevant withholding sense, though the root match remains unverified."", ""turn"": 1, ""model"": ""luna"", ""connection_id"": ""BC-f18c535b7b158c8cc4d8""}, {""line"": 14, ""strength"": ""strong"", ""tradition"": ""tevrat"", ""kind"": ""soydas"", ""ref"": ""WLC:Deut.11.17"", ""basis"": ""ع ص ر / עצר; table sound correspondence"", ""note"": ""The commentary's squeezed cloud yields rain and crops; Deuteronomy says heaven will be restrained with no rain and the land will not yield, the same root's withholding set against that fertile sequence."", ""turn"": 1, ""model"": ""sol"", ""connection_id"": ""BC-c0377b4de284dd8673d1""}]"
WLC:Deut.15.10	strong	tevrat	motif	Give freely without a grudging heart	The commentary contrasts a generous person with one who withholds or reclaims a gift; Deuteronomy commands giving without regret and promises blessing for the work, joining openhandedness to fruitful outcome.	103:1	"[{""line"": 80, ""strength"": ""strong"", ""tradition"": ""tevrat"", ""kind"": ""motif"", ""ref"": ""WLC:Deut.15.10"", ""basis"": ""Give freely without a grudging heart"", ""note"": ""The commentary contrasts a generous person with one who withholds or reclaims a gift; Deuteronomy commands giving without regret and promises blessing for the work, joining openhandedness to fruitful outcome."", ""turn"": 2, ""model"": ""luna"", ""connection_id"": ""BC-5652ca8a34aacca7ff27""}]"
WLC:Deut.15.14	strong	tevrat	motif	winepress yield given to freed servant	The commentary's press product becomes a gift when the hand releases it; Deuteronomy commands an owner freeing a servant to provide generously from flock, threshing floor, and winepress.	103:1	"[{""line"": 150, ""strength"": ""strong"", ""tradition"": ""tevrat"", ""kind"": ""motif"", ""ref"": ""WLC:Deut.15.14"", ""basis"": ""winepress yield given to freed servant"", ""note"": ""The commentary's press product becomes a gift when the hand releases it; Deuteronomy commands an owner freeing a servant to provide generously from flock, threshing floor, and winepress."", ""turn"": 2, ""model"": ""sol"", ""connection_id"": ""BC-f4776cb909f197cf29d6""}]"
WLC:Deut.15.7	strong	tevrat	motif	Do not close the hand against the poor | closed hand toward poor	The commentary describes holding a gift back and excluding the poor from a garden; Deuteronomy forbids hardening the heart or shutting the hand against a poor kinsman, a direct ethical counterpoint. | The commentary's garden owners keep produce from a poor person; Deuteronomy forbids hardening the heart or shutting the hand against a poor kinsman, identifying the hand's closure as the moral fault.	103:1	"[{""line"": 78, ""strength"": ""strong"", ""tradition"": ""tevrat"", ""kind"": ""motif"", ""ref"": ""WLC:Deut.15.7"", ""basis"": ""Do not close the hand against the poor"", ""note"": ""The commentary describes holding a gift back and excluding the poor from a garden; Deuteronomy forbids hardening the heart or shutting the hand against a poor kinsman, a direct ethical counterpoint."", ""turn"": 2, ""model"": ""luna"", ""connection_id"": ""BC-7433dcb43ed68ae134cf""}, {""line"": 23, ""strength"": ""strong"", ""tradition"": ""tevrat"", ""kind"": ""motif"", ""ref"": ""WLC:Deut.15.7"", ""basis"": ""closed hand toward poor"", ""note"": ""The commentary's garden owners keep produce from a poor person; Deuteronomy forbids hardening the heart or shutting the hand against a poor kinsman, identifying the hand's closure as the moral fault."", ""turn"": 1, ""model"": ""sol"", ""connection_id"": ""BC-6c0bf64f81f537d9352a""}]"
WLC:Deut.15.8	strong	tevrat	motif	Open the hand to meet another's need | open hand to needy	The commentary says squeezing can let its extract flow as generosity; Deuteronomy commands opening the hand and lending enough for the poor person's need, making release the ethical response to scarcity. | The commentary asks whether the hand's pressure releases anything; Deuteronomy commands opening the hand and lending enough to the needy, a precise ethical opposite to withholding the crop.	103:1	"[{""line"": 79, ""strength"": ""strong"", ""tradition"": ""tevrat"", ""kind"": ""motif"", ""ref"": ""WLC:Deut.15.8"", ""basis"": ""Open the hand to meet another's need"", ""note"": ""The commentary says squeezing can let its extract flow as generosity; Deuteronomy commands opening the hand and lending enough for the poor person's need, making release the ethical response to scarcity."", ""turn"": 2, ""model"": ""luna"", ""connection_id"": ""BC-b3c34db0581b5da0e6c3""}, {""line"": 24, ""strength"": ""strong"", ""tradition"": ""tevrat"", ""kind"": ""motif"", ""ref"": ""WLC:Deut.15.8"", ""basis"": ""open hand to needy"", ""note"": ""The commentary asks whether the hand's pressure releases anything; Deuteronomy commands opening the hand and lending enough to the needy, a precise ethical opposite to withholding the crop."", ""turn"": 1, ""model"": ""sol"", ""connection_id"": ""BC-7a003592dfa334cdb97b""}]"
WLC:Deut.24.13	strong	tevrat	motif	cloak returned by sunset as shelter	The commentary pairs the day's closing edge with whether one holds back another's protection; the creditor must return a poor person's pledged cloak by sunset so that person can sleep in it.	103:1	"[{""line"": 151, ""strength"": ""strong"", ""tradition"": ""tevrat"", ""kind"": ""motif"", ""ref"": ""WLC:Deut.24.13"", ""basis"": ""cloak returned by sunset as shelter"", ""note"": ""The commentary pairs the day's closing edge with whether one holds back another's protection; the creditor must return a poor person's pledged cloak by sunset so that person can sleep in it."", ""turn"": 2, ""model"": ""sol"", ""connection_id"": ""BC-ded0f49f657df24a0611""}]"
WLC:Deut.24.15	strong	tevrat	motif	pay worker at sunset	The commentary's late hour and daily wage converge in the command to pay a poor hired worker that very day before sunset because he depends on the wage.	103:1	"[{""line"": 26, ""strength"": ""strong"", ""tradition"": ""tevrat"", ""kind"": ""motif"", ""ref"": ""WLC:Deut.24.15"", ""basis"": ""pay worker at sunset"", ""note"": ""The commentary's late hour and daily wage converge in the command to pay a poor hired worker that very day before sunset because he depends on the wage."", ""turn"": 1, ""model"": ""sol"", ""connection_id"": ""BC-565764cfcd5a8c299267""}]"
WLC:Deut.24.19	strong	tevrat	motif	A forgotten sheaf left for the poor	The commentary's owners plan to keep a garden's entire yield from the poor; Deuteronomy says a forgotten sheaf must remain for the stranger, orphan, and widow, applying release to grain harvest.	103:1	"[{""line"": 81, ""strength"": ""strong"", ""tradition"": ""tevrat"", ""kind"": ""motif"", ""ref"": ""WLC:Deut.24.19"", ""basis"": ""A forgotten sheaf left for the poor"", ""note"": ""The commentary's owners plan to keep a garden's entire yield from the poor; Deuteronomy says a forgotten sheaf must remain for the stranger, orphan, and widow, applying release to grain harvest."", ""turn"": 2, ""model"": ""luna"", ""connection_id"": ""BC-987268292b89c60d8303""}]"
WLC:Deut.24.21	strong	tevrat	motif	Grapes left for the poor	The commentary's garden owners plan to exclude the poor from their crop; Deuteronomy commands leaving remaining grapes for the stranger, orphan, and widow, setting shared yield against total retention.	103:1	"[{""line"": 17, ""strength"": ""strong"", ""tradition"": ""tevrat"", ""kind"": ""motif"", ""ref"": ""WLC:Deut.24.21"", ""basis"": ""Grapes left for the poor"", ""note"": ""The commentary's garden owners plan to exclude the poor from their crop; Deuteronomy commands leaving remaining grapes for the stranger, orphan, and widow, setting shared yield against total retention."", ""turn"": 1, ""model"": ""luna"", ""connection_id"": ""BC-fca454bc2299e04a1d9c""}]"
WLC:Deut.32.1	strong	tevrat	motif	heaven and earth hear before verdict	The commentary's opening oath suspends its judgment until the next line; Moses first summons heaven and earth to hear his speech before his song states God's ways and Israel's response, another cosmic opening that makes the following verdict weighty.	103:1	"[{""line"": 152, ""strength"": ""strong"", ""tradition"": ""tevrat"", ""kind"": ""motif"", ""ref"": ""WLC:Deut.32.1"", ""basis"": ""heaven and earth hear before verdict"", ""note"": ""The commentary's opening oath suspends its judgment until the next line; Moses first summons heaven and earth to hear his speech before his song states God's ways and Israel's response, another cosmic opening that makes the following verdict weighty."", ""turn"": 2, ""model"": ""sol"", ""connection_id"": ""BC-d1c31d4b8baa06bdd5f4""}]"
WLC:Eccl.11.6	medium	tevrat	motif	Sow in the morning and keep working in the evening	The commentary says the late day leaves little time for work still undone and connects time with uncertain yield; Ecclesiastes commands sowing in the morning and not letting the hand rest in the evening because the outcome is unknown.	103:1	"[{""line"": 103, ""strength"": ""medium"", ""tradition"": ""tevrat"", ""kind"": ""motif"", ""ref"": ""WLC:Eccl.11.6"", ""basis"": ""Sow in the morning and keep working in the evening"", ""note"": ""The commentary says the late day leaves little time for work still undone and connects time with uncertain yield; Ecclesiastes commands sowing in the morning and not letting the hand rest in the evening because the outcome is unknown."", ""turn"": 2, ""model"": ""luna"", ""connection_id"": ""BC-5498516f6ac5bcf80414""}]"
WLC:Eccl.12.1	medium	tevrat	motif	remember before hard old days	The commentary's old age leaves little time for unperformed action; Ecclesiastes tells the young to remember their creator before the difficult days of age arrive.	103:1	"[{""line"": 70, ""strength"": ""medium"", ""tradition"": ""tevrat"", ""kind"": ""motif"", ""ref"": ""WLC:Eccl.12.1"", ""basis"": ""remember before hard old days"", ""note"": ""The commentary's old age leaves little time for unperformed action; Ecclesiastes tells the young to remember their creator before the difficult days of age arrive."", ""turn"": 1, ""model"": ""sol"", ""connection_id"": ""BC-75807d5da6eada779af2""}]"
WLC:Eccl.12.2	medium	tevrat	motif	Light darkens as old age approaches | light darkens and clouds return in old age	The commentary hears afternoon's fading light alongside the end of a human life; Ecclesiastes depicts sun, light, moon, and stars darkening as the days of aging arrive, giving that decline a bodily and cosmic image. | The commentary fuses waning light, cloud, and life's evening; Ecclesiastes' old-age poem describes darkening sun and returning clouds, reusing weather for life's close.	103:1	"[{""line"": 104, ""strength"": ""medium"", ""tradition"": ""tevrat"", ""kind"": ""motif"", ""ref"": ""WLC:Eccl.12.2"", ""basis"": ""Light darkens as old age approaches"", ""note"": ""The commentary hears afternoon's fading light alongside the end of a human life; Ecclesiastes depicts sun, light, moon, and stars darkening as the days of aging arrive, giving that decline a bodily and cosmic image."", ""turn"": 2, ""model"": ""luna"", ""connection_id"": ""BC-6a559adbe4471c86e7d1""}, {""line"": 71, ""strength"": ""medium"", ""tradition"": ""tevrat"", ""kind"": ""motif"", ""ref"": ""WLC:Eccl.12.2"", ""basis"": ""light darkens and clouds return in old age"", ""note"": ""The commentary fuses waning light, cloud, and life's evening; Ecclesiastes' old-age poem describes darkening sun and returning clouds, reusing weather for life's close."", ""turn"": 1, ""model"": ""sol"", ""connection_id"": ""BC-344cfb9febba176a7eb0""}]"
WLC:Eccl.7.1	medium	tevrat	motif	Fragrance set beside the day of death	The commentary follows a woman's perfume trail into a reflection on what remains after someone passes and also makes asr a life's closing time; Ecclesiastes says a good name is better than fragrant oil and the day of death better than birth.	103:1	"[{""line"": 102, ""strength"": ""medium"", ""tradition"": ""tevrat"", ""kind"": ""motif"", ""ref"": ""WLC:Eccl.7.1"", ""basis"": ""Fragrance set beside the day of death"", ""note"": ""The commentary follows a woman's perfume trail into a reflection on what remains after someone passes and also makes asr a life's closing time; Ecclesiastes says a good name is better than fragrant oil and the day of death better than birth."", ""turn"": 2, ""model"": ""luna"", ""connection_id"": ""BC-c159d481f094e313450e""}]"
WLC:Eccl.8.8	medium	tevrat	motif	wind cannot be held; death day unavoidable	The commentary connects grasping wind with a narrowing life; Ecclesiastes says no one can confine the wind or rule the day of death, reversing imagined human control over either.	103:1	"[{""line"": 115, ""strength"": ""medium"", ""tradition"": ""tevrat"", ""kind"": ""motif"", ""ref"": ""WLC:Eccl.8.8"", ""basis"": ""wind cannot be held; death day unavoidable"", ""note"": ""The commentary connects grasping wind with a narrowing life; Ecclesiastes says no one can confine the wind or rule the day of death, reversing imagined human control over either."", ""turn"": 1, ""model"": ""sol"", ""connection_id"": ""BC-4d2c4010159b781b7893""}]"
WLC:Eccl.9.10	strong	tevrat	motif	act before the place without work	The commentary says unperformed good becomes impossible after the remaining hour closes; Ecclesiastes urges doing what the hand finds with strength because there is no work in Sheol.	103:1	"[{""line"": 63, ""strength"": ""strong"", ""tradition"": ""tevrat"", ""kind"": ""motif"", ""ref"": ""WLC:Eccl.9.10"", ""basis"": ""act before the place without work"", ""note"": ""The commentary says unperformed good becomes impossible after the remaining hour closes; Ecclesiastes urges doing what the hand finds with strength because there is no work in Sheol."", ""turn"": 1, ""model"": ""sol"", ""connection_id"": ""BC-51521ee417ae4cd34b34""}]"
WLC:Exod.15.25	medium	tevrat	motif	Bitter water becomes drinkable	The commentary's poem imagines water itself as the thing choking the speaker, with no rescuing sip left; at Marah, God shows Moses a tree and the bitter water becomes sweet, a contrasting scene where the obstructing water is made into relief.	103:1	"[{""line"": 113, ""strength"": ""medium"", ""tradition"": ""tevrat"", ""kind"": ""motif"", ""ref"": ""WLC:Exod.15.25"", ""basis"": ""Bitter water becomes drinkable"", ""note"": ""The commentary's poem imagines water itself as the thing choking the speaker, with no rescuing sip left; at Marah, God shows Moses a tree and the bitter water becomes sweet, a contrasting scene where the obstructing water is made into relief."", ""turn"": 2, ""model"": ""luna"", ""connection_id"": ""BC-4e244dc270330f7367d2""}]"
WLC:Exod.16.20	medium	tevrat	motif	kept manna spoils overnight	The commentary distinguishes protective storage from hoarding that destroys the gift; people keep manna until morning against instruction and it breeds worms and stinks.	103:1	"[{""line"": 94, ""strength"": ""medium"", ""tradition"": ""tevrat"", ""kind"": ""motif"", ""ref"": ""WLC:Exod.16.20"", ""basis"": ""kept manna spoils overnight"", ""note"": ""The commentary distinguishes protective storage from hoarding that destroys the gift; people keep manna until morning against instruction and it breeds worms and stinks."", ""turn"": 1, ""model"": ""sol"", ""connection_id"": ""BC-fd67e39558ce3cf8355c""}]"
WLC:Exod.16.24	medium	tevrat	motif	manna safely kept for Sabbath	The commentary's grain kept through scarcity makes restraint beneficial; the double portion of manna saved for the Sabbath does not stink or breed worms, showing a purposeful period of keeping.	103:1	"[{""line"": 95, ""strength"": ""medium"", ""tradition"": ""tevrat"", ""kind"": ""motif"", ""ref"": ""WLC:Exod.16.24"", ""basis"": ""manna safely kept for Sabbath"", ""note"": ""The commentary's grain kept through scarcity makes restraint beneficial; the double portion of manna saved for the Sabbath does not stink or breed worms, showing a purposeful period of keeping."", ""turn"": 1, ""model"": ""sol"", ""connection_id"": ""BC-b71c28469e211fa1084a""}]"
WLC:Exod.29.39	medium	tevrat	motif	Daily offerings at morning and twilight	The commentary pairs the day's edges and names the afternoon prayer; Exodus assigns one lamb to morning and another to twilight, a daily ritual cycle ending as daylight closes.	103:1	"[{""line"": 38, ""strength"": ""medium"", ""tradition"": ""tevrat"", ""kind"": ""motif"", ""ref"": ""WLC:Exod.29.39"", ""basis"": ""Daily offerings at morning and twilight"", ""note"": ""The commentary pairs the day's edges and names the afternoon prayer; Exodus assigns one lamb to morning and another to twilight, a daily ritual cycle ending as daylight closes."", ""turn"": 1, ""model"": ""luna"", ""connection_id"": ""BC-3da681a1e5b7c8081aae""}]"
WLC:Ezek.19.12	strong	tevrat	motif	east wind dries vine's fruit	The commentary's fruitful garden meets destructive wind after growth; Ezekiel's lament has a vine uprooted, cast down, and dried by the east wind so its strong branches are broken.	103:1	"[{""line"": 51, ""strength"": ""strong"", ""tradition"": ""tevrat"", ""kind"": ""motif"", ""ref"": ""WLC:Ezek.19.12"", ""basis"": ""east wind dries vine's fruit"", ""note"": ""The commentary's fruitful garden meets destructive wind after growth; Ezekiel's lament has a vine uprooted, cast down, and dried by the east wind so its strong branches are broken."", ""turn"": 1, ""model"": ""sol"", ""connection_id"": ""BC-30e72ad4acf9116071ee""}]"
WLC:Ezek.19.14	strong	tevrat	motif	fire goes out from vine	The commentary's storm bears fire into a vineyard and removes future produce; Ezekiel has fire go out from the vine's own branch and consume its fruit, a related but differently caused loss.	103:1	"[{""line"": 52, ""strength"": ""strong"", ""tradition"": ""tevrat"", ""kind"": ""motif"", ""ref"": ""WLC:Ezek.19.14"", ""basis"": ""fire goes out from vine"", ""note"": ""The commentary's storm bears fire into a vineyard and removes future produce; Ezekiel has fire go out from the vine's own branch and consume its fruit, a related but differently caused loss."", ""turn"": 1, ""model"": ""sol"", ""connection_id"": ""BC-e78a6716fe50f7f7bf77""}]"
WLC:Gen.16.2	medium	tevrat	soydas	ع ص ر / עצר; table sound correspondence	The commentary's held-back life at a young woman's bodily threshold has a Hebrew counterpart when Sarai says the LORD has restrained her from bearing children, using עצר for barred fertility.	103:1	"[{""line"": 111, ""strength"": ""medium"", ""tradition"": ""tevrat"", ""kind"": ""soydas"", ""ref"": ""WLC:Gen.16.2"", ""basis"": ""ع ص ر / עצר; table sound correspondence"", ""note"": ""The commentary's held-back life at a young woman's bodily threshold has a Hebrew counterpart when Sarai says the LORD has restrained her from bearing children, using עצר for barred fertility."", ""turn"": 1, ""model"": ""sol"", ""connection_id"": ""BC-30ff16fdbbcea6be9b6f""}]"
WLC:Gen.20.18	strong	tevrat	soydas	Arabic ع ص ر / Hebrew עצר; table sound correspondence, unverified | ع ص ر / עצר; table sound correspondence	The commentary describes a young woman held at a reproductive threshold; Genesis says God had closed the wombs of Abimelech's household using Hebrew עצר, a specific withholding sense but not proof that the roots are cognate. | The commentary's restraint can hold something within at a life threshold; Genesis says the LORD had closed every womb in Abimelech's house, using עצר for a concrete bodily closure.	103:1	"[{""line"": 67, ""strength"": ""weak"", ""tradition"": ""tevrat"", ""kind"": ""soydas"", ""ref"": ""WLC:Gen.20.18"", ""basis"": ""Arabic ع ص ر / Hebrew עצר; table sound correspondence, unverified"", ""note"": ""The commentary describes a young woman held at a reproductive threshold; Genesis says God had closed the wombs of Abimelech's household using Hebrew עצר, a specific withholding sense but not proof that the roots are cognate."", ""turn"": 1, ""model"": ""luna"", ""connection_id"": ""BC-7c989f1429a8d3086ae5""}, {""line"": 18, ""strength"": ""strong"", ""tradition"": ""tevrat"", ""kind"": ""soydas"", ""ref"": ""WLC:Gen.20.18"", ""basis"": ""ع ص ر / עצר; table sound correspondence"", ""note"": ""The commentary's restraint can hold something within at a life threshold; Genesis says the LORD had closed every womb in Abimelech's house, using עצר for a concrete bodily closure."", ""turn"": 1, ""model"": ""sol"", ""connection_id"": ""BC-0d6856eb5ff757b399aa""}]"
WLC:Gen.24.63	strong	tevrat	motif	evening prayer in a field	The commentary includes the prayer named for asr and the day's late edge; Isaac goes out to meditate in the field toward evening, the verse later used to anchor afternoon prayer.	103:1	"[{""line"": 45, ""strength"": ""strong"", ""tradition"": ""tevrat"", ""kind"": ""motif"", ""ref"": ""WLC:Gen.24.63"", ""basis"": ""evening prayer in a field"", ""note"": ""The commentary includes the prayer named for asr and the day's late edge; Isaac goes out to meditate in the field toward evening, the verse later used to anchor afternoon prayer."", ""turn"": 1, ""model"": ""sol"", ""connection_id"": ""BC-e5843c6f3c8af2542bb1""}]"
WLC:Gen.40.11	strong	tevrat	paralel	Joseph's prison cupbearer dream; grapes pressed into Pharaoh's cup | Joseph's cupbearer presses grapes	The commentary's imprisoned cupbearer dreams of pressing grapes and serving wine; Genesis gives the same prison dream in which the cupbearer squeezes grapes into Pharaoh's cup, a direct scene parallel. | The commentary's jailed dreamer presses the future drink and later serves his master; in his own dream the cupbearer squeezes grapes into Pharaoh's cup, making the pressed product and its hoped-for release concrete.	103:1	"[{""line"": 1, ""strength"": ""strong"", ""tradition"": ""tevrat"", ""kind"": ""paralel"", ""ref"": ""WLC:Gen.40.11"", ""basis"": ""Joseph's prison cupbearer dream; grapes pressed into Pharaoh's cup"", ""note"": ""The commentary's imprisoned cupbearer dreams of pressing grapes and serving wine; Genesis gives the same prison dream in which the cupbearer squeezes grapes into Pharaoh's cup, a direct scene parallel."", ""turn"": 1, ""model"": ""luna"", ""connection_id"": ""BC-17611fd38db9d8ad07dd""}, {""line"": 1, ""strength"": ""strong"", ""tradition"": ""tevrat"", ""kind"": ""paralel"", ""ref"": ""WLC:Gen.40.11"", ""basis"": ""Joseph's cupbearer presses grapes"", ""note"": ""The commentary's jailed dreamer presses the future drink and later serves his master; in his own dream the cupbearer squeezes grapes into Pharaoh's cup, making the pressed product and its hoped-for release concrete."", ""turn"": 1, ""model"": ""sol"", ""connection_id"": ""BC-7f8e2b166e79b942ae93""}]"
WLC:Gen.40.13	strong	tevrat	paralel	cupbearer restored to office	The commentary links the pressing dream to escape from custody; Joseph predicts that the cupbearer will regain his office in three days and put the cup in Pharaoh's hand.	103:1	"[{""line"": 2, ""strength"": ""strong"", ""tradition"": ""tevrat"", ""kind"": ""paralel"", ""ref"": ""WLC:Gen.40.13"", ""basis"": ""cupbearer restored to office"", ""note"": ""The commentary links the pressing dream to escape from custody; Joseph predicts that the cupbearer will regain his office in three days and put the cup in Pharaoh's hand."", ""turn"": 1, ""model"": ""sol"", ""connection_id"": ""BC-a02a5483737dbc6dde5b""}]"
WLC:Gen.40.14	strong	tevrat	paralel	Joseph asks the released cupbearer to remember him | Joseph asks to be remembered	The commentary notes Joseph's request to be remembered and the cupbearer's later forgetting; Genesis gives the request itself, asking the cupbearer to mention him to Pharaoh and bring him out of prison. | The commentary's rescued prisoner is asked to mention Joseph to his master; Joseph asks the cupbearer to remember him and bring him out of this house, joining another man's release to his own wait.	103:1	"[{""line"": 68, ""strength"": ""strong"", ""tradition"": ""tevrat"", ""kind"": ""paralel"", ""ref"": ""WLC:Gen.40.14"", ""basis"": ""Joseph asks the released cupbearer to remember him"", ""note"": ""The commentary notes Joseph's request to be remembered and the cupbearer's later forgetting; Genesis gives the request itself, asking the cupbearer to mention him to Pharaoh and bring him out of prison."", ""turn"": 2, ""model"": ""luna"", ""connection_id"": ""BC-4a701e5dddcc1962def5""}, {""line"": 3, ""strength"": ""strong"", ""tradition"": ""tevrat"", ""kind"": ""paralel"", ""ref"": ""WLC:Gen.40.14"", ""basis"": ""Joseph asks to be remembered"", ""note"": ""The commentary's rescued prisoner is asked to mention Joseph to his master; Joseph asks the cupbearer to remember him and bring him out of this house, joining another man's release to his own wait."", ""turn"": 1, ""model"": ""sol"", ""connection_id"": ""BC-f4a884d4ae301ad016bb""}]"
WLC:Gen.40.15	strong	tevrat	paralel	Joseph's unjust confinement	The commentary stresses that Joseph is imprisoned after his innocence becomes clear; Joseph tells the cupbearer he was taken from his land and has done nothing deserving the dungeon, making the imposed wait an injustice in his own account.	103:1	"[{""line"": 133, ""strength"": ""strong"", ""tradition"": ""tevrat"", ""kind"": ""paralel"", ""ref"": ""WLC:Gen.40.15"", ""basis"": ""Joseph's unjust confinement"", ""note"": ""The commentary stresses that Joseph is imprisoned after his innocence becomes clear; Joseph tells the cupbearer he was taken from his land and has done nothing deserving the dungeon, making the imposed wait an injustice in his own account."", ""turn"": 2, ""model"": ""sol"", ""connection_id"": ""BC-1c5782fc45bd84d0cf1e""}]"
WLC:Gen.40.19	strong	tevrat	paralel	baker's opposite fate	The commentary follows the dreamer whose pressed grapes precede release; Joseph gives the other prisoner a three-day prediction of execution, so the shared prison interval leads to opposite ends.	103:1	"[{""line"": 134, ""strength"": ""strong"", ""tradition"": ""tevrat"", ""kind"": ""paralel"", ""ref"": ""WLC:Gen.40.19"", ""basis"": ""baker's opposite fate"", ""note"": ""The commentary follows the dreamer whose pressed grapes precede release; Joseph gives the other prisoner a three-day prediction of execution, so the shared prison interval leads to opposite ends."", ""turn"": 2, ""model"": ""sol"", ""connection_id"": ""BC-058f8914f0c1334d0459""}]"
WLC:Gen.40.23	strong	tevrat	paralel	Cupbearer forgets Joseph | cupbearer forgets Joseph	The commentary says the cupbearer forgets Joseph after his release, leaving Joseph in prison; Genesis likewise says the restored cupbearer did not remember Joseph, making the delay part of the shared story. | The commentary makes forgotten remembrance prolong confinement; Genesis says the restored cupbearer did not remember Joseph but forgot him.	103:1	"[{""line"": 2, ""strength"": ""strong"", ""tradition"": ""tevrat"", ""kind"": ""paralel"", ""ref"": ""WLC:Gen.40.23"", ""basis"": ""Cupbearer forgets Joseph"", ""note"": ""The commentary says the cupbearer forgets Joseph after his release, leaving Joseph in prison; Genesis likewise says the restored cupbearer did not remember Joseph, making the delay part of the shared story."", ""turn"": 1, ""model"": ""luna"", ""connection_id"": ""BC-a32eb47a1057fa3e9028""}, {""line"": 4, ""strength"": ""strong"", ""tradition"": ""tevrat"", ""kind"": ""paralel"", ""ref"": ""WLC:Gen.40.23"", ""basis"": ""cupbearer forgets Joseph"", ""note"": ""The commentary makes forgotten remembrance prolong confinement; Genesis says the restored cupbearer did not remember Joseph but forgot him."", ""turn"": 1, ""model"": ""sol"", ""connection_id"": ""BC-c072bc26d541a29b6615""}]"
WLC:Gen.41.1	strong	tevrat	paralel	Two-year delay before Pharaoh's dreams | two more years	The commentary makes delayed recollection lengthen Joseph's imprisonment; Genesis marks two full years before Pharaoh dreams and the cupbearer remembers, giving that wait a measured duration. | The commentary's prison years stretch after the cupbearer's release; Genesis opens Pharaoh's dream after two full years, locating the delay precisely.	103:1	"[{""line"": 3, ""strength"": ""strong"", ""tradition"": ""tevrat"", ""kind"": ""paralel"", ""ref"": ""WLC:Gen.41.1"", ""basis"": ""Two-year delay before Pharaoh's dreams"", ""note"": ""The commentary makes delayed recollection lengthen Joseph's imprisonment; Genesis marks two full years before Pharaoh dreams and the cupbearer remembers, giving that wait a measured duration."", ""turn"": 1, ""model"": ""luna"", ""connection_id"": ""BC-6bc8ba105f96a65bc632""}, {""line"": 5, ""strength"": ""strong"", ""tradition"": ""tevrat"", ""kind"": ""paralel"", ""ref"": ""WLC:Gen.41.1"", ""basis"": ""two more years"", ""note"": ""The commentary's prison years stretch after the cupbearer's release; Genesis opens Pharaoh's dream after two full years, locating the delay precisely."", ""turn"": 1, ""model"": ""sol"", ""connection_id"": ""BC-8b715332fc08ea0d7a15""}]"
WLC:Gen.41.14	strong	tevrat	paralel	Joseph brought out of the pit	The commentary's delayed prison years finally end in rescue; Pharaoh summons Joseph and he is hurried out of the dungeon, marking the actual release after the forgotten request.	103:1	"[{""line"": 135, ""strength"": ""strong"", ""tradition"": ""tevrat"", ""kind"": ""paralel"", ""ref"": ""WLC:Gen.41.14"", ""basis"": ""Joseph brought out of the pit"", ""note"": ""The commentary's delayed prison years finally end in rescue; Pharaoh summons Joseph and he is hurried out of the dungeon, marking the actual release after the forgotten request."", ""turn"": 2, ""model"": ""sol"", ""connection_id"": ""BC-fc3d1915193a56d02d48""}]"
WLC:Gen.41.29	strong	tevrat	paralel	Seven years of abundance forecast	The commentary follows Joseph's reading of Pharaoh's dream as a calendar of plenty and scarcity; Genesis predicts seven years of great abundance throughout Egypt, specifying the productive span.	103:1	"[{""line"": 71, ""strength"": ""strong"", ""tradition"": ""tevrat"", ""kind"": ""paralel"", ""ref"": ""WLC:Gen.41.29"", ""basis"": ""Seven years of abundance forecast"", ""note"": ""The commentary follows Joseph's reading of Pharaoh's dream as a calendar of plenty and scarcity; Genesis predicts seven years of great abundance throughout Egypt, specifying the productive span."", ""turn"": 2, ""model"": ""luna"", ""connection_id"": ""BC-f3e8a662397345c08e9a""}]"
WLC:Gen.41.30	strong	tevrat	paralel	Seven famine years follow	The commentary's Joseph narrative turns from years of yield to years of hardship; Genesis forecasts seven years of famine after the abundance, making the saved grain's time horizon explicit.	103:1	"[{""line"": 72, ""strength"": ""strong"", ""tradition"": ""tevrat"", ""kind"": ""paralel"", ""ref"": ""WLC:Gen.41.30"", ""basis"": ""Seven famine years follow"", ""note"": ""The commentary's Joseph narrative turns from years of yield to years of hardship; Genesis forecasts seven years of famine after the abundance, making the saved grain's time horizon explicit."", ""turn"": 2, ""model"": ""luna"", ""connection_id"": ""BC-a597e51837f78f308f50""}]"
WLC:Gen.41.31	strong	tevrat	paralel	The plenty is forgotten in famine	The commentary says the hard years consume what was stored; Genesis adds that the famine is so severe that the former plenty is no longer remembered, a sharper account of yield erased by loss.	103:1	"[{""line"": 73, ""strength"": ""strong"", ""tradition"": ""tevrat"", ""kind"": ""paralel"", ""ref"": ""WLC:Gen.41.31"", ""basis"": ""The plenty is forgotten in famine"", ""note"": ""The commentary says the hard years consume what was stored; Genesis adds that the famine is so severe that the former plenty is no longer remembered, a sharper account of yield erased by loss."", ""turn"": 2, ""model"": ""luna"", ""connection_id"": ""BC-42b89d27096b24682428""}]"
WLC:Gen.41.35	strong	tevrat	paralel	grain stored in good years	The commentary's grain is kept within its covering for hard years; Joseph orders food gathered under Pharaoh's authority and stored in cities during the good years.	103:1	"[{""line"": 8, ""strength"": ""strong"", ""tradition"": ""tevrat"", ""kind"": ""paralel"", ""ref"": ""WLC:Gen.41.35"", ""basis"": ""grain stored in good years"", ""note"": ""The commentary's grain is kept within its covering for hard years; Joseph orders food gathered under Pharaoh's authority and stored in cities during the good years."", ""turn"": 1, ""model"": ""sol"", ""connection_id"": ""BC-e2878d78d9ff5627e32c""}]"
WLC:Gen.41.36	strong	tevrat	paralel	reserve against famine	The commentary links sheltered grain to survival through seven severe years; Joseph explicitly says the stored food will keep the land from perishing in famine.	103:1	"[{""line"": 9, ""strength"": ""strong"", ""tradition"": ""tevrat"", ""kind"": ""paralel"", ""ref"": ""WLC:Gen.41.36"", ""basis"": ""reserve against famine"", ""note"": ""The commentary links sheltered grain to survival through seven severe years; Joseph explicitly says the stored food will keep the land from perishing in famine."", ""turn"": 1, ""model"": ""sol"", ""connection_id"": ""BC-7e83bc42eea32d927198""}]"
WLC:Gen.41.47	strong	tevrat	paralel	The land produces abundantly during the good years	The commentary follows the movement from productive years to preserved grain; Genesis says the land yields abundantly through the seven years, the harvest that makes Joseph's storage possible.	103:1	"[{""line"": 74, ""strength"": ""strong"", ""tradition"": ""tevrat"", ""kind"": ""paralel"", ""ref"": ""WLC:Gen.41.47"", ""basis"": ""The land produces abundantly during the good years"", ""note"": ""The commentary follows the movement from productive years to preserved grain; Genesis says the land yields abundantly through the seven years, the harvest that makes Joseph's storage possible."", ""turn"": 2, ""model"": ""luna"", ""connection_id"": ""BC-f77a831c96b6765c9cfa""}]"
WLC:Gen.41.48	strong	tevrat	paralel	Surplus stored in the cities	The commentary links Joseph's seven abundant years with preserving grain for scarcity; Genesis says Joseph gathers the produce of those years and stores food in the cities, the same plan of holding yield through time.	103:1	"[{""line"": 5, ""strength"": ""strong"", ""tradition"": ""tevrat"", ""kind"": ""paralel"", ""ref"": ""WLC:Gen.41.48"", ""basis"": ""Surplus stored in the cities"", ""note"": ""The commentary links Joseph's seven abundant years with preserving grain for scarcity; Genesis says Joseph gathers the produce of those years and stores food in the cities, the same plan of holding yield through time."", ""turn"": 1, ""model"": ""luna"", ""connection_id"": ""BC-19f9ac4c6a112e91253a""}]"
WLC:Gen.41.49	strong	tevrat	soydas	Arabic ص ب ر / Hebrew צבר; table sound correspondence, unverified | ص ب ر / צבר; table sound correspondence	The commentary links its final word ṣabr, patience, to a bitter tree extract and to waiting through lean years while grain is saved; Genesis says Joseph heaped grain in extraordinary quantity. The table's ص ب ر / צבר match is only an unverified sound correspondence, not proof of cognacy. | The commentary links the surah's patience to stored grain in Joseph's years; Genesis uses צבר of Joseph heaping grain like sea sand, a striking consonantal meeting that speaks of accumulation rather than proving a patience cognate.	103:1	"[{""line"": 61, ""strength"": ""weak"", ""tradition"": ""tevrat"", ""kind"": ""soydas"", ""ref"": ""WLC:Gen.41.49"", ""basis"": ""Arabic ص ب ر / Hebrew צבר; table sound correspondence, unverified"", ""note"": ""The commentary links its final word ṣabr, patience, to a bitter tree extract and to waiting through lean years while grain is saved; Genesis says Joseph heaped grain in extraordinary quantity. The table's ص ب ر / צבר match is only an unverified sound correspondence, not proof of cognacy."", ""turn"": 1, ""model"": ""luna"", ""connection_id"": ""BC-0dde1c8042d47ad17ab5""}, {""line"": 10, ""strength"": ""strong"", ""tradition"": ""tevrat"", ""kind"": ""soydas"", ""ref"": ""WLC:Gen.41.49"", ""basis"": ""ص ب ر / צבר; table sound correspondence"", ""note"": ""The commentary links the surah's patience to stored grain in Joseph's years; Genesis uses צבר of Joseph heaping grain like sea sand, a striking consonantal meeting that speaks of accumulation rather than proving a patience cognate."", ""turn"": 1, ""model"": ""sol"", ""connection_id"": ""BC-90043d8d186d697ceeb5""}]"
WLC:Gen.41.5	strong	tevrat	paralel	seven full ears in Pharaoh's dream	The commentary notes the king's green ears as a measure of coming plenty; Genesis describes seven healthy full ears on one stalk in his dream.	103:1	"[{""line"": 6, ""strength"": ""strong"", ""tradition"": ""tevrat"", ""kind"": ""paralel"", ""ref"": ""WLC:Gen.41.5"", ""basis"": ""seven full ears in Pharaoh's dream"", ""note"": ""The commentary notes the king's green ears as a measure of coming plenty; Genesis describes seven healthy full ears on one stalk in his dream."", ""turn"": 1, ""model"": ""sol"", ""connection_id"": ""BC-5b3ac799a41a426f5c9f""}]"
WLC:Gen.41.53	strong	tevrat	paralel	End of the years of plenty | end of seven good years	The commentary orders Joseph's story as abundance, hard years, then renewed yield; Genesis says the seven years of plenty end, marking the same turn in the agricultural calendar. | The commentary arranges pressing and storage on a calendar; Genesis marks the completion of the seven plentiful years before the scarcity.	103:1	"[{""line"": 6, ""strength"": ""strong"", ""tradition"": ""tevrat"", ""kind"": ""paralel"", ""ref"": ""WLC:Gen.41.53"", ""basis"": ""End of the years of plenty"", ""note"": ""The commentary orders Joseph's story as abundance, hard years, then renewed yield; Genesis says the seven years of plenty end, marking the same turn in the agricultural calendar."", ""turn"": 1, ""model"": ""luna"", ""connection_id"": ""BC-4b5778eeff046d459c37""}, {""line"": 11, ""strength"": ""strong"", ""tradition"": ""tevrat"", ""kind"": ""paralel"", ""ref"": ""WLC:Gen.41.53"", ""basis"": ""end of seven good years"", ""note"": ""The commentary arranges pressing and storage on a calendar; Genesis marks the completion of the seven plentiful years before the scarcity."", ""turn"": 1, ""model"": ""sol"", ""connection_id"": ""BC-7a66aa3cf7c2a9107a82""}]"
WLC:Gen.41.54	strong	tevrat	paralel	Famine follows abundance | famine follows plenty	The commentary's stored grain is for the years of hardship; Genesis says famine begins and the land still has food in Egypt, showing the preserved yield surviving the time of loss. | The commentary's hard years consume earlier stores; Genesis states the seven famine years began and Egypt still had bread, showing what advance keeping achieved.	103:1	"[{""line"": 7, ""strength"": ""strong"", ""tradition"": ""tevrat"", ""kind"": ""paralel"", ""ref"": ""WLC:Gen.41.54"", ""basis"": ""Famine follows abundance"", ""note"": ""The commentary's stored grain is for the years of hardship; Genesis says famine begins and the land still has food in Egypt, showing the preserved yield surviving the time of loss."", ""turn"": 1, ""model"": ""luna"", ""connection_id"": ""BC-9eadbe6a06caa45ff340""}, {""line"": 12, ""strength"": ""strong"", ""tradition"": ""tevrat"", ""kind"": ""paralel"", ""ref"": ""WLC:Gen.41.54"", ""basis"": ""famine follows plenty"", ""note"": ""The commentary's hard years consume earlier stores; Genesis states the seven famine years began and Egypt still had bread, showing what advance keeping achieved."", ""turn"": 1, ""model"": ""sol"", ""connection_id"": ""BC-0cec54d4ccd9c8d22b2d""}]"
WLC:Gen.41.56	strong	tevrat	paralel	Joseph opens the storehouses in famine	The commentary ends Joseph's cycle with renewed access to produce after scarcity; Genesis says Joseph opens the storehouses and sells grain during the famine, showing reserve released when need arrives.	103:1	"[{""line"": 75, ""strength"": ""strong"", ""tradition"": ""tevrat"", ""kind"": ""paralel"", ""ref"": ""WLC:Gen.41.56"", ""basis"": ""Joseph opens the storehouses in famine"", ""note"": ""The commentary ends Joseph's cycle with renewed access to produce after scarcity; Genesis says Joseph opens the storehouses and sells grain during the famine, showing reserve released when need arrives."", ""turn"": 2, ""model"": ""luna"", ""connection_id"": ""BC-e21137d7be834e0a3e78""}]"
WLC:Gen.41.57	strong	tevrat	paralel	Stored grain released beyond Egypt | stored grain sold beyond Egypt	The commentary's final Joseph year restores productive pressing after scarcity; Genesis has all lands come to Egypt to buy grain, showing stored abundance flowing outward when famine arrives. | The commentary makes the sheltered harvest available after the hard years begin and hears asr as gain; people from all lands come to Egypt to buy grain from Joseph because famine spreads, making storage a wider rescue and transaction.	103:1	"[{""line"": 8, ""strength"": ""strong"", ""tradition"": ""tevrat"", ""kind"": ""paralel"", ""ref"": ""WLC:Gen.41.57"", ""basis"": ""Stored grain released beyond Egypt"", ""note"": ""The commentary's final Joseph year restores productive pressing after scarcity; Genesis has all lands come to Egypt to buy grain, showing stored abundance flowing outward when famine arrives."", ""turn"": 1, ""model"": ""luna"", ""connection_id"": ""BC-3625e3b928de275b44ec""}, {""line"": 136, ""strength"": ""strong"", ""tradition"": ""tevrat"", ""kind"": ""paralel"", ""ref"": ""WLC:Gen.41.57"", ""basis"": ""stored grain sold beyond Egypt"", ""note"": ""The commentary makes the sheltered harvest available after the hard years begin and hears asr as gain; people from all lands come to Egypt to buy grain from Joseph because famine spreads, making storage a wider rescue and transaction."", ""turn"": 2, ""model"": ""sol"", ""connection_id"": ""BC-881a1a4d3900cbcdd30a""}]"
WLC:Gen.41.6	strong	tevrat	paralel	seven thin blighted ears	The commentary opposes green and dry ears before famine; Genesis adds seven thin ears scorched by the east wind, making crop loss visible before interpretation.	103:1	"[{""line"": 7, ""strength"": ""strong"", ""tradition"": ""tevrat"", ""kind"": ""paralel"", ""ref"": ""WLC:Gen.41.6"", ""basis"": ""seven thin blighted ears"", ""note"": ""The commentary opposes green and dry ears before famine; Genesis adds seven thin ears scorched by the east wind, making crop loss visible before interpretation."", ""turn"": 1, ""model"": ""sol"", ""connection_id"": ""BC-e415229a2b156c9da10b""}]"
WLC:Gen.41.9	strong	tevrat	paralel	Cupbearer recalls his failure	The commentary's freed cupbearer remembers Joseph only after a long interval; Genesis has him recall his failure before Pharaoh and recount Joseph's prison interpretation, ending the forgotten interval.	103:1	"[{""line"": 4, ""strength"": ""strong"", ""tradition"": ""tevrat"", ""kind"": ""paralel"", ""ref"": ""WLC:Gen.41.9"", ""basis"": ""Cupbearer recalls his failure"", ""note"": ""The commentary's freed cupbearer remembers Joseph only after a long interval; Genesis has him recall his failure before Pharaoh and recount Joseph's prison interpretation, ending the forgotten interval."", ""turn"": 1, ""model"": ""luna"", ""connection_id"": ""BC-ea07da37295c112b751e""}]"
WLC:Gen.45.6	strong	tevrat	paralel	remaining five famine years	The commentary lays Joseph's release and stored crop across a measured calendar; Joseph tells his brothers that two famine years have passed and five remain without plowing or harvest, specifying the continuing span that stored grain must cover.	103:1	"[{""line"": 137, ""strength"": ""strong"", ""tradition"": ""tevrat"", ""kind"": ""paralel"", ""ref"": ""WLC:Gen.45.6"", ""basis"": ""remaining five famine years"", ""note"": ""The commentary lays Joseph's release and stored crop across a measured calendar; Joseph tells his brothers that two famine years have passed and five remain without plowing or harvest, specifying the continuing span that stored grain must cover."", ""turn"": 2, ""model"": ""sol"", ""connection_id"": ""BC-353ae81848f960368b90""}]"
WLC:Gen.6.14	medium	tevrat	motif	ark's enclosed compartments	The commentary's husk and cave both hold what must survive a dangerous stretch; Noah is told to build an ark with rooms and cover it with pitch, a deliberately sealed shelter.	103:1	"[{""line"": 116, ""strength"": ""medium"", ""tradition"": ""tevrat"", ""kind"": ""motif"", ""ref"": ""WLC:Gen.6.14"", ""basis"": ""ark's enclosed compartments"", ""note"": ""The commentary's husk and cave both hold what must survive a dangerous stretch; Noah is told to build an ark with rooms and cover it with pitch, a deliberately sealed shelter."", ""turn"": 1, ""model"": ""sol"", ""connection_id"": ""BC-6c3dbc0952c9b6de988a""}]"
WLC:Gen.7.16	strong	tevrat	motif	ark shut around those escaping disaster	The commentary's shelter holds vulnerable lives while outside time turns dangerous; God shuts Noah into the ark after the creatures enter, a protective closure rather than a prison.	103:1	"[{""line"": 58, ""strength"": ""strong"", ""tradition"": ""tevrat"", ""kind"": ""motif"", ""ref"": ""WLC:Gen.7.16"", ""basis"": ""ark shut around those escaping disaster"", ""note"": ""The commentary's shelter holds vulnerable lives while outside time turns dangerous; God shuts Noah into the ark after the creatures enter, a protective closure rather than a prison."", ""turn"": 1, ""model"": ""sol"", ""connection_id"": ""BC-41d70e9352d389d395df""}]"
WLC:Gen.8.13	medium	tevrat	motif	protected time measured in ark	The commentary's refuge can enclose what feels like one interval but lasts a long span; Genesis dates the drying earth in Noah's six hundred and first year, after the ark kept its occupants through the flood.	103:1	"[{""line"": 117, ""strength"": ""medium"", ""tradition"": ""tevrat"", ""kind"": ""motif"", ""ref"": ""WLC:Gen.8.13"", ""basis"": ""protected time measured in ark"", ""note"": ""The commentary's refuge can enclose what feels like one interval but lasts a long span; Genesis dates the drying earth in Noah's six hundred and first year, after the ark kept its occupants through the flood."", ""turn"": 1, ""model"": ""sol"", ""connection_id"": ""BC-3880e5eb1eb02e5b1f16""}]"
WLC:Gen.8.2	medium	tevrat	motif	rain restrained after flood	The commentary's cloud may cease to release its contents; Genesis says the rain from heaven was restrained when the flood's waters began to recede, a noncognate wording of holding back rain.	103:1	"[{""line"": 87, ""strength"": ""medium"", ""tradition"": ""tevrat"", ""kind"": ""motif"", ""ref"": ""WLC:Gen.8.2"", ""basis"": ""rain restrained after flood"", ""note"": ""The commentary's cloud may cease to release its contents; Genesis says the rain from heaven was restrained when the flood's waters began to recede, a noncognate wording of holding back rain."", ""turn"": 1, ""model"": ""sol"", ""connection_id"": ""BC-8aa1a59c4f63bdbe4080""}]"
WLC:Hag.1.10	medium	tevrat	motif	heavens withhold dew after failed harvest	The commentary's cloud release or closure governs agricultural gain; Haggai says the heavens withheld dew and the earth withheld its produce, supplying the weather side of the pierced-wages lament.	103:1	"[{""line"": 182, ""strength"": ""medium"", ""tradition"": ""tevrat"", ""kind"": ""motif"", ""ref"": ""WLC:Hag.1.10"", ""basis"": ""heavens withhold dew after failed harvest"", ""note"": ""The commentary's cloud release or closure governs agricultural gain; Haggai says the heavens withheld dew and the earth withheld its produce, supplying the weather side of the pierced-wages lament."", ""turn"": 2, ""model"": ""sol"", ""connection_id"": ""BC-b994ee34a059f177922f""}]"
WLC:Hag.1.6	strong	tevrat	motif	wages placed in a bag with holes	The commentary's time is capital and pressing separates valuable flow from residue; Haggai says people sow much but harvest little and earn wages only to put them in a pierced bag, an exact image of labor's yield leaking away.	103:1	"[{""line"": 138, ""strength"": ""strong"", ""tradition"": ""tevrat"", ""kind"": ""motif"", ""ref"": ""WLC:Hag.1.6"", ""basis"": ""wages placed in a bag with holes"", ""note"": ""The commentary's time is capital and pressing separates valuable flow from residue; Haggai says people sow much but harvest little and earn wages only to put them in a pierced bag, an exact image of labor's yield leaking away."", ""turn"": 2, ""model"": ""sol"", ""connection_id"": ""BC-9e61480c93fa0bb5ab39""}]"
WLC:Hos.8.7	medium	tevrat	motif	sow wind, reap whirlwind	The commentary's harvest may be erased by a violent wind; Hosea says sowing wind reaps whirlwind and yields no grain, coupling failed crop and intensified storm.	103:1	"[{""line"": 100, ""strength"": ""medium"", ""tradition"": ""tevrat"", ""kind"": ""motif"", ""ref"": ""WLC:Hos.8.7"", ""basis"": ""sow wind, reap whirlwind"", ""note"": ""The commentary's harvest may be erased by a violent wind; Hosea says sowing wind reaps whirlwind and yields no grain, coupling failed crop and intensified storm."", ""turn"": 1, ""model"": ""sol"", ""connection_id"": ""BC-f31010ac00c57862ab7e""}]"
WLC:Isa.16.10	medium	tevrat	motif	wine ceases in presses	The commentary's future year of squeezing marks relief; Isaiah's lament removes joy from fruitful fields and silences wine in the presses, a specific reversal of that hoped-for sound.	103:1	"[{""line"": 93, ""strength"": ""medium"", ""tradition"": ""tevrat"", ""kind"": ""motif"", ""ref"": ""WLC:Isa.16.10"", ""basis"": ""wine ceases in presses"", ""note"": ""The commentary's future year of squeezing marks relief; Isaiah's lament removes joy from fruitful fields and silences wine in the presses, a specific reversal of that hoped-for sound."", ""turn"": 1, ""model"": ""sol"", ""connection_id"": ""BC-dc8d2ef78ed303d3ba71""}]"
WLC:Isa.17.13	medium	tevrat	motif	chaff and dust swept by storm	The commentary's whirlwind lifts and scatters dry residue; Isaiah likens nations driven away to mountain chaff before wind and whirling dust before storm.	103:1	"[{""line"": 101, ""strength"": ""medium"", ""tradition"": ""tevrat"", ""kind"": ""motif"", ""ref"": ""WLC:Isa.17.13"", ""basis"": ""chaff and dust swept by storm"", ""note"": ""The commentary's whirlwind lifts and scatters dry residue; Isaiah likens nations driven away to mountain chaff before wind and whirling dust before storm."", ""turn"": 1, ""model"": ""sol"", ""connection_id"": ""BC-11ee8fab0eafa51fad90""}]"
WLC:Isa.2.19	medium	tevrat	karsi_anlati	caves from fear of divine rising	The commentary's cave opens room for mercy to endangered believers; Isaiah's people enter rock caves and ground holes from the LORD's terror, giving enclosure a contrary meaning at judgment.	103:1	"[{""line"": 186, ""strength"": ""medium"", ""tradition"": ""tevrat"", ""kind"": ""karsi_anlati"", ""ref"": ""WLC:Isa.2.19"", ""basis"": ""caves from fear of divine rising"", ""note"": ""The commentary's cave opens room for mercy to endangered believers; Isaiah's people enter rock caves and ground holes from the LORD's terror, giving enclosure a contrary meaning at judgment."", ""turn"": 2, ""model"": ""sol"", ""connection_id"": ""BC-a1b59c7e12b79b8d900a""}]"
WLC:Isa.27.3	medium	tevrat	motif	vineyard watered and watched continually	The commentary's protected grain and watered garden survive time; Isaiah's LORD says he waters and guards his vineyard at every moment, a positive inverse to the lost garden.	103:1	"[{""line"": 83, ""strength"": ""medium"", ""tradition"": ""tevrat"", ""kind"": ""motif"", ""ref"": ""WLC:Isa.27.3"", ""basis"": ""vineyard watered and watched continually"", ""note"": ""The commentary's protected grain and watered garden survive time; Isaiah's LORD says he waters and guards his vineyard at every moment, a positive inverse to the lost garden."", ""turn"": 1, ""model"": ""sol"", ""connection_id"": ""BC-f7921759c5391637246b""}]"
WLC:Isa.5.2	strong	tevrat	motif	vineyard, wine vat, failed fruit	The commentary joins grapes awaiting pressing to the prospect that accumulated work fails; Isaiah's vineyard has a built wine vat but yields wild grapes instead of the expected harvest.	103:1	"[{""line"": 53, ""strength"": ""strong"", ""tradition"": ""tevrat"", ""kind"": ""motif"", ""ref"": ""WLC:Isa.5.2"", ""basis"": ""vineyard, wine vat, failed fruit"", ""note"": ""The commentary joins grapes awaiting pressing to the prospect that accumulated work fails; Isaiah's vineyard has a built wine vat but yields wild grapes instead of the expected harvest."", ""turn"": 1, ""model"": ""sol"", ""connection_id"": ""BC-dc83cc8c31f3082fe763""}]"
WLC:Isa.5.5	strong	tevrat	motif	vineyard protection removed	The commentary joins shelter to a garden's exposure at the wrong moment; Isaiah announces removal of the vineyard hedge and wall, after which it will be eaten and trampled.	103:1	"[{""line"": 54, ""strength"": ""strong"", ""tradition"": ""tevrat"", ""kind"": ""motif"", ""ref"": ""WLC:Isa.5.5"", ""basis"": ""vineyard protection removed"", ""note"": ""The commentary joins shelter to a garden's exposure at the wrong moment; Isaiah announces removal of the vineyard hedge and wall, after which it will be eaten and trampled."", ""turn"": 1, ""model"": ""sol"", ""connection_id"": ""BC-5ea25e3c9f2ae2a607de""}]"
WLC:Isa.5.6	strong	tevrat	motif	clouds barred from watering vineyard	The commentary's pressed cloud should bring rain to grain and garden; Isaiah commands clouds not to rain on the failed vineyard, turning off the source of yield.	103:1	"[{""line"": 55, ""strength"": ""strong"", ""tradition"": ""tevrat"", ""kind"": ""motif"", ""ref"": ""WLC:Isa.5.6"", ""basis"": ""clouds barred from watering vineyard"", ""note"": ""The commentary's pressed cloud should bring rain to grain and garden; Isaiah commands clouds not to rain on the failed vineyard, turning off the source of yield."", ""turn"": 1, ""model"": ""sol"", ""connection_id"": ""BC-358ea0348e918b58d636""}]"
WLC:Isa.5.7	strong	tevrat	motif	vineyard interpreted as moral fruit	The commentary reads the ruined garden as a picture of moral loss after withheld good; Isaiah identifies the vineyard as Israel and says God expected justice but found bloodshed, giving the garden's failed crop its ethical referent.	103:1	"[{""line"": 139, ""strength"": ""strong"", ""tradition"": ""tevrat"", ""kind"": ""motif"", ""ref"": ""WLC:Isa.5.7"", ""basis"": ""vineyard interpreted as moral fruit"", ""note"": ""The commentary reads the ruined garden as a picture of moral loss after withheld good; Isaiah identifies the vineyard as Israel and says God expected justice but found bloodshed, giving the garden's failed crop its ethical referent."", ""turn"": 2, ""model"": ""sol"", ""connection_id"": ""BC-cef81a781d58c9d5fd35""}]"
WLC:Isa.55.10	strong	tevrat	motif	rain makes seed and bread	The commentary traces squeezed cloud to grain, plant, and provision; Isaiah says rain and snow water earth, make it sprout, and give seed to the sower and bread to the eater, a full agricultural sequence.	103:1	"[{""line"": 145, ""strength"": ""strong"", ""tradition"": ""tevrat"", ""kind"": ""motif"", ""ref"": ""WLC:Isa.55.10"", ""basis"": ""rain makes seed and bread"", ""note"": ""The commentary traces squeezed cloud to grain, plant, and provision; Isaiah says rain and snow water earth, make it sprout, and give seed to the sower and bread to the eater, a full agricultural sequence."", ""turn"": 2, ""model"": ""sol"", ""connection_id"": ""BC-930769984937927183ec""}]"
WLC:Isa.59.17	medium	tevrat	motif	armor and salvation	The commentary's encircling armor is linked to rescue; Isaiah depicts the LORD wearing righteousness as a breastplate and salvation as a helmet, giving protective equipment a moral meaning.	103:1	"[{""line"": 98, ""strength"": ""medium"", ""tradition"": ""tevrat"", ""kind"": ""motif"", ""ref"": ""WLC:Isa.59.17"", ""basis"": ""armor and salvation"", ""note"": ""The commentary's encircling armor is linked to rescue; Isaiah depicts the LORD wearing righteousness as a breastplate and salvation as a helmet, giving protective equipment a moral meaning."", ""turn"": 1, ""model"": ""sol"", ""connection_id"": ""BC-d3a7e8b408f3c5c0ac8e""}]"
WLC:Isa.63.3	medium	tevrat	motif	The divine warrior treads the winepress alone | winepress yields red juice under feet	The commentary distinguishes the flowing extract from the dry residue; Isaiah pictures God treading the winepress until garments are stained with blood, a counter-image in which pressing signifies judgment rather than bounty. | The commentary names pressing as extraction that can turn morally dark; Isaiah's speaker treads a winepress alone, with red liquid on his garments as an image of judgment rather than bounty.	103:1	"[{""line"": 43, ""strength"": ""medium"", ""tradition"": ""tevrat"", ""kind"": ""motif"", ""ref"": ""WLC:Isa.63.3"", ""basis"": ""The divine warrior treads the winepress alone"", ""note"": ""The commentary distinguishes the flowing extract from the dry residue; Isaiah pictures God treading the winepress until garments are stained with blood, a counter-image in which pressing signifies judgment rather than bounty."", ""turn"": 1, ""model"": ""luna"", ""connection_id"": ""BC-ff7f0aba9090dadce7b0""}, {""line"": 90, ""strength"": ""medium"", ""tradition"": ""tevrat"", ""kind"": ""motif"", ""ref"": ""WLC:Isa.63.3"", ""basis"": ""winepress yields red juice under feet"", ""note"": ""The commentary names pressing as extraction that can turn morally dark; Isaiah's speaker treads a winepress alone, with red liquid on his garments as an image of judgment rather than bounty."", ""turn"": 1, ""model"": ""sol"", ""connection_id"": ""BC-9dd029e4d1b5d128f050""}]"
WLC:Isa.65.8	strong	tevrat	motif	blessing remains inside a grape cluster	The commentary separates extracted good from dry remainder and makes rescue an exception to loss; Isaiah says not to destroy a cluster because new wine is found in it and uses that reason to spare some servants.	103:1	"[{""line"": 140, ""strength"": ""strong"", ""tradition"": ""tevrat"", ""kind"": ""motif"", ""ref"": ""WLC:Isa.65.8"", ""basis"": ""blessing remains inside a grape cluster"", ""note"": ""The commentary separates extracted good from dry remainder and makes rescue an exception to loss; Isaiah says not to destroy a cluster because new wine is found in it and uses that reason to spare some servants."", ""turn"": 2, ""model"": ""sol"", ""connection_id"": ""BC-c382a6c91e744bf2f08d""}]"
WLC:Isa.66.9	strong	tevrat	soydas	ع ص ر / עצר; table sound correspondence	The commentary contrasts protecting what is held with letting life emerge; Isaiah asks whether God would bring a woman to birth and then shut the womb, using עצר at the threshold of release.	103:1	"[{""line"": 19, ""strength"": ""strong"", ""tradition"": ""tevrat"", ""kind"": ""soydas"", ""ref"": ""WLC:Isa.66.9"", ""basis"": ""ع ص ر / עצר; table sound correspondence"", ""note"": ""The commentary contrasts protecting what is held with letting life emerge; Isaiah asks whether God would bring a woman to birth and then shut the womb, using עצר at the threshold of release."", ""turn"": 1, ""model"": ""sol"", ""connection_id"": ""BC-bc2480d8802bd19c3571""}]"
WLC:Jer.6.4	strong	tevrat	motif	day declines; evening shadows lengthen	The commentary's afternoon is the edge before action becomes too late; attackers in Jeremiah urge an assault at noon, then lament the declining day and stretching evening shadows.	103:1	"[{""line"": 30, ""strength"": ""strong"", ""tradition"": ""tevrat"", ""kind"": ""motif"", ""ref"": ""WLC:Jer.6.4"", ""basis"": ""day declines; evening shadows lengthen"", ""note"": ""The commentary's afternoon is the edge before action becomes too late; attackers in Jeremiah urge an assault at noon, then lament the declining day and stretching evening shadows."", ""turn"": 1, ""model"": ""sol"", ""connection_id"": ""BC-b90396d1f6efe84559c4""}]"
WLC:Job.1.19	strong	tevrat	motif	A great wind kills the children in a collapsing house | wind destroys house and children	The commentary's garden is destroyed by a whirlwind while its owner has weak descendants; Job reports a wind that collapses a house onto his children, a specific parallel of destructive wind and vulnerable offspring. | The commentary's old owner has vulnerable children when sudden wind destroys provision; in Job's report a great desert wind strikes the house, killing his children, giving the family vulnerability a narrative parallel.	103:1	"[{""line"": 48, ""strength"": ""medium"", ""tradition"": ""tevrat"", ""kind"": ""motif"", ""ref"": ""WLC:Job.1.19"", ""basis"": ""A great wind kills the children in a collapsing house"", ""note"": ""The commentary's garden is destroyed by a whirlwind while its owner has weak descendants; Job reports a wind that collapses a house onto his children, a specific parallel of destructive wind and vulnerable offspring."", ""turn"": 1, ""model"": ""luna"", ""connection_id"": ""BC-b8a9bd4026e333386faa""}, {""line"": 56, ""strength"": ""strong"", ""tradition"": ""tevrat"", ""kind"": ""motif"", ""ref"": ""WLC:Job.1.19"", ""basis"": ""wind destroys house and children"", ""note"": ""The commentary's old owner has vulnerable children when sudden wind destroys provision; in Job's report a great desert wind strikes the house, killing his children, giving the family vulnerability a narrative parallel."", ""turn"": 1, ""model"": ""sol"", ""connection_id"": ""BC-f8750c7d382504749303""}]"
WLC:Job.12.15	strong	tevrat	soydas	Arabic ع ص ر / Hebrew עצר; table sound correspondence, unverified | ع ص ر / עצר; table sound correspondence	The commentary contrasts rain that flows from clouds with a dry, pressed remnant; Job says that when God holds back waters they dry up, and when he releases them they flood the land, a close semantic fit through the table's unverified sound correspondence. | The commentary pairs a held cloud with released water and dry residue; Job says God restrains waters so they dry up and sends them so they overturn earth, giving the Hebrew root an explicit hold and release contrast.	103:1	"[{""line"": 66, ""strength"": ""weak"", ""tradition"": ""tevrat"", ""kind"": ""soydas"", ""ref"": ""WLC:Job.12.15"", ""basis"": ""Arabic ع ص ر / Hebrew עצר; table sound correspondence, unverified"", ""note"": ""The commentary contrasts rain that flows from clouds with a dry, pressed remnant; Job says that when God holds back waters they dry up, and when he releases them they flood the land, a close semantic fit through the table's unverified sound correspondence."", ""turn"": 1, ""model"": ""luna"", ""connection_id"": ""BC-c10e7873eb8f9ad14ab8""}, {""line"": 13, ""strength"": ""strong"", ""tradition"": ""tevrat"", ""kind"": ""soydas"", ""ref"": ""WLC:Job.12.15"", ""basis"": ""ع ص ر / עצר; table sound correspondence"", ""note"": ""The commentary pairs a held cloud with released water and dry residue; Job says God restrains waters so they dry up and sends them so they overturn earth, giving the Hebrew root an explicit hold and release contrast."", ""turn"": 1, ""model"": ""sol"", ""connection_id"": ""BC-9f29e6abdf8406c33558""}]"
WLC:Job.14.5	medium	tevrat	motif	fixed limit of human days	The commentary treats one's duration as allotted time that cannot be recovered; Job says human days and months are determined and their boundary cannot be crossed.	103:1	"[{""line"": 67, ""strength"": ""medium"", ""tradition"": ""tevrat"", ""kind"": ""motif"", ""ref"": ""WLC:Job.14.5"", ""basis"": ""fixed limit of human days"", ""note"": ""The commentary treats one's duration as allotted time that cannot be recovered; Job says human days and months are determined and their boundary cannot be crossed."", ""turn"": 1, ""model"": ""sol"", ""connection_id"": ""BC-9960234c97e7c699a560""}]"
WLC:Job.14.6	medium	tevrat	motif	hired worker's day ends	The commentary combines late life with the day's wage; Job asks that a mortal be left alone until he completes his day like a hired worker, making the life/day analogy explicit.	103:1	"[{""line"": 68, ""strength"": ""medium"", ""tradition"": ""tevrat"", ""kind"": ""motif"", ""ref"": ""WLC:Job.14.6"", ""basis"": ""hired worker's day ends"", ""note"": ""The commentary combines late life with the day's wage; Job asks that a mortal be left alone until he completes his day like a hired worker, making the life/day analogy explicit."", ""turn"": 1, ""model"": ""sol"", ""connection_id"": ""BC-6b74621b06a019d04dcb""}]"
WLC:Job.24.11	medium	tevrat	motif	winepress workers remain thirsty	The commentary juxtaposes juice extracted by pressure with a dry thirsty mouth; Job describes oppressed laborers treading winepresses yet suffering thirst, a concrete ethical reversal of access to the product.	103:1	"[{""line"": 89, ""strength"": ""medium"", ""tradition"": ""tevrat"", ""kind"": ""motif"", ""ref"": ""WLC:Job.24.11"", ""basis"": ""winepress workers remain thirsty"", ""note"": ""The commentary juxtaposes juice extracted by pressure with a dry thirsty mouth; Job describes oppressed laborers treading winepresses yet suffering thirst, a concrete ethical reversal of access to the product."", ""turn"": 1, ""model"": ""sol"", ""connection_id"": ""BC-a94a5f2fe9be8c729426""}]"
WLC:Job.27.16	medium	tevrat	soydas	ص ب ر / צבר; table sound correspondence	The commentary's lifetime of accumulated yield can disappear; Job uses צבר of a wicked man heaping silver like dust before another receives it, giving the table root a precarious accumulation scene.	103:1	"[{""line"": 76, ""strength"": ""medium"", ""tradition"": ""tevrat"", ""kind"": ""soydas"", ""ref"": ""WLC:Job.27.16"", ""basis"": ""ص ب ر / צבר; table sound correspondence"", ""note"": ""The commentary's lifetime of accumulated yield can disappear; Job uses צבר of a wicked man heaping silver like dust before another receives it, giving the table root a precarious accumulation scene."", ""turn"": 1, ""model"": ""sol"", ""connection_id"": ""BC-7214e6afccc666a8a706""}]"
WLC:Job.38.37	strong	tevrat	motif	water jars of heaven tipped	The commentary's pressed cloud behaves like a container whose water is released; God's question about who can tip the water jars of the heavens supplies another concrete vessel image for rainfall.	103:1	"[{""line"": 143, ""strength"": ""strong"", ""tradition"": ""tevrat"", ""kind"": ""motif"", ""ref"": ""WLC:Job.38.37"", ""basis"": ""water jars of heaven tipped"", ""note"": ""The commentary's pressed cloud behaves like a container whose water is released; God's question about who can tip the water jars of the heavens supplies another concrete vessel image for rainfall."", ""turn"": 2, ""model"": ""sol"", ""connection_id"": ""BC-2e804cad4d60858f32bb""}]"
WLC:Job.38.38	strong	tevrat	motif	dust becomes a hard mass	The commentary contrasts released water with compressed dry residue; Job's next question describes dust hardening into a mass and clods sticking together, the arid earth after the heavenly jars image.	103:1	"[{""line"": 144, ""strength"": ""strong"", ""tradition"": ""tevrat"", ""kind"": ""motif"", ""ref"": ""WLC:Job.38.38"", ""basis"": ""dust becomes a hard mass"", ""note"": ""The commentary contrasts released water with compressed dry residue; Job's next question describes dust hardening into a mass and clods sticking together, the arid earth after the heavenly jars image."", ""turn"": 2, ""model"": ""sol"", ""connection_id"": ""BC-2c17bece8ed6234ee736""}]"
WLC:Job.7.6	weak	tevrat	motif	days faster than weaver's shuttle	The commentary turns a long period into a fleeting instant when viewed late; Job compares his days to a shuttle that moves quickly and ends without hope, though its textile image differs from afternoon light.	103:1	"[{""line"": 131, ""strength"": ""weak"", ""tradition"": ""tevrat"", ""kind"": ""motif"", ""ref"": ""WLC:Job.7.6"", ""basis"": ""days faster than weaver's shuttle"", ""note"": ""The commentary turns a long period into a fleeting instant when viewed late; Job compares his days to a shuttle that moves quickly and ends without hope, though its textile image differs from afternoon light."", ""turn"": 1, ""model"": ""sol"", ""connection_id"": ""BC-00c64f42676747687d20""}]"
WLC:Joel.1.14	strong	tevrat	soydas	ع ص ر / עצר; table sound correspondence	The commentary lets restraint become shelter and communal response to loss; Joel orders a solemn assembly, עצרה, amid devastated crops and summoned elders, moving the root from closure to gathered supplication.	103:1	"[{""line"": 16, ""strength"": ""strong"", ""tradition"": ""tevrat"", ""kind"": ""soydas"", ""ref"": ""WLC:Joel.1.14"", ""basis"": ""ع ص ر / עצר; table sound correspondence"", ""note"": ""The commentary lets restraint become shelter and communal response to loss; Joel orders a solemn assembly, עצרה, amid devastated crops and summoned elders, moving the root from closure to gathered supplication."", ""turn"": 1, ""model"": ""sol"", ""connection_id"": ""BC-7682b56e901cc7b39954""}]"
WLC:Joel.2.15	medium	tevrat	soydas	ع ص ر / עצר; table sound correspondence	The commentary's threatened garden and common counsel meet in Joel's call to consecrate a fast and summon an עצרה, a gathered assembly facing devastation rather than a private refuge.	103:1	"[{""line"": 114, ""strength"": ""medium"", ""tradition"": ""tevrat"", ""kind"": ""soydas"", ""ref"": ""WLC:Joel.2.15"", ""basis"": ""ع ص ر / עצר; table sound correspondence"", ""note"": ""The commentary's threatened garden and common counsel meet in Joel's call to consecrate a fast and summon an עצרה, a gathered assembly facing devastation rather than a private refuge."", ""turn"": 1, ""model"": ""sol"", ""connection_id"": ""BC-4dc0c61c8b5e330032da""}]"
WLC:Joel.2.24	medium	tevrat	motif	Rain fills threshing floors and vats	The commentary's squeezed-cloud image leads to grain, plants, and gardens; Joel describes threshing floors full of grain and vats overflowing after rain, a parallel chain from water to agricultural abundance.	103:1	"[{""line"": 41, ""strength"": ""medium"", ""tradition"": ""tevrat"", ""kind"": ""motif"", ""ref"": ""WLC:Joel.2.24"", ""basis"": ""Rain fills threshing floors and vats"", ""note"": ""The commentary's squeezed-cloud image leads to grain, plants, and gardens; Joel describes threshing floors full of grain and vats overflowing after rain, a parallel chain from water to agricultural abundance."", ""turn"": 1, ""model"": ""luna"", ""connection_id"": ""BC-4e3af7722e002b00dcf9""}]"
WLC:Joel.4.13	medium	tevrat	motif	Winepress as judgment	The commentary's pressing can yield a gift or leave a dry remainder; Joel summons the sickle and treading of a full winepress as the nations' judgment, making the same harvest image destructive.	103:1	"[{""line"": 42, ""strength"": ""medium"", ""tradition"": ""tevrat"", ""kind"": ""motif"", ""ref"": ""WLC:Joel.4.13"", ""basis"": ""Winepress as judgment"", ""note"": ""The commentary's pressing can yield a gift or leave a dry remainder; Joel summons the sickle and treading of a full winepress as the nations' judgment, making the same harvest image destructive."", ""turn"": 1, ""model"": ""luna"", ""connection_id"": ""BC-06a76653aeb24b023f2b""}]"
WLC:Jonah.4.6	medium	tevrat	motif	A plant briefly shelters a distressed person	The commentary calls asr a refuge for the distressed; Jonah's plant grows to shade him from discomfort, giving shelter a temporary, living form that can soon be lost.	103:1	"[{""line"": 49, ""strength"": ""medium"", ""tradition"": ""tevrat"", ""kind"": ""motif"", ""ref"": ""WLC:Jonah.4.6"", ""basis"": ""A plant briefly shelters a distressed person"", ""note"": ""The commentary calls asr a refuge for the distressed; Jonah's plant grows to shade him from discomfort, giving shelter a temporary, living form that can soon be lost."", ""raw_ref"": ""WLC:Jon.4.6"", ""reference_resolution"": ""edition-book-names-v2"", ""turn"": 1, ""model"": ""luna"", ""connection_id"": ""BC-eeda2411b0e15c476bf7""}]"
WLC:Judg.13.15	weak	tevrat	soydas	Arabic ع ص ر / Hebrew עצר; table sound correspondence, unverified	The commentary gives the Arabic dictionary sense of al-ʿaṣr as holding or detaining; Manoah asks to detain his visitor while preparing food, using Hebrew עצר. The package table marks the sound match as a candidate only.	103:1	"[{""line"": 62, ""strength"": ""weak"", ""tradition"": ""tevrat"", ""kind"": ""soydas"", ""ref"": ""WLC:Judg.13.15"", ""basis"": ""Arabic ع ص ر / Hebrew עצר; table sound correspondence, unverified"", ""note"": ""The commentary gives the Arabic dictionary sense of al-ʿaṣr as holding or detaining; Manoah asks to detain his visitor while preparing food, using Hebrew עצר. The package table marks the sound match as a candidate only."", ""turn"": 1, ""model"": ""luna"", ""connection_id"": ""BC-950badeb869a3be102e9""}]"
WLC:Judg.6.11	strong	tevrat	motif	wheat hidden in winepress	The commentary connects pressing equipment and keeping grain safe in danger; Gideon threshes wheat in a winepress to hide it from Midian, joining press, harvest, and protective enclosure in one scene.	103:1	"[{""line"": 20, ""strength"": ""strong"", ""tradition"": ""tevrat"", ""kind"": ""motif"", ""ref"": ""WLC:Judg.6.11"", ""basis"": ""wheat hidden in winepress"", ""note"": ""The commentary connects pressing equipment and keeping grain safe in danger; Gideon threshes wheat in a winepress to hide it from Midian, joining press, harvest, and protective enclosure in one scene."", ""turn"": 1, ""model"": ""sol"", ""connection_id"": ""BC-056b0bb9ba3b380fe3a2""}]"
WLC:Lev.15.19	medium	tevrat	motif	Menstruation as a timed ritual boundary	The commentary's lexicon describes the first menstruating girl as held at home for protection; Leviticus assigns menstrual bleeding a seven-day impurity and contact rules, offering a distinct ritual reading of that timed threshold rather than confirming the commentary's protective etymology.	103:1	"[{""line"": 56, ""strength"": ""medium"", ""tradition"": ""tevrat"", ""kind"": ""motif"", ""ref"": ""WLC:Lev.15.19"", ""basis"": ""Menstruation as a timed ritual boundary"", ""note"": ""The commentary's lexicon describes the first menstruating girl as held at home for protection; Leviticus assigns menstrual bleeding a seven-day impurity and contact rules, offering a distinct ritual reading of that timed threshold rather than confirming the commentary's protective etymology."", ""turn"": 1, ""model"": ""luna"", ""connection_id"": ""BC-262662be49db271cfd42""}]"
WLC:Lev.19.13	strong	tevrat	motif	worker's wages before morning	The commentary hears a day's diminishing time and its due wage; Leviticus forbids keeping a hired worker's pay overnight, fixing giving to the day's boundary.	103:1	"[{""line"": 25, ""strength"": ""strong"", ""tradition"": ""tevrat"", ""kind"": ""motif"", ""ref"": ""WLC:Lev.19.13"", ""basis"": ""worker's wages before morning"", ""note"": ""The commentary hears a day's diminishing time and its due wage; Leviticus forbids keeping a hired worker's pay overnight, fixing giving to the day's boundary."", ""turn"": 1, ""model"": ""sol"", ""connection_id"": ""BC-c51f5aaad0ec8c3269c0""}]"
WLC:Lev.23.36	strong	tevrat	soydas	Arabic ع ص ر / Hebrew עצר; table sound correspondence, unverified | ع ص ر / עצר; table sound correspondence	The package table gives Hebrew עצר a festival-assembly sense; Leviticus marks the eighth day with a sacred assembly, a calendrical use alongside the commentary's afternoon prayer and day-boundary senses, without establishing cognacy. | The commentary's asr marks a day's edge and a holding together; the eighth day after seven festival days is called עצרת, a sacred closing assembly, supplying a calendrical communal use of the Hebrew root.	103:1	"[{""line"": 57, ""strength"": ""medium"", ""tradition"": ""tevrat"", ""kind"": ""soydas"", ""ref"": ""WLC:Lev.23.36"", ""basis"": ""Arabic ع ص ر / Hebrew עצר; table sound correspondence, unverified"", ""note"": ""The package table gives Hebrew עצר a festival-assembly sense; Leviticus marks the eighth day with a sacred assembly, a calendrical use alongside the commentary's afternoon prayer and day-boundary senses, without establishing cognacy."", ""turn"": 1, ""model"": ""luna"", ""connection_id"": ""BC-cb9cce4049d0549ab1c2""}, {""line"": 17, ""strength"": ""strong"", ""tradition"": ""tevrat"", ""kind"": ""soydas"", ""ref"": ""WLC:Lev.23.36"", ""basis"": ""ع ص ر / עצר; table sound correspondence"", ""note"": ""The commentary's asr marks a day's edge and a holding together; the eighth day after seven festival days is called עצרת, a sacred closing assembly, supplying a calendrical communal use of the Hebrew root."", ""turn"": 1, ""model"": ""sol"", ""connection_id"": ""BC-c80a6cf174aef37bfb62""}]"
WLC:Mal.3.10	medium	tevrat	motif	giving stores and opened heaven	The commentary joins a released store to rain and overflowing gain; Malachi tells worshipers to bring the full tithe into the storehouse and promises opened windows of heaven with blessing.	103:1	"[{""line"": 79, ""strength"": ""medium"", ""tradition"": ""tevrat"", ""kind"": ""motif"", ""ref"": ""WLC:Mal.3.10"", ""basis"": ""giving stores and opened heaven"", ""note"": ""The commentary joins a released store to rain and overflowing gain; Malachi tells worshipers to bring the full tithe into the storehouse and promises opened windows of heaven with blessing."", ""turn"": 1, ""model"": ""sol"", ""connection_id"": ""BC-c4aec2cf25042f917e34""}]"
WLC:Mal.3.11	strong	tevrat	motif	gift protects fruit from destruction	The commentary's generous hand, guarded harvest, and endangered garden meet here; after the tithe promise, God says he will rebuke the devourer so crops are not destroyed and the vine does not fail to bear.	103:1	"[{""line"": 141, ""strength"": ""strong"", ""tradition"": ""tevrat"", ""kind"": ""motif"", ""ref"": ""WLC:Mal.3.11"", ""basis"": ""gift protects fruit from destruction"", ""note"": ""The commentary's generous hand, guarded harvest, and endangered garden meet here; after the tithe promise, God says he will rebuke the devourer so crops are not destroyed and the vine does not fail to bear."", ""turn"": 2, ""model"": ""sol"", ""connection_id"": ""BC-f0ea6f4a819ed3ca3e93""}]"
WLC:Nah.1.3	medium	tevrat	motif	whirlwind and dust	The commentary sees wind raise dust into a moving trace; Nahum depicts the LORD's path in whirlwind and storm and clouds as dust of his feet, recasting the atmospheric image as divine approach.	103:1	"[{""line"": 102, ""strength"": ""medium"", ""tradition"": ""tevrat"", ""kind"": ""motif"", ""ref"": ""WLC:Nah.1.3"", ""basis"": ""whirlwind and dust"", ""note"": ""The commentary sees wind raise dust into a moving trace; Nahum depicts the LORD's path in whirlwind and storm and clouds as dust of his feet, recasting the atmospheric image as divine approach."", ""turn"": 1, ""model"": ""sol"", ""connection_id"": ""BC-c96710af12330f022602""}]"
WLC:Num.14.23	strong	tevrat	motif	Oath and exclusion from the sworn land	The commentary places an oath just before a verdict of loss; Numbers says the rebellious generation will not see the land sworn to their ancestors, joining oath, missed inheritance, and a closed future.	103:1	"[{""line"": 9, ""strength"": ""strong"", ""tradition"": ""tevrat"", ""kind"": ""motif"", ""ref"": ""WLC:Num.14.23"", ""basis"": ""Oath and exclusion from the sworn land"", ""note"": ""The commentary places an oath just before a verdict of loss; Numbers says the rebellious generation will not see the land sworn to their ancestors, joining oath, missed inheritance, and a closed future."", ""turn"": 1, ""model"": ""luna"", ""connection_id"": ""BC-f0598d2cd8ebfba2cd03""}]"
WLC:Num.14.24	strong	tevrat	motif	Caleb as the exception	After the generation is excluded, Numbers singles out Caleb, who followed fully and will enter the land; this gives a precise biblical instance of a general loss followed by an exception for the faithful.	103:1	"[{""line"": 10, ""strength"": ""strong"", ""tradition"": ""tevrat"", ""kind"": ""motif"", ""ref"": ""WLC:Num.14.24"", ""basis"": ""Caleb as the exception"", ""note"": ""After the generation is excluded, Numbers singles out Caleb, who followed fully and will enter the land; this gives a precise biblical instance of a general loss followed by an exception for the faithful."", ""turn"": 1, ""model"": ""luna"", ""connection_id"": ""BC-880780f8eeb43f6bdc96""}]"
WLC:Num.17.13	weak	tevrat	soydas	Arabic ع ص ر / Hebrew עצר; table sound correspondence, unverified	The commentary connects holding tightly with refuge and protection; Aaron stands between the dead and living while the plague is stopped with Hebrew עצר, a protective restraint that echoes that image.	103:1	"[{""line"": 64, ""strength"": ""weak"", ""tradition"": ""tevrat"", ""kind"": ""soydas"", ""ref"": ""WLC:Num.17.13"", ""basis"": ""Arabic ع ص ر / Hebrew עצר; table sound correspondence, unverified"", ""note"": ""The commentary connects holding tightly with refuge and protection; Aaron stands between the dead and living while the plague is stopped with Hebrew עצר, a protective restraint that echoes that image."", ""turn"": 1, ""model"": ""luna"", ""connection_id"": ""BC-851c883eab08e0f023e5""}]"
WLC:Num.27.7	medium	tevrat	motif	daughters receive inherited holding	The commentary's daughter at a life threshold can be sheltered or denied property by family control; God rules that Zelophehad's daughters receive their father's inheritance, a legal counterweight to withholding a child's share.	103:1	"[{""line"": 110, ""strength"": ""medium"", ""tradition"": ""tevrat"", ""kind"": ""motif"", ""ref"": ""WLC:Num.27.7"", ""basis"": ""daughters receive inherited holding"", ""note"": ""The commentary's daughter at a life threshold can be sheltered or denied property by family control; God rules that Zelophehad's daughters receive their father's inheritance, a legal counterweight to withholding a child's share."", ""turn"": 1, ""model"": ""sol"", ""connection_id"": ""BC-3141e3cb1a06c54eabe7""}]"
WLC:Num.35.25	strong	tevrat	motif	refuge bound to a lifespan	The commentary's shelter encloses a stretch of time; the manslayer must stay in the city of refuge until the high priest dies, making protection and a measured period inseparable.	103:1	"[{""line"": 57, ""strength"": ""strong"", ""tradition"": ""tevrat"", ""kind"": ""motif"", ""ref"": ""WLC:Num.35.25"", ""basis"": ""refuge bound to a lifespan"", ""note"": ""The commentary's shelter encloses a stretch of time; the manslayer must stay in the city of refuge until the high priest dies, making protection and a measured period inseparable."", ""turn"": 1, ""model"": ""sol"", ""connection_id"": ""BC-d29a276a021842fcc6fc""}]"
WLC:Prov.10.25	weak	tevrat	motif	whirlwind removes the wicked	The commentary's fiery storm makes accumulated provision disappear suddenly; Proverbs says the wicked is no more when a whirlwind passes, a compact moral use of a destructive gust without a garden.	103:1	"[{""line"": 132, ""strength"": ""weak"", ""tradition"": ""tevrat"", ""kind"": ""motif"", ""ref"": ""WLC:Prov.10.25"", ""basis"": ""whirlwind removes the wicked"", ""note"": ""The commentary's fiery storm makes accumulated provision disappear suddenly; Proverbs says the wicked is no more when a whirlwind passes, a compact moral use of a destructive gust without a garden."", ""turn"": 1, ""model"": ""sol"", ""connection_id"": ""BC-d3103d1dc463e4f480e8""}]"
WLC:Prov.11.24	strong	tevrat	motif	withholding ends in want	The commentary opposes a pressed hand that gives to a hand that retains everything; the proverb says one scatters and gains while one withholds what is due and comes to want.	103:1	"[{""line"": 21, ""strength"": ""strong"", ""tradition"": ""tevrat"", ""kind"": ""motif"", ""ref"": ""WLC:Prov.11.24"", ""basis"": ""withholding ends in want"", ""note"": ""The commentary opposes a pressed hand that gives to a hand that retains everything; the proverb says one scatters and gains while one withholds what is due and comes to want."", ""turn"": 1, ""model"": ""sol"", ""connection_id"": ""BC-f8902901c55f001ed05b""}]"
WLC:Prov.11.25	strong	tevrat	motif	giver also watered	The commentary makes released liquid an image of benefaction; the generous person in the proverb prospers and the one who waters others is watered, tying an outward flow to replenishment.	103:1	"[{""line"": 22, ""strength"": ""strong"", ""tradition"": ""tevrat"", ""kind"": ""motif"", ""ref"": ""WLC:Prov.11.25"", ""basis"": ""giver also watered"", ""note"": ""The commentary makes released liquid an image of benefaction; the generous person in the proverb prospers and the one who waters others is watered, tying an outward flow to replenishment."", ""turn"": 1, ""model"": ""sol"", ""connection_id"": ""BC-2bf644bcd534527067a0""}]"
WLC:Prov.11.26	strong	tevrat	motif	Withheld grain curses its owner	The commentary contrasts a hand that keeps produce with one that lets its extract become a gift; Proverbs says people curse the one who withholds grain and bless the seller, making the ethical difference between retention and release explicit.	103:1	"[{""line"": 18, ""strength"": ""strong"", ""tradition"": ""tevrat"", ""kind"": ""motif"", ""ref"": ""WLC:Prov.11.26"", ""basis"": ""Withheld grain curses its owner"", ""note"": ""The commentary contrasts a hand that keeps produce with one that lets its extract become a gift; Proverbs says people curse the one who withholds grain and bless the seller, making the ethical difference between retention and release explicit."", ""turn"": 1, ""model"": ""luna"", ""connection_id"": ""BC-78e7b8a71e679a8b1b5c""}]"
WLC:Prov.14.26	medium	tevrat	motif	Children have a refuge	The commentary says lineage can be a place of refuge; Proverbs says the children of one who fears the Lord have refuge, directly joining descent and protection.	103:1	"[{""line"": 51, ""strength"": ""medium"", ""tradition"": ""tevrat"", ""kind"": ""motif"", ""ref"": ""WLC:Prov.14.26"", ""basis"": ""Children have a refuge"", ""note"": ""The commentary says lineage can be a place of refuge; Proverbs says the children of one who fears the Lord have refuge, directly joining descent and protection."", ""turn"": 1, ""model"": ""luna"", ""connection_id"": ""BC-53090165736ab7a64c02""}]"
WLC:Prov.3.27	medium	tevrat	motif	good withheld while in hand	The commentary's grasp can either release benefit or retain it; Proverbs forbids withholding good from one owed it when the giver has power to act.	103:1	"[{""line"": 77, ""strength"": ""medium"", ""tradition"": ""tevrat"", ""kind"": ""motif"", ""ref"": ""WLC:Prov.3.27"", ""basis"": ""good withheld while in hand"", ""note"": ""The commentary's grasp can either release benefit or retain it; Proverbs forbids withholding good from one owed it when the giver has power to act."", ""turn"": 1, ""model"": ""sol"", ""connection_id"": ""BC-35cb015a4098edd04d78""}]"
WLC:Prov.3.28	medium	tevrat	motif	giving delayed until tomorrow	The commentary's late hour makes deferred generosity hazardous; Proverbs forbids telling a neighbor to return tomorrow for something already in one's possession.	103:1	"[{""line"": 78, ""strength"": ""medium"", ""tradition"": ""tevrat"", ""kind"": ""motif"", ""ref"": ""WLC:Prov.3.28"", ""basis"": ""giving delayed until tomorrow"", ""note"": ""The commentary's late hour makes deferred generosity hazardous; Proverbs forbids telling a neighbor to return tomorrow for something already in one's possession."", ""turn"": 1, ""model"": ""sol"", ""connection_id"": ""BC-ab10d7f03f54ad574060""}]"
WLC:Prov.30.4	medium	tevrat	motif	wind in fists and water in a garment	The commentary imagines grasping and containing fluid or wind before release; the riddle asks who has gathered wind in fists and bound waters in a garment, sharpening the containment image without using the table root.	103:1	"[{""line"": 88, ""strength"": ""medium"", ""tradition"": ""tevrat"", ""kind"": ""motif"", ""ref"": ""WLC:Prov.30.4"", ""basis"": ""wind in fists and water in a garment"", ""note"": ""The commentary imagines grasping and containing fluid or wind before release; the riddle asks who has gathered wind in fists and bound waters in a garment, sharpening the containment image without using the table root."", ""turn"": 1, ""model"": ""sol"", ""connection_id"": ""BC-a116e3c7f6ef19b66b9a""}]"
WLC:Ps.1.3	strong	tevrat	motif	fruit in its season beside water	The commentary makes time either release nourishing yield or leave dry residue; the righteous tree planted by streams bears fruit in its season and keeps its leaf from withering.	103:1	"[{""line"": 49, ""strength"": ""strong"", ""tradition"": ""tevrat"", ""kind"": ""motif"", ""ref"": ""WLC:Ps.1.3"", ""basis"": ""fruit in its season beside water"", ""note"": ""The commentary makes time either release nourishing yield or leave dry residue; the righteous tree planted by streams bears fruit in its season and keeps its leaf from withering."", ""turn"": 1, ""model"": ""sol"", ""connection_id"": ""BC-0e1b76eb1999f4de110f""}]"
WLC:Ps.1.4	strong	tevrat	motif	chaff driven by wind	The commentary's spent, dry remainder is vulnerable to the whirlwind; the psalm compares the wicked to chaff driven away by wind, opposite the rooted fruiting tree of its preceding verse.	103:1	"[{""line"": 50, ""strength"": ""strong"", ""tradition"": ""tevrat"", ""kind"": ""motif"", ""ref"": ""WLC:Ps.1.4"", ""basis"": ""chaff driven by wind"", ""note"": ""The commentary's spent, dry remainder is vulnerable to the whirlwind; the psalm compares the wicked to chaff driven away by wind, opposite the rooted fruiting tree of its preceding verse."", ""turn"": 1, ""model"": ""sol"", ""connection_id"": ""BC-ec7cb6c61d9128820418""}]"
WLC:Ps.102.12	strong	tevrat	motif	days like evening shadow	The commentary hears waning afternoon light as a mortal life near its end; the psalmist says his days are like an evening shadow and he withers like grass.	103:1	"[{""line"": 29, ""strength"": ""strong"", ""tradition"": ""tevrat"", ""kind"": ""motif"", ""ref"": ""WLC:Ps.102.12"", ""basis"": ""days like evening shadow"", ""note"": ""The commentary hears waning afternoon light as a mortal life near its end; the psalmist says his days are like an evening shadow and he withers like grass."", ""turn"": 1, ""model"": ""sol"", ""connection_id"": ""BC-a5fe217f950e1acb904b""}]"
WLC:Ps.104.23	medium	tevrat	motif	Human labor continues until evening	The commentary describes asr as the hour when work is nearly done and remaining time narrows; the psalm says people go out to work and labor until evening, giving that closing edge an ordinary workday scene.	103:1	"[{""line"": 29, ""strength"": ""medium"", ""tradition"": ""tevrat"", ""kind"": ""motif"", ""ref"": ""WLC:Ps.104.23"", ""basis"": ""Human labor continues until evening"", ""note"": ""The commentary describes asr as the hour when work is nearly done and remaining time narrows; the psalm says people go out to work and labor until evening, giving that closing edge an ordinary workday scene."", ""turn"": 1, ""model"": ""luna"", ""connection_id"": ""BC-fb22468245eef3c4bc1c""}]"
WLC:Ps.105.18	strong	tevrat	paralel	Joseph confined in fetters	The commentary places Joseph's waiting in prison; the psalm retells his story as feet bound in fetters until the promised time, giving the confinement a bodily image.	103:1	"[{""line"": 69, ""strength"": ""strong"", ""tradition"": ""tevrat"", ""kind"": ""paralel"", ""ref"": ""WLC:Ps.105.18"", ""basis"": ""Joseph confined in fetters"", ""note"": ""The commentary places Joseph's waiting in prison; the psalm retells his story as feet bound in fetters until the promised time, giving the confinement a bodily image."", ""turn"": 2, ""model"": ""luna"", ""connection_id"": ""BC-0c4c1e9fb3226d51218c""}]"
WLC:Ps.105.19	strong	tevrat	paralel	Joseph tested until his word comes true	The commentary arranges Joseph's prison years around delayed remembrance and eventual release; the psalm says the word of the Lord tested Joseph until what he had said came to pass, interpreting the delay as a trial.	103:1	"[{""line"": 70, ""strength"": ""strong"", ""tradition"": ""tevrat"", ""kind"": ""paralel"", ""ref"": ""WLC:Ps.105.19"", ""basis"": ""Joseph tested until his word comes true"", ""note"": ""The commentary arranges Joseph's prison years around delayed remembrance and eventual release; the psalm says the word of the Lord tested Joseph until what he had said came to pass, interpreting the delay as a trial."", ""turn"": 2, ""model"": ""luna"", ""connection_id"": ""BC-860239a62f68a125bcf6""}]"
WLC:Ps.126.5	medium	tevrat	motif	tearful sowing followed by harvest	The commentary's stored grain and patience can turn present hardship into eventual yield; the psalm says those sowing in tears will reap with joy, joining time, grain, and reversed loss.	103:1	"[{""line"": 184, ""strength"": ""medium"", ""tradition"": ""tevrat"", ""kind"": ""motif"", ""ref"": ""WLC:Ps.126.5"", ""basis"": ""tearful sowing followed by harvest"", ""note"": ""The commentary's stored grain and patience can turn present hardship into eventual yield; the psalm says those sowing in tears will reap with joy, joining time, grain, and reversed loss."", ""turn"": 2, ""model"": ""sol"", ""connection_id"": ""BC-1c31bf615ab9ca557b8f""}]"
WLC:Ps.141.3	medium	tevrat	motif	Prayer as evening offering | Prayer rises like incense	The commentary names the afternoon prayer and the day's closing edge; the psalm asks that prayer rise like incense and raised hands like an evening offering, joining prayer to the late-day rite. | The commentary describes perfume swelling and rising behind a passing person; the psalm asks that prayer rise like incense, a distinct connection to the commentary's scent image apart from this verse's evening-offering detail.	103:1	"[{""line"": 32, ""strength"": ""medium"", ""tradition"": ""tevrat"", ""kind"": ""motif"", ""ref"": ""WLC:Ps.141.3"", ""basis"": ""Prayer as evening offering"", ""note"": ""The commentary names the afternoon prayer and the day's closing edge; the psalm asks that prayer rise like incense and raised hands like an evening offering, joining prayer to the late-day rite."", ""turn"": 1, ""model"": ""luna"", ""connection_id"": ""BC-13e969627b38f3b29832""}, {""line"": 100, ""strength"": ""medium"", ""tradition"": ""tevrat"", ""kind"": ""motif"", ""ref"": ""WLC:Ps.141.3"", ""basis"": ""Prayer rises like incense"", ""note"": ""The commentary describes perfume swelling and rising behind a passing person; the psalm asks that prayer rise like incense, a distinct connection to the commentary's scent image apart from this verse's evening-offering detail."", ""turn"": 2, ""model"": ""luna"", ""connection_id"": ""BC-52f9a14e186ebaf70afc""}]"
WLC:Ps.142.6	strong	tevrat	motif	God is refuge in the cave prayer	The commentary treats a cave as refuge for people whose time is hidden from them; Psalm 142's superscription places David in a cave, and the cited verse calls God his refuge and portion while he is in distress.	103:1	"[{""line"": 94, ""strength"": ""strong"", ""tradition"": ""tevrat"", ""kind"": ""motif"", ""ref"": ""WLC:Ps.142.6"", ""basis"": ""God is refuge in the cave prayer"", ""note"": ""The commentary treats a cave as refuge for people whose time is hidden from them; Psalm 142's superscription places David in a cave, and the cited verse calls God his refuge and portion while he is in distress."", ""turn"": 2, ""model"": ""luna"", ""connection_id"": ""BC-8a6666fb2a56336dbbf2""}]"
WLC:Ps.144.4	medium	tevrat	motif	passing shadow as human days	The commentary's closing daylight stands for a dwindling lifetime; the psalm says a person's days pass like a shadow, a compact analogue to the age/afternoon pairing.	103:1	"[{""line"": 69, ""strength"": ""medium"", ""tradition"": ""tevrat"", ""kind"": ""motif"", ""ref"": ""WLC:Ps.144.4"", ""basis"": ""passing shadow as human days"", ""note"": ""The commentary's closing daylight stands for a dwindling lifetime; the psalm says a person's days pass like a shadow, a compact analogue to the age/afternoon pairing."", ""turn"": 1, ""model"": ""sol"", ""connection_id"": ""BC-760dce5c4eb74859014f""}]"
WLC:Ps.39.6	medium	tevrat	motif	handbreadth of allotted days	The commentary makes a long lifetime feel like a small measure; the psalmist says God made his days handbreadths and his lifetime like nothing before God.	103:1	"[{""line"": 74, ""strength"": ""medium"", ""tradition"": ""tevrat"", ""kind"": ""motif"", ""ref"": ""WLC:Ps.39.6"", ""basis"": ""handbreadth of allotted days"", ""note"": ""The commentary makes a long lifetime feel like a small measure; the psalmist says God made his days handbreadths and his lifetime like nothing before God."", ""turn"": 1, ""model"": ""sol"", ""connection_id"": ""BC-9cb02a1b2b718f940524""}]"
WLC:Ps.39.7	medium	tevrat	soydas	ص ب ر / צבר; table sound correspondence	The commentary contrasts storing resources for survival with loss at life's end; the psalm uses צבר of a person heaping wealth without knowing who will gather it, a Hebrew consonantal analogue to stored capital, not an established cognate of Arabic patience.	103:1	"[{""line"": 75, ""strength"": ""medium"", ""tradition"": ""tevrat"", ""kind"": ""soydas"", ""ref"": ""WLC:Ps.39.7"", ""basis"": ""ص ب ر / צבר; table sound correspondence"", ""note"": ""The commentary contrasts storing resources for survival with loss at life's end; the psalm uses צבר of a person heaping wealth without knowing who will gather it, a Hebrew consonantal analogue to stored capital, not an established cognate of Arabic patience."", ""turn"": 1, ""model"": ""sol"", ""connection_id"": ""BC-21a82d789565ed9470c0""}]"
WLC:Ps.46.2	medium	tevrat	motif	God as refuge in trouble	The commentary calls the refuge a haven for a person in distress; the psalm names God as refuge and strength, a help in trouble, matching the concrete relation of shelter to pressure.	103:1	"[{""line"": 50, ""strength"": ""medium"", ""tradition"": ""tevrat"", ""kind"": ""motif"", ""ref"": ""WLC:Ps.46.2"", ""basis"": ""God as refuge in trouble"", ""note"": ""The commentary calls the refuge a haven for a person in distress; the psalm names God as refuge and strength, a help in trouble, matching the concrete relation of shelter to pressure."", ""turn"": 1, ""model"": ""luna"", ""connection_id"": ""BC-31f6c89a3813523c1656""}]"
WLC:Ps.55.18	strong	tevrat	motif	Prayer at evening, morning, and noon | evening morning noon prayer	The commentary pairs devotion at the day's two edges; the psalmist says he prays at evening, morning, and noon, extending the pattern into a full daily cycle. | The commentary places worship at the paired ends of day and at asr; the psalmist prays evening, morning, and noon, placing the same three temporal stations around an appeal for help.	103:1	"[{""line"": 30, ""strength"": ""medium"", ""tradition"": ""tevrat"", ""kind"": ""motif"", ""ref"": ""WLC:Ps.55.18"", ""basis"": ""Prayer at evening, morning, and noon"", ""note"": ""The commentary pairs devotion at the day's two edges; the psalmist says he prays at evening, morning, and noon, extending the pattern into a full daily cycle."", ""turn"": 1, ""model"": ""luna"", ""connection_id"": ""BC-5874e93e8357490ff2d3""}, {""line"": 47, ""strength"": ""strong"", ""tradition"": ""tevrat"", ""kind"": ""motif"", ""ref"": ""WLC:Ps.55.18"", ""basis"": ""evening morning noon prayer"", ""note"": ""The commentary places worship at the paired ends of day and at asr; the psalmist prays evening, morning, and noon, placing the same three temporal stations around an appeal for help."", ""turn"": 1, ""model"": ""sol"", ""connection_id"": ""BC-65790a0f0b29b61703c6""}]"
WLC:Ps.65.11	medium	tevrat	motif	Rain waters furrows and blesses growth	The commentary traces rain from squeezed clouds to grain and plants; the psalm describes God watering furrows with showers and blessing their growth, a close rain-to-crop sequence.	103:1	"[{""line"": 39, ""strength"": ""medium"", ""tradition"": ""tevrat"", ""kind"": ""motif"", ""ref"": ""WLC:Ps.65.11"", ""basis"": ""Rain waters furrows and blesses growth"", ""note"": ""The commentary traces rain from squeezed clouds to grain and plants; the psalm describes God watering furrows with showers and blessing their growth, a close rain-to-crop sequence."", ""turn"": 1, ""model"": ""luna"", ""connection_id"": ""BC-aef8f89a6256f9636f88""}]"
WLC:Ps.65.12	medium	tevrat	motif	The year crowned with abundance	The commentary lets asr name both a day-part and a long age, then links time to yield; the psalm says God crowns the year with goodness, joining a temporal cycle to its harvest.	103:1	"[{""line"": 40, ""strength"": ""medium"", ""tradition"": ""tevrat"", ""kind"": ""motif"", ""ref"": ""WLC:Ps.65.12"", ""basis"": ""The year crowned with abundance"", ""note"": ""The commentary lets asr name both a day-part and a long age, then links time to yield; the psalm says God crowns the year with goodness, joining a temporal cycle to its harvest."", ""turn"": 1, ""model"": ""luna"", ""connection_id"": ""BC-61fdc9ee36afa5c50a3a""}]"
WLC:Ps.90.10	medium	tevrat	motif	life's seventy or eighty years pass quickly	The commentary makes an age also an afternoon of human life; the psalm counts typical years and says even their proud part is toil and trouble before they swiftly pass.	103:1	"[{""line"": 66, ""strength"": ""medium"", ""tradition"": ""tevrat"", ""kind"": ""motif"", ""ref"": ""WLC:Ps.90.10"", ""basis"": ""life's seventy or eighty years pass quickly"", ""note"": ""The commentary makes an age also an afternoon of human life; the psalm counts typical years and says even their proud part is toil and trouble before they swiftly pass."", ""turn"": 1, ""model"": ""sol"", ""connection_id"": ""BC-4d3fd0b2cb288b86cc93""}]"
WLC:Ps.90.11	strong	tevrat	motif	Seventy or eighty years pass quickly	The commentary says the same word can name an era and a person's age; the psalm measures human years at seventy or eighty and says they soon fly, linking a long life to a finite span.	103:1	"[{""line"": 13, ""strength"": ""strong"", ""tradition"": ""tevrat"", ""kind"": ""motif"", ""ref"": ""WLC:Ps.90.11"", ""basis"": ""Seventy or eighty years pass quickly"", ""note"": ""The commentary says the same word can name an era and a person's age; the psalm measures human years at seventy or eighty and says they soon fly, linking a long life to a finite span."", ""turn"": 1, ""model"": ""luna"", ""connection_id"": ""BC-edf6f11caf6dc6cbbee3""}]"
WLC:Ps.90.12	strong	tevrat	motif	numbered days and wise action	The commentary asks what may still be done in the short remaining span; the psalm asks to be taught to count days so the heart gains wisdom, turning elapsed time into conduct.	103:1	"[{""line"": 28, ""strength"": ""strong"", ""tradition"": ""tevrat"", ""kind"": ""motif"", ""ref"": ""WLC:Ps.90.12"", ""basis"": ""numbered days and wise action"", ""note"": ""The commentary asks what may still be done in the short remaining span; the psalm asks to be taught to count days so the heart gains wisdom, turning elapsed time into conduct."", ""turn"": 1, ""model"": ""sol"", ""connection_id"": ""BC-7db0a6ec37eee05eb76c""}]"
WLC:Ps.90.4	strong	tevrat	motif	millennium becomes yesterday	The commentary lets a long age contract to one part of a day when viewed from its end; the psalm likens a thousand years before God to yesterday once past or a watch in the night.	103:1	"[{""line"": 27, ""strength"": ""strong"", ""tradition"": ""tevrat"", ""kind"": ""motif"", ""ref"": ""WLC:Ps.90.4"", ""basis"": ""millennium becomes yesterday"", ""note"": ""The commentary lets a long age contract to one part of a day when viewed from its end; the psalm likens a thousand years before God to yesterday once past or a watch in the night."", ""turn"": 1, ""model"": ""sol"", ""connection_id"": ""BC-fdb9682f94dd974469d8""}]"
WLC:Ps.90.5	strong	tevrat	motif	A thousand years as a day and night watch	The commentary holds a long era and a short day-part together; the psalm measures a thousand years as yesterday or a night watch, explicitly collapsing vast time into a brief interval.	103:1	"[{""line"": 11, ""strength"": ""strong"", ""tradition"": ""tevrat"", ""kind"": ""motif"", ""ref"": ""WLC:Ps.90.5"", ""basis"": ""A thousand years as a day and night watch"", ""note"": ""The commentary holds a long era and a short day-part together; the psalm measures a thousand years as yesterday or a night watch, explicitly collapsing vast time into a brief interval."", ""turn"": 1, ""model"": ""luna"", ""connection_id"": ""BC-fb12ae40842134bd2e39""}]"
WLC:Ps.90.7	strong	tevrat	motif	Morning growth fades by evening	The commentary hears the afternoon as a closing day with dwindling light and a life nearing its end; the psalm describes grass flourishing in the morning and fading by evening, making mortality visible in the daily cycle.	103:1	"[{""line"": 12, ""strength"": ""strong"", ""tradition"": ""tevrat"", ""kind"": ""motif"", ""ref"": ""WLC:Ps.90.7"", ""basis"": ""Morning growth fades by evening"", ""note"": ""The commentary hears the afternoon as a closing day with dwindling light and a life nearing its end; the psalm describes grass flourishing in the morning and fading by evening, making mortality visible in the daily cycle."", ""turn"": 1, ""model"": ""luna"", ""connection_id"": ""BC-e441f55b42516384ab50""}]"
WLC:Ps.92.15	medium	tevrat	motif	fruitful even in old age	The commentary's garden is destroyed precisely when its old owner cannot start again; the righteous in this psalm still bear fruit in old age, an explicit alternative to late-life barrenness.	103:1	"[{""line"": 84, ""strength"": ""medium"", ""tradition"": ""tevrat"", ""kind"": ""motif"", ""ref"": ""WLC:Ps.92.15"", ""basis"": ""fruitful even in old age"", ""note"": ""The commentary's garden is destroyed precisely when its old owner cannot start again; the righteous in this psalm still bear fruit in old age, an explicit alternative to late-life barrenness."", ""turn"": 1, ""model"": ""sol"", ""connection_id"": ""BC-aa0494857b2ee1737ccd""}]"
WLC:Ps.92.3	medium	tevrat	motif	Praise in morning and night	The commentary hears the day's beginning and close together; the psalm appoints praise of steadfast love in the morning and faithfulness at night, a daily liturgical counterpart.	103:1	"[{""line"": 31, ""strength"": ""medium"", ""tradition"": ""tevrat"", ""kind"": ""motif"", ""ref"": ""WLC:Ps.92.3"", ""basis"": ""Praise in morning and night"", ""note"": ""The commentary hears the day's beginning and close together; the psalm appoints praise of steadfast love in the morning and faithfulness at night, a daily liturgical counterpart."", ""turn"": 1, ""model"": ""luna"", ""connection_id"": ""BC-e2af6c97b58327a91a60""}]"
WLC:Ps.95.11	strong	tevrat	motif	Oath that bars entry into rest	The commentary's opening oath stands at the threshold of a verdict; the psalm ends its warning with God's sworn denial of entry into rest, a close formal and thematic parallel of oath followed by loss.	103:1	"[{""line"": 14, ""strength"": ""strong"", ""tradition"": ""tevrat"", ""kind"": ""motif"", ""ref"": ""WLC:Ps.95.11"", ""basis"": ""Oath that bars entry into rest"", ""note"": ""The commentary's opening oath stands at the threshold of a verdict; the psalm ends its warning with God's sworn denial of entry into rest, a close formal and thematic parallel of oath followed by loss."", ""turn"": 1, ""model"": ""luna"", ""connection_id"": ""BC-7268b4d4adcce90c22e4""}]"
WLC:Ruth.2.12	medium	tevrat	motif	refuge under divine wings	The commentary's distressed person grasps a shelter; Boaz blesses Ruth for coming to take refuge under the LORD's wings, making reliance on protection explicit.	103:1	"[{""line"": 97, ""strength"": ""medium"", ""tradition"": ""tevrat"", ""kind"": ""motif"", ""ref"": ""WLC:Ruth.2.12"", ""basis"": ""refuge under divine wings"", ""note"": ""The commentary's distressed person grasps a shelter; Boaz blesses Ruth for coming to take refuge under the LORD's wings, making reliance on protection explicit."", ""turn"": 1, ""model"": ""sol"", ""connection_id"": ""BC-89716ddafac89ffb8be7""}]"
WLC:Ruth.2.15	strong	tevrat	motif	Ruth allowed to glean among the sheaves	The commentary's garden owners bar the poor from entering; Boaz tells his workers to let Ruth glean even among the sheaves and not reproach her, reversing exclusion in a concrete harvest scene.	103:1	"[{""line"": 82, ""strength"": ""strong"", ""tradition"": ""tevrat"", ""kind"": ""motif"", ""ref"": ""WLC:Ruth.2.15"", ""basis"": ""Ruth allowed to glean among the sheaves"", ""note"": ""The commentary's garden owners bar the poor from entering; Boaz tells his workers to let Ruth glean even among the sheaves and not reproach her, reversing exclusion in a concrete harvest scene."", ""turn"": 2, ""model"": ""luna"", ""connection_id"": ""BC-718457e0b9dc8301e5bb""}]"
WLC:Ruth.2.16	strong	tevrat	motif	Extra grain deliberately left for Ruth	The commentary treats a crop's extract as a gift that may either flow or be retained; Boaz orders handfuls pulled from the bundles and left for Ruth, making generosity exceed mere permission to glean.	103:1	"[{""line"": 83, ""strength"": ""strong"", ""tradition"": ""tevrat"", ""kind"": ""motif"", ""ref"": ""WLC:Ruth.2.16"", ""basis"": ""Extra grain deliberately left for Ruth"", ""note"": ""The commentary treats a crop's extract as a gift that may either flow or be retained; Boaz orders handfuls pulled from the bundles and left for Ruth, making generosity exceed mere permission to glean."", ""turn"": 2, ""model"": ""luna"", ""connection_id"": ""BC-3c34bb83fafdbd456ca5""}]"
WLC:Ruth.2.20	medium	tevrat	motif	A close relative as guardian and redeemer | kinsman as redeemer	The commentary says ancestry and kinship can be a refuge; Naomi identifies Boaz as a near kinsman and redeemer, where family connection becomes practical protection and provision. | The commentary's kinship can function as a human refuge; Naomi identifies Boaz as a near relative and one of their redeemers, giving the abstract family shelter a named agent.	103:1	"[{""line"": 84, ""strength"": ""medium"", ""tradition"": ""tevrat"", ""kind"": ""motif"", ""ref"": ""WLC:Ruth.2.20"", ""basis"": ""A close relative as guardian and redeemer"", ""note"": ""The commentary says ancestry and kinship can be a refuge; Naomi identifies Boaz as a near kinsman and redeemer, where family connection becomes practical protection and provision."", ""turn"": 2, ""model"": ""luna"", ""connection_id"": ""BC-d2abb1f57bdfa2a25368""}, {""line"": 96, ""strength"": ""medium"", ""tradition"": ""tevrat"", ""kind"": ""motif"", ""ref"": ""WLC:Ruth.2.20"", ""basis"": ""kinsman as redeemer"", ""note"": ""The commentary's kinship can function as a human refuge; Naomi identifies Boaz as a near relative and one of their redeemers, giving the abstract family shelter a named agent."", ""turn"": 1, ""model"": ""sol"", ""connection_id"": ""BC-bbaa2d41019793b3e6d3""}]"
WLC:Song.4.16	strong	tevrat	motif	Wind releases garden spices and fruit | wind releases garden fragrance	The commentary brings together wind, garden produce, and fragrance carried after movement; the Song calls on the winds to blow through a garden so its spices flow and its fruits can be eaten, joining those images in one scene. | The commentary contrasts storm dust with sweet scent lifted after a person; the beloved calls north and south winds to blow on her garden so its spices flow outward, joining moving air to fragrant release.	103:1	"[{""line"": 101, ""strength"": ""medium"", ""tradition"": ""tevrat"", ""kind"": ""motif"", ""ref"": ""WLC:Song.4.16"", ""basis"": ""Wind releases garden spices and fruit"", ""note"": ""The commentary brings together wind, garden produce, and fragrance carried after movement; the Song calls on the winds to blow through a garden so its spices flow and its fruits can be eaten, joining those images in one scene."", ""turn"": 2, ""model"": ""luna"", ""connection_id"": ""BC-d1cb6c98cb1f07782ae5""}, {""line"": 61, ""strength"": ""strong"", ""tradition"": ""tevrat"", ""kind"": ""motif"", ""ref"": ""WLC:Song.4.16"", ""basis"": ""wind releases garden fragrance"", ""note"": ""The commentary contrasts storm dust with sweet scent lifted after a person; the beloved calls north and south winds to blow on her garden so its spices flow outward, joining moving air to fragrant release."", ""turn"": 1, ""model"": ""sol"", ""connection_id"": ""BC-2dc8d822bd06f59bdd93""}]"
WLC:Zech.10.1	medium	tevrat	motif	storm clouds give field growth	The commentary joins raised storm cloud, rain, and vegetation; Zechariah urges asking the LORD for spring rain and says he makes storm clouds and showers that give plants to every field.	103:1	"[{""line"": 183, ""strength"": ""medium"", ""tradition"": ""tevrat"", ""kind"": ""motif"", ""ref"": ""WLC:Zech.10.1"", ""basis"": ""storm clouds give field growth"", ""note"": ""The commentary joins raised storm cloud, rain, and vegetation; Zechariah urges asking the LORD for spring rain and says he makes storm clouds and showers that give plants to every field."", ""turn"": 2, ""model"": ""sol"", ""connection_id"": ""BC-dcc9e42c278862d2c7ca""}]"
Wisdom of Solomon 3:6	medium	tevrat	motif	The tested righteous are refined like gold	The commentary says time's pressure extracts an essence and connects patience with a bitter extract; Wisdom pictures the tested righteous as gold tried in a furnace and accepted like a burnt offering, interpreting pressure as refinement.	103:1	"[{""line"": 109, ""strength"": ""medium"", ""tradition"": ""tevrat"", ""kind"": ""motif"", ""ref"": ""Wisdom of Solomon 3:6"", ""basis"": ""The tested righteous are refined like gold"", ""note"": ""The commentary says time's pressure extracts an essence and connects patience with a bitter extract; Wisdom pictures the tested righteous as gold tried in a furnace and accepted like a burnt offering, interpreting pressure as refinement."", ""turn"": 2, ""model"": ""luna"", ""connection_id"": ""BC-38ba5b7c962aed89f2db""}]"
