ref	tier	tradition	kinds	basis	explanations	target	evidence
1 Clement 34:2	medium	incil	motif	worker receives bread for labor	The commentary's day of work comes to its wage; Clement contrasts the diligent worker who can receive bread from the employer with the idle one who cannot face him.	103:3	"[{""line"": 319, ""strength"": ""medium"", ""tradition"": ""incil"", ""kind"": ""motif"", ""ref"": ""1 Clement 34:2"", ""basis"": ""worker receives bread for labor"", ""note"": ""The commentary's day of work comes to its wage; Clement contrasts the diligent worker who can receive bread from the employer with the idle one who cannot face him."", ""turn"": 2, ""model"": ""sol"", ""connection_id"": ""BC-7c61e57753489483c6df""}]"
1 Clement 38.1-2	medium	incil	motif	strong care for weak	The commentary's sabr includes a guarantor who stands with others in their affairs; Clement says the strong should care for the weak and the weak should respect the strong.	103:3	"[{""line"": 123, ""strength"": ""medium"", ""tradition"": ""incil"", ""kind"": ""motif"", ""ref"": ""1 Clement 38.1-2"", ""basis"": ""strong care for weak"", ""note"": ""The commentary's sabr includes a guarantor who stands with others in their affairs; Clement says the strong should care for the weak and the weak should respect the strong."", ""turn"": 1, ""model"": ""luna"", ""connection_id"": ""BC-0a7fc3d93af02de3f89d""}]"
1 Clement 38:2	strong	incil	motif	strong support weak; rich help poor	The commentary's community takes another's weight when that person cannot stand; Clement says the strong should care for the weak and the rich provide for the poor.	103:3	"[{""line"": 276, ""strength"": ""strong"", ""tradition"": ""incil"", ""kind"": ""motif"", ""ref"": ""1 Clement 38:2"", ""basis"": ""strong support weak; rich help poor"", ""note"": ""The commentary's community takes another's weight when that person cannot stand; Clement says the strong should care for the weak and the rich provide for the poor."", ""turn"": 2, ""model"": ""sol"", ""connection_id"": ""BC-611e18f25c1fd799fdda""}]"
Didache 1:3	strong	incil	motif	bless, pray, and fast for persecutors	The commentary's patient answer turns hostility into a healing bond and includes fasting as restraint; the Didache urges blessing cursers, praying for enemies, and fasting for persecutors.	103:3	"[{""line"": 275, ""strength"": ""strong"", ""tradition"": ""incil"", ""kind"": ""motif"", ""ref"": ""Didache 1:3"", ""basis"": ""bless, pray, and fast for persecutors"", ""note"": ""The commentary's patient answer turns hostility into a healing bond and includes fasting as restraint; the Didache urges blessing cursers, praying for enemies, and fasting for persecutors."", ""turn"": 2, ""model"": ""sol"", ""connection_id"": ""BC-cce9402373f68b4a748e""}]"
Didache 4.1	medium	incil	motif	word remembered day and night	The commentary emphasizes repeated advice and the joining of day to night; the Didache tells a learner to remember the one who speaks God's word day and night.	103:3	"[{""line"": 121, ""strength"": ""medium"", ""tradition"": ""incil"", ""kind"": ""motif"", ""ref"": ""Didache 4.1"", ""basis"": ""word remembered day and night"", ""note"": ""The commentary emphasizes repeated advice and the joining of day to night; the Didache tells a learner to remember the one who speaks God's word day and night."", ""turn"": 1, ""model"": ""luna"", ""connection_id"": ""BC-524fa577a427a1231b01""}]"
Didache 4.2	medium	incil	motif	seek the words of the saints	The commentary pictures each person as both recipient and giver of counsel; the Didache urges believers to seek the faces of the saints daily and rest on their words.	103:3	"[{""line"": 122, ""strength"": ""medium"", ""tradition"": ""incil"", ""kind"": ""motif"", ""ref"": ""Didache 4.2"", ""basis"": ""seek the words of the saints"", ""note"": ""The commentary pictures each person as both recipient and giver of counsel; the Didache urges believers to seek the faces of the saints daily and rest on their words."", ""turn"": 1, ""model"": ""luna"", ""connection_id"": ""BC-c1e5d88639f78c4d57a8""}]"
Ignatius, Letter to Polycarp 1:2	medium	incil	motif	athlete bears infirmities of all	The commentary's guarantor carries another's weakness and its worker anticipates gain; Ignatius urges Polycarp to bear everyone's infirmities like a trained athlete and links harder labor to greater gain.	103:3	"[{""line"": 317, ""strength"": ""medium"", ""tradition"": ""incil"", ""kind"": ""motif"", ""ref"": ""Ignatius, Letter to Polycarp 1:2"", ""basis"": ""athlete bears infirmities of all"", ""note"": ""The commentary's guarantor carries another's weakness and its worker anticipates gain; Ignatius urges Polycarp to bear everyone's infirmities like a trained athlete and links harder labor to greater gain."", ""turn"": 2, ""model"": ""sol"", ""connection_id"": ""BC-6471d699d4f2adf37983""}]"
Ignatius, Letter to Polycarp 3:1	medium	incil	motif	anvil holds through repeated blows	The commentary's hard stone and straight blow make patience a strength under impact; Ignatius compares the addressed leader to an anvil that receives strikes and stays firm.	103:3	"[{""line"": 318, ""strength"": ""medium"", ""tradition"": ""incil"", ""kind"": ""motif"", ""ref"": ""Ignatius, Letter to Polycarp 3:1"", ""basis"": ""anvil holds through repeated blows"", ""note"": ""The commentary's hard stone and straight blow make patience a strength under impact; Ignatius compares the addressed leader to an anvil that receives strikes and stays firm."", ""turn"": 2, ""model"": ""sol"", ""connection_id"": ""BC-aa8e0895709c4bc5ec5e""}]"
Justin Martyr, First Apology 67	medium	incil	motif	shared funds sustain people in need	The commentary's reciprocal counsel must become practical provision; Justin describes a gathered Christian community collecting voluntary gifts for orphans, widows, the sick, strangers, and prisoners.	103:3	"[{""line"": 320, ""strength"": ""medium"", ""tradition"": ""incil"", ""kind"": ""motif"", ""ref"": ""Justin Martyr, First Apology 67"", ""basis"": ""shared funds sustain people in need"", ""note"": ""The commentary's reciprocal counsel must become practical provision; Justin describes a gathered Christian community collecting voluntary gifts for orphans, widows, the sick, strangers, and prisoners."", ""turn"": 2, ""model"": ""sol"", ""connection_id"": ""BC-1a41571a36ae425e5c0a""}]"
SBLGNT:1Cor.12.25	strong	incil	motif	members care for one another	The commentary's guarantor image has one person holding another up; Paul says the body is arranged so its members have the same care for one another.	103:3	"[{""line"": 50, ""strength"": ""strong"", ""tradition"": ""incil"", ""kind"": ""motif"", ""ref"": ""SBLGNT:1Cor.12.25"", ""basis"": ""members care for one another"", ""note"": ""The commentary's guarantor image has one person holding another up; Paul says the body is arranged so its members have the same care for one another."", ""turn"": 1, ""model"": ""luna"", ""connection_id"": ""BC-08233b2cc13de8b5ac39""}]"
SBLGNT:1Cor.12.26	strong	incil	motif	shared suffering and honor | all suffer with suffering member	The commentary says when one member weakens another bears the load; Paul says if one member suffers all suffer, and if one is honored all rejoice. | The commentary's reciprocal patience makes another's hardship communal; Paul says that when one bodily member suffers, all suffer together.	103:3	"[{""line"": 51, ""strength"": ""strong"", ""tradition"": ""incil"", ""kind"": ""motif"", ""ref"": ""SBLGNT:1Cor.12.26"", ""basis"": ""shared suffering and honor"", ""note"": ""The commentary says when one member weakens another bears the load; Paul says if one member suffers all suffer, and if one is honored all rejoice."", ""turn"": 1, ""model"": ""luna"", ""connection_id"": ""BC-da7bfeafdafa864228d7""}, {""line"": 64, ""strength"": ""strong"", ""tradition"": ""incil"", ""kind"": ""motif"", ""ref"": ""SBLGNT:1Cor.12.26"", ""basis"": ""all suffer with suffering member"", ""note"": ""The commentary's reciprocal patience makes another's hardship communal; Paul says that when one bodily member suffers, all suffer together."", ""turn"": 1, ""model"": ""sol"", ""connection_id"": ""BC-eb7337b7e225cc3006fd""}]"
SBLGNT:1Cor.13.6	strong	incil	motif	love rejoices with truth | rejoice with truth	The commentary makes haqq the content of mutual counsel; Paul says love does not rejoice in wrongdoing but rejoices with truth. | The commentary orders endurance after the right object of counsel; Paul says love does not rejoice in wrongdoing but rejoices with truth.	103:3	"[{""line"": 146, ""strength"": ""strong"", ""tradition"": ""incil"", ""kind"": ""motif"", ""ref"": ""SBLGNT:1Cor.13.6"", ""basis"": ""love rejoices with truth"", ""note"": ""The commentary makes haqq the content of mutual counsel; Paul says love does not rejoice in wrongdoing but rejoices with truth."", ""turn"": 2, ""model"": ""luna"", ""connection_id"": ""BC-b36b53f10cb2af10a2a6""}, {""line"": 128, ""strength"": ""medium"", ""tradition"": ""incil"", ""kind"": ""motif"", ""ref"": ""SBLGNT:1Cor.13.6"", ""basis"": ""rejoice with truth"", ""note"": ""The commentary orders endurance after the right object of counsel; Paul says love does not rejoice in wrongdoing but rejoices with truth."", ""turn"": 1, ""model"": ""sol"", ""connection_id"": ""BC-59581632551007c8b57a""}]"
SBLGNT:1Cor.13.7	strong	incil	motif	bearing and enduring | love bears and endures all things	The commentary describes sabr as holding fast for another; Paul says love bears, hopes, and endures all things. | The commentary's communal patience is a support for another; Paul describes love as bearing and enduring all things immediately after its allegiance to truth.	103:3	"[{""line"": 147, ""strength"": ""strong"", ""tradition"": ""incil"", ""kind"": ""motif"", ""ref"": ""SBLGNT:1Cor.13.7"", ""basis"": ""bearing and enduring"", ""note"": ""The commentary describes sabr as holding fast for another; Paul says love bears, hopes, and endures all things."", ""turn"": 2, ""model"": ""luna"", ""connection_id"": ""BC-5cc9b10d0a55d8c825fb""}, {""line"": 129, ""strength"": ""medium"", ""tradition"": ""incil"", ""kind"": ""motif"", ""ref"": ""SBLGNT:1Cor.13.7"", ""basis"": ""love bears and endures all things"", ""note"": ""The commentary's communal patience is a support for another; Paul describes love as bearing and enduring all things immediately after its allegiance to truth."", ""turn"": 1, ""model"": ""sol"", ""connection_id"": ""BC-5f3f6fbe765279b5a07e""}]"
SBLGNT:1Cor.15.58	strong	incil	motif	labor not in vain | labor in Lord not empty	The commentary sets righteous work against loss; Paul tells the community its labor in the Lord is not empty, directly answering the fear that work disappears. | The commentary asks whether deeds survive the vanishing day; Paul urges steadfast abundant work because labor in the Lord is not in vain.	103:3	"[{""line"": 26, ""strength"": ""strong"", ""tradition"": ""incil"", ""kind"": ""motif"", ""ref"": ""SBLGNT:1Cor.15.58"", ""basis"": ""labor not in vain"", ""note"": ""The commentary sets righteous work against loss; Paul tells the community its labor in the Lord is not empty, directly answering the fear that work disappears."", ""turn"": 1, ""model"": ""luna"", ""connection_id"": ""BC-0a5ba1da05befe6734d5""}, {""line"": 130, ""strength"": ""medium"", ""tradition"": ""incil"", ""kind"": ""motif"", ""ref"": ""SBLGNT:1Cor.15.58"", ""basis"": ""labor in Lord not empty"", ""note"": ""The commentary asks whether deeds survive the vanishing day; Paul urges steadfast abundant work because labor in the Lord is not in vain."", ""turn"": 1, ""model"": ""sol"", ""connection_id"": ""BC-913e9a3a84b959d471aa""}]"
SBLGNT:1Cor.3.13	strong	incil	motif	day tests each person's work	The commentary's final day confronts workers with the true worth of deeds; Paul says the day reveals each one's work through fire.	103:3	"[{""line"": 84, ""strength"": ""strong"", ""tradition"": ""incil"", ""kind"": ""motif"", ""ref"": ""SBLGNT:1Cor.3.13"", ""basis"": ""day tests each person's work"", ""note"": ""The commentary's final day confronts workers with the true worth of deeds; Paul says the day reveals each one's work through fire."", ""turn"": 1, ""model"": ""sol"", ""connection_id"": ""BC-f90ad6c515ea8f6caaf5""}]"
SBLGNT:1Cor.3.14	strong	incil	motif	work survives and worker receives wage	The commentary measures the soundness of a worker's deed by whether it lasts through the final day; Paul says the builder whose work survives the fire receives a reward.	103:3	"[{""line"": 258, ""strength"": ""strong"", ""tradition"": ""incil"", ""kind"": ""motif"", ""ref"": ""SBLGNT:1Cor.3.14"", ""basis"": ""work survives and worker receives wage"", ""note"": ""The commentary measures the soundness of a worker's deed by whether it lasts through the final day; Paul says the builder whose work survives the fire receives a reward."", ""turn"": 2, ""model"": ""sol"", ""connection_id"": ""BC-841109ac2441c39b91bd""}]"
SBLGNT:1Cor.3.15	strong	incil	karsi_anlati	work lost while worker saved	The commentary relates escape from loss to good work that remains; Paul allows a different outcome in which a person's work burns and brings loss while the person is saved through fire.	103:3	"[{""line"": 259, ""strength"": ""strong"", ""tradition"": ""incil"", ""kind"": ""karsi_anlati"", ""ref"": ""SBLGNT:1Cor.3.15"", ""basis"": ""work lost while worker saved"", ""note"": ""The commentary relates escape from loss to good work that remains; Paul allows a different outcome in which a person's work burns and brings loss while the person is saved through fire."", ""turn"": 2, ""model"": ""sol"", ""connection_id"": ""BC-47c4077b464b8596ea4d""}]"
SBLGNT:1Cor.3.6	strong	incil	motif	one plants, another waters | one plants another waters	The commentary's linked vegetation lets one growth meet another; Paul describes different workers planting and watering while God gives the growth. | The commentary's green clusters depend on successive people nourishing a continuous growth; Paul names his planting and Apollos' watering, while God gives growth.	103:3	"[{""line"": 119, ""strength"": ""medium"", ""tradition"": ""incil"", ""kind"": ""motif"", ""ref"": ""SBLGNT:1Cor.3.6"", ""basis"": ""one plants, another waters"", ""note"": ""The commentary's linked vegetation lets one growth meet another; Paul describes different workers planting and watering while God gives the growth."", ""turn"": 1, ""model"": ""luna"", ""connection_id"": ""BC-a63df84250fe8cffe48d""}, {""line"": 68, ""strength"": ""strong"", ""tradition"": ""incil"", ""kind"": ""motif"", ""ref"": ""SBLGNT:1Cor.3.6"", ""basis"": ""one plants another waters"", ""note"": ""The commentary's green clusters depend on successive people nourishing a continuous growth; Paul names his planting and Apollos' watering, while God gives growth."", ""turn"": 1, ""model"": ""sol"", ""connection_id"": ""BC-b081ca3388493b8e2ffd""}]"
SBLGNT:1Cor.3.8	strong	incil	motif	planting, watering, and wages | planter and waterer paid for labor	The commentary joins work, connected growth, and due payment; Paul says planter and waterer are one and each receives wages according to labor. | The commentary joins watering vegetation, workers, and recompense; Paul says the planter and waterer are one and each receives wages according to labor.	103:3	"[{""line"": 44, ""strength"": ""strong"", ""tradition"": ""incil"", ""kind"": ""motif"", ""ref"": ""SBLGNT:1Cor.3.8"", ""basis"": ""planting, watering, and wages"", ""note"": ""The commentary joins work, connected growth, and due payment; Paul says planter and waterer are one and each receives wages according to labor."", ""turn"": 1, ""model"": ""luna"", ""connection_id"": ""BC-f1c67b951a3d28136d32""}, {""line"": 67, ""strength"": ""strong"", ""tradition"": ""incil"", ""kind"": ""motif"", ""ref"": ""SBLGNT:1Cor.3.8"", ""basis"": ""planter and waterer paid for labor"", ""note"": ""The commentary joins watering vegetation, workers, and recompense; Paul says the planter and waterer are one and each receives wages according to labor."", ""turn"": 1, ""model"": ""sol"", ""connection_id"": ""BC-109e7c1cde4454fafde1""}]"
SBLGNT:1Cor.3.9	strong	incil	motif	God's field and coworkers | God's field and God's building	The commentary's linked greenery pictures members who nourish one another; Paul calls the church God's field and its workers God's coworkers. | The commentary specifically meets vegetation with intentional construction; Paul calls the community God's field and God's building in a single verse.	103:3	"[{""line"": 45, ""strength"": ""strong"", ""tradition"": ""incil"", ""kind"": ""motif"", ""ref"": ""SBLGNT:1Cor.3.9"", ""basis"": ""God's field and coworkers"", ""note"": ""The commentary's linked greenery pictures members who nourish one another; Paul calls the church God's field and its workers God's coworkers."", ""turn"": 1, ""model"": ""luna"", ""connection_id"": ""BC-d470efe827339bab954d""}, {""line"": 257, ""strength"": ""strong"", ""tradition"": ""incil"", ""kind"": ""motif"", ""ref"": ""SBLGNT:1Cor.3.9"", ""basis"": ""God's field and God's building"", ""note"": ""The commentary specifically meets vegetation with intentional construction; Paul calls the community God's field and God's building in a single verse."", ""turn"": 2, ""model"": ""sol"", ""connection_id"": ""BC-55909b8348d18922697a""}]"
SBLGNT:1Cor.9.10	strong	incil	motif	worker shares the harvest	The commentary links work with a rightful share; Paul says the plowman should plow in hope and the thresher in hope of sharing the harvest.	103:3	"[{""line"": 40, ""strength"": ""strong"", ""tradition"": ""incil"", ""kind"": ""motif"", ""ref"": ""SBLGNT:1Cor.9.10"", ""basis"": ""worker shares the harvest"", ""note"": ""The commentary links work with a rightful share; Paul says the plowman should plow in hope and the thresher in hope of sharing the harvest."", ""turn"": 1, ""model"": ""luna"", ""connection_id"": ""BC-169b6175739a9c41bdce""}]"
SBLGNT:1Cor.9.25	medium	incil	motif	athlete exercises self-control for crown	The commentary makes sabır an active holding of the self for a lasting reward; Paul compares an athlete's discipline for a fading wreath with an imperishable one.	103:3	"[{""line"": 126, ""strength"": ""medium"", ""tradition"": ""incil"", ""kind"": ""motif"", ""ref"": ""SBLGNT:1Cor.9.25"", ""basis"": ""athlete exercises self-control for crown"", ""note"": ""The commentary makes sabır an active holding of the self for a lasting reward; Paul compares an athlete's discipline for a fading wreath with an imperishable one."", ""turn"": 1, ""model"": ""sol"", ""connection_id"": ""BC-c96b3a9187f163375f7d""}]"
SBLGNT:1Cor.9.9	strong	incil	motif	worker and unmuzzled ox	The commentary joins a load-bearing animal to the worker's due share; Paul cites the law not to muzzle the ox while it threshes grain.	103:3	"[{""line"": 39, ""strength"": ""strong"", ""tradition"": ""incil"", ""kind"": ""motif"", ""ref"": ""SBLGNT:1Cor.9.9"", ""basis"": ""worker and unmuzzled ox"", ""note"": ""The commentary joins a load-bearing animal to the worker's due share; Paul cites the law not to muzzle the ox while it threshes grain."", ""turn"": 1, ""model"": ""luna"", ""connection_id"": ""BC-a4b2322f812100057aec""}]"
SBLGNT:1John.3.17	strong	incil	motif	possession withheld from needy sibling	The commentary's hak includes a neighbor's concrete due and its sabır sustains the weak; the letter asks how divine love remains in one who sees a sibling in need yet closes the heart while possessing worldly goods.	103:3	"[{""line"": 236, ""strength"": ""strong"", ""tradition"": ""incil"", ""kind"": ""motif"", ""ref"": ""SBLGNT:1John.3.17"", ""basis"": ""possession withheld from needy sibling"", ""note"": ""The commentary's hak includes a neighbor's concrete due and its sabır sustains the weak; the letter asks how divine love remains in one who sees a sibling in need yet closes the heart while possessing worldly goods."", ""turn"": 2, ""model"": ""sol"", ""connection_id"": ""BC-c3f05275cfd9ca332ffe""}]"
SBLGNT:1John.3.18	strong	incil	motif	deed and truth | love in deed and truth	The commentary joins righteous action with counsel in haqq; John says love must be shown in deed and truth, joining ethical action to truthfulness. | The commentary joins purposeful deeds to a true word passed among people; the letter calls children to love in deed and truth, rather than word or speech alone.	103:3	"[{""line"": 10, ""strength"": ""strong"", ""tradition"": ""incil"", ""kind"": ""motif"", ""ref"": ""SBLGNT:1John.3.18"", ""basis"": ""deed and truth"", ""note"": ""The commentary joins righteous action with counsel in haqq; John says love must be shown in deed and truth, joining ethical action to truthfulness."", ""turn"": 1, ""model"": ""luna"", ""connection_id"": ""BC-95f52e657f0d85607a3d""}, {""line"": 234, ""strength"": ""strong"", ""tradition"": ""incil"", ""kind"": ""motif"", ""ref"": ""SBLGNT:1John.3.18"", ""basis"": ""love in deed and truth"", ""note"": ""The commentary joins purposeful deeds to a true word passed among people; the letter calls children to love in deed and truth, rather than word or speech alone."", ""turn"": 2, ""model"": ""sol"", ""connection_id"": ""BC-18d3d9eef6a61e017d9f""}]"
SBLGNT:1John.3.23	strong	incil	motif	believe and love one another	The commentary pairs belief with reciprocal action; this command says to believe in the Son's name and love one another, turning faith into a shared duty.	103:3	"[{""line"": 235, ""strength"": ""strong"", ""tradition"": ""incil"", ""kind"": ""motif"", ""ref"": ""SBLGNT:1John.3.23"", ""basis"": ""believe and love one another"", ""note"": ""The commentary pairs belief with reciprocal action; this command says to believe in the Son's name and love one another, turning faith into a shared duty."", ""turn"": 2, ""model"": ""sol"", ""connection_id"": ""BC-0d156a550b537c643ced""}]"
SBLGNT:1Pet.2.20	strong	incil	motif	do good and endure unjust suffering	The commentary's patient truth costs its speaker something; Peter says enduring suffering incurred for doing good is pleasing to God.	103:3	"[{""line"": 250, ""strength"": ""strong"", ""tradition"": ""incil"", ""kind"": ""motif"", ""ref"": ""SBLGNT:1Pet.2.20"", ""basis"": ""do good and endure unjust suffering"", ""note"": ""The commentary's patient truth costs its speaker something; Peter says enduring suffering incurred for doing good is pleasing to God."", ""turn"": 2, ""model"": ""sol"", ""connection_id"": ""BC-b7adac3186c206218c5a""}]"
SBLGNT:1Pet.3.15	strong	incil	motif	answer with gentleness and respect | answer with gentleness under pressure	The commentary makes truthful counsel a communal duty carried with sabr; Peter says to answer anyone asking about hope with gentleness and respect, keeping a good conscience. | The commentary opposes quarrelling over truth to giving truthful counsel; Peter commands a ready account of hope to questioners, delivered with gentleness and respect.	103:3	"[{""line"": 168, ""strength"": ""medium"", ""tradition"": ""incil"", ""kind"": ""motif"", ""ref"": ""SBLGNT:1Pet.3.15"", ""basis"": ""answer with gentleness and respect"", ""note"": ""The commentary makes truthful counsel a communal duty carried with sabr; Peter says to answer anyone asking about hope with gentleness and respect, keeping a good conscience."", ""turn"": 2, ""model"": ""luna"", ""connection_id"": ""BC-ee5f34cefc4729a1ca01""}, {""line"": 251, ""strength"": ""strong"", ""tradition"": ""incil"", ""kind"": ""motif"", ""ref"": ""SBLGNT:1Pet.3.15"", ""basis"": ""answer with gentleness under pressure"", ""note"": ""The commentary opposes quarrelling over truth to giving truthful counsel; Peter commands a ready account of hope to questioners, delivered with gentleness and respect."", ""turn"": 2, ""model"": ""sol"", ""connection_id"": ""BC-d0226b632c7fefcc7185""}]"
SBLGNT:1Pet.3.20	strong	incil	motif	few saved through the flood	The commentary's exception separates a community from general human loss; Peter recalls that only a few, eight persons, were saved through the floodwaters.	103:3	"[{""line"": 76, ""strength"": ""strong"", ""tradition"": ""incil"", ""kind"": ""motif"", ""ref"": ""SBLGNT:1Pet.3.20"", ""basis"": ""few saved through the flood"", ""note"": ""The commentary's exception separates a community from general human loss; Peter recalls that only a few, eight persons, were saved through the floodwaters."", ""turn"": 1, ""model"": ""luna"", ""connection_id"": ""BC-cb5a7a279f904583985a""}]"
SBLGNT:1Pet.3.9	medium	incil	motif	bless in response to insult	The commentary's patience transforms hostility into a repairable bond; Peter directs believers to return blessing rather than insult or evil for what they suffer.	103:3	"[{""line"": 147, ""strength"": ""medium"", ""tradition"": ""incil"", ""kind"": ""motif"", ""ref"": ""SBLGNT:1Pet.3.9"", ""basis"": ""bless in response to insult"", ""note"": ""The commentary's patience transforms hostility into a repairable bond; Peter directs believers to return blessing rather than insult or evil for what they suffer."", ""turn"": 1, ""model"": ""sol"", ""connection_id"": ""BC-a80d8e0e59cd5d0cc4a7""}]"
SBLGNT:1Pet.4.19	strong	incil	motif	do good while entrusting oneself | entrust self while doing good	The commentary joins faith, good work, and patience under threat; Peter tells sufferers to entrust themselves to the faithful Creator while continuing to do good. | The commentary binds taking refuge in trust to active good work under suffering; Peter tells those suffering according to God's will to entrust their souls to a faithful creator while doing good.	103:3	"[{""line"": 34, ""strength"": ""strong"", ""tradition"": ""incil"", ""kind"": ""motif"", ""ref"": ""SBLGNT:1Pet.4.19"", ""basis"": ""do good while entrusting oneself"", ""note"": ""The commentary joins faith, good work, and patience under threat; Peter tells sufferers to entrust themselves to the faithful Creator while continuing to do good."", ""turn"": 1, ""model"": ""luna"", ""connection_id"": ""BC-ffea86930605bbd56687""}, {""line"": 249, ""strength"": ""strong"", ""tradition"": ""incil"", ""kind"": ""motif"", ""ref"": ""SBLGNT:1Pet.4.19"", ""basis"": ""entrust self while doing good"", ""note"": ""The commentary binds taking refuge in trust to active good work under suffering; Peter tells those suffering according to God's will to entrust their souls to a faithful creator while doing good."", ""turn"": 2, ""model"": ""sol"", ""connection_id"": ""BC-d6329345559e55700e30""}]"
SBLGNT:1Thess.1.3	strong	incil	motif	work of faith and steadfastness | work of faith, labor of love, steadfast hope	The commentary's first three traits are belief, work, and patient mutual counsel; Paul praises a community's work of faith, labor of love, and steadfastness of hope in one compact formula. | The commentary orders belief, good work, and patience as defining actions; Paul remembers the community's work of faith, labor of love, and steadfastness of hope together.	103:3	"[{""line"": 11, ""strength"": ""strong"", ""tradition"": ""incil"", ""kind"": ""motif"", ""ref"": ""SBLGNT:1Thess.1.3"", ""basis"": ""work of faith and steadfastness"", ""note"": ""The commentary's first three traits are belief, work, and patient mutual counsel; Paul praises a community's work of faith, labor of love, and steadfastness of hope in one compact formula."", ""turn"": 1, ""model"": ""luna"", ""connection_id"": ""BC-0e71bbe796c545e7e926""}, {""line"": 229, ""strength"": ""strong"", ""tradition"": ""incil"", ""kind"": ""motif"", ""ref"": ""SBLGNT:1Thess.1.3"", ""basis"": ""work of faith, labor of love, steadfast hope"", ""note"": ""The commentary orders belief, good work, and patience as defining actions; Paul remembers the community's work of faith, labor of love, and steadfastness of hope together."", ""turn"": 2, ""model"": ""sol"", ""connection_id"": ""BC-f5ecdd7825cc15debed7""}]"
SBLGNT:1Thess.5.11	strong	incil	motif	build one another up | encourage and build one another	The commentary's two final verbs describe giving and receiving counsel; Paul likewise commands the community to encourage and build up one another. | The commentary's two reciprocal verbs make the group a structure each helps maintain; Paul commands mutual encouragement and building up.	103:3	"[{""line"": 8, ""strength"": ""strong"", ""tradition"": ""incil"", ""kind"": ""motif"", ""ref"": ""SBLGNT:1Thess.5.11"", ""basis"": ""build one another up"", ""note"": ""The commentary's two final verbs describe giving and receiving counsel; Paul likewise commands the community to encourage and build up one another."", ""turn"": 1, ""model"": ""luna"", ""connection_id"": ""BC-770e5f299ba66c301dc7""}, {""line"": 122, ""strength"": ""medium"", ""tradition"": ""incil"", ""kind"": ""motif"", ""ref"": ""SBLGNT:1Thess.5.11"", ""basis"": ""encourage and build one another"", ""note"": ""The commentary's two reciprocal verbs make the group a structure each helps maintain; Paul commands mutual encouragement and building up."", ""turn"": 1, ""model"": ""sol"", ""connection_id"": ""BC-8f2a9297bc03b1ea1bf8""}]"
SBLGNT:1Thess.5.14	strong	incil	motif	patience with all | admonish, help weak, be patient all	The commentary makes sabr a shared practice; Paul asks the church to admonish the disorderly, encourage the fainthearted, help the weak, and be patient with everyone. | The commentary gives separate places to truthful counsel and patient support; Paul orders admonition of the idle, encouragement of the fainthearted, help for the weak, and patience toward all.	103:3	"[{""line"": 9, ""strength"": ""strong"", ""tradition"": ""incil"", ""kind"": ""motif"", ""ref"": ""SBLGNT:1Thess.5.14"", ""basis"": ""patience with all"", ""note"": ""The commentary makes sabr a shared practice; Paul asks the church to admonish the disorderly, encourage the fainthearted, help the weak, and be patient with everyone."", ""turn"": 1, ""model"": ""luna"", ""connection_id"": ""BC-5decaaffb0e303189d03""}, {""line"": 61, ""strength"": ""strong"", ""tradition"": ""incil"", ""kind"": ""motif"", ""ref"": ""SBLGNT:1Thess.5.14"", ""basis"": ""admonish, help weak, be patient all"", ""note"": ""The commentary gives separate places to truthful counsel and patient support; Paul orders admonition of the idle, encouragement of the fainthearted, help for the weak, and patience toward all."", ""turn"": 1, ""model"": ""sol"", ""connection_id"": ""BC-aec1fc4f5aaaeef42b6d""}]"
SBLGNT:1Tim.6.11	strong	incil	motif	faith, righteousness, love, endurance	The commentary's believer pursues sound conduct and patience together; Paul commands pursuit of righteousness, faith, love, endurance, and gentleness.	103:3	"[{""line"": 247, ""strength"": ""strong"", ""tradition"": ""incil"", ""kind"": ""motif"", ""ref"": ""SBLGNT:1Tim.6.11"", ""basis"": ""faith, righteousness, love, endurance"", ""note"": ""The commentary's believer pursues sound conduct and patience together; Paul commands pursuit of righteousness, faith, love, endurance, and gentleness."", ""turn"": 2, ""model"": ""sol"", ""connection_id"": ""BC-6c306310434122756afc""}]"
SBLGNT:1Tim.6.18	medium	incil	motif	rich do good and share	The commentary contrasts capital kept for oneself with the reciprocal work that saves from loss; Paul commands the wealthy to do good, be rich in good works, and be ready to share.	103:3	"[{""line"": 177, ""strength"": ""medium"", ""tradition"": ""incil"", ""kind"": ""motif"", ""ref"": ""SBLGNT:1Tim.6.18"", ""basis"": ""rich do good and share"", ""note"": ""The commentary contrasts capital kept for oneself with the reciprocal work that saves from loss; Paul commands the wealthy to do good, be rich in good works, and be ready to share."", ""turn"": 1, ""model"": ""sol"", ""connection_id"": ""BC-70404f5c470a0d8ea613""}]"
SBLGNT:1Tim.6.19	medium	incil	motif	treasure laid up for future	The commentary weighs perishable wealth against deeds that remain; Paul says such generosity stores a good foundation for the future so the wealthy may grasp real life.	103:3	"[{""line"": 178, ""strength"": ""medium"", ""tradition"": ""incil"", ""kind"": ""motif"", ""ref"": ""SBLGNT:1Tim.6.19"", ""basis"": ""treasure laid up for future"", ""note"": ""The commentary weighs perishable wealth against deeds that remain; Paul says such generosity stores a good foundation for the future so the wealthy may grasp real life."", ""turn"": 1, ""model"": ""sol"", ""connection_id"": ""BC-94d22b573f1a9dd8ee54""}]"
SBLGNT:2Cor.4.16	medium	incil	motif	inward renewal each day	The commentary joins the passing day with an inner good kept from loss; Paul says that even as the outer person wastes away the inner person is renewed day by day.	103:3	"[{""line"": 300, ""strength"": ""medium"", ""tradition"": ""incil"", ""kind"": ""motif"", ""ref"": ""SBLGNT:2Cor.4.16"", ""basis"": ""inward renewal each day"", ""note"": ""The commentary joins the passing day with an inner good kept from loss; Paul says that even as the outer person wastes away the inner person is renewed day by day."", ""turn"": 2, ""model"": ""sol"", ""connection_id"": ""BC-fb12ce9ec96e520e078f""}]"
SBLGNT:2Cor.4.17	medium	incil	motif	brief suffering and weight of glory	The commentary's right load, labor, and reward meet in a paradox; Paul says momentary affliction prepares an eternal weight of glory beyond comparison.	103:3	"[{""line"": 301, ""strength"": ""medium"", ""tradition"": ""incil"", ""kind"": ""motif"", ""ref"": ""SBLGNT:2Cor.4.17"", ""basis"": ""brief suffering and weight of glory"", ""note"": ""The commentary's right load, labor, and reward meet in a paradox; Paul says momentary affliction prepares an eternal weight of glory beyond comparison."", ""turn"": 2, ""model"": ""sol"", ""connection_id"": ""BC-5dbe46ca67d7eb5ec08b""}]"
SBLGNT:2Cor.4.18	medium	incil	motif	unseen enduring reality	The commentary contrasts passing worldly capital with something that remains; Paul directs attention from seen temporary things to unseen eternal ones.	103:3	"[{""line"": 302, ""strength"": ""medium"", ""tradition"": ""incil"", ""kind"": ""motif"", ""ref"": ""SBLGNT:2Cor.4.18"", ""basis"": ""unseen enduring reality"", ""note"": ""The commentary contrasts passing worldly capital with something that remains; Paul directs attention from seen temporary things to unseen eternal ones."", ""turn"": 2, ""model"": ""sol"", ""connection_id"": ""BC-cbb08569b89390e4a50e""}]"
SBLGNT:2Cor.4.7	strong	incil	motif	treasure held in clay vessels	The commentary pictures an inner good kept from spilling by the vessel's boundary; Paul speaks of treasure in fragile earthen vessels, with sustaining power attributed to God.	103:3	"[{""line"": 80, ""strength"": ""strong"", ""tradition"": ""incil"", ""kind"": ""motif"", ""ref"": ""SBLGNT:2Cor.4.7"", ""basis"": ""treasure held in clay vessels"", ""note"": ""The commentary pictures an inner good kept from spilling by the vessel's boundary; Paul speaks of treasure in fragile earthen vessels, with sustaining power attributed to God."", ""turn"": 1, ""model"": ""sol"", ""connection_id"": ""BC-726761e39091ff0bd3a4""}]"
SBLGNT:2Cor.4.8	strong	incil	motif	pressed but not crushed	The commentary defines patience as retaining what is within under pressure; Paul describes being afflicted and perplexed without being crushed or driven to despair.	103:3	"[{""line"": 81, ""strength"": ""strong"", ""tradition"": ""incil"", ""kind"": ""motif"", ""ref"": ""SBLGNT:2Cor.4.8"", ""basis"": ""pressed but not crushed"", ""note"": ""The commentary defines patience as retaining what is within under pressure; Paul describes being afflicted and perplexed without being crushed or driven to despair."", ""turn"": 1, ""model"": ""sol"", ""connection_id"": ""BC-4cafd1d15b06df02246a""}]"
SBLGNT:2Cor.4.9	medium	incil	motif	struck down but not destroyed	The commentary's patient person remains held under a blow; Paul describes believers as persecuted yet not abandoned and struck down yet not destroyed.	103:3	"[{""line"": 299, ""strength"": ""medium"", ""tradition"": ""incil"", ""kind"": ""motif"", ""ref"": ""SBLGNT:2Cor.4.9"", ""basis"": ""struck down but not destroyed"", ""note"": ""The commentary's patient person remains held under a blow; Paul describes believers as persecuted yet not abandoned and struck down yet not destroyed."", ""turn"": 2, ""model"": ""sol"", ""connection_id"": ""BC-ba964ddd88b731b1a7d7""}]"
SBLGNT:2Cor.5.10	strong	incil	motif	deeds at judgment | all appear for deeds to be recompensed	The commentary joins work to the day each person receives what is due; Paul says all must appear before Christ's judgment seat and receive according to what they did. | The commentary's Hāqqa confronts each worker with what was done; Paul says all must appear before Christ's judgment seat to receive what is due for bodily deeds, good or bad.	103:3	"[{""line"": 27, ""strength"": ""strong"", ""tradition"": ""incil"", ""kind"": ""motif"", ""ref"": ""SBLGNT:2Cor.5.10"", ""basis"": ""deeds at judgment"", ""note"": ""The commentary joins work to the day each person receives what is due; Paul says all must appear before Christ's judgment seat and receive according to what they did."", ""turn"": 1, ""model"": ""luna"", ""connection_id"": ""BC-06fc18229ed61afaf05c""}, {""line"": 256, ""strength"": ""strong"", ""tradition"": ""incil"", ""kind"": ""motif"", ""ref"": ""SBLGNT:2Cor.5.10"", ""basis"": ""all appear for deeds to be recompensed"", ""note"": ""The commentary's Hāqqa confronts each worker with what was done; Paul says all must appear before Christ's judgment seat to receive what is due for bodily deeds, good or bad."", ""turn"": 2, ""model"": ""sol"", ""connection_id"": ""BC-461097f2ee808884be2a""}]"
SBLGNT:2Cor.8.13	medium	incil	motif	relief for others without crushing you	The commentary says a rightful burden must not exceed its bearer; Paul rejects relieving others by putting the givers into hardship.	103:3	"[{""line"": 135, ""strength"": ""medium"", ""tradition"": ""incil"", ""kind"": ""motif"", ""ref"": ""SBLGNT:2Cor.8.13"", ""basis"": ""relief for others without crushing you"", ""note"": ""The commentary says a rightful burden must not exceed its bearer; Paul rejects relieving others by putting the givers into hardship."", ""turn"": 1, ""model"": ""sol"", ""connection_id"": ""BC-eb59eea2c1923e8a1135""}]"
SBLGNT:2Cor.8.14	medium	incil	motif	mutual supply and equality	The commentary's reciprocity lets each person nourish another when able; Paul describes present abundance meeting others' need and later their abundance meeting yours.	103:3	"[{""line"": 136, ""strength"": ""medium"", ""tradition"": ""incil"", ""kind"": ""motif"", ""ref"": ""SBLGNT:2Cor.8.14"", ""basis"": ""mutual supply and equality"", ""note"": ""The commentary's reciprocity lets each person nourish another when able; Paul describes present abundance meeting others' need and later their abundance meeting yours."", ""turn"": 1, ""model"": ""sol"", ""connection_id"": ""BC-45e977c0e63bf1f3b8e4""}]"
SBLGNT:2John.1.4	strong	incil	motif	children walking in truth	The commentary's inherited advice should become a walked path; the elder rejoices that some of the addressee's children are walking in truth as commanded by the Father.	103:3	"[{""line"": 237, ""strength"": ""strong"", ""tradition"": ""incil"", ""kind"": ""motif"", ""ref"": ""SBLGNT:2John.1.4"", ""basis"": ""children walking in truth"", ""note"": ""The commentary's inherited advice should become a walked path; the elder rejoices that some of the addressee's children are walking in truth as commanded by the Father."", ""turn"": 2, ""model"": ""sol"", ""connection_id"": ""BC-a3cec98ef3f7a5a6fb1a""}]"
SBLGNT:2John.1.5	strong	incil	motif	love one another as inherited command	The commentary's will is a binding word passed onward; the elder asks the addressee to love one another, calling it a command held from the beginning.	103:3	"[{""line"": 238, ""strength"": ""strong"", ""tradition"": ""incil"", ""kind"": ""motif"", ""ref"": ""SBLGNT:2John.1.5"", ""basis"": ""love one another as inherited command"", ""note"": ""The commentary's will is a binding word passed onward; the elder asks the addressee to love one another, calling it a command held from the beginning."", ""turn"": 2, ""model"": ""sol"", ""connection_id"": ""BC-b98a885fb521f94aba7a""}]"
SBLGNT:2John.1.6	strong	incil	motif	love means walking in commands	The commentary says a recommended truth must be worked into conduct; the letter defines love by walking according to the commandments already heard.	103:3	"[{""line"": 239, ""strength"": ""strong"", ""tradition"": ""incil"", ""kind"": ""motif"", ""ref"": ""SBLGNT:2John.1.6"", ""basis"": ""love means walking in commands"", ""note"": ""The commentary says a recommended truth must be worked into conduct; the letter defines love by walking according to the commandments already heard."", ""turn"": 2, ""model"": ""sol"", ""connection_id"": ""BC-7ec62bcb7688ca2983db""}]"
SBLGNT:2Pet.1.5	strong	incil	motif	faith joined to virtue | add virtue to faith	The commentary pairs belief with righteous action; Peter urges believers to supplement faith with virtue and knowledge. | The commentary moves from believing to work of a specified quality; Peter asks believers to supplement faith with virtue rather than leave faith unworked.	103:3	"[{""line"": 149, ""strength"": ""strong"", ""tradition"": ""incil"", ""kind"": ""motif"", ""ref"": ""SBLGNT:2Pet.1.5"", ""basis"": ""faith joined to virtue"", ""note"": ""The commentary pairs belief with righteous action; Peter urges believers to supplement faith with virtue and knowledge."", ""turn"": 2, ""model"": ""luna"", ""connection_id"": ""BC-f5069dadbe3da40473dc""}, {""line"": 296, ""strength"": ""medium"", ""tradition"": ""incil"", ""kind"": ""motif"", ""ref"": ""SBLGNT:2Pet.1.5"", ""basis"": ""add virtue to faith"", ""note"": ""The commentary moves from believing to work of a specified quality; Peter asks believers to supplement faith with virtue rather than leave faith unworked."", ""turn"": 2, ""model"": ""sol"", ""connection_id"": ""BC-2f33334a5abd21fb32c9""}]"
SBLGNT:2Pet.1.6	strong	incil	motif	self-control and endurance	The commentary describes sabr as holding oneself steady; Peter's sequence joins self-control to steadfastness and steadfastness to godliness. | The commentary defines sabır as first holding oneself, then remaining in place; Peter's sequence moves from knowledge to self-control and from self-control to endurance.	103:3	"[{""line"": 150, ""strength"": ""strong"", ""tradition"": ""incil"", ""kind"": ""motif"", ""ref"": ""SBLGNT:2Pet.1.6"", ""basis"": ""self-control and endurance"", ""note"": ""The commentary describes sabr as holding oneself steady; Peter's sequence joins self-control to steadfastness and steadfastness to godliness."", ""turn"": 2, ""model"": ""luna"", ""connection_id"": ""BC-b046ca57c9255096c32d""}, {""line"": 297, ""strength"": ""medium"", ""tradition"": ""incil"", ""kind"": ""motif"", ""ref"": ""SBLGNT:2Pet.1.6"", ""basis"": ""self-control and endurance"", ""note"": ""The commentary defines sabır as first holding oneself, then remaining in place; Peter's sequence moves from knowledge to self-control and from self-control to endurance."", ""turn"": 2, ""model"": ""sol"", ""connection_id"": ""BC-5025c9ddfe3ea5f39ef3""}]"
SBLGNT:2Pet.1.7	strong	incil	motif	brotherly affection and love | endurance grows into mutual affection	The commentary's virtues culminate in reciprocal counsel; Peter ends his sequence with brotherly affection and love. | The commentary's self-restraint becomes a bond with the next person; Peter's sequence leads from endurance to godliness, sibling affection, and love.	103:3	"[{""line"": 151, ""strength"": ""strong"", ""tradition"": ""incil"", ""kind"": ""motif"", ""ref"": ""SBLGNT:2Pet.1.7"", ""basis"": ""brotherly affection and love"", ""note"": ""The commentary's virtues culminate in reciprocal counsel; Peter ends his sequence with brotherly affection and love."", ""turn"": 2, ""model"": ""luna"", ""connection_id"": ""BC-c4c67dc3cddf911e05b6""}, {""line"": 298, ""strength"": ""medium"", ""tradition"": ""incil"", ""kind"": ""motif"", ""ref"": ""SBLGNT:2Pet.1.7"", ""basis"": ""endurance grows into mutual affection"", ""note"": ""The commentary's self-restraint becomes a bond with the next person; Peter's sequence leads from endurance to godliness, sibling affection, and love."", ""turn"": 2, ""model"": ""sol"", ""connection_id"": ""BC-e1253109d9e68550251a""}]"
SBLGNT:2Pet.2.17	weak	incil	motif	springs without water in a storm	The commentary's joined pasture relies on a trustworthy source of nourishment; false teachers are described as waterless springs and mists driven by storm, an inverse image of counsel that feeds others.	103:3	"[{""line"": 185, ""strength"": ""weak"", ""tradition"": ""incil"", ""kind"": ""motif"", ""ref"": ""SBLGNT:2Pet.2.17"", ""basis"": ""springs without water in a storm"", ""note"": ""The commentary's joined pasture relies on a trustworthy source of nourishment; false teachers are described as waterless springs and mists driven by storm, an inverse image of counsel that feeds others."", ""turn"": 1, ""model"": ""sol"", ""connection_id"": ""BC-0120a953346868601700""}]"
SBLGNT:2Thess.1.3	strong	incil	motif	faith grows and mutual love increases	The commentary moves from individual belief to reciprocal support; Paul thanks God that the congregation's faith grows and the love of every member for one another increases.	103:3	"[{""line"": 230, ""strength"": ""strong"", ""tradition"": ""incil"", ""kind"": ""motif"", ""ref"": ""SBLGNT:2Thess.1.3"", ""basis"": ""faith grows and mutual love increases"", ""note"": ""The commentary moves from individual belief to reciprocal support; Paul thanks God that the congregation's faith grows and the love of every member for one another increases."", ""turn"": 2, ""model"": ""sol"", ""connection_id"": ""BC-34122a2e02e7c2d5aabb""}]"
SBLGNT:2Thess.1.4	strong	incil	motif	faith and endurance in persecution | endurance and faith under persecution	The commentary says truth may bring hardship that requires sabr; Paul praises the community's steadfastness and faith amid persecutions and afflictions. | The commentary says the truth people share may have a cost they must help one another bear; Paul boasts of the community's endurance and faith amid persecutions and afflictions.	103:3	"[{""line"": 171, ""strength"": ""medium"", ""tradition"": ""incil"", ""kind"": ""motif"", ""ref"": ""SBLGNT:2Thess.1.4"", ""basis"": ""faith and endurance in persecution"", ""note"": ""The commentary says truth may bring hardship that requires sabr; Paul praises the community's steadfastness and faith amid persecutions and afflictions."", ""turn"": 2, ""model"": ""luna"", ""connection_id"": ""BC-e9d2eaf937073fa50241""}, {""line"": 231, ""strength"": ""strong"", ""tradition"": ""incil"", ""kind"": ""motif"", ""ref"": ""SBLGNT:2Thess.1.4"", ""basis"": ""endurance and faith under persecution"", ""note"": ""The commentary says the truth people share may have a cost they must help one another bear; Paul boasts of the community's endurance and faith amid persecutions and afflictions."", ""turn"": 2, ""model"": ""sol"", ""connection_id"": ""BC-577a10e2b15afa19c8c7""}]"
SBLGNT:2Tim.1.14	medium	incil	motif	guard entrusted good deposit	The commentary's inherited will must be kept for its next receiver; Paul directs Timothy to guard the good deposit entrusted to him.	103:3	"[{""line"": 138, ""strength"": ""medium"", ""tradition"": ""incil"", ""kind"": ""motif"", ""ref"": ""SBLGNT:2Tim.1.14"", ""basis"": ""guard entrusted good deposit"", ""note"": ""The commentary's inherited will must be kept for its next receiver; Paul directs Timothy to guard the good deposit entrusted to him."", ""turn"": 1, ""model"": ""sol"", ""connection_id"": ""BC-c7d62098998739c2ab0b""}]"
SBLGNT:2Tim.2.2	medium	incil	motif	pass the teaching onward | entrust teaching to faithful teachers	The commentary hears mutual advice as speech that is joined and transmitted; Paul tells Timothy to entrust what he heard to faithful people able to teach others. | The commentary's will binds successive generations to actionable speech; Paul orders Timothy to entrust what he heard to reliable people able to teach others.	103:3	"[{""line"": 120, ""strength"": ""medium"", ""tradition"": ""incil"", ""kind"": ""motif"", ""ref"": ""SBLGNT:2Tim.2.2"", ""basis"": ""pass the teaching onward"", ""note"": ""The commentary hears mutual advice as speech that is joined and transmitted; Paul tells Timothy to entrust what he heard to faithful people able to teach others."", ""turn"": 1, ""model"": ""luna"", ""connection_id"": ""BC-41de0eee02f6782f6262""}, {""line"": 118, ""strength"": ""medium"", ""tradition"": ""incil"", ""kind"": ""motif"", ""ref"": ""SBLGNT:2Tim.2.2"", ""basis"": ""entrust teaching to faithful teachers"", ""note"": ""The commentary's will binds successive generations to actionable speech; Paul orders Timothy to entrust what he heard to reliable people able to teach others."", ""turn"": 1, ""model"": ""sol"", ""connection_id"": ""BC-4a42177df9fea3dcafe9""}]"
SBLGNT:2Tim.2.24	strong	incil	motif	truth taught without quarrels	The commentary contrasts fighting over hak with offering it to another; Paul says the Lord's servant must avoid quarrels, be kind, able to teach, and patient under wrong.	103:3	"[{""line"": 76, ""strength"": ""strong"", ""tradition"": ""incil"", ""kind"": ""motif"", ""ref"": ""SBLGNT:2Tim.2.24"", ""basis"": ""truth taught without quarrels"", ""note"": ""The commentary contrasts fighting over hak with offering it to another; Paul says the Lord's servant must avoid quarrels, be kind, able to teach, and patient under wrong."", ""turn"": 1, ""model"": ""sol"", ""connection_id"": ""BC-a360c4db699bd7d3926d""}]"
SBLGNT:2Tim.2.25	strong	incil	motif	gentle correction toward truth	The commentary says sound counsel can turn enemies toward friendship; Paul orders gentle correction of opponents in hope that God grants them knowledge of truth.	103:3	"[{""line"": 77, ""strength"": ""strong"", ""tradition"": ""incil"", ""kind"": ""motif"", ""ref"": ""SBLGNT:2Tim.2.25"", ""basis"": ""gentle correction toward truth"", ""note"": ""The commentary says sound counsel can turn enemies toward friendship; Paul orders gentle correction of opponents in hope that God grants them knowledge of truth."", ""turn"": 1, ""model"": ""sol"", ""connection_id"": ""BC-4665af3778822b4f0e94""}]"
SBLGNT:2Tim.3.10	medium	incil	motif	teaching, conduct, faith, patience together	The commentary binds an advised truth to practiced action and endurance; Paul reminds Timothy that he observed Paul's teaching, conduct, purpose, faith, patience, love, and steadfastness.	103:3	"[{""line"": 305, ""strength"": ""medium"", ""tradition"": ""incil"", ""kind"": ""motif"", ""ref"": ""SBLGNT:2Tim.3.10"", ""basis"": ""teaching, conduct, faith, patience together"", ""note"": ""The commentary binds an advised truth to practiced action and endurance; Paul reminds Timothy that he observed Paul's teaching, conduct, purpose, faith, patience, love, and steadfastness."", ""turn"": 2, ""model"": ""sol"", ""connection_id"": ""BC-172763cb38ca187eca11""}]"
SBLGNT:2Tim.4.2	strong	incil	motif	correction with patience and teaching | exhort and correct with patience	The commentary puts truth before sabr because speaking truth may carry a cost; Timothy is told to reprove, rebuke, and exhort with complete patience and teaching. | The commentary gives true counsel and patience their own places; Paul orders preaching, reproof, rebuke, and exhortation with all patience and teaching.	103:3	"[{""line"": 145, ""strength"": ""strong"", ""tradition"": ""incil"", ""kind"": ""motif"", ""ref"": ""SBLGNT:2Tim.4.2"", ""basis"": ""correction with patience and teaching"", ""note"": ""The commentary puts truth before sabr because speaking truth may carry a cost; Timothy is told to reprove, rebuke, and exhort with complete patience and teaching."", ""turn"": 2, ""model"": ""luna"", ""connection_id"": ""BC-2154b20a20d8e9f27a22""}, {""line"": 246, ""strength"": ""strong"", ""tradition"": ""incil"", ""kind"": ""motif"", ""ref"": ""SBLGNT:2Tim.4.2"", ""basis"": ""exhort and correct with patience"", ""note"": ""The commentary gives true counsel and patience their own places; Paul orders preaching, reproof, rebuke, and exhortation with all patience and teaching."", ""turn"": 2, ""model"": ""sol"", ""connection_id"": ""BC-0bc0378c2211a271be64""}]"
SBLGNT:2Tim.4.3	medium	incil	motif	teachers amassed to suit desires	The commentary warns that mutual recommendation can transmit falsehood unless truth is its object; Paul predicts listeners accumulating teachers to satisfy their own desires.	103:3	"[{""line"": 146, ""strength"": ""medium"", ""tradition"": ""incil"", ""kind"": ""motif"", ""ref"": ""SBLGNT:2Tim.4.3"", ""basis"": ""teachers amassed to suit desires"", ""note"": ""The commentary warns that mutual recommendation can transmit falsehood unless truth is its object; Paul predicts listeners accumulating teachers to satisfy their own desires."", ""turn"": 1, ""model"": ""sol"", ""connection_id"": ""BC-f0c269315433e2877132""}]"
SBLGNT:2Tim.4.7	medium	incil	motif	race finished and faith kept	The commentary makes repeated work over time a defining completed act; Paul says he fought the good fight, finished the race, and kept the faith.	103:3	"[{""line"": 306, ""strength"": ""medium"", ""tradition"": ""incil"", ""kind"": ""motif"", ""ref"": ""SBLGNT:2Tim.4.7"", ""basis"": ""race finished and faith kept"", ""note"": ""The commentary makes repeated work over time a defining completed act; Paul says he fought the good fight, finished the race, and kept the faith."", ""turn"": 2, ""model"": ""sol"", ""connection_id"": ""BC-0e4d49c8cafea44031ef""}]"
SBLGNT:2Tim.4.8	medium	incil	motif	righteous crown due on the day	The commentary's finished work and patient wait meet a day of due recompense; Paul says the righteous judge will award him the crown on that day.	103:3	"[{""line"": 307, ""strength"": ""medium"", ""tradition"": ""incil"", ""kind"": ""motif"", ""ref"": ""SBLGNT:2Tim.4.8"", ""basis"": ""righteous crown due on the day"", ""note"": ""The commentary's finished work and patient wait meet a day of due recompense; Paul says the righteous judge will award him the crown on that day."", ""turn"": 2, ""model"": ""sol"", ""connection_id"": ""BC-77a36f1e3a27993ae055""}]"
SBLGNT:3John.1.3	medium	incil	motif	brothers testify to truth in you	The commentary pictures hak passed among people whose life agrees with their speech; John rejoices that visiting brothers testify to the addressee's truth and truthful walk.	103:3	"[{""line"": 120, ""strength"": ""medium"", ""tradition"": ""incil"", ""kind"": ""motif"", ""ref"": ""SBLGNT:3John.1.3"", ""basis"": ""brothers testify to truth in you"", ""note"": ""The commentary pictures hak passed among people whose life agrees with their speech; John rejoices that visiting brothers testify to the addressee's truth and truthful walk."", ""turn"": 1, ""model"": ""sol"", ""connection_id"": ""BC-7390a35fdff489029a88""}]"
SBLGNT:3John.1.5	medium	incil	motif	faithful work for brothers and strangers	The commentary's good deed nourishes the next person across a gap; John calls the addressee's service to brothers, including strangers, a faithful action.	103:3	"[{""line"": 121, ""strength"": ""medium"", ""tradition"": ""incil"", ""kind"": ""motif"", ""ref"": ""SBLGNT:3John.1.5"", ""basis"": ""faithful work for brothers and strangers"", ""note"": ""The commentary's good deed nourishes the next person across a gap; John calls the addressee's service to brothers, including strangers, a faithful action."", ""turn"": 1, ""model"": ""sol"", ""connection_id"": ""BC-6abe6a7220052ef979c8""}]"
SBLGNT:Acts.2.42	strong	incil	motif	teaching and fellowship held together	The commentary makes inherited teaching and communal belonging mutually necessary; the first believers devote themselves to apostolic teaching and fellowship, shared meals, and prayer.	103:3	"[{""line"": 270, ""strength"": ""strong"", ""tradition"": ""incil"", ""kind"": ""motif"", ""ref"": ""SBLGNT:Acts.2.42"", ""basis"": ""teaching and fellowship held together"", ""note"": ""The commentary makes inherited teaching and communal belonging mutually necessary; the first believers devote themselves to apostolic teaching and fellowship, shared meals, and prayer."", ""turn"": 2, ""model"": ""sol"", ""connection_id"": ""BC-2b3a49893b2f3bcb39f1""}]"
SBLGNT:Acts.2.44	medium	incil	motif	believers gather with things in common	The commentary's scattered patches become a joined group; Acts says believers stay together and hold their possessions in common before describing need-based distribution.	103:3	"[{""line"": 312, ""strength"": ""medium"", ""tradition"": ""incil"", ""kind"": ""motif"", ""ref"": ""SBLGNT:Acts.2.44"", ""basis"": ""believers gather with things in common"", ""note"": ""The commentary's scattered patches become a joined group; Acts says believers stay together and hold their possessions in common before describing need-based distribution."", ""turn"": 2, ""model"": ""sol"", ""connection_id"": ""BC-0d0e8679549853d00034""}]"
SBLGNT:Acts.2.45	strong	incil	motif	goods distributed according to need	The commentary's right includes a share owed to someone lacking support; the believers distribute sale proceeds according to each person's need.	103:3	"[{""line"": 271, ""strength"": ""strong"", ""tradition"": ""incil"", ""kind"": ""motif"", ""ref"": ""SBLGNT:Acts.2.45"", ""basis"": ""goods distributed according to need"", ""note"": ""The commentary's right includes a share owed to someone lacking support; the believers distribute sale proceeds according to each person's need."", ""turn"": 2, ""model"": ""sol"", ""connection_id"": ""BC-4e94c9eeec5d5614188a""}]"
SBLGNT:Acts.4.32	strong	incil	motif	one heart and shared possessions	The commentary's individual believers become a connected group in which each can sustain another; Acts describes the multitude of believers as one heart and soul and not claiming possessions as purely private.	103:3	"[{""line"": 272, ""strength"": ""strong"", ""tradition"": ""incil"", ""kind"": ""motif"", ""ref"": ""SBLGNT:Acts.4.32"", ""basis"": ""one heart and shared possessions"", ""note"": ""The commentary's individual believers become a connected group in which each can sustain another; Acts describes the multitude of believers as one heart and soul and not claiming possessions as purely private."", ""turn"": 2, ""model"": ""sol"", ""connection_id"": ""BC-37e90c619143c00aa069""}]"
SBLGNT:Acts.4.34	strong	incil	motif	no needy person | no needy person among them	The commentary makes one person's due share a concern of the whole community; Acts says believers shared possessions so that no one among them was in need. | The commentary's joined pasture leaves no hungry gap between members; Acts says none of the believers was needy because owners sold property for distribution.	103:3	"[{""line"": 46, ""strength"": ""strong"", ""tradition"": ""incil"", ""kind"": ""motif"", ""ref"": ""SBLGNT:Acts.4.34"", ""basis"": ""no needy person"", ""note"": ""The commentary makes one person's due share a concern of the whole community; Acts says believers shared possessions so that no one among them was in need."", ""turn"": 1, ""model"": ""luna"", ""connection_id"": ""BC-fb5469a411e2114e1c34""}, {""line"": 273, ""strength"": ""strong"", ""tradition"": ""incil"", ""kind"": ""motif"", ""ref"": ""SBLGNT:Acts.4.34"", ""basis"": ""no needy person among them"", ""note"": ""The commentary's joined pasture leaves no hungry gap between members; Acts says none of the believers was needy because owners sold property for distribution."", ""turn"": 2, ""model"": ""sol"", ""connection_id"": ""BC-41d5bf57e32b389adc26""}]"
SBLGNT:Acts.4.35	medium	incil	motif	proceeds placed for need-based distribution	The commentary's shared hak is an actual material due; believers lay sale proceeds at the apostles' feet and distribution is made according to need.	103:3	"[{""line"": 313, ""strength"": ""medium"", ""tradition"": ""incil"", ""kind"": ""motif"", ""ref"": ""SBLGNT:Acts.4.35"", ""basis"": ""proceeds placed for need-based distribution"", ""note"": ""The commentary's shared hak is an actual material due; believers lay sale proceeds at the apostles' feet and distribution is made according to need."", ""turn"": 2, ""model"": ""sol"", ""connection_id"": ""BC-95bdf7071f4072a8ee6b""}]"
SBLGNT:Col.1.10	strong	incil	motif	walk worthily and bear fruit in good work	The commentary joins road, useful vegetation, and sound action; Paul prays that believers walk worthy of the Lord while bearing fruit in every good work.	103:3	"[{""line"": 252, ""strength"": ""strong"", ""tradition"": ""incil"", ""kind"": ""motif"", ""ref"": ""SBLGNT:Col.1.10"", ""basis"": ""walk worthily and bear fruit in good work"", ""note"": ""The commentary joins road, useful vegetation, and sound action; Paul prays that believers walk worthy of the Lord while bearing fruit in every good work."", ""turn"": 2, ""model"": ""sol"", ""connection_id"": ""BC-f092b7b4191d1ae53b7f""}]"
SBLGNT:Col.1.11	strong	incil	motif	strength for endurance and patience	The commentary says the group must hold its place under pressure; Paul asks that believers receive power for all endurance and patience with joy.	103:3	"[{""line"": 253, ""strength"": ""strong"", ""tradition"": ""incil"", ""kind"": ""motif"", ""ref"": ""SBLGNT:Col.1.11"", ""basis"": ""strength for endurance and patience"", ""note"": ""The commentary says the group must hold its place under pressure; Paul asks that believers receive power for all endurance and patience with joy."", ""turn"": 2, ""model"": ""sol"", ""connection_id"": ""BC-43a4b2b3cce6f600df36""}]"
SBLGNT:Col.3.13	medium	incil	motif	bear with and forgive one another | bear and forgive one another	The commentary's patience means holding together when people strain one another; Paul tells the community to bear with and forgive one another. | The commentary defines reciprocal patience as supporting another through fault and fracture; Colossians calls for bearing with and forgiving one another as the Lord forgave them.	103:3	"[{""line"": 169, ""strength"": ""medium"", ""tradition"": ""incil"", ""kind"": ""motif"", ""ref"": ""SBLGNT:Col.3.13"", ""basis"": ""bear with and forgive one another"", ""note"": ""The commentary's patience means holding together when people strain one another; Paul tells the community to bear with and forgive one another."", ""turn"": 2, ""model"": ""luna"", ""connection_id"": ""BC-2d855339a2f1f0c0f2ce""}, {""line"": 175, ""strength"": ""medium"", ""tradition"": ""incil"", ""kind"": ""motif"", ""ref"": ""SBLGNT:Col.3.13"", ""basis"": ""bear and forgive one another"", ""note"": ""The commentary defines reciprocal patience as supporting another through fault and fracture; Colossians calls for bearing with and forgiving one another as the Lord forgave them."", ""turn"": 1, ""model"": ""sol"", ""connection_id"": ""BC-8f57a3eb6fa1d453dc6d""}]"
SBLGNT:Col.3.16	medium	incil	motif	word dwelling within; mutual teaching	The commentary has truth held inwardly and passed back and forth; Colossians says the word of Christ should dwell richly among believers as they teach and admonish one another.	103:3	"[{""line"": 174, ""strength"": ""medium"", ""tradition"": ""incil"", ""kind"": ""motif"", ""ref"": ""SBLGNT:Col.3.16"", ""basis"": ""word dwelling within; mutual teaching"", ""note"": ""The commentary has truth held inwardly and passed back and forth; Colossians says the word of Christ should dwell richly among believers as they teach and admonish one another."", ""turn"": 1, ""model"": ""sol"", ""connection_id"": ""BC-768fb2e833a07e87a00d""}]"
SBLGNT:Eph.2.10	strong	incil	motif	created for good works | created for good works prepared to walk in	The commentary includes righteous deeds in the saved group's defining pattern; Ephesians says people are created in Christ for good works prepared for them to walk in. | The commentary insists the saved community actually performs sound works; Ephesians says believers are created in Christ for good works prepared as a way to walk.	103:3	"[{""line"": 18, ""strength"": ""strong"", ""tradition"": ""incil"", ""kind"": ""motif"", ""ref"": ""SBLGNT:Eph.2.10"", ""basis"": ""created for good works"", ""note"": ""The commentary includes righteous deeds in the saved group's defining pattern; Ephesians says people are created in Christ for good works prepared for them to walk in."", ""turn"": 1, ""model"": ""luna"", ""connection_id"": ""BC-e27233a07698b713a659""}, {""line"": 171, ""strength"": ""medium"", ""tradition"": ""incil"", ""kind"": ""motif"", ""ref"": ""SBLGNT:Eph.2.10"", ""basis"": ""created for good works prepared to walk in"", ""note"": ""The commentary insists the saved community actually performs sound works; Ephesians says believers are created in Christ for good works prepared as a way to walk."", ""turn"": 1, ""model"": ""sol"", ""connection_id"": ""BC-aa9eeeeb9ab3a4f7ec43""}]"
SBLGNT:Eph.2.8	strong	incil	karsi_anlati|motif	grace through faith | faith and saving grace	The commentary's list includes righteous deeds among the marks of those rescued from loss; Ephesians locates salvation in grace received through faith, giving rescue a different source. | The commentary calls believers an exception rescued from loss; Ephesians calls salvation through faith a gift of grace, exposing a distinct account of how rescue relates to deeds.	103:3	"[{""line"": 16, ""strength"": ""strong"", ""tradition"": ""incil"", ""kind"": ""karsi_anlati"", ""ref"": ""SBLGNT:Eph.2.8"", ""basis"": ""grace through faith"", ""note"": ""The commentary's list includes righteous deeds among the marks of those rescued from loss; Ephesians locates salvation in grace received through faith, giving rescue a different source."", ""turn"": 1, ""model"": ""luna"", ""connection_id"": ""BC-b9a8ad6b40c93aee0176""}, {""line"": 170, ""strength"": ""medium"", ""tradition"": ""incil"", ""kind"": ""motif"", ""ref"": ""SBLGNT:Eph.2.8"", ""basis"": ""faith and saving grace"", ""note"": ""The commentary calls believers an exception rescued from loss; Ephesians calls salvation through faith a gift of grace, exposing a distinct account of how rescue relates to deeds."", ""turn"": 1, ""model"": ""sol"", ""connection_id"": ""BC-cffa6068ae3f4722e657""}]"
SBLGNT:Eph.2.9	strong	incil	karsi_anlati	not from works	The commentary includes righteous deeds in its description of those who escape loss; Ephesians says salvation is not from works, directly contrasting the place deeds have in the two accounts.	103:3	"[{""line"": 17, ""strength"": ""strong"", ""tradition"": ""incil"", ""kind"": ""karsi_anlati"", ""ref"": ""SBLGNT:Eph.2.9"", ""basis"": ""not from works"", ""note"": ""The commentary includes righteous deeds in its description of those who escape loss; Ephesians says salvation is not from works, directly contrasting the place deeds have in the two accounts."", ""turn"": 1, ""model"": ""luna"", ""connection_id"": ""BC-96a71a33ebf0cdd3bf2b""}]"
SBLGNT:Eph.4.14	medium	incil	motif	winds of deceptive teaching	The commentary's storm threatens to scatter a joined living network; Ephesians warns against being tossed by waves and carried by winds of teaching arising from human deceit.	103:3	"[{""line"": 140, ""strength"": ""medium"", ""tradition"": ""incil"", ""kind"": ""motif"", ""ref"": ""SBLGNT:Eph.4.14"", ""basis"": ""winds of deceptive teaching"", ""note"": ""The commentary's storm threatens to scatter a joined living network; Ephesians warns against being tossed by waves and carried by winds of teaching arising from human deceit."", ""turn"": 1, ""model"": ""sol"", ""connection_id"": ""BC-a03999bd0673d09e3f25""}]"
SBLGNT:Eph.4.15	strong	incil	motif	truth in love grows joined body	The commentary's true word binds people into a living fabric; Ephesians connects speaking truth in love to growing toward Christ as head.	103:3	"[{""line"": 59, ""strength"": ""strong"", ""tradition"": ""incil"", ""kind"": ""motif"", ""ref"": ""SBLGNT:Eph.4.15"", ""basis"": ""truth in love grows joined body"", ""note"": ""The commentary's true word binds people into a living fabric; Ephesians connects speaking truth in love to growing toward Christ as head."", ""turn"": 1, ""model"": ""sol"", ""connection_id"": ""BC-3d40435066235d3ed24f""}]"
SBLGNT:Eph.4.16	strong	incil	motif	body joined and growing | joints hold body as each part works	The commentary's connected plants leave no gaps and feed each other; Paul pictures a body joined together as each part works and builds the whole in love. | The commentary joins fitting parts, intentional work, and a mutual support network; Ephesians describes the whole body joined by supporting joints, each part working toward growth in love.	103:3	"[{""line"": 52, ""strength"": ""strong"", ""tradition"": ""incil"", ""kind"": ""motif"", ""ref"": ""SBLGNT:Eph.4.16"", ""basis"": ""body joined and growing"", ""note"": ""The commentary's connected plants leave no gaps and feed each other; Paul pictures a body joined together as each part works and builds the whole in love."", ""turn"": 1, ""model"": ""luna"", ""connection_id"": ""BC-e3c31e020dae068fa3b7""}, {""line"": 60, ""strength"": ""strong"", ""tradition"": ""incil"", ""kind"": ""motif"", ""ref"": ""SBLGNT:Eph.4.16"", ""basis"": ""joints hold body as each part works"", ""note"": ""The commentary joins fitting parts, intentional work, and a mutual support network; Ephesians describes the whole body joined by supporting joints, each part working toward growth in love."", ""turn"": 1, ""model"": ""sol"", ""connection_id"": ""BC-47fb6861ddbd5ad0783b""}]"
SBLGNT:Eph.4.2	strong	incil	motif	patience bearing with one another	The commentary makes sabr a shared practice; Paul names patience and bearing with one another in love as the conduct that preserves unity.	103:3	"[{""line"": 142, ""strength"": ""strong"", ""tradition"": ""incil"", ""kind"": ""motif"", ""ref"": ""SBLGNT:Eph.4.2"", ""basis"": ""patience bearing with one another"", ""note"": ""The commentary makes sabr a shared practice; Paul names patience and bearing with one another in love as the conduct that preserves unity."", ""turn"": 2, ""model"": ""luna"", ""connection_id"": ""BC-c6b9206122ba0ac49fdf""}]"
SBLGNT:Eph.4.25	strong	incil	motif	truth with one's neighbor | speak truth as members of one body	The ayah's haqq is passed among a community; Paul tells each member to put away falsehood and speak truth with a neighbor, making truth an interpersonal obligation. | The commentary turns hak into something passed between mutually attached people; Ephesians commands each to speak truth with a neighbor because believers are members of one another.	103:3	"[{""line"": 4, ""strength"": ""strong"", ""tradition"": ""incil"", ""kind"": ""motif"", ""ref"": ""SBLGNT:Eph.4.25"", ""basis"": ""truth with one's neighbor"", ""note"": ""The ayah's haqq is passed among a community; Paul tells each member to put away falsehood and speak truth with a neighbor, making truth an interpersonal obligation."", ""turn"": 1, ""model"": ""luna"", ""connection_id"": ""BC-5e12796c305ee337968e""}, {""line"": 58, ""strength"": ""strong"", ""tradition"": ""incil"", ""kind"": ""motif"", ""ref"": ""SBLGNT:Eph.4.25"", ""basis"": ""speak truth as members of one body"", ""note"": ""The commentary turns hak into something passed between mutually attached people; Ephesians commands each to speak truth with a neighbor because believers are members of one another."", ""turn"": 1, ""model"": ""sol"", ""connection_id"": ""BC-8d3a1076c6901a43ee0c""}]"
SBLGNT:Eph.6.14	medium	incil	motif	truth as battle equipment	The commentary's hak can name a defended standard in conflict; Ephesians puts truth on the standing believer as a belt in the armor passage.	103:3	"[{""line"": 149, ""strength"": ""medium"", ""tradition"": ""incil"", ""kind"": ""motif"", ""ref"": ""SBLGNT:Eph.6.14"", ""basis"": ""truth as battle equipment"", ""note"": ""The commentary's hak can name a defended standard in conflict; Ephesians puts truth on the standing believer as a belt in the armor passage."", ""turn"": 1, ""model"": ""sol"", ""connection_id"": ""BC-b562144b1c8741429f86""}]"
SBLGNT:Gal.5.22	strong	incil	motif	fruit includes patience and faithfulness	The commentary's joined plants give food through lasting good action; Paul calls love, peace, patience, kindness, goodness, and faithfulness fruit of the Spirit.	103:3	"[{""line"": 233, ""strength"": ""strong"", ""tradition"": ""incil"", ""kind"": ""motif"", ""ref"": ""SBLGNT:Gal.5.22"", ""basis"": ""fruit includes patience and faithfulness"", ""note"": ""The commentary's joined plants give food through lasting good action; Paul calls love, peace, patience, kindness, goodness, and faithfulness fruit of the Spirit."", ""turn"": 2, ""model"": ""sol"", ""connection_id"": ""BC-732443ee6eae2278d0d3""}]"
SBLGNT:Gal.5.6	strong	incil	motif	faith active through love	The commentary refuses to leave iman at mere inward assent; Paul says what counts is faith working through love, directly joining belief with outward relation.	103:3	"[{""line"": 232, ""strength"": ""strong"", ""tradition"": ""incil"", ""kind"": ""motif"", ""ref"": ""SBLGNT:Gal.5.6"", ""basis"": ""faith active through love"", ""note"": ""The commentary refuses to leave iman at mere inward assent; Paul says what counts is faith working through love, directly joining belief with outward relation."", ""turn"": 2, ""model"": ""sol"", ""connection_id"": ""BC-1e03b25e8fcbf4124671""}]"
SBLGNT:Gal.6.1	strong	incil	motif	restore gently | restore another and watch yourself	The commentary joins correction with patience and self-restraint; Paul says to restore a person caught in transgression gently while watching oneself against temptation. | The commentary moves from quarrel to mended relationship while requiring self-restraint; Paul instructs spiritual people to restore a transgressor gently and watch themselves.	103:3	"[{""line"": 144, ""strength"": ""strong"", ""tradition"": ""incil"", ""kind"": ""motif"", ""ref"": ""SBLGNT:Gal.6.1"", ""basis"": ""restore gently"", ""note"": ""The commentary joins correction with patience and self-restraint; Paul says to restore a person caught in transgression gently while watching oneself against temptation."", ""turn"": 2, ""model"": ""luna"", ""connection_id"": ""BC-586c31ea269a1af450b8""}, {""line"": 123, ""strength"": ""medium"", ""tradition"": ""incil"", ""kind"": ""motif"", ""ref"": ""SBLGNT:Gal.6.1"", ""basis"": ""restore another and watch yourself"", ""note"": ""The commentary moves from quarrel to mended relationship while requiring self-restraint; Paul instructs spiritual people to restore a transgressor gently and watch themselves."", ""turn"": 1, ""model"": ""sol"", ""connection_id"": ""BC-8b95ba8ec2517681c237""}]"
SBLGNT:Gal.6.2	strong	incil	motif	bear one another's burdens	The commentary's sabr can mean standing as another's guarantor; Paul tells believers to carry one another's burdens, thereby fulfilling Christ's law. | The commentary's sabır includes acting as another's guarantor under a load; Paul commands believers to carry one another's burdens.	103:3	"[{""line"": 29, ""strength"": ""strong"", ""tradition"": ""incil"", ""kind"": ""motif"", ""ref"": ""SBLGNT:Gal.6.2"", ""basis"": ""bear one another's burdens"", ""note"": ""The commentary's sabr can mean standing as another's guarantor; Paul tells believers to carry one another's burdens, thereby fulfilling Christ's law."", ""turn"": 1, ""model"": ""luna"", ""connection_id"": ""BC-7deca6e804e919e3b318""}, {""line"": 62, ""strength"": ""strong"", ""tradition"": ""incil"", ""kind"": ""motif"", ""ref"": ""SBLGNT:Gal.6.2"", ""basis"": ""bear one another's burdens"", ""note"": ""The commentary's sabır includes acting as another's guarantor under a load; Paul commands believers to carry one another's burdens."", ""turn"": 1, ""model"": ""sol"", ""connection_id"": ""BC-688f4397f1fcb6d86fcd""}]"
SBLGNT:Gal.6.9	strong	incil	motif	keep doing good | keep doing good until harvest	The commentary's patience holds firm through hardship; Paul tells the community not to grow weary in doing good, since the harvest comes in its season. | The commentary makes patience the strength that holds sound deeds until their due time; Paul says not to tire of doing good, for a harvest comes if they do not give up.	103:3	"[{""line"": 30, ""strength"": ""strong"", ""tradition"": ""incil"", ""kind"": ""motif"", ""ref"": ""SBLGNT:Gal.6.9"", ""basis"": ""keep doing good"", ""note"": ""The commentary's patience holds firm through hardship; Paul tells the community not to grow weary in doing good, since the harvest comes in its season."", ""turn"": 1, ""model"": ""luna"", ""connection_id"": ""BC-f3ab48167360416361c5""}, {""line"": 69, ""strength"": ""strong"", ""tradition"": ""incil"", ""kind"": ""motif"", ""ref"": ""SBLGNT:Gal.6.9"", ""basis"": ""keep doing good until harvest"", ""note"": ""The commentary makes patience the strength that holds sound deeds until their due time; Paul says not to tire of doing good, for a harvest comes if they do not give up."", ""turn"": 1, ""model"": ""sol"", ""connection_id"": ""BC-acf7169a1e4fee58a636""}]"
SBLGNT:Heb.10.23	medium	incil	motif	hold hope because promiser faithful	The commentary says patient holding is grounded in the truth of a promise; Hebrews calls for firm confession of hope because the one who promised is faithful.	103:3	"[{""line"": 139, ""strength"": ""medium"", ""tradition"": ""incil"", ""kind"": ""motif"", ""ref"": ""SBLGNT:Heb.10.23"", ""basis"": ""hold hope because promiser faithful"", ""note"": ""The commentary says patient holding is grounded in the truth of a promise; Hebrews calls for firm confession of hope because the one who promised is faithful."", ""turn"": 1, ""model"": ""sol"", ""connection_id"": ""BC-10154d251368b6754239""}]"
SBLGNT:Heb.10.24	strong	incil	motif	stir one another to good works | mutually stir love and good works	The commentary says the righteous are defined by mutual exhortation, not only private belief; Hebrews tells believers to provoke one another to love and good works. | The commentary distinguishes individual action from mutual encouragement; Hebrews asks believers to consider one another so as to provoke love and good works.	103:3	"[{""line"": 5, ""strength"": ""strong"", ""tradition"": ""incil"", ""kind"": ""motif"", ""ref"": ""SBLGNT:Heb.10.24"", ""basis"": ""stir one another to good works"", ""note"": ""The commentary says the righteous are defined by mutual exhortation, not only private belief; Hebrews tells believers to provoke one another to love and good works."", ""turn"": 1, ""model"": ""luna"", ""connection_id"": ""BC-68f4b4596893e55d2e08""}, {""line"": 55, ""strength"": ""strong"", ""tradition"": ""incil"", ""kind"": ""motif"", ""ref"": ""SBLGNT:Heb.10.24"", ""basis"": ""mutually stir love and good works"", ""note"": ""The commentary distinguishes individual action from mutual encouragement; Hebrews asks believers to consider one another so as to provoke love and good works."", ""turn"": 1, ""model"": ""sol"", ""connection_id"": ""BC-0ea9d4d1963113542721""}]"
SBLGNT:Heb.10.25	strong	incil	motif	encourage one another | encourage one another as day approaches	The commentary's repeated tawāṣaw makes support reciprocal; Hebrews names mutual encouragement as the community approaches the coming day. | The commentary's repeated reciprocal verbs keep a group together until the day of reckoning; Hebrews says to keep assembling and encouraging one another as that day draws near.	103:3	"[{""line"": 6, ""strength"": ""strong"", ""tradition"": ""incil"", ""kind"": ""motif"", ""ref"": ""SBLGNT:Heb.10.25"", ""basis"": ""encourage one another"", ""note"": ""The commentary's repeated tawāṣaw makes support reciprocal; Hebrews names mutual encouragement as the community approaches the coming day."", ""turn"": 1, ""model"": ""luna"", ""connection_id"": ""BC-5ef1e9b34e081ad322c5""}, {""line"": 56, ""strength"": ""strong"", ""tradition"": ""incil"", ""kind"": ""motif"", ""ref"": ""SBLGNT:Heb.10.25"", ""basis"": ""encourage one another as day approaches"", ""note"": ""The commentary's repeated reciprocal verbs keep a group together until the day of reckoning; Hebrews says to keep assembling and encouraging one another as that day draws near."", ""turn"": 1, ""model"": ""sol"", ""connection_id"": ""BC-b780e4aa61d77ee39840""}]"
SBLGNT:Heb.10.36	strong	incil	motif	endurance before the promise | endurance needed to receive promise	The commentary makes sabr the strength to bear the cost of truth; Hebrews says believers need endurance so that after doing God's will they may receive the promise. | The commentary puts patience after the trustworthy promised right; Hebrews says endurance is needed after doing God's will so the promise may be received.	103:3	"[{""line"": 28, ""strength"": ""strong"", ""tradition"": ""incil"", ""kind"": ""motif"", ""ref"": ""SBLGNT:Heb.10.36"", ""basis"": ""endurance before the promise"", ""note"": ""The commentary makes sabr the strength to bear the cost of truth; Hebrews says believers need endurance so that after doing God's will they may receive the promise."", ""turn"": 1, ""model"": ""luna"", ""connection_id"": ""BC-6e593efb60837ed788f6""}, {""line"": 72, ""strength"": ""strong"", ""tradition"": ""incil"", ""kind"": ""motif"", ""ref"": ""SBLGNT:Heb.10.36"", ""basis"": ""endurance needed to receive promise"", ""note"": ""The commentary puts patience after the trustworthy promised right; Hebrews says endurance is needed after doing God's will so the promise may be received."", ""turn"": 1, ""model"": ""sol"", ""connection_id"": ""BC-071f95aef4b6e90b8f87""}]"
SBLGNT:Heb.10.38	strong	incil	yorum_gelenegi	Habakkuk's faithful righteous one	The commentary links believing to steadfast waiting for a true promise; Hebrews applies Habakkuk's righteous-by-faithfulness line to a community warned against drawing back.	103:3	"[{""line"": 75, ""strength"": ""strong"", ""tradition"": ""incil"", ""kind"": ""yorum_gelenegi"", ""ref"": ""SBLGNT:Heb.10.38"", ""basis"": ""Habakkuk's faithful righteous one"", ""note"": ""The commentary links believing to steadfast waiting for a true promise; Hebrews applies Habakkuk's righteous-by-faithfulness line to a community warned against drawing back."", ""turn"": 1, ""model"": ""sol"", ""connection_id"": ""BC-ccac9679598d59f0312d""}]"
SBLGNT:Heb.11.1	medium	incil	motif	faith as assurance of hoped reality	The commentary hears trust in the truth of a promise before it arrives; Hebrews defines faith by confidence concerning what is hoped for and conviction about what is not seen.	103:3	"[{""line"": 304, ""strength"": ""medium"", ""tradition"": ""incil"", ""kind"": ""motif"", ""ref"": ""SBLGNT:Heb.11.1"", ""basis"": ""faith as assurance of hoped reality"", ""note"": ""The commentary hears trust in the truth of a promise before it arrives; Hebrews defines faith by confidence concerning what is hoped for and conviction about what is not seen."", ""turn"": 2, ""model"": ""sol"", ""connection_id"": ""BC-4744cbd5c9cfe6de7d53""}]"
SBLGNT:Heb.11.17	medium	incil	motif	faith under test	The commentary joins belief to deeds that define the believer; Hebrews says Abraham offered Isaac by faith when tested.	103:3	"[{""line"": 110, ""strength"": ""medium"", ""tradition"": ""incil"", ""kind"": ""motif"", ""ref"": ""SBLGNT:Heb.11.17"", ""basis"": ""faith under test"", ""note"": ""The commentary joins belief to deeds that define the believer; Hebrews says Abraham offered Isaac by faith when tested."", ""turn"": 1, ""model"": ""luna"", ""connection_id"": ""BC-f90c3f49ec8768a871d0""}]"
SBLGNT:Heb.11.22	medium	incil	motif	Joseph's dying instruction remembered	The commentary cites a deathbed word that joins the dead and living; Hebrews interprets Joseph's instruction about his bones as an act of faith in Israel's coming exodus.	103:3	"[{""line"": 119, ""strength"": ""medium"", ""tradition"": ""incil"", ""kind"": ""motif"", ""ref"": ""SBLGNT:Heb.11.22"", ""basis"": ""Joseph's dying instruction remembered"", ""note"": ""The commentary cites a deathbed word that joins the dead and living; Hebrews interprets Joseph's instruction about his bones as an act of faith in Israel's coming exodus."", ""turn"": 1, ""model"": ""sol"", ""connection_id"": ""BC-e6bc3ed9529a6f472f60""}]"
SBLGNT:Heb.11.8	medium	incil	motif	faith expressed by action	The commentary pairs belief with work; Hebrews says Abraham obeyed and went out by faith, showing trust enacted rather than only asserted.	103:3	"[{""line"": 109, ""strength"": ""medium"", ""tradition"": ""incil"", ""kind"": ""motif"", ""ref"": ""SBLGNT:Heb.11.8"", ""basis"": ""faith expressed by action"", ""note"": ""The commentary pairs belief with work; Hebrews says Abraham obeyed and went out by faith, showing trust enacted rather than only asserted."", ""turn"": 1, ""model"": ""luna"", ""connection_id"": ""BC-a29d687a573944387b06""}]"
SBLGNT:Heb.12.1	strong	incil	motif	run with endurance | run assigned race with endurance	The commentary treats patience as staying on a road through hardship; Hebrews urges believers to run the race set before them with endurance. | The commentary's reliable road and intentional work require persistence; Hebrews calls believers to lay aside encumbrance and run their appointed race with endurance.	103:3	"[{""line"": 167, ""strength"": ""medium"", ""tradition"": ""incil"", ""kind"": ""motif"", ""ref"": ""SBLGNT:Heb.12.1"", ""basis"": ""run with endurance"", ""note"": ""The commentary treats patience as staying on a road through hardship; Hebrews urges believers to run the race set before them with endurance."", ""turn"": 2, ""model"": ""luna"", ""connection_id"": ""BC-56b7c2a31e8c8a8e97ed""}, {""line"": 244, ""strength"": ""strong"", ""tradition"": ""incil"", ""kind"": ""motif"", ""ref"": ""SBLGNT:Heb.12.1"", ""basis"": ""run assigned race with endurance"", ""note"": ""The commentary's reliable road and intentional work require persistence; Hebrews calls believers to lay aside encumbrance and run their appointed race with endurance."", ""turn"": 2, ""model"": ""sol"", ""connection_id"": ""BC-1065c6dc014a7c30f7fe""}]"
SBLGNT:Heb.12.11	strong	incil	motif	painful discipline yields fruit | painful discipline yields righteous fruit	The commentary calls patience a bitter medicine that can repair what it hurts; Hebrews says discipline is painful at first but later yields peaceful fruit to those trained by it. | The commentary's bitter remedy is judged by healing rather than pleasant taste; Hebrews calls discipline painful at the time but says it later yields peaceful fruit of righteousness.	103:3	"[{""line"": 35, ""strength"": ""strong"", ""tradition"": ""incil"", ""kind"": ""motif"", ""ref"": ""SBLGNT:Heb.12.11"", ""basis"": ""painful discipline yields fruit"", ""note"": ""The commentary calls patience a bitter medicine that can repair what it hurts; Hebrews says discipline is painful at first but later yields peaceful fruit to those trained by it."", ""turn"": 1, ""model"": ""luna"", ""connection_id"": ""BC-a57c795fcf7cd28ae79a""}, {""line"": 133, ""strength"": ""medium"", ""tradition"": ""incil"", ""kind"": ""motif"", ""ref"": ""SBLGNT:Heb.12.11"", ""basis"": ""painful discipline yields righteous fruit"", ""note"": ""The commentary's bitter remedy is judged by healing rather than pleasant taste; Hebrews calls discipline painful at the time but says it later yields peaceful fruit of righteousness."", ""turn"": 1, ""model"": ""sol"", ""connection_id"": ""BC-fcfbd912adff29096045""}]"
SBLGNT:Heb.12.2	strong	incil	motif	Jesus endures cross for future joy	The commentary says a trustworthy outcome makes painful patience meaningful; Hebrews presents Jesus enduring the cross for the joy set before him.	103:3	"[{""line"": 245, ""strength"": ""strong"", ""tradition"": ""incil"", ""kind"": ""motif"", ""ref"": ""SBLGNT:Heb.12.2"", ""basis"": ""Jesus endures cross for future joy"", ""note"": ""The commentary says a trustworthy outcome makes painful patience meaningful; Hebrews presents Jesus enduring the cross for the joy set before him."", ""turn"": 2, ""model"": ""sol"", ""connection_id"": ""BC-761e5ea3ee1c1ee8da4f""}]"
SBLGNT:Heb.3.13	strong	incil	motif	exhort one another against sin | exhort each other every day	The commentary warns that patience without haqq can harden into persistence in wrong; Hebrews says to exhort one another daily so no one is hardened by sin's deceit. | The commentary connects day to day through repeated truthful advice; Hebrews commands daily mutual exhortation so sin's deceit does not harden a member.	103:3	"[{""line"": 7, ""strength"": ""strong"", ""tradition"": ""incil"", ""kind"": ""motif"", ""ref"": ""SBLGNT:Heb.3.13"", ""basis"": ""exhort one another against sin"", ""note"": ""The commentary warns that patience without haqq can harden into persistence in wrong; Hebrews says to exhort one another daily so no one is hardened by sin's deceit."", ""turn"": 1, ""model"": ""luna"", ""connection_id"": ""BC-462fabbcdfe38834df58""}, {""line"": 57, ""strength"": ""strong"", ""tradition"": ""incil"", ""kind"": ""motif"", ""ref"": ""SBLGNT:Heb.3.13"", ""basis"": ""exhort each other every day"", ""note"": ""The commentary connects day to day through repeated truthful advice; Hebrews commands daily mutual exhortation so sin's deceit does not harden a member."", ""turn"": 1, ""model"": ""sol"", ""connection_id"": ""BC-9cf9056ff9946d488414""}]"
SBLGNT:Heb.4.12	strong	incil	motif	word as a penetrating sword | word pierces and judges	The commentary pictures haqq as a straight thrust that reaches its mark; Hebrews describes God's word as a sword that pierces inward, making truth an active force. | The commentary's unswerving spear stroke pictures truth entering rather than glancing aside; Hebrews calls God's word sharper than a two-edged sword, piercing and discerning the heart.	103:3	"[{""line"": 37, ""strength"": ""strong"", ""tradition"": ""incil"", ""kind"": ""motif"", ""ref"": ""SBLGNT:Heb.4.12"", ""basis"": ""word as a penetrating sword"", ""note"": ""The commentary pictures haqq as a straight thrust that reaches its mark; Hebrews describes God's word as a sword that pierces inward, making truth an active force."", ""turn"": 1, ""model"": ""luna"", ""connection_id"": ""BC-96923f1c5e25d84e206f""}, {""line"": 148, ""strength"": ""medium"", ""tradition"": ""incil"", ""kind"": ""motif"", ""ref"": ""SBLGNT:Heb.4.12"", ""basis"": ""word pierces and judges"", ""note"": ""The commentary's unswerving spear stroke pictures truth entering rather than glancing aside; Hebrews calls God's word sharper than a two-edged sword, piercing and discerning the heart."", ""turn"": 1, ""model"": ""sol"", ""connection_id"": ""BC-7e393a6373ca54be159e""}]"
SBLGNT:Heb.6.10	strong	incil	motif	work and love | service to saints remembered	The commentary treats good action as work whose value is not lost; Hebrews says God remembers the readers' work and love shown in serving the saints. | The commentary's sound work does not disappear when the day's capital runs out; Hebrews says God will not overlook the work and love shown through service to fellow believers.	103:3	"[{""line"": 19, ""strength"": ""strong"", ""tradition"": ""incil"", ""kind"": ""motif"", ""ref"": ""SBLGNT:Heb.6.10"", ""basis"": ""work and love"", ""note"": ""The commentary treats good action as work whose value is not lost; Hebrews says God remembers the readers' work and love shown in serving the saints."", ""turn"": 1, ""model"": ""luna"", ""connection_id"": ""BC-09393f275c53dab2d21f""}, {""line"": 240, ""strength"": ""strong"", ""tradition"": ""incil"", ""kind"": ""motif"", ""ref"": ""SBLGNT:Heb.6.10"", ""basis"": ""service to saints remembered"", ""note"": ""The commentary's sound work does not disappear when the day's capital runs out; Hebrews says God will not overlook the work and love shown through service to fellow believers."", ""turn"": 2, ""model"": ""sol"", ""connection_id"": ""BC-bfdaf7ddcb2ec03f8ca4""}]"
SBLGNT:Heb.6.11	medium	incil	motif	diligence until hope's fulfillment	The commentary says patient action must hold to the end of the day; Hebrews asks each hearer to show the same diligence for full assurance of hope until the end.	103:3	"[{""line"": 303, ""strength"": ""medium"", ""tradition"": ""incil"", ""kind"": ""motif"", ""ref"": ""SBLGNT:Heb.6.11"", ""basis"": ""diligence until hope's fulfillment"", ""note"": ""The commentary says patient action must hold to the end of the day; Hebrews asks each hearer to show the same diligence for full assurance of hope until the end."", ""turn"": 2, ""model"": ""sol"", ""connection_id"": ""BC-323690bdd0536c875546""}]"
SBLGNT:Heb.6.12	strong	incil	motif	faith and patience | faith and patience inherit promises	The commentary places patience after truth and makes it communal; Hebrews urges imitation of those who through faith and patience inherit the promises. | The commentary grounds endurance in a due promise; Hebrews tells the community to imitate those who inherit promises through faith and patience.	103:3	"[{""line"": 20, ""strength"": ""strong"", ""tradition"": ""incil"", ""kind"": ""motif"", ""ref"": ""SBLGNT:Heb.6.12"", ""basis"": ""faith and patience"", ""note"": ""The commentary places patience after truth and makes it communal; Hebrews urges imitation of those who through faith and patience inherit the promises."", ""turn"": 1, ""model"": ""luna"", ""connection_id"": ""BC-d0c1026cf518486015ff""}, {""line"": 241, ""strength"": ""strong"", ""tradition"": ""incil"", ""kind"": ""motif"", ""ref"": ""SBLGNT:Heb.6.12"", ""basis"": ""faith and patience inherit promises"", ""note"": ""The commentary grounds endurance in a due promise; Hebrews tells the community to imitate those who inherit promises through faith and patience."", ""turn"": 2, ""model"": ""sol"", ""connection_id"": ""BC-cf9352495e914f7fff73""}]"
SBLGNT:Heb.6.18	strong	incil	motif	flee to refuge and hold hope	The commentary hears both safety and active holding in iman and sabır; Hebrews describes people who have fled for refuge and grasp the hope set before them.	103:3	"[{""line"": 242, ""strength"": ""strong"", ""tradition"": ""incil"", ""kind"": ""motif"", ""ref"": ""SBLGNT:Heb.6.18"", ""basis"": ""flee to refuge and hold hope"", ""note"": ""The commentary hears both safety and active holding in iman and sabır; Hebrews describes people who have fled for refuge and grasp the hope set before them."", ""turn"": 2, ""model"": ""sol"", ""connection_id"": ""BC-4c6ad0b9fba181a50763""}]"
SBLGNT:Heb.6.19	strong	incil	motif	hope as soul's secure anchor	The commentary's vessel stopper and firm rock picture an inner good held against a storm; Hebrews calls hope a sure and steadfast anchor of the soul.	103:3	"[{""line"": 243, ""strength"": ""strong"", ""tradition"": ""incil"", ""kind"": ""motif"", ""ref"": ""SBLGNT:Heb.6.19"", ""basis"": ""hope as soul's secure anchor"", ""note"": ""The commentary's vessel stopper and firm rock picture an inner good held against a storm; Hebrews calls hope a sure and steadfast anchor of the soul."", ""turn"": 2, ""model"": ""sol"", ""connection_id"": ""BC-70b704114d71bf817100""}]"
SBLGNT:Jas.1.22	strong	incil	motif	doers of the word	The commentary pairs belief with righteous action; James warns hearers to become doers of the word rather than deceive themselves by hearing alone.	103:3	"[{""line"": 141, ""strength"": ""strong"", ""tradition"": ""incil"", ""kind"": ""motif"", ""ref"": ""SBLGNT:Jas.1.22"", ""basis"": ""doers of the word"", ""note"": ""The commentary pairs belief with righteous action; James warns hearers to become doers of the word rather than deceive themselves by hearing alone."", ""turn"": 2, ""model"": ""luna"", ""connection_id"": ""BC-5e372ff21ec463ef464a""}]"
SBLGNT:Jas.1.3	strong	incil	motif	trial produces steadfastness	The commentary calls patience a bitter medicine that forms the person; James says the testing of faith produces steadfastness.	103:3	"[{""line"": 152, ""strength"": ""strong"", ""tradition"": ""incil"", ""kind"": ""motif"", ""ref"": ""SBLGNT:Jas.1.3"", ""basis"": ""trial produces steadfastness"", ""note"": ""The commentary calls patience a bitter medicine that forms the person; James says the testing of faith produces steadfastness."", ""turn"": 2, ""model"": ""luna"", ""connection_id"": ""BC-5fc3384d8c6fe53b5b91""}]"
SBLGNT:Jas.1.4	strong	incil	motif	endurance brought to completion | endurance completes its work	The commentary treats sabr as remaining firm until its work is done; James says steadfastness should have its full effect, making the person complete. | The commentary treats patience as an active force that keeps a task whole; James tells believers to let endurance have its full work so they become complete and lacking nothing.	103:3	"[{""line"": 153, ""strength"": ""strong"", ""tradition"": ""incil"", ""kind"": ""motif"", ""ref"": ""SBLGNT:Jas.1.4"", ""basis"": ""endurance brought to completion"", ""note"": ""The commentary treats sabr as remaining firm until its work is done; James says steadfastness should have its full effect, making the person complete."", ""turn"": 2, ""model"": ""luna"", ""connection_id"": ""BC-174b14e6477b2504e65f""}, {""line"": 176, ""strength"": ""medium"", ""tradition"": ""incil"", ""kind"": ""motif"", ""ref"": ""SBLGNT:Jas.1.4"", ""basis"": ""endurance completes its work"", ""note"": ""The commentary treats patience as an active force that keeps a task whole; James tells believers to let endurance have its full work so they become complete and lacking nothing."", ""turn"": 1, ""model"": ""sol"", ""connection_id"": ""BC-6061ef7c3da1f5549b03""}]"
SBLGNT:Jas.2.17	strong	incil	motif	faith without works | faith without deeds dead	The commentary makes belief and righteous deeds distinct but jointly identify the saved; James says faith without works is dead, insisting that belief must take visible form. | The commentary insists that belief is followed by sound action; James says faith without works is dead, giving the commentary's pairing of belief and action a stark test.	103:3	"[{""line"": 12, ""strength"": ""strong"", ""tradition"": ""incil"", ""kind"": ""motif"", ""ref"": ""SBLGNT:Jas.2.17"", ""basis"": ""faith without works"", ""note"": ""The commentary makes belief and righteous deeds distinct but jointly identify the saved; James says faith without works is dead, insisting that belief must take visible form."", ""turn"": 1, ""model"": ""luna"", ""connection_id"": ""BC-87a5ad3c66068510ad35""}, {""line"": 53, ""strength"": ""strong"", ""tradition"": ""incil"", ""kind"": ""motif"", ""ref"": ""SBLGNT:Jas.2.17"", ""basis"": ""faith without deeds dead"", ""note"": ""The commentary insists that belief is followed by sound action; James says faith without works is dead, giving the commentary's pairing of belief and action a stark test."", ""turn"": 1, ""model"": ""sol"", ""connection_id"": ""BC-29f6c4ce7de444a3d92a""}]"
SBLGNT:Jas.2.22	strong	incil	motif	faith completed by works | faith works with deeds	The commentary pairs belief with deeds; James reads Abraham's faith as active together with his works and brought to completion by them. | The commentary places belief and performed deeds together rather than treating belief as a bare claim; James says Abraham's faith cooperated with his works and was completed by them.	103:3	"[{""line"": 13, ""strength"": ""strong"", ""tradition"": ""incil"", ""kind"": ""motif"", ""ref"": ""SBLGNT:Jas.2.22"", ""basis"": ""faith completed by works"", ""note"": ""The commentary pairs belief with deeds; James reads Abraham's faith as active together with his works and brought to completion by them."", ""turn"": 1, ""model"": ""luna"", ""connection_id"": ""BC-e243435dba49b0b54122""}, {""line"": 54, ""strength"": ""strong"", ""tradition"": ""incil"", ""kind"": ""motif"", ""ref"": ""SBLGNT:Jas.2.22"", ""basis"": ""faith works with deeds"", ""note"": ""The commentary places belief and performed deeds together rather than treating belief as a bare claim; James says Abraham's faith cooperated with his works and was completed by them."", ""turn"": 1, ""model"": ""sol"", ""connection_id"": ""BC-5a32b1299a3b14470d51""}]"
SBLGNT:Jas.2.24	strong	incil	karsi_anlati	works and faith alone	The commentary's exception includes both belief and righteous action; James explicitly says a person is justified by works and not by faith alone, a distinct reading of their relation.	103:3	"[{""line"": 14, ""strength"": ""strong"", ""tradition"": ""incil"", ""kind"": ""karsi_anlati"", ""ref"": ""SBLGNT:Jas.2.24"", ""basis"": ""works and faith alone"", ""note"": ""The commentary's exception includes both belief and righteous action; James explicitly says a person is justified by works and not by faith alone, a distinct reading of their relation."", ""turn"": 1, ""model"": ""luna"", ""connection_id"": ""BC-df5b44704a06bd5464f7""}]"
SBLGNT:Jas.3.17	strong	incil	motif	wisdom both peaceable and fruitful	The commentary turns disputed hak into counsel that repairs and yields sound deeds; James calls heavenly wisdom peaceable, gentle, merciful, and full of good fruits.	103:3	"[{""line"": 262, ""strength"": ""strong"", ""tradition"": ""incil"", ""kind"": ""motif"", ""ref"": ""SBLGNT:Jas.3.17"", ""basis"": ""wisdom both peaceable and fruitful"", ""note"": ""The commentary turns disputed hak into counsel that repairs and yields sound deeds; James calls heavenly wisdom peaceable, gentle, merciful, and full of good fruits."", ""turn"": 2, ""model"": ""sol"", ""connection_id"": ""BC-de887039909e5afa29bf""}]"
SBLGNT:Jas.3.18	strong	incil	motif	righteous fruit sown in peace	The commentary's linked vegetation and reconciliation are carried by patience; James says a harvest of righteousness is sown in peace by those making peace.	103:3	"[{""line"": 263, ""strength"": ""strong"", ""tradition"": ""incil"", ""kind"": ""motif"", ""ref"": ""SBLGNT:Jas.3.18"", ""basis"": ""righteous fruit sown in peace"", ""note"": ""The commentary's linked vegetation and reconciliation are carried by patience; James says a harvest of righteousness is sown in peace by those making peace."", ""turn"": 2, ""model"": ""sol"", ""connection_id"": ""BC-4668353c9891d38a8819""}]"
SBLGNT:Jas.5.10	strong	incil	motif	prophets as patient examples | prophets speak and endure suffering	The commentary says people who speak truth may bear its cost; James points to the prophets who spoke in the Lord's name as examples of suffering and patience. | The commentary says speaking truth may bring the hardship for which patient support is needed; James offers the prophets who spoke in the Lord's name as examples of suffering and patience.	103:3	"[{""line"": 107, ""strength"": ""medium"", ""tradition"": ""incil"", ""kind"": ""motif"", ""ref"": ""SBLGNT:Jas.5.10"", ""basis"": ""prophets as patient examples"", ""note"": ""The commentary says people who speak truth may bear its cost; James points to the prophets who spoke in the Lord's name as examples of suffering and patience."", ""raw_ref"": ""SBLGNT:James.5.10"", ""reference_resolution"": ""edition-book-names-v2"", ""turn"": 1, ""model"": ""luna"", ""connection_id"": ""BC-0e190dec5dd917f58135""}, {""line"": 264, ""strength"": ""strong"", ""tradition"": ""incil"", ""kind"": ""motif"", ""ref"": ""SBLGNT:Jas.5.10"", ""basis"": ""prophets speak and endure suffering"", ""note"": ""The commentary says speaking truth may bring the hardship for which patient support is needed; James offers the prophets who spoke in the Lord's name as examples of suffering and patience."", ""turn"": 2, ""model"": ""sol"", ""connection_id"": ""BC-f5453e09fb7de2d76098""}]"
SBLGNT:Jas.5.11	strong	incil	motif	Job's endurance | Job interpreted as endurance	The commentary's sabr holds firm in pain and waits for the outcome; James calls Job's endurance blessed and points to the Lord's compassionate end. | The commentary's patience remains in place under hard circumstances; James explicitly names Job's endurance and the Lord's merciful outcome as an example.	103:3	"[{""line"": 108, ""strength"": ""medium"", ""tradition"": ""incil"", ""kind"": ""motif"", ""ref"": ""SBLGNT:Jas.5.11"", ""basis"": ""Job's endurance"", ""note"": ""The commentary's sabr holds firm in pain and waits for the outcome; James calls Job's endurance blessed and points to the Lord's compassionate end."", ""raw_ref"": ""SBLGNT:James.5.11"", ""reference_resolution"": ""edition-book-names-v2"", ""turn"": 1, ""model"": ""luna"", ""connection_id"": ""BC-dd9915d28827ea721c19""}, {""line"": 74, ""strength"": ""strong"", ""tradition"": ""incil"", ""kind"": ""motif"", ""ref"": ""SBLGNT:Jas.5.11"", ""basis"": ""Job interpreted as endurance"", ""note"": ""The commentary's patience remains in place under hard circumstances; James explicitly names Job's endurance and the Lord's merciful outcome as an example."", ""turn"": 1, ""model"": ""sol"", ""connection_id"": ""BC-2bd98aaf62d926185c20""}]"
SBLGNT:Jas.5.19	strong	incil	motif	bring wanderer back to truth	The commentary's reciprocal true advice reconnects a person who has broken from the path; James tells the community that someone can bring back a member wandering from the truth.	103:3	"[{""line"": 265, ""strength"": ""strong"", ""tradition"": ""incil"", ""kind"": ""motif"", ""ref"": ""SBLGNT:Jas.5.19"", ""basis"": ""bring wanderer back to truth"", ""note"": ""The commentary's reciprocal true advice reconnects a person who has broken from the path; James tells the community that someone can bring back a member wandering from the truth."", ""turn"": 2, ""model"": ""sol"", ""connection_id"": ""BC-479fa19ca1e964ef95a7""}]"
SBLGNT:Jas.5.20	strong	incil	motif	restoration saves from death	The commentary's saving exception is sustained by one person's intervention for another; James says turning a sinner from wandering saves a soul from death and covers sins.	103:3	"[{""line"": 266, ""strength"": ""strong"", ""tradition"": ""incil"", ""kind"": ""motif"", ""ref"": ""SBLGNT:Jas.5.20"", ""basis"": ""restoration saves from death"", ""note"": ""The commentary's saving exception is sustained by one person's intervention for another; James says turning a sinner from wandering saves a soul from death and covers sins."", ""turn"": 2, ""model"": ""sol"", ""connection_id"": ""BC-6da6bf9f6644c8ae15c2""}]"
SBLGNT:Jas.5.4	strong	incil	motif	withheld wages | withheld wages cry out	The commentary connects haqq with a debt and a worker's due share; James says unpaid wages cry out against landowners, exposing the injustice of withholding what is owed. | The commentary names hak as a wage owed to another; James says the unpaid wages of field workers cry out against landowners.	103:3	"[{""line"": 49, ""strength"": ""strong"", ""tradition"": ""incil"", ""kind"": ""motif"", ""ref"": ""SBLGNT:Jas.5.4"", ""basis"": ""withheld wages"", ""note"": ""The commentary connects haqq with a debt and a worker's due share; James says unpaid wages cry out against landowners, exposing the injustice of withholding what is owed."", ""turn"": 1, ""model"": ""luna"", ""connection_id"": ""BC-f79735abc436a1b2c0c3""}, {""line"": 134, ""strength"": ""medium"", ""tradition"": ""incil"", ""kind"": ""motif"", ""ref"": ""SBLGNT:Jas.5.4"", ""basis"": ""withheld wages cry out"", ""note"": ""The commentary names hak as a wage owed to another; James says the unpaid wages of field workers cry out against landowners."", ""turn"": 1, ""model"": ""sol"", ""connection_id"": ""BC-dcdd931e363a84c2c9d8""}]"
SBLGNT:Jas.5.7	strong	incil	motif	farmer waits for fruit | farmer waits for rain and fruit	The commentary uses connected plants and patience through the season; James tells believers to wait like a farmer for the earth's precious fruit. | The commentary's linked vegetation needs rain and endurance through the seasons; James asks believers to be patient like a farmer waiting for precious fruit and the seasonal rains.	103:3	"[{""line"": 32, ""strength"": ""strong"", ""tradition"": ""incil"", ""kind"": ""motif"", ""ref"": ""SBLGNT:Jas.5.7"", ""basis"": ""farmer waits for fruit"", ""note"": ""The commentary uses connected plants and patience through the season; James tells believers to wait like a farmer for the earth's precious fruit."", ""turn"": 1, ""model"": ""luna"", ""connection_id"": ""BC-1a1934ce30b6659f1df8""}, {""line"": 70, ""strength"": ""strong"", ""tradition"": ""incil"", ""kind"": ""motif"", ""ref"": ""SBLGNT:Jas.5.7"", ""basis"": ""farmer waits for rain and fruit"", ""note"": ""The commentary's linked vegetation needs rain and endurance through the seasons; James asks believers to be patient like a farmer waiting for precious fruit and the seasonal rains."", ""turn"": 1, ""model"": ""sol"", ""connection_id"": ""BC-0e3af99ca99c887617ea""}]"
SBLGNT:Jas.5.8	strong	incil	motif	strengthen your hearts | establish hearts while awaiting arrival	The commentary's sabr is remaining firm until the appointed time; James says to be patient and strengthen the heart because the Lord's coming is near. | The commentary's patience is a firm inner boundary while a promise approaches; James tells believers to be patient and establish their hearts because the Lord's coming is near.	103:3	"[{""line"": 33, ""strength"": ""strong"", ""tradition"": ""incil"", ""kind"": ""motif"", ""ref"": ""SBLGNT:Jas.5.8"", ""basis"": ""strengthen your hearts"", ""note"": ""The commentary's sabr is remaining firm until the appointed time; James says to be patient and strengthen the heart because the Lord's coming is near."", ""turn"": 1, ""model"": ""luna"", ""connection_id"": ""BC-601ad62153e5b4b447f1""}, {""line"": 71, ""strength"": ""strong"", ""tradition"": ""incil"", ""kind"": ""motif"", ""ref"": ""SBLGNT:Jas.5.8"", ""basis"": ""establish hearts while awaiting arrival"", ""note"": ""The commentary's patience is a firm inner boundary while a promise approaches; James tells believers to be patient and establish their hearts because the Lord's coming is near."", ""turn"": 1, ""model"": ""sol"", ""connection_id"": ""BC-83c8feb3bc4e08613f1b""}]"
SBLGNT:John.15.12	medium	incil	motif	love one another as command	The commentary's mutual advice makes each person both giver and receiver; Jesus explicitly commands his disciples to love one another in the vine-and-fruit discourse.	103:3	"[{""line"": 143, ""strength"": ""medium"", ""tradition"": ""incil"", ""kind"": ""motif"", ""ref"": ""SBLGNT:John.15.12"", ""basis"": ""love one another as command"", ""note"": ""The commentary's mutual advice makes each person both giver and receiver; Jesus explicitly commands his disciples to love one another in the vine-and-fruit discourse."", ""turn"": 1, ""model"": ""sol"", ""connection_id"": ""BC-26a8b6e6effce47d2bbe""}]"
SBLGNT:John.15.4	medium	incil	motif	branch remains to bear fruit	The commentary's joined plants cannot nourish in isolation; Jesus says a branch cannot bear fruit by itself unless it remains in the vine.	103:3	"[{""line"": 142, ""strength"": ""medium"", ""tradition"": ""incil"", ""kind"": ""motif"", ""ref"": ""SBLGNT:John.15.4"", ""basis"": ""branch remains to bear fruit"", ""note"": ""The commentary's joined plants cannot nourish in isolation; Jesus says a branch cannot bear fruit by itself unless it remains in the vine."", ""turn"": 1, ""model"": ""sol"", ""connection_id"": ""BC-46be219cf28c87ee028b""}]"
SBLGNT:John.15.5	medium	incil	motif	branches bear fruit by remaining	The commentary's plant clusters stay connected and productive; Jesus says a branch bears fruit only by remaining in the vine, making continued attachment the condition of fruitfulness.	103:3	"[{""line"": 124, ""strength"": ""medium"", ""tradition"": ""incil"", ""kind"": ""motif"", ""ref"": ""SBLGNT:John.15.5"", ""basis"": ""branches bear fruit by remaining"", ""note"": ""The commentary's plant clusters stay connected and productive; Jesus says a branch bears fruit only by remaining in the vine, making continued attachment the condition of fruitfulness."", ""turn"": 1, ""model"": ""luna"", ""connection_id"": ""BC-6b49120c681b4b7e3e8b""}]"
SBLGNT:Jude.1.12	medium	incil	karsi_anlati	rainless clouds of false teachers	The commentary's cloud should feed linked vegetation and its true counsel should nourish others; Jude calls corrupt intruders waterless clouds swept along by wind.	103:3	"[{""line"": 141, ""strength"": ""medium"", ""tradition"": ""incil"", ""kind"": ""karsi_anlati"", ""ref"": ""SBLGNT:Jude.1.12"", ""basis"": ""rainless clouds of false teachers"", ""note"": ""The commentary's cloud should feed linked vegetation and its true counsel should nourish others; Jude calls corrupt intruders waterless clouds swept along by wind."", ""turn"": 1, ""model"": ""sol"", ""connection_id"": ""BC-30c61fc9030ecfe7a190""}]"
SBLGNT:Luke.21.19	medium	incil	motif	endurance gains life	The commentary places self-restraint inside the exception from loss; Jesus tells threatened disciples that through endurance they will gain their lives.	103:3	"[{""line"": 145, ""strength"": ""medium"", ""tradition"": ""incil"", ""kind"": ""motif"", ""ref"": ""SBLGNT:Luke.21.19"", ""basis"": ""endurance gains life"", ""note"": ""The commentary places self-restraint inside the exception from loss; Jesus tells threatened disciples that through endurance they will gain their lives."", ""turn"": 1, ""model"": ""sol"", ""connection_id"": ""BC-b3930ae0ba38768e0330""}]"
SBLGNT:Luke.6.35	strong	incil	motif	do good and lend even to enemies	The commentary's hak includes a debt owed and sabır that can transform an enemy; Jesus commands doing good and lending without expecting return to enemies, and promises a great reward.	103:3	"[{""line"": 274, ""strength"": ""strong"", ""tradition"": ""incil"", ""kind"": ""motif"", ""ref"": ""SBLGNT:Luke.6.35"", ""basis"": ""do good and lend even to enemies"", ""note"": ""The commentary's hak includes a debt owed and sabır that can transform an enemy; Jesus commands doing good and lending without expecting return to enemies, and promises a great reward."", ""turn"": 2, ""model"": ""sol"", ""connection_id"": ""BC-0d43c1b613d42165a393""}]"
SBLGNT:Luke.6.38	medium	incil	motif	generous measure returned | full measure returned to giver	The commentary sets an unweighed heap beside reward without reckoning; Jesus describes a measure pressed down and overflowing, linking giving to the measure returned. | The commentary plays on a heap received without weighing against the wage of patient giving; Jesus promises a pressed, shaken, overflowing measure to those who give, while retaining a measure-for-measure rule.	103:3	"[{""line"": 114, ""strength"": ""medium"", ""tradition"": ""incil"", ""kind"": ""motif"", ""ref"": ""SBLGNT:Luke.6.38"", ""basis"": ""generous measure returned"", ""note"": ""The commentary sets an unweighed heap beside reward without reckoning; Jesus describes a measure pressed down and overflowing, linking giving to the measure returned."", ""turn"": 1, ""model"": ""luna"", ""connection_id"": ""BC-e983a32280eb1d464889""}, {""line"": 179, ""strength"": ""medium"", ""tradition"": ""incil"", ""kind"": ""motif"", ""ref"": ""SBLGNT:Luke.6.38"", ""basis"": ""full measure returned to giver"", ""note"": ""The commentary plays on a heap received without weighing against the wage of patient giving; Jesus promises a pressed, shaken, overflowing measure to those who give, while retaining a measure-for-measure rule."", ""turn"": 1, ""model"": ""sol"", ""connection_id"": ""BC-7ade60ff0ffa5d51bfa3""}]"
SBLGNT:Luke.8.13	strong	incil	motif	rootless believers fall under trial	The commentary's joined green growth needs patient holding after belief; Jesus says the rocky-ground hearers believe for a while but fall away in a time of testing because they lack root.	103:3	"[{""line"": 261, ""strength"": ""strong"", ""tradition"": ""incil"", ""kind"": ""motif"", ""ref"": ""SBLGNT:Luke.8.13"", ""basis"": ""rootless believers fall under trial"", ""note"": ""The commentary's joined green growth needs patient holding after belief; Jesus says the rocky-ground hearers believe for a while but fall away in a time of testing because they lack root."", ""turn"": 2, ""model"": ""sol"", ""connection_id"": ""BC-219bb21f11fd4b51629d""}]"
SBLGNT:Luke.8.14	medium	incil	motif	wealth chokes plant before fruit	The commentary contrasts capital that distracts with useful fruit that lasts; Jesus says life's cares, riches, and pleasures choke the heard word so its hearers fail to mature fruit.	103:3	"[{""line"": 316, ""strength"": ""medium"", ""tradition"": ""incil"", ""kind"": ""motif"", ""ref"": ""SBLGNT:Luke.8.14"", ""basis"": ""wealth chokes plant before fruit"", ""note"": ""The commentary contrasts capital that distracts with useful fruit that lasts; Jesus says life's cares, riches, and pleasures choke the heard word so its hearers fail to mature fruit."", ""turn"": 2, ""model"": ""sol"", ""connection_id"": ""BC-fcfd3b64f3af0ce1b80b""}]"
SBLGNT:Luke.8.15	strong	incil	motif	hold fast and bear fruit | hold word and bear fruit with endurance	The commentary joins inward restraint to good action; Jesus describes hearers who hold the word fast and bear fruit with endurance. | The commentary joins a contained true word, lasting growth, and patient holding; Jesus' good-soil hearers hold the word in a good heart and bear fruit with endurance.	103:3	"[{""line"": 31, ""strength"": ""strong"", ""tradition"": ""incil"", ""kind"": ""motif"", ""ref"": ""SBLGNT:Luke.8.15"", ""basis"": ""hold fast and bear fruit"", ""note"": ""The commentary joins inward restraint to good action; Jesus describes hearers who hold the word fast and bear fruit with endurance."", ""turn"": 1, ""model"": ""luna"", ""connection_id"": ""BC-b4ef2a5747cb78d3bf3a""}, {""line"": 127, ""strength"": ""medium"", ""tradition"": ""incil"", ""kind"": ""motif"", ""ref"": ""SBLGNT:Luke.8.15"", ""basis"": ""hold word and bear fruit with endurance"", ""note"": ""The commentary joins a contained true word, lasting growth, and patient holding; Jesus' good-soil hearers hold the word in a good heart and bear fruit with endurance."", ""turn"": 1, ""model"": ""sol"", ""connection_id"": ""BC-81112d573125dea9ab00""}]"
SBLGNT:Mark.8.35	medium	incil	motif	life lost for true message is saved	The commentary's rescue from loss can require holding fast under threat; Jesus says one who loses life for him and the gospel will save it.	103:3	"[{""line"": 314, ""strength"": ""medium"", ""tradition"": ""incil"", ""kind"": ""motif"", ""ref"": ""SBLGNT:Mark.8.35"", ""basis"": ""life lost for true message is saved"", ""note"": ""The commentary's rescue from loss can require holding fast under threat; Jesus says one who loses life for him and the gospel will save it."", ""turn"": 2, ""model"": ""sol"", ""connection_id"": ""BC-47fb4ad0a1aea33fb2b8""}]"
SBLGNT:Mark.8.36	strong	incil	motif	gain world yet forfeit life	The commentary's loss is deeper than an unfavorable trade; Jesus asks what profit comes from gaining the whole world while forfeiting one's life.	103:3	"[{""line"": 87, ""strength"": ""strong"", ""tradition"": ""incil"", ""kind"": ""motif"", ""ref"": ""SBLGNT:Mark.8.36"", ""basis"": ""gain world yet forfeit life"", ""note"": ""The commentary's loss is deeper than an unfavorable trade; Jesus asks what profit comes from gaining the whole world while forfeiting one's life."", ""turn"": 1, ""model"": ""sol"", ""connection_id"": ""BC-d2cd751c23edb1441db3""}]"
SBLGNT:Matt.10.22	medium	incil	motif	endurance to the end	The commentary defines the exception by a completed pattern of belief, action, and patience; Jesus says the one who endures to the end will be saved.	103:3	"[{""line"": 170, ""strength"": ""medium"", ""tradition"": ""incil"", ""kind"": ""motif"", ""ref"": ""SBLGNT:Matt.10.22"", ""basis"": ""endurance to the end"", ""note"": ""The commentary defines the exception by a completed pattern of belief, action, and patience; Jesus says the one who endures to the end will be saved."", ""turn"": 2, ""model"": ""luna"", ""connection_id"": ""BC-a24ff9bb4314e7cb3c01""}]"
SBLGNT:Matt.11.28	medium	incil	motif	rest for the burdened	The commentary pictures sabr as staying under hardship and haqq as a load scaled to capacity; Jesus invites the weary and burdened to come for rest.	103:3	"[{""line"": 113, ""strength"": ""medium"", ""tradition"": ""incil"", ""kind"": ""motif"", ""ref"": ""SBLGNT:Matt.11.28"", ""basis"": ""rest for the burdened"", ""note"": ""The commentary pictures sabr as staying under hardship and haqq as a load scaled to capacity; Jesus invites the weary and burdened to come for rest."", ""turn"": 1, ""model"": ""luna"", ""connection_id"": ""BC-7d8da89bc11305c6352c""}]"
SBLGNT:Matt.11.30	strong	incil	motif	easy yoke and light burden | light burden and easy yoke	The commentary distinguishes a fitting load from forcing a camel beyond its strength; Jesus says his yoke is easy and his burden light. | The commentary distinguishes the eligible animal's load from overdriving it; Jesus calls his yoke kind and his burden light after inviting the weary to rest.	103:3	"[{""line"": 38, ""strength"": ""strong"", ""tradition"": ""incil"", ""kind"": ""motif"", ""ref"": ""SBLGNT:Matt.11.30"", ""basis"": ""easy yoke and light burden"", ""note"": ""The commentary distinguishes a fitting load from forcing a camel beyond its strength; Jesus says his yoke is easy and his burden light."", ""turn"": 1, ""model"": ""luna"", ""connection_id"": ""BC-2a9ccfa0a4229dc4e557""}, {""line"": 137, ""strength"": ""medium"", ""tradition"": ""incil"", ""kind"": ""motif"", ""ref"": ""SBLGNT:Matt.11.30"", ""basis"": ""light burden and easy yoke"", ""note"": ""The commentary distinguishes the eligible animal's load from overdriving it; Jesus calls his yoke kind and his burden light after inviting the weary to rest."", ""turn"": 1, ""model"": ""sol"", ""connection_id"": ""BC-d80b2da2ed3e0dec958d""}]"
SBLGNT:Matt.16.27	strong	incil	motif	each repaid according to deeds	The commentary's Hāqqa faces every human with what they did; Jesus says the Son of Man will come in glory and repay each according to conduct.	103:3	"[{""line"": 85, ""strength"": ""strong"", ""tradition"": ""incil"", ""kind"": ""motif"", ""ref"": ""SBLGNT:Matt.16.27"", ""basis"": ""each repaid according to deeds"", ""note"": ""The commentary's Hāqqa faces every human with what they did; Jesus says the Son of Man will come in glory and repay each according to conduct."", ""turn"": 1, ""model"": ""sol"", ""connection_id"": ""BC-b1c5b798f1dbffdede90""}]"
SBLGNT:Matt.18.15	strong	incil	motif	correction that regains a brother | reprove brother to regain him	The commentary makes mutual advice a way of holding a community together; Jesus instructs a person to confront a sinning brother privately, and says listening can regain the brother. | The commentary's truthful advice aims at reconnection, not victory over a disputant; Jesus orders private correction of a sinning brother with the aim of gaining him.	103:3	"[{""line"": 143, ""strength"": ""strong"", ""tradition"": ""incil"", ""kind"": ""motif"", ""ref"": ""SBLGNT:Matt.18.15"", ""basis"": ""correction that regains a brother"", ""note"": ""The commentary makes mutual advice a way of holding a community together; Jesus instructs a person to confront a sinning brother privately, and says listening can regain the brother."", ""turn"": 2, ""model"": ""luna"", ""connection_id"": ""BC-806c5c5875fbc5baba93""}, {""line"": 124, ""strength"": ""medium"", ""tradition"": ""incil"", ""kind"": ""motif"", ""ref"": ""SBLGNT:Matt.18.15"", ""basis"": ""reprove brother to regain him"", ""note"": ""The commentary's truthful advice aims at reconnection, not victory over a disputant; Jesus orders private correction of a sinning brother with the aim of gaining him."", ""turn"": 1, ""model"": ""sol"", ""connection_id"": ""BC-eaef6b87f39973829a95""}]"
SBLGNT:Matt.18.16	medium	incil	motif	witnesses accompany correction	The commentary joins advice, testimony, and the rights of another; Jesus adds one or two witnesses when private correction fails so a matter is established.	103:3	"[{""line"": 125, ""strength"": ""medium"", ""tradition"": ""incil"", ""kind"": ""motif"", ""ref"": ""SBLGNT:Matt.18.16"", ""basis"": ""witnesses accompany correction"", ""note"": ""The commentary joins advice, testimony, and the rights of another; Jesus adds one or two witnesses when private correction fails so a matter is established."", ""turn"": 1, ""model"": ""sol"", ""connection_id"": ""BC-b3bfa23b6e61e5375e3c""}]"
SBLGNT:Matt.20.12	strong	incil	karsi_anlati	all paid alike despite unequal hours	The commentary's commercial image expects a measured work wage; the earlier vineyard workers protest that one-hour laborers are made equal to those who endured the day's heat, making generosity complicate the account.	103:3	"[{""line"": 66, ""strength"": ""strong"", ""tradition"": ""incil"", ""kind"": ""karsi_anlati"", ""ref"": ""SBLGNT:Matt.20.12"", ""basis"": ""all paid alike despite unequal hours"", ""note"": ""The commentary's commercial image expects a measured work wage; the earlier vineyard workers protest that one-hour laborers are made equal to those who endured the day's heat, making generosity complicate the account."", ""turn"": 1, ""model"": ""sol"", ""connection_id"": ""BC-6d44104119e87a37cc06""}]"
SBLGNT:Matt.20.13	medium	incil	motif	agreed wage	The commentary describes haqq as a debt or rightful share; the owner answers a worker by pointing to the agreed wage, making the claim of what is owed explicit.	103:3	"[{""line"": 126, ""strength"": ""medium"", ""tradition"": ""incil"", ""kind"": ""motif"", ""ref"": ""SBLGNT:Matt.20.13"", ""basis"": ""agreed wage"", ""note"": ""The commentary describes haqq as a debt or rightful share; the owner answers a worker by pointing to the agreed wage, making the claim of what is owed explicit."", ""turn"": 1, ""model"": ""luna"", ""connection_id"": ""BC-1dab17c39ab751d83c1b""}]"
SBLGNT:Matt.20.15	medium	incil	motif	generous wage and the worker's claim	The commentary understands haqq as a due share; the owner insists he wronged no worker while paying from generosity, complicating a simple equation of work and proportionate reward.	103:3	"[{""line"": 115, ""strength"": ""medium"", ""tradition"": ""incil"", ""kind"": ""motif"", ""ref"": ""SBLGNT:Matt.20.15"", ""basis"": ""generous wage and the worker's claim"", ""note"": ""The commentary understands haqq as a due share; the owner insists he wronged no worker while paying from generosity, complicating a simple equation of work and proportionate reward."", ""turn"": 1, ""model"": ""luna"", ""connection_id"": ""BC-f3c86888e724a2f1e770""}]"
SBLGNT:Matt.20.8	strong	incil	motif	wages at day's end | evening wages to laborers	The commentary connects work to the day's wage; the vineyard owner pays the workers at evening, giving a narrative setting for labor, time, and compensation. | The commentary imagines day's end when intentional labor meets its wage; in Jesus' vineyard story evening arrives and the owner orders the workers' wages paid.	103:3	"[{""line"": 111, ""strength"": ""medium"", ""tradition"": ""incil"", ""kind"": ""motif"", ""ref"": ""SBLGNT:Matt.20.8"", ""basis"": ""wages at day's end"", ""note"": ""The commentary connects work to the day's wage; the vineyard owner pays the workers at evening, giving a narrative setting for labor, time, and compensation."", ""turn"": 1, ""model"": ""luna"", ""connection_id"": ""BC-3340da416b685c1cdaa8""}, {""line"": 65, ""strength"": ""strong"", ""tradition"": ""incil"", ""kind"": ""motif"", ""ref"": ""SBLGNT:Matt.20.8"", ""basis"": ""evening wages to laborers"", ""note"": ""The commentary imagines day's end when intentional labor meets its wage; in Jesus' vineyard story evening arrives and the owner orders the workers' wages paid."", ""turn"": 1, ""model"": ""sol"", ""connection_id"": ""BC-aed1d4286ca8dd695814""}]"
SBLGNT:Matt.24.12	medium	incil	motif	lawlessness cools mutual love	The commentary's patience keeps connected people from splitting apart; Jesus says increasing lawlessness makes the love of many grow cold before his call to endure.	103:3	"[{""line"": 309, ""strength"": ""medium"", ""tradition"": ""incil"", ""kind"": ""motif"", ""ref"": ""SBLGNT:Matt.24.12"", ""basis"": ""lawlessness cools mutual love"", ""note"": ""The commentary's patience keeps connected people from splitting apart; Jesus says increasing lawlessness makes the love of many grow cold before his call to endure."", ""turn"": 2, ""model"": ""sol"", ""connection_id"": ""BC-e166c947634f57fa66d6""}]"
SBLGNT:Matt.24.13	strong	incil	motif	endurance to end brings salvation	The commentary's sabır must hold through the whole threatened period; Jesus says the one who endures to the end will be saved.	103:3	"[{""line"": 267, ""strength"": ""strong"", ""tradition"": ""incil"", ""kind"": ""motif"", ""ref"": ""SBLGNT:Matt.24.13"", ""basis"": ""endurance to end brings salvation"", ""note"": ""The commentary's sabır must hold through the whole threatened period; Jesus says the one who endures to the end will be saved."", ""turn"": 2, ""model"": ""sol"", ""connection_id"": ""BC-8dc344cbff7d7e6503bd""}]"
SBLGNT:Matt.25.35	medium	incil	motif	feed hungry and welcome stranger	The commentary tests whether a sound deed nourishes the next person; the king names feeding, giving drink, and welcoming as acts that mark those accepted at judgment.	103:3	"[{""line"": 310, ""strength"": ""medium"", ""tradition"": ""incil"", ""kind"": ""motif"", ""ref"": ""SBLGNT:Matt.25.35"", ""basis"": ""feed hungry and welcome stranger"", ""note"": ""The commentary tests whether a sound deed nourishes the next person; the king names feeding, giving drink, and welcoming as acts that mark those accepted at judgment."", ""turn"": 2, ""model"": ""sol"", ""connection_id"": ""BC-a90fe6e622f4b9753ee7""}]"
SBLGNT:Matt.25.40	strong	incil	motif	acts for the least | care for least counted as service	The commentary defines the saved through righteous actions; in Matthew's judgment scene, feeding and welcoming the vulnerable count as service to the Son of Man. | The commentary's mutual support gives a needy neighbor a concrete claim; the king identifies deeds done for the least of his brothers with deeds done for him.	103:3	"[{""line"": 25, ""strength"": ""strong"", ""tradition"": ""incil"", ""kind"": ""motif"", ""ref"": ""SBLGNT:Matt.25.40"", ""basis"": ""acts for the least"", ""note"": ""The commentary defines the saved through righteous actions; in Matthew's judgment scene, feeding and welcoming the vulnerable count as service to the Son of Man."", ""turn"": 1, ""model"": ""luna"", ""connection_id"": ""BC-a05c7ce8789f89dba0c9""}, {""line"": 311, ""strength"": ""medium"", ""tradition"": ""incil"", ""kind"": ""motif"", ""ref"": ""SBLGNT:Matt.25.40"", ""basis"": ""care for least counted as service"", ""note"": ""The commentary's mutual support gives a needy neighbor a concrete claim; the king identifies deeds done for the least of his brothers with deeds done for him."", ""turn"": 2, ""model"": ""sol"", ""connection_id"": ""BC-57f105220b3c80927ffd""}]"
SBLGNT:Matt.5.16	medium	incil	motif	good works seen by others	The commentary says righteous actions define the saved community; Jesus says visible good works can lead others to glorify the Father.	103:3	"[{""line"": 125, ""strength"": ""medium"", ""tradition"": ""incil"", ""kind"": ""motif"", ""ref"": ""SBLGNT:Matt.5.16"", ""basis"": ""good works seen by others"", ""note"": ""The commentary says righteous actions define the saved community; Jesus says visible good works can lead others to glorify the Father."", ""turn"": 1, ""model"": ""luna"", ""connection_id"": ""BC-c4e937b68885230bbc0b""}]"
SBLGNT:Matt.5.44	strong	incil	motif	love enemies	The commentary's final example turns an enemy into a close friend through good conduct; Jesus commands love and prayer for persecutors.	103:3	"[{""line"": 43, ""strength"": ""strong"", ""tradition"": ""incil"", ""kind"": ""motif"", ""ref"": ""SBLGNT:Matt.5.44"", ""basis"": ""love enemies"", ""note"": ""The commentary's final example turns an enemy into a close friend through good conduct; Jesus commands love and prayer for persecutors."", ""turn"": 1, ""model"": ""luna"", ""connection_id"": ""BC-a162a88b0848c324d182""}]"
SBLGNT:Matt.6.12	strong	incil	motif	debts between people	The commentary hears haqq as a debt owed by one person to another; the Lord's Prayer makes forgiveness of our debts reciprocal with forgiving our debtors.	103:3	"[{""line"": 47, ""strength"": ""strong"", ""tradition"": ""incil"", ""kind"": ""motif"", ""ref"": ""SBLGNT:Matt.6.12"", ""basis"": ""debts between people"", ""note"": ""The commentary hears haqq as a debt owed by one person to another; the Lord's Prayer makes forgiveness of our debts reciprocal with forgiving our debtors."", ""turn"": 1, ""model"": ""luna"", ""connection_id"": ""BC-d9b95dc565150a43d044""}]"
SBLGNT:Matt.6.20	medium	incil	motif	store treasure beyond decay	The commentary contrasts a shrinking worldly capital with sound acts that remain; Jesus directs storing treasure in heaven where decay and theft cannot reach.	103:3	"[{""line"": 144, ""strength"": ""medium"", ""tradition"": ""incil"", ""kind"": ""motif"", ""ref"": ""SBLGNT:Matt.6.20"", ""basis"": ""store treasure beyond decay"", ""note"": ""The commentary contrasts a shrinking worldly capital with sound acts that remain; Jesus directs storing treasure in heaven where decay and theft cannot reach."", ""turn"": 1, ""model"": ""sol"", ""connection_id"": ""BC-11a81c841d5dbe0e9c5d""}]"
SBLGNT:Matt.6.4	medium	incil	motif	reward for hidden good work	The commentary observes that this ayah names mutual counsel instead of a wage; Jesus says the Father will repay the person who gives alms in secret, an alternate framing of good action.	103:3	"[{""line"": 112, ""strength"": ""medium"", ""tradition"": ""incil"", ""kind"": ""motif"", ""ref"": ""SBLGNT:Matt.6.4"", ""basis"": ""reward for hidden good work"", ""note"": ""The commentary observes that this ayah names mutual counsel instead of a wage; Jesus says the Father will repay the person who gives alms in secret, an alternate framing of good action."", ""turn"": 1, ""model"": ""luna"", ""connection_id"": ""BC-f66845f452f373d304e5""}]"
SBLGNT:Matt.7.21	strong	incil	motif	doing the Father's will	The commentary identifies the saved by belief together with deeds; Jesus distinguishes saying “Lord” from doing the Father's will.	103:3	"[{""line"": 140, ""strength"": ""strong"", ""tradition"": ""incil"", ""kind"": ""motif"", ""ref"": ""SBLGNT:Matt.7.21"", ""basis"": ""doing the Father's will"", ""note"": ""The commentary identifies the saved by belief together with deeds; Jesus distinguishes saying “Lord” from doing the Father's will."", ""turn"": 2, ""model"": ""luna"", ""connection_id"": ""BC-4f8253e4fc586c10478f""}]"
SBLGNT:Matt.7.24	strong	incil	motif	hearing and doing | hearing and doing builds on rock	The commentary's good action is a life that holds together rather than collapses; Jesus compares hearing and doing his words to building a house on rock. | The commentary's sound work fits its truth like a settled door hinge; Jesus' wise hearer does his words and builds a house on rock that can endure.	103:3	"[{""line"": 36, ""strength"": ""strong"", ""tradition"": ""incil"", ""kind"": ""motif"", ""ref"": ""SBLGNT:Matt.7.24"", ""basis"": ""hearing and doing"", ""note"": ""The commentary's good action is a life that holds together rather than collapses; Jesus compares hearing and doing his words to building a house on rock."", ""turn"": 1, ""model"": ""luna"", ""connection_id"": ""BC-4318c79fb6f0fcdfe001""}, {""line"": 82, ""strength"": ""strong"", ""tradition"": ""incil"", ""kind"": ""motif"", ""ref"": ""SBLGNT:Matt.7.24"", ""basis"": ""hearing and doing builds on rock"", ""note"": ""The commentary's sound work fits its truth like a settled door hinge; Jesus' wise hearer does his words and builds a house on rock that can endure."", ""turn"": 1, ""model"": ""sol"", ""connection_id"": ""BC-9ed68364033532bc3f2c""}]"
SBLGNT:Matt.7.25	strong	incil	motif	rock-founded house withstands storm	The commentary's securely fitted work is proved by pressure rather than appearance; Jesus' rock-founded house survives rain, floods, and winds because its foundation holds.	103:3	"[{""line"": 260, ""strength"": ""strong"", ""tradition"": ""incil"", ""kind"": ""motif"", ""ref"": ""SBLGNT:Matt.7.25"", ""basis"": ""rock-founded house withstands storm"", ""note"": ""The commentary's securely fitted work is proved by pressure rather than appearance; Jesus' rock-founded house survives rain, floods, and winds because its foundation holds."", ""turn"": 2, ""model"": ""sol"", ""connection_id"": ""BC-c8dda8cdaf4f639c1f4c""}]"
SBLGNT:Matt.7.26	strong	incil	karsi_anlati|motif	hearing without doing | hearing without doing builds on sand	The commentary says deeds distinguish those who leave loss; Jesus contrasts the hearer who does not act with the house that collapses in a storm. | The commentary says good work must match a true word or the structure fails; Jesus' foolish hearer does not act on the words and builds on sand.	103:3	"[{""line"": 116, ""strength"": ""medium"", ""tradition"": ""incil"", ""kind"": ""motif"", ""ref"": ""SBLGNT:Matt.7.26"", ""basis"": ""hearing without doing"", ""note"": ""The commentary says deeds distinguish those who leave loss; Jesus contrasts the hearer who does not act with the house that collapses in a storm."", ""turn"": 1, ""model"": ""luna"", ""connection_id"": ""BC-c4aa9c17bf3cecb60054""}, {""line"": 83, ""strength"": ""strong"", ""tradition"": ""incil"", ""kind"": ""karsi_anlati"", ""ref"": ""SBLGNT:Matt.7.26"", ""basis"": ""hearing without doing builds on sand"", ""note"": ""The commentary says good work must match a true word or the structure fails; Jesus' foolish hearer does not act on the words and builds on sand."", ""turn"": 1, ""model"": ""sol"", ""connection_id"": ""BC-0c39d967007d0c21f8a0""}]"
SBLGNT:Phil.4.9	medium	incil	motif	received teaching put into practice	The commentary defines advice as something transmitted for another to perform; Paul tells believers to practice what they learned, received, heard, and saw in him, then promises the God of peace will be with them.	103:3	"[{""line"": 180, ""strength"": ""medium"", ""tradition"": ""incil"", ""kind"": ""motif"", ""ref"": ""SBLGNT:Phil.4.9"", ""basis"": ""received teaching put into practice"", ""note"": ""The commentary defines advice as something transmitted for another to perform; Paul tells believers to practice what they learned, received, heard, and saw in him, then promises the God of peace will be with them."", ""turn"": 1, ""model"": ""sol"", ""connection_id"": ""BC-e7322091284ba4236477""}]"
SBLGNT:Rev.12.11	medium	incil	motif	testimony held despite death	The commentary's true word can become a defended standard under mortal threat; the faithful conquer by their testimony and do not cling to life even when facing death.	103:3	"[{""line"": 308, ""strength"": ""medium"", ""tradition"": ""incil"", ""kind"": ""motif"", ""ref"": ""SBLGNT:Rev.12.11"", ""basis"": ""testimony held despite death"", ""note"": ""The commentary's true word can become a defended standard under mortal threat; the faithful conquer by their testimony and do not cling to life even when facing death."", ""turn"": 2, ""model"": ""sol"", ""connection_id"": ""BC-4736973edd605260b177""}]"
SBLGNT:Rev.14.12	strong	incil	motif	endurance, commandments, and faith | endurance of faithful command-keepers	The commentary makes patience the companion of truth and faithful action; Revelation identifies the saints by endurance, keeping God's commandments, and faith in Jesus. | The commentary orders faith, sound obedience, and patience as traits of those rescued; Revelation calls for the saints' endurance, identifying them as command-keepers who hold faith in Jesus.	103:3	"[{""line"": 23, ""strength"": ""strong"", ""tradition"": ""incil"", ""kind"": ""motif"", ""ref"": ""SBLGNT:Rev.14.12"", ""basis"": ""endurance, commandments, and faith"", ""note"": ""The commentary makes patience the companion of truth and faithful action; Revelation identifies the saints by endurance, keeping God's commandments, and faith in Jesus."", ""turn"": 1, ""model"": ""luna"", ""connection_id"": ""BC-cf82d930159dde27b03f""}, {""line"": 268, ""strength"": ""strong"", ""tradition"": ""incil"", ""kind"": ""motif"", ""ref"": ""SBLGNT:Rev.14.12"", ""basis"": ""endurance of faithful command-keepers"", ""note"": ""The commentary orders faith, sound obedience, and patience as traits of those rescued; Revelation calls for the saints' endurance, identifying them as command-keepers who hold faith in Jesus."", ""turn"": 2, ""model"": ""sol"", ""connection_id"": ""BC-30313e85b7485fbda2c7""}]"
SBLGNT:Rev.2.10	strong	incil	motif	faithful through death receives life	The commentary's threatened believers ask for patience up to death; the risen speaker tells the persecuted assembly to be faithful unto death and promises the crown of life.	103:3	"[{""line"": 269, ""strength"": ""strong"", ""tradition"": ""incil"", ""kind"": ""motif"", ""ref"": ""SBLGNT:Rev.2.10"", ""basis"": ""faithful through death receives life"", ""note"": ""The commentary's threatened believers ask for patience up to death; the risen speaker tells the persecuted assembly to be faithful unto death and promises the crown of life."", ""turn"": 2, ""model"": ""sol"", ""connection_id"": ""BC-9b6675c603432797ebdc""}]"
SBLGNT:Rev.2.19	medium	incil	motif	works, love, faith, service, endurance	The commentary gives distinct verbs to belief, work, and shared patience; the message to Thyatira commends its works, love, faith, service, and endurance, with later works exceeding earlier ones.	103:3	"[{""line"": 173, ""strength"": ""medium"", ""tradition"": ""incil"", ""kind"": ""motif"", ""ref"": ""SBLGNT:Rev.2.19"", ""basis"": ""works, love, faith, service, endurance"", ""note"": ""The commentary gives distinct verbs to belief, work, and shared patience; the message to Thyatira commends its works, love, faith, service, and endurance, with later works exceeding earlier ones."", ""turn"": 1, ""model"": ""sol"", ""connection_id"": ""BC-81812f827510434d5a98""}]"
SBLGNT:Rev.2.2	strong	incil	motif	works, labor, and endurance	The commentary's traits include work and patience; Revelation praises a church for its works, labor, and patient endurance while testing false claims.	103:3	"[{""line"": 148, ""strength"": ""strong"", ""tradition"": ""incil"", ""kind"": ""motif"", ""ref"": ""SBLGNT:Rev.2.2"", ""basis"": ""works, labor, and endurance"", ""note"": ""The commentary's traits include work and patience; Revelation praises a church for its works, labor, and patient endurance while testing false claims."", ""turn"": 2, ""model"": ""luna"", ""connection_id"": ""BC-973e4d4bdbc25f23cabf""}]"
SBLGNT:Rev.2.3	medium	incil	motif	endurance under hardship	The commentary says patience must hold while the true word costs something; the Ephesian assembly is credited with enduring hardship for the speaker's name without growing weary.	103:3	"[{""line"": 181, ""strength"": ""medium"", ""tradition"": ""incil"", ""kind"": ""motif"", ""ref"": ""SBLGNT:Rev.2.3"", ""basis"": ""endurance under hardship"", ""note"": ""The commentary says patience must hold while the true word costs something; the Ephesian assembly is credited with enduring hardship for the speaker's name without growing weary."", ""turn"": 1, ""model"": ""sol"", ""connection_id"": ""BC-9462cff291ad4f1e2ead""}]"
SBLGNT:Rev.2.4	medium	incil	motif	endurance without former love	The commentary warns that persistence can hold to the wrong thing unless joined to right counsel; the Ephesian assembly is faulted for abandoning its first love, showing that persistence needs its right object.	103:3	"[{""line"": 151, ""strength"": ""medium"", ""tradition"": ""incil"", ""kind"": ""motif"", ""ref"": ""SBLGNT:Rev.2.4"", ""basis"": ""endurance without former love"", ""note"": ""The commentary warns that persistence can hold to the wrong thing unless joined to right counsel; the Ephesian assembly is faulted for abandoning its first love, showing that persistence needs its right object."", ""turn"": 1, ""model"": ""sol"", ""connection_id"": ""BC-44eee6c88f62fd991089""}]"
SBLGNT:Rev.20.12	strong	incil	motif	dead judged by written deeds	The commentary's day gives each person a due reckoning for work; Revelation describes the dead judged by what was written in opened books according to their deeds.	103:3	"[{""line"": 86, ""strength"": ""strong"", ""tradition"": ""incil"", ""kind"": ""motif"", ""ref"": ""SBLGNT:Rev.20.12"", ""basis"": ""dead judged by written deeds"", ""note"": ""The commentary's day gives each person a due reckoning for work; Revelation describes the dead judged by what was written in opened books according to their deeds."", ""turn"": 1, ""model"": ""sol"", ""connection_id"": ""BC-a8ee402670817dedd080""}]"
SBLGNT:Rev.22.12	strong	incil	motif	reward according to work	The commentary links human work to the day of reckoning; the risen Jesus says his reward is with him to repay each according to their work.	103:3	"[{""line"": 24, ""strength"": ""strong"", ""tradition"": ""incil"", ""kind"": ""motif"", ""ref"": ""SBLGNT:Rev.22.12"", ""basis"": ""reward according to work"", ""note"": ""The commentary links human work to the day of reckoning; the risen Jesus says his reward is with him to repay each according to their work."", ""turn"": 1, ""model"": ""luna"", ""connection_id"": ""BC-7c118197c43f4c74b7ae""}]"
SBLGNT:Rev.3.19	medium	incil	motif	loving reproof and discipline	The commentary's true advice resembles bitter medicine that repairs; the risen speaker says those he loves he reproves and disciplines, then calls for zeal and repentance.	103:3	"[{""line"": 150, ""strength"": ""medium"", ""tradition"": ""incil"", ""kind"": ""motif"", ""ref"": ""SBLGNT:Rev.3.19"", ""basis"": ""loving reproof and discipline"", ""note"": ""The commentary's true advice resembles bitter medicine that repairs; the risen speaker says those he loves he reproves and disciplines, then calls for zeal and repentance."", ""turn"": 1, ""model"": ""sol"", ""connection_id"": ""BC-51f3a708921baa373f13""}]"
SBLGNT:Rom.12.12	strong	incil	motif	hope, endurance in trouble, steady prayer	The commentary's patient waiting is active and grounded in a promised good; Paul calls believers to rejoice in hope, endure affliction, and persevere in prayer.	103:3	"[{""line"": 254, ""strength"": ""strong"", ""tradition"": ""incil"", ""kind"": ""motif"", ""ref"": ""SBLGNT:Rom.12.12"", ""basis"": ""hope, endurance in trouble, steady prayer"", ""note"": ""The commentary's patient waiting is active and grounded in a promised good; Paul calls believers to rejoice in hope, endure affliction, and persevere in prayer."", ""turn"": 2, ""model"": ""sol"", ""connection_id"": ""BC-c563e42382d31d54cf62""}]"
SBLGNT:Rom.12.20	strong	incil	motif	feed an enemy | feed hungry enemy	The commentary describes patient goodness turning hostility into intimacy; Paul applies Proverbs by telling believers to feed a hungry enemy. | The commentary's patient response repairs hostility rather than competing over right; Paul directs feeding and giving drink to an enemy in need.	103:3	"[{""line"": 41, ""strength"": ""strong"", ""tradition"": ""incil"", ""kind"": ""motif"", ""ref"": ""SBLGNT:Rom.12.20"", ""basis"": ""feed an enemy"", ""note"": ""The commentary describes patient goodness turning hostility into intimacy; Paul applies Proverbs by telling believers to feed a hungry enemy."", ""turn"": 1, ""model"": ""luna"", ""connection_id"": ""BC-5e79ee89071566bfad88""}, {""line"": 78, ""strength"": ""strong"", ""tradition"": ""incil"", ""kind"": ""motif"", ""ref"": ""SBLGNT:Rom.12.20"", ""basis"": ""feed hungry enemy"", ""note"": ""The commentary's patient response repairs hostility rather than competing over right; Paul directs feeding and giving drink to an enemy in need."", ""turn"": 1, ""model"": ""sol"", ""connection_id"": ""BC-98026b7e71171282e7df""}]"
SBLGNT:Rom.12.21	strong	incil	motif	overcome evil with good	The commentary presents patient good as the means by which enmity can become friendship; Paul concludes that evil is overcome by good. | The commentary's ultimate patience turns hostility into friendship through good action; Paul says to overcome evil with good.	103:3	"[{""line"": 42, ""strength"": ""strong"", ""tradition"": ""incil"", ""kind"": ""motif"", ""ref"": ""SBLGNT:Rom.12.21"", ""basis"": ""overcome evil with good"", ""note"": ""The commentary presents patient good as the means by which enmity can become friendship; Paul concludes that evil is overcome by good."", ""turn"": 1, ""model"": ""luna"", ""connection_id"": ""BC-33d45ad2dd53c8236366""}, {""line"": 79, ""strength"": ""strong"", ""tradition"": ""incil"", ""kind"": ""motif"", ""ref"": ""SBLGNT:Rom.12.21"", ""basis"": ""overcome evil with good"", ""note"": ""The commentary's ultimate patience turns hostility into friendship through good action; Paul says to overcome evil with good."", ""turn"": 1, ""model"": ""sol"", ""connection_id"": ""BC-64dfc5b67c9494c267c7""}]"
SBLGNT:Rom.13.8	strong	incil	motif	what is owed to a neighbor	The commentary says mutual counsel recalls what each owes the other; Paul says to pay what is owed and leave no debt outstanding except love for one another.	103:3	"[{""line"": 48, ""strength"": ""strong"", ""tradition"": ""incil"", ""kind"": ""motif"", ""ref"": ""SBLGNT:Rom.13.8"", ""basis"": ""what is owed to a neighbor"", ""note"": ""The commentary says mutual counsel recalls what each owes the other; Paul says to pay what is owed and leave no debt outstanding except love for one another."", ""turn"": 1, ""model"": ""luna"", ""connection_id"": ""BC-918f68840f19222bae7e""}]"
SBLGNT:Rom.15.1	strong	incil	motif	strong bear weak	The commentary says one person holds another when the latter cannot stand; Paul tells the strong to bear the weaknesses of the weak rather than please themselves.	103:3	"[{""line"": 63, ""strength"": ""strong"", ""tradition"": ""incil"", ""kind"": ""motif"", ""ref"": ""SBLGNT:Rom.15.1"", ""basis"": ""strong bear weak"", ""note"": ""The commentary says one person holds another when the latter cannot stand; Paul tells the strong to bear the weaknesses of the weak rather than please themselves."", ""turn"": 1, ""model"": ""sol"", ""connection_id"": ""BC-443e9a70d88b4976a4ff""}]"
SBLGNT:Rom.2.5	medium	incil	motif	stubbornness stores up wrath	The commentary warns that sabr can become endurance in the wrong thing; Paul describes a hard, unrepentant heart storing up wrath for the day of judgment.	103:3	"[{""line"": 117, ""strength"": ""medium"", ""tradition"": ""incil"", ""kind"": ""motif"", ""ref"": ""SBLGNT:Rom.2.5"", ""basis"": ""stubbornness stores up wrath"", ""note"": ""The commentary warns that sabr can become endurance in the wrong thing; Paul describes a hard, unrepentant heart storing up wrath for the day of judgment."", ""turn"": 1, ""model"": ""luna"", ""connection_id"": ""BC-7b017d361dceb2cb5c25""}]"
SBLGNT:Rom.2.6	strong	incil	motif	repayment according to works | God repays each by deeds	The commentary links work, a due share, and the day when each meets what is owed; Paul says God repays each according to works. | The commentary's final day gives every person the due of their work; Paul states that God will repay each person according to works.	103:3	"[{""line"": 21, ""strength"": ""strong"", ""tradition"": ""incil"", ""kind"": ""motif"", ""ref"": ""SBLGNT:Rom.2.6"", ""basis"": ""repayment according to works"", ""note"": ""The commentary links work, a due share, and the day when each meets what is owed; Paul says God repays each according to works."", ""turn"": 1, ""model"": ""luna"", ""connection_id"": ""BC-b65ebedbd4efa0701bc2""}, {""line"": 255, ""strength"": ""strong"", ""tradition"": ""incil"", ""kind"": ""motif"", ""ref"": ""SBLGNT:Rom.2.6"", ""basis"": ""God repays each by deeds"", ""note"": ""The commentary's final day gives every person the due of their work; Paul states that God will repay each person according to works."", ""turn"": 2, ""model"": ""sol"", ""connection_id"": ""BC-5650485a40d4706cecad""}]"
SBLGNT:Rom.2.7	strong	incil	motif	patiently doing good | patient doing good for lasting life	The commentary's saved group persists in righteous work and patience; Paul describes those who seek glory through patient endurance in doing good. | The commentary joins good work with patience and a lasting outcome; Paul describes those who persevere in good work while seeking glory and immortality receiving eternal life.	103:3	"[{""line"": 22, ""strength"": ""strong"", ""tradition"": ""incil"", ""kind"": ""motif"", ""ref"": ""SBLGNT:Rom.2.7"", ""basis"": ""patiently doing good"", ""note"": ""The commentary's saved group persists in righteous work and patience; Paul describes those who seek glory through patient endurance in doing good."", ""turn"": 1, ""model"": ""luna"", ""connection_id"": ""BC-686e1f8910ee7341ab06""}, {""line"": 172, ""strength"": ""medium"", ""tradition"": ""incil"", ""kind"": ""motif"", ""ref"": ""SBLGNT:Rom.2.7"", ""basis"": ""patient doing good for lasting life"", ""note"": ""The commentary joins good work with patience and a lasting outcome; Paul describes those who persevere in good work while seeking glory and immortality receiving eternal life."", ""turn"": 1, ""model"": ""sol"", ""connection_id"": ""BC-a5ffa48c17bd6cb5b882""}]"
SBLGNT:Rom.2.8	medium	incil	motif	contentious people reject truth	The commentary contrasts handing on hak with pulling it into a dispute; Paul describes the self-seeking as disobedient to truth and obedient to injustice.	103:3	"[{""line"": 315, ""strength"": ""medium"", ""tradition"": ""incil"", ""kind"": ""motif"", ""ref"": ""SBLGNT:Rom.2.8"", ""basis"": ""contentious people reject truth"", ""note"": ""The commentary contrasts handing on hak with pulling it into a dispute; Paul describes the self-seeking as disobedient to truth and obedient to injustice."", ""turn"": 2, ""model"": ""sol"", ""connection_id"": ""BC-f6a5639bc49c4dde4c80""}]"
SBLGNT:Rom.4.4	medium	incil	motif	wages as debt	The commentary hears haqq as what is owed; Paul says a worker's wage is counted as a debt, not a gift, making the payment sense explicit.	103:3	"[{""line"": 118, ""strength"": ""medium"", ""tradition"": ""incil"", ""kind"": ""motif"", ""ref"": ""SBLGNT:Rom.4.4"", ""basis"": ""wages as debt"", ""note"": ""The commentary hears haqq as what is owed; Paul says a worker's wage is counted as a debt, not a gift, making the payment sense explicit."", ""turn"": 1, ""model"": ""luna"", ""connection_id"": ""BC-9c32e453c756b2119ac0""}]"
SBLGNT:Rom.4.5	strong	incil	karsi_anlati	faith apart from working	The commentary describes the saved group by belief together with righteous deeds; Paul contrasts the one who does not work but trusts God, a different account of how faith is reckoned righteous.	103:3	"[{""line"": 15, ""strength"": ""strong"", ""tradition"": ""incil"", ""kind"": ""karsi_anlati"", ""ref"": ""SBLGNT:Rom.4.5"", ""basis"": ""faith apart from working"", ""note"": ""The commentary describes the saved group by belief together with righteous deeds; Paul contrasts the one who does not work but trusts God, a different account of how faith is reckoned righteous."", ""turn"": 1, ""model"": ""luna"", ""connection_id"": ""BC-df474d09ed6cdc7f80d4""}]"
SBLGNT:Rom.5.3	medium	incil	motif	suffering produces endurance	The commentary treats patience as active firmness under pressure; Paul says believers rejoice even in afflictions because affliction produces endurance.	103:3	"[{""line"": 131, ""strength"": ""medium"", ""tradition"": ""incil"", ""kind"": ""motif"", ""ref"": ""SBLGNT:Rom.5.3"", ""basis"": ""suffering produces endurance"", ""note"": ""The commentary treats patience as active firmness under pressure; Paul says believers rejoice even in afflictions because affliction produces endurance."", ""turn"": 1, ""model"": ""sol"", ""connection_id"": ""BC-95f0cb4527269932c026""}]"
SBLGNT:Rom.5.4	medium	incil	motif	endurance leads to tested character and hope	The commentary treats sabır as pressure that preserves an inner good until its time; Paul says endurance produces tested character and tested character hope.	103:3	"[{""line"": 182, ""strength"": ""medium"", ""tradition"": ""incil"", ""kind"": ""motif"", ""ref"": ""SBLGNT:Rom.5.4"", ""basis"": ""endurance leads to tested character and hope"", ""note"": ""The commentary treats sabır as pressure that preserves an inner good until its time; Paul says endurance produces tested character and tested character hope."", ""turn"": 1, ""model"": ""sol"", ""connection_id"": ""BC-31d8d10cf8c5ed98be39""}]"
SBLGNT:Rom.5.5	medium	incil	motif	love poured into hearts	The commentary evokes patience poured upon threatened believers from a vessel; Paul speaks of divine love poured into hearts in a passage about hope sustained amid affliction.	103:3	"[{""line"": 132, ""strength"": ""medium"", ""tradition"": ""incil"", ""kind"": ""motif"", ""ref"": ""SBLGNT:Rom.5.5"", ""basis"": ""love poured into hearts"", ""note"": ""The commentary evokes patience poured upon threatened believers from a vessel; Paul speaks of divine love poured into hearts in a passage about hope sustained amid affliction."", ""turn"": 1, ""model"": ""sol"", ""connection_id"": ""BC-7f3fb408e0855b182a7d""}]"
SBLGNT:Rom.8.25	strong	incil	motif	wait patiently for unseen hope	The commentary calls waiting an active self-restraint grounded in a future reality; Paul says believers wait with endurance for the hope they cannot yet see.	103:3	"[{""line"": 73, ""strength"": ""strong"", ""tradition"": ""incil"", ""kind"": ""motif"", ""ref"": ""SBLGNT:Rom.8.25"", ""basis"": ""wait patiently for unseen hope"", ""note"": ""The commentary calls waiting an active self-restraint grounded in a future reality; Paul says believers wait with endurance for the hope they cannot yet see."", ""turn"": 1, ""model"": ""sol"", ""connection_id"": ""BC-274849f77e8aec52de60""}]"
SBLGNT:Titus.2.2	strong	incil	motif	faith, love, and endurance together	The commentary distinguishes believing from holding another through hardship; Titus is to teach older men to be sound in faith, love, and endurance.	103:3	"[{""line"": 248, ""strength"": ""strong"", ""tradition"": ""incil"", ""kind"": ""motif"", ""ref"": ""SBLGNT:Titus.2.2"", ""basis"": ""faith, love, and endurance together"", ""note"": ""The commentary distinguishes believing from holding another through hardship; Titus is to teach older men to be sound in faith, love, and endurance."", ""turn"": 2, ""model"": ""sol"", ""connection_id"": ""BC-25633b68fd2f6dfbeda1""}]"
Shepherd of Hermas, Mandate 5.1	weak	incil	motif	patience rules anger and supports right acts	The commentary's sabır restrains the inner eruption before it harms others; Hermas contrasts patience with anger and connects patience with righteous conduct, though subsection numbering varies among editions.	103:3	"[{""line"": 323, ""strength"": ""weak"", ""tradition"": ""incil"", ""kind"": ""motif"", ""ref"": ""Shepherd of Hermas, Mandate 5.1"", ""basis"": ""patience rules anger and supports right acts"", ""note"": ""The commentary's sabır restrains the inner eruption before it harms others; Hermas contrasts patience with anger and connects patience with righteous conduct, though subsection numbering varies among editions."", ""turn"": 2, ""model"": ""sol"", ""connection_id"": ""BC-315261ef5453ce7c26a2""}]"
Tertullian, Apology 39	medium	incil	motif	common fund cares for vulnerable	The commentary's linked pasture feeds people unable to sustain themselves; Tertullian describes voluntary community contributions used for the poor, bereaved, aged, shipwrecked, and imprisoned.	103:3	"[{""line"": 321, ""strength"": ""medium"", ""tradition"": ""incil"", ""kind"": ""motif"", ""ref"": ""Tertullian, Apology 39"", ""basis"": ""common fund cares for vulnerable"", ""note"": ""The commentary's linked pasture feeds people unable to sustain themselves; Tertullian describes voluntary community contributions used for the poor, bereaved, aged, shipwrecked, and imprisoned."", ""turn"": 2, ""model"": ""sol"", ""connection_id"": ""BC-92906327ecdc741ccffb""}]"
1 Maccabees 2:50	strong	tevrat	motif	dying father enjoins children to uphold covenant	The commentary's will joins generations through an actionable word; Mattathias charges his children at death to be zealous for the law and give their lives for the ancestral covenant.	103:3	"[{""line"": 228, ""strength"": ""strong"", ""tradition"": ""tevrat"", ""kind"": ""motif"", ""ref"": ""1 Maccabees 2:50"", ""basis"": ""dying father enjoins children to uphold covenant"", ""note"": ""The commentary's will joins generations through an actionable word; Mattathias charges his children at death to be zealous for the law and give their lives for the ancestral covenant."", ""turn"": 2, ""model"": ""sol"", ""connection_id"": ""BC-e6eaf7069184be1754c3""}]"
2 Maccabees 7:2	medium	tevrat	motif	faith under torture	The commentary says believers need patience when threatened for their faith; one of the seven brothers chooses death rather than transgress ancestral law, a Jewish martyr scene of steadfastness.	103:3	"[{""line"": 80, ""strength"": ""medium"", ""tradition"": ""tevrat"", ""kind"": ""motif"", ""ref"": ""2 Maccabees 7:2"", ""basis"": ""faith under torture"", ""note"": ""The commentary says believers need patience when threatened for their faith; one of the seven brothers chooses death rather than transgress ancestral law, a Jewish martyr scene of steadfastness."", ""turn"": 1, ""model"": ""luna"", ""connection_id"": ""BC-8180e4dfa5a23deafbe1""}]"
Bava Metzia 30b	medium	tevrat	yorum_gelenegi	legal right alone does not repair society	The commentary moves hak from winning a dispute toward mutually owed care; the Talmud says Jerusalem's downfall was connected to judging by strict law without going beyond its letter.	103:3	"[{""line"": 293, ""strength"": ""medium"", ""tradition"": ""tevrat"", ""kind"": ""yorum_gelenegi"", ""ref"": ""Bava Metzia 30b"", ""basis"": ""legal right alone does not repair society"", ""note"": ""The commentary moves hak from winning a dispute toward mutually owed care; the Talmud says Jerusalem's downfall was connected to judging by strict law without going beyond its letter."", ""turn"": 2, ""model"": ""sol"", ""connection_id"": ""BC-0bf3676fc4dc1eed7a00""}]"
Makkot 24a	strong	tevrat	yorum_gelenegi	Habakkuk's one principle of faithfulness	The commentary holds belief together with lasting right action; this rabbinic reading says Habakkuk reduced the commandments to the single line that the righteous lives by faithfulness, sharpening the role of אמונה in Habakkuk 2:4.	103:3	"[{""line"": 221, ""strength"": ""strong"", ""tradition"": ""tevrat"", ""kind"": ""yorum_gelenegi"", ""ref"": ""Makkot 24a"", ""basis"": ""Habakkuk's one principle of faithfulness"", ""note"": ""The commentary holds belief together with lasting right action; this rabbinic reading says Habakkuk reduced the commandments to the single line that the righteous lives by faithfulness, sharpening the role of אמונה in Habakkuk 2:4."", ""turn"": 2, ""model"": ""sol"", ""connection_id"": ""BC-d9fcac563d003b6e6925""}]"
Mishnah Avot 1:1	medium	tevrat	motif	transmission from teacher to student	The commentary presents counsel as a word that joins one generation to the next; Avot opens with Moses receiving and handing on Torah through a chain of teachers.	103:3	"[{""line"": 97, ""strength"": ""medium"", ""tradition"": ""tevrat"", ""kind"": ""motif"", ""ref"": ""Mishnah Avot 1:1"", ""basis"": ""transmission from teacher to student"", ""note"": ""The commentary presents counsel as a word that joins one generation to the next; Avot opens with Moses receiving and handing on Torah through a chain of teachers."", ""turn"": 1, ""model"": ""luna"", ""connection_id"": ""BC-26217f01b73dba9a4f3f""}]"
Mishnah Avot 1:12	medium	tevrat	motif	pursue peace and draw people to teaching	The commentary turns disputed hak into an offered, connecting word; Hillel urges loving and pursuing peace, loving people, and drawing them near to Torah.	103:3	"[{""line"": 116, ""strength"": ""medium"", ""tradition"": ""tevrat"", ""kind"": ""motif"", ""ref"": ""Mishnah Avot 1:12"", ""basis"": ""pursue peace and draw people to teaching"", ""note"": ""The commentary turns disputed hak into an offered, connecting word; Hillel urges loving and pursuing peace, loving people, and drawing them near to Torah."", ""turn"": 1, ""model"": ""sol"", ""connection_id"": ""BC-63873fca9adff528f053""}]"
Mishnah Avot 1:14	medium	tevrat	motif	selfhood requires more than oneself	The commentary says belief and work can be individual but saving advice must pass between people; Hillel asks what a person is if only for himself.	103:3	"[{""line"": 291, ""strength"": ""medium"", ""tradition"": ""tevrat"", ""kind"": ""motif"", ""ref"": ""Mishnah Avot 1:14"", ""basis"": ""selfhood requires more than oneself"", ""note"": ""The commentary says belief and work can be individual but saving advice must pass between people; Hillel asks what a person is if only for himself."", ""turn"": 2, ""model"": ""sol"", ""connection_id"": ""BC-66622dd11350199ab6ff""}]"
Mishnah Avot 1:17	medium	tevrat	motif	action over study	The commentary insists that the saved are identified by work as well as belief; Avot says action, not study alone, is the essential thing.	103:3	"[{""line"": 100, ""strength"": ""medium"", ""tradition"": ""tevrat"", ""kind"": ""motif"", ""ref"": ""Mishnah Avot 1:17"", ""basis"": ""action over study"", ""note"": ""The commentary insists that the saved are identified by work as well as belief; Avot says action, not study alone, is the essential thing."", ""turn"": 1, ""model"": ""luna"", ""connection_id"": ""BC-97429b8f055dd2d49635""}]"
Mishnah Avot 1:2	medium	tevrat	motif	world sustained by deeds | world stands on teaching and kindness	The commentary treats righteous actions as what keeps people from loss; Avot says the world stands on Torah, worship, and acts of lovingkindness. | The commentary's sound community combines a true word with useful action; the mishnah names Torah, worship, and acts of lovingkindness as supports on which the world stands.	103:3	"[{""line"": 98, ""strength"": ""medium"", ""tradition"": ""tevrat"", ""kind"": ""motif"", ""ref"": ""Mishnah Avot 1:2"", ""basis"": ""world sustained by deeds"", ""note"": ""The commentary treats righteous actions as what keeps people from loss; Avot says the world stands on Torah, worship, and acts of lovingkindness."", ""turn"": 1, ""model"": ""luna"", ""connection_id"": ""BC-f3826a69c134dd14dcc9""}, {""line"": 292, ""strength"": ""medium"", ""tradition"": ""tevrat"", ""kind"": ""motif"", ""ref"": ""Mishnah Avot 1:2"", ""basis"": ""world stands on teaching and kindness"", ""note"": ""The commentary's sound community combines a true word with useful action; the mishnah names Torah, worship, and acts of lovingkindness as supports on which the world stands."", ""turn"": 2, ""model"": ""sol"", ""connection_id"": ""BC-b0dda5fc933587128aee""}]"
Mishnah Avot 1:6	medium	tevrat	motif	friend and teacher | acquire a friend and judge favorably	The commentary's reciprocal verb makes each person both giver and receiver of counsel; Avot advises acquiring both a teacher and a companion. | The commentary's reciprocal advice needs a trusted receiver as well as speaker; the mishnah tells a person to acquire a companion and judge each person favorably.	103:3	"[{""line"": 99, ""strength"": ""medium"", ""tradition"": ""tevrat"", ""kind"": ""motif"", ""ref"": ""Mishnah Avot 1:6"", ""basis"": ""friend and teacher"", ""note"": ""The commentary's reciprocal verb makes each person both giver and receiver of counsel; Avot advises acquiring both a teacher and a companion."", ""turn"": 1, ""model"": ""luna"", ""connection_id"": ""BC-5ccbeff5e9b30512904c""}, {""line"": 117, ""strength"": ""medium"", ""tradition"": ""tevrat"", ""kind"": ""motif"", ""ref"": ""Mishnah Avot 1:6"", ""basis"": ""acquire a friend and judge favorably"", ""note"": ""The commentary's reciprocal advice needs a trusted receiver as well as speaker; the mishnah tells a person to acquire a companion and judge each person favorably."", ""turn"": 1, ""model"": ""sol"", ""connection_id"": ""BC-66d97a1f604050b35d40""}]"
Mishnah Avot 2:15	medium	tevrat	motif	short day; great work; much reward	The commentary's day is a limited work period that ends in reckoning; Rabbi Tarfon's saying calls the day short, the work great, and the reward abundant.	103:3	"[{""line"": 113, ""strength"": ""medium"", ""tradition"": ""tevrat"", ""kind"": ""motif"", ""ref"": ""Mishnah Avot 2:15"", ""basis"": ""short day; great work; much reward"", ""note"": ""The commentary's day is a limited work period that ends in reckoning; Rabbi Tarfon's saying calls the day short, the work great, and the reward abundant."", ""turn"": 1, ""model"": ""sol"", ""connection_id"": ""BC-75391b4f7ae98ac4acaa""}]"
Mishnah Avot 2:16	medium	tevrat	motif	work that one must not abandon | unfinished work still obliges	The commentary describes patience as holding steady until work bears fruit; Avot says one need not finish the work but is not free to desist from it. | The commentary refuses to make loss inevitable merely because the task exceeds one person; the next saying says one need not finish the work yet is not free to stop, with a faithful employer paying.	103:3	"[{""line"": 101, ""strength"": ""medium"", ""tradition"": ""tevrat"", ""kind"": ""motif"", ""ref"": ""Mishnah Avot 2:16"", ""basis"": ""work that one must not abandon"", ""note"": ""The commentary describes patience as holding steady until work bears fruit; Avot says one need not finish the work but is not free to desist from it."", ""turn"": 1, ""model"": ""luna"", ""connection_id"": ""BC-2b52c56386ae0e9ad999""}, {""line"": 114, ""strength"": ""medium"", ""tradition"": ""tevrat"", ""kind"": ""motif"", ""ref"": ""Mishnah Avot 2:16"", ""basis"": ""unfinished work still obliges"", ""note"": ""The commentary refuses to make loss inevitable merely because the task exceeds one person; the next saying says one need not finish the work yet is not free to stop, with a faithful employer paying."", ""turn"": 1, ""model"": ""sol"", ""connection_id"": ""BC-79aff752b70d7f4c1345""}]"
Mishnah Avot 3:2	medium	tevrat	motif	two people studying together	The commentary makes counsel reciprocal; Avot says that when two sit with words of Torah between them, the divine presence is among them.	103:3	"[{""line"": 162, ""strength"": ""medium"", ""tradition"": ""tevrat"", ""kind"": ""motif"", ""ref"": ""Mishnah Avot 3:2"", ""basis"": ""two people studying together"", ""note"": ""The commentary makes counsel reciprocal; Avot says that when two sit with words of Torah between them, the divine presence is among them."", ""turn"": 2, ""model"": ""luna"", ""connection_id"": ""BC-6e20d3a9f1028967af00""}]"
Mishnah Avot 4:16	weak	tevrat	motif	world as antechamber for coming world	The commentary's brief working day prepares an enduring recompense; this saying makes the present world a vestibule in which a person prepares for the next, though its architectural image only indirectly meets the commentary's work-and-wage scene.	103:3	"[{""line"": 322, ""strength"": ""weak"", ""tradition"": ""tevrat"", ""kind"": ""motif"", ""ref"": ""Mishnah Avot 4:16"", ""basis"": ""world as antechamber for coming world"", ""note"": ""The commentary's brief working day prepares an enduring recompense; this saying makes the present world a vestibule in which a person prepares for the next, though its architectural image only indirectly meets the commentary's work-and-wage scene."", ""turn"": 2, ""model"": ""sol"", ""connection_id"": ""BC-d43d5b047ba53262f696""}]"
Mishnah Avot 4:2	medium	tevrat	motif	one good deed leads to another	The commentary pictures good action as work that keeps its value and continues; Avot says one commandment brings another and the reward of a commandment is another commandment.	103:3	"[{""line"": 163, ""strength"": ""medium"", ""tradition"": ""tevrat"", ""kind"": ""motif"", ""ref"": ""Mishnah Avot 4:2"", ""basis"": ""one good deed leads to another"", ""note"": ""The commentary pictures good action as work that keeps its value and continues; Avot says one commandment brings another and the reward of a commandment is another commandment."", ""turn"": 2, ""model"": ""luna"", ""connection_id"": ""BC-84058a7435b76fa2e2b1""}]"
Mishnah Avot 5:17	strong	tevrat	yorum_gelenegi	disputes for heaven and disputes for self	The commentary contrasts contending over hak with handing it on; the mishnah distinguishes disputes for Heaven, exemplified by Hillel and Shammai, from Korah's self-seeking dispute, so disagreement itself is not condemned.	103:3	"[{""line"": 223, ""strength"": ""strong"", ""tradition"": ""tevrat"", ""kind"": ""yorum_gelenegi"", ""ref"": ""Mishnah Avot 5:17"", ""basis"": ""disputes for heaven and disputes for self"", ""note"": ""The commentary contrasts contending over hak with handing it on; the mishnah distinguishes disputes for Heaven, exemplified by Hillel and Shammai, from Korah's self-seeking dispute, so disagreement itself is not condemned."", ""turn"": 2, ""model"": ""sol"", ""connection_id"": ""BC-3d00a3f9240a44c5b794""}]"
Mishnah Peah 1:1	medium	tevrat	motif	deeds with this-world and future fruit | good deeds; principal preserved	The commentary notes that this ayah names no wage after the opening faith-and-work formula; Peah says acts of lovingkindness yield fruit in this world while their principal remains for the world to come. | The commentary contrasts transient capital with deeds yielding lasting return; the mishnah counts acts of kindness and peacemaking among deeds whose benefit is enjoyed now while principal remains for the world to come.	103:3	"[{""line"": 102, ""strength"": ""medium"", ""tradition"": ""tevrat"", ""kind"": ""motif"", ""ref"": ""Mishnah Peah 1:1"", ""basis"": ""deeds with this-world and future fruit"", ""note"": ""The commentary notes that this ayah names no wage after the opening faith-and-work formula; Peah says acts of lovingkindness yield fruit in this world while their principal remains for the world to come."", ""turn"": 1, ""model"": ""luna"", ""connection_id"": ""BC-12d77d71b65b81374216""}, {""line"": 115, ""strength"": ""medium"", ""tradition"": ""tevrat"", ""kind"": ""motif"", ""ref"": ""Mishnah Peah 1:1"", ""basis"": ""good deeds; principal preserved"", ""note"": ""The commentary contrasts transient capital with deeds yielding lasting return; the mishnah counts acts of kindness and peacemaking among deeds whose benefit is enjoyed now while principal remains for the world to come."", ""turn"": 1, ""model"": ""sol"", ""connection_id"": ""BC-81dd57a019f777054e4e""}]"
Rosh Hashanah 29a	medium	tevrat	yorum_gelenegi	Moses' hands and Israel's gaze	The commentary uses sabr as communal support; the Talmud rereads Moses' raised hands, saying Israel prevailed by looking upward and submitting their hearts to God, not by the hands themselves.	103:3	"[{""line"": 91, ""strength"": ""medium"", ""tradition"": ""tevrat"", ""kind"": ""yorum_gelenegi"", ""ref"": ""Rosh Hashanah 29a"", ""basis"": ""Moses' hands and Israel's gaze"", ""note"": ""The commentary uses sabr as communal support; the Talmud rereads Moses' raised hands, saying Israel prevailed by looking upward and submitting their hearts to God, not by the hands themselves."", ""turn"": 1, ""model"": ""luna"", ""connection_id"": ""BC-473ef460c73e366a9aeb""}]"
Shabbat 127a	medium	tevrat	motif	kindness and making peace	The commentary replaces a wage formula with mutual responsibility; the Talmud lists acts of kindness and making peace between people among deeds whose fruit is enjoyed now while their principal remains for the world to come.	103:3	"[{""line"": 164, ""strength"": ""medium"", ""tradition"": ""tevrat"", ""kind"": ""motif"", ""ref"": ""Shabbat 127a"", ""basis"": ""kindness and making peace"", ""note"": ""The commentary replaces a wage formula with mutual responsibility; the Talmud lists acts of kindness and making peace between people among deeds whose fruit is enjoyed now while their principal remains for the world to come."", ""turn"": 2, ""model"": ""luna"", ""connection_id"": ""BC-1a2b6096f215ade9e6ae""}]"
Shabbat 31a	strong	tevrat	motif	Hillel's reciprocal rule to a convert	The commentary makes advice reciprocal and actionable; Hillel tells the prospective convert not to do to another what is hateful to himself and then sends him to study the rest.	103:3	"[{""line"": 222, ""strength"": ""strong"", ""tradition"": ""tevrat"", ""kind"": ""motif"", ""ref"": ""Shabbat 31a"", ""basis"": ""Hillel's reciprocal rule to a convert"", ""note"": ""The commentary makes advice reciprocal and actionable; Hillel tells the prospective convert not to do to another what is hateful to himself and then sends him to study the rest."", ""turn"": 2, ""model"": ""sol"", ""connection_id"": ""BC-b7fa4f3216938089878a""}]"
Sirach 29:15	medium	tevrat	motif	guarantor gives his life for another	The commentary develops sabır as a friend who underwrites someone else's debt; Sirach tells the debtor not to forget the guarantor's kindness because that person has put life at risk for him.	103:3	"[{""line"": 290, ""strength"": ""medium"", ""tradition"": ""tevrat"", ""kind"": ""motif"", ""ref"": ""Sirach 29:15"", ""basis"": ""guarantor gives his life for another"", ""note"": ""The commentary develops sabır as a friend who underwrites someone else's debt; Sirach tells the debtor not to forget the guarantor's kindness because that person has put life at risk for him."", ""turn"": 2, ""model"": ""sol"", ""connection_id"": ""BC-fb3dcbaac2c689208be5""}]"
Sirach 2:2	strong	tevrat	motif	steady heart in calamity	The commentary defines sabır as holding oneself in place rather than rushing away; a parent-like instructor tells the learner to set the heart right, remain steadfast, and not become hasty in trouble.	103:3	"[{""line"": 226, ""strength"": ""strong"", ""tradition"": ""tevrat"", ""kind"": ""motif"", ""ref"": ""Sirach 2:2"", ""basis"": ""steady heart in calamity"", ""note"": ""The commentary defines sabır as holding oneself in place rather than rushing away; a parent-like instructor tells the learner to set the heart right, remain steadfast, and not become hasty in trouble."", ""turn"": 2, ""model"": ""sol"", ""connection_id"": ""BC-39ed99e761157d33f9a3""}]"
Sirach 2:4	strong	tevrat	motif	patience in trial | patient endurance of humiliation	The commentary defines sabr as holding firm when hardship has no exit; Sirach tells the one serving God to accept what comes and be patient when humbled. | The commentary puts patience after an acted and spoken right that may bring hardship; Sirach tells the hearer to accept what comes and be patient through humiliating reversals.	103:3	"[{""line"": 104, ""strength"": ""medium"", ""tradition"": ""tevrat"", ""kind"": ""motif"", ""ref"": ""Sirach 2:4"", ""basis"": ""patience in trial"", ""note"": ""The commentary defines sabr as holding firm when hardship has no exit; Sirach tells the one serving God to accept what comes and be patient when humbled."", ""turn"": 1, ""model"": ""luna"", ""connection_id"": ""BC-adde5aabdcb95d31a58b""}, {""line"": 227, ""strength"": ""strong"", ""tradition"": ""tevrat"", ""kind"": ""motif"", ""ref"": ""Sirach 2:4"", ""basis"": ""patient endurance of humiliation"", ""note"": ""The commentary puts patience after an acted and spoken right that may bring hardship; Sirach tells the hearer to accept what comes and be patient through humiliating reversals."", ""turn"": 2, ""model"": ""sol"", ""connection_id"": ""BC-78afc8a76d572732aabf""}]"
Sirach 2:6	medium	tevrat	motif	trust and hope in trial | trust followed by straight course	The commentary joins faith to patience under hardship; Sirach tells the one serving God to trust in the Lord, hope in him, and expect his help. | The commentary joins iman to a road that can be walked patiently; Sirach directs the son to trust God for help and make his ways straight.	103:3	"[{""line"": 165, ""strength"": ""medium"", ""tradition"": ""tevrat"", ""kind"": ""motif"", ""ref"": ""Sirach 2:6"", ""basis"": ""trust and hope in trial"", ""note"": ""The commentary joins faith to patience under hardship; Sirach tells the one serving God to trust in the Lord, hope in him, and expect his help."", ""turn"": 2, ""model"": ""luna"", ""connection_id"": ""BC-f88179ba4f06e69cdca3""}, {""line"": 289, ""strength"": ""medium"", ""tradition"": ""tevrat"", ""kind"": ""motif"", ""ref"": ""Sirach 2:6"", ""basis"": ""trust followed by straight course"", ""note"": ""The commentary joins iman to a road that can be walked patiently; Sirach directs the son to trust God for help and make his ways straight."", ""turn"": 2, ""model"": ""sol"", ""connection_id"": ""BC-ba141c0440239bdfc869""}]"
Sirach 4:28	strong	tevrat	motif	strive for truth under mortal threat	The commentary couples defending the true word with patience when speaking costs something; Sirach urges fighting for truth even to death and promises God's support.	103:3	"[{""line"": 224, ""strength"": ""strong"", ""tradition"": ""tevrat"", ""kind"": ""motif"", ""ref"": ""Sirach 4:28"", ""basis"": ""strive for truth under mortal threat"", ""note"": ""The commentary couples defending the true word with patience when speaking costs something; Sirach urges fighting for truth even to death and promises God's support."", ""turn"": 2, ""model"": ""sol"", ""connection_id"": ""BC-ef0e4fe5b2c880402e19""}]"
Sirach 6:14	medium	tevrat	motif	faithful friend a secure shelter	The commentary joins trust in another to reciprocal support; Sirach describes a faithful friend as a strong shelter and a treasure to the one who finds one.	103:3	"[{""line"": 164, ""strength"": ""medium"", ""tradition"": ""tevrat"", ""kind"": ""motif"", ""ref"": ""Sirach 6:14"", ""basis"": ""faithful friend a secure shelter"", ""note"": ""The commentary joins trust in another to reciprocal support; Sirach describes a faithful friend as a strong shelter and a treasure to the one who finds one."", ""turn"": 1, ""model"": ""sol"", ""connection_id"": ""BC-1cfd185c0023b6b7e329""}]"
Sirach 6:16	strong	tevrat	motif	faithful friend as medicine of life	The commentary's bitter remedy and another person's sustaining patience meet in a single image; Sirach calls a faithful friend a medicine of life.	103:3	"[{""line"": 225, ""strength"": ""strong"", ""tradition"": ""tevrat"", ""kind"": ""motif"", ""ref"": ""Sirach 6:16"", ""basis"": ""faithful friend as medicine of life"", ""note"": ""The commentary's bitter remedy and another person's sustaining patience meet in a single image; Sirach calls a faithful friend a medicine of life."", ""turn"": 2, ""model"": ""sol"", ""connection_id"": ""BC-d85855a890d282353414""}]"
Ta'anit 23a	medium	tevrat	motif	planting for a later generation	The commentary's plant image makes each cluster feed the next; Honi's old man plants a carob tree whose fruit he will not live to eat because others planted for him.	103:3	"[{""line"": 103, ""strength"": ""medium"", ""tradition"": ""tevrat"", ""kind"": ""motif"", ""ref"": ""Ta'anit 23a"", ""basis"": ""planting for a later generation"", ""note"": ""The commentary's plant image makes each cluster feed the next; Honi's old man plants a carob tree whose fruit he will not live to eat because others planted for him."", ""turn"": 1, ""model"": ""luna"", ""connection_id"": ""BC-0c79bcd9ccc5f83af113""}]"
Targum Onkelos on Genesis 15:6	medium	tevrat	yorum_gelenegi	Memra and merit	Onkelos renders Abraham's trust as belief in the Lord's Memra and reckons it as merit; this Jewish interpretation makes the commentary's trust in a promise explicitly mediated through God's word.	103:3	"[{""line"": 105, ""strength"": ""medium"", ""tradition"": ""tevrat"", ""kind"": ""yorum_gelenegi"", ""ref"": ""Targum Onkelos on Genesis 15:6"", ""basis"": ""Memra and merit"", ""note"": ""Onkelos renders Abraham's trust as belief in the Lord's Memra and reckons it as merit; this Jewish interpretation makes the commentary's trust in a promise explicitly mediated through God's word."", ""turn"": 1, ""model"": ""luna"", ""connection_id"": ""BC-5222f06496fe8545fa68""}]"
WLC:1Kgs.18.45	medium	tevrat	motif	clouds and heavy rain	The commentary's cloud image becomes rainfall; this verse says the sky grew dark with clouds and wind and a great rain followed.	103:3	"[{""line"": 78, ""strength"": ""medium"", ""tradition"": ""tevrat"", ""kind"": ""motif"", ""ref"": ""WLC:1Kgs.18.45"", ""basis"": ""clouds and heavy rain"", ""note"": ""The commentary's cloud image becomes rainfall; this verse says the sky grew dark with clouds and wind and a great rain followed."", ""turn"": 1, ""model"": ""luna"", ""connection_id"": ""BC-0a0769d3d96d730858c6""}]"
WLC:1Kgs.8.35	medium	tevrat	soydas	Arabic ع ص ر / Hebrew עצר; table sound correspondence	The commentary links restrained rain to a parched landscape needing renewed connection; Solomon describes heaven shut up, בהעצר, with no rain when the people sin, then prayer for pardon.	103:3	"[{""line"": 90, ""strength"": ""medium"", ""tradition"": ""tevrat"", ""kind"": ""soydas"", ""ref"": ""WLC:1Kgs.8.35"", ""basis"": ""Arabic ع ص ر / Hebrew עצר; table sound correspondence"", ""note"": ""The commentary links restrained rain to a parched landscape needing renewed connection; Solomon describes heaven shut up, בהעצר, with no rain when the people sin, then prayer for pardon."", ""turn"": 1, ""model"": ""sol"", ""connection_id"": ""BC-2e7de90198247f4f7748""}]"
WLC:1Sam.17.47	medium	tevrat	motif	the battle belongs to God	The commentary recalls those facing Goliath asking for steadiness; David tells the gathered fighters that victory is the LORD's and he will give the Philistines into Israel's hand.	103:3	"[{""line"": 110, ""strength"": ""medium"", ""tradition"": ""tevrat"", ""kind"": ""motif"", ""ref"": ""WLC:1Sam.17.47"", ""basis"": ""the battle belongs to God"", ""note"": ""The commentary recalls those facing Goliath asking for steadiness; David tells the gathered fighters that victory is the LORD's and he will give the Philistines into Israel's hand."", ""turn"": 1, ""model"": ""sol"", ""connection_id"": ""BC-d8b23cbefb7c07e10f80""}]"
WLC:1Sam.17.49	medium	tevrat	paralel	David's decisive strike against Goliath	The commentary cites the Quranic army's prayer for patience before Goliath; the Hebrew narrative supplies David's stone striking Goliath's forehead in that same battle.	103:3	"[{""line"": 111, ""strength"": ""medium"", ""tradition"": ""tevrat"", ""kind"": ""paralel"", ""ref"": ""WLC:1Sam.17.49"", ""basis"": ""David's decisive strike against Goliath"", ""note"": ""The commentary cites the Quranic army's prayer for patience before Goliath; the Hebrew narrative supplies David's stone striking Goliath's forehead in that same battle."", ""turn"": 1, ""model"": ""sol"", ""connection_id"": ""BC-8e49a2f71e98fac5f884""}]"
WLC:2Chr.20.20	medium	tevrat	motif|soydas	trust, prophetic counsel, and success | אמנ; table sound correspondence, unverified | צלח; table sound correspondence, unverified	The commentary hears belief as security and counsel as something passed on; Jehoshaphat tells Judah to trust God and the prophets, with the promise that they will stand and prosper. | The commentary hears iman as trust and security; this verse repeats the Hebrew root in “trust the Lord” and “be established,” a wordplay relevant to the ayah but not proof of cognacy. | The commentary labels righteous deeds with ṣ-l-ḥ; Jehoshaphat's line ends with the Hebrew verb for prospering, a possible sound correspondence whose biblical sense is success.	103:3	"[{""line"": 155, ""strength"": ""medium"", ""tradition"": ""tevrat"", ""kind"": ""motif"", ""ref"": ""WLC:2Chr.20.20"", ""basis"": ""trust, prophetic counsel, and success"", ""note"": ""The commentary hears belief as security and counsel as something passed on; Jehoshaphat tells Judah to trust God and the prophets, with the promise that they will stand and prosper."", ""turn"": 2, ""model"": ""luna"", ""connection_id"": ""BC-b865ce1ba3513e49ca06""}, {""line"": 174, ""strength"": ""weak"", ""tradition"": ""tevrat"", ""kind"": ""soydas"", ""ref"": ""WLC:2Chr.20.20"", ""basis"": ""אמנ; table sound correspondence, unverified"", ""note"": ""The commentary hears iman as trust and security; this verse repeats the Hebrew root in “trust the Lord” and “be established,” a wordplay relevant to the ayah but not proof of cognacy."", ""turn"": 2, ""model"": ""luna"", ""connection_id"": ""BC-48a52cd7a6abbe868010""}, {""line"": 175, ""strength"": ""weak"", ""tradition"": ""tevrat"", ""kind"": ""soydas"", ""ref"": ""WLC:2Chr.20.20"", ""basis"": ""צלח; table sound correspondence, unverified"", ""note"": ""The commentary labels righteous deeds with ṣ-l-ḥ; Jehoshaphat's line ends with the Hebrew verb for prospering, a possible sound correspondence whose biblical sense is success."", ""turn"": 2, ""model"": ""luna"", ""connection_id"": ""BC-e8dba6540c1620cef8dc""}]"
WLC:Amos.8.5	strong	tevrat	motif	shrinking measure and deceitful scales	The commentary develops trading loss and the right owed a neighbor; merchants in Amos eagerly await the market to make the ephah small and falsify scales.	103:3	"[{""line"": 52, ""strength"": ""strong"", ""tradition"": ""tevrat"", ""kind"": ""motif"", ""ref"": ""WLC:Amos.8.5"", ""basis"": ""shrinking measure and deceitful scales"", ""note"": ""The commentary develops trading loss and the right owed a neighbor; merchants in Amos eagerly await the market to make the ephah small and falsify scales."", ""turn"": 1, ""model"": ""sol"", ""connection_id"": ""BC-fe0802a520699a743386""}]"
WLC:Dan.5.27	strong	tevrat	motif|soydas	weighed and found lacking | Aramaic חסר; table sound correspondence, unverified	The commentary connects loss, a rightful share, and final reckoning; Daniel says Belshazzar was weighed in balances and found deficient, combining judgment with the market image. | The commentary's khusr concerns loss and deficiency; Daniel's Aramaic says the king was weighed and found lacking, a close contextual echo whose root correspondence the table leaves unverified.	103:3	"[{""line"": 139, ""strength"": ""strong"", ""tradition"": ""tevrat"", ""kind"": ""motif"", ""ref"": ""WLC:Dan.5.27"", ""basis"": ""weighed and found lacking"", ""note"": ""The commentary connects loss, a rightful share, and final reckoning; Daniel says Belshazzar was weighed in balances and found deficient, combining judgment with the market image."", ""turn"": 2, ""model"": ""luna"", ""connection_id"": ""BC-ebd3c3debe5b3e7d7a20""}, {""line"": 172, ""strength"": ""weak"", ""tradition"": ""tevrat"", ""kind"": ""soydas"", ""ref"": ""WLC:Dan.5.27"", ""basis"": ""Aramaic חסר; table sound correspondence, unverified"", ""note"": ""The commentary's khusr concerns loss and deficiency; Daniel's Aramaic says the king was weighed and found lacking, a close contextual echo whose root correspondence the table leaves unverified."", ""turn"": 2, ""model"": ""luna"", ""connection_id"": ""BC-6a63dd2c125be02dd184""}]"
WLC:Dan.6.4	weak	tevrat	soydas	Aramaic אמנ; table sound correspondence, unverified	The commentary hears iman as trustworthiness as well as belief; Daniel's opponents find no fault because he is faithful, an Aramaic use of the table's corresponding root.	103:3	"[{""line"": 132, ""strength"": ""weak"", ""tradition"": ""tevrat"", ""kind"": ""soydas"", ""ref"": ""WLC:Dan.6.4"", ""basis"": ""Aramaic אמנ; table sound correspondence, unverified"", ""note"": ""The commentary hears iman as trustworthiness as well as belief; Daniel's opponents find no fault because he is faithful, an Aramaic use of the table's corresponding root."", ""turn"": 1, ""model"": ""luna"", ""connection_id"": ""BC-2b4631ee6fea44fe555c""}]"
WLC:Deut.15.10	medium	tevrat	motif	give without grudging; work blessed	The commentary connects paying another's due to an unmeasured return; Moses says to give a poor brother generously and without a begrudging heart, promising blessing in the giver's work.	103:3	"[{""line"": 284, ""strength"": ""medium"", ""tradition"": ""tevrat"", ""kind"": ""motif"", ""ref"": ""WLC:Deut.15.10"", ""basis"": ""give without grudging; work blessed"", ""note"": ""The commentary connects paying another's due to an unmeasured return; Moses says to give a poor brother generously and without a begrudging heart, promising blessing in the giver's work."", ""turn"": 2, ""model"": ""sol"", ""connection_id"": ""BC-f4a301df6ffb43087282""}]"
WLC:Deut.15.8	medium	tevrat	motif	open hand and sufficient loan	The commentary says hak is a concrete debt and a load measured by capacity; Deuteronomy commands an open hand and enough lending to meet a poor brother's need.	103:3	"[{""line"": 107, ""strength"": ""medium"", ""tradition"": ""tevrat"", ""kind"": ""motif"", ""ref"": ""WLC:Deut.15.8"", ""basis"": ""open hand and sufficient loan"", ""note"": ""The commentary says hak is a concrete debt and a load measured by capacity; Deuteronomy commands an open hand and enough lending to meet a poor brother's need."", ""turn"": 1, ""model"": ""sol"", ""connection_id"": ""BC-b67d4d3e5816dba1cf3b""}]"
WLC:Deut.19.15	medium	tevrat	motif	multiple witnesses establish matter	The commentary's inherited counsel must carry a true claim, not mere assertion; Deuteronomy requires two or three witnesses to establish a charge.	103:3	"[{""line"": 105, ""strength"": ""medium"", ""tradition"": ""tevrat"", ""kind"": ""motif"", ""ref"": ""WLC:Deut.19.15"", ""basis"": ""multiple witnesses establish matter"", ""note"": ""The commentary's inherited counsel must carry a true claim, not mere assertion; Deuteronomy requires two or three witnesses to establish a charge."", ""turn"": 1, ""model"": ""sol"", ""connection_id"": ""BC-8b0a583300d79d90bdb5""}]"
WLC:Deut.2.7	medium	tevrat	motif|soydas	provision through the wilderness | חסר; table sound correspondence, unverified | Arabic خ س ر / Hebrew חסר; table sound correspondence	The commentary links trust to safety on a journey; Moses recalls that God accompanied Israel through forty years of wilderness travel and they lacked nothing. | The commentary uses khusr for loss; Deuteronomy says Israel lacked nothing on its wilderness journey, a specific opposite use of the root candidate listed by the table. | The commentary's trust can carry a person through an exposed road; Moses recalls that Israel traversed the wilderness with God's provision and lacked nothing, חסר.	103:3	"[{""line"": 161, ""strength"": ""medium"", ""tradition"": ""tevrat"", ""kind"": ""motif"", ""ref"": ""WLC:Deut.2.7"", ""basis"": ""provision through the wilderness"", ""note"": ""The commentary links trust to safety on a journey; Moses recalls that God accompanied Israel through forty years of wilderness travel and they lacked nothing."", ""turn"": 2, ""model"": ""luna"", ""connection_id"": ""BC-64eb3dff22fb9c4e9ced""}, {""line"": 173, ""strength"": ""weak"", ""tradition"": ""tevrat"", ""kind"": ""soydas"", ""ref"": ""WLC:Deut.2.7"", ""basis"": ""חסר; table sound correspondence, unverified"", ""note"": ""The commentary uses khusr for loss; Deuteronomy says Israel lacked nothing on its wilderness journey, a specific opposite use of the root candidate listed by the table."", ""turn"": 2, ""model"": ""luna"", ""connection_id"": ""BC-c3a90001299d8734290c""}, {""line"": 89, ""strength"": ""medium"", ""tradition"": ""tevrat"", ""kind"": ""soydas"", ""ref"": ""WLC:Deut.2.7"", ""basis"": ""Arabic خ س ر / Hebrew חסר; table sound correspondence"", ""note"": ""The commentary's trust can carry a person through an exposed road; Moses recalls that Israel traversed the wilderness with God's provision and lacked nothing, חסר."", ""turn"": 1, ""model"": ""sol"", ""connection_id"": ""BC-3335a34f4bb3dc268bed""}]"
WLC:Deut.24.15	strong	tevrat	motif	wages due before sunset | pay worker before sunset	The commentary brings work, payment, and the end of the day together; Deuteronomy requires paying a poor laborer before sunset because the wage is his livelihood. | The commentary's day closes with earned wages due; Deuteronomy requires a poor hired worker's wages on that day before the sun sets.	103:3	"[{""line"": 53, ""strength"": ""strong"", ""tradition"": ""tevrat"", ""kind"": ""motif"", ""ref"": ""WLC:Deut.24.15"", ""basis"": ""wages due before sunset"", ""note"": ""The commentary brings work, payment, and the end of the day together; Deuteronomy requires paying a poor laborer before sunset because the wage is his livelihood."", ""turn"": 1, ""model"": ""luna"", ""connection_id"": ""BC-15f2f6b9b00b3d52ca7c""}, {""line"": 27, ""strength"": ""strong"", ""tradition"": ""tevrat"", ""kind"": ""motif"", ""ref"": ""WLC:Deut.24.15"", ""basis"": ""pay worker before sunset"", ""note"": ""The commentary's day closes with earned wages due; Deuteronomy requires a poor hired worker's wages on that day before the sun sets."", ""turn"": 1, ""model"": ""sol"", ""connection_id"": ""BC-7b6a9dec8c79a17a2e43""}]"
WLC:Deut.30.14	strong	tevrat	motif	word near mouth and heart to do	The commentary joins a transmitted true word to intentional work; Moses says the command is near in mouth and heart precisely so Israel may do it.	103:3	"[{""line"": 199, ""strength"": ""strong"", ""tradition"": ""tevrat"", ""kind"": ""motif"", ""ref"": ""WLC:Deut.30.14"", ""basis"": ""word near mouth and heart to do"", ""note"": ""The commentary joins a transmitted true word to intentional work; Moses says the command is near in mouth and heart precisely so Israel may do it."", ""turn"": 2, ""model"": ""sol"", ""connection_id"": ""BC-2f5fb961d50ad8e85bd6""}]"
WLC:Deut.31.12	strong	tevrat	motif	assemble all to hear and learn	The commentary shifts from the singular human to a believing community; Moses commands the whole assembly, including children and resident aliens, to gather, hear, learn, and observe the teaching.	103:3	"[{""line"": 70, ""strength"": ""strong"", ""tradition"": ""tevrat"", ""kind"": ""motif"", ""ref"": ""WLC:Deut.31.12"", ""basis"": ""assemble all to hear and learn"", ""note"": ""The commentary shifts from the singular human to a believing community; Moses commands the whole assembly, including children and resident aliens, to gather, hear, learn, and observe the teaching."", ""turn"": 1, ""model"": ""luna"", ""connection_id"": ""BC-6caf870d837bca9e46f2""}]"
WLC:Deut.31.13	strong	tevrat	motif	children learn and fear	The commentary treats counsel as something that continues across a community; the next verse says children who have not known the law must hear it and learn reverence.	103:3	"[{""line"": 71, ""strength"": ""strong"", ""tradition"": ""tevrat"", ""kind"": ""motif"", ""ref"": ""WLC:Deut.31.13"", ""basis"": ""children learn and fear"", ""note"": ""The commentary treats counsel as something that continues across a community; the next verse says children who have not known the law must hear it and learn reverence."", ""turn"": 1, ""model"": ""luna"", ""connection_id"": ""BC-a092c611a9fe9f202c2e""}]"
WLC:Deut.32.47	strong	tevrat	motif	word is life, not empty	The commentary insists the inherited instruction is a binding task rather than a disposable suggestion; Moses says the word is no empty thing for the people but their life.	103:3	"[{""line"": 200, ""strength"": ""strong"", ""tradition"": ""tevrat"", ""kind"": ""motif"", ""ref"": ""WLC:Deut.32.47"", ""basis"": ""word is life, not empty"", ""note"": ""The commentary insists the inherited instruction is a binding task rather than a disposable suggestion; Moses says the word is no empty thing for the people but their life."", ""turn"": 2, ""model"": ""sol"", ""connection_id"": ""BC-2093498cb03af15acbb8""}]"
WLC:Deut.4.8	medium	tevrat	motif|soydas	righteous statutes | חקק; table sound correspondence, unverified	The commentary's haqq means what is right and binding; Moses asks what nation has statutes and judgments as righteous as Israel's, giving a concrete scriptural form of binding right. | The commentary's haqq is right that is also binding; Deuteronomy's righteous statutes use the Hebrew root ḥqq, a possible sound correspondence whose legal sense is not identical to haqq.	103:3	"[{""line"": 93, ""strength"": ""medium"", ""tradition"": ""tevrat"", ""kind"": ""motif"", ""ref"": ""WLC:Deut.4.8"", ""basis"": ""righteous statutes"", ""note"": ""The commentary's haqq means what is right and binding; Moses asks what nation has statutes and judgments as righteous as Israel's, giving a concrete scriptural form of binding right."", ""turn"": 1, ""model"": ""luna"", ""connection_id"": ""BC-75d9cbaabe7101f81ae1""}, {""line"": 133, ""strength"": ""weak"", ""tradition"": ""tevrat"", ""kind"": ""soydas"", ""ref"": ""WLC:Deut.4.8"", ""basis"": ""חקק; table sound correspondence, unverified"", ""note"": ""The commentary's haqq is right that is also binding; Deuteronomy's righteous statutes use the Hebrew root ḥqq, a possible sound correspondence whose legal sense is not identical to haqq."", ""turn"": 1, ""model"": ""luna"", ""connection_id"": ""BC-64efa4bcb3d13b51b461""}]"
WLC:Deut.6.7	strong	tevrat	motif	teach through the day | teaching children continually	The commentary defines mutual counsel as a word passed among people; Deuteronomy commands parents to teach the words diligently and speak of them at home, on the road, lying down, and rising. | The commentary calls a will a word joined to the next generation; Israel is told to impress the words on children and speak them at home and on the road.	103:3	"[{""line"": 69, ""strength"": ""strong"", ""tradition"": ""tevrat"", ""kind"": ""motif"", ""ref"": ""WLC:Deut.6.7"", ""basis"": ""teach through the day"", ""note"": ""The commentary defines mutual counsel as a word passed among people; Deuteronomy commands parents to teach the words diligently and speak of them at home, on the road, lying down, and rising."", ""turn"": 1, ""model"": ""luna"", ""connection_id"": ""BC-52e61ffd4365b187b5d6""}, {""line"": 16, ""strength"": ""strong"", ""tradition"": ""tevrat"", ""kind"": ""motif"", ""ref"": ""WLC:Deut.6.7"", ""basis"": ""teaching children continually"", ""note"": ""The commentary calls a will a word joined to the next generation; Israel is told to impress the words on children and speak them at home and on the road."", ""turn"": 1, ""model"": ""sol"", ""connection_id"": ""BC-00d5382db0a213711caa""}]"
WLC:Eccl.1.3	strong	tevrat	soydas	Arabic ع م ل / Hebrew עמל; table sound correspondence	The commentary asks what remains of work when the day and its wage are over; Ecclesiastes asks what gain a person has from all the toil under the sun.	103:3	"[{""line"": 5, ""strength"": ""strong"", ""tradition"": ""tevrat"", ""kind"": ""soydas"", ""ref"": ""WLC:Eccl.1.3"", ""basis"": ""Arabic ع م ل / Hebrew עמל; table sound correspondence"", ""note"": ""The commentary asks what remains of work when the day and its wage are over; Ecclesiastes asks what gain a person has from all the toil under the sun."", ""turn"": 1, ""model"": ""sol"", ""connection_id"": ""BC-0ff3609434f4184056b6""}]"
WLC:Eccl.11.6	strong	tevrat	motif	sow morning and evening	The commentary meets day-to-day continuity with patient cultivation; Ecclesiastes says to sow in the morning and not withhold the hand in evening because the grower cannot know which planting will succeed.	103:3	"[{""line"": 214, ""strength"": ""strong"", ""tradition"": ""tevrat"", ""kind"": ""motif"", ""ref"": ""WLC:Eccl.11.6"", ""basis"": ""sow morning and evening"", ""note"": ""The commentary meets day-to-day continuity with patient cultivation; Ecclesiastes says to sow in the morning and not withhold the hand in evening because the grower cannot know which planting will succeed."", ""turn"": 2, ""model"": ""sol"", ""connection_id"": ""BC-36f66d1c2b30f270a8ed""}]"
WLC:Eccl.12.14	strong	tevrat	motif	every deed judged | every work brought to judgment	The commentary says the Hāqqa brings each person face to face with their work and due; Ecclesiastes says God brings every deed, hidden or open, into judgment. | The commentary's final day confronts each person with deeds and their due; Ecclesiastes says God brings every deed, including hidden ones, into judgment.	103:3	"[{""line"": 57, ""strength"": ""strong"", ""tradition"": ""tevrat"", ""kind"": ""motif"", ""ref"": ""WLC:Eccl.12.14"", ""basis"": ""every deed judged"", ""note"": ""The commentary says the Hāqqa brings each person face to face with their work and due; Ecclesiastes says God brings every deed, hidden or open, into judgment."", ""turn"": 1, ""model"": ""luna"", ""connection_id"": ""BC-446a8541463d2169c0ea""}, {""line"": 7, ""strength"": ""strong"", ""tradition"": ""tevrat"", ""kind"": ""motif"", ""ref"": ""WLC:Eccl.12.14"", ""basis"": ""every work brought to judgment"", ""note"": ""The commentary's final day confronts each person with deeds and their due; Ecclesiastes says God brings every deed, including hidden ones, into judgment."", ""turn"": 1, ""model"": ""sol"", ""connection_id"": ""BC-c31a9b81cb17c0d442b8""}]"
WLC:Eccl.2.11	strong	tevrat	soydas	Arabic ع م ل / Hebrew עמל; table sound correspondence	The commentary says doing work alone can still be loss; the speaker surveys his works and toil and finds no lasting gain under the sun.	103:3	"[{""line"": 6, ""strength"": ""strong"", ""tradition"": ""tevrat"", ""kind"": ""soydas"", ""ref"": ""WLC:Eccl.2.11"", ""basis"": ""Arabic ع م ل / Hebrew עמל; table sound correspondence"", ""note"": ""The commentary says doing work alone can still be loss; the speaker surveys his works and toil and finds no lasting gain under the sun."", ""turn"": 1, ""model"": ""sol"", ""connection_id"": ""BC-a1b51ca6df6929ecfb5f""}]"
WLC:Eccl.2.22	medium	tevrat	motif|soydas	toil with no gain | עמל; table sound correspondence, unverified	The commentary links work to a due wage and the danger of loss; Qohelet asks what a person gains from all the toil expended under the sun, making the outcome of labor a live question. | The commentary's ʿamal is purposeful work; Qohelet's ʿamal is burdensome toil, a possible cognate that highlights a difference in the word's biblical use.	103:3	"[{""line"": 88, ""strength"": ""medium"", ""tradition"": ""tevrat"", ""kind"": ""motif"", ""ref"": ""WLC:Eccl.2.22"", ""basis"": ""toil with no gain"", ""note"": ""The commentary links work to a due wage and the danger of loss; Qohelet asks what a person gains from all the toil expended under the sun, making the outcome of labor a live question."", ""turn"": 1, ""model"": ""luna"", ""connection_id"": ""BC-67b5c3343b2a2d407249""}, {""line"": 138, ""strength"": ""weak"", ""tradition"": ""tevrat"", ""kind"": ""soydas"", ""ref"": ""WLC:Eccl.2.22"", ""basis"": ""עמל; table sound correspondence, unverified"", ""note"": ""The commentary's ʿamal is purposeful work; Qohelet's ʿamal is burdensome toil, a possible cognate that highlights a difference in the word's biblical use."", ""turn"": 1, ""model"": ""luna"", ""connection_id"": ""BC-26bc0f77ea9c7a395661""}]"
WLC:Eccl.3.7	medium	tevrat	motif	a time to speak and be silent	The commentary joins truthful counsel to self-restraint; Qohelet's paired times for silence and speech give a concrete limit and occasion for words.	103:3	"[{""line"": 156, ""strength"": ""medium"", ""tradition"": ""tevrat"", ""kind"": ""motif"", ""ref"": ""WLC:Eccl.3.7"", ""basis"": ""a time to speak and be silent"", ""note"": ""The commentary joins truthful counsel to self-restraint; Qohelet's paired times for silence and speech give a concrete limit and occasion for words."", ""turn"": 2, ""model"": ""luna"", ""connection_id"": ""BC-364130bfb3c6faccc042""}]"
WLC:Eccl.4.10	strong	tevrat	motif	companion lifts fallen person	The commentary's reciprocal counsel means another holds one who weakens; Ecclesiastes says a companion lifts a fallen partner, while the solitary fallen person lacks a helper.	103:3	"[{""line"": 47, ""strength"": ""strong"", ""tradition"": ""tevrat"", ""kind"": ""motif"", ""ref"": ""WLC:Eccl.4.10"", ""basis"": ""companion lifts fallen person"", ""note"": ""The commentary's reciprocal counsel means another holds one who weakens; Ecclesiastes says a companion lifts a fallen partner, while the solitary fallen person lacks a helper."", ""turn"": 1, ""model"": ""sol"", ""connection_id"": ""BC-37b992490a6c400caa25""}]"
WLC:Eccl.4.11	strong	tevrat	motif	two share warmth	The commentary's harsh winter is endured by people who hold one another; Ecclesiastes asks how one person alone can get warm and says two lying together can.	103:3	"[{""line"": 194, ""strength"": ""strong"", ""tradition"": ""tevrat"", ""kind"": ""motif"", ""ref"": ""WLC:Eccl.4.11"", ""basis"": ""two share warmth"", ""note"": ""The commentary's harsh winter is endured by people who hold one another; Ecclesiastes asks how one person alone can get warm and says two lying together can."", ""turn"": 2, ""model"": ""sol"", ""connection_id"": ""BC-915eeeac7fab6b5e9bd9""}]"
WLC:Eccl.4.12	strong	tevrat	motif	threefold cord resists breaking	The commentary's separate strands join into a durable communal fabric; Ecclesiastes says a threefold cord is not quickly broken after describing companions' mutual defense.	103:3	"[{""line"": 48, ""strength"": ""strong"", ""tradition"": ""tevrat"", ""kind"": ""motif"", ""ref"": ""WLC:Eccl.4.12"", ""basis"": ""threefold cord resists breaking"", ""note"": ""The commentary's separate strands join into a durable communal fabric; Ecclesiastes says a threefold cord is not quickly broken after describing companions' mutual defense."", ""turn"": 1, ""model"": ""sol"", ""connection_id"": ""BC-64d055b1f2c1cc7dbbf4""}]"
WLC:Eccl.4.9	strong	tevrat	soydas	Arabic ع م ل / Hebrew עמל; table sound correspondence	The commentary imagines mutually sustained labor and its due wage; Ecclesiastes says two are better than one because they receive a good return for their toil, עמל.	103:3	"[{""line"": 193, ""strength"": ""strong"", ""tradition"": ""tevrat"", ""kind"": ""soydas"", ""ref"": ""WLC:Eccl.4.9"", ""basis"": ""Arabic ع م ل / Hebrew עמל; table sound correspondence"", ""note"": ""The commentary imagines mutually sustained labor and its due wage; Ecclesiastes says two are better than one because they receive a good return for their toil, עמל."", ""turn"": 2, ""model"": ""sol"", ""connection_id"": ""BC-a8d552042c32e8319a60""}]"
WLC:Eccl.9.10	strong	tevrat	motif	work while life remains | do work before death ends opportunity	The commentary ties work to limited time and the day of reckoning; Qohelet urges wholehearted work now, saying there is no work or knowledge in Sheol. | The commentary's finite day gives performed work urgency; Ecclesiastes tells the hearer to do with strength what the hand finds because the grave offers no further work.	103:3	"[{""line"": 157, ""strength"": ""medium"", ""tradition"": ""tevrat"", ""kind"": ""motif"", ""ref"": ""WLC:Eccl.9.10"", ""basis"": ""work while life remains"", ""note"": ""The commentary ties work to limited time and the day of reckoning; Qohelet urges wholehearted work now, saying there is no work or knowledge in Sheol."", ""turn"": 2, ""model"": ""luna"", ""connection_id"": ""BC-4d6ea3156df6342fd5ac""}, {""line"": 213, ""strength"": ""strong"", ""tradition"": ""tevrat"", ""kind"": ""motif"", ""ref"": ""WLC:Eccl.9.10"", ""basis"": ""do work before death ends opportunity"", ""note"": ""The commentary's finite day gives performed work urgency; Ecclesiastes tells the hearer to do with strength what the hand finds because the grave offers no further work."", ""turn"": 2, ""model"": ""sol"", ""connection_id"": ""BC-1d7b3179de37bd9c01e1""}]"
WLC:Exod.14.31	strong	tevrat	soydas	Arabic ء م ن / Hebrew אמנ; table sound correspondence	The commentary connects seeing, confirming, and entering trust; after Israel sees the LORD's great action against Egypt, the people believe in the LORD and Moses.	103:3	"[{""line"": 191, ""strength"": ""strong"", ""tradition"": ""tevrat"", ""kind"": ""soydas"", ""ref"": ""WLC:Exod.14.31"", ""basis"": ""Arabic ء م ن / Hebrew אמנ; table sound correspondence"", ""note"": ""The commentary connects seeing, confirming, and entering trust; after Israel sees the LORD's great action against Egypt, the people believe in the LORD and Moses."", ""turn"": 2, ""model"": ""sol"", ""connection_id"": ""BC-60e4dad2bcb5859475eb""}]"
WLC:Exod.17.12	strong	tevrat	motif|soydas	others hold up a weary leader | אמנ; table sound correspondence, unverified | Arabic ء م ن / Hebrew אמנ; table sound correspondence | two companions hold arms until evening	The commentary describes sabr as one person standing behind another when they weaken; Aaron and Hur support Moses' hands until sunset so Israel can continue the fight. | The commentary makes sabr support another until strength returns; the verse calls Moses' hands steady with emunah while Aaron and Hur hold them, a lexical and scene-level echo. | The commentary's mutual patience means companions hold someone up when he weakens; Aaron and Hur support Moses' heavy hands until sunset, and his hands remain steady, אמונה. | The commentary likens reciprocal counsel to standing behind another's burden; Aaron and Hur literally hold Moses' arms through the day's battle.	103:3	"[{""line"": 90, ""strength"": ""medium"", ""tradition"": ""tevrat"", ""kind"": ""motif"", ""ref"": ""WLC:Exod.17.12"", ""basis"": ""others hold up a weary leader"", ""note"": ""The commentary describes sabr as one person standing behind another when they weaken; Aaron and Hur support Moses' hands until sunset so Israel can continue the fight."", ""turn"": 1, ""model"": ""luna"", ""connection_id"": ""BC-5a3331792d7ef3b42606""}, {""line"": 129, ""strength"": ""weak"", ""tradition"": ""tevrat"", ""kind"": ""soydas"", ""ref"": ""WLC:Exod.17.12"", ""basis"": ""אמנ; table sound correspondence, unverified"", ""note"": ""The commentary makes sabr support another until strength returns; the verse calls Moses' hands steady with emunah while Aaron and Hur hold them, a lexical and scene-level echo."", ""turn"": 1, ""model"": ""luna"", ""connection_id"": ""BC-3e0e0a6fd47043be8162""}, {""line"": 11, ""strength"": ""strong"", ""tradition"": ""tevrat"", ""kind"": ""soydas"", ""ref"": ""WLC:Exod.17.12"", ""basis"": ""Arabic ء م ن / Hebrew אמנ; table sound correspondence"", ""note"": ""The commentary's mutual patience means companions hold someone up when he weakens; Aaron and Hur support Moses' heavy hands until sunset, and his hands remain steady, אמונה."", ""turn"": 1, ""model"": ""sol"", ""connection_id"": ""BC-d63523f1d53bcbfc2a95""}, {""line"": 12, ""strength"": ""strong"", ""tradition"": ""tevrat"", ""kind"": ""motif"", ""ref"": ""WLC:Exod.17.12"", ""basis"": ""two companions hold arms until evening"", ""note"": ""The commentary likens reciprocal counsel to standing behind another's burden; Aaron and Hur literally hold Moses' arms through the day's battle."", ""turn"": 1, ""model"": ""sol"", ""connection_id"": ""BC-78573c6fcac493050145""}]"
WLC:Exod.18.18	strong	tevrat	motif	a burden too heavy for one person	The commentary says rightful loads fit capacity and patience can mean carrying another's share; Jethro warns Moses that judging alone will exhaust both him and the people because the task is too heavy.	103:3	"[{""line"": 54, ""strength"": ""strong"", ""tradition"": ""tevrat"", ""kind"": ""motif"", ""ref"": ""WLC:Exod.18.18"", ""basis"": ""a burden too heavy for one person"", ""note"": ""The commentary says rightful loads fit capacity and patience can mean carrying another's share; Jethro warns Moses that judging alone will exhaust both him and the people because the task is too heavy."", ""turn"": 1, ""model"": ""luna"", ""connection_id"": ""BC-fa9887a820a432d39ef1""}]"
WLC:Exod.18.20	strong	tevrat	soydas	Arabic ح ق ق / Hebrew חקק; table sound correspondence	The commentary joins prescribed right, instruction, a path, and work; Moses is to teach statutes, חקים, the way to walk, and the deed the people must do.	103:3	"[{""line"": 38, ""strength"": ""strong"", ""tradition"": ""tevrat"", ""kind"": ""soydas"", ""ref"": ""WLC:Exod.18.20"", ""basis"": ""Arabic ح ق ق / Hebrew חקק; table sound correspondence"", ""note"": ""The commentary joins prescribed right, instruction, a path, and work; Moses is to teach statutes, חקים, the way to walk, and the deed the people must do."", ""turn"": 1, ""model"": ""sol"", ""connection_id"": ""BC-6a309d9ba26e285043df""}]"
WLC:Exod.18.21	strong	tevrat	motif	share the work among capable people	The commentary describes communal support as each holding what another cannot; Jethro tells Moses to appoint capable leaders so the burden is distributed.	103:3	"[{""line"": 55, ""strength"": ""strong"", ""tradition"": ""tevrat"", ""kind"": ""motif"", ""ref"": ""WLC:Exod.18.21"", ""basis"": ""share the work among capable people"", ""note"": ""The commentary describes communal support as each holding what another cannot; Jethro tells Moses to appoint capable leaders so the burden is distributed."", ""turn"": 1, ""model"": ""luna"", ""connection_id"": ""BC-7ac0f6981f3184679179""}]"
WLC:Exod.18.22	strong	tevrat	motif	judges share Moses' burden	The commentary distinguishes a rightful load from crushing overload; Moses is instructed to appoint others to judge ordinary cases so they carry the burden with him.	103:3	"[{""line"": 25, ""strength"": ""strong"", ""tradition"": ""tevrat"", ""kind"": ""motif"", ""ref"": ""WLC:Exod.18.22"", ""basis"": ""judges share Moses' burden"", ""note"": ""The commentary distinguishes a rightful load from crushing overload; Moses is instructed to appoint others to judge ordinary cases so they carry the burden with him."", ""turn"": 1, ""model"": ""sol"", ""connection_id"": ""BC-088411228b23b32d5ff6""}]"
WLC:Exod.9.11	medium	tevrat	karsi_anlati	magicians cannot stand before Moses	The commentary's Quranic magicians believe, face Pharaoh's threat, and pray for patience; Exodus here reports the Egyptian magicians unable to stand before Moses because of boils, without a conversion scene.	103:3	"[{""line"": 112, ""strength"": ""medium"", ""tradition"": ""tevrat"", ""kind"": ""karsi_anlati"", ""ref"": ""WLC:Exod.9.11"", ""basis"": ""magicians cannot stand before Moses"", ""note"": ""The commentary's Quranic magicians believe, face Pharaoh's threat, and pray for patience; Exodus here reports the Egyptian magicians unable to stand before Moses because of boils, without a conversion scene."", ""turn"": 1, ""model"": ""sol"", ""connection_id"": ""BC-f8cc665bf5ffe29b79b7""}]"
WLC:Ezek.18.21	strong	tevrat	karsi_anlati	wicked person can turn and live	The commentary says past actions name the rescued group; Ezekiel adds that a formerly wicked person who turns, keeps the statutes, and does justice and righteousness will live, making a changed course decisive.	103:3	"[{""line"": 217, ""strength"": ""strong"", ""tradition"": ""tevrat"", ""kind"": ""karsi_anlati"", ""ref"": ""WLC:Ezek.18.21"", ""basis"": ""wicked person can turn and live"", ""note"": ""The commentary says past actions name the rescued group; Ezekiel adds that a formerly wicked person who turns, keeps the statutes, and does justice and righteousness will live, making a changed course decisive."", ""turn"": 2, ""model"": ""sol"", ""connection_id"": ""BC-1e09794128844280c889""}]"
WLC:Ezek.18.24	medium	tevrat	karsi_anlati	prior righteousness can be abandoned	The commentary says completed actions characterize those excepted from loss; Ezekiel insists that someone once righteous can turn to injustice and die in it, preserving moral reversal beyond a fixed label.	103:3	"[{""line"": 283, ""strength"": ""medium"", ""tradition"": ""tevrat"", ""kind"": ""karsi_anlati"", ""ref"": ""WLC:Ezek.18.24"", ""basis"": ""prior righteousness can be abandoned"", ""note"": ""The commentary says completed actions characterize those excepted from loss; Ezekiel insists that someone once righteous can turn to injustice and die in it, preserving moral reversal beyond a fixed label."", ""turn"": 2, ""model"": ""sol"", ""connection_id"": ""BC-1f95e2283c6d2568eda8""}]"
WLC:Ezek.3.17	strong	tevrat	motif	watchman must pass on warning	The commentary's mutual advice carries a duty to another rather than an optional opinion; Ezekiel is appointed watchman and told to hear God's word and warn Israel on God's behalf.	103:3	"[{""line"": 215, ""strength"": ""strong"", ""tradition"": ""tevrat"", ""kind"": ""motif"", ""ref"": ""WLC:Ezek.3.17"", ""basis"": ""watchman must pass on warning"", ""note"": ""The commentary's mutual advice carries a duty to another rather than an optional opinion; Ezekiel is appointed watchman and told to hear God's word and warn Israel on God's behalf."", ""turn"": 2, ""model"": ""sol"", ""connection_id"": ""BC-10c126833123378df485""}]"
WLC:Ezek.3.18	strong	tevrat	motif	failure to warn leaves bloodguilt	The commentary's hak is a debt one owes the next person; God says the watchman who fails to warn the wicked shares responsibility for the person's death.	103:3	"[{""line"": 216, ""strength"": ""strong"", ""tradition"": ""tevrat"", ""kind"": ""motif"", ""ref"": ""WLC:Ezek.3.18"", ""basis"": ""failure to warn leaves bloodguilt"", ""note"": ""The commentary's hak is a debt one owes the next person; God says the watchman who fails to warn the wicked shares responsibility for the person's death."", ""turn"": 2, ""model"": ""sol"", ""connection_id"": ""BC-76fadc2a3e3e9eb7ff21""}]"
WLC:Ezek.3.19	medium	tevrat	motif	warning fulfills duty despite refusal	The commentary makes advice an act owed to another, not control over their response; the watchman who warns the wicked has saved his own life even if the wicked refuses to turn.	103:3	"[{""line"": 282, ""strength"": ""medium"", ""tradition"": ""tevrat"", ""kind"": ""motif"", ""ref"": ""WLC:Ezek.3.19"", ""basis"": ""warning fulfills duty despite refusal"", ""note"": ""The commentary makes advice an act owed to another, not control over their response; the watchman who warns the wicked has saved his own life even if the wicked refuses to turn."", ""turn"": 2, ""model"": ""sol"", ""connection_id"": ""BC-6acad701c8d065d3c0da""}]"
WLC:Ezra.6.14	strong	tevrat	soydas	Arabic ص ل ح / Aramaic צלח; table sound correspondence	The commentary's sound work builds something that endures; the Judean elders build the temple and prosper through prophetic instruction, joining work, counsel, and צלח.	103:3	"[{""line"": 14, ""strength"": ""strong"", ""tradition"": ""tevrat"", ""kind"": ""soydas"", ""ref"": ""WLC:Ezra.6.14"", ""basis"": ""Arabic ص ل ح / Aramaic צלח; table sound correspondence"", ""note"": ""The commentary's sound work builds something that endures; the Judean elders build the temple and prosper through prophetic instruction, joining work, counsel, and צלח."", ""turn"": 1, ""model"": ""sol"", ""connection_id"": ""BC-f969e591327897bedab3""}]"
WLC:Ezra.7.10	strong	tevrat	motif	learn, do, then teach	The commentary defines advice as a word passed on for another to perform; Ezra sets his heart to study the LORD's law, do it, and teach its statutes and judgments to Israel.	103:3	"[{""line"": 198, ""strength"": ""strong"", ""tradition"": ""tevrat"", ""kind"": ""motif"", ""ref"": ""WLC:Ezra.7.10"", ""basis"": ""learn, do, then teach"", ""note"": ""The commentary defines advice as a word passed on for another to perform; Ezra sets his heart to study the LORD's law, do it, and teach its statutes and judgments to Israel."", ""turn"": 2, ""model"": ""sol"", ""connection_id"": ""BC-0e732806839340853c80""}]"
WLC:Gen.15.6	strong	tevrat	motif|soydas	Abraham trusts a promise | אמנ; table sound correspondence, unverified | Arabic ء م ن / Hebrew אמנ; table sound correspondence	The commentary hears belief as reliance that gives security; Abraham trusts God's promise of descendants, and that trust is reckoned to him as righteousness. | The commentary's âmanû means belief heard as trust; Hebrew he'emin describes Abraham trusting God's promise, a semantic match for the table's unverified sound correspondence. | The commentary hears trust and a secure reliance within belief; Abram believes the LORD's promise and that reliance is counted as righteousness.	103:3	"[{""line"": 77, ""strength"": ""medium"", ""tradition"": ""tevrat"", ""kind"": ""motif"", ""ref"": ""WLC:Gen.15.6"", ""basis"": ""Abraham trusts a promise"", ""note"": ""The commentary hears belief as reliance that gives security; Abraham trusts God's promise of descendants, and that trust is reckoned to him as righteousness."", ""turn"": 1, ""model"": ""luna"", ""connection_id"": ""BC-178480c63832e62653d3""}, {""line"": 127, ""strength"": ""weak"", ""tradition"": ""tevrat"", ""kind"": ""soydas"", ""ref"": ""WLC:Gen.15.6"", ""basis"": ""אמנ; table sound correspondence, unverified"", ""note"": ""The commentary's âmanû means belief heard as trust; Hebrew he'emin describes Abraham trusting God's promise, a semantic match for the table's unverified sound correspondence."", ""turn"": 1, ""model"": ""luna"", ""connection_id"": ""BC-7ff8444c96543ab5f2b2""}, {""line"": 8, ""strength"": ""strong"", ""tradition"": ""tevrat"", ""kind"": ""soydas"", ""ref"": ""WLC:Gen.15.6"", ""basis"": ""Arabic ء م ن / Hebrew אמנ; table sound correspondence"", ""note"": ""The commentary hears trust and a secure reliance within belief; Abram believes the LORD's promise and that reliance is counted as righteousness."", ""turn"": 1, ""model"": ""sol"", ""connection_id"": ""BC-9456085c1188c63b8fb4""}]"
WLC:Gen.16.2	medium	tevrat	motif|soydas	restraint imposed by God | עצר; table sound correspondence, unverified	The commentary distinguishes self-restraint in sabr from being held back by another; Sarai says the Lord has restrained her from bearing children, showing the same holding image with a different agent and object. | The commentary pairs sabr's self-restraint with ʿaṣr as holding back; Genesis uses Hebrew ʿṣr when Sarai says God restrained her from bearing, a possible sound link with a different agent.	103:3	"[{""line"": 95, ""strength"": ""medium"", ""tradition"": ""tevrat"", ""kind"": ""motif"", ""ref"": ""WLC:Gen.16.2"", ""basis"": ""restraint imposed by God"", ""note"": ""The commentary distinguishes self-restraint in sabr from being held back by another; Sarai says the Lord has restrained her from bearing children, showing the same holding image with a different agent and object."", ""turn"": 1, ""model"": ""luna"", ""connection_id"": ""BC-f2f489390f0e52da1e92""}, {""line"": 137, ""strength"": ""weak"", ""tradition"": ""tevrat"", ""kind"": ""soydas"", ""ref"": ""WLC:Gen.16.2"", ""basis"": ""עצר; table sound correspondence, unverified"", ""note"": ""The commentary pairs sabr's self-restraint with ʿaṣr as holding back; Genesis uses Hebrew ʿṣr when Sarai says God restrained her from bearing, a possible sound link with a different agent."", ""turn"": 1, ""model"": ""luna"", ""connection_id"": ""BC-713b1557d787483dd627""}]"
WLC:Gen.18.19	strong	tevrat	motif	Abraham commands children to do justice	The commentary presents advice as a transmitted task to perform; Abraham is chosen to command his household after him to keep the LORD's way by doing righteousness and justice.	103:3	"[{""line"": 15, ""strength"": ""strong"", ""tradition"": ""tevrat"", ""kind"": ""motif"", ""ref"": ""WLC:Gen.18.19"", ""basis"": ""Abraham commands children to do justice"", ""note"": ""The commentary presents advice as a transmitted task to perform; Abraham is chosen to command his household after him to keep the LORD's way by doing righteousness and justice."", ""turn"": 1, ""model"": ""sol"", ""connection_id"": ""BC-f68cabe3b00d1d6fe35c""}]"
WLC:Gen.31.40	strong	tevrat	motif	work through heat and frost | labor's cost and endurance	The commentary makes patience staying put in the hardest cold; Jacob recounts laboring for Laban through daytime heat and nighttime frost while sleep fled from him. | The commentary links work, time, and patience through hardship; Jacob's account of heat, frost, and sleepless service gives a lived scene of endurance within labor.	103:3	"[{""line"": 59, ""strength"": ""strong"", ""tradition"": ""tevrat"", ""kind"": ""motif"", ""ref"": ""WLC:Gen.31.40"", ""basis"": ""work through heat and frost"", ""note"": ""The commentary makes patience staying put in the hardest cold; Jacob recounts laboring for Laban through daytime heat and nighttime frost while sleep fled from him."", ""turn"": 1, ""model"": ""luna"", ""connection_id"": ""BC-4bc9453021e65ac65f42""}, {""line"": 92, ""strength"": ""medium"", ""tradition"": ""tevrat"", ""kind"": ""motif"", ""ref"": ""WLC:Gen.31.40"", ""basis"": ""labor's cost and endurance"", ""note"": ""The commentary links work, time, and patience through hardship; Jacob's account of heat, frost, and sleepless service gives a lived scene of endurance within labor."", ""turn"": 1, ""model"": ""luna"", ""connection_id"": ""BC-d8945c453c8de8933a00""}]"
WLC:Gen.33.4	medium	tevrat	motif	estranged brothers embrace	The commentary says patient good can turn enmity into intimacy; Esau runs to embrace Jacob after their long estrangement and fear.	103:3	"[{""line"": 154, ""strength"": ""medium"", ""tradition"": ""tevrat"", ""kind"": ""motif"", ""ref"": ""WLC:Gen.33.4"", ""basis"": ""estranged brothers embrace"", ""note"": ""The commentary says patient good can turn enmity into intimacy; Esau runs to embrace Jacob after their long estrangement and fear."", ""turn"": 2, ""model"": ""luna"", ""connection_id"": ""BC-4dde35e45abf3d9f44c0""}]"
WLC:Gen.37.31	strong	tevrat	paralel	Joseph's brothers bloodied tunic	The commentary recalls the brothers' false report and Jacob's withheld trust; Genesis likewise has the brothers dip Joseph's tunic in goat's blood as fabricated evidence.	103:3	"[{""line"": 20, ""strength"": ""strong"", ""tradition"": ""tevrat"", ""kind"": ""paralel"", ""ref"": ""WLC:Gen.37.31"", ""basis"": ""Joseph's brothers bloodied tunic"", ""note"": ""The commentary recalls the brothers' false report and Jacob's withheld trust; Genesis likewise has the brothers dip Joseph's tunic in goat's blood as fabricated evidence."", ""turn"": 1, ""model"": ""sol"", ""connection_id"": ""BC-ef847d9b0cc7e607a6ec""}]"
WLC:Gen.37.33	strong	tevrat	karsi_anlati	Jacob concludes beast devoured Joseph	The commentary's Quranic Jacob rejects the brothers' story and chooses beautiful patience; Genesis' Jacob recognizes the bloody tunic and concludes a wild animal tore Joseph apart.	103:3	"[{""line"": 21, ""strength"": ""strong"", ""tradition"": ""tevrat"", ""kind"": ""karsi_anlati"", ""ref"": ""WLC:Gen.37.33"", ""basis"": ""Jacob concludes beast devoured Joseph"", ""note"": ""The commentary's Quranic Jacob rejects the brothers' story and chooses beautiful patience; Genesis' Jacob recognizes the bloody tunic and concludes a wild animal tore Joseph apart."", ""turn"": 1, ""model"": ""sol"", ""connection_id"": ""BC-596c5e55f50c11c29c2c""}]"
WLC:Gen.41.49	strong	tevrat	soydas	Arabic ص ب ر / Hebrew צבר; table sound correspondence	The commentary notes a secondary sabr word for grain bought in unmeasured heaps; Joseph heaps up grain beyond counting, using Hebrew צבר for storing a vast pile.	103:3	"[{""line"": 35, ""strength"": ""strong"", ""tradition"": ""tevrat"", ""kind"": ""soydas"", ""ref"": ""WLC:Gen.41.49"", ""basis"": ""Arabic ص ب ر / Hebrew צבר; table sound correspondence"", ""note"": ""The commentary notes a secondary sabr word for grain bought in unmeasured heaps; Joseph heaps up grain beyond counting, using Hebrew צבר for storing a vast pile."", ""turn"": 1, ""model"": ""sol"", ""connection_id"": ""BC-e22c55a0360fe9b7f17b""}]"
WLC:Gen.43.9	strong	tevrat	motif	Judah becomes surety for Benjamin	The commentary develops sabır as a guarantor who bears another's obligation; Judah makes himself surety for Benjamin and accepts lifelong blame if he fails to return him.	103:3	"[{""line"": 23, ""strength"": ""strong"", ""tradition"": ""tevrat"", ""kind"": ""motif"", ""ref"": ""WLC:Gen.43.9"", ""basis"": ""Judah becomes surety for Benjamin"", ""note"": ""The commentary develops sabır as a guarantor who bears another's obligation; Judah makes himself surety for Benjamin and accepts lifelong blame if he fails to return him."", ""turn"": 1, ""model"": ""sol"", ""connection_id"": ""BC-a998b06a7ebd7774844b""}]"
WLC:Gen.44.33	strong	tevrat	motif	Judah offers himself in place of Benjamin	The commentary pictures community members holding another when he cannot bear the debt; Judah asks to remain as slave instead of Benjamin.	103:3	"[{""line"": 24, ""strength"": ""strong"", ""tradition"": ""tevrat"", ""kind"": ""motif"", ""ref"": ""WLC:Gen.44.33"", ""basis"": ""Judah offers himself in place of Benjamin"", ""note"": ""The commentary pictures community members holding another when he cannot bear the debt; Judah asks to remain as slave instead of Benjamin."", ""turn"": 1, ""model"": ""sol"", ""connection_id"": ""BC-99ae6fce542ccd7884fe""}]"
WLC:Gen.45.26	strong	tevrat	paralel	Jacob does not believe brothers	The commentary explores giving or withholding belief from family testimony; Genesis later says Jacob's heart goes numb and he does not believe the brothers' news that Joseph lives.	103:3	"[{""line"": 22, ""strength"": ""strong"", ""tradition"": ""tevrat"", ""kind"": ""paralel"", ""ref"": ""WLC:Gen.45.26"", ""basis"": ""Jacob does not believe brothers"", ""note"": ""The commentary explores giving or withholding belief from family testimony; Genesis later says Jacob's heart goes numb and he does not believe the brothers' news that Joseph lives."", ""turn"": 1, ""model"": ""sol"", ""connection_id"": ""BC-15bf0d942d3df7c0dc01""}]"
WLC:Gen.45.27	strong	tevrat	motif	sight restores Jacob's trust	The commentary's Yusuf scene turns on whether a report deserves belief; after Jacob initially rejects his sons' news, he sees the wagons Joseph sent and his spirit revives.	103:3	"[{""line"": 201, ""strength"": ""strong"", ""tradition"": ""tevrat"", ""kind"": ""motif"", ""ref"": ""WLC:Gen.45.27"", ""basis"": ""sight restores Jacob's trust"", ""note"": ""The commentary's Yusuf scene turns on whether a report deserves belief; after Jacob initially rejects his sons' news, he sees the wagons Joseph sent and his spirit revives."", ""turn"": 2, ""model"": ""sol"", ""connection_id"": ""BC-4079d99e675d2ecab582""}]"
WLC:Gen.49.29	strong	tevrat	motif	Jacob commands sons before death	The commentary invokes Jacob's deathbed charge as a binding word left behind; Jacob commands his sons to bury him with his ancestors.	103:3	"[{""line"": 18, ""strength"": ""strong"", ""tradition"": ""tevrat"", ""kind"": ""motif"", ""ref"": ""WLC:Gen.49.29"", ""basis"": ""Jacob commands sons before death"", ""note"": ""The commentary invokes Jacob's deathbed charge as a binding word left behind; Jacob commands his sons to bury him with his ancestors."", ""turn"": 1, ""model"": ""sol"", ""connection_id"": ""BC-f5e1ca91adc26eaf9ee8""}]"
WLC:Gen.50.25	strong	tevrat	motif	Joseph binds descendants by oath	The commentary's inherited counsel attaches later generations to a duty; Joseph makes Israel's sons swear to carry his bones when God visits them.	103:3	"[{""line"": 19, ""strength"": ""strong"", ""tradition"": ""tevrat"", ""kind"": ""motif"", ""ref"": ""WLC:Gen.50.25"", ""basis"": ""Joseph binds descendants by oath"", ""note"": ""The commentary's inherited counsel attaches later generations to a duty; Joseph makes Israel's sons swear to carry his bones when God visits them."", ""turn"": 1, ""model"": ""sol"", ""connection_id"": ""BC-e9a0789baa8046a68caa""}]"
WLC:Gen.6.9	strong	tevrat	motif	Noah righteous in a corrupt generation	The commentary's exception identifies those who escape the general human condition; Genesis calls Noah righteous and blameless among his contemporaries before the flood.	103:3	"[{""line"": 74, ""strength"": ""strong"", ""tradition"": ""tevrat"", ""kind"": ""motif"", ""ref"": ""WLC:Gen.6.9"", ""basis"": ""Noah righteous in a corrupt generation"", ""note"": ""The commentary's exception identifies those who escape the general human condition; Genesis calls Noah righteous and blameless among his contemporaries before the flood."", ""turn"": 1, ""model"": ""luna"", ""connection_id"": ""BC-c310b7b028672c454f7f""}]"
WLC:Gen.7.23	strong	tevrat	motif	Noah and those with him survive	The commentary opens an exception within universal loss; Genesis says all living things were blotted out except Noah and those with him in the ark.	103:3	"[{""line"": 75, ""strength"": ""strong"", ""tradition"": ""tevrat"", ""kind"": ""motif"", ""ref"": ""WLC:Gen.7.23"", ""basis"": ""Noah and those with him survive"", ""note"": ""The commentary opens an exception within universal loss; Genesis says all living things were blotted out except Noah and those with him in the ark."", ""turn"": 1, ""model"": ""luna"", ""connection_id"": ""BC-79f014e5d32f178001f7""}]"
WLC:Hab.2.3	strong	tevrat	motif	wait for the appointed vision | wait for appointed vision	The commentary describes sabr as waiting without loosening one's hold; Habakkuk says the vision has an appointed time and commands the reader to wait though it seems slow. | The commentary grounds patient waiting in a true promise that will come due; Habakkuk says the vision awaits its appointed time and must be awaited even if it seems delayed.	103:3	"[{""line"": 82, ""strength"": ""medium"", ""tradition"": ""tevrat"", ""kind"": ""motif"", ""ref"": ""WLC:Hab.2.3"", ""basis"": ""wait for the appointed vision"", ""note"": ""The commentary describes sabr as waiting without loosening one's hold; Habakkuk says the vision has an appointed time and commands the reader to wait though it seems slow."", ""turn"": 1, ""model"": ""luna"", ""connection_id"": ""BC-26e31057ddc2566ff2b4""}, {""line"": 43, ""strength"": ""strong"", ""tradition"": ""tevrat"", ""kind"": ""motif"", ""ref"": ""WLC:Hab.2.3"", ""basis"": ""wait for appointed vision"", ""note"": ""The commentary grounds patient waiting in a true promise that will come due; Habakkuk says the vision awaits its appointed time and must be awaited even if it seems delayed."", ""turn"": 1, ""model"": ""sol"", ""connection_id"": ""BC-7f911ffbc4d38ca1844d""}]"
WLC:Hab.2.4	strong	tevrat	motif|soydas	the righteous live by faithfulness | אמנ; table sound correspondence, unverified | Arabic ء م ن / Hebrew אמנ; table sound correspondence	The commentary puts haqq before sabr as the ground for endurance; Habakkuk joins the righteous person's life to faithfulness while the vision is awaited. | The commentary joins belief, haqq, and patient waiting; Habakkuk's righteous person lives by emunah, here faithfulness, while awaiting the vision. | The commentary binds trust to patient endurance; Habakkuk contrasts the proud person with the righteous one who lives by faithfulness, אמונה, while awaiting the vision.	103:3	"[{""line"": 83, ""strength"": ""medium"", ""tradition"": ""tevrat"", ""kind"": ""motif"", ""ref"": ""WLC:Hab.2.4"", ""basis"": ""the righteous live by faithfulness"", ""note"": ""The commentary puts haqq before sabr as the ground for endurance; Habakkuk joins the righteous person's life to faithfulness while the vision is awaited."", ""turn"": 1, ""model"": ""luna"", ""connection_id"": ""BC-be8da0f73611b0c3a1b4""}, {""line"": 130, ""strength"": ""weak"", ""tradition"": ""tevrat"", ""kind"": ""soydas"", ""ref"": ""WLC:Hab.2.4"", ""basis"": ""אמנ; table sound correspondence, unverified"", ""note"": ""The commentary joins belief, haqq, and patient waiting; Habakkuk's righteous person lives by emunah, here faithfulness, while awaiting the vision."", ""turn"": 1, ""model"": ""luna"", ""connection_id"": ""BC-3e6082987087bccfade6""}, {""line"": 44, ""strength"": ""strong"", ""tradition"": ""tevrat"", ""kind"": ""soydas"", ""ref"": ""WLC:Hab.2.4"", ""basis"": ""Arabic ء م ن / Hebrew אמנ; table sound correspondence"", ""note"": ""The commentary binds trust to patient endurance; Habakkuk contrasts the proud person with the righteous one who lives by faithfulness, אמונה, while awaiting the vision."", ""turn"": 1, ""model"": ""sol"", ""connection_id"": ""BC-ca591a0943a0dfbe5020""}]"
WLC:Hab.3.16	medium	tevrat	motif	wait quietly for the day of trouble	The commentary's patience remains still before a promised day even with bodily alarm; Habakkuk trembles at the vision yet resolves to wait quietly for the day of distress.	103:3	"[{""line"": 287, ""strength"": ""medium"", ""tradition"": ""tevrat"", ""kind"": ""motif"", ""ref"": ""WLC:Hab.3.16"", ""basis"": ""wait quietly for the day of trouble"", ""note"": ""The commentary's patience remains still before a promised day even with bodily alarm; Habakkuk trembles at the vision yet resolves to wait quietly for the day of distress."", ""turn"": 2, ""model"": ""sol"", ""connection_id"": ""BC-357da89421d7044f85ef""}]"
WLC:Hab.3.17	strong	tevrat	motif	fruit and grain fail	The commentary's patience remains when an expected harvest and wage do not arrive; Habakkuk names fig, vine, olive, field, flock, and herd all failing.	103:3	"[{""line"": 219, ""strength"": ""strong"", ""tradition"": ""tevrat"", ""kind"": ""motif"", ""ref"": ""WLC:Hab.3.17"", ""basis"": ""fruit and grain fail"", ""note"": ""The commentary's patience remains when an expected harvest and wage do not arrive; Habakkuk names fig, vine, olive, field, flock, and herd all failing."", ""turn"": 2, ""model"": ""sol"", ""connection_id"": ""BC-dbebac87270e3cc0597e""}]"
WLC:Hab.3.18	strong	tevrat	motif	joy in God despite failed harvest	The commentary's belief provides refuge when work yields loss; after naming failed crops and herds, Habakkuk says he will still rejoice in the LORD who saves.	103:3	"[{""line"": 220, ""strength"": ""strong"", ""tradition"": ""tevrat"", ""kind"": ""motif"", ""ref"": ""WLC:Hab.3.18"", ""basis"": ""joy in God despite failed harvest"", ""note"": ""The commentary's belief provides refuge when work yields loss; after naming failed crops and herds, Habakkuk says he will still rejoice in the LORD who saves."", ""turn"": 2, ""model"": ""sol"", ""connection_id"": ""BC-6466585b927745fdd37e""}]"
WLC:Hab.3.19	medium	tevrat	motif	secure footing on dangerous heights	The commentary's dependable load animal and mountain stand for not stumbling under pressure; Habakkuk calls God his strength and says he makes his feet like a deer's on the heights.	103:3	"[{""line"": 288, ""strength"": ""medium"", ""tradition"": ""tevrat"", ""kind"": ""motif"", ""ref"": ""WLC:Hab.3.19"", ""basis"": ""secure footing on dangerous heights"", ""note"": ""The commentary's dependable load animal and mountain stand for not stumbling under pressure; Habakkuk calls God his strength and says he makes his feet like a deer's on the heights."", ""turn"": 2, ""model"": ""sol"", ""connection_id"": ""BC-0bc18f1bccd26c4306f8""}]"
WLC:Isa.1.17	medium	tevrat	motif	learn good and defend vulnerable	The commentary defines sound work by whether it benefits another and pays a right; Isaiah tells hearers to learn doing good, seek justice, and defend orphan and widow.	103:3	"[{""line"": 153, ""strength"": ""medium"", ""tradition"": ""tevrat"", ""kind"": ""motif"", ""ref"": ""WLC:Isa.1.17"", ""basis"": ""learn good and defend vulnerable"", ""note"": ""The commentary defines sound work by whether it benefits another and pays a right; Isaiah tells hearers to learn doing good, seek justice, and defend orphan and widow."", ""turn"": 1, ""model"": ""sol"", ""connection_id"": ""BC-3644acb74e98998525d9""}]"
WLC:Isa.26.3	strong	tevrat	motif|soydas	steadfast mind and peace | Arabic ء م ن / Hebrew אמנ; table sound correspondence	The commentary hears belief as security and sabr as staying steady; Isaiah promises peace to the one whose mind remains steadfast because it trusts God. | The commentary describes belief as the end of fear and a settled mind; God keeps in peace a mind held steadfast because it trusts him.	103:3	"[{""line"": 67, ""strength"": ""strong"", ""tradition"": ""tevrat"", ""kind"": ""motif"", ""ref"": ""WLC:Isa.26.3"", ""basis"": ""steadfast mind and peace"", ""note"": ""The commentary hears belief as security and sabr as staying steady; Isaiah promises peace to the one whose mind remains steadfast because it trusts God."", ""turn"": 1, ""model"": ""luna"", ""connection_id"": ""BC-e84bacfd43a4bc298aae""}, {""line"": 10, ""strength"": ""strong"", ""tradition"": ""tevrat"", ""kind"": ""soydas"", ""ref"": ""WLC:Isa.26.3"", ""basis"": ""Arabic ء م ن / Hebrew אמנ; table sound correspondence"", ""note"": ""The commentary describes belief as the end of fear and a settled mind; God keeps in peace a mind held steadfast because it trusts him."", ""turn"": 1, ""model"": ""sol"", ""connection_id"": ""BC-98373867693b826b681e""}]"
WLC:Isa.26.4	strong	tevrat	motif	the everlasting rock	The commentary's hard stone and mountain images make patience a form of firmness; Isaiah calls Israel to trust the Lord as an everlasting rock.	103:3	"[{""line"": 68, ""strength"": ""strong"", ""tradition"": ""tevrat"", ""kind"": ""motif"", ""ref"": ""WLC:Isa.26.4"", ""basis"": ""the everlasting rock"", ""note"": ""The commentary's hard stone and mountain images make patience a form of firmness; Isaiah calls Israel to trust the Lord as an everlasting rock."", ""turn"": 1, ""model"": ""luna"", ""connection_id"": ""BC-112c6fe76c8e02965e5f""}]"
WLC:Isa.28.16	strong	tevrat	soydas	Arabic ء م ن / Hebrew אמנ; table sound correspondence	The commentary hears a settled refusal to panic inside belief; Isaiah says the one who believes in the tested cornerstone will not hurry in alarm, joining trust to patient footing.	103:3	"[{""line"": 186, ""strength"": ""strong"", ""tradition"": ""tevrat"", ""kind"": ""soydas"", ""ref"": ""WLC:Isa.28.16"", ""basis"": ""Arabic ء م ن / Hebrew אמנ; table sound correspondence"", ""note"": ""The commentary hears a settled refusal to panic inside belief; Isaiah says the one who believes in the tested cornerstone will not hurry in alarm, joining trust to patient footing."", ""turn"": 2, ""model"": ""sol"", ""connection_id"": ""BC-1d97b40b0d07fa4c538a""}]"
WLC:Isa.30.15	medium	tevrat	motif	quiet trust as strength	The commentary defines patience as keeping still without losing confidence; Isaiah says salvation lies in returning and rest, strength in quietness and trust, while the addressees refuse.	103:3	"[{""line"": 280, ""strength"": ""medium"", ""tradition"": ""tevrat"", ""kind"": ""motif"", ""ref"": ""WLC:Isa.30.15"", ""basis"": ""quiet trust as strength"", ""note"": ""The commentary defines patience as keeping still without losing confidence; Isaiah says salvation lies in returning and rest, strength in quietness and trust, while the addressees refuse."", ""turn"": 2, ""model"": ""sol"", ""connection_id"": ""BC-b04a1138339a702c25e2""}]"
WLC:Isa.33.22	strong	tevrat	soydas	Arabic ح ق ق / Hebrew חקק; table sound correspondence	The commentary joins what is prescribed to refuge from loss; Isaiah names the LORD judge, lawgiver, king, and savior, using מחוקק for the one setting law.	103:3	"[{""line"": 192, ""strength"": ""strong"", ""tradition"": ""tevrat"", ""kind"": ""soydas"", ""ref"": ""WLC:Isa.33.22"", ""basis"": ""Arabic ح ق ق / Hebrew חקק; table sound correspondence"", ""note"": ""The commentary joins what is prescribed to refuge from loss; Isaiah names the LORD judge, lawgiver, king, and savior, using מחוקק for the one setting law."", ""turn"": 2, ""model"": ""sol"", ""connection_id"": ""BC-9ac93bbba0b4a3c6cbd3""}]"
WLC:Isa.40.31	strong	tevrat	motif	waiting renews strength | trust renews strength on road	The commentary describes sabr as staying firm through weariness; Isaiah says those who wait for the Lord renew their strength and do not grow faint. | The commentary's reliable mount and patient travelers do not collapse on a long road; those waiting for the LORD renew strength and walk without fainting.	103:3	"[{""line"": 66, ""strength"": ""strong"", ""tradition"": ""tevrat"", ""kind"": ""motif"", ""ref"": ""WLC:Isa.40.31"", ""basis"": ""waiting renews strength"", ""note"": ""The commentary describes sabr as staying firm through weariness; Isaiah says those who wait for the Lord renew their strength and do not grow faint."", ""turn"": 1, ""model"": ""luna"", ""connection_id"": ""BC-aeebb286617b5c83c5d2""}, {""line"": 158, ""strength"": ""medium"", ""tradition"": ""tevrat"", ""kind"": ""motif"", ""ref"": ""WLC:Isa.40.31"", ""basis"": ""trust renews strength on road"", ""note"": ""The commentary's reliable mount and patient travelers do not collapse on a long road; those waiting for the LORD renew strength and walk without fainting."", ""turn"": 1, ""model"": ""sol"", ""connection_id"": ""BC-221a547443678526f859""}]"
WLC:Isa.42.3	strong	tevrat	motif	fragile reed spared as justice comes	The commentary's rightful load does not crush one too weak to bear it; the servant does not break a bruised reed or extinguish a faint wick while bringing forth justice faithfully.	103:3	"[{""line"": 209, ""strength"": ""strong"", ""tradition"": ""tevrat"", ""kind"": ""motif"", ""ref"": ""WLC:Isa.42.3"", ""basis"": ""fragile reed spared as justice comes"", ""note"": ""The commentary's rightful load does not crush one too weak to bear it; the servant does not break a bruised reed or extinguish a faint wick while bringing forth justice faithfully."", ""turn"": 2, ""model"": ""sol"", ""connection_id"": ""BC-249dbdf0daa1a2ca1f27""}]"
WLC:Isa.42.4	strong	tevrat	motif	justice established without fainting	The commentary puts endurance after hak because the right must actually arrive; the servant does not grow faint or be crushed until justice is established on earth.	103:3	"[{""line"": 210, ""strength"": ""strong"", ""tradition"": ""tevrat"", ""kind"": ""motif"", ""ref"": ""WLC:Isa.42.4"", ""basis"": ""justice established without fainting"", ""note"": ""The commentary puts endurance after hak because the right must actually arrive; the servant does not grow faint or be crushed until justice is established on earth."", ""turn"": 2, ""model"": ""sol"", ""connection_id"": ""BC-396b169ed705baacd51b""}]"
WLC:Isa.50.4	strong	tevrat	motif	word sustains the weary each morning	The commentary's true advice must hold a companion who weakens and connect one day to the next; the instructed speaker receives a morning-by-morning ear and a word to sustain the weary.	103:3	"[{""line"": 208, ""strength"": ""strong"", ""tradition"": ""tevrat"", ""kind"": ""motif"", ""ref"": ""WLC:Isa.50.4"", ""basis"": ""word sustains the weary each morning"", ""note"": ""The commentary's true advice must hold a companion who weakens and connect one day to the next; the instructed speaker receives a morning-by-morning ear and a word to sustain the weary."", ""turn"": 2, ""model"": ""sol"", ""connection_id"": ""BC-63da13097a53aae1e942""}]"
WLC:Isa.51.7	medium	tevrat	motif	right instruction in heart without fear	The commentary makes belief a refuge for bearers of true speech; God addresses people with his law in their hearts and tells them not to fear human reproach.	103:3	"[{""line"": 281, ""strength"": ""medium"", ""tradition"": ""tevrat"", ""kind"": ""motif"", ""ref"": ""WLC:Isa.51.7"", ""basis"": ""right instruction in heart without fear"", ""note"": ""The commentary makes belief a refuge for bearers of true speech; God addresses people with his law in their hearts and tells them not to fear human reproach."", ""turn"": 2, ""model"": ""sol"", ""connection_id"": ""BC-a828790bdb063d81a419""}]"
WLC:Isa.55.10	strong	tevrat	motif	rain gives seed and bread | rain nourishes earth and seed	The commentary's joined plants follow a rain-bearing cloud; Isaiah says rain and snow water the earth, making it sprout and provide seed and food. | The commentary develops a cloud whose rain turns separate sprouts into abundant food; Isaiah compares rain and snow watering earth so it sprouts and gives seed and bread.	103:3	"[{""line"": 62, ""strength"": ""strong"", ""tradition"": ""tevrat"", ""kind"": ""motif"", ""ref"": ""WLC:Isa.55.10"", ""basis"": ""rain gives seed and bread"", ""note"": ""The commentary's joined plants follow a rain-bearing cloud; Isaiah says rain and snow water the earth, making it sprout and provide seed and food."", ""turn"": 1, ""model"": ""luna"", ""connection_id"": ""BC-4c11213596ce16591dbd""}, {""line"": 154, ""strength"": ""medium"", ""tradition"": ""tevrat"", ""kind"": ""motif"", ""ref"": ""WLC:Isa.55.10"", ""basis"": ""rain nourishes earth and seed"", ""note"": ""The commentary develops a cloud whose rain turns separate sprouts into abundant food; Isaiah compares rain and snow watering earth so it sprouts and gives seed and bread."", ""turn"": 1, ""model"": ""sol"", ""connection_id"": ""BC-60cc0773e041a818742f""}]"
WLC:Isa.55.11	strong	tevrat	motif	word accomplishes its work | word accomplishes its purpose	The commentary treats advice as a word passed on for people to act upon; Isaiah says God's word goes out and accomplishes the purpose for which it was sent. | The commentary's will is speech given to another for an act, not a light suggestion; Isaiah says God's word goes out and accomplishes the purpose for which it was sent.	103:3	"[{""line"": 63, ""strength"": ""strong"", ""tradition"": ""tevrat"", ""kind"": ""motif"", ""ref"": ""WLC:Isa.55.11"", ""basis"": ""word accomplishes its work"", ""note"": ""The commentary treats advice as a word passed on for people to act upon; Isaiah says God's word goes out and accomplishes the purpose for which it was sent."", ""turn"": 1, ""model"": ""luna"", ""connection_id"": ""BC-df0943a86e7e9578ab12""}, {""line"": 155, ""strength"": ""medium"", ""tradition"": ""tevrat"", ""kind"": ""motif"", ""ref"": ""WLC:Isa.55.11"", ""basis"": ""word accomplishes its purpose"", ""note"": ""The commentary's will is speech given to another for an act, not a light suggestion; Isaiah says God's word goes out and accomplishes the purpose for which it was sent."", ""turn"": 1, ""model"": ""sol"", ""connection_id"": ""BC-7ebd5dcd63758d5b3d1c""}]"
WLC:Isa.58.11	strong	tevrat	motif	watered garden in parched places	The commentary's rain-fed joined growth represents lives that sustain one another; after acts of justice, the LORD promises to guide and make the people like an unfailing watered garden.	103:3	"[{""line"": 33, ""strength"": ""strong"", ""tradition"": ""tevrat"", ""kind"": ""motif"", ""ref"": ""WLC:Isa.58.11"", ""basis"": ""watered garden in parched places"", ""note"": ""The commentary's rain-fed joined growth represents lives that sustain one another; after acts of justice, the LORD promises to guide and make the people like an unfailing watered garden."", ""turn"": 1, ""model"": ""sol"", ""connection_id"": ""BC-7bde9dc2f62a3ba453db""}]"
WLC:Isa.58.12	medium	tevrat	motif	repair breach and restore paths	The commentary's sound works mend rather than leave torn connections; after the fasting passage, Isaiah calls the faithful repairers of breaches and restorers of paths to dwell in.	103:3	"[{""line"": 103, ""strength"": ""medium"", ""tradition"": ""tevrat"", ""kind"": ""motif"", ""ref"": ""WLC:Isa.58.12"", ""basis"": ""repair breach and restore paths"", ""note"": ""The commentary's sound works mend rather than leave torn connections; after the fasting passage, Isaiah calls the faithful repairers of breaches and restorers of paths to dwell in."", ""turn"": 1, ""model"": ""sol"", ""connection_id"": ""BC-80294646500197ac1d84""}]"
WLC:Isa.58.6	strong	tevrat	motif	fast releases another's yoke	The commentary calls fasting one form of self-restraint but makes patience an aid to others; Isaiah's chosen fast loosens wicked bonds and lets the oppressed go free.	103:3	"[{""line"": 218, ""strength"": ""strong"", ""tradition"": ""tevrat"", ""kind"": ""motif"", ""ref"": ""WLC:Isa.58.6"", ""basis"": ""fast releases another's yoke"", ""note"": ""The commentary calls fasting one form of self-restraint but makes patience an aid to others; Isaiah's chosen fast loosens wicked bonds and lets the oppressed go free."", ""turn"": 2, ""model"": ""sol"", ""connection_id"": ""BC-2b5bd9556f8054a33e1c""}]"
WLC:Isa.58.7	strong	tevrat	motif	share bread and shelter poor	The commentary's joined pasture lets one person feed another and tests goodness in practice; Isaiah's chosen fast requires sharing bread and bringing the homeless into one's house.	103:3	"[{""line"": 32, ""strength"": ""strong"", ""tradition"": ""tevrat"", ""kind"": ""motif"", ""ref"": ""WLC:Isa.58.7"", ""basis"": ""share bread and shelter poor"", ""note"": ""The commentary's joined pasture lets one person feed another and tests goodness in practice; Isaiah's chosen fast requires sharing bread and bringing the homeless into one's house."", ""turn"": 1, ""model"": ""sol"", ""connection_id"": ""BC-84c1fb940efef6b437fd""}]"
WLC:Isa.59.6	strong	tevrat	karsi_anlati	spider webs cannot clothe	The commentary's tightly woven cloth figures sound work; Isaiah says violent people's webs cannot become clothing and their works are works of wrongdoing.	103:3	"[{""line"": 50, ""strength"": ""strong"", ""tradition"": ""tevrat"", ""kind"": ""karsi_anlati"", ""ref"": ""WLC:Isa.59.6"", ""basis"": ""spider webs cannot clothe"", ""note"": ""The commentary's tightly woven cloth figures sound work; Isaiah says violent people's webs cannot become clothing and their works are works of wrongdoing."", ""turn"": 1, ""model"": ""sol"", ""connection_id"": ""BC-859d9c6499a49a3eddf5""}]"
WLC:Isa.7.9	strong	tevrat	motif|soydas	believe and stand firm | אמנ; table sound correspondence, unverified | Arabic ء م ن / Hebrew אמנ; table sound correspondence	The commentary hears iman as becoming secure; Isaiah's warning plays belief against being established, making trust a condition of standing firm. | The commentary links belief with becoming secure; Isaiah plays he'aminu against te'amenu, believe against being established, but the table marks the root match as unverified. | The commentary joins belief to standing securely; Isaiah warns that those who do not believe will not be established, playing on two forms of אמנ.	103:3	"[{""line"": 81, ""strength"": ""medium"", ""tradition"": ""tevrat"", ""kind"": ""motif"", ""ref"": ""WLC:Isa.7.9"", ""basis"": ""believe and stand firm"", ""note"": ""The commentary hears iman as becoming secure; Isaiah's warning plays belief against being established, making trust a condition of standing firm."", ""turn"": 1, ""model"": ""luna"", ""connection_id"": ""BC-0a1fa3670a7abf0369c1""}, {""line"": 128, ""strength"": ""weak"", ""tradition"": ""tevrat"", ""kind"": ""soydas"", ""ref"": ""WLC:Isa.7.9"", ""basis"": ""אמנ; table sound correspondence, unverified"", ""note"": ""The commentary links belief with becoming secure; Isaiah plays he'aminu against te'amenu, believe against being established, but the table marks the root match as unverified."", ""turn"": 1, ""model"": ""luna"", ""connection_id"": ""BC-318d3f8a2d4c39a0425f""}, {""line"": 9, ""strength"": ""strong"", ""tradition"": ""tevrat"", ""kind"": ""soydas"", ""ref"": ""WLC:Isa.7.9"", ""basis"": ""Arabic ء م ن / Hebrew אמנ; table sound correspondence"", ""note"": ""The commentary joins belief to standing securely; Isaiah warns that those who do not believe will not be established, playing on two forms of אמנ."", ""turn"": 1, ""model"": ""sol"", ""connection_id"": ""BC-9d047c91b8f68f5f4bf8""}]"
WLC:Jer.17.10	medium	tevrat	motif	heart examined and work repaid	The commentary makes belief an inward trust expressed through deeds; God says he searches the heart and gives each person according to conduct and the fruit of deeds.	103:3	"[{""line"": 96, ""strength"": ""medium"", ""tradition"": ""tevrat"", ""kind"": ""motif"", ""ref"": ""WLC:Jer.17.10"", ""basis"": ""heart examined and work repaid"", ""note"": ""The commentary makes belief an inward trust expressed through deeds; God says he searches the heart and gives each person according to conduct and the fruit of deeds."", ""turn"": 1, ""model"": ""sol"", ""connection_id"": ""BC-d39ee9d97387955202d5""}]"
WLC:Jer.17.7	strong	tevrat	motif	trust in the Lord | trust as the source of blessing	The commentary hears belief as entrusting oneself to safety; Jeremiah blesses the person whose trust is the Lord. | The commentary calls belief entry into a secure state before the hard road; Jeremiah blesses the person who trusts the LORD and makes him the object of trust.	103:3	"[{""line"": 60, ""strength"": ""strong"", ""tradition"": ""tevrat"", ""kind"": ""motif"", ""ref"": ""WLC:Jer.17.7"", ""basis"": ""trust in the Lord"", ""note"": ""The commentary hears belief as entrusting oneself to safety; Jeremiah blesses the person whose trust is the Lord."", ""turn"": 1, ""model"": ""luna"", ""connection_id"": ""BC-157b5d9d132770033a8d""}, {""line"": 195, ""strength"": ""strong"", ""tradition"": ""tevrat"", ""kind"": ""motif"", ""ref"": ""WLC:Jer.17.7"", ""basis"": ""trust as the source of blessing"", ""note"": ""The commentary calls belief entry into a secure state before the hard road; Jeremiah blesses the person who trusts the LORD and makes him the object of trust."", ""turn"": 2, ""model"": ""sol"", ""connection_id"": ""BC-f737ec0f4751ab72caf0""}]"
WLC:Jer.17.8	strong	tevrat	motif	tree bearing fruit in drought | tree survives heat and drought	The commentary joins linked greenery to patient endurance; Jeremiah's trusting person is a tree by water that stays green in heat and keeps bearing fruit in drought. | The commentary's sound vegetation stays green instead of becoming windblown chaff; Jeremiah's trusting person is a tree by water whose leaves stay green and whose fruit does not cease in drought.	103:3	"[{""line"": 61, ""strength"": ""strong"", ""tradition"": ""tevrat"", ""kind"": ""motif"", ""ref"": ""WLC:Jer.17.8"", ""basis"": ""tree bearing fruit in drought"", ""note"": ""The commentary joins linked greenery to patient endurance; Jeremiah's trusting person is a tree by water that stays green in heat and keeps bearing fruit in drought."", ""turn"": 1, ""model"": ""luna"", ""connection_id"": ""BC-bd6af8a16264d780e40e""}, {""line"": 196, ""strength"": ""strong"", ""tradition"": ""tevrat"", ""kind"": ""motif"", ""ref"": ""WLC:Jer.17.8"", ""basis"": ""tree survives heat and drought"", ""note"": ""The commentary's sound vegetation stays green instead of becoming windblown chaff; Jeremiah's trusting person is a tree by water whose leaves stay green and whose fruit does not cease in drought."", ""turn"": 2, ""model"": ""sol"", ""connection_id"": ""BC-1ec7bf603d9b9f2501d5""}]"
WLC:Jer.6.14	medium	tevrat	motif	false reassurance of peace	The commentary warns that advice without hak can keep people in the wrong course; Jeremiah condemns leaders who lightly heal a deep wound by saying peace when there is none.	103:3	"[{""line"": 169, ""strength"": ""medium"", ""tradition"": ""tevrat"", ""kind"": ""motif"", ""ref"": ""WLC:Jer.6.14"", ""basis"": ""false reassurance of peace"", ""note"": ""The commentary warns that advice without hak can keep people in the wrong course; Jeremiah condemns leaders who lightly heal a deep wound by saying peace when there is none."", ""turn"": 1, ""model"": ""sol"", ""connection_id"": ""BC-c485a83aec34db7df6cc""}]"
WLC:Job.19.23	medium	tevrat	soydas	Arabic ح ق ق / Hebrew חקק; table sound correspondence	The commentary's hak also means an obligation fixed in a transmissible word; Job wishes his words were written and inscribed, ויחקו, giving a durable witness to his case.	103:3	"[{""line"": 91, ""strength"": ""medium"", ""tradition"": ""tevrat"", ""kind"": ""soydas"", ""ref"": ""WLC:Job.19.23"", ""basis"": ""Arabic ح ق ق / Hebrew חקק; table sound correspondence"", ""note"": ""The commentary's hak also means an obligation fixed in a transmissible word; Job wishes his words were written and inscribed, ויחקו, giving a durable witness to his case."", ""turn"": 1, ""model"": ""sol"", ""connection_id"": ""BC-00ccbdc3b0d2dda32887""}]"
WLC:Job.2.10	medium	tevrat	motif	receive adversity without sinful speech	The commentary defines patience as restraining the inner cry under an inescapable blow; Job rebukes his wife for accepting good but rejecting adversity from God and does not sin with his lips.	103:3	"[{""line"": 286, ""strength"": ""medium"", ""tradition"": ""tevrat"", ""kind"": ""motif"", ""ref"": ""WLC:Job.2.10"", ""basis"": ""receive adversity without sinful speech"", ""note"": ""The commentary defines patience as restraining the inner cry under an inescapable blow; Job rebukes his wife for accepting good but rejecting adversity from God and does not sin with his lips."", ""turn"": 2, ""model"": ""sol"", ""connection_id"": ""BC-1154f176f31935dbad82""}]"
WLC:Job.27.16	medium	tevrat	motif|soydas	heaped silver and clothing | צבר; table sound correspondence, unverified | Arabic ص ب ر / Hebrew צבר; table sound correspondence	The commentary recalls a heap of goods taken without weighing; Job says the wicked may pile up silver and clothing, echoing the material heap image without making it patience. | The commentary explicitly recalls ṣabra as an unmeasured heap of goods; Job uses Hebrew ṣbr for piling silver, a specific heap image, not a claim that Hebrew ṣbr means patience. | The commentary juxtaposes heaped goods and their eventual accounting; Job says the wicked may heap silver like dust, an image of amassed goods whose quantity alone says nothing about their worth.	103:3	"[{""line"": 96, ""strength"": ""medium"", ""tradition"": ""tevrat"", ""kind"": ""motif"", ""ref"": ""WLC:Job.27.16"", ""basis"": ""heaped silver and clothing"", ""note"": ""The commentary recalls a heap of goods taken without weighing; Job says the wicked may pile up silver and clothing, echoing the material heap image without making it patience."", ""turn"": 1, ""model"": ""luna"", ""connection_id"": ""BC-0a5a4894306d96d0a2b1""}, {""line"": 135, ""strength"": ""weak"", ""tradition"": ""tevrat"", ""kind"": ""soydas"", ""ref"": ""WLC:Job.27.16"", ""basis"": ""צבר; table sound correspondence, unverified"", ""note"": ""The commentary explicitly recalls ṣabra as an unmeasured heap of goods; Job uses Hebrew ṣbr for piling silver, a specific heap image, not a claim that Hebrew ṣbr means patience."", ""turn"": 1, ""model"": ""luna"", ""connection_id"": ""BC-3823c2068cb30b1be613""}, {""line"": 166, ""strength"": ""medium"", ""tradition"": ""tevrat"", ""kind"": ""soydas"", ""ref"": ""WLC:Job.27.16"", ""basis"": ""Arabic ص ب ر / Hebrew צבר; table sound correspondence"", ""note"": ""The commentary juxtaposes heaped goods and their eventual accounting; Job says the wicked may heap silver like dust, an image of amassed goods whose quantity alone says nothing about their worth."", ""turn"": 1, ""model"": ""sol"", ""connection_id"": ""BC-89cdd15fe4da8c248314""}]"
WLC:Job.8.14	strong	tevrat	karsi_anlati	trust like spider web	The commentary contrasts sound, tightly woven work with a spider's fragile house; Bildad likens the godless person's confidence to a spider's web, testing what can hold weight.	103:3	"[{""line"": 49, ""strength"": ""strong"", ""tradition"": ""tevrat"", ""kind"": ""karsi_anlati"", ""ref"": ""WLC:Job.8.14"", ""basis"": ""trust like spider web"", ""note"": ""The commentary contrasts sound, tightly woven work with a spider's fragile house; Bildad likens the godless person's confidence to a spider's web, testing what can hold weight."", ""turn"": 1, ""model"": ""sol"", ""connection_id"": ""BC-050bf2bf15da56ebab21""}]"
WLC:Job.8.15	medium	tevrat	motif	house cannot stand under weight	The commentary's sound construction is proved by whether it supports the one leaning on it; Bildad says the godless person leans on his house but it will not stand.	103:3	"[{""line"": 159, ""strength"": ""medium"", ""tradition"": ""tevrat"", ""kind"": ""motif"", ""ref"": ""WLC:Job.8.15"", ""basis"": ""house cannot stand under weight"", ""note"": ""The commentary's sound construction is proved by whether it supports the one leaning on it; Bildad says the godless person leans on his house but it will not stand."", ""turn"": 1, ""model"": ""sol"", ""connection_id"": ""BC-3c020a0196e7f933fff0""}]"
WLC:Josh.1.8	strong	tevrat	soydas	Arabic ص ل ح / Hebrew צלח; table sound correspondence	The commentary insists that work must fit the right path; Joshua is to recite the teaching and do all written in it so that his way prospers.	103:3	"[{""line"": 13, ""strength"": ""strong"", ""tradition"": ""tevrat"", ""kind"": ""soydas"", ""ref"": ""WLC:Josh.1.8"", ""basis"": ""Arabic ص ل ح / Hebrew צלח; table sound correspondence"", ""note"": ""The commentary insists that work must fit the right path; Joshua is to recite the teaching and do all written in it so that his way prospers."", ""turn"": 1, ""model"": ""sol"", ""connection_id"": ""BC-b1e501adb754c655e696""}]"
WLC:Lam.3.25	strong	tevrat	motif	the Lord is good to those who wait	The commentary interprets patience as remaining in place until the appointed time; Lamentations calls the Lord good to those who wait for him.	103:3	"[{""line"": 64, ""strength"": ""strong"", ""tradition"": ""tevrat"", ""kind"": ""motif"", ""ref"": ""WLC:Lam.3.25"", ""basis"": ""the Lord is good to those who wait"", ""note"": ""The commentary interprets patience as remaining in place until the appointed time; Lamentations calls the Lord good to those who wait for him."", ""turn"": 1, ""model"": ""luna"", ""connection_id"": ""BC-de1591d74f3984330cc9""}]"
WLC:Lam.3.26	strong	tevrat	motif	wait quietly for salvation	The commentary contrasts sabr with panicked outcry; Lamentations says it is good to wait quietly for the Lord's salvation.	103:3	"[{""line"": 65, ""strength"": ""strong"", ""tradition"": ""tevrat"", ""kind"": ""motif"", ""ref"": ""WLC:Lam.3.26"", ""basis"": ""wait quietly for salvation"", ""note"": ""The commentary contrasts sabr with panicked outcry; Lamentations says it is good to wait quietly for the Lord's salvation."", ""turn"": 1, ""model"": ""luna"", ""connection_id"": ""BC-4d48a2cc721a63205398""}]"
WLC:Lev.19.13	medium	tevrat	motif	wage due before morning	The commentary's hak includes what the worker is owed when work ends; Leviticus forbids keeping a hired worker's wages overnight.	103:3	"[{""line"": 108, ""strength"": ""medium"", ""tradition"": ""tevrat"", ""kind"": ""motif"", ""ref"": ""WLC:Lev.19.13"", ""basis"": ""wage due before morning"", ""note"": ""The commentary's hak includes what the worker is owed when work ends; Leviticus forbids keeping a hired worker's wages overnight."", ""turn"": 1, ""model"": ""sol"", ""connection_id"": ""BC-474736e7762fc7ab8fa7""}]"
WLC:Lev.19.17	strong	tevrat	motif	rebuke a neighbor | reprove neighbor rather than bear sin	The ayah's repeated reciprocal counsel is concrete here: Israel must reprove a neighbor openly rather than harbor hatred, making correction a duty owed to another. | The commentary makes truth a word responsibly handed to another; Leviticus requires open reproof of a neighbor instead of silently sharing the neighbor's sin.	103:3	"[{""line"": 2, ""strength"": ""strong"", ""tradition"": ""tevrat"", ""kind"": ""motif"", ""ref"": ""WLC:Lev.19.17"", ""basis"": ""rebuke a neighbor"", ""note"": ""The ayah's repeated reciprocal counsel is concrete here: Israel must reprove a neighbor openly rather than harbor hatred, making correction a duty owed to another."", ""turn"": 1, ""model"": ""luna"", ""connection_id"": ""BC-aa37e7c1a63db664be7e""}, {""line"": 29, ""strength"": ""strong"", ""tradition"": ""tevrat"", ""kind"": ""motif"", ""ref"": ""WLC:Lev.19.17"", ""basis"": ""reprove neighbor rather than bear sin"", ""note"": ""The commentary makes truth a word responsibly handed to another; Leviticus requires open reproof of a neighbor instead of silently sharing the neighbor's sin."", ""turn"": 1, ""model"": ""sol"", ""connection_id"": ""BC-68f4d97ff09479d4c837""}]"
WLC:Lev.19.18	medium	tevrat	motif	love your neighbor	The commentary makes counsel and the other's due part of a shared life; Leviticus closes its instructions on honest dealing by commanding love of one's neighbor.	103:3	"[{""line"": 85, ""strength"": ""medium"", ""tradition"": ""tevrat"", ""kind"": ""motif"", ""ref"": ""WLC:Lev.19.18"", ""basis"": ""love your neighbor"", ""note"": ""The commentary makes counsel and the other's due part of a shared life; Leviticus closes its instructions on honest dealing by commanding love of one's neighbor."", ""turn"": 1, ""model"": ""luna"", ""connection_id"": ""BC-62dcfa1da12193da1b92""}]"
WLC:Mal.3.16	strong	tevrat	motif	those fearing God speak together	The commentary distinguishes solitary belief from reciprocal speech; those fearing the LORD speak with one another, and a record is written before God for them.	103:3	"[{""line"": 31, ""strength"": ""strong"", ""tradition"": ""tevrat"", ""kind"": ""motif"", ""ref"": ""WLC:Mal.3.16"", ""basis"": ""those fearing God speak together"", ""note"": ""The commentary distinguishes solitary belief from reciprocal speech; those fearing the LORD speak with one another, and a record is written before God for them."", ""turn"": 1, ""model"": ""sol"", ""connection_id"": ""BC-0728b02c5703a4c2ff76""}]"
WLC:Mal.3.17	strong	tevrat	motif	those who spoke become treasured on the day	The commentary's mutual truthful speech survives until each person's due day; after the God-fearers speak together, the LORD promises to make them his treasured possession on the appointed day.	103:3	"[{""line"": 211, ""strength"": ""strong"", ""tradition"": ""tevrat"", ""kind"": ""motif"", ""ref"": ""WLC:Mal.3.17"", ""basis"": ""those who spoke become treasured on the day"", ""note"": ""The commentary's mutual truthful speech survives until each person's due day; after the God-fearers speak together, the LORD promises to make them his treasured possession on the appointed day."", ""turn"": 2, ""model"": ""sol"", ""connection_id"": ""BC-18b8277ba1f71e58558e""}]"
WLC:Mal.3.18	strong	tevrat	motif	day distinguishes righteous work	The commentary's final reckoning exposes who actually belongs to the exception; Malachi promises a renewed distinction between righteous and wicked, one serving God and one not.	103:3	"[{""line"": 212, ""strength"": ""strong"", ""tradition"": ""tevrat"", ""kind"": ""motif"", ""ref"": ""WLC:Mal.3.18"", ""basis"": ""day distinguishes righteous work"", ""note"": ""The commentary's final reckoning exposes who actually belongs to the exception; Malachi promises a renewed distinction between righteous and wicked, one serving God and one not."", ""turn"": 2, ""model"": ""sol"", ""connection_id"": ""BC-b3282cfa5eb85dd2e851""}]"
WLC:Mic.6.8	strong	tevrat	motif	do justice, love kindness | do justice, love kindness, walk humbly	The commentary makes righteous action more than a label; Micah names the life God requires as doing justice, loving kindness, and walking humbly. | The commentary's four actions require right done in daily conduct; Micah tells the hearer what good the LORD requires in justice, loyalty, and humble walking.	103:3	"[{""line"": 58, ""strength"": ""strong"", ""tradition"": ""tevrat"", ""kind"": ""motif"", ""ref"": ""WLC:Mic.6.8"", ""basis"": ""do justice, love kindness"", ""note"": ""The commentary makes righteous action more than a label; Micah names the life God requires as doing justice, loving kindness, and walking humbly."", ""turn"": 1, ""model"": ""luna"", ""connection_id"": ""BC-0448b900e8fa37c24c7e""}, {""line"": 99, ""strength"": ""medium"", ""tradition"": ""tevrat"", ""kind"": ""motif"", ""ref"": ""WLC:Mic.6.8"", ""basis"": ""do justice, love kindness, walk humbly"", ""note"": ""The commentary's four actions require right done in daily conduct; Micah tells the hearer what good the LORD requires in justice, loyalty, and humble walking."", ""turn"": 1, ""model"": ""sol"", ""connection_id"": ""BC-38cb4beb8fdc617388f4""}]"
WLC:Num.11.17	strong	tevrat	motif	elders bear burden with Moses	The commentary's reciprocal patience shares what one cannot carry alone; God puts the spirit on elders so they bear the people with Moses.	103:3	"[{""line"": 26, ""strength"": ""strong"", ""tradition"": ""tevrat"", ""kind"": ""motif"", ""ref"": ""WLC:Num.11.17"", ""basis"": ""elders bear burden with Moses"", ""note"": ""The commentary's reciprocal patience shares what one cannot carry alone; God puts the spirit on elders so they bear the people with Moses."", ""turn"": 1, ""model"": ""sol"", ""connection_id"": ""BC-e761c2c67272e8b1894b""}]"
WLC:Prov.11.1	strong	tevrat	motif	fair weights | false balance condemned	The commentary names short measure and haqq as a due share; Proverbs condemns false balances and approves an honest weight. | The commentary's market loss includes short measure while hak names another's due; Proverbs calls a deceitful balance abhorrent and an accurate weight pleasing.	103:3	"[{""line"": 56, ""strength"": ""strong"", ""tradition"": ""tevrat"", ""kind"": ""motif"", ""ref"": ""WLC:Prov.11.1"", ""basis"": ""fair weights"", ""note"": ""The commentary names short measure and haqq as a due share; Proverbs condemns false balances and approves an honest weight."", ""turn"": 1, ""model"": ""luna"", ""connection_id"": ""BC-794fc1de7aefd1fc9cc0""}, {""line"": 51, ""strength"": ""strong"", ""tradition"": ""tevrat"", ""kind"": ""motif"", ""ref"": ""WLC:Prov.11.1"", ""basis"": ""false balance condemned"", ""note"": ""The commentary's market loss includes short measure while hak names another's due; Proverbs calls a deceitful balance abhorrent and an accurate weight pleasing."", ""turn"": 1, ""model"": ""sol"", ""connection_id"": ""BC-dc9e08fc6bf53c0ab10a""}]"
WLC:Prov.11.15	medium	tevrat	motif	surety for stranger brings harm	The commentary's sabır can mean standing guarantor for another's debt; Proverbs warns that pledging oneself for a stranger brings suffering, providing a limit to that secondary image.	103:3	"[{""line"": 285, ""strength"": ""medium"", ""tradition"": ""tevrat"", ""kind"": ""motif"", ""ref"": ""WLC:Prov.11.15"", ""basis"": ""surety for stranger brings harm"", ""note"": ""The commentary's sabır can mean standing guarantor for another's debt; Proverbs warns that pledging oneself for a stranger brings suffering, providing a limit to that secondary image."", ""turn"": 2, ""model"": ""sol"", ""connection_id"": ""BC-bd3fcd86cdcbd3e2936e""}]"
WLC:Prov.11.24	medium	tevrat	soydas	Arabic خ س ر / Hebrew חסר; table sound correspondence	The commentary links commercial loss with giving others their due; Proverbs contrasts one who scatters and increases with one who withholds what is right and comes to want, מחסור.	103:3	"[{""line"": 88, ""strength"": ""medium"", ""tradition"": ""tevrat"", ""kind"": ""soydas"", ""ref"": ""WLC:Prov.11.24"", ""basis"": ""Arabic خ س ر / Hebrew חסר; table sound correspondence"", ""note"": ""The commentary links commercial loss with giving others their due; Proverbs contrasts one who scatters and increases with one who withholds what is right and comes to want, מחסור."", ""turn"": 1, ""model"": ""sol"", ""connection_id"": ""BC-9b19a9bbe9662fba18a3""}]"
WLC:Prov.14.5	medium	tevrat	motif	faithful witness refuses lying	The commentary connects trustworthy belief, truth, and a word handed on; Proverbs contrasts the faithful witness who does not lie with the false witness who breathes lies.	103:3	"[{""line"": 106, ""strength"": ""medium"", ""tradition"": ""tevrat"", ""kind"": ""motif"", ""ref"": ""WLC:Prov.14.5"", ""basis"": ""faithful witness refuses lying"", ""note"": ""The commentary connects trustworthy belief, truth, and a word handed on; Proverbs contrasts the faithful witness who does not lie with the false witness who breathes lies."", ""turn"": 1, ""model"": ""sol"", ""connection_id"": ""BC-8115a917273f736cfaba""}]"
WLC:Prov.15.1	medium	tevrat	motif	a soft answer turns away anger | gentle answer turns wrath away	The commentary imagines truthful counsel replacing dispute; Proverbs says a gentle answer turns away wrath, showing how speech can interrupt conflict. | The commentary turns a contentious claim of right into speech that can repair relation; Proverbs says a gentle response turns away anger while a harsh word stirs it.	103:3	"[{""line"": 158, ""strength"": ""medium"", ""tradition"": ""tevrat"", ""kind"": ""motif"", ""ref"": ""WLC:Prov.15.1"", ""basis"": ""a soft answer turns away anger"", ""note"": ""The commentary imagines truthful counsel replacing dispute; Proverbs says a gentle answer turns away wrath, showing how speech can interrupt conflict."", ""turn"": 2, ""model"": ""luna"", ""connection_id"": ""BC-27c48249875b774bea51""}, {""line"": 104, ""strength"": ""medium"", ""tradition"": ""tevrat"", ""kind"": ""motif"", ""ref"": ""WLC:Prov.15.1"", ""basis"": ""gentle answer turns wrath away"", ""note"": ""The commentary turns a contentious claim of right into speech that can repair relation; Proverbs says a gentle response turns away anger while a harsh word stirs it."", ""turn"": 1, ""model"": ""sol"", ""connection_id"": ""BC-3d997a7688bff687015a""}]"
WLC:Prov.16.26	medium	tevrat	soydas	Arabic ع م ل / Hebrew עמל; table sound correspondence	The commentary connects work to a body's practical need and its wage; Proverbs says the laborer's appetite labors for him because his mouth presses him on.	103:3	"[{""line"": 92, ""strength"": ""medium"", ""tradition"": ""tevrat"", ""kind"": ""soydas"", ""ref"": ""WLC:Prov.16.26"", ""basis"": ""Arabic ع م ل / Hebrew עמל; table sound correspondence"", ""note"": ""The commentary connects work to a body's practical need and its wage; Proverbs says the laborer's appetite labors for him because his mouth presses him on."", ""turn"": 1, ""model"": ""sol"", ""connection_id"": ""BC-55bc835ac27ca306864a""}]"
WLC:Prov.16.32	strong	tevrat	motif	rule one's spirit rather than conquer	The commentary's sabır is active self-restraint, and its spear image risks turning truth into force; Proverbs says one slow to anger and ruling his spirit exceeds a mighty city conqueror.	103:3	"[{""line"": 204, ""strength"": ""strong"", ""tradition"": ""tevrat"", ""kind"": ""motif"", ""ref"": ""WLC:Prov.16.32"", ""basis"": ""rule one's spirit rather than conquer"", ""note"": ""The commentary's sabır is active self-restraint, and its spear image risks turning truth into force; Proverbs says one slow to anger and ruling his spirit exceeds a mighty city conqueror."", ""turn"": 2, ""model"": ""sol"", ""connection_id"": ""BC-ac93af0eacdfc92c0d33""}]"
WLC:Prov.17.17	medium	tevrat	motif	friend present in adversity	The commentary's sabır as guarantor stands with another in hard affairs; Proverbs says a friend loves at all times and a brother is born for adversity.	103:3	"[{""line"": 161, ""strength"": ""medium"", ""tradition"": ""tevrat"", ""kind"": ""motif"", ""ref"": ""WLC:Prov.17.17"", ""basis"": ""friend present in adversity"", ""note"": ""The commentary's sabır as guarantor stands with another in hard affairs; Proverbs says a friend loves at all times and a brother is born for adversity."", ""turn"": 1, ""model"": ""sol"", ""connection_id"": ""BC-223bd2b201e65b3e75ae""}]"
WLC:Prov.19.17	strong	tevrat	motif	giving to poor as loan repaid	The commentary joins debt, benefit to another, and eventual recompense; Proverbs calls kindness to the poor a loan to the LORD that he will repay.	103:3	"[{""line"": 203, ""strength"": ""strong"", ""tradition"": ""tevrat"", ""kind"": ""motif"", ""ref"": ""WLC:Prov.19.17"", ""basis"": ""giving to poor as loan repaid"", ""note"": ""The commentary joins debt, benefit to another, and eventual recompense; Proverbs calls kindness to the poor a loan to the LORD that he will repay."", ""turn"": 2, ""model"": ""sol"", ""connection_id"": ""BC-566a6911fba294f31d5e""}]"
WLC:Prov.20.10	medium	tevrat	motif	dishonest weights and measures	The commentary's loss includes reducing what the other party receives; Proverbs condemns differing weights and differing measures alike.	103:3	"[{""line"": 109, ""strength"": ""medium"", ""tradition"": ""tevrat"", ""kind"": ""motif"", ""ref"": ""WLC:Prov.20.10"", ""basis"": ""dishonest weights and measures"", ""note"": ""The commentary's loss includes reducing what the other party receives; Proverbs condemns differing weights and differing measures alike."", ""turn"": 1, ""model"": ""sol"", ""connection_id"": ""BC-43e8a2cea9515a31a5cc""}]"
WLC:Prov.24.12	medium	tevrat	motif	repayment according to deeds	The commentary's final day measures the act rather than self-description; Proverbs says the one who weighs hearts knows evasions and repays each according to work.	103:3	"[{""line"": 95, ""strength"": ""medium"", ""tradition"": ""tevrat"", ""kind"": ""motif"", ""ref"": ""WLC:Prov.24.12"", ""basis"": ""repayment according to deeds"", ""note"": ""The commentary's final day measures the act rather than self-description; Proverbs says the one who weighs hearts knows evasions and repays each according to work."", ""turn"": 1, ""model"": ""sol"", ""connection_id"": ""BC-096a8e9673933d7ddf54""}]"
WLC:Prov.25.14	strong	tevrat	motif	clouds and wind without rain	The commentary's cloud must nourish connected vegetation; the person who boasts of a gift never given is likened to wind and clouds without rain.	103:3	"[{""line"": 34, ""strength"": ""strong"", ""tradition"": ""tevrat"", ""kind"": ""motif"", ""ref"": ""WLC:Prov.25.14"", ""basis"": ""clouds and wind without rain"", ""note"": ""The commentary's cloud must nourish connected vegetation; the person who boasts of a gift never given is likened to wind and clouds without rain."", ""turn"": 1, ""model"": ""sol"", ""connection_id"": ""BC-f183b30dd3f482d26859""}]"
WLC:Prov.25.15	strong	tevrat	motif	patience and soft speech persuade	The commentary turns disputed hak into counsel that does not break the neighbor; Proverbs says patience can persuade a ruler and a soft tongue can break bone.	103:3	"[{""line"": 207, ""strength"": ""strong"", ""tradition"": ""tevrat"", ""kind"": ""motif"", ""ref"": ""WLC:Prov.25.15"", ""basis"": ""patience and soft speech persuade"", ""note"": ""The commentary turns disputed hak into counsel that does not break the neighbor; Proverbs says patience can persuade a ruler and a soft tongue can break bone."", ""turn"": 2, ""model"": ""sol"", ""connection_id"": ""BC-7188ef83cb5a16fa0608""}]"
WLC:Prov.25.21	medium	tevrat	motif	feed a hungry enemy | feed hungry enemy	The commentary says good conduct can turn an enemy into a friend; Proverbs instructs the reader to feed an enemy who is hungry. | The commentary's most difficult patience turns antagonism toward friendship; Proverbs instructs feeding and giving water to an enemy rather than returning injury.	103:3	"[{""line"": 159, ""strength"": ""medium"", ""tradition"": ""tevrat"", ""kind"": ""motif"", ""ref"": ""WLC:Prov.25.21"", ""basis"": ""feed a hungry enemy"", ""note"": ""The commentary says good conduct can turn an enemy into a friend; Proverbs instructs the reader to feed an enemy who is hungry."", ""turn"": 2, ""model"": ""luna"", ""connection_id"": ""BC-da8c0474dc5f679657cd""}, {""line"": 160, ""strength"": ""medium"", ""tradition"": ""tevrat"", ""kind"": ""motif"", ""ref"": ""WLC:Prov.25.21"", ""basis"": ""feed hungry enemy"", ""note"": ""The commentary's most difficult patience turns antagonism toward friendship; Proverbs instructs feeding and giving water to an enemy rather than returning injury."", ""turn"": 1, ""model"": ""sol"", ""connection_id"": ""BC-cd88969cba37ad9d9164""}]"
WLC:Prov.25.22	medium	tevrat	motif	coals on an enemy's head	The commentary reads kindness toward an enemy as reconciliation; Proverbs adds that feeding the enemy heaps coals on his head, a consequence often read as shame or repentance but whose force is debated.	103:3	"[{""line"": 160, ""strength"": ""medium"", ""tradition"": ""tevrat"", ""kind"": ""motif"", ""ref"": ""WLC:Prov.25.22"", ""basis"": ""coals on an enemy's head"", ""note"": ""The commentary reads kindness toward an enemy as reconciliation; Proverbs adds that feeding the enemy heaps coals on his head, a consequence often read as shame or repentance but whose force is debated."", ""turn"": 2, ""model"": ""luna"", ""connection_id"": ""BC-32ea521f5bc77b850798""}]"
WLC:Prov.27.17	strong	tevrat	motif	iron sharpens iron | friends sharpen one another	The commentary stresses that each person gives and receives counsel; Proverbs explicitly pictures one person sharpening another, a close image of reciprocal moral strengthening. | The commentary gives mutual counsel two equal directions; Proverbs says iron sharpens iron and one person sharpens another, making improvement an interpersonal act.	103:3	"[{""line"": 3, ""strength"": ""strong"", ""tradition"": ""tevrat"", ""kind"": ""motif"", ""ref"": ""WLC:Prov.27.17"", ""basis"": ""iron sharpens iron"", ""note"": ""The commentary stresses that each person gives and receives counsel; Proverbs explicitly pictures one person sharpening another, a close image of reciprocal moral strengthening."", ""turn"": 1, ""model"": ""luna"", ""connection_id"": ""BC-3bcf7d5406f349ac07a2""}, {""line"": 168, ""strength"": ""medium"", ""tradition"": ""tevrat"", ""kind"": ""motif"", ""ref"": ""WLC:Prov.27.17"", ""basis"": ""friends sharpen one another"", ""note"": ""The commentary gives mutual counsel two equal directions; Proverbs says iron sharpens iron and one person sharpens another, making improvement an interpersonal act."", ""turn"": 1, ""model"": ""sol"", ""connection_id"": ""BC-ade5f775a780b9a5de33""}]"
WLC:Prov.27.5	medium	tevrat	motif	open rebuke	The commentary says one believer should remind another of what is owed; Proverbs says open rebuke is better than concealed love.	103:3	"[{""line"": 86, ""strength"": ""medium"", ""tradition"": ""tevrat"", ""kind"": ""motif"", ""ref"": ""WLC:Prov.27.5"", ""basis"": ""open rebuke"", ""note"": ""The commentary says one believer should remind another of what is owed; Proverbs says open rebuke is better than concealed love."", ""turn"": 1, ""model"": ""luna"", ""connection_id"": ""BC-285cf7c0ddcc47f0ba9c""}]"
WLC:Prov.27.6	strong	tevrat	motif	faithful wounds of a friend | faithful wounds from a friend	The commentary's counsel can be corrective as well as comforting; Proverbs calls a friend's wounds faithful, unlike an enemy's abundant kisses. | The commentary says true counsel and corrective patience may be bitter but healing; Proverbs values a friend's faithful wounds over an enemy's profuse kisses.	103:3	"[{""line"": 87, ""strength"": ""medium"", ""tradition"": ""tevrat"", ""kind"": ""motif"", ""ref"": ""WLC:Prov.27.6"", ""basis"": ""faithful wounds of a friend"", ""note"": ""The commentary's counsel can be corrective as well as comforting; Proverbs calls a friend's wounds faithful, unlike an enemy's abundant kisses."", ""turn"": 1, ""model"": ""luna"", ""connection_id"": ""BC-8b627f0f8b7d67f3ff62""}, {""line"": 46, ""strength"": ""strong"", ""tradition"": ""tevrat"", ""kind"": ""motif"", ""ref"": ""WLC:Prov.27.6"", ""basis"": ""faithful wounds from a friend"", ""note"": ""The commentary says true counsel and corrective patience may be bitter but healing; Proverbs values a friend's faithful wounds over an enemy's profuse kisses."", ""turn"": 1, ""model"": ""sol"", ""connection_id"": ""BC-5901e0c3933d190f5c09""}]"
WLC:Prov.27.9	medium	tevrat	motif	ointment and friend's counsel	The commentary's bitter medicine may become restorative truth shared by a companion; Proverbs juxtaposes cheering ointment with the sweetness of a friend's earnest counsel.	103:3	"[{""line"": 156, ""strength"": ""medium"", ""tradition"": ""tevrat"", ""kind"": ""motif"", ""ref"": ""WLC:Prov.27.9"", ""basis"": ""ointment and friend's counsel"", ""note"": ""The commentary's bitter medicine may become restorative truth shared by a companion; Proverbs juxtaposes cheering ointment with the sweetness of a friend's earnest counsel."", ""turn"": 1, ""model"": ""sol"", ""connection_id"": ""BC-58554380e7d8af4b0605""}]"
WLC:Prov.28.27	strong	tevrat	soydas	Arabic خ س ر / Hebrew חסר; table sound correspondence	The commentary's loss and reciprocal provision meet in the market image; Proverbs says one who gives to the poor will not lack, חסר, whereas concealing one's eyes invites curses.	103:3	"[{""line"": 36, ""strength"": ""strong"", ""tradition"": ""tevrat"", ""kind"": ""soydas"", ""ref"": ""WLC:Prov.28.27"", ""basis"": ""Arabic خ س ر / Hebrew חסר; table sound correspondence"", ""note"": ""The commentary's loss and reciprocal provision meet in the market image; Proverbs says one who gives to the poor will not lack, חסר, whereas concealing one's eyes invites curses."", ""turn"": 1, ""model"": ""sol"", ""connection_id"": ""BC-04c2de559ae7e16bb9f3""}]"
WLC:Prov.29.11	strong	tevrat	motif	wise person holds spirit back	The commentary's vessel rim and stopper picture an inner state kept from spilling out; Proverbs contrasts a fool venting all his spirit with a wise person holding it back.	103:3	"[{""line"": 205, ""strength"": ""strong"", ""tradition"": ""tevrat"", ""kind"": ""motif"", ""ref"": ""WLC:Prov.29.11"", ""basis"": ""wise person holds spirit back"", ""note"": ""The commentary's vessel rim and stopper picture an inner state kept from spilling out; Proverbs contrasts a fool venting all his spirit with a wise person holding it back."", ""turn"": 2, ""model"": ""sol"", ""connection_id"": ""BC-3c5523e252da07fd9bb1""}]"
WLC:Prov.3.23	medium	tevrat	motif	walk securely without stumbling	The commentary's trustworthy long-road camel is tested by whether it falters; Wisdom promises secure walking and a foot that does not stumble to one keeping sound judgment.	103:3	"[{""line"": 98, ""strength"": ""medium"", ""tradition"": ""tevrat"", ""kind"": ""motif"", ""ref"": ""WLC:Prov.3.23"", ""basis"": ""walk securely without stumbling"", ""note"": ""The commentary's trustworthy long-road camel is tested by whether it falters; Wisdom promises secure walking and a foot that does not stumble to one keeping sound judgment."", ""turn"": 1, ""model"": ""sol"", ""connection_id"": ""BC-18cf6df6bc85ad1d1402""}]"
WLC:Prov.3.27	strong	tevrat	motif	do not withhold another's due	The commentary gives hak the sense of a payable share; Proverbs forbids withholding good from its rightful recipient when one can give it.	103:3	"[{""line"": 28, ""strength"": ""strong"", ""tradition"": ""tevrat"", ""kind"": ""motif"", ""ref"": ""WLC:Prov.3.27"", ""basis"": ""do not withhold another's due"", ""note"": ""The commentary gives hak the sense of a payable share; Proverbs forbids withholding good from its rightful recipient when one can give it."", ""turn"": 1, ""model"": ""sol"", ""connection_id"": ""BC-b92feebcb94c710b1471""}]"
WLC:Prov.3.28	strong	tevrat	motif	do not delay a neighbor's due	The commentary makes hak a concrete share owed to another; Proverbs forbids telling a neighbor to return tomorrow when the needed good is already in one's power.	103:3	"[{""line"": 202, ""strength"": ""strong"", ""tradition"": ""tevrat"", ""kind"": ""motif"", ""ref"": ""WLC:Prov.3.28"", ""basis"": ""do not delay a neighbor's due"", ""note"": ""The commentary makes hak a concrete share owed to another; Proverbs forbids telling a neighbor to return tomorrow when the needed good is already in one's power."", ""turn"": 2, ""model"": ""sol"", ""connection_id"": ""BC-dbd3b09524bd65848cc2""}]"
WLC:Prov.3.3	medium	tevrat	motif	bind truth and loyalty to heart	The commentary's firm word must stay joined to the person bearing it; Proverbs tells the learner to bind steadfast love and truth about the neck and write them on the heart.	103:3	"[{""line"": 157, ""strength"": ""medium"", ""tradition"": ""tevrat"", ""kind"": ""motif"", ""ref"": ""WLC:Prov.3.3"", ""basis"": ""bind truth and loyalty to heart"", ""note"": ""The commentary's firm word must stay joined to the person bearing it; Proverbs tells the learner to bind steadfast love and truth about the neck and write them on the heart."", ""turn"": 1, ""model"": ""sol"", ""connection_id"": ""BC-e8d4b75133de53ad1048""}]"
WLC:Prov.31.21	weak	tevrat	motif	household protected from snow	The commentary uses severe winter cold as a test of patient protection; the capable woman does not fear snow for her household because they are clothed, a possible practical counterpart to sustaining others through cold.	103:3	"[{""line"": 184, ""strength"": ""weak"", ""tradition"": ""tevrat"", ""kind"": ""motif"", ""ref"": ""WLC:Prov.31.21"", ""basis"": ""household protected from snow"", ""note"": ""The commentary uses severe winter cold as a test of patient protection; the capable woman does not fear snow for her household because they are clothed, a possible practical counterpart to sustaining others through cold."", ""turn"": 1, ""model"": ""sol"", ""connection_id"": ""BC-055868a5dc775ed1e839""}]"
WLC:Prov.8.29	strong	tevrat	soydas	Arabic ح ق ق / Hebrew חקק; table sound correspondence	The commentary's door socket and vessel rim make right a fitting boundary; Wisdom recalls God assigning the sea its boundary so waters would not cross the prescribed limit.	103:3	"[{""line"": 39, ""strength"": ""strong"", ""tradition"": ""tevrat"", ""kind"": ""soydas"", ""ref"": ""WLC:Prov.8.29"", ""basis"": ""Arabic ح ق ق / Hebrew חקק; table sound correspondence"", ""note"": ""The commentary's door socket and vessel rim make right a fitting boundary; Wisdom recalls God assigning the sea its boundary so waters would not cross the prescribed limit."", ""turn"": 1, ""model"": ""sol"", ""connection_id"": ""BC-7721a07b7dae94f3cf02""}]"
WLC:Ps.1.2	strong	tevrat	motif	meditation day and night	The commentary joins the hours of the day through repeated counsel; the blessed person keeps the LORD's teaching in mind day and night, making continuity a daily practice.	103:3	"[{""line"": 1, ""strength"": ""strong"", ""tradition"": ""tevrat"", ""kind"": ""motif"", ""ref"": ""WLC:Ps.1.2"", ""basis"": ""meditation day and night"", ""note"": ""The commentary joins the hours of the day through repeated counsel; the blessed person keeps the LORD's teaching in mind day and night, making continuity a daily practice."", ""turn"": 1, ""model"": ""sol"", ""connection_id"": ""BC-1226668846e655a4659d""}]"
WLC:Ps.1.3	strong	tevrat	motif|soydas	tree, fruit, and prospering action | צלח; table sound correspondence, unverified | tree by streams; enduring fruit | Arabic ص ل ح / Hebrew צלח; table sound correspondence	The commentary's good deeds are lasting and uncorrupted; Psalm 1 pictures the righteous as a tree bearing fruit in season whose action prospers. | The commentary calls ṣāliḥ action sound and fruitful; the righteous tree's deed prospers with Hebrew ṣlḥ, a possible root correspondence whose sense is success, not the Arabic adjective. | The commentary's joined, rain-fed vegetation pictures sound deeds surviving time; the righteous tree bears fruit in season and does not wither. | The commentary calls the deeds sound and lasting; this tree's fruit comes in season and all it does prospers, using Hebrew צלח for advancement through fruitful action.	103:3	"[{""line"": 72, ""strength"": ""strong"", ""tradition"": ""tevrat"", ""kind"": ""motif"", ""ref"": ""WLC:Ps.1.3"", ""basis"": ""tree, fruit, and prospering action"", ""note"": ""The commentary's good deeds are lasting and uncorrupted; Psalm 1 pictures the righteous as a tree bearing fruit in season whose action prospers."", ""turn"": 1, ""model"": ""luna"", ""connection_id"": ""BC-679317cdc24d882b0b48""}, {""line"": 136, ""strength"": ""weak"", ""tradition"": ""tevrat"", ""kind"": ""soydas"", ""ref"": ""WLC:Ps.1.3"", ""basis"": ""צלח; table sound correspondence, unverified"", ""note"": ""The commentary calls ṣāliḥ action sound and fruitful; the righteous tree's deed prospers with Hebrew ṣlḥ, a possible root correspondence whose sense is success, not the Arabic adjective."", ""turn"": 1, ""model"": ""luna"", ""connection_id"": ""BC-1757cc6044c2781789d0""}, {""line"": 2, ""strength"": ""strong"", ""tradition"": ""tevrat"", ""kind"": ""motif"", ""ref"": ""WLC:Ps.1.3"", ""basis"": ""tree by streams; enduring fruit"", ""note"": ""The commentary's joined, rain-fed vegetation pictures sound deeds surviving time; the righteous tree bears fruit in season and does not wither."", ""turn"": 1, ""model"": ""sol"", ""connection_id"": ""BC-084ce0c08a3ef038f450""}, {""line"": 4, ""strength"": ""strong"", ""tradition"": ""tevrat"", ""kind"": ""soydas"", ""ref"": ""WLC:Ps.1.3"", ""basis"": ""Arabic ص ل ح / Hebrew צלח; table sound correspondence"", ""note"": ""The commentary calls the deeds sound and lasting; this tree's fruit comes in season and all it does prospers, using Hebrew צלח for advancement through fruitful action."", ""turn"": 1, ""model"": ""sol"", ""connection_id"": ""BC-e5e62de9f4b51a512ca8""}]"
WLC:Ps.1.4	strong	tevrat	motif	chaff blown away | chaff blown by wind	The commentary sets those rescued from loss against the general human condition; Psalm 1 contrasts the fruitful righteous with wicked people like chaff that wind drives away. | The commentary contrasts lasting sound works with vegetation scattered by wind; the wicked are chaff driven away, supplying the loss side of that picture.	103:3	"[{""line"": 73, ""strength"": ""strong"", ""tradition"": ""tevrat"", ""kind"": ""motif"", ""ref"": ""WLC:Ps.1.4"", ""basis"": ""chaff blown away"", ""note"": ""The commentary sets those rescued from loss against the general human condition; Psalm 1 contrasts the fruitful righteous with wicked people like chaff that wind drives away."", ""turn"": 1, ""model"": ""luna"", ""connection_id"": ""BC-9be7b49fb0cdae4693af""}, {""line"": 3, ""strength"": ""strong"", ""tradition"": ""tevrat"", ""kind"": ""motif"", ""ref"": ""WLC:Ps.1.4"", ""basis"": ""chaff blown by wind"", ""note"": ""The commentary contrasts lasting sound works with vegetation scattered by wind; the wicked are chaff driven away, supplying the loss side of that picture."", ""turn"": 1, ""model"": ""sol"", ""connection_id"": ""BC-2205fa2bd3cbfe0df406""}]"
WLC:Ps.106.30	strong	tevrat	soydas	Arabic ع ص ر / Hebrew עצר; table sound correspondence	The commentary develops holding back as active restraint rather than passivity; Phinehas stands and intervenes, and the plague is stopped, ותעצר.	103:3	"[{""line"": 41, ""strength"": ""strong"", ""tradition"": ""tevrat"", ""kind"": ""soydas"", ""ref"": ""WLC:Ps.106.30"", ""basis"": ""Arabic ع ص ر / Hebrew עצר; table sound correspondence"", ""note"": ""The commentary develops holding back as active restraint rather than passivity; Phinehas stands and intervenes, and the plague is stopped, ותעצר."", ""turn"": 1, ""model"": ""sol"", ""connection_id"": ""BC-4fb48bea0fc4b9c27007""}]"
WLC:Ps.112.7	medium	tevrat	motif	no fear at bad news	The commentary makes belief the end of fear backed by endurance; the righteous person's heart is firm, trusting the LORD even on hearing bad news.	103:3	"[{""line"": 97, ""strength"": ""medium"", ""tradition"": ""tevrat"", ""kind"": ""motif"", ""ref"": ""WLC:Ps.112.7"", ""basis"": ""no fear at bad news"", ""note"": ""The commentary makes belief the end of fear backed by endurance; the righteous person's heart is firm, trusting the LORD even on hearing bad news."", ""turn"": 1, ""model"": ""sol"", ""connection_id"": ""BC-7de92f0efb4b5f7f909a""}]"
WLC:Ps.112.9	medium	tevrat	motif	generosity and enduring righteousness	The commentary contrasts capital that shrinks with good action that lasts; the righteous person distributes to the poor and his righteousness endures forever.	103:3	"[{""line"": 279, ""strength"": ""medium"", ""tradition"": ""tevrat"", ""kind"": ""motif"", ""ref"": ""WLC:Ps.112.9"", ""basis"": ""generosity and enduring righteousness"", ""note"": ""The commentary contrasts capital that shrinks with good action that lasts; the righteous person distributes to the poor and his righteousness endures forever."", ""turn"": 2, ""model"": ""sol"", ""connection_id"": ""BC-8872bf453545c3cb5c3d""}]"
WLC:Ps.118.27	medium	tevrat	motif	bound offering at the altar	The commentary's sabr image includes an animal held for death; the psalm's festival instruction binds the offering with cords to the altar's horns.	103:3	"[{""line"": 79, ""strength"": ""medium"", ""tradition"": ""tevrat"", ""kind"": ""motif"", ""ref"": ""WLC:Ps.118.27"", ""basis"": ""bound offering at the altar"", ""note"": ""The commentary's sabr image includes an animal held for death; the psalm's festival instruction binds the offering with cords to the altar's horns."", ""turn"": 1, ""model"": ""luna"", ""connection_id"": ""BC-1b1e8d588ca9b96dbd6a""}]"
WLC:Ps.119.160	medium	tevrat	motif|soydas	word and truth | אמנ; table sound correspondence, unverified	The commentary makes haqq something reliable that must be passed on; the psalm says the sum of God's word is truth and its righteous judgments endure. | The commentary treats haqq as reliable truth passed between people; the psalm calls God's word emet, truth, from the Hebrew root listed as a sound correspondence to Arabic amn.	103:3	"[{""line"": 89, ""strength"": ""medium"", ""tradition"": ""tevrat"", ""kind"": ""motif"", ""ref"": ""WLC:Ps.119.160"", ""basis"": ""word and truth"", ""note"": ""The commentary makes haqq something reliable that must be passed on; the psalm says the sum of God's word is truth and its righteous judgments endure."", ""turn"": 1, ""model"": ""luna"", ""connection_id"": ""BC-8771fff23f874b440083""}, {""line"": 131, ""strength"": ""weak"", ""tradition"": ""tevrat"", ""kind"": ""soydas"", ""ref"": ""WLC:Ps.119.160"", ""basis"": ""אמנ; table sound correspondence, unverified"", ""note"": ""The commentary treats haqq as reliable truth passed between people; the psalm calls God's word emet, truth, from the Hebrew root listed as a sound correspondence to Arabic amn."", ""turn"": 1, ""model"": ""luna"", ""connection_id"": ""BC-10935575fa2476703268""}]"
WLC:Ps.119.30	medium	tevrat	soydas	Arabic ء م ن / Hebrew אמנ; table sound correspondence	The commentary combines trust and a walked right path; the psalmist chooses the way of faithfulness, אמונה, and sets God's judgments before himself.	103:3	"[{""line"": 278, ""strength"": ""medium"", ""tradition"": ""tevrat"", ""kind"": ""soydas"", ""ref"": ""WLC:Ps.119.30"", ""basis"": ""Arabic ء م ن / Hebrew אמנ; table sound correspondence"", ""note"": ""The commentary combines trust and a walked right path; the psalmist chooses the way of faithfulness, אמונה, and sets God's judgments before himself."", ""turn"": 2, ""model"": ""sol"", ""connection_id"": ""BC-3f9fa10326f287fe435f""}]"
WLC:Ps.119.5	strong	tevrat	soydas	Arabic ح ق ق / Hebrew חקק; table sound correspondence	The commentary says patience holds conduct aligned with what is due; the psalmist wishes his ways were firm in keeping God's statutes, חקים.	103:3	"[{""line"": 40, ""strength"": ""strong"", ""tradition"": ""tevrat"", ""kind"": ""soydas"", ""ref"": ""WLC:Ps.119.5"", ""basis"": ""Arabic ح ق ق / Hebrew חקק; table sound correspondence"", ""note"": ""The commentary says patience holds conduct aligned with what is due; the psalmist wishes his ways were firm in keeping God's statutes, חקים."", ""turn"": 1, ""model"": ""sol"", ""connection_id"": ""BC-707974550eba2e875df0""}]"
WLC:Ps.119.86	strong	tevrat	soydas	Arabic ء م ن / Hebrew אמנ; table sound correspondence	The commentary puts true advice before endurance under attack; the psalmist calls God's commands faithful, אמונה, while pleading for help against false persecutors.	103:3	"[{""line"": 190, ""strength"": ""strong"", ""tradition"": ""tevrat"", ""kind"": ""soydas"", ""ref"": ""WLC:Ps.119.86"", ""basis"": ""Arabic ء م ن / Hebrew אמנ; table sound correspondence"", ""note"": ""The commentary puts true advice before endurance under attack; the psalmist calls God's commands faithful, אמונה, while pleading for help against false persecutors."", ""turn"": 2, ""model"": ""sol"", ""connection_id"": ""BC-40ddfb6c0d93990acb5f""}]"
WLC:Ps.119.90	medium	tevrat	soydas	Arabic ء م ن / Hebrew אמנ; table sound correspondence	The commentary's advice links generations to something enduring; the psalm joins God's faithfulness, אמונה, through all generations to the firm establishment of the earth.	103:3	"[{""line"": 277, ""strength"": ""medium"", ""tradition"": ""tevrat"", ""kind"": ""soydas"", ""ref"": ""WLC:Ps.119.90"", ""basis"": ""Arabic ء م ن / Hebrew אמנ; table sound correspondence"", ""note"": ""The commentary's advice links generations to something enduring; the psalm joins God's faithfulness, אמונה, through all generations to the firm establishment of the earth."", ""turn"": 2, ""model"": ""sol"", ""connection_id"": ""BC-39a50bd85d5e29ad0709""}]"
WLC:Ps.125.1	strong	tevrat	motif	trusters as immovable Zion	The commentary's hard stone and mountain illustrate holding firm when threatened; those who trust the LORD are compared with Mount Zion, which cannot be moved.	103:3	"[{""line"": 42, ""strength"": ""strong"", ""tradition"": ""tevrat"", ""kind"": ""motif"", ""ref"": ""WLC:Ps.125.1"", ""basis"": ""trusters as immovable Zion"", ""note"": ""The commentary's hard stone and mountain illustrate holding firm when threatened; those who trust the LORD are compared with Mount Zion, which cannot be moved."", ""turn"": 1, ""model"": ""sol"", ""connection_id"": ""BC-2845af6ef0c2f334cc11""}]"
WLC:Ps.127.1	medium	tevrat	motif	builders toil in vain without God	The commentary's well wall and house must hold after labor ends; the psalm says builders labor in vain unless the LORD builds the house.	103:3	"[{""line"": 93, ""strength"": ""medium"", ""tradition"": ""tevrat"", ""kind"": ""motif"", ""ref"": ""WLC:Ps.127.1"", ""basis"": ""builders toil in vain without God"", ""note"": ""The commentary's well wall and house must hold after labor ends; the psalm says builders labor in vain unless the LORD builds the house."", ""turn"": 1, ""model"": ""sol"", ""connection_id"": ""BC-775e6a9db270ee31f5da""}]"
WLC:Ps.133.1	medium	tevrat	motif	brothers dwell together in unity	The commentary likens separate green patches becoming one continuous pasture to communal attachment; the psalm praises brothers dwelling together in unity.	103:3	"[{""line"": 101, ""strength"": ""medium"", ""tradition"": ""tevrat"", ""kind"": ""motif"", ""ref"": ""WLC:Ps.133.1"", ""basis"": ""brothers dwell together in unity"", ""note"": ""The commentary likens separate green patches becoming one continuous pasture to communal attachment; the psalm praises brothers dwelling together in unity."", ""turn"": 1, ""model"": ""sol"", ""connection_id"": ""BC-7f5c344045c3adb61033""}]"
WLC:Ps.133.3	medium	tevrat	motif	dew and blessing of life	The commentary lets rain turn joined growth into sustenance; the psalm ends its picture of united brothers with dew on Zion and the LORD's blessing of life.	103:3	"[{""line"": 102, ""strength"": ""medium"", ""tradition"": ""tevrat"", ""kind"": ""motif"", ""ref"": ""WLC:Ps.133.3"", ""basis"": ""dew and blessing of life"", ""note"": ""The commentary lets rain turn joined growth into sustenance; the psalm ends its picture of united brothers with dew on Zion and the LORD's blessing of life."", ""turn"": 1, ""model"": ""sol"", ""connection_id"": ""BC-d234c6e4beafc652927c""}]"
WLC:Ps.141.3	strong	tevrat	motif	guard at mouth and door of lips	The commentary compares sabır to the stopper that keeps a vessel's contents from escaping; the psalmist asks the LORD to set a guard over his mouth and watch the door of his lips.	103:3	"[{""line"": 206, ""strength"": ""strong"", ""tradition"": ""tevrat"", ""kind"": ""motif"", ""ref"": ""WLC:Ps.141.3"", ""basis"": ""guard at mouth and door of lips"", ""note"": ""The commentary compares sabır to the stopper that keeps a vessel's contents from escaping; the psalmist asks the LORD to set a guard over his mouth and watch the door of his lips."", ""turn"": 2, ""model"": ""sol"", ""connection_id"": ""BC-ae93a5a82dea820b0d73""}]"
WLC:Ps.15.2	medium	tevrat	motif	do justice and speak truth in heart	The commentary links sound deeds with hak as speech fitted to reality; the person allowed to dwell with God walks blamelessly, does righteousness, and speaks truth inwardly.	103:3	"[{""line"": 152, ""strength"": ""medium"", ""tradition"": ""tevrat"", ""kind"": ""motif"", ""ref"": ""WLC:Ps.15.2"", ""basis"": ""do justice and speak truth in heart"", ""note"": ""The commentary links sound deeds with hak as speech fitted to reality; the person allowed to dwell with God walks blamelessly, does righteousness, and speaks truth inwardly."", ""turn"": 1, ""model"": ""sol"", ""connection_id"": ""BC-7ad8cc305ae2e3ad36d4""}]"
WLC:Ps.23.1	strong	tevrat	soydas	Arabic خ س ر / Hebrew חסר; table sound correspondence	The commentary asks how one exits the state of loss; the psalmist trusts the LORD as shepherd and says he will not lack, חסר.	103:3	"[{""line"": 37, ""strength"": ""strong"", ""tradition"": ""tevrat"", ""kind"": ""soydas"", ""ref"": ""WLC:Ps.23.1"", ""basis"": ""Arabic خ س ر / Hebrew חסר; table sound correspondence"", ""note"": ""The commentary asks how one exits the state of loss; the psalmist trusts the LORD as shepherd and says he will not lack, חסר."", ""turn"": 1, ""model"": ""sol"", ""connection_id"": ""BC-addd110f985198ff683e""}]"
WLC:Ps.23.2	medium	tevrat	motif|soydas	lacking nothing under a shepherd | חסר; table sound correspondence, unverified	The commentary opens against the human condition of loss; the psalm's speaker says that under the Lord's care he lacks nothing, a contrasting picture of provision. | The commentary frames humanity as being in loss; the psalm says the shepherded speaker will not lack, using the Hebrew root the table aligns with kh-s-r, though the Arabic root link is unverified.	103:3	"[{""line"": 94, ""strength"": ""medium"", ""tradition"": ""tevrat"", ""kind"": ""motif"", ""ref"": ""WLC:Ps.23.2"", ""basis"": ""lacking nothing under a shepherd"", ""note"": ""The commentary opens against the human condition of loss; the psalm's speaker says that under the Lord's care he lacks nothing, a contrasting picture of provision."", ""turn"": 1, ""model"": ""luna"", ""connection_id"": ""BC-507f4012c2eb9e2d58d7""}, {""line"": 134, ""strength"": ""weak"", ""tradition"": ""tevrat"", ""kind"": ""soydas"", ""ref"": ""WLC:Ps.23.2"", ""basis"": ""חסר; table sound correspondence, unverified"", ""note"": ""The commentary frames humanity as being in loss; the psalm says the shepherded speaker will not lack, using the Hebrew root the table aligns with kh-s-r, though the Arabic root link is unverified."", ""turn"": 1, ""model"": ""luna"", ""connection_id"": ""BC-cb55849c73aff063bfbc""}]"
WLC:Ps.27.13	strong	tevrat	soydas	Arabic ء م ن / Hebrew אמנ; table sound correspondence	The commentary grounds waiting in trust that a good outcome is real; the psalmist says he believed he would see the LORD's goodness in the land of the living.	103:3	"[{""line"": 187, ""strength"": ""strong"", ""tradition"": ""tevrat"", ""kind"": ""soydas"", ""ref"": ""WLC:Ps.27.13"", ""basis"": ""Arabic ء م ن / Hebrew אמנ; table sound correspondence"", ""note"": ""The commentary grounds waiting in trust that a good outcome is real; the psalmist says he believed he would see the LORD's goodness in the land of the living."", ""turn"": 2, ""model"": ""sol"", ""connection_id"": ""BC-e411ac00e57481e71182""}]"
WLC:Ps.27.14	strong	tevrat	motif	wait and take heart	The commentary defines sabır as staying firm until a promised right arrives; the next verse twice calls the hearer to wait for the LORD and tells the heart to be strong.	103:3	"[{""line"": 188, ""strength"": ""strong"", ""tradition"": ""tevrat"", ""kind"": ""motif"", ""ref"": ""WLC:Ps.27.14"", ""basis"": ""wait and take heart"", ""note"": ""The commentary defines sabır as staying firm until a promised right arrives; the next verse twice calls the hearer to wait for the LORD and tells the heart to be strong."", ""turn"": 2, ""model"": ""sol"", ""connection_id"": ""BC-eab84e90dd1d5437cd92""}]"
WLC:Ps.33.4	strong	tevrat	soydas	Arabic ء م ن / Hebrew אמנ; table sound correspondence	The commentary binds a true word to work that fits it; the psalm calls the LORD's word upright and all his work faithful, using אמונה for reliability in action.	103:3	"[{""line"": 189, ""strength"": ""strong"", ""tradition"": ""tevrat"", ""kind"": ""soydas"", ""ref"": ""WLC:Ps.33.4"", ""basis"": ""Arabic ء م ن / Hebrew אמנ; table sound correspondence"", ""note"": ""The commentary binds a true word to work that fits it; the psalm calls the LORD's word upright and all his work faithful, using אמונה for reliability in action."", ""turn"": 2, ""model"": ""sol"", ""connection_id"": ""BC-fdef024a7d56d026d380""}]"
WLC:Ps.37.3	strong	tevrat	motif	trust and do good together	The commentary gives separate verbs to belief and good work; the psalm commands trust in the LORD and doing good, then connects these acts with secure dwelling in the land.	103:3	"[{""line"": 197, ""strength"": ""strong"", ""tradition"": ""tevrat"", ""kind"": ""motif"", ""ref"": ""WLC:Ps.37.3"", ""basis"": ""trust and do good together"", ""note"": ""The commentary gives separate verbs to belief and good work; the psalm commands trust in the LORD and doing good, then connects these acts with secure dwelling in the land."", ""turn"": 2, ""model"": ""sol"", ""connection_id"": ""BC-523bef65882b9f33c2c0""}]"
WLC:Ps.37.7	strong	tevrat	motif	be still and wait amid wrongdoers	The commentary defines patience as restraining oneself until a promised right arrives; the psalm commands stillness before the LORD and waiting rather than agitation over the prosperous schemer.	103:3	"[{""line"": 45, ""strength"": ""strong"", ""tradition"": ""tevrat"", ""kind"": ""motif"", ""ref"": ""WLC:Ps.37.7"", ""basis"": ""be still and wait amid wrongdoers"", ""note"": ""The commentary defines patience as restraining oneself until a promised right arrives; the psalm commands stillness before the LORD and waiting rather than agitation over the prosperous schemer."", ""turn"": 1, ""model"": ""sol"", ""connection_id"": ""BC-da48d06f12d29680999e""}]"
WLC:Ps.39.7	medium	tevrat	soydas	Arabic ص ب ر / Hebrew צבר; table sound correspondence	The commentary links an unweighed heap to the uncertain fate of accumulated capital; the psalm says a person heaps up, יצבר, yet does not know who will collect it.	103:3	"[{""line"": 165, ""strength"": ""medium"", ""tradition"": ""tevrat"", ""kind"": ""soydas"", ""ref"": ""WLC:Ps.39.7"", ""basis"": ""Arabic ص ب ر / Hebrew צבר; table sound correspondence"", ""note"": ""The commentary links an unweighed heap to the uncertain fate of accumulated capital; the psalm says a person heaps up, יצבר, yet does not know who will collect it."", ""turn"": 1, ""model"": ""sol"", ""connection_id"": ""BC-b18c496b2e3e129d466f""}]"
WLC:Ps.46.2	medium	tevrat	motif	God a refuge in trouble	The commentary's belief is entry into safety before a coming threat; the psalm calls God refuge and strength, a help readily found in trouble.	103:3	"[{""line"": 162, ""strength"": ""medium"", ""tradition"": ""tevrat"", ""kind"": ""motif"", ""ref"": ""WLC:Ps.46.2"", ""basis"": ""God a refuge in trouble"", ""note"": ""The commentary's belief is entry into safety before a coming threat; the psalm calls God refuge and strength, a help readily found in trouble."", ""turn"": 1, ""model"": ""sol"", ""connection_id"": ""BC-80f282e73910f50a2dff""}]"
WLC:Ps.46.3	medium	tevrat	motif	no fear though earth changes	The commentary's trusting person holds firm even when the path or mountain fails; the psalm says they will not fear even if earth changes and mountains slip into the sea.	103:3	"[{""line"": 163, ""strength"": ""medium"", ""tradition"": ""tevrat"", ""kind"": ""motif"", ""ref"": ""WLC:Ps.46.3"", ""basis"": ""no fear though earth changes"", ""note"": ""The commentary's trusting person holds firm even when the path or mountain fails; the psalm says they will not fear even if earth changes and mountains slip into the sea."", ""turn"": 1, ""model"": ""sol"", ""connection_id"": ""BC-04b0bf6735adc5a27135""}]"
WLC:Ps.60.6	weak	tevrat	motif	banner displayed for truth	The commentary's hak can be a standard one is obliged to protect; the psalm depicts a banner given to those who fear God, linked to truth, though the precise WLC verse and rendering of the final phrase need verification.	103:3	"[{""line"": 183, ""strength"": ""weak"", ""tradition"": ""tevrat"", ""kind"": ""motif"", ""ref"": ""WLC:Ps.60.6"", ""basis"": ""banner displayed for truth"", ""note"": ""The commentary's hak can be a standard one is obliged to protect; the psalm depicts a banner given to those who fear God, linked to truth, though the precise WLC verse and rendering of the final phrase need verification."", ""turn"": 1, ""model"": ""sol"", ""connection_id"": ""BC-4c6a27916abb0d63cc4d""}]"
WLC:Ps.78.6	strong	tevrat	motif	children yet unborn learn and tell	The commentary's linked speech reaches beyond the speaker's life; the psalm intends the next generation, even unborn children, to learn and tell its children.	103:3	"[{""line"": 17, ""strength"": ""strong"", ""tradition"": ""tevrat"", ""kind"": ""motif"", ""ref"": ""WLC:Ps.78.6"", ""basis"": ""children yet unborn learn and tell"", ""note"": ""The commentary's linked speech reaches beyond the speaker's life; the psalm intends the next generation, even unborn children, to learn and tell its children."", ""turn"": 1, ""model"": ""sol"", ""connection_id"": ""BC-c3e24c0ec7cf5cccf6ea""}]"
WLC:Ps.90.17	medium	tevrat	motif	establish the work of our hands	The commentary asks that intentional work become lasting and sound; the psalm prays twice for God to establish the work of human hands.	103:3	"[{""line"": 94, ""strength"": ""medium"", ""tradition"": ""tevrat"", ""kind"": ""motif"", ""ref"": ""WLC:Ps.90.17"", ""basis"": ""establish the work of our hands"", ""note"": ""The commentary asks that intentional work become lasting and sound; the psalm prays twice for God to establish the work of human hands."", ""turn"": 1, ""model"": ""sol"", ""connection_id"": ""BC-937d12e5e4a056f43737""}]"
WLC:Zech.7.9	medium	tevrat	motif	true justice and mutual mercy	The commentary's hak is a duty to others rather than a prize in a dispute; Zechariah commands true judgments and kindness and mercy to one another.	103:3	"[{""line"": 100, ""strength"": ""medium"", ""tradition"": ""tevrat"", ""kind"": ""motif"", ""ref"": ""WLC:Zech.7.9"", ""basis"": ""true justice and mutual mercy"", ""note"": ""The commentary's hak is a duty to others rather than a prize in a dispute; Zechariah commands true judgments and kindness and mercy to one another."", ""turn"": 1, ""model"": ""sol"", ""connection_id"": ""BC-6a5635f1eb6c94a559d1""}]"
WLC:Zech.8.16	strong	tevrat	motif	truth spoken reciprocally | speak truth and judge for peace	The commentary makes truth something members pass to one another; Zechariah commands neighbors to speak truth to each other and judge for peace, turning haqq into communal practice. | The commentary moves hak from litigation into communal counsel; Zechariah commands neighbors to speak truth and judges to make truthful judgments that yield peace.	103:3	"[{""line"": 1, ""strength"": ""strong"", ""tradition"": ""tevrat"", ""kind"": ""motif"", ""ref"": ""WLC:Zech.8.16"", ""basis"": ""truth spoken reciprocally"", ""note"": ""The commentary makes truth something members pass to one another; Zechariah commands neighbors to speak truth to each other and judge for peace, turning haqq into communal practice."", ""turn"": 1, ""model"": ""luna"", ""connection_id"": ""BC-efd8d740595f115f928a""}, {""line"": 30, ""strength"": ""strong"", ""tradition"": ""tevrat"", ""kind"": ""motif"", ""ref"": ""WLC:Zech.8.16"", ""basis"": ""speak truth and judge for peace"", ""note"": ""The commentary moves hak from litigation into communal counsel; Zechariah commands neighbors to speak truth and judges to make truthful judgments that yield peace."", ""turn"": 1, ""model"": ""sol"", ""connection_id"": ""BC-7453c9208406e428238c""}]"
WLC:Zech.8.17	medium	tevrat	motif	truth, peace, and false oaths	The commentary says the repeated advice names truth so that harmful speech is not passed along; Zechariah forbids devising evil and false oaths after commanding truthful speech.	103:3	"[{""line"": 84, ""strength"": ""medium"", ""tradition"": ""tevrat"", ""kind"": ""motif"", ""ref"": ""WLC:Zech.8.17"", ""basis"": ""truth, peace, and false oaths"", ""note"": ""The commentary says the repeated advice names truth so that harmful speech is not passed along; Zechariah forbids devising evil and false oaths after commanding truthful speech."", ""turn"": 1, ""model"": ""luna"", ""connection_id"": ""BC-fb8f8a6a41f6473ab46a""}]"
WLC:Zech.8.19	medium	tevrat	motif	love truth and peace	The commentary makes hak a word that heals relations rather than wins a quarrel; Zechariah tells the returned community to love truth and peace in the context of renewed communal fasts.	103:3	"[{""line"": 167, ""strength"": ""medium"", ""tradition"": ""tevrat"", ""kind"": ""motif"", ""ref"": ""WLC:Zech.8.19"", ""basis"": ""love truth and peace"", ""note"": ""The commentary makes hak a word that heals relations rather than wins a quarrel; Zechariah tells the returned community to love truth and peace in the context of renewed communal fasts."", ""turn"": 1, ""model"": ""sol"", ""connection_id"": ""BC-3c1b8e0c7b00a40ad78d""}]"
Wisdom of Solomon 2:19	medium	tevrat	motif	test the righteous person's forbearance	The commentary says speaking right may bring hostile blows and demand patience; the opponents in Wisdom propose insult and torture to test the righteous person's gentleness and endurance.	103:3	"[{""line"": 294, ""strength"": ""medium"", ""tradition"": ""tevrat"", ""kind"": ""motif"", ""ref"": ""Wisdom of Solomon 2:19"", ""basis"": ""test the righteous person's forbearance"", ""note"": ""The commentary says speaking right may bring hostile blows and demand patience; the opponents in Wisdom propose insult and torture to test the righteous person's gentleness and endurance."", ""turn"": 2, ""model"": ""sol"", ""connection_id"": ""BC-b6f1e14ac7ef92467898""}]"
Wisdom of Solomon 3:5	medium	tevrat	motif	testing followed by great reward	The commentary's bitter medicine and earned due meet in suffering that proves worth; Wisdom says the righteous, disciplined for a little while, receive great good after God tests them.	103:3	"[{""line"": 295, ""strength"": ""medium"", ""tradition"": ""tevrat"", ""kind"": ""motif"", ""ref"": ""Wisdom of Solomon 3:5"", ""basis"": ""testing followed by great reward"", ""note"": ""The commentary's bitter medicine and earned due meet in suffering that proves worth; Wisdom says the righteous, disciplined for a little while, receive great good after God tests them."", ""turn"": 2, ""model"": ""sol"", ""connection_id"": ""BC-16722eae0263c0beef5d""}]"
Wisdom of Solomon 3:6	medium	tevrat	motif	faith tested like gold	The commentary calls patience a bitter medicine that improves the person; Wisdom says the righteous were tested like gold in a furnace and found acceptable.	103:3	"[{""line"": 106, ""strength"": ""medium"", ""tradition"": ""tevrat"", ""kind"": ""motif"", ""ref"": ""Wisdom of Solomon 3:6"", ""basis"": ""faith tested like gold"", ""note"": ""The commentary calls patience a bitter medicine that improves the person; Wisdom says the righteous were tested like gold in a furnace and found acceptable."", ""turn"": 1, ""model"": ""luna"", ""connection_id"": ""BC-b06fc894c4a3cd84fee7""}]"
Wisdom of Solomon 3:9	medium	tevrat	motif	trust, truth, and abiding	The commentary joins belief with haqq and sabr; Wisdom says those who trust God will understand truth and the faithful will abide with him in love.	103:3	"[{""line"": 166, ""strength"": ""medium"", ""tradition"": ""tevrat"", ""kind"": ""motif"", ""ref"": ""Wisdom of Solomon 3:9"", ""basis"": ""trust, truth, and abiding"", ""note"": ""The commentary joins belief with haqq and sabr; Wisdom says those who trust God will understand truth and the faithful will abide with him in love."", ""turn"": 2, ""model"": ""luna"", ""connection_id"": ""BC-8aa1d2feab7fbf386ff2""}]"
