ref	tier	tradition	kinds	basis	explanations	target	evidence
Ignatius of Antioch, Letter to the Romans 4:1	medium	incil	yorum_gelenegi	wheat ground into bread	The commentary imagines a person under pressure yielding something precious; Ignatius asks that beasts grind him like God's wheat so he may become Christ's pure bread, giving martyrdom the shape of painful production.	sec3	"[{""line"": 70, ""strength"": ""medium"", ""tradition"": ""incil"", ""kind"": ""yorum_gelenegi"", ""ref"": ""Ignatius of Antioch, Letter to the Romans 4:1"", ""basis"": ""wheat ground into bread"", ""note"": ""The commentary imagines a person under pressure yielding something precious; Ignatius asks that beasts grind him like God's wheat so he may become Christ's pure bread, giving martyrdom the shape of painful production."", ""turn"": 1, ""model"": ""sol"", ""connection_id"": ""BC-59fd72504a3be02d5909""}]"
Ignatius, Ephesians 20:2	strong	incil	motif	Eucharist as medicine of immortality	Ignatius calls the shared Eucharist medicine of immortality and an antidote to death; this Christian interpretation turns the commentary's medicinal image toward communal nourishment and rescue from death.	sec3	"[{""line"": 39, ""strength"": ""strong"", ""tradition"": ""incil"", ""kind"": ""motif"", ""ref"": ""Ignatius, Ephesians 20:2"", ""basis"": ""Eucharist as medicine of immortality"", ""note"": ""Ignatius calls the shared Eucharist medicine of immortality and an antidote to death; this Christian interpretation turns the commentary's medicinal image toward communal nourishment and rescue from death."", ""turn"": 1, ""model"": ""luna"", ""connection_id"": ""BC-abb3f7f12bd3b6f7e51e""}]"
SBLGNT:1Cor.15.58	strong	incil	motif	Steadfast work is not in vain	Paul calls the community steadfast and abundant in the Lord's work, assuring them that their labor is not empty; this counters the commentary's language of human loss with enduring good action.	sec3	"[{""line"": 33, ""strength"": ""strong"", ""tradition"": ""incil"", ""kind"": ""motif"", ""ref"": ""SBLGNT:1Cor.15.58"", ""basis"": ""Steadfast work is not in vain"", ""note"": ""Paul calls the community steadfast and abundant in the Lord's work, assuring them that their labor is not empty; this counters the commentary's language of human loss with enduring good action."", ""turn"": 1, ""model"": ""luna"", ""connection_id"": ""BC-77e72a6d82ab9bbe2fc7""}]"
SBLGNT:1Pet.1.7	medium	incil	motif	Tested faith compared with refined gold | faith tested like valuable metal	Peter says tested faith, more precious than perishable gold refined by fire, will result in praise and honor; this gives pressure a refining yield, though by fire rather than squeezing. | The commentary describes pressure drawing out an essence of worth; Peter says tested faith is more precious than perishable gold refined by fire, using another physical ordeal to explain enduring value.	sec3	"[{""line"": 96, ""strength"": ""medium"", ""tradition"": ""incil"", ""kind"": ""motif"", ""ref"": ""SBLGNT:1Pet.1.7"", ""basis"": ""Tested faith compared with refined gold"", ""note"": ""Peter says tested faith, more precious than perishable gold refined by fire, will result in praise and honor; this gives pressure a refining yield, though by fire rather than squeezing."", ""turn"": 2, ""model"": ""luna"", ""connection_id"": ""BC-ba3bdda9f2bf69269cd2""}, {""line"": 67, ""strength"": ""medium"", ""tradition"": ""incil"", ""kind"": ""motif"", ""ref"": ""SBLGNT:1Pet.1.7"", ""basis"": ""faith tested like valuable metal"", ""note"": ""The commentary describes pressure drawing out an essence of worth; Peter says tested faith is more precious than perishable gold refined by fire, using another physical ordeal to explain enduring value."", ""turn"": 1, ""model"": ""sol"", ""connection_id"": ""BC-595dd337aeaed148071e""}]"
SBLGNT:1Pet.2.20	strong	incil	motif	Enduring suffering while doing good | endure suffering for doing good	Peter asks what credit there is in enduring punishment for wrongdoing, then calls it grace to endure suffering while doing good; this tightly joins patient endurance to righteous action. | The commentary couples good action and patience under pressure; Peter distinguishes punishment for wrongdoing from enduring suffering while doing good, so moral value depends on what the pressured person does.	sec3	"[{""line"": 37, ""strength"": ""strong"", ""tradition"": ""incil"", ""kind"": ""motif"", ""ref"": ""SBLGNT:1Pet.2.20"", ""basis"": ""Enduring suffering while doing good"", ""note"": ""Peter asks what credit there is in enduring punishment for wrongdoing, then calls it grace to endure suffering while doing good; this tightly joins patient endurance to righteous action."", ""turn"": 1, ""model"": ""luna"", ""connection_id"": ""BC-dda1ec43e147b583eb71""}, {""line"": 38, ""strength"": ""strong"", ""tradition"": ""incil"", ""kind"": ""motif"", ""ref"": ""SBLGNT:1Pet.2.20"", ""basis"": ""endure suffering for doing good"", ""note"": ""The commentary couples good action and patience under pressure; Peter distinguishes punishment for wrongdoing from enduring suffering while doing good, so moral value depends on what the pressured person does."", ""turn"": 1, ""model"": ""sol"", ""connection_id"": ""BC-24b6070b91ef416281ab""}]"
SBLGNT:1Thess.5.14	strong	incil	motif	Admonish, encourage, help, and be patient with all | mutual admonition and patience	Paul urges the church to admonish the idle, encourage the fainthearted, help the weak, and be patient with everyone; this combines mutual moral care with patience in concrete cases. | The surah closes with believers counseling one another in patience; Paul directs the community to admonish the idle, encourage the fainthearted, help the weak and be patient toward all, putting counsel and endurance in the same set of relations.	sec3	"[{""line"": 87, ""strength"": ""strong"", ""tradition"": ""incil"", ""kind"": ""motif"", ""ref"": ""SBLGNT:1Thess.5.14"", ""basis"": ""Admonish, encourage, help, and be patient with all"", ""note"": ""Paul urges the church to admonish the idle, encourage the fainthearted, help the weak, and be patient with everyone; this combines mutual moral care with patience in concrete cases."", ""turn"": 2, ""model"": ""luna"", ""connection_id"": ""BC-8d9e9150b8a05dca2681""}, {""line"": 92, ""strength"": ""strong"", ""tradition"": ""incil"", ""kind"": ""motif"", ""ref"": ""SBLGNT:1Thess.5.14"", ""basis"": ""mutual admonition and patience"", ""note"": ""The surah closes with believers counseling one another in patience; Paul directs the community to admonish the idle, encourage the fainthearted, help the weak and be patient toward all, putting counsel and endurance in the same set of relations."", ""turn"": 2, ""model"": ""sol"", ""connection_id"": ""BC-ef77c7116c8cd3df1442""}]"
SBLGNT:1Thess.5.15	medium	incil	motif	Seek the good of one another and everyone	The church must not repay evil for evil but always pursue good for one another and all; this connects reciprocal ethical counsel to doing good.	sec3	"[{""line"": 88, ""strength"": ""medium"", ""tradition"": ""incil"", ""kind"": ""motif"", ""ref"": ""SBLGNT:1Thess.5.15"", ""basis"": ""Seek the good of one another and everyone"", ""note"": ""The church must not repay evil for evil but always pursue good for one another and all; this connects reciprocal ethical counsel to doing good."", ""turn"": 2, ""model"": ""luna"", ""connection_id"": ""BC-1ff6e7b3d75b72c9cf29""}]"
SBLGNT:2Cor.1.4	medium	incil	motif	comfort passed on from affliction	The commentary's valuable result of pressure is shared goodness; Paul says comfort received from God in affliction equips sufferers to comfort others, making the product of distress transferable.	sec3	"[{""line"": 66, ""strength"": ""medium"", ""tradition"": ""incil"", ""kind"": ""motif"", ""ref"": ""SBLGNT:2Cor.1.4"", ""basis"": ""comfort passed on from affliction"", ""note"": ""The commentary's valuable result of pressure is shared goodness; Paul says comfort received from God in affliction equips sufferers to comfort others, making the product of distress transferable."", ""turn"": 1, ""model"": ""sol"", ""connection_id"": ""BC-7eac250cecea569cf29b""}]"
SBLGNT:2Cor.1.6	strong	incil	motif	affliction serves others' endurance	The commentary treats the hard-won essence as goodness given to others; Paul says his affliction serves the community's comfort and salvation, effective as they patiently endure the same sufferings.	sec3	"[{""line"": 34, ""strength"": ""strong"", ""tradition"": ""incil"", ""kind"": ""motif"", ""ref"": ""SBLGNT:2Cor.1.6"", ""basis"": ""affliction serves others' endurance"", ""note"": ""The commentary treats the hard-won essence as goodness given to others; Paul says his affliction serves the community's comfort and salvation, effective as they patiently endure the same sufferings."", ""turn"": 1, ""model"": ""sol"", ""connection_id"": ""BC-b863667f9c5619e1cc49""}]"
SBLGNT:2Cor.4.16	strong	incil	motif	outer person wastes, inner person renews	The commentary places the diminished human beside a preserved inner good; Paul says the outer person is wasting away while the inner person is renewed daily, specifying what can endure inside the fragile vessel of 4:7.	sec3	"[{""line"": 83, ""strength"": ""strong"", ""tradition"": ""incil"", ""kind"": ""motif"", ""ref"": ""SBLGNT:2Cor.4.16"", ""basis"": ""outer person wastes, inner person renews"", ""note"": ""The commentary places the diminished human beside a preserved inner good; Paul says the outer person is wasting away while the inner person is renewed daily, specifying what can endure inside the fragile vessel of 4:7."", ""turn"": 2, ""model"": ""sol"", ""connection_id"": ""BC-4c580d7475ef9bbfd15e""}]"
SBLGNT:2Cor.4.17	strong	incil	motif	affliction produces lasting glory	The commentary says pressure may yield a valuable result beyond the loss it inflicts; Paul says momentary affliction produces an eternal weight of glory, continuing the account of pressed but uncrushed people in 4:8.	sec3	"[{""line"": 84, ""strength"": ""strong"", ""tradition"": ""incil"", ""kind"": ""motif"", ""ref"": ""SBLGNT:2Cor.4.17"", ""basis"": ""affliction produces lasting glory"", ""note"": ""The commentary says pressure may yield a valuable result beyond the loss it inflicts; Paul says momentary affliction produces an eternal weight of glory, continuing the account of pressed but uncrushed people in 4:8."", ""turn"": 2, ""model"": ""sol"", ""connection_id"": ""BC-028093f8d94e5b5886b5""}]"
SBLGNT:2Cor.4.7	strong	incil	motif	Treasure in earthen vessels | treasure in earthen vessels	Paul places treasure in fragile earthen vessels; this gives a close vessel image for the commentary's bottled essence, while locating the value in the vessel's contents rather than in a bitter remedy. | The commentary places diminished humanity between valuable contents and a holding vessel; Paul describes treasure carried in clay jars so the extraordinary power belongs to God rather than to the fragile holders.	sec3	"[{""line"": 15, ""strength"": ""strong"", ""tradition"": ""incil"", ""kind"": ""motif"", ""ref"": ""SBLGNT:2Cor.4.7"", ""basis"": ""Treasure in earthen vessels"", ""note"": ""Paul places treasure in fragile earthen vessels; this gives a close vessel image for the commentary's bottled essence, while locating the value in the vessel's contents rather than in a bitter remedy."", ""turn"": 1, ""model"": ""luna"", ""connection_id"": ""BC-57977041f186ac9afc7c""}, {""line"": 25, ""strength"": ""strong"", ""tradition"": ""incil"", ""kind"": ""motif"", ""ref"": ""SBLGNT:2Cor.4.7"", ""basis"": ""treasure in earthen vessels"", ""note"": ""The commentary places diminished humanity between valuable contents and a holding vessel; Paul describes treasure carried in clay jars so the extraordinary power belongs to God rather than to the fragile holders."", ""turn"": 1, ""model"": ""sol"", ""connection_id"": ""BC-ac9a6cdc4b72f5a73208""}]"
SBLGNT:2Cor.4.8	strong	incil	karsi_anlati|motif	Afflicted but not crushed | pressed but not crushed	Paul says the community is pressed yet not crushed; this directly answers the commentary's image of the human as squeezed matter that decreases, with pressure failing to exhaust the people. | The commentary develops pressure on the human as a possible route to saving essence; Paul says the afflicted are pressed on every side but are not crushed, making the difference between pressure and final loss explicit.	sec3	"[{""line"": 16, ""strength"": ""strong"", ""tradition"": ""incil"", ""kind"": ""karsi_anlati"", ""ref"": ""SBLGNT:2Cor.4.8"", ""basis"": ""Afflicted but not crushed"", ""note"": ""Paul says the community is pressed yet not crushed; this directly answers the commentary's image of the human as squeezed matter that decreases, with pressure failing to exhaust the people."", ""turn"": 1, ""model"": ""luna"", ""connection_id"": ""BC-33f36614fd0a1716c38f""}, {""line"": 26, ""strength"": ""strong"", ""tradition"": ""incil"", ""kind"": ""motif"", ""ref"": ""SBLGNT:2Cor.4.8"", ""basis"": ""pressed but not crushed"", ""note"": ""The commentary develops pressure on the human as a possible route to saving essence; Paul says the afflicted are pressed on every side but are not crushed, making the difference between pressure and final loss explicit."", ""turn"": 1, ""model"": ""sol"", ""connection_id"": ""BC-f0a5f2bd81f0dcb00057""}]"
SBLGNT:2Cor.4.9	strong	incil	karsi_anlati	Struck down but not destroyed	Paul distinguishes being struck down from being destroyed; this counters the commentary's equation of human pressure with decrease by describing survival after blows.	sec3	"[{""line"": 17, ""strength"": ""strong"", ""tradition"": ""incil"", ""kind"": ""karsi_anlati"", ""ref"": ""SBLGNT:2Cor.4.9"", ""basis"": ""Struck down but not destroyed"", ""note"": ""Paul distinguishes being struck down from being destroyed; this counters the commentary's equation of human pressure with decrease by describing survival after blows."", ""turn"": 1, ""model"": ""luna"", ""connection_id"": ""BC-7b8c899a02a45cc9a578""}]"
SBLGNT:2Cor.9.10	medium	incil	motif	God supplies seed and increases the harvest of righteousness	Paul uses seed, bread, and an increased harvest of righteousness; this connects agricultural yield to the commentary's good essence and gives generosity an ethical harvest image.	sec3	"[{""line"": 100, ""strength"": ""medium"", ""tradition"": ""incil"", ""kind"": ""motif"", ""ref"": ""SBLGNT:2Cor.9.10"", ""basis"": ""God supplies seed and increases the harvest of righteousness"", ""note"": ""Paul uses seed, bread, and an increased harvest of righteousness; this connects agricultural yield to the commentary's good essence and gives generosity an ethical harvest image."", ""turn"": 2, ""model"": ""luna"", ""connection_id"": ""BC-4da14d8b4ff8bd8848e7""}]"
SBLGNT:2Cor.9.11	medium	incil	motif	Enrichment for generosity	Paul says the community is enriched in every way for generosity; this closely matches the commentary's report that expressed juice serves as a figure for goodness and giving.	sec3	"[{""line"": 101, ""strength"": ""medium"", ""tradition"": ""incil"", ""kind"": ""motif"", ""ref"": ""SBLGNT:2Cor.9.11"", ""basis"": ""Enrichment for generosity"", ""note"": ""Paul says the community is enriched in every way for generosity; this closely matches the commentary's report that expressed juice serves as a figure for goodness and giving."", ""turn"": 2, ""model"": ""luna"", ""connection_id"": ""BC-00221d1d00f5720618c2""}]"
SBLGNT:2Tim.2.21	medium	incil	motif	vessel ready for good work	The commentary's container matters because it keeps something useful; Paul says a cleansed vessel is set apart and ready for every good work, moving from a vessel's condition to the person's capacity for beneficial action.	sec3	"[{""line"": 69, ""strength"": ""medium"", ""tradition"": ""incil"", ""kind"": ""motif"", ""ref"": ""SBLGNT:2Tim.2.21"", ""basis"": ""vessel ready for good work"", ""note"": ""The commentary's container matters because it keeps something useful; Paul says a cleansed vessel is set apart and ready for every good work, moving from a vessel's condition to the person's capacity for beneficial action."", ""turn"": 1, ""model"": ""sol"", ""connection_id"": ""BC-f135db4054d1346ae2e8""}]"
SBLGNT:2Tim.2.24	strong	incil	motif	The Lord's servant must be patient and able to teach	Paul describes the Lord's servant as not quarrelsome but patient and able to teach; this joins patient conduct to truthful instruction, though it is pastoral rather than reciprocal.	sec3	"[{""line"": 89, ""strength"": ""strong"", ""tradition"": ""incil"", ""kind"": ""motif"", ""ref"": ""SBLGNT:2Tim.2.24"", ""basis"": ""The Lord's servant must be patient and able to teach"", ""note"": ""Paul describes the Lord's servant as not quarrelsome but patient and able to teach; this joins patient conduct to truthful instruction, though it is pastoral rather than reciprocal."", ""turn"": 2, ""model"": ""luna"", ""connection_id"": ""BC-110340ab35d39c23880f""}]"
SBLGNT:2Tim.2.25	strong	incil	motif	Correct opponents gently toward knowledge of truth	The servant is to correct opponents gently in hope that God grants them knowledge of truth; this directly joins correction and truth, adding a one-directional teaching scene to the commentary's mutual counsel.	sec3	"[{""line"": 90, ""strength"": ""strong"", ""tradition"": ""incil"", ""kind"": ""motif"", ""ref"": ""SBLGNT:2Tim.2.25"", ""basis"": ""Correct opponents gently toward knowledge of truth"", ""note"": ""The servant is to correct opponents gently in hope that God grants them knowledge of truth; this directly joins correction and truth, adding a one-directional teaching scene to the commentary's mutual counsel."", ""turn"": 2, ""model"": ""luna"", ""connection_id"": ""BC-eed143316244e204fed3""}]"
SBLGNT:2Tim.4.2	medium	incil	motif	Correct, rebuke, and exhort with patience and teaching | exhort with patience	Paul charges Timothy to preach, correct, and exhort with patience and teaching; unlike the commentary's mutual practice, this is a ministerial instruction, but it joins truth-directed correction to patience. | The surah joins giving counsel and sabr; Timothy is instructed to correct, rebuke and exhort with complete patience and teaching, making endurance a quality of the counsel itself, though the instruction is addressed to one teacher.	sec3	"[{""line"": 57, ""strength"": ""medium"", ""tradition"": ""incil"", ""kind"": ""motif"", ""ref"": ""SBLGNT:2Tim.4.2"", ""basis"": ""Correct, rebuke, and exhort with patience and teaching"", ""note"": ""Paul charges Timothy to preach, correct, and exhort with patience and teaching; unlike the commentary's mutual practice, this is a ministerial instruction, but it joins truth-directed correction to patience."", ""turn"": 1, ""model"": ""luna"", ""connection_id"": ""BC-aaec69d05b8b7194bd6a""}, {""line"": 105, ""strength"": ""medium"", ""tradition"": ""incil"", ""kind"": ""motif"", ""ref"": ""SBLGNT:2Tim.4.2"", ""basis"": ""exhort with patience"", ""note"": ""The surah joins giving counsel and sabr; Timothy is instructed to correct, rebuke and exhort with complete patience and teaching, making endurance a quality of the counsel itself, though the instruction is addressed to one teacher."", ""turn"": 2, ""model"": ""sol"", ""connection_id"": ""BC-c6a9994642000154e040""}]"
SBLGNT:2Tim.4.6	strong	incil	motif	life poured out as drink offering	The commentary's extracted liquid represents the value produced under pressure; Paul, nearing death, describes himself as already being poured out as a drink offering, turning personal loss into an offered gift.	sec3	"[{""line"": 37, ""strength"": ""strong"", ""tradition"": ""incil"", ""kind"": ""motif"", ""ref"": ""SBLGNT:2Tim.4.6"", ""basis"": ""life poured out as drink offering"", ""note"": ""The commentary's extracted liquid represents the value produced under pressure; Paul, nearing death, describes himself as already being poured out as a drink offering, turning personal loss into an offered gift."", ""turn"": 1, ""model"": ""sol"", ""connection_id"": ""BC-d35187e455a094f51f5b""}]"
SBLGNT:Col.3.12	strong	incil	motif	Put on patience with other virtues	Paul tells the community to put on compassion, kindness, humility, gentleness, and patience; this places patience among shared ethical dispositions, extending the commentary's community defined by sabr.	sec3	"[{""line"": 84, ""strength"": ""strong"", ""tradition"": ""incil"", ""kind"": ""motif"", ""ref"": ""SBLGNT:Col.3.12"", ""basis"": ""Put on patience with other virtues"", ""note"": ""Paul tells the community to put on compassion, kindness, humility, gentleness, and patience; this places patience among shared ethical dispositions, extending the commentary's community defined by sabr."", ""turn"": 2, ""model"": ""luna"", ""connection_id"": ""BC-1c404756b01edbf487cc""}]"
SBLGNT:Col.3.13	strong	incil	motif	Bear with and forgive one another	The addressees are told to bear with and forgive one another; this gives the commentary's mutual counsel in patience a concrete practice of forbearance.	sec3	"[{""line"": 85, ""strength"": ""strong"", ""tradition"": ""incil"", ""kind"": ""motif"", ""ref"": ""SBLGNT:Col.3.13"", ""basis"": ""Bear with and forgive one another"", ""note"": ""The addressees are told to bear with and forgive one another; this gives the commentary's mutual counsel in patience a concrete practice of forbearance."", ""turn"": 2, ""model"": ""luna"", ""connection_id"": ""BC-8503e26c64a0c9b333a7""}]"
SBLGNT:Col.3.16	strong	incil	motif	Teach and admonish one another with the word	Paul tells the community to teach and admonish one another with wisdom as Christ's word dwells among them; this is a close communal counterpart to mutual counsel in truth.	sec3	"[{""line"": 86, ""strength"": ""strong"", ""tradition"": ""incil"", ""kind"": ""motif"", ""ref"": ""SBLGNT:Col.3.16"", ""basis"": ""Teach and admonish one another with the word"", ""note"": ""Paul tells the community to teach and admonish one another with wisdom as Christ's word dwells among them; this is a close communal counterpart to mutual counsel in truth."", ""turn"": 2, ""model"": ""luna"", ""connection_id"": ""BC-f52bb1c9cbc6bd530fcb""}]"
SBLGNT:Eph.2.10	strong	incil	motif	Created for good works	Paul immediately says believers are created in Christ for good works; this keeps the contrast from erasing action and offers a distinct account of deeds as the intended result of salvation.	sec3	"[{""line"": 31, ""strength"": ""strong"", ""tradition"": ""incil"", ""kind"": ""motif"", ""ref"": ""SBLGNT:Eph.2.10"", ""basis"": ""Created for good works"", ""note"": ""Paul immediately says believers are created in Christ for good works; this keeps the contrast from erasing action and offers a distinct account of deeds as the intended result of salvation."", ""turn"": 1, ""model"": ""luna"", ""connection_id"": ""BC-a49d9a1d1ad85778b461""}]"
SBLGNT:Eph.2.8	strong	incil	karsi_anlati	Salvation as a gift through faith	Paul says salvation is by grace through faith and is God's gift; set beside the commentary's list of belief and righteous deeds, this frames the ground of rescue differently.	sec3	"[{""line"": 29, ""strength"": ""strong"", ""tradition"": ""incil"", ""kind"": ""karsi_anlati"", ""ref"": ""SBLGNT:Eph.2.8"", ""basis"": ""Salvation as a gift through faith"", ""note"": ""Paul says salvation is by grace through faith and is God's gift; set beside the commentary's list of belief and righteous deeds, this frames the ground of rescue differently."", ""turn"": 1, ""model"": ""luna"", ""connection_id"": ""BC-11d7ce219b1c40a95735""}]"
SBLGNT:Eph.2.9	strong	incil	karsi_anlati	Not from works, so no one may boast	Paul explicitly denies that salvation is from works, while the commentary includes righteous deeds in the description of those outside loss; the contrast concerns how deeds relate to rescue.	sec3	"[{""line"": 30, ""strength"": ""strong"", ""tradition"": ""incil"", ""kind"": ""karsi_anlati"", ""ref"": ""SBLGNT:Eph.2.9"", ""basis"": ""Not from works, so no one may boast"", ""note"": ""Paul explicitly denies that salvation is from works, while the commentary includes righteous deeds in the description of those outside loss; the contrast concerns how deeds relate to rescue."", ""turn"": 1, ""model"": ""luna"", ""connection_id"": ""BC-db93bbc19c97f2020bee""}]"
SBLGNT:Eph.4.25	strong	incil	motif	Speak truth each with the neighbor	Paul commands each person to put away falsehood and speak truth with the neighbor because they belong to one another; this is a direct communal truth-speaking analogue to the commentary's mutual counsel.	sec3	"[{""line"": 27, ""strength"": ""strong"", ""tradition"": ""incil"", ""kind"": ""motif"", ""ref"": ""SBLGNT:Eph.4.25"", ""basis"": ""Speak truth each with the neighbor"", ""note"": ""Paul commands each person to put away falsehood and speak truth with the neighbor because they belong to one another; this is a direct communal truth-speaking analogue to the commentary's mutual counsel."", ""turn"": 1, ""model"": ""luna"", ""connection_id"": ""BC-de52db3c475a810c735d""}]"
SBLGNT:Gal.6.2	medium	incil	motif	bear one another's burdens	The surah makes patience and counsel reciprocal under human loss; Paul tells believers to carry one another's burdens, giving shared weight a practical communal answer.	sec3	"[{""line"": 104, ""strength"": ""medium"", ""tradition"": ""incil"", ""kind"": ""motif"", ""ref"": ""SBLGNT:Gal.6.2"", ""basis"": ""bear one another's burdens"", ""note"": ""The surah makes patience and counsel reciprocal under human loss; Paul tells believers to carry one another's burdens, giving shared weight a practical communal answer."", ""turn"": 2, ""model"": ""sol"", ""connection_id"": ""BC-34c80a6c3c1ef30ad8b2""}]"
SBLGNT:Gal.6.9	strong	incil	motif	Persistence in doing good and harvest in due season	Paul urges doing good without weariness because a harvest comes in due time if one does not give up; this joins the commentary's righteous action and patience to an agricultural yield.	sec3	"[{""line"": 22, ""strength"": ""strong"", ""tradition"": ""incil"", ""kind"": ""motif"", ""ref"": ""SBLGNT:Gal.6.9"", ""basis"": ""Persistence in doing good and harvest in due season"", ""note"": ""Paul urges doing good without weariness because a harvest comes in due time if one does not give up; this joins the commentary's righteous action and patience to an agricultural yield."", ""turn"": 1, ""model"": ""luna"", ""connection_id"": ""BC-a7e2e267a7c7ecb66b21""}]"
SBLGNT:Heb.10.24	strong	incil	motif	Stirring one another to love and good works | mutual prompting toward good works	The addressees are told to provoke one another toward love and good works; this closely matches the commentary's reciprocal counsel and righteous deeds, though it specifies love rather than truth. | The surah names good deeds and reciprocal counsel; Hebrews calls hearers to consider how to stir one another to love and good works, supplying a concrete communal form for the surah's linked actions.	sec3	"[{""line"": 23, ""strength"": ""strong"", ""tradition"": ""incil"", ""kind"": ""motif"", ""ref"": ""SBLGNT:Heb.10.24"", ""basis"": ""Stirring one another to love and good works"", ""note"": ""The addressees are told to provoke one another toward love and good works; this closely matches the commentary's reciprocal counsel and righteous deeds, though it specifies love rather than truth."", ""turn"": 1, ""model"": ""luna"", ""connection_id"": ""BC-8bd0118336f7b67634f0""}, {""line"": 90, ""strength"": ""strong"", ""tradition"": ""incil"", ""kind"": ""motif"", ""ref"": ""SBLGNT:Heb.10.24"", ""basis"": ""mutual prompting toward good works"", ""note"": ""The surah names good deeds and reciprocal counsel; Hebrews calls hearers to consider how to stir one another to love and good works, supplying a concrete communal form for the surah's linked actions."", ""turn"": 2, ""model"": ""sol"", ""connection_id"": ""BC-752687b163fa3c61e898""}]"
SBLGNT:Heb.10.25	strong	incil	motif	Encouraging one another | encouraging one another as the day nears	The assembly is to encourage one another as the day approaches; this supplies the reciprocal communal action behind the commentary's repeated mutual exhortation. | The commentary's reciprocal counsel is urgent under human loss; Hebrews asks the assembly not to abandon meeting and to encourage one another increasingly as the day approaches, adding persistence in a gathered community to the preceding call to good works.	sec3	"[{""line"": 24, ""strength"": ""strong"", ""tradition"": ""incil"", ""kind"": ""motif"", ""ref"": ""SBLGNT:Heb.10.25"", ""basis"": ""Encouraging one another"", ""note"": ""The assembly is to encourage one another as the day approaches; this supplies the reciprocal communal action behind the commentary's repeated mutual exhortation."", ""turn"": 1, ""model"": ""luna"", ""connection_id"": ""BC-f727a6ec378ac41de385""}, {""line"": 91, ""strength"": ""strong"", ""tradition"": ""incil"", ""kind"": ""motif"", ""ref"": ""SBLGNT:Heb.10.25"", ""basis"": ""encouraging one another as the day nears"", ""note"": ""The commentary's reciprocal counsel is urgent under human loss; Hebrews asks the assembly not to abandon meeting and to encourage one another increasingly as the day approaches, adding persistence in a gathered community to the preceding call to good works."", ""turn"": 2, ""model"": ""sol"", ""connection_id"": ""BC-fbd8420285134010aff8""}]"
SBLGNT:Heb.10.36	medium	incil	motif	endurance after doing God's will	The commentary joins righteous deeds to mutual counsel in patience; Hebrews says endurance is needed after doing God's will to receive what was promised, linking conduct and sustained waiting.	sec3	"[{""line"": 65, ""strength"": ""medium"", ""tradition"": ""incil"", ""kind"": ""motif"", ""ref"": ""SBLGNT:Heb.10.36"", ""basis"": ""endurance after doing God's will"", ""note"": ""The commentary joins righteous deeds to mutual counsel in patience; Hebrews says endurance is needed after doing God's will to receive what was promised, linking conduct and sustained waiting."", ""turn"": 1, ""model"": ""sol"", ""connection_id"": ""BC-609a089b937f87f2d844""}]"
SBLGNT:Heb.12.11	strong	incil	motif	Painful discipline later yields peaceful fruit | painful discipline yields good fruit	Discipline is painful in the present but later yields peaceful fruit; this gives a precise interpretive bridge to the commentary's bitter medicine, whose discomfort is paired with healing benefit. | The commentary's bitter remedy comes out of pressure and heals; Hebrews calls discipline painful in the present but says it later yields the peaceful fruit of righteousness to those trained by it.	sec3	"[{""line"": 20, ""strength"": ""strong"", ""tradition"": ""incil"", ""kind"": ""motif"", ""ref"": ""SBLGNT:Heb.12.11"", ""basis"": ""Painful discipline later yields peaceful fruit"", ""note"": ""Discipline is painful in the present but later yields peaceful fruit; this gives a precise interpretive bridge to the commentary's bitter medicine, whose discomfort is paired with healing benefit."", ""turn"": 1, ""model"": ""luna"", ""connection_id"": ""BC-1cd65873cdc254dbaf9d""}, {""line"": 27, ""strength"": ""strong"", ""tradition"": ""incil"", ""kind"": ""motif"", ""ref"": ""SBLGNT:Heb.12.11"", ""basis"": ""painful discipline yields good fruit"", ""note"": ""The commentary's bitter remedy comes out of pressure and heals; Hebrews calls discipline painful in the present but says it later yields the peaceful fruit of righteousness to those trained by it."", ""turn"": 1, ""model"": ""sol"", ""connection_id"": ""BC-759e0e116095bb18deba""}]"
SBLGNT:Heb.12.2	medium	incil	motif	cross endured for later joy	The commentary calls patience a bitter but beneficial outcome of pressure; Hebrews says Jesus endured the cross for the joy set before him, giving a particular sufferer's ordeal and later good beside the discipline image in 12:11.	sec3	"[{""line"": 102, ""strength"": ""medium"", ""tradition"": ""incil"", ""kind"": ""motif"", ""ref"": ""SBLGNT:Heb.12.2"", ""basis"": ""cross endured for later joy"", ""note"": ""The commentary calls patience a bitter but beneficial outcome of pressure; Hebrews says Jesus endured the cross for the joy set before him, giving a particular sufferer's ordeal and later good beside the discipline image in 12:11."", ""turn"": 2, ""model"": ""sol"", ""connection_id"": ""BC-5493dbb7fcf2c526ded2""}]"
SBLGNT:Heb.3.13	strong	incil	motif	Daily mutual exhortation prevents hardening	The community must exhort one another daily so no one is hardened by sin's deceit; this gives the commentary's mutual counsel a concrete protective purpose against moral loss.	sec3	"[{""line"": 36, ""strength"": ""strong"", ""tradition"": ""incil"", ""kind"": ""motif"", ""ref"": ""SBLGNT:Heb.3.13"", ""basis"": ""Daily mutual exhortation prevents hardening"", ""note"": ""The community must exhort one another daily so no one is hardened by sin's deceit; this gives the commentary's mutual counsel a concrete protective purpose against moral loss."", ""turn"": 1, ""model"": ""luna"", ""connection_id"": ""BC-305c6207c93fa5d01ac7""}]"
SBLGNT:Heb.6.12	strong	incil	motif	Faith and patience inherit the promises	The author urges imitation of those who inherit promises through faith and patience; this directly pairs two qualities named in the commentary's saved group.	sec3	"[{""line"": 32, ""strength"": ""strong"", ""tradition"": ""incil"", ""kind"": ""motif"", ""ref"": ""SBLGNT:Heb.6.12"", ""basis"": ""Faith and patience inherit the promises"", ""note"": ""The author urges imitation of those who inherit promises through faith and patience; this directly pairs two qualities named in the commentary's saved group."", ""turn"": 1, ""model"": ""luna"", ""connection_id"": ""BC-5f6743e75f2752900ff0""}]"
SBLGNT:Jas.1.12	strong	incil	motif	Enduring trial leads to the crown of life	James calls blessed the person who endures trial and promises the crown of life; this connects patience under pressure to a salvific outcome.	sec3	"[{""line"": 95, ""strength"": ""strong"", ""tradition"": ""incil"", ""kind"": ""motif"", ""ref"": ""SBLGNT:Jas.1.12"", ""basis"": ""Enduring trial leads to the crown of life"", ""note"": ""James calls blessed the person who endures trial and promises the crown of life; this connects patience under pressure to a salvific outcome."", ""raw_ref"": ""SBLGNT:James.1.12"", ""reference_resolution"": ""edition-book-names-v2"", ""turn"": 2, ""model"": ""luna"", ""connection_id"": ""BC-2aa8b3fb64df78171cef""}]"
SBLGNT:Jas.1.3	strong	incil	motif	Testing of faith produces endurance | trial produces endurance	James says the testing of faith produces endurance; this gives the commentary's bitter, pressed sabr an explicit formation process under trial. | The commentary places sabr after the human's pressured loss; James says testing faith produces endurance, stating the productive sequence behind the commentary's pressed remedy.	sec3	"[{""line"": 34, ""strength"": ""strong"", ""tradition"": ""incil"", ""kind"": ""motif"", ""ref"": ""SBLGNT:Jas.1.3"", ""basis"": ""Testing of faith produces endurance"", ""note"": ""James says the testing of faith produces endurance; this gives the commentary's bitter, pressed sabr an explicit formation process under trial."", ""raw_ref"": ""SBLGNT:James.1.3"", ""reference_resolution"": ""edition-book-names-v2"", ""turn"": 1, ""model"": ""luna"", ""connection_id"": ""BC-b5c6f3a37143e19ede6d""}, {""line"": 28, ""strength"": ""strong"", ""tradition"": ""incil"", ""kind"": ""motif"", ""ref"": ""SBLGNT:Jas.1.3"", ""basis"": ""trial produces endurance"", ""note"": ""The commentary places sabr after the human's pressured loss; James says testing faith produces endurance, stating the productive sequence behind the commentary's pressed remedy."", ""raw_ref"": ""SBLGNT:James.1.3"", ""reference_resolution"": ""edition-book-names-v2"", ""turn"": 1, ""model"": ""sol"", ""connection_id"": ""BC-9bccc2e9791793074652""}]"
SBLGNT:Jas.1.4	strong	incil	motif	Endurance completes its work | endurance and lacking nothing	James says endurance must have its full effect so people become complete; this interprets patience as a formed quality with a beneficial end, like the commentary's medicine metaphor. | The commentary connects sabr to overcoming khusr as diminution; James asks that endurance complete its work so the faithful become complete and lack nothing, joining endurance to the reversal of lack.	sec3	"[{""line"": 35, ""strength"": ""strong"", ""tradition"": ""incil"", ""kind"": ""motif"", ""ref"": ""SBLGNT:Jas.1.4"", ""basis"": ""Endurance completes its work"", ""note"": ""James says endurance must have its full effect so people become complete; this interprets patience as a formed quality with a beneficial end, like the commentary's medicine metaphor."", ""raw_ref"": ""SBLGNT:James.1.4"", ""reference_resolution"": ""edition-book-names-v2"", ""turn"": 1, ""model"": ""luna"", ""connection_id"": ""BC-f09d4618810586c52902""}, {""line"": 29, ""strength"": ""strong"", ""tradition"": ""incil"", ""kind"": ""motif"", ""ref"": ""SBLGNT:Jas.1.4"", ""basis"": ""endurance and lacking nothing"", ""note"": ""The commentary connects sabr to overcoming khusr as diminution; James asks that endurance complete its work so the faithful become complete and lack nothing, joining endurance to the reversal of lack."", ""raw_ref"": ""SBLGNT:James.1.4"", ""reference_resolution"": ""edition-book-names-v2"", ""turn"": 1, ""model"": ""sol"", ""connection_id"": ""BC-07986a518a4a5b7323d2""}]"
SBLGNT:Jas.2.14	strong	incil	motif	Can faith without works save?	James asks whether a person who claims faith but has no works can be saved; this directly tests the commentary's pairing of belief and righteous action, making their relation explicit.	sec3	"[{""line"": 91, ""strength"": ""strong"", ""tradition"": ""incil"", ""kind"": ""motif"", ""ref"": ""SBLGNT:Jas.2.14"", ""basis"": ""Can faith without works save?"", ""note"": ""James asks whether a person who claims faith but has no works can be saved; this directly tests the commentary's pairing of belief and righteous action, making their relation explicit."", ""raw_ref"": ""SBLGNT:James.2.14"", ""reference_resolution"": ""edition-book-names-v2"", ""turn"": 2, ""model"": ""luna"", ""connection_id"": ""BC-8434032000202eb0bdfc""}]"
SBLGNT:Jas.2.17	strong	incil	motif	Faith without works is dead	James says faith without works is dead; this gives a specific Christian account of why belief and deeds belong together in the commentary's exception from loss.	sec3	"[{""line"": 92, ""strength"": ""strong"", ""tradition"": ""incil"", ""kind"": ""motif"", ""ref"": ""SBLGNT:Jas.2.17"", ""basis"": ""Faith without works is dead"", ""note"": ""James says faith without works is dead; this gives a specific Christian account of why belief and deeds belong together in the commentary's exception from loss."", ""raw_ref"": ""SBLGNT:James.2.17"", ""reference_resolution"": ""edition-book-names-v2"", ""turn"": 2, ""model"": ""luna"", ""connection_id"": ""BC-c05e53bd7201379165e5""}]"
SBLGNT:Jas.5.11	medium	incil	motif	Job's endurance and mercy	The commentary calls sabr a bitter but healing result of pressure; James recalls Job's endurance and the Lord's compassionate outcome, locating patience within a particular sufferer's eventual relief.	sec3	"[{""line"": 64, ""strength"": ""medium"", ""tradition"": ""incil"", ""kind"": ""motif"", ""ref"": ""SBLGNT:Jas.5.11"", ""basis"": ""Job's endurance and mercy"", ""note"": ""The commentary calls sabr a bitter but healing result of pressure; James recalls Job's endurance and the Lord's compassionate outcome, locating patience within a particular sufferer's eventual relief."", ""raw_ref"": ""SBLGNT:James.5.11"", ""reference_resolution"": ""edition-book-names-v2"", ""turn"": 1, ""model"": ""sol"", ""connection_id"": ""BC-0b4bdf440a8df4ae3fad""}]"
SBLGNT:Jas.5.19	strong	incil	motif	Turning a wanderer back from truth	James addresses fellow believers and says that whoever turns a brother back from wandering from the truth performs a communal corrective act like the commentary's mutual counsel in truth.	sec3	"[{""line"": 25, ""strength"": ""strong"", ""tradition"": ""incil"", ""kind"": ""motif"", ""ref"": ""SBLGNT:Jas.5.19"", ""basis"": ""Turning a wanderer back from truth"", ""note"": ""James addresses fellow believers and says that whoever turns a brother back from wandering from the truth performs a communal corrective act like the commentary's mutual counsel in truth."", ""raw_ref"": ""SBLGNT:James.5.19"", ""reference_resolution"": ""edition-book-names-v2"", ""turn"": 1, ""model"": ""luna"", ""connection_id"": ""BC-cbe7952be47a87d72cd3""}]"
SBLGNT:Jas.5.20	strong	incil	motif	Saving a soul from death	James adds that bringing the wanderer back saves that person's soul from death; this makes the truth-directed mutual correction a rescue from loss, not merely instruction.	sec3	"[{""line"": 26, ""strength"": ""strong"", ""tradition"": ""incil"", ""kind"": ""motif"", ""ref"": ""SBLGNT:Jas.5.20"", ""basis"": ""Saving a soul from death"", ""note"": ""James adds that bringing the wanderer back saves that person's soul from death; this makes the truth-directed mutual correction a rescue from loss, not merely instruction."", ""raw_ref"": ""SBLGNT:James.5.20"", ""reference_resolution"": ""edition-book-names-v2"", ""turn"": 1, ""model"": ""luna"", ""connection_id"": ""BC-9b15fbe1e2d06ff38fbd""}]"
SBLGNT:Jas.5.7	strong	incil	motif	The farmer patiently waits for precious fruit | farmer waits for precious fruit	James tells the community to wait patiently like a farmer for the earth's precious crop; it links patience to delayed yield, though the image is cultivation rather than extraction. | The commentary places patience after pressed produce and scarcity; James asks the community to wait like a farmer for the precious fruit of the earth through its early and late rains, joining endurance, water and eventual yield.	sec3	"[{""line"": 38, ""strength"": ""strong"", ""tradition"": ""incil"", ""kind"": ""motif"", ""ref"": ""SBLGNT:Jas.5.7"", ""basis"": ""The farmer patiently waits for precious fruit"", ""note"": ""James tells the community to wait patiently like a farmer for the earth's precious crop; it links patience to delayed yield, though the image is cultivation rather than extraction."", ""raw_ref"": ""SBLGNT:James.5.7"", ""reference_resolution"": ""edition-book-names-v2"", ""turn"": 1, ""model"": ""luna"", ""connection_id"": ""BC-dd2a65316ee8b7dfa374""}, {""line"": 63, ""strength"": ""medium"", ""tradition"": ""incil"", ""kind"": ""motif"", ""ref"": ""SBLGNT:Jas.5.7"", ""basis"": ""farmer waits for precious fruit"", ""note"": ""The commentary places patience after pressed produce and scarcity; James asks the community to wait like a farmer for the precious fruit of the earth through its early and late rains, joining endurance, water and eventual yield."", ""raw_ref"": ""SBLGNT:James.5.7"", ""reference_resolution"": ""edition-book-names-v2"", ""turn"": 1, ""model"": ""sol"", ""connection_id"": ""BC-d1fd6cb9dbe3f7c80fb4""}]"
SBLGNT:John.15.2	strong	incil	motif	Pruning a fruitful branch for more fruit | pruning increases fruitful yield	Jesus says the vinedresser prunes the fruitful branch so it bears more fruit; this gives the commentary's grape and pressure images a contrasting cultivation model where cutting increases future yield. | The commentary imagines something removed under pressure so that good can emerge; Jesus says the Father prunes a fruit-bearing branch to make it bear more fruit, joining painful subtraction to a larger yield.	sec3	"[{""line"": 97, ""strength"": ""medium"", ""tradition"": ""incil"", ""kind"": ""motif"", ""ref"": ""SBLGNT:John.15.2"", ""basis"": ""Pruning a fruitful branch for more fruit"", ""note"": ""Jesus says the vinedresser prunes the fruitful branch so it bears more fruit; this gives the commentary's grape and pressure images a contrasting cultivation model where cutting increases future yield."", ""turn"": 2, ""model"": ""luna"", ""connection_id"": ""BC-101ef4916b292d49648e""}, {""line"": 89, ""strength"": ""strong"", ""tradition"": ""incil"", ""kind"": ""motif"", ""ref"": ""SBLGNT:John.15.2"", ""basis"": ""pruning increases fruitful yield"", ""note"": ""The commentary imagines something removed under pressure so that good can emerge; Jesus says the Father prunes a fruit-bearing branch to make it bear more fruit, joining painful subtraction to a larger yield."", ""turn"": 2, ""model"": ""sol"", ""connection_id"": ""BC-b5a533b1a9925904da3f""}]"
SBLGNT:John.19.28	strong	incil	motif	Jesus says he thirsts | thirst in suffering	At the crucifixion Jesus says he thirsts; this is a specific bodily thirst scene beside the commentary's dried tongue, with the speaker's impending death making the need unresolved. | The commentary's dried tongue belongs to one under pressure; at the cross Jesus says he is thirsty, bringing bodily thirst into an account of sustained suffering.	sec3	"[{""line"": 73, ""strength"": ""strong"", ""tradition"": ""incil"", ""kind"": ""motif"", ""ref"": ""SBLGNT:John.19.28"", ""basis"": ""Jesus says he thirsts"", ""note"": ""At the crucifixion Jesus says he thirsts; this is a specific bodily thirst scene beside the commentary's dried tongue, with the speaker's impending death making the need unresolved."", ""turn"": 2, ""model"": ""luna"", ""connection_id"": ""BC-d3f0cbd8255a660133ce""}, {""line"": 35, ""strength"": ""strong"", ""tradition"": ""incil"", ""kind"": ""motif"", ""ref"": ""SBLGNT:John.19.28"", ""basis"": ""thirst in suffering"", ""note"": ""The commentary's dried tongue belongs to one under pressure; at the cross Jesus says he is thirsty, bringing bodily thirst into an account of sustained suffering."", ""turn"": 1, ""model"": ""sol"", ""connection_id"": ""BC-2ca155a0455d765b97fa""}]"
SBLGNT:John.19.29	strong	incil	karsi_anlati|motif	Sour wine lifted to the thirsty Jesus | sour wine offered for thirst	The bystanders raise sour wine to Jesus after he says he thirsts; the drink is acidic relief in a death scene, not the beneficial bitter remedy described in the commentary. | The commentary's liquid can be bitter rather than simply refreshing; at the cross sour wine is lifted to the thirsty Jesus on a sponge, coupling distress with an acrid drink rather than plain water.	sec3	"[{""line"": 74, ""strength"": ""strong"", ""tradition"": ""incil"", ""kind"": ""karsi_anlati"", ""ref"": ""SBLGNT:John.19.29"", ""basis"": ""Sour wine lifted to the thirsty Jesus"", ""note"": ""The bystanders raise sour wine to Jesus after he says he thirsts; the drink is acidic relief in a death scene, not the beneficial bitter remedy described in the commentary."", ""turn"": 2, ""model"": ""luna"", ""connection_id"": ""BC-4aade8103d0c3a54d073""}, {""line"": 36, ""strength"": ""strong"", ""tradition"": ""incil"", ""kind"": ""motif"", ""ref"": ""SBLGNT:John.19.29"", ""basis"": ""sour wine offered for thirst"", ""note"": ""The commentary's liquid can be bitter rather than simply refreshing; at the cross sour wine is lifted to the thirsty Jesus on a sponge, coupling distress with an acrid drink rather than plain water."", ""turn"": 1, ""model"": ""sol"", ""connection_id"": ""BC-59c1b18edb50d4fdee69""}]"
SBLGNT:John.4.14	strong	incil	motif	drink that ends thirst and becomes a spring	The commentary links a dry tongue, a relieving drink and a valuable liquid kept within; Jesus says the water he gives ends thirst and becomes a spring within the recipient, turning received relief into a continuing source.	sec3	"[{""line"": 82, ""strength"": ""strong"", ""tradition"": ""incil"", ""kind"": ""motif"", ""ref"": ""SBLGNT:John.4.14"", ""basis"": ""drink that ends thirst and becomes a spring"", ""note"": ""The commentary links a dry tongue, a relieving drink and a valuable liquid kept within; Jesus says the water he gives ends thirst and becomes a spring within the recipient, turning received relief into a continuing source."", ""turn"": 2, ""model"": ""sol"", ""connection_id"": ""BC-1cb23cadb1e041d5dbc8""}]"
SBLGNT:John.7.37	medium	incil	motif	thirsty invited to drink	The commentary's dry tongue requires a life-giving drink; Jesus calls anyone thirsty to come to him and drink, offering spiritual relief through the bodily action named in the scene.	sec3	"[{""line"": 59, ""strength"": ""medium"", ""tradition"": ""incil"", ""kind"": ""motif"", ""ref"": ""SBLGNT:John.7.37"", ""basis"": ""thirsty invited to drink"", ""note"": ""The commentary's dry tongue requires a life-giving drink; Jesus calls anyone thirsty to come to him and drink, offering spiritual relief through the bodily action named in the scene."", ""turn"": 1, ""model"": ""sol"", ""connection_id"": ""BC-bbe4f060f33f0a6b6e9b""}]"
SBLGNT:John.7.38	medium	incil	motif	water flowing outward from believer	The commentary's beneficial extract becomes an outflow to others; Jesus says living water will flow from the believer's inner being, turning received drink into a source rather than a private possession.	sec3	"[{""line"": 60, ""strength"": ""medium"", ""tradition"": ""incil"", ""kind"": ""motif"", ""ref"": ""SBLGNT:John.7.38"", ""basis"": ""water flowing outward from believer"", ""note"": ""The commentary's beneficial extract becomes an outflow to others; Jesus says living water will flow from the believer's inner being, turning received drink into a source rather than a private possession."", ""turn"": 1, ""model"": ""sol"", ""connection_id"": ""BC-aa5387fc878a7fe0e384""}]"
SBLGNT:Luke.16.24	strong	incil	motif	water for a tormented tongue	The commentary names a thirst-dried tongue and liquid that could relieve distress; the rich man in torment asks for a fingertip of water to cool his tongue, but the relief he requests is withheld.	sec3	"[{""line"": 24, ""strength"": ""strong"", ""tradition"": ""incil"", ""kind"": ""motif"", ""ref"": ""SBLGNT:Luke.16.24"", ""basis"": ""water for a tormented tongue"", ""note"": ""The commentary names a thirst-dried tongue and liquid that could relieve distress; the rich man in torment asks for a fingertip of water to cool his tongue, but the relief he requests is withheld."", ""turn"": 1, ""model"": ""sol"", ""connection_id"": ""BC-e665a24254747f5d28cd""}]"
SBLGNT:Luke.21.19	strong	incil	motif	endurance gains life	The commentary's middle human is in loss and its close calls for sabr; Jesus tells persecuted hearers they will gain their lives through endurance, directly reversing threatened loss.	sec3	"[{""line"": 32, ""strength"": ""strong"", ""tradition"": ""incil"", ""kind"": ""motif"", ""ref"": ""SBLGNT:Luke.21.19"", ""basis"": ""endurance gains life"", ""note"": ""The commentary's middle human is in loss and its close calls for sabr; Jesus tells persecuted hearers they will gain their lives through endurance, directly reversing threatened loss."", ""turn"": 1, ""model"": ""sol"", ""connection_id"": ""BC-b523474a5816d77c155a""}]"
SBLGNT:Luke.9.24	strong	incil	karsi_anlati	Losing life for Jesus saves it	Jesus says the one who loses life for his sake will save it; this reverses the commentary's general human loss into a paradoxical self-loss that leads to rescue.	sec3	"[{""line"": 94, ""strength"": ""strong"", ""tradition"": ""incil"", ""kind"": ""karsi_anlati"", ""ref"": ""SBLGNT:Luke.9.24"", ""basis"": ""Losing life for Jesus saves it"", ""note"": ""Jesus says the one who loses life for his sake will save it; this reverses the commentary's general human loss into a paradoxical self-loss that leads to rescue."", ""turn"": 2, ""model"": ""luna"", ""connection_id"": ""BC-158fc8306b894e030708""}]"
SBLGNT:Mark.14.3	strong	incil	motif	broken jar and poured perfume	The commentary joins a valuable extract, its vessel and generous outflow; the woman breaks an alabaster jar of costly nard and pours its contents on Jesus, making the opened container the condition of the gift.	sec3	"[{""line"": 23, ""strength"": ""strong"", ""tradition"": ""incil"", ""kind"": ""motif"", ""ref"": ""SBLGNT:Mark.14.3"", ""basis"": ""broken jar and poured perfume"", ""note"": ""The commentary joins a valuable extract, its vessel and generous outflow; the woman breaks an alabaster jar of costly nard and pours its contents on Jesus, making the opened container the condition of the gift."", ""turn"": 1, ""model"": ""sol"", ""connection_id"": ""BC-009a1016a9ef11e48fc9""}]"
SBLGNT:Mark.14.36	medium	incil	motif	cup of suffering and yielded will	The commentary makes a cup and its difficult contents part of the pressured person's response; Jesus asks that the cup pass from him but submits to the Father's will, using the vessel for an ordeal faced with endurance.	sec3	"[{""line"": 103, ""strength"": ""medium"", ""tradition"": ""incil"", ""kind"": ""motif"", ""ref"": ""SBLGNT:Mark.14.36"", ""basis"": ""cup of suffering and yielded will"", ""note"": ""The commentary makes a cup and its difficult contents part of the pressured person's response; Jesus asks that the cup pass from him but submits to the Father's will, using the vessel for an ordeal faced with endurance."", ""turn"": 2, ""model"": ""sol"", ""connection_id"": ""BC-3e51370aac644d033f30""}]"
SBLGNT:Mark.15.23	weak	incil	motif	Wine mixed with myrrh is refused	Mark says wine mixed with myrrh is offered to Jesus and he does not take it; the plant resin in a wine drink recalls the commentary's plant-derived bitter essence, though Mark does not call it bitter or medicinal.	sec3	"[{""line"": 72, ""strength"": ""weak"", ""tradition"": ""incil"", ""kind"": ""motif"", ""ref"": ""SBLGNT:Mark.15.23"", ""basis"": ""Wine mixed with myrrh is refused"", ""note"": ""Mark says wine mixed with myrrh is offered to Jesus and he does not take it; the plant resin in a wine drink recalls the commentary's plant-derived bitter essence, though Mark does not call it bitter or medicinal."", ""turn"": 2, ""model"": ""luna"", ""connection_id"": ""BC-e0fa4d8bd135f6cf2aa3""}]"
SBLGNT:Mark.2.22	strong	incil	karsi_anlati	New wine bursts wineskins	Jesus says new wine put into old wineskins bursts them and both wine and skins are lost; unlike the commentary's corked bottle retaining a medicinal essence, this vessel fails under pressure and causes loss.	sec3	"[{""line"": 75, ""strength"": ""strong"", ""tradition"": ""incil"", ""kind"": ""karsi_anlati"", ""ref"": ""SBLGNT:Mark.2.22"", ""basis"": ""New wine bursts wineskins"", ""note"": ""Jesus says new wine put into old wineskins bursts them and both wine and skins are lost; unlike the commentary's corked bottle retaining a medicinal essence, this vessel fails under pressure and causes loss."", ""turn"": 2, ""model"": ""luna"", ""connection_id"": ""BC-620b3e3a1887d0587fd6""}]"
SBLGNT:Mark.9.41	medium	incil	motif	cup of water given to a disciple	The commentary says expressed goodness can take the form of a gift; Jesus promises a reward for giving even a cup of water because the recipient belongs to Christ, measuring charity by a concrete drink.	sec3	"[{""line"": 62, ""strength"": ""medium"", ""tradition"": ""incil"", ""kind"": ""motif"", ""ref"": ""SBLGNT:Mark.9.41"", ""basis"": ""cup of water given to a disciple"", ""note"": ""The commentary says expressed goodness can take the form of a gift; Jesus promises a reward for giving even a cup of water because the recipient belongs to Christ, measuring charity by a concrete drink."", ""turn"": 1, ""model"": ""sol"", ""connection_id"": ""BC-3337d1b126957264b632""}]"
SBLGNT:Matt.24.13	strong	incil	motif	enduring to the end saves	The commentary's final sabr answers the human's peril of loss; Jesus says the one who endures to the end will be saved in a discourse about affliction and betrayal.	sec3	"[{""line"": 33, ""strength"": ""strong"", ""tradition"": ""incil"", ""kind"": ""motif"", ""ref"": ""SBLGNT:Matt.24.13"", ""basis"": ""enduring to the end saves"", ""note"": ""The commentary's final sabr answers the human's peril of loss; Jesus says the one who endures to the end will be saved in a discourse about affliction and betrayal."", ""turn"": 1, ""model"": ""sol"", ""connection_id"": ""BC-b2b6d1d7a67ed1550bc9""}]"
SBLGNT:Matt.25.35	medium	incil	motif	thirst met by giving drink	The commentary makes liquid relief an act of goodness; the king identifies himself with a thirsty person to whom the righteous gave drink, tying a small bodily gift to the judgment of good action.	sec3	"[{""line"": 61, ""strength"": ""medium"", ""tradition"": ""incil"", ""kind"": ""motif"", ""ref"": ""SBLGNT:Matt.25.35"", ""basis"": ""thirst met by giving drink"", ""note"": ""The commentary makes liquid relief an act of goodness; the king identifies himself with a thirsty person to whom the righteous gave drink, tying a small bodily gift to the judgment of good action."", ""turn"": 1, ""model"": ""sol"", ""connection_id"": ""BC-98af03efd2e7cb958fb3""}]"
SBLGNT:Matt.26.29	medium	incil	motif	fruit of vine deferred until kingdom	The commentary recalls renewed pressing after a time of deprivation; Jesus says he will not drink the fruit of the vine again until drinking it new with the disciples in his Father's kingdom, setting present abstention beside future shared wine.	sec3	"[{""line"": 107, ""strength"": ""medium"", ""tradition"": ""incil"", ""kind"": ""motif"", ""ref"": ""SBLGNT:Matt.26.29"", ""basis"": ""fruit of vine deferred until kingdom"", ""note"": ""The commentary recalls renewed pressing after a time of deprivation; Jesus says he will not drink the fruit of the vine again until drinking it new with the disciples in his Father's kingdom, setting present abstention beside future shared wine."", ""turn"": 2, ""model"": ""sol"", ""connection_id"": ""BC-5a3d361f85a6d1c119ac""}]"
SBLGNT:Matt.26.39	medium	incil	motif	Jesus asks that the cup pass, then submits	Jesus asks whether the cup can pass but submits to the Father's will; the cup makes suffering a drink-like burden, while the scene adds willing endurance rather than the commentary's extracted medicine.	sec3	"[{""line"": 98, ""strength"": ""medium"", ""tradition"": ""incil"", ""kind"": ""motif"", ""ref"": ""SBLGNT:Matt.26.39"", ""basis"": ""Jesus asks that the cup pass, then submits"", ""note"": ""Jesus asks whether the cup can pass but submits to the Father's will; the cup makes suffering a drink-like burden, while the scene adds willing endurance rather than the commentary's extracted medicine."", ""turn"": 2, ""model"": ""luna"", ""connection_id"": ""BC-7e40c76fa47fadef0406""}]"
SBLGNT:Matt.26.42	medium	incil	motif	Jesus accepts the cup he must drink	Jesus says that if the cup cannot pass unless he drinks it, the Father's will be done; this continuation turns the cup from a requested escape into accepted suffering.	sec3	"[{""line"": 99, ""strength"": ""medium"", ""tradition"": ""incil"", ""kind"": ""motif"", ""ref"": ""SBLGNT:Matt.26.42"", ""basis"": ""Jesus accepts the cup he must drink"", ""note"": ""Jesus says that if the cup cannot pass unless he drinks it, the Father's will be done; this continuation turns the cup from a requested escape into accepted suffering."", ""turn"": 2, ""model"": ""luna"", ""connection_id"": ""BC-c6eeefe21050389f7e48""}]"
SBLGNT:Matt.27.34	strong	incil	karsi_anlati|motif	Wine mixed with gall is offered and refused | wine mixed with gall offered and refused	Jesus is offered wine mixed with gall and refuses it after tasting; this gives a specific bitter drink in a suffering scene, but the text presents no healing benefit like the commentary's medicine. | The commentary's drink can be a bitter product amid suffering; before crucifixion Jesus is offered wine mixed with gall and refuses it after tasting, so an acrid cup accompanies pressure without becoming the healing drink the commentary imagines.	sec3	"[{""line"": 71, ""strength"": ""medium"", ""tradition"": ""incil"", ""kind"": ""karsi_anlati"", ""ref"": ""SBLGNT:Matt.27.34"", ""basis"": ""Wine mixed with gall is offered and refused"", ""note"": ""Jesus is offered wine mixed with gall and refuses it after tasting; this gives a specific bitter drink in a suffering scene, but the text presents no healing benefit like the commentary's medicine."", ""turn"": 2, ""model"": ""luna"", ""connection_id"": ""BC-7d360dc1e01077484863""}, {""line"": 85, ""strength"": ""strong"", ""tradition"": ""incil"", ""kind"": ""motif"", ""ref"": ""SBLGNT:Matt.27.34"", ""basis"": ""wine mixed with gall offered and refused"", ""note"": ""The commentary's drink can be a bitter product amid suffering; before crucifixion Jesus is offered wine mixed with gall and refuses it after tasting, so an acrid cup accompanies pressure without becoming the healing drink the commentary imagines."", ""turn"": 2, ""model"": ""sol"", ""connection_id"": ""BC-3ea7721acc446bcd1013""}]"
SBLGNT:Matt.9.17	strong	incil	motif	wine lost if skins burst	The commentary's stopper and vessel keep the pressed essence from loss; Jesus' wineskin saying says old skins burst under new wine so the wine spills, whereas suitable skins preserve both wine and vessel.	sec3	"[{""line"": 22, ""strength"": ""strong"", ""tradition"": ""incil"", ""kind"": ""motif"", ""ref"": ""SBLGNT:Matt.9.17"", ""basis"": ""wine lost if skins burst"", ""note"": ""The commentary's stopper and vessel keep the pressed essence from loss; Jesus' wineskin saying says old skins burst under new wine so the wine spills, whereas suitable skins preserve both wine and vessel."", ""turn"": 1, ""model"": ""sol"", ""connection_id"": ""BC-aa82ca949c2bdaa48434""}]"
SBLGNT:Phil.2.17	weak	incil	motif	poured offering joined to others' faith	The commentary's pressured essence is given away; Paul depicts himself as poured out upon the community's sacrificial service of faith, though the passage supplies neither a pressed plant nor a sealed container.	sec3	"[{""line"": 72, ""strength"": ""weak"", ""tradition"": ""incil"", ""kind"": ""motif"", ""ref"": ""SBLGNT:Phil.2.17"", ""basis"": ""poured offering joined to others' faith"", ""note"": ""The commentary's pressured essence is given away; Paul depicts himself as poured out upon the community's sacrificial service of faith, though the passage supplies neither a pressed plant nor a sealed container."", ""turn"": 1, ""model"": ""sol"", ""connection_id"": ""BC-e11e5e8e5ccfe73ea3a9""}]"
SBLGNT:Rev.10.10	medium	incil	motif	Sweet taste turns bitter after eating	John reports that the scroll tasted sweet and then made his stomach bitter; this locates bitterness after ingestion, unlike the commentary's bitter extract whose bitterness is already the medicinal quality.	sec3	"[{""line"": 70, ""strength"": ""medium"", ""tradition"": ""incil"", ""kind"": ""motif"", ""ref"": ""SBLGNT:Rev.10.10"", ""basis"": ""Sweet taste turns bitter after eating"", ""note"": ""John reports that the scroll tasted sweet and then made his stomach bitter; this locates bitterness after ingestion, unlike the commentary's bitter extract whose bitterness is already the medicinal quality."", ""turn"": 2, ""model"": ""luna"", ""connection_id"": ""BC-20751192a5ce573dd56d""}]"
SBLGNT:Rev.10.9	medium	incil	motif	Scroll sweet in the mouth, bitter in the stomach	John is told to eat the scroll, which will be sweet in his mouth but bitter in his stomach; the two-stage taste gives the commentary's swallowed bitter medicine a distinct prophetic counterpart.	sec3	"[{""line"": 69, ""strength"": ""medium"", ""tradition"": ""incil"", ""kind"": ""motif"", ""ref"": ""SBLGNT:Rev.10.9"", ""basis"": ""Scroll sweet in the mouth, bitter in the stomach"", ""note"": ""John is told to eat the scroll, which will be sweet in his mouth but bitter in his stomach; the two-stage taste gives the commentary's swallowed bitter medicine a distinct prophetic counterpart."", ""turn"": 2, ""model"": ""luna"", ""connection_id"": ""BC-91230b1f047ebdb4d976""}]"
SBLGNT:Rev.14.12	strong	incil	motif	Saints' endurance, God's commands, and faith in Jesus	The verse defines the saints by endurance, keeping God's commands, and faith in Jesus; this closely gathers patience, faithful action, and belief in the kind of people the commentary exempts from loss.	sec3	"[{""line"": 21, ""strength"": ""strong"", ""tradition"": ""incil"", ""kind"": ""motif"", ""ref"": ""SBLGNT:Rev.14.12"", ""basis"": ""Saints' endurance, God's commands, and faith in Jesus"", ""note"": ""The verse defines the saints by endurance, keeping God's commands, and faith in Jesus; this closely gathers patience, faithful action, and belief in the kind of people the commentary exempts from loss."", ""turn"": 1, ""model"": ""luna"", ""connection_id"": ""BC-5efb347b3bcb9628510b""}]"
SBLGNT:Rev.14.19	strong	incil	karsi_anlati|motif	Earth's grapes thrown into the winepress of wrath | grapes cast into wrath's winepress	The angel gathers the earth's grapes and throws them into God's great winepress; this directly turns the commentary's pressing that yields good essence into an apocalyptic harvest of wrath. | The commentary's press can yield goodness for people; Revelation has an angel gather the earth's grape harvest into the great winepress of divine wrath, giving the same extraction scene a punitive end.	sec3	"[{""line"": 76, ""strength"": ""strong"", ""tradition"": ""incil"", ""kind"": ""karsi_anlati"", ""ref"": ""SBLGNT:Rev.14.19"", ""basis"": ""Earth's grapes thrown into the winepress of wrath"", ""note"": ""The angel gathers the earth's grapes and throws them into God's great winepress; this directly turns the commentary's pressing that yields good essence into an apocalyptic harvest of wrath."", ""turn"": 2, ""model"": ""luna"", ""connection_id"": ""BC-abd60f0b54ae3bc4a3c3""}, {""line"": 87, ""strength"": ""strong"", ""tradition"": ""incil"", ""kind"": ""motif"", ""ref"": ""SBLGNT:Rev.14.19"", ""basis"": ""grapes cast into wrath's winepress"", ""note"": ""The commentary's press can yield goodness for people; Revelation has an angel gather the earth's grape harvest into the great winepress of divine wrath, giving the same extraction scene a punitive end."", ""turn"": 2, ""model"": ""sol"", ""connection_id"": ""BC-5f070cf7480576f4cd1f""}]"
SBLGNT:Rev.14.20	strong	incil	karsi_anlati|motif	Winepress trodden; blood flows out | blood flows from the trodden press	The press is trodden outside the city and blood flows from it; this specifies the destructive yield of the preceding winepress, in contrast to the commentary's useful extracted juice. | The commentary treats the outflow from pressing as a possible valuable essence; Revelation's next verse says blood flows from the winepress after it is trodden, specifying a violent extract rather than a remedy.	sec3	"[{""line"": 77, ""strength"": ""strong"", ""tradition"": ""incil"", ""kind"": ""karsi_anlati"", ""ref"": ""SBLGNT:Rev.14.20"", ""basis"": ""Winepress trodden; blood flows out"", ""note"": ""The press is trodden outside the city and blood flows from it; this specifies the destructive yield of the preceding winepress, in contrast to the commentary's useful extracted juice."", ""turn"": 2, ""model"": ""luna"", ""connection_id"": ""BC-47aa62f5859e571addd4""}, {""line"": 88, ""strength"": ""strong"", ""tradition"": ""incil"", ""kind"": ""motif"", ""ref"": ""SBLGNT:Rev.14.20"", ""basis"": ""blood flows from the trodden press"", ""note"": ""The commentary treats the outflow from pressing as a possible valuable essence; Revelation's next verse says blood flows from the winepress after it is trodden, specifying a violent extract rather than a remedy."", ""turn"": 2, ""model"": ""sol"", ""connection_id"": ""BC-ba6f01cbdd9cd19b38ab""}]"
SBLGNT:Rev.22.17	medium	incil	motif	water of life given freely	The commentary links a treasured liquid with giving and thirst; Revelation invites the thirsty to take the water of life without payment, making the valuable drink an unrestricted gift.	sec3	"[{""line"": 68, ""strength"": ""medium"", ""tradition"": ""incil"", ""kind"": ""motif"", ""ref"": ""SBLGNT:Rev.22.17"", ""basis"": ""water of life given freely"", ""note"": ""The commentary links a treasured liquid with giving and thirst; Revelation invites the thirsty to take the water of life without payment, making the valuable drink an unrestricted gift."", ""turn"": 1, ""model"": ""sol"", ""connection_id"": ""BC-4c259e02520a155ff076""}]"
SBLGNT:Rev.8.11	strong	incil	karsi_anlati|motif	Wormwood makes waters bitter and kills many | bitter water brings death	The star named Wormwood makes the waters bitter and many die from them; this directly reverses the commentary's bitter plant extract as medicine by making bitter liquid lethal. | The commentary calls the bitter extract a medicine; Revelation says waters made bitter by Wormwood kill many drinkers, a concrete reversal in which bitter liquid is harmful rather than curative.	sec3	"[{""line"": 68, ""strength"": ""strong"", ""tradition"": ""incil"", ""kind"": ""karsi_anlati"", ""ref"": ""SBLGNT:Rev.8.11"", ""basis"": ""Wormwood makes waters bitter and kills many"", ""note"": ""The star named Wormwood makes the waters bitter and many die from them; this directly reverses the commentary's bitter plant extract as medicine by making bitter liquid lethal."", ""turn"": 2, ""model"": ""luna"", ""connection_id"": ""BC-3cae991faff7a7ac8d24""}, {""line"": 86, ""strength"": ""strong"", ""tradition"": ""incil"", ""kind"": ""motif"", ""ref"": ""SBLGNT:Rev.8.11"", ""basis"": ""bitter water brings death"", ""note"": ""The commentary calls the bitter extract a medicine; Revelation says waters made bitter by Wormwood kill many drinkers, a concrete reversal in which bitter liquid is harmful rather than curative."", ""turn"": 2, ""model"": ""sol"", ""connection_id"": ""BC-c0d2ba965c65413a7bfe""}]"
SBLGNT:Rom.12.20	strong	incil	motif	food and drink given to an enemy	The commentary interprets beneficial liquid as generosity under pressure; Paul repeats the instruction to feed a hungry enemy and give a thirsty enemy drink, carrying the concrete act from Proverbs into counsel to a Christian community.	sec3	"[{""line"": 93, ""strength"": ""strong"", ""tradition"": ""incil"", ""kind"": ""motif"", ""ref"": ""SBLGNT:Rom.12.20"", ""basis"": ""food and drink given to an enemy"", ""note"": ""The commentary interprets beneficial liquid as generosity under pressure; Paul repeats the instruction to feed a hungry enemy and give a thirsty enemy drink, carrying the concrete act from Proverbs into counsel to a Christian community."", ""turn"": 2, ""model"": ""sol"", ""connection_id"": ""BC-444fac8749039467ca94""}]"
SBLGNT:Rom.12.21	medium	incil	motif	good overcomes evil after water gift	The commentary says a squeezed essence can become goodness given away; after directing food and drink to an enemy in 12:20, Paul says to overcome evil with good, naming the moral effect of that costly gift.	sec3	"[{""line"": 106, ""strength"": ""medium"", ""tradition"": ""incil"", ""kind"": ""motif"", ""ref"": ""SBLGNT:Rom.12.21"", ""basis"": ""good overcomes evil after water gift"", ""note"": ""The commentary says a squeezed essence can become goodness given away; after directing food and drink to an enemy in 12:20, Paul says to overcome evil with good, naming the moral effect of that costly gift."", ""turn"": 2, ""model"": ""sol"", ""connection_id"": ""BC-117af5d49a2c55119039""}]"
SBLGNT:Rom.2.7	strong	incil	motif	Perseverance in doing good leads to eternal life	Paul describes those who persist in doing good and seek glory and immortality as receiving eternal life; this combines the commentary's good action and patience in a salvific outcome.	sec3	"[{""line"": 28, ""strength"": ""strong"", ""tradition"": ""incil"", ""kind"": ""motif"", ""ref"": ""SBLGNT:Rom.2.7"", ""basis"": ""Perseverance in doing good leads to eternal life"", ""note"": ""Paul describes those who persist in doing good and seek glory and immortality as receiving eternal life; this combines the commentary's good action and patience in a salvific outcome."", ""turn"": 1, ""model"": ""luna"", ""connection_id"": ""BC-3397043e50d78169752b""}]"
SBLGNT:Rom.2.8	strong	incil	karsi_anlati	Disobedience to truth brings wrath	Paul contrasts those who obey truth with those who disobey truth and pursue unrighteousness, who receive wrath; this counters the commentary's mutual truth-counsel by depicting refusal of truth as a path to judgment.	sec3	"[{""line"": 93, ""strength"": ""strong"", ""tradition"": ""incil"", ""kind"": ""karsi_anlati"", ""ref"": ""SBLGNT:Rom.2.8"", ""basis"": ""Disobedience to truth brings wrath"", ""note"": ""Paul contrasts those who obey truth with those who disobey truth and pursue unrighteousness, who receive wrath; this counters the commentary's mutual truth-counsel by depicting refusal of truth as a path to judgment."", ""turn"": 2, ""model"": ""luna"", ""connection_id"": ""BC-f640a8fc7898d11d81c8""}]"
SBLGNT:Rom.5.3	strong	incil	motif	Tribulation produces endurance | tribulation produces endurance	Paul says affliction produces endurance, which gives the commentary's squeezed, bitter sabr a developmental reading: pressure can generate the quality that sustains a person. | The commentary's pressure can issue in sabr rather than mere loss; Paul says tribulation produces endurance, making affliction the occasion for the saving quality named at the surah's end.	sec3	"[{""line"": 18, ""strength"": ""strong"", ""tradition"": ""incil"", ""kind"": ""motif"", ""ref"": ""SBLGNT:Rom.5.3"", ""basis"": ""Tribulation produces endurance"", ""note"": ""Paul says affliction produces endurance, which gives the commentary's squeezed, bitter sabr a developmental reading: pressure can generate the quality that sustains a person."", ""turn"": 1, ""model"": ""luna"", ""connection_id"": ""BC-f53a723421a768270e35""}, {""line"": 30, ""strength"": ""strong"", ""tradition"": ""incil"", ""kind"": ""motif"", ""ref"": ""SBLGNT:Rom.5.3"", ""basis"": ""tribulation produces endurance"", ""note"": ""The commentary's pressure can issue in sabr rather than mere loss; Paul says tribulation produces endurance, making affliction the occasion for the saving quality named at the surah's end."", ""turn"": 1, ""model"": ""sol"", ""connection_id"": ""BC-33c815ee70be6e438e9b""}]"
SBLGNT:Rom.5.4	medium	incil	motif	Endurance produces tested character and hope	Paul says endurance produces tested character and hope; this continues the commentary's image of a beneficial quality formed through pressure.	sec3	"[{""line"": 58, ""strength"": ""medium"", ""tradition"": ""incil"", ""kind"": ""motif"", ""ref"": ""SBLGNT:Rom.5.4"", ""basis"": ""Endurance produces tested character and hope"", ""note"": ""Paul says endurance produces tested character and hope; this continues the commentary's image of a beneficial quality formed through pressure."", ""turn"": 1, ""model"": ""luna"", ""connection_id"": ""BC-60f25f0b01ebb6724a6e""}]"
SBLGNT:Rom.5.5	strong	incil	motif	God's love poured into hearts | love poured into hearts	Paul says God's love has been poured into believers' hearts; the commentary specifically notes Qur'anic patience poured over people, and this supplies a Christian liquid metaphor for an inward virtue, while naming love rather than patience. | The commentary develops sabr as something poured over threatened people; in Paul's sequence after tribulation and endurance, God's love is poured into believers' hearts through the Holy Spirit, giving a distinct beneficial liquid image to what follows pressure.	sec3	"[{""line"": 19, ""strength"": ""strong"", ""tradition"": ""incil"", ""kind"": ""motif"", ""ref"": ""SBLGNT:Rom.5.5"", ""basis"": ""God's love poured into hearts"", ""note"": ""Paul says God's love has been poured into believers' hearts; the commentary specifically notes Qur'anic patience poured over people, and this supplies a Christian liquid metaphor for an inward virtue, while naming love rather than patience."", ""turn"": 1, ""model"": ""luna"", ""connection_id"": ""BC-8f94be4645ff81d9c4ec""}, {""line"": 31, ""strength"": ""strong"", ""tradition"": ""incil"", ""kind"": ""motif"", ""ref"": ""SBLGNT:Rom.5.5"", ""basis"": ""love poured into hearts"", ""note"": ""The commentary develops sabr as something poured over threatened people; in Paul's sequence after tribulation and endurance, God's love is poured into believers' hearts through the Holy Spirit, giving a distinct beneficial liquid image to what follows pressure."", ""turn"": 1, ""model"": ""sol"", ""connection_id"": ""BC-ff47704cf72a4c7d024a""}]"
Shepherd of Hermas, Mandate 5.1	weak	incil	motif	sweet patience beside bitter remedy	The commentary calls the sap named sabr a bitter medicine; this mandate presents patience as sweet and valuable in moral struggle, offering a contrary taste for the virtue. The precise subsection within Mandate 5.1 needs verification.	sec3	"[{""line"": 108, ""strength"": ""weak"", ""tradition"": ""incil"", ""kind"": ""motif"", ""ref"": ""Shepherd of Hermas, Mandate 5.1"", ""basis"": ""sweet patience beside bitter remedy"", ""note"": ""The commentary calls the sap named sabr a bitter medicine; this mandate presents patience as sweet and valuable in moral struggle, offering a contrary taste for the virtue. The precise subsection within Mandate 5.1 needs verification."", ""turn"": 2, ""model"": ""sol"", ""connection_id"": ""BC-85e92b11fb0e2fac1b96""}]"
Berakhot 5a	medium	tevrat	yorum_gelenegi	good gifts through sufferings	The commentary describes a bitter medicine produced by pressure; the rabbinic teaching says Torah, the land of Israel and the world to come are granted through suffering, interpreting pain as a passage to valuable goods.	sec3	"[{""line"": 55, ""strength"": ""medium"", ""tradition"": ""tevrat"", ""kind"": ""yorum_gelenegi"", ""ref"": ""Berakhot 5a"", ""basis"": ""good gifts through sufferings"", ""note"": ""The commentary describes a bitter medicine produced by pressure; the rabbinic teaching says Torah, the land of Israel and the world to come are granted through suffering, interpreting pain as a passage to valuable goods."", ""turn"": 1, ""model"": ""sol"", ""connection_id"": ""BC-00c6b31ac5e10183e0ee""}]"
Berakhot 5b	medium	tevrat	yorum_gelenegi	refusal of sufferings and reward	The commentary proposes a healing value in painful pressure; a sage in the discussion of afflictions says he wants neither the sufferings nor their reward, preserving a dissenting response to the claim that pain is worth its yield.	sec3	"[{""line"": 56, ""strength"": ""medium"", ""tradition"": ""tevrat"", ""kind"": ""yorum_gelenegi"", ""ref"": ""Berakhot 5b"", ""basis"": ""refusal of sufferings and reward"", ""note"": ""The commentary proposes a healing value in painful pressure; a sage in the discussion of afflictions says he wants neither the sufferings nor their reward, preserving a dissenting response to the claim that pain is worth its yield."", ""turn"": 1, ""model"": ""sol"", ""connection_id"": ""BC-a8afa25cad0289373c70""}]"
Menachot 53b	strong	tevrat	yorum_gelenegi	olive yields oil under beating	The commentary's pressure produces a useful, bitter essence; the rabbinic reading of Israel as an olive tree says the olive gives oil only when beaten and Israel turns toward the good through affliction, making the extraction a moral process.	sec3	"[{""line"": 21, ""strength"": ""strong"", ""tradition"": ""tevrat"", ""kind"": ""yorum_gelenegi"", ""ref"": ""Menachot 53b"", ""basis"": ""olive yields oil under beating"", ""note"": ""The commentary's pressure produces a useful, bitter essence; the rabbinic reading of Israel as an olive tree says the olive gives oil only when beaten and Israel turns toward the good through affliction, making the extraction a moral process."", ""turn"": 1, ""model"": ""sol"", ""connection_id"": ""BC-bfc853d8f1f66c3ce09e""}]"
Mishnah Pesachim 10:5	medium	tevrat	motif	Maror eaten to recall Egyptian oppression	At the Passover meal bitter herbs are part of the narrated memory of bondage; this makes bitterness a communal ritual of remembered suffering, unlike the commentary's bitter remedy.	sec3	"[{""line"": 49, ""strength"": ""medium"", ""tradition"": ""tevrat"", ""kind"": ""motif"", ""ref"": ""Mishnah Pesachim 10:5"", ""basis"": ""Maror eaten to recall Egyptian oppression"", ""note"": ""At the Passover meal bitter herbs are part of the narrated memory of bondage; this makes bitterness a communal ritual of remembered suffering, unlike the commentary's bitter remedy."", ""turn"": 1, ""model"": ""luna"", ""connection_id"": ""BC-ba2f77dd4a4d92d54384""}]"
Pirkei Avot 4:20	medium	tevrat	yorum_gelenegi	look inside the wine jar	The commentary distinguishes valuable contents from the container and diminished exterior; Avot says to inspect what a jar holds, since a new jar may contain old wine and an old jar may contain none, making contents the measure of worth.	sec3	"[{""line"": 58, ""strength"": ""medium"", ""tradition"": ""tevrat"", ""kind"": ""yorum_gelenegi"", ""ref"": ""Pirkei Avot 4:20"", ""basis"": ""look inside the wine jar"", ""note"": ""The commentary distinguishes valuable contents from the container and diminished exterior; Avot says to inspect what a jar holds, since a new jar may contain old wine and an old jar may contain none, making contents the measure of worth."", ""turn"": 1, ""model"": ""sol"", ""connection_id"": ""BC-14c345a0d2db691fabfb""}]"
Pirkei Avot 5:23	medium	tevrat	yorum_gelenegi	reward according to effort and pain	The commentary proposes that a painful process can produce a valuable good; the maxim associates reward with the labor or pain expended, providing a Jewish ethical reading of effort's yield without claiming literal grape pressing.	sec3	"[{""line"": 101, ""strength"": ""medium"", ""tradition"": ""tevrat"", ""kind"": ""yorum_gelenegi"", ""ref"": ""Pirkei Avot 5:23"", ""basis"": ""reward according to effort and pain"", ""note"": ""The commentary proposes that a painful process can produce a valuable good; the maxim associates reward with the labor or pain expended, providing a Jewish ethical reading of effort's yield without claiming literal grape pressing."", ""turn"": 2, ""model"": ""sol"", ""connection_id"": ""BC-724ba121e1fd829cb262""}]"
Sirach 2:4	medium	tevrat	motif	Accept what comes and be patient in humiliation	Sirach tells the reader to accept what comes and be patient in humiliation; it links patience to receiving painful experience, an explicit bridge to the commentary's bitter remedy.	sec3	"[{""line"": 55, ""strength"": ""medium"", ""tradition"": ""tevrat"", ""kind"": ""motif"", ""ref"": ""Sirach 2:4"", ""basis"": ""Accept what comes and be patient in humiliation"", ""note"": ""Sirach tells the reader to accept what comes and be patient in humiliation; it links patience to receiving painful experience, an explicit bridge to the commentary's bitter remedy."", ""turn"": 1, ""model"": ""luna"", ""connection_id"": ""BC-ce7a7e9c8cf109493408""}]"
Sirach 2:5	medium	tevrat	motif	Gold tested in fire; acceptable people in humiliation	Sirach compares tested people to gold in a furnace; it supplies a refining image in which affliction tests and qualifies, alongside the commentary's pressure that produces bitter sabr.	sec3	"[{""line"": 56, ""strength"": ""medium"", ""tradition"": ""tevrat"", ""kind"": ""motif"", ""ref"": ""Sirach 2:5"", ""basis"": ""Gold tested in fire; acceptable people in humiliation"", ""note"": ""Sirach compares tested people to gold in a furnace; it supplies a refining image in which affliction tests and qualifies, alongside the commentary's pressure that produces bitter sabr."", ""turn"": 1, ""model"": ""luna"", ""connection_id"": ""BC-513713e61f22c783cae7""}]"
Sirach 38:4	strong	tevrat	motif	Medicines created from the earth	Sirach says the Lord made medicines from the earth and a sensible person does not reject them; it supplies a Jewish wisdom frame for the commentary's medicinal plant exudate as a beneficial natural substance.	sec3	"[{""line"": 11, ""strength"": ""strong"", ""tradition"": ""tevrat"", ""kind"": ""motif"", ""ref"": ""Sirach 38:4"", ""basis"": ""Medicines created from the earth"", ""note"": ""Sirach says the Lord made medicines from the earth and a sensible person does not reject them; it supplies a Jewish wisdom frame for the commentary's medicinal plant exudate as a beneficial natural substance."", ""turn"": 1, ""model"": ""luna"", ""connection_id"": ""BC-f0152aa6ebeeb661ba36""}]"
Ta'anit 7a	medium	tevrat	yorum_gelenegi	Colleagues sharpen one another in Torah	The Talmud applies iron sharpening iron to scholars who sharpen one another in Torah; this interprets mutual counsel as reciprocal learning and correction, a specific Jewish account of the commentary's tawāṣī relation.	sec3	"[{""line"": 53, ""strength"": ""medium"", ""tradition"": ""tevrat"", ""kind"": ""yorum_gelenegi"", ""ref"": ""Ta'anit 7a"", ""basis"": ""Colleagues sharpen one another in Torah"", ""note"": ""The Talmud applies iron sharpening iron to scholars who sharpen one another in Torah; this interprets mutual counsel as reciprocal learning and correction, a specific Jewish account of the commentary's tawāṣī relation."", ""turn"": 1, ""model"": ""luna"", ""connection_id"": ""BC-6ab3cd92a784d34e58d5""}]"
Taanit 7a	medium	tevrat	yorum_gelenegi	wine kept in humble containers	The commentary values the held essence and the vessel that protects it; the rabbinic exchange about fine wine in earthen jars uses the vessel to explain why wisdom is preserved with humility, transferring storage to a human quality.	sec3	"[{""line"": 57, ""strength"": ""medium"", ""tradition"": ""tevrat"", ""kind"": ""yorum_gelenegi"", ""ref"": ""Taanit 7a"", ""basis"": ""wine kept in humble containers"", ""note"": ""The commentary values the held essence and the vessel that protects it; the rabbinic exchange about fine wine in earthen jars uses the vessel to explain why wisdom is preserved with humility, transferring storage to a human quality."", ""turn"": 1, ""model"": ""sol"", ""connection_id"": ""BC-81834399e15d541ee50e""}]"
Tobit 11:13	medium	tevrat	motif	Fish gall and restored sight	Tobit's father regains sight after fish gall is applied; this is a concrete natural-substance cure alongside the commentary's medicinal tree exudate, though its source is animal rather than plant.	sec3	"[{""line"": 50, ""strength"": ""medium"", ""tradition"": ""tevrat"", ""kind"": ""motif"", ""ref"": ""Tobit 11:13"", ""basis"": ""Fish gall and restored sight"", ""note"": ""Tobit's father regains sight after fish gall is applied; this is a concrete natural-substance cure alongside the commentary's medicinal tree exudate, though its source is animal rather than plant."", ""turn"": 1, ""model"": ""luna"", ""connection_id"": ""BC-d46c63f95fc75271a862""}]"
WLC:1Kgs.17.14	strong	tevrat	motif	Jar of meal and jug of oil do not fail during drought	Elijah promises that the widow's jar and jug will not be emptied until rain returns; the contained provision in scarcity parallels the commentary's stored essence and its Yusuf scene of relief after famine.	sec3	"[{""line"": 78, ""strength"": ""strong"", ""tradition"": ""tevrat"", ""kind"": ""motif"", ""ref"": ""WLC:1Kgs.17.14"", ""basis"": ""Jar of meal and jug of oil do not fail during drought"", ""note"": ""Elijah promises that the widow's jar and jug will not be emptied until rain returns; the contained provision in scarcity parallels the commentary's stored essence and its Yusuf scene of relief after famine."", ""turn"": 2, ""model"": ""luna"", ""connection_id"": ""BC-2aa5e02ab243e758747c""}]"
WLC:1Kgs.17.16	medium	tevrat	motif	The jar and jug remain supplied	The narrative says the widow's jar and jug did not fail as promised; this continuation shows stored liquid and food sustaining life through drought, unlike a one-time extracted dose.	sec3	"[{""line"": 79, ""strength"": ""medium"", ""tradition"": ""tevrat"", ""kind"": ""motif"", ""ref"": ""WLC:1Kgs.17.16"", ""basis"": ""The jar and jug remain supplied"", ""note"": ""The narrative says the widow's jar and jug did not fail as promised; this continuation shows stored liquid and food sustaining life through drought, unlike a one-time extracted dose."", ""turn"": 2, ""model"": ""luna"", ""connection_id"": ""BC-cd21c66949f5b89ae8cb""}]"
WLC:1Kgs.8.35	strong	tevrat	soydas	ع ص ر / Hebrew עצר, table sound correspondence	The commentary's dry mouth asks how pressure can end in liquid relief; Solomon's prayer envisages the heavens being restrained from rain and the people seeking forgiveness so water may return.	sec3	"[{""line"": 19, ""strength"": ""strong"", ""tradition"": ""tevrat"", ""kind"": ""soydas"", ""ref"": ""WLC:1Kgs.8.35"", ""basis"": ""ع ص ر / Hebrew עצר, table sound correspondence"", ""note"": ""The commentary's dry mouth asks how pressure can end in liquid relief; Solomon's prayer envisages the heavens being restrained from rain and the people seeking forgiveness so water may return."", ""turn"": 1, ""model"": ""sol"", ""connection_id"": ""BC-bb2f9f05d90cb799a04d""}]"
WLC:1Sam.1.15	medium	tevrat	motif	pouring out a distressed soul	The commentary treats a saving quality as poured onto the pressured person; Hannah explains that she has poured out her soul before the Lord amid deep distress, an inward liquid image for responding to affliction.	sec3	"[{""line"": 54, ""strength"": ""medium"", ""tradition"": ""tevrat"", ""kind"": ""motif"", ""ref"": ""WLC:1Sam.1.15"", ""basis"": ""pouring out a distressed soul"", ""note"": ""The commentary treats a saving quality as poured onto the pressured person; Hannah explains that she has poured out her soul before the Lord amid deep distress, an inward liquid image for responding to affliction."", ""turn"": 1, ""model"": ""sol"", ""connection_id"": ""BC-49cbf889d3f051a70ea4""}]"
WLC:2Kgs.20.7	strong	tevrat	motif	Fig cake applied to a boil; recovery	Isaiah orders a fig cake laid on Hezekiah's boil and Hezekiah recovers; this gives a concrete plant-based remedy alongside the commentary's bitter tree extract called medicine.	sec3	"[{""line"": 10, ""strength"": ""strong"", ""tradition"": ""tevrat"", ""kind"": ""motif"", ""ref"": ""WLC:2Kgs.20.7"", ""basis"": ""Fig cake applied to a boil; recovery"", ""note"": ""Isaiah orders a fig cake laid on Hezekiah's boil and Hezekiah recovers; this gives a concrete plant-based remedy alongside the commentary's bitter tree extract called medicine."", ""turn"": 1, ""model"": ""luna"", ""connection_id"": ""BC-48abce10543396f2de07""}]"
WLC:2Kgs.4.41	weak	tevrat	motif	remedy added to dangerous stew	The commentary's bitter extract is a medicine; Elisha adds flour to the pot after the prophets fear death in the stew, and the food becomes harmless. The bridge is a healing substance in a vessel, though the passage does not call the flour bitter or describe squeezing it.	sec3	"[{""line"": 71, ""strength"": ""weak"", ""tradition"": ""tevrat"", ""kind"": ""motif"", ""ref"": ""WLC:2Kgs.4.41"", ""basis"": ""remedy added to dangerous stew"", ""note"": ""The commentary's bitter extract is a medicine; Elisha adds flour to the pot after the prophets fear death in the stew, and the food becomes harmless. The bridge is a healing substance in a vessel, though the passage does not call the flour bitter or describe squeezing it."", ""turn"": 1, ""model"": ""sol"", ""connection_id"": ""BC-c062f249fdfe39986bd6""}]"
WLC:2Kgs.4.6	strong	tevrat	motif	Oil fills every borrowed vessel and then stops	The widow's oil keeps filling containers until there is no vessel left, when the flow stops; it gives a precise parallel to liquid collected and held by a vessel, with provision released rather than a corked medicine.	sec3	"[{""line"": 80, ""strength"": ""strong"", ""tradition"": ""tevrat"", ""kind"": ""motif"", ""ref"": ""WLC:2Kgs.4.6"", ""basis"": ""Oil fills every borrowed vessel and then stops"", ""note"": ""The widow's oil keeps filling containers until there is no vessel left, when the flow stops; it gives a precise parallel to liquid collected and held by a vessel, with provision released rather than a corked medicine."", ""turn"": 2, ""model"": ""luna"", ""connection_id"": ""BC-33db60beff4c999c588e""}]"
WLC:Amos.9.13	strong	tevrat	motif	Treader of grapes overtaken by the sower; hills drip wine | mountains dripping sweet wine	Amos pictures restoration so abundant that grape-treading overlaps sowing and mountains drip sweet wine; this makes pressing the sign of relief and plenty, as in the commentary's post-scarcity year. | The commentary's post-scarcity year is marked by pressing again; Amos pictures restored abundance so great that the mountains drip wine and the hills flow with it.	sec3	"[{""line"": 81, ""strength"": ""medium"", ""tradition"": ""tevrat"", ""kind"": ""motif"", ""ref"": ""WLC:Amos.9.13"", ""basis"": ""Treader of grapes overtaken by the sower; hills drip wine"", ""note"": ""Amos pictures restoration so abundant that grape-treading overlaps sowing and mountains drip sweet wine; this makes pressing the sign of relief and plenty, as in the commentary's post-scarcity year."", ""turn"": 2, ""model"": ""luna"", ""connection_id"": ""BC-d5c6fe778bb6025e6809""}, {""line"": 8, ""strength"": ""strong"", ""tradition"": ""tevrat"", ""kind"": ""motif"", ""ref"": ""WLC:Amos.9.13"", ""basis"": ""mountains dripping sweet wine"", ""note"": ""The commentary's post-scarcity year is marked by pressing again; Amos pictures restored abundance so great that the mountains drip wine and the hills flow with it."", ""turn"": 1, ""model"": ""sol"", ""connection_id"": ""BC-93197457f77127df784d""}]"
WLC:Dan.5.27	strong	tevrat	soydas	خ س ر / Aramaic חסר, table sound correspondence	The commentary calls human khusr a diminution; Daniel's verdict says the king has been weighed and found lacking, making deficiency a judgment on a person rather than only a reduced quantity.	sec3	"[{""line"": 5, ""strength"": ""strong"", ""tradition"": ""tevrat"", ""kind"": ""soydas"", ""ref"": ""WLC:Dan.5.27"", ""basis"": ""خ س ر / Aramaic חסר, table sound correspondence"", ""note"": ""The commentary calls human khusr a diminution; Daniel's verdict says the king has been weighed and found lacking, making deficiency a judgment on a person rather than only a reduced quantity."", ""turn"": 1, ""model"": ""sol"", ""connection_id"": ""BC-35d0630babfb698a6fd4""}]"
WLC:Dan.7.13	strong	tevrat	soydas	Commentary label root ء ن س; Aramaic אנש, table sound correspondence only and unverified | ء ن س / Aramaic אנש, table sound correspondence	Daniel sees one like a bar enash, a humanlike figure who receives dominion; this contrasts the commentary's collective humanity with a singular exalted use of the related Aramaic word. | The commentary's al-insan is exposed to loss; Daniel sees one like a human being coming with heaven's clouds before the Ancient of Days, using the Aramaic cognate for a humanlike figure poised for a different outcome.	sec3	"[{""line"": 60, ""strength"": ""weak"", ""tradition"": ""tevrat"", ""kind"": ""soydas"", ""ref"": ""WLC:Dan.7.13"", ""basis"": ""Commentary label root ء ن س; Aramaic אנש, table sound correspondence only and unverified"", ""note"": ""Daniel sees one like a bar enash, a humanlike figure who receives dominion; this contrasts the commentary's collective humanity with a singular exalted use of the related Aramaic word."", ""turn"": 1, ""model"": ""luna"", ""connection_id"": ""BC-96d659f1bc634da0840f""}, {""line"": 80, ""strength"": ""strong"", ""tradition"": ""tevrat"", ""kind"": ""soydas"", ""ref"": ""WLC:Dan.7.13"", ""basis"": ""ء ن س / Aramaic אנש, table sound correspondence"", ""note"": ""The commentary's al-insan is exposed to loss; Daniel sees one like a human being coming with heaven's clouds before the Ancient of Days, using the Aramaic cognate for a humanlike figure poised for a different outcome."", ""turn"": 2, ""model"": ""sol"", ""connection_id"": ""BC-5746ac58ae412ae4487c""}]"
WLC:Dan.7.14	medium	tevrat	motif	dominion given to humanlike figure	The commentary's human stands under the sentence of loss; the figure described as humanlike in 7:13 receives lasting dominion and a kingdom here, completing that scene with an opposite destiny. The Aramaic אנש occurs in the preceding verse.	sec3	"[{""line"": 97, ""strength"": ""medium"", ""tradition"": ""tevrat"", ""kind"": ""motif"", ""ref"": ""WLC:Dan.7.14"", ""basis"": ""dominion given to humanlike figure"", ""note"": ""The commentary's human stands under the sentence of loss; the figure described as humanlike in 7:13 receives lasting dominion and a kingdom here, completing that scene with an opposite destiny. The Aramaic אנש occurs in the preceding verse."", ""turn"": 2, ""model"": ""sol"", ""connection_id"": ""BC-2c85e1616ef58f8ce1f7""}]"
WLC:Deut.11.17	strong	tevrat	soydas	Commentary label root ع ص ر; Hebrew עצר, table sound correspondence only | ع ص ر / Hebrew עצר, table sound correspondence	The Hebrew verb עצר closes the heavens so rain and yield cease; this restraint is the agricultural inverse of the commentary's squeezing that releases juice and, in its Yusuf comparison, marks relief after scarcity. | The commentary's pressure and dry tongue are tied to withholding liquid; Deuteronomy warns that God may shut the heavens so no rain falls, using עצר for held-back water that brings loss of the land's produce.	sec3	"[{""line"": 12, ""strength"": ""strong"", ""tradition"": ""tevrat"", ""kind"": ""soydas"", ""ref"": ""WLC:Deut.11.17"", ""basis"": ""Commentary label root ع ص ر; Hebrew עצר, table sound correspondence only"", ""note"": ""The Hebrew verb עצר closes the heavens so rain and yield cease; this restraint is the agricultural inverse of the commentary's squeezing that releases juice and, in its Yusuf comparison, marks relief after scarcity."", ""turn"": 1, ""model"": ""luna"", ""connection_id"": ""BC-a35db807e7ed943dc3da""}, {""line"": 18, ""strength"": ""strong"", ""tradition"": ""tevrat"", ""kind"": ""soydas"", ""ref"": ""WLC:Deut.11.17"", ""basis"": ""ع ص ر / Hebrew עצר, table sound correspondence"", ""note"": ""The commentary's pressure and dry tongue are tied to withholding liquid; Deuteronomy warns that God may shut the heavens so no rain falls, using עצר for held-back water that brings loss of the land's produce."", ""turn"": 1, ""model"": ""sol"", ""connection_id"": ""BC-b83dc3d7d51add69e8e2""}]"
WLC:Deut.2.7	strong	tevrat	soydas	Commentary label root خ س ر; Hebrew חסר, table sound correspondence only	Moses says Israel lacked nothing during the wilderness years; the cognate sense of lack gives a direct counter-reading to the commentary's human placed in decrease and loss.	sec3	"[{""line"": 13, ""strength"": ""strong"", ""tradition"": ""tevrat"", ""kind"": ""soydas"", ""ref"": ""WLC:Deut.2.7"", ""basis"": ""Commentary label root خ س ر; Hebrew חסר, table sound correspondence only"", ""note"": ""Moses says Israel lacked nothing during the wilderness years; the cognate sense of lack gives a direct counter-reading to the commentary's human placed in decrease and loss."", ""turn"": 1, ""model"": ""luna"", ""connection_id"": ""BC-de4c0804f238698b3b97""}]"
WLC:Exod.15.23	strong	tevrat	motif	bitter water after thirst	The commentary calls the expressed sabr an unpleasant medicine; after thirst in the wilderness Israel finds water at Marah but cannot drink it because it is bitter, so the desired liquid initially fails to relieve need.	sec3	"[{""line"": 12, ""strength"": ""strong"", ""tradition"": ""tevrat"", ""kind"": ""motif"", ""ref"": ""WLC:Exod.15.23"", ""basis"": ""bitter water after thirst"", ""note"": ""The commentary calls the expressed sabr an unpleasant medicine; after thirst in the wilderness Israel finds water at Marah but cannot drink it because it is bitter, so the desired liquid initially fails to relieve need."", ""turn"": 1, ""model"": ""sol"", ""connection_id"": ""BC-2d547aa68cc84074f93d""}]"
WLC:Exod.15.25	strong	tevrat	motif	Marah's bitter water and the wood | bitter water made drinkable	At Marah the people cannot drink bitter water until Moses throws a tree into it and it becomes sweet; this reverses the commentary's bitter tree extract, which remains bitter yet is named medicine. | The commentary moves from an acrid extract to healing relief; Moses is shown a tree to put into Marah's bitter water, and the water becomes drinkable through an intervention within the liquid itself.	sec3	"[{""line"": 5, ""strength"": ""strong"", ""tradition"": ""tevrat"", ""kind"": ""motif"", ""ref"": ""WLC:Exod.15.25"", ""basis"": ""Marah's bitter water and the wood"", ""note"": ""At Marah the people cannot drink bitter water until Moses throws a tree into it and it becomes sweet; this reverses the commentary's bitter tree extract, which remains bitter yet is named medicine."", ""turn"": 1, ""model"": ""luna"", ""connection_id"": ""BC-3b00fae5b25917254fc6""}, {""line"": 13, ""strength"": ""strong"", ""tradition"": ""tevrat"", ""kind"": ""motif"", ""ref"": ""WLC:Exod.15.25"", ""basis"": ""bitter water made drinkable"", ""note"": ""The commentary moves from an acrid extract to healing relief; Moses is shown a tree to put into Marah's bitter water, and the water becomes drinkable through an intervention within the liquid itself."", ""turn"": 1, ""model"": ""sol"", ""connection_id"": ""BC-46a116b9649b3523c3dc""}]"
WLC:Exod.15.26	strong	tevrat	motif	YHWH as healer | healer after the bitter-water test	After the bitter-water episode, YHWH identifies himself as Israel's healer; this makes explicit the healing frame that the commentary gives to bitter sabr, though the remedy and bitterness work differently. | The commentary calls the bitter extract a medicine; after making Marah's water drinkable, God names himself Israel's healer, making the preceding unpleasant-water episode a setting for healing.	sec3	"[{""line"": 6, ""strength"": ""strong"", ""tradition"": ""tevrat"", ""kind"": ""motif"", ""ref"": ""WLC:Exod.15.26"", ""basis"": ""YHWH as healer"", ""note"": ""After the bitter-water episode, YHWH identifies himself as Israel's healer; this makes explicit the healing frame that the commentary gives to bitter sabr, though the remedy and bitterness work differently."", ""turn"": 1, ""model"": ""luna"", ""connection_id"": ""BC-5197b4504bfb4a83835b""}, {""line"": 14, ""strength"": ""strong"", ""tradition"": ""tevrat"", ""kind"": ""motif"", ""ref"": ""WLC:Exod.15.26"", ""basis"": ""healer after the bitter-water test"", ""note"": ""The commentary calls the bitter extract a medicine; after making Marah's water drinkable, God names himself Israel's healer, making the preceding unpleasant-water episode a setting for healing."", ""turn"": 1, ""model"": ""sol"", ""connection_id"": ""BC-7f7bd08b0f57ee018ef8""}]"
WLC:Gen.18.28	medium	tevrat	soydas	Commentary label root خ س ر; Hebrew חסר, table sound correspondence only	Abraham asks whether five righteous people might be lacking from fifty; the Hebrew cognate makes decrease numerical and ties the missing count to whether a city is spared.	sec3	"[{""line"": 52, ""strength"": ""medium"", ""tradition"": ""tevrat"", ""kind"": ""soydas"", ""ref"": ""WLC:Gen.18.28"", ""basis"": ""Commentary label root خ س ر; Hebrew חסר, table sound correspondence only"", ""note"": ""Abraham asks whether five righteous people might be lacking from fifty; the Hebrew cognate makes decrease numerical and ties the missing count to whether a city is spared."", ""turn"": 1, ""model"": ""luna"", ""connection_id"": ""BC-dea2ca008199d7abcba0""}]"
WLC:Gen.20.18	medium	tevrat	soydas	Commentary label root ع ص ر; Hebrew עצר, table sound correspondence only	The Hebrew form עצר says YHWH had closed every womb in Abimelech's house; this related closure gives a bodily analogue to the commentary's stopper sealing a vessel, with withheld fertility instead of preserved medicine.	sec3	"[{""line"": 51, ""strength"": ""medium"", ""tradition"": ""tevrat"", ""kind"": ""soydas"", ""ref"": ""WLC:Gen.20.18"", ""basis"": ""Commentary label root ع ص ر; Hebrew עצר, table sound correspondence only"", ""note"": ""The Hebrew form עצר says YHWH had closed every womb in Abimelech's house; this related closure gives a bodily analogue to the commentary's stopper sealing a vessel, with withheld fertility instead of preserved medicine."", ""turn"": 1, ""model"": ""luna"", ""connection_id"": ""BC-7f1593a657956492d2cd""}]"
WLC:Gen.40.11	strong	tevrat	paralel	Commentary's 12:36 prison dream; grapes pressed into a cup | prisoner's grapes pressed into cup	The imprisoned cupbearer dreams of taking grapes and pressing them into Pharaoh's cup, giving the commentary's prison grape-press scene in its own narrative setting. | The commentary recalls the prisoner's dream of squeezing grapes; in Joseph's prison the cupbearer presses the grapes into Pharaoh's cup, joining confinement, extracted drink and service in one scene.	sec3	"[{""line"": 1, ""strength"": ""strong"", ""tradition"": ""tevrat"", ""kind"": ""paralel"", ""ref"": ""WLC:Gen.40.11"", ""basis"": ""Commentary's 12:36 prison dream; grapes pressed into a cup"", ""note"": ""The imprisoned cupbearer dreams of taking grapes and pressing them into Pharaoh's cup, giving the commentary's prison grape-press scene in its own narrative setting."", ""turn"": 1, ""model"": ""luna"", ""connection_id"": ""BC-5277449d582581c1a9ab""}, {""line"": 1, ""strength"": ""strong"", ""tradition"": ""tevrat"", ""kind"": ""paralel"", ""ref"": ""WLC:Gen.40.11"", ""basis"": ""prisoner's grapes pressed into cup"", ""note"": ""The commentary recalls the prisoner's dream of squeezing grapes; in Joseph's prison the cupbearer presses the grapes into Pharaoh's cup, joining confinement, extracted drink and service in one scene."", ""turn"": 1, ""model"": ""sol"", ""connection_id"": ""BC-3cd75f770ee9fa8f2b0f""}]"
WLC:Gen.40.13	strong	tevrat	paralel	cup restored after prison dream	The commentary reads pressing after hardship as a sign of relief; Joseph interprets the cupbearer's pressing dream as restoration to his former office in three days, while the cupbearer rather than Joseph receives this immediate relief.	sec3	"[{""line"": 2, ""strength"": ""strong"", ""tradition"": ""tevrat"", ""kind"": ""paralel"", ""ref"": ""WLC:Gen.40.13"", ""basis"": ""cup restored after prison dream"", ""note"": ""The commentary reads pressing after hardship as a sign of relief; Joseph interprets the cupbearer's pressing dream as restoration to his former office in three days, while the cupbearer rather than Joseph receives this immediate relief."", ""turn"": 1, ""model"": ""sol"", ""connection_id"": ""BC-ea0971c1b1a806370935""}]"
WLC:Gen.41.30	medium	tevrat	motif	Seven years of famine after seven years of plenty	Joseph's dream interpretation predicts seven lean years after abundance; it parallels the commentary's sequence of scarcity and eventual relief while preserving a different order from its pressing year.	sec3	"[{""line"": 45, ""strength"": ""medium"", ""tradition"": ""tevrat"", ""kind"": ""motif"", ""ref"": ""WLC:Gen.41.30"", ""basis"": ""Seven years of famine after seven years of plenty"", ""note"": ""Joseph's dream interpretation predicts seven lean years after abundance; it parallels the commentary's sequence of scarcity and eventual relief while preserving a different order from its pressing year."", ""turn"": 1, ""model"": ""luna"", ""connection_id"": ""BC-1b2ea984706afe11799a""}]"
WLC:Gen.41.35	strong	tevrat	paralel	stored food during abundance	The commentary joins post-famine pressing to preserving the extracted good; Joseph orders grain stored under Pharaoh during the good years so that produce can outlast the scarcity ahead.	sec3	"[{""line"": 3, ""strength"": ""strong"", ""tradition"": ""tevrat"", ""kind"": ""paralel"", ""ref"": ""WLC:Gen.41.35"", ""basis"": ""stored food during abundance"", ""note"": ""The commentary joins post-famine pressing to preserving the extracted good; Joseph orders grain stored under Pharaoh during the good years so that produce can outlast the scarcity ahead."", ""turn"": 1, ""model"": ""sol"", ""connection_id"": ""BC-288a009dc9503c565753""}]"
WLC:Gen.41.36	strong	tevrat	paralel	stored food prevents death in famine	The commentary connects the return of pressing after lean years with keeping valuable produce; Joseph says the stored food will sustain Egypt through seven famine years so the land will not perish, stating the life-saving purpose of the storage ordered in the preceding verse.	sec3	"[{""line"": 73, ""strength"": ""strong"", ""tradition"": ""tevrat"", ""kind"": ""paralel"", ""ref"": ""WLC:Gen.41.36"", ""basis"": ""stored food prevents death in famine"", ""note"": ""The commentary connects the return of pressing after lean years with keeping valuable produce; Joseph says the stored food will sustain Egypt through seven famine years so the land will not perish, stating the life-saving purpose of the storage ordered in the preceding verse."", ""turn"": 2, ""model"": ""sol"", ""connection_id"": ""BC-8f391454839789f4a331""}]"
WLC:Gen.41.49	strong	tevrat	soydas	Commentary label root ص ب ر; Hebrew צבר, table sound correspondence only | ص ب ر / Hebrew צבר, table sound correspondence	The Hebrew verb צבר describes Joseph piling up grain beyond measure; beside the commentary's corked bottle retaining squeezed essence, the narrow connection is accumulation and storage, not a shared sense of patience. | The commentary's sabr root names the bitter extract and the stopper that keeps it; Genesis says Joseph heaped up grain beyond counting before famine, using צבר for a different act of gathering and preserving what pressure will make valuable.	sec3	"[{""line"": 59, ""strength"": ""weak"", ""tradition"": ""tevrat"", ""kind"": ""soydas"", ""ref"": ""WLC:Gen.41.49"", ""basis"": ""Commentary label root ص ب ر; Hebrew צבר, table sound correspondence only"", ""note"": ""The Hebrew verb צבר describes Joseph piling up grain beyond measure; beside the commentary's corked bottle retaining squeezed essence, the narrow connection is accumulation and storage, not a shared sense of patience."", ""turn"": 1, ""model"": ""luna"", ""connection_id"": ""BC-644a32feb46333b878ea""}, {""line"": 4, ""strength"": ""strong"", ""tradition"": ""tevrat"", ""kind"": ""soydas"", ""ref"": ""WLC:Gen.41.49"", ""basis"": ""ص ب ر / Hebrew צבר, table sound correspondence"", ""note"": ""The commentary's sabr root names the bitter extract and the stopper that keeps it; Genesis says Joseph heaped up grain beyond counting before famine, using צבר for a different act of gathering and preserving what pressure will make valuable."", ""turn"": 1, ""model"": ""sol"", ""connection_id"": ""BC-9cc19d296448757bdba8""}]"
WLC:Gen.41.56	strong	tevrat	motif|paralel	Storehouses opened during famine | granaries opened during famine	When famine covers the land, Joseph opens the storehouses; this connects the commentary's retained essence in a closed bottle with stored provision later released to sustain people. | The commentary's pressed and stored good becomes relief when want arrives; as famine spreads, Joseph opens the storehouses and sells grain to Egyptians, bringing the preserved supply into use rather than leaving it sealed away.	sec3	"[{""line"": 46, ""strength"": ""medium"", ""tradition"": ""tevrat"", ""kind"": ""motif"", ""ref"": ""WLC:Gen.41.56"", ""basis"": ""Storehouses opened during famine"", ""note"": ""When famine covers the land, Joseph opens the storehouses; this connects the commentary's retained essence in a closed bottle with stored provision later released to sustain people."", ""turn"": 1, ""model"": ""luna"", ""connection_id"": ""BC-50781282c77ed4b04bcf""}, {""line"": 74, ""strength"": ""strong"", ""tradition"": ""tevrat"", ""kind"": ""paralel"", ""ref"": ""WLC:Gen.41.56"", ""basis"": ""granaries opened during famine"", ""note"": ""The commentary's pressed and stored good becomes relief when want arrives; as famine spreads, Joseph opens the storehouses and sells grain to Egyptians, bringing the preserved supply into use rather than leaving it sealed away."", ""turn"": 2, ""model"": ""sol"", ""connection_id"": ""BC-0f995f9435cbec5c2e31""}]"
WLC:Gen.50.20	strong	tevrat	motif	evil converted into preservation of life	The commentary imagines pressure on a person yielding a good that others receive; Joseph tells his brothers that the evil they intended against him was turned toward preserving many lives, interpreting the outcome of his imprisonment and food administration.	sec3	"[{""line"": 75, ""strength"": ""strong"", ""tradition"": ""tevrat"", ""kind"": ""motif"", ""ref"": ""WLC:Gen.50.20"", ""basis"": ""evil converted into preservation of life"", ""note"": ""The commentary imagines pressure on a person yielding a good that others receive; Joseph tells his brothers that the evil they intended against him was turned toward preserving many lives, interpreting the outcome of his imprisonment and food administration."", ""turn"": 2, ""model"": ""sol"", ""connection_id"": ""BC-b228c4d095b2085b1c2b""}]"
WLC:Isa.16.10	strong	tevrat	motif	winepress treading silenced	The commentary makes renewed pressing a sign that scarcity has ended; Isaiah's judgment removes joy from the vineyards and silences the treader in the winepress, so the same action's absence signals loss.	sec3	"[{""line"": 78, ""strength"": ""strong"", ""tradition"": ""tevrat"", ""kind"": ""motif"", ""ref"": ""WLC:Isa.16.10"", ""basis"": ""winepress treading silenced"", ""note"": ""The commentary makes renewed pressing a sign that scarcity has ended; Isaiah's judgment removes joy from the vineyards and silences the treader in the winepress, so the same action's absence signals loss."", ""turn"": 2, ""model"": ""sol"", ""connection_id"": ""BC-e67fefcc0c59431a92da""}]"
WLC:Isa.41.17	strong	tevrat	motif	Tongue fails for thirst; water is promised | thirsting poor with dry tongues	The needy have no water and their tongue fails from thirst; this closely matches the commentary's dried tongue, while Isaiah's promised springs reverse depletion with relief. | The commentary's pressed, dry tongue needs liquid relief; Isaiah describes needy people seeking water with none available and tongues parched with thirst, before God's promise to answer them.	sec3	"[{""line"": 62, ""strength"": ""strong"", ""tradition"": ""tevrat"", ""kind"": ""motif"", ""ref"": ""WLC:Isa.41.17"", ""basis"": ""Tongue fails for thirst; water is promised"", ""note"": ""The needy have no water and their tongue fails from thirst; this closely matches the commentary's dried tongue, while Isaiah's promised springs reverse depletion with relief."", ""turn"": 2, ""model"": ""luna"", ""connection_id"": ""BC-ce339e6e5c2627bf95a5""}, {""line"": 10, ""strength"": ""strong"", ""tradition"": ""tevrat"", ""kind"": ""motif"", ""ref"": ""WLC:Isa.41.17"", ""basis"": ""thirsting poor with dry tongues"", ""note"": ""The commentary's pressed, dry tongue needs liquid relief; Isaiah describes needy people seeking water with none available and tongues parched with thirst, before God's promise to answer them."", ""turn"": 1, ""model"": ""sol"", ""connection_id"": ""BC-ad3e0edeb2b420658dbf""}]"
WLC:Isa.5.2	medium	tevrat	karsi_anlati|motif	A winepress prepared for grapes but wild grapes produced | winepress and bad grapes	The vineyard owner builds a winepress expecting good grapes but finds wild grapes; the image makes the commentary's generous essence contingent on a yield that can instead disappoint. | The commentary expects good essence from pressing; Isaiah's vineyard owner prepares a winepress but gets bad grapes from carefully tended vines, reversing the hoped-for product before the vineyard's judgment.	sec3	"[{""line"": 44, ""strength"": ""medium"", ""tradition"": ""tevrat"", ""kind"": ""karsi_anlati"", ""ref"": ""WLC:Isa.5.2"", ""basis"": ""A winepress prepared for grapes but wild grapes produced"", ""note"": ""The vineyard owner builds a winepress expecting good grapes but finds wild grapes; the image makes the commentary's generous essence contingent on a yield that can instead disappoint."", ""turn"": 1, ""model"": ""luna"", ""connection_id"": ""BC-16418811203ef44ab67b""}, {""line"": 39, ""strength"": ""medium"", ""tradition"": ""tevrat"", ""kind"": ""motif"", ""ref"": ""WLC:Isa.5.2"", ""basis"": ""winepress and bad grapes"", ""note"": ""The commentary expects good essence from pressing; Isaiah's vineyard owner prepares a winepress but gets bad grapes from carefully tended vines, reversing the hoped-for product before the vineyard's judgment."", ""turn"": 1, ""model"": ""sol"", ""connection_id"": ""BC-1f470f6b7ba2df492490""}]"
WLC:Isa.5.7	medium	tevrat	motif	justice expected, bloodshed found	The commentary gives the pressed extract a moral sense of goodness; Isaiah explains his vineyard's failed fruit as Israel's failure to yield justice and righteousness, clarifying why a harvest image can judge a human community.	sec3	"[{""line"": 40, ""strength"": ""medium"", ""tradition"": ""tevrat"", ""kind"": ""motif"", ""ref"": ""WLC:Isa.5.7"", ""basis"": ""justice expected, bloodshed found"", ""note"": ""The commentary gives the pressed extract a moral sense of goodness; Isaiah explains his vineyard's failed fruit as Israel's failure to yield justice and righteousness, clarifying why a harvest image can judge a human community."", ""turn"": 1, ""model"": ""sol"", ""connection_id"": ""BC-fd7249d284e3a3dd1b3f""}]"
WLC:Isa.58.10	medium	tevrat	motif	self offered to the hungry	The commentary turns expressed essence into generosity; Isaiah asks a person to give of himself to the hungry and satisfy the afflicted, after which light rises from darkness, connecting costly giving to relief.	sec3	"[{""line"": 51, ""strength"": ""medium"", ""tradition"": ""tevrat"", ""kind"": ""motif"", ""ref"": ""WLC:Isa.58.10"", ""basis"": ""self offered to the hungry"", ""note"": ""The commentary turns expressed essence into generosity; Isaiah asks a person to give of himself to the hungry and satisfy the afflicted, after which light rises from darkness, connecting costly giving to relief."", ""turn"": 1, ""model"": ""sol"", ""connection_id"": ""BC-02c963e31d75102ed16e""}]"
WLC:Isa.58.11	medium	tevrat	motif	watered garden in dry places	The commentary's dried tongue and beneficial outflow invite a restoration image; Isaiah promises guidance and satisfaction in parched places until the person is like a watered garden and unfailing spring.	sec3	"[{""line"": 52, ""strength"": ""medium"", ""tradition"": ""tevrat"", ""kind"": ""motif"", ""ref"": ""WLC:Isa.58.11"", ""basis"": ""watered garden in dry places"", ""note"": ""The commentary's dried tongue and beneficial outflow invite a restoration image; Isaiah promises guidance and satisfaction in parched places until the person is like a watered garden and unfailing spring."", ""turn"": 1, ""model"": ""sol"", ""connection_id"": ""BC-89f7104aeb27d566fb55""}]"
WLC:Isa.63.3	strong	tevrat	karsi_anlati|motif	Winepress trodden in wrath; blood on garments | winepress trodden in anger	The divine speaker treads the press in anger and blood stains his clothing, a direct counter-image to the commentary's extracted juice as good and generous giving. | The commentary's pressing produces a potentially healing good; Isaiah's solitary winepress treader makes red garments an image of wrath against peoples, a specific contrary use of the same action.	sec3	"[{""line"": 8, ""strength"": ""strong"", ""tradition"": ""tevrat"", ""kind"": ""karsi_anlati"", ""ref"": ""WLC:Isa.63.3"", ""basis"": ""Winepress trodden in wrath; blood on garments"", ""note"": ""The divine speaker treads the press in anger and blood stains his clothing, a direct counter-image to the commentary's extracted juice as good and generous giving."", ""turn"": 1, ""model"": ""luna"", ""connection_id"": ""BC-18633cbd04d646241b95""}, {""line"": 42, ""strength"": ""medium"", ""tradition"": ""tevrat"", ""kind"": ""motif"", ""ref"": ""WLC:Isa.63.3"", ""basis"": ""winepress trodden in anger"", ""note"": ""The commentary's pressing produces a potentially healing good; Isaiah's solitary winepress treader makes red garments an image of wrath against peoples, a specific contrary use of the same action."", ""turn"": 1, ""model"": ""sol"", ""connection_id"": ""BC-c2c25ec1531bed53f129""}]"
WLC:Isa.65.8	strong	tevrat	motif	blessing in a grape cluster	The commentary makes the juice pressed from grapes an image of good that should be kept; Isaiah says a cluster containing new wine must not be destroyed because a blessing is in it, then applies that preservation to God's servants.	sec3	"[{""line"": 6, ""strength"": ""strong"", ""tradition"": ""tevrat"", ""kind"": ""motif"", ""ref"": ""WLC:Isa.65.8"", ""basis"": ""blessing in a grape cluster"", ""note"": ""The commentary makes the juice pressed from grapes an image of good that should be kept; Isaiah says a cluster containing new wine must not be destroyed because a blessing is in it, then applies that preservation to God's servants."", ""turn"": 1, ""model"": ""sol"", ""connection_id"": ""BC-0c679156825d5b66093a""}]"
WLC:Jer.2.13	strong	tevrat	karsi_anlati|motif	Living fountain; cracked cisterns | broken cisterns unable to hold water	The commentary ends with a sealed bottle that retains its medicinal essence, whereas Jeremiah's chosen cisterns are cracked and cannot hold water, making failed containment a charge against Judah. | The commentary's vessel keeps its valuable liquid from loss; Jeremiah contrasts the living-water source with cracked cisterns that cannot hold water, making a failed container an image of a people's self-inflicted deprivation.	sec3	"[{""line"": 4, ""strength"": ""strong"", ""tradition"": ""tevrat"", ""kind"": ""karsi_anlati"", ""ref"": ""WLC:Jer.2.13"", ""basis"": ""Living fountain; cracked cisterns"", ""note"": ""The commentary ends with a sealed bottle that retains its medicinal essence, whereas Jeremiah's chosen cisterns are cracked and cannot hold water, making failed containment a charge against Judah."", ""turn"": 1, ""model"": ""luna"", ""connection_id"": ""BC-8ca2f8a94191c0741845""}, {""line"": 77, ""strength"": ""strong"", ""tradition"": ""tevrat"", ""kind"": ""motif"", ""ref"": ""WLC:Jer.2.13"", ""basis"": ""broken cisterns unable to hold water"", ""note"": ""The commentary's vessel keeps its valuable liquid from loss; Jeremiah contrasts the living-water source with cracked cisterns that cannot hold water, making a failed container an image of a people's self-inflicted deprivation."", ""turn"": 2, ""model"": ""sol"", ""connection_id"": ""BC-8abf73e5164e759c2dbb""}]"
WLC:Jer.32.14	medium	tevrat	motif	jar preserves a future claim	The commentary's stopper and vessel keep something valuable for later; Jeremiah orders purchase documents put in an earthenware jar so they survive many days during Jerusalem's siege, preserving a sign of future restoration.	sec3	"[{""line"": 44, ""strength"": ""medium"", ""tradition"": ""tevrat"", ""kind"": ""motif"", ""ref"": ""WLC:Jer.32.14"", ""basis"": ""jar preserves a future claim"", ""note"": ""The commentary's stopper and vessel keep something valuable for later; Jeremiah orders purchase documents put in an earthenware jar so they survive many days during Jerusalem's siege, preserving a sign of future restoration."", ""turn"": 1, ""model"": ""sol"", ""connection_id"": ""BC-4c73f1b30e7b1a63d8fd""}]"
WLC:Jer.48.11	medium	tevrat	motif	Wine left on its lees and not poured between vessels	Moab's undisturbed wine retains its flavor because it has not been poured from vessel to vessel; the commentary's cork likewise preserves a liquid, but Jeremiah makes stillness a figure for complacency.	sec3	"[{""line"": 47, ""strength"": ""medium"", ""tradition"": ""tevrat"", ""kind"": ""motif"", ""ref"": ""WLC:Jer.48.11"", ""basis"": ""Wine left on its lees and not poured between vessels"", ""note"": ""Moab's undisturbed wine retains its flavor because it has not been poured from vessel to vessel; the commentary's cork likewise preserves a liquid, but Jeremiah makes stillness a figure for complacency."", ""turn"": 1, ""model"": ""luna"", ""connection_id"": ""BC-1cc1251928425cef9ec8""}]"
WLC:Job.14.1	medium	tevrat	motif	frail human full of trouble	The commentary's human stands in diminishment between pressure and relief; Job says a person born of woman has few days and is full of trouble, sharpening the vulnerability of the one being pressed.	sec3	"[{""line"": 45, ""strength"": ""medium"", ""tradition"": ""tevrat"", ""kind"": ""motif"", ""ref"": ""WLC:Job.14.1"", ""basis"": ""frail human full of trouble"", ""note"": ""The commentary's human stands in diminishment between pressure and relief; Job says a person born of woman has few days and is full of trouble, sharpening the vulnerability of the one being pressed."", ""turn"": 1, ""model"": ""sol"", ""connection_id"": ""BC-225766ac5330f089a2fa""}]"
WLC:Job.32.19	strong	tevrat	motif	Wine with no vent; new wineskins ready to burst	The commentary's cork holds squeezed liquid in a bottle; Elihu instead likens unspoken words to fermenting wine with no vent, so the same containment intensifies pressure toward rupture.	sec3	"[{""line"": 2, ""strength"": ""strong"", ""tradition"": ""tevrat"", ""kind"": ""motif"", ""ref"": ""WLC:Job.32.19"", ""basis"": ""Wine with no vent; new wineskins ready to burst"", ""note"": ""The commentary's cork holds squeezed liquid in a bottle; Elihu instead likens unspoken words to fermenting wine with no vent, so the same containment intensifies pressure toward rupture."", ""turn"": 1, ""model"": ""luna"", ""connection_id"": ""BC-4787a629210afa5d6db0""}]"
WLC:Job.7.17	strong	tevrat	soydas	Commentary label root ء ن س; Hebrew אנש, regular sound correspondence and BDB Arabic-cognate note | ء ن س / Hebrew אנש, table sound correspondence with BDB cognate note	Job asks what אנוש, a mortal human, is that God gives him such attention; it lends the commentary's generic human between pressure and loss a specific mortal and vulnerable register. | The commentary places the human being under pressure; Job asks what frail human is that God magnifies him and sets his attention on him, using אנוש to turn divine notice into an anguished question amid suffering.	sec3	"[{""line"": 14, ""strength"": ""strong"", ""tradition"": ""tevrat"", ""kind"": ""soydas"", ""ref"": ""WLC:Job.7.17"", ""basis"": ""Commentary label root ء ن س; Hebrew אנש, regular sound correspondence and BDB Arabic-cognate note"", ""note"": ""Job asks what אנוש, a mortal human, is that God gives him such attention; it lends the commentary's generic human between pressure and loss a specific mortal and vulnerable register."", ""turn"": 1, ""model"": ""luna"", ""connection_id"": ""BC-55843974c0ad60278448""}, {""line"": 79, ""strength"": ""strong"", ""tradition"": ""tevrat"", ""kind"": ""soydas"", ""ref"": ""WLC:Job.7.17"", ""basis"": ""ء ن س / Hebrew אנש, table sound correspondence with BDB cognate note"", ""note"": ""The commentary places the human being under pressure; Job asks what frail human is that God magnifies him and sets his attention on him, using אנוש to turn divine notice into an anguished question amid suffering."", ""turn"": 2, ""model"": ""sol"", ""connection_id"": ""BC-7d3a77a04b419eb0b272""}]"
WLC:Job.7.18	medium	tevrat	motif	human tested every moment	The commentary's human undergoes pressure; Job continues his question about the אנוש of 7:17 by saying God tests him every moment, making divine attention feel like sustained examination. The root itself is in the preceding verse.	sec3	"[{""line"": 96, ""strength"": ""medium"", ""tradition"": ""tevrat"", ""kind"": ""motif"", ""ref"": ""WLC:Job.7.18"", ""basis"": ""human tested every moment"", ""note"": ""The commentary's human undergoes pressure; Job continues his question about the אנוש of 7:17 by saying God tests him every moment, making divine attention feel like sustained examination. The root itself is in the preceding verse."", ""turn"": 2, ""model"": ""sol"", ""connection_id"": ""BC-969f07260a49e5112b3b""}]"
WLC:Joel.1.14	medium	tevrat	soydas	ع ص ر / Hebrew עצר, table sound correspondence	The commentary's opening root evokes pressure and its close calls people to counsel one another; Joel calls a solemn assembly, using עצרה, and gathers elders and inhabitants to cry to God amid a ruined harvest, turning held-together people toward a shared answer to scarcity.	sec3	"[{""line"": 48, ""strength"": ""medium"", ""tradition"": ""tevrat"", ""kind"": ""soydas"", ""ref"": ""WLC:Joel.1.14"", ""basis"": ""ع ص ر / Hebrew עצר, table sound correspondence"", ""note"": ""The commentary's opening root evokes pressure and its close calls people to counsel one another; Joel calls a solemn assembly, using עצרה, and gathers elders and inhabitants to cry to God amid a ruined harvest, turning held-together people toward a shared answer to scarcity."", ""turn"": 1, ""model"": ""sol"", ""connection_id"": ""BC-bbb11adbf6dcdef07475""}]"
WLC:Joel.2.24	medium	tevrat	motif	vats full after devastation	The commentary recalls renewed pressing after scarcity; Joel promises threshing floors full of grain and vats overflowing with wine and oil as the land recovers from devastation.	sec3	"[{""line"": 43, ""strength"": ""medium"", ""tradition"": ""tevrat"", ""kind"": ""motif"", ""ref"": ""WLC:Joel.2.24"", ""basis"": ""vats full after devastation"", ""note"": ""The commentary recalls renewed pressing after scarcity; Joel promises threshing floors full of grain and vats overflowing with wine and oil as the land recovers from devastation."", ""turn"": 1, ""model"": ""sol"", ""connection_id"": ""BC-5950910671648a029409""}]"
WLC:Joel.4.13	strong	tevrat	karsi_anlati|motif	Ripe harvest; vats overflowing with wickedness | full winepress as judgment	The harvest press overflows because the nations' wickedness is great; the shared pressing and yield imagery makes the commentary's beneficial extract read against a judgment harvest. | The commentary's full press can signify recovered abundance; Joel instead calls for the winepress to be trodden because wickedness is great, making the overflowing vats an image of judgment. This is WLC's Hebrew Joel 4:13.	sec3	"[{""line"": 9, ""strength"": ""strong"", ""tradition"": ""tevrat"", ""kind"": ""karsi_anlati"", ""ref"": ""WLC:Joel.4.13"", ""basis"": ""Ripe harvest; vats overflowing with wickedness"", ""note"": ""The harvest press overflows because the nations' wickedness is great; the shared pressing and yield imagery makes the commentary's beneficial extract read against a judgment harvest."", ""turn"": 1, ""model"": ""luna"", ""connection_id"": ""BC-049fa39acfb6121c82ec""}, {""line"": 41, ""strength"": ""medium"", ""tradition"": ""tevrat"", ""kind"": ""motif"", ""ref"": ""WLC:Joel.4.13"", ""basis"": ""full winepress as judgment"", ""note"": ""The commentary's full press can signify recovered abundance; Joel instead calls for the winepress to be trodden because wickedness is great, making the overflowing vats an image of judgment. This is WLC's Hebrew Joel 4:13."", ""turn"": 1, ""model"": ""sol"", ""connection_id"": ""BC-92fe4a1055961ebec285""}]"
WLC:Judg.6.11	strong	tevrat	motif	Gideon threshes wheat in a winepress to hide it | wheat hidden in a winepress	Gideon works grain in a winepress while hiding from Midianite raiders; the press belongs to threatened subsistence here, unlike the commentary's press as the sign that scarcity has ended. | The commentary locates pressing beside confinement and scarcity; Gideon beats out wheat inside a winepress to keep it from Midian, using the grape vessel as a hiding place for food under oppression rather than as a source of drink.	sec3	"[{""line"": 82, ""strength"": ""medium"", ""tradition"": ""tevrat"", ""kind"": ""motif"", ""ref"": ""WLC:Judg.6.11"", ""basis"": ""Gideon threshes wheat in a winepress to hide it"", ""note"": ""Gideon works grain in a winepress while hiding from Midianite raiders; the press belongs to threatened subsistence here, unlike the commentary's press as the sign that scarcity has ended."", ""turn"": 2, ""model"": ""luna"", ""connection_id"": ""BC-df97fff89dc73ed0d0ed""}, {""line"": 76, ""strength"": ""strong"", ""tradition"": ""tevrat"", ""kind"": ""motif"", ""ref"": ""WLC:Judg.6.11"", ""basis"": ""wheat hidden in a winepress"", ""note"": ""The commentary locates pressing beside confinement and scarcity; Gideon beats out wheat inside a winepress to keep it from Midian, using the grape vessel as a hiding place for food under oppression rather than as a source of drink."", ""turn"": 2, ""model"": ""sol"", ""connection_id"": ""BC-a73ab9557b604e985a18""}]"
WLC:Judg.9.13	medium	tevrat	motif	Wine gladdens God and humans	In Jotham's fable the vine says its wine gladdens God and people; this concretely parallels the commentary's report that Arabs make expressed juice a figure for good and generosity.	sec3	"[{""line"": 43, ""strength"": ""medium"", ""tradition"": ""tevrat"", ""kind"": ""motif"", ""ref"": ""WLC:Judg.9.13"", ""basis"": ""Wine gladdens God and humans"", ""note"": ""In Jotham's fable the vine says its wine gladdens God and people; this concretely parallels the commentary's report that Arabs make expressed juice a figure for good and generosity."", ""turn"": 1, ""model"": ""luna"", ""connection_id"": ""BC-d3e424370336150bd931""}]"
WLC:Lam.1.15	strong	tevrat	karsi_anlati	Judah trodden as grapes in a winepress	The lament says the Lord has trodden Judah like grapes in a press; the commentary's human squeezed into loss becomes a crushed people here, and the press yields devastation rather than a useful essence.	sec3	"[{""line"": 7, ""strength"": ""strong"", ""tradition"": ""tevrat"", ""kind"": ""karsi_anlati"", ""ref"": ""WLC:Lam.1.15"", ""basis"": ""Judah trodden as grapes in a winepress"", ""note"": ""The lament says the Lord has trodden Judah like grapes in a press; the commentary's human squeezed into loss becomes a crushed people here, and the press yields devastation rather than a useful essence."", ""turn"": 1, ""model"": ""luna"", ""connection_id"": ""BC-2f08121e718a29dedace""}]"
WLC:Lam.2.19	medium	tevrat	motif	pour heart like water	The commentary recalls patience poured on people facing danger; Lamentations tells Jerusalem to pour out her heart like water before the Lord for children fainting from hunger, joining a liquid prayer to communal deprivation.	sec3	"[{""line"": 53, ""strength"": ""medium"", ""tradition"": ""tevrat"", ""kind"": ""motif"", ""ref"": ""WLC:Lam.2.19"", ""basis"": ""pour heart like water"", ""note"": ""The commentary recalls patience poured on people facing danger; Lamentations tells Jerusalem to pour out her heart like water before the Lord for children fainting from hunger, joining a liquid prayer to communal deprivation."", ""turn"": 1, ""model"": ""sol"", ""connection_id"": ""BC-267ebfc959ff146d5be2""}]"
WLC:Lam.3.15	medium	tevrat	karsi_anlati	Bitterness and wormwood as affliction	The speaker says he has been filled with bitterness and wormwood; the plant bitterness is imposed misery, a counter-reading to the commentary's painful but beneficial remedy.	sec3	"[{""line"": 67, ""strength"": ""medium"", ""tradition"": ""tevrat"", ""kind"": ""karsi_anlati"", ""ref"": ""WLC:Lam.3.15"", ""basis"": ""Bitterness and wormwood as affliction"", ""note"": ""The speaker says he has been filled with bitterness and wormwood; the plant bitterness is imposed misery, a counter-reading to the commentary's painful but beneficial remedy."", ""turn"": 2, ""model"": ""luna"", ""connection_id"": ""BC-a47f060b9cda824d1f1c""}]"
WLC:Lam.4.4	strong	tevrat	motif	Tongue of the infant clings from thirst | thirst-dried tongue in famine	The commentary names a thirst-dried tongue as maʿṣūr; in Jerusalem's siege the infant's tongue clings to the palate for thirst, making the bodily image concrete in a scene of deprivation. | The commentary names the tongue dried by thirst alongside a person unable to pass food; Lamentations depicts nursing infants whose tongues stick to their palates for thirst while children ask for bread and receive none.	sec3	"[{""line"": 61, ""strength"": ""strong"", ""tradition"": ""tevrat"", ""kind"": ""motif"", ""ref"": ""WLC:Lam.4.4"", ""basis"": ""Tongue of the infant clings from thirst"", ""note"": ""The commentary names a thirst-dried tongue as maʿṣūr; in Jerusalem's siege the infant's tongue clings to the palate for thirst, making the bodily image concrete in a scene of deprivation."", ""turn"": 2, ""model"": ""luna"", ""connection_id"": ""BC-6b4879293b2266887ec9""}, {""line"": 9, ""strength"": ""strong"", ""tradition"": ""tevrat"", ""kind"": ""motif"", ""ref"": ""WLC:Lam.4.4"", ""basis"": ""thirst-dried tongue in famine"", ""note"": ""The commentary names the tongue dried by thirst alongside a person unable to pass food; Lamentations depicts nursing infants whose tongues stick to their palates for thirst while children ask for bread and receive none."", ""turn"": 1, ""model"": ""sol"", ""connection_id"": ""BC-37850b1a5764f3f84dd7""}]"
WLC:Mic.6.15	strong	tevrat	motif	pressing without drinking	The commentary expects a useful extract after pressing; Micah's judgment reverses that expectation, as people tread grapes yet will not drink their wine because their labor yields them no enjoyment.	sec3	"[{""line"": 7, ""strength"": ""strong"", ""tradition"": ""tevrat"", ""kind"": ""motif"", ""ref"": ""WLC:Mic.6.15"", ""basis"": ""pressing without drinking"", ""note"": ""The commentary expects a useful extract after pressing; Micah's judgment reverses that expectation, as people tread grapes yet will not drink their wine because their labor yields them no enjoyment."", ""turn"": 1, ""model"": ""sol"", ""connection_id"": ""BC-2f3e8a719a7a64a1a4a4""}]"
WLC:Num.5.24	strong	tevrat	motif	Bitter water that brings a curse | cursed bitter water drunk	The suspected woman is made to drink water of bitterness that brings a curse; this is a concrete counter-use of bitter liquid beside the commentary's bitter plant extract called medicine. | The commentary's bitter liquid is a healing medicine; in the ordeal of jealousy the woman must drink water of bitterness that carries a curse, giving an ingested bitter fluid a punitive effect instead.	sec3	"[{""line"": 65, ""strength"": ""strong"", ""tradition"": ""tevrat"", ""kind"": ""motif"", ""ref"": ""WLC:Num.5.24"", ""basis"": ""Bitter water that brings a curse"", ""note"": ""The suspected woman is made to drink water of bitterness that brings a curse; this is a concrete counter-use of bitter liquid beside the commentary's bitter plant extract called medicine."", ""turn"": 2, ""model"": ""luna"", ""connection_id"": ""BC-d705ec50acbf5a7bc705""}, {""line"": 94, ""strength"": ""medium"", ""tradition"": ""tevrat"", ""kind"": ""motif"", ""ref"": ""WLC:Num.5.24"", ""basis"": ""cursed bitter water drunk"", ""note"": ""The commentary's bitter liquid is a healing medicine; in the ordeal of jealousy the woman must drink water of bitterness that carries a curse, giving an ingested bitter fluid a punitive effect instead."", ""turn"": 2, ""model"": ""sol"", ""connection_id"": ""BC-dadde0d755f2385785df""}]"
WLC:Num.5.27	medium	tevrat	karsi_anlati	Bitter water brings bodily affliction	The ritual's consequence is that the water becomes bitter within the woman and brings a curse; bitterness here exposes and punishes rather than healing as in the commentary's medicinal sabr.	sec3	"[{""line"": 66, ""strength"": ""medium"", ""tradition"": ""tevrat"", ""kind"": ""karsi_anlati"", ""ref"": ""WLC:Num.5.27"", ""basis"": ""Bitter water brings bodily affliction"", ""note"": ""The ritual's consequence is that the water becomes bitter within the woman and brings a curse; bitterness here exposes and punishes rather than healing as in the commentary's medicinal sabr."", ""turn"": 2, ""model"": ""luna"", ""connection_id"": ""BC-b3b1317ce9e2db833bf6""}]"
WLC:Prov.25.21	strong	tevrat	motif	give water to a thirsty enemy	The commentary connects flowing essence with generosity and relief of thirst; Proverbs directs a person to feed a hungry enemy and give a thirsty enemy water, turning an ordinary drink into a costly good act.	sec3	"[{""line"": 16, ""strength"": ""strong"", ""tradition"": ""tevrat"", ""kind"": ""motif"", ""ref"": ""WLC:Prov.25.21"", ""basis"": ""give water to a thirsty enemy"", ""note"": ""The commentary connects flowing essence with generosity and relief of thirst; Proverbs directs a person to feed a hungry enemy and give a thirsty enemy water, turning an ordinary drink into a costly good act."", ""turn"": 1, ""model"": ""sol"", ""connection_id"": ""BC-b7057e66d8a0e7bbd78b""}]"
WLC:Prov.27.17	medium	tevrat	motif	Iron sharpens iron | one person sharpens another	The proverb says one person sharpens another as iron sharpens iron; this gives mutual exhortation a concrete image of improvement through another's words. | The surah's reciprocal counsel follows the image of pressure yielding value; Proverbs says iron sharpens iron and one person sharpens another, a specific abrasive image for mutual improvement rather than solitary patience.	sec3	"[{""line"": 54, ""strength"": ""medium"", ""tradition"": ""tevrat"", ""kind"": ""motif"", ""ref"": ""WLC:Prov.27.17"", ""basis"": ""Iron sharpens iron"", ""note"": ""The proverb says one person sharpens another as iron sharpens iron; this gives mutual exhortation a concrete image of improvement through another's words."", ""turn"": 1, ""model"": ""luna"", ""connection_id"": ""BC-aa693f5465aead83ce20""}, {""line"": 100, ""strength"": ""medium"", ""tradition"": ""tevrat"", ""kind"": ""motif"", ""ref"": ""WLC:Prov.27.17"", ""basis"": ""one person sharpens another"", ""note"": ""The surah's reciprocal counsel follows the image of pressure yielding value; Proverbs says iron sharpens iron and one person sharpens another, a specific abrasive image for mutual improvement rather than solitary patience."", ""turn"": 2, ""model"": ""sol"", ""connection_id"": ""BC-4fc1190d8058c77967a6""}]"
WLC:Prov.28.27	strong	tevrat	soydas	خ س ر / Hebrew חסר, table sound correspondence	The commentary's loss stands opposite goodness given away; Proverbs says a person who gives to the poor will not lack, using חסר to make generosity a way through deficiency rather than a cause of it.	sec3	"[{""line"": 17, ""strength"": ""strong"", ""tradition"": ""tevrat"", ""kind"": ""soydas"", ""ref"": ""WLC:Prov.28.27"", ""basis"": ""خ س ر / Hebrew חסר, table sound correspondence"", ""note"": ""The commentary's loss stands opposite goodness given away; Proverbs says a person who gives to the poor will not lack, using חסר to make generosity a way through deficiency rather than a cause of it."", ""turn"": 1, ""model"": ""sol"", ""connection_id"": ""BC-76d3a1401995cad2a6ac""}]"
WLC:Prov.3.10	medium	tevrat	motif	Vats filled with new wine	The next verse promises vats brimming with new wine; the commentary's juice as beneficial abundance finds a concrete biblical image of overflowing produce.	sec3	"[{""line"": 41, ""strength"": ""medium"", ""tradition"": ""tevrat"", ""kind"": ""motif"", ""ref"": ""WLC:Prov.3.10"", ""basis"": ""Vats filled with new wine"", ""note"": ""The next verse promises vats brimming with new wine; the commentary's juice as beneficial abundance finds a concrete biblical image of overflowing produce."", ""turn"": 1, ""model"": ""luna"", ""connection_id"": ""BC-b8b152e3e196a6d31be9""}]"
WLC:Prov.3.9	medium	tevrat	motif	Honoring God with wealth	The verse commands honoring YHWH with one's wealth and first produce; beside the commentary's claim that extracted juice figures good and generosity, it makes abundance an act of giving.	sec3	"[{""line"": 40, ""strength"": ""medium"", ""tradition"": ""tevrat"", ""kind"": ""motif"", ""ref"": ""WLC:Prov.3.9"", ""basis"": ""Honoring God with wealth"", ""note"": ""The verse commands honoring YHWH with one's wealth and first produce; beside the commentary's claim that extracted juice figures good and generosity, it makes abundance an act of giving."", ""turn"": 1, ""model"": ""luna"", ""connection_id"": ""BC-b34a63b45f8ac58cbb18""}]"
WLC:Prov.30.16	strong	tevrat	motif|soydas	Commentary label root ع ص ر; Hebrew עצר, table sound correspondence only | Closed womb and earth unsatisfied with water	The proverb names the closed womb with עצר; this table correspondence links the commentary's root to bodily closure, while the proverb's unsatisfied earth and water add a distinct thirst setting. | The proverb places a closed womb beside earth that is never satisfied with water; this meets the commentary's closure and thirst images together, but as unsated lack rather than a bottle retaining medicine. | The proverb's closed womb uses the Hebrew root the table matches to Arabic ع ص ر; it supplies a bodily use of closure distinct from pressing and from the bottle-stopper sense in the commentary.	sec3	"[{""line"": 63, ""strength"": ""strong"", ""tradition"": ""tevrat"", ""kind"": ""soydas"", ""ref"": ""WLC:Prov.30.16"", ""basis"": ""Commentary label root ع ص ر; Hebrew עצר, table sound correspondence only"", ""note"": ""The proverb names the closed womb with עצר; this table correspondence links the commentary's root to bodily closure, while the proverb's unsatisfied earth and water add a distinct thirst setting."", ""turn"": 2, ""model"": ""luna"", ""connection_id"": ""BC-024d51c99af46e28dab5""}, {""line"": 64, ""strength"": ""medium"", ""tradition"": ""tevrat"", ""kind"": ""motif"", ""ref"": ""WLC:Prov.30.16"", ""basis"": ""Closed womb and earth unsatisfied with water"", ""note"": ""The proverb places a closed womb beside earth that is never satisfied with water; this meets the commentary's closure and thirst images together, but as unsated lack rather than a bottle retaining medicine."", ""turn"": 2, ""model"": ""luna"", ""connection_id"": ""BC-f5d1a407786e324b0abf""}, {""line"": 102, ""strength"": ""medium"", ""tradition"": ""tevrat"", ""kind"": ""soydas"", ""ref"": ""WLC:Prov.30.16"", ""basis"": ""Commentary label root ع ص ر; Hebrew עצר, table sound correspondence only"", ""note"": ""The proverb's closed womb uses the Hebrew root the table matches to Arabic ع ص ر; it supplies a bodily use of closure distinct from pressing and from the bottle-stopper sense in the commentary."", ""turn"": 2, ""model"": ""luna"", ""connection_id"": ""BC-80d0c7d005ddc71d44c4""}]"
WLC:Ps.104.15	medium	tevrat	motif	Wine gladdens the human heart	The psalm names wine as what gladdens the human heart; it gives a biblical instance of the commentary's extracted juice as goodness for people.	sec3	"[{""line"": 42, ""strength"": ""medium"", ""tradition"": ""tevrat"", ""kind"": ""motif"", ""ref"": ""WLC:Ps.104.15"", ""basis"": ""Wine gladdens the human heart"", ""note"": ""The psalm names wine as what gladdens the human heart; it gives a biblical instance of the commentary's extracted juice as goodness for people."", ""turn"": 1, ""model"": ""luna"", ""connection_id"": ""BC-dcc4e63c6c3202c8433a""}]"
WLC:Ps.107.9	medium	tevrat	motif	thirsty and hungry filled with good	The commentary links obstructed food, thirst and a good that relieves need; the psalm says God satisfies the longing soul and fills the hungry soul with good things, bringing the two bodily lacks into one act of provision.	sec3	"[{""line"": 99, ""strength"": ""medium"", ""tradition"": ""tevrat"", ""kind"": ""motif"", ""ref"": ""WLC:Ps.107.9"", ""basis"": ""thirsty and hungry filled with good"", ""note"": ""The commentary links obstructed food, thirst and a good that relieves need; the psalm says God satisfies the longing soul and fills the hungry soul with good things, bringing the two bodily lacks into one act of provision."", ""turn"": 2, ""model"": ""sol"", ""connection_id"": ""BC-001811c88d832e650a4e""}]"
WLC:Ps.22.16	strong	tevrat	motif	strength dried and tongue stuck	The commentary links pressure on a person with a tongue dried by thirst; the suffering speaker's strength dries like a potsherd and his tongue sticks to his jaws. This is WLC verse 16, including the Hebrew superscription in the numbering.	sec3	"[{""line"": 11, ""strength"": ""strong"", ""tradition"": ""tevrat"", ""kind"": ""motif"", ""ref"": ""WLC:Ps.22.16"", ""basis"": ""strength dried and tongue stuck"", ""note"": ""The commentary links pressure on a person with a tongue dried by thirst; the suffering speaker's strength dries like a potsherd and his tongue sticks to his jaws. This is WLC verse 16, including the Hebrew superscription in the numbering."", ""turn"": 1, ""model"": ""sol"", ""connection_id"": ""BC-3c894b21fd0fb71cbf0a""}]"
WLC:Ps.23.1	medium	tevrat	soydas	خ س ر / Hebrew חסר, table sound correspondence	The commentary defines khusr as lack or decrease; the speaker whose shepherd is the Lord says he lacks nothing, using חסר to picture the opposite of human deficiency through care received.	sec3	"[{""line"": 46, ""strength"": ""medium"", ""tradition"": ""tevrat"", ""kind"": ""soydas"", ""ref"": ""WLC:Ps.23.1"", ""basis"": ""خ س ر / Hebrew חסר, table sound correspondence"", ""note"": ""The commentary defines khusr as lack or decrease; the speaker whose shepherd is the Lord says he lacks nothing, using חסר to picture the opposite of human deficiency through care received."", ""turn"": 1, ""model"": ""sol"", ""connection_id"": ""BC-3a3faa90c41acf504151""}]"
WLC:Ps.23.5	medium	tevrat	motif	cup overflows before enemies	The commentary's vessel preserves and dispenses good under pressure; the psalmist's cup overflows at a table prepared in the presence of enemies, so contained abundance appears while threat remains.	sec3	"[{""line"": 98, ""strength"": ""medium"", ""tradition"": ""tevrat"", ""kind"": ""motif"", ""ref"": ""WLC:Ps.23.5"", ""basis"": ""cup overflows before enemies"", ""note"": ""The commentary's vessel preserves and dispenses good under pressure; the psalmist's cup overflows at a table prepared in the presence of enemies, so contained abundance appears while threat remains."", ""turn"": 2, ""model"": ""sol"", ""connection_id"": ""BC-b11ddd515363d9a105c7""}]"
WLC:Ps.34.11	strong	tevrat	soydas	Commentary label root خ س ر; Hebrew חסר, table sound correspondence only | خ س ر / Hebrew חסר, table sound correspondence	The verse says young lions lack and hunger while those who seek YHWH lack no good thing; Hebrew חסר gives the commentary's decrease a direct cognate contrast between want and provision. | The commentary places loss against good preserved; the psalm contrasts hungry young lions with seekers of the Lord who lack no good thing, using חסר to make need and its relief concrete.	sec3	"[{""line"": 83, ""strength"": ""strong"", ""tradition"": ""tevrat"", ""kind"": ""soydas"", ""ref"": ""WLC:Ps.34.11"", ""basis"": ""Commentary label root خ س ر; Hebrew חסר, table sound correspondence only"", ""note"": ""The verse says young lions lack and hunger while those who seek YHWH lack no good thing; Hebrew חסר gives the commentary's decrease a direct cognate contrast between want and provision."", ""turn"": 2, ""model"": ""luna"", ""connection_id"": ""BC-9613032567c6851a198d""}, {""line"": 47, ""strength"": ""medium"", ""tradition"": ""tevrat"", ""kind"": ""soydas"", ""ref"": ""WLC:Ps.34.11"", ""basis"": ""خ س ر / Hebrew חסר, table sound correspondence"", ""note"": ""The commentary places loss against good preserved; the psalm contrasts hungry young lions with seekers of the Lord who lack no good thing, using חסר to make need and its relief concrete."", ""turn"": 1, ""model"": ""sol"", ""connection_id"": ""BC-84c47f52fb6f4e1140db""}]"
WLC:Ps.39.7	strong	tevrat	soydas	ص ب ر / Hebrew צבר, table sound correspondence	The commentary puts the losing human between pressed produce and what is stored; the psalm says a person heaps up wealth yet does not know who will gather it, using צבר for accumulation that cannot secure its owner.	sec3	"[{""line"": 20, ""strength"": ""strong"", ""tradition"": ""tevrat"", ""kind"": ""soydas"", ""ref"": ""WLC:Ps.39.7"", ""basis"": ""ص ب ر / Hebrew צבר, table sound correspondence"", ""note"": ""The commentary puts the losing human between pressed produce and what is stored; the psalm says a person heaps up wealth yet does not know who will gather it, using צבר for accumulation that cannot secure its owner."", ""turn"": 1, ""model"": ""sol"", ""connection_id"": ""BC-b94fdd7335a911523298""}]"
WLC:Ps.69.22	medium	tevrat	motif	gall for food and vinegar for thirst	The commentary's food obstruction, thirst and bitter remedy converge in one sufferer's plea; the psalm says enemies give gall for food and vinegar for thirst, turning what should nourish and refresh into affliction. This is WLC verse 22.	sec3	"[{""line"": 50, ""strength"": ""medium"", ""tradition"": ""tevrat"", ""kind"": ""motif"", ""ref"": ""WLC:Ps.69.22"", ""basis"": ""gall for food and vinegar for thirst"", ""note"": ""The commentary's food obstruction, thirst and bitter remedy converge in one sufferer's plea; the psalm says enemies give gall for food and vinegar for thirst, turning what should nourish and refresh into affliction. This is WLC verse 22."", ""turn"": 1, ""model"": ""sol"", ""connection_id"": ""BC-1f624107c80ea1aecdac""}]"
WLC:Ps.75.9	medium	tevrat	karsi_anlati	The cup of divine wrath and its dregs	The psalm's cup contains foaming wine and dregs that the wicked must drink; it turns contained liquid toward judgment rather than the commentary's medicinal extract.	sec3	"[{""line"": 48, ""strength"": ""medium"", ""tradition"": ""tevrat"", ""kind"": ""karsi_anlati"", ""ref"": ""WLC:Ps.75.9"", ""basis"": ""The cup of divine wrath and its dregs"", ""note"": ""The psalm's cup contains foaming wine and dregs that the wicked must drink; it turns contained liquid toward judgment rather than the commentary's medicinal extract."", ""turn"": 1, ""model"": ""luna"", ""connection_id"": ""BC-2b36dc8010f83ad0465a""}]"
WLC:Ps.8.5	medium	tevrat	soydas	ء ن س / Hebrew אנש, table sound correspondence with BDB cognate note	The commentary puts al-insan under pressure and loss; the psalm asks what frail man is that God remembers him, using אנוש for humanity whose smallness receives unexpected divine attention. This is WLC verse 5 after the superscription.	sec3	"[{""line"": 49, ""strength"": ""medium"", ""tradition"": ""tevrat"", ""kind"": ""soydas"", ""ref"": ""WLC:Ps.8.5"", ""basis"": ""ء ن س / Hebrew אנש, table sound correspondence with BDB cognate note"", ""note"": ""The commentary puts al-insan under pressure and loss; the psalm asks what frail man is that God remembers him, using אנוש for humanity whose smallness receives unexpected divine attention. This is WLC verse 5 after the superscription."", ""turn"": 1, ""model"": ""sol"", ""connection_id"": ""BC-373d7ea308089c170f7c""}]"
WLC:Ps.8.6	medium	tevrat	motif	frail human crowned with honor	The commentary's al-insan is liable to diminution; after asking what frail humanity is, the psalm says God crowns the human with glory and honor, continuing the human scene with elevation rather than loss.	sec3	"[{""line"": 95, ""strength"": ""medium"", ""tradition"": ""tevrat"", ""kind"": ""motif"", ""ref"": ""WLC:Ps.8.6"", ""basis"": ""frail human crowned with honor"", ""note"": ""The commentary's al-insan is liable to diminution; after asking what frail humanity is, the psalm says God crowns the human with glory and honor, continuing the human scene with elevation rather than loss."", ""turn"": 2, ""model"": ""sol"", ""connection_id"": ""BC-ddcaffda75d891c7429e""}]"
WLC:Song.4.12	strong	tevrat	motif	Locked garden; sealed spring | sealed fountain	The commentary's stopper keeps the bitter extract inside its vessel; the poem's sealed spring likewise contains a source, but presents closure as erotic exclusivity rather than medicine. | The commentary's stopper and vessel preserve a valuable liquid; the beloved is called an enclosed garden and sealed fountain, so closure marks the guarded worth of what can flow from within.	sec3	"[{""line"": 3, ""strength"": ""strong"", ""tradition"": ""tevrat"", ""kind"": ""motif"", ""ref"": ""WLC:Song.4.12"", ""basis"": ""Locked garden; sealed spring"", ""note"": ""The commentary's stopper keeps the bitter extract inside its vessel; the poem's sealed spring likewise contains a source, but presents closure as erotic exclusivity rather than medicine."", ""turn"": 1, ""model"": ""luna"", ""connection_id"": ""BC-061ded8849f25fbb7cc8""}, {""line"": 15, ""strength"": ""strong"", ""tradition"": ""tevrat"", ""kind"": ""motif"", ""ref"": ""WLC:Song.4.12"", ""basis"": ""sealed fountain"", ""note"": ""The commentary's stopper and vessel preserve a valuable liquid; the beloved is called an enclosed garden and sealed fountain, so closure marks the guarded worth of what can flow from within."", ""turn"": 1, ""model"": ""sol"", ""connection_id"": ""BC-bed8d3892c9352f92fe2""}]"
WLC:Zech.8.16	strong	tevrat	motif	speak truth to one another	The surah's close calls believers to counsel one another in truth; Zechariah tells the restored community to speak truth each to the other and to render true judgments, making truthful speech a shared public practice.	sec3	"[{""line"": 81, ""strength"": ""strong"", ""tradition"": ""tevrat"", ""kind"": ""motif"", ""ref"": ""WLC:Zech.8.16"", ""basis"": ""speak truth to one another"", ""note"": ""The surah's close calls believers to counsel one another in truth; Zechariah tells the restored community to speak truth each to the other and to render true judgments, making truthful speech a shared public practice."", ""turn"": 2, ""model"": ""sol"", ""connection_id"": ""BC-ed19bbb6df9a1ece151a""}]"
