ref	tier	tradition	kinds	basis	explanations	target	evidence
Augustine, City of God 10.32	medium	incil	yorum_gelenegi	Christian religion claimed as ancient	The commentary answers novelty by saying the teaching was present in the first pages; Augustine argues that what is now called the Christian religion existed among the ancients from the beginning, a patristic reading of present faith as recovery rather than late invention.	87:18	"[{""line"": 84, ""strength"": ""medium"", ""tradition"": ""incil"", ""kind"": ""yorum_gelenegi"", ""ref"": ""Augustine, City of God 10.32"", ""basis"": ""Christian religion claimed as ancient"", ""note"": ""The commentary answers novelty by saying the teaching was present in the first pages; Augustine argues that what is now called the Christian religion existed among the ancients from the beginning, a patristic reading of present faith as recovery rather than late invention."", ""turn"": 1, ""model"": ""luna"", ""connection_id"": ""BC-5e6bca85aee3c567e022""}]"
Augustine, Questions on the Heptateuch 2.73	medium	incil	yorum_gelenegi	Old and New Testaments mutually disclose	Augustine's formula that the New lies hidden in the Old and the Old becomes manifest in the New formalizes a Christian reading of the continuity claim, without making the Qur'anic text its premise.	87:18	"[{""line"": 64, ""strength"": ""medium"", ""tradition"": ""incil"", ""kind"": ""yorum_gelenegi"", ""ref"": ""Augustine, Questions on the Heptateuch 2.73"", ""basis"": ""Old and New Testaments mutually disclose"", ""note"": ""Augustine's formula that the New lies hidden in the Old and the Old becomes manifest in the New formalizes a Christian reading of the continuity claim, without making the Qur'anic text its premise."", ""turn"": 1, ""model"": ""terra"", ""connection_id"": ""BC-06a8f47c8e3f71996d75""}]"
SBLGNT:1Cor.10.11	strong	incil	motif	Ancient events written for later admonition	The commentary treats old pages as a warning to present hearers who prefer the world; Paul says the earlier events occurred as examples and were written down for admonition of later generations.	87:18	"[{""line"": 42, ""strength"": ""strong"", ""tradition"": ""incil"", ""kind"": ""motif"", ""ref"": ""SBLGNT:1Cor.10.11"", ""basis"": ""Ancient events written for later admonition"", ""note"": ""The commentary treats old pages as a warning to present hearers who prefer the world; Paul says the earlier events occurred as examples and were written down for admonition of later generations."", ""turn"": 1, ""model"": ""luna"", ""connection_id"": ""BC-267bf201e05149a9c789""}]"
SBLGNT:1Cor.15.19	strong	incil	karsi_anlati	Hope limited to this life is inadequate	The commentary challenges those who prefer worldly life and dismiss the hereafter; Paul argues that if hope in Christ were only for this life, believers would be most pitiable, directly rejecting a this-world-only horizon.	87:18	"[{""line"": 137, ""strength"": ""strong"", ""tradition"": ""incil"", ""kind"": ""karsi_anlati"", ""ref"": ""SBLGNT:1Cor.15.19"", ""basis"": ""Hope limited to this life is inadequate"", ""note"": ""The commentary challenges those who prefer worldly life and dismiss the hereafter; Paul argues that if hope in Christ were only for this life, believers would be most pitiable, directly rejecting a this-world-only horizon."", ""turn"": 2, ""model"": ""luna"", ""connection_id"": ""BC-82fae2a82ce92ff35346""}]"
SBLGNT:1Cor.15.32	strong	incil	karsi_anlati	“Eat and drink” is the rival response to death	The commentary's opponents prefer the near life over the lasting one; in an argument for resurrection Paul cites the maxim to eat and drink because tomorrow one dies, presenting it as the consequence of denying resurrection.	87:18	"[{""line"": 138, ""strength"": ""strong"", ""tradition"": ""incil"", ""kind"": ""karsi_anlati"", ""ref"": ""SBLGNT:1Cor.15.32"", ""basis"": ""“Eat and drink” is the rival response to death"", ""note"": ""The commentary's opponents prefer the near life over the lasting one; in an argument for resurrection Paul cites the maxim to eat and drink because tomorrow one dies, presenting it as the consequence of denying resurrection."", ""turn"": 2, ""model"": ""luna"", ""connection_id"": ""BC-bb61126de5e74bc14864""}]"
SBLGNT:1Cor.3.8	strong	incil	motif	own labor and own reward	Each worker receives a reward according to their own labor; this matches the commentary's link between personal striving and its later recompense.	87:18	"[{""line"": 26, ""strength"": ""strong"", ""tradition"": ""incil"", ""kind"": ""motif"", ""ref"": ""SBLGNT:1Cor.3.8"", ""basis"": ""own labor and own reward"", ""note"": ""Each worker receives a reward according to their own labor; this matches the commentary's link between personal striving and its later recompense."", ""turn"": 1, ""model"": ""terra"", ""connection_id"": ""BC-0c42ecefe8e2904cac7d""}]"
SBLGNT:1John.2.17	strong	incil	motif	The world passes; God's will remains | world passes and doer abides	The commentary contrasts the passing world with what is more enduring; John says the world and its desire are passing away, while the one who does God's will remains forever. | 1 John explicitly contrasts the passing world and desire with the one doing God's will abiding forever, directly mirroring the temporal and enduring antithesis.	87:18	"[{""line"": 36, ""strength"": ""strong"", ""tradition"": ""incil"", ""kind"": ""motif"", ""ref"": ""SBLGNT:1John.2.17"", ""basis"": ""The world passes; God's will remains"", ""note"": ""The commentary contrasts the passing world with what is more enduring; John says the world and its desire are passing away, while the one who does God's will remains forever."", ""turn"": 1, ""model"": ""luna"", ""connection_id"": ""BC-0cc4ff8e66d98d5c61d7""}, {""line"": 24, ""strength"": ""strong"", ""tradition"": ""incil"", ""kind"": ""motif"", ""ref"": ""SBLGNT:1John.2.17"", ""basis"": ""world passes and doer abides"", ""note"": ""1 John explicitly contrasts the passing world and desire with the one doing God's will abiding forever, directly mirroring the temporal and enduring antithesis."", ""turn"": 1, ""model"": ""terra"", ""connection_id"": ""BC-b310f62a86bc9acf45ea""}]"
SBLGNT:1John.3.3	strong	incil	motif	Hope purifies the hopeful person | purifies self through future hope	The commentary says the successful person “purifies himself”; John uses the same reflexive moral pattern, saying everyone with this hope purifies himself as Christ is pure. | 1 John links self-purification to hope in the appearing to come, closely joining the commentary's tazakka and its future horizon.	87:18	"[{""line"": 55, ""strength"": ""strong"", ""tradition"": ""incil"", ""kind"": ""motif"", ""ref"": ""SBLGNT:1John.3.3"", ""basis"": ""Hope purifies the hopeful person"", ""note"": ""The commentary says the successful person “purifies himself”; John uses the same reflexive moral pattern, saying everyone with this hope purifies himself as Christ is pure."", ""turn"": 1, ""model"": ""luna"", ""connection_id"": ""BC-d90592ce610edec5e235""}, {""line"": 30, ""strength"": ""strong"", ""tradition"": ""incil"", ""kind"": ""motif"", ""ref"": ""SBLGNT:1John.3.3"", ""basis"": ""purifies self through future hope"", ""note"": ""1 John links self-purification to hope in the appearing to come, closely joining the commentary's tazakka and its future horizon."", ""turn"": 1, ""model"": ""terra"", ""connection_id"": ""BC-47436c04e4b0c83bad6b""}]"
SBLGNT:1Pet.1.10	medium	incil	motif	Earlier prophets searched the promised grace	The commentary says the first pages already contain the later warning; Peter describes prophets who searched and inquired about the grace now announced, connecting prior revelation with a later proclamation.	87:18	"[{""line"": 100, ""strength"": ""medium"", ""tradition"": ""incil"", ""kind"": ""motif"", ""ref"": ""SBLGNT:1Pet.1.10"", ""basis"": ""Earlier prophets searched the promised grace"", ""note"": ""The commentary says the first pages already contain the later warning; Peter describes prophets who searched and inquired about the grace now announced, connecting prior revelation with a later proclamation."", ""turn"": 1, ""model"": ""luna"", ""connection_id"": ""BC-ba0d0b1d6002beacfa70""}]"
SBLGNT:1Pet.1.12	medium	incil	motif	Earlier prophets served later hearers	The commentary says the old word has reached the Prophet's audience; Peter says the prophets were serving not themselves but later readers, to whom the gospel is now announced.	87:18	"[{""line"": 101, ""strength"": ""medium"", ""tradition"": ""incil"", ""kind"": ""motif"", ""ref"": ""SBLGNT:1Pet.1.12"", ""basis"": ""Earlier prophets served later hearers"", ""note"": ""The commentary says the old word has reached the Prophet's audience; Peter says the prophets were serving not themselves but later readers, to whom the gospel is now announced."", ""turn"": 1, ""model"": ""luna"", ""connection_id"": ""BC-0e0dd4728fc6ad3870de""}]"
SBLGNT:1Pet.1.24	strong	incil	motif	Flesh fades like grass	The commentary's adjacent claim is that worldly life passes while its message endures; Peter compares all flesh to grass and its glory to a flower that falls.	87:18	"[{""line"": 47, ""strength"": ""strong"", ""tradition"": ""incil"", ""kind"": ""motif"", ""ref"": ""SBLGNT:1Pet.1.24"", ""basis"": ""Flesh fades like grass"", ""note"": ""The commentary's adjacent claim is that worldly life passes while its message endures; Peter compares all flesh to grass and its glory to a flower that falls."", ""turn"": 1, ""model"": ""luna"", ""connection_id"": ""BC-50632e4e9a98892c7b90""}]"
SBLGNT:1Pet.1.25	strong	incil	motif|yorum_gelenegi	The preached word endures | enduring word identified with preached good news	The commentary says the ancient pages' statement has survived to the Prophet's recitation; Peter says the Lord's word remains forever and identifies it with the gospel preached to his readers. | The Lord's word remains forever, and the letter identifies that enduring word with the good news preached to its hearers. It is a Christian reception of the commentary's old-word-to-present-voice claim.	87:18	"[{""line"": 48, ""strength"": ""strong"", ""tradition"": ""incil"", ""kind"": ""motif"", ""ref"": ""SBLGNT:1Pet.1.25"", ""basis"": ""The preached word endures"", ""note"": ""The commentary says the ancient pages' statement has survived to the Prophet's recitation; Peter says the Lord's word remains forever and identifies it with the gospel preached to his readers."", ""turn"": 1, ""model"": ""luna"", ""connection_id"": ""BC-024570dd7526f0786367""}, {""line"": 84, ""strength"": ""strong"", ""tradition"": ""incil"", ""kind"": ""yorum_gelenegi"", ""ref"": ""SBLGNT:1Pet.1.25"", ""basis"": ""enduring word identified with preached good news"", ""note"": ""The Lord's word remains forever, and the letter identifies that enduring word with the good news preached to its hearers. It is a Christian reception of the commentary's old-word-to-present-voice claim."", ""turn"": 2, ""model"": ""terra"", ""connection_id"": ""BC-f92119b7bd0923f240ff""}]"
SBLGNT:1Thess.2.13	strong	incil	motif	heard word received as God's, not human	Paul commends hearers for receiving the proclaimed word as God's rather than a human word. It directly addresses the commentary's anticipated charge that revelation is merely the speaker's own speech.	87:18	"[{""line"": 75, ""strength"": ""strong"", ""tradition"": ""incil"", ""kind"": ""motif"", ""ref"": ""SBLGNT:1Thess.2.13"", ""basis"": ""heard word received as God's, not human"", ""note"": ""Paul commends hearers for receiving the proclaimed word as God's rather than a human word. It directly addresses the commentary's anticipated charge that revelation is merely the speaker's own speech."", ""turn"": 2, ""model"": ""terra"", ""connection_id"": ""BC-55696c9182b4fc4699b1""}]"
SBLGNT:1Tim.6.19	medium	incil	motif	Treasure laid up for the future life	The commentary contrasts present worldly preference with the lasting hereafter; Paul tells the rich to store up treasure as a foundation for the future and take hold of the life that is truly life.	87:18	"[{""line"": 94, ""strength"": ""medium"", ""tradition"": ""incil"", ""kind"": ""motif"", ""ref"": ""SBLGNT:1Tim.6.19"", ""basis"": ""Treasure laid up for the future life"", ""note"": ""The commentary contrasts present worldly preference with the lasting hereafter; Paul tells the rich to store up treasure as a foundation for the future and take hold of the life that is truly life."", ""turn"": 1, ""model"": ""luna"", ""connection_id"": ""BC-d3ee91352b6326ca9567""}]"
SBLGNT:2Cor.3.2	medium	incil	motif	A letter read in human hearts	The commentary says the pages' content can be present without a page in the Prophet's hand; Paul calls the Corinthians a letter known and read by all, a human community serving as written testimony.	87:18	"[{""line"": 102, ""strength"": ""medium"", ""tradition"": ""incil"", ""kind"": ""motif"", ""ref"": ""SBLGNT:2Cor.3.2"", ""basis"": ""A letter read in human hearts"", ""note"": ""The commentary says the pages' content can be present without a page in the Prophet's hand; Paul calls the Corinthians a letter known and read by all, a human community serving as written testimony."", ""turn"": 1, ""model"": ""luna"", ""connection_id"": ""BC-bf76d3f6e8a708a60b3d""}]"
SBLGNT:2Cor.3.3	strong	incil	motif	Writing by the Spirit on hearts | letter on hearts, not ink	The commentary contrasts a physical page with a message recited and retained; Paul says the Spirit writes on tablets of human hearts rather than stone, developing a Christian image of inwardly carried scripture. | Paul contrasts ink and stone with a Spirit-written letter on human hearts. This develops the same page-to-interior movement that the commentary draws from recitation.	87:18	"[{""line"": 103, ""strength"": ""medium"", ""tradition"": ""incil"", ""kind"": ""motif"", ""ref"": ""SBLGNT:2Cor.3.3"", ""basis"": ""Writing by the Spirit on hearts"", ""note"": ""The commentary contrasts a physical page with a message recited and retained; Paul says the Spirit writes on tablets of human hearts rather than stone, developing a Christian image of inwardly carried scripture."", ""turn"": 1, ""model"": ""luna"", ""connection_id"": ""BC-da156efcd500758f28c1""}, {""line"": 47, ""strength"": ""strong"", ""tradition"": ""incil"", ""kind"": ""motif"", ""ref"": ""SBLGNT:2Cor.3.3"", ""basis"": ""letter on hearts, not ink"", ""note"": ""Paul contrasts ink and stone with a Spirit-written letter on human hearts. This develops the same page-to-interior movement that the commentary draws from recitation."", ""turn"": 1, ""model"": ""terra"", ""connection_id"": ""BC-d14b0252bb31eae4650a""}]"
SBLGNT:2Cor.3.6	medium	incil	motif	Letter and Spirit set in interpretive contrast	The commentary holds together physical pages and a word received inwardly; Paul contrasts the letter that kills with the Spirit that gives life in a discussion of the new covenant, adding a Christian interpretive tension without making him reject scripture.	87:18	"[{""line"": 167, ""strength"": ""medium"", ""tradition"": ""incil"", ""kind"": ""motif"", ""ref"": ""SBLGNT:2Cor.3.6"", ""basis"": ""Letter and Spirit set in interpretive contrast"", ""note"": ""The commentary holds together physical pages and a word received inwardly; Paul contrasts the letter that kills with the Spirit that gives life in a discussion of the new covenant, adding a Christian interpretive tension without making him reject scripture."", ""turn"": 2, ""model"": ""luna"", ""connection_id"": ""BC-b5fcc90ff290d8345c43""}]"
SBLGNT:2Cor.4.17	strong	incil	motif	Present affliction produces lasting glory	The commentary contrasts a passing worldly life with what endures; Paul calls present affliction momentary and light in comparison with the eternal weight of glory it produces.	87:18	"[{""line"": 135, ""strength"": ""strong"", ""tradition"": ""incil"", ""kind"": ""motif"", ""ref"": ""SBLGNT:2Cor.4.17"", ""basis"": ""Present affliction produces lasting glory"", ""note"": ""The commentary contrasts a passing worldly life with what endures; Paul calls present affliction momentary and light in comparison with the eternal weight of glory it produces."", ""turn"": 2, ""model"": ""luna"", ""connection_id"": ""BC-b6cf8a91067157c08d4f""}]"
SBLGNT:2Cor.4.18	strong	incil	motif	Visible things are temporary | seen things temporary, unseen things eternal	The commentary says the world passes while the message about the hereafter lasts; Paul contrasts what is seen and temporary with what is unseen and eternal. | Paul explicitly contrasts what is seen and temporary with what is unseen and eternal. It is a direct Christian formulation of the commentary's near-world versus enduring-future opposition.	87:18	"[{""line"": 40, ""strength"": ""strong"", ""tradition"": ""incil"", ""kind"": ""motif"", ""ref"": ""SBLGNT:2Cor.4.18"", ""basis"": ""Visible things are temporary"", ""note"": ""The commentary says the world passes while the message about the hereafter lasts; Paul contrasts what is seen and temporary with what is unseen and eternal."", ""turn"": 1, ""model"": ""luna"", ""connection_id"": ""BC-5a840080f4878769a972""}, {""line"": 80, ""strength"": ""strong"", ""tradition"": ""incil"", ""kind"": ""motif"", ""ref"": ""SBLGNT:2Cor.4.18"", ""basis"": ""seen things temporary, unseen things eternal"", ""note"": ""Paul explicitly contrasts what is seen and temporary with what is unseen and eternal. It is a direct Christian formulation of the commentary's near-world versus enduring-future opposition."", ""turn"": 2, ""model"": ""terra"", ""connection_id"": ""BC-b375e70bc1ec69750724""}]"
SBLGNT:2Cor.5.10	strong	incil	motif	Each receives for deeds done in the body | judgment according to deeds in body	The commentary links personal purification and the enduring hereafter; Paul says all must appear before Christ's judgment seat so each may receive for what was done in the body. | Each person appears before Christ's tribunal to receive what was done in the body, joining individual agency to the final outcome stressed by the commentary.	87:18	"[{""line"": 52, ""strength"": ""strong"", ""tradition"": ""incil"", ""kind"": ""motif"", ""ref"": ""SBLGNT:2Cor.5.10"", ""basis"": ""Each receives for deeds done in the body"", ""note"": ""The commentary links personal purification and the enduring hereafter; Paul says all must appear before Christ's judgment seat so each may receive for what was done in the body."", ""turn"": 1, ""model"": ""luna"", ""connection_id"": ""BC-37bda62b0d5b25ebd614""}, {""line"": 27, ""strength"": ""strong"", ""tradition"": ""incil"", ""kind"": ""motif"", ""ref"": ""SBLGNT:2Cor.5.10"", ""basis"": ""judgment according to deeds in body"", ""note"": ""Each person appears before Christ's tribunal to receive what was done in the body, joining individual agency to the final outcome stressed by the commentary."", ""turn"": 1, ""model"": ""terra"", ""connection_id"": ""BC-49bec045ecf116c44224""}]"
SBLGNT:2Cor.7.1	strong	incil	motif	Self-cleansing perfected in fear of God | cleansing ourselves in fear of God	The commentary joins purification with fear and prayer; Paul urges believers to cleanse themselves from defilement and perfect holiness in fear of God, an explicit ethical counterpart to the surah's purifier who fears. | Paul calls believers to cleanse themselves from defilement and complete holiness in fear of God. The reflexive language and fear make it a close counterpart to the commentary's tazakka and yahsha.	87:18	"[{""line"": 105, ""strength"": ""medium"", ""tradition"": ""incil"", ""kind"": ""motif"", ""ref"": ""SBLGNT:2Cor.7.1"", ""basis"": ""Self-cleansing perfected in fear of God"", ""note"": ""The commentary joins purification with fear and prayer; Paul urges believers to cleanse themselves from defilement and perfect holiness in fear of God, an explicit ethical counterpart to the surah's purifier who fears."", ""turn"": 1, ""model"": ""luna"", ""connection_id"": ""BC-51bebd86ea11a2fcd025""}, {""line"": 82, ""strength"": ""strong"", ""tradition"": ""incil"", ""kind"": ""motif"", ""ref"": ""SBLGNT:2Cor.7.1"", ""basis"": ""cleansing ourselves in fear of God"", ""note"": ""Paul calls believers to cleanse themselves from defilement and complete holiness in fear of God. The reflexive language and fear make it a close counterpart to the commentary's tazakka and yahsha."", ""turn"": 2, ""model"": ""terra"", ""connection_id"": ""BC-d4ee76ebc9648264ea50""}]"
SBLGNT:2Pet.1.21	strong	incil	motif	prophecy not from human will	Prophecy is said not to arise from human will, but from people speaking from God while carried by the Holy Spirit. It gives an explicit Christian response to the invention accusation developed around 87:18.	87:18	"[{""line"": 77, ""strength"": ""strong"", ""tradition"": ""incil"", ""kind"": ""motif"", ""ref"": ""SBLGNT:2Pet.1.21"", ""basis"": ""prophecy not from human will"", ""note"": ""Prophecy is said not to arise from human will, but from people speaking from God while carried by the Holy Spirit. It gives an explicit Christian response to the invention accusation developed around 87:18."", ""turn"": 2, ""model"": ""terra"", ""connection_id"": ""BC-bfa1e6e7a2a66d018c91""}]"
SBLGNT:2Pet.3.10	strong	incil	motif	The promised day still arrives	The commentary says the oldest pages already announce the final outcome; Peter says the day of the Lord will come unexpectedly, carrying the passage's answer to scoffers into its own conclusion.	87:18	"[{""line"": 140, ""strength"": ""strong"", ""tradition"": ""incil"", ""kind"": ""motif"", ""ref"": ""SBLGNT:2Pet.3.10"", ""basis"": ""The promised day still arrives"", ""note"": ""The commentary says the oldest pages already announce the final outcome; Peter says the day of the Lord will come unexpectedly, carrying the passage's answer to scoffers into its own conclusion."", ""turn"": 2, ""model"": ""luna"", ""connection_id"": ""BC-e8fe97ec4a3cd5b31cee""}]"
SBLGNT:2Pet.3.4	strong	incil	karsi_anlati	Scoffers appeal to what has always been	The commentary answers novelty and skepticism by saying the final warning was already in the first pages; Peter's scoffers ask where the promised coming is and claim everything has continued as from the beginning of creation.	87:18	"[{""line"": 139, ""strength"": ""strong"", ""tradition"": ""incil"", ""kind"": ""karsi_anlati"", ""ref"": ""SBLGNT:2Pet.3.4"", ""basis"": ""Scoffers appeal to what has always been"", ""note"": ""The commentary answers novelty and skepticism by saying the final warning was already in the first pages; Peter's scoffers ask where the promised coming is and claim everything has continued as from the beginning of creation."", ""turn"": 2, ""model"": ""luna"", ""connection_id"": ""BC-3b0773ca2902463efab0""}]"
SBLGNT:2Tim.3.15	strong	incil	motif	Scripture known from childhood guides salvation	The commentary describes an old text whose recited teaching still instructs its hearers; Timothy's sacred writings, known from childhood, are said to make him wise for salvation through faith in Christ.	87:18	"[{""line"": 46, ""strength"": ""strong"", ""tradition"": ""incil"", ""kind"": ""motif"", ""ref"": ""SBLGNT:2Tim.3.15"", ""basis"": ""Scripture known from childhood guides salvation"", ""note"": ""The commentary describes an old text whose recited teaching still instructs its hearers; Timothy's sacred writings, known from childhood, are said to make him wise for salvation through faith in Christ."", ""turn"": 1, ""model"": ""luna"", ""connection_id"": ""BC-7636c077ab13cf77ffc7""}]"
SBLGNT:Acts.10.4	strong	incil	motif	prayers and alms as memorial	Cornelius's prayers and alms rise as a memorial before God, directly pairing worship and giving like the commentary's surrounding prayer and purification.	87:18	"[{""line"": 33, ""strength"": ""strong"", ""tradition"": ""incil"", ""kind"": ""motif"", ""ref"": ""SBLGNT:Acts.10.4"", ""basis"": ""prayers and alms as memorial"", ""note"": ""Cornelius's prayers and alms rise as a memorial before God, directly pairing worship and giving like the commentary's surrounding prayer and purification."", ""turn"": 1, ""model"": ""terra"", ""connection_id"": ""BC-944d40f6b5d581a9316d""}]"
SBLGNT:Acts.13.32	medium	incil	motif	A promise made to the fathers is now announced	The commentary says the old pages contain the current warning; Paul tells the synagogue that he is bringing good news of what God promised to the fathers.	87:18	"[{""line"": 156, ""strength"": ""medium"", ""tradition"": ""incil"", ""kind"": ""motif"", ""ref"": ""SBLGNT:Acts.13.32"", ""basis"": ""A promise made to the fathers is now announced"", ""note"": ""The commentary says the old pages contain the current warning; Paul tells the synagogue that he is bringing good news of what God promised to the fathers."", ""turn"": 2, ""model"": ""luna"", ""connection_id"": ""BC-16f10259934196247e22""}]"
SBLGNT:Acts.13.33	medium	incil	yorum_gelenegi	The fathers' promise interpreted as fulfilled now	The commentary argues that the present word confirms an earlier one; Paul says God fulfilled the promise to their descendants by raising Jesus and supports the claim with a psalm.	87:18	"[{""line"": 157, ""strength"": ""medium"", ""tradition"": ""incil"", ""kind"": ""yorum_gelenegi"", ""ref"": ""SBLGNT:Acts.13.33"", ""basis"": ""The fathers' promise interpreted as fulfilled now"", ""note"": ""The commentary argues that the present word confirms an earlier one; Paul says God fulfilled the promise to their descendants by raising Jesus and supports the claim with a psalm."", ""turn"": 2, ""model"": ""luna"", ""connection_id"": ""BC-a5a0a848f9f32cadeba7""}]"
SBLGNT:Acts.15.21	strong	incil	motif	Moses read every Sabbath	Moses is publicly read in synagogues every Sabbath, showing how an ancient Mosaic text remains a voiced communal teaching rather than a mute archive.	87:18	"[{""line"": 45, ""strength"": ""strong"", ""tradition"": ""incil"", ""kind"": ""motif"", ""ref"": ""SBLGNT:Acts.15.21"", ""basis"": ""Moses read every Sabbath"", ""note"": ""Moses is publicly read in synagogues every Sabbath, showing how an ancient Mosaic text remains a voiced communal teaching rather than a mute archive."", ""turn"": 1, ""model"": ""terra"", ""connection_id"": ""BC-94420d4a6e5348c01d52""}]"
SBLGNT:Acts.17.11	strong	incil	motif	Hearers test a new proclamation against scripture | examining Scripture to test a spoken message	The commentary answers the charge that the current word is novel by pointing to older pages; the Bereans receive Paul's message eagerly but examine the scriptures daily to see whether his claims hold. | The Bereans test a newly preached word against the Scriptures daily. It gives a concrete reception practice for the commentary's assertion that a current utterance belongs with old writings.	87:18	"[{""line"": 155, ""strength"": ""medium"", ""tradition"": ""incil"", ""kind"": ""motif"", ""ref"": ""SBLGNT:Acts.17.11"", ""basis"": ""Hearers test a new proclamation against scripture"", ""note"": ""The commentary answers the charge that the current word is novel by pointing to older pages; the Bereans receive Paul's message eagerly but examine the scriptures daily to see whether his claims hold."", ""turn"": 2, ""model"": ""luna"", ""connection_id"": ""BC-f15b9d269ebb93371a09""}, {""line"": 44, ""strength"": ""strong"", ""tradition"": ""incil"", ""kind"": ""motif"", ""ref"": ""SBLGNT:Acts.17.11"", ""basis"": ""examining Scripture to test a spoken message"", ""note"": ""The Bereans test a newly preached word against the Scriptures daily. It gives a concrete reception practice for the commentary's assertion that a current utterance belongs with old writings."", ""turn"": 1, ""model"": ""terra"", ""connection_id"": ""BC-1df92be3a268ea2a2a12""}]"
SBLGNT:Acts.2.31	medium	incil	yorum_gelenegi	Peter reads a psalm as prophecy of resurrection	The commentary says the first pages already tell of the final destination with God; Peter interprets David's words about not being abandoned to Hades as a prophecy of the Messiah's resurrection.	87:18	"[{""line"": 146, ""strength"": ""medium"", ""tradition"": ""incil"", ""kind"": ""yorum_gelenegi"", ""ref"": ""SBLGNT:Acts.2.31"", ""basis"": ""Peter reads a psalm as prophecy of resurrection"", ""note"": ""The commentary says the first pages already tell of the final destination with God; Peter interprets David's words about not being abandoned to Hades as a prophecy of the Messiah's resurrection."", ""turn"": 2, ""model"": ""luna"", ""connection_id"": ""BC-8fbc2779ca98642829be""}]"
SBLGNT:Acts.22.16	strong	incil	motif	washing sins while calling the name	Paul is told to wash away sins while calling on the Lord's name. It directly binds purification to name-invocation, two elements the commentary brings together around 87:14-15.	87:18	"[{""line"": 83, ""strength"": ""strong"", ""tradition"": ""incil"", ""kind"": ""motif"", ""ref"": ""SBLGNT:Acts.22.16"", ""basis"": ""washing sins while calling the name"", ""note"": ""Paul is told to wash away sins while calling on the Lord's name. It directly binds purification to name-invocation, two elements the commentary brings together around 87:14-15."", ""turn"": 2, ""model"": ""terra"", ""connection_id"": ""BC-5770fdfd955cb0dd223b""}]"
SBLGNT:Acts.26.22	strong	incil	motif	Paul claims continuity with Moses and the prophets	The commentary's central claim is that the current warning was already in ancient pages; Paul tells Agrippa that he says nothing beyond what Moses and the prophets said would happen.	87:18	"[{""line"": 45, ""strength"": ""strong"", ""tradition"": ""incil"", ""kind"": ""motif"", ""ref"": ""SBLGNT:Acts.26.22"", ""basis"": ""Paul claims continuity with Moses and the prophets"", ""note"": ""The commentary's central claim is that the current warning was already in ancient pages; Paul tells Agrippa that he says nothing beyond what Moses and the prophets said would happen."", ""turn"": 1, ""model"": ""luna"", ""connection_id"": ""BC-0adddc00215910222ba2""}]"
SBLGNT:Eph.2.10	medium	incil	motif	Grace issues in a life of good works	The commentary does not equate personal action with boasting; Paul continues that those saved by grace are created in Christ for good works, preserving ethical action while denying that it is self-earned salvation.	87:18	"[{""line"": 165, ""strength"": ""medium"", ""tradition"": ""incil"", ""kind"": ""motif"", ""ref"": ""SBLGNT:Eph.2.10"", ""basis"": ""Grace issues in a life of good works"", ""note"": ""The commentary does not equate personal action with boasting; Paul continues that those saved by grace are created in Christ for good works, preserving ethical action while denying that it is self-earned salvation."", ""turn"": 2, ""model"": ""luna"", ""connection_id"": ""BC-3ef2da480809b6fe39a6""}]"
SBLGNT:Eph.2.8	medium	incil	motif	Salvation is gift, not grounds for boasting	The commentary stresses personal purification and responsibility; Paul says salvation is by grace through faith, not from works, adding a Christian boundary against reading moral self-purification as earning rescue.	87:18	"[{""line"": 164, ""strength"": ""medium"", ""tradition"": ""incil"", ""kind"": ""motif"", ""ref"": ""SBLGNT:Eph.2.8"", ""basis"": ""Salvation is gift, not grounds for boasting"", ""note"": ""The commentary stresses personal purification and responsibility; Paul says salvation is by grace through faith, not from works, adding a Christian boundary against reading moral self-purification as earning rescue."", ""turn"": 2, ""model"": ""luna"", ""connection_id"": ""BC-8d04634afb290a1008ad""}]"
SBLGNT:Gal.1.12	strong	incil	motif	message received through revelation, not human teaching	Paul says he neither received nor learned his gospel from a human source but through revelation. This provides a Christian analogue to the commentary's contrast between ordinary textual learning and revealed recitation.	87:18	"[{""line"": 76, ""strength"": ""strong"", ""tradition"": ""incil"", ""kind"": ""motif"", ""ref"": ""SBLGNT:Gal.1.12"", ""basis"": ""message received through revelation, not human teaching"", ""note"": ""Paul says he neither received nor learned his gospel from a human source but through revelation. This provides a Christian analogue to the commentary's contrast between ordinary textual learning and revealed recitation."", ""turn"": 2, ""model"": ""terra"", ""connection_id"": ""BC-301c4e25379860da9359""}]"
SBLGNT:Gal.3.8	strong	incil	yorum_gelenegi	Scripture preached beforehand to Abraham | good news beforehand to Abraham	The commentary names Abraham among the recipients of the first pages; Paul reads Genesis as scripture foreseeing the Gentiles' justification and announcing the gospel beforehand to Abraham. | Paul calls God's promise to Abraham a prior proclamation of the gospel. This is a particularly direct Christian expansion of the commentary's appeal to Abraham's earlier sheets.	87:18	"[{""line"": 43, ""strength"": ""strong"", ""tradition"": ""incil"", ""kind"": ""yorum_gelenegi"", ""ref"": ""SBLGNT:Gal.3.8"", ""basis"": ""Scripture preached beforehand to Abraham"", ""note"": ""The commentary names Abraham among the recipients of the first pages; Paul reads Genesis as scripture foreseeing the Gentiles' justification and announcing the gospel beforehand to Abraham."", ""turn"": 1, ""model"": ""luna"", ""connection_id"": ""BC-047dd300cf2e617f134b""}, {""line"": 40, ""strength"": ""strong"", ""tradition"": ""incil"", ""kind"": ""yorum_gelenegi"", ""ref"": ""SBLGNT:Gal.3.8"", ""basis"": ""good news beforehand to Abraham"", ""note"": ""Paul calls God's promise to Abraham a prior proclamation of the gospel. This is a particularly direct Christian expansion of the commentary's appeal to Abraham's earlier sheets."", ""turn"": 1, ""model"": ""terra"", ""connection_id"": ""BC-d87b5d68c0402a551b32""}]"
SBLGNT:Gal.6.2	medium	incil	karsi_anlati	bearing one another's burdens	Paul commands bearing one another's burdens. Against Galatians 6:5's individual load and the commentary's judicial rule, this preserves a social-ethical sense of shared burden rather than transferred guilt.	87:18	"[{""line"": 50, ""strength"": ""medium"", ""tradition"": ""incil"", ""kind"": ""karsi_anlati"", ""ref"": ""SBLGNT:Gal.6.2"", ""basis"": ""bearing one another's burdens"", ""note"": ""Paul commands bearing one another's burdens. Against Galatians 6:5's individual load and the commentary's judicial rule, this preserves a social-ethical sense of shared burden rather than transferred guilt."", ""turn"": 1, ""model"": ""terra"", ""connection_id"": ""BC-b7224c844f5b4aad2134""}]"
SBLGNT:Gal.6.5	strong	incil	motif	Each carries their own load | each bears own load	The commentary's reading of purification is personal and is paired with “no bearer bears another's burden”; Paul says each person will carry their own load. | Paul says each person will bear their own load, an especially close Christian parallel to the commentary's no-vicarious-burden formulation.	87:18	"[{""line"": 50, ""strength"": ""strong"", ""tradition"": ""incil"", ""kind"": ""motif"", ""ref"": ""SBLGNT:Gal.6.5"", ""basis"": ""Each carries their own load"", ""note"": ""The commentary's reading of purification is personal and is paired with “no bearer bears another's burden”; Paul says each person will carry their own load."", ""turn"": 1, ""model"": ""luna"", ""connection_id"": ""BC-92bc3a4fd5a7f0a8b9a5""}, {""line"": 25, ""strength"": ""strong"", ""tradition"": ""incil"", ""kind"": ""motif"", ""ref"": ""SBLGNT:Gal.6.5"", ""basis"": ""each bears own load"", ""note"": ""Paul says each person will bear their own load, an especially close Christian parallel to the commentary's no-vicarious-burden formulation."", ""turn"": 1, ""model"": ""terra"", ""connection_id"": ""BC-11703980bb5b71eb1921""}]"
SBLGNT:Heb.1.1	medium	incil	motif	God spoke formerly through prophets	The commentary says the same enduring warning was present in older pages; Hebrews describes God speaking to ancestors through prophets in many times and ways, then frames the present as a further stage of that speech.	87:18	"[{""line"": 104, ""strength"": ""medium"", ""tradition"": ""incil"", ""kind"": ""motif"", ""ref"": ""SBLGNT:Heb.1.1"", ""basis"": ""God spoke formerly through prophets"", ""note"": ""The commentary says the same enduring warning was present in older pages; Hebrews describes God speaking to ancestors through prophets in many times and ways, then frames the present as a further stage of that speech."", ""turn"": 1, ""model"": ""luna"", ""connection_id"": ""BC-314fd49cf89592e0ca07""}]"
SBLGNT:Heb.1.2	medium	incil	motif	The same God speaks in the last days through the Son	The commentary's “first” pages carry a message about the final outcome; Hebrews contrasts God's former speech through prophets with his speech in these last days through the Son, holding continuity and changed mode together.	87:18	"[{""line"": 161, ""strength"": ""medium"", ""tradition"": ""incil"", ""kind"": ""motif"", ""ref"": ""SBLGNT:Heb.1.2"", ""basis"": ""The same God speaks in the last days through the Son"", ""note"": ""The commentary's “first” pages carry a message about the final outcome; Hebrews contrasts God's former speech through prophets with his speech in these last days through the Son, holding continuity and changed mode together."", ""turn"": 2, ""model"": ""luna"", ""connection_id"": ""BC-d1226516b840b92ebef5""}]"
SBLGNT:Heb.10.7	strong	incil	yorum_gelenegi	in the scroll of the book it is written of me	Hebrews places its Christological claim in a book-scroll formula, a deliberate Christian claim that a later vocation is already inscribed in earlier Scripture.	87:18	"[{""line"": 48, ""strength"": ""strong"", ""tradition"": ""incil"", ""kind"": ""yorum_gelenegi"", ""ref"": ""SBLGNT:Heb.10.7"", ""basis"": ""in the scroll of the book it is written of me"", ""note"": ""Hebrews places its Christological claim in a book-scroll formula, a deliberate Christian claim that a later vocation is already inscribed in earlier Scripture."", ""turn"": 1, ""model"": ""terra"", ""connection_id"": ""BC-c6e26f63563100f914b8""}]"
SBLGNT:Heb.11.16	strong	incil	motif	The patriarchs seek a better country | better heavenly country of the patriarchs	The commentary names Abraham among the first pages and says the hereafter is better; Hebrews reads the patriarchs as desiring a better, heavenly country and a city prepared by God. | Hebrews identifies the patriarchs' desired country as better and heavenly, placing Abraham's line inside the commentary's better, enduring-afterlife contrast.	87:18	"[{""line"": 96, ""strength"": ""medium"", ""tradition"": ""incil"", ""kind"": ""motif"", ""ref"": ""SBLGNT:Heb.11.16"", ""basis"": ""The patriarchs seek a better country"", ""note"": ""The commentary names Abraham among the first pages and says the hereafter is better; Hebrews reads the patriarchs as desiring a better, heavenly country and a city prepared by God."", ""turn"": 1, ""model"": ""luna"", ""connection_id"": ""BC-c325ac94cff0fa25e4d6""}, {""line"": 41, ""strength"": ""strong"", ""tradition"": ""incil"", ""kind"": ""motif"", ""ref"": ""SBLGNT:Heb.11.16"", ""basis"": ""better heavenly country of the patriarchs"", ""note"": ""Hebrews identifies the patriarchs' desired country as better and heavenly, placing Abraham's line inside the commentary's better, enduring-afterlife contrast."", ""turn"": 1, ""model"": ""terra"", ""connection_id"": ""BC-e7433a7878979f9f5486""}]"
SBLGNT:Heb.11.26	strong	incil	motif|yorum_gelenegi	Moses values the future reward above Egypt | Moses rejects Egypt's treasure for reward	The commentary names Moses' pages as a source for rejecting worldly preference; Hebrews depicts Moses refusing Egypt's treasures and choosing reproach because he was looking to the reward. | Hebrews interprets Moses as valuing God's reproach above Egypt's treasures because he looked to reward. It supplies a Christian Mosaic reading of worldly preference versus future recompense.	87:18	"[{""line"": 37, ""strength"": ""strong"", ""tradition"": ""incil"", ""kind"": ""motif"", ""ref"": ""SBLGNT:Heb.11.26"", ""basis"": ""Moses values the future reward above Egypt"", ""note"": ""The commentary names Moses' pages as a source for rejecting worldly preference; Hebrews depicts Moses refusing Egypt's treasures and choosing reproach because he was looking to the reward."", ""turn"": 1, ""model"": ""luna"", ""connection_id"": ""BC-95fa2f5e1c06166ee3ac""}, {""line"": 42, ""strength"": ""strong"", ""tradition"": ""incil"", ""kind"": ""yorum_gelenegi"", ""ref"": ""SBLGNT:Heb.11.26"", ""basis"": ""Moses rejects Egypt's treasure for reward"", ""note"": ""Hebrews interprets Moses as valuing God's reproach above Egypt's treasures because he looked to reward. It supplies a Christian Mosaic reading of worldly preference versus future recompense."", ""turn"": 1, ""model"": ""terra"", ""connection_id"": ""BC-59591651e8f14293f741""}]"
SBLGNT:Heb.11.8	medium	incil	motif	Abraham obeys and leaves without knowing the destination	The commentary names Abraham among the ancient recipients; Hebrews recalls his obedient departure by faith, showing the patriarch's own response to a divine word as part of the scriptural precedent.	87:18	"[{""line"": 162, ""strength"": ""medium"", ""tradition"": ""incil"", ""kind"": ""motif"", ""ref"": ""SBLGNT:Heb.11.8"", ""basis"": ""Abraham obeys and leaves without knowing the destination"", ""note"": ""The commentary names Abraham among the ancient recipients; Hebrews recalls his obedient departure by faith, showing the patriarch's own response to a divine word as part of the scriptural precedent."", ""turn"": 2, ""model"": ""luna"", ""connection_id"": ""BC-036b22b35e127faa94af""}]"
SBLGNT:Heb.13.14	strong	incil	motif	no lasting city here, city to come	Hebrews denies that believers have a lasting city here and directs them toward the one to come. This gives a concrete social image to the commentary's preference for the abiding later life.	87:18	"[{""line"": 81, ""strength"": ""strong"", ""tradition"": ""incil"", ""kind"": ""motif"", ""ref"": ""SBLGNT:Heb.13.14"", ""basis"": ""no lasting city here, city to come"", ""note"": ""Hebrews denies that believers have a lasting city here and directs them toward the one to come. This gives a concrete social image to the commentary's preference for the abiding later life."", ""turn"": 2, ""model"": ""terra"", ""connection_id"": ""BC-bbc6d1ff633f11c95bbb""}]"
SBLGNT:Jas.1.27	strong	incil	motif	Pure religion keeps unstained from the world	The commentary joins purification to worship and warns against preferring worldly life; James defines pure and undefiled religion by care for vulnerable people and keeping oneself unstained by the world.	87:18	"[{""line"": 133, ""strength"": ""strong"", ""tradition"": ""incil"", ""kind"": ""motif"", ""ref"": ""SBLGNT:Jas.1.27"", ""basis"": ""Pure religion keeps unstained from the world"", ""note"": ""The commentary joins purification to worship and warns against preferring worldly life; James defines pure and undefiled religion by care for vulnerable people and keeping oneself unstained by the world."", ""raw_ref"": ""SBLGNT:James.1.27"", ""reference_resolution"": ""edition-book-names-v2"", ""turn"": 2, ""model"": ""luna"", ""connection_id"": ""BC-ce96e68e2a588bf6b819""}]"
SBLGNT:Jas.4.8	strong	incil	motif	Clean hands and purified hearts	The commentary joins purification to remembrance of God and prayer; James calls those drawing near to God to cleanse their hands and purify their hearts.	87:18	"[{""line"": 56, ""strength"": ""strong"", ""tradition"": ""incil"", ""kind"": ""motif"", ""ref"": ""SBLGNT:Jas.4.8"", ""basis"": ""Clean hands and purified hearts"", ""note"": ""The commentary joins purification to remembrance of God and prayer; James calls those drawing near to God to cleanse their hands and purify their hearts."", ""raw_ref"": ""SBLGNT:James.4.8"", ""reference_resolution"": ""edition-book-names-v2"", ""turn"": 1, ""model"": ""luna"", ""connection_id"": ""BC-4c9135cc54a271719b41""}]"
SBLGNT:John.5.28	medium	incil	motif	all in tombs will hear	Jesus says all in tombs will hear his voice. It supplies a Christian answer to the commentary's question about the first generations: they too are gathered for a future day.	87:18	"[{""line"": 57, ""strength"": ""medium"", ""tradition"": ""incil"", ""kind"": ""motif"", ""ref"": ""SBLGNT:John.5.28"", ""basis"": ""all in tombs will hear"", ""note"": ""Jesus says all in tombs will hear his voice. It supplies a Christian answer to the commentary's question about the first generations: they too are gathered for a future day."", ""turn"": 1, ""model"": ""terra"", ""connection_id"": ""BC-8114fde1b116445c5649""}]"
SBLGNT:John.5.39	medium	incil	motif	The scriptures testify, yet hearers refuse to come	The commentary says the old pages already contain the warning and lack of response is the problem; Jesus says the searched scriptures testify about him, while his hearers will not come to him for life.	87:18	"[{""line"": 160, ""strength"": ""medium"", ""tradition"": ""incil"", ""kind"": ""motif"", ""ref"": ""SBLGNT:John.5.39"", ""basis"": ""The scriptures testify, yet hearers refuse to come"", ""note"": ""The commentary says the old pages already contain the warning and lack of response is the problem; Jesus says the searched scriptures testify about him, while his hearers will not come to him for life."", ""turn"": 2, ""model"": ""luna"", ""connection_id"": ""BC-f531a32d7751191b861c""}]"
SBLGNT:John.5.46	strong	incil	yorum_gelenegi	Moses' writing witnesses to a later message | Moses wrote about Jesus	The commentary answers that the present teaching is not a new invention by naming Moses' pages; Jesus says Moses wrote about him, making the older Torah a witness to a later proclamation and criticizing hearers who reject both. | Jesus appeals to Moses's writing as testimony about him. The verse is a focused Christian rereading of Mosaic text as witness to a later message.	87:18	"[{""line"": 44, ""strength"": ""strong"", ""tradition"": ""incil"", ""kind"": ""yorum_gelenegi"", ""ref"": ""SBLGNT:John.5.46"", ""basis"": ""Moses' writing witnesses to a later message"", ""note"": ""The commentary answers that the present teaching is not a new invention by naming Moses' pages; Jesus says Moses wrote about him, making the older Torah a witness to a later proclamation and criticizing hearers who reject both."", ""turn"": 1, ""model"": ""luna"", ""connection_id"": ""BC-1c23a2af95f3cacf2bbe""}, {""line"": 38, ""strength"": ""strong"", ""tradition"": ""incil"", ""kind"": ""yorum_gelenegi"", ""ref"": ""SBLGNT:John.5.46"", ""basis"": ""Moses wrote about Jesus"", ""note"": ""Jesus appeals to Moses's writing as testimony about him. The verse is a focused Christian rereading of Mosaic text as witness to a later message."", ""turn"": 1, ""model"": ""terra"", ""connection_id"": ""BC-5253b5c384ca6e3a2055""}]"
SBLGNT:John.6.27	strong	incil	motif	perishable food and food enduring	Jesus tells hearers to work for food that endures into eternal life, a close formal parallel to near, perishing provision versus a lasting destination.	87:18	"[{""line"": 23, ""strength"": ""strong"", ""tradition"": ""incil"", ""kind"": ""motif"", ""ref"": ""SBLGNT:John.6.27"", ""basis"": ""perishable food and food enduring"", ""note"": ""Jesus tells hearers to work for food that endures into eternal life, a close formal parallel to near, perishing provision versus a lasting destination."", ""turn"": 1, ""model"": ""terra"", ""connection_id"": ""BC-508e006d7aa4f5b3c54d""}]"
SBLGNT:John.7.15	medium	incil	motif	learning without formal study	Jesus's hearers ask how he has learning without formal study. It gives a Christian analogue to the commentary's attention to a messenger who has not learned ancient pages by ordinary reading.	87:18	"[{""line"": 54, ""strength"": ""medium"", ""tradition"": ""incil"", ""kind"": ""motif"", ""ref"": ""SBLGNT:John.7.15"", ""basis"": ""learning without formal study"", ""note"": ""Jesus's hearers ask how he has learning without formal study. It gives a Christian analogue to the commentary's attention to a messenger who has not learned ancient pages by ordinary reading."", ""turn"": 1, ""model"": ""terra"", ""connection_id"": ""BC-9730c639b4257c2d21b6""}]"
SBLGNT:Luke.12.21	medium	incil	motif	Riches gathered only for oneself do not last	The commentary warns against preferring the near life; Jesus' rich fool stores goods for himself but dies that night, and the story calls him poor toward God.	87:18	"[{""line"": 95, ""strength"": ""medium"", ""tradition"": ""incil"", ""kind"": ""motif"", ""ref"": ""SBLGNT:Luke.12.21"", ""basis"": ""Riches gathered only for oneself do not last"", ""note"": ""The commentary warns against preferring the near life; Jesus' rich fool stores goods for himself but dies that night, and the story calls him poor toward God."", ""turn"": 1, ""model"": ""luna"", ""connection_id"": ""BC-08f2712a0d4dd6d6754d""}]"
SBLGNT:Luke.12.33	strong	incil	motif	Alms become treasure that does not fail	The commentary's references connect purification with giving and the hereafter with lasting reward; Jesus tells disciples to sell possessions, give alms, and make a heavenly purse that does not wear out.	87:18	"[{""line"": 134, ""strength"": ""strong"", ""tradition"": ""incil"", ""kind"": ""motif"", ""ref"": ""SBLGNT:Luke.12.33"", ""basis"": ""Alms become treasure that does not fail"", ""note"": ""The commentary's references connect purification with giving and the hereafter with lasting reward; Jesus tells disciples to sell possessions, give alms, and make a heavenly purse that does not wear out."", ""turn"": 2, ""model"": ""luna"", ""connection_id"": ""BC-b9892f8678d0d1644506""}]"
SBLGNT:Luke.16.29	strong	incil	karsi_anlati	Moses and the prophets already speak	The commentary says people asking for new sheets lack fear, since the old pages already give warning; in Jesus' story Abraham answers a dead rich man's request by pointing to Moses and the prophets, which his brothers should hear.	87:18	"[{""line"": 61, ""strength"": ""strong"", ""tradition"": ""incil"", ""kind"": ""karsi_anlati"", ""ref"": ""SBLGNT:Luke.16.29"", ""basis"": ""Moses and the prophets already speak"", ""note"": ""The commentary says people asking for new sheets lack fear, since the old pages already give warning; in Jesus' story Abraham answers a dead rich man's request by pointing to Moses and the prophets, which his brothers should hear."", ""turn"": 1, ""model"": ""luna"", ""connection_id"": ""BC-ea1f3d1356308efebfcf""}]"
SBLGNT:Luke.16.31	strong	incil	karsi_anlati|motif	A new sign cannot replace hearing scripture | Moses and Prophets versus a demanded sign	The commentary says another page would not cure refusal to heed the existing warning; Abraham's reply is that those who will not hear Moses and the prophets will not be persuaded even by someone rising from the dead. | Abraham says those who do not hear Moses and the Prophets will not be persuaded even by resurrection. It closely matches the commentary's claim that a further visible sign or sheet would not cure refusal.	87:18	"[{""line"": 62, ""strength"": ""strong"", ""tradition"": ""incil"", ""kind"": ""karsi_anlati"", ""ref"": ""SBLGNT:Luke.16.31"", ""basis"": ""A new sign cannot replace hearing scripture"", ""note"": ""The commentary says another page would not cure refusal to heed the existing warning; Abraham's reply is that those who will not hear Moses and the prophets will not be persuaded even by someone rising from the dead."", ""turn"": 1, ""model"": ""luna"", ""connection_id"": ""BC-40ba18328c744f497a85""}, {""line"": 43, ""strength"": ""strong"", ""tradition"": ""incil"", ""kind"": ""motif"", ""ref"": ""SBLGNT:Luke.16.31"", ""basis"": ""Moses and Prophets versus a demanded sign"", ""note"": ""Abraham says those who do not hear Moses and the Prophets will not be persuaded even by resurrection. It closely matches the commentary's claim that a further visible sign or sheet would not cure refusal."", ""turn"": 1, ""model"": ""terra"", ""connection_id"": ""BC-ef55b31ba2d8e301a5b9""}]"
SBLGNT:Luke.18.14	medium	incil	karsi_anlati	The repentant prayer is accepted over self-display	The commentary warns that self-purification is not self-praise; Jesus' parable ends with the tax collector, not the self-congratulating Pharisee, going home justified, clarifying the difference between turning toward God and claiming one's own merit.	87:18	"[{""line"": 106, ""strength"": ""medium"", ""tradition"": ""incil"", ""kind"": ""karsi_anlati"", ""ref"": ""SBLGNT:Luke.18.14"", ""basis"": ""The repentant prayer is accepted over self-display"", ""note"": ""The commentary warns that self-purification is not self-praise; Jesus' parable ends with the tax collector, not the self-congratulating Pharisee, going home justified, clarifying the difference between turning toward God and claiming one's own merit."", ""turn"": 1, ""model"": ""luna"", ""connection_id"": ""BC-289ee0058e6e31c1385d""}]"
SBLGNT:Luke.24.27	medium	incil	yorum_gelenegi	Moses and the prophets interpreted as witnesses	The commentary says the recent teaching is contained in earlier pages; Luke depicts Jesus interpreting what the scriptures say about him, beginning with Moses and all the prophets, a Christian rereading of the old texts as testimony to the present.	87:18	"[{""line"": 98, ""strength"": ""medium"", ""tradition"": ""incil"", ""kind"": ""yorum_gelenegi"", ""ref"": ""SBLGNT:Luke.24.27"", ""basis"": ""Moses and the prophets interpreted as witnesses"", ""note"": ""The commentary says the recent teaching is contained in earlier pages; Luke depicts Jesus interpreting what the scriptures say about him, beginning with Moses and all the prophets, a Christian rereading of the old texts as testimony to the present."", ""turn"": 1, ""model"": ""luna"", ""connection_id"": ""BC-34152966e8f82508515b""}]"
SBLGNT:Luke.24.44	strong	incil	motif|yorum_gelenegi	Law, prophets, and psalms all bear witness | Law, Prophets, and Psalms fulfilled	The commentary says the present teaching is in the earliest pages; Jesus identifies what is written about him in Moses' law, prophets, and psalms as needing fulfillment, an explicit Christian claim that the old corpus anticipates later events. | Luke groups Moses, Prophets, and Psalms as writings whose contents must be fulfilled. It gives a canonical Christian version of old scripture carrying a later realization.	87:18	"[{""line"": 153, ""strength"": ""medium"", ""tradition"": ""incil"", ""kind"": ""motif"", ""ref"": ""SBLGNT:Luke.24.44"", ""basis"": ""Law, prophets, and psalms all bear witness"", ""note"": ""The commentary says the present teaching is in the earliest pages; Jesus identifies what is written about him in Moses' law, prophets, and psalms as needing fulfillment, an explicit Christian claim that the old corpus anticipates later events."", ""turn"": 2, ""model"": ""luna"", ""connection_id"": ""BC-4d5799d62419458f814c""}, {""line"": 39, ""strength"": ""strong"", ""tradition"": ""incil"", ""kind"": ""yorum_gelenegi"", ""ref"": ""SBLGNT:Luke.24.44"", ""basis"": ""Law, Prophets, and Psalms fulfilled"", ""note"": ""Luke groups Moses, Prophets, and Psalms as writings whose contents must be fulfilled. It gives a canonical Christian version of old scripture carrying a later realization."", ""turn"": 1, ""model"": ""terra"", ""connection_id"": ""BC-ae28b3eae184f6134b63""}]"
SBLGNT:Luke.4.17	strong	incil	motif	Isaiah scroll unrolled and read	Jesus receives, unrolls, and reads Isaiah's scroll in synagogue. The scene materializes the commentary's sheet, voice, and present hearer in one act.	87:18	"[{""line"": 46, ""strength"": ""strong"", ""tradition"": ""incil"", ""kind"": ""motif"", ""ref"": ""SBLGNT:Luke.4.17"", ""basis"": ""Isaiah scroll unrolled and read"", ""note"": ""Jesus receives, unrolls, and reads Isaiah's scroll in synagogue. The scene materializes the commentary's sheet, voice, and present hearer in one act."", ""turn"": 1, ""model"": ""terra"", ""connection_id"": ""BC-7978799aacbaebc4b4ee""}]"
SBLGNT:Luke.4.21	strong	incil	motif|yorum_gelenegi	A written prophecy declared fulfilled in hearing | Scripture fulfilled in the hearers' hearing	The commentary joins pages to a word heard in the present; after reading Isaiah in the synagogue, Jesus says the scripture has been fulfilled in the hearers' hearing. | After reading Isaiah's scroll, Jesus says the Scripture is fulfilled today in the audience's hearing. It closely models the commentary's claim that an old written word becomes present through a current recitation.	87:18	"[{""line"": 99, ""strength"": ""medium"", ""tradition"": ""incil"", ""kind"": ""motif"", ""ref"": ""SBLGNT:Luke.4.21"", ""basis"": ""A written prophecy declared fulfilled in hearing"", ""note"": ""The commentary joins pages to a word heard in the present; after reading Isaiah in the synagogue, Jesus says the scripture has been fulfilled in the hearers' hearing."", ""turn"": 1, ""model"": ""luna"", ""connection_id"": ""BC-a47986bf92f4bf5e43cc""}, {""line"": 79, ""strength"": ""strong"", ""tradition"": ""incil"", ""kind"": ""yorum_gelenegi"", ""ref"": ""SBLGNT:Luke.4.21"", ""basis"": ""Scripture fulfilled in the hearers' hearing"", ""note"": ""After reading Isaiah's scroll, Jesus says the Scripture is fulfilled today in the audience's hearing. It closely models the commentary's claim that an old written word becomes present through a current recitation."", ""turn"": 2, ""model"": ""terra"", ""connection_id"": ""BC-30f732dc5bdad1650186""}]"
SBLGNT:Mark.8.36	strong	incil	motif	The whole world cannot outweigh life | gain world and lose life	The commentary asks why one would prefer the near world over the lasting hereafter; Jesus asks what profit it is to gain the whole world and forfeit one's life. | Jesus opposes gaining the whole world to losing one's life; this specifies the commentary's warning about preferring the near life over the better future.	87:18	"[{""line"": 38, ""strength"": ""strong"", ""tradition"": ""incil"", ""kind"": ""motif"", ""ref"": ""SBLGNT:Mark.8.36"", ""basis"": ""The whole world cannot outweigh life"", ""note"": ""The commentary asks why one would prefer the near world over the lasting hereafter; Jesus asks what profit it is to gain the whole world and forfeit one's life."", ""turn"": 1, ""model"": ""luna"", ""connection_id"": ""BC-9464920ce29f9606a7bd""}, {""line"": 22, ""strength"": ""strong"", ""tradition"": ""incil"", ""kind"": ""motif"", ""ref"": ""SBLGNT:Mark.8.36"", ""basis"": ""gain world and lose life"", ""note"": ""Jesus opposes gaining the whole world to losing one's life; this specifies the commentary's warning about preferring the near life over the better future."", ""turn"": 1, ""model"": ""terra"", ""connection_id"": ""BC-9d65d566bf22c7ae8ced""}]"
SBLGNT:Matt.5.17	strong	incil	motif|yorum_gelenegi	Jesus claims fulfillment rather than abolition | fulfilling Law and Prophets	The commentary answers that its teaching is not new by locating it in the first pages; Jesus says he came not to abolish the law or prophets but to fulfill them, making continuity an explicit claim. | Jesus frames his mission as fulfillment rather than abolition of Law and Prophets. It is a Christian model of a later proclamation claiming continuity with earlier writings.	87:18	"[{""line"": 159, ""strength"": ""medium"", ""tradition"": ""incil"", ""kind"": ""motif"", ""ref"": ""SBLGNT:Matt.5.17"", ""basis"": ""Jesus claims fulfillment rather than abolition"", ""note"": ""The commentary answers that its teaching is not new by locating it in the first pages; Jesus says he came not to abolish the law or prophets but to fulfill them, making continuity an explicit claim."", ""turn"": 2, ""model"": ""luna"", ""connection_id"": ""BC-91a52e8d2f270ef9e6ee""}, {""line"": 37, ""strength"": ""strong"", ""tradition"": ""incil"", ""kind"": ""yorum_gelenegi"", ""ref"": ""SBLGNT:Matt.5.17"", ""basis"": ""fulfilling Law and Prophets"", ""note"": ""Jesus frames his mission as fulfillment rather than abolition of Law and Prophets. It is a Christian model of a later proclamation claiming continuity with earlier writings."", ""turn"": 1, ""model"": ""terra"", ""connection_id"": ""BC-7169e797e8ed3721d7a8""}]"
SBLGNT:Matt.6.20	strong	incil	motif	Treasure that does not decay	The commentary calls the hereafter more enduring than worldly life; Jesus tells hearers to store treasure in heaven, where moth and rust do not destroy it.	87:18	"[{""line"": 39, ""strength"": ""strong"", ""tradition"": ""incil"", ""kind"": ""motif"", ""ref"": ""SBLGNT:Matt.6.20"", ""basis"": ""Treasure that does not decay"", ""note"": ""The commentary calls the hereafter more enduring than worldly life; Jesus tells hearers to store treasure in heaven, where moth and rust do not destroy it."", ""turn"": 1, ""model"": ""luna"", ""connection_id"": ""BC-0c384c04ad895363a014""}]"
SBLGNT:Rev.1.3	strong	incil	motif	one reads, others hear, all keep written prophecy	Revelation blesses the reader, the hearers, and those who keep a written prophecy. The verse gives a compact Christian scene in which a text, voiced reading, and ethical response remain inseparable.	87:18	"[{""line"": 85, ""strength"": ""strong"", ""tradition"": ""incil"", ""kind"": ""motif"", ""ref"": ""SBLGNT:Rev.1.3"", ""basis"": ""one reads, others hear, all keep written prophecy"", ""note"": ""Revelation blesses the reader, the hearers, and those who keep a written prophecy. The verse gives a compact Christian scene in which a text, voiced reading, and ethical response remain inseparable."", ""turn"": 2, ""model"": ""terra"", ""connection_id"": ""BC-b82436320fe7b4905e8a""}]"
SBLGNT:Rev.20.12	strong	incil	motif	The dead judged from opened books | opened books and judgment by deeds	The commentary links pages, deeds, and the eventual outcome; Revelation depicts books opened at judgment and the dead judged according to what was written in them and what they had done. | Revelation's dead are judged from opened books according to deeds. It makes the commentary's pages, personal effort, and final accounting one scene.	87:18	"[{""line"": 49, ""strength"": ""strong"", ""tradition"": ""incil"", ""kind"": ""motif"", ""ref"": ""SBLGNT:Rev.20.12"", ""basis"": ""The dead judged from opened books"", ""note"": ""The commentary links pages, deeds, and the eventual outcome; Revelation depicts books opened at judgment and the dead judged according to what was written in them and what they had done."", ""turn"": 1, ""model"": ""luna"", ""connection_id"": ""BC-7704f2469776165792fb""}, {""line"": 28, ""strength"": ""strong"", ""tradition"": ""incil"", ""kind"": ""motif"", ""ref"": ""SBLGNT:Rev.20.12"", ""basis"": ""opened books and judgment by deeds"", ""note"": ""Revelation's dead are judged from opened books according to deeds. It makes the commentary's pages, personal effort, and final accounting one scene."", ""turn"": 1, ""model"": ""terra"", ""connection_id"": ""BC-06156801664ab5366b08""}]"
SBLGNT:Rev.22.13	medium	incil	motif	The end speaks of first, last, beginning, and end	The commentary says the first pages already disclose where all things finally arrive; Revelation names the speaker as Alpha and Omega, first and last, beginning and end, a Christian formula joining origin to final outcome.	87:18	"[{""line"": 163, ""strength"": ""medium"", ""tradition"": ""incil"", ""kind"": ""motif"", ""ref"": ""SBLGNT:Rev.22.13"", ""basis"": ""The end speaks of first, last, beginning, and end"", ""note"": ""The commentary says the first pages already disclose where all things finally arrive; Revelation names the speaker as Alpha and Omega, first and last, beginning and end, a Christian formula joining origin to final outcome."", ""turn"": 2, ""model"": ""luna"", ""connection_id"": ""BC-f49f54582449da3fa9cc""}]"
SBLGNT:Rom.1.2	medium	incil	motif	The gospel promised beforehand in scripture	The commentary's claim is that the present word is already in the earliest writings; Paul introduces the gospel as promised beforehand through God's prophets in holy scriptures.	87:18	"[{""line"": 97, ""strength"": ""medium"", ""tradition"": ""incil"", ""kind"": ""motif"", ""ref"": ""SBLGNT:Rom.1.2"", ""basis"": ""The gospel promised beforehand in scripture"", ""note"": ""The commentary's claim is that the present word is already in the earliest writings; Paul introduces the gospel as promised beforehand through God's prophets in holy scriptures."", ""turn"": 1, ""model"": ""luna"", ""connection_id"": ""BC-a43caf4060cc5e2788d2""}]"
SBLGNT:Rom.10.8	strong	incil	yorum_gelenegi	Deuteronomy's near word becomes proclaimed faith | Deuteronomy's word in mouth and heart reapplied	The commentary says the Prophet receives the message orally and that the pages' content is present in recitation; Paul quotes Deuteronomy's word near the mouth and heart as the word of faith he proclaims, giving the old verse a new Christian referent. | Paul cites the Torah's word as near in mouth and heart and identifies it with the proclaimed word of faith. This is a direct Christian rereading of the oral-and-inward Torah motif beside the commentary's recited former pages.	87:18	"[{""line"": 154, ""strength"": ""medium"", ""tradition"": ""incil"", ""kind"": ""yorum_gelenegi"", ""ref"": ""SBLGNT:Rom.10.8"", ""basis"": ""Deuteronomy's near word becomes proclaimed faith"", ""note"": ""The commentary says the Prophet receives the message orally and that the pages' content is present in recitation; Paul quotes Deuteronomy's word near the mouth and heart as the word of faith he proclaims, giving the old verse a new Christian referent."", ""turn"": 2, ""model"": ""luna"", ""connection_id"": ""BC-11ee2b8a939df94d739f""}, {""line"": 78, ""strength"": ""strong"", ""tradition"": ""incil"", ""kind"": ""yorum_gelenegi"", ""ref"": ""SBLGNT:Rom.10.8"", ""basis"": ""Deuteronomy's word in mouth and heart reapplied"", ""note"": ""Paul cites the Torah's word as near in mouth and heart and identifies it with the proclaimed word of faith. This is a direct Christian rereading of the oral-and-inward Torah motif beside the commentary's recited former pages."", ""turn"": 2, ""model"": ""terra"", ""connection_id"": ""BC-0c20df4a2c9c70db123f""}]"
SBLGNT:Rom.14.12	strong	incil	motif	Each gives an account to God	The commentary connects the old pages' warning with each person's own conduct; Paul says each of us will give an account of himself to God.	87:18	"[{""line"": 51, ""strength"": ""strong"", ""tradition"": ""incil"", ""kind"": ""motif"", ""ref"": ""SBLGNT:Rom.14.12"", ""basis"": ""Each gives an account to God"", ""note"": ""The commentary connects the old pages' warning with each person's own conduct; Paul says each of us will give an account of himself to God."", ""turn"": 1, ""model"": ""luna"", ""connection_id"": ""BC-2c6a8df8e5301937d99d""}]"
SBLGNT:Rom.15.4	strong	incil	motif|yorum_gelenegi	Earlier writings teach and sustain hope | former writings for present hope	The commentary says 87:18 answers novelty by locating its teaching in first pages; Paul says what was written in former times was written for present instruction and endurance, to give hope. | Paul expressly says earlier writings were written for current instruction and hope, a Christian account of how an ancient corpus can address present hearers.	87:18	"[{""line"": 41, ""strength"": ""strong"", ""tradition"": ""incil"", ""kind"": ""motif"", ""ref"": ""SBLGNT:Rom.15.4"", ""basis"": ""Earlier writings teach and sustain hope"", ""note"": ""The commentary says 87:18 answers novelty by locating its teaching in first pages; Paul says what was written in former times was written for present instruction and endurance, to give hope."", ""turn"": 1, ""model"": ""luna"", ""connection_id"": ""BC-838f8f1f75bb8152cb64""}, {""line"": 36, ""strength"": ""strong"", ""tradition"": ""incil"", ""kind"": ""yorum_gelenegi"", ""ref"": ""SBLGNT:Rom.15.4"", ""basis"": ""former writings for present hope"", ""note"": ""Paul expressly says earlier writings were written for current instruction and hope, a Christian account of how an ancient corpus can address present hearers."", ""turn"": 1, ""model"": ""terra"", ""connection_id"": ""BC-af9e913859d3906c4bc5""}]"
SBLGNT:Rom.2.6	strong	incil	motif	God repays according to deeds	The commentary pairs individual action with the coming outcome; Paul says God will repay each person according to their deeds, explicitly connecting conduct and judgment.	87:18	"[{""line"": 53, ""strength"": ""strong"", ""tradition"": ""incil"", ""kind"": ""motif"", ""ref"": ""SBLGNT:Rom.2.6"", ""basis"": ""God repays according to deeds"", ""note"": ""The commentary pairs individual action with the coming outcome; Paul says God will repay each person according to their deeds, explicitly connecting conduct and judgment."", ""turn"": 1, ""model"": ""luna"", ""connection_id"": ""BC-5e247b0b846628547507""}]"
SBLGNT:Rom.2.7	strong	incil	motif	Eternal life for those seeking what lasts	The commentary says the afterlife is better and more enduring; Paul specifies eternal life for those who persevere in good work while seeking glory, honor, and immortality.	87:18	"[{""line"": 54, ""strength"": ""strong"", ""tradition"": ""incil"", ""kind"": ""motif"", ""ref"": ""SBLGNT:Rom.2.7"", ""basis"": ""Eternal life for those seeking what lasts"", ""note"": ""The commentary says the afterlife is better and more enduring; Paul specifies eternal life for those who persevere in good work while seeking glory, honor, and immortality."", ""turn"": 1, ""model"": ""luna"", ""connection_id"": ""BC-baf6820e99f0d602f88c""}]"
SBLGNT:Rom.4.3	medium	incil	yorum_gelenegi	Paul interprets Abraham's belief as counted righteousness	The commentary names Abraham among the recipients of the first pages; Paul quotes Genesis 15:6 to make Abraham's belief a scriptural example of righteousness by faith, a distinct reading from Galatians' “gospel preached beforehand.”	87:18	"[{""line"": 158, ""strength"": ""medium"", ""tradition"": ""incil"", ""kind"": ""yorum_gelenegi"", ""ref"": ""SBLGNT:Rom.4.3"", ""basis"": ""Paul interprets Abraham's belief as counted righteousness"", ""note"": ""The commentary names Abraham among the recipients of the first pages; Paul quotes Genesis 15:6 to make Abraham's belief a scriptural example of righteousness by faith, a distinct reading from Galatians' “gospel preached beforehand.”"", ""turn"": 2, ""model"": ""luna"", ""connection_id"": ""BC-182e0bba0782dddd3aa0""}]"
SBLGNT:Rom.5.19	medium	incil	karsi_anlati	One person's act has consequences for many	The commentary's cited rule says no one bears another's burden; Paul says one man's disobedience made many sinners and one man's obedience makes many righteous, a distinct corporate account of consequence rather than a simple transfer of personal guilt.	87:18	"[{""line"": 166, ""strength"": ""medium"", ""tradition"": ""incil"", ""kind"": ""karsi_anlati"", ""ref"": ""SBLGNT:Rom.5.19"", ""basis"": ""One person's act has consequences for many"", ""note"": ""The commentary's cited rule says no one bears another's burden; Paul says one man's disobedience made many sinners and one man's obedience makes many righteous, a distinct corporate account of consequence rather than a simple transfer of personal guilt."", ""turn"": 2, ""model"": ""luna"", ""connection_id"": ""BC-12ed91249c6d239e0fce""}]"
SBLGNT:Rom.8.18	strong	incil	motif	Present suffering is outweighed by future glory	The commentary says the afterlife is better than the near life; Paul says present sufferings are not worth comparing with the glory that will be revealed, giving the contrast an explicit scale.	87:18	"[{""line"": 136, ""strength"": ""strong"", ""tradition"": ""incil"", ""kind"": ""motif"", ""ref"": ""SBLGNT:Rom.8.18"", ""basis"": ""Present suffering is outweighed by future glory"", ""note"": ""The commentary says the afterlife is better than the near life; Paul says present sufferings are not worth comparing with the glory that will be revealed, giving the contrast an explicit scale."", ""turn"": 2, ""model"": ""luna"", ""connection_id"": ""BC-423ea5c4ee566c96eb10""}]"
1 Enoch 47:3	medium	tevrat	motif	The righteous are remembered in books	The commentary links fearers and a preserved record; Enoch depicts the books of the righteous and their prayers brought before the Lord of Spirits, a Jewish apocalyptic counterpart to a heavenly book of remembrance.	87:18	"[{""line"": 82, ""strength"": ""medium"", ""tradition"": ""tevrat"", ""kind"": ""motif"", ""ref"": ""1 Enoch 47:3"", ""basis"": ""The righteous are remembered in books"", ""note"": ""The commentary links fearers and a preserved record; Enoch depicts the books of the righteous and their prayers brought before the Lord of Spirits, a Jewish apocalyptic counterpart to a heavenly book of remembrance."", ""turn"": 1, ""model"": ""luna"", ""connection_id"": ""BC-62af1f362216ee924688""}]"
1 Enoch 81:1	medium	tevrat	motif	Heavenly tablets record human deeds	The commentary says a divine book preserves what happened to the first generations; Enoch is shown heavenly tablets and reads what is written there, an apocalyptic expansion of memory and record beyond earthly pages.	87:18	"[{""line"": 81, ""strength"": ""medium"", ""tradition"": ""tevrat"", ""kind"": ""motif"", ""ref"": ""1 Enoch 81:1"", ""basis"": ""Heavenly tablets record human deeds"", ""note"": ""The commentary says a divine book preserves what happened to the first generations; Enoch is shown heavenly tablets and reads what is written there, an apocalyptic expansion of memory and record beyond earthly pages."", ""turn"": 1, ""model"": ""luna"", ""connection_id"": ""BC-318d4c8285020f6186db""}]"
1 Enoch 82:1	medium	tevrat	motif	A father hands written books to descendants	The commentary says what was written for the first generations reaches a later reciter; Enoch tells Methuselah to preserve the books received from his father's hand and pass them to generations of the world.	87:18	"[{""line"": 151, ""strength"": ""medium"", ""tradition"": ""tevrat"", ""kind"": ""motif"", ""ref"": ""1 Enoch 82:1"", ""basis"": ""A father hands written books to descendants"", ""note"": ""The commentary says what was written for the first generations reaches a later reciter; Enoch tells Methuselah to preserve the books received from his father's hand and pass them to generations of the world."", ""turn"": 2, ""model"": ""luna"", ""connection_id"": ""BC-590d5cb94c14a465bc45""}]"
2 Maccabees 7:14	strong	tevrat	paralel	Hope beyond death	The commentary makes the enduring hereafter the reason not to privilege present life; the fourth brother says he hopes to be raised by God, while his persecutor has no share in resurrection to life.	87:18	"[{""line"": 35, ""strength"": ""strong"", ""tradition"": ""tevrat"", ""kind"": ""paralel"", ""ref"": ""2 Maccabees 7:14"", ""basis"": ""Hope beyond death"", ""note"": ""The commentary makes the enduring hereafter the reason not to privilege present life; the fourth brother says he hopes to be raised by God, while his persecutor has no share in resurrection to life."", ""turn"": 1, ""model"": ""luna"", ""connection_id"": ""BC-8a71f425030fcaa785d8""}]"
2 Maccabees 7:9	strong	tevrat	paralel	A martyr chooses resurrection over survival	The commentary says the later life is better than the near one; the second brother accepts death under torture while confessing that the King of the world will raise the faithful to renewed life.	87:18	"[{""line"": 34, ""strength"": ""strong"", ""tradition"": ""tevrat"", ""kind"": ""paralel"", ""ref"": ""2 Maccabees 7:9"", ""basis"": ""A martyr chooses resurrection over survival"", ""note"": ""The commentary says the later life is better than the near one; the second brother accepts death under torture while confessing that the King of the world will raise the faithful to renewed life."", ""turn"": 1, ""model"": ""luna"", ""connection_id"": ""BC-83246d862582ef87016e""}]"
4 Ezra 14:21	medium	tevrat	motif	law burned and knowledge lost	Ezra says the law has been burned so no one knows what God has done or will do. It gives a Jewish counter-history to the commentary's confidence that former pages remain available.	87:18	"[{""line"": 61, ""strength"": ""medium"", ""tradition"": ""tevrat"", ""kind"": ""motif"", ""ref"": ""4 Ezra 14:21"", ""basis"": ""law burned and knowledge lost"", ""note"": ""Ezra says the law has been burned so no one knows what God has done or will do. It gives a Jewish counter-history to the commentary's confidence that former pages remain available."", ""turn"": 1, ""model"": ""terra"", ""connection_id"": ""BC-ff8155d1414fecfda3f2""}]"
4 Ezra 14:45	medium	tevrat	motif	Public books restored after loss | twenty-four books made public	The commentary says an ancient message is still present in the recited Qur'an; Ezra's apocalyptic account says the twenty-four books he has written are to be made public for worthy and unworthy readers, a tradition of textual restoration and access. | After dictation restores books, Ezra is told to publish the first twenty-four for all readers. This furnishes a Jewish analogue to old written teaching made public again.	87:18	"[{""line"": 152, ""strength"": ""medium"", ""tradition"": ""tevrat"", ""kind"": ""motif"", ""ref"": ""4 Ezra 14:45"", ""basis"": ""Public books restored after loss"", ""note"": ""The commentary says an ancient message is still present in the recited Qur'an; Ezra's apocalyptic account says the twenty-four books he has written are to be made public for worthy and unworthy readers, a tradition of textual restoration and access."", ""turn"": 2, ""model"": ""luna"", ""connection_id"": ""BC-f110c01d1537bda8ebf1""}, {""line"": 62, ""strength"": ""medium"", ""tradition"": ""tevrat"", ""kind"": ""motif"", ""ref"": ""4 Ezra 14:45"", ""basis"": ""twenty-four books made public"", ""note"": ""After dictation restores books, Ezra is told to publish the first twenty-four for all readers. This furnishes a Jewish analogue to old written teaching made public again."", ""turn"": 1, ""model"": ""terra"", ""connection_id"": ""BC-af3e8ff5ede503a96433""}]"
4 Ezra 14:46	medium	tevrat	karsi_anlati	seventy books reserved for the wise	Ezra is told to reserve seventy books for the wise. This contrasts with the commentary's rhetorical picture of an openly sufficient earlier warning, while concretely extending its concern with pages hidden or disclosed.	87:18	"[{""line"": 63, ""strength"": ""medium"", ""tradition"": ""tevrat"", ""kind"": ""karsi_anlati"", ""ref"": ""4 Ezra 14:46"", ""basis"": ""seventy books reserved for the wise"", ""note"": ""Ezra is told to reserve seventy books for the wise. This contrasts with the commentary's rhetorical picture of an openly sufficient earlier warning, while concretely extending its concern with pages hidden or disclosed."", ""turn"": 1, ""model"": ""terra"", ""connection_id"": ""BC-bd6b1fe6c269984147f4""}]"
Genesis Rabbah 64:4	medium	tevrat	yorum_gelenegi	Abraham observed Torah before Sinai	The commentary's “first pages” include Abraham as well as Moses; this midrash reads Genesis 26:5 to say Abraham kept the Torah before it was given, extending the antiquity of revealed practice to the patriarch.	87:18	"[{""line"": 78, ""strength"": ""medium"", ""tradition"": ""tevrat"", ""kind"": ""yorum_gelenegi"", ""ref"": ""Genesis Rabbah 64:4"", ""basis"": ""Abraham observed Torah before Sinai"", ""note"": ""The commentary's “first pages” include Abraham as well as Moses; this midrash reads Genesis 26:5 to say Abraham kept the Torah before it was given, extending the antiquity of revealed practice to the patriarch."", ""turn"": 1, ""model"": ""luna"", ""connection_id"": ""BC-d1adb3a1059c8417aa54""}]"
Josephus, Against Apion 1.38	medium	tevrat	motif	A bounded ancient scriptural collection	The commentary answers that the message is not a new invention by locating it in first pages; Josephus defends the antiquity and counted extent of Jewish sacred books, showing how a Jewish author argued for a stable inherited corpus.	87:18	"[{""line"": 83, ""strength"": ""medium"", ""tradition"": ""tevrat"", ""kind"": ""motif"", ""ref"": ""Josephus, Against Apion 1.38"", ""basis"": ""A bounded ancient scriptural collection"", ""note"": ""The commentary answers that the message is not a new invention by locating it in first pages; Josephus defends the antiquity and counted extent of Jewish sacred books, showing how a Jewish author argued for a stable inherited corpus."", ""turn"": 1, ""model"": ""luna"", ""connection_id"": ""BC-c59bb53054c4e5e2f346""}]"
Mishnah Avot 1:1	medium	tevrat	motif|yorum_gelenegi	Torah passes through a named chain | Moses's chain of transmission	The commentary pictures the earliest pages leading the later word; Avot opens by tracing Torah from Moses at Sinai through Joshua, elders, prophets, and the Great Assembly, a rabbinic account of transmission across generations. | Mishnah Avot presents Moses handing Torah through Joshua, elders, prophets, and the Great Assembly. It makes the commentary's image of first writing leading later hearers into an explicit Jewish chain.	87:18	"[{""line"": 147, ""strength"": ""medium"", ""tradition"": ""tevrat"", ""kind"": ""motif"", ""ref"": ""Mishnah Avot 1:1"", ""basis"": ""Torah passes through a named chain"", ""note"": ""The commentary pictures the earliest pages leading the later word; Avot opens by tracing Torah from Moses at Sinai through Joshua, elders, prophets, and the Great Assembly, a rabbinic account of transmission across generations."", ""turn"": 2, ""model"": ""luna"", ""connection_id"": ""BC-3f83153dd16a170596eb""}, {""line"": 59, ""strength"": ""medium"", ""tradition"": ""tevrat"", ""kind"": ""yorum_gelenegi"", ""ref"": ""Mishnah Avot 1:1"", ""basis"": ""Moses's chain of transmission"", ""note"": ""Mishnah Avot presents Moses handing Torah through Joshua, elders, prophets, and the Great Assembly. It makes the commentary's image of first writing leading later hearers into an explicit Jewish chain."", ""turn"": 1, ""model"": ""terra"", ""connection_id"": ""BC-31f5117243cfde57f623""}]"
Mishnah Avot 1:14	medium	tevrat	motif	Self-responsibility balanced by obligations to others	The commentary stresses that a person purifies himself and no one bears another's burden; Hillel asks who will act for a person if he does not act for himself, then warns against living only for oneself.	87:18	"[{""line"": 148, ""strength"": ""medium"", ""tradition"": ""tevrat"", ""kind"": ""motif"", ""ref"": ""Mishnah Avot 1:14"", ""basis"": ""Self-responsibility balanced by obligations to others"", ""note"": ""The commentary stresses that a person purifies himself and no one bears another's burden; Hillel asks who will act for a person if he does not act for himself, then warns against living only for oneself."", ""turn"": 2, ""model"": ""luna"", ""connection_id"": ""BC-5bd249a6da63bc8fb117""}]"
Mishnah Avot 3:16	medium	tevrat	motif	A ledger records every deed	The commentary connects enduring pages with personal accountability; Avot pictures an open book and a recording hand alongside judgment, making written record a rabbinic image for the moral accounting implied by the pages.	87:18	"[{""line"": 80, ""strength"": ""medium"", ""tradition"": ""tevrat"", ""kind"": ""motif"", ""ref"": ""Mishnah Avot 3:16"", ""basis"": ""A ledger records every deed"", ""note"": ""The commentary connects enduring pages with personal accountability; Avot pictures an open book and a recording hand alongside judgment, making written record a rabbinic image for the moral accounting implied by the pages."", ""turn"": 1, ""model"": ""luna"", ""connection_id"": ""BC-8104127449a83ff08c57""}]"
Mishnah Avot 4:16	strong	tevrat	motif	This world as a vestibule to the world to come | this world as vestibule before the world to come	The commentary says the later life is better and more enduring than the present; Avot compares this world to a vestibule and the world to come to the banquet hall, urging preparation in the former. | Rabbi Jacob calls this world a vestibule before the World to Come and urges preparation for entry. It provides a concise rabbinic analogue to the commentary's near life ordered toward a lasting later reality.	87:18	"[{""line"": 149, ""strength"": ""medium"", ""tradition"": ""tevrat"", ""kind"": ""motif"", ""ref"": ""Mishnah Avot 4:16"", ""basis"": ""This world as a vestibule to the world to come"", ""note"": ""The commentary says the later life is better and more enduring than the present; Avot compares this world to a vestibule and the world to come to the banquet hall, urging preparation in the former."", ""turn"": 2, ""model"": ""luna"", ""connection_id"": ""BC-3a7c083a47931b65d0ea""}, {""line"": 86, ""strength"": ""strong"", ""tradition"": ""tevrat"", ""kind"": ""motif"", ""ref"": ""Mishnah Avot 4:16"", ""basis"": ""this world as vestibule before the world to come"", ""note"": ""Rabbi Jacob calls this world a vestibule before the World to Come and urges preparation for entry. It provides a concise rabbinic analogue to the commentary's near life ordered toward a lasting later reality."", ""turn"": 2, ""model"": ""terra"", ""connection_id"": ""BC-619ae6fa1d5412ca037a""}]"
Mishnah Avot 4:17	medium	tevrat	karsi_anlati	present repentance and future bliss compared	Avot calls one hour of repentance and good deeds in this world greater than all the World to Come, then calls one hour of World-to-Come bliss greater than all worldly life. Its two-sided comparison complicates, yet productively parallels, the commentary's simple worldly-versus-lasting contrast.	87:18	"[{""line"": 92, ""strength"": ""medium"", ""tradition"": ""tevrat"", ""kind"": ""karsi_anlati"", ""ref"": ""Mishnah Avot 4:17"", ""basis"": ""present repentance and future bliss compared"", ""note"": ""Avot calls one hour of repentance and good deeds in this world greater than all the World to Come, then calls one hour of World-to-Come bliss greater than all worldly life. Its two-sided comparison complicates, yet productively parallels, the commentary's simple worldly-versus-lasting contrast."", ""turn"": 2, ""model"": ""terra"", ""connection_id"": ""BC-1b0c0a2276f97a24efdb""}]"
Mishnah Peah 1:1	strong	tevrat	motif	deeds with fruit now and principal in the world to come	The Mishnah distinguishes the present fruit of certain deeds from their enduring principal in the World to Come. This is a precise Jewish counterpart to present action receiving a later, fuller outcome.	87:18	"[{""line"": 89, ""strength"": ""strong"", ""tradition"": ""tevrat"", ""kind"": ""motif"", ""ref"": ""Mishnah Peah 1:1"", ""basis"": ""deeds with fruit now and principal in the world to come"", ""note"": ""The Mishnah distinguishes the present fruit of certain deeds from their enduring principal in the World to Come. This is a precise Jewish counterpart to present action receiving a later, fuller outcome."", ""turn"": 2, ""model"": ""terra"", ""connection_id"": ""BC-04499f440b2c413c27c0""}]"
Mishnah Sanhedrin 10:1	strong	tevrat	motif	a share in the world to come	The Mishnah opens its judgment discussion by assigning Israel a share in the World to Come while naming exclusions. It supplies a Jewish communal and ethical frame for the commentary's decisive future outcome.	87:18	"[{""line"": 87, ""strength"": ""strong"", ""tradition"": ""tevrat"", ""kind"": ""motif"", ""ref"": ""Mishnah Sanhedrin 10:1"", ""basis"": ""a share in the world to come"", ""note"": ""The Mishnah opens its judgment discussion by assigning Israel a share in the World to Come while naming exclusions. It supplies a Jewish communal and ethical frame for the commentary's decisive future outcome."", ""turn"": 2, ""model"": ""terra"", ""connection_id"": ""BC-56d960c0ad1ffe25d10f""}]"
Rosh Hashanah 16b	medium	tevrat	motif	Books of judgment opened at the year's beginning	The commentary links preserved pages and personal deeds; the Talmud describes books opened for the righteous, wicked, and intermediate, developing a Jewish tradition of recorded moral standing and judgment.	87:18	"[{""line"": 150, ""strength"": ""medium"", ""tradition"": ""tevrat"", ""kind"": ""motif"", ""ref"": ""Rosh Hashanah 16b"", ""basis"": ""Books of judgment opened at the year's beginning"", ""note"": ""The commentary links preserved pages and personal deeds; the Talmud describes books opened for the righteous, wicked, and intermediate, developing a Jewish tradition of recorded moral standing and judgment."", ""turn"": 2, ""model"": ""luna"", ""connection_id"": ""BC-4cd0adccc512d059a0e7""}]"
Sirach 44:20	medium	tevrat	motif	Abraham keeps the law and covenant	The commentary's final verse names Abraham and Moses together; Ben Sira remembers Abraham as keeping the law of the Most High and entering a covenant, showing a Jewish retelling that makes him a model of ancient fidelity.	87:18	"[{""line"": 76, ""strength"": ""medium"", ""tradition"": ""tevrat"", ""kind"": ""motif"", ""ref"": ""Sirach 44:20"", ""basis"": ""Abraham keeps the law and covenant"", ""note"": ""The commentary's final verse names Abraham and Moses together; Ben Sira remembers Abraham as keeping the law of the Most High and entering a covenant, showing a Jewish retelling that makes him a model of ancient fidelity."", ""turn"": 1, ""model"": ""luna"", ""connection_id"": ""BC-ee808032f6fe881d5ba6""}]"
Sirach 45:1	medium	tevrat	motif	Moses' memory is praised	The commentary names Moses as bearer of the old pages; Ben Sira's praise of the ancestors turns to Moses as beloved by God and honored, adding a Jewish wisdom portrait of the named lawgiver.	87:18	"[{""line"": 77, ""strength"": ""medium"", ""tradition"": ""tevrat"", ""kind"": ""motif"", ""ref"": ""Sirach 45:1"", ""basis"": ""Moses' memory is praised"", ""note"": ""The commentary names Moses as bearer of the old pages; Ben Sira's praise of the ancestors turns to Moses as beloved by God and honored, adding a Jewish wisdom portrait of the named lawgiver."", ""turn"": 1, ""model"": ""luna"", ""connection_id"": ""BC-ea35d89361a8dee2bb22""}]"
Targum Onqelos on Genesis 26:5	medium	tevrat	yorum_gelenegi	Abraham's obedience rendered as Torah observance	The commentary names Abraham's pages but leaves their contents open; Onqelos renders the Genesis account in terms of Abraham keeping God's commandments and teachings, giving an Aramaic interpretive bridge from the patriarch to Torah.	87:18	"[{""line"": 79, ""strength"": ""medium"", ""tradition"": ""tevrat"", ""kind"": ""yorum_gelenegi"", ""ref"": ""Targum Onqelos on Genesis 26:5"", ""basis"": ""Abraham's obedience rendered as Torah observance"", ""note"": ""The commentary names Abraham's pages but leaves their contents open; Onqelos renders the Genesis account in terms of Abraham keeping God's commandments and teachings, giving an Aramaic interpretive bridge from the patriarch to Torah."", ""turn"": 1, ""model"": ""luna"", ""connection_id"": ""BC-bbd5ab764fc715d80148""}]"
Tobit 12:8	strong	tevrat	motif	Prayer, fasting, and almsgiving together | prayer, fasting, almsgiving, and righteousness	The commentary pairs purification and prayer and its refs mention prayer with almsgiving; Tobit says prayer is good with fasting and almsgiving, giving a Jewish ethical-worship combination rather than treating prayer as an isolated rite. | Raphael commends prayer together with fasting, almsgiving, and righteousness. It gives a Jewish late-antique counterpart to the commentary's prayer-and-purification pair.	87:18	"[{""line"": 93, ""strength"": ""medium"", ""tradition"": ""tevrat"", ""kind"": ""motif"", ""ref"": ""Tobit 12:8"", ""basis"": ""Prayer, fasting, and almsgiving together"", ""note"": ""The commentary pairs purification and prayer and its refs mention prayer with almsgiving; Tobit says prayer is good with fasting and almsgiving, giving a Jewish ethical-worship combination rather than treating prayer as an isolated rite."", ""turn"": 1, ""model"": ""luna"", ""connection_id"": ""BC-3b092e01625a270e63a0""}, {""line"": 31, ""strength"": ""strong"", ""tradition"": ""tevrat"", ""kind"": ""motif"", ""ref"": ""Tobit 12:8"", ""basis"": ""prayer, fasting, almsgiving, and righteousness"", ""note"": ""Raphael commends prayer together with fasting, almsgiving, and righteousness. It gives a Jewish late-antique counterpart to the commentary's prayer-and-purification pair."", ""turn"": 1, ""model"": ""terra"", ""connection_id"": ""BC-ebb91fbccae521b001b8""}]"
Tobit 12:9	strong	tevrat	motif	almsgiving purges sin and saves from death	Tobit gives almsgiving an explicitly purgative and life-preserving effect, a precise Jewish comparison for purification expressed through giving.	87:18	"[{""line"": 32, ""strength"": ""strong"", ""tradition"": ""tevrat"", ""kind"": ""motif"", ""ref"": ""Tobit 12:9"", ""basis"": ""almsgiving purges sin and saves from death"", ""note"": ""Tobit gives almsgiving an explicitly purgative and life-preserving effect, a precise Jewish comparison for purification expressed through giving."", ""turn"": 1, ""model"": ""terra"", ""connection_id"": ""BC-16f6b509cd5695af09e7""}]"
WLC:2Kgs.22.10	weak	tevrat	motif	The recovered book is read to the king	The commentary presents the ancient pages as a witness to the present; the king's secretary reads the rediscovered Torah book to Josiah, but the episode concerns recovery after neglect, so the link is about renewed hearing rather than uninterrupted preservation.	87:18	"[{""line"": 108, ""strength"": ""weak"", ""tradition"": ""tevrat"", ""kind"": ""motif"", ""ref"": ""WLC:2Kgs.22.10"", ""basis"": ""The recovered book is read to the king"", ""note"": ""The commentary presents the ancient pages as a witness to the present; the king's secretary reads the rediscovered Torah book to Josiah, but the episode concerns recovery after neglect, so the link is about renewed hearing rather than uninterrupted preservation."", ""turn"": 1, ""model"": ""luna"", ""connection_id"": ""BC-7cd27873b2f7f77f34d9""}]"
WLC:2Kgs.22.8	strong	tevrat	motif	A lost Torah scroll is rediscovered | Book of the Law found	The commentary says first-page teaching endured into the present; in Kings, Hilkiah finds a Torah book in the temple after it had been absent from the king's practice, and its recovery prompts reform, complicating any simple picture of uninterrupted access. | Hilkiah's recovery of a long-neglected law book makes an old written word newly heard in Judah, a concrete alternative to calling its demand a novelty.	87:18	"[{""line"": 89, ""strength"": ""medium"", ""tradition"": ""tevrat"", ""kind"": ""motif"", ""ref"": ""WLC:2Kgs.22.8"", ""basis"": ""A lost Torah scroll is rediscovered"", ""note"": ""The commentary says first-page teaching endured into the present; in Kings, Hilkiah finds a Torah book in the temple after it had been absent from the king's practice, and its recovery prompts reform, complicating any simple picture of uninterrupted access."", ""turn"": 1, ""model"": ""luna"", ""connection_id"": ""BC-f69cc493c5797274cf94""}, {""line"": 9, ""strength"": ""strong"", ""tradition"": ""tevrat"", ""kind"": ""motif"", ""ref"": ""WLC:2Kgs.22.8"", ""basis"": ""Book of the Law found"", ""note"": ""Hilkiah's recovery of a long-neglected law book makes an old written word newly heard in Judah, a concrete alternative to calling its demand a novelty."", ""turn"": 1, ""model"": ""terra"", ""connection_id"": ""BC-32190a4f3c56eae2b8fa""}]"
WLC:Dan.12.1	strong	tevrat	motif	The delivered are found written in the book	The commentary says the first generations are not lost because their knowledge is kept in a book with God; Daniel speaks of those found written in the book being delivered at the final crisis.	87:18	"[{""line"": 123, ""strength"": ""strong"", ""tradition"": ""tevrat"", ""kind"": ""motif"", ""ref"": ""WLC:Dan.12.1"", ""basis"": ""The delivered are found written in the book"", ""note"": ""The commentary says the first generations are not lost because their knowledge is kept in a book with God; Daniel speaks of those found written in the book being delivered at the final crisis."", ""turn"": 2, ""model"": ""luna"", ""connection_id"": ""BC-ea05362c59434cf77817""}]"
WLC:Dan.12.2	strong	tevrat	motif	Awakening to everlasting life | awakening to everlasting outcomes	The commentary says the hereafter is better and more enduring than present life; Daniel's sleepers awake, some to everlasting life and others to disgrace, giving that future a resurrection setting. | Daniel raises the dead to everlasting life or abhorrence, giving explicit Hebrew Bible form to the commentary's insistence that the later life is the decisive enduring horizon.	87:18	"[{""line"": 30, ""strength"": ""strong"", ""tradition"": ""tevrat"", ""kind"": ""motif"", ""ref"": ""WLC:Dan.12.2"", ""basis"": ""Awakening to everlasting life"", ""note"": ""The commentary says the hereafter is better and more enduring than present life; Daniel's sleepers awake, some to everlasting life and others to disgrace, giving that future a resurrection setting."", ""turn"": 1, ""model"": ""luna"", ""connection_id"": ""BC-56d65639b3974c8b120e""}, {""line"": 20, ""strength"": ""strong"", ""tradition"": ""tevrat"", ""kind"": ""motif"", ""ref"": ""WLC:Dan.12.2"", ""basis"": ""awakening to everlasting outcomes"", ""note"": ""Daniel raises the dead to everlasting life or abhorrence, giving explicit Hebrew Bible form to the commentary's insistence that the later life is the decisive enduring horizon."", ""turn"": 1, ""model"": ""terra"", ""connection_id"": ""BC-c166dd43cae2bf05c998""}]"
WLC:Dan.12.4	strong	tevrat	motif	Prophetic words sealed for the end	The commentary says the first writing bears witness to the final outcome; Daniel is told to shut up and seal the words until the time of the end, a different but concrete model of an ancient text preserved for a later age.	87:18	"[{""line"": 23, ""strength"": ""strong"", ""tradition"": ""tevrat"", ""kind"": ""motif"", ""ref"": ""WLC:Dan.12.4"", ""basis"": ""Prophetic words sealed for the end"", ""note"": ""The commentary says the first writing bears witness to the final outcome; Daniel is told to shut up and seal the words until the time of the end, a different but concrete model of an ancient text preserved for a later age."", ""turn"": 1, ""model"": ""luna"", ""connection_id"": ""BC-1406486fbfd351d40cb3""}]"
WLC:Dan.7.10	strong	tevrat	motif	Books opened at the court of judgment | court sits and books open	The commentary links ancient pages with the final accounting of deeds; Daniel's heavenly court sits and books are opened, a Jewish apocalyptic scene of written records at judgment. | Daniel's throne vision opens books in the final court. It pairs the commentary's preserved book with an eschatological disclosure of human history.	87:18	"[{""line"": 122, ""strength"": ""strong"", ""tradition"": ""tevrat"", ""kind"": ""motif"", ""ref"": ""WLC:Dan.7.10"", ""basis"": ""Books opened at the court of judgment"", ""note"": ""The commentary links ancient pages with the final accounting of deeds; Daniel's heavenly court sits and books are opened, a Jewish apocalyptic scene of written records at judgment."", ""turn"": 2, ""model"": ""luna"", ""connection_id"": ""BC-1a9caee69bc9647fade5""}, {""line"": 19, ""strength"": ""strong"", ""tradition"": ""tevrat"", ""kind"": ""motif"", ""ref"": ""WLC:Dan.7.10"", ""basis"": ""court sits and books open"", ""note"": ""Daniel's throne vision opens books in the final court. It pairs the commentary's preserved book with an eschatological disclosure of human history."", ""turn"": 1, ""model"": ""terra"", ""connection_id"": ""BC-89172f56d6a4cad13e8e""}]"
WLC:Deut.10.12	medium	tevrat	motif	Fear, love, and service	The commentary joins fear of God to purification and prayer; Moses asks Israel to fear the LORD, walk in his ways, love and serve him with all the heart and soul.	87:18	"[{""line"": 63, ""strength"": ""medium"", ""tradition"": ""tevrat"", ""kind"": ""motif"", ""ref"": ""WLC:Deut.10.12"", ""basis"": ""Fear, love, and service"", ""note"": ""The commentary joins fear of God to purification and prayer; Moses asks Israel to fear the LORD, walk in his ways, love and serve him with all the heart and soul."", ""turn"": 1, ""model"": ""luna"", ""connection_id"": ""BC-7bc7f912b90bf1c69768""}]"
WLC:Deut.17.18	strong	tevrat	motif	The king makes a copy of the Torah | king writes a Torah copy in a book	The commentary says the old pages guide present conduct; Deuteronomy requires a king to write a copy of the Torah, making the text a concrete guide for a later ruler. | The king must write his own Torah copy from the priestly exemplar. This develops the commentary's concern with sheets as authoritative, transmissible written objects rather than an abstract antiquity.	87:18	"[{""line"": 110, ""strength"": ""strong"", ""tradition"": ""tevrat"", ""kind"": ""motif"", ""ref"": ""WLC:Deut.17.18"", ""basis"": ""The king makes a copy of the Torah"", ""note"": ""The commentary says the old pages guide present conduct; Deuteronomy requires a king to write a copy of the Torah, making the text a concrete guide for a later ruler."", ""turn"": 2, ""model"": ""luna"", ""connection_id"": ""BC-3823182cd92f25ab87db""}, {""line"": 67, ""strength"": ""strong"", ""tradition"": ""tevrat"", ""kind"": ""motif"", ""ref"": ""WLC:Deut.17.18"", ""basis"": ""king writes a Torah copy in a book"", ""note"": ""The king must write his own Torah copy from the priestly exemplar. This develops the commentary's concern with sheets as authoritative, transmissible written objects rather than an abstract antiquity."", ""turn"": 2, ""model"": ""terra"", ""connection_id"": ""BC-18e8f9daca4e2cc26f53""}]"
WLC:Deut.17.19	strong	tevrat	motif	The king reads the Torah throughout life | daily reading of the written Torah	The commentary warns against preferring the near world's status; the king must read his copy all his life to learn fear of God and avoid exalting himself over his kin. | The king reads the written Torah all his life in order to fear God and obey. It supplies an older scriptural account of a page becoming enduring ethical formation.	87:18	"[{""line"": 111, ""strength"": ""strong"", ""tradition"": ""tevrat"", ""kind"": ""motif"", ""ref"": ""WLC:Deut.17.19"", ""basis"": ""The king reads the Torah throughout life"", ""note"": ""The commentary warns against preferring the near world's status; the king must read his copy all his life to learn fear of God and avoid exalting himself over his kin."", ""turn"": 2, ""model"": ""luna"", ""connection_id"": ""BC-687f43117c727c1cdb18""}, {""line"": 68, ""strength"": ""strong"", ""tradition"": ""tevrat"", ""kind"": ""motif"", ""ref"": ""WLC:Deut.17.19"", ""basis"": ""daily reading of the written Torah"", ""note"": ""The king reads the written Torah all his life in order to fear God and obey. It supplies an older scriptural account of a page becoming enduring ethical formation."", ""turn"": 2, ""model"": ""terra"", ""connection_id"": ""BC-2e0f0ea00e86e9171ec4""}]"
WLC:Deut.24.16	strong	tevrat	motif	Each person answers for their own sin | each dies for own sin	The commentary joins self-purification to the saying that no bearer carries another's burden; Deuteronomy's legal rule says parent and child are not executed for one another's sin, but each for their own. | Mosaic law forbids executing children or parents for one another's sin. It is a direct legal antecedent to the commentary's 'no bearer bears another burden.'	87:18	"[{""line"": 24, ""strength"": ""strong"", ""tradition"": ""tevrat"", ""kind"": ""motif"", ""ref"": ""WLC:Deut.24.16"", ""basis"": ""Each person answers for their own sin"", ""note"": ""The commentary joins self-purification to the saying that no bearer carries another's burden; Deuteronomy's legal rule says parent and child are not executed for one another's sin, but each for their own."", ""turn"": 1, ""model"": ""luna"", ""connection_id"": ""BC-ce1f031733e994a602fc""}, {""line"": 16, ""strength"": ""strong"", ""tradition"": ""tevrat"", ""kind"": ""motif"", ""ref"": ""WLC:Deut.24.16"", ""basis"": ""each dies for own sin"", ""note"": ""Mosaic law forbids executing children or parents for one another's sin. It is a direct legal antecedent to the commentary's 'no bearer bears another burden.'"", ""turn"": 1, ""model"": ""terra"", ""connection_id"": ""BC-d4bbb1ae6cf373f93167""}]"
WLC:Deut.30.14	strong	tevrat	motif	The word is near, in mouth and heart | word in mouth and heart	The commentary says the Prophet receives the pages' content by recitation rather than by handling them; Deuteronomy describes the commandment as near, in the hearer's mouth and heart, ready to be done. | Torah is said to be near in mouth and heart for doing, not merely on an external object; this parallels the commentary's move from pages to memorized recitation.	87:18	"[{""line"": 19, ""strength"": ""strong"", ""tradition"": ""tevrat"", ""kind"": ""motif"", ""ref"": ""WLC:Deut.30.14"", ""basis"": ""The word is near, in mouth and heart"", ""note"": ""The commentary says the Prophet receives the pages' content by recitation rather than by handling them; Deuteronomy describes the commandment as near, in the hearer's mouth and heart, ready to be done."", ""turn"": 1, ""model"": ""luna"", ""connection_id"": ""BC-30400dc27ed5b497f2cb""}, {""line"": 11, ""strength"": ""strong"", ""tradition"": ""tevrat"", ""kind"": ""motif"", ""ref"": ""WLC:Deut.30.14"", ""basis"": ""word in mouth and heart"", ""note"": ""Torah is said to be near in mouth and heart for doing, not merely on an external object; this parallels the commentary's move from pages to memorized recitation."", ""turn"": 1, ""model"": ""terra"", ""connection_id"": ""BC-fd7884899133841efa6e""}]"
WLC:Deut.30.19	medium	tevrat	motif	Choose life rather than death	The commentary says hearers prefer the near life despite the better hereafter; Moses sets life and death before Israel and urges them to choose life by loving and clinging to God.	87:18	"[{""line"": 65, ""strength"": ""medium"", ""tradition"": ""tevrat"", ""kind"": ""motif"", ""ref"": ""WLC:Deut.30.19"", ""basis"": ""Choose life rather than death"", ""note"": ""The commentary says hearers prefer the near life despite the better hereafter; Moses sets life and death before Israel and urges them to choose life by loving and clinging to God."", ""turn"": 1, ""model"": ""luna"", ""connection_id"": ""BC-8d22e13cfc2f9df82a55""}]"
WLC:Deut.30.6	medium	tevrat	motif	God purifies the heart	The commentary describes a person purifying himself, while Ezekiel and other texts personalize responsibility; Deuteronomy adds that God circumcises the heart so Israel may love him, making divine aid part of inner renewal.	87:18	"[{""line"": 64, ""strength"": ""medium"", ""tradition"": ""tevrat"", ""kind"": ""motif"", ""ref"": ""WLC:Deut.30.6"", ""basis"": ""God purifies the heart"", ""note"": ""The commentary describes a person purifying himself, while Ezekiel and other texts personalize responsibility; Deuteronomy adds that God circumcises the heart so Israel may love him, making divine aid part of inner renewal."", ""turn"": 1, ""model"": ""luna"", ""connection_id"": ""BC-55f552509de94ad53335""}]"
WLC:Deut.31.11	strong	tevrat	motif	Public reading of the Torah	The commentary connects scripture with a message heard rather than a page handed to the Prophet; Moses orders the Torah read aloud before all Israel at the appointed gathering.	87:18	"[{""line"": 5, ""strength"": ""strong"", ""tradition"": ""tevrat"", ""kind"": ""motif"", ""ref"": ""WLC:Deut.31.11"", ""basis"": ""Public reading of the Torah"", ""note"": ""The commentary connects scripture with a message heard rather than a page handed to the Prophet; Moses orders the Torah read aloud before all Israel at the appointed gathering."", ""turn"": 1, ""model"": ""luna"", ""connection_id"": ""BC-b888ea349e14c3194777""}]"
WLC:Deut.31.12	strong	tevrat	motif	All Israel hears and learns	The commentary's pages preserve instruction for later hearers; this assembly includes men, women, children, and resident aliens so they hear, learn, and fear the LORD.	87:18	"[{""line"": 6, ""strength"": ""strong"", ""tradition"": ""tevrat"", ""kind"": ""motif"", ""ref"": ""WLC:Deut.31.12"", ""basis"": ""All Israel hears and learns"", ""note"": ""The commentary's pages preserve instruction for later hearers; this assembly includes men, women, children, and resident aliens so they hear, learn, and fear the LORD."", ""turn"": 1, ""model"": ""luna"", ""connection_id"": ""BC-a2c1b6af45684df7f79a""}]"
WLC:Deut.31.13	strong	tevrat	motif	Children learn through hearing	The commentary says the word reaches a later generation without the Prophet consulting a page; Moses specifically includes children who have not known the Torah, so they hear and learn it.	87:18	"[{""line"": 7, ""strength"": ""strong"", ""tradition"": ""tevrat"", ""kind"": ""motif"", ""ref"": ""WLC:Deut.31.13"", ""basis"": ""Children learn through hearing"", ""note"": ""The commentary says the word reaches a later generation without the Prophet consulting a page; Moses specifically includes children who have not known the Torah, so they hear and learn it."", ""turn"": 1, ""model"": ""luna"", ""connection_id"": ""BC-c8d0a5b8322043cc974c""}]"
WLC:Deut.31.19	strong	tevrat	motif	A written song taught by heart as witness | write the song, teach it, put it in mouths	The commentary links ancient pages with recitation and remembrance; Moses is told to write a song, teach it to Israel, and put it in their mouths as a witness for later generations. | God commands Moses to write a song, teach it to Israel, and put it in their mouths. It is a particularly exact Mosaic pairing of written witness, recitation, memory, and a resistant audience.	87:18	"[{""line"": 112, ""strength"": ""strong"", ""tradition"": ""tevrat"", ""kind"": ""motif"", ""ref"": ""WLC:Deut.31.19"", ""basis"": ""A written song taught by heart as witness"", ""note"": ""The commentary links ancient pages with recitation and remembrance; Moses is told to write a song, teach it to Israel, and put it in their mouths as a witness for later generations."", ""turn"": 2, ""model"": ""luna"", ""connection_id"": ""BC-0431bf2dfdf05d35e48f""}, {""line"": 66, ""strength"": ""strong"", ""tradition"": ""tevrat"", ""kind"": ""motif"", ""ref"": ""WLC:Deut.31.19"", ""basis"": ""write the song, teach it, put it in mouths"", ""note"": ""God commands Moses to write a song, teach it to Israel, and put it in their mouths. It is a particularly exact Mosaic pairing of written witness, recitation, memory, and a resistant audience."", ""turn"": 2, ""model"": ""terra"", ""connection_id"": ""BC-b5feaaaf7910c3418fcd""}]"
WLC:Deut.31.21	strong	tevrat	motif	The song witnesses when Israel forgets	The commentary says a lasting divine record stands against neglect of the warning; Deuteronomy anticipates Israel's later turning away and says the taught song will testify because it will not be forgotten by their descendants.	87:18	"[{""line"": 113, ""strength"": ""strong"", ""tradition"": ""tevrat"", ""kind"": ""motif"", ""ref"": ""WLC:Deut.31.21"", ""basis"": ""The song witnesses when Israel forgets"", ""note"": ""The commentary says a lasting divine record stands against neglect of the warning; Deuteronomy anticipates Israel's later turning away and says the taught song will testify because it will not be forgotten by their descendants."", ""turn"": 2, ""model"": ""luna"", ""connection_id"": ""BC-e3ce118d43960e420b41""}]"
WLC:Deut.31.24	strong	tevrat	motif|paralel	Moses completes the written Torah | Moses finishes writing Torah in a book	The commentary says the current warning is already in ancient pages; this verse explicitly says Moses completed writing the words of the Torah in a book. | Within Deuteronomy Moses completes a written law-book. It is the closest Hebrew Bible anchor for the commentary's naming of Mosaic sheets, without equating their contents.	87:18	"[{""line"": 3, ""strength"": ""strong"", ""tradition"": ""tevrat"", ""kind"": ""paralel"", ""ref"": ""WLC:Deut.31.24"", ""basis"": ""Moses completes the written Torah"", ""note"": ""The commentary says the current warning is already in ancient pages; this verse explicitly says Moses completed writing the words of the Torah in a book."", ""turn"": 1, ""model"": ""luna"", ""connection_id"": ""BC-1e9ea2b0627d09238b04""}, {""line"": 3, ""strength"": ""strong"", ""tradition"": ""tevrat"", ""kind"": ""motif"", ""ref"": ""WLC:Deut.31.24"", ""basis"": ""Moses finishes writing Torah in a book"", ""note"": ""Within Deuteronomy Moses completes a written law-book. It is the closest Hebrew Bible anchor for the commentary's naming of Mosaic sheets, without equating their contents."", ""turn"": 1, ""model"": ""terra"", ""connection_id"": ""BC-f47722de9bf2a8716dab""}]"
WLC:Deut.31.26	strong	tevrat	motif	Book kept as a witness | book placed as witness	The commentary calls the first pages a witness against the charge of novelty; Moses orders the completed book placed beside the ark as a witness against Israel, giving the text a future-testimony role. | The book is deposited beside the ark as a witness against a resistant people; this sharpens 87:18's appeal to old writing against present objection.	87:18	"[{""line"": 4, ""strength"": ""strong"", ""tradition"": ""tevrat"", ""kind"": ""motif"", ""ref"": ""WLC:Deut.31.26"", ""basis"": ""Book kept as a witness"", ""note"": ""The commentary calls the first pages a witness against the charge of novelty; Moses orders the completed book placed beside the ark as a witness against Israel, giving the text a future-testimony role."", ""turn"": 1, ""model"": ""luna"", ""connection_id"": ""BC-e0b651567b3a8c38bff2""}, {""line"": 4, ""strength"": ""strong"", ""tradition"": ""tevrat"", ""kind"": ""motif"", ""ref"": ""WLC:Deut.31.26"", ""basis"": ""book placed as witness"", ""note"": ""The book is deposited beside the ark as a witness against a resistant people; this sharpens 87:18's appeal to old writing against present objection."", ""turn"": 1, ""model"": ""terra"", ""connection_id"": ""BC-f1160a2a488c834f9bc1""}]"
WLC:Deut.32.7	strong	tevrat	motif	Ask the elders about days of old	The commentary answers “we never heard this from our ancestors” by asserting ancient continuity; Moses tells the audience to remember former days and ask their fathers and elders.	87:18	"[{""line"": 18, ""strength"": ""strong"", ""tradition"": ""tevrat"", ""kind"": ""motif"", ""ref"": ""WLC:Deut.32.7"", ""basis"": ""Ask the elders about days of old"", ""note"": ""The commentary answers “we never heard this from our ancestors” by asserting ancient continuity; Moses tells the audience to remember former days and ask their fathers and elders."", ""turn"": 1, ""model"": ""luna"", ""connection_id"": ""BC-1bb9ac9dcce43303e883""}]"
WLC:Deut.4.9	strong	tevrat	motif	Teach the remembered revelation to descendants	The commentary answers “we did not hear this from our ancestors” by asserting an ancient message; Moses warns Israel not to forget what it saw at Horeb and to make it known to children and grandchildren.	87:18	"[{""line"": 114, ""strength"": ""strong"", ""tradition"": ""tevrat"", ""kind"": ""motif"", ""ref"": ""WLC:Deut.4.9"", ""basis"": ""Teach the remembered revelation to descendants"", ""note"": ""The commentary answers “we did not hear this from our ancestors” by asserting an ancient message; Moses warns Israel not to forget what it saw at Horeb and to make it known to children and grandchildren."", ""turn"": 2, ""model"": ""luna"", ""connection_id"": ""BC-58a8c60f4e2f5dd50563""}]"
WLC:Deut.6.6	strong	tevrat	motif	Words kept in the heart	The commentary says the pages' message reaches the Prophet as recitation and is retained; Moses commands Israel to keep these words in the heart, joining scripture with inward memory.	87:18	"[{""line"": 13, ""strength"": ""strong"", ""tradition"": ""tevrat"", ""kind"": ""motif"", ""ref"": ""WLC:Deut.6.6"", ""basis"": ""Words kept in the heart"", ""note"": ""The commentary says the pages' message reaches the Prophet as recitation and is retained; Moses commands Israel to keep these words in the heart, joining scripture with inward memory."", ""turn"": 1, ""model"": ""luna"", ""connection_id"": ""BC-d428228bf4ea2b4cef78""}]"
WLC:Deut.6.7	strong	tevrat	motif	Words recited to children	The commentary treats the old teaching as a living word heard by later people; Deuteronomy requires parents to teach and speak it at home, on the road, at bedtime, and at rising.	87:18	"[{""line"": 14, ""strength"": ""strong"", ""tradition"": ""tevrat"", ""kind"": ""motif"", ""ref"": ""WLC:Deut.6.7"", ""basis"": ""Words recited to children"", ""note"": ""The commentary treats the old teaching as a living word heard by later people; Deuteronomy requires parents to teach and speak it at home, on the road, at bedtime, and at rising."", ""turn"": 1, ""model"": ""luna"", ""connection_id"": ""BC-6abfd0f3e040914ce613""}]"
WLC:Deut.8.3	strong	tevrat	motif	bread and every word from God's mouth	Manna teaches that life is not sustained by bread alone but by every word from God. This is a concrete predecessor to preferring a lasting divine word over immediate provision.	87:18	"[{""line"": 74, ""strength"": ""strong"", ""tradition"": ""tevrat"", ""kind"": ""motif"", ""ref"": ""WLC:Deut.8.3"", ""basis"": ""bread and every word from God's mouth"", ""note"": ""Manna teaches that life is not sustained by bread alone but by every word from God. This is a concrete predecessor to preferring a lasting divine word over immediate provision."", ""turn"": 2, ""model"": ""terra"", ""connection_id"": ""BC-5927bd898404e146bac4""}]"
WLC:Eccl.12.13	strong	tevrat	motif	Fear God and keep the commandments	The commentary's nearby verses join fearing God, purification, and prayer to the choice of the hereafter; Ecclesiastes closes by making fear of God and keeping his commandments the whole human duty.	87:18	"[{""line"": 28, ""strength"": ""strong"", ""tradition"": ""tevrat"", ""kind"": ""motif"", ""ref"": ""WLC:Eccl.12.13"", ""basis"": ""Fear God and keep the commandments"", ""note"": ""The commentary's nearby verses join fearing God, purification, and prayer to the choice of the hereafter; Ecclesiastes closes by making fear of God and keeping his commandments the whole human duty."", ""turn"": 1, ""model"": ""luna"", ""connection_id"": ""BC-51a7d750cbd0c644c671""}]"
WLC:Eccl.12.14	strong	tevrat	motif	Every deed comes to judgment	The commentary places the more enduring hereafter against present preference; Ecclesiastes grounds that contrast in God's judgment of every deed, including what is hidden.	87:18	"[{""line"": 29, ""strength"": ""strong"", ""tradition"": ""tevrat"", ""kind"": ""motif"", ""ref"": ""WLC:Eccl.12.14"", ""basis"": ""Every deed comes to judgment"", ""note"": ""The commentary places the more enduring hereafter against present preference; Ecclesiastes grounds that contrast in God's judgment of every deed, including what is hidden."", ""turn"": 1, ""model"": ""luna"", ""connection_id"": ""BC-8cd92976ee30ec1cbf15""}]"
WLC:Eccl.12.7	strong	tevrat	motif	spirit returns to God	Ecclesiastes describes dust returning to earth and spirit returning to God, a concise counterpart to the commentary's 'the destination is to the Lord.'	87:18	"[{""line"": 21, ""strength"": ""strong"", ""tradition"": ""tevrat"", ""kind"": ""motif"", ""ref"": ""WLC:Eccl.12.7"", ""basis"": ""spirit returns to God"", ""note"": ""Ecclesiastes describes dust returning to earth and spirit returning to God, a concise counterpart to the commentary's 'the destination is to the Lord.'"", ""turn"": 1, ""model"": ""terra"", ""connection_id"": ""BC-574e05f4df6a49c69119""}]"
WLC:Exod.17.14	strong	tevrat	motif	Write and recite to Joshua | writing and recitation of Moses' memorial	The commentary joins preserved pages to a word received and recited; God tells Moses both to write the Amalek remembrance in a book and to recite it in Joshua's hearing, combining writing, memory, and oral succession. | God tells Moses to write the Amalek memory in a book and rehearse it to Joshua. It concretely joins the commentary's Mosaic sheets to revealed words preserved by oral recitation.	87:18	"[{""line"": 109, ""strength"": ""strong"", ""tradition"": ""tevrat"", ""kind"": ""motif"", ""ref"": ""WLC:Exod.17.14"", ""basis"": ""Write and recite to Joshua"", ""note"": ""The commentary joins preserved pages to a word received and recited; God tells Moses both to write the Amalek remembrance in a book and to recite it in Joshua's hearing, combining writing, memory, and oral succession."", ""turn"": 2, ""model"": ""luna"", ""connection_id"": ""BC-04693c6f4925be350dd8""}, {""line"": 1, ""strength"": ""strong"", ""tradition"": ""tevrat"", ""kind"": ""motif"", ""ref"": ""WLC:Exod.17.14"", ""basis"": ""writing and recitation of Moses' memorial"", ""note"": ""God tells Moses to write the Amalek memory in a book and rehearse it to Joshua. It concretely joins the commentary's Mosaic sheets to revealed words preserved by oral recitation."", ""turn"": 1, ""model"": ""terra"", ""connection_id"": ""BC-bd4339b809d8eebbb5d9""}]"
WLC:Exod.24.4	strong	tevrat	paralel	Moses writes covenant words	The commentary names Moses as recipient of the first pages; after Sinai, Moses writes the LORD's words in a book, locating the written witness in Moses' own scriptural story.	87:18	"[{""line"": 1, ""strength"": ""strong"", ""tradition"": ""tevrat"", ""kind"": ""paralel"", ""ref"": ""WLC:Exod.24.4"", ""basis"": ""Moses writes covenant words"", ""note"": ""The commentary names Moses as recipient of the first pages; after Sinai, Moses writes the LORD's words in a book, locating the written witness in Moses' own scriptural story."", ""turn"": 1, ""model"": ""luna"", ""connection_id"": ""BC-9f466c7bcf6bca224b41""}]"
WLC:Exod.24.7	strong	tevrat	motif|paralel	Book of the Covenant read aloud	The commentary links old pages to a recited teaching; here Moses reads the written covenant in the people's hearing, and they answer by undertaking to obey it. | Moses takes a written covenant book and reads it to Israel; it supplies the page-to-hearing movement developed in the commentary.	87:18	"[{""line"": 2, ""strength"": ""strong"", ""tradition"": ""tevrat"", ""kind"": ""paralel"", ""ref"": ""WLC:Exod.24.7"", ""basis"": ""Book of the Covenant read aloud"", ""note"": ""The commentary links old pages to a recited teaching; here Moses reads the written covenant in the people's hearing, and they answer by undertaking to obey it."", ""turn"": 1, ""model"": ""luna"", ""connection_id"": ""BC-6d4cdbb5ad22dfd358e8""}, {""line"": 2, ""strength"": ""strong"", ""tradition"": ""tevrat"", ""kind"": ""motif"", ""ref"": ""WLC:Exod.24.7"", ""basis"": ""Book of the Covenant read aloud"", ""note"": ""Moses takes a written covenant book and reads it to Israel; it supplies the page-to-hearing movement developed in the commentary."", ""turn"": 1, ""model"": ""terra"", ""connection_id"": ""BC-1d661cb03284cd85da7e""}]"
WLC:Exod.32.32	medium	tevrat	karsi_anlati	Moses offers blotting from the book for Israel	Moses offers his own erasure from God's book for Israel's sin. In contrast to the commentary's non-transferable burden, it foregrounds intercession; the next verse returns judgment to each sinner.	87:18	"[{""line"": 49, ""strength"": ""medium"", ""tradition"": ""tevrat"", ""kind"": ""karsi_anlati"", ""ref"": ""WLC:Exod.32.32"", ""basis"": ""Moses offers blotting from the book for Israel"", ""note"": ""Moses offers his own erasure from God's book for Israel's sin. In contrast to the commentary's non-transferable burden, it foregrounds intercession; the next verse returns judgment to each sinner."", ""turn"": 1, ""model"": ""terra"", ""connection_id"": ""BC-c9176d8eb68d676e1891""}]"
WLC:Exod.32.33	strong	tevrat	motif	God's book and the sinner	God says the individual sinner will be blotted from his book, combining the commentary's divine record with its former-scroll rule of non-transferable guilt.	87:18	"[{""line"": 15, ""strength"": ""strong"", ""tradition"": ""tevrat"", ""kind"": ""motif"", ""ref"": ""WLC:Exod.32.33"", ""basis"": ""God's book and the sinner"", ""note"": ""God says the individual sinner will be blotted from his book, combining the commentary's divine record with its former-scroll rule of non-transferable guilt."", ""turn"": 1, ""model"": ""terra"", ""connection_id"": ""BC-05aca8904f889a65ba14""}]"
WLC:Exod.5.2	strong	tevrat	paralel	Pharaoh asks who YHWH is	Pharaoh refuses Moses after asking who YHWH is. This is the closest Hebrew Bible scene to the commentary's Pharaoh asking Moses about his Lord.	87:18	"[{""line"": 35, ""strength"": ""strong"", ""tradition"": ""tevrat"", ""kind"": ""paralel"", ""ref"": ""WLC:Exod.5.2"", ""basis"": ""Pharaoh asks who YHWH is"", ""note"": ""Pharaoh refuses Moses after asking who YHWH is. This is the closest Hebrew Bible scene to the commentary's Pharaoh asking Moses about his Lord."", ""turn"": 1, ""model"": ""terra"", ""connection_id"": ""BC-8db659036d98ac7ef3b2""}]"
WLC:Exod.7.11	medium	tevrat	paralel	Moses' signs and Pharaoh's magicians	The commentary cites opponents of Moses calling his clear signs fabricated magic and unheard by their ancestors; Exodus stages a Moses-and-Pharaoh sign contest in which Pharaoh's magicians answer with their arts, a related scene framed as rival performance rather than ancestral novelty.	87:18	"[{""line"": 107, ""strength"": ""medium"", ""tradition"": ""tevrat"", ""kind"": ""paralel"", ""ref"": ""WLC:Exod.7.11"", ""basis"": ""Moses' signs and Pharaoh's magicians"", ""note"": ""The commentary cites opponents of Moses calling his clear signs fabricated magic and unheard by their ancestors; Exodus stages a Moses-and-Pharaoh sign contest in which Pharaoh's magicians answer with their arts, a related scene framed as rival performance rather than ancestral novelty."", ""turn"": 1, ""model"": ""luna"", ""connection_id"": ""BC-1633ff71ce10f78579ca""}]"
WLC:Ezek.18.20	strong	tevrat	motif	A child does not bear a parent's iniquity | neither son nor father bears guilt	The commentary reads purification as one's own act and cites the rule that none bears another's load; Ezekiel explicitly assigns guilt to the person who sins, not to that person's father or son. | Ezekiel states the same rule as a theological axiom, making the commentary's individual purification and accountability legible within a later Jewish prophetic debate.	87:18	"[{""line"": 25, ""strength"": ""strong"", ""tradition"": ""tevrat"", ""kind"": ""motif"", ""ref"": ""WLC:Ezek.18.20"", ""basis"": ""A child does not bear a parent's iniquity"", ""note"": ""The commentary reads purification as one's own act and cites the rule that none bears another's load; Ezekiel explicitly assigns guilt to the person who sins, not to that person's father or son."", ""turn"": 1, ""model"": ""luna"", ""connection_id"": ""BC-89cee497a26009cced49""}, {""line"": 17, ""strength"": ""strong"", ""tradition"": ""tevrat"", ""kind"": ""motif"", ""ref"": ""WLC:Ezek.18.20"", ""basis"": ""neither son nor father bears guilt"", ""note"": ""Ezekiel states the same rule as a theological axiom, making the commentary's individual purification and accountability legible within a later Jewish prophetic debate."", ""turn"": 1, ""model"": ""terra"", ""connection_id"": ""BC-0506359dfc0f91ec11bc""}]"
WLC:Ezek.18.21	strong	tevrat	motif	Turning from sin brings life	The commentary's “one who purifies himself” is an individual turning toward good; Ezekiel says the person who turns from transgression, keeps the statutes, and does right shall live.	87:18	"[{""line"": 26, ""strength"": ""strong"", ""tradition"": ""tevrat"", ""kind"": ""motif"", ""ref"": ""WLC:Ezek.18.21"", ""basis"": ""Turning from sin brings life"", ""note"": ""The commentary's “one who purifies himself” is an individual turning toward good; Ezekiel says the person who turns from transgression, keeps the statutes, and does right shall live."", ""turn"": 1, ""model"": ""luna"", ""connection_id"": ""BC-63dda705fc4bdd979eed""}]"
WLC:Ezek.18.30	medium	tevrat	motif	Turn and live	The commentary's purification is a person's own turning, not a transferred act; Ezekiel calls the house of Israel to repent and turn from transgressions so iniquity will not be a stumbling block.	87:18	"[{""line"": 70, ""strength"": ""medium"", ""tradition"": ""tevrat"", ""kind"": ""motif"", ""ref"": ""WLC:Ezek.18.30"", ""basis"": ""Turn and live"", ""note"": ""The commentary's purification is a person's own turning, not a transferred act; Ezekiel calls the house of Israel to repent and turn from transgressions so iniquity will not be a stumbling block."", ""turn"": 1, ""model"": ""luna"", ""connection_id"": ""BC-42bfaffafdcc66c4245b""}]"
WLC:Ezek.2.9	strong	tevrat	motif	A scroll written on both sides	The commentary asks the reader to picture a separate written sheet rather than a bound codex; Ezekiel sees an opened scroll written on its front and back, a striking prophetic image of a densely inscribed surface.	87:18	"[{""line"": 120, ""strength"": ""strong"", ""tradition"": ""tevrat"", ""kind"": ""motif"", ""ref"": ""WLC:Ezek.2.9"", ""basis"": ""A scroll written on both sides"", ""note"": ""The commentary asks the reader to picture a separate written sheet rather than a bound codex; Ezekiel sees an opened scroll written on its front and back, a striking prophetic image of a densely inscribed surface."", ""turn"": 2, ""model"": ""luna"", ""connection_id"": ""BC-f6f97cccd2353560a3b5""}]"
WLC:Ezek.3.1	strong	tevrat	karsi_anlati|motif	The prophet eats the scroll and speaks its words | Ezekiel eats a scroll then speaks	The commentary says pages reach the Prophet as an inwardly retained recitation rather than as a page in his hand; Ezekiel is told to eat the scroll and then speak its words to Israel, a bodily enactment of internalized prophecy. | Ezekiel receives and consumes a physical scroll before speaking. Against the commentary's claim that the Qur'anic messenger is given recitation rather than a sheet, the contrast marks two modes of prophetic embodiment.	87:18	"[{""line"": 121, ""strength"": ""strong"", ""tradition"": ""tevrat"", ""kind"": ""motif"", ""ref"": ""WLC:Ezek.3.1"", ""basis"": ""The prophet eats the scroll and speaks its words"", ""note"": ""The commentary says pages reach the Prophet as an inwardly retained recitation rather than as a page in his hand; Ezekiel is told to eat the scroll and then speak its words to Israel, a bodily enactment of internalized prophecy."", ""turn"": 2, ""model"": ""luna"", ""connection_id"": ""BC-28a9f825083c93602345""}, {""line"": 13, ""strength"": ""strong"", ""tradition"": ""tevrat"", ""kind"": ""karsi_anlati"", ""ref"": ""WLC:Ezek.3.1"", ""basis"": ""Ezekiel eats a scroll then speaks"", ""note"": ""Ezekiel receives and consumes a physical scroll before speaking. Against the commentary's claim that the Qur'anic messenger is given recitation rather than a sheet, the contrast marks two modes of prophetic embodiment."", ""turn"": 1, ""model"": ""terra"", ""connection_id"": ""BC-cc0abf9fd34cb07b2a71""}]"
WLC:Ezek.36.25	medium	tevrat	karsi_anlati	God cleanses by sprinkling	Ezekiel promises God will sprinkle clean water and cleanse Israel. This is a deliberate counterweight to the commentary's reflexive tazakka, locating cleansing chiefly in divine action.	87:18	"[{""line"": 51, ""strength"": ""medium"", ""tradition"": ""tevrat"", ""kind"": ""karsi_anlati"", ""ref"": ""WLC:Ezek.36.25"", ""basis"": ""God cleanses by sprinkling"", ""note"": ""Ezekiel promises God will sprinkle clean water and cleanse Israel. This is a deliberate counterweight to the commentary's reflexive tazakka, locating cleansing chiefly in divine action."", ""turn"": 1, ""model"": ""terra"", ""connection_id"": ""BC-3d6c624065019d2a5c87""}]"
WLC:Gen.15.6	medium	tevrat	motif	Abraham's faith counted as righteousness	The commentary names Abraham among the first recipients; Genesis presents Abraham believing God and being counted righteous, the verse Paul later treats as an early scriptural witness to faith.	87:18	"[{""line"": 75, ""strength"": ""medium"", ""tradition"": ""tevrat"", ""kind"": ""motif"", ""ref"": ""WLC:Gen.15.6"", ""basis"": ""Abraham's faith counted as righteousness"", ""note"": ""The commentary names Abraham among the first recipients; Genesis presents Abraham believing God and being counted righteous, the verse Paul later treats as an early scriptural witness to faith."", ""turn"": 1, ""model"": ""luna"", ""connection_id"": ""BC-e936e761b465fffee93e""}]"
WLC:Gen.26.5	medium	tevrat	paralel	Abraham obeys God's commandments	The commentary names Abraham as recipient of ancient pages; Genesis says Abraham obeyed God's voice and kept his charge, commandments, statutes, and instructions, giving a concrete ancestral precedent for the teaching.	87:18	"[{""line"": 74, ""strength"": ""medium"", ""tradition"": ""tevrat"", ""kind"": ""paralel"", ""ref"": ""WLC:Gen.26.5"", ""basis"": ""Abraham obeys God's commandments"", ""note"": ""The commentary names Abraham as recipient of ancient pages; Genesis says Abraham obeyed God's voice and kept his charge, commandments, statutes, and instructions, giving a concrete ancestral precedent for the teaching."", ""turn"": 1, ""model"": ""luna"", ""connection_id"": ""BC-dd3304057bd8e04fd5ce""}]"
WLC:Hab.2.2	strong	tevrat	motif	A vision made readable | plainly written vision on tablets	The commentary pictures old writing as an open, legible surface; Habakkuk is told to write the vision plainly on tablets so a reader can run with it, explicitly joining a written revelation to its public transmission. | Habakkuk requires a vision to be legible to a reader on tablets, a material counterpart to the commentary's spread-out, visible sheets.	87:18	"[{""line"": 12, ""strength"": ""strong"", ""tradition"": ""tevrat"", ""kind"": ""motif"", ""ref"": ""WLC:Hab.2.2"", ""basis"": ""A vision made readable"", ""note"": ""The commentary pictures old writing as an open, legible surface; Habakkuk is told to write the vision plainly on tablets so a reader can run with it, explicitly joining a written revelation to its public transmission."", ""turn"": 1, ""model"": ""luna"", ""connection_id"": ""BC-df8f2059d2eea5389a70""}, {""line"": 6, ""strength"": ""strong"", ""tradition"": ""tevrat"", ""kind"": ""motif"", ""ref"": ""WLC:Hab.2.2"", ""basis"": ""plainly written vision on tablets"", ""note"": ""Habakkuk requires a vision to be legible to a reader on tablets, a material counterpart to the commentary's spread-out, visible sheets."", ""turn"": 1, ""model"": ""terra"", ""connection_id"": ""BC-caa0e71ec700432c329c""}]"
WLC:Hab.2.3	strong	tevrat	motif	vision's appointed end	The written vision awaits an appointed end and will prove true; it supplies a Jewish-scriptural analogue for the commentary's ta'wil as a word's eventual arrival.	87:18	"[{""line"": 7, ""strength"": ""strong"", ""tradition"": ""tevrat"", ""kind"": ""motif"", ""ref"": ""WLC:Hab.2.3"", ""basis"": ""vision's appointed end"", ""note"": ""The written vision awaits an appointed end and will prove true; it supplies a Jewish-scriptural analogue for the commentary's ta'wil as a word's eventual arrival."", ""turn"": 1, ""model"": ""terra"", ""connection_id"": ""BC-939839f240427ca59dc8""}]"
WLC:Isa.1.15	strong	tevrat	motif	Prayer with unclean hands is rejected	The commentary places purification beside remembering God's name and prayer; Isaiah depicts worshippers spreading hands in prayer, but God refuses to hear because their hands are full of blood.	87:18	"[{""line"": 57, ""strength"": ""strong"", ""tradition"": ""tevrat"", ""kind"": ""motif"", ""ref"": ""WLC:Isa.1.15"", ""basis"": ""Prayer with unclean hands is rejected"", ""note"": ""The commentary places purification beside remembering God's name and prayer; Isaiah depicts worshippers spreading hands in prayer, but God refuses to hear because their hands are full of blood."", ""turn"": 1, ""model"": ""luna"", ""connection_id"": ""BC-e72e31ec62afdd72f040""}]"
WLC:Isa.1.16	strong	tevrat	motif	Wash and make yourselves clean | wash yourselves and make yourselves clean	The commentary says the person who purifies himself succeeds; Isaiah's answer to corrupt worship is a concrete command to wash and cleanse, then cease doing evil. | Isaiah uses reflexive cleansing commands before ethical reform. That makes a concrete Hebrew parallel to 87:14's self-purification rather than a generic purity theme.	87:18	"[{""line"": 58, ""strength"": ""strong"", ""tradition"": ""tevrat"", ""kind"": ""motif"", ""ref"": ""WLC:Isa.1.16"", ""basis"": ""Wash and make yourselves clean"", ""note"": ""The commentary says the person who purifies himself succeeds; Isaiah's answer to corrupt worship is a concrete command to wash and cleanse, then cease doing evil."", ""turn"": 1, ""model"": ""luna"", ""connection_id"": ""BC-d9131c077b8721a1d285""}, {""line"": 29, ""strength"": ""strong"", ""tradition"": ""tevrat"", ""kind"": ""motif"", ""ref"": ""WLC:Isa.1.16"", ""basis"": ""wash yourselves and make yourselves clean"", ""note"": ""Isaiah uses reflexive cleansing commands before ethical reform. That makes a concrete Hebrew parallel to 87:14's self-purification rather than a generic purity theme."", ""turn"": 1, ""model"": ""terra"", ""connection_id"": ""BC-bb1a1d04daef939a0322""}]"
WLC:Isa.1.17	strong	tevrat	motif	Purity expressed as justice	The commentary links purification and prayer, not mere ritual display; Isaiah specifies learning good, seeking justice, and defending the vulnerable as the ethical turn that follows cleansing.	87:18	"[{""line"": 59, ""strength"": ""strong"", ""tradition"": ""tevrat"", ""kind"": ""motif"", ""ref"": ""WLC:Isa.1.17"", ""basis"": ""Purity expressed as justice"", ""note"": ""The commentary links purification and prayer, not mere ritual display; Isaiah specifies learning good, seeking justice, and defending the vulnerable as the ethical turn that follows cleansing."", ""turn"": 1, ""model"": ""luna"", ""connection_id"": ""BC-a3fd54500738ac63c1e0""}]"
WLC:Isa.26.19	strong	tevrat	motif	the dead live and awake	Isaiah calls the dead to live and those in dust to awake. It gives a direct Hebrew Bible answer to the commentary's concern for the first generations and their future gathering.	87:18	"[{""line"": 73, ""strength"": ""strong"", ""tradition"": ""tevrat"", ""kind"": ""motif"", ""ref"": ""WLC:Isa.26.19"", ""basis"": ""the dead live and awake"", ""note"": ""Isaiah calls the dead to live and those in dust to awake. It gives a direct Hebrew Bible answer to the commentary's concern for the first generations and their future gathering."", ""turn"": 2, ""model"": ""terra"", ""connection_id"": ""BC-2ffe03293ded3e6c805d""}]"
WLC:Isa.30.8	strong	tevrat	motif	A book as a witness for future time | tablet and scroll for future days	The commentary describes old pages as a public witness to a present warning; Isaiah is told to write the message on a tablet and in a book so it may stand for a future day as a witness forever. | Isaiah's contested warning is deliberately written on tablet and scroll for future time. Its context explains why an insistently spoken warning can invoke an enduring document.	87:18	"[{""line"": 116, ""strength"": ""strong"", ""tradition"": ""tevrat"", ""kind"": ""motif"", ""ref"": ""WLC:Isa.30.8"", ""basis"": ""A book as a witness for future time"", ""note"": ""The commentary describes old pages as a public witness to a present warning; Isaiah is told to write the message on a tablet and in a book so it may stand for a future day as a witness forever."", ""turn"": 2, ""model"": ""luna"", ""connection_id"": ""BC-7f16391e9a0a3239167e""}, {""line"": 5, ""strength"": ""strong"", ""tradition"": ""tevrat"", ""kind"": ""motif"", ""ref"": ""WLC:Isa.30.8"", ""basis"": ""tablet and scroll for future days"", ""note"": ""Isaiah's contested warning is deliberately written on tablet and scroll for future time. Its context explains why an insistently spoken warning can invoke an enduring document."", ""turn"": 1, ""model"": ""terra"", ""connection_id"": ""BC-46c23d7259dd3f5966d6""}]"
WLC:Isa.34.16	strong	tevrat	motif	seek and read the book of YHWH	Isaiah orders hearers to seek and read YHWH's book, whose announced creatures are not missing. It makes a preserved prior writing an available public check on a present claim.	87:18	"[{""line"": 71, ""strength"": ""strong"", ""tradition"": ""tevrat"", ""kind"": ""motif"", ""ref"": ""WLC:Isa.34.16"", ""basis"": ""seek and read the book of YHWH"", ""note"": ""Isaiah orders hearers to seek and read YHWH's book, whose announced creatures are not missing. It makes a preserved prior writing an available public check on a present claim."", ""turn"": 2, ""model"": ""terra"", ""connection_id"": ""BC-f686f6b1c27d61629fb3""}]"
WLC:Isa.40.8	strong	tevrat	motif	God's word outlasts fading life | fading grass and enduring divine word	The commentary says the world passes but the statement about the lasting hereafter has itself endured; Isaiah contrasts withering grass and flowers with God's word standing forever. | Isaiah contrasts perishing vegetation with God's word standing forever, matching the commentary's inference that an enduring word outlasts the near world.	87:18	"[{""line"": 20, ""strength"": ""strong"", ""tradition"": ""tevrat"", ""kind"": ""motif"", ""ref"": ""WLC:Isa.40.8"", ""basis"": ""God's word outlasts fading life"", ""note"": ""The commentary says the world passes but the statement about the lasting hereafter has itself endured; Isaiah contrasts withering grass and flowers with God's word standing forever."", ""turn"": 1, ""model"": ""luna"", ""connection_id"": ""BC-e84f57bbda65a62b77b9""}, {""line"": 8, ""strength"": ""strong"", ""tradition"": ""tevrat"", ""kind"": ""motif"", ""ref"": ""WLC:Isa.40.8"", ""basis"": ""fading grass and enduring divine word"", ""note"": ""Isaiah contrasts perishing vegetation with God's word standing forever, matching the commentary's inference that an enduring word outlasts the near world."", ""turn"": 1, ""model"": ""terra"", ""connection_id"": ""BC-0143369d3c435498a260""}]"
WLC:Isa.46.10	medium	tevrat	motif|soydas	The end announced from the beginning | Arabic akhira and Hebrew aḥarit	The commentary says the first pages already tell where all things will end; Isaiah portrays God as declaring the end from the beginning and bringing his purpose to completion. | Hebrew aḥarit, 'end' or 'latter outcome,' is a cognate of the commentary's Arabic akhira. Isaiah's God declares the aḥarit from the beginning, a lexical and structural companion to first pages carrying their end.	87:18	"[{""line"": 72, ""strength"": ""medium"", ""tradition"": ""tevrat"", ""kind"": ""motif"", ""ref"": ""WLC:Isa.46.10"", ""basis"": ""The end announced from the beginning"", ""note"": ""The commentary says the first pages already tell where all things will end; Isaiah portrays God as declaring the end from the beginning and bringing his purpose to completion."", ""turn"": 1, ""model"": ""luna"", ""connection_id"": ""BC-a4a43aa01168a5968d13""}, {""line"": 55, ""strength"": ""medium"", ""tradition"": ""tevrat"", ""kind"": ""soydas"", ""ref"": ""WLC:Isa.46.10"", ""basis"": ""Arabic akhira and Hebrew aḥarit"", ""note"": ""Hebrew aḥarit, 'end' or 'latter outcome,' is a cognate of the commentary's Arabic akhira. Isaiah's God declares the aḥarit from the beginning, a lexical and structural companion to first pages carrying their end."", ""turn"": 1, ""model"": ""terra"", ""connection_id"": ""BC-47d9b65174e926a2e135""}]"
WLC:Isa.51.6	strong	tevrat	motif	The world fades while salvation lasts	The commentary contrasts the passing world with a teaching that endures; Isaiah says heaven and earth will wear away like clothing while God's salvation and righteousness remain forever.	87:18	"[{""line"": 124, ""strength"": ""strong"", ""tradition"": ""tevrat"", ""kind"": ""motif"", ""ref"": ""WLC:Isa.51.6"", ""basis"": ""The world fades while salvation lasts"", ""note"": ""The commentary contrasts the passing world with a teaching that endures; Isaiah says heaven and earth will wear away like clothing while God's salvation and righteousness remain forever."", ""turn"": 2, ""model"": ""luna"", ""connection_id"": ""BC-43e5fe956e3212484e30""}]"
WLC:Isa.55.11	strong	tevrat	motif	The word from God's mouth accomplishes its purpose | word accomplishes its purpose	The commentary says the old-page statement has endured into present recitation; Isaiah adds that God's word does not return empty but accomplishes what God intends, explaining the active effect of a message that is heard. | The word sent from God's mouth does not return empty but accomplishes its purpose. It supplies a close biblical analogue to the commentary's ta'wil: a spoken word reaches the end it declares.	87:18	"[{""line"": 145, ""strength"": ""medium"", ""tradition"": ""tevrat"", ""kind"": ""motif"", ""ref"": ""WLC:Isa.55.11"", ""basis"": ""The word from God's mouth accomplishes its purpose"", ""note"": ""The commentary says the old-page statement has endured into present recitation; Isaiah adds that God's word does not return empty but accomplishes what God intends, explaining the active effect of a message that is heard."", ""turn"": 2, ""model"": ""luna"", ""connection_id"": ""BC-374e53cc58968e2c8ae6""}, {""line"": 72, ""strength"": ""strong"", ""tradition"": ""tevrat"", ""kind"": ""motif"", ""ref"": ""WLC:Isa.55.11"", ""basis"": ""word accomplishes its purpose"", ""note"": ""The word sent from God's mouth does not return empty but accomplishes its purpose. It supplies a close biblical analogue to the commentary's ta'wil: a spoken word reaches the end it declares."", ""turn"": 2, ""model"": ""terra"", ""connection_id"": ""BC-d9af07cddf09be27212a""}]"
WLC:Isa.58.6	strong	tevrat	motif	Purification expressed as freeing the oppressed	The commentary pairs purification with prayer and cites almsgiving alongside it; Isaiah's chosen fast is to loosen injustice and free the oppressed, giving purification an ethical and social form.	87:18	"[{""line"": 131, ""strength"": ""strong"", ""tradition"": ""tevrat"", ""kind"": ""motif"", ""ref"": ""WLC:Isa.58.6"", ""basis"": ""Purification expressed as freeing the oppressed"", ""note"": ""The commentary pairs purification with prayer and cites almsgiving alongside it; Isaiah's chosen fast is to loosen injustice and free the oppressed, giving purification an ethical and social form."", ""turn"": 2, ""model"": ""luna"", ""connection_id"": ""BC-4361d8e211844f5ef5da""}]"
WLC:Isa.58.7	strong	tevrat	motif	Share bread and shelter the poor	The commentary's nearby purification and prayer are also associated with giving; Isaiah continues by naming bread shared with the hungry, shelter for the homeless, and clothing for the naked as the fast God desires.	87:18	"[{""line"": 132, ""strength"": ""strong"", ""tradition"": ""tevrat"", ""kind"": ""motif"", ""ref"": ""WLC:Isa.58.7"", ""basis"": ""Share bread and shelter the poor"", ""note"": ""The commentary's nearby purification and prayer are also associated with giving; Isaiah continues by naming bread shared with the hungry, shelter for the homeless, and clothing for the naked as the fast God desires."", ""turn"": 2, ""model"": ""luna"", ""connection_id"": ""BC-cedfa7ff1c422448b549""}]"
WLC:Isa.59.21	strong	tevrat	motif	Words remain in mouths across generations	The commentary says the first-pages message has endured to the Prophet's recitation; Isaiah promises that God's words placed in the speaker's mouth will not depart from him, his children, or descendants.	87:18	"[{""line"": 117, ""strength"": ""strong"", ""tradition"": ""tevrat"", ""kind"": ""motif"", ""ref"": ""WLC:Isa.59.21"", ""basis"": ""Words remain in mouths across generations"", ""note"": ""The commentary says the first-pages message has endured to the Prophet's recitation; Isaiah promises that God's words placed in the speaker's mouth will not depart from him, his children, or descendants."", ""turn"": 2, ""model"": ""luna"", ""connection_id"": ""BC-d8ccc467b6006e6cfeec""}]"
WLC:Isa.8.16	medium	tevrat	karsi_anlati	testimony bound and teaching sealed	Isaiah binds and seals testimony among disciples. It offers a counter-image to the commentary's open sheets: teaching is preserved, yet access is marked by a bounded circle of transmitters.	87:18	"[{""line"": 90, ""strength"": ""medium"", ""tradition"": ""tevrat"", ""kind"": ""karsi_anlati"", ""ref"": ""WLC:Isa.8.16"", ""basis"": ""testimony bound and teaching sealed"", ""note"": ""Isaiah binds and seals testimony among disciples. It offers a counter-image to the commentary's open sheets: teaching is preserved, yet access is marked by a bounded circle of transmitters."", ""turn"": 2, ""model"": ""terra"", ""connection_id"": ""BC-24efb395f898739dfedb""}]"
WLC:Jer.23.16	medium	tevrat	karsi_anlati	visions from a prophet's own heart	Jeremiah warns against prophets who speak visions from their own hearts rather than YHWH's mouth. It supplies the Hebrew Bible's own criterion for the human-invention charge that 87:18 rhetorically rejects.	87:18	"[{""line"": 91, ""strength"": ""medium"", ""tradition"": ""tevrat"", ""kind"": ""karsi_anlati"", ""ref"": ""WLC:Jer.23.16"", ""basis"": ""visions from a prophet's own heart"", ""note"": ""Jeremiah warns against prophets who speak visions from their own hearts rather than YHWH's mouth. It supplies the Hebrew Bible's own criterion for the human-invention charge that 87:18 rhetorically rejects."", ""turn"": 2, ""model"": ""terra"", ""connection_id"": ""BC-e09c1000f93391cbfa50""}]"
WLC:Jer.30.2	strong	tevrat	motif	Words of prophecy written in a book	The commentary says the current recitation is already in ancient pages; Jeremiah is specifically commanded to write all the words spoken to him in a book, preserving a prophetic message for later hearers.	87:18	"[{""line"": 115, ""strength"": ""strong"", ""tradition"": ""tevrat"", ""kind"": ""motif"", ""ref"": ""WLC:Jer.30.2"", ""basis"": ""Words of prophecy written in a book"", ""note"": ""The commentary says the current recitation is already in ancient pages; Jeremiah is specifically commanded to write all the words spoken to him in a book, preserving a prophetic message for later hearers."", ""turn"": 2, ""model"": ""luna"", ""connection_id"": ""BC-92482f88e5dfb1480813""}]"
WLC:Jer.31.30	strong	tevrat	motif	Each dies for their own iniquity	The commentary's cited page teaching denies transferred burdens; Jeremiah answers the sour-grapes proverb by saying each person dies for their own iniquity, sharpening the move from inherited blame to individual responsibility.	87:18	"[{""line"": 27, ""strength"": ""strong"", ""tradition"": ""tevrat"", ""kind"": ""motif"", ""ref"": ""WLC:Jer.31.30"", ""basis"": ""Each dies for their own iniquity"", ""note"": ""The commentary's cited page teaching denies transferred burdens; Jeremiah answers the sour-grapes proverb by saying each person dies for their own iniquity, sharpening the move from inherited blame to individual responsibility."", ""turn"": 1, ""model"": ""luna"", ""connection_id"": ""BC-0272c364a4a9c655631d""}]"
WLC:Jer.31.31	medium	tevrat	karsi_anlati	new covenant with Israel and Judah	Jeremiah explicitly announces a new covenant with Israel and Judah. Alongside 87:18's denial that teaching is a mere novelty, it offers a different scriptural account in which newness and continuity coexist.	87:18	"[{""line"": 52, ""strength"": ""medium"", ""tradition"": ""tevrat"", ""kind"": ""karsi_anlati"", ""ref"": ""WLC:Jer.31.31"", ""basis"": ""new covenant with Israel and Judah"", ""note"": ""Jeremiah explicitly announces a new covenant with Israel and Judah. Alongside 87:18's denial that teaching is a mere novelty, it offers a different scriptural account in which newness and continuity coexist."", ""turn"": 1, ""model"": ""terra"", ""connection_id"": ""BC-b8301e4b942c56592fea""}]"
WLC:Jer.31.33	strong	tevrat	motif	Torah written on the heart | law written on hearts	The commentary says the page's teaching is heard and retained inwardly; Jeremiah's new-covenant promise places God's Torah within the people and writes it on their hearts, an inward counterpart to external pages. | Jeremiah relocates Torah from document to inward writing, a close Jewish analogue to the commentary's pages reappearing in a hearer's chest and voice.	87:18	"[{""line"": 118, ""strength"": ""strong"", ""tradition"": ""tevrat"", ""kind"": ""motif"", ""ref"": ""WLC:Jer.31.33"", ""basis"": ""Torah written on the heart"", ""note"": ""The commentary says the page's teaching is heard and retained inwardly; Jeremiah's new-covenant promise places God's Torah within the people and writes it on their hearts, an inward counterpart to external pages."", ""turn"": 2, ""model"": ""luna"", ""connection_id"": ""BC-6d524ef53b9212a9edfa""}, {""line"": 12, ""strength"": ""strong"", ""tradition"": ""tevrat"", ""kind"": ""motif"", ""ref"": ""WLC:Jer.31.33"", ""basis"": ""law written on hearts"", ""note"": ""Jeremiah relocates Torah from document to inward writing, a close Jewish analogue to the commentary's pages reappearing in a hearer's chest and voice."", ""turn"": 1, ""model"": ""terra"", ""connection_id"": ""BC-f3f1dc64255befb1480f""}]"
WLC:Jer.36.10	strong	tevrat	motif	Baruch reads the scroll publicly	The commentary joins ancient pages to audible proclamation; Baruch reads Jeremiah's scroll in the temple before the gathered people and officials.	87:18	"[{""line"": 10, ""strength"": ""strong"", ""tradition"": ""tevrat"", ""kind"": ""motif"", ""ref"": ""WLC:Jer.36.10"", ""basis"": ""Baruch reads the scroll publicly"", ""note"": ""The commentary joins ancient pages to audible proclamation; Baruch reads Jeremiah's scroll in the temple before the gathered people and officials."", ""turn"": 1, ""model"": ""luna"", ""connection_id"": ""BC-1f312216765add879f5b""}]"
WLC:Jer.36.23	medium	tevrat	motif	A king burns the scroll	The commentary says the old word has lasted; Jeremiah's scroll is cut and burned by Jehoiakim, a concrete counter-image of the vulnerability of the physical page before the message is rewritten in v.28.	87:18	"[{""line"": 90, ""strength"": ""medium"", ""tradition"": ""tevrat"", ""kind"": ""motif"", ""ref"": ""WLC:Jer.36.23"", ""basis"": ""A king burns the scroll"", ""note"": ""The commentary says the old word has lasted; Jeremiah's scroll is cut and burned by Jehoiakim, a concrete counter-image of the vulnerability of the physical page before the message is rewritten in v.28."", ""turn"": 1, ""model"": ""luna"", ""connection_id"": ""BC-a433e9f4dcfc90a0451d""}]"
WLC:Jer.36.28	strong	tevrat	motif	The burned words are rewritten | replacement scroll with former words	The commentary says the teaching endured from the first pages to its present recitation; after Jehoiakim burns the scroll, Jeremiah is told to write the same words again, showing the message surviving destruction of its copy. | After the king burns Jeremiah's roll, a new scroll is ordered with all former words. It makes textual survival amid rejection a precise counterpart to old pages still speaking.	87:18	"[{""line"": 11, ""strength"": ""strong"", ""tradition"": ""tevrat"", ""kind"": ""motif"", ""ref"": ""WLC:Jer.36.28"", ""basis"": ""The burned words are rewritten"", ""note"": ""The commentary says the teaching endured from the first pages to its present recitation; after Jehoiakim burns the scroll, Jeremiah is told to write the same words again, showing the message surviving destruction of its copy."", ""turn"": 1, ""model"": ""luna"", ""connection_id"": ""BC-f80c7dab1d74b866d08e""}, {""line"": 10, ""strength"": ""strong"", ""tradition"": ""tevrat"", ""kind"": ""motif"", ""ref"": ""WLC:Jer.36.28"", ""basis"": ""replacement scroll with former words"", ""note"": ""After the king burns Jeremiah's roll, a new scroll is ordered with all former words. It makes textual survival amid rejection a precise counterpart to old pages still speaking."", ""turn"": 1, ""model"": ""terra"", ""connection_id"": ""BC-f6920dacb808e0491ee7""}]"
WLC:Jer.36.4	strong	tevrat	motif	Jeremiah dictates a scroll | prophetic words dictated onto a scroll	The commentary contrasts old written pages with the Prophet's received recitation; Jeremiah dictates the LORD's words and Baruch writes them on a scroll, making the prophet's speech a written document. | Baruch writes on a scroll all the words Jeremiah has spoken from the prophet's mouth. It gives a precise Hebrew Bible instance of oral revelation becoming separate written pages.	87:18	"[{""line"": 9, ""strength"": ""strong"", ""tradition"": ""tevrat"", ""kind"": ""motif"", ""ref"": ""WLC:Jer.36.4"", ""basis"": ""Jeremiah dictates a scroll"", ""note"": ""The commentary contrasts old written pages with the Prophet's received recitation; Jeremiah dictates the LORD's words and Baruch writes them on a scroll, making the prophet's speech a written document."", ""turn"": 1, ""model"": ""luna"", ""connection_id"": ""BC-8ed60f83465a7aa918fe""}, {""line"": 70, ""strength"": ""strong"", ""tradition"": ""tevrat"", ""kind"": ""motif"", ""ref"": ""WLC:Jer.36.4"", ""basis"": ""prophetic words dictated onto a scroll"", ""note"": ""Baruch writes on a scroll all the words Jeremiah has spoken from the prophet's mouth. It gives a precise Hebrew Bible instance of oral revelation becoming separate written pages."", ""turn"": 2, ""model"": ""terra"", ""connection_id"": ""BC-91f1fb5b5b07bfd64eac""}]"
WLC:Jer.43.2	medium	tevrat	motif	a prophet charged with speaking falsehood	Judean leaders tell Jeremiah he is speaking falsely. The concrete charge against a prophet's command parallels the commentary's anticipated claim that a revelation is the speaker's invention.	87:18	"[{""line"": 53, ""strength"": ""medium"", ""tradition"": ""tevrat"", ""kind"": ""motif"", ""ref"": ""WLC:Jer.43.2"", ""basis"": ""a prophet charged with speaking falsehood"", ""note"": ""Judean leaders tell Jeremiah he is speaking falsely. The concrete charge against a prophet's command parallels the commentary's anticipated claim that a revelation is the speaker's invention."", ""turn"": 1, ""model"": ""terra"", ""connection_id"": ""BC-4a3a333167aafc2e987c""}]"
WLC:Jer.8.8	strong	tevrat	karsi_anlati	A prophetic charge of scribal distortion	The commentary cites the concealment of parts of earlier books but says this teaching is truly in the first pages; Jeremiah's own context accuses scribes of making the LORD's Torah into a lie, a sharp counter-witness about the handling of scripture.	87:18	"[{""line"": 141, ""strength"": ""strong"", ""tradition"": ""tevrat"", ""kind"": ""karsi_anlati"", ""ref"": ""WLC:Jer.8.8"", ""basis"": ""A prophetic charge of scribal distortion"", ""note"": ""The commentary cites the concealment of parts of earlier books but says this teaching is truly in the first pages; Jeremiah's own context accuses scribes of making the LORD's Torah into a lie, a sharp counter-witness about the handling of scripture."", ""turn"": 2, ""model"": ""luna"", ""connection_id"": ""BC-609bc9e0f68cb1b8d5b2""}]"
WLC:Job.34.11	strong	tevrat	motif	repaid according to work	Job's speaker says God returns a person's work to them; it corresponds precisely to the former-sheet sequence of effort seen and recompensed.	87:18	"[{""line"": 18, ""strength"": ""strong"", ""tradition"": ""tevrat"", ""kind"": ""motif"", ""ref"": ""WLC:Job.34.11"", ""basis"": ""repaid according to work"", ""note"": ""Job's speaker says God returns a person's work to them; it corresponds precisely to the former-sheet sequence of effort seen and recompensed."", ""turn"": 1, ""model"": ""terra"", ""connection_id"": ""BC-beb091f1dd7d3a9a493d""}]"
WLC:Joel.3.5	strong	tevrat	motif	calling on the divine name and deliverance	Hebrew Joel says everyone calling on YHWH's name will escape. It provides a direct older-scriptural counterpart to remembering the Lord's name and praying.	87:18	"[{""line"": 34, ""strength"": ""strong"", ""tradition"": ""tevrat"", ""kind"": ""motif"", ""ref"": ""WLC:Joel.3.5"", ""basis"": ""calling on the divine name and deliverance"", ""note"": ""Hebrew Joel says everyone calling on YHWH's name will escape. It provides a direct older-scriptural counterpart to remembering the Lord's name and praying."", ""turn"": 1, ""model"": ""terra"", ""connection_id"": ""BC-75d56c172e77e3fc1aad""}]"
WLC:Josh.1.8	strong	tevrat	motif	Moses' book leads the successor | book in the mouth and day-night meditation	The commentary pictures the first writings as going ahead and later speech following their path; Joshua, Moses' successor, is told to keep the Torah book in his mouth, meditate on it, and act according to it. | Joshua's law-book must not leave his mouth but be meditated on and done. It closely joins the commentary's page, oral recitation, internal remembering, and conduct.	87:18	"[{""line"": 73, ""strength"": ""medium"", ""tradition"": ""tevrat"", ""kind"": ""motif"", ""ref"": ""WLC:Josh.1.8"", ""basis"": ""Moses' book leads the successor"", ""note"": ""The commentary pictures the first writings as going ahead and later speech following their path; Joshua, Moses' successor, is told to keep the Torah book in his mouth, meditate on it, and act according to it."", ""turn"": 1, ""model"": ""luna"", ""connection_id"": ""BC-b144ca7fb52d14fa4d68""}, {""line"": 69, ""strength"": ""strong"", ""tradition"": ""tevrat"", ""kind"": ""motif"", ""ref"": ""WLC:Josh.1.8"", ""basis"": ""book in the mouth and day-night meditation"", ""note"": ""Joshua's law-book must not leave his mouth but be meditated on and done. It closely joins the commentary's page, oral recitation, internal remembering, and conduct."", ""turn"": 2, ""model"": ""terra"", ""connection_id"": ""BC-add49db17920d81a05f7""}]"
WLC:Josh.8.34	strong	tevrat	motif	Joshua reads Moses' law to the assembly	The commentary pictures the first writing leading later generations; after Moses, Joshua reads the Torah's blessings and curses before all Israel, a distinct public scene of a successor carrying the earlier book forward.	87:18	"[{""line"": 142, ""strength"": ""strong"", ""tradition"": ""tevrat"", ""kind"": ""motif"", ""ref"": ""WLC:Josh.8.34"", ""basis"": ""Joshua reads Moses' law to the assembly"", ""note"": ""The commentary pictures the first writing leading later generations; after Moses, Joshua reads the Torah's blessings and curses before all Israel, a distinct public scene of a successor carrying the earlier book forward."", ""turn"": 2, ""model"": ""luna"", ""connection_id"": ""BC-4e3ddb5a702a8615fd04""}]"
WLC:Josh.8.35	strong	tevrat	motif	No word is omitted from the public reading	The commentary says the pages' teaching is available in the recited message; Joshua leaves out no word of Moses' command before the whole assembly, including women, children, and resident aliens.	87:18	"[{""line"": 143, ""strength"": ""strong"", ""tradition"": ""tevrat"", ""kind"": ""motif"", ""ref"": ""WLC:Josh.8.35"", ""basis"": ""No word is omitted from the public reading"", ""note"": ""The commentary says the pages' teaching is available in the recited message; Joshua leaves out no word of Moses' command before the whole assembly, including women, children, and resident aliens."", ""turn"": 2, ""model"": ""luna"", ""connection_id"": ""BC-84a811aebd75c21fa764""}]"
WLC:Mal.3.16	strong	tevrat	motif	A book of remembrance for the God-fearing | book of remembrance, fear, and name	The commentary connects fear of God, remembrance, and preserved pages; Malachi describes those who fear the LORD speaking together while a book of remembrance is written before him for them. | The book records those who fear the Lord and esteem his name. It combines the commentary's unforgetting divine book with fear, name-remembrance, and worship.	87:18	"[{""line"": 22, ""strength"": ""strong"", ""tradition"": ""tevrat"", ""kind"": ""motif"", ""ref"": ""WLC:Mal.3.16"", ""basis"": ""A book of remembrance for the God-fearing"", ""note"": ""The commentary connects fear of God, remembrance, and preserved pages; Malachi describes those who fear the LORD speaking together while a book of remembrance is written before him for them."", ""turn"": 1, ""model"": ""luna"", ""connection_id"": ""BC-ffbb74bb75ee7df85a32""}, {""line"": 14, ""strength"": ""strong"", ""tradition"": ""tevrat"", ""kind"": ""motif"", ""ref"": ""WLC:Mal.3.16"", ""basis"": ""book of remembrance, fear, and name"", ""note"": ""The book records those who fear the Lord and esteem his name. It combines the commentary's unforgetting divine book with fear, name-remembrance, and worship."", ""turn"": 1, ""model"": ""terra"", ""connection_id"": ""BC-bdcea3b81916780a08de""}]"
WLC:Mal.3.22	medium	tevrat	motif	Remember Moses' Torah before the coming day	The commentary names Moses' pages and says their teaching addresses the final outcome; Malachi closes by telling Israel to remember the Torah commanded to Moses at Horeb before the coming day of the LORD.	87:18	"[{""line"": 71, ""strength"": ""medium"", ""tradition"": ""tevrat"", ""kind"": ""motif"", ""ref"": ""WLC:Mal.3.22"", ""basis"": ""Remember Moses' Torah before the coming day"", ""note"": ""The commentary names Moses' pages and says their teaching addresses the final outcome; Malachi closes by telling Israel to remember the Torah commanded to Moses at Horeb before the coming day of the LORD."", ""turn"": 1, ""model"": ""luna"", ""connection_id"": ""BC-5fceda34e55dd1779bc3""}]"
WLC:Neh.8.3	strong	tevrat	motif	The people attend to a long public reading	The commentary makes the heard word central to access to old pages; Ezra reads the Torah aloud from morning until midday before the gathered people, whose ears are attentive.	87:18	"[{""line"": 144, ""strength"": ""strong"", ""tradition"": ""tevrat"", ""kind"": ""motif"", ""ref"": ""WLC:Neh.8.3"", ""basis"": ""The people attend to a long public reading"", ""note"": ""The commentary makes the heard word central to access to old pages; Ezra reads the Torah aloud from morning until midday before the gathered people, whose ears are attentive."", ""turn"": 2, ""model"": ""luna"", ""connection_id"": ""BC-944ee8e90272a8e03f5d""}]"
WLC:Neh.8.8	strong	tevrat	motif	Reading with explanation	The commentary presents recitation as the means by which written teaching becomes present to hearers; in Nehemiah, Levites read from the Torah and explain its sense so the assembly understands.	87:18	"[{""line"": 8, ""strength"": ""strong"", ""tradition"": ""tevrat"", ""kind"": ""motif"", ""ref"": ""WLC:Neh.8.8"", ""basis"": ""Reading with explanation"", ""note"": ""The commentary presents recitation as the means by which written teaching becomes present to hearers; in Nehemiah, Levites read from the Torah and explain its sense so the assembly understands."", ""turn"": 1, ""model"": ""luna"", ""connection_id"": ""BC-71c8232f33e4ffa17c67""}]"
WLC:Prov.24.12	medium	tevrat	motif	God weighs the heart and repays deeds	The commentary says each person's choice matters and cites the rule that no one bears another's burden; Proverbs answers the excuse “we did not know” by saying the heart-weigher sees and repays each according to work.	87:18	"[{""line"": 69, ""strength"": ""medium"", ""tradition"": ""tevrat"", ""kind"": ""motif"", ""ref"": ""WLC:Prov.24.12"", ""basis"": ""God weighs the heart and repays deeds"", ""note"": ""The commentary says each person's choice matters and cites the rule that no one bears another's burden; Proverbs answers the excuse “we did not know” by saying the heart-weigher sees and repays each according to work."", ""turn"": 1, ""model"": ""luna"", ""connection_id"": ""BC-4d370fa29a82a332d8af""}]"
WLC:Ps.1.2	medium	tevrat	motif	The righteous meditate on Torah continually	The commentary says the old word is recited, remembered, and acted on; Psalm 1 locates the righteous person's delight in the LORD's instruction, meditated on day and night.	87:18	"[{""line"": 66, ""strength"": ""medium"", ""tradition"": ""tevrat"", ""kind"": ""motif"", ""ref"": ""WLC:Ps.1.2"", ""basis"": ""The righteous meditate on Torah continually"", ""note"": ""The commentary says the old word is recited, remembered, and acted on; Psalm 1 locates the righteous person's delight in the LORD's instruction, meditated on day and night."", ""turn"": 1, ""model"": ""luna"", ""connection_id"": ""BC-634d27ea5391b263b827""}]"
WLC:Ps.1.6	medium	tevrat	motif	Two paths end differently	The commentary's world/hereafter contrast culminates in different outcomes; Psalm 1 says the LORD knows the way of the righteous while the way of the wicked perishes.	87:18	"[{""line"": 67, ""strength"": ""medium"", ""tradition"": ""tevrat"", ""kind"": ""motif"", ""ref"": ""WLC:Ps.1.6"", ""basis"": ""Two paths end differently"", ""note"": ""The commentary's world/hereafter contrast culminates in different outcomes; Psalm 1 says the LORD knows the way of the righteous while the way of the wicked perishes."", ""turn"": 1, ""model"": ""luna"", ""connection_id"": ""BC-a2e29433c9f058348c5c""}]"
WLC:Ps.102.18	strong	tevrat	motif	A record written for a future generation	The commentary says the message survives from the first pages to present readers; the psalm explicitly says a future generation will praise the LORD and that this should be written down for a people yet to be created.	87:18	"[{""line"": 119, ""strength"": ""strong"", ""tradition"": ""tevrat"", ""kind"": ""motif"", ""ref"": ""WLC:Ps.102.18"", ""basis"": ""A record written for a future generation"", ""note"": ""The commentary says the message survives from the first pages to present readers; the psalm explicitly says a future generation will praise the LORD and that this should be written down for a people yet to be created."", ""turn"": 2, ""model"": ""luna"", ""connection_id"": ""BC-4e3be18ef8bb953bb8ee""}]"
WLC:Ps.104.14	strong	tevrat	motif	God brings grass up for cattle | grass for cattle and plants for human use	The commentary links the surah's opening pasture to Moses' description of God sending rain and bringing out plants; the psalm says God makes grass grow for livestock and plants for human use. | God causes grass for cattle and vegetation for human use. It closely matches the Taha–A'la comparison in the commentary: rain-grown plants, grazing animals, and provision after creation.	87:18	"[{""line"": 60, ""strength"": ""strong"", ""tradition"": ""tevrat"", ""kind"": ""motif"", ""ref"": ""WLC:Ps.104.14"", ""basis"": ""God brings grass up for cattle"", ""note"": ""The commentary links the surah's opening pasture to Moses' description of God sending rain and bringing out plants; the psalm says God makes grass grow for livestock and plants for human use."", ""turn"": 1, ""model"": ""luna"", ""connection_id"": ""BC-1a70049573ca6e3379ae""}, {""line"": 56, ""strength"": ""medium"", ""tradition"": ""tevrat"", ""kind"": ""motif"", ""ref"": ""WLC:Ps.104.14"", ""basis"": ""grass for cattle and plants for human use"", ""note"": ""God causes grass for cattle and vegetation for human use. It closely matches the Taha–A'la comparison in the commentary: rain-grown plants, grazing animals, and provision after creation."", ""turn"": 1, ""model"": ""terra"", ""connection_id"": ""BC-f76c60f5591587c92364""}]"
WLC:Ps.119.11	medium	tevrat	motif	The word stored in the heart	The commentary says revelation reaches the Prophet by recitation and is not forgotten; the psalmist stores God's word in the heart to avoid sin, linking remembered scripture with moral purification.	87:18	"[{""line"": 86, ""strength"": ""medium"", ""tradition"": ""tevrat"", ""kind"": ""motif"", ""ref"": ""WLC:Ps.119.11"", ""basis"": ""The word stored in the heart"", ""note"": ""The commentary says revelation reaches the Prophet by recitation and is not forgotten; the psalmist stores God's word in the heart to avoid sin, linking remembered scripture with moral purification."", ""turn"": 1, ""model"": ""luna"", ""connection_id"": ""BC-d316d26de1f212f05971""}]"
WLC:Ps.119.89	strong	tevrat	motif	The word fixed forever	The commentary treats the first pages as a durable witness across generations; the psalm says God's word is established in heaven forever, supplying a concrete scriptural image of permanence.	87:18	"[{""line"": 21, ""strength"": ""strong"", ""tradition"": ""tevrat"", ""kind"": ""motif"", ""ref"": ""WLC:Ps.119.89"", ""basis"": ""The word fixed forever"", ""note"": ""The commentary treats the first pages as a durable witness across generations; the psalm says God's word is established in heaven forever, supplying a concrete scriptural image of permanence."", ""turn"": 1, ""model"": ""luna"", ""connection_id"": ""BC-3cc501004f8eba7f52ea""}]"
WLC:Ps.119.9	medium	tevrat	motif	Purity by guarding the word	The commentary joins self-purification to the recited old teaching; Psalm 119 asks how a young person's way can be kept pure and answers by guarding it according to God's word.	87:18	"[{""line"": 85, ""strength"": ""medium"", ""tradition"": ""tevrat"", ""kind"": ""motif"", ""ref"": ""WLC:Ps.119.9"", ""basis"": ""Purity by guarding the word"", ""note"": ""The commentary joins self-purification to the recited old teaching; Psalm 119 asks how a young person's way can be kept pure and answers by guarding it according to God's word."", ""turn"": 1, ""model"": ""luna"", ""connection_id"": ""BC-45657a769d1490a23481""}]"
WLC:Ps.16.10	strong	tevrat	motif	Not abandoned to Sheol	The commentary's “more enduring” hereafter entails a future beyond death; the psalmist trusts not to be abandoned to Sheol or left to see the Pit, giving that hope a resurrection-shaped expression.	87:18	"[{""line"": 128, ""strength"": ""strong"", ""tradition"": ""tevrat"", ""kind"": ""motif"", ""ref"": ""WLC:Ps.16.10"", ""basis"": ""Not abandoned to Sheol"", ""note"": ""The commentary's “more enduring” hereafter entails a future beyond death; the psalmist trusts not to be abandoned to Sheol or left to see the Pit, giving that hope a resurrection-shaped expression."", ""turn"": 2, ""model"": ""luna"", ""connection_id"": ""BC-36d7ea622ab5c5fbbe8b""}]"
WLC:Ps.16.11	strong	tevrat	motif	The path of life ends in lasting joy	The commentary says the final arrival is with the Lord; Psalm 16 speaks of the path of life and fullness of joy in God's presence forever.	87:18	"[{""line"": 129, ""strength"": ""strong"", ""tradition"": ""tevrat"", ""kind"": ""motif"", ""ref"": ""WLC:Ps.16.11"", ""basis"": ""The path of life ends in lasting joy"", ""note"": ""The commentary says the final arrival is with the Lord; Psalm 16 speaks of the path of life and fullness of joy in God's presence forever."", ""turn"": 2, ""model"": ""luna"", ""connection_id"": ""BC-1160ded3b2517afd510a""}]"
WLC:Ps.24.4	medium	tevrat	motif	Clean hands and a pure heart in worship	The commentary joins purification to prayer; the psalm describes the one who may ascend God's holy place as having clean hands and a pure heart, tying inward and outward purity to worship.	87:18	"[{""line"": 87, ""strength"": ""medium"", ""tradition"": ""tevrat"", ""kind"": ""motif"", ""ref"": ""WLC:Ps.24.4"", ""basis"": ""Clean hands and a pure heart in worship"", ""note"": ""The commentary joins purification to prayer; the psalm describes the one who may ascend God's holy place as having clean hands and a pure heart, tying inward and outward purity to worship."", ""turn"": 1, ""model"": ""luna"", ""connection_id"": ""BC-ebe6de3d6ddc4b1b21f3""}]"
WLC:Ps.37.18	strong	tevrat	motif	The blameless inherit what lasts	The commentary sets present worldly preference against the enduring hereafter; Psalm 37 says the days of the blameless are known to God and their inheritance endures forever.	87:18	"[{""line"": 130, ""strength"": ""strong"", ""tradition"": ""tevrat"", ""kind"": ""motif"", ""ref"": ""WLC:Ps.37.18"", ""basis"": ""The blameless inherit what lasts"", ""note"": ""The commentary sets present worldly preference against the enduring hereafter; Psalm 37 says the days of the blameless are known to God and their inheritance endures forever."", ""turn"": 2, ""model"": ""luna"", ""connection_id"": ""BC-6ad6ee0b35a6c82118b3""}]"
WLC:Ps.49.15	strong	tevrat	motif	God receives the speaker from Sheol	The commentary says the afterlife is better and more enduring than the present; Psalm 49 contrasts the rich man's death with the speaker's confidence that God will ransom and receive him from Sheol.	87:18	"[{""line"": 127, ""strength"": ""strong"", ""tradition"": ""tevrat"", ""kind"": ""motif"", ""ref"": ""WLC:Ps.49.15"", ""basis"": ""God receives the speaker from Sheol"", ""note"": ""The commentary says the afterlife is better and more enduring than the present; Psalm 49 contrasts the rich man's death with the speaker's confidence that God will ransom and receive him from Sheol."", ""turn"": 2, ""model"": ""luna"", ""connection_id"": ""BC-88b3341f7c837401662d""}]"
WLC:Ps.49.16	medium	tevrat	motif	Do not envy worldly splendor	The commentary rebukes preference for worldly life; Psalm 49 tells the hearer not to fear when another grows rich and his household's glory increases, setting up the death-boundary made explicit in v.17.	87:18	"[{""line"": 68, ""strength"": ""medium"", ""tradition"": ""tevrat"", ""kind"": ""motif"", ""ref"": ""WLC:Ps.49.16"", ""basis"": ""Do not envy worldly splendor"", ""note"": ""The commentary rebukes preference for worldly life; Psalm 49 tells the hearer not to fear when another grows rich and his household's glory increases, setting up the death-boundary made explicit in v.17."", ""turn"": 1, ""model"": ""luna"", ""connection_id"": ""BC-2b0b149c01e63b8c02ae""}]"
WLC:Ps.49.17	strong	tevrat	motif	Wealth cannot follow at death	The commentary challenges preferring the near life to the lasting one; Psalm 49 says a person takes nothing from wealth at death and that splendor does not descend after him.	87:18	"[{""line"": 31, ""strength"": ""strong"", ""tradition"": ""tevrat"", ""kind"": ""motif"", ""ref"": ""WLC:Ps.49.17"", ""basis"": ""Wealth cannot follow at death"", ""note"": ""The commentary challenges preferring the near life to the lasting one; Psalm 49 says a person takes nothing from wealth at death and that splendor does not descend after him."", ""turn"": 1, ""model"": ""luna"", ""connection_id"": ""BC-a3b69ef356afa38026d1""}]"
WLC:Ps.51.12	medium	tevrat	motif	A prayer for a clean heart	The commentary describes the person who purifies himself; David asks God to create a clean heart in him, adding a distinct emphasis on purification received from God rather than self-congratulation.	87:18	"[{""line"": 88, ""strength"": ""medium"", ""tradition"": ""tevrat"", ""kind"": ""motif"", ""ref"": ""WLC:Ps.51.12"", ""basis"": ""A prayer for a clean heart"", ""note"": ""The commentary describes the person who purifies himself; David asks God to create a clean heart in him, adding a distinct emphasis on purification received from God rather than self-congratulation."", ""turn"": 1, ""model"": ""luna"", ""connection_id"": ""BC-4c478094f54e68d6ef95""}]"
WLC:Ps.73.24	strong	tevrat	motif	Guided now and received to glory afterward	The commentary joins divine guidance in the surah's opening to the claim that the final destination is with the Lord; the psalmist says God guides him by counsel and afterward receives him to glory.	87:18	"[{""line"": 125, ""strength"": ""strong"", ""tradition"": ""tevrat"", ""kind"": ""motif"", ""ref"": ""WLC:Ps.73.24"", ""basis"": ""Guided now and received to glory afterward"", ""note"": ""The commentary joins divine guidance in the surah's opening to the claim that the final destination is with the Lord; the psalmist says God guides him by counsel and afterward receives him to glory."", ""turn"": 2, ""model"": ""luna"", ""connection_id"": ""BC-0e2c8cadb8a9ff731419""}]"
WLC:Ps.73.26	strong	tevrat	motif	God remains when flesh fails	The commentary says the hereafter is more enduring than worldly life; the psalmist's flesh and heart may fail, but God is his portion forever, a personal formulation of lasting hope.	87:18	"[{""line"": 126, ""strength"": ""strong"", ""tradition"": ""tevrat"", ""kind"": ""motif"", ""ref"": ""WLC:Ps.73.26"", ""basis"": ""God remains when flesh fails"", ""note"": ""The commentary says the hereafter is more enduring than worldly life; the psalmist's flesh and heart may fail, but God is his portion forever, a personal formulation of lasting hope."", ""turn"": 2, ""model"": ""luna"", ""connection_id"": ""BC-2c6519604ddd5940d762""}]"
WLC:Ps.78.3	strong	tevrat	motif	What fathers heard is told onward	The commentary answers the claim that the message is new by locating it among earlier generations; the psalm says its teaching was heard and known from the fathers who told it.	87:18	"[{""line"": 15, ""strength"": ""strong"", ""tradition"": ""tevrat"", ""kind"": ""motif"", ""ref"": ""WLC:Ps.78.3"", ""basis"": ""What fathers heard is told onward"", ""note"": ""The commentary answers the claim that the message is new by locating it among earlier generations; the psalm says its teaching was heard and known from the fathers who told it."", ""turn"": 1, ""model"": ""luna"", ""connection_id"": ""BC-54602ada92d93adbec2a""}]"
WLC:Ps.78.4	strong	tevrat	motif	The next generation is not left ignorant	The commentary says an ancient warning remains present rather than forgotten; the psalm refuses to hide the fathers' praise-worthy acts from their children and pledges to tell the next generation.	87:18	"[{""line"": 16, ""strength"": ""strong"", ""tradition"": ""tevrat"", ""kind"": ""motif"", ""ref"": ""WLC:Ps.78.4"", ""basis"": ""The next generation is not left ignorant"", ""note"": ""The commentary says an ancient warning remains present rather than forgotten; the psalm refuses to hide the fathers' praise-worthy acts from their children and pledges to tell the next generation."", ""turn"": 1, ""model"": ""luna"", ""connection_id"": ""BC-c81f080b6679b75ea73a""}]"
WLC:Ps.78.7	strong	tevrat	motif	Remembering leads to trust and obedience	The commentary links recited remembrance to fear of God and the surah's counsel; Psalm 78 says the next generation should hope in God, not forget his works, and keep his commands.	87:18	"[{""line"": 17, ""strength"": ""strong"", ""tradition"": ""tevrat"", ""kind"": ""motif"", ""ref"": ""WLC:Ps.78.7"", ""basis"": ""Remembering leads to trust and obedience"", ""note"": ""The commentary links recited remembrance to fear of God and the surah's counsel; Psalm 78 says the next generation should hope in God, not forget his works, and keep his commands."", ""turn"": 1, ""model"": ""luna"", ""connection_id"": ""BC-e6b94888dcb95ffbd1aa""}]"
Wisdom of Solomon 2:6	strong	tevrat	karsi_anlati	The wicked choose immediate pleasure	The commentary rejects preferring the present life because the hereafter is more enduring; Wisdom 2 puts the opposite case in the mouths of the wicked, who urge one another to enjoy present goods and youth.	87:18	"[{""line"": 32, ""strength"": ""strong"", ""tradition"": ""tevrat"", ""kind"": ""karsi_anlati"", ""ref"": ""Wisdom of Solomon 2:6"", ""basis"": ""The wicked choose immediate pleasure"", ""note"": ""The commentary rejects preferring the present life because the hereafter is more enduring; Wisdom 2 puts the opposite case in the mouths of the wicked, who urge one another to enjoy present goods and youth."", ""turn"": 1, ""model"": ""luna"", ""connection_id"": ""BC-9b583ff3a36115e9d9e7""}]"
Wisdom of Solomon 3:1	strong	tevrat	karsi_anlati	The righteous are safe beyond apparent death	The commentary says the afterlife is the better, abiding outcome; Wisdom says the souls of the righteous are in God's hand and seem only to have died, directly overturning a worldly judgment of their fate.	87:18	"[{""line"": 33, ""strength"": ""strong"", ""tradition"": ""tevrat"", ""kind"": ""karsi_anlati"", ""ref"": ""Wisdom of Solomon 3:1"", ""basis"": ""The righteous are safe beyond apparent death"", ""note"": ""The commentary says the afterlife is the better, abiding outcome; Wisdom says the souls of the righteous are in God's hand and seem only to have died, directly overturning a worldly judgment of their fate."", ""turn"": 1, ""model"": ""luna"", ""connection_id"": ""BC-5ccbd7aad44753c915b5""}]"
Wisdom of Solomon 3:4	medium	tevrat	motif	The righteous' hope is full of immortality | hope full of immortality	The commentary calls the hereafter more enduring than this life; Wisdom says the righteous may seem punished at death, yet their hope is full of immortality, correcting the worldly reading of their fate. | Wisdom gives the righteous, though punished in human sight, a hope full of immortality. It is a Hellenistic Jewish articulation of the enduring future that the commentary sets over the near life.	87:18	"[{""line"": 91, ""strength"": ""medium"", ""tradition"": ""tevrat"", ""kind"": ""motif"", ""ref"": ""Wisdom of Solomon 3:4"", ""basis"": ""The righteous' hope is full of immortality"", ""note"": ""The commentary calls the hereafter more enduring than this life; Wisdom says the righteous may seem punished at death, yet their hope is full of immortality, correcting the worldly reading of their fate."", ""turn"": 1, ""model"": ""luna"", ""connection_id"": ""BC-963e11a75c7600fe744f""}, {""line"": 65, ""strength"": ""medium"", ""tradition"": ""tevrat"", ""kind"": ""motif"", ""ref"": ""Wisdom of Solomon 3:4"", ""basis"": ""hope full of immortality"", ""note"": ""Wisdom gives the righteous, though punished in human sight, a hope full of immortality. It is a Hellenistic Jewish articulation of the enduring future that the commentary sets over the near life."", ""turn"": 1, ""model"": ""terra"", ""connection_id"": ""BC-cbf6ed56b0ae002afb73""}]"
Wisdom of Solomon 3:9	medium	tevrat	motif	Those who trust God abide with him	The commentary calls the later life more enduring; Wisdom says those who trust God will understand truth and abide with him in love, specifying the lasting communion behind its reversal of worldly judgment.	87:18	"[{""line"": 92, ""strength"": ""medium"", ""tradition"": ""tevrat"", ""kind"": ""motif"", ""ref"": ""Wisdom of Solomon 3:9"", ""basis"": ""Those who trust God abide with him"", ""note"": ""The commentary calls the later life more enduring; Wisdom says those who trust God will understand truth and abide with him in love, specifying the lasting communion behind its reversal of worldly judgment."", ""turn"": 1, ""model"": ""luna"", ""connection_id"": ""BC-1d6104933eed17b411bc""}]"
b. Berakhot 17a	strong	tevrat	motif	World to Come beyond eating and drinking	The Talmud portrays the World to Come as beyond eating and drinking, with the righteous enjoying the divine presence. It sharpens the commentary's contrast between immediate material life and enduring eschatological enjoyment.	87:18	"[{""line"": 88, ""strength"": ""strong"", ""tradition"": ""tevrat"", ""kind"": ""motif"", ""ref"": ""b. Berakhot 17a"", ""basis"": ""World to Come beyond eating and drinking"", ""note"": ""The Talmud portrays the World to Come as beyond eating and drinking, with the righteous enjoying the divine presence. It sharpens the commentary's contrast between immediate material life and enduring eschatological enjoyment."", ""turn"": 2, ""model"": ""terra"", ""connection_id"": ""BC-363350d8f4be5608dac1""}]"
b. Gittin 60a	medium	tevrat	yorum_gelenegi	Torah given scroll by scroll	The Talmud debates whether Torah was given scroll by scroll or as a completed whole. That reception history directly illuminates the commentary's insistence that suhuf are discrete sheets rather than a bound codex.	87:18	"[{""line"": 58, ""strength"": ""medium"", ""tradition"": ""tevrat"", ""kind"": ""yorum_gelenegi"", ""ref"": ""b. Gittin 60a"", ""basis"": ""Torah given scroll by scroll"", ""note"": ""The Talmud debates whether Torah was given scroll by scroll or as a completed whole. That reception history directly illuminates the commentary's insistence that suhuf are discrete sheets rather than a bound codex."", ""turn"": 1, ""model"": ""terra"", ""connection_id"": ""BC-34174afceebe8c41af58""}]"
b. Yoma 28b	medium	tevrat	yorum_gelenegi	Abraham kept Torah before Sinai	Rabbinic tradition says Abraham kept the whole Torah, even an eruv tavshilin. It offers a Jewish interpretive way to imagine Abraham as bearer of pre-Mosaic teaching, without positing extant Abrahamic pages.	87:18	"[{""line"": 60, ""strength"": ""medium"", ""tradition"": ""tevrat"", ""kind"": ""yorum_gelenegi"", ""ref"": ""b. Yoma 28b"", ""basis"": ""Abraham kept Torah before Sinai"", ""note"": ""Rabbinic tradition says Abraham kept the whole Torah, even an eruv tavshilin. It offers a Jewish interpretive way to imagine Abraham as bearer of pre-Mosaic teaching, without positing extant Abrahamic pages."", ""turn"": 1, ""model"": ""terra"", ""connection_id"": ""BC-59bf86e50874a7709613""}]"
