ref	tier	tradition	kinds	basis	explanations	target	evidence
1 Clement 10:1–7	medium	incil	paralel	Abraham's obedience in leaving his homeland	Clement recalls Abraham as faithful and obedient when he left his country; this early Christian interpretation turns the patriarch's departure into a model of trusting the divine call.	87:19	"[{""line"": 124, ""strength"": ""medium"", ""tradition"": ""incil"", ""kind"": ""paralel"", ""ref"": ""1 Clement 10:1–7"", ""basis"": ""Abraham's obedience in leaving his homeland"", ""note"": ""Clement recalls Abraham as faithful and obedient when he left his country; this early Christian interpretation turns the patriarch's departure into a model of trusting the divine call."", ""turn"": 2, ""model"": ""luna"", ""connection_id"": ""BC-713908c098aca10892bd""}]"
SBLGNT:1Cor.10.11	strong	incil	motif	old events written as warning for the end | past events written as warning	Paul says Israel's past events happened as examples and were written for admonition in the age's end; this directly matches the commentary's claim that the first pages remain a warning to present rejecters. | Israel's earlier failures become written warnings for later readers, directly matching the commentary's old sheets as active admonition to those who turn away.	87:19	"[{""line"": 88, ""strength"": ""strong"", ""tradition"": ""incil"", ""kind"": ""motif"", ""ref"": ""SBLGNT:1Cor.10.11"", ""basis"": ""old events written as warning for the end"", ""note"": ""Paul says Israel's past events happened as examples and were written for admonition in the age's end; this directly matches the commentary's claim that the first pages remain a warning to present rejecters."", ""turn"": 2, ""model"": ""luna"", ""connection_id"": ""BC-84cbe5d1ef1e2424a4a3""}, {""line"": 57, ""strength"": ""strong"", ""tradition"": ""incil"", ""kind"": ""motif"", ""ref"": ""SBLGNT:1Cor.10.11"", ""basis"": ""past events written as warning"", ""note"": ""Israel's earlier failures become written warnings for later readers, directly matching the commentary's old sheets as active admonition to those who turn away."", ""turn"": 1, ""model"": ""terra"", ""connection_id"": ""BC-1784099fd6e35ec276d7""}]"
SBLGNT:1Cor.3.8	strong	incil	motif	each receives wages for own labor	Paul says each worker receives wages according to that worker's labor; this is a close match for the pages' claim that a person has only what they strive for and receives recompense.	87:19	"[{""line"": 43, ""strength"": ""strong"", ""tradition"": ""incil"", ""kind"": ""motif"", ""ref"": ""SBLGNT:1Cor.3.8"", ""basis"": ""each receives wages for own labor"", ""note"": ""Paul says each worker receives wages according to that worker's labor; this is a close match for the pages' claim that a person has only what they strive for and receives recompense."", ""turn"": 1, ""model"": ""luna"", ""connection_id"": ""BC-5d1d6317c338ac394a5b""}]"
SBLGNT:1John.2.17	strong	incil	motif	world passes, God's will remains | world passes, doer abides forever	John contrasts the passing world and its desire with the one who does God's will abiding forever; this closely matches the commentary's contrast between the transient present and what lasts. | The world and its desire pass away while the one doing God's will remains forever, closely echoing the commentary's worldly preference versus what abides.	87:19	"[{""line"": 41, ""strength"": ""strong"", ""tradition"": ""incil"", ""kind"": ""motif"", ""ref"": ""SBLGNT:1John.2.17"", ""basis"": ""world passes, God's will remains"", ""note"": ""John contrasts the passing world and its desire with the one who does God's will abiding forever; this closely matches the commentary's contrast between the transient present and what lasts."", ""turn"": 1, ""model"": ""luna"", ""connection_id"": ""BC-63ae4f4e0452f336314e""}, {""line"": 99, ""strength"": ""strong"", ""tradition"": ""incil"", ""kind"": ""motif"", ""ref"": ""SBLGNT:1John.2.17"", ""basis"": ""world passes, doer abides forever"", ""note"": ""The world and its desire pass away while the one doing God's will remains forever, closely echoing the commentary's worldly preference versus what abides."", ""turn"": 2, ""model"": ""terra"", ""connection_id"": ""BC-2efac5e7e5450cc3222a""}]"
SBLGNT:1Pet.1.18	medium	incil	motif	futile ancestral ways	Christians are ransomed from futile ancestral conduct, a direct Christian idiom for the commentary's contrast between inherited idolatry and Abraham's corrective old word.	87:19	"[{""line"": 65, ""strength"": ""medium"", ""tradition"": ""incil"", ""kind"": ""motif"", ""ref"": ""SBLGNT:1Pet.1.18"", ""basis"": ""futile ancestral ways"", ""note"": ""Christians are ransomed from futile ancestral conduct, a direct Christian idiom for the commentary's contrast between inherited idolatry and Abraham's corrective old word."", ""turn"": 1, ""model"": ""terra"", ""connection_id"": ""BC-ea9031db6674c7b52ec9""}]"
SBLGNT:1Pet.1.24	strong	incil	motif	flesh is like grass that withers | grass withers	Peter quotes the grass and flower that fade, matching the commentary's pasture that dries and is swept away while the word remains. | Citing Isaiah, the writer likens all flesh and glory to grass that withers, carrying the commentary's pasture-withering image into Christian proclamation.	87:19	"[{""line"": 46, ""strength"": ""strong"", ""tradition"": ""incil"", ""kind"": ""motif"", ""ref"": ""SBLGNT:1Pet.1.24"", ""basis"": ""flesh is like grass that withers"", ""note"": ""Peter quotes the grass and flower that fade, matching the commentary's pasture that dries and is swept away while the word remains."", ""turn"": 1, ""model"": ""luna"", ""connection_id"": ""BC-99a2512f244f9e99cf18""}, {""line"": 50, ""strength"": ""strong"", ""tradition"": ""incil"", ""kind"": ""motif"", ""ref"": ""SBLGNT:1Pet.1.24"", ""basis"": ""grass withers"", ""note"": ""Citing Isaiah, the writer likens all flesh and glory to grass that withers, carrying the commentary's pasture-withering image into Christian proclamation."", ""turn"": 1, ""model"": ""terra"", ""connection_id"": ""BC-e79b8b09740d052be9db""}]"
SBLGNT:1Pet.1.25	strong	incil	motif	the Lord's word remains forever	Peter applies Isaiah's enduring word to the proclaimed gospel; this adds a Christian reading of the old word as surviving through present recitation. | The same quotation says the Lord's word remains forever, pairing durable word with v24's fading grass as the commentary does.	87:19	"[{""line"": 47, ""strength"": ""strong"", ""tradition"": ""incil"", ""kind"": ""motif"", ""ref"": ""SBLGNT:1Pet.1.25"", ""basis"": ""the Lord's word remains forever"", ""note"": ""Peter applies Isaiah's enduring word to the proclaimed gospel; this adds a Christian reading of the old word as surviving through present recitation."", ""turn"": 1, ""model"": ""luna"", ""connection_id"": ""BC-5decdbb556bc5d1e5e07""}, {""line"": 51, ""strength"": ""strong"", ""tradition"": ""incil"", ""kind"": ""motif"", ""ref"": ""SBLGNT:1Pet.1.25"", ""basis"": ""the Lord's word remains forever"", ""note"": ""The same quotation says the Lord's word remains forever, pairing durable word with v24's fading grass as the commentary does."", ""turn"": 1, ""model"": ""terra"", ""connection_id"": ""BC-a0353fe76b9ac957b36a""}]"
SBLGNT:2Cor.3.15	medium	incil	yorum_gelenegi	Moses read, veil on the heart	Paul's claim that a veil lies over hearts when Moses is read is a Christian interpretive warning that reception of written text depends on the reader's heart, parallel to the commentary's page-not-self-sufficient theme.	87:19	"[{""line"": 60, ""strength"": ""medium"", ""tradition"": ""incil"", ""kind"": ""yorum_gelenegi"", ""ref"": ""SBLGNT:2Cor.3.15"", ""basis"": ""Moses read, veil on the heart"", ""note"": ""Paul's claim that a veil lies over hearts when Moses is read is a Christian interpretive warning that reception of written text depends on the reader's heart, parallel to the commentary's page-not-self-sufficient theme."", ""turn"": 1, ""model"": ""terra"", ""connection_id"": ""BC-99601d6d54c7f00a6995""}]"
SBLGNT:2Cor.3.3	strong	incil	motif	writing on hearts rather than stone | stone tablets and human hearts	Paul calls the Corinthians a letter written by the Spirit on human hearts, explicitly contrasting stone tablets and inward inscription; this gives a Christian reading of the commentary's two ways of keeping one word. | Paul contrasts stone tablets with a message written on human hearts, a deliberate Christian reworking of external document and internal retention.	87:19	"[{""line"": 18, ""strength"": ""strong"", ""tradition"": ""incil"", ""kind"": ""motif"", ""ref"": ""SBLGNT:2Cor.3.3"", ""basis"": ""writing on hearts rather than stone"", ""note"": ""Paul calls the Corinthians a letter written by the Spirit on human hearts, explicitly contrasting stone tablets and inward inscription; this gives a Christian reading of the commentary's two ways of keeping one word."", ""turn"": 1, ""model"": ""luna"", ""connection_id"": ""BC-f2a53b0a71f1bea49dae""}, {""line"": 13, ""strength"": ""strong"", ""tradition"": ""incil"", ""kind"": ""motif"", ""ref"": ""SBLGNT:2Cor.3.3"", ""basis"": ""stone tablets and human hearts"", ""note"": ""Paul contrasts stone tablets with a message written on human hearts, a deliberate Christian reworking of external document and internal retention."", ""turn"": 1, ""model"": ""terra"", ""connection_id"": ""BC-6fc90b282d543c071291""}]"
SBLGNT:2Cor.4.18	strong	incil	motif	visible things are temporary, unseen things eternal | visible temporary, unseen eternal	Paul contrasts what is seen and temporary with what is unseen and eternal; it gives a Christian formulation of the commentary's choice between the fading present and lasting hereafter. | Paul contrasts temporary visible things with eternal unseen realities, directly illuminating the commentary's better and more enduring final dwelling.	87:19	"[{""line"": 45, ""strength"": ""strong"", ""tradition"": ""incil"", ""kind"": ""motif"", ""ref"": ""SBLGNT:2Cor.4.18"", ""basis"": ""visible things are temporary, unseen things eternal"", ""note"": ""Paul contrasts what is seen and temporary with what is unseen and eternal; it gives a Christian formulation of the commentary's choice between the fading present and lasting hereafter."", ""turn"": 1, ""model"": ""luna"", ""connection_id"": ""BC-8132f7297f94219a8d73""}, {""line"": 49, ""strength"": ""strong"", ""tradition"": ""incil"", ""kind"": ""motif"", ""ref"": ""SBLGNT:2Cor.4.18"", ""basis"": ""visible temporary, unseen eternal"", ""note"": ""Paul contrasts temporary visible things with eternal unseen realities, directly illuminating the commentary's better and more enduring final dwelling."", ""turn"": 1, ""model"": ""terra"", ""connection_id"": ""BC-84f88d9e087f9911a39e""}]"
SBLGNT:2Cor.5.10	strong	incil	motif	each receives for own deeds	All appear before Christ's judgment seat to receive for personal bodily deeds, a precise Christian analogue to seen effort and recompense.	87:19	"[{""line"": 52, ""strength"": ""strong"", ""tradition"": ""incil"", ""kind"": ""motif"", ""ref"": ""SBLGNT:2Cor.5.10"", ""basis"": ""each receives for own deeds"", ""note"": ""All appear before Christ's judgment seat to receive for personal bodily deeds, a precise Christian analogue to seen effort and recompense."", ""turn"": 1, ""model"": ""terra"", ""connection_id"": ""BC-23b4b5b3910a1a4dcd18""}]"
SBLGNT:2Pet.3.16	medium	incil	motif	twisting written texts	Unlearned readers twist Paul's letters along with other Scriptures, a close Christian warning about distortion in reading written texts.	87:19	"[{""line"": 69, ""strength"": ""medium"", ""tradition"": ""incil"", ""kind"": ""motif"", ""ref"": ""SBLGNT:2Pet.3.16"", ""basis"": ""twisting written texts"", ""note"": ""Unlearned readers twist Paul's letters along with other Scriptures, a close Christian warning about distortion in reading written texts."", ""turn"": 1, ""model"": ""terra"", ""connection_id"": ""BC-ac6d85283dbf2a00612e""}]"
SBLGNT:2Tim.2.25	strong	incil	motif	opponents corrected gently toward repentance	Paul instructs a servant of the Lord to correct opponents with gentleness in hope that God grants repentance; this Christian counsel is a specific ethical counterpart to Moses being told to address Pharaoh softly.	87:19	"[{""line"": 108, ""strength"": ""strong"", ""tradition"": ""incil"", ""kind"": ""motif"", ""ref"": ""SBLGNT:2Tim.2.25"", ""basis"": ""opponents corrected gently toward repentance"", ""note"": ""Paul instructs a servant of the Lord to correct opponents with gentleness in hope that God grants repentance; this Christian counsel is a specific ethical counterpart to Moses being told to address Pharaoh softly."", ""turn"": 2, ""model"": ""luna"", ""connection_id"": ""BC-02732c85b7f27cbfd660""}]"
SBLGNT:Acts.14.15	strong	incil	motif	turn from vain things to Creator	Paul calls idol-worshipping Lystrans away from vain things to the Creator of heaven, earth, and sea, matching the commentary's Abrahamic Creator-versus-idols argument.	87:19	"[{""line"": 61, ""strength"": ""strong"", ""tradition"": ""incil"", ""kind"": ""motif"", ""ref"": ""SBLGNT:Acts.14.15"", ""basis"": ""turn from vain things to Creator"", ""note"": ""Paul calls idol-worshipping Lystrans away from vain things to the Creator of heaven, earth, and sea, matching the commentary's Abrahamic Creator-versus-idols argument."", ""turn"": 1, ""model"": ""terra"", ""connection_id"": ""BC-c7968f37b37e5a06e006""}]"
SBLGNT:Acts.14.17	strong	incil	motif	rain, crops, food from Creator	The Creator gives rain, fruitful seasons, and food, a Christian apostolic counterpart to the commentary's Moses creator-rain-pasture line.	87:19	"[{""line"": 62, ""strength"": ""strong"", ""tradition"": ""incil"", ""kind"": ""motif"", ""ref"": ""SBLGNT:Acts.14.17"", ""basis"": ""rain, crops, food from Creator"", ""note"": ""The Creator gives rain, fruitful seasons, and food, a Christian apostolic counterpart to the commentary's Moses creator-rain-pasture line."", ""turn"": 1, ""model"": ""terra"", ""connection_id"": ""BC-3fde9ebf5304d051fe3c""}]"
SBLGNT:Acts.7.2	strong	incil	paralel	Abraham called from Mesopotamia	Stephen retells Abraham's call as occurring in Mesopotamia before he settled in Haran; the Christian retelling emphasizes that the patriarch's path begins by leaving his natal setting.	87:19	"[{""line"": 29, ""strength"": ""strong"", ""tradition"": ""incil"", ""kind"": ""paralel"", ""ref"": ""SBLGNT:Acts.7.2"", ""basis"": ""Abraham called from Mesopotamia"", ""note"": ""Stephen retells Abraham's call as occurring in Mesopotamia before he settled in Haran; the Christian retelling emphasizes that the patriarch's path begins by leaving his natal setting."", ""turn"": 1, ""model"": ""luna"", ""connection_id"": ""BC-2c815a7719156e23ed04""}]"
SBLGNT:Acts.7.38	strong	incil	motif	Moses receives living oracles	Stephen says Moses received living oracles to give the people, a Christian summary of Mosaic revelation as transmitted life-bearing speech.	87:19	"[{""line"": 58, ""strength"": ""strong"", ""tradition"": ""incil"", ""kind"": ""motif"", ""ref"": ""SBLGNT:Acts.7.38"", ""basis"": ""Moses receives living oracles"", ""note"": ""Stephen says Moses received living oracles to give the people, a Christian summary of Mosaic revelation as transmitted life-bearing speech."", ""turn"": 1, ""model"": ""terra"", ""connection_id"": ""BC-8cbe062c545437254c99""}]"
SBLGNT:Acts.7.39	strong	incil	karsi_anlati	ancestors reject Moses and turn back to Egypt	Stephen says the ancestors refused Moses and turned back in their hearts toward Egypt; this gives a scriptural counterexample to relying on ancestors when their path rejects the messenger.	87:19	"[{""line"": 106, ""strength"": ""strong"", ""tradition"": ""incil"", ""kind"": ""karsi_anlati"", ""ref"": ""SBLGNT:Acts.7.39"", ""basis"": ""ancestors reject Moses and turn back to Egypt"", ""note"": ""Stephen says the ancestors refused Moses and turned back in their hearts toward Egypt; this gives a scriptural counterexample to relying on ancestors when their path rejects the messenger."", ""turn"": 2, ""model"": ""luna"", ""connection_id"": ""BC-92adca1599b9ffc71c2e""}]"
SBLGNT:Acts.8.31	strong	incil	motif	reader needs a guide	The reader of Isaiah says that understanding requires a guide; this is a concrete Christian analogue to the commentary's warning that visible letters need taught interpretation.	87:19	"[{""line"": 12, ""strength"": ""strong"", ""tradition"": ""incil"", ""kind"": ""motif"", ""ref"": ""SBLGNT:Acts.8.31"", ""basis"": ""reader needs a guide"", ""note"": ""The reader of Isaiah says that understanding requires a guide; this is a concrete Christian analogue to the commentary's warning that visible letters need taught interpretation."", ""turn"": 1, ""model"": ""terra"", ""connection_id"": ""BC-b82afbee96db3fdff545""}]"
SBLGNT:Gal.3.8	strong	incil	yorum_gelenegi	Scripture announces good news beforehand to Abraham | Scripture's message preached beforehand to Abraham	Paul says Scripture foresaw the nations being justified and announced the good news beforehand to Abraham; this interprets the patriarch's earlier witness as carrying a message for later peoples. | Paul says Scripture proclaimed its good news beforehand to Abraham, a Christian way of locating later saving teaching already in an Abrahamic scriptural word.	87:19	"[{""line"": 102, ""strength"": ""strong"", ""tradition"": ""incil"", ""kind"": ""yorum_gelenegi"", ""ref"": ""SBLGNT:Gal.3.8"", ""basis"": ""Scripture announces good news beforehand to Abraham"", ""note"": ""Paul says Scripture foresaw the nations being justified and announced the good news beforehand to Abraham; this interprets the patriarch's earlier witness as carrying a message for later peoples."", ""turn"": 2, ""model"": ""luna"", ""connection_id"": ""BC-a359548d4cfaca91c622""}, {""line"": 97, ""strength"": ""medium"", ""tradition"": ""incil"", ""kind"": ""yorum_gelenegi"", ""ref"": ""SBLGNT:Gal.3.8"", ""basis"": ""Scripture's message preached beforehand to Abraham"", ""note"": ""Paul says Scripture proclaimed its good news beforehand to Abraham, a Christian way of locating later saving teaching already in an Abrahamic scriptural word."", ""turn"": 2, ""model"": ""terra"", ""connection_id"": ""BC-134df8649872a3002fb5""}]"
SBLGNT:Gal.6.5	strong	incil	motif	each bears their own load | each bears own load	Paul says each will carry their own load, a concise Christian counterpart to the commentary's first rule that no bearer takes another's burden. | Each bears an individual load in Paul's responsibility argument, a concise Christian analogue to no one carrying another's moral burden.	87:19	"[{""line"": 44, ""strength"": ""strong"", ""tradition"": ""incil"", ""kind"": ""motif"", ""ref"": ""SBLGNT:Gal.6.5"", ""basis"": ""each bears their own load"", ""note"": ""Paul says each will carry their own load, a concise Christian counterpart to the commentary's first rule that no bearer takes another's burden."", ""turn"": 1, ""model"": ""luna"", ""connection_id"": ""BC-245367c23066142f2075""}, {""line"": 55, ""strength"": ""strong"", ""tradition"": ""incil"", ""kind"": ""motif"", ""ref"": ""SBLGNT:Gal.6.5"", ""basis"": ""each bears own load"", ""note"": ""Each bears an individual load in Paul's responsibility argument, a concise Christian analogue to no one carrying another's moral burden."", ""turn"": 1, ""model"": ""terra"", ""connection_id"": ""BC-e4cf5efc83e01dead564""}]"
SBLGNT:Heb.1.1	medium	incil	motif	God spoke to ancestors through prophets	Hebrews describes the one God speaking to the ancestors through prophets in many portions and ways; this supports reading the named earlier pages as distinct witnesses within a continuous message.	87:19	"[{""line"": 75, ""strength"": ""medium"", ""tradition"": ""incil"", ""kind"": ""motif"", ""ref"": ""SBLGNT:Heb.1.1"", ""basis"": ""God spoke to ancestors through prophets"", ""note"": ""Hebrews describes the one God speaking to the ancestors through prophets in many portions and ways; this supports reading the named earlier pages as distinct witnesses within a continuous message."", ""turn"": 1, ""model"": ""luna"", ""connection_id"": ""BC-bf861668f03adef491d3""}]"
SBLGNT:Heb.11.10	medium	incil	yorum_gelenegi	Abraham seeks an enduring city	Hebrews interprets Abraham's pilgrimage as seeking a city made by God, a Christian extension of the commentary's Abrahamic preference for a better, lasting future.	87:19	"[{""line"": 63, ""strength"": ""medium"", ""tradition"": ""incil"", ""kind"": ""yorum_gelenegi"", ""ref"": ""SBLGNT:Heb.11.10"", ""basis"": ""Abraham seeks an enduring city"", ""note"": ""Hebrews interprets Abraham's pilgrimage as seeking a city made by God, a Christian extension of the commentary's Abrahamic preference for a better, lasting future."", ""turn"": 1, ""model"": ""terra"", ""connection_id"": ""BC-e3942a787ca4a871438c""}]"
SBLGNT:Heb.11.24	strong	incil	paralel	Moses refuses Pharaoh's household identity	Hebrews says Moses refused to be called Pharaoh's daughter's son; this adds a specific act of rejecting the status of Pharaoh's house to the commentary's contrast between false lordship and allegiance to God.	87:19	"[{""line"": 96, ""strength"": ""strong"", ""tradition"": ""incil"", ""kind"": ""paralel"", ""ref"": ""SBLGNT:Heb.11.24"", ""basis"": ""Moses refuses Pharaoh's household identity"", ""note"": ""Hebrews says Moses refused to be called Pharaoh's daughter's son; this adds a specific act of rejecting the status of Pharaoh's house to the commentary's contrast between false lordship and allegiance to God."", ""turn"": 2, ""model"": ""luna"", ""connection_id"": ""BC-bfba21ef0c608b3f9794""}]"
SBLGNT:Heb.11.25	strong	incil	motif	Moses chooses affliction over passing pleasure	Hebrews says Moses chose mistreatment with God's people rather than temporary enjoyment in Pharaoh's house; it concretely parallels the commentary's preference for the lasting afterlife over worldly life.	87:19	"[{""line"": 38, ""strength"": ""strong"", ""tradition"": ""incil"", ""kind"": ""motif"", ""ref"": ""SBLGNT:Heb.11.25"", ""basis"": ""Moses chooses affliction over passing pleasure"", ""note"": ""Hebrews says Moses chose mistreatment with God's people rather than temporary enjoyment in Pharaoh's house; it concretely parallels the commentary's preference for the lasting afterlife over worldly life."", ""turn"": 1, ""model"": ""luna"", ""connection_id"": ""BC-bdf41cc2c3fdeac63f28""}]"
SBLGNT:Heb.11.26	strong	incil	motif	Moses values future reward above Egypt's riches	Hebrews says Moses counted reproach greater wealth than Egypt's treasures because he looked to the reward; this interprets the same choice of lasting good over present advantage that the commentary sees in Moses' magicians.	87:19	"[{""line"": 39, ""strength"": ""strong"", ""tradition"": ""incil"", ""kind"": ""motif"", ""ref"": ""SBLGNT:Heb.11.26"", ""basis"": ""Moses values future reward above Egypt's riches"", ""note"": ""Hebrews says Moses counted reproach greater wealth than Egypt's treasures because he looked to the reward; this interprets the same choice of lasting good over present advantage that the commentary sees in Moses' magicians."", ""turn"": 1, ""model"": ""luna"", ""connection_id"": ""BC-bcf6a6a83159063532d1""}]"
SBLGNT:Heb.11.27	strong	incil	motif	Moses leaves without fearing the king	Hebrews says Moses left Egypt by faith without fearing the king's anger; this complements the commentary's link between fear, guidance, and the choice to obey God's warning.	87:19	"[{""line"": 97, ""strength"": ""strong"", ""tradition"": ""incil"", ""kind"": ""motif"", ""ref"": ""SBLGNT:Heb.11.27"", ""basis"": ""Moses leaves without fearing the king"", ""note"": ""Hebrews says Moses left Egypt by faith without fearing the king's anger; this complements the commentary's link between fear, guidance, and the choice to obey God's warning."", ""turn"": 2, ""model"": ""luna"", ""connection_id"": ""BC-f161a5de21c96e93ecfa""}]"
SBLGNT:Heb.11.8	strong	incil	paralel	Abraham departs by faith	Hebrews says Abraham obeyed the call and went out without knowing his destination; its interpretation makes the departure from inherited security an act of trust in God's guidance.	87:19	"[{""line"": 30, ""strength"": ""strong"", ""tradition"": ""incil"", ""kind"": ""paralel"", ""ref"": ""SBLGNT:Heb.11.8"", ""basis"": ""Abraham departs by faith"", ""note"": ""Hebrews says Abraham obeyed the call and went out without knowing his destination; its interpretation makes the departure from inherited security an act of trust in God's guidance."", ""turn"": 1, ""model"": ""luna"", ""connection_id"": ""BC-418588edaae92f0dd4a5""}]"
SBLGNT:Heb.8.10	strong	incil	yorum_gelenegi	law written in minds and hearts	Hebrews applies Jeremiah's new-covenant promise of law written inwardly; it interprets Moses' external written instruction through the inward preservation that the commentary sets beside pages.	87:19	"[{""line"": 19, ""strength"": ""strong"", ""tradition"": ""incil"", ""kind"": ""yorum_gelenegi"", ""ref"": ""SBLGNT:Heb.8.10"", ""basis"": ""law written in minds and hearts"", ""note"": ""Hebrews applies Jeremiah's new-covenant promise of law written inwardly; it interprets Moses' external written instruction through the inward preservation that the commentary sets beside pages."", ""turn"": 1, ""model"": ""luna"", ""connection_id"": ""BC-6974dedbf98c56c9a4de""}]"
SBLGNT:Jas.2.21	strong	incil	paralel	Abraham's offering of Isaac as an act of faith	James recalls Abraham offering Isaac and says the patriarch was justified by works; this connects the commentary's Abraham as one who fulfilled with a concrete Christian account of faithful action.	87:19	"[{""line"": 104, ""strength"": ""strong"", ""tradition"": ""incil"", ""kind"": ""paralel"", ""ref"": ""SBLGNT:Jas.2.21"", ""basis"": ""Abraham's offering of Isaac as an act of faith"", ""note"": ""James recalls Abraham offering Isaac and says the patriarch was justified by works; this connects the commentary's Abraham as one who fulfilled with a concrete Christian account of faithful action."", ""raw_ref"": ""SBLGNT:James.2.21"", ""reference_resolution"": ""edition-book-names-v2"", ""turn"": 2, ""model"": ""luna"", ""connection_id"": ""BC-988109b51e1278270624""}]"
SBLGNT:Jas.2.22	strong	incil	yorum_gelenegi	faith completed through works	James says Abraham's faith worked with his deeds and was brought to completion by them; beside Paul's reading of Abraham's trust, it preserves a second Christian interpretation of his faithfulness.	87:19	"[{""line"": 105, ""strength"": ""strong"", ""tradition"": ""incil"", ""kind"": ""yorum_gelenegi"", ""ref"": ""SBLGNT:Jas.2.22"", ""basis"": ""faith completed through works"", ""note"": ""James says Abraham's faith worked with his deeds and was brought to completion by them; beside Paul's reading of Abraham's trust, it preserves a second Christian interpretation of his faithfulness."", ""raw_ref"": ""SBLGNT:James.2.22"", ""reference_resolution"": ""edition-book-names-v2"", ""turn"": 2, ""model"": ""luna"", ""connection_id"": ""BC-48b5848078d8b647219f""}]"
SBLGNT:John.5.29	strong	incil	motif	resurrection to life or judgment | resurrection of life or judgment	Jesus distinguishes resurrection of life from resurrection of judgment; it gives a specific Christian statement of the two outcomes that the commentary locates in the old pages. | Those in tombs emerge for resurrection of life or judgment according to their deeds, closely mapping the commentary's life-death and final-recompense horizon.	87:19	"[{""line"": 98, ""strength"": ""strong"", ""tradition"": ""incil"", ""kind"": ""motif"", ""ref"": ""SBLGNT:John.5.29"", ""basis"": ""resurrection to life or judgment"", ""note"": ""Jesus distinguishes resurrection of life from resurrection of judgment; it gives a specific Christian statement of the two outcomes that the commentary locates in the old pages."", ""turn"": 2, ""model"": ""luna"", ""connection_id"": ""BC-450e79d0663f464a25ad""}, {""line"": 54, ""strength"": ""strong"", ""tradition"": ""incil"", ""kind"": ""motif"", ""ref"": ""SBLGNT:John.5.29"", ""basis"": ""resurrection of life or judgment"", ""note"": ""Those in tombs emerge for resurrection of life or judgment according to their deeds, closely mapping the commentary's life-death and final-recompense horizon."", ""turn"": 1, ""model"": ""terra"", ""connection_id"": ""BC-4cf586c7a4882aef5c3a""}]"
SBLGNT:John.5.39	strong	incil	motif	Scriptures testify about the messenger	Jesus says the Scriptures bear witness to him; this expands the nearby claim that Moses wrote about him and parallels the commentary's pages testifying to a warning delivered anew.	87:19	"[{""line"": 93, ""strength"": ""strong"", ""tradition"": ""incil"", ""kind"": ""motif"", ""ref"": ""SBLGNT:John.5.39"", ""basis"": ""Scriptures testify about the messenger"", ""note"": ""Jesus says the Scriptures bear witness to him; this expands the nearby claim that Moses wrote about him and parallels the commentary's pages testifying to a warning delivered anew."", ""turn"": 2, ""model"": ""luna"", ""connection_id"": ""BC-54de60ffaee7f150d784""}]"
SBLGNT:John.5.46	strong	incil	motif	Moses wrote about Jesus	Jesus says Moses wrote about him; this Christian reading makes Moses' written testimony a witness to a later messenger, like the commentary's old pages bearing a warning read anew.	87:19	"[{""line"": 35, ""strength"": ""strong"", ""tradition"": ""incil"", ""kind"": ""motif"", ""ref"": ""SBLGNT:John.5.46"", ""basis"": ""Moses wrote about Jesus"", ""note"": ""Jesus says Moses wrote about him; this Christian reading makes Moses' written testimony a witness to a later messenger, like the commentary's old pages bearing a warning read anew."", ""turn"": 1, ""model"": ""luna"", ""connection_id"": ""BC-2b445d86d1d8aaf5e2e2""}]"
SBLGNT:John.5.47	strong	incil	motif|yorum_gelenegi	failure to believe Moses' writings | Moses' writings and words	Jesus asks how hearers will believe his words if they do not believe Moses' writings; the verse directly stages the commentary's contrast between written warning and refusal to hear it. | Jesus' argument turns on believing Moses' writings and words; this Christian reading makes written Mosaic testimony a criterion for receiving later proclamation.	87:19	"[{""line"": 36, ""strength"": ""strong"", ""tradition"": ""incil"", ""kind"": ""motif"", ""ref"": ""SBLGNT:John.5.47"", ""basis"": ""failure to believe Moses' writings"", ""note"": ""Jesus asks how hearers will believe his words if they do not believe Moses' writings; the verse directly stages the commentary's contrast between written warning and refusal to hear it."", ""turn"": 1, ""model"": ""luna"", ""connection_id"": ""BC-fcc3d90c3e6d451f58f3""}, {""line"": 59, ""strength"": ""strong"", ""tradition"": ""incil"", ""kind"": ""yorum_gelenegi"", ""ref"": ""SBLGNT:John.5.47"", ""basis"": ""Moses' writings and words"", ""note"": ""Jesus' argument turns on believing Moses' writings and words; this Christian reading makes written Mosaic testimony a criterion for receiving later proclamation."", ""turn"": 1, ""model"": ""terra"", ""connection_id"": ""BC-ed6bc9daee964ae81cce""}]"
SBLGNT:John.8.39	strong	incil	motif	Abraham's children must do Abraham's works	Jesus answers a claim of descent by requiring Abraham's works; it sharpens the commentary's contrast between honoring the ancient patriarch and simply repeating ancestral custom.	87:19	"[{""line"": 32, ""strength"": ""strong"", ""tradition"": ""incil"", ""kind"": ""motif"", ""ref"": ""SBLGNT:John.8.39"", ""basis"": ""Abraham's children must do Abraham's works"", ""note"": ""Jesus answers a claim of descent by requiring Abraham's works; it sharpens the commentary's contrast between honoring the ancient patriarch and simply repeating ancestral custom."", ""turn"": 1, ""model"": ""luna"", ""connection_id"": ""BC-b2d4cc7c23b3415044ac""}]"
SBLGNT:John.8.40	strong	incil	karsi_anlati	claiming Abraham while opposing Abraham's way	Jesus says his hearers seek to kill him although he told them truth from God, unlike Abraham; this develops the commentary's distinction between naming the patriarch and following his conduct.	87:19	"[{""line"": 107, ""strength"": ""strong"", ""tradition"": ""incil"", ""kind"": ""karsi_anlati"", ""ref"": ""SBLGNT:John.8.40"", ""basis"": ""claiming Abraham while opposing Abraham's way"", ""note"": ""Jesus says his hearers seek to kill him although he told them truth from God, unlike Abraham; this develops the commentary's distinction between naming the patriarch and following his conduct."", ""turn"": 2, ""model"": ""luna"", ""connection_id"": ""BC-aaffb812fe5757e05382""}]"
SBLGNT:John.8.56	medium	incil	motif	Abraham rejoices to see Jesus' day	Jesus says Abraham rejoiced to see his day; this is a distinct Christian interpretation of Abraham as one whose earlier story reaches toward a later messenger.	87:19	"[{""line"": 117, ""strength"": ""medium"", ""tradition"": ""incil"", ""kind"": ""motif"", ""ref"": ""SBLGNT:John.8.56"", ""basis"": ""Abraham rejoices to see Jesus' day"", ""note"": ""Jesus says Abraham rejoiced to see his day; this is a distinct Christian interpretation of Abraham as one whose earlier story reaches toward a later messenger."", ""turn"": 2, ""model"": ""luna"", ""connection_id"": ""BC-1b1b5bb2a2c092651738""}]"
SBLGNT:Luke.16.25	strong	incil	motif	earthly comfort reversed after death	Abraham tells the rich man that he received good things in life while Lazarus suffered, but now their conditions are reversed; this is a close parable counterpart to preferring the lasting afterlife over worldly life.	87:19	"[{""line"": 90, ""strength"": ""strong"", ""tradition"": ""incil"", ""kind"": ""motif"", ""ref"": ""SBLGNT:Luke.16.25"", ""basis"": ""earthly comfort reversed after death"", ""note"": ""Abraham tells the rich man that he received good things in life while Lazarus suffered, but now their conditions are reversed; this is a close parable counterpart to preferring the lasting afterlife over worldly life."", ""turn"": 2, ""model"": ""luna"", ""connection_id"": ""BC-20c2e23d9743fdaaa277""}]"
SBLGNT:Luke.16.26	strong	incil	motif	fixed chasm after judgment	Abraham says a great chasm prevents crossing between the two conditions; this adds the finality of the commentary's divided destinies after the present choice.	87:19	"[{""line"": 91, ""strength"": ""strong"", ""tradition"": ""incil"", ""kind"": ""motif"", ""ref"": ""SBLGNT:Luke.16.26"", ""basis"": ""fixed chasm after judgment"", ""note"": ""Abraham says a great chasm prevents crossing between the two conditions; this adds the finality of the commentary's divided destinies after the present choice."", ""turn"": 2, ""model"": ""luna"", ""connection_id"": ""BC-4dc3658235d68c89cc0a""}]"
SBLGNT:Luke.16.29	strong	incil	motif	Moses and the prophets are to be heard	In the parable Abraham says the brothers have Moses and the prophets and should listen to them; the old written testimony is presented as sufficient warning to people who turn away.	87:19	"[{""line"": 33, ""strength"": ""strong"", ""tradition"": ""incil"", ""kind"": ""motif"", ""ref"": ""SBLGNT:Luke.16.29"", ""basis"": ""Moses and the prophets are to be heard"", ""note"": ""In the parable Abraham says the brothers have Moses and the prophets and should listen to them; the old written testimony is presented as sufficient warning to people who turn away."", ""turn"": 1, ""model"": ""luna"", ""connection_id"": ""BC-4a75637da0efe21961cc""}]"
SBLGNT:Luke.16.31	strong	incil	motif	a risen messenger cannot force belief	Abraham says those who refuse Moses and the prophets will not be persuaded even by someone rising from the dead; this intensifies the commentary's claim that the old pages already confront the rejecter.	87:19	"[{""line"": 34, ""strength"": ""strong"", ""tradition"": ""incil"", ""kind"": ""motif"", ""ref"": ""SBLGNT:Luke.16.31"", ""basis"": ""a risen messenger cannot force belief"", ""note"": ""Abraham says those who refuse Moses and the prophets will not be persuaded even by someone rising from the dead; this intensifies the commentary's claim that the old pages already confront the rejecter."", ""turn"": 1, ""model"": ""luna"", ""connection_id"": ""BC-33c61766201097e2112f""}]"
SBLGNT:Luke.24.27	strong	incil	yorum_gelenegi	Moses and prophets interpreted as pointing forward	The risen Jesus interprets Moses and all the prophets from the Scriptures concerning himself; this is a Christian reading of earlier writings as a unified witness to a later message.	87:19	"[{""line"": 94, ""strength"": ""strong"", ""tradition"": ""incil"", ""kind"": ""yorum_gelenegi"", ""ref"": ""SBLGNT:Luke.24.27"", ""basis"": ""Moses and prophets interpreted as pointing forward"", ""note"": ""The risen Jesus interprets Moses and all the prophets from the Scriptures concerning himself; this is a Christian reading of earlier writings as a unified witness to a later message."", ""turn"": 2, ""model"": ""luna"", ""connection_id"": ""BC-7c7eccfcf1e96765de9a""}]"
SBLGNT:Luke.24.44	strong	incil	yorum_gelenegi	Moses, prophets, and psalms fulfilled together	Jesus names the Law of Moses, Prophets, and Psalms as writings that must be fulfilled; this supplies a distinct Christian account of separate earlier texts converging in one message.	87:19	"[{""line"": 95, ""strength"": ""strong"", ""tradition"": ""incil"", ""kind"": ""yorum_gelenegi"", ""ref"": ""SBLGNT:Luke.24.44"", ""basis"": ""Moses, prophets, and psalms fulfilled together"", ""note"": ""Jesus names the Law of Moses, Prophets, and Psalms as writings that must be fulfilled; this supplies a distinct Christian account of separate earlier texts converging in one message."", ""turn"": 2, ""model"": ""luna"", ""connection_id"": ""BC-d8101e6483bd10c113ea""}]"
SBLGNT:Luke.4.17	strong	incil	motif	Jesus reads an opened scroll	Jesus receives and opens Isaiah's scroll in the synagogue; the scene gives a concrete Christian instance of a messenger voicing an old written page to a present audience.	87:19	"[{""line"": 37, ""strength"": ""strong"", ""tradition"": ""incil"", ""kind"": ""motif"", ""ref"": ""SBLGNT:Luke.4.17"", ""basis"": ""Jesus reads an opened scroll"", ""note"": ""Jesus receives and opens Isaiah's scroll in the synagogue; the scene gives a concrete Christian instance of a messenger voicing an old written page to a present audience."", ""turn"": 1, ""model"": ""luna"", ""connection_id"": ""BC-8e4f39ae7853398c2b61""}]"
SBLGNT:Luke.4.21	medium	incil	yorum_gelenegi	old writing announced as fulfilled now	After reading Isaiah, Jesus says the scripture is fulfilled in the hearers' hearing; this Christian interpretation shows how an old page can be presented as a current warning or promise.	87:19	"[{""line"": 62, ""strength"": ""medium"", ""tradition"": ""incil"", ""kind"": ""yorum_gelenegi"", ""ref"": ""SBLGNT:Luke.4.21"", ""basis"": ""old writing announced as fulfilled now"", ""note"": ""After reading Isaiah, Jesus says the scripture is fulfilled in the hearers' hearing; this Christian interpretation shows how an old page can be presented as a current warning or promise."", ""turn"": 1, ""model"": ""luna"", ""connection_id"": ""BC-3fed21381770d629c732""}]"
SBLGNT:Mark.9.48	strong	incil	motif	Isaiah's unquenched fire as warning | worm never dies, fire unquenched	Mark applies Isaiah's undying worm and unquenched fire to Gehenna; Isaiah speaks of corpses and worms, while Mark makes the image an eschatological warning, a useful contrast to the Qur'anic person who neither dies nor lives. | Jesus adopts Isaiah's unending-worm and unquenched-fire image, a Christian analogue to permanent punishment but not the exact neither-dies-nor-lives wording.	87:19	"[{""line"": 48, ""strength"": ""strong"", ""tradition"": ""incil"", ""kind"": ""motif"", ""ref"": ""SBLGNT:Mark.9.48"", ""basis"": ""Isaiah's unquenched fire as warning"", ""note"": ""Mark applies Isaiah's undying worm and unquenched fire to Gehenna; Isaiah speaks of corpses and worms, while Mark makes the image an eschatological warning, a useful contrast to the Qur'anic person who neither dies nor lives."", ""turn"": 1, ""model"": ""luna"", ""connection_id"": ""BC-891762f1911ae3c700a7""}, {""line"": 72, ""strength"": ""medium"", ""tradition"": ""incil"", ""kind"": ""motif"", ""ref"": ""SBLGNT:Mark.9.48"", ""basis"": ""worm never dies, fire unquenched"", ""note"": ""Jesus adopts Isaiah's unending-worm and unquenched-fire image, a Christian analogue to permanent punishment but not the exact neither-dies-nor-lives wording."", ""turn"": 1, ""model"": ""terra"", ""connection_id"": ""BC-1511caaf52f564c53712""}]"
SBLGNT:Matt.22.32	strong	incil	yorum_gelenegi	Mosaic divine name read as resurrection proof	Jesus reads God's self-identification to Moses as proof that God is of the living, making a Mosaic text evidence for the resurrection taught in the former sheets.	87:19	"[{""line"": 96, ""strength"": ""strong"", ""tradition"": ""incil"", ""kind"": ""yorum_gelenegi"", ""ref"": ""SBLGNT:Matt.22.32"", ""basis"": ""Mosaic divine name read as resurrection proof"", ""note"": ""Jesus reads God's self-identification to Moses as proof that God is of the living, making a Mosaic text evidence for the resurrection taught in the former sheets."", ""turn"": 2, ""model"": ""terra"", ""connection_id"": ""BC-0571e95da40d31780502""}]"
SBLGNT:Matt.24.35	strong	incil	motif	words do not pass away	Jesus declares that heaven and earth pass away but his words do not, a sharply stated Christian counterpart to the commentary's contrast between perishing creation and enduring speech.	87:19	"[{""line"": 98, ""strength"": ""strong"", ""tradition"": ""incil"", ""kind"": ""motif"", ""ref"": ""SBLGNT:Matt.24.35"", ""basis"": ""words do not pass away"", ""note"": ""Jesus declares that heaven and earth pass away but his words do not, a sharply stated Christian counterpart to the commentary's contrast between perishing creation and enduring speech."", ""turn"": 2, ""model"": ""terra"", ""connection_id"": ""BC-04414e56beacd45e9402""}]"
SBLGNT:Matt.25.46	strong	incil	motif	two final outcomes, punishment and life | eternal punishment and eternal life	Jesus ends the judgment scene with eternal punishment for one group and eternal life for the other; this closely matches the commentary's contrast between the rejecter and the successful person. | The final judgment separates people into eternal punishment and eternal life, a concise Christian analogue to the commentary's opposed enduring outcomes.	87:19	"[{""line"": 92, ""strength"": ""strong"", ""tradition"": ""incil"", ""kind"": ""motif"", ""ref"": ""SBLGNT:Matt.25.46"", ""basis"": ""two final outcomes, punishment and life"", ""note"": ""Jesus ends the judgment scene with eternal punishment for one group and eternal life for the other; this closely matches the commentary's contrast between the rejecter and the successful person."", ""turn"": 2, ""model"": ""luna"", ""connection_id"": ""BC-b462368168d5b8891958""}, {""line"": 100, ""strength"": ""strong"", ""tradition"": ""incil"", ""kind"": ""motif"", ""ref"": ""SBLGNT:Matt.25.46"", ""basis"": ""eternal punishment and eternal life"", ""note"": ""The final judgment separates people into eternal punishment and eternal life, a concise Christian analogue to the commentary's opposed enduring outcomes."", ""turn"": 2, ""model"": ""terra"", ""connection_id"": ""BC-244aedb2a87a320975ee""}]"
SBLGNT:Matt.3.9	strong	incil	motif	ancestry does not guarantee Abraham's way	John the Baptist rejects reliance on having Abraham as father and says God can raise children from stones; this directly supports the commentary's claim that old ancestry alone is no measure of truth.	87:19	"[{""line"": 31, ""strength"": ""strong"", ""tradition"": ""incil"", ""kind"": ""motif"", ""ref"": ""SBLGNT:Matt.3.9"", ""basis"": ""ancestry does not guarantee Abraham's way"", ""note"": ""John the Baptist rejects reliance on having Abraham as father and says God can raise children from stones; this directly supports the commentary's claim that old ancestry alone is no measure of truth."", ""turn"": 1, ""model"": ""luna"", ""connection_id"": ""BC-8863f10865b6a3434491""}]"
SBLGNT:Matt.6.20	strong	incil	motif	treasure stored in heaven | treasure in heaven	Jesus tells hearers to store treasure in heaven where decay and theft cannot destroy it; this gives a direct ethical counterpart to preferring the more enduring hereafter over worldly life. | Jesus orders treasure stored in heaven, a concrete ethical analogue to S87:16–18's refusal to prefer fleeting worldly possession to an abiding future.	87:19	"[{""line"": 40, ""strength"": ""strong"", ""tradition"": ""incil"", ""kind"": ""motif"", ""ref"": ""SBLGNT:Matt.6.20"", ""basis"": ""treasure stored in heaven"", ""note"": ""Jesus tells hearers to store treasure in heaven where decay and theft cannot destroy it; this gives a direct ethical counterpart to preferring the more enduring hereafter over worldly life."", ""turn"": 1, ""model"": ""luna"", ""connection_id"": ""BC-7ad587d1830da5d58e4a""}, {""line"": 48, ""strength"": ""strong"", ""tradition"": ""incil"", ""kind"": ""motif"", ""ref"": ""SBLGNT:Matt.6.20"", ""basis"": ""treasure in heaven"", ""note"": ""Jesus orders treasure stored in heaven, a concrete ethical analogue to S87:16–18's refusal to prefer fleeting worldly possession to an abiding future."", ""turn"": 1, ""model"": ""terra"", ""connection_id"": ""BC-51570186b3b10e9d4410""}]"
SBLGNT:Matt.6.9	medium	incil	motif	hallowing the divine name in prayer	The model prayer begins by hallowing God's name; its named address and prayer echo the commentary's conjunction of remembering the Lord's name and praying.	87:19	"[{""line"": 66, ""strength"": ""medium"", ""tradition"": ""incil"", ""kind"": ""motif"", ""ref"": ""SBLGNT:Matt.6.9"", ""basis"": ""hallowing the divine name in prayer"", ""note"": ""The model prayer begins by hallowing God's name; its named address and prayer echo the commentary's conjunction of remembering the Lord's name and praying."", ""turn"": 1, ""model"": ""terra"", ""connection_id"": ""BC-b7de860ff68fe5253d25""}]"
SBLGNT:Rev.10.9	strong	incil	motif	scroll eaten, sweet in the mouth and bitter within	John eats the little scroll and experiences its divided taste; with Ezekiel's eaten scroll, this adds a Christian apocalyptic image of written revelation becoming inward speech and burden.	87:19	"[{""line"": 100, ""strength"": ""strong"", ""tradition"": ""incil"", ""kind"": ""motif"", ""ref"": ""SBLGNT:Rev.10.9"", ""basis"": ""scroll eaten, sweet in the mouth and bitter within"", ""note"": ""John eats the little scroll and experiences its divided taste; with Ezekiel's eaten scroll, this adds a Christian apocalyptic image of written revelation becoming inward speech and burden."", ""turn"": 2, ""model"": ""luna"", ""connection_id"": ""BC-e826e01044f7be986814""}]"
SBLGNT:Rev.14.13	strong	incil	motif	deeds follow the dead	The heavenly voice says the dead are blessed and their deeds follow them; this gives a precise Christian counterpart to the pages' claim that each person's effort is seen and carried into recompense.	87:19	"[{""line"": 101, ""strength"": ""strong"", ""tradition"": ""incil"", ""kind"": ""motif"", ""ref"": ""SBLGNT:Rev.14.13"", ""basis"": ""deeds follow the dead"", ""note"": ""The heavenly voice says the dead are blessed and their deeds follow them; this gives a precise Christian counterpart to the pages' claim that each person's effort is seen and carried into recompense."", ""turn"": 2, ""model"": ""luna"", ""connection_id"": ""BC-8961172941f89be2cf24""}]"
SBLGNT:Rev.20.12	strong	incil	motif	opened books and judgment by deeds | opened books and deeds	Revelation depicts books opened and the dead judged from what is written in them according to their deeds; it brings the commentary's opened pages and individual recompense together. | The dead are judged from opened books by their deeds, uniting individual responsibility, written record, and eschatological judgment.	87:19	"[{""line"": 17, ""strength"": ""strong"", ""tradition"": ""incil"", ""kind"": ""motif"", ""ref"": ""SBLGNT:Rev.20.12"", ""basis"": ""opened books and judgment by deeds"", ""note"": ""Revelation depicts books opened and the dead judged from what is written in them according to their deeds; it brings the commentary's opened pages and individual recompense together."", ""turn"": 1, ""model"": ""luna"", ""connection_id"": ""BC-59d3022a10b78d508aa2""}, {""line"": 53, ""strength"": ""strong"", ""tradition"": ""incil"", ""kind"": ""motif"", ""ref"": ""SBLGNT:Rev.20.12"", ""basis"": ""opened books and deeds"", ""note"": ""The dead are judged from opened books by their deeds, uniting individual responsibility, written record, and eschatological judgment."", ""turn"": 1, ""model"": ""terra"", ""connection_id"": ""BC-61a3bd9356c05ca366ba""}]"
SBLGNT:Rev.22.18	medium	incil	motif	not adding to a prophetic book	Apocalypse warns against adding to its prophetic book, extending concern for written revelation's integrity.	87:19	"[{""line"": 70, ""strength"": ""medium"", ""tradition"": ""incil"", ""kind"": ""motif"", ""ref"": ""SBLGNT:Rev.22.18"", ""basis"": ""not adding to a prophetic book"", ""note"": ""Apocalypse warns against adding to its prophetic book, extending concern for written revelation's integrity."", ""turn"": 1, ""model"": ""terra"", ""connection_id"": ""BC-387d038f244f62470f12""}]"
SBLGNT:Rev.5.1	strong	incil	motif	sealed scroll written inside and out | scroll written inside and on back	Revelation shows a scroll written on both sides and sealed, a direct textual object parallel to the commentary's sheets and an apocalyptic contrast between preserved writing and its opening. | The heavenly scroll is written within and on its back before being opened, a Christian material image that complements the commentary's pages as visible, held, and unfolded writing.	87:19	"[{""line"": 99, ""strength"": ""strong"", ""tradition"": ""incil"", ""kind"": ""motif"", ""ref"": ""SBLGNT:Rev.5.1"", ""basis"": ""sealed scroll written inside and out"", ""note"": ""Revelation shows a scroll written on both sides and sealed, a direct textual object parallel to the commentary's sheets and an apocalyptic contrast between preserved writing and its opening."", ""turn"": 2, ""model"": ""luna"", ""connection_id"": ""BC-bb261d554c1ec4f9175f""}, {""line"": 101, ""strength"": ""medium"", ""tradition"": ""incil"", ""kind"": ""motif"", ""ref"": ""SBLGNT:Rev.5.1"", ""basis"": ""scroll written inside and on back"", ""note"": ""The heavenly scroll is written within and on its back before being opened, a Christian material image that complements the commentary's pages as visible, held, and unfolded writing."", ""turn"": 2, ""model"": ""terra"", ""connection_id"": ""BC-96b40b016d938654a93b""}]"
SBLGNT:Rev.6.14	strong	incil	motif	sky withdrawn like a rolled scroll | sky recedes like a rolling scroll	Revelation says the sky vanished like a scroll being rolled up; alongside the commentary's opened pages, it supplies the paired image of cosmic writing rolled shut. | Revelation reuses the sky-as-rolled-scroll image at the end, a Christian continuation of the commentary's eschatological page-and-cosmos imagery.	87:19	"[{""line"": 51, ""strength"": ""strong"", ""tradition"": ""incil"", ""kind"": ""motif"", ""ref"": ""SBLGNT:Rev.6.14"", ""basis"": ""sky withdrawn like a rolled scroll"", ""note"": ""Revelation says the sky vanished like a scroll being rolled up; alongside the commentary's opened pages, it supplies the paired image of cosmic writing rolled shut."", ""turn"": 1, ""model"": ""luna"", ""connection_id"": ""BC-0a6825d8c24f5d9340d5""}, {""line"": 91, ""strength"": ""strong"", ""tradition"": ""incil"", ""kind"": ""motif"", ""ref"": ""SBLGNT:Rev.6.14"", ""basis"": ""sky recedes like a rolling scroll"", ""note"": ""Revelation reuses the sky-as-rolled-scroll image at the end, a Christian continuation of the commentary's eschatological page-and-cosmos imagery."", ""turn"": 2, ""model"": ""terra"", ""connection_id"": ""BC-1396d9f75f09608e2d05""}]"
SBLGNT:Rom.15.4	strong	incil	motif	earlier writings instruct and give hope | what was written beforehand	Paul says what was written beforehand was written for instruction and endurance; this Christian reading makes the commentary's old pages a present source of admonition and hope. | What was written beforehand is for later instruction and hope, an explicit Christian account of why old scriptural writings still speak beside present exhortation.	87:19	"[{""line"": 89, ""strength"": ""strong"", ""tradition"": ""incil"", ""kind"": ""motif"", ""ref"": ""SBLGNT:Rom.15.4"", ""basis"": ""earlier writings instruct and give hope"", ""note"": ""Paul says what was written beforehand was written for instruction and endurance; this Christian reading makes the commentary's old pages a present source of admonition and hope."", ""turn"": 2, ""model"": ""luna"", ""connection_id"": ""BC-1c47d2bd3fe47618cf14""}, {""line"": 56, ""strength"": ""strong"", ""tradition"": ""incil"", ""kind"": ""motif"", ""ref"": ""SBLGNT:Rom.15.4"", ""basis"": ""what was written beforehand"", ""note"": ""What was written beforehand is for later instruction and hope, an explicit Christian account of why old scriptural writings still speak beside present exhortation."", ""turn"": 1, ""model"": ""terra"", ""connection_id"": ""BC-239bb46735d24dee2098""}]"
SBLGNT:Rom.2.6	strong	incil	motif	judgment according to each person's deeds	Paul says God repays each according to works; this Christian formulation joins the commentary's reading of the pages' rule that each person's striving is seen and fully requited.	87:19	"[{""line"": 42, ""strength"": ""strong"", ""tradition"": ""incil"", ""kind"": ""motif"", ""ref"": ""SBLGNT:Rom.2.6"", ""basis"": ""judgment according to each person's deeds"", ""note"": ""Paul says God repays each according to works; this Christian formulation joins the commentary's reading of the pages' rule that each person's striving is seen and fully requited."", ""turn"": 1, ""model"": ""luna"", ""connection_id"": ""BC-2b95961fef2304337b36""}]"
SBLGNT:Rom.4.17	medium	incil	yorum_gelenegi	Abraham's God gives life to dead	Paul identifies Abraham's God as one who gives life to the dead, recasting the commentary's Abrahamic creator-life-death confession in resurrection terms.	87:19	"[{""line"": 64, ""strength"": ""medium"", ""tradition"": ""incil"", ""kind"": ""yorum_gelenegi"", ""ref"": ""SBLGNT:Rom.4.17"", ""basis"": ""Abraham's God gives life to dead"", ""note"": ""Paul identifies Abraham's God as one who gives life to the dead, recasting the commentary's Abrahamic creator-life-death confession in resurrection terms."", ""turn"": 1, ""model"": ""terra"", ""connection_id"": ""BC-c3da034f313be7f5a1bd""}]"
SBLGNT:Rom.4.3	strong	incil	yorum_gelenegi	Abraham's trust counted as righteousness	Paul reads Abraham's belief in Genesis as the basis of being counted righteous; this is a distinct Christian interpretation of the patriarch named in the first pages.	87:19	"[{""line"": 103, ""strength"": ""strong"", ""tradition"": ""incil"", ""kind"": ""yorum_gelenegi"", ""ref"": ""SBLGNT:Rom.4.3"", ""basis"": ""Abraham's trust counted as righteousness"", ""note"": ""Paul reads Abraham's belief in Genesis as the basis of being counted righteous; this is a distinct Christian interpretation of the patriarch named in the first pages."", ""turn"": 2, ""model"": ""luna"", ""connection_id"": ""BC-47d17fd433edf6a1beda""}]"
1 Enoch 47:3	medium	tevrat	motif	heavenly books opened before the judge	Enoch sees the books of the living opened before the heavenly court; this Jewish apocalyptic scene develops the commentary's old record as witness at judgment.	87:19	"[{""line"": 120, ""strength"": ""medium"", ""tradition"": ""tevrat"", ""kind"": ""motif"", ""ref"": ""1 Enoch 47:3"", ""basis"": ""heavenly books opened before the judge"", ""note"": ""Enoch sees the books of the living opened before the heavenly court; this Jewish apocalyptic scene develops the commentary's old record as witness at judgment."", ""turn"": 2, ""model"": ""luna"", ""connection_id"": ""BC-6ec77734d24fa9b55320""}]"
1 Enoch 81:1	strong	tevrat	motif	Enoch reads heavenly tablets	Enoch reads heavenly tablets containing human and cosmic history, expanding the commentary's unerring divine book beyond fallible page and memory.	87:19	"[{""line"": 45, ""strength"": ""strong"", ""tradition"": ""tevrat"", ""kind"": ""motif"", ""ref"": ""1 Enoch 81:1"", ""basis"": ""Enoch reads heavenly tablets"", ""note"": ""Enoch reads heavenly tablets containing human and cosmic history, expanding the commentary's unerring divine book beyond fallible page and memory."", ""turn"": 1, ""model"": ""terra"", ""connection_id"": ""BC-1e854534ee6714fa6553""}]"
1 Enoch 81:1–4	medium	tevrat	motif	Enoch reads the heavenly tablets	Enoch is shown written heavenly tablets and instructed to read and record what they contain; this is a close pseudepigraphal counterpart to Moses' book of the first generations kept with God.	87:19	"[{""line"": 121, ""strength"": ""medium"", ""tradition"": ""tevrat"", ""kind"": ""motif"", ""ref"": ""1 Enoch 81:1–4"", ""basis"": ""Enoch reads the heavenly tablets"", ""note"": ""Enoch is shown written heavenly tablets and instructed to read and record what they contain; this is a close pseudepigraphal counterpart to Moses' book of the first generations kept with God."", ""turn"": 2, ""model"": ""luna"", ""connection_id"": ""BC-bc2f6345b1ecff5c6fa4""}]"
2 Maccabees 7:9	strong	tevrat	motif	King of the world raises to everlasting life	A martyr suffering for ancestral law expects the King of the world to raise the faithful to everlasting life, a Jewish articulation of durable afterlife tied to inherited instruction.	87:19	"[{""line"": 95, ""strength"": ""strong"", ""tradition"": ""tevrat"", ""kind"": ""motif"", ""ref"": ""2 Maccabees 7:9"", ""basis"": ""King of the world raises to everlasting life"", ""note"": ""A martyr suffering for ancestral law expects the King of the world to raise the faithful to everlasting life, a Jewish articulation of durable afterlife tied to inherited instruction."", ""turn"": 2, ""model"": ""terra"", ""connection_id"": ""BC-cfa57598fe2ab102d7c8""}]"
4 Ezra 14:37–48	strong	tevrat	motif	Ezra's dictated books	Ezra dictates many books with five scribes, making the restoration of written revelation a focused parallel to vulnerable yet enduring pages.	87:19	"[{""line"": 46, ""strength"": ""strong"", ""tradition"": ""tevrat"", ""kind"": ""motif"", ""ref"": ""4 Ezra 14:37–48"", ""basis"": ""Ezra's dictated books"", ""note"": ""Ezra dictates many books with five scribes, making the restoration of written revelation a focused parallel to vulnerable yet enduring pages."", ""turn"": 1, ""model"": ""terra"", ""connection_id"": ""BC-3d6a72792989cee877ce""}]"
Apocalypse of Abraham 1–8	strong	tevrat	paralel	Abraham rejects the idols of his father's house | Abraham rejects Terah's idols	This pseudepigraphal account expands Abraham's confrontation with his father's idols; it gives another Jewish setting for the commentary's claim that the first pages belong to one who leaves ancestral worship. | This Jewish retelling has Abraham expose the helplessness of idols made by Terah and leave that world, a detailed parallel to the commentary's ancestral-idolatry scene.	87:19	"[{""line"": 123, ""strength"": ""medium"", ""tradition"": ""tevrat"", ""kind"": ""paralel"", ""ref"": ""Apocalypse of Abraham 1–8"", ""basis"": ""Abraham rejects the idols of his father's house"", ""note"": ""This pseudepigraphal account expands Abraham's confrontation with his father's idols; it gives another Jewish setting for the commentary's claim that the first pages belong to one who leaves ancestral worship."", ""turn"": 2, ""model"": ""luna"", ""connection_id"": ""BC-4339d18da7ee11a30272""}, {""line"": 21, ""strength"": ""strong"", ""tradition"": ""tevrat"", ""kind"": ""paralel"", ""ref"": ""Apocalypse of Abraham 1–8"", ""basis"": ""Abraham rejects Terah's idols"", ""note"": ""This Jewish retelling has Abraham expose the helplessness of idols made by Terah and leave that world, a detailed parallel to the commentary's ancestral-idolatry scene."", ""turn"": 1, ""model"": ""terra"", ""connection_id"": ""BC-ff0304d88c4b6d00b9c6""}]"
Babylonian Talmud, Berakhot 26b	strong	tevrat	yorum_gelenegi	Abraham instituted morning prayer	Rabbinic tradition derives the morning prayer from Abraham, making the commentary's Abrahamic precedent for prayer explicit.	87:19	"[{""line"": 27, ""strength"": ""strong"", ""tradition"": ""tevrat"", ""kind"": ""yorum_gelenegi"", ""ref"": ""Babylonian Talmud, Berakhot 26b"", ""basis"": ""Abraham instituted morning prayer"", ""note"": ""Rabbinic tradition derives the morning prayer from Abraham, making the commentary's Abrahamic precedent for prayer explicit."", ""turn"": 1, ""model"": ""terra"", ""connection_id"": ""BC-7f6e057a173a921707d1""}]"
Babylonian Talmud, Gittin 60a	strong	tevrat	yorum_gelenegi	Torah scroll by scroll or whole	The debate whether Torah came in separate scrolls or as one complete book makes the commentary's distinction between individual sheets and a compiled codex a live Jewish question.	87:19	"[{""line"": 9, ""strength"": ""strong"", ""tradition"": ""tevrat"", ""kind"": ""yorum_gelenegi"", ""ref"": ""Babylonian Talmud, Gittin 60a"", ""basis"": ""Torah scroll by scroll or whole"", ""note"": ""The debate whether Torah came in separate scrolls or as one complete book makes the commentary's distinction between individual sheets and a compiled codex a live Jewish question."", ""turn"": 1, ""model"": ""terra"", ""connection_id"": ""BC-783948b06ba39a1918fa""}]"
Babylonian Talmud, Gittin 60b	strong	tevrat	motif	written and oral Torah	The rule distinguishing written Torah from oral transmission frames the commentary's claim that visual letters require a living vocal teaching.	87:19	"[{""line"": 10, ""strength"": ""strong"", ""tradition"": ""tevrat"", ""kind"": ""motif"", ""ref"": ""Babylonian Talmud, Gittin 60b"", ""basis"": ""written and oral Torah"", ""note"": ""The rule distinguishing written Torah from oral transmission frames the commentary's claim that visual letters require a living vocal teaching."", ""turn"": 1, ""model"": ""terra"", ""connection_id"": ""BC-10c3d5b4bfadc9be3714""}]"
Babylonian Talmud, Rosh Hashanah 16b	medium	tevrat	yorum_gelenegi	books opened for the year's judgment	The Talmud interprets divine judgment through books opened for the righteous, wicked, and intermediate; this develops the commentary's opened pages and divided human outcomes.	87:19	"[{""line"": 119, ""strength"": ""medium"", ""tradition"": ""tevrat"", ""kind"": ""yorum_gelenegi"", ""ref"": ""Babylonian Talmud, Rosh Hashanah 16b"", ""basis"": ""books opened for the year's judgment"", ""note"": ""The Talmud interprets divine judgment through books opened for the righteous, wicked, and intermediate; this develops the commentary's opened pages and divided human outcomes."", ""turn"": 2, ""model"": ""luna"", ""connection_id"": ""BC-720162b72ec3ace91c87""}]"
Babylonian Talmud, Yoma 28b	strong	tevrat	yorum_gelenegi	Abraham fulfilled the whole Torah	Rabbinic interpretation of Genesis 26:5 says Abraham fulfilled the entire Torah before Sinai, sharply expanding pre-Mosaic Abrahamic instruction.	87:19	"[{""line"": 19, ""strength"": ""strong"", ""tradition"": ""tevrat"", ""kind"": ""yorum_gelenegi"", ""ref"": ""Babylonian Talmud, Yoma 28b"", ""basis"": ""Abraham fulfilled the whole Torah"", ""note"": ""Rabbinic interpretation of Genesis 26:5 says Abraham fulfilled the entire Torah before Sinai, sharply expanding pre-Mosaic Abrahamic instruction."", ""turn"": 1, ""model"": ""terra"", ""connection_id"": ""BC-775fc66e894fc98e3bb6""}]"
Berakhot 26b	medium	tevrat	yorum_gelenegi	Abraham institutes morning prayer	The Talmud derives the morning prayer from Abraham rising early to stand before God; this interpretive tradition connects the commentary's Abrahamic prayer with its account of the purified person remembering God's name and praying.	87:19	"[{""line"": 57, ""strength"": ""medium"", ""tradition"": ""tevrat"", ""kind"": ""yorum_gelenegi"", ""ref"": ""Berakhot 26b"", ""basis"": ""Abraham institutes morning prayer"", ""note"": ""The Talmud derives the morning prayer from Abraham rising early to stand before God; this interpretive tradition connects the commentary's Abrahamic prayer with its account of the purified person remembering God's name and praying."", ""turn"": 1, ""model"": ""luna"", ""connection_id"": ""BC-349e7602fdc479c8d779""}]"
Genesis Rabbah 38:13	strong	tevrat	yorum_gelenegi	Abraham smashes his father's idols | Abraham and his father's idols	The midrash expands Abraham's rejection of ancestral worship into the story of breaking the idols in Terah's shop; it makes explicit the departure from inherited custom that the commentary stresses. | Midrash's idol-smashing Abraham elaborates Genesis's terse family notice, giving an interpretive counterpart to the commentary's polemic against paternal cult.	87:19	"[{""line"": 27, ""strength"": ""strong"", ""tradition"": ""tevrat"", ""kind"": ""yorum_gelenegi"", ""ref"": ""Genesis Rabbah 38:13"", ""basis"": ""Abraham smashes his father's idols"", ""note"": ""The midrash expands Abraham's rejection of ancestral worship into the story of breaking the idols in Terah's shop; it makes explicit the departure from inherited custom that the commentary stresses."", ""turn"": 1, ""model"": ""luna"", ""connection_id"": ""BC-1483519c87d3101cd847""}, {""line"": 22, ""strength"": ""strong"", ""tradition"": ""tevrat"", ""kind"": ""yorum_gelenegi"", ""ref"": ""Genesis Rabbah 38:13"", ""basis"": ""Abraham and his father's idols"", ""note"": ""Midrash's idol-smashing Abraham elaborates Genesis's terse family notice, giving an interpretive counterpart to the commentary's polemic against paternal cult."", ""turn"": 1, ""model"": ""terra"", ""connection_id"": ""BC-b32a119eeddc2182499a""}]"
Genesis Rabbah 44:12	medium	tevrat	yorum_gelenegi	Abraham taken beyond astrology	The midrash reads God's taking Abraham outside to see the stars as release from astrological destiny; it adds a Jewish interpretation to the commentary's scene where Abraham watches heavenly bodies set and seeks God's guidance.	87:19	"[{""line"": 56, ""strength"": ""medium"", ""tradition"": ""tevrat"", ""kind"": ""yorum_gelenegi"", ""ref"": ""Genesis Rabbah 44:12"", ""basis"": ""Abraham taken beyond astrology"", ""note"": ""The midrash reads God's taking Abraham outside to see the stars as release from astrological destiny; it adds a Jewish interpretation to the commentary's scene where Abraham watches heavenly bodies set and seeks God's guidance."", ""turn"": 1, ""model"": ""luna"", ""connection_id"": ""BC-ab6686ddc1bdd9d14478""}]"
Josephus, Antiquities 1.154–157	medium	tevrat	yorum_gelenegi	Abraham teaches one Creator	Josephus credits Abraham with proclaiming one Creator rather than autonomous gods, a Jewish historical interpretation close to the commentary's creator-and-idol polemic.	87:19	"[{""line"": 74, ""strength"": ""medium"", ""tradition"": ""tevrat"", ""kind"": ""yorum_gelenegi"", ""ref"": ""Josephus, Antiquities 1.154–157"", ""basis"": ""Abraham teaches one Creator"", ""note"": ""Josephus credits Abraham with proclaiming one Creator rather than autonomous gods, a Jewish historical interpretation close to the commentary's creator-and-idol polemic."", ""turn"": 1, ""model"": ""terra"", ""connection_id"": ""BC-eb8188fb449d15411892""}]"
Josephus, Antiquities 1.7.1	medium	tevrat	paralel	Abraham argues for one creator	Josephus portrays Abraham challenging inherited polytheism and teaching that one God created the universe; this Jewish retelling gives the commentary's rejection of ancestral custom an explicit monotheistic argument.	87:19	"[{""line"": 61, ""strength"": ""medium"", ""tradition"": ""tevrat"", ""kind"": ""paralel"", ""ref"": ""Josephus, Antiquities 1.7.1"", ""basis"": ""Abraham argues for one creator"", ""note"": ""Josephus portrays Abraham challenging inherited polytheism and teaching that one God created the universe; this Jewish retelling gives the commentary's rejection of ancestral custom an explicit monotheistic argument."", ""turn"": 1, ""model"": ""luna"", ""connection_id"": ""BC-a08d2751f1ec7cee6919""}]"
Jubilees 12:1–8	strong	tevrat	paralel	Abram rejects the household idols	Jubilees has Abram challenge his father over the idols and their worship; this Second Temple retelling supplies the explicit anti-idolatry background behind the commentary's contrast between Abraham and his ancestors.	87:19	"[{""line"": 28, ""strength"": ""strong"", ""tradition"": ""tevrat"", ""kind"": ""paralel"", ""ref"": ""Jubilees 12:1–8"", ""basis"": ""Abram rejects the household idols"", ""note"": ""Jubilees has Abram challenge his father over the idols and their worship; this Second Temple retelling supplies the explicit anti-idolatry background behind the commentary's contrast between Abraham and his ancestors."", ""turn"": 1, ""model"": ""luna"", ""connection_id"": ""BC-0423b7dff37e9ac76503""}]"
Jubilees 1:2	strong	tevrat	motif	written tablets given to Moses	God promises Moses tablets of law and commandment already written, joining Mosaic writing to a prior heavenly record.	87:19	"[{""line"": 44, ""strength"": ""strong"", ""tradition"": ""tevrat"", ""kind"": ""motif"", ""ref"": ""Jubilees 1:2"", ""basis"": ""written tablets given to Moses"", ""note"": ""God promises Moses tablets of law and commandment already written, joining Mosaic writing to a prior heavenly record."", ""turn"": 1, ""model"": ""terra"", ""connection_id"": ""BC-5e5b2fab51b1c1fa5b5d""}]"
Mishnah Avot 1:1	strong	tevrat	motif	Torah transmitted from Moses onward | Moses' chain of transmission	The Mishnah traces reception from Moses to Joshua, elders, prophets, and later teachers; it gives a Jewish model for the named Mosaic revelation reaching later generations. | Moses receives Torah at Sinai and hands it through named teachers, giving communal oral custody alongside the written Mosaic text.	87:19	"[{""line"": 118, ""strength"": ""medium"", ""tradition"": ""tevrat"", ""kind"": ""motif"", ""ref"": ""Mishnah Avot 1:1"", ""basis"": ""Torah transmitted from Moses onward"", ""note"": ""The Mishnah traces reception from Moses to Joshua, elders, prophets, and later teachers; it gives a Jewish model for the named Mosaic revelation reaching later generations."", ""turn"": 2, ""model"": ""luna"", ""connection_id"": ""BC-72c21fbbe95a27092e85""}, {""line"": 11, ""strength"": ""strong"", ""tradition"": ""tevrat"", ""kind"": ""motif"", ""ref"": ""Mishnah Avot 1:1"", ""basis"": ""Moses' chain of transmission"", ""note"": ""Moses receives Torah at Sinai and hands it through named teachers, giving communal oral custody alongside the written Mosaic text."", ""turn"": 1, ""model"": ""terra"", ""connection_id"": ""BC-91b18a5aeeb57b30df85""}]"
Mishnah Avot 6:2	medium	tevrat	yorum_gelenegi	engraved tablets read as freedom	The Mishnah plays on the engraved writing of the tablets as freedom for those who study Torah; it turns Moses' written pages into a formative, liberating instruction rather than inert text.	87:19	"[{""line"": 60, ""strength"": ""medium"", ""tradition"": ""tevrat"", ""kind"": ""yorum_gelenegi"", ""ref"": ""Mishnah Avot 6:2"", ""basis"": ""engraved tablets read as freedom"", ""note"": ""The Mishnah plays on the engraved writing of the tablets as freedom for those who study Torah; it turns Moses' written pages into a formative, liberating instruction rather than inert text."", ""turn"": 1, ""model"": ""luna"", ""connection_id"": ""BC-a8015bceb656f9e73b7a""}]"
Pirkei de-Rabbi Eliezer 26	strong	tevrat	yorum_gelenegi	Abraham rejects setting sun, moon, and stars	This midrash makes Abraham consider celestial lights and reject them when they set, an exceptionally close Jewish interpretive parallel to the commentary's star-moon-sun scene.	87:19	"[{""line"": 84, ""strength"": ""strong"", ""tradition"": ""tevrat"", ""kind"": ""yorum_gelenegi"", ""ref"": ""Pirkei de-Rabbi Eliezer 26"", ""basis"": ""Abraham rejects setting sun, moon, and stars"", ""note"": ""This midrash makes Abraham consider celestial lights and reject them when they set, an exceptionally close Jewish interpretive parallel to the commentary's star-moon-sun scene."", ""turn"": 2, ""model"": ""terra"", ""connection_id"": ""BC-38cc8a19335cfa327bae""}]"
Sirach 44:20	medium	tevrat	motif	Abraham keeps the law and covenant	Sirach remembers Abraham as keeping the law of the Most High and entering covenant; this Jewish praise makes the Abraham-Moses pairing a continuity of divine instruction, not merely shared antiquity.	87:19	"[{""line"": 58, ""strength"": ""medium"", ""tradition"": ""tevrat"", ""kind"": ""motif"", ""ref"": ""Sirach 44:20"", ""basis"": ""Abraham keeps the law and covenant"", ""note"": ""Sirach remembers Abraham as keeping the law of the Most High and entering covenant; this Jewish praise makes the Abraham-Moses pairing a continuity of divine instruction, not merely shared antiquity."", ""turn"": 1, ""model"": ""luna"", ""connection_id"": ""BC-d0f5eee394a5197a2a82""}]"
Sirach 45:1	medium	tevrat	motif	Moses' blessed memory among later generations	Sirach says Moses is beloved and his memory is blessed; it gives a Jewish witness to the commentary's closing image of Moses' name preserved among those who come later.	87:19	"[{""line"": 59, ""strength"": ""medium"", ""tradition"": ""tevrat"", ""kind"": ""motif"", ""ref"": ""Sirach 45:1"", ""basis"": ""Moses' blessed memory among later generations"", ""note"": ""Sirach says Moses is beloved and his memory is blessed; it gives a Jewish witness to the commentary's closing image of Moses' name preserved among those who come later."", ""turn"": 1, ""model"": ""luna"", ""connection_id"": ""BC-c1ff9ad20abde9b90cb5""}]"
Targum Pseudo-Jonathan on Genesis 11:28	medium	tevrat	paralel	Abraham refuses idolatry and faces the furnace	The Targumic retelling connects Abraham's origin in Ur with refusal of an idol and the fiery ordeal; it adds an Aramaic Jewish version of the ancestral break developed in the commentary.	87:19	"[{""line"": 122, ""strength"": ""medium"", ""tradition"": ""tevrat"", ""kind"": ""paralel"", ""ref"": ""Targum Pseudo-Jonathan on Genesis 11:28"", ""basis"": ""Abraham refuses idolatry and faces the furnace"", ""note"": ""The Targumic retelling connects Abraham's origin in Ur with refusal of an idol and the fiery ordeal; it adds an Aramaic Jewish version of the ancestral break developed in the commentary."", ""turn"": 2, ""model"": ""luna"", ""connection_id"": ""BC-c76073d65eec27ecad6b""}]"
Testament of Abraham, Recension A (judgment vision; chapter numbering varies)	medium	tevrat	motif	recorded and weighed deeds	In the heavenly judgment vision, deeds are recorded and weighed; its Abrahamic setting makes a useful later Jewish analogue to the pages' personal effort, recompense, and final outcome.	87:19	"[{""line"": 47, ""strength"": ""medium"", ""tradition"": ""tevrat"", ""kind"": ""motif"", ""ref"": ""Testament of Abraham, Recension A (judgment vision; chapter numbering varies)"", ""basis"": ""recorded and weighed deeds"", ""note"": ""In the heavenly judgment vision, deeds are recorded and weighed; its Abrahamic setting makes a useful later Jewish analogue to the pages' personal effort, recompense, and final outcome."", ""turn"": 1, ""model"": ""terra"", ""connection_id"": ""BC-c77fa91809b28028bade""}]"
WLC:2Kgs.22.8	medium	tevrat	motif	book of Torah found	The priest finds a book of Torah in the temple and sends it to be read, a counterpart to pages concealed, neglected, and again made publicly effective.	87:19	"[{""line"": 67, ""strength"": ""medium"", ""tradition"": ""tevrat"", ""kind"": ""motif"", ""ref"": ""WLC:2Kgs.22.8"", ""basis"": ""book of Torah found"", ""note"": ""The priest finds a book of Torah in the temple and sends it to be read, a counterpart to pages concealed, neglected, and again made publicly effective."", ""turn"": 1, ""model"": ""terra"", ""connection_id"": ""BC-ce36e8504f5ebabb2f00""}]"
WLC:Dan.12.1	medium	tevrat	motif	names written in the book at the end	Daniel says deliverance comes for those found written in the book; it links a preserved written record to the final fate that the commentary says the first pages describe.	87:19	"[{""line"": 70, ""strength"": ""medium"", ""tradition"": ""tevrat"", ""kind"": ""motif"", ""ref"": ""WLC:Dan.12.1"", ""basis"": ""names written in the book at the end"", ""note"": ""Daniel says deliverance comes for those found written in the book; it links a preserved written record to the final fate that the commentary says the first pages describe."", ""turn"": 1, ""model"": ""luna"", ""connection_id"": ""BC-ec417bff24b405d10225""}]"
WLC:Dan.12.2	strong	tevrat	motif	awakening to life or disgrace | awakening to everlasting fates	Daniel describes sleepers in the dust awakening to everlasting life or disgrace; this adds a Hebrew-scriptural resurrection scene to the commentary's final distinction of outcomes. | Those asleep in dust awake to everlasting life or disgrace, giving the final two-outcome horizon that the commentary reads into the former sheets.	87:19	"[{""line"": 116, ""strength"": ""medium"", ""tradition"": ""tevrat"", ""kind"": ""motif"", ""ref"": ""WLC:Dan.12.2"", ""basis"": ""awakening to life or disgrace"", ""note"": ""Daniel describes sleepers in the dust awakening to everlasting life or disgrace; this adds a Hebrew-scriptural resurrection scene to the commentary's final distinction of outcomes."", ""turn"": 2, ""model"": ""luna"", ""connection_id"": ""BC-b76e32ae872f2e6e6d83""}, {""line"": 40, ""strength"": ""strong"", ""tradition"": ""tevrat"", ""kind"": ""motif"", ""ref"": ""WLC:Dan.12.2"", ""basis"": ""awakening to everlasting fates"", ""note"": ""Those asleep in dust awake to everlasting life or disgrace, giving the final two-outcome horizon that the commentary reads into the former sheets."", ""turn"": 1, ""model"": ""terra"", ""connection_id"": ""BC-ca3065d5709a31684f72""}]"
WLC:Dan.7.10	strong	tevrat	motif	books opened for judgment | heavenly books opened	Daniel's heavenly court opens books before the judge; this is a close Jewish-scriptural counterpart to the commentary's pages opened at the end and deeds brought into judgment. | The heavenly court opens books before judgment, a precise biblical counterpart to the divine book holding what humans cannot safely retain.	87:19	"[{""line"": 16, ""strength"": ""strong"", ""tradition"": ""tevrat"", ""kind"": ""motif"", ""ref"": ""WLC:Dan.7.10"", ""basis"": ""books opened for judgment"", ""note"": ""Daniel's heavenly court opens books before the judge; this is a close Jewish-scriptural counterpart to the commentary's pages opened at the end and deeds brought into judgment."", ""turn"": 1, ""model"": ""luna"", ""connection_id"": ""BC-bf8bd480ae146aaae2f7""}, {""line"": 39, ""strength"": ""strong"", ""tradition"": ""tevrat"", ""kind"": ""motif"", ""ref"": ""WLC:Dan.7.10"", ""basis"": ""heavenly books opened"", ""note"": ""The heavenly court opens books before judgment, a precise biblical counterpart to the divine book holding what humans cannot safely retain."", ""turn"": 1, ""model"": ""terra"", ""connection_id"": ""BC-7074b749167a2d8f9647""}]"
WLC:Deut.11.15	strong	tevrat	motif	grass for livestock and human food	Moses' covenant instruction promises grass in the field for cattle and food for Israel, joining rain, pasture, and obedience in Mosaic teaching.	87:19	"[{""line"": 34, ""strength"": ""strong"", ""tradition"": ""tevrat"", ""kind"": ""motif"", ""ref"": ""WLC:Deut.11.15"", ""basis"": ""grass for livestock and human food"", ""note"": ""Moses' covenant instruction promises grass in the field for cattle and food for Israel, joining rain, pasture, and obedience in Mosaic teaching."", ""turn"": 1, ""model"": ""terra"", ""connection_id"": ""BC-1c0d20b8f392101d45b8""}]"
WLC:Deut.17.18	strong	tevrat	motif	a written copy of Torah	The king must write a copy of Torah in a book, a distinct Mosaic instance of a later custodian making and retaining a textual witness.	87:19	"[{""line"": 79, ""strength"": ""strong"", ""tradition"": ""tevrat"", ""kind"": ""motif"", ""ref"": ""WLC:Deut.17.18"", ""basis"": ""a written copy of Torah"", ""note"": ""The king must write a copy of Torah in a book, a distinct Mosaic instance of a later custodian making and retaining a textual witness."", ""turn"": 2, ""model"": ""terra"", ""connection_id"": ""BC-4ab3b4791643f8f91dcb""}]"
WLC:Deut.17.19	strong	tevrat	motif	book read to learn fear	The written copy remains with the king for continual reading so that he may learn fear of YHWH, joining page, recitation, and fear as S87's commentary does.	87:19	"[{""line"": 80, ""strength"": ""strong"", ""tradition"": ""tevrat"", ""kind"": ""motif"", ""ref"": ""WLC:Deut.17.19"", ""basis"": ""book read to learn fear"", ""note"": ""The written copy remains with the king for continual reading so that he may learn fear of YHWH, joining page, recitation, and fear as S87's commentary does."", ""turn"": 2, ""model"": ""terra"", ""connection_id"": ""BC-0ac448c462a4280cd4b9""}]"
WLC:Deut.24.16	strong	tevrat	motif	one person's guilt is not another's | each person for own sin	The law forbids putting children to death for parents' crimes; it gives a legal form of the first rule quoted from Abraham's pages, that no bearer carries another's burden. | The law forbids executing child for parent or parent for child, stating that each dies for own sin; this is a direct legal analogue to the former pages' no-burden-transfer rule.	87:19	"[{""line"": 13, ""strength"": ""strong"", ""tradition"": ""tevrat"", ""kind"": ""motif"", ""ref"": ""WLC:Deut.24.16"", ""basis"": ""one person's guilt is not another's"", ""note"": ""The law forbids putting children to death for parents' crimes; it gives a legal form of the first rule quoted from Abraham's pages, that no bearer carries another's burden."", ""turn"": 1, ""model"": ""luna"", ""connection_id"": ""BC-60c9738c2d976341e68a""}, {""line"": 35, ""strength"": ""strong"", ""tradition"": ""tevrat"", ""kind"": ""motif"", ""ref"": ""WLC:Deut.24.16"", ""basis"": ""each person for own sin"", ""note"": ""The law forbids executing child for parent or parent for child, stating that each dies for own sin; this is a direct legal analogue to the former pages' no-burden-transfer rule."", ""turn"": 1, ""model"": ""terra"", ""connection_id"": ""BC-8b84762f5fdc82aef29f""}]"
WLC:Deut.30.15	strong	tevrat	motif	life and good, death and evil	Moses sets before Israel life with good and death with evil, a Mosaic moral choice that sharpens the commentary's two final outcomes.	87:19	"[{""line"": 81, ""strength"": ""strong"", ""tradition"": ""tevrat"", ""kind"": ""motif"", ""ref"": ""WLC:Deut.30.15"", ""basis"": ""life and good, death and evil"", ""note"": ""Moses sets before Israel life with good and death with evil, a Mosaic moral choice that sharpens the commentary's two final outcomes."", ""turn"": 2, ""model"": ""terra"", ""connection_id"": ""BC-60daebf80f7ff1b52a33""}]"
WLC:Deut.31.19	strong	tevrat	motif	written song taught by heart | write, teach, put in mouths	Moses is told to write a song and put it in Israel's mouths as a witness; this joins the commentary's two preservations, written pages and words retained by recitation. | Moses is told both to write a song and teach it until it is in Israel's mouths, an exact written-leaf and remembered-recited double preservation.	87:19	"[{""line"": 2, ""strength"": ""strong"", ""tradition"": ""tevrat"", ""kind"": ""motif"", ""ref"": ""WLC:Deut.31.19"", ""basis"": ""written song taught by heart"", ""note"": ""Moses is told to write a song and put it in Israel's mouths as a witness; this joins the commentary's two preservations, written pages and words retained by recitation."", ""turn"": 1, ""model"": ""luna"", ""connection_id"": ""BC-372ace61a826de783a4d""}, {""line"": 5, ""strength"": ""strong"", ""tradition"": ""tevrat"", ""kind"": ""motif"", ""ref"": ""WLC:Deut.31.19"", ""basis"": ""write, teach, put in mouths"", ""note"": ""Moses is told both to write a song and teach it until it is in Israel's mouths, an exact written-leaf and remembered-recited double preservation."", ""turn"": 1, ""model"": ""terra"", ""connection_id"": ""BC-1308c1858a761ae9ee2c""}]"
WLC:Deut.31.21	strong	tevrat	motif	song not forgotten from mouths	The song is promised not to be forgotten from descendants' mouths, closely matching S87:6's unforgotten recitation alongside durable pages.	87:19	"[{""line"": 6, ""strength"": ""strong"", ""tradition"": ""tevrat"", ""kind"": ""motif"", ""ref"": ""WLC:Deut.31.21"", ""basis"": ""song not forgotten from mouths"", ""note"": ""The song is promised not to be forgotten from descendants' mouths, closely matching S87:6's unforgotten recitation alongside durable pages."", ""turn"": 1, ""model"": ""terra"", ""connection_id"": ""BC-5935daef9614a8ba9dd7""}]"
WLC:Deut.31.24	strong	tevrat	motif	Moses completes the written law	Deuteronomy says Moses finished writing the words of the law in a book; this supplies the act of making the written witness that the commentary distinguishes from separate pages.	87:19	"[{""line"": 79, ""strength"": ""strong"", ""tradition"": ""tevrat"", ""kind"": ""motif"", ""ref"": ""WLC:Deut.31.24"", ""basis"": ""Moses completes the written law"", ""note"": ""Deuteronomy says Moses finished writing the words of the law in a book; this supplies the act of making the written witness that the commentary distinguishes from separate pages."", ""turn"": 2, ""model"": ""luna"", ""connection_id"": ""BC-a37903e50d4e61177645""}]"
WLC:Deut.31.26	strong	tevrat	motif	written Torah as witness | book placed as witness against turning away	The commentary treats Abraham's and Moses' first pages as a durable warning; Deuteronomy puts Moses' written Torah beside the ark as a witness against Israel, making the old text itself testimony. | Moses' finished Torah book is placed beside the ark as a witness against Israel; it closely parallels former sheets invoked against a person who turns away from admonition.	87:19	"[{""line"": 1, ""strength"": ""strong"", ""tradition"": ""tevrat"", ""kind"": ""motif"", ""ref"": ""WLC:Deut.31.26"", ""basis"": ""written Torah as witness"", ""note"": ""The commentary treats Abraham's and Moses' first pages as a durable warning; Deuteronomy puts Moses' written Torah beside the ark as a witness against Israel, making the old text itself testimony."", ""turn"": 1, ""model"": ""luna"", ""connection_id"": ""BC-4268279b7064eef06a9e""}, {""line"": 78, ""strength"": ""strong"", ""tradition"": ""tevrat"", ""kind"": ""motif"", ""ref"": ""WLC:Deut.31.26"", ""basis"": ""book placed as witness against turning away"", ""note"": ""Moses' finished Torah book is placed beside the ark as a witness against Israel; it closely parallels former sheets invoked against a person who turns away from admonition."", ""turn"": 2, ""model"": ""terra"", ""connection_id"": ""BC-2b87868ab91dd98062c0""}]"
WLC:Deut.31.9	strong	tevrat	paralel	Moses writes Torah and entrusts it	Moses writes Torah and gives it to the priests, a concrete transmission of Mosaic writing behind the commentary's named sheets.	87:19	"[{""line"": 4, ""strength"": ""strong"", ""tradition"": ""tevrat"", ""kind"": ""paralel"", ""ref"": ""WLC:Deut.31.9"", ""basis"": ""Moses writes Torah and entrusts it"", ""note"": ""Moses writes Torah and gives it to the priests, a concrete transmission of Mosaic writing behind the commentary's named sheets."", ""turn"": 1, ""model"": ""terra"", ""connection_id"": ""BC-50a61c1eae56e7401c72""}]"
WLC:Deut.32.2	strong	tevrat	motif	Moses' teaching falls like rain on grass	In Moses' song, teaching is rain and speech dew that falls on grass and plants; this is a particular meeting of the commentary's Musa, recited word, and pasture imagery.	87:19	"[{""line"": 80, ""strength"": ""strong"", ""tradition"": ""tevrat"", ""kind"": ""motif"", ""ref"": ""WLC:Deut.32.2"", ""basis"": ""Moses' teaching falls like rain on grass"", ""note"": ""In Moses' song, teaching is rain and speech dew that falls on grass and plants; this is a particular meeting of the commentary's Musa, recited word, and pasture imagery."", ""turn"": 2, ""model"": ""luna"", ""connection_id"": ""BC-364ef0ad24c10724f784""}]"
WLC:Deut.32.39	strong	tevrat	motif	Moses' song says God kills and makes alive | God kills and makes alive	The same song declares that God kills and gives life, a direct Mosaic-scripture counterpart to the life-and-death claim the commentary finds among the old pages. | Moses' song declares that God kills and makes alive, supplying a Mosaic formulation behind the commentary's death-life and later-resurrection contrast.	87:19	"[{""line"": 81, ""strength"": ""strong"", ""tradition"": ""tevrat"", ""kind"": ""motif"", ""ref"": ""WLC:Deut.32.39"", ""basis"": ""Moses' song says God kills and makes alive"", ""note"": ""The same song declares that God kills and gives life, a direct Mosaic-scripture counterpart to the life-and-death claim the commentary finds among the old pages."", ""turn"": 2, ""model"": ""luna"", ""connection_id"": ""BC-fd9b41c669367a3e359a""}, {""line"": 38, ""strength"": ""strong"", ""tradition"": ""tevrat"", ""kind"": ""motif"", ""ref"": ""WLC:Deut.32.39"", ""basis"": ""God kills and makes alive"", ""note"": ""Moses' song declares that God kills and makes alive, supplying a Mosaic formulation behind the commentary's death-life and later-resurrection contrast."", ""turn"": 1, ""model"": ""terra"", ""connection_id"": ""BC-330c72f391071e30141e""}]"
WLC:Deut.34.10	medium	tevrat	motif	Moses remembered as an unsurpassed prophet	Deuteronomy closes by saying no prophet like Moses arose, whom the Lord knew face to face; it gives a biblical form of the lasting recognition of Moses' name at the end of the surah.	87:19	"[{""line"": 71, ""strength"": ""medium"", ""tradition"": ""tevrat"", ""kind"": ""motif"", ""ref"": ""WLC:Deut.34.10"", ""basis"": ""Moses remembered as an unsurpassed prophet"", ""note"": ""Deuteronomy closes by saying no prophet like Moses arose, whom the Lord knew face to face; it gives a biblical form of the lasting recognition of Moses' name at the end of the surah."", ""turn"": 1, ""model"": ""luna"", ""connection_id"": ""BC-bb3c016314aa0041ef65""}]"
WLC:Deut.4.19	strong	tevrat	motif	sun, moon, stars not to be served	Moses' warning not to serve sun, moon, or stars gives the legal-theological form of the commentary's Abraham rejecting setting luminaries.	87:19	"[{""line"": 23, ""strength"": ""strong"", ""tradition"": ""tevrat"", ""kind"": ""motif"", ""ref"": ""WLC:Deut.4.19"", ""basis"": ""sun, moon, stars not to be served"", ""note"": ""Moses' warning not to serve sun, moon, or stars gives the legal-theological form of the commentary's Abraham rejecting setting luminaries."", ""turn"": 1, ""model"": ""terra"", ""connection_id"": ""BC-cc315fbcb7b66ec46be4""}]"
WLC:Deut.4.2	medium	tevrat	motif	do not add or subtract	Moses prohibits adding to or subtracting from command, the Torah's own textual-ethical safeguard beside the commentary's handling and hiding of sheets.	87:19	"[{""line"": 68, ""strength"": ""medium"", ""tradition"": ""tevrat"", ""kind"": ""motif"", ""ref"": ""WLC:Deut.4.2"", ""basis"": ""do not add or subtract"", ""note"": ""Moses prohibits adding to or subtracting from command, the Torah's own textual-ethical safeguard beside the commentary's handling and hiding of sheets."", ""turn"": 1, ""model"": ""terra"", ""connection_id"": ""BC-0362d4cade77a189f877""}]"
WLC:Deut.6.6	strong	tevrat	motif	words on the heart	Moses commands that his words remain on Israel's heart, a direct scriptural counterpart to the commentary's word preserved in an instructed memory as well as on pages.	87:19	"[{""line"": 9, ""strength"": ""strong"", ""tradition"": ""tevrat"", ""kind"": ""motif"", ""ref"": ""WLC:Deut.6.6"", ""basis"": ""words on the heart"", ""note"": ""Moses commands that his words remain on Israel's heart, a direct scriptural counterpart to the commentary's word preserved in an instructed memory as well as on pages."", ""turn"": 1, ""model"": ""luna"", ""connection_id"": ""BC-50603f9f81c5969e6067""}]"
WLC:Deut.6.9	strong	tevrat	motif	words written on doorposts	The same instruction is to be written on house doorposts and gates; the verse supplies a concrete domestic written counterpart to words held in the heart.	87:19	"[{""line"": 10, ""strength"": ""strong"", ""tradition"": ""tevrat"", ""kind"": ""motif"", ""ref"": ""WLC:Deut.6.9"", ""basis"": ""words written on doorposts"", ""note"": ""The same instruction is to be written on house doorposts and gates; the verse supplies a concrete domestic written counterpart to words held in the heart."", ""turn"": 1, ""model"": ""luna"", ""connection_id"": ""BC-2adf29213e8752adff13""}]"
WLC:Eccl.12.14	strong	tevrat	motif	God brings every deed, even hidden ones, to judgment | hidden deeds brought to judgment	Ecclesiastes says every work and hidden thing will be brought to judgment; this sharpens the commentary's reading of the pages as a record of each person's striving and recompense. | God brings every hidden deed into judgment, joining the commentary's hidden and open knowledge to personal recompense and final end.	87:19	"[{""line"": 85, ""strength"": ""strong"", ""tradition"": ""tevrat"", ""kind"": ""motif"", ""ref"": ""WLC:Eccl.12.14"", ""basis"": ""God brings every deed, even hidden ones, to judgment"", ""note"": ""Ecclesiastes says every work and hidden thing will be brought to judgment; this sharpens the commentary's reading of the pages as a record of each person's striving and recompense."", ""turn"": 2, ""model"": ""luna"", ""connection_id"": ""BC-22fcd3c282d751c13894""}, {""line"": 75, ""strength"": ""medium"", ""tradition"": ""tevrat"", ""kind"": ""motif"", ""ref"": ""WLC:Eccl.12.14"", ""basis"": ""hidden deeds brought to judgment"", ""note"": ""God brings every hidden deed into judgment, joining the commentary's hidden and open knowledge to personal recompense and final end."", ""turn"": 1, ""model"": ""terra"", ""connection_id"": ""BC-0031f2a34be9fe0cac2c""}]"
WLC:Exod.10.3	strong	tevrat	paralel	Pharaoh refuses to humble himself	Moses asks Pharaoh how long he will refuse to humble himself before YHWH; it directly frames Pharaoh's opposite response to the purifying, fear-producing call in the commentary.	87:19	"[{""line"": 85, ""strength"": ""strong"", ""tradition"": ""tevrat"", ""kind"": ""paralel"", ""ref"": ""WLC:Exod.10.3"", ""basis"": ""Pharaoh refuses to humble himself"", ""note"": ""Moses asks Pharaoh how long he will refuse to humble himself before YHWH; it directly frames Pharaoh's opposite response to the purifying, fear-producing call in the commentary."", ""turn"": 2, ""model"": ""terra"", ""connection_id"": ""BC-fe917f7b54b8554e3539""}]"
WLC:Exod.17.14	medium	tevrat	motif	written memorial and oral remembrance	Moses is told to write God's judgment against Amalek in a book and recite it to Joshua; this joins a written record to spoken transmission as the commentary does.	87:19	"[{""line"": 73, ""strength"": ""medium"", ""tradition"": ""tevrat"", ""kind"": ""motif"", ""ref"": ""WLC:Exod.17.14"", ""basis"": ""written memorial and oral remembrance"", ""note"": ""Moses is told to write God's judgment against Amalek in a book and recite it to Joshua; this joins a written record to spoken transmission as the commentary does."", ""turn"": 1, ""model"": ""luna"", ""connection_id"": ""BC-e19a2b644b2aea1ba4f9""}]"
WLC:Exod.24.12	strong	tevrat	motif	God-written tablets for instruction	The commentary distinguishes loose sheets from a single bound book; Exodus gives Moses tablets of stone with instruction written by God, a distinct durable written form associated with him.	87:19	"[{""line"": 8, ""strength"": ""strong"", ""tradition"": ""tevrat"", ""kind"": ""motif"", ""ref"": ""WLC:Exod.24.12"", ""basis"": ""God-written tablets for instruction"", ""note"": ""The commentary distinguishes loose sheets from a single bound book; Exodus gives Moses tablets of stone with instruction written by God, a distinct durable written form associated with him."", ""turn"": 1, ""model"": ""luna"", ""connection_id"": ""BC-4b30575418d91e86a21f""}]"
WLC:Exod.24.4	strong	tevrat	paralel	Moses writes covenant words	Moses writes every word spoken by YHWH before the covenant rite; this supplies a concrete Mosaic written corpus for the commentary's named sheets.	87:19	"[{""line"": 1, ""strength"": ""strong"", ""tradition"": ""tevrat"", ""kind"": ""paralel"", ""ref"": ""WLC:Exod.24.4"", ""basis"": ""Moses writes covenant words"", ""note"": ""Moses writes every word spoken by YHWH before the covenant rite; this supplies a concrete Mosaic written corpus for the commentary's named sheets."", ""turn"": 1, ""model"": ""terra"", ""connection_id"": ""BC-6e7f0d1069200e4a4661""}]"
WLC:Exod.24.7	strong	tevrat	motif	book of covenant read aloud	Moses reads the written covenant to the people; document and voiced instruction are joined as the commentary joins sheets with recitation.	87:19	"[{""line"": 2, ""strength"": ""strong"", ""tradition"": ""tevrat"", ""kind"": ""motif"", ""ref"": ""WLC:Exod.24.7"", ""basis"": ""book of covenant read aloud"", ""note"": ""Moses reads the written covenant to the people; document and voiced instruction are joined as the commentary joins sheets with recitation."", ""turn"": 1, ""model"": ""terra"", ""connection_id"": ""BC-9467cbcb75a1ba8ee8c1""}]"
WLC:Exod.3.10	strong	tevrat	paralel	Moses sent to Pharaoh	The commentary reads Moses' warning to Pharaoh as a model for the surah's admonition; Exodus likewise makes the encounter with Pharaoh the commission's stated purpose.	87:19	"[{""line"": 21, ""strength"": ""strong"", ""tradition"": ""tevrat"", ""kind"": ""paralel"", ""ref"": ""WLC:Exod.3.10"", ""basis"": ""Moses sent to Pharaoh"", ""note"": ""The commentary reads Moses' warning to Pharaoh as a model for the surah's admonition; Exodus likewise makes the encounter with Pharaoh the commission's stated purpose."", ""turn"": 1, ""model"": ""luna"", ""connection_id"": ""BC-15ccfa699f542137723b""}]"
WLC:Exod.3.15	strong	tevrat	paralel	divine name remembered through generations	God tells Moses that the revealed name is remembered through generations, linking Moses, divine name, and enduring remembrance.	87:19	"[{""line"": 28, ""strength"": ""strong"", ""tradition"": ""tevrat"", ""kind"": ""paralel"", ""ref"": ""WLC:Exod.3.15"", ""basis"": ""divine name remembered through generations"", ""note"": ""God tells Moses that the revealed name is remembered through generations, linking Moses, divine name, and enduring remembrance."", ""turn"": 1, ""model"": ""terra"", ""connection_id"": ""BC-54148df26cf6e8f8c4d4""}]"
WLC:Exod.3.5	strong	tevrat	paralel	holy ground at Moses' call	The Qur'anic Moses is summoned in a sacred valley before being sent to Pharaoh; Exodus also marks Moses' call by holy ground, while its burning-bush scene gives the encounter a different sign.	87:19	"[{""line"": 20, ""strength"": ""strong"", ""tradition"": ""tevrat"", ""kind"": ""paralel"", ""ref"": ""WLC:Exod.3.5"", ""basis"": ""holy ground at Moses' call"", ""note"": ""The Qur'anic Moses is summoned in a sacred valley before being sent to Pharaoh; Exodus also marks Moses' call by holy ground, while its burning-bush scene gives the encounter a different sign."", ""turn"": 1, ""model"": ""luna"", ""connection_id"": ""BC-ea57691226d64f8453ee""}]"
WLC:Exod.31.18	strong	tevrat	paralel	two tablets, divine writing	God gives Moses two tablets written by God's finger, a material divine text rather than an anonymous past.	87:19	"[{""line"": 3, ""strength"": ""strong"", ""tradition"": ""tevrat"", ""kind"": ""paralel"", ""ref"": ""WLC:Exod.31.18"", ""basis"": ""two tablets, divine writing"", ""note"": ""God gives Moses two tablets written by God's finger, a material divine text rather than an anonymous past."", ""turn"": 1, ""model"": ""terra"", ""connection_id"": ""BC-a24b5d822abb951f7497""}]"
WLC:Exod.32.15	strong	tevrat	paralel	tablets written on both sides	Moses carries tablets written on front and back; this adds a concrete two-faced writing surface to the commentary's material account of separately held sheets.	87:19	"[{""line"": 76, ""strength"": ""strong"", ""tradition"": ""tevrat"", ""kind"": ""paralel"", ""ref"": ""WLC:Exod.32.15"", ""basis"": ""tablets written on both sides"", ""note"": ""Moses carries tablets written on front and back; this adds a concrete two-faced writing surface to the commentary's material account of separately held sheets."", ""turn"": 2, ""model"": ""terra"", ""connection_id"": ""BC-bcdb4cb79d7773ecfed3""}]"
WLC:Exod.32.32	strong	tevrat	motif	Moses speaks of God's book	Moses asks to be blotted from God's book if Israel is not forgiven; this gives the commentary's book held with God a Mosaic setting, though Exodus uses it as a book of life rather than a record of the first generations.	87:19	"[{""line"": 87, ""strength"": ""strong"", ""tradition"": ""tevrat"", ""kind"": ""motif"", ""ref"": ""WLC:Exod.32.32"", ""basis"": ""Moses speaks of God's book"", ""note"": ""Moses asks to be blotted from God's book if Israel is not forgiven; this gives the commentary's book held with God a Mosaic setting, though Exodus uses it as a book of life rather than a record of the first generations."", ""turn"": 2, ""model"": ""luna"", ""connection_id"": ""BC-c095bcefd22b408382fa""}]"
WLC:Exod.32.33	strong	tevrat	motif	God's book and individual sin	God says the sinner will be blotted from his book, joining Moses, a divine record, and the commentary's insistence that each person bears personal consequence.	87:19	"[{""line"": 77, ""strength"": ""strong"", ""tradition"": ""tevrat"", ""kind"": ""motif"", ""ref"": ""WLC:Exod.32.33"", ""basis"": ""God's book and individual sin"", ""note"": ""God says the sinner will be blotted from his book, joining Moses, a divine record, and the commentary's insistence that each person bears personal consequence."", ""turn"": 2, ""model"": ""terra"", ""connection_id"": ""BC-9df71131deef87dba1f7""}]"
WLC:Exod.4.15	strong	tevrat	paralel	Moses and Aaron's speech	God places words in Moses and Aaron's mouths for Pharaoh, a biblical counterpart to the paired mission and spoken admonition.	87:19	"[{""line"": 29, ""strength"": ""strong"", ""tradition"": ""tevrat"", ""kind"": ""paralel"", ""ref"": ""WLC:Exod.4.15"", ""basis"": ""Moses and Aaron's speech"", ""note"": ""God places words in Moses and Aaron's mouths for Pharaoh, a biblical counterpart to the paired mission and spoken admonition."", ""turn"": 1, ""model"": ""terra"", ""connection_id"": ""BC-dcc68ce4aed8a7004dd6""}]"
WLC:Exod.5.2	strong	tevrat	karsi_anlati|paralel	Pharaoh asks who the Lord is | Pharaoh refuses YHWH	Exodus has Pharaoh ask who YHWH is and deny that he will heed him, whereas the commentary's Qur'anic Pharaoh claims the highest lordship for himself; the shared confrontation highlights different forms of defiance. | Pharaoh refuses to know or obey YHWH, anchoring the commentary's portrait of the addressee who rejects Moses' warning.	87:19	"[{""line"": 22, ""strength"": ""strong"", ""tradition"": ""tevrat"", ""kind"": ""karsi_anlati"", ""ref"": ""WLC:Exod.5.2"", ""basis"": ""Pharaoh asks who the Lord is"", ""note"": ""Exodus has Pharaoh ask who YHWH is and deny that he will heed him, whereas the commentary's Qur'anic Pharaoh claims the highest lordship for himself; the shared confrontation highlights different forms of defiance."", ""turn"": 1, ""model"": ""luna"", ""connection_id"": ""BC-2d8901d7ebc562659c2f""}, {""line"": 30, ""strength"": ""strong"", ""tradition"": ""tevrat"", ""kind"": ""paralel"", ""ref"": ""WLC:Exod.5.2"", ""basis"": ""Pharaoh refuses YHWH"", ""note"": ""Pharaoh refuses to know or obey YHWH, anchoring the commentary's portrait of the addressee who rejects Moses' warning."", ""turn"": 1, ""model"": ""terra"", ""connection_id"": ""BC-5aafde1ad9798dcdef38""}]"
WLC:Exod.7.11	strong	tevrat	karsi_anlati	Egyptian magicians reproduce a sign | Pharaoh's magicians imitate the sign	Exodus' magicians reproduce Aaron's sign at first, while the commentary's Qur'anic magicians end by confessing faith after Moses' sign prevails; the same contest receives a sharply different human outcome. | Exodus has Pharaoh summon sorcerers who imitate Moses' sign; Qur'anic magicians instead reject Pharaoh, so the shared contest is a meaningful contrary telling.	87:19	"[{""line"": 23, ""strength"": ""strong"", ""tradition"": ""tevrat"", ""kind"": ""karsi_anlati"", ""ref"": ""WLC:Exod.7.11"", ""basis"": ""Egyptian magicians reproduce a sign"", ""note"": ""Exodus' magicians reproduce Aaron's sign at first, while the commentary's Qur'anic magicians end by confessing faith after Moses' sign prevails; the same contest receives a sharply different human outcome."", ""turn"": 1, ""model"": ""luna"", ""connection_id"": ""BC-389840e426638b1cbe21""}, {""line"": 31, ""strength"": ""strong"", ""tradition"": ""tevrat"", ""kind"": ""karsi_anlati"", ""ref"": ""WLC:Exod.7.11"", ""basis"": ""Pharaoh's magicians imitate the sign"", ""note"": ""Exodus has Pharaoh summon sorcerers who imitate Moses' sign; Qur'anic magicians instead reject Pharaoh, so the shared contest is a meaningful contrary telling."", ""turn"": 1, ""model"": ""terra"", ""connection_id"": ""BC-f95557038a5af5b04785""}]"
WLC:Exod.8.15	strong	tevrat	karsi_anlati	magicians name God's finger, Pharaoh hardens	The magicians acknowledge God's finger but Pharaoh remains hard; beside the commentary's converted magicians, this shows recognition without the Qur'anic confession.	87:19	"[{""line"": 32, ""strength"": ""strong"", ""tradition"": ""tevrat"", ""kind"": ""karsi_anlati"", ""ref"": ""WLC:Exod.8.15"", ""basis"": ""magicians name God's finger, Pharaoh hardens"", ""note"": ""The magicians acknowledge God's finger but Pharaoh remains hard; beside the commentary's converted magicians, this shows recognition without the Qur'anic confession."", ""turn"": 1, ""model"": ""terra"", ""connection_id"": ""BC-284429c95530ac7e617e""}]"
WLC:Exod.8.19	strong	tevrat	karsi_anlati	magicians recognize God's action	When unable to reproduce the plague, Pharaoh's magicians say it is God's finger, but the scene does not show them converting; the Qur'anic magicians' explicit submission makes that difference significant.	87:19	"[{""line"": 24, ""strength"": ""strong"", ""tradition"": ""tevrat"", ""kind"": ""karsi_anlati"", ""ref"": ""WLC:Exod.8.19"", ""basis"": ""magicians recognize God's action"", ""note"": ""When unable to reproduce the plague, Pharaoh's magicians say it is God's finger, but the scene does not show them converting; the Qur'anic magicians' explicit submission makes that difference significant."", ""turn"": 1, ""model"": ""luna"", ""connection_id"": ""BC-6db84e65b59f5209585a""}]"
WLC:Exod.9.12	medium	tevrat	karsi_anlati	God hardens Pharaoh's heart	Exodus says God hardens Pharaoh's heart during the signs, adding divine hardening to the refusal that the commentary frames as Pharaoh's boast, denial, and turning away.	87:19	"[{""line"": 52, ""strength"": ""medium"", ""tradition"": ""tevrat"", ""kind"": ""karsi_anlati"", ""ref"": ""WLC:Exod.9.12"", ""basis"": ""God hardens Pharaoh's heart"", ""note"": ""Exodus says God hardens Pharaoh's heart during the signs, adding divine hardening to the refusal that the commentary frames as Pharaoh's boast, denial, and turning away."", ""turn"": 1, ""model"": ""luna"", ""connection_id"": ""BC-b3c5c677b53df5f4d341""}]"
WLC:Ezek.18.20	strong	tevrat	motif	the sinner bears his own guilt | no child or parent bears the other's sin	Ezekiel says the child does not bear a parent's guilt and the person who sins bears that person's own consequence; this develops the commentary's individual-accountability reading of the old pages. | Ezekiel explicitly denies that child bears parent sin or parent child sin, closely restating the commentary's individual accountability.	87:19	"[{""line"": 14, ""strength"": ""strong"", ""tradition"": ""tevrat"", ""kind"": ""motif"", ""ref"": ""WLC:Ezek.18.20"", ""basis"": ""the sinner bears his own guilt"", ""note"": ""Ezekiel says the child does not bear a parent's guilt and the person who sins bears that person's own consequence; this develops the commentary's individual-accountability reading of the old pages."", ""turn"": 1, ""model"": ""luna"", ""connection_id"": ""BC-00933f59b67dfc06fd10""}, {""line"": 36, ""strength"": ""strong"", ""tradition"": ""tevrat"", ""kind"": ""motif"", ""ref"": ""WLC:Ezek.18.20"", ""basis"": ""no child or parent bears the other's sin"", ""note"": ""Ezekiel explicitly denies that child bears parent sin or parent child sin, closely restating the commentary's individual accountability."", ""turn"": 1, ""model"": ""terra"", ""connection_id"": ""BC-e81072eff37a1dc8cbd7""}]"
WLC:Ezek.2.10	strong	tevrat	motif	scroll written on both sides | scroll spread open, written front and back	Ezekiel sees a scroll covered on front and back with lamentation and woe; it adds a concrete written surface and prophetic warning to the commentary's individual pages. | Ezekiel's spread scroll is inscribed on front and back with lamentation and woe, a vivid textual surface that carries warning rather than merely a book's title.	87:19	"[{""line"": 77, ""strength"": ""strong"", ""tradition"": ""tevrat"", ""kind"": ""motif"", ""ref"": ""WLC:Ezek.2.10"", ""basis"": ""scroll written on both sides"", ""note"": ""Ezekiel sees a scroll covered on front and back with lamentation and woe; it adds a concrete written surface and prophetic warning to the commentary's individual pages."", ""turn"": 2, ""model"": ""luna"", ""connection_id"": ""BC-46725722bf6b7a9841a6""}, {""line"": 92, ""strength"": ""strong"", ""tradition"": ""tevrat"", ""kind"": ""motif"", ""ref"": ""WLC:Ezek.2.10"", ""basis"": ""scroll spread open, written front and back"", ""note"": ""Ezekiel's spread scroll is inscribed on front and back with lamentation and woe, a vivid textual surface that carries warning rather than merely a book's title."", ""turn"": 2, ""model"": ""terra"", ""connection_id"": ""BC-ad9a6076c7e7d901570a""}]"
WLC:Ezek.2.5	medium	tevrat	karsi_anlati	the prophet speaks whether hearers listen or refuse	Ezekiel is told that the rebellious may hear or refuse but must know a prophet was among them; this differs from the surah's conditional reminder and Musa's hope that Pharaoh may remember or fear.	87:19	"[{""line"": 112, ""strength"": ""medium"", ""tradition"": ""tevrat"", ""kind"": ""karsi_anlati"", ""ref"": ""WLC:Ezek.2.5"", ""basis"": ""the prophet speaks whether hearers listen or refuse"", ""note"": ""Ezekiel is told that the rebellious may hear or refuse but must know a prophet was among them; this differs from the surah's conditional reminder and Musa's hope that Pharaoh may remember or fear."", ""turn"": 2, ""model"": ""luna"", ""connection_id"": ""BC-e9f99be399696cc0c4dc""}]"
WLC:Ezek.20.18	medium	tevrat	karsi_anlati	refusal to follow ancestral idols	The commentary contrasts an old warning with mere appeal to ancestors; Ezekiel tells the next generation not to follow their fathers' statutes or defile themselves with idols, making the break with inherited practice explicit.	87:19	"[{""line"": 53, ""strength"": ""medium"", ""tradition"": ""tevrat"", ""kind"": ""karsi_anlati"", ""ref"": ""WLC:Ezek.20.18"", ""basis"": ""refusal to follow ancestral idols"", ""note"": ""The commentary contrasts an old warning with mere appeal to ancestors; Ezekiel tells the next generation not to follow their fathers' statutes or defile themselves with idols, making the break with inherited practice explicit."", ""turn"": 1, ""model"": ""luna"", ""connection_id"": ""BC-7551ad5122962bff2b75""}]"
WLC:Ezek.29.3	strong	tevrat	karsi_anlati	Pharaoh claims the Nile as his creation	Ezekiel depicts Pharaoh boasting that the Nile is his and that he made it, while the commentary sets Pharaoh's claim to be the highest lord against the true creator; this gives the same arrogance a specifically Egyptian form.	87:19	"[{""line"": 84, ""strength"": ""strong"", ""tradition"": ""tevrat"", ""kind"": ""karsi_anlati"", ""ref"": ""WLC:Ezek.29.3"", ""basis"": ""Pharaoh claims the Nile as his creation"", ""note"": ""Ezekiel depicts Pharaoh boasting that the Nile is his and that he made it, while the commentary sets Pharaoh's claim to be the highest lord against the true creator; this gives the same arrogance a specifically Egyptian form."", ""turn"": 2, ""model"": ""luna"", ""connection_id"": ""BC-a297d1b7587f4dcb2141""}]"
WLC:Ezek.3.1	strong	tevrat	motif	prophet eats the scroll before speaking	Ezekiel must eat the written scroll and then speak to Israel, joining page, mouth, and delivered warning in a way that complements the commentary's recited pages and remembered word.	87:19	"[{""line"": 78, ""strength"": ""strong"", ""tradition"": ""tevrat"", ""kind"": ""motif"", ""ref"": ""WLC:Ezek.3.1"", ""basis"": ""prophet eats the scroll before speaking"", ""note"": ""Ezekiel must eat the written scroll and then speak to Israel, joining page, mouth, and delivered warning in a way that complements the commentary's recited pages and remembered word."", ""turn"": 2, ""model"": ""luna"", ""connection_id"": ""BC-c06494bb2e35358d56eb""}]"
WLC:Ezek.3.10	medium	tevrat	motif	words received in heart and ears	After the scroll vision, Ezekiel is told to receive every spoken word in heart and hear it with ears; it supplies a distinct prophetic joining of internal memory and audible transmission.	87:19	"[{""line"": 93, ""strength"": ""medium"", ""tradition"": ""tevrat"", ""kind"": ""motif"", ""ref"": ""WLC:Ezek.3.10"", ""basis"": ""words received in heart and ears"", ""note"": ""After the scroll vision, Ezekiel is told to receive every spoken word in heart and hear it with ears; it supplies a distinct prophetic joining of internal memory and audible transmission."", ""turn"": 2, ""model"": ""terra"", ""connection_id"": ""BC-a19a76875183b053b524""}]"
WLC:Ezek.36.26	medium	tevrat	motif	new heart replaces the heart of stone	Ezekiel promises a new heart and spirit in place of a heart of stone; this adds a prophetic image of inward receptivity to the commentary's preserved word in memory.	87:19	"[{""line"": 111, ""strength"": ""medium"", ""tradition"": ""tevrat"", ""kind"": ""motif"", ""ref"": ""WLC:Ezek.36.26"", ""basis"": ""new heart replaces the heart of stone"", ""note"": ""Ezekiel promises a new heart and spirit in place of a heart of stone; this adds a prophetic image of inward receptivity to the commentary's preserved word in memory."", ""turn"": 2, ""model"": ""luna"", ""connection_id"": ""BC-d7c234926affc6449ecc""}]"
WLC:Gen.12.1	strong	tevrat	paralel	Abraham leaves his land and father's house	The commentary praises the first-pages figure who left the inherited path; Genesis begins Abraham's call by commanding him to leave country, kin, and father's house, though it does not itself mention idol-breaking.	87:19	"[{""line"": 25, ""strength"": ""strong"", ""tradition"": ""tevrat"", ""kind"": ""paralel"", ""ref"": ""WLC:Gen.12.1"", ""basis"": ""Abraham leaves his land and father's house"", ""note"": ""The commentary praises the first-pages figure who left the inherited path; Genesis begins Abraham's call by commanding him to leave country, kin, and father's house, though it does not itself mention idol-breaking."", ""turn"": 1, ""model"": ""luna"", ""connection_id"": ""BC-0d418aa7b9d710b28fe5""}]"
WLC:Gen.12.8	strong	tevrat	motif|paralel	Abraham calls on the Lord's name and worships | Abram calls on YHWH's name	After arriving in Canaan, Abraham builds an altar and calls on the Lord's name; this is a concrete patriarchal instance of the commentary's remembered name joined to prayer. | Abram builds an altar and calls on YHWH's name, giving Abraham's concrete invocation beside S87:15's remembering the Lord's name and praying.	87:19	"[{""line"": 83, ""strength"": ""strong"", ""tradition"": ""tevrat"", ""kind"": ""paralel"", ""ref"": ""WLC:Gen.12.8"", ""basis"": ""Abraham calls on the Lord's name and worships"", ""note"": ""After arriving in Canaan, Abraham builds an altar and calls on the Lord's name; this is a concrete patriarchal instance of the commentary's remembered name joined to prayer."", ""turn"": 2, ""model"": ""luna"", ""connection_id"": ""BC-0af8df126f2fd5ef11df""}, {""line"": 26, ""strength"": ""strong"", ""tradition"": ""tevrat"", ""kind"": ""motif"", ""ref"": ""WLC:Gen.12.8"", ""basis"": ""Abram calls on YHWH's name"", ""note"": ""Abram builds an altar and calls on YHWH's name, giving Abraham's concrete invocation beside S87:15's remembering the Lord's name and praying."", ""turn"": 1, ""model"": ""terra"", ""connection_id"": ""BC-4977bdde440145cffa10""}]"
WLC:Gen.14.22	strong	tevrat	paralel	Abraham invokes God Most High and Creator	Abraham himself names YHWH God Most High, maker of heaven and earth; it tightly joins the surah's Most High title with the commentary's Abrahamic Creator confession.	87:19	"[{""line"": 82, ""strength"": ""strong"", ""tradition"": ""tevrat"", ""kind"": ""paralel"", ""ref"": ""WLC:Gen.14.22"", ""basis"": ""Abraham invokes God Most High and Creator"", ""note"": ""Abraham himself names YHWH God Most High, maker of heaven and earth; it tightly joins the surah's Most High title with the commentary's Abrahamic Creator confession."", ""turn"": 2, ""model"": ""terra"", ""connection_id"": ""BC-312d4767a83b000e5310""}]"
WLC:Gen.15.5	medium	tevrat	karsi_anlati|motif	stars as a promise of descendants | Abraham and the stars	Genesis uses the night sky's stars to promise Abraham innumerable descendants, whereas the commentary's Abraham rejects celestial bodies that set; the shared star scene distinguishes a sign of promise from an object of worship. | Genesis makes Abraham's sight of the stars a promise of descendants; the commentary's celestial scene instead tests and rejects a setting star as a god, so the shared nocturnal image bears a different force.	87:19	"[{""line"": 55, ""strength"": ""medium"", ""tradition"": ""tevrat"", ""kind"": ""motif"", ""ref"": ""WLC:Gen.15.5"", ""basis"": ""stars as a promise of descendants"", ""note"": ""Genesis uses the night sky's stars to promise Abraham innumerable descendants, whereas the commentary's Abraham rejects celestial bodies that set; the shared star scene distinguishes a sign of promise from an object of worship."", ""turn"": 1, ""model"": ""luna"", ""connection_id"": ""BC-474065dd7d49a2747ed0""}, {""line"": 25, ""strength"": ""medium"", ""tradition"": ""tevrat"", ""kind"": ""karsi_anlati"", ""ref"": ""WLC:Gen.15.5"", ""basis"": ""Abraham and the stars"", ""note"": ""Genesis makes Abraham's sight of the stars a promise of descendants; the commentary's celestial scene instead tests and rejects a setting star as a god, so the shared nocturnal image bears a different force."", ""turn"": 1, ""model"": ""terra"", ""connection_id"": ""BC-ca5911813234aff13070""}]"
WLC:Gen.15.6	medium	tevrat	motif	Abraham's belief counted as righteousness	Genesis says Abraham trusted God and was counted righteous; it supplies a specific biblical account of Abraham's response to divine promise behind the commentary's image of him as a model for the successful purified person.	87:19	"[{""line"": 74, ""strength"": ""medium"", ""tradition"": ""tevrat"", ""kind"": ""motif"", ""ref"": ""WLC:Gen.15.6"", ""basis"": ""Abraham's belief counted as righteousness"", ""note"": ""Genesis says Abraham trusted God and was counted righteous; it supplies a specific biblical account of Abraham's response to divine promise behind the commentary's image of him as a model for the successful purified person."", ""turn"": 1, ""model"": ""luna"", ""connection_id"": ""BC-554433c9159210259485""}]"
WLC:Gen.17.7	medium	tevrat	motif	everlasting covenant with Abraham's descendants	The everlasting covenant with Abraham and his seed makes durable words transmitted after him a biblical theme beside the commentary's lasting Abrahamic word.	87:19	"[{""line"": 73, ""strength"": ""medium"", ""tradition"": ""tevrat"", ""kind"": ""motif"", ""ref"": ""WLC:Gen.17.7"", ""basis"": ""everlasting covenant with Abraham's descendants"", ""note"": ""The everlasting covenant with Abraham and his seed makes durable words transmitted after him a biblical theme beside the commentary's lasting Abrahamic word."", ""turn"": 1, ""model"": ""terra"", ""connection_id"": ""BC-77b144d25d88ef3c2369""}]"
WLC:Gen.18.19	strong	tevrat	motif|paralel	Abraham teaches descendants justice | Abraham commands justice and righteousness	God says Abraham will command his children and household to keep the Lord's way by doing righteousness and justice; this makes his continuing legacy an ethical warning handed to later generations. | God selects Abraham to command his descendants in YHWH's way of righteousness and justice, an Abrahamic teaching antecedent to content placed in ancient sheets.	87:19	"[{""line"": 54, ""strength"": ""medium"", ""tradition"": ""tevrat"", ""kind"": ""motif"", ""ref"": ""WLC:Gen.18.19"", ""basis"": ""Abraham teaches descendants justice"", ""note"": ""God says Abraham will command his children and household to keep the Lord's way by doing righteousness and justice; this makes his continuing legacy an ethical warning handed to later generations."", ""turn"": 1, ""model"": ""luna"", ""connection_id"": ""BC-72b80bdffbe821b4a09a""}, {""line"": 17, ""strength"": ""strong"", ""tradition"": ""tevrat"", ""kind"": ""paralel"", ""ref"": ""WLC:Gen.18.19"", ""basis"": ""Abraham commands justice and righteousness"", ""note"": ""God selects Abraham to command his descendants in YHWH's way of righteousness and justice, an Abrahamic teaching antecedent to content placed in ancient sheets."", ""turn"": 1, ""model"": ""terra"", ""connection_id"": ""BC-f401ed32e57a6f67bc51""}]"
WLC:Gen.20.17	strong	tevrat	paralel	Abraham prays and God heals	Abraham prays to God and healing follows, a narrative counterpart to the commentary's Abrahamic sequence of invocation and the God who heals.	87:19	"[{""line"": 83, ""strength"": ""strong"", ""tradition"": ""tevrat"", ""kind"": ""paralel"", ""ref"": ""WLC:Gen.20.17"", ""basis"": ""Abraham prays and God heals"", ""note"": ""Abraham prays to God and healing follows, a narrative counterpart to the commentary's Abrahamic sequence of invocation and the God who heals."", ""turn"": 2, ""model"": ""terra"", ""connection_id"": ""BC-404bffe7bd359a43afc1""}]"
WLC:Gen.26.5	strong	tevrat	motif	Abraham keeps commands before Moses | Abraham keeps commands, statutes, laws	Genesis says Abraham obeyed God's voice and kept commandments, statutes, and teachings; it presents Abraham as already faithful to instruction before Moses, supporting the commentary's pairing of their earlier pages. | The narrator says Abraham kept divine charge, commandments, statutes, and laws, a biblical basis for treating him as bearer of a divine norm before Mosaic Torah.	87:19	"[{""line"": 26, ""strength"": ""strong"", ""tradition"": ""tevrat"", ""kind"": ""motif"", ""ref"": ""WLC:Gen.26.5"", ""basis"": ""Abraham keeps commands before Moses"", ""note"": ""Genesis says Abraham obeyed God's voice and kept commandments, statutes, and teachings; it presents Abraham as already faithful to instruction before Moses, supporting the commentary's pairing of their earlier pages."", ""turn"": 1, ""model"": ""luna"", ""connection_id"": ""BC-053d7cc8d2ae9d4a683b""}, {""line"": 18, ""strength"": ""strong"", ""tradition"": ""tevrat"", ""kind"": ""motif"", ""ref"": ""WLC:Gen.26.5"", ""basis"": ""Abraham keeps commands, statutes, laws"", ""note"": ""The narrator says Abraham kept divine charge, commandments, statutes, and laws, a biblical basis for treating him as bearer of a divine norm before Mosaic Torah."", ""turn"": 1, ""model"": ""terra"", ""connection_id"": ""BC-0dee58788b7b9bec9190""}]"
WLC:Hab.2.2	strong	tevrat	motif	vision written to be read | vision written plainly on tablets	Habakkuk is told to write the vision on tablets plainly so a reader can run with it; this joins the commentary's open writing surface to public reading and transmission. | The vision is written plainly on tablets so a passerby can read it, closely matching the commentary's open, readable writing surface.	87:19	"[{""line"": 11, ""strength"": ""strong"", ""tradition"": ""tevrat"", ""kind"": ""motif"", ""ref"": ""WLC:Hab.2.2"", ""basis"": ""vision written to be read"", ""note"": ""Habakkuk is told to write the vision on tablets plainly so a reader can run with it; this joins the commentary's open writing surface to public reading and transmission."", ""turn"": 1, ""model"": ""luna"", ""connection_id"": ""BC-d0e4038e40325ae790ff""}, {""line"": 14, ""strength"": ""strong"", ""tradition"": ""tevrat"", ""kind"": ""motif"", ""ref"": ""WLC:Hab.2.2"", ""basis"": ""vision written plainly on tablets"", ""note"": ""The vision is written plainly on tablets so a passerby can read it, closely matching the commentary's open, readable writing surface."", ""turn"": 1, ""model"": ""terra"", ""connection_id"": ""BC-608f1ec5282f208d2408""}]"
WLC:Isa.26.19	strong	tevrat	motif	the dead live and awaken	Isaiah promises that the dead will live and sleepers in dust awaken, an explicit Hebrew counterpart to the commentary's other creation and final destination.	87:19	"[{""line"": 94, ""strength"": ""strong"", ""tradition"": ""tevrat"", ""kind"": ""motif"", ""ref"": ""WLC:Isa.26.19"", ""basis"": ""the dead live and awaken"", ""note"": ""Isaiah promises that the dead will live and sleepers in dust awaken, an explicit Hebrew counterpart to the commentary's other creation and final destination."", ""turn"": 2, ""model"": ""terra"", ""connection_id"": ""BC-f9d4fbe377bc8c8f60d4""}]"
WLC:Isa.30.8	strong	tevrat	motif	warning written for the future	Isaiah is commanded to inscribe a warning in a book for future days as a lasting witness, closely matching the commentary's old pages whose warning remains present.	87:19	"[{""line"": 3, ""strength"": ""strong"", ""tradition"": ""tevrat"", ""kind"": ""motif"", ""ref"": ""WLC:Isa.30.8"", ""basis"": ""warning written for the future"", ""note"": ""Isaiah is commanded to inscribe a warning in a book for future days as a lasting witness, closely matching the commentary's old pages whose warning remains present."", ""turn"": 1, ""model"": ""luna"", ""connection_id"": ""BC-872cbd5b6bcda446cae6""}]"
WLC:Isa.34.4	strong	tevrat	motif	heavens rolled like a scroll	Isaiah pictures the host of heaven falling as the sky rolls up like a scroll; this is the opposite cosmic motion to the pages spread open in the commentary's cited end-time scene. | The heavens are rolled up like a scroll at cosmic judgment, an exact Hebrew image for the commentary's contrast between unrolled sheets and a rolled sky.	87:19	"[{""line"": 50, ""strength"": ""strong"", ""tradition"": ""tevrat"", ""kind"": ""motif"", ""ref"": ""WLC:Isa.34.4"", ""basis"": ""heavens rolled like a scroll"", ""note"": ""Isaiah pictures the host of heaven falling as the sky rolls up like a scroll; this is the opposite cosmic motion to the pages spread open in the commentary's cited end-time scene."", ""turn"": 1, ""model"": ""luna"", ""connection_id"": ""BC-7d1ed36717c7f62c5be4""}, {""line"": 90, ""strength"": ""strong"", ""tradition"": ""tevrat"", ""kind"": ""motif"", ""ref"": ""WLC:Isa.34.4"", ""basis"": ""heavens rolled like a scroll"", ""note"": ""The heavens are rolled up like a scroll at cosmic judgment, an exact Hebrew image for the commentary's contrast between unrolled sheets and a rolled sky."", ""turn"": 2, ""model"": ""terra"", ""connection_id"": ""BC-e610d705015253ea20e5""}]"
WLC:Isa.40.8	strong	tevrat	motif	grass fades, divine word endures | grass fades, word stands	The commentary places the dried pasture beside pages that have not vanished; Isaiah contrasts withering grass and fading flower with God's word standing forever. | Grass withers and fades while God's word stands forever; it tightly meets the commentary's pasture that dries and ancient written word that remains.	87:19	"[{""line"": 4, ""strength"": ""strong"", ""tradition"": ""tevrat"", ""kind"": ""motif"", ""ref"": ""WLC:Isa.40.8"", ""basis"": ""grass fades, divine word endures"", ""note"": ""The commentary places the dried pasture beside pages that have not vanished; Isaiah contrasts withering grass and fading flower with God's word standing forever."", ""turn"": 1, ""model"": ""luna"", ""connection_id"": ""BC-d4f17cb0bfb52adbb7e9""}, {""line"": 43, ""strength"": ""strong"", ""tradition"": ""tevrat"", ""kind"": ""motif"", ""ref"": ""WLC:Isa.40.8"", ""basis"": ""grass fades, word stands"", ""note"": ""Grass withers and fades while God's word stands forever; it tightly meets the commentary's pasture that dries and ancient written word that remains."", ""turn"": 1, ""model"": ""terra"", ""connection_id"": ""BC-d291a810bd5ee2ed095d""}]"
WLC:Isa.55.10	strong	tevrat	motif	rain makes the earth sprout | rain makes earth sprout	Isaiah's rain and snow water the earth and make it yield seed and bread; this specific image meets the commentary's pasture and its concern with a word that remains effective. | Rain waters earth and makes it bud and sprout, a precise scriptural companion to the commentary's divine bringing forth of vegetation and pasture.	87:19	"[{""line"": 110, ""strength"": ""medium"", ""tradition"": ""tevrat"", ""kind"": ""motif"", ""ref"": ""WLC:Isa.55.10"", ""basis"": ""rain makes the earth sprout"", ""note"": ""Isaiah's rain and snow water the earth and make it yield seed and bread; this specific image meets the commentary's pasture and its concern with a word that remains effective."", ""turn"": 2, ""model"": ""luna"", ""connection_id"": ""BC-9766371ccc9a2c593727""}, {""line"": 88, ""strength"": ""strong"", ""tradition"": ""tevrat"", ""kind"": ""motif"", ""ref"": ""WLC:Isa.55.10"", ""basis"": ""rain makes earth sprout"", ""note"": ""Rain waters earth and makes it bud and sprout, a precise scriptural companion to the commentary's divine bringing forth of vegetation and pasture."", ""turn"": 2, ""model"": ""terra"", ""connection_id"": ""BC-cb5d82dc6d2942e8770c""}]"
WLC:Isa.55.11	strong	tevrat	motif	word goes out and accomplishes its purpose | word accomplishes its purpose	Isaiah says God's word does not return empty but achieves its work; beside the commentary's withering pasture and enduring pages, the verse makes the written warning effective, not merely preserved. | God's word goes out and accomplishes its purpose, giving the verbal counterpart to v10's rain and supporting the commentary's enduring effective speech on old pages.	87:19	"[{""line"": 82, ""strength"": ""strong"", ""tradition"": ""tevrat"", ""kind"": ""motif"", ""ref"": ""WLC:Isa.55.11"", ""basis"": ""word goes out and accomplishes its purpose"", ""note"": ""Isaiah says God's word does not return empty but achieves its work; beside the commentary's withering pasture and enduring pages, the verse makes the written warning effective, not merely preserved."", ""turn"": 2, ""model"": ""luna"", ""connection_id"": ""BC-91b5e4f4de09536b7d6b""}, {""line"": 89, ""strength"": ""strong"", ""tradition"": ""tevrat"", ""kind"": ""motif"", ""ref"": ""WLC:Isa.55.11"", ""basis"": ""word accomplishes its purpose"", ""note"": ""God's word goes out and accomplishes its purpose, giving the verbal counterpart to v10's rain and supporting the commentary's enduring effective speech on old pages."", ""turn"": 2, ""model"": ""terra"", ""connection_id"": ""BC-4ae1315c4c6c1ce058f8""}]"
WLC:Isa.66.24	strong	tevrat	karsi_anlati|motif	undying worm and unquenched fire | unquenched fire	Isaiah describes corpses of rebels exposed to worms and fire, not a person who neither dies nor lives; the shared fire image clarifies the distinct afterlife claim made in the commentary. | Isaiah's closing vision of unquenched fire supplies an older image for the commentary's great fire, though it describes corpses rather than S87's neither-dead-nor-living sufferers.	87:19	"[{""line"": 49, ""strength"": ""strong"", ""tradition"": ""tevrat"", ""kind"": ""karsi_anlati"", ""ref"": ""WLC:Isa.66.24"", ""basis"": ""undying worm and unquenched fire"", ""note"": ""Isaiah describes corpses of rebels exposed to worms and fire, not a person who neither dies nor lives; the shared fire image clarifies the distinct afterlife claim made in the commentary."", ""turn"": 1, ""model"": ""luna"", ""connection_id"": ""BC-e6b64f5478cec1a031fc""}, {""line"": 71, ""strength"": ""medium"", ""tradition"": ""tevrat"", ""kind"": ""motif"", ""ref"": ""WLC:Isa.66.24"", ""basis"": ""unquenched fire"", ""note"": ""Isaiah's closing vision of unquenched fire supplies an older image for the commentary's great fire, though it describes corpses rather than S87's neither-dead-nor-living sufferers."", ""turn"": 1, ""model"": ""terra"", ""connection_id"": ""BC-e7ee523cafeeef90c54f""}]"
WLC:Isa.8.16	medium	tevrat	motif	testimony bound and instruction sealed	Isaiah commands the testimony to be bound up and instruction sealed among disciples; this gives another image of a warning preserved in writing for a faithful community.	87:19	"[{""line"": 72, ""strength"": ""medium"", ""tradition"": ""tevrat"", ""kind"": ""motif"", ""ref"": ""WLC:Isa.8.16"", ""basis"": ""testimony bound and instruction sealed"", ""note"": ""Isaiah commands the testimony to be bound up and instruction sealed among disciples; this gives another image of a warning preserved in writing for a faithful community."", ""turn"": 1, ""model"": ""luna"", ""connection_id"": ""BC-e2ba90eddfdb93e6a640""}]"
WLC:Jer.17.10	strong	tevrat	motif	reward according to ways and deeds	YHWH searches heart and rewards every person according to ways and deeds, matching the pages' seen effort and full recompense.	87:19	"[{""line"": 37, ""strength"": ""strong"", ""tradition"": ""tevrat"", ""kind"": ""motif"", ""ref"": ""WLC:Jer.17.10"", ""basis"": ""reward according to ways and deeds"", ""note"": ""YHWH searches heart and rewards every person according to ways and deeds, matching the pages' seen effort and full recompense."", ""turn"": 1, ""model"": ""terra"", ""connection_id"": ""BC-d67227025f76aebeb37d""}]"
WLC:Jer.31.30	strong	tevrat	motif	each dies for their own sin	Jeremiah answers the inherited sour-grapes proverb by saying each person dies for their own sin, a direct correction of the idea that one generation bears another's guilt.	87:19	"[{""line"": 15, ""strength"": ""strong"", ""tradition"": ""tevrat"", ""kind"": ""motif"", ""ref"": ""WLC:Jer.31.30"", ""basis"": ""each dies for their own sin"", ""note"": ""Jeremiah answers the inherited sour-grapes proverb by saying each person dies for their own sin, a direct correction of the idea that one generation bears another's guilt."", ""turn"": 1, ""model"": ""luna"", ""connection_id"": ""BC-1974174757699725d587""}]"
WLC:Jer.31.33	strong	tevrat	motif	law written on hearts | Torah written on the heart	Alongside the commentary's word kept in an instructed memory and in written pages, Jeremiah promises that God will write the law on the people's hearts, giving an explicit inward-inscription image. | Torah is put within people and written on their hearts, illuminating the commentary's pairing of written sheet with retained speech.	87:19	"[{""line"": 76, ""strength"": ""strong"", ""tradition"": ""tevrat"", ""kind"": ""motif"", ""ref"": ""WLC:Jer.31.33"", ""basis"": ""law written on hearts"", ""note"": ""Alongside the commentary's word kept in an instructed memory and in written pages, Jeremiah promises that God will write the law on the people's hearts, giving an explicit inward-inscription image."", ""turn"": 2, ""model"": ""luna"", ""connection_id"": ""BC-d33b803e5270ee96b45e""}, {""line"": 7, ""strength"": ""strong"", ""tradition"": ""tevrat"", ""kind"": ""motif"", ""ref"": ""WLC:Jer.31.33"", ""basis"": ""Torah written on the heart"", ""note"": ""Torah is put within people and written on their hearts, illuminating the commentary's pairing of written sheet with retained speech."", ""turn"": 1, ""model"": ""terra"", ""connection_id"": ""BC-c5aef693c18340e21334""}]"
WLC:Jer.36.23	strong	tevrat	motif	royal destruction of a scroll | scroll cut and burned	Jehoiakim cuts and burns Jeremiah's written scroll, giving a concrete instance of the commentary's point that a page can be damaged or suppressed by human hands. | Jehoiakim cuts and burns the columns of Jeremiah's scroll, supplying a specific material danger to written leaves.	87:19	"[{""line"": 5, ""strength"": ""strong"", ""tradition"": ""tevrat"", ""kind"": ""motif"", ""ref"": ""WLC:Jer.36.23"", ""basis"": ""royal destruction of a scroll"", ""note"": ""Jehoiakim cuts and burns Jeremiah's written scroll, giving a concrete instance of the commentary's point that a page can be damaged or suppressed by human hands."", ""turn"": 1, ""model"": ""luna"", ""connection_id"": ""BC-310052511f95b55f2da7""}, {""line"": 15, ""strength"": ""strong"", ""tradition"": ""tevrat"", ""kind"": ""motif"", ""ref"": ""WLC:Jer.36.23"", ""basis"": ""scroll cut and burned"", ""note"": ""Jehoiakim cuts and burns the columns of Jeremiah's scroll, supplying a specific material danger to written leaves."", ""turn"": 1, ""model"": ""terra"", ""connection_id"": ""BC-9b5b13ed06b7e568b40d""}]"
WLC:Jer.36.24	strong	tevrat	karsi_anlati	king refuses to fear after hearing the scroll	After hearing Jeremiah's scroll, the king and servants show no fear and do not tear their clothes; this is a concrete counter-scene to the commentary's claim that the hearer who fears takes the admonition to heart.	87:19	"[{""line"": 109, ""strength"": ""strong"", ""tradition"": ""tevrat"", ""kind"": ""karsi_anlati"", ""ref"": ""WLC:Jer.36.24"", ""basis"": ""king refuses to fear after hearing the scroll"", ""note"": ""After hearing Jeremiah's scroll, the king and servants show no fear and do not tear their clothes; this is a concrete counter-scene to the commentary's claim that the hearer who fears takes the admonition to heart."", ""turn"": 2, ""model"": ""luna"", ""connection_id"": ""BC-2cc25a847917b710e51a""}]"
WLC:Jer.36.28	strong	tevrat	motif	scroll written again | another scroll with former words	After the king burns the scroll, Jeremiah is told to write its words again; the message outlasts a vulnerable sheet, paralleling the commentary's contrast between fragile writing and enduring speech. | After the scroll's destruction, Jeremiah is commanded to write all the former words on another scroll; the enduring message outlives its vulnerable carrier.	87:19	"[{""line"": 6, ""strength"": ""strong"", ""tradition"": ""tevrat"", ""kind"": ""motif"", ""ref"": ""WLC:Jer.36.28"", ""basis"": ""scroll written again"", ""note"": ""After the king burns the scroll, Jeremiah is told to write its words again; the message outlasts a vulnerable sheet, paralleling the commentary's contrast between fragile writing and enduring speech."", ""turn"": 1, ""model"": ""luna"", ""connection_id"": ""BC-c9d871406e87c2f0858f""}, {""line"": 16, ""strength"": ""strong"", ""tradition"": ""tevrat"", ""kind"": ""motif"", ""ref"": ""WLC:Jer.36.28"", ""basis"": ""another scroll with former words"", ""note"": ""After the scroll's destruction, Jeremiah is commanded to write all the former words on another scroll; the enduring message outlives its vulnerable carrier."", ""turn"": 1, ""model"": ""terra"", ""connection_id"": ""BC-5228bef8045b512741e1""}]"
WLC:Josh.24.2	strong	tevrat	paralel	Terah's house serves other gods	Joshua identifies Terah's house as serving other gods, setting the inherited idolatry against which the commentary portrays Abraham's break.	87:19	"[{""line"": 20, ""strength"": ""strong"", ""tradition"": ""tevrat"", ""kind"": ""paralel"", ""ref"": ""WLC:Josh.24.2"", ""basis"": ""Terah's house serves other gods"", ""note"": ""Joshua identifies Terah's house as serving other gods, setting the inherited idolatry against which the commentary portrays Abraham's break."", ""turn"": 1, ""model"": ""terra"", ""connection_id"": ""BC-edd10f6a4661a39cb070""}]"
WLC:Mal.3.16	strong	tevrat	motif	book of remembrance and the divine name | book of remembrance, fear, name	Malachi says a book of remembrance is written for those who fear the Lord and esteem his name; this links the commentary's fear, remembrance, prayerful naming, and preserved record. | A book of remembrance is written for people who fear YHWH and esteem his name, uniquely combining divine record, fear, and name-remembrance.	87:19	"[{""line"": 7, ""strength"": ""strong"", ""tradition"": ""tevrat"", ""kind"": ""motif"", ""ref"": ""WLC:Mal.3.16"", ""basis"": ""book of remembrance and the divine name"", ""note"": ""Malachi says a book of remembrance is written for those who fear the Lord and esteem his name; this links the commentary's fear, remembrance, prayerful naming, and preserved record."", ""turn"": 1, ""model"": ""luna"", ""connection_id"": ""BC-f2c4890ae6d4e884db37""}, {""line"": 41, ""strength"": ""strong"", ""tradition"": ""tevrat"", ""kind"": ""motif"", ""ref"": ""WLC:Mal.3.16"", ""basis"": ""book of remembrance, fear, name"", ""note"": ""A book of remembrance is written for people who fear YHWH and esteem his name, uniquely combining divine record, fear, and name-remembrance."", ""turn"": 1, ""model"": ""terra"", ""connection_id"": ""BC-f113f956ed14b7a2b53f""}]"
WLC:Neh.8.8	strong	tevrat	motif	reading and explanation of the book | read, interpret, understand	The law is read from the book and interpreted so the hearers understand; this illuminates the commentary's messenger who voices written pages rather than relying on silent inspection alone. | Levites read the book and give its sense so hearers understand; it concretely answers the commentary's concern that a page alone does not guarantee right reading.	87:19	"[{""line"": 12, ""strength"": ""strong"", ""tradition"": ""tevrat"", ""kind"": ""motif"", ""ref"": ""WLC:Neh.8.8"", ""basis"": ""reading and explanation of the book"", ""note"": ""The law is read from the book and interpreted so the hearers understand; this illuminates the commentary's messenger who voices written pages rather than relying on silent inspection alone."", ""turn"": 1, ""model"": ""luna"", ""connection_id"": ""BC-c45d182380e1d64c3438""}, {""line"": 8, ""strength"": ""strong"", ""tradition"": ""tevrat"", ""kind"": ""motif"", ""ref"": ""WLC:Neh.8.8"", ""basis"": ""read, interpret, understand"", ""note"": ""Levites read the book and give its sense so hearers understand; it concretely answers the commentary's concern that a page alone does not guarantee right reading."", ""turn"": 1, ""model"": ""terra"", ""connection_id"": ""BC-5b631f1c0d428cf6d161""}]"
WLC:Prov.10.7	medium	tevrat	motif	righteous memory is a blessing	Proverbs contrasts the blessed remembrance of the righteous with the decaying name of the wicked; this adds a wisdom formulation for the commentary's names of Abraham and Moses preserved among later people.	87:19	"[{""line"": 114, ""strength"": ""medium"", ""tradition"": ""tevrat"", ""kind"": ""motif"", ""ref"": ""WLC:Prov.10.7"", ""basis"": ""righteous memory is a blessing"", ""note"": ""Proverbs contrasts the blessed remembrance of the righteous with the decaying name of the wicked; this adds a wisdom formulation for the commentary's names of Abraham and Moses preserved among later people."", ""turn"": 2, ""model"": ""luna"", ""connection_id"": ""BC-c70b97d1dd63e8727814""}]"
WLC:Prov.15.1	medium	tevrat	motif	soft answer turns away wrath	The proverb says a gentle answer turns away anger; this gives a wisdom-text counterpart to Moses being commanded to speak gently to Pharaoh.	87:19	"[{""line"": 113, ""strength"": ""medium"", ""tradition"": ""tevrat"", ""kind"": ""motif"", ""ref"": ""WLC:Prov.15.1"", ""basis"": ""soft answer turns away wrath"", ""note"": ""The proverb says a gentle answer turns away anger; this gives a wisdom-text counterpart to Moses being commanded to speak gently to Pharaoh."", ""turn"": 2, ""model"": ""luna"", ""connection_id"": ""BC-50d9fb5d888f0099b9b2""}]"
WLC:Prov.24.12	strong	tevrat	motif	God weighs the heart and repays each person	Proverbs says the one who weighs hearts knows and repays each according to deeds; this closely matches the commentary's reading that labor is seen and no one answers for another.	87:19	"[{""line"": 86, ""strength"": ""strong"", ""tradition"": ""tevrat"", ""kind"": ""motif"", ""ref"": ""WLC:Prov.24.12"", ""basis"": ""God weighs the heart and repays each person"", ""note"": ""Proverbs says the one who weighs hearts knows and repays each according to deeds; this closely matches the commentary's reading that labor is seen and no one answers for another."", ""turn"": 2, ""model"": ""luna"", ""connection_id"": ""BC-08ee9e5d6efaddf2c43c""}]"
WLC:Ps.1.3	medium	tevrat	motif	tree planted by water remains fruitful	The psalm's watered tree whose leaf does not wither contrasts with the commentary's pasture that dries; its righteous-tree image also gives a counterpart to the surah's successful purified person.	87:19	"[{""line"": 63, ""strength"": ""medium"", ""tradition"": ""tevrat"", ""kind"": ""motif"", ""ref"": ""WLC:Ps.1.3"", ""basis"": ""tree planted by water remains fruitful"", ""note"": ""The psalm's watered tree whose leaf does not wither contrasts with the commentary's pasture that dries; its righteous-tree image also gives a counterpart to the surah's successful purified person."", ""turn"": 1, ""model"": ""luna"", ""connection_id"": ""BC-92a0c422f24ad77f1f18""}]"
WLC:Ps.1.4	medium	tevrat	motif	wicked as windblown chaff	The psalm likens the wicked to chaff driven away, a specific plant-and-wind image that complements the commentary's pasture withering and the rejecter facing loss.	87:19	"[{""line"": 64, ""strength"": ""medium"", ""tradition"": ""tevrat"", ""kind"": ""motif"", ""ref"": ""WLC:Ps.1.4"", ""basis"": ""wicked as windblown chaff"", ""note"": ""The psalm likens the wicked to chaff driven away, a specific plant-and-wind image that complements the commentary's pasture withering and the rejecter facing loss."", ""turn"": 1, ""model"": ""luna"", ""connection_id"": ""BC-bf1bdb81cea4e17d411f""}]"
WLC:Ps.103.15	medium	tevrat	motif	human life like grass and a flower	The psalm says human life flourishes briefly like field grass and then disappears; it makes the commentary's contrast between the temporary worldly life and enduring revelation concrete.	87:19	"[{""line"": 65, ""strength"": ""medium"", ""tradition"": ""tevrat"", ""kind"": ""motif"", ""ref"": ""WLC:Ps.103.15"", ""basis"": ""human life like grass and a flower"", ""note"": ""The psalm says human life flourishes briefly like field grass and then disappears; it makes the commentary's contrast between the temporary worldly life and enduring revelation concrete."", ""turn"": 1, ""model"": ""luna"", ""connection_id"": ""BC-8d8db7bb3b7ab1018738""}]"
WLC:Ps.103.17	medium	tevrat	motif	steadfast love endures across generations	Against the fading human life, the psalm says the Lord's steadfast love is everlasting for those who fear him; this joins the commentary's fear, permanence, and transmission to later generations.	87:19	"[{""line"": 66, ""strength"": ""medium"", ""tradition"": ""tevrat"", ""kind"": ""motif"", ""ref"": ""WLC:Ps.103.17"", ""basis"": ""steadfast love endures across generations"", ""note"": ""Against the fading human life, the psalm says the Lord's steadfast love is everlasting for those who fear him; this joins the commentary's fear, permanence, and transmission to later generations."", ""turn"": 1, ""model"": ""luna"", ""connection_id"": ""BC-25da721bcfa55b16f9f9""}]"
WLC:Ps.104.14	medium	tevrat	motif	grass for cattle	God makes grass grow for cattle and plants for human use, closely matching the commentary's creator who brings out pasture and lets beasts graze.	87:19	"[{""line"": 33, ""strength"": ""medium"", ""tradition"": ""tevrat"", ""kind"": ""motif"", ""ref"": ""WLC:Ps.104.14"", ""basis"": ""grass for cattle"", ""note"": ""God makes grass grow for cattle and plants for human use, closely matching the commentary's creator who brings out pasture and lets beasts graze."", ""turn"": 1, ""model"": ""terra"", ""connection_id"": ""BC-cc1cc42b794375f57cda""}]"
WLC:Ps.119.11	strong	tevrat	motif	word stored in the heart	The psalmist stores God's word in the heart, a concise Hebrew counterpart to the commentary's second custody of revelation in a memorizing heart.	87:19	"[{""line"": 86, ""strength"": ""strong"", ""tradition"": ""tevrat"", ""kind"": ""motif"", ""ref"": ""WLC:Ps.119.11"", ""basis"": ""word stored in the heart"", ""note"": ""The psalmist stores God's word in the heart, a concise Hebrew counterpart to the commentary's second custody of revelation in a memorizing heart."", ""turn"": 2, ""model"": ""terra"", ""connection_id"": ""BC-2f6c0ed2cb45f94e6986""}]"
WLC:Ps.139.16	medium	tevrat	motif	days recorded in God's book | days written in God's book	The psalm says the speaker's days were written in God's book before they came to be; this parallels Moses' statement that the earliest generations are held in a book with God. | The psalm locates every formed day in God's book, an analogue to Moses' assertion that former generations' knowledge is recorded with the God who does not forget.	87:19	"[{""line"": 69, ""strength"": ""medium"", ""tradition"": ""tevrat"", ""kind"": ""motif"", ""ref"": ""WLC:Ps.139.16"", ""basis"": ""days recorded in God's book"", ""note"": ""The psalm says the speaker's days were written in God's book before they came to be; this parallels Moses' statement that the earliest generations are held in a book with God."", ""turn"": 1, ""model"": ""luna"", ""connection_id"": ""BC-ac616f65a72e7ee2fe38""}, {""line"": 42, ""strength"": ""medium"", ""tradition"": ""tevrat"", ""kind"": ""motif"", ""ref"": ""WLC:Ps.139.16"", ""basis"": ""days written in God's book"", ""note"": ""The psalm locates every formed day in God's book, an analogue to Moses' assertion that former generations' knowledge is recorded with the God who does not forget."", ""turn"": 1, ""model"": ""terra"", ""connection_id"": ""BC-9d84662ef4db07f690d1""}]"
WLC:Ps.145.4	medium	tevrat	motif	one generation tells the next of God's works	The psalm says one generation praises God's works to another; it gives a concrete liturgical practice for the later remembrance that closes the commentary's account of Abraham and Moses.	87:19	"[{""line"": 115, ""strength"": ""medium"", ""tradition"": ""tevrat"", ""kind"": ""motif"", ""ref"": ""WLC:Ps.145.4"", ""basis"": ""one generation tells the next of God's works"", ""note"": ""The psalm says one generation praises God's works to another; it gives a concrete liturgical practice for the later remembrance that closes the commentary's account of Abraham and Moses."", ""turn"": 2, ""model"": ""luna"", ""connection_id"": ""BC-b0672973f52ff0e0cccf""}]"
WLC:Ps.56.9	medium	tevrat	motif	tears kept in God's book	The psalm asks God to keep the speaker's tears in a bottle and record them in a book; it gives the commentary's divine book of old generations a personal image of what God does not forget.	87:19	"[{""line"": 68, ""strength"": ""medium"", ""tradition"": ""tevrat"", ""kind"": ""motif"", ""ref"": ""WLC:Ps.56.9"", ""basis"": ""tears kept in God's book"", ""note"": ""The psalm asks God to keep the speaker's tears in a bottle and record them in a book; it gives the commentary's divine book of old generations a personal image of what God does not forget."", ""turn"": 1, ""model"": ""luna"", ""connection_id"": ""BC-26bc896dd0ddd0592fac""}]"
WLC:Ps.78.6	medium	tevrat	motif	teaching passed to children not yet born	The psalm says the next generation should know the teaching and tell it to their children; this gives a scriptural model for old warning surviving through later hearers.	87:19	"[{""line"": 67, ""strength"": ""medium"", ""tradition"": ""tevrat"", ""kind"": ""motif"", ""ref"": ""WLC:Ps.78.6"", ""basis"": ""teaching passed to children not yet born"", ""note"": ""The psalm says the next generation should know the teaching and tell it to their children; this gives a scriptural model for old warning surviving through later hearers."", ""turn"": 1, ""model"": ""luna"", ""connection_id"": ""BC-01c8fc7e5e39169f9163""}]"
Wisdom 13:2	strong	tevrat	motif	created powers mistaken for gods	Wisdom lists fire, wind, stars, and heavenly luminaries mistaken for gods, a close conceptual companion to the star-moon-sun scene and its Creator conclusion.	87:19	"[{""line"": 24, ""strength"": ""strong"", ""tradition"": ""tevrat"", ""kind"": ""motif"", ""ref"": ""Wisdom 13:2"", ""basis"": ""created powers mistaken for gods"", ""note"": ""Wisdom lists fire, wind, stars, and heavenly luminaries mistaken for gods, a close conceptual companion to the star-moon-sun scene and its Creator conclusion."", ""turn"": 1, ""model"": ""terra"", ""connection_id"": ""BC-7db6e7eed1131292d6ba""}]"
Wisdom 13:5	strong	tevrat	motif	creator inferred from created beauty	Wisdom draws knowledge of the Maker from the greatness and beauty of creatures, supplying the Creator-side of the commentary's Abrahamic rejection of heavenly bodies.	87:19	"[{""line"": 87, ""strength"": ""strong"", ""tradition"": ""tevrat"", ""kind"": ""motif"", ""ref"": ""Wisdom 13:5"", ""basis"": ""creator inferred from created beauty"", ""note"": ""Wisdom draws knowledge of the Maker from the greatness and beauty of creatures, supplying the Creator-side of the commentary's Abrahamic rejection of heavenly bodies."", ""turn"": 2, ""model"": ""terra"", ""connection_id"": ""BC-de45e08df6d5f8fc3501""}]"
