ref	tier	tradition	kinds	basis	explanations	target	evidence
1 Clement 29:1	strong	incil	motif	pure hands lifted to God	The letter calls believers to approach God in holiness while lifting pure and undefiled hands. It combines moral cleansing, approach, and bodily prayer in almost the same compact pattern as the commentary.	87:15	"[{""line"": 46, ""strength"": ""strong"", ""tradition"": ""incil"", ""kind"": ""motif"", ""ref"": ""1 Clement 29:1"", ""basis"": ""pure hands lifted to God"", ""note"": ""The letter calls believers to approach God in holiness while lifting pure and undefiled hands. It combines moral cleansing, approach, and bodily prayer in almost the same compact pattern as the commentary."", ""turn"": 1, ""model"": ""terra"", ""connection_id"": ""BC-ff93b0e4446f32bc33e0""}]"
Didache 14:1	strong	incil	paralel	confession before the communal offering is made pure	The Didache directs the assembly to confess transgressions before giving thanks and breaking bread, so that its sacrifice may be pure. It is an early Christian liturgical sequence of purification into worship.	87:15	"[{""line"": 118, ""strength"": ""strong"", ""tradition"": ""incil"", ""kind"": ""paralel"", ""ref"": ""Didache 14:1"", ""basis"": ""confession before the communal offering is made pure"", ""note"": ""The Didache directs the assembly to confess transgressions before giving thanks and breaking bread, so that its sacrifice may be pure. It is an early Christian liturgical sequence of purification into worship."", ""turn"": 2, ""model"": ""terra"", ""connection_id"": ""BC-1974fd58b93c9f3e51bb""}]"
Didache 8.2-3	medium	incil	motif	Hallowing the name in a repeated daily prayer	The Didache transmits the Lord's Prayer with its hallowed-name petition and instructs its repeated daily recitation; it shows early Christian liturgy making the name-and-prayer connection habitual.	87:15	"[{""line"": 68, ""strength"": ""medium"", ""tradition"": ""incil"", ""kind"": ""motif"", ""ref"": ""Didache 8.2-3"", ""basis"": ""Hallowing the name in a repeated daily prayer"", ""note"": ""The Didache transmits the Lord's Prayer with its hallowed-name petition and instructs its repeated daily recitation; it shows early Christian liturgy making the name-and-prayer connection habitual."", ""turn"": 1, ""model"": ""luna"", ""connection_id"": ""BC-fdea09a3ae3a1f23bac0""}]"
Didache 8:2	medium	incil	motif	the Lord's Prayer three times each day	The Didache directs Christians to pray the Lord's Prayer three times daily. It supplies an early Christian ritualization of recurring Name-centered prayer, rather than a vague appeal to private devotion.	87:15	"[{""line"": 63, ""strength"": ""medium"", ""tradition"": ""incil"", ""kind"": ""motif"", ""ref"": ""Didache 8:2"", ""basis"": ""the Lord's Prayer three times each day"", ""note"": ""The Didache directs Christians to pray the Lord's Prayer three times daily. It supplies an early Christian ritualization of recurring Name-centered prayer, rather than a vague appeal to private devotion."", ""turn"": 1, ""model"": ""terra"", ""connection_id"": ""BC-d8e39793bed860f676a3""}]"
Peshitta, Matthew 6:5	strong	incil	soydas	Syriac ṣlōṯā for prayer	The Peshitta uses the Syriac cognate ṣlōṯā for prayer in Jesus' warning about hypocritical synagogue and street prayer; it shows the shared Semitic prayer term in a concrete liturgical context.	87:15	"[{""line"": 44, ""strength"": ""strong"", ""tradition"": ""incil"", ""kind"": ""soydas"", ""ref"": ""Peshitta, Matthew 6:5"", ""basis"": ""Syriac ṣlōṯā for prayer"", ""note"": ""The Peshitta uses the Syriac cognate ṣlōṯā for prayer in Jesus' warning about hypocritical synagogue and street prayer; it shows the shared Semitic prayer term in a concrete liturgical context."", ""turn"": 1, ""model"": ""luna"", ""connection_id"": ""BC-9c4fd05ee43a014dea84""}]"
Peshitta, Matthew 6:9	strong	incil	soydas	Syriac ṣlōṯā and hallowing the Name	In the Peshitta's Lord's Prayer the cognate ṣlōṯā introduces a prayer whose first petition hallows the Father's name, uniting the commentary's two key actions in one Semitic-language witness.	87:15	"[{""line"": 50, ""strength"": ""strong"", ""tradition"": ""incil"", ""kind"": ""soydas"", ""ref"": ""Peshitta, Matthew 6:9"", ""basis"": ""Syriac ṣlōṯā and hallowing the Name"", ""note"": ""In the Peshitta's Lord's Prayer the cognate ṣlōṯā introduces a prayer whose first petition hallows the Father's name, uniting the commentary's two key actions in one Semitic-language witness."", ""turn"": 1, ""model"": ""luna"", ""connection_id"": ""BC-bc9d46f6697cb2631efc""}]"
SBLGNT:1Cor.1.2	strong	incil	motif|paralel	A community calling on Jesus' name | sanctified people who call on the Lord's Name	Paul identifies the church with all who call on the name of Jesus as Lord; the ayah's single person's remembrance is here a shared communal practice. | Paul addresses people made holy in Christ together with all who call on the Lord's Name. Its combination of sanctification and common Name-invocation closely maps the commentary's purification-and-remembrance portrait, in a distinct Christian frame.	87:15	"[{""line"": 53, ""strength"": ""strong"", ""tradition"": ""incil"", ""kind"": ""motif"", ""ref"": ""SBLGNT:1Cor.1.2"", ""basis"": ""A community calling on Jesus' name"", ""note"": ""Paul identifies the church with all who call on the name of Jesus as Lord; the ayah's single person's remembrance is here a shared communal practice."", ""turn"": 1, ""model"": ""luna"", ""connection_id"": ""BC-feab9103a402ad63417a""}, {""line"": 14, ""strength"": ""strong"", ""tradition"": ""incil"", ""kind"": ""paralel"", ""ref"": ""SBLGNT:1Cor.1.2"", ""basis"": ""sanctified people who call on the Lord's Name"", ""note"": ""Paul addresses people made holy in Christ together with all who call on the Lord's Name. Its combination of sanctification and common Name-invocation closely maps the commentary's purification-and-remembrance portrait, in a distinct Christian frame."", ""turn"": 1, ""model"": ""terra"", ""connection_id"": ""BC-6c1686eaf9964caa6fa7""}]"
SBLGNT:1Cor.14.15	strong	incil	paralel	praying and singing with spirit and mind	Paul resolves to pray and sing both with spirit and with mind. The deliberately paired faculties make it a close comparison for the commentary's outward and inward registers of remembrance.	87:15	"[{""line"": 107, ""strength"": ""strong"", ""tradition"": ""incil"", ""kind"": ""paralel"", ""ref"": ""SBLGNT:1Cor.14.15"", ""basis"": ""praying and singing with spirit and mind"", ""note"": ""Paul resolves to pray and sing both with spirit and with mind. The deliberately paired faculties make it a close comparison for the commentary's outward and inward registers of remembrance."", ""turn"": 2, ""model"": ""terra"", ""connection_id"": ""BC-05dbd1fd832f2fb062a3""}]"
SBLGNT:1Cor.6.20	strong	incil	motif	glorifying God in the body	Those bought at a price are told to glorify God in their body. It gives an unusually compact New Testament statement that bodily life can enact the praise owed to God.	87:15	"[{""line"": 106, ""strength"": ""strong"", ""tradition"": ""incil"", ""kind"": ""motif"", ""ref"": ""SBLGNT:1Cor.6.20"", ""basis"": ""glorifying God in the body"", ""note"": ""Those bought at a price are told to glorify God in their body. It gives an unusually compact New Testament statement that bodily life can enact the praise owed to God."", ""turn"": 2, ""model"": ""terra"", ""connection_id"": ""BC-eccd039c6d3d651795cf""}]"
SBLGNT:1Cor.9.24	weak	incil	motif	The runner's race as disciplined religious effort	The commentary records a secondary Arabic use of ṣallā for a horse immediately following the leader; Paul uses a footrace to describe striving for an imperishable prize, a plausible race image parallel that does not define the ayah's prayer verb.	87:15	"[{""line"": 125, ""strength"": ""weak"", ""tradition"": ""incil"", ""kind"": ""motif"", ""ref"": ""SBLGNT:1Cor.9.24"", ""basis"": ""The runner's race as disciplined religious effort"", ""note"": ""The commentary records a secondary Arabic use of ṣallā for a horse immediately following the leader; Paul uses a footrace to describe striving for an imperishable prize, a plausible race image parallel that does not define the ayah's prayer verb."", ""turn"": 2, ""model"": ""luna"", ""connection_id"": ""BC-596b5e68532552e3d94a""}]"
SBLGNT:1Cor.9.27	weak	incil	motif	The body disciplined in the race	Paul says he disciplines his body and makes it his servant; this is a limited counterpart to the commentary's bodily and race-following secondary imagery, not a claim that prayer means athletic training.	87:15	"[{""line"": 126, ""strength"": ""weak"", ""tradition"": ""incil"", ""kind"": ""motif"", ""ref"": ""SBLGNT:1Cor.9.27"", ""basis"": ""The body disciplined in the race"", ""note"": ""Paul says he disciplines his body and makes it his servant; this is a limited counterpart to the commentary's bodily and race-following secondary imagery, not a claim that prayer means athletic training."", ""turn"": 2, ""model"": ""luna"", ""connection_id"": ""BC-62dcff9784afbf179ccc""}]"
SBLGNT:1John.1.9	strong	incil	paralel	confession followed by forgiveness and cleansing	Confession brings God's forgiveness and cleansing from all unrighteousness. The verse offers a tightly connected Christian account of voiced acknowledgement and divine purification.	87:15	"[{""line"": 115, ""strength"": ""strong"", ""tradition"": ""incil"", ""kind"": ""paralel"", ""ref"": ""SBLGNT:1John.1.9"", ""basis"": ""confession followed by forgiveness and cleansing"", ""note"": ""Confession brings God's forgiveness and cleansing from all unrighteousness. The verse offers a tightly connected Christian account of voiced acknowledgement and divine purification."", ""turn"": 2, ""model"": ""terra"", ""connection_id"": ""BC-396f606525a0ed3946ed""}]"
SBLGNT:1John.2.17	strong	incil	paralel	the passing world and the enduring doer of God's will	The world and its desire pass away, whereas the one doing God's will remains forever. This is a direct New Testament counterpart to the commentary's contrast between preferring worldly life and the better, lasting end.	87:15	"[{""line"": 47, ""strength"": ""strong"", ""tradition"": ""incil"", ""kind"": ""paralel"", ""ref"": ""SBLGNT:1John.2.17"", ""basis"": ""the passing world and the enduring doer of God's will"", ""note"": ""The world and its desire pass away, whereas the one doing God's will remains forever. This is a direct New Testament counterpart to the commentary's contrast between preferring worldly life and the better, lasting end."", ""turn"": 1, ""model"": ""terra"", ""connection_id"": ""BC-5015e19163edd1254dd1""}]"
SBLGNT:1Pet.1.7	medium	incil	motif	faith tested by fire and resulting praise	Faith tested by fire is compared to refined gold and is said to result in praise, glory, and honor. It provides a Christian refinement-and-praise development beside the commentary's carefully qualified fire imagery.	87:15	"[{""line"": 68, ""strength"": ""medium"", ""tradition"": ""incil"", ""kind"": ""motif"", ""ref"": ""SBLGNT:1Pet.1.7"", ""basis"": ""faith tested by fire and resulting praise"", ""note"": ""Faith tested by fire is compared to refined gold and is said to result in praise, glory, and honor. It provides a Christian refinement-and-praise development beside the commentary's carefully qualified fire imagery."", ""turn"": 1, ""model"": ""terra"", ""connection_id"": ""BC-9bcfc02571043886df89""}]"
SBLGNT:1Pet.2.5	medium	incil	motif	A people formed as a spiritual house and priesthood	Believers are built into a spiritual house to offer spiritual sacrifices; this recasts the commentary's many worship houses as a worshipping community.	87:15	"[{""line"": 121, ""strength"": ""medium"", ""tradition"": ""incil"", ""kind"": ""motif"", ""ref"": ""SBLGNT:1Pet.2.5"", ""basis"": ""A people formed as a spiritual house and priesthood"", ""note"": ""Believers are built into a spiritual house to offer spiritual sacrifices; this recasts the commentary's many worship houses as a worshipping community."", ""turn"": 2, ""model"": ""luna"", ""connection_id"": ""BC-4714873f434c49042fb8""}]"
SBLGNT:1Thess.5.17	strong	incil	motif	Prayer as an ongoing practice	Paul's short instruction to pray continually makes prayer a sustained orientation rather than an isolated utterance, matching the commentary's completed life portrait.	87:15	"[{""line"": 58, ""strength"": ""strong"", ""tradition"": ""incil"", ""kind"": ""motif"", ""ref"": ""SBLGNT:1Thess.5.17"", ""basis"": ""Prayer as an ongoing practice"", ""note"": ""Paul's short instruction to pray continually makes prayer a sustained orientation rather than an isolated utterance, matching the commentary's completed life portrait."", ""turn"": 1, ""model"": ""luna"", ""connection_id"": ""BC-48569c7fe2a24b6778b0""}]"
SBLGNT:1Tim.2.8	strong	incil	motif|paralel	Prayer with lifted holy hands and clean relations | prayer with holy raised hands	Paul wants men to pray everywhere, lifting holy hands without anger or dispute; this is a specific embodied prayer whose moral posture matters. | The instruction to pray everywhere while lifting holy hands makes moral purity and a visible bodily posture conditions of prayer. It directly complements the commentary's mouth-to-body account of salāt.	87:15	"[{""line"": 114, ""strength"": ""strong"", ""tradition"": ""incil"", ""kind"": ""motif"", ""ref"": ""SBLGNT:1Tim.2.8"", ""basis"": ""Prayer with lifted holy hands and clean relations"", ""note"": ""Paul wants men to pray everywhere, lifting holy hands without anger or dispute; this is a specific embodied prayer whose moral posture matters."", ""turn"": 2, ""model"": ""luna"", ""connection_id"": ""BC-8e63fc90f732d5d89013""}, {""line"": 23, ""strength"": ""strong"", ""tradition"": ""incil"", ""kind"": ""paralel"", ""ref"": ""SBLGNT:1Tim.2.8"", ""basis"": ""prayer with holy raised hands"", ""note"": ""The instruction to pray everywhere while lifting holy hands makes moral purity and a visible bodily posture conditions of prayer. It directly complements the commentary's mouth-to-body account of salāt."", ""turn"": 1, ""model"": ""terra"", ""connection_id"": ""BC-1b35779498ba68943271""}]"
SBLGNT:1Tim.4.5	medium	incil	motif	things sanctified through God's word and prayer	A created thing is said to be sanctified through God's word and prayer. It provides a distinct Christian use of prayer as a consecrating act, rather than simply as petition or praise.	87:15	"[{""line"": 126, ""strength"": ""medium"", ""tradition"": ""incil"", ""kind"": ""motif"", ""ref"": ""SBLGNT:1Tim.4.5"", ""basis"": ""things sanctified through God's word and prayer"", ""note"": ""A created thing is said to be sanctified through God's word and prayer. It provides a distinct Christian use of prayer as a consecrating act, rather than simply as petition or praise."", ""turn"": 2, ""model"": ""terra"", ""connection_id"": ""BC-f56f2f1ec98ca214c3f7""}]"
SBLGNT:2Tim.1.3	strong	incil	motif	remembering a person in petitions night and day	Paul says he remembers Timothy unceasingly in his petitions night and day. The verse supplies a concrete Christian instance in which remembrance is itself maintained through ongoing prayer for another.	87:15	"[{""line"": 112, ""strength"": ""strong"", ""tradition"": ""incil"", ""kind"": ""motif"", ""ref"": ""SBLGNT:2Tim.1.3"", ""basis"": ""remembering a person in petitions night and day"", ""note"": ""Paul says he remembers Timothy unceasingly in his petitions night and day. The verse supplies a concrete Christian instance in which remembrance is itself maintained through ongoing prayer for another."", ""turn"": 2, ""model"": ""terra"", ""connection_id"": ""BC-7eac86dc34a17b62f5bb""}]"
SBLGNT:2Tim.2.19	strong	incil	motif	Naming the Lord entails turning from evil	The saying joins everyone who names the Lord's name with departure from unrighteousness; it makes the commentary's purification and invocation a linked ethical identity.	87:15	"[{""line"": 54, ""strength"": ""strong"", ""tradition"": ""incil"", ""kind"": ""motif"", ""ref"": ""SBLGNT:2Tim.2.19"", ""basis"": ""Naming the Lord entails turning from evil"", ""note"": ""The saying joins everyone who names the Lord's name with departure from unrighteousness; it makes the commentary's purification and invocation a linked ethical identity."", ""turn"": 1, ""model"": ""luna"", ""connection_id"": ""BC-ea5ee7d3cc904147ba74""}]"
SBLGNT:2Tim.2.8	medium	incil	motif	remember Jesus Christ raised from the dead	The imperative to remember Jesus Christ gives the New Testament a direct remembrance command whose content is proclamation of resurrection. It is relevant to the commentary's dhikr chain while preserving its specifically Christian object.	87:15	"[{""line"": 65, ""strength"": ""medium"", ""tradition"": ""incil"", ""kind"": ""motif"", ""ref"": ""SBLGNT:2Tim.2.8"", ""basis"": ""remember Jesus Christ raised from the dead"", ""note"": ""The imperative to remember Jesus Christ gives the New Testament a direct remembrance command whose content is proclamation of resurrection. It is relevant to the commentary's dhikr chain while preserving its specifically Christian object."", ""turn"": 1, ""model"": ""terra"", ""connection_id"": ""BC-8c50b6556bb33eeef137""}]"
SBLGNT:Acts.10.2	strong	incil	motif	Cornelius prays continually and gives alms	Cornelius is described as devout, God-fearing, generous to the poor, and constant in prayer; this is a specific portrait in which ethical giving and prayer mark one person.	87:15	"[{""line"": 55, ""strength"": ""strong"", ""tradition"": ""incil"", ""kind"": ""motif"", ""ref"": ""SBLGNT:Acts.10.2"", ""basis"": ""Cornelius prays continually and gives alms"", ""note"": ""Cornelius is described as devout, God-fearing, generous to the poor, and constant in prayer; this is a specific portrait in which ethical giving and prayer mark one person."", ""turn"": 1, ""model"": ""luna"", ""connection_id"": ""BC-00c6f3cf3345f6d2cb3e""}]"
SBLGNT:Acts.10.4	strong	incil	motif	Prayers and alms as a memorial before God	The angel says Cornelius' prayers and alms have ascended as a memorial before God; the scene joins prayer, ethical action, and remembrance with a reversal in which God receives the remembrance.	87:15	"[{""line"": 56, ""strength"": ""strong"", ""tradition"": ""incil"", ""kind"": ""motif"", ""ref"": ""SBLGNT:Acts.10.4"", ""basis"": ""Prayers and alms as a memorial before God"", ""note"": ""The angel says Cornelius' prayers and alms have ascended as a memorial before God; the scene joins prayer, ethical action, and remembrance with a reversal in which God receives the remembrance."", ""turn"": 1, ""model"": ""luna"", ""connection_id"": ""BC-328a81fb0eed3ea69848""}]"
SBLGNT:Acts.13.2	medium	incil	motif	communal worship and fasting followed by divine direction	While the Antiochene community worships the Lord and fasts, the Holy Spirit gives a directive. The scene offers a concrete continuation of the commentary's reminder-to-action pattern within communal liturgy.	87:15	"[{""line"": 125, ""strength"": ""medium"", ""tradition"": ""incil"", ""kind"": ""motif"", ""ref"": ""SBLGNT:Acts.13.2"", ""basis"": ""communal worship and fasting followed by divine direction"", ""note"": ""While the Antiochene community worships the Lord and fasts, the Holy Spirit gives a directive. The scene offers a concrete continuation of the commentary's reminder-to-action pattern within communal liturgy."", ""turn"": 2, ""model"": ""terra"", ""connection_id"": ""BC-2a35d0299c5336f436b0""}]"
SBLGNT:Acts.2.42	medium	incil	motif	A community devoted to prayers and shared worship	The first believers persist in teaching, fellowship, breaking bread, and prayers; this gives a communal form to the commentary's individual portrait without making prayer an isolated act.	87:15	"[{""line"": 118, ""strength"": ""medium"", ""tradition"": ""incil"", ""kind"": ""motif"", ""ref"": ""SBLGNT:Acts.2.42"", ""basis"": ""A community devoted to prayers and shared worship"", ""note"": ""The first believers persist in teaching, fellowship, breaking bread, and prayers; this gives a communal form to the commentary's individual portrait without making prayer an isolated act."", ""turn"": 2, ""model"": ""luna"", ""connection_id"": ""BC-d054881cdb9532c9345f""}]"
SBLGNT:Acts.22.16	strong	incil	karsi_anlati|paralel	Wash away sins and call on the name | washing sins while calling on Jesus' Name	Ananias tells Saul to be baptized, wash away sins, and call on Jesus' name; this tightly combines purification, invocation, and embodied religious action. | Ananias tells Paul to rise, be baptized, wash away his sins, and call on Jesus' Name. The verse tightly joins purification, embodied rite, and invocation, while its baptismal and Christological specification offers a substantive Christian configuration of the triad.	87:15	"[{""line"": 45, ""strength"": ""strong"", ""tradition"": ""incil"", ""kind"": ""paralel"", ""ref"": ""SBLGNT:Acts.22.16"", ""basis"": ""Wash away sins and call on the name"", ""note"": ""Ananias tells Saul to be baptized, wash away sins, and call on Jesus' name; this tightly combines purification, invocation, and embodied religious action."", ""turn"": 1, ""model"": ""luna"", ""connection_id"": ""BC-900beffccd8a9f57a0af""}, {""line"": 11, ""strength"": ""strong"", ""tradition"": ""incil"", ""kind"": ""karsi_anlati"", ""ref"": ""SBLGNT:Acts.22.16"", ""basis"": ""washing sins while calling on Jesus' Name"", ""note"": ""Ananias tells Paul to rise, be baptized, wash away his sins, and call on Jesus' Name. The verse tightly joins purification, embodied rite, and invocation, while its baptismal and Christological specification offers a substantive Christian configuration of the triad."", ""turn"": 1, ""model"": ""terra"", ""connection_id"": ""BC-3d8d9ea520d728dfdf8c""}]"
SBLGNT:Acts.3.1	medium	incil	motif	the appointed hour of prayer at the temple	Peter and John go up to the temple at the hour of prayer. It offers an early Christian scene of continuing scheduled prayer within a named sacred space.	87:15	"[{""line"": 123, ""strength"": ""medium"", ""tradition"": ""incil"", ""kind"": ""motif"", ""ref"": ""SBLGNT:Acts.3.1"", ""basis"": ""the appointed hour of prayer at the temple"", ""note"": ""Peter and John go up to the temple at the hour of prayer. It offers an early Christian scene of continuing scheduled prayer within a named sacred space."", ""turn"": 2, ""model"": ""terra"", ""connection_id"": ""BC-329a34906c6cb3b733e8""}]"
SBLGNT:Acts.4.12	medium	incil	karsi_anlati	salvation in no other Name	Peter declares that salvation is found in no other name under heaven given among human beings. It deliberately narrows the Name-salvation relationship to Jesus, so its difference from the Qur'anic Lord-name formulation is a substantive comparison rather than a loose parallel.	87:15	"[{""line"": 70, ""strength"": ""medium"", ""tradition"": ""incil"", ""kind"": ""karsi_anlati"", ""ref"": ""SBLGNT:Acts.4.12"", ""basis"": ""salvation in no other Name"", ""note"": ""Peter declares that salvation is found in no other name under heaven given among human beings. It deliberately narrows the Name-salvation relationship to Jesus, so its difference from the Qur'anic Lord-name formulation is a substantive comparison rather than a loose parallel."", ""turn"": 1, ""model"": ""terra"", ""connection_id"": ""BC-a8fd68388235c6101c2f""}]"
SBLGNT:Acts.7.48	medium	incil	motif	The Most High is not contained in handmade houses	Stephen says the Most High does not dwell in houses made by human hands; this qualifies the commentary's extension from one person's prayer to named worship buildings by placing God's presence beyond their walls.	87:15	"[{""line"": 119, ""strength"": ""medium"", ""tradition"": ""incil"", ""kind"": ""motif"", ""ref"": ""SBLGNT:Acts.7.48"", ""basis"": ""The Most High is not contained in handmade houses"", ""note"": ""Stephen says the Most High does not dwell in houses made by human hands; this qualifies the commentary's extension from one person's prayer to named worship buildings by placing God's presence beyond their walls."", ""turn"": 2, ""model"": ""luna"", ""connection_id"": ""BC-2bc307adcde4ac0cbd38""}]"
SBLGNT:Col.3.16	strong	incil	paralel	word dwelling within and gratitude sung to God	The word of Christ is to dwell richly among believers through teaching, admonition, and grateful singing to God. It gives a churchly analogue to the commentary's dhikr as a preserved word active in heart, mouth, and communal practice.	87:15	"[{""line"": 110, ""strength"": ""strong"", ""tradition"": ""incil"", ""kind"": ""paralel"", ""ref"": ""SBLGNT:Col.3.16"", ""basis"": ""word dwelling within and gratitude sung to God"", ""note"": ""The word of Christ is to dwell richly among believers through teaching, admonition, and grateful singing to God. It gives a churchly analogue to the commentary's dhikr as a preserved word active in heart, mouth, and communal practice."", ""turn"": 2, ""model"": ""terra"", ""connection_id"": ""BC-62b4a3b73b1b63bf6b4e""}]"
SBLGNT:Col.3.17	strong	incil	motif|paralel	Every word and deed done in the Lord's name | word and deed done in the Lord's Name	Paul tells the community to do every word and deed in Jesus' name, giving thanks to the Father; this closely joins voiced remembrance, bodily action, and gratitude. | Whatever believers do in word or deed is to be done in the Name of the Lord Jesus with thanksgiving to God. It makes the named Lord the bridge between speech and embodied action.	87:15	"[{""line"": 113, ""strength"": ""strong"", ""tradition"": ""incil"", ""kind"": ""motif"", ""ref"": ""SBLGNT:Col.3.17"", ""basis"": ""Every word and deed done in the Lord's name"", ""note"": ""Paul tells the community to do every word and deed in Jesus' name, giving thanks to the Father; this closely joins voiced remembrance, bodily action, and gratitude."", ""turn"": 2, ""model"": ""luna"", ""connection_id"": ""BC-eb9a0ebb37430bdd4ff3""}, {""line"": 111, ""strength"": ""strong"", ""tradition"": ""incil"", ""kind"": ""paralel"", ""ref"": ""SBLGNT:Col.3.17"", ""basis"": ""word and deed done in the Lord's Name"", ""note"": ""Whatever believers do in word or deed is to be done in the Name of the Lord Jesus with thanksgiving to God. It makes the named Lord the bridge between speech and embodied action."", ""turn"": 2, ""model"": ""terra"", ""connection_id"": ""BC-268c13da1224a270a2da""}]"
SBLGNT:Col.3.2	medium	incil	motif	setting the mind above rather than on earth	Paul commands believers to set their minds on what is above and not on earthly things. It makes the commentary's adjacent criticism of preferring worldly life into a concrete Christian ascetical instruction.	87:15	"[{""line"": 69, ""strength"": ""medium"", ""tradition"": ""incil"", ""kind"": ""motif"", ""ref"": ""SBLGNT:Col.3.2"", ""basis"": ""setting the mind above rather than on earth"", ""note"": ""Paul commands believers to set their minds on what is above and not on earthly things. It makes the commentary's adjacent criticism of preferring worldly life into a concrete Christian ascetical instruction."", ""turn"": 1, ""model"": ""terra"", ""connection_id"": ""BC-54b1564f9a97368030b5""}]"
SBLGNT:Eph.5.19	strong	incil	motif|paralel	Psalms and songs voiced from the heart | spoken psalms and heart-song to the Lord	The community is told to address one another in psalms, hymns, and spiritual songs, singing from the heart; this connects audible and inward praise as in the commentary's account of remembrance. | Believers address one another in psalms, hymns, and spiritual songs while singing and making melody in their hearts to the Lord. It joins communal voiced praise to interior devotion without collapsing either into the other.	87:15	"[{""line"": 116, ""strength"": ""medium"", ""tradition"": ""incil"", ""kind"": ""motif"", ""ref"": ""SBLGNT:Eph.5.19"", ""basis"": ""Psalms and songs voiced from the heart"", ""note"": ""The community is told to address one another in psalms, hymns, and spiritual songs, singing from the heart; this connects audible and inward praise as in the commentary's account of remembrance."", ""turn"": 2, ""model"": ""luna"", ""connection_id"": ""BC-a2f08367926064413137""}, {""line"": 108, ""strength"": ""strong"", ""tradition"": ""incil"", ""kind"": ""paralel"", ""ref"": ""SBLGNT:Eph.5.19"", ""basis"": ""spoken psalms and heart-song to the Lord"", ""note"": ""Believers address one another in psalms, hymns, and spiritual songs while singing and making melody in their hearts to the Lord. It joins communal voiced praise to interior devotion without collapsing either into the other."", ""turn"": 2, ""model"": ""terra"", ""connection_id"": ""BC-ebe463f38744bea83d4d""}]"
SBLGNT:Eph.5.20	strong	incil	motif|paralel	Thanksgiving to God in Jesus' name | thanksgiving to the Father in Jesus' Name	The next verse commands continual thanks to God the Father in Jesus' name, explicitly binding remembrance of the name to prayerful gratitude. | The community gives thanks always to God the Father in the Name of the Lord Jesus Christ. It provides a clear Christian formula in which named Lordship governs verbal worship.	87:15	"[{""line"": 117, ""strength"": ""strong"", ""tradition"": ""incil"", ""kind"": ""motif"", ""ref"": ""SBLGNT:Eph.5.20"", ""basis"": ""Thanksgiving to God in Jesus' name"", ""note"": ""The next verse commands continual thanks to God the Father in Jesus' name, explicitly binding remembrance of the name to prayerful gratitude."", ""turn"": 2, ""model"": ""luna"", ""connection_id"": ""BC-09da1348b974e109912a""}, {""line"": 109, ""strength"": ""strong"", ""tradition"": ""incil"", ""kind"": ""paralel"", ""ref"": ""SBLGNT:Eph.5.20"", ""basis"": ""thanksgiving to the Father in Jesus' Name"", ""note"": ""The community gives thanks always to God the Father in the Name of the Lord Jesus Christ. It provides a clear Christian formula in which named Lordship governs verbal worship."", ""turn"": 2, ""model"": ""terra"", ""connection_id"": ""BC-a7a42344d768b20dc435""}]"
SBLGNT:Heb.10.22	strong	incil	motif|paralel	Draw near with cleansed hearts and washed bodies | drawing near with cleansed heart and washed body	The community is invited to draw near with sincere hearts, hearts cleansed from an evil conscience, and bodies washed; this closely joins purification to embodied approach in prayer. | The exhortation to draw near to God specifies both hearts sprinkled clean and bodies washed with pure water. Its paired interior and bodily cleansing gives a strong interpretive bridge to the commentary's purified person who proceeds into worship.	87:15	"[{""line"": 115, ""strength"": ""strong"", ""tradition"": ""incil"", ""kind"": ""motif"", ""ref"": ""SBLGNT:Heb.10.22"", ""basis"": ""Draw near with cleansed hearts and washed bodies"", ""note"": ""The community is invited to draw near with sincere hearts, hearts cleansed from an evil conscience, and bodies washed; this closely joins purification to embodied approach in prayer."", ""turn"": 2, ""model"": ""luna"", ""connection_id"": ""BC-c960211a2c0208ce13dc""}, {""line"": 22, ""strength"": ""strong"", ""tradition"": ""incil"", ""kind"": ""paralel"", ""ref"": ""SBLGNT:Heb.10.22"", ""basis"": ""drawing near with cleansed heart and washed body"", ""note"": ""The exhortation to draw near to God specifies both hearts sprinkled clean and bodies washed with pure water. Its paired interior and bodily cleansing gives a strong interpretive bridge to the commentary's purified person who proceeds into worship."", ""turn"": 1, ""model"": ""terra"", ""connection_id"": ""BC-64c20e13e971ebe76fc3""}]"
SBLGNT:Heb.12.1	medium	incil	motif	running the race set before the community	Hebrews exhorts its hearers to run with endurance the race set before them. It offers a specific Christian race image alongside the commentary's explicitly non-etymological runner-behind image for salāt, without claiming a lexical relationship.	87:15	"[{""line"": 67, ""strength"": ""medium"", ""tradition"": ""incil"", ""kind"": ""motif"", ""ref"": ""SBLGNT:Heb.12.1"", ""basis"": ""running the race set before the community"", ""note"": ""Hebrews exhorts its hearers to run with endurance the race set before them. It offers a specific Christian race image alongside the commentary's explicitly non-etymological runner-behind image for salāt, without claiming a lexical relationship."", ""turn"": 1, ""model"": ""terra"", ""connection_id"": ""BC-d0cff3f85f81d2f22cc7""}]"
SBLGNT:Heb.12.28	medium	incil	motif	acceptable worship with reverence and awe	Recipients of the unshakable kingdom are urged to offer worship pleasing to God with reverence and awe. It closely matches the commentary's fearful recipient of reminder and its account of worship as the proper response.	87:15	"[{""line"": 127, ""strength"": ""medium"", ""tradition"": ""incil"", ""kind"": ""motif"", ""ref"": ""SBLGNT:Heb.12.28"", ""basis"": ""acceptable worship with reverence and awe"", ""note"": ""Recipients of the unshakable kingdom are urged to offer worship pleasing to God with reverence and awe. It closely matches the commentary's fearful recipient of reminder and its account of worship as the proper response."", ""turn"": 2, ""model"": ""terra"", ""connection_id"": ""BC-1700e73025446eb1e1bf""}]"
SBLGNT:Heb.13.15	strong	incil	motif|paralel	Praise as sacrifice and confession of the name | fruit of lips confessing the Name as sacrifice of praise	The community is urged to offer a continual sacrifice of praise, the fruit of lips confessing Jesus' name; this joins verbal remembrance with worship as an enacted offering. | The exhortation calls continual praise the fruit of lips that confess God's Name. It gives a precise Christian account of oral Name-confession becoming a sacrificial act of worship.	87:15	"[{""line"": 51, ""strength"": ""strong"", ""tradition"": ""incil"", ""kind"": ""motif"", ""ref"": ""SBLGNT:Heb.13.15"", ""basis"": ""Praise as sacrifice and confession of the name"", ""note"": ""The community is urged to offer a continual sacrifice of praise, the fruit of lips confessing Jesus' name; this joins verbal remembrance with worship as an enacted offering."", ""turn"": 1, ""model"": ""luna"", ""connection_id"": ""BC-ddbcdf75255a9dd213ca""}, {""line"": 12, ""strength"": ""strong"", ""tradition"": ""incil"", ""kind"": ""paralel"", ""ref"": ""SBLGNT:Heb.13.15"", ""basis"": ""fruit of lips confessing the Name as sacrifice of praise"", ""note"": ""The exhortation calls continual praise the fruit of lips that confess God's Name. It gives a precise Christian account of oral Name-confession becoming a sacrificial act of worship."", ""turn"": 1, ""model"": ""terra"", ""connection_id"": ""BC-b67dc543979d0770bb28""}]"
SBLGNT:Heb.5.7	strong	incil	paralel	loud cries, tears, reverence, and being heard	Jesus offers prayers and supplications with loud cries and tears to the one able to save from death, and is heard because of reverence. This is a vivid counterweight to hidden prayer, showing the commentary's voice-and-body theme in an explicitly audible form.	87:15	"[{""line"": 113, ""strength"": ""strong"", ""tradition"": ""incil"", ""kind"": ""paralel"", ""ref"": ""SBLGNT:Heb.5.7"", ""basis"": ""loud cries, tears, reverence, and being heard"", ""note"": ""Jesus offers prayers and supplications with loud cries and tears to the one able to save from death, and is heard because of reverence. This is a vivid counterweight to hidden prayer, showing the commentary's voice-and-body theme in an explicitly audible form."", ""turn"": 2, ""model"": ""terra"", ""connection_id"": ""BC-dd493972014a5621551b""}]"
SBLGNT:Heb.7.25	medium	incil	motif	ongoing intercession for those approaching God	Christ is said to live continually to intercede for those who approach God through him. It gives a Christian account of heavenly beneficent prayer that can be compared with, but not merged into, the commentary's account of divine and angelic salāt.	87:15	"[{""line"": 71, ""strength"": ""medium"", ""tradition"": ""incil"", ""kind"": ""motif"", ""ref"": ""SBLGNT:Heb.7.25"", ""basis"": ""ongoing intercession for those approaching God"", ""note"": ""Christ is said to live continually to intercede for those who approach God through him. It gives a Christian account of heavenly beneficent prayer that can be compared with, but not merged into, the commentary's account of divine and angelic salāt."", ""turn"": 1, ""model"": ""terra"", ""connection_id"": ""BC-20ca2e198f1f35f7a3f9""}]"
SBLGNT:Jas.1.22	medium	incil	motif	hearing the word and doing it	James tells hearers to become doers of the word rather than deceive themselves by hearing alone. This is a precise ethical bridge to the commentary's passage from a received reminder to a person's completed deeds.	87:15	"[{""line"": 66, ""strength"": ""medium"", ""tradition"": ""incil"", ""kind"": ""motif"", ""ref"": ""SBLGNT:Jas.1.22"", ""basis"": ""hearing the word and doing it"", ""note"": ""James tells hearers to become doers of the word rather than deceive themselves by hearing alone. This is a precise ethical bridge to the commentary's passage from a received reminder to a person's completed deeds."", ""turn"": 1, ""model"": ""terra"", ""connection_id"": ""BC-8acd6da04cb64f1ca366""}]"
SBLGNT:Jas.4.8	strong	incil	paralel	drawing near, clean hands, and pure hearts	James commands people to draw near to God, cleanse their hands, and purify their hearts. It closely matches the commentary's bodily and inward dimensions of purification-oriented approach to the Lord.	87:15	"[{""line"": 21, ""strength"": ""strong"", ""tradition"": ""incil"", ""kind"": ""paralel"", ""ref"": ""SBLGNT:Jas.4.8"", ""basis"": ""drawing near, clean hands, and pure hearts"", ""note"": ""James commands people to draw near to God, cleanse their hands, and purify their hearts. It closely matches the commentary's bodily and inward dimensions of purification-oriented approach to the Lord."", ""turn"": 1, ""model"": ""terra"", ""connection_id"": ""BC-7d8e875f64c2c4afd672""}]"
SBLGNT:Jas.5.16	strong	incil	paralel	confession, prayer for one another, and healing	Believers are told to confess sins and pray for each other so that they may be healed; the righteous person's prayer is powerful. It links purification, reciprocal petition, and beneficial effect in a single communal instruction.	87:15	"[{""line"": 114, ""strength"": ""strong"", ""tradition"": ""incil"", ""kind"": ""paralel"", ""ref"": ""SBLGNT:Jas.5.16"", ""basis"": ""confession, prayer for one another, and healing"", ""note"": ""Believers are told to confess sins and pray for each other so that they may be healed; the righteous person's prayer is powerful. It links purification, reciprocal petition, and beneficial effect in a single communal instruction."", ""turn"": 2, ""model"": ""terra"", ""connection_id"": ""BC-ac1d731bf405d92dcb27""}]"
SBLGNT:John.12.28	strong	incil	paralel	Father, glorify your Name	Jesus' spoken petition asks the Father to glorify the divine Name, and a heavenly voice answers it. It is a concentrated Johannine Name-prayer formula with the commentary's elevation motif.	87:15	"[{""line"": 101, ""strength"": ""strong"", ""tradition"": ""incil"", ""kind"": ""paralel"", ""ref"": ""SBLGNT:John.12.28"", ""basis"": ""Father, glorify your Name"", ""note"": ""Jesus' spoken petition asks the Father to glorify the divine Name, and a heavenly voice answers it. It is a concentrated Johannine Name-prayer formula with the commentary's elevation motif."", ""turn"": 2, ""model"": ""terra"", ""connection_id"": ""BC-c462ce1663cb328d6fd6""}]"
SBLGNT:John.14.13	strong	incil	paralel	asking in Jesus' Name for the Father's glory	Jesus promises to do what is asked in his Name so that the Father may be glorified in the Son. The verse creates a specifically Christian linkage of named petition, divine response, and glorification.	87:15	"[{""line"": 102, ""strength"": ""strong"", ""tradition"": ""incil"", ""kind"": ""paralel"", ""ref"": ""SBLGNT:John.14.13"", ""basis"": ""asking in Jesus' Name for the Father's glory"", ""note"": ""Jesus promises to do what is asked in his Name so that the Father may be glorified in the Son. The verse creates a specifically Christian linkage of named petition, divine response, and glorification."", ""turn"": 2, ""model"": ""terra"", ""connection_id"": ""BC-a190906a9a8ab59c0347""}]"
SBLGNT:John.17.26	medium	incil	motif	The name made known so love may dwell in disciples	Jesus says he has made the Father's name known and will continue doing so, so divine love may be in the disciples; the prayer gives remembrance a continuing communal result.	87:15	"[{""line"": 112, ""strength"": ""medium"", ""tradition"": ""incil"", ""kind"": ""motif"", ""ref"": ""SBLGNT:John.17.26"", ""basis"": ""The name made known so love may dwell in disciples"", ""note"": ""Jesus says he has made the Father's name known and will continue doing so, so divine love may be in the disciples; the prayer gives remembrance a continuing communal result."", ""turn"": 2, ""model"": ""luna"", ""connection_id"": ""BC-47c1fe39c3e96d6b1fb3""}]"
SBLGNT:John.17.6	strong	incil	motif|paralel	Jesus says he made the Father's name known | making the Father's Name known and keeping his word	In a prayer for his disciples, Jesus says he revealed the Father's name to them and that they kept his word; this joins the commentary's remembered name to reception and faithful action. | Jesus says he has made the Father's Name known to those given him, and that they have kept the word. It closely connects disclosed Name, preserved teaching, and obedient human response.	87:15	"[{""line"": 111, ""strength"": ""medium"", ""tradition"": ""incil"", ""kind"": ""motif"", ""ref"": ""SBLGNT:John.17.6"", ""basis"": ""Jesus says he made the Father's name known"", ""note"": ""In a prayer for his disciples, Jesus says he revealed the Father's name to them and that they kept his word; this joins the commentary's remembered name to reception and faithful action."", ""turn"": 2, ""model"": ""luna"", ""connection_id"": ""BC-15e0308bb088195fdded""}, {""line"": 103, ""strength"": ""strong"", ""tradition"": ""incil"", ""kind"": ""paralel"", ""ref"": ""SBLGNT:John.17.6"", ""basis"": ""making the Father's Name known and keeping his word"", ""note"": ""Jesus says he has made the Father's Name known to those given him, and that they have kept the word. It closely connects disclosed Name, preserved teaching, and obedient human response."", ""turn"": 2, ""model"": ""terra"", ""connection_id"": ""BC-a96a3689f2e14431e340""}]"
SBLGNT:John.4.21	medium	incil	karsi_anlati	worship tied to neither mountain nor Jerusalem	Jesus tells the Samaritan woman that worship of the Father will be tied neither to that mountain nor to Jerusalem. This is a specific Christian counter-reading beside the commentary's discussion of named worship houses and sacred places.	87:15	"[{""line"": 121, ""strength"": ""medium"", ""tradition"": ""incil"", ""kind"": ""karsi_anlati"", ""ref"": ""SBLGNT:John.4.21"", ""basis"": ""worship tied to neither mountain nor Jerusalem"", ""note"": ""Jesus tells the Samaritan woman that worship of the Father will be tied neither to that mountain nor to Jerusalem. This is a specific Christian counter-reading beside the commentary's discussion of named worship houses and sacred places."", ""turn"": 2, ""model"": ""terra"", ""connection_id"": ""BC-6a7259688289c5630b5b""}]"
SBLGNT:John.4.23	medium	incil	karsi_anlati|motif	Worship is not confined to a sacred location | true worship in spirit and truth	Jesus says true worshippers worship the Father in spirit and truth, not by privileging either Jerusalem or the mountain; this offers a distinct Christian reading alongside the commentary's temple-and-prayer-place image. | The Father seeks worshippers who worship in spirit and truth. This develops the preceding relocation of worship into an inwardly truthful mode, useful beside the commentary's simultaneous concern for hidden remembrance and bodily rite.	87:15	"[{""line"": 120, ""strength"": ""medium"", ""tradition"": ""incil"", ""kind"": ""motif"", ""ref"": ""SBLGNT:John.4.23"", ""basis"": ""Worship is not confined to a sacred location"", ""note"": ""Jesus says true worshippers worship the Father in spirit and truth, not by privileging either Jerusalem or the mountain; this offers a distinct Christian reading alongside the commentary's temple-and-prayer-place image."", ""turn"": 2, ""model"": ""luna"", ""connection_id"": ""BC-f4a2ea0d6a9d2ecc822b""}, {""line"": 122, ""strength"": ""medium"", ""tradition"": ""incil"", ""kind"": ""karsi_anlati"", ""ref"": ""SBLGNT:John.4.23"", ""basis"": ""true worship in spirit and truth"", ""note"": ""The Father seeks worshippers who worship in spirit and truth. This develops the preceding relocation of worship into an inwardly truthful mode, useful beside the commentary's simultaneous concern for hidden remembrance and bodily rite."", ""turn"": 2, ""model"": ""terra"", ""connection_id"": ""BC-00db5219ffd1efdf3c7d""}]"
SBLGNT:Luke.18.13	strong	incil	motif|paralel	The tax collector's humble bodily prayer | penitent bodily prayer for mercy	The tax collector stands at a distance, will not lift his eyes, and asks for mercy; his prayer's posture and humility give a specific counterpoint to a merely external religious act. | The tax collector stands at a distance, will not raise his eyes, beats his breast, and asks God for mercy as a sinner. The scene makes inward humility, body, and penitential prayer a single act.	87:15	"[{""line"": 69, ""strength"": ""medium"", ""tradition"": ""incil"", ""kind"": ""motif"", ""ref"": ""SBLGNT:Luke.18.13"", ""basis"": ""The tax collector's humble bodily prayer"", ""note"": ""The tax collector stands at a distance, will not lift his eyes, and asks for mercy; his prayer's posture and humility give a specific counterpoint to a merely external religious act."", ""turn"": 1, ""model"": ""luna"", ""connection_id"": ""BC-6f025b6f3548674a2470""}, {""line"": 100, ""strength"": ""strong"", ""tradition"": ""incil"", ""kind"": ""paralel"", ""ref"": ""SBLGNT:Luke.18.13"", ""basis"": ""penitent bodily prayer for mercy"", ""note"": ""The tax collector stands at a distance, will not raise his eyes, beats his breast, and asks God for mercy as a sinner. The scene makes inward humility, body, and penitential prayer a single act."", ""turn"": 2, ""model"": ""terra"", ""connection_id"": ""BC-21b6cb90c5213a07a5a4""}]"
SBLGNT:Luke.18.14	medium	incil	yorum_gelenegi	The humble worshipper goes home justified	Jesus says the tax collector, rather than the self-exalting Pharisee, goes home justified; this connects a person's enacted humility and prayer with the commentary's portrait of the one who prospers through purification.	87:15	"[{""line"": 70, ""strength"": ""medium"", ""tradition"": ""incil"", ""kind"": ""yorum_gelenegi"", ""ref"": ""SBLGNT:Luke.18.14"", ""basis"": ""The humble worshipper goes home justified"", ""note"": ""Jesus says the tax collector, rather than the self-exalting Pharisee, goes home justified; this connects a person's enacted humility and prayer with the commentary's portrait of the one who prospers through purification."", ""turn"": 1, ""model"": ""luna"", ""connection_id"": ""BC-de5d776ac832f450227c""}]"
SBLGNT:Luke.2.37	medium	incil	motif	fasting and prayer night and day in the temple	Anna remains at the temple, worshipping through fasting and petitions night and day. This is a specific New Testament portrait of recurrent, bodily disciplined worship.	87:15	"[{""line"": 124, ""strength"": ""medium"", ""tradition"": ""incil"", ""kind"": ""motif"", ""ref"": ""SBLGNT:Luke.2.37"", ""basis"": ""fasting and prayer night and day in the temple"", ""note"": ""Anna remains at the temple, worshipping through fasting and petitions night and day. This is a specific New Testament portrait of recurrent, bodily disciplined worship."", ""turn"": 2, ""model"": ""terra"", ""connection_id"": ""BC-fbf99845979337cb08a0""}]"
SBLGNT:Luke.22.19	medium	incil	motif	do this in remembrance of me	Jesus commands the bread rite to be done in remembrance of him. The verse supplies a distinct Christian liturgical meaning of remembrance: a repeated communal action that makes remembered speech bodily and enacted.	87:15	"[{""line"": 64, ""strength"": ""medium"", ""tradition"": ""incil"", ""kind"": ""motif"", ""ref"": ""SBLGNT:Luke.22.19"", ""basis"": ""do this in remembrance of me"", ""note"": ""Jesus commands the bread rite to be done in remembrance of him. The verse supplies a distinct Christian liturgical meaning of remembrance: a repeated communal action that makes remembered speech bodily and enacted."", ""turn"": 1, ""model"": ""terra"", ""connection_id"": ""BC-6ef19b398d44ce7d40ba""}]"
SBLGNT:Mark.1.40	strong	incil	paralel	kneeling plea to be made clean	A leper comes kneeling and asks Jesus to make him clean. The scene fuses a bodily posture of supplication with an explicit request for purification.	87:15	"[{""line"": 20, ""strength"": ""strong"", ""tradition"": ""incil"", ""kind"": ""paralel"", ""ref"": ""SBLGNT:Mark.1.40"", ""basis"": ""kneeling plea to be made clean"", ""note"": ""A leper comes kneeling and asks Jesus to make him clean. The scene fuses a bodily posture of supplication with an explicit request for purification."", ""turn"": 1, ""model"": ""terra"", ""connection_id"": ""BC-ed6d8c234a07f179d622""}]"
SBLGNT:Mark.11.17	medium	incil	yorum_gelenegi	Jesus invokes the house of prayer while cleansing the temple	Jesus calls the temple a house of prayer for all nations while driving out sellers; this reception of Isaiah 56:7 makes the worship place's name and purpose a critique of corrupted practice.	87:15	"[{""line"": 110, ""strength"": ""medium"", ""tradition"": ""incil"", ""kind"": ""yorum_gelenegi"", ""ref"": ""SBLGNT:Mark.11.17"", ""basis"": ""Jesus invokes the house of prayer while cleansing the temple"", ""note"": ""Jesus calls the temple a house of prayer for all nations while driving out sellers; this reception of Isaiah 56:7 makes the worship place's name and purpose a critique of corrupted practice."", ""turn"": 2, ""model"": ""luna"", ""connection_id"": ""BC-04d4daa33e6607f5ebe5""}]"
SBLGNT:Mark.12.29	strong	incil	motif	The Shema as the first confession	Jesus begins his answer with Israel's confession that the Lord is one; this provides the remembered monotheistic formula that frames the ensuing command to love and serve God.	87:15	"[{""line"": 59, ""strength"": ""strong"", ""tradition"": ""incil"", ""kind"": ""motif"", ""ref"": ""SBLGNT:Mark.12.29"", ""basis"": ""The Shema as the first confession"", ""note"": ""Jesus begins his answer with Israel's confession that the Lord is one; this provides the remembered monotheistic formula that frames the ensuing command to love and serve God."", ""turn"": 1, ""model"": ""luna"", ""connection_id"": ""BC-2d934c7dbd584482dfe0""}]"
SBLGNT:Mark.12.30	strong	incil	motif	Love God with the whole person	The next verse commands love with heart, soul, mind, and strength; this supplies an embodied, inward allegiance behind the commentary's prayerful remembrance.	87:15	"[{""line"": 60, ""strength"": ""strong"", ""tradition"": ""incil"", ""kind"": ""motif"", ""ref"": ""SBLGNT:Mark.12.30"", ""basis"": ""Love God with the whole person"", ""note"": ""The next verse commands love with heart, soul, mind, and strength; this supplies an embodied, inward allegiance behind the commentary's prayerful remembrance."", ""turn"": 1, ""model"": ""luna"", ""connection_id"": ""BC-55b98180f131d44d2195""}]"
SBLGNT:Mark.7.6	medium	incil	yorum_gelenegi	Jesus applies Isaiah's lips-and-heart critique	Jesus cites Isaiah's contrast between honoring God with lips and having a distant heart; this Christian reuse makes the commentary's inward remembrance versus merely audible devotion an explicit worship test.	87:15	"[{""line"": 109, ""strength"": ""medium"", ""tradition"": ""incil"", ""kind"": ""yorum_gelenegi"", ""ref"": ""SBLGNT:Mark.7.6"", ""basis"": ""Jesus applies Isaiah's lips-and-heart critique"", ""note"": ""Jesus cites Isaiah's contrast between honoring God with lips and having a distant heart; this Christian reuse makes the commentary's inward remembrance versus merely audible devotion an explicit worship test."", ""turn"": 2, ""model"": ""luna"", ""connection_id"": ""BC-40a6f128f4144aa2651f""}]"
SBLGNT:Matt.15.8	strong	incil	karsi_anlati	lips near, heart far	Jesus applies the accusation that people honor God with their lips while their heart remains far away. It supplies the inverse of the commentary's integrated oral and inward remembrance, warning that voiced devotion can be severed from its inner reality.	87:15	"[{""line"": 26, ""strength"": ""strong"", ""tradition"": ""incil"", ""kind"": ""karsi_anlati"", ""ref"": ""SBLGNT:Matt.15.8"", ""basis"": ""lips near, heart far"", ""note"": ""Jesus applies the accusation that people honor God with their lips while their heart remains far away. It supplies the inverse of the commentary's integrated oral and inward remembrance, warning that voiced devotion can be severed from its inner reality."", ""turn"": 1, ""model"": ""terra"", ""connection_id"": ""BC-57cb1650b8e2fd07f20d""}]"
SBLGNT:Matt.6.20	strong	incil	motif	treasure in heaven rather than perishable treasure	Jesus commands storing treasure in heaven, where it is not destroyed or stolen. It gives a specific ethical redirection from present material preference toward an enduring future.	87:15	"[{""line"": 48, ""strength"": ""strong"", ""tradition"": ""incil"", ""kind"": ""motif"", ""ref"": ""SBLGNT:Matt.6.20"", ""basis"": ""treasure in heaven rather than perishable treasure"", ""note"": ""Jesus commands storing treasure in heaven, where it is not destroyed or stolen. It gives a specific ethical redirection from present material preference toward an enduring future."", ""turn"": 1, ""model"": ""terra"", ""connection_id"": ""BC-439407125696faabe4e8""}]"
SBLGNT:Matt.6.6	strong	incil	motif	Prayer in secret before the Father | prayer to the Father in secret	Jesus contrasts the public performance of hypocrites with a disciple praying unseen, where the Father sees what is hidden; this sharpens the commentary's contrast between voiced and inward remembrance. | Jesus directs the disciple to pray in an inner room to the Father who sees in secret. It is a precise Christian comparison for the commentary's open-and-hidden register of remembrance, not merely a general command to pray.	87:15	"[{""line"": 43, ""strength"": ""strong"", ""tradition"": ""incil"", ""kind"": ""motif"", ""ref"": ""SBLGNT:Matt.6.6"", ""basis"": ""Prayer in secret before the Father"", ""note"": ""Jesus contrasts the public performance of hypocrites with a disciple praying unseen, where the Father sees what is hidden; this sharpens the commentary's contrast between voiced and inward remembrance."", ""turn"": 1, ""model"": ""luna"", ""connection_id"": ""BC-c57a43e37c6bc230c9dd""}, {""line"": 25, ""strength"": ""strong"", ""tradition"": ""incil"", ""kind"": ""motif"", ""ref"": ""SBLGNT:Matt.6.6"", ""basis"": ""prayer to the Father in secret"", ""note"": ""Jesus directs the disciple to pray in an inner room to the Father who sees in secret. It is a precise Christian comparison for the commentary's open-and-hidden register of remembrance, not merely a general command to pray."", ""turn"": 1, ""model"": ""terra"", ""connection_id"": ""BC-52ef3ca246b81624b53f""}]"
SBLGNT:Matt.6.9	strong	incil	motif|paralel	The Lord's Prayer begins by hallowing the name | hallowing the Father's Name in prayer	Jesus teaches disciples to address the Father and hallow his name before asking for daily provision; this directly joins remembered divine name and prayer. | Jesus' model prayer begins by addressing the Father and hallowing his Name. It provides a direct liturgical analogue for the commentary's claim that the Name is uttered before the prayerful act.	87:15	"[{""line"": 42, ""strength"": ""strong"", ""tradition"": ""incil"", ""kind"": ""motif"", ""ref"": ""SBLGNT:Matt.6.9"", ""basis"": ""The Lord's Prayer begins by hallowing the name"", ""note"": ""Jesus teaches disciples to address the Father and hallow his name before asking for daily provision; this directly joins remembered divine name and prayer."", ""turn"": 1, ""model"": ""luna"", ""connection_id"": ""BC-58fd696b92bba8bcd604""}, {""line"": 13, ""strength"": ""strong"", ""tradition"": ""incil"", ""kind"": ""paralel"", ""ref"": ""SBLGNT:Matt.6.9"", ""basis"": ""hallowing the Father's Name in prayer"", ""note"": ""Jesus' model prayer begins by addressing the Father and hallowing his Name. It provides a direct liturgical analogue for the commentary's claim that the Name is uttered before the prayerful act."", ""turn"": 1, ""model"": ""terra"", ""connection_id"": ""BC-355384ef8026e7463be1""}]"
SBLGNT:Matt.7.21	strong	incil	karsi_anlati	saying Lord, Lord versus doing the Father's will	Jesus denies that everyone who says Lord, Lord enters the kingdom, limiting it to the one who does the Father's will. This directly tests any reading in which naming the Lord is sufficient without the embodied, ethical action the commentary itself emphasizes.	87:15	"[{""line"": 99, ""strength"": ""strong"", ""tradition"": ""incil"", ""kind"": ""karsi_anlati"", ""ref"": ""SBLGNT:Matt.7.21"", ""basis"": ""saying Lord, Lord versus doing the Father's will"", ""note"": ""Jesus denies that everyone who says Lord, Lord enters the kingdom, limiting it to the one who does the Father's will. This directly tests any reading in which naming the Lord is sufficient without the embodied, ethical action the commentary itself emphasizes."", ""turn"": 2, ""model"": ""terra"", ""connection_id"": ""BC-7dc27a4f1efbb80a2432""}]"
SBLGNT:Phil.2.10	strong	incil	motif|paralel	Every knee bows at the name | knees bowing at the Name	The next verse says every knee bows at Jesus' name, meeting the commentary's movement from named word to bodily prayer while retaining its different scene. | At Jesus' Name every knee bends in heaven, on earth, and below the earth. It joins the elevated Name to a bodily act with unusual precision.	87:15	"[{""line"": 48, ""strength"": ""strong"", ""tradition"": ""incil"", ""kind"": ""motif"", ""ref"": ""SBLGNT:Phil.2.10"", ""basis"": ""Every knee bows at the name"", ""note"": ""The next verse says every knee bows at Jesus' name, meeting the commentary's movement from named word to bodily prayer while retaining its different scene."", ""turn"": 1, ""model"": ""luna"", ""connection_id"": ""BC-f174306f8aa50b84a8dc""}, {""line"": 41, ""strength"": ""strong"", ""tradition"": ""incil"", ""kind"": ""paralel"", ""ref"": ""SBLGNT:Phil.2.10"", ""basis"": ""knees bowing at the Name"", ""note"": ""At Jesus' Name every knee bends in heaven, on earth, and below the earth. It joins the elevated Name to a bodily act with unusual precision."", ""turn"": 1, ""model"": ""terra"", ""connection_id"": ""BC-54283c6a6f2983efca3b""}]"
SBLGNT:Phil.2.11	strong	incil	motif	Every tongue confesses Jesus as Lord | tongue confessing Jesus as Lord	The following verse makes every tongue confess Jesus as Lord; voiced confession completes the name-and-body sequence in the hymn. | Every tongue confesses Jesus Christ as Lord to God's glory. The oral naming of the Lord completes the bodily bowing of the prior verse and offers a distinct Christian configuration of praise.	87:15	"[{""line"": 49, ""strength"": ""strong"", ""tradition"": ""incil"", ""kind"": ""motif"", ""ref"": ""SBLGNT:Phil.2.11"", ""basis"": ""Every tongue confesses Jesus as Lord"", ""note"": ""The following verse makes every tongue confess Jesus as Lord; voiced confession completes the name-and-body sequence in the hymn."", ""turn"": 1, ""model"": ""luna"", ""connection_id"": ""BC-9f6c6019e2786d7e832f""}, {""line"": 42, ""strength"": ""strong"", ""tradition"": ""incil"", ""kind"": ""motif"", ""ref"": ""SBLGNT:Phil.2.11"", ""basis"": ""tongue confessing Jesus as Lord"", ""note"": ""Every tongue confesses Jesus Christ as Lord to God's glory. The oral naming of the Lord completes the bodily bowing of the prior verse and offers a distinct Christian configuration of praise."", ""turn"": 1, ""model"": ""terra"", ""connection_id"": ""BC-808bc3f57dec9a750b81""}]"
SBLGNT:Phil.2.9	strong	incil	motif	The name bestowed above every name | God's exaltation and the Name above every name	God highly exalts Jesus and gives him the name above every name; this is a direct textual counterpart to the commentary's secondary image of a name being raised. | God highly exalts Jesus and grants him the Name above every name. The verse is a close Christian counterpart to the commentary's secondary image of the Name as what raises and makes its bearer conspicuous, though it is Christologically specific.	87:15	"[{""line"": 47, ""strength"": ""strong"", ""tradition"": ""incil"", ""kind"": ""motif"", ""ref"": ""SBLGNT:Phil.2.9"", ""basis"": ""The name bestowed above every name"", ""note"": ""God highly exalts Jesus and gives him the name above every name; this is a direct textual counterpart to the commentary's secondary image of a name being raised."", ""turn"": 1, ""model"": ""luna"", ""connection_id"": ""BC-57e44b86ebe6d6be1b59""}, {""line"": 40, ""strength"": ""strong"", ""tradition"": ""incil"", ""kind"": ""motif"", ""ref"": ""SBLGNT:Phil.2.9"", ""basis"": ""God's exaltation and the Name above every name"", ""note"": ""God highly exalts Jesus and grants him the Name above every name. The verse is a close Christian counterpart to the commentary's secondary image of the Name as what raises and makes its bearer conspicuous, though it is Christologically specific."", ""turn"": 1, ""model"": ""terra"", ""connection_id"": ""BC-f968d434ce4df1d13b2c""}]"
SBLGNT:Rev.14.1	medium	incil	motif	The Father's name marks the worshippers	The Lamb's followers have the Lamb's and Father's name written on their foreheads; this concretely meets the commentary's secondary image of a name as an identifying mark, without implying that the ayah uses that etymology.	87:15	"[{""line"": 122, ""strength"": ""medium"", ""tradition"": ""incil"", ""kind"": ""motif"", ""ref"": ""SBLGNT:Rev.14.1"", ""basis"": ""The Father's name marks the worshippers"", ""note"": ""The Lamb's followers have the Lamb's and Father's name written on their foreheads; this concretely meets the commentary's secondary image of a name as an identifying mark, without implying that the ayah uses that etymology."", ""turn"": 2, ""model"": ""luna"", ""connection_id"": ""BC-adcbe6ec07c4d80c5ea8""}]"
SBLGNT:Rev.14.3	medium	incil	motif	The redeemed sing a new song before the throne	The marked group sings a song that only the redeemed can learn; this gives voiced praise as a communal consequence of bearing the name.	87:15	"[{""line"": 123, ""strength"": ""medium"", ""tradition"": ""incil"", ""kind"": ""motif"", ""ref"": ""SBLGNT:Rev.14.3"", ""basis"": ""The redeemed sing a new song before the throne"", ""note"": ""The marked group sings a song that only the redeemed can learn; this gives voiced praise as a communal consequence of bearing the name."", ""turn"": 2, ""model"": ""luna"", ""connection_id"": ""BC-c8cd75124b178249fed5""}]"
SBLGNT:Rev.14.7	strong	incil	paralel	fear God, give glory, and worship the creator	The angelic proclamation calls all to fear God, give him glory, and worship the maker of heaven, earth, sea, and springs. Its Creator-centered worship and reverent fear echo major details developed around rabb and prayer.	87:15	"[{""line"": 117, ""strength"": ""strong"", ""tradition"": ""incil"", ""kind"": ""paralel"", ""ref"": ""SBLGNT:Rev.14.7"", ""basis"": ""fear God, give glory, and worship the creator"", ""note"": ""The angelic proclamation calls all to fear God, give him glory, and worship the maker of heaven, earth, sea, and springs. Its Creator-centered worship and reverent fear echo major details developed around rabb and prayer."", ""turn"": 2, ""model"": ""terra"", ""connection_id"": ""BC-6d3f83045d7153cb3d01""}]"
SBLGNT:Rev.15.4	strong	incil	paralel	fear, glorify the Lord's Name, and worship	The heavenly hymn asks who would not fear the Lord and glorify his Name, then says all nations will come and worship. It is an explicit Name-to-worship sequence with the commentary's reverence motif.	87:15	"[{""line"": 43, ""strength"": ""strong"", ""tradition"": ""incil"", ""kind"": ""paralel"", ""ref"": ""SBLGNT:Rev.15.4"", ""basis"": ""fear, glorify the Lord's Name, and worship"", ""note"": ""The heavenly hymn asks who would not fear the Lord and glorify his Name, then says all nations will come and worship. It is an explicit Name-to-worship sequence with the commentary's reverence motif."", ""turn"": 1, ""model"": ""terra"", ""connection_id"": ""BC-b0cab41c4f8f8d661c38""}]"
SBLGNT:Rev.2.5	strong	incil	paralel	remember, repent, and do the first works	The risen Christ tells Ephesus to remember its former position, repent, and do its earlier works. This creates a particularly exact New Testament movement from remembrance to concrete action.	87:15	"[{""line"": 30, ""strength"": ""strong"", ""tradition"": ""incil"", ""kind"": ""paralel"", ""ref"": ""SBLGNT:Rev.2.5"", ""basis"": ""remember, repent, and do the first works"", ""note"": ""The risen Christ tells Ephesus to remember its former position, repent, and do its earlier works. This creates a particularly exact New Testament movement from remembrance to concrete action."", ""turn"": 1, ""model"": ""terra"", ""connection_id"": ""BC-82766f295148247768de""}]"
SBLGNT:Rev.3.5	strong	incil	paralel	white garments and confession of the victor's name	The victor is clothed in white, and Christ confesses that person's name before the Father and angels. It combines purification imagery, a personal name, and a reciprocal heavenly acknowledgement.	87:15	"[{""line"": 116, ""strength"": ""strong"", ""tradition"": ""incil"", ""kind"": ""paralel"", ""ref"": ""SBLGNT:Rev.3.5"", ""basis"": ""white garments and confession of the victor's name"", ""note"": ""The victor is clothed in white, and Christ confesses that person's name before the Father and angels. It combines purification imagery, a personal name, and a reciprocal heavenly acknowledgement."", ""turn"": 2, ""model"": ""terra"", ""connection_id"": ""BC-60078dfc759b55a73c76""}]"
SBLGNT:Rev.5.8	strong	incil	motif	Prostration and prayers rising as incense	The elders fall before the Lamb, holding incense bowls identified as the prayers of the saints; this combines bodily bowing and prayer in one scene.	87:15	"[{""line"": 57, ""strength"": ""strong"", ""tradition"": ""incil"", ""kind"": ""motif"", ""ref"": ""SBLGNT:Rev.5.8"", ""basis"": ""Prostration and prayers rising as incense"", ""note"": ""The elders fall before the Lamb, holding incense bowls identified as the prayers of the saints; this combines bodily bowing and prayer in one scene."", ""turn"": 1, ""model"": ""luna"", ""connection_id"": ""BC-a9a464390ea6a91c2e58""}]"
SBLGNT:Rev.8.3	strong	incil	motif	Prayer rises with incense before God | angel presenting the prayers of the saints	An angel offers incense with the prayers of all the saints on the altar; this provides a heavenly liturgical image for the commentary's pairing of prayer and praise. | An angel offers incense with the prayers of all the saints at the heavenly altar. This supplies a concrete Christian liturgical image for the commentary's discussion of prayer's upward direction and angelic participation.	87:15	"[{""line"": 71, ""strength"": ""medium"", ""tradition"": ""incil"", ""kind"": ""motif"", ""ref"": ""SBLGNT:Rev.8.3"", ""basis"": ""Prayer rises with incense before God"", ""note"": ""An angel offers incense with the prayers of all the saints on the altar; this provides a heavenly liturgical image for the commentary's pairing of prayer and praise."", ""turn"": 1, ""model"": ""luna"", ""connection_id"": ""BC-a50ff4287e8bbeb72e45""}, {""line"": 44, ""strength"": ""strong"", ""tradition"": ""incil"", ""kind"": ""motif"", ""ref"": ""SBLGNT:Rev.8.3"", ""basis"": ""angel presenting the prayers of the saints"", ""note"": ""An angel offers incense with the prayers of all the saints at the heavenly altar. This supplies a concrete Christian liturgical image for the commentary's discussion of prayer's upward direction and angelic participation."", ""turn"": 1, ""model"": ""terra"", ""connection_id"": ""BC-f1d521f39e7f4188b681""}]"
SBLGNT:Rom.10.13	strong	incil	karsi_anlati|motif	Calling on the Lord's name and being saved | calling on the Lord's Name for salvation	Paul cites the promise that everyone who calls on the Lord's name will be saved, directly joining invocation of the name with the commentary's affirmed salvation. | The verse states that everyone calling on the Lord's Name will be saved, extending the Name-to-salvation link developed around 87:14-15. In Romans' surrounding argument that Lord is Jesus, the shared formula carries a theological specification the Qur'anic portrait does not make.	87:15	"[{""line"": 46, ""strength"": ""strong"", ""tradition"": ""incil"", ""kind"": ""motif"", ""ref"": ""SBLGNT:Rom.10.13"", ""basis"": ""Calling on the Lord's name and being saved"", ""note"": ""Paul cites the promise that everyone who calls on the Lord's name will be saved, directly joining invocation of the name with the commentary's affirmed salvation."", ""turn"": 1, ""model"": ""luna"", ""connection_id"": ""BC-2a6906a5d8a1a0282bc6""}, {""line"": 15, ""strength"": ""strong"", ""tradition"": ""incil"", ""kind"": ""karsi_anlati"", ""ref"": ""SBLGNT:Rom.10.13"", ""basis"": ""calling on the Lord's Name for salvation"", ""note"": ""The verse states that everyone calling on the Lord's Name will be saved, extending the Name-to-salvation link developed around 87:14-15. In Romans' surrounding argument that Lord is Jesus, the shared formula carries a theological specification the Qur'anic portrait does not make."", ""turn"": 1, ""model"": ""terra"", ""connection_id"": ""BC-37745819a2a281ebb8fe""}]"
SBLGNT:Rom.12.1	strong	incil	motif	Bodies offered as worship | bodies presented as living sacrifice and rational worship	Paul asks believers to present their bodies as a living sacrifice, their rational worship; this gives a specific Christian counterpart to the commentary's name moving immediately into bodily prayer. | Believers are urged to present their bodies as a living, holy, pleasing sacrifice, called their worship. This makes the body itself the offered form of worship, a strong companion to the commentary's mouth-to-body movement.	87:15	"[{""line"": 52, ""strength"": ""strong"", ""tradition"": ""incil"", ""kind"": ""motif"", ""ref"": ""SBLGNT:Rom.12.1"", ""basis"": ""Bodies offered as worship"", ""note"": ""Paul asks believers to present their bodies as a living sacrifice, their rational worship; this gives a specific Christian counterpart to the commentary's name moving immediately into bodily prayer."", ""turn"": 1, ""model"": ""luna"", ""connection_id"": ""BC-bb0bc983c1c1bdfccc13""}, {""line"": 105, ""strength"": ""strong"", ""tradition"": ""incil"", ""kind"": ""motif"", ""ref"": ""SBLGNT:Rom.12.1"", ""basis"": ""bodies presented as living sacrifice and rational worship"", ""note"": ""Believers are urged to present their bodies as a living, holy, pleasing sacrifice, called their worship. This makes the body itself the offered form of worship, a strong companion to the commentary's mouth-to-body movement."", ""turn"": 2, ""model"": ""terra"", ""connection_id"": ""BC-94656709be8aa3d7a4e2""}]"
SBLGNT:Rom.8.26	strong	incil	paralel	unspoken groanings in intercessory prayer	The Spirit intercedes in human weakness with groanings that cannot be spoken. It offers a precise Christian counterpart to the commentary's claim that remembrance and prayer exceed audible language.	87:15	"[{""line"": 104, ""strength"": ""strong"", ""tradition"": ""incil"", ""kind"": ""paralel"", ""ref"": ""SBLGNT:Rom.8.26"", ""basis"": ""unspoken groanings in intercessory prayer"", ""note"": ""The Spirit intercedes in human weakness with groanings that cannot be spoken. It offers a precise Christian counterpart to the commentary's claim that remembrance and prayer exceed audible language."", ""turn"": 2, ""model"": ""terra"", ""connection_id"": ""BC-84cd3520f10c9f431880""}]"
1QS 10:1-3	medium	tevrat	motif	blessing God's Name at the turns of light and darkness	The Rule of the Community orders blessing God's Name at the appointed changes of light and darkness. Its regulated time-pattern gives a sectarian Jewish analogue to continual remembrance enacted through prayer.	87:15	"[{""line"": 60, ""strength"": ""medium"", ""tradition"": ""tevrat"", ""kind"": ""motif"", ""ref"": ""1QS 10:1-3"", ""basis"": ""blessing God's Name at the turns of light and darkness"", ""note"": ""The Rule of the Community orders blessing God's Name at the appointed changes of light and darkness. Its regulated time-pattern gives a sectarian Jewish analogue to continual remembrance enacted through prayer."", ""turn"": 1, ""model"": ""terra"", ""connection_id"": ""BC-c704fc971f24d9cd2478""}]"
2 Maccabees 15:14	strong	tevrat	motif	Jeremiah praying much for people and holy city	In Judas's vision, Jeremiah is identified as one who loves the community and prays much for the people and holy city. This is a specific Jewish counterpart to prayer acting beneficently on behalf of others.	87:15	"[{""line"": 45, ""strength"": ""strong"", ""tradition"": ""tevrat"", ""kind"": ""motif"", ""ref"": ""2 Maccabees 15:14"", ""basis"": ""Jeremiah praying much for people and holy city"", ""note"": ""In Judas's vision, Jeremiah is identified as one who loves the community and prays much for the people and holy city. This is a specific Jewish counterpart to prayer acting beneficently on behalf of others."", ""turn"": 1, ""model"": ""terra"", ""connection_id"": ""BC-c2c3265765cd7c2116dd""}]"
Berakhot 26b	strong	tevrat	yorum_gelenegi	Rabbinic derivation of daily prayer from the patriarchs | Abraham, Isaac, and Jacob as founders of set prayers	The Talmud reads Abraham, Isaac, and Jacob as instituting the daily prayers from their biblical encounters; it develops the commentary's Abrahamic prayer lineage into a regular liturgical schedule. | The Bavli links the three daily prayer times to the patriarchs. It amplifies the commentary's Abrahamic horizon by reading regular prayer as a patriarchal inheritance rather than merely a later ritual.	87:15	"[{""line"": 26, ""strength"": ""strong"", ""tradition"": ""tevrat"", ""kind"": ""yorum_gelenegi"", ""ref"": ""Berakhot 26b"", ""basis"": ""Rabbinic derivation of daily prayer from the patriarchs"", ""note"": ""The Talmud reads Abraham, Isaac, and Jacob as instituting the daily prayers from their biblical encounters; it develops the commentary's Abrahamic prayer lineage into a regular liturgical schedule."", ""turn"": 1, ""model"": ""luna"", ""connection_id"": ""BC-54c3174867eae884514e""}, {""line"": 59, ""strength"": ""medium"", ""tradition"": ""tevrat"", ""kind"": ""yorum_gelenegi"", ""ref"": ""Berakhot 26b"", ""basis"": ""Abraham, Isaac, and Jacob as founders of set prayers"", ""note"": ""The Bavli links the three daily prayer times to the patriarchs. It amplifies the commentary's Abrahamic horizon by reading regular prayer as a patriarchal inheritance rather than merely a later ritual."", ""turn"": 1, ""model"": ""terra"", ""connection_id"": ""BC-a2748b7caaa89608e4f9""}]"
Berakhot 31a	medium	tevrat	yorum_gelenegi	Hannah's silent prayer as the norm for prayer	The Bavli derives requirements for prayer from Hannah's heart, moving lips, and unheard voice. That interpretation is especially useful beside the commentary's distinction between inward remembrance, voiced speech, and restrained sound.	87:15	"[{""line"": 56, ""strength"": ""medium"", ""tradition"": ""tevrat"", ""kind"": ""yorum_gelenegi"", ""ref"": ""Berakhot 31a"", ""basis"": ""Hannah's silent prayer as the norm for prayer"", ""note"": ""The Bavli derives requirements for prayer from Hannah's heart, moving lips, and unheard voice. That interpretation is especially useful beside the commentary's distinction between inward remembrance, voiced speech, and restrained sound."", ""turn"": 1, ""model"": ""terra"", ""connection_id"": ""BC-d6634fe74002f9ef88aa""}]"
Genesis Rabbah 23:7	strong	tevrat	yorum_gelenegi	Rabbinic reading of the first invocation as profanation	A remembered rabbinic interpretation of Genesis 4:26 construes the early calling on YHWH's name as profaning or redirecting it toward idols; it warns that naming God can be corrupted rather than honored, though the precise gloss wording should be checked.	87:15	"[{""line"": 106, ""strength"": ""strong"", ""tradition"": ""tevrat"", ""kind"": ""yorum_gelenegi"", ""ref"": ""Genesis Rabbah 23:7"", ""basis"": ""Rabbinic reading of the first invocation as profanation"", ""note"": ""A remembered rabbinic interpretation of Genesis 4:26 construes the early calling on YHWH's name as profaning or redirecting it toward idols; it warns that naming God can be corrupted rather than honored, though the precise gloss wording should be checked."", ""turn"": 2, ""model"": ""luna"", ""connection_id"": ""BC-262ef090a28334bc4ff1""}]"
Greek Daniel 3:52	medium	tevrat	paralel	The faithful bless God's name from the furnace	In the Greek addition to Daniel, the prayer in the furnace blesses the God of the ancestors and praises his name; unlike the condemned fire in the commentary's neighboring portrait, this fire becomes a setting for faithful prayer.	87:15	"[{""line"": 108, ""strength"": ""medium"", ""tradition"": ""tevrat"", ""kind"": ""paralel"", ""ref"": ""Greek Daniel 3:52"", ""basis"": ""The faithful bless God's name from the furnace"", ""note"": ""In the Greek addition to Daniel, the prayer in the furnace blesses the God of the ancestors and praises his name; unlike the condemned fire in the commentary's neighboring portrait, this fire becomes a setting for faithful prayer."", ""turn"": 2, ""model"": ""luna"", ""connection_id"": ""BC-608511ec8b4c820ad75f""}]"
Jubilees 12:16	medium	tevrat	paralel	Abram prays to the Creator after rejecting idols	After Abram rejects his father's idols, Jubilees gives him a prayer to the Creator; this expands the commentary's Abrahamic prayer lineage into an explicit repudiation of false worship.	87:15	"[{""line"": 107, ""strength"": ""medium"", ""tradition"": ""tevrat"", ""kind"": ""paralel"", ""ref"": ""Jubilees 12:16"", ""basis"": ""Abram prays to the Creator after rejecting idols"", ""note"": ""After Abram rejects his father's idols, Jubilees gives him a prayer to the Creator; this expands the commentary's Abrahamic prayer lineage into an explicit repudiation of false worship."", ""turn"": 2, ""model"": ""luna"", ""connection_id"": ""BC-68244a51f1c5a3879993""}]"
Jubilees 12:17	weak	tevrat	motif	Abram's prayer contrasts the Creator with idols	The passage continues Abram's prayer against the worship of created things; the connection to the commentary's remembrance of the Lord's unique name is specific but depends on the remembered continuation of Jubilees' wording.	87:15	"[{""line"": 124, ""strength"": ""weak"", ""tradition"": ""tevrat"", ""kind"": ""motif"", ""ref"": ""Jubilees 12:17"", ""basis"": ""Abram's prayer contrasts the Creator with idols"", ""note"": ""The passage continues Abram's prayer against the worship of created things; the connection to the commentary's remembrance of the Lord's unique name is specific but depends on the remembered continuation of Jubilees' wording."", ""turn"": 2, ""model"": ""luna"", ""connection_id"": ""BC-a1c0747661f4168f579f""}]"
Mishnah Berakhot 5:1	medium	tevrat	yorum_gelenegi	preparing and directing the heart before standing prayer	The Mishnah says that one should stand for prayer only in gravity and recalls early pietists who prepared in order to direct the heart to their Father in heaven. It develops the interior intention that the commentary places alongside bodily prayer.	87:15	"[{""line"": 57, ""strength"": ""medium"", ""tradition"": ""tevrat"", ""kind"": ""yorum_gelenegi"", ""ref"": ""Mishnah Berakhot 5:1"", ""basis"": ""preparing and directing the heart before standing prayer"", ""note"": ""The Mishnah says that one should stand for prayer only in gravity and recalls early pietists who prepared in order to direct the heart to their Father in heaven. It develops the interior intention that the commentary places alongside bodily prayer."", ""turn"": 1, ""model"": ""terra"", ""connection_id"": ""BC-da20a202b6c8987c0033""}]"
Mishnah Yoma 8:9	medium	tevrat	yorum_gelenegi	atonement requires reconciliation with the injured person	The Mishnah says that the Day of Atonement atones offenses against God but not offenses against another person until reconciliation is made. It sharpens the commentary's purification-and-prayer motif by making ethical repair indispensable.	87:15	"[{""line"": 120, ""strength"": ""medium"", ""tradition"": ""tevrat"", ""kind"": ""yorum_gelenegi"", ""ref"": ""Mishnah Yoma 8:9"", ""basis"": ""atonement requires reconciliation with the injured person"", ""note"": ""The Mishnah says that the Day of Atonement atones offenses against God but not offenses against another person until reconciliation is made. It sharpens the commentary's purification-and-prayer motif by making ethical repair indispensable."", ""turn"": 2, ""model"": ""terra"", ""connection_id"": ""BC-c419af9b2812a67da6c4""}]"
Prayer of Azariah 1	strong	tevrat	karsi_anlati	praise within the flames	The youths walk in the flames singing hymns and blessing God. It is a pointed alternative arrangement to the commentary's opposed fire and prayer images: worship is enacted from within the fire rather than as its opposite.	87:15	"[{""line"": 38, ""strength"": ""strong"", ""tradition"": ""tevrat"", ""kind"": ""karsi_anlati"", ""ref"": ""Prayer of Azariah 1"", ""basis"": ""praise within the flames"", ""note"": ""The youths walk in the flames singing hymns and blessing God. It is a pointed alternative arrangement to the commentary's opposed fire and prayer images: worship is enacted from within the fire rather than as its opposite."", ""turn"": 1, ""model"": ""terra"", ""connection_id"": ""BC-d6dc4f9f8ea5112b697c""}]"
Prayer of Azariah 1:1	weak	tevrat	motif	Praise offered from within a fiery furnace	Azariah opens his mouth to pray amid the furnace and bless God; the commentary explicitly treats its second, corrective fire only as a lexical echo, so this is a limited comparison where fire becomes the setting for prayer rather than its punishment.	87:15	"[{""line"": 72, ""strength"": ""weak"", ""tradition"": ""tevrat"", ""kind"": ""motif"", ""ref"": ""Prayer of Azariah 1:1"", ""basis"": ""Praise offered from within a fiery furnace"", ""note"": ""Azariah opens his mouth to pray amid the furnace and bless God; the commentary explicitly treats its second, corrective fire only as a lexical echo, so this is a limited comparison where fire becomes the setting for prayer rather than its punishment."", ""turn"": 1, ""model"": ""luna"", ""connection_id"": ""BC-58573bae2cd0e152cf9e""}]"
Sifre Deuteronomy 41	medium	tevrat	yorum_gelenegi	service of the heart interpreted as prayer	On the command to serve God with all the heart, the midrash asks what service occurs in the heart and answers: prayer. It offers a Jewish interpretive bridge between the commentary's inward dhikr and outward salāt.	87:15	"[{""line"": 58, ""strength"": ""medium"", ""tradition"": ""tevrat"", ""kind"": ""yorum_gelenegi"", ""ref"": ""Sifre Deuteronomy 41"", ""basis"": ""service of the heart interpreted as prayer"", ""note"": ""On the command to serve God with all the heart, the midrash asks what service occurs in the heart and answers: prayer. It offers a Jewish interpretive bridge between the commentary's inward dhikr and outward salāt."", ""turn"": 1, ""model"": ""terra"", ""connection_id"": ""BC-706a009be6b73180ee8c""}]"
Sirach 50:17-21	medium	tevrat	motif	Priestly praise followed by the people's prostration	In Simon's temple service, instruments and praise accompany the sacrifice and the assembly bows; this gives a communal liturgical scene for the commentary's bodily prayer.	87:15	"[{""line"": 65, ""strength"": ""medium"", ""tradition"": ""tevrat"", ""kind"": ""motif"", ""ref"": ""Sirach 50:17-21"", ""basis"": ""Priestly praise followed by the people's prostration"", ""note"": ""In Simon's temple service, instruments and praise accompany the sacrifice and the assembly bows; this gives a communal liturgical scene for the commentary's bodily prayer."", ""turn"": 1, ""model"": ""luna"", ""connection_id"": ""BC-0a2a7d28b7dfadbe31ea""}]"
Sirach 7:36	medium	tevrat	motif	remembering the end in every action	Sirach tells the reader to remember the end in all deeds so as not to sin. This gives a Jewish wisdom parallel for remembrance that governs conduct in view of the final outcome.	87:15	"[{""line"": 62, ""strength"": ""medium"", ""tradition"": ""tevrat"", ""kind"": ""motif"", ""ref"": ""Sirach 7:36"", ""basis"": ""remembering the end in every action"", ""note"": ""Sirach tells the reader to remember the end in all deeds so as not to sin. This gives a Jewish wisdom parallel for remembrance that governs conduct in view of the final outcome."", ""turn"": 1, ""model"": ""terra"", ""connection_id"": ""BC-75eda439af8a3786d0e4""}]"
Targum Jonathan on Isaiah 56:7	medium	tevrat	motif	Aramaic cognate ṣlōṯā in the house of prayer	The Targum's Aramaic rendering calls the temple a house of prayer for all peoples; its ṣlōṯā cognate to Arabic ṣalāt meets the commentary's movement from a single worshipper to shared sacred spaces.	87:15	"[{""line"": 63, ""strength"": ""medium"", ""tradition"": ""tevrat"", ""kind"": ""motif"", ""ref"": ""Targum Jonathan on Isaiah 56:7"", ""basis"": ""Aramaic cognate ṣlōṯā in the house of prayer"", ""note"": ""The Targum's Aramaic rendering calls the temple a house of prayer for all peoples; its ṣlōṯā cognate to Arabic ṣalāt meets the commentary's movement from a single worshipper to shared sacred spaces."", ""turn"": 1, ""model"": ""luna"", ""connection_id"": ""BC-12674e6b6da37e3a4ed7""}]"
Targum Psalms on Psalm 141:2	medium	tevrat	soydas	Aramaic ṣlōṯā for prayer as incense	The Targum uses the Aramaic prayer word cognate with ṣalāt in a verse likening prayer to incense; its context also associates raised hands with an evening offering.	87:15	"[{""line"": 64, ""strength"": ""medium"", ""tradition"": ""tevrat"", ""kind"": ""soydas"", ""ref"": ""Targum Psalms on Psalm 141:2"", ""basis"": ""Aramaic ṣlōṯā for prayer as incense"", ""note"": ""The Targum uses the Aramaic prayer word cognate with ṣalāt in a verse likening prayer to incense; its context also associates raised hands with an evening offering."", ""turn"": 1, ""model"": ""luna"", ""connection_id"": ""BC-f9de5708e61d1de3a4c6""}]"
Tobit 12:12	medium	tevrat	motif	prayers brought as a memorial before the Holy One	Raphael says that he brought the memorial of Tobit's prayer before the Holy One. The scene makes prayer itself a memorial, closely resonating with the commentary's treatment of dhikr as preserved remembrance.	87:15	"[{""line"": 61, ""strength"": ""medium"", ""tradition"": ""tevrat"", ""kind"": ""motif"", ""ref"": ""Tobit 12:12"", ""basis"": ""prayers brought as a memorial before the Holy One"", ""note"": ""Raphael says that he brought the memorial of Tobit's prayer before the Holy One. The scene makes prayer itself a memorial, closely resonating with the commentary's treatment of dhikr as preserved remembrance."", ""turn"": 1, ""model"": ""terra"", ""connection_id"": ""BC-fb37426aee53fae5505e""}]"
WLC:1Chr.16.29	strong	tevrat	paralel	glory due the Name, offering, and worship	The assembly is told to give YHWH the glory due his Name, bring an offering, and worship in holy splendor. It traces an explicit movement from the Name's honor to embodied cultic action.	87:15	"[{""line"": 84, ""strength"": ""strong"", ""tradition"": ""tevrat"", ""kind"": ""paralel"", ""ref"": ""WLC:1Chr.16.29"", ""basis"": ""glory due the Name, offering, and worship"", ""note"": ""The assembly is told to give YHWH the glory due his Name, bring an offering, and worship in holy splendor. It traces an explicit movement from the Name's honor to embodied cultic action."", ""turn"": 2, ""model"": ""terra"", ""connection_id"": ""BC-efa0c7f4e0fc0d23f73a""}]"
WLC:1Chr.16.8	strong	tevrat	paralel	giving thanks and calling on YHWH's Name	The liturgical charge joins thanksgiving, calling on YHWH's Name, and making his deeds known among peoples. It supplies a public vocal form of the Name-remembrance developed in the commentary.	87:15	"[{""line"": 83, ""strength"": ""strong"", ""tradition"": ""tevrat"", ""kind"": ""paralel"", ""ref"": ""WLC:1Chr.16.8"", ""basis"": ""giving thanks and calling on YHWH's Name"", ""note"": ""The liturgical charge joins thanksgiving, calling on YHWH's Name, and making his deeds known among peoples. It supplies a public vocal form of the Name-remembrance developed in the commentary."", ""turn"": 2, ""model"": ""terra"", ""connection_id"": ""BC-7959474c9ca8f3a216a5""}]"
WLC:1Kgs.18.24	strong	tevrat	karsi_anlati	competing Name-invocation judged by fire	Elijah contrasts calling on the name of a god with calling on YHWH, and identifies the God who answers by fire as God. The contest makes fire an authentication of correct Name-invocation, a distinct narrative arrangement beside the commentary's fire contrast.	87:15	"[{""line"": 88, ""strength"": ""strong"", ""tradition"": ""tevrat"", ""kind"": ""karsi_anlati"", ""ref"": ""WLC:1Kgs.18.24"", ""basis"": ""competing Name-invocation judged by fire"", ""note"": ""Elijah contrasts calling on the name of a god with calling on YHWH, and identifies the God who answers by fire as God. The contest makes fire an authentication of correct Name-invocation, a distinct narrative arrangement beside the commentary's fire contrast."", ""turn"": 2, ""model"": ""terra"", ""connection_id"": ""BC-1e3becbdb7f432e0f67c""}]"
WLC:1Kgs.8.29	strong	tevrat	motif|paralel	The temple as the place of God's name | the house bearing the Name and prayer toward it	Solomon asks that God's eyes attend the house where he said his name would dwell, and that he hear prayer directed there; the text links name, place, and prayer. | Solomon asks that God's eyes attend the house called by his Name and the prayer his servant makes toward it. It grounds the commentary's sanctuary discussion in a named place where prayer is directed to God.	87:15	"[{""line"": 21, ""strength"": ""strong"", ""tradition"": ""tevrat"", ""kind"": ""motif"", ""ref"": ""WLC:1Kgs.8.29"", ""basis"": ""The temple as the place of God's name"", ""note"": ""Solomon asks that God's eyes attend the house where he said his name would dwell, and that he hear prayer directed there; the text links name, place, and prayer."", ""turn"": 1, ""model"": ""luna"", ""connection_id"": ""BC-bff123bfa47e1b4af90f""}, {""line"": 31, ""strength"": ""strong"", ""tradition"": ""tevrat"", ""kind"": ""paralel"", ""ref"": ""WLC:1Kgs.8.29"", ""basis"": ""the house bearing the Name and prayer toward it"", ""note"": ""Solomon asks that God's eyes attend the house called by his Name and the prayer his servant makes toward it. It grounds the commentary's sanctuary discussion in a named place where prayer is directed to God."", ""turn"": 1, ""model"": ""terra"", ""connection_id"": ""BC-92f3055fa71af2357b76""}]"
WLC:1Kgs.8.30	strong	tevrat	motif	Hearing prayer and forgiving	Solomon asks God to hear the supplication of king and people from heaven and forgive; the temple name in the preceding verse frames the communal prayer.	87:15	"[{""line"": 22, ""strength"": ""strong"", ""tradition"": ""tevrat"", ""kind"": ""motif"", ""ref"": ""WLC:1Kgs.8.30"", ""basis"": ""Hearing prayer and forgiving"", ""note"": ""Solomon asks God to hear the supplication of king and people from heaven and forgive; the temple name in the preceding verse frames the communal prayer."", ""turn"": 1, ""model"": ""luna"", ""connection_id"": ""BC-087cfe593fa301dc7e31""}]"
WLC:1Kgs.8.35	strong	tevrat	paralel	prayer toward the house and confessing God's Name	In drought, Israel prays toward the temple, confesses God's Name, and turns from sin. The verse brings together sanctuary, Name, prayer, repentance, and ethical correction more specifically than a general temple parallel.	87:15	"[{""line"": 87, ""strength"": ""strong"", ""tradition"": ""tevrat"", ""kind"": ""paralel"", ""ref"": ""WLC:1Kgs.8.35"", ""basis"": ""prayer toward the house and confessing God's Name"", ""note"": ""In drought, Israel prays toward the temple, confesses God's Name, and turns from sin. The verse brings together sanctuary, Name, prayer, repentance, and ethical correction more specifically than a general temple parallel."", ""turn"": 2, ""model"": ""terra"", ""connection_id"": ""BC-6cabc0ade7f9e8f7535d""}]"
WLC:1Kgs.8.41	strong	tevrat	motif	The foreigner comes because of God's name	Solomon's dedication prayer explicitly imagines a foreigner coming from far away because of YHWH's name; the name draws worshippers to the house.	87:15	"[{""line"": 94, ""strength"": ""strong"", ""tradition"": ""tevrat"", ""kind"": ""motif"", ""ref"": ""WLC:1Kgs.8.41"", ""basis"": ""The foreigner comes because of God's name"", ""note"": ""Solomon's dedication prayer explicitly imagines a foreigner coming from far away because of YHWH's name; the name draws worshippers to the house."", ""turn"": 2, ""model"": ""luna"", ""connection_id"": ""BC-41c0ae3a97cabb0baf7f""}]"
WLC:1Kgs.8.43	strong	tevrat	motif	Hearing a foreigner's prayer makes the name known	Solomon asks God to hear the foreigner's prayer so all peoples may know and fear his name; prayer at the named house becomes public witness.	87:15	"[{""line"": 95, ""strength"": ""strong"", ""tradition"": ""tevrat"", ""kind"": ""motif"", ""ref"": ""WLC:1Kgs.8.43"", ""basis"": ""Hearing a foreigner's prayer makes the name known"", ""note"": ""Solomon asks God to hear the foreigner's prayer so all peoples may know and fear his name; prayer at the named house becomes public witness."", ""turn"": 2, ""model"": ""luna"", ""connection_id"": ""BC-c6fec45f95e5e48e5638""}]"
WLC:1Sam.1.10	medium	tevrat	paralel	Hannah's bitter prayer and vow	Hannah prays at Shiloh and vows her son to YHWH; the scene gives a particular Hebrew Bible portrait of a person defined by a prayerful response.	87:15	"[{""line"": 61, ""strength"": ""medium"", ""tradition"": ""tevrat"", ""kind"": ""paralel"", ""ref"": ""WLC:1Sam.1.10"", ""basis"": ""Hannah's bitter prayer and vow"", ""note"": ""Hannah prays at Shiloh and vows her son to YHWH; the scene gives a particular Hebrew Bible portrait of a person defined by a prayerful response."", ""turn"": 1, ""model"": ""luna"", ""connection_id"": ""BC-3974b0ac9f29b97b586d""}]"
WLC:1Sam.1.13	strong	tevrat	paralel	heart, moving lips, and unheard voice	Hannah speaks in her heart; her lips move but her voice is not heard. This concrete prayer scene illuminates the commentary's insistence that remembrance can belong simultaneously to inner life and to speech without being loud.	87:15	"[{""line"": 24, ""strength"": ""strong"", ""tradition"": ""tevrat"", ""kind"": ""paralel"", ""ref"": ""WLC:1Sam.1.13"", ""basis"": ""heart, moving lips, and unheard voice"", ""note"": ""Hannah speaks in her heart; her lips move but her voice is not heard. This concrete prayer scene illuminates the commentary's insistence that remembrance can belong simultaneously to inner life and to speech without being loud."", ""turn"": 1, ""model"": ""terra"", ""connection_id"": ""BC-1ce6ab0a500753dfcb71""}]"
WLC:1Sam.1.19	medium	tevrat	motif	YHWH remembers Hannah after her prayer	The narrative says YHWH remembers Hannah and she conceives; unlike 87:15's person remembering God, this reverses the direction of remembrance and makes prayer's answer the point.	87:15	"[{""line"": 62, ""strength"": ""medium"", ""tradition"": ""tevrat"", ""kind"": ""motif"", ""ref"": ""WLC:1Sam.1.19"", ""basis"": ""YHWH remembers Hannah after her prayer"", ""note"": ""The narrative says YHWH remembers Hannah and she conceives; unlike 87:15's person remembering God, this reverses the direction of remembrance and makes prayer's answer the point."", ""turn"": 1, ""model"": ""luna"", ""connection_id"": ""BC-13839280d7fe97653cb1""}]"
WLC:1Sam.12.23	strong	tevrat	motif	continuing to pray for the people	Samuel says that ceasing to pray for Israel would itself be sin, and pairs prayer with teaching the good and right way. It adds a continuing communal-intercession dimension to the commentary's secondary understanding of salāt as petition for another's good.	87:15	"[{""line"": 98, ""strength"": ""strong"", ""tradition"": ""tevrat"", ""kind"": ""motif"", ""ref"": ""WLC:1Sam.12.23"", ""basis"": ""continuing to pray for the people"", ""note"": ""Samuel says that ceasing to pray for Israel would itself be sin, and pairs prayer with teaching the good and right way. It adds a continuing communal-intercession dimension to the commentary's secondary understanding of salāt as petition for another's good."", ""turn"": 2, ""model"": ""terra"", ""connection_id"": ""BC-b7110e011d6da59c546d""}]"
WLC:2Chr.29.30	strong	tevrat	paralel	commanded praise becoming song and bowed worship	Hezekiah directs Levites to praise YHWH with David's and Asaph's words; they praise with joy and bow to worship. The scene closely resembles the commentary's interest in an inherited command or text reaching fulfillment in human action.	87:15	"[{""line"": 85, ""strength"": ""strong"", ""tradition"": ""tevrat"", ""kind"": ""paralel"", ""ref"": ""WLC:2Chr.29.30"", ""basis"": ""commanded praise becoming song and bowed worship"", ""note"": ""Hezekiah directs Levites to praise YHWH with David's and Asaph's words; they praise with joy and bow to worship. The scene closely resembles the commentary's interest in an inherited command or text reaching fulfillment in human action."", ""turn"": 2, ""model"": ""terra"", ""connection_id"": ""BC-f5b9c2bddc1f16fe75c0""}]"
WLC:2Chr.6.20	medium	tevrat	motif	Solomon's prayer toward the house bearing God's name	Solomon asks that God's eyes remain open toward the house where his name dwells and that he hear prayer; this expands the temple-name relation into a royal prayer.	87:15	"[{""line"": 67, ""strength"": ""medium"", ""tradition"": ""tevrat"", ""kind"": ""motif"", ""ref"": ""WLC:2Chr.6.20"", ""basis"": ""Solomon's prayer toward the house bearing God's name"", ""note"": ""Solomon asks that God's eyes remain open toward the house where his name dwells and that he hear prayer; this expands the temple-name relation into a royal prayer."", ""turn"": 1, ""model"": ""luna"", ""connection_id"": ""BC-3f1dd4350afdeb8945c6""}]"
WLC:2Chr.6.32	strong	tevrat	motif	Foreigners pray toward the house because of God's name	Solomon includes the foreigner who comes because of God's great name and prays toward the temple, asking that God hear so all peoples know the name; this expands the commentary's house-of-prayer image beyond one community.	87:15	"[{""line"": 93, ""strength"": ""strong"", ""tradition"": ""tevrat"", ""kind"": ""motif"", ""ref"": ""WLC:2Chr.6.32"", ""basis"": ""Foreigners pray toward the house because of God's name"", ""note"": ""Solomon includes the foreigner who comes because of God's great name and prays toward the temple, asking that God hear so all peoples know the name; this expands the commentary's house-of-prayer image beyond one community."", ""turn"": 2, ""model"": ""luna"", ""connection_id"": ""BC-95c402a57430b3f43fe3""}]"
WLC:2Chr.7.14	strong	tevrat	motif	Named people humble themselves, pray, and turn	God's people called by his name are to humble themselves, pray, seek his face, and turn from evil; the response closely joins purification, name, and prayer.	87:15	"[{""line"": 31, ""strength"": ""strong"", ""tradition"": ""tevrat"", ""kind"": ""motif"", ""ref"": ""WLC:2Chr.7.14"", ""basis"": ""Named people humble themselves, pray, and turn"", ""note"": ""God's people called by his name are to humble themselves, pray, seek his face, and turn from evil; the response closely joins purification, name, and prayer."", ""turn"": 1, ""model"": ""luna"", ""connection_id"": ""BC-19e0e503432756ddb235""}]"
WLC:2Chr.7.3	strong	tevrat	karsi_anlati	fire and glory answered by prostration and thanks	When Israel sees the fire and YHWH's glory, the people bow face-down and worship with thanksgiving. Unlike the commentary's opposed fire and prayer portraits, this temple scene makes divine fire the immediate occasion of worship.	87:15	"[{""line"": 80, ""strength"": ""strong"", ""tradition"": ""tevrat"", ""kind"": ""karsi_anlati"", ""ref"": ""WLC:2Chr.7.3"", ""basis"": ""fire and glory answered by prostration and thanks"", ""note"": ""When Israel sees the fire and YHWH's glory, the people bow face-down and worship with thanksgiving. Unlike the commentary's opposed fire and prayer portraits, this temple scene makes divine fire the immediate occasion of worship."", ""turn"": 2, ""model"": ""terra"", ""connection_id"": ""BC-4170fba41b51587c0633""}]"
WLC:2Sam.7.26	strong	tevrat	motif	David asks that God's name be magnified forever	In David's prayer, the desired result is that YHWH's name be magnified forever; this is a direct prayer-context for the commentary's elevated-name image.	87:15	"[{""line"": 86, ""strength"": ""strong"", ""tradition"": ""tevrat"", ""kind"": ""motif"", ""ref"": ""WLC:2Sam.7.26"", ""basis"": ""David asks that God's name be magnified forever"", ""note"": ""In David's prayer, the desired result is that YHWH's name be magnified forever; this is a direct prayer-context for the commentary's elevated-name image."", ""turn"": 2, ""model"": ""luna"", ""connection_id"": ""BC-a038f5ad07dd981a2e32""}]"
WLC:Dan.12.2	strong	tevrat	motif	everlasting life versus everlasting contempt	Daniel's resurrection vision contrasts those waking to everlasting life with those waking to shame and everlasting contempt. It offers the Hebrew Bible's sharpest eschatological counterpart to the commentary's surrounding contrast of the lasting hereafter and destructive fire.	87:15	"[{""line"": 49, ""strength"": ""strong"", ""tradition"": ""tevrat"", ""kind"": ""motif"", ""ref"": ""WLC:Dan.12.2"", ""basis"": ""everlasting life versus everlasting contempt"", ""note"": ""Daniel's resurrection vision contrasts those waking to everlasting life with those waking to shame and everlasting contempt. It offers the Hebrew Bible's sharpest eschatological counterpart to the commentary's surrounding contrast of the lasting hereafter and destructive fire."", ""turn"": 1, ""model"": ""terra"", ""connection_id"": ""BC-de68ae253115f6c918a0""}]"
WLC:Dan.3.15	strong	tevrat	karsi_anlati	fiery-furnace threat for refusal to worship an image	Nebuchadnezzar makes the furnace the penalty for refusing worship of the image. This reverses the commentary's fire-and-prayer contrast in a specific way: fidelity is shown by refusing a false bodily worship under threat of fire.	87:15	"[{""line"": 36, ""strength"": ""strong"", ""tradition"": ""tevrat"", ""kind"": ""karsi_anlati"", ""ref"": ""WLC:Dan.3.15"", ""basis"": ""fiery-furnace threat for refusal to worship an image"", ""note"": ""Nebuchadnezzar makes the furnace the penalty for refusing worship of the image. This reverses the commentary's fire-and-prayer contrast in a specific way: fidelity is shown by refusing a false bodily worship under threat of fire."", ""turn"": 1, ""model"": ""terra"", ""connection_id"": ""BC-363ffc70c250d4e1914b""}]"
WLC:Dan.3.18	strong	tevrat	karsi_anlati	refusal to serve or worship another god	The three Judeans declare that they will neither serve the king's gods nor worship his image. Read with the furnace challenge, their refusal makes correct worship the very reason they enter the fire trial.	87:15	"[{""line"": 37, ""strength"": ""strong"", ""tradition"": ""tevrat"", ""kind"": ""karsi_anlati"", ""ref"": ""WLC:Dan.3.18"", ""basis"": ""refusal to serve or worship another god"", ""note"": ""The three Judeans declare that they will neither serve the king's gods nor worship his image. Read with the furnace challenge, their refusal makes correct worship the very reason they enter the fire trial."", ""turn"": 1, ""model"": ""terra"", ""connection_id"": ""BC-d0330156ab2f8268b5b6""}]"
WLC:Dan.6.10	strong	tevrat	motif	Kneeling and thanking God three times a day	Daniel kneels toward Jerusalem three times daily and prays with thanks as he had done before; this is a concrete portrait of remembered allegiance enacted through the body.	87:15	"[{""line"": 90, ""strength"": ""strong"", ""tradition"": ""tevrat"", ""kind"": ""motif"", ""ref"": ""WLC:Dan.6.10"", ""basis"": ""Kneeling and thanking God three times a day"", ""note"": ""Daniel kneels toward Jerusalem three times daily and prays with thanks as he had done before; this is a concrete portrait of remembered allegiance enacted through the body."", ""turn"": 2, ""model"": ""luna"", ""connection_id"": ""BC-55ed0f997939c7d281cb""}]"
WLC:Dan.6.11	strong	tevrat	paralel	kneeling three times daily in prayer and thanksgiving	Daniel kneels on his knees three times each day, prays, and gives thanks before God as was his custom. It is a sharply drawn biblical portrait of habitual bodily prayer joined to thankful remembrance.	87:15	"[{""line"": 78, ""strength"": ""strong"", ""tradition"": ""tevrat"", ""kind"": ""paralel"", ""ref"": ""WLC:Dan.6.11"", ""basis"": ""kneeling three times daily in prayer and thanksgiving"", ""note"": ""Daniel kneels on his knees three times each day, prays, and gives thanks before God as was his custom. It is a sharply drawn biblical portrait of habitual bodily prayer joined to thankful remembrance."", ""turn"": 2, ""model"": ""terra"", ""connection_id"": ""BC-8b2649542728cdb1f8e8""}]"
WLC:Dan.9.18	strong	tevrat	motif	A plea for mercy because of God's name	Daniel asks God to hear and see the city's desolation, explicitly appealing to mercy rather than human righteousness; the prayer gives a counterweight to any idea that purification earns rescue.	87:15	"[{""line"": 91, ""strength"": ""strong"", ""tradition"": ""tevrat"", ""kind"": ""motif"", ""ref"": ""WLC:Dan.9.18"", ""basis"": ""A plea for mercy because of God's name"", ""note"": ""Daniel asks God to hear and see the city's desolation, explicitly appealing to mercy rather than human righteousness; the prayer gives a counterweight to any idea that purification earns rescue."", ""turn"": 2, ""model"": ""luna"", ""connection_id"": ""BC-52ffddeb249c6425213a""}]"
WLC:Dan.9.19	strong	tevrat	motif	Hear for your sake and for the city called by your name	Daniel asks the Lord to hear, forgive, and act for his own sake because the city and people bear his name; it joins prayer, name, and communal identity.	87:15	"[{""line"": 92, ""strength"": ""strong"", ""tradition"": ""tevrat"", ""kind"": ""motif"", ""ref"": ""WLC:Dan.9.19"", ""basis"": ""Hear for your sake and for the city called by your name"", ""note"": ""Daniel asks the Lord to hear, forgive, and act for his own sake because the city and people bear his name; it joins prayer, name, and communal identity."", ""turn"": 2, ""model"": ""luna"", ""connection_id"": ""BC-11e9ea17135e617faf64""}]"
WLC:Deut.13.5	medium	tevrat	motif	walking after YHWH	Israel is commanded to walk after, fear, serve, and cling to YHWH. This gives a scriptural analogue for the commentary's carefully limited secondary image of the praying person as one who follows what rightly goes before.	87:15	"[{""line"": 53, ""strength"": ""medium"", ""tradition"": ""tevrat"", ""kind"": ""motif"", ""ref"": ""WLC:Deut.13.5"", ""basis"": ""walking after YHWH"", ""note"": ""Israel is commanded to walk after, fear, serve, and cling to YHWH. This gives a scriptural analogue for the commentary's carefully limited secondary image of the praying person as one who follows what rightly goes before."", ""turn"": 1, ""model"": ""terra"", ""connection_id"": ""BC-52fb47b468663a942233""}]"
WLC:Deut.30.19	medium	tevrat	motif	choosing life rather than death	Moses places life and death before Israel and commands the choice of life. The covenantal alternative is not identical to the commentary's worldly-life/afterlife contrast, but it gives a specific scriptural pattern in which allegiance is expressed as a life-or-death choice.	87:15	"[{""line"": 55, ""strength"": ""medium"", ""tradition"": ""tevrat"", ""kind"": ""motif"", ""ref"": ""WLC:Deut.30.19"", ""basis"": ""choosing life rather than death"", ""note"": ""Moses places life and death before Israel and commands the choice of life. The covenantal alternative is not identical to the commentary's worldly-life/afterlife contrast, but it gives a specific scriptural pattern in which allegiance is expressed as a life-or-death choice."", ""turn"": 1, ""model"": ""terra"", ""connection_id"": ""BC-f251076ed45b3ba8eef4""}]"
WLC:Deut.31.19	strong	tevrat	paralel	written song taught and put in Israel's mouth	Moses is commanded to write the song, teach it to Israel, and put it in their mouths so it can remain a witness. The verse makes preserved words, oral repetition, and durable communal memory one practice.	87:15	"[{""line"": 77, ""strength"": ""strong"", ""tradition"": ""tevrat"", ""kind"": ""paralel"", ""ref"": ""WLC:Deut.31.19"", ""basis"": ""written song taught and put in Israel's mouth"", ""note"": ""Moses is commanded to write the song, teach it to Israel, and put it in their mouths so it can remain a witness. The verse makes preserved words, oral repetition, and durable communal memory one practice."", ""turn"": 2, ""model"": ""terra"", ""connection_id"": ""BC-1abd87ad5d8d6388f2de""}]"
WLC:Deut.32.3	strong	tevrat	motif	Proclaiming the name and ascribing greatness	Moses announces that he will proclaim YHWH's name and ascribe greatness to God; this links the named Lord with voiced praise and elevation.	87:15	"[{""line"": 88, ""strength"": ""strong"", ""tradition"": ""tevrat"", ""kind"": ""motif"", ""ref"": ""WLC:Deut.32.3"", ""basis"": ""Proclaiming the name and ascribing greatness"", ""note"": ""Moses announces that he will proclaim YHWH's name and ascribe greatness to God; this links the named Lord with voiced praise and elevation."", ""turn"": 2, ""model"": ""luna"", ""connection_id"": ""BC-9dece8f47f7df11ba398""}]"
WLC:Deut.6.12	strong	tevrat	motif	Do not forget the Lord	Israel is warned not to forget the God who brought them from Egypt; the explicit negative makes the memory-versus-forgetting contrast developed around 87:15 concrete.	87:15	"[{""line"": 29, ""strength"": ""strong"", ""tradition"": ""tevrat"", ""kind"": ""motif"", ""ref"": ""WLC:Deut.6.12"", ""basis"": ""Do not forget the Lord"", ""note"": ""Israel is warned not to forget the God who brought them from Egypt; the explicit negative makes the memory-versus-forgetting contrast developed around 87:15 concrete."", ""turn"": 1, ""model"": ""luna"", ""connection_id"": ""BC-bb510564ab66e269c9e7""}]"
WLC:Deut.6.13	strong	tevrat	motif	Serving and swearing by God's name	The next verse commands service of YHWH and oath by his name, so the remembered name issues in bodily allegiance rather than remaining an idea.	87:15	"[{""line"": 30, ""strength"": ""strong"", ""tradition"": ""tevrat"", ""kind"": ""motif"", ""ref"": ""WLC:Deut.6.13"", ""basis"": ""Serving and swearing by God's name"", ""note"": ""The next verse commands service of YHWH and oath by his name, so the remembered name issues in bodily allegiance rather than remaining an idea."", ""turn"": 1, ""model"": ""luna"", ""connection_id"": ""BC-638762a00e688756c7b0""}]"
WLC:Deut.6.6	strong	tevrat	motif	Words kept on the heart | words placed upon the heart	Israel is told to keep the commandment's words on the heart; this matches the commentary's secondary account of ẕikr as guarding the Lord's name inwardly. | The covenant words are to be upon Israel's heart. This gives a biblical form for the commentary's claim that remembrance is preservation and non-forgetting within a person.	87:15	"[{""line"": 27, ""strength"": ""strong"", ""tradition"": ""tevrat"", ""kind"": ""motif"", ""ref"": ""WLC:Deut.6.6"", ""basis"": ""Words kept on the heart"", ""note"": ""Israel is told to keep the commandment's words on the heart; this matches the commentary's secondary account of ẕikr as guarding the Lord's name inwardly."", ""turn"": 1, ""model"": ""luna"", ""connection_id"": ""BC-06c73dea20ba47854e71""}, {""line"": 27, ""strength"": ""strong"", ""tradition"": ""tevrat"", ""kind"": ""motif"", ""ref"": ""WLC:Deut.6.6"", ""basis"": ""words placed upon the heart"", ""note"": ""The covenant words are to be upon Israel's heart. This gives a biblical form for the commentary's claim that remembrance is preservation and non-forgetting within a person."", ""turn"": 1, ""model"": ""terra"", ""connection_id"": ""BC-1a89d33c31a0ac75441f""}]"
WLC:Deut.6.7	strong	tevrat	motif	Remembering through ordinary bodily routines | repeating the words in ordinary speech	The words are to be recited sitting, walking, lying down, and rising; this places remembrance throughout daily embodied life, as the commentary's name moves from speech into prayer. | Israel is to repeat the covenant words to children and speak them at home, on the road, at night, and in the morning. It turns inwardly held words into continual voiced practice, as the commentary traces remembrance from heart and tongue into life.	87:15	"[{""line"": 28, ""strength"": ""strong"", ""tradition"": ""tevrat"", ""kind"": ""motif"", ""ref"": ""WLC:Deut.6.7"", ""basis"": ""Remembering through ordinary bodily routines"", ""note"": ""The words are to be recited sitting, walking, lying down, and rising; this places remembrance throughout daily embodied life, as the commentary's name moves from speech into prayer."", ""turn"": 1, ""model"": ""luna"", ""connection_id"": ""BC-3d4bc06ca22e60f6f1b7""}, {""line"": 28, ""strength"": ""strong"", ""tradition"": ""tevrat"", ""kind"": ""motif"", ""ref"": ""WLC:Deut.6.7"", ""basis"": ""repeating the words in ordinary speech"", ""note"": ""Israel is to repeat the covenant words to children and speak them at home, on the road, at night, and in the morning. It turns inwardly held words into continual voiced practice, as the commentary traces remembrance from heart and tongue into life."", ""turn"": 1, ""model"": ""terra"", ""connection_id"": ""BC-437cac04f5dca4049081""}]"
WLC:Deut.8.11	medium	tevrat	karsi_anlati	forgetting YHWH through failure to keep his commands	The warning is not to forget YHWH by failing to keep his commands. It makes remembered Lordship covenantally practical and supplies the negative counterpart to the commentary's person who does not forget and whose remembrance becomes action.	87:15	"[{""line"": 54, ""strength"": ""medium"", ""tradition"": ""tevrat"", ""kind"": ""karsi_anlati"", ""ref"": ""WLC:Deut.8.11"", ""basis"": ""forgetting YHWH through failure to keep his commands"", ""note"": ""The warning is not to forget YHWH by failing to keep his commands. It makes remembered Lordship covenantally practical and supplies the negative counterpart to the commentary's person who does not forget and whose remembrance becomes action."", ""turn"": 1, ""model"": ""terra"", ""connection_id"": ""BC-b99fd13665dcd5cf3e7d""}]"
WLC:Exod.13.9	strong	tevrat	soydas	sign, zikkaron, and Torah in the mouth	The exodus rite is to be a sign and zikkaron so that YHWH's Torah will be in Israel's mouth. Hebrew zikkaron belongs to the zkr cognate family of the commentary's ذ ك ر, and the verse explicitly joins memorial, embodied sign, and spoken teaching.	87:15	"[{""line"": 74, ""strength"": ""strong"", ""tradition"": ""tevrat"", ""kind"": ""soydas"", ""ref"": ""WLC:Exod.13.9"", ""basis"": ""sign, zikkaron, and Torah in the mouth"", ""note"": ""The exodus rite is to be a sign and zikkaron so that YHWH's Torah will be in Israel's mouth. Hebrew zikkaron belongs to the zkr cognate family of the commentary's ذ ك ر, and the verse explicitly joins memorial, embodied sign, and spoken teaching."", ""turn"": 2, ""model"": ""terra"", ""connection_id"": ""BC-8efddcbe4c00702cee4a""}]"
WLC:Exod.17.14	strong	tevrat	soydas	write the memorial in a book and recite it	YHWH orders Moses to write the event as a zikkaron in a book and place it in Joshua's ears. The zkr cognate supplies a concrete biblical precedent for the commentary's secondary sense of dhikr as a preserved, spoken scriptural record.	87:15	"[{""line"": 75, ""strength"": ""strong"", ""tradition"": ""tevrat"", ""kind"": ""soydas"", ""ref"": ""WLC:Exod.17.14"", ""basis"": ""write the memorial in a book and recite it"", ""note"": ""YHWH orders Moses to write the event as a zikkaron in a book and place it in Joshua's ears. The zkr cognate supplies a concrete biblical precedent for the commentary's secondary sense of dhikr as a preserved, spoken scriptural record."", ""turn"": 2, ""model"": ""terra"", ""connection_id"": ""BC-b3e4ffece9d37dd59ad2""}]"
WLC:Exod.20.24	strong	tevrat	motif|paralel	Name remembered at an altar | place where the Name is remembered and an altar is served	At the altar God says he will come and bless wherever he causes his name to be remembered; this joins invoked name, worship place, and blessing as the commentary does in its temple reading. | YHWH promises to come and bless wherever he causes his Name to be remembered, in the verse's altar setting. It joins remembered Name, worshipful action, and divine blessing in one tightly bounded instruction.	87:15	"[{""line"": 8, ""strength"": ""strong"", ""tradition"": ""tevrat"", ""kind"": ""motif"", ""ref"": ""WLC:Exod.20.24"", ""basis"": ""Name remembered at an altar"", ""note"": ""At the altar God says he will come and bless wherever he causes his name to be remembered; this joins invoked name, worship place, and blessing as the commentary does in its temple reading."", ""turn"": 1, ""model"": ""luna"", ""connection_id"": ""BC-0593445bac7f35773aaf""}, {""line"": 4, ""strength"": ""strong"", ""tradition"": ""tevrat"", ""kind"": ""paralel"", ""ref"": ""WLC:Exod.20.24"", ""basis"": ""place where the Name is remembered and an altar is served"", ""note"": ""YHWH promises to come and bless wherever he causes his Name to be remembered, in the verse's altar setting. It joins remembered Name, worshipful action, and divine blessing in one tightly bounded instruction."", ""turn"": 1, ""model"": ""terra"", ""connection_id"": ""BC-d5be9b7be0b0f102172f""}]"
WLC:Exod.3.15	strong	tevrat	soydas	Hebrew zkr with shem | Hebrew zkr and the Name as memorial	The commentary's Arabic remembrance of the Lord's name has a close Hebrew counterpart: after revealing the name YHWH, God calls it a memorial for every generation. | God calls the revealed Name his zēker, his enduring memorial. Hebrew zkr is a genuine cognate of the commentary's Arabic ذ ك ر, and the verse itself pairs that memorial with the divine Name.	87:15	"[{""line"": 2, ""strength"": ""strong"", ""tradition"": ""tevrat"", ""kind"": ""soydas"", ""ref"": ""WLC:Exod.3.15"", ""basis"": ""Hebrew zkr with shem"", ""note"": ""The commentary's Arabic remembrance of the Lord's name has a close Hebrew counterpart: after revealing the name YHWH, God calls it a memorial for every generation."", ""turn"": 1, ""model"": ""luna"", ""connection_id"": ""BC-8a8a9abae821e548e740""}, {""line"": 5, ""strength"": ""strong"", ""tradition"": ""tevrat"", ""kind"": ""soydas"", ""ref"": ""WLC:Exod.3.15"", ""basis"": ""Hebrew zkr and the Name as memorial"", ""note"": ""God calls the revealed Name his zēker, his enduring memorial. Hebrew zkr is a genuine cognate of the commentary's Arabic ذ ك ر, and the verse itself pairs that memorial with the divine Name."", ""turn"": 1, ""model"": ""terra"", ""connection_id"": ""BC-9a31e8b0e90d9bc2ec42""}]"
WLC:Exod.34.5	strong	tevrat	motif	The Lord proclaims his name to Moses | proclaiming the divine Name	YHWH descends and proclaims his name to Moses, making the name a revealed address before Moses responds in worship in verse 8. | YHWH descends in the Sinai encounter and proclaims the Name. It gives a concrete scriptural setting in which the Name is voiced as an event demanding response, rather than treated as a bare designation.	87:15	"[{""line"": 32, ""strength"": ""strong"", ""tradition"": ""tevrat"", ""kind"": ""motif"", ""ref"": ""WLC:Exod.34.5"", ""basis"": ""The Lord proclaims his name to Moses"", ""note"": ""YHWH descends and proclaims his name to Moses, making the name a revealed address before Moses responds in worship in verse 8."", ""turn"": 1, ""model"": ""luna"", ""connection_id"": ""BC-fed0fa540250838af77a""}, {""line"": 1, ""strength"": ""strong"", ""tradition"": ""tevrat"", ""kind"": ""motif"", ""ref"": ""WLC:Exod.34.5"", ""basis"": ""proclaiming the divine Name"", ""note"": ""YHWH descends in the Sinai encounter and proclaims the Name. It gives a concrete scriptural setting in which the Name is voiced as an event demanding response, rather than treated as a bare designation."", ""turn"": 1, ""model"": ""terra"", ""connection_id"": ""BC-a65a724a602e9efc6eac""}]"
WLC:Exod.34.8	strong	tevrat	motif|paralel	Moses bows after hearing the name | Name answered by bodily worship	After YHWH proclaims his name and character, Moses hastens to bow to the earth and worship; this gives the commentary's word-to-body movement a specific scene. | Moses hastens to bow to the earth and worship in the Name-proclamation scene. The sequence closely illuminates the commentary's movement from a named Lord to an immediate bodily act of worship.	87:15	"[{""line"": 33, ""strength"": ""strong"", ""tradition"": ""tevrat"", ""kind"": ""motif"", ""ref"": ""WLC:Exod.34.8"", ""basis"": ""Moses bows after hearing the name"", ""note"": ""After YHWH proclaims his name and character, Moses hastens to bow to the earth and worship; this gives the commentary's word-to-body movement a specific scene."", ""turn"": 1, ""model"": ""luna"", ""connection_id"": ""BC-e32fe5a51bebab4f3f5b""}, {""line"": 2, ""strength"": ""strong"", ""tradition"": ""tevrat"", ""kind"": ""paralel"", ""ref"": ""WLC:Exod.34.8"", ""basis"": ""Name answered by bodily worship"", ""note"": ""Moses hastens to bow to the earth and worship in the Name-proclamation scene. The sequence closely illuminates the commentary's movement from a named Lord to an immediate bodily act of worship."", ""turn"": 1, ""model"": ""terra"", ""connection_id"": ""BC-a7ac6271cc4f45ab7b22""}]"
WLC:Ezek.36.23	strong	tevrat	motif	God sanctifies the great Name among nations	God promises to vindicate the holiness of his great Name before the nations. It supplies a restoration-oracle counterpart to the commentary's insistence that the Name is exalted and not a neutral verbal label.	87:15	"[{""line"": 89, ""strength"": ""strong"", ""tradition"": ""tevrat"", ""kind"": ""motif"", ""ref"": ""WLC:Ezek.36.23"", ""basis"": ""God sanctifies the great Name among nations"", ""note"": ""God promises to vindicate the holiness of his great Name before the nations. It supplies a restoration-oracle counterpart to the commentary's insistence that the Name is exalted and not a neutral verbal label."", ""turn"": 2, ""model"": ""terra"", ""connection_id"": ""BC-717b9a73b071e854dc05""}]"
WLC:Ezek.36.25	strong	tevrat	paralel	clean water cleansing impurity and idols	God promises to sprinkle clean water so that Israel will be clean from impurities and idols. It is a direct prophetic form of purification that prepares a people for restored relation to their Lord.	87:15	"[{""line"": 90, ""strength"": ""strong"", ""tradition"": ""tevrat"", ""kind"": ""paralel"", ""ref"": ""WLC:Ezek.36.25"", ""basis"": ""clean water cleansing impurity and idols"", ""note"": ""God promises to sprinkle clean water so that Israel will be clean from impurities and idols. It is a direct prophetic form of purification that prepares a people for restored relation to their Lord."", ""turn"": 2, ""model"": ""terra"", ""connection_id"": ""BC-acb5d7b977c80e0f8982""}]"
WLC:Ezek.36.26	strong	tevrat	motif	new heart and new spirit	God gives a new heart and spirit in place of the hardened one. This intensifies the commentary's inner dimension of remembrance by making transformed inward life part of restoration.	87:15	"[{""line"": 91, ""strength"": ""strong"", ""tradition"": ""tevrat"", ""kind"": ""motif"", ""ref"": ""WLC:Ezek.36.26"", ""basis"": ""new heart and new spirit"", ""note"": ""God gives a new heart and spirit in place of the hardened one. This intensifies the commentary's inner dimension of remembrance by making transformed inward life part of restoration."", ""turn"": 2, ""model"": ""terra"", ""connection_id"": ""BC-d72fd9a131f273ce6445""}]"
WLC:Ezek.36.27	strong	tevrat	paralel	Spirit causing God's statutes to be done	God puts his Spirit within the restored people and causes them to walk in his statutes and do his judgments. It gives a strong biblical analogue for remembered or received divine speech becoming enacted human work.	87:15	"[{""line"": 92, ""strength"": ""strong"", ""tradition"": ""tevrat"", ""kind"": ""paralel"", ""ref"": ""WLC:Ezek.36.27"", ""basis"": ""Spirit causing God's statutes to be done"", ""note"": ""God puts his Spirit within the restored people and causes them to walk in his statutes and do his judgments. It gives a strong biblical analogue for remembered or received divine speech becoming enacted human work."", ""turn"": 2, ""model"": ""terra"", ""connection_id"": ""BC-bed8f867bd0b033c38a0""}]"
WLC:Ezra.9.5	strong	tevrat	paralel	penitence, kneeling, and outspread hands to YHWH	At the evening offering Ezra rises from fasting, falls on his knees, and spreads his hands to YHWH. The bodily action is expressly penitential, providing a close counterpart to purification culminating in prayer.	87:15	"[{""line"": 79, ""strength"": ""strong"", ""tradition"": ""tevrat"", ""kind"": ""paralel"", ""ref"": ""WLC:Ezra.9.5"", ""basis"": ""penitence, kneeling, and outspread hands to YHWH"", ""note"": ""At the evening offering Ezra rises from fasting, falls on his knees, and spreads his hands to YHWH. The bodily action is expressly penitential, providing a close counterpart to purification culminating in prayer."", ""turn"": 2, ""model"": ""terra"", ""connection_id"": ""BC-8002cc5494bcf4e49ecd""}]"
WLC:Gen.12.2	medium	tevrat	soydas	greatening Abraham's Hebrew shem	God promises Abraham that his shem will be made great. Hebrew shem and Arabic ism are cognate name words, and the verse concretely supports the commentary's secondary picture of a name as raised or magnified.	87:15	"[{""line"": 50, ""strength"": ""medium"", ""tradition"": ""tevrat"", ""kind"": ""soydas"", ""ref"": ""WLC:Gen.12.2"", ""basis"": ""greatening Abraham's Hebrew shem"", ""note"": ""God promises Abraham that his shem will be made great. Hebrew shem and Arabic ism are cognate name words, and the verse concretely supports the commentary's secondary picture of a name as raised or magnified."", ""turn"": 1, ""model"": ""terra"", ""connection_id"": ""BC-7686caeee8bd40567319""}]"
WLC:Gen.12.8	strong	tevrat	paralel	Abram builds an altar and calls on YHWH | Abraham's altar and calling on YHWH's Name	Abram's worship at Bethel combines an altar with calling on YHWH's name, a patriarchal instance of the prayerful life that the commentary says reaches back to Abraham. | Abraham builds an altar and calls on YHWH's Name. Since the commentary explicitly locates prayer in the pages of Abraham, this is a direct ancestral instance of Name-invocation becoming cultic action.	87:15	"[{""line"": 23, ""strength"": ""strong"", ""tradition"": ""tevrat"", ""kind"": ""paralel"", ""ref"": ""WLC:Gen.12.8"", ""basis"": ""Abram builds an altar and calls on YHWH"", ""note"": ""Abram's worship at Bethel combines an altar with calling on YHWH's name, a patriarchal instance of the prayerful life that the commentary says reaches back to Abraham."", ""turn"": 1, ""model"": ""luna"", ""connection_id"": ""BC-ca9a0717375770028ccc""}, {""line"": 9, ""strength"": ""strong"", ""tradition"": ""tevrat"", ""kind"": ""paralel"", ""ref"": ""WLC:Gen.12.8"", ""basis"": ""Abraham's altar and calling on YHWH's Name"", ""note"": ""Abraham builds an altar and calls on YHWH's Name. Since the commentary explicitly locates prayer in the pages of Abraham, this is a direct ancestral instance of Name-invocation becoming cultic action."", ""turn"": 1, ""model"": ""terra"", ""connection_id"": ""BC-f3b2e73d317a1e943a10""}]"
WLC:Gen.20.7	strong	tevrat	motif	Abraham's prayer for another's life	God identifies Abraham as a prophet whose prayer for Abimelech will preserve life. This supplies an Abrahamic instance of prayer as intercession for another, relevant to the commentary's secondary sense of salāt as benevolent petition.	87:15	"[{""line"": 33, ""strength"": ""strong"", ""tradition"": ""tevrat"", ""kind"": ""motif"", ""ref"": ""WLC:Gen.20.7"", ""basis"": ""Abraham's prayer for another's life"", ""note"": ""God identifies Abraham as a prophet whose prayer for Abimelech will preserve life. This supplies an Abrahamic instance of prayer as intercession for another, relevant to the commentary's secondary sense of salāt as benevolent petition."", ""turn"": 1, ""model"": ""terra"", ""connection_id"": ""BC-2b285ec0a3c29e3a74df""}]"
WLC:Gen.21.33	strong	tevrat	paralel	Abraham calls on the eternal God's name	After planting a tamarisk at Beersheba, Abraham calls on the name of YHWH, the everlasting God; the scene joins a living planted object and invocation in Abraham's own setting.	87:15	"[{""line"": 24, ""strength"": ""strong"", ""tradition"": ""tevrat"", ""kind"": ""paralel"", ""ref"": ""WLC:Gen.21.33"", ""basis"": ""Abraham calls on the eternal God's name"", ""note"": ""After planting a tamarisk at Beersheba, Abraham calls on the name of YHWH, the everlasting God; the scene joins a living planted object and invocation in Abraham's own setting."", ""turn"": 1, ""model"": ""luna"", ""connection_id"": ""BC-d8066f4dfdbbeb241f80""}]"
WLC:Gen.26.25	strong	tevrat	paralel	Isaac builds an altar and calls on YHWH	Isaac builds an altar and invokes YHWH's name at Beersheba, showing the prayer practice associated with Abraham continuing in his son.	87:15	"[{""line"": 25, ""strength"": ""strong"", ""tradition"": ""tevrat"", ""kind"": ""paralel"", ""ref"": ""WLC:Gen.26.25"", ""basis"": ""Isaac builds an altar and calls on YHWH"", ""note"": ""Isaac builds an altar and invokes YHWH's name at Beersheba, showing the prayer practice associated with Abraham continuing in his son."", ""turn"": 1, ""model"": ""luna"", ""connection_id"": ""BC-93393c2572b8366e7f3e""}]"
WLC:Gen.4.26	medium	tevrat	paralel	The first calling on YHWH's name	The verse says people began to call on YHWH's name, an early counterpart to the commentary's remembered name; the wider genealogy makes this an origin of public worship.	87:15	"[{""line"": 66, ""strength"": ""medium"", ""tradition"": ""tevrat"", ""kind"": ""paralel"", ""ref"": ""WLC:Gen.4.26"", ""basis"": ""The first calling on YHWH's name"", ""note"": ""The verse says people began to call on YHWH's name, an early counterpart to the commentary's remembered name; the wider genealogy makes this an origin of public worship."", ""turn"": 1, ""model"": ""luna"", ""connection_id"": ""BC-d3ce7d454c8e12f15e91""}]"
WLC:Isa.1.15	strong	tevrat	karsi_anlati	Prayer rejected despite lifted hands | upraised hands and unheard prayer	YHWH refuses many prayers and hides his eyes because the worshippers' hands are full of blood; this warns that the commentary's prayerful portrait cannot be reduced to outward ritual. | YHWH refuses the many prayers offered with spread hands because those hands are full of blood. This qualifying counter-image tests the commentary's quick transition from voiced remembrance to bodily worship by making ethical cleansing decisive for accepted prayer.	87:15	"[{""line"": 75, ""strength"": ""strong"", ""tradition"": ""tevrat"", ""kind"": ""karsi_anlati"", ""ref"": ""WLC:Isa.1.15"", ""basis"": ""Prayer rejected despite lifted hands"", ""note"": ""YHWH refuses many prayers and hides his eyes because the worshippers' hands are full of blood; this warns that the commentary's prayerful portrait cannot be reduced to outward ritual."", ""turn"": 2, ""model"": ""luna"", ""connection_id"": ""BC-7498f9fcddfb8af4ff47""}, {""line"": 18, ""strength"": ""strong"", ""tradition"": ""tevrat"", ""kind"": ""karsi_anlati"", ""ref"": ""WLC:Isa.1.15"", ""basis"": ""upraised hands and unheard prayer"", ""note"": ""YHWH refuses the many prayers offered with spread hands because those hands are full of blood. This qualifying counter-image tests the commentary's quick transition from voiced remembrance to bodily worship by making ethical cleansing decisive for accepted prayer."", ""turn"": 1, ""model"": ""terra"", ""connection_id"": ""BC-8e9a2fd8bd88824550ff""}]"
WLC:Isa.1.16	strong	tevrat	motif|paralel	Wash and make yourselves clean | wash and make yourselves clean	The prophet commands washing and cleansing immediately after rejected prayer; the text makes ethical purification a necessary preparation for accepted worship. | Immediately after the rejected-prayer scene, the prophet commands washing and cleansing. Its placement makes purification the required repair to the failed worship in the preceding verse.	87:15	"[{""line"": 76, ""strength"": ""strong"", ""tradition"": ""tevrat"", ""kind"": ""motif"", ""ref"": ""WLC:Isa.1.16"", ""basis"": ""Wash and make yourselves clean"", ""note"": ""The prophet commands washing and cleansing immediately after rejected prayer; the text makes ethical purification a necessary preparation for accepted worship."", ""turn"": 2, ""model"": ""luna"", ""connection_id"": ""BC-24976b35912362c60114""}, {""line"": 19, ""strength"": ""strong"", ""tradition"": ""tevrat"", ""kind"": ""paralel"", ""ref"": ""WLC:Isa.1.16"", ""basis"": ""wash and make yourselves clean"", ""note"": ""Immediately after the rejected-prayer scene, the prophet commands washing and cleansing. Its placement makes purification the required repair to the failed worship in the preceding verse."", ""turn"": 1, ""model"": ""terra"", ""connection_id"": ""BC-436d10d2a26c319ec4e2""}]"
WLC:Isa.1.17	strong	tevrat	motif	Learn good and seek justice	The next verse defines cleansing through concrete justice and care for the vulnerable, supplying an ethical dimension to the commentary's person identified by deeds.	87:15	"[{""line"": 77, ""strength"": ""strong"", ""tradition"": ""tevrat"", ""kind"": ""motif"", ""ref"": ""WLC:Isa.1.17"", ""basis"": ""Learn good and seek justice"", ""note"": ""The next verse defines cleansing through concrete justice and care for the vulnerable, supplying an ethical dimension to the commentary's person identified by deeds."", ""turn"": 2, ""model"": ""luna"", ""connection_id"": ""BC-1d04481285434b85325b""}]"
WLC:Isa.12.4	strong	tevrat	motif	Calling and publicizing the name	The speaker tells the people to call on YHWH's name and make his deeds known among nations; the name remembered in 87:15 becomes publicly voiced testimony.	87:15	"[{""line"": 16, ""strength"": ""strong"", ""tradition"": ""tevrat"", ""kind"": ""motif"", ""ref"": ""WLC:Isa.12.4"", ""basis"": ""Calling and publicizing the name"", ""note"": ""The speaker tells the people to call on YHWH's name and make his deeds known among nations; the name remembered in 87:15 becomes publicly voiced testimony."", ""turn"": 1, ""model"": ""luna"", ""connection_id"": ""BC-322efff9ee2552fd87b0""}]"
WLC:Isa.26.8	strong	tevrat	soydas	Hebrew zkr; remembering the name | Name and zēker desired by the soul	In a prayer about waiting for YHWH, the speaker says that his name and memorial are the soul's desire; remembrance is a continuing orientation, not merely spoken repetition. | The speaker says that YHWH's Name and zēker are the soul's desire. The Hebrew zkr cognate makes this more than a general devotion parallel: it supplies a direct Name-and-remembrance formula.	87:15	"[{""line"": 7, ""strength"": ""strong"", ""tradition"": ""tevrat"", ""kind"": ""soydas"", ""ref"": ""WLC:Isa.26.8"", ""basis"": ""Hebrew zkr; remembering the name"", ""note"": ""In a prayer about waiting for YHWH, the speaker says that his name and memorial are the soul's desire; remembrance is a continuing orientation, not merely spoken repetition."", ""turn"": 1, ""model"": ""luna"", ""connection_id"": ""BC-aa89bf40ffb2c10f6a50""}, {""line"": 6, ""strength"": ""strong"", ""tradition"": ""tevrat"", ""kind"": ""soydas"", ""ref"": ""WLC:Isa.26.8"", ""basis"": ""Name and zēker desired by the soul"", ""note"": ""The speaker says that YHWH's Name and zēker are the soul's desire. The Hebrew zkr cognate makes this more than a general devotion parallel: it supplies a direct Name-and-remembrance formula."", ""turn"": 1, ""model"": ""terra"", ""connection_id"": ""BC-5bbb19ba5f366befea2b""}]"
WLC:Isa.29.13	strong	tevrat	karsi_anlati	Lips honor God while the heart is distant | lips that honor while the heart is distant	Isaiah says the people honor God with lips while their hearts are far away and their worship is learned formula; this counters a merely vocal reading of remembering the name. | The people draw near with mouth and honor God with lips while their heart is far away. This is the Hebrew Bible's direct inverse of the commentary's united tongue-and-heart remembrance.	87:15	"[{""line"": 78, ""strength"": ""strong"", ""tradition"": ""tevrat"", ""kind"": ""karsi_anlati"", ""ref"": ""WLC:Isa.29.13"", ""basis"": ""Lips honor God while the heart is distant"", ""note"": ""Isaiah says the people honor God with lips while their hearts are far away and their worship is learned formula; this counters a merely vocal reading of remembering the name."", ""turn"": 2, ""model"": ""luna"", ""connection_id"": ""BC-00b562a25570c83e40e8""}, {""line"": 94, ""strength"": ""strong"", ""tradition"": ""tevrat"", ""kind"": ""karsi_anlati"", ""ref"": ""WLC:Isa.29.13"", ""basis"": ""lips that honor while the heart is distant"", ""note"": ""The people draw near with mouth and honor God with lips while their heart is far away. This is the Hebrew Bible's direct inverse of the commentary's united tongue-and-heart remembrance."", ""turn"": 2, ""model"": ""terra"", ""connection_id"": ""BC-a3bb3ba5b0b720869a9c""}]"
WLC:Isa.43.1	medium	tevrat	motif	creator, personal Name, and belonging	"The creator and former of Israel says, ""I have called you by name; you are mine."" It provides a particular biblical comparison for the commentary's unpacking of rabb as creator, owner, and personal Lord."	87:15	"[{""line"": 51, ""strength"": ""medium"", ""tradition"": ""tevrat"", ""kind"": ""motif"", ""ref"": ""WLC:Isa.43.1"", ""basis"": ""creator, personal Name, and belonging"", ""note"": ""The creator and former of Israel says, \""I have called you by name; you are mine.\"" It provides a particular biblical comparison for the commentary's unpacking of rabb as creator, owner, and personal Lord."", ""turn"": 1, ""model"": ""terra"", ""connection_id"": ""BC-868f03166c338997f73d""}]"
WLC:Isa.56.7	strong	tevrat	motif|paralel	The temple called a house of prayer for all peoples | God's house as a house of prayer for all peoples	The prophet promises foreigners access to God's holy mountain and calls the house a house of prayer for all peoples; this directly grounds the commentary's move from an individual's prayer to worship spaces. | The restored worship site is called a house of prayer for all peoples. It is a direct biblical partner for the commentary's expansion from one worshipper to communities and their worship spaces.	87:15	"[{""line"": 96, ""strength"": ""strong"", ""tradition"": ""tevrat"", ""kind"": ""motif"", ""ref"": ""WLC:Isa.56.7"", ""basis"": ""The temple called a house of prayer for all peoples"", ""note"": ""The prophet promises foreigners access to God's holy mountain and calls the house a house of prayer for all peoples; this directly grounds the commentary's move from an individual's prayer to worship spaces."", ""turn"": 2, ""model"": ""luna"", ""connection_id"": ""BC-2f80aa117dd3e23810e3""}, {""line"": 32, ""strength"": ""strong"", ""tradition"": ""tevrat"", ""kind"": ""paralel"", ""ref"": ""WLC:Isa.56.7"", ""basis"": ""God's house as a house of prayer for all peoples"", ""note"": ""The restored worship site is called a house of prayer for all peoples. It is a direct biblical partner for the commentary's expansion from one worshipper to communities and their worship spaces."", ""turn"": 1, ""model"": ""terra"", ""connection_id"": ""BC-a8443ef2446bcd1383c2""}]"
WLC:Isa.6.7	strong	tevrat	motif	lips purified by the coal	The seraph touches Isaiah's mouth with a coal and declares his guilt removed and sin atoned for. It gives a specific prophetic image of speech-organs purified before their subsequent service to the holy Lord.	87:15	"[{""line"": 93, ""strength"": ""strong"", ""tradition"": ""tevrat"", ""kind"": ""motif"", ""ref"": ""WLC:Isa.6.7"", ""basis"": ""lips purified by the coal"", ""note"": ""The seraph touches Isaiah's mouth with a coal and declares his guilt removed and sin atoned for. It gives a specific prophetic image of speech-organs purified before their subsequent service to the holy Lord."", ""turn"": 2, ""model"": ""terra"", ""connection_id"": ""BC-a4b91207d66c6fc62bcc""}]"
WLC:Jer.10.6	strong	tevrat	motif	God's name and greatness have no equal	Jeremiah says none is like YHWH and that his name is great in might; this concretizes the commentary's exclusive, exalted divine name.	87:15	"[{""line"": 102, ""strength"": ""strong"", ""tradition"": ""tevrat"", ""kind"": ""motif"", ""ref"": ""WLC:Jer.10.6"", ""basis"": ""God's name and greatness have no equal"", ""note"": ""Jeremiah says none is like YHWH and that his name is great in might; this concretizes the commentary's exclusive, exalted divine name."", ""turn"": 2, ""model"": ""luna"", ""connection_id"": ""BC-993ea4277127db132641""}]"
WLC:Jer.31.34	medium	tevrat	karsi_anlati	God no longer remembers forgiven sin	In the new-covenant promise, God forgives iniquity and says he will remember sin no more. The negated Hebrew zkr verb gives a precise counter-form of remembrance: human dhikr preserves the Lord's Name, whereas divine mercy refuses to preserve forgiven guilt.	87:15	"[{""line"": 119, ""strength"": ""medium"", ""tradition"": ""tevrat"", ""kind"": ""karsi_anlati"", ""ref"": ""WLC:Jer.31.34"", ""basis"": ""God no longer remembers forgiven sin"", ""note"": ""In the new-covenant promise, God forgives iniquity and says he will remember sin no more. The negated Hebrew zkr verb gives a precise counter-form of remembrance: human dhikr preserves the Lord's Name, whereas divine mercy refuses to preserve forgiven guilt."", ""turn"": 2, ""model"": ""terra"", ""connection_id"": ""BC-5f2230514f3dd2128a51""}]"
WLC:Job.42.8	strong	tevrat	motif	God accepts the righteous sufferer's prayer for others	God tells Job's friends that Job will pray for them and that he will accept Job's prayer. The verse gives a specific Hebrew Bible model for prayer whose benefit moves outward to other people.	87:15	"[{""line"": 34, ""strength"": ""strong"", ""tradition"": ""tevrat"", ""kind"": ""motif"", ""ref"": ""WLC:Job.42.8"", ""basis"": ""God accepts the righteous sufferer's prayer for others"", ""note"": ""God tells Job's friends that Job will pray for them and that he will accept Job's prayer. The verse gives a specific Hebrew Bible model for prayer whose benefit moves outward to other people."", ""turn"": 1, ""model"": ""terra"", ""connection_id"": ""BC-4802c885fcfb575cd78a""}]"
WLC:Jonah.2.10	strong	tevrat	paralel	thanksgiving sacrifice, vowed act, and YHWH's salvation	Jonah promises sacrifice with a voice of thanksgiving and fulfillment of his vow, then declares that salvation belongs to YHWH. This gives a distinctive prayerful completion to the commentary's purification, Name, worship, and salvation pattern.	87:15	"[{""line"": 73, ""strength"": ""strong"", ""tradition"": ""tevrat"", ""kind"": ""paralel"", ""ref"": ""WLC:Jonah.2.10"", ""basis"": ""thanksgiving sacrifice, vowed act, and YHWH's salvation"", ""note"": ""Jonah promises sacrifice with a voice of thanksgiving and fulfillment of his vow, then declares that salvation belongs to YHWH. This gives a distinctive prayerful completion to the commentary's purification, Name, worship, and salvation pattern."", ""turn"": 2, ""model"": ""terra"", ""connection_id"": ""BC-90c6291d79a52dc1e03c""}]"
WLC:Jonah.2.8	strong	tevrat	motif|paralel	Remembering YHWH with prayer | remembering YHWH as prayer reaches the holy temple	From the fish, Jonah remembers YHWH and says his prayer reaches the holy temple; the crisis prayer makes remembrance lead directly into bodily and verbal appeal. | At the point of inner collapse, Jonah says that he remembered YHWH and that his prayer came to God in the holy temple. It is one of the Hebrew Bible's most exact remembered-Lord-to-prayer sequences.	87:15	"[{""line"": 9, ""strength"": ""strong"", ""tradition"": ""tevrat"", ""kind"": ""motif"", ""ref"": ""WLC:Jonah.2.8"", ""basis"": ""Remembering YHWH with prayer"", ""note"": ""From the fish, Jonah remembers YHWH and says his prayer reaches the holy temple; the crisis prayer makes remembrance lead directly into bodily and verbal appeal."", ""turn"": 1, ""model"": ""luna"", ""connection_id"": ""BC-f0f40787450e7f6c09e8""}, {""line"": 72, ""strength"": ""strong"", ""tradition"": ""tevrat"", ""kind"": ""paralel"", ""ref"": ""WLC:Jonah.2.8"", ""basis"": ""remembering YHWH as prayer reaches the holy temple"", ""note"": ""At the point of inner collapse, Jonah says that he remembered YHWH and that his prayer came to God in the holy temple. It is one of the Hebrew Bible's most exact remembered-Lord-to-prayer sequences."", ""turn"": 2, ""model"": ""terra"", ""connection_id"": ""BC-b5f75e486f64b25a0202""}]"
WLC:Josh.1.8	strong	tevrat	paralel	book in the mouth, meditation, and doing	The book of Torah is not to depart from Joshua's mouth; he is to meditate on it and do what it contains. The verse is a close scriptural sequence from preserved/recited word to enacted obedience.	87:15	"[{""line"": 29, ""strength"": ""strong"", ""tradition"": ""tevrat"", ""kind"": ""paralel"", ""ref"": ""WLC:Josh.1.8"", ""basis"": ""book in the mouth, meditation, and doing"", ""note"": ""The book of Torah is not to depart from Joshua's mouth; he is to meditate on it and do what it contains. The verse is a close scriptural sequence from preserved/recited word to enacted obedience."", ""turn"": 1, ""model"": ""terra"", ""connection_id"": ""BC-ae469217f33f98e87d93""}]"
WLC:Lev.16.30	strong	tevrat	paralel	cleansing before YHWH	The Day of Atonement verse says that atonement cleanses Israel so that they are clean before YHWH. It supplies a concentrated priestly form of the purification that precedes the successful worshipper in the commentary.	87:15	"[{""line"": 17, ""strength"": ""strong"", ""tradition"": ""tevrat"", ""kind"": ""paralel"", ""ref"": ""WLC:Lev.16.30"", ""basis"": ""cleansing before YHWH"", ""note"": ""The Day of Atonement verse says that atonement cleanses Israel so that they are clean before YHWH. It supplies a concentrated priestly form of the purification that precedes the successful worshipper in the commentary."", ""turn"": 1, ""model"": ""terra"", ""connection_id"": ""BC-9c55bf4e8ac696167421""}]"
WLC:Lev.22.32	strong	tevrat	motif	not profaning and sanctifying the holy Name	Israel must not profane YHWH's holy Name, for he is to be sanctified among them. It is a priestly biblical ground for treating the Name as an object of reverent, morally disciplined worship.	87:15	"[{""line"": 97, ""strength"": ""strong"", ""tradition"": ""tevrat"", ""kind"": ""motif"", ""ref"": ""WLC:Lev.22.32"", ""basis"": ""not profaning and sanctifying the holy Name"", ""note"": ""Israel must not profane YHWH's holy Name, for he is to be sanctified among them. It is a priestly biblical ground for treating the Name as an object of reverent, morally disciplined worship."", ""turn"": 2, ""model"": ""terra"", ""connection_id"": ""BC-2ae009e6ff5d5fc22230""}]"
WLC:Mal.1.11	strong	tevrat	motif	The name honored among nations with incense and offering | great Name among nations with incense and pure offering	YHWH's name is great among the nations, where pure offerings and incense are presented from sunrise to sunset; the text joins name-praise, prayer-like worship, and the daily horizon. | From sunrise to sunset YHWH's Name is great among nations, and incense and a pure offering are brought to it. This creates a global liturgical counterpart to the commentary's elevated Name and its movement from one worshipper to many places.	87:15	"[{""line"": 97, ""strength"": ""strong"", ""tradition"": ""tevrat"", ""kind"": ""motif"", ""ref"": ""WLC:Mal.1.11"", ""basis"": ""The name honored among nations with incense and offering"", ""note"": ""YHWH's name is great among the nations, where pure offerings and incense are presented from sunrise to sunset; the text joins name-praise, prayer-like worship, and the daily horizon."", ""turn"": 2, ""model"": ""luna"", ""connection_id"": ""BC-4200a3487d8ead4fa523""}, {""line"": 96, ""strength"": ""strong"", ""tradition"": ""tevrat"", ""kind"": ""motif"", ""ref"": ""WLC:Mal.1.11"", ""basis"": ""great Name among nations with incense and pure offering"", ""note"": ""From sunrise to sunset YHWH's Name is great among nations, and incense and a pure offering are brought to it. This creates a global liturgical counterpart to the commentary's elevated Name and its movement from one worshipper to many places."", ""turn"": 2, ""model"": ""terra"", ""connection_id"": ""BC-07042e6dbd51ccf79cd9""}]"
WLC:Mal.3.16	strong	tevrat	paralel|soydas	Hebrew zkr and honoring the name | fearers of YHWH, his Name, and a book of remembrance	Those who fear YHWH speak together and esteem his name; he attends and a book of remembrance is written for them, joining remembered name, reverence, and a recorded outcome. | Those who fear YHWH speak together and esteem his Name; a book of remembrance is written before him for them. It brings together the commentary's remembrance, reverent recipient, and scripture-like preservation of remembrance.	87:15	"[{""line"": 3, ""strength"": ""strong"", ""tradition"": ""tevrat"", ""kind"": ""soydas"", ""ref"": ""WLC:Mal.3.16"", ""basis"": ""Hebrew zkr and honoring the name"", ""note"": ""Those who fear YHWH speak together and esteem his name; he attends and a book of remembrance is written for them, joining remembered name, reverence, and a recorded outcome."", ""turn"": 1, ""model"": ""luna"", ""connection_id"": ""BC-468325f5427c2c8a1edb""}, {""line"": 8, ""strength"": ""strong"", ""tradition"": ""tevrat"", ""kind"": ""paralel"", ""ref"": ""WLC:Mal.3.16"", ""basis"": ""fearers of YHWH, his Name, and a book of remembrance"", ""note"": ""Those who fear YHWH speak together and esteem his Name; a book of remembrance is written before him for them. It brings together the commentary's remembrance, reverent recipient, and scripture-like preservation of remembrance."", ""turn"": 1, ""model"": ""terra"", ""connection_id"": ""BC-7f38020a298402c456c8""}]"
WLC:Mal.3.3	strong	tevrat	motif	refiner's fire preparing worship	The refiner purifies the Levites so that they may present offerings in righteousness. This gives a textual biblical fire image for purification ordered toward acceptable worship, while remaining distinct from the commentary's lexical fire imagery.	87:15	"[{""line"": 39, ""strength"": ""strong"", ""tradition"": ""tevrat"", ""kind"": ""motif"", ""ref"": ""WLC:Mal.3.3"", ""basis"": ""refiner's fire preparing worship"", ""note"": ""The refiner purifies the Levites so that they may present offerings in righteousness. This gives a textual biblical fire image for purification ordered toward acceptable worship, while remaining distinct from the commentary's lexical fire imagery."", ""turn"": 1, ""model"": ""terra"", ""connection_id"": ""BC-3567cacae09e7569c225""}]"
WLC:Neh.8.6	strong	tevrat	paralel	blessing the great Lord, lifted hands, prostration	After Ezra blesses the great YHWH, the assembly answers Amen, raises its hands, and bows with faces to the ground. Its spoken blessing and coordinated bodily response are a particularly close counterpart to remembrance becoming prayer.	87:15	"[{""line"": 3, ""strength"": ""strong"", ""tradition"": ""tevrat"", ""kind"": ""paralel"", ""ref"": ""WLC:Neh.8.6"", ""basis"": ""blessing the great Lord, lifted hands, prostration"", ""note"": ""After Ezra blesses the great YHWH, the assembly answers Amen, raises its hands, and bows with faces to the ground. Its spoken blessing and coordinated bodily response are a particularly close counterpart to remembrance becoming prayer."", ""turn"": 1, ""model"": ""terra"", ""connection_id"": ""BC-e90f316f1321e090b42a""}]"
WLC:Neh.9.5	strong	tevrat	motif|paralel	The assembly blesses God's exalted name | standing to bless the exalted glorious Name	The Levites call the people to bless YHWH's glorious name, exalted above blessing and praise; a gathered community performs the name-praise that 87:15 gives one person. | The Levites command the people to stand and bless YHWH, whose glorious Name is exalted above every blessing and praise. It directly supports the commentary's Name-as-elevated image while retaining a communal liturgical posture.	87:15	"[{""line"": 87, ""strength"": ""strong"", ""tradition"": ""tevrat"", ""kind"": ""motif"", ""ref"": ""WLC:Neh.9.5"", ""basis"": ""The assembly blesses God's exalted name"", ""note"": ""The Levites call the people to bless YHWH's glorious name, exalted above blessing and praise; a gathered community performs the name-praise that 87:15 gives one person."", ""turn"": 2, ""model"": ""luna"", ""connection_id"": ""BC-a82685eea2f8782913ce""}, {""line"": 86, ""strength"": ""strong"", ""tradition"": ""tevrat"", ""kind"": ""paralel"", ""ref"": ""WLC:Neh.9.5"", ""basis"": ""standing to bless the exalted glorious Name"", ""note"": ""The Levites command the people to stand and bless YHWH, whose glorious Name is exalted above every blessing and praise. It directly supports the commentary's Name-as-elevated image while retaining a communal liturgical posture."", ""turn"": 2, ""model"": ""terra"", ""connection_id"": ""BC-06bce485518e3da114a1""}]"
WLC:Num.11.2	strong	tevrat	karsi_anlati	Moses' prayer extinguishes fire	When the people cry out, Moses prays to YHWH and the fire dies down. Instead of assigning fire and prayer to opposed human portraits, this narrative makes prayer the means by which destructive fire is stopped.	87:15	"[{""line"": 35, ""strength"": ""strong"", ""tradition"": ""tevrat"", ""kind"": ""karsi_anlati"", ""ref"": ""WLC:Num.11.2"", ""basis"": ""Moses' prayer extinguishes fire"", ""note"": ""When the people cry out, Moses prays to YHWH and the fire dies down. Instead of assigning fire and prayer to opposed human portraits, this narrative makes prayer the means by which destructive fire is stopped."", ""turn"": 1, ""model"": ""terra"", ""connection_id"": ""BC-e78f38cd0a32b08e7772""}]"
WLC:Num.15.39	strong	tevrat	paralel	seeing a sign, remembering commands, and doing them	The tassel is to prompt Israel to remember all YHWH's commands and do them rather than follow heart and eyes astray. It provides a direct sequence from material reminder through remembrance to completed action.	87:15	"[{""line"": 76, ""strength"": ""strong"", ""tradition"": ""tevrat"", ""kind"": ""paralel"", ""ref"": ""WLC:Num.15.39"", ""basis"": ""seeing a sign, remembering commands, and doing them"", ""note"": ""The tassel is to prompt Israel to remember all YHWH's commands and do them rather than follow heart and eyes astray. It provides a direct sequence from material reminder through remembrance to completed action."", ""turn"": 2, ""model"": ""terra"", ""connection_id"": ""BC-f628845276543352f7ad""}]"
WLC:Num.6.27	strong	tevrat	motif	The name placed on the people as blessing | God's Name placed on people and divine blessing	The priests place YHWH's name on Israel and God blesses them; this supplies the communal and reciprocal side of the commentary's name-and-prayer relation. | The priests place YHWH's Name on Israel, and YHWH promises to bless them. This is a biblical reciprocal counterpart to the commentary's turn from a human's remembrance and prayer toward God's beneficent action.	87:15	"[{""line"": 20, ""strength"": ""strong"", ""tradition"": ""tevrat"", ""kind"": ""motif"", ""ref"": ""WLC:Num.6.27"", ""basis"": ""The name placed on the people as blessing"", ""note"": ""The priests place YHWH's name on Israel and God blesses them; this supplies the communal and reciprocal side of the commentary's name-and-prayer relation."", ""turn"": 1, ""model"": ""luna"", ""connection_id"": ""BC-823dedd74742e5ddde9b""}, {""line"": 16, ""strength"": ""strong"", ""tradition"": ""tevrat"", ""kind"": ""motif"", ""ref"": ""WLC:Num.6.27"", ""basis"": ""God's Name placed on people and divine blessing"", ""note"": ""The priests place YHWH's Name on Israel, and YHWH promises to bless them. This is a biblical reciprocal counterpart to the commentary's turn from a human's remembrance and prayer toward God's beneficent action."", ""turn"": 1, ""model"": ""terra"", ""connection_id"": ""BC-9d1d979ceae5fbc1951d""}]"
WLC:Ps.1.2	strong	tevrat	motif	Meditating on Torah day and night	The righteous person's delight and meditation in Torah provide a specific scriptural form of continual remembrance, related to the commentary's name held alive through ordinary life.	87:15	"[{""line"": 100, ""strength"": ""strong"", ""tradition"": ""tevrat"", ""kind"": ""motif"", ""ref"": ""WLC:Ps.1.2"", ""basis"": ""Meditating on Torah day and night"", ""note"": ""The righteous person's delight and meditation in Torah provide a specific scriptural form of continual remembrance, related to the commentary's name held alive through ordinary life."", ""turn"": 2, ""model"": ""luna"", ""connection_id"": ""BC-0667d1e00f25da77a9d0""}]"
WLC:Ps.1.3	strong	tevrat	motif	The righteous person as a fruitful tree	The meditator is like a tree planted by streams, bearing fruit and prospering; this meets the commentary's explicit crop-growth image for purification without claiming a shared story or cognate.	87:15	"[{""line"": 101, ""strength"": ""strong"", ""tradition"": ""tevrat"", ""kind"": ""motif"", ""ref"": ""WLC:Ps.1.3"", ""basis"": ""The righteous person as a fruitful tree"", ""note"": ""The meditator is like a tree planted by streams, bearing fruit and prospering; this meets the commentary's explicit crop-growth image for purification without claiming a shared story or cognate."", ""turn"": 2, ""model"": ""luna"", ""connection_id"": ""BC-0f4def90162bbf45b4d3""}]"
WLC:Ps.100.4	strong	tevrat	motif	Entering worship with thanks and blessing the name	The people enter God's gates with thanksgiving and bless his name in the courts, showing the communal form of the individual prayer in the commentary.	87:15	"[{""line"": 39, ""strength"": ""strong"", ""tradition"": ""tevrat"", ""kind"": ""motif"", ""ref"": ""WLC:Ps.100.4"", ""basis"": ""Entering worship with thanks and blessing the name"", ""note"": ""The people enter God's gates with thanksgiving and bless his name in the courts, showing the communal form of the individual prayer in the commentary."", ""turn"": 1, ""model"": ""luna"", ""connection_id"": ""BC-c70f282fbaabacc0ceec""}]"
WLC:Ps.103.2	strong	tevrat	soydas	The whole self blesses the holy name	The psalmist commands the inner self to bless YHWH and all within to bless his holy name; this directly joins the commentary's remembrance in tongue and heart.	87:15	"[{""line"": 79, ""strength"": ""strong"", ""tradition"": ""tevrat"", ""kind"": ""soydas"", ""ref"": ""WLC:Ps.103.2"", ""basis"": ""The whole self blesses the holy name"", ""note"": ""The psalmist commands the inner self to bless YHWH and all within to bless his holy name; this directly joins the commentary's remembrance in tongue and heart."", ""turn"": 2, ""model"": ""luna"", ""connection_id"": ""BC-af98dfa2a6bad0eed2ed""}]"
WLC:Ps.103.3	strong	tevrat	soydas	Do not forget the Lord's benefits	The next verse warns the soul not to forget God's benefits; the Hebrew forget/memory contrast reinforces the commentary's account of ẕikr against oblivion.	87:15	"[{""line"": 80, ""strength"": ""strong"", ""tradition"": ""tevrat"", ""kind"": ""soydas"", ""ref"": ""WLC:Ps.103.3"", ""basis"": ""Do not forget the Lord's benefits"", ""note"": ""The next verse warns the soul not to forget God's benefits; the Hebrew forget/memory contrast reinforces the commentary's account of ẕikr against oblivion."", ""turn"": 2, ""model"": ""luna"", ""connection_id"": ""BC-ec8a1c3394b519fd391a""}]"
WLC:Ps.105.1	strong	tevrat	motif	Calling on the name and recounting deeds	The psalm joins thanksgiving, calling on YHWH's name, and making his deeds known; its own sequence links remembrance to public praise.	87:15	"[{""line"": 17, ""strength"": ""strong"", ""tradition"": ""tevrat"", ""kind"": ""motif"", ""ref"": ""WLC:Ps.105.1"", ""basis"": ""Calling on the name and recounting deeds"", ""note"": ""The psalm joins thanksgiving, calling on YHWH's name, and making his deeds known; its own sequence links remembrance to public praise."", ""turn"": 1, ""model"": ""luna"", ""connection_id"": ""BC-787a05c3c4a429bdbf49""}]"
WLC:Ps.105.5	strong	tevrat	soydas	Remembering God's wonders in a name-praising psalm	After calling on YHWH's name and recounting his deeds, the psalm tells Israel to remember his wonders; Hebrew zkr is used for the preserving remembrance developed in the commentary.	87:15	"[{""line"": 89, ""strength"": ""strong"", ""tradition"": ""tevrat"", ""kind"": ""soydas"", ""ref"": ""WLC:Ps.105.5"", ""basis"": ""Remembering God's wonders in a name-praising psalm"", ""note"": ""After calling on YHWH's name and recounting his deeds, the psalm tells Israel to remember his wonders; Hebrew zkr is used for the preserving remembrance developed in the commentary."", ""turn"": 2, ""model"": ""luna"", ""connection_id"": ""BC-c79a4a6816e69501df28""}]"
WLC:Ps.113.2	strong	tevrat	motif	The name blessed continually	The servants are told to bless YHWH's name from now and forever, extending the commentary's single remembered name into enduring communal praise.	87:15	"[{""line"": 18, ""strength"": ""strong"", ""tradition"": ""tevrat"", ""kind"": ""motif"", ""ref"": ""WLC:Ps.113.2"", ""basis"": ""The name blessed continually"", ""note"": ""The servants are told to bless YHWH's name from now and forever, extending the commentary's single remembered name into enduring communal praise."", ""turn"": 1, ""model"": ""luna"", ""connection_id"": ""BC-7d64ef513169d7a7e878""}]"
WLC:Ps.113.3	strong	tevrat	motif	Praise from sunrise to sunset	YHWH's name is praised from the rising to the setting of the sun; this gives a daily rhythm to the commentary's remembered name and prayer.	87:15	"[{""line"": 19, ""strength"": ""strong"", ""tradition"": ""tevrat"", ""kind"": ""motif"", ""ref"": ""WLC:Ps.113.3"", ""basis"": ""Praise from sunrise to sunset"", ""note"": ""YHWH's name is praised from the rising to the setting of the sun; this gives a daily rhythm to the commentary's remembered name and prayer."", ""turn"": 1, ""model"": ""luna"", ""connection_id"": ""BC-b5a07d27d843c3c990a4""}]"
WLC:Ps.116.13	strong	tevrat	motif|paralel	Calling on the name while receiving salvation | cup of salvation and calling YHWH's Name	The worshipper lifts the cup of salvation and calls on YHWH's name; the prayerful name is set within a response to deliverance. | The psalmist lifts the cup of salvation and calls on YHWH's Name. It connects the salvation language surrounding 87:14 with a named, physical act of thanksgiving in 87:15.	87:15	"[{""line"": 34, ""strength"": ""strong"", ""tradition"": ""tevrat"", ""kind"": ""motif"", ""ref"": ""WLC:Ps.116.13"", ""basis"": ""Calling on the name while receiving salvation"", ""note"": ""The worshipper lifts the cup of salvation and calls on YHWH's name; the prayerful name is set within a response to deliverance."", ""turn"": 1, ""model"": ""luna"", ""connection_id"": ""BC-ed6b7c283e8c208ff520""}, {""line"": 82, ""strength"": ""strong"", ""tradition"": ""tevrat"", ""kind"": ""paralel"", ""ref"": ""WLC:Ps.116.13"", ""basis"": ""cup of salvation and calling YHWH's Name"", ""note"": ""The psalmist lifts the cup of salvation and calls on YHWH's Name. It connects the salvation language surrounding 87:14 with a named, physical act of thanksgiving in 87:15."", ""turn"": 2, ""model"": ""terra"", ""connection_id"": ""BC-0a8c79426ad0ae50be69""}]"
WLC:Ps.116.17	strong	tevrat	motif	Thanksgiving sacrifice and calling on the name	The speaker offers a thanksgiving sacrifice and calls on YHWH's name, joining prayer, praise, and embodied offering.	87:15	"[{""line"": 35, ""strength"": ""strong"", ""tradition"": ""tevrat"", ""kind"": ""motif"", ""ref"": ""WLC:Ps.116.17"", ""basis"": ""Thanksgiving sacrifice and calling on the name"", ""note"": ""The speaker offers a thanksgiving sacrifice and calls on YHWH's name, joining prayer, praise, and embodied offering."", ""turn"": 1, ""model"": ""luna"", ""connection_id"": ""BC-300a39b457b3942fdd0b""}]"
WLC:Ps.119.55	strong	tevrat	soydas	Hebrew zkr; name in the night	The commentary names ẕakara as keeping the Lord's name alive; the psalmist remembers YHWH's name in the night and keeps Torah, joining recollection to sustained practice.	87:15	"[{""line"": 1, ""strength"": ""strong"", ""tradition"": ""tevrat"", ""kind"": ""soydas"", ""ref"": ""WLC:Ps.119.55"", ""basis"": ""Hebrew zkr; name in the night"", ""note"": ""The commentary names ẕakara as keeping the Lord's name alive; the psalmist remembers YHWH's name in the night and keeps Torah, joining recollection to sustained practice."", ""turn"": 1, ""model"": ""luna"", ""connection_id"": ""BC-2c07b7cbb3493b8c708a""}]"
WLC:Ps.135.13	strong	tevrat	soydas	Hebrew zkr and shem	The psalm pairs YHWH's enduring name with his remembrance through generations, giving the commentary's name-and-remembrance relation a communal, lasting form.	87:15	"[{""line"": 5, ""strength"": ""strong"", ""tradition"": ""tevrat"", ""kind"": ""soydas"", ""ref"": ""WLC:Ps.135.13"", ""basis"": ""Hebrew zkr and shem"", ""note"": ""The psalm pairs YHWH's enduring name with his remembrance through generations, giving the commentary's name-and-remembrance relation a communal, lasting form."", ""turn"": 1, ""model"": ""luna"", ""connection_id"": ""BC-ee9a49df8b0b00195768""}]"
WLC:Ps.138.3	strong	tevrat	motif	Bowing in the temple and thanking God's name	The psalmist bows toward the holy temple, thanks God's name, and says God has exalted his word; this joins the commentary's name, bodily prayer, worship place, and elevation image.	87:15	"[{""line"": 81, ""strength"": ""strong"", ""tradition"": ""tevrat"", ""kind"": ""motif"", ""ref"": ""WLC:Ps.138.3"", ""basis"": ""Bowing in the temple and thanking God's name"", ""note"": ""The psalmist bows toward the holy temple, thanks God's name, and says God has exalted his word; this joins the commentary's name, bodily prayer, worship place, and elevation image."", ""turn"": 2, ""model"": ""luna"", ""connection_id"": ""BC-5ff77379b58863232907""}]"
WLC:Ps.141.3	strong	tevrat	motif	Prayer as incense and hands as offering	The psalm asks that prayer rise like incense and lifted hands be accepted as an evening offering; this directly joins verbal prayer to bodily worship.	87:15	"[{""line"": 38, ""strength"": ""strong"", ""tradition"": ""tevrat"", ""kind"": ""motif"", ""ref"": ""WLC:Ps.141.3"", ""basis"": ""Prayer as incense and hands as offering"", ""note"": ""The psalm asks that prayer rise like incense and lifted hands be accepted as an evening offering; this directly joins verbal prayer to bodily worship."", ""turn"": 1, ""model"": ""luna"", ""connection_id"": ""BC-a6c3f60fb0a576d7f249""}]"
WLC:Ps.148.13	strong	tevrat	motif	The Lord's name alone is exalted	The psalm says God's name alone is exalted above earth and heaven; this concretely meets the commentary's secondary image of the name as what rises above obscurity.	87:15	"[{""line"": 40, ""strength"": ""strong"", ""tradition"": ""tevrat"", ""kind"": ""motif"", ""ref"": ""WLC:Ps.148.13"", ""basis"": ""The Lord's name alone is exalted"", ""note"": ""The psalm says God's name alone is exalted above earth and heaven; this concretely meets the commentary's secondary image of the name as what rises above obscurity."", ""turn"": 1, ""model"": ""luna"", ""connection_id"": ""BC-dbc6ee9480a40b8a785a""}]"
WLC:Ps.20.8	strong	tevrat	soydas	Hebrew zkr; invoking the name in danger | remembering or invoking YHWH's Name	Against those relying on chariots and horses, the community remembers the name of YHWH; this makes the commentary's remembered name a ground of trust in its own crisis setting. | Against confidence in chariots and horses, the worshippers use the Hebrew zkr verb for YHWH their God's Name. This is a specific lexical and theological counterpart to remembering the Lord's Name rather than relying on worldly power.	87:15	"[{""line"": 4, ""strength"": ""strong"", ""tradition"": ""tevrat"", ""kind"": ""soydas"", ""ref"": ""WLC:Ps.20.8"", ""basis"": ""Hebrew zkr; invoking the name in danger"", ""note"": ""Against those relying on chariots and horses, the community remembers the name of YHWH; this makes the commentary's remembered name a ground of trust in its own crisis setting."", ""turn"": 1, ""model"": ""luna"", ""connection_id"": ""BC-978d85ce1ca0b9b59f1a""}, {""line"": 7, ""strength"": ""strong"", ""tradition"": ""tevrat"", ""kind"": ""soydas"", ""ref"": ""WLC:Ps.20.8"", ""basis"": ""remembering or invoking YHWH's Name"", ""note"": ""Against confidence in chariots and horses, the worshippers use the Hebrew zkr verb for YHWH their God's Name. This is a specific lexical and theological counterpart to remembering the Lord's Name rather than relying on worldly power."", ""turn"": 1, ""model"": ""terra"", ""connection_id"": ""BC-a05cd90a64fdfaa5d8cc""}]"
WLC:Ps.24.4	strong	tevrat	motif	Clean hands and a pure heart	The person who approaches God's holy place has clean hands and a pure heart and does not lift the soul to falsehood; this makes the commentary's purification-before-prayer sequence concrete.	87:15	"[{""line"": 14, ""strength"": ""strong"", ""tradition"": ""tevrat"", ""kind"": ""motif"", ""ref"": ""WLC:Ps.24.4"", ""basis"": ""Clean hands and a pure heart"", ""note"": ""The person who approaches God's holy place has clean hands and a pure heart and does not lift the soul to falsehood; this makes the commentary's purification-before-prayer sequence concrete."", ""turn"": 1, ""model"": ""luna"", ""connection_id"": ""BC-92767b97e265786f3024""}]"
WLC:Ps.24.5	medium	tevrat	motif	clean hands and a pure heart before holy ascent	The person allowed to ascend YHWH's holy place is defined by clean hands and a pure heart. It frames purification as fitness to stand before God, an interpretive bridge to the purified worshipper of 87:14-15.	87:15	"[{""line"": 52, ""strength"": ""medium"", ""tradition"": ""tevrat"", ""kind"": ""motif"", ""ref"": ""WLC:Ps.24.5"", ""basis"": ""clean hands and a pure heart before holy ascent"", ""note"": ""The person allowed to ascend YHWH's holy place is defined by clean hands and a pure heart. It frames purification as fitness to stand before God, an interpretive bridge to the purified worshipper of 87:14-15."", ""turn"": 1, ""model"": ""terra"", ""connection_id"": ""BC-cd340b3a09b39e15108e""}]"
WLC:Ps.24.6	strong	tevrat	motif	A generation seeking God's face	The verse names those who seek God's face as Jacob, following the clean-handed worshipper of the prior verse; purification is framed as entrance into a praying community.	87:15	"[{""line"": 15, ""strength"": ""strong"", ""tradition"": ""tevrat"", ""kind"": ""motif"", ""ref"": ""WLC:Ps.24.6"", ""basis"": ""A generation seeking God's face"", ""note"": ""The verse names those who seek God's face as Jacob, following the clean-handed worshipper of the prior verse; purification is framed as entrance into a praying community."", ""turn"": 1, ""model"": ""luna"", ""connection_id"": ""BC-f21840e15e3d198cfeab""}]"
WLC:Ps.29.3	strong	tevrat	motif	Glory due the name and bodily worship	The psalm asks worshippers to ascribe glory due YHWH's name and bow in holy splendor; it puts name-praise and bodily prostration together.	87:15	"[{""line"": 84, ""strength"": ""strong"", ""tradition"": ""tevrat"", ""kind"": ""motif"", ""ref"": ""WLC:Ps.29.3"", ""basis"": ""Glory due the name and bodily worship"", ""note"": ""The psalm asks worshippers to ascribe glory due YHWH's name and bow in holy splendor; it puts name-praise and bodily prostration together."", ""turn"": 2, ""model"": ""luna"", ""connection_id"": ""BC-7250c8db04fe918b2de6""}]"
WLC:Ps.34.4	strong	tevrat	motif	The community magnifies YHWH's name together	After the psalmist blesses YHWH, he invites others to magnify the Lord and exalt the name together; the individual remembrance becomes communal praise.	87:15	"[{""line"": 104, ""strength"": ""strong"", ""tradition"": ""tevrat"", ""kind"": ""motif"", ""ref"": ""WLC:Ps.34.4"", ""basis"": ""The community magnifies YHWH's name together"", ""note"": ""After the psalmist blesses YHWH, he invites others to magnify the Lord and exalt the name together; the individual remembrance becomes communal praise."", ""turn"": 2, ""model"": ""luna"", ""connection_id"": ""BC-b5bcdcf9602cb869d0e1""}]"
WLC:Ps.34.5	strong	tevrat	motif	Seeking YHWH and receiving an answer	The speaker says he sought YHWH and was answered and delivered; this provides a prayer-and-response sequence alongside the commentary's person who remembers and prays.	87:15	"[{""line"": 105, ""strength"": ""strong"", ""tradition"": ""tevrat"", ""kind"": ""motif"", ""ref"": ""WLC:Ps.34.5"", ""basis"": ""Seeking YHWH and receiving an answer"", ""note"": ""The speaker says he sought YHWH and was answered and delivered; this provides a prayer-and-response sequence alongside the commentary's person who remembers and prays."", ""turn"": 2, ""model"": ""luna"", ""connection_id"": ""BC-2d8cc9e6fe3b1d09b7d4""}]"
WLC:Ps.50.23	strong	tevrat	motif	Thanksgiving and an ordered way lead to salvation	God says the one offering thanksgiving honors him and the one ordering his way rightly will see salvation; this joins praise to enacted conduct rather than speech alone.	87:15	"[{""line"": 103, ""strength"": ""strong"", ""tradition"": ""tevrat"", ""kind"": ""motif"", ""ref"": ""WLC:Ps.50.23"", ""basis"": ""Thanksgiving and an ordered way lead to salvation"", ""note"": ""God says the one offering thanksgiving honors him and the one ordering his way rightly will see salvation; this joins praise to enacted conduct rather than speech alone."", ""turn"": 2, ""model"": ""luna"", ""connection_id"": ""BC-dcf82ab0819d3d7598a3""}]"
WLC:Ps.51.11	strong	tevrat	motif	A clean heart requested from God	In David's penitential prayer, he asks God to create a clean heart; purification is petitioned as a divine act before the speaker's later praise.	87:15	"[{""line"": 98, ""strength"": ""strong"", ""tradition"": ""tevrat"", ""kind"": ""motif"", ""ref"": ""WLC:Ps.51.11"", ""basis"": ""A clean heart requested from God"", ""note"": ""In David's penitential prayer, he asks God to create a clean heart; purification is petitioned as a divine act before the speaker's later praise."", ""turn"": 2, ""model"": ""luna"", ""connection_id"": ""BC-8a65742566e13ebe1494""}]"
WLC:Ps.51.16	strong	tevrat	motif	Cleaned lips open to praise	The psalmist asks God to open his lips so his mouth will declare praise; this gives a direct purification-to-verbal-worship sequence.	87:15	"[{""line"": 99, ""strength"": ""strong"", ""tradition"": ""tevrat"", ""kind"": ""motif"", ""ref"": ""WLC:Ps.51.16"", ""basis"": ""Cleaned lips open to praise"", ""note"": ""The psalmist asks God to open his lips so his mouth will declare praise; this gives a direct purification-to-verbal-worship sequence."", ""turn"": 2, ""model"": ""luna"", ""connection_id"": ""BC-0b2ec2409ec6a6c5b280""}]"
WLC:Ps.63.5	strong	tevrat	motif	Blessing and lifted hands in the name	After seeking God in the sanctuary, the speaker blesses him while alive and lifts his hands in his name; remembrance becomes an embodied act of praise.	87:15	"[{""line"": 12, ""strength"": ""strong"", ""tradition"": ""tevrat"", ""kind"": ""motif"", ""ref"": ""WLC:Ps.63.5"", ""basis"": ""Blessing and lifted hands in the name"", ""note"": ""After seeking God in the sanctuary, the speaker blesses him while alive and lifts his hands in his name; remembrance becomes an embodied act of praise."", ""turn"": 1, ""model"": ""luna"", ""connection_id"": ""BC-fdff4adcb26c85ecf964""}]"
WLC:Ps.8.2	strong	tevrat	motif	The Lord's name majestic over all earth	The psalm opens by calling YHWH's name majestic throughout the earth; this gives a direct scriptural counterpart to the commentary's image of the name rising above obscurity.	87:15	"[{""line"": 85, ""strength"": ""strong"", ""tradition"": ""tevrat"", ""kind"": ""motif"", ""ref"": ""WLC:Ps.8.2"", ""basis"": ""The Lord's name majestic over all earth"", ""note"": ""The psalm opens by calling YHWH's name majestic throughout the earth; this gives a direct scriptural counterpart to the commentary's image of the name rising above obscurity."", ""turn"": 2, ""model"": ""luna"", ""connection_id"": ""BC-d3efd19290617d89e006""}]"
WLC:Ps.86.12	strong	tevrat	motif	Wholehearted praise and the feared name	The psalmist asks for an undivided heart to fear God's name; this gives a concrete inward counterpart to the commentary's account of remembrance held in heart as well as tongue.	87:15	"[{""line"": 10, ""strength"": ""strong"", ""tradition"": ""tevrat"", ""kind"": ""motif"", ""ref"": ""WLC:Ps.86.12"", ""basis"": ""Wholehearted praise and the feared name"", ""note"": ""The psalmist asks for an undivided heart to fear God's name; this gives a concrete inward counterpart to the commentary's account of remembrance held in heart as well as tongue."", ""turn"": 1, ""model"": ""luna"", ""connection_id"": ""BC-eeb675069ef23ebff6bd""}]"
WLC:Ps.86.13	strong	tevrat	motif	Wholehearted praise glorifies the name	The speaker thanks God with the whole heart and glorifies his name forever, bringing inward recollection and voiced praise together.	87:15	"[{""line"": 11, ""strength"": ""strong"", ""tradition"": ""tevrat"", ""kind"": ""motif"", ""ref"": ""WLC:Ps.86.13"", ""basis"": ""Wholehearted praise glorifies the name"", ""note"": ""The speaker thanks God with the whole heart and glorifies his name forever, bringing inward recollection and voiced praise together."", ""turn"": 1, ""model"": ""luna"", ""connection_id"": ""BC-d58c42cced6765d9049a""}]"
WLC:Ps.95.6	strong	tevrat	motif|paralel	Bowing before the Maker | bowing and kneeling before the maker	The worshippers bow, kneel, and fall before the one who made them; the verse supplies a direct bodily scene for the commentary's transition from remembered name to prayer. | The summons is to worship, bow down, and kneel before YHWH the maker. Its Creator-language and successive bodily verbs make it a close poetic counterpart to the commentary's rabb as creator and prayer as embodied service.	87:15	"[{""line"": 13, ""strength"": ""strong"", ""tradition"": ""tevrat"", ""kind"": ""motif"", ""ref"": ""WLC:Ps.95.6"", ""basis"": ""Bowing before the Maker"", ""note"": ""The worshippers bow, kneel, and fall before the one who made them; the verse supplies a direct bodily scene for the commentary's transition from remembered name to prayer."", ""turn"": 1, ""model"": ""luna"", ""connection_id"": ""BC-8777efd91e377d6805e5""}, {""line"": 81, ""strength"": ""strong"", ""tradition"": ""tevrat"", ""kind"": ""paralel"", ""ref"": ""WLC:Ps.95.6"", ""basis"": ""bowing and kneeling before the maker"", ""note"": ""The summons is to worship, bow down, and kneel before YHWH the maker. Its Creator-language and successive bodily verbs make it a close poetic counterpart to the commentary's rabb as creator and prayer as embodied service."", ""turn"": 2, ""model"": ""terra"", ""connection_id"": ""BC-ebec115828000a762479""}]"
WLC:Ps.96.2	strong	tevrat	motif	Blessing the name and announcing salvation	The psalm orders blessing YHWH's name and announcing his salvation day by day, a direct public form of remembering the name.	87:15	"[{""line"": 36, ""strength"": ""strong"", ""tradition"": ""tevrat"", ""kind"": ""motif"", ""ref"": ""WLC:Ps.96.2"", ""basis"": ""Blessing the name and announcing salvation"", ""note"": ""The psalm orders blessing YHWH's name and announcing his salvation day by day, a direct public form of remembering the name."", ""turn"": 1, ""model"": ""luna"", ""connection_id"": ""BC-b648d00f64d2aacae409""}]"
WLC:Ps.96.8	strong	tevrat	motif	The name, offering, and entry to worship	Worshippers ascribe glory due God's name, bring an offering, and enter his courts; this gives the commentary's remembered name a concrete liturgical destination.	87:15	"[{""line"": 37, ""strength"": ""strong"", ""tradition"": ""tevrat"", ""kind"": ""motif"", ""ref"": ""WLC:Ps.96.8"", ""basis"": ""The name, offering, and entry to worship"", ""note"": ""Worshippers ascribe glory due God's name, bring an offering, and enter his courts; this gives the commentary's remembered name a concrete liturgical destination."", ""turn"": 1, ""model"": ""luna"", ""connection_id"": ""BC-9ccf427e3c299a50d575""}]"
WLC:Ps.97.12	strong	tevrat	soydas	Hebrew zeker, remembrance	The righteous rejoice in YHWH and give thanks to his holy remembrance; the Hebrew cognate of the commentary's ẕikr is used in praise.	87:15	"[{""line"": 6, ""strength"": ""strong"", ""tradition"": ""tevrat"", ""kind"": ""soydas"", ""ref"": ""WLC:Ps.97.12"", ""basis"": ""Hebrew zeker, remembrance"", ""note"": ""The righteous rejoice in YHWH and give thanks to his holy remembrance; the Hebrew cognate of the commentary's ẕikr is used in praise."", ""turn"": 1, ""model"": ""luna"", ""connection_id"": ""BC-6aeb4723f1a3455cf7ff""}]"
WLC:Ps.99.3	strong	tevrat	motif	The great and holy name praised	The nations are told to praise God's great and awesome name because it is holy; this makes the name's exalted status a liturgical confession.	87:15	"[{""line"": 82, ""strength"": ""strong"", ""tradition"": ""tevrat"", ""kind"": ""motif"", ""ref"": ""WLC:Ps.99.3"", ""basis"": ""The great and holy name praised"", ""note"": ""The nations are told to praise God's great and awesome name because it is holy; this makes the name's exalted status a liturgical confession."", ""turn"": 2, ""model"": ""luna"", ""connection_id"": ""BC-0db7079ef1c6afae98e4""}]"
WLC:Ps.99.5	strong	tevrat	motif	Bow at God's footstool	The worshippers are told to exalt YHWH and bow at his footstool; the verse pairs a raised divine name with a body lowered in worship.	87:15	"[{""line"": 83, ""strength"": ""strong"", ""tradition"": ""tevrat"", ""kind"": ""motif"", ""ref"": ""WLC:Ps.99.5"", ""basis"": ""Bow at God's footstool"", ""note"": ""The worshippers are told to exalt YHWH and bow at his footstool; the verse pairs a raised divine name with a body lowered in worship."", ""turn"": 2, ""model"": ""luna"", ""connection_id"": ""BC-92bc43ac445da646ef72""}]"
WLC:Zech.13.9	strong	tevrat	motif|paralel	Refining fire followed by calling the name | refining fire, calling the Name, and God's answer	The remnant is refined like silver and gold, then calls on YHWH's name and receives his answer; this links the commentary's purification-to-prayer chain with its expressly secondary fire image. | The remnant is refined like silver and tested like gold; it then calls on God's Name and receives an answer. It is an unusually close biblical conjunction of purification, fire, invocation, and a reciprocal divine response.	87:15	"[{""line"": 74, ""strength"": ""strong"", ""tradition"": ""tevrat"", ""kind"": ""motif"", ""ref"": ""WLC:Zech.13.9"", ""basis"": ""Refining fire followed by calling the name"", ""note"": ""The remnant is refined like silver and gold, then calls on YHWH's name and receives his answer; this links the commentary's purification-to-prayer chain with its expressly secondary fire image."", ""turn"": 2, ""model"": ""luna"", ""connection_id"": ""BC-f7ef54f1e066d46c55fe""}, {""line"": 10, ""strength"": ""strong"", ""tradition"": ""tevrat"", ""kind"": ""paralel"", ""ref"": ""WLC:Zech.13.9"", ""basis"": ""refining fire, calling the Name, and God's answer"", ""note"": ""The remnant is refined like silver and tested like gold; it then calls on God's Name and receives an answer. It is an unusually close biblical conjunction of purification, fire, invocation, and a reciprocal divine response."", ""turn"": 1, ""model"": ""terra"", ""connection_id"": ""BC-95861f0c7cf36dda8421""}]"
WLC:Zech.14.9	strong	tevrat	motif	One Lord and one name over the earth	The prophet's final vision says YHWH will be one and his name one; this gives a textual counterpart to the commentary's claim that the worshipper remembers a name belonging to no rival.	87:15	"[{""line"": 41, ""strength"": ""strong"", ""tradition"": ""tevrat"", ""kind"": ""motif"", ""ref"": ""WLC:Zech.14.9"", ""basis"": ""One Lord and one name over the earth"", ""note"": ""The prophet's final vision says YHWH will be one and his name one; this gives a textual counterpart to the commentary's claim that the worshipper remembers a name belonging to no rival."", ""turn"": 1, ""model"": ""luna"", ""connection_id"": ""BC-23f00f66fef19eaade0e""}]"
WLC:Zeph.3.9	strong	tevrat	motif|paralel	Purified lips call the name and serve | purified lips calling the Name and serving together	YHWH says he will purify the peoples' lips so they call his name and serve him shoulder to shoulder; this tightly joins purification, voiced remembrance, and worship as in the ayah's sequence. | God gives peoples a purified lip so that all may call on YHWH's Name and serve him shoulder to shoulder. The verse unusually combines purified speech, Name-invocation, and communal embodied service.	87:15	"[{""line"": 73, ""strength"": ""strong"", ""tradition"": ""tevrat"", ""kind"": ""motif"", ""ref"": ""WLC:Zeph.3.9"", ""basis"": ""Purified lips call the name and serve"", ""note"": ""YHWH says he will purify the peoples' lips so they call his name and serve him shoulder to shoulder; this tightly joins purification, voiced remembrance, and worship as in the ayah's sequence."", ""turn"": 2, ""model"": ""luna"", ""connection_id"": ""BC-c1382c8109638e2e0d04""}, {""line"": 95, ""strength"": ""strong"", ""tradition"": ""tevrat"", ""kind"": ""paralel"", ""ref"": ""WLC:Zeph.3.9"", ""basis"": ""purified lips calling the Name and serving together"", ""note"": ""God gives peoples a purified lip so that all may call on YHWH's Name and serve him shoulder to shoulder. The verse unusually combines purified speech, Name-invocation, and communal embodied service."", ""turn"": 2, ""model"": ""terra"", ""connection_id"": ""BC-3b4ca9837ed9739e6d89""}]"
