ref	tier	tradition	kinds	basis	explanations	target	evidence
1 Clement 21:6	medium	incil	motif	fear of God taught as communal conduct	Clement urges the community to fear the Lord and to teach the young fear of God; this concretely extends the commentary's personal reception of reminder into instruction and conduct across a community.	87:10	"[{""line"": 79, ""strength"": ""medium"", ""tradition"": ""incil"", ""kind"": ""motif"", ""ref"": ""1 Clement 21:6"", ""basis"": ""fear of God taught as communal conduct"", ""note"": ""Clement urges the community to fear the Lord and to teach the young fear of God; this concretely extends the commentary's personal reception of reminder into instruction and conduct across a community."", ""turn"": 2, ""model"": ""luna"", ""connection_id"": ""BC-d120672919c909fe72c3""}]"
Augustine, Confessions 10.17.26	medium	incil	motif	God encountered in memory	Augustine describes finding God in memory after learning him, a Christian theological reflection that enriches the commentary's claim that remembrance is an active return toward what one has received and lost.	87:10	"[{""line"": 71, ""strength"": ""medium"", ""tradition"": ""incil"", ""kind"": ""motif"", ""ref"": ""Augustine, Confessions 10.17.26"", ""basis"": ""God encountered in memory"", ""note"": ""Augustine describes finding God in memory after learning him, a Christian theological reflection that enriches the commentary's claim that remembrance is an active return toward what one has received and lost."", ""turn"": 1, ""model"": ""terra"", ""connection_id"": ""BC-3d9bd19adf3718821780""}]"
Didache 4.1	medium	incil	motif	remembering the one who speaks God's word	The Didache directs the disciple to remember day and night the one who speaks God's word, an early Christian expansion of the commentary's relation between a messenger's spoken reminder and a hearer's continuing remembrance.	87:10	"[{""line"": 115, ""strength"": ""medium"", ""tradition"": ""incil"", ""kind"": ""motif"", ""ref"": ""Didache 4.1"", ""basis"": ""remembering the one who speaks God's word"", ""note"": ""The Didache directs the disciple to remember day and night the one who speaks God's word, an early Christian expansion of the commentary's relation between a messenger's spoken reminder and a hearer's continuing remembrance."", ""turn"": 2, ""model"": ""terra"", ""connection_id"": ""BC-2c7d9df559c74be53cd3""}]"
SBLGNT:1Cor.10.11	strong	incil	motif	past events written as warnings for readers | past events written as warning	Paul says Israel's events were written as warnings for those at the end of the ages; this makes scriptural memory a present admonition with consequences, like the commentary's reminder before judgment. | Israel's earlier events happened as examples and were written for warning later readers, giving the commentary's preserved scenes and admonition a concrete scriptural rationale.	87:10	"[{""line"": 68, ""strength"": ""strong"", ""tradition"": ""incil"", ""kind"": ""motif"", ""ref"": ""SBLGNT:1Cor.10.11"", ""basis"": ""past events written as warnings for readers"", ""note"": ""Paul says Israel's events were written as warnings for those at the end of the ages; this makes scriptural memory a present admonition with consequences, like the commentary's reminder before judgment."", ""turn"": 2, ""model"": ""luna"", ""connection_id"": ""BC-5437a8ecfb344e223885""}, {""line"": 101, ""strength"": ""strong"", ""tradition"": ""incil"", ""kind"": ""motif"", ""ref"": ""SBLGNT:1Cor.10.11"", ""basis"": ""past events written as warning"", ""note"": ""Israel's earlier events happened as examples and were written for warning later readers, giving the commentary's preserved scenes and admonition a concrete scriptural rationale."", ""turn"": 2, ""model"": ""terra"", ""connection_id"": ""BC-bef62470bfc1d30223ef""}]"
SBLGNT:1Cor.11.24	strong	incil	motif	liturgical remembrance	The command to perform the meal in remembrance of Christ gives the commentary's move from recall to a repeated act of worship a specific Christian liturgical form.	87:10	"[{""line"": 49, ""strength"": ""strong"", ""tradition"": ""incil"", ""kind"": ""motif"", ""ref"": ""SBLGNT:1Cor.11.24"", ""basis"": ""liturgical remembrance"", ""note"": ""The command to perform the meal in remembrance of Christ gives the commentary's move from recall to a repeated act of worship a specific Christian liturgical form."", ""turn"": 1, ""model"": ""terra"", ""connection_id"": ""BC-6f7756bd715b31f7b510""}]"
SBLGNT:1John.3.3	medium	incil	motif	hope leading to self-purification	Everyone who sets this hope purifies himself, furnishing a Christian analogue to the commentary's secondary sequence in which inward reception and fear move on toward personal purification.	87:10	"[{""line"": 117, ""strength"": ""medium"", ""tradition"": ""incil"", ""kind"": ""motif"", ""ref"": ""SBLGNT:1John.3.3"", ""basis"": ""hope leading to self-purification"", ""note"": ""Everyone who sets this hope purifies himself, furnishing a Christian analogue to the commentary's secondary sequence in which inward reception and fear move on toward personal purification."", ""turn"": 2, ""model"": ""terra"", ""connection_id"": ""BC-b0b4217a1c1f5b883362""}]"
SBLGNT:1John.4.18	medium	incil	motif	fear of punishment cast out by perfected love	John says fear has to do with punishment and is cast out by perfected love; this distinguishes punitive dread from the commentary's reverential fear instead of making the two senses identical.	87:10	"[{""line"": 39, ""strength"": ""medium"", ""tradition"": ""incil"", ""kind"": ""motif"", ""ref"": ""SBLGNT:1John.4.18"", ""basis"": ""fear of punishment cast out by perfected love"", ""note"": ""John says fear has to do with punishment and is cast out by perfected love; this distinguishes punitive dread from the commentary's reverential fear instead of making the two senses identical."", ""turn"": 1, ""model"": ""luna"", ""connection_id"": ""BC-821b89052f1d9f87c426""}]"
SBLGNT:1Pet.1.17	medium	incil	motif	conduct in fear before the impartial judge	Peter tells believers to conduct themselves in fear during their exile because God judges each person's work impartially; the fear is tied to knowledge of a real future reckoning.	87:10	"[{""line"": 35, ""strength"": ""medium"", ""tradition"": ""incil"", ""kind"": ""motif"", ""ref"": ""SBLGNT:1Pet.1.17"", ""basis"": ""conduct in fear before the impartial judge"", ""note"": ""Peter tells believers to conduct themselves in fear during their exile because God judges each person's work impartially; the fear is tied to knowledge of a real future reckoning."", ""turn"": 1, ""model"": ""luna"", ""connection_id"": ""BC-cbf137f8e49a329a6188""}]"
SBLGNT:1Pet.1.24	medium	incil	motif	all flesh like grass	The fading grass image recalls the commentary's meadow becoming refuse; Peter uses it to frame the transience of human life before the enduring proclaimed word in the following verse.	87:10	"[{""line"": 65, ""strength"": ""medium"", ""tradition"": ""incil"", ""kind"": ""motif"", ""ref"": ""SBLGNT:1Pet.1.24"", ""basis"": ""all flesh like grass"", ""note"": ""The fading grass image recalls the commentary's meadow becoming refuse; Peter uses it to frame the transience of human life before the enduring proclaimed word in the following verse."", ""turn"": 1, ""model"": ""terra"", ""connection_id"": ""BC-bcaf135c206caa60a798""}]"
SBLGNT:1Pet.1.25	medium	incil	motif	abiding word proclaimed as good news	The word of the Lord remains forever and is identified as the good news preached to the hearers, a Christian counterpart to the enduring, transmitted reminder set against perishing grass.	87:10	"[{""line"": 66, ""strength"": ""medium"", ""tradition"": ""incil"", ""kind"": ""motif"", ""ref"": ""SBLGNT:1Pet.1.25"", ""basis"": ""abiding word proclaimed as good news"", ""note"": ""The word of the Lord remains forever and is identified as the good news preached to the hearers, a Christian counterpart to the enduring, transmitted reminder set against perishing grass."", ""turn"": 1, ""model"": ""terra"", ""connection_id"": ""BC-d08b99bdbd04018f4835""}]"
SBLGNT:1Pet.3.14	strong	incil	motif	not sharing opponents' fear	Peter tells believers not to fear what their opponents fear or be troubled; this distinguishes reverence toward God from social intimidation, a useful limit on the commentary's broad language of fear.	87:10	"[{""line"": 72, ""strength"": ""strong"", ""tradition"": ""incil"", ""kind"": ""motif"", ""ref"": ""SBLGNT:1Pet.3.14"", ""basis"": ""not sharing opponents' fear"", ""note"": ""Peter tells believers not to fear what their opponents fear or be troubled; this distinguishes reverence toward God from social intimidation, a useful limit on the commentary's broad language of fear."", ""turn"": 2, ""model"": ""luna"", ""connection_id"": ""BC-ce5d7c2e88a956ff9177""}]"
SBLGNT:1Pet.3.15	strong	incil	motif	honoring Christ as holy in the heart	The next verse directs believers to honor Christ as Lord in their hearts; with 1 Peter 3:14, it specifies where fear and reverence are directed when human pressure is present.	87:10	"[{""line"": 73, ""strength"": ""strong"", ""tradition"": ""incil"", ""kind"": ""motif"", ""ref"": ""SBLGNT:1Pet.3.15"", ""basis"": ""honoring Christ as holy in the heart"", ""note"": ""The next verse directs believers to honor Christ as Lord in their hearts; with 1 Peter 3:14, it specifies where fear and reverence are directed when human pressure is present."", ""turn"": 2, ""model"": ""luna"", ""connection_id"": ""BC-ca2e8530392761d0a757""}]"
SBLGNT:1Thess.2.13	strong	incil	motif	received word working in believers	The Thessalonians receive the preached message as God's word rather than merely human speech, and it works in believers; this closely complements the commentary's distinction between speech crossing over and the listener's effective reception.	87:10	"[{""line"": 105, ""strength"": ""strong"", ""tradition"": ""incil"", ""kind"": ""motif"", ""ref"": ""SBLGNT:1Thess.2.13"", ""basis"": ""received word working in believers"", ""note"": ""The Thessalonians receive the preached message as God's word rather than merely human speech, and it works in believers; this closely complements the commentary's distinction between speech crossing over and the listener's effective reception."", ""turn"": 2, ""model"": ""terra"", ""connection_id"": ""BC-5a35e270b376305cd792""}]"
SBLGNT:2Cor.2.15	strong	incil	motif	one proclamation among saved and perishing	Paul describes the apostolic proclamation as Christ's aroma among both those being saved and those perishing, closely paralleling the commentary's one reminder encountering opposed inward responses.	87:10	"[{""line"": 102, ""strength"": ""strong"", ""tradition"": ""incil"", ""kind"": ""motif"", ""ref"": ""SBLGNT:2Cor.2.15"", ""basis"": ""one proclamation among saved and perishing"", ""note"": ""Paul describes the apostolic proclamation as Christ's aroma among both those being saved and those perishing, closely paralleling the commentary's one reminder encountering opposed inward responses."", ""turn"": 2, ""model"": ""terra"", ""connection_id"": ""BC-9183c4a998da36e9df2b""}]"
SBLGNT:2Cor.2.16	strong	incil	motif	death-to-death and life-to-life	The same aroma is death leading to death for some and life leading to life for others, a precise Christian formulation for the divergent effects of the single offered word developed in the commentary.	87:10	"[{""line"": 103, ""strength"": ""strong"", ""tradition"": ""incil"", ""kind"": ""motif"", ""ref"": ""SBLGNT:2Cor.2.16"", ""basis"": ""death-to-death and life-to-life"", ""note"": ""The same aroma is death leading to death for some and life leading to life for others, a precise Christian formulation for the divergent effects of the single offered word developed in the commentary."", ""turn"": 2, ""model"": ""terra"", ""connection_id"": ""BC-b7b7235912f50238f43b""}]"
SBLGNT:2Cor.7.1	medium	incil	motif	holiness brought to completion in fear of God	Paul urges cleansing from defilement and completion of holiness in fear of God, connecting reverence to the purification that the commentary places after remembrance.	87:10	"[{""line"": 36, ""strength"": ""medium"", ""tradition"": ""incil"", ""kind"": ""motif"", ""ref"": ""SBLGNT:2Cor.7.1"", ""basis"": ""holiness brought to completion in fear of God"", ""note"": ""Paul urges cleansing from defilement and completion of holiness in fear of God, connecting reverence to the purification that the commentary places after remembrance."", ""turn"": 1, ""model"": ""luna"", ""connection_id"": ""BC-adf51f0db758ecba8c95""}]"
SBLGNT:2Cor.7.15	strong	incil	motif	obedience remembered with fear and trembling	Titus's affection grows as he remembers the community's obedience and how they received him with fear and trembling, uniquely joining reception, memory, reverence, and conduct.	87:10	"[{""line"": 104, ""strength"": ""strong"", ""tradition"": ""incil"", ""kind"": ""motif"", ""ref"": ""SBLGNT:2Cor.7.15"", ""basis"": ""obedience remembered with fear and trembling"", ""note"": ""Titus's affection grows as he remembers the community's obedience and how they received him with fear and trembling, uniquely joining reception, memory, reverence, and conduct."", ""turn"": 2, ""model"": ""terra"", ""connection_id"": ""BC-1b94d3b2fa53c95b9081""}]"
SBLGNT:2Pet.1.15	strong	incil	motif	recollection after the teacher's departure	Peter makes provision for his readers to recall his teaching after his death, a specific case of a messenger's reminder becoming the hearer's future act of memory.	87:10	"[{""line"": 17, ""strength"": ""strong"", ""tradition"": ""incil"", ""kind"": ""motif"", ""ref"": ""SBLGNT:2Pet.1.15"", ""basis"": ""recollection after the teacher's departure"", ""note"": ""Peter makes provision for his readers to recall his teaching after his death, a specific case of a messenger's reminder becoming the hearer's future act of memory."", ""turn"": 1, ""model"": ""luna"", ""connection_id"": ""BC-90cc0ef1a8fd6ef7caa0""}]"
SBLGNT:2Pet.1.9	strong	incil	motif	blindness through forgotten cleansing	The person lacking virtue is blind and has forgotten cleansing from former sins, an unusually close counterpart to the commentary's pairing of remembered truth with opened sight and later purification.	87:10	"[{""line"": 21, ""strength"": ""strong"", ""tradition"": ""incil"", ""kind"": ""motif"", ""ref"": ""SBLGNT:2Pet.1.9"", ""basis"": ""blindness through forgotten cleansing"", ""note"": ""The person lacking virtue is blind and has forgotten cleansing from former sins, an unusually close counterpart to the commentary's pairing of remembered truth with opened sight and later purification."", ""turn"": 1, ""model"": ""terra"", ""connection_id"": ""BC-bb0673f7de00990fe8d0""}]"
SBLGNT:2Pet.3.1	strong	incil	motif	reminder arousing a sincere mind	The letter deliberately arouses the readers' sincere mind by reminder, making explicit the commentary's model in which an external reminder activates inward discernment.	87:10	"[{""line"": 109, ""strength"": ""strong"", ""tradition"": ""incil"", ""kind"": ""motif"", ""ref"": ""SBLGNT:2Pet.3.1"", ""basis"": ""reminder arousing a sincere mind"", ""note"": ""The letter deliberately arouses the readers' sincere mind by reminder, making explicit the commentary's model in which an external reminder activates inward discernment."", ""turn"": 2, ""model"": ""terra"", ""connection_id"": ""BC-3302b14be96948b8483e""}]"
SBLGNT:2Tim.2.25	strong	incil	motif	gentle correction toward repentance and knowledge	Gentle instruction is offered in hope that God may grant repentance leading to knowledge of truth, closely echoing the commentary's soft speech to Pharaoh as a possible door into recollection or fear.	87:10	"[{""line"": 32, ""strength"": ""strong"", ""tradition"": ""incil"", ""kind"": ""motif"", ""ref"": ""SBLGNT:2Tim.2.25"", ""basis"": ""gentle correction toward repentance and knowledge"", ""note"": ""Gentle instruction is offered in hope that God may grant repentance leading to knowledge of truth, closely echoing the commentary's soft speech to Pharaoh as a possible door into recollection or fear."", ""turn"": 1, ""model"": ""terra"", ""connection_id"": ""BC-f307762bba07518b9cdb""}]"
SBLGNT:2Tim.2.26	strong	incil	motif	coming to one's senses from the devil's snare	The corrected opponents may come to their senses and escape the devil's snare, a precise Christian analogue to the commentary's temptation-triggered remembering, renewed sight, and recovery.	87:10	"[{""line"": 33, ""strength"": ""strong"", ""tradition"": ""incil"", ""kind"": ""motif"", ""ref"": ""SBLGNT:2Tim.2.26"", ""basis"": ""coming to one's senses from the devil's snare"", ""note"": ""The corrected opponents may come to their senses and escape the devil's snare, a precise Christian analogue to the commentary's temptation-triggered remembering, renewed sight, and recovery."", ""turn"": 1, ""model"": ""terra"", ""connection_id"": ""BC-46b92b47ae2a3c6912f9""}]"
SBLGNT:2Tim.2.8	strong	incil	motif	command to remember the risen Christ	Paul directly commands Timothy to remember Jesus Christ raised from the dead; the verse gives a concrete Christian instance of remembered proclamation as the hearer's continuing task.	87:10	"[{""line"": 69, ""strength"": ""strong"", ""tradition"": ""incil"", ""kind"": ""motif"", ""ref"": ""SBLGNT:2Tim.2.8"", ""basis"": ""command to remember the risen Christ"", ""note"": ""Paul directly commands Timothy to remember Jesus Christ raised from the dead; the verse gives a concrete Christian instance of remembered proclamation as the hearer's continuing task."", ""turn"": 2, ""model"": ""luna"", ""connection_id"": ""BC-3b12f396cb43f52b2c8b""}]"
SBLGNT:2Tim.3.15	strong	incil	motif	sacred writings making one wise	The sacred writings are able to make Timothy wise for salvation through faith, a direct Christian analogue to the commentary's book as a reminder for those who become knowing and responsive.	87:10	"[{""line"": 106, ""strength"": ""strong"", ""tradition"": ""incil"", ""kind"": ""motif"", ""ref"": ""SBLGNT:2Tim.3.15"", ""basis"": ""sacred writings making one wise"", ""note"": ""The sacred writings are able to make Timothy wise for salvation through faith, a direct Christian analogue to the commentary's book as a reminder for those who become knowing and responsive."", ""turn"": 2, ""model"": ""terra"", ""connection_id"": ""BC-d62939782ea7882f4540""}]"
SBLGNT:2Tim.4.3	strong	incil	motif	itching ears rejecting sound teaching	Hearers who cannot endure sound teaching gather teachers to suit their own desires, a specific New Testament figure for turning away from offered reminder through a disordered inner preference.	87:10	"[{""line"": 107, ""strength"": ""strong"", ""tradition"": ""incil"", ""kind"": ""motif"", ""ref"": ""SBLGNT:2Tim.4.3"", ""basis"": ""itching ears rejecting sound teaching"", ""note"": ""Hearers who cannot endure sound teaching gather teachers to suit their own desires, a specific New Testament figure for turning away from offered reminder through a disordered inner preference."", ""turn"": 2, ""model"": ""terra"", ""connection_id"": ""BC-d2810acfb4bc1f6bdef4""}]"
SBLGNT:Acts.10.35	strong	incil	motif	fear of God and doing righteousness in every nation	Peter says that in every nation the person who fears God and does righteousness is acceptable to him, concretely shifting the criterion from ancestry to the inward posture and conduct emphasized in the commentary.	87:10	"[{""line"": 11, ""strength"": ""strong"", ""tradition"": ""incil"", ""kind"": ""motif"", ""ref"": ""SBLGNT:Acts.10.35"", ""basis"": ""fear of God and doing righteousness in every nation"", ""note"": ""Peter says that in every nation the person who fears God and does righteousness is acceptable to him, concretely shifting the criterion from ancestry to the inward posture and conduct emphasized in the commentary."", ""turn"": 1, ""model"": ""luna"", ""connection_id"": ""BC-bf7f3d6c8fde3001a223""}]"
SBLGNT:Acts.20.31	strong	incil	motif	remembering continual apostolic warning	Paul tells the elders to stay awake by remembering his three years of unceasing warning, an unusually close apostolic instance of admonition deliberately becoming hearers' recollection.	87:10	"[{""line"": 100, ""strength"": ""strong"", ""tradition"": ""incil"", ""kind"": ""motif"", ""ref"": ""SBLGNT:Acts.20.31"", ""basis"": ""remembering continual apostolic warning"", ""note"": ""Paul tells the elders to stay awake by remembering his three years of unceasing warning, an unusually close apostolic instance of admonition deliberately becoming hearers' recollection."", ""turn"": 2, ""model"": ""terra"", ""connection_id"": ""BC-8f660d1c840c7d9cc733""}]"
SBLGNT:Acts.5.11	medium	incil	motif	fear following visible judgment	After Ananias and Sapphira die, great fear comes upon the church and all who hear; this is a counter-sequence to fear before sight, showing fear arising after a judgment has become visible.	87:10	"[{""line"": 74, ""strength"": ""medium"", ""tradition"": ""incil"", ""kind"": ""motif"", ""ref"": ""SBLGNT:Acts.5.11"", ""basis"": ""fear following visible judgment"", ""note"": ""After Ananias and Sapphira die, great fear comes upon the church and all who hear; this is a counter-sequence to fear before sight, showing fear arising after a judgment has become visible."", ""turn"": 2, ""model"": ""luna"", ""connection_id"": ""BC-d9bfba3c9a525c56e07c""}]"
SBLGNT:Col.3.16	strong	incil	motif	word dwelling, admonition, and song	The word dwelling richly in the community produces teaching, admonition, and sung gratitude, closely paralleling the commentary's arc from spoken reminder through inward retention to worshipful speech.	87:10	"[{""line"": 48, ""strength"": ""strong"", ""tradition"": ""incil"", ""kind"": ""motif"", ""ref"": ""SBLGNT:Col.3.16"", ""basis"": ""word dwelling, admonition, and song"", ""note"": ""The word dwelling richly in the community produces teaching, admonition, and sung gratitude, closely paralleling the commentary's arc from spoken reminder through inward retention to worshipful speech."", ""turn"": 1, ""model"": ""terra"", ""connection_id"": ""BC-f15d103bc7bfbfe055bc""}]"
SBLGNT:Eph.5.26	strong	incil	motif	cleansing by the word	The Messiah sanctifies and cleanses through the word, a close Christian counterpart to the commentary's sequence in which a received reminder leads on toward purification.	87:10	"[{""line"": 50, ""strength"": ""strong"", ""tradition"": ""incil"", ""kind"": ""motif"", ""ref"": ""SBLGNT:Eph.5.26"", ""basis"": ""cleansing by the word"", ""note"": ""The Messiah sanctifies and cleanses through the word, a close Christian counterpart to the commentary's sequence in which a received reminder leads on toward purification."", ""turn"": 1, ""model"": ""terra"", ""connection_id"": ""BC-10b4eef330681a46fe91""}]"
SBLGNT:Gal.6.5	strong	incil	motif	each person carries own load	Paul's maxim that each person carries his own load supplies a New Testament ethical analogue for the commentary's refusal to shift the listener's response or burden onto another.	87:10	"[{""line"": 52, ""strength"": ""strong"", ""tradition"": ""incil"", ""kind"": ""motif"", ""ref"": ""SBLGNT:Gal.6.5"", ""basis"": ""each person carries own load"", ""note"": ""Paul's maxim that each person carries his own load supplies a New Testament ethical analogue for the commentary's refusal to shift the listener's response or burden onto another."", ""turn"": 1, ""model"": ""terra"", ""connection_id"": ""BC-57098c6d114abdabb4e2""}]"
SBLGNT:Heb.10.32	strong	incil	motif	remembering endurance after illumination	Readers are told to remember earlier days after they were enlightened, when they endured public suffering; recollection strengthens present fidelity rather than serving as passive recall.	87:10	"[{""line"": 65, ""strength"": ""strong"", ""tradition"": ""incil"", ""kind"": ""motif"", ""ref"": ""SBLGNT:Heb.10.32"", ""basis"": ""remembering endurance after illumination"", ""note"": ""Readers are told to remember earlier days after they were enlightened, when they endured public suffering; recollection strengthens present fidelity rather than serving as passive recall."", ""turn"": 2, ""model"": ""luna"", ""connection_id"": ""BC-43d809e82e358bf37d79""}]"
SBLGNT:Heb.11.7	strong	incil	motif	Noah fears concerning what is not yet seen | warning about unseen things and reverence	Warned about events still unseen, Noah acts in reverent fear and saves his household; this gives a concrete instance of fear before sight prompting a timely response. | Noah is warned about things not yet seen and, acting in reverent fear, prepares the ark; this is a close figure for remembering and fearing before judgment becomes visible.	87:10	"[{""line"": 8, ""strength"": ""strong"", ""tradition"": ""incil"", ""kind"": ""motif"", ""ref"": ""SBLGNT:Heb.11.7"", ""basis"": ""Noah fears concerning what is not yet seen"", ""note"": ""Warned about events still unseen, Noah acts in reverent fear and saves his household; this gives a concrete instance of fear before sight prompting a timely response."", ""turn"": 1, ""model"": ""luna"", ""connection_id"": ""BC-42a656cc1d9e4f24a1c1""}, {""line"": 31, ""strength"": ""strong"", ""tradition"": ""incil"", ""kind"": ""motif"", ""ref"": ""SBLGNT:Heb.11.7"", ""basis"": ""warning about unseen things and reverence"", ""note"": ""Noah is warned about things not yet seen and, acting in reverent fear, prepares the ark; this is a close figure for remembering and fearing before judgment becomes visible."", ""turn"": 1, ""model"": ""terra"", ""connection_id"": ""BC-6c0f70c210aa4211e1c4""}]"
SBLGNT:Heb.12.17	strong	incil	motif	belated repentance sought with tears	Esau seeks the blessing afterward but finds no place for repentance despite tears, a specific New Testament image for the commentary's ineffectual late turning.	87:10	"[{""line"": 41, ""strength"": ""strong"", ""tradition"": ""incil"", ""kind"": ""motif"", ""ref"": ""SBLGNT:Heb.12.17"", ""basis"": ""belated repentance sought with tears"", ""note"": ""Esau seeks the blessing afterward but finds no place for repentance despite tears, a specific New Testament image for the commentary's ineffectual late turning."", ""turn"": 1, ""model"": ""terra"", ""connection_id"": ""BC-f73115c4f5fab49abcbf""}]"
SBLGNT:Heb.12.21	strong	incil	motif	Moses trembling at Sinai	Hebrews recalls that even Moses said he trembled with fear at the terrifying manifestation; it supplies a concrete bodily response to divine presence alongside the later call to worship with reverent awe.	87:10	"[{""line"": 71, ""strength"": ""strong"", ""tradition"": ""incil"", ""kind"": ""motif"", ""ref"": ""SBLGNT:Heb.12.21"", ""basis"": ""Moses trembling at Sinai"", ""note"": ""Hebrews recalls that even Moses said he trembled with fear at the terrifying manifestation; it supplies a concrete bodily response to divine presence alongside the later call to worship with reverent awe."", ""turn"": 2, ""model"": ""luna"", ""connection_id"": ""BC-32c74dd78a534f4cf28d""}]"
SBLGNT:Heb.12.28	strong	incil	motif	worship with reverence and awe | reverence, awe, and worship	The community is to offer acceptable worship with reverence and awe; the next verse grounds this in God as consuming fire, giving the commentary's fear-to-prayer movement a concrete Christian formulation. | Receiving the unshakable kingdom issues in acceptable worship with reverence and awe, closely corresponding to the commentary's movement from fear and remembrance into prayerful praise.	87:10	"[{""line"": 13, ""strength"": ""strong"", ""tradition"": ""incil"", ""kind"": ""motif"", ""ref"": ""SBLGNT:Heb.12.28"", ""basis"": ""worship with reverence and awe"", ""note"": ""The community is to offer acceptable worship with reverence and awe; the next verse grounds this in God as consuming fire, giving the commentary's fear-to-prayer movement a concrete Christian formulation."", ""turn"": 1, ""model"": ""luna"", ""connection_id"": ""BC-6a04e199426f9f7b4dda""}, {""line"": 55, ""strength"": ""strong"", ""tradition"": ""incil"", ""kind"": ""motif"", ""ref"": ""SBLGNT:Heb.12.28"", ""basis"": ""reverence, awe, and worship"", ""note"": ""Receiving the unshakable kingdom issues in acceptable worship with reverence and awe, closely corresponding to the commentary's movement from fear and remembrance into prayerful praise."", ""turn"": 1, ""model"": ""terra"", ""connection_id"": ""BC-b3ee94ccc9ca1ed5c03b""}]"
SBLGNT:Heb.2.1	strong	incil	motif	what was heard drifting away	Hebrews requires closer attention to what was heard lest it drift away, giving a specific image for the commentary's concern that a received thing can escape unless the listener holds it.	87:10	"[{""line"": 24, ""strength"": ""strong"", ""tradition"": ""incil"", ""kind"": ""motif"", ""ref"": ""SBLGNT:Heb.2.1"", ""basis"": ""what was heard drifting away"", ""note"": ""Hebrews requires closer attention to what was heard lest it drift away, giving a specific image for the commentary's concern that a received thing can escape unless the listener holds it."", ""turn"": 1, ""model"": ""terra"", ""connection_id"": ""BC-0e5449208504532b4961""}]"
SBLGNT:Heb.3.13	strong	incil	motif	daily exhortation against hardened hearts	Mutual daily exhortation guards against hardening through sin's deceitfulness, closely uniting the commentary's repeated reminder with its contrast between reverent openness and hardening.	87:10	"[{""line"": 108, ""strength"": ""strong"", ""tradition"": ""incil"", ""kind"": ""motif"", ""ref"": ""SBLGNT:Heb.3.13"", ""basis"": ""daily exhortation against hardened hearts"", ""note"": ""Mutual daily exhortation guards against hardening through sin's deceitfulness, closely uniting the commentary's repeated reminder with its contrast between reverent openness and hardening."", ""turn"": 2, ""model"": ""terra"", ""connection_id"": ""BC-47899543bcc22b8171a4""}]"
SBLGNT:Heb.3.7	strong	incil	motif	hearing today without hardening the heart	The quotation warns its hearers that when they hear God's voice they must not harden their hearts; the immediate, personal response to a reminder is the point.	87:10	"[{""line"": 60, ""strength"": ""strong"", ""tradition"": ""incil"", ""kind"": ""motif"", ""ref"": ""SBLGNT:Heb.3.7"", ""basis"": ""hearing today without hardening the heart"", ""note"": ""The quotation warns its hearers that when they hear God's voice they must not harden their hearts; the immediate, personal response to a reminder is the point."", ""turn"": 2, ""model"": ""luna"", ""connection_id"": ""BC-062cf77869644be1dd8c""}]"
SBLGNT:Heb.4.2	strong	incil	motif	the heard message failing to benefit | word heard but not beneficial	The wilderness generation heard good news but it did not benefit them because it was not joined with faith; this makes the commentary's distinction between a reminder passing across and being taken in explicit. | The announced word did not benefit its hearers because it was not joined with faith, closely matching the commentary's distinction between an offered reminder and one that benefits a receptive person.	87:10	"[{""line"": 61, ""strength"": ""strong"", ""tradition"": ""incil"", ""kind"": ""motif"", ""ref"": ""SBLGNT:Heb.4.2"", ""basis"": ""the heard message failing to benefit"", ""note"": ""The wilderness generation heard good news but it did not benefit them because it was not joined with faith; this makes the commentary's distinction between a reminder passing across and being taken in explicit."", ""turn"": 2, ""model"": ""luna"", ""connection_id"": ""BC-a26a5f658ae07ef0bb50""}, {""line"": 5, ""strength"": ""strong"", ""tradition"": ""incil"", ""kind"": ""motif"", ""ref"": ""SBLGNT:Heb.4.2"", ""basis"": ""word heard but not beneficial"", ""note"": ""The announced word did not benefit its hearers because it was not joined with faith, closely matching the commentary's distinction between an offered reminder and one that benefits a receptive person."", ""turn"": 1, ""model"": ""terra"", ""connection_id"": ""BC-4e1a92d065422d71fc47""}]"
SBLGNT:Jas.1.25	strong	incil	motif	the hearer who forgets versus the doer | forgetful hearer and doer	James contrasts a hearer who forgets with one who perseveres in the law and acts; it makes explicit the commentary's movement from recovering what slipped away to a changed response. | James contrasts the forgetful hearer with the doer who perseveres, directly joining the commentary's memory-versus-forgetting image to the listener's own enacted response.	87:10	"[{""line"": 10, ""strength"": ""strong"", ""tradition"": ""incil"", ""kind"": ""motif"", ""ref"": ""SBLGNT:Jas.1.25"", ""basis"": ""the hearer who forgets versus the doer"", ""note"": ""James contrasts a hearer who forgets with one who perseveres in the law and acts; it makes explicit the commentary's movement from recovering what slipped away to a changed response."", ""turn"": 1, ""model"": ""luna"", ""connection_id"": ""BC-f60ed4c7b9436dc48945""}, {""line"": 7, ""strength"": ""strong"", ""tradition"": ""incil"", ""kind"": ""motif"", ""ref"": ""SBLGNT:Jas.1.25"", ""basis"": ""forgetful hearer and doer"", ""note"": ""James contrasts the forgetful hearer with the doer who perseveres, directly joining the commentary's memory-versus-forgetting image to the listener's own enacted response."", ""turn"": 1, ""model"": ""terra"", ""connection_id"": ""BC-f0ec23064251c415ca7d""}]"
SBLGNT:John.12.16	strong	incil	motif	understanding remembered later	The disciples first fail to understand the events, then remember Jesus' words after his glorification; this supplies a delayed, retrospective counterpart to the commentary's expected near-future remembrance.	87:10	"[{""line"": 19, ""strength"": ""strong"", ""tradition"": ""incil"", ""kind"": ""motif"", ""ref"": ""SBLGNT:John.12.16"", ""basis"": ""understanding remembered later"", ""note"": ""The disciples first fail to understand the events, then remember Jesus' words after his glorification; this supplies a delayed, retrospective counterpart to the commentary's expected near-future remembrance."", ""turn"": 1, ""model"": ""luna"", ""connection_id"": ""BC-d43e0d1bc3ce7c4a6e84""}]"
SBLGNT:John.12.48	medium	incil	motif	rejected word judging on the last day	Jesus says the word he has spoken will judge the one who rejects it on the last day, linking the commentary's non-coercive warning to its theme of a final moment when response is no longer open.	87:10	"[{""line"": 75, ""strength"": ""medium"", ""tradition"": ""incil"", ""kind"": ""motif"", ""ref"": ""SBLGNT:John.12.48"", ""basis"": ""rejected word judging on the last day"", ""note"": ""Jesus says the word he has spoken will judge the one who rejects it on the last day, linking the commentary's non-coercive warning to its theme of a final moment when response is no longer open."", ""turn"": 1, ""model"": ""terra"", ""connection_id"": ""BC-614776cf74480b02fa8b""}]"
SBLGNT:John.14.26	strong	incil	motif	the Spirit bringing Jesus' words to remembrance | Spirit teaching and bringing words to memory	Jesus promises that the Spirit will teach and remind the disciples of what he said; this parallels the commentary's concern with future recollection while locating its source in divine aid. | Jesus promises that the Spirit will teach the disciples and bring his sayings to their remembrance; this places divine agency alongside the commentary's distinction between transmitted speech and the hearer's remembering.	87:10	"[{""line"": 15, ""strength"": ""strong"", ""tradition"": ""incil"", ""kind"": ""motif"", ""ref"": ""SBLGNT:John.14.26"", ""basis"": ""the Spirit bringing Jesus' words to remembrance"", ""note"": ""Jesus promises that the Spirit will teach and remind the disciples of what he said; this parallels the commentary's concern with future recollection while locating its source in divine aid."", ""turn"": 1, ""model"": ""luna"", ""connection_id"": ""BC-c96449a512330be66997""}, {""line"": 59, ""strength"": ""medium"", ""tradition"": ""incil"", ""kind"": ""motif"", ""ref"": ""SBLGNT:John.14.26"", ""basis"": ""Spirit teaching and bringing words to memory"", ""note"": ""Jesus promises that the Spirit will teach the disciples and bring his sayings to their remembrance; this places divine agency alongside the commentary's distinction between transmitted speech and the hearer's remembering."", ""turn"": 1, ""model"": ""terra"", ""connection_id"": ""BC-ebcc6ae29bd3772caade""}]"
SBLGNT:John.2.22	strong	incil	motif	remembering Jesus' words after the resurrection | recalled saying leading to belief	After Jesus is raised, the disciples remember his saying about the temple and believe; the delay shows how an event can restore the meaning of a word previously heard. | After Jesus's resurrection the disciples remember his saying and believe Scripture and his word, a narrative in which recall of a prior utterance becomes renewed understanding and trust.	87:10	"[{""line"": 70, ""strength"": ""strong"", ""tradition"": ""incil"", ""kind"": ""motif"", ""ref"": ""SBLGNT:John.2.22"", ""basis"": ""remembering Jesus' words after the resurrection"", ""note"": ""After Jesus is raised, the disciples remember his saying about the temple and believe; the delay shows how an event can restore the meaning of a word previously heard."", ""turn"": 2, ""model"": ""luna"", ""connection_id"": ""BC-1ce34d1c4b501ac794a6""}, {""line"": 25, ""strength"": ""strong"", ""tradition"": ""incil"", ""kind"": ""motif"", ""ref"": ""SBLGNT:John.2.22"", ""basis"": ""recalled saying leading to belief"", ""note"": ""After Jesus's resurrection the disciples remember his saying and believe Scripture and his word, a narrative in which recall of a prior utterance becomes renewed understanding and trust."", ""turn"": 1, ""model"": ""terra"", ""connection_id"": ""BC-d5a0fc68b36e3f85e5ae""}]"
SBLGNT:Jude.1.5	strong	incil	motif	reminder of rescue followed by destruction	Jude says he wants to remind readers who already know that the Lord saved a people from Egypt and later destroyed the unbelieving; memory of rescue becomes a warning about the response that follows.	87:10	"[{""line"": 62, ""strength"": ""strong"", ""tradition"": ""incil"", ""kind"": ""motif"", ""ref"": ""SBLGNT:Jude.1.5"", ""basis"": ""reminder of rescue followed by destruction"", ""note"": ""Jude says he wants to remind readers who already know that the Lord saved a people from Egypt and later destroyed the unbelieving; memory of rescue becomes a warning about the response that follows."", ""turn"": 2, ""model"": ""luna"", ""connection_id"": ""BC-9ca5da1dd583b7cfdc63""}]"
SBLGNT:Luke.1.50	strong	incil	motif	mercy to those who fear God through generations	Mary says God's mercy is for those who fear him from generation to generation, carrying the commentary's individual inner quality across time without making it an ethnic class.	87:10	"[{""line"": 67, ""strength"": ""strong"", ""tradition"": ""incil"", ""kind"": ""motif"", ""ref"": ""SBLGNT:Luke.1.50"", ""basis"": ""mercy to those who fear God through generations"", ""note"": ""Mary says God's mercy is for those who fear him from generation to generation, carrying the commentary's individual inner quality across time without making it an ethnic class."", ""turn"": 2, ""model"": ""luna"", ""connection_id"": ""BC-4bcd74f9765842f78a03""}]"
SBLGNT:Luke.1.74	medium	incil	motif	service without fear after deliverance	Zechariah speaks of being rescued from enemies so that God's people may serve him without fear; the context makes this freedom from human threat, not the reverent fear of God in the commentary, a meaningful distinction.	87:10	"[{""line"": 76, ""strength"": ""medium"", ""tradition"": ""incil"", ""kind"": ""motif"", ""ref"": ""SBLGNT:Luke.1.74"", ""basis"": ""service without fear after deliverance"", ""note"": ""Zechariah speaks of being rescued from enemies so that God's people may serve him without fear; the context makes this freedom from human threat, not the reverent fear of God in the commentary, a meaningful distinction."", ""turn"": 2, ""model"": ""luna"", ""connection_id"": ""BC-83030667b12213667095""}]"
SBLGNT:Luke.11.28	strong	incil	motif	hearing and keeping God's word	Jesus calls blessed those who hear God's word and keep it, a concise direct counterpart to the commentary's listener who receives an admonition into an active life.	87:10	"[{""line"": 96, ""strength"": ""strong"", ""tradition"": ""incil"", ""kind"": ""motif"", ""ref"": ""SBLGNT:Luke.11.28"", ""basis"": ""hearing and keeping God's word"", ""note"": ""Jesus calls blessed those who hear God's word and keep it, a concise direct counterpart to the commentary's listener who receives an admonition into an active life."", ""turn"": 2, ""model"": ""terra"", ""connection_id"": ""BC-a0b8a4a7b48fd99851ee""}]"
SBLGNT:Luke.12.5	strong	incil	motif	fear of the one with authority after death	Jesus redirects fear from human killers to the one who has authority after death, specifying a future, unseen consequence where the Qur'anic verse leaves the object of fear unstated.	87:10	"[{""line"": 14, ""strength"": ""strong"", ""tradition"": ""incil"", ""kind"": ""motif"", ""ref"": ""SBLGNT:Luke.12.5"", ""basis"": ""fear of the one with authority after death"", ""note"": ""Jesus redirects fear from human killers to the one who has authority after death, specifying a future, unseen consequence where the Qur'anic verse leaves the object of fear unstated."", ""turn"": 1, ""model"": ""luna"", ""connection_id"": ""BC-537cb582703387a9518b""}]"
SBLGNT:Luke.15.17	strong	incil	motif	coming to oneself and returning	The prodigal comes to himself, recalls the abundance of his father's house, and begins a return; this narrates the commentary's inward recovery of a lost truth becoming a change of course.	87:10	"[{""line"": 99, ""strength"": ""strong"", ""tradition"": ""incil"", ""kind"": ""motif"", ""ref"": ""SBLGNT:Luke.15.17"", ""basis"": ""coming to oneself and returning"", ""note"": ""The prodigal comes to himself, recalls the abundance of his father's house, and begins a return; this narrates the commentary's inward recovery of a lost truth becoming a change of course."", ""turn"": 2, ""model"": ""terra"", ""connection_id"": ""BC-739c828fb8d4a67442e6""}]"
SBLGNT:Luke.15.8	strong	incil	motif	seeking a lost coin until it is found	The woman's careful search for a lost coin supplies a concrete parabolic counterpart to the commentary's secondary image of tezekkür as pursuing what has escaped rather than passively recalling it.	87:10	"[{""line"": 98, ""strength"": ""strong"", ""tradition"": ""incil"", ""kind"": ""motif"", ""ref"": ""SBLGNT:Luke.15.8"", ""basis"": ""seeking a lost coin until it is found"", ""note"": ""The woman's careful search for a lost coin supplies a concrete parabolic counterpart to the commentary's secondary image of tezekkür as pursuing what has escaped rather than passively recalling it."", ""turn"": 2, ""model"": ""terra"", ""connection_id"": ""BC-8d668981dc3582eac265""}]"
SBLGNT:Luke.16.25	strong	incil	motif	remembering after the judgment has begun | remembrance after torment	Abraham tells the rich man to remember his former life after the chasm is fixed; the memory is real but cannot repair the missed opportunity, like the commentary's late remembrance after Gehenna is brought. | Abraham tells the rich man to remember his former life after he is in torment, making explicit the commentary's contrast between useful present recollection and a painful, irreversible memory after judgment.	87:10	"[{""line"": 16, ""strength"": ""strong"", ""tradition"": ""incil"", ""kind"": ""motif"", ""ref"": ""SBLGNT:Luke.16.25"", ""basis"": ""remembering after the judgment has begun"", ""note"": ""Abraham tells the rich man to remember his former life after the chasm is fixed; the memory is real but cannot repair the missed opportunity, like the commentary's late remembrance after Gehenna is brought."", ""turn"": 1, ""model"": ""luna"", ""connection_id"": ""BC-8b208e3b2c8782f5a8e2""}, {""line"": 62, ""strength"": ""medium"", ""tradition"": ""incil"", ""kind"": ""motif"", ""ref"": ""SBLGNT:Luke.16.25"", ""basis"": ""remembrance after torment"", ""note"": ""Abraham tells the rich man to remember his former life after he is in torment, making explicit the commentary's contrast between useful present recollection and a painful, irreversible memory after judgment."", ""turn"": 1, ""model"": ""terra"", ""connection_id"": ""BC-41c23fb8a1b9c34874e6""}]"
SBLGNT:Luke.16.31	medium	incil	motif	refusal to hear Moses and the prophets	The claim that one who will not hear Moses and the prophets will not be persuaded even by resurrection speaks to the commentary's image of people passing by an offered reminder while desiring a more exceptional sign.	87:10	"[{""line"": 63, ""strength"": ""medium"", ""tradition"": ""incil"", ""kind"": ""motif"", ""ref"": ""SBLGNT:Luke.16.31"", ""basis"": ""refusal to hear Moses and the prophets"", ""note"": ""The claim that one who will not hear Moses and the prophets will not be persuaded even by resurrection speaks to the commentary's image of people passing by an offered reminder while desiring a more exceptional sign."", ""turn"": 1, ""model"": ""terra"", ""connection_id"": ""BC-13929d9ee06256e370d3""}]"
SBLGNT:Luke.22.61	strong	incil	motif	Peter remembers after denying Jesus	After Peter denies Jesus, the Lord's look makes him remember the prediction, and he weeps bitterly; this gives a precise, painful case of a warning remembered only after failure.	87:10	"[{""line"": 66, ""strength"": ""strong"", ""tradition"": ""incil"", ""kind"": ""motif"", ""ref"": ""SBLGNT:Luke.22.61"", ""basis"": ""Peter remembers after denying Jesus"", ""note"": ""After Peter denies Jesus, the Lord's look makes him remember the prediction, and he weeps bitterly; this gives a precise, painful case of a warning remembered only after failure."", ""turn"": 2, ""model"": ""luna"", ""connection_id"": ""BC-c57f203ebeb2d8fa40a6""}]"
SBLGNT:Luke.24.32	strong	incil	motif	heart burning as Scripture is opened	The disciples' hearts burn while Jesus speaks and opens the Scriptures, a narrative analogue to the commentary's heard word producing a bodily and inward change before renewed understanding.	87:10	"[{""line"": 97, ""strength"": ""strong"", ""tradition"": ""incil"", ""kind"": ""motif"", ""ref"": ""SBLGNT:Luke.24.32"", ""basis"": ""heart burning as Scripture is opened"", ""note"": ""The disciples' hearts burn while Jesus speaks and opens the Scriptures, a narrative analogue to the commentary's heard word producing a bodily and inward change before renewed understanding."", ""turn"": 2, ""model"": ""terra"", ""connection_id"": ""BC-64cb892dc1438a33b9a0""}]"
SBLGNT:Luke.24.8	strong	incil	motif	remembering the prior saying after a reminder | women remember Jesus's words	At the tomb the women remember Jesus' earlier words after the messengers call them to remember; the scene distinguishes the spoken reminder from the hearers' act of recollection. | The women remember Jesus's earlier words at the empty tomb, a narrative recovery of a prior utterance that changes how they understand the present event.	87:10	"[{""line"": 18, ""strength"": ""strong"", ""tradition"": ""incil"", ""kind"": ""motif"", ""ref"": ""SBLGNT:Luke.24.8"", ""basis"": ""remembering the prior saying after a reminder"", ""note"": ""At the tomb the women remember Jesus' earlier words after the messengers call them to remember; the scene distinguishes the spoken reminder from the hearers' act of recollection."", ""turn"": 1, ""model"": ""luna"", ""connection_id"": ""BC-e0ab8c60bd0a75c95484""}, {""line"": 60, ""strength"": ""medium"", ""tradition"": ""incil"", ""kind"": ""motif"", ""ref"": ""SBLGNT:Luke.24.8"", ""basis"": ""women remember Jesus's words"", ""note"": ""The women remember Jesus's earlier words at the empty tomb, a narrative recovery of a prior utterance that changes how they understand the present event."", ""turn"": 1, ""model"": ""terra"", ""connection_id"": ""BC-f026eafe6c4d3f56c0a9""}]"
SBLGNT:Luke.8.15	strong	incil	motif	word held fast in a good heart | good heart holds the word	The hearers with an honest, good heart hold the word fast and bear fruit with endurance, closely matching the commentary's claim that the listener, not the messenger, must take the reminder inwardly. | Jesus's good soil hears the word, holds it fast in an honest and good heart, and bears fruit in perseverance; this gives the commentary's inward taking-up of admonition a concrete narrative figure.	87:10	"[{""line"": 9, ""strength"": ""strong"", ""tradition"": ""incil"", ""kind"": ""motif"", ""ref"": ""SBLGNT:Luke.8.15"", ""basis"": ""word held fast in a good heart"", ""note"": ""The hearers with an honest, good heart hold the word fast and bear fruit with endurance, closely matching the commentary's claim that the listener, not the messenger, must take the reminder inwardly."", ""turn"": 1, ""model"": ""luna"", ""connection_id"": ""BC-976f25cec675202a4fa7""}, {""line"": 6, ""strength"": ""strong"", ""tradition"": ""incil"", ""kind"": ""motif"", ""ref"": ""SBLGNT:Luke.8.15"", ""basis"": ""good heart holds the word"", ""note"": ""Jesus's good soil hears the word, holds it fast in an honest and good heart, and bears fruit in perseverance; this gives the commentary's inward taking-up of admonition a concrete narrative figure."", ""turn"": 1, ""model"": ""terra"", ""connection_id"": ""BC-d965a7d921d12a87a7e3""}]"
SBLGNT:Mark.8.18	strong	incil	motif	eyes, ears, and remembrance	Jesus joins unseeing eyes, unhearing ears, and failure to remember in one rebuke, closely matching the commentary's contrast between a reminder that opens sight and refusal that does not truly hear.	87:10	"[{""line"": 22, ""strength"": ""strong"", ""tradition"": ""incil"", ""kind"": ""motif"", ""ref"": ""SBLGNT:Mark.8.18"", ""basis"": ""eyes, ears, and remembrance"", ""note"": ""Jesus joins unseeing eyes, unhearing ears, and failure to remember in one rebuke, closely matching the commentary's contrast between a reminder that opens sight and refusal that does not truly hear."", ""turn"": 1, ""model"": ""terra"", ""connection_id"": ""BC-c42f3b9605722aabbc7b""}]"
SBLGNT:Mark.9.48	strong	incil	motif	unending fire and undying worm	The Gehenna saying's undying worm and unquenched fire closely accompanies the commentary's broader contrast between the timely hearer and the one who reaches enduring fire after rejecting warning.	87:10	"[{""line"": 110, ""strength"": ""strong"", ""tradition"": ""incil"", ""kind"": ""motif"", ""ref"": ""SBLGNT:Mark.9.48"", ""basis"": ""unending fire and undying worm"", ""note"": ""The Gehenna saying's undying worm and unquenched fire closely accompanies the commentary's broader contrast between the timely hearer and the one who reaches enduring fire after rejecting warning."", ""turn"": 2, ""model"": ""terra"", ""connection_id"": ""BC-686d42dd9ec98835de90""}]"
SBLGNT:Matt.10.14	strong	incil	motif	nonreception and the messenger's departure	When a house or town will not receive or hear the disciples, they depart and shake off its dust; this illustrates the commentary's non-coercive messenger whose warning does not remove the hearer's responsibility.	87:10	"[{""line"": 95, ""strength"": ""strong"", ""tradition"": ""incil"", ""kind"": ""motif"", ""ref"": ""SBLGNT:Matt.10.14"", ""basis"": ""nonreception and the messenger's departure"", ""note"": ""When a house or town will not receive or hear the disciples, they depart and shake off its dust; this illustrates the commentary's non-coercive messenger whose warning does not remove the hearer's responsibility."", ""turn"": 2, ""model"": ""terra"", ""connection_id"": ""BC-41e70e236810a678c84c""}]"
SBLGNT:Matt.13.15	medium	incil	motif	heart closed against hearing and turning	Jesus cites people whose heart is dull and whose ears and eyes are closed lest they understand, turn, and be healed; this gives a specific account of refusal at the level of perception that blocks a reminder's effect.	87:10	"[{""line"": 75, ""strength"": ""medium"", ""tradition"": ""incil"", ""kind"": ""motif"", ""ref"": ""SBLGNT:Matt.13.15"", ""basis"": ""heart closed against hearing and turning"", ""note"": ""Jesus cites people whose heart is dull and whose ears and eyes are closed lest they understand, turn, and be healed; this gives a specific account of refusal at the level of perception that blocks a reminder's effect."", ""turn"": 2, ""model"": ""luna"", ""connection_id"": ""BC-f732cb23976c7873d5b0""}]"
SBLGNT:Matt.4.10	medium	incil	motif	remembered Scripture against Satan	In the temptation scene Jesus answers Satan by voicing Scripture and commanding worship of God alone, a specific image of retained divine words resisting a satanic prompt.	87:10	"[{""line"": 61, ""strength"": ""medium"", ""tradition"": ""incil"", ""kind"": ""motif"", ""ref"": ""SBLGNT:Matt.4.10"", ""basis"": ""remembered Scripture against Satan"", ""note"": ""In the temptation scene Jesus answers Satan by voicing Scripture and commanding worship of God alone, a specific image of retained divine words resisting a satanic prompt."", ""turn"": 1, ""model"": ""terra"", ""connection_id"": ""BC-f66c39982a49cb88ca24""}]"
SBLGNT:Matt.7.24	strong	incil	motif	hearing Jesus's words and doing them	The wise builder is defined by hearing Jesus's sayings and doing them, a direct Gospel analogue to the commentary's contrast between a reminder merely spoken and one taken up by its listener.	87:10	"[{""line"": 94, ""strength"": ""strong"", ""tradition"": ""incil"", ""kind"": ""motif"", ""ref"": ""SBLGNT:Matt.7.24"", ""basis"": ""hearing Jesus's words and doing them"", ""note"": ""The wise builder is defined by hearing Jesus's sayings and doing them, a direct Gospel analogue to the commentary's contrast between a reminder merely spoken and one taken up by its listener."", ""turn"": 2, ""model"": ""terra"", ""connection_id"": ""BC-94e3550b17d9de14a372""}]"
SBLGNT:Phil.2.12	strong	incil	motif	working out salvation with fear and trembling | active salvation with fear and trembling	Paul calls the community to act with fear and trembling, then says God is at work in them; this holds human response together with divine action as the commentary does for the listener's open door. | Believers are told to work out salvation with fear and trembling, bringing together the commentary's inward reverence and the listener's personal, active response.	87:10	"[{""line"": 37, ""strength"": ""medium"", ""tradition"": ""incil"", ""kind"": ""motif"", ""ref"": ""SBLGNT:Phil.2.12"", ""basis"": ""working out salvation with fear and trembling"", ""note"": ""Paul calls the community to act with fear and trembling, then says God is at work in them; this holds human response together with divine action as the commentary does for the listener's open door."", ""turn"": 1, ""model"": ""luna"", ""connection_id"": ""BC-2436297568a4533fb6bb""}, {""line"": 54, ""strength"": ""strong"", ""tradition"": ""incil"", ""kind"": ""motif"", ""ref"": ""SBLGNT:Phil.2.12"", ""basis"": ""active salvation with fear and trembling"", ""note"": ""Believers are told to work out salvation with fear and trembling, bringing together the commentary's inward reverence and the listener's personal, active response."", ""turn"": 1, ""model"": ""terra"", ""connection_id"": ""BC-e189e970e0a4a53c6c1b""}]"
SBLGNT:Rev.1.3	strong	incil	motif	read, hear, keep prophetic words	The blessing falls on reader, hearers, and keepers together, a close Christian chain from spoken written warning through reception to practice.	87:10	"[{""line"": 8, ""strength"": ""strong"", ""tradition"": ""incil"", ""kind"": ""motif"", ""ref"": ""SBLGNT:Rev.1.3"", ""basis"": ""read, hear, keep prophetic words"", ""note"": ""The blessing falls on reader, hearers, and keepers together, a close Christian chain from spoken written warning through reception to practice."", ""turn"": 1, ""model"": ""terra"", ""connection_id"": ""BC-22b10d18f1f8b48ec561""}]"
SBLGNT:Rev.14.11	medium	incil	motif	no rest in eschatological torment	The worshipers of the beast have no rest day or night amid enduring torment, a Christian image that complements the commentary's secondary treatment of irreversible fire after the time for fruitful recollection.	87:10	"[{""line"": 116, ""strength"": ""medium"", ""tradition"": ""incil"", ""kind"": ""motif"", ""ref"": ""SBLGNT:Rev.14.11"", ""basis"": ""no rest in eschatological torment"", ""note"": ""The worshipers of the beast have no rest day or night amid enduring torment, a Christian image that complements the commentary's secondary treatment of irreversible fire after the time for fruitful recollection."", ""turn"": 2, ""model"": ""terra"", ""connection_id"": ""BC-7b56110c79aa297fdccd""}]"
SBLGNT:Rev.14.7	strong	incil	motif	fear, glory, judgment, and worship of the Creator | fear God, give glory, judgment near	The angel commands fear of God and giving him glory because judgment has arrived, then calls for worship of the Creator; this joins reverence to creation and worship as the commentary's surah does. | The angelic proclamation calls people to fear God and give him glory because judgment has come, an explicit fusion of warning, reverent response, and imminent eschatological time.	87:10	"[{""line"": 12, ""strength"": ""strong"", ""tradition"": ""incil"", ""kind"": ""motif"", ""ref"": ""SBLGNT:Rev.14.7"", ""basis"": ""fear, glory, judgment, and worship of the Creator"", ""note"": ""The angel commands fear of God and giving him glory because judgment has arrived, then calls for worship of the Creator; this joins reverence to creation and worship as the commentary's surah does."", ""turn"": 1, ""model"": ""luna"", ""connection_id"": ""BC-6c5208facb9d6cab0be2""}, {""line"": 56, ""strength"": ""strong"", ""tradition"": ""incil"", ""kind"": ""motif"", ""ref"": ""SBLGNT:Rev.14.7"", ""basis"": ""fear God, give glory, judgment near"", ""note"": ""The angelic proclamation calls people to fear God and give him glory because judgment has come, an explicit fusion of warning, reverent response, and imminent eschatological time."", ""turn"": 1, ""model"": ""terra"", ""connection_id"": ""BC-7ef62eb7575c63a2196f""}]"
SBLGNT:Rev.2.5	strong	incil	motif	remember, repent, and do the first works | remember from where you fell	The church is told to remember its former state, repent, and do its first works, with removal of its lampstand threatened if it does not; recollection must become action while there is time. | The command to remember the height from which one has fallen and return to first works closely matches the commentary's tezekkür as seeking and recovering what has slipped away.	87:10	"[{""line"": 63, ""strength"": ""strong"", ""tradition"": ""incil"", ""kind"": ""motif"", ""ref"": ""SBLGNT:Rev.2.5"", ""basis"": ""remember, repent, and do the first works"", ""note"": ""The church is told to remember its former state, repent, and do its first works, with removal of its lampstand threatened if it does not; recollection must become action while there is time."", ""turn"": 2, ""model"": ""luna"", ""connection_id"": ""BC-66a67fc3b5693f80867d""}, {""line"": 20, ""strength"": ""strong"", ""tradition"": ""incil"", ""kind"": ""motif"", ""ref"": ""SBLGNT:Rev.2.5"", ""basis"": ""remember from where you fell"", ""note"": ""The command to remember the height from which one has fallen and return to first works closely matches the commentary's tezekkür as seeking and recovering what has slipped away."", ""turn"": 1, ""model"": ""terra"", ""connection_id"": ""BC-0b1a854b692c4a4f11ba""}]"
SBLGNT:Rev.3.17	strong	incil	motif	self-sufficiency joined to blindness	Laodicea says it is rich and needs nothing, while not knowing it is poor and blind; this is an exceptionally close counterpart to the commentary's self-satisfied person who sees no lack and so does not seek what was lost.	87:10	"[{""line"": 44, ""strength"": ""strong"", ""tradition"": ""incil"", ""kind"": ""motif"", ""ref"": ""SBLGNT:Rev.3.17"", ""basis"": ""self-sufficiency joined to blindness"", ""note"": ""Laodicea says it is rich and needs nothing, while not knowing it is poor and blind; this is an exceptionally close counterpart to the commentary's self-satisfied person who sees no lack and so does not seek what was lost."", ""turn"": 1, ""model"": ""terra"", ""connection_id"": ""BC-9dc4777964b4696976ca""}]"
SBLGNT:Rev.3.18	strong	incil	motif	eye salve so that you may see	The counsel to anoint blind eyes so that they may see continues the Laodicean contrast and concretizes the commentary's image of recollection opening the eye.	87:10	"[{""line"": 45, ""strength"": ""strong"", ""tradition"": ""incil"", ""kind"": ""motif"", ""ref"": ""SBLGNT:Rev.3.18"", ""basis"": ""eye salve so that you may see"", ""note"": ""The counsel to anoint blind eyes so that they may see continues the Laodicean contrast and concretizes the commentary's image of recollection opening the eye."", ""turn"": 1, ""model"": ""terra"", ""connection_id"": ""BC-5d7c99131e99dbb5efd2""}]"
SBLGNT:Rev.3.3	strong	incil	motif	remembering what was received and heard | remember what was received and heard	The church is told to remember what it received and heard, keep it, and repent, or the coming will be unexpected; this directly joins received speech, memory, vigilance, and a deadline. | The church is told to remember how it received and heard, then keep it and repent, directly framing remembrance as recovery of a previously received word that still demands action.	87:10	"[{""line"": 64, ""strength"": ""strong"", ""tradition"": ""incil"", ""kind"": ""motif"", ""ref"": ""SBLGNT:Rev.3.3"", ""basis"": ""remembering what was received and heard"", ""note"": ""The church is told to remember what it received and heard, keep it, and repent, or the coming will be unexpected; this directly joins received speech, memory, vigilance, and a deadline."", ""turn"": 2, ""model"": ""luna"", ""connection_id"": ""BC-1c84759cb8fcf1d4250d""}, {""line"": 19, ""strength"": ""strong"", ""tradition"": ""incil"", ""kind"": ""motif"", ""ref"": ""SBLGNT:Rev.3.3"", ""basis"": ""remember what was received and heard"", ""note"": ""The church is told to remember how it received and heard, then keep it and repent, directly framing remembrance as recovery of a previously received word that still demands action."", ""turn"": 1, ""model"": ""terra"", ""connection_id"": ""BC-6c510f07874e01971024""}]"
SBLGNT:Rom.1.20	strong	incil	motif	knowledge of God through created things	God's invisible power and divinity are perceived through created things, furnishing a New Testament counterpart to the commentary's claim that attention to creation can yield the knowledge from which reverent fear arises.	87:10	"[{""line"": 111, ""strength"": ""strong"", ""tradition"": ""incil"", ""kind"": ""motif"", ""ref"": ""SBLGNT:Rom.1.20"", ""basis"": ""knowledge of God through created things"", ""note"": ""God's invisible power and divinity are perceived through created things, furnishing a New Testament counterpart to the commentary's claim that attention to creation can yield the knowledge from which reverent fear arises."", ""turn"": 2, ""model"": ""terra"", ""connection_id"": ""BC-b42879ecec5ae19358dd""}]"
SBLGNT:Rom.1.21	strong	incil	motif	known God not glorified, heart darkened	Though they know God, the ungodly neither glorify nor thank him and their heart is darkened; this sharply counterpoints the commentary's path from knowing and remembering to naming and worship.	87:10	"[{""line"": 112, ""strength"": ""strong"", ""tradition"": ""incil"", ""kind"": ""motif"", ""ref"": ""SBLGNT:Rom.1.21"", ""basis"": ""known God not glorified, heart darkened"", ""note"": ""Though they know God, the ungodly neither glorify nor thank him and their heart is darkened; this sharply counterpoints the commentary's path from knowing and remembering to naming and worship."", ""turn"": 2, ""model"": ""terra"", ""connection_id"": ""BC-c5d190d80bd93a8cb9a8""}]"
SBLGNT:Rom.11.20	medium	incil	motif	fear as the opposite of prideful self-assurance	Paul says branches were broken off through unbelief and warns the standing branch not to become proud but to fear; this gives a specific counterpart to the commentary's self-sufficient hearer who sees no need to recover anything.	87:10	"[{""line"": 38, ""strength"": ""medium"", ""tradition"": ""incil"", ""kind"": ""motif"", ""ref"": ""SBLGNT:Rom.11.20"", ""basis"": ""fear as the opposite of prideful self-assurance"", ""note"": ""Paul says branches were broken off through unbelief and warns the standing branch not to become proud but to fear; this gives a specific counterpart to the commentary's self-sufficient hearer who sees no need to recover anything."", ""turn"": 1, ""model"": ""luna"", ""connection_id"": ""BC-48a5684dcccb84b76c4e""}]"
Shepherd of Hermas, Mandate 7	medium	incil	motif	fear of God distinguished from fear of the devil	Hermas urges fear of God and says this displaces fear of the devil, distinguishing reverent accountability from panic and giving a concrete early Christian account of fear directing conduct.	87:10	"[{""line"": 44, ""strength"": ""medium"", ""tradition"": ""incil"", ""kind"": ""motif"", ""ref"": ""Shepherd of Hermas, Mandate 7"", ""basis"": ""fear of God distinguished from fear of the devil"", ""note"": ""Hermas urges fear of God and says this displaces fear of the devil, distinguishing reverent accountability from panic and giving a concrete early Christian account of fear directing conduct."", ""turn"": 1, ""model"": ""luna"", ""connection_id"": ""BC-f99ac813eb3ca6f1cf82""}]"
Avot 3:17	medium	tevrat	motif	wisdom and fear as reciprocal conditions	The Mishnah says that without wisdom there is no fear and without fear there is no wisdom, preserving both directions of the relationship that the commentary illustrates with fear leading to remembrance and remembrance sometimes awakening fear.	87:10	"[{""line"": 42, ""strength"": ""medium"", ""tradition"": ""tevrat"", ""kind"": ""motif"", ""ref"": ""Avot 3:17"", ""basis"": ""wisdom and fear as reciprocal conditions"", ""note"": ""The Mishnah says that without wisdom there is no fear and without fear there is no wisdom, preserving both directions of the relationship that the commentary illustrates with fear leading to remembrance and remembrance sometimes awakening fear."", ""turn"": 1, ""model"": ""luna"", ""connection_id"": ""BC-811b5ff287d641054feb""}]"
Avot 3:9	medium	tevrat	motif	fear of sin preceding wisdom	The Mishnah says wisdom endures when fear of sin precedes it; this directly parallels the commentary's ordering of an inward fear before the act of remembering and receiving instruction.	87:10	"[{""line"": 41, ""strength"": ""medium"", ""tradition"": ""tevrat"", ""kind"": ""motif"", ""ref"": ""Avot 3:9"", ""basis"": ""fear of sin preceding wisdom"", ""note"": ""The Mishnah says wisdom endures when fear of sin precedes it; this directly parallels the commentary's ordering of an inward fear before the act of remembering and receiving instruction."", ""turn"": 1, ""model"": ""luna"", ""connection_id"": ""BC-e9a94433f2974a88a9c8""}]"
Berakhot 33b	medium	tevrat	karsi_anlati|motif	what is in Heaven's hand and fear of Heaven | fear of Heaven and human responsibility	The Talmud says all is in Heaven's hands except fear of Heaven; the commentary, citing the Qur'anic qualification that remembrance depends on God's will, keeps the listener's response inside divine willing, making their accounts of agency diverge. | The rabbinic maxim that all is in Heaven's hands except fear of Heaven gives a pointed later formulation for the commentary's tension between the listener's responsibility and divine sovereignty.	87:10	"[{""line"": 43, ""strength"": ""medium"", ""tradition"": ""tevrat"", ""kind"": ""karsi_anlati"", ""ref"": ""Berakhot 33b"", ""basis"": ""what is in Heaven's hand and fear of Heaven"", ""note"": ""The Talmud says all is in Heaven's hands except fear of Heaven; the commentary, citing the Qur'anic qualification that remembrance depends on God's will, keeps the listener's response inside divine willing, making their accounts of agency diverge."", ""turn"": 1, ""model"": ""luna"", ""connection_id"": ""BC-1781ca0efbd719a4d785""}, {""line"": 70, ""strength"": ""medium"", ""tradition"": ""tevrat"", ""kind"": ""motif"", ""ref"": ""Berakhot 33b"", ""basis"": ""fear of Heaven and human responsibility"", ""note"": ""The rabbinic maxim that all is in Heaven's hands except fear of Heaven gives a pointed later formulation for the commentary's tension between the listener's responsibility and divine sovereignty."", ""turn"": 1, ""model"": ""terra"", ""connection_id"": ""BC-41719334ba39225d5b6a""}]"
Mishnah Avot 3:17	medium	tevrat	motif	wisdom and fear of sin as reciprocal	Rabbi Eleazar ben Azariah's reciprocal sayings deny both wisdom without fear of sin and fear of sin without wisdom, a later Jewish formulation for the commentary's claim that fear and recollection or knowledge can lead into one another.	87:10	"[{""line"": 113, ""strength"": ""medium"", ""tradition"": ""tevrat"", ""kind"": ""motif"", ""ref"": ""Mishnah Avot 3:17"", ""basis"": ""wisdom and fear of sin as reciprocal"", ""note"": ""Rabbi Eleazar ben Azariah's reciprocal sayings deny both wisdom without fear of sin and fear of sin without wisdom, a later Jewish formulation for the commentary's claim that fear and recollection or knowledge can lead into one another."", ""turn"": 2, ""model"": ""terra"", ""connection_id"": ""BC-77d76311b0041cf23025""}]"
Mishnah Avot 3:9	medium	tevrat	motif	fear of sin preceding wisdom	Rabbi Hanina ben Dosa says that wisdom endures when fear of sin precedes it, a later Jewish ethical formulation that sharpens the commentary's ordering of inward fear before receptive understanding.	87:10	"[{""line"": 68, ""strength"": ""medium"", ""tradition"": ""tevrat"", ""kind"": ""motif"", ""ref"": ""Mishnah Avot 3:9"", ""basis"": ""fear of sin preceding wisdom"", ""note"": ""Rabbi Hanina ben Dosa says that wisdom endures when fear of sin precedes it, a later Jewish ethical formulation that sharpens the commentary's ordering of inward fear before receptive understanding."", ""turn"": 1, ""model"": ""terra"", ""connection_id"": ""BC-2fc7e46f40211d6d4f63""}]"
Mishnah Berakhot 1:5	medium	tevrat	yorum_gelenegi	verbal remembrance of the exodus	The mishnah extends remembrance of the exodus into nighttime recitation, a Jewish liturgical interpretation that helps illuminate the commentary's passage from memory into spoken devotion.	87:10	"[{""line"": 69, ""strength"": ""medium"", ""tradition"": ""tevrat"", ""kind"": ""yorum_gelenegi"", ""ref"": ""Mishnah Berakhot 1:5"", ""basis"": ""verbal remembrance of the exodus"", ""note"": ""The mishnah extends remembrance of the exodus into nighttime recitation, a Jewish liturgical interpretation that helps illuminate the commentary's passage from memory into spoken devotion."", ""turn"": 1, ""model"": ""terra"", ""connection_id"": ""BC-8093cf946be20e8fa8c9""}]"
Sirach 1:14	medium	tevrat	motif	fear of the Lord as wisdom's beginning	Ben Sira calls fear of the Lord the beginning of wisdom and associates it with the faithful; this places reverence at the start of understanding, complementing the commentary's link between knowing and fear.	87:10	"[{""line"": 77, ""strength"": ""medium"", ""tradition"": ""tevrat"", ""kind"": ""motif"", ""ref"": ""Sirach 1:14"", ""basis"": ""fear of the Lord as wisdom's beginning"", ""note"": ""Ben Sira calls fear of the Lord the beginning of wisdom and associates it with the faithful; this places reverence at the start of understanding, complementing the commentary's link between knowing and fear."", ""turn"": 2, ""model"": ""luna"", ""connection_id"": ""BC-c337fd15b104dc42264e""}]"
Sirach 2:10	medium	tevrat	motif	remembering generations while fearing the Lord	Ben Sira tells those who fear the Lord to look at generations past and asks who trusted him and was forsaken; remembered precedent supports trust, joining memory and reverence in one argument.	87:10	"[{""line"": 40, ""strength"": ""medium"", ""tradition"": ""tevrat"", ""kind"": ""motif"", ""ref"": ""Sirach 2:10"", ""basis"": ""remembering generations while fearing the Lord"", ""note"": ""Ben Sira tells those who fear the Lord to look at generations past and asks who trusted him and was forsaken; remembered precedent supports trust, joining memory and reverence in one argument."", ""turn"": 1, ""model"": ""luna"", ""connection_id"": ""BC-1a67176bad44db65dfb5""}]"
Sirach 2:15	medium	tevrat	motif	fear of the Lord and obedience to words	Sirach says those who fear the Lord do not disobey his words and those who love him keep his ways, a compact Jewish counterpart to the commentary's fearful person who receives reminder in action.	87:10	"[{""line"": 114, ""strength"": ""medium"", ""tradition"": ""tevrat"", ""kind"": ""motif"", ""ref"": ""Sirach 2:15"", ""basis"": ""fear of the Lord and obedience to words"", ""note"": ""Sirach says those who fear the Lord do not disobey his words and those who love him keep his ways, a compact Jewish counterpart to the commentary's fearful person who receives reminder in action."", ""turn"": 2, ""model"": ""terra"", ""connection_id"": ""BC-bfe8eb0fcd86babe4e04""}]"
Sirach 2:7	medium	tevrat	motif	those fearing the Lord wait for mercy	Ben Sira tells those who fear the Lord to wait for his mercy and not turn aside; fear sustains a listener through delay rather than being only an immediate fright.	87:10	"[{""line"": 78, ""strength"": ""medium"", ""tradition"": ""tevrat"", ""kind"": ""motif"", ""ref"": ""Sirach 2:7"", ""basis"": ""those fearing the Lord wait for mercy"", ""note"": ""Ben Sira tells those who fear the Lord to wait for his mercy and not turn aside; fear sustains a listener through delay rather than being only an immediate fright."", ""turn"": 2, ""model"": ""luna"", ""connection_id"": ""BC-1e729802f8e8f477434c""}]"
WLC:2Kgs.22.19	strong	tevrat	motif	tender heart hearing the book | tender heart when book is heard	Josiah's heart is tender and he humbles himself when he hears the judgment read; the response depends on the hearer's disposition, as the commentary says the reminder works in the one who fears. | Josiah's tender, humbled heart responds when he hears the words of judgment from the book, supplying a biblical portrait of the inward disposition through which admonition takes effect.	87:10	"[{""line"": 3, ""strength"": ""strong"", ""tradition"": ""tevrat"", ""kind"": ""motif"", ""ref"": ""WLC:2Kgs.22.19"", ""basis"": ""tender heart hearing the book"", ""note"": ""Josiah's heart is tender and he humbles himself when he hears the judgment read; the response depends on the hearer's disposition, as the commentary says the reminder works in the one who fears."", ""turn"": 1, ""model"": ""luna"", ""connection_id"": ""BC-26b131b632b5f64b3fbc""}, {""line"": 9, ""strength"": ""strong"", ""tradition"": ""tevrat"", ""kind"": ""motif"", ""ref"": ""WLC:2Kgs.22.19"", ""basis"": ""tender heart when book is heard"", ""note"": ""Josiah's tender, humbled heart responds when he hears the words of judgment from the book, supplying a biblical portrait of the inward disposition through which admonition takes effect."", ""turn"": 1, ""model"": ""terra"", ""connection_id"": ""BC-dffb4659558d13110526""}]"
WLC:Deut.10.12	strong	tevrat	motif	fear expressed in walking, love, and service	Moses asks what YHWH requires and lists fearing him, walking his ways, loving and serving him, and keeping his commands; fear is an inward posture that issues in a whole course of action.	87:10	"[{""line"": 48, ""strength"": ""strong"", ""tradition"": ""tevrat"", ""kind"": ""motif"", ""ref"": ""WLC:Deut.10.12"", ""basis"": ""fear expressed in walking, love, and service"", ""note"": ""Moses asks what YHWH requires and lists fearing him, walking his ways, loving and serving him, and keeping his commands; fear is an inward posture that issues in a whole course of action."", ""turn"": 2, ""model"": ""luna"", ""connection_id"": ""BC-8666da7577912dfadd7a""}]"
WLC:Deut.17.19	strong	tevrat	motif	written Torah, daily reading, fear	The commentary joins a received text, reverent fear, and active response; the king reads the written Torah daily precisely to learn fear of YHWH and keep its words.	87:10	"[{""line"": 1, ""strength"": ""strong"", ""tradition"": ""tevrat"", ""kind"": ""motif"", ""ref"": ""WLC:Deut.17.19"", ""basis"": ""written Torah, daily reading, fear"", ""note"": ""The commentary joins a received text, reverent fear, and active response; the king reads the written Torah daily precisely to learn fear of YHWH and keep its words."", ""turn"": 1, ""model"": ""terra"", ""connection_id"": ""BC-5231588a65fd6653ee17""}]"
WLC:Deut.29.4	medium	tevrat	motif	heart to know, eyes to see, ears to hear	Moses says that Israel has not been given a heart to know, eyes to see, or ears to hear; this complicates and deepens the commentary's discussion of listenerly response as occurring within divine willing.	87:10	"[{""line"": 72, ""strength"": ""medium"", ""tradition"": ""tevrat"", ""kind"": ""motif"", ""ref"": ""WLC:Deut.29.4"", ""basis"": ""heart to know, eyes to see, ears to hear"", ""note"": ""Moses says that Israel has not been given a heart to know, eyes to see, or ears to hear; this complicates and deepens the commentary's discussion of listenerly response as occurring within divine willing."", ""turn"": 1, ""model"": ""terra"", ""connection_id"": ""BC-21cffca8395f17dc59aa""}]"
WLC:Deut.30.14	strong	tevrat	motif	word near in mouth and heart	The word is very near, in mouth and heart, in order to do it; this compactly mirrors the commentary's path from speech received inwardly to personal enactment.	87:10	"[{""line"": 80, ""strength"": ""strong"", ""tradition"": ""tevrat"", ""kind"": ""motif"", ""ref"": ""WLC:Deut.30.14"", ""basis"": ""word near in mouth and heart"", ""note"": ""The word is very near, in mouth and heart, in order to do it; this compactly mirrors the commentary's path from speech received inwardly to personal enactment."", ""turn"": 2, ""model"": ""terra"", ""connection_id"": ""BC-56dfd435fd59e9709c38""}]"
WLC:Deut.31.12	strong	tevrat	motif	hearing the Torah to learn fear	After the command to remind listeners, this assembly is told to hear and learn to fear YHWH, making reception of instruction a cultivated inner response.	87:10	"[{""line"": 2, ""strength"": ""strong"", ""tradition"": ""tevrat"", ""kind"": ""motif"", ""ref"": ""WLC:Deut.31.12"", ""basis"": ""hearing the Torah to learn fear"", ""note"": ""After the command to remind listeners, this assembly is told to hear and learn to fear YHWH, making reception of instruction a cultivated inner response."", ""turn"": 1, ""model"": ""luna"", ""connection_id"": ""BC-2c1c286aa474353492a9""}]"
WLC:Deut.31.13	strong	tevrat	motif	children hear and learn to fear	The children who have not known the Torah are to hear and learn fear of YHWH, showing that the decisive response is acquired by the hearer rather than inherited as a group label.	87:10	"[{""line"": 7, ""strength"": ""strong"", ""tradition"": ""tevrat"", ""kind"": ""motif"", ""ref"": ""WLC:Deut.31.13"", ""basis"": ""children hear and learn to fear"", ""note"": ""The children who have not known the Torah are to hear and learn fear of YHWH, showing that the decisive response is acquired by the hearer rather than inherited as a group label."", ""turn"": 1, ""model"": ""luna"", ""connection_id"": ""BC-ecebdc7b3c5730d2c307""}]"
WLC:Deut.31.19	strong	tevrat	motif	write, teach, put the song in mouths	YHWH commands Moses to write a song, teach it, and put it in Israel's mouths, a close Torah continuation of the commentary's concern that a transmitted word must be retained and voiced by its hearers.	87:10	"[{""line"": 81, ""strength"": ""strong"", ""tradition"": ""tevrat"", ""kind"": ""motif"", ""ref"": ""WLC:Deut.31.19"", ""basis"": ""write, teach, put the song in mouths"", ""note"": ""YHWH commands Moses to write a song, teach it, and put it in Israel's mouths, a close Torah continuation of the commentary's concern that a transmitted word must be retained and voiced by its hearers."", ""turn"": 2, ""model"": ""terra"", ""connection_id"": ""BC-6f63201e83e18c5ee539""}]"
WLC:Deut.31.21	medium	tevrat	motif	song not forgotten from descendants' mouths	YHWH's song is promised not to be forgotten from Israel's descendants' mouths, a Torah image for preserving a divinely given utterance across forgetting and recitation.	87:10	"[{""line"": 64, ""strength"": ""medium"", ""tradition"": ""tevrat"", ""kind"": ""motif"", ""ref"": ""WLC:Deut.31.21"", ""basis"": ""song not forgotten from descendants' mouths"", ""note"": ""YHWH's song is promised not to be forgotten from Israel's descendants' mouths, a Torah image for preserving a divinely given utterance across forgetting and recitation."", ""turn"": 1, ""model"": ""terra"", ""connection_id"": ""BC-c549e67aa97b89c4647e""}]"
WLC:Deut.4.9	strong	tevrat	motif	forgetting seen things, heart, transmission	Moses warns Israel not to forget what its eyes have seen or let it depart from the heart, then commands transmission to children; this closely joins the commentary's retained memory, opened perception, and outward reminder.	87:10	"[{""line"": 76, ""strength"": ""strong"", ""tradition"": ""tevrat"", ""kind"": ""motif"", ""ref"": ""WLC:Deut.4.9"", ""basis"": ""forgetting seen things, heart, transmission"", ""note"": ""Moses warns Israel not to forget what its eyes have seen or let it depart from the heart, then commands transmission to children; this closely joins the commentary's retained memory, opened perception, and outward reminder."", ""turn"": 2, ""model"": ""terra"", ""connection_id"": ""BC-19786500aa96b23e96af""}]"
WLC:Deut.6.12	strong	tevrat	motif	forgetting the God who brought Israel out	After warning Israel to beware when full and settled, Moses says not to forget YHWH who brought them from Egypt; remembered rescue corrects self-sufficiency and grounds response to instruction.	87:10	"[{""line"": 45, ""strength"": ""strong"", ""tradition"": ""tevrat"", ""kind"": ""motif"", ""ref"": ""WLC:Deut.6.12"", ""basis"": ""forgetting the God who brought Israel out"", ""note"": ""After warning Israel to beware when full and settled, Moses says not to forget YHWH who brought them from Egypt; remembered rescue corrects self-sufficiency and grounds response to instruction."", ""turn"": 2, ""model"": ""luna"", ""connection_id"": ""BC-29dcd81738405ed38288""}]"
WLC:Deut.6.6	strong	tevrat	motif	words upon the heart	The Torah requires its words to be upon the heart, a precise counterpart to the commentary's insistence that the listener must carry the reminder within rather than merely hear it pass by.	87:10	"[{""line"": 12, ""strength"": ""strong"", ""tradition"": ""tevrat"", ""kind"": ""motif"", ""ref"": ""WLC:Deut.6.6"", ""basis"": ""words upon the heart"", ""note"": ""The Torah requires its words to be upon the heart, a precise counterpart to the commentary's insistence that the listener must carry the reminder within rather than merely hear it pass by."", ""turn"": 1, ""model"": ""terra"", ""connection_id"": ""BC-d279c4a16350f0da9904""}]"
WLC:Deut.6.7	strong	tevrat	motif	repeat and speak the words	After the words are placed on the heart, they are repeated and spoken through daily life; this illuminates the commentary's path from inward remembrance back to voiced practice.	87:10	"[{""line"": 13, ""strength"": ""strong"", ""tradition"": ""tevrat"", ""kind"": ""motif"", ""ref"": ""WLC:Deut.6.7"", ""basis"": ""repeat and speak the words"", ""note"": ""After the words are placed on the heart, they are repeated and spoken through daily life; this illuminates the commentary's path from inward remembrance back to voiced practice."", ""turn"": 1, ""model"": ""terra"", ""connection_id"": ""BC-dcf674a485da94fc7664""}]"
WLC:Deut.8.11	strong	tevrat	motif	forgetting amid prosperity	Israel is warned not to forget YHWH by failing to keep his commands when prosperous, a concrete case where a hearer's inner memory determines whether the received teaching governs life.	87:10	"[{""line"": 46, ""strength"": ""strong"", ""tradition"": ""tevrat"", ""kind"": ""motif"", ""ref"": ""WLC:Deut.8.11"", ""basis"": ""forgetting amid prosperity"", ""note"": ""Israel is warned not to forget YHWH by failing to keep his commands when prosperous, a concrete case where a hearer's inner memory determines whether the received teaching governs life."", ""turn"": 2, ""model"": ""luna"", ""connection_id"": ""BC-c990b8bf553ebb7e0426""}]"
WLC:Deut.8.17	strong	tevrat	motif	claiming power for oneself | self-sufficient boast	The imagined heart says its own power made its wealth; this is a specific counterpart to the commentary's self-sufficient hearer who sees no lack and therefore has no reason to seek what was lost. | Israel's claim that its own power produced wealth gives the commentary's self-sufficient figure a close Torah counterpart: perceived sufficiency obscures dependence and remembrance.	87:10	"[{""line"": 47, ""strength"": ""strong"", ""tradition"": ""tevrat"", ""kind"": ""motif"", ""ref"": ""WLC:Deut.8.17"", ""basis"": ""claiming power for oneself"", ""note"": ""The imagined heart says its own power made its wealth; this is a specific counterpart to the commentary's self-sufficient hearer who sees no lack and therefore has no reason to seek what was lost."", ""turn"": 2, ""model"": ""luna"", ""connection_id"": ""BC-2db5d54592a5631a35a3""}, {""line"": 42, ""strength"": ""strong"", ""tradition"": ""tevrat"", ""kind"": ""motif"", ""ref"": ""WLC:Deut.8.17"", ""basis"": ""self-sufficient boast"", ""note"": ""Israel's claim that its own power produced wealth gives the commentary's self-sufficient figure a close Torah counterpart: perceived sufficiency obscures dependence and remembrance."", ""turn"": 1, ""model"": ""terra"", ""connection_id"": ""BC-8a160480ec7637518197""}]"
WLC:Deut.8.18	strong	tevrat	motif|soydas	source-commentary Arabic root label ذ ك ر; Hebrew זכר | remembering God rather than self-credit	The commentary labels the Arabic root ذ ك ر; Deuteronomy uses its Hebrew cognate זכר for remembering YHWH as the giver of Israel's power, recalling dependence rather than crediting oneself. | The command to remember YHWH as giver of power directly answers the self-credit of the preceding verse, like the commentary's call to recover what self-sufficiency refuses to see.	87:10	"[{""line"": 20, ""strength"": ""strong"", ""tradition"": ""tevrat"", ""kind"": ""soydas"", ""ref"": ""WLC:Deut.8.18"", ""basis"": ""source-commentary Arabic root label ذ ك ر; Hebrew זכר"", ""note"": ""The commentary labels the Arabic root ذ ك ر; Deuteronomy uses its Hebrew cognate זכר for remembering YHWH as the giver of Israel's power, recalling dependence rather than crediting oneself."", ""turn"": 1, ""model"": ""luna"", ""connection_id"": ""BC-2c8abb29418e0fcf0759""}, {""line"": 43, ""strength"": ""strong"", ""tradition"": ""tevrat"", ""kind"": ""motif"", ""ref"": ""WLC:Deut.8.18"", ""basis"": ""remembering God rather than self-credit"", ""note"": ""The command to remember YHWH as giver of power directly answers the self-credit of the preceding verse, like the commentary's call to recover what self-sufficiency refuses to see."", ""turn"": 1, ""model"": ""terra"", ""connection_id"": ""BC-5c3b70f799b2e7091a5a""}]"
WLC:Deut.8.2	strong	tevrat	motif|soydas	remembering the wilderness and testing the heart | ذ ك ر B003 and Hebrew זכר	Israel is told to remember the wilderness way because the testing disclosed what was in its heart and whether it would keep the command; recollection and inward orientation meet as in the commentary. | The source's ذ ك ر B003 label concerns active remembering; Israel is commanded to remember the wilderness way, whose testing disclosed what was in the heart and whether the people would keep command.	87:10	"[{""line"": 6, ""strength"": ""strong"", ""tradition"": ""tevrat"", ""kind"": ""motif"", ""ref"": ""WLC:Deut.8.2"", ""basis"": ""remembering the wilderness and testing the heart"", ""note"": ""Israel is told to remember the wilderness way because the testing disclosed what was in its heart and whether it would keep the command; recollection and inward orientation meet as in the commentary."", ""turn"": 1, ""model"": ""luna"", ""connection_id"": ""BC-7384d6ab61fce25f88f0""}, {""line"": 77, ""strength"": ""strong"", ""tradition"": ""tevrat"", ""kind"": ""soydas"", ""ref"": ""WLC:Deut.8.2"", ""basis"": ""ذ ك ر B003 and Hebrew זכר"", ""note"": ""The source's ذ ك ر B003 label concerns active remembering; Israel is commanded to remember the wilderness way, whose testing disclosed what was in the heart and whether the people would keep command."", ""turn"": 2, ""model"": ""terra"", ""connection_id"": ""BC-eac92c0f243897fce4e1""}]"
WLC:Eccl.12.1	strong	tevrat	motif	remember the Creator before evil days	Qohelet commands remembrance of the Creator while life still affords response, directly matching the commentary's contrast between present remembrance and regret after the time has passed.	87:10	"[{""line"": 40, ""strength"": ""strong"", ""tradition"": ""tevrat"", ""kind"": ""motif"", ""ref"": ""WLC:Eccl.12.1"", ""basis"": ""remember the Creator before evil days"", ""note"": ""Qohelet commands remembrance of the Creator while life still affords response, directly matching the commentary's contrast between present remembrance and regret after the time has passed."", ""turn"": 1, ""model"": ""terra"", ""connection_id"": ""BC-374bce00fc4e7821bbae""}]"
WLC:Exod.14.31	medium	tevrat	motif	fear and belief after Israel sees the deliverance	Israel sees YHWH's great power, then fears and believes; unlike the commentary's person who fears before seeing, this places fear after visible deliverance and makes the difference in timing clear.	87:10	"[{""line"": 32, ""strength"": ""medium"", ""tradition"": ""tevrat"", ""kind"": ""motif"", ""ref"": ""WLC:Exod.14.31"", ""basis"": ""fear and belief after Israel sees the deliverance"", ""note"": ""Israel sees YHWH's great power, then fears and believes; unlike the commentary's person who fears before seeing, this places fear after visible deliverance and makes the difference in timing clear."", ""turn"": 1, ""model"": ""luna"", ""connection_id"": ""BC-688ca893a0ae5c60214c""}]"
WLC:Exod.2.24	strong	tevrat	soydas	source-commentary Arabic root label ذ ك ر; Hebrew זכר	The commentary labels Arabic ذ ك ر; Exodus uses Hebrew זכר of God remembering his covenant and responding to Israel's groaning, a divine answer that contrasts with the hearer's own work of recollection.	87:10	"[{""line"": 23, ""strength"": ""strong"", ""tradition"": ""tevrat"", ""kind"": ""soydas"", ""ref"": ""WLC:Exod.2.24"", ""basis"": ""source-commentary Arabic root label ذ ك ر; Hebrew זכר"", ""note"": ""The commentary labels Arabic ذ ك ر; Exodus uses Hebrew זכר of God remembering his covenant and responding to Israel's groaning, a divine answer that contrasts with the hearer's own work of recollection."", ""turn"": 1, ""model"": ""luna"", ""connection_id"": ""BC-4a178051aa62316818d9""}]"
WLC:Exod.20.20	strong	tevrat	motif	fear placed before Israel to restrain sin | fear before God prevents sin	At Sinai Moses says the divine testing is meant to put fear before Israel so they do not sin; fear is an apprehension of divine presence that shapes what the hearer does. | Moses distinguishes immediate panic from fear of God set before Israel so that they do not sin, clarifying the commentary's distinction between ordinary fright and reverent, morally active fear.	87:10	"[{""line"": 26, ""strength"": ""strong"", ""tradition"": ""tevrat"", ""kind"": ""motif"", ""ref"": ""WLC:Exod.20.20"", ""basis"": ""fear placed before Israel to restrain sin"", ""note"": ""At Sinai Moses says the divine testing is meant to put fear before Israel so they do not sin; fear is an apprehension of divine presence that shapes what the hearer does."", ""turn"": 1, ""model"": ""luna"", ""connection_id"": ""BC-80d50ddf38aa0bd3bccb""}, {""line"": 30, ""strength"": ""strong"", ""tradition"": ""tevrat"", ""kind"": ""motif"", ""ref"": ""WLC:Exod.20.20"", ""basis"": ""fear before God prevents sin"", ""note"": ""Moses distinguishes immediate panic from fear of God set before Israel so that they do not sin, clarifying the commentary's distinction between ordinary fright and reverent, morally active fear."", ""turn"": 1, ""model"": ""terra"", ""connection_id"": ""BC-71fac18a043a53cd888a""}]"
WLC:Exod.20.8	strong	tevrat	soydas	ذ ك ر B003 and Hebrew זכר	The source label ذ ك ر B003 concerns remembering and holding; the Hebrew cognate זכר commands active Sabbath remembrance that takes ritual form in sanctifying the day.	87:10	"[{""line"": 17, ""strength"": ""strong"", ""tradition"": ""tevrat"", ""kind"": ""soydas"", ""ref"": ""WLC:Exod.20.8"", ""basis"": ""ذ ك ر B003 and Hebrew זכר"", ""note"": ""The source label ذ ك ر B003 concerns remembering and holding; the Hebrew cognate זכר commands active Sabbath remembrance that takes ritual form in sanctifying the day."", ""turn"": 1, ""model"": ""terra"", ""connection_id"": ""BC-dd72122976ad169207d2""}]"
WLC:Exod.7.13	strong	tevrat	karsi_anlati	Moses and Aaron before hardened Pharaoh	Against the commentary's Qur'anic scene of gentle speech offered in hope that Pharaoh may remember or fear, Exodus's shared mission reports Pharaoh's hardened heart and refusal to listen; the differing outcome is the point of the comparison.	87:10	"[{""line"": 34, ""strength"": ""strong"", ""tradition"": ""tevrat"", ""kind"": ""karsi_anlati"", ""ref"": ""WLC:Exod.7.13"", ""basis"": ""Moses and Aaron before hardened Pharaoh"", ""note"": ""Against the commentary's Qur'anic scene of gentle speech offered in hope that Pharaoh may remember or fear, Exodus's shared mission reports Pharaoh's hardened heart and refusal to listen; the differing outcome is the point of the comparison."", ""turn"": 1, ""model"": ""terra"", ""connection_id"": ""BC-6c251479b67043439e3d""}]"
WLC:Ezek.18.20	strong	tevrat	motif	each person bears own wrongdoing	The individual who sins bears his own iniquity, directly illuminating the commentary's insistence that the unresponsive hearer, rather than the warning messenger, carries the consequence.	87:10	"[{""line"": 51, ""strength"": ""strong"", ""tradition"": ""tevrat"", ""kind"": ""motif"", ""ref"": ""WLC:Ezek.18.20"", ""basis"": ""each person bears own wrongdoing"", ""note"": ""The individual who sins bears his own iniquity, directly illuminating the commentary's insistence that the unresponsive hearer, rather than the warning messenger, carries the consequence."", ""turn"": 1, ""model"": ""terra"", ""connection_id"": ""BC-a3ca109874eab4d02ca5""}]"
WLC:Ezek.3.10	strong	tevrat	motif	receive words in heart and hear with ears	Before Ezekiel speaks to others, he is commanded to receive all God's words in his heart and hear with his ears, directly distinguishing the inward receiver's work from the speaker's delivery.	87:10	"[{""line"": 83, ""strength"": ""strong"", ""tradition"": ""tevrat"", ""kind"": ""motif"", ""ref"": ""WLC:Ezek.3.10"", ""basis"": ""receive words in heart and hear with ears"", ""note"": ""Before Ezekiel speaks to others, he is commanded to receive all God's words in his heart and hear with his ears, directly distinguishing the inward receiver's work from the speaker's delivery."", ""turn"": 2, ""model"": ""terra"", ""connection_id"": ""BC-d2adfd702235be63dfe7""}]"
WLC:Ezek.3.19	strong	tevrat	motif	watchman's warning and hearer's refusal	Like the commentary's limit on the messenger's task, Ezekiel has warned the wicked; if the hearer does not turn, he dies for his own wrong while the watchman is delivered.	87:10	"[{""line"": 3, ""strength"": ""strong"", ""tradition"": ""tevrat"", ""kind"": ""motif"", ""ref"": ""WLC:Ezek.3.19"", ""basis"": ""watchman's warning and hearer's refusal"", ""note"": ""Like the commentary's limit on the messenger's task, Ezekiel has warned the wicked; if the hearer does not turn, he dies for his own wrong while the watchman is delivered."", ""turn"": 1, ""model"": ""terra"", ""connection_id"": ""BC-e188f5640cf350ed4475""}]"
WLC:Ezek.33.31	strong	tevrat	motif	hear words but heart pursues gain	The people sit before Ezekiel and hear his words but do not do them because their hearts pursue gain, a direct scene of speech reaching listeners without becoming received instruction.	87:10	"[{""line"": 4, ""strength"": ""strong"", ""tradition"": ""tevrat"", ""kind"": ""motif"", ""ref"": ""WLC:Ezek.33.31"", ""basis"": ""hear words but heart pursues gain"", ""note"": ""The people sit before Ezekiel and hear his words but do not do them because their hearts pursue gain, a direct scene of speech reaching listeners without becoming received instruction."", ""turn"": 1, ""model"": ""terra"", ""connection_id"": ""BC-2692ac9d1652f8d43f49""}]"
WLC:Ezek.33.32	strong	tevrat	motif	words treated as a pleasant song	The audience treats Ezekiel's message like a beautiful song and hears its words without doing them, a distinct continuation of the commentary's distinction between an utterance arriving and a listener actually taking it up.	87:10	"[{""line"": 84, ""strength"": ""strong"", ""tradition"": ""tevrat"", ""kind"": ""motif"", ""ref"": ""WLC:Ezek.33.32"", ""basis"": ""words treated as a pleasant song"", ""note"": ""The audience treats Ezekiel's message like a beautiful song and hears its words without doing them, a distinct continuation of the commentary's distinction between an utterance arriving and a listener actually taking it up."", ""turn"": 2, ""model"": ""terra"", ""connection_id"": ""BC-72eb4ed8d34878e101fd""}]"
WLC:Gen.22.12	strong	tevrat	motif	fear known through costly obedience	The angel says Abraham's fear of God is now known because he did not withhold his son; fear is disclosed by a concrete response, not a group identity or mere claim.	87:10	"[{""line"": 49, ""strength"": ""strong"", ""tradition"": ""tevrat"", ""kind"": ""motif"", ""ref"": ""WLC:Gen.22.12"", ""basis"": ""fear known through costly obedience"", ""note"": ""The angel says Abraham's fear of God is now known because he did not withhold his son; fear is disclosed by a concrete response, not a group identity or mere claim."", ""turn"": 2, ""model"": ""luna"", ""connection_id"": ""BC-46678d145d4e60d77727""}]"
WLC:Hab.3.16	medium	tevrat	motif	body trembling on hearing	Habakkuk's body and lips tremble when he hears, a concrete parallel to the commentary's account of hearing that first causes bodily trembling before a later inward response.	87:10	"[{""line"": 58, ""strength"": ""medium"", ""tradition"": ""tevrat"", ""kind"": ""motif"", ""ref"": ""WLC:Hab.3.16"", ""basis"": ""body trembling on hearing"", ""note"": ""Habakkuk's body and lips tremble when he hears, a concrete parallel to the commentary's account of hearing that first causes bodily trembling before a later inward response."", ""turn"": 1, ""model"": ""terra"", ""connection_id"": ""BC-fc493d47145e496a2b13""}]"
WLC:Hab.3.2	strong	tevrat	motif	heard report producing fear	Habakkuk hears YHWH's report and responds with awe, supplying the inverse sequence explicitly considered in the commentary: revelation remembered or heard can awaken fear.	87:10	"[{""line"": 35, ""strength"": ""strong"", ""tradition"": ""tevrat"", ""kind"": ""motif"", ""ref"": ""WLC:Hab.3.2"", ""basis"": ""heard report producing fear"", ""note"": ""Habakkuk hears YHWH's report and responds with awe, supplying the inverse sequence explicitly considered in the commentary: revelation remembered or heard can awaken fear."", ""turn"": 1, ""model"": ""terra"", ""connection_id"": ""BC-1a5c429588f3c0642b38""}]"
WLC:Hos.3.5	strong	tevrat	motif	seeking YHWH with trembling in the latter days	In the latter days Israel will seek YHWH and David their king and come trembling to YHWH and his goodness; fear is a movement toward seeking, not mere flight.	87:10	"[{""line"": 59, ""strength"": ""strong"", ""tradition"": ""tevrat"", ""kind"": ""motif"", ""ref"": ""WLC:Hos.3.5"", ""basis"": ""seeking YHWH with trembling in the latter days"", ""note"": ""In the latter days Israel will seek YHWH and David their king and come trembling to YHWH and his goodness; fear is a movement toward seeking, not mere flight."", ""turn"": 2, ""model"": ""luna"", ""connection_id"": ""BC-23bc6afea635cc09cc9b""}]"
WLC:Isa.29.13	medium	tevrat	motif	lips honor while the heart is far away | lips near, heart distant, learned fear	Isaiah condemns a fear of God taught as human precept when the heart remains distant, a precise warning against treating outward religious speech as the inward fear that receives the reminder. | Isaiah contrasts lip service and a distant heart with a fear learned as human command, a counter-image to the commentary's knowledge-born, inwardly real reverence.	87:10	"[{""line"": 31, ""strength"": ""medium"", ""tradition"": ""tevrat"", ""kind"": ""motif"", ""ref"": ""WLC:Isa.29.13"", ""basis"": ""lips honor while the heart is far away"", ""note"": ""Isaiah condemns a fear of God taught as human precept when the heart remains distant, a precise warning against treating outward religious speech as the inward fear that receives the reminder."", ""turn"": 1, ""model"": ""luna"", ""connection_id"": ""BC-e5bd581d81ec26e4eda7""}, {""line"": 73, ""strength"": ""medium"", ""tradition"": ""tevrat"", ""kind"": ""motif"", ""ref"": ""WLC:Isa.29.13"", ""basis"": ""lips near, heart distant, learned fear"", ""note"": ""Isaiah contrasts lip service and a distant heart with a fear learned as human command, a counter-image to the commentary's knowledge-born, inwardly real reverence."", ""raw_ref"": ""WLC:Is.29.13"", ""reference_resolution"": ""edition-book-names-v2"", ""turn"": 1, ""model"": ""terra"", ""connection_id"": ""BC-323e209dd2eb5db60dbd""}]"
WLC:Isa.40.8	strong	tevrat	motif	withering grass and abiding word	The grass withers while God's word stands forever, a close counterpart to the surah's meadow turning to refuse and the commentary's contrast between perishing natural forms and a retained divine word.	87:10	"[{""line"": 53, ""strength"": ""strong"", ""tradition"": ""tevrat"", ""kind"": ""motif"", ""ref"": ""WLC:Isa.40.8"", ""basis"": ""withering grass and abiding word"", ""note"": ""The grass withers while God's word stands forever, a close counterpart to the surah's meadow turning to refuse and the commentary's contrast between perishing natural forms and a retained divine word."", ""raw_ref"": ""WLC:Is.40.8"", ""reference_resolution"": ""edition-book-names-v2"", ""turn"": 1, ""model"": ""terra"", ""connection_id"": ""BC-ca5c1f37e1598b88d73e""}]"
WLC:Isa.50.10	strong	tevrat	motif	fearing YHWH while walking without light	Isaiah describes the person who fears YHWH, obeys the servant's voice, and walks in darkness without light yet trusts God's name; this concretely joins fear, hearing, and trust before visible resolution.	87:10	"[{""line"": 50, ""strength"": ""strong"", ""tradition"": ""tevrat"", ""kind"": ""motif"", ""ref"": ""WLC:Isa.50.10"", ""basis"": ""fearing YHWH while walking without light"", ""note"": ""Isaiah describes the person who fears YHWH, obeys the servant's voice, and walks in darkness without light yet trusts God's name; this concretely joins fear, hearing, and trust before visible resolution."", ""turn"": 2, ""model"": ""luna"", ""connection_id"": ""BC-33f73340bd67066d58f0""}]"
WLC:Isa.55.6	strong	tevrat	motif	seeking while God may be found	The command to seek YHWH while he may be found gives the commentary's contrast between timely recollection and uselessly late regret a sharp prophetic formulation.	87:10	"[{""line"": 92, ""strength"": ""strong"", ""tradition"": ""tevrat"", ""kind"": ""motif"", ""ref"": ""WLC:Isa.55.6"", ""basis"": ""seeking while God may be found"", ""note"": ""The command to seek YHWH while he may be found gives the commentary's contrast between timely recollection and uselessly late regret a sharp prophetic formulation."", ""raw_ref"": ""WLC:Is.55.6"", ""reference_resolution"": ""edition-book-names-v2"", ""turn"": 2, ""model"": ""terra"", ""connection_id"": ""BC-b81f5f4e1350013ec53f""}]"
WLC:Isa.6.10	strong	tevrat	motif	heart, ears, eyes, and turning	Isaiah's hardened heart, heavy ears, and shut eyes prevent hearing, seeing, understanding, and turning; it is the negative counterpart to the commentary's inward alertness becoming sight.	87:10	"[{""line"": 23, ""strength"": ""strong"", ""tradition"": ""tevrat"", ""kind"": ""motif"", ""ref"": ""WLC:Isa.6.10"", ""basis"": ""heart, ears, eyes, and turning"", ""note"": ""Isaiah's hardened heart, heavy ears, and shut eyes prevent hearing, seeing, understanding, and turning; it is the negative counterpart to the commentary's inward alertness becoming sight."", ""raw_ref"": ""WLC:Is.6.10"", ""reference_resolution"": ""edition-book-names-v2"", ""turn"": 1, ""model"": ""terra"", ""connection_id"": ""BC-fd59994f177f37227d84""}]"
WLC:Isa.66.2	strong	tevrat	motif	trembling at the divine word | trembling at the word	The commentary makes inward reverent fear the condition for receiving the reminder; Isaiah says God regards the humble, contrite person who trembles at his word. | The commentary's unnamed listener is defined by an inward reverence rather than a social label; Isaiah likewise singles out the humble and contrite person who trembles at YHWH's word.	87:10	"[{""line"": 1, ""strength"": ""strong"", ""tradition"": ""tevrat"", ""kind"": ""motif"", ""ref"": ""WLC:Isa.66.2"", ""basis"": ""trembling at the divine word"", ""note"": ""The commentary makes inward reverent fear the condition for receiving the reminder; Isaiah says God regards the humble, contrite person who trembles at his word."", ""turn"": 1, ""model"": ""luna"", ""connection_id"": ""BC-6626e983ccb747145e8e""}, {""line"": 2, ""strength"": ""strong"", ""tradition"": ""tevrat"", ""kind"": ""motif"", ""ref"": ""WLC:Isa.66.2"", ""basis"": ""trembling at the word"", ""note"": ""The commentary's unnamed listener is defined by an inward reverence rather than a social label; Isaiah likewise singles out the humble and contrite person who trembles at YHWH's word."", ""raw_ref"": ""WLC:Is.66.2"", ""reference_resolution"": ""edition-book-names-v2"", ""turn"": 1, ""model"": ""terra"", ""connection_id"": ""BC-3abfb4f9e0d66d62e56d""}]"
WLC:Isa.66.24	strong	tevrat	motif	undying worm and unquenched fire	Isaiah's final vision of the rebels' worm not dying and fire not being quenched directly accompanies the commentary's extension from rejected reminder to a fire in which escape from consequence is no longer possible.	87:10	"[{""line"": 93, ""strength"": ""strong"", ""tradition"": ""tevrat"", ""kind"": ""motif"", ""ref"": ""WLC:Isa.66.24"", ""basis"": ""undying worm and unquenched fire"", ""note"": ""Isaiah's final vision of the rebels' worm not dying and fire not being quenched directly accompanies the commentary's extension from rejected reminder to a fire in which escape from consequence is no longer possible."", ""raw_ref"": ""WLC:Is.66.24"", ""reference_resolution"": ""edition-book-names-v2"", ""turn"": 2, ""model"": ""terra"", ""connection_id"": ""BC-8506d15f9e2dc42081de""}]"
WLC:Isa.66.5	strong	tevrat	motif	hearers who tremble at the word under pressure	Isaiah addresses those who tremble at YHWH's word even as their own brothers cast them out; the verse shows reception of the word persisting when the surrounding community rejects them.	87:10	"[{""line"": 58, ""strength"": ""strong"", ""tradition"": ""tevrat"", ""kind"": ""motif"", ""ref"": ""WLC:Isa.66.5"", ""basis"": ""hearers who tremble at the word under pressure"", ""note"": ""Isaiah addresses those who tremble at YHWH's word even as their own brothers cast them out; the verse shows reception of the word persisting when the surrounding community rejects them."", ""turn"": 2, ""model"": ""luna"", ""connection_id"": ""BC-d12a38204583b57b61b3""}]"
WLC:Isa.8.13	strong	tevrat	motif	YHWH himself as the one to fear	Isaiah redirects fear toward the holy Lord of hosts; it supplies an explicit object for the commentary's deliberately uncompleted “whoever fears” and frames awe as response to the transcendent.	87:10	"[{""line"": 51, ""strength"": ""strong"", ""tradition"": ""tevrat"", ""kind"": ""motif"", ""ref"": ""WLC:Isa.8.13"", ""basis"": ""YHWH himself as the one to fear"", ""note"": ""Isaiah redirects fear toward the holy Lord of hosts; it supplies an explicit object for the commentary's deliberately uncompleted “whoever fears” and frames awe as response to the transcendent."", ""turn"": 2, ""model"": ""luna"", ""connection_id"": ""BC-babdedf74f43a7dc2f28""}]"
WLC:Jer.24.7	strong	tevrat	motif	heart to know and return	YHWH gives the exiles a heart to know him, and they return with their whole heart; this supplies a positive prophetic counterpart to the commentary's inward capacity for recognition and response.	87:10	"[{""line"": 91, ""strength"": ""strong"", ""tradition"": ""tevrat"", ""kind"": ""motif"", ""ref"": ""WLC:Jer.24.7"", ""basis"": ""heart to know and return"", ""note"": ""YHWH gives the exiles a heart to know him, and they return with their whole heart; this supplies a positive prophetic counterpart to the commentary's inward capacity for recognition and response."", ""turn"": 2, ""model"": ""terra"", ""connection_id"": ""BC-4653ffb717d78118ee3b""}]"
WLC:Jer.31.33	strong	tevrat	motif	Torah written within the heart	The new covenant places Torah within the people and writes it on their hearts, an especially close counterpart to the commentary's insistence that the reminder must become an inner possession of the listener.	87:10	"[{""line"": 82, ""strength"": ""strong"", ""tradition"": ""tevrat"", ""kind"": ""motif"", ""ref"": ""WLC:Jer.31.33"", ""basis"": ""Torah written within the heart"", ""note"": ""The new covenant places Torah within the people and writes it on their hearts, an especially close counterpart to the commentary's insistence that the reminder must become an inner possession of the listener."", ""turn"": 2, ""model"": ""terra"", ""connection_id"": ""BC-09943e0145d23ad2f96d""}]"
WLC:Jer.32.40	strong	tevrat	motif	fear placed in hearts so they will not turn away | fear placed within the heart	God promises to put fear in the people's hearts to keep them from turning away; this gives the disposition a divine source, sharpening the commentary's account of listener agency within God's will. | YHWH promises to place his fear in the people's hearts so that they will not turn away, paralleling the commentary's presentation of fear as an enduring inward condition that yields faithful response.	87:10	"[{""line"": 30, ""strength"": ""medium"", ""tradition"": ""tevrat"", ""kind"": ""motif"", ""ref"": ""WLC:Jer.32.40"", ""basis"": ""fear placed in hearts so they will not turn away"", ""note"": ""God promises to put fear in the people's hearts to keep them from turning away; this gives the disposition a divine source, sharpening the commentary's account of listener agency within God's will."", ""turn"": 1, ""model"": ""luna"", ""connection_id"": ""BC-7bd95c08c8fc6e511c1e""}, {""line"": 28, ""strength"": ""strong"", ""tradition"": ""tevrat"", ""kind"": ""motif"", ""ref"": ""WLC:Jer.32.40"", ""basis"": ""fear placed within the heart"", ""note"": ""YHWH promises to place his fear in the people's hearts so that they will not turn away, paralleling the commentary's presentation of fear as an enduring inward condition that yields faithful response."", ""turn"": 1, ""model"": ""terra"", ""connection_id"": ""BC-a6b6bc77d7ae89656272""}]"
WLC:Jer.5.22	strong	tevrat	motif	the Creator's boundary for the sea	The sea's fixed limit is given as evidence of YHWH's power, followed by the question whether people will fear him; the created order grounds the reverence that the surah's opening creation signs also invite.	87:10	"[{""line"": 52, ""strength"": ""strong"", ""tradition"": ""tevrat"", ""kind"": ""motif"", ""ref"": ""WLC:Jer.5.22"", ""basis"": ""the Creator's boundary for the sea"", ""note"": ""The sea's fixed limit is given as evidence of YHWH's power, followed by the question whether people will fear him; the created order grounds the reverence that the surah's opening creation signs also invite."", ""turn"": 2, ""model"": ""luna"", ""connection_id"": ""BC-77262ea948bbc3ba6a4c""}]"
WLC:Jer.5.24	strong	tevrat	motif	failure to say in the heart, “let us fear”	Despite seasonal rain and harvest, the people do not say in their hearts that they should fear YHWH; this locates the missing response inwardly even when signs are present.	87:10	"[{""line"": 53, ""strength"": ""strong"", ""tradition"": ""tevrat"", ""kind"": ""motif"", ""ref"": ""WLC:Jer.5.24"", ""basis"": ""failure to say in the heart, “let us fear”"", ""note"": ""Despite seasonal rain and harvest, the people do not say in their hearts that they should fear YHWH; this locates the missing response inwardly even when signs are present."", ""turn"": 2, ""model"": ""luna"", ""connection_id"": ""BC-1b0f006720d522b3b801""}]"
WLC:Job.28.28	strong	tevrat	motif	fear and turning from evil as wisdom | fear as wisdom and understanding	Job identifies fear of the Lord with wisdom and turning from evil with understanding, connecting reverence to both knowing and a changed course. | Job identifies fear of the Lord with wisdom and turning from evil with understanding, directly supporting the commentary's claim that reverent fear is bound to knowledge rather than mere fright.	87:10	"[{""line"": 25, ""strength"": ""strong"", ""tradition"": ""tevrat"", ""kind"": ""motif"", ""ref"": ""WLC:Job.28.28"", ""basis"": ""fear and turning from evil as wisdom"", ""note"": ""Job identifies fear of the Lord with wisdom and turning from evil with understanding, connecting reverence to both knowing and a changed course."", ""turn"": 1, ""model"": ""luna"", ""connection_id"": ""BC-223b439e1c511022d798""}, {""line"": 26, ""strength"": ""strong"", ""tradition"": ""tevrat"", ""kind"": ""motif"", ""ref"": ""WLC:Job.28.28"", ""basis"": ""fear as wisdom and understanding"", ""note"": ""Job identifies fear of the Lord with wisdom and turning from evil with understanding, directly supporting the commentary's claim that reverent fear is bound to knowledge rather than mere fright."", ""turn"": 1, ""model"": ""terra"", ""connection_id"": ""BC-c265715a222f8b405d19""}]"
WLC:Josh.1.8	strong	tevrat	motif	book in mouth, meditation, doing	Joshua is told to keep the book on his mouth, meditate on it continually, and do it, a compact analogue for the commentary's movement from transmitted speech through inner recollection to action.	87:10	"[{""line"": 14, ""strength"": ""strong"", ""tradition"": ""tevrat"", ""kind"": ""motif"", ""ref"": ""WLC:Josh.1.8"", ""basis"": ""book in mouth, meditation, doing"", ""note"": ""Joshua is told to keep the book on his mouth, meditate on it continually, and do it, a compact analogue for the commentary's movement from transmitted speech through inner recollection to action."", ""turn"": 1, ""model"": ""terra"", ""connection_id"": ""BC-b8c1bf02a056ab811787""}]"
WLC:Josh.4.24	strong	tevrat	motif	memorial stones leading to fear	The stones recall Israel's crossing so peoples know YHWH's strong hand and Israel fears him always, concretely linking retained memory with reverent fear.	87:10	"[{""line"": 5, ""strength"": ""strong"", ""tradition"": ""tevrat"", ""kind"": ""motif"", ""ref"": ""WLC:Josh.4.24"", ""basis"": ""memorial stones leading to fear"", ""note"": ""The stones recall Israel's crossing so peoples know YHWH's strong hand and Israel fears him always, concretely linking retained memory with reverent fear."", ""turn"": 1, ""model"": ""luna"", ""connection_id"": ""BC-1e0246c4699cb59c0963""}]"
WLC:Josh.4.7	strong	tevrat	soydas	source-commentary Arabic root label ذ ك ر; Hebrew זכרון	The commentary labels ذ ك ر for remembering; Joshua calls the stones a זכרון, a memorial of the crossing, so a retained sign carries the past forward and leads in verse 24 to fear.	87:10	"[{""line"": 21, ""strength"": ""strong"", ""tradition"": ""tevrat"", ""kind"": ""soydas"", ""ref"": ""WLC:Josh.4.7"", ""basis"": ""source-commentary Arabic root label ذ ك ر; Hebrew זכרון"", ""note"": ""The commentary labels ذ ك ر for remembering; Joshua calls the stones a זכרון, a memorial of the crossing, so a retained sign carries the past forward and leads in verse 24 to fear."", ""turn"": 1, ""model"": ""luna"", ""connection_id"": ""BC-681ec51f4170afb52200""}]"
WLC:Mal.3.16	strong	tevrat	motif|soydas	those fearing YHWH and a book of remembrance | זכרון, fearers, and speech	Those who fear YHWH speak together, are heard, and have a memorial written before God; this joins the commentary's inward fear to its account of remembering and preserving what might otherwise be lost. | Those who fear YHWH speak with one another, and a book of remembrance is written before him; the Hebrew זכר family brings together fear, voiced attention, and memorial record.	87:10	"[{""line"": 4, ""strength"": ""strong"", ""tradition"": ""tevrat"", ""kind"": ""motif"", ""ref"": ""WLC:Mal.3.16"", ""basis"": ""those fearing YHWH and a book of remembrance"", ""note"": ""Those who fear YHWH speak together, are heard, and have a memorial written before God; this joins the commentary's inward fear to its account of remembering and preserving what might otherwise be lost."", ""turn"": 1, ""model"": ""luna"", ""connection_id"": ""BC-4cbd072c25fb118cdee8""}, {""line"": 18, ""strength"": ""strong"", ""tradition"": ""tevrat"", ""kind"": ""soydas"", ""ref"": ""WLC:Mal.3.16"", ""basis"": ""זכרון, fearers, and speech"", ""note"": ""Those who fear YHWH speak with one another, and a book of remembrance is written before him; the Hebrew זכר family brings together fear, voiced attention, and memorial record."", ""turn"": 1, ""model"": ""terra"", ""connection_id"": ""BC-6186cf7d2853af2293ad""}]"
WLC:Mal.3.22	strong	tevrat	soydas	ذ ك ر B003, Moses's Torah	The Hebrew command זכרו calls Israel to remember Moses's Torah; beside the surah's final scrolls of Moses, it makes remembrance an explicit return to a received written instruction.	87:10	"[{""line"": 79, ""strength"": ""strong"", ""tradition"": ""tevrat"", ""kind"": ""soydas"", ""ref"": ""WLC:Mal.3.22"", ""basis"": ""ذ ك ر B003, Moses's Torah"", ""note"": ""The Hebrew command זכרו calls Israel to remember Moses's Torah; beside the surah's final scrolls of Moses, it makes remembrance an explicit return to a received written instruction."", ""turn"": 2, ""model"": ""terra"", ""connection_id"": ""BC-3c1056d2b87718a086f9""}]"
WLC:Num.15.39	strong	tevrat	soydas	ذ ك ر B003 and Hebrew זכר	The tassel is seen so that Israel remembers all YHWH's commandments and does them, giving the commentary's reminder-and-response dynamic a concrete visual and bodily form.	87:10	"[{""line"": 78, ""strength"": ""strong"", ""tradition"": ""tevrat"", ""kind"": ""soydas"", ""ref"": ""WLC:Num.15.39"", ""basis"": ""ذ ك ر B003 and Hebrew זכר"", ""note"": ""The tassel is seen so that Israel remembers all YHWH's commandments and does them, giving the commentary's reminder-and-response dynamic a concrete visual and bodily form."", ""turn"": 2, ""model"": ""terra"", ""connection_id"": ""BC-173777326c977f7dd810""}]"
WLC:Prov.1.24	strong	tevrat	motif	wisdom's call refused	Personified Wisdom calls and stretches out a hand but is refused, a pointed counterpart to the commentary's reminder that can be offered by a speaker yet passed by by its audience.	87:10	"[{""line"": 36, ""strength"": ""strong"", ""tradition"": ""tevrat"", ""kind"": ""motif"", ""ref"": ""WLC:Prov.1.24"", ""basis"": ""wisdom's call refused"", ""note"": ""Personified Wisdom calls and stretches out a hand but is refused, a pointed counterpart to the commentary's reminder that can be offered by a speaker yet passed by by its audience."", ""turn"": 1, ""model"": ""terra"", ""connection_id"": ""BC-cdb3fe5f1f45457abca3""}]"
WLC:Prov.1.28	strong	tevrat	motif	late appeal unanswered	After calamity those who rejected Wisdom call and seek, but receive no answer; it closely parallels the commentary's warning that remembrance after the decisive moment no longer benefits.	87:10	"[{""line"": 37, ""strength"": ""strong"", ""tradition"": ""tevrat"", ""kind"": ""motif"", ""ref"": ""WLC:Prov.1.28"", ""basis"": ""late appeal unanswered"", ""note"": ""After calamity those who rejected Wisdom call and seek, but receive no answer; it closely parallels the commentary's warning that remembrance after the decisive moment no longer benefits."", ""turn"": 1, ""model"": ""terra"", ""connection_id"": ""BC-bf3c690f57494f8a0f18""}]"
WLC:Prov.1.29	strong	tevrat	motif	rejecting knowledge and fear	The refusal of Wisdom is explained as hatred of knowledge and refusal to choose fear of YHWH, tightly combining the commentary's two central inward conditions.	87:10	"[{""line"": 38, ""strength"": ""strong"", ""tradition"": ""tevrat"", ""kind"": ""motif"", ""ref"": ""WLC:Prov.1.29"", ""basis"": ""rejecting knowledge and fear"", ""note"": ""The refusal of Wisdom is explained as hatred of knowledge and refusal to choose fear of YHWH, tightly combining the commentary's two central inward conditions."", ""turn"": 1, ""model"": ""terra"", ""connection_id"": ""BC-7bddc0f2335a4f6d7b21""}]"
WLC:Prov.1.7	strong	tevrat	motif	fear of YHWH as the beginning of knowledge	Proverbs makes fear of YHWH the beginning of knowledge and contrasts it with despising instruction; this links the commentary's knowledge-laden fear to readiness to receive a reminder.	87:10	"[{""line"": 24, ""strength"": ""strong"", ""tradition"": ""tevrat"", ""kind"": ""motif"", ""ref"": ""WLC:Prov.1.7"", ""basis"": ""fear of YHWH as the beginning of knowledge"", ""note"": ""Proverbs makes fear of YHWH the beginning of knowledge and contrasts it with despising instruction; this links the commentary's knowledge-laden fear to readiness to receive a reminder."", ""turn"": 1, ""model"": ""luna"", ""connection_id"": ""BC-2597e52610580887606a""}]"
WLC:Prov.2.1	strong	tevrat	motif	receiving sayings and treasuring commandments	Wisdom begins when the addressee receives sayings and treasures commandments within, a precise sapiential analogue to the commentary's active holding of what the reminder offers.	87:10	"[{""line"": 85, ""strength"": ""strong"", ""tradition"": ""tevrat"", ""kind"": ""motif"", ""ref"": ""WLC:Prov.2.1"", ""basis"": ""receiving sayings and treasuring commandments"", ""note"": ""Wisdom begins when the addressee receives sayings and treasures commandments within, a precise sapiential analogue to the commentary's active holding of what the reminder offers."", ""turn"": 2, ""model"": ""terra"", ""connection_id"": ""BC-578a170b4e68643d520e""}]"
WLC:Prov.2.5	strong	tevrat	motif	understanding fear and finding knowledge	The result of Wisdom's sought instruction is understanding the fear of YHWH and finding knowledge of God, closely matching the commentary's interrelation of remembered instruction, knowing, and reverent fear.	87:10	"[{""line"": 86, ""strength"": ""strong"", ""tradition"": ""tevrat"", ""kind"": ""motif"", ""ref"": ""WLC:Prov.2.5"", ""basis"": ""understanding fear and finding knowledge"", ""note"": ""The result of Wisdom's sought instruction is understanding the fear of YHWH and finding knowledge of God, closely matching the commentary's interrelation of remembered instruction, knowing, and reverent fear."", ""turn"": 2, ""model"": ""terra"", ""connection_id"": ""BC-178bc735884d1705496d""}]"
WLC:Prov.28.14	strong	tevrat	motif	continual fear versus hardened heart	The one who fears continually is blessed, while the one who hardens the heart falls into calamity; this directly pairs the commentary's sustaining fear with its contrary inward closure.	87:10	"[{""line"": 87, ""strength"": ""strong"", ""tradition"": ""tevrat"", ""kind"": ""motif"", ""ref"": ""WLC:Prov.28.14"", ""basis"": ""continual fear versus hardened heart"", ""note"": ""The one who fears continually is blessed, while the one who hardens the heart falls into calamity; this directly pairs the commentary's sustaining fear with its contrary inward closure."", ""turn"": 2, ""model"": ""terra"", ""connection_id"": ""BC-46c90df9b4cc3503019b""}]"
WLC:Ps.103.17	strong	tevrat	motif	steadfast mercy toward those who fear YHWH	The psalm describes enduring mercy as belonging to those who fear YHWH, then the next verse describes covenant-keepers who remember his commands; the two verses join inward reverence to active remembrance.	87:10	"[{""line"": 27, ""strength"": ""strong"", ""tradition"": ""tevrat"", ""kind"": ""motif"", ""ref"": ""WLC:Ps.103.17"", ""basis"": ""steadfast mercy toward those who fear YHWH"", ""note"": ""The psalm describes enduring mercy as belonging to those who fear YHWH, then the next verse describes covenant-keepers who remember his commands; the two verses join inward reverence to active remembrance."", ""turn"": 1, ""model"": ""luna"", ""connection_id"": ""BC-ebccd146068a9820efcb""}]"
WLC:Ps.103.18	strong	tevrat	soydas	source-commentary Arabic root label ذ ك ر; Hebrew זכר	The commentary's Arabic root label is ذ ك ر; the psalm uses Hebrew זכר for remembering God's precepts and doing them, joining memory to enacted obedience.	87:10	"[{""line"": 22, ""strength"": ""strong"", ""tradition"": ""tevrat"", ""kind"": ""soydas"", ""ref"": ""WLC:Ps.103.18"", ""basis"": ""source-commentary Arabic root label ذ ك ر; Hebrew זכר"", ""note"": ""The commentary's Arabic root label is ذ ك ر; the psalm uses Hebrew זכר for remembering God's precepts and doing them, joining memory to enacted obedience."", ""turn"": 1, ""model"": ""luna"", ""connection_id"": ""BC-81585d044c649609c691""}]"
WLC:Ps.103.2	strong	tevrat	motif	praise joined to not forgetting benefits	The soul blesses YHWH by not forgetting his benefits, making praise itself an answer to retained memory as in the commentary's zikir moving back into speech.	87:10	"[{""line"": 47, ""strength"": ""strong"", ""tradition"": ""tevrat"", ""kind"": ""motif"", ""ref"": ""WLC:Ps.103.2"", ""basis"": ""praise joined to not forgetting benefits"", ""note"": ""The soul blesses YHWH by not forgetting his benefits, making praise itself an answer to retained memory as in the commentary's zikir moving back into speech."", ""turn"": 1, ""model"": ""terra"", ""connection_id"": ""BC-4a2f80e702ac7df48895""}]"
WLC:Ps.111.10	strong	tevrat	motif	fear as beginning of wisdom	The psalm makes fear of YHWH the beginning of wisdom, a concise biblical formulation for the commentary's knowledgeable, reality-responsive fear.	87:10	"[{""line"": 27, ""strength"": ""strong"", ""tradition"": ""tevrat"", ""kind"": ""motif"", ""ref"": ""WLC:Ps.111.10"", ""basis"": ""fear as beginning of wisdom"", ""note"": ""The psalm makes fear of YHWH the beginning of wisdom, a concise biblical formulation for the commentary's knowledgeable, reality-responsive fear."", ""turn"": 1, ""model"": ""terra"", ""connection_id"": ""BC-e61c08d5d5f23f4a4a4f""}]"
WLC:Ps.119.11	strong	tevrat	motif	word stored in heart	The psalmist stores YHWH's word in the heart in order not to sin, giving the commentary's retained rather than lost reminder a moral consequence.	87:10	"[{""line"": 15, ""strength"": ""strong"", ""tradition"": ""tevrat"", ""kind"": ""motif"", ""ref"": ""WLC:Ps.119.11"", ""basis"": ""word stored in heart"", ""note"": ""The psalmist stores YHWH's word in the heart in order not to sin, giving the commentary's retained rather than lost reminder a moral consequence."", ""turn"": 1, ""model"": ""terra"", ""connection_id"": ""BC-6ca1c20b3ff63f189d44""}]"
WLC:Ps.119.120	strong	tevrat	motif	flesh trembling before judgments	The psalmist's flesh trembles from fear of YHWH and his judgments, giving the commentary's bodily shudder of reverent hearers a direct biblical analogue.	87:10	"[{""line"": 57, ""strength"": ""strong"", ""tradition"": ""tevrat"", ""kind"": ""motif"", ""ref"": ""WLC:Ps.119.120"", ""basis"": ""flesh trembling before judgments"", ""note"": ""The psalmist's flesh trembles from fear of YHWH and his judgments, giving the commentary's bodily shudder of reverent hearers a direct biblical analogue."", ""turn"": 1, ""model"": ""terra"", ""connection_id"": ""BC-96306316c2bf7a19586c""}]"
WLC:Ps.119.130	strong	tevrat	motif	opening of words gives light	The opening of YHWH's words gives light and understanding to the simple, closely connecting transmitted speech to the commentary's light-bearing recovery of sight.	87:10	"[{""line"": 89, ""strength"": ""strong"", ""tradition"": ""tevrat"", ""kind"": ""motif"", ""ref"": ""WLC:Ps.119.130"", ""basis"": ""opening of words gives light"", ""note"": ""The opening of YHWH's words gives light and understanding to the simple, closely connecting transmitted speech to the commentary's light-bearing recovery of sight."", ""turn"": 2, ""model"": ""terra"", ""connection_id"": ""BC-bbe77f9cd4fa14a61ef7""}]"
WLC:Ps.119.16	strong	tevrat	motif	not forgetting the word	The explicit resolve not to forget the divine word directly accompanies the commentary's ذ ك ر B003 contrast between holding what one has received and letting it escape.	87:10	"[{""line"": 16, ""strength"": ""strong"", ""tradition"": ""tevrat"", ""kind"": ""motif"", ""ref"": ""WLC:Ps.119.16"", ""basis"": ""not forgetting the word"", ""note"": ""The explicit resolve not to forget the divine word directly accompanies the commentary's ذ ك ر B003 contrast between holding what one has received and letting it escape."", ""turn"": 1, ""model"": ""terra"", ""connection_id"": ""BC-108aedfecd0e20dd6717""}]"
WLC:Ps.119.18	strong	tevrat	motif	opened eyes before instruction	The psalmist asks for opened eyes to behold wonders from Torah, a focused biblical image for the commentary's claim that recollection can make a person see again.	87:10	"[{""line"": 88, ""strength"": ""strong"", ""tradition"": ""tevrat"", ""kind"": ""motif"", ""ref"": ""WLC:Ps.119.18"", ""basis"": ""opened eyes before instruction"", ""note"": ""The psalmist asks for opened eyes to behold wonders from Torah, a focused biblical image for the commentary's claim that recollection can make a person see again."", ""turn"": 2, ""model"": ""terra"", ""connection_id"": ""BC-4fcb9c834b67a7678d07""}]"
WLC:Ps.119.55	strong	tevrat	motif	remembering the Name and keeping Torah	The psalmist remembers YHWH's name in the night and keeps Torah, a direct analogue for the commentary's final movement from inward recollection to voiced divine name and obedient practice.	87:10	"[{""line"": 46, ""strength"": ""strong"", ""tradition"": ""tevrat"", ""kind"": ""motif"", ""ref"": ""WLC:Ps.119.55"", ""basis"": ""remembering the Name and keeping Torah"", ""note"": ""The psalmist remembers YHWH's name in the night and keeps Torah, a direct analogue for the commentary's final movement from inward recollection to voiced divine name and obedient practice."", ""turn"": 1, ""model"": ""terra"", ""connection_id"": ""BC-aa18f57b3650f733ab56""}]"
WLC:Ps.130.4	medium	tevrat	motif	forgiveness followed by fear | forgiveness leading to fear	The psalm says forgiveness is with God so that he may be feared, reversing the commentary's main order of fear leading to remembrance and showing a distinct scriptural sequence. | Because forgiveness is with YHWH, he is feared; this supplies another of the commentary's possible sequences, where awareness of God's act awakens reverence rather than merely following it.	87:10	"[{""line"": 29, ""strength"": ""medium"", ""tradition"": ""tevrat"", ""kind"": ""motif"", ""ref"": ""WLC:Ps.130.4"", ""basis"": ""forgiveness followed by fear"", ""note"": ""The psalm says forgiveness is with God so that he may be feared, reversing the commentary's main order of fear leading to remembrance and showing a distinct scriptural sequence."", ""turn"": 1, ""model"": ""luna"", ""connection_id"": ""BC-a9fdcac4ce25bcc02c45""}, {""line"": 74, ""strength"": ""medium"", ""tradition"": ""tevrat"", ""kind"": ""motif"", ""ref"": ""WLC:Ps.130.4"", ""basis"": ""forgiveness leading to fear"", ""note"": ""Because forgiveness is with YHWH, he is feared; this supplies another of the commentary's possible sequences, where awareness of God's act awakens reverence rather than merely following it."", ""turn"": 1, ""model"": ""terra"", ""connection_id"": ""BC-fac14513e6706a193f63""}]"
WLC:Ps.2.11	strong	tevrat	motif	serving with fear and trembling	The rulers are told to serve YHWH with fear and rejoice with trembling, a concrete route from reverence to worship that complements the commentary's later movement toward prayer.	87:10	"[{""line"": 28, ""strength"": ""strong"", ""tradition"": ""tevrat"", ""kind"": ""motif"", ""ref"": ""WLC:Ps.2.11"", ""basis"": ""serving with fear and trembling"", ""note"": ""The rulers are told to serve YHWH with fear and rejoice with trembling, a concrete route from reverence to worship that complements the commentary's later movement toward prayer."", ""turn"": 1, ""model"": ""luna"", ""connection_id"": ""BC-ea030e3a6b9c48019abc""}]"
WLC:Ps.25.14	strong	tevrat	motif	counsel and covenant knowledge for those who fear | counsel disclosed to fearers	The psalm says YHWH shares his counsel with those who fear him and makes his covenant known to them, linking reverence with knowledge rather than treating fear as uncomprehending panic. | YHWH's intimate counsel and covenant are made known to those who fear him, linking fear with the knowing and receiving of divine instruction developed in the commentary.	87:10	"[{""line"": 34, ""strength"": ""medium"", ""tradition"": ""tevrat"", ""kind"": ""motif"", ""ref"": ""WLC:Ps.25.14"", ""basis"": ""counsel and covenant knowledge for those who fear"", ""note"": ""The psalm says YHWH shares his counsel with those who fear him and makes his covenant known to them, linking reverence with knowledge rather than treating fear as uncomprehending panic."", ""turn"": 1, ""model"": ""luna"", ""connection_id"": ""BC-266d45a1411df408a1fb""}, {""line"": 29, ""strength"": ""strong"", ""tradition"": ""tevrat"", ""kind"": ""motif"", ""ref"": ""WLC:Ps.25.14"", ""basis"": ""counsel disclosed to fearers"", ""note"": ""YHWH's intimate counsel and covenant are made known to those who fear him, linking fear with the knowing and receiving of divine instruction developed in the commentary."", ""turn"": 1, ""model"": ""terra"", ""connection_id"": ""BC-edeee72914b20570f3d0""}]"
WLC:Ps.34.11	strong	tevrat	motif	children summoned to learn fear	The speaker calls children to listen and promises to teach them the fear of YHWH, making reverence a learned response to instruction rather than an inherited label.	87:10	"[{""line"": 57, ""strength"": ""strong"", ""tradition"": ""tevrat"", ""kind"": ""motif"", ""ref"": ""WLC:Ps.34.11"", ""basis"": ""children summoned to learn fear"", ""note"": ""The speaker calls children to listen and promises to teach them the fear of YHWH, making reverence a learned response to instruction rather than an inherited label."", ""turn"": 2, ""model"": ""luna"", ""connection_id"": ""BC-e8eeed4f60a0e477822b""}]"
WLC:Ps.50.22	medium	tevrat	motif	warning those who forget God	The psalm warns those who forget God to consider their end before there is no rescuer; it concretizes the commentary's contrast between pursuing what has slipped away and suffering the loss of it.	87:10	"[{""line"": 33, ""strength"": ""medium"", ""tradition"": ""tevrat"", ""kind"": ""motif"", ""ref"": ""WLC:Ps.50.22"", ""basis"": ""warning those who forget God"", ""note"": ""The psalm warns those who forget God to consider their end before there is no rescuer; it concretizes the commentary's contrast between pursuing what has slipped away and suffering the loss of it."", ""turn"": 1, ""model"": ""luna"", ""connection_id"": ""BC-6a8433d4e75b5d05e7b3""}]"
WLC:Ps.78.42	strong	tevrat	motif|soydas	source-commentary Arabic root label ذ ك ر; Hebrew זכר | forgetting the hand that redeemed	The commentary labels Arabic ذ ك ر; Psalm 78 uses Hebrew זכר when it says Israel did not remember God's hand or the day he redeemed them, a concrete use of the cognate for lost rescue-history. | Israel fails to remember a deliverance it experienced and therefore repeats distrust; this adds the commentary's point that forgetting can be a failure to pursue what was once known.	87:10	"[{""line"": 55, ""strength"": ""strong"", ""tradition"": ""tevrat"", ""kind"": ""soydas"", ""ref"": ""WLC:Ps.78.42"", ""basis"": ""source-commentary Arabic root label ذ ك ر; Hebrew זכר"", ""note"": ""The commentary labels Arabic ذ ك ر; Psalm 78 uses Hebrew זכר when it says Israel did not remember God's hand or the day he redeemed them, a concrete use of the cognate for lost rescue-history."", ""turn"": 2, ""model"": ""luna"", ""connection_id"": ""BC-de38b851d1aab840e933""}, {""line"": 56, ""strength"": ""strong"", ""tradition"": ""tevrat"", ""kind"": ""motif"", ""ref"": ""WLC:Ps.78.42"", ""basis"": ""forgetting the hand that redeemed"", ""note"": ""Israel fails to remember a deliverance it experienced and therefore repeats distrust; this adds the commentary's point that forgetting can be a failure to pursue what was once known."", ""turn"": 2, ""model"": ""luna"", ""connection_id"": ""BC-b3d4964580448d42434c""}]"
WLC:Ps.78.7	strong	tevrat	motif	remembering God's works across generations | not forgetting God's works and keeping commands	The purpose of teaching the next generation is that they set hope in God, do not forget his works, and keep his commands; this joins transmitted reminder, recovered memory, and action. | The next generation is to set hope in God, not forget his deeds, and keep his commands, tying memory of divine acts to obedient response as the commentary does.	87:10	"[{""line"": 54, ""strength"": ""strong"", ""tradition"": ""tevrat"", ""kind"": ""motif"", ""ref"": ""WLC:Ps.78.7"", ""basis"": ""remembering God's works across generations"", ""note"": ""The purpose of teaching the next generation is that they set hope in God, do not forget his works, and keep his commands; this joins transmitted reminder, recovered memory, and action."", ""turn"": 2, ""model"": ""luna"", ""connection_id"": ""BC-b932b5717d490993dcb2""}, {""line"": 90, ""strength"": ""strong"", ""tradition"": ""tevrat"", ""kind"": ""motif"", ""ref"": ""WLC:Ps.78.7"", ""basis"": ""not forgetting God's works and keeping commands"", ""note"": ""The next generation is to set hope in God, not forget his deeds, and keep his commands, tying memory of divine acts to obedient response as the commentary does."", ""turn"": 2, ""model"": ""terra"", ""connection_id"": ""BC-4a183f6de946c9d32ff8""}]"
WLC:Ps.95.7	strong	tevrat	motif	today hear his voice	The psalm's urgent today makes hearing a timely act, closely paralleling the commentary's near-future remembrance before the moment for response has passed.	87:10	"[{""line"": 10, ""strength"": ""strong"", ""tradition"": ""tevrat"", ""kind"": ""motif"", ""ref"": ""WLC:Ps.95.7"", ""basis"": ""today hear his voice"", ""note"": ""The psalm's urgent today makes hearing a timely act, closely paralleling the commentary's near-future remembrance before the moment for response has passed."", ""turn"": 1, ""model"": ""terra"", ""connection_id"": ""BC-5907bab618f9713bded6""}]"
WLC:Ps.95.8	strong	tevrat	motif	do not harden the heart	The command not to harden the heart names the inward contrary to the commentary's reverent listener who can receive a reminder.	87:10	"[{""line"": 11, ""strength"": ""strong"", ""tradition"": ""tevrat"", ""kind"": ""motif"", ""ref"": ""WLC:Ps.95.8"", ""basis"": ""do not harden the heart"", ""note"": ""The command not to harden the heart names the inward contrary to the commentary's reverent listener who can receive a reminder."", ""turn"": 1, ""model"": ""terra"", ""connection_id"": ""BC-febb4ea1fe4247d2a44f""}]"
WLC:Zech.7.13	strong	tevrat	motif	refused call and unanswered later call	Because the people did not hear when YHWH called, he would not hear when they later called, giving the commentary's timely-warning and too-late-response structure a prophetic counterpart.	87:10	"[{""line"": 39, ""strength"": ""strong"", ""tradition"": ""tevrat"", ""kind"": ""motif"", ""ref"": ""WLC:Zech.7.13"", ""basis"": ""refused call and unanswered later call"", ""note"": ""Because the people did not hear when YHWH called, he would not hear when they later called, giving the commentary's timely-warning and too-late-response structure a prophetic counterpart."", ""turn"": 1, ""model"": ""terra"", ""connection_id"": ""BC-04e836267ca2a30b6b88""}]"
Wisdom of Solomon 13:5	medium	tevrat	motif	Creator known through created beauty	The text argues that the greatness and beauty of creatures lead to perception of their Maker, closely serving the commentary's claim that attentive knowledge of creation can ground reverent fear.	87:10	"[{""line"": 67, ""strength"": ""medium"", ""tradition"": ""tevrat"", ""kind"": ""motif"", ""ref"": ""Wisdom of Solomon 13:5"", ""basis"": ""Creator known through created beauty"", ""note"": ""The text argues that the greatness and beauty of creatures lead to perception of their Maker, closely serving the commentary's claim that attentive knowledge of creation can ground reverent fear."", ""turn"": 1, ""model"": ""terra"", ""connection_id"": ""BC-edd1734da22f71799885""}]"
