ref	tier	tradition	kinds	basis	explanations	target	evidence
Aphrahat, Demonstrations 8:1	weak	incil	yorum_gelenegi	seed buried in earth as resurrection sign	Aphrahat's Syriac resurrection argument uses a seed's burial and renewal as a sign for bodily rising; it is a later explicit version of the commentary's vegetation-to-resurrection bridge, though the precise wording should be checked.	87:5	"[{""line"": 54, ""strength"": ""weak"", ""tradition"": ""incil"", ""kind"": ""yorum_gelenegi"", ""ref"": ""Aphrahat, Demonstrations 8:1"", ""basis"": ""seed buried in earth as resurrection sign"", ""note"": ""Aphrahat's Syriac resurrection argument uses a seed's burial and renewal as a sign for bodily rising; it is a later explicit version of the commentary's vegetation-to-resurrection bridge, though the precise wording should be checked."", ""turn"": 1, ""model"": ""terra"", ""connection_id"": ""BC-0de6e73cae76778a374b""}]"
SBLGNT:1Cor.15.36	strong	incil	motif	sown seed must die to live | seed must die before it comes to life	The commentary connects plant emergence and decay with human return from earth; Paul answers a question about resurrection by saying what is sown must die before it comes to life, making the plant cycle an analogy for bodily resurrection. | Paul's seed image makes apparent death a condition of new life, a focused Christian development of the commentary's vegetation-and-resurrection connection.	87:5	"[{""line"": 20, ""strength"": ""strong"", ""tradition"": ""incil"", ""kind"": ""motif"", ""ref"": ""SBLGNT:1Cor.15.36"", ""basis"": ""sown seed must die to live"", ""note"": ""The commentary connects plant emergence and decay with human return from earth; Paul answers a question about resurrection by saying what is sown must die before it comes to life, making the plant cycle an analogy for bodily resurrection."", ""turn"": 1, ""model"": ""luna"", ""connection_id"": ""BC-0b151ce6d43b1d97f3c3""}, {""line"": 31, ""strength"": ""strong"", ""tradition"": ""incil"", ""kind"": ""motif"", ""ref"": ""SBLGNT:1Cor.15.36"", ""basis"": ""seed must die before it comes to life"", ""note"": ""Paul's seed image makes apparent death a condition of new life, a focused Christian development of the commentary's vegetation-and-resurrection connection."", ""turn"": 1, ""model"": ""terra"", ""connection_id"": ""BC-17d6d9c1d1d2576d968a""}]"
SBLGNT:1Cor.15.37	medium	incil	motif	seed differs from the body that grows	The commentary says the grass is changed in state rather than replaced by another object; Paul notes that what is sown is not the body that will be, preserving transformation and discontinuity in the seed image.	87:5	"[{""line"": 44, ""strength"": ""medium"", ""tradition"": ""incil"", ""kind"": ""motif"", ""ref"": ""SBLGNT:1Cor.15.37"", ""basis"": ""seed differs from the body that grows"", ""note"": ""The commentary says the grass is changed in state rather than replaced by another object; Paul notes that what is sown is not the body that will be, preserving transformation and discontinuity in the seed image."", ""turn"": 1, ""model"": ""luna"", ""connection_id"": ""BC-f2c55115eedc60c55873""}]"
SBLGNT:1Cor.15.38	strong	incil	motif	God gives each seed its body	The commentary emphasizes the same creator’s successive acts over vegetation; Paul says God gives each seed the body he chooses, connecting plant transformation and divine agency. | Paul attributes the seed's embodied outcome to God as he wills, echoing the commentary's emphasis on divine agency across changes of state.	87:5	"[{""line"": 45, ""strength"": ""medium"", ""tradition"": ""incil"", ""kind"": ""motif"", ""ref"": ""SBLGNT:1Cor.15.38"", ""basis"": ""God gives each seed its body"", ""note"": ""The commentary emphasizes the same creator’s successive acts over vegetation; Paul says God gives each seed the body he chooses, connecting plant transformation and divine agency."", ""turn"": 1, ""model"": ""luna"", ""connection_id"": ""BC-bc0485ca7d7a1338cc70""}, {""line"": 32, ""strength"": ""strong"", ""tradition"": ""incil"", ""kind"": ""motif"", ""ref"": ""SBLGNT:1Cor.15.38"", ""basis"": ""God gives each seed its body"", ""note"": ""Paul attributes the seed's embodied outcome to God as he wills, echoing the commentary's emphasis on divine agency across changes of state."", ""turn"": 1, ""model"": ""terra"", ""connection_id"": ""BC-5ea4f31f61492aecad9c""}]"
SBLGNT:1Cor.15.42	strong	incil	motif	perishable sowing and imperishable raising	The sown-and-raised contrast applies plant language to the resurrection body, clarifying how a decaying earthly image can become an eschatological argument.	87:5	"[{""line"": 33, ""strength"": ""strong"", ""tradition"": ""incil"", ""kind"": ""motif"", ""ref"": ""SBLGNT:1Cor.15.42"", ""basis"": ""perishable sowing and imperishable raising"", ""note"": ""The sown-and-raised contrast applies plant language to the resurrection body, clarifying how a decaying earthly image can become an eschatological argument."", ""turn"": 1, ""model"": ""terra"", ""connection_id"": ""BC-b89aa90f8090f7464f05""}]"
SBLGNT:1Cor.3.12	medium	incil	motif	hay and straw among building materials	The commentary links guthā to the rejected, uncounted side of selection; Paul includes hay and straw among works built on a foundation, materials that cannot endure the coming test.	87:5	"[{""line"": 61, ""strength"": ""medium"", ""tradition"": ""incil"", ""kind"": ""motif"", ""ref"": ""SBLGNT:1Cor.3.12"", ""basis"": ""hay and straw among building materials"", ""note"": ""The commentary links guthā to the rejected, uncounted side of selection; Paul includes hay and straw among works built on a foundation, materials that cannot endure the coming test."", ""turn"": 2, ""model"": ""luna"", ""connection_id"": ""BC-4adb6764b960129f2264""}]"
SBLGNT:1Cor.3.13	medium	incil	motif	fire tests and burns perishable work | fire tests each person's work	The commentary compares transient vegetation with what lasts; Paul says each person’s work is disclosed and tested by fire, adding a judgment in which the work, rather than the person, is what burns. | Paul's image of work exposed and tested by fire provides a Christian counterpart to the commentary's secondary claim that human works can be reduced to unretained matter.	87:5	"[{""line"": 62, ""strength"": ""medium"", ""tradition"": ""incil"", ""kind"": ""motif"", ""ref"": ""SBLGNT:1Cor.3.13"", ""basis"": ""fire tests and burns perishable work"", ""note"": ""The commentary compares transient vegetation with what lasts; Paul says each person’s work is disclosed and tested by fire, adding a judgment in which the work, rather than the person, is what burns."", ""turn"": 2, ""model"": ""luna"", ""connection_id"": ""BC-3cda95869b21ded3f69c""}, {""line"": 86, ""strength"": ""medium"", ""tradition"": ""incil"", ""kind"": ""motif"", ""ref"": ""SBLGNT:1Cor.3.13"", ""basis"": ""fire tests each person's work"", ""note"": ""Paul's image of work exposed and tested by fire provides a Christian counterpart to the commentary's secondary claim that human works can be reduced to unretained matter."", ""turn"": 2, ""model"": ""terra"", ""connection_id"": ""BC-556c5f6ad985fb69eaf2""}]"
SBLGNT:1Cor.3.15	medium	incil	motif	builder survives loss of burned work | burned work brings loss despite the worker's rescue	The commentary’s ğuŝâ imagery can turn people themselves into debris; Paul distinguishes the person from combustible work, saying the builder may suffer loss yet be saved, a useful limit on the analogy. | The distinction between a disappearing work and a person still saved sharpens the commentary's distinction between what is discarded and what ultimately remains.	87:5	"[{""line"": 63, ""strength"": ""medium"", ""tradition"": ""incil"", ""kind"": ""motif"", ""ref"": ""SBLGNT:1Cor.3.15"", ""basis"": ""builder survives loss of burned work"", ""note"": ""The commentary’s ğuŝâ imagery can turn people themselves into debris; Paul distinguishes the person from combustible work, saying the builder may suffer loss yet be saved, a useful limit on the analogy."", ""turn"": 2, ""model"": ""luna"", ""connection_id"": ""BC-bd94d38e7e2d7345230a""}, {""line"": 87, ""strength"": ""medium"", ""tradition"": ""incil"", ""kind"": ""motif"", ""ref"": ""SBLGNT:1Cor.3.15"", ""basis"": ""burned work brings loss despite the worker's rescue"", ""note"": ""The distinction between a disappearing work and a person still saved sharpens the commentary's distinction between what is discarded and what ultimately remains."", ""turn"": 2, ""model"": ""terra"", ""connection_id"": ""BC-9fe3e734e68b39e5c98b""}]"
SBLGNT:1Cor.3.6	medium	incil	motif	God gives growth after planting and watering	The commentary emphasizes that the same Lord brings out pasture and transforms it; Paul distinguishes planting and watering by human workers from God giving the growth, adding a division of agency within cultivation.	87:5	"[{""line"": 60, ""strength"": ""medium"", ""tradition"": ""incil"", ""kind"": ""motif"", ""ref"": ""SBLGNT:1Cor.3.6"", ""basis"": ""God gives growth after planting and watering"", ""note"": ""The commentary emphasizes that the same Lord brings out pasture and transforms it; Paul distinguishes planting and watering by human workers from God giving the growth, adding a division of agency within cultivation."", ""turn"": 2, ""model"": ""luna"", ""connection_id"": ""BC-0227a838657fb2d6d11a""}]"
SBLGNT:1John.2.17	strong	incil	motif	world and desire pass, while God's doer remains	The letter explicitly contrasts the passing world with the one who remains, closely matching the commentary's worldly-life versus enduring-reality contrast.	87:5	"[{""line"": 70, ""strength"": ""strong"", ""tradition"": ""incil"", ""kind"": ""motif"", ""ref"": ""SBLGNT:1John.2.17"", ""basis"": ""world and desire pass, while God's doer remains"", ""note"": ""The letter explicitly contrasts the passing world with the one who remains, closely matching the commentary's worldly-life versus enduring-reality contrast."", ""turn"": 2, ""model"": ""terra"", ""connection_id"": ""BC-c46d46ca0e8ffa505b44""}]"
SBLGNT:1Pet.1.24	strong	incil	motif|yorum_gelenegi	grass and flower wither | all flesh as grass	The commentary reads the dark debris as pasture’s transient end; Peter quotes Isaiah’s grass and flower as the image of mortal glory, applying plant withering to human life. | Peter reapplies Isaiah's grass to all mortal flesh, extending the commentary's grass image from pasture to human transience.	87:5	"[{""line"": 16, ""strength"": ""strong"", ""tradition"": ""incil"", ""kind"": ""motif"", ""ref"": ""SBLGNT:1Pet.1.24"", ""basis"": ""grass and flower wither"", ""note"": ""The commentary reads the dark debris as pasture’s transient end; Peter quotes Isaiah’s grass and flower as the image of mortal glory, applying plant withering to human life."", ""turn"": 1, ""model"": ""luna"", ""connection_id"": ""BC-7bdae23aa5b1bce3b8bc""}, {""line"": 3, ""strength"": ""strong"", ""tradition"": ""incil"", ""kind"": ""yorum_gelenegi"", ""ref"": ""SBLGNT:1Pet.1.24"", ""basis"": ""all flesh as grass"", ""note"": ""Peter reapplies Isaiah's grass to all mortal flesh, extending the commentary's grass image from pasture to human transience."", ""turn"": 1, ""model"": ""terra"", ""connection_id"": ""BC-7e4a5f8c593550984ea9""}]"
SBLGNT:1Pet.1.25	strong	incil	motif|yorum_gelenegi	word remains forever | abiding word preached as gospel	Peter follows the withering grass quotation with the Lord’s enduring word; this closely meets the commentary’s juxtaposition of carried-off vegetation and the recitation that will not be forgotten in 87:6. | Peter identifies the enduring word as the preached gospel, a Christian reading of the contrast the commentary makes between passing debris and a recited word not forgotten.	87:5	"[{""line"": 17, ""strength"": ""strong"", ""tradition"": ""incil"", ""kind"": ""motif"", ""ref"": ""SBLGNT:1Pet.1.25"", ""basis"": ""word remains forever"", ""note"": ""Peter follows the withering grass quotation with the Lord’s enduring word; this closely meets the commentary’s juxtaposition of carried-off vegetation and the recitation that will not be forgotten in 87:6."", ""turn"": 1, ""model"": ""luna"", ""connection_id"": ""BC-3258b614b3c7bc4b6cd6""}, {""line"": 4, ""strength"": ""strong"", ""tradition"": ""incil"", ""kind"": ""yorum_gelenegi"", ""ref"": ""SBLGNT:1Pet.1.25"", ""basis"": ""abiding word preached as gospel"", ""note"": ""Peter identifies the enduring word as the preached gospel, a Christian reading of the contrast the commentary makes between passing debris and a recited word not forgotten."", ""turn"": 1, ""model"": ""terra"", ""connection_id"": ""BC-52f197e9b6d23f03721b""}]"
SBLGNT:Heb.6.7	strong	incil	motif	rain-fed land bears useful vegetation | land drinks rain and yields useful vegetation	The commentary stresses pasture as useful feed before it becomes debris; Hebrews pictures land drinking rain and producing a useful crop, linking the land’s growth to blessing. | Hebrews makes rain-soaked ground blessed when it produces useful vegetation, closely reflecting the commentary's water that stays with what benefits people.	87:5	"[{""line"": 41, ""strength"": ""medium"", ""tradition"": ""incil"", ""kind"": ""motif"", ""ref"": ""SBLGNT:Heb.6.7"", ""basis"": ""rain-fed land bears useful vegetation"", ""note"": ""The commentary stresses pasture as useful feed before it becomes debris; Hebrews pictures land drinking rain and producing a useful crop, linking the land’s growth to blessing."", ""turn"": 1, ""model"": ""luna"", ""connection_id"": ""BC-54734c9016c3aaf951da""}, {""line"": 42, ""strength"": ""strong"", ""tradition"": ""incil"", ""kind"": ""motif"", ""ref"": ""SBLGNT:Heb.6.7"", ""basis"": ""land drinks rain and yields useful vegetation"", ""note"": ""Hebrews makes rain-soaked ground blessed when it produces useful vegetation, closely reflecting the commentary's water that stays with what benefits people."", ""turn"": 1, ""model"": ""terra"", ""connection_id"": ""BC-1527f817e1efd198a1fc""}]"
SBLGNT:Heb.6.8	strong	incil	motif	thorns and thistles face burning | thorn-bearing land is worthless and burned	The commentary preserves the contrast between useful pasture and discarded residue; Hebrews sets thorn-bearing land against useful crop and says it is near a curse and ends in burning. | The adjoining land becomes worthless when it bears thorns and ends in burning, supplying a judicial contrast to useful growth and retained water.	87:5	"[{""line"": 42, ""strength"": ""medium"", ""tradition"": ""incil"", ""kind"": ""motif"", ""ref"": ""SBLGNT:Heb.6.8"", ""basis"": ""thorns and thistles face burning"", ""note"": ""The commentary preserves the contrast between useful pasture and discarded residue; Hebrews sets thorn-bearing land against useful crop and says it is near a curse and ends in burning."", ""turn"": 1, ""model"": ""luna"", ""connection_id"": ""BC-314c1d3565638316f0e8""}, {""line"": 43, ""strength"": ""strong"", ""tradition"": ""incil"", ""kind"": ""motif"", ""ref"": ""SBLGNT:Heb.6.8"", ""basis"": ""thorn-bearing land is worthless and burned"", ""note"": ""The adjoining land becomes worthless when it bears thorns and ends in burning, supplying a judicial contrast to useful growth and retained water."", ""turn"": 1, ""model"": ""terra"", ""connection_id"": ""BC-a366c22a876fd8c5b10d""}]"
SBLGNT:Jas.1.10	strong	incil	motif	rich person fades like a flower | rich person passes like a grass flower	The commentary extends withered pasture to people who prefer worldly life; James compares the rich person’s passing glory to a flower of the field, making the plant image a warning about status. | James applies grass's passing flower to a wealthy human, matching the commentary's shift from fading pasture to a judgment on those who privilege worldly life.	87:5	"[{""line"": 43, ""strength"": ""medium"", ""tradition"": ""incil"", ""kind"": ""motif"", ""ref"": ""SBLGNT:Jas.1.10"", ""basis"": ""rich person fades like a flower"", ""note"": ""The commentary extends withered pasture to people who prefer worldly life; James compares the rich person’s passing glory to a flower of the field, making the plant image a warning about status."", ""turn"": 1, ""model"": ""luna"", ""connection_id"": ""BC-2b970c20719942a4aa47""}, {""line"": 40, ""strength"": ""strong"", ""tradition"": ""incil"", ""kind"": ""motif"", ""ref"": ""SBLGNT:Jas.1.10"", ""basis"": ""rich person passes like a grass flower"", ""note"": ""James applies grass's passing flower to a wealthy human, matching the commentary's shift from fading pasture to a judgment on those who privilege worldly life."", ""turn"": 1, ""model"": ""terra"", ""connection_id"": ""BC-bfea22b075ffd6e4d37c""}]"
SBLGNT:Jas.1.11	strong	incil	motif	scorching wind dries the flower | scorched grass, fallen flower, perishing wealth	The commentary describes pasture changing into dry debris; James says a hot wind withers grass and its flower falls, using the plant’s sudden collapse to portray the rich person’s fading glory. | The sun scorches grass and beauty falls as the rich person fades in pursuits, giving a detailed Christian worldly-life analogue to green darkening into useless remains.	87:5	"[{""line"": 18, ""strength"": ""strong"", ""tradition"": ""incil"", ""kind"": ""motif"", ""ref"": ""SBLGNT:Jas.1.11"", ""basis"": ""scorching wind dries the flower"", ""note"": ""The commentary describes pasture changing into dry debris; James says a hot wind withers grass and its flower falls, using the plant’s sudden collapse to portray the rich person’s fading glory."", ""turn"": 1, ""model"": ""luna"", ""connection_id"": ""BC-693c621bc3dd2f8c23c8""}, {""line"": 41, ""strength"": ""strong"", ""tradition"": ""incil"", ""kind"": ""motif"", ""ref"": ""SBLGNT:Jas.1.11"", ""basis"": ""scorched grass, fallen flower, perishing wealth"", ""note"": ""The sun scorches grass and beauty falls as the rich person fades in pursuits, giving a detailed Christian worldly-life analogue to green darkening into useless remains."", ""turn"": 1, ""model"": ""terra"", ""connection_id"": ""BC-acc69a917c4b25ef6767""}]"
SBLGNT:Jas.5.7	medium	incil	motif	patient waiting for rain and harvest	The commentary contrasts the compressed fe with longer stages of plant growth; James pictures a farmer waiting patiently for the crop until the early and late rains, giving the growing season its slow human rhythm.	87:5	"[{""line"": 64, ""strength"": ""medium"", ""tradition"": ""incil"", ""kind"": ""motif"", ""ref"": ""SBLGNT:Jas.5.7"", ""basis"": ""patient waiting for rain and harvest"", ""note"": ""The commentary contrasts the compressed fe with longer stages of plant growth; James pictures a farmer waiting patiently for the crop until the early and late rains, giving the growing season its slow human rhythm."", ""turn"": 2, ""model"": ""luna"", ""connection_id"": ""BC-c44d19897ee59b57ec62""}]"
SBLGNT:John.12.24	strong	incil	motif	grain dies and bears fruit | grain falls into earth, dies, and bears fruit	The commentary holds drying and pasture’s prior green life in one plant; Jesus uses a grain that falls into earth and dies before bearing much fruit, giving plant death a generative reading alongside the withering one. | Jesus' grain moves through burial and apparent death into abundant fruit, a Christian reversal that makes explicit the regenerative possibility the commentary finds beyond dry ground.	87:5	"[{""line"": 19, ""strength"": ""strong"", ""tradition"": ""incil"", ""kind"": ""motif"", ""ref"": ""SBLGNT:John.12.24"", ""basis"": ""grain dies and bears fruit"", ""note"": ""The commentary holds drying and pasture’s prior green life in one plant; Jesus uses a grain that falls into earth and dies before bearing much fruit, giving plant death a generative reading alongside the withering one."", ""turn"": 1, ""model"": ""luna"", ""connection_id"": ""BC-73048ca5fb9db37ffe47""}, {""line"": 44, ""strength"": ""strong"", ""tradition"": ""incil"", ""kind"": ""motif"", ""ref"": ""SBLGNT:John.12.24"", ""basis"": ""grain falls into earth, dies, and bears fruit"", ""note"": ""Jesus' grain moves through burial and apparent death into abundant fruit, a Christian reversal that makes explicit the regenerative possibility the commentary finds beyond dry ground."", ""turn"": 1, ""model"": ""terra"", ""connection_id"": ""BC-9817f61ce2c8593e7593""}]"
SBLGNT:John.15.6	strong	incil	motif	dry branches gathered and burned | unabiding branch dries, is discarded, gathered, and burned	The commentary develops dried vegetation as loose, useless matter carried away; Jesus pictures a branch that does not remain in the vine drying, being gathered, and burned, adding a relational and judgment reading. | Jesus makes a fruitless human likeness follow the full sequence of branch, drying, disposal, and fire, an unusually close New Testament transfer of withered vegetation to moral judgment.	87:5	"[{""line"": 21, ""strength"": ""strong"", ""tradition"": ""incil"", ""kind"": ""motif"", ""ref"": ""SBLGNT:John.15.6"", ""basis"": ""dry branches gathered and burned"", ""note"": ""The commentary develops dried vegetation as loose, useless matter carried away; Jesus pictures a branch that does not remain in the vine drying, being gathered, and burned, adding a relational and judgment reading."", ""turn"": 1, ""model"": ""luna"", ""connection_id"": ""BC-c76d94e801e4a5c4dee0""}, {""line"": 66, ""strength"": ""strong"", ""tradition"": ""incil"", ""kind"": ""motif"", ""ref"": ""SBLGNT:John.15.6"", ""basis"": ""unabiding branch dries, is discarded, gathered, and burned"", ""note"": ""Jesus makes a fruitless human likeness follow the full sequence of branch, drying, disposal, and fire, an unusually close New Testament transfer of withered vegetation to moral judgment."", ""turn"": 2, ""model"": ""terra"", ""connection_id"": ""BC-4ef5705a66ceba578739""}]"
SBLGNT:John.5.28	strong	incil	motif	all in tombs hear the voice	Jesus locates the dead in tombs yet under a summons, a close Christian answer to the commentary's focus on those brought out after returning to earth.	87:5	"[{""line"": 34, ""strength"": ""strong"", ""tradition"": ""incil"", ""kind"": ""motif"", ""ref"": ""SBLGNT:John.5.28"", ""basis"": ""all in tombs hear the voice"", ""note"": ""Jesus locates the dead in tombs yet under a summons, a close Christian answer to the commentary's focus on those brought out after returning to earth."", ""turn"": 1, ""model"": ""terra"", ""connection_id"": ""BC-4cd5fd7f490e27b5898e""}]"
SBLGNT:John.5.29	strong	incil	motif	those in tombs come out to divergent outcomes	The coming-out follows the summons and divides into life and judgment, adding explicit human accountability to the commentary's pasture and refuse contrast.	87:5	"[{""line"": 35, ""strength"": ""strong"", ""tradition"": ""incil"", ""kind"": ""motif"", ""ref"": ""SBLGNT:John.5.29"", ""basis"": ""those in tombs come out to divergent outcomes"", ""note"": ""The coming-out follows the summons and divides into life and judgment, adding explicit human accountability to the commentary's pasture and refuse contrast."", ""turn"": 1, ""model"": ""terra"", ""connection_id"": ""BC-eb00662cc8de57079821""}]"
SBLGNT:Jude.1.13	strong	incil	motif	wild waves foaming shame	Jude turns water foam into an image for condemned people, closely matching the commentary's move from flood debris to humans who become uncounted waste.	87:5	"[{""line"": 16, ""strength"": ""strong"", ""tradition"": ""incil"", ""kind"": ""motif"", ""ref"": ""SBLGNT:Jude.1.13"", ""basis"": ""wild waves foaming shame"", ""note"": ""Jude turns water foam into an image for condemned people, closely matching the commentary's move from flood debris to humans who become uncounted waste."", ""turn"": 1, ""model"": ""terra"", ""connection_id"": ""BC-e0e176d806472f14db64""}]"
SBLGNT:Luke.23.31	medium	incil	motif	green wood contrasted with dry wood	The commentary traces green pasture into dry debris; Jesus uses the difference between green and dry wood to measure the severity of coming judgment, extending the plant contrast into a warning about human fate.	87:5	"[{""line"": 59, ""strength"": ""medium"", ""tradition"": ""incil"", ""kind"": ""motif"", ""ref"": ""SBLGNT:Luke.23.31"", ""basis"": ""green wood contrasted with dry wood"", ""note"": ""The commentary traces green pasture into dry debris; Jesus uses the difference between green and dry wood to measure the severity of coming judgment, extending the plant contrast into a warning about human fate."", ""turn"": 2, ""model"": ""luna"", ""connection_id"": ""BC-e65fcf496518867545f3""}]"
SBLGNT:Mark.4.27	strong	incil	motif	seed sprouts through night and day	The commentary says this ayah compresses a season into one immediate step, while Mark’s farmer sleeps and rises night and day as seed sprouts and grows by a process he does not know.	87:5	"[{""line"": 49, ""strength"": ""strong"", ""tradition"": ""incil"", ""kind"": ""motif"", ""ref"": ""SBLGNT:Mark.4.27"", ""basis"": ""seed sprouts through night and day"", ""note"": ""The commentary says this ayah compresses a season into one immediate step, while Mark’s farmer sleeps and rises night and day as seed sprouts and grows by a process he does not know."", ""turn"": 2, ""model"": ""luna"", ""connection_id"": ""BC-218347baa54a53fedcc7""}]"
SBLGNT:Mark.4.28	strong	incil	motif	stages from blade to ripe grain	The commentary contrasts its single fe with a longer sequence of growth and drying; Mark names successive stages from stalk to full grain before harvest, supplying a precise gradual counter-image.	87:5	"[{""line"": 50, ""strength"": ""strong"", ""tradition"": ""incil"", ""kind"": ""motif"", ""ref"": ""SBLGNT:Mark.4.28"", ""basis"": ""stages from blade to ripe grain"", ""note"": ""The commentary contrasts its single fe with a longer sequence of growth and drying; Mark names successive stages from stalk to full grain before harvest, supplying a precise gradual counter-image."", ""turn"": 2, ""model"": ""luna"", ""connection_id"": ""BC-303b86508740d2e62cd3""}]"
SBLGNT:Mark.4.6	medium	incil	motif	rootless growth withers in sun	The commentary describes guthā as uprooted vegetation that no longer holds to soil; in the sower parable a plant springs up, is scorched by the sun, and withers because it has no root.	87:5	"[{""line"": 57, ""strength"": ""medium"", ""tradition"": ""incil"", ""kind"": ""motif"", ""ref"": ""SBLGNT:Mark.4.6"", ""basis"": ""rootless growth withers in sun"", ""note"": ""The commentary describes guthā as uprooted vegetation that no longer holds to soil; in the sower parable a plant springs up, is scorched by the sun, and withers because it has no root."", ""turn"": 2, ""model"": ""luna"", ""connection_id"": ""BC-01cdc06eef888339f4f7""}]"
SBLGNT:Matt.13.30	medium	incil	motif	weeds gathered and burned, wheat stored	The commentary links the residue to what is rejected when the lasting is chosen; this parable has weeds gathered for burning while wheat is stored, giving the sorting image a final-judgment setting.	87:5	"[{""line"": 40, ""strength"": ""medium"", ""tradition"": ""incil"", ""kind"": ""motif"", ""ref"": ""SBLGNT:Matt.13.30"", ""basis"": ""weeds gathered and burned, wheat stored"", ""note"": ""The commentary links the residue to what is rejected when the lasting is chosen; this parable has weeds gathered for burning while wheat is stored, giving the sorting image a final-judgment setting."", ""turn"": 1, ""model"": ""luna"", ""connection_id"": ""BC-9e9d6aec3f44a77d0128""}]"
SBLGNT:Matt.21.19	medium	incil	motif	fruitless fig tree withers at Jesus’ word	The commentary frames pasture’s drying as a stage in the creator’s care; Jesus’ curse makes a leafy but fruitless fig tree wither, using plant death as a judgment sign rather than a seasonal passage.	87:5	"[{""line"": 58, ""strength"": ""medium"", ""tradition"": ""incil"", ""kind"": ""motif"", ""ref"": ""SBLGNT:Matt.21.19"", ""basis"": ""fruitless fig tree withers at Jesus’ word"", ""note"": ""The commentary frames pasture’s drying as a stage in the creator’s care; Jesus’ curse makes a leafy but fruitless fig tree wither, using plant death as a judgment sign rather than a seasonal passage."", ""turn"": 2, ""model"": ""luna"", ""connection_id"": ""BC-7c473b9c3742f2ea8f5b""}]"
SBLGNT:Matt.24.35	strong	incil	motif	passing heaven and earth, imperishable words	Jesus contrasts the passing of heaven and earth with words that will not pass, making the commentary's grass-that-goes and word-that-remains contrast cosmic.	87:5	"[{""line"": 25, ""strength"": ""strong"", ""tradition"": ""incil"", ""kind"": ""motif"", ""ref"": ""SBLGNT:Matt.24.35"", ""basis"": ""passing heaven and earth, imperishable words"", ""note"": ""Jesus contrasts the passing of heaven and earth with words that will not pass, making the commentary's grass-that-goes and word-that-remains contrast cosmic."", ""turn"": 1, ""model"": ""terra"", ""connection_id"": ""BC-30f095a8cc9645f2bae7""}]"
SBLGNT:Matt.3.12	strong	incil	motif	wheat gathered, chaff burned | wheat gathered and chaff burned	The commentary’s guthā can be the rejected residue in a sorting scene; John’s image has a winnower gather wheat into the barn and burn the chaff, making the distinction eschatological. | The winnower gathers wheat but burns chaff, providing the explicit selection scene behind the commentary's contrast of what is retained with what is discarded.	87:5	"[{""line"": 15, ""strength"": ""strong"", ""tradition"": ""incil"", ""kind"": ""motif"", ""ref"": ""SBLGNT:Matt.3.12"", ""basis"": ""wheat gathered, chaff burned"", ""note"": ""The commentary’s guthā can be the rejected residue in a sorting scene; John’s image has a winnower gather wheat into the barn and burn the chaff, making the distinction eschatological."", ""turn"": 1, ""model"": ""luna"", ""connection_id"": ""BC-17b6e89bdca7dfadd600""}, {""line"": 20, ""strength"": ""strong"", ""tradition"": ""incil"", ""kind"": ""motif"", ""ref"": ""SBLGNT:Matt.3.12"", ""basis"": ""wheat gathered and chaff burned"", ""note"": ""The winnower gathers wheat but burns chaff, providing the explicit selection scene behind the commentary's contrast of what is retained with what is discarded."", ""turn"": 1, ""model"": ""terra"", ""connection_id"": ""BC-ed2b0fff59ab3323dad5""}]"
SBLGNT:Matt.6.30	strong	incil	motif	field grass alive today, burned tomorrow | God clothes grass today and it is burned tomorrow	The commentary treats drying pasture as part of the creator’s work; Jesus says God clothes field grass that lives briefly before being thrown into the oven, placing transience inside divine care. | Jesus explicitly makes God the dresser of grass while stressing its one-day transience, a close parallel to pasture under divine care and then rapid loss.	87:5	"[{""line"": 39, ""strength"": ""medium"", ""tradition"": ""incil"", ""kind"": ""motif"", ""ref"": ""SBLGNT:Matt.6.30"", ""basis"": ""field grass alive today, burned tomorrow"", ""note"": ""The commentary treats drying pasture as part of the creator’s work; Jesus says God clothes field grass that lives briefly before being thrown into the oven, placing transience inside divine care."", ""turn"": 1, ""model"": ""luna"", ""connection_id"": ""BC-3e3ec86ba31b239b9ee5""}, {""line"": 39, ""strength"": ""strong"", ""tradition"": ""incil"", ""kind"": ""motif"", ""ref"": ""SBLGNT:Matt.6.30"", ""basis"": ""God clothes grass today and it is burned tomorrow"", ""note"": ""Jesus explicitly makes God the dresser of grass while stressing its one-day transience, a close parallel to pasture under divine care and then rapid loss."", ""turn"": 1, ""model"": ""terra"", ""connection_id"": ""BC-2c6acfb56dae13bb4a79""}]"
SBLGNT:Matt.7.24	medium	incil	motif	hearing Jesus' words and building on rock	The commentary follows carried-away matter with a word that is not lost; Jesus similarly makes enduring stability depend on hearing and doing his words.	87:5	"[{""line"": 74, ""strength"": ""medium"", ""tradition"": ""incil"", ""kind"": ""motif"", ""ref"": ""SBLGNT:Matt.7.24"", ""basis"": ""hearing Jesus' words and building on rock"", ""note"": ""The commentary follows carried-away matter with a word that is not lost; Jesus similarly makes enduring stability depend on hearing and doing his words."", ""turn"": 2, ""model"": ""terra"", ""connection_id"": ""BC-329bd9b748c255795e4e""}]"
SBLGNT:Matt.7.25	medium	incil	motif	rain, floods, and winds test the rock-founded house	The flood cannot carry away the house founded on rock, a concrete Christian counterimage to the commentary's unrooted debris swept along by water.	87:5	"[{""line"": 75, ""strength"": ""medium"", ""tradition"": ""incil"", ""kind"": ""motif"", ""ref"": ""SBLGNT:Matt.7.25"", ""basis"": ""rain, floods, and winds test the rock-founded house"", ""note"": ""The flood cannot carry away the house founded on rock, a concrete Christian counterimage to the commentary's unrooted debris swept along by water."", ""turn"": 2, ""model"": ""terra"", ""connection_id"": ""BC-fa972cf4307a99e578a0""}]"
SBLGNT:Matt.7.26	medium	incil	motif	hearing without doing builds on sand	Jesus contrasts retained, enacted speech with an unstable foundation, extending the commentary's proximity of remembered word and vanishing matter.	87:5	"[{""line"": 76, ""strength"": ""medium"", ""tradition"": ""incil"", ""kind"": ""motif"", ""ref"": ""SBLGNT:Matt.7.26"", ""basis"": ""hearing without doing builds on sand"", ""note"": ""Jesus contrasts retained, enacted speech with an unstable foundation, extending the commentary's proximity of remembered word and vanishing matter."", ""turn"": 2, ""model"": ""terra"", ""connection_id"": ""BC-4d068d6ced84600cbab3""}]"
SBLGNT:Matt.7.27	medium	incil	motif	flood and wind bring a sand-founded house to great fall	The destructive water scene supplies the negative counterpart: what lacks a lasting foundation is swept into collapse.	87:5	"[{""line"": 77, ""strength"": ""medium"", ""tradition"": ""incil"", ""kind"": ""motif"", ""ref"": ""SBLGNT:Matt.7.27"", ""basis"": ""flood and wind bring a sand-founded house to great fall"", ""note"": ""The destructive water scene supplies the negative counterpart: what lacks a lasting foundation is swept into collapse."", ""turn"": 2, ""model"": ""terra"", ""connection_id"": ""BC-7bcf85cd48e1ca0d4391""}]"
SBLGNT:Rev.20.13	medium	incil	motif	sea, death, and Hades give up their dead	Revelation imagines even apparently holding realms returning their dead for judgment, an apocalyptic counterpart to soil or water no longer keeping what must be brought out.	87:5	"[{""line"": 88, ""strength"": ""medium"", ""tradition"": ""incil"", ""kind"": ""motif"", ""ref"": ""SBLGNT:Rev.20.13"", ""basis"": ""sea, death, and Hades give up their dead"", ""note"": ""Revelation imagines even apparently holding realms returning their dead for judgment, an apocalyptic counterpart to soil or water no longer keeping what must be brought out."", ""turn"": 2, ""model"": ""terra"", ""connection_id"": ""BC-83daab7847c741a103e5""}]"
SBLGNT:Rom.8.20	medium	incil	motif	creation subjected to futility in hope	Paul gives creation's transience a theological frame rather than treating it as mere accident, resonating with the commentary's attribution of vegetal decline to divine ordering.	87:5	"[{""line"": 78, ""strength"": ""medium"", ""tradition"": ""incil"", ""kind"": ""motif"", ""ref"": ""SBLGNT:Rom.8.20"", ""basis"": ""creation subjected to futility in hope"", ""note"": ""Paul gives creation's transience a theological frame rather than treating it as mere accident, resonating with the commentary's attribution of vegetal decline to divine ordering."", ""turn"": 2, ""model"": ""terra"", ""connection_id"": ""BC-f1b7802554e2b00114c1""}]"
SBLGNT:Rom.8.21	medium	incil	motif	creation's liberation from decay	The promised release of creation from decay gives a Christian eschatological completion to the commentary's reversible cycle of dry ground and renewed life.	87:5	"[{""line"": 79, ""strength"": ""medium"", ""tradition"": ""incil"", ""kind"": ""motif"", ""ref"": ""SBLGNT:Rom.8.21"", ""basis"": ""creation's liberation from decay"", ""note"": ""The promised release of creation from decay gives a Christian eschatological completion to the commentary's reversible cycle of dry ground and renewed life."", ""turn"": 2, ""model"": ""terra"", ""connection_id"": ""BC-8e65dab198ebd4caec97""}]"
2 Baruch 50:2	strong	tevrat	motif	the earth restores the dead it received	2 Baruch treats the earth as preserving and then returning its dead, a useful counterpart to the commentary's contrast between what is carried away and what is held for return.	87:5	"[{""line"": 37, ""strength"": ""strong"", ""tradition"": ""tevrat"", ""kind"": ""motif"", ""ref"": ""2 Baruch 50:2"", ""basis"": ""the earth restores the dead it received"", ""note"": ""2 Baruch treats the earth as preserving and then returning its dead, a useful counterpart to the commentary's contrast between what is carried away and what is held for return."", ""turn"": 1, ""model"": ""terra"", ""connection_id"": ""BC-3c765cf8299089c36a8e""}]"
2 Maccabees 7:28	strong	tevrat	motif	Creator gives breath and life again	The mother grounds hope after bodily death in the Creator who first made all things and can give breath and life back, supporting the commentary's same-agent theology of ending and renewal.	87:5	"[{""line"": 73, ""strength"": ""strong"", ""tradition"": ""tevrat"", ""kind"": ""motif"", ""ref"": ""2 Maccabees 7:28"", ""basis"": ""Creator gives breath and life again"", ""note"": ""The mother grounds hope after bodily death in the Creator who first made all things and can give breath and life back, supporting the commentary's same-agent theology of ending and renewal."", ""turn"": 2, ""model"": ""terra"", ""connection_id"": ""BC-6f4788b570ab97201e1e""}]"
4 Ezra 7:32	strong	tevrat	motif	earth and dust give back their sleepers	4 Ezra depicts earth and dust yielding the dead entrusted to them, an especially direct Jewish formulation of return from the ground.	87:5	"[{""line"": 36, ""strength"": ""strong"", ""tradition"": ""tevrat"", ""kind"": ""motif"", ""ref"": ""4 Ezra 7:32"", ""basis"": ""earth and dust give back their sleepers"", ""note"": ""4 Ezra depicts earth and dust yielding the dead entrusted to them, an especially direct Jewish formulation of return from the ground."", ""turn"": 1, ""model"": ""terra"", ""connection_id"": ""BC-532e7f867aa1ebb80a95""}]"
Genesis Rabbah 10:6	medium	tevrat	yorum_gelenegi	celestial agent makes each blade grow | each blade of grass receives a heavenly command to grow	The commentary assigns pasture’s emergence and drying to the same Lord; this midrash says each blade of grass has a heavenly constellation that strikes it and tells it to grow, adding an intermediary account of growth without denying divine rule. | This midrash reads grass's growth as ordered rather than self-explanatory, an interpretive counterpart to the commentary's insistence that pasture belongs among the Creator's works.	87:5	"[{""line"": 56, ""strength"": ""medium"", ""tradition"": ""tevrat"", ""kind"": ""yorum_gelenegi"", ""ref"": ""Genesis Rabbah 10:6"", ""basis"": ""celestial agent makes each blade grow"", ""note"": ""The commentary assigns pasture’s emergence and drying to the same Lord; this midrash says each blade of grass has a heavenly constellation that strikes it and tells it to grow, adding an intermediary account of growth without denying divine rule."", ""turn"": 2, ""model"": ""luna"", ""connection_id"": ""BC-7a05963c8e593167e7ef""}, {""line"": 53, ""strength"": ""medium"", ""tradition"": ""tevrat"", ""kind"": ""yorum_gelenegi"", ""ref"": ""Genesis Rabbah 10:6"", ""basis"": ""each blade of grass receives a heavenly command to grow"", ""note"": ""This midrash reads grass's growth as ordered rather than self-explanatory, an interpretive counterpart to the commentary's insistence that pasture belongs among the Creator's works."", ""turn"": 1, ""model"": ""terra"", ""connection_id"": ""BC-535b3e67c15111595fa9""}]"
Sirach 14:18	medium	tevrat	motif	leaves falling as generations pass	The commentary links a plant’s withering to the denial of human return; Sirach explicitly maps falling and growing leaves onto generations that end and are born, making the plant-human analogy concrete.	87:5	"[{""line"": 38, ""strength"": ""medium"", ""tradition"": ""tevrat"", ""kind"": ""motif"", ""ref"": ""Sirach 14:18"", ""basis"": ""leaves falling as generations pass"", ""note"": ""The commentary links a plant’s withering to the denial of human return; Sirach explicitly maps falling and growing leaves onto generations that end and are born, making the plant-human analogy concrete."", ""turn"": 1, ""model"": ""luna"", ""connection_id"": ""BC-d7178282cab95d7c1318""}]"
WLC:1Sam.2.6	strong	tevrat	motif	YHWH kills, makes alive, brings down and raises	Hannah's praise assigns descent into death and raising up to YHWH together, framing opposite turns of life as praise-worthy divine acts.	87:5	"[{""line"": 10, ""strength"": ""strong"", ""tradition"": ""tevrat"", ""kind"": ""motif"", ""ref"": ""WLC:1Sam.2.6"", ""basis"": ""YHWH kills, makes alive, brings down and raises"", ""note"": ""Hannah's praise assigns descent into death and raising up to YHWH together, framing opposite turns of life as praise-worthy divine acts."", ""turn"": 1, ""model"": ""terra"", ""connection_id"": ""BC-4ec7bc8cc2ee4381110d""}]"
WLC:Dan.12.2	strong	tevrat	motif	sleepers in earth's dust awake to divergent destinies	Daniel directly answers the commentary's question of people being brought out after death and adds the same final division between contrary outcomes.	87:5	"[{""line"": 67, ""strength"": ""strong"", ""tradition"": ""tevrat"", ""kind"": ""motif"", ""ref"": ""WLC:Dan.12.2"", ""basis"": ""sleepers in earth's dust awake to divergent destinies"", ""note"": ""Daniel directly answers the commentary's question of people being brought out after death and adds the same final division between contrary outcomes."", ""turn"": 2, ""model"": ""terra"", ""connection_id"": ""BC-966211d1b186230d3cb1""}]"
WLC:Dan.2.35	strong	tevrat	motif	chaff swept away with no trace | chaff carried away with no trace	The commentary says the debris is carried off and leaves nothing anyone counts; Daniel’s image has chaff swept away by wind until no place is found for it, adding total erasure. | The empires become threshing-floor chaff which the wind carries away until no place is found for it, sharpening the commentary's claim that dispersed debris leaves no reckonable remainder.	87:5	"[{""line"": 13, ""strength"": ""strong"", ""tradition"": ""tevrat"", ""kind"": ""motif"", ""ref"": ""WLC:Dan.2.35"", ""basis"": ""chaff swept away with no trace"", ""note"": ""The commentary says the debris is carried off and leaves nothing anyone counts; Daniel’s image has chaff swept away by wind until no place is found for it, adding total erasure."", ""turn"": 1, ""model"": ""luna"", ""connection_id"": ""BC-6b4affca9c75b205eef7""}, {""line"": 17, ""strength"": ""strong"", ""tradition"": ""tevrat"", ""kind"": ""motif"", ""ref"": ""WLC:Dan.2.35"", ""basis"": ""chaff carried away with no trace"", ""note"": ""The empires become threshing-floor chaff which the wind carries away until no place is found for it, sharpening the commentary's claim that dispersed debris leaves no reckonable remainder."", ""turn"": 1, ""model"": ""terra"", ""connection_id"": ""BC-315bbbbf9ced5034ee0f""}]"
WLC:Deut.11.15	medium	tevrat	motif	grass provided for livestock | God gives field grass for cattle	The commentary insists that mer'ā is pasture because animals eat it; Moses promises grass in the fields for livestock, making the pasture’s use and its giver explicit. | The covenantal promise names God as giver of grass to livestock, another direct pasture-and-animal provisioning context for the commentary's merʿā image.	87:5	"[{""line"": 27, ""strength"": ""medium"", ""tradition"": ""tevrat"", ""kind"": ""motif"", ""ref"": ""WLC:Deut.11.15"", ""basis"": ""grass provided for livestock"", ""note"": ""The commentary insists that mer'ā is pasture because animals eat it; Moses promises grass in the fields for livestock, making the pasture’s use and its giver explicit."", ""turn"": 1, ""model"": ""luna"", ""connection_id"": ""BC-13f3e49336bc17789178""}, {""line"": 82, ""strength"": ""medium"", ""tradition"": ""tevrat"", ""kind"": ""motif"", ""ref"": ""WLC:Deut.11.15"", ""basis"": ""God gives field grass for cattle"", ""note"": ""The covenantal promise names God as giver of grass to livestock, another direct pasture-and-animal provisioning context for the commentary's merʿā image."", ""turn"": 2, ""model"": ""terra"", ""connection_id"": ""BC-231ec6380391bd7bd87a""}]"
WLC:Deut.32.2	strong	tevrat	motif	speech like rain on grass | teaching as rain and dew on grass	The commentary sets withered pasture beside the next ayah’s recitation; Moses asks that his teaching fall as rain and his speech as dew on grass, joining authoritative speech to the plant’s source of life. | Moses compares teaching and speech to rain and dew falling on grass, a precise meeting of the commentary's pasture and its immediately following recitation.	87:5	"[{""line"": 46, ""strength"": ""strong"", ""tradition"": ""tevrat"", ""kind"": ""motif"", ""ref"": ""WLC:Deut.32.2"", ""basis"": ""speech like rain on grass"", ""note"": ""The commentary sets withered pasture beside the next ayah’s recitation; Moses asks that his teaching fall as rain and his speech as dew on grass, joining authoritative speech to the plant’s source of life."", ""turn"": 2, ""model"": ""luna"", ""connection_id"": ""BC-e3d50b71e050ca81f524""}, {""line"": 24, ""strength"": ""strong"", ""tradition"": ""tevrat"", ""kind"": ""motif"", ""ref"": ""WLC:Deut.32.2"", ""basis"": ""teaching as rain and dew on grass"", ""note"": ""Moses compares teaching and speech to rain and dew falling on grass, a precise meeting of the commentary's pasture and its immediately following recitation."", ""turn"": 1, ""model"": ""terra"", ""connection_id"": ""BC-63c1b264990b04000d4a""}]"
WLC:Deut.32.39	strong	tevrat	motif	one God kills and makes alive	The divine speaker says that he kills and makes alive and wounds and heals, a compact biblical analogue to the commentary's claim that the producer and changer are the same agent.	87:5	"[{""line"": 9, ""strength"": ""strong"", ""tradition"": ""tevrat"", ""kind"": ""motif"", ""ref"": ""WLC:Deut.32.39"", ""basis"": ""one God kills and makes alive"", ""note"": ""The divine speaker says that he kills and makes alive and wounds and heals, a compact biblical analogue to the commentary's claim that the producer and changer are the same agent."", ""turn"": 1, ""model"": ""terra"", ""connection_id"": ""BC-4ce6f362aa00aac44896""}]"
WLC:Eccl.12.7	medium	tevrat	motif	dust returns to earth and spirit returns to God	Qohelet names both the body's return to earth and the spirit's return to God, an adjacent Jewish framing for the commentary's death, soil, and agency themes.	87:5	"[{""line"": 84, ""strength"": ""medium"", ""tradition"": ""tevrat"", ""kind"": ""motif"", ""ref"": ""WLC:Eccl.12.7"", ""basis"": ""dust returns to earth and spirit returns to God"", ""note"": ""Qohelet names both the body's return to earth and the spirit's return to God, an adjacent Jewish framing for the commentary's death, soil, and agency themes."", ""turn"": 2, ""model"": ""terra"", ""connection_id"": ""BC-d0d6e42b06d784d6a90e""}]"
WLC:Ezek.15.4	medium	tevrat	motif	useless vine wood becomes fuel	The commentary says withered pasture remains the same plant in a changed, useless state; Ezekiel’s vine wood is worthless for craft and is cast into fire as fuel, giving the loss of usefulness a judgment image.	87:5	"[{""line"": 65, ""strength"": ""medium"", ""tradition"": ""tevrat"", ""kind"": ""motif"", ""ref"": ""WLC:Ezek.15.4"", ""basis"": ""useless vine wood becomes fuel"", ""note"": ""The commentary says withered pasture remains the same plant in a changed, useless state; Ezekiel’s vine wood is worthless for craft and is cast into fire as fuel, giving the loss of usefulness a judgment image."", ""turn"": 2, ""model"": ""luna"", ""connection_id"": ""BC-98677efc84bd6e94b59c""}]"
WLC:Ezek.17.24	strong	tevrat	motif|paralel	green tree dried, dry tree made green | YHWH dries green tree and makes dry tree flourish	The commentary says the same divine hand brings out pasture and turns it to withered debris; Ezekiel says the LORD can dry a green tree and make a dry tree flourish, explicitly reversing both directions. | Ezekiel explicitly gives YHWH both directions of change, drying a green tree and making a dry one flourish; it closely meets the commentary's one hand that produces pasture and alters it.	87:5	"[{""line"": 7, ""strength"": ""strong"", ""tradition"": ""tevrat"", ""kind"": ""motif"", ""ref"": ""WLC:Ezek.17.24"", ""basis"": ""green tree dried, dry tree made green"", ""note"": ""The commentary says the same divine hand brings out pasture and turns it to withered debris; Ezekiel says the LORD can dry a green tree and make a dry tree flourish, explicitly reversing both directions."", ""turn"": 1, ""model"": ""luna"", ""connection_id"": ""BC-c2c7562a2dbfbcd7b00e""}, {""line"": 5, ""strength"": ""strong"", ""tradition"": ""tevrat"", ""kind"": ""paralel"", ""ref"": ""WLC:Ezek.17.24"", ""basis"": ""YHWH dries green tree and makes dry tree flourish"", ""note"": ""Ezekiel explicitly gives YHWH both directions of change, drying a green tree and making a dry one flourish; it closely meets the commentary's one hand that produces pasture and alters it."", ""turn"": 1, ""model"": ""terra"", ""connection_id"": ""BC-c1098984dd5b0b4a7ccc""}]"
WLC:Ezek.37.12	strong	tevrat	motif	God opens graves and brings people up	God himself promises to open graves and bring the people up, making resurrection an act of the same sovereign agent rather than a cycle without a hand.	87:5	"[{""line"": 30, ""strength"": ""strong"", ""tradition"": ""tevrat"", ""kind"": ""motif"", ""ref"": ""WLC:Ezek.37.12"", ""basis"": ""God opens graves and brings people up"", ""note"": ""God himself promises to open graves and bring the people up, making resurrection an act of the same sovereign agent rather than a cycle without a hand."", ""turn"": 1, ""model"": ""terra"", ""connection_id"": ""BC-9cb7828de7c56134a7b9""}]"
WLC:Ezek.37.14	strong	tevrat	motif	God gives spirit, makes dry-bone hearers live, and sets them on land	This continuation of the dry-bones vision joins divine breath, renewed life, and placement on land, completing the vegetation-and-resurrection horizon developed in the commentary.	87:5	"[{""line"": 68, ""strength"": ""strong"", ""tradition"": ""tevrat"", ""kind"": ""motif"", ""ref"": ""WLC:Ezek.37.14"", ""basis"": ""God gives spirit, makes dry-bone hearers live, and sets them on land"", ""note"": ""This continuation of the dry-bones vision joins divine breath, renewed life, and placement on land, completing the vegetation-and-resurrection horizon developed in the commentary."", ""turn"": 2, ""model"": ""terra"", ""connection_id"": ""BC-4423fc87f3600f780bc0""}]"
WLC:Ezek.47.12	medium	tevrat	motif	leaves that do not wither	The commentary contrasts floating residue with what remains held and green; Ezekiel’s river nourishes trees whose leaves do not wither and whose fruit continues, an image of lasting life sustained by water.	87:5	"[{""line"": 34, ""strength"": ""medium"", ""tradition"": ""tevrat"", ""kind"": ""motif"", ""ref"": ""WLC:Ezek.47.12"", ""basis"": ""leaves that do not wither"", ""note"": ""The commentary contrasts floating residue with what remains held and green; Ezekiel’s river nourishes trees whose leaves do not wither and whose fruit continues, an image of lasting life sustained by water."", ""turn"": 1, ""model"": ""luna"", ""connection_id"": ""BC-d8b489da7c2755ea260b""}]"
WLC:Gen.1.11	medium	tevrat	motif	earth brings forth vegetation by command	The commentary treats pasture’s emergence as the Lord’s act before its transformation; Genesis begins plant life with God’s command that earth bring forth seed-bearing vegetation, locating growth within divine creation.	87:5	"[{""line"": 26, ""strength"": ""medium"", ""tradition"": ""tevrat"", ""kind"": ""motif"", ""ref"": ""WLC:Gen.1.11"", ""basis"": ""earth brings forth vegetation by command"", ""note"": ""The commentary treats pasture’s emergence as the Lord’s act before its transformation; Genesis begins plant life with God’s command that earth bring forth seed-bearing vegetation, locating growth within divine creation."", ""turn"": 1, ""model"": ""luna"", ""connection_id"": ""BC-7fef88c023164ecba82c""}]"
WLC:Hab.3.17	strong	tevrat	motif	crop, vine, olive, field, flock, and herd all fail	Habakkuk lists a total failure of edible vegetation and livestock, giving a particularly close pastoral scene for the commentary's loss of pasture and food.	87:5	"[{""line"": 59, ""strength"": ""strong"", ""tradition"": ""tevrat"", ""kind"": ""motif"", ""ref"": ""WLC:Hab.3.17"", ""basis"": ""crop, vine, olive, field, flock, and herd all fail"", ""note"": ""Habakkuk lists a total failure of edible vegetation and livestock, giving a particularly close pastoral scene for the commentary's loss of pasture and food."", ""turn"": 2, ""model"": ""terra"", ""connection_id"": ""BC-045ed12ba95d95f911c4""}]"
WLC:Hab.3.18	strong	tevrat	motif	rejoicing in God after ecological failure	The prophet's resolve to rejoice follows the failed pasture scene, making a biblical counterpart to the commentary's placement of vegetal ending within praise.	87:5	"[{""line"": 60, ""strength"": ""strong"", ""tradition"": ""tevrat"", ""kind"": ""motif"", ""ref"": ""WLC:Hab.3.18"", ""basis"": ""rejoicing in God after ecological failure"", ""note"": ""The prophet's resolve to rejoice follows the failed pasture scene, making a biblical counterpart to the commentary's placement of vegetal ending within praise."", ""turn"": 2, ""model"": ""terra"", ""connection_id"": ""BC-bb562fb2874e1b8d8747""}]"
WLC:Hos.13.3	strong	tevrat	motif	chaff, foam, and smoke vanish | morning cloud, dew, chaff, and smoke that vanish	The commentary develops guthā as floating plant debris, pot foam, and something that disappears without being counted; Hosea places chaff blown from a threshing floor beside morning dew and smoke that vanishes. | Hosea's chain of vanishing vapour, chaff, and smoke makes Israel's idolatrous instability legible through the same dispersed-material imagery developed for guthāʾ.	87:5	"[{""line"": 11, ""strength"": ""strong"", ""tradition"": ""tevrat"", ""kind"": ""motif"", ""ref"": ""WLC:Hos.13.3"", ""basis"": ""chaff, foam, and smoke vanish"", ""note"": ""The commentary develops guthā as floating plant debris, pot foam, and something that disappears without being counted; Hosea places chaff blown from a threshing floor beside morning dew and smoke that vanishes."", ""turn"": 1, ""model"": ""luna"", ""connection_id"": ""BC-a636ff61b109e65182d2""}, {""line"": 46, ""strength"": ""medium"", ""tradition"": ""tevrat"", ""kind"": ""motif"", ""ref"": ""WLC:Hos.13.3"", ""basis"": ""morning cloud, dew, chaff, and smoke that vanish"", ""note"": ""Hosea's chain of vanishing vapour, chaff, and smoke makes Israel's idolatrous instability legible through the same dispersed-material imagery developed for guthāʾ."", ""turn"": 1, ""model"": ""terra"", ""connection_id"": ""BC-d9afd3ea8c458a41960e""}]"
WLC:Hos.6.2	strong	tevrat	motif	God revives and raises after deathlike judgment	Hosea's compact revival and raising formula offers a prophetic human counterpart to the commentary's movement from an ended earthly state toward being brought forth again.	87:5	"[{""line"": 69, ""strength"": ""strong"", ""tradition"": ""tevrat"", ""kind"": ""motif"", ""ref"": ""WLC:Hos.6.2"", ""basis"": ""God revives and raises after deathlike judgment"", ""note"": ""Hosea's compact revival and raising formula offers a prophetic human counterpart to the commentary's movement from an ended earthly state toward being brought forth again."", ""turn"": 2, ""model"": ""terra"", ""connection_id"": ""BC-9cbf7556303408a9da06""}]"
WLC:Isa.26.19	strong	tevrat	motif	dust-dwellers awake and earth gives up the dead	Isaiah joins sleepers in dust to the earth's giving birth to the dead, directly meeting the commentary's move from soil-born pasture to human re-emergence.	87:5	"[{""line"": 29, ""strength"": ""strong"", ""tradition"": ""tevrat"", ""kind"": ""motif"", ""ref"": ""WLC:Isa.26.19"", ""basis"": ""dust-dwellers awake and earth gives up the dead"", ""note"": ""Isaiah joins sleepers in dust to the earth's giving birth to the dead, directly meeting the commentary's move from soil-born pasture to human re-emergence."", ""turn"": 1, ""model"": ""terra"", ""connection_id"": ""BC-fe58a53b55317176ac11""}]"
WLC:Isa.35.7	medium	tevrat	paralel	parched ground becomes pool and grassland	Isaiah reverses parched land into springs and grass, directly complementing the commentary's observation that barren ground can become the site of another emergence.	87:5	"[{""line"": 50, ""strength"": ""medium"", ""tradition"": ""tevrat"", ""kind"": ""paralel"", ""ref"": ""WLC:Isa.35.7"", ""basis"": ""parched ground becomes pool and grassland"", ""note"": ""Isaiah reverses parched land into springs and grass, directly complementing the commentary's observation that barren ground can become the site of another emergence."", ""turn"": 1, ""model"": ""terra"", ""connection_id"": ""BC-3c69cf5d03c44eda9c84""}]"
WLC:Isa.37.27	medium	tevrat	motif	people as field grass and roof grass blighted before growth	Isaiah renders defeated inhabitants as field grass and roof grass scorched before maturity, a specific human-to-vegetation judgment image beside the commentary's people made like debris.	87:5	"[{""line"": 45, ""strength"": ""medium"", ""tradition"": ""tevrat"", ""kind"": ""motif"", ""ref"": ""WLC:Isa.37.27"", ""basis"": ""people as field grass and roof grass blighted before growth"", ""note"": ""Isaiah renders defeated inhabitants as field grass and roof grass scorched before maturity, a specific human-to-vegetation judgment image beside the commentary's people made like debris."", ""turn"": 1, ""model"": ""terra"", ""connection_id"": ""BC-3a1e24ecd6b76d7e73c6""}]"
WLC:Isa.40.7	strong	tevrat	motif	grass-withers under divine wind | grass withers at YHWH's breath	The commentary assigns the pasture’s drying to the same Lord who brought it out; Isaiah says the LORD’s breath dries grass and wilts its flower, making the agency explicit. | The commentary makes pasture's blackening an act of the One who produced it; Isaiah makes the grass wither when YHWH's breath blows on it, so decay remains within divine agency.	87:5	"[{""line"": 1, ""strength"": ""strong"", ""tradition"": ""tevrat"", ""kind"": ""motif"", ""ref"": ""WLC:Isa.40.7"", ""basis"": ""grass-withers under divine wind"", ""note"": ""The commentary assigns the pasture’s drying to the same Lord who brought it out; Isaiah says the LORD’s breath dries grass and wilts its flower, making the agency explicit."", ""turn"": 1, ""model"": ""luna"", ""connection_id"": ""BC-2e4e177eadda202b941f""}, {""line"": 1, ""strength"": ""strong"", ""tradition"": ""tevrat"", ""kind"": ""motif"", ""ref"": ""WLC:Isa.40.7"", ""basis"": ""grass withers at YHWH's breath"", ""note"": ""The commentary makes pasture's blackening an act of the One who produced it; Isaiah makes the grass wither when YHWH's breath blows on it, so decay remains within divine agency."", ""turn"": 1, ""model"": ""terra"", ""connection_id"": ""BC-546b3bc8adb54c622ff3""}]"
WLC:Isa.40.8	strong	tevrat	motif	withering grass and enduring word | fading grass and enduring word	After grass and flower wither, Isaiah says God’s word stands forever; this sharpens the commentary’s sequence from vanishing pasture to the recitation promised not to be forgotten in 87:6. | After the carried-away pasture the commentary places an unforgotten recitation; Isaiah sets the divine word that stands forever against grass that withers.	87:5	"[{""line"": 2, ""strength"": ""strong"", ""tradition"": ""tevrat"", ""kind"": ""motif"", ""ref"": ""WLC:Isa.40.8"", ""basis"": ""withering grass and enduring word"", ""note"": ""After grass and flower wither, Isaiah says God’s word stands forever; this sharpens the commentary’s sequence from vanishing pasture to the recitation promised not to be forgotten in 87:6."", ""turn"": 1, ""model"": ""luna"", ""connection_id"": ""BC-f139195e3d339fc2c058""}, {""line"": 2, ""strength"": ""strong"", ""tradition"": ""tevrat"", ""kind"": ""motif"", ""ref"": ""WLC:Isa.40.8"", ""basis"": ""fading grass and enduring word"", ""note"": ""After the carried-away pasture the commentary places an unforgotten recitation; Isaiah sets the divine word that stands forever against grass that withers."", ""turn"": 1, ""model"": ""terra"", ""connection_id"": ""BC-9d513b0e1296e40e16e0""}]"
WLC:Isa.44.3	strong	tevrat	motif	water on thirsty ground | water on dry ground paired with Spirit on descendants	The commentary contrasts debris carried on the surface with water caught and retained; Isaiah promises water on thirsty land and streams on dry ground, framing water as the source of restored growth. | Isaiah fuses water for parched soil with God's Spirit for descendants, a particularly clear biblical bridge between renewed land and renewed human life.	87:5	"[{""line"": 30, ""strength"": ""medium"", ""tradition"": ""tevrat"", ""kind"": ""motif"", ""ref"": ""WLC:Isa.44.3"", ""basis"": ""water on thirsty ground"", ""note"": ""The commentary contrasts debris carried on the surface with water caught and retained; Isaiah promises water on thirsty land and streams on dry ground, framing water as the source of restored growth."", ""turn"": 1, ""model"": ""luna"", ""connection_id"": ""BC-019d7202940080b44f63""}, {""line"": 71, ""strength"": ""strong"", ""tradition"": ""tevrat"", ""kind"": ""motif"", ""ref"": ""WLC:Isa.44.3"", ""basis"": ""water on dry ground paired with Spirit on descendants"", ""note"": ""Isaiah fuses water for parched soil with God's Spirit for descendants, a particularly clear biblical bridge between renewed land and renewed human life."", ""turn"": 2, ""model"": ""terra"", ""connection_id"": ""BC-51225ccb083f9d646fe3""}]"
WLC:Isa.44.4	strong	tevrat	motif	sprouting grass by streams | descendants sprout like grass by watercourses	The commentary remembers green pasture beneath the darkened debris; Isaiah pictures descendants sprouting among grass like willows by streams, giving the green stage a renewal and abundance reading. | The human recipients of the promise sprout like grass beside water, making explicit the commentary's latent passage from pasture imagery to people.	87:5	"[{""line"": 31, ""strength"": ""medium"", ""tradition"": ""tevrat"", ""kind"": ""motif"", ""ref"": ""WLC:Isa.44.4"", ""basis"": ""sprouting grass by streams"", ""note"": ""The commentary remembers green pasture beneath the darkened debris; Isaiah pictures descendants sprouting among grass like willows by streams, giving the green stage a renewal and abundance reading."", ""turn"": 1, ""model"": ""luna"", ""connection_id"": ""BC-a70df1c115f5a719f49f""}, {""line"": 72, ""strength"": ""strong"", ""tradition"": ""tevrat"", ""kind"": ""motif"", ""ref"": ""WLC:Isa.44.4"", ""basis"": ""descendants sprout like grass by watercourses"", ""note"": ""The human recipients of the promise sprout like grass beside water, making explicit the commentary's latent passage from pasture imagery to people."", ""turn"": 2, ""model"": ""terra"", ""connection_id"": ""BC-123ddb7235864b583332""}]"
WLC:Isa.5.24	strong	tevrat	motif	root rots and blossom becomes dust	The commentary develops pasture turning into useless debris and being carried off; Isaiah likens judgment to fire consuming stubble, with a rotten root and blossom rising as dust, adding a moral cause and both plant parts.	87:5	"[{""line"": 55, ""strength"": ""strong"", ""tradition"": ""tevrat"", ""kind"": ""motif"", ""ref"": ""WLC:Isa.5.24"", ""basis"": ""root rots and blossom becomes dust"", ""note"": ""The commentary develops pasture turning into useless debris and being carried off; Isaiah likens judgment to fire consuming stubble, with a rotten root and blossom rising as dust, adding a moral cause and both plant parts."", ""turn"": 2, ""model"": ""luna"", ""connection_id"": ""BC-c846fffd495f26b918f1""}]"
WLC:Isa.5.5	strong	tevrat	paralel	God removes a vineyard's protection and makes it waste	Isaiah's vineyard owner actively turns a cultivated planting into trampling and consumption, a close parallel to the commentary's claim that the producer also brings the pasture to its ruined state.	87:5	"[{""line"": 55, ""strength"": ""strong"", ""tradition"": ""tevrat"", ""kind"": ""paralel"", ""ref"": ""WLC:Isa.5.5"", ""basis"": ""God removes a vineyard's protection and makes it waste"", ""note"": ""Isaiah's vineyard owner actively turns a cultivated planting into trampling and consumption, a close parallel to the commentary's claim that the producer also brings the pasture to its ruined state."", ""turn"": 2, ""model"": ""terra"", ""connection_id"": ""BC-0ed1764020d60facdeee""}]"
WLC:Isa.5.6	strong	tevrat	paralel	God commands no rain on the abandoned vineyard	The vineyard's briars and desolation include God's command to the clouds, making environmental decline a deliberate divine action rather than an impersonal season.	87:5	"[{""line"": 56, ""strength"": ""strong"", ""tradition"": ""tevrat"", ""kind"": ""paralel"", ""ref"": ""WLC:Isa.5.6"", ""basis"": ""God commands no rain on the abandoned vineyard"", ""note"": ""The vineyard's briars and desolation include God's command to the clouds, making environmental decline a deliberate divine action rather than an impersonal season."", ""turn"": 2, ""model"": ""terra"", ""connection_id"": ""BC-cbfd17969fd424669ed1""}]"
WLC:Isa.55.10	strong	tevrat	motif	rain makes the earth sprout | rain makes earth sprout and yield seed and bread	The commentary compares the pasture’s brief cycle with a preserved recitation; Isaiah says rain waters earth and makes it sprout before comparing that action to God’s effective word. | Isaiah describes water descending to make the earth germinate and supply food, the generative half of the pasture cycle that the commentary sets beside drying and loss.	87:5	"[{""line"": 47, ""strength"": ""strong"", ""tradition"": ""tevrat"", ""kind"": ""motif"", ""ref"": ""WLC:Isa.55.10"", ""basis"": ""rain makes the earth sprout"", ""note"": ""The commentary compares the pasture’s brief cycle with a preserved recitation; Isaiah says rain waters earth and makes it sprout before comparing that action to God’s effective word."", ""turn"": 2, ""model"": ""luna"", ""connection_id"": ""BC-f6109b0073acd8dbf19a""}, {""line"": 22, ""strength"": ""strong"", ""tradition"": ""tevrat"", ""kind"": ""motif"", ""ref"": ""WLC:Isa.55.10"", ""basis"": ""rain makes earth sprout and yield seed and bread"", ""note"": ""Isaiah describes water descending to make the earth germinate and supply food, the generative half of the pasture cycle that the commentary sets beside drying and loss."", ""turn"": 1, ""model"": ""terra"", ""connection_id"": ""BC-de25b79345bbb42651c1""}]"
WLC:Isa.55.11	strong	tevrat	motif	word accomplishes its purpose | word accomplishes God's purpose	The commentary places the withering pasture beside a word that will not be forgotten; Isaiah says the word from God’s mouth will not return empty, completing its rain-and-growth analogy with durable efficacy. | The rain-and-growth comparison culminates in God's word not returning empty; this closely parallels the commentary's placement of an enduring spoken word after transient vegetation.	87:5	"[{""line"": 48, ""strength"": ""strong"", ""tradition"": ""tevrat"", ""kind"": ""motif"", ""ref"": ""WLC:Isa.55.11"", ""basis"": ""word accomplishes its purpose"", ""note"": ""The commentary places the withering pasture beside a word that will not be forgotten; Isaiah says the word from God’s mouth will not return empty, completing its rain-and-growth analogy with durable efficacy."", ""turn"": 2, ""model"": ""luna"", ""connection_id"": ""BC-d869017d2818cd0b29ec""}, {""line"": 23, ""strength"": ""strong"", ""tradition"": ""tevrat"", ""kind"": ""motif"", ""ref"": ""WLC:Isa.55.11"", ""basis"": ""word accomplishes God's purpose"", ""note"": ""The rain-and-growth comparison culminates in God's word not returning empty; this closely parallels the commentary's placement of an enduring spoken word after transient vegetation."", ""turn"": 1, ""model"": ""terra"", ""connection_id"": ""BC-ca3034d7639c6966cd77""}]"
WLC:Isa.57.20	strong	tevrat	motif	turbulent sea throws up mire and dirt	Isaiah's restless sea casts mire and dirt to its surface; it is a direct scriptural water-and-refuse image for the commentary's floating guthāʾ.	87:5	"[{""line"": 15, ""strength"": ""strong"", ""tradition"": ""tevrat"", ""kind"": ""motif"", ""ref"": ""WLC:Isa.57.20"", ""basis"": ""turbulent sea throws up mire and dirt"", ""note"": ""Isaiah's restless sea casts mire and dirt to its surface; it is a direct scriptural water-and-refuse image for the commentary's floating guthāʾ."", ""turn"": 1, ""model"": ""terra"", ""connection_id"": ""BC-69f2eb7f7081fde3d209""}]"
WLC:Isa.64.6	strong	tevrat	motif	withered leaf carried by wind	The commentary’s guthā is plant matter swept away and no longer counted; Isaiah says all wither like a leaf and their iniquities carry them away like wind, adding a moral account of that disappearance.	87:5	"[{""line"": 52, ""strength"": ""strong"", ""tradition"": ""tevrat"", ""kind"": ""motif"", ""ref"": ""WLC:Isa.64.6"", ""basis"": ""withered leaf carried by wind"", ""note"": ""The commentary’s guthā is plant matter swept away and no longer counted; Isaiah says all wither like a leaf and their iniquities carry them away like wind, adding a moral account of that disappearance."", ""turn"": 2, ""model"": ""luna"", ""connection_id"": ""BC-560c42bdba14068bb61b""}]"
WLC:Jer.13.24	strong	tevrat	motif	people scattered as desert chaff	Jeremiah has God scatter a people like chaff before the desert wind, an exact judgmental transfer from vegetation debris to people.	87:5	"[{""line"": 19, ""strength"": ""strong"", ""tradition"": ""tevrat"", ""kind"": ""motif"", ""ref"": ""WLC:Jer.13.24"", ""basis"": ""people scattered as desert chaff"", ""note"": ""Jeremiah has God scatter a people like chaff before the desert wind, an exact judgmental transfer from vegetation debris to people."", ""turn"": 1, ""model"": ""terra"", ""connection_id"": ""BC-27fe15f8534f7a911150""}]"
WLC:Jer.17.8	strong	tevrat	motif	leaf stays green beside water | water-rooted tree remains green in heat and drought	The commentary holds darkened pasture’s former green within its final color and contrasts debris with retained water; Jeremiah’s tree by water keeps a green leaf despite heat, offering the enduring green counterpart. | Jeremiah's tree sends roots to water and keeps green leaves during drought, giving the positive, held-water counterimage to floating and dried debris.	87:5	"[{""line"": 25, ""strength"": ""strong"", ""tradition"": ""tevrat"", ""kind"": ""motif"", ""ref"": ""WLC:Jer.17.8"", ""basis"": ""leaf stays green beside water"", ""note"": ""The commentary holds darkened pasture’s former green within its final color and contrasts debris with retained water; Jeremiah’s tree by water keeps a green leaf despite heat, offering the enduring green counterpart."", ""turn"": 1, ""model"": ""luna"", ""connection_id"": ""BC-7dcfbc21ee76f036d377""}, {""line"": 49, ""strength"": ""medium"", ""tradition"": ""tevrat"", ""kind"": ""motif"", ""ref"": ""WLC:Jer.17.8"", ""basis"": ""water-rooted tree remains green in heat and drought"", ""note"": ""Jeremiah's tree sends roots to water and keeps green leaves during drought, giving the positive, held-water counterimage to floating and dried debris."", ""turn"": 1, ""model"": ""terra"", ""connection_id"": ""BC-145d7ca1c7d097ccde01""}]"
WLC:Jer.23.28	strong	tevrat	motif	straw distinguished from grain and true word | straw and grain in a dispute about true word	The commentary places worthless residue beside the enduring recited word; Jeremiah contrasts straw with grain while discussing what a prophet should do with God’s word, joining refuse-sorting to faithful speech. | Jeremiah's question about straw and wheat occurs amid the true prophetic word, joining the commentary's refuse-versus-choice image to its nearby contrast between lost matter and preserved speech.	87:5	"[{""line"": 37, ""strength"": ""medium"", ""tradition"": ""tevrat"", ""kind"": ""motif"", ""ref"": ""WLC:Jer.23.28"", ""basis"": ""straw distinguished from grain and true word"", ""note"": ""The commentary places worthless residue beside the enduring recited word; Jeremiah contrasts straw with grain while discussing what a prophet should do with God’s word, joining refuse-sorting to faithful speech."", ""turn"": 1, ""model"": ""luna"", ""connection_id"": ""BC-53d16b0dffca67a70da2""}, {""line"": 21, ""strength"": ""strong"", ""tradition"": ""tevrat"", ""kind"": ""motif"", ""ref"": ""WLC:Jer.23.28"", ""basis"": ""straw and grain in a dispute about true word"", ""note"": ""Jeremiah's question about straw and wheat occurs amid the true prophetic word, joining the commentary's refuse-versus-choice image to its nearby contrast between lost matter and preserved speech."", ""turn"": 1, ""model"": ""terra"", ""connection_id"": ""BC-0187d44e1a0bebaa2549""}]"
WLC:Job.14.10	strong	tevrat	karsi_anlati	a human dies and is gone	Job immediately asks where the dead human is, the counter-voice to the commentary's use of plant return and re-emergence as a sign of being brought out again.	87:5	"[{""line"": 28, ""strength"": ""strong"", ""tradition"": ""tevrat"", ""kind"": ""karsi_anlati"", ""ref"": ""WLC:Job.14.10"", ""basis"": ""a human dies and is gone"", ""note"": ""Job immediately asks where the dead human is, the counter-voice to the commentary's use of plant return and re-emergence as a sign of being brought out again."", ""turn"": 1, ""model"": ""terra"", ""connection_id"": ""BC-272784363f9eb2d01bc5""}]"
WLC:Job.14.12	strong	tevrat	karsi_anlati	human does not rise like a tree	The commentary uses the plant’s emergence from earth as a sign for human resurrection; Job’s lament says a human lies down and does not rise, preserving the contrary distinction between plant renewal and human fate.	87:5	"[{""line"": 24, ""strength"": ""strong"", ""tradition"": ""tevrat"", ""kind"": ""karsi_anlati"", ""ref"": ""WLC:Job.14.12"", ""basis"": ""human does not rise like a tree"", ""note"": ""The commentary uses the plant’s emergence from earth as a sign for human resurrection; Job’s lament says a human lies down and does not rise, preserving the contrary distinction between plant renewal and human fate."", ""turn"": 1, ""model"": ""luna"", ""connection_id"": ""BC-563d5e1562b85cdb0fe0""}]"
WLC:Job.14.7	strong	tevrat	karsi_anlati	cut tree still has hope of sprouting	The commentary uses vegetation's emergence to open a resurrection horizon; Job grants that hope to a cut tree, setting up his deliberately darker comparison with a dead human.	87:5	"[{""line"": 26, ""strength"": ""strong"", ""tradition"": ""tevrat"", ""kind"": ""karsi_anlati"", ""ref"": ""WLC:Job.14.7"", ""basis"": ""cut tree still has hope of sprouting"", ""note"": ""The commentary uses vegetation's emergence to open a resurrection horizon; Job grants that hope to a cut tree, setting up his deliberately darker comparison with a dead human."", ""turn"": 1, ""model"": ""terra"", ""connection_id"": ""BC-3ecd518a58a0c78a697f""}]"
WLC:Job.14.9	strong	tevrat	karsi_anlati|motif	water revives a cut tree | stump buds again at the scent of water	The commentary connects plant drying and renewal with the claim that humans too can be brought out of earth; Job says a tree may bud again at the scent of water, supplying a concrete plant-renewal image. | Job's water-revived stump supplies the same rain, ground, and renewed growth image, but serves his contrast with the apparent finality of human death.	87:5	"[{""line"": 23, ""strength"": ""strong"", ""tradition"": ""tevrat"", ""kind"": ""motif"", ""ref"": ""WLC:Job.14.9"", ""basis"": ""water revives a cut tree"", ""note"": ""The commentary connects plant drying and renewal with the claim that humans too can be brought out of earth; Job says a tree may bud again at the scent of water, supplying a concrete plant-renewal image."", ""turn"": 1, ""model"": ""luna"", ""connection_id"": ""BC-9e71f07a7029d06dfe37""}, {""line"": 27, ""strength"": ""strong"", ""tradition"": ""tevrat"", ""kind"": ""karsi_anlati"", ""ref"": ""WLC:Job.14.9"", ""basis"": ""stump buds again at the scent of water"", ""note"": ""Job's water-revived stump supplies the same rain, ground, and renewed growth image, but serves his contrast with the apparent finality of human death."", ""turn"": 1, ""model"": ""terra"", ""connection_id"": ""BC-c6968c891b5db1736bd0""}]"
WLC:Job.38.27	medium	tevrat	motif|paralel	God makes grass sprout in wasteland | rain satisfies wasteland and makes grass sprout	The commentary treats emergence from dry earth as divine work; God asks whether he brings rain to desolate land and makes grass sprout there, extending agency to uncultivated ground. | God's rain satisfies desolate ground and causes grass to sprout, a creation-speech counterpart to the commentary's pasture emerging from earth.	87:5	"[{""line"": 35, ""strength"": ""medium"", ""tradition"": ""tevrat"", ""kind"": ""motif"", ""ref"": ""WLC:Job.38.27"", ""basis"": ""God makes grass sprout in wasteland"", ""note"": ""The commentary treats emergence from dry earth as divine work; God asks whether he brings rain to desolate land and makes grass sprout there, extending agency to uncultivated ground."", ""turn"": 1, ""model"": ""luna"", ""connection_id"": ""BC-d9d4ad68a929800ab523""}, {""line"": 51, ""strength"": ""medium"", ""tradition"": ""tevrat"", ""kind"": ""paralel"", ""ref"": ""WLC:Job.38.27"", ""basis"": ""rain satisfies wasteland and makes grass sprout"", ""note"": ""God's rain satisfies desolate ground and causes grass to sprout, a creation-speech counterpart to the commentary's pasture emerging from earth."", ""turn"": 1, ""model"": ""terra"", ""connection_id"": ""BC-5508ef0b637c7a064703""}]"
WLC:Job.8.11	strong	tevrat	motif	reeds need water to grow	The commentary sets floating debris against hollows that retain floodwater; Job asks whether papyrus or reeds can grow without marsh and water, making water retention a condition for plant life.	87:5	"[{""line"": 53, ""strength"": ""strong"", ""tradition"": ""tevrat"", ""kind"": ""motif"", ""ref"": ""WLC:Job.8.11"", ""basis"": ""reeds need water to grow"", ""note"": ""The commentary sets floating debris against hollows that retain floodwater; Job asks whether papyrus or reeds can grow without marsh and water, making water retention a condition for plant life."", ""turn"": 2, ""model"": ""luna"", ""connection_id"": ""BC-4664f642fdd65a774f94""}]"
WLC:Job.8.12	strong	tevrat	motif	green plant withers before harvest | green marsh plant withers before other vegetation	The commentary holds the green pasture within the darkened debris; Job says a plant can wither while still green and uncut, giving the color change a specific image of premature loss. | Bildad's plant remains green yet dries without sustaining water, a precise counterpart to the commentary's attention to green still visible beneath darkening and to water's role in what remains.	87:5	"[{""line"": 54, ""strength"": ""strong"", ""tradition"": ""tevrat"", ""kind"": ""motif"", ""ref"": ""WLC:Job.8.12"", ""basis"": ""green plant withers before harvest"", ""note"": ""The commentary holds the green pasture within the darkened debris; Job says a plant can wither while still green and uncut, giving the color change a specific image of premature loss."", ""turn"": 2, ""model"": ""luna"", ""connection_id"": ""BC-52dee5f0e8d5ebabcdc9""}, {""line"": 61, ""strength"": ""strong"", ""tradition"": ""tevrat"", ""kind"": ""motif"", ""ref"": ""WLC:Job.8.12"", ""basis"": ""green marsh plant withers before other vegetation"", ""note"": ""Bildad's plant remains green yet dries without sustaining water, a precise counterpart to the commentary's attention to green still visible beneath darkening and to water's role in what remains."", ""turn"": 2, ""model"": ""terra"", ""connection_id"": ""BC-e019981a5ae18d4b6676""}]"
WLC:Job.8.13	strong	tevrat	motif	forgotten God compared with a perishing plant's hope	Job applies the waterless plant's end to those who forget God, joining vegetal failure to the commentary's moral turn from pasture to human fate.	87:5	"[{""line"": 62, ""strength"": ""strong"", ""tradition"": ""tevrat"", ""kind"": ""motif"", ""ref"": ""WLC:Job.8.13"", ""basis"": ""forgotten God compared with a perishing plant's hope"", ""note"": ""Job applies the waterless plant's end to those who forget God, joining vegetal failure to the commentary's moral turn from pasture to human fate."", ""turn"": 2, ""model"": ""terra"", ""connection_id"": ""BC-9fdb8024c1a5fc18a7b5""}]"
WLC:Jonah.4.6	strong	tevrat	motif	a plant appointed to grow over Jonah	The commentary treats vegetation’s course as one of the Lord’s successive acts; in Jonah the LORD appoints a plant and makes it grow over Jonah, setting up a divinely governed plant life-cycle.	87:5	"[{""line"": 8, ""strength"": ""strong"", ""tradition"": ""tevrat"", ""kind"": ""motif"", ""ref"": ""WLC:Jonah.4.6"", ""basis"": ""a plant appointed to grow over Jonah"", ""note"": ""The commentary treats vegetation’s course as one of the Lord’s successive acts; in Jonah the LORD appoints a plant and makes it grow over Jonah, setting up a divinely governed plant life-cycle."", ""turn"": 1, ""model"": ""luna"", ""connection_id"": ""BC-0a1a6741ef4f3aa47094""}]"
WLC:Jonah.4.7	strong	tevrat	motif	worm strikes and plant withers	The commentary’s pasture is changed by its original giver; Jonah’s plant is struck by a divinely appointed worm and withers, so the same narrative names the giver’s action in a plant’s loss.	87:5	"[{""line"": 9, ""strength"": ""strong"", ""tradition"": ""tevrat"", ""kind"": ""motif"", ""ref"": ""WLC:Jonah.4.7"", ""basis"": ""worm strikes and plant withers"", ""note"": ""The commentary’s pasture is changed by its original giver; Jonah’s plant is struck by a divinely appointed worm and withers, so the same narrative names the giver’s action in a plant’s loss."", ""turn"": 1, ""model"": ""luna"", ""connection_id"": ""BC-33439400a0214198b8d3""}]"
WLC:Jonah.4.8	strong	tevrat	motif	scorching wind and dying plant	The commentary hears drying as the next act after growth; Jonah adds scorching east wind and the sun, and the plant’s death makes the change bodily and immediate for Jonah.	87:5	"[{""line"": 10, ""strength"": ""strong"", ""tradition"": ""tevrat"", ""kind"": ""motif"", ""ref"": ""WLC:Jonah.4.8"", ""basis"": ""scorching wind and dying plant"", ""note"": ""The commentary hears drying as the next act after growth; Jonah adds scorching east wind and the sun, and the plant’s death makes the change bodily and immediate for Jonah."", ""turn"": 1, ""model"": ""luna"", ""connection_id"": ""BC-ee68eafaa70836402bac""}]"
WLC:Prov.20.26	strong	tevrat	motif	king winnows the wicked	The commentary links debris to the rejected side of choosing and sorting; Proverbs pictures a king winnowing the wicked and passing the wheel over them, making separation an enacted judgment.	87:5	"[{""line"": 12, ""strength"": ""strong"", ""tradition"": ""tevrat"", ""kind"": ""motif"", ""ref"": ""WLC:Prov.20.26"", ""basis"": ""king winnows the wicked"", ""note"": ""The commentary links debris to the rejected side of choosing and sorting; Proverbs pictures a king winnowing the wicked and passing the wheel over them, making separation an enacted judgment."", ""turn"": 1, ""model"": ""luna"", ""connection_id"": ""BC-a9a8639043819fb6deac""}]"
WLC:Ps.1.3	strong	tevrat	motif	tree by water with unwithered leaf | water-rooted tree that does not wither	The commentary imagines water held in hollows while surface debris goes; Psalm 1 contrasts wind-blown chaff with a tree planted beside water whose leaf does not wither, making rooted retention the other side of the image. | The water-retaining side of the commentary's flood scene finds a close counterpart in the tree planted by streams that keeps its leaf and bears fruit.	87:5	"[{""line"": 22, ""strength"": ""strong"", ""tradition"": ""tevrat"", ""kind"": ""motif"", ""ref"": ""WLC:Ps.1.3"", ""basis"": ""tree by water with unwithered leaf"", ""note"": ""The commentary imagines water held in hollows while surface debris goes; Psalm 1 contrasts wind-blown chaff with a tree planted beside water whose leaf does not wither, making rooted retention the other side of the image."", ""turn"": 1, ""model"": ""luna"", ""connection_id"": ""BC-d137bef4514066ca73b5""}, {""line"": 13, ""strength"": ""strong"", ""tradition"": ""tevrat"", ""kind"": ""motif"", ""ref"": ""WLC:Ps.1.3"", ""basis"": ""water-rooted tree that does not wither"", ""note"": ""The water-retaining side of the commentary's flood scene finds a close counterpart in the tree planted by streams that keeps its leaf and bears fruit."", ""turn"": 1, ""model"": ""terra"", ""connection_id"": ""BC-6ad0bb33eb844faab475""}]"
WLC:Ps.1.4	strong	tevrat	motif	wind-driven chaff | chaff driven by wind	The commentary hears guthā as debris carried off and later as what is discarded; Psalm 1 calls the wicked chaff that wind drives away, making the residue an image of judgment. | Psalm 1 contrasts that rooted tree with wicked people as chaff driven away, joining useful rooted life to refuse that cannot remain.	87:5	"[{""line"": 3, ""strength"": ""strong"", ""tradition"": ""tevrat"", ""kind"": ""motif"", ""ref"": ""WLC:Ps.1.4"", ""basis"": ""wind-driven chaff"", ""note"": ""The commentary hears guthā as debris carried off and later as what is discarded; Psalm 1 calls the wicked chaff that wind drives away, making the residue an image of judgment."", ""turn"": 1, ""model"": ""luna"", ""connection_id"": ""BC-0a861c72b41ade366c61""}, {""line"": 14, ""strength"": ""strong"", ""tradition"": ""tevrat"", ""kind"": ""motif"", ""ref"": ""WLC:Ps.1.4"", ""basis"": ""chaff driven by wind"", ""note"": ""Psalm 1 contrasts that rooted tree with wicked people as chaff driven away, joining useful rooted life to refuse that cannot remain."", ""turn"": 1, ""model"": ""terra"", ""connection_id"": ""BC-fb8dbdce1ec12a1722bf""}]"
WLC:Ps.103.15	strong	tevrat	motif	human life like field grass | human days like grass and its flower	The commentary connects withered pasture to people who deny resurrection and become debris; this verse compares human days to grass and its flower, extending the plant’s transience to human life. | Psalm 103 calls a human life grass and a field flower, a nonjudgmental mortality counterpart to the commentary's vegetal picture of the world's passing life.	87:5	"[{""line"": 5, ""strength"": ""strong"", ""tradition"": ""tevrat"", ""kind"": ""motif"", ""ref"": ""WLC:Ps.103.15"", ""basis"": ""human life like field grass"", ""note"": ""The commentary connects withered pasture to people who deny resurrection and become debris; this verse compares human days to grass and its flower, extending the plant’s transience to human life."", ""turn"": 1, ""model"": ""luna"", ""connection_id"": ""BC-6fbc1ec82fd46cf8a6a0""}, {""line"": 47, ""strength"": ""medium"", ""tradition"": ""tevrat"", ""kind"": ""motif"", ""ref"": ""WLC:Ps.103.15"", ""basis"": ""human days like grass and its flower"", ""note"": ""Psalm 103 calls a human life grass and a field flower, a nonjudgmental mortality counterpart to the commentary's vegetal picture of the world's passing life."", ""turn"": 1, ""model"": ""terra"", ""connection_id"": ""BC-f3503c8a200dbf50809b""}]"
WLC:Ps.103.16	strong	tevrat	motif	wind leaves no trace | wind passes and the grass's place knows it no more	The commentary describes guthā as carried away and no longer counted; here wind passes over the flower, it is gone, and its place no longer knows it, closely specifying disappearance. | The vanished plant leaves even its place without recognition of it, closely serving the commentary's secondary sense of refuse that no one counts.	87:5	"[{""line"": 6, ""strength"": ""strong"", ""tradition"": ""tevrat"", ""kind"": ""motif"", ""ref"": ""WLC:Ps.103.16"", ""basis"": ""wind leaves no trace"", ""note"": ""The commentary describes guthā as carried away and no longer counted; here wind passes over the flower, it is gone, and its place no longer knows it, closely specifying disappearance."", ""turn"": 1, ""model"": ""luna"", ""connection_id"": ""BC-17f8963787208a48c742""}, {""line"": 48, ""strength"": ""medium"", ""tradition"": ""tevrat"", ""kind"": ""motif"", ""ref"": ""WLC:Ps.103.16"", ""basis"": ""wind passes and the grass's place knows it no more"", ""note"": ""The vanished plant leaves even its place without recognition of it, closely serving the commentary's secondary sense of refuse that no one counts."", ""turn"": 1, ""model"": ""terra"", ""connection_id"": ""BC-bb9c689fb83bead99070""}]"
WLC:Ps.104.14	strong	tevrat	motif	grass for cattle and plants for people | God causes grass to grow for cattle	The commentary identifies the emerging pasture as provision for grazing animals; the psalm says God causes grass to grow for cattle and plants for human use, linking vegetation to divine sustenance. | The psalm's praise names God as the one who grows grass for animals, supplying the same pasture-as-deliberate-provision setting before the commentary follows it into decline.	87:5	"[{""line"": 28, ""strength"": ""medium"", ""tradition"": ""tevrat"", ""kind"": ""motif"", ""ref"": ""WLC:Ps.104.14"", ""basis"": ""grass for cattle and plants for people"", ""note"": ""The commentary identifies the emerging pasture as provision for grazing animals; the psalm says God causes grass to grow for cattle and plants for human use, linking vegetation to divine sustenance."", ""turn"": 1, ""model"": ""luna"", ""connection_id"": ""BC-36883a433ae262c4f708""}, {""line"": 6, ""strength"": ""strong"", ""tradition"": ""tevrat"", ""kind"": ""motif"", ""ref"": ""WLC:Ps.104.14"", ""basis"": ""God causes grass to grow for cattle"", ""note"": ""The psalm's praise names God as the one who grows grass for animals, supplying the same pasture-as-deliberate-provision setting before the commentary follows it into decline."", ""turn"": 1, ""model"": ""terra"", ""connection_id"": ""BC-36ffc95ee3b726606647""}]"
WLC:Ps.104.29	strong	tevrat	motif	God takes breath and creatures return to dust	Within the same hymn, creatures die and return to dust when God takes their breath, supporting the commentary's rejection of an impersonal agent for life's ending.	87:5	"[{""line"": 7, ""strength"": ""strong"", ""tradition"": ""tevrat"", ""kind"": ""motif"", ""ref"": ""WLC:Ps.104.29"", ""basis"": ""God takes breath and creatures return to dust"", ""note"": ""Within the same hymn, creatures die and return to dust when God takes their breath, supporting the commentary's rejection of an impersonal agent for life's ending."", ""turn"": 1, ""model"": ""terra"", ""connection_id"": ""BC-1167053f7c65de40f373""}]"
WLC:Ps.104.30	strong	tevrat	motif	God sends breath and renews ground	God's sending of breath creates and renews the face of the ground, giving the reverse movement to the commentary's dry-ground-to-new-pasture horizon.	87:5	"[{""line"": 8, ""strength"": ""strong"", ""tradition"": ""tevrat"", ""kind"": ""motif"", ""ref"": ""WLC:Ps.104.30"", ""basis"": ""God sends breath and renews ground"", ""note"": ""God's sending of breath creates and renews the face of the ground, giving the reverse movement to the commentary's dry-ground-to-new-pasture horizon."", ""turn"": 1, ""model"": ""terra"", ""connection_id"": ""BC-f2be98e20bf43d4a527f""}]"
WLC:Ps.107.33	strong	tevrat	paralel	God turns rivers and springs into desert and thirsty ground	Psalm 107 gives God the reverse movement from water-bearing land to barrenness, directly extending the commentary's one-agent account of life-giving and drying change.	87:5	"[{""line"": 57, ""strength"": ""strong"", ""tradition"": ""tevrat"", ""kind"": ""paralel"", ""ref"": ""WLC:Ps.107.33"", ""basis"": ""God turns rivers and springs into desert and thirsty ground"", ""note"": ""Psalm 107 gives God the reverse movement from water-bearing land to barrenness, directly extending the commentary's one-agent account of life-giving and drying change."", ""turn"": 2, ""model"": ""terra"", ""connection_id"": ""BC-c1e66ec7844a5c9e8c6a""}]"
WLC:Ps.107.35	strong	tevrat	motif|paralel	dry ground becomes pools | God turns wilderness and parched ground into water sources	The commentary sets what a flood carries away against hollows that hold its water; the psalm says God turns wilderness into pools and dry land into springs, a direct reversal from barren to water-filled. | The psalm immediately states the opposite turn, so its paired reversals illuminate the commentary's observation that dry ground may become the place of new growth.	87:5	"[{""line"": 32, ""strength"": ""medium"", ""tradition"": ""tevrat"", ""kind"": ""motif"", ""ref"": ""WLC:Ps.107.35"", ""basis"": ""dry ground becomes pools"", ""note"": ""The commentary sets what a flood carries away against hollows that hold its water; the psalm says God turns wilderness into pools and dry land into springs, a direct reversal from barren to water-filled."", ""turn"": 1, ""model"": ""luna"", ""connection_id"": ""BC-e129a48a45016b027d6a""}, {""line"": 58, ""strength"": ""strong"", ""tradition"": ""tevrat"", ""kind"": ""paralel"", ""ref"": ""WLC:Ps.107.35"", ""basis"": ""God turns wilderness and parched ground into water sources"", ""note"": ""The psalm immediately states the opposite turn, so its paired reversals illuminate the commentary's observation that dry ground may become the place of new growth."", ""turn"": 2, ""model"": ""terra"", ""connection_id"": ""BC-a7ae2cc0aadb300017f8""}]"
WLC:Ps.107.37	medium	tevrat	motif	sowing fields and planting vineyards	The commentary describes pasture as food-bearing growth before its decline; after dry country becomes springs, this psalm has people sow fields and plant vineyards that yield fruit, showing renewal leading to provision.	87:5	"[{""line"": 33, ""strength"": ""medium"", ""tradition"": ""tevrat"", ""kind"": ""motif"", ""ref"": ""WLC:Ps.107.37"", ""basis"": ""sowing fields and planting vineyards"", ""note"": ""The commentary describes pasture as food-bearing growth before its decline; after dry country becomes springs, this psalm has people sow fields and plant vineyards that yield fruit, showing renewal leading to provision."", ""turn"": 1, ""model"": ""luna"", ""connection_id"": ""BC-ace94cb9376598c1864c""}]"
WLC:Ps.129.6	strong	tevrat	motif	roof grass withers before it grows	The enemies of Zion are likened to grass that fails before maturity, another human-to-vegetation judgment image beside the commentary's degraded pasture.	87:5	"[{""line"": 64, ""strength"": ""strong"", ""tradition"": ""tevrat"", ""kind"": ""motif"", ""ref"": ""WLC:Ps.129.6"", ""basis"": ""roof grass withers before it grows"", ""note"": ""The enemies of Zion are likened to grass that fails before maturity, another human-to-vegetation judgment image beside the commentary's degraded pasture."", ""turn"": 2, ""model"": ""terra"", ""connection_id"": ""BC-9d64fff151cfa12b0457""}]"
WLC:Ps.129.7	strong	tevrat	motif	unharvestable grass fills neither reaper nor binder	The next verse emphasizes that the failed grass supplies no one, closely matching the commentary's secondary sense of residue that is not counted or retained.	87:5	"[{""line"": 65, ""strength"": ""strong"", ""tradition"": ""tevrat"", ""kind"": ""motif"", ""ref"": ""WLC:Ps.129.7"", ""basis"": ""unharvestable grass fills neither reaper nor binder"", ""note"": ""The next verse emphasizes that the failed grass supplies no one, closely matching the commentary's secondary sense of residue that is not counted or retained."", ""turn"": 2, ""model"": ""terra"", ""connection_id"": ""BC-0901dfe7c66a74ff6e5f""}]"
WLC:Ps.147.8	medium	tevrat	motif	God sends rain and makes grass grow in a hymn of praise	This praise psalm joins rain and grass growth to God's care, supporting the commentary's framing of pasture among the divine acts that call forth praise.	87:5	"[{""line"": 83, ""strength"": ""medium"", ""tradition"": ""tevrat"", ""kind"": ""motif"", ""ref"": ""WLC:Ps.147.8"", ""basis"": ""God sends rain and makes grass grow in a hymn of praise"", ""note"": ""This praise psalm joins rain and grass growth to God's care, supporting the commentary's framing of pasture among the divine acts that call forth praise."", ""turn"": 2, ""model"": ""terra"", ""connection_id"": ""BC-a9ac7faea2edd2c53784""}]"
WLC:Ps.35.5	strong	tevrat	motif	chaff before wind driven by YHWH's angel	The psalm combines chaff, wind, and an explicitly divine pursuer, sharpening the commentary's account of debris being carried away under a responsible agent.	87:5	"[{""line"": 63, ""strength"": ""strong"", ""tradition"": ""tevrat"", ""kind"": ""motif"", ""ref"": ""WLC:Ps.35.5"", ""basis"": ""chaff before wind driven by YHWH's angel"", ""note"": ""The psalm combines chaff, wind, and an explicitly divine pursuer, sharpening the commentary's account of debris being carried away under a responsible agent."", ""turn"": 2, ""model"": ""terra"", ""connection_id"": ""BC-7c80a429c39ec4452b4a""}]"
WLC:Ps.37.2	strong	tevrat	motif	wicked fade like green grass | evil-doers quickly wither like grass	The commentary turns the plant’s withering into an image for people who choose the transient world; this verse says evildoers soon wither like grass and fade like green herbs, making the moral application explicit. | Psalm 37 supplies a concise ethical application of withering grass to people whose apparent worldly flourishing does not last.	87:5	"[{""line"": 51, ""strength"": ""strong"", ""tradition"": ""tevrat"", ""kind"": ""motif"", ""ref"": ""WLC:Ps.37.2"", ""basis"": ""wicked fade like green grass"", ""note"": ""The commentary turns the plant’s withering into an image for people who choose the transient world; this verse says evildoers soon wither like grass and fade like green herbs, making the moral application explicit."", ""turn"": 2, ""model"": ""luna"", ""connection_id"": ""BC-b2c300281a4f10e50ae1""}, {""line"": 81, ""strength"": ""medium"", ""tradition"": ""tevrat"", ""kind"": ""motif"", ""ref"": ""WLC:Ps.37.2"", ""basis"": ""evil-doers quickly wither like grass"", ""note"": ""Psalm 37 supplies a concise ethical application of withering grass to people whose apparent worldly flourishing does not last."", ""turn"": 2, ""model"": ""terra"", ""connection_id"": ""BC-4cb68e7e6c0121b362c4""}]"
WLC:Ps.90.5	strong	tevrat	motif	swept away like a flood | God sweeps mortals away like a flood	The commentary’s guthā is uprooted and swept along by water; the psalm says God sweeps people away like a flood before comparing life to grass, joining water’s force to transience. | The commentary's flood carries loose vegetation away; Psalm 90 gives God the active verb of sweeping mortals away like a flood.	87:5	"[{""line"": 29, ""strength"": ""medium"", ""tradition"": ""tevrat"", ""kind"": ""motif"", ""ref"": ""WLC:Ps.90.5"", ""basis"": ""swept away like a flood"", ""note"": ""The commentary’s guthā is uprooted and swept along by water; the psalm says God sweeps people away like a flood before comparing life to grass, joining water’s force to transience."", ""turn"": 1, ""model"": ""luna"", ""connection_id"": ""BC-9e6b58c27fbd0e905212""}, {""line"": 11, ""strength"": ""strong"", ""tradition"": ""tevrat"", ""kind"": ""motif"", ""ref"": ""WLC:Ps.90.5"", ""basis"": ""God sweeps mortals away like a flood"", ""note"": ""The commentary's flood carries loose vegetation away; Psalm 90 gives God the active verb of sweeping mortals away like a flood."", ""turn"": 1, ""model"": ""terra"", ""connection_id"": ""BC-9c0d8cfec8054720b6db""}]"
WLC:Ps.90.6	strong	tevrat	motif	grass grows then dries in a day | morning grass fades by evening	The commentary compresses pasture’s emergence and drying into one turn; this verse pictures morning growth and evening fading and drying, giving that short life a human-scale temporal image. | Psalm 90 makes grass flourish in the morning and fade and wither by evening, a sharply compressed season like the commentary's fa-linked pasture-to-waste movement.	87:5	"[{""line"": 4, ""strength"": ""strong"", ""tradition"": ""tevrat"", ""kind"": ""motif"", ""ref"": ""WLC:Ps.90.6"", ""basis"": ""grass grows then dries in a day"", ""note"": ""The commentary compresses pasture’s emergence and drying into one turn; this verse pictures morning growth and evening fading and drying, giving that short life a human-scale temporal image."", ""turn"": 1, ""model"": ""luna"", ""connection_id"": ""BC-be03410951667e5c432e""}, {""line"": 12, ""strength"": ""strong"", ""tradition"": ""tevrat"", ""kind"": ""motif"", ""ref"": ""WLC:Ps.90.6"", ""basis"": ""morning grass fades by evening"", ""note"": ""Psalm 90 makes grass flourish in the morning and fade and wither by evening, a sharply compressed season like the commentary's fa-linked pasture-to-waste movement."", ""turn"": 1, ""model"": ""terra"", ""connection_id"": ""BC-272121edf9c7d2149cf7""}]"
WLC:Ps.92.8	medium	tevrat	motif	wicked sprout like grass only to be destroyed forever	The psalm treats lush grasslike flourishing as the prelude to the wicked's final loss, a direct moralization of the commentary's green-to-dark transition.	87:5	"[{""line"": 80, ""strength"": ""medium"", ""tradition"": ""tevrat"", ""kind"": ""motif"", ""ref"": ""WLC:Ps.92.8"", ""basis"": ""wicked sprout like grass only to be destroyed forever"", ""note"": ""The psalm treats lush grasslike flourishing as the prelude to the wicked's final loss, a direct moralization of the commentary's green-to-dark transition."", ""turn"": 2, ""model"": ""terra"", ""connection_id"": ""BC-e9fa474b1f6ed79bb340""}]"
WLC:Song.1.5	medium	tevrat	motif	darkness can be beautiful | blackness named together with beauty	The commentary says ahwā’s dark hue need not be ugly and recalls its use for beauty; the speaker calls herself dark yet lovely, giving a concrete literary instance where dark coloration and beauty coexist. | The commentary stresses that ahwā's dark hue is not intrinsically ugly; the Song separately places blackness beside beauty, a tonal comparison rather than a direct botanical parallel.	87:5	"[{""line"": 36, ""strength"": ""medium"", ""tradition"": ""tevrat"", ""kind"": ""motif"", ""ref"": ""WLC:Song.1.5"", ""basis"": ""darkness can be beautiful"", ""note"": ""The commentary says ahwā’s dark hue need not be ugly and recalls its use for beauty; the speaker calls herself dark yet lovely, giving a concrete literary instance where dark coloration and beauty coexist."", ""turn"": 1, ""model"": ""luna"", ""connection_id"": ""BC-715583a507a65b47adac""}, {""line"": 89, ""strength"": ""weak"", ""tradition"": ""tevrat"", ""kind"": ""motif"", ""ref"": ""WLC:Song.1.5"", ""basis"": ""blackness named together with beauty"", ""note"": ""The commentary stresses that ahwā's dark hue is not intrinsically ugly; the Song separately places blackness beside beauty, a tonal comparison rather than a direct botanical parallel."", ""turn"": 2, ""model"": ""terra"", ""connection_id"": ""BC-d97e99f47dc1b8cb01c9""}]"
WLC:Song.4.12	weak	tevrat	motif	sealed spring in an enclosed garden	The commentary explicitly treats water-holding hollows as a secondary image beside floating debris; the Song’s enclosed garden and sealed spring offer a specific image of protected water, though its setting is erotic rather than a flood basin.	87:5	"[{""line"": 66, ""strength"": ""weak"", ""tradition"": ""tevrat"", ""kind"": ""motif"", ""ref"": ""WLC:Song.4.12"", ""basis"": ""sealed spring in an enclosed garden"", ""note"": ""The commentary explicitly treats water-holding hollows as a secondary image beside floating debris; the Song’s enclosed garden and sealed spring offer a specific image of protected water, though its setting is erotic rather than a flood basin."", ""turn"": 2, ""model"": ""luna"", ""connection_id"": ""BC-a5a8a4362104dc8fab53""}]"
WLC:Song.4.15	weak	tevrat	motif	well of living water and flowing streams	The commentary contrasts what a flood carries away with water retained in hollows; the Song names a well of living water and streams, a related water-source image without the commentary’s debris or flood scene.	87:5	"[{""line"": 67, ""strength"": ""weak"", ""tradition"": ""tevrat"", ""kind"": ""motif"", ""ref"": ""WLC:Song.4.15"", ""basis"": ""well of living water and flowing streams"", ""note"": ""The commentary contrasts what a flood carries away with water retained in hollows; the Song names a well of living water and streams, a related water-source image without the commentary’s debris or flood scene."", ""turn"": 2, ""model"": ""luna"", ""connection_id"": ""BC-62f172145eb00a670cad""}]"
Wisdom of Solomon 2:2	strong	tevrat	karsi_anlati	ungodly claim birth by chance and nonexistence after death	The book places an impersonal, no-afterlife account in the mouth of the ungodly, furnishing a Jewish counter-narrative to the commentary's rejection of time or chance as the final explanation.	87:5	"[{""line"": 38, ""strength"": ""strong"", ""tradition"": ""tevrat"", ""kind"": ""karsi_anlati"", ""ref"": ""Wisdom of Solomon 2:2"", ""basis"": ""ungodly claim birth by chance and nonexistence after death"", ""note"": ""The book places an impersonal, no-afterlife account in the mouth of the ungodly, furnishing a Jewish counter-narrative to the commentary's rejection of time or chance as the final explanation."", ""turn"": 1, ""model"": ""terra"", ""connection_id"": ""BC-c820da5c511c4e791db0""}]"
Wisdom of Solomon 5:14	strong	tevrat	motif	foam driven away by storm | ungodly hope as wind-driven chaff, frost, and smoke	The commentary joins floating debris, foam, dispersal, and forgottenness; Wisdom compares the ungodly’s hope to storm-driven froth and smoke, then to a guest’s unremembered stay. | Wisdom layers chaff, storm-driven frost, and dispersed smoke to describe the ungodly's vanished hope, a Jewish analogue for guthāʾ as humanly worthless and gone.	87:5	"[{""line"": 14, ""strength"": ""strong"", ""tradition"": ""tevrat"", ""kind"": ""motif"", ""ref"": ""Wisdom of Solomon 5:14"", ""basis"": ""foam driven away by storm"", ""note"": ""The commentary joins floating debris, foam, dispersal, and forgottenness; Wisdom compares the ungodly’s hope to storm-driven froth and smoke, then to a guest’s unremembered stay."", ""turn"": 1, ""model"": ""luna"", ""connection_id"": ""BC-4140cd2f385c5df0eaa1""}, {""line"": 18, ""strength"": ""strong"", ""tradition"": ""tevrat"", ""kind"": ""motif"", ""ref"": ""Wisdom of Solomon 5:14"", ""basis"": ""ungodly hope as wind-driven chaff, frost, and smoke"", ""note"": ""Wisdom layers chaff, storm-driven frost, and dispersed smoke to describe the ungodly's vanished hope, a Jewish analogue for guthāʾ as humanly worthless and gone."", ""turn"": 1, ""model"": ""terra"", ""connection_id"": ""BC-77d64f1ee235a982c8d4""}]"
b. Sanhedrin 90b	medium	tevrat	yorum_gelenegi	denial of resurrection as a decisive theological error	The Mishnah opening this discussion excludes one who says resurrection is not from Torah, offering a rabbinic counterpart to the commentary's attention to people who reject being raised after death.	87:5	"[{""line"": 85, ""strength"": ""medium"", ""tradition"": ""tevrat"", ""kind"": ""yorum_gelenegi"", ""ref"": ""b. Sanhedrin 90b"", ""basis"": ""denial of resurrection as a decisive theological error"", ""note"": ""The Mishnah opening this discussion excludes one who says resurrection is not from Torah, offering a rabbinic counterpart to the commentary's attention to people who reject being raised after death."", ""turn"": 2, ""model"": ""terra"", ""connection_id"": ""BC-e13cef1dbee0713f5c2c""}]"
b. Ta'anit 2a	medium	tevrat	yorum_gelenegi	God's keys of rain and resurrection	The rabbinic saying keeps the keys of rain and resurrection in God's own hand, linking the commentary's water, pasture, and return-from-death motifs under one divine agency.	87:5	"[{""line"": 52, ""strength"": ""medium"", ""tradition"": ""tevrat"", ""kind"": ""yorum_gelenegi"", ""ref"": ""b. Ta'anit 2a"", ""basis"": ""God's keys of rain and resurrection"", ""note"": ""The rabbinic saying keeps the keys of rain and resurrection in God's own hand, linking the commentary's water, pasture, and return-from-death motifs under one divine agency."", ""turn"": 1, ""model"": ""terra"", ""connection_id"": ""BC-0d77f50dfe6146bde335""}]"
