ref	tier	tradition	kinds	basis	explanations	target	evidence
Irenaeus, Against Heresies 3.1.1	medium	incil	yorum_gelenegi	apostolic preaching handed on in written Gospels	The commentary moves from a word received by a messenger to a durable body of pages for later readers. Irenaeus describes the apostles first preaching and then handing down the Gospel in writings, a patristic account of oral revelation becoming preserved Scripture.	87:6	"[{""line"": 88, ""strength"": ""medium"", ""tradition"": ""incil"", ""kind"": ""yorum_gelenegi"", ""ref"": ""Irenaeus, Against Heresies 3.1.1"", ""basis"": ""apostolic preaching handed on in written Gospels"", ""note"": ""The commentary moves from a word received by a messenger to a durable body of pages for later readers. Irenaeus describes the apostles first preaching and then handing down the Gospel in writings, a patristic account of oral revelation becoming preserved Scripture."", ""turn"": 2, ""model"": ""terra"", ""connection_id"": ""BC-306a51599e556a9d7095""}]"
Jerome, Commentary on Ezekiel 3:1-4	medium	incil	yorum_gelenegi	eating the scroll as inward appropriation	Jerome's discussion of Ezekiel's eaten scroll treats reception of prophetic words as something to take within before teaching; it supplies a Christian interpretive bridge for the commentary's held-then-released word.	87:6	"[{""line"": 77, ""strength"": ""medium"", ""tradition"": ""incil"", ""kind"": ""yorum_gelenegi"", ""ref"": ""Jerome, Commentary on Ezekiel 3:1-4"", ""basis"": ""eating the scroll as inward appropriation"", ""note"": ""Jerome's discussion of Ezekiel's eaten scroll treats reception of prophetic words as something to take within before teaching; it supplies a Christian interpretive bridge for the commentary's held-then-released word."", ""turn"": 1, ""model"": ""luna"", ""connection_id"": ""BC-944591c868f1f1117fae""}]"
John Chrysostom, Homilies on John, on John 14:25-26	medium	incil	yorum_gelenegi	Spirit's reminder as Christ's teaching retained	Chrysostom reads Jesus' promise that the Spirit will teach and remind the disciples in its immediate setting; this Christian interpretation stresses preservation of Jesus' words rather than an unrelated new message.	87:6	"[{""line"": 76, ""strength"": ""medium"", ""tradition"": ""incil"", ""kind"": ""yorum_gelenegi"", ""ref"": ""John Chrysostom, Homilies on John, on John 14:25-26"", ""basis"": ""Spirit's reminder as Christ's teaching retained"", ""note"": ""Chrysostom reads Jesus' promise that the Spirit will teach and remind the disciples in its immediate setting; this Christian interpretation stresses preservation of Jesus' words rather than an unrelated new message."", ""turn"": 1, ""model"": ""luna"", ""connection_id"": ""BC-62b46b0b0ddc9961b6cf""}]"
Justin Martyr, First Apology 67	medium	incil	motif	prophets and apostolic memoirs read in assembly	Justin describes public reading of prophetic and apostolic writings followed by an exhortation to imitate them; this connects the commentary's recitation, listening, and lived devotion with early Christian worship.	87:6	"[{""line"": 99, ""strength"": ""medium"", ""tradition"": ""incil"", ""kind"": ""motif"", ""ref"": ""Justin Martyr, First Apology 67"", ""basis"": ""prophets and apostolic memoirs read in assembly"", ""note"": ""Justin describes public reading of prophetic and apostolic writings followed by an exhortation to imitate them; this connects the commentary's recitation, listening, and lived devotion with early Christian worship."", ""turn"": 2, ""model"": ""luna"", ""connection_id"": ""BC-e5f56eebab6c1abbf936""}]"
Peshitta 1 Timothy 4:13	medium	incil	soydas	Syriac qeryānā, public reading	The Peshitta's Syriac reading term qeryānā belongs to the same Semitic reading-word family as Arabic q-r-ʾ; here it names public reading joined to teaching, while the SBL Greek word is not a cognate.	87:6	"[{""line"": 79, ""strength"": ""medium"", ""tradition"": ""incil"", ""kind"": ""soydas"", ""ref"": ""Peshitta 1 Timothy 4:13"", ""basis"": ""Syriac qeryānā, public reading"", ""note"": ""The Peshitta's Syriac reading term qeryānā belongs to the same Semitic reading-word family as Arabic q-r-ʾ; here it names public reading joined to teaching, while the SBL Greek word is not a cognate."", ""turn"": 1, ""model"": ""luna"", ""connection_id"": ""BC-9373528d2424bf56b124""}]"
Peshitta Luke 12:6	medium	incil	soydas	Syriac nšy-family word for forgotten	The Syriac Peshitta uses a verb from the nšy family for the sparrow not being forgotten before God; that is a cognate of the Arabic n-s-y label, while the Greek New Testament has a different root, and the context makes divine remembering concrete.	87:6	"[{""line"": 78, ""strength"": ""medium"", ""tradition"": ""incil"", ""kind"": ""soydas"", ""ref"": ""Peshitta Luke 12:6"", ""basis"": ""Syriac nšy-family word for forgotten"", ""note"": ""The Syriac Peshitta uses a verb from the nšy family for the sparrow not being forgotten before God; that is a cognate of the Arabic n-s-y label, while the Greek New Testament has a different root, and the context makes divine remembering concrete."", ""turn"": 1, ""model"": ""luna"", ""connection_id"": ""BC-6e3b04ee0f8a7db51b5d""}]"
Protevangelium of James 17-20	medium	incil	karsi_anlati	Mary's birth in the cave with a midwife	The apocryphal narrative places Jesus' birth in a cave and has Joseph summon a midwife, whereas the Qur'anic Mary scene foregrounds solitary labor, distress, and a wish to be forgotten; the distinct birth framing adds an early Christian account beside the Qur'anic one.	87:6	"[{""line"": 100, ""strength"": ""medium"", ""tradition"": ""incil"", ""kind"": ""karsi_anlati"", ""ref"": ""Protevangelium of James 17-20"", ""basis"": ""Mary's birth in the cave with a midwife"", ""note"": ""The apocryphal narrative places Jesus' birth in a cave and has Joseph summon a midwife, whereas the Qur'anic Mary scene foregrounds solitary labor, distress, and a wish to be forgotten; the distinct birth framing adds an early Christian account beside the Qur'anic one."", ""turn"": 2, ""model"": ""luna"", ""connection_id"": ""BC-c513b2229aa1e1b9fcc6""}]"
SBLGNT:1Cor.15.3	strong	incil	motif	received tradition handed on	Paul says he handed on what he had received about Jesus' death and resurrection; this makes the source-to-recipient-to-listener chain explicit, adding a communal transmission formula to the commentary's carrier-of-words image.	87:6	"[{""line"": 83, ""strength"": ""strong"", ""tradition"": ""incil"", ""kind"": ""motif"", ""ref"": ""SBLGNT:1Cor.15.3"", ""basis"": ""received tradition handed on"", ""note"": ""Paul says he handed on what he had received about Jesus' death and resurrection; this makes the source-to-recipient-to-listener chain explicit, adding a communal transmission formula to the commentary's carrier-of-words image."", ""turn"": 2, ""model"": ""luna"", ""connection_id"": ""BC-c16299c7029180b0b619""}]"
SBLGNT:1Cor.2.13	strong	incil	motif	words taught by the Spirit | words taught by the Spirit rather than human wisdom	Paul contrasts Spirit-taught words with human wisdom; this makes the content and manner of speech dependent on divine teaching, adding an apostolic setting to the commentary's promise. | The commentary frames the recipient's reading as teaching received from a transcendent source. Paul says that he and his colleagues speak in words taught by the Spirit rather than human wisdom, a Christian articulation of divinely instructed expression.	87:6	"[{""line"": 48, ""strength"": ""strong"", ""tradition"": ""incil"", ""kind"": ""motif"", ""ref"": ""SBLGNT:1Cor.2.13"", ""basis"": ""words taught by the Spirit"", ""note"": ""Paul contrasts Spirit-taught words with human wisdom; this makes the content and manner of speech dependent on divine teaching, adding an apostolic setting to the commentary's promise."", ""turn"": 1, ""model"": ""luna"", ""connection_id"": ""BC-e311b0aa2c09bc9339d7""}, {""line"": 73, ""strength"": ""strong"", ""tradition"": ""incil"", ""kind"": ""motif"", ""ref"": ""SBLGNT:1Cor.2.13"", ""basis"": ""words taught by the Spirit rather than human wisdom"", ""note"": ""The commentary frames the recipient's reading as teaching received from a transcendent source. Paul says that he and his colleagues speak in words taught by the Spirit rather than human wisdom, a Christian articulation of divinely instructed expression."", ""turn"": 2, ""model"": ""terra"", ""connection_id"": ""BC-2a5ba50617f086bd11e1""}]"
SBLGNT:1John.2.24	medium	incil	motif	what was heard from the beginning remaining within	The commentary's gathered word remains in the recipient rather than becoming discarded residue. First John tells believers to let what they heard from the beginning remain in them, making continuance in the received message the condition of continuing communion.	87:6	"[{""line"": 94, ""strength"": ""medium"", ""tradition"": ""incil"", ""kind"": ""motif"", ""ref"": ""SBLGNT:1John.2.24"", ""basis"": ""what was heard from the beginning remaining within"", ""note"": ""The commentary's gathered word remains in the recipient rather than becoming discarded residue. First John tells believers to let what they heard from the beginning remain in them, making continuance in the received message the condition of continuing communion."", ""turn"": 2, ""model"": ""terra"", ""connection_id"": ""BC-bee99dd81c28bdbb6931""}]"
SBLGNT:1Pet.1.23	strong	incil	motif	new birth through the living and enduring word	The commentary pairs womb, retention, and release with the word's not being discarded. First Peter attributes new birth to the living and abiding word of God, a Christian use of birth imagery that makes the enduring word generative.	87:6	"[{""line"": 77, ""strength"": ""strong"", ""tradition"": ""incil"", ""kind"": ""motif"", ""ref"": ""SBLGNT:1Pet.1.23"", ""basis"": ""new birth through the living and enduring word"", ""note"": ""The commentary pairs womb, retention, and release with the word's not being discarded. First Peter attributes new birth to the living and abiding word of God, a Christian use of birth imagery that makes the enduring word generative."", ""turn"": 2, ""model"": ""terra"", ""connection_id"": ""BC-90533e06fdfd016072d2""}]"
SBLGNT:1Pet.1.24	medium	incil	motif	mortal life compared to grass and a fading flower	The commentary has the pasture become dark chaff immediately before the promise of retained recitation. Peter's verse compares all flesh and glory to grass and a flower that withers, supplying the perishable side of the contrast developed explicitly in the next verse.	87:6	"[{""line"": 44, ""strength"": ""medium"", ""tradition"": ""incil"", ""kind"": ""motif"", ""ref"": ""SBLGNT:1Pet.1.24"", ""basis"": ""mortal life compared to grass and a fading flower"", ""note"": ""The commentary has the pasture become dark chaff immediately before the promise of retained recitation. Peter's verse compares all flesh and glory to grass and a flower that withers, supplying the perishable side of the contrast developed explicitly in the next verse."", ""turn"": 1, ""model"": ""terra"", ""connection_id"": ""BC-9554c0b9feeb4c8b3597""}]"
SBLGNT:1Pet.1.25	strong	incil	motif	the enduring word identified as announced good news	The commentary joins an unfailing word to its passage from the recipient to other hearers. Peter says the Lord's word remains forever and identifies it as the good news announced to the audience, coupling permanence with oral proclamation.	87:6	"[{""line"": 22, ""strength"": ""strong"", ""tradition"": ""incil"", ""kind"": ""motif"", ""ref"": ""SBLGNT:1Pet.1.25"", ""basis"": ""the enduring word identified as announced good news"", ""note"": ""The commentary joins an unfailing word to its passage from the recipient to other hearers. Peter says the Lord's word remains forever and identifies it as the good news announced to the audience, coupling permanence with oral proclamation."", ""turn"": 1, ""model"": ""terra"", ""connection_id"": ""BC-b05a6f8c7ef82415e93b""}]"
SBLGNT:1Thess.2.13	strong	incil	motif	God's word received as divine and active within believers	The commentary says the given word is held within the recipient, not merely heard as an external sound. The Thessalonians receive the preached word as God's word rather than a human one, and Paul says it is at work within believers; this connects reception to inward efficacy.	87:6	"[{""line"": 75, ""strength"": ""strong"", ""tradition"": ""incil"", ""kind"": ""motif"", ""ref"": ""SBLGNT:1Thess.2.13"", ""basis"": ""God's word received as divine and active within believers"", ""note"": ""The commentary says the given word is held within the recipient, not merely heard as an external sound. The Thessalonians receive the preached word as God's word rather than a human one, and Paul says it is at work within believers; this connects reception to inward efficacy."", ""turn"": 2, ""model"": ""terra"", ""connection_id"": ""BC-f67db4dc90d6f9386647""}]"
SBLGNT:1Tim.4.13	strong	incil	motif	public reading, exhortation, teaching | public reading, exhortation, and teaching	Timothy is charged to attend to public reading alongside exhortation and teaching; the Syriac reading tradition also gives a cognate form for the commentary's reading word. | The commentary treats reading as more than isolated sound: retained words become reminder and instruction. Timothy is charged with public reading, exhortation, and teaching, a church practice that joins recitation to its communal effect.	87:6	"[{""line"": 60, ""strength"": ""strong"", ""tradition"": ""incil"", ""kind"": ""motif"", ""ref"": ""SBLGNT:1Tim.4.13"", ""basis"": ""public reading, exhortation, teaching"", ""note"": ""Timothy is charged to attend to public reading alongside exhortation and teaching; the Syriac reading tradition also gives a cognate form for the commentary's reading word."", ""turn"": 1, ""model"": ""luna"", ""connection_id"": ""BC-67debfded1cf7d4beb6c""}, {""line"": 91, ""strength"": ""medium"", ""tradition"": ""incil"", ""kind"": ""motif"", ""ref"": ""SBLGNT:1Tim.4.13"", ""basis"": ""public reading, exhortation, and teaching"", ""note"": ""The commentary treats reading as more than isolated sound: retained words become reminder and instruction. Timothy is charged with public reading, exhortation, and teaching, a church practice that joins recitation to its communal effect."", ""turn"": 2, ""model"": ""terra"", ""connection_id"": ""BC-69e154d8c11b6d6a4cc8""}]"
SBLGNT:2Cor.3.3	strong	incil	motif	Spirit writes on human hearts | Christ's letter written by the Spirit on human hearts	Paul calls the community a letter written not with ink but with the Spirit of the living God on hearts; this joins the commentary's inwardly held word to a Christian image of divine inscription. | The commentary's pages are not opposed to interior retention: words are gathered in the recipient before they are uttered. Paul calls the Corinthian community Christ's letter, written by the living God's Spirit on hearts rather than stone, a Christian transformation of scroll imagery into inward inscription.	87:6	"[{""line"": 50, ""strength"": ""strong"", ""tradition"": ""incil"", ""kind"": ""motif"", ""ref"": ""SBLGNT:2Cor.3.3"", ""basis"": ""Spirit writes on human hearts"", ""note"": ""Paul calls the community a letter written not with ink but with the Spirit of the living God on hearts; this joins the commentary's inwardly held word to a Christian image of divine inscription."", ""turn"": 1, ""model"": ""luna"", ""connection_id"": ""BC-7c372a56376d791713fc""}, {""line"": 31, ""strength"": ""medium"", ""tradition"": ""incil"", ""kind"": ""motif"", ""ref"": ""SBLGNT:2Cor.3.3"", ""basis"": ""Christ's letter written by the Spirit on human hearts"", ""note"": ""The commentary's pages are not opposed to interior retention: words are gathered in the recipient before they are uttered. Paul calls the Corinthian community Christ's letter, written by the living God's Spirit on hearts rather than stone, a Christian transformation of scroll imagery into inward inscription."", ""turn"": 1, ""model"": ""terra"", ""connection_id"": ""BC-54ee2f3c3230ae648d8a""}]"
SBLGNT:2Pet.1.21	strong	incil	motif	prophets carried by the Holy Spirit | prophets speaking from God while carried by the Spirit	Prophecy did not come by human will, but people spoke from God as they were carried by the Spirit; this gives a concise account of divine source and human utterance. | The commentary distinguishes the human reader from the God who supplies the word. Second Peter says prophetic speech did not arise by human will but that people spoke from God while borne by the Holy Spirit, expressing a comparable account of sourced prophetic utterance.	87:6	"[{""line"": 49, ""strength"": ""strong"", ""tradition"": ""incil"", ""kind"": ""motif"", ""ref"": ""SBLGNT:2Pet.1.21"", ""basis"": ""prophets carried by the Holy Spirit"", ""note"": ""Prophecy did not come by human will, but people spoke from God as they were carried by the Spirit; this gives a concise account of divine source and human utterance."", ""turn"": 1, ""model"": ""luna"", ""connection_id"": ""BC-b55a678870df5370898b""}, {""line"": 26, ""strength"": ""strong"", ""tradition"": ""incil"", ""kind"": ""motif"", ""ref"": ""SBLGNT:2Pet.1.21"", ""basis"": ""prophets speaking from God while carried by the Spirit"", ""note"": ""The commentary distinguishes the human reader from the God who supplies the word. Second Peter says prophetic speech did not arise by human will but that people spoke from God while borne by the Holy Spirit, expressing a comparable account of sourced prophetic utterance."", ""turn"": 1, ""model"": ""terra"", ""connection_id"": ""BC-bedd8877eba6d3bcb95f""}]"
SBLGNT:2Thess.2.15	medium	incil	motif	tradition held in oral word and letter	The commentary repeatedly holds oral recitation beside pages and written preservation. Paul tells the Thessalonians to stand firm and hold the traditions taught either by spoken word or letter, a compact Christian pairing of memorized and written transmission.	87:6	"[{""line"": 34, ""strength"": ""medium"", ""tradition"": ""incil"", ""kind"": ""motif"", ""ref"": ""SBLGNT:2Thess.2.15"", ""basis"": ""tradition held in oral word and letter"", ""note"": ""The commentary repeatedly holds oral recitation beside pages and written preservation. Paul tells the Thessalonians to stand firm and hold the traditions taught either by spoken word or letter, a compact Christian pairing of memorized and written transmission."", ""turn"": 1, ""model"": ""terra"", ""connection_id"": ""BC-ed422fed1ef9fe0e1001""}]"
SBLGNT:2Tim.1.14	strong	incil	motif	the good deposit guarded through the indwelling Spirit	The commentary calls the received word an entrusted deposit whose retention depends on the giver. Timothy is told to guard the good deposit through the Holy Spirit dwelling in believers, a Christian account of preserved teaching with divine, not merely human, custody.	87:6	"[{""line"": 17, ""strength"": ""strong"", ""tradition"": ""incil"", ""kind"": ""motif"", ""ref"": ""SBLGNT:2Tim.1.14"", ""basis"": ""the good deposit guarded through the indwelling Spirit"", ""note"": ""The commentary calls the received word an entrusted deposit whose retention depends on the giver. Timothy is told to guard the good deposit through the Holy Spirit dwelling in believers, a Christian account of preserved teaching with divine, not merely human, custody."", ""turn"": 1, ""model"": ""terra"", ""connection_id"": ""BC-836c959b29ff98057fdb""}]"
SBLGNT:2Tim.2.2	medium	incil	motif	entrust what was heard to future teachers | heard teaching entrusted for further teaching	Paul tells Timothy to entrust what he heard to faithful people able to teach others; this makes the retained message a deliberate chain of transmission, extending the commentary's inward reception and outward reminder. | The commentary's protected path carries a received message onward instead of leaving it with one recipient. Timothy is to entrust what he heard before witnesses to reliable people who can teach others, giving a four-stage chain of retained and retransmitted instruction.	87:6	"[{""line"": 94, ""strength"": ""medium"", ""tradition"": ""incil"", ""kind"": ""motif"", ""ref"": ""SBLGNT:2Tim.2.2"", ""basis"": ""entrust what was heard to future teachers"", ""note"": ""Paul tells Timothy to entrust what he heard to faithful people able to teach others; this makes the retained message a deliberate chain of transmission, extending the commentary's inward reception and outward reminder."", ""turn"": 2, ""model"": ""luna"", ""connection_id"": ""BC-adea07e10f60b8663e84""}, {""line"": 33, ""strength"": ""medium"", ""tradition"": ""incil"", ""kind"": ""motif"", ""ref"": ""SBLGNT:2Tim.2.2"", ""basis"": ""heard teaching entrusted for further teaching"", ""note"": ""The commentary's protected path carries a received message onward instead of leaving it with one recipient. Timothy is to entrust what he heard before witnesses to reliable people who can teach others, giving a four-stage chain of retained and retransmitted instruction."", ""turn"": 1, ""model"": ""terra"", ""connection_id"": ""BC-f1c3df83e91f3efc7d73""}]"
SBLGNT:Acts.2.4	medium	incil	motif	Spirit gives utterance to the gathered speakers	The commentary's causative verb makes speech possible through God's action. At Pentecost the gathered disciples begin speaking as the Spirit gives them utterance; the speech is multilingual rather than a recited book, so the link is an enabled-utterance motif.	87:6	"[{""line"": 89, ""strength"": ""medium"", ""tradition"": ""incil"", ""kind"": ""motif"", ""ref"": ""SBLGNT:Acts.2.4"", ""basis"": ""Spirit gives utterance to the gathered speakers"", ""note"": ""The commentary's causative verb makes speech possible through God's action. At Pentecost the gathered disciples begin speaking as the Spirit gives them utterance; the speech is multilingual rather than a recited book, so the link is an enabled-utterance motif."", ""turn"": 2, ""model"": ""terra"", ""connection_id"": ""BC-5c49fee2e5f1fd52c97c""}]"
SBLGNT:Acts.3.22	strong	incil	yorum_gelenegi	Moses' promised prophet identified with Jesus	Peter quotes Moses' promise of a prophet like him and applies it to Jesus; this gives a Christian reading of the very Mosaic pattern in which God places words in a prophet's mouth.	87:6	"[{""line"": 82, ""strength"": ""strong"", ""tradition"": ""incil"", ""kind"": ""yorum_gelenegi"", ""ref"": ""SBLGNT:Acts.3.22"", ""basis"": ""Moses' promised prophet identified with Jesus"", ""note"": ""Peter quotes Moses' promise of a prophet like him and applies it to Jesus; this gives a Christian reading of the very Mosaic pattern in which God places words in a prophet's mouth."", ""turn"": 2, ""model"": ""luna"", ""connection_id"": ""BC-e4b1078fdc09dcf802b7""}]"
SBLGNT:Acts.4.31	strong	incil	paralel	Spirit-filled believers speak God's word	The commentary's “we will cause you to recite” attributes enabled proclamation to God. After prayer, the gathered believers are filled with the Holy Spirit and speak God's word with boldness, a communal narrative of divinely empowered speech.	87:6	"[{""line"": 72, ""strength"": ""strong"", ""tradition"": ""incil"", ""kind"": ""paralel"", ""ref"": ""SBLGNT:Acts.4.31"", ""basis"": ""Spirit-filled believers speak God's word"", ""note"": ""The commentary's “we will cause you to recite” attributes enabled proclamation to God. After prayer, the gathered believers are filled with the Holy Spirit and speak God's word with boldness, a communal narrative of divinely empowered speech."", ""turn"": 2, ""model"": ""terra"", ""connection_id"": ""BC-72b2c44d807f04ecb7d9""}]"
SBLGNT:Acts.8.30	strong	incil	motif	reading requires a guide	Philip asks the Ethiopian whether he understands Isaiah's reading, and the man says he needs a guide; this gives a specific scene of recitation joined to teaching and interpretation.	87:6	"[{""line"": 58, ""strength"": ""strong"", ""tradition"": ""incil"", ""kind"": ""motif"", ""ref"": ""SBLGNT:Acts.8.30"", ""basis"": ""reading requires a guide"", ""note"": ""Philip asks the Ethiopian whether he understands Isaiah's reading, and the man says he needs a guide; this gives a specific scene of recitation joined to teaching and interpretation."", ""turn"": 1, ""model"": ""luna"", ""connection_id"": ""BC-2d33e77304ef66fa7c7d""}]"
SBLGNT:Acts.8.35	strong	incil	motif	Scripture explained as good news	Philip begins from the passage the Ethiopian is reading and tells him the good news about Jesus; this shows a received text being opened and transmitted to another listener.	87:6	"[{""line"": 59, ""strength"": ""strong"", ""tradition"": ""incil"", ""kind"": ""motif"", ""ref"": ""SBLGNT:Acts.8.35"", ""basis"": ""Scripture explained as good news"", ""note"": ""Philip begins from the passage the Ethiopian is reading and tells him the good news about Jesus; this shows a received text being opened and transmitted to another listener."", ""turn"": 1, ""model"": ""luna"", ""connection_id"": ""BC-e80ba4aa0b567bfb7e0f""}]"
SBLGNT:Col.3.16	strong	incil	motif	the word dwelling richly, teaching, admonishing, and singing	The commentary links unforgotten recitation to later reminder, worship, and a life shaped by the word. Colossians asks that Christ's word dwell richly in the community so that it teaches and admonishes through sung praise, joining inward residence to communal utterance.	87:6	"[{""line"": 16, ""strength"": ""strong"", ""tradition"": ""incil"", ""kind"": ""motif"", ""ref"": ""SBLGNT:Col.3.16"", ""basis"": ""the word dwelling richly, teaching, admonishing, and singing"", ""note"": ""The commentary links unforgotten recitation to later reminder, worship, and a life shaped by the word. Colossians asks that Christ's word dwell richly in the community so that it teaches and admonishes through sung praise, joining inward residence to communal utterance."", ""turn"": 1, ""model"": ""terra"", ""connection_id"": ""BC-62cb4301873ffd588042""}]"
SBLGNT:Gal.1.12	strong	incil	paralel	gospel received through revelation rather than human teaching	The commentary denies that the addressee independently produces the recitation. Paul says he neither received nor was taught his gospel by a human being but received it through revelation of Jesus Christ, a direct source-of-message parallel.	87:6	"[{""line"": 74, ""strength"": ""strong"", ""tradition"": ""incil"", ""kind"": ""paralel"", ""ref"": ""SBLGNT:Gal.1.12"", ""basis"": ""gospel received through revelation rather than human teaching"", ""note"": ""The commentary denies that the addressee independently produces the recitation. Paul says he neither received nor was taught his gospel by a human being but received it through revelation of Jesus Christ, a direct source-of-message parallel."", ""turn"": 2, ""model"": ""terra"", ""connection_id"": ""BC-44126ce328c9ed0ef89c""}]"
SBLGNT:Gal.1.15	strong	incil	motif	called from the womb	Paul says God set him apart from his mother's womb and called him by grace; this joins the commentary's womb image to prophetic vocation, though Paul is describing his own apostolic call.	87:6	"[{""line"": 61, ""strength"": ""strong"", ""tradition"": ""incil"", ""kind"": ""motif"", ""ref"": ""SBLGNT:Gal.1.15"", ""basis"": ""called from the womb"", ""note"": ""Paul says God set him apart from his mother's womb and called him by grace; this joins the commentary's womb image to prophetic vocation, though Paul is describing his own apostolic call."", ""turn"": 1, ""model"": ""luna"", ""connection_id"": ""BC-5dc4cdcd70dc0b806dd6""}]"
SBLGNT:Gal.1.16	strong	incil	motif	revelation within followed by preaching	God reveals his Son in Paul so that Paul may preach among the nations; this offers a distinct Christian sequence of inward reception and outward delivery.	87:6	"[{""line"": 62, ""strength"": ""strong"", ""tradition"": ""incil"", ""kind"": ""motif"", ""ref"": ""SBLGNT:Gal.1.16"", ""basis"": ""revelation within followed by preaching"", ""note"": ""God reveals his Son in Paul so that Paul may preach among the nations; this offers a distinct Christian sequence of inward reception and outward delivery."", ""turn"": 1, ""model"": ""luna"", ""connection_id"": ""BC-a23ce75bacd767ad83e5""}]"
SBLGNT:Heb.1.1	medium	incil	motif	God speaks through prophets across times	God spoke to the ancestors in many ways through the prophets; this places the surah's direct divine address within a wider scriptural pattern of mediated revelation.	87:6	"[{""line"": 65, ""strength"": ""medium"", ""tradition"": ""incil"", ""kind"": ""motif"", ""ref"": ""SBLGNT:Heb.1.1"", ""basis"": ""God speaks through prophets across times"", ""note"": ""God spoke to the ancestors in many ways through the prophets; this places the surah's direct divine address within a wider scriptural pattern of mediated revelation."", ""turn"": 1, ""model"": ""luna"", ""connection_id"": ""BC-1fcb2c0ee86917ca45f5""}]"
SBLGNT:Heb.2.1	medium	incil	motif	close attention to what was heard lest it drift away	The commentary's promise removes the danger that the given word will be dropped or forgotten. Hebrews warns hearers to pay closer attention to what they have heard so that they do not drift away, the ordinary human vulnerability against which the Qur'anic assurance stands out.	87:6	"[{""line"": 93, ""strength"": ""medium"", ""tradition"": ""incil"", ""kind"": ""motif"", ""ref"": ""SBLGNT:Heb.2.1"", ""basis"": ""close attention to what was heard lest it drift away"", ""note"": ""The commentary's promise removes the danger that the given word will be dropped or forgotten. Hebrews warns hearers to pay closer attention to what they have heard so that they do not drift away, the ordinary human vulnerability against which the Qur'anic assurance stands out."", ""turn"": 2, ""model"": ""terra"", ""connection_id"": ""BC-08709f83e91b93a295d7""}]"
SBLGNT:Heb.8.10	strong	incil	motif	law written on minds and hearts	The new-covenant quotation promises God's laws in minds and written on hearts; this develops inward retention as a covenantal gift, not merely a reader's discipline.	87:6	"[{""line"": 53, ""strength"": ""strong"", ""tradition"": ""incil"", ""kind"": ""motif"", ""ref"": ""SBLGNT:Heb.8.10"", ""basis"": ""law written on minds and hearts"", ""note"": ""The new-covenant quotation promises God's laws in minds and written on hearts; this develops inward retention as a covenantal gift, not merely a reader's discipline."", ""turn"": 1, ""model"": ""luna"", ""connection_id"": ""BC-9160c66b6d52c25e939c""}]"
SBLGNT:Jas.1.21	strong	incil	motif	the implanted word received with meekness	The commentary's pregnancy analogy presents the word as held within a body before outward consequence. James calls the saving word “implanted” and commands its reception, a concise Christian image of a word placed within and able to generate life.	87:6	"[{""line"": 76, ""strength"": ""strong"", ""tradition"": ""incil"", ""kind"": ""motif"", ""ref"": ""SBLGNT:Jas.1.21"", ""basis"": ""the implanted word received with meekness"", ""note"": ""The commentary's pregnancy analogy presents the word as held within a body before outward consequence. James calls the saving word “implanted” and commands its reception, a concise Christian image of a word placed within and able to generate life."", ""turn"": 2, ""model"": ""terra"", ""connection_id"": ""BC-9a916d300d03eb3e6cb5""}]"
SBLGNT:Jas.1.25	strong	incil	motif	doing rather than forgetting the heard word | the doer rather than the forgetful hearer	The person who looks into the law and perseveres is a doer, not a forgetful hearer; this gives a concrete ethical counterpart to the commentary's claim that true reading becomes a life of obedience. | The commentary defines forgetting as leaving an entrusted word and contrasts a merely vocal reading with a life of worship and understanding. James contrasts a forgetful hearer with one who continues in the perfect law and acts on it, making retention visible in conduct.	87:6	"[{""line"": 54, ""strength"": ""strong"", ""tradition"": ""incil"", ""kind"": ""motif"", ""ref"": ""SBLGNT:Jas.1.25"", ""basis"": ""doing rather than forgetting the heard word"", ""note"": ""The person who looks into the law and perseveres is a doer, not a forgetful hearer; this gives a concrete ethical counterpart to the commentary's claim that true reading becomes a life of obedience."", ""turn"": 1, ""model"": ""luna"", ""connection_id"": ""BC-e44a5064717addcdd499""}, {""line"": 35, ""strength"": ""medium"", ""tradition"": ""incil"", ""kind"": ""motif"", ""ref"": ""SBLGNT:Jas.1.25"", ""basis"": ""the doer rather than the forgetful hearer"", ""note"": ""The commentary defines forgetting as leaving an entrusted word and contrasts a merely vocal reading with a life of worship and understanding. James contrasts a forgetful hearer with one who continues in the perfect law and acts on it, making retention visible in conduct."", ""turn"": 1, ""model"": ""terra"", ""connection_id"": ""BC-41d1292aa5b64e6a8227""}]"
SBLGNT:John.1.18	medium	incil	motif	Word makes the unseen God known	The prologue says the only Son has made God known; read alongside its claim that creation came through the Word, it offers a Christian pairing of creator and revealer like the commentary's creator-teacher sequence.	87:6	"[{""line"": 64, ""strength"": ""medium"", ""tradition"": ""incil"", ""kind"": ""motif"", ""ref"": ""SBLGNT:John.1.18"", ""basis"": ""Word makes the unseen God known"", ""note"": ""The prologue says the only Son has made God known; read alongside its claim that creation came through the Word, it offers a Christian pairing of creator and revealer like the commentary's creator-teacher sequence."", ""turn"": 1, ""model"": ""luna"", ""connection_id"": ""BC-d99e4a3c2ca201c29c79""}]"
SBLGNT:John.1.3	medium	incil	motif	creation through the Word	The opening says all things came to be through the Word; this complements the commentary's pairing of creation and divine teaching by locating creation in the one who is God's Word.	87:6	"[{""line"": 63, ""strength"": ""medium"", ""tradition"": ""incil"", ""kind"": ""motif"", ""ref"": ""SBLGNT:John.1.3"", ""basis"": ""creation through the Word"", ""note"": ""The opening says all things came to be through the Word; this complements the commentary's pairing of creation and divine teaching by locating creation in the one who is God's Word."", ""turn"": 1, ""model"": ""luna"", ""connection_id"": ""BC-2b83458ee8ad749c57d8""}]"
SBLGNT:John.12.49	strong	incil	paralel	the Father commands what Jesus must say and speak	The commentary distinguishes the one who recites from the one who causes the recitation. Jesus says he has not spoken from himself because the Father who sent him commanded what he should say and speak, a closely related claim of divinely determined utterance.	87:6	"[{""line"": 70, ""strength"": ""strong"", ""tradition"": ""incil"", ""kind"": ""paralel"", ""ref"": ""SBLGNT:John.12.49"", ""basis"": ""the Father commands what Jesus must say and speak"", ""note"": ""The commentary distinguishes the one who recites from the one who causes the recitation. Jesus says he has not spoken from himself because the Father who sent him commanded what he should say and speak, a closely related claim of divinely determined utterance."", ""turn"": 2, ""model"": ""terra"", ""connection_id"": ""BC-efd581c4f70b3db9a08d""}]"
SBLGNT:John.14.26	strong	incil	motif|paralel	Spirit teaches and reminds | the Spirit teaches and brings Jesus' words to remembrance	The Paraclete will teach the disciples and remind them of everything Jesus said; this is the closest Christian formulation of received words retained by divine agency, while its addressees are the disciples collectively. | The commentary insists that unforgetting is granted rather than commanded. Jesus promises that the Paraclete will teach the disciples and bring all his sayings to their remembrance, a direct Christian promise of divinely caused recall.	87:6	"[{""line"": 45, ""strength"": ""strong"", ""tradition"": ""incil"", ""kind"": ""motif"", ""ref"": ""SBLGNT:John.14.26"", ""basis"": ""Spirit teaches and reminds"", ""note"": ""The Paraclete will teach the disciples and remind them of everything Jesus said; this is the closest Christian formulation of received words retained by divine agency, while its addressees are the disciples collectively."", ""turn"": 1, ""model"": ""luna"", ""connection_id"": ""BC-06240df6f6598e57783d""}, {""line"": 4, ""strength"": ""strong"", ""tradition"": ""incil"", ""kind"": ""paralel"", ""ref"": ""SBLGNT:John.14.26"", ""basis"": ""the Spirit teaches and brings Jesus' words to remembrance"", ""note"": ""The commentary insists that unforgetting is granted rather than commanded. Jesus promises that the Paraclete will teach the disciples and bring all his sayings to their remembrance, a direct Christian promise of divinely caused recall."", ""turn"": 1, ""model"": ""terra"", ""connection_id"": ""BC-2bf2cf3dc90c9a3f1d5f""}]"
SBLGNT:John.16.13	strong	incil	paralel	the Spirit speaks what it hears and guides into truth	The commentary has the recipient follow the giver's recitation rather than create an independent message. Jesus describes the Spirit of truth as not speaking from itself but speaking what it hears while guiding disciples, a Christian messenger model of received speech.	87:6	"[{""line"": 71, ""strength"": ""strong"", ""tradition"": ""incil"", ""kind"": ""paralel"", ""ref"": ""SBLGNT:John.16.13"", ""basis"": ""the Spirit speaks what it hears and guides into truth"", ""note"": ""The commentary has the recipient follow the giver's recitation rather than create an independent message. Jesus describes the Spirit of truth as not speaking from itself but speaking what it hears while guiding disciples, a Christian messenger model of received speech."", ""turn"": 2, ""model"": ""terra"", ""connection_id"": ""BC-194413ec231dbdb4ecf0""}]"
SBLGNT:John.17.8	strong	incil	paralel	words received from the Father, given by Jesus, and received by disciples	The commentary follows revelation from its source through a messenger to those addressed. Jesus says he gave disciples the words the Father gave him and that they received them; this is a three-stage Johannine account of sourced and accepted speech.	87:6	"[{""line"": 69, ""strength"": ""strong"", ""tradition"": ""incil"", ""kind"": ""paralel"", ""ref"": ""SBLGNT:John.17.8"", ""basis"": ""words received from the Father, given by Jesus, and received by disciples"", ""note"": ""The commentary follows revelation from its source through a messenger to those addressed. Jesus says he gave disciples the words the Father gave him and that they received them; this is a three-stage Johannine account of sourced and accepted speech."", ""turn"": 2, ""model"": ""terra"", ""connection_id"": ""BC-975d132015739911df0f""}]"
SBLGNT:Luke.1.31	medium	incil	paralel	Mary's conception and birth announced by divine speech	The commentary's secondary image follows Mary as she carries a child and withdraws to give birth. Luke's annunciation likewise joins divine speech to Mary's conception and bearing of a son; the shared Marian scene gives a canonical Christian setting for the commentary's pregnancy image.	87:6	"[{""line"": 46, ""strength"": ""medium"", ""tradition"": ""incil"", ""kind"": ""paralel"", ""ref"": ""SBLGNT:Luke.1.31"", ""basis"": ""Mary's conception and birth announced by divine speech"", ""note"": ""The commentary's secondary image follows Mary as she carries a child and withdraws to give birth. Luke's annunciation likewise joins divine speech to Mary's conception and bearing of a son; the shared Marian scene gives a canonical Christian setting for the commentary's pregnancy image."", ""turn"": 1, ""model"": ""terra"", ""connection_id"": ""BC-9af8a8d0ac82d174179c""}]"
SBLGNT:Luke.12.12	strong	incil	motif|paralel	Spirit teaches what to say | the Holy Spirit teaches what must be said	The Holy Spirit will teach the disciples what they ought to say when brought before authorities; this parallels the future promise of divinely enabled speech in a specific trial setting. | The commentary treats 87:6 as a future assurance that God enables the addressee's utterance. Jesus tells disciples that the Holy Spirit will teach them, at the needed moment, what they ought to say; the setting is different, but the divine provision of speech is equally explicit.	87:6	"[{""line"": 46, ""strength"": ""strong"", ""tradition"": ""incil"", ""kind"": ""motif"", ""ref"": ""SBLGNT:Luke.12.12"", ""basis"": ""Spirit teaches what to say"", ""note"": ""The Holy Spirit will teach the disciples what they ought to say when brought before authorities; this parallels the future promise of divinely enabled speech in a specific trial setting."", ""turn"": 1, ""model"": ""luna"", ""connection_id"": ""BC-b961801e6345122d3410""}, {""line"": 8, ""strength"": ""strong"", ""tradition"": ""incil"", ""kind"": ""paralel"", ""ref"": ""SBLGNT:Luke.12.12"", ""basis"": ""the Holy Spirit teaches what must be said"", ""note"": ""The commentary treats 87:6 as a future assurance that God enables the addressee's utterance. Jesus tells disciples that the Holy Spirit will teach them, at the needed moment, what they ought to say; the setting is different, but the divine provision of speech is equally explicit."", ""turn"": 1, ""model"": ""terra"", ""connection_id"": ""BC-e8bd2f847e9766851b16""}]"
SBLGNT:Luke.2.19	medium	incil	motif	Mary keeps and ponders words in her heart	The commentary lets Mary's bodily carrying illuminate a word held within rather than lost. Luke depicts Mary retaining and pondering the reported words in her heart, a Christian maternal image of memory that complements the commentary's contrast between carrying and being forgotten.	87:6	"[{""line"": 47, ""strength"": ""medium"", ""tradition"": ""incil"", ""kind"": ""motif"", ""ref"": ""SBLGNT:Luke.2.19"", ""basis"": ""Mary keeps and ponders words in her heart"", ""note"": ""The commentary lets Mary's bodily carrying illuminate a word held within rather than lost. Luke depicts Mary retaining and pondering the reported words in her heart, a Christian maternal image of memory that complements the commentary's contrast between carrying and being forgotten."", ""turn"": 1, ""model"": ""terra"", ""connection_id"": ""BC-a6cce3711ff3911843a6""}]"
SBLGNT:Luke.2.7	medium	incil	karsi_anlati	Mary's birth narrated without the lament	Luke narrates Mary giving birth in Bethlehem, swaddling Jesus, and laying him in a manger, whereas the Qur'anic scene foregrounds her wish to be forgotten and God's consolation; the different framing matters without making a shared scene identical.	87:6	"[{""line"": 66, ""strength"": ""medium"", ""tradition"": ""incil"", ""kind"": ""karsi_anlati"", ""ref"": ""SBLGNT:Luke.2.7"", ""basis"": ""Mary's birth narrated without the lament"", ""note"": ""Luke narrates Mary giving birth in Bethlehem, swaddling Jesus, and laying him in a manger, whereas the Qur'anic scene foregrounds her wish to be forgotten and God's consolation; the different framing matters without making a shared scene identical."", ""turn"": 1, ""model"": ""luna"", ""connection_id"": ""BC-e36642baf676382142f5""}]"
SBLGNT:Luke.24.44	medium	incil	yorum_gelenegi	Moses, prophets, and psalms read as fulfilled in Jesus	Jesus says that what is written in the Law of Moses, Prophets, and Psalms must be fulfilled; this Christian account of continuity with earlier scriptures belongs beside the commentary's claim that the recited message is also present in the earlier pages.	87:6	"[{""line"": 93, ""strength"": ""medium"", ""tradition"": ""incil"", ""kind"": ""yorum_gelenegi"", ""ref"": ""SBLGNT:Luke.24.44"", ""basis"": ""Moses, prophets, and psalms read as fulfilled in Jesus"", ""note"": ""Jesus says that what is written in the Law of Moses, Prophets, and Psalms must be fulfilled; this Christian account of continuity with earlier scriptures belongs beside the commentary's claim that the recited message is also present in the earlier pages."", ""turn"": 2, ""model"": ""luna"", ""connection_id"": ""BC-4081dd0107b45ca7ce65""}]"
SBLGNT:Luke.24.45	strong	incil	motif	minds opened to understand Scripture	The risen Jesus opens the disciples' minds to understand the Scriptures; this adds divine enabling of comprehension to the commentary's promise to make the addressee recite.	87:6	"[{""line"": 51, ""strength"": ""strong"", ""tradition"": ""incil"", ""kind"": ""motif"", ""ref"": ""SBLGNT:Luke.24.45"", ""basis"": ""minds opened to understand Scripture"", ""note"": ""The risen Jesus opens the disciples' minds to understand the Scriptures; this adds divine enabling of comprehension to the commentary's promise to make the addressee recite."", ""turn"": 1, ""model"": ""luna"", ""connection_id"": ""BC-cef60993b88737609bf8""}]"
SBLGNT:Luke.8.15	strong	incil	motif	word held fast and bearing fruit | the heard word held fast in a good heart and bearing fruit	The good soil hears the word, holds it fast in an honest heart, and bears fruit with perseverance; it meets the commentary's agricultural setting with a distinct image of received speech retained until it yields action. | The commentary's word is retained in the recipient and subsequently released in beneficial reminder. In Luke's good-soil explanation, hearers hold the word fast in an honest heart and bear fruit with endurance, making fruitful outward consequence depend on inward retention.	87:6	"[{""line"": 55, ""strength"": ""strong"", ""tradition"": ""incil"", ""kind"": ""motif"", ""ref"": ""SBLGNT:Luke.8.15"", ""basis"": ""word held fast and bearing fruit"", ""note"": ""The good soil hears the word, holds it fast in an honest heart, and bears fruit with perseverance; it meets the commentary's agricultural setting with a distinct image of received speech retained until it yields action."", ""turn"": 1, ""model"": ""luna"", ""connection_id"": ""BC-665a72ec5e7531b75ffb""}, {""line"": 68, ""strength"": ""strong"", ""tradition"": ""incil"", ""kind"": ""motif"", ""ref"": ""SBLGNT:Luke.8.15"", ""basis"": ""the heard word held fast in a good heart and bearing fruit"", ""note"": ""The commentary's word is retained in the recipient and subsequently released in beneficial reminder. In Luke's good-soil explanation, hearers hold the word fast in an honest heart and bear fruit with endurance, making fruitful outward consequence depend on inward retention."", ""turn"": 2, ""model"": ""terra"", ""connection_id"": ""BC-5afe29b63d0794853f50""}]"
SBLGNT:Matt.10.20	strong	incil	motif	Father's Spirit speaks through disciples	Jesus says the Spirit of the Father speaks in the disciples when they testify; the saying locates their words' source in God, like the commentary's account of recitation received rather than self-generated.	87:6	"[{""line"": 47, ""strength"": ""strong"", ""tradition"": ""incil"", ""kind"": ""motif"", ""ref"": ""SBLGNT:Matt.10.20"", ""basis"": ""Father's Spirit speaks through disciples"", ""note"": ""Jesus says the Spirit of the Father speaks in the disciples when they testify; the saying locates their words' source in God, like the commentary's account of recitation received rather than self-generated."", ""turn"": 1, ""model"": ""luna"", ""connection_id"": ""BC-563ff0b8a6c5b291b1ee""}]"
SBLGNT:Matt.11.30	medium	incil	motif	an easy yoke and light burden	The commentary places the promised unforgotten word beside the later assurance of ease, while also noting a “weighty word.” Jesus' easy yoke and light burden provide a Christian image for divine teaching that does not finally crush the recipient.	87:6	"[{""line"": 43, ""strength"": ""medium"", ""tradition"": ""incil"", ""kind"": ""motif"", ""ref"": ""SBLGNT:Matt.11.30"", ""basis"": ""an easy yoke and light burden"", ""note"": ""The commentary places the promised unforgotten word beside the later assurance of ease, while also noting a “weighty word.” Jesus' easy yoke and light burden provide a Christian image for divine teaching that does not finally crush the recipient."", ""turn"": 1, ""model"": ""terra"", ""connection_id"": ""BC-eafb166fda62823888a2""}]"
SBLGNT:Matt.24.35	medium	incil	motif	the passing cosmos and imperishable words	The commentary sets a word that will not be dropped against perishing vegetation. Jesus contrasts heaven and earth passing away with his words not passing away, a Christian saying of verbal permanence that sharpens the commentary's preservation claim.	87:6	"[{""line"": 45, ""strength"": ""medium"", ""tradition"": ""incil"", ""kind"": ""motif"", ""ref"": ""SBLGNT:Matt.24.35"", ""basis"": ""the passing cosmos and imperishable words"", ""note"": ""The commentary sets a word that will not be dropped against perishing vegetation. Jesus contrasts heaven and earth passing away with his words not passing away, a Christian saying of verbal permanence that sharpens the commentary's preservation claim."", ""turn"": 1, ""model"": ""terra"", ""connection_id"": ""BC-a4a6a7b225cf1838c3a1""}]"
SBLGNT:Rev.1.3	medium	incil	motif	one reader, hearers, and keepers of prophecy	The commentary traces a word from its divine source through a reader to those reminded by it. Revelation blesses the one who reads its prophecy aloud and those who hear and keep it, a liturgical community shaped by public recitation and retention.	87:6	"[{""line"": 30, ""strength"": ""medium"", ""tradition"": ""incil"", ""kind"": ""motif"", ""ref"": ""SBLGNT:Rev.1.3"", ""basis"": ""one reader, hearers, and keepers of prophecy"", ""note"": ""The commentary traces a word from its divine source through a reader to those reminded by it. Revelation blesses the one who reads its prophecy aloud and those who hear and keep it, a liturgical community shaped by public recitation and retention."", ""turn"": 1, ""model"": ""terra"", ""connection_id"": ""BC-8e2e43aff5bc202a0795""}]"
SBLGNT:Rev.10.11	strong	incil	motif	received words become renewed proclamation | prophecy required after eating the scroll	After eating the scroll, John is told to prophesy again about many peoples; the sequence makes inward reception the preparation for outward warning, close to the commentary's movement from not forgetting to reminding others. | The commentary moves from retained recitation to the task of reminding others. After the scroll is eaten, John is told that he must prophesy again about peoples and kings; this supplies the public-release side of the same received-word image.	87:6	"[{""line"": 57, ""strength"": ""strong"", ""tradition"": ""incil"", ""kind"": ""motif"", ""ref"": ""SBLGNT:Rev.10.11"", ""basis"": ""received words become renewed proclamation"", ""note"": ""After eating the scroll, John is told to prophesy again about many peoples; the sequence makes inward reception the preparation for outward warning, close to the commentary's movement from not forgetting to reminding others."", ""turn"": 1, ""model"": ""luna"", ""connection_id"": ""BC-778cc4f5e896590f9a03""}, {""line"": 14, ""strength"": ""strong"", ""tradition"": ""incil"", ""kind"": ""motif"", ""ref"": ""SBLGNT:Rev.10.11"", ""basis"": ""prophecy required after eating the scroll"", ""note"": ""The commentary moves from retained recitation to the task of reminding others. After the scroll is eaten, John is told that he must prophesy again about peoples and kings; this supplies the public-release side of the same received-word image."", ""turn"": 1, ""model"": ""terra"", ""connection_id"": ""BC-99a84f0ec71a9db4b1f4""}]"
SBLGNT:Rev.10.9	strong	incil	motif	eat the scroll | the little scroll eaten, sweet in mouth and bitter within	The seer is told to eat the scroll, sweet in the mouth but bitter in the stomach; like Ezekiel and the commentary's inward-retention metaphor, the message is taken inside, while Revelation adds the cost of its contents. | The commentary compares a word held in the body to a pregnancy before its outward delivery. Revelation recasts Ezekiel's act: John takes and eats a scroll, experiencing it in mouth and stomach, an embodied reception of prophecy rather than mere reading.	87:6	"[{""line"": 56, ""strength"": ""strong"", ""tradition"": ""incil"", ""kind"": ""motif"", ""ref"": ""SBLGNT:Rev.10.9"", ""basis"": ""eat the scroll"", ""note"": ""The seer is told to eat the scroll, sweet in the mouth but bitter in the stomach; like Ezekiel and the commentary's inward-retention metaphor, the message is taken inside, while Revelation adds the cost of its contents."", ""turn"": 1, ""model"": ""luna"", ""connection_id"": ""BC-a522f0b212d0e9808419""}, {""line"": 13, ""strength"": ""strong"", ""tradition"": ""incil"", ""kind"": ""motif"", ""ref"": ""SBLGNT:Rev.10.9"", ""basis"": ""the little scroll eaten, sweet in mouth and bitter within"", ""note"": ""The commentary compares a word held in the body to a pregnancy before its outward delivery. Revelation recasts Ezekiel's act: John takes and eats a scroll, experiencing it in mouth and stomach, an embodied reception of prophecy rather than mere reading."", ""turn"": 1, ""model"": ""terra"", ""connection_id"": ""BC-d14aa4ce6676522c1be6""}]"
SBLGNT:Rev.20.12	medium	incil	motif	books opened and deeds judged	The dead are judged from what is written in opened books; this gives a Christian apocalyptic instance of divine knowledge preserved as a record, like the commentary's connection between hidden deeds and God's book.	87:6	"[{""line"": 95, ""strength"": ""medium"", ""tradition"": ""incil"", ""kind"": ""motif"", ""ref"": ""SBLGNT:Rev.20.12"", ""basis"": ""books opened and deeds judged"", ""note"": ""The dead are judged from what is written in opened books; this gives a Christian apocalyptic instance of divine knowledge preserved as a record, like the commentary's connection between hidden deeds and God's book."", ""turn"": 2, ""model"": ""luna"", ""connection_id"": ""BC-155aaf739744f1007561""}]"
SBLGNT:Rom.10.17	medium	incil	motif	faith comes through hearing the proclaimed word	The commentary presents recitation as a word carried from its source into the hearer's life. Paul grounds faith in hearing, and hearing in Christ's word, offering a Christian account of oral proclamation as the means by which a message reaches and changes its audience.	87:6	"[{""line"": 90, ""strength"": ""medium"", ""tradition"": ""incil"", ""kind"": ""motif"", ""ref"": ""SBLGNT:Rom.10.17"", ""basis"": ""faith comes through hearing the proclaimed word"", ""note"": ""The commentary presents recitation as a word carried from its source into the hearer's life. Paul grounds faith in hearing, and hearing in Christ's word, offering a Christian account of oral proclamation as the means by which a message reaches and changes its audience."", ""turn"": 2, ""model"": ""terra"", ""connection_id"": ""BC-e3e26eb63814afd2c871""}]"
SBLGNT:Rom.10.8	strong	incil	yorum_gelenegi	Deuteronomy's word read as preached faith | Deuteronomy's mouth-and-heart word read as proclaimed faith	Paul quotes the word near mouth and heart from Deuteronomy and identifies it as the word of faith he proclaims; this Christian interpretation turns Torah's inward and spoken command into a preached confession. | The commentary brings a word into the mouth and heart before it goes out to others. Paul quotes the mouth-and-heart formulation of Deuteronomy and explicitly identifies it as the word of faith that he proclaims, a Christian interpretive reuse of the Torah's language of near, speakable instruction.	87:6	"[{""line"": 52, ""strength"": ""strong"", ""tradition"": ""incil"", ""kind"": ""yorum_gelenegi"", ""ref"": ""SBLGNT:Rom.10.8"", ""basis"": ""Deuteronomy's word read as preached faith"", ""note"": ""Paul quotes the word near mouth and heart from Deuteronomy and identifies it as the word of faith he proclaims; this Christian interpretation turns Torah's inward and spoken command into a preached confession."", ""turn"": 1, ""model"": ""luna"", ""connection_id"": ""BC-342375c7a51c1aede693""}, {""line"": 32, ""strength"": ""medium"", ""tradition"": ""incil"", ""kind"": ""yorum_gelenegi"", ""ref"": ""SBLGNT:Rom.10.8"", ""basis"": ""Deuteronomy's mouth-and-heart word read as proclaimed faith"", ""note"": ""The commentary brings a word into the mouth and heart before it goes out to others. Paul quotes the mouth-and-heart formulation of Deuteronomy and explicitly identifies it as the word of faith that he proclaims, a Christian interpretive reuse of the Torah's language of near, speakable instruction."", ""turn"": 1, ""model"": ""terra"", ""connection_id"": ""BC-190a98d6144488c23523""}]"
SBLGNT:Titus.1.9	medium	incil	motif	holding fast the taught word in order to exhort others	The commentary says the recipient must retain the word so that others may be reminded. Titus' overseer holds firmly to the trustworthy word according to teaching in order to exhort and answer opponents, an office-specific parallel to retention becoming instruction.	87:6	"[{""line"": 92, ""strength"": ""medium"", ""tradition"": ""incil"", ""kind"": ""motif"", ""ref"": ""SBLGNT:Titus.1.9"", ""basis"": ""holding fast the taught word in order to exhort others"", ""note"": ""The commentary says the recipient must retain the word so that others may be reminded. Titus' overseer holds firmly to the trustworthy word according to teaching in order to exhort and answer opponents, an office-specific parallel to retention becoming instruction."", ""turn"": 2, ""model"": ""terra"", ""connection_id"": ""BC-01ed5e7eaa4adfbcf099""}]"
1 Enoch 81:1-2	medium	tevrat	motif	Enoch reads heavenly tablets and records them	Enoch reads the heavenly tablets, understands them, and records what they contain; this adds a Jewish apocalyptic image of revelation preserved in a celestial book and passed on in writing.	87:6	"[{""line"": 98, ""strength"": ""medium"", ""tradition"": ""tevrat"", ""kind"": ""motif"", ""ref"": ""1 Enoch 81:1-2"", ""basis"": ""Enoch reads heavenly tablets and records them"", ""note"": ""Enoch reads the heavenly tablets, understands them, and records what they contain; this adds a Jewish apocalyptic image of revelation preserved in a celestial book and passed on in writing."", ""turn"": 2, ""model"": ""luna"", ""connection_id"": ""BC-263a3775547079bb7e7c""}]"
4 Ezra 14:21	medium	tevrat	motif	the Law burned and people left without its light	The commentary considers both God's power over revealed speech and the danger of a word being lost. Ezra's lament that the Law has been burned makes the loss of written revelation a concrete crisis rather than merely a lapse of personal memory.	87:6	"[{""line"": 40, ""strength"": ""medium"", ""tradition"": ""tevrat"", ""kind"": ""motif"", ""ref"": ""4 Ezra 14:21"", ""basis"": ""the Law burned and people left without its light"", ""note"": ""The commentary considers both God's power over revealed speech and the danger of a word being lost. Ezra's lament that the Law has been burned makes the loss of written revelation a concrete crisis rather than merely a lapse of personal memory."", ""turn"": 1, ""model"": ""terra"", ""connection_id"": ""BC-4310877d0a6f4233caa2""}]"
4 Ezra 14:22	medium	tevrat	motif	Ezra asks for the Spirit so he can write what was lost	The commentary makes the giver responsible for collecting and securing revelation. In response to the loss of the Law, Ezra asks for the Holy Spirit so that he can write what is needed for later people; the scene is a Jewish restoration analogue to divinely sustained transmission.	87:6	"[{""line"": 41, ""strength"": ""medium"", ""tradition"": ""tevrat"", ""kind"": ""motif"", ""ref"": ""4 Ezra 14:22"", ""basis"": ""Ezra asks for the Spirit so he can write what was lost"", ""note"": ""The commentary makes the giver responsible for collecting and securing revelation. In response to the loss of the Law, Ezra asks for the Holy Spirit so that he can write what is needed for later people; the scene is a Jewish restoration analogue to divinely sustained transmission."", ""turn"": 1, ""model"": ""terra"", ""connection_id"": ""BC-bfa58b30cbc2f2bbc6f0""}]"
4 Ezra 14:37-48	medium	tevrat	motif	Ezra dictates books by divine enablement	After Jerusalem's destruction Ezra is commanded to write, and the books are dictated through him; this gives a Jewish apocalyptic scene of preserved revelation being restored through an enabled human speaker.	87:6	"[{""line"": 73, ""strength"": ""medium"", ""tradition"": ""tevrat"", ""kind"": ""motif"", ""ref"": ""4 Ezra 14:37-48"", ""basis"": ""Ezra dictates books by divine enablement"", ""note"": ""After Jerusalem's destruction Ezra is commanded to write, and the books are dictated through him; this gives a Jewish apocalyptic scene of preserved revelation being restored through an enabled human speaker."", ""turn"": 1, ""model"": ""luna"", ""connection_id"": ""BC-ae645bca519adc0fbd96""}]"
4 Ezra 14:45	medium	tevrat	yorum_gelenegi	twenty-four restored books made public for reading	The commentary sets preserved recitation beside enduring pages and asks how a word reaches later hearers. After Ezra's inspired restoration of books, the Most High orders the first twenty-four made public for worthy and unworthy readers, a Jewish account of recovered revelation opened for communal use.	87:6	"[{""line"": 85, ""strength"": ""medium"", ""tradition"": ""tevrat"", ""kind"": ""yorum_gelenegi"", ""ref"": ""4 Ezra 14:45"", ""basis"": ""twenty-four restored books made public for reading"", ""note"": ""The commentary sets preserved recitation beside enduring pages and asks how a word reaches later hearers. After Ezra's inspired restoration of books, the Most High orders the first twenty-four made public for worthy and unworthy readers, a Jewish account of recovered revelation opened for communal use."", ""turn"": 2, ""model"": ""terra"", ""connection_id"": ""BC-d733c4a48e248a21ebed""}]"
4 Ezra 14:46	medium	tevrat	yorum_gelenegi	seventy restored books reserved for the wise	The commentary distinguishes what is openly uttered from what remains hidden under God's control. The next instruction reserves the remaining books for the wise, a Jewish apocalyptic counterpoint in which preservation does not imply unrestricted disclosure.	87:6	"[{""line"": 86, ""strength"": ""medium"", ""tradition"": ""tevrat"", ""kind"": ""yorum_gelenegi"", ""ref"": ""4 Ezra 14:46"", ""basis"": ""seventy restored books reserved for the wise"", ""note"": ""The commentary distinguishes what is openly uttered from what remains hidden under God's control. The next instruction reserves the remaining books for the wise, a Jewish apocalyptic counterpoint in which preservation does not imply unrestricted disclosure."", ""turn"": 2, ""model"": ""terra"", ""connection_id"": ""BC-f8f8f8a18b443c83d5c2""}]"
Baruch 4:1	medium	tevrat	motif	the enduring book of commandments held fast	The commentary contrasts gathered, retained revelation with a word discarded as debris. Baruch calls Torah the book of God's commandments that endures forever and sets holding it fast over against death, a Jewish formulation of preservation as life-giving fidelity.	87:6	"[{""line"": 39, ""strength"": ""medium"", ""tradition"": ""tevrat"", ""kind"": ""motif"", ""ref"": ""Baruch 4:1"", ""basis"": ""the enduring book of commandments held fast"", ""note"": ""The commentary contrasts gathered, retained revelation with a word discarded as debris. Baruch calls Torah the book of God's commandments that endures forever and sets holding it fast over against death, a Jewish formulation of preservation as life-giving fidelity."", ""turn"": 1, ""model"": ""terra"", ""connection_id"": ""BC-2f1423be772978872383""}]"
Genesis Rabbah 1:1	medium	tevrat	yorum_gelenegi	Torah as creation's blueprint	The midrash pictures God consulting Torah as a builder consults a plan before making the world; it gives a Jewish interpretive link between creation and revealed teaching like the commentary's creator-teacher pairing.	87:6	"[{""line"": 69, ""strength"": ""medium"", ""tradition"": ""tevrat"", ""kind"": ""yorum_gelenegi"", ""ref"": ""Genesis Rabbah 1:1"", ""basis"": ""Torah as creation's blueprint"", ""note"": ""The midrash pictures God consulting Torah as a builder consults a plan before making the world; it gives a Jewish interpretive link between creation and revealed teaching like the commentary's creator-teacher pairing."", ""turn"": 1, ""model"": ""luna"", ""connection_id"": ""BC-15f5b4c3606b4fbdccb8""}]"
Josephus, Against Apion 1.42	medium	tevrat	yorum_gelenegi	Jewish refusal to add, remove, or alter sacred books	The commentary claims that the divine source protects the given word from loss and change. Josephus describes a Jewish conviction that no one has dared add to, take from, or alter the ancestral books, a later Jewish articulation of scriptural preservation.	87:6	"[{""line"": 87, ""strength"": ""medium"", ""tradition"": ""tevrat"", ""kind"": ""yorum_gelenegi"", ""ref"": ""Josephus, Against Apion 1.42"", ""basis"": ""Jewish refusal to add, remove, or alter sacred books"", ""note"": ""The commentary claims that the divine source protects the given word from loss and change. Josephus describes a Jewish conviction that no one has dared add to, take from, or alter the ancestral books, a later Jewish articulation of scriptural preservation."", ""turn"": 2, ""model"": ""terra"", ""connection_id"": ""BC-6fcdb0a14f27c3b0a35d""}]"
Jubilees 1:4	strong	tevrat	yorum_gelenegi	God-written tablets given to Moses for teaching	The commentary's “pages of Moses” are words received from God and then given onward. Jubilees has God promise Moses tablets of law and commandment that God has written so Moses may teach them, a Jewish retelling that makes both divine authorship and transmission explicit.	87:6	"[{""line"": 67, ""strength"": ""strong"", ""tradition"": ""tevrat"", ""kind"": ""yorum_gelenegi"", ""ref"": ""Jubilees 1:4"", ""basis"": ""God-written tablets given to Moses for teaching"", ""note"": ""The commentary's “pages of Moses” are words received from God and then given onward. Jubilees has God promise Moses tablets of law and commandment that God has written so Moses may teach them, a Jewish retelling that makes both divine authorship and transmission explicit."", ""turn"": 2, ""model"": ""terra"", ""connection_id"": ""BC-ee71113c08542b6ec9b2""}]"
Mishnah Avot 1:1	medium	tevrat	yorum_gelenegi	Moses receives Torah and transmits it through successive teachers	The commentary emphasizes that a sourced word reaches a recipient and then others. Avot begins its chain with Moses receiving Torah at Sinai and handing it to Joshua, elders, prophets, and the assembly, a rabbinic model of guarded transmission across generations.	87:6	"[{""line"": 83, ""strength"": ""medium"", ""tradition"": ""tevrat"", ""kind"": ""yorum_gelenegi"", ""ref"": ""Mishnah Avot 1:1"", ""basis"": ""Moses receives Torah and transmits it through successive teachers"", ""note"": ""The commentary emphasizes that a sourced word reaches a recipient and then others. Avot begins its chain with Moses receiving Torah at Sinai and handing it to Joshua, elders, prophets, and the assembly, a rabbinic model of guarded transmission across generations."", ""turn"": 2, ""model"": ""terra"", ""connection_id"": ""BC-fff119a5d6c51999f91b""}]"
Mishnah Avot 3:8	medium	tevrat	motif|yorum_gelenegi	forgetting one word of Torah as culpable | forgetting even one word of Torah study	The Mishnah treats negligent loss of a learned word as grave; beside the surah's promise that the prophet will not forget, it makes the contrast between human obligation and divinely secured retention explicit. | The commentary says 87:6 is assurance rather than a command imposed on the recipient. Avot treats forgetting a word of one's study as grave while qualifying unavoidable loss, placing rabbinic discipline of Torah memory beside the Qur'anic promise that the messenger will not forget.	87:6	"[{""line"": 74, ""strength"": ""medium"", ""tradition"": ""tevrat"", ""kind"": ""motif"", ""ref"": ""Mishnah Avot 3:8"", ""basis"": ""forgetting one word of Torah as culpable"", ""note"": ""The Mishnah treats negligent loss of a learned word as grave; beside the surah's promise that the prophet will not forget, it makes the contrast between human obligation and divinely secured retention explicit."", ""turn"": 1, ""model"": ""luna"", ""connection_id"": ""BC-28d819f0aeeaeefd3257""}, {""line"": 37, ""strength"": ""medium"", ""tradition"": ""tevrat"", ""kind"": ""yorum_gelenegi"", ""ref"": ""Mishnah Avot 3:8"", ""basis"": ""forgetting even one word of Torah study"", ""note"": ""The commentary says 87:6 is assurance rather than a command imposed on the recipient. Avot treats forgetting a word of one's study as grave while qualifying unavoidable loss, placing rabbinic discipline of Torah memory beside the Qur'anic promise that the messenger will not forget."", ""turn"": 1, ""model"": ""terra"", ""connection_id"": ""BC-7224a029dcc6bd5145e7""}]"
Pirkei Avot 1:1	medium	tevrat	yorum_gelenegi	Torah transmission from Moses onward	The Mishnah traces Torah from Moses through Joshua, elders, prophets, and later teachers; it presents revelation as a handed-on chain, adding a Jewish communal model beside the commentary's direct divine address to one recipient.	87:6	"[{""line"": 96, ""strength"": ""medium"", ""tradition"": ""tevrat"", ""kind"": ""yorum_gelenegi"", ""ref"": ""Pirkei Avot 1:1"", ""basis"": ""Torah transmission from Moses onward"", ""note"": ""The Mishnah traces Torah from Moses through Joshua, elders, prophets, and later teachers; it presents revelation as a handed-on chain, adding a Jewish communal model beside the commentary's direct divine address to one recipient."", ""turn"": 2, ""model"": ""luna"", ""connection_id"": ""BC-428b2e749b02a8483db1""}]"
Sifre Deuteronomy 333	medium	tevrat	yorum_gelenegi	“write this song” read as preserving Torah in writing	The commentary ends by bringing retained recitation beside earlier pages associated with Moses. Sifre reads Deuteronomy's command to write the song as an injunction to write the Torah, a rabbinic expansion of oral teaching into durable manuscript practice.	87:6	"[{""line"": 38, ""strength"": ""medium"", ""tradition"": ""tevrat"", ""kind"": ""yorum_gelenegi"", ""ref"": ""Sifre Deuteronomy 333"", ""basis"": ""“write this song” read as preserving Torah in writing"", ""note"": ""The commentary ends by bringing retained recitation beside earlier pages associated with Moses. Sifre reads Deuteronomy's command to write the song as an injunction to write the Torah, a rabbinic expansion of oral teaching into durable manuscript practice."", ""turn"": 1, ""model"": ""terra"", ""connection_id"": ""BC-b86a592419edf776168d""}]"
Sirach 24:23	medium	tevrat	yorum_gelenegi	Wisdom identified with Moses' Torah	Sirach identifies personified Wisdom with the book of the covenant and the law commanded by Moses; this gives a Jewish interpretive bridge between divine teaching and the earlier Mosaic pages named in the surah.	87:6	"[{""line"": 97, ""strength"": ""medium"", ""tradition"": ""tevrat"", ""kind"": ""yorum_gelenegi"", ""ref"": ""Sirach 24:23"", ""basis"": ""Wisdom identified with Moses' Torah"", ""note"": ""Sirach identifies personified Wisdom with the book of the covenant and the law commanded by Moses; this gives a Jewish interpretive bridge between divine teaching and the earlier Mosaic pages named in the surah."", ""turn"": 2, ""model"": ""luna"", ""connection_id"": ""BC-813a2797c4b04dcd0011""}]"
Sirach 39:1-8	medium	tevrat	motif	scribe studies prophecy and speaks wisdom	The scribe studies the law and prophets, seeks hidden meanings, and is filled with a spirit of understanding to pour out wise words; this adds a learned Jewish model of received instruction becoming speech.	87:6	"[{""line"": 70, ""strength"": ""medium"", ""tradition"": ""tevrat"", ""kind"": ""motif"", ""ref"": ""Sirach 39:1-8"", ""basis"": ""scribe studies prophecy and speaks wisdom"", ""note"": ""The scribe studies the law and prophets, seeks hidden meanings, and is filled with a spirit of understanding to pour out wise words; this adds a learned Jewish model of received instruction becoming speech."", ""turn"": 1, ""model"": ""luna"", ""connection_id"": ""BC-39cc2ac1bbdba9121011""}]"
WLC:1Sam.3.19	strong	tevrat	paralel	no prophetic word allowed to fall to the ground	The commentary makes “you will not forget” the result of God-held recitation and contrasts it with a word dropped like worthless debris. Samuel grows with YHWH, who lets none of his words fall to the ground; this prophetic formula gives a close Hebrew Bible image for divinely sustained speech that does not fall away.	87:6	"[{""line"": 50, ""strength"": ""strong"", ""tradition"": ""tevrat"", ""kind"": ""paralel"", ""ref"": ""WLC:1Sam.3.19"", ""basis"": ""no prophetic word allowed to fall to the ground"", ""note"": ""The commentary makes “you will not forget” the result of God-held recitation and contrasts it with a word dropped like worthless debris. Samuel grows with YHWH, who lets none of his words fall to the ground; this prophetic formula gives a close Hebrew Bible image for divinely sustained speech that does not fall away."", ""turn"": 2, ""model"": ""terra"", ""connection_id"": ""BC-168b1208440dfcd18d24""}]"
WLC:2Sam.23.2	strong	tevrat	motif	Spirit and word on the tongue	David says the Lord's spirit speaks through him and God's word is on his tongue; this joins divine source and human utterance as the commentary does.	87:6	"[{""line"": 5, ""strength"": ""strong"", ""tradition"": ""tevrat"", ""kind"": ""motif"", ""ref"": ""WLC:2Sam.23.2"", ""basis"": ""Spirit and word on the tongue"", ""note"": ""David says the Lord's spirit speaks through him and God's word is on his tongue; this joins divine source and human utterance as the commentary does."", ""turn"": 1, ""model"": ""luna"", ""connection_id"": ""BC-e0f44f7fa6560766e4ae""}]"
WLC:Dan.12.4	medium	tevrat	motif	sealed book preserved for the end	Daniel is told to shut and seal the book until the time of the end; this gives a specific apocalyptic counterpart to the commentary's references to a hidden book and protected revelation.	87:6	"[{""line"": 87, ""strength"": ""medium"", ""tradition"": ""tevrat"", ""kind"": ""motif"", ""ref"": ""WLC:Dan.12.4"", ""basis"": ""sealed book preserved for the end"", ""note"": ""Daniel is told to shut and seal the book until the time of the end; this gives a specific apocalyptic counterpart to the commentary's references to a hidden book and protected revelation."", ""turn"": 2, ""model"": ""luna"", ""connection_id"": ""BC-40794b4c1cc5cc536b0d""}]"
WLC:Dan.7.10	medium	tevrat	motif	books opened before the heavenly court	Daniel sees books opened for judgment; this adds a scene of deeds preserved in divine records beside the commentary's claim that what is public and hidden remains within God's knowledge.	87:6	"[{""line"": 91, ""strength"": ""medium"", ""tradition"": ""tevrat"", ""kind"": ""motif"", ""ref"": ""WLC:Dan.7.10"", ""basis"": ""books opened before the heavenly court"", ""note"": ""Daniel sees books opened for judgment; this adds a scene of deeds preserved in divine records beside the commentary's claim that what is public and hidden remains within God's knowledge."", ""turn"": 2, ""model"": ""luna"", ""connection_id"": ""BC-41dab662c5f8fd3c9e41""}]"
WLC:Deut.17.19	medium	tevrat	motif|soydas	king reads the law throughout life | Arabic ق ر ء B001/B002 and Hebrew קרא (qārāʾ)	The king must read the law all his days, learn reverence, and keep its words; this supplies a sustained practice of reading beyond the single prophetic promise. | The commentary's recitation is held so that it governs the recipient's way of life. The king must keep a Torah scroll with him and read it all his days in order to learn reverence and keep its words; the Hebrew cognate קרא makes daily reading an antidote to abandonment.	87:6	"[{""line"": 67, ""strength"": ""medium"", ""tradition"": ""tevrat"", ""kind"": ""motif"", ""ref"": ""WLC:Deut.17.19"", ""basis"": ""king reads the law throughout life"", ""note"": ""The king must read the law all his days, learn reverence, and keep its words; this supplies a sustained practice of reading beyond the single prophetic promise."", ""turn"": 1, ""model"": ""luna"", ""connection_id"": ""BC-5284f8b9b57927399d8a""}, {""line"": 28, ""strength"": ""medium"", ""tradition"": ""tevrat"", ""kind"": ""soydas"", ""ref"": ""WLC:Deut.17.19"", ""basis"": ""Arabic ق ر ء B001/B002 and Hebrew קרא (qārāʾ)"", ""note"": ""The commentary's recitation is held so that it governs the recipient's way of life. The king must keep a Torah scroll with him and read it all his days in order to learn reverence and keep its words; the Hebrew cognate קרא makes daily reading an antidote to abandonment."", ""turn"": 1, ""model"": ""terra"", ""connection_id"": ""BC-f587ba576ee27cb72e50""}]"
WLC:Deut.18.18	strong	tevrat	motif	prophet speaks words placed in his mouth	God promises to put his words in a prophet's mouth, who must speak all he is commanded; this frames recitation as received speech and accountable transmission.	87:6	"[{""line"": 3, ""strength"": ""strong"", ""tradition"": ""tevrat"", ""kind"": ""motif"", ""ref"": ""WLC:Deut.18.18"", ""basis"": ""prophet speaks words placed in his mouth"", ""note"": ""God promises to put his words in a prophet's mouth, who must speak all he is commanded; this frames recitation as received speech and accountable transmission."", ""turn"": 1, ""model"": ""luna"", ""connection_id"": ""BC-bef4a26579c4e7147b5a""}]"
WLC:Deut.24.19	strong	tevrat	motif	the forgotten sheaf left for the vulnerable	If a reaper forgets a sheaf, it must remain for the immigrant, orphan, and widow; unlike the commentary's abandoned camp refuse, the forgotten object becomes provision for the vulnerable, adding an ethical reversal.	87:6	"[{""line"": 40, ""strength"": ""strong"", ""tradition"": ""tevrat"", ""kind"": ""motif"", ""ref"": ""WLC:Deut.24.19"", ""basis"": ""the forgotten sheaf left for the vulnerable"", ""note"": ""If a reaper forgets a sheaf, it must remain for the immigrant, orphan, and widow; unlike the commentary's abandoned camp refuse, the forgotten object becomes provision for the vulnerable, adding an ethical reversal."", ""turn"": 1, ""model"": ""luna"", ""connection_id"": ""BC-b3dcfc806d48f0dbd873""}]"
WLC:Deut.30.11	medium	tevrat	motif	instruction neither too difficult nor too distant	The augment links the promise to recite with God's making the way easy. Deuteronomy says the command is not too difficult or beyond reach, a Torah-side claim that accessible instruction can actually be received and enacted.	87:6	"[{""line"": 42, ""strength"": ""medium"", ""tradition"": ""tevrat"", ""kind"": ""motif"", ""ref"": ""WLC:Deut.30.11"", ""basis"": ""instruction neither too difficult nor too distant"", ""note"": ""The augment links the promise to recite with God's making the way easy. Deuteronomy says the command is not too difficult or beyond reach, a Torah-side claim that accessible instruction can actually be received and enacted."", ""turn"": 1, ""model"": ""terra"", ""connection_id"": ""BC-47ea19458f2ddda7e0d5""}]"
WLC:Deut.30.14	strong	tevrat	motif	word near mouth and heart | word in mouth and heart for enactment	The command is very near, in the mouth and heart to be done; this links internal possession, spoken words, and action, rather than treating recitation as sound alone. | The commentary describes the given word as held within the recipient and then given outwardly. Deuteronomy says the command is very near, in mouth and heart, in order to do it; it joins inner retention, oral expression, and lived obedience.	87:6	"[{""line"": 27, ""strength"": ""strong"", ""tradition"": ""tevrat"", ""kind"": ""motif"", ""ref"": ""WLC:Deut.30.14"", ""basis"": ""word near mouth and heart"", ""note"": ""The command is very near, in the mouth and heart to be done; this links internal possession, spoken words, and action, rather than treating recitation as sound alone."", ""turn"": 1, ""model"": ""luna"", ""connection_id"": ""BC-b5597b19809efba9e0d8""}, {""line"": 9, ""strength"": ""strong"", ""tradition"": ""tevrat"", ""kind"": ""motif"", ""ref"": ""WLC:Deut.30.14"", ""basis"": ""word in mouth and heart for enactment"", ""note"": ""The commentary describes the given word as held within the recipient and then given outwardly. Deuteronomy says the command is very near, in mouth and heart, in order to do it; it joins inner retention, oral expression, and lived obedience."", ""turn"": 1, ""model"": ""terra"", ""connection_id"": ""BC-e4c5745f2daa249de7f9""}]"
WLC:Deut.31.11	strong	tevrat	motif|soydas	Hebrew qara, read aloud | public Torah reading to all Israel | Arabic ق ر ء B001/B002 and Hebrew קרא (qārāʾ)	The Hebrew qaraʾ verb here means reading the Torah before all Israel; it is a cognate of the Arabic q-r-ʾ label in the commentary and places the shared reading-family word in public scriptural recitation. | Moses is instructed to read the law before the assembled people so they hear and learn; this gives the commentary's divinely enabled recitation a communal counterpart. | The commentary's ق ر ء material treats reading as voiced words received by listeners. At the pilgrimage assembly Moses is commanded to read the Torah in all Israel's hearing so that they hear, learn, and fear; the Hebrew קרא is the cognate in a public instructional setting.	87:6	"[{""line"": 13, ""strength"": ""strong"", ""tradition"": ""tevrat"", ""kind"": ""soydas"", ""ref"": ""WLC:Deut.31.11"", ""basis"": ""Hebrew qara, read aloud"", ""note"": ""The Hebrew qaraʾ verb here means reading the Torah before all Israel; it is a cognate of the Arabic q-r-ʾ label in the commentary and places the shared reading-family word in public scriptural recitation."", ""turn"": 1, ""model"": ""luna"", ""connection_id"": ""BC-94d2bf29d3ec65dd4f03""}, {""line"": 14, ""strength"": ""strong"", ""tradition"": ""tevrat"", ""kind"": ""motif"", ""ref"": ""WLC:Deut.31.11"", ""basis"": ""public Torah reading to all Israel"", ""note"": ""Moses is instructed to read the law before the assembled people so they hear and learn; this gives the commentary's divinely enabled recitation a communal counterpart."", ""turn"": 1, ""model"": ""luna"", ""connection_id"": ""BC-5a8949d0048aec6b96e8""}, {""line"": 53, ""strength"": ""strong"", ""tradition"": ""tevrat"", ""kind"": ""soydas"", ""ref"": ""WLC:Deut.31.11"", ""basis"": ""Arabic ق ر ء B001/B002 and Hebrew קרא (qārāʾ)"", ""note"": ""The commentary's ق ر ء material treats reading as voiced words received by listeners. At the pilgrimage assembly Moses is commanded to read the Torah in all Israel's hearing so that they hear, learn, and fear; the Hebrew קרא is the cognate in a public instructional setting."", ""turn"": 2, ""model"": ""terra"", ""connection_id"": ""BC-7fb4e7dca68d65f2cab9""}]"
WLC:Deut.31.19	strong	tevrat	motif|paralel	song put into Israel's mouths | a song written, taught, and put in Israel's mouth	Moses must write and teach a song so it can be put into Israel's mouths; the text makes memorized utterance a divinely arranged witness, extending the commentary's promise beyond one listener. | The commentary's instructor first gives the recitation and the recipient then carries it. God tells Moses to write the song, teach it to Israel, and put it in their mouths; the verse combines written preservation, teaching, and voiced reception.	87:6	"[{""line"": 11, ""strength"": ""strong"", ""tradition"": ""tevrat"", ""kind"": ""motif"", ""ref"": ""WLC:Deut.31.19"", ""basis"": ""song put into Israel's mouths"", ""note"": ""Moses must write and teach a song so it can be put into Israel's mouths; the text makes memorized utterance a divinely arranged witness, extending the commentary's promise beyond one listener."", ""turn"": 1, ""model"": ""luna"", ""connection_id"": ""BC-8a51b28ec0728ffd8a51""}, {""line"": 2, ""strength"": ""strong"", ""tradition"": ""tevrat"", ""kind"": ""paralel"", ""ref"": ""WLC:Deut.31.19"", ""basis"": ""a song written, taught, and put in Israel's mouth"", ""note"": ""The commentary's instructor first gives the recitation and the recipient then carries it. God tells Moses to write the song, teach it to Israel, and put it in their mouths; the verse combines written preservation, teaching, and voiced reception."", ""turn"": 1, ""model"": ""terra"", ""connection_id"": ""BC-0fbe98b472299e40fe7c""}]"
WLC:Deut.31.21	strong	tevrat	motif|paralel	song not forgotten by descendants | the covenant song not forgotten from descendants' mouths	Moses says the song will not be forgotten from the mouths of Israel's descendants; unlike the individual prophetic promise, this makes preservation a multigenerational result. | The promised “you will not forget” is a result of divine action in the commentary. Deuteronomy makes the song a witness precisely because it will not be forgotten from Israel's descendants' mouths, a communal analogue to retained recitation.	87:6	"[{""line"": 12, ""strength"": ""strong"", ""tradition"": ""tevrat"", ""kind"": ""motif"", ""ref"": ""WLC:Deut.31.21"", ""basis"": ""song not forgotten by descendants"", ""note"": ""Moses says the song will not be forgotten from the mouths of Israel's descendants; unlike the individual prophetic promise, this makes preservation a multigenerational result."", ""turn"": 1, ""model"": ""luna"", ""connection_id"": ""BC-3529262a414bcc14aabd""}, {""line"": 3, ""strength"": ""strong"", ""tradition"": ""tevrat"", ""kind"": ""paralel"", ""ref"": ""WLC:Deut.31.21"", ""basis"": ""the covenant song not forgotten from descendants' mouths"", ""note"": ""The promised “you will not forget” is a result of divine action in the commentary. Deuteronomy makes the song a witness precisely because it will not be forgotten from Israel's descendants' mouths, a communal analogue to retained recitation."", ""turn"": 1, ""model"": ""terra"", ""connection_id"": ""BC-a3f9412ac581cc2fb1bc""}]"
WLC:Deut.31.24	medium	tevrat	motif	Moses completes the written law	Moses finishes writing the words of the law in a book; this adds a textual witness to the surah's claim that revelation continues in earlier pages.	87:6	"[{""line"": 85, ""strength"": ""medium"", ""tradition"": ""tevrat"", ""kind"": ""motif"", ""ref"": ""WLC:Deut.31.24"", ""basis"": ""Moses completes the written law"", ""note"": ""Moses finishes writing the words of the law in a book; this adds a textual witness to the surah's claim that revelation continues in earlier pages."", ""turn"": 2, ""model"": ""luna"", ""connection_id"": ""BC-39bc6ec105827aee1211""}]"
WLC:Deut.31.26	medium	tevrat	motif	book placed beside the ark as witness | Torah scroll placed beside the ark as a witness	The book of the law is placed beside the covenant ark to remain a witness; this gives the commentary's preserved word an archival setting and a continuing role beyond its first hearers. | The commentary's old pages are preserved so their word is not lost. Moses orders the completed Torah scroll placed beside the ark as a witness; this is a material practice of keeping a received text available beyond immediate oral memory.	87:6	"[{""line"": 86, ""strength"": ""medium"", ""tradition"": ""tevrat"", ""kind"": ""motif"", ""ref"": ""WLC:Deut.31.26"", ""basis"": ""book placed beside the ark as witness"", ""note"": ""The book of the law is placed beside the covenant ark to remain a witness; this gives the commentary's preserved word an archival setting and a continuing role beyond its first hearers."", ""turn"": 2, ""model"": ""luna"", ""connection_id"": ""BC-16ffabac30e5e547a22e""}, {""line"": 78, ""strength"": ""medium"", ""tradition"": ""tevrat"", ""kind"": ""motif"", ""ref"": ""WLC:Deut.31.26"", ""basis"": ""Torah scroll placed beside the ark as a witness"", ""note"": ""The commentary's old pages are preserved so their word is not lost. Moses orders the completed Torah scroll placed beside the ark as a witness; this is a material practice of keeping a received text available beyond immediate oral memory."", ""turn"": 2, ""model"": ""terra"", ""connection_id"": ""BC-fd43f3e53b7b2889fcf0""}]"
WLC:Deut.32.18	strong	tevrat	soydas	Arabic ن س ي B001/B002/B003 and Hebrew נשה (nāšâ)	The commentary's ن س ي material makes forgetting both failure to retain an entrusted word and, through the womb image, a falling-away from what was held. Deuteronomy says Israel is unmindful of the Rock that begot it and forgets the God who gave it birth; Hebrew נשה (nāšâ) is cognate with Arabic ن س ي, and the verse uniquely joins forgetting to birthing.	87:6	"[{""line"": 18, ""strength"": ""strong"", ""tradition"": ""tevrat"", ""kind"": ""soydas"", ""ref"": ""WLC:Deut.32.18"", ""basis"": ""Arabic ن س ي B001/B002/B003 and Hebrew נשה (nāšâ)"", ""note"": ""The commentary's ن س ي material makes forgetting both failure to retain an entrusted word and, through the womb image, a falling-away from what was held. Deuteronomy says Israel is unmindful of the Rock that begot it and forgets the God who gave it birth; Hebrew נשה (nāšâ) is cognate with Arabic ن س ي, and the verse uniquely joins forgetting to birthing."", ""turn"": 1, ""model"": ""terra"", ""connection_id"": ""BC-322175c64539373c1556""}]"
WLC:Deut.4.31	strong	tevrat	motif	God does not forget the covenant	God is merciful and will not abandon Israel or forget the covenant with the ancestors; this anchors retained revelation in divine fidelity to an earlier promise.	87:6	"[{""line"": 35, ""strength"": ""strong"", ""tradition"": ""tevrat"", ""kind"": ""motif"", ""ref"": ""WLC:Deut.4.31"", ""basis"": ""God does not forget the covenant"", ""note"": ""God is merciful and will not abandon Israel or forget the covenant with the ancestors; this anchors retained revelation in divine fidelity to an earlier promise."", ""turn"": 1, ""model"": ""luna"", ""connection_id"": ""BC-5dffbb998bd92f3444cb""}]"
WLC:Deut.4.9	strong	tevrat	motif	do not forget what was received; make it known to children	The commentary's recipient is preserved from forgetting so that he can later remind others. Deuteronomy warns Israel not to forget what it has witnessed and immediately turns that memory into teaching children and grandchildren, giving a covenantal counterpart to retention becoming reminder.	87:6	"[{""line"": 20, ""strength"": ""strong"", ""tradition"": ""tevrat"", ""kind"": ""motif"", ""ref"": ""WLC:Deut.4.9"", ""basis"": ""do not forget what was received; make it known to children"", ""note"": ""The commentary's recipient is preserved from forgetting so that he can later remind others. Deuteronomy warns Israel not to forget what it has witnessed and immediately turns that memory into teaching children and grandchildren, giving a covenantal counterpart to retention becoming reminder."", ""turn"": 1, ""model"": ""terra"", ""connection_id"": ""BC-21d52d4c7b9a65e8d9f3""}]"
WLC:Deut.6.6	strong	tevrat	motif	words placed on the heart | commandments placed upon the heart	Israel must keep the commanded words on the heart; this offers a covenantal form of inward retention alongside the commentary's prophetic guarantee. | The commentary has the given word gathered within the recipient before it is voiced. Deuteronomy places these words upon Israel's heart, an early covenant formulation of interior retention that stands behind later oral teaching.	87:6	"[{""line"": 25, ""strength"": ""strong"", ""tradition"": ""tevrat"", ""kind"": ""motif"", ""ref"": ""WLC:Deut.6.6"", ""basis"": ""words placed on the heart"", ""note"": ""Israel must keep the commanded words on the heart; this offers a covenantal form of inward retention alongside the commentary's prophetic guarantee."", ""turn"": 1, ""model"": ""luna"", ""connection_id"": ""BC-4b0493f975371729f22b""}, {""line"": 51, ""strength"": ""strong"", ""tradition"": ""tevrat"", ""kind"": ""motif"", ""ref"": ""WLC:Deut.6.6"", ""basis"": ""commandments placed upon the heart"", ""note"": ""The commentary has the given word gathered within the recipient before it is voiced. Deuteronomy places these words upon Israel's heart, an early covenant formulation of interior retention that stands behind later oral teaching."", ""turn"": 2, ""model"": ""terra"", ""connection_id"": ""BC-f1fa85521c1b1a81d833""}]"
WLC:Deut.6.7	strong	tevrat	motif	teach and speak the words continually | words repeatedly taught and spoken in daily life	The words are to be taught to children and spoken at home and on the road; this turns inwardly retained teaching into repeated speech across generations. | The commentary moves from retained recitation to passing the word outwardly. Deuteronomy requires parents to teach the words diligently and speak of them through the ordinary rhythms of day and night, making memory a recurrent oral practice.	87:6	"[{""line"": 26, ""strength"": ""strong"", ""tradition"": ""tevrat"", ""kind"": ""motif"", ""ref"": ""WLC:Deut.6.7"", ""basis"": ""teach and speak the words continually"", ""note"": ""The words are to be taught to children and spoken at home and on the road; this turns inwardly retained teaching into repeated speech across generations."", ""turn"": 1, ""model"": ""luna"", ""connection_id"": ""BC-91367b3e70a862e5f707""}, {""line"": 52, ""strength"": ""strong"", ""tradition"": ""tevrat"", ""kind"": ""motif"", ""ref"": ""WLC:Deut.6.7"", ""basis"": ""words repeatedly taught and spoken in daily life"", ""note"": ""The commentary moves from retained recitation to passing the word outwardly. Deuteronomy requires parents to teach the words diligently and speak of them through the ordinary rhythms of day and night, making memory a recurrent oral practice."", ""turn"": 2, ""model"": ""terra"", ""connection_id"": ""BC-9348308e868638a8705a""}]"
WLC:Deut.8.11	strong	tevrat	motif	forgetting God means failing to keep commands	Israel is warned not to forget the Lord by failing to keep his commandments; this clarifies the commentary's secondary sense of forgetting as abandonment, not only a lapse of memory.	87:6	"[{""line"": 33, ""strength"": ""strong"", ""tradition"": ""tevrat"", ""kind"": ""motif"", ""ref"": ""WLC:Deut.8.11"", ""basis"": ""forgetting God means failing to keep commands"", ""note"": ""Israel is warned not to forget the Lord by failing to keep his commandments; this clarifies the commentary's secondary sense of forgetting as abandonment, not only a lapse of memory."", ""turn"": 1, ""model"": ""luna"", ""connection_id"": ""BC-481ea13da4c14dd812ac""}]"
WLC:Exod.13.9	strong	tevrat	motif	God's Torah kept in the mouth as a memorial	The commentary joins unforgotten recitation to memory of the divine giver. Exodus calls the festival sign a memorial so that YHWH's Torah may be in Israel's mouth, making oral retention a ritualized response to deliverance.	87:6	"[{""line"": 54, ""strength"": ""strong"", ""tradition"": ""tevrat"", ""kind"": ""motif"", ""ref"": ""WLC:Exod.13.9"", ""basis"": ""God's Torah kept in the mouth as a memorial"", ""note"": ""The commentary joins unforgotten recitation to memory of the divine giver. Exodus calls the festival sign a memorial so that YHWH's Torah may be in Israel's mouth, making oral retention a ritualized response to deliverance."", ""turn"": 2, ""model"": ""terra"", ""connection_id"": ""BC-8357bb81ac50e39d9bde""}]"
WLC:Exod.2.24	medium	tevrat	motif	God remembers covenant and acts	God hears Israel's groaning, remembers the covenant with the ancestors, and turns toward the enslaved people; this shows remembrance as active fidelity, the ground the commentary gives for a preserved message.	87:6	"[{""line"": 36, ""strength"": ""medium"", ""tradition"": ""tevrat"", ""kind"": ""motif"", ""ref"": ""WLC:Exod.2.24"", ""basis"": ""God remembers covenant and acts"", ""note"": ""God hears Israel's groaning, remembers the covenant with the ancestors, and turns toward the enslaved people; this shows remembrance as active fidelity, the ground the commentary gives for a preserved message."", ""turn"": 1, ""model"": ""luna"", ""connection_id"": ""BC-260e558249a61cb5a2c3""}]"
WLC:Exod.24.4	strong	tevrat	motif	Moses writes all the words of YHWH	The commentary brings oral recitation beside the earlier pages of Moses. Before the public reading of the covenant book, Moses writes all YHWH's words; this supplies the written half of the oral-and-page sequence developed in the commentary.	87:6	"[{""line"": 55, ""strength"": ""strong"", ""tradition"": ""tevrat"", ""kind"": ""motif"", ""ref"": ""WLC:Exod.24.4"", ""basis"": ""Moses writes all the words of YHWH"", ""note"": ""The commentary brings oral recitation beside the earlier pages of Moses. Before the public reading of the covenant book, Moses writes all YHWH's words; this supplies the written half of the oral-and-page sequence developed in the commentary."", ""turn"": 2, ""model"": ""terra"", ""connection_id"": ""BC-15fc054218396da545e3""}]"
WLC:Exod.24.7	strong	tevrat	motif|soydas	covenant read, then followed | Arabic ق ر ء B001/B002 and Hebrew קרא (qārāʾ)	Moses reads the covenant book aloud and Israel answers that they will do and heed it; the sequence shows listening to a recitation issuing in following it. | The commentary's B001/B002 labels develop ق ر ء as recitation that carries joined words to hearers. Moses reads the covenant book aloud to Israel in this verse; Hebrew קרא (qārāʾ) is the clear cognate and its covenant setting shows reading as received, binding speech.	87:6	"[{""line"": 15, ""strength"": ""strong"", ""tradition"": ""tevrat"", ""kind"": ""motif"", ""ref"": ""WLC:Exod.24.7"", ""basis"": ""covenant read, then followed"", ""note"": ""Moses reads the covenant book aloud and Israel answers that they will do and heed it; the sequence shows listening to a recitation issuing in following it."", ""turn"": 1, ""model"": ""luna"", ""connection_id"": ""BC-082fd5c7236dbf149456""}, {""line"": 10, ""strength"": ""strong"", ""tradition"": ""tevrat"", ""kind"": ""soydas"", ""ref"": ""WLC:Exod.24.7"", ""basis"": ""Arabic ق ر ء B001/B002 and Hebrew קרא (qārāʾ)"", ""note"": ""The commentary's B001/B002 labels develop ق ر ء as recitation that carries joined words to hearers. Moses reads the covenant book aloud to Israel in this verse; Hebrew קרא (qārāʾ) is the clear cognate and its covenant setting shows reading as received, binding speech."", ""turn"": 1, ""model"": ""terra"", ""connection_id"": ""BC-b660ed74d475570753f9""}]"
WLC:Exod.4.12	strong	tevrat	motif|paralel	God teaches Moses what to say | YHWH with Moses' mouth, teaching what to speak	Moses protests that he is not eloquent, and God answers that he will be with his mouth and teach him what to speak; the promise locates successful speech in divine enabling. | The direct divine “we” and enabled human speech are central to the commentary. At Moses' reluctance, YHWH promises to be with his mouth and teach him what to say, making speech possible without making Moses its independent source.	87:6	"[{""line"": 4, ""strength"": ""strong"", ""tradition"": ""tevrat"", ""kind"": ""motif"", ""ref"": ""WLC:Exod.4.12"", ""basis"": ""God teaches Moses what to say"", ""note"": ""Moses protests that he is not eloquent, and God answers that he will be with his mouth and teach him what to speak; the promise locates successful speech in divine enabling."", ""turn"": 1, ""model"": ""luna"", ""connection_id"": ""BC-7174cd640f734d848d98""}, {""line"": 5, ""strength"": ""strong"", ""tradition"": ""tevrat"", ""kind"": ""paralel"", ""ref"": ""WLC:Exod.4.12"", ""basis"": ""YHWH with Moses' mouth, teaching what to speak"", ""note"": ""The direct divine “we” and enabled human speech are central to the commentary. At Moses' reluctance, YHWH promises to be with his mouth and teach him what to say, making speech possible without making Moses its independent source."", ""turn"": 1, ""model"": ""terra"", ""connection_id"": ""BC-c212b0cc0f884d5e8938""}]"
WLC:Ezek.3.1	strong	tevrat	motif	eat the scroll, then speak | a scroll eaten before the prophet speaks	God tells Ezekiel to eat a scroll and then go speak to Israel; the sequence concretely joins receiving words inside with later public transmission, like the commentary's holding-then-releasing image. | The commentary's womb-and-heart image has revelation taken inside before it is released as public speech. Ezekiel is told to eat the scroll and then go speak to Israel, making ingestion the concrete bridge between receiving written words and proclaiming them.	87:6	"[{""line"": 8, ""strength"": ""strong"", ""tradition"": ""tevrat"", ""kind"": ""motif"", ""ref"": ""WLC:Ezek.3.1"", ""basis"": ""eat the scroll, then speak"", ""note"": ""God tells Ezekiel to eat a scroll and then go speak to Israel; the sequence concretely joins receiving words inside with later public transmission, like the commentary's holding-then-releasing image."", ""turn"": 1, ""model"": ""luna"", ""connection_id"": ""BC-1a578b55bd1fa8c127a8""}, {""line"": 11, ""strength"": ""strong"", ""tradition"": ""tevrat"", ""kind"": ""motif"", ""ref"": ""WLC:Ezek.3.1"", ""basis"": ""a scroll eaten before the prophet speaks"", ""note"": ""The commentary's womb-and-heart image has revelation taken inside before it is released as public speech. Ezekiel is told to eat the scroll and then go speak to Israel, making ingestion the concrete bridge between receiving written words and proclaiming them."", ""turn"": 1, ""model"": ""terra"", ""connection_id"": ""BC-f8711fd42628cc4a8285""}]"
WLC:Ezek.3.10	strong	tevrat	motif	take the words to heart and listen | all divine words received in heart and heard with ears	God tells Ezekiel to take all the words into his heart and hear them with his ears before speaking; this closely matches the commentary's inward retention of a received recitation. | The commentary insists that the recipient follows a word first supplied by its teacher. Ezekiel is told to receive in his heart all the words God speaks and to hear them with his ears, explicitly joining inward reception and attentive listening before his mission.	87:6	"[{""line"": 10, ""strength"": ""strong"", ""tradition"": ""tevrat"", ""kind"": ""motif"", ""ref"": ""WLC:Ezek.3.10"", ""basis"": ""take the words to heart and listen"", ""note"": ""God tells Ezekiel to take all the words into his heart and hear them with his ears before speaking; this closely matches the commentary's inward retention of a received recitation."", ""turn"": 1, ""model"": ""luna"", ""connection_id"": ""BC-c3a9d5fdcae26b65b60e""}, {""line"": 63, ""strength"": ""strong"", ""tradition"": ""tevrat"", ""kind"": ""motif"", ""ref"": ""WLC:Ezek.3.10"", ""basis"": ""all divine words received in heart and heard with ears"", ""note"": ""The commentary insists that the recipient follows a word first supplied by its teacher. Ezekiel is told to receive in his heart all the words God speaks and to hear them with his ears, explicitly joining inward reception and attentive listening before his mission."", ""turn"": 2, ""model"": ""terra"", ""connection_id"": ""BC-d413d4d8780066fe303d""}]"
WLC:Ezek.3.27	strong	tevrat	paralel	God opens the prophet's mouth when speaking to him	The commentary reads the causative form as God making the addressee able to recite. After controlling Ezekiel's silence, God says that when he speaks with him he will open the prophet's mouth; the verse makes the possibility of prophetic utterance depend on divine initiative.	87:6	"[{""line"": 64, ""strength"": ""strong"", ""tradition"": ""tevrat"", ""kind"": ""paralel"", ""ref"": ""WLC:Ezek.3.27"", ""basis"": ""God opens the prophet's mouth when speaking to him"", ""note"": ""The commentary reads the causative form as God making the addressee able to recite. After controlling Ezekiel's silence, God says that when he speaks with him he will open the prophet's mouth; the verse makes the possibility of prophetic utterance depend on divine initiative."", ""turn"": 2, ""model"": ""terra"", ""connection_id"": ""BC-1d2e092304f1f74e5b37""}]"
WLC:Ezek.3.3	strong	tevrat	motif	scroll enters the mouth and tastes sweet	The scroll fills Ezekiel's stomach and tastes like honey in his mouth; it portrays the prophetic message as fully received rather than merely heard.	87:6	"[{""line"": 9, ""strength"": ""strong"", ""tradition"": ""tevrat"", ""kind"": ""motif"", ""ref"": ""WLC:Ezek.3.3"", ""basis"": ""scroll enters the mouth and tastes sweet"", ""note"": ""The scroll fills Ezekiel's stomach and tastes like honey in his mouth; it portrays the prophetic message as fully received rather than merely heard."", ""turn"": 1, ""model"": ""luna"", ""connection_id"": ""BC-84dd6ca1361beaaaa7fb""}]"
WLC:Ezek.3.4	strong	tevrat	motif	words received from God spoken to Israel	After the scroll scene, Ezekiel is sent to Israel with God's own words. This supplies the outward half of the commentary's sequence: a word retained in the prophet becomes warning addressed to others.	87:6	"[{""line"": 12, ""strength"": ""strong"", ""tradition"": ""tevrat"", ""kind"": ""motif"", ""ref"": ""WLC:Ezek.3.4"", ""basis"": ""words received from God spoken to Israel"", ""note"": ""After the scroll scene, Ezekiel is sent to Israel with God's own words. This supplies the outward half of the commentary's sequence: a word retained in the prophet becomes warning addressed to others."", ""turn"": 1, ""model"": ""terra"", ""connection_id"": ""BC-edfd927acdbfca335480""}]"
WLC:Ezra.7.10	medium	tevrat	motif	study, practice, then teach	Ezra sets his heart to study the law, do it, and teach it; this matches the commentary's reading-as-devotion and links inward learning to public instruction.	87:6	"[{""line"": 68, ""strength"": ""medium"", ""tradition"": ""tevrat"", ""kind"": ""motif"", ""ref"": ""WLC:Ezra.7.10"", ""basis"": ""study, practice, then teach"", ""note"": ""Ezra sets his heart to study the law, do it, and teach it; this matches the commentary's reading-as-devotion and links inward learning to public instruction."", ""turn"": 1, ""model"": ""luna"", ""connection_id"": ""BC-2db3c962ea437d09d716""}]"
WLC:Gen.26.5	weak	tevrat	karsi_anlati	Abraham obeys commands, statutes, and laws without pages	The commentary's final page-image attributes earlier sheets to Abraham and Moses. Genesis retrospectively credits Abraham with obeying divine commands and laws but mentions no Abrahamic scroll; that absence is a cautious textual contrast to the Qur'anic “pages of Abraham.”	87:6	"[{""line"": 49, ""strength"": ""weak"", ""tradition"": ""tevrat"", ""kind"": ""karsi_anlati"", ""ref"": ""WLC:Gen.26.5"", ""basis"": ""Abraham obeys commands, statutes, and laws without pages"", ""note"": ""The commentary's final page-image attributes earlier sheets to Abraham and Moses. Genesis retrospectively credits Abraham with obeying divine commands and laws but mentions no Abrahamic scroll; that absence is a cautious textual contrast to the Qur'anic “pages of Abraham.”"", ""turn"": 1, ""model"": ""terra"", ""connection_id"": ""BC-eb5edc6094d407512775""}]"
WLC:Gen.3.6	medium	tevrat	karsi_anlati	Adam's transgression narrated as seeing, taking, eating, and giving	The commentary invokes the Qur'anic Adam who “forgot” an entrusted command as the negative foil to 87:6. Genesis narrates the corresponding fall through the woman's seeing, taking, eating, and giving the fruit, rather than naming Adam's act forgetfulness; the difference changes how disobedience is framed.	87:6	"[{""line"": 48, ""strength"": ""medium"", ""tradition"": ""tevrat"", ""kind"": ""karsi_anlati"", ""ref"": ""WLC:Gen.3.6"", ""basis"": ""Adam's transgression narrated as seeing, taking, eating, and giving"", ""note"": ""The commentary invokes the Qur'anic Adam who “forgot” an entrusted command as the negative foil to 87:6. Genesis narrates the corresponding fall through the woman's seeing, taking, eating, and giving the fruit, rather than naming Adam's act forgetfulness; the difference changes how disobedience is framed."", ""turn"": 1, ""model"": ""terra"", ""connection_id"": ""BC-4b8c7e100f6220086ca7""}]"
WLC:Hab.2.2	strong	tevrat	motif	vision written plainly for a reader | vision written plainly so a reader can run with it	The prophet must write the vision on tablets so a reader can run with it; this joins inscription, legibility, and transmission to the commentary's account of a received message following a recitation. | The commentary holds recitation together with ordered pages and a message carried onward. Habakkuk is told to write the vision clearly on tablets so that its reader may run, a scene where a fixed written revelation enables its bearer to transmit or act on it.	87:6	"[{""line"": 84, ""strength"": ""medium"", ""tradition"": ""tevrat"", ""kind"": ""motif"", ""ref"": ""WLC:Hab.2.2"", ""basis"": ""vision written plainly for a reader"", ""note"": ""The prophet must write the vision on tablets so a reader can run with it; this joins inscription, legibility, and transmission to the commentary's account of a received message following a recitation."", ""turn"": 2, ""model"": ""luna"", ""connection_id"": ""BC-400502bc60d3f1e7aa88""}, {""line"": 65, ""strength"": ""strong"", ""tradition"": ""tevrat"", ""kind"": ""motif"", ""ref"": ""WLC:Hab.2.2"", ""basis"": ""vision written plainly so a reader can run with it"", ""note"": ""The commentary holds recitation together with ordered pages and a message carried onward. Habakkuk is told to write the vision clearly on tablets so that its reader may run, a scene where a fixed written revelation enables its bearer to transmit or act on it."", ""turn"": 2, ""model"": ""terra"", ""connection_id"": ""BC-162136ed93f54e01b70a""}]"
WLC:Isa.29.11	medium	tevrat	karsi_anlati	a sealed book offered to one who says he cannot read it	The commentary's promise is that God will enable the addressee to recite and will preserve the word, while it also reflects on hidden and manifest speech. Isaiah's vision becomes a sealed book that even a reader cannot read; the contrast makes divine enablement, rather than literacy alone, the issue.	87:6	"[{""line"": 79, ""strength"": ""medium"", ""tradition"": ""tevrat"", ""kind"": ""karsi_anlati"", ""ref"": ""WLC:Isa.29.11"", ""basis"": ""a sealed book offered to one who says he cannot read it"", ""note"": ""The commentary's promise is that God will enable the addressee to recite and will preserve the word, while it also reflects on hidden and manifest speech. Isaiah's vision becomes a sealed book that even a reader cannot read; the contrast makes divine enablement, rather than literacy alone, the issue."", ""turn"": 2, ""model"": ""terra"", ""connection_id"": ""BC-3bf5390d032db7c4166b""}]"
WLC:Isa.30.8	strong	tevrat	motif	written witness for the future | prophecy inscribed on tablet and book for future time	God tells Isaiah to inscribe the message in a book for future days as an enduring witness; this connects the commentary's assurance of retained speech with written preservation across time. | The commentary's final pages carry words beyond the first recipient. Isaiah is told to write the message before the people on a tablet and in a book so it remains for a future day, a direct preservation scene for revelation meant to outlast its first utterance.	87:6	"[{""line"": 81, ""strength"": ""strong"", ""tradition"": ""tevrat"", ""kind"": ""motif"", ""ref"": ""WLC:Isa.30.8"", ""basis"": ""written witness for the future"", ""note"": ""God tells Isaiah to inscribe the message in a book for future days as an enduring witness; this connects the commentary's assurance of retained speech with written preservation across time."", ""turn"": 2, ""model"": ""luna"", ""connection_id"": ""BC-e8f45b9bf2f39f850cbc""}, {""line"": 57, ""strength"": ""strong"", ""tradition"": ""tevrat"", ""kind"": ""motif"", ""ref"": ""WLC:Isa.30.8"", ""basis"": ""prophecy inscribed on tablet and book for future time"", ""note"": ""The commentary's final pages carry words beyond the first recipient. Isaiah is told to write the message before the people on a tablet and in a book so it remains for a future day, a direct preservation scene for revelation meant to outlast its first utterance."", ""turn"": 2, ""model"": ""terra"", ""connection_id"": ""BC-4beed91b6c37f316abf2""}]"
WLC:Isa.34.16	strong	tevrat	soydas	Arabic ق ر ء B001/B002 and Hebrew קרא (qārāʾ)	The commentary pairs gathering with a recited word that is not lost. Isaiah tells hearers to seek and read from YHWH's book, says none will be missing, and grounds the gathering in YHWH's mouth and Spirit; Hebrew קרא supplies the cognate reading verb within an unusually close no-omission context.	87:6	"[{""line"": 58, ""strength"": ""strong"", ""tradition"": ""tevrat"", ""kind"": ""soydas"", ""ref"": ""WLC:Isa.34.16"", ""basis"": ""Arabic ق ر ء B001/B002 and Hebrew קרא (qārāʾ)"", ""note"": ""The commentary pairs gathering with a recited word that is not lost. Isaiah tells hearers to seek and read from YHWH's book, says none will be missing, and grounds the gathering in YHWH's mouth and Spirit; Hebrew קרא supplies the cognate reading verb within an unusually close no-omission context."", ""turn"": 2, ""model"": ""terra"", ""connection_id"": ""BC-639b47257ab67e1e436c""}]"
WLC:Isa.40.7	medium	tevrat	motif	grass and flower wither	Isaiah says grass withers and flower fades; beside the surah's pasture becoming dark refuse before the promise of retention, it sharpens the contrast between transient vegetation and lasting divine speech.	87:6	"[{""line"": 44, ""strength"": ""medium"", ""tradition"": ""tevrat"", ""kind"": ""motif"", ""ref"": ""WLC:Isa.40.7"", ""basis"": ""grass and flower wither"", ""note"": ""Isaiah says grass withers and flower fades; beside the surah's pasture becoming dark refuse before the promise of retention, it sharpens the contrast between transient vegetation and lasting divine speech."", ""turn"": 1, ""model"": ""luna"", ""connection_id"": ""BC-0455a1a1596f265b158e""}]"
WLC:Isa.40.8	strong	tevrat	motif	word endures after grass withers | withered grass and the word that stands forever	Isaiah contrasts withering grass and fading flowers with God's word standing forever; this meets the commentary's immediate move from pasture turned to refuse to the promise of a word that will not be dropped. | The commentary places the promise that the recited word will not fall away beside pasture turned into dark refuse. Isaiah's one verse contrasts grass and flower fading with God's word standing forever, making the vegetation-to-enduring-word relationship unusually close.	87:6	"[{""line"": 24, ""strength"": ""strong"", ""tradition"": ""tevrat"", ""kind"": ""motif"", ""ref"": ""WLC:Isa.40.8"", ""basis"": ""word endures after grass withers"", ""note"": ""Isaiah contrasts withering grass and fading flowers with God's word standing forever; this meets the commentary's immediate move from pasture turned to refuse to the promise of a word that will not be dropped."", ""turn"": 1, ""model"": ""luna"", ""connection_id"": ""BC-1f4a48e43d9065c7d14e""}, {""line"": 21, ""strength"": ""strong"", ""tradition"": ""tevrat"", ""kind"": ""motif"", ""ref"": ""WLC:Isa.40.8"", ""basis"": ""withered grass and the word that stands forever"", ""note"": ""The commentary places the promise that the recited word will not fall away beside pasture turned into dark refuse. Isaiah's one verse contrasts grass and flower fading with God's word standing forever, making the vegetation-to-enduring-word relationship unusually close."", ""turn"": 1, ""model"": ""terra"", ""connection_id"": ""BC-e75ad8bc7ed84c859db0""}]"
WLC:Isa.43.25	medium	tevrat	motif	God chooses not to remember sins	God says he blots out transgressions and will not remember sins; beside the surah's exception reserving memory to God's will, this shows divine non-remembrance as an act of mercy toward a different object.	87:6	"[{""line"": 37, ""strength"": ""medium"", ""tradition"": ""tevrat"", ""kind"": ""motif"", ""ref"": ""WLC:Isa.43.25"", ""basis"": ""God chooses not to remember sins"", ""note"": ""God says he blots out transgressions and will not remember sins; beside the surah's exception reserving memory to God's will, this shows divine non-remembrance as an act of mercy toward a different object."", ""turn"": 1, ""model"": ""luna"", ""connection_id"": ""BC-72ec9a2badc2daec36f3""}]"
WLC:Isa.49.15	strong	tevrat	motif	God will not forget Zion even if a mother might | a nursing mother who might forget, but God does not	The passage imagines a mother forgetting her nursing child, then denies that God will forget Zion; it adds a maternal image to the commentary's claim that the giver of memory does not abandon what is entrusted. | The commentary contrasts human forgetfulness with the God who does not forget, while using maternal containment as a secondary image. Isaiah invokes a nursing mother and her child only to insist that even if she forgets, God will not forget Zion, binding maternal care and unfailing divine memory.	87:6	"[{""line"": 34, ""strength"": ""strong"", ""tradition"": ""tevrat"", ""kind"": ""motif"", ""ref"": ""WLC:Isa.49.15"", ""basis"": ""God will not forget Zion even if a mother might"", ""note"": ""The passage imagines a mother forgetting her nursing child, then denies that God will forget Zion; it adds a maternal image to the commentary's claim that the giver of memory does not abandon what is entrusted."", ""turn"": 1, ""model"": ""luna"", ""connection_id"": ""BC-000018fee91ce03cf33e""}, {""line"": 19, ""strength"": ""strong"", ""tradition"": ""tevrat"", ""kind"": ""motif"", ""ref"": ""WLC:Isa.49.15"", ""basis"": ""a nursing mother who might forget, but God does not"", ""note"": ""The commentary contrasts human forgetfulness with the God who does not forget, while using maternal containment as a secondary image. Isaiah invokes a nursing mother and her child only to insist that even if she forgets, God will not forget Zion, binding maternal care and unfailing divine memory."", ""turn"": 1, ""model"": ""terra"", ""connection_id"": ""BC-8be4d958bed7126ab5e0""}]"
WLC:Isa.50.4	strong	tevrat	motif|paralel	taught tongue and awakened ear | taught tongue and repeatedly awakened ear	The commentary says the addressee will recite because God teaches him; Isaiah's speaker receives a trained tongue and a morning-awakened ear to hear like a disciple, joining divine instruction to receptive listening. | The commentary's causative reading has the recipient hear the teacher before speaking for others. Isaiah's servant receives a taught tongue and an ear awakened morning by morning to hear as a learner, joining receptive hearing to fitting speech.	87:6	"[{""line"": 1, ""strength"": ""strong"", ""tradition"": ""tevrat"", ""kind"": ""motif"", ""ref"": ""WLC:Isa.50.4"", ""basis"": ""taught tongue and awakened ear"", ""note"": ""The commentary says the addressee will recite because God teaches him; Isaiah's speaker receives a trained tongue and a morning-awakened ear to hear like a disciple, joining divine instruction to receptive listening."", ""turn"": 1, ""model"": ""luna"", ""connection_id"": ""BC-9230a2e2a0d8fb4ea8cb""}, {""line"": 7, ""strength"": ""strong"", ""tradition"": ""tevrat"", ""kind"": ""paralel"", ""ref"": ""WLC:Isa.50.4"", ""basis"": ""taught tongue and repeatedly awakened ear"", ""note"": ""The commentary's causative reading has the recipient hear the teacher before speaking for others. Isaiah's servant receives a taught tongue and an ear awakened morning by morning to hear as a learner, joining receptive hearing to fitting speech."", ""turn"": 1, ""model"": ""terra"", ""connection_id"": ""BC-60f3eb7c104c8522edb1""}]"
WLC:Isa.51.16	strong	tevrat	paralel	divine words put in a mouth and protected by God's hand	The commentary's addressee speaks a word he did not originate and is kept by the speaker who gave it. Isaiah says God has put words in the servant's mouth and covered him with the shadow of the divine hand, joining enabled speech to protection.	87:6	"[{""line"": 59, ""strength"": ""strong"", ""tradition"": ""tevrat"", ""kind"": ""paralel"", ""ref"": ""WLC:Isa.51.16"", ""basis"": ""divine words put in a mouth and protected by God's hand"", ""note"": ""The commentary's addressee speaks a word he did not originate and is kept by the speaker who gave it. Isaiah says God has put words in the servant's mouth and covered him with the shadow of the divine hand, joining enabled speech to protection."", ""turn"": 2, ""model"": ""terra"", ""connection_id"": ""BC-19d71353dac9c8bc7c02""}]"
WLC:Isa.55.11	strong	tevrat	motif	word from God's mouth fulfills its purpose | God's word goes from the divine mouth and accomplishes its purpose	God's word goes out from his mouth and accomplishes what he intends; beside the commentary's promise that recitation will not be lost, this emphasizes the efficacy of the source, not the hearer's memory alone. | The commentary presents the recited speech as originating with God and reaching its assigned result. Isaiah's word goes out from God's mouth, does not return empty, and accomplishes the sender's purpose, a source-to-effect account of effective revelation.	87:6	"[{""line"": 23, ""strength"": ""strong"", ""tradition"": ""tevrat"", ""kind"": ""motif"", ""ref"": ""WLC:Isa.55.11"", ""basis"": ""word from God's mouth fulfills its purpose"", ""note"": ""God's word goes out from his mouth and accomplishes what he intends; beside the commentary's promise that recitation will not be lost, this emphasizes the efficacy of the source, not the hearer's memory alone."", ""turn"": 1, ""model"": ""luna"", ""connection_id"": ""BC-8022b80cf07c93746ea2""}, {""line"": 24, ""strength"": ""strong"", ""tradition"": ""tevrat"", ""kind"": ""motif"", ""ref"": ""WLC:Isa.55.11"", ""basis"": ""God's word goes from the divine mouth and accomplishes its purpose"", ""note"": ""The commentary presents the recited speech as originating with God and reaching its assigned result. Isaiah's word goes out from God's mouth, does not return empty, and accomplishes the sender's purpose, a source-to-effect account of effective revelation."", ""turn"": 1, ""model"": ""terra"", ""connection_id"": ""BC-3c25678d971f25bcf224""}]"
WLC:Isa.59.21	strong	tevrat	motif|paralel	spirit and words remain in mouths | God's Spirit and words placed in a mouth, never departing	God's covenant promises that his spirit and words placed in the addressee's mouth will remain with him and his descendants; this adds enduring communal transmission to the promise of retained recitation. | The commentary takes 87:6 as God's promise to make the recipient recite and retain the given word. Isaiah's covenant places God's Spirit and words in a recipient's mouth and promises that they will not leave that mouth or its descendants, extending secure recitation into a line of transmission.	87:6	"[{""line"": 6, ""strength"": ""strong"", ""tradition"": ""tevrat"", ""kind"": ""motif"", ""ref"": ""WLC:Isa.59.21"", ""basis"": ""spirit and words remain in mouths"", ""note"": ""God's covenant promises that his spirit and words placed in the addressee's mouth will remain with him and his descendants; this adds enduring communal transmission to the promise of retained recitation."", ""turn"": 1, ""model"": ""luna"", ""connection_id"": ""BC-8239ee961133a38034b7""}, {""line"": 1, ""strength"": ""strong"", ""tradition"": ""tevrat"", ""kind"": ""paralel"", ""ref"": ""WLC:Isa.59.21"", ""basis"": ""God's Spirit and words placed in a mouth, never departing"", ""note"": ""The commentary takes 87:6 as God's promise to make the recipient recite and retain the given word. Isaiah's covenant places God's Spirit and words in a recipient's mouth and promises that they will not leave that mouth or its descendants, extending secure recitation into a line of transmission."", ""turn"": 1, ""model"": ""terra"", ""connection_id"": ""BC-dcf6b8f17257a16ecb44""}]"
WLC:Isa.8.16	strong	tevrat	motif	sealed teaching among disciples | testimony bound up and teaching sealed among disciples	Isaiah commands that the testimony be bound up and the teaching sealed among his disciples; this gives a concrete preservation practice beside the commentary's promise that recited words will not be lost. | The commentary describes a message whose path to the messenger is guarded and whose retention is secured by its giver. Isaiah orders the testimony bound and the teaching sealed among disciples, a compact image of protected instruction held within a defined receiving community.	87:6	"[{""line"": 80, ""strength"": ""strong"", ""tradition"": ""tevrat"", ""kind"": ""motif"", ""ref"": ""WLC:Isa.8.16"", ""basis"": ""sealed teaching among disciples"", ""note"": ""Isaiah commands that the testimony be bound up and the teaching sealed among his disciples; this gives a concrete preservation practice beside the commentary's promise that recited words will not be lost."", ""turn"": 2, ""model"": ""luna"", ""connection_id"": ""BC-0ac141a4d3af31b6dde3""}, {""line"": 56, ""strength"": ""strong"", ""tradition"": ""tevrat"", ""kind"": ""motif"", ""ref"": ""WLC:Isa.8.16"", ""basis"": ""testimony bound up and teaching sealed among disciples"", ""note"": ""The commentary describes a message whose path to the messenger is guarded and whose retention is secured by its giver. Isaiah orders the testimony bound and the teaching sealed among disciples, a compact image of protected instruction held within a defined receiving community."", ""turn"": 2, ""model"": ""terra"", ""connection_id"": ""BC-b6a4051a1b02fc7a8d68""}]"
WLC:Jer.1.9	strong	tevrat	motif|paralel	words placed in the prophet's mouth | YHWH puts words into a prophet's mouth	God touches Jeremiah's mouth and says he has put his words there; this gives a direct prophetic scene for the commentary's promise that God will make the addressee recite. | The commentary pictures the word moving from its source into the recipient's tongue. In Jeremiah's call, YHWH touches the prophet's mouth and says that the divine words have been put there, a particularly close prophetic counterpart.	87:6	"[{""line"": 2, ""strength"": ""strong"", ""tradition"": ""tevrat"", ""kind"": ""motif"", ""ref"": ""WLC:Jer.1.9"", ""basis"": ""words placed in the prophet's mouth"", ""note"": ""God touches Jeremiah's mouth and says he has put his words there; this gives a direct prophetic scene for the commentary's promise that God will make the addressee recite."", ""turn"": 1, ""model"": ""luna"", ""connection_id"": ""BC-28b08e0ea3e7d2c83326""}, {""line"": 6, ""strength"": ""strong"", ""tradition"": ""tevrat"", ""kind"": ""paralel"", ""ref"": ""WLC:Jer.1.9"", ""basis"": ""YHWH puts words into a prophet's mouth"", ""note"": ""The commentary pictures the word moving from its source into the recipient's tongue. In Jeremiah's call, YHWH touches the prophet's mouth and says that the divine words have been put there, a particularly close prophetic counterpart."", ""turn"": 1, ""model"": ""terra"", ""connection_id"": ""BC-dc831f5b1c3701a15173""}]"
WLC:Jer.15.16	strong	tevrat	motif	eating and inwardly receiving words | God's words found and eaten	Jeremiah says he found and ate God's words, which became joy to him; this gives an image of divine speech taken inward before it is carried outward. | The commentary's language of gathering inside the recipient is not limited to intellectual recall. Jeremiah finds and eats God's words, which become joy and delight, a prophetic ingestion image that complements the scroll-eating scenes without merely repeating them.	87:6	"[{""line"": 7, ""strength"": ""strong"", ""tradition"": ""tevrat"", ""kind"": ""motif"", ""ref"": ""WLC:Jer.15.16"", ""basis"": ""eating and inwardly receiving words"", ""note"": ""Jeremiah says he found and ate God's words, which became joy to him; this gives an image of divine speech taken inward before it is carried outward."", ""turn"": 1, ""model"": ""luna"", ""connection_id"": ""BC-df45ac54ec00b9c02004""}, {""line"": 62, ""strength"": ""strong"", ""tradition"": ""tevrat"", ""kind"": ""motif"", ""ref"": ""WLC:Jer.15.16"", ""basis"": ""God's words found and eaten"", ""note"": ""The commentary's language of gathering inside the recipient is not limited to intellectual recall. Jeremiah finds and eats God's words, which become joy and delight, a prophetic ingestion image that complements the scroll-eating scenes without merely repeating them."", ""turn"": 2, ""model"": ""terra"", ""connection_id"": ""BC-53af77c33bee3908a886""}]"
WLC:Jer.2.32	medium	tevrat	motif	forgetting God pictured as neglect	The prophet asks whether a bride can forget her ornaments, then says Israel has forgotten God; this gives the commentary's secondary sense of forgetting as abandonment a concrete relational image.	87:6	"[{""line"": 92, ""strength"": ""medium"", ""tradition"": ""tevrat"", ""kind"": ""motif"", ""ref"": ""WLC:Jer.2.32"", ""basis"": ""forgetting God pictured as neglect"", ""note"": ""The prophet asks whether a bride can forget her ornaments, then says Israel has forgotten God; this gives the commentary's secondary sense of forgetting as abandonment a concrete relational image."", ""turn"": 2, ""model"": ""luna"", ""connection_id"": ""BC-b05ff54a9232eda23693""}]"
WLC:Jer.20.14	strong	tevrat	motif	Jeremiah curses the day of his birth	Jeremiah wishes the day of his birth had not been blessed; this is a prophetic birth lament beside Mary's wish to die and become forgotten, but the two speakers and settings remain distinct.	87:6	"[{""line"": 42, ""strength"": ""strong"", ""tradition"": ""tevrat"", ""kind"": ""motif"", ""ref"": ""WLC:Jer.20.14"", ""basis"": ""Jeremiah curses the day of his birth"", ""note"": ""Jeremiah wishes the day of his birth had not been blessed; this is a prophetic birth lament beside Mary's wish to die and become forgotten, but the two speakers and settings remain distinct."", ""turn"": 1, ""model"": ""luna"", ""connection_id"": ""BC-138b057f5d5a470c7ed1""}]"
WLC:Jer.20.18	strong	tevrat	motif	why was I born to see toil?	Jeremiah asks why he came from the womb only to see sorrow; the question shares Mary's acute labor-time wish for erasure without making her scene the same story.	87:6	"[{""line"": 43, ""strength"": ""strong"", ""tradition"": ""tevrat"", ""kind"": ""motif"", ""ref"": ""WLC:Jer.20.18"", ""basis"": ""why was I born to see toil?"", ""note"": ""Jeremiah asks why he came from the womb only to see sorrow; the question shares Mary's acute labor-time wish for erasure without making her scene the same story."", ""turn"": 1, ""model"": ""luna"", ""connection_id"": ""BC-9fb6655b73335a3c3d07""}]"
WLC:Jer.20.9	strong	tevrat	motif	a word shut up inside that cannot be held back	The commentary's womb image gives the retained word a later outward release. Jeremiah tries not to mention or speak in God's name, but the word becomes a fire shut in his bones which he cannot contain; it offers a bodily image of inward revelation pressing toward proclamation.	87:6	"[{""line"": 60, ""strength"": ""strong"", ""tradition"": ""tevrat"", ""kind"": ""motif"", ""ref"": ""WLC:Jer.20.9"", ""basis"": ""a word shut up inside that cannot be held back"", ""note"": ""The commentary's womb image gives the retained word a later outward release. Jeremiah tries not to mention or speak in God's name, but the word becomes a fire shut in his bones which he cannot contain; it offers a bodily image of inward revelation pressing toward proclamation."", ""turn"": 2, ""model"": ""terra"", ""connection_id"": ""BC-6cc683850e12fc433309""}]"
WLC:Jer.23.28	strong	tevrat	motif	God's true word spoken faithfully over against straw	The commentary puts its undropped word immediately after pasture becomes refuse. Jeremiah distinguishes a dreamer's report from one who has God's word and must speak it faithfully, then contrasts straw with wheat; it joins trustworthy utterance to the commentary's vegetation-and-chaff contrast.	87:6	"[{""line"": 61, ""strength"": ""strong"", ""tradition"": ""tevrat"", ""kind"": ""motif"", ""ref"": ""WLC:Jer.23.28"", ""basis"": ""God's true word spoken faithfully over against straw"", ""note"": ""The commentary puts its undropped word immediately after pasture becomes refuse. Jeremiah distinguishes a dreamer's report from one who has God's word and must speak it faithfully, then contrasts straw with wheat; it joins trustworthy utterance to the commentary's vegetation-and-chaff contrast."", ""turn"": 2, ""model"": ""terra"", ""connection_id"": ""BC-b915b253d08d413c8ce2""}]"
WLC:Jer.31.33	strong	tevrat	motif	law written within the heart | Torah placed within and written on hearts	God promises a covenant with the law placed within and written on the people's hearts; this communal inward inscription develops the commentary's image of a word held inside before it is spoken. | The commentary says that the word is gathered and held in the recipient rather than merely external to him. Jeremiah's new-covenant promise has God put Torah within the people and write it on their hearts, a scriptural inner-inscription analogue.	87:6	"[{""line"": 32, ""strength"": ""strong"", ""tradition"": ""tevrat"", ""kind"": ""motif"", ""ref"": ""WLC:Jer.31.33"", ""basis"": ""law written within the heart"", ""note"": ""God promises a covenant with the law placed within and written on the people's hearts; this communal inward inscription develops the commentary's image of a word held inside before it is spoken."", ""turn"": 1, ""model"": ""luna"", ""connection_id"": ""BC-51df8cbf6febbfceb923""}, {""line"": 15, ""strength"": ""strong"", ""tradition"": ""tevrat"", ""kind"": ""motif"", ""ref"": ""WLC:Jer.31.33"", ""basis"": ""Torah placed within and written on hearts"", ""note"": ""The commentary says that the word is gathered and held in the recipient rather than merely external to him. Jeremiah's new-covenant promise has God put Torah within the people and write it on their hearts, a scriptural inner-inscription analogue."", ""turn"": 1, ""model"": ""terra"", ""connection_id"": ""BC-731ff87324b8b74114a1""}]"
WLC:Jer.31.34	medium	tevrat	motif	God remembers sin no more as covenantal action	The commentary stresses that forgetting can mean abandoning rather than a simple failure of mental recall. Jeremiah's promise that God will no longer remember sin uses memory as a covenantal act of judgment or forgiveness, helping a reader hear the commentary's stronger relational sense of forgetting.	87:6	"[{""line"": 36, ""strength"": ""medium"", ""tradition"": ""tevrat"", ""kind"": ""motif"", ""ref"": ""WLC:Jer.31.34"", ""basis"": ""God remembers sin no more as covenantal action"", ""note"": ""The commentary stresses that forgetting can mean abandoning rather than a simple failure of mental recall. Jeremiah's promise that God will no longer remember sin uses memory as a covenantal act of judgment or forgiveness, helping a reader hear the commentary's stronger relational sense of forgetting."", ""turn"": 1, ""model"": ""terra"", ""connection_id"": ""BC-af7a76eabc5a6beb4939""}]"
WLC:Jer.36.27	strong	tevrat	motif	scroll burned but its words answered	After the king burns the scroll, the Lord's word comes to Jeremiah again; the episode gives a concrete case of human rejection failing to make the divine message disappear.	87:6	"[{""line"": 20, ""strength"": ""strong"", ""tradition"": ""tevrat"", ""kind"": ""motif"", ""ref"": ""WLC:Jer.36.27"", ""basis"": ""scroll burned but its words answered"", ""note"": ""After the king burns the scroll, the Lord's word comes to Jeremiah again; the episode gives a concrete case of human rejection failing to make the divine message disappear."", ""turn"": 1, ""model"": ""luna"", ""connection_id"": ""BC-59da501b228917776e7a""}]"
WLC:Jer.36.28	strong	tevrat	motif	scroll ordered to be written again	God commands Jeremiah to take another scroll and write the former words again after Jehoiakim's burning; the repeated inscription supplies a narrative of preservation through renewed dictation.	87:6	"[{""line"": 21, ""strength"": ""strong"", ""tradition"": ""tevrat"", ""kind"": ""motif"", ""ref"": ""WLC:Jer.36.28"", ""basis"": ""scroll ordered to be written again"", ""note"": ""God commands Jeremiah to take another scroll and write the former words again after Jehoiakim's burning; the repeated inscription supplies a narrative of preservation through renewed dictation."", ""turn"": 1, ""model"": ""luna"", ""connection_id"": ""BC-1d3fc7d6e1b5a108782b""}]"
WLC:Jer.36.32	strong	tevrat	motif	rewritten scroll with added words | a burned scroll recreated and expanded by dictation	Baruch writes the words again from Jeremiah's dictation, with many similar words added; this shows transmission surviving destruction and growing through a new recitation. | The commentary grounds preservation in the divine source rather than the recipient's unaided memory. After Jehoiakim burns the first scroll, Jeremiah dictates its former words to another scroll and additional words are added; the scene tests the durability of revealed wording against material loss.	87:6	"[{""line"": 22, ""strength"": ""strong"", ""tradition"": ""tevrat"", ""kind"": ""motif"", ""ref"": ""WLC:Jer.36.32"", ""basis"": ""rewritten scroll with added words"", ""note"": ""Baruch writes the words again from Jeremiah's dictation, with many similar words added; this shows transmission surviving destruction and growing through a new recitation."", ""turn"": 1, ""model"": ""luna"", ""connection_id"": ""BC-38cb4f86016d3e118dac""}, {""line"": 23, ""strength"": ""strong"", ""tradition"": ""tevrat"", ""kind"": ""motif"", ""ref"": ""WLC:Jer.36.32"", ""basis"": ""a burned scroll recreated and expanded by dictation"", ""note"": ""The commentary grounds preservation in the divine source rather than the recipient's unaided memory. After Jehoiakim burns the first scroll, Jeremiah dictates its former words to another scroll and additional words are added; the scene tests the durability of revealed wording against material loss."", ""turn"": 1, ""model"": ""terra"", ""connection_id"": ""BC-b08ab547e3ba5d1b65ab""}]"
WLC:Jer.36.6	strong	tevrat	motif|soydas	Hebrew qara, Baruch reads the scroll | Baruch recites Jeremiah's words publicly	The Hebrew qaraʾ verb describes Baruch reading Jeremiah's written words aloud; this is a cognate reading use, concretely tied to a message received from God and relayed by another voice. | Baruch reads the scroll before the people on a fast day; the mediated reading complements the commentary's image of a hearer following the reciter.	87:6	"[{""line"": 18, ""strength"": ""strong"", ""tradition"": ""tevrat"", ""kind"": ""soydas"", ""ref"": ""WLC:Jer.36.6"", ""basis"": ""Hebrew qara, Baruch reads the scroll"", ""note"": ""The Hebrew qaraʾ verb describes Baruch reading Jeremiah's written words aloud; this is a cognate reading use, concretely tied to a message received from God and relayed by another voice."", ""turn"": 1, ""model"": ""luna"", ""connection_id"": ""BC-0f385a04c52e3f8db09a""}, {""line"": 19, ""strength"": ""strong"", ""tradition"": ""tevrat"", ""kind"": ""motif"", ""ref"": ""WLC:Jer.36.6"", ""basis"": ""Baruch recites Jeremiah's words publicly"", ""note"": ""Baruch reads the scroll before the people on a fast day; the mediated reading complements the commentary's image of a hearer following the reciter."", ""turn"": 1, ""model"": ""luna"", ""connection_id"": ""BC-f12d905cbd453ad3464c""}]"
WLC:Job.3.16	strong	tevrat	motif	wishing to be an unregarded stillbirth	Job wishes he had been like a hidden stillbirth that never saw light; this shares the birth-lament behind Mary's wish to have been forgotten, while Job's own suffering rather than childbirth frames the speech.	87:6	"[{""line"": 41, ""strength"": ""strong"", ""tradition"": ""tevrat"", ""kind"": ""motif"", ""ref"": ""WLC:Job.3.16"", ""basis"": ""wishing to be an unregarded stillbirth"", ""note"": ""Job wishes he had been like a hidden stillbirth that never saw light; this shares the birth-lament behind Mary's wish to have been forgotten, while Job's own suffering rather than childbirth frames the speech."", ""turn"": 1, ""model"": ""luna"", ""connection_id"": ""BC-d675bf4d0fe85d7bb63c""}]"
WLC:Josh.1.8	strong	tevrat	motif	law remains in the mouth and is meditated on | the book kept in the mouth, meditated on, and enacted	The book of the law is not to depart from Joshua's mouth, and he is to meditate on it day and night; this describes sustained recitation and practice, while the surah makes retention a divine promise. | The commentary rejects a reading that remains only on the tongue and ends with recitation joined to worshipful practice. Joshua is told that the book of Torah must not depart from his mouth, but be meditated on day and night so that he does what is written; it makes durable recitation a form of life.	87:6	"[{""line"": 28, ""strength"": ""strong"", ""tradition"": ""tevrat"", ""kind"": ""motif"", ""ref"": ""WLC:Josh.1.8"", ""basis"": ""law remains in the mouth and is meditated on"", ""note"": ""The book of the law is not to depart from Joshua's mouth, and he is to meditate on it day and night; this describes sustained recitation and practice, while the surah makes retention a divine promise."", ""turn"": 1, ""model"": ""luna"", ""connection_id"": ""BC-bbc3e1dd4ec44566e193""}, {""line"": 25, ""strength"": ""strong"", ""tradition"": ""tevrat"", ""kind"": ""motif"", ""ref"": ""WLC:Josh.1.8"", ""basis"": ""the book kept in the mouth, meditated on, and enacted"", ""note"": ""The commentary rejects a reading that remains only on the tongue and ends with recitation joined to worshipful practice. Joshua is told that the book of Torah must not depart from his mouth, but be meditated on day and night so that he does what is written; it makes durable recitation a form of life."", ""turn"": 1, ""model"": ""terra"", ""connection_id"": ""BC-795c6e5814d24eb6b83e""}]"
WLC:Mal.3.16	medium	tevrat	motif	book of remembrance for those who fear God | a book of remembrance for those who fear God and esteem the name	A book of remembrance is written before God for those who fear him and remember his name; this makes the commentary's divine knowledge and retained remembrance a recorded communal witness. | The commentary connects unforgetting, divine knowledge, and a lasting written record. Malachi describes God attending to those who speak together in reverence and a book of remembrance being written before him, a reciprocal scene of human remembrance and divine record.	87:6	"[{""line"": 90, ""strength"": ""medium"", ""tradition"": ""tevrat"", ""kind"": ""motif"", ""ref"": ""WLC:Mal.3.16"", ""basis"": ""book of remembrance for those who fear God"", ""note"": ""A book of remembrance is written before God for those who fear him and remember his name; this makes the commentary's divine knowledge and retained remembrance a recorded communal witness."", ""turn"": 2, ""model"": ""luna"", ""connection_id"": ""BC-322b7161b5486f4761bd""}, {""line"": 82, ""strength"": ""medium"", ""tradition"": ""tevrat"", ""kind"": ""motif"", ""ref"": ""WLC:Mal.3.16"", ""basis"": ""a book of remembrance for those who fear God and esteem the name"", ""note"": ""The commentary connects unforgetting, divine knowledge, and a lasting written record. Malachi describes God attending to those who speak together in reverence and a book of remembrance being written before him, a reciprocal scene of human remembrance and divine record."", ""turn"": 2, ""model"": ""terra"", ""connection_id"": ""BC-b88ce91dcde0623610bc""}]"
WLC:Neh.8.8	strong	tevrat	motif|soydas	Hebrew qara, read and expound | reading with explanation | Arabic ق ر ء B001/B002 and Hebrew קרא (qārāʾ)	The Hebrew qaraʾ reading verb occurs as the Torah is read; the cognate sense is specifically public scriptural reading, while the verse's explanation of the text adds interpretation to recitation. | The Levites read God's law and give its sense so the people understand; this illuminates the commentary's distinction between reciting words and having their meaning made clear. | The commentary treats recitation as joined words whose meaning is also opened for hearers. Nehemiah's assembly reads from the Torah and gives its sense so the people understand the reading; Hebrew קרא (qārāʾ), cognate with the commentary's ق ر ء, appears in a communal reading-and-explanation setting.	87:6	"[{""line"": 16, ""strength"": ""strong"", ""tradition"": ""tevrat"", ""kind"": ""soydas"", ""ref"": ""WLC:Neh.8.8"", ""basis"": ""Hebrew qara, read and expound"", ""note"": ""The Hebrew qaraʾ reading verb occurs as the Torah is read; the cognate sense is specifically public scriptural reading, while the verse's explanation of the text adds interpretation to recitation."", ""turn"": 1, ""model"": ""luna"", ""connection_id"": ""BC-66ed33cdb4ed8b6c3695""}, {""line"": 17, ""strength"": ""strong"", ""tradition"": ""tevrat"", ""kind"": ""motif"", ""ref"": ""WLC:Neh.8.8"", ""basis"": ""reading with explanation"", ""note"": ""The Levites read God's law and give its sense so the people understand; this illuminates the commentary's distinction between reciting words and having their meaning made clear."", ""turn"": 1, ""model"": ""luna"", ""connection_id"": ""BC-cfb8921918670546a78d""}, {""line"": 27, ""strength"": ""medium"", ""tradition"": ""tevrat"", ""kind"": ""soydas"", ""ref"": ""WLC:Neh.8.8"", ""basis"": ""Arabic ق ر ء B001/B002 and Hebrew קרא (qārāʾ)"", ""note"": ""The commentary treats recitation as joined words whose meaning is also opened for hearers. Nehemiah's assembly reads from the Torah and gives its sense so the people understand the reading; Hebrew קרא (qārāʾ), cognate with the commentary's ق ر ء, appears in a communal reading-and-explanation setting."", ""turn"": 1, ""model"": ""terra"", ""connection_id"": ""BC-477cde75d229566b06fc""}]"
WLC:Neh.9.3	strong	tevrat	motif	Torah read, then confessed and worshipped	The commentary ends by joining reading to prayer and worship rather than treating it as bare sound. Nehemiah's community spends part of the day reading the Torah and another part confessing and worshipping, a liturgical realization of received words becoming devotion.	87:6	"[{""line"": 66, ""strength"": ""strong"", ""tradition"": ""tevrat"", ""kind"": ""motif"", ""ref"": ""WLC:Neh.9.3"", ""basis"": ""Torah read, then confessed and worshipped"", ""note"": ""The commentary ends by joining reading to prayer and worship rather than treating it as bare sound. Nehemiah's community spends part of the day reading the Torah and another part confessing and worshipping, a liturgical realization of received words becoming devotion."", ""turn"": 2, ""model"": ""terra"", ""connection_id"": ""BC-33c714c61dfa7e3fde30""}]"
WLC:Prov.7.3	medium	tevrat	motif	instruction written on the tablet of the heart	The commentary joins pages to a word held in the recipient. Proverbs tells the pupil to bind the commands and write them on the tablet of the heart, a wisdom-text counterpart to inward inscription and memorized guidance.	87:6	"[{""line"": 80, ""strength"": ""medium"", ""tradition"": ""tevrat"", ""kind"": ""motif"", ""ref"": ""WLC:Prov.7.3"", ""basis"": ""instruction written on the tablet of the heart"", ""note"": ""The commentary joins pages to a word held in the recipient. Proverbs tells the pupil to bind the commands and write them on the tablet of the heart, a wisdom-text counterpart to inward inscription and memorized guidance."", ""turn"": 2, ""model"": ""terra"", ""connection_id"": ""BC-24e74818fec297019a5a""}]"
WLC:Ps.103.15	strong	tevrat	motif	human life like grass	The human being flourishes like field grass and disappears when the wind passes; this gives a scriptural form to the commentary's adjacent image of vegetation becoming refuse.	87:6	"[{""line"": 38, ""strength"": ""strong"", ""tradition"": ""tevrat"", ""kind"": ""motif"", ""ref"": ""WLC:Ps.103.15"", ""basis"": ""human life like grass"", ""note"": ""The human being flourishes like field grass and disappears when the wind passes; this gives a scriptural form to the commentary's adjacent image of vegetation becoming refuse."", ""turn"": 1, ""model"": ""luna"", ""connection_id"": ""BC-0ed7b42bdf69a7f56084""}]"
WLC:Ps.103.17	strong	tevrat	motif	steadfast love lasts beyond human life	After describing human life as grass, the psalm says the Lord's steadfast love is everlasting; this places divine permanence beside the commentary's contrast between withered pasture and enduring word.	87:6	"[{""line"": 39, ""strength"": ""strong"", ""tradition"": ""tevrat"", ""kind"": ""motif"", ""ref"": ""WLC:Ps.103.17"", ""basis"": ""steadfast love lasts beyond human life"", ""note"": ""After describing human life as grass, the psalm says the Lord's steadfast love is everlasting; this places divine permanence beside the commentary's contrast between withered pasture and enduring word."", ""turn"": 1, ""model"": ""luna"", ""connection_id"": ""BC-93154263158eed126116""}]"
WLC:Ps.119.11	strong	tevrat	motif	word stored in the heart | God's word stored in the heart	The psalmist says he has treasured God's word in his heart; this is a clear image of gathered words kept inwardly, though here the speaker describes his own devotional practice. | The commentary says the word is gathered within so it will not be lost. The psalmist stores God's saying in the heart in order not to sin, a devotional response that makes inner retention ethically consequential.	87:6	"[{""line"": 29, ""strength"": ""strong"", ""tradition"": ""tevrat"", ""kind"": ""motif"", ""ref"": ""WLC:Ps.119.11"", ""basis"": ""word stored in the heart"", ""note"": ""The psalmist says he has treasured God's word in his heart; this is a clear image of gathered words kept inwardly, though here the speaker describes his own devotional practice."", ""turn"": 1, ""model"": ""luna"", ""connection_id"": ""BC-03b3168fcf27845d5476""}, {""line"": 29, ""strength"": ""medium"", ""tradition"": ""tevrat"", ""kind"": ""motif"", ""ref"": ""WLC:Ps.119.11"", ""basis"": ""God's word stored in the heart"", ""note"": ""The commentary says the word is gathered within so it will not be lost. The psalmist stores God's saying in the heart in order not to sin, a devotional response that makes inner retention ethically consequential."", ""turn"": 1, ""model"": ""terra"", ""connection_id"": ""BC-f3cd53158e8a15d119ce""}]"
WLC:Ps.119.16	strong	tevrat	motif	not forgetting God's word	The psalmist resolves not to forget God's word while delighting in the statutes; it concretizes the same result that the commentary attributes to God's recitation.	87:6	"[{""line"": 30, ""strength"": ""strong"", ""tradition"": ""tevrat"", ""kind"": ""motif"", ""ref"": ""WLC:Ps.119.16"", ""basis"": ""not forgetting God's word"", ""note"": ""The psalmist resolves not to forget God's word while delighting in the statutes; it concretizes the same result that the commentary attributes to God's recitation."", ""turn"": 1, ""model"": ""luna"", ""connection_id"": ""BC-8d7d3a217480bae8d355""}]"
WLC:Ps.119.93	strong	tevrat	motif	not forgetting the precepts	The speaker says God's precepts preserve his life and he will never forget them; this adds a received-word testimony in which memory sustains life.	87:6	"[{""line"": 31, ""strength"": ""strong"", ""tradition"": ""tevrat"", ""kind"": ""motif"", ""ref"": ""WLC:Ps.119.93"", ""basis"": ""not forgetting the precepts"", ""note"": ""The speaker says God's precepts preserve his life and he will never forget them; this adds a received-word testimony in which memory sustains life."", ""turn"": 1, ""model"": ""luna"", ""connection_id"": ""BC-61993059bbafc27be0c1""}]"
WLC:Ps.139.13	medium	tevrat	motif	God forms the inward parts in the womb	The psalmist says God formed him and knit him together in his mother's womb; the passage's own creation scene gives a scriptural counterpart to the commentary's explicitly metaphorical womb image.	87:6	"[{""line"": 88, ""strength"": ""medium"", ""tradition"": ""tevrat"", ""kind"": ""motif"", ""ref"": ""WLC:Ps.139.13"", ""basis"": ""God forms the inward parts in the womb"", ""note"": ""The psalmist says God formed him and knit him together in his mother's womb; the passage's own creation scene gives a scriptural counterpart to the commentary's explicitly metaphorical womb image."", ""turn"": 2, ""model"": ""luna"", ""connection_id"": ""BC-5fc28cf03fb64cfec2a5""}]"
WLC:Ps.139.16	medium	tevrat	motif	womb formation and days written in a book	The psalm joins God's sight of the unformed body with days written in a book; this uniquely meets the commentary's conjunction of womb-held life and a word securely kept by God.	87:6	"[{""line"": 89, ""strength"": ""medium"", ""tradition"": ""tevrat"", ""kind"": ""motif"", ""ref"": ""WLC:Ps.139.16"", ""basis"": ""womb formation and days written in a book"", ""note"": ""The psalm joins God's sight of the unformed body with days written in a book; this uniquely meets the commentary's conjunction of womb-held life and a word securely kept by God."", ""turn"": 2, ""model"": ""luna"", ""connection_id"": ""BC-80642cfa734faeaacef7""}]"
WLC:Ps.78.7	medium	tevrat	motif	not forgetting God's works while keeping commandments	The commentary uses forgetting as leaving what has been entrusted and links memory to a later reminder. The psalm's educational purpose is that later generations not forget God's works but keep the commandments, an explicit memory-obedience relation.	87:6	"[{""line"": 81, ""strength"": ""medium"", ""tradition"": ""tevrat"", ""kind"": ""motif"", ""ref"": ""WLC:Ps.78.7"", ""basis"": ""not forgetting God's works while keeping commandments"", ""note"": ""The commentary uses forgetting as leaving what has been entrusted and links memory to a later reminder. The psalm's educational purpose is that later generations not forget God's works but keep the commandments, an explicit memory-obedience relation."", ""turn"": 2, ""model"": ""terra"", ""connection_id"": ""BC-d562448a873af7fb5c76""}]"
Wisdom of Solomon 7:15-16	medium	tevrat	motif	God governs speech and understanding	The speaker asks God to grant fitting speech and says both people and their words are in God's hand; this extends divine agency from recitation to the speaker's very words.	87:6	"[{""line"": 71, ""strength"": ""medium"", ""tradition"": ""tevrat"", ""kind"": ""motif"", ""ref"": ""Wisdom of Solomon 7:15-16"", ""basis"": ""God governs speech and understanding"", ""note"": ""The speaker asks God to grant fitting speech and says both people and their words are in God's hand; this extends divine agency from recitation to the speaker's very words."", ""turn"": 1, ""model"": ""luna"", ""connection_id"": ""BC-59274af93a31984d3cfe""}]"
Wisdom of Solomon 9:17	medium	tevrat	motif	wisdom and spirit sent from above	The passage asks who could know God's counsel unless God gave wisdom and sent a holy spirit from above; this frames understanding as a gift, beside the commentary's promise of divine teaching.	87:6	"[{""line"": 72, ""strength"": ""medium"", ""tradition"": ""tevrat"", ""kind"": ""motif"", ""ref"": ""Wisdom of Solomon 9:17"", ""basis"": ""wisdom and spirit sent from above"", ""note"": ""The passage asks who could know God's counsel unless God gave wisdom and sent a holy spirit from above; this frames understanding as a gift, beside the commentary's promise of divine teaching."", ""turn"": 1, ""model"": ""luna"", ""connection_id"": ""BC-1aee14bd04ba955ba14f""}]"
b. Eruvin 54b	medium	tevrat	yorum_gelenegi	repeated oral teaching as preservation | repeated teaching from Moses through Israel	The rabbinic account has Moses repeat Torah teaching through Aaron, the elders, and Israel; it explains communal retention through rehearsed transmission rather than a single prophetic promise. | The commentary describes the instructor reading first and the recipient following so the word remains. The Talmud's account of Moses teaching Aaron, his sons, elders, and all Israel in repeated cycles makes repetition the concrete practice by which revelation is retained and shared.	87:6	"[{""line"": 75, ""strength"": ""medium"", ""tradition"": ""tevrat"", ""kind"": ""yorum_gelenegi"", ""ref"": ""b. Eruvin 54b"", ""basis"": ""repeated oral teaching as preservation"", ""note"": ""The rabbinic account has Moses repeat Torah teaching through Aaron, the elders, and Israel; it explains communal retention through rehearsed transmission rather than a single prophetic promise."", ""turn"": 1, ""model"": ""luna"", ""connection_id"": ""BC-0e90d9b9b1ca29241aea""}, {""line"": 84, ""strength"": ""medium"", ""tradition"": ""tevrat"", ""kind"": ""yorum_gelenegi"", ""ref"": ""b. Eruvin 54b"", ""basis"": ""repeated teaching from Moses through Israel"", ""note"": ""The commentary describes the instructor reading first and the recipient following so the word remains. The Talmud's account of Moses teaching Aaron, his sons, elders, and all Israel in repeated cycles makes repetition the concrete practice by which revelation is retained and shared."", ""turn"": 2, ""model"": ""terra"", ""connection_id"": ""BC-ece87028c92aa338bd4c""}]"
