ref	tier	tradition	kinds	basis	explanations	target	evidence
Gregory of Nyssa, Life of Moses II.162–164	medium	incil	yorum_gelenegi	Moses enters divine darkness	Gregory reads Moses' ascent into cloud and darkness as a deeper knowledge of the God who cannot be seen; this Christian interpretation changes the commentary's sight-limit scene into a path of knowing through unseeing.	87:7	"[{""line"": 89, ""strength"": ""medium"", ""tradition"": ""incil"", ""kind"": ""yorum_gelenegi"", ""ref"": ""Gregory of Nyssa, Life of Moses II.162–164"", ""basis"": ""Moses enters divine darkness"", ""note"": ""Gregory reads Moses' ascent into cloud and darkness as a deeper knowledge of the God who cannot be seen; this Christian interpretation changes the commentary's sight-limit scene into a path of knowing through unseeing."", ""turn"": 1, ""model"": ""luna"", ""connection_id"": ""BC-a70fd1b4f3c775461ddb""}]"
SBLGNT:1Cor.13.12	medium	incil	motif	seeing and knowing remain partial	Paul contrasts present dim sight and partial knowledge with future face-to-face knowledge; this adds a Christian account of human limits beside the commentary's contrast between God's full knowledge and human perception.	87:7	"[{""line"": 73, ""strength"": ""medium"", ""tradition"": ""incil"", ""kind"": ""motif"", ""ref"": ""SBLGNT:1Cor.13.12"", ""basis"": ""seeing and knowing remain partial"", ""note"": ""Paul contrasts present dim sight and partial knowledge with future face-to-face knowledge; this adds a Christian account of human limits beside the commentary's contrast between God's full knowledge and human perception."", ""turn"": 1, ""model"": ""luna"", ""connection_id"": ""BC-7ad644eb53e6c34777b5""}]"
SBLGNT:1Cor.14.25	strong	incil	motif	yüreğin gizlerinin açılması	Yorumun gizli iç katmanın bilinip ortaya çıkması için Pavlus, peygamberlik karşısında dışarıdakinin yüreğinin gizlerinin açılacağını anlatır. Gizli olanın açılması ibadet meclisinde Tanrı'nın varlığına götürür.	87:7	"[{""line"": 47, ""strength"": ""strong"", ""tradition"": ""incil"", ""kind"": ""motif"", ""ref"": ""SBLGNT:1Cor.14.25"", ""basis"": ""yüreğin gizlerinin açılması"", ""note"": ""Yorumun gizli iç katmanın bilinip ortaya çıkması için Pavlus, peygamberlik karşısında dışarıdakinin yüreğinin gizlerinin açılacağını anlatır. Gizli olanın açılması ibadet meclisinde Tanrı'nın varlığına götürür."", ""turn"": 1, ""model"": ""terra"", ""connection_id"": ""BC-74bf5f1a143d298877d2""}]"
SBLGNT:1Cor.2.10	medium	incil	motif	Spirit searches the depths | Ruh aracılığıyla açılan Tanrı derinlikleri	Paul says the Spirit searches everything, even God's depths; this offers a Christian account of access to hidden knowledge, though its focus is the Spirit's knowledge of God rather than human secrets. | Yorum, gizliyi bilenin bazı bilgiyi elçisine açmasını vurgular; Pavlus Tanrı'nın daha önce gizli olan bilgeliği Ruh aracılığıyla açtığını ve Ruh'un Tanrı'nın derinliklerini araştırdığını söyler. Gizli bilginin seçilmiş açıklanması için Hıristiyan karşılıktır.	87:7	"[{""line"": 72, ""strength"": ""medium"", ""tradition"": ""incil"", ""kind"": ""motif"", ""ref"": ""SBLGNT:1Cor.2.10"", ""basis"": ""Spirit searches the depths"", ""note"": ""Paul says the Spirit searches everything, even God's depths; this offers a Christian account of access to hidden knowledge, though its focus is the Spirit's knowledge of God rather than human secrets."", ""turn"": 1, ""model"": ""luna"", ""connection_id"": ""BC-a0df7c1cf20c61be433c""}, {""line"": 82, ""strength"": ""medium"", ""tradition"": ""incil"", ""kind"": ""motif"", ""ref"": ""SBLGNT:1Cor.2.10"", ""basis"": ""Ruh aracılığıyla açılan Tanrı derinlikleri"", ""note"": ""Yorum, gizliyi bilenin bazı bilgiyi elçisine açmasını vurgular; Pavlus Tanrı'nın daha önce gizli olan bilgeliği Ruh aracılığıyla açtığını ve Ruh'un Tanrı'nın derinliklerini araştırdığını söyler. Gizli bilginin seçilmiş açıklanması için Hıristiyan karşılıktır."", ""turn"": 1, ""model"": ""terra"", ""connection_id"": ""BC-29fac95803fea103d453""}]"
SBLGNT:1Cor.4.5	strong	incil	motif	darkness and heart-counsels brought to light | karanlıkta saklananı ışığa çıkarma	Paul says the Lord will expose what is hidden in darkness and disclose the purposes of hearts; this closely matches both halves of the commentary's open/hidden knowledge claim. | Yorum, gizli kalanın bilen dilediğinde yeniden görünür olabileceği yönünü işler; Pavlus Rabbin karanlıktaki gizli şeyleri ışığa çıkarıp yüreklerin amaçlarını açacağını söyler. Gizli ile açık arasındaki geçişe yargı ufku ekler.	87:7	"[{""line"": 38, ""strength"": ""strong"", ""tradition"": ""incil"", ""kind"": ""motif"", ""ref"": ""SBLGNT:1Cor.4.5"", ""basis"": ""darkness and heart-counsels brought to light"", ""note"": ""Paul says the Lord will expose what is hidden in darkness and disclose the purposes of hearts; this closely matches both halves of the commentary's open/hidden knowledge claim."", ""turn"": 1, ""model"": ""luna"", ""connection_id"": ""BC-f72860f9bcf865e6c000""}, {""line"": 30, ""strength"": ""strong"", ""tradition"": ""incil"", ""kind"": ""motif"", ""ref"": ""SBLGNT:1Cor.4.5"", ""basis"": ""karanlıkta saklananı ışığa çıkarma"", ""note"": ""Yorum, gizli kalanın bilen dilediğinde yeniden görünür olabileceği yönünü işler; Pavlus Rabbin karanlıktaki gizli şeyleri ışığa çıkarıp yüreklerin amaçlarını açacağını söyler. Gizli ile açık arasındaki geçişe yargı ufku ekler."", ""turn"": 1, ""model"": ""terra"", ""connection_id"": ""BC-249f47a884f5a4369f3a""}]"
SBLGNT:1Tim.6.16	strong	incil	motif	inaccessible light and unseen God | yaklaşılmaz ışık ve görülmeyen Tanrı	Paul describes God as dwelling in inaccessible light, whom no human has seen or can see; this adds a Christian formulation of the visual limit that the commentary develops through sun-glare and Moses. | Yorumun güneşin gözü kamaştırması ile insan görüşünün sınırı için bu ayet Tanrı'nın yaklaşılmaz ışıkta yaşadığını, onu hiçbir insanın görmediğini ya da göremeyeceğini söyler. Görünür ışık ile erişilemez ilahîlik arasındaki gerilimi taşır.	87:7	"[{""line"": 40, ""strength"": ""strong"", ""tradition"": ""incil"", ""kind"": ""motif"", ""ref"": ""SBLGNT:1Tim.6.16"", ""basis"": ""inaccessible light and unseen God"", ""note"": ""Paul describes God as dwelling in inaccessible light, whom no human has seen or can see; this adds a Christian formulation of the visual limit that the commentary develops through sun-glare and Moses."", ""turn"": 1, ""model"": ""luna"", ""connection_id"": ""BC-3c2f54ac8c1c233c2692""}, {""line"": 40, ""strength"": ""strong"", ""tradition"": ""incil"", ""kind"": ""motif"", ""ref"": ""SBLGNT:1Tim.6.16"", ""basis"": ""yaklaşılmaz ışık ve görülmeyen Tanrı"", ""note"": ""Yorumun güneşin gözü kamaştırması ile insan görüşünün sınırı için bu ayet Tanrı'nın yaklaşılmaz ışıkta yaşadığını, onu hiçbir insanın görmediğini ya da göremeyeceğini söyler. Görünür ışık ile erişilemez ilahîlik arasındaki gerilimi taşır."", ""turn"": 1, ""model"": ""terra"", ""connection_id"": ""BC-39e011b3e83ab974548a""}]"
SBLGNT:2Cor.12.4	strong	incil	motif	söylenmesi mümkün olmayan sözler	Yorum, gizli olanın her zaman insan sesiyle açığa çıkmadığını ve bilgi sınırını işler; Pavlus cennette duyduğu, insanın söylemesine izin verilmeyen sözleri anlatır. İşitilen vahyin dahi insan söyleyişine verilmeyebileceği sınırı ekler.	87:7	"[{""line"": 109, ""strength"": ""strong"", ""tradition"": ""incil"", ""kind"": ""motif"", ""ref"": ""SBLGNT:2Cor.12.4"", ""basis"": ""söylenmesi mümkün olmayan sözler"", ""note"": ""Yorum, gizli olanın her zaman insan sesiyle açığa çıkmadığını ve bilgi sınırını işler; Pavlus cennette duyduğu, insanın söylemesine izin verilmeyen sözleri anlatır. İşitilen vahyin dahi insan söyleyişine verilmeyebileceği sınırı ekler."", ""turn"": 2, ""model"": ""terra"", ""connection_id"": ""BC-0c4dea2996ce47b37fd4""}]"
SBLGNT:2Cor.3.13	medium	incil	motif	Moses' veil limits the gaze	Paul recalls Moses veiling his face so Israel would not gaze at the fading glory; this directly extends the commentary's visibility and covering images from a different reading of Moses.	87:7	"[{""line"": 75, ""strength"": ""medium"", ""tradition"": ""incil"", ""kind"": ""motif"", ""ref"": ""SBLGNT:2Cor.3.13"", ""basis"": ""Moses' veil limits the gaze"", ""note"": ""Paul recalls Moses veiling his face so Israel would not gaze at the fading glory; this directly extends the commentary's visibility and covering images from a different reading of Moses."", ""turn"": 1, ""model"": ""luna"", ""connection_id"": ""BC-37c978232d7dab06eb3a""}]"
SBLGNT:2Cor.3.14	medium	incil	yorum_gelenegi	veil over readers of the old covenant	Paul interprets Moses' veil as a veil over minds when the old covenant is read, removed in Christ; this Christian rereading turns a physical covering into an interpretive barrier beside the commentary's hidden/revealed reading.	87:7	"[{""line"": 76, ""strength"": ""medium"", ""tradition"": ""incil"", ""kind"": ""yorum_gelenegi"", ""ref"": ""SBLGNT:2Cor.3.14"", ""basis"": ""veil over readers of the old covenant"", ""note"": ""Paul interprets Moses' veil as a veil over minds when the old covenant is read, removed in Christ; this Christian rereading turns a physical covering into an interpretive barrier beside the commentary's hidden/revealed reading."", ""turn"": 1, ""model"": ""luna"", ""connection_id"": ""BC-55e7f57605479e46e939""}]"
SBLGNT:2Cor.3.3	strong	incil	motif	letter written on human hearts | taş levha yerine yürek levhası	Paul calls the community a letter written by the Spirit on hearts rather than stone; this gives a Christian image for the commentary's recited word held inwardly. | Yorumun verilmiş okuma ve içte tutulan sözüne karşılık Pavlus, Mesih'in mektubunun mürekkeple değil Ruh'la insan yüreklerinin levhalarına yazıldığını söyler. Yazı ile iç hafızayı aynı sahnede birleştirir.	87:7	"[{""line"": 77, ""strength"": ""medium"", ""tradition"": ""incil"", ""kind"": ""motif"", ""ref"": ""SBLGNT:2Cor.3.3"", ""basis"": ""letter written on human hearts"", ""note"": ""Paul calls the community a letter written by the Spirit on hearts rather than stone; this gives a Christian image for the commentary's recited word held inwardly."", ""turn"": 1, ""model"": ""luna"", ""connection_id"": ""BC-46d06c54588b674c9fb9""}, {""line"": 9, ""strength"": ""strong"", ""tradition"": ""incil"", ""kind"": ""motif"", ""ref"": ""SBLGNT:2Cor.3.3"", ""basis"": ""taş levha yerine yürek levhası"", ""note"": ""Yorumun verilmiş okuma ve içte tutulan sözüne karşılık Pavlus, Mesih'in mektubunun mürekkeple değil Ruh'la insan yüreklerinin levhalarına yazıldığını söyler. Yazı ile iç hafızayı aynı sahnede birleştirir."", ""turn"": 1, ""model"": ""terra"", ""connection_id"": ""BC-28b69a67a68b87792ac7""}]"
SBLGNT:2Pet.1.15	medium	incil	motif	ayrılıktan sonra da hatırlatmayı sağlamak	Yorumun hatırlatmanın korunmuş sözle ilişkisi için mektup yazarı, ölümünden sonra okuyucuların bu şeyleri her zaman hatırlayabilmesi için çaba göstereceğini söyler. İlâhî garanti yerine yazılı-apostolik bellek tedbiri koyar.	87:7	"[{""line"": 63, ""strength"": ""medium"", ""tradition"": ""incil"", ""kind"": ""motif"", ""ref"": ""SBLGNT:2Pet.1.15"", ""basis"": ""ayrılıktan sonra da hatırlatmayı sağlamak"", ""note"": ""Yorumun hatırlatmanın korunmuş sözle ilişkisi için mektup yazarı, ölümünden sonra okuyucuların bu şeyleri her zaman hatırlayabilmesi için çaba göstereceğini söyler. İlâhî garanti yerine yazılı-apostolik bellek tedbiri koyar."", ""turn"": 1, ""model"": ""terra"", ""connection_id"": ""BC-b2e3a47b6fc81cd53cee""}]"
SBLGNT:2Pet.1.21	strong	incil	motif	prophecy not from human will | insan istemiyle gelmeyen peygamberlik	Peter says prophecy did not arise from human will, but people spoke from God as carried by the Holy Spirit; this directly parallels the commentary's claim that the messenger does not possess the source of recitation. | Yorum, ilahî isteme ile elçiye verilen söz arasındaki bağı kurar; bu ayet peygamberliğin insan istemiyle gelmediğini, insanların Kutsal Ruh tarafından taşınarak Tanrı'dan konuştuklarını söyler. İstem, söz ve peygamberlik aynı formülde buluşur.	87:7	"[{""line"": 108, ""strength"": ""strong"", ""tradition"": ""incil"", ""kind"": ""motif"", ""ref"": ""SBLGNT:2Pet.1.21"", ""basis"": ""prophecy not from human will"", ""note"": ""Peter says prophecy did not arise from human will, but people spoke from God as carried by the Holy Spirit; this directly parallels the commentary's claim that the messenger does not possess the source of recitation."", ""turn"": 2, ""model"": ""luna"", ""connection_id"": ""BC-4d148974fa02c8ba1267""}, {""line"": 105, ""strength"": ""strong"", ""tradition"": ""incil"", ""kind"": ""motif"", ""ref"": ""SBLGNT:2Pet.1.21"", ""basis"": ""insan istemiyle gelmeyen peygamberlik"", ""note"": ""Yorum, ilahî isteme ile elçiye verilen söz arasındaki bağı kurar; bu ayet peygamberliğin insan istemiyle gelmediğini, insanların Kutsal Ruh tarafından taşınarak Tanrı'dan konuştuklarını söyler. İstem, söz ve peygamberlik aynı formülde buluşur."", ""turn"": 2, ""model"": ""terra"", ""connection_id"": ""BC-c5b0211165ab9c49f62e""}]"
SBLGNT:Acts.1.24	strong	incil	motif	bütün yüreklerin bilicisi diye dua	Yorum, bilen Rab adını kulluk ve dua ile bağlar; havariler seçim duasında Rabbe bütün yürekleri bilen diye seslenir. İlâhî iç bilgi doğrudan ibadet içindeki hitap olur.	87:7	"[{""line"": 32, ""strength"": ""strong"", ""tradition"": ""incil"", ""kind"": ""motif"", ""ref"": ""SBLGNT:Acts.1.24"", ""basis"": ""bütün yüreklerin bilicisi diye dua"", ""note"": ""Yorum, bilen Rab adını kulluk ve dua ile bağlar; havariler seçim duasında Rabbe bütün yürekleri bilen diye seslenir. İlâhî iç bilgi doğrudan ibadet içindeki hitap olur."", ""turn"": 1, ""model"": ""terra"", ""connection_id"": ""BC-aaa2d41345a5fd0acc53""}]"
SBLGNT:Acts.5.3	strong	incil	motif	concealed intent exposed	Peter identifies Ananias's hidden plan to lie about the money; the episode makes an inward intention known in the community, matching the commentary's claim that concealment does not remove a matter from divine knowledge.	87:7	"[{""line"": 37, ""strength"": ""strong"", ""tradition"": ""incil"", ""kind"": ""motif"", ""ref"": ""SBLGNT:Acts.5.3"", ""basis"": ""concealed intent exposed"", ""note"": ""Peter identifies Ananias's hidden plan to lie about the money; the episode makes an inward intention known in the community, matching the commentary's claim that concealment does not remove a matter from divine knowledge."", ""turn"": 1, ""model"": ""luna"", ""connection_id"": ""BC-e2cb6ac049b577cf4289""}]"
SBLGNT:Col.1.26	medium	incil	motif	çağlar boyunca saklı gizemin açılması	Yorumdaki gizli kalan ile yeniden görünür olma yönüne karşılık Pavlus çağlar ve kuşaklar boyunca gizlenmiş gizemin şimdi kutsallara açıklandığını söyler. Gizliliğin tarih içinde vahiy yoluyla kaldırılmasını anlatır.	87:7	"[{""line"": 83, ""strength"": ""medium"", ""tradition"": ""incil"", ""kind"": ""motif"", ""ref"": ""SBLGNT:Col.1.26"", ""basis"": ""çağlar boyunca saklı gizemin açılması"", ""note"": ""Yorumdaki gizli kalan ile yeniden görünür olma yönüne karşılık Pavlus çağlar ve kuşaklar boyunca gizlenmiş gizemin şimdi kutsallara açıklandığını söyler. Gizliliğin tarih içinde vahiy yoluyla kaldırılmasını anlatır."", ""turn"": 1, ""model"": ""terra"", ""connection_id"": ""BC-148e87757936fe7e9b23""}]"
SBLGNT:Col.3.16	strong	incil	motif	sözün içte zengin biçimde ikamet etmesi	Yorum, yüksek sesli okuma ile göğüste tutulan sözü birlikte duyar; bu ayet Mesih'in sözünün inanlılarda zengin biçimde yaşamasını, öğretme ve mezmurla söylemeyi ister. İçte yerleşen sözün yeniden ses olması belirgindir.	87:7	"[{""line"": 10, ""strength"": ""strong"", ""tradition"": ""incil"", ""kind"": ""motif"", ""ref"": ""SBLGNT:Col.3.16"", ""basis"": ""sözün içte zengin biçimde ikamet etmesi"", ""note"": ""Yorum, yüksek sesli okuma ile göğüste tutulan sözü birlikte duyar; bu ayet Mesih'in sözünün inanlılarda zengin biçimde yaşamasını, öğretme ve mezmurla söylemeyi ister. İçte yerleşen sözün yeniden ses olması belirgindir."", ""turn"": 1, ""model"": ""terra"", ""connection_id"": ""BC-190391a157777a40b473""}]"
SBLGNT:Eph.1.11	strong	incil	motif	iradesinin tasarısına göre her şeyi işleyen Tanrı	Yorumdaki verilen hafızanın verende kalması için Efesliler, Tanrı'nın her şeyi iradesinin tasarısına göre işlediğini söyler. İlahî istemeyi rastgelelikten çıkarıp tasarıya bağlayan bir Hıristiyan formülüdür.	87:7	"[{""line"": 37, ""strength"": ""strong"", ""tradition"": ""incil"", ""kind"": ""motif"", ""ref"": ""SBLGNT:Eph.1.11"", ""basis"": ""iradesinin tasarısına göre her şeyi işleyen Tanrı"", ""note"": ""Yorumdaki verilen hafızanın verende kalması için Efesliler, Tanrı'nın her şeyi iradesinin tasarısına göre işlediğini söyler. İlahî istemeyi rastgelelikten çıkarıp tasarıya bağlayan bir Hıristiyan formülüdür."", ""turn"": 1, ""model"": ""terra"", ""connection_id"": ""BC-fb4a7e71c17090b461fe""}]"
SBLGNT:Heb.10.17	medium	incil	yorum_gelenegi	Yeremya'nın günahları anmama sözünün alımlanması	Yorum, unutmanın rahmetle ve kayıpla farklı sonuçlar doğurabileceğini işler; İbraniler Yeremya'nın günahları ve yasasızlıkları artık anmama sözünü Mesih'in tek kurbanı bağlamında aktarır. İlâhî hatırlamamanın Hıristiyan yorumdaki işlevini gösterir.	87:7	"[{""line"": 79, ""strength"": ""medium"", ""tradition"": ""incil"", ""kind"": ""yorum_gelenegi"", ""ref"": ""SBLGNT:Heb.10.17"", ""basis"": ""Yeremya'nın günahları anmama sözünün alımlanması"", ""note"": ""Yorum, unutmanın rahmetle ve kayıpla farklı sonuçlar doğurabileceğini işler; İbraniler Yeremya'nın günahları ve yasasızlıkları artık anmama sözünü Mesih'in tek kurbanı bağlamında aktarır. İlâhî hatırlamamanın Hıristiyan yorumdaki işlevini gösterir."", ""turn"": 1, ""model"": ""terra"", ""connection_id"": ""BC-0e079e5c9c54dfcc4160""}]"
SBLGNT:Heb.4.12	strong	incil	motif	sözün yürek düşüncelerini ayırt etmesi	Yorum, açık söz ile göğüste gizlenen şeyin Rab tarafından bilinmesini işler; İbraniler Tanrı sözünün yüreğin düşünce ve niyetlerini ayırt ettiğini söyler. Bilinen gizliyi ilahî sözün etkinliğiyle birleştirir.	87:7	"[{""line"": 111, ""strength"": ""strong"", ""tradition"": ""incil"", ""kind"": ""motif"", ""ref"": ""SBLGNT:Heb.4.12"", ""basis"": ""sözün yürek düşüncelerini ayırt etmesi"", ""note"": ""Yorum, açık söz ile göğüste gizlenen şeyin Rab tarafından bilinmesini işler; İbraniler Tanrı sözünün yüreğin düşünce ve niyetlerini ayırt ettiğini söyler. Bilinen gizliyi ilahî sözün etkinliğiyle birleştirir."", ""turn"": 2, ""model"": ""terra"", ""connection_id"": ""BC-c9c4441e74b4b5a6a6f2""}]"
SBLGNT:Heb.4.13	strong	incil	motif	nothing hidden from God's sight | Tanrı önünde bütünüyle açık yaratık	Hebrews says no creature is hidden from God's sight and all are exposed before Him; this is a direct statement of the commentary's central reason for the exception clause. | Yorumda gizli kalan bilen için saklı değildir; İbraniler hiçbir yaratığın Tanrı'nın gözünden gizli olmadığını, her şeyin onun önünde açık bulunduğunu söyler. Ayetin açık-gizli karşıtını en doğrudan biçimde yankılar.	87:7	"[{""line"": 39, ""strength"": ""strong"", ""tradition"": ""incil"", ""kind"": ""motif"", ""ref"": ""SBLGNT:Heb.4.13"", ""basis"": ""nothing hidden from God's sight"", ""note"": ""Hebrews says no creature is hidden from God's sight and all are exposed before Him; this is a direct statement of the commentary's central reason for the exception clause."", ""turn"": 1, ""model"": ""luna"", ""connection_id"": ""BC-d0d55fd3595dd9ac8e09""}, {""line"": 29, ""strength"": ""strong"", ""tradition"": ""incil"", ""kind"": ""motif"", ""ref"": ""SBLGNT:Heb.4.13"", ""basis"": ""Tanrı önünde bütünüyle açık yaratık"", ""note"": ""Yorumda gizli kalan bilen için saklı değildir; İbraniler hiçbir yaratığın Tanrı'nın gözünden gizli olmadığını, her şeyin onun önünde açık bulunduğunu söyler. Ayetin açık-gizli karşıtını en doğrudan biçimde yankılar."", ""turn"": 1, ""model"": ""terra"", ""connection_id"": ""BC-7cdfdad385593eaafab2""}]"
SBLGNT:Heb.6.10	strong	incil	motif	God does not forget faithful work	Hebrews says God is not unjust so as to forget the community's work and love; this supplies a Christian counterpart to the commentary's contrast between human forgetting and divine remembrance.	87:7	"[{""line"": 41, ""strength"": ""strong"", ""tradition"": ""incil"", ""kind"": ""motif"", ""ref"": ""SBLGNT:Heb.6.10"", ""basis"": ""God does not forget faithful work"", ""note"": ""Hebrews says God is not unjust so as to forget the community's work and love; this supplies a Christian counterpart to the commentary's contrast between human forgetting and divine remembrance."", ""turn"": 1, ""model"": ""luna"", ""connection_id"": ""BC-32378897a0a3dd4a80ab""}]"
SBLGNT:Heb.8.10	medium	incil	yorum_gelenegi	Yeremya'nın yürek yasasını yeni antlaşma diye okumak	Yorum, okunmuş sözün göğüste durduğunu söyler; İbraniler Yeremya'nın yasayı zihne koyma ve yüreğe yazma vaadini yeni antlaşmanın açıklaması olarak aktarır. Yahudi içe yazılma imgesinin Hıristiyan alımlamasını gösterir.	87:7	"[{""line"": 64, ""strength"": ""medium"", ""tradition"": ""incil"", ""kind"": ""yorum_gelenegi"", ""ref"": ""SBLGNT:Heb.8.10"", ""basis"": ""Yeremya'nın yürek yasasını yeni antlaşma diye okumak"", ""note"": ""Yorum, okunmuş sözün göğüste durduğunu söyler; İbraniler Yeremya'nın yasayı zihne koyma ve yüreğe yazma vaadini yeni antlaşmanın açıklaması olarak aktarır. Yahudi içe yazılma imgesinin Hıristiyan alımlamasını gösterir."", ""turn"": 1, ""model"": ""terra"", ""connection_id"": ""BC-e9ecf6c8c62afe180c21""}]"
SBLGNT:Heb.8.13	medium	incil	motif	first covenant called obsolete	Hebrews says the promised new covenant makes the first obsolete and near disappearance; this is a Christian example of revelation's covenantal form changing, adjacent to the commentary's discussion of replacing verses.	87:7	"[{""line"": 88, ""strength"": ""medium"", ""tradition"": ""incil"", ""kind"": ""motif"", ""ref"": ""SBLGNT:Heb.8.13"", ""basis"": ""first covenant called obsolete"", ""note"": ""Hebrews says the promised new covenant makes the first obsolete and near disappearance; this is a Christian example of revelation's covenantal form changing, adjacent to the commentary's discussion of replacing verses."", ""turn"": 1, ""model"": ""luna"", ""connection_id"": ""BC-70297011071b0b81fb85""}]"
SBLGNT:Jas.4.13	medium	incil	motif	tomorrow's confident plan	James quotes merchants planning where they will travel and trade tomorrow; his next verse conditions action on the Lord's will, closely matching the commentary's Q 18:23–24 example.	87:7	"[{""line"": 70, ""strength"": ""medium"", ""tradition"": ""incil"", ""kind"": ""motif"", ""ref"": ""SBLGNT:Jas.4.13"", ""basis"": ""tomorrow's confident plan"", ""note"": ""James quotes merchants planning where they will travel and trade tomorrow; his next verse conditions action on the Lord's will, closely matching the commentary's Q 18:23–24 example."", ""turn"": 1, ""model"": ""luna"", ""connection_id"": ""BC-37d168ee3f8474860cdc""}]"
SBLGNT:Jas.4.15	strong	incil	motif	plans conditional on God's will | gelecek sözünü Rabbin dilemesine bağlamak	James corrects merchants' confident plans with “if the Lord wills, we will live and do this or that”; this is a close Christian counterpart to the commentary's Q 18:23–24 example of human plans resting on divine willing. | Yorum, insanın yarın için konuşurken “Allah dilerse” demesi ile 87:7'deki ilahî vaadin istisnasını karşılaştırır; Yakup gelecekte yaşayıp bir iş yapmayı “Rab dilerse” koşuluna bağlar. İnsan tasarısının dileyene bağlı oluşu aynıdır.	87:7	"[{""line"": 42, ""strength"": ""strong"", ""tradition"": ""incil"", ""kind"": ""motif"", ""ref"": ""SBLGNT:Jas.4.15"", ""basis"": ""plans conditional on God's will"", ""note"": ""James corrects merchants' confident plans with “if the Lord wills, we will live and do this or that”; this is a close Christian counterpart to the commentary's Q 18:23–24 example of human plans resting on divine willing."", ""turn"": 1, ""model"": ""luna"", ""connection_id"": ""BC-99400cd7a25b44d5490f""}, {""line"": 34, ""strength"": ""strong"", ""tradition"": ""incil"", ""kind"": ""motif"", ""ref"": ""SBLGNT:Jas.4.15"", ""basis"": ""gelecek sözünü Rabbin dilemesine bağlamak"", ""note"": ""Yorum, insanın yarın için konuşurken “Allah dilerse” demesi ile 87:7'deki ilahî vaadin istisnasını karşılaştırır; Yakup gelecekte yaşayıp bir iş yapmayı “Rab dilerse” koşuluna bağlar. İnsan tasarısının dileyene bağlı oluşu aynıdır."", ""turn"": 1, ""model"": ""terra"", ""connection_id"": ""BC-084526e9201eae412139""}]"
SBLGNT:John.1.18	medium	incil	karsi_anlati|motif	no one has seen God | görülmeyen Tanrı'nın Oğul tarafından açıklanması	John says no one has ever seen God, while the Son makes Him known; this gives a Christian version of the sight-limit in the commentary's Moses scene, with revelation mediated through the Son. | Yorum Musa sahnesinde Tanrı'nın görülme sınırını korur; Yuhanna hiç kimsenin Tanrı'yı görmediğini, Baba'nın bağrındaki biricik Oğul'un onu açıkladığını söyler. Hıristiyan metin görünmezliği korurken açıklamayı Mesih'e bağlar.	87:7	"[{""line"": 74, ""strength"": ""medium"", ""tradition"": ""incil"", ""kind"": ""motif"", ""ref"": ""SBLGNT:John.1.18"", ""basis"": ""no one has seen God"", ""note"": ""John says no one has ever seen God, while the Son makes Him known; this gives a Christian version of the sight-limit in the commentary's Moses scene, with revelation mediated through the Son."", ""turn"": 1, ""model"": ""luna"", ""connection_id"": ""BC-ac22cd153572a1cf540d""}, {""line"": 73, ""strength"": ""medium"", ""tradition"": ""incil"", ""kind"": ""karsi_anlati"", ""ref"": ""SBLGNT:John.1.18"", ""basis"": ""görülmeyen Tanrı'nın Oğul tarafından açıklanması"", ""note"": ""Yorum Musa sahnesinde Tanrı'nın görülme sınırını korur; Yuhanna hiç kimsenin Tanrı'yı görmediğini, Baba'nın bağrındaki biricik Oğul'un onu açıkladığını söyler. Hıristiyan metin görünmezliği korurken açıklamayı Mesih'e bağlar."", ""turn"": 1, ""model"": ""terra"", ""connection_id"": ""BC-95d56a633e0017b85b51""}]"
SBLGNT:John.12.49	strong	incil	paralel	kendi adına konuşmayan elçi	Yorum, Peygamberin bilgisi ve hafızasının kendine ait bağımsız güç olmadığını söyler; İsa, kendiliğinden konuşmadığını, Baba'nın ne söyleyeceğini buyurduğunu bildirir. Söylenen vahyin kaynağını konuşandan ayırır.	87:7	"[{""line"": 104, ""strength"": ""strong"", ""tradition"": ""incil"", ""kind"": ""paralel"", ""ref"": ""SBLGNT:John.12.49"", ""basis"": ""kendi adına konuşmayan elçi"", ""note"": ""Yorum, Peygamberin bilgisi ve hafızasının kendine ait bağımsız güç olmadığını söyler; İsa, kendiliğinden konuşmadığını, Baba'nın ne söyleyeceğini buyurduğunu bildirir. Söylenen vahyin kaynağını konuşandan ayırır."", ""turn"": 2, ""model"": ""terra"", ""connection_id"": ""BC-30f099e22f76ad7dab40""}]"
SBLGNT:John.14.26	strong	incil	motif|paralel	Spirit reminds the disciples | öğretiyi hatırlatan ilahî yardımcı	Jesus promises that the Spirit will teach and remind the disciples of what he said; this is a Christian counterpart to the surrounding promise that prophetic recitation and memory are given, not owned by the messenger. | Yorum, okutulan sözün Peygamberin bağımsız malı olmadığını vurgular; İsa burada Yardımcı'nın öğrencilerine söylediği her şeyi hatırlatacağını vaat eder. İki metin de öğretiyi hatırda tutmayı yalnız insan çabasına bırakmaz.	87:7	"[{""line"": 35, ""strength"": ""strong"", ""tradition"": ""incil"", ""kind"": ""motif"", ""ref"": ""SBLGNT:John.14.26"", ""basis"": ""Spirit reminds the disciples"", ""note"": ""Jesus promises that the Spirit will teach and remind the disciples of what he said; this is a Christian counterpart to the surrounding promise that prophetic recitation and memory are given, not owned by the messenger."", ""turn"": 1, ""model"": ""luna"", ""connection_id"": ""BC-6bbd81b2583ab4c0c976""}, {""line"": 2, ""strength"": ""strong"", ""tradition"": ""incil"", ""kind"": ""paralel"", ""ref"": ""SBLGNT:John.14.26"", ""basis"": ""öğretiyi hatırlatan ilahî yardımcı"", ""note"": ""Yorum, okutulan sözün Peygamberin bağımsız malı olmadığını vurgular; İsa burada Yardımcı'nın öğrencilerine söylediği her şeyi hatırlatacağını vaat eder. İki metin de öğretiyi hatırda tutmayı yalnız insan çabasına bırakmaz."", ""turn"": 1, ""model"": ""terra"", ""connection_id"": ""BC-cf65f1383936acc2c033""}]"
SBLGNT:John.16.12	medium	incil	motif	henüz taşınamayan sözler	Yorum verilen bilginin ve okunmuş vahyin insan muhatabın elinde sınırsız olmadığını söyler; İsa öğrencilerine söyleyecek daha çok şeyi bulunduğunu ama onların şimdilik taşıyamayacağını bildirir. Açıklamanın muhatabın kapasitesine göre sınırlandığını ekler.	87:7	"[{""line"": 122, ""strength"": ""medium"", ""tradition"": ""incil"", ""kind"": ""motif"", ""ref"": ""SBLGNT:John.16.12"", ""basis"": ""henüz taşınamayan sözler"", ""note"": ""Yorum verilen bilginin ve okunmuş vahyin insan muhatabın elinde sınırsız olmadığını söyler; İsa öğrencilerine söyleyecek daha çok şeyi bulunduğunu ama onların şimdilik taşıyamayacağını bildirir. Açıklamanın muhatabın kapasitesine göre sınırlandığını ekler."", ""turn"": 2, ""model"": ""terra"", ""connection_id"": ""BC-10c705b9ba441f9734fe""}]"
SBLGNT:John.2.25	strong	incil	motif	Jesus knows what is in people | insanın içinde olanı bilmek	The narrator says Jesus knew what was in each person; this gives the commentary's claim about God's knowledge of inward contents a distinct Christian narrative counterpart. | Yorumun insanın farkına varmadığı içteki şeyin de bilindiği iddiasına karşılık Yuhanna, İsa'nın insan hakkında tanıklığa ihtiyaç duymadığını, insanın içinde ne olduğunu bildiğini söyler. İç bilgi burada anlatıdaki İsa'ya yüklenir.	87:7	"[{""line"": 36, ""strength"": ""strong"", ""tradition"": ""incil"", ""kind"": ""motif"", ""ref"": ""SBLGNT:John.2.25"", ""basis"": ""Jesus knows what is in people"", ""note"": ""The narrator says Jesus knew what was in each person; this gives the commentary's claim about God's knowledge of inward contents a distinct Christian narrative counterpart."", ""turn"": 1, ""model"": ""luna"", ""connection_id"": ""BC-cd0c43dc95fcdc8fc98d""}, {""line"": 31, ""strength"": ""strong"", ""tradition"": ""incil"", ""kind"": ""motif"", ""ref"": ""SBLGNT:John.2.25"", ""basis"": ""insanın içinde olanı bilmek"", ""note"": ""Yorumun insanın farkına varmadığı içteki şeyin de bilindiği iddiasına karşılık Yuhanna, İsa'nın insan hakkında tanıklığa ihtiyaç duymadığını, insanın içinde ne olduğunu bildiğini söyler. İç bilgi burada anlatıdaki İsa'ya yüklenir."", ""turn"": 1, ""model"": ""terra"", ""connection_id"": ""BC-44d053f57d868313eb52""}]"
SBLGNT:John.4.14	medium	incil	motif	water becomes an inward spring | içte fışkıran su kaynağı	Jesus says the water he gives becomes a spring within the recipient; this is a specific Christian counterpart to the commentary's image of remembered revelation as water held inside a well. | Yorum, göğüste duran söz için çamur altındaki kuyu ve tükenmeyen su imgesi kurar; İsa'nın verdiği su içende sonsuz yaşama fışkıran bir kaynak olur. İçte saklı duran ve dışarı taşan su imgesi belirli bir Hıristiyan karşılığıdır.	87:7	"[{""line"": 83, ""strength"": ""medium"", ""tradition"": ""incil"", ""kind"": ""motif"", ""ref"": ""SBLGNT:John.4.14"", ""basis"": ""water becomes an inward spring"", ""note"": ""Jesus says the water he gives becomes a spring within the recipient; this is a specific Christian counterpart to the commentary's image of remembered revelation as water held inside a well."", ""turn"": 1, ""model"": ""luna"", ""connection_id"": ""BC-3dea0c9663485c23be44""}, {""line"": 76, ""strength"": ""medium"", ""tradition"": ""incil"", ""kind"": ""motif"", ""ref"": ""SBLGNT:John.4.14"", ""basis"": ""içte fışkıran su kaynağı"", ""note"": ""Yorum, göğüste duran söz için çamur altındaki kuyu ve tükenmeyen su imgesi kurar; İsa'nın verdiği su içende sonsuz yaşama fışkıran bir kaynak olur. İçte saklı duran ve dışarı taşan su imgesi belirli bir Hıristiyan karşılığıdır."", ""turn"": 1, ""model"": ""terra"", ""connection_id"": ""BC-137534d3f8184de6db0a""}]"
SBLGNT:Luke.1.13	strong	incil	paralel	Zekeriya'nın duyulan duası ve Yahya adı	Yorum, Zekeriya'nın gizli çağrısını ve karşılığında Yahya adlı oğul müjdesini anımsatır; Luka'da meleğin Zekeriya'ya duasının duyulduğunu, Elisabet'in Yahya adlı bir oğul doğuracağını söylemesi aynı kişi ve sonuçları buluşturur.	87:7	"[{""line"": 44, ""strength"": ""strong"", ""tradition"": ""incil"", ""kind"": ""paralel"", ""ref"": ""SBLGNT:Luke.1.13"", ""basis"": ""Zekeriya'nın duyulan duası ve Yahya adı"", ""note"": ""Yorum, Zekeriya'nın gizli çağrısını ve karşılığında Yahya adlı oğul müjdesini anımsatır; Luka'da meleğin Zekeriya'ya duasının duyulduğunu, Elisabet'in Yahya adlı bir oğul doğuracağını söylemesi aynı kişi ve sonuçları buluşturur."", ""turn"": 1, ""model"": ""terra"", ""connection_id"": ""BC-54808922ac34081357b9""}]"
SBLGNT:Luke.12.2	strong	incil	motif	nothing concealed stays unknown	Jesus says what is covered will be revealed and what is hidden will be known; this is a direct continuation of the commentary's claim that hiddenness does not mean disappearance from knowledge.	87:7	"[{""line"": 105, ""strength"": ""strong"", ""tradition"": ""incil"", ""kind"": ""motif"", ""ref"": ""SBLGNT:Luke.12.2"", ""basis"": ""nothing concealed stays unknown"", ""note"": ""Jesus says what is covered will be revealed and what is hidden will be known; this is a direct continuation of the commentary's claim that hiddenness does not mean disappearance from knowledge."", ""turn"": 2, ""model"": ""luna"", ""connection_id"": ""BC-cc98747e4850bb9631d5""}]"
SBLGNT:Luke.12.3	strong	incil	motif	whispered words proclaimed publicly	Jesus says what was whispered in private rooms will be proclaimed from rooftops; this ties the commentary's quiet/high speech pair to a specific disclosure saying.	87:7	"[{""line"": 34, ""strength"": ""strong"", ""tradition"": ""incil"", ""kind"": ""motif"", ""ref"": ""SBLGNT:Luke.12.3"", ""basis"": ""whispered words proclaimed publicly"", ""note"": ""Jesus says what was whispered in private rooms will be proclaimed from rooftops; this ties the commentary's quiet/high speech pair to a specific disclosure saying."", ""turn"": 1, ""model"": ""luna"", ""connection_id"": ""BC-73504b81f96437edf8b1""}]"
SBLGNT:Luke.22.61	medium	incil	motif	Peter remembers after Jesus looks at him	After the rooster, Jesus looks at Peter and Peter remembers Jesus' prediction; this gives a narrative instance of a forgotten word returning when the commentary says remembering follows forgetting.	87:7	"[{""line"": 122, ""strength"": ""medium"", ""tradition"": ""incil"", ""kind"": ""motif"", ""ref"": ""SBLGNT:Luke.22.61"", ""basis"": ""Peter remembers after Jesus looks at him"", ""note"": ""After the rooster, Jesus looks at Peter and Peter remembers Jesus' prediction; this gives a narrative instance of a forgotten word returning when the commentary says remembering follows forgetting."", ""turn"": 2, ""model"": ""luna"", ""connection_id"": ""BC-6bc8621a25d7a383886d""}]"
SBLGNT:Luke.24.45	strong	incil	motif	Kutsal Yazıları anlamak için açılan zihin	Yorum, okunmuş sözün anlaşılması ve tutulmasının ilahî bağış olduğunu vurgular; dirilmiş İsa öğrencilerin zihinlerini Yazıları anlamaları için açar. Bilginin yalnız dinleyenin sahipliği olmadığını anlatır.	87:7	"[{""line"": 112, ""strength"": ""strong"", ""tradition"": ""incil"", ""kind"": ""motif"", ""ref"": ""SBLGNT:Luke.24.45"", ""basis"": ""Kutsal Yazıları anlamak için açılan zihin"", ""note"": ""Yorum, okunmuş sözün anlaşılması ve tutulmasının ilahî bağış olduğunu vurgular; dirilmiş İsa öğrencilerin zihinlerini Yazıları anlamaları için açar. Bilginin yalnız dinleyenin sahipliği olmadığını anlatır."", ""turn"": 2, ""model"": ""terra"", ""connection_id"": ""BC-99d5d313b57e012c978d""}]"
SBLGNT:Luke.8.10	strong	incil	motif	krallığın sırlarının bazılarına verilmesi	Yorum, Rabbin gaybı dilediği elçiye açtığını söyler; İsa krallığın sırlarını bilmenin öğrencilerine verildiğini, başkalarına ise benzetmelerle konuşulduğunu açıklar. Bilginin seçilmiş muhataplara verilmesi için yakın bir Hıristiyan formülüdür.	87:7	"[{""line"": 110, ""strength"": ""strong"", ""tradition"": ""incil"", ""kind"": ""motif"", ""ref"": ""SBLGNT:Luke.8.10"", ""basis"": ""krallığın sırlarının bazılarına verilmesi"", ""note"": ""Yorum, Rabbin gaybı dilediği elçiye açtığını söyler; İsa krallığın sırlarını bilmenin öğrencilerine verildiğini, başkalarına ise benzetmelerle konuşulduğunu açıklar. Bilginin seçilmiş muhataplara verilmesi için yakın bir Hıristiyan formülüdür."", ""turn"": 2, ""model"": ""terra"", ""connection_id"": ""BC-90efa7eb31f44d068e51""}]"
SBLGNT:Mark.13.11	strong	incil	motif	Spirit supplies the persecuted speaker's words	Jesus tells disciples not to prepare their defense because the Holy Spirit will give them what to say; this is a Christian counterpart to the commentary's insistence that prophetic speech is given rather than owned.	87:7	"[{""line"": 107, ""strength"": ""strong"", ""tradition"": ""incil"", ""kind"": ""motif"", ""ref"": ""SBLGNT:Mark.13.11"", ""basis"": ""Spirit supplies the persecuted speaker's words"", ""note"": ""Jesus tells disciples not to prepare their defense because the Holy Spirit will give them what to say; this is a Christian counterpart to the commentary's insistence that prophetic speech is given rather than owned."", ""turn"": 2, ""model"": ""luna"", ""connection_id"": ""BC-e8e27c7b69bb923777b9""}]"
SBLGNT:Mark.13.31	strong	incil	motif	Jesus' words do not pass away	In an eschatological warning, Jesus says heaven and earth will pass away but his words will not; this supplies a Christian permanence claim beside the commentary's discussion of God retaining or replacing revealed words.	87:7	"[{""line"": 43, ""strength"": ""strong"", ""tradition"": ""incil"", ""kind"": ""motif"", ""ref"": ""SBLGNT:Mark.13.31"", ""basis"": ""Jesus' words do not pass away"", ""note"": ""In an eschatological warning, Jesus says heaven and earth will pass away but his words will not; this supplies a Christian permanence claim beside the commentary's discussion of God retaining or replacing revealed words."", ""turn"": 1, ""model"": ""luna"", ""connection_id"": ""BC-e7ff2a0b9da72d28c680""}]"
SBLGNT:Mark.13.32	strong	incil	motif	knowledge withheld from the Son | vakti yalnız Baba'nın bilmesi	Jesus says the day and hour are known only to the Father; this parallels the commentary's distinction between a messenger's limited knowledge and God's knowledge, while giving that distinction a different Christian formulation. | Yorum, Peygamberin gaybı bilmediği, bilenin Rab olduğu ayrımını özellikle geliştirir; İsa son günün saatini meleklerin ve Oğul'un değil yalnız Baba'nın bildiğini söyler. Elçinin bilgi sınırını ilahî bilgiyle karşılaştırır.	87:7	"[{""line"": 71, ""strength"": ""medium"", ""tradition"": ""incil"", ""kind"": ""motif"", ""ref"": ""SBLGNT:Mark.13.32"", ""basis"": ""knowledge withheld from the Son"", ""note"": ""Jesus says the day and hour are known only to the Father; this parallels the commentary's distinction between a messenger's limited knowledge and God's knowledge, while giving that distinction a different Christian formulation."", ""turn"": 1, ""model"": ""luna"", ""connection_id"": ""BC-5926f9b487bf70c4b2f7""}, {""line"": 106, ""strength"": ""strong"", ""tradition"": ""incil"", ""kind"": ""motif"", ""ref"": ""SBLGNT:Mark.13.32"", ""basis"": ""vakti yalnız Baba'nın bilmesi"", ""note"": ""Yorum, Peygamberin gaybı bilmediği, bilenin Rab olduğu ayrımını özellikle geliştirir; İsa son günün saatini meleklerin ve Oğul'un değil yalnız Baba'nın bildiğini söyler. Elçinin bilgi sınırını ilahî bilgiyle karşılaştırır."", ""turn"": 2, ""model"": ""terra"", ""connection_id"": ""BC-48cf18ac6f8592eb59d3""}]"
SBLGNT:Mark.4.22	strong	incil	motif	what is hidden will be disclosed | gizlinin açığa çıkmak üzere saklanması	Jesus says concealed things are destined to be revealed; this resonates with the commentary's secondary reading of the hidden as only a step from being brought out, while the Qur'anic verse itself stresses knowledge rather than disclosure. | Yorum, gizlilik kökünün açığa çıkarma yüzünü ve unutulanın yeniden ortaya çıkarılmasını işler; İsa gizli olanın görünür kılınmak, saklı olanın açığa çıkmak üzere bulunduğunu söyler. Gizli-açık geçişini doğrudan dile getirir.	87:7	"[{""line"": 69, ""strength"": ""medium"", ""tradition"": ""incil"", ""kind"": ""motif"", ""ref"": ""SBLGNT:Mark.4.22"", ""basis"": ""what is hidden will be disclosed"", ""note"": ""Jesus says concealed things are destined to be revealed; this resonates with the commentary's secondary reading of the hidden as only a step from being brought out, while the Qur'anic verse itself stresses knowledge rather than disclosure."", ""turn"": 1, ""model"": ""luna"", ""connection_id"": ""BC-56b4510693f6dfaa4304""}, {""line"": 45, ""strength"": ""strong"", ""tradition"": ""incil"", ""kind"": ""motif"", ""ref"": ""SBLGNT:Mark.4.22"", ""basis"": ""gizlinin açığa çıkmak üzere saklanması"", ""note"": ""Yorum, gizlilik kökünün açığa çıkarma yüzünü ve unutulanın yeniden ortaya çıkarılmasını işler; İsa gizli olanın görünür kılınmak, saklı olanın açığa çıkmak üzere bulunduğunu söyler. Gizli-açık geçişini doğrudan dile getirir."", ""turn"": 1, ""model"": ""terra"", ""connection_id"": ""BC-0702202d94bf304a6c18""}]"
SBLGNT:Mark.4.27	medium	incil	motif	bilinmeyen gizli büyüme	Yorum, insanın kendisine bile gizli kalan şeyi Tanrı'nın bildiğini vurgular; tohum benzetmesinde ekinci uyurken tohum filizlenip büyür, nasıl olduğunu kendisi bilmez. Gizli süreç ile sınırlı insan bilgisi arasında somut köprü kurar.	87:7	"[{""line"": 77, ""strength"": ""medium"", ""tradition"": ""incil"", ""kind"": ""motif"", ""ref"": ""SBLGNT:Mark.4.27"", ""basis"": ""bilinmeyen gizli büyüme"", ""note"": ""Yorum, insanın kendisine bile gizli kalan şeyi Tanrı'nın bildiğini vurgular; tohum benzetmesinde ekinci uyurken tohum filizlenip büyür, nasıl olduğunu kendisi bilmez. Gizli süreç ile sınırlı insan bilgisi arasında somut köprü kurar."", ""turn"": 1, ""model"": ""terra"", ""connection_id"": ""BC-1983ecc8db28e9fd3bce""}]"
SBLGNT:Matt.10.27	strong	incil	motif	karanlıkta duyulanı ışıkta, fısıltıyı damda söylemek	Yorum, içten ve yüksek sesli okuma arasında geçiş düşünür; İsa karanlıkta söyleneni ışıkta, kulağa fısıldananı damlarda ilan etmeyi buyurur. Gizli sesin kamusal söze dönüşmesi somut bir karşılıktır.	87:7	"[{""line"": 46, ""strength"": ""strong"", ""tradition"": ""incil"", ""kind"": ""motif"", ""ref"": ""SBLGNT:Matt.10.27"", ""basis"": ""karanlıkta duyulanı ışıkta, fısıltıyı damda söylemek"", ""note"": ""Yorum, içten ve yüksek sesli okuma arasında geçiş düşünür; İsa karanlıkta söyleneni ışıkta, kulağa fısıldananı damlarda ilan etmeyi buyurur. Gizli sesin kamusal söze dönüşmesi somut bir karşılıktır."", ""turn"": 1, ""model"": ""terra"", ""connection_id"": ""BC-4a071be40edc6149d30b""}]"
SBLGNT:Matt.12.36	strong	incil	motif	account for careless words	Jesus says people will answer for every careless word; this applies the commentary's claim about God's knowledge of speech to words that speakers might treat as unimportant.	87:7	"[{""line"": 106, ""strength"": ""strong"", ""tradition"": ""incil"", ""kind"": ""motif"", ""ref"": ""SBLGNT:Matt.12.36"", ""basis"": ""account for careless words"", ""note"": ""Jesus says people will answer for every careless word; this applies the commentary's claim about God's knowledge of speech to words that speakers might treat as unimportant."", ""turn"": 2, ""model"": ""luna"", ""connection_id"": ""BC-07e6b92c03bbc91a05d5""}]"
SBLGNT:Matt.17.2	medium	incil	motif	radiant face	At the Transfiguration Jesus' face shines like the sun; this gives the commentary's image of brightness overwhelming human sight a distinct Christian mountain theophany to compare.	87:7	"[{""line"": 79, ""strength"": ""medium"", ""tradition"": ""incil"", ""kind"": ""motif"", ""ref"": ""SBLGNT:Matt.17.2"", ""basis"": ""radiant face"", ""note"": ""At the Transfiguration Jesus' face shines like the sun; this gives the commentary's image of brightness overwhelming human sight a distinct Christian mountain theophany to compare."", ""turn"": 1, ""model"": ""luna"", ""connection_id"": ""BC-a12e39e46b789dc7113d""}]"
SBLGNT:Matt.17.3	medium	incil	motif	Moses appears at the Transfiguration	Moses appears with Elijah and speaks with Jesus; beside the commentary's focus on Moses seeking a vision at Sinai, this is a distinct Christian scene of Moses within a mountain revelation.	87:7	"[{""line"": 80, ""strength"": ""medium"", ""tradition"": ""incil"", ""kind"": ""motif"", ""ref"": ""SBLGNT:Matt.17.3"", ""basis"": ""Moses appears at the Transfiguration"", ""note"": ""Moses appears with Elijah and speaks with Jesus; beside the commentary's focus on Moses seeking a vision at Sinai, this is a distinct Christian scene of Moses within a mountain revelation."", ""turn"": 1, ""model"": ""luna"", ""connection_id"": ""BC-480eb55a99ff2ef89e31""}]"
SBLGNT:Matt.17.5	medium	incil	motif	voice from the cloud	A cloud overshadows the disciples and a voice speaks from it; this adds a specific spoken revelation from a hidden cloud beside the commentary's open/hidden voice pair.	87:7	"[{""line"": 81, ""strength"": ""medium"", ""tradition"": ""incil"", ""kind"": ""motif"", ""ref"": ""SBLGNT:Matt.17.5"", ""basis"": ""voice from the cloud"", ""note"": ""A cloud overshadows the disciples and a voice speaks from it; this adds a specific spoken revelation from a hidden cloud beside the commentary's open/hidden voice pair."", ""turn"": 1, ""model"": ""luna"", ""connection_id"": ""BC-976a097d1a8de3a67e3b""}]"
SBLGNT:Matt.17.6	medium	incil	motif	witnesses fall in fear	After the cloud's voice, the disciples fall facedown in fear; this parallels the commentary's account of Moses collapsing before the mountain manifestation, while the scene's outcome differs.	87:7	"[{""line"": 82, ""strength"": ""medium"", ""tradition"": ""incil"", ""kind"": ""motif"", ""ref"": ""SBLGNT:Matt.17.6"", ""basis"": ""witnesses fall in fear"", ""note"": ""After the cloud's voice, the disciples fall facedown in fear; this parallels the commentary's account of Moses collapsing before the mountain manifestation, while the scene's outcome differs."", ""turn"": 1, ""model"": ""luna"", ""connection_id"": ""BC-40e215953561398f5842""}]"
SBLGNT:Matt.25.46	medium	incil	motif	eternal punishment and life	Jesus contrasts eternal punishment with eternal life; beside the commentary's reading of the Qur'anic exception as not cutting off an unending gift, this supplies a different formulation of final duration.	87:7	"[{""line"": 87, ""strength"": ""medium"", ""tradition"": ""incil"", ""kind"": ""motif"", ""ref"": ""SBLGNT:Matt.25.46"", ""basis"": ""eternal punishment and life"", ""note"": ""Jesus contrasts eternal punishment with eternal life; beside the commentary's reading of the Qur'anic exception as not cutting off an unending gift, this supplies a different formulation of final duration."", ""turn"": 1, ""model"": ""luna"", ""connection_id"": ""BC-7ab8f329990883fc10f0""}]"
SBLGNT:Matt.6.4	strong	incil	motif	secret almsgiving seen by the Father	Jesus says the Father sees charitable giving done in secret; this extends the commentary's open/hidden pair from prayer and recitation to a specific concealed ethical action.	87:7	"[{""line"": 104, ""strength"": ""strong"", ""tradition"": ""incil"", ""kind"": ""motif"", ""ref"": ""SBLGNT:Matt.6.4"", ""basis"": ""secret almsgiving seen by the Father"", ""note"": ""Jesus says the Father sees charitable giving done in secret; this extends the commentary's open/hidden pair from prayer and recitation to a specific concealed ethical action."", ""turn"": 2, ""model"": ""luna"", ""connection_id"": ""BC-5cbf5c378c8b67a0c8a7""}]"
SBLGNT:Matt.6.6	strong	incil	motif	prayer in secret | gizlide gören Baba'ya dua	Jesus tells the disciple to pray in a closed room, while the Father sees in secret; this directly joins the commentary's inward, inaudible prayer to divine awareness. | Yorum, açık sesin yanında en içteki gizli yakarışı işler; İsa dua edenin iç odaya girmesini ve gizlide gören Baba'ya yönelmesini ister. Gizli dua Tanrı'nın bilgisiyle ilişkilendirilir.	87:7	"[{""line"": 32, ""strength"": ""strong"", ""tradition"": ""incil"", ""kind"": ""motif"", ""ref"": ""SBLGNT:Matt.6.6"", ""basis"": ""prayer in secret"", ""note"": ""Jesus tells the disciple to pray in a closed room, while the Father sees in secret; this directly joins the commentary's inward, inaudible prayer to divine awareness."", ""turn"": 1, ""model"": ""luna"", ""connection_id"": ""BC-341f4efd80aaeb6c4d4f""}, {""line"": 42, ""strength"": ""strong"", ""tradition"": ""incil"", ""kind"": ""motif"", ""ref"": ""SBLGNT:Matt.6.6"", ""basis"": ""gizlide gören Baba'ya dua"", ""note"": ""Yorum, açık sesin yanında en içteki gizli yakarışı işler; İsa dua edenin iç odaya girmesini ve gizlide gören Baba'ya yönelmesini ister. Gizli dua Tanrı'nın bilgisiyle ilişkilendirilir."", ""turn"": 1, ""model"": ""terra"", ""connection_id"": ""BC-885cd38a9f1da3800ff5""}]"
SBLGNT:Matt.6.8	strong	incil	motif	God knows before asking | söylenmeden önce bilinen ihtiyaç	Jesus says the Father knows what people need before they ask; this is a close counterpart to the psalmic and Qur'anic claim that God knows speech and thought before they are voiced. | Yorumda Rab açık sözü de gizli kalanı da bilir; İsa öğrencilerinin Baba'sının onlar istemeden önce neye ihtiyaçları olduğunu bildiğini söyler. Konuşmadan önceki iç gereksinim için belirli bir paraleldir.	87:7	"[{""line"": 33, ""strength"": ""strong"", ""tradition"": ""incil"", ""kind"": ""motif"", ""ref"": ""SBLGNT:Matt.6.8"", ""basis"": ""God knows before asking"", ""note"": ""Jesus says the Father knows what people need before they ask; this is a close counterpart to the psalmic and Qur'anic claim that God knows speech and thought before they are voiced."", ""turn"": 1, ""model"": ""luna"", ""connection_id"": ""BC-2f6fd4300622bbaf5673""}, {""line"": 43, ""strength"": ""strong"", ""tradition"": ""incil"", ""kind"": ""motif"", ""ref"": ""SBLGNT:Matt.6.8"", ""basis"": ""söylenmeden önce bilinen ihtiyaç"", ""note"": ""Yorumda Rab açık sözü de gizli kalanı da bilir; İsa öğrencilerinin Baba'sının onlar istemeden önce neye ihtiyaçları olduğunu bildiğini söyler. Konuşmadan önceki iç gereksinim için belirli bir paraleldir."", ""turn"": 1, ""model"": ""terra"", ""connection_id"": ""BC-8dcf8b01c0c8069e35fa""}]"
SBLGNT:Phil.2.13	medium	incil	motif	God works both willing and doing	Paul says God is at work in believers both to will and to act; this closely parallels the commentary's claim that even human willing depends on God.	87:7	"[{""line"": 121, ""strength"": ""medium"", ""tradition"": ""incil"", ""kind"": ""motif"", ""ref"": ""SBLGNT:Phil.2.13"", ""basis"": ""God works both willing and doing"", ""note"": ""Paul says God is at work in believers both to will and to act; this closely parallels the commentary's claim that even human willing depends on God."", ""turn"": 2, ""model"": ""luna"", ""connection_id"": ""BC-81c9ed9cddb1eaf3d4fe""}]"
SBLGNT:Rev.1.3	strong	incil	motif	yüksek sesle okuyan, işiten ve tutan topluluk	Yorumun okuma, hatırda tutma ve sesli ibadet hattına karşılık Vahiy okuyan, işiten ve onda yazılanı tutanları kutlar. Bir metnin kamusal ses, dinleme ve koruma yoluyla yaşamasını gösterir.	87:7	"[{""line"": 108, ""strength"": ""strong"", ""tradition"": ""incil"", ""kind"": ""motif"", ""ref"": ""SBLGNT:Rev.1.3"", ""basis"": ""yüksek sesle okuyan, işiten ve tutan topluluk"", ""note"": ""Yorumun okuma, hatırda tutma ve sesli ibadet hattına karşılık Vahiy okuyan, işiten ve onda yazılanı tutanları kutlar. Bir metnin kamusal ses, dinleme ve koruma yoluyla yaşamasını gösterir."", ""turn"": 2, ""model"": ""terra"", ""connection_id"": ""BC-72f1bb5715e53412b410""}]"
SBLGNT:Rev.10.4	strong	incil	motif	işitilen gök gürültülerini mühürleyip yazmamak	Yorum, yüksek ses, gizli kalan söz ve vahyin ilahî denetimi üzerine durur; Yuhanna yedi gök gürültüsünün söylediklerini yazmak üzereyken onları mühürlemesi ve yazmaması emredilir. İşitilmiş sözün bilerek kapalı tutulmasına somut örnektir.	87:7	"[{""line"": 107, ""strength"": ""strong"", ""tradition"": ""incil"", ""kind"": ""motif"", ""ref"": ""SBLGNT:Rev.10.4"", ""basis"": ""işitilen gök gürültülerini mühürleyip yazmamak"", ""note"": ""Yorum, yüksek ses, gizli kalan söz ve vahyin ilahî denetimi üzerine durur; Yuhanna yedi gök gürültüsünün söylediklerini yazmak üzereyken onları mühürlemesi ve yazmaması emredilir. İşitilmiş sözün bilerek kapalı tutulmasına somut örnektir."", ""turn"": 2, ""model"": ""terra"", ""connection_id"": ""BC-209afc8f4b8a73dba130""}]"
SBLGNT:Rev.2.23	strong	incil	motif	Christ searches hearts and minds | yürekleri ve zihinleri araştıran Mesih	Christ says He searches minds and hearts and repays each according to deeds; this joins inward knowledge to judgment, as the commentary's account of hidden matters does. | Yorum, göğüste gizleneni bilenin herkese durumuna göre karşılık verdiğini söyler; Vahiy'de Mesih zihinleri ve yürekleri araştırdığını, herkese işine göre vereceğini bildirir. Gizli iç ile hesap arasındaki bağı sürdürür.	87:7	"[{""line"": 110, ""strength"": ""strong"", ""tradition"": ""incil"", ""kind"": ""motif"", ""ref"": ""SBLGNT:Rev.2.23"", ""basis"": ""Christ searches hearts and minds"", ""note"": ""Christ says He searches minds and hearts and repays each according to deeds; this joins inward knowledge to judgment, as the commentary's account of hidden matters does."", ""turn"": 2, ""model"": ""luna"", ""connection_id"": ""BC-a1e1ec2263baaab6b3a6""}, {""line"": 33, ""strength"": ""strong"", ""tradition"": ""incil"", ""kind"": ""motif"", ""ref"": ""SBLGNT:Rev.2.23"", ""basis"": ""yürekleri ve zihinleri araştıran Mesih"", ""note"": ""Yorum, göğüste gizleneni bilenin herkese durumuna göre karşılık verdiğini söyler; Vahiy'de Mesih zihinleri ve yürekleri araştırdığını, herkese işine göre vereceğini bildirir. Gizli iç ile hesap arasındaki bağı sürdürür."", ""turn"": 1, ""model"": ""terra"", ""connection_id"": ""BC-94c9e56ddce512c8ee44""}]"
SBLGNT:Rev.20.12	strong	incil	motif	books opened at judgment	John sees the dead judged from opened books according to their deeds; this gives an apocalyptic record-and-disclosure counterpart to the commentary's claim that God counts what people forget.	87:7	"[{""line"": 111, ""strength"": ""strong"", ""tradition"": ""incil"", ""kind"": ""motif"", ""ref"": ""SBLGNT:Rev.20.12"", ""basis"": ""books opened at judgment"", ""note"": ""John sees the dead judged from opened books according to their deeds; this gives an apocalyptic record-and-disclosure counterpart to the commentary's claim that God counts what people forget."", ""turn"": 2, ""model"": ""luna"", ""connection_id"": ""BC-1ed916278042ca674e34""}]"
SBLGNT:Rev.22.18	medium	incil	motif	human addition to prophecy warned against	Revelation warns against adding to the prophetic book; beside the commentary's account of God replacing verses, it distinguishes divine action from a reader's unauthorized alteration.	87:7	"[{""line"": 85, ""strength"": ""medium"", ""tradition"": ""incil"", ""kind"": ""motif"", ""ref"": ""SBLGNT:Rev.22.18"", ""basis"": ""human addition to prophecy warned against"", ""note"": ""Revelation warns against adding to the prophetic book; beside the commentary's account of God replacing verses, it distinguishes divine action from a reader's unauthorized alteration."", ""turn"": 1, ""model"": ""luna"", ""connection_id"": ""BC-0758487f0ba867cdd67e""}]"
SBLGNT:Rev.22.19	medium	incil	karsi_anlati|motif	human removal from prophecy warned against | peygamberlik kitabının sözlerinden eksiltme yasağı	Revelation warns against taking words from the prophetic book; this sharpens the commentary's distinction between God's authority over revelation and human control of its wording. | Yorum vahiyde kaldırma ve unutturma ihtimalini ilahî isteme bağlamında tartışır; Vahiy, kitabın peygamberlik sözlerinden eksiltene karşı ilahî yaptırım ilan eder. İnsan müdahalesiyle metni azaltmaya ilişkin keskin bir karşı anlatıdır.	87:7	"[{""line"": 86, ""strength"": ""medium"", ""tradition"": ""incil"", ""kind"": ""motif"", ""ref"": ""SBLGNT:Rev.22.19"", ""basis"": ""human removal from prophecy warned against"", ""note"": ""Revelation warns against taking words from the prophetic book; this sharpens the commentary's distinction between God's authority over revelation and human control of its wording."", ""turn"": 1, ""model"": ""luna"", ""connection_id"": ""BC-0ccd4fa2486336960d14""}, {""line"": 118, ""strength"": ""medium"", ""tradition"": ""incil"", ""kind"": ""karsi_anlati"", ""ref"": ""SBLGNT:Rev.22.19"", ""basis"": ""peygamberlik kitabının sözlerinden eksiltme yasağı"", ""note"": ""Yorum vahiyde kaldırma ve unutturma ihtimalini ilahî isteme bağlamında tartışır; Vahiy, kitabın peygamberlik sözlerinden eksiltene karşı ilahî yaptırım ilan eder. İnsan müdahalesiyle metni azaltmaya ilişkin keskin bir karşı anlatıdır."", ""turn"": 2, ""model"": ""terra"", ""connection_id"": ""BC-2d0c9008e2f8c5fa45ce""}]"
SBLGNT:Rev.3.5	medium	incil	motif	hayat kitabından adı silmeme	Yorumda hatırda kalmak insan hakkı değil ilahî iradeye bağlıdır; Vahiy galibin adını hayat kitabından asla silmeyeceğini vaat eder. İlahî kayıt ve korunmuş ad imgesini eskatolojik biçimde sunar.	87:7	"[{""line"": 80, ""strength"": ""medium"", ""tradition"": ""incil"", ""kind"": ""motif"", ""ref"": ""SBLGNT:Rev.3.5"", ""basis"": ""hayat kitabından adı silmeme"", ""note"": ""Yorumda hatırda kalmak insan hakkı değil ilahî iradeye bağlıdır; Vahiy galibin adını hayat kitabından asla silmeyeceğini vaat eder. İlahî kayıt ve korunmuş ad imgesini eskatolojik biçimde sunar."", ""turn"": 1, ""model"": ""terra"", ""connection_id"": ""BC-cdbeb7ac7e731ccc71b3""}]"
SBLGNT:Rev.4.11	medium	incil	motif	all things exist by God's will	The heavenly hymn says all things were created and exist by God's will; this gives a conceptual counterpart to the commentary's Arabic wordplay joining willing and thinghood, without claiming a cognate.	87:7	"[{""line"": 84, ""strength"": ""medium"", ""tradition"": ""incil"", ""kind"": ""motif"", ""ref"": ""SBLGNT:Rev.4.11"", ""basis"": ""all things exist by God's will"", ""note"": ""The heavenly hymn says all things were created and exist by God's will; this gives a conceptual counterpart to the commentary's Arabic wordplay joining willing and thinghood, without claiming a cognate."", ""turn"": 1, ""model"": ""luna"", ""connection_id"": ""BC-e822747f6e0f353aa8fe""}]"
SBLGNT:Rom.10.8	medium	incil	motif|yorum_gelenegi	word in mouth and heart | Tesniye'nin ağız-yürek sözünü iman sözü olarak alma	Paul applies Deuteronomy's near word to the message of faith; this repeats the commentary's meeting of audible recitation and inwardly held speech in a Christian setting. | Yorum, sözün hem ağızda hem göğüste bulunduğunu işler; Pavlus Tesniye'nin yakın sözünü ağız ve yürekle iman edilen Mesih mesajı diye aktarır. Aynı Tora formülünün Hıristiyan alımlamasını verir.	87:7	"[{""line"": 78, ""strength"": ""medium"", ""tradition"": ""incil"", ""kind"": ""motif"", ""ref"": ""SBLGNT:Rom.10.8"", ""basis"": ""word in mouth and heart"", ""note"": ""Paul applies Deuteronomy's near word to the message of faith; this repeats the commentary's meeting of audible recitation and inwardly held speech in a Christian setting."", ""turn"": 1, ""model"": ""luna"", ""connection_id"": ""BC-6f9bdea045a56ee6bc9a""}, {""line"": 124, ""strength"": ""medium"", ""tradition"": ""incil"", ""kind"": ""yorum_gelenegi"", ""ref"": ""SBLGNT:Rom.10.8"", ""basis"": ""Tesniye'nin ağız-yürek sözünü iman sözü olarak alma"", ""note"": ""Yorum, sözün hem ağızda hem göğüste bulunduğunu işler; Pavlus Tesniye'nin yakın sözünü ağız ve yürekle iman edilen Mesih mesajı diye aktarır. Aynı Tora formülünün Hıristiyan alımlamasını verir."", ""turn"": 2, ""model"": ""terra"", ""connection_id"": ""BC-451d03efc2d5d11f7b06""}]"
SBLGNT:Rom.2.16	strong	incil	motif	God judges human secrets through Christ | insanların gizli şeylerinin yargılanması	Paul says God judges people's secrets through Christ; this gives a Christian judgment formulation for the hidden contents that the commentary says God knows. | Yorum, ortaya çıkma gününde gizli hiçbir şeyin saklı kalmadığını söyler; Pavlus Tanrı'nın insanların gizli şeylerini Mesih aracılığıyla yargılayacağı günü bildirir. Gizli içeriği son hesapta görünür ve sorumlu kılar.	87:7	"[{""line"": 109, ""strength"": ""strong"", ""tradition"": ""incil"", ""kind"": ""motif"", ""ref"": ""SBLGNT:Rom.2.16"", ""basis"": ""God judges human secrets through Christ"", ""note"": ""Paul says God judges people's secrets through Christ; this gives a Christian judgment formulation for the hidden contents that the commentary says God knows."", ""turn"": 2, ""model"": ""luna"", ""connection_id"": ""BC-d6d611e19c9697e2ee73""}, {""line"": 84, ""strength"": ""medium"", ""tradition"": ""incil"", ""kind"": ""motif"", ""ref"": ""SBLGNT:Rom.2.16"", ""basis"": ""insanların gizli şeylerinin yargılanması"", ""note"": ""Yorum, ortaya çıkma gününde gizli hiçbir şeyin saklı kalmadığını söyler; Pavlus Tanrı'nın insanların gizli şeylerini Mesih aracılığıyla yargılayacağı günü bildirir. Gizli içeriği son hesapta görünür ve sorumlu kılar."", ""turn"": 1, ""model"": ""terra"", ""connection_id"": ""BC-c688298235a3cae87686""}]"
SBLGNT:Rom.8.26	strong	incil	motif	söze dökülmeyen iniltilerle aracılık	Yorum, sesli okuma ile insanın içinde kalmış söz arasında bir derecelenme kurar; Pavlus Ruh'un zayıflıkta söze dökülmeyen iniltilerle aracılık ettiğini söyler. İç dua, işitilebilir sözün ötesinde ama Tanrı'ya yönelmiş olur.	87:7	"[{""line"": 113, ""strength"": ""strong"", ""tradition"": ""incil"", ""kind"": ""motif"", ""ref"": ""SBLGNT:Rom.8.26"", ""basis"": ""söze dökülmeyen iniltilerle aracılık"", ""note"": ""Yorum, sesli okuma ile insanın içinde kalmış söz arasında bir derecelenme kurar; Pavlus Ruh'un zayıflıkta söze dökülmeyen iniltilerle aracılık ettiğini söyler. İç dua, işitilebilir sözün ötesinde ama Tanrı'ya yönelmiş olur."", ""turn"": 2, ""model"": ""terra"", ""connection_id"": ""BC-0cacfd3c9dc4021055ee""}]"
SBLGNT:Rom.9.18	medium	incil	motif	merhamet ve katılığın ilahî isteme altında olması	Yorum, istisnanın dileyen Rabbe ait olduğunu ve istemenin kişisiz kader olmadığını vurgular; Pavlus Tanrı'nın dilediğine merhamet edip dilediğini katılaştırdığını söyler. İlahî istemeyi insan kaderi tartışmasının içine taşır.	87:7	"[{""line"": 67, ""strength"": ""medium"", ""tradition"": ""incil"", ""kind"": ""motif"", ""ref"": ""SBLGNT:Rom.9.18"", ""basis"": ""merhamet ve katılığın ilahî isteme altında olması"", ""note"": ""Yorum, istisnanın dileyen Rabbe ait olduğunu ve istemenin kişisiz kader olmadığını vurgular; Pavlus Tanrı'nın dilediğine merhamet edip dilediğini katılaştırdığını söyler. İlahî istemeyi insan kaderi tartışmasının içine taşır."", ""turn"": 1, ""model"": ""terra"", ""connection_id"": ""BC-824c9b6a72eb29e471b0""}]"
4 Ezra 14:21–22	medium	tevrat	motif	yanmış yasa ve yeniden yazma dileği	Yorumdaki vahyin alınması korkusuna karşılık Ezra, yasanın yakıldığını ve bu yüzden geçmişi bilen kalmadığını söyler; sonra yazabilmek için Tanrı'dan Ruh ister. Metin kaybını ilahî yardım talebine bağlayan apokaliptik karşılıktır.	87:7	"[{""line"": 59, ""strength"": ""medium"", ""tradition"": ""tevrat"", ""kind"": ""motif"", ""ref"": ""4 Ezra 14:21–22"", ""basis"": ""yanmış yasa ve yeniden yazma dileği"", ""note"": ""Yorumdaki vahyin alınması korkusuna karşılık Ezra, yasanın yakıldığını ve bu yüzden geçmişi bilen kalmadığını söyler; sonra yazabilmek için Tanrı'dan Ruh ister. Metin kaybını ilahî yardım talebine bağlayan apokaliptik karşılıktır."", ""turn"": 1, ""model"": ""terra"", ""connection_id"": ""BC-04d648453a51b19ae4fd""}]"
4 Ezra 14:38–48	strong	tevrat	motif	iç anlayışın artması ve kayıp kitapların yazılması	Yorum, unutulmuş vahyin bilen dileyen tarafından yeniden çıkarılabileceği imgesini kurar; Ezra esinli kâseden sonra anlayışının çoğaldığını ve kaybolan yasayı yeniden yazdırdığını anlatır. Kayıp yazının ilahî bağışla geri gelmesi somut bir eşliktir.	87:7	"[{""line"": 4, ""strength"": ""strong"", ""tradition"": ""tevrat"", ""kind"": ""motif"", ""ref"": ""4 Ezra 14:38–48"", ""basis"": ""iç anlayışın artması ve kayıp kitapların yazılması"", ""note"": ""Yorum, unutulmuş vahyin bilen dileyen tarafından yeniden çıkarılabileceği imgesini kurar; Ezra esinli kâseden sonra anlayışının çoğaldığını ve kaybolan yasayı yeniden yazdırdığını anlatır. Kayıp yazının ilahî bağışla geri gelmesi somut bir eşliktir."", ""turn"": 1, ""model"": ""terra"", ""connection_id"": ""BC-5984ced1283abe5fab02""}]"
Berakhot 31a	strong	tevrat	motif|yorum_gelenegi	Hannah's silent prayer as a prayer rule | Hanna'nın sessiz duasından dua kuralı	The rabbis derive prayer rules from Hannah's moving lips and unheard voice, including that prayer is inward and not raised aloud; this interprets the same scene used by the commentary's loud/quiet reading. | Yorum, cehrin karşısında sesi kısılmış ve içte kalan duayı ayrıştırır; Berakhot Hanna'nın dudakları oynayıp sesi duyulmamasından, duada dudakların hareket etmesi gerektiği hükmünü çıkarır. Sessizlik ile işitilebilir ses arasını rabbanî ibadet pratiğiyle doldurur.	87:7	"[{""line"": 31, ""strength"": ""strong"", ""tradition"": ""tevrat"", ""kind"": ""motif"", ""ref"": ""Berakhot 31a"", ""basis"": ""Hannah's silent prayer as a prayer rule"", ""note"": ""The rabbis derive prayer rules from Hannah's moving lips and unheard voice, including that prayer is inward and not raised aloud; this interprets the same scene used by the commentary's loud/quiet reading."", ""turn"": 1, ""model"": ""luna"", ""connection_id"": ""BC-f4f013ce3f0c64569747""}, {""line"": 70, ""strength"": ""medium"", ""tradition"": ""tevrat"", ""kind"": ""yorum_gelenegi"", ""ref"": ""Berakhot 31a"", ""basis"": ""Hanna'nın sessiz duasından dua kuralı"", ""note"": ""Yorum, cehrin karşısında sesi kısılmış ve içte kalan duayı ayrıştırır; Berakhot Hanna'nın dudakları oynayıp sesi duyulmamasından, duada dudakların hareket etmesi gerektiği hükmünü çıkarır. Sessizlik ile işitilebilir ses arasını rabbanî ibadet pratiğiyle doldurur."", ""turn"": 1, ""model"": ""terra"", ""connection_id"": ""BC-27093a34bb33a7d09877""}]"
Berakhot 33b	medium	tevrat	motif	all is in Heaven's hands except awe of Heaven	The Talmud places everything in Heaven's hands except reverence of Heaven; this gives a rabbinic boundary to divine sovereignty beside the commentary's claim that human plans and memory remain dependent on God's will.	87:7	"[{""line"": 120, ""strength"": ""medium"", ""tradition"": ""tevrat"", ""kind"": ""motif"", ""ref"": ""Berakhot 33b"", ""basis"": ""all is in Heaven's hands except awe of Heaven"", ""note"": ""The Talmud places everything in Heaven's hands except reverence of Heaven; this gives a rabbinic boundary to divine sovereignty beside the commentary's claim that human plans and memory remain dependent on God's will."", ""turn"": 2, ""model"": ""luna"", ""connection_id"": ""BC-8eb187ad920c5f96b772""}]"
Berakhot 7a	medium	tevrat	yorum_gelenegi	Moses sees God's tefillin knot | Musa'ya gösterilen ilahî “arka” yorumu	The Talmud interprets Moses' permitted sight of God's back as the knot of God's tefillin; this gives a Jewish reading of the bounded vision in Exodus that complicates the commentary's account of Moses' request. | Yorum Musa'nın görmek isteğinde gözün sınırını işler; bu sugyada “arkamı göreceksin” sözü Tanrı'nın tefillin düğümünü Musa'ya göstermesi diye yorumlanır. Görünmeyen ilahîliğin litürjik bir işaretle dolaylı görünürlüğe çevrilmesi yorum farkı getirir.	87:7	"[{""line"": 68, ""strength"": ""medium"", ""tradition"": ""tevrat"", ""kind"": ""yorum_gelenegi"", ""ref"": ""Berakhot 7a"", ""basis"": ""Moses sees God's tefillin knot"", ""note"": ""The Talmud interprets Moses' permitted sight of God's back as the knot of God's tefillin; this gives a Jewish reading of the bounded vision in Exodus that complicates the commentary's account of Moses' request."", ""turn"": 1, ""model"": ""luna"", ""connection_id"": ""BC-75e6df5b236b0b880265""}, {""line"": 71, ""strength"": ""medium"", ""tradition"": ""tevrat"", ""kind"": ""yorum_gelenegi"", ""ref"": ""Berakhot 7a"", ""basis"": ""Musa'ya gösterilen ilahî “arka” yorumu"", ""note"": ""Yorum Musa'nın görmek isteğinde gözün sınırını işler; bu sugyada “arkamı göreceksin” sözü Tanrı'nın tefillin düğümünü Musa'ya göstermesi diye yorumlanır. Görünmeyen ilahîliğin litürjik bir işaretle dolaylı görünürlüğe çevrilmesi yorum farkı getirir."", ""turn"": 1, ""model"": ""terra"", ""connection_id"": ""BC-328e369903823bc95b98""}]"
Mishnah Avot 3:8	medium	tevrat	yorum_gelenegi	öğrenilen Tora'yı unutmanın sorumluluğu	Yorum, Peygambere “unutma” görevi yüklenmediğini özellikle belirtir; Avot, öğreniminden bir sözü unutanı Tesniye'nin uyarısıyla ağır biçimde sorumlu tutar ve zorlayıcı koşulları ayırır. Unutmayı hukukî-ahlâkî yükümlülük olarak okur.	87:7	"[{""line"": 56, ""strength"": ""medium"", ""tradition"": ""tevrat"", ""kind"": ""yorum_gelenegi"", ""ref"": ""Mishnah Avot 3:8"", ""basis"": ""öğrenilen Tora'yı unutmanın sorumluluğu"", ""note"": ""Yorum, Peygambere “unutma” görevi yüklenmediğini özellikle belirtir; Avot, öğreniminden bir sözü unutanı Tesniye'nin uyarısıyla ağır biçimde sorumlu tutar ve zorlayıcı koşulları ayırır. Unutmayı hukukî-ahlâkî yükümlülük olarak okur."", ""turn"": 1, ""model"": ""terra"", ""connection_id"": ""BC-710557d6ab1b532a0145""}]"
Nedarim 38a	strong	tevrat	yorum_gelenegi	Musa'nın unutup armağan edilen Tora'sı	Yorumdaki unutmayışın verilmiş armağan oluşuna karşılık bu rabbanî anlatı Musa'nın Tora'yı öğrenip unuttuğunu, sonra ona armağan edildiğini söyler. Vahiy belleğinin verende kaldığı fikrine çok yakın bir Yahudi okuma sunar.	87:7	"[{""line"": 3, ""strength"": ""strong"", ""tradition"": ""tevrat"", ""kind"": ""yorum_gelenegi"", ""ref"": ""Nedarim 38a"", ""basis"": ""Musa'nın unutup armağan edilen Tora'sı"", ""note"": ""Yorumdaki unutmayışın verilmiş armağan oluşuna karşılık bu rabbanî anlatı Musa'nın Tora'yı öğrenip unuttuğunu, sonra ona armağan edildiğini söyler. Vahiy belleğinin verende kaldığı fikrine çok yakın bir Yahudi okuma sunar."", ""turn"": 1, ""model"": ""terra"", ""connection_id"": ""BC-2e335201894715a37d74""}]"
Pirkei Avot 2:1	medium	tevrat	motif	eye, ear, and deeds recorded	The Mishnah says there is a seeing eye, a hearing ear, and deeds written in a book; this concretely combines sight, sound, and record beside the commentary's claim that speech and hidden things are known.	87:7	"[{""line"": 67, ""strength"": ""medium"", ""tradition"": ""tevrat"", ""kind"": ""motif"", ""ref"": ""Pirkei Avot 2:1"", ""basis"": ""eye, ear, and deeds recorded"", ""note"": ""The Mishnah says there is a seeing eye, a hearing ear, and deeds written in a book; this concretely combines sight, sound, and record beside the commentary's claim that speech and hidden things are known."", ""turn"": 1, ""model"": ""luna"", ""connection_id"": ""BC-b0fa37ad9839244dd8f1""}]"
Pirkei Avot 3:15	medium	tevrat	motif	foreknowledge and human freedom	The Mishnah says all is foreseen while freedom is granted; this is a specific Jewish formulation of the tension between divine knowing and human willing that the commentary resolves through God's will.	87:7	"[{""line"": 119, ""strength"": ""medium"", ""tradition"": ""tevrat"", ""kind"": ""motif"", ""ref"": ""Pirkei Avot 3:15"", ""basis"": ""foreknowledge and human freedom"", ""note"": ""The Mishnah says all is foreseen while freedom is granted; this is a specific Jewish formulation of the tension between divine knowing and human willing that the commentary resolves through God's will."", ""turn"": 2, ""model"": ""luna"", ""connection_id"": ""BC-175ece1dd756d2db5a38""}]"
Shabbat 138b	strong	tevrat	yorum_gelenegi	Tora'nın unutulup unutulmayacağı üzerine rabbanî tartışma	Yorumun 87:6–7'deki unutmayış vaadi için bu sugyada Tora'nın İsrail'den unutulacağı iddiası, Tesniye 31:21'deki “unutulmayacak” sözüyle tartışılır. Rabbanî gelenek aynı metin üzerinde bellek kaybı ile ilahî koruma gerilimini işler.	87:7	"[{""line"": 114, ""strength"": ""strong"", ""tradition"": ""tevrat"", ""kind"": ""yorum_gelenegi"", ""ref"": ""Shabbat 138b"", ""basis"": ""Tora'nın unutulup unutulmayacağı üzerine rabbanî tartışma"", ""note"": ""Yorumun 87:6–7'deki unutmayış vaadi için bu sugyada Tora'nın İsrail'den unutulacağı iddiası, Tesniye 31:21'deki “unutulmayacak” sözüyle tartışılır. Rabbanî gelenek aynı metin üzerinde bellek kaybı ile ilahî koruma gerilimini işler."", ""turn"": 2, ""model"": ""terra"", ""connection_id"": ""BC-8aec8c8c79d7a2c19f74""}]"
Sirach 16:17	strong	tevrat	motif	no one can hide from God	Sirach challenges the person who thinks they can be hidden from the Lord among the crowd; this gives a distinct wisdom-text setting for the commentary's claim that no concealed thing escapes divine awareness.	87:7	"[{""line"": 103, ""strength"": ""strong"", ""tradition"": ""tevrat"", ""kind"": ""motif"", ""ref"": ""Sirach 16:17"", ""basis"": ""no one can hide from God"", ""note"": ""Sirach challenges the person who thinks they can be hidden from the Lord among the crowd; this gives a distinct wisdom-text setting for the commentary's claim that no concealed thing escapes divine awareness."", ""turn"": 2, ""model"": ""luna"", ""connection_id"": ""BC-cf0a89f57564740b54c9""}]"
Sirach 23:18	strong	tevrat	motif	the sinner thinks darkness hides him	The sinner asks who can see him and trusts the dark and walls; the next verse overturns that confidence, matching the commentary's contrast between what a person thinks concealed and God's knowledge.	87:7	"[{""line"": 24, ""strength"": ""strong"", ""tradition"": ""tevrat"", ""kind"": ""motif"", ""ref"": ""Sirach 23:18"", ""basis"": ""the sinner thinks darkness hides him"", ""note"": ""The sinner asks who can see him and trusts the dark and walls; the next verse overturns that confidence, matching the commentary's contrast between what a person thinks concealed and God's knowledge."", ""turn"": 1, ""model"": ""luna"", ""connection_id"": ""BC-52f33e9847b408326b74""}]"
Sirach 23:19	strong	tevrat	motif	God's eyes see hidden places	Sirach says God's eyes are brighter than the sun and inspect human paths and hidden places; this closely joins the commentary's sun-glare and secret-knowledge images.	87:7	"[{""line"": 25, ""strength"": ""strong"", ""tradition"": ""tevrat"", ""kind"": ""motif"", ""ref"": ""Sirach 23:19"", ""basis"": ""God's eyes see hidden places"", ""note"": ""Sirach says God's eyes are brighter than the sun and inspect human paths and hidden places; this closely joins the commentary's sun-glare and secret-knowledge images."", ""turn"": 1, ""model"": ""luna"", ""connection_id"": ""BC-966e04a52fc07dfda619""}]"
Sirach 42:18	strong	tevrat	motif	God searches the human heart	Sirach says the Most High searches the abyss and the human heart and knows what can be known; this gives the commentary's inward hiddenness a Jewish wisdom-text counterpart.	87:7	"[{""line"": 26, ""strength"": ""strong"", ""tradition"": ""tevrat"", ""kind"": ""motif"", ""ref"": ""Sirach 42:18"", ""basis"": ""God searches the human heart"", ""note"": ""Sirach says the Most High searches the abyss and the human heart and knows what can be known; this gives the commentary's inward hiddenness a Jewish wisdom-text counterpart."", ""turn"": 1, ""model"": ""luna"", ""connection_id"": ""BC-21756157c41b33ca6d18""}]"
Sirach 42:18–20	strong	tevrat	motif	derinlik, yürek ve gizli izler	Yorumun gizliyi bilip açığa çıkaran Rab tasviri için Sirak Tanrı'nın derinliği ve insan yüreğini araştırdığını, gizli şeylerin izlerini açtığını ve hiçbir sözün ondan saklı olmadığını söyler. Bilme, gizli ve söz aynı pasajda birleşir.	87:7	"[{""line"": 28, ""strength"": ""strong"", ""tradition"": ""tevrat"", ""kind"": ""motif"", ""ref"": ""Sirach 42:18–20"", ""basis"": ""derinlik, yürek ve gizli izler"", ""note"": ""Yorumun gizliyi bilip açığa çıkaran Rab tasviri için Sirak Tanrı'nın derinliği ve insan yüreğini araştırdığını, gizli şeylerin izlerini açtığını ve hiçbir sözün ondan saklı olmadığını söyler. Bilme, gizli ve söz aynı pasajda birleşir."", ""turn"": 1, ""model"": ""terra"", ""connection_id"": ""BC-4c34ce53bfceb5858a50""}]"
Sirach 42:20	strong	tevrat	motif	nothing hidden from God's thought	Sirach says no thought escapes God and nothing is hidden from Him; this is a compact parallel to the commentary's unspoken or forgotten matter remaining within divine knowledge.	87:7	"[{""line"": 27, ""strength"": ""strong"", ""tradition"": ""tevrat"", ""kind"": ""motif"", ""ref"": ""Sirach 42:20"", ""basis"": ""nothing hidden from God's thought"", ""note"": ""Sirach says no thought escapes God and nothing is hidden from Him; this is a compact parallel to the commentary's unspoken or forgotten matter remaining within divine knowledge."", ""turn"": 1, ""model"": ""luna"", ""connection_id"": ""BC-e410f972c49c8c043fa5""}]"
Temurah 16a	medium	tevrat	yorum_gelenegi	Musa'dan sonra unutulan hükümler	Yorumun unutulanın geri getirilebilmesi imgesi için bu Talmud anlatısı Musa'nın ölümünden sonra binlerce hükmün unutulduğunu ve Otniel'in bunları yorum yoluyla geri getirdiğini anlatır. Korunan vahiy vaadinden farklı olarak toplumsal belleğin kırılganlığını gösterir.	87:7	"[{""line"": 57, ""strength"": ""medium"", ""tradition"": ""tevrat"", ""kind"": ""yorum_gelenegi"", ""ref"": ""Temurah 16a"", ""basis"": ""Musa'dan sonra unutulan hükümler"", ""note"": ""Yorumun unutulanın geri getirilebilmesi imgesi için bu Talmud anlatısı Musa'nın ölümünden sonra binlerce hükmün unutulduğunu ve Otniel'in bunları yorum yoluyla geri getirdiğini anlatır. Korunan vahiy vaadinden farklı olarak toplumsal belleğin kırılganlığını gösterir."", ""turn"": 1, ""model"": ""terra"", ""connection_id"": ""BC-7f41b349144a78d6656c""}]"
WLC:1Kgs.18.44	medium	tevrat	motif	a small cloud before rain	Elijah's servant sees only a hand-sized cloud rising from the sea before the storm; this fits the commentary's faint sign at a cloud edge and its link between barely visible weather and rain.	87:7	"[{""line"": 45, ""strength"": ""medium"", ""tradition"": ""tevrat"", ""kind"": ""motif"", ""ref"": ""WLC:1Kgs.18.44"", ""basis"": ""a small cloud before rain"", ""note"": ""Elijah's servant sees only a hand-sized cloud rising from the sea before the storm; this fits the commentary's faint sign at a cloud edge and its link between barely visible weather and rain."", ""turn"": 1, ""model"": ""luna"", ""connection_id"": ""BC-19099023dd28e38207a1""}]"
WLC:1Kgs.18.45	medium	tevrat	motif	rain follows the small sign	The small cloud becomes a sky dark with clouds and heavy rain; this completes the specific hidden-sign-to-visible-rain sequence the commentary joins to the surah's pasture scene.	87:7	"[{""line"": 46, ""strength"": ""medium"", ""tradition"": ""tevrat"", ""kind"": ""motif"", ""ref"": ""WLC:1Kgs.18.45"", ""basis"": ""rain follows the small sign"", ""note"": ""The small cloud becomes a sky dark with clouds and heavy rain; this completes the specific hidden-sign-to-visible-rain sequence the commentary joins to the surah's pasture scene."", ""turn"": 1, ""model"": ""luna"", ""connection_id"": ""BC-9470bf83aa3b1ef9c85f""}]"
WLC:1Kgs.19.12	medium	tevrat	motif	divine address in a thin quiet sound | ince sessizlik sesi	Elijah encounters YHWH after wind, earthquake, and fire in a quiet, delicate sound; this gives the commentary's low-voice side a theophanic setting without making it equivalent to the ayah's claim. | Yorum, cehrin yüksek sesini gizli ve kısık sesle karşılaştırır; İlyas anlatısında rüzgâr, deprem ve ateşten sonra ince bir sessizlik sesi gelir. İlâhî karşılaşmanın gürültü yerine zayıf sesle gelmesi ses motifini derinleştirir.	87:7	"[{""line"": 44, ""strength"": ""medium"", ""tradition"": ""tevrat"", ""kind"": ""motif"", ""ref"": ""WLC:1Kgs.19.12"", ""basis"": ""divine address in a thin quiet sound"", ""note"": ""Elijah encounters YHWH after wind, earthquake, and fire in a quiet, delicate sound; this gives the commentary's low-voice side a theophanic setting without making it equivalent to the ayah's claim."", ""turn"": 1, ""model"": ""luna"", ""connection_id"": ""BC-0baa7fe8864e13f29e47""}, {""line"": 123, ""strength"": ""medium"", ""tradition"": ""tevrat"", ""kind"": ""motif"", ""ref"": ""WLC:1Kgs.19.12"", ""basis"": ""ince sessizlik sesi"", ""note"": ""Yorum, cehrin yüksek sesini gizli ve kısık sesle karşılaştırır; İlyas anlatısında rüzgâr, deprem ve ateşten sonra ince bir sessizlik sesi gelir. İlâhî karşılaşmanın gürültü yerine zayıf sesle gelmesi ses motifini derinleştirir."", ""turn"": 2, ""model"": ""terra"", ""connection_id"": ""BC-b686658ac960d940b5ed""}]"
WLC:1Kgs.8.12	medium	tevrat	motif	God dwells in thick darkness | Rabbin koyu karanlıkta ikamet etmesi	At the temple dedication Solomon says YHWH has chosen to dwell in thick darkness; this supplies a distinct biblical way to pair God's presence with concealment beside the commentary's manifest/hidden knowledge. | Yorum, gözün yakalayamadığı gizli ışık ve görünmenin sınırını işler; Süleyman Rabbin koyu karanlıkta ikamet edeceğini söylediğini ilan eder. İlâhî mevcudiyetin açıklık yerine örtüyle tasvir edilmesini ekler.	87:7	"[{""line"": 112, ""strength"": ""medium"", ""tradition"": ""tevrat"", ""kind"": ""motif"", ""ref"": ""WLC:1Kgs.8.12"", ""basis"": ""God dwells in thick darkness"", ""note"": ""At the temple dedication Solomon says YHWH has chosen to dwell in thick darkness; this supplies a distinct biblical way to pair God's presence with concealment beside the commentary's manifest/hidden knowledge."", ""turn"": 2, ""model"": ""luna"", ""connection_id"": ""BC-12b21b2745ea0d489ca4""}, {""line"": 72, ""strength"": ""medium"", ""tradition"": ""tevrat"", ""kind"": ""motif"", ""ref"": ""WLC:1Kgs.8.12"", ""basis"": ""Rabbin koyu karanlıkta ikamet etmesi"", ""note"": ""Yorum, gözün yakalayamadığı gizli ışık ve görünmenin sınırını işler; Süleyman Rabbin koyu karanlıkta ikamet edeceğini söylediğini ilan eder. İlâhî mevcudiyetin açıklık yerine örtüyle tasvir edilmesini ekler."", ""turn"": 1, ""model"": ""terra"", ""connection_id"": ""BC-b23bdc4b6e58ca109c6d""}]"
WLC:1Kgs.8.39	strong	tevrat	motif	God alone knows every heart | bütün insanların yüreğini yalnız Tanrı'nın bilmesi	Solomon asks God to hear each worshipper's prayer and answer because God alone knows human hearts; this joins hidden inward knowledge to the prayer setting emphasized in the commentary. | Yorumun göğüste gizlenen sözüne karşılık Süleyman, her insanın yüreğini yalnız Tanrı'nın bildiğini dua içinde söyler. Bilginin yalnız ilahî özneye ait oluşunu ibadet bağlamına taşır.	87:7	"[{""line"": 9, ""strength"": ""strong"", ""tradition"": ""tevrat"", ""kind"": ""motif"", ""ref"": ""WLC:1Kgs.8.39"", ""basis"": ""God alone knows every heart"", ""note"": ""Solomon asks God to hear each worshipper's prayer and answer because God alone knows human hearts; this joins hidden inward knowledge to the prayer setting emphasized in the commentary."", ""turn"": 1, ""model"": ""luna"", ""connection_id"": ""BC-c8cddfc6e1130d9c9988""}, {""line"": 20, ""strength"": ""strong"", ""tradition"": ""tevrat"", ""kind"": ""motif"", ""ref"": ""WLC:1Kgs.8.39"", ""basis"": ""bütün insanların yüreğini yalnız Tanrı'nın bilmesi"", ""note"": ""Yorumun göğüste gizlenen sözüne karşılık Süleyman, her insanın yüreğini yalnız Tanrı'nın bildiğini dua içinde söyler. Bilginin yalnız ilahî özneye ait oluşunu ibadet bağlamına taşır."", ""turn"": 1, ""model"": ""terra"", ""connection_id"": ""BC-035e1bb419c94ba35c5d""}]"
WLC:1Sam.1.13	strong	tevrat	motif	lips move without audible prayer | sessizce yürekten edilen dua	Hannah's lips move but her voice is not heard, and Eli mistakes her for drunk; this is the exact human-side contrast between audible prayer and inward speech developed around cehr and hidden recitation. | Yorumdaki cehr ile içteki, duyulmayan ses ayrımına karşılık Hanna yüreğinde dua eder; dudakları oynar ama sesi işitilmez. Gizli sözün bedensel izi ile duyulmayan sesin ayrımı özellikle yakındır.	87:7	"[{""line"": 7, ""strength"": ""strong"", ""tradition"": ""tevrat"", ""kind"": ""motif"", ""ref"": ""WLC:1Sam.1.13"", ""basis"": ""lips move without audible prayer"", ""note"": ""Hannah's lips move but her voice is not heard, and Eli mistakes her for drunk; this is the exact human-side contrast between audible prayer and inward speech developed around cehr and hidden recitation."", ""turn"": 1, ""model"": ""luna"", ""connection_id"": ""BC-b52940f5853edc8424fd""}, {""line"": 41, ""strength"": ""strong"", ""tradition"": ""tevrat"", ""kind"": ""motif"", ""ref"": ""WLC:1Sam.1.13"", ""basis"": ""sessizce yürekten edilen dua"", ""note"": ""Yorumdaki cehr ile içteki, duyulmayan ses ayrımına karşılık Hanna yüreğinde dua eder; dudakları oynar ama sesi işitilmez. Gizli sözün bedensel izi ile duyulmayan sesin ayrımı özellikle yakındır."", ""turn"": 1, ""model"": ""terra"", ""connection_id"": ""BC-17898e24d3f2474b3315""}]"
WLC:1Sam.1.19	strong	tevrat	paralel	Hanna'yı hatırlayan Rab	Yorumun sessiz dua ile Rabbin unutmaması arasındaki bağ için Hanna'nın kocasıyla birlikte ibadetinden sonra Rabbin onu hatırladığı söylenir. Daha önceki sessiz dua sahnesine ilahî hatırlama ile verilen cevap eklenir.	87:7	"[{""line"": 102, ""strength"": ""strong"", ""tradition"": ""tevrat"", ""kind"": ""paralel"", ""ref"": ""WLC:1Sam.1.19"", ""basis"": ""Hanna'yı hatırlayan Rab"", ""note"": ""Yorumun sessiz dua ile Rabbin unutmaması arasındaki bağ için Hanna'nın kocasıyla birlikte ibadetinden sonra Rabbin onu hatırladığı söylenir. Daha önceki sessiz dua sahnesine ilahî hatırlama ile verilen cevap eklenir."", ""turn"": 2, ""model"": ""terra"", ""connection_id"": ""BC-4d55b119dc6e99875380""}]"
WLC:1Sam.11.11	medium	tevrat	motif	dawn attack while the enemy is unaware	The commentary notes a secondary cehr usage for a surprise dawn raid; Saul's forces strike Ammon at the morning watch before the camp wakes, supplying that precise military image.	87:7	"[{""line"": 47, ""strength"": ""medium"", ""tradition"": ""tevrat"", ""kind"": ""motif"", ""ref"": ""WLC:1Sam.11.11"", ""basis"": ""dawn attack while the enemy is unaware"", ""note"": ""The commentary notes a secondary cehr usage for a surprise dawn raid; Saul's forces strike Ammon at the morning watch before the camp wakes, supplying that precise military image."", ""turn"": 1, ""model"": ""luna"", ""connection_id"": ""BC-ebbda957d149f477c6f6""}]"
WLC:1Sam.16.7	strong	tevrat	motif	human sight and the heart | dış görünüş ve yüreğe bakan Rab	Samuel sees Eliab's appearance, while YHWH looks at the heart; the verse supplies a concrete limit to human visible judgment beside the commentary's claim that hidden and manifest are equal to God's knowledge. | Yorum, açık işaretle tanınan şey ile izi olmayan gizliyi Rabbin eşitçe bildiğini söyler; Samuel anlatısında insan gözle görüneni görürken Rab yüreği görür. Dışarıdaki görünüş ile gizli iç arasındaki karşıtlık aynıdır.	87:7	"[{""line"": 8, ""strength"": ""strong"", ""tradition"": ""tevrat"", ""kind"": ""motif"", ""ref"": ""WLC:1Sam.16.7"", ""basis"": ""human sight and the heart"", ""note"": ""Samuel sees Eliab's appearance, while YHWH looks at the heart; the verse supplies a concrete limit to human visible judgment beside the commentary's claim that hidden and manifest are equal to God's knowledge."", ""turn"": 1, ""model"": ""luna"", ""connection_id"": ""BC-337088c4481055f9e4d6""}, {""line"": 19, ""strength"": ""strong"", ""tradition"": ""tevrat"", ""kind"": ""motif"", ""ref"": ""WLC:1Sam.16.7"", ""basis"": ""dış görünüş ve yüreğe bakan Rab"", ""note"": ""Yorum, açık işaretle tanınan şey ile izi olmayan gizliyi Rabbin eşitçe bildiğini söyler; Samuel anlatısında insan gözle görüneni görürken Rab yüreği görür. Dışarıdaki görünüş ile gizli iç arasındaki karşıtlık aynıdır."", ""turn"": 1, ""model"": ""terra"", ""connection_id"": ""BC-d4659024ab72665cfc76""}]"
WLC:1Sam.2.3	strong	tevrat	motif	God of knowledge weighs deeds	Hannah's song says YHWH is a God of knowledge who weighs actions; after her silent prayer, this connects the commentary's prayer scene to divine knowledge and judgment.	87:7	"[{""line"": 98, ""strength"": ""strong"", ""tradition"": ""tevrat"", ""kind"": ""motif"", ""ref"": ""WLC:1Sam.2.3"", ""basis"": ""God of knowledge weighs deeds"", ""note"": ""Hannah's song says YHWH is a God of knowledge who weighs actions; after her silent prayer, this connects the commentary's prayer scene to divine knowledge and judgment."", ""turn"": 2, ""model"": ""luna"", ""connection_id"": ""BC-47d94ae8df97dac2d255""}]"
WLC:2Kgs.22.8	medium	tevrat	motif	Tapınakta bulunan yasa kitabı	Yorum, unutulanın gizli bir yerde kalıp sonra ortaya çıkmasına kuyu imgesiyle yaklaşır; Hilkiya tapınakta yasa kitabını bulur ve onu Şafan'a verir. Saklı metnin yeniden bulunması bu imgeye tarihsel anlatı biçimi verir.	87:7	"[{""line"": 60, ""strength"": ""medium"", ""tradition"": ""tevrat"", ""kind"": ""motif"", ""ref"": ""WLC:2Kgs.22.8"", ""basis"": ""Tapınakta bulunan yasa kitabı"", ""note"": ""Yorum, unutulanın gizli bir yerde kalıp sonra ortaya çıkmasına kuyu imgesiyle yaklaşır; Hilkiya tapınakta yasa kitabını bulur ve onu Şafan'a verir. Saklı metnin yeniden bulunması bu imgeye tarihsel anlatı biçimi verir."", ""turn"": 1, ""model"": ""terra"", ""connection_id"": ""BC-10e28cfbb6af162d754b""}]"
WLC:2Kgs.6.12	strong	tevrat	motif	words spoken in the bedchamber	The Aramean king's secret plans reach Israel through Elisha, even though the king asks who is reporting his private words; this narrates the commentary's point that concealed speech is not concealed from God.	87:7	"[{""line"": 10, ""strength"": ""strong"", ""tradition"": ""tevrat"", ""kind"": ""motif"", ""ref"": ""WLC:2Kgs.6.12"", ""basis"": ""words spoken in the bedchamber"", ""note"": ""The Aramean king's secret plans reach Israel through Elisha, even though the king asks who is reporting his private words; this narrates the commentary's point that concealed speech is not concealed from God."", ""turn"": 1, ""model"": ""luna"", ""connection_id"": ""BC-d8d30419918a4f9a31bb""}]"
WLC:2Kgs.6.17	strong	tevrat	motif	eyes opened to the hidden host	Elisha's servant cannot see the fiery army surrounding them until his eyes are opened; the scene gives a concrete human limit to seeing what is present, alongside the commentary's open/hidden contrast.	87:7	"[{""line"": 11, ""strength"": ""strong"", ""tradition"": ""tevrat"", ""kind"": ""motif"", ""ref"": ""WLC:2Kgs.6.17"", ""basis"": ""eyes opened to the hidden host"", ""note"": ""Elisha's servant cannot see the fiery army surrounding them until his eyes are opened; the scene gives a concrete human limit to seeing what is present, alongside the commentary's open/hidden contrast."", ""turn"": 1, ""model"": ""luna"", ""connection_id"": ""BC-f0dc8199f450ef7f3eb5""}]"
WLC:Amos.3.7	strong	tevrat	motif	gizli tasarının peygamberlere açılması	Yorum, gaybı yalnız Rabbin bildiğini ve elçilerinden dilediğine bildirdiğini vurgular; Amos Rabbin işini kulları peygamberlere sırrını açmadan yapmayacağını söyler. Seçilmiş elçiye sınırlı açıklama motifi doğrudandır.	87:7	"[{""line"": 90, ""strength"": ""strong"", ""tradition"": ""tevrat"", ""kind"": ""motif"", ""ref"": ""WLC:Amos.3.7"", ""basis"": ""gizli tasarının peygamberlere açılması"", ""note"": ""Yorum, gaybı yalnız Rabbin bildiğini ve elçilerinden dilediğine bildirdiğini vurgular; Amos Rabbin işini kulları peygamberlere sırrını açmadan yapmayacağını söyler. Seçilmiş elçiye sınırlı açıklama motifi doğrudandır."", ""turn"": 2, ""model"": ""terra"", ""connection_id"": ""BC-759acf3c767e7ca83139""}]"
WLC:Dan.12.4	strong	tevrat	motif	sözleri kapatıp kitabı mühürlemek	Yorumdaki istisna, verilmiş vahyin ilahî denetim altında kalmasını anlatır; Daniel'e sözleri kapatması ve kitabı son vakte dek mühürlemesi emredilir. İşitilmiş-yazılmış şeyin geçici olarak gizlenmesi bakımından güçlü bir karşılıktır.	87:7	"[{""line"": 94, ""strength"": ""strong"", ""tradition"": ""tevrat"", ""kind"": ""motif"", ""ref"": ""WLC:Dan.12.4"", ""basis"": ""sözleri kapatıp kitabı mühürlemek"", ""note"": ""Yorumdaki istisna, verilmiş vahyin ilahî denetim altında kalmasını anlatır; Daniel'e sözleri kapatması ve kitabı son vakte dek mühürlemesi emredilir. İşitilmiş-yazılmış şeyin geçici olarak gizlenmesi bakımından güçlü bir karşılıktır."", ""turn"": 2, ""model"": ""terra"", ""connection_id"": ""BC-c3c9744785894b4d7873""}]"
WLC:Dan.2.22	strong	tevrat	motif	deep and hidden things | derin ve gizli şeyleri bilen ve açan Tanrı	Daniel's hymn says God reveals deep, hidden things, knows what is in darkness, and has light with Him; this gathers the commentary's concealment, disclosure, and light images in one claim. | Yorum, gizliyi bilenin onu toprak üstüne çıkarabileceği imgesini kurar; Daniel Tanrısı derin ve gizli şeyleri açan, karanlıkta olanı bilen olarak över. Bilmek ile gizliyi açmanın aynı özneye bağlanması doğrudandır.	87:7	"[{""line"": 23, ""strength"": ""strong"", ""tradition"": ""tevrat"", ""kind"": ""motif"", ""ref"": ""WLC:Dan.2.22"", ""basis"": ""deep and hidden things"", ""note"": ""Daniel's hymn says God reveals deep, hidden things, knows what is in darkness, and has light with Him; this gathers the commentary's concealment, disclosure, and light images in one claim."", ""turn"": 1, ""model"": ""luna"", ""connection_id"": ""BC-1f48f36849ddeee7c6d6""}, {""line"": 14, ""strength"": ""strong"", ""tradition"": ""tevrat"", ""kind"": ""motif"", ""ref"": ""WLC:Dan.2.22"", ""basis"": ""derin ve gizli şeyleri bilen ve açan Tanrı"", ""note"": ""Yorum, gizliyi bilenin onu toprak üstüne çıkarabileceği imgesini kurar; Daniel Tanrısı derin ve gizli şeyleri açan, karanlıkta olanı bilen olarak över. Bilmek ile gizliyi açmanın aynı özneye bağlanması doğrudandır."", ""turn"": 1, ""model"": ""terra"", ""connection_id"": ""BC-2a24cba1232fc42e67af""}]"
WLC:Deut.18.18	strong	tevrat	paralel	peygamberin ağzına konan söz	Yorumda okutulan ve unutmayışı vaat edilen söz verende kalır; Tesniye'de Rab, peygamber için kendi sözlerini onun ağzına koyacağını bildirir. Vahyin konuşanın kişisel mülkü olmadığını aynı ağız imgesiyle kurar.	87:7	"[{""line"": 85, ""strength"": ""strong"", ""tradition"": ""tevrat"", ""kind"": ""paralel"", ""ref"": ""WLC:Deut.18.18"", ""basis"": ""peygamberin ağzına konan söz"", ""note"": ""Yorumda okutulan ve unutmayışı vaat edilen söz verende kalır; Tesniye'de Rab, peygamber için kendi sözlerini onun ağzına koyacağını bildirir. Vahyin konuşanın kişisel mülkü olmadığını aynı ağız imgesiyle kurar."", ""turn"": 2, ""model"": ""terra"", ""connection_id"": ""BC-52c628d7c454f2496245""}]"
WLC:Deut.29.28	strong	tevrat	motif	secret things belong to God | Tanrı'ya ait gizli, insana ait açıklanmış şeyler	The verse assigns hidden things to YHWH and revealed things to Israel and its children; unlike the commentary's claim that both are equally known to God, it marks a boundary between divine and human knowledge. | Yorum, gizli olanı yalnız Rabbin bildiğini ve kula verilmiş bilginin sınırını işler; bu ayet gizli şeyleri Tanrı'ya, açıklanmış olanları ise Tora'yı yapmak üzere insana verir. Bilgi ile sorumluluğun sınırını keskinleştirir.	87:7	"[{""line"": 52, ""strength"": ""medium"", ""tradition"": ""tevrat"", ""kind"": ""motif"", ""ref"": ""WLC:Deut.29.28"", ""basis"": ""secret things belong to God"", ""note"": ""The verse assigns hidden things to YHWH and revealed things to Israel and its children; unlike the commentary's claim that both are equally known to God, it marks a boundary between divine and human knowledge."", ""turn"": 1, ""model"": ""luna"", ""connection_id"": ""BC-90fe3921ef49aead72c8""}, {""line"": 13, ""strength"": ""strong"", ""tradition"": ""tevrat"", ""kind"": ""motif"", ""ref"": ""WLC:Deut.29.28"", ""basis"": ""Tanrı'ya ait gizli, insana ait açıklanmış şeyler"", ""note"": ""Yorum, gizli olanı yalnız Rabbin bildiğini ve kula verilmiş bilginin sınırını işler; bu ayet gizli şeyleri Tanrı'ya, açıklanmış olanları ise Tora'yı yapmak üzere insana verir. Bilgi ile sorumluluğun sınırını keskinleştirir."", ""turn"": 1, ""model"": ""terra"", ""connection_id"": ""BC-2424324569c0303b8d05""}]"
WLC:Deut.30.14	strong	tevrat	motif	word near mouth and heart | ağızda ve yürekte çok yakın söz	The word is said to be near, in mouth and heart; this brings the commentary's public recitation and inwardly held word together in one scriptural formulation. | Yorum, açık ses ile göğüste korunan sözü ayırır; Tesniye sözü yapmak için insanın ağzına ve yüreğine çok yakın sayar. Aynı vahyi iç hafıza ve söylenen söz olarak iki yerde tutar.	87:7	"[{""line"": 59, ""strength"": ""medium"", ""tradition"": ""tevrat"", ""kind"": ""motif"", ""ref"": ""WLC:Deut.30.14"", ""basis"": ""word near mouth and heart"", ""note"": ""The word is said to be near, in mouth and heart; this brings the commentary's public recitation and inwardly held word together in one scriptural formulation."", ""turn"": 1, ""model"": ""luna"", ""connection_id"": ""BC-33f633edf3c8e826469f""}, {""line"": 89, ""strength"": ""strong"", ""tradition"": ""tevrat"", ""kind"": ""motif"", ""ref"": ""WLC:Deut.30.14"", ""basis"": ""ağızda ve yürekte çok yakın söz"", ""note"": ""Yorum, açık ses ile göğüste korunan sözü ayırır; Tesniye sözü yapmak için insanın ağzına ve yüreğine çok yakın sayar. Aynı vahyi iç hafıza ve söylenen söz olarak iki yerde tutar."", ""turn"": 2, ""model"": ""terra"", ""connection_id"": ""BC-e33b5034debd1aff43c4""}]"
WLC:Deut.31.19	strong	tevrat	motif	şarkıyı yazmak, öğretmek, ağızlara koymak	Yorumun okutma ve hatırda tutma sahnesine karşılık bu ayet Musa'ya şarkıyı yazmasını, İsrail'e öğretmesini ve onların ağzına koymasını buyurur. Yazı, öğretim ve sesli tekrar vahyin kalıcılığını birlikte taşır.	87:7	"[{""line"": 5, ""strength"": ""strong"", ""tradition"": ""tevrat"", ""kind"": ""motif"", ""ref"": ""WLC:Deut.31.19"", ""basis"": ""şarkıyı yazmak, öğretmek, ağızlara koymak"", ""note"": ""Yorumun okutma ve hatırda tutma sahnesine karşılık bu ayet Musa'ya şarkıyı yazmasını, İsrail'e öğretmesini ve onların ağzına koymasını buyurur. Yazı, öğretim ve sesli tekrar vahyin kalıcılığını birlikte taşır."", ""turn"": 1, ""model"": ""terra"", ""connection_id"": ""BC-3f37d8df3ea794a54e5c""}]"
WLC:Deut.31.21	strong	tevrat	motif	unutulmayan şarkı ve bilen Rab	Yorumun korunmuş okuma vaadine karşılık Musa'nın şarkısının kuşakların ağzından unutulmayacağı söylenir; aynı ayet Rabbin İsrail'in iç eğilimini önceden bildiğini ekler. Belleğin elde tutuluşunu bilen Tanrı'nın sözü olarak okur.	87:7	"[{""line"": 1, ""strength"": ""strong"", ""tradition"": ""tevrat"", ""kind"": ""motif"", ""ref"": ""WLC:Deut.31.21"", ""basis"": ""unutulmayan şarkı ve bilen Rab"", ""note"": ""Yorumun korunmuş okuma vaadine karşılık Musa'nın şarkısının kuşakların ağzından unutulmayacağı söylenir; aynı ayet Rabbin İsrail'in iç eğilimini önceden bildiğini ekler. Belleğin elde tutuluşunu bilen Tanrı'nın sözü olarak okur."", ""turn"": 1, ""model"": ""terra"", ""connection_id"": ""BC-e4d6c4d5474e234c1896""}]"
WLC:Deut.32.15	medium	tevrat	soydas	Allah adı ile İbranice Eloah	Yorum Allah adını kulluk edilen özel ad olarak öne çıkarır; bu ayetteki İbranice Eloah, Arapça Allah ile aynı Sami ad ailesindendir ve yaratıcı Tanrı'nın terk edilmesini anlatır. Yakın dilsel adı somut bir Tora kullanımında gösterir.	87:7	"[{""line"": 81, ""strength"": ""medium"", ""tradition"": ""tevrat"", ""kind"": ""soydas"", ""ref"": ""WLC:Deut.32.15"", ""basis"": ""Allah adı ile İbranice Eloah"", ""note"": ""Yorum Allah adını kulluk edilen özel ad olarak öne çıkarır; bu ayetteki İbranice Eloah, Arapça Allah ile aynı Sami ad ailesindendir ve yaratıcı Tanrı'nın terk edilmesini anlatır. Yakın dilsel adı somut bir Tora kullanımında gösterir."", ""turn"": 1, ""model"": ""terra"", ""connection_id"": ""BC-d9e334e4ac6c24bf50a0""}]"
WLC:Deut.32.2	strong	tevrat	motif	öğretiyi yağmur ve otla anlatmak	Yorum, okutulan söz ile surenin yağmurdan ota uzanan sahnesini birlikte okur; Musa öğretisinin yağmur gibi damlamasını, çimen üstündeki sağanak gibi inmesini diler. Söz, ses ve otlak imgesini aynı ayette bağlar.	87:7	"[{""line"": 50, ""strength"": ""strong"", ""tradition"": ""tevrat"", ""kind"": ""motif"", ""ref"": ""WLC:Deut.32.2"", ""basis"": ""öğretiyi yağmur ve otla anlatmak"", ""note"": ""Yorum, okutulan söz ile surenin yağmurdan ota uzanan sahnesini birlikte okur; Musa öğretisinin yağmur gibi damlamasını, çimen üstündeki sağanak gibi inmesini diler. Söz, ses ve otlak imgesini aynı ayette bağlar."", ""turn"": 1, ""model"": ""terra"", ""connection_id"": ""BC-142158ba02fc87621858""}]"
WLC:Deut.4.11	strong	tevrat	paralel	Horeb's fire, cloud, and darkness	Moses recalls Israel standing before a mountain of fire, cloud, and thick darkness; this is a specific Sinai setting beside the commentary's account of Moses and Israel confronting the limits of divine sight.	87:7	"[{""line"": 91, ""strength"": ""strong"", ""tradition"": ""tevrat"", ""kind"": ""paralel"", ""ref"": ""WLC:Deut.4.11"", ""basis"": ""Horeb's fire, cloud, and darkness"", ""note"": ""Moses recalls Israel standing before a mountain of fire, cloud, and thick darkness; this is a specific Sinai setting beside the commentary's account of Moses and Israel confronting the limits of divine sight."", ""turn"": 2, ""model"": ""luna"", ""connection_id"": ""BC-3ca5914b53794f273223""}]"
WLC:Deut.4.12	strong	tevrat	karsi_anlati|paralel	voice heard, no form seen | ateşten gelen ses, görünmeyen biçim	At Horeb Israel hears God's voice from the fire but sees no form; this makes the commentary's pairing of recited sound and restricted vision an explicit feature of the same revelation scene. | Yorum, açıkça görme isteğinin yıldırım ve görme sınırıyla karşılaşmasını işler; Horeb anlatısında İsrail ateşin içinden gelen sesi işitir fakat hiçbir biçim görmez. Görsel talep yerine işitilen vahyi öne çıkaran yakın bir karşı anlatıdır.	87:7	"[{""line"": 92, ""strength"": ""strong"", ""tradition"": ""tevrat"", ""kind"": ""paralel"", ""ref"": ""WLC:Deut.4.12"", ""basis"": ""voice heard, no form seen"", ""note"": ""At Horeb Israel hears God's voice from the fire but sees no form; this makes the commentary's pairing of recited sound and restricted vision an explicit feature of the same revelation scene."", ""turn"": 2, ""model"": ""luna"", ""connection_id"": ""BC-6e7c4a9cd7c19795f925""}, {""line"": 39, ""strength"": ""strong"", ""tradition"": ""tevrat"", ""kind"": ""karsi_anlati"", ""ref"": ""WLC:Deut.4.12"", ""basis"": ""ateşten gelen ses, görünmeyen biçim"", ""note"": ""Yorum, açıkça görme isteğinin yıldırım ve görme sınırıyla karşılaşmasını işler; Horeb anlatısında İsrail ateşin içinden gelen sesi işitir fakat hiçbir biçim görmez. Görsel talep yerine işitilen vahyi öne çıkaran yakın bir karşı anlatıdır."", ""turn"": 1, ""model"": ""terra"", ""connection_id"": ""BC-909d8e27ef2152cfec90""}]"
WLC:Deut.4.15	strong	tevrat	motif	no form and no image	Moses repeats that Israel saw no form and therefore must not make an image; beside Q 7:143, this gives a distinct scriptural consequence of a theophany without visible form.	87:7	"[{""line"": 93, ""strength"": ""strong"", ""tradition"": ""tevrat"", ""kind"": ""motif"", ""ref"": ""WLC:Deut.4.15"", ""basis"": ""no form and no image"", ""note"": ""Moses repeats that Israel saw no form and therefore must not make an image; beside Q 7:143, this gives a distinct scriptural consequence of a theophany without visible form."", ""turn"": 2, ""model"": ""luna"", ""connection_id"": ""BC-b1d52f524c69236c4032""}]"
WLC:Deut.4.2	medium	tevrat	motif	humans must not add or subtract	Israel is forbidden to add to or subtract from the commandments; beside the commentary's claim that God may remove or replace revelation, this distinguishes divine authority over a word from human tampering.	87:7	"[{""line"": 53, ""strength"": ""medium"", ""tradition"": ""tevrat"", ""kind"": ""motif"", ""ref"": ""WLC:Deut.4.2"", ""basis"": ""humans must not add or subtract"", ""note"": ""Israel is forbidden to add to or subtract from the commandments; beside the commentary's claim that God may remove or replace revelation, this distinguishes divine authority over a word from human tampering."", ""turn"": 1, ""model"": ""luna"", ""connection_id"": ""BC-5065038a2e41a96b3a79""}]"
WLC:Deut.4.33	medium	tevrat	karsi_anlati	ateşten konuşan Tanrı'yı duyup sağ kalmak	Yorum, açıklık talebinin insan için yıkıcı sınırını yıldırımla anlatır; Tesniye ateşin içinden konuşan yaşayan Tanrı'nın sesini işitip hayatta kalan halkı benzersiz sayar. Tehlikeli karşılaşma burada görmeden çok işitme üzerinden kurulur.	87:7	"[{""line"": 69, ""strength"": ""medium"", ""tradition"": ""tevrat"", ""kind"": ""karsi_anlati"", ""ref"": ""WLC:Deut.4.33"", ""basis"": ""ateşten konuşan Tanrı'yı duyup sağ kalmak"", ""note"": ""Yorum, açıklık talebinin insan için yıkıcı sınırını yıldırımla anlatır; Tesniye ateşin içinden konuşan yaşayan Tanrı'nın sesini işitip hayatta kalan halkı benzersiz sayar. Tehlikeli karşılaşma burada görmeden çok işitme üzerinden kurulur."", ""turn"": 1, ""model"": ""terra"", ""connection_id"": ""BC-533eb9b1d728a0942138""}]"
WLC:Deut.4.9	medium	tevrat	karsi_anlati	unutmama buyruğu ve insan görevi	Yorum, 87:6'daki unutmayışı emir değil Peygambere verilmiş haber sayar; Tesniye İsrail'e gördüklerini unutmaması ve çocuklarına öğretmesi için kendini koruma buyruğu verir. Aynı bellek alanında vaat ile insan sorumluluğunun farkını görünür kılar.	87:7	"[{""line"": 55, ""strength"": ""medium"", ""tradition"": ""tevrat"", ""kind"": ""karsi_anlati"", ""ref"": ""WLC:Deut.4.9"", ""basis"": ""unutmama buyruğu ve insan görevi"", ""note"": ""Yorum, 87:6'daki unutmayışı emir değil Peygambere verilmiş haber sayar; Tesniye İsrail'e gördüklerini unutmaması ve çocuklarına öğretmesi için kendini koruma buyruğu verir. Aynı bellek alanında vaat ile insan sorumluluğunun farkını görünür kılar."", ""turn"": 1, ""model"": ""terra"", ""connection_id"": ""BC-0ef64834d3497cfa34e7""}]"
WLC:Deut.5.24	strong	tevrat	karsi_anlati	Israel hears God and lives	The commentary contrasts Israel's demand to see God openly (Q 2:55) and the thunderbolt with Sinai's survivors saying they heard God speak from fire and lived; the different sensory demand changes the encounter.	87:7	"[{""line"": 4, ""strength"": ""strong"", ""tradition"": ""tevrat"", ""kind"": ""karsi_anlati"", ""ref"": ""WLC:Deut.5.24"", ""basis"": ""Israel hears God and lives"", ""note"": ""The commentary contrasts Israel's demand to see God openly (Q 2:55) and the thunderbolt with Sinai's survivors saying they heard God speak from fire and lived; the different sensory demand changes the encounter."", ""turn"": 1, ""model"": ""luna"", ""connection_id"": ""BC-b476df3ae043db155049""}]"
WLC:Deut.6.4	medium	tevrat	motif	Israel's confession of the one YHWH	The Shema names YHWH as Israel's one God; beside the commentary's emphasis on Allah's name at the exception clause, this gives a central Jewish liturgical confession to read alongside al-Fatiha.	87:7	"[{""line"": 115, ""strength"": ""medium"", ""tradition"": ""tevrat"", ""kind"": ""motif"", ""ref"": ""WLC:Deut.6.4"", ""basis"": ""Israel's confession of the one YHWH"", ""note"": ""The Shema names YHWH as Israel's one God; beside the commentary's emphasis on Allah's name at the exception clause, this gives a central Jewish liturgical confession to read alongside al-Fatiha."", ""turn"": 2, ""model"": ""luna"", ""connection_id"": ""BC-af297e6e9eb26e4e8087""}]"
WLC:Deut.6.5	medium	tevrat	motif	love YHWH with the whole heart	The Shema immediately commands love of YHWH with all heart, soul, and strength; this concretely joins the divine name to worshipful devotion as the commentary does.	87:7	"[{""line"": 116, ""strength"": ""medium"", ""tradition"": ""tevrat"", ""kind"": ""motif"", ""ref"": ""WLC:Deut.6.5"", ""basis"": ""love YHWH with the whole heart"", ""note"": ""The Shema immediately commands love of YHWH with all heart, soul, and strength; this concretely joins the divine name to worshipful devotion as the commentary does."", ""turn"": 2, ""model"": ""luna"", ""connection_id"": ""BC-ce50be3c4c495cdc01dd""}]"
WLC:Deut.6.6	strong	tevrat	motif	words set upon the heart | buyrukların yürekte bulunması	Moses says these words are to be upon Israel's heart; this concretely parallels the commentary's word held inwardly before it is voiced or remembered. | Yorumdaki göğüste toplanan, henüz dile gelmeyen söz için bu ayet buyrukların yürek üzerinde olmasını ister. Dış ses ile içte korunan söz arasındaki ayrım için doğrudan bir Tora karşılığı verir.	87:7	"[{""line"": 58, ""strength"": ""medium"", ""tradition"": ""tevrat"", ""kind"": ""motif"", ""ref"": ""WLC:Deut.6.6"", ""basis"": ""words set upon the heart"", ""note"": ""Moses says these words are to be upon Israel's heart; this concretely parallels the commentary's word held inwardly before it is voiced or remembered."", ""turn"": 1, ""model"": ""luna"", ""connection_id"": ""BC-506283ad803a11ff7453""}, {""line"": 6, ""strength"": ""strong"", ""tradition"": ""tevrat"", ""kind"": ""motif"", ""ref"": ""WLC:Deut.6.6"", ""basis"": ""buyrukların yürekte bulunması"", ""note"": ""Yorumdaki göğüste toplanan, henüz dile gelmeyen söz için bu ayet buyrukların yürek üzerinde olmasını ister. Dış ses ile içte korunan söz arasındaki ayrım için doğrudan bir Tora karşılığı verir."", ""turn"": 1, ""model"": ""terra"", ""connection_id"": ""BC-beef1159cdbeff7432c4""}]"
WLC:Eccl.12.14	strong	tevrat	motif	every secret thing judged | gizli her işin yargıya getirilmesi	Ecclesiastes says God brings every work, including every hidden thing, into judgment; this extends the commentary's claim that hidden matters remain known to a concrete judgment scene. | Yorum, ortaya çıkma gününde gizli hiçbir şeyin saklı kalmadığını anlatır; Vaiz Tanrı'nın iyi ya da kötü her gizli işi yargıya getireceğini söyler. Gizlinin eskatolojik açılması bakımından yakın bir motiftir.	87:7	"[{""line"": 101, ""strength"": ""strong"", ""tradition"": ""tevrat"", ""kind"": ""motif"", ""ref"": ""WLC:Eccl.12.14"", ""basis"": ""every secret thing judged"", ""note"": ""Ecclesiastes says God brings every work, including every hidden thing, into judgment; this extends the commentary's claim that hidden matters remain known to a concrete judgment scene."", ""turn"": 2, ""model"": ""luna"", ""connection_id"": ""BC-c59e9b39238078683182""}, {""line"": 26, ""strength"": ""strong"", ""tradition"": ""tevrat"", ""kind"": ""motif"", ""ref"": ""WLC:Eccl.12.14"", ""basis"": ""gizli her işin yargıya getirilmesi"", ""note"": ""Yorum, ortaya çıkma gününde gizli hiçbir şeyin saklı kalmadığını anlatır; Vaiz Tanrı'nın iyi ya da kötü her gizli işi yargıya getireceğini söyler. Gizlinin eskatolojik açılması bakımından yakın bir motiftir."", ""turn"": 1, ""model"": ""terra"", ""connection_id"": ""BC-52d4d81c081fe423fd4a""}]"
WLC:Exod.17.14	strong	tevrat	motif	yazılan anı ve silinecek hatıra	Yorumdaki dileyenin bazı şeyi unutturma ya da yerinde bırakma yetkisine karşılık Rab bu ayette savaşı kitapta anı olarak yazdırır ve Amalek'in hatırasını silmeyi bildirir. Aynı cümlede kayıt, kulakla tekrar ve ilahî silme yan yanadır.	87:7	"[{""line"": 11, ""strength"": ""strong"", ""tradition"": ""tevrat"", ""kind"": ""motif"", ""ref"": ""WLC:Exod.17.14"", ""basis"": ""yazılan anı ve silinecek hatıra"", ""note"": ""Yorumdaki dileyenin bazı şeyi unutturma ya da yerinde bırakma yetkisine karşılık Rab bu ayette savaşı kitapta anı olarak yazdırır ve Amalek'in hatırasını silmeyi bildirir. Aynı cümlede kayıt, kulakla tekrar ve ilahî silme yan yanadır."", ""turn"": 1, ""model"": ""terra"", ""connection_id"": ""BC-7978a0dd51fd8b04ddce""}]"
WLC:Exod.20.18	medium	tevrat	paralel	şimşek karşısında titreyen halk	Yorum, Musa topluluğunun açıkça görme isteğinin yıldırımla karşılaşmasını anlatır; Sina'da halk gök gürültülerini, şimşekleri, boru sesini ve dumanlı dağı görüp titrer. Görünür teofani ile insan korkusunun ortak sahnesidir.	87:7	"[{""line"": 68, ""strength"": ""medium"", ""tradition"": ""tevrat"", ""kind"": ""paralel"", ""ref"": ""WLC:Exod.20.18"", ""basis"": ""şimşek karşısında titreyen halk"", ""note"": ""Yorum, Musa topluluğunun açıkça görme isteğinin yıldırımla karşılaşmasını anlatır; Sina'da halk gök gürültülerini, şimşekleri, boru sesini ve dumanlı dağı görüp titrer. Görünür teofani ile insan korkusunun ortak sahnesidir."", ""turn"": 1, ""model"": ""terra"", ""connection_id"": ""BC-767b58183f40bf2eb70e""}]"
WLC:Exod.20.21	strong	tevrat	motif	Moses enters God's thick darkness	While the people stand at a distance, Moses approaches the thick darkness where God is; this makes hiddenness the setting of direct encounter, complementing the commentary's open/hidden knowledge pair.	87:7	"[{""line"": 94, ""strength"": ""strong"", ""tradition"": ""tevrat"", ""kind"": ""motif"", ""ref"": ""WLC:Exod.20.21"", ""basis"": ""Moses enters God's thick darkness"", ""note"": ""While the people stand at a distance, Moses approaches the thick darkness where God is; this makes hiddenness the setting of direct encounter, complementing the commentary's open/hidden knowledge pair."", ""turn"": 2, ""model"": ""luna"", ""connection_id"": ""BC-e06034f67aec183c7c90""}]"
WLC:Exod.3.15	strong	tevrat	motif	name as memorial through generations | isim ve kuşaklar boyunca anılma	God gives Moses His name as a memorial through generations; this complements the commentary's claim that the divine name at the ayah's hinge belongs to worship and remembrance, not impersonal fate. | Yorum, Allah adını unutma-hatırlama sınırının sahibine bağlar; Musa'ya açıklanan ad için “bu benim adım” ve “kuşaklar boyunca anılışım” denir. İlâhî adın ibadet eden topluluğun hatırlamasında kalışını ekler.	87:7	"[{""line"": 114, ""strength"": ""medium"", ""tradition"": ""tevrat"", ""kind"": ""motif"", ""ref"": ""WLC:Exod.3.15"", ""basis"": ""name as memorial through generations"", ""note"": ""God gives Moses His name as a memorial through generations; this complements the commentary's claim that the divine name at the ayah's hinge belongs to worship and remembrance, not impersonal fate."", ""turn"": 2, ""model"": ""luna"", ""connection_id"": ""BC-9df34e00743feb035915""}, {""line"": 54, ""strength"": ""strong"", ""tradition"": ""tevrat"", ""kind"": ""motif"", ""ref"": ""WLC:Exod.3.15"", ""basis"": ""isim ve kuşaklar boyunca anılma"", ""note"": ""Yorum, Allah adını unutma-hatırlama sınırının sahibine bağlar; Musa'ya açıklanan ad için “bu benim adım” ve “kuşaklar boyunca anılışım” denir. İlâhî adın ibadet eden topluluğun hatırlamasında kalışını ekler."", ""turn"": 1, ""model"": ""terra"", ""connection_id"": ""BC-b3ad4fac7bd57996aaa3""}]"
WLC:Exod.33.11	medium	tevrat	karsi_anlati	Musa ile yüz yüze konuşma formülü	Yorum Musa'nın Tanrı'yı görme isteğini insan gözünün sınırıyla anlatır; Çıkış başka bir bağlamda Rabbin Musa'yla bir dostla konuşur gibi yüz yüze konuştuğunu söyler. Görme yasağı ile yakın konuşma formülünün ayrımını incelemeyi gerektirir.	87:7	"[{""line"": 115, ""strength"": ""medium"", ""tradition"": ""tevrat"", ""kind"": ""karsi_anlati"", ""ref"": ""WLC:Exod.33.11"", ""basis"": ""Musa ile yüz yüze konuşma formülü"", ""note"": ""Yorum Musa'nın Tanrı'yı görme isteğini insan gözünün sınırıyla anlatır; Çıkış başka bir bağlamda Rabbin Musa'yla bir dostla konuşur gibi yüz yüze konuştuğunu söyler. Görme yasağı ile yakın konuşma formülünün ayrımını incelemeyi gerektirir."", ""turn"": 2, ""model"": ""terra"", ""connection_id"": ""BC-32f17f829f48cef12963""}]"
WLC:Exod.33.18	strong	tevrat	paralel	Moses asks to see divine glory	The commentary's Moses asks his Lord to show Himself at the appointed meeting (Q 7:143); here Moses asks YHWH to show him divine glory, making the mountain encounter a direct scene for comparison.	87:7	"[{""line"": 1, ""strength"": ""strong"", ""tradition"": ""tevrat"", ""kind"": ""paralel"", ""ref"": ""WLC:Exod.33.18"", ""basis"": ""Moses asks to see divine glory"", ""note"": ""The commentary's Moses asks his Lord to show Himself at the appointed meeting (Q 7:143); here Moses asks YHWH to show him divine glory, making the mountain encounter a direct scene for comparison."", ""turn"": 1, ""model"": ""luna"", ""connection_id"": ""BC-8ca06a9bfbd4967f12d5""}]"
WLC:Exod.33.20	strong	tevrat	karsi_anlati|paralel	seeing God's face and surviving | insanın Tanrı'nın yüzünü görememesi	The commentary stresses that Moses is told he will not see God and then falls when the mountain is shattered; Exodus says no human can see God's face and live, framing the same sight-limit with a different outcome. | Yorum Musa'nın görme isteğinde insan gözünün sınırını dağın dayanamayışıyla anlatır; bu ayette Rab insanın yüzünü görüp yaşayamayacağını söyler. Aynı Musa geleneğinde görünürlük sınırı farklı sahne ayrıntılarıyla kurulur.	87:7	"[{""line"": 2, ""strength"": ""strong"", ""tradition"": ""tevrat"", ""kind"": ""karsi_anlati"", ""ref"": ""WLC:Exod.33.20"", ""basis"": ""seeing God's face and surviving"", ""note"": ""The commentary stresses that Moses is told he will not see God and then falls when the mountain is shattered; Exodus says no human can see God's face and live, framing the same sight-limit with a different outcome."", ""turn"": 1, ""model"": ""luna"", ""connection_id"": ""BC-4922306cb0cbb82c0f1a""}, {""line"": 38, ""strength"": ""strong"", ""tradition"": ""tevrat"", ""kind"": ""paralel"", ""ref"": ""WLC:Exod.33.20"", ""basis"": ""insanın Tanrı'nın yüzünü görememesi"", ""note"": ""Yorum Musa'nın görme isteğinde insan gözünün sınırını dağın dayanamayışıyla anlatır; bu ayette Rab insanın yüzünü görüp yaşayamayacağını söyler. Aynı Musa geleneğinde görünürlük sınırı farklı sahne ayrıntılarıyla kurulur."", ""turn"": 1, ""model"": ""terra"", ""connection_id"": ""BC-e72fe7a130297f2a87d1""}]"
WLC:Exod.33.23	strong	tevrat	karsi_anlati	back but not face	After shielding Moses, God lets him see the divine back while withholding the face; the Qur'anic scene in the commentary instead leaves Moses stunned before the flattened mountain, a distinct account of bounded sight.	87:7	"[{""line"": 3, ""strength"": ""strong"", ""tradition"": ""tevrat"", ""kind"": ""karsi_anlati"", ""ref"": ""WLC:Exod.33.23"", ""basis"": ""back but not face"", ""note"": ""After shielding Moses, God lets him see the divine back while withholding the face; the Qur'anic scene in the commentary instead leaves Moses stunned before the flattened mountain, a distinct account of bounded sight."", ""turn"": 1, ""model"": ""luna"", ""connection_id"": ""BC-96cf98023dd5075bdaf3""}]"
WLC:Exod.34.1	medium	tevrat	motif	kırılmış levhalardaki sözlerin yeniden yazılması	Yorum, verilen vahyin dileyenin elinde kalışını ve değişme ihtimalini tartışır; Rab Musa'ya ilk kırılan levhalardaki sözleri yeniden yazacağını söyler. Kaybolan maddî yazının ilahî iradeyle yenilenmesi yakın bir metin sahnesidir.	87:7	"[{""line"": 58, ""strength"": ""medium"", ""tradition"": ""tevrat"", ""kind"": ""motif"", ""ref"": ""WLC:Exod.34.1"", ""basis"": ""kırılmış levhalardaki sözlerin yeniden yazılması"", ""note"": ""Yorum, verilen vahyin dileyenin elinde kalışını ve değişme ihtimalini tartışır; Rab Musa'ya ilk kırılan levhalardaki sözleri yeniden yazacağını söyler. Kaybolan maddî yazının ilahî iradeyle yenilenmesi yakın bir metin sahnesidir."", ""turn"": 1, ""model"": ""terra"", ""connection_id"": ""BC-b192587109af2f9d6eea""}]"
WLC:Exod.34.29	medium	tevrat	motif	radiant face after speaking with God	Moses' face shines after speaking with YHWH; the scene gives a concrete biblical instance of divine encounter exceeding ordinary sight, beside the commentary's sun-glare and human visual limit.	87:7	"[{""line"": 62, ""strength"": ""medium"", ""tradition"": ""tevrat"", ""kind"": ""motif"", ""ref"": ""WLC:Exod.34.29"", ""basis"": ""radiant face after speaking with God"", ""note"": ""Moses' face shines after speaking with YHWH; the scene gives a concrete biblical instance of divine encounter exceeding ordinary sight, beside the commentary's sun-glare and human visual limit."", ""turn"": 1, ""model"": ""luna"", ""connection_id"": ""BC-ab7c6c7da238bb19165a""}]"
WLC:Exod.34.33	medium	tevrat	motif	Moses veils his shining face	Moses covers his face after delivering God's words; this joins the commentary's veil/visibility imagery to the spoken revelation Moses carries.	87:7	"[{""line"": 63, ""strength"": ""medium"", ""tradition"": ""tevrat"", ""kind"": ""motif"", ""ref"": ""WLC:Exod.34.33"", ""basis"": ""Moses veils his shining face"", ""note"": ""Moses covers his face after delivering God's words; this joins the commentary's veil/visibility imagery to the spoken revelation Moses carries."", ""turn"": 1, ""model"": ""luna"", ""connection_id"": ""BC-58e4655d908a5809bfc5""}]"
WLC:Exod.4.12	strong	tevrat	paralel	ağızla birlikte olan ve söylemeyi öğreten Tanrı	Yorum, Peygambere okumanın emredilmiş bir görevden çok verilmiş bir vaat olduğunu söyler; Musa'ya Rab ağzıyla birlikte olacağını ve ne söyleyeceğini öğreteceğini vaat eder. Konuşma yetisinin ilahî öğretime bağlılığı doğrudandır.	87:7	"[{""line"": 86, ""strength"": ""strong"", ""tradition"": ""tevrat"", ""kind"": ""paralel"", ""ref"": ""WLC:Exod.4.12"", ""basis"": ""ağızla birlikte olan ve söylemeyi öğreten Tanrı"", ""note"": ""Yorum, Peygambere okumanın emredilmiş bir görevden çok verilmiş bir vaat olduğunu söyler; Musa'ya Rab ağzıyla birlikte olacağını ve ne söyleyeceğini öğreteceğini vaat eder. Konuşma yetisinin ilahî öğretime bağlılığı doğrudandır."", ""turn"": 2, ""model"": ""terra"", ""connection_id"": ""BC-10b00fd3660231512a5c""}]"
WLC:Ezek.11.5	strong	tevrat	motif	God knows what comes to mind	YHWH says He knows what comes into the people's minds; this is a direct counterpart to the commentary's unspoken contents of the heart being within divine knowledge.	87:7	"[{""line"": 100, ""strength"": ""strong"", ""tradition"": ""tevrat"", ""kind"": ""motif"", ""ref"": ""WLC:Ezek.11.5"", ""basis"": ""God knows what comes to mind"", ""note"": ""YHWH says He knows what comes into the people's minds; this is a direct counterpart to the commentary's unspoken contents of the heart being within divine knowledge."", ""turn"": 2, ""model"": ""luna"", ""connection_id"": ""BC-1a9d4436652441218988""}]"
WLC:Ezek.3.3	strong	tevrat	motif	prophet eats the scroll | yenilen tomarla içe alınan söz	Ezekiel eats the scroll and it becomes sweet in his mouth; this gives bodily form to the commentary's image of revelation taken into the prophet and held within. | Yorum, okutulan sözün göğüste bir kuyu suyu gibi durması imgesini kurar; Hezekiel tomarı yiyip karnını doldurur ve söz ona bal gibi tatlı gelir. Vahyin dış nesneden içte tutulan şeye dönüşmesi somuttur.	87:7	"[{""line"": 61, ""strength"": ""medium"", ""tradition"": ""tevrat"", ""kind"": ""motif"", ""ref"": ""WLC:Ezek.3.3"", ""basis"": ""prophet eats the scroll"", ""note"": ""Ezekiel eats the scroll and it becomes sweet in his mouth; this gives bodily form to the commentary's image of revelation taken into the prophet and held within."", ""turn"": 1, ""model"": ""luna"", ""connection_id"": ""BC-1d3c8ff30f183b562f92""}, {""line"": 96, ""strength"": ""strong"", ""tradition"": ""tevrat"", ""kind"": ""motif"", ""ref"": ""WLC:Ezek.3.3"", ""basis"": ""yenilen tomarla içe alınan söz"", ""note"": ""Yorum, okutulan sözün göğüste bir kuyu suyu gibi durması imgesini kurar; Hezekiel tomarı yiyip karnını doldurur ve söz ona bal gibi tatlı gelir. Vahyin dış nesneden içte tutulan şeye dönüşmesi somuttur."", ""turn"": 2, ""model"": ""terra"", ""connection_id"": ""BC-7e921292329596986810""}]"
WLC:Ezek.8.12	strong	tevrat	motif	elders think God does not see	In Ezekiel's vision, elders worship in hidden rooms and say YHWH does not see them; the scene supplies a concrete false belief that the commentary's open/hidden knowledge claim overturns.	87:7	"[{""line"": 99, ""strength"": ""strong"", ""tradition"": ""tevrat"", ""kind"": ""motif"", ""ref"": ""WLC:Ezek.8.12"", ""basis"": ""elders think God does not see"", ""note"": ""In Ezekiel's vision, elders worship in hidden rooms and say YHWH does not see them; the scene supplies a concrete false belief that the commentary's open/hidden knowledge claim overturns."", ""turn"": 2, ""model"": ""luna"", ""connection_id"": ""BC-1cc93dedce8d70871d98""}]"
WLC:Gen.18.12	strong	tevrat	motif	unspoken laughter within Sarah	Sarah laughs inwardly at the promise of a child; the commentary says the hidden thing may remain concealed even from its bearer, so this scene gives that claim a concrete human instance.	87:7	"[{""line"": 5, ""strength"": ""strong"", ""tradition"": ""tevrat"", ""kind"": ""motif"", ""ref"": ""WLC:Gen.18.12"", ""basis"": ""unspoken laughter within Sarah"", ""note"": ""Sarah laughs inwardly at the promise of a child; the commentary says the hidden thing may remain concealed even from its bearer, so this scene gives that claim a concrete human instance."", ""turn"": 1, ""model"": ""luna"", ""connection_id"": ""BC-483a835ac62743314f39""}]"
WLC:Gen.18.13	strong	tevrat	motif	God names Sarah's inward thought	YHWH asks Abraham why Sarah laughed and repeats her unspoken thought; this exemplifies the commentary's claim that what stays inside a person is still known by God.	87:7	"[{""line"": 6, ""strength"": ""strong"", ""tradition"": ""tevrat"", ""kind"": ""motif"", ""ref"": ""WLC:Gen.18.13"", ""basis"": ""God names Sarah's inward thought"", ""note"": ""YHWH asks Abraham why Sarah laughed and repeats her unspoken thought; this exemplifies the commentary's claim that what stays inside a person is still known by God."", ""turn"": 1, ""model"": ""luna"", ""connection_id"": ""BC-2cdd7b6f35f7f6b8177a""}]"
WLC:Gen.18.17	strong	tevrat	motif	İbrahim'den saklanmayan ilahî iş	Yorumda gizliyi bilen Rab dilerse onu açığa çıkarır; Sodom bağlamında Rab yapacağı şeyi İbrahim'den gizleyip gizlemeyeceğini sorar. Gizli ilahî kararın seçilmiş bir muhataba bildirilmesi için anlatısal bir eşliktir.	87:7	"[{""line"": 91, ""strength"": ""strong"", ""tradition"": ""tevrat"", ""kind"": ""motif"", ""ref"": ""WLC:Gen.18.17"", ""basis"": ""İbrahim'den saklanmayan ilahî iş"", ""note"": ""Yorumda gizliyi bilen Rab dilerse onu açığa çıkarır; Sodom bağlamında Rab yapacağı şeyi İbrahim'den gizleyip gizlemeyeceğini sorar. Gizli ilahî kararın seçilmiş bir muhataba bildirilmesi için anlatısal bir eşliktir."", ""turn"": 2, ""model"": ""terra"", ""connection_id"": ""BC-686f4315c020a88aeb61""}]"
WLC:Gen.21.19	strong	tevrat	motif	açılan göz ve görünen su kuyusu	Yorumda gizli kalan şey bilen dilediğinde yer üstüne çıkar; Hacer'in gözlerini Tanrı açınca önünde bir su kuyusu görür. Kuyunun var olduğu hâlde görülmez oluşu ve görmeye açılması özellikle yakındır.	87:7	"[{""line"": 49, ""strength"": ""strong"", ""tradition"": ""tevrat"", ""kind"": ""motif"", ""ref"": ""WLC:Gen.21.19"", ""basis"": ""açılan göz ve görünen su kuyusu"", ""note"": ""Yorumda gizli kalan şey bilen dilediğinde yer üstüne çıkar; Hacer'in gözlerini Tanrı açınca önünde bir su kuyusu görür. Kuyunun var olduğu hâlde görülmez oluşu ve görmeye açılması özellikle yakındır."", ""turn"": 1, ""model"": ""terra"", ""connection_id"": ""BC-e6fb1cdcb2f0fafb88af""}]"
WLC:Gen.26.18	strong	tevrat	motif	tıkanmış kuyuların yeniden kazılması	Yorum, çamurun örttüğü kuyudan suyun yeniden görünmesini unutma ve hatırlama için imge yapar; İshak Filistlilerin kapattığı su kuyularını yeniden kazar. Örtülmüş suyun insan eliyle tekrar açılması aynı somut sahnedir.	87:7	"[{""line"": 48, ""strength"": ""strong"", ""tradition"": ""tevrat"", ""kind"": ""motif"", ""ref"": ""WLC:Gen.26.18"", ""basis"": ""tıkanmış kuyuların yeniden kazılması"", ""note"": ""Yorum, çamurun örttüğü kuyudan suyun yeniden görünmesini unutma ve hatırlama için imge yapar; İshak Filistlilerin kapattığı su kuyularını yeniden kazar. Örtülmüş suyun insan eliyle tekrar açılması aynı somut sahnedir."", ""turn"": 1, ""model"": ""terra"", ""connection_id"": ""BC-c8c1cebdb838a6c615d4""}]"
WLC:Gen.29.2	medium	tevrat	motif	stone-covered well mouth	Jacob finds a well whose mouth is covered by a large stone; this gives a concrete biblical object for the commentary's well whose water is hidden beneath a covering.	87:7	"[{""line"": 48, ""strength"": ""medium"", ""tradition"": ""tevrat"", ""kind"": ""motif"", ""ref"": ""WLC:Gen.29.2"", ""basis"": ""stone-covered well mouth"", ""note"": ""Jacob finds a well whose mouth is covered by a large stone; this gives a concrete biblical object for the commentary's well whose water is hidden beneath a covering."", ""turn"": 1, ""model"": ""luna"", ""connection_id"": ""BC-aefd7d3646d0ffb565d0""}]"
WLC:Gen.29.3	strong	tevrat	motif	cover removed to draw water | kuyu ağzındaki taşın kaldırılması	The shepherds roll the stone away and water the flock; this matches the commentary's image of removing a covering so concealed well-water becomes available. | Yorum, çamurun örttüğü kuyudan suyun yeniden görünmesini hatırlama imgesine dönüştürür; Yakup anlatısında sürüler toplanınca kuyu ağzındaki taş yuvarlanır ve hayvanlar sulanır. Örtülü suya erişme sahnesi ayrı bir somut karşılıktır.	87:7	"[{""line"": 49, ""strength"": ""medium"", ""tradition"": ""tevrat"", ""kind"": ""motif"", ""ref"": ""WLC:Gen.29.3"", ""basis"": ""cover removed to draw water"", ""note"": ""The shepherds roll the stone away and water the flock; this matches the commentary's image of removing a covering so concealed well-water becomes available."", ""turn"": 1, ""model"": ""luna"", ""connection_id"": ""BC-de01acd4d2803594f21e""}, {""line"": 103, ""strength"": ""strong"", ""tradition"": ""tevrat"", ""kind"": ""motif"", ""ref"": ""WLC:Gen.29.3"", ""basis"": ""kuyu ağzındaki taşın kaldırılması"", ""note"": ""Yorum, çamurun örttüğü kuyudan suyun yeniden görünmesini hatırlama imgesine dönüştürür; Yakup anlatısında sürüler toplanınca kuyu ağzındaki taş yuvarlanır ve hayvanlar sulanır. Örtülü suya erişme sahnesi ayrı bir somut karşılıktır."", ""turn"": 2, ""model"": ""terra"", ""connection_id"": ""BC-2c00baa4160674b64056""}]"
WLC:Gen.32.30	weak	tevrat	motif	Jacob says he saw God and lived	Jacob names Peniel because he saw God face to face and his life was spared, a specific counterpoint to the commentary's Moses scene; the opponent's identity and the meaning of seeing God remain ambiguous in Genesis.	87:7	"[{""line"": 90, ""strength"": ""weak"", ""tradition"": ""tevrat"", ""kind"": ""motif"", ""ref"": ""WLC:Gen.32.30"", ""basis"": ""Jacob says he saw God and lived"", ""note"": ""Jacob names Peniel because he saw God face to face and his life was spared, a specific counterpoint to the commentary's Moses scene; the opponent's identity and the meaning of seeing God remain ambiguous in Genesis."", ""turn"": 1, ""model"": ""luna"", ""connection_id"": ""BC-7d278a235287d62ea4cd""}]"
WLC:Gen.32.31	medium	tevrat	karsi_anlati	Yakup'un yüz yüze görüp yaşaması	Yorumda yüz yüze görme talebi yıldırım ve bayılma sınırına varır; Yakup Peniel adını Tanrı'yı yüz yüze görüp canının kurtulmasına bağlar. Farklı anlatıdaki hayatta kalma sonucu karşı okuma sağlar.	87:7	"[{""line"": 117, ""strength"": ""medium"", ""tradition"": ""tevrat"", ""kind"": ""karsi_anlati"", ""ref"": ""WLC:Gen.32.31"", ""basis"": ""Yakup'un yüz yüze görüp yaşaması"", ""note"": ""Yorumda yüz yüze görme talebi yıldırım ve bayılma sınırına varır; Yakup Peniel adını Tanrı'yı yüz yüze görüp canının kurtulmasına bağlar. Farklı anlatıdaki hayatta kalma sonucu karşı okuma sağlar."", ""turn"": 2, ""model"": ""terra"", ""connection_id"": ""BC-288fe6e5d3501d8d2961""}]"
WLC:Gen.9.13	medium	tevrat	motif	rainbow as covenant sign	God sets the rainbow as a sign of the covenant; beside the commentary's claim that divine knowledge needs no visible marker, this gives a concrete biblical role for a sign.	87:7	"[{""line"": 50, ""strength"": ""medium"", ""tradition"": ""tevrat"", ""kind"": ""motif"", ""ref"": ""WLC:Gen.9.13"", ""basis"": ""rainbow as covenant sign"", ""note"": ""God sets the rainbow as a sign of the covenant; beside the commentary's claim that divine knowledge needs no visible marker, this gives a concrete biblical role for a sign."", ""turn"": 1, ""model"": ""luna"", ""connection_id"": ""BC-a690465d1ebde05e1304""}]"
WLC:Gen.9.16	medium	tevrat	motif	God sees the sign and remembers	The text says God will see the bow and remember the everlasting covenant; this differs from the commentary's account of knowledge needing no landmark, without requiring that Genesis portray God as forgetful.	87:7	"[{""line"": 51, ""strength"": ""medium"", ""tradition"": ""tevrat"", ""kind"": ""motif"", ""ref"": ""WLC:Gen.9.16"", ""basis"": ""God sees the sign and remembers"", ""note"": ""The text says God will see the bow and remember the everlasting covenant; this differs from the commentary's account of knowledge needing no landmark, without requiring that Genesis portray God as forgetful."", ""turn"": 1, ""model"": ""luna"", ""connection_id"": ""BC-8018c78a2b05f15947af""}]"
WLC:Hab.2.2	strong	tevrat	motif	görünenin yazılıp okunur kılınması	Yorumun okutma, sözün kalması ve açık olma eksenine karşılık Rab, Habakkuk'a görümü yazıp levhalara açıkça kazımasını, okuyanın koşabilmesini buyurur. Görümün saklı tecrübeden kamusal ve kalıcı yazıya geçişini verir.	87:7	"[{""line"": 95, ""strength"": ""strong"", ""tradition"": ""tevrat"", ""kind"": ""motif"", ""ref"": ""WLC:Hab.2.2"", ""basis"": ""görünenin yazılıp okunur kılınması"", ""note"": ""Yorumun okutma, sözün kalması ve açık olma eksenine karşılık Rab, Habakkuk'a görümü yazıp levhalara açıkça kazımasını, okuyanın koşabilmesini buyurur. Görümün saklı tecrübeden kamusal ve kalıcı yazıya geçişini verir."", ""turn"": 2, ""model"": ""terra"", ""connection_id"": ""BC-1c229df70e28fefabe3d""}]"
WLC:Isa.29.15	strong	tevrat	motif	plans hidden from YHWH | karanlıkta saklanan tasarıyı gören Rab	The people hide their counsel in darkness and ask who sees them; this is a direct prophetic example of the concealment the commentary says cannot remove anything from divine knowledge. | Yorumdaki insanın gizlediği ya da kendinden bile saklı iç söz için İşaya, tasarısını Rabden derine saklayan ve karanlıkta iş görenleri anlatır. Metin onların “kim görüyor” sorusunu ilahî bilginin karşısına koyar.	87:7	"[{""line"": 95, ""strength"": ""strong"", ""tradition"": ""tevrat"", ""kind"": ""motif"", ""ref"": ""WLC:Isa.29.15"", ""basis"": ""plans hidden from YHWH"", ""note"": ""The people hide their counsel in darkness and ask who sees them; this is a direct prophetic example of the concealment the commentary says cannot remove anything from divine knowledge."", ""turn"": 2, ""model"": ""luna"", ""connection_id"": ""BC-909a696c95d91b8a7cc5""}, {""line"": 24, ""strength"": ""strong"", ""tradition"": ""tevrat"", ""kind"": ""motif"", ""ref"": ""WLC:Isa.29.15"", ""basis"": ""karanlıkta saklanan tasarıyı gören Rab"", ""note"": ""Yorumdaki insanın gizlediği ya da kendinden bile saklı iç söz için İşaya, tasarısını Rabden derine saklayan ve karanlıkta iş görenleri anlatır. Metin onların “kim görüyor” sorusunu ilahî bilginin karşısına koyar."", ""turn"": 1, ""model"": ""terra"", ""connection_id"": ""BC-3d3a71329e4175163247""}]"
WLC:Isa.40.8	medium	tevrat	motif	God's word stands forever	The prophet contrasts withering grass and fading flowers with God's enduring word; this is a direct permanence counterpart to the commentary's assurance that the given recitation remains by divine will.	87:7	"[{""line"": 54, ""strength"": ""medium"", ""tradition"": ""tevrat"", ""kind"": ""motif"", ""ref"": ""WLC:Isa.40.8"", ""basis"": ""God's word stands forever"", ""note"": ""The prophet contrasts withering grass and fading flowers with God's enduring word; this is a direct permanence counterpart to the commentary's assurance that the given recitation remains by divine will."", ""turn"": 1, ""model"": ""luna"", ""connection_id"": ""BC-8efa8b6ff0bcea55c1d2""}]"
WLC:Isa.42.8	strong	tevrat	motif	başkasıyla paylaşılmayan ilahî ad	Yorum, surede tek geçen Allah adının kulluk edilen ve adaşı olmayan sahibini işaretlediğini söyler; İşaya'da Rab kendi adını bildirir ve yüceliğini başkasına vermeyeceğini ilan eder. Özel ad ile eşsiz ibadet hakkı arasındaki bağı taşır.	87:7	"[{""line"": 53, ""strength"": ""strong"", ""tradition"": ""tevrat"", ""kind"": ""motif"", ""ref"": ""WLC:Isa.42.8"", ""basis"": ""başkasıyla paylaşılmayan ilahî ad"", ""note"": ""Yorum, surede tek geçen Allah adının kulluk edilen ve adaşı olmayan sahibini işaretlediğini söyler; İşaya'da Rab kendi adını bildirir ve yüceliğini başkasına vermeyeceğini ilan eder. Özel ad ile eşsiz ibadet hakkı arasındaki bağı taşır."", ""turn"": 1, ""model"": ""terra"", ""connection_id"": ""BC-21ed36a0830732fa64ee""}]"
WLC:Isa.43.25	medium	tevrat	motif	Tanrı'nın dileyerek günahı anmaması	Yorum, istisnanın bazı şeyi ilahî isteme altında unutturabilmesini tartışır; İşaya Tanrı'nın günahları kendi uğruna silip onları anmayacağını söyler. Unutmanın vahiy değil suç bağlamındaki seçici ilahî biçimini ayırt etmeyi sağlar.	87:7	"[{""line"": 78, ""strength"": ""medium"", ""tradition"": ""tevrat"", ""kind"": ""motif"", ""ref"": ""WLC:Isa.43.25"", ""basis"": ""Tanrı'nın dileyerek günahı anmaması"", ""note"": ""Yorum, istisnanın bazı şeyi ilahî isteme altında unutturabilmesini tartışır; İşaya Tanrı'nın günahları kendi uğruna silip onları anmayacağını söyler. Unutmanın vahiy değil suç bağlamındaki seçici ilahî biçimini ayırt etmeyi sağlar."", ""turn"": 1, ""model"": ""terra"", ""connection_id"": ""BC-49f4e081cdb31510f610""}]"
WLC:Isa.44.21	medium	tevrat	motif	Tanrı tarafından unutulmayan kul	Yorumda hafıza kulun mülkü değil verende duran bir bağıştır; İşaya'da Tanrı biçim verdiği İsrail'e kendisi tarafından unutulmayacağını söyler. Unutmamanın öznesini insan değil Tanrı yapar.	87:7	"[{""line"": 62, ""strength"": ""medium"", ""tradition"": ""tevrat"", ""kind"": ""motif"", ""ref"": ""WLC:Isa.44.21"", ""basis"": ""Tanrı tarafından unutulmayan kul"", ""note"": ""Yorumda hafıza kulun mülkü değil verende duran bir bağıştır; İşaya'da Tanrı biçim verdiği İsrail'e kendisi tarafından unutulmayacağını söyler. Unutmamanın öznesini insan değil Tanrı yapar."", ""turn"": 1, ""model"": ""terra"", ""connection_id"": ""BC-4d2080724b9aba1c77ba""}]"
WLC:Isa.45.15	medium	tevrat	motif	God who hides Himself	Isaiah calls YHWH the God who hides Himself and Israel's Savior; this adds a biblical theme of divine hiddenness to the commentary's distinction between God being hidden from human sight and knowing what is hidden.	87:7	"[{""line"": 113, ""strength"": ""medium"", ""tradition"": ""tevrat"", ""kind"": ""motif"", ""ref"": ""WLC:Isa.45.15"", ""basis"": ""God who hides Himself"", ""note"": ""Isaiah calls YHWH the God who hides Himself and Israel's Savior; this adds a biblical theme of divine hiddenness to the commentary's distinction between God being hidden from human sight and knowing what is hidden."", ""turn"": 2, ""model"": ""luna"", ""connection_id"": ""BC-75a5ef9e7d048d259eed""}]"
WLC:Isa.45.3	strong	tevrat	motif	karanlık hazineler, gizli servet ve çağıran ad	Yorum, gizli olanın bilinebilmesini özel ilahî adla bağlar; İşaya karanlığın hazinelerini ve gizli yerlerin servetini verirken çağıranın Rab olduğunu bilmeyi amaçlar. Gizli-çıkarma-bilme-ad dizisini birleştirir.	87:7	"[{""line"": 101, ""strength"": ""strong"", ""tradition"": ""tevrat"", ""kind"": ""motif"", ""ref"": ""WLC:Isa.45.3"", ""basis"": ""karanlık hazineler, gizli servet ve çağıran ad"", ""note"": ""Yorum, gizli olanın bilinebilmesini özel ilahî adla bağlar; İşaya karanlığın hazinelerini ve gizli yerlerin servetini verirken çağıranın Rab olduğunu bilmeyi amaçlar. Gizli-çıkarma-bilme-ad dizisini birleştirir."", ""turn"": 2, ""model"": ""terra"", ""connection_id"": ""BC-cba8bf6487588e6258b0""}]"
WLC:Isa.46.10	strong	tevrat	motif	başlangıçtan sonu bildiren ve isteğini yapan Tanrı	Yorum, dilemenin hemen yanında bilmenin gelmesini belirginleştirir; İşaya Tanrı'nın başlangıçtan sonu bildirdiğini, tasarısının ayakta kalacağını ve arzusunu gerçekleştireceğini söyler. Bilme ile isteme aynı ilahî beyan içinde durur.	87:7	"[{""line"": 36, ""strength"": ""strong"", ""tradition"": ""tevrat"", ""kind"": ""motif"", ""ref"": ""WLC:Isa.46.10"", ""basis"": ""başlangıçtan sonu bildiren ve isteğini yapan Tanrı"", ""note"": ""Yorum, dilemenin hemen yanında bilmenin gelmesini belirginleştirir; İşaya Tanrı'nın başlangıçtan sonu bildirdiğini, tasarısının ayakta kalacağını ve arzusunu gerçekleştireceğini söyler. Bilme ile isteme aynı ilahî beyan içinde durur."", ""turn"": 1, ""model"": ""terra"", ""connection_id"": ""BC-aa308453ffadf515791d""}]"
WLC:Isa.48.6	medium	tevrat	motif	daha önce bilinmeyen gizli şeylerin duyurulması	Yorumun gizliyi bilenin gerektiğinde açması yönü için İşaya, şimdiye dek bilinmeyen yeni ve gizli şeylerin duyurulduğunu söyler. Vahyin zamanlı ve seçici açılışını somutlaştırır.	87:7	"[{""line"": 120, ""strength"": ""medium"", ""tradition"": ""tevrat"", ""kind"": ""motif"", ""ref"": ""WLC:Isa.48.6"", ""basis"": ""daha önce bilinmeyen gizli şeylerin duyurulması"", ""note"": ""Yorumun gizliyi bilenin gerektiğinde açması yönü için İşaya, şimdiye dek bilinmeyen yeni ve gizli şeylerin duyurulduğunu söyler. Vahyin zamanlı ve seçici açılışını somutlaştırır."", ""turn"": 2, ""model"": ""terra"", ""connection_id"": ""BC-b998d2b9c6cb3909ca0a""}]"
WLC:Isa.49.15	strong	tevrat	motif	human forgetfulness beside God's memory | insanın unutması ve Tanrı'nın unutmaması	Zion fears she has been forgotten, but God says even a mother might forget and He will not; this directly places human memory's failure beside the divine fidelity that frames 87:6–7. | Yorum insanın unutmasına karşı Rabbin unutkan olmadığını söyler; İşaya emziren annenin bile unutabileceğini ama Tanrı'nın Siyon'u unutmayacağını bildirir. İnsan belleğinin kırılganlığı ile ilahî sadakati karşı karşıya getirir.	87:7	"[{""line"": 21, ""strength"": ""strong"", ""tradition"": ""tevrat"", ""kind"": ""motif"", ""ref"": ""WLC:Isa.49.15"", ""basis"": ""human forgetfulness beside God's memory"", ""note"": ""Zion fears she has been forgotten, but God says even a mother might forget and He will not; this directly places human memory's failure beside the divine fidelity that frames 87:6–7."", ""turn"": 1, ""model"": ""luna"", ""connection_id"": ""BC-1c46dc2a57393729b1d1""}, {""line"": 61, ""strength"": ""medium"", ""tradition"": ""tevrat"", ""kind"": ""motif"", ""ref"": ""WLC:Isa.49.15"", ""basis"": ""insanın unutması ve Tanrı'nın unutmaması"", ""note"": ""Yorum insanın unutmasına karşı Rabbin unutkan olmadığını söyler; İşaya emziren annenin bile unutabileceğini ama Tanrı'nın Siyon'u unutmayacağını bildirir. İnsan belleğinin kırılganlığı ile ilahî sadakati karşı karşıya getirir."", ""turn"": 1, ""model"": ""terra"", ""connection_id"": ""BC-893844c79d9bd7d2e9b5""}]"
WLC:Isa.55.10	medium	tevrat	motif	yağmurun toprağı sulayıp filiz vermesi	Yorum surenin yağmur, bulut ve kararan ot sahnesini okuma ve bilmeyle bağlar; İşaya gökten inen yağmurun toprağı sulayıp filiz, tohum ve ekmek verdiğini anlatır. İlahî söz benzetmesinin zeminindeki su-ot döngüsünü sağlar.	87:7	"[{""line"": 75, ""strength"": ""medium"", ""tradition"": ""tevrat"", ""kind"": ""motif"", ""ref"": ""WLC:Isa.55.10"", ""basis"": ""yağmurun toprağı sulayıp filiz vermesi"", ""note"": ""Yorum surenin yağmur, bulut ve kararan ot sahnesini okuma ve bilmeyle bağlar; İşaya gökten inen yağmurun toprağı sulayıp filiz, tohum ve ekmek verdiğini anlatır. İlahî söz benzetmesinin zeminindeki su-ot döngüsünü sağlar."", ""turn"": 1, ""model"": ""terra"", ""connection_id"": ""BC-8ec9ca864b5bf43a7177""}]"
WLC:Isa.55.11	strong	tevrat	motif	Tanrı sözünün isteğini gerçekleştirmesi	Yorum, ilahî dilemenin okunan sözü yerinde tutan ve sonucunu bilen fail olduğunu söyler; İşaya Tanrı'nın ağzından çıkan sözün boş dönmeyeceğini, istediğini yapacağını bildirir. Sözün kalıcılığı ile ilahî isteme birleşir.	87:7	"[{""line"": 51, ""strength"": ""strong"", ""tradition"": ""tevrat"", ""kind"": ""motif"", ""ref"": ""WLC:Isa.55.11"", ""basis"": ""Tanrı sözünün isteğini gerçekleştirmesi"", ""note"": ""Yorum, ilahî dilemenin okunan sözü yerinde tutan ve sonucunu bilen fail olduğunu söyler; İşaya Tanrı'nın ağzından çıkan sözün boş dönmeyeceğini, istediğini yapacağını bildirir. Sözün kalıcılığı ile ilahî isteme birleşir."", ""turn"": 1, ""model"": ""terra"", ""connection_id"": ""BC-78d5696445b95ea6196e""}]"
WLC:Isa.59.21	strong	tevrat	motif	words placed in the mouth will not depart | ağızdan ayrılmayan söz	God promises that His Spirit and words put in the addressee's mouth will remain through descendants; this closely parallels the commentary's reading of recitation as a gift sustained by God. | Yorumdaki unutmayış vaadine karşılık İşaya, Rabbin koyduğu sözlerin peygamberin, soyunun ve soyunun soyunun ağzından ayrılmayacağını bildirir. Sözün kuşaklar boyunca muhafazası özellikle yakındır.	87:7	"[{""line"": 55, ""strength"": ""medium"", ""tradition"": ""tevrat"", ""kind"": ""motif"", ""ref"": ""WLC:Isa.59.21"", ""basis"": ""words placed in the mouth will not depart"", ""note"": ""God promises that His Spirit and words put in the addressee's mouth will remain through descendants; this closely parallels the commentary's reading of recitation as a gift sustained by God."", ""turn"": 1, ""model"": ""luna"", ""connection_id"": ""BC-0e4ece6a8a2c6b2c4a99""}, {""line"": 88, ""strength"": ""strong"", ""tradition"": ""tevrat"", ""kind"": ""motif"", ""ref"": ""WLC:Isa.59.21"", ""basis"": ""ağızdan ayrılmayan söz"", ""note"": ""Yorumdaki unutmayış vaadine karşılık İşaya, Rabbin koyduğu sözlerin peygamberin, soyunun ve soyunun soyunun ağzından ayrılmayacağını bildirir. Sözün kuşaklar boyunca muhafazası özellikle yakındır."", ""turn"": 2, ""model"": ""terra"", ""connection_id"": ""BC-d484b65f3b279a9c917e""}]"
WLC:Isa.8.16	strong	tevrat	motif	tanıklığı bağlamak, Tora'yı öğrenciler arasında mühürlemek	Yorum, vahyin korunması ile dileyenin onu saklı tutabilmesi arasındaki sınırı işler; İşaya tanıklığın bağlanmasını ve Tora'nın öğrenciler arasında mühürlenmesini buyurur. Açıklanmış sözün belli bir çevrede saklanması ayrı bir metinsel sahnedir.	87:7	"[{""line"": 93, ""strength"": ""strong"", ""tradition"": ""tevrat"", ""kind"": ""motif"", ""ref"": ""WLC:Isa.8.16"", ""basis"": ""tanıklığı bağlamak, Tora'yı öğrenciler arasında mühürlemek"", ""note"": ""Yorum, vahyin korunması ile dileyenin onu saklı tutabilmesi arasındaki sınırı işler; İşaya tanıklığın bağlanmasını ve Tora'nın öğrenciler arasında mühürlenmesini buyurur. Açıklanmış sözün belli bir çevrede saklanması ayrı bir metinsel sahnedir."", ""turn"": 2, ""model"": ""terra"", ""connection_id"": ""BC-7959d6041756eb63cb9d""}]"
WLC:Jer.1.9	strong	tevrat	paralel	Yeremya'nın ağzına dokunup söz koymak	Yorumun göğüste tutulan ama dileyenin elinde kalan vahiy tasvirine karşılık Rab, Yeremya'nın ağzına dokunarak sözlerini onun ağzına koyduğunu söyler. İlâhî sözün peygamberin söyleyişine verilmesini somut bir çağrı sahnesiyle gösterir.	87:7	"[{""line"": 87, ""strength"": ""strong"", ""tradition"": ""tevrat"", ""kind"": ""paralel"", ""ref"": ""WLC:Jer.1.9"", ""basis"": ""Yeremya'nın ağzına dokunup söz koymak"", ""note"": ""Yorumun göğüste tutulan ama dileyenin elinde kalan vahiy tasvirine karşılık Rab, Yeremya'nın ağzına dokunarak sözlerini onun ağzına koyduğunu söyler. İlâhî sözün peygamberin söyleyişine verilmesini somut bir çağrı sahnesiyle gösterir."", ""turn"": 2, ""model"": ""terra"", ""connection_id"": ""BC-8db710484717387793e9""}]"
WLC:Jer.15.16	strong	tevrat	motif	bulunan ve yenilen Tanrı sözleri	Yorum, gizli kalanın yeniden çıkarılmasını ve unutulan sözün içte kalmasını birlikte düşünür; Yeremya Tanrı'nın sözlerini bulup yediğini, onların yüreğine sevinç olduğunu söyler. Bulunma, içselleştirme ve peygamberlik kimliği aynı ayette birleşir.	87:7	"[{""line"": 97, ""strength"": ""strong"", ""tradition"": ""tevrat"", ""kind"": ""motif"", ""ref"": ""WLC:Jer.15.16"", ""basis"": ""bulunan ve yenilen Tanrı sözleri"", ""note"": ""Yorum, gizli kalanın yeniden çıkarılmasını ve unutulan sözün içte kalmasını birlikte düşünür; Yeremya Tanrı'nın sözlerini bulup yediğini, onların yüreğine sevinç olduğunu söyler. Bulunma, içselleştirme ve peygamberlik kimliği aynı ayette birleşir."", ""turn"": 2, ""model"": ""terra"", ""connection_id"": ""BC-096db20ddc892fc8415f""}]"
WLC:Jer.17.10	strong	tevrat	motif	YHWH searches heart and reins | yüreği araştıran ve içi sınayan Rab	God says He searches the heart and tests the inward parts; this is a direct biblical counterpart to the commentary's hidden thing that may have no humanly visible sign but remains known to God. | Yorumda açık söz ile içte kalan söz Tanrı'nın gözünden kaçmaz; Yeremya'da Rab yüreği araştırıp içi sınayarak herkese yoluna göre karşılık verir. Gizli iç bilginin ahlâkî sonucu bu metinde açılır.	87:7	"[{""line"": 12, ""strength"": ""strong"", ""tradition"": ""tevrat"", ""kind"": ""motif"", ""ref"": ""WLC:Jer.17.10"", ""basis"": ""YHWH searches heart and reins"", ""note"": ""God says He searches the heart and tests the inward parts; this is a direct biblical counterpart to the commentary's hidden thing that may have no humanly visible sign but remains known to God."", ""turn"": 1, ""model"": ""luna"", ""connection_id"": ""BC-b89fd25b366241b4114a""}, {""line"": 21, ""strength"": ""strong"", ""tradition"": ""tevrat"", ""kind"": ""motif"", ""ref"": ""WLC:Jer.17.10"", ""basis"": ""yüreği araştıran ve içi sınayan Rab"", ""note"": ""Yorumda açık söz ile içte kalan söz Tanrı'nın gözünden kaçmaz; Yeremya'da Rab yüreği araştırıp içi sınayarak herkese yoluna göre karşılık verir. Gizli iç bilginin ahlâkî sonucu bu metinde açılır."", ""turn"": 1, ""model"": ""terra"", ""connection_id"": ""BC-cc33844e41662d3e97ca""}]"
WLC:Jer.23.24	strong	tevrat	motif	no hiding place from God | saklanacak yer bulunmaması	Jeremiah asks whether anyone can hide in secret places beyond God's sight, since He fills heaven and earth; this gives a direct spatial formulation of the commentary's open/hidden pair. | Yorum, gizli kalan şeyin bilenin bilgisinden kaybolamayacağını söyler; Yeremya'da hiç kimsenin Rabbin görmeyeceği gizli bir yere saklanamayacağı ilan edilir. Gizliliğin mekânsal biçimini ele alır.	87:7	"[{""line"": 20, ""strength"": ""strong"", ""tradition"": ""tevrat"", ""kind"": ""motif"", ""ref"": ""WLC:Jer.23.24"", ""basis"": ""no hiding place from God"", ""note"": ""Jeremiah asks whether anyone can hide in secret places beyond God's sight, since He fills heaven and earth; this gives a direct spatial formulation of the commentary's open/hidden pair."", ""turn"": 1, ""model"": ""luna"", ""connection_id"": ""BC-6c7f90c6495b2980d37e""}, {""line"": 23, ""strength"": ""strong"", ""tradition"": ""tevrat"", ""kind"": ""motif"", ""ref"": ""WLC:Jer.23.24"", ""basis"": ""saklanacak yer bulunmaması"", ""note"": ""Yorum, gizli kalan şeyin bilenin bilgisinden kaybolamayacağını söyler; Yeremya'da hiç kimsenin Rabbin görmeyeceği gizli bir yere saklanamayacağı ilan edilir. Gizliliğin mekânsal biçimini ele alır."", ""turn"": 1, ""model"": ""terra"", ""connection_id"": ""BC-047bd7a2ce15cff09b34""}]"
WLC:Jer.31.33	strong	tevrat	motif	Tora'nın içe yazılması	Yorumda okutulan söz göğüste duran bir şeydir; Yeremya'nın yeni antlaşma vaadinde Tanrı Tora'sını insanların içine koyup yüreklerine yazar. Vahyin kalıcılığını dış metinden iç belleğe taşıyan belirli bir imgedir.	87:7	"[{""line"": 8, ""strength"": ""strong"", ""tradition"": ""tevrat"", ""kind"": ""motif"", ""ref"": ""WLC:Jer.31.33"", ""basis"": ""Tora'nın içe yazılması"", ""note"": ""Yorumda okutulan söz göğüste duran bir şeydir; Yeremya'nın yeni antlaşma vaadinde Tanrı Tora'sını insanların içine koyup yüreklerine yazar. Vahyin kalıcılığını dış metinden iç belleğe taşıyan belirli bir imgedir."", ""turn"": 1, ""model"": ""terra"", ""connection_id"": ""BC-4fa8c2cb186e8a3ee300""}]"
WLC:Jer.33.3	strong	tevrat	motif	bilinmeyen gizli şeyleri bildirme	Yorum, insanın ulaşamadığı bilgiyi bilen Rabbe bağlar; Yeremya'ya Rabbe seslenmesi ve bilmediği büyük, erişilmez şeylerin kendisine bildirilmesi söylenir. Gizli bilginin dua üzerine açılması belirgindir.	87:7	"[{""line"": 92, ""strength"": ""strong"", ""tradition"": ""tevrat"", ""kind"": ""motif"", ""ref"": ""WLC:Jer.33.3"", ""basis"": ""bilinmeyen gizli şeyleri bildirme"", ""note"": ""Yorum, insanın ulaşamadığı bilgiyi bilen Rabbe bağlar; Yeremya'ya Rabbe seslenmesi ve bilmediği büyük, erişilmez şeylerin kendisine bildirilmesi söylenir. Gizli bilginin dua üzerine açılması belirgindir."", ""turn"": 2, ""model"": ""terra"", ""connection_id"": ""BC-145e9db1410eddaf5f2e""}]"
WLC:Jer.36.23	medium	tevrat	motif	a scroll cut and burned	Jehoiakim cuts the prophetic scroll and burns it, a human attempt to erase a revealed word; the commentary's account of divine removal and replacement makes this hostile destruction a useful contrast.	87:7	"[{""line"": 56, ""strength"": ""medium"", ""tradition"": ""tevrat"", ""kind"": ""motif"", ""ref"": ""WLC:Jer.36.23"", ""basis"": ""a scroll cut and burned"", ""note"": ""Jehoiakim cuts the prophetic scroll and burns it, a human attempt to erase a revealed word; the commentary's account of divine removal and replacement makes this hostile destruction a useful contrast."", ""turn"": 1, ""model"": ""luna"", ""connection_id"": ""BC-c1556706923a681b799a""}]"
WLC:Jer.36.28	strong	tevrat	karsi_anlati|motif	the burned scroll is written again | yanan tomarın yeniden yazılması	God tells Jeremiah to take another scroll and rewrite the words; this gives a narrative counterpart to the commentary's discussion of revelation being removed or replaced under divine direction. | Yorum, vahyin dileyenin elinde kalabileceğini ya da kaldırılabileceğini tartışır; Yeremya'da kralın yaktığı ilk tomardaki sözlerin başka bir tomar üzerine yeniden yazılması emredilir. İnsan yok edişi karşısında Tanrı sözü geri getirir ve metnin sahibi olarak kalır.	87:7	"[{""line"": 57, ""strength"": ""medium"", ""tradition"": ""tevrat"", ""kind"": ""motif"", ""ref"": ""WLC:Jer.36.28"", ""basis"": ""the burned scroll is written again"", ""note"": ""God tells Jeremiah to take another scroll and rewrite the words; this gives a narrative counterpart to the commentary's discussion of revelation being removed or replaced under divine direction."", ""turn"": 1, ""model"": ""luna"", ""connection_id"": ""BC-fc9187a59f476224d1bb""}, {""line"": 12, ""strength"": ""strong"", ""tradition"": ""tevrat"", ""kind"": ""karsi_anlati"", ""ref"": ""WLC:Jer.36.28"", ""basis"": ""yanan tomarın yeniden yazılması"", ""note"": ""Yorum, vahyin dileyenin elinde kalabileceğini ya da kaldırılabileceğini tartışır; Yeremya'da kralın yaktığı ilk tomardaki sözlerin başka bir tomar üzerine yeniden yazılması emredilir. İnsan yok edişi karşısında Tanrı sözü geri getirir ve metnin sahibi olarak kalır."", ""turn"": 1, ""model"": ""terra"", ""connection_id"": ""BC-3f5f75f3c965709e7dce""}]"
WLC:Job.23.13	strong	tevrat	motif	dilediğini yapan değişmez Tanrı	Yorumda dileyen adsız kader değil, bilgisinin yanında anılan Rabdir; Eyüp Tanrı'nın istediğini yaptığını ve kimsenin onu döndüremediğini söyler. İlâhî istemenin kişisel failine yoğunlaşır.	87:7	"[{""line"": 35, ""strength"": ""strong"", ""tradition"": ""tevrat"", ""kind"": ""motif"", ""ref"": ""WLC:Job.23.13"", ""basis"": ""dilediğini yapan değişmez Tanrı"", ""note"": ""Yorumda dileyen adsız kader değil, bilgisinin yanında anılan Rabdir; Eyüp Tanrı'nın istediğini yaptığını ve kimsenin onu döndüremediğini söyler. İlâhî istemenin kişisel failine yoğunlaşır."", ""turn"": 1, ""model"": ""terra"", ""connection_id"": ""BC-05ac4ea3693ac9f365a2""}]"
WLC:Job.28.11	strong	tevrat	motif	hidden things brought to light | saklı olanın ışığa çıkarılması	In the mining poem, a miner dams streams and brings hidden things to light; this is a concrete analogue to the commentary's secondary sense of drawing a concealed thing from under earth, while its context distinguishes human extraction from divine wisdom. | Yorum, gizlilik kökünün örtüyü kaldırıp toprak altındakini çıkarma yüzünü açıkça işler; Eyüp'te madenci saklı olanı ışığa çıkarır. Yorumdaki kuyu ve yer altı imgesine belirli bir İbranice sahne ekler.	87:7	"[{""line"": 13, ""strength"": ""strong"", ""tradition"": ""tevrat"", ""kind"": ""motif"", ""ref"": ""WLC:Job.28.11"", ""basis"": ""hidden things brought to light"", ""note"": ""In the mining poem, a miner dams streams and brings hidden things to light; this is a concrete analogue to the commentary's secondary sense of drawing a concealed thing from under earth, while its context distinguishes human extraction from divine wisdom."", ""turn"": 1, ""model"": ""luna"", ""connection_id"": ""BC-4a108156f41323f63787""}, {""line"": 98, ""strength"": ""strong"", ""tradition"": ""tevrat"", ""kind"": ""motif"", ""ref"": ""WLC:Job.28.11"", ""basis"": ""saklı olanın ışığa çıkarılması"", ""note"": ""Yorum, gizlilik kökünün örtüyü kaldırıp toprak altındakini çıkarma yüzünü açıkça işler; Eyüp'te madenci saklı olanı ışığa çıkarır. Yorumdaki kuyu ve yer altı imgesine belirli bir İbranice sahne ekler."", ""turn"": 2, ""model"": ""terra"", ""connection_id"": ""BC-2ea2c5fc7e59c3477d56""}]"
WLC:Job.28.23	strong	tevrat	motif	God knows wisdom's way | hikmetin yolunu ve yerini bilen Tanrı	After describing human mining for hidden ore, Job says God understands wisdom's way and knows its place; this contrasts human excavation with the commentary's divine knowledge of what remains hidden. | Yorum, insanın gizli süreçleri bilmemesine karşı Rabbin bilgisine dayanır; Eyüp hikmetin yolunu ve yerini Tanrı'nın anladığını söyler. Yer altından çıkarılan şeylerin ardından yalnız Tanrı'nın bilmesi temasını tamamlar.	87:7	"[{""line"": 66, ""strength"": ""medium"", ""tradition"": ""tevrat"", ""kind"": ""motif"", ""ref"": ""WLC:Job.28.23"", ""basis"": ""God knows wisdom's way"", ""note"": ""After describing human mining for hidden ore, Job says God understands wisdom's way and knows its place; this contrasts human excavation with the commentary's divine knowledge of what remains hidden."", ""turn"": 1, ""model"": ""luna"", ""connection_id"": ""BC-c1e646939eb09f329ace""}, {""line"": 99, ""strength"": ""strong"", ""tradition"": ""tevrat"", ""kind"": ""motif"", ""ref"": ""WLC:Job.28.23"", ""basis"": ""hikmetin yolunu ve yerini bilen Tanrı"", ""note"": ""Yorum, insanın gizli süreçleri bilmemesine karşı Rabbin bilgisine dayanır; Eyüp hikmetin yolunu ve yerini Tanrı'nın anladığını söyler. Yer altından çıkarılan şeylerin ardından yalnız Tanrı'nın bilmesi temasını tamamlar."", ""turn"": 2, ""model"": ""terra"", ""connection_id"": ""BC-d3b1f2bd546db5b6ea9a""}]"
WLC:Job.28.24	strong	tevrat	motif	God sees beneath the heavens	The poem says God looks to earth's ends and sees all beneath the heavens; that scope grounds the commentary's claim that no hidden thing needs a human sign to enter God's knowledge.	87:7	"[{""line"": 14, ""strength"": ""strong"", ""tradition"": ""tevrat"", ""kind"": ""motif"", ""ref"": ""WLC:Job.28.24"", ""basis"": ""God sees beneath the heavens"", ""note"": ""The poem says God looks to earth's ends and sees all beneath the heavens; that scope grounds the commentary's claim that no hidden thing needs a human sign to enter God's knowledge."", ""turn"": 1, ""model"": ""luna"", ""connection_id"": ""BC-b49e8c86807d771d929d""}]"
WLC:Job.34.22	strong	tevrat	motif	no darkness for wrongdoers to hide in | gizlenmeye izin vermeyen karanlık	Job says there is no darkness or deep shadow where evildoers can conceal themselves; the verse makes the commentary's hidden-versus-visible knowledge claim spatial and judicial. | Yorumun gece saklanma imgesi için Eyüp, kötülük işleyenin saklanabileceği koyu karanlık olmadığını söyler. Karanlık mekânının bile Tanrı bilgisinden kaçış sağlamaması belirli bir karşılıktır.	87:7	"[{""line"": 15, ""strength"": ""strong"", ""tradition"": ""tevrat"", ""kind"": ""motif"", ""ref"": ""WLC:Job.34.22"", ""basis"": ""no darkness for wrongdoers to hide in"", ""note"": ""Job says there is no darkness or deep shadow where evildoers can conceal themselves; the verse makes the commentary's hidden-versus-visible knowledge claim spatial and judicial."", ""turn"": 1, ""model"": ""luna"", ""connection_id"": ""BC-11491cfbf0312d9ef4a8""}, {""line"": 25, ""strength"": ""strong"", ""tradition"": ""tevrat"", ""kind"": ""motif"", ""ref"": ""WLC:Job.34.22"", ""basis"": ""gizlenmeye izin vermeyen karanlık"", ""note"": ""Yorumun gece saklanma imgesi için Eyüp, kötülük işleyenin saklanabileceği koyu karanlık olmadığını söyler. Karanlık mekânının bile Tanrı bilgisinden kaçış sağlamaması belirli bir karşılıktır."", ""turn"": 1, ""model"": ""terra"", ""connection_id"": ""BC-298807800b3e8e1866bc""}]"
WLC:Josh.1.8	medium	tevrat	motif	kitabın ağızdan ayrılmaması ve gece gündüz düşünülmesi	Yorumun sesli okuma ile göğüste saklanan söz çiftine karşılık Yeşu'ya yasa kitabının ağzından ayrılmaması, gece gündüz üzerinde düşünmesi buyurulur. Sürekli ses ve iç düşünme, insan görevine dönüştürülür.	87:7	"[{""line"": 121, ""strength"": ""medium"", ""tradition"": ""tevrat"", ""kind"": ""motif"", ""ref"": ""WLC:Josh.1.8"", ""basis"": ""kitabın ağızdan ayrılmaması ve gece gündüz düşünülmesi"", ""note"": ""Yorumun sesli okuma ile göğüste saklanan söz çiftine karşılık Yeşu'ya yasa kitabının ağzından ayrılmaması, gece gündüz üzerinde düşünmesi buyurulur. Sürekli ses ve iç düşünme, insan görevine dönüştürülür."", ""turn"": 2, ""model"": ""terra"", ""connection_id"": ""BC-d0bc29be1b37c503e107""}]"
WLC:Josh.4.6	medium	tevrat	motif	stones as a sign for future questions	Joshua sets stones as a sign so children will ask what they mean; this gives a concrete human use of visible markers beside the commentary's claim that God's knowledge does not need a sign.	87:7	"[{""line"": 117, ""strength"": ""medium"", ""tradition"": ""tevrat"", ""kind"": ""motif"", ""ref"": ""WLC:Josh.4.6"", ""basis"": ""stones as a sign for future questions"", ""note"": ""Joshua sets stones as a sign so children will ask what they mean; this gives a concrete human use of visible markers beside the commentary's claim that God's knowledge does not need a sign."", ""turn"": 2, ""model"": ""luna"", ""connection_id"": ""BC-0e7f2077fb9013609b63""}]"
WLC:Josh.4.7	medium	tevrat	motif	memorial stones preserve memory	The stones are to be a memorial for Israel; this shows a community using a visible sign to preserve memory, contrasting with the commentary's divine knowledge that needs no landmark.	87:7	"[{""line"": 118, ""strength"": ""medium"", ""tradition"": ""tevrat"", ""kind"": ""motif"", ""ref"": ""WLC:Josh.4.7"", ""basis"": ""memorial stones preserve memory"", ""note"": ""The stones are to be a memorial for Israel; this shows a community using a visible sign to preserve memory, contrasting with the commentary's divine knowledge that needs no landmark."", ""turn"": 2, ""model"": ""luna"", ""connection_id"": ""BC-513edf9668355b018b19""}]"
WLC:Mal.3.16	strong	tevrat	motif	book of remembrance before God | Rab önünde anma kitabı ve adı sayanlar	A book of remembrance is written before YHWH for those who fear His name; this joins the commentary's linked themes of divine memory, recorded words, and the name invoked in worship. | Yorum, anma ile unutmamayı Rabbin adı ve kullukla bağlar; Malaki'de Rabden korkup adı üzerine düşünenlerin konuşmaları işitilir ve önünde bir anma kitabı yazılır. Ses, ad, korku ve ilahî hatırlama aynı sahnede buluşur.	87:7	"[{""line"": 102, ""strength"": ""strong"", ""tradition"": ""tevrat"", ""kind"": ""motif"", ""ref"": ""WLC:Mal.3.16"", ""basis"": ""book of remembrance before God"", ""note"": ""A book of remembrance is written before YHWH for those who fear His name; this joins the commentary's linked themes of divine memory, recorded words, and the name invoked in worship."", ""turn"": 2, ""model"": ""luna"", ""connection_id"": ""BC-1563ab73de9bdbb8958b""}, {""line"": 52, ""strength"": ""strong"", ""tradition"": ""tevrat"", ""kind"": ""motif"", ""ref"": ""WLC:Mal.3.16"", ""basis"": ""Rab önünde anma kitabı ve adı sayanlar"", ""note"": ""Yorum, anma ile unutmamayı Rabbin adı ve kullukla bağlar; Malaki'de Rabden korkup adı üzerine düşünenlerin konuşmaları işitilir ve önünde bir anma kitabı yazılır. Ses, ad, korku ve ilahî hatırlama aynı sahnede buluşur."", ""turn"": 1, ""model"": ""terra"", ""connection_id"": ""BC-df62c3ac37a42d4cede4""}]"
WLC:Num.12.8	medium	tevrat	karsi_anlati	ağız ağıza konuşma ve Rabbin biçimi	Yorum, Musa sahnesini görülemezlik sınırıyla okur; Sayılar'da Musa ile ağız ağıza, açıkça konuşulduğu ve onun Rabbin biçimini gördüğü söylenir. Musa geleneğindeki görme ve konuşma iddialarının gerilimini görünür kılar.	87:7	"[{""line"": 116, ""strength"": ""medium"", ""tradition"": ""tevrat"", ""kind"": ""karsi_anlati"", ""ref"": ""WLC:Num.12.8"", ""basis"": ""ağız ağıza konuşma ve Rabbin biçimi"", ""note"": ""Yorum, Musa sahnesini görülemezlik sınırıyla okur; Sayılar'da Musa ile ağız ağıza, açıkça konuşulduğu ve onun Rabbin biçimini gördüğü söylenir. Musa geleneğindeki görme ve konuşma iddialarının gerilimini görünür kılar."", ""turn"": 2, ""model"": ""terra"", ""connection_id"": ""BC-fd4e1d139893fdd5110e""}]"
WLC:Prov.16.9	medium	tevrat	motif	insan tasarısı ve Rabbin yönelttiği adım	Yorum, insanın kendi yarını için verdiği sözü Allah'ın dilemesine bağlar; Özdeyişler insanın yolunu yüreğinde tasarladığını, fakat adımlarını Rabbin yönelttiğini söyler. Yakup'taki “Rab dilerse” formülünün İbrani hikmetteki karşılığıdır.	87:7	"[{""line"": 66, ""strength"": ""medium"", ""tradition"": ""tevrat"", ""kind"": ""motif"", ""ref"": ""WLC:Prov.16.9"", ""basis"": ""insan tasarısı ve Rabbin yönelttiği adım"", ""note"": ""Yorum, insanın kendi yarını için verdiği sözü Allah'ın dilemesine bağlar; Özdeyişler insanın yolunu yüreğinde tasarladığını, fakat adımlarını Rabbin yönelttiğini söyler. Yakup'taki “Rab dilerse” formülünün İbrani hikmetteki karşılığıdır."", ""turn"": 1, ""model"": ""terra"", ""connection_id"": ""BC-b2736d70d089a7e78541""}]"
WLC:Prov.20.5	strong	tevrat	motif	yürekteki derin suyu dışarı çekmek	Yorum, göğüste duran unutulmuş sözü çamur altındaki kuyuyla karşılaştırır; Özdeyişler insan yüreğindeki tasarıyı derin suya, anlayış sahibinin onu dışarı çekmesini de kuyudan su almaya benzetir. İç sır, kuyu ve açığa çıkarma aynı formülde birleşir.	87:7	"[{""line"": 100, ""strength"": ""strong"", ""tradition"": ""tevrat"", ""kind"": ""motif"", ""ref"": ""WLC:Prov.20.5"", ""basis"": ""yürekteki derin suyu dışarı çekmek"", ""note"": ""Yorum, göğüste duran unutulmuş sözü çamur altındaki kuyuyla karşılaştırır; Özdeyişler insan yüreğindeki tasarıyı derin suya, anlayış sahibinin onu dışarı çekmesini de kuyudan su almaya benzetir. İç sır, kuyu ve açığa çıkarma aynı formülde birleşir."", ""turn"": 2, ""model"": ""terra"", ""connection_id"": ""BC-2eb87a4b4bbffee60b62""}]"
WLC:Prov.25.2	medium	tevrat	motif	Tanrı'nın sakladığı, kralın araştırdığı iş	Yorum gizliyi bilen Rab ile işaret arayan insan arasında ayrım yapar; Özdeyişler bir işi gizlemeyi Tanrı'nın, araştırmayı kralların yüceliği sayar. Gizlilik ile insan araştırmasının farklı yetkilerini karşılaştırmaya açar.	87:7	"[{""line"": 119, ""strength"": ""medium"", ""tradition"": ""tevrat"", ""kind"": ""motif"", ""ref"": ""WLC:Prov.25.2"", ""basis"": ""Tanrı'nın sakladığı, kralın araştırdığı iş"", ""note"": ""Yorum gizliyi bilen Rab ile işaret arayan insan arasında ayrım yapar; Özdeyişler bir işi gizlemeyi Tanrı'nın, araştırmayı kralların yüceliği sayar. Gizlilik ile insan araştırmasının farklı yetkilerini karşılaştırmaya açar."", ""turn"": 2, ""model"": ""terra"", ""connection_id"": ""BC-da4a2b4154a9777c8e4e""}]"
WLC:Prov.30.33	medium	tevrat	motif	churning milk makes curds	The proverb uses milk-churning to illustrate a result forced by an action; the commentary's churn image likewise describes butter gathering out of milk, though it uses the process for emergence rather than strife.	87:7	"[{""line"": 65, ""strength"": ""medium"", ""tradition"": ""tevrat"", ""kind"": ""motif"", ""ref"": ""WLC:Prov.30.33"", ""basis"": ""churning milk makes curds"", ""note"": ""The proverb uses milk-churning to illustrate a result forced by an action; the commentary's churn image likewise describes butter gathering out of milk, though it uses the process for emergence rather than strife."", ""turn"": 1, ""model"": ""luna"", ""connection_id"": ""BC-66a89158f0d52e65c1a6""}]"
WLC:Ps.105.8	strong	tevrat	motif	God remembers His covenant and word	The psalm says God remembers His covenant and command for a thousand generations; this directly joins divine memory to enduring revelation, as the commentary does for the promise to recite without forgetting.	87:7	"[{""line"": 22, ""strength"": ""strong"", ""tradition"": ""tevrat"", ""kind"": ""motif"", ""ref"": ""WLC:Ps.105.8"", ""basis"": ""God remembers His covenant and word"", ""note"": ""The psalm says God remembers His covenant and command for a thousand generations; this directly joins divine memory to enduring revelation, as the commentary does for the promise to recite without forgetting."", ""turn"": 1, ""model"": ""luna"", ""connection_id"": ""BC-2bac920f91cdbdf32932""}]"
WLC:Ps.119.11	strong	tevrat	motif	word hidden in the heart | yürekte saklanan söz	The psalmist stores God's word in the heart; this is a direct image for the commentary's recitation remaining inwardly present even when not spoken. | Yorum, gizli kalanın hafızadan kaybolsa bile bilenin bilgisinden kaybolmadığını söyler; mezmurcu günaha düşmemek için Tanrı sözünü yüreğinde sakladığını söyler. Buradaki saklama unutmaya değil, sözün içte muhafazasına hizmet eder.	87:7	"[{""line"": 60, ""strength"": ""medium"", ""tradition"": ""tevrat"", ""kind"": ""motif"", ""ref"": ""WLC:Ps.119.11"", ""basis"": ""word hidden in the heart"", ""note"": ""The psalmist stores God's word in the heart; this is a direct image for the commentary's recitation remaining inwardly present even when not spoken."", ""turn"": 1, ""model"": ""luna"", ""connection_id"": ""BC-ee4c98515fdbd8622197""}, {""line"": 7, ""strength"": ""strong"", ""tradition"": ""tevrat"", ""kind"": ""motif"", ""ref"": ""WLC:Ps.119.11"", ""basis"": ""yürekte saklanan söz"", ""note"": ""Yorum, gizli kalanın hafızadan kaybolsa bile bilenin bilgisinden kaybolmadığını söyler; mezmurcu günaha düşmemek için Tanrı sözünü yüreğinde sakladığını söyler. Buradaki saklama unutmaya değil, sözün içte muhafazasına hizmet eder."", ""turn"": 1, ""model"": ""terra"", ""connection_id"": ""BC-4f85d36679a2ab09b046""}]"
WLC:Ps.139.12	strong	tevrat	motif	karanlığın Tanrı için gün gibi olması	Yorumda gece saklanmaya, gündüz açıklığa bağlanır ama bilen için ikisi birdir; mezmurda karanlığın Tanrı'dan gizlemediği ve gecenin gün gibi aydınlık olduğu söylenir. Gün-gece karşıtlığını ilahî bilgi karşısında etkisizleştirir.	87:7	"[{""line"": 17, ""strength"": ""strong"", ""tradition"": ""tevrat"", ""kind"": ""motif"", ""ref"": ""WLC:Ps.139.12"", ""basis"": ""karanlığın Tanrı için gün gibi olması"", ""note"": ""Yorumda gece saklanmaya, gündüz açıklığa bağlanır ama bilen için ikisi birdir; mezmurda karanlığın Tanrı'dan gizlemediği ve gecenin gün gibi aydınlık olduğu söylenir. Gün-gece karşıtlığını ilahî bilgi karşısında etkisizleştirir."", ""turn"": 1, ""model"": ""terra"", ""connection_id"": ""BC-7514fed422a5282b8815""}]"
WLC:Ps.139.13	strong	tevrat	motif	darkness is not dark to God	The psalm says night is as bright as day to God; this gives a direct image for the commentary's paired hidden and manifest, including the limits of human sight at night.	87:7	"[{""line"": 18, ""strength"": ""strong"", ""tradition"": ""tevrat"", ""kind"": ""motif"", ""ref"": ""WLC:Ps.139.13"", ""basis"": ""darkness is not dark to God"", ""note"": ""The psalm says night is as bright as day to God; this gives a direct image for the commentary's paired hidden and manifest, including the limits of human sight at night."", ""turn"": 1, ""model"": ""luna"", ""connection_id"": ""BC-571a8283a998ed96520c""}]"
WLC:Ps.139.2	strong	tevrat	motif	iç düşünceyi uzaktan bilmek	Yorum, insanın kendisine bile gizli kalabilen iç katmandan söz eder; mezmur Tanrı'nın oturup kalkmayı ve düşünceyi uzaktan ayırt ettiğini söyler. Gizli olanın kişiye ait iç hareket olması bakımından belirli bir eşliktir.	87:7	"[{""line"": 16, ""strength"": ""strong"", ""tradition"": ""tevrat"", ""kind"": ""motif"", ""ref"": ""WLC:Ps.139.2"", ""basis"": ""iç düşünceyi uzaktan bilmek"", ""note"": ""Yorum, insanın kendisine bile gizli kalabilen iç katmandan söz eder; mezmur Tanrı'nın oturup kalkmayı ve düşünceyi uzaktan ayırt ettiğini söyler. Gizli olanın kişiye ait iç hareket olması bakımından belirli bir eşliktir."", ""turn"": 1, ""model"": ""terra"", ""connection_id"": ""BC-1740f18791078d49856d""}]"
WLC:Ps.139.3	strong	tevrat	motif	thought known from afar	The psalm says God understands the speaker's thought from afar; this directly supports the commentary's move from high-voiced words to what remains unspoken in the chest.	87:7	"[{""line"": 16, ""strength"": ""strong"", ""tradition"": ""tevrat"", ""kind"": ""motif"", ""ref"": ""WLC:Ps.139.3"", ""basis"": ""thought known from afar"", ""note"": ""The psalm says God understands the speaker's thought from afar; this directly supports the commentary's move from high-voiced words to what remains unspoken in the chest."", ""turn"": 1, ""model"": ""luna"", ""connection_id"": ""BC-9d1e52724ed76beb7a22""}]"
WLC:Ps.139.4	strong	tevrat	motif	dile gelmeden bilinen söz	Yorumun cehr ile göğüste kalan söz ayrımına karşılık mezmur, dilde bir söz daha yokken Rabbin onu bütünüyle bildiğini söyler. Açık ses doğmadan önceki iç sözün bilinmesi ayetin ikiliğini özellikle karşılar.	87:7	"[{""line"": 15, ""strength"": ""strong"", ""tradition"": ""tevrat"", ""kind"": ""motif"", ""ref"": ""WLC:Ps.139.4"", ""basis"": ""dile gelmeden bilinen söz"", ""note"": ""Yorumun cehr ile göğüste kalan söz ayrımına karşılık mezmur, dilde bir söz daha yokken Rabbin onu bütünüyle bildiğini söyler. Açık ses doğmadan önceki iç sözün bilinmesi ayetin ikiliğini özellikle karşılar."", ""turn"": 1, ""model"": ""terra"", ""connection_id"": ""BC-3bb57151f6256ae77290""}]"
WLC:Ps.139.5	strong	tevrat	motif	word known before it is spoken	The psalm says the Lord knows a word before it is on the tongue; this closely matches the commentary's inward reading that has not yet become audible speech.	87:7	"[{""line"": 17, ""strength"": ""strong"", ""tradition"": ""tevrat"", ""kind"": ""motif"", ""ref"": ""WLC:Ps.139.5"", ""basis"": ""word known before it is spoken"", ""note"": ""The psalm says the Lord knows a word before it is on the tongue; this closely matches the commentary's inward reading that has not yet become audible speech."", ""turn"": 1, ""model"": ""luna"", ""connection_id"": ""BC-4c248ab1c4e0eff18944""}]"
WLC:Ps.19.15	medium	tevrat	motif	ağzın sözleri ve yüreğin düşüncesi	Yorum açık ses ile göğüste kalan sözü ayırır; bu mezmur ağızdan çıkan sözlerin ve yüreğin iç düşüncesinin Rabbin önünde kabul edilmesini diler. İbadetteki iki dereceli söyleyişi tek dua cümlesinde buluşturur.	87:7	"[{""line"": 74, ""strength"": ""medium"", ""tradition"": ""tevrat"", ""kind"": ""motif"", ""ref"": ""WLC:Ps.19.15"", ""basis"": ""ağzın sözleri ve yüreğin düşüncesi"", ""note"": ""Yorum açık ses ile göğüste kalan sözü ayırır; bu mezmur ağızdan çıkan sözlerin ve yüreğin iç düşüncesinin Rabbin önünde kabul edilmesini diler. İbadetteki iki dereceli söyleyişi tek dua cümlesinde buluşturur."", ""turn"": 1, ""model"": ""terra"", ""connection_id"": ""BC-1abdb4cd48c861fa66cb""}]"
WLC:Ps.29.3	medium	tevrat	motif	worship and the glory of God's name	The psalm joins worship with giving glory to YHWH's name; this is a specific liturgical counterpart to the commentary's emphasis that Allah's name appears at the hinge and is praised in al-Fatiha.	87:7	"[{""line"": 64, ""strength"": ""medium"", ""tradition"": ""tevrat"", ""kind"": ""motif"", ""ref"": ""WLC:Ps.29.3"", ""basis"": ""worship and the glory of God's name"", ""note"": ""The psalm joins worship with giving glory to YHWH's name; this is a specific liturgical counterpart to the commentary's emphasis that Allah's name appears at the hinge and is praised in al-Fatiha."", ""turn"": 1, ""model"": ""luna"", ""connection_id"": ""BC-526d85fbd263ea7ad763""}]"
WLC:Ps.44.22	strong	tevrat	motif	God knows heart-secrets | unutma, gizli yürek ve Tanrı'nın araştırması	The psalm asks whether God would not discover the injustice, since He knows the heart's secrets; this is a close counterpart to the commentary's claim that hidden things remain within divine knowledge. | Yorum insanın unutmasıyla Rabbin unutmamasını birleştirir; mezmur, halk başka ilahı unutmuş ya da gizlice ellerini açmış olsaydı Tanrı'nın bunu araştıracağını, yüreğin gizlerini bildiğini söyler. Unutma, ibadet ve iç sır aynı bağlamda buluşur.	87:7	"[{""line"": 19, ""strength"": ""strong"", ""tradition"": ""tevrat"", ""kind"": ""motif"", ""ref"": ""WLC:Ps.44.22"", ""basis"": ""God knows heart-secrets"", ""note"": ""The psalm asks whether God would not discover the injustice, since He knows the heart's secrets; this is a close counterpart to the commentary's claim that hidden things remain within divine knowledge."", ""turn"": 1, ""model"": ""luna"", ""connection_id"": ""BC-eb6a28a6424e9fafa24d""}, {""line"": 18, ""strength"": ""strong"", ""tradition"": ""tevrat"", ""kind"": ""motif"", ""ref"": ""WLC:Ps.44.22"", ""basis"": ""unutma, gizli yürek ve Tanrı'nın araştırması"", ""note"": ""Yorum insanın unutmasıyla Rabbin unutmamasını birleştirir; mezmur, halk başka ilahı unutmuş ya da gizlice ellerini açmış olsaydı Tanrı'nın bunu araştıracağını, yüreğin gizlerini bildiğini söyler. Unutma, ibadet ve iç sır aynı bağlamda buluşur."", ""turn"": 1, ""model"": ""terra"", ""connection_id"": ""BC-f758b693a416ef7e7fe3""}]"
WLC:Ps.90.8	strong	tevrat	motif	gizli suçların yüzün ışığında durması	Yorumun gizli olan ile gözü kamaştıran gün ışığı uçları için mezmur gizli suçları Tanrı'nın yüzünün ışığı önüne koyar. Saklı iç durumun ilahî ışıkta açık oluşunu somutlaştırır.	87:7	"[{""line"": 22, ""strength"": ""strong"", ""tradition"": ""tevrat"", ""kind"": ""motif"", ""ref"": ""WLC:Ps.90.8"", ""basis"": ""gizli suçların yüzün ışığında durması"", ""note"": ""Yorumun gizli olan ile gözü kamaştıran gün ışığı uçları için mezmur gizli suçları Tanrı'nın yüzünün ışığı önüne koyar. Saklı iç durumun ilahî ışıkta açık oluşunu somutlaştırır."", ""turn"": 1, ""model"": ""terra"", ""connection_id"": ""BC-8e45f099c5a8f9320adf""}]"
WLC:Ps.94.11	strong	tevrat	motif	God knows human thoughts	The psalm says YHWH knows human thoughts; this gives a concise counterpart to the commentary's hidden contents remaining known even when not voiced.	87:7	"[{""line"": 97, ""strength"": ""strong"", ""tradition"": ""tevrat"", ""kind"": ""motif"", ""ref"": ""WLC:Ps.94.11"", ""basis"": ""God knows human thoughts"", ""note"": ""The psalm says YHWH knows human thoughts; this gives a concise counterpart to the commentary's hidden contents remaining known even when not voiced."", ""turn"": 2, ""model"": ""luna"", ""connection_id"": ""BC-5f6a081f4bab7285b17a""}]"
WLC:Ps.94.9	strong	tevrat	motif	God hears and sees	The psalm asks whether the one who planted the ear cannot hear and the one who formed the eye cannot see; this joins the commentary's audible and visual forms of cehr to their divine source.	87:7	"[{""line"": 96, ""strength"": ""strong"", ""tradition"": ""tevrat"", ""kind"": ""motif"", ""ref"": ""WLC:Ps.94.9"", ""basis"": ""God hears and sees"", ""note"": ""The psalm asks whether the one who planted the ear cannot hear and the one who formed the eye cannot see; this joins the commentary's audible and visual forms of cehr to their divine source."", ""turn"": 2, ""model"": ""luna"", ""connection_id"": ""BC-03a5eca90752793ae40f""}]"
Wisdom 1:6	strong	tevrat	motif	yüreğin gözlemcisi ve dilin dinleyicisi	Yorum, yüksek sesle söylenen ile göğüste kalan şeyin birlikte bilindiğini söyler; Bilgelik kitabı Tanrı'yı iç duyguların tanığı, yüreğin gerçek gözlemcisi ve dilin dinleyicisi diye niteler. İç ile sesli sözün iki tarafını da açıkça taşır.	87:7	"[{""line"": 27, ""strength"": ""strong"", ""tradition"": ""tevrat"", ""kind"": ""motif"", ""ref"": ""Wisdom 1:6"", ""basis"": ""yüreğin gözlemcisi ve dilin dinleyicisi"", ""note"": ""Yorum, yüksek sesle söylenen ile göğüste kalan şeyin birlikte bilindiğini söyler; Bilgelik kitabı Tanrı'yı iç duyguların tanığı, yüreğin gerçek gözlemcisi ve dilin dinleyicisi diye niteler. İç ile sesli sözün iki tarafını da açıkça taşır."", ""turn"": 1, ""model"": ""terra"", ""connection_id"": ""BC-5fe60b560b69dd107f3e""}]"
Wisdom 9:13	medium	tevrat	motif	insanın Rabbin tasarısını bilememesi	Yorum, dilemenin hemen ardından insan bilgisinin sınırını vurgular; Bilgelik kitabı Tanrı'nın tasarısını ya da Rabbin ne istediğini kimin bilebileceğini sorar. İnsan isteği ve bilgisi karşısında ilahî dilemenin kapalılığını belirginleştirir.	87:7	"[{""line"": 65, ""strength"": ""medium"", ""tradition"": ""tevrat"", ""kind"": ""motif"", ""ref"": ""Wisdom 9:13"", ""basis"": ""insanın Rabbin tasarısını bilememesi"", ""note"": ""Yorum, dilemenin hemen ardından insan bilgisinin sınırını vurgular; Bilgelik kitabı Tanrı'nın tasarısını ya da Rabbin ne istediğini kimin bilebileceğini sorar. İnsan isteği ve bilgisi karşısında ilahî dilemenin kapalılığını belirginleştirir."", ""turn"": 1, ""model"": ""terra"", ""connection_id"": ""BC-b359944a546d74c56c77""}]"
Wisdom of Solomon 1:10	strong	tevrat	motif	no grumbling unheard	Wisdom says a jealous ear hears all things and no grumbling goes unheard; this gives the commentary's high and low speech distinction a divine-hearing counterpart.	87:7	"[{""line"": 29, ""strength"": ""strong"", ""tradition"": ""tevrat"", ""kind"": ""motif"", ""ref"": ""Wisdom of Solomon 1:10"", ""basis"": ""no grumbling unheard"", ""note"": ""Wisdom says a jealous ear hears all things and no grumbling goes unheard; this gives the commentary's high and low speech distinction a divine-hearing counterpart."", ""turn"": 1, ""model"": ""luna"", ""connection_id"": ""BC-a3a993e74c420bcde3ae""}]"
Wisdom of Solomon 1:11	strong	tevrat	motif	secret whisper is not lost	Wisdom warns that no secret utterance is without consequence; this is especially close to the commentary's claim that an unvoiced or hidden word remains known.	87:7	"[{""line"": 30, ""strength"": ""strong"", ""tradition"": ""tevrat"", ""kind"": ""motif"", ""ref"": ""Wisdom of Solomon 1:11"", ""basis"": ""secret whisper is not lost"", ""note"": ""Wisdom warns that no secret utterance is without consequence; this is especially close to the commentary's claim that an unvoiced or hidden word remains known."", ""turn"": 1, ""model"": ""luna"", ""connection_id"": ""BC-5fab918b64779ffcbcf6""}]"
Wisdom of Solomon 1:6	strong	tevrat	motif	witness of heart and hearer of tongue	Wisdom calls God witness of inmost feelings, overseer of the heart, and hearer of the tongue; it explicitly joins the inner and spoken domains paired in 87:7.	87:7	"[{""line"": 28, ""strength"": ""strong"", ""tradition"": ""tevrat"", ""kind"": ""motif"", ""ref"": ""Wisdom of Solomon 1:6"", ""basis"": ""witness of heart and hearer of tongue"", ""note"": ""Wisdom calls God witness of inmost feelings, overseer of the heart, and hearer of the tongue; it explicitly joins the inner and spoken domains paired in 87:7."", ""turn"": 1, ""model"": ""luna"", ""connection_id"": ""BC-2585a80859d848e56084""}]"
