ref	tier	tradition	kinds	basis	explanations	target	evidence
1 Clement 55:2	medium	incil	motif	self-sale to feed others	Clement recalls believers who sold themselves into slavery and used the price to feed others; this is an extreme concrete instance of preferring another’s need over one’s own freedom.	sec16	"[{""line"": 112, ""strength"": ""medium"", ""tradition"": ""incil"", ""kind"": ""motif"", ""ref"": ""1 Clement 55:2"", ""basis"": ""self-sale to feed others"", ""note"": ""Clement recalls believers who sold themselves into slavery and used the price to feed others; this is an extreme concrete instance of preferring another’s need over one’s own freedom."", ""turn"": 2, ""model"": ""luna"", ""connection_id"": ""BC-b053a02769a58521ad44""}]"
2 Clement 5:1	medium	incil	motif	brief fleshly sojourn / coming kingdom	The homily calls the flesh's stay in this world brief and transient and sets it beside Christ's promised coming kingdom and eternal life, closely echoing the commentary's contrast.	sec16	"[{""line"": 72, ""strength"": ""medium"", ""tradition"": ""incil"", ""kind"": ""motif"", ""ref"": ""2 Clement 5:1"", ""basis"": ""brief fleshly sojourn / coming kingdom"", ""note"": ""The homily calls the flesh's stay in this world brief and transient and sets it beside Christ's promised coming kingdom and eternal life, closely echoing the commentary's contrast."", ""turn"": 1, ""model"": ""terra"", ""connection_id"": ""BC-ae5275fc0b6937e5fecf""}]"
2 Clement 6:1-7	strong	incil	karsi_anlati	this world and the next as opposed masters	The homily says the present and coming worlds are enemies and asks what profit is gaining the whole world while losing one’s soul; it turns the commentary’s choice into an explicit refusal to serve both.	sec16	"[{""line"": 68, ""strength"": ""strong"", ""tradition"": ""incil"", ""kind"": ""karsi_anlati"", ""ref"": ""2 Clement 6:1-7"", ""basis"": ""this world and the next as opposed masters"", ""note"": ""The homily says the present and coming worlds are enemies and asks what profit is gaining the whole world while losing one’s soul; it turns the commentary’s choice into an explicit refusal to serve both."", ""turn"": 1, ""model"": ""luna"", ""connection_id"": ""BC-6eec0231292c4a4070a2""}]"
Augustine, On Christian Doctrine 1.4.4	medium	incil	yorum_gelenegi	things to use and things to enjoy	Augustine distinguishes temporary things used on the way from God, who is to be enjoyed as beatitude; this interpretive hierarchy clarifies what a rightly ordered preference can mean.	sec16	"[{""line"": 73, ""strength"": ""medium"", ""tradition"": ""incil"", ""kind"": ""yorum_gelenegi"", ""ref"": ""Augustine, On Christian Doctrine 1.4.4"", ""basis"": ""things to use and things to enjoy"", ""note"": ""Augustine distinguishes temporary things used on the way from God, who is to be enjoyed as beatitude; this interpretive hierarchy clarifies what a rightly ordered preference can mean."", ""turn"": 1, ""model"": ""terra"", ""connection_id"": ""BC-fc93c38fd544ce700c8f""}]"
Augustine, Sermon 103	strong	incil	yorum_gelenegi	Martha’s present service and Mary’s lasting portion	Augustine reads Martha’s activity as the present life and Mary’s contemplation as the life to come; this interprets Luke’s portion “not taken away” as the permanent good over the present age.	sec16	"[{""line"": 69, ""strength"": ""strong"", ""tradition"": ""incil"", ""kind"": ""yorum_gelenegi"", ""ref"": ""Augustine, Sermon 103"", ""basis"": ""Martha’s present service and Mary’s lasting portion"", ""note"": ""Augustine reads Martha’s activity as the present life and Mary’s contemplation as the life to come; this interprets Luke’s portion “not taken away” as the permanent good over the present age."", ""turn"": 1, ""model"": ""luna"", ""connection_id"": ""BC-f569952be13a422fa2db""}]"
Didache 1:4-5	strong	incil	motif	give without seeking return	The teaching commands love for enemies and giving without demanding repayment; it turns the commentary’s preference for another over self into a specific Christian practice.	sec16	"[{""line"": 111, ""strength"": ""strong"", ""tradition"": ""incil"", ""kind"": ""motif"", ""ref"": ""Didache 1:4-5"", ""basis"": ""give without seeking return"", ""note"": ""The teaching commands love for enemies and giving without demanding repayment; it turns the commentary’s preference for another over self into a specific Christian practice."", ""turn"": 2, ""model"": ""luna"", ""connection_id"": ""BC-803a7be574ca17912507""}]"
Didache 4:8	strong	incil	motif	sharing perishable goods because of imperishable goods	The Two Ways instruction requires sharing with a needy brother and argues that participants in imperishable things should share perishable things all the more; it unites other-preference with a hierarchy of goods.	sec16	"[{""line"": 114, ""strength"": ""strong"", ""tradition"": ""incil"", ""kind"": ""motif"", ""ref"": ""Didache 4:8"", ""basis"": ""sharing perishable goods because of imperishable goods"", ""note"": ""The Two Ways instruction requires sharing with a needy brother and argues that participants in imperishable things should share perishable things all the more; it unites other-preference with a hierarchy of goods."", ""turn"": 2, ""model"": ""terra"", ""connection_id"": ""BC-c681ad1b349dcc57211e""}]"
Gospel of Thomas 56	weak	incil	motif	world called a corpse	Thomas says one who knows the world has found a corpse and that the world is not worthy of that person; this is a specific, radical devaluation of the world alongside the commentary’s low/dregs imagery, though it does not itself state an afterlife contrast.	sec16	"[{""line"": 113, ""strength"": ""weak"", ""tradition"": ""incil"", ""kind"": ""motif"", ""ref"": ""Gospel of Thomas 56"", ""basis"": ""world called a corpse"", ""note"": ""Thomas says one who knows the world has found a corpse and that the world is not worthy of that person; this is a specific, radical devaluation of the world alongside the commentary’s low/dregs imagery, though it does not itself state an afterlife contrast."", ""turn"": 2, ""model"": ""luna"", ""connection_id"": ""BC-a55d7e2c5a1f4b8f4fa1""}]"
John Chrysostom, Homilies on Matthew 20	medium	incil	yorum_gelenegi	heavenly treasure through almsgiving	Chrysostom reads Jesus’ contrast between earthly and heavenly treasure as a call to give wealth to the poor; this makes the commentary’s choice of the better good an ethical use of possessions.	sec16	"[{""line"": 70, ""strength"": ""medium"", ""tradition"": ""incil"", ""kind"": ""yorum_gelenegi"", ""ref"": ""John Chrysostom, Homilies on Matthew 20"", ""basis"": ""heavenly treasure through almsgiving"", ""note"": ""Chrysostom reads Jesus’ contrast between earthly and heavenly treasure as a call to give wealth to the poor; this makes the commentary’s choice of the better good an ethical use of possessions."", ""turn"": 1, ""model"": ""luna"", ""connection_id"": ""BC-11636f2b5bdd0726a7ba""}]"
SBLGNT:1Cor.1.28	strong	incil	karsi_anlati	God chooses low and despised	God chooses what the world calls low and despised to nullify what is; this directly counters an inference that social lowliness marks what should be discarded.	sec16	"[{""line"": 40, ""strength"": ""strong"", ""tradition"": ""incil"", ""kind"": ""karsi_anlati"", ""ref"": ""SBLGNT:1Cor.1.28"", ""basis"": ""God chooses low and despised"", ""note"": ""God chooses what the world calls low and despised to nullify what is; this directly counters an inference that social lowliness marks what should be discarded."", ""turn"": 1, ""model"": ""terra"", ""connection_id"": ""BC-8699595304f70c3c7b65""}]"
SBLGNT:1Cor.10.24	strong	incil	motif	not one's own interest	The instruction not to seek one's own interest but that of the other gives a compact analogue to the commentary's positive sense of ithar.	sec16	"[{""line"": 66, ""strength"": ""strong"", ""tradition"": ""incil"", ""kind"": ""motif"", ""ref"": ""SBLGNT:1Cor.10.24"", ""basis"": ""not one's own interest"", ""note"": ""The instruction not to seek one's own interest but that of the other gives a compact analogue to the commentary's positive sense of ithar."", ""turn"": 1, ""model"": ""terra"", ""connection_id"": ""BC-1c45991ed222462f62d8""}]"
SBLGNT:1Cor.3.12	strong	incil	motif	gold beside hay and straw | durable materials / wood, hay, straw	Paul contrasts durable building materials with wood, hay, and straw; this gives the commentary’s distinction between selected quality and debris a testable image of works. | Builders use either gold, silver, and precious stones or wood, hay, and straw, a material hierarchy that gives the commentary's selected-versus-dross image a concrete test case.	sec16	"[{""line"": 64, ""strength"": ""medium"", ""tradition"": ""incil"", ""kind"": ""motif"", ""ref"": ""SBLGNT:1Cor.3.12"", ""basis"": ""gold beside hay and straw"", ""note"": ""Paul contrasts durable building materials with wood, hay, and straw; this gives the commentary’s distinction between selected quality and debris a testable image of works."", ""turn"": 1, ""model"": ""luna"", ""connection_id"": ""BC-6d3fd5d30e4894bbf27a""}, {""line"": 110, ""strength"": ""strong"", ""tradition"": ""incil"", ""kind"": ""motif"", ""ref"": ""SBLGNT:1Cor.3.12"", ""basis"": ""durable materials / wood, hay, straw"", ""note"": ""Builders use either gold, silver, and precious stones or wood, hay, and straw, a material hierarchy that gives the commentary's selected-versus-dross image a concrete test case."", ""turn"": 2, ""model"": ""terra"", ""connection_id"": ""BC-e5ca24da49b2dfdfeed1""}]"
SBLGNT:1Cor.3.13	strong	incil	motif	work tested by fire | fire testing each work's quality	Each person’s work is revealed and tested by fire; beside 87:5’s debris and 87:17’s better lasting lot, the verse makes the sorting depend on what endures the test. | The day exposes each person's work and fire tests its quality, so apparent building material is sorted by what endures testing.	sec16	"[{""line"": 65, ""strength"": ""medium"", ""tradition"": ""incil"", ""kind"": ""motif"", ""ref"": ""SBLGNT:1Cor.3.13"", ""basis"": ""work tested by fire"", ""note"": ""Each person’s work is revealed and tested by fire; beside 87:5’s debris and 87:17’s better lasting lot, the verse makes the sorting depend on what endures the test."", ""turn"": 1, ""model"": ""luna"", ""connection_id"": ""BC-7af0f65bd40b3388f252""}, {""line"": 111, ""strength"": ""strong"", ""tradition"": ""incil"", ""kind"": ""motif"", ""ref"": ""SBLGNT:1Cor.3.13"", ""basis"": ""fire testing each work's quality"", ""note"": ""The day exposes each person's work and fire tests its quality, so apparent building material is sorted by what endures testing."", ""turn"": 2, ""model"": ""terra"", ""connection_id"": ""BC-7722a8555b6d35a82fdf""}]"
SBLGNT:1John.2.17	strong	incil	motif	world passes, God’s will remains | passing world / remaining doer	The world and its desires pass away, but the one doing God’s will abides forever; this directly pairs 87:16’s worldly life with 87:17’s lasting alternative. | The world and its desire pass away, while the doer of God's will remains forever; it closely matches the rejected worldly preference and abiding good.	sec16	"[{""line"": 53, ""strength"": ""strong"", ""tradition"": ""incil"", ""kind"": ""motif"", ""ref"": ""SBLGNT:1John.2.17"", ""basis"": ""world passes, God’s will remains"", ""note"": ""The world and its desires pass away, but the one doing God’s will abides forever; this directly pairs 87:16’s worldly life with 87:17’s lasting alternative."", ""turn"": 1, ""model"": ""luna"", ""connection_id"": ""BC-69aa1dcdf92c8861a21b""}, {""line"": 3, ""strength"": ""strong"", ""tradition"": ""incil"", ""kind"": ""motif"", ""ref"": ""SBLGNT:1John.2.17"", ""basis"": ""passing world / remaining doer"", ""note"": ""The world and its desire pass away, while the doer of God's will remains forever; it closely matches the rejected worldly preference and abiding good."", ""turn"": 1, ""model"": ""terra"", ""connection_id"": ""BC-70b260e430d04cab4090""}]"
SBLGNT:1Pet.1.24	strong	incil	motif|yorum_gelenegi	flesh as grass | flesh and glory as grass	Peter quotes Isaiah’s grass and flower fading to describe all flesh; this brings the commentary’s pasture/debris image into an explicit contrast with permanence. | Peter reapplies Isaiah's grass image to all flesh and human glory: grass withers and its flower falls. This makes transient human status explicit beside the commentary's grass and lowly-human imagery.	sec16	"[{""line"": 54, ""strength"": ""strong"", ""tradition"": ""incil"", ""kind"": ""motif"", ""ref"": ""SBLGNT:1Pet.1.24"", ""basis"": ""flesh as grass"", ""note"": ""Peter quotes Isaiah’s grass and flower fading to describe all flesh; this brings the commentary’s pasture/debris image into an explicit contrast with permanence."", ""turn"": 1, ""model"": ""luna"", ""connection_id"": ""BC-99d1fe44db74895f1db5""}, {""line"": 31, ""strength"": ""strong"", ""tradition"": ""incil"", ""kind"": ""yorum_gelenegi"", ""ref"": ""SBLGNT:1Pet.1.24"", ""basis"": ""flesh and glory as grass"", ""note"": ""Peter reapplies Isaiah's grass image to all flesh and human glory: grass withers and its flower falls. This makes transient human status explicit beside the commentary's grass and lowly-human imagery."", ""turn"": 1, ""model"": ""terra"", ""connection_id"": ""BC-8606482f85af6ec4073b""}]"
SBLGNT:1Pet.1.25	strong	incil	yorum_gelenegi	Isaiah’s word applied to gospel | enduring word after grass	Peter applies Isaiah’s enduring word to the good news preached to his hearers; this Christian reading makes the commentary’s recitation in 87:6 an enduring proclamation amid fading life. | Peter's continuation says the Lord's word remains forever and identifies it with the preached good news, interpreting the fading-grass contrast as a durable divine message.	sec16	"[{""line"": 55, ""strength"": ""strong"", ""tradition"": ""incil"", ""kind"": ""yorum_gelenegi"", ""ref"": ""SBLGNT:1Pet.1.25"", ""basis"": ""Isaiah’s word applied to gospel"", ""note"": ""Peter applies Isaiah’s enduring word to the good news preached to his hearers; this Christian reading makes the commentary’s recitation in 87:6 an enduring proclamation amid fading life."", ""turn"": 1, ""model"": ""luna"", ""connection_id"": ""BC-7815f2f4225fd6c36187""}, {""line"": 32, ""strength"": ""strong"", ""tradition"": ""incil"", ""kind"": ""yorum_gelenegi"", ""ref"": ""SBLGNT:1Pet.1.25"", ""basis"": ""enduring word after grass"", ""note"": ""Peter's continuation says the Lord's word remains forever and identifies it with the preached good news, interpreting the fading-grass contrast as a durable divine message."", ""turn"": 1, ""model"": ""terra"", ""connection_id"": ""BC-df9340f83a131a7dd687""}]"
SBLGNT:1Tim.6.16	strong	incil	motif	God alone has immortality	God alone possesses immortality and dwells in unapproachable light, closely corresponding to the commentary's statement that enduring being belongs uniquely to God.	sec16	"[{""line"": 88, ""strength"": ""strong"", ""tradition"": ""incil"", ""kind"": ""motif"", ""ref"": ""SBLGNT:1Tim.6.16"", ""basis"": ""God alone has immortality"", ""note"": ""God alone possesses immortality and dwells in unapproachable light, closely corresponding to the commentary's statement that enduring being belongs uniquely to God."", ""turn"": 2, ""model"": ""terra"", ""connection_id"": ""BC-c559d2d4179dc5d50bea""}]"
SBLGNT:1Tim.6.17	strong	incil	motif	hope not in uncertain riches | uncertain wealth / hope in God	Paul tells the rich not to set hope on uncertain wealth but on God; this sharpens the commentary’s question of which goods deserve to be preferred. | The rich are told not to set hope on uncertain wealth but on God, turning the commentary's hierarchy of goods into an instruction about trust.	sec16	"[{""line"": 59, ""strength"": ""strong"", ""tradition"": ""incil"", ""kind"": ""motif"", ""ref"": ""SBLGNT:1Tim.6.17"", ""basis"": ""hope not in uncertain riches"", ""note"": ""Paul tells the rich not to set hope on uncertain wealth but on God; this sharpens the commentary’s question of which goods deserve to be preferred."", ""turn"": 1, ""model"": ""luna"", ""connection_id"": ""BC-8477dc17bad6b1c9b4e8""}, {""line"": 61, ""strength"": ""strong"", ""tradition"": ""incil"", ""kind"": ""motif"", ""ref"": ""SBLGNT:1Tim.6.17"", ""basis"": ""uncertain wealth / hope in God"", ""note"": ""The rich are told not to set hope on uncertain wealth but on God, turning the commentary's hierarchy of goods into an instruction about trust."", ""turn"": 1, ""model"": ""terra"", ""connection_id"": ""BC-2e86e2b7682a0c90e90e""}]"
SBLGNT:1Tim.6.19	strong	incil	motif	treasure for the future | good foundation for the future	Rich believers are to store a good foundation for the future and take hold of real life; this connects wealth rightly used with a more enduring life. | Generosity stores a good foundation for the future and takes hold of true life, connecting cleanly directed wealth, self-giving, and an enduring good.	sec16	"[{""line"": 60, ""strength"": ""strong"", ""tradition"": ""incil"", ""kind"": ""motif"", ""ref"": ""SBLGNT:1Tim.6.19"", ""basis"": ""treasure for the future"", ""note"": ""Rich believers are to store a good foundation for the future and take hold of real life; this connects wealth rightly used with a more enduring life."", ""turn"": 1, ""model"": ""luna"", ""connection_id"": ""BC-d511e5f945d72ad336f8""}, {""line"": 21, ""strength"": ""strong"", ""tradition"": ""incil"", ""kind"": ""motif"", ""ref"": ""SBLGNT:1Tim.6.19"", ""basis"": ""good foundation for the future"", ""note"": ""Generosity stores a good foundation for the future and takes hold of true life, connecting cleanly directed wealth, self-giving, and an enduring good."", ""turn"": 1, ""model"": ""terra"", ""connection_id"": ""BC-b1976737ca7a8643d808""}]"
SBLGNT:1Tim.6.6	medium	incil	motif	contentment as great gain	Paul calls godliness with contentment great gain; this counters a material reading of “good” wealth by locating true gain in a moral disposition.	sec16	"[{""line"": 110, ""strength"": ""medium"", ""tradition"": ""incil"", ""kind"": ""motif"", ""ref"": ""SBLGNT:1Tim.6.6"", ""basis"": ""contentment as great gain"", ""note"": ""Paul calls godliness with contentment great gain; this counters a material reading of “good” wealth by locating true gain in a moral disposition."", ""turn"": 2, ""model"": ""luna"", ""connection_id"": ""BC-37b1b2273156ca6eb98b""}]"
SBLGNT:2Cor.4.16	strong	incil	motif	outer wasting, inner renewal	Paul says the outer person is wasting away while the inner person is renewed day by day; this adds an inward, present renewal to the commentary’s contrast between decaying debris and abiding good.	sec16	"[{""line"": 107, ""strength"": ""strong"", ""tradition"": ""incil"", ""kind"": ""motif"", ""ref"": ""SBLGNT:2Cor.4.16"", ""basis"": ""outer wasting, inner renewal"", ""note"": ""Paul says the outer person is wasting away while the inner person is renewed day by day; this adds an inward, present renewal to the commentary’s contrast between decaying debris and abiding good."", ""turn"": 2, ""model"": ""luna"", ""connection_id"": ""BC-40c7e3cb76f4947682ce""}]"
SBLGNT:2Cor.4.18	strong	incil	motif	seen temporary, unseen eternal | seen temporary / unseen eternal	Paul contrasts visible things that are temporary with unseen things that are eternal; this states the temporal/permanent valuation underlying 87:16–17. | Paul distinguishes temporary visible things from eternal unseen things, supplying the same evaluative contrast that governs the two sides of the commentary's scale.	sec16	"[{""line"": 56, ""strength"": ""strong"", ""tradition"": ""incil"", ""kind"": ""motif"", ""ref"": ""SBLGNT:2Cor.4.18"", ""basis"": ""seen temporary, unseen eternal"", ""note"": ""Paul contrasts visible things that are temporary with unseen things that are eternal; this states the temporal/permanent valuation underlying 87:16–17."", ""turn"": 1, ""model"": ""luna"", ""connection_id"": ""BC-28c5962adc3f0fddfd55""}, {""line"": 4, ""strength"": ""strong"", ""tradition"": ""incil"", ""kind"": ""motif"", ""ref"": ""SBLGNT:2Cor.4.18"", ""basis"": ""seen temporary / unseen eternal"", ""note"": ""Paul distinguishes temporary visible things from eternal unseen things, supplying the same evaluative contrast that governs the two sides of the commentary's scale."", ""turn"": 1, ""model"": ""terra"", ""connection_id"": ""BC-9ccdfe1c62bc5520eb46""}]"
SBLGNT:2Cor.5.1	strong	incil	motif	earthly tent / eternal house	When the earthly tent is destroyed, believers have an eternal, God-made house in heaven; the image makes earthly dissolution and lasting dwelling a direct pair.	sec16	"[{""line"": 97, ""strength"": ""strong"", ""tradition"": ""incil"", ""kind"": ""motif"", ""ref"": ""SBLGNT:2Cor.5.1"", ""basis"": ""earthly tent / eternal house"", ""note"": ""When the earthly tent is destroyed, believers have an eternal, God-made house in heaven; the image makes earthly dissolution and lasting dwelling a direct pair."", ""turn"": 2, ""model"": ""terra"", ""connection_id"": ""BC-b3674d099d9b93862ef5""}]"
SBLGNT:2Cor.9.9	strong	incil	motif	giving to poor / righteousness remaining	The generous person scatters gifts to the poor and his righteousness remains forever, directly uniting self-giving with the commentary's positive language of what remains.	sec16	"[{""line"": 98, ""strength"": ""strong"", ""tradition"": ""incil"", ""kind"": ""motif"", ""ref"": ""SBLGNT:2Cor.9.9"", ""basis"": ""giving to poor / righteousness remaining"", ""note"": ""The generous person scatters gifts to the poor and his righteousness remains forever, directly uniting self-giving with the commentary's positive language of what remains."", ""turn"": 2, ""model"": ""terra"", ""connection_id"": ""BC-b2b158feaf68d334e8b2""}]"
SBLGNT:2Thess.1.9	strong	incil	motif	eternal destruction	Paul describes the fate of those who reject God as eternal destruction; this is a contrary lasting outcome to the good and abiding afterlife in 87:17.	sec16	"[{""line"": 63, ""strength"": ""strong"", ""tradition"": ""incil"", ""kind"": ""motif"", ""ref"": ""SBLGNT:2Thess.1.9"", ""basis"": ""eternal destruction"", ""note"": ""Paul describes the fate of those who reject God as eternal destruction; this is a contrary lasting outcome to the good and abiding afterlife in 87:17."", ""turn"": 1, ""model"": ""luna"", ""connection_id"": ""BC-4ac376a96585b577ef9c""}]"
SBLGNT:2Tim.2.20	medium	incil	motif	honorable and dishonorable vessels	A household contains gold and silver vessels as well as wooden and earthen ones, some for honor and some for dishonor; this is a concrete image of differentiated worth rather than a shared story.	sec16	"[{""line"": 66, ""strength"": ""medium"", ""tradition"": ""incil"", ""kind"": ""motif"", ""ref"": ""SBLGNT:2Tim.2.20"", ""basis"": ""honorable and dishonorable vessels"", ""note"": ""A household contains gold and silver vessels as well as wooden and earthen ones, some for honor and some for dishonor; this is a concrete image of differentiated worth rather than a shared story."", ""turn"": 1, ""model"": ""luna"", ""connection_id"": ""BC-c1b72cf63fb0abd8e39f""}]"
SBLGNT:2Tim.2.21	medium	incil	motif	cleansed vessel for honorable use	The one who cleanses himself becomes a vessel set apart for honorable use; this adds purification to the commentary’s image of selecting what contains no dross.	sec16	"[{""line"": 67, ""strength"": ""medium"", ""tradition"": ""incil"", ""kind"": ""motif"", ""ref"": ""SBLGNT:2Tim.2.21"", ""basis"": ""cleansed vessel for honorable use"", ""note"": ""The one who cleanses himself becomes a vessel set apart for honorable use; this adds purification to the commentary’s image of selecting what contains no dross."", ""turn"": 1, ""model"": ""luna"", ""connection_id"": ""BC-cd9d0096107f3a2bfb30""}]"
SBLGNT:Acts.20.35	strong	incil	motif	giving more blessed than receiving	Paul recalls Jesus’ saying that giving is more blessed than receiving; this directly illuminates the commentary’s definition of īthār as preferring another through generosity. | Paul's remembered saying of Jesus calls giving more blessed than receiving, a concise valuation of self-giving alongside the commentary's positive preference of others.	sec16	"[{""line"": 103, ""strength"": ""strong"", ""tradition"": ""incil"", ""kind"": ""motif"", ""ref"": ""SBLGNT:Acts.20.35"", ""basis"": ""giving more blessed than receiving"", ""note"": ""Paul recalls Jesus’ saying that giving is more blessed than receiving; this directly illuminates the commentary’s definition of īthār as preferring another through generosity."", ""turn"": 2, ""model"": ""luna"", ""connection_id"": ""BC-b95b0425abadd73cfaa8""}, {""line"": 70, ""strength"": ""medium"", ""tradition"": ""incil"", ""kind"": ""motif"", ""ref"": ""SBLGNT:Acts.20.35"", ""basis"": ""giving more blessed than receiving"", ""note"": ""Paul's remembered saying of Jesus calls giving more blessed than receiving, a concise valuation of self-giving alongside the commentary's positive preference of others."", ""turn"": 1, ""model"": ""terra"", ""connection_id"": ""BC-24eddbc67c170fec88c7""}]"
SBLGNT:Acts.4.35	strong	incil	motif	goods distributed by need	The early community lays sale proceeds at the apostles’ feet and distributes to each as needed; this gives the commentary’s prefer-others sense a concrete communal practice.	sec16	"[{""line"": 101, ""strength"": ""strong"", ""tradition"": ""incil"", ""kind"": ""motif"", ""ref"": ""SBLGNT:Acts.4.35"", ""basis"": ""goods distributed by need"", ""note"": ""The early community lays sale proceeds at the apostles’ feet and distributes to each as needed; this gives the commentary’s prefer-others sense a concrete communal practice."", ""turn"": 2, ""model"": ""luna"", ""connection_id"": ""BC-78f86313405f36a14dfc""}]"
SBLGNT:Acts.5.29	strong	incil	motif	obey God rather than humans | obeying God over humans	The apostles answer threats by saying they must obey God rather than human authorities; this is a concise Christian parallel to choosing divine truth under worldly coercion. | The apostles state that they must obey God rather than humans, a concise Christian formulation of the threatened preference enacted in the commentary's Pharaoh scene.	sec16	"[{""line"": 102, ""strength"": ""strong"", ""tradition"": ""incil"", ""kind"": ""motif"", ""ref"": ""SBLGNT:Acts.5.29"", ""basis"": ""obey God rather than humans"", ""note"": ""The apostles answer threats by saying they must obey God rather than human authorities; this is a concise Christian parallel to choosing divine truth under worldly coercion."", ""turn"": 2, ""model"": ""luna"", ""connection_id"": ""BC-2844dd0af6d0d7a33942""}, {""line"": 28, ""strength"": ""strong"", ""tradition"": ""incil"", ""kind"": ""motif"", ""ref"": ""SBLGNT:Acts.5.29"", ""basis"": ""obeying God over humans"", ""note"": ""The apostles state that they must obey God rather than humans, a concise Christian formulation of the threatened preference enacted in the commentary's Pharaoh scene."", ""turn"": 1, ""model"": ""terra"", ""connection_id"": ""BC-93120629be29b873f68c""}]"
SBLGNT:Col.3.1	strong	incil	motif	seek the things above	Those raised with Christ are instructed to seek the things above, where Christ is, making selection of an upper and lasting good an explicit practice.	sec16	"[{""line"": 102, ""strength"": ""strong"", ""tradition"": ""incil"", ""kind"": ""motif"", ""ref"": ""SBLGNT:Col.3.1"", ""basis"": ""seek the things above"", ""note"": ""Those raised with Christ are instructed to seek the things above, where Christ is, making selection of an upper and lasting good an explicit practice."", ""turn"": 2, ""model"": ""terra"", ""connection_id"": ""BC-00acf308717541417428""}]"
SBLGNT:Col.3.2	strong	incil	motif	mind above, not earth	The command to set the mind on things above rather than things on earth is a concise counterpart to refusing to privilege dunya.	sec16	"[{""line"": 103, ""strength"": ""strong"", ""tradition"": ""incil"", ""kind"": ""motif"", ""ref"": ""SBLGNT:Col.3.2"", ""basis"": ""mind above, not earth"", ""note"": ""The command to set the mind on things above rather than things on earth is a concise counterpart to refusing to privilege dunya."", ""turn"": 2, ""model"": ""terra"", ""connection_id"": ""BC-8e3526a30ca720daede9""}]"
SBLGNT:Gal.6.8	strong	incil	motif	sowing flesh / sowing Spirit	Sowing to the flesh reaps corruption, while sowing to the Spirit reaps eternal life; the agricultural metaphor turns the commentary's two-sided choice into two opposed harvests.	sec16	"[{""line"": 99, ""strength"": ""strong"", ""tradition"": ""incil"", ""kind"": ""motif"", ""ref"": ""SBLGNT:Gal.6.8"", ""basis"": ""sowing flesh / sowing Spirit"", ""note"": ""Sowing to the flesh reaps corruption, while sowing to the Spirit reaps eternal life; the agricultural metaphor turns the commentary's two-sided choice into two opposed harvests."", ""turn"": 2, ""model"": ""terra"", ""connection_id"": ""BC-ca75027f55dca5f85e64""}]"
SBLGNT:Heb.10.34	strong	incil	motif	better and abiding possession	Believers accept confiscation of property because they know they have a better and abiding possession; this nearly reproduces the commentary’s contrast between worldly goods and what is better and lasting. | Those who lose property under pressure accept it joyfully because they know they have a better, abiding possession; this gives the commentary's better-and-more-lasting contrast a concrete setting of threatened choice.	sec16	"[{""line"": 49, ""strength"": ""strong"", ""tradition"": ""incil"", ""kind"": ""motif"", ""ref"": ""SBLGNT:Heb.10.34"", ""basis"": ""better and abiding possession"", ""note"": ""Believers accept confiscation of property because they know they have a better and abiding possession; this nearly reproduces the commentary’s contrast between worldly goods and what is better and lasting."", ""turn"": 1, ""model"": ""luna"", ""connection_id"": ""BC-a1fdc9012b78bbfbda8b""}, {""line"": 1, ""strength"": ""strong"", ""tradition"": ""incil"", ""kind"": ""motif"", ""ref"": ""SBLGNT:Heb.10.34"", ""basis"": ""better and abiding possession"", ""note"": ""Those who lose property under pressure accept it joyfully because they know they have a better, abiding possession; this gives the commentary's better-and-more-lasting contrast a concrete setting of threatened choice."", ""turn"": 1, ""model"": ""terra"", ""connection_id"": ""BC-708081dab2e321199014""}]"
SBLGNT:Heb.11.25	strong	incil	motif	choose hardship over sin’s pleasure | choosing affliction / temporary sin	Moses chooses mistreatment with God’s people over the temporary enjoyment of sin; this makes the choice against present worldly pleasure explicit. | Moses chooses mistreatment with God's people over temporary enjoyment of sin, a direct scriptural action of preferring a costly better good.	sec16	"[{""line"": 50, ""strength"": ""strong"", ""tradition"": ""incil"", ""kind"": ""motif"", ""ref"": ""SBLGNT:Heb.11.25"", ""basis"": ""choose hardship over sin’s pleasure"", ""note"": ""Moses chooses mistreatment with God’s people over the temporary enjoyment of sin; this makes the choice against present worldly pleasure explicit."", ""turn"": 1, ""model"": ""luna"", ""connection_id"": ""BC-38f211d47897f082b05e""}, {""line"": 24, ""strength"": ""strong"", ""tradition"": ""incil"", ""kind"": ""motif"", ""ref"": ""SBLGNT:Heb.11.25"", ""basis"": ""choosing affliction / temporary sin"", ""note"": ""Moses chooses mistreatment with God's people over temporary enjoyment of sin, a direct scriptural action of preferring a costly better good."", ""turn"": 1, ""model"": ""terra"", ""connection_id"": ""BC-453d5921a0a70e115131""}]"
SBLGNT:Heb.11.26	strong	incil	motif	greater wealth and future reward | Egyptian treasure / reward	Moses regards reproach as greater wealth than Egypt’s treasures because he looks to the reward; the verse directly reorders worldly wealth by an enduring good. | Moses judges reproach greater wealth than Egypt's treasures because he looks to the reward; Pharaoh's sphere becomes the setting for a valuation unlike the fleeting ruler's power.	sec16	"[{""line"": 51, ""strength"": ""strong"", ""tradition"": ""incil"", ""kind"": ""motif"", ""ref"": ""SBLGNT:Heb.11.26"", ""basis"": ""greater wealth and future reward"", ""note"": ""Moses regards reproach as greater wealth than Egypt’s treasures because he looks to the reward; the verse directly reorders worldly wealth by an enduring good."", ""turn"": 1, ""model"": ""luna"", ""connection_id"": ""BC-0e1fe0cfbf51729d8a86""}, {""line"": 25, ""strength"": ""strong"", ""tradition"": ""incil"", ""kind"": ""motif"", ""ref"": ""SBLGNT:Heb.11.26"", ""basis"": ""Egyptian treasure / reward"", ""note"": ""Moses judges reproach greater wealth than Egypt's treasures because he looks to the reward; Pharaoh's sphere becomes the setting for a valuation unlike the fleeting ruler's power."", ""turn"": 1, ""model"": ""terra"", ""connection_id"": ""BC-01c4473a553783c724ee""}]"
SBLGNT:Heb.11.35	strong	incil	motif	refuse release for better resurrection | refused release / better resurrection	Some tortured witnesses refuse release so they may obtain a better resurrection; this gives preference for the afterlife a concrete cost in present life. | Tortured faithful people refuse release in order to obtain a better resurrection, a direct instance of choosing costly fidelity for a superior future.	sec16	"[{""line"": 52, ""strength"": ""strong"", ""tradition"": ""incil"", ""kind"": ""motif"", ""ref"": ""SBLGNT:Heb.11.35"", ""basis"": ""refuse release for better resurrection"", ""note"": ""Some tortured witnesses refuse release so they may obtain a better resurrection; this gives preference for the afterlife a concrete cost in present life."", ""turn"": 1, ""model"": ""luna"", ""connection_id"": ""BC-6f3b640ad1fa203077f0""}, {""line"": 10, ""strength"": ""strong"", ""tradition"": ""incil"", ""kind"": ""motif"", ""ref"": ""SBLGNT:Heb.11.35"", ""basis"": ""refused release / better resurrection"", ""note"": ""Tortured faithful people refuse release in order to obtain a better resurrection, a direct instance of choosing costly fidelity for a superior future."", ""turn"": 1, ""model"": ""terra"", ""connection_id"": ""BC-ccaaa3a2615443034b02""}]"
SBLGNT:Heb.12.16	strong	incil	motif|yorum_gelenegi	Esau sells inheritance for one meal | Esau's one meal	Hebrews calls Esau profane because he sells his birthright for one meal; it interprets the Genesis scene as a choice of immediate appetite over inheritance. | Hebrews interprets Esau's sale of the birthright for one meal as profane conduct, making the Genesis choice an ethical reading relevant to the commentary's sorting of choices.	sec16	"[{""line"": 104, ""strength"": ""strong"", ""tradition"": ""incil"", ""kind"": ""motif"", ""ref"": ""SBLGNT:Heb.12.16"", ""basis"": ""Esau sells inheritance for one meal"", ""note"": ""Hebrews calls Esau profane because he sells his birthright for one meal; it interprets the Genesis scene as a choice of immediate appetite over inheritance."", ""turn"": 2, ""model"": ""luna"", ""connection_id"": ""BC-c7fea4f24dabe1e60510""}, {""line"": 52, ""strength"": ""strong"", ""tradition"": ""incil"", ""kind"": ""yorum_gelenegi"", ""ref"": ""SBLGNT:Heb.12.16"", ""basis"": ""Esau's one meal"", ""note"": ""Hebrews interprets Esau's sale of the birthright for one meal as profane conduct, making the Genesis choice an ethical reading relevant to the commentary's sorting of choices."", ""turn"": 1, ""model"": ""terra"", ""connection_id"": ""BC-4be7fcf119e65605591e""}]"
SBLGNT:Heb.12.17	strong	incil	yorum_gelenegi	lost blessing cannot be recovered | lost inherited blessing	Hebrews adds that Esau later seeks the blessing with tears but cannot reverse the outcome; this Christian reading stresses the lasting cost of choosing immediate appetite. | Hebrews adds that Esau later seeks the blessing with tears but cannot reverse the result, stressing the lasting cost of his short-term exchange.	sec16	"[{""line"": 105, ""strength"": ""medium"", ""tradition"": ""incil"", ""kind"": ""yorum_gelenegi"", ""ref"": ""SBLGNT:Heb.12.17"", ""basis"": ""lost blessing cannot be recovered"", ""note"": ""Hebrews adds that Esau later seeks the blessing with tears but cannot reverse the outcome; this Christian reading stresses the lasting cost of choosing immediate appetite."", ""turn"": 2, ""model"": ""luna"", ""connection_id"": ""BC-e4747ac2e6018be78563""}, {""line"": 53, ""strength"": ""strong"", ""tradition"": ""incil"", ""kind"": ""yorum_gelenegi"", ""ref"": ""SBLGNT:Heb.12.17"", ""basis"": ""lost inherited blessing"", ""note"": ""Hebrews adds that Esau later seeks the blessing with tears but cannot reverse the result, stressing the lasting cost of his short-term exchange."", ""turn"": 1, ""model"": ""terra"", ""connection_id"": ""BC-6079da599f37fc796cc0""}]"
SBLGNT:Heb.12.27	strong	incil	motif	shaken things removed, unshaken remaining	What can be shaken is removed so that what cannot be shaken may remain, a close conceptual formulation of sifting away what does not endure.	sec16	"[{""line"": 107, ""strength"": ""strong"", ""tradition"": ""incil"", ""kind"": ""motif"", ""ref"": ""SBLGNT:Heb.12.27"", ""basis"": ""shaken things removed, unshaken remaining"", ""note"": ""What can be shaken is removed so that what cannot be shaken may remain, a close conceptual formulation of sifting away what does not endure."", ""turn"": 2, ""model"": ""terra"", ""connection_id"": ""BC-a3ab6bccd611ff39a600""}]"
SBLGNT:Heb.13.14	strong	incil	motif	no lasting city here | no abiding city here	Hebrews says believers have no lasting city here but seek the one to come; it is an exact spatial formulation of preferring the abiding future to present worldly life. | Believers have no abiding city here but seek the coming one, an especially close counterpart to the claim that the other life is what remains.	sec16	"[{""line"": 106, ""strength"": ""strong"", ""tradition"": ""incil"", ""kind"": ""motif"", ""ref"": ""SBLGNT:Heb.13.14"", ""basis"": ""no lasting city here"", ""note"": ""Hebrews says believers have no lasting city here but seek the one to come; it is an exact spatial formulation of preferring the abiding future to present worldly life."", ""turn"": 2, ""model"": ""luna"", ""connection_id"": ""BC-435152834316ab108f46""}, {""line"": 13, ""strength"": ""strong"", ""tradition"": ""incil"", ""kind"": ""motif"", ""ref"": ""SBLGNT:Heb.13.14"", ""basis"": ""no abiding city here"", ""note"": ""Believers have no abiding city here but seek the coming one, an especially close counterpart to the claim that the other life is what remains."", ""turn"": 1, ""model"": ""terra"", ""connection_id"": ""BC-2019471e280a7cfc2ddc""}]"
SBLGNT:Heb.6.10	strong	incil	motif	God not forgetting charitable service	God is not unjust so as to forget the work and love shown in serving the saints, turning 87:6's not-forgetting into the preservation of acts of care.	sec16	"[{""line"": 106, ""strength"": ""strong"", ""tradition"": ""incil"", ""kind"": ""motif"", ""ref"": ""SBLGNT:Heb.6.10"", ""basis"": ""God not forgetting charitable service"", ""note"": ""God is not unjust so as to forget the work and love shown in serving the saints, turning 87:6's not-forgetting into the preservation of acts of care."", ""turn"": 2, ""model"": ""terra"", ""connection_id"": ""BC-7b7800ef35bcf6a261a4""}]"
SBLGNT:Heb.6.7	strong	incil	motif	useful crop receiving blessing	Land that produces a useful crop for those who cultivate it receives blessing from God, setting fruitful vegetation on the accepted side of a moral agricultural image.	sec16	"[{""line"": 104, ""strength"": ""strong"", ""tradition"": ""incil"", ""kind"": ""motif"", ""ref"": ""SBLGNT:Heb.6.7"", ""basis"": ""useful crop receiving blessing"", ""note"": ""Land that produces a useful crop for those who cultivate it receives blessing from God, setting fruitful vegetation on the accepted side of a moral agricultural image."", ""turn"": 2, ""model"": ""terra"", ""connection_id"": ""BC-1f1e62718c530b7bd0f3""}]"
SBLGNT:Heb.6.8	strong	incil	motif	thorns rejected and burned	Land producing thorns and thistles is rejected, near a curse, and ends in burning; it supplies a fully developed counterpart to pasture becoming useless refuse.	sec16	"[{""line"": 105, ""strength"": ""strong"", ""tradition"": ""incil"", ""kind"": ""motif"", ""ref"": ""SBLGNT:Heb.6.8"", ""basis"": ""thorns rejected and burned"", ""note"": ""Land producing thorns and thistles is rejected, near a curse, and ends in burning; it supplies a fully developed counterpart to pasture becoming useless refuse."", ""turn"": 2, ""model"": ""terra"", ""connection_id"": ""BC-d2081edead722e7a545e""}]"
SBLGNT:Jas.1.10	strong	incil	motif	rich person fades like flower | rich person / flower of grass	James says the rich person will pass away like a field flower; the image echoes the commentary’s pasture that becomes debris and exposes worldly status as transient. | The rich person's humiliation is likened to a flower of grass that passes away, directly tying social wealth to the commentary's flowerlike worldly life.	sec16	"[{""line"": 61, ""strength"": ""strong"", ""tradition"": ""incil"", ""kind"": ""motif"", ""ref"": ""SBLGNT:Jas.1.10"", ""basis"": ""rich person fades like flower"", ""note"": ""James says the rich person will pass away like a field flower; the image echoes the commentary’s pasture that becomes debris and exposes worldly status as transient."", ""raw_ref"": ""SBLGNT:James.1.10"", ""reference_resolution"": ""edition-book-names-v2"", ""turn"": 1, ""model"": ""luna"", ""connection_id"": ""BC-bc1a610ed8f911e7a7ac""}, {""line"": 33, ""strength"": ""strong"", ""tradition"": ""incil"", ""kind"": ""motif"", ""ref"": ""SBLGNT:Jas.1.10"", ""basis"": ""rich person / flower of grass"", ""note"": ""The rich person's humiliation is likened to a flower of grass that passes away, directly tying social wealth to the commentary's flowerlike worldly life."", ""turn"": 1, ""model"": ""terra"", ""connection_id"": ""BC-f57bd1ae884f1a3bf016""}]"
SBLGNT:Jas.1.11	strong	incil	motif	flower withers in heat | scorched grass and fading riches	The next verse depicts the flower falling and its beauty perishing; it extends the specific fading-flower image against the permanence of 87:17. | Sun and heat wither grass, drop its flower, and destroy its beauty; James applies that process to the rich person's pursuits, closely matching the meadow's discarded end.	sec16	"[{""line"": 62, ""strength"": ""medium"", ""tradition"": ""incil"", ""kind"": ""motif"", ""ref"": ""SBLGNT:Jas.1.11"", ""basis"": ""flower withers in heat"", ""note"": ""The next verse depicts the flower falling and its beauty perishing; it extends the specific fading-flower image against the permanence of 87:17."", ""raw_ref"": ""SBLGNT:James.1.11"", ""reference_resolution"": ""edition-book-names-v2"", ""turn"": 1, ""model"": ""luna"", ""connection_id"": ""BC-7bca6b5f4e6ff795566a""}, {""line"": 34, ""strength"": ""strong"", ""tradition"": ""incil"", ""kind"": ""motif"", ""ref"": ""SBLGNT:Jas.1.11"", ""basis"": ""scorched grass and fading riches"", ""note"": ""Sun and heat wither grass, drop its flower, and destroy its beauty; James applies that process to the rich person's pursuits, closely matching the meadow's discarded end."", ""turn"": 1, ""model"": ""terra"", ""connection_id"": ""BC-a0470f248284dd1721c6""}]"
SBLGNT:Jas.1.25	strong	incil	motif	not a forgetful hearer	The person who continues in the perfect law is not a forgetful hearer but an active doer and is blessed, a specific ethical contrast for the commentary's forgetting motif.	sec16	"[{""line"": 108, ""strength"": ""strong"", ""tradition"": ""incil"", ""kind"": ""motif"", ""ref"": ""SBLGNT:Jas.1.25"", ""basis"": ""not a forgetful hearer"", ""note"": ""The person who continues in the perfect law is not a forgetful hearer but an active doer and is blessed, a specific ethical contrast for the commentary's forgetting motif."", ""turn"": 2, ""model"": ""terra"", ""connection_id"": ""BC-1ac7ea09694d4cc8fc4a""}]"
SBLGNT:Jas.2.5	strong	incil	karsi_anlati	poor chosen as kingdom heirs	God chooses the poor in the world as rich in faith and heirs of the kingdom, reversing worldly rank while preserving the commentary's horizon of enduring inheritance.	sec16	"[{""line"": 41, ""strength"": ""strong"", ""tradition"": ""incil"", ""kind"": ""karsi_anlati"", ""ref"": ""SBLGNT:Jas.2.5"", ""basis"": ""poor chosen as kingdom heirs"", ""note"": ""God chooses the poor in the world as rich in faith and heirs of the kingdom, reversing worldly rank while preserving the commentary's horizon of enduring inheritance."", ""turn"": 1, ""model"": ""terra"", ""connection_id"": ""BC-8b9415d646a1db072a1e""}]"
SBLGNT:Jas.5.2	strong	incil	motif	riches and clothing decay	James says riches have rotted and garments are moth-eaten; this concretely exposes the perishability of the goods preferred in 87:16.	sec16	"[{""line"": 109, ""strength"": ""strong"", ""tradition"": ""incil"", ""kind"": ""motif"", ""ref"": ""SBLGNT:Jas.5.2"", ""basis"": ""riches and clothing decay"", ""note"": ""James says riches have rotted and garments are moth-eaten; this concretely exposes the perishability of the goods preferred in 87:16."", ""raw_ref"": ""SBLGNT:James.5.2"", ""reference_resolution"": ""edition-book-names-v2"", ""turn"": 2, ""model"": ""luna"", ""connection_id"": ""BC-ff22d8809056e85f536f""}]"
SBLGNT:John.12.25	strong	incil	motif	life in this world versus eternal life | life in this world / eternal life	Jesus says the one who loves life in this world loses it, while the one who hates it keeps it for eternal life; this directly addresses the preference named in 87:16. | Loving one's life in this world loses it, while relinquishing it keeps it for eternal life; the verse makes the commentary's preference an existential choice.	sec16	"[{""line"": 45, ""strength"": ""strong"", ""tradition"": ""incil"", ""kind"": ""motif"", ""ref"": ""SBLGNT:John.12.25"", ""basis"": ""life in this world versus eternal life"", ""note"": ""Jesus says the one who loves life in this world loses it, while the one who hates it keeps it for eternal life; this directly addresses the preference named in 87:16."", ""turn"": 1, ""model"": ""luna"", ""connection_id"": ""BC-362ea108fe5389f851b0""}, {""line"": 11, ""strength"": ""strong"", ""tradition"": ""incil"", ""kind"": ""motif"", ""ref"": ""SBLGNT:John.12.25"", ""basis"": ""life in this world / eternal life"", ""note"": ""Loving one's life in this world loses it, while relinquishing it keeps it for eternal life; the verse makes the commentary's preference an existential choice."", ""turn"": 1, ""model"": ""terra"", ""connection_id"": ""BC-ef75e992693d7aa5ce56""}]"
SBLGNT:John.15.6	strong	incil	motif	non-abiding branch withers and burns	A branch that does not remain in Christ is thrown outside, withers, and is gathered for fire; it joins abiding, vegetable waste, and adverse finality.	sec16	"[{""line"": 109, ""strength"": ""strong"", ""tradition"": ""incil"", ""kind"": ""motif"", ""ref"": ""SBLGNT:John.15.6"", ""basis"": ""non-abiding branch withers and burns"", ""note"": ""A branch that does not remain in Christ is thrown outside, withers, and is gathered for fire; it joins abiding, vegetable waste, and adverse finality."", ""turn"": 2, ""model"": ""terra"", ""connection_id"": ""BC-ead45bc0ce6e8eb8e218""}]"
SBLGNT:John.6.27	strong	incil	motif	perishing food / remaining food	Jesus contrasts food that perishes with food remaining into eternal life, directly framing worldly provision against what abides.	sec16	"[{""line"": 2, ""strength"": ""strong"", ""tradition"": ""incil"", ""kind"": ""motif"", ""ref"": ""SBLGNT:John.6.27"", ""basis"": ""perishing food / remaining food"", ""note"": ""Jesus contrasts food that perishes with food remaining into eternal life, directly framing worldly provision against what abides."", ""turn"": 1, ""model"": ""terra"", ""connection_id"": ""BC-11650f20de15b77dc533""}]"
SBLGNT:Luke.10.42	strong	incil	motif	chosen portion not taken away	Jesus says Mary chose the good portion that will not be taken from her; it combines choosing what is better with its permanence, as in 87:17.	sec16	"[{""line"": 41, ""strength"": ""strong"", ""tradition"": ""incil"", ""kind"": ""motif"", ""ref"": ""SBLGNT:Luke.10.42"", ""basis"": ""chosen portion not taken away"", ""note"": ""Jesus says Mary chose the good portion that will not be taken from her; it combines choosing what is better with its permanence, as in 87:17."", ""turn"": 1, ""model"": ""luna"", ""connection_id"": ""BC-2b2f8207bbd3e21ed62a""}]"
SBLGNT:Luke.12.20	strong	incil	motif	rich fool dies that night | rich fool's stored goods	God tells the prosperous barn-builder that his life is demanded that night; this exposes the fragility of the worldly accumulation preferred in 87:16. | The rich fool's life is demanded on the night he relies on accumulated goods, so his planned abundance cannot secure a remaining possession.	sec16	"[{""line"": 42, ""strength"": ""strong"", ""tradition"": ""incil"", ""kind"": ""motif"", ""ref"": ""SBLGNT:Luke.12.20"", ""basis"": ""rich fool dies that night"", ""note"": ""God tells the prosperous barn-builder that his life is demanded that night; this exposes the fragility of the worldly accumulation preferred in 87:16."", ""turn"": 1, ""model"": ""luna"", ""connection_id"": ""BC-f1d96eb29c08d92d42e1""}, {""line"": 19, ""strength"": ""strong"", ""tradition"": ""incil"", ""kind"": ""motif"", ""ref"": ""SBLGNT:Luke.12.20"", ""basis"": ""rich fool's stored goods"", ""note"": ""The rich fool's life is demanded on the night he relies on accumulated goods, so his planned abundance cannot secure a remaining possession."", ""turn"": 1, ""model"": ""terra"", ""connection_id"": ""BC-a6182c34fbac588d17af""}]"
SBLGNT:Luke.12.21	strong	incil	motif	not rich toward God | rich toward God	Jesus concludes that the one who stores treasure for himself but is not rich toward God is a fool; the contrast gives moral content to what counts as good wealth. | The parable's conclusion contrasts laying up treasure for oneself with being rich toward God, a moral qualification of what counts as valuable wealth.	sec16	"[{""line"": 43, ""strength"": ""strong"", ""tradition"": ""incil"", ""kind"": ""motif"", ""ref"": ""SBLGNT:Luke.12.21"", ""basis"": ""not rich toward God"", ""note"": ""Jesus concludes that the one who stores treasure for himself but is not rich toward God is a fool; the contrast gives moral content to what counts as good wealth."", ""turn"": 1, ""model"": ""luna"", ""connection_id"": ""BC-d8a98b891a9a7c312874""}, {""line"": 20, ""strength"": ""strong"", ""tradition"": ""incil"", ""kind"": ""motif"", ""ref"": ""SBLGNT:Luke.12.21"", ""basis"": ""rich toward God"", ""note"": ""The parable's conclusion contrasts laying up treasure for oneself with being rich toward God, a moral qualification of what counts as valuable wealth."", ""turn"": 1, ""model"": ""terra"", ""connection_id"": ""BC-888313fcb6969d87293d""}]"
SBLGNT:Luke.12.33	strong	incil	motif	imperishable treasure through giving	Jesus tells disciples to sell possessions and give alms, storing unfailing treasure in heaven; it joins the commentary’s selfless preference for others to its better, more lasting good.	sec16	"[{""line"": 97, ""strength"": ""strong"", ""tradition"": ""incil"", ""kind"": ""motif"", ""ref"": ""SBLGNT:Luke.12.33"", ""basis"": ""imperishable treasure through giving"", ""note"": ""Jesus tells disciples to sell possessions and give alms, storing unfailing treasure in heaven; it joins the commentary’s selfless preference for others to its better, more lasting good."", ""turn"": 2, ""model"": ""luna"", ""connection_id"": ""BC-a528bd05a995a8ce23d8""}]"
SBLGNT:Luke.14.13	strong	incil	motif	invite those unable to repay | feast for those unable to repay	Jesus says to invite the poor, disabled, lame, and blind rather than repayable guests; this enacts the commentary’s preference for another over oneself. | Jesus tells a host to invite poor, crippled, lame, and blind people rather than reciprocal guests, a practical enactment of preferring another's need over self-advantage.	sec16	"[{""line"": 98, ""strength"": ""strong"", ""tradition"": ""incil"", ""kind"": ""motif"", ""ref"": ""SBLGNT:Luke.14.13"", ""basis"": ""invite those unable to repay"", ""note"": ""Jesus says to invite the poor, disabled, lame, and blind rather than repayable guests; this enacts the commentary’s preference for another over oneself."", ""turn"": 2, ""model"": ""luna"", ""connection_id"": ""BC-76a3ad7e7c3e68710c98""}, {""line"": 62, ""strength"": ""strong"", ""tradition"": ""incil"", ""kind"": ""motif"", ""ref"": ""SBLGNT:Luke.14.13"", ""basis"": ""feast for those unable to repay"", ""note"": ""Jesus tells a host to invite poor, crippled, lame, and blind people rather than reciprocal guests, a practical enactment of preferring another's need over self-advantage."", ""turn"": 1, ""model"": ""terra"", ""connection_id"": ""BC-54e0ccda6bb5d867eb6e""}]"
SBLGNT:Luke.14.14	strong	incil	motif	repayment at resurrection | repayment at righteous resurrection	The host who cannot be repaid now will be repaid at the resurrection of the righteous; it connects selfless preference with a future reward instead of worldly return. | Because such guests cannot repay, God repays the host at the resurrection of the righteous; generosity is explicitly joined to the lasting future.	sec16	"[{""line"": 99, ""strength"": ""strong"", ""tradition"": ""incil"", ""kind"": ""motif"", ""ref"": ""SBLGNT:Luke.14.14"", ""basis"": ""repayment at resurrection"", ""note"": ""The host who cannot be repaid now will be repaid at the resurrection of the righteous; it connects selfless preference with a future reward instead of worldly return."", ""turn"": 2, ""model"": ""luna"", ""connection_id"": ""BC-f929c0809eacaf97d1e2""}, {""line"": 63, ""strength"": ""strong"", ""tradition"": ""incil"", ""kind"": ""motif"", ""ref"": ""SBLGNT:Luke.14.14"", ""basis"": ""repayment at righteous resurrection"", ""note"": ""Because such guests cannot repay, God repays the host at the resurrection of the righteous; generosity is explicitly joined to the lasting future."", ""turn"": 1, ""model"": ""terra"", ""connection_id"": ""BC-ada7cea4ba876e5214e5""}]"
SBLGNT:Luke.16.25	strong	incil	motif	reversal after death | rich man's good things / Lazarus's comfort	Abraham tells the rich man he received good things in life while Lazarus received bad, but now Lazarus is comforted and he is in anguish; this is a concrete reversal of worldly valuation in the afterlife. | Abraham recalls that the rich man received good things in life while Lazarus received bad, but their postmortem conditions are reversed; it tests what worldly “good” is worth.	sec16	"[{""line"": 44, ""strength"": ""strong"", ""tradition"": ""incil"", ""kind"": ""motif"", ""ref"": ""SBLGNT:Luke.16.25"", ""basis"": ""reversal after death"", ""note"": ""Abraham tells the rich man he received good things in life while Lazarus received bad, but now Lazarus is comforted and he is in anguish; this is a concrete reversal of worldly valuation in the afterlife."", ""turn"": 1, ""model"": ""luna"", ""connection_id"": ""BC-cf39bd50993ca9f898d1""}, {""line"": 16, ""strength"": ""strong"", ""tradition"": ""incil"", ""kind"": ""motif"", ""ref"": ""SBLGNT:Luke.16.25"", ""basis"": ""rich man's good things / Lazarus's comfort"", ""note"": ""Abraham recalls that the rich man received good things in life while Lazarus received bad, but their postmortem conditions are reversed; it tests what worldly “good” is worth."", ""turn"": 1, ""model"": ""terra"", ""connection_id"": ""BC-1dfd08fb9af042819bf1""}]"
SBLGNT:Luke.3.17	strong	incil	motif	wheat and chaff at judgment	Luke’s parallel report likewise gathers wheat and burns chaff; its own version makes the commentary’s sorting of selected and discarded outcomes eschatological.	sec16	"[{""line"": 33, ""strength"": ""strong"", ""tradition"": ""incil"", ""kind"": ""motif"", ""ref"": ""SBLGNT:Luke.3.17"", ""basis"": ""wheat and chaff at judgment"", ""note"": ""Luke’s parallel report likewise gathers wheat and burns chaff; its own version makes the commentary’s sorting of selected and discarded outcomes eschatological."", ""turn"": 1, ""model"": ""luna"", ""connection_id"": ""BC-972ca64ca36ad2452d38""}]"
SBLGNT:Mark.10.29	strong	incil	motif	leaving goods for the gospel	Jesus promises recognition to those who leave house, kin, or lands for him and the gospel; this gives a concrete cost to choosing the enduring good over present attachments.	sec16	"[{""line"": 95, ""strength"": ""strong"", ""tradition"": ""incil"", ""kind"": ""motif"", ""ref"": ""SBLGNT:Mark.10.29"", ""basis"": ""leaving goods for the gospel"", ""note"": ""Jesus promises recognition to those who leave house, kin, or lands for him and the gospel; this gives a concrete cost to choosing the enduring good over present attachments."", ""turn"": 2, ""model"": ""luna"", ""connection_id"": ""BC-38c03c4daf01e45ff038""}]"
SBLGNT:Mark.10.30	strong	incil	motif	eternal life in the coming age	The promise culminates in eternal life in the coming age; this supplies the lasting outcome that frames the worldly losses of the preceding verse.	sec16	"[{""line"": 96, ""strength"": ""strong"", ""tradition"": ""incil"", ""kind"": ""motif"", ""ref"": ""SBLGNT:Mark.10.30"", ""basis"": ""eternal life in the coming age"", ""note"": ""The promise culminates in eternal life in the coming age; this supplies the lasting outcome that frames the worldly losses of the preceding verse."", ""turn"": 2, ""model"": ""luna"", ""connection_id"": ""BC-fc51f84a309afb1f7583""}]"
SBLGNT:Mark.8.36	strong	incil	motif	gain the world, lose life | whole world / forfeited life	Jesus asks what profit it is to gain the whole world and forfeit one’s life; this directly rebukes the preference for worldly life in 87:16. | The question about gaining the whole world while forfeiting one's life concentrates worldly acquisition and ultimate loss into the commentary's two-sided valuation.	sec16	"[{""line"": 40, ""strength"": ""strong"", ""tradition"": ""incil"", ""kind"": ""motif"", ""ref"": ""SBLGNT:Mark.8.36"", ""basis"": ""gain the world, lose life"", ""note"": ""Jesus asks what profit it is to gain the whole world and forfeit one’s life; this directly rebukes the preference for worldly life in 87:16."", ""turn"": 1, ""model"": ""luna"", ""connection_id"": ""BC-a7db2f85cefac79b1be3""}, {""line"": 12, ""strength"": ""strong"", ""tradition"": ""incil"", ""kind"": ""motif"", ""ref"": ""SBLGNT:Mark.8.36"", ""basis"": ""whole world / forfeited life"", ""note"": ""The question about gaining the whole world while forfeiting one's life concentrates worldly acquisition and ultimate loss into the commentary's two-sided valuation."", ""turn"": 1, ""model"": ""terra"", ""connection_id"": ""BC-c22d1f52a163f4f6d315""}]"
SBLGNT:Matt.13.22	strong	incil	motif	wealth's deceit chokes the word	The worry of the age and deceitfulness of wealth choke the word and make it fruitless, a specific New Testament account of worldly preference producing spiritual waste.	sec16	"[{""line"": 60, ""strength"": ""strong"", ""tradition"": ""incil"", ""kind"": ""motif"", ""ref"": ""SBLGNT:Matt.13.22"", ""basis"": ""wealth's deceit chokes the word"", ""note"": ""The worry of the age and deceitfulness of wealth choke the word and make it fruitless, a specific New Testament account of worldly preference producing spiritual waste."", ""turn"": 1, ""model"": ""terra"", ""connection_id"": ""BC-16cd9e5868b9a54dda49""}]"
SBLGNT:Matt.13.30	strong	incil	motif	weeds gathered for burning	At harvest the weeds are gathered and burned while wheat is stored; the parable gives the commentary’s “selection” a concrete scene of separating what is retained from what is discarded.	sec16	"[{""line"": 34, ""strength"": ""strong"", ""tradition"": ""incil"", ""kind"": ""motif"", ""ref"": ""SBLGNT:Matt.13.30"", ""basis"": ""weeds gathered for burning"", ""note"": ""At harvest the weeds are gathered and burned while wheat is stored; the parable gives the commentary’s “selection” a concrete scene of separating what is retained from what is discarded."", ""turn"": 1, ""model"": ""luna"", ""connection_id"": ""BC-7e1fae7f36344ef97abc""}]"
SBLGNT:Matt.13.48	strong	incil	motif	good fish and bad fish | good fish collected, bad thrown out	The net’s good fish are kept in vessels and the bad thrown away; this closely matches the commentary’s selected, dreg-free lot versus discarded residue. | In the net parable, fish are sorted: the good are collected into containers and the bad thrown outside. It is a precise sorting image for selected good and rejected refuse.	sec16	"[{""line"": 35, ""strength"": ""strong"", ""tradition"": ""incil"", ""kind"": ""motif"", ""ref"": ""SBLGNT:Matt.13.48"", ""basis"": ""good fish and bad fish"", ""note"": ""The net’s good fish are kept in vessels and the bad thrown away; this closely matches the commentary’s selected, dreg-free lot versus discarded residue."", ""turn"": 1, ""model"": ""luna"", ""connection_id"": ""BC-d1353fc63d7c09b5da7f""}, {""line"": 90, ""strength"": ""strong"", ""tradition"": ""incil"", ""kind"": ""motif"", ""ref"": ""SBLGNT:Matt.13.48"", ""basis"": ""good fish collected, bad thrown out"", ""note"": ""In the net parable, fish are sorted: the good are collected into containers and the bad thrown outside. It is a precise sorting image for selected good and rejected refuse."", ""turn"": 2, ""model"": ""terra"", ""connection_id"": ""BC-8bdcd5581055b88b7cb7""}]"
SBLGNT:Matt.13.49	strong	incil	motif	angels separate wicked from righteous	Jesus explains the net as a final separation of the evil from the righteous, giving the preceding culling image an explicitly eschatological value judgment.	sec16	"[{""line"": 91, ""strength"": ""strong"", ""tradition"": ""incil"", ""kind"": ""motif"", ""ref"": ""SBLGNT:Matt.13.49"", ""basis"": ""angels separate wicked from righteous"", ""note"": ""Jesus explains the net as a final separation of the evil from the righteous, giving the preceding culling image an explicitly eschatological value judgment."", ""turn"": 2, ""model"": ""terra"", ""connection_id"": ""BC-2b198f1f788391d03cfe""}]"
SBLGNT:Matt.19.21	strong	incil	motif	treasure in heaven over possessions | giving possessions / treasure in heaven	Jesus tells the rich inquirer to sell his possessions, give to the poor, and follow him for treasure in heaven; this makes the better, lasting choice costly and relational. | Jesus tells the rich man to give his possessions to the poor and have treasure in heaven, turning a costly redistribution into an enduring treasure.	sec16	"[{""line"": 93, ""strength"": ""strong"", ""tradition"": ""incil"", ""kind"": ""motif"", ""ref"": ""SBLGNT:Matt.19.21"", ""basis"": ""treasure in heaven over possessions"", ""note"": ""Jesus tells the rich inquirer to sell his possessions, give to the poor, and follow him for treasure in heaven; this makes the better, lasting choice costly and relational."", ""turn"": 2, ""model"": ""luna"", ""connection_id"": ""BC-b176a30e7c7051942172""}, {""line"": 94, ""strength"": ""strong"", ""tradition"": ""incil"", ""kind"": ""motif"", ""ref"": ""SBLGNT:Matt.19.21"", ""basis"": ""giving possessions / treasure in heaven"", ""note"": ""Jesus tells the rich man to give his possessions to the poor and have treasure in heaven, turning a costly redistribution into an enduring treasure."", ""turn"": 2, ""model"": ""terra"", ""connection_id"": ""BC-60534ab838ebf34da6f6""}]"
SBLGNT:Matt.19.22	strong	incil	motif	wealth prevents the choice	The inquirer leaves grieving because he has many possessions; the narrative concretely shows worldly wealth winning out over the offered lasting good.	sec16	"[{""line"": 94, ""strength"": ""strong"", ""tradition"": ""incil"", ""kind"": ""motif"", ""ref"": ""SBLGNT:Matt.19.22"", ""basis"": ""wealth prevents the choice"", ""note"": ""The inquirer leaves grieving because he has many possessions; the narrative concretely shows worldly wealth winning out over the offered lasting good."", ""turn"": 2, ""model"": ""luna"", ""connection_id"": ""BC-aafcfdf1b44d22de67f4""}]"
SBLGNT:Matt.25.32	strong	incil	motif	sheep separated from goats	The Son of Man separates all nations as a shepherd separates sheep and goats; this makes the commentary’s two lots a final moral sorting of people.	sec16	"[{""line"": 36, ""strength"": ""strong"", ""tradition"": ""incil"", ""kind"": ""motif"", ""ref"": ""SBLGNT:Matt.25.32"", ""basis"": ""sheep separated from goats"", ""note"": ""The Son of Man separates all nations as a shepherd separates sheep and goats; this makes the commentary’s two lots a final moral sorting of people."", ""turn"": 1, ""model"": ""luna"", ""connection_id"": ""BC-645e3d54403ba0842c64""}]"
SBLGNT:Matt.25.40	strong	incil	karsi_anlati|motif	service to the least and the kingdom | the least identified with the king	The king identifies care for the least with service to himself; in the scene’s inheritance of the kingdom, this makes the commentary’s giving priority to another an act with lasting consequence. | Care given to the least of the king's brothers is counted as care given to the king himself, reversing any association of socially low people with discardable material.	sec16	"[{""line"": 100, ""strength"": ""strong"", ""tradition"": ""incil"", ""kind"": ""motif"", ""ref"": ""SBLGNT:Matt.25.40"", ""basis"": ""service to the least and the kingdom"", ""note"": ""The king identifies care for the least with service to himself; in the scene’s inheritance of the kingdom, this makes the commentary’s giving priority to another an act with lasting consequence."", ""turn"": 2, ""model"": ""luna"", ""connection_id"": ""BC-dcc90f8af66672d1d730""}, {""line"": 92, ""strength"": ""strong"", ""tradition"": ""incil"", ""kind"": ""karsi_anlati"", ""ref"": ""SBLGNT:Matt.25.40"", ""basis"": ""the least identified with the king"", ""note"": ""Care given to the least of the king's brothers is counted as care given to the king himself, reversing any association of socially low people with discardable material."", ""turn"": 2, ""model"": ""terra"", ""connection_id"": ""BC-b3aad0f96c2b45f2dd68""}]"
SBLGNT:Matt.25.46	strong	incil	motif	eternal punishment and life | eternal punishment / eternal life	The separated groups go to eternal punishment or eternal life; it gives concrete lasting consequences to the selection scene. | The final separation explicitly pairs eternal punishment with eternal life, the same warning that permanence can belong to punishment as well as blessedness.	sec16	"[{""line"": 37, ""strength"": ""strong"", ""tradition"": ""incil"", ""kind"": ""motif"", ""ref"": ""SBLGNT:Matt.25.46"", ""basis"": ""eternal punishment and life"", ""note"": ""The separated groups go to eternal punishment or eternal life; it gives concrete lasting consequences to the selection scene."", ""turn"": 1, ""model"": ""luna"", ""connection_id"": ""BC-c2fb590b9b9d15cfe2e3""}, {""line"": 8, ""strength"": ""strong"", ""tradition"": ""incil"", ""kind"": ""motif"", ""ref"": ""SBLGNT:Matt.25.46"", ""basis"": ""eternal punishment / eternal life"", ""note"": ""The final separation explicitly pairs eternal punishment with eternal life, the same warning that permanence can belong to punishment as well as blessedness."", ""turn"": 1, ""model"": ""terra"", ""connection_id"": ""BC-496cb1f31c5b149a0209""}]"
SBLGNT:Matt.3.12	strong	incil	motif	wheat gathered, chaff burned | wheat gathered and chaff burned	John’s winnowing image gathers wheat into the barn and burns chaff; it directly joins the commentary’s debris image to a separation of lasting good from refuse. | The coming judge gathers wheat into the barn and burns chaff with unquenchable fire, combining selected produce, discarded plant matter, and lasting adverse judgment.	sec16	"[{""line"": 32, ""strength"": ""strong"", ""tradition"": ""incil"", ""kind"": ""motif"", ""ref"": ""SBLGNT:Matt.3.12"", ""basis"": ""wheat gathered, chaff burned"", ""note"": ""John’s winnowing image gathers wheat into the barn and burns chaff; it directly joins the commentary’s debris image to a separation of lasting good from refuse."", ""turn"": 1, ""model"": ""luna"", ""connection_id"": ""BC-2e8b3940af5b47294f32""}, {""line"": 89, ""strength"": ""strong"", ""tradition"": ""incil"", ""kind"": ""motif"", ""ref"": ""SBLGNT:Matt.3.12"", ""basis"": ""wheat gathered and chaff burned"", ""note"": ""The coming judge gathers wheat into the barn and burns chaff with unquenchable fire, combining selected produce, discarded plant matter, and lasting adverse judgment."", ""turn"": 2, ""model"": ""terra"", ""connection_id"": ""BC-5b526e3c4e4b803d745f""}]"
SBLGNT:Matt.6.19	strong	incil	motif	treasures decay on earth | earthly treasure's decay	Jesus warns that earthly treasure is vulnerable to moth and corrosion; this explains why the life and goods preferred in 87:16 cannot be the abiding good of 87:17. | Treasure on earth is subject to moth, corrosion, and theft, concretizing the commentary's claim that the worldly side is not what lasts.	sec16	"[{""line"": 38, ""strength"": ""strong"", ""tradition"": ""incil"", ""kind"": ""motif"", ""ref"": ""SBLGNT:Matt.6.19"", ""basis"": ""treasures decay on earth"", ""note"": ""Jesus warns that earthly treasure is vulnerable to moth and corrosion; this explains why the life and goods preferred in 87:16 cannot be the abiding good of 87:17."", ""turn"": 1, ""model"": ""luna"", ""connection_id"": ""BC-47b39fd06d644f254573""}, {""line"": 17, ""strength"": ""strong"", ""tradition"": ""incil"", ""kind"": ""motif"", ""ref"": ""SBLGNT:Matt.6.19"", ""basis"": ""earthly treasure's decay"", ""note"": ""Treasure on earth is subject to moth, corrosion, and theft, concretizing the commentary's claim that the worldly side is not what lasts."", ""turn"": 1, ""model"": ""terra"", ""connection_id"": ""BC-12d32443e20ca50afbb4""}]"
SBLGNT:Matt.6.20	strong	incil	motif	treasure in heaven	Jesus instead directs disciples to treasure in heaven where it is not destroyed; this supplies a specific enduring alternative to earthly preference. | Treasure in heaven escapes moth, corrosion, and theft, giving a durable alternative to the perishable possessions of the preceding verse.	sec16	"[{""line"": 39, ""strength"": ""strong"", ""tradition"": ""incil"", ""kind"": ""motif"", ""ref"": ""SBLGNT:Matt.6.20"", ""basis"": ""treasure in heaven"", ""note"": ""Jesus instead directs disciples to treasure in heaven where it is not destroyed; this supplies a specific enduring alternative to earthly preference."", ""turn"": 1, ""model"": ""luna"", ""connection_id"": ""BC-c841dd219041db73a40e""}, {""line"": 18, ""strength"": ""strong"", ""tradition"": ""incil"", ""kind"": ""motif"", ""ref"": ""SBLGNT:Matt.6.20"", ""basis"": ""treasure in heaven"", ""note"": ""Treasure in heaven escapes moth, corrosion, and theft, giving a durable alternative to the perishable possessions of the preceding verse."", ""turn"": 1, ""model"": ""terra"", ""connection_id"": ""BC-6a2a3b126789f206f9a7""}]"
SBLGNT:Matt.6.24	strong	incil	motif	God and wealth as rival masters	No one can serve God and wealth because divided service produces love for one and contempt for the other; this is an explicit account of preference as allegiance.	sec16	"[{""line"": 93, ""strength"": ""strong"", ""tradition"": ""incil"", ""kind"": ""motif"", ""ref"": ""SBLGNT:Matt.6.24"", ""basis"": ""God and wealth as rival masters"", ""note"": ""No one can serve God and wealth because divided service produces love for one and contempt for the other; this is an explicit account of preference as allegiance."", ""turn"": 2, ""model"": ""terra"", ""connection_id"": ""BC-958c4f9a7a833d84e5c4""}]"
SBLGNT:Matt.6.30	medium	incil	motif	field grass valued despite fading | grass today and oven tomorrow	Jesus says God clothes grass that is alive today and thrown into the oven tomorrow; unlike the commentary’s use of spent pasture as a figure of the low lot, the image argues that even transient grass is cared for and grounds trust. | God clothes field grass that exists today and is put into an oven tomorrow; the image closely accompanies the commentary's grass, flower, and rapidly discarded vegetation.	sec16	"[{""line"": 92, ""strength"": ""medium"", ""tradition"": ""incil"", ""kind"": ""motif"", ""ref"": ""SBLGNT:Matt.6.30"", ""basis"": ""field grass valued despite fading"", ""note"": ""Jesus says God clothes grass that is alive today and thrown into the oven tomorrow; unlike the commentary’s use of spent pasture as a figure of the low lot, the image argues that even transient grass is cared for and grounds trust."", ""turn"": 2, ""model"": ""luna"", ""connection_id"": ""BC-f7d39bd4194c3f9c93ff""}, {""line"": 121, ""strength"": ""medium"", ""tradition"": ""incil"", ""kind"": ""motif"", ""ref"": ""SBLGNT:Matt.6.30"", ""basis"": ""grass today and oven tomorrow"", ""note"": ""God clothes field grass that exists today and is put into an oven tomorrow; the image closely accompanies the commentary's grass, flower, and rapidly discarded vegetation."", ""turn"": 2, ""model"": ""terra"", ""connection_id"": ""BC-667f039df914d572e172""}]"
SBLGNT:Matt.7.13	strong	incil	motif	broad road ends in destruction	Jesus sets a broad way leading to destruction against a narrow way; this makes the commentary’s choice between the lower and better lot a concrete decision with opposed ends.	sec16	"[{""line"": 90, ""strength"": ""strong"", ""tradition"": ""incil"", ""kind"": ""motif"", ""ref"": ""SBLGNT:Matt.7.13"", ""basis"": ""broad road ends in destruction"", ""note"": ""Jesus sets a broad way leading to destruction against a narrow way; this makes the commentary’s choice between the lower and better lot a concrete decision with opposed ends."", ""turn"": 2, ""model"": ""luna"", ""connection_id"": ""BC-6044cfe41a5c8d088433""}]"
SBLGNT:Matt.7.14	strong	incil	motif	narrow way leads to life	The narrow way leads to life and is found by few; it adds the positive outcome to the two-way choice that 87:16–17 presents.	sec16	"[{""line"": 91, ""strength"": ""strong"", ""tradition"": ""incil"", ""kind"": ""motif"", ""ref"": ""SBLGNT:Matt.7.14"", ""basis"": ""narrow way leads to life"", ""note"": ""The narrow way leads to life and is found by few; it adds the positive outcome to the two-way choice that 87:16–17 presents."", ""turn"": 2, ""model"": ""luna"", ""connection_id"": ""BC-a20079f516874e02c706""}]"
SBLGNT:Phil.1.23	strong	incil	motif	departing with Christ far better	Paul desires to depart and be with Christ because that is far better; it directly values the future with Christ above present life.	sec16	"[{""line"": 57, ""strength"": ""strong"", ""tradition"": ""incil"", ""kind"": ""motif"", ""ref"": ""SBLGNT:Phil.1.23"", ""basis"": ""departing with Christ far better"", ""note"": ""Paul desires to depart and be with Christ because that is far better; it directly values the future with Christ above present life."", ""turn"": 1, ""model"": ""luna"", ""connection_id"": ""BC-61174ca0320b9bb0e4e7""}]"
SBLGNT:Phil.1.24	strong	incil	motif	remaining for others’ sake	Paul says staying in the flesh is more necessary for the Philippians; read beside his desire to depart, this shows present life chosen for service to others rather than its own worldly advantage.	sec16	"[{""line"": 58, ""strength"": ""strong"", ""tradition"": ""incil"", ""kind"": ""motif"", ""ref"": ""SBLGNT:Phil.1.24"", ""basis"": ""remaining for others’ sake"", ""note"": ""Paul says staying in the flesh is more necessary for the Philippians; read beside his desire to depart, this shows present life chosen for service to others rather than its own worldly advantage."", ""turn"": 1, ""model"": ""luna"", ""connection_id"": ""BC-5646d207e6c96dead9c2""}]"
SBLGNT:Phil.2.3	strong	incil	motif	others counted more significant | regarding others above oneself	Paul tells believers in humility to count others more significant than themselves; this is a concrete ethical use of the preference verb’s sense of putting another ahead of oneself. | Humility requires regarding others as surpassing oneself, directly corresponding to the commentary's explanation of preferring another over oneself.	sec16	"[{""line"": 47, ""strength"": ""strong"", ""tradition"": ""incil"", ""kind"": ""motif"", ""ref"": ""SBLGNT:Phil.2.3"", ""basis"": ""others counted more significant"", ""note"": ""Paul tells believers in humility to count others more significant than themselves; this is a concrete ethical use of the preference verb’s sense of putting another ahead of oneself."", ""turn"": 1, ""model"": ""luna"", ""connection_id"": ""BC-7e03a4623868c44ed6ca""}, {""line"": 64, ""strength"": ""strong"", ""tradition"": ""incil"", ""kind"": ""motif"", ""ref"": ""SBLGNT:Phil.2.3"", ""basis"": ""regarding others above oneself"", ""note"": ""Humility requires regarding others as surpassing oneself, directly corresponding to the commentary's explanation of preferring another over oneself."", ""turn"": 1, ""model"": ""terra"", ""connection_id"": ""BC-7eccea81917913173475""}]"
SBLGNT:Phil.2.4	strong	incil	motif	look to others’ interests | others' interests	Paul says not to look only to one’s own interests but also to those of others; it completes the commentary’s sense of īthār as preferring another over self. | Each person is told to attend to others' interests as well as personal interests, supplying a concrete ethical form for right-directed preference.	sec16	"[{""line"": 48, ""strength"": ""strong"", ""tradition"": ""incil"", ""kind"": ""motif"", ""ref"": ""SBLGNT:Phil.2.4"", ""basis"": ""look to others’ interests"", ""note"": ""Paul says not to look only to one’s own interests but also to those of others; it completes the commentary’s sense of īthār as preferring another over self."", ""turn"": 1, ""model"": ""luna"", ""connection_id"": ""BC-f7d6b7ec48e2761dbfb2""}, {""line"": 65, ""strength"": ""strong"", ""tradition"": ""incil"", ""kind"": ""motif"", ""ref"": ""SBLGNT:Phil.2.4"", ""basis"": ""others' interests"", ""note"": ""Each person is told to attend to others' interests as well as personal interests, supplying a concrete ethical form for right-directed preference."", ""turn"": 1, ""model"": ""terra"", ""connection_id"": ""BC-d87667dc90dad6c7337d""}]"
SBLGNT:Phil.3.19	strong	incil	motif	earthly-minded end in destruction	Those whose minds are set on earthly things have destruction as their end, with appetite as god and shame as glory; it supplies a concrete New Testament diagnosis of worldly preference.	sec16	"[{""line"": 100, ""strength"": ""strong"", ""tradition"": ""incil"", ""kind"": ""motif"", ""ref"": ""SBLGNT:Phil.3.19"", ""basis"": ""earthly-minded end in destruction"", ""note"": ""Those whose minds are set on earthly things have destruction as their end, with appetite as god and shame as glory; it supplies a concrete New Testament diagnosis of worldly preference."", ""turn"": 2, ""model"": ""terra"", ""connection_id"": ""BC-903f4dd27179e2834c57""}]"
SBLGNT:Phil.3.20	strong	incil	motif	citizenship in heaven	Believers' citizenship is in heaven and they await a savior from there, providing the positive location corresponding to the rejection of merely earthly-mindedness.	sec16	"[{""line"": 101, ""strength"": ""strong"", ""tradition"": ""incil"", ""kind"": ""motif"", ""ref"": ""SBLGNT:Phil.3.20"", ""basis"": ""citizenship in heaven"", ""note"": ""Believers' citizenship is in heaven and they await a savior from there, providing the positive location corresponding to the rejection of merely earthly-mindedness."", ""turn"": 2, ""model"": ""terra"", ""connection_id"": ""BC-cebc27ea37d44d59ef1a""}]"
SBLGNT:Phil.3.8	strong	incil	motif	all things counted as rubbish	Paul counts all his former gains as loss and rubbish compared with gaining Christ; this makes the commentary’s debris image a deliberate revaluation of worldly status and profit.	sec16	"[{""line"": 46, ""strength"": ""strong"", ""tradition"": ""incil"", ""kind"": ""motif"", ""ref"": ""SBLGNT:Phil.3.8"", ""basis"": ""all things counted as rubbish"", ""note"": ""Paul counts all his former gains as loss and rubbish compared with gaining Christ; this makes the commentary’s debris image a deliberate revaluation of worldly status and profit."", ""turn"": 1, ""model"": ""luna"", ""connection_id"": ""BC-f2c31b9038235963066e""}]"
SBLGNT:Rev.14.13	strong	incil	motif	deeds following the dead	Those who die in the Lord rest from labor and their deeds follow them, specifying a form of good that survives the end of earthly life.	sec16	"[{""line"": 113, ""strength"": ""strong"", ""tradition"": ""incil"", ""kind"": ""motif"", ""ref"": ""SBLGNT:Rev.14.13"", ""basis"": ""deeds following the dead"", ""note"": ""Those who die in the Lord rest from labor and their deeds follow them, specifying a form of good that survives the end of earthly life."", ""turn"": 2, ""model"": ""terra"", ""connection_id"": ""BC-674a929e668aa595d419""}]"
SBLGNT:Rev.3.17	strong	incil	karsi_anlati	self-styled rich who are truly poor	The wealthy self-assessment is exposed as wretched, poor, blind, and naked; it overturns worldly measures of value in the commentary's register of high and low.	sec16	"[{""line"": 112, ""strength"": ""strong"", ""tradition"": ""incil"", ""kind"": ""karsi_anlati"", ""ref"": ""SBLGNT:Rev.3.17"", ""basis"": ""self-styled rich who are truly poor"", ""note"": ""The wealthy self-assessment is exposed as wretched, poor, blind, and naked; it overturns worldly measures of value in the commentary's register of high and low."", ""turn"": 2, ""model"": ""terra"", ""connection_id"": ""BC-68d0d276d08e1ae5ad69""}]"
SBLGNT:Rom.11.5	strong	incil	motif|yorum_gelenegi	remnant by gracious election | remnant chosen by grace	Paul describes a remnant according to grace’s election; the verse joins the commentary’s retained bakiyya to its image of selecting the worthy lot. | Paul reads Israel's survival through the Elijah narrative as a remnant according to gracious election, giving a Christian interpretation of the morally preserved remainder.	sec16	"[{""line"": 108, ""strength"": ""strong"", ""tradition"": ""incil"", ""kind"": ""motif"", ""ref"": ""SBLGNT:Rom.11.5"", ""basis"": ""remnant by gracious election"", ""note"": ""Paul describes a remnant according to grace’s election; the verse joins the commentary’s retained bakiyya to its image of selecting the worthy lot."", ""turn"": 2, ""model"": ""luna"", ""connection_id"": ""BC-c23a207cf90773de8f25""}, {""line"": 96, ""strength"": ""strong"", ""tradition"": ""incil"", ""kind"": ""yorum_gelenegi"", ""ref"": ""SBLGNT:Rom.11.5"", ""basis"": ""remnant chosen by grace"", ""note"": ""Paul reads Israel's survival through the Elijah narrative as a remnant according to gracious election, giving a Christian interpretation of the morally preserved remainder."", ""turn"": 2, ""model"": ""terra"", ""connection_id"": ""BC-37f1a179f5c470c08afd""}]"
SBLGNT:Rom.2.7	strong	incil	motif	perseverance seeking immortality	Those who persevere in good work and seek glory, honor, and incorruptibility receive eternal life, articulating a pursuit of lasting good through action.	sec16	"[{""line"": 95, ""strength"": ""strong"", ""tradition"": ""incil"", ""kind"": ""motif"", ""ref"": ""SBLGNT:Rom.2.7"", ""basis"": ""perseverance seeking immortality"", ""note"": ""Those who persevere in good work and seek glory, honor, and incorruptibility receive eternal life, articulating a pursuit of lasting good through action."", ""turn"": 2, ""model"": ""terra"", ""connection_id"": ""BC-ed5c75f7bbcb7643b590""}]"
Shepherd of Hermas, Similitude 1	medium	incil	motif	foreign city and one's future city	Hermas treats believers as residents of a foreign city who should not build their hopes there because their proper city lies elsewhere; it develops the present-world versus lasting-destination image.	sec16	"[{""line"": 71, ""strength"": ""medium"", ""tradition"": ""incil"", ""kind"": ""motif"", ""ref"": ""Shepherd of Hermas, Similitude 1"", ""basis"": ""foreign city and one's future city"", ""note"": ""Hermas treats believers as residents of a foreign city who should not build their hopes there because their proper city lies elsewhere; it develops the present-world versus lasting-destination image."", ""turn"": 1, ""model"": ""terra"", ""connection_id"": ""BC-9f44ce1c2165293f49b6""}]"
2 Maccabees 7:14	strong	tevrat	motif	death accepted for resurrection	A brother says he prefers death at human hands while relying on God to raise him; his choice under pressure resembles the commentary’s contrast of temporal life and a better lasting future.	sec16	"[{""line"": 28, ""strength"": ""strong"", ""tradition"": ""tevrat"", ""kind"": ""motif"", ""ref"": ""2 Maccabees 7:14"", ""basis"": ""death accepted for resurrection"", ""note"": ""A brother says he prefers death at human hands while relying on God to raise him; his choice under pressure resembles the commentary’s contrast of temporal life and a better lasting future."", ""turn"": 1, ""model"": ""luna"", ""connection_id"": ""BC-175037f4b60d73d43fad""}]"
2 Maccabees 7:36	strong	tevrat	motif	short pain, ever-flowing life | brief suffering / everlasting life	The surviving brother contrasts brief suffering with the brothers’ share in ever-flowing life; it makes the temporal-versus-abiding comparison explicit. | The youngest brother contrasts his brothers' short suffering and God's everlasting-life covenant with the king's coming punishment, sharpening the commentary's temporal-versus-lasting judgment.	sec16	"[{""line"": 29, ""strength"": ""strong"", ""tradition"": ""tevrat"", ""kind"": ""motif"", ""ref"": ""2 Maccabees 7:36"", ""basis"": ""short pain, ever-flowing life"", ""note"": ""The surviving brother contrasts brief suffering with the brothers’ share in ever-flowing life; it makes the temporal-versus-abiding comparison explicit."", ""turn"": 1, ""model"": ""luna"", ""connection_id"": ""BC-a6e95216dfa88ebbaf19""}, {""line"": 9, ""strength"": ""strong"", ""tradition"": ""tevrat"", ""kind"": ""motif"", ""ref"": ""2 Maccabees 7:36"", ""basis"": ""brief suffering / everlasting life"", ""note"": ""The youngest brother contrasts his brothers' short suffering and God's everlasting-life covenant with the king's coming punishment, sharpening the commentary's temporal-versus-lasting judgment."", ""turn"": 1, ""model"": ""terra"", ""connection_id"": ""BC-4fba0a7a24463dceff90""}]"
2 Maccabees 7:9	strong	tevrat	motif	resurrection after martyrdom | king's torture / everlasting renewal	One son refuses the king’s terms and trusts the King of the universe to raise him to renewed life; fidelity is chosen over a threatened present life for enduring life. | A tortured brother tells the king that the King of the universe will raise them to everlasting renewed life; it is a choice under a human tyrant for an enduring divine future.	sec16	"[{""line"": 27, ""strength"": ""strong"", ""tradition"": ""tevrat"", ""kind"": ""motif"", ""ref"": ""2 Maccabees 7:9"", ""basis"": ""resurrection after martyrdom"", ""note"": ""One son refuses the king’s terms and trusts the King of the universe to raise him to renewed life; fidelity is chosen over a threatened present life for enduring life."", ""turn"": 1, ""model"": ""luna"", ""connection_id"": ""BC-3862bc109cb411472179""}, {""line"": 6, ""strength"": ""strong"", ""tradition"": ""tevrat"", ""kind"": ""motif"", ""ref"": ""2 Maccabees 7:9"", ""basis"": ""king's torture / everlasting renewal"", ""note"": ""A tortured brother tells the king that the King of the universe will raise them to everlasting renewed life; it is a choice under a human tyrant for an enduring divine future."", ""turn"": 1, ""model"": ""terra"", ""connection_id"": ""BC-20286fbe88715ea0e3b1""}]"
Mishnah Avot 2:7	medium	tevrat	motif	possessions and worry / Torah and life to come	Hillel contrasts increased possessions and worry with acquiring Torah and life in the world to come, giving an interpretive hierarchy for worldly accumulation.	sec16	"[{""line"": 120, ""strength"": ""medium"", ""tradition"": ""tevrat"", ""kind"": ""motif"", ""ref"": ""Mishnah Avot 2:7"", ""basis"": ""possessions and worry / Torah and life to come"", ""note"": ""Hillel contrasts increased possessions and worry with acquiring Torah and life in the world to come, giving an interpretive hierarchy for worldly accumulation."", ""turn"": 2, ""model"": ""terra"", ""connection_id"": ""BC-1867c8c3095c1737cc11""}]"
Mishnah Avot 4:1	strong	tevrat	motif	true wealth as contentment	Avot asks who is rich and answers: one who rejoices in his portion; this interprets wealth through contentment rather than the commentary’s lexicon note about material abundance.	sec16	"[{""line"": 88, ""strength"": ""strong"", ""tradition"": ""tevrat"", ""kind"": ""motif"", ""ref"": ""Mishnah Avot 4:1"", ""basis"": ""true wealth as contentment"", ""note"": ""Avot asks who is rich and answers: one who rejoices in his portion; this interprets wealth through contentment rather than the commentary’s lexicon note about material abundance."", ""turn"": 2, ""model"": ""luna"", ""connection_id"": ""BC-fc89fd4e4be104689ed2""}]"
Mishnah Avot 4:16	strong	tevrat	motif	world as antechamber | corridor and banquet hall	Avot calls this world an antechamber before the world to come and urges preparation for the banquet hall; it makes the commentary’s worldly/afterlife contrast a practical choice of where to prepare. | This world is a vestibule before the world to come, where one must prepare to enter the banquet hall; it turns present life into a passage rather than the preferred destination.	sec16	"[{""line"": 25, ""strength"": ""strong"", ""tradition"": ""tevrat"", ""kind"": ""motif"", ""ref"": ""Mishnah Avot 4:16"", ""basis"": ""world as antechamber"", ""note"": ""Avot calls this world an antechamber before the world to come and urges preparation for the banquet hall; it makes the commentary’s worldly/afterlife contrast a practical choice of where to prepare."", ""turn"": 1, ""model"": ""luna"", ""connection_id"": ""BC-7eec36bbfcf61bd76b96""}, {""line"": 14, ""strength"": ""strong"", ""tradition"": ""tevrat"", ""kind"": ""motif"", ""ref"": ""Mishnah Avot 4:16"", ""basis"": ""corridor and banquet hall"", ""note"": ""This world is a vestibule before the world to come, where one must prepare to enter the banquet hall; it turns present life into a passage rather than the preferred destination."", ""turn"": 1, ""model"": ""terra"", ""connection_id"": ""BC-478da9364e5bd929f408""}]"
Mishnah Avot 4:17	strong	tevrat	karsi_anlati|motif	better hour in world to come | world to come's bliss | repentance and deeds in this world	Avot says an hour of bliss in the world to come is better than the whole life of this world; this directly states the comparison in 87:16–17, while also valuing repentance and good deeds in this life. | The maxim calls one hour of bliss in the world to come better than all life in this world, an explicit analogue to 87:17's comparison. | The first half of the same maxim says an hour of repentance and good deeds here is better than all the coming world; it complicates the commentary by valuing this life as the place of moral action.	sec16	"[{""line"": 26, ""strength"": ""strong"", ""tradition"": ""tevrat"", ""kind"": ""motif"", ""ref"": ""Mishnah Avot 4:17"", ""basis"": ""better hour in world to come"", ""note"": ""Avot says an hour of bliss in the world to come is better than the whole life of this world; this directly states the comparison in 87:16–17, while also valuing repentance and good deeds in this life."", ""turn"": 1, ""model"": ""luna"", ""connection_id"": ""BC-8bb445b220cd7042f33a""}, {""line"": 5, ""strength"": ""strong"", ""tradition"": ""tevrat"", ""kind"": ""motif"", ""ref"": ""Mishnah Avot 4:17"", ""basis"": ""world to come's bliss"", ""note"": ""The maxim calls one hour of bliss in the world to come better than all life in this world, an explicit analogue to 87:17's comparison."", ""turn"": 1, ""model"": ""terra"", ""connection_id"": ""BC-8782958fb006551c437b""}, {""line"": 67, ""strength"": ""medium"", ""tradition"": ""tevrat"", ""kind"": ""karsi_anlati"", ""ref"": ""Mishnah Avot 4:17"", ""basis"": ""repentance and deeds in this world"", ""note"": ""The first half of the same maxim says an hour of repentance and good deeds here is better than all the coming world; it complicates the commentary by valuing this life as the place of moral action."", ""turn"": 1, ""model"": ""terra"", ""connection_id"": ""BC-d0c5072c652ae530e839""}]"
Mishnah Avot 6:9	strong	tevrat	motif	what accompanies a person at death	The teaching says silver, gold, and precious stones do not accompany a person at death, while Torah and good deeds do; it sharply distinguishes temporary possession from what remains.	sec16	"[{""line"": 86, ""strength"": ""strong"", ""tradition"": ""tevrat"", ""kind"": ""motif"", ""ref"": ""Mishnah Avot 6:9"", ""basis"": ""what accompanies a person at death"", ""note"": ""The teaching says silver, gold, and precious stones do not accompany a person at death, while Torah and good deeds do; it sharply distinguishes temporary possession from what remains."", ""turn"": 2, ""model"": ""terra"", ""connection_id"": ""BC-49eb497ab15cfdd7f473""}]"
Mishnah Peah 1:1	strong	tevrat	motif	this-world fruit and future principal | fruits now / principal remaining	The Mishnah says loving-kindness and honoring parents yield fruit in this world while their principal remains for the world to come; its opening discussion of field-corner gleanings also makes a deliberately retained remnant fruitful rather than refuse. | The mishnah names deeds whose fruits are enjoyed now while their principal remains for the world to come, a precise Jewish account of good that remains.	sec16	"[{""line"": 89, ""strength"": ""strong"", ""tradition"": ""tevrat"", ""kind"": ""motif"", ""ref"": ""Mishnah Peah 1:1"", ""basis"": ""this-world fruit and future principal"", ""note"": ""The Mishnah says loving-kindness and honoring parents yield fruit in this world while their principal remains for the world to come; its opening discussion of field-corner gleanings also makes a deliberately retained remnant fruitful rather than refuse."", ""turn"": 2, ""model"": ""luna"", ""connection_id"": ""BC-2d0b88fae94c0f41d8f8""}, {""line"": 22, ""strength"": ""strong"", ""tradition"": ""tevrat"", ""kind"": ""motif"", ""ref"": ""Mishnah Peah 1:1"", ""basis"": ""fruits now / principal remaining"", ""note"": ""The mishnah names deeds whose fruits are enjoyed now while their principal remains for the world to come, a precise Jewish account of good that remains."", ""turn"": 1, ""model"": ""terra"", ""connection_id"": ""BC-7f8a12a480039440b81c""}]"
Sirach 40:17	strong	tevrat	motif	almsgiving endures forever	Sirach calls kindness a blessed garden and says almsgiving endures forever, joining the commentary's remaining goodness to generosity rather than accumulation.	sec16	"[{""line"": 23, ""strength"": ""strong"", ""tradition"": ""tevrat"", ""kind"": ""motif"", ""ref"": ""Sirach 40:17"", ""basis"": ""almsgiving endures forever"", ""note"": ""Sirach calls kindness a blessed garden and says almsgiving endures forever, joining the commentary's remaining goodness to generosity rather than accumulation."", ""turn"": 1, ""model"": ""terra"", ""connection_id"": ""BC-b673d28b26f5e3a4cac0""}]"
Tobit 4:9	medium	tevrat	motif	almsgiving as good treasure	Tobit's father says almsgiving lays up a good treasure for the day of need, a Jewish exhortation to turn possessions into a durable good through giving.	sec16	"[{""line"": 119, ""strength"": ""medium"", ""tradition"": ""tevrat"", ""kind"": ""motif"", ""ref"": ""Tobit 4:9"", ""basis"": ""almsgiving as good treasure"", ""note"": ""Tobit's father says almsgiving lays up a good treasure for the day of need, a Jewish exhortation to turn possessions into a durable good through giving."", ""turn"": 2, ""model"": ""terra"", ""connection_id"": ""BC-cc688568ffeac9dadc57""}]"
WLC:1Kgs.19.18	strong	tevrat	motif	remnant that did not bow | seven thousand preserved	God preserves seven thousand who have not bowed to Baal; the faithful remnant gives a concrete Jewish-scriptural instance of the commentary’s people retaining their religion. | God leaves seven thousand who have not bowed to Baal, a surviving moral remnant that resists corruption as the commentary's baqiyya image does.	sec16	"[{""line"": 18, ""strength"": ""strong"", ""tradition"": ""tevrat"", ""kind"": ""motif"", ""ref"": ""WLC:1Kgs.19.18"", ""basis"": ""remnant that did not bow"", ""note"": ""God preserves seven thousand who have not bowed to Baal; the faithful remnant gives a concrete Jewish-scriptural instance of the commentary’s people retaining their religion."", ""turn"": 1, ""model"": ""luna"", ""connection_id"": ""BC-b73eb2c58254308a311a""}, {""line"": 45, ""strength"": ""strong"", ""tradition"": ""tevrat"", ""kind"": ""motif"", ""ref"": ""WLC:1Kgs.19.18"", ""basis"": ""seven thousand preserved"", ""note"": ""God leaves seven thousand who have not bowed to Baal, a surviving moral remnant that resists corruption as the commentary's baqiyya image does."", ""turn"": 1, ""model"": ""terra"", ""connection_id"": ""BC-b860e30a6ee1428ae32d""}]"
WLC:1Kgs.3.11	strong	tevrat	motif	Solomon's requested discernment	Solomon does not ask for long life, riches, or enemies' lives, but discernment for justice; his choice gives a narrative instance of seeking a higher good.	sec16	"[{""line"": 54, ""strength"": ""strong"", ""tradition"": ""tevrat"", ""kind"": ""motif"", ""ref"": ""WLC:1Kgs.3.11"", ""basis"": ""Solomon's requested discernment"", ""note"": ""Solomon does not ask for long life, riches, or enemies' lives, but discernment for justice; his choice gives a narrative instance of seeking a higher good."", ""turn"": 1, ""model"": ""terra"", ""connection_id"": ""BC-22d6421f8f0daf5e2586""}]"
WLC:1Sam.16.7	medium	tevrat	karsi_anlati	appearance versus heart	God rejects human sight of outward appearance and looks at the heart; it reframes the commentary's language of low value and selection around hidden moral reality.	sec16	"[{""line"": 69, ""strength"": ""medium"", ""tradition"": ""tevrat"", ""kind"": ""karsi_anlati"", ""ref"": ""WLC:1Sam.16.7"", ""basis"": ""appearance versus heart"", ""note"": ""God rejects human sight of outward appearance and looks at the heart; it reframes the commentary's language of low value and selection around hidden moral reality."", ""turn"": 1, ""model"": ""terra"", ""connection_id"": ""BC-96c7bf8c1787ddc16c2e""}]"
WLC:Amos.5.15	strong	tevrat	motif	remnant seeking good and justice	Amos tells Israel to hate evil, love good, and establish justice, with the hope that God may be gracious to Joseph’s remnant; this concretizes the commentary’s bakiyya as a moral remainder holding to goodness.	sec16	"[{""line"": 17, ""strength"": ""strong"", ""tradition"": ""tevrat"", ""kind"": ""motif"", ""ref"": ""WLC:Amos.5.15"", ""basis"": ""remnant seeking good and justice"", ""note"": ""Amos tells Israel to hate evil, love good, and establish justice, with the hope that God may be gracious to Joseph’s remnant; this concretizes the commentary’s bakiyya as a moral remainder holding to goodness."", ""turn"": 1, ""model"": ""luna"", ""connection_id"": ""BC-9b6dffb84a1e0e8b713a""}]"
WLC:Dan.12.2	strong	tevrat	motif	everlasting life or contempt | everlasting life / everlasting contempt	Daniel’s sleepers awake to everlasting life or everlasting disgrace; this directly supplies divergent lasting outcomes for the commentary’s better afterlife. | Those awakening from the dust receive either everlasting life or everlasting abhorrence, furnishing both the enduring good and the enduring adverse fate developed in the commentary.	sec16	"[{""line"": 19, ""strength"": ""strong"", ""tradition"": ""tevrat"", ""kind"": ""motif"", ""ref"": ""WLC:Dan.12.2"", ""basis"": ""everlasting life or contempt"", ""note"": ""Daniel’s sleepers awake to everlasting life or everlasting disgrace; this directly supplies divergent lasting outcomes for the commentary’s better afterlife."", ""turn"": 1, ""model"": ""luna"", ""connection_id"": ""BC-fe8dc7524107474b086c""}, {""line"": 7, ""strength"": ""strong"", ""tradition"": ""tevrat"", ""kind"": ""motif"", ""ref"": ""WLC:Dan.12.2"", ""basis"": ""everlasting life / everlasting contempt"", ""note"": ""Those awakening from the dust receive either everlasting life or everlasting abhorrence, furnishing both the enduring good and the enduring adverse fate developed in the commentary."", ""turn"": 1, ""model"": ""terra"", ""connection_id"": ""BC-f4ecb78263b9b0b3022d""}]"
WLC:Dan.3.18	strong	tevrat	motif	refusal despite the furnace | refusal before a king	The three Judeans say they will not serve the king’s gods even if God does not rescue them; this is another concrete choice of fidelity over threatened present life, like the magicians in the commentary’s cited Qur’anic scene. | The Judean officials refuse the king's gods and image even if God does not rescue them; like the commentary's magicians before Pharaoh, they choose fidelity under royal threat.	sec16	"[{""line"": 75, ""strength"": ""strong"", ""tradition"": ""tevrat"", ""kind"": ""motif"", ""ref"": ""WLC:Dan.3.18"", ""basis"": ""refusal despite the furnace"", ""note"": ""The three Judeans say they will not serve the king’s gods even if God does not rescue them; this is another concrete choice of fidelity over threatened present life, like the magicians in the commentary’s cited Qur’anic scene."", ""turn"": 2, ""model"": ""luna"", ""connection_id"": ""BC-f313d647f561c27cb23d""}, {""line"": 26, ""strength"": ""strong"", ""tradition"": ""tevrat"", ""kind"": ""motif"", ""ref"": ""WLC:Dan.3.18"", ""basis"": ""refusal before a king"", ""note"": ""The Judean officials refuse the king's gods and image even if God does not rescue them; like the commentary's magicians before Pharaoh, they choose fidelity under royal threat."", ""turn"": 1, ""model"": ""terra"", ""connection_id"": ""BC-34204e297fa3490ce6c7""}]"
WLC:Deut.24.19	strong	tevrat	karsi_anlati|motif	forgotten sheaf left for the vulnerable | forgotten sheaf for vulnerable people	Israel must leave a forgotten sheaf for the immigrant, orphan, and widow; what is accidentally left behind becomes provision for low-status people, qualifying the commentary’s image of discarded residue as worthless. | A forgotten sheaf must be left for the alien, orphan, and widow, so that God blesses the owner. It reverses the commentary's negative “forgotten residue” by making an overlooked remainder provision for vulnerable people.	sec16	"[{""line"": 85, ""strength"": ""strong"", ""tradition"": ""tevrat"", ""kind"": ""motif"", ""ref"": ""WLC:Deut.24.19"", ""basis"": ""forgotten sheaf left for the vulnerable"", ""note"": ""Israel must leave a forgotten sheaf for the immigrant, orphan, and widow; what is accidentally left behind becomes provision for low-status people, qualifying the commentary’s image of discarded residue as worthless."", ""turn"": 2, ""model"": ""luna"", ""connection_id"": ""BC-dc4dfda34837825b3c91""}, {""line"": 76, ""strength"": ""strong"", ""tradition"": ""tevrat"", ""kind"": ""karsi_anlati"", ""ref"": ""WLC:Deut.24.19"", ""basis"": ""forgotten sheaf for vulnerable people"", ""note"": ""A forgotten sheaf must be left for the alien, orphan, and widow, so that God blesses the owner. It reverses the commentary's negative “forgotten residue” by making an overlooked remainder provision for vulnerable people."", ""turn"": 2, ""model"": ""terra"", ""connection_id"": ""BC-4dd421d68bb4f2c0d5e3""}]"
WLC:Deut.30.15	strong	tevrat	motif	life and good / death and evil	Moses sets life and good against death and evil, an explicit scriptural scale for the commentary's claim that choice seeks what is better.	sec16	"[{""line"": 49, ""strength"": ""strong"", ""tradition"": ""tevrat"", ""kind"": ""motif"", ""ref"": ""WLC:Deut.30.15"", ""basis"": ""life and good / death and evil"", ""note"": ""Moses sets life and good against death and evil, an explicit scriptural scale for the commentary's claim that choice seeks what is better."", ""turn"": 1, ""model"": ""terra"", ""connection_id"": ""BC-acb5005582ad4dc987fa""}]"
WLC:Deut.30.19	strong	tevrat	motif	choose life or death | choose life	Moses sets life and death before Israel and urges them to choose life; it is a concrete scriptural choice of a life-giving course, though Deuteronomy frames it as covenantal life rather than the Qur’anic afterlife contrast. | The command to choose life turns evaluation into an accountable act, as the commentary turns preferring the lower worldly side into blameworthy choice.	sec16	"[{""line"": 15, ""strength"": ""strong"", ""tradition"": ""tevrat"", ""kind"": ""motif"", ""ref"": ""WLC:Deut.30.19"", ""basis"": ""choose life or death"", ""note"": ""Moses sets life and death before Israel and urges them to choose life; it is a concrete scriptural choice of a life-giving course, though Deuteronomy frames it as covenantal life rather than the Qur’anic afterlife contrast."", ""turn"": 1, ""model"": ""luna"", ""connection_id"": ""BC-8b9786523e4abfd9e212""}, {""line"": 50, ""strength"": ""strong"", ""tradition"": ""tevrat"", ""kind"": ""motif"", ""ref"": ""WLC:Deut.30.19"", ""basis"": ""choose life"", ""note"": ""The command to choose life turns evaluation into an accountable act, as the commentary turns preferring the lower worldly side into blameworthy choice."", ""turn"": 1, ""model"": ""terra"", ""connection_id"": ""BC-39317d63163c695d116a""}]"
WLC:Deut.31.19	strong	tevrat	motif	song placed in Israel’s mouths	Moses is told to write and teach a song for Israel and put it in their mouths; this connects 87:6’s divinely given recitation with a text deliberately made memorable across generations.	sec16	"[{""line"": 76, ""strength"": ""strong"", ""tradition"": ""tevrat"", ""kind"": ""motif"", ""ref"": ""WLC:Deut.31.19"", ""basis"": ""song placed in Israel’s mouths"", ""note"": ""Moses is told to write and teach a song for Israel and put it in their mouths; this connects 87:6’s divinely given recitation with a text deliberately made memorable across generations."", ""turn"": 2, ""model"": ""luna"", ""connection_id"": ""BC-cc17eb5644add4aeb499""}]"
WLC:Deut.31.21	strong	tevrat	motif	song not forgotten	The song will not be forgotten from descendants’ mouths even amid calamity; this is a concrete scriptural counterpoint to 87:6’s promise that the prophet will not forget recitation.	sec16	"[{""line"": 77, ""strength"": ""strong"", ""tradition"": ""tevrat"", ""kind"": ""motif"", ""ref"": ""WLC:Deut.31.21"", ""basis"": ""song not forgotten"", ""note"": ""The song will not be forgotten from descendants’ mouths even amid calamity; this is a concrete scriptural counterpoint to 87:6’s promise that the prophet will not forget recitation."", ""turn"": 2, ""model"": ""luna"", ""connection_id"": ""BC-a07dc394aa45fcf6f446""}]"
WLC:Deut.32.15	strong	tevrat	motif	prosperity and forsaking God	Jeshurun grows fat, abandons the God who made him, and despises the Rock of salvation; it gives worldly abundance the same spiritual danger as the commentary's preference for dunya.	sec16	"[{""line"": 85, ""strength"": ""strong"", ""tradition"": ""tevrat"", ""kind"": ""motif"", ""ref"": ""WLC:Deut.32.15"", ""basis"": ""prosperity and forsaking God"", ""note"": ""Jeshurun grows fat, abandons the God who made him, and despises the Rock of salvation; it gives worldly abundance the same spiritual danger as the commentary's preference for dunya."", ""turn"": 2, ""model"": ""terra"", ""connection_id"": ""BC-5c1fdaa2c2bbfd66f6a1""}]"
WLC:Deut.7.7	medium	tevrat	karsi_anlati	chosen despite being few	Israel is chosen not for numerical abundance but despite being the fewest people, offering a counterpoint to reading selectness through quantity or social rank.	sec16	"[{""line"": 68, ""strength"": ""medium"", ""tradition"": ""tevrat"", ""kind"": ""karsi_anlati"", ""ref"": ""WLC:Deut.7.7"", ""basis"": ""chosen despite being few"", ""note"": ""Israel is chosen not for numerical abundance but despite being the fewest people, offering a counterpoint to reading selectness through quantity or social rank."", ""turn"": 1, ""model"": ""terra"", ""connection_id"": ""BC-9187950d6aa3f759c3dc""}]"
WLC:Deut.8.14	strong	tevrat	motif	prosperity and forgetting God	After prosperity lifts the heart, Israel may forget the LORD; this supplies a concrete biblical form of the commentary's worldly preference joined to forgetting.	sec16	"[{""line"": 47, ""strength"": ""strong"", ""tradition"": ""tevrat"", ""kind"": ""motif"", ""ref"": ""WLC:Deut.8.14"", ""basis"": ""prosperity and forgetting God"", ""note"": ""After prosperity lifts the heart, Israel may forget the LORD; this supplies a concrete biblical form of the commentary's worldly preference joined to forgetting."", ""turn"": 1, ""model"": ""terra"", ""connection_id"": ""BC-4f1c2c8a6ae798253c82""}]"
WLC:Eccl.12.7	medium	tevrat	motif	dust returning / spirit returning	At death dust returns to earth and the spirit returns to God who gave it; it offers a restrained biblical account of bodily transience beside a Godward remainder.	sec16	"[{""line"": 115, ""strength"": ""medium"", ""tradition"": ""tevrat"", ""kind"": ""motif"", ""ref"": ""WLC:Eccl.12.7"", ""basis"": ""dust returning / spirit returning"", ""note"": ""At death dust returns to earth and the spirit returns to God who gave it; it offers a restrained biblical account of bodily transience beside a Godward remainder."", ""turn"": 2, ""model"": ""terra"", ""connection_id"": ""BC-059edacc8932688e0b0c""}]"
WLC:Eccl.3.19	strong	tevrat	karsi_anlati	human and animal death	Qoheleth says humans and animals share the same fate and all return to dust; this resists reading mortal life as a route to distinct postmortem destinies.	sec16	"[{""line"": 20, ""strength"": ""strong"", ""tradition"": ""tevrat"", ""kind"": ""karsi_anlati"", ""ref"": ""WLC:Eccl.3.19"", ""basis"": ""human and animal death"", ""note"": ""Qoheleth says humans and animals share the same fate and all return to dust; this resists reading mortal life as a route to distinct postmortem destinies."", ""turn"": 1, ""model"": ""luna"", ""connection_id"": ""BC-e165e4b87326005986a5""}]"
WLC:Eccl.3.21	medium	tevrat	karsi_anlati	uncertain upward spirit	Qoheleth asks who knows whether the human spirit goes upward and the animal spirit downward; the question expressly leaves uncertain the afterlife distinction asserted by 87:17.	sec16	"[{""line"": 21, ""strength"": ""medium"", ""tradition"": ""tevrat"", ""kind"": ""karsi_anlati"", ""ref"": ""WLC:Eccl.3.21"", ""basis"": ""uncertain upward spirit"", ""note"": ""Qoheleth asks who knows whether the human spirit goes upward and the animal spirit downward; the question expressly leaves uncertain the afterlife distinction asserted by 87:17."", ""turn"": 1, ""model"": ""luna"", ""connection_id"": ""BC-9e90b4a8b8e84a916400""}]"
WLC:Eccl.9.5	strong	tevrat	karsi_anlati	dead know nothing	Qoheleth says the dead know nothing and have no further reward; this is a direct countervoice to the commentary’s claim that the afterlife is the better, more abiding lot.	sec16	"[{""line"": 22, ""strength"": ""strong"", ""tradition"": ""tevrat"", ""kind"": ""karsi_anlati"", ""ref"": ""WLC:Eccl.9.5"", ""basis"": ""dead know nothing"", ""note"": ""Qoheleth says the dead know nothing and have no further reward; this is a direct countervoice to the commentary’s claim that the afterlife is the better, more abiding lot."", ""turn"": 1, ""model"": ""luna"", ""connection_id"": ""BC-c7fce8c86515475abf05""}]"
WLC:Eccl.9.9	strong	tevrat	karsi_anlati	enjoy life as one’s portion	Qoheleth urges enjoyment of life with one’s spouse during one’s fleeting days under the sun; this is a specific counter-valuation of present life alongside the commentary’s preference for the afterlife.	sec16	"[{""line"": 87, ""strength"": ""strong"", ""tradition"": ""tevrat"", ""kind"": ""karsi_anlati"", ""ref"": ""WLC:Eccl.9.9"", ""basis"": ""enjoy life as one’s portion"", ""note"": ""Qoheleth urges enjoyment of life with one’s spouse during one’s fleeting days under the sun; this is a specific counter-valuation of present life alongside the commentary’s preference for the afterlife."", ""turn"": 2, ""model"": ""luna"", ""connection_id"": ""BC-480596c664fca6ffc613""}]"
WLC:Exod.1.17	strong	tevrat	motif	midwives defy Pharaoh | midwives fear God over Pharaoh	The midwives fear God and refuse Pharaoh’s order to kill the Hebrew boys; this is a specific biblical choice of divine allegiance over a threatening ruler’s power in this life. | The Hebrew midwives fear God and disobey Pharaoh's order to kill boys, another Mosaic-world instance in which divine fear defeats a ruler's temporary command.	sec16	"[{""line"": 73, ""strength"": ""strong"", ""tradition"": ""tevrat"", ""kind"": ""motif"", ""ref"": ""WLC:Exod.1.17"", ""basis"": ""midwives defy Pharaoh"", ""note"": ""The midwives fear God and refuse Pharaoh’s order to kill the Hebrew boys; this is a specific biblical choice of divine allegiance over a threatening ruler’s power in this life."", ""turn"": 2, ""model"": ""luna"", ""connection_id"": ""BC-16a503c04f19f1de1a7e""}, {""line"": 27, ""strength"": ""strong"", ""tradition"": ""tevrat"", ""kind"": ""motif"", ""ref"": ""WLC:Exod.1.17"", ""basis"": ""midwives fear God over Pharaoh"", ""note"": ""The Hebrew midwives fear God and disobey Pharaoh's order to kill boys, another Mosaic-world instance in which divine fear defeats a ruler's temporary command."", ""turn"": 1, ""model"": ""terra"", ""connection_id"": ""BC-590aa83a32f4d9b3c237""}]"
WLC:Exod.8.23	strong	tevrat	karsi_anlati	magicians recognize God’s sign	In WLC numbering (English Exodus 8:19), Pharaoh’s magicians call the plague “the finger of God” but remain in the Egyptian narrative without the Qur’anic magicians’ explicit refusal of Pharaoh and acceptance of death; the difference sharpens the commentary’s choice-under-threat scene.	sec16	"[{""line"": 74, ""strength"": ""strong"", ""tradition"": ""tevrat"", ""kind"": ""karsi_anlati"", ""ref"": ""WLC:Exod.8.23"", ""basis"": ""magicians recognize God’s sign"", ""note"": ""In WLC numbering (English Exodus 8:19), Pharaoh’s magicians call the plague “the finger of God” but remain in the Egyptian narrative without the Qur’anic magicians’ explicit refusal of Pharaoh and acceptance of death; the difference sharpens the commentary’s choice-under-threat scene."", ""turn"": 2, ""model"": ""luna"", ""connection_id"": ""BC-fdef47e658ae4614a087""}]"
WLC:Ezek.22.18	medium	tevrat	motif	Israel called metal dross	Ezekiel calls the house of Israel dross in a smelting furnace; unlike the commentary’s image of a low human class, the metaphor indicts a whole corrupt people as refuse.	sec16	"[{""line"": 14, ""strength"": ""medium"", ""tradition"": ""tevrat"", ""kind"": ""motif"", ""ref"": ""WLC:Ezek.22.18"", ""basis"": ""Israel called metal dross"", ""note"": ""Ezekiel calls the house of Israel dross in a smelting furnace; unlike the commentary’s image of a low human class, the metaphor indicts a whole corrupt people as refuse."", ""turn"": 1, ""model"": ""luna"", ""connection_id"": ""BC-fc37af90d68eecc70c8e""}]"
WLC:Gen.25.34	strong	tevrat	motif	birthright traded for food | Esau's meal and birthright	Esau eats and sells his birthright, then the narrator says he despised it; the scene shows immediate bodily appetite displacing a more valuable inheritance, like the commentary’s critique of preferring the lower lot. | Esau eats, drinks, and despises his birthright; the narrative makes a one-meal preference over an inheritance a concrete warning about choosing the immediate.	sec16	"[{""line"": 16, ""strength"": ""strong"", ""tradition"": ""tevrat"", ""kind"": ""motif"", ""ref"": ""WLC:Gen.25.34"", ""basis"": ""birthright traded for food"", ""note"": ""Esau eats and sells his birthright, then the narrator says he despised it; the scene shows immediate bodily appetite displacing a more valuable inheritance, like the commentary’s critique of preferring the lower lot."", ""turn"": 1, ""model"": ""luna"", ""connection_id"": ""BC-6e695ef2126bf412a29a""}, {""line"": 51, ""strength"": ""strong"", ""tradition"": ""tevrat"", ""kind"": ""motif"", ""ref"": ""WLC:Gen.25.34"", ""basis"": ""Esau's meal and birthright"", ""note"": ""Esau eats, drinks, and despises his birthright; the narrative makes a one-meal preference over an inheritance a concrete warning about choosing the immediate."", ""turn"": 1, ""model"": ""terra"", ""connection_id"": ""BC-ec2324a9aa7abc30f168""}]"
WLC:Gen.41.51	medium	tevrat	soydas	Hebrew נשה, forget | Arabic nasiya / Hebrew nashani	The commentary labels Arabic نسي (n-s-y) in 87:6; Hebrew נשה (n-š-h), in Joseph’s “God made me forget” name explanation, is a related weak-root form. Here forgetting is relief from past hardship, unlike the Qur’anic promise of retained recitation. | Genesis explains Manasseh's name with Hebrew nashani, “has made me forget,” about Joseph's hardship. It is a likely Semitic cognate of the commentary's nasiya label, though the Genesis scene contains no debris image.	sec16	"[{""line"": 78, ""strength"": ""medium"", ""tradition"": ""tevrat"", ""kind"": ""soydas"", ""ref"": ""WLC:Gen.41.51"", ""basis"": ""Hebrew נשה, forget"", ""note"": ""The commentary labels Arabic نسي (n-s-y) in 87:6; Hebrew נשה (n-š-h), in Joseph’s “God made me forget” name explanation, is a related weak-root form. Here forgetting is relief from past hardship, unlike the Qur’anic promise of retained recitation."", ""turn"": 2, ""model"": ""luna"", ""connection_id"": ""BC-9d31b082638ba519d5c5""}, {""line"": 74, ""strength"": ""weak"", ""tradition"": ""tevrat"", ""kind"": ""soydas"", ""ref"": ""WLC:Gen.41.51"", ""basis"": ""Arabic nasiya / Hebrew nashani"", ""note"": ""Genesis explains Manasseh's name with Hebrew nashani, “has made me forget,” about Joseph's hardship. It is a likely Semitic cognate of the commentary's nasiya label, though the Genesis scene contains no debris image."", ""turn"": 1, ""model"": ""terra"", ""connection_id"": ""BC-75dfc39e3a055dbf9ad0""}]"
WLC:Gen.45.7	strong	tevrat	paralel	Joseph's elevation and remnant	Joseph says God sent him ahead to preserve a remnant and keep his family alive; this is the Hebrew Joseph scene behind the commentary's Qur'anic notice of Joseph's being preferred, joined here to baqiyya.	sec16	"[{""line"": 75, ""strength"": ""strong"", ""tradition"": ""tevrat"", ""kind"": ""paralel"", ""ref"": ""WLC:Gen.45.7"", ""basis"": ""Joseph's elevation and remnant"", ""note"": ""Joseph says God sent him ahead to preserve a remnant and keep his family alive; this is the Hebrew Joseph scene behind the commentary's Qur'anic notice of Joseph's being preferred, joined here to baqiyya."", ""turn"": 2, ""model"": ""terra"", ""connection_id"": ""BC-1bef01c896c5686ccd7f""}]"
WLC:Isa.1.25	strong	tevrat	motif	dross removed by refining	God says he will smelt away Zion’s dross; this gives the commentary’s “chosen ones with no dregs” an interpretive counterpart in purification.	sec16	"[{""line"": 13, ""strength"": ""strong"", ""tradition"": ""tevrat"", ""kind"": ""motif"", ""ref"": ""WLC:Isa.1.25"", ""basis"": ""dross removed by refining"", ""note"": ""God says he will smelt away Zion’s dross; this gives the commentary’s “chosen ones with no dregs” an interpretive counterpart in purification."", ""turn"": 1, ""model"": ""luna"", ""connection_id"": ""BC-a1d75345df4fc8b3f866""}]"
WLC:Isa.10.20	strong	tevrat	motif	remnant relying on the LORD	The remnant no longer relies on its oppressor but relies faithfully on the LORD, specifying the faithful orientation of a remaining group.	sec16	"[{""line"": 46, ""strength"": ""strong"", ""tradition"": ""tevrat"", ""kind"": ""motif"", ""ref"": ""WLC:Isa.10.20"", ""basis"": ""remnant relying on the LORD"", ""note"": ""The remnant no longer relies on its oppressor but relies faithfully on the LORD, specifying the faithful orientation of a remaining group."", ""turn"": 1, ""model"": ""terra"", ""connection_id"": ""BC-1d7258be2d0ee0328877""}]"
WLC:Isa.37.31	strong	tevrat	motif	remnant rooting and bearing fruit	Judah's surviving remnant will take root below and bear fruit above, merging the commentary's positive remnant with its pasture-and-lasting-fruit imagery.	sec16	"[{""line"": 79, ""strength"": ""strong"", ""tradition"": ""tevrat"", ""kind"": ""motif"", ""ref"": ""WLC:Isa.37.31"", ""basis"": ""remnant rooting and bearing fruit"", ""note"": ""Judah's surviving remnant will take root below and bear fruit above, merging the commentary's positive remnant with its pasture-and-lasting-fruit imagery."", ""turn"": 2, ""model"": ""terra"", ""connection_id"": ""BC-f14013dbf61338766b30""}]"
WLC:Isa.40.6	strong	tevrat	motif	grass and fading flower	Isaiah says all flesh is grass and its beauty a field flower; this gives the pasture’s decay in 87:5 a direct image of mortal transience.	sec16	"[{""line"": 3, ""strength"": ""strong"", ""tradition"": ""tevrat"", ""kind"": ""motif"", ""ref"": ""WLC:Isa.40.6"", ""basis"": ""grass and fading flower"", ""note"": ""Isaiah says all flesh is grass and its beauty a field flower; this gives the pasture’s decay in 87:5 a direct image of mortal transience."", ""turn"": 1, ""model"": ""luna"", ""connection_id"": ""BC-ed26ca78bd781eff5458""}]"
WLC:Isa.40.7	strong	tevrat	motif	grass and flower fading	Grass withers and flower fades under the LORD's breath; its pasture-to-fading image is a close companion to 87:5 and the commentary's worldly flower.	sec16	"[{""line"": 29, ""strength"": ""strong"", ""tradition"": ""tevrat"", ""kind"": ""motif"", ""ref"": ""WLC:Isa.40.7"", ""basis"": ""grass and flower fading"", ""note"": ""Grass withers and flower fades under the LORD's breath; its pasture-to-fading image is a close companion to 87:5 and the commentary's worldly flower."", ""turn"": 1, ""model"": ""terra"", ""connection_id"": ""BC-0c87865d44da1690c45e""}]"
WLC:Isa.40.8	strong	tevrat	motif	word enduring forever | word standing forever	After grass and flower fade, Isaiah says God’s word stands forever; beside 87:6’s promised recitation and 87:17’s abiding good, the contrast joins fading growth to enduring revelation. | Against fading grass and flower, God's word stands forever, supplying the lasting side needed by the commentary's vegetation-and-abiding contrast.	sec16	"[{""line"": 4, ""strength"": ""strong"", ""tradition"": ""tevrat"", ""kind"": ""motif"", ""ref"": ""WLC:Isa.40.8"", ""basis"": ""word enduring forever"", ""note"": ""After grass and flower fade, Isaiah says God’s word stands forever; beside 87:6’s promised recitation and 87:17’s abiding good, the contrast joins fading growth to enduring revelation."", ""turn"": 1, ""model"": ""luna"", ""connection_id"": ""BC-9ebf1f829719dbd3b702""}, {""line"": 30, ""strength"": ""strong"", ""tradition"": ""tevrat"", ""kind"": ""motif"", ""ref"": ""WLC:Isa.40.8"", ""basis"": ""word standing forever"", ""note"": ""Against fading grass and flower, God's word stands forever, supplying the lasting side needed by the commentary's vegetation-and-abiding contrast."", ""turn"": 1, ""model"": ""terra"", ""connection_id"": ""BC-253d9ba4963a688fe753""}]"
WLC:Isa.51.6	strong	tevrat	motif	earth wears out, salvation endures | perishing creation / everlasting salvation	Isaiah says earth and heavens pass while God’s salvation and righteousness endure; it closely frames the commentary’s contrast between transient dunya and what lasts. | Heavens vanish, earth wears out, and inhabitants die, while God's salvation is forever and righteousness is not shattered; it makes the temporal/enduring comparison cosmic.	sec16	"[{""line"": 9, ""strength"": ""strong"", ""tradition"": ""tevrat"", ""kind"": ""motif"", ""ref"": ""WLC:Isa.51.6"", ""basis"": ""earth wears out, salvation endures"", ""note"": ""Isaiah says earth and heavens pass while God’s salvation and righteousness endure; it closely frames the commentary’s contrast between transient dunya and what lasts."", ""turn"": 1, ""model"": ""luna"", ""connection_id"": ""BC-d6b2a9278caa1755852c""}, {""line"": 80, ""strength"": ""strong"", ""tradition"": ""tevrat"", ""kind"": ""motif"", ""ref"": ""WLC:Isa.51.6"", ""basis"": ""perishing creation / everlasting salvation"", ""note"": ""Heavens vanish, earth wears out, and inhabitants die, while God's salvation is forever and righteousness is not shattered; it makes the temporal/enduring comparison cosmic."", ""turn"": 2, ""model"": ""terra"", ""connection_id"": ""BC-2359e5a0d1f10965ce75""}]"
WLC:Isa.55.2	strong	tevrat	motif	money for what does not satisfy	Isaiah asks why money and labor are spent on what does not satisfy, then calls listeners to eat what is good; it closely fits the commentary's scrutiny of valuable provision.	sec16	"[{""line"": 55, ""strength"": ""strong"", ""tradition"": ""tevrat"", ""kind"": ""motif"", ""ref"": ""WLC:Isa.55.2"", ""basis"": ""money for what does not satisfy"", ""note"": ""Isaiah asks why money and labor are spent on what does not satisfy, then calls listeners to eat what is good; it closely fits the commentary's scrutiny of valuable provision."", ""turn"": 1, ""model"": ""terra"", ""connection_id"": ""BC-3030f69da2f1dfe1368c""}]"
WLC:Isa.57.15	strong	tevrat	karsi_anlati	high God with lowly people	The high and exalted God also dwells with the crushed and lowly to revive them, challenging any simple equation of low status with refuse.	sec16	"[{""line"": 42, ""strength"": ""strong"", ""tradition"": ""tevrat"", ""kind"": ""karsi_anlati"", ""ref"": ""WLC:Isa.57.15"", ""basis"": ""high God with lowly people"", ""note"": ""The high and exalted God also dwells with the crushed and lowly to revive them, challenging any simple equation of low status with refuse."", ""turn"": 1, ""model"": ""terra"", ""connection_id"": ""BC-87ded466930460751645""}]"
WLC:Jer.17.11	medium	tevrat	motif	riches not gained justly	The person who gets riches unjustly leaves them in midlife and ends as a fool, combining unclean source with wealth's failure to remain.	sec16	"[{""line"": 117, ""strength"": ""medium"", ""tradition"": ""tevrat"", ""kind"": ""motif"", ""ref"": ""WLC:Jer.17.11"", ""basis"": ""riches not gained justly"", ""note"": ""The person who gets riches unjustly leaves them in midlife and ends as a fool, combining unclean source with wealth's failure to remain."", ""turn"": 2, ""model"": ""terra"", ""connection_id"": ""BC-fb8a26e6b2d10dde1ccd""}]"
WLC:Job.14.2	strong	tevrat	motif	flower withering and shadow fleeing	A human comes forth like a flower and withers, fleeing like a shadow that does not remain, a close poetic companion to the commentary's flower and non-abiding world.	sec16	"[{""line"": 81, ""strength"": ""strong"", ""tradition"": ""tevrat"", ""kind"": ""motif"", ""ref"": ""WLC:Job.14.2"", ""basis"": ""flower withering and shadow fleeing"", ""note"": ""A human comes forth like a flower and withers, fleeing like a shadow that does not remain, a close poetic companion to the commentary's flower and non-abiding world."", ""turn"": 2, ""model"": ""terra"", ""connection_id"": ""BC-244228eae62609328aea""}]"
WLC:Lev.19.10	strong	tevrat	motif	fallen grapes left for poor and alien	Israel may not strip the vineyard or gather its fallen grapes, but must leave them for poor people and resident aliens; discarded produce becomes deliberate generosity.	sec16	"[{""line"": 77, ""strength"": ""strong"", ""tradition"": ""tevrat"", ""kind"": ""motif"", ""ref"": ""WLC:Lev.19.10"", ""basis"": ""fallen grapes left for poor and alien"", ""note"": ""Israel may not strip the vineyard or gather its fallen grapes, but must leave them for poor people and resident aliens; discarded produce becomes deliberate generosity."", ""turn"": 2, ""model"": ""terra"", ""connection_id"": ""BC-cdd286343750b467dd47""}]"
WLC:Lev.19.9	medium	tevrat	motif	field edge reserved for the poor	The harvest is not to be cut to the edge, and gleanings are left for the poor and immigrant; this gives “what remains” an ethical use rather than the contemptuous sense of dregs.	sec16	"[{""line"": 86, ""strength"": ""medium"", ""tradition"": ""tevrat"", ""kind"": ""motif"", ""ref"": ""WLC:Lev.19.9"", ""basis"": ""field edge reserved for the poor"", ""note"": ""The harvest is not to be cut to the edge, and gleanings are left for the poor and immigrant; this gives “what remains” an ethical use rather than the contemptuous sense of dregs."", ""turn"": 2, ""model"": ""luna"", ""connection_id"": ""BC-772a6f15318a74c213fc""}]"
WLC:Mal.3.19	strong	tevrat	motif	wicked as burned stubble	In WLC numbering (English Malachi 4:1), the coming day makes the arrogant and evildoers stubble consumed by fire; it links discarded vegetation with the fate of the rejected.	sec16	"[{""line"": 12, ""strength"": ""strong"", ""tradition"": ""tevrat"", ""kind"": ""motif"", ""ref"": ""WLC:Mal.3.19"", ""basis"": ""wicked as burned stubble"", ""note"": ""In WLC numbering (English Malachi 4:1), the coming day makes the arrogant and evildoers stubble consumed by fire; it links discarded vegetation with the fate of the rejected."", ""turn"": 1, ""model"": ""luna"", ""connection_id"": ""BC-2d2b3caa6daf73c65278""}]"
WLC:Prov.10.2	strong	tevrat	motif	wicked treasure / life-delivering righteousness	Treasures of wickedness do not profit, whereas righteousness delivers from death; the proverb makes source and moral quality decisive for what counts as beneficial wealth.	sec16	"[{""line"": 82, ""strength"": ""strong"", ""tradition"": ""tevrat"", ""kind"": ""motif"", ""ref"": ""WLC:Prov.10.2"", ""basis"": ""wicked treasure / life-delivering righteousness"", ""note"": ""Treasures of wickedness do not profit, whereas righteousness delivers from death; the proverb makes source and moral quality decisive for what counts as beneficial wealth."", ""turn"": 2, ""model"": ""terra"", ""connection_id"": ""BC-f7de7aac99ef2393c306""}]"
WLC:Prov.11.4	strong	tevrat	motif	riches fail at judgment	Riches do not profit on the day of wrath, but righteousness delivers from death, pressing the commentary's contrast between present possession and ultimate outcome.	sec16	"[{""line"": 83, ""strength"": ""strong"", ""tradition"": ""tevrat"", ""kind"": ""motif"", ""ref"": ""WLC:Prov.11.4"", ""basis"": ""riches fail at judgment"", ""note"": ""Riches do not profit on the day of wrath, but righteousness delivers from death, pressing the commentary's contrast between present possession and ultimate outcome."", ""turn"": 2, ""model"": ""terra"", ""connection_id"": ""BC-0acc31ca039a9345e90c""}]"
WLC:Prov.13.11	medium	tevrat	motif	wealth gained hastily dwindles | hasty wealth dwindling	Proverbs says wealth acquired by vaporous means dwindles while gradual gathering grows; this adds a concrete warning about the source and durability of the wealth discussed in the commentary’s khayr gloss. | Wealth gained hastily dwindles, while gradual gathering increases it, adding a concrete temporal test to the commentary's concern for rightly qualified wealth.	sec16	"[{""line"": 83, ""strength"": ""medium"", ""tradition"": ""tevrat"", ""kind"": ""motif"", ""ref"": ""WLC:Prov.13.11"", ""basis"": ""wealth gained hastily dwindles"", ""note"": ""Proverbs says wealth acquired by vaporous means dwindles while gradual gathering grows; this adds a concrete warning about the source and durability of the wealth discussed in the commentary’s khayr gloss."", ""turn"": 2, ""model"": ""luna"", ""connection_id"": ""BC-09b19453311102b04f3a""}, {""line"": 116, ""strength"": ""medium"", ""tradition"": ""tevrat"", ""kind"": ""motif"", ""ref"": ""WLC:Prov.13.11"", ""basis"": ""hasty wealth dwindling"", ""note"": ""Wealth gained hastily dwindles, while gradual gathering increases it, adding a concrete temporal test to the commentary's concern for rightly qualified wealth."", ""turn"": 2, ""model"": ""terra"", ""connection_id"": ""BC-208ad9e07b7785636358""}]"
WLC:Prov.15.16	strong	tevrat	motif	little with fear of God | little with fear / treasure with turmoil	Proverbs calls a little with fear of the LORD better than great treasure with turmoil; this gives the commentary’s “good” wealth a moral condition and contests abundance as the measure of worth. | A little with fear of the LORD is better than great treasure with turmoil, comparing material plenty with the quality of the life that holds it.	sec16	"[{""line"": 80, ""strength"": ""strong"", ""tradition"": ""tevrat"", ""kind"": ""motif"", ""ref"": ""WLC:Prov.15.16"", ""basis"": ""little with fear of God"", ""note"": ""Proverbs calls a little with fear of the LORD better than great treasure with turmoil; this gives the commentary’s “good” wealth a moral condition and contests abundance as the measure of worth."", ""turn"": 2, ""model"": ""luna"", ""connection_id"": ""BC-3c34c23b328ccc05c21e""}, {""line"": 58, ""strength"": ""strong"", ""tradition"": ""tevrat"", ""kind"": ""motif"", ""ref"": ""WLC:Prov.15.16"", ""basis"": ""little with fear / treasure with turmoil"", ""note"": ""A little with fear of the LORD is better than great treasure with turmoil, comparing material plenty with the quality of the life that holds it."", ""turn"": 1, ""model"": ""terra"", ""connection_id"": ""BC-d4452841d54e88157bbe""}]"
WLC:Prov.16.19	strong	tevrat	motif	lowly with the poor preferred	Proverbs says it is better to be lowly among the poor than share spoil with the proud; this reverses the commentary’s low/dunyā pole by making low social position preferable to proud worldly gain.	sec16	"[{""line"": 81, ""strength"": ""strong"", ""tradition"": ""tevrat"", ""kind"": ""motif"", ""ref"": ""WLC:Prov.16.19"", ""basis"": ""lowly with the poor preferred"", ""note"": ""Proverbs says it is better to be lowly among the poor than share spoil with the proud; this reverses the commentary’s low/dunyā pole by making low social position preferable to proud worldly gain."", ""turn"": 2, ""model"": ""luna"", ""connection_id"": ""BC-3c1f589a90e2434e9b8b""}]"
WLC:Prov.16.8	strong	tevrat	karsi_anlati	righteous little over unjust abundance | little righteousness / great unjust gain	Proverbs says a little with righteousness is better than great revenues with injustice; it qualifies the commentary’s lexicon note that wealth merits “good” only when abundant and from a clean source by making integrity outweigh abundance. | The proverb judges a little with righteousness better than large income with injustice, qualifying the commentary's abundance criterion by making moral source decisive.	sec16	"[{""line"": 23, ""strength"": ""medium"", ""tradition"": ""tevrat"", ""kind"": ""karsi_anlati"", ""ref"": ""WLC:Prov.16.8"", ""basis"": ""righteous little over unjust abundance"", ""note"": ""Proverbs says a little with righteousness is better than great revenues with injustice; it qualifies the commentary’s lexicon note that wealth merits “good” only when abundant and from a clean source by making integrity outweigh abundance."", ""turn"": 1, ""model"": ""luna"", ""connection_id"": ""BC-764e1d75a26d13cc3dd0""}, {""line"": 56, ""strength"": ""strong"", ""tradition"": ""tevrat"", ""kind"": ""karsi_anlati"", ""ref"": ""WLC:Prov.16.8"", ""basis"": ""little righteousness / great unjust gain"", ""note"": ""The proverb judges a little with righteousness better than large income with injustice, qualifying the commentary's abundance criterion by making moral source decisive."", ""turn"": 1, ""model"": ""terra"", ""connection_id"": ""BC-6895d63655a923203047""}]"
WLC:Prov.19.17	medium	tevrat	motif	giving to poor as loan to God	The one gracious to the poor lends to the LORD, who repays the deed; it makes voluntary preference for a needy other an act with divine return.	sec16	"[{""line"": 118, ""strength"": ""medium"", ""tradition"": ""tevrat"", ""kind"": ""motif"", ""ref"": ""WLC:Prov.19.17"", ""basis"": ""giving to poor as loan to God"", ""note"": ""The one gracious to the poor lends to the LORD, who repays the deed; it makes voluntary preference for a needy other an act with divine return."", ""turn"": 2, ""model"": ""terra"", ""connection_id"": ""BC-97e5dce5695d9e1439b2""}]"
WLC:Prov.22.1	strong	tevrat	motif	good name chosen over riches | good name over riches	A good name is to be chosen over great riches, and favor over silver and gold; this directly joins the commentary’s language of choosing to a reordering of material value. | A good name is chosen over great riches and favor over silver and gold, directly depicting selection by worth rather than mere material quantity.	sec16	"[{""line"": 82, ""strength"": ""strong"", ""tradition"": ""tevrat"", ""kind"": ""motif"", ""ref"": ""WLC:Prov.22.1"", ""basis"": ""good name chosen over riches"", ""note"": ""A good name is to be chosen over great riches, and favor over silver and gold; this directly joins the commentary’s language of choosing to a reordering of material value."", ""turn"": 2, ""model"": ""luna"", ""connection_id"": ""BC-8571adcffa7e8eec7669""}, {""line"": 59, ""strength"": ""strong"", ""tradition"": ""tevrat"", ""kind"": ""motif"", ""ref"": ""WLC:Prov.22.1"", ""basis"": ""good name over riches"", ""note"": ""A good name is chosen over great riches and favor over silver and gold, directly depicting selection by worth rather than mere material quantity."", ""turn"": 1, ""model"": ""terra"", ""connection_id"": ""BC-7606782b6547b845edef""}]"
WLC:Prov.23.18	medium	tevrat	soydas	Hebrew אַחֲרִית, future	The commentary’s form ٱلْءَاخِرَة (al-ākhirah) and Hebrew אַחֲרִית (ʾaḥarit), “future/outcome,” reflect the cognate Semitic root ʾ-ḥ-r/ʾ-kh-r; Proverbs uses it for the wise person’s hoped-for future, not unambiguously for a postmortem realm.	sec16	"[{""line"": 79, ""strength"": ""medium"", ""tradition"": ""tevrat"", ""kind"": ""soydas"", ""ref"": ""WLC:Prov.23.18"", ""basis"": ""Hebrew אַחֲרִית, future"", ""note"": ""The commentary’s form ٱلْءَاخِرَة (al-ākhirah) and Hebrew אַחֲרִית (ʾaḥarit), “future/outcome,” reflect the cognate Semitic root ʾ-ḥ-r/ʾ-kh-r; Proverbs uses it for the wise person’s hoped-for future, not unambiguously for a postmortem realm."", ""turn"": 2, ""model"": ""luna"", ""connection_id"": ""BC-b4682ee879fdc4a41265""}]"
WLC:Prov.23.5	strong	tevrat	motif	wealth growing wings	When one fixes one's eyes on wealth, it is gone and flies heavenward like an eagle; it is a concrete warning against treating visible wealth as what remains.	sec16	"[{""line"": 84, ""strength"": ""strong"", ""tradition"": ""tevrat"", ""kind"": ""motif"", ""ref"": ""WLC:Prov.23.5"", ""basis"": ""wealth growing wings"", ""note"": ""When one fixes one's eyes on wealth, it is gone and flies heavenward like an eagle; it is a concrete warning against treating visible wealth as what remains."", ""turn"": 2, ""model"": ""terra"", ""connection_id"": ""BC-0b3d1fff77a9c8fbb74f""}]"
WLC:Prov.30.9	strong	tevrat	motif	fullness, denial, and God's name	Agur fears that being full will lead him to deny God, giving the commentary's question of worldly wealth a particular spiritual danger.	sec16	"[{""line"": 48, ""strength"": ""strong"", ""tradition"": ""tevrat"", ""kind"": ""motif"", ""ref"": ""WLC:Prov.30.9"", ""basis"": ""fullness, denial, and God's name"", ""note"": ""Agur fears that being full will lead him to deny God, giving the commentary's question of worldly wealth a particular spiritual danger."", ""turn"": 1, ""model"": ""terra"", ""connection_id"": ""BC-66dee772211efb0d0e64""}]"
WLC:Ps.1.3	strong	tevrat	motif	tree that does not wither	The commentary places 87:5’s spent pasture opposite 87:17’s good and abiding lot; Psalm 1’s planted tree bears fruit and its leaf does not wither.	sec16	"[{""line"": 2, ""strength"": ""strong"", ""tradition"": ""tevrat"", ""kind"": ""motif"", ""ref"": ""WLC:Ps.1.3"", ""basis"": ""tree that does not wither"", ""note"": ""The commentary places 87:5’s spent pasture opposite 87:17’s good and abiding lot; Psalm 1’s planted tree bears fruit and its leaf does not wither."", ""turn"": 1, ""model"": ""luna"", ""connection_id"": ""BC-c2c7510f58dc656bb5eb""}]"
WLC:Ps.1.4	strong	tevrat	motif	wicked as chaff | wicked as wind-driven chaff	Psalm 1 calls the wicked wind-driven chaff; that makes the commentary’s 87:5 debris a human moral image as well as dead vegetation, set against the righteous tree. | The wicked are chaff that the wind drives away, a pointed ethical use of plant refuse beside the commentary's discarded ghutha' and lower-human comparison.	sec16	"[{""line"": 1, ""strength"": ""strong"", ""tradition"": ""tevrat"", ""kind"": ""motif"", ""ref"": ""WLC:Ps.1.4"", ""basis"": ""wicked as chaff"", ""note"": ""Psalm 1 calls the wicked wind-driven chaff; that makes the commentary’s 87:5 debris a human moral image as well as dead vegetation, set against the righteous tree."", ""turn"": 1, ""model"": ""luna"", ""connection_id"": ""BC-89c1d58f3d767ffd7f4f""}, {""line"": 38, ""strength"": ""strong"", ""tradition"": ""tevrat"", ""kind"": ""motif"", ""ref"": ""WLC:Ps.1.4"", ""basis"": ""wicked as wind-driven chaff"", ""note"": ""The wicked are chaff that the wind drives away, a pointed ethical use of plant refuse beside the commentary's discarded ghutha' and lower-human comparison."", ""turn"": 1, ""model"": ""terra"", ""connection_id"": ""BC-ef8a3ea34ad7878546cf""}]"
WLC:Ps.102.27	strong	tevrat	motif	creation changes, God remains	The heavens and earth wear out and change, while God remains the same; this gives 87:17’s permanence a creation-scale contrast.	sec16	"[{""line"": 8, ""strength"": ""strong"", ""tradition"": ""tevrat"", ""kind"": ""motif"", ""ref"": ""WLC:Ps.102.27"", ""basis"": ""creation changes, God remains"", ""note"": ""The heavens and earth wear out and change, while God remains the same; this gives 87:17’s permanence a creation-scale contrast."", ""turn"": 1, ""model"": ""luna"", ""connection_id"": ""BC-753556d3953b23861c32""}]"
WLC:Ps.103.15	strong	tevrat	motif	human life like grass | human days as grass	Human days are like grass and a field flower that passes; this echoes 87:5’s pasture turned to debris and the commentary’s low valuation of worldly life. | Human days are grass and a person's flourishing is a field flower, a direct parallel for the commentary's flower image of worldly life.	sec16	"[{""line"": 10, ""strength"": ""strong"", ""tradition"": ""tevrat"", ""kind"": ""motif"", ""ref"": ""WLC:Ps.103.15"", ""basis"": ""human life like grass"", ""note"": ""Human days are like grass and a field flower that passes; this echoes 87:5’s pasture turned to debris and the commentary’s low valuation of worldly life."", ""turn"": 1, ""model"": ""luna"", ""connection_id"": ""BC-4cd476c05481f128c271""}, {""line"": 35, ""strength"": ""strong"", ""tradition"": ""tevrat"", ""kind"": ""motif"", ""ref"": ""WLC:Ps.103.15"", ""basis"": ""human days as grass"", ""note"": ""Human days are grass and a person's flourishing is a field flower, a direct parallel for the commentary's flower image of worldly life."", ""turn"": 1, ""model"": ""terra"", ""connection_id"": ""BC-552944c09c949276e0bf""}]"
WLC:Ps.103.16	strong	tevrat	motif	gone and no longer known	After the wind passes, the flower is gone and its place knows it no more; this adds a specific fading-and-forgetting counterpart to the commentary's forgotten residue.	sec16	"[{""line"": 36, ""strength"": ""strong"", ""tradition"": ""tevrat"", ""kind"": ""motif"", ""ref"": ""WLC:Ps.103.16"", ""basis"": ""gone and no longer known"", ""note"": ""After the wind passes, the flower is gone and its place knows it no more; this adds a specific fading-and-forgetting counterpart to the commentary's forgotten residue."", ""turn"": 1, ""model"": ""terra"", ""connection_id"": ""BC-9506884e9fe8273d9065""}]"
WLC:Ps.103.17	strong	tevrat	motif	steadfast love everlasting | enduring steadfast love	Against the human flower that fades, the next verse says God’s steadfast love is everlasting; it supplies a specific enduring counterpart to the commentary’s 87:17. | The LORD's steadfast love is from everlasting to everlasting, giving the psalm's answer to its prior grass-and-flower transience.	sec16	"[{""line"": 11, ""strength"": ""strong"", ""tradition"": ""tevrat"", ""kind"": ""motif"", ""ref"": ""WLC:Ps.103.17"", ""basis"": ""steadfast love everlasting"", ""note"": ""Against the human flower that fades, the next verse says God’s steadfast love is everlasting; it supplies a specific enduring counterpart to the commentary’s 87:17."", ""turn"": 1, ""model"": ""luna"", ""connection_id"": ""BC-63685964f3fec7a5c1e6""}, {""line"": 37, ""strength"": ""strong"", ""tradition"": ""tevrat"", ""kind"": ""motif"", ""ref"": ""WLC:Ps.103.17"", ""basis"": ""enduring steadfast love"", ""note"": ""The LORD's steadfast love is from everlasting to everlasting, giving the psalm's answer to its prior grass-and-flower transience."", ""turn"": 1, ""model"": ""terra"", ""connection_id"": ""BC-a859746c7b88e6e0c5e4""}]"
WLC:Ps.113.7	strong	tevrat	karsi_anlati	poor raised from dust and ash heap	Rather than leaving the lowly among refuse, the psalm says God raises the poor from dust and lifts the needy from the ash heap; it reverses the commentary's social application of debris.	sec16	"[{""line"": 39, ""strength"": ""strong"", ""tradition"": ""tevrat"", ""kind"": ""karsi_anlati"", ""ref"": ""WLC:Ps.113.7"", ""basis"": ""poor raised from dust and ash heap"", ""note"": ""Rather than leaving the lowly among refuse, the psalm says God raises the poor from dust and lifts the needy from the ash heap; it reverses the commentary's social application of debris."", ""turn"": 1, ""model"": ""terra"", ""connection_id"": ""BC-f5aa94403c1640e859e9""}]"
WLC:Ps.119.16	strong	tevrat	motif	does not forget the word	The psalmist delights in God’s statutes and says he will not forget the word; it gives a human devotional counterpart to 87:6’s promised retention of recitation.	sec16	"[{""line"": 84, ""strength"": ""strong"", ""tradition"": ""tevrat"", ""kind"": ""motif"", ""ref"": ""WLC:Ps.119.16"", ""basis"": ""does not forget the word"", ""note"": ""The psalmist delights in God’s statutes and says he will not forget the word; it gives a human devotional counterpart to 87:6’s promised retention of recitation."", ""turn"": 2, ""model"": ""luna"", ""connection_id"": ""BC-c24a2b69530c2cfd782d""}]"
WLC:Ps.37.16	strong	tevrat	karsi_anlati|motif	little of righteous better | little righteous / abundance wicked	The psalm says the righteous person’s little is better than the abundance of many wicked; it joins “better” to clean moral source while reversing the lexicon’s emphasis on plenty. | The small portion of the righteous is better than the abundance of many wicked, another direct reversal of an amount-based account of good wealth.	sec16	"[{""line"": 24, ""strength"": ""strong"", ""tradition"": ""tevrat"", ""kind"": ""motif"", ""ref"": ""WLC:Ps.37.16"", ""basis"": ""little of righteous better"", ""note"": ""The psalm says the righteous person’s little is better than the abundance of many wicked; it joins “better” to clean moral source while reversing the lexicon’s emphasis on plenty."", ""turn"": 1, ""model"": ""luna"", ""connection_id"": ""BC-f046dbc1527135251b6a""}, {""line"": 57, ""strength"": ""strong"", ""tradition"": ""tevrat"", ""kind"": ""karsi_anlati"", ""ref"": ""WLC:Ps.37.16"", ""basis"": ""little righteous / abundance wicked"", ""note"": ""The small portion of the righteous is better than the abundance of many wicked, another direct reversal of an amount-based account of good wealth."", ""turn"": 1, ""model"": ""terra"", ""connection_id"": ""BC-eaaca645e3ad2437bcc4""}]"
WLC:Ps.49.17	strong	tevrat	motif	wealth left at death	The rich person takes nothing when he dies; the verse sharply limits the value of the worldly goods preferred in 87:16.	sec16	"[{""line"": 7, ""strength"": ""strong"", ""tradition"": ""tevrat"", ""kind"": ""motif"", ""ref"": ""WLC:Ps.49.17"", ""basis"": ""wealth left at death"", ""note"": ""The rich person takes nothing when he dies; the verse sharply limits the value of the worldly goods preferred in 87:16."", ""turn"": 1, ""model"": ""luna"", ""connection_id"": ""BC-519f52a67c1876470d64""}]"
WLC:Ps.73.25	strong	tevrat	motif	desire in heaven and earth	The psalmist says there is none in heaven besides God and nothing on earth he desires; this is a concrete preference for God over earthly life and goods.	sec16	"[{""line"": 5, ""strength"": ""strong"", ""tradition"": ""tevrat"", ""kind"": ""motif"", ""ref"": ""WLC:Ps.73.25"", ""basis"": ""desire in heaven and earth"", ""note"": ""The psalmist says there is none in heaven besides God and nothing on earth he desires; this is a concrete preference for God over earthly life and goods."", ""turn"": 1, ""model"": ""luna"", ""connection_id"": ""BC-867a428cabefde828d57""}]"
WLC:Ps.73.26	strong	tevrat	motif	God as lasting portion	When flesh and heart fail, God remains the psalmist’s portion forever; that makes 87:17’s better, more lasting share a personal trust rather than a material asset.	sec16	"[{""line"": 6, ""strength"": ""strong"", ""tradition"": ""tevrat"", ""kind"": ""motif"", ""ref"": ""WLC:Ps.73.26"", ""basis"": ""God as lasting portion"", ""note"": ""When flesh and heart fail, God remains the psalmist’s portion forever; that makes 87:17’s better, more lasting share a personal trust rather than a material asset."", ""turn"": 1, ""model"": ""luna"", ""connection_id"": ""BC-9f18e5c0dda61adc11fe""}]"
WLC:Ruth.2.16	strong	tevrat	motif	bundled grain deliberately left	Boaz orders workers to pull grain from bundles and leave it for Ruth to glean without rebuke, a narrative instance of turning surplus and leftovers toward a migrant widow's need.	sec16	"[{""line"": 78, ""strength"": ""strong"", ""tradition"": ""tevrat"", ""kind"": ""motif"", ""ref"": ""WLC:Ruth.2.16"", ""basis"": ""bundled grain deliberately left"", ""note"": ""Boaz orders workers to pull grain from bundles and leave it for Ruth to glean without rebuke, a narrative instance of turning surplus and leftovers toward a migrant widow's need."", ""turn"": 2, ""model"": ""terra"", ""connection_id"": ""BC-48100f41b32a77991f35""}]"
WLC:Zeph.3.12	strong	tevrat	motif	humble remnant seeks refuge | humble and lowly remnant	Zephaniah says God leaves a humble and lowly people who take refuge in him; this unites the commentary’s “low” valuation and its bakiyya that still has religious substance, reversing any equation of low social standing with refuse. | God leaves a humble, lowly people who seek refuge in his name, joining low status to the positive remnant rather than to discard.	sec16	"[{""line"": 71, ""strength"": ""strong"", ""tradition"": ""tevrat"", ""kind"": ""motif"", ""ref"": ""WLC:Zeph.3.12"", ""basis"": ""humble remnant seeks refuge"", ""note"": ""Zephaniah says God leaves a humble and lowly people who take refuge in him; this unites the commentary’s “low” valuation and its bakiyya that still has religious substance, reversing any equation of low social standing with refuse."", ""turn"": 2, ""model"": ""luna"", ""connection_id"": ""BC-8e805766bfd552faa434""}, {""line"": 43, ""strength"": ""strong"", ""tradition"": ""tevrat"", ""kind"": ""motif"", ""ref"": ""WLC:Zeph.3.12"", ""basis"": ""humble and lowly remnant"", ""note"": ""God leaves a humble, lowly people who seek refuge in his name, joining low status to the positive remnant rather than to discard."", ""turn"": 1, ""model"": ""terra"", ""connection_id"": ""BC-21216602670fbcd4a2ed""}]"
WLC:Zeph.3.13	strong	tevrat	motif	remnant does no injustice | remnant without wrong or deceit	The remnant of Israel speaks no lies and does no injustice; this makes the commentary’s morally intact remainder concrete, rather than treating what remains as mere debris. | Israel's remnant does no wrong and speaks no lies; it gives the commentary's “remaining ones” a concrete moral profile.	sec16	"[{""line"": 72, ""strength"": ""strong"", ""tradition"": ""tevrat"", ""kind"": ""motif"", ""ref"": ""WLC:Zeph.3.13"", ""basis"": ""remnant does no injustice"", ""note"": ""The remnant of Israel speaks no lies and does no injustice; this makes the commentary’s morally intact remainder concrete, rather than treating what remains as mere debris."", ""turn"": 2, ""model"": ""luna"", ""connection_id"": ""BC-db7d61109442f579b1da""}, {""line"": 44, ""strength"": ""strong"", ""tradition"": ""tevrat"", ""kind"": ""motif"", ""ref"": ""WLC:Zeph.3.13"", ""basis"": ""remnant without wrong or deceit"", ""note"": ""Israel's remnant does no wrong and speaks no lies; it gives the commentary's “remaining ones” a concrete moral profile."", ""turn"": 1, ""model"": ""terra"", ""connection_id"": ""BC-74787dc6dc1c2e3cd23b""}]"
Wisdom of Solomon 3:1	strong	tevrat	motif	souls held by God	The souls of the righteous are in God’s hand and are at peace despite seeming lost; this answers the commentary’s debris/forgetting side with what remains secure before God.	sec16	"[{""line"": 30, ""strength"": ""strong"", ""tradition"": ""tevrat"", ""kind"": ""motif"", ""ref"": ""Wisdom of Solomon 3:1"", ""basis"": ""souls held by God"", ""note"": ""The souls of the righteous are in God’s hand and are at peace despite seeming lost; this answers the commentary’s debris/forgetting side with what remains secure before God."", ""turn"": 1, ""model"": ""luna"", ""connection_id"": ""BC-0d2822822c949919450a""}]"
Wisdom of Solomon 3:4	strong	tevrat	motif	hope of immortality | hope full of immortality	Though the righteous seem punished and dead, their hope is full of immortality; this gives 87:17’s lasting good a specific postmortem sense. | The righteous may appear punished to observers, yet their hope is full of immortality, making present appearance a poor measure of lasting worth.	sec16	"[{""line"": 31, ""strength"": ""strong"", ""tradition"": ""tevrat"", ""kind"": ""motif"", ""ref"": ""Wisdom of Solomon 3:4"", ""basis"": ""hope of immortality"", ""note"": ""Though the righteous seem punished and dead, their hope is full of immortality; this gives 87:17’s lasting good a specific postmortem sense."", ""turn"": 1, ""model"": ""luna"", ""connection_id"": ""BC-25a8ee1ac016c2aa7a74""}, {""line"": 15, ""strength"": ""strong"", ""tradition"": ""tevrat"", ""kind"": ""motif"", ""ref"": ""Wisdom of Solomon 3:4"", ""basis"": ""hope full of immortality"", ""note"": ""The righteous may appear punished to observers, yet their hope is full of immortality, making present appearance a poor measure of lasting worth."", ""turn"": 1, ""model"": ""terra"", ""connection_id"": ""BC-0f33182b2ed96ae77323""}]"
b. Eruvin 22a	strong	tevrat	motif	today for doing, tomorrow for reward	The talmudic reading of the commandment says this day is for performing them and the next for receiving reward, making present moral action and future recompense distinct without making present life the final good.	sec16	"[{""line"": 87, ""strength"": ""strong"", ""tradition"": ""tevrat"", ""kind"": ""motif"", ""ref"": ""b. Eruvin 22a"", ""basis"": ""today for doing, tomorrow for reward"", ""note"": ""The talmudic reading of the commandment says this day is for performing them and the next for receiving reward, making present moral action and future recompense distinct without making present life the final good."", ""turn"": 2, ""model"": ""terra"", ""connection_id"": ""BC-101c9168610c45243b78""}]"
