ref	tier	tradition	kinds	basis	explanations	target	evidence
Augustine, Letter 130.9	medium	incil	yorum_gelenegi	God knows needs before spoken prayer	The commentary says God knows an inward as well as uttered reading. Augustine explains that prayer-words do not inform God, who already knows human need, but exercise the pray-er’s desire; this is a patristic account of the same premise.	sec13	"[{""line"": 45, ""strength"": ""medium"", ""tradition"": ""incil"", ""kind"": ""yorum_gelenegi"", ""ref"": ""Augustine, Letter 130.9"", ""basis"": ""God knows needs before spoken prayer"", ""note"": ""The commentary says God knows an inward as well as uttered reading. Augustine explains that prayer-words do not inform God, who already knows human need, but exercise the pray-er’s desire; this is a patristic account of the same premise."", ""turn"": 1, ""model"": ""terra"", ""connection_id"": ""BC-d3cfe5ead57b29a39d6f""}]"
Cyprian, On the Lord's Prayer 4	strong	incil	yorum_gelenegi	quiet prayer; God hears the heart	Cyprian teaches that prayer should be quiet because God hears the heart rather than the volume of a voice. This directly interprets the commentary's claim that God knows recitation whether it is on the tongue or in the heart.	sec13	"[{""line"": 3, ""strength"": ""strong"", ""tradition"": ""incil"", ""kind"": ""yorum_gelenegi"", ""ref"": ""Cyprian, On the Lord's Prayer 4"", ""basis"": ""quiet prayer; God hears the heart"", ""note"": ""Cyprian teaches that prayer should be quiet because God hears the heart rather than the volume of a voice. This directly interprets the commentary's claim that God knows recitation whether it is on the tongue or in the heart."", ""turn"": 1, ""model"": ""terra"", ""connection_id"": ""BC-1f2490e9d1ffd82c9b97""}]"
Didache 8:2-3	strong	incil	motif	fixed prayer and God's name	The Didache prescribes the Lord's Prayer three times daily, including the petition that God's name be hallowed; this gives a concrete Christian practice joining repeated recitation, the divine name and prayer.	sec13	"[{""line"": 100, ""strength"": ""strong"", ""tradition"": ""incil"", ""kind"": ""motif"", ""ref"": ""Didache 8:2-3"", ""basis"": ""fixed prayer and God's name"", ""note"": ""The Didache prescribes the Lord's Prayer three times daily, including the petition that God's name be hallowed; this gives a concrete Christian practice joining repeated recitation, the divine name and prayer."", ""turn"": 2, ""model"": ""luna"", ""connection_id"": ""BC-36b913a83ec398692540""}]"
Justin Martyr, First Apology 67.3-4	strong	incil	motif	scripture read in assembly	Justin describes the memoirs of the apostles or prophets being read in the Sunday gathering, followed by instruction; this is a specific Christian public-reading practice alongside the commentary's recitation and text-in-hand reading.	sec13	"[{""line"": 101, ""strength"": ""strong"", ""tradition"": ""incil"", ""kind"": ""motif"", ""ref"": ""Justin Martyr, First Apology 67.3-4"", ""basis"": ""scripture read in assembly"", ""note"": ""Justin describes the memoirs of the apostles or prophets being read in the Sunday gathering, followed by instruction; this is a specific Christian public-reading practice alongside the commentary's recitation and text-in-hand reading."", ""turn"": 2, ""model"": ""luna"", ""connection_id"": ""BC-9fde56be4dc50dd787b6""}]"
SBLGNT:1Cor.11.24	medium	incil	motif	liturgical remembrance in enacted worship	"The commentary joins dhikr to prayer. Paul's Eucharistic command, ""do this in remembrance of me,"" makes remembrance a repeated Christian worship-act, though its object and rite differ from remembering God's name in 87:15."	sec13	"[{""line"": 87, ""strength"": ""medium"", ""tradition"": ""incil"", ""kind"": ""motif"", ""ref"": ""SBLGNT:1Cor.11.24"", ""basis"": ""liturgical remembrance in enacted worship"", ""note"": ""The commentary joins dhikr to prayer. Paul's Eucharistic command, \""do this in remembrance of me,\"" makes remembrance a repeated Christian worship-act, though its object and rite differ from remembering God's name in 87:15."", ""turn"": 2, ""model"": ""terra"", ""connection_id"": ""BC-87ee4e7e84b2e2c6b028""}]"
SBLGNT:1Cor.14.15	strong	incil	motif	praying with spirit and mind | prayer and song with spirit and mind	Paul distinguishes and then joins praying and singing with the spirit and with the mind; this is a particularly close Christian formulation alongside the commentary's tongue-and-heart remembrance. | The commentary distinguishes raised sound from an inward mode of worship. Paul resolves a comparable pairing by praying and singing with both spirit and mind, bringing cognition into voiced prayer and song.	sec13	"[{""line"": 83, ""strength"": ""strong"", ""tradition"": ""incil"", ""kind"": ""motif"", ""ref"": ""SBLGNT:1Cor.14.15"", ""basis"": ""praying with spirit and mind"", ""note"": ""Paul distinguishes and then joins praying and singing with the spirit and with the mind; this is a particularly close Christian formulation alongside the commentary's tongue-and-heart remembrance."", ""turn"": 2, ""model"": ""luna"", ""connection_id"": ""BC-1a89096f1e366d2be505""}, {""line"": 65, ""strength"": ""strong"", ""tradition"": ""incil"", ""kind"": ""motif"", ""ref"": ""SBLGNT:1Cor.14.15"", ""basis"": ""prayer and song with spirit and mind"", ""note"": ""The commentary distinguishes raised sound from an inward mode of worship. Paul resolves a comparable pairing by praying and singing with both spirit and mind, bringing cognition into voiced prayer and song."", ""turn"": 2, ""model"": ""terra"", ""connection_id"": ""BC-44657c1877ba3bff47f5""}]"
SBLGNT:1Cor.14.2	strong	incil	motif	mysteries spoken to God	Paul says a person speaking in a tongue speaks mysteries to God and not to people; this gives a precise case of utterance hidden from human hearers yet addressed to God, who knows what the commentary says is hidden.	sec13	"[{""line"": 82, ""strength"": ""strong"", ""tradition"": ""incil"", ""kind"": ""motif"", ""ref"": ""SBLGNT:1Cor.14.2"", ""basis"": ""mysteries spoken to God"", ""note"": ""Paul says a person speaking in a tongue speaks mysteries to God and not to people; this gives a precise case of utterance hidden from human hearers yet addressed to God, who knows what the commentary says is hidden."", ""turn"": 2, ""model"": ""luna"", ""connection_id"": ""BC-c8f7302b8286def7c802""}]"
SBLGNT:1Cor.14.25	strong	incil	motif	secrets of the heart disclosed | secrets of heart disclosed in worship	Paul says a visitor's heart secrets become manifest through prophecy, leading to worship; this connects inward hidden matter, public speech and prayer in one scene. | The commentary connects hidden knowledge, audible word, and prayer. Paul says an outsider's heart-secrets are disclosed and that person then worships God and declares God's presence, a tightly related congregational scene.	sec13	"[{""line"": 84, ""strength"": ""strong"", ""tradition"": ""incil"", ""kind"": ""motif"", ""ref"": ""SBLGNT:1Cor.14.25"", ""basis"": ""secrets of the heart disclosed"", ""note"": ""Paul says a visitor's heart secrets become manifest through prophecy, leading to worship; this connects inward hidden matter, public speech and prayer in one scene."", ""turn"": 2, ""model"": ""luna"", ""connection_id"": ""BC-8a49150ea8226eac128e""}, {""line"": 77, ""strength"": ""strong"", ""tradition"": ""incil"", ""kind"": ""motif"", ""ref"": ""SBLGNT:1Cor.14.25"", ""basis"": ""secrets of heart disclosed in worship"", ""note"": ""The commentary connects hidden knowledge, audible word, and prayer. Paul says an outsider's heart-secrets are disclosed and that person then worships God and declares God's presence, a tightly related congregational scene."", ""turn"": 2, ""model"": ""terra"", ""connection_id"": ""BC-885d7ed48c1715db1673""}]"
SBLGNT:1Cor.14.28	medium	incil	motif	communal silence and speech to self and God	The commentary balances voiced and internal devotion. Paul tells an uninterpreted speaker to keep silence in the assembly while speaking to himself and to God, distinguishing public sound from God-directed speech.	sec13	"[{""line"": 44, ""strength"": ""medium"", ""tradition"": ""incil"", ""kind"": ""motif"", ""ref"": ""SBLGNT:1Cor.14.28"", ""basis"": ""communal silence and speech to self and God"", ""note"": ""The commentary balances voiced and internal devotion. Paul tells an uninterpreted speaker to keep silence in the assembly while speaking to himself and to God, distinguishing public sound from God-directed speech."", ""turn"": 1, ""model"": ""terra"", ""connection_id"": ""BC-2e317401bd00eb1c7638""}]"
SBLGNT:1Cor.3.6	strong	incil	motif	planting, watering, and God giving growth	The commentary makes pasture's emergence God's act despite rain and soil. Paul distinguishes human planting and watering from God who gives the growth, a Christian agricultural image of the same agency distinction.	sec13	"[{""line"": 79, ""strength"": ""strong"", ""tradition"": ""incil"", ""kind"": ""motif"", ""ref"": ""SBLGNT:1Cor.3.6"", ""basis"": ""planting, watering, and God giving growth"", ""note"": ""The commentary makes pasture's emergence God's act despite rain and soil. Paul distinguishes human planting and watering from God who gives the growth, a Christian agricultural image of the same agency distinction."", ""turn"": 2, ""model"": ""terra"", ""connection_id"": ""BC-5a976986851c648639d2""}]"
SBLGNT:1Cor.4.5	strong	incil	motif	hidden motives disclosed | hidden darkness and counsels of hearts disclosed	Paul says the Lord will bring hidden things of darkness to light and disclose the purposes of hearts; this fuses the commentary's concealed matters with its inward remembrance and divine knowing. | The commentary joins concealed things emerging from cover with the knowledge of inner reality. Paul says the Lord will bring hidden darkness to light and disclose the counsels of hearts, uniting both movements in judgment.	sec13	"[{""line"": 35, ""strength"": ""strong"", ""tradition"": ""incil"", ""kind"": ""motif"", ""ref"": ""SBLGNT:1Cor.4.5"", ""basis"": ""hidden motives disclosed"", ""note"": ""Paul says the Lord will bring hidden things of darkness to light and disclose the purposes of hearts; this fuses the commentary's concealed matters with its inward remembrance and divine knowing."", ""turn"": 1, ""model"": ""luna"", ""connection_id"": ""BC-079641bbe17d84e298c1""}, {""line"": 17, ""strength"": ""strong"", ""tradition"": ""incil"", ""kind"": ""motif"", ""ref"": ""SBLGNT:1Cor.4.5"", ""basis"": ""hidden darkness and counsels of hearts disclosed"", ""note"": ""The commentary joins concealed things emerging from cover with the knowledge of inner reality. Paul says the Lord will bring hidden darkness to light and disclose the counsels of hearts, uniting both movements in judgment."", ""turn"": 1, ""model"": ""terra"", ""connection_id"": ""BC-9b5e2d38b271cee1e622""}]"
SBLGNT:1Tim.4.13	strong	incil	motif	public reading of scripture	Paul directs Timothy to devote himself to public reading, exhortation and teaching; this is a specific Christian liturgical counterpart to the commentary's reading aloud and by sight.	sec13	"[{""line"": 87, ""strength"": ""strong"", ""tradition"": ""incil"", ""kind"": ""motif"", ""ref"": ""SBLGNT:1Tim.4.13"", ""basis"": ""public reading of scripture"", ""note"": ""Paul directs Timothy to devote himself to public reading, exhortation and teaching; this is a specific Christian liturgical counterpart to the commentary's reading aloud and by sight."", ""turn"": 2, ""model"": ""luna"", ""connection_id"": ""BC-c55a67fd303d2775f33a""}]"
SBLGNT:1Tim.6.16	medium	incil	motif	unapproachable light that no human can see	The commentary says overwhelming light can function like a cover to sight. First Timothy places God in unapproachable light whom no human has seen or can see, a theological extension of visual excess beyond the sun-image.	sec13	"[{""line"": 92, ""strength"": ""medium"", ""tradition"": ""incil"", ""kind"": ""motif"", ""ref"": ""SBLGNT:1Tim.6.16"", ""basis"": ""unapproachable light that no human can see"", ""note"": ""The commentary says overwhelming light can function like a cover to sight. First Timothy places God in unapproachable light whom no human has seen or can see, a theological extension of visual excess beyond the sun-image."", ""turn"": 2, ""model"": ""terra"", ""connection_id"": ""BC-01235aa8edd7c8c67c22""}]"
SBLGNT:2Cor.3.14	strong	incil	yorum_gelenegi	veil over Scripture reading	Paul interprets Moses' veil as remaining over readers of the old covenant until Christ removes it; this Christian reading makes the commentary's conjunction of recitation, concealment and disclosure a live interpretive question.	sec13	"[{""line"": 48, ""strength"": ""strong"", ""tradition"": ""incil"", ""kind"": ""yorum_gelenegi"", ""ref"": ""SBLGNT:2Cor.3.14"", ""basis"": ""veil over Scripture reading"", ""note"": ""Paul interprets Moses' veil as remaining over readers of the old covenant until Christ removes it; this Christian reading makes the commentary's conjunction of recitation, concealment and disclosure a live interpretive question."", ""turn"": 1, ""model"": ""luna"", ""connection_id"": ""BC-15bf243933024b086176""}]"
SBLGNT:2Cor.3.15	strong	incil	motif|yorum_gelenegi	veil over the heart | Moses read while a veil lies on the heart	Paul says a veil lies over the heart when Moses is read; this explicitly joins textual reading to inward concealment, the two fields the commentary brings together. | The commentary connects reading, heart, and covering. Paul says that when Moses is read a veil lies on the heart, a Christian interpretive image in which scriptural reading itself can remain interiorly covered.	sec13	"[{""line"": 49, ""strength"": ""strong"", ""tradition"": ""incil"", ""kind"": ""yorum_gelenegi"", ""ref"": ""SBLGNT:2Cor.3.15"", ""basis"": ""veil over the heart"", ""note"": ""Paul says a veil lies over the heart when Moses is read; this explicitly joins textual reading to inward concealment, the two fields the commentary brings together."", ""turn"": 1, ""model"": ""luna"", ""connection_id"": ""BC-d65a39d8750323a8fff7""}, {""line"": 85, ""strength"": ""medium"", ""tradition"": ""incil"", ""kind"": ""motif"", ""ref"": ""SBLGNT:2Cor.3.15"", ""basis"": ""Moses read while a veil lies on the heart"", ""note"": ""The commentary connects reading, heart, and covering. Paul says that when Moses is read a veil lies on the heart, a Christian interpretive image in which scriptural reading itself can remain interiorly covered."", ""turn"": 2, ""model"": ""terra"", ""connection_id"": ""BC-69856ad6dc89c1e683dc""}]"
SBLGNT:2Cor.3.16	strong	incil	yorum_gelenegi	turning removes the veil	Paul says the veil is removed when one turns to the Lord; this gives a Christian interpretive account of concealment as something lifted through turning toward God.	sec13	"[{""line"": 50, ""strength"": ""strong"", ""tradition"": ""incil"", ""kind"": ""yorum_gelenegi"", ""ref"": ""SBLGNT:2Cor.3.16"", ""basis"": ""turning removes the veil"", ""note"": ""Paul says the veil is removed when one turns to the Lord; this gives a Christian interpretive account of concealment as something lifted through turning toward God."", ""turn"": 1, ""model"": ""luna"", ""connection_id"": ""BC-d3a7ae9d43db6118b17a""}]"
SBLGNT:2Cor.3.3	strong	incil	motif	Spirit-written letter on human hearts	The commentary contrasts a text looked at with one retained in the heart. Paul calls the Corinthians Christ's letter, written by the Spirit on human hearts rather than with ink, making inward inscription a reading-image.	sec13	"[{""line"": 60, ""strength"": ""strong"", ""tradition"": ""incil"", ""kind"": ""motif"", ""ref"": ""SBLGNT:2Cor.3.3"", ""basis"": ""Spirit-written letter on human hearts"", ""note"": ""The commentary contrasts a text looked at with one retained in the heart. Paul calls the Corinthians Christ's letter, written by the Spirit on human hearts rather than with ink, making inward inscription a reading-image."", ""turn"": 2, ""model"": ""terra"", ""connection_id"": ""BC-da992a41356a71811c18""}]"
SBLGNT:2Cor.3.7	strong	incil	motif	brightness that Israel could not gaze at	The commentary's secondary image is sight defeated by excessive light. Paul says Israel could not gaze at Moses' face because of its glory, making visual incapacity caused by radiance explicit.	sec13	"[{""line"": 82, ""strength"": ""strong"", ""tradition"": ""incil"", ""kind"": ""motif"", ""ref"": ""SBLGNT:2Cor.3.7"", ""basis"": ""brightness that Israel could not gaze at"", ""note"": ""The commentary's secondary image is sight defeated by excessive light. Paul says Israel could not gaze at Moses' face because of its glory, making visual incapacity caused by radiance explicit."", ""turn"": 2, ""model"": ""terra"", ""connection_id"": ""BC-df79f2e13cca83d2b69e""}]"
SBLGNT:Acts.1.24	strong	incil	motif	prayer to the Lord as knower of all hearts	The commentary says inward realities are known to God. Before choosing Matthias, the disciples pray to the Lord specifically as the knower of everyone's heart, making the claim part of communal discernment.	sec13	"[{""line"": 75, ""strength"": ""strong"", ""tradition"": ""incil"", ""kind"": ""motif"", ""ref"": ""SBLGNT:Acts.1.24"", ""basis"": ""prayer to the Lord as knower of all hearts"", ""note"": ""The commentary says inward realities are known to God. Before choosing Matthias, the disciples pray to the Lord specifically as the knower of everyone's heart, making the claim part of communal discernment."", ""turn"": 2, ""model"": ""terra"", ""connection_id"": ""BC-50d938da0796b583f4ef""}]"
SBLGNT:Acts.22.11	strong	incil	motif	light prevents sight | unable to see because of brilliant light	Paul says he could not see because of the glory of the light; this directly matches the commentary's secondary observation that too much light can itself become a veil. | The commentary's cehra image is an eye unable to see in sun. Paul says he could not see because of the brilliance of the heavenly light, a narrative instance of sight overwhelmed by light.	sec13	"[{""line"": 53, ""strength"": ""medium"", ""tradition"": ""incil"", ""kind"": ""motif"", ""ref"": ""SBLGNT:Acts.22.11"", ""basis"": ""light prevents sight"", ""note"": ""Paul says he could not see because of the glory of the light; this directly matches the commentary's secondary observation that too much light can itself become a veil."", ""turn"": 1, ""model"": ""luna"", ""connection_id"": ""BC-bd6448b3d8c091bfcbc0""}, {""line"": 41, ""strength"": ""strong"", ""tradition"": ""incil"", ""kind"": ""motif"", ""ref"": ""SBLGNT:Acts.22.11"", ""basis"": ""unable to see because of brilliant light"", ""note"": ""The commentary's cehra image is an eye unable to see in sun. Paul says he could not see because of the brilliance of the heavenly light, a narrative instance of sight overwhelmed by light."", ""turn"": 1, ""model"": ""terra"", ""connection_id"": ""BC-290f31e11405deb85d15""}]"
SBLGNT:Acts.8.30	strong	incil	motif	scripture read aloud | audible Scripture reading and understanding	Philip hears the Ethiopian reading Isaiah and asks whether he understands; this joins voiced recitation from a written text to inward comprehension, two aspects the commentary holds together. | The commentary joins recitation with being aware of what is said. Philip hears the Ethiopian reading and asks whether he understands what he reads, a concrete Christian scene of oral scripture and understanding.	sec13	"[{""line"": 86, ""strength"": ""strong"", ""tradition"": ""incil"", ""kind"": ""motif"", ""ref"": ""SBLGNT:Acts.8.30"", ""basis"": ""scripture read aloud"", ""note"": ""Philip hears the Ethiopian reading Isaiah and asks whether he understands; this joins voiced recitation from a written text to inward comprehension, two aspects the commentary holds together."", ""turn"": 2, ""model"": ""luna"", ""connection_id"": ""BC-7a5ea0826f36a1e1e818""}, {""line"": 59, ""strength"": ""strong"", ""tradition"": ""incil"", ""kind"": ""motif"", ""ref"": ""SBLGNT:Acts.8.30"", ""basis"": ""audible Scripture reading and understanding"", ""note"": ""The commentary joins recitation with being aware of what is said. Philip hears the Ethiopian reading and asks whether he understands what he reads, a concrete Christian scene of oral scripture and understanding."", ""turn"": 2, ""model"": ""terra"", ""connection_id"": ""BC-b2c23fbdbc677cb2f97c""}]"
SBLGNT:Col.1.26	strong	incil	motif	mystery hidden through ages now manifested	The commentary makes the hidden something God can bring out. Colossians calls Christ's mystery hidden through ages and generations but now manifested to the saints, a Christian revelation-history form of that movement.	sec13	"[{""line"": 20, ""strength"": ""strong"", ""tradition"": ""incil"", ""kind"": ""motif"", ""ref"": ""SBLGNT:Col.1.26"", ""basis"": ""mystery hidden through ages now manifested"", ""note"": ""The commentary makes the hidden something God can bring out. Colossians calls Christ's mystery hidden through ages and generations but now manifested to the saints, a Christian revelation-history form of that movement."", ""turn"": 1, ""model"": ""terra"", ""connection_id"": ""BC-0d1245eec6121d6fa365""}]"
SBLGNT:Col.3.16	strong	incil	motif	word dwelling and song | word dwelling richly; songs in hearts	The message of Christ is to dwell richly among the community, which teaches and sings psalms with gratitude in the heart; this joins remembered sacred words, voiced praise and inward devotion. | The commentary connects recitation, remembrance, and worship in tongue and heart. Colossians commands Christ's word to dwell richly and joins teaching with sung worship in hearts, preserving that combined practice.	sec13	"[{""line"": 15, ""strength"": ""medium"", ""tradition"": ""incil"", ""kind"": ""motif"", ""ref"": ""SBLGNT:Col.3.16"", ""basis"": ""word dwelling and song"", ""note"": ""The message of Christ is to dwell richly among the community, which teaches and sings psalms with gratitude in the heart; this joins remembered sacred words, voiced praise and inward devotion."", ""turn"": 1, ""model"": ""luna"", ""connection_id"": ""BC-0ea6730b0b6097fdd571""}, {""line"": 28, ""strength"": ""strong"", ""tradition"": ""incil"", ""kind"": ""motif"", ""ref"": ""SBLGNT:Col.3.16"", ""basis"": ""word dwelling richly; songs in hearts"", ""note"": ""The commentary connects recitation, remembrance, and worship in tongue and heart. Colossians commands Christ's word to dwell richly and joins teaching with sung worship in hearts, preserving that combined practice."", ""turn"": 1, ""model"": ""terra"", ""connection_id"": ""BC-234a460c98083fcb9ed4""}]"
SBLGNT:Eph.5.19	strong	incil	motif	singing in the heart | spoken psalms and melody in heart	The community speaks to one another in psalms and sings to the Lord in its heart; this pairs voiced religious speech with the inward orientation that the commentary assigns to remembrance. | The commentary distinguishes audible speech from inward remembrance without separating them. Ephesians pairs speaking psalms and hymns with singing and making melody in the heart to the Lord.	sec13	"[{""line"": 16, ""strength"": ""medium"", ""tradition"": ""incil"", ""kind"": ""motif"", ""ref"": ""SBLGNT:Eph.5.19"", ""basis"": ""singing in the heart"", ""note"": ""The community speaks to one another in psalms and sings to the Lord in its heart; this pairs voiced religious speech with the inward orientation that the commentary assigns to remembrance."", ""turn"": 1, ""model"": ""luna"", ""connection_id"": ""BC-26dd2df5ee59ba05181c""}, {""line"": 29, ""strength"": ""strong"", ""tradition"": ""incil"", ""kind"": ""motif"", ""ref"": ""SBLGNT:Eph.5.19"", ""basis"": ""spoken psalms and melody in heart"", ""note"": ""The commentary distinguishes audible speech from inward remembrance without separating them. Ephesians pairs speaking psalms and hymns with singing and making melody in the heart to the Lord."", ""turn"": 1, ""model"": ""terra"", ""connection_id"": ""BC-7ab7c9f34a20b9a674dc""}]"
SBLGNT:Heb.4.12	strong	incil	motif	word reaches the heart | word judges thoughts and intentions of heart	Hebrews describes God's word as discerning thoughts and intentions of the heart; this connects recited divine speech to inward content, a specific bridge to the commentary's reading and knowing scenes. | The commentary treats the recited word and hidden interior as joined under divine knowledge. Hebrews says God's word discerns thoughts and intentions of the heart, making spoken or written revelation an examiner of what is concealed.	sec13	"[{""line"": 36, ""strength"": ""strong"", ""tradition"": ""incil"", ""kind"": ""motif"", ""ref"": ""SBLGNT:Heb.4.12"", ""basis"": ""word reaches the heart"", ""note"": ""Hebrews describes God's word as discerning thoughts and intentions of the heart; this connects recited divine speech to inward content, a specific bridge to the commentary's reading and knowing scenes."", ""turn"": 1, ""model"": ""luna"", ""connection_id"": ""BC-dd6951b351ef5971a1a8""}, {""line"": 76, ""strength"": ""strong"", ""tradition"": ""incil"", ""kind"": ""motif"", ""ref"": ""SBLGNT:Heb.4.12"", ""basis"": ""word judges thoughts and intentions of heart"", ""note"": ""The commentary treats the recited word and hidden interior as joined under divine knowledge. Hebrews says God's word discerns thoughts and intentions of the heart, making spoken or written revelation an examiner of what is concealed."", ""turn"": 2, ""model"": ""terra"", ""connection_id"": ""BC-83aac5bebe6fbb4d3fbd""}]"
SBLGNT:Heb.4.13	strong	incil	motif	nothing hidden from God's sight | no creature hidden; all exposed to God	Hebrews says no creature is hidden from God and all lie exposed before him; this is a close formulation of the commentary's claim that the Lord knows what is disclosed and concealed. | The commentary's open/hidden pair is made absolute here: Hebrews says no creature is hidden before God and all stand exposed to his eyes, extending the claim beyond speech to every creature.	sec13	"[{""line"": 37, ""strength"": ""strong"", ""tradition"": ""incil"", ""kind"": ""motif"", ""ref"": ""SBLGNT:Heb.4.13"", ""basis"": ""nothing hidden from God's sight"", ""note"": ""Hebrews says no creature is hidden from God and all lie exposed before him; this is a close formulation of the commentary's claim that the Lord knows what is disclosed and concealed."", ""turn"": 1, ""model"": ""luna"", ""connection_id"": ""BC-0dd5b05194afe36f015b""}, {""line"": 16, ""strength"": ""strong"", ""tradition"": ""incil"", ""kind"": ""motif"", ""ref"": ""SBLGNT:Heb.4.13"", ""basis"": ""no creature hidden; all exposed to God"", ""note"": ""The commentary's open/hidden pair is made absolute here: Hebrews says no creature is hidden before God and all stand exposed to his eyes, extending the claim beyond speech to every creature."", ""turn"": 1, ""model"": ""terra"", ""connection_id"": ""BC-89b1062bb13d08689da2""}]"
SBLGNT:Heb.8.10	strong	incil	motif	law placed in mind and written on heart	The commentary's recitation from the heart is not merely silent sound. Hebrews describes God's law placed in minds and written on hearts, a durable inward inscription of revealed teaching.	sec13	"[{""line"": 27, ""strength"": ""strong"", ""tradition"": ""incil"", ""kind"": ""motif"", ""ref"": ""SBLGNT:Heb.8.10"", ""basis"": ""law placed in mind and written on heart"", ""note"": ""The commentary's recitation from the heart is not merely silent sound. Hebrews describes God's law placed in minds and written on hearts, a durable inward inscription of revealed teaching."", ""turn"": 1, ""model"": ""terra"", ""connection_id"": ""BC-190f5b7d9c80f254acc2""}]"
SBLGNT:John.14.26	strong	incil	motif	the Spirit recalls Jesus' words | Spirit teaches and brings Jesus' words to remembrance	Jesus promises that the Holy Spirit will teach the disciples and bring to their memory what he said; this parallels the commentary's divine enabling of recitation without forgetting, while giving the promise a different speaker and setting. | The commentary reads 87:6 as divinely enabled recitation that does not forget. Jesus promises that the Spirit will teach and remind the disciples of his words, a direct Christian account of preserved taught speech.	sec13	"[{""line"": 13, ""strength"": ""strong"", ""tradition"": ""incil"", ""kind"": ""motif"", ""ref"": ""SBLGNT:John.14.26"", ""basis"": ""the Spirit recalls Jesus' words"", ""note"": ""Jesus promises that the Holy Spirit will teach the disciples and bring to their memory what he said; this parallels the commentary's divine enabling of recitation without forgetting, while giving the promise a different speaker and setting."", ""turn"": 1, ""model"": ""luna"", ""connection_id"": ""BC-7715031ce0c083920ee9""}, {""line"": 61, ""strength"": ""strong"", ""tradition"": ""incil"", ""kind"": ""motif"", ""ref"": ""SBLGNT:John.14.26"", ""basis"": ""Spirit teaches and brings Jesus' words to remembrance"", ""note"": ""The commentary reads 87:6 as divinely enabled recitation that does not forget. Jesus promises that the Spirit will teach and remind the disciples of his words, a direct Christian account of preserved taught speech."", ""turn"": 2, ""model"": ""terra"", ""connection_id"": ""BC-33be09a0de7e0144ce9f""}]"
SBLGNT:Luke.12.2	strong	incil	motif	nothing concealed stays concealed	Jesus says what is covered will be uncovered and what is hidden will be known; this repeats the commentary's open/hidden claim in a warning about hypocrisy.	sec13	"[{""line"": 41, ""strength"": ""strong"", ""tradition"": ""incil"", ""kind"": ""motif"", ""ref"": ""SBLGNT:Luke.12.2"", ""basis"": ""nothing concealed stays concealed"", ""note"": ""Jesus says what is covered will be uncovered and what is hidden will be known; this repeats the commentary's open/hidden claim in a warning about hypocrisy."", ""turn"": 1, ""model"": ""luna"", ""connection_id"": ""BC-1b5bed8687c211c64e1b""}]"
SBLGNT:Luke.12.3	strong	incil	motif	private-room speech on rooftops	Jesus says words spoken in private rooms will be proclaimed from rooftops; this is a particularly close speech-level counterpart to the commentary's high voice and hidden utterance.	sec13	"[{""line"": 42, ""strength"": ""strong"", ""tradition"": ""incil"", ""kind"": ""motif"", ""ref"": ""SBLGNT:Luke.12.3"", ""basis"": ""private-room speech on rooftops"", ""note"": ""Jesus says words spoken in private rooms will be proclaimed from rooftops; this is a particularly close speech-level counterpart to the commentary's high voice and hidden utterance."", ""turn"": 1, ""model"": ""luna"", ""connection_id"": ""BC-776ecee0a1336f7048c7""}]"
SBLGNT:Luke.2.19	medium	incil	motif	words treasured in the heart	After hearing the shepherds' report, Mary keeps and ponders it in her heart; this shows heard speech being retained inwardly, one side of the commentary's oral and internal reading scene.	sec13	"[{""line"": 14, ""strength"": ""medium"", ""tradition"": ""incil"", ""kind"": ""motif"", ""ref"": ""SBLGNT:Luke.2.19"", ""basis"": ""words treasured in the heart"", ""note"": ""After hearing the shepherds' report, Mary keeps and ponders it in her heart; this shows heard speech being retained inwardly, one side of the commentary's oral and internal reading scene."", ""turn"": 1, ""model"": ""luna"", ""connection_id"": ""BC-489bd471f9a3c6d91163""}]"
SBLGNT:Luke.22.19	medium	incil	motif	ritual remembrance with thanksgiving	At the meal Jesus gives thanks and commands the bread to be taken in remembrance of him; this is a specific liturgical pairing of remembrance and prayerful thanksgiving alongside the commentary's remembrance of the Lord's name followed by prayer.	sec13	"[{""line"": 64, ""strength"": ""medium"", ""tradition"": ""incil"", ""kind"": ""motif"", ""ref"": ""SBLGNT:Luke.22.19"", ""basis"": ""ritual remembrance with thanksgiving"", ""note"": ""At the meal Jesus gives thanks and commands the bread to be taken in remembrance of him; this is a specific liturgical pairing of remembrance and prayerful thanksgiving alongside the commentary's remembrance of the Lord's name followed by prayer."", ""turn"": 1, ""model"": ""luna"", ""connection_id"": ""BC-c7936e49b71ebefa2968""}]"
SBLGNT:Luke.4.17	strong	incil	motif	scroll opened for reading	Jesus receives Isaiah's scroll, opens it, and finds the passage to read; this is a concrete text-in-hand scene beside the commentary's account of reading by looking into the book.	sec13	"[{""line"": 85, ""strength"": ""strong"", ""tradition"": ""incil"", ""kind"": ""motif"", ""ref"": ""SBLGNT:Luke.4.17"", ""basis"": ""scroll opened for reading"", ""note"": ""Jesus receives Isaiah's scroll, opens it, and finds the passage to read; this is a concrete text-in-hand scene beside the commentary's account of reading by looking into the book."", ""turn"": 2, ""model"": ""luna"", ""connection_id"": ""BC-633f15ac5873a0cac27a""}]"
SBLGNT:Luke.8.17	strong	incil	motif	hidden revealed in a hearing context | hidden made manifest; secret made known	Luke says nothing hidden will remain unrevealed and nothing secret unknown, in a passage that also warns listeners to take care how they hear; this links the commentary's hiddenness with its recitation and listening scene. | The commentary describes concealment as capable of becoming visible. Jesus states that nothing hidden will fail to become manifest and no secret will fail to become known and come to light, a close disclosure formula.	sec13	"[{""line"": 44, ""strength"": ""strong"", ""tradition"": ""incil"", ""kind"": ""motif"", ""ref"": ""SBLGNT:Luke.8.17"", ""basis"": ""hidden revealed in a hearing context"", ""note"": ""Luke says nothing hidden will remain unrevealed and nothing secret unknown, in a passage that also warns listeners to take care how they hear; this links the commentary's hiddenness with its recitation and listening scene."", ""turn"": 1, ""model"": ""luna"", ""connection_id"": ""BC-a1e127cfe4bb58204612""}, {""line"": 18, ""strength"": ""strong"", ""tradition"": ""incil"", ""kind"": ""motif"", ""ref"": ""SBLGNT:Luke.8.17"", ""basis"": ""hidden made manifest; secret made known"", ""note"": ""The commentary describes concealment as capable of becoming visible. Jesus states that nothing hidden will fail to become manifest and no secret will fail to become known and come to light, a close disclosure formula."", ""turn"": 1, ""model"": ""terra"", ""connection_id"": ""BC-cf26026262c9e9c518d6""}]"
SBLGNT:Mark.2.8	strong	incil	motif	Jesus knows reasoning within hearts	The commentary's God knows what is hidden as well as what is uttered; Mark's Jesus immediately knows the scribes' inward reasoning, a narrative Christian counterpart focused on concealed thought.	sec13	"[{""line"": 6, ""strength"": ""strong"", ""tradition"": ""incil"", ""kind"": ""motif"", ""ref"": ""SBLGNT:Mark.2.8"", ""basis"": ""Jesus knows reasoning within hearts"", ""note"": ""The commentary's God knows what is hidden as well as what is uttered; Mark's Jesus immediately knows the scribes' inward reasoning, a narrative Christian counterpart focused on concealed thought."", ""turn"": 1, ""model"": ""terra"", ""connection_id"": ""BC-372389f8c9ff5b7b177f""}]"
SBLGNT:Mark.4.22	strong	incil	motif	secret made manifest	In the parable discourse, Jesus says what is hidden is meant to be revealed and what is secret to come to light; this parallels the commentary's concealed thing becoming manifest.	sec13	"[{""line"": 43, ""strength"": ""strong"", ""tradition"": ""incil"", ""kind"": ""motif"", ""ref"": ""SBLGNT:Mark.4.22"", ""basis"": ""secret made manifest"", ""note"": ""In the parable discourse, Jesus says what is hidden is meant to be revealed and what is secret to come to light; this parallels the commentary's concealed thing becoming manifest."", ""turn"": 1, ""model"": ""luna"", ""connection_id"": ""BC-db014b9f978d11248637""}]"
SBLGNT:Mark.4.27	medium	incil	motif	growth hidden from the farmer | seed sprouts and grows without the sower's knowing	The seed sprouts and grows while the sower does not know how; this makes the hidden process behind visible growth explicit, joining the commentary's concealed/emergent pair to its pasture image. | The commentary makes hiddenness a process of emergence, especially grass from earth. Jesus' seed sprouts and grows while the sower does not know how, setting hidden vegetal growth beside the commentary's divine knowing.	sec13	"[{""line"": 62, ""strength"": ""medium"", ""tradition"": ""incil"", ""kind"": ""motif"", ""ref"": ""SBLGNT:Mark.4.27"", ""basis"": ""growth hidden from the farmer"", ""note"": ""The seed sprouts and grows while the sower does not know how; this makes the hidden process behind visible growth explicit, joining the commentary's concealed/emergent pair to its pasture image."", ""turn"": 1, ""model"": ""luna"", ""connection_id"": ""BC-bb04c3fb5cb28dc4ca42""}, {""line"": 46, ""strength"": ""medium"", ""tradition"": ""incil"", ""kind"": ""motif"", ""ref"": ""SBLGNT:Mark.4.27"", ""basis"": ""seed sprouts and grows without the sower's knowing"", ""note"": ""The commentary makes hiddenness a process of emergence, especially grass from earth. Jesus' seed sprouts and grows while the sower does not know how, setting hidden vegetal growth beside the commentary's divine knowing."", ""turn"": 1, ""model"": ""terra"", ""connection_id"": ""BC-7303041f3d0be6d719df""}]"
SBLGNT:Mark.4.28	strong	incil	motif	earth produces its crop | earth produces first blade, then ear and grain	The earth produces first the blade, then the head, then full grain; this is a direct emergence-and-growth sequence beside the commentary's pasture brought out from the ground. | The commentary's pasture comes out of the earth. Jesus describes the earth producing the crop in ordered stages beginning with the blade, a parabolic vegetal emergence whose setting differs from the commentary's rain image.	sec13	"[{""line"": 63, ""strength"": ""strong"", ""tradition"": ""incil"", ""kind"": ""motif"", ""ref"": ""SBLGNT:Mark.4.28"", ""basis"": ""earth produces its crop"", ""note"": ""The earth produces first the blade, then the head, then full grain; this is a direct emergence-and-growth sequence beside the commentary's pasture brought out from the ground."", ""turn"": 1, ""model"": ""luna"", ""connection_id"": ""BC-ad4bea44ef5a71ea21b8""}, {""line"": 89, ""strength"": ""medium"", ""tradition"": ""incil"", ""kind"": ""motif"", ""ref"": ""SBLGNT:Mark.4.28"", ""basis"": ""earth produces first blade, then ear and grain"", ""note"": ""The commentary's pasture comes out of the earth. Jesus describes the earth producing the crop in ordered stages beginning with the blade, a parabolic vegetal emergence whose setting differs from the commentary's rain image."", ""turn"": 2, ""model"": ""terra"", ""connection_id"": ""BC-e7fa9ee93d9ff81d12d9""}]"
SBLGNT:Matt.10.26	strong	incil	motif	concealed things revealed	Jesus says nothing covered will not be uncovered and nothing hidden will not be known; this closely matches the commentary's movement from concealment to disclosure.	sec13	"[{""line"": 39, ""strength"": ""strong"", ""tradition"": ""incil"", ""kind"": ""motif"", ""ref"": ""SBLGNT:Matt.10.26"", ""basis"": ""concealed things revealed"", ""note"": ""Jesus says nothing covered will not be uncovered and nothing hidden will not be known; this closely matches the commentary's movement from concealment to disclosure."", ""turn"": 1, ""model"": ""luna"", ""connection_id"": ""BC-934d2386008677202b5c""}]"
SBLGNT:Matt.10.27	strong	incil	motif	whisper proclaimed aloud	Jesus contrasts what he tells the disciples in darkness and whispers in the ear with what they must proclaim in the light and from rooftops; this specifically joins the commentary's loud and inward/hidden speech.	sec13	"[{""line"": 40, ""strength"": ""strong"", ""tradition"": ""incil"", ""kind"": ""motif"", ""ref"": ""SBLGNT:Matt.10.27"", ""basis"": ""whisper proclaimed aloud"", ""note"": ""Jesus contrasts what he tells the disciples in darkness and whispers in the ear with what they must proclaim in the light and from rooftops; this specifically joins the commentary's loud and inward/hidden speech."", ""turn"": 1, ""model"": ""luna"", ""connection_id"": ""BC-4f204490c6695db01185""}]"
SBLGNT:Matt.13.35	strong	incil	motif	mouth uttering things hidden from the foundation	The commentary connects recited speech with the disclosure of what lies hidden. Matthew presents Jesus' parabolic speech as uttering things hidden from the world's foundation, a Christian form of voiced unveiling.	sec13	"[{""line"": 74, ""strength"": ""strong"", ""tradition"": ""incil"", ""kind"": ""motif"", ""ref"": ""SBLGNT:Matt.13.35"", ""basis"": ""mouth uttering things hidden from the foundation"", ""note"": ""The commentary connects recited speech with the disclosure of what lies hidden. Matthew presents Jesus' parabolic speech as uttering things hidden from the world's foundation, a Christian form of voiced unveiling."", ""turn"": 2, ""model"": ""terra"", ""connection_id"": ""BC-c2653bf67dab20648471""}]"
SBLGNT:Matt.13.44	medium	incil	motif	treasure hidden in a field	Jesus' parable turns on a treasure concealed in a field and discovered; this gives a concrete instance of the commentary's secondary sense in which what is hidden can be brought out, without making the parable about divine omniscience.	sec13	"[{""line"": 56, ""strength"": ""medium"", ""tradition"": ""incil"", ""kind"": ""motif"", ""ref"": ""SBLGNT:Matt.13.44"", ""basis"": ""treasure hidden in a field"", ""note"": ""Jesus' parable turns on a treasure concealed in a field and discovered; this gives a concrete instance of the commentary's secondary sense in which what is hidden can be brought out, without making the parable about divine omniscience."", ""turn"": 1, ""model"": ""luna"", ""connection_id"": ""BC-7b824fc45552b0babd0c""}]"
SBLGNT:Matt.15.8	strong	incil	motif	lips and distant heart	The commentary's two locations of worship are tested by Jesus' citation: these people honor God with lips while their heart is far from him. Its Christian use makes the tongue-heart relation a question of genuine worship.	sec13	"[{""line"": 64, ""strength"": ""strong"", ""tradition"": ""incil"", ""kind"": ""motif"", ""ref"": ""SBLGNT:Matt.15.8"", ""basis"": ""lips and distant heart"", ""note"": ""The commentary's two locations of worship are tested by Jesus' citation: these people honor God with lips while their heart is far from him. Its Christian use makes the tongue-heart relation a question of genuine worship."", ""turn"": 2, ""model"": ""terra"", ""connection_id"": ""BC-6d8547ea4fae0bd5493c""}]"
SBLGNT:Matt.23.37	medium	incil	motif	chicks gathered under a bird's wings	The commentary uses concealed lesser feathers beneath a wing. Jesus' hen image gathers chicks under wings, another bird-cover scene whose protective purpose adds a relational use of the concealed space.	sec13	"[{""line"": 49, ""strength"": ""medium"", ""tradition"": ""incil"", ""kind"": ""motif"", ""ref"": ""SBLGNT:Matt.23.37"", ""basis"": ""chicks gathered under a bird's wings"", ""note"": ""The commentary uses concealed lesser feathers beneath a wing. Jesus' hen image gathers chicks under wings, another bird-cover scene whose protective purpose adds a relational use of the concealed space."", ""turn"": 1, ""model"": ""terra"", ""connection_id"": ""BC-6608a0d0f005372de30c""}]"
SBLGNT:Matt.6.6	strong	incil	motif	prayer seen in secret | secret prayer; Father sees in secret	Jesus instructs the disciple to pray in a closed room, assuring that the Father sees in secret; the commentary also affirms divine knowledge of inward prayer, while Jesus makes secrecy a practice rather than merely a known state. | The commentary pairs inward prayer with God's knowledge of what is concealed; Jesus commands prayer in the shut room, where the Father sees in secret, giving that pair a Christian discipline of prayer.	sec13	"[{""line"": 46, ""strength"": ""medium"", ""tradition"": ""incil"", ""kind"": ""motif"", ""ref"": ""SBLGNT:Matt.6.6"", ""basis"": ""prayer seen in secret"", ""note"": ""Jesus instructs the disciple to pray in a closed room, assuring that the Father sees in secret; the commentary also affirms divine knowledge of inward prayer, while Jesus makes secrecy a practice rather than merely a known state."", ""turn"": 1, ""model"": ""luna"", ""connection_id"": ""BC-a14f635703cbdadd1043""}, {""line"": 4, ""strength"": ""strong"", ""tradition"": ""incil"", ""kind"": ""motif"", ""ref"": ""SBLGNT:Matt.6.6"", ""basis"": ""secret prayer; Father sees in secret"", ""note"": ""The commentary pairs inward prayer with God's knowledge of what is concealed; Jesus commands prayer in the shut room, where the Father sees in secret, giving that pair a Christian discipline of prayer."", ""turn"": 1, ""model"": ""terra"", ""connection_id"": ""BC-01d679144b7a599e5fbd""}]"
SBLGNT:Matt.6.8	strong	incil	motif	God knows before the request	Jesus says the Father knows what the disciples need before they ask; this specifically extends the commentary's claim that God knows inward content as well as voiced words.	sec13	"[{""line"": 96, ""strength"": ""strong"", ""tradition"": ""incil"", ""kind"": ""motif"", ""ref"": ""SBLGNT:Matt.6.8"", ""basis"": ""God knows before the request"", ""note"": ""Jesus says the Father knows what the disciples need before they ask; this specifically extends the commentary's claim that God knows inward content as well as voiced words."", ""turn"": 2, ""model"": ""luna"", ""connection_id"": ""BC-79f3997e67f7aeb9af2c""}]"
SBLGNT:Rev.1.3	strong	incil	motif	reader and hearers blessed | one reads aloud and others hear	Revelation blesses the one who reads its prophecy aloud and those who hear and keep it; this explicitly combines oral reading, listening and inward retention. | The commentary begins with the voice of recitation. Revelation blesses the single reader who reads prophecy aloud together with those who hear it, a specific early Christian scene of voiced scripture.	sec13	"[{""line"": 88, ""strength"": ""strong"", ""tradition"": ""incil"", ""kind"": ""motif"", ""ref"": ""SBLGNT:Rev.1.3"", ""basis"": ""reader and hearers blessed"", ""note"": ""Revelation blesses the one who reads its prophecy aloud and those who hear and keep it; this explicitly combines oral reading, listening and inward retention."", ""turn"": 2, ""model"": ""luna"", ""connection_id"": ""BC-7080c87447003277a6ef""}, {""line"": 30, ""strength"": ""strong"", ""tradition"": ""incil"", ""kind"": ""motif"", ""ref"": ""SBLGNT:Rev.1.3"", ""basis"": ""one reads aloud and others hear"", ""note"": ""The commentary begins with the voice of recitation. Revelation blesses the single reader who reads prophecy aloud together with those who hear it, a specific early Christian scene of voiced scripture."", ""turn"": 1, ""model"": ""terra"", ""connection_id"": ""BC-502ab2304e97fcdf7329""}]"
SBLGNT:Rev.2.23	strong	incil	motif	Christ searches hearts	The risen Christ says he searches minds and hearts and repays each according to deeds; this gives the commentary's divine knowledge of hidden inward life a Christian apocalyptic counterpart.	sec13	"[{""line"": 38, ""strength"": ""strong"", ""tradition"": ""incil"", ""kind"": ""motif"", ""ref"": ""SBLGNT:Rev.2.23"", ""basis"": ""Christ searches hearts"", ""note"": ""The risen Christ says he searches minds and hearts and repays each according to deeds; this gives the commentary's divine knowledge of hidden inward life a Christian apocalyptic counterpart."", ""turn"": 1, ""model"": ""luna"", ""connection_id"": ""BC-c0cfb92e354525d36b6a""}]"
SBLGNT:Rom.10.10	strong	incil	motif	mouth and heart in faith	Paul assigns belief to the heart and confession to the mouth; this is a direct formula for two modes of religious response, distinct from verse 8's quoted near-word.	sec13	"[{""line"": 79, ""strength"": ""strong"", ""tradition"": ""incil"", ""kind"": ""motif"", ""ref"": ""SBLGNT:Rom.10.10"", ""basis"": ""mouth and heart in faith"", ""note"": ""Paul assigns belief to the heart and confession to the mouth; this is a direct formula for two modes of religious response, distinct from verse 8's quoted near-word."", ""turn"": 2, ""model"": ""luna"", ""connection_id"": ""BC-e6bb477ef2b346431ec7""}]"
SBLGNT:Rom.10.13	strong	incil	motif	calling on the Lord's name	The commentary ends the sequence with remembering the Lord's name and praying. Romans applies the scriptural promise that everyone who calls on the Lord's name will be saved, making invocation of the name a Christian prayer act.	sec13	"[{""line"": 36, ""strength"": ""strong"", ""tradition"": ""incil"", ""kind"": ""motif"", ""ref"": ""SBLGNT:Rom.10.13"", ""basis"": ""calling on the Lord's name"", ""note"": ""The commentary ends the sequence with remembering the Lord's name and praying. Romans applies the scriptural promise that everyone who calls on the Lord's name will be saved, making invocation of the name a Christian prayer act."", ""turn"": 1, ""model"": ""terra"", ""connection_id"": ""BC-3d9816107c0dca10a97c""}]"
SBLGNT:Rom.10.8	strong	incil	motif	word in mouth and heart	Paul quotes Deuteronomy's near word as the message of faith, confessing with the mouth and believing in the heart; this gives the commentary's two modes of receiving sacred speech a Christian interpretive counterpart. | The commentary says the taught word is known whether voiced or held within. Romans reuses the mouth-and-heart formula for the proclaimed word of faith, giving the paired locations a Christ-centered reading.	sec13	"[{""line"": 6, ""strength"": ""strong"", ""tradition"": ""incil"", ""kind"": ""motif"", ""ref"": ""SBLGNT:Rom.10.8"", ""basis"": ""word in mouth and heart"", ""note"": ""Paul quotes Deuteronomy's near word as the message of faith, confessing with the mouth and believing in the heart; this gives the commentary's two modes of receiving sacred speech a Christian interpretive counterpart."", ""turn"": 1, ""model"": ""luna"", ""connection_id"": ""BC-e14a0b4a4fd3e9972f9c""}, {""line"": 26, ""strength"": ""strong"", ""tradition"": ""incil"", ""kind"": ""motif"", ""ref"": ""SBLGNT:Rom.10.8"", ""basis"": ""word in mouth and heart"", ""note"": ""The commentary says the taught word is known whether voiced or held within. Romans reuses the mouth-and-heart formula for the proclaimed word of faith, giving the paired locations a Christ-centered reading."", ""turn"": 1, ""model"": ""terra"", ""connection_id"": ""BC-460d16e073a692ba13a0""}]"
SBLGNT:Rom.10.9	strong	incil	motif	confession and belief	Paul says salvation involves confessing Jesus as Lord with the mouth and believing in the heart; this makes explicit the outward/inward pairing that the commentary develops for recitation and remembrance.	sec13	"[{""line"": 78, ""strength"": ""strong"", ""tradition"": ""incil"", ""kind"": ""motif"", ""ref"": ""SBLGNT:Rom.10.9"", ""basis"": ""confession and belief"", ""note"": ""Paul says salvation involves confessing Jesus as Lord with the mouth and believing in the heart; this makes explicit the outward/inward pairing that the commentary develops for recitation and remembrance."", ""turn"": 2, ""model"": ""luna"", ""connection_id"": ""BC-6a48b42ae67b07823ed5""}]"
SBLGNT:Rom.2.16	medium	incil	motif	secrets judged through Christ	Paul says God judges people's secrets through Jesus Christ; this adds judgment to the commentary's claim that hidden matters are known, while locating it in Christian eschatology.	sec13	"[{""line"": 45, ""strength"": ""medium"", ""tradition"": ""incil"", ""kind"": ""motif"", ""ref"": ""SBLGNT:Rom.2.16"", ""basis"": ""secrets judged through Christ"", ""note"": ""Paul says God judges people's secrets through Jesus Christ; this adds judgment to the commentary's claim that hidden matters are known, while locating it in Christian eschatology."", ""turn"": 1, ""model"": ""luna"", ""connection_id"": ""BC-673dedfba53bb3ea9fc3""}]"
SBLGNT:Rom.8.26	strong	incil	motif	wordless prayer | wordless groanings in prayer	The Spirit intercedes with groanings too deep for words; this supplies a Christian case of prayer that is inward and unvoiced, a specific extension of the commentary's inner recitation scene. | The commentary allows worship to remain within rather than rise as loud speech. Romans describes the Spirit's intercession through groanings too deep for words, an explicit Christian image of prayer beyond utterance.	sec13	"[{""line"": 80, ""strength"": ""strong"", ""tradition"": ""incil"", ""kind"": ""motif"", ""ref"": ""SBLGNT:Rom.8.26"", ""basis"": ""wordless prayer"", ""note"": ""The Spirit intercedes with groanings too deep for words; this supplies a Christian case of prayer that is inward and unvoiced, a specific extension of the commentary's inner recitation scene."", ""turn"": 2, ""model"": ""luna"", ""connection_id"": ""BC-2414a7f09f2c20efdbc8""}, {""line"": 43, ""strength"": ""medium"", ""tradition"": ""incil"", ""kind"": ""motif"", ""ref"": ""SBLGNT:Rom.8.26"", ""basis"": ""wordless groanings in prayer"", ""note"": ""The commentary allows worship to remain within rather than rise as loud speech. Romans describes the Spirit's intercession through groanings too deep for words, an explicit Christian image of prayer beyond utterance."", ""turn"": 1, ""model"": ""terra"", ""connection_id"": ""BC-6a890b97303fc0194026""}]"
SBLGNT:Rom.8.27	strong	incil	motif	God searches the heart | God searches hearts; Spirit's intention	Paul says the one who searches hearts knows the Spirit's intention; this directly joins unvoiced prayer to divine knowledge of hidden inward content. | The commentary says the Lord knows worship that remains inside; Romans names God as the searcher of hearts who knows the Spirit's intention, making divine knowledge the ground of unvoiced intercession.	sec13	"[{""line"": 81, ""strength"": ""strong"", ""tradition"": ""incil"", ""kind"": ""motif"", ""ref"": ""SBLGNT:Rom.8.27"", ""basis"": ""God searches the heart"", ""note"": ""Paul says the one who searches hearts knows the Spirit's intention; this directly joins unvoiced prayer to divine knowledge of hidden inward content."", ""turn"": 2, ""model"": ""luna"", ""connection_id"": ""BC-ad4c05023041afc9b56e""}, {""line"": 5, ""strength"": ""strong"", ""tradition"": ""incil"", ""kind"": ""motif"", ""ref"": ""SBLGNT:Rom.8.27"", ""basis"": ""God searches hearts; Spirit's intention"", ""note"": ""The commentary says the Lord knows worship that remains inside; Romans names God as the searcher of hearts who knows the Spirit's intention, making divine knowledge the ground of unvoiced intercession."", ""turn"": 1, ""model"": ""terra"", ""connection_id"": ""BC-3bc21cb32fefd84fd8b6""}]"
Berakhot 31a	strong	tevrat	yorum_gelenegi	Hannah as a model for prayer | Hannah's lips and unheard voice	The Talmud reads Hannah's moving lips and unheard voice as a rule for prayer: articulate the words without raising the voice, an explicit interpretation of the commentary's inner and audible modes. | Berakhot derives prayer rules from Hannah's verse: direct the heart, move the lips, and do not make the voice heard. It gives the commentary's loud/quiet prayer contrast a precise rabbinic liturgical reading.	sec13	"[{""line"": 3, ""strength"": ""strong"", ""tradition"": ""tevrat"", ""kind"": ""yorum_gelenegi"", ""ref"": ""Berakhot 31a"", ""basis"": ""Hannah as a model for prayer"", ""note"": ""The Talmud reads Hannah's moving lips and unheard voice as a rule for prayer: articulate the words without raising the voice, an explicit interpretation of the commentary's inner and audible modes."", ""turn"": 1, ""model"": ""luna"", ""connection_id"": ""BC-534326f26fad29b149de""}, {""line"": 2, ""strength"": ""strong"", ""tradition"": ""tevrat"", ""kind"": ""yorum_gelenegi"", ""ref"": ""Berakhot 31a"", ""basis"": ""Hannah's lips and unheard voice"", ""note"": ""Berakhot derives prayer rules from Hannah's verse: direct the heart, move the lips, and do not make the voice heard. It gives the commentary's loud/quiet prayer contrast a precise rabbinic liturgical reading."", ""turn"": 1, ""model"": ""terra"", ""connection_id"": ""BC-a88c7bc4b648674992b7""}]"
Josephus, Against Apion 2.175-178	strong	tevrat	motif	Sabbath reading of the law	Josephus says the law is read and learned on the Sabbath; this gives a Jewish communal setting for the commentary's pairing of recitation, hearing and retained scripture.	sec13	"[{""line"": 102, ""strength"": ""strong"", ""tradition"": ""tevrat"", ""kind"": ""motif"", ""ref"": ""Josephus, Against Apion 2.175-178"", ""basis"": ""Sabbath reading of the law"", ""note"": ""Josephus says the law is read and learned on the Sabbath; this gives a Jewish communal setting for the commentary's pairing of recitation, hearing and retained scripture."", ""turn"": 2, ""model"": ""luna"", ""connection_id"": ""BC-bb482f9f4821a2a18aea""}]"
Mishnah Avot 2:1	strong	tevrat	motif	seeing eye and hearing ear	The Mishnah warns that an eye sees, an ear hears, and deeds are recorded; this ethical formulation makes both visible action and audible speech answerable to the all-knowing judge described in the commentary.	sec13	"[{""line"": 47, ""strength"": ""strong"", ""tradition"": ""tevrat"", ""kind"": ""motif"", ""ref"": ""Mishnah Avot 2:1"", ""basis"": ""seeing eye and hearing ear"", ""note"": ""The Mishnah warns that an eye sees, an ear hears, and deeds are recorded; this ethical formulation makes both visible action and audible speech answerable to the all-knowing judge described in the commentary."", ""turn"": 1, ""model"": ""luna"", ""connection_id"": ""BC-5f7caf6c922b73054790""}]"
Mishnah Berakhot 2:3	strong	tevrat	yorum_gelenegi	hearing one's Shema | Shema audible to one's own ear	The Mishnah disputes whether Shema must be audible to its reciter; this liturgical ruling makes the commentary's distinction between an inward reading and a voiced one consequential. | The commentary places elevated and inward recitation together. This Mishnah debates whether a Shema made audible to the reciter's own ear fulfills the duty, giving low but articulated sound a specific legal significance.	sec13	"[{""line"": 4, ""strength"": ""strong"", ""tradition"": ""tevrat"", ""kind"": ""yorum_gelenegi"", ""ref"": ""Mishnah Berakhot 2:3"", ""basis"": ""hearing one's Shema"", ""note"": ""The Mishnah disputes whether Shema must be audible to its reciter; this liturgical ruling makes the commentary's distinction between an inward reading and a voiced one consequential."", ""turn"": 1, ""model"": ""luna"", ""connection_id"": ""BC-c9537eb2e0c0571e2f04""}, {""line"": 42, ""strength"": ""medium"", ""tradition"": ""tevrat"", ""kind"": ""yorum_gelenegi"", ""ref"": ""Mishnah Berakhot 2:3"", ""basis"": ""Shema audible to one's own ear"", ""note"": ""The commentary places elevated and inward recitation together. This Mishnah debates whether a Shema made audible to the reciter's own ear fulfills the duty, giving low but articulated sound a specific legal significance."", ""turn"": 1, ""model"": ""terra"", ""connection_id"": ""BC-7edf90493531ac9b48f3""}]"
Mishnah Berakhot 5:1	medium	tevrat	yorum_gelenegi	heart-directed prayer	The Mishnah says the early pietists waited before prayer in order to direct their hearts to God; this gives a Jewish liturgical interpretation of the inward attention that accompanies the commentary's remembrance and prayer.	sec13	"[{""line"": 99, ""strength"": ""medium"", ""tradition"": ""tevrat"", ""kind"": ""yorum_gelenegi"", ""ref"": ""Mishnah Berakhot 5:1"", ""basis"": ""heart-directed prayer"", ""note"": ""The Mishnah says the early pietists waited before prayer in order to direct their hearts to God; this gives a Jewish liturgical interpretation of the inward attention that accompanies the commentary's remembrance and prayer."", ""turn"": 2, ""model"": ""luna"", ""connection_id"": ""BC-7c4699d6ac3454db529b""}]"
Sirach 23:18	strong	tevrat	motif	sinner trusts darkness	The sinner supposes that darkness and walls hide his conduct from notice; this is the mistaken secrecy answered by the commentary's statement that the Lord knows what is hidden.	sec13	"[{""line"": 26, ""strength"": ""strong"", ""tradition"": ""tevrat"", ""kind"": ""motif"", ""ref"": ""Sirach 23:18"", ""basis"": ""sinner trusts darkness"", ""note"": ""The sinner supposes that darkness and walls hide his conduct from notice; this is the mistaken secrecy answered by the commentary's statement that the Lord knows what is hidden."", ""turn"": 1, ""model"": ""luna"", ""connection_id"": ""BC-6c5ba1db1489e10bb3f5""}]"
Sirach 23:19	strong	tevrat	motif	God's eyes brighter than the sun	Sirach answers that the Lord's eyes are far brighter than the sun and see every human way; the image connects divine knowledge of hidden conduct with the commentary's paradox that excessive light can itself obstruct sight.	sec13	"[{""line"": 27, ""strength"": ""strong"", ""tradition"": ""tevrat"", ""kind"": ""motif"", ""ref"": ""Sirach 23:19"", ""basis"": ""God's eyes brighter than the sun"", ""note"": ""Sirach answers that the Lord's eyes are far brighter than the sun and see every human way; the image connects divine knowledge of hidden conduct with the commentary's paradox that excessive light can itself obstruct sight."", ""turn"": 1, ""model"": ""luna"", ""connection_id"": ""BC-b4c5c2fef07a58bda445""}]"
Sirach 42:18	strong	tevrat	motif	hearts and secrets searched	Sirach says God searches the abyss and the human heart and sees hidden things; this gives the commentary's divine knowledge of concealed matters a close wisdom-text counterpart.	sec13	"[{""line"": 24, ""strength"": ""strong"", ""tradition"": ""tevrat"", ""kind"": ""motif"", ""ref"": ""Sirach 42:18"", ""basis"": ""hearts and secrets searched"", ""note"": ""Sirach says God searches the abyss and the human heart and sees hidden things; this gives the commentary's divine knowledge of concealed matters a close wisdom-text counterpart."", ""turn"": 1, ""model"": ""luna"", ""connection_id"": ""BC-704a142301df64fb9820""}]"
Sirach 42:19	strong	tevrat	motif	nothing hidden from God	Sirach adds that no thought escapes God and that he reveals what is hidden; this joins inward thought, concealment and disclosure in the way the commentary does.	sec13	"[{""line"": 25, ""strength"": ""strong"", ""tradition"": ""tevrat"", ""kind"": ""motif"", ""ref"": ""Sirach 42:19"", ""basis"": ""nothing hidden from God"", ""note"": ""Sirach adds that no thought escapes God and that he reveals what is hidden; this joins inward thought, concealment and disclosure in the way the commentary does."", ""turn"": 1, ""model"": ""luna"", ""connection_id"": ""BC-05c44259298ac1e99211""}]"
Sirach 42:20	strong	tevrat	motif	no thought or word hidden	The commentary joins disclosed speech to what stays concealed; Sirach says that no thought escapes God and no word is hidden from him, supplying a compact Jewish formulation of both halves.	sec13	"[{""line"": 9, ""strength"": ""strong"", ""tradition"": ""tevrat"", ""kind"": ""motif"", ""ref"": ""Sirach 42:20"", ""basis"": ""no thought or word hidden"", ""note"": ""The commentary joins disclosed speech to what stays concealed; Sirach says that no thought escapes God and no word is hidden from him, supplying a compact Jewish formulation of both halves."", ""turn"": 1, ""model"": ""terra"", ""connection_id"": ""BC-e374b984b4e42f23535f""}]"
Tobit 12:7	medium	tevrat	motif	keep a king's secret; reveal God's works	The commentary turns secret and open into a movement of disclosure. Tobit distinguishes keeping a ruler's secret from honoring God by revealing God's deeds, supplying a Jewish ethical rule about concealment and proclamation.	sec13	"[{""line"": 88, ""strength"": ""medium"", ""tradition"": ""tevrat"", ""kind"": ""motif"", ""ref"": ""Tobit 12:7"", ""basis"": ""keep a king's secret; reveal God's works"", ""note"": ""The commentary turns secret and open into a movement of disclosure. Tobit distinguishes keeping a ruler's secret from honoring God by revealing God's deeds, supplying a Jewish ethical rule about concealment and proclamation."", ""turn"": 2, ""model"": ""terra"", ""connection_id"": ""BC-7f3bb3444c7607a59288""}]"
WLC:1Kgs.19.12	medium	tevrat	motif	fire followed by a sound of thin silence	"The commentary connects volume, concealment, and the Qur'anic approach to Moses' fire. After fire, Elijah's Horeb scene contains qol demamah daqqah, a ""sound of thin silence,"" an indirect but unusually apt acoustic counter-image."	sec13	"[{""line"": 51, ""strength"": ""medium"", ""tradition"": ""tevrat"", ""kind"": ""motif"", ""ref"": ""WLC:1Kgs.19.12"", ""basis"": ""fire followed by a sound of thin silence"", ""note"": ""The commentary connects volume, concealment, and the Qur'anic approach to Moses' fire. After fire, Elijah's Horeb scene contains qol demamah daqqah, a \""sound of thin silence,\"" an indirect but unusually apt acoustic counter-image."", ""turn"": 1, ""model"": ""terra"", ""connection_id"": ""BC-bc00544752ec6941722a""}]"
WLC:1Kgs.8.39	strong	tevrat	motif	prayer heard and heart known | God alone knows every human heart	Solomon asks God to hear each person's prayer and plea while noting that God alone knows every human heart; this directly joins spoken supplication with inward knowledge, as the commentary does. | The commentary joins prayer to divine knowledge of the hidden. Solomon asks God to hear from heaven because God alone knows the heart of every person, making omniscience part of temple prayer.	sec13	"[{""line"": 89, ""strength"": ""strong"", ""tradition"": ""tevrat"", ""kind"": ""motif"", ""ref"": ""WLC:1Kgs.8.39"", ""basis"": ""prayer heard and heart known"", ""note"": ""Solomon asks God to hear each person's prayer and plea while noting that God alone knows every human heart; this directly joins spoken supplication with inward knowledge, as the commentary does."", ""turn"": 2, ""model"": ""luna"", ""connection_id"": ""BC-7fe1e39f73b7c9c85b99""}, {""line"": 71, ""strength"": ""strong"", ""tradition"": ""tevrat"", ""kind"": ""motif"", ""ref"": ""WLC:1Kgs.8.39"", ""basis"": ""God alone knows every human heart"", ""note"": ""The commentary joins prayer to divine knowledge of the hidden. Solomon asks God to hear from heaven because God alone knows the heart of every person, making omniscience part of temple prayer."", ""turn"": 2, ""model"": ""terra"", ""connection_id"": ""BC-f6345e5ab1efb7f44d67""}]"
WLC:1Sam.1.13	strong	tevrat	motif	Hannah's silent prayer | heart-prayer; moving lips; unheard voice	Hannah speaks in her heart, moves her lips, but has no audible voice; this gives the commentary's inward recitation and remembrance a concrete prayer scene. | The commentary joins remembrance on the tongue and in the heart; Hannah prays in her heart, with moving lips but an unheard voice, making an unusually close scriptural scene of inward yet bodily prayer.	sec13	"[{""line"": 2, ""strength"": ""strong"", ""tradition"": ""tevrat"", ""kind"": ""motif"", ""ref"": ""WLC:1Sam.1.13"", ""basis"": ""Hannah's silent prayer"", ""note"": ""Hannah speaks in her heart, moves her lips, but has no audible voice; this gives the commentary's inward recitation and remembrance a concrete prayer scene."", ""turn"": 1, ""model"": ""luna"", ""connection_id"": ""BC-996b48319015f6c0fdbd""}, {""line"": 1, ""strength"": ""strong"", ""tradition"": ""tevrat"", ""kind"": ""motif"", ""ref"": ""WLC:1Sam.1.13"", ""basis"": ""heart-prayer; moving lips; unheard voice"", ""note"": ""The commentary joins remembrance on the tongue and in the heart; Hannah prays in her heart, with moving lips but an unheard voice, making an unusually close scriptural scene of inward yet bodily prayer."", ""turn"": 1, ""model"": ""terra"", ""connection_id"": ""BC-9decdc170b0b47c51f3a""}]"
WLC:1Sam.16.7	strong	tevrat	motif	outward appearance and heart	The commentary contrasts what is open with inward reality. In Samuel, humans look at outward appearance while YHWH looks at the heart, a concrete distinction between visible surface and divinely known interior.	sec13	"[{""line"": 12, ""strength"": ""strong"", ""tradition"": ""tevrat"", ""kind"": ""motif"", ""ref"": ""WLC:1Sam.16.7"", ""basis"": ""outward appearance and heart"", ""note"": ""The commentary contrasts what is open with inward reality. In Samuel, humans look at outward appearance while YHWH looks at the heart, a concrete distinction between visible surface and divinely known interior."", ""turn"": 1, ""model"": ""terra"", ""connection_id"": ""BC-ad2657c73ea6ee82c724""}]"
WLC:Amos.3.7	strong	tevrat	motif	YHWH reveals secret to prophets	The commentary frames recited divine speech around what God knows in secret. Amos says the Lord reveals his secret to prophetic servants, adding a biblical account of hidden counsel becoming prophetic proclamation.	sec13	"[{""line"": 19, ""strength"": ""strong"", ""tradition"": ""tevrat"", ""kind"": ""motif"", ""ref"": ""WLC:Amos.3.7"", ""basis"": ""YHWH reveals secret to prophets"", ""note"": ""The commentary frames recited divine speech around what God knows in secret. Amos says the Lord reveals his secret to prophetic servants, adding a biblical account of hidden counsel becoming prophetic proclamation."", ""turn"": 1, ""model"": ""terra"", ""connection_id"": ""BC-e6ab863ae79fd19f2ff7""}]"
WLC:Dan.2.22	strong	tevrat	motif	darkness and hidden things | God reveals deep and hidden things	Daniel praises God as the one who reveals deep, hidden things, knows what is in darkness, and has light with him; this closely joins knowing concealment and disclosure, as in the commentary. | The commentary turns concealment into emergence and says God knows the hidden. Daniel's God reveals deep and hidden things, knows what is in darkness, and has light with him, matching both disclosure and light-darkness imagery.	sec13	"[{""line"": 18, ""strength"": ""strong"", ""tradition"": ""tevrat"", ""kind"": ""motif"", ""ref"": ""WLC:Dan.2.22"", ""basis"": ""darkness and hidden things"", ""note"": ""Daniel praises God as the one who reveals deep, hidden things, knows what is in darkness, and has light with him; this closely joins knowing concealment and disclosure, as in the commentary."", ""turn"": 1, ""model"": ""luna"", ""connection_id"": ""BC-8c282b063ce52ca50e6f""}, {""line"": 11, ""strength"": ""strong"", ""tradition"": ""tevrat"", ""kind"": ""motif"", ""ref"": ""WLC:Dan.2.22"", ""basis"": ""God reveals deep and hidden things"", ""note"": ""The commentary turns concealment into emergence and says God knows the hidden. Daniel's God reveals deep and hidden things, knows what is in darkness, and has light with him, matching both disclosure and light-darkness imagery."", ""turn"": 1, ""model"": ""terra"", ""connection_id"": ""BC-5e0612f77e56f549e743""}]"
WLC:Deut.18.18	strong	tevrat	motif	words put in a prophet's mouth	God promises to put his words in the coming prophet's mouth, who will speak what God commands; this gives the commentary's divinely enabled recitation a prophetic parallel.	sec13	"[{""line"": 75, ""strength"": ""strong"", ""tradition"": ""tevrat"", ""kind"": ""motif"", ""ref"": ""WLC:Deut.18.18"", ""basis"": ""words put in a prophet's mouth"", ""note"": ""God promises to put his words in the coming prophet's mouth, who will speak what God commands; this gives the commentary's divinely enabled recitation a prophetic parallel."", ""turn"": 2, ""model"": ""luna"", ""connection_id"": ""BC-6895c10aafd0352d9242""}]"
WLC:Deut.29.28	strong	tevrat	motif	hidden and revealed things | secret things and revealed things	The Hebrew verse assigns hidden things to YHWH and revealed things to Israel and its children; this directly frames the commentary's claim that the Lord knows what is concealed as well as disclosed. WLC numbering is used. | The commentary treats hidden and open things as known by God and brought into relation with recited teaching. Deuteronomy assigns secret things to YHWH and revealed things to Israel for doing the Torah, sharpening the disclosure boundary.	sec13	"[{""line"": 17, ""strength"": ""strong"", ""tradition"": ""tevrat"", ""kind"": ""motif"", ""ref"": ""WLC:Deut.29.28"", ""basis"": ""hidden and revealed things"", ""note"": ""The Hebrew verse assigns hidden things to YHWH and revealed things to Israel and its children; this directly frames the commentary's claim that the Lord knows what is concealed as well as disclosed. WLC numbering is used."", ""turn"": 1, ""model"": ""luna"", ""connection_id"": ""BC-0b04f0de8230a14a643e""}, {""line"": 10, ""strength"": ""strong"", ""tradition"": ""tevrat"", ""kind"": ""motif"", ""ref"": ""WLC:Deut.29.28"", ""basis"": ""secret things and revealed things"", ""note"": ""The commentary treats hidden and open things as known by God and brought into relation with recited teaching. Deuteronomy assigns secret things to YHWH and revealed things to Israel for doing the Torah, sharpening the disclosure boundary."", ""turn"": 1, ""model"": ""terra"", ""connection_id"": ""BC-343b3279ca84d781d724""}]"
WLC:Deut.30.14	strong	tevrat	motif	word in mouth and heart	Moses says the command is near, in Israel's mouth and heart, to be done; the commentary likewise places remembered or recited divine words in both tongue and heart. | The commentary's central pair is stated almost structurally here: Deuteronomy says the word is very near, in the mouth and in the heart, so that it can be done.	sec13	"[{""line"": 5, ""strength"": ""strong"", ""tradition"": ""tevrat"", ""kind"": ""motif"", ""ref"": ""WLC:Deut.30.14"", ""basis"": ""word in mouth and heart"", ""note"": ""Moses says the command is near, in Israel's mouth and heart, to be done; the commentary likewise places remembered or recited divine words in both tongue and heart."", ""turn"": 1, ""model"": ""luna"", ""connection_id"": ""BC-64da5e6f15ee01c0c745""}, {""line"": 25, ""strength"": ""strong"", ""tradition"": ""tevrat"", ""kind"": ""motif"", ""ref"": ""WLC:Deut.30.14"", ""basis"": ""word in mouth and heart"", ""note"": ""The commentary's central pair is stated almost structurally here: Deuteronomy says the word is very near, in the mouth and in the heart, so that it can be done."", ""turn"": 1, ""model"": ""terra"", ""connection_id"": ""BC-f7685180c55ce683656e""}]"
WLC:Deut.31.11	strong	tevrat	soydas	Arabic q-r-ʾ and Hebrew קרא | Arabic q-r-' label; Hebrew qara' reading	The source commentary labels Qur'anic recitation with Arabic q-r-ʾ; here Hebrew q-r-ʾ commands reading the Torah before all Israel, showing the cognate's public scriptural-reading use. | The commentary labels the 87:6 reading root q-r-'. Deuteronomy uses the Hebrew cognate qara' for reading the Torah before all Israel in their hearing, showing a Semitic root in an explicitly public reading act.	sec13	"[{""line"": 11, ""strength"": ""strong"", ""tradition"": ""tevrat"", ""kind"": ""soydas"", ""ref"": ""WLC:Deut.31.11"", ""basis"": ""Arabic q-r-ʾ and Hebrew קרא"", ""note"": ""The source commentary labels Qur'anic recitation with Arabic q-r-ʾ; here Hebrew q-r-ʾ commands reading the Torah before all Israel, showing the cognate's public scriptural-reading use."", ""turn"": 1, ""model"": ""luna"", ""connection_id"": ""BC-58c9e685edcc2c62387c""}, {""line"": 32, ""strength"": ""strong"", ""tradition"": ""tevrat"", ""kind"": ""soydas"", ""ref"": ""WLC:Deut.31.11"", ""basis"": ""Arabic q-r-' label; Hebrew qara' reading"", ""note"": ""The commentary labels the 87:6 reading root q-r-'. Deuteronomy uses the Hebrew cognate qara' for reading the Torah before all Israel in their hearing, showing a Semitic root in an explicitly public reading act."", ""turn"": 1, ""model"": ""terra"", ""connection_id"": ""BC-d3f1251db18b6094fca6""}]"
WLC:Deut.31.19	strong	tevrat	motif	song put in the mouth | written song taught and put in mouths	God commands Moses to write a song, teach it to Israel, and put it in their mouths; this joins divinely supplied words, memorization and recitation, adding a communal preservation scene to the commentary's promise of reading without forgetting. | The commentary reads 87:6 as recitation from memory or from a text. Deuteronomy orders a song to be written, taught, and put in Israel's mouths, explicitly joining writing, learning, and oral recitation.	sec13	"[{""line"": 69, ""strength"": ""strong"", ""tradition"": ""tevrat"", ""kind"": ""motif"", ""ref"": ""WLC:Deut.31.19"", ""basis"": ""song put in the mouth"", ""note"": ""God commands Moses to write a song, teach it to Israel, and put it in their mouths; this joins divinely supplied words, memorization and recitation, adding a communal preservation scene to the commentary's promise of reading without forgetting."", ""turn"": 2, ""model"": ""luna"", ""connection_id"": ""BC-6a41fb55c2c8c2143d2d""}, {""line"": 21, ""strength"": ""strong"", ""tradition"": ""tevrat"", ""kind"": ""motif"", ""ref"": ""WLC:Deut.31.19"", ""basis"": ""written song taught and put in mouths"", ""note"": ""The commentary reads 87:6 as recitation from memory or from a text. Deuteronomy orders a song to be written, taught, and put in Israel's mouths, explicitly joining writing, learning, and oral recitation."", ""turn"": 1, ""model"": ""terra"", ""connection_id"": ""BC-e22eb0f9aaa3265afe21""}]"
WLC:Deut.31.21	strong	tevrat	motif	song not forgotten from descendants' mouths	The commentary foregrounds the promise of recitation without forgetting. Deuteronomy says the taught song will not be forgotten from descendants' mouths, a close covenantal counterpart to preserved oral memory.	sec13	"[{""line"": 22, ""strength"": ""strong"", ""tradition"": ""tevrat"", ""kind"": ""motif"", ""ref"": ""WLC:Deut.31.21"", ""basis"": ""song not forgotten from descendants' mouths"", ""note"": ""The commentary foregrounds the promise of recitation without forgetting. Deuteronomy says the taught song will not be forgotten from descendants' mouths, a close covenantal counterpart to preserved oral memory."", ""turn"": 1, ""model"": ""terra"", ""connection_id"": ""BC-1120b7e63a7c6f50c8ce""}]"
WLC:Deut.4.12	strong	tevrat	motif	voice heard from fire but no form seen	The commentary locates loud and hidden speech beside Moses' fire and explores visible versus concealed. Deuteronomy says YHWH spoke from fire, Israel heard a sound of words, but saw no form, uniting auditory revelation with visual withholding.	sec13	"[{""line"": 80, ""strength"": ""strong"", ""tradition"": ""tevrat"", ""kind"": ""motif"", ""ref"": ""WLC:Deut.4.12"", ""basis"": ""voice heard from fire but no form seen"", ""note"": ""The commentary locates loud and hidden speech beside Moses' fire and explores visible versus concealed. Deuteronomy says YHWH spoke from fire, Israel heard a sound of words, but saw no form, uniting auditory revelation with visual withholding."", ""turn"": 2, ""model"": ""terra"", ""connection_id"": ""BC-65baff95464371e2f7f9""}]"
WLC:Deut.4.9	strong	tevrat	motif	memory kept in the heart	Israel is warned not to forget what its eyes saw or let it depart from the heart, and to teach children; this makes retention of received revelation a concrete counterpart to the commentary's recitation and memory.	sec13	"[{""line"": 70, ""strength"": ""strong"", ""tradition"": ""tevrat"", ""kind"": ""motif"", ""ref"": ""WLC:Deut.4.9"", ""basis"": ""memory kept in the heart"", ""note"": ""Israel is warned not to forget what its eyes saw or let it depart from the heart, and to teach children; this makes retention of received revelation a concrete counterpart to the commentary's recitation and memory."", ""turn"": 2, ""model"": ""luna"", ""connection_id"": ""BC-63de0217435a8c93379b""}]"
WLC:Deut.5.19	strong	tevrat	motif	fire, dense darkness, and a great voice	The commentary places loud speech, concealment, and the Moses-fire setting together. In WLC's Hebrew verse numbering, Deuteronomy recounts YHWH's great voice from fire, cloud, and dense darkness, an unusually close cluster of those images.	sec13	"[{""line"": 81, ""strength"": ""strong"", ""tradition"": ""tevrat"", ""kind"": ""motif"", ""ref"": ""WLC:Deut.5.19"", ""basis"": ""fire, dense darkness, and a great voice"", ""note"": ""The commentary places loud speech, concealment, and the Moses-fire setting together. In WLC's Hebrew verse numbering, Deuteronomy recounts YHWH's great voice from fire, cloud, and dense darkness, an unusually close cluster of those images."", ""turn"": 2, ""model"": ""terra"", ""connection_id"": ""BC-ac22897a94320410f8c3""}]"
WLC:Deut.6.6	strong	tevrat	motif	words on the heart | revealed words placed on the heart	The command's words are to be upon Israel's heart, matching the commentary's claim that remembrance is inward as well as spoken. | The commentary says the taught word may be held in the heart as well as voiced. Deuteronomy commands that the words given that day be upon Israel's heart, making inward retention the first response to revelation.	sec13	"[{""line"": 7, ""strength"": ""strong"", ""tradition"": ""tevrat"", ""kind"": ""motif"", ""ref"": ""WLC:Deut.6.6"", ""basis"": ""words on the heart"", ""note"": ""The command's words are to be upon Israel's heart, matching the commentary's claim that remembrance is inward as well as spoken."", ""turn"": 1, ""model"": ""luna"", ""connection_id"": ""BC-3b86ca1a769859c420cf""}, {""line"": 54, ""strength"": ""strong"", ""tradition"": ""tevrat"", ""kind"": ""motif"", ""ref"": ""WLC:Deut.6.6"", ""basis"": ""revealed words placed on the heart"", ""note"": ""The commentary says the taught word may be held in the heart as well as voiced. Deuteronomy commands that the words given that day be upon Israel's heart, making inward retention the first response to revelation."", ""turn"": 2, ""model"": ""terra"", ""connection_id"": ""BC-bf9c750897e495a862ef""}]"
WLC:Deut.6.7	strong	tevrat	motif	recite in daily life | repeated words spoken through daily life	Israel is to repeat the words to children and speak them at home, on the road, at lying down and rising; this makes remembered scripture recurrent speech, not only silent possession. | The commentary treats recitation as an active oral practice. Deuteronomy tells Israel to repeat the words to children and speak of them at home, on the road, at bedtime, and on rising, giving memorized teaching a daily voice.	sec13	"[{""line"": 8, ""strength"": ""strong"", ""tradition"": ""tevrat"", ""kind"": ""motif"", ""ref"": ""WLC:Deut.6.7"", ""basis"": ""recite in daily life"", ""note"": ""Israel is to repeat the words to children and speak them at home, on the road, at lying down and rising; this makes remembered scripture recurrent speech, not only silent possession."", ""turn"": 1, ""model"": ""luna"", ""connection_id"": ""BC-b887c156cf66d3e71941""}, {""line"": 55, ""strength"": ""strong"", ""tradition"": ""tevrat"", ""kind"": ""motif"", ""ref"": ""WLC:Deut.6.7"", ""basis"": ""repeated words spoken through daily life"", ""note"": ""The commentary treats recitation as an active oral practice. Deuteronomy tells Israel to repeat the words to children and speak of them at home, on the road, at bedtime, and on rising, giving memorized teaching a daily voice."", ""turn"": 2, ""model"": ""terra"", ""connection_id"": ""BC-4e6372177f3b244e3143""}]"
WLC:Eccl.12.14	strong	tevrat	motif	every hidden deed judged	Qoheleth says God brings every deed, including every hidden thing, into judgment; this adds an eventual consequence to the commentary's assertion that concealment is no limit on divine knowledge.	sec13	"[{""line"": 30, ""strength"": ""strong"", ""tradition"": ""tevrat"", ""kind"": ""motif"", ""ref"": ""WLC:Eccl.12.14"", ""basis"": ""every hidden deed judged"", ""note"": ""Qoheleth says God brings every deed, including every hidden thing, into judgment; this adds an eventual consequence to the commentary's assertion that concealment is no limit on divine knowledge."", ""turn"": 1, ""model"": ""luna"", ""connection_id"": ""BC-0db936bed76574b7c317""}]"
WLC:Eccl.5.1	medium	tevrat	motif	few words before God	The commentary invokes a measured rather than raised prayer-voice. Ecclesiastes warns against hasty speech before God and says that human words should be few, an explicit wisdom restraint on devotional utterance.	sec13	"[{""line"": 84, ""strength"": ""medium"", ""tradition"": ""tevrat"", ""kind"": ""motif"", ""ref"": ""WLC:Eccl.5.1"", ""basis"": ""few words before God"", ""note"": ""The commentary invokes a measured rather than raised prayer-voice. Ecclesiastes warns against hasty speech before God and says that human words should be few, an explicit wisdom restraint on devotional utterance."", ""turn"": 2, ""model"": ""terra"", ""connection_id"": ""BC-f3bf4f0101bd123188af""}]"
WLC:Exod.20.21	strong	tevrat	soydas	Hebrew zkr: God causes his name to be remembered	The commentary's dhikr label links remembrance to the Lord's name. At the altar, YHWH promises to come where he causes his name to be remembered, using Hebrew zkr in a specifically cultic setting.	sec13	"[{""line"": 67, ""strength"": ""strong"", ""tradition"": ""tevrat"", ""kind"": ""soydas"", ""ref"": ""WLC:Exod.20.21"", ""basis"": ""Hebrew zkr: God causes his name to be remembered"", ""note"": ""The commentary's dhikr label links remembrance to the Lord's name. At the altar, YHWH promises to come where he causes his name to be remembered, using Hebrew zkr in a specifically cultic setting."", ""turn"": 2, ""model"": ""terra"", ""connection_id"": ""BC-39cfa5792100d68776b2""}]"
WLC:Exod.3.15	strong	tevrat	soydas	Arabic dhikr label; Hebrew zikri and divine name	"The commentary's dhikr label joins remembrance to the Lord's name. Exodus calls YHWH's declared name his zikri, ""my memorial/remembrance,"" making name and remembrance inseparable in divine self-disclosure."	sec13	"[{""line"": 34, ""strength"": ""strong"", ""tradition"": ""tevrat"", ""kind"": ""soydas"", ""ref"": ""WLC:Exod.3.15"", ""basis"": ""Arabic dhikr label; Hebrew zikri and divine name"", ""note"": ""The commentary's dhikr label joins remembrance to the Lord's name. Exodus calls YHWH's declared name his zikri, \""my memorial/remembrance,\"" making name and remembrance inseparable in divine self-disclosure."", ""turn"": 1, ""model"": ""terra"", ""connection_id"": ""BC-01f237d61618b416a842""}]"
WLC:Exod.3.2	medium	tevrat	paralel	Moses and fire in the bush	The commentary locates the Qur'anic loud/hidden saying immediately before Moses sees fire. Exodus likewise gives Moses a fire-theophany, though specifically a bush burning without being consumed, so the shared scene and its differing detail can be compared.	sec13	"[{""line"": 52, ""strength"": ""medium"", ""tradition"": ""tevrat"", ""kind"": ""paralel"", ""ref"": ""WLC:Exod.3.2"", ""basis"": ""Moses and fire in the bush"", ""note"": ""The commentary locates the Qur'anic loud/hidden saying immediately before Moses sees fire. Exodus likewise gives Moses a fire-theophany, though specifically a bush burning without being consumed, so the shared scene and its differing detail can be compared."", ""turn"": 1, ""model"": ""terra"", ""connection_id"": ""BC-de2be84c96a99e7773d0""}]"
WLC:Exod.3.4	medium	tevrat	paralel	God calls Moses from the bush	The commentary's nearby Qur'anic setting moves from divine knowledge of speech to the Moses-fire encounter. Exodus 3:4 contributes the verbal side within its own verse: God calls Moses by name from the bush.	sec13	"[{""line"": 53, ""strength"": ""medium"", ""tradition"": ""tevrat"", ""kind"": ""paralel"", ""ref"": ""WLC:Exod.3.4"", ""basis"": ""God calls Moses from the bush"", ""note"": ""The commentary's nearby Qur'anic setting moves from divine knowledge of speech to the Moses-fire encounter. Exodus 3:4 contributes the verbal side within its own verse: God calls Moses by name from the bush."", ""turn"": 1, ""model"": ""terra"", ""connection_id"": ""BC-a23917ab964df8c44ffb""}]"
WLC:Exod.34.33	medium	tevrat	motif	Moses veils his face	After speaking with Israel, Moses covers his face; the commentary likewise places disclosure beside covering, though Exodus presents a practice of veiling rather than blindness caused by excess light.	sec13	"[{""line"": 51, ""strength"": ""medium"", ""tradition"": ""tevrat"", ""kind"": ""motif"", ""ref"": ""WLC:Exod.34.33"", ""basis"": ""Moses veils his face"", ""note"": ""After speaking with Israel, Moses covers his face; the commentary likewise places disclosure beside covering, though Exodus presents a practice of veiling rather than blindness caused by excess light."", ""turn"": 1, ""model"": ""luna"", ""connection_id"": ""BC-57b0690f677e87fed9ca""}]"
WLC:Exod.34.35	medium	tevrat	motif	radiant face and veil | shining face covered by a veil	Israel sees Moses' face shine and he again covers it; this supplies the concrete pairing of visible radiance and a covering that the commentary's excess-light observation invites readers to notice. | The commentary says excess light can itself become a covering. Exodus combines Moses' shining face with his putting on a veil, a biblical scene in which radiance and covering are deliberately held together.	sec13	"[{""line"": 52, ""strength"": ""medium"", ""tradition"": ""tevrat"", ""kind"": ""motif"", ""ref"": ""WLC:Exod.34.35"", ""basis"": ""radiant face and veil"", ""note"": ""Israel sees Moses' face shine and he again covers it; this supplies the concrete pairing of visible radiance and a covering that the commentary's excess-light observation invites readers to notice."", ""turn"": 1, ""model"": ""luna"", ""connection_id"": ""BC-78192cb84d87f771fe4e""}, {""line"": 50, ""strength"": ""medium"", ""tradition"": ""tevrat"", ""kind"": ""motif"", ""ref"": ""WLC:Exod.34.35"", ""basis"": ""shining face covered by a veil"", ""note"": ""The commentary says excess light can itself become a covering. Exodus combines Moses' shining face with his putting on a veil, a biblical scene in which radiance and covering are deliberately held together."", ""turn"": 1, ""model"": ""terra"", ""connection_id"": ""BC-f5300a7107285b547ec3""}]"
WLC:Exod.4.12	strong	tevrat	motif	God teaches Moses what to say	God promises to be with Moses' mouth and teach him what to speak; this is a specific prophetic counterpart to the commentary's divine enabling of the Prophet's recitation.	sec13	"[{""line"": 74, ""strength"": ""strong"", ""tradition"": ""tevrat"", ""kind"": ""motif"", ""ref"": ""WLC:Exod.4.12"", ""basis"": ""God teaches Moses what to say"", ""note"": ""God promises to be with Moses' mouth and teach him what to speak; this is a specific prophetic counterpart to the commentary's divine enabling of the Prophet's recitation."", ""turn"": 2, ""model"": ""luna"", ""connection_id"": ""BC-ca9ad7da436390b2a04c""}]"
WLC:Ezek.8.12	strong	tevrat	motif	secret chamber and claimed divine blindness	The elders act in hidden chambers and say YHWH does not see them; this concrete scene of concealed worship supplies the claim that the commentary's verse rejects by affirming God's knowledge of what is hidden.	sec13	"[{""line"": 29, ""strength"": ""strong"", ""tradition"": ""tevrat"", ""kind"": ""motif"", ""ref"": ""WLC:Ezek.8.12"", ""basis"": ""secret chamber and claimed divine blindness"", ""note"": ""The elders act in hidden chambers and say YHWH does not see them; this concrete scene of concealed worship supplies the claim that the commentary's verse rejects by affirming God's knowledge of what is hidden."", ""turn"": 1, ""model"": ""luna"", ""connection_id"": ""BC-4ae62bade286e46434e0""}]"
WLC:Gen.18.13	strong	tevrat	motif	YHWH exposes Sarah's inward laughter	The commentary says God knows what is not openly voiced. YHWH questions Sarah's private laughter and its inner reasoning, giving a narrative instance in which concealed thought is directly known.	sec13	"[{""line"": 69, ""strength"": ""strong"", ""tradition"": ""tevrat"", ""kind"": ""motif"", ""ref"": ""WLC:Gen.18.13"", ""basis"": ""YHWH exposes Sarah's inward laughter"", ""note"": ""The commentary says God knows what is not openly voiced. YHWH questions Sarah's private laughter and its inner reasoning, giving a narrative instance in which concealed thought is directly known."", ""turn"": 2, ""model"": ""terra"", ""connection_id"": ""BC-6950dfd71fd477f3b557""}]"
WLC:Gen.21.19	medium	tevrat	motif	a well seen when eyes are opened | opened eyes and a seen well of water	God opens Hagar's eyes and she sees a well; this is a specific scene of a water source becoming visible, beside the commentary's hidden-water/well example and its movement from concealment to emergence. | The commentary uses a cleared, visible well as an image of disclosure. God opens Hagar's eyes and she sees a well of water, making hidden provision visible without claiming that the well itself was newly created.	sec13	"[{""line"": 95, ""strength"": ""medium"", ""tradition"": ""tevrat"", ""kind"": ""motif"", ""ref"": ""WLC:Gen.21.19"", ""basis"": ""a well seen when eyes are opened"", ""note"": ""God opens Hagar's eyes and she sees a well; this is a specific scene of a water source becoming visible, beside the commentary's hidden-water/well example and its movement from concealment to emergence."", ""turn"": 2, ""model"": ""luna"", ""connection_id"": ""BC-df74c3e824041a83a736""}, {""line"": 47, ""strength"": ""medium"", ""tradition"": ""tevrat"", ""kind"": ""motif"", ""ref"": ""WLC:Gen.21.19"", ""basis"": ""opened eyes and a seen well of water"", ""note"": ""The commentary uses a cleared, visible well as an image of disclosure. God opens Hagar's eyes and she sees a well of water, making hidden provision visible without claiming that the well itself was newly created."", ""turn"": 1, ""model"": ""terra"", ""connection_id"": ""BC-813bf2dbddb936db089a""}]"
WLC:Gen.24.45	strong	tevrat	motif	prayer spoken in the heart	The commentary allows divine address to remain inward. Abraham's servant says he had not finished speaking in his heart when Rebekah appeared, a prayer narrative that makes interior speech consequential before God.	sec13	"[{""line"": 70, ""strength"": ""strong"", ""tradition"": ""tevrat"", ""kind"": ""motif"", ""ref"": ""WLC:Gen.24.45"", ""basis"": ""prayer spoken in the heart"", ""note"": ""The commentary allows divine address to remain inward. Abraham's servant says he had not finished speaking in his heart when Rebekah appeared, a prayer narrative that makes interior speech consequential before God."", ""turn"": 2, ""model"": ""terra"", ""connection_id"": ""BC-0002725b1bf95e19cbed""}]"
WLC:Gen.29.3	medium	tevrat	motif	well-mouth stone rolled away for watering	The commentary gives a cleared well whose water is made visible as an image of disclosure. Genesis describes shepherds rolling the stone from a well's mouth to water sheep and replacing it, a concrete cover-and-uncover water scene.	sec13	"[{""line"": 90, ""strength"": ""medium"", ""tradition"": ""tevrat"", ""kind"": ""motif"", ""ref"": ""WLC:Gen.29.3"", ""basis"": ""well-mouth stone rolled away for watering"", ""note"": ""The commentary gives a cleared well whose water is made visible as an image of disclosure. Genesis describes shepherds rolling the stone from a well's mouth to water sheep and replacing it, a concrete cover-and-uncover water scene."", ""turn"": 2, ""model"": ""terra"", ""connection_id"": ""BC-84e8a3f65661cf5305fc""}]"
WLC:Gen.4.26	strong	tevrat	motif	calling on YHWH's name	The commentary closes with remembering the Lord's name and prayer. Genesis describes people beginning to call on YHWH's name, an early biblical scene in which the divine name is invoked in worship.	sec13	"[{""line"": 66, ""strength"": ""strong"", ""tradition"": ""tevrat"", ""kind"": ""motif"", ""ref"": ""WLC:Gen.4.26"", ""basis"": ""calling on YHWH's name"", ""note"": ""The commentary closes with remembering the Lord's name and prayer. Genesis describes people beginning to call on YHWH's name, an early biblical scene in which the divine name is invoked in worship."", ""turn"": 2, ""model"": ""terra"", ""connection_id"": ""BC-a25da751dd99be1b8020""}]"
WLC:Isa.26.8	strong	tevrat	soydas	Hebrew zekher, name, and desire of the soul	"The commentary's dhikr is possible in the heart as well as on the tongue. Isaiah joins God's name and zekher, ""memorial/remembrance,"" to the desire of the soul, an inward cognate counterpart."	sec13	"[{""line"": 68, ""strength"": ""strong"", ""tradition"": ""tevrat"", ""kind"": ""soydas"", ""ref"": ""WLC:Isa.26.8"", ""basis"": ""Hebrew zekher, name, and desire of the soul"", ""note"": ""The commentary's dhikr is possible in the heart as well as on the tongue. Isaiah joins God's name and zekher, \""memorial/remembrance,\"" to the desire of the soul, an inward cognate counterpart."", ""turn"": 2, ""model"": ""terra"", ""connection_id"": ""BC-a45e74bd259f19cfbe1a""}]"
WLC:Isa.29.13	strong	tevrat	motif	lips honor God while heart is distant	The commentary permits remembrance with tongue and heart together. Isaiah critiques honor rendered with lips while the heart remains far away, adding the ethical test that exterior speech cannot replace inward attachment.	sec13	"[{""line"": 63, ""strength"": ""strong"", ""tradition"": ""tevrat"", ""kind"": ""motif"", ""ref"": ""WLC:Isa.29.13"", ""basis"": ""lips honor God while heart is distant"", ""note"": ""The commentary permits remembrance with tongue and heart together. Isaiah critiques honor rendered with lips while the heart remains far away, adding the ethical test that exterior speech cannot replace inward attachment."", ""turn"": 2, ""model"": ""terra"", ""connection_id"": ""BC-a2b9216269b302381beb""}]"
WLC:Isa.29.15	medium	tevrat	motif	secret counsel hidden from God?	Isaiah condemns people who conceal their plans from YHWH and act in darkness, asking who sees them; this is a concrete human denial of the divine knowledge affirmed by the commentary.	sec13	"[{""line"": 94, ""strength"": ""medium"", ""tradition"": ""tevrat"", ""kind"": ""motif"", ""ref"": ""WLC:Isa.29.15"", ""basis"": ""secret counsel hidden from God?"", ""note"": ""Isaiah condemns people who conceal their plans from YHWH and act in darkness, asking who sees them; this is a concrete human denial of the divine knowledge affirmed by the commentary."", ""turn"": 2, ""model"": ""luna"", ""connection_id"": ""BC-b81da94c1ca1555b8d2a""}]"
WLC:Isa.29.4	medium	tevrat	motif	whisper from the dust	Isaiah depicts Jerusalem speaking low from the ground, with speech whispering from the dust; this is a specific convergence of hushed voice and emergence from a covering/earth, though the prophetic scene is humiliation, not recitation.	sec13	"[{""line"": 54, ""strength"": ""medium"", ""tradition"": ""tevrat"", ""kind"": ""motif"", ""ref"": ""WLC:Isa.29.4"", ""basis"": ""whisper from the dust"", ""note"": ""Isaiah depicts Jerusalem speaking low from the ground, with speech whispering from the dust; this is a specific convergence of hushed voice and emergence from a covering/earth, though the prophetic scene is humiliation, not recitation."", ""turn"": 1, ""model"": ""luna"", ""connection_id"": ""BC-5c54b8a84a2434f47e38""}]"
WLC:Isa.44.3	strong	tevrat	motif	water poured on dry ground	God promises water on thirsty ground and streams on dry land; this supplies the rain/water side of the commentary's emergence scene.	sec13	"[{""line"": 59, ""strength"": ""strong"", ""tradition"": ""tevrat"", ""kind"": ""motif"", ""ref"": ""WLC:Isa.44.3"", ""basis"": ""water poured on dry ground"", ""note"": ""God promises water on thirsty ground and streams on dry land; this supplies the rain/water side of the commentary's emergence scene."", ""turn"": 1, ""model"": ""luna"", ""connection_id"": ""BC-add100c03e7a86b1a399""}]"
WLC:Isa.44.4	strong	tevrat	motif	grass-like growth	The next verse pictures descendants springing up like grass by streams; this gives the commentary's emerging pasture a close image of growth appearing where water reaches dry land.	sec13	"[{""line"": 60, ""strength"": ""strong"", ""tradition"": ""tevrat"", ""kind"": ""motif"", ""ref"": ""WLC:Isa.44.4"", ""basis"": ""grass-like growth"", ""note"": ""The next verse pictures descendants springing up like grass by streams; this gives the commentary's emerging pasture a close image of growth appearing where water reaches dry land."", ""turn"": 1, ""model"": ""luna"", ""connection_id"": ""BC-12c08f47996692120017""}]"
WLC:Isa.48.6	medium	tevrat	motif	previously hidden things now announced	The commentary says God may bring the hidden out. Isaiah tells the audience that hidden things they had not known are now announced, a prophetic disclosure formula rather than a physical emergence image.	sec13	"[{""line"": 91, ""strength"": ""medium"", ""tradition"": ""tevrat"", ""kind"": ""motif"", ""ref"": ""WLC:Isa.48.6"", ""basis"": ""previously hidden things now announced"", ""note"": ""The commentary says God may bring the hidden out. Isaiah tells the audience that hidden things they had not known are now announced, a prophetic disclosure formula rather than a physical emergence image."", ""turn"": 2, ""model"": ""terra"", ""connection_id"": ""BC-9245eed621790aa5466b""}]"
WLC:Isa.55.10	strong	tevrat	motif	rain makes earth bring forth and sprout	The commentary says rain draws pasture from soil. Isaiah compares rain and snow that water the earth and make it bring forth and sprout, a close image of divinely enabled vegetal emergence.	sec13	"[{""line"": 37, ""strength"": ""strong"", ""tradition"": ""tevrat"", ""kind"": ""motif"", ""ref"": ""WLC:Isa.55.10"", ""basis"": ""rain makes earth bring forth and sprout"", ""note"": ""The commentary says rain draws pasture from soil. Isaiah compares rain and snow that water the earth and make it bring forth and sprout, a close image of divinely enabled vegetal emergence."", ""turn"": 1, ""model"": ""terra"", ""connection_id"": ""BC-568c44269372bc380796""}]"
WLC:Isa.59.21	strong	tevrat	motif	word remains in the prophet's mouth | God's words remain in successive mouths	God promises that his words will remain in the mouth of the prophet and his descendants; this adds enduring transmission to the commentary's promise of recitation and retention. | The commentary treats divine teaching as recited and not forgotten. Isaiah's covenant says God's words will not depart from the prophet's mouth or the mouths of descendants, extending memorized speech through generations.	sec13	"[{""line"": 77, ""strength"": ""medium"", ""tradition"": ""tevrat"", ""kind"": ""motif"", ""ref"": ""WLC:Isa.59.21"", ""basis"": ""word remains in the prophet's mouth"", ""note"": ""God promises that his words will remain in the mouth of the prophet and his descendants; this adds enduring transmission to the commentary's promise of recitation and retention."", ""turn"": 2, ""model"": ""luna"", ""connection_id"": ""BC-1bbaf5375de09656d46b""}, {""line"": 31, ""strength"": ""strong"", ""tradition"": ""tevrat"", ""kind"": ""motif"", ""ref"": ""WLC:Isa.59.21"", ""basis"": ""God's words remain in successive mouths"", ""note"": ""The commentary treats divine teaching as recited and not forgotten. Isaiah's covenant says God's words will not depart from the prophet's mouth or the mouths of descendants, extending memorized speech through generations."", ""turn"": 1, ""model"": ""terra"", ""connection_id"": ""BC-cc81ef631a6b3712f52b""}]"
WLC:Jer.1.9	strong	tevrat	motif	words placed on Jeremiah's mouth	YHWH touches Jeremiah's mouth and says he has placed his words there; this closely parallels the commentary's account of God making the Prophet recite.	sec13	"[{""line"": 76, ""strength"": ""strong"", ""tradition"": ""tevrat"", ""kind"": ""motif"", ""ref"": ""WLC:Jer.1.9"", ""basis"": ""words placed on Jeremiah's mouth"", ""note"": ""YHWH touches Jeremiah's mouth and says he has placed his words there; this closely parallels the commentary's account of God making the Prophet recite."", ""turn"": 2, ""model"": ""luna"", ""connection_id"": ""BC-df27fab75e638d0288c8""}]"
WLC:Jer.17.10	strong	tevrat	motif	YHWH searches heart and tests inward self	The commentary says the hidden interior is known even when no voice exposes it. Jeremiah presents YHWH as searching the heart and testing the inward person, placing that claim in judgment language.	sec13	"[{""line"": 13, ""strength"": ""strong"", ""tradition"": ""tevrat"", ""kind"": ""motif"", ""ref"": ""WLC:Jer.17.10"", ""basis"": ""YHWH searches heart and tests inward self"", ""note"": ""The commentary says the hidden interior is known even when no voice exposes it. Jeremiah presents YHWH as searching the heart and testing the inward person, placing that claim in judgment language."", ""turn"": 1, ""model"": ""terra"", ""connection_id"": ""BC-793603327984e1e487f1""}]"
WLC:Jer.23.24	strong	tevrat	motif	no hiding place from God	YHWH asks whether anyone can hide in a secret place beyond his sight and says he fills heaven and earth; this directly supports the commentary's open/hidden pair as two states within divine knowledge.	sec13	"[{""line"": 28, ""strength"": ""strong"", ""tradition"": ""tevrat"", ""kind"": ""motif"", ""ref"": ""WLC:Jer.23.24"", ""basis"": ""no hiding place from God"", ""note"": ""YHWH asks whether anyone can hide in a secret place beyond his sight and says he fills heaven and earth; this directly supports the commentary's open/hidden pair as two states within divine knowledge."", ""turn"": 1, ""model"": ""luna"", ""connection_id"": ""BC-0cac864aed4a44ea8c3d""}]"
WLC:Jer.31.33	strong	tevrat	motif	Torah within and written on heart	The commentary's inward reading is more than quiet sound. Jeremiah's new-covenant promise places the Torah within the people and writes it on their hearts, a strong Hebrew Bible image of internalized revelation.	sec13	"[{""line"": 57, ""strength"": ""strong"", ""tradition"": ""tevrat"", ""kind"": ""motif"", ""ref"": ""WLC:Jer.31.33"", ""basis"": ""Torah within and written on heart"", ""note"": ""The commentary's inward reading is more than quiet sound. Jeremiah's new-covenant promise places the Torah within the people and writes it on their hearts, a strong Hebrew Bible image of internalized revelation."", ""turn"": 2, ""model"": ""terra"", ""connection_id"": ""BC-d4a5bd7c6747b3905c8e""}]"
WLC:Job.12.22	strong	tevrat	motif	darkness brought into light | deep things from darkness brought to light	Job says God reveals deep things from darkness and brings deep gloom into light; this gives a direct scriptural image for the commentary's concealed becoming manifest. | The commentary's second scene makes the concealed come out from its cover. Job says God uncovers deep things from darkness and brings deep shadow into light, a direct divine movement from hiddenness to exposure.	sec13	"[{""line"": 20, ""strength"": ""strong"", ""tradition"": ""tevrat"", ""kind"": ""motif"", ""ref"": ""WLC:Job.12.22"", ""basis"": ""darkness brought into light"", ""note"": ""Job says God reveals deep things from darkness and brings deep gloom into light; this gives a direct scriptural image for the commentary's concealed becoming manifest."", ""turn"": 1, ""model"": ""luna"", ""connection_id"": ""BC-a27c63b8bf7a39fc8868""}, {""line"": 14, ""strength"": ""strong"", ""tradition"": ""tevrat"", ""kind"": ""motif"", ""ref"": ""WLC:Job.12.22"", ""basis"": ""deep things from darkness brought to light"", ""note"": ""The commentary's second scene makes the concealed come out from its cover. Job says God uncovers deep things from darkness and brings deep shadow into light, a direct divine movement from hiddenness to exposure."", ""turn"": 1, ""model"": ""terra"", ""connection_id"": ""BC-0ca5ac229300ba0c5161""}]"
WLC:Job.28.11	strong	tevrat	motif	hidden things brought to light | hidden thing brought to light	In the poem about mining, God-like human searching stops streams and brings hidden things to light; the concrete extraction from earth echoes the commentary's movement from what is covered to what emerges. | The commentary uses physical emergence and a cleared well to picture disclosure. Job's mining poem says that a hidden thing is brought to light, supplying a terrestrial extraction image without making the human miner identical with God.	sec13	"[{""line"": 19, ""strength"": ""strong"", ""tradition"": ""tevrat"", ""kind"": ""motif"", ""ref"": ""WLC:Job.28.11"", ""basis"": ""hidden things brought to light"", ""note"": ""In the poem about mining, God-like human searching stops streams and brings hidden things to light; the concrete extraction from earth echoes the commentary's movement from what is covered to what emerges."", ""turn"": 1, ""model"": ""luna"", ""connection_id"": ""BC-006cc7e47fc0dd96ea2d""}, {""line"": 15, ""strength"": ""strong"", ""tradition"": ""tevrat"", ""kind"": ""motif"", ""ref"": ""WLC:Job.28.11"", ""basis"": ""hidden thing brought to light"", ""note"": ""The commentary uses physical emergence and a cleared well to picture disclosure. Job's mining poem says that a hidden thing is brought to light, supplying a terrestrial extraction image without making the human miner identical with God."", ""turn"": 1, ""model"": ""terra"", ""connection_id"": ""BC-6485f38d2d654aad1027""}]"
WLC:Job.34.22	strong	tevrat	motif	no hiding place for evildoers	Job says no darkness or death-shadow can hide wrongdoers from God; this is a specific statement of the commentary's claim that what is concealed remains known.	sec13	"[{""line"": 90, ""strength"": ""strong"", ""tradition"": ""tevrat"", ""kind"": ""motif"", ""ref"": ""WLC:Job.34.22"", ""basis"": ""no hiding place for evildoers"", ""note"": ""Job says no darkness or death-shadow can hide wrongdoers from God; this is a specific statement of the commentary's claim that what is concealed remains known."", ""turn"": 2, ""model"": ""luna"", ""connection_id"": ""BC-05925b80477463dba1bf""}]"
WLC:Job.37.21	strong	tevrat	motif	bright sky-light cannot be seen	The commentary adds the paradox that excessive sunlight can obstruct sight. Job says people cannot see the bright light in the skies, giving a specific biblical instance where brightness defeats vision.	sec13	"[{""line"": 40, ""strength"": ""strong"", ""tradition"": ""tevrat"", ""kind"": ""motif"", ""ref"": ""WLC:Job.37.21"", ""basis"": ""bright sky-light cannot be seen"", ""note"": ""The commentary adds the paradox that excessive sunlight can obstruct sight. Job says people cannot see the bright light in the skies, giving a specific biblical instance where brightness defeats vision."", ""turn"": 1, ""model"": ""terra"", ""connection_id"": ""BC-0ba865bee3b2a790e428""}]"
WLC:Job.38.27	strong	tevrat	motif	grass springs in a barren land | rainless wasteland satisfied; grass sprouts	God questions Job about satisfying desolate land and causing grass to sprout; this closely matches the commentary's reading of pasture emerging from earth through rain. | The commentary moves from rain and earth to grass coming out. In God's questions to Job, the desolate ground is satisfied so that grass is caused to sprout, placing pasture-growth under divine agency.	sec13	"[{""line"": 57, ""strength"": ""strong"", ""tradition"": ""tevrat"", ""kind"": ""motif"", ""ref"": ""WLC:Job.38.27"", ""basis"": ""grass springs in a barren land"", ""note"": ""God questions Job about satisfying desolate land and causing grass to sprout; this closely matches the commentary's reading of pasture emerging from earth through rain."", ""turn"": 1, ""model"": ""luna"", ""connection_id"": ""BC-7c6a686810f7e4b6df52""}, {""line"": 38, ""strength"": ""strong"", ""tradition"": ""tevrat"", ""kind"": ""motif"", ""ref"": ""WLC:Job.38.27"", ""basis"": ""rainless wasteland satisfied; grass sprouts"", ""note"": ""The commentary moves from rain and earth to grass coming out. In God's questions to Job, the desolate ground is satisfied so that grass is caused to sprout, placing pasture-growth under divine agency."", ""turn"": 1, ""model"": ""terra"", ""connection_id"": ""BC-31f225d5a773544e24b0""}]"
WLC:Joel.3.5	strong	tevrat	motif	calling on the Lord's name	Joel promises deliverance to everyone who calls on YHWH's name; this gives the commentary's remembrance of the Lord's name followed by prayer a specific scriptural invocation formula. WLC numbering is used.	sec13	"[{""line"": 67, ""strength"": ""strong"", ""tradition"": ""tevrat"", ""kind"": ""motif"", ""ref"": ""WLC:Joel.3.5"", ""basis"": ""calling on the Lord's name"", ""note"": ""Joel promises deliverance to everyone who calls on YHWH's name; this gives the commentary's remembrance of the Lord's name followed by prayer a specific scriptural invocation formula. WLC numbering is used."", ""turn"": 1, ""model"": ""luna"", ""connection_id"": ""BC-3b9c9226a3e266932b9d""}]"
WLC:Josh.1.8	strong	tevrat	motif	Torah in the mouth | Torah book in mouth and meditation	The Torah is not to depart from Joshua's mouth and is to be murmured day and night; this closely joins oral recitation with sustained inward attention, as the commentary does. | The commentary joins an uttered reading to an inward one. Joshua requires the Torah book not to depart from the mouth and commands meditation on it day and night, holding oral and interior engagement together.	sec13	"[{""line"": 9, ""strength"": ""strong"", ""tradition"": ""tevrat"", ""kind"": ""motif"", ""ref"": ""WLC:Josh.1.8"", ""basis"": ""Torah in the mouth"", ""note"": ""The Torah is not to depart from Joshua's mouth and is to be murmured day and night; this closely joins oral recitation with sustained inward attention, as the commentary does."", ""turn"": 1, ""model"": ""luna"", ""connection_id"": ""BC-018888711a1eb3ad6f6f""}, {""line"": 23, ""strength"": ""strong"", ""tradition"": ""tevrat"", ""kind"": ""motif"", ""ref"": ""WLC:Josh.1.8"", ""basis"": ""Torah book in mouth and meditation"", ""note"": ""The commentary joins an uttered reading to an inward one. Joshua requires the Torah book not to depart from the mouth and commands meditation on it day and night, holding oral and interior engagement together."", ""turn"": 1, ""model"": ""terra"", ""connection_id"": ""BC-5825c42526928c1a2995""}]"
WLC:Mal.3.16	strong	tevrat	motif|soydas	God hears and records remembrance | Hebrew zkr, book of remembrance, and honored name	Those who fear YHWH speak to one another and meditate on his name; YHWH listens, hears, and a book of remembrance is written. This uniquely joins speech, divine hearing, the name and remembrance as the commentary's scene does. | The commentary's dhikr of the Lord's name is voiced worship. Malachi has God hear those who speak together and honor his name, then records them in a book of remembrance from Hebrew zkr.	sec13	"[{""line"": 34, ""strength"": ""strong"", ""tradition"": ""tevrat"", ""kind"": ""motif"", ""ref"": ""WLC:Mal.3.16"", ""basis"": ""God hears and records remembrance"", ""note"": ""Those who fear YHWH speak to one another and meditate on his name; YHWH listens, hears, and a book of remembrance is written. This uniquely joins speech, divine hearing, the name and remembrance as the commentary's scene does."", ""turn"": 1, ""model"": ""luna"", ""connection_id"": ""BC-8e8a9cd8a73bbc2299f5""}, {""line"": 35, ""strength"": ""strong"", ""tradition"": ""tevrat"", ""kind"": ""soydas"", ""ref"": ""WLC:Mal.3.16"", ""basis"": ""Hebrew zkr, book of remembrance, and honored name"", ""note"": ""The commentary's dhikr of the Lord's name is voiced worship. Malachi has God hear those who speak together and honor his name, then records them in a book of remembrance from Hebrew zkr."", ""turn"": 1, ""model"": ""terra"", ""connection_id"": ""BC-4f078c8549a2610ceaa3""}]"
WLC:Neh.8.8	strong	tevrat	motif|soydas	reading from the scroll | Arabic q-r-' label; Hebrew qara' book-reading	The Levites read the Torah from the book and give its sense so the people understand; this is a public, text-in-hand counterpart to the commentary's reading by looking into the text. | The commentary labels 87:6 with q-r-'. Nehemiah uses Hebrew qara' for reading aloud from the Torah book and adds interpretation so that listeners understand, linking cognate reading to voiced instruction and comprehension.	sec13	"[{""line"": 10, ""strength"": ""medium"", ""tradition"": ""tevrat"", ""kind"": ""motif"", ""ref"": ""WLC:Neh.8.8"", ""basis"": ""reading from the scroll"", ""note"": ""The Levites read the Torah from the book and give its sense so the people understand; this is a public, text-in-hand counterpart to the commentary's reading by looking into the text."", ""turn"": 1, ""model"": ""luna"", ""connection_id"": ""BC-391e65f166b6002360c0""}, {""line"": 58, ""strength"": ""strong"", ""tradition"": ""tevrat"", ""kind"": ""soydas"", ""ref"": ""WLC:Neh.8.8"", ""basis"": ""Arabic q-r-' label; Hebrew qara' book-reading"", ""note"": ""The commentary labels 87:6 with q-r-'. Nehemiah uses Hebrew qara' for reading aloud from the Torah book and adds interpretation so that listeners understand, linking cognate reading to voiced instruction and comprehension."", ""turn"": 2, ""model"": ""terra"", ""connection_id"": ""BC-9bd242b43f26dc79b27c""}]"
WLC:Prov.20.27	strong	tevrat	motif	God's lamp searches the inner self	Proverbs calls the human spirit the lamp of YHWH, searching the innermost parts; this gives the commentary's hidden inner life a concrete illumination image, while differing from its warning that excess light can obscure sight.	sec13	"[{""line"": 93, ""strength"": ""strong"", ""tradition"": ""tevrat"", ""kind"": ""motif"", ""ref"": ""WLC:Prov.20.27"", ""basis"": ""God's lamp searches the inner self"", ""note"": ""Proverbs calls the human spirit the lamp of YHWH, searching the innermost parts; this gives the commentary's hidden inner life a concrete illumination image, while differing from its warning that excess light can obscure sight."", ""turn"": 2, ""model"": ""luna"", ""connection_id"": ""BC-acf137580f1befacd7f3""}]"
WLC:Prov.20.5	strong	tevrat	motif	deep counsel in the heart drawn out	The commentary says a hidden thing can be extracted and illustrates it with water and a well. Proverbs likens purpose in a person's heart to deep water that one of understanding draws out, joining inner concealment and extraction.	sec13	"[{""line"": 72, ""strength"": ""strong"", ""tradition"": ""tevrat"", ""kind"": ""motif"", ""ref"": ""WLC:Prov.20.5"", ""basis"": ""deep counsel in the heart drawn out"", ""note"": ""The commentary says a hidden thing can be extracted and illustrates it with water and a well. Proverbs likens purpose in a person's heart to deep water that one of understanding draws out, joining inner concealment and extraction."", ""turn"": 2, ""model"": ""terra"", ""connection_id"": ""BC-ac3a3d0d71503e07f0ed""}]"
WLC:Prov.22.18	strong	tevrat	motif	teaching kept within and ready on lips	The commentary's tongue-and-heart recitation has a close wisdom counterpart: Proverbs calls it pleasant to keep teachings within oneself when they are all ready upon one's lips.	sec13	"[{""line"": 56, ""strength"": ""strong"", ""tradition"": ""tevrat"", ""kind"": ""motif"", ""ref"": ""WLC:Prov.22.18"", ""basis"": ""teaching kept within and ready on lips"", ""note"": ""The commentary's tongue-and-heart recitation has a close wisdom counterpart: Proverbs calls it pleasant to keep teachings within oneself when they are all ready upon one's lips."", ""turn"": 2, ""model"": ""terra"", ""connection_id"": ""BC-7f680983126f64712b60""}]"
WLC:Ps.1.2	strong	tevrat	motif	Torah murmured day and night	The righteous person delights in the Lord's Torah and murmurs on it day and night; this links inward meditation with repeated, potentially subvocal recitation, complementing the commentary's high-voice and inward-reading pair.	sec13	"[{""line"": 73, ""strength"": ""strong"", ""tradition"": ""tevrat"", ""kind"": ""motif"", ""ref"": ""WLC:Ps.1.2"", ""basis"": ""Torah murmured day and night"", ""note"": ""The righteous person delights in the Lord's Torah and murmurs on it day and night; this links inward meditation with repeated, potentially subvocal recitation, complementing the commentary's high-voice and inward-reading pair."", ""turn"": 2, ""model"": ""luna"", ""connection_id"": ""BC-d6497494ddb13b01c60a""}]"
WLC:Ps.103.1	strong	tevrat	motif	inner self blesses the name	The psalm summons all that is within the speaker to bless YHWH's holy name; this closely parallels the commentary's remembrance of the Lord's name with the heart as well as the tongue.	sec13	"[{""line"": 66, ""strength"": ""strong"", ""tradition"": ""tevrat"", ""kind"": ""motif"", ""ref"": ""WLC:Ps.103.1"", ""basis"": ""inner self blesses the name"", ""note"": ""The psalm summons all that is within the speaker to bless YHWH's holy name; this closely parallels the commentary's remembrance of the Lord's name with the heart as well as the tongue."", ""turn"": 1, ""model"": ""luna"", ""connection_id"": ""BC-44a6a511a1bfabc28b8e""}]"
WLC:Ps.104.14	strong	tevrat	motif	grass for cattle | God makes grass grow from earth	The psalm says God makes grass grow for cattle; this is a close claim-level parallel to the commentary's pasture brought forth by the Creator. | The commentary links 87:4's bringing out of pasture to divine action. Psalm 104 says God makes grass grow for cattle and vegetation for human service, a direct hymn-like counterpart to that pastoral image.	sec13	"[{""line"": 61, ""strength"": ""strong"", ""tradition"": ""tevrat"", ""kind"": ""motif"", ""ref"": ""WLC:Ps.104.14"", ""basis"": ""grass for cattle"", ""note"": ""The psalm says God makes grass grow for cattle; this is a close claim-level parallel to the commentary's pasture brought forth by the Creator."", ""turn"": 1, ""model"": ""luna"", ""connection_id"": ""BC-879d2d0760168e13041b""}, {""line"": 39, ""strength"": ""strong"", ""tradition"": ""tevrat"", ""kind"": ""motif"", ""ref"": ""WLC:Ps.104.14"", ""basis"": ""God makes grass grow from earth"", ""note"": ""The commentary links 87:4's bringing out of pasture to divine action. Psalm 104 says God makes grass grow for cattle and vegetation for human service, a direct hymn-like counterpart to that pastoral image."", ""turn"": 1, ""model"": ""terra"", ""connection_id"": ""BC-4c9073ed3c594383b4dc""}]"
WLC:Ps.105.1	strong	tevrat	motif	call on and proclaim the name	The psalm calls Israel to give thanks, call on YHWH's name, and make his deeds known; this supplies a liturgical pairing of invoking the divine name and verbal praise beside the commentary's remembrance of the Lord's name followed by prayer.	sec13	"[{""line"": 97, ""strength"": ""strong"", ""tradition"": ""tevrat"", ""kind"": ""motif"", ""ref"": ""WLC:Ps.105.1"", ""basis"": ""call on and proclaim the name"", ""note"": ""The psalm calls Israel to give thanks, call on YHWH's name, and make his deeds known; this supplies a liturgical pairing of invoking the divine name and verbal praise beside the commentary's remembrance of the Lord's name followed by prayer."", ""turn"": 2, ""model"": ""luna"", ""connection_id"": ""BC-0100db8e4e4348d64d2f""}]"
WLC:Ps.119.11	strong	tevrat	motif	word hidden in the heart | word stored in heart	The psalmist stores God's word in the heart; this directly connects the commentary's inward reading with its secondary sense of what is hidden. | The commentary calls recitation possible from the heart. The psalmist says the divine word has been stored or hidden in the heart, turning inward retention into a safeguard for faithful action.	sec13	"[{""line"": 71, ""strength"": ""strong"", ""tradition"": ""tevrat"", ""kind"": ""motif"", ""ref"": ""WLC:Ps.119.11"", ""basis"": ""word hidden in the heart"", ""note"": ""The psalmist stores God's word in the heart; this directly connects the commentary's inward reading with its secondary sense of what is hidden."", ""turn"": 2, ""model"": ""luna"", ""connection_id"": ""BC-bb237f01c1d5cdc08258""}, {""line"": 24, ""strength"": ""strong"", ""tradition"": ""tevrat"", ""kind"": ""motif"", ""ref"": ""WLC:Ps.119.11"", ""basis"": ""word stored in heart"", ""note"": ""The commentary calls recitation possible from the heart. The psalmist says the divine word has been stored or hidden in the heart, turning inward retention into a safeguard for faithful action."", ""turn"": 1, ""model"": ""terra"", ""connection_id"": ""BC-73324f35bc8dc7418df5""}]"
WLC:Ps.119.55	strong	tevrat	motif|soydas	Arabic dh-k-r and Hebrew זכר | remembering the divine name at night	The source commentary labels remembrance with Arabic dh-k-r; the psalm uses the Hebrew cognate for remembering YHWH's name at night, a private act of recollection that sharpens the commentary's tongue-and-heart account. | The psalmist remembers YHWH's name at night and keeps his Torah; this is a concrete inward/nighttime counterpart to the commentary's remembrance of the Lord and also illustrates its Arabic-Hebrew cognate link.	sec13	"[{""line"": 12, ""strength"": ""strong"", ""tradition"": ""tevrat"", ""kind"": ""soydas"", ""ref"": ""WLC:Ps.119.55"", ""basis"": ""Arabic dh-k-r and Hebrew זכר"", ""note"": ""The source commentary labels remembrance with Arabic dh-k-r; the psalm uses the Hebrew cognate for remembering YHWH's name at night, a private act of recollection that sharpens the commentary's tongue-and-heart account."", ""turn"": 1, ""model"": ""luna"", ""connection_id"": ""BC-0cd38793b9b30e8ff31a""}, {""line"": 65, ""strength"": ""strong"", ""tradition"": ""tevrat"", ""kind"": ""motif"", ""ref"": ""WLC:Ps.119.55"", ""basis"": ""remembering the divine name at night"", ""note"": ""The psalmist remembers YHWH's name at night and keeps his Torah; this is a concrete inward/nighttime counterpart to the commentary's remembrance of the Lord and also illustrates its Arabic-Hebrew cognate link."", ""turn"": 1, ""model"": ""luna"", ""connection_id"": ""BC-75ed559f0125976b1650""}]"
WLC:Ps.119.93	strong	tevrat	motif	never forgetting the precepts	The speaker says he will never forget God's precepts because they gave him life; this is a direct personal counterpart to the promise that recited revelation will not be forgotten.	sec13	"[{""line"": 72, ""strength"": ""strong"", ""tradition"": ""tevrat"", ""kind"": ""motif"", ""ref"": ""WLC:Ps.119.93"", ""basis"": ""never forgetting the precepts"", ""note"": ""The speaker says he will never forget God's precepts because they gave him life; this is a direct personal counterpart to the promise that recited revelation will not be forgotten."", ""turn"": 2, ""model"": ""luna"", ""connection_id"": ""BC-adafcb699c4fe9ad9464""}]"
WLC:Ps.139.12	strong	tevrat	motif	night is light to God	The psalm says darkness is not dark to God and night shines like day; this directly answers the commentary's hidden/light contrast without equating darkness with ignorance for God.	sec13	"[{""line"": 33, ""strength"": ""strong"", ""tradition"": ""tevrat"", ""kind"": ""motif"", ""ref"": ""WLC:Ps.139.12"", ""basis"": ""night is light to God"", ""note"": ""The psalm says darkness is not dark to God and night shines like day; this directly answers the commentary's hidden/light contrast without equating darkness with ignorance for God."", ""turn"": 1, ""model"": ""luna"", ""connection_id"": ""BC-cd466d93caf44e98bf8b""}]"
WLC:Ps.139.16	strong	tevrat	motif	body made in secret not hidden from God	The commentary moves from what is hidden to what God knows and brings into view. This psalm says a body made in secret in earth-like depths was not hidden from God, extending the claim to concealed organic formation.	sec13	"[{""line"": 73, ""strength"": ""strong"", ""tradition"": ""tevrat"", ""kind"": ""motif"", ""ref"": ""WLC:Ps.139.16"", ""basis"": ""body made in secret not hidden from God"", ""note"": ""The commentary moves from what is hidden to what God knows and brings into view. This psalm says a body made in secret in earth-like depths was not hidden from God, extending the claim to concealed organic formation."", ""turn"": 2, ""model"": ""terra"", ""connection_id"": ""BC-6750a0ee6a173d29bb6b""}]"
WLC:Ps.139.4	strong	tevrat	motif	word known before the tongue	The psalm says YHWH knows the whole word before it reaches the speaker's tongue; this makes divine knowledge of unvoiced as well as spoken content concrete.	sec13	"[{""line"": 32, ""strength"": ""strong"", ""tradition"": ""tevrat"", ""kind"": ""motif"", ""ref"": ""WLC:Ps.139.4"", ""basis"": ""word known before the tongue"", ""note"": ""The psalm says YHWH knows the whole word before it reaches the speaker's tongue; this makes divine knowledge of unvoiced as well as spoken content concrete."", ""turn"": 1, ""model"": ""luna"", ""connection_id"": ""BC-b653d244de4990023bd0""}]"
WLC:Ps.139.5	strong	tevrat	motif	word on tongue already known	The commentary explicitly sets raised speech beside what remains hidden. Psalm 139 says that before a word is on the tongue, YHWH knows it completely, giving the verbal side of that claim its closest Hebrew formulation.	sec13	"[{""line"": 7, ""strength"": ""strong"", ""tradition"": ""tevrat"", ""kind"": ""motif"", ""ref"": ""WLC:Ps.139.5"", ""basis"": ""word on tongue already known"", ""note"": ""The commentary explicitly sets raised speech beside what remains hidden. Psalm 139 says that before a word is on the tongue, YHWH knows it completely, giving the verbal side of that claim its closest Hebrew formulation."", ""turn"": 1, ""model"": ""terra"", ""connection_id"": ""BC-ff5bad9bf7a7135f63e3""}]"
WLC:Ps.147.8	strong	tevrat	motif	rain makes grass grow | rain prepared for earth and grass made to grow	The psalm says God prepares rain for the earth and makes grass grow on the mountains; this is a direct creation-motif parallel to the commentary's rain bringing pasture out of soil. | The commentary explicitly imagines rain drawing pasture from soil. Psalm 147 says God prepares rain for the earth and makes grass sprout on mountains, matching rain, ground, growth, and divine agency in one verse.	sec13	"[{""line"": 58, ""strength"": ""strong"", ""tradition"": ""tevrat"", ""kind"": ""motif"", ""ref"": ""WLC:Ps.147.8"", ""basis"": ""rain makes grass grow"", ""note"": ""The psalm says God prepares rain for the earth and makes grass grow on the mountains; this is a direct creation-motif parallel to the commentary's rain bringing pasture out of soil."", ""turn"": 1, ""model"": ""luna"", ""connection_id"": ""BC-f18fd470be1216ff275f""}, {""line"": 78, ""strength"": ""strong"", ""tradition"": ""tevrat"", ""kind"": ""motif"", ""ref"": ""WLC:Ps.147.8"", ""basis"": ""rain prepared for earth and grass made to grow"", ""note"": ""The commentary explicitly imagines rain drawing pasture from soil. Psalm 147 says God prepares rain for the earth and makes grass sprout on mountains, matching rain, ground, growth, and divine agency in one verse."", ""turn"": 2, ""model"": ""terra"", ""connection_id"": ""BC-d969b7ef44818128055a""}]"
WLC:Ps.19.15	strong	tevrat	motif	mouth and heart in prayer	The commentary says remembrance occurs on the tongue and in the heart; the psalm asks that both its mouth's words and its heart's meditation be acceptable to YHWH, joining voiced utterance and inward devotion.	sec13	"[{""line"": 1, ""strength"": ""strong"", ""tradition"": ""tevrat"", ""kind"": ""motif"", ""ref"": ""WLC:Ps.19.15"", ""basis"": ""mouth and heart in prayer"", ""note"": ""The commentary says remembrance occurs on the tongue and in the heart; the psalm asks that both its mouth's words and its heart's meditation be acceptable to YHWH, joining voiced utterance and inward devotion."", ""turn"": 1, ""model"": ""luna"", ""connection_id"": ""BC-80ac847a0e671da8c8e0""}]"
WLC:Ps.19.4	strong	tevrat	motif	wordless voice | unheard voice without speech or words	The heavens have no speech or words, yet their voice is heard throughout the earth; this is a specific nonverbal counterpart to the commentary's movement from a voiced reading to meaning that need not be outwardly spoken. | The commentary's phonetic scene contrasts audible high speech with what remains unspoken. Psalm 19 says there is no speech or words and no voice is heard, yet its surrounding hymn presents creation as communicating; the parallel is poetic rather than liturgical.	sec13	"[{""line"": 68, ""strength"": ""strong"", ""tradition"": ""tevrat"", ""kind"": ""motif"", ""ref"": ""WLC:Ps.19.4"", ""basis"": ""wordless voice"", ""note"": ""The heavens have no speech or words, yet their voice is heard throughout the earth; this is a specific nonverbal counterpart to the commentary's movement from a voiced reading to meaning that need not be outwardly spoken."", ""turn"": 2, ""model"": ""luna"", ""connection_id"": ""BC-1180778b84f24f3834eb""}, {""line"": 83, ""strength"": ""medium"", ""tradition"": ""tevrat"", ""kind"": ""motif"", ""ref"": ""WLC:Ps.19.4"", ""basis"": ""unheard voice without speech or words"", ""note"": ""The commentary's phonetic scene contrasts audible high speech with what remains unspoken. Psalm 19 says there is no speech or words and no voice is heard, yet its surrounding hymn presents creation as communicating; the parallel is poetic rather than liturgical."", ""turn"": 2, ""model"": ""terra"", ""connection_id"": ""BC-cee30c7c5cf8697e8f1b""}]"
WLC:Ps.20.8	strong	tevrat	soydas	Arabic dhikr label; Hebrew zkr and God's name	The commentary labels 87:15 with dhikr and has the worshipper remember the Lord's name. Psalm 20 uses Hebrew zkr for Israel's making mention of YHWH's name, a close cognate-and-ritual match.	sec13	"[{""line"": 33, ""strength"": ""strong"", ""tradition"": ""tevrat"", ""kind"": ""soydas"", ""ref"": ""WLC:Ps.20.8"", ""basis"": ""Arabic dhikr label; Hebrew zkr and God's name"", ""note"": ""The commentary labels 87:15 with dhikr and has the worshipper remember the Lord's name. Psalm 20 uses Hebrew zkr for Israel's making mention of YHWH's name, a close cognate-and-ritual match."", ""turn"": 1, ""model"": ""terra"", ""connection_id"": ""BC-7b7783dcb117a4e529f5""}]"
WLC:Ps.4.5	strong	tevrat	motif	speak in hearts and be silent	The commentary's first scene holds lowered voice beside interior speech. This psalm commands hearers to speak in their hearts upon their beds and be silent, a compact Hebrew pairing of inward utterance and silence.	sec13	"[{""line"": 62, ""strength"": ""strong"", ""tradition"": ""tevrat"", ""kind"": ""motif"", ""ref"": ""WLC:Ps.4.5"", ""basis"": ""speak in hearts and be silent"", ""note"": ""The commentary's first scene holds lowered voice beside interior speech. This psalm commands hearers to speak in their hearts upon their beds and be silent, a compact Hebrew pairing of inward utterance and silence."", ""turn"": 2, ""model"": ""terra"", ""connection_id"": ""BC-7eeff9a3fffb4015cfb6""}]"
WLC:Ps.78.3	medium	tevrat	motif	mouth opened in parable and ancient dark sayings	The commentary makes disclosure possible through a spoken word. The psalmist opens his mouth in a parable to utter ancient riddling sayings, a Hebrew example of voiced transmission of what is not immediately plain.	sec13	"[{""line"": 86, ""strength"": ""medium"", ""tradition"": ""tevrat"", ""kind"": ""motif"", ""ref"": ""WLC:Ps.78.3"", ""basis"": ""mouth opened in parable and ancient dark sayings"", ""note"": ""The commentary makes disclosure possible through a spoken word. The psalmist opens his mouth in a parable to utter ancient riddling sayings, a Hebrew example of voiced transmission of what is not immediately plain."", ""turn"": 2, ""model"": ""terra"", ""connection_id"": ""BC-308fce456e905427f8f3""}]"
WLC:Ps.90.8	strong	tevrat	motif	secret sins before God's light	The psalm places secret sins in the light of God's presence; it joins what is concealed to disclosure and divine sight, echoing the commentary's open/hidden pairing.	sec13	"[{""line"": 31, ""strength"": ""strong"", ""tradition"": ""tevrat"", ""kind"": ""motif"", ""ref"": ""WLC:Ps.90.8"", ""basis"": ""secret sins before God's light"", ""note"": ""The psalm places secret sins in the light of God's presence; it joins what is concealed to disclosure and divine sight, echoing the commentary's open/hidden pairing."", ""turn"": 1, ""model"": ""luna"", ""connection_id"": ""BC-3eae96713ccded34efde""}]"
WLC:Ps.91.4	medium	tevrat	motif	hidden under pinions | covered under wings and feathers	The psalm pictures refuge under God's pinions; this is a limited image-parallel to the commentary's hidden feathers beneath the wing's upper feathers, though the psalm speaks of protection rather than feather anatomy. | The commentary's hawafi are feathers hidden below the leading wing-feathers. Psalm 91 pictures protection under God's wings and feathers, offering a concrete feather-cover image while giving it a protective sense.	sec13	"[{""line"": 55, ""strength"": ""weak"", ""tradition"": ""tevrat"", ""kind"": ""motif"", ""ref"": ""WLC:Ps.91.4"", ""basis"": ""hidden under pinions"", ""note"": ""The psalm pictures refuge under God's pinions; this is a limited image-parallel to the commentary's hidden feathers beneath the wing's upper feathers, though the psalm speaks of protection rather than feather anatomy."", ""turn"": 1, ""model"": ""luna"", ""connection_id"": ""BC-24345b62d04c05da58a3""}, {""line"": 48, ""strength"": ""medium"", ""tradition"": ""tevrat"", ""kind"": ""motif"", ""ref"": ""WLC:Ps.91.4"", ""basis"": ""covered under wings and feathers"", ""note"": ""The commentary's hawafi are feathers hidden below the leading wing-feathers. Psalm 91 pictures protection under God's wings and feathers, offering a concrete feather-cover image while giving it a protective sense."", ""turn"": 1, ""model"": ""terra"", ""connection_id"": ""BC-4ce92c584edd2a8eb62e""}]"
WLC:Ps.94.11	strong	tevrat	motif	God knows human thoughts	The psalm says YHWH knows that human thoughts are futile; this adds inward thought to the audible and visible dimensions of divine knowing.	sec13	"[{""line"": 92, ""strength"": ""strong"", ""tradition"": ""tevrat"", ""kind"": ""motif"", ""ref"": ""WLC:Ps.94.11"", ""basis"": ""God knows human thoughts"", ""note"": ""The psalm says YHWH knows that human thoughts are futile; this adds inward thought to the audible and visible dimensions of divine knowing."", ""turn"": 2, ""model"": ""luna"", ""connection_id"": ""BC-24a9e086f19f0f5caf68""}]"
WLC:Ps.94.9	strong	tevrat	motif	God hears and sees	The psalm asks whether the maker of the ear cannot hear and the maker of the eye cannot see; this specifically unites audible speech and visible disclosure under God's awareness.	sec13	"[{""line"": 91, ""strength"": ""strong"", ""tradition"": ""tevrat"", ""kind"": ""motif"", ""ref"": ""WLC:Ps.94.9"", ""basis"": ""God hears and sees"", ""note"": ""The psalm asks whether the maker of the ear cannot hear and the maker of the eye cannot see; this specifically unites audible speech and visible disclosure under God's awareness."", ""turn"": 2, ""model"": ""luna"", ""connection_id"": ""BC-ccc31a4cfed5b1e6d464""}]"
WLC:Ps.99.6	strong	tevrat	motif	Samuel calls on God's name	The verse names Samuel among those who call on YHWH's name and says they called to him and he answered; this is a concrete prayer scene connecting the divine name with invocation.	sec13	"[{""line"": 98, ""strength"": ""strong"", ""tradition"": ""tevrat"", ""kind"": ""motif"", ""ref"": ""WLC:Ps.99.6"", ""basis"": ""Samuel calls on God's name"", ""note"": ""The verse names Samuel among those who call on YHWH's name and says they called to him and he answered; this is a concrete prayer scene connecting the divine name with invocation."", ""turn"": 2, ""model"": ""luna"", ""connection_id"": ""BC-4f09ad928200d7e1a34e""}]"
Wisdom of Solomon 1:10	strong	tevrat	motif	whisper heard by God	Wisdom says a jealous ear hears all things and that murmuring does not go unnoticed; this specifically connects quiet, concealed speech with divine knowledge.	sec13	"[{""line"": 23, ""strength"": ""strong"", ""tradition"": ""tevrat"", ""kind"": ""motif"", ""ref"": ""Wisdom of Solomon 1:10"", ""basis"": ""whisper heard by God"", ""note"": ""Wisdom says a jealous ear hears all things and that murmuring does not go unnoticed; this specifically connects quiet, concealed speech with divine knowledge."", ""turn"": 1, ""model"": ""luna"", ""connection_id"": ""BC-d48719413cdbc0f6869f""}]"
Wisdom of Solomon 1:6	strong	tevrat	motif	tongue and heart observed | God observes heart and hears tongue	Wisdom says God witnesses the inmost feelings, observes the heart, and hears the tongue; this closely matches the commentary's pairing of voiced remembrance with what remains inward. | The commentary distinguishes heart and tongue while affirming God's knowledge of both. Wisdom calls God an observer of the heart and a hearer of the tongue, preserving both terms in one ethical warning about speech.	sec13	"[{""line"": 21, ""strength"": ""strong"", ""tradition"": ""tevrat"", ""kind"": ""motif"", ""ref"": ""Wisdom of Solomon 1:6"", ""basis"": ""tongue and heart observed"", ""note"": ""Wisdom says God witnesses the inmost feelings, observes the heart, and hears the tongue; this closely matches the commentary's pairing of voiced remembrance with what remains inward."", ""turn"": 1, ""model"": ""luna"", ""connection_id"": ""BC-096ccf243b5a5e0969f6""}, {""line"": 8, ""strength"": ""strong"", ""tradition"": ""tevrat"", ""kind"": ""motif"", ""ref"": ""Wisdom of Solomon 1:6"", ""basis"": ""God observes heart and hears tongue"", ""note"": ""The commentary distinguishes heart and tongue while affirming God's knowledge of both. Wisdom calls God an observer of the heart and a hearer of the tongue, preserving both terms in one ethical warning about speech."", ""turn"": 1, ""model"": ""terra"", ""connection_id"": ""BC-2d1d4a0634237b43d927""}]"
Wisdom of Solomon 1:7	strong	tevrat	motif	Spirit knows every utterance	The Spirit of the Lord fills the world and knows what is said; this extends the commentary's claim that speech and its hidden counterpart are known by God.	sec13	"[{""line"": 22, ""strength"": ""strong"", ""tradition"": ""tevrat"", ""kind"": ""motif"", ""ref"": ""Wisdom of Solomon 1:7"", ""basis"": ""Spirit knows every utterance"", ""note"": ""The Spirit of the Lord fills the world and knows what is said; this extends the commentary's claim that speech and its hidden counterpart are known by God."", ""turn"": 1, ""model"": ""luna"", ""connection_id"": ""BC-980b09afe538268e8212""}]"
