ref	tier	tradition	kinds	basis	explanations	target	evidence
Didache 10.2	strong	incil	motif	thanksgiving for the holy name dwelling in hearts	The eucharistic prayer thanks the Father for his holy name dwelling in believers' hearts; this joins prayer, gratitude, God's name, and inward remembrance.	sec11	"[{""line"": 87, ""strength"": ""strong"", ""tradition"": ""incil"", ""kind"": ""motif"", ""ref"": ""Didache 10.2"", ""basis"": ""thanksgiving for the holy name dwelling in hearts"", ""note"": ""The eucharistic prayer thanks the Father for his holy name dwelling in believers' hearts; this joins prayer, gratitude, God's name, and inward remembrance."", ""turn"": 2, ""model"": ""luna"", ""connection_id"": ""BC-1a2b6b312f482832e3c4""}]"
Didache 8.2	strong	incil	motif|yorum_gelenegi	hallowing God's name in the Lord's Prayer | Lord's Prayer formula; hallowing the Name	The Didache prescribes the Lord's Prayer, which asks that the Father's name be hallowed; this is a concrete Christian liturgical form of praise within prayer. | The Didache transmits the Lord's Prayer as the form believers are to pray, including the hallowing of the Father's name. It supplies the early Christian liturgical text that its following thrice-daily rule presupposes.	sec11	"[{""line"": 46, ""strength"": ""strong"", ""tradition"": ""incil"", ""kind"": ""motif"", ""ref"": ""Didache 8.2"", ""basis"": ""hallowing God's name in the Lord's Prayer"", ""note"": ""The Didache prescribes the Lord's Prayer, which asks that the Father's name be hallowed; this is a concrete Christian liturgical form of praise within prayer."", ""turn"": 1, ""model"": ""luna"", ""connection_id"": ""BC-7e68585e4fff2ef9bd85""}, {""line"": 85, ""strength"": ""medium"", ""tradition"": ""incil"", ""kind"": ""yorum_gelenegi"", ""ref"": ""Didache 8.2"", ""basis"": ""Lord's Prayer formula; hallowing the Name"", ""note"": ""The Didache transmits the Lord's Prayer as the form believers are to pray, including the hallowing of the Father's name. It supplies the early Christian liturgical text that its following thrice-daily rule presupposes."", ""turn"": 2, ""model"": ""terra"", ""connection_id"": ""BC-51c085af138040152f4d""}]"
Didache 8.3	medium	incil	motif|yorum_gelenegi	prayer repeated three times daily | reciting the Lord's Prayer three times daily	The Didache tells its readers to pray this prayer three times a day; this shows remembrance and praise of the name as repeated verbal practice. | The Didache turns the Lord's Prayer into a thrice-daily discipline. This early Christian rule offers a concrete liturgical counterpart to the commentary's repeated prayer and remembrance around the day.	sec11	"[{""line"": 47, ""strength"": ""medium"", ""tradition"": ""incil"", ""kind"": ""motif"", ""ref"": ""Didache 8.3"", ""basis"": ""prayer repeated three times daily"", ""note"": ""The Didache tells its readers to pray this prayer three times a day; this shows remembrance and praise of the name as repeated verbal practice."", ""turn"": 1, ""model"": ""luna"", ""connection_id"": ""BC-d2a5249ff5e90b96731c""}, {""line"": 52, ""strength"": ""medium"", ""tradition"": ""incil"", ""kind"": ""yorum_gelenegi"", ""ref"": ""Didache 8.3"", ""basis"": ""reciting the Lord's Prayer three times daily"", ""note"": ""The Didache turns the Lord's Prayer into a thrice-daily discipline. This early Christian rule offers a concrete liturgical counterpart to the commentary's repeated prayer and remembrance around the day."", ""turn"": 1, ""model"": ""terra"", ""connection_id"": ""BC-7d9192f0a3e30ce5a83a""}]"
Justin Martyr, First Apology 67	strong	incil	motif	reading, exhortation, then common prayer	Justin describes Scripture being read, the leader exhorting hearers, and all standing together to pray; this concrete service sequence matches the commentary's reading, reminder, and prayer as one practice.	sec11	"[{""line"": 48, ""strength"": ""strong"", ""tradition"": ""incil"", ""kind"": ""motif"", ""ref"": ""Justin Martyr, First Apology 67"", ""basis"": ""reading, exhortation, then common prayer"", ""note"": ""Justin describes Scripture being read, the leader exhorting hearers, and all standing together to pray; this concrete service sequence matches the commentary's reading, reminder, and prayer as one practice."", ""turn"": 1, ""model"": ""luna"", ""connection_id"": ""BC-875ec8347dcc1f6cbd2a""}]"
SBLGNT:1Cor.14.15	strong	incil	motif	praying and singing with spirit and mind | praying and singing praise with spirit and mind	Paul says he will pray and sing both with spirit and with mind; this concretely unites verbal prayer, praise, and inward intention. | Paul deliberately pairs prayer and praise in both spirit and mind, providing a close Christian counterpart to the commentary's unified tesbih, remembrance, and prayer with intentional participation.	sec11	"[{""line"": 80, ""strength"": ""strong"", ""tradition"": ""incil"", ""kind"": ""motif"", ""ref"": ""SBLGNT:1Cor.14.15"", ""basis"": ""praying and singing with spirit and mind"", ""note"": ""Paul says he will pray and sing both with spirit and with mind; this concretely unites verbal prayer, praise, and inward intention."", ""turn"": 2, ""model"": ""luna"", ""connection_id"": ""BC-7d0d2e7cdfc82ed6ec50""}, {""line"": 27, ""strength"": ""strong"", ""tradition"": ""incil"", ""kind"": ""motif"", ""ref"": ""SBLGNT:1Cor.14.15"", ""basis"": ""praying and singing praise with spirit and mind"", ""note"": ""Paul deliberately pairs prayer and praise in both spirit and mind, providing a close Christian counterpart to the commentary's unified tesbih, remembrance, and prayer with intentional participation."", ""turn"": 1, ""model"": ""terra"", ""connection_id"": ""BC-7a52c745998ee896d47e""}]"
SBLGNT:1Cor.14.16	medium	incil	motif	an audible blessing needs an intelligible Amen	Paul asks how an outsider can say Amen to a blessing if he does not know what was said; this makes the public, voiced character of liturgical prayer explicit.	sec11	"[{""line"": 81, ""strength"": ""medium"", ""tradition"": ""incil"", ""kind"": ""motif"", ""ref"": ""SBLGNT:1Cor.14.16"", ""basis"": ""an audible blessing needs an intelligible Amen"", ""note"": ""Paul asks how an outsider can say Amen to a blessing if he does not know what was said; this makes the public, voiced character of liturgical prayer explicit."", ""turn"": 2, ""model"": ""luna"", ""connection_id"": ""BC-a850696198ddd90856f4""}]"
SBLGNT:1Cor.14.25	strong	incil	motif	secrets of the heart; falling face-down; worship and confession	When hidden heart-secrets are disclosed, the hearer falls on his face, worships God, and declares God truly present. This unusually combines the commentary's hidden/open axis, prostration, and voiced God-remembrance.	sec11	"[{""line"": 77, ""strength"": ""strong"", ""tradition"": ""incil"", ""kind"": ""motif"", ""ref"": ""SBLGNT:1Cor.14.25"", ""basis"": ""secrets of the heart; falling face-down; worship and confession"", ""note"": ""When hidden heart-secrets are disclosed, the hearer falls on his face, worships God, and declares God truly present. This unusually combines the commentary's hidden/open axis, prostration, and voiced God-remembrance."", ""turn"": 2, ""model"": ""terra"", ""connection_id"": ""BC-027588cae36301391c10""}]"
SBLGNT:1John.1.9	medium	incil	motif	confession, forgiveness, cleansing	God forgives and cleanses those who confess; it provides a specific Christian pairing of spoken penitential address and divine purification relevant to the commentary's 14–15 relation.	sec11	"[{""line"": 51, ""strength"": ""medium"", ""tradition"": ""incil"", ""kind"": ""motif"", ""ref"": ""SBLGNT:1John.1.9"", ""basis"": ""confession, forgiveness, cleansing"", ""note"": ""God forgives and cleanses those who confess; it provides a specific Christian pairing of spoken penitential address and divine purification relevant to the commentary's 14–15 relation."", ""turn"": 1, ""model"": ""terra"", ""connection_id"": ""BC-4eec2e45cc973b5ff897""}]"
SBLGNT:1Thess.5.17	medium	incil	motif	unceasing prayer	Paul's short command to pray continually makes devotion an ongoing practice, alongside the commentary's recurring remembrance. | The command to pray without ceasing provides a Christian analogue to the commentary's repeated, abundant tesbih and remembrance, although it does not prescribe the same ritual form.	sec11	"[{""line"": 85, ""strength"": ""medium"", ""tradition"": ""incil"", ""kind"": ""motif"", ""ref"": ""SBLGNT:1Thess.5.17"", ""basis"": ""unceasing prayer"", ""note"": ""Paul's short command to pray continually makes devotion an ongoing practice, alongside the commentary's recurring remembrance."", ""turn"": 2, ""model"": ""luna"", ""connection_id"": ""BC-afba0c2e922cfbd7845a""}, {""line"": 49, ""strength"": ""medium"", ""tradition"": ""incil"", ""kind"": ""motif"", ""ref"": ""SBLGNT:1Thess.5.17"", ""basis"": ""unceasing prayer"", ""note"": ""The command to pray without ceasing provides a Christian analogue to the commentary's repeated, abundant tesbih and remembrance, although it does not prescribe the same ritual form."", ""turn"": 1, ""model"": ""terra"", ""connection_id"": ""BC-29f6a419b91f4ac9dddd""}]"
SBLGNT:1Thess.5.18	medium	incil	motif	thanksgiving in every circumstance	The next command is to give thanks in everything; this makes thanksgiving an explicit companion to continual prayer.	sec11	"[{""line"": 86, ""strength"": ""medium"", ""tradition"": ""incil"", ""kind"": ""motif"", ""ref"": ""SBLGNT:1Thess.5.18"", ""basis"": ""thanksgiving in every circumstance"", ""note"": ""The next command is to give thanks in everything; this makes thanksgiving an explicit companion to continual prayer."", ""turn"": 2, ""model"": ""luna"", ""connection_id"": ""BC-74d7a6e7418bcc58324a""}]"
SBLGNT:1Tim.2.1	strong	incil	motif	supplications, prayers, intercessions, thanksgivings	The verse deliberately lists supplications, prayers, intercessions, and thanksgivings. It supplies a close Christian comparison to the commentary's semantic expansion of salat and dhikr into du'a, praise, and thanks.	sec11	"[{""line"": 80, ""strength"": ""strong"", ""tradition"": ""incil"", ""kind"": ""motif"", ""ref"": ""SBLGNT:1Tim.2.1"", ""basis"": ""supplications, prayers, intercessions, thanksgivings"", ""note"": ""The verse deliberately lists supplications, prayers, intercessions, and thanksgivings. It supplies a close Christian comparison to the commentary's semantic expansion of salat and dhikr into du'a, praise, and thanks."", ""turn"": 2, ""model"": ""terra"", ""connection_id"": ""BC-37a07015871100dbb5f6""}]"
SBLGNT:1Tim.2.8	strong	incil	motif	holy hands lifted in prayer | prayer everywhere; lifted holy hands; moral restraint	Paul directs men to pray everywhere, lifting holy hands; this is a specific posture for the bodily prayer described in the commentary. | The instruction to pray everywhere with lifted holy hands is joined to rejection of anger and disputing. It connects the commentary's bodily prayer with its ethical claim that prayer opposes wrongdoing.	sec11	"[{""line"": 42, ""strength"": ""medium"", ""tradition"": ""incil"", ""kind"": ""motif"", ""ref"": ""SBLGNT:1Tim.2.8"", ""basis"": ""holy hands lifted in prayer"", ""note"": ""Paul directs men to pray everywhere, lifting holy hands; this is a specific posture for the bodily prayer described in the commentary."", ""turn"": 1, ""model"": ""luna"", ""connection_id"": ""BC-39e5460e5d7488e41f4a""}, {""line"": 81, ""strength"": ""strong"", ""tradition"": ""incil"", ""kind"": ""motif"", ""ref"": ""SBLGNT:1Tim.2.8"", ""basis"": ""prayer everywhere; lifted holy hands; moral restraint"", ""note"": ""The instruction to pray everywhere with lifted holy hands is joined to rejection of anger and disputing. It connects the commentary's bodily prayer with its ethical claim that prayer opposes wrongdoing."", ""turn"": 2, ""model"": ""terra"", ""connection_id"": ""BC-72374478570b7fd446bd""}]"
SBLGNT:Acts.10.4	strong	incil	motif	prayers and alms as a memorial before God	Cornelius's prayers and alms ascend as a memorial before God. The passage gives a striking New Testament link between remembrance, prayer, and obedient action, matching the commentary's broad account of dhikr.	sec11	"[{""line"": 75, ""strength"": ""strong"", ""tradition"": ""incil"", ""kind"": ""motif"", ""ref"": ""SBLGNT:Acts.10.4"", ""basis"": ""prayers and alms as a memorial before God"", ""note"": ""Cornelius's prayers and alms ascend as a memorial before God. The passage gives a striking New Testament link between remembrance, prayer, and obedient action, matching the commentary's broad account of dhikr."", ""turn"": 2, ""model"": ""terra"", ""connection_id"": ""BC-81d1630e259c342c1637""}]"
SBLGNT:Acts.16.25	strong	incil	motif	prayer joined to hymn-singing | praying and hymn-singing heard by others	At midnight Paul and Silas are praying and singing hymns to God; this concretely treats supplication and praise as one devotional act. | Paul and Silas pray and sing hymns at midnight, with prisoners listening; this is a specific scene of the vocal, audible devotional practice developed from jahr in the commentary.	sec11	"[{""line"": 35, ""strength"": ""strong"", ""tradition"": ""incil"", ""kind"": ""motif"", ""ref"": ""SBLGNT:Acts.16.25"", ""basis"": ""prayer joined to hymn-singing"", ""note"": ""At midnight Paul and Silas are praying and singing hymns to God; this concretely treats supplication and praise as one devotional act."", ""turn"": 1, ""model"": ""luna"", ""connection_id"": ""BC-71254b806f32fa007128""}, {""line"": 29, ""strength"": ""strong"", ""tradition"": ""incil"", ""kind"": ""motif"", ""ref"": ""SBLGNT:Acts.16.25"", ""basis"": ""praying and hymn-singing heard by others"", ""note"": ""Paul and Silas pray and sing hymns at midnight, with prisoners listening; this is a specific scene of the vocal, audible devotional practice developed from jahr in the commentary."", ""turn"": 1, ""model"": ""terra"", ""connection_id"": ""BC-cf42d0ab69fe64261669""}]"
SBLGNT:Acts.2.21	medium	incil	motif	calling on the Lord's name	The verse promises salvation to everyone who calls on the Lord's name; this treats invocation of the name as an act of devotion, as in 87:15.	sec11	"[{""line"": 43, ""strength"": ""medium"", ""tradition"": ""incil"", ""kind"": ""motif"", ""ref"": ""SBLGNT:Acts.2.21"", ""basis"": ""calling on the Lord's name"", ""note"": ""The verse promises salvation to everyone who calls on the Lord's name; this treats invocation of the name as an act of devotion, as in 87:15."", ""turn"": 1, ""model"": ""luna"", ""connection_id"": ""BC-d9750eee99d59f0db988""}]"
SBLGNT:Acts.2.42	strong	incil	motif	teaching and prayers in the community	The first believers devote themselves to apostolic teaching and to prayers; this places recitation/admonition and prayer in the same communal practice.	sec11	"[{""line"": 79, ""strength"": ""strong"", ""tradition"": ""incil"", ""kind"": ""motif"", ""ref"": ""SBLGNT:Acts.2.42"", ""basis"": ""teaching and prayers in the community"", ""note"": ""The first believers devote themselves to apostolic teaching and to prayers; this places recitation/admonition and prayer in the same communal practice."", ""turn"": 2, ""model"": ""luna"", ""connection_id"": ""BC-dfba85ec2d02b4444c09""}]"
SBLGNT:Acts.22.16	strong	incil	motif	washing away sins while calling on the Name	Paul is told to be washed from sins while calling on the Lord's name. It specifically joins name-invocation to cleansing, a close Christian meeting of the commentary's remembrance and divine purification relation.	sec11	"[{""line"": 76, ""strength"": ""strong"", ""tradition"": ""incil"", ""kind"": ""motif"", ""ref"": ""SBLGNT:Acts.22.16"", ""basis"": ""washing away sins while calling on the Name"", ""note"": ""Paul is told to be washed from sins while calling on the Lord's name. It specifically joins name-invocation to cleansing, a close Christian meeting of the commentary's remembrance and divine purification relation."", ""turn"": 2, ""model"": ""terra"", ""connection_id"": ""BC-900274f514344b0a81d2""}]"
SBLGNT:Acts.3.1	medium	incil	motif	the ninth-hour time of prayer	Peter and John go up together to the temple at the appointed hour of prayer. The scene offers a specific communal, timed counterpart to the commentary's recurring prayer and praise.	sec11	"[{""line"": 46, ""strength"": ""medium"", ""tradition"": ""incil"", ""kind"": ""motif"", ""ref"": ""SBLGNT:Acts.3.1"", ""basis"": ""the ninth-hour time of prayer"", ""note"": ""Peter and John go up together to the temple at the appointed hour of prayer. The scene offers a specific communal, timed counterpart to the commentary's recurring prayer and praise."", ""turn"": 1, ""model"": ""terra"", ""connection_id"": ""BC-0fe1f334cf3d67e25170""}]"
SBLGNT:Acts.7.59	strong	incil	motif	calling on Jesus by name	Stephen calls on the Lord Jesus as he entrusts his spirit to him; this is a specific invocation of the Lord's name within prayer.	sec11	"[{""line"": 77, ""strength"": ""strong"", ""tradition"": ""incil"", ""kind"": ""motif"", ""ref"": ""SBLGNT:Acts.7.59"", ""basis"": ""calling on Jesus by name"", ""note"": ""Stephen calls on the Lord Jesus as he entrusts his spirit to him; this is a specific invocation of the Lord's name within prayer."", ""turn"": 2, ""model"": ""luna"", ""connection_id"": ""BC-71994da0d55cafd1e26e""}]"
SBLGNT:Acts.7.60	strong	incil	motif	kneeling and crying loudly in prayer	Stephen kneels and cries with a loud voice for his killers' forgiveness; this joins bodily posture, audible prayer, and supplication.	sec11	"[{""line"": 78, ""strength"": ""strong"", ""tradition"": ""incil"", ""kind"": ""motif"", ""ref"": ""SBLGNT:Acts.7.60"", ""basis"": ""kneeling and crying loudly in prayer"", ""note"": ""Stephen kneels and cries with a loud voice for his killers' forgiveness; this joins bodily posture, audible prayer, and supplication."", ""turn"": 2, ""model"": ""luna"", ""connection_id"": ""BC-2f662ae377d84d9f53bd""}]"
SBLGNT:Col.3.16	strong	incil	motif	word, teaching, song, and gratitude | word dwelling, teaching and admonition, psalms and gratitude	Christ's word is to dwell richly as believers teach and admonish one another through psalms and hymns, singing with gratitude; this closely matches the commentary's sequence of recitation, reminder, and prayer. | The verse puts instruction and admonition together with psalms, hymns, spiritual songs, and gratitude; it closely resembles the commentary's intervening recitation, reminder, and worship as one practice.	sec11	"[{""line"": 41, ""strength"": ""medium"", ""tradition"": ""incil"", ""kind"": ""motif"", ""ref"": ""SBLGNT:Col.3.16"", ""basis"": ""word, teaching, song, and gratitude"", ""note"": ""Christ's word is to dwell richly as believers teach and admonish one another through psalms and hymns, singing with gratitude; this closely matches the commentary's sequence of recitation, reminder, and prayer."", ""turn"": 1, ""model"": ""luna"", ""connection_id"": ""BC-16f8be3bf109e3a308a3""}, {""line"": 30, ""strength"": ""strong"", ""tradition"": ""incil"", ""kind"": ""motif"", ""ref"": ""SBLGNT:Col.3.16"", ""basis"": ""word dwelling, teaching and admonition, psalms and gratitude"", ""note"": ""The verse puts instruction and admonition together with psalms, hymns, spiritual songs, and gratitude; it closely resembles the commentary's intervening recitation, reminder, and worship as one practice."", ""turn"": 1, ""model"": ""terra"", ""connection_id"": ""BC-a37e0435edae2823539f""}]"
SBLGNT:Col.3.17	strong	incil	motif	word and deed in the Name; thanksgiving	Whatever is done in word or deed is to be done in the Lord's name with thanks. This directly mirrors the commentary's integration of utterance, deed, Name, and gratitude under worship.	sec11	"[{""line"": 79, ""strength"": ""strong"", ""tradition"": ""incil"", ""kind"": ""motif"", ""ref"": ""SBLGNT:Col.3.17"", ""basis"": ""word and deed in the Name; thanksgiving"", ""note"": ""Whatever is done in word or deed is to be done in the Lord's name with thanks. This directly mirrors the commentary's integration of utterance, deed, Name, and gratitude under worship."", ""turn"": 2, ""model"": ""terra"", ""connection_id"": ""BC-828394334708e02ada68""}]"
SBLGNT:Col.4.2	medium	incil	motif	prayer watchfulness with thanksgiving	The community is told to persist in prayer, watchful with thanksgiving; this is a specific pairing of supplication and praise.	sec11	"[{""line"": 83, ""strength"": ""medium"", ""tradition"": ""incil"", ""kind"": ""motif"", ""ref"": ""SBLGNT:Col.4.2"", ""basis"": ""prayer watchfulness with thanksgiving"", ""note"": ""The community is told to persist in prayer, watchful with thanksgiving; this is a specific pairing of supplication and praise."", ""turn"": 2, ""model"": ""luna"", ""connection_id"": ""BC-0e4e1ab6b1295858d20f""}]"
SBLGNT:Eph.5.19	medium	incil	motif	psalms, hymns, and singing | psalms and hymns spoken and sung in the heart	The community is told to speak to one another in psalms and hymns and sing to the Lord; this shows verbal recitation and song as shared worship. | The exhortation joins speaking psalms and hymns with singing in the heart to the Lord; it reflects the commentary's double focus on vocal remembrance and inward devotion.	sec11	"[{""line"": 39, ""strength"": ""medium"", ""tradition"": ""incil"", ""kind"": ""motif"", ""ref"": ""SBLGNT:Eph.5.19"", ""basis"": ""psalms, hymns, and singing"", ""note"": ""The community is told to speak to one another in psalms and hymns and sing to the Lord; this shows verbal recitation and song as shared worship."", ""turn"": 1, ""model"": ""luna"", ""connection_id"": ""BC-0c8c6d1f72a024f06b59""}, {""line"": 48, ""strength"": ""medium"", ""tradition"": ""incil"", ""kind"": ""motif"", ""ref"": ""SBLGNT:Eph.5.19"", ""basis"": ""psalms and hymns spoken and sung in the heart"", ""note"": ""The exhortation joins speaking psalms and hymns with singing in the heart to the Lord; it reflects the commentary's double focus on vocal remembrance and inward devotion."", ""turn"": 1, ""model"": ""terra"", ""connection_id"": ""BC-32de1da7ed096f4cd44c""}]"
SBLGNT:Eph.5.20	medium	incil	motif	thanks in Jesus' name	The next verse calls for continual thanks to God the Father in Jesus' name; this connects praise and remembrance with prayerful gratitude.	sec11	"[{""line"": 40, ""strength"": ""medium"", ""tradition"": ""incil"", ""kind"": ""motif"", ""ref"": ""SBLGNT:Eph.5.20"", ""basis"": ""thanks in Jesus' name"", ""note"": ""The next verse calls for continual thanks to God the Father in Jesus' name; this connects praise and remembrance with prayerful gratitude."", ""turn"": 1, ""model"": ""luna"", ""connection_id"": ""BC-cc55f3b846d98e270cf4""}]"
SBLGNT:Heb.10.22	medium	incil	motif	drawing near; hearts sprinkled clean; bodies washed	Hebrews couples approach to God with a true heart and imagery of cleansed hearts and washed bodies. It provides a Christian purification-and-worship analogue to the commentary's 87:14–15 association.	sec11	"[{""line"": 82, ""strength"": ""medium"", ""tradition"": ""incil"", ""kind"": ""motif"", ""ref"": ""SBLGNT:Heb.10.22"", ""basis"": ""drawing near; hearts sprinkled clean; bodies washed"", ""note"": ""Hebrews couples approach to God with a true heart and imagery of cleansed hearts and washed bodies. It provides a Christian purification-and-worship analogue to the commentary's 87:14–15 association."", ""turn"": 2, ""model"": ""terra"", ""connection_id"": ""BC-436fe931da86af05a6d8""}]"
SBLGNT:Heb.13.15	strong	incil	motif	praise from lips confessing the name | sacrifice of praise; fruit of lips confessing the Name	The passage calls praise a sacrifice offered to God, the fruit of lips confessing his name; this directly joins verbal praise, the divine name, and worship. | Hebrews calls continual praise the fruit of lips that confess God's name; it closely matches the commentary's dhikr as the Name on the tongue and tesbih as worship.	sec11	"[{""line"": 36, ""strength"": ""strong"", ""tradition"": ""incil"", ""kind"": ""motif"", ""ref"": ""SBLGNT:Heb.13.15"", ""basis"": ""praise from lips confessing the name"", ""note"": ""The passage calls praise a sacrifice offered to God, the fruit of lips confessing his name; this directly joins verbal praise, the divine name, and worship."", ""turn"": 1, ""model"": ""luna"", ""connection_id"": ""BC-c1f9d3e58a3b1a099ec0""}, {""line"": 26, ""strength"": ""strong"", ""tradition"": ""incil"", ""kind"": ""motif"", ""ref"": ""SBLGNT:Heb.13.15"", ""basis"": ""sacrifice of praise; fruit of lips confessing the Name"", ""note"": ""Hebrews calls continual praise the fruit of lips that confess God's name; it closely matches the commentary's dhikr as the Name on the tongue and tesbih as worship."", ""turn"": 1, ""model"": ""terra"", ""connection_id"": ""BC-4e62b8d4527de377702d""}]"
SBLGNT:Heb.13.16	medium	incil	motif	doing good and sharing as sacrifices pleasing to God	This verse calls concrete beneficence and sharing sacrifices pleasing to God. It extends the commentary's word-action-intention account of worship to an explicitly ethical Christian practice.	sec11	"[{""line"": 50, ""strength"": ""medium"", ""tradition"": ""incil"", ""kind"": ""motif"", ""ref"": ""SBLGNT:Heb.13.16"", ""basis"": ""doing good and sharing as sacrifices pleasing to God"", ""note"": ""This verse calls concrete beneficence and sharing sacrifices pleasing to God. It extends the commentary's word-action-intention account of worship to an explicitly ethical Christian practice."", ""turn"": 1, ""model"": ""terra"", ""connection_id"": ""BC-cbc149ebcce22b2a5609""}]"
SBLGNT:Jas.5.13	medium	incil	motif	prayer in suffering, praise in joy	James directs the suffering person to pray and the cheerful person to sing praise; this shows prayer and praise as closely related responses within lived practice.	sec11	"[{""line"": 84, ""strength"": ""medium"", ""tradition"": ""incil"", ""kind"": ""motif"", ""ref"": ""SBLGNT:Jas.5.13"", ""basis"": ""prayer in suffering, praise in joy"", ""note"": ""James directs the suffering person to pray and the cheerful person to sing praise; this shows prayer and praise as closely related responses within lived practice."", ""raw_ref"": ""SBLGNT:James.5.13"", ""reference_resolution"": ""edition-book-names-v2"", ""turn"": 2, ""model"": ""luna"", ""connection_id"": ""BC-c17c51993a8df3fd4625""}]"
SBLGNT:John.11.41	strong	incil	motif	Jesus thanks the Father aloud	Before raising Lazarus, Jesus looks upward and thanks the Father; this is audible prayer in a public scene.	sec11	"[{""line"": 75, ""strength"": ""strong"", ""tradition"": ""incil"", ""kind"": ""motif"", ""ref"": ""SBLGNT:John.11.41"", ""basis"": ""Jesus thanks the Father aloud"", ""note"": ""Before raising Lazarus, Jesus looks upward and thanks the Father; this is audible prayer in a public scene."", ""turn"": 2, ""model"": ""luna"", ""connection_id"": ""BC-e7ffb486b87088341479""}]"
SBLGNT:John.11.42	medium	incil	motif	public prayer spoken for hearers	Jesus explains that he spoke for the surrounding crowd to believe; this qualifies the warning against performative prayer by showing an aloud prayer directed to others' understanding.	sec11	"[{""line"": 76, ""strength"": ""medium"", ""tradition"": ""incil"", ""kind"": ""motif"", ""ref"": ""SBLGNT:John.11.42"", ""basis"": ""public prayer spoken for hearers"", ""note"": ""Jesus explains that he spoke for the surrounding crowd to believe; this qualifies the warning against performative prayer by showing an aloud prayer directed to others' understanding."", ""turn"": 2, ""model"": ""luna"", ""connection_id"": ""BC-3ef4ea40fff3fbe585bf""}]"
SBLGNT:John.4.23	medium	incil	motif	worship in spirit and truth	Jesus identifies true worship with spirit and truth. It gives an interpretive complement to the commentary's refusal to reduce worship to bodily movement or spoken formula, while retaining worship as an enacted practice.	sec11	"[{""line"": 47, ""strength"": ""medium"", ""tradition"": ""incil"", ""kind"": ""motif"", ""ref"": ""SBLGNT:John.4.23"", ""basis"": ""worship in spirit and truth"", ""note"": ""Jesus identifies true worship with spirit and truth. It gives an interpretive complement to the commentary's refusal to reduce worship to bodily movement or spoken formula, while retaining worship as an enacted practice."", ""turn"": 1, ""model"": ""terra"", ""connection_id"": ""BC-9aa9d1ca91f4f7025acb""}]"
SBLGNT:Luke.1.10	strong	incil	motif	the people praying at the hour of incense	The whole assembled multitude prays outside during the incense hour. It offers a precise communal and timed liturgical counterpart to the commentary's formal prayer practice.	sec11	"[{""line"": 73, ""strength"": ""strong"", ""tradition"": ""incil"", ""kind"": ""motif"", ""ref"": ""SBLGNT:Luke.1.10"", ""basis"": ""the people praying at the hour of incense"", ""note"": ""The whole assembled multitude prays outside during the incense hour. It offers a precise communal and timed liturgical counterpart to the commentary's formal prayer practice."", ""turn"": 2, ""model"": ""terra"", ""connection_id"": ""BC-8e6d090d1e4d0505d0d5""}]"
SBLGNT:Luke.1.64	strong	incil	motif	released tongue blesses God	When Zechariah's mouth opens and his tongue is freed, he speaks blessing to God; this gives a concrete scene of the tongue becoming an instrument of praise.	sec11	"[{""line"": 73, ""strength"": ""strong"", ""tradition"": ""incil"", ""kind"": ""motif"", ""ref"": ""SBLGNT:Luke.1.64"", ""basis"": ""released tongue blesses God"", ""note"": ""When Zechariah's mouth opens and his tongue is freed, he speaks blessing to God; this gives a concrete scene of the tongue becoming an instrument of praise."", ""turn"": 2, ""model"": ""luna"", ""connection_id"": ""BC-13395f978bbc2ac6afe8""}]"
SBLGNT:Luke.18.11	medium	incil	motif	self-exalting prayer as a failure	The Pharisee thanks God while boasting of his own righteousness; this gives a specific case where prayer's words do not express the inward devotion emphasized by the commentary.	sec11	"[{""line"": 92, ""strength"": ""medium"", ""tradition"": ""incil"", ""kind"": ""motif"", ""ref"": ""SBLGNT:Luke.18.11"", ""basis"": ""self-exalting prayer as a failure"", ""note"": ""The Pharisee thanks God while boasting of his own righteousness; this gives a specific case where prayer's words do not express the inward devotion emphasized by the commentary."", ""turn"": 2, ""model"": ""luna"", ""connection_id"": ""BC-7c15691e08de332bb14d""}]"
SBLGNT:Luke.18.13	strong	incil	motif	humble bodily supplication | bodily humility and a plea for mercy	The tax collector stands at a distance, will not lift his eyes, beats his breast, and asks God for mercy; this joins bodily posture and prayer with inward humility. | The tax collector stands at a distance, lowers his eyes, beats his breast, and asks God for mercy; it supplies a concrete Christian scene in which bodily prayer and du'a-like petition are inseparable.	sec11	"[{""line"": 93, ""strength"": ""medium"", ""tradition"": ""incil"", ""kind"": ""motif"", ""ref"": ""SBLGNT:Luke.18.13"", ""basis"": ""humble bodily supplication"", ""note"": ""The tax collector stands at a distance, will not lift his eyes, beats his breast, and asks God for mercy; this joins bodily posture and prayer with inward humility."", ""turn"": 2, ""model"": ""luna"", ""connection_id"": ""BC-f3e3acfe6af31d4a17e8""}, {""line"": 33, ""strength"": ""strong"", ""tradition"": ""incil"", ""kind"": ""motif"", ""ref"": ""SBLGNT:Luke.18.13"", ""basis"": ""bodily humility and a plea for mercy"", ""note"": ""The tax collector stands at a distance, lowers his eyes, beats his breast, and asks God for mercy; it supplies a concrete Christian scene in which bodily prayer and du'a-like petition are inseparable."", ""turn"": 1, ""model"": ""terra"", ""connection_id"": ""BC-0ede24f88836fa1a7466""}]"
SBLGNT:Luke.18.14	medium	incil	motif	prayerful humility and acceptance	Jesus says the tax collector, rather than the Pharisee, goes home justified; this makes the quality of the person praying matter, like the commentary's distinction between successful devotion and negligent prayer.	sec11	"[{""line"": 94, ""strength"": ""medium"", ""tradition"": ""incil"", ""kind"": ""motif"", ""ref"": ""SBLGNT:Luke.18.14"", ""basis"": ""prayerful humility and acceptance"", ""note"": ""Jesus says the tax collector, rather than the Pharisee, goes home justified; this makes the quality of the person praying matter, like the commentary's distinction between successful devotion and negligent prayer."", ""turn"": 2, ""model"": ""luna"", ""connection_id"": ""BC-ea9e06a0e71099dfcfce""}]"
SBLGNT:Luke.2.37	strong	incil	motif	night-and-day service with fasting and prayers	Anna serves God night and day through fasting and prayers. Her recurring discipline meets the commentary's abundant remembrance and continuing worship without reducing it to one isolated prayer.	sec11	"[{""line"": 74, ""strength"": ""strong"", ""tradition"": ""incil"", ""kind"": ""motif"", ""ref"": ""SBLGNT:Luke.2.37"", ""basis"": ""night-and-day service with fasting and prayers"", ""note"": ""Anna serves God night and day through fasting and prayers. Her recurring discipline meets the commentary's abundant remembrance and continuing worship without reducing it to one isolated prayer."", ""turn"": 2, ""model"": ""terra"", ""connection_id"": ""BC-ceff870a2210107e8280""}]"
SBLGNT:Luke.22.41	strong	incil	motif	kneeling to pray	Jesus kneels on the Mount of Olives and prays; this is a direct bodily instance of the prayer movement described in the commentary.	sec11	"[{""line"": 34, ""strength"": ""strong"", ""tradition"": ""incil"", ""kind"": ""motif"", ""ref"": ""SBLGNT:Luke.22.41"", ""basis"": ""kneeling to pray"", ""note"": ""Jesus kneels on the Mount of Olives and prays; this is a direct bodily instance of the prayer movement described in the commentary."", ""turn"": 1, ""model"": ""luna"", ""connection_id"": ""BC-9607b1160e0bc7d5b63e""}]"
SBLGNT:Luke.5.16	strong	incil	motif	withdrawal for prayer	Jesus repeatedly withdraws to deserted places to pray; this is a specific secluded form of the prayer whose hidden dimension God knows in 87:7.	sec11	"[{""line"": 74, ""strength"": ""strong"", ""tradition"": ""incil"", ""kind"": ""motif"", ""ref"": ""SBLGNT:Luke.5.16"", ""basis"": ""withdrawal for prayer"", ""note"": ""Jesus repeatedly withdraws to deserted places to pray; this is a specific secluded form of the prayer whose hidden dimension God knows in 87:7."", ""turn"": 2, ""model"": ""luna"", ""connection_id"": ""BC-7c5605bdba189d8a466e""}]"
SBLGNT:Mark.1.35	strong	incil	motif	prayer before dawn	Jesus rises while it is still dark and prays in a solitary place. This is a specific Christian scene for the commentary's praise and prayer before the sun's rising.	sec11	"[{""line"": 72, ""strength"": ""strong"", ""tradition"": ""incil"", ""kind"": ""motif"", ""ref"": ""SBLGNT:Mark.1.35"", ""basis"": ""prayer before dawn"", ""note"": ""Jesus rises while it is still dark and prays in a solitary place. This is a specific Christian scene for the commentary's praise and prayer before the sun's rising."", ""turn"": 2, ""model"": ""terra"", ""connection_id"": ""BC-50e625f83a7a20a4b551""}]"
SBLGNT:Mark.7.6	strong	incil	motif	Jesus applies Isaiah to lip-service	Jesus quotes Isaiah's lips-honor/heart-distant charge against people who worship in vain; this Christian reading makes inward intention a test of outward religious practice.	sec11	"[{""line"": 72, ""strength"": ""strong"", ""tradition"": ""incil"", ""kind"": ""motif"", ""ref"": ""SBLGNT:Mark.7.6"", ""basis"": ""Jesus applies Isaiah to lip-service"", ""note"": ""Jesus quotes Isaiah's lips-honor/heart-distant charge against people who worship in vain; this Christian reading makes inward intention a test of outward religious practice."", ""turn"": 2, ""model"": ""luna"", ""connection_id"": ""BC-218e91366185c8ecf37e""}]"
SBLGNT:Matt.15.8	strong	incil	yorum_gelenegi	lips honoring God; heart distant	Jesus applies Isaiah's lips-and-heart critique to a dispute about worship and tradition. It provides a Christian interpretive development of the commentary's contrast between tongue-level mention and wholehearted, attentive worship.	sec11	"[{""line"": 36, ""strength"": ""strong"", ""tradition"": ""incil"", ""kind"": ""yorum_gelenegi"", ""ref"": ""SBLGNT:Matt.15.8"", ""basis"": ""lips honoring God; heart distant"", ""note"": ""Jesus applies Isaiah's lips-and-heart critique to a dispute about worship and tradition. It provides a Christian interpretive development of the commentary's contrast between tongue-level mention and wholehearted, attentive worship."", ""turn"": 1, ""model"": ""terra"", ""connection_id"": ""BC-6b1723045e0e6e39fb12""}]"
SBLGNT:Matt.15.9	strong	incil	yorum_gelenegi	vain worship through human teaching	The continuation of Jesus' Isaiah citation calls worship vain when it teaches merely human precepts. It gives the explicit Christian continuation needed for the commentary's concern with heedless or merely external worship.	sec11	"[{""line"": 71, ""strength"": ""strong"", ""tradition"": ""incil"", ""kind"": ""yorum_gelenegi"", ""ref"": ""SBLGNT:Matt.15.9"", ""basis"": ""vain worship through human teaching"", ""note"": ""The continuation of Jesus' Isaiah citation calls worship vain when it teaches merely human precepts. It gives the explicit Christian continuation needed for the commentary's concern with heedless or merely external worship."", ""turn"": 2, ""model"": ""terra"", ""connection_id"": ""BC-9f7271136f42296faedc""}]"
SBLGNT:Matt.26.39	strong	incil	motif	falling on the face and praying	Jesus falls on his face and prays in Gethsemane, an explicit conjunction of prostrating posture and supplication comparable to the prayer movements named in the commentary.	sec11	"[{""line"": 32, ""strength"": ""strong"", ""tradition"": ""incil"", ""kind"": ""motif"", ""ref"": ""SBLGNT:Matt.26.39"", ""basis"": ""falling on the face and praying"", ""note"": ""Jesus falls on his face and prays in Gethsemane, an explicit conjunction of prostrating posture and supplication comparable to the prayer movements named in the commentary."", ""turn"": 1, ""model"": ""terra"", ""connection_id"": ""BC-2d346649eb1523439efa""}]"
SBLGNT:Matt.6.5	strong	incil	motif	public prayer for display | public prayer performed to be seen	Jesus warns against praying at street corners to be seen by people; this supplies a concrete public-prayer case for 87:7's distinction between the voiced and hidden. | Jesus criticizes prayer offered for public display. In conjunction with the commentary's treatment of jahr as audible prayer, it makes intention rather than volume the relevant ethical distinction.	sec11	"[{""line"": 32, ""strength"": ""strong"", ""tradition"": ""incil"", ""kind"": ""motif"", ""ref"": ""SBLGNT:Matt.6.5"", ""basis"": ""public prayer for display"", ""note"": ""Jesus warns against praying at street corners to be seen by people; this supplies a concrete public-prayer case for 87:7's distinction between the voiced and hidden."", ""turn"": 1, ""model"": ""luna"", ""connection_id"": ""BC-f8817d8319f7c2a4e96b""}, {""line"": 70, ""strength"": ""medium"", ""tradition"": ""incil"", ""kind"": ""motif"", ""ref"": ""SBLGNT:Matt.6.5"", ""basis"": ""public prayer performed to be seen"", ""note"": ""Jesus criticizes prayer offered for public display. In conjunction with the commentary's treatment of jahr as audible prayer, it makes intention rather than volume the relevant ethical distinction."", ""turn"": 2, ""model"": ""terra"", ""connection_id"": ""BC-ba776eb85d85cdc37fcd""}]"
SBLGNT:Matt.6.6	strong	incil	motif	prayer in secret seen by God | prayer in secret; the Father seeing the hidden	Jesus directs the disciple to pray in a closed room, where the Father sees in secret; this complements 87:7's claim that God knows what is concealed. | Jesus directs prayer to the hidden place and grounds it in the Father's seeing what is hidden; this complements 87:7 as read in the commentary, where God knows both vocalized and concealed devotion.	sec11	"[{""line"": 33, ""strength"": ""strong"", ""tradition"": ""incil"", ""kind"": ""motif"", ""ref"": ""SBLGNT:Matt.6.6"", ""basis"": ""prayer in secret seen by God"", ""note"": ""Jesus directs the disciple to pray in a closed room, where the Father sees in secret; this complements 87:7's claim that God knows what is concealed."", ""turn"": 1, ""model"": ""luna"", ""connection_id"": ""BC-01a778c9dec8ef56484b""}, {""line"": 35, ""strength"": ""strong"", ""tradition"": ""incil"", ""kind"": ""motif"", ""ref"": ""SBLGNT:Matt.6.6"", ""basis"": ""prayer in secret; the Father seeing the hidden"", ""note"": ""Jesus directs prayer to the hidden place and grounds it in the Father's seeing what is hidden; this complements 87:7 as read in the commentary, where God knows both vocalized and concealed devotion."", ""turn"": 1, ""model"": ""terra"", ""connection_id"": ""BC-bffe25db88306339872c""}]"
SBLGNT:Matt.6.9	strong	incil	motif	hallowing the Father's name | hallowing the Father's name in prayer	Jesus' prayer begins “hallowed be your name”; this places sanctification of God's name inside the prayer practice that follows. | Jesus' model prayer makes the hallowing of God's name its first petition, directly pairing prayer with the treatment of the divine name central to 87:1 and 87:15.	sec11	"[{""line"": 31, ""strength"": ""strong"", ""tradition"": ""incil"", ""kind"": ""motif"", ""ref"": ""SBLGNT:Matt.6.9"", ""basis"": ""hallowing the Father's name"", ""note"": ""Jesus' prayer begins “hallowed be your name”; this places sanctification of God's name inside the prayer practice that follows."", ""turn"": 1, ""model"": ""luna"", ""connection_id"": ""BC-3f36b85eb581375512a1""}, {""line"": 25, ""strength"": ""strong"", ""tradition"": ""incil"", ""kind"": ""motif"", ""ref"": ""SBLGNT:Matt.6.9"", ""basis"": ""hallowing the Father's name in prayer"", ""note"": ""Jesus' model prayer makes the hallowing of God's name its first petition, directly pairing prayer with the treatment of the divine name central to 87:1 and 87:15."", ""turn"": 1, ""model"": ""terra"", ""connection_id"": ""BC-ad90a0a98e179667e243""}]"
SBLGNT:Phil.2.10	strong	incil	motif	knees bow at Jesus' name | bowing every knee at a name	The hymn says every knee bends at Jesus' name; this joins bodily prostration to the honor of the Lord's name. | In its Christological setting, the verse makes the response to Jesus' name a universal bending of knees; it is a precise Christian meeting of named confession and the bodily prayer emphasized in the commentary.	sec11	"[{""line"": 37, ""strength"": ""strong"", ""tradition"": ""incil"", ""kind"": ""motif"", ""ref"": ""SBLGNT:Phil.2.10"", ""basis"": ""knees bow at Jesus' name"", ""note"": ""The hymn says every knee bends at Jesus' name; this joins bodily prostration to the honor of the Lord's name."", ""turn"": 1, ""model"": ""luna"", ""connection_id"": ""BC-dae50544b4ee20e8b855""}, {""line"": 34, ""strength"": ""strong"", ""tradition"": ""incil"", ""kind"": ""motif"", ""ref"": ""SBLGNT:Phil.2.10"", ""basis"": ""bowing every knee at a name"", ""note"": ""In its Christological setting, the verse makes the response to Jesus' name a universal bending of knees; it is a precise Christian meeting of named confession and the bodily prayer emphasized in the commentary."", ""turn"": 1, ""model"": ""terra"", ""connection_id"": ""BC-8a2fc20dab013066c176""}]"
SBLGNT:Phil.2.11	strong	incil	motif	every tongue confesses the Lord | every tongue confessing to God's glory	The hymn says every tongue confesses Jesus Christ as Lord; this makes spoken confession of the Lord's name a universal act of praise. | The verse completes the preceding knee-bending with every tongue's confession to the glory of God the Father. It gives the verbal side of the name-and-body meeting already present in the commentary.	sec11	"[{""line"": 38, ""strength"": ""strong"", ""tradition"": ""incil"", ""kind"": ""motif"", ""ref"": ""SBLGNT:Phil.2.11"", ""basis"": ""every tongue confesses the Lord"", ""note"": ""The hymn says every tongue confesses Jesus Christ as Lord; this makes spoken confession of the Lord's name a universal act of praise."", ""turn"": 1, ""model"": ""luna"", ""connection_id"": ""BC-3a6e659daa2f6b85fab3""}, {""line"": 78, ""strength"": ""strong"", ""tradition"": ""incil"", ""kind"": ""motif"", ""ref"": ""SBLGNT:Phil.2.11"", ""basis"": ""every tongue confessing to God's glory"", ""note"": ""The verse completes the preceding knee-bending with every tongue's confession to the glory of God the Father. It gives the verbal side of the name-and-body meeting already present in the commentary."", ""turn"": 2, ""model"": ""terra"", ""connection_id"": ""BC-67cdee5e108b5d8ff832""}]"
SBLGNT:Phil.4.6	strong	incil	motif	prayer, supplication, thanksgiving	Paul joins prayer and supplication with thanksgiving in one act of address to God, closely echoing the commentary's salat as du'a and dhikr as praise and thanks.	sec11	"[{""line"": 28, ""strength"": ""strong"", ""tradition"": ""incil"", ""kind"": ""motif"", ""ref"": ""SBLGNT:Phil.4.6"", ""basis"": ""prayer, supplication, thanksgiving"", ""note"": ""Paul joins prayer and supplication with thanksgiving in one act of address to God, closely echoing the commentary's salat as du'a and dhikr as praise and thanks."", ""turn"": 1, ""model"": ""terra"", ""connection_id"": ""BC-0caf09b105db5e28698b""}]"
SBLGNT:Rev.15.4	strong	incil	motif	glorifying the Name and worship by all nations	The hymn asks who would not glorify the Lord's name and says all nations will come and worship. It directly pairs name-glorification with worship in a Christian doxological formula.	sec11	"[{""line"": 84, ""strength"": ""strong"", ""tradition"": ""incil"", ""kind"": ""motif"", ""ref"": ""SBLGNT:Rev.15.4"", ""basis"": ""glorifying the Name and worship by all nations"", ""note"": ""The hymn asks who would not glorify the Lord's name and says all nations will come and worship. It directly pairs name-glorification with worship in a Christian doxological formula."", ""turn"": 2, ""model"": ""terra"", ""connection_id"": ""BC-d0d981a2793ca27d3bec""}]"
SBLGNT:Rev.5.8	strong	incil	motif	incense identified as saints' prayers | falling in worship; harps; bowls identified as prayers	The elders hold incense bowls that are the prayers of the saints; this gives a Christian vision the same concrete prayer-as-incense image as the psalmic prayer tradition. | The elders fall before the Lamb while holding harps and bowls of incense identified as the saints' prayers. This heavenly liturgy joins body, praise music, and prayer in a form especially relevant to the commentary's single devotional practice.	sec11	"[{""line"": 82, ""strength"": ""strong"", ""tradition"": ""incil"", ""kind"": ""motif"", ""ref"": ""SBLGNT:Rev.5.8"", ""basis"": ""incense identified as saints' prayers"", ""note"": ""The elders hold incense bowls that are the prayers of the saints; this gives a Christian vision the same concrete prayer-as-incense image as the psalmic prayer tradition."", ""turn"": 2, ""model"": ""luna"", ""connection_id"": ""BC-8c09aa35558264fc5d55""}, {""line"": 83, ""strength"": ""strong"", ""tradition"": ""incil"", ""kind"": ""motif"", ""ref"": ""SBLGNT:Rev.5.8"", ""basis"": ""falling in worship; harps; bowls identified as prayers"", ""note"": ""The elders fall before the Lamb while holding harps and bowls of incense identified as the saints' prayers. This heavenly liturgy joins body, praise music, and prayer in a form especially relevant to the commentary's single devotional practice."", ""turn"": 2, ""model"": ""terra"", ""connection_id"": ""BC-483265c166b0d10307d8""}]"
SBLGNT:Rom.10.13	strong	incil	motif	calling on the Lord's name and salvation	Paul's citation makes calling on the Lord's name the path to salvation; it gives a specific New Testament meeting with the commentary's sequence of remembering the Name, praying, and flourishing.	sec11	"[{""line"": 37, ""strength"": ""strong"", ""tradition"": ""incil"", ""kind"": ""motif"", ""ref"": ""SBLGNT:Rom.10.13"", ""basis"": ""calling on the Lord's name and salvation"", ""note"": ""Paul's citation makes calling on the Lord's name the path to salvation; it gives a specific New Testament meeting with the commentary's sequence of remembering the Name, praying, and flourishing."", ""turn"": 1, ""model"": ""terra"", ""connection_id"": ""BC-3cdd2fac24b8ee4aa13d""}]"
SBLGNT:Rom.12.1	strong	incil	motif	presenting bodies as living worship	Paul describes offering bodies as a living sacrifice and worship; it gives a direct Christian analogue to the commentary's claim that worship includes bodily action as well as verbal and intentional devotion.	sec11	"[{""line"": 31, ""strength"": ""strong"", ""tradition"": ""incil"", ""kind"": ""motif"", ""ref"": ""SBLGNT:Rom.12.1"", ""basis"": ""presenting bodies as living worship"", ""note"": ""Paul describes offering bodies as a living sacrifice and worship; it gives a direct Christian analogue to the commentary's claim that worship includes bodily action as well as verbal and intentional devotion."", ""turn"": 1, ""model"": ""terra"", ""connection_id"": ""BC-a0365e8fc5445c31c588""}]"
SBLGNT:Rom.8.26	medium	incil	motif	wordless groans in prayer	The Spirit intercedes with groanings too deep for words; this gives a specific hidden, nonverbal dimension to the commentary's contrast between what is voiced and concealed.	sec11	"[{""line"": 44, ""strength"": ""medium"", ""tradition"": ""incil"", ""kind"": ""motif"", ""ref"": ""SBLGNT:Rom.8.26"", ""basis"": ""wordless groans in prayer"", ""note"": ""The Spirit intercedes with groanings too deep for words; this gives a specific hidden, nonverbal dimension to the commentary's contrast between what is voiced and concealed."", ""turn"": 1, ""model"": ""luna"", ""connection_id"": ""BC-a36e3903a2f8e88ed6a6""}]"
SBLGNT:Rom.8.27	medium	incil	motif	God searches hearts	The one who searches hearts knows the Spirit's intention; this makes divine knowledge of what is inward explicit, as in 87:7.	sec11	"[{""line"": 45, ""strength"": ""medium"", ""tradition"": ""incil"", ""kind"": ""motif"", ""ref"": ""SBLGNT:Rom.8.27"", ""basis"": ""God searches hearts"", ""note"": ""The one who searches hearts knows the Spirit's intention; this makes divine knowledge of what is inward explicit, as in 87:7."", ""turn"": 1, ""model"": ""luna"", ""connection_id"": ""BC-850d113ca191ff9b57bb""}]"
1QS 10:1	strong	tevrat	motif	blessing the Name at light and darkness	The Rule of the Community schedules blessing God's name at the turning points of light and darkness, a close sectarian-Jewish analogue to the commentary's praise before sunrise and sunset.	sec11	"[{""line"": 23, ""strength"": ""strong"", ""tradition"": ""tevrat"", ""kind"": ""motif"", ""ref"": ""1QS 10:1"", ""basis"": ""blessing the Name at light and darkness"", ""note"": ""The Rule of the Community schedules blessing God's name at the turning points of light and darkness, a close sectarian-Jewish analogue to the commentary's praise before sunrise and sunset."", ""turn"": 1, ""model"": ""terra"", ""connection_id"": ""BC-101c140a2d24bb700e76""}]"
Berakhot 26b	medium	tevrat	yorum_gelenegi	patriarchal derivation of fixed prayer times	The Talmud derives the three daily prayer services from Abraham, Isaac, and Jacob. Its interpretive fixing of prayer in the day supplies a Jewish liturgical bridge to the commentary's praise at the sun's turning points.	sec11	"[{""line"": 45, ""strength"": ""medium"", ""tradition"": ""tevrat"", ""kind"": ""yorum_gelenegi"", ""ref"": ""Berakhot 26b"", ""basis"": ""patriarchal derivation of fixed prayer times"", ""note"": ""The Talmud derives the three daily prayer services from Abraham, Isaac, and Jacob. Its interpretive fixing of prayer in the day supplies a Jewish liturgical bridge to the commentary's praise at the sun's turning points."", ""turn"": 1, ""model"": ""terra"", ""connection_id"": ""BC-ee5f7d37d23485dc13d8""}]"
Berakhot 31a	strong	tevrat	yorum_gelenegi	Hannah as model of silent prayer | Hannah's moving lips and unraised voice	The Talmud reads Hannah's moving lips and unheard voice as a model for prayer that is articulated yet inaudible; this sharpens the commentary's distinction between vocalized and concealed prayer. | The Talmud reads Hannah's silent, lip-moving prayer as a source for how the Amidah is voiced. That interpretation makes the commentary's audible prayer or recitation and its hidden dimension a concrete liturgical question.	sec11	"[{""line"": 49, ""strength"": ""medium"", ""tradition"": ""tevrat"", ""kind"": ""yorum_gelenegi"", ""ref"": ""Berakhot 31a"", ""basis"": ""Hannah as model of silent prayer"", ""note"": ""The Talmud reads Hannah's moving lips and unheard voice as a model for prayer that is articulated yet inaudible; this sharpens the commentary's distinction between vocalized and concealed prayer."", ""turn"": 1, ""model"": ""luna"", ""connection_id"": ""BC-4a69c648c905d3bb96f6""}, {""line"": 22, ""strength"": ""strong"", ""tradition"": ""tevrat"", ""kind"": ""yorum_gelenegi"", ""ref"": ""Berakhot 31a"", ""basis"": ""Hannah's moving lips and unraised voice"", ""note"": ""The Talmud reads Hannah's silent, lip-moving prayer as a source for how the Amidah is voiced. That interpretation makes the commentary's audible prayer or recitation and its hidden dimension a concrete liturgical question."", ""turn"": 1, ""model"": ""terra"", ""connection_id"": ""BC-411ee08ae573a2b2e938""}]"
Berakhot 3a	medium	tevrat	yorum_gelenegi	Kaddish's sanctification of the great name	The Talmud's synagogue response asks that God's great name be blessed; this rabbinic liturgical formula makes praise of the name a communal prayer.	sec11	"[{""line"": 88, ""strength"": ""medium"", ""tradition"": ""tevrat"", ""kind"": ""yorum_gelenegi"", ""ref"": ""Berakhot 3a"", ""basis"": ""Kaddish's sanctification of the great name"", ""note"": ""The Talmud's synagogue response asks that God's great name be blessed; this rabbinic liturgical formula makes praise of the name a communal prayer."", ""turn"": 2, ""model"": ""luna"", ""connection_id"": ""BC-f4ff1cc94c2c7597b097""}]"
Berakhot 40b	medium	tevrat	yorum_gelenegi	a blessing requires God's Name and kingship	The rule that a blessing without the Name and kingship is no blessing makes formal invocation of the divine Name a defining liturgical act, a useful rabbinic counterpart to 87:1 and 87:15.	sec11	"[{""line"": 68, ""strength"": ""medium"", ""tradition"": ""tevrat"", ""kind"": ""yorum_gelenegi"", ""ref"": ""Berakhot 40b"", ""basis"": ""a blessing requires God's Name and kingship"", ""note"": ""The rule that a blessing without the Name and kingship is no blessing makes formal invocation of the divine Name a defining liturgical act, a useful rabbinic counterpart to 87:1 and 87:15."", ""turn"": 2, ""model"": ""terra"", ""connection_id"": ""BC-211a3e4faac5bb92b2ad""}]"
Kaddish, opening doxology	strong	tevrat	motif	magnifying and sanctifying the great Name	Kaddish begins by asking that God's great name be magnified and sanctified; its congregational formula directly stands beside 87:1's command to glorify the Lord's name.	sec11	"[{""line"": 24, ""strength"": ""strong"", ""tradition"": ""tevrat"", ""kind"": ""motif"", ""ref"": ""Kaddish, opening doxology"", ""basis"": ""magnifying and sanctifying the great Name"", ""note"": ""Kaddish begins by asking that God's great name be magnified and sanctified; its congregational formula directly stands beside 87:1's command to glorify the Lord's name."", ""turn"": 1, ""model"": ""terra"", ""connection_id"": ""BC-364a1d888e774b60f5e4""}]"
Mishnah Berakhot 2:2	medium	tevrat	yorum_gelenegi	Torah reading, Shema, directing the heart	The Mishnah asks whether someone already reading Torah fulfils the Shema when its time comes, and makes the answer turn on directing the heart. It clarifies the commentary's claim that recitation can be remembrance and worship only with intention.	sec11	"[{""line"": 43, ""strength"": ""medium"", ""tradition"": ""tevrat"", ""kind"": ""yorum_gelenegi"", ""ref"": ""Mishnah Berakhot 2:2"", ""basis"": ""Torah reading, Shema, directing the heart"", ""note"": ""The Mishnah asks whether someone already reading Torah fulfils the Shema when its time comes, and makes the answer turn on directing the heart. It clarifies the commentary's claim that recitation can be remembrance and worship only with intention."", ""turn"": 1, ""model"": ""terra"", ""connection_id"": ""BC-63cf00cfcd6632c4fca6""}]"
Mishnah Berakhot 4:1	medium	tevrat	motif	daily prayer times	The Mishnah sets times for morning, afternoon, and evening prayer; this gives a concrete Jewish schedule for repeated prayer as a regular practice.	sec11	"[{""line"": 89, ""strength"": ""medium"", ""tradition"": ""tevrat"", ""kind"": ""motif"", ""ref"": ""Mishnah Berakhot 4:1"", ""basis"": ""daily prayer times"", ""note"": ""The Mishnah sets times for morning, afternoon, and evening prayer; this gives a concrete Jewish schedule for repeated prayer as a regular practice."", ""turn"": 2, ""model"": ""luna"", ""connection_id"": ""BC-9e9988a3d58815527367""}]"
Mishnah Berakhot 4:4	strong	tevrat	yorum_gelenegi	prayer as supplication	Rabbi Eliezer's dictum that a prayer made fixed is not supplication gives a Jewish interpretive counterpart to the commentary's explicit gloss that salat is du'a, while resisting prayer as empty routine.	sec11	"[{""line"": 21, ""strength"": ""strong"", ""tradition"": ""tevrat"", ""kind"": ""yorum_gelenegi"", ""ref"": ""Mishnah Berakhot 4:4"", ""basis"": ""prayer as supplication"", ""note"": ""Rabbi Eliezer's dictum that a prayer made fixed is not supplication gives a Jewish interpretive counterpart to the commentary's explicit gloss that salat is du'a, while resisting prayer as empty routine."", ""turn"": 1, ""model"": ""terra"", ""connection_id"": ""BC-6953bad3f7788f1ff612""}]"
Mishnah Berakhot 5:1	medium	tevrat	motif|yorum_gelenegi	solemn intention before prayer | directing the heart before prayer	The Mishnah says the pious waited before praying so they could direct their hearts to God; this joins inward intention to the bodily act, both included in the commentary's account of worship. | The early pietists pause before prayer in order to direct their hearts to their Father in heaven; this gives a concrete rabbinic practice for the commentary's inclusion of intention within tesbih and salat.	sec11	"[{""line"": 50, ""strength"": ""medium"", ""tradition"": ""tevrat"", ""kind"": ""motif"", ""ref"": ""Mishnah Berakhot 5:1"", ""basis"": ""solemn intention before prayer"", ""note"": ""The Mishnah says the pious waited before praying so they could direct their hearts to God; this joins inward intention to the bodily act, both included in the commentary's account of worship."", ""turn"": 1, ""model"": ""luna"", ""connection_id"": ""BC-2d33e064e6067bc74c09""}, {""line"": 44, ""strength"": ""medium"", ""tradition"": ""tevrat"", ""kind"": ""yorum_gelenegi"", ""ref"": ""Mishnah Berakhot 5:1"", ""basis"": ""directing the heart before prayer"", ""note"": ""The early pietists pause before prayer in order to direct their hearts to their Father in heaven; this gives a concrete rabbinic practice for the commentary's inclusion of intention within tesbih and salat."", ""turn"": 1, ""model"": ""terra"", ""connection_id"": ""BC-6c40c1024eba06869b1a""}]"
Mishnah Tamid 5:1	medium	tevrat	motif	public Torah and Shema recitation in temple liturgy	The daily temple order combines blessings with recitation of Torah passages and the Shema. It gives a concrete Jewish liturgical setting for the commentary's claim that scriptural reading is part of remembrance and worship.	sec11	"[{""line"": 69, ""strength"": ""medium"", ""tradition"": ""tevrat"", ""kind"": ""motif"", ""ref"": ""Mishnah Tamid 5:1"", ""basis"": ""public Torah and Shema recitation in temple liturgy"", ""note"": ""The daily temple order combines blessings with recitation of Torah passages and the Shema. It gives a concrete Jewish liturgical setting for the commentary's claim that scriptural reading is part of remembrance and worship."", ""turn"": 2, ""model"": ""terra"", ""connection_id"": ""BC-2c581e66cfa9a45f16fa""}]"
Mishnah Yoma 3:8	strong	tevrat	motif	explicit Name; kneeling, prostration, blessing	On hearing the explicit Name from the high priest, priests and people kneel, prostrate, fall on their faces, and bless the Name; this rabbinic liturgy tightly combines the Name and the bodily acts named in the commentary.	sec11	"[{""line"": 20, ""strength"": ""strong"", ""tradition"": ""tevrat"", ""kind"": ""motif"", ""ref"": ""Mishnah Yoma 3:8"", ""basis"": ""explicit Name; kneeling, prostration, blessing"", ""note"": ""On hearing the explicit Name from the high priest, priests and people kneel, prostrate, fall on their faces, and bless the Name; this rabbinic liturgy tightly combines the Name and the bodily acts named in the commentary."", ""turn"": 1, ""model"": ""terra"", ""connection_id"": ""BC-469fe190f6ebd20f96ca""}]"
Sirach 39:35	strong	tevrat	motif	whole heart and voice; blessing the Lord's Name	Ben Sira tells hearers to give thanks with all heart and voice and bless the Lord's name. It is an unusually close Jewish synthesis of inward intent, vocal praise, and the Name.	sec11	"[{""line"": 66, ""strength"": ""strong"", ""tradition"": ""tevrat"", ""kind"": ""motif"", ""ref"": ""Sirach 39:35"", ""basis"": ""whole heart and voice; blessing the Lord's Name"", ""note"": ""Ben Sira tells hearers to give thanks with all heart and voice and bless the Lord's name. It is an unusually close Jewish synthesis of inward intent, vocal praise, and the Name."", ""turn"": 2, ""model"": ""terra"", ""connection_id"": ""BC-492e1f557bea649bd80b""}]"
Sirach 50:17	strong	tevrat	motif	falling face-down before God Most High	The assembled people fall on their faces to worship the Almighty, God Most High; it brings together the commentary's epithet, public liturgy, and prostrating body.	sec11	"[{""line"": 19, ""strength"": ""strong"", ""tradition"": ""tevrat"", ""kind"": ""motif"", ""ref"": ""Sirach 50:17"", ""basis"": ""falling face-down before God Most High"", ""note"": ""The assembled people fall on their faces to worship the Almighty, God Most High; it brings together the commentary's epithet, public liturgy, and prostrating body."", ""turn"": 1, ""model"": ""terra"", ""connection_id"": ""BC-a08576d25fc77bf78928""}]"
Ta'anit 2a	strong	tevrat	yorum_gelenegi	service of the heart interpreted as prayer	The Talmud asks what service is performed with the heart and answers, prayer. This interpretation directly illuminates the commentary's claim that worship includes intention as well as its audible and bodily forms.	sec11	"[{""line"": 67, ""strength"": ""strong"", ""tradition"": ""tevrat"", ""kind"": ""yorum_gelenegi"", ""ref"": ""Ta'anit 2a"", ""basis"": ""service of the heart interpreted as prayer"", ""note"": ""The Talmud asks what service is performed with the heart and answers, prayer. This interpretation directly illuminates the commentary's claim that worship includes intention as well as its audible and bodily forms."", ""turn"": 2, ""model"": ""terra"", ""connection_id"": ""BC-f53f1fca0653eedfb3fa""}]"
Tobit 12:6	medium	tevrat	motif	thanksgiving made known to the living	Raphael tells Tobit and Tobias to bless God and make God's goodness known among the living; this is a specific verbal enactment of praise and remembrance.	sec11	"[{""line"": 90, ""strength"": ""medium"", ""tradition"": ""tevrat"", ""kind"": ""motif"", ""ref"": ""Tobit 12:6"", ""basis"": ""thanksgiving made known to the living"", ""note"": ""Raphael tells Tobit and Tobias to bless God and make God's goodness known among the living; this is a specific verbal enactment of praise and remembrance."", ""turn"": 2, ""model"": ""luna"", ""connection_id"": ""BC-f3b0f990df225bd5e46a""}]"
WLC:1Chr.16.29	strong	tevrat	motif	name-praise, offering, and worship | glory due the Name; offering and worship	The worshiper ascribes glory due YHWH's name, brings an offering, and bows in holy array; this is a specific conjunction of praise and bodily ritual. | The verse moves from giving YHWH the glory due his name to bringing an offering and worshipping, closely matching the commentary's treatment of praise of the Name and formal worship as one practice.	sec11	"[{""line"": 66, ""strength"": ""strong"", ""tradition"": ""tevrat"", ""kind"": ""motif"", ""ref"": ""WLC:1Chr.16.29"", ""basis"": ""name-praise, offering, and worship"", ""note"": ""The worshiper ascribes glory due YHWH's name, brings an offering, and bows in holy array; this is a specific conjunction of praise and bodily ritual."", ""turn"": 2, ""model"": ""luna"", ""connection_id"": ""BC-2810f0e3adc65c516348""}, {""line"": 3, ""strength"": ""strong"", ""tradition"": ""tevrat"", ""kind"": ""motif"", ""ref"": ""WLC:1Chr.16.29"", ""basis"": ""glory due the Name; offering and worship"", ""note"": ""The verse moves from giving YHWH the glory due his name to bringing an offering and worshipping, closely matching the commentary's treatment of praise of the Name and formal worship as one practice."", ""turn"": 1, ""model"": ""terra"", ""connection_id"": ""BC-d02c8af7c124e7e7dd48""}]"
WLC:1Kgs.18.36	strong	tevrat	motif	Elijah's spoken prayer at the offering	At the evening offering Elijah addresses YHWH by name and asks that Israel know he is God; this is a public, voiced prayer embedded in ritual worship.	sec11	"[{""line"": 55, ""strength"": ""strong"", ""tradition"": ""tevrat"", ""kind"": ""motif"", ""ref"": ""WLC:1Kgs.18.36"", ""basis"": ""Elijah's spoken prayer at the offering"", ""note"": ""At the evening offering Elijah addresses YHWH by name and asks that Israel know he is God; this is a public, voiced prayer embedded in ritual worship."", ""turn"": 2, ""model"": ""luna"", ""connection_id"": ""BC-5648656909897691f517""}]"
WLC:1Kgs.18.37	strong	tevrat	motif	answer that turns hearts back	Elijah asks YHWH to hear so the people will know him and their hearts will turn back; this joins invocation, response, and inward return in a single prayer.	sec11	"[{""line"": 56, ""strength"": ""strong"", ""tradition"": ""tevrat"", ""kind"": ""motif"", ""ref"": ""WLC:1Kgs.18.37"", ""basis"": ""answer that turns hearts back"", ""note"": ""Elijah asks YHWH to hear so the people will know him and their hearts will turn back; this joins invocation, response, and inward return in a single prayer."", ""turn"": 2, ""model"": ""luna"", ""connection_id"": ""BC-075c4ad037375dbae34f""}]"
WLC:1Kgs.18.39	strong	tevrat	motif	falling on faces; spoken confession of God	The people fall on their faces and voice a confession of YHWH; the verse joins the physical prostration and verbal God-remembrance that the commentary treats as a single act.	sec11	"[{""line"": 11, ""strength"": ""strong"", ""tradition"": ""tevrat"", ""kind"": ""motif"", ""ref"": ""WLC:1Kgs.18.39"", ""basis"": ""falling on faces; spoken confession of God"", ""note"": ""The people fall on their faces and voice a confession of YHWH; the verse joins the physical prostration and verbal God-remembrance that the commentary treats as a single act."", ""turn"": 1, ""model"": ""terra"", ""connection_id"": ""BC-df36367dfc3bc8e497e3""}]"
WLC:1Kgs.8.22	strong	tevrat	motif	standing before the altar; spreading hands toward heaven	Solomon stands before the altar in the assembled people's presence and spreads his hands heavenward. It supplies a specific biblical prayer posture alongside the commentary's standing and supplicatory movements.	sec11	"[{""line"": 61, ""strength"": ""strong"", ""tradition"": ""tevrat"", ""kind"": ""motif"", ""ref"": ""WLC:1Kgs.8.22"", ""basis"": ""standing before the altar; spreading hands toward heaven"", ""note"": ""Solomon stands before the altar in the assembled people's presence and spreads his hands heavenward. It supplies a specific biblical prayer posture alongside the commentary's standing and supplicatory movements."", ""turn"": 2, ""model"": ""terra"", ""connection_id"": ""BC-32722b7b4d248e5c6bc7""}]"
WLC:1Kgs.8.30	strong	tevrat	motif	supplication heard; divine forgiveness	Solomon asks God to hear prayer and supplication and to forgive. The verse gives a direct biblical meeting between human du'a-like appeal and the divine cleansing or forgiveness side of the commentary's 14–15 linkage.	sec11	"[{""line"": 62, ""strength"": ""strong"", ""tradition"": ""tevrat"", ""kind"": ""motif"", ""ref"": ""WLC:1Kgs.8.30"", ""basis"": ""supplication heard; divine forgiveness"", ""note"": ""Solomon asks God to hear prayer and supplication and to forgive. The verse gives a direct biblical meeting between human du'a-like appeal and the divine cleansing or forgiveness side of the commentary's 14–15 linkage."", ""turn"": 2, ""model"": ""terra"", ""connection_id"": ""BC-6d4b60386be6795c6569""}]"
WLC:1Kgs.8.39	medium	tevrat	motif	God knows the heart	Solomon asks God to hear from heaven and act because God alone knows each human heart; this gives a specific parallel to knowing what is hidden in 87:7.	sec11	"[{""line"": 25, ""strength"": ""medium"", ""tradition"": ""tevrat"", ""kind"": ""motif"", ""ref"": ""WLC:1Kgs.8.39"", ""basis"": ""God knows the heart"", ""note"": ""Solomon asks God to hear from heaven and act because God alone knows each human heart; this gives a specific parallel to knowing what is hidden in 87:7."", ""turn"": 1, ""model"": ""luna"", ""connection_id"": ""BC-ee74875642870724ecf8""}]"
WLC:1Kgs.8.54	strong	tevrat	motif	kneeling and hands extended	Solomon finishes his prayer and supplication while kneeling with hands stretched toward heaven; this makes the commentary's bodily definition of prayer concrete.	sec11	"[{""line"": 24, ""strength"": ""strong"", ""tradition"": ""tevrat"", ""kind"": ""motif"", ""ref"": ""WLC:1Kgs.8.54"", ""basis"": ""kneeling and hands extended"", ""note"": ""Solomon finishes his prayer and supplication while kneeling with hands stretched toward heaven; this makes the commentary's bodily definition of prayer concrete."", ""turn"": 1, ""model"": ""luna"", ""connection_id"": ""BC-5d6c070253bcffe88351""}]"
WLC:1Sam.1.13	strong	tevrat	motif	inaudible prayer, moving lips | lips moving; voice unheard; inward prayer	Hannah prays in her heart while her lips move and her voice is not heard; this concretely distinguishes audible prayer from hidden devotion, matching 87:7's public and concealed. | Hannah speaks in her heart while her lips move and her voice is not heard; the contrast supplies a precise counterpart to the commentary's open vocal prayer or recitation and God's knowledge of what is hidden.	sec11	"[{""line"": 21, ""strength"": ""strong"", ""tradition"": ""tevrat"", ""kind"": ""motif"", ""ref"": ""WLC:1Sam.1.13"", ""basis"": ""inaudible prayer, moving lips"", ""note"": ""Hannah prays in her heart while her lips move and her voice is not heard; this concretely distinguishes audible prayer from hidden devotion, matching 87:7's public and concealed."", ""turn"": 1, ""model"": ""luna"", ""connection_id"": ""BC-b012378a5a47fc0f064d""}, {""line"": 9, ""strength"": ""strong"", ""tradition"": ""tevrat"", ""kind"": ""motif"", ""ref"": ""WLC:1Sam.1.13"", ""basis"": ""lips moving; voice unheard; inward prayer"", ""note"": ""Hannah speaks in her heart while her lips move and her voice is not heard; the contrast supplies a precise counterpart to the commentary's open vocal prayer or recitation and God's knowledge of what is hidden."", ""turn"": 1, ""model"": ""terra"", ""connection_id"": ""BC-ae7a8a3b45533ab6b661""}]"
WLC:2Chr.7.3	strong	tevrat	motif	prostration after the prayer	After the fire and glory appear, Israel bows face to the ground and worships; this gives a specific bodily response after prayer and offering.	sec11	"[{""line"": 69, ""strength"": ""strong"", ""tradition"": ""tevrat"", ""kind"": ""motif"", ""ref"": ""WLC:2Chr.7.3"", ""basis"": ""prostration after the prayer"", ""note"": ""After the fire and glory appear, Israel bows face to the ground and worships; this gives a specific bodily response after prayer and offering."", ""turn"": 2, ""model"": ""luna"", ""connection_id"": ""BC-9dab0805fe24c3d8a04e""}]"
WLC:Dan.3.6	strong	tevrat	karsi_anlati	forced prostration to an image; fiery punishment	The verse orders bodily falling and worship under threat of a burning furnace. Alongside the commentary's prostration as Lord-directed prayer and its fire imagery, it makes the object and moral character of bodily worship decisive.	sec11	"[{""line"": 18, ""strength"": ""strong"", ""tradition"": ""tevrat"", ""kind"": ""karsi_anlati"", ""ref"": ""WLC:Dan.3.6"", ""basis"": ""forced prostration to an image; fiery punishment"", ""note"": ""The verse orders bodily falling and worship under threat of a burning furnace. Alongside the commentary's prostration as Lord-directed prayer and its fire imagery, it makes the object and moral character of bodily worship decisive."", ""turn"": 1, ""model"": ""terra"", ""connection_id"": ""BC-b598d9142b2930e5f5bf""}]"
WLC:Dan.6.11	strong	tevrat	motif|soydas	kneeling prayer with thanks | Aramaic צלי, prayer | kneeling, prayer, thanksgiving, three daily times | Arabic ص ل و (B002/B003); Biblical Aramaic מְצַלֵּא	Daniel kneels three times daily, prays, and gives thanks to God; this is a specific repeated bodily practice joining prayer and praise. | Daniel's Aramaic form from צלי means “pray” beside the act of kneeling and giving thanks; it is a close Semitic counterpart to the commentary's ص ل و label, though the etymological relation to Arabic ṣalāt is uncertain. | Daniel kneels three times a day, prays, and gives thanks before his God, furnishing a specific counterpart to prayer as bodily movement, supplication, praise, and a recurring practice. | The commentary labels ص ل و as B002/B003. Daniel's Aramaic מְצַלֵּא, “praying,” is a close Aramaic-Syriac cognate form; its repeated kneeling and thanksgiving make the linguistic meeting concrete.	sec11	"[{""line"": 22, ""strength"": ""strong"", ""tradition"": ""tevrat"", ""kind"": ""motif"", ""ref"": ""WLC:Dan.6.11"", ""basis"": ""kneeling prayer with thanks"", ""note"": ""Daniel kneels three times daily, prays, and gives thanks to God; this is a specific repeated bodily practice joining prayer and praise."", ""turn"": 1, ""model"": ""luna"", ""connection_id"": ""BC-c94f8c7af59729325c85""}, {""line"": 23, ""strength"": ""weak"", ""tradition"": ""tevrat"", ""kind"": ""soydas"", ""ref"": ""WLC:Dan.6.11"", ""basis"": ""Aramaic צלי, prayer"", ""note"": ""Daniel's Aramaic form from צלי means “pray” beside the act of kneeling and giving thanks; it is a close Semitic counterpart to the commentary's ص ل و label, though the etymological relation to Arabic ṣalāt is uncertain."", ""turn"": 1, ""model"": ""luna"", ""connection_id"": ""BC-f1fd4daa50b2bfb25460""}, {""line"": 8, ""strength"": ""strong"", ""tradition"": ""tevrat"", ""kind"": ""motif"", ""ref"": ""WLC:Dan.6.11"", ""basis"": ""kneeling, prayer, thanksgiving, three daily times"", ""note"": ""Daniel kneels three times a day, prays, and gives thanks before his God, furnishing a specific counterpart to prayer as bodily movement, supplication, praise, and a recurring practice."", ""turn"": 1, ""model"": ""terra"", ""connection_id"": ""BC-fd69ba4cb226fca25828""}, {""line"": 42, ""strength"": ""medium"", ""tradition"": ""tevrat"", ""kind"": ""soydas"", ""ref"": ""WLC:Dan.6.11"", ""basis"": ""Arabic ص ل و (B002/B003); Biblical Aramaic מְצַלֵּא"", ""note"": ""The commentary labels ص ل و as B002/B003. Daniel's Aramaic מְצַלֵּא, “praying,” is a close Aramaic-Syriac cognate form; its repeated kneeling and thanksgiving make the linguistic meeting concrete."", ""turn"": 1, ""model"": ""terra"", ""connection_id"": ""BC-e6e0c8425a9977f5c9ee""}]"
WLC:Deut.31.21	strong	tevrat	motif	song not forgotten from descendants' mouths	The covenant song is to remain unforgotten from Israel's mouths; it supplies a concrete scriptural analogue to the commentary's movement from being made to recite to not forgetting and then reminding.	sec11	"[{""line"": 15, ""strength"": ""strong"", ""tradition"": ""tevrat"", ""kind"": ""motif"", ""ref"": ""WLC:Deut.31.21"", ""basis"": ""song not forgotten from descendants' mouths"", ""note"": ""The covenant song is to remain unforgotten from Israel's mouths; it supplies a concrete scriptural analogue to the commentary's movement from being made to recite to not forgetting and then reminding."", ""turn"": 1, ""model"": ""terra"", ""connection_id"": ""BC-acca6f1b1bc5061b8d66""}]"
WLC:Deut.32.3	strong	tevrat	motif	proclaiming the Name; ascribing greatness	87:1 commands glorification of the Lord's name; Moses says that he will proclaim YHWH's name and calls his hearers to ascribe greatness to God, joining the two acts in one formula.	sec11	"[{""line"": 1, ""strength"": ""strong"", ""tradition"": ""tevrat"", ""kind"": ""motif"", ""ref"": ""WLC:Deut.32.3"", ""basis"": ""proclaiming the Name; ascribing greatness"", ""note"": ""87:1 commands glorification of the Lord's name; Moses says that he will proclaim YHWH's name and calls his hearers to ascribe greatness to God, joining the two acts in one formula."", ""turn"": 1, ""model"": ""terra"", ""connection_id"": ""BC-5cb64fe487cc4ff5c9b4""}]"
WLC:Deut.6.7	strong	tevrat	motif	words continually spoken	Israel is told to speak God's words at home, on the road, at lying down and rising; this is a specific scriptural practice of remembrance circulating on the tongue.	sec11	"[{""line"": 4, ""strength"": ""strong"", ""tradition"": ""tevrat"", ""kind"": ""motif"", ""ref"": ""WLC:Deut.6.7"", ""basis"": ""words continually spoken"", ""note"": ""Israel is told to speak God's words at home, on the road, at lying down and rising; this is a specific scriptural practice of remembrance circulating on the tongue."", ""turn"": 1, ""model"": ""luna"", ""connection_id"": ""BC-f1b6e8345954676d55e8""}]"
WLC:Deut.8.18	medium	tevrat	soydas	Arabic ذ ك ر (B004/B005); Hebrew זכר	The commentary labels ذ ك ر as B004/B005 and develops remembering the Lord. Deuteronomy's זכר, “remember,” directs Israel to remember YHWH as the giver of power, a cognate used for faithful recollection rather than merely saying a word.	sec11	"[{""line"": 41, ""strength"": ""medium"", ""tradition"": ""tevrat"", ""kind"": ""soydas"", ""ref"": ""WLC:Deut.8.18"", ""basis"": ""Arabic ذ ك ر (B004/B005); Hebrew זכר"", ""note"": ""The commentary labels ذ ك ر as B004/B005 and develops remembering the Lord. Deuteronomy's זכר, “remember,” directs Israel to remember YHWH as the giver of power, a cognate used for faithful recollection rather than merely saying a word."", ""turn"": 1, ""model"": ""terra"", ""connection_id"": ""BC-06f66ac75c70d9aa83e9""}]"
WLC:Eccl.5.2	strong	tevrat	motif	heart and mouth before God	The speaker is warned not to rush words or heart in prayer before God; this adds a concrete caution about outward speech and inward attention to the commentary's account of vocal and hidden worship.	sec11	"[{""line"": 70, ""strength"": ""strong"", ""tradition"": ""tevrat"", ""kind"": ""motif"", ""ref"": ""WLC:Eccl.5.2"", ""basis"": ""heart and mouth before God"", ""note"": ""The speaker is warned not to rush words or heart in prayer before God; this adds a concrete caution about outward speech and inward attention to the commentary's account of vocal and hidden worship."", ""turn"": 2, ""model"": ""luna"", ""connection_id"": ""BC-6709e92028ce7762c80a""}]"
WLC:Exod.20.24	strong	tevrat	motif|soydas	Hebrew זכר at the altar | name remembered where worship occurs	YHWH says he will come and bless wherever he causes his name to be remembered; the Hebrew אזכיר uses זכר, cognate with the commentary's ذ ك ر label, in a worship setting. | God promises presence and blessing at the altar where his name is remembered; this ties remembrance of the name to embodied worship.	sec11	"[{""line"": 53, ""strength"": ""strong"", ""tradition"": ""tevrat"", ""kind"": ""soydas"", ""ref"": ""WLC:Exod.20.24"", ""basis"": ""Hebrew זכר at the altar"", ""note"": ""YHWH says he will come and bless wherever he causes his name to be remembered; the Hebrew אזכיר uses זכר, cognate with the commentary's ذ ك ر label, in a worship setting."", ""turn"": 2, ""model"": ""luna"", ""connection_id"": ""BC-89dd95dd4bb87867b8aa""}, {""line"": 54, ""strength"": ""strong"", ""tradition"": ""tevrat"", ""kind"": ""motif"", ""ref"": ""WLC:Exod.20.24"", ""basis"": ""name remembered where worship occurs"", ""note"": ""God promises presence and blessing at the altar where his name is remembered; this ties remembrance of the name to embodied worship."", ""turn"": 2, ""model"": ""luna"", ""connection_id"": ""BC-66987e3d1292cee39917""}]"
WLC:Exod.3.15	strong	tevrat	motif|soydas	name as memorial for generations | Hebrew זכר, the divine memorial	YHWH says his name is for ever and his memorial through all generations; this makes the divine name itself an enduring object of remembrance beside 87:1 and 87:15. | The Hebrew זִכְרִי (“my memorial”) is from זכר, cognate with the commentary's ذ ك ر label; here God's name is the memorial kept across generations.	sec11	"[{""line"": 51, ""strength"": ""strong"", ""tradition"": ""tevrat"", ""kind"": ""motif"", ""ref"": ""WLC:Exod.3.15"", ""basis"": ""name as memorial for generations"", ""note"": ""YHWH says his name is for ever and his memorial through all generations; this makes the divine name itself an enduring object of remembrance beside 87:1 and 87:15."", ""turn"": 2, ""model"": ""luna"", ""connection_id"": ""BC-b6f0f12faeacf49d574f""}, {""line"": 52, ""strength"": ""strong"", ""tradition"": ""tevrat"", ""kind"": ""soydas"", ""ref"": ""WLC:Exod.3.15"", ""basis"": ""Hebrew זכר, the divine memorial"", ""note"": ""The Hebrew זִכְרִי (“my memorial”) is from זכר, cognate with the commentary's ذ ك ر label; here God's name is the memorial kept across generations."", ""turn"": 2, ""model"": ""luna"", ""connection_id"": ""BC-6771c58df8b3951dcedf""}]"
WLC:Ezek.36.25	medium	tevrat	motif	God sprinkling clean water and cleansing	Ezekiel depicts God cleansing the people from impurity. It does not itself define prayer, but it supplies the divine purification pole required by the commentary's linking of 87:14 to God's purifying salat.	sec11	"[{""line"": 65, ""strength"": ""medium"", ""tradition"": ""tevrat"", ""kind"": ""motif"", ""ref"": ""WLC:Ezek.36.25"", ""basis"": ""God sprinkling clean water and cleansing"", ""note"": ""Ezekiel depicts God cleansing the people from impurity. It does not itself define prayer, but it supplies the divine purification pole required by the commentary's linking of 87:14 to God's purifying salat."", ""turn"": 2, ""model"": ""terra"", ""connection_id"": ""BC-262a4b84c0205fa1d5e7""}]"
WLC:Ezra.6.10	strong	tevrat	motif|soydas	Aramaic צלי, prayer for the king | prayer beside offerings	The Aramaic form מְצַלַּיִן means “they pray” for the king and his sons; it is a close Semitic counterpart to the commentary's ص ل و label, though the etymological relation to Arabic ṣalāt is uncertain. | The decree asks that temple offerings be made to heaven's God and prayers offered for the king; this places bodily cult and supplication together.	sec11	"[{""line"": 67, ""strength"": ""strong"", ""tradition"": ""tevrat"", ""kind"": ""soydas"", ""ref"": ""WLC:Ezra.6.10"", ""basis"": ""Aramaic צלי, prayer for the king"", ""note"": ""The Aramaic form מְצַלַּיִן means “they pray” for the king and his sons; it is a close Semitic counterpart to the commentary's ص ل و label, though the etymological relation to Arabic ṣalāt is uncertain."", ""turn"": 2, ""model"": ""luna"", ""connection_id"": ""BC-72fb64729ead536ea24f""}, {""line"": 68, ""strength"": ""strong"", ""tradition"": ""tevrat"", ""kind"": ""motif"", ""ref"": ""WLC:Ezra.6.10"", ""basis"": ""prayer beside offerings"", ""note"": ""The decree asks that temple offerings be made to heaven's God and prayers offered for the king; this places bodily cult and supplication together."", ""turn"": 2, ""model"": ""luna"", ""connection_id"": ""BC-de6d7d029509b61ed6e6""}]"
WLC:Ezra.9.5	strong	tevrat	motif	evening offering; kneeling; spread hands	At the evening offering Ezra rises from his self-affliction, falls to his knees, and spreads his hands to God. Its timed and bodily prayer scene closely meets the commentary's descriptions of salat.	sec11	"[{""line"": 63, ""strength"": ""strong"", ""tradition"": ""tevrat"", ""kind"": ""motif"", ""ref"": ""WLC:Ezra.9.5"", ""basis"": ""evening offering; kneeling; spread hands"", ""note"": ""At the evening offering Ezra rises from his self-affliction, falls to his knees, and spreads his hands to God. Its timed and bodily prayer scene closely meets the commentary's descriptions of salat."", ""turn"": 2, ""model"": ""terra"", ""connection_id"": ""BC-1a65cda1b48ae7489da3""}]"
WLC:Gen.14.20	strong	tevrat	motif	God Most High; blessing	Melchizedek blesses God Most High after deliverance; the explicit divine title and blessing give a close Hebrew-Bible counterpart to the commentary's Lord Most High whose name is glorified.	sec11	"[{""line"": 2, ""strength"": ""strong"", ""tradition"": ""tevrat"", ""kind"": ""motif"", ""ref"": ""WLC:Gen.14.20"", ""basis"": ""God Most High; blessing"", ""note"": ""Melchizedek blesses God Most High after deliverance; the explicit divine title and blessing give a close Hebrew-Bible counterpart to the commentary's Lord Most High whose name is glorified."", ""turn"": 1, ""model"": ""terra"", ""connection_id"": ""BC-80560b23d602fd7fc825""}]"
WLC:Isa.1.15	strong	tevrat	motif	outspread hands; many prayers; violence	God refuses many prayers while the worshippers' hands are full of blood; this gives a pointed ethical counterpart to the commentary's claim that prayer turns people away from indecency and wrong.	sec11	"[{""line"": 17, ""strength"": ""strong"", ""tradition"": ""tevrat"", ""kind"": ""motif"", ""ref"": ""WLC:Isa.1.15"", ""basis"": ""outspread hands; many prayers; violence"", ""note"": ""God refuses many prayers while the worshippers' hands are full of blood; this gives a pointed ethical counterpart to the commentary's claim that prayer turns people away from indecency and wrong."", ""turn"": 1, ""model"": ""terra"", ""connection_id"": ""BC-bd52ae02660fb87cfe3e""}]"
WLC:Isa.12.4	strong	tevrat	motif	thanks and calling on the name	The people give thanks, call on YHWH's name, and proclaim that his name is exalted; the verse binds invocation, praise, and public announcement in one liturgical act.	sec11	"[{""line"": 15, ""strength"": ""strong"", ""tradition"": ""tevrat"", ""kind"": ""motif"", ""ref"": ""WLC:Isa.12.4"", ""basis"": ""thanks and calling on the name"", ""note"": ""The people give thanks, call on YHWH's name, and proclaim that his name is exalted; the verse binds invocation, praise, and public announcement in one liturgical act."", ""turn"": 1, ""model"": ""luna"", ""connection_id"": ""BC-ddfafcd937f9c61d5341""}]"
WLC:Isa.26.8	strong	tevrat	motif	yearning for name and memorial	The community says its desire is for God's name and memorial while waiting for him; this makes remembrance of the name an inward devotion as well as speech.	sec11	"[{""line"": 16, ""strength"": ""strong"", ""tradition"": ""tevrat"", ""kind"": ""motif"", ""ref"": ""WLC:Isa.26.8"", ""basis"": ""yearning for name and memorial"", ""note"": ""The community says its desire is for God's name and memorial while waiting for him; this makes remembrance of the name an inward devotion as well as speech."", ""turn"": 1, ""model"": ""luna"", ""connection_id"": ""BC-4f4a8344292414a6646e""}]"
WLC:Isa.29.13	strong	tevrat	motif	lips honoring while the heart is distant | lips honoring God; heart far away	Isaiah condemns people whose lips honor God while their hearts are far away; this sharpens the distinction between spoken devotion and inward reality that the commentary develops through loud and hidden. | Isaiah distinguishes lip-honor from a distant heart; it illuminates the commentary's insistence that tesbih involves word, action, and intention, and its warning about heedless prayer.	sec11	"[{""line"": 71, ""strength"": ""strong"", ""tradition"": ""tevrat"", ""kind"": ""motif"", ""ref"": ""WLC:Isa.29.13"", ""basis"": ""lips honoring while the heart is distant"", ""note"": ""Isaiah condemns people whose lips honor God while their hearts are far away; this sharpens the distinction between spoken devotion and inward reality that the commentary develops through loud and hidden."", ""turn"": 2, ""model"": ""luna"", ""connection_id"": ""BC-cd451579deb18dfac8bc""}, {""line"": 16, ""strength"": ""strong"", ""tradition"": ""tevrat"", ""kind"": ""motif"", ""ref"": ""WLC:Isa.29.13"", ""basis"": ""lips honoring God; heart far away"", ""note"": ""Isaiah distinguishes lip-honor from a distant heart; it illuminates the commentary's insistence that tesbih involves word, action, and intention, and its warning about heedless prayer."", ""turn"": 1, ""model"": ""terra"", ""connection_id"": ""BC-c167235bbd06100a6e1d""}]"
WLC:Isa.56.7	strong	tevrat	motif	house of prayer; accepted offerings	God's house is called a house of prayer for all peoples, where offerings are accepted. This directly pairs prayer with formal communal worship, an important aspect of the commentary's unified tesbih, dhikr, and salat.	sec11	"[{""line"": 59, ""strength"": ""strong"", ""tradition"": ""tevrat"", ""kind"": ""motif"", ""ref"": ""WLC:Isa.56.7"", ""basis"": ""house of prayer; accepted offerings"", ""note"": ""God's house is called a house of prayer for all peoples, where offerings are accepted. This directly pairs prayer with formal communal worship, an important aspect of the commentary's unified tesbih, dhikr, and salat."", ""turn"": 2, ""model"": ""terra"", ""connection_id"": ""BC-067486474c08699f07cf""}]"
WLC:Isa.57.15	medium	tevrat	motif	the high and lifted One; holy Name; reviving the lowly	Isaiah calls God high and lifted up, whose name is Holy, and says that he revives the contrite. This joins the Most High epithet to a divine restoring action relevant to the commentary's praise and purification pairing.	sec11	"[{""line"": 39, ""strength"": ""medium"", ""tradition"": ""tevrat"", ""kind"": ""motif"", ""ref"": ""WLC:Isa.57.15"", ""basis"": ""the high and lifted One; holy Name; reviving the lowly"", ""note"": ""Isaiah calls God high and lifted up, whose name is Holy, and says that he revives the contrite. This joins the Most High epithet to a divine restoring action relevant to the commentary's praise and purification pairing."", ""turn"": 1, ""model"": ""terra"", ""connection_id"": ""BC-e66641f4772dd6957bd9""}]"
WLC:Isa.6.3	medium	tevrat	motif	threefold holy acclamation; glory filling earth	The seraphim's antiphonal holy acclamation is a heavenly praise formula for YHWH. It offers a liturgical setting for the commentary's tesbih of the transcendent Lord, though it does not reproduce its prayer sequence.	sec11	"[{""line"": 38, ""strength"": ""medium"", ""tradition"": ""tevrat"", ""kind"": ""motif"", ""ref"": ""WLC:Isa.6.3"", ""basis"": ""threefold holy acclamation; glory filling earth"", ""note"": ""The seraphim's antiphonal holy acclamation is a heavenly praise formula for YHWH. It offers a liturgical setting for the commentary's tesbih of the transcendent Lord, though it does not reproduce its prayer sequence."", ""turn"": 1, ""model"": ""terra"", ""connection_id"": ""BC-ee9aa485a09e5cde4cfb""}]"
WLC:Jonah.2.10	strong	tevrat	motif	voice of thanksgiving; sacrifice; vowed act	Jonah promises sacrifice with a voice of thanksgiving and the fulfilment of vows. This compactly combines vocal praise, gratitude, ritual action, and obedience, all senses the commentary assigns to dhikr and tesbih.	sec11	"[{""line"": 64, ""strength"": ""strong"", ""tradition"": ""tevrat"", ""kind"": ""motif"", ""ref"": ""WLC:Jonah.2.10"", ""basis"": ""voice of thanksgiving; sacrifice; vowed act"", ""note"": ""Jonah promises sacrifice with a voice of thanksgiving and the fulfilment of vows. This compactly combines vocal praise, gratitude, ritual action, and obedience, all senses the commentary assigns to dhikr and tesbih."", ""turn"": 2, ""model"": ""terra"", ""connection_id"": ""BC-4e2692001f3151efe18e""}]"
WLC:Josh.1.8	strong	tevrat	motif	book in the mouth; meditation; doing	Joshua is to keep the Torah-book in his mouth, meditate on it day and night, and do it; this closely parallels the commentary's inclusion of recitation, tongue, intention, and obedient action within remembrance.	sec11	"[{""line"": 14, ""strength"": ""strong"", ""tradition"": ""tevrat"", ""kind"": ""motif"", ""ref"": ""WLC:Josh.1.8"", ""basis"": ""book in the mouth; meditation; doing"", ""note"": ""Joshua is to keep the Torah-book in his mouth, meditate on it day and night, and do it; this closely parallels the commentary's inclusion of recitation, tongue, intention, and obedient action within remembrance."", ""turn"": 1, ""model"": ""terra"", ""connection_id"": ""BC-2a949810fbc38cdea1af""}]"
WLC:Lam.3.41	strong	tevrat	motif	lifting heart with hands to God	Lamentations calls for lifting both heart and hands to God. The explicit union of inward disposition and visible bodily action sharpens the commentary's word-action-intention account of prayer.	sec11	"[{""line"": 60, ""strength"": ""strong"", ""tradition"": ""tevrat"", ""kind"": ""motif"", ""ref"": ""WLC:Lam.3.41"", ""basis"": ""lifting heart with hands to God"", ""note"": ""Lamentations calls for lifting both heart and hands to God. The explicit union of inward disposition and visible bodily action sharpens the commentary's word-action-intention account of prayer."", ""turn"": 2, ""model"": ""terra"", ""connection_id"": ""BC-69239ab8c5b0b9172940""}]"
WLC:Lev.22.32	strong	tevrat	motif	holy Name; God sanctifying Israel	The verse forbids profaning the holy Name and calls God the one who sanctifies Israel, sharpening the commentary's 14–15 linkage between a worshipper's prayer and God's purifying action.	sec11	"[{""line"": 12, ""strength"": ""strong"", ""tradition"": ""tevrat"", ""kind"": ""motif"", ""ref"": ""WLC:Lev.22.32"", ""basis"": ""holy Name; God sanctifying Israel"", ""note"": ""The verse forbids profaning the holy Name and calls God the one who sanctifies Israel, sharpening the commentary's 14–15 linkage between a worshipper's prayer and God's purifying action."", ""turn"": 1, ""model"": ""terra"", ""connection_id"": ""BC-6dd1a8fbeb4f1e29aa86""}]"
WLC:Mal.1.11	strong	tevrat	motif	Name, sunrise and sunset, pure offering	Malachi makes YHWH's name great from sunrise to sunset and connects it with incense and a pure offering; it gathers the commentary's daily praise, Name, ritual action, and 14–15 purification link.	sec11	"[{""line"": 4, ""strength"": ""strong"", ""tradition"": ""tevrat"", ""kind"": ""motif"", ""ref"": ""WLC:Mal.1.11"", ""basis"": ""Name, sunrise and sunset, pure offering"", ""note"": ""Malachi makes YHWH's name great from sunrise to sunset and connects it with incense and a pure offering; it gathers the commentary's daily praise, Name, ritual action, and 14–15 purification link."", ""turn"": 1, ""model"": ""terra"", ""connection_id"": ""BC-ff27c3153afb20d2e52a""}]"
WLC:Mal.3.16	medium	tevrat	motif	speech, remembrance, and name	Those who fear YHWH speak with one another, and a memorial book is written for those who esteem his name; this combines spoken remembrance and honoring the name.	sec11	"[{""line"": 28, ""strength"": ""medium"", ""tradition"": ""tevrat"", ""kind"": ""motif"", ""ref"": ""WLC:Mal.3.16"", ""basis"": ""speech, remembrance, and name"", ""note"": ""Those who fear YHWH speak with one another, and a memorial book is written for those who esteem his name; this combines spoken remembrance and honoring the name."", ""turn"": 1, ""model"": ""luna"", ""connection_id"": ""BC-81f81394c80f6ed77e94""}]"
WLC:Neh.8.6	strong	tevrat	motif	blessing, Amen, prostration | blessing the great God; bowing and face-to-ground worship	Ezra blesses YHWH, the people answer Amen with raised hands, then bow; this makes praise of God a bodily and communal act. | Ezra blesses YHWH the great God, and the assembly answers, raises hands, bows, and worships with faces to the ground; it is a compact public analogue to praise, utterance, and bodily prayer together.	sec11	"[{""line"": 2, ""strength"": ""strong"", ""tradition"": ""tevrat"", ""kind"": ""motif"", ""ref"": ""WLC:Neh.8.6"", ""basis"": ""blessing, Amen, prostration"", ""note"": ""Ezra blesses YHWH, the people answer Amen with raised hands, then bow; this makes praise of God a bodily and communal act."", ""turn"": 1, ""model"": ""luna"", ""connection_id"": ""BC-143abe32b18ac5914f8c""}, {""line"": 6, ""strength"": ""strong"", ""tradition"": ""tevrat"", ""kind"": ""motif"", ""ref"": ""WLC:Neh.8.6"", ""basis"": ""blessing the great God; bowing and face-to-ground worship"", ""note"": ""Ezra blesses YHWH the great God, and the assembly answers, raises hands, bows, and worships with faces to the ground; it is a compact public analogue to praise, utterance, and bodily prayer together."", ""turn"": 1, ""model"": ""terra"", ""connection_id"": ""BC-411ea4d4623dda6ca15b""}]"
WLC:Neh.8.8	strong	tevrat	motif	public reading and explanation	The Levites read the Torah and explain its sense so hearers understand; this concretely joins recitation and admonition, which the commentary places between the opening command and final prayer.	sec11	"[{""line"": 3, ""strength"": ""strong"", ""tradition"": ""tevrat"", ""kind"": ""motif"", ""ref"": ""WLC:Neh.8.8"", ""basis"": ""public reading and explanation"", ""note"": ""The Levites read the Torah and explain its sense so hearers understand; this concretely joins recitation and admonition, which the commentary places between the opening command and final prayer."", ""turn"": 1, ""model"": ""luna"", ""connection_id"": ""BC-1f31bdaa454a0c9d983c""}]"
WLC:Neh.9.3	strong	tevrat	motif	reading followed by confession and worship | Torah reading, confession, worship	The community spends one part of the day reading the Torah and another confessing and worshiping YHWH; this concretely joins recitation and prayer in one service. | The people stand to read Torah and then confess and worship; this concretely parallels the commentary's claim that recitation, admonitory remembrance, and prayer belong to the same devotional work.	sec11	"[{""line"": 57, ""strength"": ""strong"", ""tradition"": ""tevrat"", ""kind"": ""motif"", ""ref"": ""WLC:Neh.9.3"", ""basis"": ""reading followed by confession and worship"", ""note"": ""The community spends one part of the day reading the Torah and another confessing and worshiping YHWH; this concretely joins recitation and prayer in one service."", ""turn"": 2, ""model"": ""luna"", ""connection_id"": ""BC-696566b6ad0b9421c324""}, {""line"": 7, ""strength"": ""strong"", ""tradition"": ""tevrat"", ""kind"": ""motif"", ""ref"": ""WLC:Neh.9.3"", ""basis"": ""Torah reading, confession, worship"", ""note"": ""The people stand to read Torah and then confess and worship; this concretely parallels the commentary's claim that recitation, admonitory remembrance, and prayer belong to the same devotional work."", ""turn"": 1, ""model"": ""terra"", ""connection_id"": ""BC-c16035ae82eabfbd25dd""}]"
WLC:Neh.9.5	strong	tevrat	motif	standing blessing of the name	The Levites tell the assembly to stand and bless YHWH forever, then bless his glorious name; this joins bodily worship and praise of the name as in the commentary's opening and closing act.	sec11	"[{""line"": 1, ""strength"": ""strong"", ""tradition"": ""tevrat"", ""kind"": ""motif"", ""ref"": ""WLC:Neh.9.5"", ""basis"": ""standing blessing of the name"", ""note"": ""The Levites tell the assembly to stand and bless YHWH forever, then bless his glorious name; this joins bodily worship and praise of the name as in the commentary's opening and closing act."", ""turn"": 1, ""model"": ""luna"", ""connection_id"": ""BC-0ff1160ea71a4747a21b""}]"
WLC:Ps.100.4	strong	tevrat	motif	thanksgiving, praise, blessing the Name	Entering God's courts entails thanksgiving and praise, then giving thanks to him and blessing his name. The verse closely joins the commentary's dhikr as praise and thanks with public worship of the Name.	sec11	"[{""line"": 54, ""strength"": ""strong"", ""tradition"": ""tevrat"", ""kind"": ""motif"", ""ref"": ""WLC:Ps.100.4"", ""basis"": ""thanksgiving, praise, blessing the Name"", ""note"": ""Entering God's courts entails thanksgiving and praise, then giving thanks to him and blessing his name. The verse closely joins the commentary's dhikr as praise and thanks with public worship of the Name."", ""turn"": 2, ""model"": ""terra"", ""connection_id"": ""BC-321c3ac56e92512455e7""}]"
WLC:Ps.103.2	medium	tevrat	motif	praise and not forgetting	The speaker blesses YHWH and tells his own soul not to forget God's benefits; this links praise with deliberate remembrance, including the commentary's concern with forgetting.	sec11	"[{""line"": 20, ""strength"": ""medium"", ""tradition"": ""tevrat"", ""kind"": ""motif"", ""ref"": ""WLC:Ps.103.2"", ""basis"": ""praise and not forgetting"", ""note"": ""The speaker blesses YHWH and tells his own soul not to forget God's benefits; this links praise with deliberate remembrance, including the commentary's concern with forgetting."", ""turn"": 1, ""model"": ""luna"", ""connection_id"": ""BC-161c092623ca6dd3d371""}]"
WLC:Ps.103.3	medium	tevrat	motif	praise with deliberate non-forgetting	The verse tells the soul to bless YHWH and not forget his benefits; this is a distinct remembrance claim supporting the commentary's link between worship and avoiding forgetfulness.	sec11	"[{""line"": 91, ""strength"": ""medium"", ""tradition"": ""tevrat"", ""kind"": ""motif"", ""ref"": ""WLC:Ps.103.3"", ""basis"": ""praise with deliberate non-forgetting"", ""note"": ""The verse tells the soul to bless YHWH and not forget his benefits; this is a distinct remembrance claim supporting the commentary's link between worship and avoiding forgetfulness."", ""turn"": 2, ""model"": ""luna"", ""connection_id"": ""BC-12ebd6cbff159ba770d4""}]"
WLC:Ps.113.2	strong	tevrat	motif	bless the name forever	The name of YHWH is blessed “from now and forever”; this gives the same enduring verbal praise of the name urged by the commentary.	sec11	"[{""line"": 8, ""strength"": ""strong"", ""tradition"": ""tevrat"", ""kind"": ""motif"", ""ref"": ""WLC:Ps.113.2"", ""basis"": ""bless the name forever"", ""note"": ""The name of YHWH is blessed “from now and forever”; this gives the same enduring verbal praise of the name urged by the commentary."", ""turn"": 1, ""model"": ""luna"", ""connection_id"": ""BC-a8f53982fa3833aeeec6""}]"
WLC:Ps.113.3	strong	tevrat	motif	praise from dawn to dusk | Name praised from sunrise to sunset	The psalm calls for the name to be praised from sunrise to sunset; this makes name-praise a repeated daily practice. | The commentary invokes praise before sunrise and before sunset; this verse explicitly makes the praise of YHWH's name extend from the sun's rising to its setting.	sec11	"[{""line"": 9, ""strength"": ""strong"", ""tradition"": ""tevrat"", ""kind"": ""motif"", ""ref"": ""WLC:Ps.113.3"", ""basis"": ""praise from dawn to dusk"", ""note"": ""The psalm calls for the name to be praised from sunrise to sunset; this makes name-praise a repeated daily practice."", ""turn"": 1, ""model"": ""luna"", ""connection_id"": ""BC-529411c810f52bb25c7d""}, {""line"": 5, ""strength"": ""strong"", ""tradition"": ""tevrat"", ""kind"": ""motif"", ""ref"": ""WLC:Ps.113.3"", ""basis"": ""Name praised from sunrise to sunset"", ""note"": ""The commentary invokes praise before sunrise and before sunset; this verse explicitly makes the praise of YHWH's name extend from the sun's rising to its setting."", ""turn"": 1, ""model"": ""terra"", ""connection_id"": ""BC-64807c6d1a6870dd7552""}]"
WLC:Ps.117.1	medium	tevrat	soydas	Arabic س ب ح (B001); Hebrew שׁבח	The commentary labels Arabic س ب ح as B001. Psalm 117 uses the Hebrew Piel imperative שַׁבְּחוּהוּ, “praise him,” a likely Semitic cognate in a summons for all peoples to praise YHWH.	sec11	"[{""line"": 40, ""strength"": ""medium"", ""tradition"": ""tevrat"", ""kind"": ""soydas"", ""ref"": ""WLC:Ps.117.1"", ""basis"": ""Arabic س ب ح (B001); Hebrew שׁבח"", ""note"": ""The commentary labels Arabic س ب ح as B001. Psalm 117 uses the Hebrew Piel imperative שַׁבְּחוּהוּ, “praise him,” a likely Semitic cognate in a summons for all peoples to praise YHWH."", ""turn"": 1, ""model"": ""terra"", ""connection_id"": ""BC-c9a32f00653161ecb35d""}]"
WLC:Ps.119.16	strong	tevrat	motif	not forgetting God's word	The psalmist vows not to forget God's word; this is a direct, text-specific counterpart to the commentary's recitation, non-forgetting, and later reminder within the surah's devotional sequence.	sec11	"[{""line"": 55, ""strength"": ""strong"", ""tradition"": ""tevrat"", ""kind"": ""motif"", ""ref"": ""WLC:Ps.119.16"", ""basis"": ""not forgetting God's word"", ""note"": ""The psalmist vows not to forget God's word; this is a direct, text-specific counterpart to the commentary's recitation, non-forgetting, and later reminder within the surah's devotional sequence."", ""turn"": 2, ""model"": ""terra"", ""connection_id"": ""BC-5e89b821ba8ab9617328""}]"
WLC:Ps.119.171	strong	tevrat	motif	lips pouring out praise after instruction	The psalmist's lips pour out praise because God teaches statutes. It specifically joins a tongue-level act of praise to received teaching, as the commentary joins Qur'an recitation and dhikr.	sec11	"[{""line"": 56, ""strength"": ""strong"", ""tradition"": ""tevrat"", ""kind"": ""motif"", ""ref"": ""WLC:Ps.119.171"", ""basis"": ""lips pouring out praise after instruction"", ""note"": ""The psalmist's lips pour out praise because God teaches statutes. It specifically joins a tongue-level act of praise to received teaching, as the commentary joins Qur'an recitation and dhikr."", ""turn"": 2, ""model"": ""terra"", ""connection_id"": ""BC-abc55fed0f82367afaaf""}]"
WLC:Ps.119.172	strong	tevrat	motif	tongue singing God's word	The psalmist's tongue sings God's word; this is a precise oral-scriptural parallel to the commentary's statement that reading the Qur'an belongs to remembrance.	sec11	"[{""line"": 57, ""strength"": ""strong"", ""tradition"": ""tevrat"", ""kind"": ""motif"", ""ref"": ""WLC:Ps.119.172"", ""basis"": ""tongue singing God's word"", ""note"": ""The psalmist's tongue sings God's word; this is a precise oral-scriptural parallel to the commentary's statement that reading the Qur'an belongs to remembrance."", ""turn"": 2, ""model"": ""terra"", ""connection_id"": ""BC-af752d3b374aa1390f35""}]"
WLC:Ps.134.3	strong	tevrat	motif	raised hands blessing YHWH	The night worshipers lift their hands in the sanctuary and bless YHWH; this is a bodily form of the praise the commentary gathers under prayer.	sec11	"[{""line"": 19, ""strength"": ""strong"", ""tradition"": ""tevrat"", ""kind"": ""motif"", ""ref"": ""WLC:Ps.134.3"", ""basis"": ""raised hands blessing YHWH"", ""note"": ""The night worshipers lift their hands in the sanctuary and bless YHWH; this is a bodily form of the praise the commentary gathers under prayer."", ""turn"": 1, ""model"": ""luna"", ""connection_id"": ""BC-948a26432b41a4ef3e3a""}]"
WLC:Ps.135.13	strong	tevrat	motif|soydas	Hebrew זכר and the enduring name | name and memorial through generations	The verse says YHWH's name and memorial endure through generations; זכר is cognate with the commentary's ذ ك ر label, and directly couples name with remembrance. | The psalm places YHWH's enduring name beside his memorial through all generations; this gives a scriptural counterpart to remembering the Lord's name.	sec11	"[{""line"": 62, ""strength"": ""strong"", ""tradition"": ""tevrat"", ""kind"": ""soydas"", ""ref"": ""WLC:Ps.135.13"", ""basis"": ""Hebrew זכר and the enduring name"", ""note"": ""The verse says YHWH's name and memorial endure through generations; זכר is cognate with the commentary's ذ ك ر label, and directly couples name with remembrance."", ""turn"": 2, ""model"": ""luna"", ""connection_id"": ""BC-f2329593e8a87f1ec9cd""}, {""line"": 63, ""strength"": ""strong"", ""tradition"": ""tevrat"", ""kind"": ""motif"", ""ref"": ""WLC:Ps.135.13"", ""basis"": ""name and memorial through generations"", ""note"": ""The psalm places YHWH's enduring name beside his memorial through all generations; this gives a scriptural counterpart to remembering the Lord's name."", ""turn"": 2, ""model"": ""luna"", ""connection_id"": ""BC-da2ac8fedc46a05b5ce0""}]"
WLC:Ps.139.5	strong	tevrat	motif	word known before the tongue	The psalm says YHWH knows a word before it is on the speaker's tongue; this closely matches the claim that God knows what is voiced and concealed.	sec11	"[{""line"": 26, ""strength"": ""strong"", ""tradition"": ""tevrat"", ""kind"": ""motif"", ""ref"": ""WLC:Ps.139.5"", ""basis"": ""word known before the tongue"", ""note"": ""The psalm says YHWH knows a word before it is on the speaker's tongue; this closely matches the claim that God knows what is voiced and concealed."", ""turn"": 1, ""model"": ""luna"", ""connection_id"": ""BC-9e1893b32493386884ad""}]"
WLC:Ps.141.2	strong	tevrat	motif	prayer as incense; lifted hands as evening offering	Prayer is likened to incense and raised hands to the evening offering. It supplies a concrete bodily and time-marked analogue to the commentary's prayer as supplication and enacted worship.	sec11	"[{""line"": 58, ""strength"": ""strong"", ""tradition"": ""tevrat"", ""kind"": ""motif"", ""ref"": ""WLC:Ps.141.2"", ""basis"": ""prayer as incense; lifted hands as evening offering"", ""note"": ""Prayer is likened to incense and raised hands to the evening offering. It supplies a concrete bodily and time-marked analogue to the commentary's prayer as supplication and enacted worship."", ""turn"": 2, ""model"": ""terra"", ""connection_id"": ""BC-b0e0639c732e979c30d6""}]"
WLC:Ps.141.3	strong	tevrat	motif	prayer as incense and lifted hands	The speaker asks that his prayer rise like incense and his lifted hands like an evening offering; this brings spoken supplication and bodily worship into one ritual image.	sec11	"[{""line"": 18, ""strength"": ""strong"", ""tradition"": ""tevrat"", ""kind"": ""motif"", ""ref"": ""WLC:Ps.141.3"", ""basis"": ""prayer as incense and lifted hands"", ""note"": ""The speaker asks that his prayer rise like incense and his lifted hands like an evening offering; this brings spoken supplication and bodily worship into one ritual image."", ""turn"": 1, ""model"": ""luna"", ""connection_id"": ""BC-af6f716193fe2f420c1c""}]"
WLC:Ps.145.21	strong	tevrat	motif	mouth blessing the holy name	The psalm ends with the speaker's mouth praising YHWH and all flesh blessing his holy name forever; this joins tongue and name-praise.	sec11	"[{""line"": 65, ""strength"": ""strong"", ""tradition"": ""tevrat"", ""kind"": ""motif"", ""ref"": ""WLC:Ps.145.21"", ""basis"": ""mouth blessing the holy name"", ""note"": ""The psalm ends with the speaker's mouth praising YHWH and all flesh blessing his holy name forever; this joins tongue and name-praise."", ""turn"": 2, ""model"": ""luna"", ""connection_id"": ""BC-c08da3d899fdcd84fad3""}]"
WLC:Ps.145.3	strong	tevrat	motif	daily blessing of the name	The speaker blesses God every day and praises his name forever; this links remembrance and prayer to ongoing praise rather than a single utterance.	sec11	"[{""line"": 10, ""strength"": ""strong"", ""tradition"": ""tevrat"", ""kind"": ""motif"", ""ref"": ""WLC:Ps.145.3"", ""basis"": ""daily blessing of the name"", ""note"": ""The speaker blesses God every day and praises his name forever; this links remembrance and prayer to ongoing praise rather than a single utterance."", ""turn"": 1, ""model"": ""luna"", ""connection_id"": ""BC-8e64d527c96842037838""}]"
WLC:Ps.145.5	strong	tevrat	motif	praise transmitted generation to generation	One generation is to praise God's works to the next and declare his mighty acts; this is a specific form of recitation and reminder.	sec11	"[{""line"": 64, ""strength"": ""strong"", ""tradition"": ""tevrat"", ""kind"": ""motif"", ""ref"": ""WLC:Ps.145.5"", ""basis"": ""praise transmitted generation to generation"", ""note"": ""One generation is to praise God's works to the next and declare his mighty acts; this is a specific form of recitation and reminder."", ""turn"": 2, ""model"": ""luna"", ""connection_id"": ""BC-83b3d2d97c199b2e82fb""}]"
WLC:Ps.148.13	strong	tevrat	motif	praise the exalted name	The psalm says to praise YHWH's name because it alone is exalted; this directly meets the commentary's command to glorify the Lord's name, “the Most High.”	sec11	"[{""line"": 5, ""strength"": ""strong"", ""tradition"": ""tevrat"", ""kind"": ""motif"", ""ref"": ""WLC:Ps.148.13"", ""basis"": ""praise the exalted name"", ""note"": ""The psalm says to praise YHWH's name because it alone is exalted; this directly meets the commentary's command to glorify the Lord's name, “the Most High.”"", ""turn"": 1, ""model"": ""luna"", ""connection_id"": ""BC-199a0cf4b073e5b585c0""}]"
WLC:Ps.150.6	medium	tevrat	motif	all breath praising YHWH	The psalm closes by calling everything that has breath to praise YHWH; this makes praise an embodied act, fitting the commentary's broad account of tasbih as word and deed.	sec11	"[{""line"": 29, ""strength"": ""medium"", ""tradition"": ""tevrat"", ""kind"": ""motif"", ""ref"": ""WLC:Ps.150.6"", ""basis"": ""all breath praising YHWH"", ""note"": ""The psalm closes by calling everything that has breath to praise YHWH; this makes praise an embodied act, fitting the commentary's broad account of tasbih as word and deed."", ""turn"": 1, ""model"": ""luna"", ""connection_id"": ""BC-4096ab219dfca9c26e41""}]"
WLC:Ps.19.15	medium	tevrat	motif	mouth's words and heart's meditation	The prayer asks that both spoken words and inward meditation be acceptable to YHWH; it joins the audible and hidden dimensions of devotion.	sec11	"[{""line"": 27, ""strength"": ""medium"", ""tradition"": ""tevrat"", ""kind"": ""motif"", ""ref"": ""WLC:Ps.19.15"", ""basis"": ""mouth's words and heart's meditation"", ""note"": ""The prayer asks that both spoken words and inward meditation be acceptable to YHWH; it joins the audible and hidden dimensions of devotion."", ""turn"": 1, ""model"": ""luna"", ""connection_id"": ""BC-316c4b802af6a6dd54d6""}]"
WLC:Ps.20.9	strong	tevrat	motif|soydas	Hebrew זכר, invoking the name | remembering the divine name	The Hebrew verb נַזְכִּיר derives from זכר, cognate with the commentary's Arabic ذ ك ر label; here it means invoking the name of YHWH, not merely recalling information. | The worshiper says “we invoke the name of YHWH our God”; this is a close verbal counterpart to remembering the Lord's name before prayer in 87:15.	sec11	"[{""line"": 11, ""strength"": ""strong"", ""tradition"": ""tevrat"", ""kind"": ""soydas"", ""ref"": ""WLC:Ps.20.9"", ""basis"": ""Hebrew זכר, invoking the name"", ""note"": ""The Hebrew verb נַזְכִּיר derives from זכר, cognate with the commentary's Arabic ذ ك ر label; here it means invoking the name of YHWH, not merely recalling information."", ""turn"": 1, ""model"": ""luna"", ""connection_id"": ""BC-4b86bfb1698316ab2e14""}, {""line"": 12, ""strength"": ""strong"", ""tradition"": ""tevrat"", ""kind"": ""motif"", ""ref"": ""WLC:Ps.20.9"", ""basis"": ""remembering the divine name"", ""note"": ""The worshiper says “we invoke the name of YHWH our God”; this is a close verbal counterpart to remembering the Lord's name before prayer in 87:15."", ""turn"": 1, ""model"": ""luna"", ""connection_id"": ""BC-ad5cb5917b00256b1f84""}]"
WLC:Ps.30.5	strong	tevrat	soydas	Hebrew זכר, memorial of holiness	The Hebrew calls for thanks to God's holy memorial, using זכר, cognate with the commentary's ذ ك ر label; remembrance here is voiced praise.	sec11	"[{""line"": 60, ""strength"": ""strong"", ""tradition"": ""tevrat"", ""kind"": ""soydas"", ""ref"": ""WLC:Ps.30.5"", ""basis"": ""Hebrew זכר, memorial of holiness"", ""note"": ""The Hebrew calls for thanks to God's holy memorial, using זכר, cognate with the commentary's ذ ك ر label; remembrance here is voiced praise."", ""turn"": 2, ""model"": ""luna"", ""connection_id"": ""BC-02dd0a0c5ab2665854cb""}]"
WLC:Ps.63.7	strong	tevrat	motif|soydas	Hebrew זכר, remembering God | night remembrance and meditation	The Hebrew זכר (“remember”) is cognate with the commentary's Arabic ذ ك ر label; the psalm uses it for remembering God in bed. | The speaker remembers God on his bed and meditates during the night watches; this develops remembrance as sustained inner devotion, alongside the commentary's spoken remembrance.	sec11	"[{""line"": 13, ""strength"": ""strong"", ""tradition"": ""tevrat"", ""kind"": ""soydas"", ""ref"": ""WLC:Ps.63.7"", ""basis"": ""Hebrew זכר, remembering God"", ""note"": ""The Hebrew זכר (“remember”) is cognate with the commentary's Arabic ذ ك ر label; the psalm uses it for remembering God in bed."", ""turn"": 1, ""model"": ""luna"", ""connection_id"": ""BC-fb8f047e4835f295c08c""}, {""line"": 14, ""strength"": ""strong"", ""tradition"": ""tevrat"", ""kind"": ""motif"", ""ref"": ""WLC:Ps.63.7"", ""basis"": ""night remembrance and meditation"", ""note"": ""The speaker remembers God on his bed and meditates during the night watches; this develops remembrance as sustained inner devotion, alongside the commentary's spoken remembrance."", ""turn"": 1, ""model"": ""luna"", ""connection_id"": ""BC-b15f364f6fa12733e25e""}]"
WLC:Ps.86.13	strong	tevrat	motif	whole-hearted praise of God's name	The speaker thanks God with the whole heart and glorifies his name forever; this joins inward intention and praise of the name.	sec11	"[{""line"": 58, ""strength"": ""strong"", ""tradition"": ""tevrat"", ""kind"": ""motif"", ""ref"": ""WLC:Ps.86.13"", ""basis"": ""whole-hearted praise of God's name"", ""note"": ""The speaker thanks God with the whole heart and glorifies his name forever; this joins inward intention and praise of the name."", ""turn"": 2, ""model"": ""luna"", ""connection_id"": ""BC-3ed4cc50dffa48d22317""}]"
WLC:Ps.95.6	strong	tevrat	motif	bowing before the maker | bowing and kneeling before the Maker	The worshipers bow and kneel before YHWH, their maker; this supplies the bodily prostration the commentary includes in prayer, in a creation-focused setting. | The psalm's invitation to worship, bow down, and kneel gives named bodily acts corresponding to the commentary's standing, bowing, prostration, and supplication as prayer.	sec11	"[{""line"": 17, ""strength"": ""strong"", ""tradition"": ""tevrat"", ""kind"": ""motif"", ""ref"": ""WLC:Ps.95.6"", ""basis"": ""bowing before the maker"", ""note"": ""The worshipers bow and kneel before YHWH, their maker; this supplies the bodily prostration the commentary includes in prayer, in a creation-focused setting."", ""turn"": 1, ""model"": ""luna"", ""connection_id"": ""BC-85e0f6648623741c22fb""}, {""line"": 10, ""strength"": ""strong"", ""tradition"": ""tevrat"", ""kind"": ""motif"", ""ref"": ""WLC:Ps.95.6"", ""basis"": ""bowing and kneeling before the Maker"", ""note"": ""The psalm's invitation to worship, bow down, and kneel gives named bodily acts corresponding to the commentary's standing, bowing, prostration, and supplication as prayer."", ""turn"": 1, ""model"": ""terra"", ""connection_id"": ""BC-0d6e1dca5c2fd16442b8""}]"
WLC:Ps.96.2	strong	tevrat	motif	daily proclamation of the name | singing to YHWH; blessing the Name day by day	The worshiper is told to bless YHWH's name and announce his salvation day after day; this joins repeated remembrance with public praise. | The psalm commands singing to YHWH, blessing his name, and proclaiming salvation from day to day; it supplies a distinct psalmic formulation of the commentary's vocal praise, Name, recitation, and recurring practice.	sec11	"[{""line"": 30, ""strength"": ""medium"", ""tradition"": ""tevrat"", ""kind"": ""motif"", ""ref"": ""WLC:Ps.96.2"", ""basis"": ""daily proclamation of the name"", ""note"": ""The worshiper is told to bless YHWH's name and announce his salvation day after day; this joins repeated remembrance with public praise."", ""turn"": 1, ""model"": ""luna"", ""connection_id"": ""BC-f2e090873da2dc1afa49""}, {""line"": 53, ""strength"": ""strong"", ""tradition"": ""tevrat"", ""kind"": ""motif"", ""ref"": ""WLC:Ps.96.2"", ""basis"": ""singing to YHWH; blessing the Name day by day"", ""note"": ""The psalm commands singing to YHWH, blessing his name, and proclaiming salvation from day to day; it supplies a distinct psalmic formulation of the commentary's vocal praise, Name, recitation, and recurring practice."", ""turn"": 2, ""model"": ""terra"", ""connection_id"": ""BC-732a36e1b83419e8bc5d""}]"
WLC:Ps.96.8	strong	tevrat	motif	glory due the name and an offering	Worshipers ascribe YHWH glory due his name and bring an offering into his courts; this places name-praise and ritual action together.	sec11	"[{""line"": 59, ""strength"": ""strong"", ""tradition"": ""tevrat"", ""kind"": ""motif"", ""ref"": ""WLC:Ps.96.8"", ""basis"": ""glory due the name and an offering"", ""note"": ""Worshipers ascribe YHWH glory due his name and bring an offering into his courts; this places name-praise and ritual action together."", ""turn"": 2, ""model"": ""luna"", ""connection_id"": ""BC-31b7f9b187a2043c1a19""}]"
WLC:Ps.97.12	strong	tevrat	soydas	Hebrew זכר, praise at God's memorial	The verse joins singing to YHWH with giving thanks at the memorial of his holiness; its זכר noun is cognate with the commentary's ذ ك ر label.	sec11	"[{""line"": 61, ""strength"": ""strong"", ""tradition"": ""tevrat"", ""kind"": ""soydas"", ""ref"": ""WLC:Ps.97.12"", ""basis"": ""Hebrew זכר, praise at God's memorial"", ""note"": ""The verse joins singing to YHWH with giving thanks at the memorial of his holiness; its זכר noun is cognate with the commentary's ذ ك ر label."", ""turn"": 2, ""model"": ""luna"", ""connection_id"": ""BC-eff7dc9fc4cb20776faa""}]"
WLC:Ps.99.3	strong	tevrat	motif	praise the holy name	The congregation praises YHWH's great and awesome name and calls him holy; the name itself is the object of worship as in 87:1.	sec11	"[{""line"": 6, ""strength"": ""strong"", ""tradition"": ""tevrat"", ""kind"": ""motif"", ""ref"": ""WLC:Ps.99.3"", ""basis"": ""praise the holy name"", ""note"": ""The congregation praises YHWH's great and awesome name and calls him holy; the name itself is the object of worship as in 87:1."", ""turn"": 1, ""model"": ""luna"", ""connection_id"": ""BC-f9b98cece13ad94cae67""}]"
WLC:Ps.99.5	strong	tevrat	motif	exaltation and bowing	The verse commands exalting YHWH and bowing at his footstool; it places praise and bodily prostration together, as the commentary does for tasbih and prayer.	sec11	"[{""line"": 7, ""strength"": ""strong"", ""tradition"": ""tevrat"", ""kind"": ""motif"", ""ref"": ""WLC:Ps.99.5"", ""basis"": ""exaltation and bowing"", ""note"": ""The verse commands exalting YHWH and bowing at his footstool; it places praise and bodily prostration together, as the commentary does for tasbih and prayer."", ""turn"": 1, ""model"": ""luna"", ""connection_id"": ""BC-4f2bd513ec83c9f2066b""}]"
WLC:Zeph.3.9	strong	tevrat	motif	purified speech; calling on the Name; united service	God gives peoples a purified lip so that they may call on YHWH's name and serve together; it links the commentary's tongue-bound dhikr, purification, and obedient worship without reducing them to mere speech.	sec11	"[{""line"": 13, ""strength"": ""strong"", ""tradition"": ""tevrat"", ""kind"": ""motif"", ""ref"": ""WLC:Zeph.3.9"", ""basis"": ""purified speech; calling on the Name; united service"", ""note"": ""God gives peoples a purified lip so that they may call on YHWH's name and serve together; it links the commentary's tongue-bound dhikr, purification, and obedient worship without reducing them to mere speech."", ""turn"": 1, ""model"": ""terra"", ""connection_id"": ""BC-382e2ef65056ef3185a7""}]"
