ref	tier	tradition	kinds	basis	explanations	target	evidence
Augustine, Tractates on the Gospel of John 46	medium	incil	yorum_gelenegi	Christ as good shepherd versus hireling	Augustine's exposition of John 10 reads the good shepherd's care and self-giving as Christological, giving a major Christian interpretive frame for the owner, flock, and protective contrast in the source.	sec3	"[{""line"": 59, ""strength"": ""medium"", ""tradition"": ""incil"", ""kind"": ""yorum_gelenegi"", ""ref"": ""Augustine, Tractates on the Gospel of John 46"", ""basis"": ""Christ as good shepherd versus hireling"", ""note"": ""Augustine's exposition of John 10 reads the good shepherd's care and self-giving as Christological, giving a major Christian interpretive frame for the owner, flock, and protective contrast in the source."", ""turn"": 1, ""model"": ""terra"", ""connection_id"": ""BC-83f4fc8e20344d95e17f""}]"
Gospel of Thomas 107	medium	incil	motif	lost largest sheep sought over the ninety-nine	This Christian apocryphal version makes the wandering sheep the largest and specially loved one; it is a distinctive reception of the owner who actively seeks and values a member of the flock.	sec3	"[{""line"": 110, ""strength"": ""medium"", ""tradition"": ""incil"", ""kind"": ""motif"", ""ref"": ""Gospel of Thomas 107"", ""basis"": ""lost largest sheep sought over the ninety-nine"", ""note"": ""This Christian apocryphal version makes the wandering sheep the largest and specially loved one; it is a distinctive reception of the owner who actively seeks and values a member of the flock."", ""turn"": 2, ""model"": ""terra"", ""connection_id"": ""BC-7651952f11b5633ac15b""}]"
Peshitta: John 10:11	strong	incil	soydas	source ر ع ي B002; Syriac rʿyā, shepherd	The Peshitta's Syriac rʿyā for Jesus as the good shepherd is cognate with Arabic rāʿī in the source and uses the shared root for self-giving flock care.	sec3	"[{""line"": 51, ""strength"": ""strong"", ""tradition"": ""incil"", ""kind"": ""soydas"", ""ref"": ""Peshitta: John 10:11"", ""basis"": ""source ر ع ي B002; Syriac rʿyā, shepherd"", ""note"": ""The Peshitta's Syriac rʿyā for Jesus as the good shepherd is cognate with Arabic rāʿī in the source and uses the shared root for self-giving flock care."", ""turn"": 1, ""model"": ""terra"", ""connection_id"": ""BC-ebe96ec10d54323049c6""}]"
SBLGNT:1Cor.9.10	medium	incil	yorum_gelenegi	plowman and thresher work in hope of a share	Paul states the human-worker application of the ox text: laborers should expect a share of the yield. It reframes the source's livestock provision as a principle about those who serve a community.	sec3	"[{""line"": 105, ""strength"": ""medium"", ""tradition"": ""incil"", ""kind"": ""yorum_gelenegi"", ""ref"": ""SBLGNT:1Cor.9.10"", ""basis"": ""plowman and thresher work in hope of a share"", ""note"": ""Paul states the human-worker application of the ox text: laborers should expect a share of the yield. It reframes the source's livestock provision as a principle about those who serve a community."", ""turn"": 2, ""model"": ""terra"", ""connection_id"": ""BC-e6de16c4372ae0e14c61""}]"
SBLGNT:1Cor.9.7	medium	incil	motif	one who tends a flock shares its milk	Paul's pastoral labor analogy assumes that the flock's keeper receives its produce, linking the source's pasture as provision with the work of tending it.	sec3	"[{""line"": 104, ""strength"": ""medium"", ""tradition"": ""incil"", ""kind"": ""motif"", ""ref"": ""SBLGNT:1Cor.9.7"", ""basis"": ""one who tends a flock shares its milk"", ""note"": ""Paul's pastoral labor analogy assumes that the flock's keeper receives its produce, linking the source's pasture as provision with the work of tending it."", ""turn"": 2, ""model"": ""terra"", ""connection_id"": ""BC-6313a9799fed1c59609e""}]"
SBLGNT:1Cor.9.9	strong	incil	yorum_gelenegi	Paul rereads the unmuzzled ox command for apostolic support	Paul cites the Torah's feeding of a working ox and asks how its principle bears on apostolic workers; this is a deliberate interpretive reapplication of animal provision, not simply a duplicate pasture image.	sec3	"[{""line"": 94, ""strength"": ""strong"", ""tradition"": ""incil"", ""kind"": ""yorum_gelenegi"", ""ref"": ""SBLGNT:1Cor.9.9"", ""basis"": ""Paul rereads the unmuzzled ox command for apostolic support"", ""note"": ""Paul cites the Torah's feeding of a working ox and asks how its principle bears on apostolic workers; this is a deliberate interpretive reapplication of animal provision, not simply a duplicate pasture image."", ""turn"": 2, ""model"": ""terra"", ""connection_id"": ""BC-c8ef7abd5ea4ce307f59""}]"
SBLGNT:1John.2.17	strong	incil	motif	the world passes away while the doer of God's will remains	The verse gives a direct Christian formulation of the source's distinction between the passing worldly life reached through temporary provision and what endures.	sec3	"[{""line"": 95, ""strength"": ""strong"", ""tradition"": ""incil"", ""kind"": ""motif"", ""ref"": ""SBLGNT:1John.2.17"", ""basis"": ""the world passes away while the doer of God's will remains"", ""note"": ""The verse gives a direct Christian formulation of the source's distinction between the passing worldly life reached through temporary provision and what endures."", ""turn"": 2, ""model"": ""terra"", ""connection_id"": ""BC-1e31d2606aad4d086319""}]"
SBLGNT:1Pet.1.24	strong	incil	motif	All flesh like grass | all flesh like grass; grass withers	The commentary reads pasture’s decay as a path toward worldly transience; Peter applies Isaiah’s grass-withering image to all flesh and human glory, making mortality explicit. | Peter applies fading grass to human mortality, a direct Christian extension of the source's pasture-to-debris and worldly-transience turn.	sec3	"[{""line"": 56, ""strength"": ""medium"", ""tradition"": ""incil"", ""kind"": ""motif"", ""ref"": ""SBLGNT:1Pet.1.24"", ""basis"": ""All flesh like grass"", ""note"": ""The commentary reads pasture’s decay as a path toward worldly transience; Peter applies Isaiah’s grass-withering image to all flesh and human glory, making mortality explicit."", ""turn"": 1, ""model"": ""luna"", ""connection_id"": ""BC-bdb7821ff8941b2ced47""}, {""line"": 49, ""strength"": ""strong"", ""tradition"": ""incil"", ""kind"": ""motif"", ""ref"": ""SBLGNT:1Pet.1.24"", ""basis"": ""all flesh like grass; grass withers"", ""note"": ""Peter applies fading grass to human mortality, a direct Christian extension of the source's pasture-to-debris and worldly-transience turn."", ""turn"": 1, ""model"": ""terra"", ""connection_id"": ""BC-feec494ef4a7b5d11536""}]"
SBLGNT:1Pet.1.25	strong	incil	motif	word remains forever	The verse's enduring word completes the preceding grass image with a lasting contrast, comparable to the source's contrast between worldly life and what remains.	sec3	"[{""line"": 50, ""strength"": ""strong"", ""tradition"": ""incil"", ""kind"": ""motif"", ""ref"": ""SBLGNT:1Pet.1.25"", ""basis"": ""word remains forever"", ""note"": ""The verse's enduring word completes the preceding grass image with a lasting contrast, comparable to the source's contrast between worldly life and what remains."", ""turn"": 1, ""model"": ""terra"", ""connection_id"": ""BC-0c80649aaaa56fb81266""}]"
SBLGNT:1Pet.2.25	strong	incil	motif	Shepherd and guardian of souls | return to shepherd and overseer of souls	The commentary describes the shepherd as one who watches over and protects a flock; Peter says the addressees returned from straying like sheep to the shepherd and guardian of their souls, applying the image to spiritual oversight. | Straying sheep return to a shepherd who is also an overseer, joining restoration, guidance, and supervisory care in the source's pastoral image.	sec3	"[{""line"": 84, ""strength"": ""medium"", ""tradition"": ""incil"", ""kind"": ""motif"", ""ref"": ""SBLGNT:1Pet.2.25"", ""basis"": ""Shepherd and guardian of souls"", ""note"": ""The commentary describes the shepherd as one who watches over and protects a flock; Peter says the addressees returned from straying like sheep to the shepherd and guardian of their souls, applying the image to spiritual oversight."", ""turn"": 2, ""model"": ""luna"", ""connection_id"": ""BC-7a58f43275d9c9e20c2e""}, {""line"": 44, ""strength"": ""strong"", ""tradition"": ""incil"", ""kind"": ""motif"", ""ref"": ""SBLGNT:1Pet.2.25"", ""basis"": ""return to shepherd and overseer of souls"", ""note"": ""Straying sheep return to a shepherd who is also an overseer, joining restoration, guidance, and supervisory care in the source's pastoral image."", ""turn"": 1, ""model"": ""terra"", ""connection_id"": ""BC-84df5d0edd195c37712c""}]"
SBLGNT:1Pet.5.2	strong	incil	motif	Leaders shepherd God’s flock | elders shepherd God's flock with oversight	The commentary explicitly says a governor tends his subjects as a shepherd tends livestock; elders are told to shepherd God’s flock and oversee it willingly, applying the pastoral relation to community leadership. | The elders' charge makes shepherding a form of responsible oversight, giving a Christian communal application to the source's ruler who tends a people.	sec3	"[{""line"": 52, ""strength"": ""strong"", ""tradition"": ""incil"", ""kind"": ""motif"", ""ref"": ""SBLGNT:1Pet.5.2"", ""basis"": ""Leaders shepherd God’s flock"", ""note"": ""The commentary explicitly says a governor tends his subjects as a shepherd tends livestock; elders are told to shepherd God’s flock and oversee it willingly, applying the pastoral relation to community leadership."", ""turn"": 1, ""model"": ""luna"", ""connection_id"": ""BC-966ad81e1357f8e0168d""}, {""line"": 45, ""strength"": ""strong"", ""tradition"": ""incil"", ""kind"": ""motif"", ""ref"": ""SBLGNT:1Pet.5.2"", ""basis"": ""elders shepherd God's flock with oversight"", ""note"": ""The elders' charge makes shepherding a form of responsible oversight, giving a Christian communal application to the source's ruler who tends a people."", ""turn"": 1, ""model"": ""terra"", ""connection_id"": ""BC-431861aef79c53187230""}]"
SBLGNT:1Pet.5.3	strong	incil	motif	Shepherding without domination | leaders do not dominate but become examples to the flock	The commentary compares a ruler’s care for subjects with a shepherd’s care for livestock; Peter tells elders not to dominate those entrusted to them but to be examples, adding an ethical limit to pastoral authority. | The elders are forbidden to lord it over those entrusted to them and instead model conduct; it qualifies the source's ruler-shepherd relation with a specific non-dominating form of leadership.	sec3	"[{""line"": 85, ""strength"": ""medium"", ""tradition"": ""incil"", ""kind"": ""motif"", ""ref"": ""SBLGNT:1Pet.5.3"", ""basis"": ""Shepherding without domination"", ""note"": ""The commentary compares a ruler’s care for subjects with a shepherd’s care for livestock; Peter tells elders not to dominate those entrusted to them but to be examples, adding an ethical limit to pastoral authority."", ""turn"": 2, ""model"": ""luna"", ""connection_id"": ""BC-510cf6b96ad1738e9461""}, {""line"": 91, ""strength"": ""strong"", ""tradition"": ""incil"", ""kind"": ""motif"", ""ref"": ""SBLGNT:1Pet.5.3"", ""basis"": ""leaders do not dominate but become examples to the flock"", ""note"": ""The elders are forbidden to lord it over those entrusted to them and instead model conduct; it qualifies the source's ruler-shepherd relation with a specific non-dominating form of leadership."", ""turn"": 2, ""model"": ""terra"", ""connection_id"": ""BC-145d66e74e6cb7988397""}]"
SBLGNT:1Pet.5.4	strong	incil	motif	The chief shepherd | chief shepherd appears	The commentary’s human ruler is a shepherd under the owner’s care; Peter calls Christ the chief Shepherd whose appearing brings a crown, making human oversight subordinate to divine shepherding. | The title chief shepherd places local shepherd-leaders under a higher shepherd, akin to the source's distinction between the owner and those who lead within the herd scene.	sec3	"[{""line"": 53, ""strength"": ""medium"", ""tradition"": ""incil"", ""kind"": ""motif"", ""ref"": ""SBLGNT:1Pet.5.4"", ""basis"": ""The chief shepherd"", ""note"": ""The commentary’s human ruler is a shepherd under the owner’s care; Peter calls Christ the chief Shepherd whose appearing brings a crown, making human oversight subordinate to divine shepherding."", ""turn"": 1, ""model"": ""luna"", ""connection_id"": ""BC-1f91c3bda05e3bbed862""}, {""line"": 46, ""strength"": ""strong"", ""tradition"": ""incil"", ""kind"": ""motif"", ""ref"": ""SBLGNT:1Pet.5.4"", ""basis"": ""chief shepherd appears"", ""note"": ""The title chief shepherd places local shepherd-leaders under a higher shepherd, akin to the source's distinction between the owner and those who lead within the herd scene."", ""turn"": 1, ""model"": ""terra"", ""connection_id"": ""BC-a901dc16d7fb8fb1ee3b""}]"
SBLGNT:2Cor.4.18	medium	incil	motif	seen things are temporary and unseen things eternal	Paul's temporal-eternal contrast is a close Christian formulation of the source's conclusion about the worldly life and the more enduring reality, though it does not itself use pasture imagery.	sec3	"[{""line"": 107, ""strength"": ""medium"", ""tradition"": ""incil"", ""kind"": ""motif"", ""ref"": ""SBLGNT:2Cor.4.18"", ""basis"": ""seen things are temporary and unseen things eternal"", ""note"": ""Paul's temporal-eternal contrast is a close Christian formulation of the source's conclusion about the worldly life and the more enduring reality, though it does not itself use pasture imagery."", ""turn"": 2, ""model"": ""terra"", ""connection_id"": ""BC-34433067d4349b3a952e""}]"
SBLGNT:Acts.20.28	strong	incil	motif	Overseers shepherd God’s church | overseers shepherd God's acquired flock	The commentary says a governor shepherds his subjects; Paul charges overseers to shepherd God’s church, which God acquired, making pastoral leadership both delegated and accountable. | The elders must watch over the whole flock and shepherd God's assembly; it makes pastoral rule explicitly attentive and accountable, resonating with B002 and the source's B003 watchfulness.	sec3	"[{""line"": 83, ""strength"": ""strong"", ""tradition"": ""incil"", ""kind"": ""motif"", ""ref"": ""SBLGNT:Acts.20.28"", ""basis"": ""Overseers shepherd God’s church"", ""note"": ""The commentary says a governor shepherds his subjects; Paul charges overseers to shepherd God’s church, which God acquired, making pastoral leadership both delegated and accountable."", ""turn"": 2, ""model"": ""luna"", ""connection_id"": ""BC-84822d5d1fff53c143fb""}, {""line"": 43, ""strength"": ""strong"", ""tradition"": ""incil"", ""kind"": ""motif"", ""ref"": ""SBLGNT:Acts.20.28"", ""basis"": ""overseers shepherd God's acquired flock"", ""note"": ""The elders must watch over the whole flock and shepherd God's assembly; it makes pastoral rule explicitly attentive and accountable, resonating with B002 and the source's B003 watchfulness."", ""turn"": 1, ""model"": ""terra"", ""connection_id"": ""BC-cad6be4e08dfcdc400f3""}]"
SBLGNT:Acts.20.29	strong	incil	motif	fierce wolves will not spare the flock	Paul's warning supplies the threat that makes pastoral watchfulness necessary, sharpening the source's protective shepherd rather than repeating its generic title.	sec3	"[{""line"": 90, ""strength"": ""strong"", ""tradition"": ""incil"", ""kind"": ""motif"", ""ref"": ""SBLGNT:Acts.20.29"", ""basis"": ""fierce wolves will not spare the flock"", ""note"": ""Paul's warning supplies the threat that makes pastoral watchfulness necessary, sharpening the source's protective shepherd rather than repeating its generic title."", ""turn"": 2, ""model"": ""terra"", ""connection_id"": ""BC-05bdfc07eedfd0aa748b""}]"
SBLGNT:Eph.4.11	strong	incil	motif	pastors joined with teachers in communal leadership	The risen Christ gives pastors-and-teachers to the community, a concise Christian institutional use of shepherd language for guiding and forming people.	sec3	"[{""line"": 93, ""strength"": ""strong"", ""tradition"": ""incil"", ""kind"": ""motif"", ""ref"": ""SBLGNT:Eph.4.11"", ""basis"": ""pastors joined with teachers in communal leadership"", ""note"": ""The risen Christ gives pastors-and-teachers to the community, a concise Christian institutional use of shepherd language for guiding and forming people."", ""turn"": 2, ""model"": ""terra"", ""connection_id"": ""BC-b7c32c6aa2c675055b28""}]"
SBLGNT:Heb.13.20	medium	incil	motif	The great shepherd of the sheep | Jesus the great shepherd of the sheep	The commentary’s Rab is owner and shepherd of the flock; Hebrews calls Jesus the great shepherd of the sheep, grounding pastoral leadership in God’s covenant and the raising of Jesus from the dead. | The title great shepherd binds communal pastoral imagery to the God of peace and resurrection, a Christian theological development of the source's divine owner/shepherd.	sec3	"[{""line"": 86, ""strength"": ""medium"", ""tradition"": ""incil"", ""kind"": ""motif"", ""ref"": ""SBLGNT:Heb.13.20"", ""basis"": ""The great shepherd of the sheep"", ""note"": ""The commentary’s Rab is owner and shepherd of the flock; Hebrews calls Jesus the great shepherd of the sheep, grounding pastoral leadership in God’s covenant and the raising of Jesus from the dead."", ""turn"": 2, ""model"": ""luna"", ""connection_id"": ""BC-d20a399bab61f5c9ec12""}, {""line"": 57, ""strength"": ""medium"", ""tradition"": ""incil"", ""kind"": ""motif"", ""ref"": ""SBLGNT:Heb.13.20"", ""basis"": ""Jesus the great shepherd of the sheep"", ""note"": ""The title great shepherd binds communal pastoral imagery to the God of peace and resurrection, a Christian theological development of the source's divine owner/shepherd."", ""turn"": 1, ""model"": ""terra"", ""connection_id"": ""BC-19472ae1bd72aba4ac08""}]"
SBLGNT:John.10.11	strong	incil	motif	The good shepherd protects the sheep | good shepherd lays down life for sheep	The commentary glosses the shepherd as one who surrounds and preserves the animals; Jesus says the good shepherd lays down his life for the sheep, making protection costly and deliberate. | The good shepherd's self-giving makes protection of the flock more radical than the source's lexical description of the shepherd who surrounds and preserves livestock.	sec3	"[{""line"": 48, ""strength"": ""strong"", ""tradition"": ""incil"", ""kind"": ""motif"", ""ref"": ""SBLGNT:John.10.11"", ""basis"": ""The good shepherd protects the sheep"", ""note"": ""The commentary glosses the shepherd as one who surrounds and preserves the animals; Jesus says the good shepherd lays down his life for the sheep, making protection costly and deliberate."", ""turn"": 1, ""model"": ""luna"", ""connection_id"": ""BC-06e6bb85a9028f89663c""}, {""line"": 37, ""strength"": ""strong"", ""tradition"": ""incil"", ""kind"": ""motif"", ""ref"": ""SBLGNT:John.10.11"", ""basis"": ""good shepherd lays down life for sheep"", ""note"": ""The good shepherd's self-giving makes protection of the flock more radical than the source's lexical description of the shepherd who surrounds and preserves livestock."", ""turn"": 1, ""model"": ""terra"", ""connection_id"": ""BC-f4141a17ea1c25a5b43c""}]"
SBLGNT:John.10.12	strong	incil	motif	A failed guardian abandons the flock | hired hand does not own sheep and abandons them	The commentary’s shepherd protects livestock; the hired hand sees the wolf, abandons the sheep, and flees, dramatizing the difference between a true guardian and mere employment. | The contrast hinges on ownership and guarding: a hireling flees while the true shepherd's sheep are endangered, a negative foil to the source's owner who protects the herd.	sec3	"[{""line"": 49, ""strength"": ""medium"", ""tradition"": ""incil"", ""kind"": ""motif"", ""ref"": ""SBLGNT:John.10.12"", ""basis"": ""A failed guardian abandons the flock"", ""note"": ""The commentary’s shepherd protects livestock; the hired hand sees the wolf, abandons the sheep, and flees, dramatizing the difference between a true guardian and mere employment."", ""turn"": 1, ""model"": ""luna"", ""connection_id"": ""BC-3ea984821c0eec472671""}, {""line"": 38, ""strength"": ""strong"", ""tradition"": ""incil"", ""kind"": ""motif"", ""ref"": ""SBLGNT:John.10.12"", ""basis"": ""hired hand does not own sheep and abandons them"", ""note"": ""The contrast hinges on ownership and guarding: a hireling flees while the true shepherd's sheep are endangered, a negative foil to the source's owner who protects the herd."", ""turn"": 1, ""model"": ""terra"", ""connection_id"": ""BC-a8926e0dc6da2d3c1b9f""}]"
SBLGNT:John.10.14	strong	incil	motif	Shepherd knows his own | shepherd knows his own sheep	The commentary describes a single owner’s care of a flock; Jesus knows his own sheep and is known by them, adding reciprocal recognition to ownership and tending. | Mutual recognition between shepherd and sheep develops the source's closing move in which the person names this owner as his own Rab.	sec3	"[{""line"": 50, ""strength"": ""strong"", ""tradition"": ""incil"", ""kind"": ""motif"", ""ref"": ""SBLGNT:John.10.14"", ""basis"": ""Shepherd knows his own"", ""note"": ""The commentary describes a single owner’s care of a flock; Jesus knows his own sheep and is known by them, adding reciprocal recognition to ownership and tending."", ""turn"": 1, ""model"": ""luna"", ""connection_id"": ""BC-d1d8a03ccba7cc80a297""}, {""line"": 39, ""strength"": ""strong"", ""tradition"": ""incil"", ""kind"": ""motif"", ""ref"": ""SBLGNT:John.10.14"", ""basis"": ""shepherd knows his own sheep"", ""note"": ""Mutual recognition between shepherd and sheep develops the source's closing move in which the person names this owner as his own Rab."", ""turn"": 1, ""model"": ""terra"", ""connection_id"": ""BC-f315ca91ed8da870c451""}]"
SBLGNT:John.10.28	strong	incil	motif	eternal life and no snatching from the shepherd's hand	Jesus gives the sheep unending life and guarantees that no one will snatch them away, bringing the source's guarded flock and its lasting-life contrast together.	sec3	"[{""line"": 89, ""strength"": ""strong"", ""tradition"": ""incil"", ""kind"": ""motif"", ""ref"": ""SBLGNT:John.10.28"", ""basis"": ""eternal life and no snatching from the shepherd's hand"", ""note"": ""Jesus gives the sheep unending life and guarantees that no one will snatch them away, bringing the source's guarded flock and its lasting-life contrast together."", ""turn"": 2, ""model"": ""terra"", ""connection_id"": ""BC-ba5b7ac955936f7f6cf5""}]"
SBLGNT:John.10.3	strong	incil	motif	The shepherd calls his own sheep | calls own sheep and leads them out	The commentary calls Rab the herd’s owner and describes the one who guides it; the shepherd calls his own sheep by name and leads them out, joining ownership to personal guidance. | The shepherd calls his own sheep by name and leads them out, an unusually exact New Testament counterpart to the source's owner and B003 animal-leader scene.	sec3	"[{""line"": 45, ""strength"": ""strong"", ""tradition"": ""incil"", ""kind"": ""motif"", ""ref"": ""SBLGNT:John.10.3"", ""basis"": ""The shepherd calls his own sheep"", ""note"": ""The commentary calls Rab the herd’s owner and describes the one who guides it; the shepherd calls his own sheep by name and leads them out, joining ownership to personal guidance."", ""turn"": 1, ""model"": ""luna"", ""connection_id"": ""BC-a58b6fab8b18394f847f""}, {""line"": 34, ""strength"": ""strong"", ""tradition"": ""incil"", ""kind"": ""motif"", ""ref"": ""SBLGNT:John.10.3"", ""basis"": ""calls own sheep and leads them out"", ""note"": ""The shepherd calls his own sheep by name and leads them out, an unusually exact New Testament counterpart to the source's owner and B003 animal-leader scene."", ""turn"": 1, ""model"": ""terra"", ""connection_id"": ""BC-c797c145ca3ff00a6829""}]"
SBLGNT:John.10.4	strong	incil	motif	Leading ahead of the flock | goes before sheep and they follow	The commentary’s leaders among wild animals go ahead and guide the rest; Jesus’ shepherd goes ahead of his sheep and they follow, a close image of leading from the front. | The shepherd goes ahead of the sheep and they follow his known voice, directly realizing the commentary's detail of front animals guiding those behind.	sec3	"[{""line"": 46, ""strength"": ""strong"", ""tradition"": ""incil"", ""kind"": ""motif"", ""ref"": ""SBLGNT:John.10.4"", ""basis"": ""Leading ahead of the flock"", ""note"": ""The commentary’s leaders among wild animals go ahead and guide the rest; Jesus’ shepherd goes ahead of his sheep and they follow, a close image of leading from the front."", ""turn"": 1, ""model"": ""luna"", ""connection_id"": ""BC-c81c7c1982c80b77900b""}, {""line"": 35, ""strength"": ""strong"", ""tradition"": ""incil"", ""kind"": ""motif"", ""ref"": ""SBLGNT:John.10.4"", ""basis"": ""goes before sheep and they follow"", ""note"": ""The shepherd goes ahead of the sheep and they follow his known voice, directly realizing the commentary's detail of front animals guiding those behind."", ""turn"": 1, ""model"": ""terra"", ""connection_id"": ""BC-e85f7320770967ab576f""}]"
SBLGNT:John.10.9	strong	incil	motif	Sheep find pasture | go in and out and find pasture	The commentary’s owner guides the herd to pasture; Jesus says those entering through him will go in and out and find pasture, placing access to grazing within the shepherd image. | Within the shepherd discourse, entering through Jesus leads to safety and pasture; it joins protection with access to grazing as in the source's unified scene.	sec3	"[{""line"": 47, ""strength"": ""strong"", ""tradition"": ""incil"", ""kind"": ""motif"", ""ref"": ""SBLGNT:John.10.9"", ""basis"": ""Sheep find pasture"", ""note"": ""The commentary’s owner guides the herd to pasture; Jesus says those entering through him will go in and out and find pasture, placing access to grazing within the shepherd image."", ""turn"": 1, ""model"": ""luna"", ""connection_id"": ""BC-2a32fe3aae4c2f2d3f51""}, {""line"": 36, ""strength"": ""strong"", ""tradition"": ""incil"", ""kind"": ""motif"", ""ref"": ""SBLGNT:John.10.9"", ""basis"": ""go in and out and find pasture"", ""note"": ""Within the shepherd discourse, entering through Jesus leads to safety and pasture; it joins protection with access to grazing as in the source's unified scene."", ""turn"": 1, ""model"": ""terra"", ""connection_id"": ""BC-efef59333cf92b02ddfe""}]"
SBLGNT:John.21.16	strong	incil	motif	Peter told to shepherd Jesus’ sheep | commission to shepherd my sheep	The commentary extends the shepherd’s care to a ruler’s subjects; the risen Jesus tells Peter to shepherd his sheep, transferring pastoral responsibility to a human leader. | The risen Jesus entrusts his own sheep to Peter's care, distinguishing the flock's owner from the human leader who is commissioned to tend it.	sec3	"[{""line"": 81, ""strength"": ""strong"", ""tradition"": ""incil"", ""kind"": ""motif"", ""ref"": ""SBLGNT:John.21.16"", ""basis"": ""Peter told to shepherd Jesus’ sheep"", ""note"": ""The commentary extends the shepherd’s care to a ruler’s subjects; the risen Jesus tells Peter to shepherd his sheep, transferring pastoral responsibility to a human leader."", ""turn"": 2, ""model"": ""luna"", ""connection_id"": ""BC-a794c28342e93771b353""}, {""line"": 42, ""strength"": ""strong"", ""tradition"": ""incil"", ""kind"": ""motif"", ""ref"": ""SBLGNT:John.21.16"", ""basis"": ""commission to shepherd my sheep"", ""note"": ""The risen Jesus entrusts his own sheep to Peter's care, distinguishing the flock's owner from the human leader who is commissioned to tend it."", ""turn"": 1, ""model"": ""terra"", ""connection_id"": ""BC-3abd3b03e54f1303398c""}]"
SBLGNT:John.21.17	strong	incil	motif	Feed Jesus’ sheep	The commentary’s shepherd protects and tends livestock; Jesus tells Peter to feed his sheep, specifying practical provision as part of the leadership charge.	sec3	"[{""line"": 82, ""strength"": ""strong"", ""tradition"": ""incil"", ""kind"": ""motif"", ""ref"": ""SBLGNT:John.21.17"", ""basis"": ""Feed Jesus’ sheep"", ""note"": ""The commentary’s shepherd protects and tends livestock; Jesus tells Peter to feed his sheep, specifying practical provision as part of the leadership charge."", ""turn"": 2, ""model"": ""luna"", ""connection_id"": ""BC-d619ca462439e2b9b1cd""}]"
SBLGNT:Luke.12.32	medium	incil	motif	little flock and the Father's gift of the kingdom	Jesus calls the disciples a little flock while locating their security in the Father's gift of the kingdom, joining pastoral belonging with the source's movement beyond temporary worldly provision.	sec3	"[{""line"": 106, ""strength"": ""medium"", ""tradition"": ""incil"", ""kind"": ""motif"", ""ref"": ""SBLGNT:Luke.12.32"", ""basis"": ""little flock and the Father's gift of the kingdom"", ""note"": ""Jesus calls the disciples a little flock while locating their security in the Father's gift of the kingdom, joining pastoral belonging with the source's movement beyond temporary worldly provision."", ""turn"": 2, ""model"": ""terra"", ""connection_id"": ""BC-76982d5f4233a80eaca8""}]"
SBLGNT:Luke.15.4	medium	incil	motif	Seeking the lost sheep | owner seeks the one lost sheep	The commentary says the shepherd guards the flock and watches where matters lead; a shepherd searches for one lost sheep until he finds it, showing care as sustained attention to an outcome. | The shepherd leaves the ninety-nine to seek the lost sheep, making the source's enclosing and preserving shepherd an active seeker rather than only a keeper of pasture.	sec3	"[{""line"": 51, ""strength"": ""medium"", ""tradition"": ""incil"", ""kind"": ""motif"", ""ref"": ""SBLGNT:Luke.15.4"", ""basis"": ""Seeking the lost sheep"", ""note"": ""The commentary says the shepherd guards the flock and watches where matters lead; a shepherd searches for one lost sheep until he finds it, showing care as sustained attention to an outcome."", ""turn"": 1, ""model"": ""luna"", ""connection_id"": ""BC-b02e26fa0ef39c1b2a0c""}, {""line"": 56, ""strength"": ""medium"", ""tradition"": ""incil"", ""kind"": ""motif"", ""ref"": ""SBLGNT:Luke.15.4"", ""basis"": ""owner seeks the one lost sheep"", ""note"": ""The shepherd leaves the ninety-nine to seek the lost sheep, making the source's enclosing and preserving shepherd an active seeker rather than only a keeper of pasture."", ""turn"": 1, ""model"": ""terra"", ""connection_id"": ""BC-763ccc644bf9d4a5459c""}]"
SBLGNT:Mark.14.27	medium	incil	motif	struck shepherd and scattered sheep	The passion prediction reverses the source's secure owner-and-flock scene: when the shepherd is struck, the sheep scatter, showing the flock's dependence on its guide.	sec3	"[{""line"": 109, ""strength"": ""medium"", ""tradition"": ""incil"", ""kind"": ""motif"", ""ref"": ""SBLGNT:Mark.14.27"", ""basis"": ""struck shepherd and scattered sheep"", ""note"": ""The passion prediction reverses the source's secure owner-and-flock scene: when the shepherd is struck, the sheep scatter, showing the flock's dependence on its guide."", ""turn"": 2, ""model"": ""terra"", ""connection_id"": ""BC-964548298a4488308458""}]"
SBLGNT:Mark.6.34	strong	incil	motif	Shepherd-less people and teaching | crowd as sheep without shepherd; Jesus teaches	The commentary connects a shepherd’s guidance with care for a community; Jesus sees the crowd as sheep without a shepherd and begins to teach them, showing guidance as an answer to that lack. | Jesus responds to a shepherdless crowd by teaching it, making guidance of people the action expected from the missing shepherd.	sec3	"[{""line"": 44, ""strength"": ""strong"", ""tradition"": ""incil"", ""kind"": ""motif"", ""ref"": ""SBLGNT:Mark.6.34"", ""basis"": ""Shepherd-less people and teaching"", ""note"": ""The commentary connects a shepherd’s guidance with care for a community; Jesus sees the crowd as sheep without a shepherd and begins to teach them, showing guidance as an answer to that lack."", ""turn"": 1, ""model"": ""luna"", ""connection_id"": ""BC-11b780e4575d40627bb2""}, {""line"": 41, ""strength"": ""strong"", ""tradition"": ""incil"", ""kind"": ""motif"", ""ref"": ""SBLGNT:Mark.6.34"", ""basis"": ""crowd as sheep without shepherd; Jesus teaches"", ""note"": ""Jesus responds to a shepherdless crowd by teaching it, making guidance of people the action expected from the missing shepherd."", ""turn"": 1, ""model"": ""terra"", ""connection_id"": ""BC-3cb7865a233612e5853b""}]"
SBLGNT:Matt.2.6	strong	incil	motif	ruler who will shepherd Israel	Matthew's citation calls the coming figure both ruler and shepherd of Israel, precisely echoing the source's ruler/shepherd equation.	sec3	"[{""line"": 40, ""strength"": ""strong"", ""tradition"": ""incil"", ""kind"": ""motif"", ""ref"": ""SBLGNT:Matt.2.6"", ""basis"": ""ruler who will shepherd Israel"", ""note"": ""Matthew's citation calls the coming figure both ruler and shepherd of Israel, precisely echoing the source's ruler/shepherd equation."", ""turn"": 1, ""model"": ""terra"", ""connection_id"": ""BC-8ab77da1ce04e563ab0b""}]"
SBLGNT:Matt.25.32	medium	incil	motif	shepherd separates sheep from goats at judgment	The final judgment is pictured through a shepherd sorting a mixed herd; it gives the source's animal scene an eschatological use distinct from provisioning and protection.	sec3	"[{""line"": 108, ""strength"": ""medium"", ""tradition"": ""incil"", ""kind"": ""motif"", ""ref"": ""SBLGNT:Matt.25.32"", ""basis"": ""shepherd separates sheep from goats at judgment"", ""note"": ""The final judgment is pictured through a shepherd sorting a mixed herd; it gives the source's animal scene an eschatological use distinct from provisioning and protection."", ""turn"": 2, ""model"": ""terra"", ""connection_id"": ""BC-0624e84a8d16871e70a8""}]"
SBLGNT:Matt.6.30	medium	incil	motif	Grass here, then fuel | grass today, cast into an oven tomorrow	The commentary moves from pasture made waste to the temporary life of this world; Jesus contrasts grass in the field today with its being thrown into the oven tomorrow, using the plant’s short course to teach about trust in God’s provision. | Jesus uses grass's brief life to teach trust in God's provision; the image closely meets the source's created pasture that soon changes, while its argument concerns anxious humans rather than livestock.	sec3	"[{""line"": 55, ""strength"": ""medium"", ""tradition"": ""incil"", ""kind"": ""motif"", ""ref"": ""SBLGNT:Matt.6.30"", ""basis"": ""Grass here, then fuel"", ""note"": ""The commentary moves from pasture made waste to the temporary life of this world; Jesus contrasts grass in the field today with its being thrown into the oven tomorrow, using the plant’s short course to teach about trust in God’s provision."", ""turn"": 1, ""model"": ""luna"", ""connection_id"": ""BC-bf13b2827bcd6c9a92b6""}, {""line"": 58, ""strength"": ""medium"", ""tradition"": ""incil"", ""kind"": ""motif"", ""ref"": ""SBLGNT:Matt.6.30"", ""basis"": ""grass today, cast into an oven tomorrow"", ""note"": ""Jesus uses grass's brief life to teach trust in God's provision; the image closely meets the source's created pasture that soon changes, while its argument concerns anxious humans rather than livestock."", ""turn"": 1, ""model"": ""terra"", ""connection_id"": ""BC-a190fb0a35d61ec34bee""}]"
SBLGNT:Matt.9.36	strong	incil	motif	People as sheep without a shepherd	The commentary extends shepherding from livestock to a ruler’s subjects; Jesus sees the crowds harassed and helpless like sheep without a shepherd, making the image a diagnosis of neglected people.	sec3	"[{""line"": 43, ""strength"": ""strong"", ""tradition"": ""incil"", ""kind"": ""motif"", ""ref"": ""SBLGNT:Matt.9.36"", ""basis"": ""People as sheep without a shepherd"", ""note"": ""The commentary extends shepherding from livestock to a ruler’s subjects; Jesus sees the crowds harassed and helpless like sheep without a shepherd, making the image a diagnosis of neglected people."", ""turn"": 1, ""model"": ""luna"", ""connection_id"": ""BC-b643f1b825d940772d83""}]"
SBLGNT:Rev.12.5	medium	incil	motif	A shepherd-king rules the nations	The commentary says a ruler shepherds his subjects; Revelation depicts the child destined to shepherd all nations with an iron rod, preserving the political shepherd image while giving it a forceful judgment register.	sec3	"[{""line"": 87, ""strength"": ""medium"", ""tradition"": ""incil"", ""kind"": ""motif"", ""ref"": ""SBLGNT:Rev.12.5"", ""basis"": ""A shepherd-king rules the nations"", ""note"": ""The commentary says a ruler shepherds his subjects; Revelation depicts the child destined to shepherd all nations with an iron rod, preserving the political shepherd image while giving it a forceful judgment register."", ""turn"": 2, ""model"": ""luna"", ""connection_id"": ""BC-459b1ecc24ffdc67afca""}]"
SBLGNT:Rev.19.15	strong	incil	motif	ruling nations expressed by the shepherd verb	The royal judge's rule over nations is stated with the verb to shepherd, preserving the political sense of tending subjects foregrounded in source B002.	sec3	"[{""line"": 48, ""strength"": ""strong"", ""tradition"": ""incil"", ""kind"": ""motif"", ""ref"": ""SBLGNT:Rev.19.15"", ""basis"": ""ruling nations expressed by the shepherd verb"", ""note"": ""The royal judge's rule over nations is stated with the verb to shepherd, preserving the political sense of tending subjects foregrounded in source B002."", ""turn"": 1, ""model"": ""terra"", ""connection_id"": ""BC-488e9af8c3971e9971db""}]"
SBLGNT:Rev.7.16	strong	incil	motif	flock no longer hungers or thirsts	The eschatological community's freedom from hunger and thirst supplies the provision that the following shepherd-and-springs image brings to completion, echoing the source's pasture and lasting-life movement.	sec3	"[{""line"": 92, ""strength"": ""strong"", ""tradition"": ""incil"", ""kind"": ""motif"", ""ref"": ""SBLGNT:Rev.7.16"", ""basis"": ""flock no longer hungers or thirsts"", ""note"": ""The eschatological community's freedom from hunger and thirst supplies the provision that the following shepherd-and-springs image brings to completion, echoing the source's pasture and lasting-life movement."", ""turn"": 2, ""model"": ""terra"", ""connection_id"": ""BC-e7180975437cc9c5f6bb""}]"
SBLGNT:Rev.7.17	strong	incil	motif	The Lamb shepherds and guides | Lamb shepherds and guides to springs of life	The commentary’s scene brings a flock to pasture under its owner’s guidance; the Lamb shepherds the redeemed and guides them to springs of living water, joining shepherding with final provision. | The Lamb becomes the shepherd who guides the flock to living-water springs; it carries the source's pasture-and-guidance image into its own enduring, eschatological setting.	sec3	"[{""line"": 54, ""strength"": ""strong"", ""tradition"": ""incil"", ""kind"": ""motif"", ""ref"": ""SBLGNT:Rev.7.17"", ""basis"": ""The Lamb shepherds and guides"", ""note"": ""The commentary’s scene brings a flock to pasture under its owner’s guidance; the Lamb shepherds the redeemed and guides them to springs of living water, joining shepherding with final provision."", ""turn"": 1, ""model"": ""luna"", ""connection_id"": ""BC-72467f90ee70e8411822""}, {""line"": 47, ""strength"": ""strong"", ""tradition"": ""incil"", ""kind"": ""motif"", ""ref"": ""SBLGNT:Rev.7.17"", ""basis"": ""Lamb shepherds and guides to springs of life"", ""note"": ""The Lamb becomes the shepherd who guides the flock to living-water springs; it carries the source's pasture-and-guidance image into its own enduring, eschatological setting."", ""turn"": 1, ""model"": ""terra"", ""connection_id"": ""BC-a3ef6c1c6baaf3a62e1f""}]"
Shepherd of Hermas, Vision 5.1–7	weak	incil	yorum_gelenegi	angel of repentance appears as shepherd	Hermas receives moral commands from a shepherd figure; this later Christian use turns pastoral guidance into corrective formation, a plausible extension of the source's Rab-as-corrector within its herd image.	sec3	"[{""line"": 60, ""strength"": ""weak"", ""tradition"": ""incil"", ""kind"": ""yorum_gelenegi"", ""ref"": ""Shepherd of Hermas, Vision 5.1–7"", ""basis"": ""angel of repentance appears as shepherd"", ""note"": ""Hermas receives moral commands from a shepherd figure; this later Christian use turns pastoral guidance into corrective formation, a plausible extension of the source's Rab-as-corrector within its herd image."", ""turn"": 1, ""model"": ""terra"", ""connection_id"": ""BC-7d891bb1333cdf843d2f""}]"
1 Enoch 89:59–90:27	medium	tevrat	motif	Lord of sheep and accountable appointed shepherds	The Animal Apocalypse represents Israel as sheep under the Lord of the sheep and appointed shepherds whose stewardship is judged; it expands the source's owner, flock, and delegated leaders into an apocalyptic history.	sec3	"[{""line"": 55, ""strength"": ""medium"", ""tradition"": ""tevrat"", ""kind"": ""motif"", ""ref"": ""1 Enoch 89:59–90:27"", ""basis"": ""Lord of sheep and accountable appointed shepherds"", ""note"": ""The Animal Apocalypse represents Israel as sheep under the Lord of the sheep and appointed shepherds whose stewardship is judged; it expands the source's owner, flock, and delegated leaders into an apocalyptic history."", ""turn"": 1, ""model"": ""terra"", ""connection_id"": ""BC-55e3dde8c8b16a97c8fa""}]"
Exodus Rabbah 2:2	strong	tevrat	yorum_gelenegi	Moses’ compassion for a stray lamb | Moses carries the thirsty straying lamb	The commentary says a shepherd surrounds and protects animals and compares this to a ruler’s care of subjects; this midrash says Moses was chosen after he carried a tired lamb to water, interpreting leadership as attentive care for the vulnerable. | The midrash makes Moses's compassionate attention to a runaway lamb the reason God entrusts Israel to him; it turns the source's Musa-and-shepherd scene into a criterion for protective leadership.	sec3	"[{""line"": 59, ""strength"": ""medium"", ""tradition"": ""tevrat"", ""kind"": ""yorum_gelenegi"", ""ref"": ""Exodus Rabbah 2:2"", ""basis"": ""Moses’ compassion for a stray lamb"", ""note"": ""The commentary says a shepherd surrounds and protects animals and compares this to a ruler’s care of subjects; this midrash says Moses was chosen after he carried a tired lamb to water, interpreting leadership as attentive care for the vulnerable."", ""turn"": 2, ""model"": ""luna"", ""connection_id"": ""BC-9cdd56f6fb6b5ea5845b""}, {""line"": 31, ""strength"": ""strong"", ""tradition"": ""tevrat"", ""kind"": ""yorum_gelenegi"", ""ref"": ""Exodus Rabbah 2:2"", ""basis"": ""Moses carries the thirsty straying lamb"", ""note"": ""The midrash makes Moses's compassionate attention to a runaway lamb the reason God entrusts Israel to him; it turns the source's Musa-and-shepherd scene into a criterion for protective leadership."", ""turn"": 1, ""model"": ""terra"", ""connection_id"": ""BC-ed2d0763eea3372cf1ab""}]"
Psalms of Solomon 17:40–41	strong	tevrat	yorum_gelenegi	Davidic king shepherds the Lord's flock faithfully	The psalm portrays the hoped-for Davidic ruler as faithfully shepherding the Lord's flock, preventing their stumbling in pasture and leading them in holiness; it fuses delegated rule, divine ownership, and guidance.	sec3	"[{""line"": 88, ""strength"": ""strong"", ""tradition"": ""tevrat"", ""kind"": ""yorum_gelenegi"", ""ref"": ""Psalms of Solomon 17:40–41"", ""basis"": ""Davidic king shepherds the Lord's flock faithfully"", ""note"": ""The psalm portrays the hoped-for Davidic ruler as faithfully shepherding the Lord's flock, preventing their stumbling in pasture and leading them in holiness; it fuses delegated rule, divine ownership, and guidance."", ""turn"": 2, ""model"": ""terra"", ""connection_id"": ""BC-a312bc42b657c7f55713""}]"
Sifre Numbers 140	strong	tevrat	yorum_gelenegi	leader must go out and come in before Israel	The exposition of Numbers 27:17 reads Moses's request as one for a leader present with the people rather than distant from them, sharpening the source's image of the animal that leads the others from in front.	sec3	"[{""line"": 32, ""strength"": ""strong"", ""tradition"": ""tevrat"", ""kind"": ""yorum_gelenegi"", ""ref"": ""Sifre Numbers 140"", ""basis"": ""leader must go out and come in before Israel"", ""note"": ""The exposition of Numbers 27:17 reads Moses's request as one for a leader present with the people rather than distant from them, sharpening the source's image of the animal that leads the others from in front."", ""turn"": 1, ""model"": ""terra"", ""connection_id"": ""BC-6d3741f87bef1c8dbee5""}]"
Targum Onkelos on Numbers 27:17	strong	tevrat	soydas	source ر ع ي B002; Aramaic rʿyā for shepherd	The Aramaic witness retains the congregation-as-sheep-without-a-shepherd image in Moses's succession request; its rʿyā is a cognate of the source's rāʿī and still carries public leadership.	sec3	"[{""line"": 33, ""strength"": ""strong"", ""tradition"": ""tevrat"", ""kind"": ""soydas"", ""ref"": ""Targum Onkelos on Numbers 27:17"", ""basis"": ""source ر ع ي B002; Aramaic rʿyā for shepherd"", ""note"": ""The Aramaic witness retains the congregation-as-sheep-without-a-shepherd image in Moses's succession request; its rʿyā is a cognate of the source's rāʿī and still carries public leadership."", ""turn"": 1, ""model"": ""terra"", ""connection_id"": ""BC-b33a0066934d4b56db4e""}]"
WLC:1Sam.17.34	strong	tevrat	motif	A shepherd protects his flock from predators	The commentary defines the shepherd as protecting livestock; David recounts pursuing a lion or bear that took a lamb from the flock, giving a concrete human example of pastoral guardianship.	sec3	"[{""line"": 60, ""strength"": ""strong"", ""tradition"": ""tevrat"", ""kind"": ""motif"", ""ref"": ""WLC:1Sam.17.34"", ""basis"": ""A shepherd protects his flock from predators"", ""note"": ""The commentary defines the shepherd as protecting livestock; David recounts pursuing a lion or bear that took a lamb from the flock, giving a concrete human example of pastoral guardianship."", ""turn"": 2, ""model"": ""luna"", ""connection_id"": ""BC-9f331d4248227c34851f""}]"
WLC:1Sam.17.35	strong	tevrat	motif	Rescuing the lamb from the predator | David pursues a predator and rescues the lamb	The commentary’s shepherd preserves the herd; David says he struck the predator and rescued the lamb from its mouth, specifying protection as active recovery. | David's shepherding includes going after the lion or bear and delivering the sheep from its mouth, a concrete protective action for the source's keeper who guards livestock.	sec3	"[{""line"": 61, ""strength"": ""strong"", ""tradition"": ""tevrat"", ""kind"": ""motif"", ""ref"": ""WLC:1Sam.17.35"", ""basis"": ""Rescuing the lamb from the predator"", ""note"": ""The commentary’s shepherd preserves the herd; David says he struck the predator and rescued the lamb from its mouth, specifying protection as active recovery."", ""turn"": 2, ""model"": ""luna"", ""connection_id"": ""BC-702f3cc2fd7d222ee8a3""}, {""line"": 67, ""strength"": ""strong"", ""tradition"": ""tevrat"", ""kind"": ""motif"", ""ref"": ""WLC:1Sam.17.35"", ""basis"": ""David pursues a predator and rescues the lamb"", ""note"": ""David's shepherding includes going after the lion or bear and delivering the sheep from its mouth, a concrete protective action for the source's keeper who guards livestock."", ""turn"": 2, ""model"": ""terra"", ""connection_id"": ""BC-dcad7d39af4bc7c8ca5f""}]"
WLC:2Sam.23.3	strong	tevrat	motif	just rule in the fear of God	David's oracle defines the God-fearing ruler whose effect is developed in the next verse; it supplies the governing member of the source's shepherd-ruler image.	sec3	"[{""line"": 74, ""strength"": ""strong"", ""tradition"": ""tevrat"", ""kind"": ""motif"", ""ref"": ""WLC:2Sam.23.3"", ""basis"": ""just rule in the fear of God"", ""note"": ""David's oracle defines the God-fearing ruler whose effect is developed in the next verse; it supplies the governing member of the source's shepherd-ruler image."", ""turn"": 2, ""model"": ""terra"", ""connection_id"": ""BC-c849b8a75281d2cecde1""}]"
WLC:2Sam.23.4	strong	tevrat	motif	rain causes grass to sprout from the earth	The next line compares the just ruler's advent to light and rain that sprouts grass, a striking joining of righteous rule with the growth of the source's pasture.	sec3	"[{""line"": 75, ""strength"": ""strong"", ""tradition"": ""tevrat"", ""kind"": ""motif"", ""ref"": ""WLC:2Sam.23.4"", ""basis"": ""rain causes grass to sprout from the earth"", ""note"": ""The next line compares the just ruler's advent to light and rain that sprouts grass, a striking joining of righteous rule with the growth of the source's pasture."", ""turn"": 2, ""model"": ""terra"", ""connection_id"": ""BC-e74ed054e6637cd556c6""}]"
WLC:2Sam.5.2	strong	tevrat	motif	Shepherd and ruler are one role | ruler commissioned to shepherd Israel	The commentary says the ruler shepherds his subjects; Israel’s elders tell David that he will shepherd Israel and be its leader, explicitly joining pastoral care and political rule. | Israel tells David that he will shepherd God's people and be their ruler; its royal formula is a precise analogue to the source's B002 equation of governor and shepherd.	sec3	"[{""line"": 62, ""strength"": ""strong"", ""tradition"": ""tevrat"", ""kind"": ""motif"", ""ref"": ""WLC:2Sam.5.2"", ""basis"": ""Shepherd and ruler are one role"", ""note"": ""The commentary says the ruler shepherds his subjects; Israel’s elders tell David that he will shepherd Israel and be its leader, explicitly joining pastoral care and political rule."", ""turn"": 2, ""model"": ""luna"", ""connection_id"": ""BC-9e4cc02f9fd99832343d""}, {""line"": 14, ""strength"": ""strong"", ""tradition"": ""tevrat"", ""kind"": ""motif"", ""ref"": ""WLC:2Sam.5.2"", ""basis"": ""ruler commissioned to shepherd Israel"", ""note"": ""Israel tells David that he will shepherd God's people and be their ruler; its royal formula is a precise analogue to the source's B002 equation of governor and shepherd."", ""turn"": 1, ""model"": ""terra"", ""connection_id"": ""BC-a0e76bf890359310534f""}]"
WLC:2Sam.7.8	strong	tevrat	motif	David taken from pasture and following sheep to rule Israel	God recalls taking David from following sheep to be prince over Israel, making the shepherd-to-ruler transition explicit rather than merely metaphorical.	sec3	"[{""line"": 66, ""strength"": ""strong"", ""tradition"": ""tevrat"", ""kind"": ""motif"", ""ref"": ""WLC:2Sam.7.8"", ""basis"": ""David taken from pasture and following sheep to rule Israel"", ""note"": ""God recalls taking David from following sheep to be prince over Israel, making the shepherd-to-ruler transition explicit rather than merely metaphorical."", ""turn"": 2, ""model"": ""terra"", ""connection_id"": ""BC-318294b3641e28e2d21d""}]"
WLC:Amos.3.12	strong	tevrat	motif	shepherd rescues remnants from a lion's mouth	Amos's image of a shepherd recovering only a leg or ear from a predator gives a grim, concrete limit case for the source's protecting shepherd.	sec3	"[{""line"": 85, ""strength"": ""strong"", ""tradition"": ""tevrat"", ""kind"": ""motif"", ""ref"": ""WLC:Amos.3.12"", ""basis"": ""shepherd rescues remnants from a lion's mouth"", ""note"": ""Amos's image of a shepherd recovering only a leg or ear from a predator gives a grim, concrete limit case for the source's protecting shepherd."", ""turn"": 2, ""model"": ""terra"", ""connection_id"": ""BC-a5ca6e39cfa133bf203f""}]"
WLC:Deut.11.15	strong	tevrat	motif	Grass in the fields for cattle | grass for livestock and food for people	The commentary says God brings forth pasture and animals graze it; the promise of rain includes grass in the fields for cattle, making pasture provision part of the land’s gift. | The land blessing explicitly moves from grass supplied for cattle to human eating, paralleling the commentary's pasture as provision for both people and their animals.	sec3	"[{""line"": 35, ""strength"": ""medium"", ""tradition"": ""tevrat"", ""kind"": ""motif"", ""ref"": ""WLC:Deut.11.15"", ""basis"": ""Grass in the fields for cattle"", ""note"": ""The commentary says God brings forth pasture and animals graze it; the promise of rain includes grass in the fields for cattle, making pasture provision part of the land’s gift."", ""turn"": 1, ""model"": ""luna"", ""connection_id"": ""BC-be812d2fd5e1eb7c8e1b""}, {""line"": 8, ""strength"": ""strong"", ""tradition"": ""tevrat"", ""kind"": ""motif"", ""ref"": ""WLC:Deut.11.15"", ""basis"": ""grass for livestock and food for people"", ""note"": ""The land blessing explicitly moves from grass supplied for cattle to human eating, paralleling the commentary's pasture as provision for both people and their animals."", ""turn"": 1, ""model"": ""terra"", ""connection_id"": ""BC-cb5cfc29a446dfe6d78d""}]"
WLC:Deut.25.4	medium	tevrat	motif	working ox must not be muzzled	The law protects an animal's access to food while it works, a concrete ethical analogue to the source's working camels and livestock sustained by grazing.	sec3	"[{""line"": 97, ""strength"": ""medium"", ""tradition"": ""tevrat"", ""kind"": ""motif"", ""ref"": ""WLC:Deut.25.4"", ""basis"": ""working ox must not be muzzled"", ""note"": ""The law protects an animal's access to food while it works, a concrete ethical analogue to the source's working camels and livestock sustained by grazing."", ""turn"": 2, ""model"": ""terra"", ""connection_id"": ""BC-3dc0970f6be98f22545b""}]"
WLC:Deut.4.19	weak	tevrat	motif	Watching stars and refusing their worship	The commentary mentions star-watching as a secondary r-ʿ-y sense while assigning the ultimate oversight to the Lord; Deuteronomy warns Israel not to be drawn into bowing to the sun, moon, and stars, adding a caution about confusing observation with divine rule.	sec3	"[{""line"": 78, ""strength"": ""weak"", ""tradition"": ""tevrat"", ""kind"": ""motif"", ""ref"": ""WLC:Deut.4.19"", ""basis"": ""Watching stars and refusing their worship"", ""note"": ""The commentary mentions star-watching as a secondary r-ʿ-y sense while assigning the ultimate oversight to the Lord; Deuteronomy warns Israel not to be drawn into bowing to the sun, moon, and stars, adding a caution about confusing observation with divine rule."", ""turn"": 2, ""model"": ""luna"", ""connection_id"": ""BC-90c85a4cac1ff9a2e5f0""}]"
WLC:Eccl.12.11	strong	tevrat	motif	wise instruction given by one shepherd	Ecclesiastes attributes wisdom that prods and steadies its hearers to one shepherd, extending the source's pastoral guide into correction and instruction.	sec3	"[{""line"": 79, ""strength"": ""strong"", ""tradition"": ""tevrat"", ""kind"": ""motif"", ""ref"": ""WLC:Eccl.12.11"", ""basis"": ""wise instruction given by one shepherd"", ""note"": ""Ecclesiastes attributes wisdom that prods and steadies its hearers to one shepherd, extending the source's pastoral guide into correction and instruction."", ""turn"": 2, ""model"": ""terra"", ""connection_id"": ""BC-1cfaf2269e9210e560e7""}]"
WLC:Exod.2.17	medium	tevrat	motif	Moses protects shepherds and waters their flock	Moses drives away attackers and waters the flock for Midianite shepherds, a specific earlier portrayal of the protective action the source assigns to a shepherd.	sec3	"[{""line"": 53, ""strength"": ""medium"", ""tradition"": ""tevrat"", ""kind"": ""motif"", ""ref"": ""WLC:Exod.2.17"", ""basis"": ""Moses protects shepherds and waters their flock"", ""note"": ""Moses drives away attackers and waters the flock for Midianite shepherds, a specific earlier portrayal of the protective action the source assigns to a shepherd."", ""turn"": 1, ""model"": ""terra"", ""connection_id"": ""BC-23733a1b806484bc42f1""}]"
WLC:Exod.3.1	medium	tevrat	motif	Moses as a shepherd before his mission | Moses pastures Jethro's flock to Horeb	The commentary points to Moses’ answer to Pharaoh as its explicit grazing scene; Exodus first shows Moses shepherding Jethro’s flock and bringing it to Horeb, giving that speaker a prior pastoral setting without retelling the Pharaoh encounter. | The biblical Moses first appears at Horeb while tending and leading a flock; alongside the commentary's explicit Musa setting, this gives a concrete narrative pastoral setting without claiming the two accounts are the same scene.	sec3	"[{""line"": 58, ""strength"": ""weak"", ""tradition"": ""tevrat"", ""kind"": ""motif"", ""ref"": ""WLC:Exod.3.1"", ""basis"": ""Moses as a shepherd before his mission"", ""note"": ""The commentary points to Moses’ answer to Pharaoh as its explicit grazing scene; Exodus first shows Moses shepherding Jethro’s flock and bringing it to Horeb, giving that speaker a prior pastoral setting without retelling the Pharaoh encounter."", ""turn"": 2, ""model"": ""luna"", ""connection_id"": ""BC-0ab71b698d6c18c36e14""}, {""line"": 52, ""strength"": ""medium"", ""tradition"": ""tevrat"", ""kind"": ""motif"", ""ref"": ""WLC:Exod.3.1"", ""basis"": ""Moses pastures Jethro's flock to Horeb"", ""note"": ""The biblical Moses first appears at Horeb while tending and leading a flock; alongside the commentary's explicit Musa setting, this gives a concrete narrative pastoral setting without claiming the two accounts are the same scene."", ""turn"": 1, ""model"": ""terra"", ""connection_id"": ""BC-8a31a87d7bdbb59f0aac""}]"
WLC:Ezek.34.11	strong	tevrat	motif	Owner seeks his flock	The commentary fuses owner and shepherd in one scene; God says he himself will search for and seek his sheep, making divine ownership active rather than merely possessive.	sec3	"[{""line"": 28, ""strength"": ""strong"", ""tradition"": ""tevrat"", ""kind"": ""motif"", ""ref"": ""WLC:Ezek.34.11"", ""basis"": ""Owner seeks his flock"", ""note"": ""The commentary fuses owner and shepherd in one scene; God says he himself will search for and seek his sheep, making divine ownership active rather than merely possessive."", ""turn"": 1, ""model"": ""luna"", ""connection_id"": ""BC-d398e7e125218fb5366c""}]"
WLC:Ezek.34.12	strong	tevrat	motif	Sheep gathered from danger	The commentary’s shepherd guards the flock; God rescues his sheep from the cloudy, dark day on which they were scattered, adding rescue at the moment of peril.	sec3	"[{""line"": 29, ""strength"": ""strong"", ""tradition"": ""tevrat"", ""kind"": ""motif"", ""ref"": ""WLC:Ezek.34.12"", ""basis"": ""Sheep gathered from danger"", ""note"": ""The commentary’s shepherd guards the flock; God rescues his sheep from the cloudy, dark day on which they were scattered, adding rescue at the moment of peril."", ""turn"": 1, ""model"": ""luna"", ""connection_id"": ""BC-faedfded8c973970ed7c""}]"
WLC:Ezek.34.13	strong	tevrat	motif	Led out to pasture | God gathers sheep and feeds them on mountains	The commentary’s owner guides a herd to pasture; God brings the sheep out from the peoples and feeds them on Israel’s mountains, joining gathering, guidance, and grazing. | God himself brings the scattered flock out, gathers it, and feeds it on the mountains; this is a particularly close scene of owner, leading, and pasture.	sec3	"[{""line"": 30, ""strength"": ""strong"", ""tradition"": ""tevrat"", ""kind"": ""motif"", ""ref"": ""WLC:Ezek.34.13"", ""basis"": ""Led out to pasture"", ""note"": ""The commentary’s owner guides a herd to pasture; God brings the sheep out from the peoples and feeds them on Israel’s mountains, joining gathering, guidance, and grazing."", ""turn"": 1, ""model"": ""luna"", ""connection_id"": ""BC-d1bf6555df5855303fb7""}, {""line"": 20, ""strength"": ""strong"", ""tradition"": ""tevrat"", ""kind"": ""motif"", ""ref"": ""WLC:Ezek.34.13"", ""basis"": ""God gathers sheep and feeds them on mountains"", ""note"": ""God himself brings the scattered flock out, gathers it, and feeds it on the mountains; this is a particularly close scene of owner, leading, and pasture."", ""turn"": 1, ""model"": ""terra"", ""connection_id"": ""BC-24fca31f7a68a4bd0e8e""}]"
WLC:Ezek.34.14	strong	tevrat	motif|soydas	Good pasture | good pasture and secure grazing land | source ر ع ي B002/B003/B007; Hebrew רעה and מרעה	The commentary calls the pasture protected and supplied; God feeds his sheep in good grazing land and on rich pasture, giving a direct counterpart to the image of pasture provided by its owner. | The promised sheep receive good pasture and lie down in rich grazing land, supplying the protected-pasture element of the source without reducing it to a word match. | The Hebrew verb for tending and noun for pasture are cognate with the source's ر ع ي family; here they describe God feeding sheep in a good pasture, including both the source's shepherd and marʿā senses.	sec3	"[{""line"": 31, ""strength"": ""strong"", ""tradition"": ""tevrat"", ""kind"": ""motif"", ""ref"": ""WLC:Ezek.34.14"", ""basis"": ""Good pasture"", ""note"": ""The commentary calls the pasture protected and supplied; God feeds his sheep in good grazing land and on rich pasture, giving a direct counterpart to the image of pasture provided by its owner."", ""turn"": 1, ""model"": ""luna"", ""connection_id"": ""BC-a49e5d6bd785087cfed3""}, {""line"": 21, ""strength"": ""strong"", ""tradition"": ""tevrat"", ""kind"": ""motif"", ""ref"": ""WLC:Ezek.34.14"", ""basis"": ""good pasture and secure grazing land"", ""note"": ""The promised sheep receive good pasture and lie down in rich grazing land, supplying the protected-pasture element of the source without reducing it to a word match."", ""turn"": 1, ""model"": ""terra"", ""connection_id"": ""BC-aecdb5db72561b9f829b""}, {""line"": 22, ""strength"": ""strong"", ""tradition"": ""tevrat"", ""kind"": ""soydas"", ""ref"": ""WLC:Ezek.34.14"", ""basis"": ""source ر ع ي B002/B003/B007; Hebrew רעה and מרעה"", ""note"": ""The Hebrew verb for tending and noun for pasture are cognate with the source's ر ع ي family; here they describe God feeding sheep in a good pasture, including both the source's shepherd and marʿā senses."", ""turn"": 1, ""model"": ""terra"", ""connection_id"": ""BC-fc1ddec33e1e3f2c2929""}]"
WLC:Ezek.34.15	strong	tevrat	motif	God shepherds and gives rest | God himself pastures and gives rest	The commentary’s Lord is the flock’s owner and the shepherd who guards it; God says he will shepherd his sheep and make them lie down, uniting those roles in the same figure. | The divine speaker personally shepherds the flock and makes it lie down, the clearest biblical formulation of the commentary's owner who both leads and supplies the grazing place.	sec3	"[{""line"": 32, ""strength"": ""strong"", ""tradition"": ""tevrat"", ""kind"": ""motif"", ""ref"": ""WLC:Ezek.34.15"", ""basis"": ""God shepherds and gives rest"", ""note"": ""The commentary’s Lord is the flock’s owner and the shepherd who guards it; God says he will shepherd his sheep and make them lie down, uniting those roles in the same figure."", ""turn"": 1, ""model"": ""luna"", ""connection_id"": ""BC-c8852229e059816c7ae2""}, {""line"": 23, ""strength"": ""strong"", ""tradition"": ""tevrat"", ""kind"": ""motif"", ""ref"": ""WLC:Ezek.34.15"", ""basis"": ""God himself pastures and gives rest"", ""note"": ""The divine speaker personally shepherds the flock and makes it lie down, the clearest biblical formulation of the commentary's owner who both leads and supplies the grazing place."", ""turn"": 1, ""model"": ""terra"", ""connection_id"": ""BC-8e5f87dbeaee4909a334""}]"
WLC:Ezek.34.16	strong	tevrat	motif	Seeking and tending | God seeks lost, restores strayed, binds injured, and strengthens weak	The commentary’s shepherd protects the herd and watches where affairs will end; God seeks the lost, brings back the strayed, binds the injured, and strengthens the weak, while judging the fat and strong sheep. | God's own response reverses failed leadership through specific acts of search, restoration, and healing, deepening the source's owner-protector scene.	sec3	"[{""line"": 33, ""strength"": ""strong"", ""tradition"": ""tevrat"", ""kind"": ""motif"", ""ref"": ""WLC:Ezek.34.16"", ""basis"": ""Seeking and tending"", ""note"": ""The commentary’s shepherd protects the herd and watches where affairs will end; God seeks the lost, brings back the strayed, binds the injured, and strengthens the weak, while judging the fat and strong sheep."", ""turn"": 1, ""model"": ""luna"", ""connection_id"": ""BC-dfca719bb6bbe7871e3e""}, {""line"": 81, ""strength"": ""strong"", ""tradition"": ""tevrat"", ""kind"": ""motif"", ""ref"": ""WLC:Ezek.34.16"", ""basis"": ""God seeks lost, restores strayed, binds injured, and strengthens weak"", ""note"": ""God's own response reverses failed leadership through specific acts of search, restoration, and healing, deepening the source's owner-protector scene."", ""turn"": 2, ""model"": ""terra"", ""connection_id"": ""BC-88bdd456d67e19b89b63""}]"
WLC:Ezek.34.18	medium	tevrat	motif	Sheep trample the pasture	The commentary pairs a protected pasture with a shepherd who guards it; Ezekiel asks why well-fed sheep trample the rest of the pasture, making care for shared grazing land part of the pastoral duty.	sec3	"[{""line"": 73, ""strength"": ""medium"", ""tradition"": ""tevrat"", ""kind"": ""motif"", ""ref"": ""WLC:Ezek.34.18"", ""basis"": ""Sheep trample the pasture"", ""note"": ""The commentary pairs a protected pasture with a shepherd who guards it; Ezekiel asks why well-fed sheep trample the rest of the pasture, making care for shared grazing land part of the pastoral duty."", ""turn"": 2, ""model"": ""luna"", ""connection_id"": ""BC-e5d5fc9ae1ffdfee8742""}]"
WLC:Ezek.34.19	medium	tevrat	motif	Other sheep eat trampled pasture	The commentary’s pasture is a provision belonging to the flock; Ezekiel says God’s sheep must eat what the strong sheep have trampled, adding harm within the flock to the image.	sec3	"[{""line"": 74, ""strength"": ""medium"", ""tradition"": ""tevrat"", ""kind"": ""motif"", ""ref"": ""WLC:Ezek.34.19"", ""basis"": ""Other sheep eat trampled pasture"", ""note"": ""The commentary’s pasture is a provision belonging to the flock; Ezekiel says God’s sheep must eat what the strong sheep have trampled, adding harm within the flock to the image."", ""turn"": 2, ""model"": ""luna"", ""connection_id"": ""BC-41d15e7c26ea61ef1eee""}]"
WLC:Ezek.34.2	strong	tevrat	motif	Shepherds and rulers | shepherd-rulers feed themselves instead of flock	The commentary says the ruler tends his subjects like a shepherd tends livestock; Ezekiel indicts Israel’s shepherds for feeding themselves rather than the flock, making rule answerable to those cared for. | Ezekiel's indictment turns the source's ruler-as-shepherd image into a negative test: leaders who consume provision themselves fail the flock entrusted to them.	sec3	"[{""line"": 26, ""strength"": ""strong"", ""tradition"": ""tevrat"", ""kind"": ""motif"", ""ref"": ""WLC:Ezek.34.2"", ""basis"": ""Shepherds and rulers"", ""note"": ""The commentary says the ruler tends his subjects like a shepherd tends livestock; Ezekiel indicts Israel’s shepherds for feeding themselves rather than the flock, making rule answerable to those cared for."", ""turn"": 1, ""model"": ""luna"", ""connection_id"": ""BC-3ac1ce454c5b5a7e7a30""}, {""line"": 19, ""strength"": ""strong"", ""tradition"": ""tevrat"", ""kind"": ""motif"", ""ref"": ""WLC:Ezek.34.2"", ""basis"": ""shepherd-rulers feed themselves instead of flock"", ""note"": ""Ezekiel's indictment turns the source's ruler-as-shepherd image into a negative test: leaders who consume provision themselves fail the flock entrusted to them."", ""turn"": 1, ""model"": ""terra"", ""connection_id"": ""BC-e0596e3b004ec5ee6e4d""}]"
WLC:Ezek.34.23	strong	tevrat	motif	One shepherd over the flock | David appointed as one shepherd	The commentary makes the owner, the flock, and its guide parts of one scene; God promises one shepherd, his servant David, over the sheep, linking divine ownership with a human ruler’s care. | God appoints David as the flock's shepherd, preserving the distinction between the ultimate owner and a commissioned human ruler developed in the source.	sec3	"[{""line"": 75, ""strength"": ""strong"", ""tradition"": ""tevrat"", ""kind"": ""motif"", ""ref"": ""WLC:Ezek.34.23"", ""basis"": ""One shepherd over the flock"", ""note"": ""The commentary makes the owner, the flock, and its guide parts of one scene; God promises one shepherd, his servant David, over the sheep, linking divine ownership with a human ruler’s care."", ""turn"": 2, ""model"": ""luna"", ""connection_id"": ""BC-c29b767365f52044dda0""}, {""line"": 24, ""strength"": ""strong"", ""tradition"": ""tevrat"", ""kind"": ""motif"", ""ref"": ""WLC:Ezek.34.23"", ""basis"": ""David appointed as one shepherd"", ""note"": ""God appoints David as the flock's shepherd, preserving the distinction between the ultimate owner and a commissioned human ruler developed in the source."", ""turn"": 1, ""model"": ""terra"", ""connection_id"": ""BC-6b27b0466d841f951b76""}]"
WLC:Ezek.34.31	strong	tevrat	motif	human sheep of God's pasture	The chapter's conclusion explicitly calls the people God's sheep and flock of his pasture, completing the source's owner, people, and grazing-place relation.	sec3	"[{""line"": 82, ""strength"": ""strong"", ""tradition"": ""tevrat"", ""kind"": ""motif"", ""ref"": ""WLC:Ezek.34.31"", ""basis"": ""human sheep of God's pasture"", ""note"": ""The chapter's conclusion explicitly calls the people God's sheep and flock of his pasture, completing the source's owner, people, and grazing-place relation."", ""turn"": 2, ""model"": ""terra"", ""connection_id"": ""BC-e83bc06f4b8f2acca81e""}]"
WLC:Ezek.34.4	strong	tevrat	motif	Protecting the vulnerable | failed shepherds do not strengthen, heal, bind, seek, or restore	The commentary defines the shepherd as one who surrounds and protects livestock; Ezekiel’s bad shepherds do not strengthen the weak, heal the sick, or seek the lost, specifying failures of that care. | The detailed catalogue says what pastoral rule owes the vulnerable flock; it concretizes the source's claim that the shepherd surrounds and preserves those in his care.	sec3	"[{""line"": 27, ""strength"": ""strong"", ""tradition"": ""tevrat"", ""kind"": ""motif"", ""ref"": ""WLC:Ezek.34.4"", ""basis"": ""Protecting the vulnerable"", ""note"": ""The commentary defines the shepherd as one who surrounds and protects livestock; Ezekiel’s bad shepherds do not strengthen the weak, heal the sick, or seek the lost, specifying failures of that care."", ""turn"": 1, ""model"": ""luna"", ""connection_id"": ""BC-40973feedc369bcd2322""}, {""line"": 80, ""strength"": ""strong"", ""tradition"": ""tevrat"", ""kind"": ""motif"", ""ref"": ""WLC:Ezek.34.4"", ""basis"": ""failed shepherds do not strengthen, heal, bind, seek, or restore"", ""note"": ""The detailed catalogue says what pastoral rule owes the vulnerable flock; it concretizes the source's claim that the shepherd surrounds and preserves those in his care."", ""turn"": 2, ""model"": ""terra"", ""connection_id"": ""BC-c2bd9df822d7166b7d71""}]"
WLC:Ezek.34.6	medium	tevrat	motif	Scattered sheep with no searcher	The commentary’s shepherd protects and watches over the herd; Ezekiel’s sheep wander across mountains and hills with no one searching for them, portraying the result when pastoral oversight fails.	sec3	"[{""line"": 72, ""strength"": ""medium"", ""tradition"": ""tevrat"", ""kind"": ""motif"", ""ref"": ""WLC:Ezek.34.6"", ""basis"": ""Scattered sheep with no searcher"", ""note"": ""The commentary’s shepherd protects and watches over the herd; Ezekiel’s sheep wander across mountains and hills with no one searching for them, portraying the result when pastoral oversight fails."", ""turn"": 2, ""model"": ""luna"", ""connection_id"": ""BC-af9830089f33f69a448c""}]"
WLC:Gen.1.30	strong	tevrat	motif	Green plants given to animals | green vegetation assigned as animal food	The commentary presents the Lord as the one who brings forth pasture for herds; creation assigns every beast the green plant for food, placing animal grazing within God’s original provision. | The creation decree gives green plants to land animals for food, a direct scriptural counterpart to God bringing forth pasture for livestock.	sec3	"[{""line"": 57, ""strength"": ""strong"", ""tradition"": ""tevrat"", ""kind"": ""motif"", ""ref"": ""WLC:Gen.1.30"", ""basis"": ""Green plants given to animals"", ""note"": ""The commentary presents the Lord as the one who brings forth pasture for herds; creation assigns every beast the green plant for food, placing animal grazing within God’s original provision."", ""turn"": 2, ""model"": ""luna"", ""connection_id"": ""BC-edefb287440ea66204c9""}, {""line"": 7, ""strength"": ""strong"", ""tradition"": ""tevrat"", ""kind"": ""motif"", ""ref"": ""WLC:Gen.1.30"", ""basis"": ""green vegetation assigned as animal food"", ""note"": ""The creation decree gives green plants to land animals for food, a direct scriptural counterpart to God bringing forth pasture for livestock."", ""turn"": 1, ""model"": ""terra"", ""connection_id"": ""BC-d86a747b5ba1e63d67d0""}]"
WLC:Gen.15.5	weak	tevrat	motif	Stars as a sign of future outcome	The commentary’s r-ʿ-y branch connects watching stars with seeing where an affair will end; God brings Abram outside to look at the stars as a sign of his future descendants, a related but distinct use of the heavens to frame what is to come.	sec3	"[{""line"": 77, ""strength"": ""weak"", ""tradition"": ""tevrat"", ""kind"": ""motif"", ""ref"": ""WLC:Gen.15.5"", ""basis"": ""Stars as a sign of future outcome"", ""note"": ""The commentary’s r-ʿ-y branch connects watching stars with seeing where an affair will end; God brings Abram outside to look at the stars as a sign of his future descendants, a related but distinct use of the heavens to frame what is to come."", ""turn"": 2, ""model"": ""luna"", ""connection_id"": ""BC-2386234940058c8fbfb9""}]"
WLC:Gen.24.32	medium	tevrat	motif	camels receive straw and fodder at a household	The servant's camels are unloaded and supplied with straw and fodder at the house, a specific narrative counterpart to the source's camels grazing around people and dwellings.	sec3	"[{""line"": 98, ""strength"": ""medium"", ""tradition"": ""tevrat"", ""kind"": ""motif"", ""ref"": ""WLC:Gen.24.32"", ""basis"": ""camels receive straw and fodder at a household"", ""note"": ""The servant's camels are unloaded and supplied with straw and fodder at the house, a specific narrative counterpart to the source's camels grazing around people and dwellings."", ""turn"": 2, ""model"": ""terra"", ""connection_id"": ""BC-16c06a827bab0446442c""}]"
WLC:Gen.29.7	strong	tevrat	soydas	source ر ع ي B002/B007; Hebrew רְעוּ pasture the flock	Jacob's well scene tells the herdsmen to water the flock and then go pasture it; the Hebrew cognate shows the source's ر ع ي family in an ordinary husbandry setting.	sec3	"[{""line"": 28, ""strength"": ""strong"", ""tradition"": ""tevrat"", ""kind"": ""soydas"", ""ref"": ""WLC:Gen.29.7"", ""basis"": ""source ر ع ي B002/B007; Hebrew רְעוּ pasture the flock"", ""note"": ""Jacob's well scene tells the herdsmen to water the flock and then go pasture it; the Hebrew cognate shows the source's ر ع ي family in an ordinary husbandry setting."", ""turn"": 1, ""model"": ""terra"", ""connection_id"": ""BC-47e7b216da56bb2dd4cc""}]"
WLC:Gen.30.31	medium	tevrat	soydas	Arabic رعى and Hebrew רעה	The commentary records Arabic رَعَى (source lexeme in its r-ʿ-y branches) for grazing and tending; Jacob uses Hebrew רעה while offering to pasture Laban’s flock, giving the pastoral sense a specific Semitic lexical counterpart.	sec3	"[{""line"": 34, ""strength"": ""medium"", ""tradition"": ""tevrat"", ""kind"": ""soydas"", ""ref"": ""WLC:Gen.30.31"", ""basis"": ""Arabic رعى and Hebrew רעה"", ""note"": ""The commentary records Arabic رَعَى (source lexeme in its r-ʿ-y branches) for grazing and tending; Jacob uses Hebrew רעה while offering to pasture Laban’s flock, giving the pastoral sense a specific Semitic lexical counterpart."", ""turn"": 1, ""model"": ""luna"", ""connection_id"": ""BC-a9bf02ae4f0986e746fa""}]"
WLC:Gen.31.39	strong	tevrat	motif	shepherd bears loss for animals torn or stolen	Jacob describes accepting liability for flock losses rather than passing them to the owner; this gives a demanding economic form to the source's protective shepherd.	sec3	"[{""line"": 68, ""strength"": ""strong"", ""tradition"": ""tevrat"", ""kind"": ""motif"", ""ref"": ""WLC:Gen.31.39"", ""basis"": ""shepherd bears loss for animals torn or stolen"", ""note"": ""Jacob describes accepting liability for flock losses rather than passing them to the owner; this gives a demanding economic form to the source's protective shepherd."", ""turn"": 2, ""model"": ""terra"", ""connection_id"": ""BC-edc30329dcc52e7373cf""}]"
WLC:Gen.48.15	strong	tevrat	motif	God as lifelong shepherd | God has shepherded Jacob all his life	The commentary develops Rab as owner and the flock’s protector; Jacob blesses his descendants through the God who shepherded him all his life, making the personal shepherd relation explicit. | Jacob calls God the one who has been his shepherd throughout life, giving the source's personal naming of one's Rab a concentrated ancestral precedent.	sec3	"[{""line"": 1, ""strength"": ""strong"", ""tradition"": ""tevrat"", ""kind"": ""motif"", ""ref"": ""WLC:Gen.48.15"", ""basis"": ""God as lifelong shepherd"", ""note"": ""The commentary develops Rab as owner and the flock’s protector; Jacob blesses his descendants through the God who shepherded him all his life, making the personal shepherd relation explicit."", ""turn"": 1, ""model"": ""luna"", ""connection_id"": ""BC-c7874fa404c3f529ae31""}, {""line"": 64, ""strength"": ""strong"", ""tradition"": ""tevrat"", ""kind"": ""motif"", ""ref"": ""WLC:Gen.48.15"", ""basis"": ""God has shepherded Jacob all his life"", ""note"": ""Jacob calls God the one who has been his shepherd throughout life, giving the source's personal naming of one's Rab a concentrated ancestral precedent."", ""turn"": 2, ""model"": ""terra"", ""connection_id"": ""BC-c2a9308aedbae96c4969""}]"
WLC:Gen.49.24	strong	tevrat	motif	Shepherd of Israel	The commentary’s owner and guardian of the herd meets Jacob’s naming of Israel’s God as Shepherd and Rock; the image adds steadfast protection amid Joseph’s affliction.	sec3	"[{""line"": 2, ""strength"": ""strong"", ""tradition"": ""tevrat"", ""kind"": ""motif"", ""ref"": ""WLC:Gen.49.24"", ""basis"": ""Shepherd of Israel"", ""note"": ""The commentary’s owner and guardian of the herd meets Jacob’s naming of Israel’s God as Shepherd and Rock; the image adds steadfast protection amid Joseph’s affliction."", ""turn"": 1, ""model"": ""luna"", ""connection_id"": ""BC-64e638a42771e7b34992""}]"
WLC:Hos.13.6	strong	tevrat	motif	grazing leads to fullness, pride, and forgetting the owner	Hosea depicts pasture and fullness producing self-exaltation and forgetfulness of God, an ethical counterpoint to the source's pasture as temporary provision under its owner.	sec3	"[{""line"": 87, ""strength"": ""strong"", ""tradition"": ""tevrat"", ""kind"": ""motif"", ""ref"": ""WLC:Hos.13.6"", ""basis"": ""grazing leads to fullness, pride, and forgetting the owner"", ""note"": ""Hosea depicts pasture and fullness producing self-exaltation and forgetfulness of God, an ethical counterpoint to the source's pasture as temporary provision under its owner."", ""turn"": 2, ""model"": ""terra"", ""connection_id"": ""BC-6a6397c71528b417f5e0""}]"
WLC:Isa.1.3	strong	tevrat	motif	ox knows owner; donkey its master's manger	Isaiah makes an animal's recognition of its owner and feeding-place a rebuke to Israel; it adds a reversal to the source's animal scene and its later naming of one's own Rab.	sec3	"[{""line"": 6, ""strength"": ""strong"", ""tradition"": ""tevrat"", ""kind"": ""motif"", ""ref"": ""WLC:Isa.1.3"", ""basis"": ""ox knows owner; donkey its master's manger"", ""note"": ""Isaiah makes an animal's recognition of its owner and feeding-place a rebuke to Israel; it adds a reversal to the source's animal scene and its later naming of one's own Rab."", ""turn"": 1, ""model"": ""terra"", ""connection_id"": ""BC-d68c25e337ba16575f5d""}]"
WLC:Isa.11.6	medium	tevrat	motif	a child leads reconciled wild and domestic animals	The future peace scene gives a child the action of leading a mixed animal company, an indirect but specific counterpart to the source's B003 image of a leader before other animals.	sec3	"[{""line"": 101, ""strength"": ""medium"", ""tradition"": ""tevrat"", ""kind"": ""motif"", ""ref"": ""WLC:Isa.11.6"", ""basis"": ""a child leads reconciled wild and domestic animals"", ""note"": ""The future peace scene gives a child the action of leading a mixed animal company, an indirect but specific counterpart to the source's B003 image of a leader before other animals."", ""turn"": 2, ""model"": ""terra"", ""connection_id"": ""BC-acfb3317b117bf74feab""}]"
WLC:Isa.11.7	medium	tevrat	motif	cow and bear graze; lion eats straw like ox	The transformed creation is pictured through shared grazing and fodder among animals, a distinct eschatological extension of the source's pasture and livestock scene.	sec3	"[{""line"": 102, ""strength"": ""medium"", ""tradition"": ""tevrat"", ""kind"": ""motif"", ""ref"": ""WLC:Isa.11.7"", ""basis"": ""cow and bear graze; lion eats straw like ox"", ""note"": ""The transformed creation is pictured through shared grazing and fodder among animals, a distinct eschatological extension of the source's pasture and livestock scene."", ""turn"": 2, ""model"": ""terra"", ""connection_id"": ""BC-96528871155fe5a128c1""}]"
WLC:Isa.30.23	strong	tevrat	motif	Rain and forage for livestock | rain, abundant bread, and livestock grazing broad pasture	The commentary connects pasture brought forth by God with grazing animals; Isaiah promises rain for seed and fodder for livestock, then says the land’s produce will be rich, joining animal provision to the land’s yield. | The promised divine rain produces abundance and broad pasture for cattle, directly matching the commentary's creator who produces grazing provision for people and animals.	sec3	"[{""line"": 79, ""strength"": ""medium"", ""tradition"": ""tevrat"", ""kind"": ""motif"", ""ref"": ""WLC:Isa.30.23"", ""basis"": ""Rain and forage for livestock"", ""note"": ""The commentary connects pasture brought forth by God with grazing animals; Isaiah promises rain for seed and fodder for livestock, then says the land’s produce will be rich, joining animal provision to the land’s yield."", ""turn"": 2, ""model"": ""luna"", ""connection_id"": ""BC-58bd04a14ca18feaa1ff""}, {""line"": 71, ""strength"": ""strong"", ""tradition"": ""tevrat"", ""kind"": ""motif"", ""ref"": ""WLC:Isa.30.23"", ""basis"": ""rain, abundant bread, and livestock grazing broad pasture"", ""note"": ""The promised divine rain produces abundance and broad pasture for cattle, directly matching the commentary's creator who produces grazing provision for people and animals."", ""turn"": 2, ""model"": ""terra"", ""connection_id"": ""BC-785f88a5019aa913ebc8""}]"
WLC:Isa.30.24	strong	tevrat	motif	working oxen and donkeys eat prepared fodder	Farm animals receive rich fodder while doing agricultural work, a close counterpart to the source's B007 detail of working animals grazing around a settled community.	sec3	"[{""line"": 72, ""strength"": ""strong"", ""tradition"": ""tevrat"", ""kind"": ""motif"", ""ref"": ""WLC:Isa.30.24"", ""basis"": ""working oxen and donkeys eat prepared fodder"", ""note"": ""Farm animals receive rich fodder while doing agricultural work, a close counterpart to the source's B007 detail of working animals grazing around a settled community."", ""turn"": 2, ""model"": ""terra"", ""connection_id"": ""BC-02bfc8633f514624334e""}]"
WLC:Isa.40.11	strong	tevrat	motif	Shepherd gathers and carries | gather, carry, and gently lead the flock	The commentary’s shepherd surrounds and protects the animals; God gathers lambs in his arms and carries them close, making tender protection part of divine rule. | The divine shepherd gathers vulnerable lambs, carries them, and gently leads nursing ewes; it gives concrete protective actions to the source's guarded pasture and leading owner.	sec3	"[{""line"": 21, ""strength"": ""strong"", ""tradition"": ""tevrat"", ""kind"": ""motif"", ""ref"": ""WLC:Isa.40.11"", ""basis"": ""Shepherd gathers and carries"", ""note"": ""The commentary’s shepherd surrounds and protects the animals; God gathers lambs in his arms and carries them close, making tender protection part of divine rule."", ""turn"": 1, ""model"": ""luna"", ""connection_id"": ""BC-ae8bdacca055fa475736""}, {""line"": 17, ""strength"": ""strong"", ""tradition"": ""tevrat"", ""kind"": ""motif"", ""ref"": ""WLC:Isa.40.11"", ""basis"": ""gather, carry, and gently lead the flock"", ""note"": ""The divine shepherd gathers vulnerable lambs, carries them, and gently leads nursing ewes; it gives concrete protective actions to the source's guarded pasture and leading owner."", ""turn"": 1, ""model"": ""terra"", ""connection_id"": ""BC-352ffa24958805a57da2""}]"
WLC:Isa.40.26	medium	tevrat	motif	Stars counted and called by God	The commentary’s r-ʿ-y branch includes watching the stars and connects oversight with knowing an outcome; Isaiah asks the reader to look at the created host, which God brings out by number and calls by name, relocating cosmic knowledge in the Creator.	sec3	"[{""line"": 67, ""strength"": ""medium"", ""tradition"": ""tevrat"", ""kind"": ""motif"", ""ref"": ""WLC:Isa.40.26"", ""basis"": ""Stars counted and called by God"", ""note"": ""The commentary’s r-ʿ-y branch includes watching the stars and connects oversight with knowing an outcome; Isaiah asks the reader to look at the created host, which God brings out by number and calls by name, relocating cosmic knowledge in the Creator."", ""turn"": 2, ""model"": ""luna"", ""connection_id"": ""BC-cc0be539950b087d1b96""}]"
WLC:Isa.40.6	medium	tevrat	motif	Flesh as grass	The commentary links pasture turning to debris with the transient worldly life; Isaiah compares all flesh to grass, making human fragility the point of the plant image.	sec3	"[{""line"": 40, ""strength"": ""medium"", ""tradition"": ""tevrat"", ""kind"": ""motif"", ""ref"": ""WLC:Isa.40.6"", ""basis"": ""Flesh as grass"", ""note"": ""The commentary links pasture turning to debris with the transient worldly life; Isaiah compares all flesh to grass, making human fragility the point of the plant image."", ""turn"": 1, ""model"": ""luna"", ""connection_id"": ""BC-845d972b5476e79eebb8""}]"
WLC:Isa.40.7	strong	tevrat	motif	Grass withers | grass withers when the LORD's breath blows	The commentary notes the pasture’s change into waste; Isaiah says grass withers when the breath of YHWH blows on it, adding divine sovereignty over its disappearance. | The grass fades under God's breath, furnishing a close biblical image for the source's pasture that is later made into dark debris and for its turn toward the temporary world.	sec3	"[{""line"": 41, ""strength"": ""medium"", ""tradition"": ""tevrat"", ""kind"": ""motif"", ""ref"": ""WLC:Isa.40.7"", ""basis"": ""Grass withers"", ""note"": ""The commentary notes the pasture’s change into waste; Isaiah says grass withers when the breath of YHWH blows on it, adding divine sovereignty over its disappearance."", ""turn"": 1, ""model"": ""luna"", ""connection_id"": ""BC-f8bf8703f339243fd4b3""}, {""line"": 29, ""strength"": ""strong"", ""tradition"": ""tevrat"", ""kind"": ""motif"", ""ref"": ""WLC:Isa.40.7"", ""basis"": ""grass withers when the LORD's breath blows"", ""note"": ""The grass fades under God's breath, furnishing a close biblical image for the source's pasture that is later made into dark debris and for its turn toward the temporary world."", ""turn"": 1, ""model"": ""terra"", ""connection_id"": ""BC-8636e7adaa7c6d8fa224""}]"
WLC:Isa.40.8	strong	tevrat	motif	The enduring word contrasts with grass | grass fades but God's word endures	The commentary’s pasture decays while its owner knows its end; Isaiah contrasts withering grass with the word of God that stands forever, making permanence the counterpoint to decay. | The contrast between fading grass and what endures gives a scriptural counterpart to the commentary's move from temporary worldly provision to the better, lasting life.	sec3	"[{""line"": 42, ""strength"": ""medium"", ""tradition"": ""tevrat"", ""kind"": ""motif"", ""ref"": ""WLC:Isa.40.8"", ""basis"": ""The enduring word contrasts with grass"", ""note"": ""The commentary’s pasture decays while its owner knows its end; Isaiah contrasts withering grass with the word of God that stands forever, making permanence the counterpoint to decay."", ""turn"": 1, ""model"": ""luna"", ""connection_id"": ""BC-c568f95b51b0b8f96a6c""}, {""line"": 30, ""strength"": ""strong"", ""tradition"": ""tevrat"", ""kind"": ""motif"", ""ref"": ""WLC:Isa.40.8"", ""basis"": ""grass fades but God's word endures"", ""note"": ""The contrast between fading grass and what endures gives a scriptural counterpart to the commentary's move from temporary worldly provision to the better, lasting life."", ""turn"": 1, ""model"": ""terra"", ""connection_id"": ""BC-fa6cbc590f3819c52c60""}]"
WLC:Isa.44.28	medium	tevrat	motif	A ruler called God’s shepherd	The commentary extends shepherding to rulers over people; Isaiah calls Cyrus God’s shepherd, who will carry out the rebuilding of Jerusalem, giving the political metaphor a foreign royal instance.	sec3	"[{""line"": 68, ""strength"": ""medium"", ""tradition"": ""tevrat"", ""kind"": ""motif"", ""ref"": ""WLC:Isa.44.28"", ""basis"": ""A ruler called God’s shepherd"", ""note"": ""The commentary extends shepherding to rulers over people; Isaiah calls Cyrus God’s shepherd, who will carry out the rebuilding of Jerusalem, giving the political metaphor a foreign royal instance."", ""turn"": 2, ""model"": ""luna"", ""connection_id"": ""BC-8d72c986bcfa518c03ec""}]"
WLC:Isa.46.10	medium	tevrat	motif	God declares the end from the beginning	The source explicitly makes the pasture's maker one who sees what it will become; Isaiah's divine knowledge of end from beginning is a precise theological bridge for that secondary claim.	sec3	"[{""line"": 100, ""strength"": ""medium"", ""tradition"": ""tevrat"", ""kind"": ""motif"", ""ref"": ""WLC:Isa.46.10"", ""basis"": ""God declares the end from the beginning"", ""note"": ""The source explicitly makes the pasture's maker one who sees what it will become; Isaiah's divine knowledge of end from beginning is a precise theological bridge for that secondary claim."", ""turn"": 2, ""model"": ""terra"", ""connection_id"": ""BC-4f71df7349c7a349161d""}]"
WLC:Isa.49.10	strong	tevrat	motif	guide to springs after hunger and thirst	The compassionate leader guides the redeemed to water after removing hunger and thirst, pairing direction with provision as the commentary does.	sec3	"[{""line"": 26, ""strength"": ""strong"", ""tradition"": ""tevrat"", ""kind"": ""motif"", ""ref"": ""WLC:Isa.49.10"", ""basis"": ""guide to springs after hunger and thirst"", ""note"": ""The compassionate leader guides the redeemed to water after removing hunger and thirst, pairing direction with provision as the commentary does."", ""turn"": 1, ""model"": ""terra"", ""connection_id"": ""BC-9ffec2457723b1abed2b""}]"
WLC:Isa.49.9	strong	tevrat	motif	pasture on every bare height	In the restoration promise, the released people feed along the ways and find pasture even on bare heights; it extends the source's pasture image into guided return and unexpected provision.	sec3	"[{""line"": 25, ""strength"": ""strong"", ""tradition"": ""tevrat"", ""kind"": ""motif"", ""ref"": ""WLC:Isa.49.9"", ""basis"": ""pasture on every bare height"", ""note"": ""In the restoration promise, the released people feed along the ways and find pasture even on bare heights; it extends the source's pasture image into guided return and unexpected provision."", ""turn"": 1, ""model"": ""terra"", ""connection_id"": ""BC-c78029a5858da780dbda""}]"
WLC:Isa.63.11	strong	tevrat	motif	Moses leads God’s flock through the sea	The commentary invokes Moses speaking of grazing to Pharaoh; Isaiah recalls the one who brought Moses and God’s flock up from the sea, connecting the named speaker with God’s shepherding in the Exodus deliverance.	sec3	"[{""line"": 69, ""strength"": ""strong"", ""tradition"": ""tevrat"", ""kind"": ""motif"", ""ref"": ""WLC:Isa.63.11"", ""basis"": ""Moses leads God’s flock through the sea"", ""note"": ""The commentary invokes Moses speaking of grazing to Pharaoh; Isaiah recalls the one who brought Moses and God’s flock up from the sea, connecting the named speaker with God’s shepherding in the Exodus deliverance."", ""turn"": 2, ""model"": ""luna"", ""connection_id"": ""BC-dc0724703035f8ed3c4d""}]"
WLC:Jer.23.1	medium	tevrat	motif	Failed shepherds scatter the flock	The commentary says a ruler shepherds and guards his people; Jeremiah condemns shepherds who destroy and scatter God’s pasture-sheep, showing that political care can fail the pastoral duty.	sec3	"[{""line"": 22, ""strength"": ""medium"", ""tradition"": ""tevrat"", ""kind"": ""motif"", ""ref"": ""WLC:Jer.23.1"", ""basis"": ""Failed shepherds scatter the flock"", ""note"": ""The commentary says a ruler shepherds and guards his people; Jeremiah condemns shepherds who destroy and scatter God’s pasture-sheep, showing that political care can fail the pastoral duty."", ""turn"": 1, ""model"": ""luna"", ""connection_id"": ""BC-3c39f074245c32cffa65""}]"
WLC:Jer.23.2	medium	tevrat	motif	Rulers answer for the flock	The commentary extends animal care to a ruler’s care of subjects; Jeremiah holds Israel’s shepherds responsible for not attending the flock, sharpening the ethical burden of that analogy.	sec3	"[{""line"": 23, ""strength"": ""medium"", ""tradition"": ""tevrat"", ""kind"": ""motif"", ""ref"": ""WLC:Jer.23.2"", ""basis"": ""Rulers answer for the flock"", ""note"": ""The commentary extends animal care to a ruler’s care of subjects; Jeremiah holds Israel’s shepherds responsible for not attending the flock, sharpening the ethical burden of that analogy."", ""turn"": 1, ""model"": ""luna"", ""connection_id"": ""BC-e7d9ca70310b0ec4b4a0""}]"
WLC:Jer.23.3	medium	tevrat	motif	God gathers the scattered flock	The commentary’s owner shepherds a flock to its pasture; God promises to gather the remnant from the lands where he scattered them and bring them back, connecting divine ownership with restoration.	sec3	"[{""line"": 24, ""strength"": ""medium"", ""tradition"": ""tevrat"", ""kind"": ""motif"", ""ref"": ""WLC:Jer.23.3"", ""basis"": ""God gathers the scattered flock"", ""note"": ""The commentary’s owner shepherds a flock to its pasture; God promises to gather the remnant from the lands where he scattered them and bring them back, connecting divine ownership with restoration."", ""turn"": 1, ""model"": ""luna"", ""connection_id"": ""BC-a4a29cb294e3586c6c83""}]"
WLC:Jer.23.4	medium	tevrat	motif	Shepherds remove fear	The commentary glosses the shepherd as one who protects the herd; the promised shepherds will tend the people so they need not fear or be dismayed, spelling out the result of care.	sec3	"[{""line"": 25, ""strength"": ""medium"", ""tradition"": ""tevrat"", ""kind"": ""motif"", ""ref"": ""WLC:Jer.23.4"", ""basis"": ""Shepherds remove fear"", ""note"": ""The commentary glosses the shepherd as one who protects the herd; the promised shepherds will tend the people so they need not fear or be dismayed, spelling out the result of care."", ""turn"": 1, ""model"": ""luna"", ""connection_id"": ""BC-74ed9973dc17ce4bcb4b""}]"
WLC:Jer.3.15	strong	tevrat	motif	Shepherds feed with knowledge | shepherds after God's heart feed knowledge and understanding	The commentary says rulers shepherd their subjects and the herd’s leaders guide others; God promises shepherds who will feed the people with knowledge and understanding, specifying instruction as a form of guidance. | God promises leaders who feed the people with knowledge and discernment, making pastoral governance an intellectual and moral guidance like the source's leading function.	sec3	"[{""line"": 70, ""strength"": ""medium"", ""tradition"": ""tevrat"", ""kind"": ""motif"", ""ref"": ""WLC:Jer.3.15"", ""basis"": ""Shepherds feed with knowledge"", ""note"": ""The commentary says rulers shepherd their subjects and the herd’s leaders guide others; God promises shepherds who will feed the people with knowledge and understanding, specifying instruction as a form of guidance."", ""turn"": 2, ""model"": ""luna"", ""connection_id"": ""BC-178aec6eb2bbeacfad81""}, {""line"": 83, ""strength"": ""strong"", ""tradition"": ""tevrat"", ""kind"": ""motif"", ""ref"": ""WLC:Jer.3.15"", ""basis"": ""shepherds after God's heart feed knowledge and understanding"", ""note"": ""God promises leaders who feed the people with knowledge and discernment, making pastoral governance an intellectual and moral guidance like the source's leading function."", ""turn"": 2, ""model"": ""terra"", ""connection_id"": ""BC-9feee172a0d5ee5be8ed""}]"
WLC:Jer.31.10	strong	tevrat	motif	God gathers and keeps Israel as a shepherd	The one who scattered Israel gathers and guards it as a shepherd guards a flock, making protection and restoration integral to divine ownership.	sec3	"[{""line"": 18, ""strength"": ""strong"", ""tradition"": ""tevrat"", ""kind"": ""motif"", ""ref"": ""WLC:Jer.31.10"", ""basis"": ""God gathers and keeps Israel as a shepherd"", ""note"": ""The one who scattered Israel gathers and guards it as a shepherd guards a flock, making protection and restoration integral to divine ownership."", ""turn"": 1, ""model"": ""terra"", ""connection_id"": ""BC-4d73d6afeea7b7befb11""}]"
WLC:Jer.50.6	strong	tevrat	motif	Bad shepherds lead sheep astray | shepherds lead sheep astray from their resting place	The commentary’s herd leaders are those who guide others; Jeremiah describes lost sheep whose shepherds led them astray in the mountains, showing the same leadership relation reversed into misguidance. | The lost sheep are misdirected by their shepherds through the mountains and forget their resting place; this is a pointed negative reversal of the source's guide who brings a flock to pasture.	sec3	"[{""line"": 71, ""strength"": ""medium"", ""tradition"": ""tevrat"", ""kind"": ""motif"", ""ref"": ""WLC:Jer.50.6"", ""basis"": ""Bad shepherds lead sheep astray"", ""note"": ""The commentary’s herd leaders are those who guide others; Jeremiah describes lost sheep whose shepherds led them astray in the mountains, showing the same leadership relation reversed into misguidance."", ""turn"": 2, ""model"": ""luna"", ""connection_id"": ""BC-e9beb1f50f981617c6db""}, {""line"": 84, ""strength"": ""strong"", ""tradition"": ""tevrat"", ""kind"": ""motif"", ""ref"": ""WLC:Jer.50.6"", ""basis"": ""shepherds lead sheep astray from their resting place"", ""note"": ""The lost sheep are misdirected by their shepherds through the mountains and forget their resting place; this is a pointed negative reversal of the source's guide who brings a flock to pasture."", ""turn"": 2, ""model"": ""terra"", ""connection_id"": ""BC-3db648287f2b2eacb5b1""}]"
WLC:Job.38.27	medium	tevrat	motif	God makes grass sprout in desolate ground	God satisfies wasteland and makes grass grow where people do not cultivate it; this extends the source's pasture-maker to nonhuman and wild terrain.	sec3	"[{""line"": 99, ""strength"": ""medium"", ""tradition"": ""tevrat"", ""kind"": ""motif"", ""ref"": ""WLC:Job.38.27"", ""basis"": ""God makes grass sprout in desolate ground"", ""note"": ""God satisfies wasteland and makes grass grow where people do not cultivate it; this extends the source's pasture-maker to nonhuman and wild terrain."", ""turn"": 2, ""model"": ""terra"", ""connection_id"": ""BC-b86c5313b735a7b25116""}]"
WLC:Joel.1.18	medium	tevrat	motif	Herds suffer when pasture fails	The commentary says pasture is turned into waste; Joel depicts cattle groaning and herds wandering because there is no pasture, showing the consequence for dependent animals when grazing land is lost.	sec3	"[{""line"": 80, ""strength"": ""medium"", ""tradition"": ""tevrat"", ""kind"": ""motif"", ""ref"": ""WLC:Joel.1.18"", ""basis"": ""Herds suffer when pasture fails"", ""note"": ""The commentary says pasture is turned into waste; Joel depicts cattle groaning and herds wandering because there is no pasture, showing the consequence for dependent animals when grazing land is lost."", ""turn"": 2, ""model"": ""luna"", ""connection_id"": ""BC-6999a61d335e89cb5ad3""}]"
WLC:Lev.25.23	medium	tevrat	motif	land belongs to God; people are temporary residents	God's ownership of land and the people's temporary tenancy give a land-based counterpart to the source's Rab-as-owner and its explanation of pasture as temporary metāʿ.	sec3	"[{""line"": 54, ""strength"": ""medium"", ""tradition"": ""tevrat"", ""kind"": ""motif"", ""ref"": ""WLC:Lev.25.23"", ""basis"": ""land belongs to God; people are temporary residents"", ""note"": ""God's ownership of land and the people's temporary tenancy give a land-based counterpart to the source's Rab-as-owner and its explanation of pasture as temporary metāʿ."", ""turn"": 1, ""model"": ""terra"", ""connection_id"": ""BC-09a985314eeffbab6282""}]"
WLC:Mic.5.3	strong	tevrat	motif	ruler stands and shepherds in the LORD's strength	Micah joins rule, secure dwelling, and shepherding in the strength of God, a direct royal form of the source's ruler who tends his people.	sec3	"[{""line"": 27, ""strength"": ""strong"", ""tradition"": ""tevrat"", ""kind"": ""motif"", ""ref"": ""WLC:Mic.5.3"", ""basis"": ""ruler stands and shepherds in the LORD's strength"", ""note"": ""Micah joins rule, secure dwelling, and shepherding in the strength of God, a direct royal form of the source's ruler who tends his people."", ""turn"": 1, ""model"": ""terra"", ""connection_id"": ""BC-028ca973f015abac1f95""}]"
WLC:Mic.5.4	strong	tevrat	motif	The ruler shepherds securely	The commentary says the ruler shepherds his subjects; Micah’s ruler stands and shepherds his flock in YHWH’s strength, after which the people dwell securely, joining leadership, divine backing, and protection.	sec3	"[{""line"": 76, ""strength"": ""strong"", ""tradition"": ""tevrat"", ""kind"": ""motif"", ""ref"": ""WLC:Mic.5.4"", ""basis"": ""The ruler shepherds securely"", ""note"": ""The commentary says the ruler shepherds his subjects; Micah’s ruler stands and shepherds his flock in YHWH’s strength, after which the people dwell securely, joining leadership, divine backing, and protection."", ""turn"": 2, ""model"": ""luna"", ""connection_id"": ""BC-41d10dac28d41c2c8148""}]"
WLC:Num.20.8	strong	tevrat	motif	Moses gives water to congregation and livestock	God instructs Moses to bring water from the rock for both the people and their animals; it is a specific Mosaic scene of shared human-and-livestock provision.	sec3	"[{""line"": 73, ""strength"": ""strong"", ""tradition"": ""tevrat"", ""kind"": ""motif"", ""ref"": ""WLC:Num.20.8"", ""basis"": ""Moses gives water to congregation and livestock"", ""note"": ""God instructs Moses to bring water from the rock for both the people and their animals; it is a specific Mosaic scene of shared human-and-livestock provision."", ""turn"": 2, ""model"": ""terra"", ""connection_id"": ""BC-f3d2e8981493ff01652b""}]"
WLC:Num.27.17	strong	tevrat	motif	Leader before the flock | leader goes before the people; sheep without shepherd	The commentary’s wild leaders guiding those behind them meets Moses’ request for a leader who goes out and comes in before Israel, lest the congregation be sheep without a shepherd; it connects guidance with accountable rule. | Moses asks for a successor who goes out before and brings in the congregation so it is not sheep without a shepherd; it directly joins the source's Musa setting, B003 leading-from-the-front, and ruler-as-shepherd.	sec3	"[{""line"": 3, ""strength"": ""strong"", ""tradition"": ""tevrat"", ""kind"": ""motif"", ""ref"": ""WLC:Num.27.17"", ""basis"": ""Leader before the flock"", ""note"": ""The commentary’s wild leaders guiding those behind them meets Moses’ request for a leader who goes out and comes in before Israel, lest the congregation be sheep without a shepherd; it connects guidance with accountable rule."", ""turn"": 1, ""model"": ""luna"", ""connection_id"": ""BC-56c30921ed53c1ea1826""}, {""line"": 12, ""strength"": ""strong"", ""tradition"": ""tevrat"", ""kind"": ""motif"", ""ref"": ""WLC:Num.27.17"", ""basis"": ""leader goes before the people; sheep without shepherd"", ""note"": ""Moses asks for a successor who goes out before and brings in the congregation so it is not sheep without a shepherd; it directly joins the source's Musa setting, B003 leading-from-the-front, and ruler-as-shepherd."", ""turn"": 1, ""model"": ""terra"", ""connection_id"": ""BC-d894aeb57180c9f100d5""}]"
WLC:Prov.12.10	medium	tevrat	motif	the righteous knows an animal's needs	The proverb makes attentive care for an animal a mark of righteousness, giving an ethical consequence to the source's shepherd who protects livestock.	sec3	"[{""line"": 103, ""strength"": ""medium"", ""tradition"": ""tevrat"", ""kind"": ""motif"", ""ref"": ""WLC:Prov.12.10"", ""basis"": ""the righteous knows an animal's needs"", ""note"": ""The proverb makes attentive care for an animal a mark of righteousness, giving an ethical consequence to the source's shepherd who protects livestock."", ""turn"": 2, ""model"": ""terra"", ""connection_id"": ""BC-89eb8930abd8039013dc""}]"
WLC:Prov.27.23	strong	tevrat	motif	Know the state of the flock | know the condition of flocks and attend to herds	The commentary describes a shepherd who watches where matters will lead and a ruler who tends subjects; this proverb tells the keeper to know the condition of his flocks and attend to his herds, turning oversight into concrete attention. | The instruction requires sustained, informed attention to a herd, closely matching the source's B003 extension from shepherding to watching where a matter is going.	sec3	"[{""line"": 66, ""strength"": ""medium"", ""tradition"": ""tevrat"", ""kind"": ""motif"", ""ref"": ""WLC:Prov.27.23"", ""basis"": ""Know the state of the flock"", ""note"": ""The commentary describes a shepherd who watches where matters will lead and a ruler who tends subjects; this proverb tells the keeper to know the condition of his flocks and attend to his herds, turning oversight into concrete attention."", ""turn"": 2, ""model"": ""luna"", ""connection_id"": ""BC-becce9ee033c20d824bc""}, {""line"": 69, ""strength"": ""strong"", ""tradition"": ""tevrat"", ""kind"": ""motif"", ""ref"": ""WLC:Prov.27.23"", ""basis"": ""know the condition of flocks and attend to herds"", ""note"": ""The instruction requires sustained, informed attention to a herd, closely matching the source's B003 extension from shepherding to watching where a matter is going."", ""turn"": 2, ""model"": ""terra"", ""connection_id"": ""BC-775ea5e8ad5c3287cc49""}]"
WLC:Prov.27.24	medium	tevrat	motif	riches and crown do not endure	Following the flock-watch instruction, the proverb states that wealth and political standing are not permanent; its own transience claim clarifies why the source calls pasture provision temporary metāʿ.	sec3	"[{""line"": 96, ""strength"": ""medium"", ""tradition"": ""tevrat"", ""kind"": ""motif"", ""ref"": ""WLC:Prov.27.24"", ""basis"": ""riches and crown do not endure"", ""note"": ""Following the flock-watch instruction, the proverb states that wealth and political standing are not permanent; its own transience claim clarifies why the source calls pasture provision temporary metāʿ."", ""turn"": 2, ""model"": ""terra"", ""connection_id"": ""BC-240f84549eea62b25c56""}]"
WLC:Prov.27.25	strong	tevrat	motif	old grass passes and new growth appears	The pastoral maxim traces hay's disappearance, fresh growth, and mountain vegetation; it offers a close agrarian counterpart to pasture brought forth and then transformed.	sec3	"[{""line"": 70, ""strength"": ""strong"", ""tradition"": ""tevrat"", ""kind"": ""motif"", ""ref"": ""WLC:Prov.27.25"", ""basis"": ""old grass passes and new growth appears"", ""note"": ""The pastoral maxim traces hay's disappearance, fresh growth, and mountain vegetation; it offers a close agrarian counterpart to pasture brought forth and then transformed."", ""turn"": 2, ""model"": ""terra"", ""connection_id"": ""BC-477f1094d7869b50eb37""}]"
WLC:Ps.100.3	strong	tevrat	motif	Owned people and pasture sheep | we are his; people and sheep of his pasture	The commentary calls Rab the owner of everything and presents a protected pasture; the psalm says Israel is God’s people and sheep of his pasture, explicitly uniting ownership and flock. | The verse joins belonging to the creator with being the sheep of his pasture, directly combining the source's Rab-as-owner with its herd and grazing scene.	sec3	"[{""line"": 16, ""strength"": ""strong"", ""tradition"": ""tevrat"", ""kind"": ""motif"", ""ref"": ""WLC:Ps.100.3"", ""basis"": ""Owned people and pasture sheep"", ""note"": ""The commentary calls Rab the owner of everything and presents a protected pasture; the psalm says Israel is God’s people and sheep of his pasture, explicitly uniting ownership and flock."", ""turn"": 1, ""model"": ""luna"", ""connection_id"": ""BC-4b0ddf984da766ca5af7""}, {""line"": 4, ""strength"": ""strong"", ""tradition"": ""tevrat"", ""kind"": ""motif"", ""ref"": ""WLC:Ps.100.3"", ""basis"": ""we are his; people and sheep of his pasture"", ""note"": ""The verse joins belonging to the creator with being the sheep of his pasture, directly combining the source's Rab-as-owner with its herd and grazing scene."", ""turn"": 1, ""model"": ""terra"", ""connection_id"": ""BC-364657f7be18168760d6""}]"
WLC:Ps.103.15	medium	tevrat	motif	Human life like grass	The commentary reads the pasture’s decay toward the temporary world; human days are compared to grass here, and flourishing to a field flower, carrying the vegetation image into mortality.	sec3	"[{""line"": 38, ""strength"": ""medium"", ""tradition"": ""tevrat"", ""kind"": ""motif"", ""ref"": ""WLC:Ps.103.15"", ""basis"": ""Human life like grass"", ""note"": ""The commentary reads the pasture’s decay toward the temporary world; human days are compared to grass here, and flourishing to a field flower, carrying the vegetation image into mortality."", ""turn"": 1, ""model"": ""luna"", ""connection_id"": ""BC-96c8aa3b5feb7685f721""}]"
WLC:Ps.103.16	medium	tevrat	motif	The place no longer knows it	The commentary makes the pasture’s transformation a sign of transience; after wind passes over the field-flower, its place knows it no more, sharpening the image of disappearance.	sec3	"[{""line"": 39, ""strength"": ""medium"", ""tradition"": ""tevrat"", ""kind"": ""motif"", ""ref"": ""WLC:Ps.103.16"", ""basis"": ""The place no longer knows it"", ""note"": ""The commentary makes the pasture’s transformation a sign of transience; after wind passes over the field-flower, its place knows it no more, sharpening the image of disappearance."", ""turn"": 1, ""model"": ""luna"", ""connection_id"": ""BC-65c58a33abffa63648b2""}]"
WLC:Ps.104.14	strong	tevrat	motif	Grass for cattle | grass for cattle; plants and food for humans	The commentary says the Lord brings forth pasture and that its root-family includes grazing animals; YHWH causes grass to grow for cattle, closely matching divine provision of fodder. | The psalm treats the sprouting of grass for cattle and human food as God's work, closely matching the source's creator of pasture and its 79:33 and 80:31 provision motif.	sec3	"[{""line"": 17, ""strength"": ""strong"", ""tradition"": ""tevrat"", ""kind"": ""motif"", ""ref"": ""WLC:Ps.104.14"", ""basis"": ""Grass for cattle"", ""note"": ""The commentary says the Lord brings forth pasture and that its root-family includes grazing animals; YHWH causes grass to grow for cattle, closely matching divine provision of fodder."", ""turn"": 1, ""model"": ""luna"", ""connection_id"": ""BC-c6e154cd50d909e9fd4b""}, {""line"": 9, ""strength"": ""strong"", ""tradition"": ""tevrat"", ""kind"": ""motif"", ""ref"": ""WLC:Ps.104.14"", ""basis"": ""grass for cattle; plants and food for humans"", ""note"": ""The psalm treats the sprouting of grass for cattle and human food as God's work, closely matching the source's creator of pasture and its 79:33 and 80:31 provision motif."", ""turn"": 1, ""model"": ""terra"", ""connection_id"": ""BC-103b7d20eda0382448f3""}]"
WLC:Ps.104.27	strong	tevrat	motif	Creatures await provision	The commentary’s owner produces pasture for dependent herds; all creatures here look to God for food in its season, adding ongoing dependence to the created pasture scene.	sec3	"[{""line"": 18, ""strength"": ""strong"", ""tradition"": ""tevrat"", ""kind"": ""motif"", ""ref"": ""WLC:Ps.104.27"", ""basis"": ""Creatures await provision"", ""note"": ""The commentary’s owner produces pasture for dependent herds; all creatures here look to God for food in its season, adding ongoing dependence to the created pasture scene."", ""turn"": 1, ""model"": ""luna"", ""connection_id"": ""BC-4eee6d7c5a130b172c79""}]"
WLC:Ps.147.8	strong	tevrat	motif	God grows grass | rain makes grass grow on mountains	The commentary links God’s act of bringing forth pasture with a shepherd’s provision; YHWH covers the sky with clouds and makes grass grow on the mountains, naming the growth as God’s work. | God covers the sky, prepares rain, and sprouts grass on the mountains; this connects divine production of grazing land with the commentary's mountain-and-pasture association.	sec3	"[{""line"": 19, ""strength"": ""strong"", ""tradition"": ""tevrat"", ""kind"": ""motif"", ""ref"": ""WLC:Ps.147.8"", ""basis"": ""God grows grass"", ""note"": ""The commentary links God’s act of bringing forth pasture with a shepherd’s provision; YHWH covers the sky with clouds and makes grass grow on the mountains, naming the growth as God’s work."", ""turn"": 1, ""model"": ""luna"", ""connection_id"": ""BC-43fe15142270d44d2351""}, {""line"": 10, ""strength"": ""strong"", ""tradition"": ""tevrat"", ""kind"": ""motif"", ""ref"": ""WLC:Ps.147.8"", ""basis"": ""rain makes grass grow on mountains"", ""note"": ""God covers the sky, prepares rain, and sprouts grass on the mountains; this connects divine production of grazing land with the commentary's mountain-and-pasture association."", ""turn"": 1, ""model"": ""terra"", ""connection_id"": ""BC-336b7ba3b426e7e5448b""}]"
WLC:Ps.147.9	strong	tevrat	motif	Food for animals | God gives food to beasts	The commentary connects pasture with guarded livestock; God gives animals their food, even young ravens when they cry, extending the provision beyond a human flock. | The creator's provision of food to animals makes explicit the care for livestock that the source reads into pasture.	sec3	"[{""line"": 20, ""strength"": ""strong"", ""tradition"": ""tevrat"", ""kind"": ""motif"", ""ref"": ""WLC:Ps.147.9"", ""basis"": ""Food for animals"", ""note"": ""The commentary connects pasture with guarded livestock; God gives animals their food, even young ravens when they cry, extending the provision beyond a human flock."", ""turn"": 1, ""model"": ""luna"", ""connection_id"": ""BC-ed0ac0beddd13002fc7a""}, {""line"": 11, ""strength"": ""strong"", ""tradition"": ""tevrat"", ""kind"": ""motif"", ""ref"": ""WLC:Ps.147.9"", ""basis"": ""God gives food to beasts"", ""note"": ""The creator's provision of food to animals makes explicit the care for livestock that the source reads into pasture."", ""turn"": 1, ""model"": ""terra"", ""connection_id"": ""BC-ff7fcda405f3dfa110cd""}]"
WLC:Ps.23.1	strong	tevrat	motif	Personal shepherd and owner | Rab as flock-owner and shepherd	The commentary says Rab is owner and later notes one who names “his Lord”; David calls YHWH “my shepherd,” making ownership a personal relation of trust. | The psalm names YHWH as the speaker's shepherd, giving the source's Rab who owns and directs the herd a direct divine pastoral frame.	sec3	"[{""line"": 4, ""strength"": ""strong"", ""tradition"": ""tevrat"", ""kind"": ""motif"", ""ref"": ""WLC:Ps.23.1"", ""basis"": ""Personal shepherd and owner"", ""note"": ""The commentary says Rab is owner and later notes one who names “his Lord”; David calls YHWH “my shepherd,” making ownership a personal relation of trust."", ""turn"": 1, ""model"": ""luna"", ""connection_id"": ""BC-459cdd40093e67e51f55""}, {""line"": 1, ""strength"": ""strong"", ""tradition"": ""tevrat"", ""kind"": ""motif"", ""ref"": ""WLC:Ps.23.1"", ""basis"": ""Rab as flock-owner and shepherd"", ""note"": ""The psalm names YHWH as the speaker's shepherd, giving the source's Rab who owns and directs the herd a direct divine pastoral frame."", ""turn"": 1, ""model"": ""terra"", ""connection_id"": ""BC-3667ecb68e241ea3ae99""}]"
WLC:Ps.23.2	strong	tevrat	motif	Green pasture and leading | green pastures and resting waters	The commentary joins the one who guides a flock to protected pasture; YHWH makes the speaker lie down in green pastures and leads him beside waters, furnishing the same pastoral sequence. | The shepherd brings the dependent flock to nourishing pasture and rest, closely matching the commentary's owner who brings the herd to a protected grazing place.	sec3	"[{""line"": 5, ""strength"": ""strong"", ""tradition"": ""tevrat"", ""kind"": ""motif"", ""ref"": ""WLC:Ps.23.2"", ""basis"": ""Green pasture and leading"", ""note"": ""The commentary joins the one who guides a flock to protected pasture; YHWH makes the speaker lie down in green pastures and leads him beside waters, furnishing the same pastoral sequence."", ""turn"": 1, ""model"": ""luna"", ""connection_id"": ""BC-5ae6d8b5fb308fd36a39""}, {""line"": 2, ""strength"": ""strong"", ""tradition"": ""tevrat"", ""kind"": ""motif"", ""ref"": ""WLC:Ps.23.2"", ""basis"": ""green pastures and resting waters"", ""note"": ""The shepherd brings the dependent flock to nourishing pasture and rest, closely matching the commentary's owner who brings the herd to a protected grazing place."", ""turn"": 1, ""model"": ""terra"", ""connection_id"": ""BC-bacdad56f310a1106b74""}]"
WLC:Ps.23.3	strong	tevrat	motif	Guidance and correction | restore and guide in right paths	The commentary’s Rab can mean one who sets things right and its guidance image leads the herd; here the shepherd restores the soul and leads in right paths, linking care with moral direction. | The same shepherd restores and leads the person on paths; this makes the source's هدى B003 front-leading image part of pastoral care rather than mere travel.	sec3	"[{""line"": 6, ""strength"": ""medium"", ""tradition"": ""tevrat"", ""kind"": ""motif"", ""ref"": ""WLC:Ps.23.3"", ""basis"": ""Guidance and correction"", ""note"": ""The commentary’s Rab can mean one who sets things right and its guidance image leads the herd; here the shepherd restores the soul and leads in right paths, linking care with moral direction."", ""turn"": 1, ""model"": ""luna"", ""connection_id"": ""BC-b06d179475441c67449d""}, {""line"": 3, ""strength"": ""strong"", ""tradition"": ""tevrat"", ""kind"": ""motif"", ""ref"": ""WLC:Ps.23.3"", ""basis"": ""restore and guide in right paths"", ""note"": ""The same shepherd restores and leads the person on paths; this makes the source's هدى B003 front-leading image part of pastoral care rather than mere travel."", ""turn"": 1, ""model"": ""terra"", ""connection_id"": ""BC-7bf56df48d78912c93c8""}]"
WLC:Ps.23.4	medium	tevrat	motif	Protection in danger	The commentary glosses the shepherd as surrounding and protecting livestock; the speaker fears no evil in the dark valley because YHWH is with him and uses rod and staff to comfort him.	sec3	"[{""line"": 7, ""strength"": ""medium"", ""tradition"": ""tevrat"", ""kind"": ""motif"", ""ref"": ""WLC:Ps.23.4"", ""basis"": ""Protection in danger"", ""note"": ""The commentary glosses the shepherd as surrounding and protecting livestock; the speaker fears no evil in the dark valley because YHWH is with him and uses rod and staff to comfort him."", ""turn"": 1, ""model"": ""luna"", ""connection_id"": ""BC-8270a36f90e8c0b70c77""}]"
WLC:Ps.28.9	strong	tevrat	motif	shepherd and carry God's inheritance forever	The plea asks God to save, bless, shepherd, and carry his people forever; it makes protective pastoral rule explicitly enduring, relevant to the source's turn from temporary pasture to what lasts.	sec3	"[{""line"": 63, ""strength"": ""strong"", ""tradition"": ""tevrat"", ""kind"": ""motif"", ""ref"": ""WLC:Ps.28.9"", ""basis"": ""shepherd and carry God's inheritance forever"", ""note"": ""The plea asks God to save, bless, shepherd, and carry his people forever; it makes protective pastoral rule explicitly enduring, relevant to the source's turn from temporary pasture to what lasts."", ""turn"": 2, ""model"": ""terra"", ""connection_id"": ""BC-89069bc396c404980007""}]"
WLC:Ps.50.10	strong	tevrat	motif	Owner of livestock | cattle on a thousand hills are mine	The commentary calls Rab the owner of everything and evokes a herd; God says every forest animal and cattle on a thousand hills are his, giving the ownership claim concrete scope. | God's claim over cattle supplies a concrete biblical form for the commentary's insistence that Rab is the owner before he is the herd's guide.	sec3	"[{""line"": 8, ""strength"": ""strong"", ""tradition"": ""tevrat"", ""kind"": ""motif"", ""ref"": ""WLC:Ps.50.10"", ""basis"": ""Owner of livestock"", ""note"": ""The commentary calls Rab the owner of everything and evokes a herd; God says every forest animal and cattle on a thousand hills are his, giving the ownership claim concrete scope."", ""turn"": 1, ""model"": ""luna"", ""connection_id"": ""BC-0b1fe3df3b9eae3b549c""}, {""line"": 5, ""strength"": ""strong"", ""tradition"": ""tevrat"", ""kind"": ""motif"", ""ref"": ""WLC:Ps.50.10"", ""basis"": ""cattle on a thousand hills are mine"", ""note"": ""God's claim over cattle supplies a concrete biblical form for the commentary's insistence that Rab is the owner before he is the herd's guide."", ""turn"": 1, ""model"": ""terra"", ""connection_id"": ""BC-722782c24eb5164e13f5""}]"
WLC:Ps.50.11	medium	tevrat	motif	Wild herd under divine knowledge	The commentary includes a wild-cattle herd under the r-b-b word family; God says he knows every bird of the mountains and the creatures of the field are his, extending divine ownership to wild creatures.	sec3	"[{""line"": 9, ""strength"": ""medium"", ""tradition"": ""tevrat"", ""kind"": ""motif"", ""ref"": ""WLC:Ps.50.11"", ""basis"": ""Wild herd under divine knowledge"", ""note"": ""The commentary includes a wild-cattle herd under the r-b-b word family; God says he knows every bird of the mountains and the creatures of the field are his, extending divine ownership to wild creatures."", ""turn"": 1, ""model"": ""luna"", ""connection_id"": ""BC-ae67fa6e43b85891ebf0""}]"
WLC:Ps.50.12	medium	tevrat	motif	Creation belongs to God	The commentary’s Rab means owner of everything; God says the world and all it contains are his, grounding the pasture scene in universal possession.	sec3	"[{""line"": 10, ""strength"": ""medium"", ""tradition"": ""tevrat"", ""kind"": ""motif"", ""ref"": ""WLC:Ps.50.12"", ""basis"": ""Creation belongs to God"", ""note"": ""The commentary’s Rab means owner of everything; God says the world and all it contains are his, grounding the pasture scene in universal possession."", ""turn"": 1, ""model"": ""luna"", ""connection_id"": ""BC-ae1ac46bc085879f7e14""}]"
WLC:Ps.65.13	strong	tevrat	motif	Pastures clothed with flocks | pastures clothed with flocks and fields sing	The commentary presents a pasture brought forth for a herd; the psalm depicts pastures clothed with flocks and valleys covered with grain, adding an image of abundance to divine provision. | Pastures are filled with flocks and the fertile landscape shouts and sings; it lets the source's opening praise encompass the very pasture and herd that God causes to thrive.	sec3	"[{""line"": 11, ""strength"": ""strong"", ""tradition"": ""tevrat"", ""kind"": ""motif"", ""ref"": ""WLC:Ps.65.13"", ""basis"": ""Pastures clothed with flocks"", ""note"": ""The commentary presents a pasture brought forth for a herd; the psalm depicts pastures clothed with flocks and valleys covered with grain, adding an image of abundance to divine provision."", ""turn"": 1, ""model"": ""luna"", ""connection_id"": ""BC-45e0378312f6459b5b27""}, {""line"": 76, ""strength"": ""strong"", ""tradition"": ""tevrat"", ""kind"": ""motif"", ""ref"": ""WLC:Ps.65.13"", ""basis"": ""pastures clothed with flocks and fields sing"", ""note"": ""Pastures are filled with flocks and the fertile landscape shouts and sings; it lets the source's opening praise encompass the very pasture and herd that God causes to thrive."", ""turn"": 2, ""model"": ""terra"", ""connection_id"": ""BC-06cd6b7e1ab9d1175e38""}]"
WLC:Ps.77.20	strong	tevrat	motif	Moses and Aaron lead God's people like a flock	The psalm says God led the people like a flock by Moses and Aaron, giving the commentary's Moses-linked scene a divine owner, human agents, and flock in one verse.	sec3	"[{""line"": 13, ""strength"": ""strong"", ""tradition"": ""tevrat"", ""kind"": ""motif"", ""ref"": ""WLC:Ps.77.20"", ""basis"": ""Moses and Aaron lead God's people like a flock"", ""note"": ""The psalm says God led the people like a flock by Moses and Aaron, giving the commentary's Moses-linked scene a divine owner, human agents, and flock in one verse."", ""turn"": 1, ""model"": ""terra"", ""connection_id"": ""BC-27e802f712e8027383de""}]"
WLC:Ps.77.21	strong	tevrat	motif	Moses leads Israel like a flock	The commentary points to Moses’ pastoral reply to Pharaoh and develops guidance of a herd; the psalm recalls God leading his people like a flock by Moses and Aaron, placing the image in the Exodus story.	sec3	"[{""line"": 63, ""strength"": ""strong"", ""tradition"": ""tevrat"", ""kind"": ""motif"", ""ref"": ""WLC:Ps.77.21"", ""basis"": ""Moses leads Israel like a flock"", ""note"": ""The commentary points to Moses’ pastoral reply to Pharaoh and develops guidance of a herd; the psalm recalls God leading his people like a flock by Moses and Aaron, placing the image in the Exodus story."", ""turn"": 2, ""model"": ""luna"", ""connection_id"": ""BC-fc6816fcddb5c1815474""}]"
WLC:Ps.78.52	strong	tevrat	motif	God leads his flock | God leads people as sheep and guides them as flock	The commentary makes the owner, the ones leading ahead, and pasture parts of one scene; God brings Israel out like sheep and leads them through the wilderness, joining divine guidance to flock imagery. | The wilderness exodus is described with both flock-leading and guidance, closely matching the source's single work of owner, guide, and herd.	sec3	"[{""line"": 12, ""strength"": ""medium"", ""tradition"": ""tevrat"", ""kind"": ""motif"", ""ref"": ""WLC:Ps.78.52"", ""basis"": ""God leads his flock"", ""note"": ""The commentary makes the owner, the ones leading ahead, and pasture parts of one scene; God brings Israel out like sheep and leads them through the wilderness, joining divine guidance to flock imagery."", ""turn"": 1, ""model"": ""luna"", ""connection_id"": ""BC-d642c0b26431ffeab114""}, {""line"": 15, ""strength"": ""strong"", ""tradition"": ""tevrat"", ""kind"": ""motif"", ""ref"": ""WLC:Ps.78.52"", ""basis"": ""God leads people as sheep and guides them as flock"", ""note"": ""The wilderness exodus is described with both flock-leading and guidance, closely matching the source's single work of owner, guide, and herd."", ""turn"": 1, ""model"": ""terra"", ""connection_id"": ""BC-244d86029414119e653d""}]"
WLC:Ps.78.53	medium	tevrat	motif	Safe guidance	The commentary says the shepherd protects the animals he guides; Israel is led safely here, with the sea overwhelming its enemies, pairing guidance with protection.	sec3	"[{""line"": 13, ""strength"": ""medium"", ""tradition"": ""tevrat"", ""kind"": ""motif"", ""ref"": ""WLC:Ps.78.53"", ""basis"": ""Safe guidance"", ""note"": ""The commentary says the shepherd protects the animals he guides; Israel is led safely here, with the sea overwhelming its enemies, pairing guidance with protection."", ""turn"": 1, ""model"": ""luna"", ""connection_id"": ""BC-e36e7dddc40b30b9d1a0""}]"
WLC:Ps.78.71	strong	tevrat	motif	David brought from tending sheep	The commentary links the shepherd of animals to the ruler of people; God takes David from following nursing ewes to shepherd Jacob, making the transition from literal flock care to leadership explicit.	sec3	"[{""line"": 64, ""strength"": ""strong"", ""tradition"": ""tevrat"", ""kind"": ""motif"", ""ref"": ""WLC:Ps.78.71"", ""basis"": ""David brought from tending sheep"", ""note"": ""The commentary links the shepherd of animals to the ruler of people; God takes David from following nursing ewes to shepherd Jacob, making the transition from literal flock care to leadership explicit."", ""turn"": 2, ""model"": ""luna"", ""connection_id"": ""BC-bfa6fc95839cd8cb5ebd""}]"
WLC:Ps.78.72	strong	tevrat	motif	David shepherds and guides Israel | David shepherds with integrity and skillful guidance	The commentary’s flock leaders guide those behind them and its ruler tends subjects; David shepherds Israel with an upright heart and guides them with skillful hands, uniting care and guidance. | David's shepherding is defined by inner integrity and skilled leading, developing the source's claim that pastoral language can describe competent public rule.	sec3	"[{""line"": 65, ""strength"": ""strong"", ""tradition"": ""tevrat"", ""kind"": ""motif"", ""ref"": ""WLC:Ps.78.72"", ""basis"": ""David shepherds and guides Israel"", ""note"": ""The commentary’s flock leaders guide those behind them and its ruler tends subjects; David shepherds Israel with an upright heart and guides them with skillful hands, uniting care and guidance."", ""turn"": 2, ""model"": ""luna"", ""connection_id"": ""BC-a6b3a19d82fcd34ea603""}, {""line"": 16, ""strength"": ""strong"", ""tradition"": ""tevrat"", ""kind"": ""motif"", ""ref"": ""WLC:Ps.78.72"", ""basis"": ""David shepherds with integrity and skillful guidance"", ""note"": ""David's shepherding is defined by inner integrity and skilled leading, developing the source's claim that pastoral language can describe competent public rule."", ""turn"": 1, ""model"": ""terra"", ""connection_id"": ""BC-b5f65a3552c2ab6838a7""}]"
WLC:Ps.79.13	strong	tevrat	motif	flock of God's pasture gives thanks forever	The flock-of-your-pasture formula culminates in perpetual thanksgiving; it brings the source's opening glorification of the Rab into the pastoral relation itself.	sec3	"[{""line"": 65, ""strength"": ""strong"", ""tradition"": ""tevrat"", ""kind"": ""motif"", ""ref"": ""WLC:Ps.79.13"", ""basis"": ""flock of God's pasture gives thanks forever"", ""note"": ""The flock-of-your-pasture formula culminates in perpetual thanksgiving; it brings the source's opening glorification of the Rab into the pastoral relation itself."", ""turn"": 2, ""model"": ""terra"", ""connection_id"": ""BC-a3d2508eebf6332eecf1""}]"
WLC:Ps.80.1	strong	tevrat	motif	Shepherd leading Joseph | Shepherd of Israel leads Joseph like a flock	The commentary’s owner-guiding-a-flock scene is directly named in the address to the Shepherd of Israel, who leads Joseph like a flock; the prayer turns the image into a plea for divine attention. | The invocation directly addresses God as Israel's shepherd and asks him to lead Joseph as a flock, concentrating the source's owner and front-leading functions.	sec3	"[{""line"": 14, ""strength"": ""strong"", ""tradition"": ""tevrat"", ""kind"": ""motif"", ""ref"": ""WLC:Ps.80.1"", ""basis"": ""Shepherd leading Joseph"", ""note"": ""The commentary’s owner-guiding-a-flock scene is directly named in the address to the Shepherd of Israel, who leads Joseph like a flock; the prayer turns the image into a plea for divine attention."", ""turn"": 1, ""model"": ""luna"", ""connection_id"": ""BC-063129c48606464aba28""}, {""line"": 62, ""strength"": ""strong"", ""tradition"": ""tevrat"", ""kind"": ""motif"", ""ref"": ""WLC:Ps.80.1"", ""basis"": ""Shepherd of Israel leads Joseph like a flock"", ""note"": ""The invocation directly addresses God as Israel's shepherd and asks him to lead Joseph as a flock, concentrating the source's owner and front-leading functions."", ""turn"": 2, ""model"": ""terra"", ""connection_id"": ""BC-87c3c7fbb20cad4f1a02""}]"
WLC:Ps.90.5	medium	tevrat	motif	Grass as a brief life-image	The commentary moves from pasture becoming debris to the temporary life of this world; this psalm compares people to grass swept away, connecting vegetation’s short life to human transience.	sec3	"[{""line"": 36, ""strength"": ""medium"", ""tradition"": ""tevrat"", ""kind"": ""motif"", ""ref"": ""WLC:Ps.90.5"", ""basis"": ""Grass as a brief life-image"", ""note"": ""The commentary moves from pasture becoming debris to the temporary life of this world; this psalm compares people to grass swept away, connecting vegetation’s short life to human transience."", ""turn"": 1, ""model"": ""luna"", ""connection_id"": ""BC-ed3aab73f440ac0901e8""}]"
WLC:Ps.90.6	medium	tevrat	motif	Grass withers by evening	The commentary says pasture is turned into waste; the psalm’s grass sprouts in the morning and withers by evening, giving a daily image of swift change.	sec3	"[{""line"": 37, ""strength"": ""medium"", ""tradition"": ""tevrat"", ""kind"": ""motif"", ""ref"": ""WLC:Ps.90.6"", ""basis"": ""Grass withers by evening"", ""note"": ""The commentary says pasture is turned into waste; the psalm’s grass sprouts in the morning and withers by evening, giving a daily image of swift change."", ""turn"": 1, ""model"": ""luna"", ""connection_id"": ""BC-848d32d63e4698af7902""}]"
WLC:Ps.92.7	strong	tevrat	motif	evil-doers sprout like grass only for destruction	The psalm uses flourishing grass for a short-lived prosperity that ends in destruction, closely paralleling the source's pasture that becomes debris and its warning about transient life.	sec3	"[{""line"": 77, ""strength"": ""strong"", ""tradition"": ""tevrat"", ""kind"": ""motif"", ""ref"": ""WLC:Ps.92.7"", ""basis"": ""evil-doers sprout like grass only for destruction"", ""note"": ""The psalm uses flourishing grass for a short-lived prosperity that ends in destruction, closely paralleling the source's pasture that becomes debris and its warning about transient life."", ""turn"": 2, ""model"": ""terra"", ""connection_id"": ""BC-882a469c49eb4f4a4975""}]"
WLC:Ps.92.8	strong	tevrat	motif	the Most High is forever	The contrast calls YHWH the Most High forever, joining the source's al-Aʿlā title to its contrast between fading grass and enduring reality.	sec3	"[{""line"": 78, ""strength"": ""strong"", ""tradition"": ""tevrat"", ""kind"": ""motif"", ""ref"": ""WLC:Ps.92.8"", ""basis"": ""the Most High is forever"", ""note"": ""The contrast calls YHWH the Most High forever, joining the source's al-Aʿlā title to its contrast between fading grass and enduring reality."", ""turn"": 2, ""model"": ""terra"", ""connection_id"": ""BC-41b214d53799eed70593""}]"
WLC:Ps.95.7	strong	tevrat	motif	People as pasture flock | people of God's pasture and sheep of his hand	The commentary joins ownership, care, and pasture; the psalm calls worshippers the people of God’s pasture and sheep of his hand, adding belonging to the grazing image. | The verse makes Israel both God's people and the sheep held in his hand; its call to hear his voice joins ownership, pastoral care, and responsive recognition of the Rab.	sec3	"[{""line"": 15, ""strength"": ""strong"", ""tradition"": ""tevrat"", ""kind"": ""motif"", ""ref"": ""WLC:Ps.95.7"", ""basis"": ""People as pasture flock"", ""note"": ""The commentary joins ownership, care, and pasture; the psalm calls worshippers the people of God’s pasture and sheep of his hand, adding belonging to the grazing image."", ""turn"": 1, ""model"": ""luna"", ""connection_id"": ""BC-414a9362bc093d446146""}, {""line"": 61, ""strength"": ""strong"", ""tradition"": ""tevrat"", ""kind"": ""motif"", ""ref"": ""WLC:Ps.95.7"", ""basis"": ""people of God's pasture and sheep of his hand"", ""note"": ""The verse makes Israel both God's people and the sheep held in his hand; its call to hear his voice joins ownership, pastoral care, and responsive recognition of the Rab."", ""turn"": 2, ""model"": ""terra"", ""connection_id"": ""BC-2cc0897d2a614af6cd08""}]"
WLC:Zech.11.16	strong	tevrat	motif	foolish shepherd neither seeks, heals, nor nourishes	The false shepherd neglects the lost and injured and consumes the fat flock instead; this negative portrait tests every protective and provisioning element developed in the source.	sec3	"[{""line"": 86, ""strength"": ""strong"", ""tradition"": ""tevrat"", ""kind"": ""motif"", ""ref"": ""WLC:Zech.11.16"", ""basis"": ""foolish shepherd neither seeks, heals, nor nourishes"", ""note"": ""The false shepherd neglects the lost and injured and consumes the fat flock instead; this negative portrait tests every protective and provisioning element developed in the source."", ""turn"": 2, ""model"": ""terra"", ""connection_id"": ""BC-75253011cf511fc88a5c""}]"
