ref	tier	tradition	kinds	basis	explanations	target	evidence
Didache 1:1	strong	incil	motif	two ways of life and death	The Didache opens with two ways, one of life and one of death. Its explicit road-formulation belongs beside the commentary's one route whose ends become ease or hardship.	sec14	"[{""line"": 47, ""strength"": ""strong"", ""tradition"": ""incil"", ""kind"": ""motif"", ""ref"": ""Didache 1:1"", ""basis"": ""two ways of life and death"", ""note"": ""The Didache opens with two ways, one of life and one of death. Its explicit road-formulation belongs beside the commentary's one route whose ends become ease or hardship."", ""turn"": 1, ""model"": ""terra"", ""connection_id"": ""BC-ea5f2ca8faac7e623d1c""}]"
Epistle of Barnabas 18:1	strong	incil	motif	way of light and way of darkness	Barnabas introduces two ways of teaching and authority, light and darkness. This Christian two-way schema sharpens the commentary's moral split between following guidance and moving away from warning.	sec14	"[{""line"": 48, ""strength"": ""strong"", ""tradition"": ""incil"", ""kind"": ""motif"", ""ref"": ""Epistle of Barnabas 18:1"", ""basis"": ""way of light and way of darkness"", ""note"": ""Barnabas introduces two ways of teaching and authority, light and darkness. This Christian two-way schema sharpens the commentary's moral split between following guidance and moving away from warning."", ""turn"": 1, ""model"": ""terra"", ""connection_id"": ""BC-4201d849f7a5a174e0aa""}]"
SBLGNT:1Cor.10.14	strong	incil	motif	flee idolatry	Paul's direct command to flee idolatry supplies a Christian imperative for the commentary's inverted use of janb: deliberate distance from the false object rather than distance from divine reminder.	sec14	"[{""line"": 40, ""strength"": ""strong"", ""tradition"": ""incil"", ""kind"": ""motif"", ""ref"": ""SBLGNT:1Cor.10.14"", ""basis"": ""flee idolatry"", ""note"": ""Paul's direct command to flee idolatry supplies a Christian imperative for the commentary's inverted use of janb: deliberate distance from the false object rather than distance from divine reminder."", ""turn"": 1, ""model"": ""terra"", ""connection_id"": ""BC-7281e7157644b0677800""}]"
SBLGNT:1John.5.3	strong	incil	motif	commandments not burdensome	First John says love of God keeps his commandments and that those commandments are not burdensome. It provides a concise Christian analogue to the commentary's ease as obedient responsiveness.	sec14	"[{""line"": 114, ""strength"": ""strong"", ""tradition"": ""incil"", ""kind"": ""motif"", ""ref"": ""SBLGNT:1John.5.3"", ""basis"": ""commandments not burdensome"", ""note"": ""First John says love of God keeps his commandments and that those commandments are not burdensome. It provides a concise Christian analogue to the commentary's ease as obedient responsiveness."", ""turn"": 2, ""model"": ""terra"", ""connection_id"": ""BC-a85228e30fd9479e490a""}]"
SBLGNT:1Pet.1.24	strong	incil	motif	all flesh as withering grass	First Peter repeats that all flesh is grass and that grass withers. It gives the commentary's pasture-to-waste image a Christian scriptural reception centered on mortality.	sec14	"[{""line"": 112, ""strength"": ""strong"", ""tradition"": ""incil"", ""kind"": ""motif"", ""ref"": ""SBLGNT:1Pet.1.24"", ""basis"": ""all flesh as withering grass"", ""note"": ""First Peter repeats that all flesh is grass and that grass withers. It gives the commentary's pasture-to-waste image a Christian scriptural reception centered on mortality."", ""turn"": 2, ""model"": ""terra"", ""connection_id"": ""BC-ed2d3045fcaeee62e24a""}]"
SBLGNT:1Pet.2.21	medium	incil	motif	following in Christ's steps	Christ leaves an example so believers may follow in his steps. This is a Christian ethical use of the commentary's following-behind-a-guide image, without its animal figure.	sec14	"[{""line"": 77, ""strength"": ""medium"", ""tradition"": ""incil"", ""kind"": ""motif"", ""ref"": ""SBLGNT:1Pet.2.21"", ""basis"": ""following in Christ's steps"", ""note"": ""Christ leaves an example so believers may follow in his steps. This is a Christian ethical use of the commentary's following-behind-a-guide image, without its animal figure."", ""turn"": 1, ""model"": ""terra"", ""connection_id"": ""BC-c2aee38f0e68c96d0d6d""}]"
SBLGNT:1Pet.2.25	medium	incil	motif	straying sheep returned to shepherd	People once strayed like sheep but have returned to the shepherd and overseer of their souls. It gives a Christian recovery-from-wrong-route counterpart to the commentary's guide and its animal family.	sec14	"[{""line"": 123, ""strength"": ""medium"", ""tradition"": ""incil"", ""kind"": ""motif"", ""ref"": ""SBLGNT:1Pet.2.25"", ""basis"": ""straying sheep returned to shepherd"", ""note"": ""People once strayed like sheep but have returned to the shepherd and overseer of their souls. It gives a Christian recovery-from-wrong-route counterpart to the commentary's guide and its animal family."", ""turn"": 2, ""model"": ""terra"", ""connection_id"": ""BC-62f70c18a7224c3bbbf1""}]"
SBLGNT:1Thess.1.9	strong	incil	motif	turning from idols to God	The Thessalonians turn to God from idols to serve the living and true God. That conversion gives a New Testament counterpart to Abraham's desire that he and his sons be kept from idol worship.	sec14	"[{""line"": 39, ""strength"": ""strong"", ""tradition"": ""incil"", ""kind"": ""motif"", ""ref"": ""SBLGNT:1Thess.1.9"", ""basis"": ""turning from idols to God"", ""note"": ""The Thessalonians turn to God from idols to serve the living and true God. That conversion gives a New Testament counterpart to Abraham's desire that he and his sons be kept from idol worship."", ""turn"": 1, ""model"": ""terra"", ""connection_id"": ""BC-172c872cf1c6775764eb""}]"
SBLGNT:2Cor.6.16	strong	incil	motif	temple of God versus idols	Paul contrasts the temple of the living God with idols. This establishes the Christian side of the commentary's Abrahamic separation between divine worship and false objects.	sec14	"[{""line"": 107, ""strength"": ""strong"", ""tradition"": ""incil"", ""kind"": ""motif"", ""ref"": ""SBLGNT:2Cor.6.16"", ""basis"": ""temple of God versus idols"", ""note"": ""Paul contrasts the temple of the living God with idols. This establishes the Christian side of the commentary's Abrahamic separation between divine worship and false objects."", ""turn"": 2, ""model"": ""terra"", ""connection_id"": ""BC-7350c7aacd82b70bdd65""}]"
SBLGNT:2Cor.6.17	strong	incil	motif	come out and be separate	The command to come out from their midst and be separate gives bodily force to the commentary's janb image of keeping oneself away from a thing; its immediate setting is the idol contrast of 6:16.	sec14	"[{""line"": 108, ""strength"": ""strong"", ""tradition"": ""incil"", ""kind"": ""motif"", ""ref"": ""SBLGNT:2Cor.6.17"", ""basis"": ""come out and be separate"", ""note"": ""The command to come out from their midst and be separate gives bodily force to the commentary's janb image of keeping oneself away from a thing; its immediate setting is the idol contrast of 6:16."", ""turn"": 2, ""model"": ""terra"", ""connection_id"": ""BC-8f4ccddbf5830e5b6023""}]"
SBLGNT:2Pet.2.15	medium	incil	yorum_gelenegi	Balaam as one who leaves the straight way | Balaam as one leaving the straight way	The commentary says a traveler can take a wrong course while the road remains; 2 Peter interprets Balaam as one who leaves the straight way for wrongdoing, giving the Numbers donkey episode an explicit moral reading of straying for gain. | Second Peter calls corrupt teachers people who leave the straight way and follow Balaam's way. Read beside Numbers 22:23, it turns the donkey-and-road episode into a Christian moral warning relevant to the commentary's guidance and wrong turning.	sec14	"[{""line"": 53, ""strength"": ""medium"", ""tradition"": ""incil"", ""kind"": ""yorum_gelenegi"", ""ref"": ""SBLGNT:2Pet.2.15"", ""basis"": ""Balaam as one who leaves the straight way"", ""note"": ""The commentary says a traveler can take a wrong course while the road remains; 2 Peter interprets Balaam as one who leaves the straight way for wrongdoing, giving the Numbers donkey episode an explicit moral reading of straying for gain."", ""turn"": 2, ""model"": ""luna"", ""connection_id"": ""BC-f79e9feb992602482f05""}, {""line"": 80, ""strength"": ""medium"", ""tradition"": ""incil"", ""kind"": ""yorum_gelenegi"", ""ref"": ""SBLGNT:2Pet.2.15"", ""basis"": ""Balaam as one leaving the straight way"", ""note"": ""Second Peter calls corrupt teachers people who leave the straight way and follow Balaam's way. Read beside Numbers 22:23, it turns the donkey-and-road episode into a Christian moral warning relevant to the commentary's guidance and wrong turning."", ""turn"": 1, ""model"": ""terra"", ""connection_id"": ""BC-462be99a21bf46bd7fb3""}]"
SBLGNT:Acts.14.15	strong	incil	motif	turn from futile things to the living Creator	Paul and Barnabas urge idolizing crowds to turn from vain things to the living God who made heaven and earth. It directly connects the commentary's creation claim to its movement away from idolatry.	sec14	"[{""line"": 106, ""strength"": ""strong"", ""tradition"": ""incil"", ""kind"": ""motif"", ""ref"": ""SBLGNT:Acts.14.15"", ""basis"": ""turn from futile things to the living Creator"", ""note"": ""Paul and Barnabas urge idolizing crowds to turn from vain things to the living God who made heaven and earth. It directly connects the commentary's creation claim to its movement away from idolatry."", ""turn"": 2, ""model"": ""terra"", ""connection_id"": ""BC-92a135e90372dcc00ece""}]"
SBLGNT:Acts.15.10	strong	incil	karsi_anlati	unbearable yoke	Acts calls a disputed yoke one that neither ancestors nor present hearers could bear. In contrast to the commentary's mount readily yielding to its rider, this verse tests which religious burden is actually bearable.	sec14	"[{""line"": 55, ""strength"": ""strong"", ""tradition"": ""incil"", ""kind"": ""karsi_anlati"", ""ref"": ""SBLGNT:Acts.15.10"", ""basis"": ""unbearable yoke"", ""note"": ""Acts calls a disputed yoke one that neither ancestors nor present hearers could bear. In contrast to the commentary's mount readily yielding to its rider, this verse tests which religious burden is actually bearable."", ""turn"": 1, ""model"": ""terra"", ""connection_id"": ""BC-f158987c5f7074254f16""}]"
SBLGNT:Acts.22.11	strong	incil	motif	blind traveler led by hand	After the heavenly encounter leaves Saul unable to see, his companions lead him by hand to Damascus. It offers a concrete Christian counterpart to the commentary's weakened traveler needing bodily guidance.	sec14	"[{""line"": 22, ""strength"": ""strong"", ""tradition"": ""incil"", ""kind"": ""motif"", ""ref"": ""SBLGNT:Acts.22.11"", ""basis"": ""blind traveler led by hand"", ""note"": ""After the heavenly encounter leaves Saul unable to see, his companions lead him by hand to Damascus. It offers a concrete Christian counterpart to the commentary's weakened traveler needing bodily guidance."", ""turn"": 1, ""model"": ""terra"", ""connection_id"": ""BC-fd5d5bdf6a2d9c6693bc""}]"
SBLGNT:Acts.3.2	medium	incil	motif	a man lame from birth is carried to the temple gate	The commentary’s secondary walking image is a weak person who relies on support; Acts describes a man lame from birth being carried and placed at the temple gate, a specific scene of dependence before his healing.	sec14	"[{""line"": 51, ""strength"": ""medium"", ""tradition"": ""incil"", ""kind"": ""motif"", ""ref"": ""SBLGNT:Acts.3.2"", ""basis"": ""a man lame from birth is carried to the temple gate"", ""note"": ""The commentary’s secondary walking image is a weak person who relies on support; Acts describes a man lame from birth being carried and placed at the temple gate, a specific scene of dependence before his healing."", ""turn"": 2, ""model"": ""luna"", ""connection_id"": ""BC-4d6e3317fc5dd7d0c706""}]"
SBLGNT:Acts.3.7	strong	incil	motif	a lame man is raised by the hand and strengthened	The commentary recalls a weak person who needs support to walk; Peter takes the man lame from birth by the hand and raises him, and his feet and ankles are strengthened, a concrete healing of unsupported gait.	sec14	"[{""line"": 46, ""strength"": ""strong"", ""tradition"": ""incil"", ""kind"": ""motif"", ""ref"": ""SBLGNT:Acts.3.7"", ""basis"": ""a lame man is raised by the hand and strengthened"", ""note"": ""The commentary recalls a weak person who needs support to walk; Peter takes the man lame from birth by the hand and raises him, and his feet and ankles are strengthened, a concrete healing of unsupported gait."", ""turn"": 2, ""model"": ""luna"", ""connection_id"": ""BC-b7750c76f07deee348e6""}]"
SBLGNT:Acts.3.8	strong	incil	motif	the healed man walks and leaps	The commentary’s lexical image is a weak, swaying walker; after the healing in Acts, the man enters the temple walking, leaping, and praising God, showing the restored movement that support makes possible.	sec14	"[{""line"": 47, ""strength"": ""strong"", ""tradition"": ""incil"", ""kind"": ""motif"", ""ref"": ""SBLGNT:Acts.3.8"", ""basis"": ""the healed man walks and leaps"", ""note"": ""The commentary’s lexical image is a weak, swaying walker; after the healing in Acts, the man enters the temple walking, leaping, and praising God, showing the restored movement that support makes possible."", ""turn"": 2, ""model"": ""luna"", ""connection_id"": ""BC-0510e5a02909bfe311f0""}]"
SBLGNT:Eph.2.10	medium	incil	motif	created for works prepared to walk in	Believers are called God's workmanship, created for works God prepared beforehand so that they may walk in them. It combines the commentary's creation language with a divinely prepared course of action.	sec14	"[{""line"": 125, ""strength"": ""medium"", ""tradition"": ""incil"", ""kind"": ""motif"", ""ref"": ""SBLGNT:Eph.2.10"", ""basis"": ""created for works prepared to walk in"", ""note"": ""Believers are called God's workmanship, created for works God prepared beforehand so that they may walk in them. It combines the commentary's creation language with a divinely prepared course of action."", ""turn"": 2, ""model"": ""terra"", ""connection_id"": ""BC-a8f30c44eb309e43e449""}]"
SBLGNT:Gal.6.2	medium	incil	motif	bearing one another's burdens	The commentary's weak walker is sustained by others and its easy route relieves hardship. Paul commands mutual burden-bearing, an ethical counterpart without the travel scene itself.	sec14	"[{""line"": 75, ""strength"": ""medium"", ""tradition"": ""incil"", ""kind"": ""motif"", ""ref"": ""SBLGNT:Gal.6.2"", ""basis"": ""bearing one another's burdens"", ""note"": ""The commentary's weak walker is sustained by others and its easy route relieves hardship. Paul commands mutual burden-bearing, an ethical counterpart without the travel scene itself."", ""turn"": 1, ""model"": ""terra"", ""connection_id"": ""BC-ef92c9a9859fdc249add""}]"
SBLGNT:Heb.12.12	strong	incil	motif	weak hands and feeble knees restored	Hebrews calls for drooping hands and weak knees to be strengthened. Together with its next verse on straight paths, it supplies the bodily side of the commentary's supported traveler.	sec14	"[{""line"": 96, ""strength"": ""strong"", ""tradition"": ""incil"", ""kind"": ""motif"", ""ref"": ""SBLGNT:Heb.12.12"", ""basis"": ""weak hands and feeble knees restored"", ""note"": ""Hebrews calls for drooping hands and weak knees to be strengthened. Together with its next verse on straight paths, it supplies the bodily side of the commentary's supported traveler."", ""turn"": 2, ""model"": ""terra"", ""connection_id"": ""BC-2ccf709989f8caebe8a7""}]"
SBLGNT:Heb.12.13	strong	incil	motif	straight paths for the feet so the lame may be healed | straight paths for lame feet	The commentary pairs a difficult ascent with weak, swaying walking; Hebrews commands straight paths for the feet so the lame limb will be healed rather than injured, joining path preparation to bodily weakness. | The commentary's route concerns weak movement and a path made easy. Hebrews orders straight paths for the feet so that what is lame is healed rather than put out of joint.	sec14	"[{""line"": 43, ""strength"": ""strong"", ""tradition"": ""incil"", ""kind"": ""motif"", ""ref"": ""SBLGNT:Heb.12.13"", ""basis"": ""straight paths for the feet so the lame may be healed"", ""note"": ""The commentary pairs a difficult ascent with weak, swaying walking; Hebrews commands straight paths for the feet so the lame limb will be healed rather than injured, joining path preparation to bodily weakness."", ""turn"": 2, ""model"": ""luna"", ""connection_id"": ""BC-36e1adf59b7748519c3b""}, {""line"": 19, ""strength"": ""strong"", ""tradition"": ""incil"", ""kind"": ""motif"", ""ref"": ""SBLGNT:Heb.12.13"", ""basis"": ""straight paths for lame feet"", ""note"": ""The commentary's route concerns weak movement and a path made easy. Hebrews orders straight paths for the feet so that what is lame is healed rather than put out of joint."", ""turn"": 1, ""model"": ""terra"", ""connection_id"": ""BC-67311f675df105c2df36""}]"
SBLGNT:Heb.3.15	strong	incil	motif	hearing and hardened hearts	Hebrews repeats the summons to hear God's voice today and not harden the heart. It places the commentary's contrast between fruitful reminder and wretched avoidance in an exhortatory Christian reception.	sec14	"[{""line"": 28, ""strength"": ""strong"", ""tradition"": ""incil"", ""kind"": ""motif"", ""ref"": ""SBLGNT:Heb.3.15"", ""basis"": ""hearing and hardened hearts"", ""note"": ""Hebrews repeats the summons to hear God's voice today and not harden the heart. It places the commentary's contrast between fruitful reminder and wretched avoidance in an exhortatory Christian reception."", ""turn"": 1, ""model"": ""terra"", ""connection_id"": ""BC-bf6843b8ad90abb2ff12""}]"
SBLGNT:Heb.6.8	medium	incil	motif	unfruitful ground ending in burning	Land bearing thorns and thistles is rejected, near a curse, and ends in burning. This extends the commentary's vegetation-and-fire sequence through a Christian agricultural warning.	sec14	"[{""line"": 122, ""strength"": ""medium"", ""tradition"": ""incil"", ""kind"": ""motif"", ""ref"": ""SBLGNT:Heb.6.8"", ""basis"": ""unfruitful ground ending in burning"", ""note"": ""Land bearing thorns and thistles is rejected, near a curse, and ends in burning. This extends the commentary's vegetation-and-fire sequence through a Christian agricultural warning."", ""turn"": 2, ""model"": ""terra"", ""connection_id"": ""BC-e6799275b525546f4eb3""}]"
SBLGNT:Jas.1.11	strong	incil	motif	grass withers and flower falls	James describes the sun's scorching rise: grass withers, its flower falls, and its beauty perishes. This supplies a Christian moral use of the transience visually developed in the commentary's pasture.	sec14	"[{""line"": 32, ""strength"": ""strong"", ""tradition"": ""incil"", ""kind"": ""motif"", ""ref"": ""SBLGNT:Jas.1.11"", ""basis"": ""grass withers and flower falls"", ""note"": ""James describes the sun's scorching rise: grass withers, its flower falls, and its beauty perishes. This supplies a Christian moral use of the transience visually developed in the commentary's pasture."", ""turn"": 1, ""model"": ""terra"", ""connection_id"": ""BC-51cbedbab7bc7cbcaaad""}]"
SBLGNT:Jas.3.3	strong	incil	motif	horse made obedient	James puts bits in horses' mouths so that they obey and their whole bodies are guided. Its explicit horse, obedience, and direction closely illuminate the commentary's easy-to-lead mount.	sec14	"[{""line"": 17, ""strength"": ""strong"", ""tradition"": ""incil"", ""kind"": ""motif"", ""ref"": ""SBLGNT:Jas.3.3"", ""basis"": ""horse made obedient"", ""note"": ""James puts bits in horses' mouths so that they obey and their whole bodies are guided. Its explicit horse, obedience, and direction closely illuminate the commentary's easy-to-lead mount."", ""turn"": 1, ""model"": ""terra"", ""connection_id"": ""BC-f74f1cff86a08f33f8fe""}]"
SBLGNT:John.1.23	medium	incil	yorum_gelenegi	John identifies himself as Isaiah’s wilderness voice	The commentary develops the guide and the way that is made ready; John applies Isaiah’s road-preparation oracle to his own role as herald, reading the route as preparation of people for the Lord’s coming.	sec14	"[{""line"": 52, ""strength"": ""medium"", ""tradition"": ""incil"", ""kind"": ""yorum_gelenegi"", ""ref"": ""SBLGNT:John.1.23"", ""basis"": ""John identifies himself as Isaiah’s wilderness voice"", ""note"": ""The commentary develops the guide and the way that is made ready; John applies Isaiah’s road-preparation oracle to his own role as herald, reading the route as preparation of people for the Lord’s coming."", ""turn"": 2, ""model"": ""luna"", ""connection_id"": ""BC-43877752ee23e9cfa112""}]"
SBLGNT:John.10.4	strong	incil	motif	shepherd before sheep	The commentary's hadi goes ahead and the animal follows readily. Jesus' shepherd goes before his sheep, and they follow because they know his voice, a close Christian pastoral rendering of both actions.	sec14	"[{""line"": 6, ""strength"": ""strong"", ""tradition"": ""incil"", ""kind"": ""motif"", ""ref"": ""SBLGNT:John.10.4"", ""basis"": ""shepherd before sheep"", ""note"": ""The commentary's hadi goes ahead and the animal follows readily. Jesus' shepherd goes before his sheep, and they follow because they know his voice, a close Christian pastoral rendering of both actions."", ""turn"": 1, ""model"": ""terra"", ""connection_id"": ""BC-c4ddd039f97c9b2a3259""}]"
SBLGNT:John.10.5	medium	incil	karsi_anlati	sheep flee a stranger	The commentary treats turning aside from the true reminder as the wretched response. Jesus' sheep flee a stranger precisely because they do not know that voice, showing that withdrawal is right or wrong according to the guide recognized.	sec14	"[{""line"": 76, ""strength"": ""medium"", ""tradition"": ""incil"", ""kind"": ""karsi_anlati"", ""ref"": ""SBLGNT:John.10.5"", ""basis"": ""sheep flee a stranger"", ""note"": ""The commentary treats turning aside from the true reminder as the wretched response. Jesus' sheep flee a stranger precisely because they do not know that voice, showing that withdrawal is right or wrong according to the guide recognized."", ""turn"": 1, ""model"": ""terra"", ""connection_id"": ""BC-660566054e93bd2664c2""}]"
SBLGNT:John.14.6	strong	incil	motif	Jesus as the way	Jesus identifies himself as the way leading to the Father. This is a concentrated Christian transformation of the commentary's guide, path, and destination pattern.	sec14	"[{""line"": 115, ""strength"": ""strong"", ""tradition"": ""incil"", ""kind"": ""motif"", ""ref"": ""SBLGNT:John.14.6"", ""basis"": ""Jesus as the way"", ""note"": ""Jesus identifies himself as the way leading to the Father. This is a concentrated Christian transformation of the commentary's guide, path, and destination pattern."", ""turn"": 2, ""model"": ""terra"", ""connection_id"": ""BC-b031fac5a214f4c0cc57""}]"
SBLGNT:John.16.13	strong	incil	motif	Spirit guiding into truth	The Spirit is said to guide the disciples into all truth. It transfers the commentary's guide who shows the road into a Christian account of revelatory direction, rather than treating guidance as mere locomotion.	sec14	"[{""line"": 60, ""strength"": ""strong"", ""tradition"": ""incil"", ""kind"": ""motif"", ""ref"": ""SBLGNT:John.16.13"", ""basis"": ""Spirit guiding into truth"", ""note"": ""The Spirit is said to guide the disciples into all truth. It transfers the commentary's guide who shows the road into a Christian account of revelatory direction, rather than treating guidance as mere locomotion."", ""turn"": 1, ""model"": ""terra"", ""connection_id"": ""BC-4b01e2021ec5c88f29b0""}]"
SBLGNT:John.6.66	strong	incil	motif	disciples withdraw and stop walking with Jesus	After Jesus' difficult teaching, many disciples go back and no longer walk with him. It provides a Christian scene of abandoning a guide after hearing his words, close to the commentary's wretched avoidance.	sec14	"[{""line"": 103, ""strength"": ""strong"", ""tradition"": ""incil"", ""kind"": ""motif"", ""ref"": ""SBLGNT:John.6.66"", ""basis"": ""disciples withdraw and stop walking with Jesus"", ""note"": ""After Jesus' difficult teaching, many disciples go back and no longer walk with him. It provides a Christian scene of abandoning a guide after hearing his words, close to the commentary's wretched avoidance."", ""turn"": 2, ""model"": ""terra"", ""connection_id"": ""BC-7d57589d7aa8172f4252""}]"
SBLGNT:John.8.12	strong	incil	motif	following the light without walking in darkness	Jesus says that whoever follows him will not walk in darkness but have the light of life. It makes following the true guide the opposite of the commentary's lost or warning-avoiding traveler.	sec14	"[{""line"": 117, ""strength"": ""strong"", ""tradition"": ""incil"", ""kind"": ""motif"", ""ref"": ""SBLGNT:John.8.12"", ""basis"": ""following the light without walking in darkness"", ""note"": ""Jesus says that whoever follows him will not walk in darkness but have the light of life. It makes following the true guide the opposite of the commentary's lost or warning-avoiding traveler."", ""turn"": 2, ""model"": ""terra"", ""connection_id"": ""BC-0913cb74cd261ee3d132""}]"
SBLGNT:Luke.1.79	strong	incil	motif	guide our feet into the way of peace | feet guided into peace	The commentary develops guidance as showing a road and easing the traveler’s way; Zechariah’s prophecy says the dawn from on high will guide people’s feet into the way of peace, directly joining guidance, feet, and route. | Zechariah's prophecy says the divine visitation will guide feet into the way of peace. It turns the commentary's road-leading and calm gait into an explicitly salvific destination.	sec14	"[{""line"": 42, ""strength"": ""strong"", ""tradition"": ""incil"", ""kind"": ""motif"", ""ref"": ""SBLGNT:Luke.1.79"", ""basis"": ""guide our feet into the way of peace"", ""note"": ""The commentary develops guidance as showing a road and easing the traveler’s way; Zechariah’s prophecy says the dawn from on high will guide people’s feet into the way of peace, directly joining guidance, feet, and route."", ""turn"": 2, ""model"": ""luna"", ""connection_id"": ""BC-2844af14010ec920c836""}, {""line"": 7, ""strength"": ""strong"", ""tradition"": ""incil"", ""kind"": ""motif"", ""ref"": ""SBLGNT:Luke.1.79"", ""basis"": ""feet guided into peace"", ""note"": ""Zechariah's prophecy says the divine visitation will guide feet into the way of peace. It turns the commentary's road-leading and calm gait into an explicitly salvific destination."", ""turn"": 1, ""model"": ""terra"", ""connection_id"": ""BC-31c9233afc30e89edf04""}]"
SBLGNT:Luke.10.34	strong	incil	motif	wounded man on an animal	The commentary turns the promise of ease into a rider-and-mount picture. The Samaritan places the wounded traveler on his own animal and conveys him to care, making the animal an instrument of supported passage.	sec14	"[{""line"": 23, ""strength"": ""strong"", ""tradition"": ""incil"", ""kind"": ""motif"", ""ref"": ""SBLGNT:Luke.10.34"", ""basis"": ""wounded man on an animal"", ""note"": ""The commentary turns the promise of ease into a rider-and-mount picture. The Samaritan places the wounded traveler on his own animal and conveys him to care, making the animal an instrument of supported passage."", ""turn"": 1, ""model"": ""terra"", ""connection_id"": ""BC-f3e78fb727737f8aa754""}]"
SBLGNT:Luke.16.23	strong	incil	karsi_anlati|motif	one side of the afterlife sees the other | tormented man sees the blessed afar	In the commentary’s cited scene a person in bliss looks down and sees his former companion in Hell; Luke has the tormented rich man lift his eyes and see Lazarus with Abraham at a distance, reversing the direction of the postmortem gaze. | The commentary's wrong road culminates with a blessed person looking down to a companion in hell's center. Luke reverses the viewpoint: a tormented rich man sees Abraham and Lazarus far away, a related but differently arranged afterlife sightline.	sec14	"[{""line"": 14, ""strength"": ""strong"", ""tradition"": ""incil"", ""kind"": ""motif"", ""ref"": ""SBLGNT:Luke.16.23"", ""basis"": ""one side of the afterlife sees the other"", ""note"": ""In the commentary’s cited scene a person in bliss looks down and sees his former companion in Hell; Luke has the tormented rich man lift his eyes and see Lazarus with Abraham at a distance, reversing the direction of the postmortem gaze."", ""turn"": 1, ""model"": ""luna"", ""connection_id"": ""BC-90c57dbc0d0c935224ca""}, {""line"": 79, ""strength"": ""medium"", ""tradition"": ""incil"", ""kind"": ""karsi_anlati"", ""ref"": ""SBLGNT:Luke.16.23"", ""basis"": ""tormented man sees the blessed afar"", ""note"": ""The commentary's wrong road culminates with a blessed person looking down to a companion in hell's center. Luke reverses the viewpoint: a tormented rich man sees Abraham and Lazarus far away, a related but differently arranged afterlife sightline."", ""turn"": 1, ""model"": ""terra"", ""connection_id"": ""BC-d6093c94e6d9008195c8""}]"
SBLGNT:Luke.3.4	strong	incil	motif	prepare the Lord's way	Luke quotes the call to prepare the Lord's way and make his paths straight. It is the Christian continuation that supplies the guide-and-road formula distinct from the terrain changes in Luke 3:5.	sec14	"[{""line"": 83, ""strength"": ""strong"", ""tradition"": ""incil"", ""kind"": ""motif"", ""ref"": ""SBLGNT:Luke.3.4"", ""basis"": ""prepare the Lord's way"", ""note"": ""Luke quotes the call to prepare the Lord's way and make his paths straight. It is the Christian continuation that supplies the guide-and-road formula distinct from the terrain changes in Luke 3:5."", ""turn"": 2, ""model"": ""terra"", ""connection_id"": ""BC-ad0d5d102449fd0f1d6c""}]"
SBLGNT:Luke.3.5	strong	incil	motif	mountains low and roads smooth	Luke applies the leveling of valleys, mountains, crooked places, and rough roads to the coming salvation. It gives a Christian reception of the terrain that the commentary reads as a journey.	sec14	"[{""line"": 12, ""strength"": ""strong"", ""tradition"": ""incil"", ""kind"": ""motif"", ""ref"": ""SBLGNT:Luke.3.5"", ""basis"": ""mountains low and roads smooth"", ""note"": ""Luke applies the leveling of valleys, mountains, crooked places, and rough roads to the coming salvation. It gives a Christian reception of the terrain that the commentary reads as a journey."", ""turn"": 1, ""model"": ""terra"", ""connection_id"": ""BC-af8fe79255c1801cafdf""}]"
SBLGNT:Luke.8.12	strong	incil	motif	word beside the road	In Luke's explanation, seed beside the road is the word heard and then removed before belief. It gives the commentary's image of keeping the admonition at one's roadside an explicit parabolic setting.	sec14	"[{""line"": 27, ""strength"": ""strong"", ""tradition"": ""incil"", ""kind"": ""motif"", ""ref"": ""SBLGNT:Luke.8.12"", ""basis"": ""word beside the road"", ""note"": ""In Luke's explanation, seed beside the road is the word heard and then removed before belief. It gives the commentary's image of keeping the admonition at one's roadside an explicit parabolic setting."", ""turn"": 1, ""model"": ""terra"", ""connection_id"": ""BC-2ebb9352d7fdf3a00183""}]"
SBLGNT:Mark.10.32	strong	incil	motif	Jesus walking ahead toward Jerusalem	On the road to Jerusalem, Jesus goes ahead of the disciples while they follow in awe and fear. The scene realizes the commentary's guide who moves in front of those on the journey.	sec14	"[{""line"": 116, ""strength"": ""strong"", ""tradition"": ""incil"", ""kind"": ""motif"", ""ref"": ""SBLGNT:Mark.10.32"", ""basis"": ""Jesus walking ahead toward Jerusalem"", ""note"": ""On the road to Jerusalem, Jesus goes ahead of the disciples while they follow in awe and fear. The scene realizes the commentary's guide who moves in front of those on the journey."", ""turn"": 2, ""model"": ""terra"", ""connection_id"": ""BC-a5815a324f4d3a684539""}]"
SBLGNT:Matt.11.28	strong	incil	motif	weary and burdened people receive rest | weary and burdened people invited to rest	The commentary reads the promise of ease as relief on a journey; Jesus invites the weary and burdened to come to him and promises rest, giving the ease image a human burden-bearing context. | Before calling his yoke easy, Jesus invites those laboring and heavily burdened to come for rest. This names the human hardship to which the commentary's promise of ease responds.	sec14	"[{""line"": 31, ""strength"": ""medium"", ""tradition"": ""incil"", ""kind"": ""motif"", ""ref"": ""SBLGNT:Matt.11.28"", ""basis"": ""weary and burdened people receive rest"", ""note"": ""The commentary reads the promise of ease as relief on a journey; Jesus invites the weary and burdened to come to him and promises rest, giving the ease image a human burden-bearing context."", ""turn"": 1, ""model"": ""luna"", ""connection_id"": ""BC-1bd2f5b8498264225268""}, {""line"": 113, ""strength"": ""strong"", ""tradition"": ""incil"", ""kind"": ""motif"", ""ref"": ""SBLGNT:Matt.11.28"", ""basis"": ""weary and burdened people invited to rest"", ""note"": ""Before calling his yoke easy, Jesus invites those laboring and heavily burdened to come for rest. This names the human hardship to which the commentary's promise of ease responds."", ""turn"": 2, ""model"": ""terra"", ""connection_id"": ""BC-58e1efecfa7f49ba2c04""}]"
SBLGNT:Matt.11.29	medium	incil	motif	take the yoke, learn, and find rest	The commentary’s easy mount follows its guide and carries its rider along the way; Jesus invites hearers to take his yoke and learn from him, promising rest for their souls, a distinct image of following under an easy discipline.	sec14	"[{""line"": 54, ""strength"": ""medium"", ""tradition"": ""incil"", ""kind"": ""motif"", ""ref"": ""SBLGNT:Matt.11.29"", ""basis"": ""take the yoke, learn, and find rest"", ""note"": ""The commentary’s easy mount follows its guide and carries its rider along the way; Jesus invites hearers to take his yoke and learn from him, promising rest for their souls, a distinct image of following under an easy discipline."", ""turn"": 2, ""model"": ""luna"", ""connection_id"": ""BC-abce7d5cdbcb74a162f2""}]"
SBLGNT:Matt.11.30	strong	incil	motif	easy yoke and light burden	The commentary’s mount is readily led and takes the way with light steps; Jesus calls his yoke easy and his burden light, applying ease to the discipline of following him. | The commentary's yusr is ease, compliant following, and light movement. Jesus calls his yoke easy and burden light, a direct Christian moral use of ease in animal-yoke imagery.	sec14	"[{""line"": 32, ""strength"": ""medium"", ""tradition"": ""incil"", ""kind"": ""motif"", ""ref"": ""SBLGNT:Matt.11.30"", ""basis"": ""easy yoke and light burden"", ""note"": ""The commentary’s mount is readily led and takes the way with light steps; Jesus calls his yoke easy and his burden light, applying ease to the discipline of following him."", ""turn"": 1, ""model"": ""luna"", ""connection_id"": ""BC-a4dce361bb33d1fc48cd""}, {""line"": 54, ""strength"": ""strong"", ""tradition"": ""incil"", ""kind"": ""motif"", ""ref"": ""SBLGNT:Matt.11.30"", ""basis"": ""easy yoke and light burden"", ""note"": ""The commentary's yusr is ease, compliant following, and light movement. Jesus calls his yoke easy and burden light, a direct Christian moral use of ease in animal-yoke imagery."", ""turn"": 1, ""model"": ""terra"", ""connection_id"": ""BC-aa12d330736f602ce5c5""}]"
SBLGNT:Matt.21.7	medium	incil	motif	garments laid on a mount for Jesus to sit	The commentary develops a cover placed on a camel's hump and a rider settling on the animal. Matthew narrates garments laid on the donkey and colt before Jesus sits, a literal Christian journey image of mount and seat-covering.	sec14	"[{""line"": 127, ""strength"": ""medium"", ""tradition"": ""incil"", ""kind"": ""motif"", ""ref"": ""SBLGNT:Matt.21.7"", ""basis"": ""garments laid on a mount for Jesus to sit"", ""note"": ""The commentary develops a cover placed on a camel's hump and a rider settling on the animal. Matthew narrates garments laid on the donkey and colt before Jesus sits, a literal Christian journey image of mount and seat-covering."", ""turn"": 2, ""model"": ""terra"", ""connection_id"": ""BC-c7b9f88e79b5ab48c759""}]"
SBLGNT:Matt.3.12	strong	incil	motif	chaff burned in unquenchable fire	The commentary places ghutha beside the wretched person's great fire. Matthew's winnowing scene gathers chaff and burns it, giving an eschatological continuation to that agricultural residue.	sec14	"[{""line"": 33, ""strength"": ""strong"", ""tradition"": ""incil"", ""kind"": ""motif"", ""ref"": ""SBLGNT:Matt.3.12"", ""basis"": ""chaff burned in unquenchable fire"", ""note"": ""The commentary places ghutha beside the wretched person's great fire. Matthew's winnowing scene gathers chaff and burns it, giving an eschatological continuation to that agricultural residue."", ""turn"": 1, ""model"": ""terra"", ""connection_id"": ""BC-8872d5a15913093cf0de""}]"
SBLGNT:Matt.7.13	strong	incil	motif	two gates and roads with different ends | broad way ending in destruction	The commentary sets a shown route beside a steep climb that is not attempted; Jesus describes a broad road entered by a wide gate that leads to destruction, making the traveler’s chosen way consequential. | Matthew contrasts the broad way that leads to destruction with the life-giving entrance. It gives a concrete New Testament road division for the commentary's opposed courses of ease and hardship.	sec14	"[{""line"": 12, ""strength"": ""strong"", ""tradition"": ""incil"", ""kind"": ""motif"", ""ref"": ""SBLGNT:Matt.7.13"", ""basis"": ""two gates and roads with different ends"", ""note"": ""The commentary sets a shown route beside a steep climb that is not attempted; Jesus describes a broad road entered by a wide gate that leads to destruction, making the traveler’s chosen way consequential."", ""turn"": 1, ""model"": ""luna"", ""connection_id"": ""BC-232bc889ce7229d9415f""}, {""line"": 49, ""strength"": ""strong"", ""tradition"": ""incil"", ""kind"": ""motif"", ""ref"": ""SBLGNT:Matt.7.13"", ""basis"": ""broad way ending in destruction"", ""note"": ""Matthew contrasts the broad way that leads to destruction with the life-giving entrance. It gives a concrete New Testament road division for the commentary's opposed courses of ease and hardship."", ""turn"": 1, ""model"": ""terra"", ""connection_id"": ""BC-77988b26e09bdb5394db""}]"
SBLGNT:Matt.7.14	strong	incil	karsi_anlati|motif	narrow way leading to life | constricted way leading to life	The commentary’s two high routes and the unattempted ascent invite comparison with Jesus’ narrow way to life, which few find; this adds a sharply difficult route alongside the easy-way image. | The commentary can picture the difficult side as the road of wretchedness, while Matthew calls the life-giving way constricted and hard. The contrary assignment of difficulty makes the comparison interpretively useful rather than a simple equation.	sec14	"[{""line"": 13, ""strength"": ""strong"", ""tradition"": ""incil"", ""kind"": ""motif"", ""ref"": ""SBLGNT:Matt.7.14"", ""basis"": ""narrow way leading to life"", ""note"": ""The commentary’s two high routes and the unattempted ascent invite comparison with Jesus’ narrow way to life, which few find; this adds a sharply difficult route alongside the easy-way image."", ""turn"": 1, ""model"": ""luna"", ""connection_id"": ""BC-50e7f337ec759c674e79""}, {""line"": 50, ""strength"": ""strong"", ""tradition"": ""incil"", ""kind"": ""karsi_anlati"", ""ref"": ""SBLGNT:Matt.7.14"", ""basis"": ""constricted way leading to life"", ""note"": ""The commentary can picture the difficult side as the road of wretchedness, while Matthew calls the life-giving way constricted and hard. The contrary assignment of difficulty makes the comparison interpretively useful rather than a simple equation."", ""turn"": 1, ""model"": ""terra"", ""connection_id"": ""BC-78e4441d8b5923d1fac2""}]"
SBLGNT:Rev.7.17	medium	incil	motif	Lamb shepherding and guiding to waters	The Lamb shepherds the redeemed and guides them to springs of living water. It reverses ordinary rider-and-animal roles while retaining the commentary's leading figure and safe destination.	sec14	"[{""line"": 78, ""strength"": ""medium"", ""tradition"": ""incil"", ""kind"": ""motif"", ""ref"": ""SBLGNT:Rev.7.17"", ""basis"": ""Lamb shepherding and guiding to waters"", ""note"": ""The Lamb shepherds the redeemed and guides them to springs of living water. It reverses ordinary rider-and-animal roles while retaining the commentary's leading figure and safe destination."", ""turn"": 1, ""model"": ""terra"", ""connection_id"": ""BC-20d24d9edf33b7285d74""}]"
1QS 3:17–18	strong	tevrat	motif	two spirits for human walking	The Two Spirits Treatise says that God made humanity and appointed two spirits for people to walk by until visitation. It is an unusually close Second Temple analogue to the commentary's created traveler facing divergent roads.	sec14	"[{""line"": 46, ""strength"": ""strong"", ""tradition"": ""tevrat"", ""kind"": ""motif"", ""ref"": ""1QS 3:17–18"", ""basis"": ""two spirits for human walking"", ""note"": ""The Two Spirits Treatise says that God made humanity and appointed two spirits for people to walk by until visitation. It is an unusually close Second Temple analogue to the commentary's created traveler facing divergent roads."", ""turn"": 1, ""model"": ""terra"", ""connection_id"": ""BC-7253950db8301235e756""}]"
4 Ezra 7:6–9	strong	tevrat	motif	narrow path between fire and water	4 Ezra imagines the entrance to a city as a single narrow path between fire and deep water. Its perilous route makes the commentary's ridge, choice, and final destination into a vivid Jewish apocalyptic travel scene.	sec14	"[{""line"": 51, ""strength"": ""strong"", ""tradition"": ""tevrat"", ""kind"": ""motif"", ""ref"": ""4 Ezra 7:6–9"", ""basis"": ""narrow path between fire and water"", ""note"": ""4 Ezra imagines the entrance to a city as a single narrow path between fire and deep water. Its perilous route makes the commentary's ridge, choice, and final destination into a vivid Jewish apocalyptic travel scene."", ""turn"": 1, ""model"": ""terra"", ""connection_id"": ""BC-e1f5a677193f36c30a5a""}]"
Babylonian Talmud, Makkot 10b	strong	tevrat	yorum_gelenegi	one is led on the path one chooses	The Talmud states that a person is led on the way the person wishes to go. This rabbinic maxim is especially close to the commentary's claim that the same divine easing works toward ease or hardship according to the traveler's direction.	sec14	"[{""line"": 110, ""strength"": ""strong"", ""tradition"": ""tevrat"", ""kind"": ""yorum_gelenegi"", ""ref"": ""Babylonian Talmud, Makkot 10b"", ""basis"": ""one is led on the path one chooses"", ""note"": ""The Talmud states that a person is led on the way the person wishes to go. This rabbinic maxim is especially close to the commentary's claim that the same divine easing works toward ease or hardship according to the traveler's direction."", ""turn"": 2, ""model"": ""terra"", ""connection_id"": ""BC-905b0f047034ba55896a""}]"
Baruch 5:7	strong	tevrat	motif	leveled return road	Baruch says God orders mountains lowered and valleys filled so Israel can walk safely. Its return procession makes the commentary's high route and divinely eased walking a single scene.	sec14	"[{""line"": 11, ""strength"": ""strong"", ""tradition"": ""tevrat"", ""kind"": ""motif"", ""ref"": ""Baruch 5:7"", ""basis"": ""leveled return road"", ""note"": ""Baruch says God orders mountains lowered and valleys filled so Israel can walk safely. Its return procession makes the commentary's high route and divinely eased walking a single scene."", ""turn"": 1, ""model"": ""terra"", ""connection_id"": ""BC-bd775dd9719c546f39a4""}]"
Genesis Rabbah 38:13	strong	tevrat	yorum_gelenegi	Abraham breaks his father’s idols | Abraham destroys Terah's idols	The commentary recalls Abraham’s prayer that he and his descendants be kept from idol worship; Genesis Rabbah’s story of the young Abraham breaking the idols in Terah’s shop interprets that separation as an active rejection of his father’s cult. | This midrash expands Abraham's anti-idolatry into the episode of smashing Terah's images. It gives Jewish narrative force to the commentary's Abrahamic request for separation from idols, while remaining an interpretive tradition rather than a shared biblical scene.	sec14	"[{""line"": 30, ""strength"": ""medium"", ""tradition"": ""tevrat"", ""kind"": ""yorum_gelenegi"", ""ref"": ""Genesis Rabbah 38:13"", ""basis"": ""Abraham breaks his father’s idols"", ""note"": ""The commentary recalls Abraham’s prayer that he and his descendants be kept from idol worship; Genesis Rabbah’s story of the young Abraham breaking the idols in Terah’s shop interprets that separation as an active rejection of his father’s cult."", ""turn"": 1, ""model"": ""luna"", ""connection_id"": ""BC-f86402d3dd652420114b""}, {""line"": 41, ""strength"": ""strong"", ""tradition"": ""tevrat"", ""kind"": ""yorum_gelenegi"", ""ref"": ""Genesis Rabbah 38:13"", ""basis"": ""Abraham destroys Terah's idols"", ""note"": ""This midrash expands Abraham's anti-idolatry into the episode of smashing Terah's images. It gives Jewish narrative force to the commentary's Abrahamic request for separation from idols, while remaining an interpretive tradition rather than a shared biblical scene."", ""turn"": 1, ""model"": ""terra"", ""connection_id"": ""BC-bc9401f0a8fe02c914aa""}]"
Jubilees 12:12–14	strong	tevrat	yorum_gelenegi	Abraham burns the idol house	Jubilees portrays Abram burning the house of idols and the resulting crisis in Terah's household. The expansion makes active rupture with idols the narrative counterpart to the commentary's Abrahamic prayer for protection from them.	sec14	"[{""line"": 42, ""strength"": ""strong"", ""tradition"": ""tevrat"", ""kind"": ""yorum_gelenegi"", ""ref"": ""Jubilees 12:12–14"", ""basis"": ""Abraham burns the idol house"", ""note"": ""Jubilees portrays Abram burning the house of idols and the resulting crisis in Terah's household. The expansion makes active rupture with idols the narrative counterpart to the commentary's Abrahamic prayer for protection from them."", ""turn"": 1, ""model"": ""terra"", ""connection_id"": ""BC-0ef8047446f7058fe55c""}]"
Mishnah Avot 3:5	strong	tevrat	yorum_gelenegi	yoke of Torah and released burdens	Avot says accepting the yoke of Torah removes other yokes, while throwing it off brings them on. This rabbinic interpretation makes the commentary's ease and hardship consequences of what one willingly follows.	sec14	"[{""line"": 53, ""strength"": ""strong"", ""tradition"": ""tevrat"", ""kind"": ""yorum_gelenegi"", ""ref"": ""Mishnah Avot 3:5"", ""basis"": ""yoke of Torah and released burdens"", ""note"": ""Avot says accepting the yoke of Torah removes other yokes, while throwing it off brings them on. This rabbinic interpretation makes the commentary's ease and hardship consequences of what one willingly follows."", ""turn"": 1, ""model"": ""terra"", ""connection_id"": ""BC-bc65429286c02f5c5330""}]"
Mishnah Avot 5:20	medium	tevrat	motif	be swift as a deer and light as an eagle	The commentary’s lexicon gives a mount that follows quickly and has light legs; Rabbi Judah ben Tema uses deer-swiftness and eagle-lightness as traits for doing the will of Heaven, turning animal agility into an ethical image.	sec14	"[{""line"": 56, ""strength"": ""medium"", ""tradition"": ""tevrat"", ""kind"": ""motif"", ""ref"": ""Mishnah Avot 5:20"", ""basis"": ""be swift as a deer and light as an eagle"", ""note"": ""The commentary’s lexicon gives a mount that follows quickly and has light legs; Rabbi Judah ben Tema uses deer-swiftness and eagle-lightness as traits for doing the will of Heaven, turning animal agility into an ethical image."", ""turn"": 2, ""model"": ""luna"", ""connection_id"": ""BC-49728b4e285f1c20ad3e""}]"
Sirach 15:17	strong	tevrat	motif	life and death are set before a person to choose | life and death set before a person	The commentary links guidance with a traveler’s response and outcome; Sirach says life and death are before a person and the choice is given to him, extending the choice-of-way motif into Jewish wisdom teaching. | Sirach sets life and death before human beings and says each receives what is chosen. It provides a wisdom-text counterpart to the commentary's guided road that divides according to the traveler's response.	sec14	"[{""line"": 57, ""strength"": ""medium"", ""tradition"": ""tevrat"", ""kind"": ""motif"", ""ref"": ""Sirach 15:17"", ""basis"": ""life and death are set before a person to choose"", ""note"": ""The commentary links guidance with a traveler’s response and outcome; Sirach says life and death are before a person and the choice is given to him, extending the choice-of-way motif into Jewish wisdom teaching."", ""turn"": 2, ""model"": ""luna"", ""connection_id"": ""BC-0d0d36ad115fbbb3beed""}, {""line"": 52, ""strength"": ""strong"", ""tradition"": ""tevrat"", ""kind"": ""motif"", ""ref"": ""Sirach 15:17"", ""basis"": ""life and death set before a person"", ""note"": ""Sirach sets life and death before human beings and says each receives what is chosen. It provides a wisdom-text counterpart to the commentary's guided road that divides according to the traveler's response."", ""turn"": 1, ""model"": ""terra"", ""connection_id"": ""BC-6831fd8628dedf554e2e""}]"
Sirach 40:1	strong	tevrat	motif	heavy yoke on Adam's children	Sirach describes great toil and a heavy yoke upon the children of Adam. It is a Jewish wisdom expansion of the commentary's Adamic movement from garden ease into hardship.	sec14	"[{""line"": 99, ""strength"": ""strong"", ""tradition"": ""tevrat"", ""kind"": ""motif"", ""ref"": ""Sirach 40:1"", ""basis"": ""heavy yoke on Adam's children"", ""note"": ""Sirach describes great toil and a heavy yoke upon the children of Adam. It is a Jewish wisdom expansion of the commentary's Adamic movement from garden ease into hardship."", ""turn"": 2, ""model"": ""terra"", ""connection_id"": ""BC-45ac245939c2842dd89e""}]"
Sirach 6:24–31	medium	tevrat	karsi_anlati	wisdom's yoke and bonds	Sirach urges the learner to put neck and shoulder under Wisdom's yoke, which becomes an ornament. It complicates the commentary's easy animal image by treating willingly borne discipline as the route to a good end.	sec14	"[{""line"": 74, ""strength"": ""medium"", ""tradition"": ""tevrat"", ""kind"": ""karsi_anlati"", ""ref"": ""Sirach 6:24–31"", ""basis"": ""wisdom's yoke and bonds"", ""note"": ""Sirach urges the learner to put neck and shoulder under Wisdom's yoke, which becomes an ornament. It complicates the commentary's easy animal image by treating willingly borne discipline as the route to a good end."", ""turn"": 1, ""model"": ""terra"", ""connection_id"": ""BC-c3647b4e175e0f9234c9""}]"
Testament of Asher 1:3–5	medium	tevrat	motif	two ways and two dispositions	The Testament of Asher describes two ways and corresponding dispositions and outcomes. It is a Jewish para-scriptural development of the moral road division in the commentary.	sec14	"[{""line"": 73, ""strength"": ""medium"", ""tradition"": ""tevrat"", ""kind"": ""motif"", ""ref"": ""Testament of Asher 1:3–5"", ""basis"": ""two ways and two dispositions"", ""note"": ""The Testament of Asher describes two ways and corresponding dispositions and outcomes. It is a Jewish para-scriptural development of the moral road division in the commentary."", ""turn"": 1, ""model"": ""terra"", ""connection_id"": ""BC-ed3e60af6fdb2e23de1f""}]"
Tobit 5:6	strong	tevrat	motif	guide who knows the road to Media	Tobiah seeks a companion who knows the road, and Raphael assures him that he knows it from repeated travel. The scene gives the commentary's forward guide a named journey companion and a known destination.	sec14	"[{""line"": 21, ""strength"": ""strong"", ""tradition"": ""tevrat"", ""kind"": ""motif"", ""ref"": ""Tobit 5:6"", ""basis"": ""guide who knows the road to Media"", ""note"": ""Tobiah seeks a companion who knows the road, and Raphael assures him that he knows it from repeated travel. The scene gives the commentary's forward guide a named journey companion and a known destination."", ""turn"": 1, ""model"": ""terra"", ""connection_id"": ""BC-b762d398573e01bff627""}]"
WLC:1Kgs.18.21	strong	tevrat	motif	limping between YHWH and Baal	Elijah asks how long Israel will limp between two positions and demands following either YHWH or Baal. It fuses the commentary's uneven walking, forked road, and Abrahamic anti-idolatry concern.	sec14	"[{""line"": 104, ""strength"": ""strong"", ""tradition"": ""tevrat"", ""kind"": ""motif"", ""ref"": ""WLC:1Kgs.18.21"", ""basis"": ""limping between YHWH and Baal"", ""note"": ""Elijah asks how long Israel will limp between two positions and demands following either YHWH or Baal. It fuses the commentary's uneven walking, forked road, and Abrahamic anti-idolatry concern."", ""turn"": 2, ""model"": ""terra"", ""connection_id"": ""BC-f801fad7131f780f68c4""}]"
WLC:2Kgs.4.24	strong	tevrat	motif	the Shunammite’s urgent ride on an ass	The commentary describes a mount that follows readily and takes light steps; the Shunammite rides an ass and tells her servant not to slacken the pace, a concrete scene of directing a mount along a journey.	sec14	"[{""line"": 39, ""strength"": ""strong"", ""tradition"": ""tevrat"", ""kind"": ""motif"", ""ref"": ""WLC:2Kgs.4.24"", ""basis"": ""the Shunammite’s urgent ride on an ass"", ""note"": ""The commentary describes a mount that follows readily and takes light steps; the Shunammite rides an ass and tells her servant not to slacken the pace, a concrete scene of directing a mount along a journey."", ""turn"": 2, ""model"": ""luna"", ""connection_id"": ""BC-211dbfcbb9fb8685693d""}]"
WLC:2Sam.22.34	strong	tevrat	motif	deer feet and high places	God makes the singer's feet like a deer's and sets him on high places. This repeated biblical formulation independently confirms the commentary's light legs and elevated route.	sec14	"[{""line"": 97, ""strength"": ""strong"", ""tradition"": ""tevrat"", ""kind"": ""motif"", ""ref"": ""WLC:2Sam.22.34"", ""basis"": ""deer feet and high places"", ""note"": ""God makes the singer's feet like a deer's and sets him on high places. This repeated biblical formulation independently confirms the commentary's light legs and elevated route."", ""turn"": 2, ""model"": ""terra"", ""connection_id"": ""BC-4e9414dfd4e00af8f584""}]"
WLC:Deut.1.33	strong	tevrat	motif	seeking a campsite ahead	God goes ahead on Israel's way to seek a place to camp and shows them which route to take. The text makes the guide's prior movement and knowledge of resting place explicit.	sec14	"[{""line"": 4, ""strength"": ""strong"", ""tradition"": ""tevrat"", ""kind"": ""motif"", ""ref"": ""WLC:Deut.1.33"", ""basis"": ""seeking a campsite ahead"", ""note"": ""God goes ahead on Israel's way to seek a place to camp and shows them which route to take. The text makes the guide's prior movement and knowledge of resting place explicit."", ""turn"": 1, ""model"": ""terra"", ""connection_id"": ""BC-a365bd7b841f22f6e7bb""}]"
WLC:Deut.30.11	strong	tevrat	motif	the command is not too hard or far away	The commentary reads the promised easy way as a facilitated course; Deuteronomy says the command is not too difficult or remote, linking divine instruction with practicable action.	sec14	"[{""line"": 19, ""strength"": ""strong"", ""tradition"": ""tevrat"", ""kind"": ""motif"", ""ref"": ""WLC:Deut.30.11"", ""basis"": ""the command is not too hard or far away"", ""note"": ""The commentary reads the promised easy way as a facilitated course; Deuteronomy says the command is not too difficult or remote, linking divine instruction with practicable action."", ""turn"": 1, ""model"": ""luna"", ""connection_id"": ""BC-dd1543dba1ae20182381""}]"
WLC:Deut.30.14	medium	tevrat	motif	the word is near and doable	The commentary’s easy way is prepared for its addressee; Deuteronomy places the word in mouth and heart, near enough to do, making accessibility an inward as well as traveled route.	sec14	"[{""line"": 21, ""strength"": ""medium"", ""tradition"": ""tevrat"", ""kind"": ""motif"", ""ref"": ""WLC:Deut.30.14"", ""basis"": ""the word is near and doable"", ""note"": ""The commentary’s easy way is prepared for its addressee; Deuteronomy places the word in mouth and heart, near enough to do, making accessibility an inward as well as traveled route."", ""turn"": 1, ""model"": ""luna"", ""connection_id"": ""BC-244a1562221d4f2b92da""}]"
WLC:Deut.30.19	strong	tevrat	motif	choose life or death | choosing life rather than death	The commentary pairs guidance with the traveler’s response and outcome; Moses sets life and death before Israel and tells them to choose life, a direct choice between destinations. | Moses sets life and death, blessing and curse before Israel and calls for choosing life. It provides covenantal language for the commentary's opposed outcomes of a shown way.	sec14	"[{""line"": 20, ""strength"": ""strong"", ""tradition"": ""tevrat"", ""kind"": ""motif"", ""ref"": ""WLC:Deut.30.19"", ""basis"": ""choose life or death"", ""note"": ""The commentary pairs guidance with the traveler’s response and outcome; Moses sets life and death before Israel and tells them to choose life, a direct choice between destinations."", ""turn"": 1, ""model"": ""luna"", ""connection_id"": ""BC-206576dcaedfb3306441""}, {""line"": 71, ""strength"": ""medium"", ""tradition"": ""tevrat"", ""kind"": ""motif"", ""ref"": ""WLC:Deut.30.19"", ""basis"": ""choosing life rather than death"", ""note"": ""Moses sets life and death, blessing and curse before Israel and calls for choosing life. It provides covenantal language for the commentary's opposed outcomes of a shown way."", ""turn"": 1, ""model"": ""terra"", ""connection_id"": ""BC-4515cccc7e19967de0cc""}]"
WLC:Deut.32.13	medium	tevrat	motif	riding on the heights of the land	God makes Israel ride on the heights of the land. It is a poetic counterpart to the commentary's mount and elevated ridge, though it does not itself explain the ease of ascent.	sec14	"[{""line"": 65, ""strength"": ""medium"", ""tradition"": ""tevrat"", ""kind"": ""motif"", ""ref"": ""WLC:Deut.32.13"", ""basis"": ""riding on the heights of the land"", ""note"": ""God makes Israel ride on the heights of the land. It is a poetic counterpart to the commentary's mount and elevated ridge, though it does not itself explain the ease of ascent."", ""turn"": 1, ""model"": ""terra"", ""connection_id"": ""BC-55f1348aeb1e834815fd""}]"
WLC:Eccl.4.10	medium	tevrat	motif	one lifts a fallen companion	The commentary’s lexical note describes a weak person walking while leaning on two others; Ecclesiastes says one companion raises another who falls, a close support image though not a description of walking gait.	sec14	"[{""line"": 24, ""strength"": ""medium"", ""tradition"": ""tevrat"", ""kind"": ""motif"", ""ref"": ""WLC:Eccl.4.10"", ""basis"": ""one lifts a fallen companion"", ""note"": ""The commentary’s lexical note describes a weak person walking while leaning on two others; Ecclesiastes says one companion raises another who falls, a close support image though not a description of walking gait."", ""turn"": 1, ""model"": ""luna"", ""connection_id"": ""BC-3433f5d962039304b032""}]"
WLC:Exod.13.17	strong	tevrat	motif	God chooses a longer route because the people might turn back	The commentary’s promise makes the way easier for its addressee; Exodus says God avoids the nearer Philistine route lest the people see war and return to Egypt, showing guidance adjusted to the travelers’ weakness.	sec14	"[{""line"": 40, ""strength"": ""strong"", ""tradition"": ""tevrat"", ""kind"": ""motif"", ""ref"": ""WLC:Exod.13.17"", ""basis"": ""God chooses a longer route because the people might turn back"", ""note"": ""The commentary’s promise makes the way easier for its addressee; Exodus says God avoids the nearer Philistine route lest the people see war and return to Egypt, showing guidance adjusted to the travelers’ weakness."", ""turn"": 2, ""model"": ""luna"", ""connection_id"": ""BC-9429ffd1ed99ef51fab9""}]"
WLC:Exod.13.21	strong	tevrat	motif	guide going before	YHWH goes before Israel in cloud and fire expressly to lead them on the road. This closely supplies the commentary's claim that the guide is named for advancing ahead of the travelers.	sec14	"[{""line"": 2, ""strength"": ""strong"", ""tradition"": ""tevrat"", ""kind"": ""motif"", ""ref"": ""WLC:Exod.13.21"", ""basis"": ""guide going before"", ""note"": ""YHWH goes before Israel in cloud and fire expressly to lead them on the road. This closely supplies the commentary's claim that the guide is named for advancing ahead of the travelers."", ""turn"": 1, ""model"": ""terra"", ""connection_id"": ""BC-8548ef9ced82fe8f53b9""}]"
WLC:Exod.17.12	strong	tevrat	motif	weak person held by two	The commentary gives the secondary image of a weakened person sustained between two people. Aaron and Hur support Moses' heavy hands from either side, supplying a concrete biblical pattern of two-sided aid to weakness.	sec14	"[{""line"": 18, ""strength"": ""strong"", ""tradition"": ""tevrat"", ""kind"": ""motif"", ""ref"": ""WLC:Exod.17.12"", ""basis"": ""weak person held by two"", ""note"": ""The commentary gives the secondary image of a weakened person sustained between two people. Aaron and Hur support Moses' heavy hands from either side, supplying a concrete biblical pattern of two-sided aid to weakness."", ""turn"": 1, ""model"": ""terra"", ""connection_id"": ""BC-3732292d42b30f6d1b21""}]"
WLC:Exod.18.22	strong	tevrat	motif	burden made easier	Moses' work is too heavy alone, and shared judgment will make it easier for him. This provides a narrative analogue to the commentary's ease as the removal of disabling strain.	sec14	"[{""line"": 20, ""strength"": ""strong"", ""tradition"": ""tevrat"", ""kind"": ""motif"", ""ref"": ""WLC:Exod.18.22"", ""basis"": ""burden made easier"", ""note"": ""Moses' work is too heavy alone, and shared judgment will make it easier for him. This provides a narrative analogue to the commentary's ease as the removal of disabling strain."", ""turn"": 1, ""model"": ""terra"", ""connection_id"": ""BC-aa61f17ed918914cf67f""}]"
WLC:Exod.23.20	strong	tevrat	motif	messenger before the way	The promised messenger is sent before Israel to guard the way and bring them to a prepared place. It joins the commentary's forward guide, safe route, and arrival.	sec14	"[{""line"": 3, ""strength"": ""strong"", ""tradition"": ""tevrat"", ""kind"": ""motif"", ""ref"": ""WLC:Exod.23.20"", ""basis"": ""messenger before the way"", ""note"": ""The promised messenger is sent before Israel to guard the way and bring them to a prepared place. It joins the commentary's forward guide, safe route, and arrival."", ""turn"": 1, ""model"": ""terra"", ""connection_id"": ""BC-e66a1ec8eef0e97b0d92""}]"
WLC:Exod.3.3	strong	tevrat	karsi_anlati	Moses turns aside to see the sign	The commentary treats turning aside from the reminder as the wretched movement. Moses says he will turn aside to see the burning bush, making the same spatial gesture an attentive response to a divine sign.	sec14	"[{""line"": 100, ""strength"": ""strong"", ""tradition"": ""tevrat"", ""kind"": ""karsi_anlati"", ""ref"": ""WLC:Exod.3.3"", ""basis"": ""Moses turns aside to see the sign"", ""note"": ""The commentary treats turning aside from the reminder as the wretched movement. Moses says he will turn aside to see the burning bush, making the same spatial gesture an attentive response to a divine sign."", ""turn"": 2, ""model"": ""terra"", ""connection_id"": ""BC-691ef728f567e7848ed2""}]"
WLC:Exod.3.4	strong	tevrat	karsi_anlati	God calls when Moses has turned aside	When YHWH sees Moses turn aside to look, God calls him by name. This completes the counter-image: a sideways movement that receives, rather than avoids, divine address.	sec14	"[{""line"": 101, ""strength"": ""strong"", ""tradition"": ""tevrat"", ""kind"": ""karsi_anlati"", ""ref"": ""WLC:Exod.3.4"", ""basis"": ""God calls when Moses has turned aside"", ""note"": ""When YHWH sees Moses turn aside to look, God calls him by name. This completes the counter-image: a sideways movement that receives, rather than avoids, divine address."", ""turn"": 2, ""model"": ""terra"", ""connection_id"": ""BC-aef40b28a0d9d5e48f8c""}]"
WLC:Exod.4.12	medium	tevrat	paralel	God promises to be with Moses’ mouth	The commentary cites Moses asking God to make his task easy; when Moses objects to speaking, God promises to be with his mouth and teach him what to say, a narrative answer that equips him for the mission.	sec14	"[{""line"": 33, ""strength"": ""medium"", ""tradition"": ""tevrat"", ""kind"": ""paralel"", ""ref"": ""WLC:Exod.4.12"", ""basis"": ""God promises to be with Moses’ mouth"", ""note"": ""The commentary cites Moses asking God to make his task easy; when Moses objects to speaking, God promises to be with his mouth and teach him what to say, a narrative answer that equips him for the mission."", ""turn"": 1, ""model"": ""luna"", ""connection_id"": ""BC-da6d5ed4a107a2143bf7""}]"
WLC:Ezek.34.16	medium	tevrat	motif	the shepherd strengthens the sick and binds the injured	The commentary’s guide imagery includes a weak walker who relies on support; God as shepherd says he will bind the injured, strengthen the sick, and seek the lost, joining direction with care for the weak.	sec14	"[{""line"": 55, ""strength"": ""medium"", ""tradition"": ""tevrat"", ""kind"": ""motif"", ""ref"": ""WLC:Ezek.34.16"", ""basis"": ""the shepherd strengthens the sick and binds the injured"", ""note"": ""The commentary’s guide imagery includes a weak walker who relies on support; God as shepherd says he will bind the injured, strengthen the sick, and seek the lost, joining direction with care for the weak."", ""turn"": 2, ""model"": ""luna"", ""connection_id"": ""BC-966bd6d9498b86f4d93b""}]"
WLC:Ezek.36.27	strong	tevrat	motif	Spirit causing obedient walking	God promises to put his spirit within Israel and cause them to walk in his statutes. It supplies a biblical model of divine enablement for the commentary's promise to make a person ready for the easy course.	sec14	"[{""line"": 56, ""strength"": ""strong"", ""tradition"": ""tevrat"", ""kind"": ""motif"", ""ref"": ""WLC:Ezek.36.27"", ""basis"": ""Spirit causing obedient walking"", ""note"": ""God promises to put his spirit within Israel and cause them to walk in his statutes. It supplies a biblical model of divine enablement for the commentary's promise to make a person ready for the easy course."", ""turn"": 1, ""model"": ""terra"", ""connection_id"": ""BC-e08caf48c1c07adc6534""}]"
WLC:Gen.22.3	strong	tevrat	motif	Abraham saddles a donkey for the journey	The commentary's rider-and-mount imagery ends by invoking Abraham's plea against idols. Genesis shows Abraham rising, saddling his donkey, and setting out, furnishing a literal Abrahamic journey without identifying its purpose with the Qur'anic prayer.	sec14	"[{""line"": 36, ""strength"": ""strong"", ""tradition"": ""tevrat"", ""kind"": ""motif"", ""ref"": ""WLC:Gen.22.3"", ""basis"": ""Abraham saddles a donkey for the journey"", ""note"": ""The commentary's rider-and-mount imagery ends by invoking Abraham's plea against idols. Genesis shows Abraham rising, saddling his donkey, and setting out, furnishing a literal Abrahamic journey without identifying its purpose with the Qur'anic prayer."", ""turn"": 1, ""model"": ""terra"", ""connection_id"": ""BC-dafe400f3073cf643fed""}]"
WLC:Gen.24.27	strong	tevrat	motif	road and house	The commentary glosses h-d-y as showing someone both the road and the house. Abraham's servant says that God led him on the road to his master's kinsmen's house, giving the journey image a concrete destination.	sec14	"[{""line"": 1, ""strength"": ""strong"", ""tradition"": ""tevrat"", ""kind"": ""motif"", ""ref"": ""WLC:Gen.24.27"", ""basis"": ""road and house"", ""note"": ""The commentary glosses h-d-y as showing someone both the road and the house. Abraham's servant says that God led him on the road to his master's kinsmen's house, giving the journey image a concrete destination."", ""turn"": 1, ""model"": ""terra"", ""connection_id"": ""BC-446d85546614b6c65b39""}]"
WLC:Gen.24.61	medium	tevrat	motif	riding camels and following the guide | camel riders following the servant	The commentary’s easy-to-follow animal carries a rider along a route; Rebekah and her attendants ride camels and follow Abraham’s servant, a concrete guided journey on mounts. | After the road-to-house guidance of the same narrative, Rebekah and her companions mount camels and follow the servant. It supplies a literal caravan version of the commentary's rider, animal, and following image.	sec14	"[{""line"": 26, ""strength"": ""medium"", ""tradition"": ""tevrat"", ""kind"": ""motif"", ""ref"": ""WLC:Gen.24.61"", ""basis"": ""riding camels and following the guide"", ""note"": ""The commentary’s easy-to-follow animal carries a rider along a route; Rebekah and her attendants ride camels and follow Abraham’s servant, a concrete guided journey on mounts."", ""turn"": 1, ""model"": ""luna"", ""connection_id"": ""BC-7dfc6198db2b240c2e17""}, {""line"": 63, ""strength"": ""medium"", ""tradition"": ""tevrat"", ""kind"": ""motif"", ""ref"": ""WLC:Gen.24.61"", ""basis"": ""camel riders following the servant"", ""note"": ""After the road-to-house guidance of the same narrative, Rebekah and her companions mount camels and follow the servant. It supplies a literal caravan version of the commentary's rider, animal, and following image."", ""turn"": 1, ""model"": ""terra"", ""connection_id"": ""BC-4b82d18f44c9e296be07""}]"
WLC:Gen.3.17	strong	tevrat	paralel	Adam’s expulsion and toil | toil after Eden	The commentary links Adam’s expulsion from the garden with hardship; Genesis makes the ground cursed and toil the consequence of his disobedience in the same story. | The commentary explicitly reads Adam's expulsion from the garden as entry into shaqa, hardship. Genesis curses the ground for Adam and makes his eating depend on toil, the matching narrative consequence.	sec14	"[{""line"": 1, ""strength"": ""strong"", ""tradition"": ""tevrat"", ""kind"": ""paralel"", ""ref"": ""WLC:Gen.3.17"", ""basis"": ""Adam’s expulsion and toil"", ""note"": ""The commentary links Adam’s expulsion from the garden with hardship; Genesis makes the ground cursed and toil the consequence of his disobedience in the same story."", ""turn"": 1, ""model"": ""luna"", ""connection_id"": ""BC-c2c211386e441ec570dd""}, {""line"": 34, ""strength"": ""strong"", ""tradition"": ""tevrat"", ""kind"": ""paralel"", ""ref"": ""WLC:Gen.3.17"", ""basis"": ""toil after Eden"", ""note"": ""The commentary explicitly reads Adam's expulsion from the garden as entry into shaqa, hardship. Genesis curses the ground for Adam and makes his eating depend on toil, the matching narrative consequence."", ""turn"": 1, ""model"": ""terra"", ""connection_id"": ""BC-d8171858215c41cb0ce5""}]"
WLC:Gen.3.19	strong	tevrat	motif|paralel	bread by sweat | sweat of the face after exile	The commentary recalls hardship following Adam’s exile; Genesis specifies that he eats bread by the sweat of his face, giving that hardship its daily labor. | The commentary relates Adam's leaving the garden to hardship. Genesis specifies that he will eat bread by the sweat of his face until returning to the ground, intensifying the toil already named in 3:17.	sec14	"[{""line"": 2, ""strength"": ""strong"", ""tradition"": ""tevrat"", ""kind"": ""paralel"", ""ref"": ""WLC:Gen.3.19"", ""basis"": ""bread by sweat"", ""note"": ""The commentary recalls hardship following Adam’s exile; Genesis specifies that he eats bread by the sweat of his face, giving that hardship its daily labor."", ""turn"": 1, ""model"": ""luna"", ""connection_id"": ""BC-86e42d21a7f49cbe85f8""}, {""line"": 98, ""strength"": ""strong"", ""tradition"": ""tevrat"", ""kind"": ""motif"", ""ref"": ""WLC:Gen.3.19"", ""basis"": ""sweat of the face after exile"", ""note"": ""The commentary relates Adam's leaving the garden to hardship. Genesis specifies that he will eat bread by the sweat of his face until returning to the ground, intensifying the toil already named in 3:17."", ""turn"": 2, ""model"": ""terra"", ""connection_id"": ""BC-fabbdfb4a5e244f847ee""}]"
WLC:Gen.3.23	strong	tevrat	paralel	Adam sent from Eden to till the ground | expulsion to work the ground	The commentary connects Adam’s expulsion from the garden with hardship; Genesis explicitly sends him out of Eden to work the ground, joining exile to the labor that follows. | Genesis sends Adam out of Eden to till the ground from which he was taken. This supplies the expulsion-and-labor scene behind the commentary's Adamic account of hardship.	sec14	"[{""line"": 41, ""strength"": ""strong"", ""tradition"": ""tevrat"", ""kind"": ""paralel"", ""ref"": ""WLC:Gen.3.23"", ""basis"": ""Adam sent from Eden to till the ground"", ""note"": ""The commentary connects Adam’s expulsion from the garden with hardship; Genesis explicitly sends him out of Eden to work the ground, joining exile to the labor that follows."", ""turn"": 2, ""model"": ""luna"", ""connection_id"": ""BC-84de26fe5a5ada8f99c1""}, {""line"": 35, ""strength"": ""strong"", ""tradition"": ""tevrat"", ""kind"": ""paralel"", ""ref"": ""WLC:Gen.3.23"", ""basis"": ""expulsion to work the ground"", ""note"": ""Genesis sends Adam out of Eden to till the ground from which he was taken. This supplies the expulsion-and-labor scene behind the commentary's Adamic account of hardship."", ""turn"": 1, ""model"": ""terra"", ""connection_id"": ""BC-c734741ad4a3462eabd8""}]"
WLC:Gen.3.24	medium	tevrat	motif	way to the tree of life guarded after Eden	After expelling Adam, God stations guardians to keep the way to the tree of life. It supplies a route closed by the Edenic fall, a spatial counterpart to the commentary's loss of ease after leaving the garden.	sec14	"[{""line"": 118, ""strength"": ""medium"", ""tradition"": ""tevrat"", ""kind"": ""motif"", ""ref"": ""WLC:Gen.3.24"", ""basis"": ""way to the tree of life guarded after Eden"", ""note"": ""After expelling Adam, God stations guardians to keep the way to the tree of life. It supplies a route closed by the Edenic fall, a spatial counterpart to the commentary's loss of ease after leaving the garden."", ""turn"": 2, ""model"": ""terra"", ""connection_id"": ""BC-0d810fcf34fc68853693""}]"
WLC:Gen.31.34	medium	tevrat	karsi_anlati|motif	Rachel sits on the camel saddle | idols concealed in a camel saddle	The commentary describes a wrapped cover placed over a camel’s hump and then ridden; Genesis has Rachel sit on the camel’s saddle, supplying a biblical riding-seat scene, though it uses the saddle to conceal idols. | The commentary links a camel-hump covering for riding with Abraham's plea to be kept from idols. Rachel hides household gods in a camel saddle and sits on it, a concrete inverse scene in which idolatry is carried inside the riding equipment.	sec14	"[{""line"": 27, ""strength"": ""medium"", ""tradition"": ""tevrat"", ""kind"": ""motif"", ""ref"": ""WLC:Gen.31.34"", ""basis"": ""Rachel sits on the camel saddle"", ""note"": ""The commentary describes a wrapped cover placed over a camel’s hump and then ridden; Genesis has Rachel sit on the camel’s saddle, supplying a biblical riding-seat scene, though it uses the saddle to conceal idols."", ""turn"": 1, ""model"": ""luna"", ""connection_id"": ""BC-7ea603554c609d05dac4""}, {""line"": 64, ""strength"": ""medium"", ""tradition"": ""tevrat"", ""kind"": ""karsi_anlati"", ""ref"": ""WLC:Gen.31.34"", ""basis"": ""idols concealed in a camel saddle"", ""note"": ""The commentary links a camel-hump covering for riding with Abraham's plea to be kept from idols. Rachel hides household gods in a camel saddle and sits on it, a concrete inverse scene in which idolatry is carried inside the riding equipment."", ""turn"": 1, ""model"": ""terra"", ""connection_id"": ""BC-8fe2636f5b231356ab7f""}]"
WLC:Gen.35.2	strong	tevrat	motif	Jacob tells his household to put away foreign gods | put away foreign gods and purify	The commentary contrasts keeping counsel away with Abraham asking God to keep him and his sons away from idols; Jacob directs his household to remove its foreign gods and purify itself, a family-level act of separation. | Jacob orders his household to put away foreign gods, purify themselves, and change garments. This is a concrete household enactment of the commentary's wish to be kept apart from idols.	sec14	"[{""line"": 28, ""strength"": ""medium"", ""tradition"": ""tevrat"", ""kind"": ""motif"", ""ref"": ""WLC:Gen.35.2"", ""basis"": ""Jacob tells his household to put away foreign gods"", ""note"": ""The commentary contrasts keeping counsel away with Abraham asking God to keep him and his sons away from idols; Jacob directs his household to remove its foreign gods and purify itself, a family-level act of separation."", ""turn"": 1, ""model"": ""luna"", ""connection_id"": ""BC-39c8f7db54fba2ad10c5""}, {""line"": 105, ""strength"": ""strong"", ""tradition"": ""tevrat"", ""kind"": ""motif"", ""ref"": ""WLC:Gen.35.2"", ""basis"": ""put away foreign gods and purify"", ""note"": ""Jacob orders his household to put away foreign gods, purify themselves, and change garments. This is a concrete household enactment of the commentary's wish to be kept apart from idols."", ""turn"": 2, ""model"": ""terra"", ""connection_id"": ""BC-b4ff0fc1048a3a40aa5a""}]"
WLC:Gen.35.4	medium	tevrat	motif	foreign gods buried beneath the oak	The commentary’s Abraham asks for protection from idol worship; Jacob’s household hands over its foreign gods, which Jacob buries beneath the oak, showing the concrete removal that follows his command.	sec14	"[{""line"": 29, ""strength"": ""medium"", ""tradition"": ""tevrat"", ""kind"": ""motif"", ""ref"": ""WLC:Gen.35.4"", ""basis"": ""foreign gods buried beneath the oak"", ""note"": ""The commentary’s Abraham asks for protection from idol worship; Jacob’s household hands over its foreign gods, which Jacob buries beneath the oak, showing the concrete removal that follows his command."", ""turn"": 1, ""model"": ""luna"", ""connection_id"": ""BC-bcc375a323160daa7bea""}]"
WLC:Hab.3.19	strong	tevrat	motif	deer feet on heights	Habakkuk says God makes his feet like a deer's and lets him tread on high places. It is a compact analogue to the commentary's light legs and mountain-ridge travel.	sec14	"[{""line"": 14, ""strength"": ""strong"", ""tradition"": ""tevrat"", ""kind"": ""motif"", ""ref"": ""WLC:Hab.3.19"", ""basis"": ""deer feet on heights"", ""note"": ""Habakkuk says God makes his feet like a deer's and lets him tread on high places. It is a compact analogue to the commentary's light legs and mountain-ridge travel."", ""turn"": 1, ""model"": ""terra"", ""connection_id"": ""BC-93096d9e6e96b7391d65""}]"
WLC:Hos.14.10	strong	tevrat	motif	righteous walk the same paths transgressors fall on	The commentary says the road may be the same while the traveler’s manner differs; Hosea says the just walk in the Lord’s right ways while transgressors fall in those very ways.	sec14	"[{""line"": 7, ""strength"": ""strong"", ""tradition"": ""tevrat"", ""kind"": ""motif"", ""ref"": ""WLC:Hos.14.10"", ""basis"": ""righteous walk the same paths transgressors fall on"", ""note"": ""The commentary says the road may be the same while the traveler’s manner differs; Hosea says the just walk in the Lord’s right ways while transgressors fall in those very ways."", ""turn"": 1, ""model"": ""luna"", ""connection_id"": ""BC-f71c4537d3246949807a""}]"
WLC:Isa.2.3	strong	tevrat	motif	ascending mountain to learn God's paths	Nations go up YHWH's mountain so that he may teach them his ways and they may walk in his paths. It connects the commentary's mountain ascent with instruction that directs walking.	sec14	"[{""line"": 62, ""strength"": ""strong"", ""tradition"": ""tevrat"", ""kind"": ""motif"", ""ref"": ""WLC:Isa.2.3"", ""basis"": ""ascending mountain to learn God's paths"", ""note"": ""Nations go up YHWH's mountain so that he may teach them his ways and they may walk in his paths. It connects the commentary's mountain ascent with instruction that directs walking."", ""turn"": 1, ""model"": ""terra"", ""connection_id"": ""BC-d47c7c45a93bdd463ea3""}]"
WLC:Isa.26.7	medium	tevrat	motif	level path of the righteous	Isaiah calls the righteous person's path level and says the Upright One makes it even. This adds a moral use of levelness to the commentary's easier, balanced road.	sec14	"[{""line"": 66, ""strength"": ""medium"", ""tradition"": ""tevrat"", ""kind"": ""motif"", ""ref"": ""WLC:Isa.26.7"", ""basis"": ""level path of the righteous"", ""note"": ""Isaiah calls the righteous person's path level and says the Upright One makes it even. This adds a moral use of levelness to the commentary's easier, balanced road."", ""turn"": 1, ""model"": ""terra"", ""connection_id"": ""BC-2584ee2fa54918209e59""}]"
WLC:Isa.28.16	medium	tevrat	motif	faith without hurrying	The commentary's good hedy is not a fleeing rush. Isaiah says the one who trusts will not act in haste, giving calm movement a faith-based interpretation.	sec14	"[{""line"": 67, ""strength"": ""medium"", ""tradition"": ""tevrat"", ""kind"": ""motif"", ""ref"": ""WLC:Isa.28.16"", ""basis"": ""faith without hurrying"", ""note"": ""The commentary's good hedy is not a fleeing rush. Isaiah says the one who trusts will not act in haste, giving calm movement a faith-based interpretation."", ""turn"": 1, ""model"": ""terra"", ""connection_id"": ""BC-2b2f8b88d536fdc8d449""}]"
WLC:Isa.30.21	strong	tevrat	motif	a voice behind says, “This is the way” | this is the way	"The commentary calls the guide one who goes ahead; Isaiah’s traveler hears a voice behind identifying the way to walk, a concrete reversal of the guide’s position while preserving the path instruction. | When a traveler turns right or left, Isaiah's voice says, ""This is the way; walk in it."" That is a precise counterpart to the commentary's guide who identifies a road rather than merely giving advice."	sec14	"[{""line"": 23, ""strength"": ""medium"", ""tradition"": ""tevrat"", ""kind"": ""motif"", ""ref"": ""WLC:Isa.30.21"", ""basis"": ""a voice behind says, “This is the way”"", ""note"": ""The commentary calls the guide one who goes ahead; Isaiah’s traveler hears a voice behind identifying the way to walk, a concrete reversal of the guide’s position while preserving the path instruction."", ""turn"": 1, ""model"": ""luna"", ""connection_id"": ""BC-adc71731d3bb9071f1b9""}, {""line"": 8, ""strength"": ""strong"", ""tradition"": ""tevrat"", ""kind"": ""motif"", ""ref"": ""WLC:Isa.30.21"", ""basis"": ""this is the way"", ""note"": ""When a traveler turns right or left, Isaiah's voice says, \""This is the way; walk in it.\"" That is a precise counterpart to the commentary's guide who identifies a road rather than merely giving advice."", ""turn"": 1, ""model"": ""terra"", ""connection_id"": ""BC-a3623c355381fa605ab9""}]"
WLC:Isa.30.22	strong	tevrat	motif	casting away images	The commentary contrasts the wretched person who keeps the reminder at a distance with Abraham's request to be kept from idols. Isaiah commands defiling and casting away idol-images as something unclean.	sec14	"[{""line"": 37, ""strength"": ""strong"", ""tradition"": ""tevrat"", ""kind"": ""motif"", ""ref"": ""WLC:Isa.30.22"", ""basis"": ""casting away images"", ""note"": ""The commentary contrasts the wretched person who keeps the reminder at a distance with Abraham's request to be kept from idols. Isaiah commands defiling and casting away idol-images as something unclean."", ""turn"": 1, ""model"": ""terra"", ""connection_id"": ""BC-919eee22f68541416e83""}]"
WLC:Isa.35.3	strong	tevrat	motif	strengthen weak hands and feeble knees	The commentary’s secondary walking image is a weak person relying on support; Isaiah tells the hearers to strengthen weak hands and make firm feeble knees, a concrete bodily response to weakness. | The commentary's secondary h-d-y image is a weakened person needing support. Isaiah commands the strengthening of weak hands and unsteady knees before its highway vision.	sec14	"[{""line"": 44, ""strength"": ""strong"", ""tradition"": ""tevrat"", ""kind"": ""motif"", ""ref"": ""WLC:Isa.35.3"", ""basis"": ""strengthen weak hands and feeble knees"", ""note"": ""The commentary’s secondary walking image is a weak person relying on support; Isaiah tells the hearers to strengthen weak hands and make firm feeble knees, a concrete bodily response to weakness."", ""turn"": 2, ""model"": ""luna"", ""connection_id"": ""BC-b706c3b47cac8037ce52""}, {""line"": 94, ""strength"": ""strong"", ""tradition"": ""tevrat"", ""kind"": ""motif"", ""ref"": ""WLC:Isa.35.3"", ""basis"": ""strengthen weak hands and feeble knees"", ""note"": ""The commentary's secondary h-d-y image is a weakened person needing support. Isaiah commands the strengthening of weak hands and unsteady knees before its highway vision."", ""turn"": 2, ""model"": ""terra"", ""connection_id"": ""BC-41df7009f656d57d31c7""}]"
WLC:Isa.35.6	strong	tevrat	motif	the lame leap like a deer | lame person leaping like a deer	The commentary links a mount’s light legs with a ridge that can be climbed; Isaiah says the lame will leap like a deer, turning impaired gait into agile movement. | Isaiah's lame person leaps like a deer. This is a sharply specific transformation of weak legs into the light, high-country movement developed in the commentary.	sec14	"[{""line"": 45, ""strength"": ""strong"", ""tradition"": ""tevrat"", ""kind"": ""motif"", ""ref"": ""WLC:Isa.35.6"", ""basis"": ""the lame leap like a deer"", ""note"": ""The commentary links a mount’s light legs with a ridge that can be climbed; Isaiah says the lame will leap like a deer, turning impaired gait into agile movement."", ""turn"": 2, ""model"": ""luna"", ""connection_id"": ""BC-fb1740f219d15ca2f9b8""}, {""line"": 95, ""strength"": ""strong"", ""tradition"": ""tevrat"", ""kind"": ""motif"", ""ref"": ""WLC:Isa.35.6"", ""basis"": ""lame person leaping like a deer"", ""note"": ""Isaiah's lame person leaps like a deer. This is a sharply specific transformation of weak legs into the light, high-country movement developed in the commentary."", ""turn"": 2, ""model"": ""terra"", ""connection_id"": ""BC-5bee0f6c5207d0be4c29""}]"
WLC:Isa.35.8	strong	tevrat	motif	a highway on which even a fool will not stray | highway on which travelers do not stray	The commentary describes being made ready for the easier way; Isaiah’s holy highway is so clearly marked that even a fool will not err on it, a concrete image of an accessible route. | Isaiah's holy highway is a route on which even inexperienced travelers do not go astray. It joins the commentary's explicit guiding with a road made reliable for its walkers.	sec14	"[{""line"": 18, ""strength"": ""strong"", ""tradition"": ""tevrat"", ""kind"": ""motif"", ""ref"": ""WLC:Isa.35.8"", ""basis"": ""a highway on which even a fool will not stray"", ""note"": ""The commentary describes being made ready for the easier way; Isaiah’s holy highway is so clearly marked that even a fool will not err on it, a concrete image of an accessible route."", ""turn"": 1, ""model"": ""luna"", ""connection_id"": ""BC-178262e591d6e69981c0""}, {""line"": 57, ""strength"": ""strong"", ""tradition"": ""tevrat"", ""kind"": ""motif"", ""ref"": ""WLC:Isa.35.8"", ""basis"": ""highway on which travelers do not stray"", ""note"": ""Isaiah's holy highway is a route on which even inexperienced travelers do not go astray. It joins the commentary's explicit guiding with a road made reliable for its walkers."", ""turn"": 1, ""model"": ""terra"", ""connection_id"": ""BC-31b3a9fc113d6029f815""}]"
WLC:Isa.40.25	medium	tevrat	soydas	possible Arabic s-w-y / Hebrew שוה cognate | Hebrew shavah and the source label sawa	The commentary reports an Arabic family sense of equality alongside “middle”; Isaiah uses the Hebrew root שוה for being equal or compared. The semantic link is specific, but the cognate relationship needs lexical confirmation and does not carry the camel-seat sense. | The commentary explicitly gives سوى the sense of equality and a balanced middle. Isaiah uses Hebrew שוה, a likely Semitic cognate, for being equal or comparable to the Holy One; its context checks the equality sense while supplying no camel-saddle image.	sec14	"[{""line"": 34, ""strength"": ""weak"", ""tradition"": ""tevrat"", ""kind"": ""soydas"", ""ref"": ""WLC:Isa.40.25"", ""basis"": ""possible Arabic s-w-y / Hebrew שוה cognate"", ""note"": ""The commentary reports an Arabic family sense of equality alongside “middle”; Isaiah uses the Hebrew root שוה for being equal or compared. The semantic link is specific, but the cognate relationship needs lexical confirmation and does not carry the camel-seat sense."", ""turn"": 1, ""model"": ""luna"", ""connection_id"": ""BC-cf788352168f8407dd9f""}, {""line"": 81, ""strength"": ""medium"", ""tradition"": ""tevrat"", ""kind"": ""soydas"", ""ref"": ""WLC:Isa.40.25"", ""basis"": ""Hebrew shavah and the source label sawa"", ""note"": ""The commentary explicitly gives سوى the sense of equality and a balanced middle. Isaiah uses Hebrew שוה, a likely Semitic cognate, for being equal or comparable to the Holy One; its context checks the equality sense while supplying no camel-saddle image."", ""turn"": 1, ""model"": ""terra"", ""connection_id"": ""BC-63fd2958e499db24cc92""}]"
WLC:Isa.40.3	strong	tevrat	motif	prepare a way in the wilderness | prepare YHWH's way in wilderness	The commentary develops a guide who goes ahead and a route made easy; Isaiah’s voice calls for the Lord’s way to be prepared in the wilderness, an explicit road-making image. | The commentary treats guidance as showing a real road and making a journey possible. Isaiah's command to prepare YHWH's way and make a highway straight supplies the route-formula that precedes its leveling in 40:4.	sec14	"[{""line"": 36, ""strength"": ""strong"", ""tradition"": ""tevrat"", ""kind"": ""motif"", ""ref"": ""WLC:Isa.40.3"", ""basis"": ""prepare a way in the wilderness"", ""note"": ""The commentary develops a guide who goes ahead and a route made easy; Isaiah’s voice calls for the Lord’s way to be prepared in the wilderness, an explicit road-making image."", ""turn"": 2, ""model"": ""luna"", ""connection_id"": ""BC-862795ba3d51c2e34661""}, {""line"": 82, ""strength"": ""strong"", ""tradition"": ""tevrat"", ""kind"": ""motif"", ""ref"": ""WLC:Isa.40.3"", ""basis"": ""prepare YHWH's way in wilderness"", ""note"": ""The commentary treats guidance as showing a real road and making a journey possible. Isaiah's command to prepare YHWH's way and make a highway straight supplies the route-formula that precedes its leveling in 40:4."", ""turn"": 2, ""model"": ""terra"", ""connection_id"": ""BC-d296caf164cfda62c36d""}]"
WLC:Isa.40.31	medium	tevrat	motif	walk without growing faint	The commentary brings together weakness, light legs, and easy travel; Isaiah says those who wait for the Lord walk without fainting, portraying renewed capacity for the journey.	sec14	"[{""line"": 25, ""strength"": ""medium"", ""tradition"": ""tevrat"", ""kind"": ""motif"", ""ref"": ""WLC:Isa.40.31"", ""basis"": ""walk without growing faint"", ""note"": ""The commentary brings together weakness, light legs, and easy travel; Isaiah says those who wait for the Lord walk without fainting, portraying renewed capacity for the journey."", ""turn"": 1, ""model"": ""luna"", ""connection_id"": ""BC-2bc73c18635b4d3d1bb6""}]"
WLC:Isa.40.4	strong	tevrat	motif	mountains lowered and rough ground made level | mountain and rough ground leveled	The commentary describes a long ridge that is nevertheless easier to climb; Isaiah pictures hills lowered and rough places leveled so a route can be traversed. | The commentary dwells on a long mountain ridge whose climb is made easier. Isaiah's preparation of the divine way lowers mountains, raises valleys, and smooths rough ground.	sec14	"[{""line"": 37, ""strength"": ""strong"", ""tradition"": ""tevrat"", ""kind"": ""motif"", ""ref"": ""WLC:Isa.40.4"", ""basis"": ""mountains lowered and rough ground made level"", ""note"": ""The commentary describes a long ridge that is nevertheless easier to climb; Isaiah pictures hills lowered and rough places leveled so a route can be traversed."", ""turn"": 2, ""model"": ""luna"", ""connection_id"": ""BC-5fa9cf82e0ee02ade454""}, {""line"": 10, ""strength"": ""strong"", ""tradition"": ""tevrat"", ""kind"": ""motif"", ""ref"": ""WLC:Isa.40.4"", ""basis"": ""mountain and rough ground leveled"", ""note"": ""The commentary dwells on a long mountain ridge whose climb is made easier. Isaiah's preparation of the divine way lowers mountains, raises valleys, and smooths rough ground."", ""turn"": 1, ""model"": ""terra"", ""connection_id"": ""BC-21258f79c2f26da9953d""}]"
WLC:Isa.40.7	strong	tevrat	motif	grass withers under divine breath	The pasture in the commentary is brought forth and then becomes dark waste. Isaiah's grass withers and flower fades when the breath of YHWH blows on it, a close vegetation-to-decay image.	sec14	"[{""line"": 31, ""strength"": ""strong"", ""tradition"": ""tevrat"", ""kind"": ""motif"", ""ref"": ""WLC:Isa.40.7"", ""basis"": ""grass withers under divine breath"", ""note"": ""The pasture in the commentary is brought forth and then becomes dark waste. Isaiah's grass withers and flower fades when the breath of YHWH blows on it, a close vegetation-to-decay image."", ""turn"": 1, ""model"": ""terra"", ""connection_id"": ""BC-b262ce3cfbe4a0ac927d""}]"
WLC:Isa.42.16	strong	tevrat	motif	unknown paths made smooth	God leads blind people on unfamiliar roads and makes rough places level. This combines the commentary's guided traveler with its concern for a route made passable.	sec14	"[{""line"": 9, ""strength"": ""strong"", ""tradition"": ""tevrat"", ""kind"": ""motif"", ""ref"": ""WLC:Isa.42.16"", ""basis"": ""unknown paths made smooth"", ""note"": ""God leads blind people on unfamiliar roads and makes rough places level. This combines the commentary's guided traveler with its concern for a route made passable."", ""turn"": 1, ""model"": ""terra"", ""connection_id"": ""BC-a8a7885c005217c2fa2d""}]"
WLC:Isa.43.19	strong	tevrat	motif	way in wilderness	God promises to make a way in wilderness and rivers in desert. This develops the commentary's divine route-making where the natural terrain itself offers no easy passage.	sec14	"[{""line"": 59, ""strength"": ""strong"", ""tradition"": ""tevrat"", ""kind"": ""motif"", ""ref"": ""WLC:Isa.43.19"", ""basis"": ""way in wilderness"", ""note"": ""God promises to make a way in wilderness and rivers in desert. This develops the commentary's divine route-making where the natural terrain itself offers no easy passage."", ""turn"": 1, ""model"": ""terra"", ""connection_id"": ""BC-214917f126999f30056f""}]"
WLC:Isa.45.18	medium	tevrat	motif	Creator forms and establishes the earth	The Creator forms, makes, and establishes the earth for habitation rather than emptiness. This enriches the commentary's brief claim that God creates and proportions, though it does not develop the travel imagery.	sec14	"[{""line"": 124, ""strength"": ""medium"", ""tradition"": ""tevrat"", ""kind"": ""motif"", ""ref"": ""WLC:Isa.45.18"", ""basis"": ""Creator forms and establishes the earth"", ""note"": ""The Creator forms, makes, and establishes the earth for habitation rather than emptiness. This enriches the commentary's brief claim that God creates and proportions, though it does not develop the travel imagery."", ""turn"": 2, ""model"": ""terra"", ""connection_id"": ""BC-cad8a365ba8b565132ab""}]"
WLC:Isa.48.17	strong	tevrat	motif	God teaches and leads the profitable way	YHWH teaches what benefits and leads Israel in the way it should go. It directly pairs the commentary's divine huda with yusr as a beneficial course.	sec14	"[{""line"": 90, ""strength"": ""strong"", ""tradition"": ""tevrat"", ""kind"": ""motif"", ""ref"": ""WLC:Isa.48.17"", ""basis"": ""God teaches and leads the profitable way"", ""note"": ""YHWH teaches what benefits and leads Israel in the way it should go. It directly pairs the commentary's divine huda with yusr as a beneficial course."", ""turn"": 2, ""model"": ""terra"", ""connection_id"": ""BC-0dc466cbba1efbd85b84""}]"
WLC:Isa.5.24	strong	tevrat	motif	stubble, fire, rejected instruction	Isaiah makes dry grass and stubble burn because the people rejected YHWH's instruction. It binds the commentary's pasture becoming refuse to its adjacent scene of admonition refused and fire.	sec14	"[{""line"": 29, ""strength"": ""strong"", ""tradition"": ""tevrat"", ""kind"": ""motif"", ""ref"": ""WLC:Isa.5.24"", ""basis"": ""stubble, fire, rejected instruction"", ""note"": ""Isaiah makes dry grass and stubble burn because the people rejected YHWH's instruction. It binds the commentary's pasture becoming refuse to its adjacent scene of admonition refused and fire."", ""turn"": 1, ""model"": ""terra"", ""connection_id"": ""BC-a16c675ae5012e251600""}]"
WLC:Isa.52.12	strong	tevrat	motif|paralel	not in haste or flight; God goes before | no haste or flight	The commentary defines the guide as one who precedes and describes a calm walk rather than a flight; Isaiah joins both details, saying the departing people need not hurry or flee because God goes before them and guards their rear. | The commentary contrasts an unhurried, composed walk with fleeing. Isaiah says the departing people will neither leave in haste nor flee because YHWH goes before them and guards behind.	sec14	"[{""line"": 5, ""strength"": ""strong"", ""tradition"": ""tevrat"", ""kind"": ""paralel"", ""ref"": ""WLC:Isa.52.12"", ""basis"": ""not in haste or flight; God goes before"", ""note"": ""The commentary defines the guide as one who precedes and describes a calm walk rather than a flight; Isaiah joins both details, saying the departing people need not hurry or flee because God goes before them and guards their rear."", ""turn"": 1, ""model"": ""luna"", ""connection_id"": ""BC-7bbb0712f54fe96f8410""}, {""line"": 5, ""strength"": ""strong"", ""tradition"": ""tevrat"", ""kind"": ""motif"", ""ref"": ""WLC:Isa.52.12"", ""basis"": ""no haste or flight"", ""note"": ""The commentary contrasts an unhurried, composed walk with fleeing. Isaiah says the departing people will neither leave in haste nor flee because YHWH goes before them and guards behind."", ""turn"": 1, ""model"": ""terra"", ""connection_id"": ""BC-d19b037a5f695f4fa6a2""}]"
WLC:Isa.57.14	strong	tevrat	motif	remove obstacles from my people's way	A voice orders a way built up and every obstruction removed from the people's path. This directly realizes the commentary's promise of a road made easy for its walker.	sec14	"[{""line"": 84, ""strength"": ""strong"", ""tradition"": ""tevrat"", ""kind"": ""motif"", ""ref"": ""WLC:Isa.57.14"", ""basis"": ""remove obstacles from my people's way"", ""note"": ""A voice orders a way built up and every obstruction removed from the people's path. This directly realizes the commentary's promise of a road made easy for its walker."", ""turn"": 2, ""model"": ""terra"", ""connection_id"": ""BC-c5b767b7cb28a20b88f4""}]"
WLC:Isa.58.11	strong	tevrat	motif	continual guidance and strengthened bones	YHWH promises continual guidance, satisfaction in dry places, and strength for the bones. Its linked guidance and bodily renewal answer the commentary's weak traveler and easy course.	sec14	"[{""line"": 92, ""strength"": ""strong"", ""tradition"": ""tevrat"", ""kind"": ""motif"", ""ref"": ""WLC:Isa.58.11"", ""basis"": ""continual guidance and strengthened bones"", ""note"": ""YHWH promises continual guidance, satisfaction in dry places, and strength for the bones. Its linked guidance and bodily renewal answer the commentary's weak traveler and easy course."", ""turn"": 2, ""model"": ""terra"", ""connection_id"": ""BC-ff28af9e3e50f5a0641b""}]"
WLC:Isa.58.14	medium	tevrat	motif	riding on the heights of earth	God promises to make the faithful ride on the heights of the earth. It gives a second prophetic use of riding and high terrain alongside the commentary's mount and mountain ridge.	sec14	"[{""line"": 119, ""strength"": ""medium"", ""tradition"": ""tevrat"", ""kind"": ""motif"", ""ref"": ""WLC:Isa.58.14"", ""basis"": ""riding on the heights of earth"", ""note"": ""God promises to make the faithful ride on the heights of the earth. It gives a second prophetic use of riding and high terrain alongside the commentary's mount and mountain ridge."", ""turn"": 2, ""model"": ""terra"", ""connection_id"": ""BC-df8678e9045219f83acc""}]"
WLC:Isa.62.10	strong	tevrat	motif	build highway and clear stones	The prophet tells people to pass through the gates, build up the highway, and clear its stones. Its public roadwork makes concrete the commentary's eased route rather than a merely inward disposition.	sec14	"[{""line"": 85, ""strength"": ""strong"", ""tradition"": ""tevrat"", ""kind"": ""motif"", ""ref"": ""WLC:Isa.62.10"", ""basis"": ""build highway and clear stones"", ""note"": ""The prophet tells people to pass through the gates, build up the highway, and clear its stones. Its public roadwork makes concrete the commentary's eased route rather than a merely inward disposition."", ""turn"": 2, ""model"": ""terra"", ""connection_id"": ""BC-dc094e6af6574ec24a44""}]"
WLC:Isa.63.13	strong	tevrat	motif	horse without stumbling	God leads Israel through the depths like a horse in the wilderness so that it does not stumble. This directly links the commentary's guided animal and its light, sure movement.	sec14	"[{""line"": 13, ""strength"": ""strong"", ""tradition"": ""tevrat"", ""kind"": ""motif"", ""ref"": ""WLC:Isa.63.13"", ""basis"": ""horse without stumbling"", ""note"": ""God leads Israel through the depths like a horse in the wilderness so that it does not stumble. This directly links the commentary's guided animal and its light, sure movement."", ""turn"": 1, ""model"": ""terra"", ""connection_id"": ""BC-faec99b9990f2ab111dc""}]"
WLC:Jer.21.8	strong	tevrat	motif	way of life and way of death	YHWH sets before Jerusalem the way of life and the way of death. The formula supplies a direct prophetic counterpart to the commentary's one journey resolving into opposed ends.	sec14	"[{""line"": 109, ""strength"": ""strong"", ""tradition"": ""tevrat"", ""kind"": ""motif"", ""ref"": ""WLC:Jer.21.8"", ""basis"": ""way of life and way of death"", ""note"": ""YHWH sets before Jerusalem the way of life and the way of death. The formula supplies a direct prophetic counterpart to the commentary's one journey resolving into opposed ends."", ""turn"": 2, ""model"": ""terra"", ""connection_id"": ""BC-16ebef4c7be8ee4d2a05""}]"
WLC:Jer.31.9	strong	tevrat	motif	straight path without stumbling	God leads the returning people by streams on a straight path where they will not stumble. This closely combines the commentary's guide, light movement, and secure arrival.	sec14	"[{""line"": 86, ""strength"": ""strong"", ""tradition"": ""tevrat"", ""kind"": ""motif"", ""ref"": ""WLC:Jer.31.9"", ""basis"": ""straight path without stumbling"", ""note"": ""God leads the returning people by streams on a straight path where they will not stumble. This closely combines the commentary's guide, light movement, and secure arrival."", ""turn"": 2, ""model"": ""terra"", ""connection_id"": ""BC-3138eb4bb35332e23a42""}]"
WLC:Jer.6.16	strong	tevrat	motif	ancient paths, rest, and refusal to walk | good path offered and refused	The commentary says the wretched person leaves the reminder beside his route; Jeremiah tells the people to seek the good ancient path and walk in it, but they answer that they will not walk there, joining guidance, a way, and its refusal. | YHWH tells the people to stand at the roads, ask for the good ancient path, walk it, and find rest; they answer that they will not walk in it. This is a close counterpart to the reminder that the wretched person avoids.	sec14	"[{""line"": 35, ""strength"": ""strong"", ""tradition"": ""tevrat"", ""kind"": ""motif"", ""ref"": ""WLC:Jer.6.16"", ""basis"": ""ancient paths, rest, and refusal to walk"", ""note"": ""The commentary says the wretched person leaves the reminder beside his route; Jeremiah tells the people to seek the good ancient path and walk in it, but they answer that they will not walk there, joining guidance, a way, and its refusal."", ""turn"": 2, ""model"": ""luna"", ""connection_id"": ""BC-de6c0e70fbdb0ff5d540""}, {""line"": 25, ""strength"": ""strong"", ""tradition"": ""tevrat"", ""kind"": ""motif"", ""ref"": ""WLC:Jer.6.16"", ""basis"": ""good path offered and refused"", ""note"": ""YHWH tells the people to stand at the roads, ask for the good ancient path, walk it, and find rest; they answer that they will not walk in it. This is a close counterpart to the reminder that the wretched person avoids."", ""turn"": 1, ""model"": ""terra"", ""connection_id"": ""BC-e74a9fa88d614f6b8601""}]"
WLC:Jer.7.24	medium	tevrat	motif	walking backward after refusing to hear	Jeremiah says the people did not listen, walked in their own counsels, and went backward rather than forward. It makes the commentary's contrast between a forward guide and avoidance of admonition spatially explicit.	sec14	"[{""line"": 69, ""strength"": ""medium"", ""tradition"": ""tevrat"", ""kind"": ""motif"", ""ref"": ""WLC:Jer.7.24"", ""basis"": ""walking backward after refusing to hear"", ""note"": ""Jeremiah says the people did not listen, walked in their own counsels, and went backward rather than forward. It makes the commentary's contrast between a forward guide and avoidance of admonition spatially explicit."", ""turn"": 1, ""model"": ""terra"", ""connection_id"": ""BC-0326afe73651375f78ad""}]"
WLC:Job.28.25	strong	tevrat	motif	weight for wind and measure for waters	Job describes God assigning weight to wind and measure to waters. This makes the commentary's divine measuring a material ordering of a world through which creatures travel.	sec14	"[{""line"": 45, ""strength"": ""strong"", ""tradition"": ""tevrat"", ""kind"": ""motif"", ""ref"": ""WLC:Job.28.25"", ""basis"": ""weight for wind and measure for waters"", ""note"": ""Job describes God assigning weight to wind and measure to waters. This makes the commentary's divine measuring a material ordering of a world through which creatures travel."", ""turn"": 1, ""model"": ""terra"", ""connection_id"": ""BC-7a11adbc473b2aeca252""}]"
WLC:Job.38.5	strong	tevrat	motif	determined measurements of earth	God asks who fixed the earth's measures and stretched a line over it. It supplies a biblical cosmic instance of the measuring and proportioning named in the commentary on 87:2–3.	sec14	"[{""line"": 44, ""strength"": ""strong"", ""tradition"": ""tevrat"", ""kind"": ""motif"", ""ref"": ""WLC:Job.38.5"", ""basis"": ""determined measurements of earth"", ""note"": ""God asks who fixed the earth's measures and stretched a line over it. It supplies a biblical cosmic instance of the measuring and proportioning named in the commentary on 87:2–3."", ""turn"": 1, ""model"": ""terra"", ""connection_id"": ""BC-eaf5b0515fe68206b981""}]"
WLC:Job.39.19	medium	tevrat	motif	God gives the horse its strength	God asks Job whether he gives the horse its strength and clothes its neck. It places the equine capacity behind the commentary's readily led horse within the Creator's ordering of creatures.	sec14	"[{""line"": 126, ""strength"": ""medium"", ""tradition"": ""tevrat"", ""kind"": ""motif"", ""ref"": ""WLC:Job.39.19"", ""basis"": ""God gives the horse its strength"", ""note"": ""God asks Job whether he gives the horse its strength and clothes its neck. It places the equine capacity behind the commentary's readily led horse within the Creator's ordering of creatures."", ""turn"": 2, ""model"": ""terra"", ""connection_id"": ""BC-735291a8037e1921ba97""}]"
WLC:Jonah.1.3	strong	tevrat	motif	fleeing from YHWH's presence	Jonah physically sets out for Tarshish to flee from YHWH after receiving a commission. The narrative gives the commentary's avoidance of a divine reminder a full journey-shaped enactment.	sec14	"[{""line"": 102, ""strength"": ""strong"", ""tradition"": ""tevrat"", ""kind"": ""motif"", ""ref"": ""WLC:Jonah.1.3"", ""basis"": ""fleeing from YHWH's presence"", ""note"": ""Jonah physically sets out for Tarshish to flee from YHWH after receiving a commission. The narrative gives the commentary's avoidance of a divine reminder a full journey-shaped enactment."", ""turn"": 2, ""model"": ""terra"", ""connection_id"": ""BC-a65663737b7badf47be1""}]"
WLC:Josh.24.2	strong	tevrat	paralel	Terah served other gods	The commentary’s Abraham asks to be kept from idol worship; Joshua says Abraham’s father and ancestors served other gods, locating the danger his prayer names.	sec14	"[{""line"": 3, ""strength"": ""strong"", ""tradition"": ""tevrat"", ""kind"": ""paralel"", ""ref"": ""WLC:Josh.24.2"", ""basis"": ""Terah served other gods"", ""note"": ""The commentary’s Abraham asks to be kept from idol worship; Joshua says Abraham’s father and ancestors served other gods, locating the danger his prayer names."", ""turn"": 1, ""model"": ""luna"", ""connection_id"": ""BC-a915c496366d5a687bd8""}]"
WLC:Josh.24.23	strong	tevrat	motif	put away foreign gods	Joshua commands Israel to put away the foreign gods among them and incline the heart to YHWH. It makes the commentary's requested separation from idolatry an enacted turn of direction.	sec14	"[{""line"": 38, ""strength"": ""strong"", ""tradition"": ""tevrat"", ""kind"": ""motif"", ""ref"": ""WLC:Josh.24.23"", ""basis"": ""put away foreign gods"", ""note"": ""Joshua commands Israel to put away the foreign gods among them and incline the heart to YHWH. It makes the commentary's requested separation from idolatry an enacted turn of direction."", ""turn"": 1, ""model"": ""terra"", ""connection_id"": ""BC-604082096a9c26b87faa""}]"
WLC:Josh.24.3	strong	tevrat	paralel	God took Abraham across the river	The commentary has Abraham ask God to keep his family from idols; Joshua recounts God taking Abraham from beyond the Euphrates into Canaan, a narrated removal from his idolatrous setting.	sec14	"[{""line"": 4, ""strength"": ""strong"", ""tradition"": ""tevrat"", ""kind"": ""paralel"", ""ref"": ""WLC:Josh.24.3"", ""basis"": ""God took Abraham across the river"", ""note"": ""The commentary has Abraham ask God to keep his family from idols; Joshua recounts God taking Abraham from beyond the Euphrates into Canaan, a narrated removal from his idolatrous setting."", ""turn"": 1, ""model"": ""luna"", ""connection_id"": ""BC-4d1acba9dd5ef9256902""}]"
WLC:Judg.5.10	strong	tevrat	motif	donkey riders, saddle-related sitting, and walkers on the road	The commentary brings together a riding cover, the mount, and a person’s route; Deborah’s song groups donkey-riders and walkers on the road with people sitting on a term sometimes understood as saddle-cloths, though that wording is uncertain.	sec14	"[{""line"": 38, ""strength"": ""strong"", ""tradition"": ""tevrat"", ""kind"": ""motif"", ""ref"": ""WLC:Judg.5.10"", ""basis"": ""donkey riders, saddle-related sitting, and walkers on the road"", ""note"": ""The commentary brings together a riding cover, the mount, and a person’s route; Deborah’s song groups donkey-riders and walkers on the road with people sitting on a term sometimes understood as saddle-cloths, though that wording is uncertain."", ""turn"": 2, ""model"": ""luna"", ""connection_id"": ""BC-3ecbfb8ba184a9b318d0""}]"
WLC:Mal.3.19	strong	tevrat	motif	arrogant and evildoers as stubble in fire	In Hebrew WLC versification, the coming day burns the arrogant and evildoers like stubble. It joins the commentary's vegetal residue, wretchedness, and final fire in one prophetic image.	sec14	"[{""line"": 111, ""strength"": ""strong"", ""tradition"": ""tevrat"", ""kind"": ""motif"", ""ref"": ""WLC:Mal.3.19"", ""basis"": ""arrogant and evildoers as stubble in fire"", ""note"": ""In Hebrew WLC versification, the coming day burns the arrogant and evildoers like stubble. It joins the commentary's vegetal residue, wretchedness, and final fire in one prophetic image."", ""turn"": 2, ""model"": ""terra"", ""connection_id"": ""BC-42ad697041af975ed012""}]"
WLC:Num.22.23	strong	tevrat	karsi_anlati|motif	donkey turns aside from the blocked road | donkey turns aside before the angel	The commentary’s mount is easy to lead and quick to follow; Balaam’s donkey instead leaves the road when it sees the angel blocking the way, and that refusal protects its rider. | The commentary reads the wretched person's tajannub as passing the warning by and keeping it at the roadside. Balaam's donkey turns aside from the road because it sees the armed divine messenger that its rider misses; here the sideways movement is the faithful response to warning.	sec14	"[{""line"": 10, ""strength"": ""strong"", ""tradition"": ""tevrat"", ""kind"": ""motif"", ""ref"": ""WLC:Num.22.23"", ""basis"": ""donkey turns aside from the blocked road"", ""note"": ""The commentary’s mount is easy to lead and quick to follow; Balaam’s donkey instead leaves the road when it sees the angel blocking the way, and that refusal protects its rider."", ""turn"": 1, ""model"": ""luna"", ""connection_id"": ""BC-15bda4852f5604a3f9ec""}, {""line"": 24, ""strength"": ""strong"", ""tradition"": ""tevrat"", ""kind"": ""karsi_anlati"", ""ref"": ""WLC:Num.22.23"", ""basis"": ""donkey turns aside before the angel"", ""note"": ""The commentary reads the wretched person's tajannub as passing the warning by and keeping it at the roadside. Balaam's donkey turns aside from the road because it sees the armed divine messenger that its rider misses; here the sideways movement is the faithful response to warning."", ""turn"": 1, ""model"": ""terra"", ""connection_id"": ""BC-28066f29268661685749""}]"
WLC:Num.22.32	strong	tevrat	motif	Balaam’s way is perverse	The commentary makes the traveler’s conduct, not the road itself, decisive; the angel tells Balaam that his way is perverse, while the donkey’s apparent deviation is the safer response to the blocked path.	sec14	"[{""line"": 11, ""strength"": ""strong"", ""tradition"": ""tevrat"", ""kind"": ""motif"", ""ref"": ""WLC:Num.22.32"", ""basis"": ""Balaam’s way is perverse"", ""note"": ""The commentary makes the traveler’s conduct, not the road itself, decisive; the angel tells Balaam that his way is perverse, while the donkey’s apparent deviation is the safer response to the blocked path."", ""turn"": 1, ""model"": ""luna"", ""connection_id"": ""BC-63dadfe32c77918d800f""}]"
WLC:Prov.1.25	strong	tevrat	motif	Wisdom’s counsel refused	The commentary says the wretched person keeps the reminder at a distance; personified Wisdom says her hearers rejected her counsel and reproof, a concrete scene of refusing admonition.	sec14	"[{""line"": 9, ""strength"": ""strong"", ""tradition"": ""tevrat"", ""kind"": ""motif"", ""ref"": ""WLC:Prov.1.25"", ""basis"": ""Wisdom’s counsel refused"", ""note"": ""The commentary says the wretched person keeps the reminder at a distance; personified Wisdom says her hearers rejected her counsel and reproof, a concrete scene of refusing admonition."", ""turn"": 1, ""model"": ""luna"", ""connection_id"": ""BC-4ef57c2a97a3edd7ce98""}]"
WLC:Prov.15.24	medium	tevrat	motif	upward path of life away from Sheol	For the prudent, the path of life leads upward in order to turn from Sheol below. It aligns the commentary's elevated road with its contrasting endpoint in the fire, though it does not share the animal imagery.	sec14	"[{""line"": 121, ""strength"": ""medium"", ""tradition"": ""tevrat"", ""kind"": ""motif"", ""ref"": ""WLC:Prov.15.24"", ""basis"": ""upward path of life away from Sheol"", ""note"": ""For the prudent, the path of life leads upward in order to turn from Sheol below. It aligns the commentary's elevated road with its contrasting endpoint in the fire, though it does not share the animal imagery."", ""turn"": 2, ""model"": ""terra"", ""connection_id"": ""BC-66afe2e76293b6525a80""}]"
WLC:Prov.16.9	strong	tevrat	motif	human plans, the Lord directs the steps	The commentary says the road can be the same while the traveler’s conduct differs; Proverbs contrasts a person’s plans with the Lord’s direction of his steps, clarifying the relation between human course and divine guidance.	sec14	"[{""line"": 49, ""strength"": ""strong"", ""tradition"": ""tevrat"", ""kind"": ""motif"", ""ref"": ""WLC:Prov.16.9"", ""basis"": ""human plans, the Lord directs the steps"", ""note"": ""The commentary says the road can be the same while the traveler’s conduct differs; Proverbs contrasts a person’s plans with the Lord’s direction of his steps, clarifying the relation between human course and divine guidance."", ""turn"": 2, ""model"": ""luna"", ""connection_id"": ""BC-4f6e98e220a5b92f0261""}]"
WLC:Prov.19.2	medium	tevrat	motif	hasty feet miss the way	Proverbs warns that haste of feet makes a person miss the way. It provides a compact wisdom counterpoint to the commentary's measured, unhurried gait.	sec14	"[{""line"": 68, ""strength"": ""medium"", ""tradition"": ""tevrat"", ""kind"": ""motif"", ""ref"": ""WLC:Prov.19.2"", ""basis"": ""hasty feet miss the way"", ""note"": ""Proverbs warns that haste of feet makes a person miss the way. It provides a compact wisdom counterpoint to the commentary's measured, unhurried gait."", ""turn"": 1, ""model"": ""terra"", ""connection_id"": ""BC-1e3aa11c7971fd6f170d""}]"
WLC:Prov.4.12	strong	tevrat	motif	unconstrained steps	Wisdom's path leaves the walker's stride unconfined and prevents stumbling even when running. It concretizes the commentary's easy road and untroubled gait.	sec14	"[{""line"": 15, ""strength"": ""strong"", ""tradition"": ""tevrat"", ""kind"": ""motif"", ""ref"": ""WLC:Prov.4.12"", ""basis"": ""unconstrained steps"", ""note"": ""Wisdom's path leaves the walker's stride unconfined and prevents stumbling even when running. It concretizes the commentary's easy road and untroubled gait."", ""turn"": 1, ""model"": ""terra"", ""connection_id"": ""BC-65354317e0161c353a7c""}]"
WLC:Prov.4.15	strong	tevrat	motif	turn away from the evil path	The commentary says the wretched person steps aside from the reminder; Proverbs commands the traveler to avoid the wicked path, turn from it, and pass on, a useful reversal in which one should leave the road rather than the warning.	sec14	"[{""line"": 50, ""strength"": ""strong"", ""tradition"": ""tevrat"", ""kind"": ""motif"", ""ref"": ""WLC:Prov.4.15"", ""basis"": ""turn away from the evil path"", ""note"": ""The commentary says the wretched person steps aside from the reminder; Proverbs commands the traveler to avoid the wicked path, turn from it, and pass on, a useful reversal in which one should leave the road rather than the warning."", ""turn"": 2, ""model"": ""luna"", ""connection_id"": ""BC-cad8ea898a1d3b63a725""}]"
WLC:Prov.4.19	medium	tevrat	motif	wicked path as darkness and stumbling	The wicked walk in darkness and do not know what makes them stumble. It complements the commentary's wretched traveler with a path whose very obstacles are unrecognized.	sec14	"[{""line"": 72, ""strength"": ""medium"", ""tradition"": ""tevrat"", ""kind"": ""motif"", ""ref"": ""WLC:Prov.4.19"", ""basis"": ""wicked path as darkness and stumbling"", ""note"": ""The wicked walk in darkness and do not know what makes them stumble. It complements the commentary's wretched traveler with a path whose very obstacles are unrecognized."", ""turn"": 1, ""model"": ""terra"", ""connection_id"": ""BC-3b301403784fbd8fc7e6""}]"
WLC:Prov.4.26	strong	tevrat	motif	make level paths for your feet	The commentary’s mountain ridge is long but easier to climb and its route is made accessible; Proverbs urges the traveler to consider the path of his feet and make his ways firm, a practical image of preparing one’s course.	sec14	"[{""line"": 48, ""strength"": ""strong"", ""tradition"": ""tevrat"", ""kind"": ""motif"", ""ref"": ""WLC:Prov.4.26"", ""basis"": ""make level paths for your feet"", ""note"": ""The commentary’s mountain ridge is long but easier to climb and its route is made accessible; Proverbs urges the traveler to consider the path of his feet and make his ways firm, a practical image of preparing one’s course."", ""turn"": 2, ""model"": ""luna"", ""connection_id"": ""BC-f96a47f07ddccd36ce4e""}]"
WLC:Prov.6.23	strong	tevrat	motif	commandment as lamp and reproof as way of life	Proverbs calls commandment a lamp, teaching light, and corrective reproofs the way of life. This makes the commentary's admonition something that should direct a traveler rather than be passed by.	sec14	"[{""line"": 89, ""strength"": ""strong"", ""tradition"": ""tevrat"", ""kind"": ""motif"", ""ref"": ""WLC:Prov.6.23"", ""basis"": ""commandment as lamp and reproof as way of life"", ""note"": ""Proverbs calls commandment a lamp, teaching light, and corrective reproofs the way of life. This makes the commentary's admonition something that should direct a traveler rather than be passed by."", ""turn"": 2, ""model"": ""terra"", ""connection_id"": ""BC-157f91138de04ec09492""}]"
WLC:Ps.1.4	strong	tevrat	motif	wicked like windblown chaff | chaff driven away	The commentary’s verse turns pasture into debris; Psalm 1 uses chaff for the wicked, adding an ethical judgment to the image of vegetation reduced to residue. | The commentary's pasture ends as ghutha, expendable dark refuse. Psalm 1 gives the wicked the specific image of chaff driven away, adding an ethical use of agricultural residue without equating the texts.	sec14	"[{""line"": 16, ""strength"": ""strong"", ""tradition"": ""tevrat"", ""kind"": ""motif"", ""ref"": ""WLC:Ps.1.4"", ""basis"": ""wicked like windblown chaff"", ""note"": ""The commentary’s verse turns pasture into debris; Psalm 1 uses chaff for the wicked, adding an ethical judgment to the image of vegetation reduced to residue."", ""turn"": 1, ""model"": ""luna"", ""connection_id"": ""BC-8936b9dbcef4ebf20326""}, {""line"": 30, ""strength"": ""strong"", ""tradition"": ""tevrat"", ""kind"": ""motif"", ""ref"": ""WLC:Ps.1.4"", ""basis"": ""chaff driven away"", ""note"": ""The commentary's pasture ends as ghutha, expendable dark refuse. Psalm 1 gives the wicked the specific image of chaff driven away, adding an ethical use of agricultural residue without equating the texts."", ""turn"": 1, ""model"": ""terra"", ""connection_id"": ""BC-8a480ef9596d6e838fc1""}]"
WLC:Ps.1.6	strong	tevrat	motif	the wicked way perishes | the two ways and the wicked's end	The commentary distinguishes the person who follows guidance from the one who avoids it; Psalm 1 contrasts the way of the righteous with the way of the wicked that perishes, giving the two responses different ends. | Psalm 1 contrasts the way known by YHWH with the way of the wicked that perishes. It is a foundational but less pictorial parallel to the commentary's road whose result depends on the traveler.	sec14	"[{""line"": 17, ""strength"": ""strong"", ""tradition"": ""tevrat"", ""kind"": ""motif"", ""ref"": ""WLC:Ps.1.6"", ""basis"": ""the wicked way perishes"", ""note"": ""The commentary distinguishes the person who follows guidance from the one who avoids it; Psalm 1 contrasts the way of the righteous with the way of the wicked that perishes, giving the two responses different ends."", ""turn"": 1, ""model"": ""luna"", ""connection_id"": ""BC-5fa157259115a2f60351""}, {""line"": 70, ""strength"": ""medium"", ""tradition"": ""tevrat"", ""kind"": ""motif"", ""ref"": ""WLC:Ps.1.6"", ""basis"": ""the two ways and the wicked's end"", ""note"": ""Psalm 1 contrasts the way known by YHWH with the way of the wicked that perishes. It is a foundational but less pictorial parallel to the commentary's road whose result depends on the traveler."", ""turn"": 1, ""model"": ""terra"", ""connection_id"": ""BC-798eaa04900c6ad59b01""}]"
WLC:Ps.107.7	strong	tevrat	motif	straight way to an inhabited town	God leads wandering people by a straight way until they reach an inhabited town. Like the commentary's road-and-house gloss, its guidance ends in arrival and habitation.	sec14	"[{""line"": 58, ""strength"": ""strong"", ""tradition"": ""tevrat"", ""kind"": ""motif"", ""ref"": ""WLC:Ps.107.7"", ""basis"": ""straight way to an inhabited town"", ""note"": ""God leads wandering people by a straight way until they reach an inhabited town. Like the commentary's road-and-house gloss, its guidance ends in arrival and habitation."", ""turn"": 1, ""model"": ""terra"", ""connection_id"": ""BC-824ff35f46e6dad0a17c""}]"
WLC:Ps.119.105	strong	tevrat	motif	word as lamp for feet and path	The commentary makes divine guidance a journey and its rejected message a reminder. Psalm 119 calls God's word a lamp for feet and light for a path, joining revelation and locomotion.	sec14	"[{""line"": 88, ""strength"": ""strong"", ""tradition"": ""tevrat"", ""kind"": ""motif"", ""ref"": ""WLC:Ps.119.105"", ""basis"": ""word as lamp for feet and path"", ""note"": ""The commentary makes divine guidance a journey and its rejected message a reminder. Psalm 119 calls God's word a lamp for feet and light for a path, joining revelation and locomotion."", ""turn"": 2, ""model"": ""terra"", ""connection_id"": ""BC-2ac6063945ef5616b837""}]"
WLC:Ps.143.10	strong	tevrat	motif	good Spirit on level ground	The psalm asks that God's good Spirit lead the speaker on level ground. It unites the commentary's leading guide with its balanced, easier terrain.	sec14	"[{""line"": 91, ""strength"": ""strong"", ""tradition"": ""tevrat"", ""kind"": ""motif"", ""ref"": ""WLC:Ps.143.10"", ""basis"": ""good Spirit on level ground"", ""note"": ""The psalm asks that God's good Spirit lead the speaker on level ground. It unites the commentary's leading guide with its balanced, easier terrain."", ""turn"": 2, ""model"": ""terra"", ""connection_id"": ""BC-e0eb5e7f7996fde30ee2""}]"
WLC:Ps.18.34	strong	tevrat	motif	hind-like feet on high places	The commentary’s mountain ridge is long yet easier to climb and its mount has light legs; the psalm combines hind-like feet with being set on high places, an image of sure-footed ascent.	sec14	"[{""line"": 6, ""strength"": ""strong"", ""tradition"": ""tevrat"", ""kind"": ""motif"", ""ref"": ""WLC:Ps.18.34"", ""basis"": ""hind-like feet on high places"", ""note"": ""The commentary’s mountain ridge is long yet easier to climb and its mount has light legs; the psalm combines hind-like feet with being set on high places, an image of sure-footed ascent."", ""turn"": 1, ""model"": ""luna"", ""connection_id"": ""BC-3fb3ffe28d6004d177aa""}]"
WLC:Ps.23.2	strong	tevrat	motif	green pastures and leading beside waters	The commentary moves from pasture to guided travel. Psalm 23 makes the shepherd cause rest in green pastures and lead beside quiet waters, preserving both landscape and direction.	sec14	"[{""line"": 93, ""strength"": ""strong"", ""tradition"": ""tevrat"", ""kind"": ""motif"", ""ref"": ""WLC:Ps.23.2"", ""basis"": ""green pastures and leading beside waters"", ""note"": ""The commentary moves from pasture to guided travel. Psalm 23 makes the shepherd cause rest in green pastures and lead beside quiet waters, preserving both landscape and direction."", ""turn"": 2, ""model"": ""terra"", ""connection_id"": ""BC-600d2b01385638c1cd21""}]"
WLC:Ps.23.3	strong	tevrat	motif	the shepherd leads in paths of righteousness | pasture shepherding and right tracks	The commentary pictures a guide leading the way; the psalm’s shepherd restores the speaker and leads him in righteous paths, joining care for the traveler to a directed route. | The commentary moves from pasture to guided travel. Psalm 23's shepherd restores life and guides on right tracks, keeping pasture and route together in a single pastoral image.	sec14	"[{""line"": 22, ""strength"": ""medium"", ""tradition"": ""tevrat"", ""kind"": ""motif"", ""ref"": ""WLC:Ps.23.3"", ""basis"": ""the shepherd leads in paths of righteousness"", ""note"": ""The commentary pictures a guide leading the way; the psalm’s shepherd restores the speaker and leads him in righteous paths, joining care for the traveler to a directed route."", ""turn"": 1, ""model"": ""luna"", ""connection_id"": ""BC-689f4a0c40470593de85""}, {""line"": 61, ""strength"": ""strong"", ""tradition"": ""tevrat"", ""kind"": ""motif"", ""ref"": ""WLC:Ps.23.3"", ""basis"": ""pasture shepherding and right tracks"", ""note"": ""The commentary moves from pasture to guided travel. Psalm 23's shepherd restores life and guides on right tracks, keeping pasture and route together in a single pastoral image."", ""turn"": 1, ""model"": ""terra"", ""connection_id"": ""BC-d8051c4b29187981edb3""}]"
WLC:Ps.27.11	medium	tevrat	motif	lead on a level path	The psalm asks to be taught YHWH's way and led on a level path because of enemies. It adds a prayerful use of the commentary's guided, balanced road.	sec14	"[{""line"": 120, ""strength"": ""medium"", ""tradition"": ""tevrat"", ""kind"": ""motif"", ""ref"": ""WLC:Ps.27.11"", ""basis"": ""lead on a level path"", ""note"": ""The psalm asks to be taught YHWH's way and led on a level path because of enemies. It adds a prayerful use of the commentary's guided, balanced road."", ""turn"": 2, ""model"": ""terra"", ""connection_id"": ""BC-3039dd16bd2b7f83e147""}]"
WLC:Ps.32.8	strong	tevrat	motif	God teaches the way one should walk	The commentary develops guidance as someone going ahead to show a road; the psalm has God instruct and teach the way the addressee should walk, making the guide’s instruction explicit.	sec14	"[{""line"": 8, ""strength"": ""strong"", ""tradition"": ""tevrat"", ""kind"": ""motif"", ""ref"": ""WLC:Ps.32.8"", ""basis"": ""God teaches the way one should walk"", ""note"": ""The commentary develops guidance as someone going ahead to show a road; the psalm has God instruct and teach the way the addressee should walk, making the guide’s instruction explicit."", ""turn"": 1, ""model"": ""luna"", ""connection_id"": ""BC-3c0bab1a8e8642b67c9a""}]"
WLC:Ps.32.9	strong	tevrat	karsi_anlati|motif	horse or mule needs bit and bridle | horse and mule under bit	The commentary’s animal is pliant and follows readily; the psalm warns against an uncomprehending horse or mule that must be controlled with bit and bridle, a pointed contrast between willing guidance and restraint. | The commentary imagines a horse that yields easily and follows quickly. Psalm 32 warns against an uncomprehending horse or mule that must be restrained by bit and bridle, an instructive inverse image of responsive guidance.	sec14	"[{""line"": 15, ""strength"": ""strong"", ""tradition"": ""tevrat"", ""kind"": ""motif"", ""ref"": ""WLC:Ps.32.9"", ""basis"": ""horse or mule needs bit and bridle"", ""note"": ""The commentary’s animal is pliant and follows readily; the psalm warns against an uncomprehending horse or mule that must be controlled with bit and bridle, a pointed contrast between willing guidance and restraint."", ""turn"": 1, ""model"": ""luna"", ""connection_id"": ""BC-5ce59d609a710a10d41a""}, {""line"": 16, ""strength"": ""strong"", ""tradition"": ""tevrat"", ""kind"": ""karsi_anlati"", ""ref"": ""WLC:Ps.32.9"", ""basis"": ""horse and mule under bit"", ""note"": ""The commentary imagines a horse that yields easily and follows quickly. Psalm 32 warns against an uncomprehending horse or mule that must be restrained by bit and bridle, an instructive inverse image of responsive guidance."", ""turn"": 1, ""model"": ""terra"", ""connection_id"": ""BC-9a931f7e7a9717974ff9""}]"
WLC:Ps.78.52	strong	tevrat	motif	people led like a flock	God leads his people out like sheep and guides them through the wilderness like a flock. It gives the commentary's guide-before-followers image an explicitly animal-shaped biblical form.	sec14	"[{""line"": 87, ""strength"": ""strong"", ""tradition"": ""tevrat"", ""kind"": ""motif"", ""ref"": ""WLC:Ps.78.52"", ""basis"": ""people led like a flock"", ""note"": ""God leads his people out like sheep and guides them through the wilderness like a flock. It gives the commentary's guide-before-followers image an explicitly animal-shaped biblical form."", ""turn"": 2, ""model"": ""terra"", ""connection_id"": ""BC-e749527eddfa75d4d14c""}]"
WLC:Zech.7.11	strong	tevrat	motif	turning a stubborn shoulder	Those addressed refuse to heed, turn a rebellious shoulder, and make their ears heavy. The bodily turning away makes unusually concrete the commentary's interpretation of avoiding the reminder.	sec14	"[{""line"": 26, ""strength"": ""strong"", ""tradition"": ""tevrat"", ""kind"": ""motif"", ""ref"": ""WLC:Zech.7.11"", ""basis"": ""turning a stubborn shoulder"", ""note"": ""Those addressed refuse to heed, turn a rebellious shoulder, and make their ears heavy. The bodily turning away makes unusually concrete the commentary's interpretation of avoiding the reminder."", ""turn"": 1, ""model"": ""terra"", ""connection_id"": ""BC-9da4ad8cd262a8f451dc""}]"
Wisdom 11:20	strong	tevrat	motif	creation by measure number and weight	The commentary begins with the Creator who creates and proportions. Wisdom says God arranged all things by measure, number, and weight, a particularly exact Jewish articulation of ordered creation.	sec14	"[{""line"": 43, ""strength"": ""strong"", ""tradition"": ""tevrat"", ""kind"": ""motif"", ""ref"": ""Wisdom 11:20"", ""basis"": ""creation by measure number and weight"", ""note"": ""The commentary begins with the Creator who creates and proportions. Wisdom says God arranged all things by measure, number, and weight, a particularly exact Jewish articulation of ordered creation."", ""turn"": 1, ""model"": ""terra"", ""connection_id"": ""BC-ac9a9931d1a7d78e3a4c""}]"
