ref	tier	tradition	kinds	basis	explanations	target	evidence
Augustine, Tractates on the Gospel of John 67.2	medium	incil	yorum_gelenegi	many dwellings in the Father's house	Augustine reads John 14's many dwellings as the differing places of blessedness in God's one house, making the destination more than a passing lodging.	sec13	"[{""line"": 115, ""strength"": ""medium"", ""tradition"": ""incil"", ""kind"": ""yorum_gelenegi"", ""ref"": ""Augustine, Tractates on the Gospel of John 67.2"", ""basis"": ""many dwellings in the Father's house"", ""note"": ""Augustine reads John 14's many dwellings as the differing places of blessedness in God's one house, making the destination more than a passing lodging."", ""turn"": 1, ""model"": ""terra"", ""connection_id"": ""BC-87d7db99a2ebc49f08a4""}]"
Didache 14:1	strong	incil	yorum_gelenegi	gathered assembly and pure sacrifice	The Didache directs the community to gather, give thanks, and make its sacrifice pure; it is an early Christian liturgical continuation of gathered worship and offering.	sec13	"[{""line"": 87, ""strength"": ""strong"", ""tradition"": ""incil"", ""kind"": ""yorum_gelenegi"", ""ref"": ""Didache 14:1"", ""basis"": ""gathered assembly and pure sacrifice"", ""note"": ""The Didache directs the community to gather, give thanks, and make its sacrifice pure; it is an early Christian liturgical continuation of gathered worship and offering."", ""turn"": 1, ""model"": ""terra"", ""connection_id"": ""BC-66cf2ce9c4e0865ad991""}]"
Justin Martyr, Dialogue with Trypho 117	strong	incil	yorum_gelenegi	Malachi's offering read eucharistically	Justin identifies Malachi's pure offering with Christian Eucharistic bread and cup, changing the prophetic name-and-offering text into a communal Christian rite.	sec13	"[{""line"": 88, ""strength"": ""strong"", ""tradition"": ""incil"", ""kind"": ""yorum_gelenegi"", ""ref"": ""Justin Martyr, Dialogue with Trypho 117"", ""basis"": ""Malachi's offering read eucharistically"", ""note"": ""Justin identifies Malachi's pure offering with Christian Eucharistic bread and cup, changing the prophetic name-and-offering text into a communal Christian rite."", ""turn"": 1, ""model"": ""terra"", ""connection_id"": ""BC-7a68b4febdae4d57f47f""}]"
SBLGNT:1Cor.5.7	strong	incil	motif|yorum_gelenegi	Christ interpreted as the Passover lamb | Christ as Passover sacrifice	The commentary describes an animal brought for sacrifice; Paul identifies Christ as the Passover lamb sacrificed and uses that reading to frame the community's feast. | Paul calls Christ the sacrificed Passover; read beside Exodus 12, it recasts the household-protecting sacrificial pattern through Christ rather than a Temple-bound animal.	sec13	"[{""line"": 99, ""strength"": ""strong"", ""tradition"": ""incil"", ""kind"": ""yorum_gelenegi"", ""ref"": ""SBLGNT:1Cor.5.7"", ""basis"": ""Christ interpreted as the Passover lamb"", ""note"": ""The commentary describes an animal brought for sacrifice; Paul identifies Christ as the Passover lamb sacrificed and uses that reading to frame the community's feast."", ""turn"": 2, ""model"": ""luna"", ""connection_id"": ""BC-2d6f9495d28fee471311""}, {""line"": 113, ""strength"": ""medium"", ""tradition"": ""incil"", ""kind"": ""motif"", ""ref"": ""SBLGNT:1Cor.5.7"", ""basis"": ""Christ as Passover sacrifice"", ""note"": ""Paul calls Christ the sacrificed Passover; read beside Exodus 12, it recasts the household-protecting sacrificial pattern through Christ rather than a Temple-bound animal."", ""turn"": 1, ""model"": ""terra"", ""connection_id"": ""BC-62831912d940ee21ddbc""}]"
SBLGNT:1Pet.2.5	strong	incil	motif|paralel	the community as a spiritual house | spiritual house and sacrifices	The commentary describes livestock brought to a House for worship; Peter calls believers living stones in a spiritual house who offer spiritual sacrifices, interpreting sanctuary and offering through a community. | Believers are built into a spiritual house and holy priesthood to offer spiritual sacrifices, fusing house, communal belonging, and worship.	sec13	"[{""line"": 57, ""strength"": ""medium"", ""tradition"": ""incil"", ""kind"": ""motif"", ""ref"": ""SBLGNT:1Pet.2.5"", ""basis"": ""the community as a spiritual house"", ""note"": ""The commentary describes livestock brought to a House for worship; Peter calls believers living stones in a spiritual house who offer spiritual sacrifices, interpreting sanctuary and offering through a community."", ""turn"": 1, ""model"": ""luna"", ""connection_id"": ""BC-2c75b67df87f1a75a600""}, {""line"": 80, ""strength"": ""strong"", ""tradition"": ""incil"", ""kind"": ""paralel"", ""ref"": ""SBLGNT:1Pet.2.5"", ""basis"": ""spiritual house and sacrifices"", ""note"": ""Believers are built into a spiritual house and holy priesthood to offer spiritual sacrifices, fusing house, communal belonging, and worship."", ""turn"": 1, ""model"": ""terra"", ""connection_id"": ""BC-be7a385d7eb3a8819d92""}]"
SBLGNT:2Cor.11.2	strong	incil	paralel	betrothed and presented to one husband	Paul says he betrothed the community to one husband in order to present it as a pure virgin to Christ, directly recasting bride-transfer in ecclesial terms.	sec13	"[{""line"": 70, ""strength"": ""strong"", ""tradition"": ""incil"", ""kind"": ""paralel"", ""ref"": ""SBLGNT:2Cor.11.2"", ""basis"": ""betrothed and presented to one husband"", ""note"": ""Paul says he betrothed the community to one husband in order to present it as a pure virgin to Christ, directly recasting bride-transfer in ecclesial terms."", ""turn"": 1, ""model"": ""terra"", ""connection_id"": ""BC-7768aeef6ef88a5df4cb""}]"
SBLGNT:3John.1.5	strong	incil	paralel	hospitality to strangers	The author praises faithful service to brothers who are strangers, a concrete Christian mandate to receive travelling outsiders.	sec13	"[{""line"": 180, ""strength"": ""strong"", ""tradition"": ""incil"", ""kind"": ""paralel"", ""ref"": ""SBLGNT:3John.1.5"", ""basis"": ""hospitality to strangers"", ""note"": ""The author praises faithful service to brothers who are strangers, a concrete Christian mandate to receive travelling outsiders."", ""turn"": 2, ""model"": ""terra"", ""connection_id"": ""BC-9b67397ca861f2be25d0""}]"
SBLGNT:3John.1.7	strong	incil	paralel	travel undertaken for the Name	The travelling brothers go out for the sake of the Name while taking nothing from outsiders, relating hospitality to named religious mission.	sec13	"[{""line"": 181, ""strength"": ""strong"", ""tradition"": ""incil"", ""kind"": ""paralel"", ""ref"": ""SBLGNT:3John.1.7"", ""basis"": ""travel undertaken for the Name"", ""note"": ""The travelling brothers go out for the sake of the Name while taking nothing from outsiders, relating hospitality to named religious mission."", ""turn"": 2, ""model"": ""terra"", ""connection_id"": ""BC-f76d8390c5c6ea9c77a9""}]"
SBLGNT:Acts.10.4	medium	incil	motif	alms remembered before God	The commentary links an offering with nearness to God and a gift with care for another; the angel tells Cornelius that his prayers and alms have risen as a memorial before God.	sec13	"[{""line"": 98, ""strength"": ""medium"", ""tradition"": ""incil"", ""kind"": ""motif"", ""ref"": ""SBLGNT:Acts.10.4"", ""basis"": ""alms remembered before God"", ""note"": ""The commentary links an offering with nearness to God and a gift with care for another; the angel tells Cornelius that his prayers and alms have risen as a memorial before God."", ""turn"": 2, ""model"": ""luna"", ""connection_id"": ""BC-e145f1f9bce9e51e3b08""}]"
SBLGNT:Acts.11.29	strong	incil	paralel	relief gift for a distant community	The disciples determine to send relief to the brothers living in Judea, an actual communal gift conveyed to people in need.	sec13	"[{""line"": 174, ""strength"": ""strong"", ""tradition"": ""incil"", ""kind"": ""paralel"", ""ref"": ""SBLGNT:Acts.11.29"", ""basis"": ""relief gift for a distant community"", ""note"": ""The disciples determine to send relief to the brothers living in Judea, an actual communal gift conveyed to people in need."", ""turn"": 2, ""model"": ""terra"", ""connection_id"": ""BC-e5b639e82a77af172fc7""}]"
SBLGNT:Acts.11.30	strong	incil	paralel	relief sent by named carriers	The relief is sent to the elders through Barnabas and Saul, preserving the physical mediation of a gift's journey to its recipients.	sec13	"[{""line"": 175, ""strength"": ""strong"", ""tradition"": ""incil"", ""kind"": ""paralel"", ""ref"": ""SBLGNT:Acts.11.30"", ""basis"": ""relief sent by named carriers"", ""note"": ""The relief is sent to the elders through Barnabas and Saul, preserving the physical mediation of a gift's journey to its recipients."", ""turn"": 2, ""model"": ""terra"", ""connection_id"": ""BC-af47e92f773205602bf4""}]"
SBLGNT:Acts.16.34	medium	incil	paralel	prisoners welcomed into the jailer's house	The jailer brings Paul and Silas into his house and sets food before them after their release, converting a scene of custody and fear into domestic welcome.	sec13	"[{""line"": 194, ""strength"": ""medium"", ""tradition"": ""incil"", ""kind"": ""paralel"", ""ref"": ""SBLGNT:Acts.16.34"", ""basis"": ""prisoners welcomed into the jailer's house"", ""note"": ""The jailer brings Paul and Silas into his house and sets food before them after their release, converting a scene of custody and fear into domestic welcome."", ""turn"": 2, ""model"": ""terra"", ""connection_id"": ""BC-8705851da414158914df""}]"
SBLGNT:Acts.24.17	strong	incil	paralel	alms and offerings brought after travel	Paul says that after years away he came to bring alms for his nation and offerings, directly joining travel, gift, and cultic act.	sec13	"[{""line"": 176, ""strength"": ""strong"", ""tradition"": ""incil"", ""kind"": ""paralel"", ""ref"": ""SBLGNT:Acts.24.17"", ""basis"": ""alms and offerings brought after travel"", ""note"": ""Paul says that after years away he came to bring alms for his nation and offerings, directly joining travel, gift, and cultic act."", ""turn"": 2, ""model"": ""terra"", ""connection_id"": ""BC-426eae049a2b6e186e1f""}]"
SBLGNT:Acts.28.2	strong	incil	paralel	shipwrecked strangers shown kindness	After shipwreck, the islanders show unusual kindness and kindle a fire for all the survivors, a narrative of emergency welcome.	sec13	"[{""line"": 188, ""strength"": ""strong"", ""tradition"": ""incil"", ""kind"": ""paralel"", ""ref"": ""SBLGNT:Acts.28.2"", ""basis"": ""shipwrecked strangers shown kindness"", ""note"": ""After shipwreck, the islanders show unusual kindness and kindle a fire for all the survivors, a narrative of emergency welcome."", ""turn"": 2, ""model"": ""terra"", ""connection_id"": ""BC-38298984dfe49438c6ce""}]"
SBLGNT:Acts.28.7	strong	incil	paralel	shipwrecked travelers received into a house	Publius receives Paul and the shipwrecked party and entertains them for three days, an explicit house-based shelter for travellers.	sec13	"[{""line"": 189, ""strength"": ""strong"", ""tradition"": ""incil"", ""kind"": ""paralel"", ""ref"": ""SBLGNT:Acts.28.7"", ""basis"": ""shipwrecked travelers received into a house"", ""note"": ""Publius receives Paul and the shipwrecked party and entertains them for three days, an explicit house-based shelter for travellers."", ""turn"": 2, ""model"": ""terra"", ""connection_id"": ""BC-d58b719b39b70fd08dbb""}]"
SBLGNT:Acts.8.31	medium	incil	motif	a traveler asks for a guide	The commentary's ihdinā is a request for guidance; the Ethiopian traveler asks how he can understand Isaiah unless someone guides him, and Philip joins him on the road.	sec13	"[{""line"": 50, ""strength"": ""medium"", ""tradition"": ""incil"", ""kind"": ""motif"", ""ref"": ""SBLGNT:Acts.8.31"", ""basis"": ""a traveler asks for a guide"", ""note"": ""The commentary's ihdinā is a request for guidance; the Ethiopian traveler asks how he can understand Isaiah unless someone guides him, and Philip joins him on the road."", ""turn"": 1, ""model"": ""luna"", ""connection_id"": ""BC-867c6cb2aeb842698c79""}]"
SBLGNT:Acts.8.32	medium	incil	yorum_gelenegi	the sheep led to slaughter	The commentary's hedy is an animal led to a sacred destination; Acts quotes Isaiah's sheep led to slaughter in Philip's explanation of Jesus, making the sacrificial animal a Christian reading of a human figure.	sec13	"[{""line"": 51, ""strength"": ""medium"", ""tradition"": ""incil"", ""kind"": ""yorum_gelenegi"", ""ref"": ""SBLGNT:Acts.8.32"", ""basis"": ""the sheep led to slaughter"", ""note"": ""The commentary's hedy is an animal led to a sacred destination; Acts quotes Isaiah's sheep led to slaughter in Philip's explanation of Jesus, making the sacrificial animal a Christian reading of a human figure."", ""turn"": 1, ""model"": ""luna"", ""connection_id"": ""BC-fdaae59e0f6e16ea0482""}]"
SBLGNT:Eph.2.12	strong	incil	paralel	strangers to covenants	Ephesians names Gentiles as aliens from Israel and strangers to the covenants; it gives the exclusion from which the commentary's asylum-and-covenant image moves.	sec13	"[{""line"": 71, ""strength"": ""strong"", ""tradition"": ""incil"", ""kind"": ""paralel"", ""ref"": ""SBLGNT:Eph.2.12"", ""basis"": ""strangers to covenants"", ""note"": ""Ephesians names Gentiles as aliens from Israel and strangers to the covenants; it gives the exclusion from which the commentary's asylum-and-covenant image moves."", ""turn"": 1, ""model"": ""terra"", ""connection_id"": ""BC-a8f9cdd2198e6b24495e""}]"
SBLGNT:Eph.2.19	strong	incil	paralel	strangers become God's household	Those once strangers and aliens become fellow citizens and members of God's household, an unusually direct Christian counterpart to secure communal belonging.	sec13	"[{""line"": 72, ""strength"": ""strong"", ""tradition"": ""incil"", ""kind"": ""paralel"", ""ref"": ""SBLGNT:Eph.2.19"", ""basis"": ""strangers become God's household"", ""note"": ""Those once strangers and aliens become fellow citizens and members of God's household, an unusually direct Christian counterpart to secure communal belonging."", ""turn"": 1, ""model"": ""terra"", ""connection_id"": ""BC-7bdee63b5f79fb331879""}]"
SBLGNT:Eph.5.2	strong	incil	motif	loving self-gift as sacrifice	The commentary defines a gift as kindness sent to someone loved and the hedy as an offering for nearness to God; Ephesians says Christ loved people and gave himself as an offering and sacrifice to God.	sec13	"[{""line"": 52, ""strength"": ""strong"", ""tradition"": ""incil"", ""kind"": ""motif"", ""ref"": ""SBLGNT:Eph.5.2"", ""basis"": ""loving self-gift as sacrifice"", ""note"": ""The commentary defines a gift as kindness sent to someone loved and the hedy as an offering for nearness to God; Ephesians says Christ loved people and gave himself as an offering and sacrifice to God."", ""turn"": 1, ""model"": ""luna"", ""connection_id"": ""BC-6364961f26aa4b093751""}]"
SBLGNT:Eph.5.27	strong	incil	paralel|yorum_gelenegi	the bride presented to the husband | bride presented to Christ	The commentary says the bride is gathered to her husband; Ephesians reads marriage as Christ presenting the church to himself, a Christian interpretation that turns the household image into Christ and church. | Christ presents the church to himself in splendor; the marital image supplies the end-point of a bride brought to her husband.	sec13	"[{""line"": 53, ""strength"": ""strong"", ""tradition"": ""incil"", ""kind"": ""yorum_gelenegi"", ""ref"": ""SBLGNT:Eph.5.27"", ""basis"": ""the bride presented to the husband"", ""note"": ""The commentary says the bride is gathered to her husband; Ephesians reads marriage as Christ presenting the church to himself, a Christian interpretation that turns the household image into Christ and church."", ""turn"": 1, ""model"": ""luna"", ""connection_id"": ""BC-fc14da971878b3c65a7b""}, {""line"": 73, ""strength"": ""strong"", ""tradition"": ""incil"", ""kind"": ""paralel"", ""ref"": ""SBLGNT:Eph.5.27"", ""basis"": ""bride presented to Christ"", ""note"": ""Christ presents the church to himself in splendor; the marital image supplies the end-point of a bride brought to her husband."", ""turn"": 1, ""model"": ""terra"", ""connection_id"": ""BC-211f48a27983f7c1d708""}]"
SBLGNT:Heb.10.19	strong	incil	paralel	entry into holy place through sacrifice	Believers have confidence to enter the holy places by Jesus' blood; sacrifice here grants access to the sacred destination.	sec13	"[{""line"": 77, ""strength"": ""strong"", ""tradition"": ""incil"", ""kind"": ""paralel"", ""ref"": ""SBLGNT:Heb.10.19"", ""basis"": ""entry into holy place through sacrifice"", ""note"": ""Believers have confidence to enter the holy places by Jesus' blood; sacrifice here grants access to the sacred destination."", ""turn"": 1, ""model"": ""terra"", ""connection_id"": ""BC-a0dc7972a7de9c3475cb""}]"
SBLGNT:Heb.10.20	strong	incil	paralel	new and living way	The access of the preceding verse is described as a new and living way, explicitly making sacrificial approach a path.	sec13	"[{""line"": 78, ""strength"": ""strong"", ""tradition"": ""incil"", ""kind"": ""paralel"", ""ref"": ""SBLGNT:Heb.10.20"", ""basis"": ""new and living way"", ""note"": ""The access of the preceding verse is described as a new and living way, explicitly making sacrificial approach a path."", ""turn"": 1, ""model"": ""terra"", ""connection_id"": ""BC-e67365f77ccc4a1187d5""}]"
SBLGNT:Heb.11.16	medium	incil	motif|paralel	a homeland prepared by God | country desired and city prepared	The commentary says guidance has a home at the end of its road; Hebrews describes travelers seeking a better homeland and a city God has prepared for them. | The faithful seek a better, heavenly country, and God has prepared a city for them; pilgrimage toward a divinely prepared home is explicit.	sec13	"[{""line"": 94, ""strength"": ""medium"", ""tradition"": ""incil"", ""kind"": ""motif"", ""ref"": ""SBLGNT:Heb.11.16"", ""basis"": ""a homeland prepared by God"", ""note"": ""The commentary says guidance has a home at the end of its road; Hebrews describes travelers seeking a better homeland and a city God has prepared for them."", ""turn"": 2, ""model"": ""luna"", ""connection_id"": ""BC-eddde4badbaa950892d0""}, {""line"": 110, ""strength"": ""medium"", ""tradition"": ""incil"", ""kind"": ""paralel"", ""ref"": ""SBLGNT:Heb.11.16"", ""basis"": ""country desired and city prepared"", ""note"": ""The faithful seek a better, heavenly country, and God has prepared a city for them; pilgrimage toward a divinely prepared home is explicit."", ""turn"": 1, ""model"": ""terra"", ""connection_id"": ""BC-83ac697e3a631c1102ca""}]"
SBLGNT:Heb.12.22	medium	incil	paralel	arrival at heavenly Zion	Believers have come to Mount Zion and the city of the living God, expressing the destination as an already approached heavenly sanctuary.	sec13	"[{""line"": 111, ""strength"": ""medium"", ""tradition"": ""incil"", ""kind"": ""paralel"", ""ref"": ""SBLGNT:Heb.12.22"", ""basis"": ""arrival at heavenly Zion"", ""note"": ""Believers have come to Mount Zion and the city of the living God, expressing the destination as an already approached heavenly sanctuary."", ""turn"": 1, ""model"": ""terra"", ""connection_id"": ""BC-8faf2dedeaa2ae3871f8""}]"
SBLGNT:Heb.13.11	strong	incil	motif	animals' blood enters the sanctuary	The commentary's hedy is brought to the House as an offering; Hebrews describes sacrificial animals whose blood the high priest brings into the holy place while their bodies are burned outside camp.	sec13	"[{""line"": 55, ""strength"": ""strong"", ""tradition"": ""incil"", ""kind"": ""motif"", ""ref"": ""SBLGNT:Heb.13.11"", ""basis"": ""animals' blood enters the sanctuary"", ""note"": ""The commentary's hedy is brought to the House as an offering; Hebrews describes sacrificial animals whose blood the high priest brings into the holy place while their bodies are burned outside camp."", ""turn"": 1, ""model"": ""luna"", ""connection_id"": ""BC-ffbc2277ac5d487f73d3""}]"
SBLGNT:Heb.13.12	medium	incil	motif	sacrifice outside the city	The commentary's animal reaches the sacred House; Hebrews says Jesus suffered outside the city gate and sanctified people by his blood, relocating the Christian sacrifice beyond the city.	sec13	"[{""line"": 56, ""strength"": ""medium"", ""tradition"": ""incil"", ""kind"": ""motif"", ""ref"": ""SBLGNT:Heb.13.12"", ""basis"": ""sacrifice outside the city"", ""note"": ""The commentary's animal reaches the sacred House; Hebrews says Jesus suffered outside the city gate and sanctified people by his blood, relocating the Christian sacrifice beyond the city."", ""turn"": 1, ""model"": ""luna"", ""connection_id"": ""BC-f47208e19fcb57932ec3""}]"
SBLGNT:Heb.13.14	medium	incil	paralel	seeking the city to come	Christians have no lasting city here but seek the city that is coming, a compact formulation of road-like yearning for final belonging.	sec13	"[{""line"": 112, ""strength"": ""medium"", ""tradition"": ""incil"", ""kind"": ""paralel"", ""ref"": ""SBLGNT:Heb.13.14"", ""basis"": ""seeking the city to come"", ""note"": ""Christians have no lasting city here but seek the city that is coming, a compact formulation of road-like yearning for final belonging."", ""turn"": 1, ""model"": ""terra"", ""connection_id"": ""BC-5ee0206c51cfbbde8263""}]"
SBLGNT:Heb.13.15	strong	incil	motif|paralel	praise offered with God's name | sacrifice of praise and confession of Name	The commentary joins sacrifice, worship, and the name spoken over the animal; Hebrews calls praise a sacrifice to God and the fruit of lips that acknowledge his name. | Through Jesus believers offer continual praise to God, identified as lips confessing his name; name and sacrifice are made verbal rather than animal.	sec13	"[{""line"": 92, ""strength"": ""strong"", ""tradition"": ""incil"", ""kind"": ""motif"", ""ref"": ""SBLGNT:Heb.13.15"", ""basis"": ""praise offered with God's name"", ""note"": ""The commentary joins sacrifice, worship, and the name spoken over the animal; Hebrews calls praise a sacrifice to God and the fruit of lips that acknowledge his name."", ""turn"": 2, ""model"": ""luna"", ""connection_id"": ""BC-c0c2f2d68d1621d8d2c0""}, {""line"": 79, ""strength"": ""strong"", ""tradition"": ""incil"", ""kind"": ""paralel"", ""ref"": ""SBLGNT:Heb.13.15"", ""basis"": ""sacrifice of praise and confession of Name"", ""note"": ""Through Jesus believers offer continual praise to God, identified as lips confessing his name; name and sacrifice are made verbal rather than animal."", ""turn"": 1, ""model"": ""terra"", ""connection_id"": ""BC-5912c00616294017e6e1""}]"
SBLGNT:Heb.13.16	medium	incil	motif	sharing as a pleasing sacrifice	The commentary calls a gift an act of kindness to someone loved; Hebrews says doing good and sharing resources are sacrifices pleasing to God.	sec13	"[{""line"": 93, ""strength"": ""medium"", ""tradition"": ""incil"", ""kind"": ""motif"", ""ref"": ""SBLGNT:Heb.13.16"", ""basis"": ""sharing as a pleasing sacrifice"", ""note"": ""The commentary calls a gift an act of kindness to someone loved; Hebrews says doing good and sharing resources are sacrifices pleasing to God."", ""turn"": 2, ""model"": ""luna"", ""connection_id"": ""BC-ddba1c504e4e1af48efb""}]"
SBLGNT:Heb.6.18	strong	incil	motif|paralel	refuge under an oath | fleeing for refuge	The commentary's asylum seeker asks a group for shelter or a pledge; Hebrews describes people who fled for refuge to seize hope grounded in God's unchangeable promise and oath. | The author speaks of people who have fled for refuge to hold fast hope; an asylum image is used directly, even though its meaning is theological.	sec13	"[{""line"": 54, ""strength"": ""strong"", ""tradition"": ""incil"", ""kind"": ""motif"", ""ref"": ""SBLGNT:Heb.6.18"", ""basis"": ""refuge under an oath"", ""note"": ""The commentary's asylum seeker asks a group for shelter or a pledge; Hebrews describes people who fled for refuge to seize hope grounded in God's unchangeable promise and oath."", ""turn"": 1, ""model"": ""luna"", ""connection_id"": ""BC-010b920848dee4ba2d63""}, {""line"": 178, ""strength"": ""strong"", ""tradition"": ""incil"", ""kind"": ""paralel"", ""ref"": ""SBLGNT:Heb.6.18"", ""basis"": ""fleeing for refuge"", ""note"": ""The author speaks of people who have fled for refuge to hold fast hope; an asylum image is used directly, even though its meaning is theological."", ""turn"": 2, ""model"": ""terra"", ""connection_id"": ""BC-4ac3c2ac9331bb1442ae""}]"
SBLGNT:Heb.6.19	strong	incil	paralel	hope enters the inner sanctuary	Hope enters the inner place behind the curtain, carrying the refuge image into access to God's sanctuary rather than a secular shelter.	sec13	"[{""line"": 179, ""strength"": ""strong"", ""tradition"": ""incil"", ""kind"": ""paralel"", ""ref"": ""SBLGNT:Heb.6.19"", ""basis"": ""hope enters the inner sanctuary"", ""note"": ""Hope enters the inner place behind the curtain, carrying the refuge image into access to God's sanctuary rather than a secular shelter."", ""turn"": 2, ""model"": ""terra"", ""connection_id"": ""BC-16bfbacd619726f273bc""}]"
SBLGNT:Heb.9.15	medium	incil	paralel	sacrifice mediates covenantal inheritance	Christ's death mediates a new covenant so those called may receive the promised eternal inheritance, relating sacrifice to secure belonging rather than an animal's arrival.	sec13	"[{""line"": 196, ""strength"": ""medium"", ""tradition"": ""incil"", ""kind"": ""paralel"", ""ref"": ""SBLGNT:Heb.9.15"", ""basis"": ""sacrifice mediates covenantal inheritance"", ""note"": ""Christ's death mediates a new covenant so those called may receive the promised eternal inheritance, relating sacrifice to secure belonging rather than an animal's arrival."", ""turn"": 2, ""model"": ""terra"", ""connection_id"": ""BC-db8140fdc6f483867d7c""}]"
SBLGNT:John.10.3	medium	incil	motif	sheep called by name and led | shepherd calls by name and leads sheep	The commentary says God's name is uttered over the hedy and the animal is taken toward its destination; Jesus' shepherd calls his own sheep by name and leads them out, though here the sheep are living followers. | The shepherd calls his own sheep by name and leads them out; animal, name, and guidance are joined, though the sheep are not sacrificial offerings.	sec13	"[{""line"": 44, ""strength"": ""medium"", ""tradition"": ""incil"", ""kind"": ""motif"", ""ref"": ""SBLGNT:John.10.3"", ""basis"": ""sheep called by name and led"", ""note"": ""The commentary says God's name is uttered over the hedy and the animal is taken toward its destination; Jesus' shepherd calls his own sheep by name and leads them out, though here the sheep are living followers."", ""turn"": 1, ""model"": ""luna"", ""connection_id"": ""BC-8d88480282c0444701cf""}, {""line"": 106, ""strength"": ""medium"", ""tradition"": ""incil"", ""kind"": ""motif"", ""ref"": ""SBLGNT:John.10.3"", ""basis"": ""shepherd calls by name and leads sheep"", ""note"": ""The shepherd calls his own sheep by name and leads them out; animal, name, and guidance are joined, though the sheep are not sacrificial offerings."", ""turn"": 1, ""model"": ""terra"", ""connection_id"": ""BC-76618fe9b8d504200c66""}]"
SBLGNT:John.10.9	medium	incil	motif	door, safety, and pasture	Whoever enters through Jesus is saved and finds pasture; the doorway turns guidance into safety and sustenance rather than a Temple destination.	sec13	"[{""line"": 107, ""strength"": ""medium"", ""tradition"": ""incil"", ""kind"": ""motif"", ""ref"": ""SBLGNT:John.10.9"", ""basis"": ""door, safety, and pasture"", ""note"": ""Whoever enters through Jesus is saved and finds pasture; the doorway turns guidance into safety and sustenance rather than a Temple destination."", ""turn"": 1, ""model"": ""terra"", ""connection_id"": ""BC-bfa4dd4e53950423ec04""}]"
SBLGNT:John.12.3	medium	incil	motif	a costly gift offered to a beloved guest | costly gift in a house	The commentary defines a gift as kindness sent to someone cherished; Mary pours costly perfume on Jesus at a meal, and he defends her act as appropriate to his burial. | Mary pours costly perfume on Jesus in a house, a concrete gift of devotion whose domestic setting and beloved recipient recall the commentary's gift image.	sec13	"[{""line"": 97, ""strength"": ""medium"", ""tradition"": ""incil"", ""kind"": ""motif"", ""ref"": ""SBLGNT:John.12.3"", ""basis"": ""a costly gift offered to a beloved guest"", ""note"": ""The commentary defines a gift as kindness sent to someone cherished; Mary pours costly perfume on Jesus at a meal, and he defends her act as appropriate to his burial."", ""turn"": 2, ""model"": ""luna"", ""connection_id"": ""BC-4893d5ac87911653bafc""}, {""line"": 114, ""strength"": ""medium"", ""tradition"": ""incil"", ""kind"": ""motif"", ""ref"": ""SBLGNT:John.12.3"", ""basis"": ""costly gift in a house"", ""note"": ""Mary pours costly perfume on Jesus in a house, a concrete gift of devotion whose domestic setting and beloved recipient recall the commentary's gift image."", ""turn"": 1, ""model"": ""terra"", ""connection_id"": ""BC-d39e15fa8ad104feaaca""}]"
SBLGNT:John.14.2	strong	incil	motif|paralel	home prepared for the travelers | Father's house with prepared rooms	The commentary says the guided path has a house at its end; Jesus promises his disciples many dwelling places in his Father's house. | Jesus describes his Father's house as having many dwelling places, giving the prayer for guidance an explicitly eschatological house as destination.	sec13	"[{""line"": 45, ""strength"": ""strong"", ""tradition"": ""incil"", ""kind"": ""motif"", ""ref"": ""SBLGNT:John.14.2"", ""basis"": ""home prepared for the travelers"", ""note"": ""The commentary says the guided path has a house at its end; Jesus promises his disciples many dwelling places in his Father's house."", ""turn"": 1, ""model"": ""luna"", ""connection_id"": ""BC-e8161c8b6669a6e24ad0""}, {""line"": 67, ""strength"": ""strong"", ""tradition"": ""incil"", ""kind"": ""paralel"", ""ref"": ""SBLGNT:John.14.2"", ""basis"": ""Father's house with prepared rooms"", ""note"": ""Jesus describes his Father's house as having many dwelling places, giving the prayer for guidance an explicitly eschatological house as destination."", ""turn"": 1, ""model"": ""terra"", ""connection_id"": ""BC-29c8b241b063ea0c5452""}]"
SBLGNT:John.14.3	strong	incil	motif|paralel	the guide takes people to himself | taking followers to himself	The commentary's bride reaches her husband's home and the refugee his safe place; Jesus promises to come and take his followers to himself so they can be where he is. | Jesus promises to come again and take his followers to himself so that they may be where he is, turning destination into belonging with a person.	sec13	"[{""line"": 46, ""strength"": ""strong"", ""tradition"": ""incil"", ""kind"": ""motif"", ""ref"": ""SBLGNT:John.14.3"", ""basis"": ""the guide takes people to himself"", ""note"": ""The commentary's bride reaches her husband's home and the refugee his safe place; Jesus promises to come and take his followers to himself so they can be where he is."", ""turn"": 1, ""model"": ""luna"", ""connection_id"": ""BC-afc2f984cf01738674a2""}, {""line"": 68, ""strength"": ""strong"", ""tradition"": ""incil"", ""kind"": ""paralel"", ""ref"": ""SBLGNT:John.14.3"", ""basis"": ""taking followers to himself"", ""note"": ""Jesus promises to come again and take his followers to himself so that they may be where he is, turning destination into belonging with a person."", ""turn"": 1, ""model"": ""terra"", ""connection_id"": ""BC-65b01e4921d5633ab34a""}]"
SBLGNT:John.14.6	strong	incil	paralel	the way to the Father	Jesus calls himself the way to the Father; the Christian text personalizes the path whose end is the Father's house in the same discourse.	sec13	"[{""line"": 69, ""strength"": ""strong"", ""tradition"": ""incil"", ""kind"": ""paralel"", ""ref"": ""SBLGNT:John.14.6"", ""basis"": ""the way to the Father"", ""note"": ""Jesus calls himself the way to the Father; the Christian text personalizes the path whose end is the Father's house in the same discourse."", ""turn"": 1, ""model"": ""terra"", ""connection_id"": ""BC-0da30a2233add90790ae""}]"
SBLGNT:John.17.12	strong	incil	paralel	kept in the Father's Name	Jesus says he guarded his followers in the Father's name and none was lost except the designated exception; the name is presented as protective custody.	sec13	"[{""line"": 173, ""strength"": ""strong"", ""tradition"": ""incil"", ""kind"": ""paralel"", ""ref"": ""SBLGNT:John.17.12"", ""basis"": ""kept in the Father's Name"", ""note"": ""Jesus says he guarded his followers in the Father's name and none was lost except the designated exception; the name is presented as protective custody."", ""turn"": 2, ""model"": ""terra"", ""connection_id"": ""BC-87ebc6a1e8c1149d9189""}]"
SBLGNT:John.19.36	medium	incil	yorum_gelenegi	the Passover rule read through Jesus	The commentary's hedy is an animal designated for sacrifice; John interprets Jesus' unbroken bones through the Passover lamb rule, extending the animal offering image to his death.	sec13	"[{""line"": 100, ""strength"": ""medium"", ""tradition"": ""incil"", ""kind"": ""yorum_gelenegi"", ""ref"": ""SBLGNT:John.19.36"", ""basis"": ""the Passover rule read through Jesus"", ""note"": ""The commentary's hedy is an animal designated for sacrifice; John interprets Jesus' unbroken bones through the Passover lamb rule, extending the animal offering image to his death."", ""turn"": 2, ""model"": ""luna"", ""connection_id"": ""BC-73ae5f77270fbdcd7125""}]"
SBLGNT:John.20.16	medium	incil	soydas	Aramaic Rabbouni as teacher	The commentary labels Arabic rabb as Lord and reports a covenant-related branch; Mary calls the risen Jesus Rabbouni, an Aramaic honorific meaning teacher or master, supporting the address sense rather than covenant.	sec13	"[{""line"": 60, ""strength"": ""medium"", ""tradition"": ""incil"", ""kind"": ""soydas"", ""ref"": ""SBLGNT:John.20.16"", ""basis"": ""Aramaic Rabbouni as teacher"", ""note"": ""The commentary labels Arabic rabb as Lord and reports a covenant-related branch; Mary calls the risen Jesus Rabbouni, an Aramaic honorific meaning teacher or master, supporting the address sense rather than covenant."", ""turn"": 1, ""model"": ""luna"", ""connection_id"": ""BC-4414ef48df77a41f20ff""}]"
SBLGNT:John.3.29	strong	incil	paralel	bride, bridegroom, and rejoicing friend	John calls the bride the bridegroom's and identifies the listening friend who rejoices at his voice; bride, husband, and friend are explicitly differentiated.	sec13	"[{""line"": 172, ""strength"": ""strong"", ""tradition"": ""incil"", ""kind"": ""paralel"", ""ref"": ""SBLGNT:John.3.29"", ""basis"": ""bride, bridegroom, and rejoicing friend"", ""note"": ""John calls the bride the bridegroom's and identifies the listening friend who rejoices at his voice; bride, husband, and friend are explicitly differentiated."", ""turn"": 2, ""model"": ""terra"", ""connection_id"": ""BC-d1a2bcb30df714281333""}]"
SBLGNT:John.4.21	medium	incil	karsi_anlati	worship no longer tied to either mountain	The commentary follows the hedy to the Haram and the old House; Jesus tells the Samaritan woman that the hour comes when worship will be neither on her mountain nor in Jerusalem.	sec13	"[{""line"": 47, ""strength"": ""medium"", ""tradition"": ""incil"", ""kind"": ""karsi_anlati"", ""ref"": ""SBLGNT:John.4.21"", ""basis"": ""worship no longer tied to either mountain"", ""note"": ""The commentary follows the hedy to the Haram and the old House; Jesus tells the Samaritan woman that the hour comes when worship will be neither on her mountain nor in Jerusalem."", ""turn"": 1, ""model"": ""luna"", ""connection_id"": ""BC-61bf2f3bda4b3d129f9d""}]"
SBLGNT:John.4.23	medium	incil	motif	worship in spirit and truth	The commentary locates the sacrificial animal's destination at a sacred House; Jesus describes the coming worship as in spirit and truth, shifting attention from a sanctuary site to the worshippers' manner.	sec13	"[{""line"": 48, ""strength"": ""medium"", ""tradition"": ""incil"", ""kind"": ""motif"", ""ref"": ""SBLGNT:John.4.23"", ""basis"": ""worship in spirit and truth"", ""note"": ""The commentary locates the sacrificial animal's destination at a sacred House; Jesus describes the coming worship as in spirit and truth, shifting attention from a sanctuary site to the worshippers' manner."", ""turn"": 1, ""model"": ""luna"", ""connection_id"": ""BC-4fcc75f44581986bda98""}]"
SBLGNT:Luke.1.79	medium	incil	motif	feet guided to peace | guiding feet into peace	The commentary's ihdinā asks to be led on a path; Zechariah says the dawn from on high will guide people's feet into the way of peace. | Zacharias says God's dawn will guide feet into the way of peace, a focused New Testament articulation of the prayer for guidance without the house image.	sec13	"[{""line"": 43, ""strength"": ""medium"", ""tradition"": ""incil"", ""kind"": ""motif"", ""ref"": ""SBLGNT:Luke.1.79"", ""basis"": ""feet guided to peace"", ""note"": ""The commentary's ihdinā asks to be led on a path; Zechariah says the dawn from on high will guide people's feet into the way of peace."", ""turn"": 1, ""model"": ""luna"", ""connection_id"": ""BC-829b63c688415ff6b68f""}, {""line"": 108, ""strength"": ""medium"", ""tradition"": ""incil"", ""kind"": ""motif"", ""ref"": ""SBLGNT:Luke.1.79"", ""basis"": ""guiding feet into peace"", ""note"": ""Zacharias says God's dawn will guide feet into the way of peace, a focused New Testament articulation of the prayer for guidance without the house image."", ""turn"": 1, ""model"": ""terra"", ""connection_id"": ""BC-2aa19cc11046f4e9415c""}]"
SBLGNT:Luke.10.34	strong	incil	paralel	wounded traveler carried to shelter	The Samaritan puts the wounded man on his own animal, brings him to an inn, and cares for him, a notably close scene of transport into safety.	sec13	"[{""line"": 66, ""strength"": ""strong"", ""tradition"": ""incil"", ""kind"": ""paralel"", ""ref"": ""SBLGNT:Luke.10.34"", ""basis"": ""wounded traveler carried to shelter"", ""note"": ""The Samaritan puts the wounded man on his own animal, brings him to an inn, and cares for him, a notably close scene of transport into safety."", ""turn"": 1, ""model"": ""terra"", ""connection_id"": ""BC-a44a058dc2939e9044de""}]"
SBLGNT:Luke.15.5	medium	incil	motif|paralel	lost sheep carried | lost sheep carried on shoulders	The commentary's hedy animal is carried from a flock toward the House; Jesus' parable has a shepherd carry a recovered sheep on his shoulders, turning the journey into rescue rather than sacrifice. | After finding the sheep, the shepherd puts it on his shoulders rejoicing; this is the carrying action that culminates in the homecoming already represented by the next verse.	sec13	"[{""line"": 41, ""strength"": ""medium"", ""tradition"": ""incil"", ""kind"": ""motif"", ""ref"": ""SBLGNT:Luke.15.5"", ""basis"": ""lost sheep carried"", ""note"": ""The commentary's hedy animal is carried from a flock toward the House; Jesus' parable has a shepherd carry a recovered sheep on his shoulders, turning the journey into rescue rather than sacrifice."", ""turn"": 1, ""model"": ""luna"", ""connection_id"": ""BC-1426bbcc069a0e8ce0d5""}, {""line"": 193, ""strength"": ""medium"", ""tradition"": ""incil"", ""kind"": ""paralel"", ""ref"": ""SBLGNT:Luke.15.5"", ""basis"": ""lost sheep carried on shoulders"", ""note"": ""After finding the sheep, the shepherd puts it on his shoulders rejoicing; this is the carrying action that culminates in the homecoming already represented by the next verse."", ""turn"": 2, ""model"": ""terra"", ""connection_id"": ""BC-78e69f96629a63e1a801""}]"
SBLGNT:Luke.15.6	medium	incil	motif	sheep brought home, neighbors gathered | lost sheep brought home	The commentary hears ihdinā as a road that reaches home; the shepherd returns with the sheep and calls friends and neighbors together to celebrate. | The shepherd comes home with the recovered sheep and calls friends and neighbors to rejoice; return, animal, home, and friendship meet in the parable.	sec13	"[{""line"": 42, ""strength"": ""medium"", ""tradition"": ""incil"", ""kind"": ""motif"", ""ref"": ""SBLGNT:Luke.15.6"", ""basis"": ""sheep brought home, neighbors gathered"", ""note"": ""The commentary hears ihdinā as a road that reaches home; the shepherd returns with the sheep and calls friends and neighbors together to celebrate."", ""turn"": 1, ""model"": ""luna"", ""connection_id"": ""BC-cc90f48611062f4f6405""}, {""line"": 109, ""strength"": ""medium"", ""tradition"": ""incil"", ""kind"": ""motif"", ""ref"": ""SBLGNT:Luke.15.6"", ""basis"": ""lost sheep brought home"", ""note"": ""The shepherd comes home with the recovered sheep and calls friends and neighbors to rejoice; return, animal, home, and friendship meet in the parable."", ""turn"": 1, ""model"": ""terra"", ""connection_id"": ""BC-13eec95c1016e959a36b""}]"
SBLGNT:Luke.2.22	strong	incil	motif|paralel	a family brings a child to the sanctuary | bringing a child to Jerusalem	The commentary's route ends at a sacred House; Luke has Jesus' parents bring him to Jerusalem for presentation and purification under the Law. | Mary and Joseph bring Jesus to Jerusalem to present him to the Lord, a New Testament movement of a person toward the holy place for cultic presentation.	sec13	"[{""line"": 90, ""strength"": ""strong"", ""tradition"": ""incil"", ""kind"": ""motif"", ""ref"": ""SBLGNT:Luke.2.22"", ""basis"": ""a family brings a child to the sanctuary"", ""note"": ""The commentary's route ends at a sacred House; Luke has Jesus' parents bring him to Jerusalem for presentation and purification under the Law."", ""turn"": 2, ""model"": ""luna"", ""connection_id"": ""BC-bf72b1f24294f6e7409f""}, {""line"": 63, ""strength"": ""strong"", ""tradition"": ""incil"", ""kind"": ""paralel"", ""ref"": ""SBLGNT:Luke.2.22"", ""basis"": ""bringing a child to Jerusalem"", ""note"": ""Mary and Joseph bring Jesus to Jerusalem to present him to the Lord, a New Testament movement of a person toward the holy place for cultic presentation."", ""turn"": 1, ""model"": ""terra"", ""connection_id"": ""BC-95cce76c78a28416bb74""}]"
SBLGNT:Luke.2.24	strong	incil	motif|paralel	two birds offered at the sanctuary | offering at presentation	The commentary describes livestock carried to a sacred destination; Luke specifies the poor family's pair of doves or pigeons as the offering brought with Jesus to the Temple. | The couple offers the prescribed birds at the Temple; this supplies the animal-offering side of the Jerusalem presentation scene.	sec13	"[{""line"": 91, ""strength"": ""strong"", ""tradition"": ""incil"", ""kind"": ""motif"", ""ref"": ""SBLGNT:Luke.2.24"", ""basis"": ""two birds offered at the sanctuary"", ""note"": ""The commentary describes livestock carried to a sacred destination; Luke specifies the poor family's pair of doves or pigeons as the offering brought with Jesus to the Temple."", ""turn"": 2, ""model"": ""luna"", ""connection_id"": ""BC-0dd51ef00b11e322a8cb""}, {""line"": 64, ""strength"": ""strong"", ""tradition"": ""incil"", ""kind"": ""paralel"", ""ref"": ""SBLGNT:Luke.2.24"", ""basis"": ""offering at presentation"", ""note"": ""The couple offers the prescribed birds at the Temple; this supplies the animal-offering side of the Jerusalem presentation scene."", ""turn"": 1, ""model"": ""terra"", ""connection_id"": ""BC-f89b95e09a3f680679ad""}]"
SBLGNT:Mark.1.3	medium	incil	karsi_anlati	the path is prepared for the Lord	The commentary's prayer asks God to guide worshippers on the straight way; Mark applies Isaiah's road formula to John preparing the Lord's way, reversing who is guided and who comes.	sec13	"[{""line"": 49, ""strength"": ""medium"", ""tradition"": ""incil"", ""kind"": ""karsi_anlati"", ""ref"": ""SBLGNT:Mark.1.3"", ""basis"": ""the path is prepared for the Lord"", ""note"": ""The commentary's prayer asks God to guide worshippers on the straight way; Mark applies Isaiah's road formula to John preparing the Lord's way, reversing who is guided and who comes."", ""turn"": 1, ""model"": ""luna"", ""connection_id"": ""BC-d0dc96c315552ec5eab5""}]"
SBLGNT:Matt.12.42	strong	incil	yorum_gelenegi	Queen of the South as witness	The commentary's Queen of Sheba sends Solomon a gift that he rejects; Matthew remembers her journey from earth's ends to hear Solomon and makes her a witness against Jesus' generation, adding a judgment interpretation.	sec13	"[{""line"": 21, ""strength"": ""strong"", ""tradition"": ""incil"", ""kind"": ""yorum_gelenegi"", ""ref"": ""SBLGNT:Matt.12.42"", ""basis"": ""Queen of the South as witness"", ""note"": ""The commentary's Queen of Sheba sends Solomon a gift that he rejects; Matthew remembers her journey from earth's ends to hear Solomon and makes her a witness against Jesus' generation, adding a judgment interpretation."", ""turn"": 1, ""model"": ""luna"", ""connection_id"": ""BC-21136cc6beb9f90b4d4f""}]"
SBLGNT:Matt.2.11	strong	incil	motif|paralel	gift delivered to a child in a house | house, worship, and gifts	The commentary describes a gift carried to its recipient and contrasts the rejected gift to Solomon; the Magi enter a house, worship the child, and present him gifts that are received. | The magi enter a house, worship the child, and open their treasures; destination, reverence, and a carried gift converge without requiring the gift to be a sacrifice.	sec13	"[{""line"": 39, ""strength"": ""strong"", ""tradition"": ""incil"", ""kind"": ""motif"", ""ref"": ""SBLGNT:Matt.2.11"", ""basis"": ""gift delivered to a child in a house"", ""note"": ""The commentary describes a gift carried to its recipient and contrasts the rejected gift to Solomon; the Magi enter a house, worship the child, and present him gifts that are received."", ""turn"": 1, ""model"": ""luna"", ""connection_id"": ""BC-75e4ee9a45f06f14a63e""}, {""line"": 62, ""strength"": ""strong"", ""tradition"": ""incil"", ""kind"": ""paralel"", ""ref"": ""SBLGNT:Matt.2.11"", ""basis"": ""house, worship, and gifts"", ""note"": ""The magi enter a house, worship the child, and open their treasures; destination, reverence, and a carried gift converge without requiring the gift to be a sacrifice."", ""turn"": 1, ""model"": ""terra"", ""connection_id"": ""BC-c47f33c9b445ca674d5f""}]"
SBLGNT:Matt.2.13	strong	incil	motif|paralel	a family flees to safety | fleeing with child and mother	The commentary describes a petitioner seeking protection and a safe destination; Joseph takes the child and mother to Egypt to escape Herod's threat. | An angel directs Joseph to take the child and mother and flee to Egypt from lethal danger, a New Testament journey of protected asylum.	sec13	"[{""line"": 40, ""strength"": ""medium"", ""tradition"": ""incil"", ""kind"": ""motif"", ""ref"": ""SBLGNT:Matt.2.13"", ""basis"": ""a family flees to safety"", ""note"": ""The commentary describes a petitioner seeking protection and a safe destination; Joseph takes the child and mother to Egypt to escape Herod's threat."", ""turn"": 1, ""model"": ""luna"", ""connection_id"": ""BC-13d4f33c3d9633e3424d""}, {""line"": 168, ""strength"": ""strong"", ""tradition"": ""incil"", ""kind"": ""paralel"", ""ref"": ""SBLGNT:Matt.2.13"", ""basis"": ""fleeing with child and mother"", ""note"": ""An angel directs Joseph to take the child and mother and flee to Egypt from lethal danger, a New Testament journey of protected asylum."", ""turn"": 2, ""model"": ""terra"", ""connection_id"": ""BC-49d2ba00130f45ea58b8""}]"
SBLGNT:Matt.2.14	strong	incil	paralel	family carried into refuge	Joseph takes the child and mother by night and withdraws to Egypt, giving the refugee movement itself its own narrative verse.	sec13	"[{""line"": 169, ""strength"": ""strong"", ""tradition"": ""incil"", ""kind"": ""paralel"", ""ref"": ""SBLGNT:Matt.2.14"", ""basis"": ""family carried into refuge"", ""note"": ""Joseph takes the child and mother by night and withdraws to Egypt, giving the refugee movement itself its own narrative verse."", ""turn"": 2, ""model"": ""terra"", ""connection_id"": ""BC-67e177c004707c47cd19""}]"
SBLGNT:Matt.2.20	strong	incil	paralel	guided return when danger passes	The angel tells Joseph to take the child and mother back to Israel because the threat has died; refuge ends in a guided return home.	sec13	"[{""line"": 170, ""strength"": ""strong"", ""tradition"": ""incil"", ""kind"": ""paralel"", ""ref"": ""SBLGNT:Matt.2.20"", ""basis"": ""guided return when danger passes"", ""note"": ""The angel tells Joseph to take the child and mother back to Israel because the threat has died; refuge ends in a guided return home."", ""turn"": 2, ""model"": ""terra"", ""connection_id"": ""BC-41b31b3680051e51f743""}]"
SBLGNT:Matt.2.9	strong	incil	motif|paralel	a star guides travelers to a house | guiding star reaches its goal	The commentary says guidance carries its subject to a destination; the Magi follow the star until it stands over the place where the child is. | The star goes ahead of the magi until it stands over the place of the child, a guided journey that has a precise domestic destination.	sec13	"[{""line"": 38, ""strength"": ""medium"", ""tradition"": ""incil"", ""kind"": ""motif"", ""ref"": ""SBLGNT:Matt.2.9"", ""basis"": ""a star guides travelers to a house"", ""note"": ""The commentary says guidance carries its subject to a destination; the Magi follow the star until it stands over the place where the child is."", ""turn"": 1, ""model"": ""luna"", ""connection_id"": ""BC-e82fdb4132c522dc6e02""}, {""line"": 61, ""strength"": ""strong"", ""tradition"": ""incil"", ""kind"": ""paralel"", ""ref"": ""SBLGNT:Matt.2.9"", ""basis"": ""guiding star reaches its goal"", ""note"": ""The star goes ahead of the magi until it stands over the place of the child, a guided journey that has a precise domestic destination."", ""turn"": 1, ""model"": ""terra"", ""connection_id"": ""BC-5aedd28bb05bd036a237""}]"
SBLGNT:Matt.25.1	strong	incil	paralel	going out to meet the bridegroom	The virgins take lamps and go out to meet the bridegroom, supplying the journey-to-wedding aspect whose arrival is described later in the parable.	sec13	"[{""line"": 171, ""strength"": ""strong"", ""tradition"": ""incil"", ""kind"": ""paralel"", ""ref"": ""SBLGNT:Matt.25.1"", ""basis"": ""going out to meet the bridegroom"", ""note"": ""The virgins take lamps and go out to meet the bridegroom, supplying the journey-to-wedding aspect whose arrival is described later in the parable."", ""turn"": 2, ""model"": ""terra"", ""connection_id"": ""BC-56c8e74fe34312762c68""}]"
SBLGNT:Matt.25.10	medium	incil	paralel	wedding entry with bridegroom	The prepared virgins go with the bridegroom into the wedding feast and the door is shut, portraying a completed movement into a wedding household.	sec13	"[{""line"": 105, ""strength"": ""medium"", ""tradition"": ""incil"", ""kind"": ""paralel"", ""ref"": ""SBLGNT:Matt.25.10"", ""basis"": ""wedding entry with bridegroom"", ""note"": ""The prepared virgins go with the bridegroom into the wedding feast and the door is shut, portraying a completed movement into a wedding household."", ""turn"": 1, ""model"": ""terra"", ""connection_id"": ""BC-e4bf1d23179e57984c1c""}]"
SBLGNT:Matt.25.35	strong	incil	paralel	welcoming the stranger	Those judged righteous say they gathered in a stranger; the concrete act of receiving an outsider gives a Christian household analogue to the protected arrival.	sec13	"[{""line"": 65, ""strength"": ""strong"", ""tradition"": ""incil"", ""kind"": ""paralel"", ""ref"": ""SBLGNT:Matt.25.35"", ""basis"": ""welcoming the stranger"", ""note"": ""Those judged righteous say they gathered in a stranger; the concrete act of receiving an outsider gives a Christian household analogue to the protected arrival."", ""turn"": 1, ""model"": ""terra"", ""connection_id"": ""BC-338a61614caf08210e3b""}]"
SBLGNT:Matt.5.23	medium	incil	motif	gift at altar and reconciled relation	Jesus' altar saying makes the acceptability of a gift depend on repairing a broken relation first, a relevant contrast to the commentary's distinction between gift to friend and to rival.	sec13	"[{""line"": 104, ""strength"": ""medium"", ""tradition"": ""incil"", ""kind"": ""motif"", ""ref"": ""SBLGNT:Matt.5.23"", ""basis"": ""gift at altar and reconciled relation"", ""note"": ""Jesus' altar saying makes the acceptability of a gift depend on repairing a broken relation first, a relevant contrast to the commentary's distinction between gift to friend and to rival."", ""turn"": 1, ""model"": ""terra"", ""connection_id"": ""BC-ac053a49f5bff6c8f5d6""}]"
SBLGNT:Phil.2.9	strong	incil	motif	exalted Name after obedience	God highly exalts Jesus and grants the name above every name after the obedient self-giving of the preceding verse, a close Christian analogue to raised name and obedient service.	sec13	"[{""line"": 75, ""strength"": ""strong"", ""tradition"": ""incil"", ""kind"": ""motif"", ""ref"": ""SBLGNT:Phil.2.9"", ""basis"": ""exalted Name after obedience"", ""note"": ""God highly exalts Jesus and grants the name above every name after the obedient self-giving of the preceding verse, a close Christian analogue to raised name and obedient service."", ""turn"": 1, ""model"": ""terra"", ""connection_id"": ""BC-b50dd9f83fa89f07c62c""}]"
SBLGNT:Phil.4.18	strong	incil	motif	friend's gift as an offering | gift called an acceptable sacrifice	The commentary describes a gift as kindness sent to someone loved; Paul calls the Philippians' material gift a fragrant offering and acceptable sacrifice to God. | Paul calls the Philippians' material gift a fragrant, acceptable sacrifice pleasing to God, combining an affectional gift with sacrificial language.	sec13	"[{""line"": 58, ""strength"": ""medium"", ""tradition"": ""incil"", ""kind"": ""motif"", ""ref"": ""SBLGNT:Phil.4.18"", ""basis"": ""friend's gift as an offering"", ""note"": ""The commentary describes a gift as kindness sent to someone loved; Paul calls the Philippians' material gift a fragrant offering and acceptable sacrifice to God."", ""turn"": 1, ""model"": ""luna"", ""connection_id"": ""BC-1055c2a56f2552b13167""}, {""line"": 76, ""strength"": ""strong"", ""tradition"": ""incil"", ""kind"": ""motif"", ""ref"": ""SBLGNT:Phil.4.18"", ""basis"": ""gift called an acceptable sacrifice"", ""note"": ""Paul calls the Philippians' material gift a fragrant, acceptable sacrifice pleasing to God, combining an affectional gift with sacrificial language."", ""turn"": 1, ""model"": ""terra"", ""connection_id"": ""BC-e8aa4b20b6273fa72b32""}]"
SBLGNT:Phlm.1.17	medium	incil	paralel	receive a contested person as oneself	Paul asks Philemon to receive Onesimus as he would receive Paul; without assuming Onesimus's legal status, the verse makes personal welcome the requested resolution.	sec13	"[{""line"": 195, ""strength"": ""medium"", ""tradition"": ""incil"", ""kind"": ""paralel"", ""ref"": ""SBLGNT:Phlm.1.17"", ""basis"": ""receive a contested person as oneself"", ""note"": ""Paul asks Philemon to receive Onesimus as he would receive Paul; without assuming Onesimus's legal status, the verse makes personal welcome the requested resolution."", ""turn"": 2, ""model"": ""terra"", ""connection_id"": ""BC-66db1b9816d2ba1c9fc6""}]"
SBLGNT:Rev.14.1	strong	incil	motif	Name on foreheads at Zion	The Lamb stands on Mount Zion with people bearing his and his Father's name on their foreheads, binding Name, mark, and sacred destination.	sec13	"[{""line"": 184, ""strength"": ""strong"", ""tradition"": ""incil"", ""kind"": ""motif"", ""ref"": ""SBLGNT:Rev.14.1"", ""basis"": ""Name on foreheads at Zion"", ""note"": ""The Lamb stands on Mount Zion with people bearing his and his Father's name on their foreheads, binding Name, mark, and sacred destination."", ""turn"": 2, ""model"": ""terra"", ""connection_id"": ""BC-bd82ea78d17732e98aa4""}]"
SBLGNT:Rev.19.7	strong	incil	paralel	bride prepared for Lamb	The marriage of the Lamb comes and his bride has made herself ready, a final wedding scene that gives the bridal route an eschatological destination.	sec13	"[{""line"": 82, ""strength"": ""strong"", ""tradition"": ""incil"", ""kind"": ""paralel"", ""ref"": ""SBLGNT:Rev.19.7"", ""basis"": ""bride prepared for Lamb"", ""note"": ""The marriage of the Lamb comes and his bride has made herself ready, a final wedding scene that gives the bridal route an eschatological destination."", ""turn"": 1, ""model"": ""terra"", ""connection_id"": ""BC-22a4e3c6e1c06051e51e""}]"
SBLGNT:Rev.19.9	strong	incil	paralel	invited to the Lamb's marriage supper	The blessed are invited to the marriage supper of the Lamb, giving the bridal arrival a communal table and final welcome.	sec13	"[{""line"": 185, ""strength"": ""strong"", ""tradition"": ""incil"", ""kind"": ""paralel"", ""ref"": ""SBLGNT:Rev.19.9"", ""basis"": ""invited to the Lamb's marriage supper"", ""note"": ""The blessed are invited to the marriage supper of the Lamb, giving the bridal arrival a communal table and final welcome."", ""turn"": 2, ""model"": ""terra"", ""connection_id"": ""BC-d24ebbee23907d76fd35""}]"
SBLGNT:Rev.21.2	strong	incil	motif|paralel	the bride is a descending city | bride prepared for her husband	The commentary's bride is carried to her husband's home; Revelation pictures the holy city descending from heaven adorned as a bride, reversing the direction and making the bride a city. | New Jerusalem descends prepared as a bride adorned for her husband; city-home and bride are deliberately merged in one arrival image.	sec13	"[{""line"": 95, ""strength"": ""medium"", ""tradition"": ""incil"", ""kind"": ""motif"", ""ref"": ""SBLGNT:Rev.21.2"", ""basis"": ""the bride is a descending city"", ""note"": ""The commentary's bride is carried to her husband's home; Revelation pictures the holy city descending from heaven adorned as a bride, reversing the direction and making the bride a city."", ""turn"": 2, ""model"": ""luna"", ""connection_id"": ""BC-b802686d54e5b83a8447""}, {""line"": 83, ""strength"": ""strong"", ""tradition"": ""incil"", ""kind"": ""paralel"", ""ref"": ""SBLGNT:Rev.21.2"", ""basis"": ""bride prepared for her husband"", ""note"": ""New Jerusalem descends prepared as a bride adorned for her husband; city-home and bride are deliberately merged in one arrival image."", ""turn"": 1, ""model"": ""terra"", ""connection_id"": ""BC-a984e707277770ef6a22""}]"
SBLGNT:Rev.21.26	strong	incil	motif	glory and honor brought into the city	The glory and honor of nations are brought into New Jerusalem, an eschatological analogue to gifts conveyed into the sacred home.	sec13	"[{""line"": 85, ""strength"": ""strong"", ""tradition"": ""incil"", ""kind"": ""motif"", ""ref"": ""SBLGNT:Rev.21.26"", ""basis"": ""glory and honor brought into the city"", ""note"": ""The glory and honor of nations are brought into New Jerusalem, an eschatological analogue to gifts conveyed into the sacred home."", ""turn"": 1, ""model"": ""terra"", ""connection_id"": ""BC-52d07571ff0d60bcd5e9""}]"
SBLGNT:Rev.21.3	strong	incil	motif|paralel	God's dwelling among people | God's dwelling with humanity	The commentary imagines the path ending at a home; Revelation says God's dwelling is with humanity, making the destination a shared divine-human home. | The divine dwelling is among human beings and they are God's people, providing the final communal home sought in the commentary's road image.	sec13	"[{""line"": 96, ""strength"": ""medium"", ""tradition"": ""incil"", ""kind"": ""motif"", ""ref"": ""SBLGNT:Rev.21.3"", ""basis"": ""God's dwelling among people"", ""note"": ""The commentary imagines the path ending at a home; Revelation says God's dwelling is with humanity, making the destination a shared divine-human home."", ""turn"": 2, ""model"": ""luna"", ""connection_id"": ""BC-a695928572083b973acf""}, {""line"": 84, ""strength"": ""strong"", ""tradition"": ""incil"", ""kind"": ""paralel"", ""ref"": ""SBLGNT:Rev.21.3"", ""basis"": ""God's dwelling with humanity"", ""note"": ""The divine dwelling is among human beings and they are God's people, providing the final communal home sought in the commentary's road image."", ""turn"": 1, ""model"": ""terra"", ""connection_id"": ""BC-244f02f81666f6f45a17""}]"
SBLGNT:Rev.22.3	strong	incil	motif	servants worship in the final city	In the renewed city God's servants worship him; permanent dwelling and service meet after the removal of the curse.	sec13	"[{""line"": 186, ""strength"": ""strong"", ""tradition"": ""incil"", ""kind"": ""motif"", ""ref"": ""SBLGNT:Rev.22.3"", ""basis"": ""servants worship in the final city"", ""note"": ""In the renewed city God's servants worship him; permanent dwelling and service meet after the removal of the curse."", ""turn"": 2, ""model"": ""terra"", ""connection_id"": ""BC-3c633f99d04876bba7c0""}]"
SBLGNT:Rev.22.4	strong	incil	motif	Name borne by final servants	The servants see God's face and bear his name on their foreheads, completing the New Testament line of name as identity and protection.	sec13	"[{""line"": 187, ""strength"": ""strong"", ""tradition"": ""incil"", ""kind"": ""motif"", ""ref"": ""SBLGNT:Rev.22.4"", ""basis"": ""Name borne by final servants"", ""note"": ""The servants see God's face and bear his name on their foreheads, completing the New Testament line of name as identity and protection."", ""turn"": 2, ""model"": ""terra"", ""connection_id"": ""BC-8c839b244a4266408864""}]"
SBLGNT:Rev.3.12	strong	incil	motif	temple, permanent belonging, and Name	The victor becomes a permanent pillar in God's temple and bears God's name and the name of the new Jerusalem, combining inviolability, house, and name.	sec13	"[{""line"": 86, ""strength"": ""strong"", ""tradition"": ""incil"", ""kind"": ""motif"", ""ref"": ""SBLGNT:Rev.3.12"", ""basis"": ""temple, permanent belonging, and Name"", ""note"": ""The victor becomes a permanent pillar in God's temple and bears God's name and the name of the new Jerusalem, combining inviolability, house, and name."", ""turn"": 1, ""model"": ""terra"", ""connection_id"": ""BC-b0696c33680d3cd59237""}]"
SBLGNT:Rev.7.17	strong	incil	motif	the Lamb shepherds and guides | Lamb becomes the guide	The commentary joins the hedy animal with the request for guidance toward a safe destination; Revelation's Lamb becomes shepherd and guides the protected multitude to springs of living water. | Revelation's Lamb shepherds and guides people to springs of living water; it reverses the commentary's guided sacrificial animal into an animal figure that guides others.	sec13	"[{""line"": 59, ""strength"": ""medium"", ""tradition"": ""incil"", ""kind"": ""motif"", ""ref"": ""SBLGNT:Rev.7.17"", ""basis"": ""the Lamb shepherds and guides"", ""note"": ""The commentary joins the hedy animal with the request for guidance toward a safe destination; Revelation's Lamb becomes shepherd and guides the protected multitude to springs of living water."", ""turn"": 1, ""model"": ""luna"", ""connection_id"": ""BC-c056d1449915e05459f9""}, {""line"": 81, ""strength"": ""strong"", ""tradition"": ""incil"", ""kind"": ""motif"", ""ref"": ""SBLGNT:Rev.7.17"", ""basis"": ""Lamb becomes the guide"", ""note"": ""Revelation's Lamb shepherds and guides people to springs of living water; it reverses the commentary's guided sacrificial animal into an animal figure that guides others."", ""turn"": 1, ""model"": ""terra"", ""connection_id"": ""BC-1058cfbe6683c98a08c4""}]"
SBLGNT:Rev.7.3	strong	incil	motif	forehead seal suspends harm	Angels are told not to harm land or sea until God's servants are sealed on their foreheads; a visible divine mark creates temporary inviolability.	sec13	"[{""line"": 182, ""strength"": ""strong"", ""tradition"": ""incil"", ""kind"": ""motif"", ""ref"": ""SBLGNT:Rev.7.3"", ""basis"": ""forehead seal suspends harm"", ""note"": ""Angels are told not to harm land or sea until God's servants are sealed on their foreheads; a visible divine mark creates temporary inviolability."", ""turn"": 2, ""model"": ""terra"", ""connection_id"": ""BC-6d44845343163f86cac9""}]"
SBLGNT:Rev.9.4	strong	incil	motif	only the unsealed may be harmed	The destructive creatures may harm only those lacking God's seal on their foreheads, continuing the marked-protection pattern with an explicit exclusion.	sec13	"[{""line"": 183, ""strength"": ""strong"", ""tradition"": ""incil"", ""kind"": ""motif"", ""ref"": ""SBLGNT:Rev.9.4"", ""basis"": ""only the unsealed may be harmed"", ""note"": ""The destructive creatures may harm only those lacking God's seal on their foreheads, continuing the marked-protection pattern with an explicit exclusion."", ""turn"": 2, ""model"": ""terra"", ""connection_id"": ""BC-3fca3302740310edfd5e""}]"
SBLGNT:Rom.12.1	strong	incil	motif	living sacrifice as worship	Believers present their bodies as a living sacrifice, which Paul calls worship; it explicitly joins sacrifice with the service dimension the commentary draws from عبادت.	sec13	"[{""line"": 74, ""strength"": ""strong"", ""tradition"": ""incil"", ""kind"": ""motif"", ""ref"": ""SBLGNT:Rom.12.1"", ""basis"": ""living sacrifice as worship"", ""note"": ""Believers present their bodies as a living sacrifice, which Paul calls worship; it explicitly joins sacrifice with the service dimension the commentary draws from عبادت."", ""turn"": 1, ""model"": ""terra"", ""connection_id"": ""BC-ece848674928709e57c9""}]"
SBLGNT:Rom.15.26	strong	incil	paralel	contribution delivered to Jerusalem	Macedonia and Achaia make a contribution for poor saints in Jerusalem, a Christian gift carried toward a named communal home.	sec13	"[{""line"": 177, ""strength"": ""strong"", ""tradition"": ""incil"", ""kind"": ""paralel"", ""ref"": ""SBLGNT:Rom.15.26"", ""basis"": ""contribution delivered to Jerusalem"", ""note"": ""Macedonia and Achaia make a contribution for poor saints in Jerusalem, a Christian gift carried toward a named communal home."", ""turn"": 2, ""model"": ""terra"", ""connection_id"": ""BC-ee278764f7f314af7bd3""}]"
Babylonian Talmud Pesahim 88a	strong	tevrat	yorum_gelenegi	Temple called a house	Pesahim contrasts Abraham's mountain and Isaac's field with Jacob's name for the future sanctuary as a house, sharpening the commentary's claim that sacred approach ends at a home.	sec13	"[{""line"": 52, ""strength"": ""strong"", ""tradition"": ""tevrat"", ""kind"": ""yorum_gelenegi"", ""ref"": ""Babylonian Talmud Pesahim 88a"", ""basis"": ""Temple called a house"", ""note"": ""Pesahim contrasts Abraham's mountain and Isaac's field with Jacob's name for the future sanctuary as a house, sharpening the commentary's claim that sacred approach ends at a home."", ""turn"": 1, ""model"": ""terra"", ""connection_id"": ""BC-5b41efa3a1f7f15ba8f1""}]"
Baruch 5:9	medium	tevrat	paralel	God leads the restored people with joy	Baruch says God will lead Israel in joy by the light of his glory with mercy and righteousness; its restoration context supplies a later Jewish guided-homecoming image.	sec13	"[{""line"": 192, ""strength"": ""medium"", ""tradition"": ""tevrat"", ""kind"": ""paralel"", ""ref"": ""Baruch 5:9"", ""basis"": ""God leads the restored people with joy"", ""note"": ""Baruch says God will lead Israel in joy by the light of his glory with mercy and righteousness; its restoration context supplies a later Jewish guided-homecoming image."", ""turn"": 2, ""model"": ""terra"", ""connection_id"": ""BC-cdb959d1d497cb39aa8a""}]"
Genesis Rabbah 18:1	strong	tevrat	yorum_gelenegi	God as Eve's bridal attendant	The midrash depicts God as acting as Adam's bridal attendant when he brings Eve to him, explicitly elaborating Genesis's bride-transfer scene.	sec13	"[{""line"": 57, ""strength"": ""strong"", ""tradition"": ""tevrat"", ""kind"": ""yorum_gelenegi"", ""ref"": ""Genesis Rabbah 18:1"", ""basis"": ""God as Eve's bridal attendant"", ""note"": ""The midrash depicts God as acting as Adam's bridal attendant when he brings Eve to him, explicitly elaborating Genesis's bride-transfer scene."", ""turn"": 1, ""model"": ""terra"", ""connection_id"": ""BC-19f2630aec672d8b6bc7""}]"
Genesis Rabbah 56:10	strong	tevrat	yorum_gelenegi	Akedah site as sanctuary	Midrash on the Akedah identifies Moriah with the later sanctuary, reading Abraham's sacrificial journey as oriented toward the place that becomes God's house.	sec13	"[{""line"": 51, ""strength"": ""strong"", ""tradition"": ""tevrat"", ""kind"": ""yorum_gelenegi"", ""ref"": ""Genesis Rabbah 56:10"", ""basis"": ""Akedah site as sanctuary"", ""note"": ""Midrash on the Akedah identifies Moriah with the later sanctuary, reading Abraham's sacrificial journey as oriented toward the place that becomes God's house."", ""turn"": 1, ""model"": ""terra"", ""connection_id"": ""BC-55bf8c33cb96f56100f3""}]"
Mekhilta de-Rabbi Ishmael, Shirata 9	medium	tevrat	yorum_gelenegi	holy dwelling interpreted as sanctuary	This Mekhilta discussion is commonly cited as reading Exodus 15's holy dwelling and sanctuary in Temple terms; the exact wording and subdivision should be verified, but its interpretive bridge is sacrifice's destination as God's house.	sec13	"[{""line"": 190, ""strength"": ""medium"", ""tradition"": ""tevrat"", ""kind"": ""yorum_gelenegi"", ""ref"": ""Mekhilta de-Rabbi Ishmael, Shirata 9"", ""basis"": ""holy dwelling interpreted as sanctuary"", ""note"": ""This Mekhilta discussion is commonly cited as reading Exodus 15's holy dwelling and sanctuary in Temple terms; the exact wording and subdivision should be verified, but its interpretive bridge is sacrifice's destination as God's house."", ""turn"": 2, ""model"": ""terra"", ""connection_id"": ""BC-4f059888fdf92b06bea3""}]"
Mishnah Bikkurim 3:3	strong	tevrat	yorum_gelenegi	procession ascending Zion	The first-fruit towns assemble and ascend toward Zion in procession; it is a Jewish ritual realization of a marked gathering traveling with gifts to God's place.	sec13	"[{""line"": 54, ""strength"": ""strong"", ""tradition"": ""tevrat"", ""kind"": ""yorum_gelenegi"", ""ref"": ""Mishnah Bikkurim 3:3"", ""basis"": ""procession ascending Zion"", ""note"": ""The first-fruit towns assemble and ascend toward Zion in procession; it is a Jewish ritual realization of a marked gathering traveling with gifts to God's place."", ""turn"": 1, ""model"": ""terra"", ""connection_id"": ""BC-39c478b7a7953140115f""}]"
Mishnah Bikkurim 3:4	strong	tevrat	yorum_gelenegi	baskets carrying gifts to priests	The Mishnah describes first fruits borne in baskets and handed to priests, a precise Jewish counterpart to the commentary's carried gift and its tray.	sec13	"[{""line"": 55, ""strength"": ""strong"", ""tradition"": ""tevrat"", ""kind"": ""yorum_gelenegi"", ""ref"": ""Mishnah Bikkurim 3:4"", ""basis"": ""baskets carrying gifts to priests"", ""note"": ""The Mishnah describes first fruits borne in baskets and handed to priests, a precise Jewish counterpart to the commentary's carried gift and its tray."", ""turn"": 1, ""model"": ""terra"", ""connection_id"": ""BC-d8fd8acf2a4ae336821e""}]"
Mishnah Hagigah 1:1	strong	tevrat	yorum_gelenegi	pilgrimage appearance offering	The Mishnah makes appearance at the pilgrimage festivals an obligation with an offering, preserving the gathered-season and carried-sacrifice pattern as law.	sec13	"[{""line"": 53, ""strength"": ""strong"", ""tradition"": ""tevrat"", ""kind"": ""yorum_gelenegi"", ""ref"": ""Mishnah Hagigah 1:1"", ""basis"": ""pilgrimage appearance offering"", ""note"": ""The Mishnah makes appearance at the pilgrimage festivals an obligation with an offering, preserving the gathered-season and carried-sacrifice pattern as law."", ""turn"": 1, ""model"": ""terra"", ""connection_id"": ""BC-3f782df38e1f383ceea0""}]"
Mishnah Makkot 2:5	strong	tevrat	yorum_gelenegi	signposts to refuge	The Mishnah describes roads marked 'refuge, refuge' toward the cities of refuge; it makes the road itself visibly direct a fleeing person toward safety.	sec13	"[{""line"": 60, ""strength"": ""strong"", ""tradition"": ""tevrat"", ""kind"": ""yorum_gelenegi"", ""ref"": ""Mishnah Makkot 2:5"", ""basis"": ""signposts to refuge"", ""note"": ""The Mishnah describes roads marked 'refuge, refuge' toward the cities of refuge; it makes the road itself visibly direct a fleeing person toward safety."", ""turn"": 1, ""model"": ""terra"", ""connection_id"": ""BC-08a6358a560c390d2a74""}]"
Mishnah Makkot 2:6	strong	tevrat	yorum_gelenegi	sustaining residents of refuge	High priests' mothers supply food and clothing to accidental killers in refuge cities, treating arrival at refuge as an ongoing protected residence.	sec13	"[{""line"": 59, ""strength"": ""strong"", ""tradition"": ""tevrat"", ""kind"": ""yorum_gelenegi"", ""ref"": ""Mishnah Makkot 2:6"", ""basis"": ""sustaining residents of refuge"", ""note"": ""High priests' mothers supply food and clothing to accidental killers in refuge cities, treating arrival at refuge as an ongoing protected residence."", ""turn"": 1, ""model"": ""terra"", ""connection_id"": ""BC-61a93f53ff3d6c440a00""}]"
Mishnah Qiddushin 1:1	strong	tevrat	yorum_gelenegi	betrothal before household union | marriage as acquisition	The commentary places marriage before the bride's journey; this mishna frames betrothal as a legal act through money, document, or intercourse, clarifying the formal bond preceding full household union. | The Mishnah opens by saying that a woman is acquired in three ways; it gives a Jewish legal frame for the commentary's marriage language in the malik family.	sec13	"[{""line"": 18, ""strength"": ""medium"", ""tradition"": ""tevrat"", ""kind"": ""yorum_gelenegi"", ""ref"": ""Mishnah Qiddushin 1:1"", ""basis"": ""betrothal before household union"", ""note"": ""The commentary places marriage before the bride's journey; this mishna frames betrothal as a legal act through money, document, or intercourse, clarifying the formal bond preceding full household union."", ""turn"": 1, ""model"": ""luna"", ""connection_id"": ""BC-0f468b3cc0b428e0baf3""}, {""line"": 58, ""strength"": ""strong"", ""tradition"": ""tevrat"", ""kind"": ""yorum_gelenegi"", ""ref"": ""Mishnah Qiddushin 1:1"", ""basis"": ""marriage as acquisition"", ""note"": ""The Mishnah opens by saying that a woman is acquired in three ways; it gives a Jewish legal frame for the commentary's marriage language in the malik family."", ""turn"": 1, ""model"": ""terra"", ""connection_id"": ""BC-31b0da0ae2c6ce4ac9e2""}]"
Mishnah Zevahim 14:8	strong	tevrat	yorum_gelenegi	Jerusalem as permanent sacrifice place	The Mishnah says that after Jerusalem was chosen, high places were forbidden permanently; it interprets sacrifice as bound to its final house.	sec13	"[{""line"": 56, ""strength"": ""strong"", ""tradition"": ""tevrat"", ""kind"": ""yorum_gelenegi"", ""ref"": ""Mishnah Zevahim 14:8"", ""basis"": ""Jerusalem as permanent sacrifice place"", ""note"": ""The Mishnah says that after Jerusalem was chosen, high places were forbidden permanently; it interprets sacrifice as bound to its final house."", ""turn"": 1, ""model"": ""terra"", ""connection_id"": ""BC-875737e176d05d2f5aa9""}]"
Philo, Special Laws 1.69-70	medium	tevrat	yorum_gelenegi	pilgrims form a common sacred homeland	Philo describes festival pilgrims leaving their local places for the Temple and recovering a common kinship there; the cited section should be checked, but it is a specific Hellenistic-Jewish expansion of travel into sacred home.	sec13	"[{""line"": 191, ""strength"": ""medium"", ""tradition"": ""tevrat"", ""kind"": ""yorum_gelenegi"", ""ref"": ""Philo, Special Laws 1.69-70"", ""basis"": ""pilgrims form a common sacred homeland"", ""note"": ""Philo describes festival pilgrims leaving their local places for the Temple and recovering a common kinship there; the cited section should be checked, but it is a specific Hellenistic-Jewish expansion of travel into sacred home."", ""turn"": 2, ""model"": ""terra"", ""connection_id"": ""BC-eec12b9b27596b6e1108""}]"
Targum Ruth 2:12	medium	tevrat	yorum_gelenegi	refuge under the Shekinah	The Targum renders Ruth's refuge as taking shelter under the wings of the Shekinah, making her foreign arrival an explicitly Jewish covenantal shelter image.	sec13	"[{""line"": 99, ""strength"": ""medium"", ""tradition"": ""tevrat"", ""kind"": ""yorum_gelenegi"", ""ref"": ""Targum Ruth 2:12"", ""basis"": ""refuge under the Shekinah"", ""note"": ""The Targum renders Ruth's refuge as taking shelter under the wings of the Shekinah, making her foreign arrival an explicitly Jewish covenantal shelter image."", ""turn"": 1, ""model"": ""terra"", ""connection_id"": ""BC-850869a5dae66a58ec8f""}]"
Tobit 13:11	strong	tevrat	paralel	nations bring gifts to God's Name	Tobit's hymn foresees nations coming from afar with gifts in hand for the heavenly king because of the Lord's name, combining pilgrimage, gift, and exalted name.	sec13	"[{""line"": 167, ""strength"": ""strong"", ""tradition"": ""tevrat"", ""kind"": ""paralel"", ""ref"": ""Tobit 13:11"", ""basis"": ""nations bring gifts to God's Name"", ""note"": ""Tobit's hymn foresees nations coming from afar with gifts in hand for the heavenly king because of the Lord's name, combining pilgrimage, gift, and exalted name."", ""turn"": 2, ""model"": ""terra"", ""connection_id"": ""BC-4b64b055c9de3326f5b9""}]"
Tobit 7:13	strong	tevrat	motif	bride directed to her husband's family home	The commentary's bride is conveyed to her husband's house; Raguel gives Sarah to Tobias and directs him to take her to his father's house. Tobit's verse numbering varies among editions.	sec13	"[{""line"": 17, ""strength"": ""strong"", ""tradition"": ""tevrat"", ""kind"": ""motif"", ""ref"": ""Tobit 7:13"", ""basis"": ""bride directed to her husband's family home"", ""note"": ""The commentary's bride is conveyed to her husband's house; Raguel gives Sarah to Tobias and directs him to take her to his father's house. Tobit's verse numbering varies among editions."", ""turn"": 1, ""model"": ""luna"", ""connection_id"": ""BC-9f96a1eed26d4a1435f9""}]"
WLC:1Chr.16.29	strong	tevrat	paralel	glory to Name with offering	The congregation is told to ascribe glory to YHWH's name, bring an offering, and come before him; elevated name and conveyed offering share one command.	sec13	"[{""line"": 141, ""strength"": ""strong"", ""tradition"": ""tevrat"", ""kind"": ""paralel"", ""ref"": ""WLC:1Chr.16.29"", ""basis"": ""glory to Name with offering"", ""note"": ""The congregation is told to ascribe glory to YHWH's name, bring an offering, and come before him; elevated name and conveyed offering share one command."", ""turn"": 2, ""model"": ""terra"", ""connection_id"": ""BC-d8ab9d8f04f24990cc67""}]"
WLC:1Chr.22.1	strong	tevrat	paralel	house and altar of burnt offering	David identifies the future site as both God's house and the altar of burnt offering for Israel, an exact house-and-sacrifice formulation.	sec13	"[{""line"": 142, ""strength"": ""strong"", ""tradition"": ""tevrat"", ""kind"": ""paralel"", ""ref"": ""WLC:1Chr.22.1"", ""basis"": ""house and altar of burnt offering"", ""note"": ""David identifies the future site as both God's house and the altar of burnt offering for Israel, an exact house-and-sacrifice formulation."", ""turn"": 2, ""model"": ""terra"", ""connection_id"": ""BC-5df095d2758abf2392bd""}]"
WLC:1Kgs.1.50	strong	tevrat	paralel	grasping altar for safety	Adonijah fears Solomon and takes hold of the altar's horns, using sacred space and its object as a claim to protection.	sec13	"[{""line"": 44, ""strength"": ""strong"", ""tradition"": ""tevrat"", ""kind"": ""paralel"", ""ref"": ""WLC:1Kgs.1.50"", ""basis"": ""grasping altar for safety"", ""note"": ""Adonijah fears Solomon and takes hold of the altar's horns, using sacred space and its object as a claim to protection."", ""turn"": 1, ""model"": ""terra"", ""connection_id"": ""BC-aa1f2d77462dc25555ef""}]"
WLC:1Kgs.10.10	strong	tevrat	karsi_anlati	Sheba's costly gift received | queen's gift to Solomon	The commentary says the Qur'anic queen's gift to Solomon fails to reach him; Kings narrates the same queen giving him abundant gold, spices, and stones as a successful royal exchange. | The queen gives Solomon gold, spices, and precious stones; Kings narrates the transfer without Solomon's Qur'anic rebuff of the gift.	sec13	"[{""line"": 19, ""strength"": ""strong"", ""tradition"": ""tevrat"", ""kind"": ""karsi_anlati"", ""ref"": ""WLC:1Kgs.10.10"", ""basis"": ""Sheba's costly gift received"", ""note"": ""The commentary says the Qur'anic queen's gift to Solomon fails to reach him; Kings narrates the same queen giving him abundant gold, spices, and stones as a successful royal exchange."", ""turn"": 1, ""model"": ""luna"", ""connection_id"": ""BC-7017ba64716e2fca856d""}, {""line"": 30, ""strength"": ""strong"", ""tradition"": ""tevrat"", ""kind"": ""karsi_anlati"", ""ref"": ""WLC:1Kgs.10.10"", ""basis"": ""queen's gift to Solomon"", ""note"": ""The queen gives Solomon gold, spices, and precious stones; Kings narrates the transfer without Solomon's Qur'anic rebuff of the gift."", ""turn"": 1, ""model"": ""terra"", ""connection_id"": ""BC-0ea82e68c0e158a05da2""}]"
WLC:1Kgs.10.13	strong	tevrat	karsi_anlati	Solomon reciprocates to Sheba | Solomon's return gift	The commentary's Sheba scene ends with Solomon dismissing the gift; Kings says he gave the queen whatever she desired and royal gifts in return. | Kings has Solomon give the queen all she desired in addition to royal gifts, making reciprocal exchange rather than rejection the outcome of the parallel royal encounter.	sec13	"[{""line"": 20, ""strength"": ""strong"", ""tradition"": ""tevrat"", ""kind"": ""karsi_anlati"", ""ref"": ""WLC:1Kgs.10.13"", ""basis"": ""Solomon reciprocates to Sheba"", ""note"": ""The commentary's Sheba scene ends with Solomon dismissing the gift; Kings says he gave the queen whatever she desired and royal gifts in return."", ""turn"": 1, ""model"": ""luna"", ""connection_id"": ""BC-483384e36865623dc3b6""}, {""line"": 31, ""strength"": ""strong"", ""tradition"": ""tevrat"", ""kind"": ""karsi_anlati"", ""ref"": ""WLC:1Kgs.10.13"", ""basis"": ""Solomon's return gift"", ""note"": ""Kings has Solomon give the queen all she desired in addition to royal gifts, making reciprocal exchange rather than rejection the outcome of the parallel royal encounter."", ""turn"": 1, ""model"": ""terra"", ""connection_id"": ""BC-24ccb0d807e9f654f8ab""}]"
WLC:1Kgs.10.2	strong	tevrat	karsi_anlati	queen, camels, and Solomon	The Queen of Sheba herself comes to Solomon with a camel caravan and wealth, whereas the Qur'anic scene developed in the commentary has the queen send a gift before meeting him.	sec13	"[{""line"": 29, ""strength"": ""strong"", ""tradition"": ""tevrat"", ""kind"": ""karsi_anlati"", ""ref"": ""WLC:1Kgs.10.2"", ""basis"": ""queen, camels, and Solomon"", ""note"": ""The Queen of Sheba herself comes to Solomon with a camel caravan and wealth, whereas the Qur'anic scene developed in the commentary has the queen send a gift before meeting him."", ""turn"": 1, ""model"": ""terra"", ""connection_id"": ""BC-77ea154cde7a47687ccb""}]"
WLC:1Kgs.18.24	strong	tevrat	motif	call on a god's name at a bull altar	The commentary joins the offered animal with the name spoken over it; at Carmel, two bulls are prepared and each side calls on its god's name, in a test that contrasts YHWH with Baal.	sec13	"[{""line"": 9, ""strength"": ""strong"", ""tradition"": ""tevrat"", ""kind"": ""motif"", ""ref"": ""WLC:1Kgs.18.24"", ""basis"": ""call on a god's name at a bull altar"", ""note"": ""The commentary joins the offered animal with the name spoken over it; at Carmel, two bulls are prepared and each side calls on its god's name, in a test that contrasts YHWH with Baal."", ""turn"": 1, ""model"": ""luna"", ""connection_id"": ""BC-9c9948f292041af42b9d""}]"
WLC:1Kgs.2.28	strong	tevrat	motif	fugitive clings to altar horns	The commentary says a person who seeks a group's protection becomes inviolable like the House's offering; Joab flees to YHWH's altar and grips its horns for sanctuary.	sec13	"[{""line"": 29, ""strength"": ""strong"", ""tradition"": ""tevrat"", ""kind"": ""motif"", ""ref"": ""WLC:1Kgs.2.28"", ""basis"": ""fugitive clings to altar horns"", ""note"": ""The commentary says a person who seeks a group's protection becomes inviolable like the House's offering; Joab flees to YHWH's altar and grips its horns for sanctuary."", ""turn"": 1, ""model"": ""luna"", ""connection_id"": ""BC-8c98aac2c65dfee88b2f""}]"
WLC:1Kgs.2.34	medium	tevrat	motif	altar refuge does not save Joab	The commentary presents the asylum seeker as protected like a sacred offering; after Joab takes refuge at the altar, Solomon's men execute him, showing that this sanctuary's protection can fail.	sec13	"[{""line"": 30, ""strength"": ""medium"", ""tradition"": ""tevrat"", ""kind"": ""motif"", ""ref"": ""WLC:1Kgs.2.34"", ""basis"": ""altar refuge does not save Joab"", ""note"": ""The commentary presents the asylum seeker as protected like a sacred offering; after Joab takes refuge at the altar, Solomon's men execute him, showing that this sanctuary's protection can fail."", ""turn"": 1, ""model"": ""luna"", ""connection_id"": ""BC-60a9be97fd6bb8ce2ef7""}]"
WLC:1Kgs.8.41	strong	tevrat	paralel	foreigner comes from afar for the Name	Solomon imagines a foreigner hearing of YHWH's great name and coming from a distant country, a pilgrimage of an outsider toward the named house.	sec13	"[{""line"": 139, ""strength"": ""strong"", ""tradition"": ""tevrat"", ""kind"": ""paralel"", ""ref"": ""WLC:1Kgs.8.41"", ""basis"": ""foreigner comes from afar for the Name"", ""note"": ""Solomon imagines a foreigner hearing of YHWH's great name and coming from a distant country, a pilgrimage of an outsider toward the named house."", ""turn"": 2, ""model"": ""terra"", ""connection_id"": ""BC-b584705f1587e2e62ea9""}]"
WLC:1Kgs.8.43	strong	tevrat	paralel	foreign prayer toward the house	God is asked to hear the foreigner who prays toward the Temple so all peoples know his name; house, name, and outsider access are explicitly related.	sec13	"[{""line"": 140, ""strength"": ""strong"", ""tradition"": ""tevrat"", ""kind"": ""paralel"", ""ref"": ""WLC:1Kgs.8.43"", ""basis"": ""foreign prayer toward the house"", ""note"": ""God is asked to hear the foreigner who prays toward the Temple so all peoples know his name; house, name, and outsider access are explicitly related."", ""turn"": 2, ""model"": ""terra"", ""connection_id"": ""BC-ff5cbaade2e01e503670""}]"
WLC:1Sam.1.24	strong	tevrat	motif	a child and offerings brought to God's house	The commentary describes an animal carried to a sacred house; Hannah brings Samuel, a bull, flour, and wine to YHWH's house at Shiloh, dedicating the child rather than sacrificing him.	sec13	"[{""line"": 76, ""strength"": ""strong"", ""tradition"": ""tevrat"", ""kind"": ""motif"", ""ref"": ""WLC:1Sam.1.24"", ""basis"": ""a child and offerings brought to God's house"", ""note"": ""The commentary describes an animal carried to a sacred house; Hannah brings Samuel, a bull, flour, and wine to YHWH's house at Shiloh, dedicating the child rather than sacrificing him."", ""turn"": 2, ""model"": ""luna"", ""connection_id"": ""BC-4036da129c2a84a363f0""}]"
WLC:1Sam.1.28	strong	tevrat	motif	a person given to divine service	The commentary links a subdued animal with service and worship; Hannah says she gives Samuel to YHWH for all his days, a human dedication at the sanctuary.	sec13	"[{""line"": 77, ""strength"": ""strong"", ""tradition"": ""tevrat"", ""kind"": ""motif"", ""ref"": ""WLC:1Sam.1.28"", ""basis"": ""a person given to divine service"", ""note"": ""The commentary links a subdued animal with service and worship; Hannah says she gives Samuel to YHWH for all his days, a human dedication at the sanctuary."", ""turn"": 2, ""model"": ""luna"", ""connection_id"": ""BC-ef8637c45919f8bbef74""}]"
WLC:1Sam.15.22	strong	tevrat	karsi_anlati	obedience set above sacrifice	Samuel says obedience and listening are better than sacrifice and rams' fat; this directly challenges any reading in which the guided animal itself exhausts worship.	sec13	"[{""line"": 156, ""strength"": ""strong"", ""tradition"": ""tevrat"", ""kind"": ""karsi_anlati"", ""ref"": ""WLC:1Sam.15.22"", ""basis"": ""obedience set above sacrifice"", ""note"": ""Samuel says obedience and listening are better than sacrifice and rams' fat; this directly challenges any reading in which the guided animal itself exhausts worship."", ""turn"": 2, ""model"": ""terra"", ""connection_id"": ""BC-c2bada0a136cbb72d05c""}]"
WLC:1Sam.25.18	medium	tevrat	paralel	gift carried to avert conflict	Abigail loads food gifts onto donkeys and takes them to David during a dangerous encounter; it is a carried gift aimed at a potentially hostile recipient.	sec13	"[{""line"": 100, ""strength"": ""medium"", ""tradition"": ""tevrat"", ""kind"": ""paralel"", ""ref"": ""WLC:1Sam.25.18"", ""basis"": ""gift carried to avert conflict"", ""note"": ""Abigail loads food gifts onto donkeys and takes them to David during a dangerous encounter; it is a carried gift aimed at a potentially hostile recipient."", ""turn"": 1, ""model"": ""terra"", ""connection_id"": ""BC-22501032e640004b40f6""}]"
WLC:1Sam.25.27	medium	tevrat	motif	gift named a blessing	Abigail calls the gift she has brought David a blessing, supplying a biblical way in which a conveyed present is spoken of as benefit.	sec13	"[{""line"": 101, ""strength"": ""medium"", ""tradition"": ""tevrat"", ""kind"": ""motif"", ""ref"": ""WLC:1Sam.25.27"", ""basis"": ""gift named a blessing"", ""note"": ""Abigail calls the gift she has brought David a blessing, supplying a biblical way in which a conveyed present is spoken of as benefit."", ""turn"": 1, ""model"": ""terra"", ""connection_id"": ""BC-f2e1051a68385f669e5d""}]"
WLC:1Sam.25.35	strong	tevrat	motif	gift received to avert violence	The commentary says a gift sent to a rival does not reach Solomon; Abigail's gift reaches David, who accepts it and abandons his plan to kill Nabal's household.	sec13	"[{""line"": 22, ""strength"": ""strong"", ""tradition"": ""tevrat"", ""kind"": ""motif"", ""ref"": ""WLC:1Sam.25.35"", ""basis"": ""gift received to avert violence"", ""note"": ""The commentary says a gift sent to a rival does not reach Solomon; Abigail's gift reaches David, who accepts it and abandons his plan to kill Nabal's household."", ""turn"": 1, ""model"": ""luna"", ""connection_id"": ""BC-c4e487aee70602e46fa5""}]"
WLC:1Sam.30.15	strong	tevrat	motif	refuge secured by an oath	The commentary's petitioner asks a group for protection and a pledge; the Egyptian slave asks David to swear not to kill or return him before he agrees to guide the pursuit.	sec13	"[{""line"": 28, ""strength"": ""strong"", ""tradition"": ""tevrat"", ""kind"": ""motif"", ""ref"": ""WLC:1Sam.30.15"", ""basis"": ""refuge secured by an oath"", ""note"": ""The commentary's petitioner asks a group for protection and a pledge; the Egyptian slave asks David to swear not to kill or return him before he agrees to guide the pursuit."", ""turn"": 1, ""model"": ""luna"", ""connection_id"": ""BC-42606254a3354460771f""}]"
WLC:2Chr.3.1	strong	tevrat	paralel	Moriah becomes Temple house	Chronicles places Solomon's Temple on Mount Moriah, canonically joining the shown sacrificial mountain to the later house of worship.	sec13	"[{""line"": 8, ""strength"": ""strong"", ""tradition"": ""tevrat"", ""kind"": ""paralel"", ""ref"": ""WLC:2Chr.3.1"", ""basis"": ""Moriah becomes Temple house"", ""note"": ""Chronicles places Solomon's Temple on Mount Moriah, canonically joining the shown sacrificial mountain to the later house of worship."", ""turn"": 1, ""model"": ""terra"", ""connection_id"": ""BC-e7f6c1f9e45477864803""}]"
WLC:2Chr.6.6	strong	tevrat	paralel	Jerusalem chosen for the Name	God's choice of Jerusalem for his name makes the temple city a named destination, supplementing the commentary's stress on a house reached through worship.	sec13	"[{""line"": 143, ""strength"": ""strong"", ""tradition"": ""tevrat"", ""kind"": ""paralel"", ""ref"": ""WLC:2Chr.6.6"", ""basis"": ""Jerusalem chosen for the Name"", ""note"": ""God's choice of Jerusalem for his name makes the temple city a named destination, supplementing the commentary's stress on a house reached through worship."", ""turn"": 2, ""model"": ""terra"", ""connection_id"": ""BC-b9a372d098f21365b6dd""}]"
WLC:2Chr.7.12	strong	tevrat	paralel	house of sacrifice	God calls the chosen Temple site a house of sacrifice, an unusually direct biblical pairing of house and sacrificial destination.	sec13	"[{""line"": 9, ""strength"": ""strong"", ""tradition"": ""tevrat"", ""kind"": ""paralel"", ""ref"": ""WLC:2Chr.7.12"", ""basis"": ""house of sacrifice"", ""note"": ""God calls the chosen Temple site a house of sacrifice, an unusually direct biblical pairing of house and sacrificial destination."", ""turn"": 1, ""model"": ""terra"", ""connection_id"": ""BC-e68951ebbd1f7c59bce1""}]"
WLC:2Kgs.5.16	medium	tevrat	motif	a prophet refuses a foreigner's gift	The commentary says Solomon rejects Sheba's gift; Elisha refuses Naaman's gift after healing him, showing a different reason a sacred figure will not accept a valuable present.	sec13	"[{""line"": 88, ""strength"": ""medium"", ""tradition"": ""tevrat"", ""kind"": ""motif"", ""ref"": ""WLC:2Kgs.5.16"", ""basis"": ""a prophet refuses a foreigner's gift"", ""note"": ""The commentary says Solomon rejects Sheba's gift; Elisha refuses Naaman's gift after healing him, showing a different reason a sacred figure will not accept a valuable present."", ""turn"": 2, ""model"": ""luna"", ""connection_id"": ""BC-d4299e61a47a1777bc1c""}]"
WLC:Amos.5.22	strong	tevrat	karsi_anlati	rejected offerings at a hated festival	God says he will not accept offerings or regard peace offerings in a prophetic critique of cult; it counterbalances the commentary's festival sacrifice with the ethical conditions of acceptance.	sec13	"[{""line"": 157, ""strength"": ""strong"", ""tradition"": ""tevrat"", ""kind"": ""karsi_anlati"", ""ref"": ""WLC:Amos.5.22"", ""basis"": ""rejected offerings at a hated festival"", ""note"": ""God says he will not accept offerings or regard peace offerings in a prophetic critique of cult; it counterbalances the commentary's festival sacrifice with the ethical conditions of acceptance."", ""turn"": 2, ""model"": ""terra"", ""connection_id"": ""BC-562b891c82faefabe7f7""}]"
WLC:Dan.2.48	strong	tevrat	soydas	Aramaic rab as chief	The commentary labels Arabic rabb as Lord but also reports a separate covenant sense; Daniel's Aramaic rab names Daniel chief of the governors, supporting the rank or master sense rather than the covenant gloss.	sec13	"[{""line"": 34, ""strength"": ""strong"", ""tradition"": ""tevrat"", ""kind"": ""soydas"", ""ref"": ""WLC:Dan.2.48"", ""basis"": ""Aramaic rab as chief"", ""note"": ""The commentary labels Arabic rabb as Lord but also reports a separate covenant sense; Daniel's Aramaic rab names Daniel chief of the governors, supporting the rank or master sense rather than the covenant gloss."", ""turn"": 1, ""model"": ""luna"", ""connection_id"": ""BC-2a60fa862ae35363e024""}]"
WLC:Deut.12.11	strong	tevrat	motif|paralel|soydas	offerings at chosen name-place | Name's dwelling and offerings | Arabic ism and Hebrew shem	The commentary's hedy animal reaches the House; Deuteronomy sends burnt offerings and other gifts to the place YHWH chooses to establish his name. | Israel must bring its offerings to the place YHWH chooses for his name to dwell, directly linking name, sacred house, and transported sacrifices. | Arabic ism in بِسْمِ and Hebrew shem are cognate name terms; Deuteronomy uses shem for the divine name dwelling where offerings are brought, while the commentary's listed س م و label is not being treated as proof.	sec13	"[{""line"": 3, ""strength"": ""strong"", ""tradition"": ""tevrat"", ""kind"": ""motif"", ""ref"": ""WLC:Deut.12.11"", ""basis"": ""offerings at chosen name-place"", ""note"": ""The commentary's hedy animal reaches the House; Deuteronomy sends burnt offerings and other gifts to the place YHWH chooses to establish his name."", ""turn"": 1, ""model"": ""luna"", ""connection_id"": ""BC-1ed946cbdfa5197d22c0""}, {""line"": 11, ""strength"": ""strong"", ""tradition"": ""tevrat"", ""kind"": ""paralel"", ""ref"": ""WLC:Deut.12.11"", ""basis"": ""Name's dwelling and offerings"", ""note"": ""Israel must bring its offerings to the place YHWH chooses for his name to dwell, directly linking name, sacred house, and transported sacrifices."", ""turn"": 1, ""model"": ""terra"", ""connection_id"": ""BC-86069a5055987d99541e""}, {""line"": 92, ""strength"": ""medium"", ""tradition"": ""tevrat"", ""kind"": ""soydas"", ""ref"": ""WLC:Deut.12.11"", ""basis"": ""Arabic ism and Hebrew shem"", ""note"": ""Arabic ism in بِسْمِ and Hebrew shem are cognate name terms; Deuteronomy uses shem for the divine name dwelling where offerings are brought, while the commentary's listed س م و label is not being treated as proof."", ""turn"": 1, ""model"": ""terra"", ""connection_id"": ""BC-eb3365efbf04dd0349f4""}]"
WLC:Deut.12.5	strong	tevrat	paralel	seeking the place of the Name	Israel is commanded to seek the place YHWH chooses for his name and dwelling; the verb of seeking makes pilgrimage toward the house explicit.	sec13	"[{""line"": 130, ""strength"": ""strong"", ""tradition"": ""tevrat"", ""kind"": ""paralel"", ""ref"": ""WLC:Deut.12.5"", ""basis"": ""seeking the place of the Name"", ""note"": ""Israel is commanded to seek the place YHWH chooses for his name and dwelling; the verb of seeking makes pilgrimage toward the house explicit."", ""turn"": 2, ""model"": ""terra"", ""connection_id"": ""BC-d52008e3eca064d24d6a""}]"
WLC:Deut.14.24	strong	tevrat	paralel	journey too long to carry the gift	Deuteronomy considers the practical case in which the chosen place is too far for someone to carry the tithe, a precise biblical reflection on a religious gift in transit.	sec13	"[{""line"": 131, ""strength"": ""strong"", ""tradition"": ""tevrat"", ""kind"": ""paralel"", ""ref"": ""WLC:Deut.14.24"", ""basis"": ""journey too long to carry the gift"", ""note"": ""Deuteronomy considers the practical case in which the chosen place is too far for someone to carry the tithe, a precise biblical reflection on a religious gift in transit."", ""turn"": 2, ""model"": ""terra"", ""connection_id"": ""BC-72887e0dd55b9625ed16""}]"
WLC:Deut.15.20	strong	tevrat	paralel	firstborn herd eaten before God	Firstborn animals from herd and flock are eaten before YHWH year by year at the chosen place, combining animal, pilgrimage, and household celebration.	sec13	"[{""line"": 132, ""strength"": ""strong"", ""tradition"": ""tevrat"", ""kind"": ""paralel"", ""ref"": ""WLC:Deut.15.20"", ""basis"": ""firstborn herd eaten before God"", ""note"": ""Firstborn animals from herd and flock are eaten before YHWH year by year at the chosen place, combining animal, pilgrimage, and household celebration."", ""turn"": 2, ""model"": ""terra"", ""connection_id"": ""BC-0b5fbf3d36f98840c745""}]"
WLC:Deut.16.11	strong	tevrat	paralel	inclusive rejoicing at the Name-place	The household rejoices at the place where YHWH causes his name to dwell together with Levite, resident alien, orphan, and widow; seasonal gathering includes vulnerable outsiders.	sec13	"[{""line"": 133, ""strength"": ""strong"", ""tradition"": ""tevrat"", ""kind"": ""paralel"", ""ref"": ""WLC:Deut.16.11"", ""basis"": ""inclusive rejoicing at the Name-place"", ""note"": ""The household rejoices at the place where YHWH causes his name to dwell together with Levite, resident alien, orphan, and widow; seasonal gathering includes vulnerable outsiders."", ""turn"": 2, ""model"": ""terra"", ""connection_id"": ""BC-578a510921914792c3cc""}]"
WLC:Deut.16.16	strong	tevrat	motif	pilgrimage not empty-handed	At the three annual appearances before God, no one is to appear empty-handed; seasonal gathering, journey to the chosen place, and carried gift form one obligation.	sec13	"[{""line"": 33, ""strength"": ""strong"", ""tradition"": ""tevrat"", ""kind"": ""motif"", ""ref"": ""WLC:Deut.16.16"", ""basis"": ""pilgrimage not empty-handed"", ""note"": ""At the three annual appearances before God, no one is to appear empty-handed; seasonal gathering, journey to the chosen place, and carried gift form one obligation."", ""turn"": 1, ""model"": ""terra"", ""connection_id"": ""BC-85b4e6723c3fa32d30be""}]"
WLC:Deut.16.17	strong	tevrat	motif	gift according to blessing	Each pilgrim gives according to the blessing YHWH has given, a concrete biblical joining of gift, pilgrimage, and received benefit.	sec13	"[{""line"": 34, ""strength"": ""strong"", ""tradition"": ""tevrat"", ""kind"": ""motif"", ""ref"": ""WLC:Deut.16.17"", ""basis"": ""gift according to blessing"", ""note"": ""Each pilgrim gives according to the blessing YHWH has given, a concrete biblical joining of gift, pilgrimage, and received benefit."", ""turn"": 1, ""model"": ""terra"", ""connection_id"": ""BC-91d9e979bceac08b9658""}]"
WLC:Deut.16.2	strong	tevrat	paralel	flock or herd at Name-place	The Passover sacrifice is taken from flock or herd and offered at the place YHWH chooses for his name to dwell, closely matching animal, house, and named worship.	sec13	"[{""line"": 12, ""strength"": ""strong"", ""tradition"": ""tevrat"", ""kind"": ""paralel"", ""ref"": ""WLC:Deut.16.2"", ""basis"": ""flock or herd at Name-place"", ""note"": ""The Passover sacrifice is taken from flock or herd and offered at the place YHWH chooses for his name to dwell, closely matching animal, house, and named worship."", ""turn"": 1, ""model"": ""terra"", ""connection_id"": ""BC-3769c91a3bc6a8c6c709""}]"
WLC:Deut.23.16	strong	tevrat	motif|paralel	a fugitive slave given a safe dwelling | fugitive slave not surrendered	The commentary's outsider asks a group for protection and reaches a safe place; Deuteronomy says an escaped slave may live where he chooses among Israel and must not be oppressed. | The community may not hand an escaped slave back to his master, a direct rule against returning a person who has sought safety.	sec13	"[{""line"": 78, ""strength"": ""strong"", ""tradition"": ""tevrat"", ""kind"": ""motif"", ""ref"": ""WLC:Deut.23.16"", ""basis"": ""a fugitive slave given a safe dwelling"", ""note"": ""The commentary's outsider asks a group for protection and reaches a safe place; Deuteronomy says an escaped slave may live where he chooses among Israel and must not be oppressed."", ""turn"": 2, ""model"": ""luna"", ""connection_id"": ""BC-59afbcc4f5229d5d676d""}, {""line"": 40, ""strength"": ""strong"", ""tradition"": ""tevrat"", ""kind"": ""paralel"", ""ref"": ""WLC:Deut.23.16"", ""basis"": ""fugitive slave not surrendered"", ""note"": ""The community may not hand an escaped slave back to his master, a direct rule against returning a person who has sought safety."", ""turn"": 1, ""model"": ""terra"", ""connection_id"": ""BC-b4e8b8721c3a24e3f009""}]"
WLC:Deut.23.17	strong	tevrat	paralel	fugitive chooses a dwelling	The escaped slave may live among the community in the place he chooses and must not be oppressed; protection is completed by a chosen home.	sec13	"[{""line"": 41, ""strength"": ""strong"", ""tradition"": ""tevrat"", ""kind"": ""paralel"", ""ref"": ""WLC:Deut.23.17"", ""basis"": ""fugitive chooses a dwelling"", ""note"": ""The escaped slave may live among the community in the place he chooses and must not be oppressed; protection is completed by a chosen home."", ""turn"": 1, ""model"": ""terra"", ""connection_id"": ""BC-c1a5c02ca592d9b7a2be""}]"
WLC:Deut.26.10	strong	tevrat	paralel	gift set before God and worshiped	The first fruits are brought and set before YHWH, followed by worship; gift delivery becomes an act of devotion at the sacred destination.	sec13	"[{""line"": 135, ""strength"": ""strong"", ""tradition"": ""tevrat"", ""kind"": ""paralel"", ""ref"": ""WLC:Deut.26.10"", ""basis"": ""gift set before God and worshiped"", ""note"": ""The first fruits are brought and set before YHWH, followed by worship; gift delivery becomes an act of devotion at the sacred destination."", ""turn"": 2, ""model"": ""terra"", ""connection_id"": ""BC-9aabb44eb4656c31cb91""}]"
WLC:Deut.26.2	strong	tevrat	paralel	basket of first fruits to chosen place	The worshiper takes first fruits in a basket and goes to the place YHWH chooses for his name; this is unusually close to the commentary's tray-borne gift.	sec13	"[{""line"": 134, ""strength"": ""strong"", ""tradition"": ""tevrat"", ""kind"": ""paralel"", ""ref"": ""WLC:Deut.26.2"", ""basis"": ""basket of first fruits to chosen place"", ""note"": ""The worshiper takes first fruits in a basket and goes to the place YHWH chooses for his name; this is unusually close to the commentary's tray-borne gift."", ""turn"": 2, ""model"": ""terra"", ""connection_id"": ""BC-057bb7e94f152778d5d2""}]"
WLC:Deut.30.4	strong	tevrat	paralel	gathering the farthest outcasts	God promises to gather Israel even from the ends of heaven, a return movement for people who are dispersed and outside their secure place.	sec13	"[{""line"": 136, ""strength"": ""strong"", ""tradition"": ""tevrat"", ""kind"": ""paralel"", ""ref"": ""WLC:Deut.30.4"", ""basis"": ""gathering the farthest outcasts"", ""note"": ""God promises to gather Israel even from the ends of heaven, a return movement for people who are dispersed and outside their secure place."", ""turn"": 2, ""model"": ""terra"", ""connection_id"": ""BC-759f3b718eb559c63653""}]"
WLC:Deut.30.5	strong	tevrat	paralel	return to inherited land	God brings the gathered people back into the land of their ancestors and makes them possess it, making return culminate in a home and inheritance.	sec13	"[{""line"": 137, ""strength"": ""strong"", ""tradition"": ""tevrat"", ""kind"": ""paralel"", ""ref"": ""WLC:Deut.30.5"", ""basis"": ""return to inherited land"", ""note"": ""God brings the gathered people back into the land of their ancestors and makes them possess it, making return culminate in a home and inheritance."", ""turn"": 2, ""model"": ""terra"", ""connection_id"": ""BC-8fc139b9381044aa6057""}]"
WLC:Deut.6.13	strong	tevrat	paralel|soydas	ʿbd as service to God | service, fear, and Name-oath	The commentary glosses Arabic ʿibāda as obedience and service; Deuteronomy uses the Hebrew cognate ʿābad for serving YHWH, alongside cleaving to him and swearing by his name. | Israel is to fear and serve YHWH and swear by his name; Hebrew עבד supplies a cognate service context alongside the commentary's name-and-worship connection.	sec13	"[{""line"": 33, ""strength"": ""strong"", ""tradition"": ""tevrat"", ""kind"": ""soydas"", ""ref"": ""WLC:Deut.6.13"", ""basis"": ""ʿbd as service to God"", ""note"": ""The commentary glosses Arabic ʿibāda as obedience and service; Deuteronomy uses the Hebrew cognate ʿābad for serving YHWH, alongside cleaving to him and swearing by his name."", ""turn"": 1, ""model"": ""luna"", ""connection_id"": ""BC-ecb8ee22e08b36d26f5b""}, {""line"": 166, ""strength"": ""strong"", ""tradition"": ""tevrat"", ""kind"": ""paralel"", ""ref"": ""WLC:Deut.6.13"", ""basis"": ""service, fear, and Name-oath"", ""note"": ""Israel is to fear and serve YHWH and swear by his name; Hebrew עבד supplies a cognate service context alongside the commentary's name-and-worship connection."", ""turn"": 2, ""model"": ""terra"", ""connection_id"": ""BC-6eeb25622a2ae86a601e""}]"
WLC:Esth.2.16	strong	tevrat	paralel|soydas	woman taken to king's house | Arabic م ل ك and Hebrew מלך	Esther is taken to the king in his royal palace, a courtly version of a woman being conveyed into a husband's household. | Hebrew melek, cognate with the source's مٰلِك family, means king here; Esther's actual transfer to the king's palace gives a concrete royal-marital setting without equating the two traditions' marriage vocabulary.	sec13	"[{""line"": 25, ""strength"": ""strong"", ""tradition"": ""tevrat"", ""kind"": ""paralel"", ""ref"": ""WLC:Esth.2.16"", ""basis"": ""woman taken to king's house"", ""note"": ""Esther is taken to the king in his royal palace, a courtly version of a woman being conveyed into a husband's household."", ""turn"": 1, ""model"": ""terra"", ""connection_id"": ""BC-b2b3cb1c091df639836a""}, {""line"": 93, ""strength"": ""medium"", ""tradition"": ""tevrat"", ""kind"": ""soydas"", ""ref"": ""WLC:Esth.2.16"", ""basis"": ""Arabic م ل ك and Hebrew מלך"", ""note"": ""Hebrew melek, cognate with the source's مٰلِك family, means king here; Esther's actual transfer to the king's palace gives a concrete royal-marital setting without equating the two traditions' marriage vocabulary."", ""turn"": 1, ""model"": ""terra"", ""connection_id"": ""BC-a9c163faf4a3ad04c4d8""}]"
WLC:Exod.12.13	strong	tevrat	motif	blood as a sign protecting a house | marked house protected from destruction	The commentary connects a mark or sign with the gathered season and describes the refuge-seeker as protected; Passover blood is a sign on households that protects them from the destroying plague. | Blood serves as a sign on Israelite houses and causes the plague to pass over; a mark makes a dwelling and those inside it inviolable.	sec13	"[{""line"": 70, ""strength"": ""strong"", ""tradition"": ""tevrat"", ""kind"": ""motif"", ""ref"": ""WLC:Exod.12.13"", ""basis"": ""blood as a sign protecting a house"", ""note"": ""The commentary connects a mark or sign with the gathered season and describes the refuge-seeker as protected; Passover blood is a sign on households that protects them from the destroying plague."", ""turn"": 2, ""model"": ""luna"", ""connection_id"": ""BC-93f9b0410a05f9058054""}, {""line"": 49, ""strength"": ""strong"", ""tradition"": ""tevrat"", ""kind"": ""motif"", ""ref"": ""WLC:Exod.12.13"", ""basis"": ""marked house protected from destruction"", ""note"": ""Blood serves as a sign on Israelite houses and causes the plague to pass over; a mark makes a dwelling and those inside it inviolable."", ""turn"": 1, ""model"": ""terra"", ""connection_id"": ""BC-55c69797746ee14f66a1""}]"
WLC:Exod.12.27	strong	tevrat	paralel	Passover sacrifice and protected houses	The Passover sacrifice belongs to YHWH who passed over Israelite houses; sacrifice, named worship, household, and protection meet in one rite.	sec13	"[{""line"": 20, ""strength"": ""strong"", ""tradition"": ""tevrat"", ""kind"": ""paralel"", ""ref"": ""WLC:Exod.12.27"", ""basis"": ""Passover sacrifice and protected houses"", ""note"": ""The Passover sacrifice belongs to YHWH who passed over Israelite houses; sacrifice, named worship, household, and protection meet in one rite."", ""turn"": 1, ""model"": ""terra"", ""connection_id"": ""BC-acc8d5ff4b624a1bba4e""}]"
WLC:Exod.12.3	strong	tevrat	motif	a lamb selected for each household	The commentary describes a sacrificial animal separated from a herd and taken toward a sacred destination; Passover assigns a lamb to each household, with a different destination and purpose.	sec13	"[{""line"": 69, ""strength"": ""strong"", ""tradition"": ""tevrat"", ""kind"": ""motif"", ""ref"": ""WLC:Exod.12.3"", ""basis"": ""a lamb selected for each household"", ""note"": ""The commentary describes a sacrificial animal separated from a herd and taken toward a sacred destination; Passover assigns a lamb to each household, with a different destination and purpose."", ""turn"": 2, ""model"": ""luna"", ""connection_id"": ""BC-0c9d012afcc8faa41f3f""}]"
WLC:Exod.13.21	strong	tevrat	paralel	pillar leading the way	YHWH goes before Israel in cloud and fire to lead them on the way, an explicit wilderness model for divine direction.	sec13	"[{""line"": 123, ""strength"": ""strong"", ""tradition"": ""tevrat"", ""kind"": ""paralel"", ""ref"": ""WLC:Exod.13.21"", ""basis"": ""pillar leading the way"", ""note"": ""YHWH goes before Israel in cloud and fire to lead them on the way, an explicit wilderness model for divine direction."", ""turn"": 2, ""model"": ""terra"", ""connection_id"": ""BC-472b40aa5c1e969e7c8e""}]"
WLC:Exod.15.13	strong	tevrat	paralel	guidance to holy dwelling	Exodus says God led the redeemed people by strength to his holy abode; it supplies a scriptural journey whose end is a dwelling, the completion the commentary hears in ihdinā.	sec13	"[{""line"": 1, ""strength"": ""strong"", ""tradition"": ""tevrat"", ""kind"": ""paralel"", ""ref"": ""WLC:Exod.15.13"", ""basis"": ""guidance to holy dwelling"", ""note"": ""Exodus says God led the redeemed people by strength to his holy abode; it supplies a scriptural journey whose end is a dwelling, the completion the commentary hears in ihdinā."", ""turn"": 1, ""model"": ""terra"", ""connection_id"": ""BC-96f1401a73e0ee37df4c""}]"
WLC:Exod.15.17	strong	tevrat	paralel	brought and planted at sanctuary	Following the holy-dwelling line, the song says God will bring and plant his people at the mountain of his inheritance, the place made for his dwelling and sanctuary.	sec13	"[{""line"": 124, ""strength"": ""strong"", ""tradition"": ""tevrat"", ""kind"": ""paralel"", ""ref"": ""WLC:Exod.15.17"", ""basis"": ""brought and planted at sanctuary"", ""note"": ""Following the holy-dwelling line, the song says God will bring and plant his people at the mountain of his inheritance, the place made for his dwelling and sanctuary."", ""turn"": 2, ""model"": ""terra"", ""connection_id"": ""BC-313bcd820cedd220096b""}]"
WLC:Exod.19.4	strong	tevrat	paralel	carried and brought to God	God says he bore Israel on eagles' wings and brought them to himself; divine conveyance creates the covenantal nearness sought in the commentary.	sec13	"[{""line"": 125, ""strength"": ""strong"", ""tradition"": ""tevrat"", ""kind"": ""paralel"", ""ref"": ""WLC:Exod.19.4"", ""basis"": ""carried and brought to God"", ""note"": ""God says he bore Israel on eagles' wings and brought them to himself; divine conveyance creates the covenantal nearness sought in the commentary."", ""turn"": 2, ""model"": ""terra"", ""connection_id"": ""BC-8d2780e61f312a0abcd6""}]"
WLC:Exod.20.24	strong	tevrat	paralel|soydas	Hebrew shem at an altar | altar, offerings, Name, and blessing	The commentary labels bismi with Arabic roots s-m-w and w-s-m and says the uttered name raises remembrance of its bearer; Hebrew shem is remembered at an altar where burnt and peace offerings are made. | God permits an altar for animal offerings and promises to come and bless wherever he causes his name to be remembered; this directly joins sacrifice, name, and divine approach.	sec13	"[{""line"": 7, ""strength"": ""strong"", ""tradition"": ""tevrat"", ""kind"": ""soydas"", ""ref"": ""WLC:Exod.20.24"", ""basis"": ""Hebrew shem at an altar"", ""note"": ""The commentary labels bismi with Arabic roots s-m-w and w-s-m and says the uttered name raises remembrance of its bearer; Hebrew shem is remembered at an altar where burnt and peace offerings are made."", ""turn"": 1, ""model"": ""luna"", ""connection_id"": ""BC-02505e288847e9fa39be""}, {""line"": 126, ""strength"": ""strong"", ""tradition"": ""tevrat"", ""kind"": ""paralel"", ""ref"": ""WLC:Exod.20.24"", ""basis"": ""altar, offerings, Name, and blessing"", ""note"": ""God permits an altar for animal offerings and promises to come and bless wherever he causes his name to be remembered; this directly joins sacrifice, name, and divine approach."", ""turn"": 2, ""model"": ""terra"", ""connection_id"": ""BC-c6af587b7fa290f58e93""}]"
WLC:Exod.21.13	strong	tevrat	motif|paralel	a place of refuge for accidental killing | fugitive assigned a place	The commentary describes a person accepted under protection; Exodus says God provides a place to which the unintended killer may flee. | God appoints a place to which an accidental killer may flee, a foundational legal scene of flight toward secured space.	sec13	"[{""line"": 24, ""strength"": ""strong"", ""tradition"": ""tevrat"", ""kind"": ""motif"", ""ref"": ""WLC:Exod.21.13"", ""basis"": ""a place of refuge for accidental killing"", ""note"": ""The commentary describes a person accepted under protection; Exodus says God provides a place to which the unintended killer may flee."", ""turn"": 1, ""model"": ""luna"", ""connection_id"": ""BC-bc631de54efe1eb24c4b""}, {""line"": 36, ""strength"": ""strong"", ""tradition"": ""tevrat"", ""kind"": ""paralel"", ""ref"": ""WLC:Exod.21.13"", ""basis"": ""fugitive assigned a place"", ""note"": ""God appoints a place to which an accidental killer may flee, a foundational legal scene of flight toward secured space."", ""turn"": 1, ""model"": ""terra"", ""connection_id"": ""BC-967754e1aff3fc8e464b""}]"
WLC:Exod.21.14	strong	tevrat	karsi_anlati|motif	altar asylum has a limit | altar refuge has a legal limit	The commentary calls the petitioner inviolable like the House's offering; Exodus orders even an intentional killer taken from God's altar and put to death, defining a limit to sanctuary protection. | Exodus orders a presumptuous murderer taken even from God's altar; against the commentary's inviolable protected person, this marks the Torah's stated limit on sanctuary asylum.	sec13	"[{""line"": 25, ""strength"": ""strong"", ""tradition"": ""tevrat"", ""kind"": ""motif"", ""ref"": ""WLC:Exod.21.14"", ""basis"": ""altar asylum has a limit"", ""note"": ""The commentary calls the petitioner inviolable like the House's offering; Exodus orders even an intentional killer taken from God's altar and put to death, defining a limit to sanctuary protection."", ""turn"": 1, ""model"": ""luna"", ""connection_id"": ""BC-80eec52a053511156a44""}, {""line"": 45, ""strength"": ""strong"", ""tradition"": ""tevrat"", ""kind"": ""karsi_anlati"", ""ref"": ""WLC:Exod.21.14"", ""basis"": ""altar refuge has a legal limit"", ""note"": ""Exodus orders a presumptuous murderer taken even from God's altar; against the commentary's inviolable protected person, this marks the Torah's stated limit on sanctuary asylum."", ""turn"": 1, ""model"": ""terra"", ""connection_id"": ""BC-a5979a2d592745af0f8c""}]"
WLC:Exod.23.15	strong	tevrat	motif	appointed feast, no empty hands	The commentary's mawsim is a marked season of gathering; Exodus fixes an appointed feast and says no one should appear before God empty-handed.	sec13	"[{""line"": 6, ""strength"": ""strong"", ""tradition"": ""tevrat"", ""kind"": ""motif"", ""ref"": ""WLC:Exod.23.15"", ""basis"": ""appointed feast, no empty hands"", ""note"": ""The commentary's mawsim is a marked season of gathering; Exodus fixes an appointed feast and says no one should appear before God empty-handed."", ""turn"": 1, ""model"": ""luna"", ""connection_id"": ""BC-bf91ab095bd637457ae2""}]"
WLC:Exod.23.20	strong	tevrat	paralel	guarded way and prepared place	God sends an angel to guard Israel on the way and bring them to a prepared place, combining escort, safety, and a divinely assigned destination.	sec13	"[{""line"": 4, ""strength"": ""strong"", ""tradition"": ""tevrat"", ""kind"": ""paralel"", ""ref"": ""WLC:Exod.23.20"", ""basis"": ""guarded way and prepared place"", ""note"": ""God sends an angel to guard Israel on the way and bring them to a prepared place, combining escort, safety, and a divinely assigned destination."", ""turn"": 1, ""model"": ""terra"", ""connection_id"": ""BC-823e33e0876729dd7c40""}]"
WLC:Exod.3.12	medium	tevrat	soydas	Arabic ع ب د and Hebrew עבד	The commentary's ع ب د label and Hebrew עבד are cognate service terms; Exodus has Israel serve God on the mountain after deliverance, without importing the commentary's camel sense into Hebrew.	sec13	"[{""line"": 89, ""strength"": ""medium"", ""tradition"": ""tevrat"", ""kind"": ""soydas"", ""ref"": ""WLC:Exod.3.12"", ""basis"": ""Arabic ع ب د and Hebrew עבד"", ""note"": ""The commentary's ع ب د label and Hebrew עבד are cognate service terms; Exodus has Israel serve God on the mountain after deliverance, without importing the commentary's camel sense into Hebrew."", ""turn"": 1, ""model"": ""terra"", ""connection_id"": ""BC-a1269aa9ed5ead5ad9e7""}]"
WLC:Exod.34.24	strong	tevrat	paralel	pilgrimage protected from dispossession	God promises that no one will covet Israel's land while its males go up for the three pilgrimage festivals; travel to worship is placed under explicit protection.	sec13	"[{""line"": 127, ""strength"": ""strong"", ""tradition"": ""tevrat"", ""kind"": ""paralel"", ""ref"": ""WLC:Exod.34.24"", ""basis"": ""pilgrimage protected from dispossession"", ""note"": ""God promises that no one will covet Israel's land while its males go up for the three pilgrimage festivals; travel to worship is placed under explicit protection."", ""turn"": 2, ""model"": ""terra"", ""connection_id"": ""BC-3cba5a73435e4e6aff24""}]"
WLC:Exod.34.26	strong	tevrat	paralel	first fruits brought to God's house	The first of the land's produce must be brought into the house of YHWH, a compact Torah model for a gift physically conveyed to the sacred home.	sec13	"[{""line"": 128, ""strength"": ""strong"", ""tradition"": ""tevrat"", ""kind"": ""paralel"", ""ref"": ""WLC:Exod.34.26"", ""basis"": ""first fruits brought to God's house"", ""note"": ""The first of the land's produce must be brought into the house of YHWH, a compact Torah model for a gift physically conveyed to the sacred home."", ""turn"": 2, ""model"": ""terra"", ""connection_id"": ""BC-299e832fefc2ff814ecf""}]"
WLC:Ezek.16.8	strong	tevrat	motif|paralel	protection, oath, and marriage joined | marriage enacted by covenant	The commentary separately develops a refugee receiving protection and a bride joined to her husband; Ezekiel's allegory has YHWH cover Jerusalem, swear a covenant, and claim her as his wife. | God covers Jerusalem, swears an oath, enters covenant, and says she became his; the prophetic marriage image makes covenant the act that establishes belonging.	sec13	"[{""line"": 86, ""strength"": ""strong"", ""tradition"": ""tevrat"", ""kind"": ""motif"", ""ref"": ""WLC:Ezek.16.8"", ""basis"": ""protection, oath, and marriage joined"", ""note"": ""The commentary separately develops a refugee receiving protection and a bride joined to her husband; Ezekiel's allegory has YHWH cover Jerusalem, swear a covenant, and claim her as his wife."", ""turn"": 2, ""model"": ""luna"", ""connection_id"": ""BC-2a3826a1625f0e53d544""}, {""line"": 27, ""strength"": ""strong"", ""tradition"": ""tevrat"", ""kind"": ""paralel"", ""ref"": ""WLC:Ezek.16.8"", ""basis"": ""marriage enacted by covenant"", ""note"": ""God covers Jerusalem, swears an oath, enters covenant, and says she became his; the prophetic marriage image makes covenant the act that establishes belonging."", ""turn"": 1, ""model"": ""terra"", ""connection_id"": ""BC-57e0466dbb6b9648830d""}]"
WLC:Ezek.20.40	strong	tevrat	paralel	offerings on God's holy mountain	On God's holy mountain Israel will serve him and bring offerings, first fruits, and holy gifts; destination, service, and conveyed gift all appear in one verse.	sec13	"[{""line"": 149, ""strength"": ""strong"", ""tradition"": ""tevrat"", ""kind"": ""paralel"", ""ref"": ""WLC:Ezek.20.40"", ""basis"": ""offerings on God's holy mountain"", ""note"": ""On God's holy mountain Israel will serve him and bring offerings, first fruits, and holy gifts; destination, service, and conveyed gift all appear in one verse."", ""turn"": 2, ""model"": ""terra"", ""connection_id"": ""BC-1925b8ff9cfaa4a42b9f""}]"
WLC:Ezek.37.26	strong	tevrat	paralel	covenant of peace with sanctuary	God makes an everlasting covenant of peace, multiplies the people, and sets his sanctuary among them; covenant becomes enduring protected proximity.	sec13	"[{""line"": 150, ""strength"": ""strong"", ""tradition"": ""tevrat"", ""kind"": ""paralel"", ""ref"": ""WLC:Ezek.37.26"", ""basis"": ""covenant of peace with sanctuary"", ""note"": ""God makes an everlasting covenant of peace, multiplies the people, and sets his sanctuary among them; covenant becomes enduring protected proximity."", ""turn"": 2, ""model"": ""terra"", ""connection_id"": ""BC-02206851ec7fade5e868""}]"
WLC:Ezek.37.27	strong	tevrat	paralel	dwelling and mutual belonging	God's dwelling is with the people, and he is their God while they are his people; the final home is reciprocal belonging.	sec13	"[{""line"": 151, ""strength"": ""strong"", ""tradition"": ""tevrat"", ""kind"": ""paralel"", ""ref"": ""WLC:Ezek.37.27"", ""basis"": ""dwelling and mutual belonging"", ""note"": ""God's dwelling is with the people, and he is their God while they are his people; the final home is reciprocal belonging."", ""turn"": 2, ""model"": ""terra"", ""connection_id"": ""BC-99786a2073502af2875f""}]"
WLC:Ezek.47.22	strong	tevrat	paralel	alien receives tribal inheritance	Resident aliens who live among Israel and have children there receive inheritance among the tribes; protection reaches the level of a permanent home.	sec13	"[{""line"": 152, ""strength"": ""strong"", ""tradition"": ""tevrat"", ""kind"": ""paralel"", ""ref"": ""WLC:Ezek.47.22"", ""basis"": ""alien receives tribal inheritance"", ""note"": ""Resident aliens who live among Israel and have children there receive inheritance among the tribes; protection reaches the level of a permanent home."", ""turn"": 2, ""model"": ""terra"", ""connection_id"": ""BC-0e3ce8b6a00b8f499517""}]"
WLC:Ezra.8.21	strong	tevrat	paralel	right way for people and possessions	Ezra proclaims a fast to seek from God a right way for the returning people, their children, and their property, a concrete prayer for safeguarded travel.	sec13	"[{""line"": 144, ""strength"": ""strong"", ""tradition"": ""tevrat"", ""kind"": ""paralel"", ""ref"": ""WLC:Ezra.8.21"", ""basis"": ""right way for people and possessions"", ""note"": ""Ezra proclaims a fast to seek from God a right way for the returning people, their children, and their property, a concrete prayer for safeguarded travel."", ""turn"": 2, ""model"": ""terra"", ""connection_id"": ""BC-fb904b70d9414443301f""}]"
WLC:Ezra.8.31	strong	tevrat	paralel	divine hand protects the journey	God's hand delivers the returning caravan from enemy and ambush on the way, giving the safe-route element a historical narrative form.	sec13	"[{""line"": 145, ""strength"": ""strong"", ""tradition"": ""tevrat"", ""kind"": ""paralel"", ""ref"": ""WLC:Ezra.8.31"", ""basis"": ""divine hand protects the journey"", ""note"": ""God's hand delivers the returning caravan from enemy and ambush on the way, giving the safe-route element a historical narrative form."", ""turn"": 2, ""model"": ""terra"", ""connection_id"": ""BC-f874819712c4f18f726c""}]"
WLC:Ezra.8.33	strong	tevrat	paralel	treasure reaches God's house	The transported silver, gold, and vessels are weighed in the house of God at Jerusalem; a carried offering demonstrably reaches its sacred recipient.	sec13	"[{""line"": 146, ""strength"": ""strong"", ""tradition"": ""tevrat"", ""kind"": ""paralel"", ""ref"": ""WLC:Ezra.8.33"", ""basis"": ""treasure reaches God's house"", ""note"": ""The transported silver, gold, and vessels are weighed in the house of God at Jerusalem; a carried offering demonstrably reaches its sacred recipient."", ""turn"": 2, ""model"": ""terra"", ""connection_id"": ""BC-9afb796702efc2eab09e""}]"
WLC:Gen.1.14	medium	tevrat	motif	signs and appointed seasons	The lights serve for signs and appointed seasons; this is a specific biblical pairing for the commentary's marked season, though it is cosmic rather than pilgrimage law.	sec13	"[{""line"": 94, ""strength"": ""medium"", ""tradition"": ""tevrat"", ""kind"": ""motif"", ""ref"": ""WLC:Gen.1.14"", ""basis"": ""signs and appointed seasons"", ""note"": ""The lights serve for signs and appointed seasons; this is a specific biblical pairing for the commentary's marked season, though it is cosmic rather than pilgrimage law."", ""turn"": 1, ""model"": ""terra"", ""connection_id"": ""BC-44cdb020fc00569a6309""}]"
WLC:Gen.2.22	strong	tevrat	paralel	woman brought to man	God forms the woman and brings her to the man, a concise biblical scene of a bride being led to her husband.	sec13	"[{""line"": 23, ""strength"": ""strong"", ""tradition"": ""tevrat"", ""kind"": ""paralel"", ""ref"": ""WLC:Gen.2.22"", ""basis"": ""woman brought to man"", ""note"": ""God forms the woman and brings her to the man, a concise biblical scene of a bride being led to her husband."", ""turn"": 1, ""model"": ""terra"", ""connection_id"": ""BC-c25b17fe1f6334955d31""}]"
WLC:Gen.2.24	strong	tevrat	motif	leaving one household to join another	The commentary's bride is gathered to her husband; Genesis describes the marital bond as leaving father and mother and cleaving to one's wife.	sec13	"[{""line"": 16, ""strength"": ""strong"", ""tradition"": ""tevrat"", ""kind"": ""motif"", ""ref"": ""WLC:Gen.2.24"", ""basis"": ""leaving one household to join another"", ""note"": ""The commentary's bride is gathered to her husband; Genesis describes the marital bond as leaving father and mother and cleaving to one's wife."", ""turn"": 1, ""model"": ""luna"", ""connection_id"": ""BC-5b34262c67811d236619""}]"
WLC:Gen.22.13	strong	tevrat	motif|paralel	ram offered instead of a son | ram offered at destination	The commentary's hedy is an animal carried to a sacred destination; Abraham offers a ram as a burnt offering instead of Isaac, making the animal a substitute for a beloved child. | The ram caught at Moriah is offered in Isaac's place, giving the selected mountain an actual animal offering within the Akedah scene.	sec13	"[{""line"": 11, ""strength"": ""strong"", ""tradition"": ""tevrat"", ""kind"": ""motif"", ""ref"": ""WLC:Gen.22.13"", ""basis"": ""ram offered instead of a son"", ""note"": ""The commentary's hedy is an animal carried to a sacred destination; Abraham offers a ram as a burnt offering instead of Isaac, making the animal a substitute for a beloved child."", ""turn"": 1, ""model"": ""luna"", ""connection_id"": ""BC-094960fef3839dd5a33d""}, {""line"": 7, ""strength"": ""strong"", ""tradition"": ""tevrat"", ""kind"": ""paralel"", ""ref"": ""WLC:Gen.22.13"", ""basis"": ""ram offered at destination"", ""note"": ""The ram caught at Moriah is offered in Isaac's place, giving the selected mountain an actual animal offering within the Akedah scene."", ""turn"": 1, ""model"": ""terra"", ""connection_id"": ""BC-9ae8e023d34d6b0be378""}]"
WLC:Gen.22.2	strong	tevrat	paralel	sacrifice on shown mountain	Abraham is told to go to Moriah and offer on a mountain God will show him, a sacrifice directed toward a disclosed destination rather than offered anywhere.	sec13	"[{""line"": 6, ""strength"": ""strong"", ""tradition"": ""tevrat"", ""kind"": ""paralel"", ""ref"": ""WLC:Gen.22.2"", ""basis"": ""sacrifice on shown mountain"", ""note"": ""Abraham is told to go to Moriah and offer on a mountain God will show him, a sacrifice directed toward a disclosed destination rather than offered anywhere."", ""turn"": 1, ""model"": ""terra"", ""connection_id"": ""BC-df27dfb464754724ae2c""}]"
WLC:Gen.24.35	strong	tevrat	paralel	blessing expressed in herds and camels	Abraham's blessing is narrated as flocks, herds, wealth, servants, camels, and donkeys; it illuminates the commentary's association of received benefit with herd animals and the bridal camel journey.	sec13	"[{""line"": 162, ""strength"": ""strong"", ""tradition"": ""tevrat"", ""kind"": ""paralel"", ""ref"": ""WLC:Gen.24.35"", ""basis"": ""blessing expressed in herds and camels"", ""note"": ""Abraham's blessing is narrated as flocks, herds, wealth, servants, camels, and donkeys; it illuminates the commentary's association of received benefit with herd animals and the bridal camel journey."", ""turn"": 2, ""model"": ""terra"", ""connection_id"": ""BC-4dee7d0f24a152ff8244""}]"
WLC:Gen.24.53	strong	tevrat	paralel	bridal gifts	The servant gives Rebekah ornaments and gives precious things to her kin, a gift-bearing scene embedded in the transfer of a bride.	sec13	"[{""line"": 28, ""strength"": ""strong"", ""tradition"": ""tevrat"", ""kind"": ""paralel"", ""ref"": ""WLC:Gen.24.53"", ""basis"": ""bridal gifts"", ""note"": ""The servant gives Rebekah ornaments and gives precious things to her kin, a gift-bearing scene embedded in the transfer of a bride."", ""turn"": 1, ""model"": ""terra"", ""connection_id"": ""BC-ed5ec51c19b589821085""}]"
WLC:Gen.24.61	strong	tevrat	paralel	bride on camels	Rebekah and her attendants mount camels and follow Abraham's servant, beginning a bridal journey with the animal explicitly named in the commentary.	sec13	"[{""line"": 21, ""strength"": ""strong"", ""tradition"": ""tevrat"", ""kind"": ""paralel"", ""ref"": ""WLC:Gen.24.61"", ""basis"": ""bride on camels"", ""note"": ""Rebekah and her attendants mount camels and follow Abraham's servant, beginning a bridal journey with the animal explicitly named in the commentary."", ""turn"": 1, ""model"": ""terra"", ""connection_id"": ""BC-1d9b1e1457efb7bbd91e""}]"
WLC:Gen.24.67	strong	tevrat	motif|paralel	bride brought to the husband's tent | bride brought into husband's dwelling	The commentary describes the bride being taken to her husband's home; Isaac brings Rebekah into his mother's tent and takes her as his wife. | Isaac brings Rebekah into Sarah's tent and takes her as wife; the bridal journey ends in incorporation into the husband's household.	sec13	"[{""line"": 15, ""strength"": ""strong"", ""tradition"": ""tevrat"", ""kind"": ""motif"", ""ref"": ""WLC:Gen.24.67"", ""basis"": ""bride brought to the husband's tent"", ""note"": ""The commentary describes the bride being taken to her husband's home; Isaac brings Rebekah into his mother's tent and takes her as his wife."", ""turn"": 1, ""model"": ""luna"", ""connection_id"": ""BC-7a27b6c3f149e712730b""}, {""line"": 22, ""strength"": ""strong"", ""tradition"": ""tevrat"", ""kind"": ""paralel"", ""ref"": ""WLC:Gen.24.67"", ""basis"": ""bride brought into husband's dwelling"", ""note"": ""Isaac brings Rebekah into Sarah's tent and takes her as wife; the bridal journey ends in incorporation into the husband's household."", ""turn"": 1, ""model"": ""terra"", ""connection_id"": ""BC-28b1ca808e892fb81415""}]"
WLC:Gen.28.17	strong	tevrat	paralel	house of God and gate of heaven	Jacob calls Bethel the house of God and the gate of heaven; it gives the commentary's final home a threshold where earthly travel meets divine presence.	sec13	"[{""line"": 116, ""strength"": ""strong"", ""tradition"": ""tevrat"", ""kind"": ""paralel"", ""ref"": ""WLC:Gen.28.17"", ""basis"": ""house of God and gate of heaven"", ""note"": ""Jacob calls Bethel the house of God and the gate of heaven; it gives the commentary's final home a threshold where earthly travel meets divine presence."", ""turn"": 2, ""model"": ""terra"", ""connection_id"": ""BC-7f04e1debf41a96f3de8""}]"
WLC:Gen.28.20	strong	tevrat	paralel	guarded way	Jacob's vow asks God to be with him and guard him on the way he travels, a direct individual counterpart to a request for guidance with protection.	sec13	"[{""line"": 117, ""strength"": ""strong"", ""tradition"": ""tevrat"", ""kind"": ""paralel"", ""ref"": ""WLC:Gen.28.20"", ""basis"": ""guarded way"", ""note"": ""Jacob's vow asks God to be with him and guard him on the way he travels, a direct individual counterpart to a request for guidance with protection."", ""turn"": 2, ""model"": ""terra"", ""connection_id"": ""BC-8ee7ea7ea38e64d69beb""}]"
WLC:Gen.28.21	strong	tevrat	paralel|soydas	bayt and bayit: journey to a father's house | return in peace to father's house	The commentary glosses hidaya as showing the way and the house at its end; Jacob asks to return in peace to his father's bayit, the Hebrew cognate of Arabic bayt, after his journey. | Jacob seeks to return safely to his father's house; the goal of the guarded road is explicitly a home and restored belonging.	sec13	"[{""line"": 63, ""strength"": ""strong"", ""tradition"": ""tevrat"", ""kind"": ""soydas"", ""ref"": ""WLC:Gen.28.21"", ""basis"": ""bayt and bayit: journey to a father's house"", ""note"": ""The commentary glosses hidaya as showing the way and the house at its end; Jacob asks to return in peace to his father's bayit, the Hebrew cognate of Arabic bayt, after his journey."", ""turn"": 2, ""model"": ""luna"", ""connection_id"": ""BC-126a1df85726aeec15b0""}, {""line"": 118, ""strength"": ""strong"", ""tradition"": ""tevrat"", ""kind"": ""paralel"", ""ref"": ""WLC:Gen.28.21"", ""basis"": ""return in peace to father's house"", ""note"": ""Jacob seeks to return safely to his father's house; the goal of the guarded road is explicitly a home and restored belonging."", ""turn"": 2, ""model"": ""terra"", ""connection_id"": ""BC-8b0786228fc17edc602f""}]"
WLC:Gen.28.22	strong	tevrat	paralel|soydas	bayt and bayit: a sacred house | house and tithe	The commentary's route ends at the House; Jacob names the place where he slept Bet-El, God's house, using the Hebrew cognate of Arabic bayt for a sanctuary. | The Bethel stone is to become God's house, and Jacob vows a tithe from what God gives him; sacred dwelling and conveyed gift are conjoined.	sec13	"[{""line"": 64, ""strength"": ""strong"", ""tradition"": ""tevrat"", ""kind"": ""soydas"", ""ref"": ""WLC:Gen.28.22"", ""basis"": ""bayt and bayit: a sacred house"", ""note"": ""The commentary's route ends at the House; Jacob names the place where he slept Bet-El, God's house, using the Hebrew cognate of Arabic bayt for a sanctuary."", ""turn"": 2, ""model"": ""luna"", ""connection_id"": ""BC-5f5cd98ac9d2968d9cee""}, {""line"": 119, ""strength"": ""strong"", ""tradition"": ""tevrat"", ""kind"": ""paralel"", ""ref"": ""WLC:Gen.28.22"", ""basis"": ""house and tithe"", ""note"": ""The Bethel stone is to become God's house, and Jacob vows a tithe from what God gives him; sacred dwelling and conveyed gift are conjoined."", ""turn"": 2, ""model"": ""terra"", ""connection_id"": ""BC-aba6c4e931a45ee237a6""}]"
WLC:Gen.29.23	strong	tevrat	paralel	bride delivered to husband	Laban brings Leah to Jacob at night; the same transfer scene appears here within a deceptive marriage narrative, which keeps the relation from being idealized.	sec13	"[{""line"": 24, ""strength"": ""strong"", ""tradition"": ""tevrat"", ""kind"": ""paralel"", ""ref"": ""WLC:Gen.29.23"", ""basis"": ""bride delivered to husband"", ""note"": ""Laban brings Leah to Jacob at night; the same transfer scene appears here within a deceptive marriage narrative, which keeps the relation from being idealized."", ""turn"": 1, ""model"": ""terra"", ""connection_id"": ""BC-6e85efb3e11b5332233d""}]"
WLC:Gen.32.14	strong	tevrat	paralel	present prepared for estranged brother	Jacob selects a gift for Esau before their feared meeting, an actual gift sent ahead to repair a dangerous relationship.	sec13	"[{""line"": 163, ""strength"": ""strong"", ""tradition"": ""tevrat"", ""kind"": ""paralel"", ""ref"": ""WLC:Gen.32.14"", ""basis"": ""present prepared for estranged brother"", ""note"": ""Jacob selects a gift for Esau before their feared meeting, an actual gift sent ahead to repair a dangerous relationship."", ""turn"": 2, ""model"": ""terra"", ""connection_id"": ""BC-a6563a9422aeca5b52c6""}]"
WLC:Gen.33.11	strong	tevrat	motif	gift reconciles estranged brothers | gift named a blessing	The commentary says a gift sent to a rival may fail to reach its recipient; Jacob presses Esau to accept a gift after their estrangement, presenting it as a sign of God's favor and reconciliation. | Jacob asks Esau to accept his blessing, meaning the present sent ahead; a gift between estranged kin is thus expressed through blessing language.	sec13	"[{""line"": 87, ""strength"": ""strong"", ""tradition"": ""tevrat"", ""kind"": ""motif"", ""ref"": ""WLC:Gen.33.11"", ""basis"": ""gift reconciles estranged brothers"", ""note"": ""The commentary says a gift sent to a rival may fail to reach its recipient; Jacob presses Esau to accept a gift after their estrangement, presenting it as a sign of God's favor and reconciliation."", ""turn"": 2, ""model"": ""luna"", ""connection_id"": ""BC-6bb47396dcb052e744bb""}, {""line"": 102, ""strength"": ""medium"", ""tradition"": ""tevrat"", ""kind"": ""motif"", ""ref"": ""WLC:Gen.33.11"", ""basis"": ""gift named a blessing"", ""note"": ""Jacob asks Esau to accept his blessing, meaning the present sent ahead; a gift between estranged kin is thus expressed through blessing language."", ""turn"": 1, ""model"": ""terra"", ""connection_id"": ""BC-4ac01ef5990818058662""}]"
WLC:Gen.35.1	strong	tevrat	paralel	go to Bethel, dwell, and build altar	God tells Jacob to arise, go to Bethel, dwell there, and make an altar; route, settlement, and sacrificial worship are inseparable instructions.	sec13	"[{""line"": 120, ""strength"": ""strong"", ""tradition"": ""tevrat"", ""kind"": ""paralel"", ""ref"": ""WLC:Gen.35.1"", ""basis"": ""go to Bethel, dwell, and build altar"", ""note"": ""God tells Jacob to arise, go to Bethel, dwell there, and make an altar; route, settlement, and sacrificial worship are inseparable instructions."", ""turn"": 2, ""model"": ""terra"", ""connection_id"": ""BC-e1b27a2e08286b0df07f""}]"
WLC:Gen.35.3	strong	tevrat	paralel	God present on the way	Jacob says God answered him in distress and was with him on the way, then calls his household to go build an altar at Bethel.	sec13	"[{""line"": 121, ""strength"": ""strong"", ""tradition"": ""tevrat"", ""kind"": ""paralel"", ""ref"": ""WLC:Gen.35.3"", ""basis"": ""God present on the way"", ""note"": ""Jacob says God answered him in distress and was with him on the way, then calls his household to go build an altar at Bethel."", ""turn"": 2, ""model"": ""terra"", ""connection_id"": ""BC-3029714641611e454d71""}]"
WLC:Gen.35.7	strong	tevrat	paralel	altar at House of God	Jacob builds an altar at Bethel and names the place El-Bethel, making arrival at God's house culminate in sacrificial action.	sec13	"[{""line"": 122, ""strength"": ""strong"", ""tradition"": ""tevrat"", ""kind"": ""paralel"", ""ref"": ""WLC:Gen.35.7"", ""basis"": ""altar at House of God"", ""note"": ""Jacob builds an altar at Bethel and names the place El-Bethel, making arrival at God's house culminate in sacrificial action."", ""turn"": 2, ""model"": ""terra"", ""connection_id"": ""BC-b259959d6077a2c3881c""}]"
WLC:Gen.4.15	strong	tevrat	motif	protective sign on a vulnerable person	God puts a sign on Cain so that no one who finds him will kill him; it is a marked person's inviolability, though not an asylum treaty.	sec13	"[{""line"": 48, ""strength"": ""strong"", ""tradition"": ""tevrat"", ""kind"": ""motif"", ""ref"": ""WLC:Gen.4.15"", ""basis"": ""protective sign on a vulnerable person"", ""note"": ""God puts a sign on Cain so that no one who finds him will kill him; it is a marked person's inviolability, though not an asylum treaty."", ""turn"": 1, ""model"": ""terra"", ""connection_id"": ""BC-878a92442542852d27ae""}]"
WLC:Gen.4.4	strong	tevrat	paralel	firstborn flock gift accepted	Abel brings firstborn animals from his flock and their fat portions, and YHWH regards him and his offering; animal gift and acceptance are explicit.	sec13	"[{""line"": 154, ""strength"": ""strong"", ""tradition"": ""tevrat"", ""kind"": ""paralel"", ""ref"": ""WLC:Gen.4.4"", ""basis"": ""firstborn flock gift accepted"", ""note"": ""Abel brings firstborn animals from his flock and their fat portions, and YHWH regards him and his offering; animal gift and acceptance are explicit."", ""turn"": 2, ""model"": ""terra"", ""connection_id"": ""BC-1a96a2ed2149912b3ebb""}]"
WLC:Gen.4.5	strong	tevrat	karsi_anlati	offering not regarded	Cain's offering is not regarded, providing another scriptural instance in which the relation between giver and recipient, rather than conveyance alone, determines an offering's reception.	sec13	"[{""line"": 155, ""strength"": ""strong"", ""tradition"": ""tevrat"", ""kind"": ""karsi_anlati"", ""ref"": ""WLC:Gen.4.5"", ""basis"": ""offering not regarded"", ""note"": ""Cain's offering is not regarded, providing another scriptural instance in which the relation between giver and recipient, rather than conveyance alone, determines an offering's reception."", ""turn"": 2, ""model"": ""terra"", ""connection_id"": ""BC-562ed915365dfa2b5a1b""}]"
WLC:Gen.43.11	strong	tevrat	paralel	gifts carried to a powerful unknown recipient	Jacob sends his sons with choice products as a present to the Egyptian ruler, a carried gift aimed at a recipient whose disposition is uncertain.	sec13	"[{""line"": 164, ""strength"": ""strong"", ""tradition"": ""tevrat"", ""kind"": ""paralel"", ""ref"": ""WLC:Gen.43.11"", ""basis"": ""gifts carried to a powerful unknown recipient"", ""note"": ""Jacob sends his sons with choice products as a present to the Egyptian ruler, a carried gift aimed at a recipient whose disposition is uncertain."", ""turn"": 2, ""model"": ""terra"", ""connection_id"": ""BC-94d1cd1770dcb2e78499""}]"
WLC:Isa.16.3	strong	tevrat	motif|paralel	fugitives ask for shelter | shelter for outcasts	The commentary describes a person arriving among a group and seeking protection; Isaiah calls for Moab to hide outcasts and not betray fugitives. | The appeal asks Judah to provide shade like night and hide the outcasts, a vivid shelter image for endangered arrivals.	sec13	"[{""line"": 79, ""strength"": ""strong"", ""tradition"": ""tevrat"", ""kind"": ""motif"", ""ref"": ""WLC:Isa.16.3"", ""basis"": ""fugitives ask for shelter"", ""note"": ""The commentary describes a person arriving among a group and seeking protection; Isaiah calls for Moab to hide outcasts and not betray fugitives."", ""turn"": 2, ""model"": ""luna"", ""connection_id"": ""BC-665a9a71820fdf18012f""}, {""line"": 42, ""strength"": ""strong"", ""tradition"": ""tevrat"", ""kind"": ""paralel"", ""ref"": ""WLC:Isa.16.3"", ""basis"": ""shelter for outcasts"", ""note"": ""The appeal asks Judah to provide shade like night and hide the outcasts, a vivid shelter image for endangered arrivals."", ""turn"": 1, ""model"": ""terra"", ""connection_id"": ""BC-32a8e84cbd1c3da0c419""}]"
WLC:Isa.16.4	strong	tevrat	motif|paralel	the refugee lives in a hiding place | Moabite outcasts may sojourn	The commentary's petitioner is protected by the community he approaches; Isaiah asks Moab to let Judah's outcasts dwell there as shelter from the destroyer. | The speaker asks that Moab's outcasts live with Judah and that Judah be a shelter from the destroyer, closely matching asylum in another community.	sec13	"[{""line"": 80, ""strength"": ""strong"", ""tradition"": ""tevrat"", ""kind"": ""motif"", ""ref"": ""WLC:Isa.16.4"", ""basis"": ""the refugee lives in a hiding place"", ""note"": ""The commentary's petitioner is protected by the community he approaches; Isaiah asks Moab to let Judah's outcasts dwell there as shelter from the destroyer."", ""turn"": 2, ""model"": ""luna"", ""connection_id"": ""BC-e85084d477492f822258""}, {""line"": 43, ""strength"": ""strong"", ""tradition"": ""tevrat"", ""kind"": ""paralel"", ""ref"": ""WLC:Isa.16.4"", ""basis"": ""Moabite outcasts may sojourn"", ""note"": ""The speaker asks that Moab's outcasts live with Judah and that Judah be a shelter from the destroyer, closely matching asylum in another community."", ""turn"": 1, ""model"": ""terra"", ""connection_id"": ""BC-9ddf7c66d359ac6708c1""}]"
WLC:Isa.18.7	strong	tevrat	paralel	tribute carried to Name-place	A gift or tribute is brought to the place of the name of YHWH on Zion, giving a biblical destination for a carried offering.	sec13	"[{""line"": 16, ""strength"": ""strong"", ""tradition"": ""tevrat"", ""kind"": ""paralel"", ""ref"": ""WLC:Isa.18.7"", ""basis"": ""tribute carried to Name-place"", ""note"": ""A gift or tribute is brought to the place of the name of YHWH on Zion, giving a biblical destination for a carried offering."", ""turn"": 1, ""model"": ""terra"", ""connection_id"": ""BC-37e074e2a8ccce5d9b9e""}]"
WLC:Isa.2.3	strong	tevrat	motif|paralel|soydas	nations walk to God's mountain | House, ways, and paths | Arabic Bayt and Hebrew bêt	The commentary pictures guidance whose path ends at a sacred home; Isaiah has peoples go up to YHWH's mountain to learn his ways and walk in his paths. | Nations go up to the house of Jacob's God so that he may teach them his ways and they may walk his paths; house and guided way are one scene. | The commentary's explicit Beyt or house image corresponds formally to Hebrew bêt in 'house of the God of Jacob'; the verse's actual context supplies ascent and taught paths, not a lexical claim alone.	sec13	"[{""line"": 36, ""strength"": ""strong"", ""tradition"": ""tevrat"", ""kind"": ""motif"", ""ref"": ""WLC:Isa.2.3"", ""basis"": ""nations walk to God's mountain"", ""note"": ""The commentary pictures guidance whose path ends at a sacred home; Isaiah has peoples go up to YHWH's mountain to learn his ways and walk in his paths."", ""turn"": 1, ""model"": ""luna"", ""connection_id"": ""BC-79ec383b80241c794a9f""}, {""line"": 5, ""strength"": ""strong"", ""tradition"": ""tevrat"", ""kind"": ""paralel"", ""ref"": ""WLC:Isa.2.3"", ""basis"": ""House, ways, and paths"", ""note"": ""Nations go up to the house of Jacob's God so that he may teach them his ways and they may walk his paths; house and guided way are one scene."", ""turn"": 1, ""model"": ""terra"", ""connection_id"": ""BC-8b1cdac29b7261a7fa81""}, {""line"": 91, ""strength"": ""medium"", ""tradition"": ""tevrat"", ""kind"": ""soydas"", ""ref"": ""WLC:Isa.2.3"", ""basis"": ""Arabic Bayt and Hebrew bêt"", ""note"": ""The commentary's explicit Beyt or house image corresponds formally to Hebrew bêt in 'house of the God of Jacob'; the verse's actual context supplies ascent and taught paths, not a lexical claim alone."", ""turn"": 1, ""model"": ""terra"", ""connection_id"": ""BC-4e46de1274cd9bb28d74""}]"
WLC:Isa.40.3	medium	tevrat	karsi_anlati	the Lord's road is prepared	The commentary's worshippers ask God to guide them along a straight path; Isaiah instead commands a wilderness voice to prepare a straight highway for YHWH's own coming.	sec13	"[{""line"": 37, ""strength"": ""medium"", ""tradition"": ""tevrat"", ""kind"": ""karsi_anlati"", ""ref"": ""WLC:Isa.40.3"", ""basis"": ""the Lord's road is prepared"", ""note"": ""The commentary's worshippers ask God to guide them along a straight path; Isaiah instead commands a wilderness voice to prepare a straight highway for YHWH's own coming."", ""turn"": 1, ""model"": ""luna"", ""connection_id"": ""BC-4e074503672819c7cab2""}]"
WLC:Isa.56.7	strong	tevrat	paralel	foreigner, house, accepted sacrifice	God brings foreign adherents to his holy mountain; their offerings are accepted on his altar in a house of prayer, bringing outsider reception and sacrifice together.	sec13	"[{""line"": 13, ""strength"": ""strong"", ""tradition"": ""tevrat"", ""kind"": ""paralel"", ""ref"": ""WLC:Isa.56.7"", ""basis"": ""foreigner, house, accepted sacrifice"", ""note"": ""God brings foreign adherents to his holy mountain; their offerings are accepted on his altar in a house of prayer, bringing outsider reception and sacrifice together."", ""turn"": 1, ""model"": ""terra"", ""connection_id"": ""BC-cee4a015cd5b3e8bc7dc""}]"
WLC:Isa.58.7	strong	tevrat	paralel	homeless poor brought into one's house	Isaiah defines righteous care in part as bringing the homeless poor into one's house, an exact home-making act for a vulnerable outsider.	sec13	"[{""line"": 148, ""strength"": ""strong"", ""tradition"": ""tevrat"", ""kind"": ""paralel"", ""ref"": ""WLC:Isa.58.7"", ""basis"": ""homeless poor brought into one's house"", ""note"": ""Isaiah defines righteous care in part as bringing the homeless poor into one's house, an exact home-making act for a vulnerable outsider."", ""turn"": 2, ""model"": ""terra"", ""connection_id"": ""BC-637294b1cc17de43d252""}]"
WLC:Isa.60.6	strong	tevrat	paralel	camel caravan with gifts	Camels carry gold and frankincense to Zion while proclaiming YHWH's praise, a caravan image that joins the commentary's camels, carried gift, and exalted name.	sec13	"[{""line"": 14, ""strength"": ""strong"", ""tradition"": ""tevrat"", ""kind"": ""paralel"", ""ref"": ""WLC:Isa.60.6"", ""basis"": ""camel caravan with gifts"", ""note"": ""Camels carry gold and frankincense to Zion while proclaiming YHWH's praise, a caravan image that joins the commentary's camels, carried gift, and exalted name."", ""turn"": 1, ""model"": ""terra"", ""connection_id"": ""BC-6c5c03a746ba8af73d46""}]"
WLC:Isa.60.7	strong	tevrat	paralel	flocks on altar and glorified house	Flocks are accepted on God's altar and he glorifies his house; this makes herd animals reach the sanctuary for worship.	sec13	"[{""line"": 15, ""strength"": ""strong"", ""tradition"": ""tevrat"", ""kind"": ""paralel"", ""ref"": ""WLC:Isa.60.7"", ""basis"": ""flocks on altar and glorified house"", ""note"": ""Flocks are accepted on God's altar and he glorifies his house; this makes herd animals reach the sanctuary for worship."", ""turn"": 1, ""model"": ""terra"", ""connection_id"": ""BC-b3162034e193000a2102""}]"
WLC:Jer.31.9	medium	tevrat	paralel	straight path for returning people	God leads the returning people by streams on a straight path where they will not stumble; it gives a prophetic form of safe guidance, though the verse names no house.	sec13	"[{""line"": 97, ""strength"": ""medium"", ""tradition"": ""tevrat"", ""kind"": ""paralel"", ""ref"": ""WLC:Jer.31.9"", ""basis"": ""straight path for returning people"", ""note"": ""God leads the returning people by streams on a straight path where they will not stumble; it gives a prophetic form of safe guidance, though the verse names no house."", ""turn"": 1, ""model"": ""terra"", ""connection_id"": ""BC-db978a0462aad726eb26""}]"
WLC:Jer.42.3	medium	tevrat	motif	displaced people ask for a way	The commentary reads ihdinā as asking for a route that reaches safety; Judah's remnant asks Jeremiah to seek God's direction about the way they should go after Jerusalem's fall.	sec13	"[{""line"": 83, ""strength"": ""medium"", ""tradition"": ""tevrat"", ""kind"": ""motif"", ""ref"": ""WLC:Jer.42.3"", ""basis"": ""displaced people ask for a way"", ""note"": ""The commentary reads ihdinā as asking for a route that reaches safety; Judah's remnant asks Jeremiah to seek God's direction about the way they should go after Jerusalem's fall."", ""turn"": 2, ""model"": ""luna"", ""connection_id"": ""BC-df8dd21729630f0a7b86""}]"
WLC:Job.31.32	strong	tevrat	paralel	doors opened to the traveler	Job says no stranger had to lodge in the street because he opened his doors to the traveler, a domestic counterpart to sheltering the one who arrives.	sec13	"[{""line"": 147, ""strength"": ""strong"", ""tradition"": ""tevrat"", ""kind"": ""paralel"", ""ref"": ""WLC:Job.31.32"", ""basis"": ""doors opened to the traveler"", ""note"": ""Job says no stranger had to lodge in the street because he opened his doors to the traveler, a domestic counterpart to sheltering the one who arrives."", ""turn"": 2, ""model"": ""terra"", ""connection_id"": ""BC-80c48a30a3c4d152daa9""}]"
WLC:Josh.2.12	strong	tevrat	motif	oath requested for household protection	The commentary's refugee asks a group for protection or a pledge; Rahab asks the Israelite spies to swear that they will spare her family because she has shown them loyalty.	sec13	"[{""line"": 26, ""strength"": ""strong"", ""tradition"": ""tevrat"", ""kind"": ""motif"", ""ref"": ""WLC:Josh.2.12"", ""basis"": ""oath requested for household protection"", ""note"": ""The commentary's refugee asks a group for protection or a pledge; Rahab asks the Israelite spies to swear that they will spare her family because she has shown them loyalty."", ""turn"": 1, ""model"": ""luna"", ""connection_id"": ""BC-62d85d771217dd0a8c5f""}]"
WLC:Josh.2.14	strong	tevrat	motif	oath given to an outsider	The commentary links refuge with a protective covenant; the spies swear to preserve Rahab's life if she keeps their mission secret.	sec13	"[{""line"": 27, ""strength"": ""strong"", ""tradition"": ""tevrat"", ""kind"": ""motif"", ""ref"": ""WLC:Josh.2.14"", ""basis"": ""oath given to an outsider"", ""note"": ""The commentary links refuge with a protective covenant; the spies swear to preserve Rahab's life if she keeps their mission secret."", ""turn"": 1, ""model"": ""luna"", ""connection_id"": ""BC-d1fffe117425215eb62d""}]"
WLC:Josh.20.4	strong	tevrat	paralel	admission and a place to dwell	A fugitive reaches the city gate, states his case to elders, is admitted, and receives a place to live among them; this is especially close to the commentary's seeker of protection.	sec13	"[{""line"": 39, ""strength"": ""strong"", ""tradition"": ""tevrat"", ""kind"": ""paralel"", ""ref"": ""WLC:Josh.20.4"", ""basis"": ""admission and a place to dwell"", ""note"": ""A fugitive reaches the city gate, states his case to elders, is admitted, and receives a place to live among them; this is especially close to the commentary's seeker of protection."", ""turn"": 1, ""model"": ""terra"", ""connection_id"": ""BC-d998e587df4bdd08c4ff""}]"
WLC:Josh.24.15	medium	tevrat	soydas	household service in עבד	Joshua's 'my house will serve YHWH' uses Hebrew עבד, cognate with the commentary's عبادت family, and locates worshipful service within a household declaration.	sec13	"[{""line"": 90, ""strength"": ""medium"", ""tradition"": ""tevrat"", ""kind"": ""soydas"", ""ref"": ""WLC:Josh.24.15"", ""basis"": ""household service in עבד"", ""note"": ""Joshua's 'my house will serve YHWH' uses Hebrew עבד, cognate with the commentary's عبادت family, and locates worshipful service within a household declaration."", ""turn"": 1, ""model"": ""terra"", ""connection_id"": ""BC-f03446a35746b7e5121c""}]"
WLC:Josh.6.25	strong	tevrat	paralel	Rahab received into Israel	Rahab and her family are spared and she dwells in Israel because of the oath-bound protection she gave the spies; asylum, covenant, and communal incorporation coincide.	sec13	"[{""line"": 138, ""strength"": ""strong"", ""tradition"": ""tevrat"", ""kind"": ""paralel"", ""ref"": ""WLC:Josh.6.25"", ""basis"": ""Rahab received into Israel"", ""note"": ""Rahab and her family are spared and she dwells in Israel because of the oath-bound protection she gave the spies; asylum, covenant, and communal incorporation coincide."", ""turn"": 2, ""model"": ""terra"", ""connection_id"": ""BC-7a5c71c1553766f35dbc""}]"
WLC:Josh.9.15	strong	tevrat	motif|paralel	covenant preserves the outsiders | peace covenant protects newcomers	The commentary links an asylum-seeker with a pledge from the group; Joshua makes peace and a covenant with Gibeon, letting its people live. | Joshua makes peace with the Gibeonites, makes a covenant, and leaders swear to them; a community's word creates their protected status.	sec13	"[{""line"": 81, ""strength"": ""strong"", ""tradition"": ""tevrat"", ""kind"": ""motif"", ""ref"": ""WLC:Josh.9.15"", ""basis"": ""covenant preserves the outsiders"", ""note"": ""The commentary links an asylum-seeker with a pledge from the group; Joshua makes peace and a covenant with Gibeon, letting its people live."", ""turn"": 2, ""model"": ""luna"", ""connection_id"": ""BC-4434b59c2ce64a3b9b3c""}, {""line"": 46, ""strength"": ""strong"", ""tradition"": ""tevrat"", ""kind"": ""paralel"", ""ref"": ""WLC:Josh.9.15"", ""basis"": ""peace covenant protects newcomers"", ""note"": ""Joshua makes peace with the Gibeonites, makes a covenant, and leaders swear to them; a community's word creates their protected status."", ""turn"": 1, ""model"": ""terra"", ""connection_id"": ""BC-ff808a83f679a5ee48a0""}]"
WLC:Josh.9.18	strong	tevrat	motif	an oath prevents violence	The commentary says the protected petitioner becomes inviolable; Israel does not strike the Gibeonites because its leaders swore an oath to them.	sec13	"[{""line"": 82, ""strength"": ""strong"", ""tradition"": ""tevrat"", ""kind"": ""motif"", ""ref"": ""WLC:Josh.9.18"", ""basis"": ""an oath prevents violence"", ""note"": ""The commentary says the protected petitioner becomes inviolable; Israel does not strike the Gibeonites because its leaders swore an oath to them."", ""turn"": 2, ""model"": ""luna"", ""connection_id"": ""BC-33a7f67cd5a5824bbd66""}]"
WLC:Josh.9.19	strong	tevrat	paralel	oath restrains violence	The leaders say the sworn oath prevents the congregation from striking the Gibeonites, showing the protective force of a covenantal promise.	sec13	"[{""line"": 47, ""strength"": ""strong"", ""tradition"": ""tevrat"", ""kind"": ""paralel"", ""ref"": ""WLC:Josh.9.19"", ""basis"": ""oath restrains violence"", ""note"": ""The leaders say the sworn oath prevents the congregation from striking the Gibeonites, showing the protective force of a covenantal promise."", ""turn"": 1, ""model"": ""terra"", ""connection_id"": ""BC-d758d2455c68e7eacd5c""}]"
WLC:Lev.1.2	strong	tevrat	motif|soydas	q-r-b: qurbah and qorban | herd or flock animal brought to YHWH	The commentary explicitly says the hedy is brought as qurbah, nearness to God; Leviticus uses Hebrew qorban for an offering from herd or flock brought to YHWH, a cognate word family in a concrete sacrificial setting. | The commentary describes the hedy as an animal taken from a herd to the Haram; Leviticus likewise tells the worshipper to bring an offering from herd or flock to YHWH, while its cultic destination is the tent.	sec13	"[{""line"": 62, ""strength"": ""strong"", ""tradition"": ""tevrat"", ""kind"": ""soydas"", ""ref"": ""WLC:Lev.1.2"", ""basis"": ""q-r-b: qurbah and qorban"", ""note"": ""The commentary explicitly says the hedy is brought as qurbah, nearness to God; Leviticus uses Hebrew qorban for an offering from herd or flock brought to YHWH, a cognate word family in a concrete sacrificial setting."", ""turn"": 2, ""model"": ""luna"", ""connection_id"": ""BC-4f8579f3560d3e189779""}, {""line"": 66, ""strength"": ""strong"", ""tradition"": ""tevrat"", ""kind"": ""motif"", ""ref"": ""WLC:Lev.1.2"", ""basis"": ""herd or flock animal brought to YHWH"", ""note"": ""The commentary describes the hedy as an animal taken from a herd to the Haram; Leviticus likewise tells the worshipper to bring an offering from herd or flock to YHWH, while its cultic destination is the tent."", ""turn"": 2, ""model"": ""luna"", ""connection_id"": ""BC-7cee96edc1bee9dd3290""}]"
WLC:Lev.1.3	strong	tevrat	motif|paralel	herd animal brought to the entrance | herd offering at Tent entrance	The commentary's hedy is taken from a herd to a sacred destination; Leviticus prescribes a male animal without blemish brought to the tent entrance as a voluntary burnt offering. | A voluntary herd burnt offering is brought to the entrance of the Tent of Meeting for acceptance before YHWH, giving a more formal sacrificial arrival scene.	sec13	"[{""line"": 67, ""strength"": ""strong"", ""tradition"": ""tevrat"", ""kind"": ""motif"", ""ref"": ""WLC:Lev.1.3"", ""basis"": ""herd animal brought to the entrance"", ""note"": ""The commentary's hedy is taken from a herd to a sacred destination; Leviticus prescribes a male animal without blemish brought to the tent entrance as a voluntary burnt offering."", ""turn"": 2, ""model"": ""luna"", ""connection_id"": ""BC-f35ea5358e090b11dbd4""}, {""line"": 129, ""strength"": ""strong"", ""tradition"": ""tevrat"", ""kind"": ""paralel"", ""ref"": ""WLC:Lev.1.3"", ""basis"": ""herd offering at Tent entrance"", ""note"": ""A voluntary herd burnt offering is brought to the entrance of the Tent of Meeting for acceptance before YHWH, giving a more formal sacrificial arrival scene."", ""turn"": 2, ""model"": ""terra"", ""connection_id"": ""BC-682a07055001b799efc6""}]"
WLC:Lev.1.4	strong	tevrat	motif	acceptance through the offered animal	The commentary calls the hedy an offering for nearness to God; Leviticus says the offerer lays a hand on the animal's head so it may be accepted to make atonement.	sec13	"[{""line"": 68, ""strength"": ""strong"", ""tradition"": ""tevrat"", ""kind"": ""motif"", ""ref"": ""WLC:Lev.1.4"", ""basis"": ""acceptance through the offered animal"", ""note"": ""The commentary calls the hedy an offering for nearness to God; Leviticus says the offerer lays a hand on the animal's head so it may be accepted to make atonement."", ""turn"": 2, ""model"": ""luna"", ""connection_id"": ""BC-e2b1f4d3d8e878948362""}]"
WLC:Lev.17.4	strong	tevrat	paralel	livestock brought to Tent	An ox, lamb, or goat slaughtered for sacrifice must be brought to the entrance of the Tent of Meeting before YHWH; the animal's holy use depends on reaching the appointed place.	sec13	"[{""line"": 10, ""strength"": ""strong"", ""tradition"": ""tevrat"", ""kind"": ""paralel"", ""ref"": ""WLC:Lev.17.4"", ""basis"": ""livestock brought to Tent"", ""note"": ""An ox, lamb, or goat slaughtered for sacrifice must be brought to the entrance of the Tent of Meeting before YHWH; the animal's holy use depends on reaching the appointed place."", ""turn"": 1, ""model"": ""terra"", ""connection_id"": ""BC-02a0d757cbcec80a30ab""}]"
WLC:Lev.17.5	strong	tevrat	motif	livestock brought to tent entrance	The commentary describes an animal carried to the Haram for offering; Leviticus requires Israelites to bring oxen, lambs, or goats to the tent entrance as offerings to YHWH.	sec13	"[{""line"": 4, ""strength"": ""strong"", ""tradition"": ""tevrat"", ""kind"": ""motif"", ""ref"": ""WLC:Lev.17.5"", ""basis"": ""livestock brought to tent entrance"", ""note"": ""The commentary describes an animal carried to the Haram for offering; Leviticus requires Israelites to bring oxen, lambs, or goats to the tent entrance as offerings to YHWH."", ""turn"": 1, ""model"": ""luna"", ""connection_id"": ""BC-76b5e0d29af3ee6f4db9""}]"
WLC:Lev.23.2	strong	tevrat	motif	appointed seasons and assemblies	The mo'adim are YHWH's appointed times and holy convocations, a calendrical gathering marked out in a way comparable to the commentary's season-sign.	sec13	"[{""line"": 35, ""strength"": ""strong"", ""tradition"": ""tevrat"", ""kind"": ""motif"", ""ref"": ""WLC:Lev.23.2"", ""basis"": ""appointed seasons and assemblies"", ""note"": ""The mo'adim are YHWH's appointed times and holy convocations, a calendrical gathering marked out in a way comparable to the commentary's season-sign."", ""turn"": 1, ""model"": ""terra"", ""connection_id"": ""BC-17939d45aa6474fa29ab""}]"
WLC:Lev.27.28	medium	tevrat	soydas	ḥ-r-m: consecrated or forbidden	The commentary says a protected petitioner has hurma like the House's hedy; Hebrew ḥerem here is irrevocably devoted to YHWH and unavailable for ordinary sale, a cognate with a related consecration sense rather than the same sanctuary meaning.	sec13	"[{""line"": 65, ""strength"": ""medium"", ""tradition"": ""tevrat"", ""kind"": ""soydas"", ""ref"": ""WLC:Lev.27.28"", ""basis"": ""ḥ-r-m: consecrated or forbidden"", ""note"": ""The commentary says a protected petitioner has hurma like the House's hedy; Hebrew ḥerem here is irrevocably devoted to YHWH and unavailable for ordinary sale, a cognate with a related consecration sense rather than the same sanctuary meaning."", ""turn"": 2, ""model"": ""luna"", ""connection_id"": ""BC-6264b87c4a0c85346f7a""}]"
WLC:Mal.1.10	strong	tevrat	karsi_anlati	rejected cultic gift	God says he will not accept an offering from the speakers' hand; it supplies a different reason for an offered gift to fail to reach its intended acceptance.	sec13	"[{""line"": 32, ""strength"": ""strong"", ""tradition"": ""tevrat"", ""kind"": ""karsi_anlati"", ""ref"": ""WLC:Mal.1.10"", ""basis"": ""rejected cultic gift"", ""note"": ""God says he will not accept an offering from the speakers' hand; it supplies a different reason for an offered gift to fail to reach its intended acceptance."", ""turn"": 1, ""model"": ""terra"", ""connection_id"": ""BC-3d20e8e5098bf2f42e28""}]"
WLC:Mal.1.11	strong	tevrat	motif|paralel	name, incense, and pure offering | pure offering to the Name	The commentary brings the hedy offering together with God's name and the worlds; Malachi pictures nations from sunrise to sunset offering incense and a pure gift to YHWH's name. | The prophetic vision of incense and a pure offering for YHWH's great name gives the name-and-offering conjunction developed in the commentary.	sec13	"[{""line"": 10, ""strength"": ""strong"", ""tradition"": ""tevrat"", ""kind"": ""motif"", ""ref"": ""WLC:Mal.1.11"", ""basis"": ""name, incense, and pure offering"", ""note"": ""The commentary brings the hedy offering together with God's name and the worlds; Malachi pictures nations from sunrise to sunset offering incense and a pure gift to YHWH's name."", ""turn"": 1, ""model"": ""luna"", ""connection_id"": ""BC-8fad15a15571c789456d""}, {""line"": 19, ""strength"": ""strong"", ""tradition"": ""tevrat"", ""kind"": ""paralel"", ""ref"": ""WLC:Mal.1.11"", ""basis"": ""pure offering to the Name"", ""note"": ""The prophetic vision of incense and a pure offering for YHWH's great name gives the name-and-offering conjunction developed in the commentary."", ""turn"": 1, ""model"": ""terra"", ""connection_id"": ""BC-2b03f7c0ebe9a4b1901a""}]"
WLC:Mal.1.14	strong	tevrat	paralel	male from flock and great Name	Malachi contrasts a vowed male animal withheld from sacrifice with YHWH's great name among nations, directly coupling flock, offering, and name.	sec13	"[{""line"": 17, ""strength"": ""strong"", ""tradition"": ""tevrat"", ""kind"": ""paralel"", ""ref"": ""WLC:Mal.1.14"", ""basis"": ""male from flock and great Name"", ""note"": ""Malachi contrasts a vowed male animal withheld from sacrifice with YHWH's great name among nations, directly coupling flock, offering, and name."", ""turn"": 1, ""model"": ""terra"", ""connection_id"": ""BC-f3840de7abbe487dcd83""}]"
WLC:Mal.2.14	strong	tevrat	paralel	wife of covenant	Malachi calls the wife a partner and wife of covenant, giving a concise biblical equation of marriage with a binding protective relationship.	sec13	"[{""line"": 161, ""strength"": ""strong"", ""tradition"": ""tevrat"", ""kind"": ""paralel"", ""ref"": ""WLC:Mal.2.14"", ""basis"": ""wife of covenant"", ""note"": ""Malachi calls the wife a partner and wife of covenant, giving a concise biblical equation of marriage with a binding protective relationship."", ""turn"": 2, ""model"": ""terra"", ""connection_id"": ""BC-302826a38fe59341e451""}]"
WLC:Num.10.33	medium	tevrat	paralel	ark seeks a resting place	The ark goes before Israel to seek out a resting place, a covenantal guide moving the people toward a place where they may settle.	sec13	"[{""line"": 96, ""strength"": ""medium"", ""tradition"": ""tevrat"", ""kind"": ""paralel"", ""ref"": ""WLC:Num.10.33"", ""basis"": ""ark seeks a resting place"", ""note"": ""The ark goes before Israel to seek out a resting place, a covenantal guide moving the people toward a place where they may settle."", ""turn"": 1, ""model"": ""terra"", ""connection_id"": ""BC-302d4eceadff437223fb""}]"
WLC:Num.2.2	medium	tevrat	motif	banners, signs, and ancestral houses	Israel camps by standards and signs of ancestral houses around the Tent; marked communal gathering around a dwelling gives a concrete analogue to the season-as-sign image.	sec13	"[{""line"": 95, ""strength"": ""medium"", ""tradition"": ""tevrat"", ""kind"": ""motif"", ""ref"": ""WLC:Num.2.2"", ""basis"": ""banners, signs, and ancestral houses"", ""note"": ""Israel camps by standards and signs of ancestral houses around the Tent; marked communal gathering around a dwelling gives a concrete analogue to the season-as-sign image."", ""turn"": 1, ""model"": ""terra"", ""connection_id"": ""BC-af0cd1d3be5db1046642""}]"
WLC:Num.35.11	strong	tevrat	motif|paralel	asylum city for a fugitive | cities for flight	The commentary's petitioner seeks a group's protection and a safe destination; Numbers appoints cities to which an accidental killer may flee from the blood-avenger. | Israel designates cities of refuge so that a manslayer may flee there; refuge is reached by travel to a named communal place.	sec13	"[{""line"": 23, ""strength"": ""strong"", ""tradition"": ""tevrat"", ""kind"": ""motif"", ""ref"": ""WLC:Num.35.11"", ""basis"": ""asylum city for a fugitive"", ""note"": ""The commentary's petitioner seeks a group's protection and a safe destination; Numbers appoints cities to which an accidental killer may flee from the blood-avenger."", ""turn"": 1, ""model"": ""luna"", ""connection_id"": ""BC-7c5f7204031806034d2d""}, {""line"": 37, ""strength"": ""strong"", ""tradition"": ""tevrat"", ""kind"": ""paralel"", ""ref"": ""WLC:Num.35.11"", ""basis"": ""cities for flight"", ""note"": ""Israel designates cities of refuge so that a manslayer may flee there; refuge is reached by travel to a named communal place."", ""turn"": 1, ""model"": ""terra"", ""connection_id"": ""BC-0fb523cfb138c41c3a43""}]"
WLC:Num.35.15	strong	tevrat	paralel	refuge includes resident aliens	The refuge cities are for Israelites, resident aliens, and sojourners, making protected arrival available across communal status.	sec13	"[{""line"": 38, ""strength"": ""strong"", ""tradition"": ""tevrat"", ""kind"": ""paralel"", ""ref"": ""WLC:Num.35.15"", ""basis"": ""refuge includes resident aliens"", ""note"": ""The refuge cities are for Israelites, resident aliens, and sojourners, making protected arrival available across communal status."", ""turn"": 1, ""model"": ""terra"", ""connection_id"": ""BC-975a6037b963a2a9dba3""}]"
WLC:Num.6.27	strong	tevrat	motif	God's name placed on a people | Name placed for blessing	The commentary says God's name is spoken over the hedy animal; this priestly formula places YHWH's name over Israel and promises blessing, applying the ritual name to the protected community. | God says the priests place his name on Israel and he blesses them; the name functions as a bearer of benefit rather than merely an utterance over an animal.	sec13	"[{""line"": 8, ""strength"": ""strong"", ""tradition"": ""tevrat"", ""kind"": ""motif"", ""ref"": ""WLC:Num.6.27"", ""basis"": ""God's name placed on a people"", ""note"": ""The commentary says God's name is spoken over the hedy animal; this priestly formula places YHWH's name over Israel and promises blessing, applying the ritual name to the protected community."", ""turn"": 1, ""model"": ""luna"", ""connection_id"": ""BC-f1c26a3a8fc1d698f764""}, {""line"": 165, ""strength"": ""strong"", ""tradition"": ""tevrat"", ""kind"": ""motif"", ""ref"": ""WLC:Num.6.27"", ""basis"": ""Name placed for blessing"", ""note"": ""God says the priests place his name on Israel and he blesses them; the name functions as a bearer of benefit rather than merely an utterance over an animal."", ""turn"": 2, ""model"": ""terra"", ""connection_id"": ""BC-2f668c6ee455f645fb1f""}]"
WLC:Prov.18.16	medium	tevrat	paralel	gift opens access to the great	A person's gift makes room for him and brings him before great people, a concise wisdom-text account of a gift as mediated access to a recipient.	sec13	"[{""line"": 103, ""strength"": ""medium"", ""tradition"": ""tevrat"", ""kind"": ""paralel"", ""ref"": ""WLC:Prov.18.16"", ""basis"": ""gift opens access to the great"", ""note"": ""A person's gift makes room for him and brings him before great people, a concise wisdom-text account of a gift as mediated access to a recipient."", ""turn"": 1, ""model"": ""terra"", ""connection_id"": ""BC-541b66c604b9f55f5f64""}]"
WLC:Ps.107.7	strong	tevrat	motif|paralel	straight road to a settled city | straight way to inhabited city	The commentary hears ihdinā as a request to reach the home at the path's end; these desert wanderers are led by YHWH on a straight route until they reach an inhabited city. | God leads wilderness wanderers by a straight way until they reach a city to inhabit; the verse makes a straight road culminate in a place of belonging.	sec13	"[{""line"": 1, ""strength"": ""strong"", ""tradition"": ""tevrat"", ""kind"": ""motif"", ""ref"": ""WLC:Ps.107.7"", ""basis"": ""straight road to a settled city"", ""note"": ""The commentary hears ihdinā as a request to reach the home at the path's end; these desert wanderers are led by YHWH on a straight route until they reach an inhabited city."", ""turn"": 1, ""model"": ""luna"", ""connection_id"": ""BC-04b2c2b4d4b2b970827c""}, {""line"": 3, ""strength"": ""strong"", ""tradition"": ""tevrat"", ""kind"": ""paralel"", ""ref"": ""WLC:Ps.107.7"", ""basis"": ""straight way to inhabited city"", ""note"": ""God leads wilderness wanderers by a straight way until they reach a city to inhabit; the verse makes a straight road culminate in a place of belonging."", ""turn"": 1, ""model"": ""terra"", ""connection_id"": ""BC-caeddbb06a2b42a0dd34""}]"
WLC:Ps.116.17	strong	tevrat	motif|paralel	sacrifice and invocation of the name | sacrifice with invoked Name	The commentary says God's name is spoken over the hedy and links it to worship; the psalmist offers a thanksgiving sacrifice while calling on YHWH's name. | The worshiper offers a thanksgiving sacrifice and calls on YHWH's name, an explicit analogue to sacrifice accompanied by divine naming.	sec13	"[{""line"": 72, ""strength"": ""strong"", ""tradition"": ""tevrat"", ""kind"": ""motif"", ""ref"": ""WLC:Ps.116.17"", ""basis"": ""sacrifice and invocation of the name"", ""note"": ""The commentary says God's name is spoken over the hedy and links it to worship; the psalmist offers a thanksgiving sacrifice while calling on YHWH's name."", ""turn"": 2, ""model"": ""luna"", ""connection_id"": ""BC-fe816c714fd31fb8ea19""}, {""line"": 18, ""strength"": ""strong"", ""tradition"": ""tevrat"", ""kind"": ""paralel"", ""ref"": ""WLC:Ps.116.17"", ""basis"": ""sacrifice with invoked Name"", ""note"": ""The worshiper offers a thanksgiving sacrifice and calls on YHWH's name, an explicit analogue to sacrifice accompanied by divine naming."", ""turn"": 1, ""model"": ""terra"", ""connection_id"": ""BC-de56341f27e7ffd9d853""}]"
WLC:Ps.116.19	strong	tevrat	motif	vows fulfilled in the House	The commentary's path reaches a House and its season gathers people; the psalmist fulfills vows in the courts of YHWH's house amid Jerusalem's assembly.	sec13	"[{""line"": 73, ""strength"": ""strong"", ""tradition"": ""tevrat"", ""kind"": ""motif"", ""ref"": ""WLC:Ps.116.19"", ""basis"": ""vows fulfilled in the House"", ""note"": ""The commentary's path reaches a House and its season gathers people; the psalmist fulfills vows in the courts of YHWH's house amid Jerusalem's assembly."", ""turn"": 2, ""model"": ""luna"", ""connection_id"": ""BC-71cc0810ad092bab354c""}]"
WLC:Ps.118.26	strong	tevrat	motif	arrival in YHWH's name	The commentary joins a name spoken over an offering with arrival at the House; this pilgrimage greeting blesses the person who comes in YHWH's name to the sanctuary.	sec13	"[{""line"": 74, ""strength"": ""strong"", ""tradition"": ""tevrat"", ""kind"": ""motif"", ""ref"": ""WLC:Ps.118.26"", ""basis"": ""arrival in YHWH's name"", ""note"": ""The commentary joins a name spoken over an offering with arrival at the House; this pilgrimage greeting blesses the person who comes in YHWH's name to the sanctuary."", ""turn"": 2, ""model"": ""luna"", ""connection_id"": ""BC-161fcd214af456230cf6""}]"
WLC:Ps.118.27	medium	tevrat	motif	festal offering brought to the altar	The commentary's animal must reach its sacrificial destination; this verse is often read as binding the festal offering to the altar horns, though the Hebrew phrase's referent is disputed.	sec13	"[{""line"": 75, ""strength"": ""medium"", ""tradition"": ""tevrat"", ""kind"": ""motif"", ""ref"": ""WLC:Ps.118.27"", ""basis"": ""festal offering brought to the altar"", ""note"": ""The commentary's animal must reach its sacrificial destination; this verse is often read as binding the festal offering to the altar horns, though the Hebrew phrase's referent is disputed."", ""turn"": 2, ""model"": ""luna"", ""connection_id"": ""BC-38010e6d1b37cc521ee5""}]"
WLC:Ps.122.5	strong	tevrat	motif	tribal pilgrimage and divine name	The commentary connects mawsim with a gathering and the House; here tribes go up to Jerusalem as Israel's testimony to give thanks to YHWH's name.	sec13	"[{""line"": 5, ""strength"": ""strong"", ""tradition"": ""tevrat"", ""kind"": ""motif"", ""ref"": ""WLC:Ps.122.5"", ""basis"": ""tribal pilgrimage and divine name"", ""note"": ""The commentary connects mawsim with a gathering and the House; here tribes go up to Jerusalem as Israel's testimony to give thanks to YHWH's name."", ""turn"": 1, ""model"": ""luna"", ""connection_id"": ""BC-aa716f582f6c1bae0416""}]"
WLC:Ps.43.3	strong	tevrat	motif|paralel	guide to holy dwelling | lead and bring to dwellings	The commentary says ihdinā asks to be brought beyond the road toward its home; this speaker asks light and truth to guide him and bring him to God's holy mountain and dwelling. | The psalm asks that God's light and truth lead the speaker and bring him to God's holy hill and dwellings, closely joining guidance with arrival at a sacred home.	sec13	"[{""line"": 2, ""strength"": ""strong"", ""tradition"": ""tevrat"", ""kind"": ""motif"", ""ref"": ""WLC:Ps.43.3"", ""basis"": ""guide to holy dwelling"", ""note"": ""The commentary says ihdinā asks to be brought beyond the road toward its home; this speaker asks light and truth to guide him and bring him to God's holy mountain and dwelling."", ""turn"": 1, ""model"": ""luna"", ""connection_id"": ""BC-d3df0ce71fa2182b78c2""}, {""line"": 2, ""strength"": ""strong"", ""tradition"": ""tevrat"", ""kind"": ""paralel"", ""ref"": ""WLC:Ps.43.3"", ""basis"": ""lead and bring to dwellings"", ""note"": ""The psalm asks that God's light and truth lead the speaker and bring him to God's holy hill and dwellings, closely joining guidance with arrival at a sacred home."", ""turn"": 1, ""model"": ""terra"", ""connection_id"": ""BC-c8bca435d849c9b9ce43""}]"
WLC:Ps.45.15	strong	tevrat	motif	bride escorted to the king	The commentary reads h-d-y as a bride conducted to her husband's home; this royal wedding psalm says the princess is led to the king with companions following her.	sec13	"[{""line"": 12, ""strength"": ""strong"", ""tradition"": ""tevrat"", ""kind"": ""motif"", ""ref"": ""WLC:Ps.45.15"", ""basis"": ""bride escorted to the king"", ""note"": ""The commentary reads h-d-y as a bride conducted to her husband's home; this royal wedding psalm says the princess is led to the king with companions following her."", ""turn"": 1, ""model"": ""luna"", ""connection_id"": ""BC-81b6d91ba696c060fe20""}]"
WLC:Ps.45.16	strong	tevrat	motif	bride enters the king's palace	The commentary's bride is brought to her husband's house; the next wedding verse has the bridal party enter the king's palace with joy.	sec13	"[{""line"": 13, ""strength"": ""strong"", ""tradition"": ""tevrat"", ""kind"": ""motif"", ""ref"": ""WLC:Ps.45.16"", ""basis"": ""bride enters the king's palace"", ""note"": ""The commentary's bride is brought to her husband's house; the next wedding verse has the bridal party enter the king's palace with joy."", ""turn"": 1, ""model"": ""luna"", ""connection_id"": ""BC-1b797a1d6158707bd91e""}]"
WLC:Ps.45.18	strong	tevrat	motif	the king's name remembered	The commentary says the spoken name raises remembrance of the named one; this wedding psalm promises that the king's name will be remembered through generations.	sec13	"[{""line"": 14, ""strength"": ""strong"", ""tradition"": ""tevrat"", ""kind"": ""motif"", ""ref"": ""WLC:Ps.45.18"", ""basis"": ""the king's name remembered"", ""note"": ""The commentary says the spoken name raises remembrance of the named one; this wedding psalm promises that the king's name will be remembered through generations."", ""turn"": 1, ""model"": ""luna"", ""connection_id"": ""BC-d73b601a218614bbe24f""}]"
WLC:Ps.47.8	strong	tevrat	soydas	melekh, king over all earth	The commentary's Arabic malik names God as sovereign; the Hebrew cognate melekh here declares God king over all the earth, while the commentary's marriage gloss remains a separate Arabic branch.	sec13	"[{""line"": 35, ""strength"": ""strong"", ""tradition"": ""tevrat"", ""kind"": ""soydas"", ""ref"": ""WLC:Ps.47.8"", ""basis"": ""melekh, king over all earth"", ""note"": ""The commentary's Arabic malik names God as sovereign; the Hebrew cognate melekh here declares God king over all the earth, while the commentary's marriage gloss remains a separate Arabic branch."", ""turn"": 1, ""model"": ""luna"", ""connection_id"": ""BC-f1d741eb39049db2f3cf""}]"
WLC:Ps.50.23	strong	tevrat	motif	thanksgiving sacrifice and a rightly ordered way	The commentary joins worship, offering, and the request for guidance; this psalm says a thanksgiving sacrifice honors God and that the one who orders his way rightly will see God's salvation.	sec13	"[{""line"": 71, ""strength"": ""strong"", ""tradition"": ""tevrat"", ""kind"": ""motif"", ""ref"": ""WLC:Ps.50.23"", ""basis"": ""thanksgiving sacrifice and a rightly ordered way"", ""note"": ""The commentary joins worship, offering, and the request for guidance; this psalm says a thanksgiving sacrifice honors God and that the one who orders his way rightly will see God's salvation."", ""turn"": 2, ""model"": ""luna"", ""connection_id"": ""BC-f9e0134ca833f31c942b""}]"
WLC:Ps.78.53	medium	tevrat	motif	a flock led through the wilderness	The commentary joins an animal from a herd with divine guidance; this psalm says YHWH led Israel like sheep and guided them through the wilderness like a flock.	sec13	"[{""line"": 84, ""strength"": ""medium"", ""tradition"": ""tevrat"", ""kind"": ""motif"", ""ref"": ""WLC:Ps.78.53"", ""basis"": ""a flock led through the wilderness"", ""note"": ""The commentary joins an animal from a herd with divine guidance; this psalm says YHWH led Israel like sheep and guided them through the wilderness like a flock."", ""turn"": 2, ""model"": ""luna"", ""connection_id"": ""BC-f55904c03923f0b009c1""}]"
WLC:Ps.78.55	medium	tevrat	motif	the flock reaches holy land	The commentary pictures the guided route ending at a sacred home; the psalm says God brought the flock to the border of his sanctuary, to the mountain he claimed.	sec13	"[{""line"": 85, ""strength"": ""medium"", ""tradition"": ""tevrat"", ""kind"": ""motif"", ""ref"": ""WLC:Ps.78.55"", ""basis"": ""the flock reaches holy land"", ""note"": ""The commentary pictures the guided route ending at a sacred home; the psalm says God brought the flock to the border of his sanctuary, to the mountain he claimed."", ""turn"": 2, ""model"": ""luna"", ""connection_id"": ""BC-4e4fa3f3cca0d75a66c4""}]"
WLC:Ps.90.17	weak	tevrat	soydas	Hebrew noam and Arabic n-ʿ-m	The commentary itself labels Arabic anʿamta, favor, and anʿām, herds, under n-ʿ-m; Hebrew noam here means YHWH's gracious pleasantness, a possible cognate for the favor sense but not for livestock.	sec13	"[{""line"": 61, ""strength"": ""weak"", ""tradition"": ""tevrat"", ""kind"": ""soydas"", ""ref"": ""WLC:Ps.90.17"", ""basis"": ""Hebrew noam and Arabic n-ʿ-m"", ""note"": ""The commentary itself labels Arabic anʿamta, favor, and anʿām, herds, under n-ʿ-m; Hebrew noam here means YHWH's gracious pleasantness, a possible cognate for the favor sense but not for livestock."", ""turn"": 1, ""model"": ""luna"", ""connection_id"": ""BC-c68baedd44b30fc39099""}]"
WLC:Ps.96.8	strong	tevrat	paralel	Name, offering, and courts	The worshiper is told to ascribe glory to YHWH's name, bring an offering, and come into his courts, a close formulaic counterpart to the commentary's named animal and house.	sec13	"[{""line"": 158, ""strength"": ""strong"", ""tradition"": ""tevrat"", ""kind"": ""paralel"", ""ref"": ""WLC:Ps.96.8"", ""basis"": ""Name, offering, and courts"", ""note"": ""The worshiper is told to ascribe glory to YHWH's name, bring an offering, and come into his courts, a close formulaic counterpart to the commentary's named animal and house."", ""turn"": 2, ""model"": ""terra"", ""connection_id"": ""BC-b70f0586e647049930bf""}]"
WLC:Ruth.2.12	strong	tevrat	motif|paralel	refuge under God's wings | foreigner taking refuge	The commentary describes an outsider seeking a group's safe protection; Boaz blesses Ruth for coming to take refuge under YHWH's wings. | Boaz says Ruth has come to seek refuge under YHWH's wings after leaving her own people; it is a personal migration into protected covenantal belonging.	sec13	"[{""line"": 31, ""strength"": ""strong"", ""tradition"": ""tevrat"", ""kind"": ""motif"", ""ref"": ""WLC:Ruth.2.12"", ""basis"": ""refuge under God's wings"", ""note"": ""The commentary describes an outsider seeking a group's safe protection; Boaz blesses Ruth for coming to take refuge under YHWH's wings."", ""turn"": 1, ""model"": ""luna"", ""connection_id"": ""BC-8d04e3ef9f9960808011""}, {""line"": 98, ""strength"": ""medium"", ""tradition"": ""tevrat"", ""kind"": ""paralel"", ""ref"": ""WLC:Ruth.2.12"", ""basis"": ""foreigner taking refuge"", ""note"": ""Boaz says Ruth has come to seek refuge under YHWH's wings after leaving her own people; it is a personal migration into protected covenantal belonging."", ""turn"": 1, ""model"": ""terra"", ""connection_id"": ""BC-29b1066a7584dbfce4b5""}]"
WLC:Ruth.4.10	strong	tevrat	paralel	acquiring a wife	Boaz says that he has acquired Ruth as wife; it is a biblical legal idiom in which marriage is expressed through acquisition, relevant to the commentary's imlāk image.	sec13	"[{""line"": 26, ""strength"": ""strong"", ""tradition"": ""tevrat"", ""kind"": ""paralel"", ""ref"": ""WLC:Ruth.4.10"", ""basis"": ""acquiring a wife"", ""note"": ""Boaz says that he has acquired Ruth as wife; it is a biblical legal idiom in which marriage is expressed through acquisition, relevant to the commentary's imlāk image."", ""turn"": 1, ""model"": ""terra"", ""connection_id"": ""BC-b953f018e299e0b646fe""}]"
WLC:Ruth.4.13	medium	tevrat	motif	the refugee becomes a bride	The commentary develops refuge and a bride brought to her husband's home; Ruth first seeks refuge as a foreigner, then marries Boaz and joins his household.	sec13	"[{""line"": 32, ""strength"": ""medium"", ""tradition"": ""tevrat"", ""kind"": ""motif"", ""ref"": ""WLC:Ruth.4.13"", ""basis"": ""the refugee becomes a bride"", ""note"": ""The commentary develops refuge and a bride brought to her husband's home; Ruth first seeks refuge as a foreigner, then marries Boaz and joins his household."", ""turn"": 1, ""model"": ""luna"", ""connection_id"": ""BC-513512dcbc42e40243ad""}]"
WLC:Song.1.4	strong	tevrat	paralel	king brings beloved into chambers	The speaker says the king has brought her into his chambers, a concise bridal arrival image in which the groom's dwelling is the destination.	sec13	"[{""line"": 159, ""strength"": ""strong"", ""tradition"": ""tevrat"", ""kind"": ""paralel"", ""ref"": ""WLC:Song.1.4"", ""basis"": ""king brings beloved into chambers"", ""note"": ""The speaker says the king has brought her into his chambers, a concise bridal arrival image in which the groom's dwelling is the destination."", ""turn"": 2, ""model"": ""terra"", ""connection_id"": ""BC-dec0aa9038c138d6a308""}]"
WLC:Song.8.2	strong	tevrat	karsi_anlati	lover led into mother's house	The woman says she would lead her beloved into her mother's house; its reversed direction and household make it a useful contrary bride-and-home image.	sec13	"[{""line"": 160, ""strength"": ""strong"", ""tradition"": ""tevrat"", ""kind"": ""karsi_anlati"", ""ref"": ""WLC:Song.8.2"", ""basis"": ""lover led into mother's house"", ""note"": ""The woman says she would lead her beloved into her mother's house; its reversed direction and household make it a useful contrary bride-and-home image."", ""turn"": 2, ""model"": ""terra"", ""connection_id"": ""BC-61c70fb56f56816a7990""}]"
WLC:Zech.8.8	strong	tevrat	paralel	brought home under covenant	God brings scattered people to dwell in Jerusalem, and they become his people while he becomes their God in faithfulness; arrival and covenantal belonging are inseparable.	sec13	"[{""line"": 50, ""strength"": ""strong"", ""tradition"": ""tevrat"", ""kind"": ""paralel"", ""ref"": ""WLC:Zech.8.8"", ""basis"": ""brought home under covenant"", ""note"": ""God brings scattered people to dwell in Jerusalem, and they become his people while he becomes their God in faithfulness; arrival and covenantal belonging are inseparable."", ""turn"": 1, ""model"": ""terra"", ""connection_id"": ""BC-551ed9f254fbba536d32""}]"
WLC:Zech.9.12	strong	tevrat	paralel	prisoners return to stronghold	The prophet calls prisoners of hope to return to their stronghold, a compact return-to-safety image for threatened people.	sec13	"[{""line"": 153, ""strength"": ""strong"", ""tradition"": ""tevrat"", ""kind"": ""paralel"", ""ref"": ""WLC:Zech.9.12"", ""basis"": ""prisoners return to stronghold"", ""note"": ""The prophet calls prisoners of hope to return to their stronghold, a compact return-to-safety image for threatened people."", ""turn"": 2, ""model"": ""terra"", ""connection_id"": ""BC-d960cd47f3d36de4120d""}]"
b. Rosh Hashanah 16a	medium	tevrat	yorum_gelenegi	the ram's horn recalls the binding	The commentary identifies the hedy as an animal offering; this rabbinic teaching interprets the shofar as recalling the ram at Isaac's binding and its merit before God.	sec13	"[{""line"": 89, ""strength"": ""medium"", ""tradition"": ""tevrat"", ""kind"": ""yorum_gelenegi"", ""ref"": ""b. Rosh Hashanah 16a"", ""basis"": ""the ram's horn recalls the binding"", ""note"": ""The commentary identifies the hedy as an animal offering; this rabbinic teaching interprets the shofar as recalling the ram at Isaac's binding and its merit before God."", ""turn"": 2, ""model"": ""luna"", ""connection_id"": ""BC-eedc82850f541d83be9c""}]"
