ref	tier	tradition	kinds	basis	explanations	target	evidence
Augustine, City of God 20.14	medium	incil	yorum_gelenegi	opened books as recalled deeds	Augustine discusses the books opened at the last judgment as a disclosure of what people have done, possibly through divine recall rather than physical ledgers; this changes how the commentary's visible account can be imagined.	sec13	"[{""line"": 145, ""strength"": ""medium"", ""tradition"": ""incil"", ""kind"": ""yorum_gelenegi"", ""ref"": ""Augustine, City of God 20.14"", ""basis"": ""opened books as recalled deeds"", ""note"": ""Augustine discusses the books opened at the last judgment as a disclosure of what people have done, possibly through divine recall rather than physical ledgers; this changes how the commentary's visible account can be imagined."", ""turn"": 2, ""model"": ""sol"", ""connection_id"": ""BC-937677695f8451ecc37e""}]"
Didache 16.2	medium	incil	motif	community perfected at the last time	The commentary makes mutual exhortation and patience part of readiness for the end; the Didache tells believers to gather and seek what benefits their souls because faith will not profit them unless they are found perfected at the last time.	sec13	"[{""line"": 55, ""strength"": ""medium"", ""tradition"": ""incil"", ""kind"": ""motif"", ""ref"": ""Didache 16.2"", ""basis"": ""community perfected at the last time"", ""note"": ""The commentary makes mutual exhortation and patience part of readiness for the end; the Didache tells believers to gather and seek what benefits their souls because faith will not profit them unless they are found perfected at the last time."", ""turn"": 1, ""model"": ""luna"", ""connection_id"": ""BC-8e50be133b00dc36c8c0""}]"
Justin Martyr, First Apology 12	strong	incil	motif	everlasting outcome according to actions	The commentary's accounting divides people by what they do; Justin says people go to everlasting punishment or salvation according to the merit of their actions, an early Christian defense of judgment by conduct.	sec13	"[{""line"": 90, ""strength"": ""strong"", ""tradition"": ""incil"", ""kind"": ""motif"", ""ref"": ""Justin Martyr, First Apology 12"", ""basis"": ""everlasting outcome according to actions"", ""note"": ""The commentary's accounting divides people by what they do; Justin says people go to everlasting punishment or salvation according to the merit of their actions, an early Christian defense of judgment by conduct."", ""turn"": 2, ""model"": ""luna"", ""connection_id"": ""BC-efa5f4ced0de94de2789""}]"
SBLGNT:1Cor.13.3	medium	incil	motif	impressive charity without love gains nothing	Even giving away all possessions gains nothing without love; this illuminates the commentary's apparently good efforts that prove valueless when judged by their real character.	sec13	"[{""line"": 101, ""strength"": ""medium"", ""tradition"": ""incil"", ""kind"": ""motif"", ""ref"": ""SBLGNT:1Cor.13.3"", ""basis"": ""impressive charity without love gains nothing"", ""note"": ""Even giving away all possessions gains nothing without love; this illuminates the commentary's apparently good efforts that prove valueless when judged by their real character."", ""turn"": 1, ""model"": ""sol"", ""connection_id"": ""BC-a2e900a6e7f37a33b6ae""}]"
SBLGNT:1Cor.15.58	strong	incil	motif	labor not in vain	The faithful are urged to abound in the Lord's work because their labor is not vain; this directly reverses the surah's general human loss through faithful action.	sec13	"[{""line"": 66, ""strength"": ""strong"", ""tradition"": ""incil"", ""kind"": ""motif"", ""ref"": ""SBLGNT:1Cor.15.58"", ""basis"": ""labor not in vain"", ""note"": ""The faithful are urged to abound in the Lord's work because their labor is not vain; this directly reverses the surah's general human loss through faithful action."", ""turn"": 1, ""model"": ""sol"", ""connection_id"": ""BC-9927fcfa219774c4ae34""}]"
SBLGNT:1Cor.3.13	strong	incil	motif	day reveals work; fire tests it | each work disclosed by fire	The commentary's deeds are brought into view and judged; Paul says the Day discloses each person's work and fire tests what sort it is, giving the image of examination a material test. | The Day exposes each person's work and fire tests its quality; this is a concrete counterpart to deeds becoming present and differentiated at judgment.	sec13	"[{""line"": 32, ""strength"": ""strong"", ""tradition"": ""incil"", ""kind"": ""motif"", ""ref"": ""SBLGNT:1Cor.3.13"", ""basis"": ""day reveals work; fire tests it"", ""note"": ""The commentary's deeds are brought into view and judged; Paul says the Day discloses each person's work and fire tests what sort it is, giving the image of examination a material test."", ""turn"": 1, ""model"": ""luna"", ""connection_id"": ""BC-db5ad2edec5f364a11ce""}, {""line"": 68, ""strength"": ""strong"", ""tradition"": ""incil"", ""kind"": ""motif"", ""ref"": ""SBLGNT:1Cor.3.13"", ""basis"": ""each work disclosed by fire"", ""note"": ""The Day exposes each person's work and fire tests its quality; this is a concrete counterpart to deeds becoming present and differentiated at judgment."", ""turn"": 1, ""model"": ""sol"", ""connection_id"": ""BC-47b3aea0a9e6a17ca851""}]"
SBLGNT:1Cor.3.15	strong	incil	karsi_anlati	work lost; person saved through fire | work lost but worker saved	The commentary's gloss turns patience toward deeds of fire and punishment; Paul distinguishes the builder from work burned in the fire, saying the person may suffer loss yet be saved through fire. The image assigns loss to failed work rather than necessarily to the worker. | Paul says a burned work brings loss while its worker may still be saved through fire; this complicates the commentary's alignment of deficient works, personal loss, and fire.	sec13	"[{""line"": 53, ""strength"": ""medium"", ""tradition"": ""incil"", ""kind"": ""karsi_anlati"", ""ref"": ""SBLGNT:1Cor.3.15"", ""basis"": ""work lost; person saved through fire"", ""note"": ""The commentary's gloss turns patience toward deeds of fire and punishment; Paul distinguishes the builder from work burned in the fire, saying the person may suffer loss yet be saved through fire. The image assigns loss to failed work rather than necessarily to the worker."", ""turn"": 1, ""model"": ""luna"", ""connection_id"": ""BC-15fc389277521bf1b838""}, {""line"": 67, ""strength"": ""strong"", ""tradition"": ""incil"", ""kind"": ""karsi_anlati"", ""ref"": ""SBLGNT:1Cor.3.15"", ""basis"": ""work lost but worker saved"", ""note"": ""Paul says a burned work brings loss while its worker may still be saved through fire; this complicates the commentary's alignment of deficient works, personal loss, and fire."", ""turn"": 1, ""model"": ""sol"", ""connection_id"": ""BC-8ddfdbf3ef2bba7d52a1""}]"
SBLGNT:1Cor.4.5	strong	incil	motif	hidden motives disclosed | hidden matters disclosed and praise allotted	The commentary says work is found present at judgment; Paul says the Lord will bring hidden things to light and disclose the intentions of hearts, adding inward motive to the public accounting. | At the Lord's coming, hidden things and heart motives are brought to light before praise is assigned; this parallels the commentary's deeds made present, while adding intent to visible work.	sec13	"[{""line"": 79, ""strength"": ""strong"", ""tradition"": ""incil"", ""kind"": ""motif"", ""ref"": ""SBLGNT:1Cor.4.5"", ""basis"": ""hidden motives disclosed"", ""note"": ""The commentary says work is found present at judgment; Paul says the Lord will bring hidden things to light and disclose the intentions of hearts, adding inward motive to the public accounting."", ""turn"": 2, ""model"": ""luna"", ""connection_id"": ""BC-9a6287037ddaace6b815""}, {""line"": 73, ""strength"": ""strong"", ""tradition"": ""incil"", ""kind"": ""motif"", ""ref"": ""SBLGNT:1Cor.4.5"", ""basis"": ""hidden matters disclosed and praise allotted"", ""note"": ""At the Lord's coming, hidden things and heart motives are brought to light before praise is assigned; this parallels the commentary's deeds made present, while adding intent to visible work."", ""turn"": 1, ""model"": ""sol"", ""connection_id"": ""BC-74d68db19cc9bf6e0fd5""}]"
SBLGNT:1Pet.1.17	strong	incil	motif	impartial judge; each person's work | impartial judgment of each one's work	The commentary says every human faces an account by deeds; Peter calls God the impartial judge of each person's work and makes that expectation shape conduct during exile. | Peter says the Father judges impartially according to each person's work and tells believers to conduct themselves in reverent fear during their time away; this joins personal deeds, just measurement, and a limited present term.	sec13	"[{""line"": 35, ""strength"": ""strong"", ""tradition"": ""incil"", ""kind"": ""motif"", ""ref"": ""SBLGNT:1Pet.1.17"", ""basis"": ""impartial judge; each person's work"", ""note"": ""The commentary says every human faces an account by deeds; Peter calls God the impartial judge of each person's work and makes that expectation shape conduct during exile."", ""turn"": 1, ""model"": ""luna"", ""connection_id"": ""BC-f7fb2b75fd4ccd154510""}, {""line"": 126, ""strength"": ""strong"", ""tradition"": ""incil"", ""kind"": ""motif"", ""ref"": ""SBLGNT:1Pet.1.17"", ""basis"": ""impartial judgment of each one's work"", ""note"": ""Peter says the Father judges impartially according to each person's work and tells believers to conduct themselves in reverent fear during their time away; this joins personal deeds, just measurement, and a limited present term."", ""turn"": 2, ""model"": ""sol"", ""connection_id"": ""BC-8efcae09ba33e2c39f7c""}]"
SBLGNT:1Pet.2.20	strong	incil	motif	endure suffering for doing good	Peter distinguishes endurance under punishment for sin from endurance when one does good and suffers; this clarifies the commentary's reversal of patience into work meriting fire.	sec13	"[{""line"": 78, ""strength"": ""strong"", ""tradition"": ""incil"", ""kind"": ""motif"", ""ref"": ""SBLGNT:1Pet.2.20"", ""basis"": ""endure suffering for doing good"", ""note"": ""Peter distinguishes endurance under punishment for sin from endurance when one does good and suffers; this clarifies the commentary's reversal of patience into work meriting fire."", ""turn"": 1, ""model"": ""sol"", ""connection_id"": ""BC-6682829d45664ea657b5""}]"
SBLGNT:1Pet.4.5	strong	incil	motif	account to the judge of living and dead	The commentary says every person meets the account; Peter says wrongdoers will give account to the one ready to judge the living and the dead, explicitly universalizing the reckoning.	sec13	"[{""line"": 88, ""strength"": ""strong"", ""tradition"": ""incil"", ""kind"": ""motif"", ""ref"": ""SBLGNT:1Pet.4.5"", ""basis"": ""account to the judge of living and dead"", ""note"": ""The commentary says every person meets the account; Peter says wrongdoers will give account to the one ready to judge the living and the dead, explicitly universalizing the reckoning."", ""turn"": 2, ""model"": ""luna"", ""connection_id"": ""BC-55db70be1bf165893585""}]"
SBLGNT:1Thess.1.3	strong	incil	motif	work of faith; labor of love; steadfast hope | work of faith and patient hope	The commentary's exception gathers faith, work, and patience in community; Paul remembers the Thessalonians' work produced by faith, labor prompted by love, and endurance grounded in hope. | Paul remembers the community's work of faith and endurance of hope; this places action, faith, and patience together as the surah's exception does.	sec13	"[{""line"": 85, ""strength"": ""strong"", ""tradition"": ""incil"", ""kind"": ""motif"", ""ref"": ""SBLGNT:1Thess.1.3"", ""basis"": ""work of faith; labor of love; steadfast hope"", ""note"": ""The commentary's exception gathers faith, work, and patience in community; Paul remembers the Thessalonians' work produced by faith, labor prompted by love, and endurance grounded in hope."", ""turn"": 2, ""model"": ""luna"", ""connection_id"": ""BC-6bacd97baf01e3a0f56b""}, {""line"": 104, ""strength"": ""medium"", ""tradition"": ""incil"", ""kind"": ""motif"", ""ref"": ""SBLGNT:1Thess.1.3"", ""basis"": ""work of faith and patient hope"", ""note"": ""Paul remembers the community's work of faith and endurance of hope; this places action, faith, and patience together as the surah's exception does."", ""turn"": 1, ""model"": ""sol"", ""connection_id"": ""BC-7e0c26ad7274264d79dd""}]"
SBLGNT:1Thess.5.11	strong	incil	motif	build one another up	The commentary's mutual exhortation makes the community responsible for one another; Paul tells the Thessalonians to encourage and build one another up in the immediate context of the Day of the Lord.	sec13	"[{""line"": 43, ""strength"": ""strong"", ""tradition"": ""incil"", ""kind"": ""motif"", ""ref"": ""SBLGNT:1Thess.5.11"", ""basis"": ""build one another up"", ""note"": ""The commentary's mutual exhortation makes the community responsible for one another; Paul tells the Thessalonians to encourage and build one another up in the immediate context of the Day of the Lord."", ""turn"": 1, ""model"": ""luna"", ""connection_id"": ""BC-78ae0dab8d0f8491721f""}]"
SBLGNT:1Thess.5.14	strong	incil	motif	patience with all	The commentary pairs mutual counsel with patience; Paul tells the community to admonish the idle, encourage the fainthearted, help the weak, and be patient with everyone.	sec13	"[{""line"": 44, ""strength"": ""strong"", ""tradition"": ""incil"", ""kind"": ""motif"", ""ref"": ""SBLGNT:1Thess.5.14"", ""basis"": ""patience with all"", ""note"": ""The commentary pairs mutual counsel with patience; Paul tells the community to admonish the idle, encourage the fainthearted, help the weak, and be patient with everyone."", ""turn"": 1, ""model"": ""luna"", ""connection_id"": ""BC-3b88b6caeaa3ed54ca41""}]"
SBLGNT:2Cor.5.10	strong	incil	motif	each receives for bodily deeds	The commentary makes every person's work present at judgment; Paul says all must appear before Christ's judgment seat so each receives for what was done in the body, whether good or bad. | All must appear before Christ's judgment seat and receive what is due for deeds, good or bad; this is a close counterpart to the commentary's two classes of work and inescapable accounting.	sec13	"[{""line"": 31, ""strength"": ""strong"", ""tradition"": ""incil"", ""kind"": ""motif"", ""ref"": ""SBLGNT:2Cor.5.10"", ""basis"": ""each receives for bodily deeds"", ""note"": ""The commentary makes every person's work present at judgment; Paul says all must appear before Christ's judgment seat so each receives for what was done in the body, whether good or bad."", ""turn"": 1, ""model"": ""luna"", ""connection_id"": ""BC-8fc82b63127f6f714dd9""}, {""line"": 46, ""strength"": ""strong"", ""tradition"": ""incil"", ""kind"": ""motif"", ""ref"": ""SBLGNT:2Cor.5.10"", ""basis"": ""each receives for bodily deeds"", ""note"": ""All must appear before Christ's judgment seat and receive what is due for deeds, good or bad; this is a close counterpart to the commentary's two classes of work and inescapable accounting."", ""turn"": 1, ""model"": ""sol"", ""connection_id"": ""BC-1249d5184115736d5ce3""}]"
SBLGNT:2Pet.3.11	medium	incil	motif	holy conduct while awaiting the Day	The commentary pairs the approaching term with work and patience; Peter asks what sort of people believers should be in holy conduct and godliness while awaiting the Day of the Lord.	sec13	"[{""line"": 103, ""strength"": ""medium"", ""tradition"": ""incil"", ""kind"": ""motif"", ""ref"": ""SBLGNT:2Pet.3.11"", ""basis"": ""holy conduct while awaiting the Day"", ""note"": ""The commentary pairs the approaching term with work and patience; Peter asks what sort of people believers should be in holy conduct and godliness while awaiting the Day of the Lord."", ""turn"": 2, ""model"": ""luna"", ""connection_id"": ""BC-f444788932cd251c9dbe""}]"
SBLGNT:2Pet.3.7	medium	incil	motif	world kept for judgment by fire	The present world is kept for the day of judgment and destruction of the ungodly by fire; this connects the commentary's deadline to the fire-bound result of bad works.	sec13	"[{""line"": 97, ""strength"": ""medium"", ""tradition"": ""incil"", ""kind"": ""motif"", ""ref"": ""SBLGNT:2Pet.3.7"", ""basis"": ""world kept for judgment by fire"", ""note"": ""The present world is kept for the day of judgment and destruction of the ungodly by fire; this connects the commentary's deadline to the fire-bound result of bad works."", ""turn"": 1, ""model"": ""sol"", ""connection_id"": ""BC-ca6bcb21cb3f7b323afa""}]"
SBLGNT:2Pet.3.9	medium	incil	motif	divine patience delays the day	Peter says the Lord's apparent delay expresses patience so people may repent; this gives the commentary's appointed day a different role for patience, allowing change before the account closes.	sec13	"[{""line"": 140, ""strength"": ""medium"", ""tradition"": ""incil"", ""kind"": ""motif"", ""ref"": ""SBLGNT:2Pet.3.9"", ""basis"": ""divine patience delays the day"", ""note"": ""Peter says the Lord's apparent delay expresses patience so people may repent; this gives the commentary's appointed day a different role for patience, allowing change before the account closes."", ""turn"": 2, ""model"": ""sol"", ""connection_id"": ""BC-df86da92f6a4a8d334b6""}]"
SBLGNT:2Thess.1.6	strong	incil	motif	God repays affliction | God repays afflictors	The commentary says the day binds recompense to deeds; Paul calls it just for God to repay affliction to those who afflict the community, a reversal in which the persecutor receives the measure imposed. | God considers it just to repay affliction to those who afflict believers; this concretizes the commentary's binding recompense as reversal for injurious work.	sec13	"[{""line"": 86, ""strength"": ""strong"", ""tradition"": ""incil"", ""kind"": ""motif"", ""ref"": ""SBLGNT:2Thess.1.6"", ""basis"": ""God repays affliction"", ""note"": ""The commentary says the day binds recompense to deeds; Paul calls it just for God to repay affliction to those who afflict the community, a reversal in which the persecutor receives the measure imposed."", ""turn"": 2, ""model"": ""luna"", ""connection_id"": ""BC-0863545c14c0f286c506""}, {""line"": 105, ""strength"": ""medium"", ""tradition"": ""incil"", ""kind"": ""motif"", ""ref"": ""SBLGNT:2Thess.1.6"", ""basis"": ""God repays afflictors"", ""note"": ""God considers it just to repay affliction to those who afflict believers; this concretizes the commentary's binding recompense as reversal for injurious work."", ""turn"": 1, ""model"": ""sol"", ""connection_id"": ""BC-06f917b21c6129176a17""}]"
SBLGNT:2Thess.1.7	strong	incil	motif	relief at the Lord's revelation | rest repaid to the afflicted	The commentary makes the appointed day the end of a period of loss; Paul promises relief to the afflicted when Jesus is revealed from heaven, pairing the same event with vindication for sufferers. | Paul promises relief to the afflicted when the Lord is revealed; this completes the reversal of affliction and repayment in the surrounding judgment passage and the commentary's righteous exception.	sec13	"[{""line"": 87, ""strength"": ""strong"", ""tradition"": ""incil"", ""kind"": ""motif"", ""ref"": ""SBLGNT:2Thess.1.7"", ""basis"": ""relief at the Lord's revelation"", ""note"": ""The commentary makes the appointed day the end of a period of loss; Paul promises relief to the afflicted when Jesus is revealed from heaven, pairing the same event with vindication for sufferers."", ""turn"": 2, ""model"": ""luna"", ""connection_id"": ""BC-be0ffea2722ad414cc4d""}, {""line"": 144, ""strength"": ""medium"", ""tradition"": ""incil"", ""kind"": ""motif"", ""ref"": ""SBLGNT:2Thess.1.7"", ""basis"": ""rest repaid to the afflicted"", ""note"": ""Paul promises relief to the afflicted when the Lord is revealed; this completes the reversal of affliction and repayment in the surrounding judgment passage and the commentary's righteous exception."", ""turn"": 2, ""model"": ""sol"", ""connection_id"": ""BC-3be10844c97c2a3e84de""}]"
SBLGNT:2Thess.1.8	strong	incil	motif	fire and disobedience	The Lord's revelation in fire brings punishment upon those who disobey the gospel; this connects the commentary's fire-bound work to a judicial rather than merely physical fire.	sec13	"[{""line"": 79, ""strength"": ""strong"", ""tradition"": ""incil"", ""kind"": ""motif"", ""ref"": ""SBLGNT:2Thess.1.8"", ""basis"": ""fire and disobedience"", ""note"": ""The Lord's revelation in fire brings punishment upon those who disobey the gospel; this connects the commentary's fire-bound work to a judicial rather than merely physical fire."", ""turn"": 1, ""model"": ""sol"", ""connection_id"": ""BC-5c77c78503ae040496a0""}]"
SBLGNT:Acts.17.31	strong	incil	motif	fixed day of righteous judgment	Paul says God has fixed a day to judge the world in righteousness; this directly corresponds to the commentary's named day on which the claim of justice becomes binding.	sec13	"[{""line"": 40, ""strength"": ""strong"", ""tradition"": ""incil"", ""kind"": ""motif"", ""ref"": ""SBLGNT:Acts.17.31"", ""basis"": ""fixed day of righteous judgment"", ""note"": ""Paul says God has fixed a day to judge the world in righteousness; this directly corresponds to the commentary's named day on which the claim of justice becomes binding."", ""turn"": 1, ""model"": ""sol"", ""connection_id"": ""BC-89f5a705cfbebb68f52d""}]"
SBLGNT:Eph.2.10	medium	incil	motif	created for prepared good works	The next verse says believers are made for good works prepared for them to walk in; this preserves good action alongside the preceding grace claim and the surah's believing doers.	sec13	"[{""line"": 138, ""strength"": ""medium"", ""tradition"": ""incil"", ""kind"": ""motif"", ""ref"": ""SBLGNT:Eph.2.10"", ""basis"": ""created for prepared good works"", ""note"": ""The next verse says believers are made for good works prepared for them to walk in; this preserves good action alongside the preceding grace claim and the surah's believing doers."", ""turn"": 2, ""model"": ""sol"", ""connection_id"": ""BC-676fd4552ce2d640a7a8""}]"
SBLGNT:Eph.2.9	medium	incil	karsi_anlati	salvation not from works	Ephesians explicitly denies that salvation arises from works, complicating a reading of the commentary's good deeds as the basis of rescue from loss.	sec13	"[{""line"": 137, ""strength"": ""medium"", ""tradition"": ""incil"", ""kind"": ""karsi_anlati"", ""ref"": ""SBLGNT:Eph.2.9"", ""basis"": ""salvation not from works"", ""note"": ""Ephesians explicitly denies that salvation arises from works, complicating a reading of the commentary's good deeds as the basis of rescue from loss."", ""turn"": 2, ""model"": ""sol"", ""connection_id"": ""BC-e9dac6373f266849bb78""}]"
SBLGNT:Eph.4.25	strong	incil	motif	truth with one's neighbor | speak truth to one another	The commentary's truth is mutually urged; Ephesians commands each person to speak truth with a neighbor because believers are members of one another, explicitly tying truthful speech to community. | Believers are instructed to speak truth with neighbors because they belong to one another; this gives the surah's reciprocal counsel in truth a communal relation.	sec13	"[{""line"": 38, ""strength"": ""strong"", ""tradition"": ""incil"", ""kind"": ""motif"", ""ref"": ""SBLGNT:Eph.4.25"", ""basis"": ""truth with one's neighbor"", ""note"": ""The commentary's truth is mutually urged; Ephesians commands each person to speak truth with a neighbor because believers are members of one another, explicitly tying truthful speech to community."", ""turn"": 1, ""model"": ""luna"", ""connection_id"": ""BC-086132da93b0a2291391""}, {""line"": 100, ""strength"": ""medium"", ""tradition"": ""incil"", ""kind"": ""motif"", ""ref"": ""SBLGNT:Eph.4.25"", ""basis"": ""speak truth to one another"", ""note"": ""Believers are instructed to speak truth with neighbors because they belong to one another; this gives the surah's reciprocal counsel in truth a communal relation."", ""turn"": 1, ""model"": ""sol"", ""connection_id"": ""BC-d2c0c291fadc85f348c0""}]"
SBLGNT:Gal.5.6	medium	incil	motif	faith active through love	Paul says faith works through love; this gives the surah's paired belief and action a concrete communal form rather than treating faith as mere assent.	sec13	"[{""line"": 139, ""strength"": ""medium"", ""tradition"": ""incil"", ""kind"": ""motif"", ""ref"": ""SBLGNT:Gal.5.6"", ""basis"": ""faith active through love"", ""note"": ""Paul says faith works through love; this gives the surah's paired belief and action a concrete communal form rather than treating faith as mere assent."", ""turn"": 2, ""model"": ""sol"", ""connection_id"": ""BC-9f6e7a61ebb3cc9ff7a3""}]"
SBLGNT:Gal.6.7	strong	incil	motif	sowing and reaping | reaping what one sows	The commentary frames work as a loss-and-recompense account; Paul says a person reaps what is sown and that God is not mocked, giving moral consequence the image of harvest. | Paul says a person reaps what he sows; this is another precise work-to-consequence formula for the commentary's day of settlement.	sec13	"[{""line"": 80, ""strength"": ""strong"", ""tradition"": ""incil"", ""kind"": ""motif"", ""ref"": ""SBLGNT:Gal.6.7"", ""basis"": ""sowing and reaping"", ""note"": ""The commentary frames work as a loss-and-recompense account; Paul says a person reaps what is sown and that God is not mocked, giving moral consequence the image of harvest."", ""turn"": 2, ""model"": ""luna"", ""connection_id"": ""BC-77415403b8007ec3f84e""}, {""line"": 63, ""strength"": ""strong"", ""tradition"": ""incil"", ""kind"": ""motif"", ""ref"": ""SBLGNT:Gal.6.7"", ""basis"": ""reaping what one sows"", ""note"": ""Paul says a person reaps what he sows; this is another precise work-to-consequence formula for the commentary's day of settlement."", ""turn"": 1, ""model"": ""sol"", ""connection_id"": ""BC-c81a4f8a977707f01a47""}]"
SBLGNT:Gal.6.8	strong	incil	motif	flesh or Spirit; corruption or life | corruption or life from sowing	The commentary divides bad and good work by their end; Paul contrasts sowing to the flesh, which reaps corruption, with sowing to the Spirit, which reaps eternal life. | Paul separates sowing to flesh from sowing to Spirit, with corruption or eternal life as outcomes; this parallels the commentary's good/bad work distinction and loss.	sec13	"[{""line"": 81, ""strength"": ""strong"", ""tradition"": ""incil"", ""kind"": ""motif"", ""ref"": ""SBLGNT:Gal.6.8"", ""basis"": ""flesh or Spirit; corruption or life"", ""note"": ""The commentary divides bad and good work by their end; Paul contrasts sowing to the flesh, which reaps corruption, with sowing to the Spirit, which reaps eternal life."", ""turn"": 2, ""model"": ""luna"", ""connection_id"": ""BC-5c75ecb25ef020d6272d""}, {""line"": 64, ""strength"": ""strong"", ""tradition"": ""incil"", ""kind"": ""motif"", ""ref"": ""SBLGNT:Gal.6.8"", ""basis"": ""corruption or life from sowing"", ""note"": ""Paul separates sowing to flesh from sowing to Spirit, with corruption or eternal life as outcomes; this parallels the commentary's good/bad work distinction and loss."", ""turn"": 1, ""model"": ""sol"", ""connection_id"": ""BC-a5b1c5137069c70e74f8""}]"
SBLGNT:Gal.6.9	strong	incil	motif	patience until the due harvest | do good patiently until due season	The commentary joins patience to good work before the term arrives; Paul tells the community not to grow weary in doing good because there will be a harvest at the proper time. | Paul urges not wearying in doing good because harvest comes at the right time if one does not give up; this joins the commentary's good deeds, patience, and appointed term.	sec13	"[{""line"": 82, ""strength"": ""strong"", ""tradition"": ""incil"", ""kind"": ""motif"", ""ref"": ""SBLGNT:Gal.6.9"", ""basis"": ""patience until the due harvest"", ""note"": ""The commentary joins patience to good work before the term arrives; Paul tells the community not to grow weary in doing good because there will be a harvest at the proper time."", ""turn"": 2, ""model"": ""luna"", ""connection_id"": ""BC-a8fc2656ae1d66fe5fc1""}, {""line"": 65, ""strength"": ""strong"", ""tradition"": ""incil"", ""kind"": ""motif"", ""ref"": ""SBLGNT:Gal.6.9"", ""basis"": ""do good patiently until due season"", ""note"": ""Paul urges not wearying in doing good because harvest comes at the right time if one does not give up; this joins the commentary's good deeds, patience, and appointed term."", ""turn"": 1, ""model"": ""sol"", ""connection_id"": ""BC-b1b01229d38fc1a3d9be""}]"
SBLGNT:Heb.10.24	strong	incil	motif	stir one another to love and good works | spur one another to good works	The commentary's people mutually urge one another toward truth and righteous work; Hebrews makes mutual provocation toward love and good works a communal duty. | The community is to consider how to provoke one another to love and good works; this parallels the surah's mutual counsel and righteous action as a collective practice.	sec13	"[{""line"": 40, ""strength"": ""strong"", ""tradition"": ""incil"", ""kind"": ""motif"", ""ref"": ""SBLGNT:Heb.10.24"", ""basis"": ""stir one another to love and good works"", ""note"": ""The commentary's people mutually urge one another toward truth and righteous work; Hebrews makes mutual provocation toward love and good works a communal duty."", ""turn"": 1, ""model"": ""luna"", ""connection_id"": ""BC-b38a9165d0f72d52a7c1""}, {""line"": 57, ""strength"": ""strong"", ""tradition"": ""incil"", ""kind"": ""motif"", ""ref"": ""SBLGNT:Heb.10.24"", ""basis"": ""spur one another to good works"", ""note"": ""The community is to consider how to provoke one another to love and good works; this parallels the surah's mutual counsel and righteous action as a collective practice."", ""turn"": 1, ""model"": ""sol"", ""connection_id"": ""BC-3f69803eb3f7d6f4bee3""}]"
SBLGNT:Heb.10.25	strong	incil	motif	encourage as the Day approaches | encouragement as day approaches	The commentary places communal exhortation within an approaching accounting; Hebrews tells the community to encourage one another all the more as the Day draws near. | Believers are to encourage one another increasingly as they see the Day approaching; this meets both the surah's reciprocal exhortation and the commentary's deadline.	sec13	"[{""line"": 41, ""strength"": ""strong"", ""tradition"": ""incil"", ""kind"": ""motif"", ""ref"": ""SBLGNT:Heb.10.25"", ""basis"": ""encourage as the Day approaches"", ""note"": ""The commentary places communal exhortation within an approaching accounting; Hebrews tells the community to encourage one another all the more as the Day draws near."", ""turn"": 1, ""model"": ""luna"", ""connection_id"": ""BC-068abb521598c3aa5d43""}, {""line"": 58, ""strength"": ""strong"", ""tradition"": ""incil"", ""kind"": ""motif"", ""ref"": ""SBLGNT:Heb.10.25"", ""basis"": ""encouragement as day approaches"", ""note"": ""Believers are to encourage one another increasingly as they see the Day approaching; this meets both the surah's reciprocal exhortation and the commentary's deadline."", ""turn"": 1, ""model"": ""sol"", ""connection_id"": ""BC-691a1ec07b7afb39beb5""}]"
SBLGNT:Heb.10.36	strong	incil	motif	endurance after doing God's will	The commentary joins patience to the work that reaches its term; Hebrews says endurance is needed after doing God's will in order to receive the promise. | Hebrews says endurance is needed so that, after doing God's will, the hearers may receive the promise; this links good action and patience to a future recompense.	sec13	"[{""line"": 42, ""strength"": ""strong"", ""tradition"": ""incil"", ""kind"": ""motif"", ""ref"": ""SBLGNT:Heb.10.36"", ""basis"": ""endurance after doing God's will"", ""note"": ""The commentary joins patience to the work that reaches its term; Hebrews says endurance is needed after doing God's will in order to receive the promise."", ""turn"": 1, ""model"": ""luna"", ""connection_id"": ""BC-0e3f2ae8fbb647befac3""}, {""line"": 127, ""strength"": ""strong"", ""tradition"": ""incil"", ""kind"": ""motif"", ""ref"": ""SBLGNT:Heb.10.36"", ""basis"": ""endurance after doing God's will"", ""note"": ""Hebrews says endurance is needed so that, after doing God's will, the hearers may receive the promise; this links good action and patience to a future recompense."", ""turn"": 2, ""model"": ""sol"", ""connection_id"": ""BC-d67d09b0c6e95bf8b31a""}]"
SBLGNT:Heb.3.13	strong	incil	motif	exhort one another daily | exhort one another while today lasts	The commentary pictures mutual counsel as a protection against loss; Hebrews commands daily mutual exhortation so no one is hardened by sin's deceit, giving the practice a preventive purpose. | The community is told to exhort one another daily while it is called Today, lest sin harden them; this makes mutual counsel a time-limited defense against losing one's way.	sec13	"[{""line"": 39, ""strength"": ""strong"", ""tradition"": ""incil"", ""kind"": ""motif"", ""ref"": ""SBLGNT:Heb.3.13"", ""basis"": ""exhort one another daily"", ""note"": ""The commentary pictures mutual counsel as a protection against loss; Hebrews commands daily mutual exhortation so no one is hardened by sin's deceit, giving the practice a preventive purpose."", ""turn"": 1, ""model"": ""luna"", ""connection_id"": ""BC-19609d286424cf76c91c""}, {""line"": 59, ""strength"": ""strong"", ""tradition"": ""incil"", ""kind"": ""motif"", ""ref"": ""SBLGNT:Heb.3.13"", ""basis"": ""exhort one another while today lasts"", ""note"": ""The community is told to exhort one another daily while it is called Today, lest sin harden them; this makes mutual counsel a time-limited defense against losing one's way."", ""turn"": 1, ""model"": ""sol"", ""connection_id"": ""BC-d4e4b9e54d41883704b6""}]"
SBLGNT:Heb.6.10	strong	incil	motif	God does not forget work and love | God remembers loving work	The commentary says deeds remain present at judgment; Hebrews says God is not unjust to forget the community's work and love shown in service to the saints, making faithful labor remembered. | God is just and will not forget the work and love shown in service; this complements the commentary's claim that deeds remain present for a just account.	sec13	"[{""line"": 83, ""strength"": ""strong"", ""tradition"": ""incil"", ""kind"": ""motif"", ""ref"": ""SBLGNT:Heb.6.10"", ""basis"": ""God does not forget work and love"", ""note"": ""The commentary says deeds remain present at judgment; Hebrews says God is not unjust to forget the community's work and love shown in service to the saints, making faithful labor remembered."", ""turn"": 2, ""model"": ""luna"", ""connection_id"": ""BC-c2caf1a99328f083dded""}, {""line"": 61, ""strength"": ""strong"", ""tradition"": ""incil"", ""kind"": ""motif"", ""ref"": ""SBLGNT:Heb.6.10"", ""basis"": ""God remembers loving work"", ""note"": ""God is just and will not forget the work and love shown in service; this complements the commentary's claim that deeds remain present for a just account."", ""turn"": 1, ""model"": ""sol"", ""connection_id"": ""BC-03d323e9187c249b430f""}]"
SBLGNT:Heb.6.12	strong	incil	motif	faith and patience inherit promise	The commentary's exception joins belief, righteous work, and patience; Hebrews urges imitation of those who inherit the promises through faith and patience. | The community is urged to imitate those who inherit promises through faith and patience; this gives the surah's faith and endurance an explicit outcome.	sec13	"[{""line"": 84, ""strength"": ""strong"", ""tradition"": ""incil"", ""kind"": ""motif"", ""ref"": ""SBLGNT:Heb.6.12"", ""basis"": ""faith and patience inherit promise"", ""note"": ""The commentary's exception joins belief, righteous work, and patience; Hebrews urges imitation of those who inherit the promises through faith and patience."", ""turn"": 2, ""model"": ""luna"", ""connection_id"": ""BC-6fc73d46ea40f932daaf""}, {""line"": 62, ""strength"": ""strong"", ""tradition"": ""incil"", ""kind"": ""motif"", ""ref"": ""SBLGNT:Heb.6.12"", ""basis"": ""faith and patience inherit promise"", ""note"": ""The community is urged to imitate those who inherit promises through faith and patience; this gives the surah's faith and endurance an explicit outcome."", ""turn"": 1, ""model"": ""sol"", ""connection_id"": ""BC-97daf5125cfd14aecd42""}]"
SBLGNT:Heb.9.27	medium	incil	motif	death appointed then judgment	Hebrews says human death is appointed once, followed by judgment; this gives the commentary's allotted time and settling day a succinct sequence.	sec13	"[{""line"": 96, ""strength"": ""medium"", ""tradition"": ""incil"", ""kind"": ""motif"", ""ref"": ""SBLGNT:Heb.9.27"", ""basis"": ""death appointed then judgment"", ""note"": ""Hebrews says human death is appointed once, followed by judgment; this gives the commentary's allotted time and settling day a succinct sequence."", ""turn"": 1, ""model"": ""sol"", ""connection_id"": ""BC-dbb2b6ce434aa83d4c45""}]"
SBLGNT:Jas.1.15	medium	incil	motif	sin completed brings death	The commentary warns of persistence in deeds that lead to fire; James describes desire giving birth to sin and fully grown sin bringing forth death, a specific account of how evil action reaches its outcome.	sec13	"[{""line"": 102, ""strength"": ""medium"", ""tradition"": ""incil"", ""kind"": ""motif"", ""ref"": ""SBLGNT:Jas.1.15"", ""basis"": ""sin completed brings death"", ""note"": ""The commentary warns of persistence in deeds that lead to fire; James describes desire giving birth to sin and fully grown sin bringing forth death, a specific account of how evil action reaches its outcome."", ""raw_ref"": ""SBLGNT:James.1.15"", ""reference_resolution"": ""edition-book-names-v2"", ""turn"": 2, ""model"": ""luna"", ""connection_id"": ""BC-f85e327363aedd398d9c""}]"
SBLGNT:Jas.2.17	strong	incil	motif	faith without works is dead | faith without works dead	The commentary's exception names both belief and righteous action; James argues that faith without works is dead, pressing the same conjunction by insisting that belief must take embodied form. | James says faith by itself is dead if it has no works; this gives the surah's pairing of belief and righteous deeds a specific consequence when action is absent.	sec13	"[{""line"": 36, ""strength"": ""strong"", ""tradition"": ""incil"", ""kind"": ""motif"", ""ref"": ""SBLGNT:Jas.2.17"", ""basis"": ""faith without works is dead"", ""note"": ""The commentary's exception names both belief and righteous action; James argues that faith without works is dead, pressing the same conjunction by insisting that belief must take embodied form."", ""raw_ref"": ""SBLGNT:James.2.17"", ""reference_resolution"": ""edition-book-names-v2"", ""turn"": 1, ""model"": ""luna"", ""connection_id"": ""BC-2d265024aed2df1dfbc3""}, {""line"": 122, ""strength"": ""strong"", ""tradition"": ""incil"", ""kind"": ""motif"", ""ref"": ""SBLGNT:Jas.2.17"", ""basis"": ""faith without works dead"", ""note"": ""James says faith by itself is dead if it has no works; this gives the surah's pairing of belief and righteous deeds a specific consequence when action is absent."", ""raw_ref"": ""SBLGNT:James.2.17"", ""reference_resolution"": ""edition-book-names-v2"", ""turn"": 2, ""model"": ""sol"", ""connection_id"": ""BC-ee1d14a6579952cef25f""}]"
SBLGNT:Jas.5.3	strong	incil	motif	wealth stored as end-time evidence	The corrosion of hoarded riches testifies against the rich, who have stored treasure in the last days; the commentary's bad accumulation likewise becomes evidence at the final reckoning.	sec13	"[{""line"": 76, ""strength"": ""strong"", ""tradition"": ""incil"", ""kind"": ""motif"", ""ref"": ""SBLGNT:Jas.5.3"", ""basis"": ""wealth stored as end-time evidence"", ""note"": ""The corrosion of hoarded riches testifies against the rich, who have stored treasure in the last days; the commentary's bad accumulation likewise becomes evidence at the final reckoning."", ""raw_ref"": ""SBLGNT:James.5.3"", ""reference_resolution"": ""edition-book-names-v2"", ""turn"": 1, ""model"": ""sol"", ""connection_id"": ""BC-7f4ad52ae4ecf53b73a9""}]"
SBLGNT:Jas.5.7	strong	incil	motif	waiting for the Lord's coming | patience until coming as farmer waits	The commentary makes patience a qualification before the term arrives; James urges patience until the Lord's coming and compares it to a farmer waiting for the harvest. | James tells believers to wait patiently for the Lord's coming like a farmer awaiting the crop; this gives the surah's patience and the commentary's appointed end a seasonal image.	sec13	"[{""line"": 46, ""strength"": ""strong"", ""tradition"": ""incil"", ""kind"": ""motif"", ""ref"": ""SBLGNT:Jas.5.7"", ""basis"": ""waiting for the Lord's coming"", ""note"": ""The commentary makes patience a qualification before the term arrives; James urges patience until the Lord's coming and compares it to a farmer waiting for the harvest."", ""raw_ref"": ""SBLGNT:James.5.7"", ""reference_resolution"": ""edition-book-names-v2"", ""turn"": 1, ""model"": ""luna"", ""connection_id"": ""BC-53dc4491c8cb5764c184""}, {""line"": 98, ""strength"": ""medium"", ""tradition"": ""incil"", ""kind"": ""motif"", ""ref"": ""SBLGNT:Jas.5.7"", ""basis"": ""patience until coming as farmer waits"", ""note"": ""James tells believers to wait patiently for the Lord's coming like a farmer awaiting the crop; this gives the surah's patience and the commentary's appointed end a seasonal image."", ""raw_ref"": ""SBLGNT:James.5.7"", ""reference_resolution"": ""edition-book-names-v2"", ""turn"": 1, ""model"": ""sol"", ""connection_id"": ""BC-45cbcbdcb7a19ae4508b""}]"
SBLGNT:Jas.5.9	medium	incil	motif	judge standing at doors	The warning against grumbling says the Judge is standing at the doors; this ties communal conduct while waiting to an imminent accounting.	sec13	"[{""line"": 99, ""strength"": ""medium"", ""tradition"": ""incil"", ""kind"": ""motif"", ""ref"": ""SBLGNT:Jas.5.9"", ""basis"": ""judge standing at doors"", ""note"": ""The warning against grumbling says the Judge is standing at the doors; this ties communal conduct while waiting to an imminent accounting."", ""raw_ref"": ""SBLGNT:James.5.9"", ""reference_resolution"": ""edition-book-names-v2"", ""turn"": 1, ""model"": ""sol"", ""connection_id"": ""BC-e7a2781051eb22baf2be""}]"
SBLGNT:John.12.48	medium	incil	motif	the spoken word judges at the last day	The commentary makes truth something mutually upheld and deeds answerable at the end; Jesus says the word he has spoken will judge the hearer on the last day, specifying the received message as a standard.	sec13	"[{""line"": 100, ""strength"": ""medium"", ""tradition"": ""incil"", ""kind"": ""motif"", ""ref"": ""SBLGNT:John.12.48"", ""basis"": ""the spoken word judges at the last day"", ""note"": ""The commentary makes truth something mutually upheld and deeds answerable at the end; Jesus says the word he has spoken will judge the hearer on the last day, specifying the received message as a standard."", ""turn"": 2, ""model"": ""luna"", ""connection_id"": ""BC-03b8777f68946ce9e20b""}]"
SBLGNT:John.5.29	strong	incil	motif	resurrection according to deeds | doers of good and evil rise differently	The commentary links resurrection and division by work; Jesus describes those who did good rising to life and those who did evil rising to judgment, joining conduct directly to the two outcomes. | Jesus says those who have done good rise to life and those who have done evil to judgment; this makes the commentary's good and bad deeds decisive at the final separation.	sec13	"[{""line"": 72, ""strength"": ""strong"", ""tradition"": ""incil"", ""kind"": ""motif"", ""ref"": ""SBLGNT:John.5.29"", ""basis"": ""resurrection according to deeds"", ""note"": ""The commentary links resurrection and division by work; Jesus describes those who did good rising to life and those who did evil rising to judgment, joining conduct directly to the two outcomes."", ""turn"": 2, ""model"": ""luna"", ""connection_id"": ""BC-edc1de106581d5238478""}, {""line"": 121, ""strength"": ""strong"", ""tradition"": ""incil"", ""kind"": ""motif"", ""ref"": ""SBLGNT:John.5.29"", ""basis"": ""doers of good and evil rise differently"", ""note"": ""Jesus says those who have done good rise to life and those who have done evil to judgment; this makes the commentary's good and bad deeds decisive at the final separation."", ""turn"": 2, ""model"": ""sol"", ""connection_id"": ""BC-aecd1c1403991539c7f4""}]"
SBLGNT:Luke.12.20	strong	incil	motif	soul required on that night	God tells the rich planner that his life is required that night and asks who will own his stores; this makes the commentary's deadline and lost balance concrete in an unexpected accounting.	sec13	"[{""line"": 77, ""strength"": ""strong"", ""tradition"": ""incil"", ""kind"": ""motif"", ""ref"": ""SBLGNT:Luke.12.20"", ""basis"": ""soul required on that night"", ""note"": ""God tells the rich planner that his life is required that night and asks who will own his stores; this makes the commentary's deadline and lost balance concrete in an unexpected accounting."", ""turn"": 1, ""model"": ""sol"", ""connection_id"": ""BC-f9d48d196ec0f6892692""}]"
SBLGNT:Luke.12.48	medium	incil	motif	more entrusted means more required	Jesus says greater trust brings a greater demand; this is a specific proportional-account rule beside the commentary's precise weighing of each person's acts.	sec13	"[{""line"": 143, ""strength"": ""medium"", ""tradition"": ""incil"", ""kind"": ""motif"", ""ref"": ""SBLGNT:Luke.12.48"", ""basis"": ""more entrusted means more required"", ""note"": ""Jesus says greater trust brings a greater demand; this is a specific proportional-account rule beside the commentary's precise weighing of each person's acts."", ""turn"": 2, ""model"": ""sol"", ""connection_id"": ""BC-d6704a7bfc4d09748003""}]"
SBLGNT:Luke.18.14	medium	incil	motif	self-assessment overturned	Jesus says the humble tax collector, rather than the self-assured Pharisee, goes home justified; this offers a concrete reversal of people who suppose their own work good.	sec13	"[{""line"": 102, ""strength"": ""medium"", ""tradition"": ""incil"", ""kind"": ""motif"", ""ref"": ""SBLGNT:Luke.18.14"", ""basis"": ""self-assessment overturned"", ""note"": ""Jesus says the humble tax collector, rather than the self-assured Pharisee, goes home justified; this offers a concrete reversal of people who suppose their own work good."", ""turn"": 1, ""model"": ""sol"", ""connection_id"": ""BC-6000f142f4ac318e9f2b""}]"
SBLGNT:Luke.19.15	strong	incil	motif	servants summoned to account	The commentary says each person's work is brought before the judge; in the minas parable the returning nobleman summons servants to learn what each gained in trade, a concrete audit of entrusted work.	sec13	"[{""line"": 77, ""strength"": ""strong"", ""tradition"": ""incil"", ""kind"": ""motif"", ""ref"": ""SBLGNT:Luke.19.15"", ""basis"": ""servants summoned to account"", ""note"": ""The commentary says each person's work is brought before the judge; in the minas parable the returning nobleman summons servants to learn what each gained in trade, a concrete audit of entrusted work."", ""turn"": 2, ""model"": ""luna"", ""connection_id"": ""BC-2ce62e16bd7d959c5199""}]"
SBLGNT:Luke.19.17	strong	incil	motif	work rewarded with authority	The commentary ties work to recompense; the servant praised for faithfulness in a small matter receives authority over cities, making reward proportionate to performed work.	sec13	"[{""line"": 78, ""strength"": ""strong"", ""tradition"": ""incil"", ""kind"": ""motif"", ""ref"": ""SBLGNT:Luke.19.17"", ""basis"": ""work rewarded with authority"", ""note"": ""The commentary ties work to recompense; the servant praised for faithfulness in a small matter receives authority over cities, making reward proportionate to performed work."", ""turn"": 2, ""model"": ""luna"", ""connection_id"": ""BC-7e565439d1546e6738ae""}]"
SBLGNT:Luke.21.19	strong	incil	motif	endurance preserves life | endurance gains life	The commentary presents patience as part of the way out of loss; Jesus' apocalyptic warning says that by endurance the disciples gain their lives, linking steadfastness to survival through the coming crisis. | Jesus tells threatened disciples they will gain their lives through endurance; this sets patient perseverance directly opposite the commentary's human loss.	sec13	"[{""line"": 56, ""strength"": ""medium"", ""tradition"": ""incil"", ""kind"": ""motif"", ""ref"": ""SBLGNT:Luke.21.19"", ""basis"": ""endurance preserves life"", ""note"": ""The commentary presents patience as part of the way out of loss; Jesus' apocalyptic warning says that by endurance the disciples gain their lives, linking steadfastness to survival through the coming crisis."", ""turn"": 1, ""model"": ""luna"", ""connection_id"": ""BC-3aa7aaf336373c5d8adf""}, {""line"": 123, ""strength"": ""strong"", ""tradition"": ""incil"", ""kind"": ""motif"", ""ref"": ""SBLGNT:Luke.21.19"", ""basis"": ""endurance gains life"", ""note"": ""Jesus tells threatened disciples they will gain their lives through endurance; this sets patient perseverance directly opposite the commentary's human loss."", ""turn"": 2, ""model"": ""sol"", ""connection_id"": ""BC-2ed388bc924a88f52d10""}]"
SBLGNT:Luke.8.15	strong	incil	motif	word kept; fruit borne with endurance	The commentary combines truth, good work, and patience; in the seed parable the good soil holds the word in an honest heart and bears fruit with endurance, bringing those elements together in one image.	sec13	"[{""line"": 76, ""strength"": ""strong"", ""tradition"": ""incil"", ""kind"": ""motif"", ""ref"": ""SBLGNT:Luke.8.15"", ""basis"": ""word kept; fruit borne with endurance"", ""note"": ""The commentary combines truth, good work, and patience; in the seed parable the good soil holds the word in an honest heart and bears fruit with endurance, bringing those elements together in one image."", ""turn"": 2, ""model"": ""luna"", ""connection_id"": ""BC-fd9ff884a84a7ca4c73c""}]"
SBLGNT:Mark.13.13	strong	incil	motif	endure to end and be saved	The hated disciple who endures to the end will be saved; this joins the surah's patience to the commentary's deadline and exception from loss.	sec13	"[{""line"": 124, ""strength"": ""strong"", ""tradition"": ""incil"", ""kind"": ""motif"", ""ref"": ""SBLGNT:Mark.13.13"", ""basis"": ""endure to end and be saved"", ""note"": ""The hated disciple who endures to the end will be saved; this joins the surah's patience to the commentary's deadline and exception from loss."", ""turn"": 2, ""model"": ""sol"", ""connection_id"": ""BC-64017d56ae73c3b20560""}]"
SBLGNT:Mark.9.41	strong	incil	motif	cup of water retains reward	Jesus says a cup of water given to his people will not lose its reward; this answers the commentary's claim that even the smallest good is seen in the account.	sec13	"[{""line"": 72, ""strength"": ""strong"", ""tradition"": ""incil"", ""kind"": ""motif"", ""ref"": ""SBLGNT:Mark.9.41"", ""basis"": ""cup of water retains reward"", ""note"": ""Jesus says a cup of water given to his people will not lose its reward; this answers the commentary's claim that even the smallest good is seen in the account."", ""turn"": 1, ""model"": ""sol"", ""connection_id"": ""BC-4a1c75c249ab75a6794d""}]"
SBLGNT:Matt.12.36	strong	incil	motif	even idle words accounted | every idle word accounted for	The commentary says tiny deeds are seen and every work is present; Jesus says people answer on judgment day for every careless word, extending accountability to speech. | Jesus says people will give account on judgment day even for careless speech; this gives the commentary's tiny measured deed a speech-sized counterpart.	sec13	"[{""line"": 37, ""strength"": ""strong"", ""tradition"": ""incil"", ""kind"": ""motif"", ""ref"": ""SBLGNT:Matt.12.36"", ""basis"": ""even idle words accounted"", ""note"": ""The commentary says tiny deeds are seen and every work is present; Jesus says people answer on judgment day for every careless word, extending accountability to speech."", ""turn"": 1, ""model"": ""luna"", ""connection_id"": ""BC-94e6d18b558c7397fad5""}, {""line"": 71, ""strength"": ""strong"", ""tradition"": ""incil"", ""kind"": ""motif"", ""ref"": ""SBLGNT:Matt.12.36"", ""basis"": ""every idle word accounted for"", ""note"": ""Jesus says people will give account on judgment day even for careless speech; this gives the commentary's tiny measured deed a speech-sized counterpart."", ""turn"": 1, ""model"": ""sol"", ""connection_id"": ""BC-c42d736d934998acbf2e""}]"
SBLGNT:Matt.12.37	strong	incil	motif	words justify or condemn	Jesus adds that one's own words will justify or condemn; this gives the commentary's exact accounting an explicit verdict for the small speech acts named in the preceding verse.	sec13	"[{""line"": 128, ""strength"": ""strong"", ""tradition"": ""incil"", ""kind"": ""motif"", ""ref"": ""SBLGNT:Matt.12.37"", ""basis"": ""words justify or condemn"", ""note"": ""Jesus adds that one's own words will justify or condemn; this gives the commentary's exact accounting an explicit verdict for the small speech acts named in the preceding verse."", ""turn"": 2, ""model"": ""sol"", ""connection_id"": ""BC-3688ab519a57de7ad6c4""}]"
SBLGNT:Matt.13.49	strong	incil	motif	end-of-age separation | angels separate wicked from righteous	The commentary says good and evil are distinguished at the end; Jesus' net parable has angels separate the wicked from the righteous at the close of the age. | Jesus describes angels separating evil people from righteous at the end of the age; this is a direct counterpart to the commentary's end-time distinction between bad and good.	sec13	"[{""line"": 74, ""strength"": ""strong"", ""tradition"": ""incil"", ""kind"": ""motif"", ""ref"": ""SBLGNT:Matt.13.49"", ""basis"": ""end-of-age separation"", ""note"": ""The commentary says good and evil are distinguished at the end; Jesus' net parable has angels separate the wicked from the righteous at the close of the age."", ""turn"": 2, ""model"": ""luna"", ""connection_id"": ""BC-1440c428900c2621a8de""}, {""line"": 55, ""strength"": ""strong"", ""tradition"": ""incil"", ""kind"": ""motif"", ""ref"": ""SBLGNT:Matt.13.49"", ""basis"": ""angels separate wicked from righteous"", ""note"": ""Jesus describes angels separating evil people from righteous at the end of the age; this is a direct counterpart to the commentary's end-time distinction between bad and good."", ""turn"": 1, ""model"": ""sol"", ""connection_id"": ""BC-fe4f380413ed3e438828""}]"
SBLGNT:Matt.13.50	strong	incil	motif	evil cast into the fiery furnace	The commentary associates evil work with punishment by fire; the net parable ends with the wicked thrown into a fiery furnace, giving separation a specific punitive outcome.	sec13	"[{""line"": 75, ""strength"": ""strong"", ""tradition"": ""incil"", ""kind"": ""motif"", ""ref"": ""SBLGNT:Matt.13.50"", ""basis"": ""evil cast into the fiery furnace"", ""note"": ""The commentary associates evil work with punishment by fire; the net parable ends with the wicked thrown into a fiery furnace, giving separation a specific punitive outcome."", ""turn"": 2, ""model"": ""luna"", ""connection_id"": ""BC-f5d71980dd4df5966226""}]"
SBLGNT:Matt.16.26	strong	incil	motif	gain world yet lose life	Jesus asks what profit there is in gaining the world while forfeiting one's life; this gives the commentary's human loss a pointed accounting comparison.	sec13	"[{""line"": 42, ""strength"": ""strong"", ""tradition"": ""incil"", ""kind"": ""motif"", ""ref"": ""SBLGNT:Matt.16.26"", ""basis"": ""gain world yet lose life"", ""note"": ""Jesus asks what profit there is in gaining the world while forfeiting one's life; this gives the commentary's human loss a pointed accounting comparison."", ""turn"": 1, ""model"": ""sol"", ""connection_id"": ""BC-3c204db8f0b8af01adaa""}]"
SBLGNT:Matt.16.27	strong	incil	motif	coming judge repays each by deeds | repay each according to deeds	The commentary's appointed day brings every person to recompense for work; Jesus says the Son of Man comes in glory and repays each according to what that person has done. | The Son of Man comes in glory and repays each person according to conduct; the commentary likewise brings everyone to an appointed day and settles the account by works.	sec13	"[{""line"": 24, ""strength"": ""strong"", ""tradition"": ""incil"", ""kind"": ""motif"", ""ref"": ""SBLGNT:Matt.16.27"", ""basis"": ""coming judge repays each by deeds"", ""note"": ""The commentary's appointed day brings every person to recompense for work; Jesus says the Son of Man comes in glory and repays each according to what that person has done."", ""turn"": 1, ""model"": ""luna"", ""connection_id"": ""BC-aa8ab3d5403737af21fd""}, {""line"": 41, ""strength"": ""strong"", ""tradition"": ""incil"", ""kind"": ""motif"", ""ref"": ""SBLGNT:Matt.16.27"", ""basis"": ""repay each according to deeds"", ""note"": ""The Son of Man comes in glory and repays each person according to conduct; the commentary likewise brings everyone to an appointed day and settles the account by works."", ""turn"": 1, ""model"": ""sol"", ""connection_id"": ""BC-ec9fb69e3f32329c554d""}]"
SBLGNT:Matt.18.23	medium	incil	motif	a king settles accounts	The commentary uses an account image for loss and recompense; Jesus begins a kingdom parable with a king settling accounts with servants, then develops how debt and mercy affect the verdict.	sec13	"[{""line"": 98, ""strength"": ""medium"", ""tradition"": ""incil"", ""kind"": ""motif"", ""ref"": ""SBLGNT:Matt.18.23"", ""basis"": ""a king settles accounts"", ""note"": ""The commentary uses an account image for loss and recompense; Jesus begins a kingdom parable with a king settling accounts with servants, then develops how debt and mercy affect the verdict."", ""turn"": 2, ""model"": ""luna"", ""connection_id"": ""BC-7fdce425fbcec5b5fda2""}]"
SBLGNT:Matt.18.34	medium	incil	motif	forgiven debtor punished for withholding mercy	The commentary sorts deeds toward punishment or reward; in the parable a servant whose debt was forgiven is handed over after refusing mercy to another, making the treatment of one's neighbor decisive.	sec13	"[{""line"": 99, ""strength"": ""medium"", ""tradition"": ""incil"", ""kind"": ""motif"", ""ref"": ""SBLGNT:Matt.18.34"", ""basis"": ""forgiven debtor punished for withholding mercy"", ""note"": ""The commentary sorts deeds toward punishment or reward; in the parable a servant whose debt was forgiven is handed over after refusing mercy to another, making the treatment of one's neighbor decisive."", ""turn"": 2, ""model"": ""luna"", ""connection_id"": ""BC-6280c1bd40e801e56666""}]"
SBLGNT:Matt.23.32	strong	incil	motif	evil measure filled	Jesus tells his opponents to fill up the measure of their ancestors; this makes moral evil accumulate toward judgment like the commentary's bad things piled one on another.	sec13	"[{""line"": 75, ""strength"": ""strong"", ""tradition"": ""incil"", ""kind"": ""motif"", ""ref"": ""SBLGNT:Matt.23.32"", ""basis"": ""evil measure filled"", ""note"": ""Jesus tells his opponents to fill up the measure of their ancestors; this makes moral evil accumulate toward judgment like the commentary's bad things piled one on another."", ""turn"": 1, ""model"": ""sol"", ""connection_id"": ""BC-6c3246563a12434b4ac1""}]"
SBLGNT:Matt.24.13	medium	incil	motif	endure to the end	The commentary's patience belongs to the people who escape loss; Jesus says the one who endures to the end will be saved, placing perseverance within an apocalyptic warning.	sec13	"[{""line"": 54, ""strength"": ""medium"", ""tradition"": ""incil"", ""kind"": ""motif"", ""ref"": ""SBLGNT:Matt.24.13"", ""basis"": ""endure to the end"", ""note"": ""The commentary's patience belongs to the people who escape loss; Jesus says the one who endures to the end will be saved, placing perseverance within an apocalyptic warning."", ""turn"": 1, ""model"": ""luna"", ""connection_id"": ""BC-bf85cfc245192eca359a""}]"
SBLGNT:Matt.25.32	strong	incil	motif	all nations; separation | separation of all nations	The commentary describes the final distinction between good and evil; Matthew gathers all nations before the Son of Man, who separates people as a shepherd separates sheep from goats. | The Son of Man gathers the nations and separates people as a shepherd separates sheep from goats; this supplies a scene for the commentary's final sorting of good from bad.	sec13	"[{""line"": 25, ""strength"": ""strong"", ""tradition"": ""incil"", ""kind"": ""motif"", ""ref"": ""SBLGNT:Matt.25.32"", ""basis"": ""all nations; separation"", ""note"": ""The commentary describes the final distinction between good and evil; Matthew gathers all nations before the Son of Man, who separates people as a shepherd separates sheep from goats."", ""turn"": 1, ""model"": ""luna"", ""connection_id"": ""BC-bc05ed6407486caf4f5d""}, {""line"": 50, ""strength"": ""strong"", ""tradition"": ""incil"", ""kind"": ""motif"", ""ref"": ""SBLGNT:Matt.25.32"", ""basis"": ""separation of all nations"", ""note"": ""The Son of Man gathers the nations and separates people as a shepherd separates sheep from goats; this supplies a scene for the commentary's final sorting of good from bad."", ""turn"": 1, ""model"": ""sol"", ""connection_id"": ""BC-a6b6755c8fbb45b41cb2""}]"
SBLGNT:Matt.25.35	strong	incil	motif	concrete deeds rewarded	The welcomed people fed the hungry and gave drink to the thirsty; the commentary's righteous deeds gain small, tangible instances used in the final verdict.	sec13	"[{""line"": 51, ""strength"": ""strong"", ""tradition"": ""incil"", ""kind"": ""motif"", ""ref"": ""SBLGNT:Matt.25.35"", ""basis"": ""concrete deeds rewarded"", ""note"": ""The welcomed people fed the hungry and gave drink to the thirsty; the commentary's righteous deeds gain small, tangible instances used in the final verdict."", ""turn"": 1, ""model"": ""sol"", ""connection_id"": ""BC-41b34f83ffc3f3610d4a""}]"
SBLGNT:Matt.25.40	strong	incil	motif	deeds to the least count as deeds to the king | act for the least counted for the king	The commentary says deeds determine the account; Matthew makes acts of care toward the least of the king's siblings count as acts done to the king, giving the judgment criterion a concrete social face. | The king says deeds done for one of the least of his family were done for him; this makes the commentary's minute good deed unexpectedly weighty at final judgment.	sec13	"[{""line"": 26, ""strength"": ""strong"", ""tradition"": ""incil"", ""kind"": ""motif"", ""ref"": ""SBLGNT:Matt.25.40"", ""basis"": ""deeds to the least count as deeds to the king"", ""note"": ""The commentary says deeds determine the account; Matthew makes acts of care toward the least of the king's siblings count as acts done to the king, giving the judgment criterion a concrete social face."", ""turn"": 1, ""model"": ""luna"", ""connection_id"": ""BC-f058e0c4824acfbe9323""}, {""line"": 52, ""strength"": ""strong"", ""tradition"": ""incil"", ""kind"": ""motif"", ""ref"": ""SBLGNT:Matt.25.40"", ""basis"": ""act for the least counted for the king"", ""note"": ""The king says deeds done for one of the least of his family were done for him; this makes the commentary's minute good deed unexpectedly weighty at final judgment."", ""turn"": 1, ""model"": ""sol"", ""connection_id"": ""BC-19a86340046765cf798a""}]"
SBLGNT:Matt.25.41	strong	incil	motif	fire assigned to rejected people	The rejected are sent to eternal fire after the separation; this connects the commentary's inverted patience, doing the works of fire's people, to a final destination.	sec13	"[{""line"": 53, ""strength"": ""strong"", ""tradition"": ""incil"", ""kind"": ""motif"", ""ref"": ""SBLGNT:Matt.25.41"", ""basis"": ""fire assigned to rejected people"", ""note"": ""The rejected are sent to eternal fire after the separation; this connects the commentary's inverted patience, doing the works of fire's people, to a final destination."", ""turn"": 1, ""model"": ""sol"", ""connection_id"": ""BC-b3b18aca12e0c8cd9e64""}]"
SBLGNT:Matt.25.42	strong	incil	motif	neglected small acts condemned	The rejected did not feed the hungry or give drink to the thirsty; this supplies the negative half of the commentary's smallest deed carrying weight at the division.	sec13	"[{""line"": 130, ""strength"": ""strong"", ""tradition"": ""incil"", ""kind"": ""motif"", ""ref"": ""SBLGNT:Matt.25.42"", ""basis"": ""neglected small acts condemned"", ""note"": ""The rejected did not feed the hungry or give drink to the thirsty; this supplies the negative half of the commentary's smallest deed carrying weight at the division."", ""turn"": 2, ""model"": ""sol"", ""connection_id"": ""BC-8ae10955e17a667abf05""}]"
SBLGNT:Matt.25.44	medium	incil	motif	rejected people question their verdict	The rejected ask when they failed to serve the king in his needs; their surprise is a concrete instance of the commentary's people who misjudge the worth of their own conduct.	sec13	"[{""line"": 141, ""strength"": ""medium"", ""tradition"": ""incil"", ""kind"": ""motif"", ""ref"": ""SBLGNT:Matt.25.44"", ""basis"": ""rejected people question their verdict"", ""note"": ""The rejected ask when they failed to serve the king in his needs; their surprise is a concrete instance of the commentary's people who misjudge the worth of their own conduct."", ""turn"": 2, ""model"": ""sol"", ""connection_id"": ""BC-dfdf93e40795f0144e0b""}]"
SBLGNT:Matt.25.46	strong	incil	motif	two final destinies | opposed final outcomes	The commentary's sorting ends in reward or punishment; Matthew closes the sheep-and-goats judgment with eternal punishment for one group and eternal life for the other. | The passage concludes with punishment for one group and life for the righteous; this matches the commentary's decisive division after the accounting.	sec13	"[{""line"": 27, ""strength"": ""strong"", ""tradition"": ""incil"", ""kind"": ""motif"", ""ref"": ""SBLGNT:Matt.25.46"", ""basis"": ""two final destinies"", ""note"": ""The commentary's sorting ends in reward or punishment; Matthew closes the sheep-and-goats judgment with eternal punishment for one group and eternal life for the other."", ""turn"": 1, ""model"": ""luna"", ""connection_id"": ""BC-12e4f2830fe7bb57598a""}, {""line"": 54, ""strength"": ""strong"", ""tradition"": ""incil"", ""kind"": ""motif"", ""ref"": ""SBLGNT:Matt.25.46"", ""basis"": ""opposed final outcomes"", ""note"": ""The passage concludes with punishment for one group and life for the righteous; this matches the commentary's decisive division after the accounting."", ""turn"": 1, ""model"": ""sol"", ""connection_id"": ""BC-3b9f82ddd8cf5a4d6893""}]"
SBLGNT:Matt.6.1	medium	incil	motif	visible righteousness loses reward	Jesus warns that righteousness performed to be seen by others receives no reward from the Father; this specifies why work that looks good might fail the commentary's account.	sec13	"[{""line"": 103, ""strength"": ""medium"", ""tradition"": ""incil"", ""kind"": ""motif"", ""ref"": ""SBLGNT:Matt.6.1"", ""basis"": ""visible righteousness loses reward"", ""note"": ""Jesus warns that righteousness performed to be seen by others receives no reward from the Father; this specifies why work that looks good might fail the commentary's account."", ""turn"": 1, ""model"": ""sol"", ""connection_id"": ""BC-17c59fb4bafbe7d5e2f3""}]"
SBLGNT:Matt.7.21	strong	incil	motif	doing the Father's will | doing the Father's will admits	The commentary's exception includes belief and righteous deeds; Jesus says entry into the kingdom belongs to the one who does the Father's will, distinguishing verbal confession from enacted obedience. | Jesus says entry into the kingdom belongs to one doing his Father's will, which explains why the impressive acts claimed in the following verse can still fail the commentary's good-work test.	sec13	"[{""line"": 73, ""strength"": ""strong"", ""tradition"": ""incil"", ""kind"": ""motif"", ""ref"": ""SBLGNT:Matt.7.21"", ""basis"": ""doing the Father's will"", ""note"": ""The commentary's exception includes belief and righteous deeds; Jesus says entry into the kingdom belongs to the one who does the Father's will, distinguishing verbal confession from enacted obedience."", ""turn"": 2, ""model"": ""luna"", ""connection_id"": ""BC-5843e3627923fd8c7dc9""}, {""line"": 129, ""strength"": ""strong"", ""tradition"": ""incil"", ""kind"": ""motif"", ""ref"": ""SBLGNT:Matt.7.21"", ""basis"": ""doing the Father's will admits"", ""note"": ""Jesus says entry into the kingdom belongs to one doing his Father's will, which explains why the impressive acts claimed in the following verse can still fail the commentary's good-work test."", ""turn"": 2, ""model"": ""sol"", ""connection_id"": ""BC-fd4cc4072d6023fba33e""}]"
SBLGNT:Matt.7.22	strong	incil	motif	confident workers appeal to deeds	Many appeal to prophecy, exorcism, and mighty works done in Jesus' name on that day; this mirrors the commentary's people who think their efforts good before judgment.	sec13	"[{""line"": 69, ""strength"": ""strong"", ""tradition"": ""incil"", ""kind"": ""motif"", ""ref"": ""SBLGNT:Matt.7.22"", ""basis"": ""confident workers appeal to deeds"", ""note"": ""Many appeal to prophecy, exorcism, and mighty works done in Jesus' name on that day; this mirrors the commentary's people who think their efforts good before judgment."", ""turn"": 1, ""model"": ""sol"", ""connection_id"": ""BC-bedf0228ba2f6e5414b1""}]"
SBLGNT:Matt.7.23	strong	incil	motif	workers of lawlessness rejected	Jesus rejects those claimants as workers of lawlessness; the commentary likewise says apparent good effort can prove valueless when the actual work is judged.	sec13	"[{""line"": 70, ""strength"": ""strong"", ""tradition"": ""incil"", ""kind"": ""motif"", ""ref"": ""SBLGNT:Matt.7.23"", ""basis"": ""workers of lawlessness rejected"", ""note"": ""Jesus rejects those claimants as workers of lawlessness; the commentary likewise says apparent good effort can prove valueless when the actual work is judged."", ""turn"": 1, ""model"": ""sol"", ""connection_id"": ""BC-a5c9bd0401cdb64b45b5""}]"
SBLGNT:Rev.14.12	strong	incil	motif	endurance; commandments; faith | endurance faith and commands	The commentary's exception joins belief and good action with patience; Revelation identifies the saints by endurance, keeping God's commandments, and faith in Jesus in an apocalyptic judgment setting. | The saints' endurance is described as keeping God's commands and faith in Jesus; this places patience, faith, and action together beside the surah's exception.	sec13	"[{""line"": 45, ""strength"": ""strong"", ""tradition"": ""incil"", ""kind"": ""motif"", ""ref"": ""SBLGNT:Rev.14.12"", ""basis"": ""endurance; commandments; faith"", ""note"": ""The commentary's exception joins belief and good action with patience; Revelation identifies the saints by endurance, keeping God's commandments, and faith in Jesus in an apocalyptic judgment setting."", ""turn"": 1, ""model"": ""luna"", ""connection_id"": ""BC-bfc4e3bc3f7ab683ce58""}, {""line"": 60, ""strength"": ""strong"", ""tradition"": ""incil"", ""kind"": ""motif"", ""ref"": ""SBLGNT:Rev.14.12"", ""basis"": ""endurance faith and commands"", ""note"": ""The saints' endurance is described as keeping God's commands and faith in Jesus; this places patience, faith, and action together beside the surah's exception."", ""turn"": 1, ""model"": ""sol"", ""connection_id"": ""BC-a1b37db6ffabf25945d7""}]"
SBLGNT:Rev.14.13	strong	incil	motif	deeds follow the dead	The commentary says what people have done is present at judgment; Revelation blesses those who die in the Lord and says their deeds follow them, making work accompany a person beyond death. | A voice says those who die in the Lord rest from labors and their works follow them; this closely meets the commentary's time limit, enduring good works, and deeds present afterward.	sec13	"[{""line"": 89, ""strength"": ""strong"", ""tradition"": ""incil"", ""kind"": ""motif"", ""ref"": ""SBLGNT:Rev.14.13"", ""basis"": ""deeds follow the dead"", ""note"": ""The commentary says what people have done is present at judgment; Revelation blesses those who die in the Lord and says their deeds follow them, making work accompany a person beyond death."", ""turn"": 2, ""model"": ""luna"", ""connection_id"": ""BC-57422d64a702922d1b0b""}, {""line"": 120, ""strength"": ""strong"", ""tradition"": ""incil"", ""kind"": ""motif"", ""ref"": ""SBLGNT:Rev.14.13"", ""basis"": ""deeds follow the dead"", ""note"": ""A voice says those who die in the Lord rest from labors and their works follow them; this closely meets the commentary's time limit, enduring good works, and deeds present afterward."", ""turn"": 2, ""model"": ""sol"", ""connection_id"": ""BC-17256436da819baa3033""}]"
SBLGNT:Rev.2.23	strong	incil	motif	search hearts and repay works	The speaker says he searches mind and heart and will give each person according to works; this adds the inward quality of deeds to the commentary's personal final account.	sec13	"[{""line"": 131, ""strength"": ""strong"", ""tradition"": ""incil"", ""kind"": ""motif"", ""ref"": ""SBLGNT:Rev.2.23"", ""basis"": ""search hearts and repay works"", ""note"": ""The speaker says he searches mind and heart and will give each person according to works; this adds the inward quality of deeds to the commentary's personal final account."", ""turn"": 2, ""model"": ""sol"", ""connection_id"": ""BC-9daf093417c19576d7a0""}]"
SBLGNT:Rev.20.12	strong	incil	motif	dead judged by written deeds | books opened and works judged	The commentary says what people did is present at judgment; Revelation shows the dead before the throne, books opened, and judgment according to what is written of their deeds. | The dead stand before the throne while books are opened and are judged by what their works record; this joins the commentary's present deeds to its individual ledger and final tribunal.	sec13	"[{""line"": 33, ""strength"": ""strong"", ""tradition"": ""incil"", ""kind"": ""motif"", ""ref"": ""SBLGNT:Rev.20.12"", ""basis"": ""dead judged by written deeds"", ""note"": ""The commentary says what people did is present at judgment; Revelation shows the dead before the throne, books opened, and judgment according to what is written of their deeds."", ""turn"": 1, ""model"": ""luna"", ""connection_id"": ""BC-8ee73fbfc656d5c5a239""}, {""line"": 47, ""strength"": ""strong"", ""tradition"": ""incil"", ""kind"": ""motif"", ""ref"": ""SBLGNT:Rev.20.12"", ""basis"": ""books opened and works judged"", ""note"": ""The dead stand before the throne while books are opened and are judged by what their works record; this joins the commentary's present deeds to its individual ledger and final tribunal."", ""turn"": 1, ""model"": ""sol"", ""connection_id"": ""BC-46fb0cce14cf0dbbc8ca""}]"
SBLGNT:Rev.20.13	strong	incil	motif	each judged by works	Death and Hades yield the dead, who are judged individually according to deeds; the commentary likewise insists each person meets the consequence of his own work.	sec13	"[{""line"": 48, ""strength"": ""strong"", ""tradition"": ""incil"", ""kind"": ""motif"", ""ref"": ""SBLGNT:Rev.20.13"", ""basis"": ""each judged by works"", ""note"": ""Death and Hades yield the dead, who are judged individually according to deeds; the commentary likewise insists each person meets the consequence of his own work."", ""turn"": 1, ""model"": ""sol"", ""connection_id"": ""BC-203b9e552ba4279c36a7""}]"
SBLGNT:Rev.20.15	strong	incil	motif	book and lake of fire	Anyone absent from the book of life is thrown into the lake of fire; this joins the commentary's record and the fire-bound consequence of evil work.	sec13	"[{""line"": 56, ""strength"": ""strong"", ""tradition"": ""incil"", ""kind"": ""motif"", ""ref"": ""SBLGNT:Rev.20.15"", ""basis"": ""book and lake of fire"", ""note"": ""Anyone absent from the book of life is thrown into the lake of fire; this joins the commentary's record and the fire-bound consequence of evil work."", ""turn"": 1, ""model"": ""sol"", ""connection_id"": ""BC-ae5a90d15f181397d184""}]"
SBLGNT:Rev.22.12	strong	incil	motif	return; recompense; work | coming soon with recompense	The commentary joins the appointed end to recompense for each person's work; the returning Christ says he brings reward to repay each according to work. | The coming speaker brings recompense to repay everyone for what each has done; this links the commentary's approaching appointed day to personal reward.	sec13	"[{""line"": 34, ""strength"": ""strong"", ""tradition"": ""incil"", ""kind"": ""motif"", ""ref"": ""SBLGNT:Rev.22.12"", ""basis"": ""return; recompense; work"", ""note"": ""The commentary joins the appointed end to recompense for each person's work; the returning Christ says he brings reward to repay each according to work."", ""turn"": 1, ""model"": ""luna"", ""connection_id"": ""BC-3b9e4f1dd53f31a938cb""}, {""line"": 49, ""strength"": ""strong"", ""tradition"": ""incil"", ""kind"": ""motif"", ""ref"": ""SBLGNT:Rev.22.12"", ""basis"": ""coming soon with recompense"", ""note"": ""The coming speaker brings recompense to repay everyone for what each has done; this links the commentary's approaching appointed day to personal reward."", ""turn"": 1, ""model"": ""sol"", ""connection_id"": ""BC-1f93ed0ce446b9cd9f5d""}]"
SBLGNT:Rev.3.17	medium	incil	motif	imagined wealth conceals poverty	The Laodiceans claim to need nothing but are called poor and exposed; this supplies the commentary's self-mistaken assessment with a striking deficit image.	sec13	"[{""line"": 142, ""strength"": ""medium"", ""tradition"": ""incil"", ""kind"": ""motif"", ""ref"": ""SBLGNT:Rev.3.17"", ""basis"": ""imagined wealth conceals poverty"", ""note"": ""The Laodiceans claim to need nothing but are called poor and exposed; this supplies the commentary's self-mistaken assessment with a striking deficit image."", ""turn"": 2, ""model"": ""sol"", ""connection_id"": ""BC-28af0f63cfbadfdc844f""}]"
SBLGNT:Rev.3.2	strong	incil	motif	works found incomplete	The risen speaker tells Sardis that its works have not been found complete before God; this is a precise counterpart to the commentary's apparently good work that fails the final assessment.	sec13	"[{""line"": 125, ""strength"": ""strong"", ""tradition"": ""incil"", ""kind"": ""motif"", ""ref"": ""SBLGNT:Rev.3.2"", ""basis"": ""works found incomplete"", ""note"": ""The risen speaker tells Sardis that its works have not been found complete before God; this is a precise counterpart to the commentary's apparently good work that fails the final assessment."", ""turn"": 2, ""model"": ""sol"", ""connection_id"": ""BC-0cbe83849f1ecc58eea0""}]"
SBLGNT:Rom.14.12	medium	incil	motif	each gives account to God	The commentary brings each person to a personal reckoning; Paul says each of us will give an account of himself to God, stressing individual answerability within a dispute about judging fellow believers.	sec13	"[{""line"": 101, ""strength"": ""medium"", ""tradition"": ""incil"", ""kind"": ""motif"", ""ref"": ""SBLGNT:Rom.14.12"", ""basis"": ""each gives account to God"", ""note"": ""The commentary brings each person to a personal reckoning; Paul says each of us will give an account of himself to God, stressing individual answerability within a dispute about judging fellow believers."", ""turn"": 2, ""model"": ""luna"", ""connection_id"": ""BC-5c3e45e193b288b53dd2""}]"
SBLGNT:Rom.2.5	strong	incil	motif	wrath stored for judgment day	Paul says a hard heart stores up wrath for the day of righteous judgment; this meets the commentary's accumulated evil and appointed day.	sec13	"[{""line"": 74, ""strength"": ""strong"", ""tradition"": ""incil"", ""kind"": ""motif"", ""ref"": ""SBLGNT:Rom.2.5"", ""basis"": ""wrath stored for judgment day"", ""note"": ""Paul says a hard heart stores up wrath for the day of righteous judgment; this meets the commentary's accumulated evil and appointed day."", ""turn"": 1, ""model"": ""sol"", ""connection_id"": ""BC-52cb2b37ca9edf7a2e5b""}]"
SBLGNT:Rom.2.6	strong	incil	motif	repayment according to work | repayment according to works	The commentary says the day brings every person to account by deeds; Paul states that God repays each according to works, applying the rule without a named exception. | Paul says God repays each person according to works; this precisely matches the commentary's explanation that the day assigns each human a consequence by work.	sec13	"[{""line"": 28, ""strength"": ""strong"", ""tradition"": ""incil"", ""kind"": ""motif"", ""ref"": ""SBLGNT:Rom.2.6"", ""basis"": ""repayment according to work"", ""note"": ""The commentary says the day brings every person to account by deeds; Paul states that God repays each according to works, applying the rule without a named exception."", ""turn"": 1, ""model"": ""luna"", ""connection_id"": ""BC-25e92e7e27c4779e2657""}, {""line"": 43, ""strength"": ""strong"", ""tradition"": ""incil"", ""kind"": ""motif"", ""ref"": ""SBLGNT:Rom.2.6"", ""basis"": ""repayment according to works"", ""note"": ""Paul says God repays each person according to works; this precisely matches the commentary's explanation that the day assigns each human a consequence by work."", ""turn"": 1, ""model"": ""sol"", ""connection_id"": ""BC-9f7026f12646ac9c7098""}]"
SBLGNT:Rom.2.7	strong	incil	motif	perseverance in good work | persistent good work and life	The commentary's exception combines righteous work with patience; Paul describes those who persist in good work while seeking glory and honor as receiving eternal life. | Paul assigns eternal life to those who persist in doing good; this combines the commentary's good deeds, patient endurance, and exception from loss.	sec13	"[{""line"": 29, ""strength"": ""strong"", ""tradition"": ""incil"", ""kind"": ""motif"", ""ref"": ""SBLGNT:Rom.2.7"", ""basis"": ""perseverance in good work"", ""note"": ""The commentary's exception combines righteous work with patience; Paul describes those who persist in good work while seeking glory and honor as receiving eternal life."", ""turn"": 1, ""model"": ""luna"", ""connection_id"": ""BC-9d0a6fce11e202cf131b""}, {""line"": 44, ""strength"": ""strong"", ""tradition"": ""incil"", ""kind"": ""motif"", ""ref"": ""SBLGNT:Rom.2.7"", ""basis"": ""persistent good work and life"", ""note"": ""Paul assigns eternal life to those who persist in doing good; this combines the commentary's good deeds, patient endurance, and exception from loss."", ""turn"": 1, ""model"": ""sol"", ""connection_id"": ""BC-f550640b69c33983d71d""}]"
SBLGNT:Rom.2.8	strong	incil	motif	persisting against truth brings wrath | disobey truth and receive wrath	The commentary warns that persistence can be directed toward deeds of fire; Paul contrasts the good-work endurance with self-seeking disobedience to truth, which meets wrath, preserving the moral direction of perseverance. | Paul contrasts those who reject truth and follow wrongdoing with the patient doers of good, assigning wrath; this connects the commentary's communicated truth and bad works to its final division.	sec13	"[{""line"": 30, ""strength"": ""strong"", ""tradition"": ""incil"", ""kind"": ""motif"", ""ref"": ""SBLGNT:Rom.2.8"", ""basis"": ""persisting against truth brings wrath"", ""note"": ""The commentary warns that persistence can be directed toward deeds of fire; Paul contrasts the good-work endurance with self-seeking disobedience to truth, which meets wrath, preserving the moral direction of perseverance."", ""turn"": 1, ""model"": ""luna"", ""connection_id"": ""BC-c59897fd463ff3fbd891""}, {""line"": 45, ""strength"": ""strong"", ""tradition"": ""incil"", ""kind"": ""motif"", ""ref"": ""SBLGNT:Rom.2.8"", ""basis"": ""disobey truth and receive wrath"", ""note"": ""Paul contrasts those who reject truth and follow wrongdoing with the patient doers of good, assigning wrath; this connects the commentary's communicated truth and bad works to its final division."", ""turn"": 1, ""model"": ""sol"", ""connection_id"": ""BC-560cace30657166de90f""}]"
Shepherd of Hermas, Mandate 5	medium	incil	motif	patience as a practice of righteousness	The commentary makes patience part of the work that marks the exception; Hermas contrasts patience with short temper and connects endurance to right conduct, treating patience as morally active rather than passive delay.	sec13	"[{""line"": 104, ""strength"": ""medium"", ""tradition"": ""incil"", ""kind"": ""motif"", ""ref"": ""Shepherd of Hermas, Mandate 5"", ""basis"": ""patience as a practice of righteousness"", ""note"": ""The commentary makes patience part of the work that marks the exception; Hermas contrasts patience with short temper and connects endurance to right conduct, treating patience as morally active rather than passive delay."", ""turn"": 2, ""model"": ""luna"", ""connection_id"": ""BC-cb164d88bdda7af27d87""}]"
1 Enoch 41:1	strong	tevrat	motif	actions weighed in a balance	The commentary's scales weigh human deeds; 1 Enoch's heavenly vision explicitly includes the actions of people being weighed in a balance, extending the image into an apocalyptic tour of heaven.	sec13	"[{""line"": 21, ""strength"": ""strong"", ""tradition"": ""tevrat"", ""kind"": ""motif"", ""ref"": ""1 Enoch 41:1"", ""basis"": ""actions weighed in a balance"", ""note"": ""The commentary's scales weigh human deeds; 1 Enoch's heavenly vision explicitly includes the actions of people being weighed in a balance, extending the image into an apocalyptic tour of heaven."", ""turn"": 1, ""model"": ""luna"", ""connection_id"": ""BC-f2a0df47218ce38de6ee""}]"
1 Enoch 47:3	medium	tevrat	yorum_gelenegi	books of the living opened	The apocalyptic court opens books of the living before the divine presence; this develops the commentary's record-and-day scene, though the books concern those counted as living rather than a list of every act.	sec13	"[{""line"": 136, ""strength"": ""medium"", ""tradition"": ""tevrat"", ""kind"": ""yorum_gelenegi"", ""ref"": ""1 Enoch 47:3"", ""basis"": ""books of the living opened"", ""note"": ""The apocalyptic court opens books of the living before the divine presence; this develops the commentary's record-and-day scene, though the books concern those counted as living rather than a list of every act."", ""turn"": 2, ""model"": ""sol"", ""connection_id"": ""BC-14af4c154b1e35d83903""}]"
2 Baruch 24:1	strong	tevrat	yorum_gelenegi	books of sins and stored righteousness	The apocalypse places written sins beside treasuries of righteous deeds when judgment arrives; this develops the commentary's present records and divided good and bad acts into two kinds of stored evidence.	sec13	"[{""line"": 117, ""strength"": ""strong"", ""tradition"": ""tevrat"", ""kind"": ""yorum_gelenegi"", ""ref"": ""2 Baruch 24:1"", ""basis"": ""books of sins and stored righteousness"", ""note"": ""The apocalypse places written sins beside treasuries of righteous deeds when judgment arrives; this develops the commentary's present records and divided good and bad acts into two kinds of stored evidence."", ""turn"": 2, ""model"": ""sol"", ""connection_id"": ""BC-483071361a8da86ecc89""}]"
4 Ezra (2 Esdras) 7:33	medium	tevrat	motif	seat of judgment; patience ends	The commentary describes a due day that closes the account; 4 Ezra says the Most High appears at the seat of judgment as compassion and long-suffering pass away, giving the end a sharper finality.	sec13	"[{""line"": 96, ""strength"": ""medium"", ""tradition"": ""tevrat"", ""kind"": ""motif"", ""ref"": ""4 Ezra (2 Esdras) 7:33"", ""basis"": ""seat of judgment; patience ends"", ""note"": ""The commentary describes a due day that closes the account; 4 Ezra says the Most High appears at the seat of judgment as compassion and long-suffering pass away, giving the end a sharper finality."", ""turn"": 2, ""model"": ""luna"", ""connection_id"": ""BC-db62f05593674b638e0e""}]"
4 Ezra (2 Esdras) 7:35	strong	tevrat	yorum_gelenegi	judgment, truth, recompense, awakened deeds	The commentary joins truth, work, and final recompense; 4 Ezra's end-time vision says judgment remains, truth stands, reward is shown, and good and evil deeds awaken, making the moral record explicit at the end.	sec13	"[{""line"": 71, ""strength"": ""strong"", ""tradition"": ""tevrat"", ""kind"": ""yorum_gelenegi"", ""ref"": ""4 Ezra (2 Esdras) 7:35"", ""basis"": ""judgment, truth, recompense, awakened deeds"", ""note"": ""The commentary joins truth, work, and final recompense; 4 Ezra's end-time vision says judgment remains, truth stands, reward is shown, and good and evil deeds awaken, making the moral record explicit at the end."", ""turn"": 2, ""model"": ""luna"", ""connection_id"": ""BC-8b8debfa5ccc1ba877c7""}]"
4 Ezra 7:35	strong	tevrat	yorum_gelenegi	works follow and deeds awake	The apocalyptic description says works follow, reward appears, good deeds awaken, and wicked deeds do not sleep; this gives the commentary's acts found present at judgment a vivid independent formulation.	sec13	"[{""line"": 118, ""strength"": ""strong"", ""tradition"": ""tevrat"", ""kind"": ""yorum_gelenegi"", ""ref"": ""4 Ezra 7:35"", ""basis"": ""works follow and deeds awake"", ""note"": ""The apocalyptic description says works follow, reward appears, good deeds awaken, and wicked deeds do not sleep; this gives the commentary's acts found present at judgment a vivid independent formulation."", ""turn"": 2, ""model"": ""sol"", ""connection_id"": ""BC-73fec80bdb82588aed38""}]"
Arakhin 16b	medium	tevrat	yorum_gelenegi	limits and difficulty of rebuke	The commentary's mutual counsel in truth recalls Leviticus' command to rebuke a neighbor; the rabbis debate whether people know how to give or receive rebuke, showing how the duty can fail in practice.	sec13	"[{""line"": 95, ""strength"": ""medium"", ""tradition"": ""tevrat"", ""kind"": ""yorum_gelenegi"", ""ref"": ""Arakhin 16b"", ""basis"": ""limits and difficulty of rebuke"", ""note"": ""The commentary's mutual counsel in truth recalls Leviticus' command to rebuke a neighbor; the rabbis debate whether people know how to give or receive rebuke, showing how the duty can fail in practice."", ""turn"": 2, ""model"": ""luna"", ""connection_id"": ""BC-a07be5e6e97360ece587""}]"
Babylonian Talmud Kiddushin 40b	medium	tevrat	yorum_gelenegi	one deed tips the balance	The discussion urges a person to imagine oneself and the world balanced between merit and liability so one deed can tip the outcome; this interprets the commentary's minute weighed acts as morally consequential.	sec13	"[{""line"": 91, ""strength"": ""medium"", ""tradition"": ""tevrat"", ""kind"": ""yorum_gelenegi"", ""ref"": ""Babylonian Talmud Kiddushin 40b"", ""basis"": ""one deed tips the balance"", ""note"": ""The discussion urges a person to imagine oneself and the world balanced between merit and liability so one deed can tip the outcome; this interprets the commentary's minute weighed acts as morally consequential."", ""turn"": 1, ""model"": ""sol"", ""connection_id"": ""BC-5a34ebcab42f1a6c6f5f""}]"
Babylonian Talmud Rosh Hashanah 16b	medium	tevrat	yorum_gelenegi	books for righteous and wicked	The Talmud speaks of books opened for the righteous, wicked, and intermediate at the new year; this gives the commentary's present deeds and good/bad division a specific Jewish record tradition.	sec13	"[{""line"": 90, ""strength"": ""medium"", ""tradition"": ""tevrat"", ""kind"": ""yorum_gelenegi"", ""ref"": ""Babylonian Talmud Rosh Hashanah 16b"", ""basis"": ""books for righteous and wicked"", ""note"": ""The Talmud speaks of books opened for the righteous, wicked, and intermediate at the new year; this gives the commentary's present deeds and good/bad division a specific Jewish record tradition."", ""turn"": 1, ""model"": ""sol"", ""connection_id"": ""BC-881e2303d9c56579d658""}]"
Kiddushin 40b	strong	tevrat	motif	one deed tips the scales	The commentary says not even a small deed escapes the balance; Kiddushin teaches that a person should see himself and the world as balanced, since one commandment can tip both toward merit and one transgression toward guilt.	sec13	"[{""line"": 20, ""strength"": ""strong"", ""tradition"": ""tevrat"", ""kind"": ""motif"", ""ref"": ""Kiddushin 40b"", ""basis"": ""one deed tips the scales"", ""note"": ""The commentary says not even a small deed escapes the balance; Kiddushin teaches that a person should see himself and the world as balanced, since one commandment can tip both toward merit and one transgression toward guilt."", ""turn"": 1, ""model"": ""luna"", ""connection_id"": ""BC-bf7363965fbd5e8e0d66""}]"
Mishnah Avot 2:1	strong	tevrat	motif|yorum_gelenegi	weigh commandment, reward, transgression, loss | calculate deed's cost against reward	The commentary makes work a moral account of gain and loss; Avot tells a person to weigh a commandment's loss against its reward and a transgression's reward against its loss, then says deeds are recorded in a book. | Avot urges calculating a commandment's loss against its reward and a sin's gain against its loss; this gives the commentary's profit-and-deficit language an explicit moral ledger tradition.	sec13	"[{""line"": 18, ""strength"": ""strong"", ""tradition"": ""tevrat"", ""kind"": ""motif"", ""ref"": ""Mishnah Avot 2:1"", ""basis"": ""weigh commandment, reward, transgression, loss"", ""note"": ""The commentary makes work a moral account of gain and loss; Avot tells a person to weigh a commandment's loss against its reward and a transgression's reward against its loss, then says deeds are recorded in a book."", ""turn"": 1, ""model"": ""luna"", ""connection_id"": ""BC-3b9ad8c02ed551ec5a3e""}, {""line"": 95, ""strength"": ""medium"", ""tradition"": ""tevrat"", ""kind"": ""yorum_gelenegi"", ""ref"": ""Mishnah Avot 2:1"", ""basis"": ""calculate deed's cost against reward"", ""note"": ""Avot urges calculating a commandment's loss against its reward and a sin's gain against its loss; this gives the commentary's profit-and-deficit language an explicit moral ledger tradition."", ""turn"": 1, ""model"": ""sol"", ""connection_id"": ""BC-91336e198bbb52cc632e""}]"
Mishnah Avot 3:15	strong	tevrat	motif	world judged; preponderance of deeds	The commentary's account ends by sorting people according to their work; Avot says the world is judged with goodness and everything depends on the preponderance of deeds, a rabbinic formulation that makes action's cumulative weight explicit.	sec13	"[{""line"": 19, ""strength"": ""strong"", ""tradition"": ""tevrat"", ""kind"": ""motif"", ""ref"": ""Mishnah Avot 3:15"", ""basis"": ""world judged; preponderance of deeds"", ""note"": ""The commentary's account ends by sorting people according to their work; Avot says the world is judged with goodness and everything depends on the preponderance of deeds, a rabbinic formulation that makes action's cumulative weight explicit."", ""turn"": 1, ""model"": ""luna"", ""connection_id"": ""BC-9bfe76d233b056a2ced0""}]"
Mishnah Avot 3:16	medium	tevrat	yorum_gelenegi	open ledger and exact collection	Avot describes an open ledger, a writing hand, collectors, and a true judgment of all actions; this supplies a detailed account metaphor for the commentary's closing of each person's record.	sec13	"[{""line"": 92, ""strength"": ""medium"", ""tradition"": ""tevrat"", ""kind"": ""yorum_gelenegi"", ""ref"": ""Mishnah Avot 3:16"", ""basis"": ""open ledger and exact collection"", ""note"": ""Avot describes an open ledger, a writing hand, collectors, and a true judgment of all actions; this supplies a detailed account metaphor for the commentary's closing of each person's record."", ""turn"": 1, ""model"": ""sol"", ""connection_id"": ""BC-de46c62e69394308f418""}]"
Mishnah Avot 4:11	medium	tevrat	yorum_gelenegi	deed creates advocate or accuser	Avot says one commandment gains an advocate and one transgression an accuser; this personifies the commentary's good and bad acts standing ready when judged.	sec13	"[{""line"": 93, ""strength"": ""medium"", ""tradition"": ""tevrat"", ""kind"": ""yorum_gelenegi"", ""ref"": ""Mishnah Avot 4:11"", ""basis"": ""deed creates advocate or accuser"", ""note"": ""Avot says one commandment gains an advocate and one transgression an accuser; this personifies the commentary's good and bad acts standing ready when judged."", ""turn"": 1, ""model"": ""sol"", ""connection_id"": ""BC-6046deb0cae7df6fd137""}]"
Mishnah Avot 4:22	strong	tevrat	motif|yorum_gelenegi	life ends in an account before the King | give an account to the King	The commentary brings each human to the term of an account; Avot says every person is born, lives, dies, and must give account before the King of kings, compressing life's whole course into an unavoidable reckoning. | Avot says a person will eventually give a reckoning before the King of kings; this parallels the commentary's inevitable personal settlement after one's allotted life.	sec13	"[{""line"": 69, ""strength"": ""strong"", ""tradition"": ""tevrat"", ""kind"": ""motif"", ""ref"": ""Mishnah Avot 4:22"", ""basis"": ""life ends in an account before the King"", ""note"": ""The commentary brings each human to the term of an account; Avot says every person is born, lives, dies, and must give account before the King of kings, compressing life's whole course into an unavoidable reckoning."", ""turn"": 2, ""model"": ""luna"", ""connection_id"": ""BC-60e34c7ef19216c30ded""}, {""line"": 94, ""strength"": ""medium"", ""tradition"": ""tevrat"", ""kind"": ""yorum_gelenegi"", ""ref"": ""Mishnah Avot 4:22"", ""basis"": ""give an account to the King"", ""note"": ""Avot says a person will eventually give a reckoning before the King of kings; this parallels the commentary's inevitable personal settlement after one's allotted life."", ""turn"": 1, ""model"": ""sol"", ""connection_id"": ""BC-4e96b00874d8f698a6e4""}]"
Mishnah Rosh Hashanah 1:2	medium	tevrat	yorum_gelenegi	all pass before divine judgment	The Mishnah says all inhabitants of the world pass before God for judgment at the new year; this interprets the commentary's every-person account through a recurring Jewish liturgical day.	sec13	"[{""line"": 89, ""strength"": ""medium"", ""tradition"": ""tevrat"", ""kind"": ""yorum_gelenegi"", ""ref"": ""Mishnah Rosh Hashanah 1:2"", ""basis"": ""all pass before divine judgment"", ""note"": ""The Mishnah says all inhabitants of the world pass before God for judgment at the new year; this interprets the commentary's every-person account through a recurring Jewish liturgical day."", ""turn"": 1, ""model"": ""sol"", ""connection_id"": ""BC-8c004d6ac9b0f0559510""}]"
Rosh Hashanah 16b	medium	tevrat	yorum_gelenegi	three books; annual judgment	The commentary distinguishes the people who escape loss from those condemned; the rabbinic New Year judgment tradition pictures the righteous, wicked, and intermediate as entered in three books, giving a developed Jewish account of classification at judgment.	sec13	"[{""line"": 51, ""strength"": ""medium"", ""tradition"": ""tevrat"", ""kind"": ""yorum_gelenegi"", ""ref"": ""Rosh Hashanah 16b"", ""basis"": ""three books; annual judgment"", ""note"": ""The commentary distinguishes the people who escape loss from those condemned; the rabbinic New Year judgment tradition pictures the righteous, wicked, and intermediate as entered in three books, giving a developed Jewish account of classification at judgment."", ""turn"": 1, ""model"": ""luna"", ""connection_id"": ""BC-a574dc21a07d785db7cb""}]"
Shabbat 31a	strong	tevrat	yorum_gelenegi	questions at heavenly judgment	The commentary makes faith and work answerable at the end; the Talmud imagines the court asking whether one dealt faithfully, fixed time for Torah, hoped for salvation, and pursued wisdom, turning judgment into concrete questions about a lived life.	sec13	"[{""line"": 70, ""strength"": ""strong"", ""tradition"": ""tevrat"", ""kind"": ""yorum_gelenegi"", ""ref"": ""Shabbat 31a"", ""basis"": ""questions at heavenly judgment"", ""note"": ""The commentary makes faith and work answerable at the end; the Talmud imagines the court asking whether one dealt faithfully, fixed time for Torah, hoped for salvation, and pursued wisdom, turning judgment into concrete questions about a lived life."", ""turn"": 2, ""model"": ""luna"", ""connection_id"": ""BC-e62ac18e71f9fd0d2d18""}]"
Shavuot 39a	medium	tevrat	motif	mutual responsibility; Israel as guarantors	The commentary makes people urge one another toward truth and patience; Shavuot says all Israel are guarantors for one another, adding a covenantal account of why a person's conduct concerns the whole community.	sec13	"[{""line"": 57, ""strength"": ""medium"", ""tradition"": ""tevrat"", ""kind"": ""motif"", ""ref"": ""Shavuot 39a"", ""basis"": ""mutual responsibility; Israel as guarantors"", ""note"": ""The commentary makes people urge one another toward truth and patience; Shavuot says all Israel are guarantors for one another, adding a covenantal account of why a person's conduct concerns the whole community."", ""turn"": 1, ""model"": ""luna"", ""connection_id"": ""BC-36c8ef535aaabad4ea13""}]"
Sirach 11:26	strong	tevrat	yorum_gelenegi	recompense at death according to conduct	Sirach says it is easy for the Lord to repay a person at death according to that person's ways; this joins the commentary's allotted term and binding individual recompense.	sec13	"[{""line"": 119, ""strength"": ""strong"", ""tradition"": ""tevrat"", ""kind"": ""yorum_gelenegi"", ""ref"": ""Sirach 11:26"", ""basis"": ""recompense at death according to conduct"", ""note"": ""Sirach says it is easy for the Lord to repay a person at death according to that person's ways; this joins the commentary's allotted term and binding individual recompense."", ""turn"": 2, ""model"": ""sol"", ""connection_id"": ""BC-20f847b3f3c67bca0998""}]"
Testament of Abraham, Recension A 13	strong	tevrat	motif|yorum_gelenegi	souls; good and evil deeds on scales | soul weighed in heavenly judgment	The commentary's balance tests work and separates outcomes; Abraham's vision of judgment has a soul's good and evil deeds weighed, with the result determining its fate, giving a close Jewish apocalyptic scene. | A scene in this recension appears to bring a soul's merits and sins into a heavenly weighing, close to the commentary's personal balance; the chapter placement and the roles of the heavenly figures are uncertain from memory.	sec13	"[{""line"": 22, ""strength"": ""strong"", ""tradition"": ""tevrat"", ""kind"": ""motif"", ""ref"": ""Testament of Abraham, Recension A 13"", ""basis"": ""souls; good and evil deeds on scales"", ""note"": ""The commentary's balance tests work and separates outcomes; Abraham's vision of judgment has a soul's good and evil deeds weighed, with the result determining its fate, giving a close Jewish apocalyptic scene."", ""turn"": 1, ""model"": ""luna"", ""connection_id"": ""BC-76d8527d7337d07d0bc8""}, {""line"": 148, ""strength"": ""weak"", ""tradition"": ""tevrat"", ""kind"": ""yorum_gelenegi"", ""ref"": ""Testament of Abraham, Recension A 13"", ""basis"": ""soul weighed in heavenly judgment"", ""note"": ""A scene in this recension appears to bring a soul's merits and sins into a heavenly weighing, close to the commentary's personal balance; the chapter placement and the roles of the heavenly figures are uncertain from memory."", ""turn"": 2, ""model"": ""sol"", ""connection_id"": ""BC-e5fca2cf1473f67a3c5b""}]"
WLC:1Sam.2.3	strong	tevrat	karsi_anlati|motif	God weighs actions | qere לו; deeds measured by God | WLC ketiv ולא versus qere לו	Hannah's song says the Lord is a God of knowledge and actions are weighed by him; this gives a direct biblical image for the commentary's scales measuring each person's work. | In Hannah's song the traditional qere makes God the one by whom deeds are measured, closely matching the commentary's scales for human action; WLC's written ketiv ולא differs, so this connection depends on the named reading. | The written ketiv can be read as denying that deeds are measured, unlike the commentary's scales; the familiar qere gives the opposite sense, so the reversal is textually uncertain and should be checked against the WLC stream.	sec13	"[{""line"": 3, ""strength"": ""strong"", ""tradition"": ""tevrat"", ""kind"": ""motif"", ""ref"": ""WLC:1Sam.2.3"", ""basis"": ""God weighs actions"", ""note"": ""Hannah's song says the Lord is a God of knowledge and actions are weighed by him; this gives a direct biblical image for the commentary's scales measuring each person's work."", ""turn"": 1, ""model"": ""luna"", ""connection_id"": ""BC-25cc7e64ba2af98d1389""}, {""line"": 146, ""strength"": ""weak"", ""tradition"": ""tevrat"", ""kind"": ""motif"", ""ref"": ""WLC:1Sam.2.3"", ""basis"": ""qere לו; deeds measured by God"", ""note"": ""In Hannah's song the traditional qere makes God the one by whom deeds are measured, closely matching the commentary's scales for human action; WLC's written ketiv ולא differs, so this connection depends on the named reading."", ""turn"": 2, ""model"": ""sol"", ""connection_id"": ""BC-93c2a007249233aaf81c""}, {""line"": 147, ""strength"": ""weak"", ""tradition"": ""tevrat"", ""kind"": ""karsi_anlati"", ""ref"": ""WLC:1Sam.2.3"", ""basis"": ""WLC ketiv ולא versus qere לו"", ""note"": ""The written ketiv can be read as denying that deeds are measured, unlike the commentary's scales; the familiar qere gives the opposite sense, so the reversal is textually uncertain and should be checked against the WLC stream."", ""turn"": 2, ""model"": ""sol"", ""connection_id"": ""BC-5944ed4fa75672a71e2c""}]"
WLC:Dan.12.1	strong	tevrat	motif	names written in the book | written in book delivered	The commentary distinguishes those who escape loss; Daniel says those found written in the book are delivered during unparalleled trouble, adding a register of the spared immediately before the resurrection division. | Daniel's people whose names are found written in the book are delivered at the time of distress; the commentary likewise makes a recorded status matter at the decisive day.	sec13	"[{""line"": 64, ""strength"": ""strong"", ""tradition"": ""tevrat"", ""kind"": ""motif"", ""ref"": ""WLC:Dan.12.1"", ""basis"": ""names written in the book"", ""note"": ""The commentary distinguishes those who escape loss; Daniel says those found written in the book are delivered during unparalleled trouble, adding a register of the spared immediately before the resurrection division."", ""turn"": 2, ""model"": ""luna"", ""connection_id"": ""BC-1dad78b14fa0b7558cf7""}, {""line"": 5, ""strength"": ""strong"", ""tradition"": ""tevrat"", ""kind"": ""motif"", ""ref"": ""WLC:Dan.12.1"", ""basis"": ""written in book delivered"", ""note"": ""Daniel's people whose names are found written in the book are delivered at the time of distress; the commentary likewise makes a recorded status matter at the decisive day."", ""turn"": 1, ""model"": ""sol"", ""connection_id"": ""BC-4230bcf608b8201ccf7e""}]"
WLC:Dan.12.2	strong	tevrat	motif	resurrection; two outcomes | resurrection to life or disgrace	The commentary identifies the Hāqqa with resurrection and judgment; Daniel's sleepers awaken from the dust, some to everlasting life and others to disgrace, supplying an early Jewish scriptural scene of divided destinies. | Daniel distinguishes the awakened dead by everlasting life or disgrace; this corresponds to the commentary's final division of good and bad, with a bodily resurrection in Daniel's setting.	sec13	"[{""line"": 8, ""strength"": ""strong"", ""tradition"": ""tevrat"", ""kind"": ""motif"", ""ref"": ""WLC:Dan.12.2"", ""basis"": ""resurrection; two outcomes"", ""note"": ""The commentary identifies the Hāqqa with resurrection and judgment; Daniel's sleepers awaken from the dust, some to everlasting life and others to disgrace, supplying an early Jewish scriptural scene of divided destinies."", ""turn"": 1, ""model"": ""luna"", ""connection_id"": ""BC-aa904dd425db7385edeb""}, {""line"": 6, ""strength"": ""strong"", ""tradition"": ""tevrat"", ""kind"": ""motif"", ""ref"": ""WLC:Dan.12.2"", ""basis"": ""resurrection to life or disgrace"", ""note"": ""Daniel distinguishes the awakened dead by everlasting life or disgrace; this corresponds to the commentary's final division of good and bad, with a bodily resurrection in Daniel's setting."", ""turn"": 1, ""model"": ""sol"", ""connection_id"": ""BC-536d3181cb641eb6be40""}]"
WLC:Dan.5.26	strong	tevrat	motif	days numbered and kingdom ended	Daniel first says Belshazzar's kingdom has been numbered and brought to an end; this joins the commentary's allotted time to the closing of a judicial account.	sec13	"[{""line"": 3, ""strength"": ""strong"", ""tradition"": ""tevrat"", ""kind"": ""motif"", ""ref"": ""WLC:Dan.5.26"", ""basis"": ""days numbered and kingdom ended"", ""note"": ""Daniel first says Belshazzar's kingdom has been numbered and brought to an end; this joins the commentary's allotted time to the closing of a judicial account."", ""turn"": 1, ""model"": ""sol"", ""connection_id"": ""BC-4e74d231334b2a73620f""}]"
WLC:Dan.5.27	strong	tevrat	motif|soydas	Source root خ س ر; Aramaic חסר; table sound correspondence | scales; weighed and found deficient | weighed and found deficient | Aramaic חסר; table sound correspondence	The commentary labels khusr as loss and describes the person found deficient on the scales; Daniel's Aramaic חסר says Belshazzar was found deficient after weighing. The package table marks خ→ח, س→ס, ر→ר as an unverified regular correspondence, so this is a lexical echo in a matching context, not a proven etymology. | The commentary's deficient account at judgment is closely matched by Daniel's weighing of Belshazzar and finding him lacking, which ends his kingdom. Daniel applies the measure to a ruler's historical sentence; the commentary extends the image to every person's recompense. | Daniel explains the writing against Belshazzar as a weighing that finds him deficient; the commentary likewise reads loss as an account coming up light at judgment, though Daniel addresses a king's immediate downfall. | The Aramaic verdict says Belshazzar was found lacking after weighing; this gives the commentary's خسر as deficit at the scales a precise semantic analogue, while the proposed root correspondence remains unverified.	sec13	"[{""line"": 1, ""strength"": ""strong"", ""tradition"": ""tevrat"", ""kind"": ""soydas"", ""ref"": ""WLC:Dan.5.27"", ""basis"": ""Source root خ س ر; Aramaic חסר; table sound correspondence"", ""note"": ""The commentary labels khusr as loss and describes the person found deficient on the scales; Daniel's Aramaic חסר says Belshazzar was found deficient after weighing. The package table marks خ→ח, س→ס, ر→ר as an unverified regular correspondence, so this is a lexical echo in a matching context, not a proven etymology."", ""turn"": 1, ""model"": ""luna"", ""connection_id"": ""BC-8ac206137d982dfde671""}, {""line"": 2, ""strength"": ""strong"", ""tradition"": ""tevrat"", ""kind"": ""motif"", ""ref"": ""WLC:Dan.5.27"", ""basis"": ""scales; weighed and found deficient"", ""note"": ""The commentary's deficient account at judgment is closely matched by Daniel's weighing of Belshazzar and finding him lacking, which ends his kingdom. Daniel applies the measure to a ruler's historical sentence; the commentary extends the image to every person's recompense."", ""turn"": 1, ""model"": ""luna"", ""connection_id"": ""BC-0505d42b1c1b63815401""}, {""line"": 1, ""strength"": ""strong"", ""tradition"": ""tevrat"", ""kind"": ""motif"", ""ref"": ""WLC:Dan.5.27"", ""basis"": ""weighed and found deficient"", ""note"": ""Daniel explains the writing against Belshazzar as a weighing that finds him deficient; the commentary likewise reads loss as an account coming up light at judgment, though Daniel addresses a king's immediate downfall."", ""turn"": 1, ""model"": ""sol"", ""connection_id"": ""BC-91041080c591c62921f0""}, {""line"": 2, ""strength"": ""strong"", ""tradition"": ""tevrat"", ""kind"": ""soydas"", ""ref"": ""WLC:Dan.5.27"", ""basis"": ""Aramaic חסר; table sound correspondence"", ""note"": ""The Aramaic verdict says Belshazzar was found lacking after weighing; this gives the commentary's خسر as deficit at the scales a precise semantic analogue, while the proposed root correspondence remains unverified."", ""turn"": 1, ""model"": ""sol"", ""connection_id"": ""BC-66b549c884a6b90490ee""}]"
WLC:Dan.5.28	medium	tevrat	motif	weighed king's realm divided	Daniel's third explanation says Belshazzar's kingdom is divided and given away; it specifies what is lost when the weighed account in the preceding verse proves deficient.	sec13	"[{""line"": 132, ""strength"": ""medium"", ""tradition"": ""tevrat"", ""kind"": ""motif"", ""ref"": ""WLC:Dan.5.28"", ""basis"": ""weighed king's realm divided"", ""note"": ""Daniel's third explanation says Belshazzar's kingdom is divided and given away; it specifies what is lost when the weighed account in the preceding verse proves deficient."", ""turn"": 2, ""model"": ""sol"", ""connection_id"": ""BC-bb33c9a339a24ad270b9""}]"
WLC:Dan.6.29	strong	tevrat	soydas	Aramaic צלח; table sound correspondence	Daniel prospers after his deliverance from the lions; this gives a narrative setting for good outcome after steadfastness beside the commentary's good work and patience, without making the roots proven cognates.	sec13	"[{""line"": 33, ""strength"": ""strong"", ""tradition"": ""tevrat"", ""kind"": ""soydas"", ""ref"": ""WLC:Dan.6.29"", ""basis"": ""Aramaic צלח; table sound correspondence"", ""note"": ""Daniel prospers after his deliverance from the lions; this gives a narrative setting for good outcome after steadfastness beside the commentary's good work and patience, without making the roots proven cognates."", ""turn"": 1, ""model"": ""sol"", ""connection_id"": ""BC-316193d804109759ee2e""}]"
WLC:Dan.7.10	strong	tevrat	motif	court sits; books opened | court sits and books open	The commentary says deeds are present at judgment; Daniel's heavenly court takes its seat and opens books, adding a courtroom and record-book scene distinct from Daniel's weighed king and resurrection. | At the heavenly court books are opened before judgment; this corresponds to the commentary's deeds present as a record when each person's account closes.	sec13	"[{""line"": 62, ""strength"": ""strong"", ""tradition"": ""tevrat"", ""kind"": ""motif"", ""ref"": ""WLC:Dan.7.10"", ""basis"": ""court sits; books opened"", ""note"": ""The commentary says deeds are present at judgment; Daniel's heavenly court takes its seat and opens books, adding a courtroom and record-book scene distinct from Daniel's weighed king and resurrection."", ""turn"": 2, ""model"": ""luna"", ""connection_id"": ""BC-57d160b4dce326cfa909""}, {""line"": 4, ""strength"": ""strong"", ""tradition"": ""tevrat"", ""kind"": ""motif"", ""ref"": ""WLC:Dan.7.10"", ""basis"": ""court sits and books open"", ""note"": ""At the heavenly court books are opened before judgment; this corresponds to the commentary's deeds present as a record when each person's account closes."", ""turn"": 1, ""model"": ""sol"", ""connection_id"": ""BC-adb26095baae2c2c50ac""}]"
WLC:Dan.7.22	strong	tevrat	motif	judgment for the holy ones	The commentary separates those whose work preserves them from the lost; after the beasts' oppression Daniel says judgment is given in favor of the holy ones and their time comes to possess the kingdom, adding vindication for the righteous.	sec13	"[{""line"": 63, ""strength"": ""strong"", ""tradition"": ""tevrat"", ""kind"": ""motif"", ""ref"": ""WLC:Dan.7.22"", ""basis"": ""judgment for the holy ones"", ""note"": ""The commentary separates those whose work preserves them from the lost; after the beasts' oppression Daniel says judgment is given in favor of the holy ones and their time comes to possess the kingdom, adding vindication for the righteous."", ""turn"": 2, ""model"": ""luna"", ""connection_id"": ""BC-e5464358b03a0a4df1c8""}]"
WLC:Deut.32.35	strong	tevrat	motif	appointed time of recompense	Deuteronomy reserves vengeance and repayment for the time when the wrongdoers' foot slips; the commentary likewise lets a fixed time mature into binding recompense.	sec13	"[{""line"": 37, ""strength"": ""strong"", ""tradition"": ""tevrat"", ""kind"": ""motif"", ""ref"": ""WLC:Deut.32.35"", ""basis"": ""appointed time of recompense"", ""note"": ""Deuteronomy reserves vengeance and repayment for the time when the wrongdoers' foot slips; the commentary likewise lets a fixed time mature into binding recompense."", ""turn"": 1, ""model"": ""sol"", ""connection_id"": ""BC-8b2107cef2ec4baca8e0""}]"
WLC:Eccl.1.3	strong	tevrat	soydas	Source root ع م ل; Hebrew עמל; table sound correspondence | Hebrew עמל; table sound correspondence	The commentary labels the deeds with ع م ل and presents work within a profit-and-loss account. Ecclesiastes 1:3 asks what gain a person has from all the toil under the sun; עמל is the package table's unverified regular correspondence, and its sense is toil rather than morally good deed. | Qoheleth asks what gain a person gets from all his toil under the sun; the commentary hears human loss beside work and passing time, though this verse questions earthly gain rather than announcing final punishment.	sec13	"[{""line"": 16, ""strength"": ""strong"", ""tradition"": ""tevrat"", ""kind"": ""soydas"", ""ref"": ""WLC:Eccl.1.3"", ""basis"": ""Source root ع م ل; Hebrew עמל; table sound correspondence"", ""note"": ""The commentary labels the deeds with ع م ل and presents work within a profit-and-loss account. Ecclesiastes 1:3 asks what gain a person has from all the toil under the sun; עמל is the package table's unverified regular correspondence, and its sense is toil rather than morally good deed."", ""turn"": 1, ""model"": ""luna"", ""connection_id"": ""BC-481f20c2d600eca3a8a7""}, {""line"": 9, ""strength"": ""strong"", ""tradition"": ""tevrat"", ""kind"": ""soydas"", ""ref"": ""WLC:Eccl.1.3"", ""basis"": ""Hebrew עמל; table sound correspondence"", ""note"": ""Qoheleth asks what gain a person gets from all his toil under the sun; the commentary hears human loss beside work and passing time, though this verse questions earthly gain rather than announcing final punishment."", ""turn"": 1, ""model"": ""sol"", ""connection_id"": ""BC-73fe0e547bce8d08cc1f""}]"
WLC:Eccl.11.9	medium	tevrat	motif	joy now; judgment for all	The commentary treats time as a term ending in reckoning; Ecclesiastes permits the young to follow heart and eyes but warns that God will bring them into judgment for all this, joining present action to future accounting.	sec13	"[{""line"": 93, ""strength"": ""medium"", ""tradition"": ""tevrat"", ""kind"": ""motif"", ""ref"": ""WLC:Eccl.11.9"", ""basis"": ""joy now; judgment for all"", ""note"": ""The commentary treats time as a term ending in reckoning; Ecclesiastes permits the young to follow heart and eyes but warns that God will bring them into judgment for all this, joining present action to future accounting."", ""turn"": 2, ""model"": ""luna"", ""connection_id"": ""BC-34f4e6c2158b56da89d1""}]"
WLC:Eccl.12.14	strong	tevrat	motif	all deeds; good and evil | every deed and hidden thing judged	The commentary says every deed is present for judgment and good is distinguished from evil; Ecclesiastes says God brings every deed, including hidden things, to judgment, whether good or evil. | Qoheleth says God will bring every deed, including hidden good or evil, to judgment; the commentary similarly makes even tiny acts present at the final account.	sec13	"[{""line"": 4, ""strength"": ""strong"", ""tradition"": ""tevrat"", ""kind"": ""motif"", ""ref"": ""WLC:Eccl.12.14"", ""basis"": ""all deeds; good and evil"", ""note"": ""The commentary says every deed is present for judgment and good is distinguished from evil; Ecclesiastes says God brings every deed, including hidden things, to judgment, whether good or evil."", ""turn"": 1, ""model"": ""luna"", ""connection_id"": ""BC-328f5022efff09fc4d70""}, {""line"": 8, ""strength"": ""strong"", ""tradition"": ""tevrat"", ""kind"": ""motif"", ""ref"": ""WLC:Eccl.12.14"", ""basis"": ""every deed and hidden thing judged"", ""note"": ""Qoheleth says God will bring every deed, including hidden good or evil, to judgment; the commentary similarly makes even tiny acts present at the final account."", ""turn"": 1, ""model"": ""sol"", ""connection_id"": ""BC-cb892ee810c7933bf7a1""}]"
WLC:Eccl.2.11	strong	tevrat	soydas	Hebrew עמל; table sound correspondence	Qoheleth surveys his works and toil and finds no lasting gain; this sharpens the commentary's accounting sense of human loss, while its exception for good deeds gives another outcome.	sec13	"[{""line"": 10, ""strength"": ""strong"", ""tradition"": ""tevrat"", ""kind"": ""soydas"", ""ref"": ""WLC:Eccl.2.11"", ""basis"": ""Hebrew עמל; table sound correspondence"", ""note"": ""Qoheleth surveys his works and toil and finds no lasting gain; this sharpens the commentary's accounting sense of human loss, while its exception for good deeds gives another outcome."", ""turn"": 1, ""model"": ""sol"", ""connection_id"": ""BC-af09a9b1dc3de3adc51d""}]"
WLC:Eccl.3.17	strong	tevrat	motif	time to judge every work | time for every work and judgment	The commentary connects time with the due day and says good and bad works are separated; Ecclesiastes explicitly says there is a time for every matter and work when God judges righteous and wicked. | Qoheleth says God will judge righteous and wicked because there is a time for every matter and every work; this directly joins the commentary's allotted time, work, and judgment.	sec13	"[{""line"": 61, ""strength"": ""strong"", ""tradition"": ""tevrat"", ""kind"": ""motif"", ""ref"": ""WLC:Eccl.3.17"", ""basis"": ""time to judge every work"", ""note"": ""The commentary connects time with the due day and says good and bad works are separated; Ecclesiastes explicitly says there is a time for every matter and work when God judges righteous and wicked."", ""turn"": 2, ""model"": ""luna"", ""connection_id"": ""BC-a24dff7c19e2d9c2d3db""}, {""line"": 7, ""strength"": ""strong"", ""tradition"": ""tevrat"", ""kind"": ""motif"", ""ref"": ""WLC:Eccl.3.17"", ""basis"": ""time for every work and judgment"", ""note"": ""Qoheleth says God will judge righteous and wicked because there is a time for every matter and every work; this directly joins the commentary's allotted time, work, and judgment."", ""turn"": 1, ""model"": ""sol"", ""connection_id"": ""BC-7ad7421700efafcf308b""}]"
WLC:Eccl.9.10	strong	tevrat	motif	work only within mortal life | work while time remains	The commentary makes the present term the span in which work counts; Ecclesiastes urges doing what one's hand finds with strength because there is no work or knowledge in Sheol, making life's limit a reason for action. | Qoheleth urges doing whatever work one's hand finds because the grave has no work; the commentary likewise treats time as a deadline for deeds that later face accounting.	sec13	"[{""line"": 94, ""strength"": ""medium"", ""tradition"": ""tevrat"", ""kind"": ""motif"", ""ref"": ""WLC:Eccl.9.10"", ""basis"": ""work only within mortal life"", ""note"": ""The commentary makes the present term the span in which work counts; Ecclesiastes urges doing what one's hand finds with strength because there is no work or knowledge in Sheol, making life's limit a reason for action."", ""turn"": 2, ""model"": ""luna"", ""connection_id"": ""BC-74d66a224e1b17e8c78a""}, {""line"": 11, ""strength"": ""strong"", ""tradition"": ""tevrat"", ""kind"": ""motif"", ""ref"": ""WLC:Eccl.9.10"", ""basis"": ""work while time remains"", ""note"": ""Qoheleth urges doing whatever work one's hand finds because the grave has no work; the commentary likewise treats time as a deadline for deeds that later face accounting."", ""turn"": 1, ""model"": ""sol"", ""connection_id"": ""BC-3c4537e92799451f36d8""}]"
WLC:Exod.32.33	medium	tevrat	motif	sinner blotted from divine book	God says the one who sins against him will be erased from his book; this reverses the commentary's image of acts attached to the person while keeping the same individual-account logic.	sec13	"[{""line"": 82, ""strength"": ""medium"", ""tradition"": ""tevrat"", ""kind"": ""motif"", ""ref"": ""WLC:Exod.32.33"", ""basis"": ""sinner blotted from divine book"", ""note"": ""God says the one who sins against him will be erased from his book; this reverses the commentary's image of acts attached to the person while keeping the same individual-account logic."", ""turn"": 1, ""model"": ""sol"", ""connection_id"": ""BC-0c8dace87f76c58a7b69""}]"
WLC:Ezek.18.20	strong	tevrat	motif	one bears one's own guilt	Ezekiel denies that child or parent bears the other's guilt and assigns each one's righteousness or wickedness to that person; this specifies the commentary's every-person account as individually owned.	sec13	"[{""line"": 114, ""strength"": ""strong"", ""tradition"": ""tevrat"", ""kind"": ""motif"", ""ref"": ""WLC:Ezek.18.20"", ""basis"": ""one bears one's own guilt"", ""note"": ""Ezekiel denies that child or parent bears the other's guilt and assigns each one's righteousness or wickedness to that person; this specifies the commentary's every-person account as individually owned."", ""turn"": 2, ""model"": ""sol"", ""connection_id"": ""BC-9c8ba6bdd27490361383""}]"
WLC:Ezek.18.22	strong	tevrat	karsi_anlati	repented sins no longer remembered	Ezekiel says a turning sinner's former transgressions will not be remembered when he lives by righteousness; this qualifies the commentary's image of every past deed remaining present in the final record.	sec13	"[{""line"": 115, ""strength"": ""strong"", ""tradition"": ""tevrat"", ""kind"": ""karsi_anlati"", ""ref"": ""WLC:Ezek.18.22"", ""basis"": ""repented sins no longer remembered"", ""note"": ""Ezekiel says a turning sinner's former transgressions will not be remembered when he lives by righteousness; this qualifies the commentary's image of every past deed remaining present in the final record."", ""turn"": 2, ""model"": ""sol"", ""connection_id"": ""BC-00f790e021460c615015""}]"
WLC:Ezek.18.30	strong	tevrat	motif	each judged according to ways | judged each according to ways	The commentary describes a universal accounting by deeds; Ezekiel makes the verdict personal, with God judging the house of Israel each according to his ways and calling them to turn. | God says he will judge each Israelite according to that person's ways and calls for repentance; this gives the commentary's individual work-based account a setting where conduct can still change before judgment.	sec13	"[{""line"": 7, ""strength"": ""strong"", ""tradition"": ""tevrat"", ""kind"": ""motif"", ""ref"": ""WLC:Ezek.18.30"", ""basis"": ""each judged according to ways"", ""note"": ""The commentary describes a universal accounting by deeds; Ezekiel makes the verdict personal, with God judging the house of Israel each according to his ways and calling them to turn."", ""turn"": 1, ""model"": ""luna"", ""connection_id"": ""BC-485de4758c70ba7e97ee""}, {""line"": 18, ""strength"": ""strong"", ""tradition"": ""tevrat"", ""kind"": ""motif"", ""ref"": ""WLC:Ezek.18.30"", ""basis"": ""judged each according to ways"", ""note"": ""God says he will judge each Israelite according to that person's ways and calls for repentance; this gives the commentary's individual work-based account a setting where conduct can still change before judgment."", ""turn"": 1, ""model"": ""sol"", ""connection_id"": ""BC-07bfb618db4b644380f6""}]"
WLC:Gen.15.16	strong	tevrat	motif	iniquity not yet complete	The Amorites' iniquity has not yet reached its full measure, delaying judgment; this provides an appointed accumulation of evil beside the commentary's heap of bad deeds.	sec13	"[{""line"": 28, ""strength"": ""strong"", ""tradition"": ""tevrat"", ""kind"": ""motif"", ""ref"": ""WLC:Gen.15.16"", ""basis"": ""iniquity not yet complete"", ""note"": ""The Amorites' iniquity has not yet reached its full measure, delaying judgment; this provides an appointed accumulation of evil beside the commentary's heap of bad deeds."", ""turn"": 1, ""model"": ""sol"", ""connection_id"": ""BC-f440a3efde1e88b78c9e""}]"
WLC:Gen.18.25	medium	tevrat	motif	judge of all earth; righteous not swept with wicked	The commentary says humanity is in loss but preserves an exception; Abraham asks whether the Judge of all earth will destroy the righteous with the wicked, making the justice of a collective sentence depend on distinguishing the righteous.	sec13	"[{""line"": 91, ""strength"": ""medium"", ""tradition"": ""tevrat"", ""kind"": ""motif"", ""ref"": ""WLC:Gen.18.25"", ""basis"": ""judge of all earth; righteous not swept with wicked"", ""note"": ""The commentary says humanity is in loss but preserves an exception; Abraham asks whether the Judge of all earth will destroy the righteous with the wicked, making the justice of a collective sentence depend on distinguishing the righteous."", ""turn"": 2, ""model"": ""luna"", ""connection_id"": ""BC-a4d27bb0fec310fc4238""}]"
WLC:Hab.2.3	strong	tevrat	motif	appointed time; wait	The commentary joins a fixed term with patience; Habakkuk says the vision awaits its appointed time and, even if delayed, is to be awaited. Its context is a promised vision, not a final judgment, but it makes waiting an active response to a fixed divine term.	sec13	"[{""line"": 14, ""strength"": ""strong"", ""tradition"": ""tevrat"", ""kind"": ""motif"", ""ref"": ""WLC:Hab.2.3"", ""basis"": ""appointed time; wait"", ""note"": ""The commentary joins a fixed term with patience; Habakkuk says the vision awaits its appointed time and, even if delayed, is to be awaited. Its context is a promised vision, not a final judgment, but it makes waiting an active response to a fixed divine term."", ""turn"": 1, ""model"": ""luna"", ""connection_id"": ""BC-c39d4bc3a222411fda04""}]"
WLC:Hos.7.2	strong	tevrat	motif	evil deeds encircle and confront	Hosea says the people forget that God remembers their evil, while their deeds now surround them and stand before him; this closely matches the commentary's deeds found present at the account.	sec13	"[{""line"": 111, ""strength"": ""strong"", ""tradition"": ""tevrat"", ""kind"": ""motif"", ""ref"": ""WLC:Hos.7.2"", ""basis"": ""evil deeds encircle and confront"", ""note"": ""Hosea says the people forget that God remembers their evil, while their deeds now surround them and stand before him; this closely matches the commentary's deeds found present at the account."", ""turn"": 2, ""model"": ""sol"", ""connection_id"": ""BC-4823431fd48154a9a8b5""}]"
WLC:Isa.10.1	medium	tevrat	soydas	Hebrew חקק; table sound correspondence	Isaiah condemns those who decree unjust decrees; this sets an unjust human use of prescribed law against the commentary's binding just recompense on the day, without treating Hebrew lawmaking as Arabic truth.	sec13	"[{""line"": 84, ""strength"": ""medium"", ""tradition"": ""tevrat"", ""kind"": ""soydas"", ""ref"": ""WLC:Isa.10.1"", ""basis"": ""Hebrew חקק; table sound correspondence"", ""note"": ""Isaiah condemns those who decree unjust decrees; this sets an unjust human use of prescribed law against the commentary's binding just recompense on the day, without treating Hebrew lawmaking as Arabic truth."", ""turn"": 1, ""model"": ""sol"", ""connection_id"": ""BC-b1fca0d34095fd665de9""}]"
WLC:Isa.3.10	strong	tevrat	motif	righteous eat fruit of deeds	The commentary's exception is marked by righteous work; Isaiah tells the righteous it will be well because they will eat the fruit of their deeds, tying outcome to the person's own conduct. | Isaiah tells the righteous they will eat the fruit of their deeds; this is a direct good-work counterpart to the commentary's final division and recompense.	sec13	"[{""line"": 65, ""strength"": ""strong"", ""tradition"": ""tevrat"", ""kind"": ""motif"", ""ref"": ""WLC:Isa.3.10"", ""basis"": ""righteous eat fruit of deeds"", ""note"": ""The commentary's exception is marked by righteous work; Isaiah tells the righteous it will be well because they will eat the fruit of their deeds, tying outcome to the person's own conduct."", ""turn"": 2, ""model"": ""luna"", ""connection_id"": ""BC-1ac2b33572b03954a124""}, {""line"": 109, ""strength"": ""strong"", ""tradition"": ""tevrat"", ""kind"": ""motif"", ""ref"": ""WLC:Isa.3.10"", ""basis"": ""righteous eat fruit of deeds"", ""note"": ""Isaiah tells the righteous they will eat the fruit of their deeds; this is a direct good-work counterpart to the commentary's final division and recompense."", ""turn"": 2, ""model"": ""sol"", ""connection_id"": ""BC-cbaeefd38c787e039848""}]"
WLC:Isa.3.11	strong	tevrat	motif	wicked receive their deeds | wicked repaid by own hands	The commentary's loss and punishment follow bad work; Isaiah gives the converse verdict that it will go badly for the wicked because what their hands have done is repaid to them. | The next verse says the wicked will receive what their own hands have done; it supplies the adverse half of the commentary's work-by-work settlement.	sec13	"[{""line"": 66, ""strength"": ""strong"", ""tradition"": ""tevrat"", ""kind"": ""motif"", ""ref"": ""WLC:Isa.3.11"", ""basis"": ""wicked receive their deeds"", ""note"": ""The commentary's loss and punishment follow bad work; Isaiah gives the converse verdict that it will go badly for the wicked because what their hands have done is repaid to them."", ""turn"": 2, ""model"": ""luna"", ""connection_id"": ""BC-743a5fa700cd1b716993""}, {""line"": 110, ""strength"": ""strong"", ""tradition"": ""tevrat"", ""kind"": ""motif"", ""ref"": ""WLC:Isa.3.11"", ""basis"": ""wicked repaid by own hands"", ""note"": ""The next verse says the wicked will receive what their own hands have done; it supplies the adverse half of the commentary's work-by-work settlement."", ""turn"": 2, ""model"": ""sol"", ""connection_id"": ""BC-4bd785d1e2b646102f3e""}]"
WLC:Isa.65.6	strong	tevrat	motif	written before God for repayment	God says the offense is written before him and that he will repay; this pairs the commentary's present record of acts with inescapable recompense.	sec13	"[{""line"": 25, ""strength"": ""strong"", ""tradition"": ""tevrat"", ""kind"": ""motif"", ""ref"": ""WLC:Isa.65.6"", ""basis"": ""written before God for repayment"", ""note"": ""God says the offense is written before him and that he will repay; this pairs the commentary's present record of acts with inescapable recompense."", ""turn"": 1, ""model"": ""sol"", ""connection_id"": ""BC-ddf57b68e538620a29dc""}]"
WLC:Jer.12.1	strong	tevrat	karsi_anlati	Hebrew צלח; table sound correspondence	Jeremiah asks why the way of the wicked prospers even though God is just; that apparent present success complicates the commentary's final separation of good works from loss.	sec13	"[{""line"": 31, ""strength"": ""strong"", ""tradition"": ""tevrat"", ""kind"": ""karsi_anlati"", ""ref"": ""WLC:Jer.12.1"", ""basis"": ""Hebrew צלח; table sound correspondence"", ""note"": ""Jeremiah asks why the way of the wicked prospers even though God is just; that apparent present success complicates the commentary's final separation of good works from loss."", ""turn"": 1, ""model"": ""sol"", ""connection_id"": ""BC-038a6d4ca23d7a3f25c1""}]"
WLC:Jer.17.1	strong	tevrat	motif	sin engraved on heart	Judah's sin is written with an iron stylus on the tablet of the heart; this gives a bodily image of deeds as an enduring record beside the commentary's account attached to each person.	sec13	"[{""line"": 24, ""strength"": ""strong"", ""tradition"": ""tevrat"", ""kind"": ""motif"", ""ref"": ""WLC:Jer.17.1"", ""basis"": ""sin engraved on heart"", ""note"": ""Judah's sin is written with an iron stylus on the tablet of the heart; this gives a bodily image of deeds as an enduring record beside the commentary's account attached to each person."", ""turn"": 1, ""model"": ""sol"", ""connection_id"": ""BC-24b6bea91c2960ac5762""}]"
WLC:Jer.17.10	strong	tevrat	motif	each person repaid by deeds | search heart and repay deeds	The commentary makes the day bring each human being face to face with his work; Jeremiah's searching God repays each according to conduct and the fruit of deeds, making the individual accounting explicit. | The Lord searches the heart and repays each person according to ways and fruit of deeds; the commentary's day likewise brings each person to the consequence of his work.	sec13	"[{""line"": 5, ""strength"": ""strong"", ""tradition"": ""tevrat"", ""kind"": ""motif"", ""ref"": ""WLC:Jer.17.10"", ""basis"": ""each person repaid by deeds"", ""note"": ""The commentary makes the day bring each human being face to face with his work; Jeremiah's searching God repays each according to conduct and the fruit of deeds, making the individual accounting explicit."", ""turn"": 1, ""model"": ""luna"", ""connection_id"": ""BC-2fb502e0a0fa5f2e3032""}, {""line"": 17, ""strength"": ""strong"", ""tradition"": ""tevrat"", ""kind"": ""motif"", ""ref"": ""WLC:Jer.17.10"", ""basis"": ""search heart and repay deeds"", ""note"": ""The Lord searches the heart and repays each person according to ways and fruit of deeds; the commentary's day likewise brings each person to the consequence of his work."", ""turn"": 1, ""model"": ""sol"", ""connection_id"": ""BC-b7019dc3248138ce73fc""}]"
WLC:Jer.32.19	strong	tevrat	motif	eyes on all ways and deeds	Jeremiah praises God's eyes upon all human ways so as to give each according to conduct and the fruit of deeds; this joins the commentary's complete record to individual repayment.	sec13	"[{""line"": 113, ""strength"": ""strong"", ""tradition"": ""tevrat"", ""kind"": ""motif"", ""ref"": ""WLC:Jer.32.19"", ""basis"": ""eyes on all ways and deeds"", ""note"": ""Jeremiah praises God's eyes upon all human ways so as to give each according to conduct and the fruit of deeds; this joins the commentary's complete record to individual repayment."", ""turn"": 2, ""model"": ""sol"", ""connection_id"": ""BC-95381dc7ce35caf95cdf""}]"
WLC:Job.14.17	medium	tevrat	motif	transgression sealed in a bag	Job imagines his transgression sealed in a bag before God; this offers another personal record of wrong beside the commentary's deeds kept for later confrontation.	sec13	"[{""line"": 81, ""strength"": ""medium"", ""tradition"": ""tevrat"", ""kind"": ""motif"", ""ref"": ""WLC:Job.14.17"", ""basis"": ""transgression sealed in a bag"", ""note"": ""Job imagines his transgression sealed in a bag before God; this offers another personal record of wrong beside the commentary's deeds kept for later confrontation."", ""turn"": 1, ""model"": ""sol"", ""connection_id"": ""BC-587d6ff339199e30261c""}]"
WLC:Job.14.5	strong	tevrat	motif|soydas	fixed human term | Source root ح ق ق; Hebrew חֹק; table sound correspondence | Hebrew חקק in fixed bounds; table sound correspondence	Job says a person's days are determined and God sets a limit that cannot be passed; this concretizes the commentary's reading of time as a term that brings each person to reckoning. | The commentary labels Hāqqa with ح ق ق and explains the day as the due, appointed end of each person's account. Job says human days and months are fixed and their limit is set by God; חֹק is from the package table's unverified חקק correspondence, so the shared prescribed-limit sense is specific but etymology remains unproven. | Job says human days and their limits have been prescribed and cannot be crossed; this makes concrete the commentary's appointed term within its reading of حَقّ and the day of reckoning, without equating Hebrew statute with Arabic truth.	sec13	"[{""line"": 11, ""strength"": ""strong"", ""tradition"": ""tevrat"", ""kind"": ""motif"", ""ref"": ""WLC:Job.14.5"", ""basis"": ""fixed human term"", ""note"": ""Job says a person's days are determined and God sets a limit that cannot be passed; this concretizes the commentary's reading of time as a term that brings each person to reckoning."", ""turn"": 1, ""model"": ""luna"", ""connection_id"": ""BC-0b502f5d71d2464610f6""}, {""line"": 47, ""strength"": ""medium"", ""tradition"": ""tevrat"", ""kind"": ""soydas"", ""ref"": ""WLC:Job.14.5"", ""basis"": ""Source root ح ق ق; Hebrew חֹק; table sound correspondence"", ""note"": ""The commentary labels Hāqqa with ح ق ق and explains the day as the due, appointed end of each person's account. Job says human days and months are fixed and their limit is set by God; חֹק is from the package table's unverified חקק correspondence, so the shared prescribed-limit sense is specific but etymology remains unproven."", ""turn"": 1, ""model"": ""luna"", ""connection_id"": ""BC-d38ab42bbdff379f7483""}, {""line"": 13, ""strength"": ""strong"", ""tradition"": ""tevrat"", ""kind"": ""soydas"", ""ref"": ""WLC:Job.14.5"", ""basis"": ""Hebrew חקק in fixed bounds; table sound correspondence"", ""note"": ""Job says human days and their limits have been prescribed and cannot be crossed; this makes concrete the commentary's appointed term within its reading of حَقّ and the day of reckoning, without equating Hebrew statute with Arabic truth."", ""turn"": 1, ""model"": ""sol"", ""connection_id"": ""BC-db838da09427ebe2348b""}]"
WLC:Job.27.16	weak	tevrat	motif	Hebrew צבר; table sound correspondence; piled wealth	Job says a wicked person may heap up silver; the next verse transfers what he prepared to the righteous, making material accumulation and final loss an indirect counterpart to the commentary's piled evil. The Hebrew heaping sense is distinct from Arabic patience.	sec13	"[{""line"": 106, ""strength"": ""weak"", ""tradition"": ""tevrat"", ""kind"": ""motif"", ""ref"": ""WLC:Job.27.16"", ""basis"": ""Hebrew צבר; table sound correspondence; piled wealth"", ""note"": ""Job says a wicked person may heap up silver; the next verse transfers what he prepared to the righteous, making material accumulation and final loss an indirect counterpart to the commentary's piled evil. The Hebrew heaping sense is distinct from Arabic patience."", ""turn"": 1, ""model"": ""sol"", ""connection_id"": ""BC-2b18769fbaa94e70ddae""}]"
WLC:Job.27.17	weak	tevrat	motif	wicked's stores enjoyed by just people	Job says the just will wear what the wicked prepared; this indirectly reverses the commentary's piled bad deeds into an earthly redistribution rather than an end-time scale.	sec13	"[{""line"": 107, ""strength"": ""weak"", ""tradition"": ""tevrat"", ""kind"": ""motif"", ""ref"": ""WLC:Job.27.17"", ""basis"": ""wicked's stores enjoyed by just people"", ""note"": ""Job says the just will wear what the wicked prepared; this indirectly reverses the commentary's piled bad deeds into an earthly redistribution rather than an end-time scale."", ""turn"": 1, ""model"": ""sol"", ""connection_id"": ""BC-511e67ce14b7f55dd2a9""}]"
WLC:Job.31.6	strong	tevrat	motif	just balance; integrity | let God weigh in just scales	Job asks to be weighed in a just balance so God may know his integrity; the commentary's scales test deeds, while Job turns the same image into a plea for an honest verdict on a life. | Job asks to be weighed in a just balance so God may know his integrity; the commentary likewise pictures scales settling a person's case by what he has done.	sec13	"[{""line"": 12, ""strength"": ""strong"", ""tradition"": ""tevrat"", ""kind"": ""motif"", ""ref"": ""WLC:Job.31.6"", ""basis"": ""just balance; integrity"", ""note"": ""Job asks to be weighed in a just balance so God may know his integrity; the commentary's scales test deeds, while Job turns the same image into a plea for an honest verdict on a life."", ""turn"": 1, ""model"": ""luna"", ""connection_id"": ""BC-11cde408f33124a541a6""}, {""line"": 12, ""strength"": ""strong"", ""tradition"": ""tevrat"", ""kind"": ""motif"", ""ref"": ""WLC:Job.31.6"", ""basis"": ""let God weigh in just scales"", ""note"": ""Job asks to be weighed in a just balance so God may know his integrity; the commentary likewise pictures scales settling a person's case by what he has done."", ""turn"": 1, ""model"": ""sol"", ""connection_id"": ""BC-3a06b2f162df293afd50""}]"
WLC:Job.34.11	strong	tevrat	motif	repayment according to work and way | each repaid according to work	The commentary makes each person answer for work at the appointed reckoning; Job says God repays a person according to his work and makes each find according to his way, a direct formulation of individual moral accounting. | Elihu says God repays a person for work and causes each to find the consequence of a way; this states the commentary's personal work-to-recompense formula in another setting.	sec13	"[{""line"": 58, ""strength"": ""strong"", ""tradition"": ""tevrat"", ""kind"": ""motif"", ""ref"": ""WLC:Job.34.11"", ""basis"": ""repayment according to work and way"", ""note"": ""The commentary makes each person answer for work at the appointed reckoning; Job says God repays a person according to his work and makes each find according to his way, a direct formulation of individual moral accounting."", ""turn"": 2, ""model"": ""luna"", ""connection_id"": ""BC-197948271d5720ec1295""}, {""line"": 112, ""strength"": ""strong"", ""tradition"": ""tevrat"", ""kind"": ""motif"", ""ref"": ""WLC:Job.34.11"", ""basis"": ""each repaid according to work"", ""note"": ""Elihu says God repays a person for work and causes each to find the consequence of a way; this states the commentary's personal work-to-recompense formula in another setting."", ""turn"": 2, ""model"": ""sol"", ""connection_id"": ""BC-2f7874292c6bbb1b4369""}]"
WLC:Job.5.7	medium	tevrat	soydas	Hebrew עמל; table sound correspondence	Job says humans are born to trouble; this shares the commentary's universal human condition but locates it in earthly toil rather than necessarily in punishment for misdeeds.	sec13	"[{""line"": 88, ""strength"": ""medium"", ""tradition"": ""tevrat"", ""kind"": ""soydas"", ""ref"": ""WLC:Job.5.7"", ""basis"": ""Hebrew עמל; table sound correspondence"", ""note"": ""Job says humans are born to trouble; this shares the commentary's universal human condition but locates it in earthly toil rather than necessarily in punishment for misdeeds."", ""turn"": 1, ""model"": ""sol"", ""connection_id"": ""BC-ca6ffd9f5cac991ea043""}]"
WLC:Josh.1.8	strong	tevrat	soydas	Hebrew צלח; table sound correspondence	Joshua is told to observe and do the law so his way will prosper; the link to the commentary is the joined action and favorable result, with only a proposed sound correspondence between roots.	sec13	"[{""line"": 30, ""strength"": ""strong"", ""tradition"": ""tevrat"", ""kind"": ""soydas"", ""ref"": ""WLC:Josh.1.8"", ""basis"": ""Hebrew צלח; table sound correspondence"", ""note"": ""Joshua is told to observe and do the law so his way will prosper; the link to the commentary is the joined action and favorable result, with only a proposed sound correspondence between roots."", ""turn"": 1, ""model"": ""sol"", ""connection_id"": ""BC-f700d54797df7ce0de2d""}]"
WLC:Lev.19.17	strong	tevrat	motif	rebuke one's neighbor	The commentary makes truth something people mutually urge on one another; Leviticus commands a person to rebuke a neighbor rather than bear sin with him, giving mutual moral correction a concrete communal form.	sec13	"[{""line"": 10, ""strength"": ""strong"", ""tradition"": ""tevrat"", ""kind"": ""motif"", ""ref"": ""WLC:Lev.19.17"", ""basis"": ""rebuke one's neighbor"", ""note"": ""The commentary makes truth something people mutually urge on one another; Leviticus commands a person to rebuke a neighbor rather than bear sin with him, giving mutual moral correction a concrete communal form."", ""turn"": 1, ""model"": ""luna"", ""connection_id"": ""BC-10cfe4142aec04d10242""}]"
WLC:Mal.3.16	strong	tevrat	motif	book of remembrance | speak together and book of remembrance	The commentary says each person's work is present at judgment; Malachi describes a record written before God for those who fear him and esteem his name, preserving the words and deeds of a faithful group. | Those who fear the Lord speak to one another and a book of remembrance is written before him; this joins the surah's mutual counsel to the commentary's record of deeds.	sec13	"[{""line"": 68, ""strength"": ""strong"", ""tradition"": ""tevrat"", ""kind"": ""motif"", ""ref"": ""WLC:Mal.3.16"", ""basis"": ""book of remembrance"", ""note"": ""The commentary says each person's work is present at judgment; Malachi describes a record written before God for those who fear him and esteem his name, preserving the words and deeds of a faithful group."", ""turn"": 2, ""model"": ""luna"", ""connection_id"": ""BC-79cfdfb5dd3de4997ab2""}, {""line"": 21, ""strength"": ""strong"", ""tradition"": ""tevrat"", ""kind"": ""motif"", ""ref"": ""WLC:Mal.3.16"", ""basis"": ""speak together and book of remembrance"", ""note"": ""Those who fear the Lord speak to one another and a book of remembrance is written before him; this joins the surah's mutual counsel to the commentary's record of deeds."", ""turn"": 1, ""model"": ""sol"", ""connection_id"": ""BC-041175f8bce5672239bb""}]"
WLC:Mal.3.17	strong	tevrat	motif	appointed day and spared people	The Lord names the day on which he acts and spares those he calls his own; this supplies a concrete appointed-day counterpart to the commentary's exception from loss.	sec13	"[{""line"": 23, ""strength"": ""strong"", ""tradition"": ""tevrat"", ""kind"": ""motif"", ""ref"": ""WLC:Mal.3.17"", ""basis"": ""appointed day and spared people"", ""note"": ""The Lord names the day on which he acts and spares those he calls his own; this supplies a concrete appointed-day counterpart to the commentary's exception from loss."", ""turn"": 1, ""model"": ""sol"", ""connection_id"": ""BC-8c1a3613b4d7bc652682""}]"
WLC:Mal.3.18	strong	tevrat	motif	distinguish righteous and wicked | discern righteous and wicked	The commentary's final sorting of good from evil is echoed by Malachi's promised renewed distinction between the righteous and wicked, specifically between serving God and not serving him. | At God's coming action people will again distinguish the righteous from the wicked and the one who serves God from one who does not; the commentary likewise ends with good and bad separated by their conduct.	sec13	"[{""line"": 9, ""strength"": ""strong"", ""tradition"": ""tevrat"", ""kind"": ""motif"", ""ref"": ""WLC:Mal.3.18"", ""basis"": ""distinguish righteous and wicked"", ""note"": ""The commentary's final sorting of good from evil is echoed by Malachi's promised renewed distinction between the righteous and wicked, specifically between serving God and not serving him."", ""turn"": 1, ""model"": ""luna"", ""connection_id"": ""BC-75a12930854bcb8a86df""}, {""line"": 22, ""strength"": ""strong"", ""tradition"": ""tevrat"", ""kind"": ""motif"", ""ref"": ""WLC:Mal.3.18"", ""basis"": ""discern righteous and wicked"", ""note"": ""At God's coming action people will again distinguish the righteous from the wicked and the one who serves God from one who does not; the commentary likewise ends with good and bad separated by their conduct."", ""turn"": 1, ""model"": ""sol"", ""connection_id"": ""BC-9881357452155ddad6dd""}]"
WLC:Neh.13.14	medium	tevrat	motif	remember deeds and do not blot them	Nehemiah asks God not to wipe out his deeds done for the temple; the commentary's good works present at judgment have a concrete prayer for preserved memory.	sec13	"[{""line"": 83, ""strength"": ""medium"", ""tradition"": ""tevrat"", ""kind"": ""motif"", ""ref"": ""WLC:Neh.13.14"", ""basis"": ""remember deeds and do not blot them"", ""note"": ""Nehemiah asks God not to wipe out his deeds done for the temple; the commentary's good works present at judgment have a concrete prayer for preserved memory."", ""turn"": 1, ""model"": ""sol"", ""connection_id"": ""BC-b1ef0031223500cdc21c""}]"
WLC:Prov.11.1	strong	tevrat	motif	honest weights; just scales	The commentary's judgment uses scales of justice; Proverbs condemns a deceptive balance and delights in a just weight, linking accurate weighing with moral justice in ordinary dealings.	sec13	"[{""line"": 13, ""strength"": ""strong"", ""tradition"": ""tevrat"", ""kind"": ""motif"", ""ref"": ""WLC:Prov.11.1"", ""basis"": ""honest weights; just scales"", ""note"": ""The commentary's judgment uses scales of justice; Proverbs condemns a deceptive balance and delights in a just weight, linking accurate weighing with moral justice in ordinary dealings."", ""turn"": 1, ""model"": ""luna"", ""connection_id"": ""BC-b6b3840fcd8906bdc41a""}]"
WLC:Prov.13.25	strong	tevrat	soydas	Hebrew חסר; table sound correspondence	The righteous eats to satisfaction while the wicked person's belly lacks; this maps the commentary's good/bad division onto a concrete lack, though Proverbs speaks of present provision.	sec13	"[{""line"": 34, ""strength"": ""strong"", ""tradition"": ""tevrat"", ""kind"": ""soydas"", ""ref"": ""WLC:Prov.13.25"", ""basis"": ""Hebrew חסר; table sound correspondence"", ""note"": ""The righteous eats to satisfaction while the wicked person's belly lacks; this maps the commentary's good/bad division onto a concrete lack, though Proverbs speaks of present provision."", ""turn"": 1, ""model"": ""sol"", ""connection_id"": ""BC-deb056a81b18e7055901""}]"
WLC:Prov.14.23	medium	tevrat	soydas	Hebrew חסר; table sound correspondence	Proverbs contrasts gain from labor with need arising from mere talk, using the table's Hebrew lack root; this is a present-life analogue to the commentary's work and loss account, not an end-time verdict.	sec13	"[{""line"": 133, ""strength"": ""medium"", ""tradition"": ""tevrat"", ""kind"": ""soydas"", ""ref"": ""WLC:Prov.14.23"", ""basis"": ""Hebrew חסר; table sound correspondence"", ""note"": ""Proverbs contrasts gain from labor with need arising from mere talk, using the table's Hebrew lack root; this is a present-life analogue to the commentary's work and loss account, not an end-time verdict."", ""turn"": 2, ""model"": ""sol"", ""connection_id"": ""BC-3790b447e3c5e9806a6b""}]"
WLC:Prov.16.11	strong	tevrat	motif	just balances belong to God	Proverbs attributes just scales and weights to the Lord; this anchors the commentary's judgment-day balance in a concrete image of divine fairness.	sec13	"[{""line"": 16, ""strength"": ""strong"", ""tradition"": ""tevrat"", ""kind"": ""motif"", ""ref"": ""WLC:Prov.16.11"", ""basis"": ""just balances belong to God"", ""note"": ""Proverbs attributes just scales and weights to the Lord; this anchors the commentary's judgment-day balance in a concrete image of divine fairness."", ""turn"": 1, ""model"": ""sol"", ""connection_id"": ""BC-e5d2fb8dd473eb17adb5""}]"
WLC:Prov.16.2	strong	tevrat	motif	God weighs spirits | apparently pure ways weighed by God	The commentary's scales test deeds; Proverbs adds that God weighs the spirits behind a person's apparently pure ways, bringing motive as well as outward action under scrutiny. | A person sees his ways as pure, but the Lord weighs the spirits; this probes the commentary's case of people confident their work is good before divine measurement.	sec13	"[{""line"": 59, ""strength"": ""strong"", ""tradition"": ""tevrat"", ""kind"": ""motif"", ""ref"": ""WLC:Prov.16.2"", ""basis"": ""God weighs spirits"", ""note"": ""The commentary's scales test deeds; Proverbs adds that God weighs the spirits behind a person's apparently pure ways, bringing motive as well as outward action under scrutiny."", ""turn"": 2, ""model"": ""luna"", ""connection_id"": ""BC-e8ea7a848af7ac584fb1""}, {""line"": 15, ""strength"": ""strong"", ""tradition"": ""tevrat"", ""kind"": ""motif"", ""ref"": ""WLC:Prov.16.2"", ""basis"": ""apparently pure ways weighed by God"", ""note"": ""A person sees his ways as pure, but the Lord weighs the spirits; this probes the commentary's case of people confident their work is good before divine measurement."", ""turn"": 1, ""model"": ""sol"", ""connection_id"": ""BC-21141b3affa17431396e""}]"
WLC:Prov.24.12	strong	tevrat	motif	weigher of hearts; recompense | weigher of hearts repays deeds	The commentary's scales miss no deed; Proverbs says the one who weighs hearts knows and repays each person according to work, joining scrutiny with recompense. | Proverbs says the one who weighs hearts knows excuses and repays each person according to work; this combines the commentary's scales, personal deeds, and binding recompense.	sec13	"[{""line"": 6, ""strength"": ""strong"", ""tradition"": ""tevrat"", ""kind"": ""motif"", ""ref"": ""WLC:Prov.24.12"", ""basis"": ""weigher of hearts; recompense"", ""note"": ""The commentary's scales miss no deed; Proverbs says the one who weighs hearts knows and repays each person according to work, joining scrutiny with recompense."", ""turn"": 1, ""model"": ""luna"", ""connection_id"": ""BC-304dc2b93c7099e83578""}, {""line"": 14, ""strength"": ""strong"", ""tradition"": ""tevrat"", ""kind"": ""motif"", ""ref"": ""WLC:Prov.24.12"", ""basis"": ""weigher of hearts repays deeds"", ""note"": ""Proverbs says the one who weighs hearts knows excuses and repays each person according to work; this combines the commentary's scales, personal deeds, and binding recompense."", ""turn"": 1, ""model"": ""sol"", ""connection_id"": ""BC-e097cc677a95c9daca04""}]"
WLC:Prov.28.27	medium	tevrat	motif	giving to poor avoids lack	The one who gives to the poor will not lack, while ignoring them brings curses; this gives the commentary's good-deed exception from loss a material example.	sec13	"[{""line"": 86, ""strength"": ""medium"", ""tradition"": ""tevrat"", ""kind"": ""motif"", ""ref"": ""WLC:Prov.28.27"", ""basis"": ""giving to poor avoids lack"", ""note"": ""The one who gives to the poor will not lack, while ignoring them brings curses; this gives the commentary's good-deed exception from loss a material example."", ""turn"": 1, ""model"": ""sol"", ""connection_id"": ""BC-8bd5ab7736deb20b477d""}]"
WLC:Prov.3.3	strong	tevrat	motif	truth bound around the neck	Proverbs tells the hearer to bind loyalty and truth around the neck; the commentary's record bound to each person's neck meets a contrasting image in which truth is what one chooses to carry.	sec13	"[{""line"": 38, ""strength"": ""strong"", ""tradition"": ""tevrat"", ""kind"": ""motif"", ""ref"": ""WLC:Prov.3.3"", ""basis"": ""truth bound around the neck"", ""note"": ""Proverbs tells the hearer to bind loyalty and truth around the neck; the commentary's record bound to each person's neck meets a contrasting image in which truth is what one chooses to carry."", ""turn"": 1, ""model"": ""sol"", ""connection_id"": ""BC-bdeaa6bd80e00adceaef""}]"
WLC:Prov.6.21	medium	tevrat	motif	command bound around the neck	Proverbs tells the hearer to tie parental teaching around the neck; beside the commentary's deed record attached there, this shows a life-guiding text voluntarily carried before judgment.	sec13	"[{""line"": 85, ""strength"": ""medium"", ""tradition"": ""tevrat"", ""kind"": ""motif"", ""ref"": ""WLC:Prov.6.21"", ""basis"": ""command bound around the neck"", ""note"": ""Proverbs tells the hearer to tie parental teaching around the neck; beside the commentary's deed record attached there, this shows a life-guiding text voluntarily carried before judgment."", ""turn"": 1, ""model"": ""sol"", ""connection_id"": ""BC-1bd5c563d6b0e706cefc""}]"
WLC:Prov.6.32	strong	tevrat	soydas	Hebrew חסר; table sound correspondence	Proverbs calls the adulterer lacking in sense and says he destroys himself; the commentary's loss through sinful deeds gains a specific self-destructive example, though the Hebrew lack first denotes understanding.	sec13	"[{""line"": 36, ""strength"": ""strong"", ""tradition"": ""tevrat"", ""kind"": ""soydas"", ""ref"": ""WLC:Prov.6.32"", ""basis"": ""Hebrew חסר; table sound correspondence"", ""note"": ""Proverbs calls the adulterer lacking in sense and says he destroys himself; the commentary's loss through sinful deeds gains a specific self-destructive example, though the Hebrew lack first denotes understanding."", ""turn"": 1, ""model"": ""sol"", ""connection_id"": ""BC-ef8b4e94330bb210f41d""}]"
WLC:Ps.1.3	strong	tevrat	soydas	Source root ص ل ح; Hebrew צלח; table sound correspondence | Hebrew צלח; table sound correspondence	The commentary labels the exception's righteous deeds with ص ل ح. In Psalm 1:3 the righteous person's activity prospers; צלח is the package table's unverified regular correspondence, adding a prosperity outcome to the commentary's moral sense of righteous action. | The person rooted in the Lord's instruction prospers in what he does; this gives the commentary's righteous works an outcome opposed to loss, although Hebrew prosperity is not identical to Arabic صالح deeds.	sec13	"[{""line"": 17, ""strength"": ""strong"", ""tradition"": ""tevrat"", ""kind"": ""soydas"", ""ref"": ""WLC:Ps.1.3"", ""basis"": ""Source root ص ل ح; Hebrew צלח; table sound correspondence"", ""note"": ""The commentary labels the exception's righteous deeds with ص ل ح. In Psalm 1:3 the righteous person's activity prospers; צלח is the package table's unverified regular correspondence, adding a prosperity outcome to the commentary's moral sense of righteous action."", ""turn"": 1, ""model"": ""luna"", ""connection_id"": ""BC-df5faf21600d7aea5eaf""}, {""line"": 29, ""strength"": ""strong"", ""tradition"": ""tevrat"", ""kind"": ""soydas"", ""ref"": ""WLC:Ps.1.3"", ""basis"": ""Hebrew צלח; table sound correspondence"", ""note"": ""The person rooted in the Lord's instruction prospers in what he does; this gives the commentary's righteous works an outcome opposed to loss, although Hebrew prosperity is not identical to Arabic صالح deeds."", ""turn"": 1, ""model"": ""sol"", ""connection_id"": ""BC-260a88298fe30ea990bd""}]"
WLC:Ps.1.4	medium	tevrat	motif	wicked as wind-driven chaff	After the fruitful righteous person, the psalm depicts wicked people as chaff driven away by wind; this supplies a contrasting failure of substance beside the commentary's separated losers, without asserting a literal scale.	sec13	"[{""line"": 135, ""strength"": ""medium"", ""tradition"": ""tevrat"", ""kind"": ""motif"", ""ref"": ""WLC:Ps.1.4"", ""basis"": ""wicked as wind-driven chaff"", ""note"": ""After the fruitful righteous person, the psalm depicts wicked people as chaff driven away by wind; this supplies a contrasting failure of substance beside the commentary's separated losers, without asserting a literal scale."", ""turn"": 2, ""model"": ""sol"", ""connection_id"": ""BC-53938c2502b9fcef60a4""}]"
WLC:Ps.1.6	medium	tevrat	motif	righteous way; wicked perish	The commentary's exception separates the righteous from those in loss; Psalm 1 ends by contrasting the way known by the Lord with the way of the wicked that perishes, framing the division as two paths.	sec13	"[{""line"": 50, ""strength"": ""medium"", ""tradition"": ""tevrat"", ""kind"": ""motif"", ""ref"": ""WLC:Ps.1.6"", ""basis"": ""righteous way; wicked perish"", ""note"": ""The commentary's exception separates the righteous from those in loss; Psalm 1 ends by contrasting the way known by the Lord with the way of the wicked that perishes, framing the division as two paths."", ""turn"": 1, ""model"": ""luna"", ""connection_id"": ""BC-481d70ec5a08115acaed""}]"
WLC:Ps.15.2	strong	tevrat	motif	do righteousness and speak truth	The psalm's qualified guest walks blamelessly, does righteousness, and speaks truth in the heart; this combines good action and truth as the surah's exception does, with access to God's dwelling as its outcome.	sec13	"[{""line"": 116, ""strength"": ""strong"", ""tradition"": ""tevrat"", ""kind"": ""motif"", ""ref"": ""WLC:Ps.15.2"", ""basis"": ""do righteousness and speak truth"", ""note"": ""The psalm's qualified guest walks blamelessly, does righteousness, and speaks truth in the heart; this combines good action and truth as the surah's exception does, with access to God's dwelling as its outcome."", ""turn"": 2, ""model"": ""sol"", ""connection_id"": ""BC-abaec22688645cdc92b4""}]"
WLC:Ps.34.11	strong	tevrat	soydas	Hebrew חסר; table sound correspondence	The psalm says seekers of the Lord lack no good thing; that absence of lack is a pointed counterpart to the commentary's exception from human loss.	sec13	"[{""line"": 35, ""strength"": ""strong"", ""tradition"": ""tevrat"", ""kind"": ""soydas"", ""ref"": ""WLC:Ps.34.11"", ""basis"": ""Hebrew חסר; table sound correspondence"", ""note"": ""The psalm says seekers of the Lord lack no good thing; that absence of lack is a pointed counterpart to the commentary's exception from human loss."", ""turn"": 1, ""model"": ""sol"", ""connection_id"": ""BC-7264994af3075e0ad5e5""}]"
WLC:Ps.37.7	strong	tevrat	karsi_anlati	Hebrew צלח; table sound correspondence	The psalm urges waiting before the Lord while a person carrying out wicked schemes prospers; its temporary success reverses the commentary's judgment-day valuation of works.	sec13	"[{""line"": 32, ""strength"": ""strong"", ""tradition"": ""tevrat"", ""kind"": ""karsi_anlati"", ""ref"": ""WLC:Ps.37.7"", ""basis"": ""Hebrew צלח; table sound correspondence"", ""note"": ""The psalm urges waiting before the Lord while a person carrying out wicked schemes prospers; its temporary success reverses the commentary's judgment-day valuation of works."", ""turn"": 1, ""model"": ""sol"", ""connection_id"": ""BC-84e02a3e6ae927b4e958""}]"
WLC:Ps.39.7	weak	tevrat	motif	Hebrew צבר; table sound correspondence; heaped goods	The psalm says a person heaps things without knowing who will gather them; this provides a time-limited loss for amassed goods, only an indirect parallel to the commentary's heap of bad works. The Hebrew heaping sense is distinct from Arabic patience.	sec13	"[{""line"": 108, ""strength"": ""weak"", ""tradition"": ""tevrat"", ""kind"": ""motif"", ""ref"": ""WLC:Ps.39.7"", ""basis"": ""Hebrew צבר; table sound correspondence; heaped goods"", ""note"": ""The psalm says a person heaps things without knowing who will gather them; this provides a time-limited loss for amassed goods, only an indirect parallel to the commentary's heap of bad works. The Hebrew heaping sense is distinct from Arabic patience."", ""turn"": 1, ""model"": ""sol"", ""connection_id"": ""BC-87817137238b0d0d630c""}]"
WLC:Ps.50.21	strong	tevrat	motif	evil set before the sinner	God says he will set the wrongdoer's acts before his eyes when rebuking him; this closely matches the commentary's claim that one's own deeds confront one at judgment.	sec13	"[{""line"": 27, ""strength"": ""strong"", ""tradition"": ""tevrat"", ""kind"": ""motif"", ""ref"": ""WLC:Ps.50.21"", ""basis"": ""evil set before the sinner"", ""note"": ""God says he will set the wrongdoer's acts before his eyes when rebuking him; this closely matches the commentary's claim that one's own deeds confront one at judgment."", ""turn"": 1, ""model"": ""sol"", ""connection_id"": ""BC-7bccab5684d30ca7fcd8""}]"
WLC:Ps.62.10	strong	tevrat	motif	humanity light on scales | light in the balances	The commentary's scales distinguish those whose account is deficient; Psalm 62 says people together are lighter than breath when set on scales. The shared image sharpens a difference: the psalm weighs human worth as vanishing, while the commentary weighs deeds and preserves an exception. | The psalm places human ranks in balances and finds them lighter than breath; the commentary likewise visualizes human loss as insufficient weight, though the psalm weighs human frailty and pretension.	sec13	"[{""line"": 48, ""strength"": ""medium"", ""tradition"": ""tevrat"", ""kind"": ""motif"", ""ref"": ""WLC:Ps.62.10"", ""basis"": ""humanity light on scales"", ""note"": ""The commentary's scales distinguish those whose account is deficient; Psalm 62 says people together are lighter than breath when set on scales. The shared image sharpens a difference: the psalm weighs human worth as vanishing, while the commentary weighs deeds and preserves an exception."", ""turn"": 1, ""model"": ""luna"", ""connection_id"": ""BC-e75b4540912c1d3f5711""}, {""line"": 20, ""strength"": ""strong"", ""tradition"": ""tevrat"", ""kind"": ""motif"", ""ref"": ""WLC:Ps.62.10"", ""basis"": ""light in the balances"", ""note"": ""The psalm places human ranks in balances and finds them lighter than breath; the commentary likewise visualizes human loss as insufficient weight, though the psalm weighs human frailty and pretension."", ""turn"": 1, ""model"": ""sol"", ""connection_id"": ""BC-f43aaa5550e7dc932289""}]"
WLC:Ps.62.13	strong	tevrat	motif	repaid according to each one's work | according to each person's work	The commentary's deficient account rests on work; this verse says God repays each person according to his work, supplying a distinct recompense formula in the psalm whose earlier verse weighs humanity on scales. | The psalm says the Lord repays a person according to work; this is the same work-to-recompense relation used to explain the commentary's appointed day.	sec13	"[{""line"": 60, ""strength"": ""strong"", ""tradition"": ""tevrat"", ""kind"": ""motif"", ""ref"": ""WLC:Ps.62.13"", ""basis"": ""repaid according to each one's work"", ""note"": ""The commentary's deficient account rests on work; this verse says God repays each person according to his work, supplying a distinct recompense formula in the psalm whose earlier verse weighs humanity on scales."", ""turn"": 2, ""model"": ""luna"", ""connection_id"": ""BC-d5ea840e11747d530fe6""}, {""line"": 19, ""strength"": ""strong"", ""tradition"": ""tevrat"", ""kind"": ""motif"", ""ref"": ""WLC:Ps.62.13"", ""basis"": ""according to each person's work"", ""note"": ""The psalm says the Lord repays a person according to work; this is the same work-to-recompense relation used to explain the commentary's appointed day."", ""turn"": 1, ""model"": ""sol"", ""connection_id"": ""BC-420021d518a5c64951f6""}]"
WLC:Ps.73.17	medium	tevrat	motif	understand the wicked's end	The psalmist understands the prosperous wicked only after entering God's sanctuary and considering their end; this interprets the commentary's loss as an eventual outcome beyond apparent present success.	sec13	"[{""line"": 87, ""strength"": ""medium"", ""tradition"": ""tevrat"", ""kind"": ""motif"", ""ref"": ""WLC:Ps.73.17"", ""basis"": ""understand the wicked's end"", ""note"": ""The psalmist understands the prosperous wicked only after entering God's sanctuary and considering their end; this interprets the commentary's loss as an eventual outcome beyond apparent present success."", ""turn"": 1, ""model"": ""sol"", ""connection_id"": ""BC-9ad05ad3f93fc53573e9""}]"
WLC:Ps.90.12	medium	tevrat	motif	numbered days | numbered days yield wise heart	The commentary treats time as a finite term before accounting; the prayer asks God to teach people to number their days so they gain a wise heart, making mortality a prompt to live rightly. | The psalm asks to number our days so that wisdom may follow; this supports the commentary's allotted-time reading, though it teaches present wisdom rather than describing final scales.	sec13	"[{""line"": 49, ""strength"": ""medium"", ""tradition"": ""tevrat"", ""kind"": ""motif"", ""ref"": ""WLC:Ps.90.12"", ""basis"": ""numbered days"", ""note"": ""The commentary treats time as a finite term before accounting; the prayer asks God to teach people to number their days so they gain a wise heart, making mortality a prompt to live rightly."", ""turn"": 1, ""model"": ""luna"", ""connection_id"": ""BC-0b25dcdaded21e051c3f""}, {""line"": 80, ""strength"": ""medium"", ""tradition"": ""tevrat"", ""kind"": ""motif"", ""ref"": ""WLC:Ps.90.12"", ""basis"": ""numbered days yield wise heart"", ""note"": ""The psalm asks to number our days so that wisdom may follow; this supports the commentary's allotted-time reading, though it teaches present wisdom rather than describing final scales."", ""turn"": 1, ""model"": ""sol"", ""connection_id"": ""BC-b4e1f68d9319fa86481c""}]"
WLC:Ps.90.8	strong	tevrat	motif	secret sins exposed | hidden sins set before God	The commentary says deeds are found present at reckoning; the psalm says God sets iniquities and hidden sins before his face, adding the exposure of what a person conceals. | The psalm says God sets iniquities and secret sins before him; the commentary likewise says what people did will be present rather than lost from the account.	sec13	"[{""line"": 92, ""strength"": ""medium"", ""tradition"": ""tevrat"", ""kind"": ""motif"", ""ref"": ""WLC:Ps.90.8"", ""basis"": ""secret sins exposed"", ""note"": ""The commentary says deeds are found present at reckoning; the psalm says God sets iniquities and hidden sins before his face, adding the exposure of what a person conceals."", ""turn"": 2, ""model"": ""luna"", ""connection_id"": ""BC-9daa1618fe33c6e3077c""}, {""line"": 26, ""strength"": ""strong"", ""tradition"": ""tevrat"", ""kind"": ""motif"", ""ref"": ""WLC:Ps.90.8"", ""basis"": ""hidden sins set before God"", ""note"": ""The psalm says God sets iniquities and secret sins before him; the commentary likewise says what people did will be present rather than lost from the account."", ""turn"": 1, ""model"": ""sol"", ""connection_id"": ""BC-6e5dc034b2d3c7408395""}]"
WLC:Ps.98.9	strong	tevrat	motif	world judged in righteousness	The commentary's accounting concerns every person; the psalm pictures the Lord coming to judge the world and peoples with righteousness and equity, extending judgment to the whole inhabited world.	sec13	"[{""line"": 67, ""strength"": ""strong"", ""tradition"": ""tevrat"", ""kind"": ""motif"", ""ref"": ""WLC:Ps.98.9"", ""basis"": ""world judged in righteousness"", ""note"": ""The commentary's accounting concerns every person; the psalm pictures the Lord coming to judge the world and peoples with righteousness and equity, extending judgment to the whole inhabited world."", ""turn"": 2, ""model"": ""luna"", ""connection_id"": ""BC-d7ee5ac358a78791a15e""}]"
WLC:Zech.8.16	strong	tevrat	motif	speak truth to one another | speak truth to neighbor and judge justly	The commentary's mutual urging of truth has a close communal counterpart in Zechariah's command to speak truth to one another and judge with truth and peace in the gates; Zechariah locates this ethic in civic restoration. | Zechariah joins truthful speech to one's neighbor with judgments of truth and peace at the gates; this gives the surah's mutual counsel in truth a communal judicial setting.	sec13	"[{""line"": 15, ""strength"": ""strong"", ""tradition"": ""tevrat"", ""kind"": ""motif"", ""ref"": ""WLC:Zech.8.16"", ""basis"": ""speak truth to one another"", ""note"": ""The commentary's mutual urging of truth has a close communal counterpart in Zechariah's command to speak truth to one another and judge with truth and peace in the gates; Zechariah locates this ethic in civic restoration."", ""turn"": 1, ""model"": ""luna"", ""connection_id"": ""BC-20501a8a55e4527c18d4""}, {""line"": 39, ""strength"": ""strong"", ""tradition"": ""tevrat"", ""kind"": ""motif"", ""ref"": ""WLC:Zech.8.16"", ""basis"": ""speak truth to neighbor and judge justly"", ""note"": ""Zechariah joins truthful speech to one's neighbor with judgments of truth and peace at the gates; this gives the surah's mutual counsel in truth a communal judicial setting."", ""turn"": 1, ""model"": ""sol"", ""connection_id"": ""BC-a4298a768dbd2d48ae34""}]"
WLC:Zeph.2.2	medium	tevrat	soydas	Hebrew חקק in decree; table sound correspondence	Zephaniah urges action before the decree takes effect and before the Lord's angry day arrives; this places a prescribed term beside the commentary's appointed judgment day, while the root link remains unverified.	sec13	"[{""line"": 134, ""strength"": ""medium"", ""tradition"": ""tevrat"", ""kind"": ""soydas"", ""ref"": ""WLC:Zeph.2.2"", ""basis"": ""Hebrew חקק in decree; table sound correspondence"", ""note"": ""Zephaniah urges action before the decree takes effect and before the Lord's angry day arrives; this places a prescribed term beside the commentary's appointed judgment day, while the root link remains unverified."", ""turn"": 2, ""model"": ""sol"", ""connection_id"": ""BC-289fe1c098ebddc70d85""}]"
Wisdom of Solomon 3:1	strong	tevrat	motif	righteous souls not lost	The commentary says humanity is in loss except for the faithful who do good; Wisdom says the souls of the righteous are in God's hand and appear untouched by torment, challenging the inference that visible death means final loss.	sec13	"[{""line"": 23, ""strength"": ""strong"", ""tradition"": ""tevrat"", ""kind"": ""motif"", ""ref"": ""Wisdom of Solomon 3:1"", ""basis"": ""righteous souls not lost"", ""note"": ""The commentary says humanity is in loss except for the faithful who do good; Wisdom says the souls of the righteous are in God's hand and appear untouched by torment, challenging the inference that visible death means final loss."", ""turn"": 1, ""model"": ""luna"", ""connection_id"": ""BC-d2204adab3c79776ac89""}]"
Wisdom of Solomon 3:9	medium	tevrat	motif	faith; truth; mercy	The commentary's exception joins belief, righteous action, and truth; Wisdom says those who trust God understand truth and the faithful remain with him in love, grounding the righteous group's future in trust and divine mercy.	sec13	"[{""line"": 52, ""strength"": ""medium"", ""tradition"": ""tevrat"", ""kind"": ""motif"", ""ref"": ""Wisdom of Solomon 3:9"", ""basis"": ""faith; truth; mercy"", ""note"": ""The commentary's exception joins belief, righteous action, and truth; Wisdom says those who trust God understand truth and the faithful remain with him in love, grounding the righteous group's future in trust and divine mercy."", ""turn"": 1, ""model"": ""luna"", ""connection_id"": ""BC-08a26c1ccd4a7c1e9b52""}]"
Wisdom of Solomon 5:1	medium	tevrat	motif	righteous stand boldly at judgment	The commentary's exception is the group not lost; Wisdom pictures the righteous standing with great confidence before those who oppressed them, adding vindication after apparent defeat.	sec13	"[{""line"": 97, ""strength"": ""medium"", ""tradition"": ""tevrat"", ""kind"": ""motif"", ""ref"": ""Wisdom of Solomon 5:1"", ""basis"": ""righteous stand boldly at judgment"", ""note"": ""The commentary's exception is the group not lost; Wisdom pictures the righteous standing with great confidence before those who oppressed them, adding vindication after apparent defeat."", ""turn"": 2, ""model"": ""luna"", ""connection_id"": ""BC-f7cf6e7e2a319d1dac45""}]"
