ref	tier	tradition	kinds	basis	explanations	target	evidence
Augustine, City of God 19.15	medium	incil	yorum_gelenegi	creation, animal rule, slavery after sin	Augustine argues that the created order gives humans rule over irrational creatures, while human slavery is bound to sin; this Christian reading separates animal dominion from a natural right to own persons.	sec2	"[{""line"": 92, ""strength"": ""medium"", ""tradition"": ""incil"", ""kind"": ""yorum_gelenegi"", ""ref"": ""Augustine, City of God 19.15"", ""basis"": ""creation, animal rule, slavery after sin"", ""note"": ""Augustine argues that the created order gives humans rule over irrational creatures, while human slavery is bound to sin; this Christian reading separates animal dominion from a natural right to own persons."", ""turn"": 1, ""model"": ""terra"", ""connection_id"": ""BC-6ecddea6766ccd3e72de""}]"
Augustine, Confessions 1.1.1	medium	incil	yorum_gelenegi	Human creation directed toward God	The commentary treats being created as the ground of belonging to God; Augustine opens by interpreting human creation as oriented toward God and rest in God, adding an account of the human longing that accompanies creaturely dependence.	sec2	"[{""line"": 85, ""strength"": ""medium"", ""tradition"": ""incil"", ""kind"": ""yorum_gelenegi"", ""ref"": ""Augustine, Confessions 1.1.1"", ""basis"": ""Human creation directed toward God"", ""note"": ""The commentary treats being created as the ground of belonging to God; Augustine opens by interpreting human creation as oriented toward God and rest in God, adding an account of the human longing that accompanies creaturely dependence."", ""turn"": 2, ""model"": ""luna"", ""connection_id"": ""BC-38907a1b1650c9abce52""}]"
Didache 4:10	medium	incil	yorum_gelenegi	master and slave hope in the same God	The Didache forbids bitter commands to male or female slaves because both slave and master hope in the same God; it applies common divine lordship to household conduct.	sec2	"[{""line"": 91, ""strength"": ""medium"", ""tradition"": ""incil"", ""kind"": ""yorum_gelenegi"", ""ref"": ""Didache 4:10"", ""basis"": ""master and slave hope in the same God"", ""note"": ""The Didache forbids bitter commands to male or female slaves because both slave and master hope in the same God; it applies common divine lordship to household conduct."", ""turn"": 1, ""model"": ""terra"", ""connection_id"": ""BC-f8d95fd9ea607d8af973""}]"
Gregory of Nyssa, Homilies on Ecclesiastes 4	medium	incil	yorum_gelenegi	buying humans made in God's image	Gregory's homily on Ecclesiastes 2:7 attacks the purchase of human beings by appealing to their divine image and created freedom, a pointed patristic challenge to calling a person property.	sec2	"[{""line"": 93, ""strength"": ""medium"", ""tradition"": ""incil"", ""kind"": ""yorum_gelenegi"", ""ref"": ""Gregory of Nyssa, Homilies on Ecclesiastes 4"", ""basis"": ""buying humans made in God's image"", ""note"": ""Gregory's homily on Ecclesiastes 2:7 attacks the purchase of human beings by appealing to their divine image and created freedom, a pointed patristic challenge to calling a person property."", ""turn"": 1, ""model"": ""terra"", ""connection_id"": ""BC-6458cf9bb2801c7cc78b""}]"
Ignatius, To Polycarp 4:3	medium	incil	yorum_gelenegi	slaves serve for God's glory and better freedom	Ignatius tells enslaved Christians to serve more diligently for God's glory so that they may receive a better freedom from God, preserving the tension between social servitude and divine freedom.	sec2	"[{""line"": 136, ""strength"": ""medium"", ""tradition"": ""incil"", ""kind"": ""yorum_gelenegi"", ""ref"": ""Ignatius, To Polycarp 4:3"", ""basis"": ""slaves serve for God's glory and better freedom"", ""note"": ""Ignatius tells enslaved Christians to serve more diligently for God's glory so that they may receive a better freedom from God, preserving the tension between social servitude and divine freedom."", ""turn"": 2, ""model"": ""terra"", ""connection_id"": ""BC-c334e7ef6d3847c7f101""}]"
SBLGNT:1Cor.6.19	strong	incil	motif	Believers are not their own	The commentary says the human servant belongs to an owner; Paul tells the Corinthians they are not their own because they were bought at a price, giving a direct ownership formulation.	sec2	"[{""line"": 35, ""strength"": ""strong"", ""tradition"": ""incil"", ""kind"": ""motif"", ""ref"": ""SBLGNT:1Cor.6.19"", ""basis"": ""Believers are not their own"", ""note"": ""The commentary says the human servant belongs to an owner; Paul tells the Corinthians they are not their own because they were bought at a price, giving a direct ownership formulation."", ""turn"": 1, ""model"": ""luna"", ""connection_id"": ""BC-d7a6542ba9d5a47d68c4""}]"
SBLGNT:1Cor.6.20	strong	incil	motif	bought with a price and glorify God	Believers are said to have been bought at a price and therefore to glorify God bodily, joining ownership language to a lived act of worship.	sec2	"[{""line"": 71, ""strength"": ""strong"", ""tradition"": ""incil"", ""kind"": ""motif"", ""ref"": ""SBLGNT:1Cor.6.20"", ""basis"": ""bought with a price and glorify God"", ""note"": ""Believers are said to have been bought at a price and therefore to glorify God bodily, joining ownership language to a lived act of worship."", ""turn"": 1, ""model"": ""terra"", ""connection_id"": ""BC-dd26af35e48a52c4c027""}]"
SBLGNT:1Cor.7.22	strong	incil	karsi_anlati|motif	A free person called in Christ is Christ's slave | slave as Lord's freedperson, free as Christ's slave	The commentary says free and enslaved people alike are God's servants; Paul calls the free person who is called by the Lord Christ's slave, making freedom and divine belonging coexist. | Paul reverses ordinary social labels: the enslaved called in the Lord is free, while the free person is Christ's slave; it sharply reframes the commentary's fixed owner-slave status.	sec2	"[{""line"": 36, ""strength"": ""strong"", ""tradition"": ""incil"", ""kind"": ""motif"", ""ref"": ""SBLGNT:1Cor.7.22"", ""basis"": ""A free person called in Christ is Christ's slave"", ""note"": ""The commentary says free and enslaved people alike are God's servants; Paul calls the free person who is called by the Lord Christ's slave, making freedom and divine belonging coexist."", ""turn"": 1, ""model"": ""luna"", ""connection_id"": ""BC-ca87099b0e81f5f85c28""}, {""line"": 64, ""strength"": ""strong"", ""tradition"": ""incil"", ""kind"": ""karsi_anlati"", ""ref"": ""SBLGNT:1Cor.7.22"", ""basis"": ""slave as Lord's freedperson, free as Christ's slave"", ""note"": ""Paul reverses ordinary social labels: the enslaved called in the Lord is free, while the free person is Christ's slave; it sharply reframes the commentary's fixed owner-slave status."", ""turn"": 1, ""model"": ""terra"", ""connection_id"": ""BC-56c0e1d60b321b5cdfdb""}]"
SBLGNT:1Cor.7.23	strong	incil	karsi_anlati|motif	Bought with a price, not slaves of humans | bought at a price; do not become human slaves	The commentary places divine ownership above the human master's claim; Paul says believers were bought with a price and must not become slaves of humans, explicitly limiting human ownership. | Because believers were bought at a price, Paul warns them not to become slaves of humans; divine purchase becomes an argument against human mastery.	sec2	"[{""line"": 37, ""strength"": ""strong"", ""tradition"": ""incil"", ""kind"": ""motif"", ""ref"": ""SBLGNT:1Cor.7.23"", ""basis"": ""Bought with a price, not slaves of humans"", ""note"": ""The commentary places divine ownership above the human master's claim; Paul says believers were bought with a price and must not become slaves of humans, explicitly limiting human ownership."", ""turn"": 1, ""model"": ""luna"", ""connection_id"": ""BC-7a0bf288d067728348c4""}, {""line"": 65, ""strength"": ""strong"", ""tradition"": ""incil"", ""kind"": ""karsi_anlati"", ""ref"": ""SBLGNT:1Cor.7.23"", ""basis"": ""bought at a price; do not become human slaves"", ""note"": ""Because believers were bought at a price, Paul warns them not to become slaves of humans; divine purchase becomes an argument against human mastery."", ""turn"": 1, ""model"": ""terra"", ""connection_id"": ""BC-55e7df3dc6ba0ca4c8ab""}]"
SBLGNT:1Cor.9.19	medium	incil	motif	A free speaker makes himself a slave to others	The commentary says the servant's status is not initiated by choice because it follows creation; Paul says that though free he made himself a slave to all, offering a contrasting voluntary form of service for others.	sec2	"[{""line"": 84, ""strength"": ""medium"", ""tradition"": ""incil"", ""kind"": ""motif"", ""ref"": ""SBLGNT:1Cor.9.19"", ""basis"": ""A free speaker makes himself a slave to others"", ""note"": ""The commentary says the servant's status is not initiated by choice because it follows creation; Paul says that though free he made himself a slave to all, offering a contrasting voluntary form of service for others."", ""turn"": 2, ""model"": ""luna"", ""connection_id"": ""BC-2ab5332a13e5140bb029""}]"
SBLGNT:1Pet.2.16	strong	incil	karsi_anlati|motif	Free people remain God's servants | free people as slaves of God	The commentary says human freedom does not cancel being God's servant; Peter tells believers to live as free people while remaining God's servants, holding both statuses together. | Believers are to live as free people while also as God's slaves; the deliberate pairing gives a Christian reversal of the commentary's ordinary contrast between freedom and owned status.	sec2	"[{""line"": 44, ""strength"": ""strong"", ""tradition"": ""incil"", ""kind"": ""motif"", ""ref"": ""SBLGNT:1Pet.2.16"", ""basis"": ""Free people remain God's servants"", ""note"": ""The commentary says human freedom does not cancel being God's servant; Peter tells believers to live as free people while remaining God's servants, holding both statuses together."", ""turn"": 1, ""model"": ""luna"", ""connection_id"": ""BC-29be2ab7b43b18be1d20""}, {""line"": 128, ""strength"": ""strong"", ""tradition"": ""incil"", ""kind"": ""karsi_anlati"", ""ref"": ""SBLGNT:1Pet.2.16"", ""basis"": ""free people as slaves of God"", ""note"": ""Believers are to live as free people while also as God's slaves; the deliberate pairing gives a Christian reversal of the commentary's ordinary contrast between freedom and owned status."", ""turn"": 2, ""model"": ""terra"", ""connection_id"": ""BC-3ef7b2e652b1180ca8b3""}]"
SBLGNT:1Tim.6.1	strong	incil	motif	Slaves owe honor to human masters	The commentary's B006 gloss describes someone honored as if worshipped; Timothy tells enslaved believers to regard their masters as worthy of honor, adding a household rule that distinguishes human honor from divine worship.	sec2	"[{""line"": 43, ""strength"": ""strong"", ""tradition"": ""incil"", ""kind"": ""motif"", ""ref"": ""SBLGNT:1Tim.6.1"", ""basis"": ""Slaves owe honor to human masters"", ""note"": ""The commentary's B006 gloss describes someone honored as if worshipped; Timothy tells enslaved believers to regard their masters as worthy of honor, adding a household rule that distinguishes human honor from divine worship."", ""turn"": 1, ""model"": ""luna"", ""connection_id"": ""BC-f77696b89c7b9b4f63ba""}]"
SBLGNT:1Tim.6.15	strong	incil	motif	only Sovereign, King of kings, Lord of lords	The doxology calls God the only Sovereign and the King of kings and Lord of lords, a compact New Testament royal-master formulation beside Mālik.	sec2	"[{""line"": 132, ""strength"": ""strong"", ""tradition"": ""incil"", ""kind"": ""motif"", ""ref"": ""SBLGNT:1Tim.6.15"", ""basis"": ""only Sovereign, King of kings, Lord of lords"", ""note"": ""The doxology calls God the only Sovereign and the King of kings and Lord of lords, a compact New Testament royal-master formulation beside Mālik."", ""turn"": 2, ""model"": ""terra"", ""connection_id"": ""BC-3ac22fa9dc0a248cb55b""}]"
SBLGNT:2Cor.5.10	strong	incil	motif	Everyone appears before Christ's judgment seat | all appear before Christ's judgment seat	The commentary joins malik with the Day of Judgment; Paul says all must appear before Christ's judgment seat and receive what is due, adding personal accountability to the sovereign judgment motif. | All people must appear before Christ's judgment seat to receive according to their deeds, an individual accounting scene for the Day of dīn dimension.	sec2	"[{""line"": 45, ""strength"": ""strong"", ""tradition"": ""incil"", ""kind"": ""motif"", ""ref"": ""SBLGNT:2Cor.5.10"", ""basis"": ""Everyone appears before Christ's judgment seat"", ""note"": ""The commentary joins malik with the Day of Judgment; Paul says all must appear before Christ's judgment seat and receive what is due, adding personal accountability to the sovereign judgment motif."", ""turn"": 1, ""model"": ""luna"", ""connection_id"": ""BC-4317c652e9b1345a33e9""}, {""line"": 130, ""strength"": ""strong"", ""tradition"": ""incil"", ""kind"": ""motif"", ""ref"": ""SBLGNT:2Cor.5.10"", ""basis"": ""all appear before Christ's judgment seat"", ""note"": ""All people must appear before Christ's judgment seat to receive according to their deeds, an individual accounting scene for the Day of dīn dimension."", ""turn"": 2, ""model"": ""terra"", ""connection_id"": ""BC-2c26a0410fedac2919d5""}]"
SBLGNT:Acts.10.25	strong	incil	paralel	Cornelius falls at a human's feet	Cornelius falls at Peter's feet and prostrates before him, staging the very transfer of honor to a human figure that the commentary's limit on human lords excludes.	sec2	"[{""line"": 124, ""strength"": ""strong"", ""tradition"": ""incil"", ""kind"": ""paralel"", ""ref"": ""SBLGNT:Acts.10.25"", ""basis"": ""Cornelius falls at a human's feet"", ""note"": ""Cornelius falls at Peter's feet and prostrates before him, staging the very transfer of honor to a human figure that the commentary's limit on human lords excludes."", ""turn"": 2, ""model"": ""terra"", ""connection_id"": ""BC-0ba1962b7931a9817154""}]"
SBLGNT:Acts.10.26	strong	incil	karsi_anlati	Peter refuses human prostration	Peter raises Cornelius and says that he too is human, turning the preceding act into an explicit rejection of worshipful elevation of a person.	sec2	"[{""line"": 125, ""strength"": ""strong"", ""tradition"": ""incil"", ""kind"": ""karsi_anlati"", ""ref"": ""SBLGNT:Acts.10.26"", ""basis"": ""Peter refuses human prostration"", ""note"": ""Peter raises Cornelius and says that he too is human, turning the preceding act into an explicit rejection of worshipful elevation of a person."", ""turn"": 2, ""model"": ""terra"", ""connection_id"": ""BC-c35a2e6f06834c7ca7ae""}]"
SBLGNT:Acts.14.15	medium	incil	motif	Human beings refuse worship and point to the Creator	The commentary calls God the one worshipped and treats humans as created servants; Paul and Barnabas reject a crowd's worship, identify themselves as human, and direct it to the living Creator, clarifying why a human must not take divine honor.	sec2	"[{""line"": 60, ""strength"": ""medium"", ""tradition"": ""incil"", ""kind"": ""motif"", ""ref"": ""SBLGNT:Acts.14.15"", ""basis"": ""Human beings refuse worship and point to the Creator"", ""note"": ""The commentary calls God the one worshipped and treats humans as created servants; Paul and Barnabas reject a crowd's worship, identify themselves as human, and direct it to the living Creator, clarifying why a human must not take divine honor."", ""turn"": 1, ""model"": ""luna"", ""connection_id"": ""BC-beb0083bb12acc8af2a3""}]"
SBLGNT:Acts.17.24	strong	incil	motif	God made the world and is Lord of heaven and earth	Paul calls the creator Lord of heaven and earth, a New Testament statement of comprehensive divine sovereignty over the worlds named in the commentary.	sec2	"[{""line"": 69, ""strength"": ""strong"", ""tradition"": ""incil"", ""kind"": ""motif"", ""ref"": ""SBLGNT:Acts.17.24"", ""basis"": ""God made the world and is Lord of heaven and earth"", ""note"": ""Paul calls the creator Lord of heaven and earth, a New Testament statement of comprehensive divine sovereignty over the worlds named in the commentary."", ""turn"": 1, ""model"": ""terra"", ""connection_id"": ""BC-d540a1a8151b0462d44d""}]"
SBLGNT:Acts.17.25	strong	incil	motif	The Creator gives life and is not served from need | God is not served as needing anything	The commentary grounds human service in being created and treats God as owner; Paul says the world's maker is not served by human hands as though needy, because he gives life and all things, distinguishing worship from supplying a master's lack. | God is not served by human hands as though he needed anything, because he gives life and breath to all; it closely supports the commentary's insistence that the true owner lacks no helper and is not reduced by need.	sec2	"[{""line"": 61, ""strength"": ""medium"", ""tradition"": ""incil"", ""kind"": ""motif"", ""ref"": ""SBLGNT:Acts.17.25"", ""basis"": ""The Creator gives life and is not served from need"", ""note"": ""The commentary grounds human service in being created and treats God as owner; Paul says the world's maker is not served by human hands as though needy, because he gives life and all things, distinguishing worship from supplying a master's lack."", ""turn"": 1, ""model"": ""luna"", ""connection_id"": ""BC-30bc9e73738832416e35""}, {""line"": 70, ""strength"": ""strong"", ""tradition"": ""incil"", ""kind"": ""motif"", ""ref"": ""SBLGNT:Acts.17.25"", ""basis"": ""God is not served as needing anything"", ""note"": ""God is not served by human hands as though he needed anything, because he gives life and breath to all; it closely supports the commentary's insistence that the true owner lacks no helper and is not reduced by need."", ""turn"": 1, ""model"": ""terra"", ""connection_id"": ""BC-27d97531a863a21b2303""}]"
SBLGNT:Acts.17.31	strong	incil	motif	a fixed day for judging the world	Paul says God has fixed a day on which he will judge the world in righteousness, making the day-and-judgment element explicit in the same speech that calls God creator and Lord.	sec2	"[{""line"": 131, ""strength"": ""strong"", ""tradition"": ""incil"", ""kind"": ""motif"", ""ref"": ""SBLGNT:Acts.17.31"", ""basis"": ""a fixed day for judging the world"", ""note"": ""Paul says God has fixed a day on which he will judge the world in righteousness, making the day-and-judgment element explicit in the same speech that calls God creator and Lord."", ""turn"": 2, ""model"": ""terra"", ""connection_id"": ""BC-0cd293de689270c8be0e""}]"
SBLGNT:Acts.4.24	strong	incil	motif	direct prayer to creator as Sovereign Master	The community addresses God as despota, the Sovereign Master who made heaven, earth, sea, and all in them; it joins direct address, mastery, and creation in one prayer.	sec2	"[{""line"": 123, ""strength"": ""strong"", ""tradition"": ""incil"", ""kind"": ""motif"", ""ref"": ""SBLGNT:Acts.4.24"", ""basis"": ""direct prayer to creator as Sovereign Master"", ""note"": ""The community addresses God as despota, the Sovereign Master who made heaven, earth, sea, and all in them; it joins direct address, mastery, and creation in one prayer."", ""turn"": 2, ""model"": ""terra"", ""connection_id"": ""BC-6b885e462bb9f17fa1de""}]"
SBLGNT:Col.3.24	strong	incil	motif	slaves serve the Lord Christ	In an instruction to household slaves, Paul says that the service ultimately rendered is to the Lord Christ and promises an inheritance, placing earthly service under a different master and reward.	sec2	"[{""line"": 127, ""strength"": ""strong"", ""tradition"": ""incil"", ""kind"": ""motif"", ""ref"": ""SBLGNT:Col.3.24"", ""basis"": ""slaves serve the Lord Christ"", ""note"": ""In an instruction to household slaves, Paul says that the service ultimately rendered is to the Lord Christ and promises an inheritance, placing earthly service under a different master and reward."", ""turn"": 2, ""model"": ""terra"", ""connection_id"": ""BC-b25f892bc814299c9ca0""}]"
SBLGNT:Col.4.1	strong	incil	motif	Earthly masters have a Master in heaven	The commentary links a human owner to the higher owner who rules all; Paul tells masters to act justly because they too have a Master in heaven, limiting household power under divine authority.	sec2	"[{""line"": 42, ""strength"": ""strong"", ""tradition"": ""incil"", ""kind"": ""motif"", ""ref"": ""SBLGNT:Col.4.1"", ""basis"": ""Earthly masters have a Master in heaven"", ""note"": ""The commentary links a human owner to the higher owner who rules all; Paul tells masters to act justly because they too have a Master in heaven, limiting household power under divine authority."", ""turn"": 1, ""model"": ""luna"", ""connection_id"": ""BC-85d111ecbcd2583c596d""}]"
SBLGNT:Eph.6.9	strong	incil	karsi_anlati	earthly masters share a Master in heaven	Christian masters must stop threatening because their own and their slaves' Master is in heaven and shows no partiality; the verse limits human ownership from above.	sec2	"[{""line"": 68, ""strength"": ""strong"", ""tradition"": ""incil"", ""kind"": ""karsi_anlati"", ""ref"": ""SBLGNT:Eph.6.9"", ""basis"": ""earthly masters share a Master in heaven"", ""note"": ""Christian masters must stop threatening because their own and their slaves' Master is in heaven and shows no partiality; the verse limits human ownership from above."", ""turn"": 1, ""model"": ""terra"", ""connection_id"": ""BC-2168821f8a50f4f4c909""}]"
SBLGNT:Gal.4.7	strong	incil	karsi_anlati	no longer slave but child and heir	The believer is no longer a slave but a child and heir through God, changing the household relation from permanent servitude to filial inheritance.	sec2	"[{""line"": 66, ""strength"": ""strong"", ""tradition"": ""incil"", ""kind"": ""karsi_anlati"", ""ref"": ""SBLGNT:Gal.4.7"", ""basis"": ""no longer slave but child and heir"", ""note"": ""The believer is no longer a slave but a child and heir through God, changing the household relation from permanent servitude to filial inheritance."", ""turn"": 1, ""model"": ""terra"", ""connection_id"": ""BC-9697586a7c42c63c207d""}]"
SBLGNT:Heb.12.13	medium	incil	motif	make straight paths for feet	Hebrews commands straight paths for the feet so that the lame may be healed rather than put out of joint, turning the made-level road into a communal moral action.	sec2	"[{""line"": 119, ""strength"": ""medium"", ""tradition"": ""incil"", ""kind"": ""motif"", ""ref"": ""SBLGNT:Heb.12.13"", ""basis"": ""make straight paths for feet"", ""note"": ""Hebrews commands straight paths for the feet so that the lame may be healed rather than put out of joint, turning the made-level road into a communal moral action."", ""turn"": 2, ""model"": ""terra"", ""connection_id"": ""BC-7114cd17d833cbb21bac""}]"
SBLGNT:Heb.12.28	strong	incil	motif	acceptable worship with reverence and awe	The community is to offer acceptable worship to God with reverence and awe because it receives an unshakable kingdom, a liturgical form of humble service before sovereignty.	sec2	"[{""line"": 129, ""strength"": ""strong"", ""tradition"": ""incil"", ""kind"": ""motif"", ""ref"": ""SBLGNT:Heb.12.28"", ""basis"": ""acceptable worship with reverence and awe"", ""note"": ""The community is to offer acceptable worship to God with reverence and awe because it receives an unshakable kingdom, a liturgical form of humble service before sovereignty."", ""turn"": 2, ""model"": ""terra"", ""connection_id"": ""BC-d225d48ea94ff2711c3b""}]"
SBLGNT:Heb.3.5	strong	incil	motif|paralel	Moses faithful as a servant in God's house | Moses as servant in God's whole house	The commentary pictures a human servant in the owner's house; Hebrews calls Moses faithful as a servant within God's house, placing the Mosaic figure in a divine household and clarifying the servant's subordinate role. | Moses is faithful as a servant in all God's house, preserving the commentary's house/master/servant relation in an explicitly theological household.	sec2	"[{""line"": 76, ""strength"": ""strong"", ""tradition"": ""incil"", ""kind"": ""motif"", ""ref"": ""SBLGNT:Heb.3.5"", ""basis"": ""Moses faithful as a servant in God's house"", ""note"": ""The commentary pictures a human servant in the owner's house; Hebrews calls Moses faithful as a servant within God's house, placing the Mosaic figure in a divine household and clarifying the servant's subordinate role."", ""turn"": 2, ""model"": ""luna"", ""connection_id"": ""BC-753eaae6e2a75b38c800""}, {""line"": 80, ""strength"": ""strong"", ""tradition"": ""incil"", ""kind"": ""paralel"", ""ref"": ""SBLGNT:Heb.3.5"", ""basis"": ""Moses as servant in God's whole house"", ""note"": ""Moses is faithful as a servant in all God's house, preserving the commentary's house/master/servant relation in an explicitly theological household."", ""turn"": 1, ""model"": ""terra"", ""connection_id"": ""BC-0be495fe86dfc34a5705""}]"
SBLGNT:Heb.3.6	strong	incil	karsi_anlati|motif	The Son stands over the house | Christ as Son over God's house	The commentary distinguishes the owner from the servant who belongs in the owner's house; Hebrews contrasts Moses the servant with Christ as Son over God's house, making household status the basis of a theological distinction. | The contrast makes Christ Son over God's house and the believers that house, distinguishing sonship and household membership from slave status.	sec2	"[{""line"": 77, ""strength"": ""strong"", ""tradition"": ""incil"", ""kind"": ""motif"", ""ref"": ""SBLGNT:Heb.3.6"", ""basis"": ""The Son stands over the house"", ""note"": ""The commentary distinguishes the owner from the servant who belongs in the owner's house; Hebrews contrasts Moses the servant with Christ as Son over God's house, making household status the basis of a theological distinction."", ""turn"": 2, ""model"": ""luna"", ""connection_id"": ""BC-9766966eca68c5c19279""}, {""line"": 81, ""strength"": ""strong"", ""tradition"": ""incil"", ""kind"": ""karsi_anlati"", ""ref"": ""SBLGNT:Heb.3.6"", ""basis"": ""Christ as Son over God's house"", ""note"": ""The contrast makes Christ Son over God's house and the believers that house, distinguishing sonship and household membership from slave status."", ""turn"": 1, ""model"": ""terra"", ""connection_id"": ""BC-321ac22195021b0edd2f""}]"
SBLGNT:Jas.3.7	strong	incil	motif	all animal kinds are tamed	James says every kind of beast, bird, reptile, and sea creature is tamed by humanity, a precise New Testament counterpart to the commentary's language of animal domestication.	sec2	"[{""line"": 43, ""strength"": ""strong"", ""tradition"": ""incil"", ""kind"": ""motif"", ""ref"": ""SBLGNT:Jas.3.7"", ""basis"": ""all animal kinds are tamed"", ""note"": ""James says every kind of beast, bird, reptile, and sea creature is tamed by humanity, a precise New Testament counterpart to the commentary's language of animal domestication."", ""turn"": 1, ""model"": ""terra"", ""connection_id"": ""BC-cc597f24f672d3a923af""}]"
SBLGNT:Jas.3.8	strong	incil	motif	the tongue cannot be tamed	The immediately following contrast says no human can tame the tongue; it gives the tamed-animal figure a moral reversal in which the human speaker remains resistant to mastery.	sec2	"[{""line"": 44, ""strength"": ""strong"", ""tradition"": ""incil"", ""kind"": ""motif"", ""ref"": ""SBLGNT:Jas.3.8"", ""basis"": ""the tongue cannot be tamed"", ""note"": ""The immediately following contrast says no human can tame the tongue; it gives the tamed-animal figure a moral reversal in which the human speaker remains resistant to mastery."", ""turn"": 1, ""model"": ""terra"", ""connection_id"": ""BC-9cb41e7ddd8cce9de7d7""}]"
SBLGNT:Jas.4.12	strong	incil	motif	One lawgiver and judge can save or destroy	The commentary says God alone is the owner and judge while humans must not make one another lords; James names one lawgiver and judge able to save and destroy, explicitly grounding the limit on judging others in God's singular authority.	sec2	"[{""line"": 78, ""strength"": ""strong"", ""tradition"": ""incil"", ""kind"": ""motif"", ""ref"": ""SBLGNT:Jas.4.12"", ""basis"": ""One lawgiver and judge can save or destroy"", ""note"": ""The commentary says God alone is the owner and judge while humans must not make one another lords; James names one lawgiver and judge able to save and destroy, explicitly grounding the limit on judging others in God's singular authority."", ""turn"": 2, ""model"": ""luna"", ""connection_id"": ""BC-a5981b8d4dc8625bc49c""}]"
SBLGNT:John.1.38	strong	incil	soydas	Aramaic/Hebrew rabbî as a teacher's title	The commentary's source label ر ب ب explains rabb as an obeyed master and human household owner; John's disciples address Jesus as Rabbi and the Gospel glosses the title as Teacher, showing the Semitic cognate in a teacher-authority setting.	sec2	"[{""line"": 30, ""strength"": ""strong"", ""tradition"": ""incil"", ""kind"": ""soydas"", ""ref"": ""SBLGNT:John.1.38"", ""basis"": ""Aramaic/Hebrew rabbî as a teacher's title"", ""note"": ""The commentary's source label ر ب ب explains rabb as an obeyed master and human household owner; John's disciples address Jesus as Rabbi and the Gospel glosses the title as Teacher, showing the Semitic cognate in a teacher-authority setting."", ""turn"": 1, ""model"": ""luna"", ""connection_id"": ""BC-5fdc478e582b22955ec9""}]"
SBLGNT:John.13.13	strong	incil	paralel	“Teacher and Lord”	Jesus accepts the disciples' titles “Teacher” and “Lord,” giving the human speech of lordship in the commentary an explicit Gospel parallel before the following reversal.	sec2	"[{""line"": 51, ""strength"": ""strong"", ""tradition"": ""incil"", ""kind"": ""paralel"", ""ref"": ""SBLGNT:John.13.13"", ""basis"": ""“Teacher and Lord”"", ""note"": ""Jesus accepts the disciples' titles “Teacher” and “Lord,” giving the human speech of lordship in the commentary an explicit Gospel parallel before the following reversal."", ""turn"": 1, ""model"": ""terra"", ""connection_id"": ""BC-afc5eaeaece2c7b91f3d""}]"
SBLGNT:John.13.14	strong	incil	karsi_anlati|motif	The Lord and Teacher washes his disciples' feet | Lord washes servants' feet	The commentary distinguishes the owner from the humiliated servant; Jesus explicitly takes the role of teacher and Lord while washing his disciples' feet, making a servant's lowly work the action of the master. | The one called Lord and Teacher washes disciples' feet and makes it exemplary; the action directly counters the commentary's asymmetry in which humiliation belongs only to the servant.	sec2	"[{""line"": 31, ""strength"": ""strong"", ""tradition"": ""incil"", ""kind"": ""motif"", ""ref"": ""SBLGNT:John.13.14"", ""basis"": ""The Lord and Teacher washes his disciples' feet"", ""note"": ""The commentary distinguishes the owner from the humiliated servant; Jesus explicitly takes the role of teacher and Lord while washing his disciples' feet, making a servant's lowly work the action of the master."", ""turn"": 1, ""model"": ""luna"", ""connection_id"": ""BC-d86cd6194af7f1d447c0""}, {""line"": 52, ""strength"": ""strong"", ""tradition"": ""incil"", ""kind"": ""karsi_anlati"", ""ref"": ""SBLGNT:John.13.14"", ""basis"": ""Lord washes servants' feet"", ""note"": ""The one called Lord and Teacher washes disciples' feet and makes it exemplary; the action directly counters the commentary's asymmetry in which humiliation belongs only to the servant."", ""turn"": 1, ""model"": ""terra"", ""connection_id"": ""BC-8f03402b480f837a8271""}]"
SBLGNT:John.13.16	strong	incil	motif	A servant is not greater than the master	The commentary's image depends on the servant's subordination to the owner; Jesus uses the servant/master relation to set the disciples' status after washing their feet, while the scene has already shown the master serving.	sec2	"[{""line"": 32, ""strength"": ""strong"", ""tradition"": ""incil"", ""kind"": ""motif"", ""ref"": ""SBLGNT:John.13.16"", ""basis"": ""A servant is not greater than the master"", ""note"": ""The commentary's image depends on the servant's subordination to the owner; Jesus uses the servant/master relation to set the disciples' status after washing their feet, while the scene has already shown the master serving."", ""turn"": 1, ""model"": ""luna"", ""connection_id"": ""BC-90ebfbc455cebc9a1888""}]"
SBLGNT:John.15.15	medium	incil	karsi_anlati|motif	Disciples no longer called slaves but friends | no longer servants but friends	The commentary presents the human as God's owned servant by creation; Jesus says his disciples are no longer slaves who lack knowledge of the master's affairs but friends who have been told what he heard, adding a Christian shift from subordination to disclosed intimacy. | Jesus no longer calls disciples servants because a servant does not know the master's affairs, but friends; intimate disclosure revises the distance assumed by the master-property model.	sec2	"[{""line"": 83, ""strength"": ""medium"", ""tradition"": ""incil"", ""kind"": ""motif"", ""ref"": ""SBLGNT:John.15.15"", ""basis"": ""Disciples no longer called slaves but friends"", ""note"": ""The commentary presents the human as God's owned servant by creation; Jesus says his disciples are no longer slaves who lack knowledge of the master's affairs but friends who have been told what he heard, adding a Christian shift from subordination to disclosed intimacy."", ""turn"": 2, ""model"": ""luna"", ""connection_id"": ""BC-0182d24c560a88c1d763""}, {""line"": 89, ""strength"": ""medium"", ""tradition"": ""incil"", ""kind"": ""karsi_anlati"", ""ref"": ""SBLGNT:John.15.15"", ""basis"": ""no longer servants but friends"", ""note"": ""Jesus no longer calls disciples servants because a servant does not know the master's affairs, but friends; intimate disclosure revises the distance assumed by the master-property model."", ""turn"": 1, ""model"": ""terra"", ""connection_id"": ""BC-88380de7f1c9a7e7ffdd""}]"
SBLGNT:John.8.35	medium	incil	karsi_anlati	slave and son in the household	Jesus says a slave does not remain in the household forever but the son does; it uses the house image to contrast slave impermanence with filial permanence.	sec2	"[{""line"": 88, ""strength"": ""medium"", ""tradition"": ""incil"", ""kind"": ""karsi_anlati"", ""ref"": ""SBLGNT:John.8.35"", ""basis"": ""slave and son in the household"", ""note"": ""Jesus says a slave does not remain in the household forever but the son does; it uses the house image to contrast slave impermanence with filial permanence."", ""turn"": 1, ""model"": ""terra"", ""connection_id"": ""BC-116a5d51aa63cdb9145d""}]"
SBLGNT:Luke.12.37	strong	incil	karsi_anlati	master serves watchful servants	The returning master dresses for service, seats his servants, and serves them; this deliberately reverses the commentary's one-way household hierarchy and its claim that the master does not lower himself.	sec2	"[{""line"": 50, ""strength"": ""strong"", ""tradition"": ""incil"", ""kind"": ""karsi_anlati"", ""ref"": ""SBLGNT:Luke.12.37"", ""basis"": ""master serves watchful servants"", ""note"": ""The returning master dresses for service, seats his servants, and serves them; this deliberately reverses the commentary's one-way household hierarchy and its claim that the master does not lower himself."", ""turn"": 1, ""model"": ""terra"", ""connection_id"": ""BC-a2f7c47b366efdf09072""}]"
SBLGNT:Luke.15.19	medium	incil	paralel	returning son asks to be a hired servant	The returning son proposes admission to his father's house as a hired servant; paired with the father's response in verse 22, it makes the commentary's servant-at-the-master's-house image a precise Gospel encounter.	sec2	"[{""line"": 94, ""strength"": ""medium"", ""tradition"": ""incil"", ""kind"": ""paralel"", ""ref"": ""SBLGNT:Luke.15.19"", ""basis"": ""returning son asks to be a hired servant"", ""note"": ""The returning son proposes admission to his father's house as a hired servant; paired with the father's response in verse 22, it makes the commentary's servant-at-the-master's-house image a precise Gospel encounter."", ""turn"": 1, ""model"": ""terra"", ""connection_id"": ""BC-4da3649d735d80a39225""}]"
SBLGNT:Luke.15.22	strong	incil	karsi_anlati	father restores the returning son with honor	The father answers the returning son's household shame with robe, ring, and sandals, making the master's house a place of restorative honor rather than the fixed abasement expected in the commentary.	sec2	"[{""line"": 75, ""strength"": ""strong"", ""tradition"": ""incil"", ""kind"": ""karsi_anlati"", ""ref"": ""SBLGNT:Luke.15.22"", ""basis"": ""father restores the returning son with honor"", ""note"": ""The father answers the returning son's household shame with robe, ring, and sandals, making the master's house a place of restorative honor rather than the fixed abasement expected in the commentary."", ""turn"": 1, ""model"": ""terra"", ""connection_id"": ""BC-a13742fa53a31f8cbcbf""}]"
SBLGNT:Luke.17.10	strong	incil	motif|paralel	Servants say they have done their duty | servants have done only their duty	The commentary's speaker says in the first-person plural that they worship and explains worship as obedient submission; Jesus has servants conclude that they have only done their duty, giving a concrete household form for service without claiming merit. | After doing all commanded, disciples are to call themselves servants who have only done their duty; it supplies a Christian idiom of obedience and lowly self-description.	sec2	"[{""line"": 75, ""strength"": ""strong"", ""tradition"": ""incil"", ""kind"": ""motif"", ""ref"": ""SBLGNT:Luke.17.10"", ""basis"": ""Servants say they have done their duty"", ""note"": ""The commentary's speaker says in the first-person plural that they worship and explains worship as obedient submission; Jesus has servants conclude that they have only done their duty, giving a concrete household form for service without claiming merit."", ""turn"": 2, ""model"": ""luna"", ""connection_id"": ""BC-ff8feecdec01428d96e8""}, {""line"": 49, ""strength"": ""strong"", ""tradition"": ""incil"", ""kind"": ""paralel"", ""ref"": ""SBLGNT:Luke.17.10"", ""basis"": ""servants have done only their duty"", ""note"": ""After doing all commanded, disciples are to call themselves servants who have only done their duty; it supplies a Christian idiom of obedience and lowly self-description."", ""turn"": 1, ""model"": ""terra"", ""connection_id"": ""BC-d9bbf0b9081774a6bddd""}]"
SBLGNT:Luke.17.7	strong	incil	paralel	servant returns from plowing or shepherding	Jesus' household example assumes a servant who comes in from field work and still prepares the master's meal, preserving the literal labor-and-master scene that underlies the commentary's slave image.	sec2	"[{""line"": 48, ""strength"": ""strong"", ""tradition"": ""incil"", ""kind"": ""paralel"", ""ref"": ""SBLGNT:Luke.17.7"", ""basis"": ""servant returns from plowing or shepherding"", ""note"": ""Jesus' household example assumes a servant who comes in from field work and still prepares the master's meal, preserving the literal labor-and-master scene that underlies the commentary's slave image."", ""turn"": 1, ""model"": ""terra"", ""connection_id"": ""BC-2ccaa510c81ff7eb5119""}]"
SBLGNT:Luke.3.5	strong	incil	motif	leveling and smoothing the way	Luke's Isaian quotation retains valleys filled, mountains lowered, and rough places made smooth; it carries the commentary's rendered-road image into the Gospel's preparation for God's coming.	sec2	"[{""line"": 38, ""strength"": ""strong"", ""tradition"": ""incil"", ""kind"": ""motif"", ""ref"": ""SBLGNT:Luke.3.5"", ""basis"": ""leveling and smoothing the way"", ""note"": ""Luke's Isaian quotation retains valleys filled, mountains lowered, and rough places made smooth; it carries the commentary's rendered-road image into the Gospel's preparation for God's coming."", ""turn"": 1, ""model"": ""terra"", ""connection_id"": ""BC-a42495b2792f5139f6d1""}]"
SBLGNT:Luke.6.46	strong	incil	motif	calling Lord requires obedience	Jesus asks why people call him “Lord, Lord” but do not do what he says; the verse explicitly joins the master's title to obedience, not to verbal address alone.	sec2	"[{""line"": 47, ""strength"": ""strong"", ""tradition"": ""incil"", ""kind"": ""motif"", ""ref"": ""SBLGNT:Luke.6.46"", ""basis"": ""calling Lord requires obedience"", ""note"": ""Jesus asks why people call him “Lord, Lord” but do not do what he says; the verse explicitly joins the master's title to obedience, not to verbal address alone."", ""turn"": 1, ""model"": ""terra"", ""connection_id"": ""BC-ebbbd0b26096be473042""}]"
SBLGNT:Mark.1.3	strong	incil	motif	prepare the Lord's way, make paths straight	Mark applies the wilderness-road summons to John's proclamation, making the straightened path a concrete Gospel preparation for the Lord rather than a bare travel image.	sec2	"[{""line"": 39, ""strength"": ""strong"", ""tradition"": ""incil"", ""kind"": ""motif"", ""ref"": ""SBLGNT:Mark.1.3"", ""basis"": ""prepare the Lord's way, make paths straight"", ""note"": ""Mark applies the wilderness-road summons to John's proclamation, making the straightened path a concrete Gospel preparation for the Lord rather than a bare travel image."", ""turn"": 1, ""model"": ""terra"", ""connection_id"": ""BC-87d1c88e3211955b4949""}]"
SBLGNT:Mark.10.42	strong	incil	karsi_anlati	Gentile rulers lord it over others	Jesus names dominating rule as the practice of Gentile rulers, making human lordship a social pattern that his teaching will explicitly reject.	sec2	"[{""line"": 53, ""strength"": ""strong"", ""tradition"": ""incil"", ""kind"": ""karsi_anlati"", ""ref"": ""SBLGNT:Mark.10.42"", ""basis"": ""Gentile rulers lord it over others"", ""note"": ""Jesus names dominating rule as the practice of Gentile rulers, making human lordship a social pattern that his teaching will explicitly reject."", ""turn"": 1, ""model"": ""terra"", ""connection_id"": ""BC-7e4e37dc4b6ec81df58c""}]"
SBLGNT:Mark.10.43	strong	incil	karsi_anlati	greatness becomes service	The next verse reverses status: whoever wants greatness must become the others' servant, changing the master-slave scale from ownership to service.	sec2	"[{""line"": 54, ""strength"": ""strong"", ""tradition"": ""incil"", ""kind"": ""karsi_anlati"", ""ref"": ""SBLGNT:Mark.10.43"", ""basis"": ""greatness becomes service"", ""note"": ""The next verse reverses status: whoever wants greatness must become the others' servant, changing the master-slave scale from ownership to service."", ""turn"": 1, ""model"": ""terra"", ""connection_id"": ""BC-017466197bb07e1a1e86""}]"
SBLGNT:Mark.10.45	strong	incil	karsi_anlati	Son of Man serves and gives ransom	The Son of Man comes not to be served but to serve and give his life as a ransom, a concentrated counter-scene to a master who only receives service.	sec2	"[{""line"": 55, ""strength"": ""strong"", ""tradition"": ""incil"", ""kind"": ""karsi_anlati"", ""ref"": ""SBLGNT:Mark.10.45"", ""basis"": ""Son of Man serves and gives ransom"", ""note"": ""The Son of Man comes not to be served but to serve and give his life as a ransom, a concentrated counter-scene to a master who only receives service."", ""turn"": 1, ""model"": ""terra"", ""connection_id"": ""BC-a287a44856f294218608""}]"
SBLGNT:Matt.18.23	strong	incil	motif	A king settles accounts with servants	The commentary joins Malik and Dīn as sovereign and judgment; Jesus begins a parable with a king settling accounts with his servants, giving a household scene in which ownership and reckoning meet.	sec2	"[{""line"": 24, ""strength"": ""strong"", ""tradition"": ""incil"", ""kind"": ""motif"", ""ref"": ""SBLGNT:Matt.18.23"", ""basis"": ""A king settles accounts with servants"", ""note"": ""The commentary joins Malik and Dīn as sovereign and judgment; Jesus begins a parable with a king settling accounts with his servants, giving a household scene in which ownership and reckoning meet."", ""turn"": 1, ""model"": ""luna"", ""connection_id"": ""BC-7e7d01d918d56e92af2e""}]"
SBLGNT:Matt.18.25	strong	incil	motif	A debtor and his household sold into slavery	The commentary links Dīn to subduing, enslavement, and possession; in the king's reckoning a debtor is ordered sold with his family and possessions, concretely combining debt judgment with human ownership.	sec2	"[{""line"": 25, ""strength"": ""strong"", ""tradition"": ""incil"", ""kind"": ""motif"", ""ref"": ""SBLGNT:Matt.18.25"", ""basis"": ""A debtor and his household sold into slavery"", ""note"": ""The commentary links Dīn to subduing, enslavement, and possession; in the king's reckoning a debtor is ordered sold with his family and possessions, concretely combining debt judgment with human ownership."", ""turn"": 1, ""model"": ""luna"", ""connection_id"": ""BC-ef202cc5e1a26bfea939""}]"
SBLGNT:Matt.18.26	strong	incil	paralel	servant falls before master over debt	The servant falls down before his master and begs for patience over the debt, giving a literal scene of servile prostration, ownership, and reckoning.	sec2	"[{""line"": 121, ""strength"": ""strong"", ""tradition"": ""incil"", ""kind"": ""paralel"", ""ref"": ""SBLGNT:Matt.18.26"", ""basis"": ""servant falls before master over debt"", ""note"": ""The servant falls down before his master and begs for patience over the debt, giving a literal scene of servile prostration, ownership, and reckoning."", ""turn"": 2, ""model"": ""terra"", ""connection_id"": ""BC-87ccb947fa92c3366bca""}]"
SBLGNT:Matt.18.27	strong	incil	karsi_anlati	master releases servant and forgives debt	The master is moved with compassion, releases the servant, and cancels the debt; this masterly authority is expressed through liberation rather than permanent subjection.	sec2	"[{""line"": 122, ""strength"": ""strong"", ""tradition"": ""incil"", ""kind"": ""karsi_anlati"", ""ref"": ""SBLGNT:Matt.18.27"", ""basis"": ""master releases servant and forgives debt"", ""note"": ""The master is moved with compassion, releases the servant, and cancels the debt; this masterly authority is expressed through liberation rather than permanent subjection."", ""turn"": 2, ""model"": ""terra"", ""connection_id"": ""BC-3f1b1646ab56386c8835""}]"
SBLGNT:Matt.20.27	strong	incil	motif	Greatness as becoming a slave	The commentary calls worship the servant's utmost humbling and warns against humans making one another lords; Jesus says the first must become the others' slave, reversing status within a human hierarchy.	sec2	"[{""line"": 26, ""strength"": ""strong"", ""tradition"": ""incil"", ""kind"": ""motif"", ""ref"": ""SBLGNT:Matt.20.27"", ""basis"": ""Greatness as becoming a slave"", ""note"": ""The commentary calls worship the servant's utmost humbling and warns against humans making one another lords; Jesus says the first must become the others' slave, reversing status within a human hierarchy."", ""turn"": 1, ""model"": ""luna"", ""connection_id"": ""BC-e103b3d83fab5db53c65""}]"
SBLGNT:Matt.20.28	medium	incil	motif	The Son of Man serves rather than receives service	The commentary presents the master as owner and the servant as the one humbled; Jesus describes the Son of Man as serving and giving his life, placing service in the role of the exalted figure.	sec2	"[{""line"": 58, ""strength"": ""medium"", ""tradition"": ""incil"", ""kind"": ""motif"", ""ref"": ""SBLGNT:Matt.20.28"", ""basis"": ""The Son of Man serves rather than receives service"", ""note"": ""The commentary presents the master as owner and the servant as the one humbled; Jesus describes the Son of Man as serving and giving his life, placing service in the role of the exalted figure."", ""turn"": 1, ""model"": ""luna"", ""connection_id"": ""BC-a1dbf8ef7d80278b18b6""}]"
SBLGNT:Matt.21.5	strong	incil	karsi_anlati	gentle king mounted on donkey	Matthew presents the king as gentle and mounted on a donkey, carrying Zechariah's master-humility-and-domesticated-animal figure into the Gospel entry scene.	sec2	"[{""line"": 120, ""strength"": ""strong"", ""tradition"": ""incil"", ""kind"": ""karsi_anlati"", ""ref"": ""SBLGNT:Matt.21.5"", ""basis"": ""gentle king mounted on donkey"", ""note"": ""Matthew presents the king as gentle and mounted on a donkey, carrying Zechariah's master-humility-and-domesticated-animal figure into the Gospel entry scene."", ""turn"": 2, ""model"": ""terra"", ""connection_id"": ""BC-4ee2cd9ad140f9a34125""}]"
SBLGNT:Matt.23.8	medium	incil	motif	Rabbi title and shared brotherhood	The commentary warns against taking one another as lords; Jesus tells disciples not to seek the title Rabbi because they are brothers and have one teacher, a specific Christian limit on human religious authority.	sec2	"[{""line"": 59, ""strength"": ""medium"", ""tradition"": ""incil"", ""kind"": ""motif"", ""ref"": ""SBLGNT:Matt.23.8"", ""basis"": ""Rabbi title and shared brotherhood"", ""note"": ""The commentary warns against taking one another as lords; Jesus tells disciples not to seek the title Rabbi because they are brothers and have one teacher, a specific Christian limit on human religious authority."", ""turn"": 1, ""model"": ""luna"", ""connection_id"": ""BC-7055ce9ffe071d757b69""}]"
SBLGNT:Matt.25.14	strong	incil	motif	master entrusts property to servants	The parable begins with a man entrusting his own property to his servants, preserving the master-property-servant relation that the commentary treats as a single image.	sec2	"[{""line"": 73, ""strength"": ""strong"", ""tradition"": ""incil"", ""kind"": ""motif"", ""ref"": ""SBLGNT:Matt.25.14"", ""basis"": ""master entrusts property to servants"", ""note"": ""The parable begins with a man entrusting his own property to his servants, preserving the master-property-servant relation that the commentary treats as a single image."", ""turn"": 1, ""model"": ""terra"", ""connection_id"": ""BC-a76d1d1a10bef48d3c5e""}]"
SBLGNT:Matt.25.19	strong	incil	motif	master returns to settle accounts	The servants' master returns after a long time and settles accounts with them, a literal parabolic meeting of ownership, service, and the reckoning associated with the Day of dīn.	sec2	"[{""line"": 74, ""strength"": ""strong"", ""tradition"": ""incil"", ""kind"": ""motif"", ""ref"": ""SBLGNT:Matt.25.19"", ""basis"": ""master returns to settle accounts"", ""note"": ""The servants' master returns after a long time and settles accounts with them, a literal parabolic meeting of ownership, service, and the reckoning associated with the Day of dīn."", ""turn"": 1, ""model"": ""terra"", ""connection_id"": ""BC-4182e1ea8ce4ffdcf1e2""}]"
SBLGNT:Matt.25.31	strong	incil	motif	The King sits in judgment	The commentary names God malik on the Day of Judgment; Jesus depicts the Son of Man coming in glory and sitting on a throne, giving the judgment scene an enthroned sovereign.	sec2	"[{""line"": 27, ""strength"": ""strong"", ""tradition"": ""incil"", ""kind"": ""motif"", ""ref"": ""SBLGNT:Matt.25.31"", ""basis"": ""The King sits in judgment"", ""note"": ""The commentary names God malik on the Day of Judgment; Jesus depicts the Son of Man coming in glory and sitting on a throne, giving the judgment scene an enthroned sovereign."", ""turn"": 1, ""model"": ""luna"", ""connection_id"": ""BC-5335cb8f86afe65d2a3c""}]"
SBLGNT:Matt.25.32	strong	incil	motif	Nations gathered and separated for judgment	The commentary's Day of Judgment includes a sovereign who rules over servants; Jesus gathers all nations before the enthroned figure and separates them as a shepherd separates sheep, adding a universal judgment scene.	sec2	"[{""line"": 29, ""strength"": ""strong"", ""tradition"": ""incil"", ""kind"": ""motif"", ""ref"": ""SBLGNT:Matt.25.32"", ""basis"": ""Nations gathered and separated for judgment"", ""note"": ""The commentary's Day of Judgment includes a sovereign who rules over servants; Jesus gathers all nations before the enthroned figure and separates them as a shepherd separates sheep, adding a universal judgment scene."", ""turn"": 1, ""model"": ""luna"", ""connection_id"": ""BC-5cb284b69551146c2197""}]"
SBLGNT:Matt.25.34	strong	incil	motif	The judge names himself King and assigns inheritance	The commentary names God malik on the Day of Judgment; after nations are gathered and separated, the figure calls himself King and assigns an inheritance, locating kingship in his verdict.	sec2	"[{""line"": 28, ""strength"": ""strong"", ""tradition"": ""incil"", ""kind"": ""motif"", ""ref"": ""SBLGNT:Matt.25.34"", ""basis"": ""The judge names himself King and assigns inheritance"", ""note"": ""The commentary names God malik on the Day of Judgment; after nations are gathered and separated, the figure calls himself King and assigns an inheritance, locating kingship in his verdict."", ""turn"": 1, ""model"": ""luna"", ""connection_id"": ""BC-2fff98501586a3880622""}]"
SBLGNT:Matt.4.10	strong	incil	motif	Worship and serve God alone | worship and serve God alone	The commentary's 1:5 makes worship exclusive and defines it through obedient submission; Jesus answers the tempter by directing worship and service to God alone, pairing the two acts in a concrete temptation scene. | Jesus answers temptation with worship of and service to God alone, a direct Gospel formulation of the exclusive “you we worship” relation.	sec2	"[{""line"": 22, ""strength"": ""strong"", ""tradition"": ""incil"", ""kind"": ""motif"", ""ref"": ""SBLGNT:Matt.4.10"", ""basis"": ""Worship and serve God alone"", ""note"": ""The commentary's 1:5 makes worship exclusive and defines it through obedient submission; Jesus answers the tempter by directing worship and service to God alone, pairing the two acts in a concrete temptation scene."", ""turn"": 1, ""model"": ""luna"", ""connection_id"": ""BC-cc40e4655941d9c88528""}, {""line"": 45, ""strength"": ""strong"", ""tradition"": ""incil"", ""kind"": ""motif"", ""ref"": ""SBLGNT:Matt.4.10"", ""basis"": ""worship and serve God alone"", ""note"": ""Jesus answers temptation with worship of and service to God alone, a direct Gospel formulation of the exclusive “you we worship” relation."", ""turn"": 1, ""model"": ""terra"", ""connection_id"": ""BC-cb6f2600d4eb04978a5d""}]"
SBLGNT:Matt.6.24	strong	incil	motif	One slave cannot serve two masters | no one can serve two masters	The commentary's servant speaks allegiance to one owner; Jesus says a slave cannot serve two masters and contrasts God with wealth, making divided ownership the practical test of exclusive devotion. | The maxim about serving God or Mammon makes divided mastership impossible, a close counterpart to the commentary's restriction on treating people or possessions as rival lords.	sec2	"[{""line"": 23, ""strength"": ""strong"", ""tradition"": ""incil"", ""kind"": ""motif"", ""ref"": ""SBLGNT:Matt.6.24"", ""basis"": ""One slave cannot serve two masters"", ""note"": ""The commentary's servant speaks allegiance to one owner; Jesus says a slave cannot serve two masters and contrasts God with wealth, making divided ownership the practical test of exclusive devotion."", ""turn"": 1, ""model"": ""luna"", ""connection_id"": ""BC-70231cb1de180c937498""}, {""line"": 46, ""strength"": ""strong"", ""tradition"": ""incil"", ""kind"": ""motif"", ""ref"": ""SBLGNT:Matt.6.24"", ""basis"": ""no one can serve two masters"", ""note"": ""The maxim about serving God or Mammon makes divided mastership impossible, a close counterpart to the commentary's restriction on treating people or possessions as rival lords."", ""turn"": 1, ""model"": ""terra"", ""connection_id"": ""BC-3d560c10c8cd764dfa6c""}]"
SBLGNT:Phil.2.10	strong	incil	karsi_anlati|yorum_gelenegi	Isaiah's universal bowing applied to Jesus | every knee bends at Jesus' name	The commentary says every human belongs to God by creation; Philippians reuses Isaiah's universal knee-bowing image for Jesus, giving the earlier monotheistic passage a specifically Christological reading. | The universal bending of knees echoes the commentary's eschatological servanthood, but directs it in the hymn's Christological pattern.	sec2	"[{""line"": 40, ""strength"": ""strong"", ""tradition"": ""incil"", ""kind"": ""yorum_gelenegi"", ""ref"": ""SBLGNT:Phil.2.10"", ""basis"": ""Isaiah's universal bowing applied to Jesus"", ""note"": ""The commentary says every human belongs to God by creation; Philippians reuses Isaiah's universal knee-bowing image for Jesus, giving the earlier monotheistic passage a specifically Christological reading."", ""turn"": 1, ""model"": ""luna"", ""connection_id"": ""BC-7efc9282831c0cd1b974""}, {""line"": 60, ""strength"": ""strong"", ""tradition"": ""incil"", ""kind"": ""karsi_anlati"", ""ref"": ""SBLGNT:Phil.2.10"", ""basis"": ""every knee bends at Jesus' name"", ""note"": ""The universal bending of knees echoes the commentary's eschatological servanthood, but directs it in the hymn's Christological pattern."", ""turn"": 1, ""model"": ""terra"", ""connection_id"": ""BC-12cf110327c86f4086b3""}]"
SBLGNT:Phil.2.11	strong	incil	karsi_anlati|yorum_gelenegi	Universal confession that Jesus is Lord | every tongue confesses Jesus as Lord	The commentary says worship belongs to the divine owner; Philippians applies Isaiah's universal confession to Jesus as Lord, a Christian interpretation that identifies the honored figure in the universal submission scene. | The final confession calls Jesus “Lord” to the Father's glory, pairing the master's title, universal confession, and worship after the servant-form reversal.	sec2	"[{""line"": 41, ""strength"": ""strong"", ""tradition"": ""incil"", ""kind"": ""yorum_gelenegi"", ""ref"": ""SBLGNT:Phil.2.11"", ""basis"": ""Universal confession that Jesus is Lord"", ""note"": ""The commentary says worship belongs to the divine owner; Philippians applies Isaiah's universal confession to Jesus as Lord, a Christian interpretation that identifies the honored figure in the universal submission scene."", ""turn"": 1, ""model"": ""luna"", ""connection_id"": ""BC-bc12203f797ddfbaeeec""}, {""line"": 61, ""strength"": ""strong"", ""tradition"": ""incil"", ""kind"": ""karsi_anlati"", ""ref"": ""SBLGNT:Phil.2.11"", ""basis"": ""every tongue confesses Jesus as Lord"", ""note"": ""The final confession calls Jesus “Lord” to the Father's glory, pairing the master's title, universal confession, and worship after the servant-form reversal."", ""turn"": 1, ""model"": ""terra"", ""connection_id"": ""BC-02af27bd15f710070e8b""}]"
SBLGNT:Phil.2.6	strong	incil	karsi_anlati	Christ in God's form	The hymn begins with Christ in God's form, establishing the high status whose subsequent self-emptying makes its relation to the commentary's unlowered owner deliberate rather than generic humility.	sec2	"[{""line"": 56, ""strength"": ""strong"", ""tradition"": ""incil"", ""kind"": ""karsi_anlati"", ""ref"": ""SBLGNT:Phil.2.6"", ""basis"": ""Christ in God's form"", ""note"": ""The hymn begins with Christ in God's form, establishing the high status whose subsequent self-emptying makes its relation to the commentary's unlowered owner deliberate rather than generic humility."", ""turn"": 1, ""model"": ""terra"", ""connection_id"": ""BC-7c8005a53e19f1bd4dd0""}]"
SBLGNT:Phil.2.7	strong	incil	karsi_anlati	The Lord takes a slave's form | form of a slave	The commentary locates humiliation in the servant and says the owner does not undergo humiliation; the Christian hymn says Christ takes a slave's form, a striking reversal in which the one confessed as Lord assumes the servant's station. | Christ takes the form of a slave; the verse turns the commentary's owned and humbled slave role into the role voluntarily assumed by the exalted figure.	sec2	"[{""line"": 38, ""strength"": ""strong"", ""tradition"": ""incil"", ""kind"": ""karsi_anlati"", ""ref"": ""SBLGNT:Phil.2.7"", ""basis"": ""The Lord takes a slave's form"", ""note"": ""The commentary locates humiliation in the servant and says the owner does not undergo humiliation; the Christian hymn says Christ takes a slave's form, a striking reversal in which the one confessed as Lord assumes the servant's station."", ""turn"": 1, ""model"": ""luna"", ""connection_id"": ""BC-7fdaea76be31a9e9cbd7""}, {""line"": 57, ""strength"": ""strong"", ""tradition"": ""incil"", ""kind"": ""karsi_anlati"", ""ref"": ""SBLGNT:Phil.2.7"", ""basis"": ""form of a slave"", ""note"": ""Christ takes the form of a slave; the verse turns the commentary's owned and humbled slave role into the role voluntarily assumed by the exalted figure."", ""turn"": 1, ""model"": ""terra"", ""connection_id"": ""BC-61b1540bc4cebb666b6d""}]"
SBLGNT:Phil.2.8	strong	incil	karsi_anlati	The servant-form is expressed as humility and obedience | humbled obedience to death	The commentary defines worship as the utmost humbling and links the servant with obedience; the hymn describes Christ humbling himself and becoming obedient to death, while assigning this path to the exalted figure. | The hymn explicitly says he humbled himself and became obedient unto death, matching the commentary's association of worship/service with abasement while reversing who undergoes it.	sec2	"[{""line"": 39, ""strength"": ""strong"", ""tradition"": ""incil"", ""kind"": ""karsi_anlati"", ""ref"": ""SBLGNT:Phil.2.8"", ""basis"": ""The servant-form is expressed as humility and obedience"", ""note"": ""The commentary defines worship as the utmost humbling and links the servant with obedience; the hymn describes Christ humbling himself and becoming obedient to death, while assigning this path to the exalted figure."", ""turn"": 1, ""model"": ""luna"", ""connection_id"": ""BC-3afd1aa37fe5c3719172""}, {""line"": 58, ""strength"": ""strong"", ""tradition"": ""incil"", ""kind"": ""karsi_anlati"", ""ref"": ""SBLGNT:Phil.2.8"", ""basis"": ""humbled obedience to death"", ""note"": ""The hymn explicitly says he humbled himself and became obedient unto death, matching the commentary's association of worship/service with abasement while reversing who undergoes it."", ""turn"": 1, ""model"": ""terra"", ""connection_id"": ""BC-e17189157c2705cd4634""}]"
SBLGNT:Phil.2.9	strong	incil	karsi_anlati	God highly exalts the humbled one	God's exaltation follows the slave-form and humbling, giving the commentary's secondary movement from lowliness to honor a markedly different Christian sequence.	sec2	"[{""line"": 59, ""strength"": ""strong"", ""tradition"": ""incil"", ""kind"": ""karsi_anlati"", ""ref"": ""SBLGNT:Phil.2.9"", ""basis"": ""God highly exalts the humbled one"", ""note"": ""God's exaltation follows the slave-form and humbling, giving the commentary's secondary movement from lowliness to honor a markedly different Christian sequence."", ""turn"": 1, ""model"": ""terra"", ""connection_id"": ""BC-3b7971588cc8f69fd0ca""}]"
SBLGNT:Phlm.1.16	medium	incil	karsi_anlati	no longer a slave but a beloved brother	Paul asks that Onesimus be received no longer merely as a slave but as a beloved brother in the Lord, an explicit Christian re-description of an owned person's relation.	sec2	"[{""line"": 90, ""strength"": ""medium"", ""tradition"": ""incil"", ""kind"": ""karsi_anlati"", ""ref"": ""SBLGNT:Phlm.1.16"", ""basis"": ""no longer a slave but a beloved brother"", ""note"": ""Paul asks that Onesimus be received no longer merely as a slave but as a beloved brother in the Lord, an explicit Christian re-description of an owned person's relation."", ""raw_ref"": ""SBLGNT:Philem.1.16"", ""reference_resolution"": ""edition-book-names-v2"", ""turn"": 1, ""model"": ""terra"", ""connection_id"": ""BC-53c12bd1b5e60926ed13""}]"
SBLGNT:Rev.14.7	strong	incil	motif	fear, glory, judgment, worship the creator	The angel announces judgment and commands worship of the maker of heaven, earth, sea, and springs, bringing creator-ownership and Day-of-judgment worship together.	sec2	"[{""line"": 76, ""strength"": ""strong"", ""tradition"": ""incil"", ""kind"": ""motif"", ""ref"": ""SBLGNT:Rev.14.7"", ""basis"": ""fear, glory, judgment, worship the creator"", ""note"": ""The angel announces judgment and commands worship of the maker of heaven, earth, sea, and springs, bringing creator-ownership and Day-of-judgment worship together."", ""turn"": 1, ""model"": ""terra"", ""connection_id"": ""BC-076efab6766041f841de""}]"
SBLGNT:Rev.19.10	strong	incil	motif	fellow servant; worship God	The angel refuses John's prostration, identifies as a fellow servant, and commands worship of God; it sharply distinguishes servanthood from receiving worship.	sec2	"[{""line"": 78, ""strength"": ""strong"", ""tradition"": ""incil"", ""kind"": ""motif"", ""ref"": ""SBLGNT:Rev.19.10"", ""basis"": ""fellow servant; worship God"", ""note"": ""The angel refuses John's prostration, identifies as a fellow servant, and commands worship of God; it sharply distinguishes servanthood from receiving worship."", ""turn"": 1, ""model"": ""terra"", ""connection_id"": ""BC-c47c55038829d9dd4e69""}]"
SBLGNT:Rev.19.5	strong	incil	motif	all God's servants praise him	A heavenly voice calls all God's servants, great and small, to praise him; it provides a direct apocalyptic equivalent to praise voiced by those who belong to God.	sec2	"[{""line"": 77, ""strength"": ""strong"", ""tradition"": ""incil"", ""kind"": ""motif"", ""ref"": ""SBLGNT:Rev.19.5"", ""basis"": ""all God's servants praise him"", ""note"": ""A heavenly voice calls all God's servants, great and small, to praise him; it provides a direct apocalyptic equivalent to praise voiced by those who belong to God."", ""turn"": 1, ""model"": ""terra"", ""connection_id"": ""BC-c8aec1ac3e7fdca74904""}]"
SBLGNT:Rev.20.12	strong	incil	motif	The dead judged before the throne	The commentary names God malik on the Day of Judgment; Revelation's throne scene opens books and judges the dead according to their deeds, a direct eschatological counterpart.	sec2	"[{""line"": 48, ""strength"": ""strong"", ""tradition"": ""incil"", ""kind"": ""motif"", ""ref"": ""SBLGNT:Rev.20.12"", ""basis"": ""The dead judged before the throne"", ""note"": ""The commentary names God malik on the Day of Judgment; Revelation's throne scene opens books and judges the dead according to their deeds, a direct eschatological counterpart."", ""turn"": 1, ""model"": ""luna"", ""connection_id"": ""BC-c830cad6e351fc619533""}]"
SBLGNT:Rev.22.3	strong	incil	motif	God's servants worship at the throne | God's servants serve in the final city	The commentary calls the servant the owned person who worships God; Revelation's final vision says God's servants worship him at his throne, joining servant identity, worship, and the divine household. | In the city of God's throne and the Lamb's throne, the servants will serve him; the final setting gives an eschatological counterpart to universal divine service.	sec2	"[{""line"": 49, ""strength"": ""strong"", ""tradition"": ""incil"", ""kind"": ""motif"", ""ref"": ""SBLGNT:Rev.22.3"", ""basis"": ""God's servants worship at the throne"", ""note"": ""The commentary calls the servant the owned person who worships God; Revelation's final vision says God's servants worship him at his throne, joining servant identity, worship, and the divine household."", ""turn"": 1, ""model"": ""luna"", ""connection_id"": ""BC-30719106064d6a23f486""}, {""line"": 79, ""strength"": ""strong"", ""tradition"": ""incil"", ""kind"": ""motif"", ""ref"": ""SBLGNT:Rev.22.3"", ""basis"": ""God's servants serve in the final city"", ""note"": ""In the city of God's throne and the Lamb's throne, the servants will serve him; the final setting gives an eschatological counterpart to universal divine service."", ""turn"": 1, ""model"": ""terra"", ""connection_id"": ""BC-387e4bea85226a85bae1""}]"
SBLGNT:Rev.22.4	medium	incil	motif	Servants see God's face	The commentary pictures the slave as belonging to the owner's house; Revelation promises God's servants access to his face and name, adding intimate presence to the household relation.	sec2	"[{""line"": 62, ""strength"": ""medium"", ""tradition"": ""incil"", ""kind"": ""motif"", ""ref"": ""SBLGNT:Rev.22.4"", ""basis"": ""Servants see God's face"", ""note"": ""The commentary pictures the slave as belonging to the owner's house; Revelation promises God's servants access to his face and name, adding intimate presence to the household relation."", ""turn"": 1, ""model"": ""luna"", ""connection_id"": ""BC-8ca10a5d9932b44e6f3f""}]"
SBLGNT:Rev.4.11	strong	incil	motif	Creation exists by God's will and worships him | direct praise to the creator	The commentary grounds universal servitude in God's act of creating; heaven's worship in Revelation calls God creator of all things and says they exist by his will, directly linking creation and divine honor. | The heavenly elders say directly, “You are worthy,” because God created all things by his will; it closely joins praise, direct address, and creation-based sovereignty.	sec2	"[{""line"": 46, ""strength"": ""strong"", ""tradition"": ""incil"", ""kind"": ""motif"", ""ref"": ""SBLGNT:Rev.4.11"", ""basis"": ""Creation exists by God's will and worships him"", ""note"": ""The commentary grounds universal servitude in God's act of creating; heaven's worship in Revelation calls God creator of all things and says they exist by his will, directly linking creation and divine honor."", ""turn"": 1, ""model"": ""luna"", ""connection_id"": ""BC-079a1e9d560f1a943752""}, {""line"": 133, ""strength"": ""strong"", ""tradition"": ""incil"", ""kind"": ""motif"", ""ref"": ""SBLGNT:Rev.4.11"", ""basis"": ""direct praise to the creator"", ""note"": ""The heavenly elders say directly, “You are worthy,” because God created all things by his will; it closely joins praise, direct address, and creation-based sovereignty."", ""turn"": 2, ""model"": ""terra"", ""connection_id"": ""BC-fd9ca471cfdb3ff977ea""}]"
SBLGNT:Rev.5.13	strong	incil	motif	Every creature worships the throne and the Lamb	The commentary says all who are created come as servants to God; Revelation gives praise from every creature to the throne and the Lamb, extending the universal service image while including the Lamb alongside God.	sec2	"[{""line"": 47, ""strength"": ""strong"", ""tradition"": ""incil"", ""kind"": ""motif"", ""ref"": ""SBLGNT:Rev.5.13"", ""basis"": ""Every creature worships the throne and the Lamb"", ""note"": ""The commentary says all who are created come as servants to God; Revelation gives praise from every creature to the throne and the Lamb, extending the universal service image while including the Lamb alongside God."", ""turn"": 1, ""model"": ""luna"", ""connection_id"": ""BC-cf33c64fc22da643d94d""}]"
SBLGNT:Rev.6.10	strong	incil	motif	Sovereign Lord asked to judge	The martyrs address God as Sovereign Lord and ask when God will judge, bringing master-language and the delayed final judgment into a single direct prayer.	sec2	"[{""line"": 134, ""strength"": ""strong"", ""tradition"": ""incil"", ""kind"": ""motif"", ""ref"": ""SBLGNT:Rev.6.10"", ""basis"": ""Sovereign Lord asked to judge"", ""note"": ""The martyrs address God as Sovereign Lord and ask when God will judge, bringing master-language and the delayed final judgment into a single direct prayer."", ""turn"": 2, ""model"": ""terra"", ""connection_id"": ""BC-2d7fddfa34385cb2a875""}]"
SBLGNT:Rom.12.1	strong	incil	motif	bodies offered as living sacrifice and worship	Paul calls the presentation of embodied life to God a living sacrifice and rational worship, giving worship a concrete, whole-person form beyond a merely verbal confession.	sec2	"[{""line"": 126, ""strength"": ""strong"", ""tradition"": ""incil"", ""kind"": ""motif"", ""ref"": ""SBLGNT:Rom.12.1"", ""basis"": ""bodies offered as living sacrifice and worship"", ""note"": ""Paul calls the presentation of embodied life to God a living sacrifice and rational worship, giving worship a concrete, whole-person form beyond a merely verbal confession."", ""turn"": 2, ""model"": ""terra"", ""connection_id"": ""BC-4c57a4a9cbbd47c845b1""}]"
SBLGNT:Rom.14.4	strong	incil	motif	another person's household servant	A believer is called another's household servant who stands or falls before his own Lord; the verse makes mastership a reason not to usurp judgment over someone else's servant.	sec2	"[{""line"": 72, ""strength"": ""strong"", ""tradition"": ""incil"", ""kind"": ""motif"", ""ref"": ""SBLGNT:Rom.14.4"", ""basis"": ""another person's household servant"", ""note"": ""A believer is called another's household servant who stands or falls before his own Lord; the verse makes mastership a reason not to usurp judgment over someone else's servant."", ""turn"": 1, ""model"": ""terra"", ""connection_id"": ""BC-acfa31ec68bd38d60fbe""}]"
SBLGNT:Rom.6.16	strong	incil	motif	Obedience makes one a slave | slaves of the one obeyed	The commentary links Dīn with obedience and the slave with being humbled; Paul says people become slaves to the one they obey, directly joining obedience to servile status. | Paul states that a person becomes a slave of the one obeyed, whether sin leading to death or obedience leading to righteousness; it closely binds slavery to obedience as the commentary's dīn discussion does.	sec2	"[{""line"": 33, ""strength"": ""strong"", ""tradition"": ""incil"", ""kind"": ""motif"", ""ref"": ""SBLGNT:Rom.6.16"", ""basis"": ""Obedience makes one a slave"", ""note"": ""The commentary links Dīn with obedience and the slave with being humbled; Paul says people become slaves to the one they obey, directly joining obedience to servile status."", ""turn"": 1, ""model"": ""luna"", ""connection_id"": ""BC-0ced1501af4a8ab81f45""}, {""line"": 62, ""strength"": ""strong"", ""tradition"": ""incil"", ""kind"": ""motif"", ""ref"": ""SBLGNT:Rom.6.16"", ""basis"": ""slaves of the one obeyed"", ""note"": ""Paul states that a person becomes a slave of the one obeyed, whether sin leading to death or obedience leading to righteousness; it closely binds slavery to obedience as the commentary's dīn discussion does."", ""turn"": 1, ""model"": ""terra"", ""connection_id"": ""BC-1cd4492f67fbee23cd4c""}]"
SBLGNT:Rom.6.22	strong	incil	motif	Freed from sin and enslaved to God | freed from sin, enslaved to God	The commentary says both free and enslaved humans are God's servants by creation; Paul describes people freed from sin and enslaved to God, a specific transformation of status that makes the paradox explicit. | Paul calls believers both freed from sin and enslaved to God, a consciously paradoxical account of divine belonging and moral freedom.	sec2	"[{""line"": 34, ""strength"": ""strong"", ""tradition"": ""incil"", ""kind"": ""motif"", ""ref"": ""SBLGNT:Rom.6.22"", ""basis"": ""Freed from sin and enslaved to God"", ""note"": ""The commentary says both free and enslaved humans are God's servants by creation; Paul describes people freed from sin and enslaved to God, a specific transformation of status that makes the paradox explicit."", ""turn"": 1, ""model"": ""luna"", ""connection_id"": ""BC-18f175980055784aadbd""}, {""line"": 63, ""strength"": ""strong"", ""tradition"": ""incil"", ""kind"": ""motif"", ""ref"": ""SBLGNT:Rom.6.22"", ""basis"": ""freed from sin, enslaved to God"", ""note"": ""Paul calls believers both freed from sin and enslaved to God, a consciously paradoxical account of divine belonging and moral freedom."", ""turn"": 1, ""model"": ""terra"", ""connection_id"": ""BC-d7f69eb81afcc0353fad""}]"
SBLGNT:Rom.8.15	strong	incil	karsi_anlati	not slavery to fear but adoption	Paul contrasts a spirit of slavery leading to fear with adoption that cries “Abba, Father,” offering a different mode of direct address and belonging from the commentary's servile abasement.	sec2	"[{""line"": 67, ""strength"": ""strong"", ""tradition"": ""incil"", ""kind"": ""karsi_anlati"", ""ref"": ""SBLGNT:Rom.8.15"", ""basis"": ""not slavery to fear but adoption"", ""note"": ""Paul contrasts a spirit of slavery leading to fear with adoption that cries “Abba, Father,” offering a different mode of direct address and belonging from the commentary's servile abasement."", ""turn"": 1, ""model"": ""terra"", ""connection_id"": ""BC-af618c0000ef895ca66d""}]"
1 Enoch 62:2	medium	tevrat	motif	The Elect One enthroned to judge sinners	The commentary joins Malik with the Day of Judgment; Enoch seats the Elect One on a throne of glory and describes the destruction of sinners before him, an apocalyptic expansion of enthroned authority as judicial rule.	sec2	"[{""line"": 57, ""strength"": ""medium"", ""tradition"": ""tevrat"", ""kind"": ""motif"", ""ref"": ""1 Enoch 62:2"", ""basis"": ""The Elect One enthroned to judge sinners"", ""note"": ""The commentary joins Malik with the Day of Judgment; Enoch seats the Elect One on a throne of glory and describes the destruction of sinners before him, an apocalyptic expansion of enthroned authority as judicial rule."", ""turn"": 1, ""model"": ""luna"", ""connection_id"": ""BC-470c251d3f19c8b292d1""}]"
1 Enoch 62:9	strong	tevrat	motif	Earthly kings fall before the enthroned Son of Man	The commentary links sovereign rule to the humiliation of servants before their owner; Enoch depicts kings and powerful people falling before the enthroned Son of Man and seeking mercy, extending the image of universal subordination into Jewish apocalyptic judgment.	sec2	"[{""line"": 79, ""strength"": ""strong"", ""tradition"": ""tevrat"", ""kind"": ""motif"", ""ref"": ""1 Enoch 62:9"", ""basis"": ""Earthly kings fall before the enthroned Son of Man"", ""note"": ""The commentary links sovereign rule to the humiliation of servants before their owner; Enoch depicts kings and powerful people falling before the enthroned Son of Man and seeking mercy, extending the image of universal subordination into Jewish apocalyptic judgment."", ""turn"": 2, ""model"": ""luna"", ""connection_id"": ""BC-d5758b45cea781758c11""}]"
1QS 8:13-16	medium	tevrat	yorum_gelenegi	prepare the way through Torah study	The Community Rule applies Isaiah's wilderness-way language to a separated group preparing God's way by studying and doing Torah, an interpretive conversion of road-making into disciplined obedience.	sec2	"[{""line"": 85, ""strength"": ""medium"", ""tradition"": ""tevrat"", ""kind"": ""yorum_gelenegi"", ""ref"": ""1QS 8:13-16"", ""basis"": ""prepare the way through Torah study"", ""note"": ""The Community Rule applies Isaiah's wilderness-way language to a separated group preparing God's way by studying and doing Torah, an interpretive conversion of road-making into disciplined obedience."", ""turn"": 1, ""model"": ""terra"", ""connection_id"": ""BC-3499d87744da6c8acdb2""}]"
Babylonian Talmud, Qiddushin 22b	strong	tevrat	yorum_gelenegi	The pierced ear recalls that Israel belongs to God	The commentary says the servant is God's by creation and describes human beings as enslaved by other people; this rabbinic interpretation of the permanent Hebrew slave's pierced ear says the ear heard that Israel belongs to God and should not become a slave to slaves, directly limiting human ownership.	sec2	"[{""line"": 80, ""strength"": ""strong"", ""tradition"": ""tevrat"", ""kind"": ""yorum_gelenegi"", ""ref"": ""Babylonian Talmud, Qiddushin 22b"", ""basis"": ""The pierced ear recalls that Israel belongs to God"", ""note"": ""The commentary says the servant is God's by creation and describes human beings as enslaved by other people; this rabbinic interpretation of the permanent Hebrew slave's pierced ear says the ear heard that Israel belongs to God and should not become a slave to slaves, directly limiting human ownership."", ""turn"": 2, ""model"": ""luna"", ""connection_id"": ""BC-122e0e481ceb0de4abd7""}]"
Baruch 5:7	strong	tevrat	motif	level ground for Israel's safe walking	Baruch says God commands mountains lowered and valleys filled so Israel may walk safely on level ground, a Jewish expansion of Isaiah's road image into divinely prepared passage.	sec2	"[{""line"": 37, ""strength"": ""strong"", ""tradition"": ""tevrat"", ""kind"": ""motif"", ""ref"": ""Baruch 5:7"", ""basis"": ""level ground for Israel's safe walking"", ""note"": ""Baruch says God commands mountains lowered and valleys filled so Israel may walk safely on level ground, a Jewish expansion of Isaiah's road image into divinely prepared passage."", ""turn"": 1, ""model"": ""terra"", ""connection_id"": ""BC-082be324a2c37d8e5ab8""}]"
Mishnah Avot 1:3	strong	tevrat	yorum_gelenegi	servants serving without reward	Antigonus instructs disciples to serve the master without serving for reward and to keep the fear of heaven; it probes how divine service can be freely offered rather than merely compelled.	sec2	"[{""line"": 41, ""strength"": ""strong"", ""tradition"": ""tevrat"", ""kind"": ""yorum_gelenegi"", ""ref"": ""Mishnah Avot 1:3"", ""basis"": ""servants serving without reward"", ""note"": ""Antigonus instructs disciples to serve the master without serving for reward and to keep the fear of heaven; it probes how divine service can be freely offered rather than merely compelled."", ""turn"": 1, ""model"": ""terra"", ""connection_id"": ""BC-9f0c2587a934a246fff7""}]"
Mishnah Avot 3:5	medium	tevrat	yorum_gelenegi	yoke of Torah releases other yokes	The mishnah says accepting the yoke of Torah removes the yoke of government and worldly burdens; it develops divine submission as release from rival subjections.	sec2	"[{""line"": 86, ""strength"": ""medium"", ""tradition"": ""tevrat"", ""kind"": ""yorum_gelenegi"", ""ref"": ""Mishnah Avot 3:5"", ""basis"": ""yoke of Torah releases other yokes"", ""note"": ""The mishnah says accepting the yoke of Torah removes the yoke of government and worldly burdens; it develops divine submission as release from rival subjections."", ""turn"": 1, ""model"": ""terra"", ""connection_id"": ""BC-1560c7ae3279c1d5c3cf""}]"
Mishnah Berakhot 2:2	strong	tevrat	yorum_gelenegi	yoke of heaven and commandments	Rabbi Joshua ben Korha explains the order of the Shema as first accepting the yoke of the kingdom of heaven and then the yoke of commandments; this gives a Jewish liturgical reading of willingly assumed divine obedience.	sec2	"[{""line"": 40, ""strength"": ""strong"", ""tradition"": ""tevrat"", ""kind"": ""yorum_gelenegi"", ""ref"": ""Mishnah Berakhot 2:2"", ""basis"": ""yoke of heaven and commandments"", ""note"": ""Rabbi Joshua ben Korha explains the order of the Shema as first accepting the yoke of the kingdom of heaven and then the yoke of commandments; this gives a Jewish liturgical reading of willingly assumed divine obedience."", ""turn"": 1, ""model"": ""terra"", ""connection_id"": ""BC-f938151f290027f8929f""}]"
Mishnah, Avot 1:3	medium	tevrat	yorum_gelenegi	Serving God without seeking a reward	The commentary stresses worship as a servant's status and obedience, not merely a feeling; Antigonus teaches that servants should serve their master without serving for a reward, adding a motive-focused Jewish reading of divine service.	sec2	"[{""line"": 56, ""strength"": ""medium"", ""tradition"": ""tevrat"", ""kind"": ""yorum_gelenegi"", ""ref"": ""Mishnah, Avot 1:3"", ""basis"": ""Serving God without seeking a reward"", ""note"": ""The commentary stresses worship as a servant's status and obedience, not merely a feeling; Antigonus teaches that servants should serve their master without serving for a reward, adding a motive-focused Jewish reading of divine service."", ""turn"": 1, ""model"": ""luna"", ""connection_id"": ""BC-6508c6ff8218b8ff3190""}]"
Mishnah, Berakhot 2:2	strong	tevrat	yorum_gelenegi	Reciting Shema as accepting heaven's yoke	The commentary reads 1:5 as a spoken acceptance of belonging and obedience to God; this rabbinic ordering says Shema first accepts the yoke of heaven and then the commandments, giving liturgical interpretation to the servant's first-person pledge.	sec2	"[{""line"": 21, ""strength"": ""strong"", ""tradition"": ""tevrat"", ""kind"": ""yorum_gelenegi"", ""ref"": ""Mishnah, Berakhot 2:2"", ""basis"": ""Reciting Shema as accepting heaven's yoke"", ""note"": ""The commentary reads 1:5 as a spoken acceptance of belonging and obedience to God; this rabbinic ordering says Shema first accepts the yoke of heaven and then the commandments, giving liturgical interpretation to the servant's first-person pledge."", ""turn"": 1, ""model"": ""luna"", ""connection_id"": ""BC-22e93302e594c9fe1328""}]"
Sirach 33:24	strong	tevrat	motif	Donkey's burden and the slave's work | donkey's burden and slave's work	The commentary moves from a camel subdued by tar to a humbled human slave; Sirach places fodder, stick, and burden for a donkey beside bread, discipline, and work for a slave, explicitly bringing animal control and human servitude together. | Greek Sirach pairs fodder, stick, and burdens for a donkey with bread, discipline, and work for a slave, explicitly yoking animal taming and human subjection as the commentary does.	sec2	"[{""line"": 18, ""strength"": ""strong"", ""tradition"": ""tevrat"", ""kind"": ""motif"", ""ref"": ""Sirach 33:24"", ""basis"": ""Donkey's burden and the slave's work"", ""note"": ""The commentary moves from a camel subdued by tar to a humbled human slave; Sirach places fodder, stick, and burden for a donkey beside bread, discipline, and work for a slave, explicitly bringing animal control and human servitude together."", ""turn"": 1, ""model"": ""luna"", ""connection_id"": ""BC-c14ea94eebdf9d7c3453""}, {""line"": 21, ""strength"": ""strong"", ""tradition"": ""tevrat"", ""kind"": ""motif"", ""ref"": ""Sirach 33:24"", ""basis"": ""donkey's burden and slave's work"", ""note"": ""Greek Sirach pairs fodder, stick, and burdens for a donkey with bread, discipline, and work for a slave, explicitly yoking animal taming and human subjection as the commentary does."", ""turn"": 1, ""model"": ""terra"", ""connection_id"": ""BC-648211fa99a6ff98d20f""}]"
Sirach 33:25	strong	tevrat	motif	A master assigns a servant work and finds rest	The commentary describes a human owner using a slave's labor and calls the servant humbled by work; Sirach says setting the servant to work gives the master rest, making the labor relation explicit.	sec2	"[{""line"": 19, ""strength"": ""strong"", ""tradition"": ""tevrat"", ""kind"": ""motif"", ""ref"": ""Sirach 33:25"", ""basis"": ""A master assigns a servant work and finds rest"", ""note"": ""The commentary describes a human owner using a slave's labor and calls the servant humbled by work; Sirach says setting the servant to work gives the master rest, making the labor relation explicit."", ""turn"": 1, ""model"": ""luna"", ""connection_id"": ""BC-052fb8d56bf9e95ea390""}]"
Sirach 33:26	strong	tevrat	motif	Yoke and harness bend a servant's neck	The commentary's common image is one who has been subdued; Sirach describes yoke and harness bending the neck and punishment for a bad servant, offering a concrete Jewish parallel for bodily subjection.	sec2	"[{""line"": 20, ""strength"": ""strong"", ""tradition"": ""tevrat"", ""kind"": ""motif"", ""ref"": ""Sirach 33:26"", ""basis"": ""Yoke and harness bend a servant's neck"", ""note"": ""The commentary's common image is one who has been subdued; Sirach describes yoke and harness bending the neck and punishment for a bad servant, offering a concrete Jewish parallel for bodily subjection."", ""turn"": 1, ""model"": ""luna"", ""connection_id"": ""BC-cf287999df59911e7fd7""}]"
Sirach 33:27	medium	tevrat	motif	Work imposed to prevent idleness	The commentary explains the slave through work that lowers him; Sirach commands work for the servant and treats idleness as a danger, adding an ancient household ethic to the labor image.	sec2	"[{""line"": 55, ""strength"": ""medium"", ""tradition"": ""tevrat"", ""kind"": ""motif"", ""ref"": ""Sirach 33:27"", ""basis"": ""Work imposed to prevent idleness"", ""note"": ""The commentary explains the slave through work that lowers him; Sirach commands work for the servant and treats idleness as a danger, adding an ancient household ethic to the labor image."", ""turn"": 1, ""model"": ""luna"", ""connection_id"": ""BC-1edfa29f62ca42a1adb1""}]"
Sirach 33:30	medium	tevrat	karsi_anlati	servant treated as brother	After its donkey-and-slave discipline imagery, Sirach tells the owner to treat a servant as a brother; the nearby ethical reversal complicates a reading of the owned person as only property.	sec2	"[{""line"": 87, ""strength"": ""medium"", ""tradition"": ""tevrat"", ""kind"": ""karsi_anlati"", ""ref"": ""Sirach 33:30"", ""basis"": ""servant treated as brother"", ""note"": ""After its donkey-and-slave discipline imagery, Sirach tells the owner to treat a servant as a brother; the nearby ethical reversal complicates a reading of the owned person as only property."", ""turn"": 1, ""model"": ""terra"", ""connection_id"": ""BC-868232695fc35a8f474c""}]"
WLC:1Chr.29.14	medium	tevrat	motif	all comes from God; gifts returned	David's praise says all things come from God and that Israel gives only what is already God's; it makes praise an acknowledgment that human possessions remain received goods.	sec2	"[{""line"": 108, ""strength"": ""medium"", ""tradition"": ""tevrat"", ""kind"": ""motif"", ""ref"": ""WLC:1Chr.29.14"", ""basis"": ""all comes from God; gifts returned"", ""note"": ""David's praise says all things come from God and that Israel gives only what is already God's; it makes praise an acknowledgment that human possessions remain received goods."", ""turn"": 2, ""model"": ""terra"", ""connection_id"": ""BC-2e2b7edc31b6d7e3dd85""}]"
WLC:1Kgs.18.21	strong	tevrat	motif	Israel challenged to choose whom to follow	The commentary hears a first-person commitment to worship one alone; Elijah confronts Israel's divided allegiance between the Lord and Baal, placing exclusive service in a public contest over rival gods.	sec2	"[{""line"": 68, ""strength"": ""strong"", ""tradition"": ""tevrat"", ""kind"": ""motif"", ""ref"": ""WLC:1Kgs.18.21"", ""basis"": ""Israel challenged to choose whom to follow"", ""note"": ""The commentary hears a first-person commitment to worship one alone; Elijah confronts Israel's divided allegiance between the Lord and Baal, placing exclusive service in a public contest over rival gods."", ""turn"": 2, ""model"": ""luna"", ""connection_id"": ""BC-2dfff381f0d2100b6ca5""}]"
WLC:Dan.3.18	strong	tevrat	karsi_anlati|motif	Exiles refuse royal demand to worship an image | refusal to serve gods or worship the image	The commentary's 1:5 makes worship exclusive despite human power; the Judeans refuse the king's command to worship his image, showing allegiance to God under an imperial test. | The Judean servants tell the king that they will neither serve his gods nor worship his golden image, a concrete refusal of a ruler's imposed cultic mastery.	sec2	"[{""line"": 74, ""strength"": ""strong"", ""tradition"": ""tevrat"", ""kind"": ""motif"", ""ref"": ""WLC:Dan.3.18"", ""basis"": ""Exiles refuse royal demand to worship an image"", ""note"": ""The commentary's 1:5 makes worship exclusive despite human power; the Judeans refuse the king's command to worship his image, showing allegiance to God under an imperial test."", ""turn"": 2, ""model"": ""luna"", ""connection_id"": ""BC-52b1fe50f1c917434930""}, {""line"": 115, ""strength"": ""strong"", ""tradition"": ""tevrat"", ""kind"": ""karsi_anlati"", ""ref"": ""WLC:Dan.3.18"", ""basis"": ""refusal to serve gods or worship the image"", ""note"": ""The Judean servants tell the king that they will neither serve his gods nor worship his golden image, a concrete refusal of a ruler's imposed cultic mastery."", ""turn"": 2, ""model"": ""terra"", ""connection_id"": ""BC-20bfec7d0f19f706d684""}]"
WLC:Dan.7.10	strong	tevrat	soydas	Aramaic דינא for judgment | Arabic د ي ن (source labels B001, B004), Aramaic דינא	The commentary labels Arabic د ي ن and links it to humbling, enslavement, possession, and the Day of Judgment; Daniel's Aramaic cognate root names the court's judgment, directly matching the judgment sense while not supporting those other senses. | Daniel's Aramaic heavenly court says that the dīn sat and books were opened; the cognate juridical word keeps the judgment sense of “Day of dīn” beside the commentary's developed obedience and ownership senses.	sec2	"[{""line"": 16, ""strength"": ""strong"", ""tradition"": ""tevrat"", ""kind"": ""soydas"", ""ref"": ""WLC:Dan.7.10"", ""basis"": ""Aramaic דינא for judgment"", ""note"": ""The commentary labels Arabic د ي ن and links it to humbling, enslavement, possession, and the Day of Judgment; Daniel's Aramaic cognate root names the court's judgment, directly matching the judgment sense while not supporting those other senses."", ""turn"": 1, ""model"": ""luna"", ""connection_id"": ""BC-a8d221b886386ce1f6e3""}, {""line"": 83, ""strength"": ""medium"", ""tradition"": ""tevrat"", ""kind"": ""soydas"", ""ref"": ""WLC:Dan.7.10"", ""basis"": ""Arabic د ي ن (source labels B001, B004), Aramaic דינא"", ""note"": ""Daniel's Aramaic heavenly court says that the dīn sat and books were opened; the cognate juridical word keeps the judgment sense of “Day of dīn” beside the commentary's developed obedience and ownership senses."", ""turn"": 1, ""model"": ""terra"", ""connection_id"": ""BC-bf09470def1acf55ce1a""}]"
WLC:Dan.7.14	strong	tevrat	motif	Dominion and service of the humanlike figure	The commentary joins malik sovereignty to the servant's worship; Daniel gives everlasting dominion to one like a son of man and says peoples and languages will serve him, a close image of universal service under a ruler with a distinct figure in the vision.	sec2	"[{""line"": 17, ""strength"": ""strong"", ""tradition"": ""tevrat"", ""kind"": ""motif"", ""ref"": ""WLC:Dan.7.14"", ""basis"": ""Dominion and service of the humanlike figure"", ""note"": ""The commentary joins malik sovereignty to the servant's worship; Daniel gives everlasting dominion to one like a son of man and says peoples and languages will serve him, a close image of universal service under a ruler with a distinct figure in the vision."", ""turn"": 1, ""model"": ""luna"", ""connection_id"": ""BC-3b8d2ce8241f258efed8""}]"
WLC:Deut.15.15	medium	tevrat	motif	Release of a servant grounded in Israel's own slavery	The commentary develops the human owner and enslaved person's status; Deuteronomy requires a master to release a Hebrew servant generously because Israel remembers being enslaved in Egypt and redeemed by God, adding an ethical consequence to divine ownership.	sec2	"[{""line"": 82, ""strength"": ""medium"", ""tradition"": ""tevrat"", ""kind"": ""motif"", ""ref"": ""WLC:Deut.15.15"", ""basis"": ""Release of a servant grounded in Israel's own slavery"", ""note"": ""The commentary develops the human owner and enslaved person's status; Deuteronomy requires a master to release a Hebrew servant generously because Israel remembers being enslaved in Egypt and redeemed by God, adding an ethical consequence to divine ownership."", ""turn"": 2, ""model"": ""luna"", ""connection_id"": ""BC-7b9fa8e067bf5c61f224""}]"
WLC:Deut.32.36	strong	tevrat	soydas	Hebrew דִּין for judging his people and servants	The commentary labels Arabic د ي ن and connects it to both the Day of Judgment and the servant's subjection; Deuteronomy uses the cognate Hebrew root for the Lord judging his people and showing compassion to his servants, pairing judgment with the servant relation.	sec2	"[{""line"": 67, ""strength"": ""strong"", ""tradition"": ""tevrat"", ""kind"": ""soydas"", ""ref"": ""WLC:Deut.32.36"", ""basis"": ""Hebrew דִּין for judging his people and servants"", ""note"": ""The commentary labels Arabic د ي ن and connects it to both the Day of Judgment and the servant's subjection; Deuteronomy uses the cognate Hebrew root for the Lord judging his people and showing compassion to his servants, pairing judgment with the servant relation."", ""turn"": 2, ""model"": ""luna"", ""connection_id"": ""BC-754d2743f5d9b5d54930""}]"
WLC:Deut.32.6	strong	tevrat	motif	Father who made and acquired you	The song calls God the Father who made, acquired, and established Israel, closely matching the commentary's claim that createdness establishes a prior divine belonging.	sec2	"[{""line"": 23, ""strength"": ""strong"", ""tradition"": ""tevrat"", ""kind"": ""motif"", ""ref"": ""WLC:Deut.32.6"", ""basis"": ""Father who made and acquired you"", ""note"": ""The song calls God the Father who made, acquired, and established Israel, closely matching the commentary's claim that createdness establishes a prior divine belonging."", ""turn"": 1, ""model"": ""terra"", ""connection_id"": ""BC-77bc83a599ee3ba02433""}]"
WLC:Deut.5.14	strong	tevrat	karsi_anlati	servant rests “as you do”	The Decalogue's Sabbath law requires the male and female servant to rest as the owner rests; it turns the master-slave relation into an equality of rest before God.	sec2	"[{""line"": 99, ""strength"": ""strong"", ""tradition"": ""tevrat"", ""kind"": ""karsi_anlati"", ""ref"": ""WLC:Deut.5.14"", ""basis"": ""servant rests “as you do”"", ""note"": ""The Decalogue's Sabbath law requires the male and female servant to rest as the owner rests; it turns the master-slave relation into an equality of rest before God."", ""turn"": 2, ""model"": ""terra"", ""connection_id"": ""BC-538b079a398b8d18d998""}]"
WLC:Deut.6.13	strong	tevrat	soydas	Hebrew עבד for exclusive service | Arabic إله/الله (source label ء ل ه B001), Hebrew אלהיך	The commentary labels Arabic ع ب د for worship and service and reads 1:5 as service to God alone; Deuteronomy uses the cognate Hebrew root עבד in its command to serve the Lord alone, giving a direct lexical and ethical counterpart. | The command to fear and serve “YHWH your God” uses Hebrew אלהיך from the same ʾ-l-h family as the commentary's ilāh/Allah label and directs exclusive service toward that God.	sec2	"[{""line"": 9, ""strength"": ""strong"", ""tradition"": ""tevrat"", ""kind"": ""soydas"", ""ref"": ""WLC:Deut.6.13"", ""basis"": ""Hebrew עבד for exclusive service"", ""note"": ""The commentary labels Arabic ع ب د for worship and service and reads 1:5 as service to God alone; Deuteronomy uses the cognate Hebrew root עבד in its command to serve the Lord alone, giving a direct lexical and ethical counterpart."", ""turn"": 1, ""model"": ""luna"", ""connection_id"": ""BC-109e58c6c0d9d9877a03""}, {""line"": 31, ""strength"": ""strong"", ""tradition"": ""tevrat"", ""kind"": ""soydas"", ""ref"": ""WLC:Deut.6.13"", ""basis"": ""Arabic إله/الله (source label ء ل ه B001), Hebrew אלהיך"", ""note"": ""The command to fear and serve “YHWH your God” uses Hebrew אלהיך from the same ʾ-l-h family as the commentary's ilāh/Allah label and directs exclusive service toward that God."", ""turn"": 1, ""model"": ""terra"", ""connection_id"": ""BC-1136614394b6259f6d58""}]"
WLC:Eccl.12.14	strong	tevrat	motif	God brings every deed into judgment	The closing maxim says God will bring every deed, hidden or open, into judgment, providing an explicit Hebrew Bible counterpart to the reckoning implied by Day of dīn.	sec2	"[{""line"": 117, ""strength"": ""strong"", ""tradition"": ""tevrat"", ""kind"": ""motif"", ""ref"": ""WLC:Eccl.12.14"", ""basis"": ""God brings every deed into judgment"", ""note"": ""The closing maxim says God will bring every deed, hidden or open, into judgment, providing an explicit Hebrew Bible counterpart to the reckoning implied by Day of dīn."", ""turn"": 2, ""model"": ""terra"", ""connection_id"": ""BC-7b2fbf3ab067e67ad9dd""}]"
WLC:Exod.1.13	strong	tevrat	paralel|soydas	Pharaoh's forced labor of Israel | Arabic ع ب د (source labels B001-B006), Hebrew עבד	The commentary's Moses scene contrasts being raised in Pharaoh's house with Pharaoh's enslavement of Israel; Exodus describes the same people forced into labor, giving the human domination behind that contrast. | Egyptians force Israelites into harsh service; the Hebrew verb is from עבד, a genuine cognate of the commentary's Arabic ع ب د, and its context preserves the coerced labor side of the root.	sec2	"[{""line"": 3, ""strength"": ""strong"", ""tradition"": ""tevrat"", ""kind"": ""paralel"", ""ref"": ""WLC:Exod.1.13"", ""basis"": ""Pharaoh's forced labor of Israel"", ""note"": ""The commentary's Moses scene contrasts being raised in Pharaoh's house with Pharaoh's enslavement of Israel; Exodus describes the same people forced into labor, giving the human domination behind that contrast."", ""turn"": 1, ""model"": ""luna"", ""connection_id"": ""BC-36b6c079467191f5c0f7""}, {""line"": 7, ""strength"": ""strong"", ""tradition"": ""tevrat"", ""kind"": ""soydas"", ""ref"": ""WLC:Exod.1.13"", ""basis"": ""Arabic ع ب د (source labels B001-B006), Hebrew עבד"", ""note"": ""Egyptians force Israelites into harsh service; the Hebrew verb is from עבד, a genuine cognate of the commentary's Arabic ع ب د, and its context preserves the coerced labor side of the root."", ""turn"": 1, ""model"": ""terra"", ""connection_id"": ""BC-8948bd86ef9a37a6037b""}]"
WLC:Exod.1.14	strong	tevrat	paralel	Harsh labor and servitude in Egypt	The commentary's account of Pharaoh enslaving Israel is matched by Exodus's description of bitter labor under Egyptian taskmasters; the narrative adds the grinding work through which human rule humbles its subjects.	sec2	"[{""line"": 4, ""strength"": ""strong"", ""tradition"": ""tevrat"", ""kind"": ""paralel"", ""ref"": ""WLC:Exod.1.14"", ""basis"": ""Harsh labor and servitude in Egypt"", ""note"": ""The commentary's account of Pharaoh enslaving Israel is matched by Exodus's description of bitter labor under Egyptian taskmasters; the narrative adds the grinding work through which human rule humbles its subjects."", ""turn"": 1, ""model"": ""luna"", ""connection_id"": ""BC-bfeae541d2fa1422128d""}]"
WLC:Exod.14.5	strong	tevrat	paralel	Israel released from serving Egypt	When Israel has gone, Egypt describes the loss as letting them go “from serving us”; the phrasing gives the Pharaoh-Israel bondage in the commentary a direct narrative counterpart.	sec2	"[{""line"": 100, ""strength"": ""strong"", ""tradition"": ""tevrat"", ""kind"": ""paralel"", ""ref"": ""WLC:Exod.14.5"", ""basis"": ""Israel released from serving Egypt"", ""note"": ""When Israel has gone, Egypt describes the loss as letting them go “from serving us”; the phrasing gives the Pharaoh-Israel bondage in the commentary a direct narrative counterpart."", ""turn"": 2, ""model"": ""terra"", ""connection_id"": ""BC-962a224f32049e82b6b7""}]"
WLC:Exod.2.10	medium	tevrat	paralel	Moses raised in Pharaoh's household	The commentary pairs Pharaoh's claim to have raised Moses with his enslavement of Israel; Exodus says Pharaoh's daughter raises Moses as her son in the palace, preserving the family-raising detail while locating it specifically with the daughter.	sec2	"[{""line"": 50, ""strength"": ""medium"", ""tradition"": ""tevrat"", ""kind"": ""paralel"", ""ref"": ""WLC:Exod.2.10"", ""basis"": ""Moses raised in Pharaoh's household"", ""note"": ""The commentary pairs Pharaoh's claim to have raised Moses with his enslavement of Israel; Exodus says Pharaoh's daughter raises Moses as her son in the palace, preserving the family-raising detail while locating it specifically with the daughter."", ""turn"": 1, ""model"": ""luna"", ""connection_id"": ""BC-b2f08791a60a4f02befc""}]"
WLC:Exod.20.17	strong	tevrat	paralel	house, servants, ox, donkey, every possession	The anti-coveting command gathers a neighbor's house, male and female servants, ox, donkey, and other possessions into one household inventory, closely matching the commentary's owner-house-animal-slave tableau.	sec2	"[{""line"": 95, ""strength"": ""strong"", ""tradition"": ""tevrat"", ""kind"": ""paralel"", ""ref"": ""WLC:Exod.20.17"", ""basis"": ""house, servants, ox, donkey, every possession"", ""note"": ""The anti-coveting command gathers a neighbor's house, male and female servants, ox, donkey, and other possessions into one household inventory, closely matching the commentary's owner-house-animal-slave tableau."", ""turn"": 2, ""model"": ""terra"", ""connection_id"": ""BC-973114639c5c2a9dcbbd""}]"
WLC:Exod.20.2	strong	tevrat	motif	The Lord identifies himself as Israel's redeemer from slavery	The commentary grounds human belonging to God in creation and contrasts divine ownership with Pharaoh's human enslavement; the covenant begins by naming the Lord who brought Israel out of a slave-house, making exclusive allegiance a response to liberation.	sec2	"[{""line"": 65, ""strength"": ""strong"", ""tradition"": ""tevrat"", ""kind"": ""motif"", ""ref"": ""WLC:Exod.20.2"", ""basis"": ""The Lord identifies himself as Israel's redeemer from slavery"", ""note"": ""The commentary grounds human belonging to God in creation and contrasts divine ownership with Pharaoh's human enslavement; the covenant begins by naming the Lord who brought Israel out of a slave-house, making exclusive allegiance a response to liberation."", ""turn"": 2, ""model"": ""luna"", ""connection_id"": ""BC-36a0da27e1842bae7f83""}]"
WLC:Exod.20.5	strong	tevrat	motif|soydas	No bowing to or serving other gods | Arabic ع ب د (source labels B001-B006), Hebrew עבד	The commentary reads 1:5 as exclusive worship of the one owner; this command prohibits bowing to other gods and serving them, specifying the covenantal acts excluded by that allegiance. | The prohibition against bowing to or serving other gods uses Hebrew עבד; it gives the cognate root an explicit exclusive-worship setting rather than merely a lexical resemblance.	sec2	"[{""line"": 66, ""strength"": ""strong"", ""tradition"": ""tevrat"", ""kind"": ""motif"", ""ref"": ""WLC:Exod.20.5"", ""basis"": ""No bowing to or serving other gods"", ""note"": ""The commentary reads 1:5 as exclusive worship of the one owner; this command prohibits bowing to other gods and serving them, specifying the covenantal acts excluded by that allegiance."", ""turn"": 2, ""model"": ""luna"", ""connection_id"": ""BC-09a9482e0e4980726e2e""}, {""line"": 32, ""strength"": ""strong"", ""tradition"": ""tevrat"", ""kind"": ""soydas"", ""ref"": ""WLC:Exod.20.5"", ""basis"": ""Arabic ع ب د (source labels B001-B006), Hebrew עבד"", ""note"": ""The prohibition against bowing to or serving other gods uses Hebrew עבד; it gives the cognate root an explicit exclusive-worship setting rather than merely a lexical resemblance."", ""turn"": 1, ""model"": ""terra"", ""connection_id"": ""BC-caa241b39e93e4e5327e""}]"
WLC:Exod.21.2	medium	tevrat	karsi_anlati	A Hebrew servant leaves after six years	The commentary describes humans as God's servants by creation, not by an initial choice; this law limits a human master's claim to six years and requires release in the seventh, distinguishing temporary human servitude from the creator's prior claim.	sec2	"[{""line"": 81, ""strength"": ""medium"", ""tradition"": ""tevrat"", ""kind"": ""karsi_anlati"", ""ref"": ""WLC:Exod.21.2"", ""basis"": ""A Hebrew servant leaves after six years"", ""note"": ""The commentary describes humans as God's servants by creation, not by an initial choice; this law limits a human master's claim to six years and requires release in the seventh, distinguishing temporary human servitude from the creator's prior claim."", ""turn"": 2, ""model"": ""luna"", ""connection_id"": ""BC-3c8ea41d35e46f771d8c""}]"
WLC:Exod.21.21	strong	tevrat	paralel	slave described as master's money	The assault law calls the slave the master's “money”; it directly witnesses the property vocabulary that the commentary places inside the master-slave relation.	sec2	"[{""line"": 14, ""strength"": ""strong"", ""tradition"": ""tevrat"", ""kind"": ""paralel"", ""ref"": ""WLC:Exod.21.21"", ""basis"": ""slave described as master's money"", ""note"": ""The assault law calls the slave the master's “money”; it directly witnesses the property vocabulary that the commentary places inside the master-slave relation."", ""turn"": 1, ""model"": ""terra"", ""connection_id"": ""BC-ec48c0d35e40054619a1""}]"
WLC:Exod.21.5	strong	tevrat	karsi_anlati	A slave chooses to remain with his master | servant chooses master, wife, children, household	The commentary says human servitude to God begins through creation rather than a slave's choice; this law has a Hebrew slave declare love for his master and refuse release, a concrete human bond chosen after the term of service. | The Hebrew servant says that he loves his master, wife, and children and will not go free; this gives a legal counter-case in which continued belonging is explicitly voiced as a choice.	sec2	"[{""line"": 7, ""strength"": ""strong"", ""tradition"": ""tevrat"", ""kind"": ""karsi_anlati"", ""ref"": ""WLC:Exod.21.5"", ""basis"": ""A slave chooses to remain with his master"", ""note"": ""The commentary says human servitude to God begins through creation rather than a slave's choice; this law has a Hebrew slave declare love for his master and refuse release, a concrete human bond chosen after the term of service."", ""turn"": 1, ""model"": ""luna"", ""connection_id"": ""BC-3a72b21c3357d5122767""}, {""line"": 96, ""strength"": ""strong"", ""tradition"": ""tevrat"", ""kind"": ""karsi_anlati"", ""ref"": ""WLC:Exod.21.5"", ""basis"": ""servant chooses master, wife, children, household"", ""note"": ""The Hebrew servant says that he loves his master, wife, and children and will not go free; this gives a legal counter-case in which continued belonging is explicitly voiced as a choice."", ""turn"": 2, ""model"": ""terra"", ""connection_id"": ""BC-8a4028fdf6b6068b225b""}]"
WLC:Exod.21.6	strong	tevrat	paralel	doorpost, pierced ear, permanent service	The master brings the willing servant to the doorpost and pierces his ear for lifelong service, a concrete ritualization of ownership and enduring service in the master's house.	sec2	"[{""line"": 97, ""strength"": ""strong"", ""tradition"": ""tevrat"", ""kind"": ""paralel"", ""ref"": ""WLC:Exod.21.6"", ""basis"": ""doorpost, pierced ear, permanent service"", ""note"": ""The master brings the willing servant to the doorpost and pierces his ear for lifelong service, a concrete ritualization of ownership and enduring service in the master's house."", ""turn"": 2, ""model"": ""terra"", ""connection_id"": ""BC-1922a39712adabba8f5f""}]"
WLC:Exod.23.12	strong	tevrat	karsi_anlati	Sabbath rest for ox, donkey, servant	The Sabbath command joins the ox and donkey to the child of the slave woman and resident alien in receiving rest, placing a divine limit on the labor imposed upon both working animals and dependent people.	sec2	"[{""line"": 98, ""strength"": ""strong"", ""tradition"": ""tevrat"", ""kind"": ""karsi_anlati"", ""ref"": ""WLC:Exod.23.12"", ""basis"": ""Sabbath rest for ox, donkey, servant"", ""note"": ""The Sabbath command joins the ox and donkey to the child of the slave woman and resident alien in receiving rest, placing a divine limit on the labor imposed upon both working animals and dependent people."", ""turn"": 2, ""model"": ""terra"", ""connection_id"": ""BC-e22f0fe676a3fd0a4f21""}]"
WLC:Exod.4.23	strong	tevrat	motif|soydas	Israel released to serve God | Hebrew עבד for service to God | release my son to serve me	The commentary contrasts human enslavement with worship due to God; here God demands that Pharaoh release Israel so the people can serve God, recasting the exodus as a transfer from Pharaoh's forced labor to divine service. | The commentary labels Arabic ع ب د for both worship and human enslavement; Exodus uses the cognate Hebrew root עבד for Israel's service to God, showing the cultic use of the same Semitic service word in the story of release from forced labor. | God tells Pharaoh to release Israel, called God's son, “that he may serve me”; Hebrew תעבדני shares the ʿbd root with naʿbudu and turns release from Pharaoh into service of God.	sec2	"[{""line"": 5, ""strength"": ""strong"", ""tradition"": ""tevrat"", ""kind"": ""motif"", ""ref"": ""WLC:Exod.4.23"", ""basis"": ""Israel released to serve God"", ""note"": ""The commentary contrasts human enslavement with worship due to God; here God demands that Pharaoh release Israel so the people can serve God, recasting the exodus as a transfer from Pharaoh's forced labor to divine service."", ""turn"": 1, ""model"": ""luna"", ""connection_id"": ""BC-3d9cd9300a6e0707d502""}, {""line"": 6, ""strength"": ""strong"", ""tradition"": ""tevrat"", ""kind"": ""soydas"", ""ref"": ""WLC:Exod.4.23"", ""basis"": ""Hebrew עבד for service to God"", ""note"": ""The commentary labels Arabic ع ب د for both worship and human enslavement; Exodus uses the cognate Hebrew root עבד for Israel's service to God, showing the cultic use of the same Semitic service word in the story of release from forced labor."", ""turn"": 1, ""model"": ""luna"", ""connection_id"": ""BC-f45430d58591027eceb5""}, {""line"": 9, ""strength"": ""strong"", ""tradition"": ""tevrat"", ""kind"": ""soydas"", ""ref"": ""WLC:Exod.4.23"", ""basis"": ""release my son to serve me"", ""note"": ""God tells Pharaoh to release Israel, called God's son, “that he may serve me”; Hebrew תעבדני shares the ʿbd root with naʿbudu and turns release from Pharaoh into service of God."", ""turn"": 1, ""model"": ""terra"", ""connection_id"": ""BC-d5df8dd8272cf79471d0""}]"
WLC:Ezek.18.4	strong	tevrat	motif	Every life belongs to God in a judgment context | all lives are God's	The commentary joins God's malik status to human servitude; Ezekiel declares every life God's and then speaks of individual accountability, connecting divine ownership with judgment rather than human possession. | God declares that every life, parent and child alike, is God's; the assertion broadens the commentary's ownership image from a household slave to all human persons.	sec2	"[{""line"": 73, ""strength"": ""strong"", ""tradition"": ""tevrat"", ""kind"": ""motif"", ""ref"": ""WLC:Ezek.18.4"", ""basis"": ""Every life belongs to God in a judgment context"", ""note"": ""The commentary joins God's malik status to human servitude; Ezekiel declares every life God's and then speaks of individual accountability, connecting divine ownership with judgment rather than human possession."", ""turn"": 2, ""model"": ""luna"", ""connection_id"": ""BC-3bd291e3ba412287f900""}, {""line"": 27, ""strength"": ""strong"", ""tradition"": ""tevrat"", ""kind"": ""motif"", ""ref"": ""WLC:Ezek.18.4"", ""basis"": ""all lives are God's"", ""note"": ""God declares that every life, parent and child alike, is God's; the assertion broadens the commentary's ownership image from a household slave to all human persons."", ""turn"": 1, ""model"": ""terra"", ""connection_id"": ""BC-a78bf528c3c08638b5ac""}]"
WLC:Gen.1.28	strong	tevrat	motif	human dominion over living creatures	The creation command tells humankind to subdue the earth and rule the animals, providing a creation account of the animal authority and use developed through the tamed camel and livestock.	sec2	"[{""line"": 19, ""strength"": ""strong"", ""tradition"": ""tevrat"", ""kind"": ""motif"", ""ref"": ""WLC:Gen.1.28"", ""basis"": ""human dominion over living creatures"", ""note"": ""The creation command tells humankind to subdue the earth and rule the animals, providing a creation account of the animal authority and use developed through the tamed camel and livestock."", ""turn"": 1, ""model"": ""terra"", ""connection_id"": ""BC-839bd0142fc217a9bd99""}]"
WLC:Gen.15.14	strong	tevrat	paralel	enslaved people and divine judgment	God says that the nation whom Abraham's descendants serve will be judged; it joins Israel's forced service to judgment, the two poles carried by the commentary's slave language and Day of dīn.	sec2	"[{""line"": 8, ""strength"": ""strong"", ""tradition"": ""tevrat"", ""kind"": ""paralel"", ""ref"": ""WLC:Gen.15.14"", ""basis"": ""enslaved people and divine judgment"", ""note"": ""God says that the nation whom Abraham's descendants serve will be judged; it joins Israel's forced service to judgment, the two poles carried by the commentary's slave language and Day of dīn."", ""turn"": 1, ""model"": ""terra"", ""connection_id"": ""BC-de1ea19692bf5fb0b328""}]"
WLC:Gen.24.10	strong	tevrat	paralel	master, servant, camels, goods in hand	Abraham's servant takes his master's camels, with “all the good things of his master” in his hand; the verse supplies a concrete owner-animal-servant tableau for the commentary's property and domestication image.	sec2	"[{""line"": 1, ""strength"": ""strong"", ""tradition"": ""tevrat"", ""kind"": ""paralel"", ""ref"": ""WLC:Gen.24.10"", ""basis"": ""master, servant, camels, goods in hand"", ""note"": ""Abraham's servant takes his master's camels, with “all the good things of his master” in his hand; the verse supplies a concrete owner-animal-servant tableau for the commentary's property and domestication image."", ""turn"": 1, ""model"": ""terra"", ""connection_id"": ""BC-6c8e4edb5f33817ce6bd""}]"
WLC:Gen.24.34	strong	tevrat	paralel	a servant speaks for his master	The speaker identifies himself as Abraham's servant, a close narrative counterpart to the owned person speaking in the first person after the commentary's shift to “we worship you.”	sec2	"[{""line"": 2, ""strength"": ""strong"", ""tradition"": ""tevrat"", ""kind"": ""paralel"", ""ref"": ""WLC:Gen.24.34"", ""basis"": ""a servant speaks for his master"", ""note"": ""The speaker identifies himself as Abraham's servant, a close narrative counterpart to the owned person speaking in the first person after the commentary's shift to “we worship you.”"", ""turn"": 1, ""model"": ""terra"", ""connection_id"": ""BC-281a3fb8441ca590a159""}]"
WLC:Gen.24.35	strong	tevrat	paralel	master's livestock, servants, camels, donkeys	The servant lists his master's wealth as animals, male and female servants, and camels and donkeys, making the commentary's linked possessions socially concrete.	sec2	"[{""line"": 3, ""strength"": ""strong"", ""tradition"": ""tevrat"", ""kind"": ""paralel"", ""ref"": ""WLC:Gen.24.35"", ""basis"": ""master's livestock, servants, camels, donkeys"", ""note"": ""The servant lists his master's wealth as animals, male and female servants, and camels and donkeys, making the commentary's linked possessions socially concrete."", ""turn"": 1, ""model"": ""terra"", ""connection_id"": ""BC-be5612977e5c9796b26c""}]"
WLC:Gen.39.4	strong	tevrat	paralel	Joseph serves Potiphar and is set over his household | Joseph, Egyptian master, house, all in hand	The commentary uses Yusuf's human rabb as an owner who gives him a good home; Genesis places Joseph as servant in Potiphar's house and then makes him its manager, supplying the matching household relation in the shared Joseph story. | Joseph serves the Egyptian official, is set over his house, and receives everything the master owns into his hand; this is the biblical Joseph-household setting behind the commentary's human rab/master scene.	sec2	"[{""line"": 1, ""strength"": ""strong"", ""tradition"": ""tevrat"", ""kind"": ""paralel"", ""ref"": ""WLC:Gen.39.4"", ""basis"": ""Joseph serves Potiphar and is set over his household"", ""note"": ""The commentary uses Yusuf's human rabb as an owner who gives him a good home; Genesis places Joseph as servant in Potiphar's house and then makes him its manager, supplying the matching household relation in the shared Joseph story."", ""turn"": 1, ""model"": ""luna"", ""connection_id"": ""BC-7d7f90ca03fb8f651931""}, {""line"": 4, ""strength"": ""strong"", ""tradition"": ""tevrat"", ""kind"": ""paralel"", ""ref"": ""WLC:Gen.39.4"", ""basis"": ""Joseph, Egyptian master, house, all in hand"", ""note"": ""Joseph serves the Egyptian official, is set over his house, and receives everything the master owns into his hand; this is the biblical Joseph-household setting behind the commentary's human rab/master scene."", ""turn"": 1, ""model"": ""terra"", ""connection_id"": ""BC-2d5300fa255ee1b849af""}]"
WLC:Gen.39.6	strong	tevrat	paralel	Joseph's master leaves his house and possessions in Joseph's hand	The commentary describes rabb as owner of a house and malik as what a hand possesses; Genesis gives Joseph authority over his master's house while Potiphar retains ownership, sharpening the distinction between a human master's trust and ownership.	sec2	"[{""line"": 2, ""strength"": ""strong"", ""tradition"": ""tevrat"", ""kind"": ""paralel"", ""ref"": ""WLC:Gen.39.6"", ""basis"": ""Joseph's master leaves his house and possessions in Joseph's hand"", ""note"": ""The commentary describes rabb as owner of a house and malik as what a hand possesses; Genesis gives Joseph authority over his master's house while Potiphar retains ownership, sharpening the distinction between a human master's trust and ownership."", ""turn"": 1, ""model"": ""luna"", ""connection_id"": ""BC-df47f43974aa3c8eb7c7""}]"
WLC:Gen.39.7	strong	tevrat	paralel	master's wife commands Joseph	The Egyptian master's wife orders Joseph to lie with her, the immediate biblical scene corresponding to the commentary's Joseph speaking to the woman in his Egyptian master's house.	sec2	"[{""line"": 5, ""strength"": ""strong"", ""tradition"": ""tevrat"", ""kind"": ""paralel"", ""ref"": ""WLC:Gen.39.7"", ""basis"": ""master's wife commands Joseph"", ""note"": ""The Egyptian master's wife orders Joseph to lie with her, the immediate biblical scene corresponding to the commentary's Joseph speaking to the woman in his Egyptian master's house."", ""turn"": 1, ""model"": ""terra"", ""connection_id"": ""BC-b899935d54bceaf70487""}]"
WLC:Gen.39.8	strong	tevrat	paralel	my master, house, withheld possession	Joseph calls the Egyptian “my master” and describes his control over the house and its goods, giving a precise human-master use alongside the commentary's discussion of rabbi as an owner.	sec2	"[{""line"": 6, ""strength"": ""strong"", ""tradition"": ""tevrat"", ""kind"": ""paralel"", ""ref"": ""WLC:Gen.39.8"", ""basis"": ""my master, house, withheld possession"", ""note"": ""Joseph calls the Egyptian “my master” and describes his control over the house and its goods, giving a precise human-master use alongside the commentary's discussion of rabbi as an owner."", ""turn"": 1, ""model"": ""terra"", ""connection_id"": ""BC-c2d61913cbc284c31f92""}]"
WLC:Gen.39.9	strong	tevrat	karsi_anlati	human master bounded by sin against God	Joseph says his master has withheld nothing but his wife, yet refuses because the act would be a sin against God; the human householder's wide control is subordinated to a higher Lord.	sec2	"[{""line"": 101, ""strength"": ""strong"", ""tradition"": ""tevrat"", ""kind"": ""karsi_anlati"", ""ref"": ""WLC:Gen.39.9"", ""basis"": ""human master bounded by sin against God"", ""note"": ""Joseph says his master has withheld nothing but his wife, yet refuses because the act would be a sin against God; the human householder's wide control is subordinated to a higher Lord."", ""turn"": 2, ""model"": ""terra"", ""connection_id"": ""BC-f3803eeb20da2986e9d0""}]"
WLC:Gen.9.2	strong	tevrat	motif	animals placed into human hand	After the flood, every animal is given into human hands; the phrase makes ownership/control of creatures a concrete parallel to the commentary's hand-held property and subdued animals.	sec2	"[{""line"": 20, ""strength"": ""strong"", ""tradition"": ""tevrat"", ""kind"": ""motif"", ""ref"": ""WLC:Gen.9.2"", ""basis"": ""animals placed into human hand"", ""note"": ""After the flood, every animal is given into human hands; the phrase makes ownership/control of creatures a concrete parallel to the commentary's hand-held property and subdued animals."", ""turn"": 1, ""model"": ""terra"", ""connection_id"": ""BC-c4ae68d15ed4d35174b4""}]"
WLC:Hos.10.11	strong	tevrat	motif	trained heifer, fair neck, yoke	Hosea depicts Ephraim as a trained heifer whose neck will be yoked for plowing, a close animal image for the commentary's domestication, submission, and forced labor.	sec2	"[{""line"": 17, ""strength"": ""strong"", ""tradition"": ""tevrat"", ""kind"": ""motif"", ""ref"": ""WLC:Hos.10.11"", ""basis"": ""trained heifer, fair neck, yoke"", ""note"": ""Hosea depicts Ephraim as a trained heifer whose neck will be yoked for plowing, a close animal image for the commentary's domestication, submission, and forced labor."", ""turn"": 1, ""model"": ""terra"", ""connection_id"": ""BC-d2d6d44dc36c40cb7a6d""}]"
WLC:Isa.1.3	strong	tevrat	motif	ox knows owner, donkey its master's manger	The ox recognizes its owner and the donkey its master's feeding-place, while Israel does not know; animal ownership becomes a rebuke about recognizing and obeying the divine master.	sec2	"[{""line"": 16, ""strength"": ""strong"", ""tradition"": ""tevrat"", ""kind"": ""motif"", ""ref"": ""WLC:Isa.1.3"", ""basis"": ""ox knows owner, donkey its master's manger"", ""note"": ""The ox recognizes its owner and the donkey its master's feeding-place, while Israel does not know; animal ownership becomes a rebuke about recognizing and obeying the divine master."", ""turn"": 1, ""model"": ""terra"", ""connection_id"": ""BC-caad2fecd26258ef8523""}]"
WLC:Isa.33.22	strong	tevrat	motif	judge, lawgiver, king	YHWH is named Israel's judge, lawgiver, and king; the verse gathers the judicial and sovereign dimensions that meet in the commentary's Mālik of the Day of dīn.	sec2	"[{""line"": 116, ""strength"": ""strong"", ""tradition"": ""tevrat"", ""kind"": ""motif"", ""ref"": ""WLC:Isa.33.22"", ""basis"": ""judge, lawgiver, king"", ""note"": ""YHWH is named Israel's judge, lawgiver, and king; the verse gathers the judicial and sovereign dimensions that meet in the commentary's Mālik of the Day of dīn."", ""turn"": 2, ""model"": ""terra"", ""connection_id"": ""BC-56431fb89f76f71591ba""}]"
WLC:Isa.40.3	strong	tevrat	motif	A road prepared in the wilderness | prepare and straighten God's highway	The commentary's road is made passable by being trampled and subdued; Isaiah calls for a way prepared in the wilderness, a specific road-making image that may illuminate the comparison, though the Hebrew passage does not use the commentary's Arabic root. | The wilderness voice commands a way to be prepared and a highway made straight for God, the nearest biblical counterpart to the commentary's trodden, made-level road.	sec2	"[{""line"": 63, ""strength"": ""weak"", ""tradition"": ""tevrat"", ""kind"": ""motif"", ""ref"": ""WLC:Isa.40.3"", ""basis"": ""A road prepared in the wilderness"", ""note"": ""The commentary's road is made passable by being trampled and subdued; Isaiah calls for a way prepared in the wilderness, a specific road-making image that may illuminate the comparison, though the Hebrew passage does not use the commentary's Arabic root."", ""turn"": 1, ""model"": ""luna"", ""connection_id"": ""BC-81070e570668f72d3926""}, {""line"": 35, ""strength"": ""strong"", ""tradition"": ""tevrat"", ""kind"": ""motif"", ""ref"": ""WLC:Isa.40.3"", ""basis"": ""prepare and straighten God's highway"", ""note"": ""The wilderness voice commands a way to be prepared and a highway made straight for God, the nearest biblical counterpart to the commentary's trodden, made-level road."", ""turn"": 1, ""model"": ""terra"", ""connection_id"": ""BC-498529d4075cf2f2d697""}]"
WLC:Isa.40.4	strong	tevrat	motif	Uneven ground leveled for a road | valleys raised, mountains lowered, rough ground level	The commentary glosses the road as flattened and made traversable; Isaiah describes valleys raised and mountains lowered as the route is made level, an adjacent but distinct image of making a road passable. | The next verse specifies the leveling and smoothing of the road, adding the physical process of subduing terrain rather than only the abstract image of a path.	sec2	"[{""line"": 64, ""strength"": ""weak"", ""tradition"": ""tevrat"", ""kind"": ""motif"", ""ref"": ""WLC:Isa.40.4"", ""basis"": ""Uneven ground leveled for a road"", ""note"": ""The commentary glosses the road as flattened and made traversable; Isaiah describes valleys raised and mountains lowered as the route is made level, an adjacent but distinct image of making a road passable."", ""turn"": 1, ""model"": ""luna"", ""connection_id"": ""BC-45ffb949eb22bffaafe2""}, {""line"": 36, ""strength"": ""strong"", ""tradition"": ""tevrat"", ""kind"": ""motif"", ""ref"": ""WLC:Isa.40.4"", ""basis"": ""valleys raised, mountains lowered, rough ground level"", ""note"": ""The next verse specifies the leveling and smoothing of the road, adding the physical process of subduing terrain rather than only the abstract image of a path."", ""turn"": 1, ""model"": ""terra"", ""connection_id"": ""BC-e997b602af5bb11a1cc9""}]"
WLC:Isa.43.1	strong	tevrat	motif	Israel formed by God and called his own | created, formed, redeemed, “you are mine”	The commentary says the human servant belongs to God by being created; Isaiah addresses Jacob as formed by God and says he is God's, joining creation, personal address, and possession in one promise. | The creator-former addresses Israel by name and says “you are mine,” an unusually direct biblical formulation of created persons as belonging to God.	sec2	"[{""line"": 72, ""strength"": ""strong"", ""tradition"": ""tevrat"", ""kind"": ""motif"", ""ref"": ""WLC:Isa.43.1"", ""basis"": ""Israel formed by God and called his own"", ""note"": ""The commentary says the human servant belongs to God by being created; Isaiah addresses Jacob as formed by God and says he is God's, joining creation, personal address, and possession in one promise."", ""turn"": 2, ""model"": ""luna"", ""connection_id"": ""BC-850988179ecc2b0ba9bf""}, {""line"": 24, ""strength"": ""strong"", ""tradition"": ""tevrat"", ""kind"": ""motif"", ""ref"": ""WLC:Isa.43.1"", ""basis"": ""created, formed, redeemed, “you are mine”"", ""note"": ""The creator-former addresses Israel by name and says “you are mine,” an unusually direct biblical formulation of created persons as belonging to God."", ""turn"": 1, ""model"": ""terra"", ""connection_id"": ""BC-427a9ee821f90ba82f9f""}]"
WLC:Isa.44.21	strong	tevrat	motif	formed servant	Israel is told, “you are my servant; I formed you,” joining servanthood to divine formation in the same sequence the commentary makes explicit.	sec2	"[{""line"": 25, ""strength"": ""strong"", ""tradition"": ""tevrat"", ""kind"": ""motif"", ""ref"": ""WLC:Isa.44.21"", ""basis"": ""formed servant"", ""note"": ""Israel is told, “you are my servant; I formed you,” joining servanthood to divine formation in the same sequence the commentary makes explicit."", ""turn"": 1, ""model"": ""terra"", ""connection_id"": ""BC-817bd5c72f3c37cb2872""}]"
WLC:Isa.45.23	strong	tevrat	motif	Every knee bends and every tongue swears | every knee bows to God	The commentary says every human is already God's servant by creation and that the servant addresses God directly; Isaiah pictures universal bodily submission and confession before God, adding a public, eschatological form of that allegiance. | God's oath that every knee will bend before him gives a universal biblical scene of bodily submission corresponding to the commentary's claim that all creatures finally come as servants.	sec2	"[{""line"": 14, ""strength"": ""strong"", ""tradition"": ""tevrat"", ""kind"": ""motif"", ""ref"": ""WLC:Isa.45.23"", ""basis"": ""Every knee bends and every tongue swears"", ""note"": ""The commentary says every human is already God's servant by creation and that the servant addresses God directly; Isaiah pictures universal bodily submission and confession before God, adding a public, eschatological form of that allegiance."", ""turn"": 1, ""model"": ""luna"", ""connection_id"": ""BC-3e134e3d65f2191371e9""}, {""line"": 34, ""strength"": ""strong"", ""tradition"": ""tevrat"", ""kind"": ""motif"", ""ref"": ""WLC:Isa.45.23"", ""basis"": ""every knee bows to God"", ""note"": ""God's oath that every knee will bend before him gives a universal biblical scene of bodily submission corresponding to the commentary's claim that all creatures finally come as servants."", ""turn"": 1, ""model"": ""terra"", ""connection_id"": ""BC-2704f93e8fbc3a1617c8""}]"
WLC:Isa.52.13	strong	tevrat	motif	exalted servant	God's servant is described as raised, lifted up, and greatly exalted, supplying a scriptural servant-and-honor trajectory beside the commentary's muʿabbad sense.	sec2	"[{""line"": 111, ""strength"": ""strong"", ""tradition"": ""tevrat"", ""kind"": ""motif"", ""ref"": ""WLC:Isa.52.13"", ""basis"": ""exalted servant"", ""note"": ""God's servant is described as raised, lifted up, and greatly exalted, supplying a scriptural servant-and-honor trajectory beside the commentary's muʿabbad sense."", ""turn"": 2, ""model"": ""terra"", ""connection_id"": ""BC-af58c39190fa53a0451e""}]"
WLC:Isa.58.6	strong	tevrat	karsi_anlati	fasting that breaks every yoke	The fast God chooses loosens bonds, frees the oppressed, and breaks every yoke; it makes worship answer human subjugation by liberation rather than by extending it.	sec2	"[{""line"": 112, ""strength"": ""strong"", ""tradition"": ""tevrat"", ""kind"": ""karsi_anlati"", ""ref"": ""WLC:Isa.58.6"", ""basis"": ""fasting that breaks every yoke"", ""note"": ""The fast God chooses loosens bonds, frees the oppressed, and breaks every yoke; it makes worship answer human subjugation by liberation rather than by extending it."", ""turn"": 2, ""model"": ""terra"", ""connection_id"": ""BC-a08ccf2824f8338fb4a4""}]"
WLC:Isa.6.5	medium	tevrat	soydas	Arabic م ل ك (source label B002), Hebrew מלך	Isaiah sees YHWH as “the King”; Hebrew מלך shares the m-l-k root with the commentary's Mālik label, while the verse contributes royal sovereignty rather than treating the Hebrew word as a property term.	sec2	"[{""line"": 84, ""strength"": ""medium"", ""tradition"": ""tevrat"", ""kind"": ""soydas"", ""ref"": ""WLC:Isa.6.5"", ""basis"": ""Arabic م ل ك (source label B002), Hebrew מלך"", ""note"": ""Isaiah sees YHWH as “the King”; Hebrew מלך shares the m-l-k root with the commentary's Mālik label, while the verse contributes royal sovereignty rather than treating the Hebrew word as a property term."", ""turn"": 1, ""model"": ""terra"", ""connection_id"": ""BC-ecca2ea39e30ddc4ed21""}]"
WLC:Isa.64.8	strong	tevrat	motif	Father, potter, clay, work of hands	The prayer calls God Father and potter and the people clay made by God's hand, a creation-and-forming image for dependence that does not reduce them to household property.	sec2	"[{""line"": 113, ""strength"": ""strong"", ""tradition"": ""tevrat"", ""kind"": ""motif"", ""ref"": ""WLC:Isa.64.8"", ""basis"": ""Father, potter, clay, work of hands"", ""note"": ""The prayer calls God Father and potter and the people clay made by God's hand, a creation-and-forming image for dependence that does not reduce them to household property."", ""turn"": 2, ""model"": ""terra"", ""connection_id"": ""BC-44a9e7b8a8430f8cd02d""}]"
WLC:Jer.18.6	strong	tevrat	motif	clay in potter's hand, house of Israel	God compares the house of Israel to clay in a potter's hand, a particularly close biblical image for formed material held under a maker's authority.	sec2	"[{""line"": 114, ""strength"": ""strong"", ""tradition"": ""tevrat"", ""kind"": ""motif"", ""ref"": ""WLC:Jer.18.6"", ""basis"": ""clay in potter's hand, house of Israel"", ""note"": ""God compares the house of Israel to clay in a potter's hand, a particularly close biblical image for formed material held under a maker's authority."", ""turn"": 2, ""model"": ""terra"", ""connection_id"": ""BC-db2406edb8dac102daad""}]"
WLC:Job.12.10	strong	tevrat	motif	life of animals and humans in God's hand	Job places the life of every living creature and the breath of all humanity in God's hand, extending the commentary's hand-held possession figure beyond livestock to all life.	sec2	"[{""line"": 105, ""strength"": ""strong"", ""tradition"": ""tevrat"", ""kind"": ""motif"", ""ref"": ""WLC:Job.12.10"", ""basis"": ""life of animals and humans in God's hand"", ""note"": ""Job places the life of every living creature and the breath of all humanity in God's hand, extending the commentary's hand-held possession figure beyond livestock to all life."", ""turn"": 2, ""model"": ""terra"", ""connection_id"": ""BC-d6fb2080a642a542bde0""}]"
WLC:Job.31.15	strong	tevrat	karsi_anlati	one creator of master and servant	Job grounds a servant's right to a hearing in the fact that the same maker formed both master and servant in the womb; it answers creation-based ownership with creation-based equality.	sec2	"[{""line"": 15, ""strength"": ""strong"", ""tradition"": ""tevrat"", ""kind"": ""karsi_anlati"", ""ref"": ""WLC:Job.31.15"", ""basis"": ""one creator of master and servant"", ""note"": ""Job grounds a servant's right to a hearing in the fact that the same maker formed both master and servant in the womb; it answers creation-based ownership with creation-based equality."", ""turn"": 1, ""model"": ""terra"", ""connection_id"": ""BC-a39249f3abcb94c0ac8c""}]"
WLC:Job.39.9	strong	tevrat	motif	wild ox refuses service and manger	God asks whether the wild ox will consent to serve a human or lodge by the manger; its refusal marks the limit of human animal mastery that the commentary depicts as divinely granted.	sec2	"[{""line"": 18, ""strength"": ""strong"", ""tradition"": ""tevrat"", ""kind"": ""motif"", ""ref"": ""WLC:Job.39.9"", ""basis"": ""wild ox refuses service and manger"", ""note"": ""God asks whether the wild ox will consent to serve a human or lodge by the manger; its refusal marks the limit of human animal mastery that the commentary depicts as divinely granted."", ""turn"": 1, ""model"": ""terra"", ""connection_id"": ""BC-d9b6dc0402b504b85377""}]"
WLC:Job.41.11	strong	tevrat	motif	everything under heaven belongs to God	God asks who could give first so that God owed repayment, because all under heaven is God's; it joins universal possession to divine non-dependence.	sec2	"[{""line"": 106, ""strength"": ""strong"", ""tradition"": ""tevrat"", ""kind"": ""motif"", ""ref"": ""WLC:Job.41.11"", ""basis"": ""everything under heaven belongs to God"", ""note"": ""God asks who could give first so that God owed repayment, because all under heaven is God's; it joins universal possession to divine non-dependence."", ""turn"": 2, ""model"": ""terra"", ""connection_id"": ""BC-bd0c7a868959c1516ad6""}]"
WLC:Josh.24.15	strong	tevrat	motif	choose whom to serve; household service	Joshua makes service a confessed choice—“as for me and my house, we will serve YHWH”—which closely parallels the commentary's movement from an existing status to the servant's own voiced assent.	sec2	"[{""line"": 33, ""strength"": ""strong"", ""tradition"": ""tevrat"", ""kind"": ""motif"", ""ref"": ""WLC:Josh.24.15"", ""basis"": ""choose whom to serve; household service"", ""note"": ""Joshua makes service a confessed choice—“as for me and my house, we will serve YHWH”—which closely parallels the commentary's movement from an existing status to the servant's own voiced assent."", ""turn"": 1, ""model"": ""terra"", ""connection_id"": ""BC-226b6b9c21c0cda7513f""}]"
WLC:Josh.24.24	strong	tevrat	motif	Collective pledge to serve and obey the Lord	The commentary hears the owned servant speak directly to the owner in the first-person plural; Israel here answers in a collective pledge to serve the Lord and obey his voice, adding a covenantal setting for that spoken allegiance.	sec2	"[{""line"": 10, ""strength"": ""strong"", ""tradition"": ""tevrat"", ""kind"": ""motif"", ""ref"": ""WLC:Josh.24.24"", ""basis"": ""Collective pledge to serve and obey the Lord"", ""note"": ""The commentary hears the owned servant speak directly to the owner in the first-person plural; Israel here answers in a collective pledge to serve the Lord and obey his voice, adding a covenantal setting for that spoken allegiance."", ""turn"": 1, ""model"": ""luna"", ""connection_id"": ""BC-7806198e84c195f88fdb""}]"
WLC:Lev.25.42	strong	tevrat	karsi_anlati|motif	Israelites are God's servants and not human property | Israel belongs to God, not sale as slaves	The commentary says all people belong to God whether free or enslaved; Leviticus grounds Israel's status as God's servants in the exodus and bars their sale as slaves, limiting human ownership by God's prior claim. | Because Israelites are God's servants brought from Egypt, they may not be sold in a slave sale; it qualifies the owner-slave analogy by denying an Israelite human master an absolute claim.	sec2	"[{""line"": 8, ""strength"": ""strong"", ""tradition"": ""tevrat"", ""kind"": ""motif"", ""ref"": ""WLC:Lev.25.42"", ""basis"": ""Israelites are God's servants and not human property"", ""note"": ""The commentary says all people belong to God whether free or enslaved; Leviticus grounds Israel's status as God's servants in the exodus and bars their sale as slaves, limiting human ownership by God's prior claim."", ""turn"": 1, ""model"": ""luna"", ""connection_id"": ""BC-60c53f3506fa67c2fac2""}, {""line"": 10, ""strength"": ""strong"", ""tradition"": ""tevrat"", ""kind"": ""karsi_anlati"", ""ref"": ""WLC:Lev.25.42"", ""basis"": ""Israel belongs to God, not sale as slaves"", ""note"": ""Because Israelites are God's servants brought from Egypt, they may not be sold in a slave sale; it qualifies the owner-slave analogy by denying an Israelite human master an absolute claim."", ""turn"": 1, ""model"": ""terra"", ""connection_id"": ""BC-0dbcc1519d40c8dc6717""}]"
WLC:Lev.25.43	strong	tevrat	karsi_anlati	do not rule ruthlessly over a servant	The law prohibits ruthless rule over an impoverished Israelite servant and requires fear of God, placing a divine limit on the domination developed in the commentary.	sec2	"[{""line"": 11, ""strength"": ""strong"", ""tradition"": ""tevrat"", ""kind"": ""karsi_anlati"", ""ref"": ""WLC:Lev.25.43"", ""basis"": ""do not rule ruthlessly over a servant"", ""note"": ""The law prohibits ruthless rule over an impoverished Israelite servant and requires fear of God, placing a divine limit on the domination developed in the commentary."", ""turn"": 1, ""model"": ""terra"", ""connection_id"": ""BC-ff161c29b4ee388e7a0f""}]"
WLC:Lev.25.46	strong	tevrat	paralel	slaves as inherited possession	The law permits inherited, permanent possession of foreign slaves, a stark legal counterpart to the commentary's technical treatment of a mamlūk as property.	sec2	"[{""line"": 13, ""strength"": ""strong"", ""tradition"": ""tevrat"", ""kind"": ""paralel"", ""ref"": ""WLC:Lev.25.46"", ""basis"": ""slaves as inherited possession"", ""note"": ""The law permits inherited, permanent possession of foreign slaves, a stark legal counterpart to the commentary's technical treatment of a mamlūk as property."", ""turn"": 1, ""model"": ""terra"", ""connection_id"": ""BC-66e6a28c8b60def70e75""}]"
WLC:Lev.25.55	strong	tevrat	karsi_anlati	“My servants” and deliverance from Egypt	God twice calls Israelites “my servants”; the verse makes divine ownership the reason they are not ultimately servants of human owners.	sec2	"[{""line"": 12, ""strength"": ""strong"", ""tradition"": ""tevrat"", ""kind"": ""karsi_anlati"", ""ref"": ""WLC:Lev.25.55"", ""basis"": ""“My servants” and deliverance from Egypt"", ""note"": ""God twice calls Israelites “my servants”; the verse makes divine ownership the reason they are not ultimately servants of human owners."", ""turn"": 1, ""model"": ""terra"", ""connection_id"": ""BC-b2d437a5f2bb5428a0f1""}]"
WLC:Mal.1.6	strong	tevrat	motif	servant honors master, God as master	Malachi argues from a servant's honor for a master to God's claim on Israel's honor, directly using household hierarchy to define proper reverence for God.	sec2	"[{""line"": 28, ""strength"": ""strong"", ""tradition"": ""tevrat"", ""kind"": ""motif"", ""ref"": ""WLC:Mal.1.6"", ""basis"": ""servant honors master, God as master"", ""note"": ""Malachi argues from a servant's honor for a master to God's claim on Israel's honor, directly using household hierarchy to define proper reverence for God."", ""turn"": 1, ""model"": ""terra"", ""connection_id"": ""BC-c3f7312c5c385907edb2""}]"
WLC:Prov.17.2	strong	tevrat	karsi_anlati	wise servant shares a son's inheritance	A prudent servant rules over a shameful son and shares the inheritance with the brothers, overturning a fixed hierarchy of owner, household, and slave.	sec2	"[{""line"": 109, ""strength"": ""strong"", ""tradition"": ""tevrat"", ""kind"": ""karsi_anlati"", ""ref"": ""WLC:Prov.17.2"", ""basis"": ""wise servant shares a son's inheritance"", ""note"": ""A prudent servant rules over a shameful son and shares the inheritance with the brothers, overturning a fixed hierarchy of owner, household, and slave."", ""turn"": 2, ""model"": ""terra"", ""connection_id"": ""BC-b0a2ef78fa60dea1099c""}]"
WLC:Prov.27.18	strong	tevrat	motif	one guarding a master is honored	Proverbs says the one who keeps or attends to a master will be honored, a compact wisdom parallel to the commentary's secondary possibility that service and honor meet.	sec2	"[{""line"": 110, ""strength"": ""strong"", ""tradition"": ""tevrat"", ""kind"": ""motif"", ""ref"": ""WLC:Prov.27.18"", ""basis"": ""one guarding a master is honored"", ""note"": ""Proverbs says the one who keeps or attends to a master will be honored, a compact wisdom parallel to the commentary's secondary possibility that service and honor meet."", ""turn"": 2, ""model"": ""terra"", ""connection_id"": ""BC-d777d6a4d4e4e108fa61""}]"
WLC:Ps.100.2	strong	tevrat	motif	serve God with gladness	The liturgical command to serve YHWH joyfully gives a cultic form of service that is more than inward feeling, while changing the commentary's stress on extreme abasement.	sec2	"[{""line"": 30, ""strength"": ""strong"", ""tradition"": ""tevrat"", ""kind"": ""motif"", ""ref"": ""WLC:Ps.100.2"", ""basis"": ""serve God with gladness"", ""note"": ""The liturgical command to serve YHWH joyfully gives a cultic form of service that is more than inward feeling, while changing the commentary's stress on extreme abasement."", ""turn"": 1, ""model"": ""terra"", ""connection_id"": ""BC-8231a9829c06f0f6f581""}]"
WLC:Ps.100.3	strong	tevrat	motif	made by God, his people and flock	WLC's ketiv reads that God made us “and not we [ourselves],” while its qere reads “and we are his”; the verse then calls the people his and the flock of his pasture, so both streams need to be kept distinct in this creation-and-belonging parallel.	sec2	"[{""line"": 26, ""strength"": ""strong"", ""tradition"": ""tevrat"", ""kind"": ""motif"", ""ref"": ""WLC:Ps.100.3"", ""basis"": ""made by God, his people and flock"", ""note"": ""WLC's ketiv reads that God made us “and not we [ourselves],” while its qere reads “and we are his”; the verse then calls the people his and the flock of his pasture, so both streams need to be kept distinct in this creation-and-belonging parallel."", ""turn"": 1, ""model"": ""terra"", ""connection_id"": ""BC-2e71a0a97b33e3740245""}]"
WLC:Ps.100.4	medium	tevrat	motif	Creation, belonging, and the ketiv/qere	The commentary grounds universal servitude in being created; this verse names God as maker and Israel as his people and pasture's flock. WLC's ketiv reads ולא אנחנו, while the qere reads ולו אנחנו, so explicit wording that the people are God's belongs to the qere.	sec2	"[{""line"": 51, ""strength"": ""medium"", ""tradition"": ""tevrat"", ""kind"": ""motif"", ""ref"": ""WLC:Ps.100.4"", ""basis"": ""Creation, belonging, and the ketiv/qere"", ""note"": ""The commentary grounds universal servitude in being created; this verse names God as maker and Israel as his people and pasture's flock. WLC's ketiv reads ולא אנחנו, while the qere reads ולו אנחנו, so explicit wording that the people are God's belongs to the qere."", ""turn"": 1, ""model"": ""luna"", ""connection_id"": ""BC-45b8a6f9450fecf52db7""}]"
WLC:Ps.116.16	strong	tevrat	motif	The worshipper calls himself God's servant and recalls released bonds | direct “I am your servant”; bonds loosed	The commentary makes the servant speak directly to the owner; the psalmist calls himself the Lord's servant and says God has loosed his bonds, adding a first-person prayer of servitude after deliverance. | The psalmist directly calls himself God's servant and son of God's maidservant, then says God has loosed his bonds; it keeps divine servanthood and liberation together in one prayer.	sec2	"[{""line"": 70, ""strength"": ""strong"", ""tradition"": ""tevrat"", ""kind"": ""motif"", ""ref"": ""WLC:Ps.116.16"", ""basis"": ""The worshipper calls himself God's servant and recalls released bonds"", ""note"": ""The commentary makes the servant speak directly to the owner; the psalmist calls himself the Lord's servant and says God has loosed his bonds, adding a first-person prayer of servitude after deliverance."", ""turn"": 2, ""model"": ""luna"", ""connection_id"": ""BC-1c6177b5127b5fa8dfa6""}, {""line"": 102, ""strength"": ""strong"", ""tradition"": ""tevrat"", ""kind"": ""motif"", ""ref"": ""WLC:Ps.116.16"", ""basis"": ""direct “I am your servant”; bonds loosed"", ""note"": ""The psalmist directly calls himself God's servant and son of God's maidservant, then says God has loosed his bonds; it keeps divine servanthood and liberation together in one prayer."", ""turn"": 2, ""model"": ""terra"", ""connection_id"": ""BC-98ffa6c4792940a57bb9""}]"
WLC:Ps.119.91	medium	tevrat	motif	All creation as God's servants	The commentary says people are God's servants by being brought into existence; the psalm says the created order stands by God's ordinances and calls all things his servants, extending the service image beyond humanity.	sec2	"[{""line"": 52, ""strength"": ""medium"", ""tradition"": ""tevrat"", ""kind"": ""motif"", ""ref"": ""WLC:Ps.119.91"", ""basis"": ""All creation as God's servants"", ""note"": ""The commentary says people are God's servants by being brought into existence; the psalm says the created order stands by God's ordinances and calls all things his servants, extending the service image beyond humanity."", ""turn"": 1, ""model"": ""luna"", ""connection_id"": ""BC-5894d0fd39093cf61dc0""}]"
WLC:Ps.123.2	strong	tevrat	motif	servants' eyes to master's hand	The psalm compares Israel's eyes toward God to servants' eyes toward a master's hand and a maid's toward her mistress; it is an exact prayer-image of dependent, direct address.	sec2	"[{""line"": 29, ""strength"": ""strong"", ""tradition"": ""tevrat"", ""kind"": ""motif"", ""ref"": ""WLC:Ps.123.2"", ""basis"": ""servants' eyes to master's hand"", ""note"": ""The psalm compares Israel's eyes toward God to servants' eyes toward a master's hand and a maid's toward her mistress; it is an exact prayer-image of dependent, direct address."", ""turn"": 1, ""model"": ""terra"", ""connection_id"": ""BC-49469788d1fc591a8bdb""}]"
WLC:Ps.123.3	strong	tevrat	motif	Servants watch their masters' hands	The commentary describes the owned servant's posture before a master; the psalm compares worshippers' gaze toward God to the eyes of male and female servants fixed on their masters' hands, giving a precise domestic image for dependence in prayer.	sec2	"[{""line"": 71, ""strength"": ""strong"", ""tradition"": ""tevrat"", ""kind"": ""motif"", ""ref"": ""WLC:Ps.123.3"", ""basis"": ""Servants watch their masters' hands"", ""note"": ""The commentary describes the owned servant's posture before a master; the psalm compares worshippers' gaze toward God to the eyes of male and female servants fixed on their masters' hands, giving a precise domestic image for dependence in prayer."", ""turn"": 2, ""model"": ""luna"", ""connection_id"": ""BC-198b0fdc3e4b36279fde""}]"
WLC:Ps.23.4	medium	tevrat	motif	third-person shepherd narration turns to “you”	Psalm 23 moves from “he” as the shepherd who leads in verses 1-3 to direct “you” in verse 4; its exact pronoun turn offers a literary analogue to the commentary's movement from third-person praise to second-person address, though its figure is shepherd and flock.	sec2	"[{""line"": 82, ""strength"": ""medium"", ""tradition"": ""tevrat"", ""kind"": ""motif"", ""ref"": ""WLC:Ps.23.4"", ""basis"": ""third-person shepherd narration turns to “you”"", ""note"": ""Psalm 23 moves from “he” as the shepherd who leads in verses 1-3 to direct “you” in verse 4; its exact pronoun turn offers a literary analogue to the commentary's movement from third-person praise to second-person address, though its figure is shepherd and flock."", ""turn"": 1, ""model"": ""terra"", ""connection_id"": ""BC-c1e72690b6a20c4808aa""}]"
WLC:Ps.24.1	strong	tevrat	motif	The earth and its fullness belong to the Lord | earth and inhabitants belong to YHWH	The commentary's malik image includes everything held in the owner's hand; this psalm assigns the earth and all within it to the Lord, extending the property image from household goods to the world. | The psalm's opening ownership formula gives YHWH the earth, its fullness, the world, and its inhabitants, an explicit scriptural horizon for “Lord of the worlds.”	sec2	"[{""line"": 11, ""strength"": ""strong"", ""tradition"": ""tevrat"", ""kind"": ""motif"", ""ref"": ""WLC:Ps.24.1"", ""basis"": ""The earth and its fullness belong to the Lord"", ""note"": ""The commentary's malik image includes everything held in the owner's hand; this psalm assigns the earth and all within it to the Lord, extending the property image from household goods to the world."", ""turn"": 1, ""model"": ""luna"", ""connection_id"": ""BC-0aad3d67d4343aa91566""}, {""line"": 107, ""strength"": ""strong"", ""tradition"": ""tevrat"", ""kind"": ""motif"", ""ref"": ""WLC:Ps.24.1"", ""basis"": ""earth and inhabitants belong to YHWH"", ""note"": ""The psalm's opening ownership formula gives YHWH the earth, its fullness, the world, and its inhabitants, an explicit scriptural horizon for “Lord of the worlds.”"", ""turn"": 2, ""model"": ""terra"", ""connection_id"": ""BC-b865caf40f2c3b8a282b""}]"
WLC:Ps.32.10	medium	tevrat	motif	Bit and bridle restrain horse and mule	The commentary's B005 gloss makes a subdued camel an image of submission; this proverb says an uncomprehending person must be restrained like a horse or mule with bit and bridle, while using the image as a warning against stubbornness rather than praising domination.	sec2	"[{""line"": 53, ""strength"": ""medium"", ""tradition"": ""tevrat"", ""kind"": ""motif"", ""ref"": ""WLC:Ps.32.10"", ""basis"": ""Bit and bridle restrain horse and mule"", ""note"": ""The commentary's B005 gloss makes a subdued camel an image of submission; this proverb says an uncomprehending person must be restrained like a horse or mule with bit and bridle, while using the image as a warning against stubbornness rather than praising domination."", ""turn"": 1, ""model"": ""luna"", ""connection_id"": ""BC-5813e4b84e3b90165c34""}]"
WLC:Ps.50.10	strong	tevrat	motif	cattle belong to God	God claims every forest animal and the cattle on a thousand hills; human possession of livestock is set within the creator's prior ownership.	sec2	"[{""line"": 22, ""strength"": ""strong"", ""tradition"": ""tevrat"", ""kind"": ""motif"", ""ref"": ""WLC:Ps.50.10"", ""basis"": ""cattle belong to God"", ""note"": ""God claims every forest animal and the cattle on a thousand hills; human possession of livestock is set within the creator's prior ownership."", ""turn"": 1, ""model"": ""terra"", ""connection_id"": ""BC-8206b83218ae4e9162dd""}]"
WLC:Ps.8.8	strong	tevrat	motif	Humans given rule over livestock	The commentary opens with an owner of animals and then says humans themselves are God's servants by creation; the psalm places sheep, cattle, and wild animals under human rule, showing delegated animal mastery beneath divine creation.	sec2	"[{""line"": 69, ""strength"": ""strong"", ""tradition"": ""tevrat"", ""kind"": ""motif"", ""ref"": ""WLC:Ps.8.8"", ""basis"": ""Humans given rule over livestock"", ""note"": ""The commentary opens with an owner of animals and then says humans themselves are God's servants by creation; the psalm places sheep, cattle, and wild animals under human rule, showing delegated animal mastery beneath divine creation."", ""turn"": 2, ""model"": ""luna"", ""connection_id"": ""BC-0d7e330a2153b5979dfe""}]"
WLC:Ps.95.6	strong	tevrat	motif	Bowing and kneeling before the maker | bow, kneel, maker	The commentary calls worship the utmost humbling of the servant; the psalm invites worshippers to bow and kneel before their maker, giving bodily posture to its account of submission. | The congregation is summoned to bow down and kneel before YHWH its maker, a close liturgical image of embodied abasement before the creator.	sec2	"[{""line"": 12, ""strength"": ""strong"", ""tradition"": ""tevrat"", ""kind"": ""motif"", ""ref"": ""WLC:Ps.95.6"", ""basis"": ""Bowing and kneeling before the maker"", ""note"": ""The commentary calls worship the utmost humbling of the servant; the psalm invites worshippers to bow and kneel before their maker, giving bodily posture to its account of submission."", ""turn"": 1, ""model"": ""luna"", ""connection_id"": ""BC-303c569a1085bc08b316""}, {""line"": 103, ""strength"": ""strong"", ""tradition"": ""tevrat"", ""kind"": ""motif"", ""ref"": ""WLC:Ps.95.6"", ""basis"": ""bow, kneel, maker"", ""note"": ""The congregation is summoned to bow down and kneel before YHWH its maker, a close liturgical image of embodied abasement before the creator."", ""turn"": 2, ""model"": ""terra"", ""connection_id"": ""BC-7172ce810602d54deda1""}]"
WLC:Ps.95.7	strong	tevrat	motif	People as sheep of God's hand | people of pasture, flock of God's hand	The commentary makes the servant God's owned person and places him in the master's house; the psalm calls the worshippers God's people and the sheep of his hand, combining belonging with a shepherd's care. | The worshippers are God's people and the flock of his hand; it combines animal dependence, the owner's hand, and collective divine belonging.	sec2	"[{""line"": 13, ""strength"": ""strong"", ""tradition"": ""tevrat"", ""kind"": ""motif"", ""ref"": ""WLC:Ps.95.7"", ""basis"": ""People as sheep of God's hand"", ""note"": ""The commentary makes the servant God's owned person and places him in the master's house; the psalm calls the worshippers God's people and the sheep of his hand, combining belonging with a shepherd's care."", ""turn"": 1, ""model"": ""luna"", ""connection_id"": ""BC-7d726c11289345bf73e9""}, {""line"": 104, ""strength"": ""strong"", ""tradition"": ""tevrat"", ""kind"": ""motif"", ""ref"": ""WLC:Ps.95.7"", ""basis"": ""people of pasture, flock of God's hand"", ""note"": ""The worshippers are God's people and the flock of his hand; it combines animal dependence, the owner's hand, and collective divine belonging."", ""turn"": 2, ""model"": ""terra"", ""connection_id"": ""BC-0f0cc6f8ca5e1aaf027a""}]"
WLC:Zech.14.9	strong	tevrat	soydas	Hebrew מלך for kingship	The commentary labels Arabic م ل ك for malik as owner and sovereign; Zechariah uses the cognate Hebrew מלך for the Lord's kingship over the whole earth, showing the sovereign sense without importing the commentary's separate property sense.	sec2	"[{""line"": 15, ""strength"": ""strong"", ""tradition"": ""tevrat"", ""kind"": ""soydas"", ""ref"": ""WLC:Zech.14.9"", ""basis"": ""Hebrew מלך for kingship"", ""note"": ""The commentary labels Arabic م ل ك for malik as owner and sovereign; Zechariah uses the cognate Hebrew מלך for the Lord's kingship over the whole earth, showing the sovereign sense without importing the commentary's separate property sense."", ""turn"": 1, ""model"": ""luna"", ""connection_id"": ""BC-b84509352e08dbdc4b4c""}]"
WLC:Zech.9.9	strong	tevrat	karsi_anlati	humble king riding a donkey	Zion's king comes righteous and victorious yet humble, mounted on a donkey; the royal figure unites authority, lowliness, and a domesticated animal in a configuration that reverses the commentary's unlowered master.	sec2	"[{""line"": 118, ""strength"": ""strong"", ""tradition"": ""tevrat"", ""kind"": ""karsi_anlati"", ""ref"": ""WLC:Zech.9.9"", ""basis"": ""humble king riding a donkey"", ""note"": ""Zion's king comes righteous and victorious yet humble, mounted on a donkey; the royal figure unites authority, lowliness, and a domesticated animal in a configuration that reverses the commentary's unlowered master."", ""turn"": 2, ""model"": ""terra"", ""connection_id"": ""BC-56d9f6033e261c8ed1e5""}]"
Wisdom of Solomon 16:24	medium	tevrat	motif	Creation serves its maker	The commentary says all humans come to God as servants because he created them; Wisdom says creation itself serves its maker, extending the creator-servant relation from humanity to the natural order.	sec2	"[{""line"": 54, ""strength"": ""medium"", ""tradition"": ""tevrat"", ""kind"": ""motif"", ""ref"": ""Wisdom of Solomon 16:24"", ""basis"": ""Creation serves its maker"", ""note"": ""The commentary says all humans come to God as servants because he created them; Wisdom says creation itself serves its maker, extending the creator-servant relation from humanity to the natural order."", ""turn"": 1, ""model"": ""luna"", ""connection_id"": ""BC-42a2984e5bb84b02e665""}]"
b. Qiddushin 20a	strong	tevrat	yorum_gelenegi	acquiring a Hebrew servant acquires a master	The Talmud's maxim that one who acquires a Hebrew servant acquires a master develops Torah's service law into a reversal: the owner must meet the servant's needs so fully that mastery is ethically displaced.	sec2	"[{""line"": 135, ""strength"": ""strong"", ""tradition"": ""tevrat"", ""kind"": ""yorum_gelenegi"", ""ref"": ""b. Qiddushin 20a"", ""basis"": ""acquiring a Hebrew servant acquires a master"", ""note"": ""The Talmud's maxim that one who acquires a Hebrew servant acquires a master develops Torah's service law into a reversal: the owner must meet the servant's needs so fully that mastery is ethically displaced."", ""turn"": 2, ""model"": ""terra"", ""connection_id"": ""BC-136f54baabac8051186c""}]"
b. Qiddushin 22b	strong	tevrat	yorum_gelenegi	ear piercing and servants of God	The Talmud explains the permanently pierced Hebrew servant through the Sinai claim that Israel belongs to God, criticizing one who acquires a human master; it is a direct Jewish limit on human lordship.	sec2	"[{""line"": 42, ""strength"": ""strong"", ""tradition"": ""tevrat"", ""kind"": ""yorum_gelenegi"", ""ref"": ""b. Qiddushin 22b"", ""basis"": ""ear piercing and servants of God"", ""note"": ""The Talmud explains the permanently pierced Hebrew servant through the Sinai claim that Israel belongs to God, criticizing one who acquires a human master; it is a direct Jewish limit on human lordship."", ""turn"": 1, ""model"": ""terra"", ""connection_id"": ""BC-755f3b986ee54bc049bc""}]"
