NOTE surah-level S1: 149 segments, 221,014 characters, reserved for the surah page (listed in manifest.json)
NOTE surah-level S2: 1586 segments, 2,192,981 characters, reserved for the surah page (listed in manifest.json)
NOTE surah-level S3: 520 segments, 627,895 characters, reserved for the surah page (listed in manifest.json)
NOTE surah-level S4: 548 segments, 691,218 characters, reserved for the surah page (listed in manifest.json)
NOTE surah-level S5: 467 segments, 606,353 characters, reserved for the surah page (listed in manifest.json)
NOTE surah-level S6: 419 segments, 498,565 characters, reserved for the surah page (listed in manifest.json)
NOTE surah-level S7: 748 segments, 953,313 characters, reserved for the surah page (listed in manifest.json)
NOTE surah-level S8: 151 segments, 170,989 characters, reserved for the surah page (listed in manifest.json)
NOTE surah-level S9: 457 segments, 571,539 characters, reserved for the surah page (listed in manifest.json)
NOTE surah-level S11: 317 segments, 394,843 characters, reserved for the surah page (listed in manifest.json)
NOTE surah-level S12: 334 segments, 426,279 characters, reserved for the surah page (listed in manifest.json)
NOTE surah-level S13: 153 segments, 170,236 characters, reserved for the surah page (listed in manifest.json)
NOTE surah-level S14: 125 segments, 129,045 characters, reserved for the surah page (listed in manifest.json)
NOTE surah-level S15: 153 segments, 160,274 characters, reserved for the surah page (listed in manifest.json)
NOTE surah-level S16: 409 segments, 449,679 characters, reserved for the surah page (listed in manifest.json)
NOTE surah-level S17: 373 segments, 478,108 characters, reserved for the surah page (listed in manifest.json)
NOTE surah-level S18: 270 segments, 302,725 characters, reserved for the surah page (listed in manifest.json)
NOTE surah-level S19: 145 segments, 132,916 characters, reserved for the surah page (listed in manifest.json)
NOTE surah-level S20: 168 segments, 176,068 characters, reserved for the surah page (listed in manifest.json)
NOTE surah-level S21: 157 segments, 175,294 characters, reserved for the surah page (listed in manifest.json)
NOTE surah-level S22: 115 segments, 132,031 characters, reserved for the surah page (listed in manifest.json)
NOTE surah-level S23: 106 segments, 94,879 characters, reserved for the surah page (listed in manifest.json)
NOTE surah-level S24: 164 segments, 183,403 characters, reserved for the surah page (listed in manifest.json)
NOTE surah-level S25: 119 segments, 112,464 characters, reserved for the surah page (listed in manifest.json)
NOTE surah-level S26: 136 segments, 124,119 characters, reserved for the surah page (listed in manifest.json)
NOTE surah-level S27: 128 segments, 137,994 characters, reserved for the surah page (listed in manifest.json)
NOTE surah-level S28: 85 segments, 99,798 characters, reserved for the surah page (listed in manifest.json)
NOTE surah-level S29: 61 segments, 75,039 characters, reserved for the surah page (listed in manifest.json)
NOTE surah-level S30: 84 segments, 94,885 characters, reserved for the surah page (listed in manifest.json)
NOTE surah-level S32: 53 segments, 51,592 characters, reserved for the surah page (listed in manifest.json)
NOTE surah-level S33: 206 segments, 290,764 characters, reserved for the surah page (listed in manifest.json)
NOTE surah-level S34: 101 segments, 111,341 characters, reserved for the surah page (listed in manifest.json)
NOTE surah-level S35: 69 segments, 75,307 characters, reserved for the surah page (listed in manifest.json)
NOTE surah-level S36: 116 segments, 121,677 characters, reserved for the surah page (listed in manifest.json)
NOTE surah-level S37: 189 segments, 212,356 characters, reserved for the surah page (listed in manifest.json)
NOTE surah-level S38: 125 segments, 128,528 characters, reserved for the surah page (listed in manifest.json)
NOTE surah-level S39: 159 segments, 198,396 characters, reserved for the surah page (listed in manifest.json)
NOTE surah-level S40: 124 segments, 151,927 characters, reserved for the surah page (listed in manifest.json)
NOTE surah-level S41: 72 segments, 79,882 characters, reserved for the surah page (listed in manifest.json)
NOTE surah-level S42: 163 segments, 215,178 characters, reserved for the surah page (listed in manifest.json)
NOTE surah-level S43: 62 segments, 51,546 characters, reserved for the surah page (listed in manifest.json)
NOTE surah-level S44: 72 segments, 69,887 characters, reserved for the surah page (listed in manifest.json)
NOTE surah-level S46: 237 segments, 352,273 characters, reserved for the surah page (listed in manifest.json)
NOTE surah-level S50: 125 segments, 172,116 characters, reserved for the surah page (listed in manifest.json)
NOTE surah-level S51: 52 segments, 59,477 characters, reserved for the surah page (listed in manifest.json)
NOTE surah-level S53: 117 segments, 138,007 characters, reserved for the surah page (listed in manifest.json)
NOTE surah-level S54: 59 segments, 54,571 characters, reserved for the surah page (listed in manifest.json)
NOTE surah-level S55: 151 segments, 159,378 characters, reserved for the surah page (listed in manifest.json)
NOTE surah-level S56: 103 segments, 103,703 characters, reserved for the surah page (listed in manifest.json)
NOTE surah-level S58: 39 segments, 35,220 characters, reserved for the surah page (listed in manifest.json)
NOTE surah-level S59: 120 segments, 134,868 characters, reserved for the surah page (listed in manifest.json)
NOTE surah-level S62: 53 segments, 57,609 characters, reserved for the surah page (listed in manifest.json)
NOTE surah-level S67: 36 segments, 38,894 characters, reserved for the surah page (listed in manifest.json)
NOTE surah-level S69: 59 segments, 39,930 characters, reserved for the surah page (listed in manifest.json)
NOTE surah-level S70: 56 segments, 40,106 characters, reserved for the surah page (listed in manifest.json)
NOTE surah-level S71: 36 segments, 22,277 characters, reserved for the surah page (listed in manifest.json)
NOTE surah-level S73: 134 segments, 171,286 characters, reserved for the surah page (listed in manifest.json)
NOTE surah-level S74: 46 segments, 39,468 characters, reserved for the surah page (listed in manifest.json)
NOTE surah-level S75: 84 segments, 70,567 characters, reserved for the surah page (listed in manifest.json)
NOTE surah-level S76: 75 segments, 77,373 characters, reserved for the surah page (listed in manifest.json)
NOTE surah-level S79: 47 segments, 34,443 characters, reserved for the surah page (listed in manifest.json)
NOTE surah-level S80: 52 segments, 40,265 characters, reserved for the surah page (listed in manifest.json)
NOTE surah-level S81: 155 segments, 107,313 characters, reserved for the surah page (listed in manifest.json)
NOTE surah-level S82: 26 segments, 14,298 characters, reserved for the surah page (listed in manifest.json)
NOTE surah-level S87: 40 segments, 44,453 characters, reserved for the surah page (listed in manifest.json)
NOTE surah-level S88: 33 segments, 23,149 characters, reserved for the surah page (listed in manifest.json)
NOTE surah-level S89: 47 segments, 53,639 characters, reserved for the surah page (listed in manifest.json)
NOTE surah-level S90: 48 segments, 37,323 characters, reserved for the surah page (listed in manifest.json)
NOTE surah-level S91: 53 segments, 49,189 characters, reserved for the surah page (listed in manifest.json)
NOTE surah-level S92: 37 segments, 29,625 characters, reserved for the surah page (listed in manifest.json)
NOTE surah-level S93: 49 segments, 51,343 characters, reserved for the surah page (listed in manifest.json)
NOTE surah-level S94: 35 segments, 26,756 characters, reserved for the surah page (listed in manifest.json)
NOTE surah-level S96: 38 segments, 37,336 characters, reserved for the surah page (listed in manifest.json)
NOTE surah-level S98: 21 segments, 18,933 characters, reserved for the surah page (listed in manifest.json)
NOTE surah-level S100: 29 segments, 19,368 characters, reserved for the surah page (listed in manifest.json)
NOTE surah-level S105: 49 segments, 59,555 characters, reserved for the surah page (listed in manifest.json)
WARNING work/t1_s103_20261009/out/luna-max/c05.jsonl line 3: not JSON (a run in progress?); not counted as done
WARNING work/t1_s103_20261009/out/luna-max/c11.jsonl: vanished while reading (a run in progress?); not counted as done
WARNING work/t1_s103_20261009/out/luna-max/c23.jsonl: vanished while reading (a run in progress?); not counted as done
WARNING work/t1_s103_20261009/out/luna-max/c33.jsonl: vanished while reading (a run in progress?); not counted as done
WARNING work/t1_s103_20261009/out/luna-max/c39.jsonl: vanished while reading (a run in progress?); not counted as done
quotes 1:1: 0 unique window(s): 
quotes 1:2: 0 unique window(s): 
quotes 1:6: 3 unique window(s): اهدنا | اهدنا الصراط | اهدنا الصراط المستقيم
NOTE quotes 1:6: window «اهدنا» in 47 segments, too common alone; the longer windows that contain it are used instead
quotes 1:6: «اهدنا الصراط» in 37 segment(s): ALUSI-FULL:v1p34, ALUSI-FULL:v1p35, BURHAN:v1p6, BURHAN:v1p38, BURHAN:v1p102, BURHAN:v1p352, BURHAN:v1p359, BURHAN:v2p139, BURHAN:v2p195, BURHAN:v2p455, BURHAN:v4p93#2, DAMGHANI:v1p276 …
quotes 1:7: 15 unique window(s): المغضوب | صراط الذين | الذين انعمت | انعمت عليهم | عليهم غير | غير المغضوب | المغضوب عليهم | ولا الضالين | صراط الذين انعمت | الذين انعمت عليهم | انعمت عليهم غير | عليهم غير المغضوب | غير المغضوب عليهم | المغضوب عليهم ولا | عليهم ولا الضالين
NOTE quotes 1:7: window «المغضوب» in 48 segments, too common alone; the longer windows that contain it are used instead
quotes 1:7: «صراط الذين» in 27 segment(s): BURHAN:v1p73, BURHAN:v1p352, BURHAN:v1p359, BURHAN:v2p195, BURHAN:v2p455, BURHAN:v4p93#2, DURR-FULL:v1p12, DURR-FULL:v1p18, DURR-FULL:v1p19, ELMALILI:v1p85, IBNASHUR-FULL:v1p108, ITQAN:v1p183 …
quotes 1:7: «الذين انعمت» in 30 segment(s): BURHAN:v1p73, BURHAN:v1p155, BURHAN:v1p182, BURHAN:v1p359, BURHAN:v2p195, BURHAN:v3p326, BURHAN:v3p354, BURHAN:v4p292, DURR-FULL:v1p12, DURR-FULL:v1p18, DURR-FULL:v1p19, ELMALILI:v1p85 …
NOTE quotes 1:7: window «انعمت عليهم» in 42 segments, too common alone; the longer windows that contain it are used instead
quotes 1:7: «عليهم غير» in 18 segment(s): ALUSI-FULL:v1p34, ALUSI-FULL:v1p35, BURHAN:v3p354, BURHAN:v4p292, DURR-FULL:v1p12, DURR-FULL:v1p18, DURR-FULL:v1p19, ELMALILI:v1p85, IBNASHUR-FULL:v1p108, ITQAN:v1p183, ITQAN:v3p284, ITQAN:v4p420 …
quotes 1:7: «غير المغضوب» in 35 segment(s): ALUSI-FULL:v1p34, ALUSI-FULL:v1p35, BURHAN:v1p73, BURHAN:v1p182, BURHAN:v3p239#4, BURHAN:v3p322, BURHAN:v3p325, BURHAN:v3p354, BURHAN:v4p58, BURHAN:v4p292, DURR-FULL:v1p12, DURR-FULL:v1p18 …
NOTE quotes 1:7: window «المغضوب عليهم» in 41 segments, too common alone; the longer windows that contain it are used instead
quotes 1:7: «ولا الضالين» in 31 segment(s): ALUSI-FULL:v1p35, BURHAN:v1p182, BURHAN:v3p239#4, BURHAN:v3p354, BURHAN:v4p355, DURR-FULL:v1p10, DURR-FULL:v1p12, DURR-FULL:v1p18, DURR-FULL:v1p19, ELMALILI:v1p85, FARRA:v1p481, IBNASHUR-FULL:v1p108 …
quotes 1:7: «المغضوب عليهم ولا» in 64 segment(s): ABUDAWUD:779, ABUDAWUD:780, ABUDAWUD:821, ABUDAWUD:934, ABUDAWUD:935, ABUDAWUD:972, ALUSI-FULL:v1p35, BUKHARI:782, BUKHARI:4475, BURHAN:v1p182, BURHAN:v3p239#4, BURHAN:v3p354 …
quotes 2:24: 15 unique window(s): تفعلوا ولن | ولن تفعلوا | تفعلوا فاتقوا | فاتقوا النار | التي وقودها | والحجاره اعدت | لم تفعلوا ولن | تفعلوا ولن تفعلوا | ولن تفعلوا فاتقوا | تفعلوا فاتقوا النار | فاتقوا النار التي | النار التي وقودها | التي وقودها الناس | الناس والحجاره اعدت | والحجاره اعدت للكافرين
quotes 2:24: «تفعلوا ولن» in 24 segment(s): BAQILLANI:v1p16, BINTSHATI-IJAZ:p59, BINTSHATI-IJAZ:p68, BINTSHATI-IJAZ:p130, BINTSHATI-IJAZ:p178, BURHAN:v1p381#2, BURHAN:v2p110, BURHAN:v2p308, BURHAN:v2p421, BURHAN:v3p175, BURHAN:v3p232, BURHAN:v4p56 …
quotes 2:24: «ولن تفعلوا» in 27 segment(s): BAQILLANI:v1p16, BINTSHATI-IJAZ:p59, BINTSHATI-IJAZ:p68, BINTSHATI-IJAZ:p130, BINTSHATI-IJAZ:p178, BURHAN:v1p381#2, BURHAN:v2p110, BURHAN:v2p308, BURHAN:v2p421, BURHAN:v3p175, BURHAN:v3p232, BURHAN:v4p56 …
quotes 2:24: «تفعلوا فاتقوا» in 11 segment(s): BAQILLANI:v1p16, BINTSHATI-IJAZ:p59, BINTSHATI-IJAZ:p68, BINTSHATI-IJAZ:p130, BINTSHATI-IJAZ:p178, IBNASHUR-FULL:v1p70, IBNASHUR-FULL:v1p101#2, IBNASHUR-FULL:v1p103, IBNKATHIR-FULL:v1p20, SAMARRAI-ASRAR:r2, SAMARRAI-LAMASAT-HALAQAT:p851
quotes 2:24: «فاتقوا النار» in 15 segment(s): BAQILLANI:v1p16, BINTSHATI-IJAZ:p59, BINTSHATI-IJAZ:p68, BINTSHATI-IJAZ:p130, BINTSHATI-IJAZ:p178, BURHAN:v2p64, BURHAN:v2p110, BURHAN:v2p257, BURHAN:v2p301, IBNASHUR-FULL:v1p70, IBNASHUR-FULL:v1p101#2, IBNASHUR-FULL:v1p103 …
quotes 2:24: «التي وقودها» in 10 segment(s): BAQILLANI:v1p16, BINTSHATI-IJAZ:p59, BINTSHATI-IJAZ:p68, BINTSHATI-IJAZ:p130, BINTSHATI-IJAZ:p178, BURHAN:v2p64, BURHAN:v2p301, IBNKATHIR-FULL:v1p20, SAMARRAI-ASRAR:r2, SAMARRAI-LAMASAT-HALAQAT:p851
quotes 2:24: «والحجاره اعدت» in 9 segment(s): BAQILLANI:v1p16, BINTSHATI-IJAZ:p59, BINTSHATI-IJAZ:p68, BINTSHATI-IJAZ:p130, BINTSHATI-IJAZ:p178, IBNKATHIR-FULL:v1p20, NASHR:v1p438, SAMARRAI-ASRAR:r2, SAMARRAI-LAMASAT-HALAQAT:p851
quotes 2:28: 15 unique window(s): فاحياكم | كيف تكفرون | تكفرون بالله | بالله وكنتم | وكنتم امواتا | امواتا فاحياكم | فاحياكم ثم | كيف تكفرون بالله | تكفرون بالله وكنتم | بالله وكنتم امواتا | وكنتم امواتا فاحياكم | امواتا فاحياكم ثم | فاحياكم ثم يميتكم | ثم يحييكم ثم | يحييكم ثم اليه
quotes 2:28: «فاحياكم» in 9 segment(s): BURHAN:v3p242, BURHAN:v4p330, DAMGHANI:v1p148, DAMGHANI:v1p445, IBNJAWZI-NUZHA:v1p253, IBNJAWZI-NUZHA:v1p569, IBNQUTAYBA-MUSHKIL:v1p278#2, SAMARRAI-ASRAR:r7#5, SAMARRAI-LAMASAT-HALAQAT:p633
quotes 2:28: «كيف تكفرون» in 15 segment(s): BURHAN:v2p12, BURHAN:v2p315, BURHAN:v2p342, BURHAN:v3p214, BURHAN:v4p330, BURHAN:v4p332, FARRA:v1p482, IBNQUTAYBA-MUSHKIL:v1p261#2, IBNQUTAYBA-MUSHKIL:v1p278#2, ITQAN:v2p496#3, ITQAN:v3p205, ITQAN:v3p214 …
quotes 2:28: «تكفرون بالله» in 12 segment(s): BURHAN:v2p12, BURHAN:v2p315, BURHAN:v2p342, BURHAN:v3p214, BURHAN:v4p330, FARRA:v1p482, IBNQUTAYBA-MUSHKIL:v1p278#2, ITQAN:v3p205, ITQAN:v3p214, JISHUMI:v1p448, SAMARRAI-ASRAR:r7#5, SAMARRAI-LAMASAT-HALAQAT:p633
quotes 2:28: «بالله وكنتم» in 6 segment(s): BURHAN:v3p214, BURHAN:v4p330, FARRA:v1p482, IBNQUTAYBA-MUSHKIL:v1p278#2, SAMARRAI-ASRAR:r7#5, SAMARRAI-LAMASAT-HALAQAT:p633
quotes 2:28: «وكنتم امواتا» in 14 segment(s): BURHAN:v1p139, BURHAN:v3p214, BURHAN:v3p242, BURHAN:v3p354, BURHAN:v4p330, DAMGHANI:v1p148, DAMGHANI:v1p445, FARRA:v1p482, IBNJAWZI-NUZHA:v1p253, IBNJAWZI-NUZHA:v1p569, IBNQUTAYBA-MUSHKIL:v1p278#2, NASHR:v2p133 …
quotes 2:28: «ثم يحييكم ثم» in 1 segment(s): SAMARRAI-LAMASAT-HALAQAT:p633
quotes 2:28: «يحييكم ثم اليه» in 1 segment(s): SAMARRAI-LAMASAT-HALAQAT:p633
quotes 2:29: 12 unique window(s): فسوياهن | السما فسوياهن | فسوياهن سبع | سماوات وهو | الذي خلق لكم | خلق لكم ما | جميعا ثم استويا | الي السما فسوياهن | السما فسوياهن سبع | فسوياهن سبع سماوات | سبع سماوات وهو | سماوات وهو بكل
quotes 2:29: «فسوياهن» in 0 segment(s): 
quotes 2:29: «سماوات وهو» in 3 segment(s): BURHAN:v1p90, ITQAN:v3p275, SAMARRAI-ASRAR:r12
quotes 2:29: «الذي خلق لكم» in 2 segment(s): ITQAN:v3p275, SAMARRAI-ASRAR:r12
quotes 2:29: «خلق لكم ما» in 6 segment(s): BINTSHATI-IJAZ:p378, BURHAN:v1p90, BURHAN:v2p62, ITQAN:v3p275, SAMARRAI-ASRAR:r12, SAMARRAI-LAMASAT-HALAQAT:p800
quotes 2:29: «جميعا ثم استويا» in 0 segment(s): 
quotes 2:30: 44 unique window(s): اتجعل | يفسد | ويسفك | الدما | نسبح | بحمدك | ونقدس | اني جاعل | جاعل في | الارض خليفه | خليفه قالوا | قالوا اتجعل | اتجعل فيها | من يفسد | يفسد فيها | فيها ويسفك | ويسفك الدما | الدما ونحن | ونحن نسبح | نسبح بحمدك | بحمدك ونقدس | ونقدس لك | للملايكه اني جاعل | اني جاعل في | جاعل في الارض | في الارض خليفه | الارض خليفه قالوا | خليفه قالوا اتجعل | قالوا اتجعل فيها | اتجعل فيها من | فيها من يفسد | من يفسد فيها | يفسد فيها ويسفك | فيها ويسفك الدما | ويسفك الدما ونحن | الدما ونحن نسبح | ونحن نسبح بحمدك | نسبح بحمدك ونقدس | بحمدك ونقدس لك | ونقدس لك قال | لك قال اني | قال اني اعلم | اني اعلم ما | اعلم ما لا
quotes 2:30: «اتجعل» in 14 segment(s): BURHAN:v2p337, BURHAN:v2p339, BURHAN:v3p91, BURHAN:v3p194, BURHAN:v3p342, BURHAN:v3p459, BURHAN:v4p434, IBNASHUR-FULL:v1p125, ITQAN:v2p523#4, ITQAN:v3p215, ITQAN:v3p243#3, MAJAZ:v2p406#2 …
quotes 2:30: «يفسد» in 36 segment(s): BAQILLANI:v1p169, BINTSHATI-IJAZ:p102, BURHAN:v2p104, BURHAN:v2p337, BURHAN:v2p339, BURHAN:v2p426, BURHAN:v3p91, BURHAN:v3p194, BURHAN:v3p342, BURHAN:v3p375, BURHAN:v3p459, BURHAN:v4p434 …
quotes 2:30: «ويسفك» in 8 segment(s): BURHAN:v3p342, BURHAN:v3p459, BURHAN:v4p434, ITQAN:v2p523#4, JISHUMI:v1p835, NASHR:v1p474, SAMARRAI-ASRAR:r12, SAMARRAI-LAMASAT-HALAQAT:p800
quotes 2:30: «الدما» in 21 segment(s): BAQILLANI:v1p202, BINTSHATI-IJAZ:p370, BURHAN:v1p207, BURHAN:v1p261, BURHAN:v3p266, BURHAN:v3p342, BURHAN:v3p459, BURHAN:v4p434, IBNQUTAYBA-MUSHKIL:v1p50, ITQAN:v2p523#4, ITQAN:v3p298, JISHUMI:v1p732 …
quotes 2:30: «نسبح» in 11 segment(s): BURHAN:v3p459, DAMGHANI:v1p143, DAMGHANI:v1p223, IBNQUTAYBA-GHARIB:v1p8#2, ITQAN:v1p250#2, ITQAN:v2p525, MAJAZ:v2p419, NASHR:v1p282, RAZI-FULL:v1p88, SAMARRAI-ASRAR:r12, SAMARRAI-LAMASAT-HALAQAT:p800
quotes 2:30: «بحمدك» in 8 segment(s): BURHAN:v3p459, DAMGHANI:v1p143, DAMGHANI:v1p223, IBNQUTAYBA-GHARIB:v1p8#2, ITQAN:v2p525, RAZI-FULL:v1p88, SAMARRAI-ASRAR:r12, SAMARRAI-LAMASAT-HALAQAT:p800
quotes 2:30: «ونقدس» in 9 segment(s): BURHAN:v3p459, DAMGHANI:v1p143, DAMGHANI:v1p223, IBNQUTAYBA-GHARIB:v1p8#2, ITQAN:v1p252, ITQAN:v2p339#7, NASHR:v1p293, SAMARRAI-ASRAR:r12, SAMARRAI-LAMASAT-HALAQAT:p800
quotes 2:30: «اني جاعل» in 11 segment(s): BURHAN:v1p155, BURHAN:v2p339, BURHAN:v2p387, BURHAN:v3p194, DAMGHANI:v1p162, IBNASHUR-FULL:v1p125, ITQAN:v4p384, NASHR:v2p161#2, SAMARRAI-ASRAR:r3, SAMARRAI-ASRAR:r12, SAMARRAI-LAMASAT-HALAQAT:p800
quotes 2:30: «جاعل في» in 9 segment(s): BURHAN:v1p155, BURHAN:v2p339, BURHAN:v3p194, DAMGHANI:v1p162, IBNASHUR-FULL:v1p125, ITQAN:v4p384, SAMARRAI-ASRAR:r3, SAMARRAI-ASRAR:r12, SAMARRAI-LAMASAT-HALAQAT:p800
quotes 2:30: «الارض خليفه» in 9 segment(s): BURHAN:v1p155, BURHAN:v2p339, BURHAN:v3p194, DAMGHANI:v1p162, IBNASHUR-FULL:v1p125, ITQAN:v4p384, SAMARRAI-ASRAR:r3, SAMARRAI-ASRAR:r12, SAMARRAI-LAMASAT-HALAQAT:p800
quotes 2:30: «خليفه قالوا» in 5 segment(s): BURHAN:v2p339, BURHAN:v3p194, IBNASHUR-FULL:v1p125, SAMARRAI-ASRAR:r12, SAMARRAI-LAMASAT-HALAQAT:p800
quotes 2:30: «لك قال اني» in 7 segment(s): IBNHIBBAN:6186, IBNMAJAH:981, MUSNAD-AHMAD:6178, MUSNAD-AHMAD:23003, NASAI:2428, SAMARRAI-ASRAR:r12, SAMARRAI-LAMASAT-HALAQAT:p800
quotes 2:30: «قال اني اعلم» in 5 segment(s): IBNHIBBAN:6186, MUSNAD-AHMAD:6178, NASAI:448, SAMARRAI-ASRAR:r12, SAMARRAI-LAMASAT-HALAQAT:p800
quotes 2:30: «اني اعلم ما» in 8 segment(s): AZRAQI:v1p32, BURHAN:v3p91, IBNHIBBAN:6186, MUSNAD-AHMAD:6178, MUSNAD-AHMAD:18260, NASHR:v2p163#2, SAMARRAI-ASRAR:r12, SAMARRAI-LAMASAT-HALAQAT:p800
quotes 2:30: «اعلم ما لا» in 6 segment(s): AZRAQI:v1p32, BURHAN:v3p91, IBNHIBBAN:6186, MUSNAD-AHMAD:6178, SAMARRAI-ASRAR:r12, SAMARRAI-LAMASAT-HALAQAT:p800
quotes 2:31: 27 unique window(s): عرضهم | انبوني | باسما | وعلم ادم | ادم الاسما | الاسما كلها | كلها ثم | ثم عرضهم | عرضهم علي | علي الملايكه | الملايكه فقال | فقال انبوني | انبوني باسما | باسما هاولا | هاولا ان | وعلم ادم الاسما | ادم الاسما كلها | الاسما كلها ثم | كلها ثم عرضهم | ثم عرضهم علي | عرضهم علي الملايكه | علي الملايكه فقال | الملايكه فقال انبوني | فقال انبوني باسما | انبوني باسما هاولا | باسما هاولا ان | هاولا ان كنتم
quotes 2:31: «عرضهم» in 3 segment(s): DAMGHANI:v1p320, JURJANI-DALAIL:v1p391, SAMARRAI-ASRAR:r12
quotes 2:31: «انبوني» in 0 segment(s): 
quotes 2:31: «باسما» in 20 segment(s): BURHAN:v1p159, BURHAN:v3p354, ITQAN:v1p157#2, ITQAN:v2p473, ITQAN:v4p370, JURJANI-DALAIL:v1p158, JURJANI-DALAIL:v1p391, NASHR:v2p149, RAZI-FULL:v1p39, RAZI-FULL:v1p41, SAMARRAI-ASRAR:r12, SIBAWAYH:وهيتجريعلىثمانيمجارعلىالنصبوالجروالرفعوالجزموالفتحوالضم#4 …
quotes 2:31: «وعلم ادم» in 6 segment(s): BURHAN:v3p354, FARRA:v1p482, IBNJINNI-MUHTASAB:v1p19, ITQAN:v2p441, JURJANI-DALAIL:v1p391, RAZI-FULL:v1p30
quotes 2:31: «ادم الاسما» in 6 segment(s): BURHAN:v3p354, FARRA:v1p482, IBNJINNI-MUHTASAB:v1p19, ITQAN:v2p441, JURJANI-DALAIL:v1p391, RAZI-FULL:v1p30
quotes 2:31: «الاسما كلها» in 8 segment(s): BURHAN:v1p390, BURHAN:v3p354, IBNJINNI-MUHTASAB:v1p19, ITQAN:v2p441, JURJANI-DALAIL:v1p391, RAZI-FULL:v1p30, SAMARRAI-ASRAR:r12, SAMARRAI-LAMASAT-HALAQAT:p617
quotes 2:31: «كلها ثم» in 4 segment(s): BAQILLANI:v1p277, BURHAN:v3p242, JURJANI-DALAIL:v1p391, SAMARRAI-ASRAR:r12
quotes 2:31: «علي الملايكه» in 8 segment(s): BURHAN:v2p468, ITQAN:v1p125#2, JISHUMI:v1p523, JURJANI-ASRAR:v1p353, JURJANI-DALAIL:v1p277, JURJANI-DALAIL:v1p320, JURJANI-DALAIL:v1p391, SAMARRAI-ASRAR:r12
quotes 2:31: «الملايكه فقال» in 4 segment(s): BURHAN:v1p340, JURJANI-DALAIL:v1p391, SAMARRAI-ASRAR:r7#2, SAMARRAI-ASRAR:r12
quotes 2:31: «هاولا ان» in 1 segment(s): SAMARRAI-ASRAR:r12
quotes 2:32: 14 unique window(s): علمتنا | سبحانك لا | ما علمتنا | علمتنا انك | انت العليم | قالوا سبحانك لا | سبحانك لا علم | علم لنا الا | لنا الا ما | الا ما علمتنا | ما علمتنا انك | علمتنا انك انت | انك انت العليم | انت العليم الحكيم
quotes 2:32: «علمتنا» in 4 segment(s): BURHAN:v3p247, BURHAN:v4p400, ITQAN:v2p514#2, SAMARRAI-ASRAR:r12
quotes 2:32: «سبحانك لا» in 3 segment(s): BURHAN:v3p247, ITQAN:v2p476#2, SAMARRAI-ASRAR:r12
quotes 2:32: «انت العليم» in 2 segment(s): BURHAN:v3p247, SAMARRAI-ASRAR:r12
quotes 2:32: «علم لنا الا» in 2 segment(s): BURHAN:v3p247, SAMARRAI-ASRAR:r12
quotes 2:32: «لنا الا ما» in 2 segment(s): BURHAN:v3p247, SAMARRAI-ASRAR:r12
quotes 2:45: 11 unique window(s): واستعينوا | الخاشعين | واستعينوا بالصبر | والصلواه وانها | وانها لكبيره | علي الخاشعين | واستعينوا بالصبر والصلواه | بالصبر والصلواه وانها | والصلواه وانها لكبيره | وانها لكبيره الا | الا علي الخاشعين
quotes 2:45: «واستعينوا» in 8 segment(s): BURHAN:v3p127, BURHAN:v4p30, IBNJAWZI-NUZHA:v1p387, IBNQUTAYBA-MUSHKIL:v1p176, ITQAN:v2p549, RAZI-FULL:v1p63, SAMARRAI-ASRAR:r8#3, SAMARRAI-ASRAR:r15#2
quotes 2:45: «الخاشعين» in 7 segment(s): BURHAN:v4p240, DAMGHANI:v1p157, IBNJAWZI-NUZHA:v1p276, IBNQUTAYBA-MUSHKIL:v1p176, ITQAN:v2p305#2, SAMARRAI-ASRAR:r8#3, SAMARRAI-ASRAR:r15#2
quotes 2:45: «والصلواه وانها» in 0 segment(s): 
quotes 2:45: «وانها لكبيره» in 10 segment(s): BURHAN:v3p127, BURHAN:v4p30, BURHAN:v4p240, DAMGHANI:v1p157, IBNJAWZI-NUZHA:v1p276, IBNJAWZI-NUZHA:v1p519, IBNQUTAYBA-MUSHKIL:v1p176, ITQAN:v2p549, SAMARRAI-ASRAR:r8#3, SAMARRAI-ASRAR:r15#2
quotes 2:55: 14 unique window(s): فاخذتكم | حتيا نري | نري الله | جهره فاخذتكم | فاخذتكم الصاعقه | الصاعقه وانتم | ياموسيا لن نومن | لك حتيا نري | حتيا نري الله | نري الله جهره | الله جهره فاخذتكم | جهره فاخذتكم الصاعقه | فاخذتكم الصاعقه وانتم | الصاعقه وانتم تنظرون
quotes 2:55: «فاخذتكم» in 1 segment(s): IBNJAWZI-NUZHA:v1p391
quotes 2:55: «حتيا نري» in 0 segment(s): 
quotes 2:55: «نري الله» in 7 segment(s): BURHAN:v2p193, BURHAN:v3p6#3, NASHR:v2p77, NASHR:v2p77#2, NASHR:v2p116, NASHR:v2p117, NASHR:v2p214
quotes 2:55: «الصاعقه وانتم» in 0 segment(s): 
quotes 2:55: «ياموسيا لن نومن» in 0 segment(s): 
quotes 2:61: 77 unique window(s): نصبر | بقلها | وقثايها | وفومها | وعدسها | وبصلها | اتستبدلون | مصرا | سالتم | والمسكنه | لن نصبر | نصبر عليا | طعام واحد | واحد فادع | فادع لنا | ربك يخرج | يخرج لنا | لنا مما | من بقلها | بقلها وقثايها | وقثايها وفومها | وفومها وعدسها | وعدسها وبصلها | وبصلها قال | قال اتستبدلون | اتستبدلون الذي | هو ادنيا | ادنيا بالذي | خير اهبطوا | اهبطوا مصرا | مصرا فان | فان لكم | ما سالتم | سالتم وضربت | الذله والمسكنه | والمسكنه وباو | الحق ذالك | ياموسيا لن نصبر | لن نصبر عليا | نصبر عليا طعام | عليا طعام واحد | طعام واحد فادع | واحد فادع لنا | فادع لنا ربك | لنا ربك يخرج | ربك يخرج لنا | يخرج لنا مما | لنا مما تنبت | تنبت الارض من | الارض من بقلها | من بقلها وقثايها | بقلها وقثايها وفومها | وقثايها وفومها وعدسها | وفومها وعدسها وبصلها | وعدسها وبصلها قال | وبصلها قال اتستبدلون | قال اتستبدلون الذي | اتستبدلون الذي هو | الذي هو ادنيا | هو ادنيا بالذي | ادنيا بالذي هو | بالذي هو خير | هو خير اهبطوا | خير اهبطوا مصرا | اهبطوا مصرا فان | مصرا فان لكم | فان لكم ما | لكم ما سالتم | ما سالتم وضربت | سالتم وضربت عليهم | وضربت عليهم الذله | عليهم الذله والمسكنه | الذله والمسكنه وباو | والمسكنه وباو بغضب | النبين بغير الحق | بغير الحق ذالك | الحق ذالك بما
quotes 2:61: «نصبر» in 4 segment(s): BINTSHATI-IJAZ:p347, NASHR:v2p104#2, SAMARRAI-LAMASAT-HALAQAT:p762, SIBAWAYH:فالبدلأنتقولضربعبداللهظهرهوبطنهوضربزيدالظهروالبطنوقلب#71
quotes 2:61: «بقلها» in 3 segment(s): BINTSHATI-IJAZ:p347, IBNJAWZI-NUZHA:v1p576, SAMARRAI-LAMASAT-HALAQAT:p762
quotes 2:61: «وقثايها» in 3 segment(s): BINTSHATI-IJAZ:p347, IBNJAWZI-NUZHA:v1p576, SAMARRAI-LAMASAT-HALAQAT:p762
quotes 2:61: «وفومها» in 4 segment(s): BINTSHATI-IJAZ:p347, ITQAN:v2p305#2, ITQAN:v2p352, SAMARRAI-LAMASAT-HALAQAT:p762
quotes 2:61: «وعدسها» in 2 segment(s): BINTSHATI-IJAZ:p347, SAMARRAI-LAMASAT-HALAQAT:p762
quotes 2:61: «وبصلها» in 3 segment(s): BINTSHATI-IJAZ:p347, NASHR:v1p216, SAMARRAI-LAMASAT-HALAQAT:p762
quotes 2:61: «اتستبدلون» in 7 segment(s): BINTSHATI-IJAZ:p347, BINTSHATI-IJAZ:p492, BURHAN:v2p346, BURHAN:v4p169, DAMGHANI:v1p175, IBNJAWZI-NUZHA:v1p119, SAMARRAI-LAMASAT-HALAQAT:p762
quotes 2:61: «مصرا» in 6 segment(s): FARRA:v1p482#2, MAJAZ:v2p442#2, NASHR:v2p93, NASHR:v2p95, NASHR:v2p201, SAMARRAI-LAMASAT-HALAQAT:p762
quotes 2:61: «سالتم» in 7 segment(s): BURHAN:v1p38, ITQAN:v3p297, ITQAN:v4p520, JURJANI-DALAIL:v1p181#2, NASHR:v1p400, NASHR:v2p463, SAMARRAI-LAMASAT-HALAQAT:p762
quotes 2:61: «والمسكنه» in 6 segment(s): ALUSI-FULL:v1p28, BINTSHATI-IJAZ:p473, JISHUMI:v1p748, SAMARRAI-ASRAR:r7#4, SAMARRAI-LAMASAT-HALAQAT:p612, SAMARRAI-LAMASAT-HALAQAT:p762
quotes 2:61: «طعام واحد» in 2 segment(s): BINTSHATI-IJAZ:p347, SAMARRAI-LAMASAT-HALAQAT:p762
quotes 2:61: «واحد فادع» in 2 segment(s): BINTSHATI-IJAZ:p347, SAMARRAI-LAMASAT-HALAQAT:p762
quotes 2:61: «فادع لنا» in 3 segment(s): BINTSHATI-IJAZ:p347, BURHAN:v3p164, SAMARRAI-LAMASAT-HALAQAT:p762
quotes 2:61: «ربك يخرج» in 3 segment(s): BINTSHATI-IJAZ:p347, BURHAN:v3p164, SAMARRAI-LAMASAT-HALAQAT:p762
quotes 2:61: «يخرج لنا» in 4 segment(s): BINTSHATI-IJAZ:p347, BURHAN:v2p479, BURHAN:v3p164, SAMARRAI-LAMASAT-HALAQAT:p762
quotes 2:61: «لنا مما» in 4 segment(s): BINTSHATI-IJAZ:p347, BURHAN:v2p479, SAMARRAI-LAMASAT:p89, SAMARRAI-LAMASAT-HALAQAT:p762
quotes 2:61: «هو ادنيا» in 0 segment(s): 
quotes 2:61: «ادنيا بالذي» in 0 segment(s): 
quotes 2:61: «خير اهبطوا» in 1 segment(s): SAMARRAI-LAMASAT-HALAQAT:p762
quotes 2:61: «فان لكم» in 1 segment(s): SAMARRAI-LAMASAT-HALAQAT:p762
quotes 2:61: «الحق ذالك» in 0 segment(s): 
quotes 2:61: «تنبت الارض من» in 4 segment(s): BINTSHATI-IJAZ:p347, IBNHISHAM:v1p535, JISHUMI:v1p687, SAMARRAI-LAMASAT-HALAQAT:p762
quotes 2:61: «بالذي هو خير» in 9 segment(s): BINTSHATI-IJAZ:p347, BINTSHATI-IJAZ:p492, BURHAN:v2p346, BURHAN:v4p169, DAMGHANI:v1p175, IBNHISHAM:v1p536, IBNJAWZI-NUZHA:v1p119, MUSNAD-AHMAD:18244, SAMARRAI-LAMASAT-HALAQAT:p762
quotes 2:61: «وضربت عليهم الذله» in 2 segment(s): SAMARRAI-ASRAR:r7#4, SAMARRAI-LAMASAT-HALAQAT:p762
quotes 2:61: «النبين بغير الحق» in 0 segment(s): 
quotes 2:86: 6 unique window(s): اشتروا الحيواه | بالاخره فلا | الذين اشتروا الحيواه | اشتروا الحيواه الدنيا | الدنيا بالاخره فلا | بالاخره فلا يخفف
quotes 2:86: «اشتروا الحيواه» in 0 segment(s): 
quotes 2:86: «بالاخره فلا» in 2 segment(s): JISHUMI:v1p476#2, SAMARRAI-LAMASAT-HALAQAT:p703
quotes 2:106: 22 unique window(s): ننسخ | ننسها | ما ننسخ | ننسخ من | ايه او | او ننسها | ننسها نات | نات بخير | بخير منها | او مثلها | مثلها الم | ما ننسخ من | ننسخ من ايه | من ايه او | ايه او ننسها | او ننسها نات | ننسها نات بخير | نات بخير منها | بخير منها او | منها او مثلها | او مثلها الم | مثلها الم تعلم
quotes 2:106: «ننسخ» in 25 segment(s): BAQILLANI:v1p183, BURHAN:v2p30, BURHAN:v2p32, BURHAN:v2p43, BURHAN:v4p400, BURHAN:v4p418, DAMGHANI:v1p453, FARRA:v1p484, IBNASHUR-FULL:v1p12, IBNJAWZI-NUZHA:v1p154, IBNJAWZI-NUZHA:v1p579#2, IBNKATHIR-FULL:v1p54 …
quotes 2:106: «ننسها» in 18 segment(s): BURHAN:v2p30, BURHAN:v2p32, BURHAN:v2p42, BURHAN:v4p400, DAMGHANI:v1p453, FARRA:v1p484, IBNJAWZI-NUZHA:v1p154, IBNJAWZI-NUZHA:v1p579#2, IBNKATHIR-FULL:v1p54, ITQAN:v2p305#2, ITQAN:v2p512#4, ITQAN:v3p55 …
quotes 2:106: «ايه او» in 32 segment(s): BAGHAWI-FULL:v1p38, BAQILLANI:v1p192, BURHAN:v1p244, BURHAN:v1p249, BURHAN:v2p30, BURHAN:v2p32, BURHAN:v2p126, BURHAN:v4p400, DAMGHANI:v1p453, IBNJAWZI-NUZHA:v1p154, IBNJAWZI-NUZHA:v1p579#2, IBNKATHIR-FULL:v1p54 …
quotes 2:106: «نات بخير» in 11 segment(s): BURHAN:v1p440, BURHAN:v2p30, BURHAN:v2p32, BURHAN:v2p159, BURHAN:v4p400, IBNJAWZI-NUZHA:v1p285, IBNKATHIR-FULL:v1p54, ITQAN:v3p55, ITQAN:v3p71, JISHUMI:v1p536, JISHUMI:v1p538
quotes 2:106: «بخير منها» in 13 segment(s): BURHAN:v1p440, BURHAN:v2p30, BURHAN:v2p32, BURHAN:v2p159, BURHAN:v4p400, IBNJAWZI-NUZHA:v1p285, IBNKATHIR-FULL:v1p54, ITQAN:v3p55, ITQAN:v3p71, JISHUMI:v1p536, JISHUMI:v1p538, SAMARRAI-LAMASAT-HALAQAT:p728 …
quotes 2:106: «او مثلها» in 10 segment(s): BURHAN:v1p440, BURHAN:v2p30, BURHAN:v2p32, BURHAN:v2p159, IBNJAWZI-NUZHA:v1p285, IBNKATHIR-FULL:v1p54, ITQAN:v3p55, ITQAN:v3p71, JISHUMI:v1p536, JISHUMI:v1p538
quotes 2:106: «مثلها الم» in 1 segment(s): JISHUMI:v1p536
quotes 2:129: 14 unique window(s): ربنا وابعث | وابعث فيهم | عليهم اياتك | اياتك ويعلمهم | والحكمه ويزكيهم | ويزكيهم انك | ربنا وابعث فيهم | وابعث فيهم رسولا | يتلوا عليهم اياتك | عليهم اياتك ويعلمهم | اياتك ويعلمهم الكتاب | الكتاب والحكمه ويزكيهم | والحكمه ويزكيهم انك | ويزكيهم انك انت
quotes 2:129: «ربنا وابعث» in 4 segment(s): BURHAN:v1p88#2, DAMGHANI:v1p73, IBNJAWZI-NUZHA:v1p204, JISHUMI:v1p593
quotes 2:129: «وابعث فيهم» in 6 segment(s): BURHAN:v1p88#2, DAMGHANI:v1p73, IBNJAWZI-NUZHA:v1p204, ITQAN:v4p384, JISHUMI:v1p591, JISHUMI:v1p593
quotes 2:129: «عليهم اياتك» in 3 segment(s): BURHAN:v1p88#2, BURHAN:v1p120, JISHUMI:v1p593
quotes 2:129: «اياتك ويعلمهم» in 3 segment(s): BURHAN:v1p88#2, BURHAN:v1p120, JISHUMI:v1p593
quotes 2:129: «والحكمه ويزكيهم» in 3 segment(s): BURHAN:v1p88#2, BURHAN:v1p120, JISHUMI:v1p593
quotes 2:129: «ويزكيهم انك» in 2 segment(s): BURHAN:v1p88#2, JISHUMI:v1p593
quotes 2:180: 17 unique window(s): للوالدين | ان ترك | ترك خيرا | خيرا الوصيه | الوصيه للوالدين | للوالدين والاقربين | والاقربين بالمعروف | كتب عليكم اذا | عليكم اذا حضر | احدكم الموت ان | الموت ان ترك | ان ترك خيرا | ترك خيرا الوصيه | خيرا الوصيه للوالدين | الوصيه للوالدين والاقربين | للوالدين والاقربين بالمعروف | والاقربين بالمعروف حقا
quotes 2:180: «للوالدين» in 13 segment(s): BURHAN:v2p30, BURHAN:v2p499, BURHAN:v3p432, FARRA:v1p486, IBNKATHIR-FULL:v1p58, ITQAN:v3p119#2, ITQAN:v3p168, JISHUMI:v1p466, JISHUMI:v1p467, JISHUMI:v1p745, JISHUMI:v1p746, SAMARRAI-ASRAR:r8#4 …
quotes 2:180: «ان ترك» in 27 segment(s): ALUSI-FULL:v1p7#3, BINTSHATI-IJAZ:p120, BURHAN:v1p278, BURHAN:v2p30, BURHAN:v2p372, BURHAN:v3p202, BURHAN:v3p211, BURHAN:v3p423#2, DAMGHANI:v1p166, IBNASHUR-FULL:v1p51#3, IBNJAWZI-NUZHA:v1p285, IBNKATHIR-FULL:v1p58 …
quotes 2:180: «ترك خيرا» in 15 segment(s): BURHAN:v2p30, BURHAN:v2p372, BURHAN:v3p211, DAMGHANI:v1p166, IBNJAWZI-NUZHA:v1p285, IBNKATHIR-FULL:v1p58, ITQAN:v2p305#2, ITQAN:v3p44, ITQAN:v3p94#2, ITQAN:v3p168, JISHUMI:v1p745, JISHUMI:v1p746 …
quotes 2:180: «خيرا الوصيه» in 11 segment(s): BURHAN:v2p30, BURHAN:v2p372, BURHAN:v3p211, IBNKATHIR-FULL:v1p58, ITQAN:v3p44, ITQAN:v3p94#2, ITQAN:v3p168, JISHUMI:v1p745, SAMARRAI-ASRAR:r8#4, SAMARRAI-LAMASAT-HALAQAT:p587, SAMARRAI-LAMASAT-HALAQAT:p614
quotes 2:180: «والاقربين بالمعروف» in 3 segment(s): JISHUMI:v1p745, SAMARRAI-ASRAR:r8#4, SAMARRAI-LAMASAT-HALAQAT:p587
quotes 2:180: «كتب عليكم اذا» in 9 segment(s): BURHAN:v2p293, IBNJAWZI-NUZHA:v1p514, IBNKATHIR-FULL:v1p58, ITQAN:v3p44, ITQAN:v3p59, ITQAN:v3p94#2, JISHUMI:v1p745, SAMARRAI-ASRAR:r8#4, SAMARRAI-LAMASAT-HALAQAT:p587
quotes 2:180: «عليكم اذا حضر» in 11 segment(s): BURHAN:v2p293, IBNJAWZI-NUZHA:v1p514, IBNKATHIR-FULL:v1p58, IBNQUTAYBA-MUSHKIL:v1p256, ITQAN:v3p44, ITQAN:v3p59, ITQAN:v3p94#2, JISHUMI:v1p745, JISHUMI:v1p746, SAMARRAI-ASRAR:r8#4, SAMARRAI-LAMASAT-HALAQAT:p587
quotes 2:180: «احدكم الموت ان» in 8 segment(s): BURHAN:v2p372, DAMGHANI:v1p166, IBNKATHIR-FULL:v1p58, ITQAN:v3p44, ITQAN:v3p94#2, JISHUMI:v1p745, SAMARRAI-ASRAR:r8#4, SAMARRAI-LAMASAT-HALAQAT:p587
quotes 2:185: 67 unique window(s): رمضان | وبينات | فليصمه | اليسر | ولتكملوا | ولتكبروا | شهر رمضان | رمضان الذي | انزل فيه | فيه القران | القران هدي | للناس وبينات | وبينات من | من الهديا | الهديا والفرقان | والفرقان فمن | فمن شهد | شهد منكم | منكم الشهر | الشهر فليصمه | فليصمه ومن | كان مريضا | اخر يريد | بكم اليسر | اليسر ولا | ولا يريد | يريد بكم | بكم العسر | العسر ولتكملوا | ولتكملوا العده | العده ولتكبروا | ولتكبروا الله | هدياكم ولعلكم | شهر رمضان الذي | رمضان الذي انزل | الذي انزل فيه | انزل فيه القران | فيه القران هدي | القران هدي للناس | هدي للناس وبينات | للناس وبينات من | وبينات من الهديا | من الهديا والفرقان | الهديا والفرقان فمن | والفرقان فمن شهد | فمن شهد منكم | شهد منكم الشهر | منكم الشهر فليصمه | الشهر فليصمه ومن | فليصمه ومن كان | ومن كان مريضا | كان مريضا او | ايام اخر يريد | اخر يريد الله | يريد الله بكم | الله بكم اليسر | بكم اليسر ولا | اليسر ولا يريد | ولا يريد بكم | يريد بكم العسر | بكم العسر ولتكملوا | العسر ولتكملوا العده | ولتكملوا العده ولتكبروا | العده ولتكبروا الله | ولتكبروا الله عليا | ما هدياكم ولعلكم | هدياكم ولعلكم تشكرون
NOTE quotes 2:185: window «رمضان» in 81 segments, too common alone; the longer windows that contain it are used instead
quotes 2:185: «وبينات» in 6 segment(s): BURHAN:v3p354, DAMGHANI:v1p357, IBNJAWZI-NUZHA:v1p459#2, JISHUMI:v1p764, JISHUMI:v1p766, SAMARRAI-LAMASAT-HALAQAT:p766
quotes 2:185: «فليصمه» in 12 segment(s): BINTSHATI-IJAZ:p194, BINTSHATI-IJAZ:p195, BURHAN:v1p115, BURHAN:v2p183, BURHAN:v3p165, BURHAN:v4p95, IBNJAWZI-NUZHA:v1p386, ITQAN:v3p53, ITQAN:v3p59, ITQAN:v3p98, JISHUMI:v1p764, JISHUMI:v1p766
quotes 2:185: «اليسر» in 20 segment(s): BINTSHATI-IJAZ:p194, BURHAN:v1p29, BURHAN:v4p97, DAMGHANI:v1p502, ITQAN:v1p48, JISHUMI:v1p764, JISHUMI:v1p766, JISHUMI:v1p768, JISHUMI:v1p803#2, JISHUMI:v1p876, JISHUMI:v2p1065, NASHR:v1p21#2 …
quotes 2:185: «ولتكملوا» in 6 segment(s): FARRA:v1p486, JISHUMI:v1p764, JISHUMI:v1p765, JISHUMI:v1p766, JISHUMI:v1p768, NASHR:v2p225#2
quotes 2:185: «ولتكبروا» in 4 segment(s): BURHAN:v2p137, ITQAN:v2p477, JISHUMI:v1p764, JISHUMI:v1p766
NOTE quotes 2:185: window «شهر رمضان» in 46 segments, too common alone; the longer windows that contain it are used instead
quotes 2:185: «رمضان الذي» in 10 segment(s): BURHAN:v1p228, BURHAN:v1p236, BURHAN:v4p95, ITQAN:v1p117, ITQAN:v1p118, ITQAN:v1p120, JISHUMI:v1p764, SAMARRAI-LAMASAT-HALAQAT:p766, SAMARRAI-LAMASAT-HALAQAT:p1041, WAHIDI-ASBAB:v1p15
quotes 2:185: «انزل فيه» in 15 segment(s): BURHAN:v1p228, BURHAN:v1p236, BURHAN:v4p95, ITQAN:v1p21, ITQAN:v1p89, ITQAN:v1p117, ITQAN:v1p118, ITQAN:v1p120, JISHUMI:v1p764, JISHUMI:v1p765, JISHUMI:v1p766, SAMARRAI-LAMASAT-HALAQAT:p766 …
quotes 2:185: «فيه القران» in 18 segment(s): ALUSI-FULL:v1p8, BAQILLANI:v1p32, BURHAN:v1p228, BURHAN:v1p236, BURHAN:v4p95, IBNKATHIR-FULL:v1p32, ITQAN:v1p117, ITQAN:v1p118, ITQAN:v1p120, ITQAN:v1p194, ITQAN:v1p276#2, ITQAN:v4p404#2 …
quotes 2:185: «القران هدي» in 4 segment(s): JISHUMI:v1p764, JISHUMI:v1p768, RIFAI-KHULI:c7, SAMARRAI-LAMASAT-HALAQAT:p766
quotes 2:185: «من الهديا» in 0 segment(s): 
quotes 2:185: «الهديا والفرقان» in 0 segment(s): 
quotes 2:185: «والفرقان فمن» in 1 segment(s): JISHUMI:v1p764
quotes 2:185: «فمن شهد» in 13 segment(s): BINTSHATI-IJAZ:p194, BINTSHATI-IJAZ:p195, BURHAN:v1p115, BURHAN:v2p183, BURHAN:v3p165, BURHAN:v4p95, FARRA:v1p486, IBNJAWZI-NUZHA:v1p386, ITQAN:v3p53, ITQAN:v3p59, ITQAN:v3p98, JISHUMI:v1p764 …
quotes 2:185: «شهد منكم» in 13 segment(s): BINTSHATI-IJAZ:p194, BINTSHATI-IJAZ:p195, BURHAN:v1p115, BURHAN:v2p183, BURHAN:v3p165, BURHAN:v4p95, FARRA:v1p486, IBNJAWZI-NUZHA:v1p386, ITQAN:v3p53, ITQAN:v3p59, ITQAN:v3p98, JISHUMI:v1p764 …
quotes 2:185: «منكم الشهر» in 14 segment(s): BINTSHATI-IJAZ:p194, BINTSHATI-IJAZ:p195, BURHAN:v1p115, BURHAN:v2p183, BURHAN:v3p165, BURHAN:v4p95, FARRA:v1p486, IBNJAWZI-NUZHA:v1p386, ITQAN:v3p53, ITQAN:v3p59, ITQAN:v3p98, JISHUMI:v1p764 …
quotes 2:185: «كان مريضا» in 7 segment(s): BINTSHATI-IJAZ:p194, BINTSHATI-IJAZ:p196, BURHAN:v1p115, IBNASHUR-FULL:v1p47, JISHUMI:v1p764, JISHUMI:v1p765, JISHUMI:v1p766
quotes 2:185: «اخر يريد» in 2 segment(s): BINTSHATI-IJAZ:p194, JISHUMI:v1p764
quotes 2:185: «ولا يريد» in 12 segment(s): BINTSHATI-IJAZ:p194, BURHAN:v2p62, BURHAN:v2p87, JISHUMI:v1p764, JISHUMI:v1p766, JURJANI-DALAIL:v1p276, RAZI-FULL:v1p64, SIBAWAYH:وذلكقولالعربسمعناهمنهمهومنىمنزلةالشغافوهومنىمنزلةالولد|#196, SIBAWAYH:(هذابابمجرىنعتالمعرفةعليها)#206, SIBAWAYH:تقولأتانيزيدالفاسقالخبيثلميردأنيكررهولايعرفكشيئاتنكره#230, SIBAWAYH:وذلك[قولك]هذانرجلانوعبداللهمنطلقين|وإنمانصبتالمنطلقين#234, SIBAWAYH:(هذابابإرادةاللفظبالحرفالواحد)#554
quotes 2:185: «يريد بكم» in 4 segment(s): BINTSHATI-IJAZ:p194, JISHUMI:v1p764, JISHUMI:v1p766, RAZI-FULL:v1p64
quotes 2:185: «بكم العسر» in 4 segment(s): BINTSHATI-IJAZ:p194, JISHUMI:v1p764, JISHUMI:v1p766, RAZI-FULL:v1p64
quotes 2:185: «هدياكم ولعلكم» in 0 segment(s): 
quotes 2:185: «يريد الله بكم» in 5 segment(s): BINTSHATI-IJAZ:p194, DAMGHANI:v1p502, JISHUMI:v1p764, JISHUMI:v1p766, RAZI-FULL:v1p64
quotes 2:200: 23 unique window(s): مناسككم | كذكركم | قضيتم مناسككم | مناسككم فاذكروا | الله كذكركم | كذكركم اباكم | اباكم او | اشد ذكرا | ذكرا فمن | فمن الناس | فاذا قضيتم مناسككم | قضيتم مناسككم فاذكروا | مناسككم فاذكروا الله | فاذكروا الله كذكركم | الله كذكركم اباكم | كذكركم اباكم او | اباكم او اشد | او اشد ذكرا | اشد ذكرا فمن | ذكرا فمن الناس | فمن الناس من | في الدنيا وما | الدنيا وما له
quotes 2:200: «مناسككم» in 9 segment(s): BURHAN:v1p255, IBNJAWZI-NUZHA:v1p506#2, ITQAN:v1p250#2, ITQAN:v2p414, ITQAN:v3p182#2, ITQAN:v4p431, JISHUMI:v1p826, NASHR:v1p280, SAMARRAI-LAMASAT-HALAQAT:p1041
quotes 2:200: «كذكركم» in 8 segment(s): BURHAN:v4p115, DAMGHANI:v1p180, FARRA:v1p486#2, IBNJAWZI-NUZHA:v1p301, ITQAN:v2p414, ITQAN:v3p182#2, JISHUMI:v1p826, SAMARRAI-LAMASAT-HALAQAT:p1041
quotes 2:200: «اباكم او» in 4 segment(s): BURHAN:v4p115, IBNJAWZI-NUZHA:v1p301, JISHUMI:v1p826, SAMARRAI-LAMASAT-HALAQAT:p1041
quotes 2:200: «اشد ذكرا» in 7 segment(s): BURHAN:v4p115, IBNJAWZI-NUZHA:v1p301, ITQAN:v1p251, JISHUMI:v1p826, NASHR:v1p279, NASHR:v2p80, SAMARRAI-LAMASAT-HALAQAT:p1041
quotes 2:200: «ذكرا فمن» in 1 segment(s): JISHUMI:v1p826
quotes 2:200: «فمن الناس» in 6 segment(s): BINTSHATI-IJAZ:p401, BINTSHATI-IJAZ:p502, BURHAN:v2p453, JISHUMI:v1p826, RAZI-FULL:v1p69#3, SIBAWAYH:(هذابابالإضافةإلىكلاسمكانآخرهياءوكانالحرفالذيقبلالياء#561
quotes 2:200: «في الدنيا وما» in 4 segment(s): BINTSHATI-IJAZ:p401, BURHAN:v4p282, HAMASA:v1p727, JISHUMI:v1p826
quotes 2:200: «الدنيا وما له» in 2 segment(s): BINTSHATI-IJAZ:p401, JISHUMI:v1p826
quotes 2:219: 33 unique window(s): واثمهما | نفعهما | عن الخمر | والميسر قل | قل فيهما | فيهما اثم | اثم كبير | كبير ومنافع | للناس واثمهما | واثمهما اكبر | من نفعهما | نفعهما ويسلونك | ويسلونك ماذا | قل العفو | العفو كذالك | يسلونك عن الخمر | عن الخمر والميسر | الخمر والميسر قل | والميسر قل فيهما | قل فيهما اثم | فيهما اثم كبير | اثم كبير ومنافع | كبير ومنافع للناس | ومنافع للناس واثمهما | للناس واثمهما اكبر | واثمهما اكبر من | اكبر من نفعهما | من نفعهما ويسلونك | نفعهما ويسلونك ماذا | ويسلونك ماذا ينفقون | ينفقون قل العفو | قل العفو كذالك | العفو كذالك يبين
quotes 2:219: «واثمهما» in 2 segment(s): JISHUMI:v1p876, JISHUMI:v1p879
quotes 2:219: «نفعهما» in 2 segment(s): JISHUMI:v1p876, JISHUMI:v1p879
quotes 2:219: «عن الخمر» in 7 segment(s): BURHAN:v4p52, ITQAN:v1p79#2, ITQAN:v2p577, ITQAN:v3p302, ITQAN:v4p395, JISHUMI:v1p876, JISHUMI:v1p879
quotes 2:219: «والميسر قل» in 1 segment(s): JISHUMI:v1p876
quotes 2:219: «قل فيهما» in 2 segment(s): JISHUMI:v1p876, JISHUMI:v1p879
quotes 2:219: «فيهما اثم» in 1 segment(s): JISHUMI:v1p876
quotes 2:219: «اثم كبير» in 4 segment(s): JISHUMI:v1p876, JISHUMI:v1p879, JISHUMI:v1p881, NASHR:v2p226
quotes 2:219: «كبير ومنافع» in 1 segment(s): JISHUMI:v1p876
quotes 2:219: «ويسلونك ماذا» in 0 segment(s): 
quotes 2:219: «قل العفو» in 12 segment(s): DAMGHANI:v1p325, FARRA:v1p486#2, IBNJAWZI-NUZHA:v1p436, ITQAN:v2p305#2, ITQAN:v2p421, ITQAN:v2p516, ITQAN:v2p577, JISHUMI:v1p731, JISHUMI:v1p876, JISHUMI:v1p879, NASHR:v2p159, NASHR:v2p226
quotes 2:219: «العفو كذالك» in 0 segment(s): 
quotes 2:258: 63 unique window(s): واميت | بالشمس | المغرب | فبهت | الي الذي | الذي حاج | حاج ابراهم | ابراهم في | في ربه | ان اتياه | الملك اذ | ابراهم ربي | ربي الذي | ويميت قال | انا احي | احي واميت | واميت قال | ابراهم فان | الله ياتي | ياتي بالشمس | بالشمس من | من المشرق | المشرق فات | من المغرب | المغرب فبهت | فبهت الذي | كفر والله | تر الي الذي | الي الذي حاج | الذي حاج ابراهم | حاج ابراهم في | ابراهم في ربه | في ربه ان | ربه ان اتياه | ان اتياه الله | اتياه الله الملك | الله الملك اذ | الملك اذ قال | اذ قال ابراهم | قال ابراهم ربي | ابراهم ربي الذي | ربي الذي يحي | يحي ويميت قال | ويميت قال انا | قال انا احي | انا احي واميت | احي واميت قال | واميت قال ابراهم | قال ابراهم فان | ابراهم فان الله | فان الله ياتي | الله ياتي بالشمس | ياتي بالشمس من | بالشمس من المشرق | من المشرق فات | المشرق فات بها | فات بها من | بها من المغرب | من المغرب فبهت | المغرب فبهت الذي | فبهت الذي كفر | الذي كفر والله | كفر والله لا
quotes 2:258: «واميت» in 8 segment(s): BURHAN:v3p299, BURHAN:v4p112, ITQAN:v4p359, ITQAN:v4p382#2, JISHUMI:v2p1007, JISHUMI:v2p1008, JISHUMI:v2p1009, JISHUMI:v2p1018
quotes 2:258: «بالشمس» in 11 segment(s): BURHAN:v4p112, ITQAN:v4p359, JISHUMI:v1p578, JISHUMI:v1p686, JISHUMI:v2p1007, JISHUMI:v2p1008, JURJANI-ASRAR:v1p72, JURJANI-ASRAR:v1p73, JURJANI-ASRAR:v1p192, JURJANI-ASRAR:v1p222, NASHR:v2p192
NOTE quotes 2:258: window «المغرب» in 51 segments, too common alone; the longer windows that contain it are used instead
quotes 2:258: «فبهت» in 8 segment(s): BURHAN:v1p352, DAMGHANI:v1p78, DAMGHANI:v1p472, ITQAN:v1p223, ITQAN:v2p543#2, JISHUMI:v2p1007, JISHUMI:v2p1009, NASHR:v1p229
quotes 2:258: «الي الذي» in 20 segment(s): BURHAN:v1p45, BURHAN:v1p102, BURHAN:v1p155, BURHAN:v2p339, BURHAN:v4p112, BURHAN:v4p227, DAMGHANI:v1p189, FARRA:v1p489, IBNJAWZI-NUZHA:v1p319, ITQAN:v2p410, ITQAN:v4p382#2, JISHUMI:v2p1007 …
quotes 2:258: «الذي حاج» in 14 segment(s): BURHAN:v1p45, BURHAN:v1p102, BURHAN:v1p155, BURHAN:v2p339, BURHAN:v4p112, BURHAN:v4p227, DAMGHANI:v1p189, FARRA:v1p489, IBNJAWZI-NUZHA:v1p319, ITQAN:v2p410, ITQAN:v4p382#2, ITQAN:v4p384 …
quotes 2:258: «حاج ابراهم» in 0 segment(s): 
quotes 2:258: «ابراهم في» in 1 segment(s): SAMARRAI-LAMASAT-HALAQAT:p965
quotes 2:258: «في ربه» in 15 segment(s): BINTSHATI-IJAZ:p272, BURHAN:v1p102, BURHAN:v1p155, BURHAN:v2p339, BURHAN:v4p41, BURHAN:v4p112, BURHAN:v4p227, DAMGHANI:v1p189, IBNJAWZI-NUZHA:v1p319, ITQAN:v2p410, ITQAN:v4p382#2, ITQAN:v4p384 …
quotes 2:258: «ان اتياه» in 0 segment(s): 
quotes 2:258: «الملك اذ» in 1 segment(s): JISHUMI:v2p1007
quotes 2:258: «ابراهم ربي» in 0 segment(s): 
quotes 2:258: «ربي الذي» in 7 segment(s): BURHAN:v4p112, ITQAN:v3p134, ITQAN:v3p155#2, ITQAN:v4p359, JISHUMI:v2p1007, JISHUMI:v2p1008, NASHR:v2p236
quotes 2:258: «ويميت قال» in 2 segment(s): BURHAN:v4p112, JISHUMI:v2p1007
quotes 2:258: «انا احي» in 0 segment(s): 
quotes 2:258: «ابراهم فان» in 0 segment(s): 
quotes 2:258: «الله ياتي» in 5 segment(s): BURHAN:v4p112, ITQAN:v4p359, JISHUMI:v2p1007, JISHUMI:v2p1008, NASHR:v2p192
quotes 2:258: «من المشرق» in 10 segment(s): BURHAN:v4p112, DAMGHANI:v1p306, IBNQUTAYBA-MUSHKIL:v1p55, ITQAN:v3p13, ITQAN:v3p120#2, ITQAN:v4p359, JISHUMI:v2p1007, JISHUMI:v2p1008, RAZI-FULL:v1p36#2, YKHULI-TAJDID:c3
quotes 2:258: «المشرق فات» in 3 segment(s): BURHAN:v4p112, ITQAN:v4p359, JISHUMI:v2p1007
quotes 2:258: «من المغرب» in 5 segment(s): BURHAN:v4p112, ITQAN:v4p359, JISHUMI:v2p1007, JISHUMI:v2p1008, NASHR:v1p35
quotes 2:258: «كفر والله» in 4 segment(s): BURHAN:v1p352, DAMGHANI:v1p472, JISHUMI:v2p1007, NASHR:v1p229
quotes 2:258: «اتياه الله الملك» in 0 segment(s): 
quotes 2:258: «اذ قال ابراهم» in 0 segment(s): 
quotes 2:258: «فات بها من» in 4 segment(s): BURHAN:v4p112, ITQAN:v4p359, JISHUMI:v2p1007, JISHUMI:v2p1008
quotes 2:280: 21 unique window(s): عسره | فنظره | ميسره | تصدقوا | كان ذو | ذو عسره | عسره فنظره | فنظره اليا | اليا ميسره | ميسره وان | وان تصدقوا | تصدقوا خير | وان كان ذو | كان ذو عسره | ذو عسره فنظره | عسره فنظره اليا | فنظره اليا ميسره | اليا ميسره وان | ميسره وان تصدقوا | وان تصدقوا خير | تصدقوا خير لكم
quotes 2:280: «عسره» in 14 segment(s): BURHAN:v1p15, BURHAN:v3p152, IBNJAWZI-NUZHA:v1p454#3, IBNJAWZI-NUZHA:v1p517, ITQAN:v2p490#2, ITQAN:v4p463, JISHUMI:v2p1065, JISHUMI:v2p1066, KHATTABI:v1p42, NASHR:v2p215, NASHR:v2p235#2, SAMARRAI-LAMASAT-HALAQAT:p627 …
quotes 2:280: «فنظره» in 8 segment(s): DAMGHANI:v1p456, IBNQUTAYBA-MUSHKIL:v1p31, ITQAN:v2p471, JISHUMI:v2p1065, NASHR:v2p215, SAMARRAI-LAMASAT-HALAQAT:p627, SIBAWAYH:فالبدلأنتقولضربعبداللهظهرهوبطنهوضربزيدالظهروالبطنوقلب#71, SIBAWAYH:(هذاباباشتقاقكالأسماءلمواضعبناتالثلاثةالتيليستفيهازيادة#698
quotes 2:280: «ميسره» in 32 segment(s): BURHAN:v1p207, BURHAN:v1p283, BURHAN:v1p334, DAMGHANI:v1p456, DURR-FULL:v1p9, IBNJAWZI-ZAD:v1p9, IBNKATHIR-FULL:v1p60, IBNMUJAHID:v1p65, IBNMUJAHID:v1p92, IBNMUJAHID:v1p96, IBNQUTAYBA-MUSHKIL:v1p31, ITQAN:v1p76 …
quotes 2:280: «تصدقوا» in 9 segment(s): BURHAN:v1p350, BURHAN:v4p108, IBNQUTAYBA-MUSHKIL:v1p263, ITQAN:v2p333#4, JISHUMI:v1p863, JISHUMI:v2p1065, JISHUMI:v2p1066, NASHR:v2p235#2, SAMARRAI-LAMASAT-HALAQAT:p627
quotes 2:280: «كان ذو» in 8 segment(s): IBNJAWZI-NUZHA:v1p517, ITQAN:v2p490#2, JISHUMI:v2p1065, JISHUMI:v2p1066, NASHR:v2p215, SAMARRAI-LAMASAT-HALAQAT:p627, SAMARRAI-LAMASAT-HALAQAT:p973, SIBAWAYH:فالبدلأنتقولضربعبداللهظهرهوبطنهوضربزيدالظهروالبطنوقلب#71
quotes 2:286: 77 unique window(s): اكتسبت | تواخذنا | نسينا | اخطانا | اصرا | تحملنا | واعف | فانصرنا | وسعها لها | كسبت وعليها | وعليها ما | ما اكتسبت | اكتسبت ربنا | لا تواخذنا | تواخذنا ان | ان نسينا | نسينا او | او اخطانا | اخطانا ربنا | ربنا ولا | ولا تحمل | تحمل علينا | علينا اصرا | اصرا كما | كما حملته | حملته علي | قبلنا ربنا | ربنا ولا | ولا تحملنا | تحملنا ما | لنا به | به واعف | واعف عنا | عنا واغفر | وارحمنا انت | انت موليانا | موليانا فانصرنا | فانصرنا علي | الا وسعها لها | وسعها لها ما | ما كسبت وعليها | كسبت وعليها ما | وعليها ما اكتسبت | ما اكتسبت ربنا | اكتسبت ربنا لا | ربنا لا تواخذنا | لا تواخذنا ان | تواخذنا ان نسينا | ان نسينا او | نسينا او اخطانا | او اخطانا ربنا | اخطانا ربنا ولا | ربنا ولا تحمل | ولا تحمل علينا | تحمل علينا اصرا | علينا اصرا كما | اصرا كما حملته | كما حملته علي | حملته علي الذين | الذين من قبلنا | من قبلنا ربنا | قبلنا ربنا ولا | ربنا ولا تحملنا | ولا تحملنا ما | تحملنا ما لا | ما لا طاقه | طاقه لنا به | لنا به واعف | به واعف عنا | واعف عنا واغفر | عنا واغفر لنا | واغفر لنا وارحمنا | لنا وارحمنا انت | وارحمنا انت موليانا | انت موليانا فانصرنا | موليانا فانصرنا علي | فانصرنا علي القوم
quotes 2:286: «اكتسبت» in 11 segment(s): BINTSHATI-IJAZ:p598, BURHAN:v2p55, BURHAN:v2p501, BURHAN:v3p34, BURHAN:v3p225, ITQAN:v3p236#3, JISHUMI:v2p1088#2, JISHUMI:v2p1089, JURJANI-ASRAR:v1p32, NASHR:v1p237, SAMARRAI-LAMASAT-HALAQAT:p1078
quotes 2:286: «تواخذنا» in 9 segment(s): BURHAN:v4p163, BURHAN:v4p353, DAMGHANI:v1p157, IBNJAWZI-NUZHA:v1p271, ITQAN:v2p500, JISHUMI:v2p1088#2, JISHUMI:v2p1089, JISHUMI:v2p1090, NASHR:v1p340
quotes 2:286: «نسينا» in 6 segment(s): BURHAN:v4p163, BURHAN:v4p353, DAMGHANI:v1p157, IBNJAWZI-NUZHA:v1p271, JISHUMI:v2p1088#2, JISHUMI:v2p1089
quotes 2:286: «اخطانا» in 7 segment(s): BURHAN:v4p163, BURHAN:v4p353, DAMGHANI:v1p157, DAMGHANI:v1p291, IBNJAWZI-NUZHA:v1p271, JISHUMI:v2p1088#2, JISHUMI:v2p1089
quotes 2:286: «اصرا» in 5 segment(s): FARRA:v1p489, IBNJAWZI-NUZHA:v1p92, JISHUMI:v2p1088#2, JISHUMI:v2p1089, NASHR:v2p93
quotes 2:286: «تحملنا» in 4 segment(s): BINTSHATI-IJAZ:p197, ITQAN:v4p491, JISHUMI:v2p1088#2, JISHUMI:v2p1089
quotes 2:286: «واعف» in 2 segment(s): JISHUMI:v2p1088#2, JISHUMI:v2p1089
quotes 2:286: «فانصرنا» in 8 segment(s): ITQAN:v1p229#2, JISHUMI:v2p1088#2, JISHUMI:v2p1089, JISHUMI:v2p1090, NASHR:v1p230, SAMARRAI-ASRAR:r12#3, SAMARRAI-ASRAR-MUH:p123, SAMARRAI-LAMASAT-HALAQAT:p571
quotes 2:286: «وسعها لها» in 2 segment(s): BURHAN:v3p225, JISHUMI:v2p1088#2
quotes 2:286: «كسبت وعليها» in 6 segment(s): BURHAN:v2p55, BURHAN:v3p34, BURHAN:v3p225, ITQAN:v3p236#3, JISHUMI:v2p1088#2, NASHR:v1p237
quotes 2:286: «وعليها ما» in 7 segment(s): BURHAN:v2p55, BURHAN:v3p34, BURHAN:v3p225, ITQAN:v3p236#3, JISHUMI:v2p1088#2, JISHUMI:v2p1089, NASHR:v1p237
quotes 2:286: «ربنا ولا» in 5 segment(s): BINTSHATI-IJAZ:p197, IBNJAWZI-NUZHA:v1p92, ITQAN:v4p491, JISHUMI:v2p1088#2, JISHUMI:v2p1089
quotes 2:286: «ولا تحمل» in 5 segment(s): FARRA:v1p489, IBNJAWZI-NUZHA:v1p92, JISHUMI:v2p1088#2, JISHUMI:v2p1089, SIBAWAYH:(هذابابينتصبفيهالخبربعدالأحرفالخمسة)#274
quotes 2:286: «تحمل علينا» in 4 segment(s): FARRA:v1p489, IBNJAWZI-NUZHA:v1p92, JISHUMI:v2p1088#2, JISHUMI:v2p1089
quotes 2:286: «كما حملته» in 3 segment(s): JISHUMI:v2p1088#2, JISHUMI:v2p1089, SIBAWAYH:ليستمنأمثلةالفعلالحادثولكنهابمنزلةالأسماءالمفردالتىكانت#97
quotes 2:286: «حملته علي» in 24 segment(s): BINTSHATI-IJAZ:p76, BURHAN:v3p365, ITQAN:v1p234, JISHUMI:v2p1088#2, JISHUMI:v2p1089, SIBAWAYH:وذلكالحرفما|تقولماعبداللهأخاكومازيدمنطلقا|وأمابنوتميم#38, SIBAWAYH:أىذلكفعلتجازفإنحملتهعلىالاسمالذىبنىعليهالفعلكانبمنزلته#54, SIBAWAYH:وذلكقولكزيدكممرةرأيتهوعبداللههللقيتهوعمروهلالقيتهوكذلك#63, SIBAWAYH:وهىحروفالنفىشبهوهابحروفالاستفهامحيثقدمالاسمقبلالفعللأنهن#67, SIBAWAYH:فيرتفعكماينتصبإذاشغلتالفعلبهوينتصبإذاشغلتالفعلبغيره#89, SIBAWAYH:ليستمنأمثلةالفعلالحادثولكنهابمنزلةالأسماءالمفردالتىكانت#97, SIBAWAYH:وذلكقولكإياكأنتنفسكأنتفعلوإياكنفسكأنتفعل|فإنعنيتالفاعل#109 …
quotes 2:286: «قبلنا ربنا» in 1 segment(s): JISHUMI:v2p1088#2
quotes 2:286: «ربنا ولا» in 5 segment(s): BINTSHATI-IJAZ:p197, IBNJAWZI-NUZHA:v1p92, ITQAN:v4p491, JISHUMI:v2p1088#2, JISHUMI:v2p1089
quotes 2:286: «لنا به» in 5 segment(s): BINTSHATI-IJAZ:p197, DAMGHANI:v1p365, ITQAN:v4p491, JISHUMI:v2p1088#2, JISHUMI:v2p1089
quotes 2:286: «عنا واغفر» in 2 segment(s): JISHUMI:v2p1088#2, JISHUMI:v2p1089
quotes 2:286: «وارحمنا انت» in 3 segment(s): ITQAN:v1p229#2, JISHUMI:v2p1088#2, NASHR:v1p230
quotes 2:286: «انت موليانا» in 0 segment(s): 
quotes 2:286: «الذين من قبلنا» in 9 segment(s): IBNHIBBAN:v1p350, IBNHIBBAN:5069, JISHUMI:v2p1088#2, JISHUMI:v2p1089, MUSLIM:329, MUSLIM:330, MUSNAD-AHMAD:2070, MUSNAD-AHMAD:9344, TIRMIDHI:2992
quotes 2:286: «ما لا طاقه» in 9 segment(s): BINTSHATI-IJAZ:p197, IBNHIBBAN:v1p350, ITQAN:v4p491, JISHUMI:v2p1088#2, JISHUMI:v2p1089, MUSLIM:329, MUSNAD-AHMAD:2070, MUSNAD-AHMAD:9344, TIRMIDHI:2992
quotes 2:286: «واغفر لنا وارحمنا» in 7 segment(s): IBNHIBBAN:v1p350, JISHUMI:v2p1088#2, MUSLIM:329, MUSLIM:330, MUSNAD-AHMAD:2070, MUSNAD-AHMAD:9344, TIRMIDHI:2992
quotes 3:5: 6 unique window(s): يخفيا عليه | عليه شي | الله لا يخفيا | لا يخفيا عليه | يخفيا عليه شي | عليه شي في
quotes 3:5: «يخفيا عليه» in 0 segment(s): 
quotes 3:5: «عليه شي» in 25 segment(s): BURHAN:v1p231, BURHAN:v1p234, BURHAN:v2p51, BURHAN:v3p256, BURHAN:v3p268#2, ITQAN:v2p305#2, ITQAN:v3p258#2, JISHUMI:v1p548, JISHUMI:v1p593, JISHUMI:v1p640, JISHUMI:v1p750#2, JISHUMI:v2p998 …
quotes 3:5: «الله لا يخفيا» in 0 segment(s): 
quotes 3:49: 62 unique window(s): ورسولا | اخلق | فانفخ | وابري | واحي | وانبيكم | تدخرون | ورسولا اليا | جيتكم بايه | ربكم اني | اني اخلق | اخلق لكم | الطير فانفخ | فانفخ فيه | فيه فيكون | فيكون طيرا | طيرا باذن | الله وابري | وابري الاكمه | والابرص واحي | واحي الموتيا | الموتيا باذن | الله وانبيكم | وانبيكم بما | بما تاكلون | تاكلون وما | وما تدخرون | تدخرون في | بيوتكم ان | ورسولا اليا بني | بني اسرايل اني | اسرايل اني قد | اني قد جيتكم | قد جيتكم بايه | جيتكم بايه من | من ربكم اني | ربكم اني اخلق | اني اخلق لكم | اخلق لكم من | لكم من الطين | كهيه الطير فانفخ | الطير فانفخ فيه | فانفخ فيه فيكون | فيه فيكون طيرا | فيكون طيرا باذن | طيرا باذن الله | باذن الله وابري | الله وابري الاكمه | وابري الاكمه والابرص | الاكمه والابرص واحي | والابرص واحي الموتيا | واحي الموتيا باذن | الموتيا باذن الله | باذن الله وانبيكم | الله وانبيكم بما | وانبيكم بما تاكلون | بما تاكلون وما | تاكلون وما تدخرون | وما تدخرون في | تدخرون في بيوتكم | في بيوتكم ان | بيوتكم ان في
quotes 3:49: «ورسولا» in 4 segment(s): BAQILLANI:v1p59, BURHAN:v1p75, BURHAN:v2p424, SAMARRAI-LAMASAT-HALAQAT:p1030
quotes 3:49: «اخلق» in 12 segment(s): ALUSI-FULL:v1p32, BINTSHATI-IJAZ:p237, IBNQUTAYBA-MUSHKIL:v1p123, JURJANI-ASRAR:v1p222, NASHR:v2p163#2, NASHR:v2p240, NASHR:v2p246#2, SAMARRAI-LAMASAT-HALAQAT:p829, SAMARRAI-LAMASAT-HALAQAT:p875, SAMARRAI-LAMASAT-HALAQAT:p966, SAMARRAI-LAMASAT-HALAQAT:p1030, SIBAWAYH:(هذابابمايبنىعلىأفعل)#673
quotes 3:49: «فانفخ» in 4 segment(s): FARRA:v1p491, ITQAN:v2p489, NASHR:v2p240, SAMARRAI-LAMASAT-HALAQAT:p1030
quotes 3:49: «وابري» in 1 segment(s): SAMARRAI-LAMASAT-HALAQAT:p1030
quotes 3:49: «واحي» in 1 segment(s): SIBAWAYH:(هذابابالتضعيففيبناتالواو)#797
quotes 3:49: «وانبيكم» in 1 segment(s): SAMARRAI-LAMASAT-HALAQAT:p1030
quotes 3:49: «تدخرون» in 4 segment(s): FARRA:v1p491, SAMARRAI-ASRAR-MUH:p4, SAMARRAI-LAMASAT-HALAQAT:p455, SAMARRAI-LAMASAT-HALAQAT:p1030
quotes 3:49: «جيتكم بايه» in 1 segment(s): SAMARRAI-LAMASAT-HALAQAT:p1030
quotes 3:49: «ربكم اني» in 1 segment(s): SAMARRAI-LAMASAT-HALAQAT:p1030
quotes 3:49: «فيه فيكون» in 5 segment(s): BURHAN:v2p344, BURHAN:v4p190, JURJANI-ASRAR:v1p60, NASHR:v2p240, SAMARRAI-LAMASAT-HALAQAT:p1030
quotes 3:49: «فيكون طيرا» in 2 segment(s): NASHR:v2p240, SAMARRAI-LAMASAT-HALAQAT:p1030
quotes 3:49: «طيرا باذن» in 1 segment(s): SAMARRAI-LAMASAT-HALAQAT:p1030
quotes 3:49: «الموتيا باذن» in 0 segment(s): 
quotes 3:49: «بما تاكلون» in 1 segment(s): SAMARRAI-LAMASAT-HALAQAT:p1030
quotes 3:49: «تاكلون وما» in 1 segment(s): SAMARRAI-LAMASAT-HALAQAT:p1030
quotes 3:49: «بيوتكم ان» in 1 segment(s): SAMARRAI-LAMASAT-HALAQAT:p1030
quotes 3:49: «بني اسرايل اني» in 0 segment(s): 
quotes 3:49: «اسرايل اني قد» in 0 segment(s): 
quotes 3:49: «اني قد جيتكم» in 3 segment(s): IBNHISHAM:v1p581, MUSNAD-AHMAD:2380, SAMARRAI-LAMASAT-HALAQAT:p1030
quotes 3:49: «لكم من الطين» in 5 segment(s): IBNHISHAM:v1p581, NASHR:v2p163#2, SAMARRAI-LAMASAT-HALAQAT:p875, SAMARRAI-LAMASAT-HALAQAT:p966, SAMARRAI-LAMASAT-HALAQAT:p1030
quotes 3:64: 40 unique window(s): الكتاب تعالوا | اليا كلمه | كلمه سوا | سوا بيننا | وبينكم الا | الا نعبد | نعبد الا | ولا نشرك | نشرك به | ولا يتخذ | يتخذ بعضنا | بعضنا بعضا | بعضا اربابا | تولوا فقولوا | فقولوا اشهدوا | اشهدوا بانا | يااهل الكتاب تعالوا | الكتاب تعالوا اليا | تعالوا اليا كلمه | اليا كلمه سوا | كلمه سوا بيننا | سوا بيننا وبينكم | بيننا وبينكم الا | وبينكم الا نعبد | الا نعبد الا | نعبد الا الله | الله ولا نشرك | ولا نشرك به | نشرك به شيا | به شيا ولا | شيا ولا يتخذ | ولا يتخذ بعضنا | يتخذ بعضنا بعضا | بعضنا بعضا اربابا | بعضا اربابا من | دون الله فان | فان تولوا فقولوا | تولوا فقولوا اشهدوا | فقولوا اشهدوا بانا | اشهدوا بانا مسلمون
quotes 3:64: «الكتاب تعالوا» in 9 segment(s): BINTSHATI-IJAZ:p394, BURHAN:v1p205, BURHAN:v1p481, DAMGHANI:v1p251, DAMGHANI:v1p401, DAMGHANI:v1p408, IBNJAWZI-NUZHA:v1p163#2, IBNJAWZI-NUZHA:v1p525, ITQAN:v1p57
quotes 3:64: «اليا كلمه» in 0 segment(s): 
quotes 3:64: «كلمه سوا» in 13 segment(s): BINTSHATI-IJAZ:p394, BINTSHATI-IJAZ:p454, BURHAN:v1p205, BURHAN:v1p481, BURHAN:v4p174, DAMGHANI:v1p251, DAMGHANI:v1p401, DAMGHANI:v1p408, FARRA:v1p491, IBNJAWZI-NUZHA:v1p163#2, IBNJAWZI-NUZHA:v1p359, IBNJAWZI-NUZHA:v1p525 …
quotes 3:64: «سوا بيننا» in 11 segment(s): BINTSHATI-IJAZ:p393, BINTSHATI-IJAZ:p394, BINTSHATI-IJAZ:p454, BURHAN:v1p205, BURHAN:v4p174, DAMGHANI:v1p251, DAMGHANI:v1p408, IBNJAWZI-NUZHA:v1p163#2, IBNJAWZI-NUZHA:v1p359, IBNJAWZI-NUZHA:v1p525, ITQAN:v2p356
quotes 3:64: «وبينكم الا» in 1 segment(s): BINTSHATI-IJAZ:p394
quotes 3:64: «الا نعبد» in 1 segment(s): BINTSHATI-IJAZ:p394
quotes 3:64: «نعبد الا» in 2 segment(s): BINTSHATI-IJAZ:p394, JISHUMI:v1p591
quotes 3:64: «ولا نشرك» in 2 segment(s): BINTSHATI-IJAZ:p394, JISHUMI:v1p613
quotes 3:64: «نشرك به» in 1 segment(s): BINTSHATI-IJAZ:p394
quotes 3:64: «ولا يتخذ» in 1 segment(s): BINTSHATI-IJAZ:p394
quotes 3:64: «يتخذ بعضنا» in 1 segment(s): BINTSHATI-IJAZ:p394
quotes 3:64: «بعضنا بعضا» in 1 segment(s): BINTSHATI-IJAZ:p394
quotes 3:64: «بعضا اربابا» in 1 segment(s): BINTSHATI-IJAZ:p394
quotes 3:64: «تولوا فقولوا» in 1 segment(s): BINTSHATI-IJAZ:p394
quotes 3:64: «فقولوا اشهدوا» in 1 segment(s): BINTSHATI-IJAZ:p394
quotes 3:64: «اشهدوا بانا» in 2 segment(s): BINTSHATI-IJAZ:p394, BURHAN:v1p116
quotes 3:64: «به شيا ولا» in 0 segment(s): 
quotes 3:64: «دون الله فان» in 7 segment(s): BINTSHATI-IJAZ:p394, BUKHARI:7, BUKHARI:2940, BUKHARI:2941, IBNHISHAM:v1p583, MUSLIM:4607, MUSNAD-AHMAD:2370
quotes 4:36: 41 unique window(s): وبذي | والجار | والجار | الجنب | والصاحب | بالجنب | مختالا | فخورا | واعبدوا الله | ولا تشركوا | احسانا وبذي | وبذي القربيا | والمساكين والجار | والجار ذي | القربيا والجار | والجار الجنب | الجنب والصاحب | والصاحب بالجنب | بالجنب وابن | كان مختالا | مختالا فخورا | واعبدوا الله ولا | الله ولا تشركوا | ولا تشركوا به | وبالوالدين احسانا وبذي | احسانا وبذي القربيا | وبذي القربيا واليتاميا | واليتاميا والمساكين والجار | والمساكين والجار ذي | والجار ذي القربيا | ذي القربيا والجار | القربيا والجار الجنب | والجار الجنب والصاحب | الجنب والصاحب بالجنب | والصاحب بالجنب وابن | بالجنب وابن السبيل | السبيل وما ملكت | وما ملكت ايمانكم | ملكت ايمانكم ان | من كان مختالا | كان مختالا فخورا
quotes 4:36: «وبذي» in 4 segment(s): DAMGHANI:v1p374, NASHR:v1p216, SAMARRAI-ASRAR-MUH:p83, SAMARRAI-LAMASAT-HALAQAT:p533
quotes 4:36: «والجار» in 18 segment(s): BINTSHATI-IJAZ:p460, BURHAN:v2p131, BURHAN:v2p435, BURHAN:v3p235, BURHAN:v4p90, DAMGHANI:v1p106, ITQAN:v2p307#2, ITQAN:v2p469#2, SAMARRAI-ASRAR:r4, SAMARRAI-ASRAR-MUH:p25, SAMARRAI-ASRAR-MUH:p83, SAMARRAI-LAMASAT:p148 …
quotes 4:36: «والجار» in 18 segment(s): BINTSHATI-IJAZ:p460, BURHAN:v2p131, BURHAN:v2p435, BURHAN:v3p235, BURHAN:v4p90, DAMGHANI:v1p106, ITQAN:v2p307#2, ITQAN:v2p469#2, SAMARRAI-ASRAR:r4, SAMARRAI-ASRAR-MUH:p25, SAMARRAI-ASRAR-MUH:p83, SAMARRAI-LAMASAT:p148 …
quotes 4:36: «الجنب» in 16 segment(s): BURHAN:v1p458#2, BURHAN:v2p3, BURHAN:v2p131, BURHAN:v3p432, BURHAN:v4p90, DAMGHANI:v1p106, ITQAN:v1p279#3, ITQAN:v2p307#2, ITQAN:v3p19, ITQAN:v4p340#2, MAJAZ:v2p406#2, SAMARRAI-ASRAR-MUH:p83 …
quotes 4:36: «والصاحب» in 11 segment(s): BURHAN:v2p131, DAMGHANI:v1p106, DAMGHANI:v1p274, IBNJAWZI-NUZHA:v1p188, IBNJAWZI-NUZHA:v1p392, ITQAN:v2p307#2, NASHR:v1p299, NASHR:v2p248, SAMARRAI-ASRAR-MUH:p83, SAMARRAI-LAMASAT-HALAQAT:p533, SIBAWAYH:شبهوهبمايشبهمنالأسماءبالمصادرنحوقولكفاهms167إلىفىوليسبالفاعل#190
quotes 4:36: «بالجنب» in 10 segment(s): BURHAN:v2p131, DAMGHANI:v1p106, DAMGHANI:v1p274, IBNJAWZI-NUZHA:v1p392, ITQAN:v2p307#2, NASHR:v1p299, NASHR:v2p248, SAMARRAI-ASRAR-MUH:p83, SAMARRAI-LAMASAT-HALAQAT:p533, SAMARRAI-LAMASAT-HALAQAT:p771
quotes 4:36: «مختالا» in 3 segment(s): IBNJAWZI-NUZHA:v1p482, SAMARRAI-ASRAR-MUH:p83, SAMARRAI-LAMASAT-HALAQAT:p533
quotes 4:36: «فخورا» in 2 segment(s): SAMARRAI-ASRAR-MUH:p83, SAMARRAI-LAMASAT-HALAQAT:p533
quotes 4:36: «واعبدوا الله» in 9 segment(s): BURHAN:v1p223, DAMGHANI:v1p261, DAMGHANI:v1p314, FARRA:v1p493, IBNJAWZI-NUZHA:v1p371, IBNJAWZI-NUZHA:v1p431#2, SAMARRAI-ASRAR-MUH:p83, SAMARRAI-LAMASAT-HALAQAT:p103, SAMARRAI-LAMASAT-HALAQAT:p533
quotes 4:36: «ولا تشركوا» in 10 segment(s): BAQILLANI:v1p130, DAMGHANI:v1p261, FARRA:v1p493, IBNJAWZI-NUZHA:v1p371, IBNJAWZI-NUZHA:v1p431#2, SAMARRAI-ASRAR-MUH:p83, SAMARRAI-ASRAR-MUH:p116, SAMARRAI-LAMASAT-HALAQAT:p103, SAMARRAI-LAMASAT-HALAQAT:p533, SAMARRAI-LAMASAT-HALAQAT:p565
quotes 4:36: «السبيل وما ملكت» in 2 segment(s): SAMARRAI-ASRAR-MUH:p83, SAMARRAI-LAMASAT-HALAQAT:p533
quotes 4:36: «وما ملكت ايمانكم» in 12 segment(s): BURHAN:v2p49, IBNMAJAH:1625, IBNMAJAH:2697, IBNMAJAH:2698, MUSNAD-AHMAD:693, MUSNAD-AHMAD:12169, MUSNAD-AHMAD:26483, MUSNAD-AHMAD:26657, MUSNAD-AHMAD:26684, MUSNAD-AHMAD:26727, SAMARRAI-ASRAR-MUH:p83, SAMARRAI-LAMASAT-HALAQAT:p533
quotes 4:36: «ملكت ايمانكم ان» in 2 segment(s): SAMARRAI-ASRAR-MUH:p83, SAMARRAI-LAMASAT-HALAQAT:p533
quotes 4:42: 20 unique window(s): تسويا | يوميذ يود | كفروا وعصوا | وعصوا الرسول | الرسول لو | لو تسويا | تسويا بهم | ولا يكتمون | يكتمون الله | يوميذ يود الذين | الذين كفروا وعصوا | كفروا وعصوا الرسول | وعصوا الرسول لو | الرسول لو تسويا | لو تسويا بهم | تسويا بهم الارض | بهم الارض ولا | الارض ولا يكتمون | ولا يكتمون الله | يكتمون الله حديثا
quotes 4:42: «تسويا» in 0 segment(s): 
quotes 4:42: «يوميذ يود» in 2 segment(s): DAMGHANI:v1p30, IBNJAWZI-NUZHA:v1p169
quotes 4:42: «كفروا وعصوا» in 3 segment(s): DAMGHANI:v1p30, IBNJAWZI-NUZHA:v1p169, ITQAN:v3p72
quotes 4:42: «وعصوا الرسول» in 4 segment(s): DAMGHANI:v1p30, IBNJAWZI-NUZHA:v1p169, ITQAN:v3p72, NASHR:v2p122
quotes 4:42: «الرسول لو» in 3 segment(s): DAMGHANI:v1p30, IBNJAWZI-NUZHA:v1p169, ITQAN:v3p72
quotes 4:42: «ولا يكتمون» in 3 segment(s): BURHAN:v2p55, ITQAN:v3p72, ITQAN:v3p74
quotes 4:42: «يكتمون الله» in 3 segment(s): BURHAN:v2p55, ITQAN:v3p72, ITQAN:v3p74
quotes 4:42: «بهم الارض ولا» in 1 segment(s): ITQAN:v3p72
quotes 4:43: 39 unique window(s): عابري | تغتسلوا | لا تقربوا | تقربوا الصلواه | الصلواه وانتم | وانتم سكاريا | سكاريا حتيا | حتيا تعلموا | تعلموا ما | ما تقولون | تقولون ولا | ولا جنبا | جنبا الا | الا عابري | عابري سبيل | سبيل حتيا | حتيا تغتسلوا | تغتسلوا وان | وايديكم ان | امنوا لا تقربوا | لا تقربوا الصلواه | تقربوا الصلواه وانتم | الصلواه وانتم سكاريا | وانتم سكاريا حتيا | سكاريا حتيا تعلموا | حتيا تعلموا ما | تعلموا ما تقولون | ما تقولون ولا | تقولون ولا جنبا | ولا جنبا الا | جنبا الا عابري | الا عابري سبيل | عابري سبيل حتيا | سبيل حتيا تغتسلوا | حتيا تغتسلوا وان | تغتسلوا وان كنتم | بوجوهكم وايديكم ان | وايديكم ان الله | كان عفوا غفورا
quotes 4:43: «عابري» in 3 segment(s): BURHAN:v3p446#2, ITQAN:v3p227#2, SAMARRAI-ASRAR:r5#8
quotes 4:43: «تغتسلوا» in 1 segment(s): SAMARRAI-ASRAR:r5#8
quotes 4:43: «لا تقربوا» in 12 segment(s): BURHAN:v3p392, BURHAN:v3p446#2, DAMGHANI:v1p240, DAMGHANI:v1p374, FARRA:v1p495, ITQAN:v1p79#2, ITQAN:v1p227, ITQAN:v2p412, ITQAN:v3p227#2, JISHUMI:v1p881, SAMARRAI-ASRAR:r5#8, SAMARRAI-ASRAR:r10#6
quotes 4:43: «تقربوا الصلواه» in 0 segment(s): 
quotes 4:43: «الصلواه وانتم» in 0 segment(s): 
quotes 4:43: «وانتم سكاريا» in 0 segment(s): 
quotes 4:43: «سكاريا حتيا» in 0 segment(s): 
quotes 4:43: «حتيا تعلموا» in 0 segment(s): 
quotes 4:43: «تعلموا ما» in 5 segment(s): BURHAN:v3p446#2, ITQAN:v3p227#2, JISHUMI:v1p541, MUJAHID:v1p1, SAMARRAI-ASRAR:r5#8
quotes 4:43: «ما تقولون» in 9 segment(s): BURHAN:v3p446#2, IBNASHUR-FULL:v1p20, IBNASHUR-FULL:v1p95, ITQAN:v1p165, ITQAN:v3p227#2, ITQAN:v3p287, ITQAN:v4p494, SAMARRAI-ASRAR:r5#8, WAHIDI-BASIT:v1p397
quotes 4:43: «تقولون ولا» in 3 segment(s): BURHAN:v3p446#2, JISHUMI:v2p977, SAMARRAI-ASRAR:r5#8
quotes 4:43: «ولا جنبا» in 2 segment(s): BURHAN:v3p446#2, SAMARRAI-ASRAR:r5#8
quotes 4:43: «جنبا الا» in 2 segment(s): BURHAN:v3p446#2, SAMARRAI-ASRAR:r5#8
quotes 4:43: «سبيل حتيا» in 0 segment(s): 
quotes 4:43: «وايديكم ان» in 1 segment(s): SAMARRAI-ASRAR:r5#8
quotes 4:43: «كان عفوا غفورا» in 1 segment(s): SAMARRAI-ASRAR:r5#8
quotes 4:49: 12 unique window(s): يزكون | الذين يزكون | يزكون انفسهم | انفسهم بل | يشا ولا | الي الذين يزكون | الذين يزكون انفسهم | يزكون انفسهم بل | انفسهم بل الله | بل الله يزكي | من يشا ولا | يشا ولا يظلمون
quotes 4:49: «يزكون» in 6 segment(s): DAMGHANI:v1p186, DAMGHANI:v1p218, DAMGHANI:v1p462, FARRA:v1p495, IBNJAWZI-NUZHA:v1p319, SAMARRAI-LAMASAT:p140
quotes 4:49: «انفسهم بل» in 0 segment(s): 
quotes 4:49: «يشا ولا» in 3 segment(s): BINTSHATI-IJAZ:p476, NASHR:v1p51, NASHR:v2p249
quotes 4:49: «بل الله يزكي» in 2 segment(s): BINTSHATI-IJAZ:p476, NASHR:v2p249
quotes 4:56: 34 unique window(s): نصليهم | نضجت | بدلناهم | جلودا | غيرها | ليذوقوا | باياتنا سوف | سوف نصليهم | نصليهم نارا | نارا كلما | كلما نضجت | نضجت جلودهم | جلودهم بدلناهم | بدلناهم جلودا | جلودا غيرها | غيرها ليذوقوا | ليذوقوا العذاب | كان عزيزا | الذين كفروا باياتنا | كفروا باياتنا سوف | باياتنا سوف نصليهم | سوف نصليهم نارا | نصليهم نارا كلما | نارا كلما نضجت | كلما نضجت جلودهم | نضجت جلودهم بدلناهم | جلودهم بدلناهم جلودا | بدلناهم جلودا غيرها | جلودا غيرها ليذوقوا | غيرها ليذوقوا العذاب | ليذوقوا العذاب ان | العذاب ان الله | الله كان عزيزا | كان عزيزا حكيما
quotes 4:56: «نصليهم» in 2 segment(s): BINTSHATI-IJAZ:p313, MAJAZ:v2p425
quotes 4:56: «نضجت» in 13 segment(s): BAQILLANI:v1p108, BINTSHATI-IJAZ:p313, BURHAN:v4p324, DAMGHANI:v1p63, IBNQUTAYBA-MUSHKIL:v1p143, ITQAN:v1p254, ITQAN:v2p483, ITQAN:v4p507, NASHR:v2p4, NASHR:v2p5, NASHR:v2p249, YKHULI-TAJDID:c1 …
quotes 4:56: «بدلناهم» in 4 segment(s): BINTSHATI-IJAZ:p313, DAMGHANI:v1p63, ITQAN:v2p483, ITQAN:v4p507
quotes 4:56: «جلودا» in 4 segment(s): BINTSHATI-IJAZ:p313, DAMGHANI:v1p63, ITQAN:v2p483, ITQAN:v4p507
NOTE quotes 4:56: window «غيرها» in 277 segments, too common alone; the longer windows that contain it are used instead
quotes 4:56: «ليذوقوا» in 1 segment(s): BINTSHATI-IJAZ:p313
quotes 4:56: «باياتنا سوف» in 1 segment(s): BINTSHATI-IJAZ:p313
quotes 4:56: «نارا كلما» in 1 segment(s): BINTSHATI-IJAZ:p313
quotes 4:56: «كان عزيزا» in 2 segment(s): BAQILLANI:v1p241, ITQAN:v3p75
quotes 4:56: «الذين كفروا باياتنا» in 2 segment(s): BINTSHATI-IJAZ:p313, BURHAN:v1p159
quotes 4:56: «العذاب ان الله» in 0 segment(s): 
quotes 5:90: 20 unique window(s): والانصاب | والازلام | فاجتنبوه | انما الخمر | والميسر والانصاب | والانصاب والازلام | والازلام رجس | رجس من | الشيطان فاجتنبوه | فاجتنبوه لعلكم | امنوا انما الخمر | انما الخمر والميسر | الخمر والميسر والانصاب | والميسر والانصاب والازلام | والانصاب والازلام رجس | والازلام رجس من | رجس من عمل | عمل الشيطان فاجتنبوه | الشيطان فاجتنبوه لعلكم | فاجتنبوه لعلكم تفلحون
quotes 5:90: «والانصاب» in 1 segment(s): SAMARRAI-ASRAR:r5#8
quotes 5:90: «والازلام» in 1 segment(s): SAMARRAI-ASRAR:r5#8
quotes 5:90: «فاجتنبوه» in 3 segment(s): BURHAN:v2p205, IBNJAWZI-NUZHA:v1p125, SAMARRAI-ASRAR:r5#8
quotes 5:90: «انما الخمر» in 3 segment(s): IBNASHUR-FULL:v1p24, ITQAN:v1p79#2, SAMARRAI-ASRAR:r5#8
quotes 5:90: «رجس من» in 1 segment(s): SAMARRAI-ASRAR:r5#8
quotes 6:68: 31 unique window(s): يخوضون | ينسينك | تقعد | الذين يخوضون | يخوضون في | اياتنا فاعرض | غيره واما | واما ينسينك | ينسينك الشيطان | الشيطان فلا | فلا تقعد | تقعد بعد | بعد الذكريا | الذكريا مع | واذا رايت الذين | رايت الذين يخوضون | الذين يخوضون في | يخوضون في اياتنا | في اياتنا فاعرض | اياتنا فاعرض عنهم | فاعرض عنهم حتيا | عنهم حتيا يخوضوا | حديث غيره واما | غيره واما ينسينك | واما ينسينك الشيطان | ينسينك الشيطان فلا | الشيطان فلا تقعد | فلا تقعد بعد | تقعد بعد الذكريا | بعد الذكريا مع | الذكريا مع القوم
quotes 6:68: «يخوضون» in 10 segment(s): BAGHAWI-FULL:v1p38#2, BURHAN:v2p7, BURHAN:v3p442, DAMGHANI:v1p365, IBNJAWZI-NUZHA:v1p319, IBNKATHIR-FULL:v1p20#2, ITQAN:v2p324#2, ITQAN:v3p121, ITQAN:v3p144, RUMMANI:v1p91
quotes 6:68: «ينسينك» in 1 segment(s): NASHR:v2p258
quotes 6:68: «تقعد» in 5 segment(s): DAMGHANI:v1p387, IBNASHUR-FULL:v1p38#2, MAJAZ:v2p323, MAJAZ:v2p352, SIBAWAYH:وذلكقولالعربسمعناهمنهمهومنىمنزلةالشغافوهومنىمنزلةالولد|#196
quotes 6:68: «اياتنا فاعرض» in 3 segment(s): BURHAN:v2p7, BURHAN:v3p442, IBNJAWZI-NUZHA:v1p319
quotes 6:68: «غيره واما» in 4 segment(s): BURHAN:v2p250, JURJANI-DALAIL:v1p60, NASHR:v1p399, SIBAWAYH:(هذابابعدةمايكونعليهالكلم)#747
quotes 6:68: «الشيطان فلا» in 1 segment(s): ITQAN:v1p380#4
quotes 6:68: «بعد الذكريا» in 0 segment(s): 
quotes 6:68: «الذكريا مع» in 0 segment(s): 
quotes 6:68: «واذا رايت الذين» in 5 segment(s): BURHAN:v2p7, BURHAN:v3p442, IBNJAWZI-NUZHA:v1p319, ITQAN:v3p144, RUMMANI:v1p91
quotes 6:68: «فاعرض عنهم حتيا» in 0 segment(s): 
quotes 6:68: «عنهم حتيا يخوضوا» in 0 segment(s): 
quotes 6:76: 18 unique window(s): الافلين | فلما جن | جن عليه | عليه اليل | اليل را | را كوكبا | كوكبا قال | لا احب | احب الافلين | فلما جن عليه | جن عليه اليل | عليه اليل را | اليل را كوكبا | را كوكبا قال | كوكبا قال هاذا | افل قال لا | قال لا احب | لا احب الافلين
quotes 6:76: «الافلين» in 5 segment(s): BINTSHATI-IJAZ:p423, BURHAN:v2p134, BURHAN:v3p469, IBNQUTAYBA-MUSHKIL:v1p201, IBNQUTAYBA-MUSHKIL:v1p202
quotes 6:76: «فلما جن» in 7 segment(s): BINTSHATI-IJAZ:p423, BURHAN:v2p131, BURHAN:v3p212, DAMGHANI:v1p110, IBNQUTAYBA-MUSHKIL:v1p201, IBNQUTAYBA-MUSHKIL:v1p202, IBNQUTAYBA-MUSHKIL:v1p203
quotes 6:76: «جن عليه» in 8 segment(s): BINTSHATI-IJAZ:p423, BURHAN:v2p131, BURHAN:v3p212, DAMGHANI:v1p110, FARRA:v1p500, IBNQUTAYBA-MUSHKIL:v1p201, IBNQUTAYBA-MUSHKIL:v1p202, IBNQUTAYBA-MUSHKIL:v1p203
quotes 6:76: «عليه اليل» in 0 segment(s): 
quotes 6:76: «اليل را» in 0 segment(s): 
quotes 6:76: «را كوكبا» in 0 segment(s): 
quotes 6:76: «كوكبا قال» in 3 segment(s): BINTSHATI-IJAZ:p423, BURHAN:v3p212, IBNQUTAYBA-MUSHKIL:v1p201
quotes 6:76: «لا احب» in 10 segment(s): BINTSHATI-IJAZ:p423, BURHAN:v1p347, BURHAN:v2p134, BURHAN:v3p469, IBNQUTAYBA-MUSHKIL:v1p201, IBNQUTAYBA-MUSHKIL:v1p202, JURJANI-ASRAR:v1p271, JURJANI-ASRAR:v1p273, NASHR:v2p410, SIBAWAYH:(هذابابتكسيرالصفةللجمع)#668
quotes 6:76: «افل قال لا» in 3 segment(s): BINTSHATI-IJAZ:p423, BURHAN:v3p469, IBNQUTAYBA-MUSHKIL:v1p201
quotes 6:77: 23 unique window(s): بازغا | يهدني | لاكونن | را القمر | القمر بازغا | بازغا قال | لم يهدني | يهدني ربي | ربي لاكونن | لاكونن من | القوم الضالين | فلما را القمر | را القمر بازغا | القمر بازغا قال | بازغا قال هاذا | افل قال لين | قال لين لم | لين لم يهدني | لم يهدني ربي | يهدني ربي لاكونن | ربي لاكونن من | لاكونن من القوم | من القوم الضالين
quotes 6:77: «بازغا» in 3 segment(s): BINTSHATI-IJAZ:p423, IBNQUTAYBA-MUSHKIL:v1p201, MAJAZ:v2p402#2
quotes 6:77: «يهدني» in 4 segment(s): BINTSHATI-IJAZ:p423, BURHAN:v2p134, IBNQUTAYBA-MUSHKIL:v1p201, ITQAN:v1p19
quotes 6:77: «لاكونن» in 3 segment(s): BINTSHATI-IJAZ:p423, BURHAN:v2p134, IBNQUTAYBA-MUSHKIL:v1p201
quotes 6:77: «را القمر» in 0 segment(s): 
quotes 6:77: «القوم الضالين» in 3 segment(s): BINTSHATI-IJAZ:p423, BURHAN:v2p134, IBNQUTAYBA-MUSHKIL:v1p201
quotes 6:77: «افل قال لين» in 2 segment(s): BINTSHATI-IJAZ:p423, IBNQUTAYBA-MUSHKIL:v1p201
quotes 6:77: «قال لين لم» in 2 segment(s): BINTSHATI-IJAZ:p423, IBNQUTAYBA-MUSHKIL:v1p201
quotes 6:95: 22 unique window(s): الحب | والنويا | ومخرج | الله فالق | فالق الحب | الحب والنويا | والنويا يخرج | الميت ومخرج | ومخرج الميت | الحي ذالكم | ان الله فالق | الله فالق الحب | فالق الحب والنويا | الحب والنويا يخرج | والنويا يخرج الحي | من الميت ومخرج | الميت ومخرج الميت | ومخرج الميت من | من الحي ذالكم | الحي ذالكم الله | ذالكم الله فانيا | الله فانيا توفكون
quotes 6:95: «الحب» in 40 segment(s): BAQILLANI:v1p68, BAQILLANI:v1p167, BINTSHATI-IJAZ:p400, BINTSHATI-IJAZ:p416, BURHAN:v2p466, BURHAN:v3p108#2, BURHAN:v3p247, BURHAN:v4p110, DAMGHANI:v1p23, DAMGHANI:v1p25, DAMGHANI:v1p112, DAMGHANI:v1p299 …
quotes 6:95: «والنويا» in 0 segment(s): 
quotes 6:95: «ومخرج» in 15 segment(s): BURHAN:v1p130, BURHAN:v2p466, BURHAN:v3p448, BURHAN:v4p108, ITQAN:v2p531, ITQAN:v2p578#2, NASHR:v1p199, NASHR:v1p289, RAZI-FULL:v1p60, SAMARRAI-ASRAR:r3, SAMARRAI-LAMASAT-HALAQAT:p643, SAMARRAI-LAMASAT-HALAQAT:p904 …
quotes 6:95: «الله فالق» in 8 segment(s): BINTSHATI-IJAZ:p400, BURHAN:v2p466, SAMARRAI-ASRAR:r3, SAMARRAI-LAMASAT-HALAQAT:p643, SAMARRAI-LAMASAT-HALAQAT:p904, SAMARRAI-LAMASAT-HALAQAT:p905, SAMARRAI-LAMASAT-HALAQAT:p980, SAMARRAI-LAMASAT-HALAQAT:p1070
quotes 6:95: «الحي ذالكم» in 0 segment(s): 
quotes 6:95: «ذالكم الله فانيا» in 0 segment(s): 
quotes 6:95: «الله فانيا توفكون» in 0 segment(s): 
quotes 6:96: 16 unique window(s): الاصباح | فالق الاصباح | الاصباح وجعل | وجعل اليل | اليل سكنا | سكنا والشمس | والقمر حسبانا | حسبانا ذالك | فالق الاصباح وجعل | الاصباح وجعل اليل | وجعل اليل سكنا | اليل سكنا والشمس | سكنا والشمس والقمر | والشمس والقمر حسبانا | والقمر حسبانا ذالك | حسبانا ذالك تقدير
quotes 6:96: «الاصباح» in 15 segment(s): BAQILLANI:v1p179, BAQILLANI:v1p187, BINTSHATI-IJAZ:p400, BINTSHATI-IJAZ:p495, BURHAN:v1p481, FARRA:v1p500, ITQAN:v1p296#3, ITQAN:v2p310, KHATTABI:v1p62, SAMARRAI-ASRAR:r3, SAMARRAI-LAMASAT-HALAQAT:p643, SAMARRAI-LAMASAT-HALAQAT:p905 …
quotes 6:96: «وجعل اليل» in 0 segment(s): 
quotes 6:96: «اليل سكنا» in 0 segment(s): 
quotes 6:96: «سكنا والشمس» in 12 segment(s): BAQILLANI:v1p187, BINTSHATI-IJAZ:p495, BURHAN:v1p481, BURHAN:v4p110, ITQAN:v1p296#3, SAMARRAI-ASRAR:r3, SAMARRAI-LAMASAT-HALAQAT:p643, SAMARRAI-LAMASAT-HALAQAT:p905, SAMARRAI-LAMASAT-HALAQAT:p993, SAMARRAI-LAMASAT-HALAQAT:p1070, SIBAWAYH:وذلكقولكهذاضاربزيداغدا|فمعناهوعملهمثلهذايضربزيداغدا|#73, SIBAWAYH:وذلكقولكمررتبهفإذالهصوتصوتحمارومررتبهفإذالهصراخصراخ#151
quotes 6:96: «والقمر حسبانا» in 11 segment(s): BAQILLANI:v1p187, BINTSHATI-IJAZ:p495, BURHAN:v1p481, ITQAN:v1p296#3, SAMARRAI-ASRAR:r3, SAMARRAI-LAMASAT-HALAQAT:p643, SAMARRAI-LAMASAT-HALAQAT:p905, SAMARRAI-LAMASAT-HALAQAT:p993, SAMARRAI-LAMASAT-HALAQAT:p1070, SIBAWAYH:وذلكقولكهذاضاربزيداغدا|فمعناهوعملهمثلهذايضربزيداغدا|#73, SIBAWAYH:وذلكقولكمررتبهفإذالهصوتصوتحمارومررتبهفإذالهصراخصراخ#151
quotes 6:96: «حسبانا ذالك» in 0 segment(s): 
quotes 6:97: 12 unique window(s): لتهتدوا | لكم النجوم | النجوم لتهتدوا | لتهتدوا بها | والبحر قد | جعل لكم النجوم | لكم النجوم لتهتدوا | النجوم لتهتدوا بها | لتهتدوا بها في | بها في ظلمات | البر والبحر قد | والبحر قد فصلنا
quotes 6:97: «لتهتدوا» in 4 segment(s): JISHUMI:v1p645, SAMARRAI-LAMASAT-HALAQAT:p993, SAMARRAI-LAMASAT-HALAQAT:p1068, SAMARRAI-LAMASAT-HALAQAT:p1070
quotes 6:97: «لكم النجوم» in 6 segment(s): BURHAN:v1p81, ITQAN:v3p272, NASHR:v1p302, SAMARRAI-LAMASAT-HALAQAT:p993, SAMARRAI-LAMASAT-HALAQAT:p1068, SAMARRAI-LAMASAT-HALAQAT:p1070
quotes 6:97: «والبحر قد» in 3 segment(s): SAMARRAI-LAMASAT-HALAQAT:p993, SAMARRAI-LAMASAT-HALAQAT:p1068, SAMARRAI-LAMASAT-HALAQAT:p1070
quotes 6:97: «بها في ظلمات» in 4 segment(s): MUSNAD-AHMAD:12600, SAMARRAI-LAMASAT-HALAQAT:p993, SAMARRAI-LAMASAT-HALAQAT:p1068, SAMARRAI-LAMASAT-HALAQAT:p1070
quotes 6:99: 62 unique window(s): متراكبا | قنوان | مشتبها | وينعه | نبات كل | شي فاخرجنا | فاخرجنا منه | منه خضرا | خضرا نخرج | نخرج منه | منه حبا | حبا متراكبا | متراكبا ومن | ومن النخل | النخل من | من طلعها | طلعها قنوان | قنوان دانيه | دانيه وجنات | اعناب والزيتون | والرمان مشتبها | مشتبها وغير | متشابه انظروا | انظروا اليا | اليا ثمره | اثمر وينعه | وينعه ان | في ذالكم | ذالكم لايات | فاخرجنا به نبات | به نبات كل | نبات كل شي | كل شي فاخرجنا | شي فاخرجنا منه | فاخرجنا منه خضرا | منه خضرا نخرج | خضرا نخرج منه | نخرج منه حبا | منه حبا متراكبا | حبا متراكبا ومن | متراكبا ومن النخل | ومن النخل من | النخل من طلعها | من طلعها قنوان | طلعها قنوان دانيه | قنوان دانيه وجنات | دانيه وجنات من | من اعناب والزيتون | اعناب والزيتون والرمان | والزيتون والرمان مشتبها | والرمان مشتبها وغير | مشتبها وغير متشابه | وغير متشابه انظروا | متشابه انظروا اليا | انظروا اليا ثمره | اليا ثمره اذا | اذا اثمر وينعه | اثمر وينعه ان | وينعه ان في | ان في ذالكم | في ذالكم لايات | ذالكم لايات لقوم
quotes 6:99: «متراكبا» in 3 segment(s): BINTSHATI-IJAZ:p313, SAMARRAI-LAMASAT-HALAQAT:p924, SAMARRAI-LAMASAT-HALAQAT:p979
quotes 6:99: «قنوان» in 9 segment(s): BINTSHATI-IJAZ:p313, BINTSHATI-IJAZ:p546, BURHAN:v2p458, ITQAN:v2p310, ITQAN:v2p566, MAJAZ:v2p438, SAMARRAI-LAMASAT-HALAQAT:p924, SAMARRAI-LAMASAT-HALAQAT:p979, SIBAWAYH:فمنذلكأنتقولعلىقولالسائلكمصيدعليه؟وكمغيرظرفلماذكرتلك#83
quotes 6:99: «مشتبها» in 9 segment(s): BINTSHATI-IJAZ:p313, SAMARRAI-LAMASAT-HALAQAT:p595, SAMARRAI-LAMASAT-HALAQAT:p596, SAMARRAI-LAMASAT-HALAQAT:p923, SAMARRAI-LAMASAT-HALAQAT:p924, SAMARRAI-LAMASAT-HALAQAT:p978, SAMARRAI-LAMASAT-HALAQAT:p979, SAMARRAI-LAMASAT-HALAQAT:p980, SAMARRAI-LAMASAT-HALAQAT:p982
quotes 6:99: «وينعه» in 6 segment(s): BINTSHATI-IJAZ:p313, ITQAN:v2p348, SAMARRAI-LAMASAT-HALAQAT:p924, SAMARRAI-LAMASAT-HALAQAT:p978, SAMARRAI-LAMASAT-HALAQAT:p979, SAMARRAI-LAMASAT-HALAQAT:p980
quotes 6:99: «نبات كل» in 4 segment(s): BINTSHATI-IJAZ:p313, FARRA:v1p500, SAMARRAI-LAMASAT-HALAQAT:p924, SAMARRAI-LAMASAT-HALAQAT:p979
quotes 6:99: «شي فاخرجنا» in 3 segment(s): BINTSHATI-IJAZ:p313, SAMARRAI-LAMASAT-HALAQAT:p924, SAMARRAI-LAMASAT-HALAQAT:p979
quotes 6:99: «فاخرجنا منه» in 3 segment(s): BINTSHATI-IJAZ:p313, SAMARRAI-LAMASAT-HALAQAT:p924, SAMARRAI-LAMASAT-HALAQAT:p979
quotes 6:99: «منه خضرا» in 3 segment(s): BINTSHATI-IJAZ:p313, SAMARRAI-LAMASAT-HALAQAT:p924, SAMARRAI-LAMASAT-HALAQAT:p979
quotes 6:99: «خضرا نخرج» in 3 segment(s): BINTSHATI-IJAZ:p313, SAMARRAI-LAMASAT-HALAQAT:p924, SAMARRAI-LAMASAT-HALAQAT:p979
quotes 6:99: «نخرج منه» in 3 segment(s): BINTSHATI-IJAZ:p313, SAMARRAI-LAMASAT-HALAQAT:p924, SAMARRAI-LAMASAT-HALAQAT:p979
quotes 6:99: «منه حبا» in 3 segment(s): BINTSHATI-IJAZ:p313, SAMARRAI-LAMASAT-HALAQAT:p924, SAMARRAI-LAMASAT-HALAQAT:p979
quotes 6:99: «ومن النخل» in 5 segment(s): BINTSHATI-IJAZ:p313, BINTSHATI-IJAZ:p546, BURHAN:v2p458, SAMARRAI-LAMASAT-HALAQAT:p924, SAMARRAI-LAMASAT-HALAQAT:p979
quotes 6:99: «النخل من» in 5 segment(s): BINTSHATI-IJAZ:p313, BINTSHATI-IJAZ:p546, BURHAN:v2p458, SAMARRAI-LAMASAT-HALAQAT:p924, SAMARRAI-LAMASAT-HALAQAT:p979
quotes 6:99: «من طلعها» in 5 segment(s): BINTSHATI-IJAZ:p313, BINTSHATI-IJAZ:p546, BURHAN:v2p458, SAMARRAI-LAMASAT-HALAQAT:p924, SAMARRAI-LAMASAT-HALAQAT:p979
quotes 6:99: «دانيه وجنات» in 4 segment(s): BINTSHATI-IJAZ:p313, BINTSHATI-IJAZ:p546, SAMARRAI-LAMASAT-HALAQAT:p924, SAMARRAI-LAMASAT-HALAQAT:p979
quotes 6:99: «اعناب والزيتون» in 3 segment(s): BINTSHATI-IJAZ:p313, SAMARRAI-LAMASAT-HALAQAT:p924, SAMARRAI-LAMASAT-HALAQAT:p979
quotes 6:99: «متشابه انظروا» in 5 segment(s): BINTSHATI-IJAZ:p313, SAMARRAI-LAMASAT-HALAQAT:p924, SAMARRAI-LAMASAT-HALAQAT:p978, SAMARRAI-LAMASAT-HALAQAT:p979, SAMARRAI-LAMASAT-HALAQAT:p980
quotes 6:99: «انظروا اليا» in 0 segment(s): 
quotes 6:99: «اليا ثمره» in 0 segment(s): 
quotes 6:99: «في ذالكم» in 0 segment(s): 
quotes 6:99: «ذالكم لايات» in 0 segment(s): 
quotes 6:99: «فاخرجنا به نبات» in 3 segment(s): BINTSHATI-IJAZ:p313, SAMARRAI-LAMASAT-HALAQAT:p924, SAMARRAI-LAMASAT-HALAQAT:p979
quotes 6:122: 38 unique window(s): فاحييناه | بخارج | اومن كان | كان ميتا | ميتا فاحييناه | فاحييناه وجعلنا | وجعلنا له | نورا يمشي | يمشي به | الناس كمن | كمن مثله | مثله في | الظلمات ليس | ليس بخارج | بخارج منها | زين للكافرين | للكافرين ما | اومن كان ميتا | كان ميتا فاحييناه | ميتا فاحييناه وجعلنا | فاحييناه وجعلنا له | وجعلنا له نورا | له نورا يمشي | نورا يمشي به | يمشي به في | به في الناس | في الناس كمن | الناس كمن مثله | كمن مثله في | مثله في الظلمات | في الظلمات ليس | الظلمات ليس بخارج | ليس بخارج منها | بخارج منها كذالك | منها كذالك زين | كذالك زين للكافرين | زين للكافرين ما | للكافرين ما كانوا
quotes 6:122: «فاحييناه» in 12 segment(s): BURHAN:v2p346, DAMGHANI:v1p150, DAMGHANI:v1p445, IBNJAWZI-NUZHA:v1p253, IBNJAWZI-NUZHA:v1p569, IBNQUTAYBA-MUSHKIL:v1p90, ITQAN:v2p310, ITQAN:v3p124, ITQAN:v3p255, JISHUMI:v1p656, JURJANI-ASRAR:v1p58, JURJANI-ASRAR:v1p320
quotes 6:122: «بخارج» in 6 segment(s): BINTSHATI-IJAZ:p187, BURHAN:v4p77, IBNQUTAYBA-MUSHKIL:v1p90, ITQAN:v3p211, JURJANI-ASRAR:v1p363, KHATTABI:v1p39
quotes 6:122: «اومن كان» in 4 segment(s): IBNJAWZI-NUZHA:v1p253, IBNQUTAYBA-MUSHKIL:v1p90, JISHUMI:v1p656, NASHR:v2p223
quotes 6:122: «كان ميتا» in 15 segment(s): BURHAN:v2p346, BURHAN:v3p242, DAMGHANI:v1p150, DAMGHANI:v1p445, IBNJAWZI-NUZHA:v1p253, IBNJAWZI-NUZHA:v1p569, IBNJAWZI-NUZHA:v1p607, IBNQUTAYBA-MUSHKIL:v1p90, ITQAN:v3p124, ITQAN:v3p255, JISHUMI:v1p656, JURJANI-ASRAR:v1p58 …
quotes 6:122: «وجعلنا له» in 5 segment(s): BURHAN:v2p346, DAMGHANI:v1p466, IBNJAWZI-NUZHA:v1p599, IBNQUTAYBA-MUSHKIL:v1p90, JURJANI-ASRAR:v1p320
quotes 6:122: «نورا يمشي» in 6 segment(s): BURHAN:v2p346, DAMGHANI:v1p436, DAMGHANI:v1p466, IBNJAWZI-NUZHA:v1p599, IBNQUTAYBA-MUSHKIL:v1p90, JURJANI-ASRAR:v1p320
quotes 6:122: «يمشي به» in 6 segment(s): BURHAN:v2p346, DAMGHANI:v1p436, DAMGHANI:v1p466, IBNJAWZI-NUZHA:v1p599, IBNQUTAYBA-MUSHKIL:v1p90, JURJANI-ASRAR:v1p320
quotes 6:122: «الناس كمن» in 1 segment(s): BURHAN:v2p346
quotes 6:122: «كمن مثله» in 3 segment(s): BINTSHATI-IJAZ:p187, BURHAN:v2p346, IBNQUTAYBA-MUSHKIL:v1p90
NOTE quotes 6:122: window «مثله في» in 90 segments, too common alone; the longer windows that contain it are used instead
quotes 6:122: «الظلمات ليس» in 2 segment(s): BINTSHATI-IJAZ:p187, IBNQUTAYBA-MUSHKIL:v1p90
quotes 6:122: «زين للكافرين» in 1 segment(s): SAMARRAI-ASRAR:r15
quotes 6:122: «للكافرين ما» in 1 segment(s): SAMARRAI-ASRAR:r15
quotes 6:122: «به في الناس» in 9 segment(s): AZRAQI:v1p69, BURHAN:v2p346, DAMGHANI:v1p436, DAMGHANI:v1p466, IBNJAWZI-NUZHA:v1p599, IBNQUTAYBA-MUSHKIL:v1p90, JURJANI-ASRAR:v1p320, MUSNAD-AHMAD:1349, MUSNAD-AHMAD:1355
quotes 6:122: «مثله في الظلمات» in 3 segment(s): BINTSHATI-IJAZ:p187, BURHAN:v2p346, IBNQUTAYBA-MUSHKIL:v1p90
quotes 6:122: «منها كذالك زين» in 0 segment(s): 
quotes 6:128: 52 unique window(s): استكثرتم | وبلغنا | اجلنا | مثوياكم | جميعا يامعشر | الجن قد | قد استكثرتم | استكثرتم من | الانس وقال | وقال اولياوهم | اولياوهم من | الانس ربنا | ربنا استمتع | استمتع بعضنا | بعضنا ببعض | ببعض وبلغنا | وبلغنا اجلنا | اجلنا الذي | الذي اجلت | اجلت لنا | لنا قال | قال النار | النار مثوياكم | مثوياكم خالدين | يحشرهم جميعا يامعشر | جميعا يامعشر الجن | يامعشر الجن قد | الجن قد استكثرتم | قد استكثرتم من | استكثرتم من الانس | من الانس وقال | الانس وقال اولياوهم | وقال اولياوهم من | اولياوهم من الانس | من الانس ربنا | الانس ربنا استمتع | ربنا استمتع بعضنا | استمتع بعضنا ببعض | بعضنا ببعض وبلغنا | ببعض وبلغنا اجلنا | وبلغنا اجلنا الذي | اجلنا الذي اجلت | الذي اجلت لنا | اجلت لنا قال | لنا قال النار | قال النار مثوياكم | النار مثوياكم خالدين | مثوياكم خالدين فيها | خالدين فيها الا | فيها الا ما | شا الله ان | الله ان ربك
quotes 6:128: «استكثرتم» in 1 segment(s): SAMARRAI-ASRAR:r3
quotes 6:128: «وبلغنا» in 13 segment(s): NASHR:v1p213, SAMARRAI-ASRAR:r3, SIBAWAYH:تقولأتانيزيدالفاسقالخبيثلميردأنيكررهولايعرفكشيئاتنكره#230, SIBAWAYH:اعلمأنإذنإذاكانتجواباوكانتمبتدأةعملتفيالفعلعملأرىفي#469, SIBAWAYH:وذلكقولكسرتحتىيدخلهازيدإذاكاندخولزيدلميؤدهسيركولميكن#474, SIBAWAYH:(هذابابأو)#478, SIBAWAYH:(هذابابمايرتفعبينالجزمينوينجزمبينهما)#488, SIBAWAYH:(هذابابتكونفيهأنبدلامنشيءليسبالآخر)#503, SIBAWAYH:(هذابابأسماءالأرضين)#541, SIBAWAYH:(هذابابالهمز)#649, SIBAWAYH:(هذابابتكسيرالواحدللجمع)#654, SIBAWAYH:(هذابابماأسكنمنهذاالبابالذيذكرناوتركأولالحرفعلىأصلهلو#714 …
quotes 6:128: «اجلنا» in 2 segment(s): ITQAN:v1p96, SAMARRAI-ASRAR:r3
quotes 6:128: «مثوياكم» in 0 segment(s): 
quotes 6:128: «جميعا يامعشر» in 1 segment(s): SAMARRAI-ASRAR:r3
quotes 6:128: «الجن قد» in 2 segment(s): JURJANI-DALAIL:v1p221, SAMARRAI-ASRAR:r3
quotes 6:128: «الانس وقال» in 2 segment(s): IBNQUTAYBA-GHARIB:v1p21, SAMARRAI-ASRAR:r3
quotes 6:128: «وقال اولياوهم» in 1 segment(s): SAMARRAI-ASRAR:r3
quotes 6:128: «اولياوهم من» in 1 segment(s): SAMARRAI-ASRAR:r3
quotes 6:128: «الانس ربنا» in 1 segment(s): SAMARRAI-ASRAR:r3
quotes 6:128: «ربنا استمتع» in 1 segment(s): SAMARRAI-ASRAR:r3
quotes 6:128: «استمتع بعضنا» in 1 segment(s): SAMARRAI-ASRAR:r3
quotes 6:128: «بعضنا ببعض» in 1 segment(s): SAMARRAI-ASRAR:r3
quotes 6:128: «الذي اجلت» in 1 segment(s): SAMARRAI-ASRAR:r3
quotes 6:128: «اجلت لنا» in 1 segment(s): SAMARRAI-ASRAR:r3
quotes 6:128: «لنا قال» in 1 segment(s): SAMARRAI-ASRAR:r3
quotes 6:128: «قال النار» in 2 segment(s): SAMARRAI-ASRAR:r3, SAMARRAI-ASRAR:r8#4
quotes 6:128: «خالدين فيها الا» in 2 segment(s): SAMARRAI-ASRAR:r3, SAMARRAI-LAMASAT-HALAQAT:p587
quotes 6:128: «فيها الا ما» in 6 segment(s): IBNHIBBAN:4188, IBNMAJAH:4153, MUSLIM:3691, SAMARRAI-ASRAR:r3, SIBAWAYH:ليستمنأمثلةالفعلالحادثولكنهابمنزلةالأسماءالمفردالتىكانت#97, SIBAWAYH:اعلمأنلكمموضعينفأحدهماالاستفهاموهوالحرفالمستفمبهبمنزلةكيف#276
quotes 6:128: «شا الله ان» in 161 segment(s): ABUDAWUD:859, ABUDAWUD:1346, ABUDAWUD:2227, ABUDAWUD:2963, ABUDAWUD:3319, ABUDAWUD:3510, ABUDAWUD:4276, AZRAQI:v1p57, AZRAQI:v1p58, AZRAQI:v1p80, AZRAQI:v2p39, BUKHARI:3 …
quotes 6:128: «الله ان ربك» in 4 segment(s): BINTSHATI-IJAZ:p583, ITQAN:v1p45, MUSNAD-AHMAD:16001, SAMARRAI-ASRAR:r3
quotes 6:146: 48 unique window(s): والغنم | شحومهما | ظهورهما | الحوايا | اختلط | بعظم | ببغيهم | حرمنا كل | ذي ظفر | ظفر ومن | البقر والغنم | والغنم حرمنا | عليهم شحومهما | شحومهما الا | ما حملت | حملت ظهورهما | ظهورهما او | او الحوايا | الحوايا او | ما اختلط | اختلط بعظم | بعظم ذالك | جزيناهم ببغيهم | ببغيهم وانا | هادوا حرمنا كل | حرمنا كل ذي | كل ذي ظفر | ذي ظفر ومن | ظفر ومن البقر | ومن البقر والغنم | البقر والغنم حرمنا | والغنم حرمنا عليهم | حرمنا عليهم شحومهما | عليهم شحومهما الا | شحومهما الا ما | الا ما حملت | ما حملت ظهورهما | حملت ظهورهما او | ظهورهما او الحوايا | او الحوايا او | الحوايا او ما | او ما اختلط | ما اختلط بعظم | اختلط بعظم ذالك | بعظم ذالك جزيناهم | ذالك جزيناهم ببغيهم | جزيناهم ببغيهم وانا | ببغيهم وانا لصادقون
quotes 6:146: «والغنم» in 9 segment(s): JISHUMI:v1p431, JISHUMI:v1p548, JISHUMI:v1p706#2, JISHUMI:v1p809, JISHUMI:v1p811, SAMARRAI-ASRAR:r10#3, SAMARRAI-LAMASAT-HALAQAT:p1040, SIBAWAYH:يكونفيهالاسمالخاصشائعافيالأمة|ليسواحدمنهاأولىبهمنالآخر#243, SIBAWAYH:(هذابابالمؤنثالذييقععلىالمؤنثوالمذكروأصلهالتأنيث)#652
quotes 6:146: «شحومهما» in 2 segment(s): FARRA:v1p500, SAMARRAI-ASRAR:r10#3
quotes 6:146: «ظهورهما» in 3 segment(s): ITQAN:v2p310, NASHR:v2p4, SAMARRAI-ASRAR:r10#3
quotes 6:146: «الحوايا» in 4 segment(s): IBNJAWZI-NUZHA:v1p108, ITQAN:v2p310, ITQAN:v2p566, SAMARRAI-ASRAR:r10#3
quotes 6:146: «اختلط» in 10 segment(s): BINTSHATI-IJAZ:p45, BINTSHATI-IJAZ:p360, BINTSHATI-IJAZ:p517, BINTSHATI-IJAZ:p518, BINTSHATI-IJAZ:p575, BURHAN:v1p78, IBNJAWZI-NUZHA:v1p108, JISHUMI:v1p476, JURJANI-ASRAR:v1p136, SAMARRAI-ASRAR:r10#3
quotes 6:146: «بعظم» in 7 segment(s): BINTSHATI-IJAZ:p360, BURHAN:v2p423, IBNJAWZI-NUZHA:v1p108, ITQAN:v4p357, JISHUMI:v1p675, SAMARRAI-ASRAR:r7#3, SAMARRAI-ASRAR:r10#3
quotes 6:146: «ببغيهم» in 3 segment(s): NASHR:v1p272, NASHR:v2p265#2, SAMARRAI-ASRAR:r10#3
quotes 6:146: «حرمنا كل» in 3 segment(s): IBNASHUR-FULL:v1p87, IBNQUTAYBA-MUSHKIL:v1p99, SAMARRAI-ASRAR:r10#3
quotes 6:146: «ذي ظفر» in 6 segment(s): DAMGHANI:v1p299, DAMGHANI:v1p302, IBNASHUR-FULL:v1p87, IBNJAWZI-NUZHA:v1p417, IBNQUTAYBA-MUSHKIL:v1p99, SAMARRAI-ASRAR:r10#3
quotes 6:146: «ظفر ومن» in 1 segment(s): SAMARRAI-ASRAR:r10#3
quotes 6:146: «ما حملت» in 10 segment(s): ITQAN:v1p144, ITQAN:v2p310, SAMARRAI-ASRAR:r10#3, SIBAWAYH:أىذلكفعلتجازفإنحملتهعلىالاسمالذىبنىعليهالفعلكانبمنزلته#54, SIBAWAYH:فيرتفعكماينتصبإذاشغلتالفعلبهوينتصبإذاشغلتالفعلبغيره#89, SIBAWAYH:لأنهمفعولمعهومفعولبهكماانتصبنفسهفىقولكامرأونفسه|وذلك#115, SIBAWAYH:وذلكقولكهذابسراأطيبمنهرطبا|فإنشئتجعلتهحيناقدمضىوإنشئت#192, SIBAWAYH:وذلكماكانمنالمقاديروذلكقولكمافيالسماءموضعكفسحاباولى#281, SIBAWAYH:وذلكلأنهمبدءوابالإضمارلأنهمشرطواالتفسيروذلكنووافجرىذلكفي#285, SIBAWAYH:لأنهمخرجمماأدخلتفيهغيرهفعملفيهماقبلهكماعملالعشرونفي#385
quotes 7:24: 2 unique window(s): قال اهبطوا | قال اهبطوا بعضكم
quotes 7:24: «قال اهبطوا» in 2 segment(s): SAMARRAI-ASRAR:r12, SAMARRAI-ASRAR:r13
quotes 7:25: 13 unique window(s): تحيون | تموتون | قال فيها | فيها تحيون | تحيون وفيها | وفيها تموتون | تموتون ومنها | ومنها تخرجون | قال فيها تحيون | فيها تحيون وفيها | تحيون وفيها تموتون | وفيها تموتون ومنها | تموتون ومنها تخرجون
quotes 7:25: «تحيون» in 3 segment(s): BURHAN:v3p243, SAMARRAI-ASRAR:r12, SAMARRAI-ASRAR:r13
quotes 7:25: «تموتون» in 4 segment(s): BURHAN:v3p87, BURHAN:v3p243, SAMARRAI-ASRAR:r12, SAMARRAI-ASRAR:r13
quotes 7:25: «قال فيها» in 12 segment(s): BAQILLANI:v1p202, BURHAN:v1p63, BURHAN:v3p30, BURHAN:v3p243, DURR-FULL:v1p14, NASHR:v2p202, SAMARRAI-ASRAR:r7, SAMARRAI-ASRAR:r12, SAMARRAI-ASRAR:r12#2, SAMARRAI-ASRAR:r13, SIBAWAYH:لأنهخبرلمعروفيرتفععلىالابتداءقدمتهأوأخرته|وذلكقولكفيها#241, SIBAWAYH:وذلك[قولك]هذاقائمارجلوفيهاقائمارجل|لمالميجزأنتوصف#257
quotes 7:25: «ومنها تخرجون» in 3 segment(s): NASHR:v2p267, SAMARRAI-ASRAR:r12, SAMARRAI-ASRAR:r13
quotes 7:57: 40 unique window(s): اقلت | ثقالا | سقناه | لبلد | رحمته حتيا | اذا اقلت | اقلت سحابا | سحابا ثقالا | ثقالا سقناه | سقناه لبلد | لبلد ميت | ميت فانزلنا | فانزلنا به | به الما | الما فاخرجنا | الثمرات كذالك | كذالك نخرج | نخرج الموتيا | الموتيا لعلكم | وهو الذي يرسل | يدي رحمته حتيا | رحمته حتيا اذا | حتيا اذا اقلت | اذا اقلت سحابا | اقلت سحابا ثقالا | سحابا ثقالا سقناه | ثقالا سقناه لبلد | سقناه لبلد ميت | لبلد ميت فانزلنا | ميت فانزلنا به | فانزلنا به الما | به الما فاخرجنا | الما فاخرجنا به | فاخرجنا به من | به من كل | كل الثمرات كذالك | الثمرات كذالك نخرج | كذالك نخرج الموتيا | نخرج الموتيا لعلكم | الموتيا لعلكم تذكرون
quotes 7:57: «اقلت» in 12 segment(s): DAMGHANI:v1p445, IBNJAWZI-NUZHA:v1p225, JURJANI-ASRAR:v1p332, JURJANI-DALAIL:v1p99, JURJANI-DALAIL:v1p100, MAJAZ:v2p438, NASHR:v2p4, SAMARRAI-LAMASAT-HALAQAT:p632, SAMARRAI-LAMASAT-HALAQAT:p789, SIBAWAYH:إذاأنكرتأنتثبترأيهعلىماذكرأوتنكرأنيكونرأيهعلىخلافما#462, SIBAWAYH:(هذابابأوفيغيرالاستفهام)#518, SIBAWAYH:(هذابابالإدغامفيالحرفيناللذينتضعلسانكلهماموضعاواحدالا#807
quotes 7:57: «ثقالا» in 7 segment(s): DAMGHANI:v1p93, DAMGHANI:v1p445, IBNJAWZI-NUZHA:v1p225, JURJANI-ASRAR:v1p332, SAMARRAI-LAMASAT-HALAQAT:p632, SAMARRAI-LAMASAT-HALAQAT:p789, SIBAWAYH:(هذابابعلمكلفعلتعداكإلىغيرك)#675
quotes 7:57: «سقناه» in 9 segment(s): BINTSHATI-IJAZ:p268, BURHAN:v1p130, BURHAN:v4p340, DAMGHANI:v1p93, DAMGHANI:v1p445, IBNJAWZI-NUZHA:v1p201, JURJANI-ASRAR:v1p332, SAMARRAI-LAMASAT-HALAQAT:p632, SAMARRAI-LAMASAT-HALAQAT:p789
quotes 7:57: «لبلد» in 10 segment(s): BURHAN:v1p130, BURHAN:v4p340, DAMGHANI:v1p445, IBNJAWZI-NUZHA:v1p201, IBNJAWZI-NUZHA:v1p569, JURJANI-ASRAR:v1p332, NASHR:v2p223, SAMARRAI-LAMASAT-HALAQAT:p632, SAMARRAI-LAMASAT-HALAQAT:p789, SIBAWAYH:(هذابابالإضافةإلىالجمع)#577
quotes 7:57: «رحمته حتيا» in 0 segment(s): 
quotes 7:57: «ميت فانزلنا» in 4 segment(s): DAMGHANI:v1p445, IBNJAWZI-NUZHA:v1p569, SAMARRAI-LAMASAT-HALAQAT:p632, SAMARRAI-LAMASAT-HALAQAT:p789
quotes 7:57: «فانزلنا به» in 5 segment(s): BURHAN:v4p340, DAMGHANI:v1p445, IBNJAWZI-NUZHA:v1p569, SAMARRAI-LAMASAT-HALAQAT:p632, SAMARRAI-LAMASAT-HALAQAT:p789
quotes 7:57: «به الما» in 8 segment(s): BURHAN:v1p109, BURHAN:v4p340, DAMGHANI:v1p445, IBNJAWZI-NUZHA:v1p569, JISHUMI:v2p986, JURJANI-ASRAR:v1p99, SAMARRAI-LAMASAT-HALAQAT:p632, SAMARRAI-LAMASAT-HALAQAT:p789
quotes 7:57: «الما فاخرجنا» in 2 segment(s): SAMARRAI-LAMASAT-HALAQAT:p632, SAMARRAI-LAMASAT-HALAQAT:p789
quotes 7:57: «الثمرات كذالك» in 0 segment(s): 
quotes 7:57: «كذالك نخرج» in 0 segment(s): 
quotes 7:57: «نخرج الموتيا» in 0 segment(s): 
quotes 7:57: «الموتيا لعلكم» in 0 segment(s): 
quotes 7:57: «وهو الذي يرسل» in 8 segment(s): BURHAN:v4p10, DAMGHANI:v1p198, IBNJAWZI-NUZHA:v1p316, IBNJAWZI-NUZHA:v1p331, IBNQUTAYBA-MUSHKIL:v1p95, SAMARRAI-ASRAR:r2, SAMARRAI-LAMASAT-HALAQAT:p632, SAMARRAI-LAMASAT-HALAQAT:p789
quotes 7:57: «فاخرجنا به من» in 3 segment(s): BURHAN:v4p318, SAMARRAI-LAMASAT-HALAQAT:p632, SAMARRAI-LAMASAT-HALAQAT:p789
quotes 7:57: «به من كل» in 9 segment(s): AZRAQI:v1p138, AZRAQI:v1p322, AZRAQI:v2p68#2, BURHAN:v4p86, BURHAN:v4p318, JISHUMI:v1p458, SAMARRAI-LAMASAT-HALAQAT:p632, SAMARRAI-LAMASAT-HALAQAT:p789, TAB-FULL:v1p5
quotes 7:164: 35 unique window(s): تعظون | مهلكهم | معذره | قالت امه | امه منهم | منهم لم | لم تعظون | تعظون قوما | قوما الله | الله مهلكهم | مهلكهم او | او معذبهم | معذبهم عذابا | شديدا قالوا | قالوا معذره | معذره اليا | ربكم ولعلهم | ولعلهم يتقون | واذ قالت امه | قالت امه منهم | امه منهم لم | منهم لم تعظون | لم تعظون قوما | تعظون قوما الله | قوما الله مهلكهم | الله مهلكهم او | مهلكهم او معذبهم | او معذبهم عذابا | معذبهم عذابا شديدا | عذابا شديدا قالوا | شديدا قالوا معذره | قالوا معذره اليا | معذره اليا ربكم | اليا ربكم ولعلهم | ربكم ولعلهم يتقون
quotes 7:164: «تعظون» in 1 segment(s): SIBAWAYH:منذلكقولكحمداوشكرالاكفراوعجباوأفعلذلكوكرامةPageV01P318#129
quotes 7:164: «مهلكهم» in 0 segment(s): 
quotes 7:164: «معذره» in 5 segment(s): FARRA:v1p502#2, IBNASHUR-FULL:v1p46, NASHR:v2p272, SIBAWAYH:منذلكقولكحمداوشكرالاكفراوعجباوأفعلذلكوكرامةPageV01P318#129, SIBAWAYH:(هذاباباشتقاقكالأسماءلمواضعبناتالثلاثةالتيليستفيهازيادة#698
quotes 7:164: «قالت امه» in 0 segment(s): 
quotes 7:164: «امه منهم» in 0 segment(s): 
quotes 7:164: «منهم لم» in 2 segment(s): BAQILLANI:v1p34, ITQAN:v1p193
quotes 7:164: «قوما الله» in 0 segment(s): 
quotes 7:164: «او معذبهم» in 0 segment(s): 
quotes 7:164: «معذبهم عذابا» in 0 segment(s): 
quotes 7:164: «شديدا قالوا» in 0 segment(s): 
quotes 7:164: «ربكم ولعلهم» in 0 segment(s): 
quotes 7:164: «ولعلهم يتقون» in 0 segment(s): 
quotes 7:165: 21 unique window(s): به انجينا | انجينا الذين | الذين ينهون | عن السو | السو واخذنا | واخذنا الذين | ظلموا بعذاب | بعذاب بيس | بيس بما | ذكروا به انجينا | به انجينا الذين | انجينا الذين ينهون | الذين ينهون عن | ينهون عن السو | عن السو واخذنا | السو واخذنا الذين | واخذنا الذين ظلموا | الذين ظلموا بعذاب | ظلموا بعذاب بيس | بعذاب بيس بما | بيس بما كانوا
quotes 7:165: «به انجينا» in 1 segment(s): IBNJAWZI-NUZHA:v1p301
quotes 7:165: «انجينا الذين» in 1 segment(s): IBNJAWZI-NUZHA:v1p301
quotes 7:165: «الذين ينهون» in 1 segment(s): IBNJAWZI-NUZHA:v1p301
quotes 7:165: «عن السو» in 3 segment(s): IBNJAWZI-NUZHA:v1p301, ITQAN:v2p476#2, RAZI-FULL:v1p67#2
quotes 7:165: «السو واخذنا» in 0 segment(s): 
quotes 7:165: «واخذنا الذين» in 4 segment(s): BINTSHATI-IJAZ:p365, BURHAN:v4p163, DAMGHANI:v1p318, IBNJAWZI-NUZHA:v1p448
quotes 7:165: «ظلموا بعذاب» in 4 segment(s): BINTSHATI-IJAZ:p365, BURHAN:v4p163, DAMGHANI:v1p318, IBNJAWZI-NUZHA:v1p448
quotes 7:165: «بعذاب بيس» in 0 segment(s): 
quotes 7:165: «بيس بما» in 0 segment(s): 
quotes 7:169: 59 unique window(s): ورثوا | ياخذون | سيغفر | ياخذوه | ودرسوا | خلف ورثوا | ورثوا الكتاب | الكتاب ياخذون | ياخذون عرض | عرض هاذا | هاذا الادنيا | الادنيا ويقولون | ويقولون سيغفر | سيغفر لنا | لنا وان | وان ياتهم | ياتهم عرض | عرض مثله | مثله ياخذوه | ياخذوه الم | الم يوخذ | يوخذ عليهم | عليهم ميثاق | ميثاق الكتاب | لا يقولوا | يقولوا علي | الحق ودرسوا | ودرسوا ما | فيه والدار | بعدهم خلف ورثوا | خلف ورثوا الكتاب | ورثوا الكتاب ياخذون | الكتاب ياخذون عرض | ياخذون عرض هاذا | عرض هاذا الادنيا | هاذا الادنيا ويقولون | الادنيا ويقولون سيغفر | ويقولون سيغفر لنا | سيغفر لنا وان | لنا وان ياتهم | وان ياتهم عرض | ياتهم عرض مثله | عرض مثله ياخذوه | مثله ياخذوه الم | ياخذوه الم يوخذ | الم يوخذ عليهم | يوخذ عليهم ميثاق | عليهم ميثاق الكتاب | ميثاق الكتاب ان | الكتاب ان لا | ان لا يقولوا | لا يقولوا علي | يقولوا علي الله | الا الحق ودرسوا | الحق ودرسوا ما | ودرسوا ما فيه | ما فيه والدار | فيه والدار الاخره | والدار الاخره خير
quotes 7:169: «ورثوا» in 2 segment(s): IBNKATHIR-FULL:v1p57, JISHUMI:v1p721
quotes 7:169: «ياخذون» in 14 segment(s): BINTSHATI-IJAZ:p45, BINTSHATI-IJAZ:p96, DAMGHANI:v1p34, DAMGHANI:v1p322, ITQAN:v1p270#3, ITQAN:v4p457, JISHUMI:v1p452, JISHUMI:v1p736, NASHR:v1p122, NASHR:v1p268, NASHR:v2p195, NASHR:v2p264 …
quotes 7:169: «سيغفر» in 0 segment(s): 
quotes 7:169: «ياخذوه» in 1 segment(s): ITQAN:v1p169
quotes 7:169: «ودرسوا» in 0 segment(s): 
quotes 7:169: «عرض هاذا» in 0 segment(s): 
quotes 7:169: «هاذا الادنيا» in 0 segment(s): 
quotes 7:169: «الادنيا ويقولون» in 0 segment(s): 
quotes 7:169: «لنا وان» in 3 segment(s): BURHAN:v1p98, JISHUMI:v1p861, JISHUMI:v2p977
quotes 7:169: «وان ياتهم» in 1 segment(s): NASHR:v1p272
quotes 7:169: «ياتهم عرض» in 0 segment(s): 
quotes 7:169: «عرض مثله» in 0 segment(s): 
quotes 7:169: «الم يوخذ» in 5 segment(s): BURHAN:v3p135, SAMARRAI-ASRAR-MUH:p75, SAMARRAI-ASRAR-MUH:p120, SAMARRAI-LAMASAT-HALAQAT:p526, SAMARRAI-LAMASAT-HALAQAT:p569
quotes 7:169: «يوخذ عليهم» in 3 segment(s): BURHAN:v3p135, SAMARRAI-ASRAR-MUH:p120, SAMARRAI-LAMASAT-HALAQAT:p569
quotes 7:169: «عليهم ميثاق» in 3 segment(s): BURHAN:v3p135, SAMARRAI-ASRAR-MUH:p120, SAMARRAI-LAMASAT-HALAQAT:p569
quotes 7:169: «ميثاق الكتاب» in 6 segment(s): BURHAN:v3p135, SAMARRAI-ASRAR-MUH:p75, SAMARRAI-ASRAR-MUH:p120, SAMARRAI-ASRAR-MUH:p121, SAMARRAI-LAMASAT-HALAQAT:p526, SAMARRAI-LAMASAT-HALAQAT:p569
quotes 7:169: «لا يقولوا» in 7 segment(s): BURHAN:v1p427, BURHAN:v3p135, NASHR:v2p27, NASHR:v2p147, SAMARRAI-ASRAR-MUH:p120, SAMARRAI-ASRAR-MUH:p121, SAMARRAI-LAMASAT-HALAQAT:p569
quotes 7:169: «يقولوا علي» in 6 segment(s): BURHAN:v1p427, BURHAN:v3p135, NASHR:v2p147, SAMARRAI-ASRAR-MUH:p120, SAMARRAI-ASRAR-MUH:p121, SAMARRAI-LAMASAT-HALAQAT:p569
quotes 7:169: «فيه والدار» in 0 segment(s): 
quotes 7:169: «الكتاب ان لا» in 6 segment(s): ABUDAWUD:2164, BURHAN:v3p135, JURJANI-ASRAR:v1p363, SAMARRAI-ASRAR-MUH:p120, SAMARRAI-LAMASAT-HALAQAT:p569, SIBAWAYH:(هذابابآخرأنفيهمخففة)#512
quotes 7:169: «والدار الاخره خير» in 0 segment(s): 
quotes 7:170: 12 unique window(s): يمسكون | والذين يمسكون | يمسكون بالكتاب | بالكتاب واقاموا | الصلواه انا | اجر المصلحين | والذين يمسكون بالكتاب | يمسكون بالكتاب واقاموا | بالكتاب واقاموا الصلواه | واقاموا الصلواه انا | الصلواه انا لا | نضيع اجر المصلحين
quotes 7:170: «يمسكون» in 14 segment(s): BURHAN:v2p465, BURHAN:v2p493, BURHAN:v4p107, DAMGHANI:v1p143, FARRA:v1p502#2, IBNQUTAYBA-MUSHKIL:v1p106, ITQAN:v3p191, ITQAN:v3p195, ITQAN:v3p269, NASHR:v2p273, SAMARRAI-ASRAR-MUH:p125, SAMARRAI-LAMASAT-HALAQAT:p574 …
quotes 7:170: «بالكتاب واقاموا» in 9 segment(s): BURHAN:v2p465, BURHAN:v2p493, BURHAN:v4p107, ITQAN:v3p191, ITQAN:v3p195, ITQAN:v3p269, SAMARRAI-ASRAR-MUH:p125, SAMARRAI-LAMASAT-HALAQAT:p574, SAMARRAI-LAMASAT-HALAQAT:p760
quotes 7:170: «الصلواه انا» in 0 segment(s): 
quotes 7:170: «اجر المصلحين» in 7 segment(s): BURHAN:v2p493, ITQAN:v3p195, ITQAN:v3p197, ITQAN:v3p269, SAMARRAI-ASRAR-MUH:p125, SAMARRAI-LAMASAT-HALAQAT:p574, SAMARRAI-LAMASAT-HALAQAT:p760
quotes 7:180: 19 unique window(s): اسمايه | ولله الاسما | الحسنيا فادعوه | فادعوه بها | بها وذروا | وذروا الذين | في اسمايه | اسمايه سيجزون | سيجزون ما | ولله الاسما الحسنيا | الاسما الحسنيا فادعوه | الحسنيا فادعوه بها | فادعوه بها وذروا | بها وذروا الذين | وذروا الذين يلحدون | يلحدون في اسمايه | في اسمايه سيجزون | اسمايه سيجزون ما | سيجزون ما كانوا
quotes 7:180: «اسمايه» in 30 segment(s): ALUSI-FULL:v1p9, BINTSHATI-IJAZ:p143, BINTSHATI-IJAZ:p561, BURHAN:v1p10, BURHAN:v1p172, BURHAN:v1p173, BURHAN:v1p271, BURHAN:v1p390, BURHAN:v1p395, BURHAN:v2p142, BURHAN:v2p252, BURHAN:v3p315 …
quotes 7:180: «ولله الاسما» in 4 segment(s): BURHAN:v2p451, DAMGHANI:v1p246, IBNJAWZI-NUZHA:v1p257, NASHR:v1p486
quotes 7:180: «الحسنيا فادعوه» in 0 segment(s): 
quotes 7:180: «فادعوه بها» in 0 segment(s): 
quotes 7:180: «بها وذروا» in 0 segment(s): 
quotes 7:180: «وذروا الذين» in 0 segment(s): 
quotes 7:180: «سيجزون ما» in 0 segment(s): 
quotes 7:201: 18 unique window(s): مسهم | مبصرون | اتقوا اذا | اذا مسهم | مسهم طايف | الشيطان تذكروا | تذكروا فاذا | هم مبصرون | ان الذين اتقوا | الذين اتقوا اذا | اتقوا اذا مسهم | اذا مسهم طايف | مسهم طايف من | طايف من الشيطان | من الشيطان تذكروا | الشيطان تذكروا فاذا | تذكروا فاذا هم | فاذا هم مبصرون
quotes 7:201: «مسهم» in 8 segment(s): BAQILLANI:v1p96, BURHAN:v2p356, BURHAN:v3p293, DAMGHANI:v1p299, IBNJAWZI-NUZHA:v1p416, ITQAN:v2p312, NASHR:v2p274, RAZI-FULL:v1p68
quotes 7:201: «مبصرون» in 7 segment(s): BAQILLANI:v1p96, BURHAN:v1p73, BURHAN:v3p293, BURHAN:v4p68, ITQAN:v3p279, RAZI-FULL:v1p68, SAMARRAI-ASRAR:r3#3
quotes 7:201: «اتقوا اذا» in 3 segment(s): BAQILLANI:v1p96, BURHAN:v3p293, RAZI-FULL:v1p68
quotes 7:201: «الشيطان تذكروا» in 4 segment(s): BAQILLANI:v1p96, BURHAN:v3p293, IBNJAWZI-NUZHA:v1p416, RAZI-FULL:v1p68
quotes 7:201: «تذكروا فاذا» in 6 segment(s): BAQILLANI:v1p96, BURHAN:v3p293, BURHAN:v4p68, ITQAN:v3p279, RAZI-FULL:v1p68, SAMARRAI-ASRAR:r3#3
quotes 7:201: «ان الذين اتقوا» in 3 segment(s): BAQILLANI:v1p96, BURHAN:v3p293, RAZI-FULL:v1p68
quotes 7:201: «طايف من الشيطان» in 6 segment(s): BAQILLANI:v1p96, BURHAN:v3p293, DAMGHANI:v1p299, IBNJAWZI-NUZHA:v1p416, ITQAN:v2p390#3, RAZI-FULL:v1p68
quotes 7:204: 11 unique window(s): وانصتوا | قري القران | القران فاستمعوا | له وانصتوا | وانصتوا لعلكم | واذا قري القران | قري القران فاستمعوا | القران فاستمعوا له | فاستمعوا له وانصتوا | له وانصتوا لعلكم | وانصتوا لعلكم ترحمون
quotes 7:204: «وانصتوا» in 4 segment(s): BINTSHATI-IJAZ:p164, ITQAN:v1p292, ITQAN:v3p218#2, SAMARRAI-ASRAR:r10
quotes 7:204: «قري القران» in 5 segment(s): BINTSHATI-IJAZ:p164, ITQAN:v1p292, ITQAN:v3p218#2, ITQAN:v4p434, SAMARRAI-ASRAR:r10
quotes 7:204: «القران فاستمعوا» in 4 segment(s): BINTSHATI-IJAZ:p164, ITQAN:v1p292, ITQAN:v3p218#2, SAMARRAI-ASRAR:r10
quotes 7:205: 22 unique window(s): وخيفه | ودون | نفسك تضرعا | تضرعا وخيفه | وخيفه ودون | ودون الجهر | القول بالغدو | والاصال ولا | من الغافلين | واذكر ربك في | ربك في نفسك | في نفسك تضرعا | نفسك تضرعا وخيفه | تضرعا وخيفه ودون | وخيفه ودون الجهر | ودون الجهر من | من القول بالغدو | القول بالغدو والاصال | بالغدو والاصال ولا | والاصال ولا تكن | ولا تكن من | تكن من الغافلين
quotes 7:205: «وخيفه» in 2 segment(s): BURHAN:v2p137, SAMARRAI-LAMASAT-HALAQAT:p612
quotes 7:205: «ودون» in 19 segment(s): ALUSI-FULL:v1p16, BINTSHATI-IJAZ:p73, BINTSHATI-IJAZ:p229, BINTSHATI-IJAZ:p392, BURHAN:v2p137, BURHAN:v2p481, BURHAN:v4p274, IBNQUTAYBA-MUSHKIL:v1p239#2, ITQAN:v3p241, JURJANI-ASRAR:v1p155, JURJANI-DALAIL:v1p142, NASHR:v1p315 …
quotes 7:205: «نفسك تضرعا» in 2 segment(s): BURHAN:v2p137, SAMARRAI-LAMASAT-HALAQAT:p612
quotes 7:205: «القول بالغدو» in 1 segment(s): SAMARRAI-LAMASAT-HALAQAT:p612
quotes 7:205: «والاصال ولا» in 1 segment(s): SAMARRAI-LAMASAT-HALAQAT:p612
quotes 7:205: «من الغافلين» in 4 segment(s): IBNATIYYA-FULL:v1p36#2, ITQAN:v1p188#3, SAMARRAI-ASRAR:r8#4, SAMARRAI-LAMASAT-HALAQAT:p612
quotes 7:205: «واذكر ربك في» in 3 segment(s): ALUSI-FULL:v1p10, BURHAN:v2p137, SAMARRAI-LAMASAT-HALAQAT:p612
quotes 7:205: «ربك في نفسك» in 3 segment(s): ALUSI-FULL:v1p10, BURHAN:v2p137, SAMARRAI-LAMASAT-HALAQAT:p612
quotes 7:205: «ولا تكن من» in 2 segment(s): MALIK:8, SAMARRAI-LAMASAT-HALAQAT:p612
quotes 8:24: 29 unique window(s): يحول | امنوا استجيبوا | استجيبوا لله | لله وللرسول | وللرسول اذا | دعاكم لما | لما يحييكم | يحييكم واعلموا | الله يحول | يحول بين | المر وقلبه | وقلبه وانه | وانه اليه | الذين امنوا استجيبوا | امنوا استجيبوا لله | استجيبوا لله وللرسول | لله وللرسول اذا | وللرسول اذا دعاكم | اذا دعاكم لما | دعاكم لما يحييكم | لما يحييكم واعلموا | يحييكم واعلموا ان | ان الله يحول | الله يحول بين | يحول بين المر | بين المر وقلبه | المر وقلبه وانه | وقلبه وانه اليه | وانه اليه تحشرون
quotes 8:24: «يحول» in 23 segment(s): BAQILLANI:v1p55, BAQILLANI:v1p167, BINTSHATI-IJAZ:p24, BINTSHATI-IJAZ:p563, DAMGHANI:v1p148, IBNASHUR-FULL:v1p5, JISHUMI:v1p643, JISHUMI:v2p933, JISHUMI:v2p962#2, JURJANI-ASRAR:v1p27, JURJANI-ASRAR:v1p72, JURJANI-DALAIL:v1p46 …
quotes 8:24: «امنوا استجيبوا» in 0 segment(s): 
quotes 8:24: «استجيبوا لله» in 4 segment(s): DURR-FULL:v1p12, FARRA:v1p504, IBNASHUR-FULL:v1p94, IBNQUTAYBA-MUSHKIL:v1p97
quotes 8:24: «لله وللرسول» in 3 segment(s): DURR-FULL:v1p12, IBNASHUR-FULL:v1p94, IBNQUTAYBA-MUSHKIL:v1p97
quotes 8:24: «وللرسول اذا» in 3 segment(s): DURR-FULL:v1p12, IBNASHUR-FULL:v1p94, IBNQUTAYBA-MUSHKIL:v1p97
quotes 8:24: «دعاكم لما» in 3 segment(s): BURHAN:v1p453, DURR-FULL:v1p12, IBNQUTAYBA-MUSHKIL:v1p97
quotes 8:24: «لما يحييكم» in 4 segment(s): BURHAN:v1p453, DURR-FULL:v1p12, IBNASHUR-FULL:v1p94, IBNQUTAYBA-MUSHKIL:v1p97
quotes 8:24: «يحييكم واعلموا» in 0 segment(s): 
quotes 8:24: «المر وقلبه» in 3 segment(s): DAMGHANI:v1p148, ITQAN:v1p238, NASHR:v1p432#2
quotes 8:24: «وقلبه وانه» in 0 segment(s): 
quotes 8:24: «وانه اليه» in 0 segment(s): 
quotes 8:42: 62 unique window(s): بالعدوه | بالعدوه | القصويا | والركب | تواعدتم | لاختلفتم | انتم بالعدوه | بالعدوه الدنيا | وهم بالعدوه | بالعدوه القصويا | القصويا والركب | والركب اسفل | منكم ولو | ولو تواعدتم | تواعدتم لاختلفتم | لاختلفتم في | في الميعاد | الميعاد ولاكن | ولاكن ليقضي | مفعولا ليهلك | ليهلك من | من هلك | هلك عن | عن بينه | بينه ويحييا | ويحييا من | من حي | حي عن | عن بينه | بينه وان | الله لسميع | لسميع عليم | اذ انتم بالعدوه | انتم بالعدوه الدنيا | بالعدوه الدنيا وهم | الدنيا وهم بالعدوه | وهم بالعدوه القصويا | بالعدوه القصويا والركب | القصويا والركب اسفل | والركب اسفل منكم | اسفل منكم ولو | منكم ولو تواعدتم | ولو تواعدتم لاختلفتم | تواعدتم لاختلفتم في | لاختلفتم في الميعاد | في الميعاد ولاكن | الميعاد ولاكن ليقضي | ولاكن ليقضي الله | كان مفعولا ليهلك | مفعولا ليهلك من | ليهلك من هلك | من هلك عن | هلك عن بينه | عن بينه ويحييا | بينه ويحييا من | ويحييا من حي | من حي عن | حي عن بينه | عن بينه وان | بينه وان الله | وان الله لسميع | الله لسميع عليم
quotes 8:42: «بالعدوه» in 5 segment(s): BINTSHATI-IJAZ:p273, BURHAN:v2p515, ITQAN:v2p341, MAJAZ:v2p429#2, NASHR:v2p275
quotes 8:42: «بالعدوه» in 5 segment(s): BINTSHATI-IJAZ:p273, BURHAN:v2p515, ITQAN:v2p341, MAJAZ:v2p429#2, NASHR:v2p275
quotes 8:42: «القصويا» in 0 segment(s): 
quotes 8:42: «والركب» in 3 segment(s): IBNJAWZI-NUZHA:v1p100, SIBAWAYH:(هذابابالظروفالمبهمةغيرالمتمكنة)#549, SIBAWAYH:(هذابابمابنتالعربمنالأسماءوالصفاتوالأفعالغيرالمعتلة#750
quotes 8:42: «تواعدتم» in 0 segment(s): 
quotes 8:42: «لاختلفتم» in 0 segment(s): 
quotes 8:42: «منكم ولو» in 0 segment(s): 
quotes 8:42: «في الميعاد» in 1 segment(s): BURHAN:v3p219
quotes 8:42: «الميعاد ولاكن» in 0 segment(s): 
quotes 8:42: «ولاكن ليقضي» in 0 segment(s): 
quotes 8:42: «مفعولا ليهلك» in 0 segment(s): 
quotes 8:42: «ليهلك من» in 0 segment(s): 
quotes 8:42: «من هلك» in 2 segment(s): BURHAN:v3p64, JISHUMI:v1p572#2
quotes 8:42: «هلك عن» in 2 segment(s): KHATTABI:v1p37, KHATTABI:v1p44
quotes 8:42: «عن بينه» in 3 segment(s): FARRA:v1p504, SIBAWAYH:(هذابابالتضعيففيبناتالياءوذلكنحوعييتوحييتوأحييت)#795, SIBAWAYH:(هذابابماقيسمنالمعتلمنبناتالياءوالواوولميجئفيالكلام#798
quotes 8:42: «بينه ويحييا» in 0 segment(s): 
quotes 8:42: «ويحييا من» in 0 segment(s): 
quotes 8:42: «من حي» in 6 segment(s): ITQAN:v3p46#2, ITQAN:v4p384, JISHUMI:v1p441, NASHR:v2p275, SIBAWAYH:(هذابابالتضعيففيبناتالياءوذلكنحوعييتوحييتوأحييت)#795, SIBAWAYH:(هذابابماجاءعلىأنفعلتمنهمثلبعتوإنكانلميستعملفيالكلام#796
quotes 8:42: «حي عن» in 2 segment(s): FARRA:v1p504, SIBAWAYH:(هذابابالتضعيففيبناتالياءوذلكنحوعييتوحييتوأحييت)#795
quotes 8:42: «عن بينه» in 3 segment(s): FARRA:v1p504, SIBAWAYH:(هذابابالتضعيففيبناتالياءوذلكنحوعييتوحييتوأحييت)#795, SIBAWAYH:(هذابابماقيسمنالمعتلمنبناتالياءوالواوولميجئفيالكلام#798
quotes 8:42: «بينه وان» in 1 segment(s): SIBAWAYH:اعلمأنالمندوبمدعوولكنهمتفجععليهفإنشئتألحقتفيآخرالاسم#308
quotes 8:42: «الله لسميع» in 0 segment(s): 
quotes 8:42: «لسميع عليم» in 0 segment(s): 
quotes 9:102: 20 unique window(s): اعترفوا | خلطوا | سييا | واخرون اعترفوا | اعترفوا بذنوبهم | بذنوبهم خلطوا | خلطوا عملا | صالحا واخر | واخر سييا | سييا عسي | واخرون اعترفوا بذنوبهم | اعترفوا بذنوبهم خلطوا | بذنوبهم خلطوا عملا | خلطوا عملا صالحا | عملا صالحا واخر | صالحا واخر سييا | واخر سييا عسي | سييا عسي الله | الله ان يتوب | ان يتوب عليهم
quotes 9:102: «اعترفوا» in 6 segment(s): ALUSI-FULL:v1p16, BURHAN:v3p130, ITQAN:v4p387, ITQAN:v4p427, JURJANI-DALAIL:v1p293, NASHR:v1p459
quotes 9:102: «خلطوا» in 9 segment(s): BURHAN:v2p223, BURHAN:v3p130, BURHAN:v3p152, FARRA:v1p506, ITQAN:v3p165, ITQAN:v3p171, ITQAN:v4p427, NASHR:v2p115, THALABI:v1p73#2
quotes 9:102: «سييا» in 12 segment(s): BURHAN:v3p130, BURHAN:v3p152, FARRA:v1p506, ITQAN:v3p144, ITQAN:v3p165, ITQAN:v3p171, ITQAN:v3p273, ITQAN:v4p427, NASHR:v1p454, SAMARRAI-LAMASAT:p110, SAMARRAI-LAMASAT-HALAQAT:p89, SAMARRAI-LAMASAT-HALAQAT:p891
quotes 9:102: «صالحا واخر» in 5 segment(s): BURHAN:v2p223, BURHAN:v3p130, FARRA:v1p506, ITQAN:v3p165, ITQAN:v4p427
quotes 9:102: «الله ان يتوب» in 3 segment(s): IBNHISHAM:v2p238, IBNHISHAM:v2p553#2, MUSNAD-AHMAD:3632
quotes 9:102: «ان يتوب عليهم» in 3 segment(s): IBNHISHAM:v2p238, IBNHISHAM:v2p553#2, MUSNAD-AHMAD:3632
quotes 9:103: 26 unique window(s): تطهرهم | وتزكيهم | صلواتك | خذ من | اموالهم صدقه | صدقه تطهرهم | تطهرهم وتزكيهم | وتزكيهم بها | بها وصل | وصل عليهم | ان صلواتك | صلواتك سكن | سكن لهم | خذ من اموالهم | من اموالهم صدقه | اموالهم صدقه تطهرهم | صدقه تطهرهم وتزكيهم | تطهرهم وتزكيهم بها | وتزكيهم بها وصل | بها وصل عليهم | وصل عليهم ان | عليهم ان صلواتك | ان صلواتك سكن | صلواتك سكن لهم | سكن لهم والله | لهم والله سميع
quotes 9:103: «تطهرهم» in 4 segment(s): DAMGHANI:v1p299, IBNJAWZI-NUZHA:v1p419, JURJANI-DALAIL:v1p243, SAMARRAI-ASRAR:r5#10
quotes 9:103: «وتزكيهم» in 5 segment(s): DAMGHANI:v1p218, DAMGHANI:v1p299, IBNJAWZI-NUZHA:v1p419, JURJANI-DALAIL:v1p243, SAMARRAI-ASRAR:r5#10
quotes 9:103: «صلواتك» in 0 segment(s): 
quotes 9:103: «خذ من» in 6 segment(s): BURHAN:v4p318, DAMGHANI:v1p299, FARRA:v1p506, IBNJAWZI-NUZHA:v1p419, JURJANI-DALAIL:v1p243, SAMARRAI-ASRAR:r5#10
quotes 9:103: «اموالهم صدقه» in 5 segment(s): DAMGHANI:v1p299, FARRA:v1p506, IBNJAWZI-NUZHA:v1p419, JURJANI-DALAIL:v1p243, SAMARRAI-ASRAR:r5#10
quotes 9:103: «بها وصل» in 2 segment(s): JURJANI-DALAIL:v1p243, SAMARRAI-ASRAR:r5#10
quotes 9:103: «وصل عليهم» in 12 segment(s): BURHAN:v2p165, BURHAN:v2p405, BURHAN:v3p94, DAMGHANI:v1p242, DAMGHANI:v1p282, IBNJAWZI-NUZHA:v1p393, IBNQUTAYBA-MUSHKIL:v1p255, ITQAN:v2p412, ITQAN:v2p454#4, ITQAN:v4p480, JURJANI-DALAIL:v1p243, SAMARRAI-ASRAR:r5#10
quotes 9:103: «سكن لهم» in 14 segment(s): BURHAN:v2p165, BURHAN:v2p405, BURHAN:v3p91, BURHAN:v3p94, BURHAN:v4p105, DAMGHANI:v1p242, DAMGHANI:v1p282, IBNJAWZI-NUZHA:v1p393, IBNQUTAYBA-MUSHKIL:v1p255, ITQAN:v2p313#2, ITQAN:v2p454#4, ITQAN:v4p480 …
quotes 9:103: «لهم والله سميع» in 1 segment(s): SAMARRAI-ASRAR:r5#10
quotes 11:105: 16 unique window(s): وسعيد | يوم يات | يات لا | لا تكلم | تكلم نفس | باذنه فمنهم | فمنهم شقي | شقي وسعيد | يوم يات لا | يات لا تكلم | لا تكلم نفس | تكلم نفس الا | نفس الا باذنه | الا باذنه فمنهم | باذنه فمنهم شقي | فمنهم شقي وسعيد
NOTE quotes 11:105: window «وسعيد» in 71 segments, too common alone; the longer windows that contain it are used instead
quotes 11:105: «يوم يات» in 8 segment(s): BINTSHATI-IJAZ:p270, BURHAN:v1p53, BURHAN:v1p402, ITQAN:v3p247#4, ITQAN:v3p260, ITQAN:v4p446, NASHR:v2p292, SAMARRAI-ASRAR:r5#4
quotes 11:105: «يات لا» in 5 segment(s): BINTSHATI-IJAZ:p270, BURHAN:v4p355, ITQAN:v3p247#4, ITQAN:v4p446, SAMARRAI-ASRAR:r5#4
quotes 11:105: «لا تكلم» in 11 segment(s): BINTSHATI-IJAZ:p270, DAMGHANI:v1p253, ITQAN:v3p247#4, ITQAN:v4p446, JISHUMI:v2p1036, JURJANI-ASRAR:v1p101, NASHR:v2p231, NASHR:v2p290, SAMARRAI-ASRAR:r5#4, SIBAWAYH:اعلمأنالمفعولالثانيقدتكونعلامتهإذاأضمرفيهذاالبابالعلامة#420, SIBAWAYH:اعلمأنكتثنىمنإذاقلترأيترجلينكماتثنىأياوذلكقولكرأيت#450
quotes 11:105: «تكلم نفس» in 5 segment(s): BINTSHATI-IJAZ:p270, ITQAN:v3p247#4, JISHUMI:v2p1036, NASHR:v2p231, SAMARRAI-ASRAR:r5#4
quotes 11:105: «باذنه فمنهم» in 1 segment(s): SAMARRAI-ASRAR:r5#4
quotes 11:105: «فمنهم شقي» in 6 segment(s): BURHAN:v3p260#2, BURHAN:v3p272#2, DAMGHANI:v1p266, IBNJAWZI-NUZHA:v1p370#2, ITQAN:v3p247#4, SAMARRAI-ASRAR:r5#4
quotes 11:105: «شقي وسعيد» in 6 segment(s): BURHAN:v3p260#2, BURHAN:v3p272#2, DAMGHANI:v1p266, IBNJAWZI-NUZHA:v1p370#2, ITQAN:v3p247#4, SAMARRAI-ASRAR:r5#4
quotes 11:105: «نفس الا باذنه» in 3 segment(s): BINTSHATI-IJAZ:p270, ITQAN:v3p247#4, SAMARRAI-ASRAR:r5#4
quotes 11:106: 11 unique window(s): شقوا | وشهيق | الذين شقوا | شقوا ففي | ففي النار | زفير وشهيق | فاما الذين شقوا | الذين شقوا ففي | شقوا ففي النار | ففي النار لهم | فيها زفير وشهيق
quotes 11:106: «شقوا» in 5 segment(s): BINTSHATI-IJAZ:p572, BURHAN:v3p48#2, BURHAN:v4p242, ITQAN:v3p247#4, SAMARRAI-LAMASAT-HALAQAT:p587
quotes 11:106: «وشهيق» in 3 segment(s): BURHAN:v3p48#2, ITQAN:v2p314#2, SAMARRAI-LAMASAT-HALAQAT:p587
quotes 11:106: «ففي النار» in 3 segment(s): BURHAN:v3p48#2, BURHAN:v4p242, SAMARRAI-LAMASAT-HALAQAT:p587
quotes 11:108: 14 unique window(s): سعدوا | مجذوذ | الذين سعدوا | سعدوا ففي | ففي الجنه | عطا غير | غير مجذوذ | واما الذين سعدوا | الذين سعدوا ففي | سعدوا ففي الجنه | ففي الجنه خالدين | شا ربك عطا | ربك عطا غير | عطا غير مجذوذ
quotes 11:108: «سعدوا» in 10 segment(s): BURHAN:v2p386, BURHAN:v2p402, BURHAN:v4p242, BURHAN:v4p440, DAMGHANI:v1p362, ITQAN:v3p247#4, JURJANI-DALAIL:v1p149, NASHR:v2p290, SAMARRAI-LAMASAT-HALAQAT:p587, SIBAWAYH:وليستتثنيتهبالتيتمنعالرفعحالهقبلالتثنيةولاالنصبماكانعليه#259
quotes 11:108: «مجذوذ» in 8 segment(s): BURHAN:v3p48#2, BURHAN:v3p50, DAMGHANI:v1p103, IBNQUTAYBA-MUSHKIL:v1p26, IBNQUTAYBA-MUSHKIL:v1p53, ITQAN:v2p314#2, MAJAZ:v2p406, SAMARRAI-LAMASAT-HALAQAT:p587
quotes 11:108: «ففي الجنه» in 7 segment(s): BURHAN:v2p386, BURHAN:v2p402, BURHAN:v4p242, DAMGHANI:v1p198, ITQAN:v3p177, SAMARRAI-LAMASAT-HALAQAT:p587, SIBAWAYH:وليستتثنيتهبالتيتمنعالرفعحالهقبلالتثنيةولاالنصبماكانعليه#259
quotes 11:108: «عطا غير» in 6 segment(s): BURHAN:v3p48#2, BURHAN:v3p50, DAMGHANI:v1p103, IBNQUTAYBA-MUSHKIL:v1p26, IBNQUTAYBA-MUSHKIL:v1p53, SAMARRAI-LAMASAT-HALAQAT:p587
quotes 11:108: «شا ربك عطا» in 1 segment(s): SAMARRAI-LAMASAT-HALAQAT:p587
quotes 11:116: 36 unique window(s): بقيه | اترفوا | فلولا كان | قبلكم اولوا | اولوا بقيه | بقيه ينهون | عن الفساد | قليلا ممن | ممن انجينا | انجينا منهم | منهم واتبع | واتبع الذين | ما اترفوا | اترفوا فيه | فيه وكانوا | وكانوا مجرمين | فلولا كان من | كان من القرون | من قبلكم اولوا | قبلكم اولوا بقيه | اولوا بقيه ينهون | بقيه ينهون عن | ينهون عن الفساد | عن الفساد في | الارض الا قليلا | الا قليلا ممن | قليلا ممن انجينا | ممن انجينا منهم | انجينا منهم واتبع | منهم واتبع الذين | واتبع الذين ظلموا | الذين ظلموا ما | ظلموا ما اترفوا | ما اترفوا فيه | اترفوا فيه وكانوا | فيه وكانوا مجرمين
NOTE quotes 11:116: window «بقيه» in 77 segments, too common alone; the longer windows that contain it are used instead
quotes 11:116: «اترفوا» in 3 segment(s): MAJAZ:v2p404#2, SAMARRAI-ASRAR:r3, SAMARRAI-ASRAR:r8#4
quotes 11:116: «فلولا كان» in 9 segment(s): BURHAN:v4p377, DAMGHANI:v1p75, DAMGHANI:v1p420, IBNJAWZI-NUZHA:v1p202, IBNJAWZI-NUZHA:v1p532, IBNQUTAYBA-MUSHKIL:v1p289, SAMARRAI-ASRAR:r3, SAMARRAI-ASRAR:r8#4, SIBAWAYH:فمنذلكقولهتعالى@QB@لاعاصماليوممنأمراللهإلامنرحم@QE@أي#381
quotes 11:116: «قبلكم اولوا» in 4 segment(s): IBNJAWZI-NUZHA:v1p202, SAMARRAI-ASRAR:r3, SAMARRAI-ASRAR:r8#4, SIBAWAYH:فمنذلكقولهتعالى@QB@لاعاصماليوممنأمراللهإلامنرحم@QE@أي#381
quotes 11:116: «اولوا بقيه» in 4 segment(s): IBNJAWZI-NUZHA:v1p202, SAMARRAI-ASRAR:r3, SAMARRAI-ASRAR:r8#4, SIBAWAYH:فمنذلكقولهتعالى@QB@لاعاصماليوممنأمراللهإلامنرحم@QE@أي#381
quotes 11:116: «بقيه ينهون» in 4 segment(s): IBNJAWZI-NUZHA:v1p469, SAMARRAI-ASRAR:r3, SAMARRAI-ASRAR:r8#4, SIBAWAYH:فمنذلكقولهتعالى@QB@لاعاصماليوممنأمراللهإلامنرحم@QE@أي#381
quotes 11:116: «عن الفساد» in 5 segment(s): IBNJAWZI-NUZHA:v1p469, RAZI-FULL:v1p72#2, SAMARRAI-ASRAR:r3, SAMARRAI-ASRAR:r8#4, SIBAWAYH:فمنذلكقولهتعالى@QB@لاعاصماليوممنأمراللهإلامنرحم@QE@أي#381
quotes 11:116: «قليلا ممن» in 5 segment(s): BURHAN:v1p50, BURHAN:v4p239, SAMARRAI-ASRAR:r3, SAMARRAI-ASRAR:r8#4, SIBAWAYH:فمنذلكقولهتعالى@QB@لاعاصماليوممنأمراللهإلامنرحم@QE@أي#381
quotes 11:116: «ممن انجينا» in 4 segment(s): BURHAN:v4p239, SAMARRAI-ASRAR:r3, SAMARRAI-ASRAR:r8#4, SIBAWAYH:فمنذلكقولهتعالى@QB@لاعاصماليوممنأمراللهإلامنرحم@QE@أي#381
quotes 11:116: «انجينا منهم» in 4 segment(s): BURHAN:v4p239, SAMARRAI-ASRAR:r3, SAMARRAI-ASRAR:r8#4, SIBAWAYH:فمنذلكقولهتعالى@QB@لاعاصماليوممنأمراللهإلامنرحم@QE@أي#381
quotes 11:116: «منهم واتبع» in 2 segment(s): SAMARRAI-ASRAR:r3, SAMARRAI-ASRAR:r8#4
quotes 11:116: «واتبع الذين» in 2 segment(s): SAMARRAI-ASRAR:r3, SAMARRAI-ASRAR:r8#4
quotes 11:116: «فيه وكانوا» in 2 segment(s): SAMARRAI-ASRAR:r3, SAMARRAI-ASRAR:r8#4
quotes 11:116: «وكانوا مجرمين» in 2 segment(s): SAMARRAI-ASRAR:r3, SAMARRAI-ASRAR:r8#4
quotes 11:116: «كان من القرون» in 8 segment(s): BURHAN:v4p377, DAMGHANI:v1p75, IBNJAWZI-NUZHA:v1p202, IBNJAWZI-NUZHA:v1p532, IBNQUTAYBA-MUSHKIL:v1p289, SAMARRAI-ASRAR:r3, SAMARRAI-ASRAR:r8#4, SIBAWAYH:فمنذلكقولهتعالى@QB@لاعاصماليوممنأمراللهإلامنرحم@QE@أي#381
quotes 11:116: «الارض الا قليلا» in 3 segment(s): SAMARRAI-ASRAR:r3, SAMARRAI-ASRAR:r8#4, SIBAWAYH:فمنذلكقولهتعالى@QB@لاعاصماليوممنأمراللهإلامنرحم@QE@أي#381
quotes 11:116: «الذين ظلموا ما» in 2 segment(s): SAMARRAI-ASRAR:r3, SAMARRAI-ASRAR:r8#4
quotes 12:91: 12 unique window(s): اثرك | لخاطين | لقد اثرك | اثرك الله | علينا وان | كنا لخاطين | تالله لقد اثرك | لقد اثرك الله | اثرك الله علينا | الله علينا وان | علينا وان كنا | وان كنا لخاطين
quotes 12:91: «اثرك» in 5 segment(s): IBNJAWZI-ZAD:v1p7, ITQAN:v2p499, ITQAN:v4p328, SAMARRAI-LAMASAT-HALAQAT:p638, SAMARRAI-LAMASAT-HALAQAT:p698
quotes 12:91: «لخاطين» in 0 segment(s): 
quotes 12:91: «علينا وان» in 3 segment(s): JISHUMI:v1p869, SAMARRAI-LAMASAT-HALAQAT:p638, SAMARRAI-LAMASAT-HALAQAT:p698
quotes 13:9: 5 unique window(s): المتعال | والشهاده الكبير | الكبير المتعال | الغيب والشهاده الكبير | والشهاده الكبير المتعال
quotes 13:9: «المتعال» in 9 segment(s): ALUSI-FULL:v1p4#2, IBNJAWZI-NUZHA:v1p519, ITQAN:v3p265, ITQAN:v4p446, NASHR:v2p180, NASHR:v2p186, NASHR:v2p192, NASHR:v2p297#2, SIBAWAYH:(هذابابمايحذفمنأواخرالأسماءفيالوقفوهيالياءات)#739
quotes 13:9: «والشهاده الكبير» in 0 segment(s): 
quotes 13:10: 23 unique window(s): مستخف | وسارب | سوا منكم | من اسر | اسر القول | ومن جهر | جهر به | هو مستخف | مستخف باليل | باليل وسارب | وسارب بالنهار | سوا منكم من | منكم من اسر | من اسر القول | اسر القول ومن | القول ومن جهر | ومن جهر به | جهر به ومن | به ومن هو | ومن هو مستخف | هو مستخف باليل | مستخف باليل وسارب | باليل وسارب بالنهار
quotes 13:10: «مستخف» in 5 segment(s): BURHAN:v2p232, BURHAN:v3p51#2, BURHAN:v3p157, BURHAN:v3p454, IBNASHUR-FULL:v1p45
quotes 13:10: «وسارب» in 5 segment(s): BURHAN:v2p232, BURHAN:v3p51#2, BURHAN:v3p157, BURHAN:v3p454, NASHR:v1p279
quotes 13:10: «سوا منكم» in 4 segment(s): BURHAN:v2p232, BURHAN:v3p51#2, BURHAN:v3p405, BURHAN:v3p454
quotes 13:10: «من اسر» in 5 segment(s): ALUSI-FULL:v1p10, BURHAN:v2p232, BURHAN:v3p51#2, BURHAN:v3p405, BURHAN:v3p454
quotes 13:10: «اسر القول» in 4 segment(s): BURHAN:v2p232, BURHAN:v3p51#2, BURHAN:v3p405, BURHAN:v3p454
quotes 13:10: «ومن جهر» in 4 segment(s): BURHAN:v2p232, BURHAN:v3p51#2, BURHAN:v3p405, BURHAN:v3p454
quotes 13:10: «جهر به» in 5 segment(s): BURHAN:v2p232, BURHAN:v3p51#2, BURHAN:v3p405, BURHAN:v3p454, RAZI-FULL:v1p58
quotes 13:10: «به ومن هو» in 3 segment(s): BURHAN:v2p232, BURHAN:v3p51#2, BURHAN:v3p454
quotes 13:17: 76 unique window(s): فسالت | اوديه | بقدرها | فاحتمل | السيل | زبدا | رابيا | يوقدون | والباطل | الزبد | فيذهب | فيمكث | ما فسالت | فسالت اوديه | اوديه بقدرها | بقدرها فاحتمل | فاحتمل السيل | السيل زبدا | زبدا رابيا | رابيا ومما | ومما يوقدون | يوقدون عليه | النار ابتغا | ابتغا حليه | حليه او | او متاع | متاع زبد | زبد مثله | مثله كذالك | الحق والباطل | والباطل فاما | فاما الزبد | الزبد فيذهب | فيذهب جفا | جفا واما | واما ما | ما ينفع | الناس فيمكث | فيمكث في | الارض كذالك | السما ما فسالت | ما فسالت اوديه | فسالت اوديه بقدرها | اوديه بقدرها فاحتمل | بقدرها فاحتمل السيل | فاحتمل السيل زبدا | السيل زبدا رابيا | زبدا رابيا ومما | رابيا ومما يوقدون | ومما يوقدون عليه | يوقدون عليه في | عليه في النار | في النار ابتغا | النار ابتغا حليه | ابتغا حليه او | حليه او متاع | او متاع زبد | متاع زبد مثله | زبد مثله كذالك | مثله كذالك يضرب | يضرب الله الحق | الله الحق والباطل | الحق والباطل فاما | والباطل فاما الزبد | فاما الزبد فيذهب | الزبد فيذهب جفا | فيذهب جفا واما | جفا واما ما | واما ما ينفع | ما ينفع الناس | ينفع الناس فيمكث | الناس فيمكث في | فيمكث في الارض | في الارض كذالك | الارض كذالك يضرب | يضرب الله الامثال
quotes 13:17: «فسالت» in 12 segment(s): BURHAN:v1p245, BURHAN:v1p492, BURHAN:v3p148, IBNJAWZI-NUZHA:v1p549, IBNMUJAHID:v1p83, IBNQUTAYBA-MUSHKIL:v1p196, ITQAN:v3p70, ITQAN:v4p344#2, SAMARRAI-LAMASAT-HALAQAT:p825, SIBAWAYH:وإنشئتجعلتهصفةفجرىعلىالأولوإنشئتقطعتهفابتدأته|وذلكقولك#228, SIBAWAYH:(هذابابمنأبوابأن)#498, SIBAWAYH:(هذابابالإشباعفيالجروالرفعوغيرالإشباعوالحركةكماهي)#745
quotes 13:17: «اوديه» in 14 segment(s): BINTSHATI-IJAZ:p409, BURHAN:v1p492, BURHAN:v3p148, IBNATIYYA-FULL:v1p33, IBNJAWZI-NUZHA:v1p549, IBNQUTAYBA-MUSHKIL:v1p196, ITQAN:v4p344#2, ITQAN:v4p378, JISHUMI:v2p949, JURJANI-DALAIL:v1p364, KHATTABI:v1p34, SAMARRAI-LAMASAT:p9 …
quotes 13:17: «بقدرها» in 14 segment(s): BAQILLANI:v1p254, BURHAN:v1p492, BURHAN:v2p107, BURHAN:v3p148, IBNJAWZI-NUZHA:v1p549, IBNQUTAYBA-MUSHKIL:v1p196, ITQAN:v2p316, ITQAN:v4p344#2, JISHUMI:v2p949, KHATTABI:v1p51, NASHR:v1p269, SAMARRAI-LAMASAT-HALAQAT:p718 …
quotes 13:17: «فاحتمل» in 4 segment(s): BURHAN:v2p481, IBNQUTAYBA-MUSHKIL:v1p196, ITQAN:v2p542, SIBAWAYH:(هذابابماينصرففيالمذكرالبتةمماليسفيآخرهحرفالتأنيث)#534
quotes 13:17: «السيل» in 10 segment(s): BAQILLANI:v1p143, BAQILLANI:v1p181, BINTSHATI-IJAZ:p551, BURHAN:v1p492, IBNJAWZI-NUZHA:v1p413, IBNQUTAYBA-MUSHKIL:v1p196, JURJANI-ASRAR:v1p231#2, JURJANI-DALAIL:v1p226, SIBAWAYH:وذلكقولالعربسمعناهمنهمهومنىمنزلةالشغافوهومنىمنزلةالولد|#196, SIBAWAYH:(هذابابعدةمايكونعليهالكلم)#747
quotes 13:17: «زبدا» in 4 segment(s): BURHAN:v1p492, IBNQUTAYBA-MUSHKIL:v1p196, ITQAN:v2p364, SIBAWAYH:وذلكماكانمنالمقاديروذلكقولكمافيالسماءموضعكفسحاباولى#281
quotes 13:17: «رابيا» in 3 segment(s): BURHAN:v1p492, IBNQUTAYBA-MUSHKIL:v1p196, MAJAZ:v2p415
quotes 13:17: «يوقدون» in 5 segment(s): BINTSHATI-IJAZ:p329, BURHAN:v1p492, IBNQUTAYBA-MUSHKIL:v1p196, IBNQUTAYBA-MUSHKIL:v1p275#2, NASHR:v2p297#2
quotes 13:17: «والباطل» in 36 segment(s): ALUSI-FULL:v1p9, BAQILLANI:v1p245, BINTSHATI-IJAZ:p248, BURHAN:v1p278, BURHAN:v1p280, BURHAN:v4p132, BURHAN:v4p277, DAMGHANI:v1p357, IBNASHUR-FULL:v1p71, IBNATIYYA-FULL:v1p56, IBNJAWZI-NUZHA:v1p195, IBNQUTAYBA-MUSHKIL:v1p196 …
quotes 13:17: «الزبد» in 6 segment(s): BURHAN:v1p492, BURHAN:v1p493, IBNQUTAYBA-MUSHKIL:v1p49, IBNQUTAYBA-MUSHKIL:v1p196, ITQAN:v4p344#2, SIBAWAYH:وذلكلأنهمبدءوابالإضمارلأنهمشرطواالتفسيروذلكنووافجرىذلكفي#285
quotes 13:17: «فيذهب» in 13 segment(s): ALUSI-FULL:v1p21#2, BURHAN:v1p233, BURHAN:v1p446, BURHAN:v1p492, BURHAN:v2p200, BURHAN:v2p412, IBNATIYYA-FULL:v1p49, IBNKATHIR-FULL:v1p24#2, IBNQUTAYBA-MUSHKIL:v1p196, ITQAN:v1p160#2, ITQAN:v4p344#2, JURJANI-ASRAR:v1p50 …
quotes 13:17: «فيمكث» in 6 segment(s): BURHAN:v1p492, DAMGHANI:v1p30, DAMGHANI:v1p438, IBNJAWZI-NUZHA:v1p171, IBNQUTAYBA-MUSHKIL:v1p196, ITQAN:v4p344#2
quotes 13:17: «النار ابتغا» in 4 segment(s): BINTSHATI-IJAZ:p329, BURHAN:v1p492, IBNQUTAYBA-MUSHKIL:v1p196, IBNQUTAYBA-MUSHKIL:v1p275#2
quotes 13:17: «ابتغا حليه» in 4 segment(s): BINTSHATI-IJAZ:p329, BURHAN:v1p492, IBNQUTAYBA-MUSHKIL:v1p196, IBNQUTAYBA-MUSHKIL:v1p275#2
quotes 13:17: «حليه او» in 4 segment(s): BINTSHATI-IJAZ:p329, BURHAN:v1p492, IBNQUTAYBA-MUSHKIL:v1p196, IBNQUTAYBA-MUSHKIL:v1p275#2
quotes 13:17: «او متاع» in 6 segment(s): BINTSHATI-IJAZ:p329, BURHAN:v1p492, DAMGHANI:v1p428, IBNJAWZI-NUZHA:v1p558, IBNQUTAYBA-MUSHKIL:v1p196, IBNQUTAYBA-MUSHKIL:v1p275#2
quotes 13:17: «متاع زبد» in 4 segment(s): BURHAN:v1p492, DAMGHANI:v1p428, IBNJAWZI-NUZHA:v1p558, IBNQUTAYBA-MUSHKIL:v1p196
quotes 13:17: «زبد مثله» in 4 segment(s): BURHAN:v1p492, DAMGHANI:v1p428, IBNJAWZI-NUZHA:v1p558, IBNQUTAYBA-MUSHKIL:v1p196
quotes 13:17: «مثله كذالك» in 0 segment(s): 
quotes 13:17: «جفا واما» in 2 segment(s): BURHAN:v1p492, IBNQUTAYBA-MUSHKIL:v1p196
NOTE quotes 13:17: window «واما ما» in 156 segments, too common alone; the longer windows that contain it are used instead
quotes 13:17: «ما ينفع» in 7 segment(s): BURHAN:v1p492, DAMGHANI:v1p30, DAMGHANI:v1p438, IBNJAWZI-NUZHA:v1p171, IBNQUTAYBA-MUSHKIL:v1p196, ITQAN:v4p344#2, RAZI-FULL:v1p76#2
quotes 13:17: «الارض كذالك» in 0 segment(s): 
quotes 13:17: «عليه في النار» in 5 segment(s): BINTSHATI-IJAZ:p329, BURHAN:v1p492, IBNHISHAM:v2p338#2, IBNQUTAYBA-MUSHKIL:v1p196, IBNQUTAYBA-MUSHKIL:v1p275#2
quotes 13:17: «يضرب الله الحق» in 1 segment(s): IBNQUTAYBA-MUSHKIL:v1p196
quotes 13:17: «يضرب الله الامثال» in 2 segment(s): IBNASHUR-FULL:v1p108, IBNQUTAYBA-MUSHKIL:v1p196
quotes 14:1: 14 unique window(s): لتخرج | اليك لتخرج | لتخرج الناس | النور باذن | ربهم اليا | الر كتاب انزلناه | انزلناه اليك لتخرج | اليك لتخرج الناس | لتخرج الناس من | الناس من الظلمات | الي النور باذن | النور باذن ربهم | باذن ربهم اليا | ربهم اليا صراط
quotes 14:1: «لتخرج» in 11 segment(s): ALUSI-FULL:v1p33, BAQILLANI:v1p8, BINTSHATI-IJAZ:p156, BINTSHATI-IJAZ:p175, BURHAN:v2p88, BURHAN:v3p442, IBNJAWZI-NUZHA:v1p97, NASHR:v1p223, RUMMANI:v1p91, SIBAWAYH:فأماالنعتالذىجرىعلىالمنعوتفقولكمررتبرجلظريفقبلفصارالنعت#200, SIBAWAYH:(هذابابمايتقدمأولالحروفوهيزائدةقدمتلإسكانأولالحروف)#723
quotes 14:1: «النور باذن» in 5 segment(s): BAQILLANI:v1p8, BINTSHATI-IJAZ:p156, BINTSHATI-IJAZ:p175, BURHAN:v2p88, IBNJAWZI-NUZHA:v1p97
quotes 14:1: «ربهم اليا» in 0 segment(s): 
quotes 14:1: «الر كتاب انزلناه» in 3 segment(s): BAQILLANI:v1p8, BINTSHATI-IJAZ:p156, BINTSHATI-IJAZ:p175
quotes 14:1: «الناس من الظلمات» in 7 segment(s): BAQILLANI:v1p8, BINTSHATI-IJAZ:p156, BINTSHATI-IJAZ:p175, BURHAN:v2p88, BURHAN:v3p442, IBNJAWZI-NUZHA:v1p97, RUMMANI:v1p91
quotes 14:17: 26 unique window(s): يتجرعه | يسيغه | وياتيه | بميت | يتجرعه ولا | يكاد يسيغه | يسيغه وياتيه | وياتيه الموت | مكان وما | هو بميت | بميت ومن | ومن ورايه | ورايه عذاب | يتجرعه ولا يكاد | ولا يكاد يسيغه | يكاد يسيغه وياتيه | يسيغه وياتيه الموت | وياتيه الموت من | الموت من كل | كل مكان وما | مكان وما هو | وما هو بميت | هو بميت ومن | بميت ومن ورايه | ومن ورايه عذاب | ورايه عذاب غليظ
quotes 14:17: «يتجرعه» in 4 segment(s): ITQAN:v4p516, SAMARRAI-LAMASAT:p102, SAMARRAI-LAMASAT-HALAQAT:p81, SIBAWAYH:(هذاباباستفعلت)#687
quotes 14:17: «يسيغه» in 2 segment(s): SAMARRAI-LAMASAT:p102, SAMARRAI-LAMASAT-HALAQAT:p81
quotes 14:17: «وياتيه» in 6 segment(s): BURHAN:v2p60, DAMGHANI:v1p15, IBNQUTAYBA-MUSHKIL:v1p26, NASHR:v1p304#2, SAMARRAI-LAMASAT:p102, SAMARRAI-LAMASAT-HALAQAT:p81
quotes 14:17: «بميت» in 4 segment(s): BURHAN:v2p60, NASHR:v2p225, SAMARRAI-LAMASAT:p102, SAMARRAI-LAMASAT-HALAQAT:p81
quotes 14:17: «مكان وما» in 4 segment(s): BURHAN:v2p60, BURHAN:v3p325, SAMARRAI-LAMASAT:p102, SAMARRAI-LAMASAT-HALAQAT:p81
quotes 14:17: «ومن ورايه» in 4 segment(s): BAQILLANI:v1p145#2, IBNQUTAYBA-MUSHKIL:v1p119, SAMARRAI-LAMASAT:p102, SAMARRAI-LAMASAT-HALAQAT:p81
quotes 14:17: «ورايه عذاب» in 3 segment(s): IBNQUTAYBA-MUSHKIL:v1p119, SAMARRAI-LAMASAT:p102, SAMARRAI-LAMASAT-HALAQAT:p81
quotes 14:17: «الموت من كل» in 6 segment(s): BURHAN:v2p60, DAMGHANI:v1p15, HAMASA:v1p73, HAMASA:v1p490, SAMARRAI-LAMASAT:p102, SAMARRAI-LAMASAT-HALAQAT:p81
quotes 14:35: 19 unique window(s): واجنبني | وبني | الاصنام | ابراهيم رب | هاذا البلد | البلد امنا | امنا واجنبني | واجنبني وبني | وبني ان | نعبد الاصنام | قال ابراهيم رب | ابراهيم رب اجعل | اجعل هاذا البلد | هاذا البلد امنا | البلد امنا واجنبني | امنا واجنبني وبني | واجنبني وبني ان | وبني ان نعبد | ان نعبد الاصنام
quotes 14:35: «واجنبني» in 2 segment(s): JISHUMI:v1p578, MAJAZ:v2p406#2
NOTE quotes 14:35: window «وبني» in 43 segments, too common alone; the longer windows that contain it are used instead
NOTE quotes 14:35: window «الاصنام» in 45 segments, too common alone; the longer windows that contain it are used instead
quotes 14:35: «ابراهيم رب» in 9 segment(s): BURHAN:v2p64, DAMGHANI:v1p75, DAMGHANI:v1p483, IBNJAWZI-NUZHA:v1p201, ITQAN:v4p427, JISHUMI:v1p585, JISHUMI:v1p586, JISHUMI:v2p1016#2, SAMARRAI-LAMASAT-HALAQAT:p104
quotes 14:35: «هاذا البلد» in 0 segment(s): 
quotes 14:35: «البلد امنا» in 9 segment(s): BURHAN:v1p126, BURHAN:v2p64, BURHAN:v2p281, BURHAN:v4p130, DAMGHANI:v1p75, IBNJAWZI-NUZHA:v1p201, ITQAN:v3p306, JISHUMI:v1p590, SAMARRAI-LAMASAT-HALAQAT:p596
quotes 14:35: «وبني ان» in 1 segment(s): JISHUMI:v1p578
quotes 14:35: «نعبد الاصنام» in 1 segment(s): JISHUMI:v1p578
quotes 14:36: 25 unique window(s): انهن | اضللن | تبعني | عصاني | رب انهن | انهن اضللن | اضللن كثيرا | الناس فمن | فمن تبعني | تبعني فانه | ومن عصاني | عصاني فانك | فانك غفور | رب انهن اضللن | انهن اضللن كثيرا | اضللن كثيرا من | من الناس فمن | الناس فمن تبعني | فمن تبعني فانه | تبعني فانه مني | فانه مني ومن | مني ومن عصاني | ومن عصاني فانك | عصاني فانك غفور | فانك غفور رحيم
quotes 14:36: «انهن» in 19 segment(s): BAQILLANI:v1p164, BURHAN:v1p258, GHARNATI:v1p185, IBNKATHIR-FULL:v1p48, IBNQUTAYBA-MUSHKIL:v1p75, ITQAN:v1p171, ITQAN:v3p131, JISHUMI:v2p936, JISHUMI:v2p1089, SIBAWAYH:تقولرويدزيداوإنماتريدأرودزيدا|قالالهذلى#95, SIBAWAYH:وإنشئتجعلتهصفةفجرىعلىالأولوإنشئتقطعتهفابتدأته|وذلكقولك#228, SIBAWAYH:وذلكقولكهذاأولفارسمقبلوهذاكلمتاععندكموضوعوهذاخيرمنك#249 …
quotes 14:36: «اضللن» in 0 segment(s): 
quotes 14:36: «تبعني» in 1 segment(s): NASHR:v2p161#2
quotes 14:36: «عصاني» in 3 segment(s): ITQAN:v4p449#2, NASHR:v2p161#2, NASHR:v2p298
quotes 14:36: «الناس فمن» in 0 segment(s): 
quotes 14:36: «فانك غفور» in 0 segment(s): 
quotes 14:36: «فانه مني ومن» in 3 segment(s): IBNHIBBAN:7235, MUSNAD-AHMAD:3632, NASHR:v2p161#2
quotes 14:37: 49 unique window(s): اسكنت | بواد | المحرم | ليقيموا | وارزقهم | ربنا اني | اني اسكنت | اسكنت من | من ذريتي | ذريتي بواد | بواد غير | ذي زرع | زرع عند | عند بيتك | بيتك المحرم | المحرم ربنا | ربنا ليقيموا | ليقيموا الصلواه | الصلواه فاجعل | فاجعل افده | افده من | الناس تهوي | تهوي اليهم | اليهم وارزقهم | وارزقهم من | لعلهم يشكرون | ربنا اني اسكنت | اني اسكنت من | اسكنت من ذريتي | من ذريتي بواد | ذريتي بواد غير | بواد غير ذي | غير ذي زرع | ذي زرع عند | زرع عند بيتك | عند بيتك المحرم | بيتك المحرم ربنا | المحرم ربنا ليقيموا | ربنا ليقيموا الصلواه | ليقيموا الصلواه فاجعل | الصلواه فاجعل افده | فاجعل افده من | افده من الناس | من الناس تهوي | الناس تهوي اليهم | تهوي اليهم وارزقهم | اليهم وارزقهم من | وارزقهم من الثمرات | الثمرات لعلهم يشكرون
quotes 14:37: «اسكنت» in 23 segment(s): BURHAN:v3p164, BURHAN:v4p416, DAMGHANI:v1p483, ITQAN:v4p388, NASHR:v2p105, NASHR:v2p109, NASHR:v2p163#2, NASHR:v2p300, SIBAWAYH:وهوقولكفيرجلاسمهراديارادأقبلوإنماكانتالكسرةأولىالحركات#343, SIBAWAYH:أمامايحسنأنيشركهالمظهرفهوالمضمرالمنصوبوذلكقولكرأيتكوزيدا#430, SIBAWAYH:(هذابابأفعلإذاكاناسماوماأشبهالأفعالمنالأسماءالتيفي#524, SIBAWAYH:(هذابابالإضافةإلىكلاسمكانآخرهياءوكانالحرفالذيقبلالياء#561 …
quotes 14:37: «بواد» in 5 segment(s): BURHAN:v1p126, DAMGHANI:v1p483, JISHUMI:v1p586, NASHR:v2p136, SIBAWAYH:(هذابابفعل)#535
quotes 14:37: «المحرم» in 27 segment(s): BINTSHATI-IJAZ:p301, BINTSHATI-IJAZ:p596, BURHAN:v1p261, BURHAN:v2p12, BURHAN:v2p479, BURHAN:v3p79, ITQAN:v1p118, ITQAN:v3p298, ITQAN:v4p330, ITQAN:v4p331, ITQAN:v4p374, JISHUMI:v1p467 …
quotes 14:37: «ليقيموا» in 1 segment(s): ITQAN:v3p170
quotes 14:37: «وارزقهم» in 0 segment(s): 
quotes 14:37: «ربنا اني» in 0 segment(s): 
quotes 14:37: «من ذريتي» in 5 segment(s): BURHAN:v3p164, BURHAN:v4p416, DAMGHANI:v1p483, ITQAN:v4p388, JISHUMI:v1p578
quotes 14:37: «ذي زرع» in 3 segment(s): BURHAN:v1p126, DAMGHANI:v1p483, JISHUMI:v1p586
quotes 14:37: «زرع عند» in 0 segment(s): 
quotes 14:37: «عند بيتك» in 0 segment(s): 
quotes 14:37: «الصلواه فاجعل» in 0 segment(s): 
quotes 14:37: «فاجعل افده» in 0 segment(s): 
quotes 14:37: «افده من» in 0 segment(s): 
quotes 14:37: «الناس تهوي» in 4 segment(s): BINTSHATI-IJAZ:p282, BURHAN:v4p233, ITQAN:v2p444, ITQAN:v2p518#2
quotes 14:37: «تهوي اليهم» in 4 segment(s): BINTSHATI-IJAZ:p282, BURHAN:v4p233, ITQAN:v2p444, ITQAN:v2p518#2
quotes 14:37: «لعلهم يشكرون» in 0 segment(s): 
quotes 14:38: 16 unique window(s): نخفي | نعلن | انك تعلم | ما نخفي | نخفي وما | وما نعلن | نعلن وما | ربنا انك تعلم | انك تعلم ما | تعلم ما نخفي | ما نخفي وما | نخفي وما نعلن | وما نعلن وما | نعلن وما يخفيا | وما يخفيا علي | علي الله من
quotes 14:38: «نخفي» in 5 segment(s): NASHR:v1p232, NASHR:v1p252, NASHR:v1p254, NASHR:v2p460, SAMARRAI-ASRAR:r10#2
quotes 14:38: «نعلن» in 3 segment(s): NASHR:v1p232, NASHR:v2p460, SAMARRAI-ASRAR:r10#2
quotes 14:38: «انك تعلم» in 7 segment(s): JURJANI-ASRAR:v1p72, JURJANI-DALAIL:v1p268, KHATTABI:v1p56, NASHR:v1p232, NASHR:v2p460, RAZI-FULL:v1p76#2, SAMARRAI-ASRAR:r10#2
quotes 14:38: «وما يخفيا علي» in 0 segment(s): 
quotes 14:38: «علي الله من» in 40 segment(s): ABUDAWUD:5116, BUKHARI:835, BUKHARI:7122, IBNHIBBAN:60, IBNHIBBAN:870, IBNHIBBAN:6362, IBNHIBBAN:v15p184#2, IBNHIBBAN:6800, IBNMAJAH:1627, IBNMAJAH:2619, IBNMAJAH:4073, IBNMAJAH:4110 …
quotes 14:40: 14 unique window(s): وتقبل | رب اجعلني | اجعلني مقيم | مقيم الصلواه | ذريتي ربنا | ربنا وتقبل | وتقبل دعا | رب اجعلني مقيم | اجعلني مقيم الصلواه | مقيم الصلواه ومن | الصلواه ومن ذريتي | ومن ذريتي ربنا | ذريتي ربنا وتقبل | ربنا وتقبل دعا
quotes 14:40: «وتقبل» in 7 segment(s): ITQAN:v4p446, JURJANI-ASRAR:v1p355, NASHR:v1p344, NASHR:v2p180, NASHR:v2p300, NASHR:v2p467, RUMMANI:v1p94
quotes 14:40: «رب اجعلني» in 1 segment(s): NASHR:v2p460
quotes 14:40: «اجعلني مقيم» in 1 segment(s): NASHR:v2p460
quotes 14:40: «مقيم الصلواه» in 0 segment(s): 
quotes 14:40: «ذريتي ربنا» in 0 segment(s): 
quotes 14:40: «الصلواه ومن ذريتي» in 0 segment(s): 
quotes 14:44: 40 unique window(s): دعوتك | ونتبع | زوال | وانذر الناس | العذاب فيقول | فيقول الذين | ظلموا ربنا | ربنا اخرنا | اخرنا اليا | قريب نجب | نجب دعوتك | دعوتك ونتبع | ونتبع الرسل | الرسل اولم | اولم تكونوا | تكونوا اقسمتم | اقسمتم من | من زوال | وانذر الناس يوم | الناس يوم ياتيهم | يوم ياتيهم العذاب | ياتيهم العذاب فيقول | العذاب فيقول الذين | فيقول الذين ظلموا | الذين ظلموا ربنا | ظلموا ربنا اخرنا | ربنا اخرنا اليا | اخرنا اليا اجل | اجل قريب نجب | قريب نجب دعوتك | نجب دعوتك ونتبع | دعوتك ونتبع الرسل | ونتبع الرسل اولم | الرسل اولم تكونوا | اولم تكونوا اقسمتم | تكونوا اقسمتم من | اقسمتم من قبل | من قبل ما | قبل ما لكم | لكم من زوال
quotes 14:44: «دعوتك» in 6 segment(s): BINTSHATI-IJAZ:p224, BURHAN:v4p37, DURR-FULL:v1p12, IBNQUTAYBA-MUSHKIL:v1p203, JURJANI-DALAIL:v1p315, SAMARRAI-LAMASAT-HALAQAT:p796
quotes 14:44: «ونتبع» in 5 segment(s): BINTSHATI-IJAZ:p224, BURHAN:v4p37, IBNQUTAYBA-GHARIB:v1p3, JURJANI-ASRAR:v1p20, SAMARRAI-LAMASAT-HALAQAT:p796
quotes 14:44: «زوال» in 37 segment(s): BINTSHATI-IJAZ:p196, BINTSHATI-IJAZ:p224, BURHAN:v2p10, BURHAN:v2p42, BURHAN:v2p49, BURHAN:v2p93, BURHAN:v4p26, BURHAN:v4p79, DAMGHANI:v1p220, IBNJAWZI-NUZHA:v1p202, IBNJAWZI-NUZHA:v1p311#2, IBNJAWZI-NUZHA:v1p436 …
quotes 14:44: «وانذر الناس» in 4 segment(s): BINTSHATI-IJAZ:p223, NASHR:v2p104#2, NASHR:v2p122, SAMARRAI-LAMASAT-HALAQAT:p796
quotes 14:44: «العذاب فيقول» in 2 segment(s): BINTSHATI-IJAZ:p223, SAMARRAI-LAMASAT-HALAQAT:p796
quotes 14:44: «فيقول الذين» in 2 segment(s): BINTSHATI-IJAZ:p223, SAMARRAI-LAMASAT-HALAQAT:p796
quotes 14:44: «ظلموا ربنا» in 2 segment(s): BINTSHATI-IJAZ:p223, SAMARRAI-LAMASAT-HALAQAT:p796
quotes 14:44: «ربنا اخرنا» in 1 segment(s): SAMARRAI-LAMASAT-HALAQAT:p796
quotes 14:44: «اخرنا اليا» in 0 segment(s): 
quotes 14:44: «قريب نجب» in 2 segment(s): BINTSHATI-IJAZ:p224, SAMARRAI-LAMASAT-HALAQAT:p796
quotes 14:44: «الرسل اولم» in 2 segment(s): BINTSHATI-IJAZ:p224, SAMARRAI-LAMASAT-HALAQAT:p796
quotes 14:44: «اولم تكونوا» in 2 segment(s): BINTSHATI-IJAZ:p224, SAMARRAI-LAMASAT-HALAQAT:p796
quotes 14:44: «تكونوا اقسمتم» in 3 segment(s): BINTSHATI-IJAZ:p224, DAMGHANI:v1p220, SAMARRAI-LAMASAT-HALAQAT:p796
quotes 14:44: «اقسمتم من» in 3 segment(s): BINTSHATI-IJAZ:p224, DAMGHANI:v1p220, SAMARRAI-LAMASAT-HALAQAT:p796
quotes 14:44: «الناس يوم ياتيهم» in 2 segment(s): BINTSHATI-IJAZ:p223, SAMARRAI-LAMASAT-HALAQAT:p796
quotes 14:44: «يوم ياتيهم العذاب» in 2 segment(s): BINTSHATI-IJAZ:p223, SAMARRAI-LAMASAT-HALAQAT:p796
quotes 14:44: «من قبل ما» in 5 segment(s): BINTSHATI-IJAZ:p224, DAMGHANI:v1p220, IBNHISHAM:v2p481, SAMARRAI-LAMASAT-HALAQAT:p796, SAMARRAI-LAMASAT-HALAQAT:p1036
quotes 14:44: «قبل ما لكم» in 3 segment(s): BINTSHATI-IJAZ:p224, DAMGHANI:v1p220, SAMARRAI-LAMASAT-HALAQAT:p796
quotes 15:6: 10 unique window(s): وقالوا ياايها | ياايها الذي | الذكر انك | انك لمجنون | وقالوا ياايها الذي | ياايها الذي نزل | الذي نزل عليه | نزل عليه الذكر | عليه الذكر انك | الذكر انك لمجنون
quotes 15:6: «وقالوا ياايها» in 0 segment(s): 
quotes 15:6: «ياايها الذي» in 0 segment(s): 
quotes 15:6: «الذكر انك» in 9 segment(s): BAQILLANI:v1p21, BINTSHATI-IJAZ:p171, BINTSHATI-IJAZ:p281, BURHAN:v1p345, BURHAN:v4p54, BURHAN:v4p358, IBNASHUR-FULL:v1p25, ITQAN:v2p500, SAMARRAI-LAMASAT-HALAQAT:p876
quotes 15:6: «انك لمجنون» in 11 segment(s): BAQILLANI:v1p21, BINTSHATI-IJAZ:p171, BINTSHATI-IJAZ:p281, BINTSHATI-IJAZ:p282, BURHAN:v1p345, BURHAN:v4p54, BURHAN:v4p358, IBNASHUR-FULL:v1p25, ITQAN:v2p500, SAMARRAI-ASRAR:r7#2, SAMARRAI-LAMASAT-HALAQAT:p876
quotes 15:6: «الذي نزل عليه» in 13 segment(s): AZRAQI:v1p62, BAQILLANI:v1p21, BINTSHATI-IJAZ:p171, BINTSHATI-IJAZ:p281, BURHAN:v1p153, BURHAN:v1p345, BURHAN:v4p54, BURHAN:v4p358, DAMGHANI:v1p180, IBNASHUR-FULL:v1p25, IBNHISHAM:v1p620, ITQAN:v2p500 …
quotes 15:6: «نزل عليه الذكر» in 11 segment(s): BAQILLANI:v1p21, BINTSHATI-IJAZ:p171, BINTSHATI-IJAZ:p281, BURHAN:v1p153, BURHAN:v1p345, BURHAN:v4p54, BURHAN:v4p358, DAMGHANI:v1p180, IBNASHUR-FULL:v1p25, ITQAN:v2p500, SAMARRAI-LAMASAT-HALAQAT:p876
quotes 15:9: 5 unique window(s): نزلنا الذكر | الذكر وانا | نحن نزلنا الذكر | نزلنا الذكر وانا | الذكر وانا له
quotes 15:9: «نزلنا الذكر» in 16 segment(s): BAQILLANI:v1p22, BINTSHATI-IJAZ:p171, BURHAN:v1p236, BURHAN:v1p434, BURHAN:v2p43, BURHAN:v2p71, BURHAN:v2p124, BURHAN:v2p126, DAMGHANI:v1p182, ELMALILI:v1p105, IBNATIYYA-FULL:v1p46#2, IBNKATHIR-FULL:v1p24#2 …
quotes 15:9: «الذكر وانا» in 13 segment(s): BAQILLANI:v1p22, BINTSHATI-IJAZ:p171, BURHAN:v1p236, BURHAN:v1p434, BURHAN:v2p43, BURHAN:v2p71, BURHAN:v2p124, BURHAN:v2p126, ELMALILI:v1p105, IBNATIYYA-FULL:v1p46#2, IBNKATHIR-FULL:v1p24#2, NASHR:v1p4 …
quotes 15:29: 0 unique window(s): 
quotes 16:17: 9 unique window(s): افمن يخلق | يخلق كمن | كمن لا | يخلق افلا | افمن يخلق كمن | يخلق كمن لا | كمن لا يخلق | لا يخلق افلا | يخلق افلا تذكرون
quotes 16:17: «افمن يخلق» in 7 segment(s): BURHAN:v1p223, BURHAN:v3p133, BURHAN:v3p427, BURHAN:v4p56, BURHAN:v4p412, ITQAN:v3p118, SAMARRAI-LAMASAT-HALAQAT:p966
quotes 16:17: «يخلق كمن» in 7 segment(s): BURHAN:v1p223, BURHAN:v3p133, BURHAN:v3p427, BURHAN:v4p56, BURHAN:v4p412, ITQAN:v3p118, SAMARRAI-LAMASAT-HALAQAT:p966
quotes 16:17: «كمن لا» in 8 segment(s): BURHAN:v1p223, BURHAN:v2p223, BURHAN:v3p133, BURHAN:v3p427, BURHAN:v4p56, BURHAN:v4p412, ITQAN:v3p118, SAMARRAI-LAMASAT-HALAQAT:p966
quotes 16:17: «يخلق افلا» in 1 segment(s): SAMARRAI-LAMASAT-HALAQAT:p966
quotes 16:20: 1 unique window(s): الله لا يخلقون
quotes 16:20: «الله لا يخلقون» in 3 segment(s): DAMGHANI:v1p162, SAMARRAI-ASRAR:r10#2, SAMARRAI-ASRAR:r10#3
quotes 16:36: 31 unique window(s): ولقد بعثنا | بعثنا في | امه رسولا | رسولا ان | الله واجتنبوا | واجتنبوا الطاغوت | الطاغوت فمنهم | من هدي | الله ومنهم | من حقت | حقت عليه | عليه الضلاله | الضلاله فسيروا | ولقد بعثنا في | بعثنا في كل | كل امه رسولا | امه رسولا ان | رسولا ان اعبدوا | اعبدوا الله واجتنبوا | الله واجتنبوا الطاغوت | واجتنبوا الطاغوت فمنهم | الطاغوت فمنهم من | فمنهم من هدي | من هدي الله | هدي الله ومنهم | الله ومنهم من | ومنهم من حقت | من حقت عليه | حقت عليه الضلاله | عليه الضلاله فسيروا | الضلاله فسيروا في
quotes 16:36: «ولقد بعثنا» in 6 segment(s): BURHAN:v3p368, ITQAN:v2p554#2, SAMARRAI-ASRAR:r10#3, SAMARRAI-ASRAR-MUH:p14, SAMARRAI-LAMASAT-HALAQAT:p465, SAMARRAI-LAMASAT-HALAQAT:p835
quotes 16:36: «بعثنا في» in 6 segment(s): BURHAN:v3p368, ITQAN:v2p554#2, SAMARRAI-ASRAR:r10#3, SAMARRAI-ASRAR-MUH:p14, SAMARRAI-LAMASAT-HALAQAT:p465, SAMARRAI-LAMASAT-HALAQAT:p835
quotes 16:36: «امه رسولا» in 6 segment(s): BURHAN:v3p368, ITQAN:v2p554#2, SAMARRAI-ASRAR:r10#3, SAMARRAI-ASRAR-MUH:p14, SAMARRAI-LAMASAT-HALAQAT:p465, SAMARRAI-LAMASAT-HALAQAT:p835
quotes 16:36: «رسولا ان» in 4 segment(s): SAMARRAI-ASRAR:r10#3, SAMARRAI-ASRAR-MUH:p14, SAMARRAI-LAMASAT-HALAQAT:p465, SAMARRAI-LAMASAT-HALAQAT:p835
quotes 16:36: «الله واجتنبوا» in 6 segment(s): DAMGHANI:v1p293, IBNJAWZI-NUZHA:v1p410#2, SAMARRAI-ASRAR:r10#3, SAMARRAI-ASRAR-MUH:p14, SAMARRAI-LAMASAT-HALAQAT:p465, SAMARRAI-LAMASAT-HALAQAT:p835
quotes 16:36: «واجتنبوا الطاغوت» in 6 segment(s): DAMGHANI:v1p293, IBNJAWZI-NUZHA:v1p410#2, SAMARRAI-ASRAR:r10#3, SAMARRAI-ASRAR-MUH:p14, SAMARRAI-LAMASAT-HALAQAT:p465, SAMARRAI-LAMASAT-HALAQAT:p835
quotes 16:36: «الطاغوت فمنهم» in 3 segment(s): SAMARRAI-ASRAR-MUH:p14, SAMARRAI-LAMASAT-HALAQAT:p465, SAMARRAI-LAMASAT-HALAQAT:p835
quotes 16:36: «من هدي» in 7 segment(s): BURHAN:v3p368, ITQAN:v2p554#2, RIFAI-KHULI:c0, RIFAI-KHULI:c1, SAMARRAI-ASRAR-MUH:p14, SAMARRAI-LAMASAT-HALAQAT:p465, SAMARRAI-LAMASAT-HALAQAT:p835
quotes 16:36: «الله ومنهم» in 8 segment(s): BURHAN:v3p368, BURHAN:v4p242, ITQAN:v1p69, ITQAN:v2p554#2, JURJANI-DALAIL:v1p282, SAMARRAI-ASRAR-MUH:p14, SAMARRAI-LAMASAT-HALAQAT:p465, SAMARRAI-LAMASAT-HALAQAT:p835
quotes 16:36: «من حقت» in 5 segment(s): BURHAN:v3p368, ITQAN:v2p554#2, SAMARRAI-ASRAR-MUH:p14, SAMARRAI-LAMASAT-HALAQAT:p465, SAMARRAI-LAMASAT-HALAQAT:p835
quotes 16:36: «حقت عليه» in 8 segment(s): BURHAN:v2p188, BURHAN:v3p368, GHARNATI:v1p179, IBNQUTAYBA-MUSHKIL:v1p231, ITQAN:v2p554#2, SAMARRAI-ASRAR-MUH:p14, SAMARRAI-LAMASAT-HALAQAT:p465, SAMARRAI-LAMASAT-HALAQAT:p835
quotes 16:36: «عليه الضلاله» in 5 segment(s): BURHAN:v3p368, ITQAN:v2p554#2, SAMARRAI-ASRAR-MUH:p14, SAMARRAI-LAMASAT-HALAQAT:p465, SAMARRAI-LAMASAT-HALAQAT:p835
quotes 16:36: «الضلاله فسيروا» in 3 segment(s): SAMARRAI-ASRAR-MUH:p14, SAMARRAI-LAMASAT-HALAQAT:p465, SAMARRAI-LAMASAT-HALAQAT:p835
quotes 16:68: 21 unique window(s): النحل | اتخذي | واوحيا ربك | الي النحل | النحل ان | ان اتخذي | اتخذي من | بيوتا ومن | ومن الشجر | الشجر ومما | ومما يعرشون | واوحيا ربك الي | ربك الي النحل | الي النحل ان | النحل ان اتخذي | ان اتخذي من | اتخذي من الجبال | الجبال بيوتا ومن | بيوتا ومن الشجر | ومن الشجر ومما | الشجر ومما يعرشون
NOTE quotes 16:68: window «النحل» in 383 segments, too common alone; the longer windows that contain it are used instead
quotes 16:68: «اتخذي» in 5 segment(s): BINTSHATI-IJAZ:p392, DAMGHANI:v1p82, DAMGHANI:v1p320, IBNJAWZI-NUZHA:v1p205, ITQAN:v2p452#3
quotes 16:68: «واوحيا ربك» in 0 segment(s): 
quotes 16:68: «الي النحل» in 10 segment(s): BINTSHATI-IJAZ:p392, BURHAN:v4p340, DAMGHANI:v1p320, IBNJAWZI-NUZHA:v1p621, IBNJINNI-MUHTASAB:v1p34, IBNQUTAYBA-MUSHKIL:v1p70, IBNQUTAYBA-MUSHKIL:v1p267, IBNQUTAYBA-MUSHKIL:v1p300#2, ITQAN:v2p343, ITQAN:v2p452#3
quotes 16:68: «النحل ان» in 25 segment(s): BINTSHATI-IJAZ:p392, BINTSHATI-IJAZ:p404, DAMGHANI:v1p40, DAMGHANI:v1p42, DAMGHANI:v1p59, DAMGHANI:v1p82, DAMGHANI:v1p123, DAMGHANI:v1p189, DAMGHANI:v1p293, DAMGHANI:v1p316, DAMGHANI:v1p320, DAMGHANI:v1p381 …
quotes 16:68: «بيوتا ومن» in 1 segment(s): DAMGHANI:v1p320
quotes 16:68: «ومن الشجر» in 1 segment(s): DAMGHANI:v1p320
quotes 16:68: «الشجر ومما» in 1 segment(s): DAMGHANI:v1p320
quotes 16:68: «ومما يعرشون» in 2 segment(s): DAMGHANI:v1p320, JISHUMI:v2p1011
quotes 16:69: 33 unique window(s): فاسلكي | ذللا | ثم كلي | كلي من | الثمرات فاسلكي | فاسلكي سبل | سبل ربك | ربك ذللا | ذللا يخرج | من بطونها | بطونها شراب | شراب مختلف | الوانه فيه | فيه شفا | شفا للناس | للناس ان | ثم كلي من | كلي من كل | كل الثمرات فاسلكي | الثمرات فاسلكي سبل | فاسلكي سبل ربك | سبل ربك ذللا | ربك ذللا يخرج | ذللا يخرج من | يخرج من بطونها | من بطونها شراب | بطونها شراب مختلف | شراب مختلف الوانه | مختلف الوانه فيه | الوانه فيه شفا | فيه شفا للناس | شفا للناس ان | للناس ان في
quotes 16:69: «فاسلكي» in 4 segment(s): DAMGHANI:v1p184, SAMARRAI-LAMASAT:p112, SAMARRAI-LAMASAT-HALAQAT:p90, SAMARRAI-LAMASAT-HALAQAT:p624
quotes 16:69: «ذللا» in 4 segment(s): DAMGHANI:v1p184, IBNATIYYA-FULL:v1p34, SAMARRAI-LAMASAT:p112, SAMARRAI-LAMASAT-HALAQAT:p90
quotes 16:69: «ثم كلي» in 4 segment(s): BURHAN:v4p318, BURHAN:v4p320, DAMGHANI:v1p93, ITQAN:v3p244
quotes 16:69: «كلي من» in 4 segment(s): BURHAN:v4p318, BURHAN:v4p320, DAMGHANI:v1p93, ITQAN:v3p244
quotes 16:69: «سبل ربك» in 4 segment(s): DAMGHANI:v1p184, SAMARRAI-LAMASAT:p112, SAMARRAI-LAMASAT-HALAQAT:p90, SAMARRAI-LAMASAT-HALAQAT:p624
quotes 16:69: «من بطونها» in 1 segment(s): JURJANI-DALAIL:v1p223
quotes 16:69: «بطونها شراب» in 1 segment(s): JURJANI-DALAIL:v1p223
quotes 16:69: «شراب مختلف» in 3 segment(s): DAMGHANI:v1p261, ITQAN:v4p333, JURJANI-DALAIL:v1p223
quotes 16:69: «الوانه فيه» in 2 segment(s): ITQAN:v4p333, JURJANI-DALAIL:v1p223
quotes 16:69: «فيه شفا» in 6 segment(s): BURHAN:v1p435, BURHAN:v4p92, ITQAN:v4p333, JURJANI-DALAIL:v1p26, JURJANI-DALAIL:v1p223, THALABI:v1p85#2
quotes 16:69: «شفا للناس» in 4 segment(s): BURHAN:v1p435, BURHAN:v4p92, ITQAN:v4p333, JURJANI-DALAIL:v1p223
quotes 16:69: «للناس ان» in 4 segment(s): BURHAN:v1p435, BURHAN:v1p449, IBNATIYYA-FULL:v1p43#2, ITQAN:v2p490#2
quotes 16:78: 18 unique window(s): اخرجكم | والله اخرجكم | اخرجكم من | من بطون | امهاتكم لا | تعلمون شيا | شيا وجعل | والافده لعلكم | والله اخرجكم من | اخرجكم من بطون | من بطون امهاتكم | بطون امهاتكم لا | امهاتكم لا تعلمون | لا تعلمون شيا | تعلمون شيا وجعل | شيا وجعل لكم | والابصار والافده لعلكم | والافده لعلكم تشكرون
quotes 16:78: «اخرجكم» in 3 segment(s): BURHAN:v3p239#4, BURHAN:v4p149, MAJAZ:v2p411
quotes 16:78: «من بطون» in 7 segment(s): BURHAN:v1p284, BURHAN:v3p239#4, BURHAN:v3p363, BURHAN:v4p149, JISHUMI:v2p1018, SAMARRAI-ASRAR:r7, SAMARRAI-LAMASAT-HALAQAT:p812
quotes 16:78: «امهاتكم لا» in 1 segment(s): BURHAN:v3p239#4
quotes 16:78: «تعلمون شيا» in 0 segment(s): 
quotes 16:78: «شيا وجعل» in 0 segment(s): 
quotes 16:78: «والافده لعلكم» in 0 segment(s): 
quotes 16:96: 18 unique window(s): ينفد | ولنجزين | ما عندكم | عندكم ينفد | ينفد وما | الله باق | باق ولنجزين | ولنجزين الذين | صبروا اجرهم | ما عندكم ينفد | عندكم ينفد وما | ينفد وما عند | عند الله باق | الله باق ولنجزين | باق ولنجزين الذين | ولنجزين الذين صبروا | الذين صبروا اجرهم | صبروا اجرهم باحسن
quotes 16:96: «ينفد» in 7 segment(s): BINTSHATI-IJAZ:p419, BURHAN:v1p442, BURHAN:v4p396, BURHAN:v4p399, IBNJAWZI-NUZHA:v1p524, IBNJAWZI-NUZHA:v1p563, ITQAN:v2p512#4
quotes 16:96: «ولنجزين» in 3 segment(s): DAMGHANI:v1p16, IBNJAWZI-NUZHA:v1p112, SAMARRAI-LAMASAT-HALAQAT:p864
quotes 16:96: «ما عندكم» in 8 segment(s): BINTSHATI-IJAZ:p419, BURHAN:v4p396, BURHAN:v4p399, DAMGHANI:v1p75, IBNJAWZI-NUZHA:v1p202, IBNJAWZI-NUZHA:v1p563, ITQAN:v2p512#4, TAB-FULL:v1p56
quotes 16:96: «الله باق» in 8 segment(s): BINTSHATI-IJAZ:p419, BURHAN:v4p396, DAMGHANI:v1p75, DAMGHANI:v1p332, IBNJAWZI-NUZHA:v1p202, IBNJAWZI-NUZHA:v1p563, ITQAN:v2p512#4, NASHR:v2p136
quotes 16:96: «صبروا اجرهم» in 3 segment(s): DAMGHANI:v1p16, IBNJAWZI-NUZHA:v1p112, SAMARRAI-LAMASAT-HALAQAT:p864
quotes 17:18: 26 unique window(s): عجلنا | يريد العاجله | العاجله عجلنا | عجلنا له | نشا لمن | لمن نريد | نريد ثم | جعلنا له | جهنم يصلياها | يصلياها مذموما | مذموما مدحورا | كان يريد العاجله | يريد العاجله عجلنا | العاجله عجلنا له | عجلنا له فيها | له فيها ما | فيها ما نشا | ما نشا لمن | نشا لمن نريد | لمن نريد ثم | نريد ثم جعلنا | ثم جعلنا له | جعلنا له جهنم | له جهنم يصلياها | جهنم يصلياها مذموما | يصلياها مذموما مدحورا
quotes 17:18: «عجلنا» in 3 segment(s): BURHAN:v2p16, BURHAN:v2p129, BURHAN:v2p190
quotes 17:18: «يريد العاجله» in 3 segment(s): BURHAN:v2p16, BURHAN:v2p129, BURHAN:v2p190
quotes 17:18: «نشا لمن» in 3 segment(s): BURHAN:v2p16, BURHAN:v2p129, BURHAN:v2p190
quotes 17:18: «لمن نريد» in 4 segment(s): BURHAN:v2p16, BURHAN:v2p129, BURHAN:v2p190, NASHR:v1p290
quotes 17:18: «نريد ثم» in 1 segment(s): NASHR:v1p290
quotes 17:18: «جعلنا له» in 1 segment(s): JURJANI-ASRAR:v1p359
quotes 17:18: «جهنم يصلياها» in 0 segment(s): 
quotes 17:18: «يصلياها مذموما» in 0 segment(s): 
quotes 17:18: «مذموما مدحورا» in 0 segment(s): 
quotes 17:18: «له فيها ما» in 5 segment(s): BUKHARI:3861, BURHAN:v2p16, BURHAN:v2p129, BURHAN:v2p190, MUSLIM:6362
quotes 17:18: «فيها ما نشا» in 3 segment(s): BURHAN:v2p16, BURHAN:v2p129, BURHAN:v2p190
quotes 17:19: 19 unique window(s): سعيها | ومن اراد | اراد الاخره | الاخره وسعيا | وسعيا لها | لها سعيها | سعيها وهو | فاولايك كان | كان سعيهم | سعيهم مشكورا | ومن اراد الاخره | اراد الاخره وسعيا | الاخره وسعيا لها | وسعيا لها سعيها | لها سعيها وهو | سعيها وهو مومن | مومن فاولايك كان | فاولايك كان سعيهم | كان سعيهم مشكورا
quotes 17:19: «سعيها» in 4 segment(s): DAMGHANI:v1p237, IBNJAWZI-NUZHA:v1p349, IBNQUTAYBA-MUSHKIL:v1p274#2, SAMARRAI-LAMASAT-HALAQAT:p95
quotes 17:19: «ومن اراد» in 12 segment(s): BURHAN:v2p3, IBNJAWZI-NUZHA:v1p349, IBNQUTAYBA-MUSHKIL:v1p274#2, ITQAN:v4p414#2, JISHUMI:v1p526, NASHR:v1p193, RAZI-FULL:v1p48#2, RAZI-FULL:v1p80#2, RAZI-FULL:v1p83, SAMARRAI-LAMASAT-HALAQAT:p95, SIBAWAYH:وذلكقولكمالكوزيداوماشأنكوعمرا|فإنماحدالكلامههناماشأنك#119, SIBAWAYH:(هذابابجمعأسماءالرجالوالنساء)#588
quotes 17:19: «اراد الاخره» in 4 segment(s): IBNJAWZI-NUZHA:v1p349, IBNQUTAYBA-MUSHKIL:v1p274#2, SAMARRAI-LAMASAT-HALAQAT:p95, SAMARRAI-LAMASAT-HALAQAT:p592
quotes 17:19: «الاخره وسعيا» in 0 segment(s): 
quotes 17:19: «وسعيا لها» in 0 segment(s): 
quotes 17:19: «فاولايك كان» in 0 segment(s): 
quotes 17:19: «كان سعيهم» in 5 segment(s): BURHAN:v2p129, DAMGHANI:v1p237, IBNJAWZI-NUZHA:v1p349, IBNQUTAYBA-MUSHKIL:v1p274#2, SAMARRAI-LAMASAT-HALAQAT:p95
quotes 17:19: «سعيهم مشكورا» in 5 segment(s): BURHAN:v2p129, DAMGHANI:v1p237, IBNJAWZI-NUZHA:v1p349, IBNQUTAYBA-MUSHKIL:v1p274#2, SAMARRAI-LAMASAT-HALAQAT:p95
quotes 17:44: 27 unique window(s): تسبح | تفقهون | تسبيحهم | تسبح له | له السماوات | السبع والارض | فيهن وان | الا يسبح | يسبح بحمده | بحمده ولاكن | لا تفقهون | تفقهون تسبيحهم | تسبيحهم انه | تسبح له السماوات | له السماوات السبع | السماوات السبع والارض | السبع والارض ومن | ومن فيهن وان | فيهن وان من | شي الا يسبح | الا يسبح بحمده | يسبح بحمده ولاكن | بحمده ولاكن لا | ولاكن لا تفقهون | لا تفقهون تسبيحهم | تفقهون تسبيحهم انه | تسبيحهم انه كان
quotes 17:44: «تسبح» in 7 segment(s): BURHAN:v1p91, BURHAN:v4p7, ITQAN:v3p276, SAMARRAI-LAMASAT-HALAQAT:p42, SAMARRAI-LAMASAT-HALAQAT:p890, SAMARRAI-LAMASAT-HALAQAT:p997, SIBAWAYH:(هذابابالفاء)#475
quotes 17:44: «تفقهون» in 8 segment(s): BURHAN:v1p91, BURHAN:v2p144, BURHAN:v3p380, IBNASHUR-FULL:v1p36, IBNQUTAYBA-MUSHKIL:v1p75, ITQAN:v3p276, SAMARRAI-LAMASAT-HALAQAT:p890, SAMARRAI-LAMASAT-HALAQAT:p997
quotes 17:44: «تسبيحهم» in 8 segment(s): BURHAN:v1p91, BURHAN:v2p144, BURHAN:v3p380, IBNASHUR-FULL:v1p36, IBNQUTAYBA-MUSHKIL:v1p75, ITQAN:v3p276, SAMARRAI-LAMASAT-HALAQAT:p890, SAMARRAI-LAMASAT-HALAQAT:p997
quotes 17:44: «له السماوات» in 2 segment(s): BURHAN:v1p91, BURHAN:v4p7
quotes 17:44: «السبع والارض» in 3 segment(s): BURHAN:v1p91, SAMARRAI-LAMASAT-HALAQAT:p42, SAMARRAI-LAMASAT-HALAQAT:p890
quotes 17:44: «فيهن وان» in 3 segment(s): BURHAN:v1p91, BURHAN:v2p22, SAMARRAI-LAMASAT-HALAQAT:p890
quotes 17:44: «الا يسبح» in 8 segment(s): BURHAN:v1p91, BURHAN:v3p380, IBNASHUR-FULL:v1p36, IBNQUTAYBA-MUSHKIL:v1p75, ITQAN:v3p276, SAMARRAI-LAMASAT-HALAQAT:p42, SAMARRAI-LAMASAT-HALAQAT:p890, SAMARRAI-LAMASAT-HALAQAT:p997
quotes 17:44: «يسبح بحمده» in 8 segment(s): BURHAN:v1p91, BURHAN:v3p380, IBNASHUR-FULL:v1p36, IBNQUTAYBA-MUSHKIL:v1p75, ITQAN:v3p276, SAMARRAI-LAMASAT-HALAQAT:p42, SAMARRAI-LAMASAT-HALAQAT:p890, SAMARRAI-LAMASAT-HALAQAT:p997
quotes 17:44: «بحمده ولاكن» in 0 segment(s): 
quotes 17:83: 5 unique window(s): يوسا | الشر كان | كان يوسا | مسه الشر كان | الشر كان يوسا
quotes 17:83: «يوسا» in 1 segment(s): NASHR:v1p484
quotes 17:83: «الشر كان» in 8 segment(s): BURHAN:v2p362, SAMARRAI-ASRAR:r4#5, SAMARRAI-ASRAR:r15, SAMARRAI-ASRAR-MUH:p50, SAMARRAI-LAMASAT-HALAQAT:p93, SAMARRAI-LAMASAT-HALAQAT:p501, SAMARRAI-LAMASAT-HALAQAT:p809, SAMARRAI-LAMASAT-HALAQAT:p908
quotes 17:86: 16 unique window(s): لنذهبن | ولين شينا | شينا لنذهبن | لنذهبن بالذي | بالذي اوحينا | به علينا | علينا وكيلا | ولين شينا لنذهبن | شينا لنذهبن بالذي | لنذهبن بالذي اوحينا | بالذي اوحينا اليك | اوحينا اليك ثم | اليك ثم لا | تجد لك به | لك به علينا | به علينا وكيلا
quotes 17:86: «لنذهبن» in 3 segment(s): BURHAN:v4p44, SAMARRAI-ASRAR-MUH:p50, SAMARRAI-LAMASAT-HALAQAT:p501
quotes 17:86: «ولين شينا» in 3 segment(s): BURHAN:v4p44, SAMARRAI-ASRAR-MUH:p50, SAMARRAI-LAMASAT-HALAQAT:p501
quotes 17:86: «بالذي اوحينا» in 5 segment(s): BURHAN:v4p44, SAMARRAI-ASRAR-MUH:p7, SAMARRAI-ASRAR-MUH:p50, SAMARRAI-LAMASAT-HALAQAT:p458, SAMARRAI-LAMASAT-HALAQAT:p501
quotes 17:86: «به علينا» in 5 segment(s): BURHAN:v4p44, NASHR:v2p467, SAMARRAI-ASRAR-MUH:p50, SAMARRAI-LAMASAT-HALAQAT:p501, TAB-FULL:v1p5
quotes 17:86: «علينا وكيلا» in 3 segment(s): BURHAN:v4p44, SAMARRAI-ASRAR-MUH:p50, SAMARRAI-LAMASAT-HALAQAT:p501
quotes 17:86: «اوحينا اليك ثم» in 5 segment(s): BURHAN:v4p44, SAMARRAI-ASRAR-MUH:p7, SAMARRAI-ASRAR-MUH:p50, SAMARRAI-LAMASAT-HALAQAT:p458, SAMARRAI-LAMASAT-HALAQAT:p501
quotes 17:86: «اليك ثم لا» in 3 segment(s): BURHAN:v4p44, SAMARRAI-ASRAR-MUH:p50, SAMARRAI-LAMASAT-HALAQAT:p501
quotes 17:86: «تجد لك به» in 3 segment(s): BURHAN:v4p44, SAMARRAI-ASRAR-MUH:p50, SAMARRAI-LAMASAT-HALAQAT:p501
quotes 17:87: 8 unique window(s): ان فضله | فضله كان | كان عليك | عليك كبيرا | ربك ان فضله | ان فضله كان | فضله كان عليك | كان عليك كبيرا
quotes 17:87: «ان فضله» in 5 segment(s): DAMGHANI:v1p359, IBNJAWZI-NUZHA:v1p471, JISHUMI:v1p535, SAMARRAI-ASRAR-MUH:p50, SAMARRAI-LAMASAT-HALAQAT:p501
quotes 17:87: «فضله كان» in 4 segment(s): DAMGHANI:v1p359, IBNJAWZI-NUZHA:v1p471, SAMARRAI-ASRAR-MUH:p50, SAMARRAI-LAMASAT-HALAQAT:p501
quotes 17:87: «كان عليك» in 9 segment(s): DAMGHANI:v1p359, IBNJAWZI-NUZHA:v1p471, ITQAN:v4p436, JURJANI-ASRAR:v1p281, SAMARRAI-ASRAR:r4, SAMARRAI-ASRAR-MUH:p27, SAMARRAI-ASRAR-MUH:p50, SAMARRAI-LAMASAT-HALAQAT:p478, SAMARRAI-LAMASAT-HALAQAT:p501
quotes 17:87: «عليك كبيرا» in 4 segment(s): DAMGHANI:v1p359, IBNJAWZI-NUZHA:v1p471, SAMARRAI-ASRAR-MUH:p50, SAMARRAI-LAMASAT-HALAQAT:p501
quotes 17:106: 17 unique window(s): وقرانا | فرقناه | لتقراه | ونزلناه | وقرانا فرقناه | فرقناه لتقراه | لتقراه علي | عليا مكث | مكث ونزلناه | ونزلناه تنزيلا | وقرانا فرقناه لتقراه | فرقناه لتقراه علي | لتقراه علي الناس | علي الناس عليا | الناس عليا مكث | عليا مكث ونزلناه | مكث ونزلناه تنزيلا
quotes 17:106: «وقرانا» in 27 segment(s): BINTSHATI-IJAZ:p168, BURHAN:v1p236, BURHAN:v1p259, BURHAN:v1p263, BURHAN:v2p193, DAMGHANI:v1p438, ELMALILI:v1p102, IBNASHUR-FULL:v1p10#2, IBNASHUR-FULL:v1p71, IBNATIYYA-FULL:v1p56, IBNKATHIR-FULL:v1p17#2, IBNQUTAYBA-GHARIB:v1p33#2 …
quotes 17:106: «فرقناه» in 14 segment(s): BINTSHATI-IJAZ:p168, BURHAN:v1p236, BURHAN:v1p259, BURHAN:v2p193, DAMGHANI:v1p438, ELMALILI:v1p102, IBNASHUR-FULL:v1p10#2, IBNASHUR-FULL:v1p71, IBNKATHIR-FULL:v1p17#2, ITQAN:v1p117, ITQAN:v2p317#2, NASHR:v1p414 …
quotes 17:106: «لتقراه» in 10 segment(s): BINTSHATI-IJAZ:p168, BURHAN:v1p236, BURHAN:v1p259, BURHAN:v2p193, DAMGHANI:v1p438, ELMALILI:v1p102, IBNASHUR-FULL:v1p71, IBNKATHIR-FULL:v1p17#2, ITQAN:v1p117, WAHIDI-ASBAB:v1p7
quotes 17:106: «ونزلناه» in 9 segment(s): BINTSHATI-IJAZ:p168, BURHAN:v1p236, DAMGHANI:v1p453, IBNASHUR-FULL:v1p71, IBNKATHIR-FULL:v1p17#2, IBNQUTAYBA-MUSHKIL:v1p151, ITQAN:v1p117, SIBAWAYH:(هذابابثباتالياءوالواوفيالهاءالتيهيعلامةالإضماروحذفهما)#741, WAHIDI-ASBAB:v1p7
quotes 17:106: «عليا مكث» in 1 segment(s): ELMALILI:v1p102
quotes 17:106: «علي الناس عليا» in 1 segment(s): ELMALILI:v1p102
quotes 18:7: 16 unique window(s): لنبلوهم | جعلنا ما | الارض زينه | زينه لها | لها لنبلوهم | لنبلوهم ايهم | ايهم احسن | انا جعلنا ما | جعلنا ما علي | ما علي الارض | علي الارض زينه | الارض زينه لها | زينه لها لنبلوهم | لها لنبلوهم ايهم | لنبلوهم ايهم احسن | ايهم احسن عملا
quotes 18:7: «لنبلوهم» in 2 segment(s): SAMARRAI-LAMASAT-HALAQAT:p1006, SAMARRAI-LAMASAT-HALAQAT:p1007
quotes 18:7: «جعلنا ما» in 4 segment(s): BURHAN:v3p236, NASHR:v1p416, SAMARRAI-LAMASAT-HALAQAT:p1006, SAMARRAI-LAMASAT-HALAQAT:p1007
quotes 18:7: «الارض زينه» in 3 segment(s): NASHR:v1p416, SAMARRAI-LAMASAT-HALAQAT:p1006, SAMARRAI-LAMASAT-HALAQAT:p1007
quotes 18:7: «زينه لها» in 2 segment(s): SAMARRAI-LAMASAT-HALAQAT:p1006, SAMARRAI-LAMASAT-HALAQAT:p1007
quotes 18:7: «ايهم احسن» in 2 segment(s): SAMARRAI-LAMASAT-HALAQAT:p1006, SAMARRAI-LAMASAT-HALAQAT:p1007
quotes 18:7: «ما علي الارض» in 43 segment(s): ABUDAWUD:415, BINTSHATI-IJAZ:p378, BUKHARI:2817, IBNHIBBAN:v1p432, IBNHIBBAN:2937, IBNHIBBAN:2988, IBNHIBBAN:2991, IBNHIBBAN:4662, IBNHIBBAN:7062, IBNHISHAM:v1p302, MALIK:991, MUSLIM:2301 …
quotes 18:8: 11 unique window(s): لجاعلون | جرزا | وانا لجاعلون | لجاعلون ما | ما عليها | عليها صعيدا | صعيدا جرزا | وانا لجاعلون ما | لجاعلون ما عليها | ما عليها صعيدا | عليها صعيدا جرزا
quotes 18:8: «لجاعلون» in 3 segment(s): BURHAN:v2p140, BURHAN:v4p130, SAMARRAI-LAMASAT-HALAQAT:p1007
quotes 18:8: «جرزا» in 4 segment(s): BURHAN:v2p140, BURHAN:v4p130, ITQAN:v1p49, SAMARRAI-LAMASAT-HALAQAT:p1007
quotes 18:8: «ما عليها» in 5 segment(s): BURHAN:v2p140, BURHAN:v4p130, BURHAN:v4p408, SAMARRAI-ASRAR:r5#9, SAMARRAI-LAMASAT-HALAQAT:p1007
quotes 18:8: «عليها صعيدا» in 3 segment(s): BURHAN:v2p140, BURHAN:v4p130, SAMARRAI-LAMASAT-HALAQAT:p1007
quotes 18:22: 65 unique window(s): كلبهم | كلبهم | رجما | وثامنهم | كلبهم | بعدتهم | تمار | تستفت | سيقولون ثلاثه | ثلاثه رابعهم | رابعهم كلبهم | كلبهم ويقولون | ويقولون خمسه | خمسه سادسهم | سادسهم كلبهم | كلبهم رجما | رجما بالغيب | بالغيب ويقولون | ويقولون سبعه | سبعه وثامنهم | وثامنهم كلبهم | كلبهم قل | اعلم بعدتهم | بعدتهم ما | ما يعلمهم | قليل فلا | فلا تمار | تمار فيهم | فيهم الا | الا مرا | مرا ظاهرا | ظاهرا ولا | ولا تستفت | تستفت فيهم | فيهم منهم | سيقولون ثلاثه رابعهم | ثلاثه رابعهم كلبهم | رابعهم كلبهم ويقولون | كلبهم ويقولون خمسه | ويقولون خمسه سادسهم | خمسه سادسهم كلبهم | سادسهم كلبهم رجما | كلبهم رجما بالغيب | رجما بالغيب ويقولون | بالغيب ويقولون سبعه | ويقولون سبعه وثامنهم | سبعه وثامنهم كلبهم | وثامنهم كلبهم قل | كلبهم قل ربي | ربي اعلم بعدتهم | اعلم بعدتهم ما | بعدتهم ما يعلمهم | ما يعلمهم الا | يعلمهم الا قليل | الا قليل فلا | قليل فلا تمار | فلا تمار فيهم | تمار فيهم الا | فيهم الا مرا | الا مرا ظاهرا | مرا ظاهرا ولا | ظاهرا ولا تستفت | ولا تستفت فيهم | تستفت فيهم منهم | فيهم منهم احدا
quotes 18:22: «كلبهم» in 9 segment(s): BURHAN:v2p415, BURHAN:v2p451, BURHAN:v3p246, BURHAN:v4p438, BURHAN:v4p440, DAMGHANI:v1p196, IBNKATHIR-FULL:v1p9, ITQAN:v2p525, JURJANI-DALAIL:v1p141
quotes 18:22: «كلبهم» in 9 segment(s): BURHAN:v2p415, BURHAN:v2p451, BURHAN:v3p246, BURHAN:v4p438, BURHAN:v4p440, DAMGHANI:v1p196, IBNKATHIR-FULL:v1p9, ITQAN:v2p525, JURJANI-DALAIL:v1p141
quotes 18:22: «رجما» in 10 segment(s): BURHAN:v1p106, DAMGHANI:v1p196, IBNJAWZI-NUZHA:v1p317, IBNJAWZI-NUZHA:v1p456, IBNKATHIR-FULL:v1p9, IBNQUTAYBA-MUSHKIL:v1p274, ITQAN:v2p381, ITQAN:v2p417, MAJAZ:v2p415#2, RAZI-FULL:v1p61
quotes 18:22: «وثامنهم» in 7 segment(s): BURHAN:v2p415, BURHAN:v2p451, BURHAN:v3p211, BURHAN:v4p438, BURHAN:v4p440, IBNKATHIR-FULL:v1p9, ITQAN:v2p525
quotes 18:22: «كلبهم» in 9 segment(s): BURHAN:v2p415, BURHAN:v2p451, BURHAN:v3p246, BURHAN:v4p438, BURHAN:v4p440, DAMGHANI:v1p196, IBNKATHIR-FULL:v1p9, ITQAN:v2p525, JURJANI-DALAIL:v1p141
quotes 18:22: «بعدتهم» in 3 segment(s): DAMGHANI:v1p316, IBNKATHIR-FULL:v1p9, SIBAWAYH:(هذابابالمؤنثالذييقععلىالمؤنثوالمذكروأصلهالتأنيث)#652
quotes 18:22: «تمار» in 8 segment(s): BURHAN:v2p114, DAMGHANI:v1p433, IBNKATHIR-FULL:v1p9, NASHR:v2p39, SAMARRAI-ASRAR:r4#5, SAMARRAI-ASRAR-MUH:p51, SAMARRAI-LAMASAT-HALAQAT:p502, SIBAWAYH:(هذابابمايكسرمماكسرللجمعومالايكسرمنأبنيةالجمعإذاجعلته#590
quotes 18:22: «تستفت» in 3 segment(s): BURHAN:v4p36, IBNKATHIR-FULL:v1p9, ITQAN:v2p550#2
quotes 18:22: «سيقولون ثلاثه» in 4 segment(s): BURHAN:v3p211, BURHAN:v3p246, IBNKATHIR-FULL:v1p9, ITQAN:v2p525
quotes 18:22: «ثلاثه رابعهم» in 4 segment(s): BURHAN:v3p211, BURHAN:v3p246, IBNKATHIR-FULL:v1p9, ITQAN:v2p525
quotes 18:22: «ويقولون خمسه» in 2 segment(s): DAMGHANI:v1p196, IBNKATHIR-FULL:v1p9
quotes 18:22: «خمسه سادسهم» in 2 segment(s): DAMGHANI:v1p196, IBNKATHIR-FULL:v1p9
quotes 18:22: «بالغيب ويقولون» in 1 segment(s): IBNKATHIR-FULL:v1p9
quotes 18:22: «ويقولون سبعه» in 5 segment(s): BURHAN:v2p415, BURHAN:v2p451, BURHAN:v4p440, IBNKATHIR-FULL:v1p9, ITQAN:v2p525
quotes 18:22: «ما يعلمهم» in 4 segment(s): BURHAN:v2p72, DAMGHANI:v1p389, IBNJAWZI-NUZHA:v1p492, IBNKATHIR-FULL:v1p9
quotes 18:22: «قليل فلا» in 1 segment(s): IBNKATHIR-FULL:v1p9
quotes 18:22: «فيهم الا» in 8 segment(s): BAQILLANI:v1p303, BURHAN:v2p114, DAMGHANI:v1p433, IBNKATHIR-FULL:v1p9, IBNMUJAHID:v1p66, SAMARRAI-ASRAR:r4#5, SAMARRAI-ASRAR-MUH:p51, SAMARRAI-LAMASAT-HALAQAT:p502
quotes 18:22: «الا مرا» in 6 segment(s): BURHAN:v2p114, DAMGHANI:v1p433, IBNKATHIR-FULL:v1p9, SAMARRAI-ASRAR:r4#5, SAMARRAI-ASRAR-MUH:p51, SAMARRAI-LAMASAT-HALAQAT:p502
quotes 18:22: «مرا ظاهرا» in 6 segment(s): BURHAN:v2p114, DAMGHANI:v1p433, IBNKATHIR-FULL:v1p9, SAMARRAI-ASRAR:r4#5, SAMARRAI-ASRAR-MUH:p51, SAMARRAI-LAMASAT-HALAQAT:p502
quotes 18:22: «ظاهرا ولا» in 3 segment(s): BURHAN:v2p219, IBNKATHIR-FULL:v1p9, JISHUMI:v1p583
quotes 18:22: «فيهم منهم» in 3 segment(s): BURHAN:v4p36, IBNKATHIR-FULL:v1p9, ITQAN:v2p550#2
quotes 18:22: «يعلمهم الا قليل» in 5 segment(s): BURHAN:v2p72, DAMGHANI:v1p389, IBNHISHAM:v1p305, IBNJAWZI-NUZHA:v1p492, IBNKATHIR-FULL:v1p9
quotes 18:23: 14 unique window(s): تقولن | لشاي | فاعل | ولا تقولن | تقولن لشاي | لشاي اني | اني فاعل | فاعل ذالك | ذالك غدا | ولا تقولن لشاي | تقولن لشاي اني | لشاي اني فاعل | اني فاعل ذالك | فاعل ذالك غدا
quotes 18:23: «تقولن» in 10 segment(s): BURHAN:v1p384, BURHAN:v2p364, BURHAN:v4p341, BURHAN:v4p353, ITQAN:v4p447#2, ITQAN:v4p534#2, SAMARRAI-ASRAR:r5#3, SAMARRAI-LAMASAT-HALAQAT:p957, SAMARRAI-LAMASAT-HALAQAT:p958, SIBAWAYH:(هذابابالنونالثقيلةوالخفيفة)#640
quotes 18:23: «لشاي» in 4 segment(s): ITQAN:v4p447#2, NASHR:v1p449, NASHR:v1p453, SAMARRAI-ASRAR:r5#3
NOTE quotes 18:23: window «فاعل» in 167 segments, too common alone; the longer windows that contain it are used instead
quotes 18:23: «اني فاعل» in 9 segment(s): BAQILLANI:v1p132, BURHAN:v1p384, BURHAN:v2p364, BURHAN:v4p341, BURHAN:v4p353, SAMARRAI-ASRAR:r5#3, SAMARRAI-LAMASAT-HALAQAT:p957, SAMARRAI-LAMASAT-HALAQAT:p958, SIBAWAYH:(هذابابالنونالثقيلةوالخفيفة)#640
quotes 18:23: «فاعل ذالك» in 0 segment(s): 
quotes 18:23: «ذالك غدا» in 0 segment(s): 
quotes 18:24: 23 unique window(s): لاقرب | الله واذكر | اذا نسيت | نسيت وقل | وقل عسيا | ان يهدين | يهدين ربي | ربي لاقرب | لاقرب من | هاذا رشدا | يشا الله واذكر | الله واذكر ربك | واذكر ربك اذا | ربك اذا نسيت | اذا نسيت وقل | نسيت وقل عسيا | وقل عسيا ان | عسيا ان يهدين | ان يهدين ربي | يهدين ربي لاقرب | ربي لاقرب من | لاقرب من هاذا | من هاذا رشدا
quotes 18:24: «لاقرب» in 8 segment(s): BAQILLANI:v1p142, BURHAN:v1p398, DAMGHANI:v1p204, DAMGHANI:v1p374, IBNJAWZI-NUZHA:v1p497, SAMARRAI-ASRAR:r5#2, SAMARRAI-ASRAR:r5#3, SAMARRAI-LAMASAT-HALAQAT:p48
quotes 18:24: «الله واذكر» in 1 segment(s): SAMARRAI-ASRAR:r5#3
quotes 18:24: «اذا نسيت» in 2 segment(s): IBNKATHIR-FULL:v1p75, SAMARRAI-ASRAR:r5#3
quotes 18:24: «نسيت وقل» in 1 segment(s): SAMARRAI-ASRAR:r5#3
quotes 18:24: «وقل عسيا» in 0 segment(s): 
quotes 18:24: «ان يهدين» in 6 segment(s): BURHAN:v1p398, ITQAN:v4p446, NASHR:v2p180, NASHR:v2p316, SAMARRAI-ASRAR:r5#2, SAMARRAI-ASRAR:r5#3
quotes 18:24: «يهدين ربي» in 3 segment(s): BURHAN:v1p398, SAMARRAI-ASRAR:r5#2, SAMARRAI-ASRAR:r5#3
quotes 18:24: «هاذا رشدا» in 2 segment(s): SAMARRAI-ASRAR:r5#2, SAMARRAI-ASRAR:r5#3
quotes 18:24: «واذكر ربك اذا» in 3 segment(s): IBNHISHAM:v1p305, IBNKATHIR-FULL:v1p75, SAMARRAI-ASRAR:r5#3
quotes 18:37: 19 unique window(s): اكفرت | سوياك | صاحبه وهو | يحاوره اكفرت | اكفرت بالذي | بالذي خلقك | خلقك من | ثم سوياك | سوياك رجلا | قال له صاحبه | له صاحبه وهو | صاحبه وهو يحاوره | وهو يحاوره اكفرت | يحاوره اكفرت بالذي | اكفرت بالذي خلقك | بالذي خلقك من | خلقك من تراب | نطفه ثم سوياك | ثم سوياك رجلا
quotes 18:37: «اكفرت» in 1 segment(s): SAMARRAI-LAMASAT-HALAQAT:p633
quotes 18:37: «سوياك» in 0 segment(s): 
quotes 18:37: «صاحبه وهو» in 8 segment(s): BURHAN:v4p430, IBNJAWZI-NUZHA:v1p392, ITQAN:v2p521#3, NASHR:v1p304#2, SAMARRAI-ASRAR:r4#5, SAMARRAI-ASRAR-MUH:p51, SAMARRAI-LAMASAT-HALAQAT:p502, SAMARRAI-LAMASAT-HALAQAT:p633
quotes 18:37: «بالذي خلقك» in 1 segment(s): SAMARRAI-LAMASAT-HALAQAT:p633
quotes 18:37: «خلقك من» in 1 segment(s): SAMARRAI-LAMASAT-HALAQAT:p633
quotes 18:37: «قال له صاحبه» in 11 segment(s): BURHAN:v4p430, DAMGHANI:v1p274, IBNHIBBAN:2898, IBNJAWZI-NUZHA:v1p392, ITQAN:v2p521#3, NASAI:4078, NASHR:v1p304#2, SAMARRAI-ASRAR:r4#5, SAMARRAI-ASRAR-MUH:p51, SAMARRAI-LAMASAT-HALAQAT:p502, SAMARRAI-LAMASAT-HALAQAT:p633
quotes 18:45: 19 unique window(s): هشيما | تذروه | مقتدرا | لهم مثل | الارض فاصبح | فاصبح هشيما | هشيما تذروه | تذروه الرياح | الرياح وكان | شي مقتدرا | واضرب لهم مثل | لهم مثل الحيواه | نبات الارض فاصبح | الارض فاصبح هشيما | فاصبح هشيما تذروه | هشيما تذروه الرياح | تذروه الرياح وكان | الرياح وكان الله | كل شي مقتدرا
quotes 18:45: «هشيما» in 3 segment(s): DAMGHANI:v1p178, ITQAN:v2p338#2, MAJAZ:v2p448#2
quotes 18:45: «تذروه» in 3 segment(s): DAMGHANI:v1p178, MAJAZ:v2p414#2, NASHR:v1p304#2
quotes 18:45: «مقتدرا» in 5 segment(s): BINTSHATI-IJAZ:p430, ITQAN:v2p360, ITQAN:v2p386, ITQAN:v2p392, RAZI-FULL:v1p83
quotes 18:45: «لهم مثل» in 2 segment(s): BURHAN:v1p492, BURHAN:v3p422
quotes 18:45: «الارض فاصبح» in 0 segment(s): 
quotes 18:45: «الرياح وكان» in 0 segment(s): 
quotes 18:46: 11 unique window(s): والبنون | املا | المال والبنون | والبنون زينه | الدنيا والباقيات | وخير املا | المال والبنون زينه | والبنون زينه الحيواه | الحيواه الدنيا والباقيات | الدنيا والباقيات الصالحات | ثوابا وخير املا
quotes 18:46: «والبنون» in 6 segment(s): BURHAN:v3p247, BURHAN:v3p271, DAMGHANI:v1p220, IBNJAWZI-NUZHA:v1p339, ITQAN:v3p247, SAMARRAI-LAMASAT-HALAQAT:p682
quotes 18:46: «املا» in 18 segment(s): BAQILLANI:v1p245, BINTSHATI-IJAZ:p134, BURHAN:v4p170, BURHAN:v4p290, IBNATIYYA-FULL:v1p34, JISHUMI:v2p1071, JURJANI-ASRAR:v1p240, JURJANI-DALAIL:v1p343#2, JURJANI-DALAIL:v1p360, KASHSHAF-FULL:v1p42, MAJAZ:v1p1#34, MAJAZ:v1p1#44 …
quotes 18:46: «الدنيا والباقيات» in 0 segment(s): 
quotes 19:7: 14 unique window(s): يازكريا | يازكريا انا | بغلام اسمه | اسمه يحييا | يحييا لم | قبل سميا | يازكريا انا نبشرك | نبشرك بغلام اسمه | بغلام اسمه يحييا | اسمه يحييا لم | يحييا لم نجعل | لم نجعل له | نجعل له من | من قبل سميا
quotes 19:7: «يازكريا» in 0 segment(s): 
quotes 19:7: «بغلام اسمه» in 7 segment(s): BINTSHATI-IJAZ:p560, DAMGHANI:v1p246, DAMGHANI:v1p340, ITQAN:v4p370#2, SAMARRAI-LAMASAT-HALAQAT:p790, SAMARRAI-LAMASAT-HALAQAT:p792, SAMARRAI-LAMASAT-HALAQAT:p828
quotes 19:7: «اسمه يحييا» in 0 segment(s): 
quotes 19:7: «يحييا لم» in 0 segment(s): 
quotes 19:7: «قبل سميا» in 6 segment(s): BINTSHATI-IJAZ:p560, BURHAN:v2p380, DAMGHANI:v1p246, SAMARRAI-LAMASAT-HALAQAT:p790, SAMARRAI-LAMASAT-HALAQAT:p792, SAMARRAI-LAMASAT-HALAQAT:p828
quotes 19:7: «لم نجعل له» in 7 segment(s): BINTSHATI-IJAZ:p560, BINTSHATI-IJAZ:p561, BURHAN:v2p380, DAMGHANI:v1p246, SAMARRAI-LAMASAT-HALAQAT:p790, SAMARRAI-LAMASAT-HALAQAT:p792, SAMARRAI-LAMASAT-HALAQAT:p828
quotes 19:7: «نجعل له من» in 7 segment(s): BINTSHATI-IJAZ:p560, BINTSHATI-IJAZ:p561, BURHAN:v2p380, DAMGHANI:v1p246, SAMARRAI-LAMASAT-HALAQAT:p790, SAMARRAI-LAMASAT-HALAQAT:p792, SAMARRAI-LAMASAT-HALAQAT:p828
quotes 19:12: 12 unique window(s): يايحييا | يايحييا خذ | خذ الكتاب | الكتاب بقوه | بقوه واتيناه | واتيناه الحكم | الحكم صبيا | يايحييا خذ الكتاب | خذ الكتاب بقوه | الكتاب بقوه واتيناه | بقوه واتيناه الحكم | واتيناه الحكم صبيا
quotes 19:12: «يايحييا» in 0 segment(s): 
quotes 19:12: «خذ الكتاب» in 4 segment(s): BINTSHATI-IJAZ:p319, BURHAN:v1p481, BURHAN:v3p194, IBNJAWZI-NUZHA:v1p489
quotes 19:12: «الكتاب بقوه» in 4 segment(s): BINTSHATI-IJAZ:p319, BURHAN:v1p481, BURHAN:v3p194, IBNJAWZI-NUZHA:v1p489
quotes 19:12: «بقوه واتيناه» in 2 segment(s): BINTSHATI-IJAZ:p319, BURHAN:v3p194
quotes 19:12: «واتيناه الحكم» in 4 segment(s): BINTSHATI-IJAZ:p319, BURHAN:v3p194, DAMGHANI:v1p141, IBNJAWZI-NUZHA:v1p260
quotes 19:12: «الحكم صبيا» in 4 segment(s): BINTSHATI-IJAZ:p319, BURHAN:v3p194, DAMGHANI:v1p141, IBNJAWZI-NUZHA:v1p260
quotes 19:13: 10 unique window(s): وحنانا | وزكواه | وحنانا من | لدنا وزكواه | وزكواه وكان | وكان تقيا | وحنانا من لدنا | من لدنا وزكواه | لدنا وزكواه وكان | وزكواه وكان تقيا
quotes 19:13: «وحنانا» in 9 segment(s): BINTSHATI-IJAZ:p319, BURHAN:v1p106, DAMGHANI:v1p218, IBNQUTAYBA-MUSHKIL:v1p66, ITQAN:v2p303, ITQAN:v2p304, ITQAN:v2p319, ITQAN:v2p348, ITQAN:v2p417
quotes 19:13: «وزكواه» in 0 segment(s): 
quotes 19:13: «وكان تقيا» in 1 segment(s): BINTSHATI-IJAZ:p319
quotes 19:15: 15 unique window(s): وسلام عليه | عليه يوم | يوم ولد | ولد ويوم | ويوم يموت | يموت ويوم | ويوم يبعث | يبعث حيا | وسلام عليه يوم | عليه يوم ولد | يوم ولد ويوم | ولد ويوم يموت | ويوم يموت ويوم | يموت ويوم يبعث | ويوم يبعث حيا
quotes 19:15: «وسلام عليه» in 4 segment(s): BURHAN:v4p92, DAMGHANI:v1p506, ITQAN:v2p556, SAMARRAI-LAMASAT-HALAQAT:p645
quotes 19:15: «عليه يوم» in 6 segment(s): BURHAN:v4p92, DAMGHANI:v1p506, ITQAN:v2p556, SAMARRAI-LAMASAT-HALAQAT:p645, SIBAWAYH:فمنذلكقولكمتىيسارعليه؟وهويجعلهظرفا|فيقولاليومأوغداأو#85, SIBAWAYH:وذلكقولكمتىسيرعليه؟فيقولمقدمالحاجوخفوقالنجموخلافةفلان#87
quotes 19:15: «يوم ولد» in 4 segment(s): BURHAN:v4p92, DAMGHANI:v1p506, ITQAN:v2p556, SAMARRAI-LAMASAT-HALAQAT:p645
quotes 19:15: «ولد ويوم» in 2 segment(s): DAMGHANI:v1p506, SAMARRAI-LAMASAT-HALAQAT:p645
quotes 19:15: «ويوم يموت» in 2 segment(s): DAMGHANI:v1p506, SAMARRAI-LAMASAT-HALAQAT:p645
quotes 19:15: «يموت ويوم» in 2 segment(s): DAMGHANI:v1p506, SAMARRAI-LAMASAT-HALAQAT:p645
quotes 19:15: «ويوم يبعث» in 3 segment(s): DAMGHANI:v1p506, SAMARRAI-LAMASAT-HALAQAT:p645, SAMARRAI-LAMASAT-HALAQAT:p748
quotes 19:15: «يبعث حيا» in 2 segment(s): DAMGHANI:v1p506, SAMARRAI-LAMASAT-HALAQAT:p645
quotes 19:17: 20 unique window(s): فاتخذت | فتمثل | فاتخذت من | دونهم حجابا | حجابا فارسلنا | فارسلنا اليها | اليها روحنا | روحنا فتمثل | فتمثل لها | لها بشرا | بشرا سويا | فاتخذت من دونهم | من دونهم حجابا | دونهم حجابا فارسلنا | حجابا فارسلنا اليها | فارسلنا اليها روحنا | اليها روحنا فتمثل | روحنا فتمثل لها | فتمثل لها بشرا | لها بشرا سويا
quotes 19:17: «فاتخذت» in 3 segment(s): DAMGHANI:v1p23, DAMGHANI:v1p116, IBNJAWZI-NUZHA:v1p245
quotes 19:17: «فتمثل» in 6 segment(s): BINTSHATI-IJAZ:p394, BURHAN:v1p484, DAMGHANI:v1p253, IBNJAWZI-NUZHA:v1p352, NASHR:v1p301, YKHULI-TAJDID:c4
quotes 19:17: «دونهم حجابا» in 3 segment(s): DAMGHANI:v1p23, DAMGHANI:v1p116, IBNJAWZI-NUZHA:v1p245
quotes 19:17: «حجابا فارسلنا» in 0 segment(s): 
quotes 19:17: «فارسلنا اليها» in 3 segment(s): IBNJAWZI-NUZHA:v1p321#2, ITQAN:v2p414, ITQAN:v4p371#2
quotes 19:17: «اليها روحنا» in 3 segment(s): IBNJAWZI-NUZHA:v1p321#2, ITQAN:v2p414, ITQAN:v4p371#2
quotes 19:17: «لها بشرا» in 4 segment(s): BINTSHATI-IJAZ:p394, DAMGHANI:v1p253, IBNJAWZI-NUZHA:v1p352, SAMARRAI-LAMASAT-HALAQAT:p1080
quotes 19:17: «بشرا سويا» in 5 segment(s): BINTSHATI-IJAZ:p56, BINTSHATI-IJAZ:p394, DAMGHANI:v1p253, IBNJAWZI-NUZHA:v1p352, SAMARRAI-LAMASAT-HALAQAT:p1080
quotes 19:22: 10 unique window(s): فحملته | فانتبذت | قصيا | فحملته فانتبذت | فانتبذت به | به مكانا | مكانا قصيا | فحملته فانتبذت به | فانتبذت به مكانا | به مكانا قصيا
quotes 19:22: «فحملته» in 8 segment(s): BAQILLANI:v1p134#2, BINTSHATI-IJAZ:p324, BINTSHATI-IJAZ:p434, DAMGHANI:v1p146, SAMARRAI-LAMASAT-HALAQAT:p601, SIBAWAYH:أىذلكفعلتجازفإنحملتهعلىالاسمالذىبنىعليهالفعلكانبمنزلته#54, SIBAWAYH:(هذابابمايكونمحمولاعلىإن)#271, SIBAWAYH:لاعلىماعملفيالاسمولكنالاسموماعملفيهفيموضعاسممرفوعأو#375
quotes 19:22: «فانتبذت» in 3 segment(s): BINTSHATI-IJAZ:p324, BINTSHATI-IJAZ:p434, SAMARRAI-LAMASAT-HALAQAT:p601
quotes 19:22: «قصيا» in 5 segment(s): BINTSHATI-IJAZ:p324, BINTSHATI-IJAZ:p434, MAJAZ:v2p436, SAMARRAI-LAMASAT-HALAQAT:p601, SIBAWAYH:(هذابابحروفالبدل)#749
quotes 19:22: «به مكانا» in 3 segment(s): BINTSHATI-IJAZ:p324, BINTSHATI-IJAZ:p434, SAMARRAI-LAMASAT-HALAQAT:p601
quotes 19:24: 18 unique window(s): فنادياها | تحتك | سريا | فنادياها من | تحتها الا | الا تحزني | تحزني قد | جعل ربك | ربك تحتك | تحتك سريا | فنادياها من تحتها | من تحتها الا | تحتها الا تحزني | الا تحزني قد | تحزني قد جعل | قد جعل ربك | جعل ربك تحتك | ربك تحتك سريا
quotes 19:24: «فنادياها» in 0 segment(s): 
quotes 19:24: «تحتك» in 14 segment(s): BINTSHATI-IJAZ:p432, BINTSHATI-IJAZ:p433, BINTSHATI-IJAZ:p434, BURHAN:v1p219, DAMGHANI:v1p258, ITQAN:v4p521, JURJANI-ASRAR:v1p123, JURJANI-DALAIL:v1p294, SAMARRAI-ASRAR-MUH:p64, SAMARRAI-LAMASAT-HALAQAT:p515, SAMARRAI-LAMASAT-HALAQAT:p601, SAMARRAI-LAMASAT-HALAQAT:p677 …
quotes 19:24: «سريا» in 16 segment(s): BINTSHATI-IJAZ:p432, BINTSHATI-IJAZ:p433, BINTSHATI-IJAZ:p434, BURHAN:v1p219, DAMGHANI:v1p258, IBNQUTAYBA-MUSHKIL:v1p105, ITQAN:v2p319, ITQAN:v2p360, ITQAN:v2p400, ITQAN:v4p521, JURJANI-DALAIL:v1p294, MAJAZ:v2p419 …
quotes 19:24: «تحتها الا» in 6 segment(s): BINTSHATI-IJAZ:p433, BINTSHATI-IJAZ:p434, SAMARRAI-ASRAR-MUH:p64, SAMARRAI-LAMASAT-HALAQAT:p515, SAMARRAI-LAMASAT-HALAQAT:p601, SAMARRAI-LAMASAT-HALAQAT:p677
quotes 19:24: «الا تحزني» in 6 segment(s): BINTSHATI-IJAZ:p433, BINTSHATI-IJAZ:p434, SAMARRAI-ASRAR-MUH:p64, SAMARRAI-LAMASAT-HALAQAT:p515, SAMARRAI-LAMASAT-HALAQAT:p601, SAMARRAI-LAMASAT-HALAQAT:p677
quotes 19:24: «تحزني قد» in 6 segment(s): BINTSHATI-IJAZ:p433, BINTSHATI-IJAZ:p434, SAMARRAI-ASRAR-MUH:p64, SAMARRAI-LAMASAT-HALAQAT:p515, SAMARRAI-LAMASAT-HALAQAT:p601, SAMARRAI-LAMASAT-HALAQAT:p677
quotes 19:24: «جعل ربك» in 11 segment(s): BINTSHATI-IJAZ:p432, BINTSHATI-IJAZ:p433, BINTSHATI-IJAZ:p434, BURHAN:v1p219, DAMGHANI:v1p258, ITQAN:v4p521, JURJANI-DALAIL:v1p294, SAMARRAI-ASRAR-MUH:p64, SAMARRAI-LAMASAT-HALAQAT:p515, SAMARRAI-LAMASAT-HALAQAT:p601, SAMARRAI-LAMASAT-HALAQAT:p677
quotes 19:33: 17 unique window(s): ولدت | اموت | والسلام علي | علي يوم | يوم ولدت | ولدت ويوم | ويوم اموت | اموت ويوم | ويوم ابعث | ابعث حيا | والسلام علي يوم | علي يوم ولدت | يوم ولدت ويوم | ولدت ويوم اموت | ويوم اموت ويوم | اموت ويوم ابعث | ويوم ابعث حيا
quotes 19:33: «ولدت» in 16 segment(s): BINTSHATI-IJAZ:p489, BURHAN:v4p92, DAMGHANI:v1p150, DAMGHANI:v1p506, IBNJAWZI-NUZHA:v1p301, IBNQUTAYBA-MUSHKIL:v1p39, IBNQUTAYBA-MUSHKIL:v1p59, IBNQUTAYBA-MUSHKIL:v1p123, ITQAN:v1p66, ITQAN:v4p511, JISHUMI:v2p936, JURJANI-DALAIL:v1p296 …
quotes 19:33: «اموت» in 8 segment(s): BURHAN:v2p264, DAMGHANI:v1p150, DAMGHANI:v1p344, DAMGHANI:v1p506, IBNJAWZI-NUZHA:v1p645#2, SAMARRAI-LAMASAT-HALAQAT:p645, SIBAWAYH:وذلكقولكليسغيروليسإلاكأنهقالليسإلاذاكPageV02P344وليس#400, TAB-FULL:v1p81
quotes 19:33: «والسلام علي» in 11 segment(s): BAGHAWI-FULL:v1p33, BAQILLANI:v1p134#2, BINTSHATI-IJAZ:p161, BURHAN:v4p92, DAMGHANI:v1p150, DAMGHANI:v1p506, IBNASHUR-FULL:v1p5, KASHSHAF-FULL:v1p41, SAMARRAI-ASRAR:r1, SAMARRAI-LAMASAT-HALAQAT:p645, SAMARRAI-LAMASAT-HALAQAT:p690
quotes 19:33: «علي يوم» in 7 segment(s): BURHAN:v4p92, DAMGHANI:v1p150, DAMGHANI:v1p506, FARISI-HUJJA:v6p213, SAMARRAI-LAMASAT:p161, SAMARRAI-LAMASAT-HALAQAT:p602, SAMARRAI-LAMASAT-HALAQAT:p645
quotes 19:33: «ويوم ابعث» in 4 segment(s): BURHAN:v2p402, DAMGHANI:v1p506, ITQAN:v3p178, SAMARRAI-LAMASAT-HALAQAT:p645
quotes 19:33: «ابعث حيا» in 6 segment(s): BURHAN:v2p181, BURHAN:v2p402, DAMGHANI:v1p150, DAMGHANI:v1p506, ITQAN:v3p178, SAMARRAI-LAMASAT-HALAQAT:p645
quotes 19:42: 21 unique window(s): يبصر | ياابت لم | لم تعبد | تعبد ما | يسمع ولا | ولا يبصر | يبصر ولا | يغني عنك | عنك شيا | قال لابيه ياابت | لابيه ياابت لم | ياابت لم تعبد | لم تعبد ما | تعبد ما لا | ما لا يسمع | لا يسمع ولا | يسمع ولا يبصر | ولا يبصر ولا | يبصر ولا يغني | ولا يغني عنك | يغني عنك شيا
quotes 19:42: «يبصر» in 19 segment(s): BURHAN:v1p79, BURHAN:v2p250, BURHAN:v2p322, BURHAN:v3p131, BURHAN:v3p176, DAMGHANI:v1p13#2, DAMGHANI:v1p332, IBNMUJAHID:v1p48, IBNQUTAYBA-MUSHKIL:v1p199, IBNQUTAYBA-MUSHKIL:v1p202, ITQAN:v3p222#2, JISHUMI:v1p709 …
quotes 19:42: «ياابت لم» in 0 segment(s): 
quotes 19:42: «لم تعبد» in 8 segment(s): BURHAN:v2p250, BURHAN:v2p322, BURHAN:v3p176, DAMGHANI:v1p13#2, IBNJAWZI-NUZHA:v1p111, ITQAN:v3p92, ITQAN:v3p222#2, RAZI-FULL:v1p62#2
quotes 19:42: «تعبد ما» in 6 segment(s): BURHAN:v2p250, BURHAN:v2p322, BURHAN:v3p176, IBNJAWZI-NUZHA:v1p111, ITQAN:v3p222#2, RAZI-FULL:v1p62#2
quotes 19:42: «يسمع ولا» in 11 segment(s): BURHAN:v2p250, BURHAN:v2p322, BURHAN:v3p131, BURHAN:v3p176, DAMGHANI:v1p13#2, ITQAN:v3p222#2, JISHUMI:v1p709, JURJANI-DALAIL:v1p234, RAZI-FULL:v1p62#2, SAMARRAI-LAMASAT-HALAQAT:p998, SIBAWAYH:(هذابابالمقصوروالممدود)#648
quotes 19:42: «يغني عنك» in 2 segment(s): JURJANI-ASRAR:v1p326, RAZI-FULL:v1p62#2
quotes 19:42: «عنك شيا» in 0 segment(s): 
quotes 19:42: «قال لابيه ياابت» in 0 segment(s): 
quotes 19:42: «ما لا يسمع» in 9 segment(s): BURHAN:v2p250, BURHAN:v2p322, BURHAN:v3p176, IBNJAWZI-NUZHA:v1p111, IBNQUTAYBA-MUSHKIL:v1p75, IBNQUTAYBA-MUSHKIL:v1p77, ITQAN:v3p222#2, JISHUMI:v1p706#2, RAZI-FULL:v1p62#2
quotes 19:43: 20 unique window(s): ياتك | فاتبعني | اهدك | قد جاني | جاني من | لم ياتك | ياتك فاتبعني | فاتبعني اهدك | اهدك صراطا | صراطا سويا | ياابت اني قد | اني قد جاني | قد جاني من | جاني من العلم | العلم ما لم | ما لم ياتك | لم ياتك فاتبعني | ياتك فاتبعني اهدك | فاتبعني اهدك صراطا | اهدك صراطا سويا
quotes 19:43: «ياتك» in 9 segment(s): JURJANI-DALAIL:v1p216, SAMARRAI-LAMASAT-HALAQAT:p767, SIBAWAYH:فإذابنيتالاسمعليهقلتضربتزيداوهوالحدلأنكتريدأنتعملهوتحمل#48, SIBAWAYH:وذلكقولكزيدكممرةرأيتهوعبداللههللقيتهوعمروهلالقيتهوكذلك#63, SIBAWAYH:(هذابابماتكونفيهالأسماءالتييجازيبهابمنزلةالذي)#483, SIBAWAYH:(هذابابيذهبفيهالجزاءمنالأسماء)#484, SIBAWAYH:(هذابابالجزاءإذاأدخلتفيهألفالاستفهام)#486, SIBAWAYH:(هذابابالحروفالتيلاتقدمفيهاالأسماءالفعل)#492, SIBAWAYH:(هذابابالنونالثقيلةوالخفيفة)#640
quotes 19:43: «فاتبعني» in 3 segment(s): SAMARRAI-LAMASAT-HALAQAT:p767, SAMARRAI-LAMASAT-HALAQAT:p987, SAMARRAI-LAMASAT-HALAQAT:p988
quotes 19:43: «اهدك» in 5 segment(s): IBNJAWZI-NUZHA:v1p352, NASHR:v2p166, SAMARRAI-LAMASAT-HALAQAT:p767, SAMARRAI-LAMASAT-HALAQAT:p987, SAMARRAI-LAMASAT-HALAQAT:p988
quotes 19:43: «قد جاني» in 1 segment(s): SAMARRAI-LAMASAT-HALAQAT:p767
quotes 19:43: «جاني من» in 7 segment(s): BURHAN:v4p336, BURHAN:v4p421, ITQAN:v2p427#2, JURJANI-DALAIL:v1p257, RAZI-FULL:v1p55#2, SAMARRAI-LAMASAT-HALAQAT:p767, SAMARRAI-LAMASAT-HALAQAT:p1101
quotes 19:43: «صراطا سويا» in 4 segment(s): IBNJAWZI-NUZHA:v1p352, SAMARRAI-LAMASAT-HALAQAT:p767, SAMARRAI-LAMASAT-HALAQAT:p987, SAMARRAI-LAMASAT-HALAQAT:p988
quotes 19:43: «ياابت اني قد» in 0 segment(s): 
quotes 19:43: «العلم ما لم» in 1 segment(s): SAMARRAI-LAMASAT-HALAQAT:p767
quotes 19:46: 23 unique window(s): اراغب | الهتي | لارجمنك | واهجرني | مليا | قال اراغب | اراغب انت | انت عن | عن الهتي | الهتي ياابراهيم | ياابراهيم لين | تنته لارجمنك | لارجمنك واهجرني | واهجرني مليا | قال اراغب انت | اراغب انت عن | انت عن الهتي | عن الهتي ياابراهيم | الهتي ياابراهيم لين | ياابراهيم لين لم | لم تنته لارجمنك | تنته لارجمنك واهجرني | لارجمنك واهجرني مليا
quotes 19:46: «اراغب» in 3 segment(s): BURHAN:v3p235, BURHAN:v3p275, IBNASHUR-FULL:v1p97
quotes 19:46: «الهتي» in 4 segment(s): BURHAN:v3p235, BURHAN:v3p275, IBNASHUR-FULL:v1p97, NASHR:v2p221
quotes 19:46: «لارجمنك» in 9 segment(s): BURHAN:v1p106, BURHAN:v3p46, DAMGHANI:v1p196, IBNASHUR-FULL:v1p97, IBNJAWZI-NUZHA:v1p317, IBNQUTAYBA-MUSHKIL:v1p274, ITQAN:v2p417, JISHUMI:v1p919, RAZI-FULL:v1p61
quotes 19:46: «واهجرني» in 2 segment(s): DAMGHANI:v1p468, ITQAN:v2p319
quotes 19:46: «مليا» in 4 segment(s): DAMGHANI:v1p468, ITQAN:v2p529, MAJAZ:v2p444, SIBAWAYH:(هذابابماجاءمنالمصادرعلىفعول)#677
quotes 19:46: «انت عن» in 7 segment(s): BAQILLANI:v1p107, BURHAN:v1p435, BURHAN:v3p235, BURHAN:v3p275, IBNASHUR-FULL:v1p97, JISHUMI:v1p524, SIBAWAYH:والأسماءالمبهمةهذاوهذانوهذهوهاتانوهؤلاءوذلكPageV02P077وذانك#232
quotes 19:46: «ياابراهيم لين» in 0 segment(s): 
quotes 19:47: 16 unique window(s): ساستغفر | حفيا | سلام عليك | عليك ساستغفر | ساستغفر لك | لك ربي | كان بي | بي حفيا | قال سلام عليك | سلام عليك ساستغفر | عليك ساستغفر لك | ساستغفر لك ربي | لك ربي انه | ربي انه كان | انه كان بي | كان بي حفيا
quotes 19:47: «ساستغفر» in 3 segment(s): DAMGHANI:v1p244, IBNJAWZI-NUZHA:v1p355, SAMARRAI-LAMASAT-HALAQAT:p833
quotes 19:47: «حفيا» in 3 segment(s): ITQAN:v2p319, MAJAZ:v2p408, SAMARRAI-LAMASAT-HALAQAT:p833
quotes 19:47: «سلام عليك» in 7 segment(s): BAQILLANI:v1p137#3, BAQILLANI:v1p140, DAMGHANI:v1p244, IBNJAWZI-NUZHA:v1p355, SAMARRAI-LAMASAT-HALAQAT:p833, SIBAWAYH:وذلكقولكسلامعليكولبيكوخيربينيديكوويللكوويحلكوويسلك#135, SIBAWAYH:وذلكلأنهالحقتماقدعملفيهغيرهاكماأنهاإذالحقتالأفعالالتي#367
quotes 19:47: «لك ربي» in 3 segment(s): DAMGHANI:v1p244, IBNJAWZI-NUZHA:v1p355, SAMARRAI-LAMASAT-HALAQAT:p833
quotes 19:47: «كان بي» in 1 segment(s): SAMARRAI-LAMASAT-HALAQAT:p833
quotes 19:47: «ربي انه كان» in 3 segment(s): NASHR:v2p167, NASHR:v2p319, SAMARRAI-LAMASAT-HALAQAT:p833
quotes 19:48: 21 unique window(s): واعتزلكم | واعتزلكم وما | وما تدعون | الله وادعوا | وادعوا ربي | ربي عسيا | عسيا الا | الا اكون | اكون بدعا | بدعا ربي | ربي شقيا | واعتزلكم وما تدعون | وما تدعون من | دون الله وادعوا | الله وادعوا ربي | وادعوا ربي عسيا | ربي عسيا الا | عسيا الا اكون | الا اكون بدعا | اكون بدعا ربي | بدعا ربي شقيا
quotes 19:48: «واعتزلكم» in 1 segment(s): JISHUMI:v1p892
quotes 19:48: «وما تدعون» in 0 segment(s): 
quotes 19:48: «الله وادعوا» in 0 segment(s): 
quotes 19:48: «وادعوا ربي» in 0 segment(s): 
quotes 19:48: «ربي عسيا» in 0 segment(s): 
quotes 19:48: «عسيا الا» in 0 segment(s): 
quotes 19:48: «الا اكون» in 1 segment(s): BINTSHATI-IJAZ:p211
quotes 19:48: «اكون بدعا» in 0 segment(s): 
quotes 19:48: «بدعا ربي» in 0 segment(s): 
quotes 19:48: «ربي شقيا» in 0 segment(s): 
quotes 19:49: 16 unique window(s): اعتزلهم | وهبنا | فلما اعتزلهم | اعتزلهم وما | الله وهبنا | وهبنا له | ويعقوب وكلا | جعلنا نبيا | فلما اعتزلهم وما | اعتزلهم وما يعبدون | دون الله وهبنا | الله وهبنا له | وهبنا له اسحاق | اسحاق ويعقوب وكلا | ويعقوب وكلا جعلنا | وكلا جعلنا نبيا
quotes 19:49: «اعتزلهم» in 3 segment(s): BURHAN:v2p131, DAMGHANI:v1p468, IBNQUTAYBA-MUSHKIL:v1p231
quotes 19:49: «وهبنا» in 2 segment(s): BURHAN:v2p131, SIBAWAYH:(هذابابماالياءوالواوفيهثانيةوهمافيموضعالعينمنه)#775
quotes 19:49: «ويعقوب وكلا» in 0 segment(s): 
quotes 19:49: «جعلنا نبيا» in 0 segment(s): 
quotes 19:64: 28 unique window(s): نتنزل | خلفنا | وما نتنزل | نتنزل الا | الا بامر | بامر ربك | ربك له | بين ايدينا | ايدينا وما | وما خلفنا | خلفنا وما | وما بين | ربك نسيا | وما نتنزل الا | نتنزل الا بامر | الا بامر ربك | بامر ربك له | ربك له ما | له ما بين | ما بين ايدينا | بين ايدينا وما | ايدينا وما خلفنا | وما خلفنا وما | خلفنا وما بين | وما بين ذالك | بين ذالك وما | ذالك وما كان | كان ربك نسيا
quotes 19:64: «نتنزل» in 3 segment(s): IBNASHUR-FULL:v1p79#2, ITQAN:v1p102#2, NASHR:v2p407
quotes 19:64: «خلفنا» in 5 segment(s): BURHAN:v3p471, DAMGHANI:v1p139, IBNJAWZI-NUZHA:v1p548, ITQAN:v3p240#2, SAMARRAI-LAMASAT-HALAQAT:p37
quotes 19:64: «الا بامر» in 9 segment(s): BAQILLANI:v1p14, BAQILLANI:v1p44, BURHAN:v1p487, IBNASHUR-FULL:v1p79#2, ITQAN:v1p102#2, JURJANI-DALAIL:v1p53, JURJANI-DALAIL:v1p188, NASHR:v2p407, SIBAWAYH:(هذابابتحقيركلحرفكانفيهبدل)#618
quotes 19:64: «بامر ربك» in 4 segment(s): BURHAN:v2p82, IBNASHUR-FULL:v1p79#2, ITQAN:v1p102#2, NASHR:v2p407
quotes 19:64: «ربك له» in 0 segment(s): 
quotes 19:64: «بين ايدينا» in 13 segment(s): BAQILLANI:v1p286, BINTSHATI-IJAZ:p34, BURHAN:v3p471, IBNJAWZI-NUZHA:v1p548, ITQAN:v3p240#2, MAJAZ:v1p1#16, MAJAZ:v1p1#27, SAMARRAI-ASRAR-MUH:p83, SAMARRAI-LAMASAT-HALAQAT:p37, SAMARRAI-LAMASAT-HALAQAT:p533, SAMARRAI-LAMASAT-HALAQAT:p672, SAMARRAI-LAMASAT-HALAQAT:p954 …
quotes 19:64: «ايدينا وما» in 5 segment(s): BURHAN:v3p471, BURHAN:v4p83, IBNJAWZI-NUZHA:v1p548, ITQAN:v3p240#2, SAMARRAI-LAMASAT-HALAQAT:p37
quotes 19:64: «وما بين» in 9 segment(s): BAQILLANI:v1p123, IBNJAWZI-NUZHA:v1p201, IBNJAWZI-NUZHA:v1p444, ITQAN:v3p240#2, JISHUMI:v1p508, JISHUMI:v1p923, JURJANI-ASRAR:v1p85, SAMARRAI-LAMASAT-HALAQAT:p37, YKHULI-TAJDID:c5
quotes 19:64: «ربك نسيا» in 7 segment(s): BINTSHATI-IJAZ:p182, BURHAN:v2p375, BURHAN:v2p509, ITQAN:v3p208, ITQAN:v3p209#3, ITQAN:v3p269, JURJANI-DALAIL:v1p33
quotes 19:64: «له ما بين» in 17 segment(s): ABUDAWUD:1050, BUKHARI:3218, BUKHARI:4731, BUKHARI:7455, BURHAN:v3p471, IBNHIBBAN:2779, IBNHISHAM:v1p302, IBNJAWZI-NUZHA:v1p548, ITQAN:v3p240#2, MUSNAD-AHMAD:1449, MUSNAD-AHMAD:1467, MUSNAD-AHMAD:2078 …
quotes 19:64: «بين ذالك وما» in 0 segment(s): 
quotes 19:64: «ذالك وما كان» in 0 segment(s): 
quotes 19:65: 15 unique window(s): لعبادته | بينهما فاعبده | فاعبده واصطبر | واصطبر لعبادته | لعبادته هل | هل تعلم | تعلم له | له سميا | وما بينهما فاعبده | بينهما فاعبده واصطبر | فاعبده واصطبر لعبادته | واصطبر لعبادته هل | لعبادته هل تعلم | هل تعلم له | تعلم له سميا
quotes 19:65: «لعبادته» in 7 segment(s): BINTSHATI-IJAZ:p560, JISHUMI:v1p496, NASHR:v1p284, NASHR:v2p11#2, SAMARRAI-LAMASAT:p108, SAMARRAI-LAMASAT-HALAQAT:p87, SAMARRAI-LAMASAT-HALAQAT:p590
quotes 19:65: «بينهما فاعبده» in 1 segment(s): BINTSHATI-IJAZ:p560
quotes 19:65: «فاعبده واصطبر» in 1 segment(s): BINTSHATI-IJAZ:p560
quotes 19:65: «هل تعلم» in 8 segment(s): BINTSHATI-IJAZ:p560, BINTSHATI-IJAZ:p561, BURHAN:v2p5, BURHAN:v4p436, DAMGHANI:v1p246, ITQAN:v2p373, JISHUMI:v1p489, JURJANI-ASRAR:v1p327
quotes 19:65: «تعلم له» in 6 segment(s): BINTSHATI-IJAZ:p560, BINTSHATI-IJAZ:p561, BURHAN:v2p5, BURHAN:v4p436, DAMGHANI:v1p246, ITQAN:v2p373
quotes 19:65: «له سميا» in 6 segment(s): BINTSHATI-IJAZ:p560, BINTSHATI-IJAZ:p561, BURHAN:v2p5, BURHAN:v4p436, DAMGHANI:v1p246, ITQAN:v2p373
quotes 19:97: 15 unique window(s): لتبشر | بلسانك لتبشر | لتبشر به | به المتقين | المتقين وتنذر | وتنذر به | به قوما | قوما لدا | يسرناه بلسانك لتبشر | بلسانك لتبشر به | لتبشر به المتقين | به المتقين وتنذر | المتقين وتنذر به | وتنذر به قوما | به قوما لدا
quotes 19:97: «لتبشر» in 5 segment(s): BINTSHATI-IJAZ:p159, BINTSHATI-IJAZ:p164, BINTSHATI-IJAZ:p528, BURHAN:v1p98, ITQAN:v3p261
quotes 19:97: «به المتقين» in 7 segment(s): BINTSHATI-IJAZ:p159, BINTSHATI-IJAZ:p164, BINTSHATI-IJAZ:p167, BINTSHATI-IJAZ:p528, BURHAN:v1p98, ITQAN:v3p261, NASHR:v2p239
quotes 19:97: «المتقين وتنذر» in 3 segment(s): BINTSHATI-IJAZ:p159, BINTSHATI-IJAZ:p164, BINTSHATI-IJAZ:p528
quotes 19:97: «وتنذر به» in 7 segment(s): BAQILLANI:v1p21, BINTSHATI-IJAZ:p81, BINTSHATI-IJAZ:p159, BINTSHATI-IJAZ:p164, BINTSHATI-IJAZ:p528, BINTSHATI-IJAZ:p529, KHATTABI:v1p21#2
quotes 19:97: «به قوما» in 10 segment(s): BAQILLANI:v1p21, BINTSHATI-IJAZ:p81, BINTSHATI-IJAZ:p159, BINTSHATI-IJAZ:p164, BINTSHATI-IJAZ:p167, BINTSHATI-IJAZ:p528, BINTSHATI-IJAZ:p529, BURHAN:v3p322#2, ITQAN:v4p404#2, KHATTABI:v1p21#2
quotes 19:97: «قوما لدا» in 9 segment(s): BAQILLANI:v1p21, BINTSHATI-IJAZ:p81, BINTSHATI-IJAZ:p159, BINTSHATI-IJAZ:p164, BINTSHATI-IJAZ:p167, BINTSHATI-IJAZ:p528, BINTSHATI-IJAZ:p529, JISHUMI:v1p833#2, KHATTABI:v1p21#2
quotes 20:2: 5 unique window(s): لتشقيا | القران لتشقيا | ما انزلنا عليك | انزلنا عليك القران | عليك القران لتشقيا
quotes 20:2: «لتشقيا» in 1 segment(s): ELMALILI:v1p119
quotes 20:2: «ما انزلنا عليك» in 13 segment(s): BINTSHATI-IJAZ:p165, BINTSHATI-IJAZ:p258, BURHAN:v1p72, BURHAN:v4p235, BURHAN:v4p237, DAMGHANI:v1p266, ELMALILI:v1p119, IBNJAWZI-NUZHA:v1p370#2, ITQAN:v2p442#2, ITQAN:v3p299, RUMMANI:v1p97, SAMARRAI-LAMASAT-HALAQAT:p766 …
quotes 20:2: «انزلنا عليك القران» in 13 segment(s): BINTSHATI-IJAZ:p165, BINTSHATI-IJAZ:p258, BURHAN:v1p72, BURHAN:v4p235, BURHAN:v4p237, DAMGHANI:v1p266, ELMALILI:v1p119, IBNJAWZI-NUZHA:v1p370#2, ITQAN:v2p442#2, ITQAN:v3p299, RUMMANI:v1p97, SAMARRAI-LAMASAT-HALAQAT:p766 …
quotes 20:3: 4 unique window(s): الا تذكره | تذكره لمن | الا تذكره لمن | تذكره لمن يخشيا
quotes 20:3: «الا تذكره» in 9 segment(s): BINTSHATI-IJAZ:p165, BINTSHATI-IJAZ:p258, BURHAN:v1p72, BURHAN:v4p235, BURHAN:v4p237, ELMALILI:v1p119, ITQAN:v2p442#2, RUMMANI:v1p97, SIBAWAYH:لأنهكلامقدعملبعضهفىبعضفلايكونإلامبتدألايعملفيهشئقبله#91
quotes 20:3: «تذكره لمن» in 6 segment(s): BINTSHATI-IJAZ:p165, BINTSHATI-IJAZ:p258, BURHAN:v1p72, BURHAN:v4p235, ELMALILI:v1p119, RUMMANI:v1p97
quotes 20:7: 11 unique window(s): واخفي | وان تجهر | تجهر بالقول | بالقول فانه | فانه يعلم | السر واخفي | وان تجهر بالقول | تجهر بالقول فانه | بالقول فانه يعلم | فانه يعلم السر | يعلم السر واخفي
quotes 20:7: «واخفي» in 15 segment(s): BURHAN:v1p425, BURHAN:v3p152, BURHAN:v3p230, BURHAN:v3p253, BURHAN:v3p285, BURHAN:v4p170, DAMGHANI:v1p157, IBNQUTAYBA-MUSHKIL:v1p304, ITQAN:v3p35, ITQAN:v3p268, JURJANI-DALAIL:v1p179, NASHR:v2p233 …
quotes 20:7: «وان تجهر» in 0 segment(s): 
quotes 20:7: «تجهر بالقول» in 0 segment(s): 
quotes 20:7: «بالقول فانه» in 0 segment(s): 
quotes 20:7: «فانه يعلم» in 8 segment(s): BAQILLANI:v1p26, BAQILLANI:v1p259, BURHAN:v2p111, BURHAN:v3p152, BURHAN:v3p253, BURHAN:v4p170, ITQAN:v3p35, ITQAN:v4p324#3
quotes 20:10: 20 unique window(s): بقبس | اذ را | را نارا | نارا فقال | فقال لاهله | منها بقبس | بقبس او | او اجد | اجد علي | النار هدي | اذ را نارا | را نارا فقال | نارا فقال لاهله | فقال لاهله امكثوا | اتيكم منها بقبس | منها بقبس او | بقبس او اجد | او اجد علي | اجد علي النار | علي النار هدي
quotes 20:10: «بقبس» in 4 segment(s): BAQILLANI:v1p189, BINTSHATI-IJAZ:p217, BINTSHATI-IJAZ:p369, BINTSHATI-IJAZ:p452
quotes 20:10: «اذ را» in 0 segment(s): 
quotes 20:10: «را نارا» in 0 segment(s): 
quotes 20:10: «نارا فقال» in 4 segment(s): BAQILLANI:v1p189, BINTSHATI-IJAZ:p217, BINTSHATI-IJAZ:p369, BINTSHATI-IJAZ:p452
quotes 20:10: «فقال لاهله» in 5 segment(s): BAQILLANI:v1p189, BINTSHATI-IJAZ:p217, BINTSHATI-IJAZ:p369, BINTSHATI-IJAZ:p452, BURHAN:v3p96
quotes 20:10: «او اجد» in 6 segment(s): BAQILLANI:v1p189, BINTSHATI-IJAZ:p217, BINTSHATI-IJAZ:p369, BINTSHATI-IJAZ:p452, DAMGHANI:v1p472, IBNJAWZI-NUZHA:v1p629
quotes 20:10: «اجد علي» in 7 segment(s): BAQILLANI:v1p189, BINTSHATI-IJAZ:p217, BINTSHATI-IJAZ:p369, BINTSHATI-IJAZ:p452, BURHAN:v3p209, DAMGHANI:v1p472, IBNJAWZI-NUZHA:v1p629
quotes 20:10: «النار هدي» in 6 segment(s): BAQILLANI:v1p189, BINTSHATI-IJAZ:p217, BINTSHATI-IJAZ:p369, BINTSHATI-IJAZ:p452, DAMGHANI:v1p472, IBNJAWZI-NUZHA:v1p629
quotes 20:13: 9 unique window(s): اخترتك | فاستمع | وانا اخترتك | اخترتك فاستمع | فاستمع لما | لما يوحيا | وانا اخترتك فاستمع | اخترتك فاستمع لما | فاستمع لما يوحيا
quotes 20:13: «اخترتك» in 1 segment(s): NASHR:v2p319#2
quotes 20:13: «فاستمع» in 1 segment(s): DURR-FULL:v1p13
quotes 20:13: «لما يوحيا» in 0 segment(s): 
quotes 20:14: 12 unique window(s): فاعبدني | لذكري | انني انا | انا فاعبدني | فاعبدني واقم | الصلواه لذكري | انني انا الله | انا الله لا | الا انا فاعبدني | انا فاعبدني واقم | فاعبدني واقم الصلواه | واقم الصلواه لذكري
quotes 20:14: «فاعبدني» in 4 segment(s): ITQAN:v2p520, SAMARRAI-LAMASAT:p107, SAMARRAI-LAMASAT-HALAQAT:p86, SAMARRAI-LAMASAT-HALAQAT:p1080
quotes 20:14: «لذكري» in 14 segment(s): BINTSHATI-IJAZ:p163, BURHAN:v2p118, BURHAN:v3p446#2, DAMGHANI:v1p387, IBNJAWZI-NUZHA:v1p94, IBNJAWZI-NUZHA:v1p482, IBNQUTAYBA-MUSHKIL:v1p97, JURJANI-ASRAR:v1p312, JURJANI-DALAIL:v1p234, NASHR:v2p167, NASHR:v2p322, SAMARRAI-LAMASAT:p107 …
quotes 20:14: «انني انا» in 10 segment(s): BURHAN:v2p410, ITQAN:v2p520, NASHR:v2p163#2, NASHR:v2p322, SAMARRAI-LAMASAT:p107, SAMARRAI-LAMASAT-HALAQAT:p86, SAMARRAI-LAMASAT-HALAQAT:p1080, SIBAWAYH:(هذابابتحقيرماكانفيهقلب)#621, SIBAWAYH:(هذابابماالهمزةفيهفيموضعاللاممنبناتالياءوالواو)#788, SIBAWAYH:(هذابابماكانتالياءوالواوفيلامات)#789
quotes 20:14: «انا الله لا» in 5 segment(s): BURHAN:v2p410, NASHR:v2p143, SAMARRAI-LAMASAT:p107, SAMARRAI-LAMASAT-HALAQAT:p86, SAMARRAI-LAMASAT-HALAQAT:p1080
quotes 20:17: 5 unique window(s): وما تلك | تلك بيمينك | بيمينك ياموسيا | وما تلك بيمينك | تلك بيمينك ياموسيا
quotes 20:17: «وما تلك» in 12 segment(s): BURHAN:v2p342, BURHAN:v4p42, BURHAN:v4p44, BURHAN:v4p402, DAMGHANI:v1p502, IBNJAWZI-NUZHA:v1p641#2, IBNQUTAYBA-MUSHKIL:v1p170, ITQAN:v2p512#4, ITQAN:v2p574, ITQAN:v3p215, JISHUMI:v1p473, JURJANI-ASRAR:v1p255
quotes 20:17: «تلك بيمينك» in 11 segment(s): BURHAN:v2p342, BURHAN:v4p42, BURHAN:v4p44, BURHAN:v4p402, DAMGHANI:v1p502, IBNJAWZI-NUZHA:v1p641#2, IBNQUTAYBA-MUSHKIL:v1p170, ITQAN:v2p512#4, ITQAN:v2p574, ITQAN:v3p215, JISHUMI:v1p473
quotes 20:17: «بيمينك ياموسيا» in 0 segment(s): 
quotes 20:18: 27 unique window(s): عصاي | اتوكوا | واهش | غنمي | مارب | هي عصاي | عصاي اتوكوا | اتوكوا عليها | عليها واهش | واهش بها | بها عليا | عليا غنمي | غنمي ولي | ولي فيها | فيها مارب | مارب اخريا | قال هي عصاي | هي عصاي اتوكوا | عصاي اتوكوا عليها | اتوكوا عليها واهش | عليها واهش بها | واهش بها عليا | بها عليا غنمي | عليا غنمي ولي | غنمي ولي فيها | ولي فيها مارب | فيها مارب اخريا
quotes 20:18: «عصاي» in 5 segment(s): BURHAN:v4p44, ITQAN:v2p574, NASHR:v2p166, SAMARRAI-LAMASAT-HALAQAT:p724, SAMARRAI-LAMASAT-HALAQAT:p1084
quotes 20:18: «اتوكوا» in 2 segment(s): ITQAN:v4p448, NASHR:v1p452
quotes 20:18: «واهش» in 3 segment(s): BURHAN:v4p44, ITQAN:v2p574, SAMARRAI-LAMASAT-HALAQAT:p724
quotes 20:18: «غنمي» in 3 segment(s): BURHAN:v4p44, ITQAN:v2p574, SAMARRAI-LAMASAT-HALAQAT:p724
quotes 20:18: «مارب» in 7 segment(s): BURHAN:v4p44, ITQAN:v2p383, MAJAZ:v2p399, NASHR:v2p171#2, NASHR:v2p172, SAMARRAI-LAMASAT-HALAQAT:p724, SIBAWAYH:(هذابابأسماءالقبائلوالأحياءومايضافإلىالأبوالأم)#542
quotes 20:18: «بها عليا» in 0 segment(s): 
quotes 20:18: «ولي فيها» in 6 segment(s): BURHAN:v4p44, NASHR:v1p359, NASHR:v2p171#2, NASHR:v2p172, NASHR:v2p322, SAMARRAI-LAMASAT-HALAQAT:p724
quotes 20:21: 13 unique window(s): خذها | سنعيدها | سيرتها | قال خذها | خذها ولا | تخف سنعيدها | سنعيدها سيرتها | سيرتها الاوليا | قال خذها ولا | خذها ولا تخف | ولا تخف سنعيدها | تخف سنعيدها سيرتها | سنعيدها سيرتها الاوليا
quotes 20:21: «خذها» in 5 segment(s): BAGHAWI-FULL:v1p38#2, IBNATIYYA-FULL:v1p54#2, IBNKATHIR-FULL:v1p20#2, JURJANI-DALAIL:v1p95, SAMARRAI-LAMASAT-HALAQAT:p1005
quotes 20:21: «سنعيدها» in 3 segment(s): BURHAN:v3p215, ITQAN:v2p531, SAMARRAI-LAMASAT-HALAQAT:p1005
quotes 20:21: «سيرتها» in 7 segment(s): BURHAN:v3p215, ITQAN:v2p320, ITQAN:v2p531, MAJAZ:v2p421, NASHR:v1p416, SAMARRAI-LAMASAT-HALAQAT:p1005, THALABI:v1p86
quotes 20:26: 4 unique window(s): ويسر | ويسر لي | لي امري | ويسر لي امري
quotes 20:26: «ويسر» in 17 segment(s): BAGHAWI-FULL:v1p33, IBNASHUR-FULL:v1p5, IBNATIYYA-FULL:v1p45#2, IBNQUTAYBA-MUSHKIL:v1p78, ITQAN:v3p192#3, JISHUMI:v2p1045, NASHR:v1p224, NASHR:v2p163#2, NASHR:v2p164, NASHR:v2p180, NASHR:v2p182, NASHR:v2p291 …
quotes 20:26: «لي امري» in 6 segment(s): ITQAN:v3p192#3, NASHR:v2p163#2, NASHR:v2p164, NASHR:v2p322, SAMARRAI-LAMASAT:p105, SAMARRAI-LAMASAT-HALAQAT:p84
quotes 20:42: 15 unique window(s): واخوك | تنيا | اذهب انت | انت واخوك | واخوك باياتي | باياتي ولا | ولا تنيا | تنيا في | في ذكري | اذهب انت واخوك | انت واخوك باياتي | واخوك باياتي ولا | باياتي ولا تنيا | ولا تنيا في | تنيا في ذكري
quotes 20:42: «واخوك» in 7 segment(s): BINTSHATI-IJAZ:p334, IBNQUTAYBA-MUSHKIL:v1p97, SAMARRAI-ASRAR:r8#2, SAMARRAI-LAMASAT-HALAQAT:p690, SIBAWAYH:تقولرويدزيداوإنماتريدأرودزيدا|قالالهذلى#95, SIBAWAYH:لأنهمفعولمعهومفعولبهكماانتصبنفسهفىقولكامرأونفسه|وذلك#115, SIBAWAYH:(هذابابمايتغيرفيالإضافةإلىالاسمإذاجعلتهاسمرجلأوامرأة#594
quotes 20:42: «تنيا» in 5 segment(s): BINTSHATI-IJAZ:p334, ITQAN:v2p320, ITQAN:v2p350, SAMARRAI-ASRAR:r8#2, SAMARRAI-LAMASAT-HALAQAT:p690
quotes 20:42: «اذهب انت» in 7 segment(s): BINTSHATI-IJAZ:p334, BURHAN:v2p82, SAMARRAI-ASRAR:r8#2, SAMARRAI-LAMASAT-HALAQAT:p690, SIBAWAYH:تقولرويدزيداوإنماتريدأرودزيدا|قالالهذلى#95, SIBAWAYH:وذلكقولكإياكأنتنفسكأنتفعلوإياكنفسكأنتفعل|فإنعنيتالفاعل#109, SIBAWAYH:أمامايحسنأنيشركهالمظهرفهوالمضمرالمنصوبوذلكقولكرأيتكوزيدا#430
quotes 20:42: «باياتي ولا» in 3 segment(s): BINTSHATI-IJAZ:p334, SAMARRAI-ASRAR:r8#2, SAMARRAI-LAMASAT-HALAQAT:p690
quotes 20:42: «في ذكري» in 7 segment(s): BINTSHATI-IJAZ:p334, ITQAN:v2p350, NASHR:v2p107, NASHR:v2p171, NASHR:v2p322, SAMARRAI-ASRAR:r8#2, SAMARRAI-LAMASAT-HALAQAT:p690
quotes 20:44: 13 unique window(s): لينا | فقولا له | قولا لينا | لينا لعله | لعله يتذكر | يتذكر او | او يخشيا | فقولا له قولا | له قولا لينا | قولا لينا لعله | لينا لعله يتذكر | لعله يتذكر او | يتذكر او يخشيا
quotes 20:44: «لينا» in 12 segment(s): BURHAN:v4p56, BURHAN:v4p158, BURHAN:v4p181, BURHAN:v4p392, IBNQUTAYBA-MUSHKIL:v1p103, ITQAN:v2p479#3, ITQAN:v2p504#3, RIFAI-KHULI:c2, SAMARRAI-ASRAR:r8#2, SAMARRAI-LAMASAT-HALAQAT:p99, SIBAWAYH:وذلكقولكسلامعليكولبيكوخيربينيديكوويللكوويحلكوويسلك#135, SIBAWAYH:هذابابالإدغامفيالحروفالمتقاربةالتيهيمنمخرجواحد#808
quotes 20:44: «فقولا له» in 8 segment(s): BURHAN:v4p56, BURHAN:v4p158, BURHAN:v4p181, ITQAN:v2p479#3, ITQAN:v2p504#3, SAMARRAI-ASRAR:r8#2, SAMARRAI-LAMASAT-HALAQAT:p99, SIBAWAYH:وذلكقولكسلامعليكولبيكوخيربينيديكوويللكوويحلكوويسلك#135
quotes 20:44: «لعله يتذكر» in 20 segment(s): BURHAN:v2p318, BURHAN:v4p56, BURHAN:v4p158, BURHAN:v4p181, BURHAN:v4p210, BURHAN:v4p390, BURHAN:v4p392, BURHAN:v4p393, DAMGHANI:v1p55, DAMGHANI:v1p415, IBNJAWZI-NUZHA:v1p108, IBNJAWZI-NUZHA:v1p529 …
quotes 20:44: «يتذكر او» in 19 segment(s): BURHAN:v2p318, BURHAN:v4p56, BURHAN:v4p158, BURHAN:v4p181, BURHAN:v4p210, BURHAN:v4p390, BURHAN:v4p392, DAMGHANI:v1p55, DAMGHANI:v1p415, IBNJAWZI-NUZHA:v1p108, IBNJAWZI-NUZHA:v1p529, IBNQUTAYBA-MUSHKIL:v1p290#2 …
quotes 20:44: «او يخشيا» in 0 segment(s): 
quotes 20:49: 5 unique window(s): قال فمن | فمن ربكما | ربكما ياموسيا | قال فمن ربكما | فمن ربكما ياموسيا
quotes 20:49: «قال فمن» in 8 segment(s): BURHAN:v1p115, BURHAN:v4p95, IBNKATHIR-FULL:v1p47#2, ITQAN:v4p534#2, SAMARRAI-ASRAR:r8#2, SAMARRAI-LAMASAT:p144, SIBAWAYH:وذلكقولكأخذتهبدرهمفصاعداوأخذتهبدرهمفزائدا|حذفواالفعللكثرة#113, SIBAWAYH:وذلكقولكمررتبرجلحسنأبواهوأحسنأبواهوأخارجقومك|فصارهذا#221
quotes 20:49: «فمن ربكما» in 9 segment(s): BURHAN:v2p240, BURHAN:v2p246, BURHAN:v3p126, BURHAN:v3p334, IBNQUTAYBA-MUSHKIL:v1p176, ITQAN:v3p90, ITQAN:v3p91, ITQAN:v3p232#2, SAMARRAI-ASRAR:r8#2
quotes 20:49: «ربكما ياموسيا» in 0 segment(s): 
quotes 20:50: 12 unique window(s): قال ربنا | ربنا الذي | الذي اعطيا | اعطيا كل | خلقه ثم | ثم هديا | قال ربنا الذي | ربنا الذي اعطيا | الذي اعطيا كل | اعطيا كل شي | شي خلقه ثم | خلقه ثم هديا
quotes 20:50: «قال ربنا» in 4 segment(s): ITQAN:v1p125#2, SAMARRAI-LAMASAT-HALAQAT:p99, SAMARRAI-LAMASAT-HALAQAT:p1046, SAMARRAI-LAMASAT-HALAQAT:p1050
quotes 20:50: «ربنا الذي» in 0 segment(s): 
quotes 20:50: «الذي اعطيا» in 0 segment(s): 
quotes 20:50: «اعطيا كل» in 0 segment(s): 
quotes 20:50: «خلقه ثم» in 6 segment(s): BURHAN:v1p104, BURHAN:v2p144, DAMGHANI:v1p475, IBNJAWZI-NUZHA:v1p627, IBNQUTAYBA-MUSHKIL:v1p248, ITQAN:v2p410
quotes 20:50: «ثم هديا» in 0 segment(s): 
quotes 20:51: 5 unique window(s): فما بال | بال القرون | قال فما بال | فما بال القرون | بال القرون الاوليا
quotes 20:51: «فما بال» in 13 segment(s): BINTSHATI-IJAZ:p28, BURHAN:v2p451, BURHAN:v2p493, SAMARRAI-LAMASAT:p116, SIBAWAYH:وذلكقولكاضربأيهمهوأفضلواضربأيهمكانأفضلواضربأيهمأبوهزيد#444, SIBAWAYH:(هذابابتبيانأملمدخلتعلىحروفالاستفهامولمتدخلعلىالألف)#520, SIBAWAYH:(هذابابمالحقتهألفالتأنيثبعدألففمنعهذلكمنالانصراففي#530, SIBAWAYH:(هذابابفعل)#535, SIBAWAYH:(هذابابماكانعلىمثالمفاعلومفاعيل)#536, SIBAWAYH:(هذابابتحقيرالمؤنث)#629, SIBAWAYH:(هذابابتحقيرالأسماءالمبهمة)#631, SIBAWAYH:(هذابابمايلزمالواوفيهبدلالياء)#794 …
quotes 20:51: «بال القرون» in 1 segment(s): BURHAN:v2p451
quotes 20:52: 15 unique window(s): ينسي | قال علمها | ربي في | كتاب لا | لا يضل | يضل ربي | ولا ينسي | قال علمها عند | عند ربي في | ربي في كتاب | في كتاب لا | كتاب لا يضل | لا يضل ربي | يضل ربي ولا | ربي ولا ينسي
quotes 20:52: «ينسي» in 19 segment(s): ALUSI-FULL:v1p21#2, BURHAN:v1p90, BURHAN:v2p57, BURHAN:v3p175, BURHAN:v3p333, IBNMUJAHID:v1p45, ITQAN:v4p505, JISHUMI:v2p976, JURJANI-ASRAR:v1p6, JURJANI-ASRAR:v1p262#2, SAMARRAI-ASRAR-MUH:p2, SAMARRAI-ASRAR-MUH:p87 …
quotes 20:52: «قال علمها» in 0 segment(s): 
quotes 20:52: «ربي في» in 8 segment(s): BURHAN:v2p349, DAMGHANI:v1p189, ITQAN:v1p97, ITQAN:v1p101, ITQAN:v3p168, ITQAN:v4p537#5, JISHUMI:v1p581, SAMARRAI-ASRAR:r11
quotes 20:52: «كتاب لا» in 1 segment(s): RIFAI-KHULI:c2
quotes 20:52: «لا يضل» in 4 segment(s): BURHAN:v1p90, ITQAN:v2p320, JISHUMI:v1p703, WAHIDI-BASIT:v1p401
quotes 20:52: «يضل ربي» in 0 segment(s): 
quotes 20:53: 16 unique window(s): وسلك | مهدا وسلك | وسلك لكم | سبلا وانزل | ازواجا من | من نبات | نبات شتيا | الارض مهدا وسلك | مهدا وسلك لكم | وسلك لكم فيها | فيها سبلا وانزل | سبلا وانزل من | فاخرجنا به ازواجا | به ازواجا من | ازواجا من نبات | من نبات شتيا
quotes 20:53: «وسلك» in 15 segment(s): BAQILLANI:v1p64, BAQILLANI:v1p123, BINTSHATI-IJAZ:p256, BURHAN:v1p130, IBNASHUR-FULL:v1p14, IBNASHUR-FULL:v1p122, IBNKATHIR-FULL:v1p10#2, IBNKATHIR-FULL:v1p34, IBNMUJAHID:v1p79#2, JURJANI-DALAIL:v1p185, JURJANI-DALAIL:v1p302, NASHR:v2p63 …
quotes 20:53: «سبلا وانزل» in 2 segment(s): SAMARRAI-ASRAR-MUH:p13, SAMARRAI-LAMASAT-HALAQAT:p464
quotes 20:53: «ازواجا من» in 4 segment(s): BINTSHATI-IJAZ:p233, BURHAN:v3p319, SAMARRAI-ASRAR-MUH:p13, SAMARRAI-LAMASAT-HALAQAT:p464
quotes 20:53: «من نبات» in 6 segment(s): BINTSHATI-IJAZ:p233, BINTSHATI-IJAZ:p569, BINTSHATI-IJAZ:p589, BURHAN:v3p319, SAMARRAI-ASRAR-MUH:p13, SAMARRAI-LAMASAT-HALAQAT:p464
quotes 20:53: «نبات شتيا» in 0 segment(s): 
quotes 20:53: «فاخرجنا به ازواجا» in 4 segment(s): BINTSHATI-IJAZ:p233, BURHAN:v3p319, SAMARRAI-ASRAR-MUH:p13, SAMARRAI-LAMASAT-HALAQAT:p464
quotes 20:54: 8 unique window(s): وارعوا | انعامكم | كلوا وارعوا | وارعوا انعامكم | انعامكم ان | كلوا وارعوا انعامكم | وارعوا انعامكم ان | انعامكم ان في
quotes 20:54: «وارعوا» in 0 segment(s): 
quotes 20:54: «انعامكم» in 0 segment(s): 
quotes 20:55: 13 unique window(s): نعيدكم | منها خلقناكم | خلقناكم وفيها | وفيها نعيدكم | نعيدكم ومنها | ومنها نخرجكم | نخرجكم تاره | منها خلقناكم وفيها | خلقناكم وفيها نعيدكم | وفيها نعيدكم ومنها | نعيدكم ومنها نخرجكم | ومنها نخرجكم تاره | نخرجكم تاره اخريا
quotes 20:55: «نعيدكم» in 0 segment(s): 
quotes 20:55: «منها خلقناكم» in 0 segment(s): 
quotes 20:55: «خلقناكم وفيها» in 0 segment(s): 
quotes 20:55: «ومنها نخرجكم» in 0 segment(s): 
quotes 20:55: «نخرجكم تاره» in 0 segment(s): 
quotes 20:61: 20 unique window(s): تفتروا | فيسحتكم | موسيا ويلكم | ويلكم لا | لا تفتروا | تفتروا علي | كذبا فيسحتكم | فيسحتكم بعذاب | بعذاب وقد | من افتريا | لهم موسيا ويلكم | موسيا ويلكم لا | ويلكم لا تفتروا | لا تفتروا علي | تفتروا علي الله | الله كذبا فيسحتكم | كذبا فيسحتكم بعذاب | فيسحتكم بعذاب وقد | بعذاب وقد خاب | خاب من افتريا
quotes 20:61: «تفتروا» in 4 segment(s): BAQILLANI:v1p91, BURHAN:v1p93, ITQAN:v3p277, SIBAWAYH:(هذابابالفاء)#475
quotes 20:61: «فيسحتكم» in 6 segment(s): BAQILLANI:v1p91, BURHAN:v1p93, ITQAN:v2p320, MAJAZ:v2p419, NASHR:v2p320, SIBAWAYH:(هذابابالفاء)#475
quotes 20:61: «موسيا ويلكم» in 0 segment(s): 
quotes 20:61: «ويلكم لا» in 1 segment(s): ITQAN:v3p277
quotes 20:61: «بعذاب وقد» in 2 segment(s): BAQILLANI:v1p91, BURHAN:v1p93
quotes 20:61: «من افتريا» in 0 segment(s): 
quotes 20:64: 18 unique window(s): كيدكم | استعليا | فاجمعوا كيدكم | كيدكم ثم | ثم ايتوا | ايتوا صفا | صفا وقد | وقد افلح | افلح اليوم | من استعليا | فاجمعوا كيدكم ثم | كيدكم ثم ايتوا | ثم ايتوا صفا | ايتوا صفا وقد | صفا وقد افلح | وقد افلح اليوم | افلح اليوم من | اليوم من استعليا
quotes 20:64: «كيدكم» in 1 segment(s): NASHR:v2p320
quotes 20:64: «استعليا» in 0 segment(s): 
quotes 20:64: «ثم ايتوا» in 2 segment(s): DAMGHANI:v1p278, IBNJAWZI-NUZHA:v1p385
quotes 20:64: «ايتوا صفا» in 2 segment(s): DAMGHANI:v1p278, IBNJAWZI-NUZHA:v1p385
quotes 20:64: «صفا وقد» in 1 segment(s): IBNJAWZI-NUZHA:v1p385
quotes 20:64: «وقد افلح» in 1 segment(s): IBNJAWZI-NUZHA:v1p385
quotes 20:64: «افلح اليوم» in 1 segment(s): IBNJAWZI-NUZHA:v1p385
quotes 20:68: 6 unique window(s): قلنا لا | انت الاعليا | قلنا لا تخف | لا تخف انك | تخف انك انت | انك انت الاعليا
quotes 20:68: «قلنا لا» in 24 segment(s): BURHAN:v1p49, BURHAN:v2p79, BURHAN:v3p236, BURHAN:v4p225, JISHUMI:v1p427, JISHUMI:v1p464, JISHUMI:v1p548, JISHUMI:v1p550, JISHUMI:v1p620, JISHUMI:v1p654#2, JISHUMI:v1p663, JISHUMI:v1p670 …
quotes 20:68: «انت الاعليا» in 0 segment(s): 
quotes 20:68: «لا تخف انك» in 1 segment(s): SAMARRAI-LAMASAT-HALAQAT:p70
quotes 20:68: «تخف انك انت» in 0 segment(s): 
quotes 20:69: 25 unique window(s): والق ما | في يمينك | يمينك تلقف | صنعوا انما | انما صنعوا | صنعوا كيد | كيد ساحر | ساحر ولا | يفلح الساحر | الساحر حيث | حيث اتيا | والق ما في | ما في يمينك | في يمينك تلقف | يمينك تلقف ما | تلقف ما صنعوا | ما صنعوا انما | صنعوا انما صنعوا | انما صنعوا كيد | صنعوا كيد ساحر | كيد ساحر ولا | ساحر ولا يفلح | ولا يفلح الساحر | يفلح الساحر حيث | الساحر حيث اتيا
quotes 20:69: «والق ما» in 3 segment(s): SAMARRAI-ASRAR-MUH:r-127, SAMARRAI-LAMASAT-HALAQAT:p578, SAMARRAI-LAMASAT-HALAQAT:p903
quotes 20:69: «في يمينك» in 4 segment(s): NASHR:v2p231, SAMARRAI-ASRAR-MUH:r-127, SAMARRAI-LAMASAT-HALAQAT:p578, SAMARRAI-LAMASAT-HALAQAT:p903
quotes 20:69: «يمينك تلقف» in 4 segment(s): NASHR:v2p231, SAMARRAI-ASRAR-MUH:r-127, SAMARRAI-LAMASAT-HALAQAT:p578, SAMARRAI-LAMASAT-HALAQAT:p903
quotes 20:69: «صنعوا انما» in 1 segment(s): SAMARRAI-LAMASAT-HALAQAT:p903
quotes 20:69: «انما صنعوا» in 3 segment(s): ITQAN:v4p436, MAJAZ:v1p14, SAMARRAI-LAMASAT-HALAQAT:p903
quotes 20:69: «صنعوا كيد» in 3 segment(s): ITQAN:v4p436, MAJAZ:v1p14, SAMARRAI-LAMASAT-HALAQAT:p903
quotes 20:69: «كيد ساحر» in 6 segment(s): ITQAN:v4p436, MAJAZ:v1p14, NASHR:v1p291, NASHR:v1p298, NASHR:v2p320, SAMARRAI-LAMASAT-HALAQAT:p903
quotes 20:69: «ساحر ولا» in 1 segment(s): SAMARRAI-LAMASAT-HALAQAT:p903
quotes 20:69: «يفلح الساحر» in 2 segment(s): ITQAN:v4p522, SAMARRAI-LAMASAT-HALAQAT:p903
quotes 20:69: «الساحر حيث» in 2 segment(s): ITQAN:v4p522, SAMARRAI-LAMASAT-HALAQAT:p903
quotes 20:69: «حيث اتيا» in 0 segment(s): 
quotes 20:69: «تلقف ما صنعوا» in 3 segment(s): SAMARRAI-ASRAR-MUH:r-127, SAMARRAI-LAMASAT-HALAQAT:p578, SAMARRAI-LAMASAT-HALAQAT:p903
quotes 20:71: 23 unique window(s): فلاقطعن | جذوع | السحر فلاقطعن | فلاقطعن ايديكم | ولاصلبنكم في | في جذوع | جذوع النخل | النخل ولتعلمن | ولتعلمن اينا | اينا اشد | اشد عذابا | عذابا وابقيا | علمكم السحر فلاقطعن | السحر فلاقطعن ايديكم | فلاقطعن ايديكم وارجلكم | خلاف ولاصلبنكم في | ولاصلبنكم في جذوع | في جذوع النخل | جذوع النخل ولتعلمن | النخل ولتعلمن اينا | ولتعلمن اينا اشد | اينا اشد عذابا | اشد عذابا وابقيا
quotes 20:71: «فلاقطعن» in 0 segment(s): 
quotes 20:71: «جذوع» in 8 segment(s): BURHAN:v4p176, BURHAN:v4p302, DAMGHANI:v1p365, IBNJAWZI-NUZHA:v1p475, IBNQUTAYBA-MUSHKIL:v1p298, ITQAN:v2p486, MAJAZ:v1p14, MAJAZ:v2p406
quotes 20:71: «ولاصلبنكم في» in 6 segment(s): BURHAN:v4p176, BURHAN:v4p302, DAMGHANI:v1p365, IBNJAWZI-NUZHA:v1p475, IBNQUTAYBA-MUSHKIL:v1p298, ITQAN:v2p486
quotes 20:71: «النخل ولتعلمن» in 0 segment(s): 
quotes 20:71: «ولتعلمن اينا» in 1 segment(s): BINTSHATI-IJAZ:p419
quotes 20:71: «اينا اشد» in 2 segment(s): BINTSHATI-IJAZ:p419, IBNQUTAYBA-MUSHKIL:v1p97
quotes 20:71: «اشد عذابا» in 1 segment(s): BINTSHATI-IJAZ:p419
quotes 20:71: «عذابا وابقيا» in 0 segment(s): 
quotes 20:72: 29 unique window(s): نوثرك | فطرنا | فاقض | تقضي | لن نوثرك | نوثرك عليا | البينات والذي | والذي فطرنا | فطرنا فاقض | فاقض ما | انت قاض | قاض انما | انما تقضي | تقضي هاذه | قالوا لن نوثرك | لن نوثرك عليا | نوثرك عليا ما | عليا ما جانا | جانا من البينات | من البينات والذي | البينات والذي فطرنا | والذي فطرنا فاقض | فطرنا فاقض ما | فاقض ما انت | ما انت قاض | انت قاض انما | قاض انما تقضي | انما تقضي هاذه | تقضي هاذه الحيواه
quotes 20:72: «نوثرك» in 1 segment(s): BURHAN:v3p192
quotes 20:72: «فطرنا» in 2 segment(s): BURHAN:v2p25, ITQAN:v4p358
quotes 20:72: «فاقض» in 8 segment(s): BINTSHATI-IJAZ:p443, BURHAN:v3p317, DAMGHANI:v1p383, IBNJAWZI-NUZHA:v1p506#2, IBNQUTAYBA-MUSHKIL:v1p247, ITQAN:v2p390#3, ITQAN:v3p229, JISHUMI:v1p826
quotes 20:72: «تقضي» in 20 segment(s): BURHAN:v3p317, BURHAN:v4p188, DAMGHANI:v1p383, DURR-FULL:v1p16, IBNJAWZI-NUZHA:v1p295, IBNQUTAYBA-MUSHKIL:v1p130, ITQAN:v1p209#2, ITQAN:v2p470, ITQAN:v3p217, JISHUMI:v1p778, JISHUMI:v1p894, JURJANI-ASRAR:v1p262#2 …
quotes 20:72: «البينات والذي» in 0 segment(s): 
quotes 20:72: «انت قاض» in 7 segment(s): BAQILLANI:v1p192, BURHAN:v3p317, DAMGHANI:v1p383, IBNJAWZI-NUZHA:v1p506#2, IBNQUTAYBA-MUSHKIL:v1p247, ITQAN:v3p229, JISHUMI:v1p826
quotes 20:72: «قاض انما» in 1 segment(s): BURHAN:v3p317
quotes 20:72: «عليا ما جانا» in 0 segment(s): 
quotes 20:72: «جانا من البينات» in 0 segment(s): 
quotes 20:73: 23 unique window(s): اكرهتنا | انا امنا | امنا بربنا | بربنا ليغفر | ليغفر لنا | لنا خطايانا | خطايانا وما | وما اكرهتنا | اكرهتنا عليه | من السحر | السحر والله | انا امنا بربنا | امنا بربنا ليغفر | بربنا ليغفر لنا | ليغفر لنا خطايانا | لنا خطايانا وما | خطايانا وما اكرهتنا | وما اكرهتنا عليه | اكرهتنا عليه من | عليه من السحر | من السحر والله | السحر والله خير | والله خير وابقيا
quotes 20:73: «اكرهتنا» in 0 segment(s): 
quotes 20:73: «انا امنا» in 6 segment(s): BURHAN:v3p317, ITQAN:v3p229, JISHUMI:v1p445, JISHUMI:v1p448, JURJANI-DALAIL:v1p177, JURJANI-DALAIL:v1p181#2
quotes 20:73: «امنا بربنا» in 2 segment(s): BURHAN:v3p317, ITQAN:v3p229
quotes 20:73: «بربنا ليغفر» in 0 segment(s): 
quotes 20:73: «ليغفر لنا» in 0 segment(s): 
quotes 20:73: «لنا خطايانا» in 0 segment(s): 
quotes 20:73: «خطايانا وما» in 0 segment(s): 
quotes 20:73: «من السحر» in 13 segment(s): BAQILLANI:v1p183, BINTSHATI-IJAZ:p112, BURHAN:v2p380, BURHAN:v4p228, ITQAN:v4p436, ITQAN:v4p439#2, JISHUMI:v1p521, JISHUMI:v1p524, JISHUMI:v1p530#2, JURJANI-ASRAR:v1p194, JURJANI-ASRAR:v1p198, JURJANI-ASRAR:v1p245 …
quotes 20:73: «السحر والله» in 0 segment(s): 
quotes 20:73: «والله خير وابقيا» in 0 segment(s): 
quotes 20:74: 12 unique window(s): مجرما | يات ربه | ربه مجرما | مجرما فان | انه من يات | من يات ربه | يات ربه مجرما | ربه مجرما فان | مجرما فان له | فان له جهنم | له جهنم لا | جهنم لا يموت
quotes 20:74: «مجرما» in 4 segment(s): BURHAN:v2p279, BURHAN:v4p29, ITQAN:v3p101, SIBAWAYH:(هذابابماتكونفيهالأسماءالتييجازيبهابمنزلةالذي)#483
quotes 20:74: «يات ربه» in 4 segment(s): BURHAN:v2p279, BURHAN:v4p29, ITQAN:v3p101, SIBAWAYH:(هذابابماتكونفيهالأسماءالتييجازيبهابمنزلةالذي)#483
quotes 20:74: «انه من يات» in 2 segment(s): BURHAN:v4p29, SIBAWAYH:(هذابابماتكونفيهالأسماءالتييجازيبهابمنزلةالذي)#483
quotes 20:74: «فان له جهنم» in 3 segment(s): BURHAN:v4p29, IBNQUTAYBA-MUSHKIL:v1p237#2, SIBAWAYH:(هذابابماتكونفيهالأسماءالتييجازيبهابمنزلةالذي)#483
quotes 20:74: «له جهنم لا» in 2 segment(s): IBNQUTAYBA-MUSHKIL:v1p237#2, SIBAWAYH:(هذابابماتكونفيهالأسماءالتييجازيبهابمنزلةالذي)#483
quotes 20:74: «جهنم لا يموت» in 2 segment(s): IBNQUTAYBA-MUSHKIL:v1p237#2, SIBAWAYH:(هذابابماتكونفيهالأسماءالتييجازيبهابمنزلةالذي)#483
quotes 20:76: 2 unique window(s): وذالك جزا من | جزا من تزكيا
quotes 20:76: «وذالك جزا من» in 0 segment(s): 
quotes 20:76: «جزا من تزكيا» in 0 segment(s): 
quotes 20:114: 22 unique window(s): وحيه | زدني | ولا تعجل | تعجل بالقران | ان يقضيا | يقضيا اليك | اليك وحيه | وحيه وقل | رب زدني | زدني علما | الملك الحق ولا | الحق ولا تعجل | ولا تعجل بالقران | تعجل بالقران من | بالقران من قبل | قبل ان يقضيا | ان يقضيا اليك | يقضيا اليك وحيه | اليك وحيه وقل | وحيه وقل رب | وقل رب زدني | رب زدني علما
quotes 20:114: «وحيه» in 16 segment(s): ALUSI-FULL:v1p21, BAQILLANI:v1p3, BINTSHATI-IJAZ:p165, DAMGHANI:v1p332, DAMGHANI:v1p383, IBNJAWZI-NUZHA:v1p508, ITQAN:v1p125#2, ITQAN:v3p295, JISHUMI:v1p478, MAJAZ:v1p7, NASHR:v2p321, NASHR:v2p408 …
quotes 20:114: «زدني» in 6 segment(s): BAQILLANI:v1p303, BINTSHATI-IJAZ:p165, IBNASHUR-FULL:v1p46, IBNJAWZI-NUZHA:v1p625, IBNKATHIR-FULL:v1p39, TAB-FULL:v1p31
quotes 20:114: «ولا تعجل» in 3 segment(s): BINTSHATI-IJAZ:p165, DAMGHANI:v1p383, ITQAN:v3p295
quotes 20:114: «تعجل بالقران» in 3 segment(s): BINTSHATI-IJAZ:p165, DAMGHANI:v1p383, ITQAN:v3p295
quotes 20:114: «ان يقضيا» in 0 segment(s): 
quotes 20:114: «يقضيا اليك» in 0 segment(s): 
quotes 20:114: «الملك الحق ولا» in 2 segment(s): BINTSHATI-IJAZ:p165, ITQAN:v3p295
quotes 20:114: «بالقران من قبل» in 3 segment(s): BINTSHATI-IJAZ:p165, DAMGHANI:v1p383, ITQAN:v3p295
quotes 20:115: 19 unique window(s): عهدنا | عزما | ولقد عهدنا | عهدنا اليا | اليا ادم | قبل فنسي | فنسي ولم | ولم نجد | نجد له | له عزما | ولقد عهدنا اليا | عهدنا اليا ادم | اليا ادم من | ادم من قبل | من قبل فنسي | قبل فنسي ولم | فنسي ولم نجد | ولم نجد له | نجد له عزما
quotes 20:115: «عهدنا» in 7 segment(s): DAMGHANI:v1p335, DAMGHANI:v1p383, DAMGHANI:v1p453, IBNJAWZI-NUZHA:v1p508, IBNJAWZI-NUZHA:v1p579#2, IBNQUTAYBA-MUSHKIL:v1p271#2, JURJANI-ASRAR:v1p270
quotes 20:115: «عزما» in 5 segment(s): DAMGHANI:v1p322, ITQAN:v3p43, JISHUMI:v1p904, JURJANI-ASRAR:v1p183, JURJANI-DALAIL:v1p80
quotes 20:115: «اليا ادم» in 0 segment(s): 
quotes 20:115: «قبل فنسي» in 3 segment(s): DAMGHANI:v1p453, IBNJAWZI-NUZHA:v1p579#2, IBNQUTAYBA-MUSHKIL:v1p271#2
quotes 20:115: «فنسي ولم» in 1 segment(s): ITQAN:v3p43
quotes 20:115: «ولم نجد» in 3 segment(s): BINTSHATI-IJAZ:p555, DAMGHANI:v1p322, ITQAN:v3p43
quotes 20:115: «نجد له» in 5 segment(s): BURHAN:v1p35, DAMGHANI:v1p322, ITQAN:v3p43, ITQAN:v3p288, NASHR:v1p419
quotes 20:115: «ادم من قبل» in 4 segment(s): DAMGHANI:v1p335, DAMGHANI:v1p453, IBNJAWZI-NUZHA:v1p579#2, IBNQUTAYBA-MUSHKIL:v1p271#2
quotes 20:117: 22 unique window(s): ولزوجك | يخرجنكما | فتشقيا | فقلنا ياادم | ياادم ان | هاذا عدو | عدو لك | لك ولزوجك | ولزوجك فلا | فلا يخرجنكما | يخرجنكما من | الجنه فتشقيا | فقلنا ياادم ان | ياادم ان هاذا | ان هاذا عدو | هاذا عدو لك | عدو لك ولزوجك | لك ولزوجك فلا | ولزوجك فلا يخرجنكما | فلا يخرجنكما من | يخرجنكما من الجنه | من الجنه فتشقيا
quotes 20:117: «ولزوجك» in 2 segment(s): BINTSHATI-IJAZ:p332, BURHAN:v3p85
quotes 20:117: «يخرجنكما» in 11 segment(s): BINTSHATI-IJAZ:p332, BURHAN:v1p63, BURHAN:v2p240, BURHAN:v2p257, BURHAN:v3p334, DAMGHANI:v1p266, IBNQUTAYBA-MUSHKIL:v1p176, ITQAN:v3p90, ITQAN:v3p232#2, ITQAN:v3p268, SAMARRAI-ASRAR:r12#2
quotes 20:117: «فتشقيا» in 0 segment(s): 
quotes 20:117: «فقلنا ياادم» in 0 segment(s): 
quotes 20:117: «ياادم ان» in 0 segment(s): 
quotes 20:117: «هاذا عدو» in 0 segment(s): 
quotes 20:117: «عدو لك» in 2 segment(s): BINTSHATI-IJAZ:p332, BURHAN:v3p85
quotes 20:118: 10 unique window(s): تجوع | تعريا | الا تجوع | تجوع فيها | ولا تعريا | ان لك الا | لك الا تجوع | الا تجوع فيها | تجوع فيها ولا | فيها ولا تعريا
quotes 20:118: «تجوع» in 4 segment(s): BINTSHATI-IJAZ:p332, BINTSHATI-IJAZ:p596, BURHAN:v3p464, ITQAN:v3p255
quotes 20:118: «تعريا» in 0 segment(s): 
quotes 20:118: «ان لك الا» in 4 segment(s): BINTSHATI-IJAZ:p332, BINTSHATI-IJAZ:p596, BURHAN:v3p464, ITQAN:v3p255
quotes 20:119: 10 unique window(s): تظموا | تضحيا | وانك لا | لا تظموا | تظموا فيها | ولا تضحيا | وانك لا تظموا | لا تظموا فيها | تظموا فيها ولا | فيها ولا تضحيا
quotes 20:119: «تظموا» in 2 segment(s): ITQAN:v4p448, NASHR:v1p452
quotes 20:119: «تضحيا» in 0 segment(s): 
quotes 20:119: «وانك لا» in 15 segment(s): BINTSHATI-IJAZ:p290, BINTSHATI-IJAZ:p331, BINTSHATI-IJAZ:p332, BURHAN:v3p464, DAMGHANI:v1p285, IBNJAWZI-NUZHA:v1p399#2, ITQAN:v2p349, ITQAN:v2p557, ITQAN:v3p255, JURJANI-ASRAR:v1p123, JURJANI-DALAIL:v1p156, JURJANI-DALAIL:v1p210 …
quotes 20:123: 23 unique window(s): اهبطا | يشقيا | قال اهبطا | اهبطا منها | جميعا بعضكم | عدو فاما | فمن اتبع | اتبع هداي | فلا يضل | يضل ولا | ولا يشقيا | قال اهبطا منها | اهبطا منها جميعا | منها جميعا بعضكم | جميعا بعضكم لبعض | لبعض عدو فاما | عدو فاما ياتينكم | هدي فمن اتبع | فمن اتبع هداي | اتبع هداي فلا | هداي فلا يضل | فلا يضل ولا | يضل ولا يشقيا
quotes 20:123: «اهبطا» in 2 segment(s): JISHUMI:v1p819#2, SAMARRAI-ASRAR:r12#2
quotes 20:123: «يشقيا» in 0 segment(s): 
quotes 20:123: «جميعا بعضكم» in 1 segment(s): SAMARRAI-ASRAR:r12#2
quotes 20:123: «عدو فاما» in 1 segment(s): SAMARRAI-ASRAR:r12#2
quotes 20:123: «فمن اتبع» in 5 segment(s): BURHAN:v1p115, BURHAN:v2p350, BURHAN:v3p130, DAMGHANI:v1p472, SAMARRAI-ASRAR:r12#2
quotes 20:123: «اتبع هداي» in 5 segment(s): BURHAN:v1p115, BURHAN:v2p350, BURHAN:v3p130, DAMGHANI:v1p472, SAMARRAI-ASRAR:r12#2
quotes 20:123: «فلا يضل» in 4 segment(s): BURHAN:v2p350, DAMGHANI:v1p266, IBNJAWZI-NUZHA:v1p370#2, SAMARRAI-ASRAR:r12#2
quotes 20:123: «يضل ولا» in 5 segment(s): BURHAN:v1p90, BURHAN:v2p350, DAMGHANI:v1p266, IBNJAWZI-NUZHA:v1p370#2, SAMARRAI-ASRAR:r12#2
quotes 20:124: 20 unique window(s): معيشه | ضنكا | ونحشره | ومن اعرض | ذكري فان | له معيشه | معيشه ضنكا | ضنكا ونحشره | ونحشره يوم | القيامه اعميا | ومن اعرض عن | اعرض عن ذكري | عن ذكري فان | ذكري فان له | فان له معيشه | له معيشه ضنكا | معيشه ضنكا ونحشره | ضنكا ونحشره يوم | ونحشره يوم القيامه | يوم القيامه اعميا
quotes 20:124: «معيشه» in 14 segment(s): BINTSHATI-IJAZ:p497, BURHAN:v2p240, IBNKATHIR-FULL:v1p72, ITQAN:v1p295#3, ITQAN:v2p366, ITQAN:v3p90, ITQAN:v4p522, NASHR:v2p82, RAZI-FULL:v1p57, SAMARRAI-ASRAR:r7#5, SAMARRAI-LAMASAT-HALAQAT:p1104, SIBAWAYH:وهوقولكضربتوضربنىزيدوضربنىوضربتزيداتحملالاسمعلىالفعلالذى#46 …
quotes 20:124: «ضنكا» in 7 segment(s): BINTSHATI-IJAZ:p497, BINTSHATI-IJAZ:p498, IBNKATHIR-FULL:v1p72, ITQAN:v2p366, ITQAN:v4p522, MAJAZ:v2p426#2, SAMARRAI-ASRAR:r7#5
quotes 20:124: «ونحشره» in 6 segment(s): BINTSHATI-IJAZ:p497, DAMGHANI:v1p332, IBNJAWZI-NUZHA:v1p121, IBNKATHIR-FULL:v1p72, NASHR:v2p42, SAMARRAI-ASRAR:r7#5
quotes 20:124: «ومن اعرض» in 7 segment(s): BINTSHATI-IJAZ:p497, DAMGHANI:v1p182, DAMGHANI:v1p498, IBNJAWZI-NUZHA:v1p303, IBNKATHIR-FULL:v1p72, ITQAN:v2p415, SAMARRAI-ASRAR:r7#5
quotes 20:124: «ذكري فان» in 3 segment(s): BINTSHATI-IJAZ:p497, IBNKATHIR-FULL:v1p72, SAMARRAI-ASRAR:r7#5
quotes 20:124: «القيامه اعميا» in 0 segment(s): 
quotes 20:124: «اعرض عن ذكري» in 6 segment(s): BINTSHATI-IJAZ:p497, DAMGHANI:v1p182, IBNJAWZI-NUZHA:v1p303, IBNKATHIR-FULL:v1p72, ITQAN:v2p415, SAMARRAI-ASRAR:r7#5
quotes 20:125: 13 unique window(s): حشرتني | رب لم | لم حشرتني | حشرتني اعميا | اعميا وقد | وقد كنت | كنت بصيرا | قال رب لم | رب لم حشرتني | لم حشرتني اعميا | حشرتني اعميا وقد | اعميا وقد كنت | وقد كنت بصيرا
quotes 20:125: «حشرتني» in 12 segment(s): BINTSHATI-IJAZ:p497, DAMGHANI:v1p69, DAMGHANI:v1p332, IBNJAWZI-NUZHA:v1p121, IBNJAWZI-NUZHA:v1p199, IBNKATHIR-FULL:v1p72, NASHR:v2p42, NASHR:v2p81, NASHR:v2p163#2, NASHR:v2p164, NASHR:v2p322, SAMARRAI-LAMASAT-HALAQAT:p787
quotes 20:125: «رب لم» in 7 segment(s): BINTSHATI-IJAZ:p497, DAMGHANI:v1p69, DAMGHANI:v1p332, IBNJAWZI-NUZHA:v1p121, IBNKATHIR-FULL:v1p72, NASHR:v2p42, SAMARRAI-LAMASAT-HALAQAT:p787
quotes 20:125: «اعميا وقد» in 0 segment(s): 
quotes 20:125: «وقد كنت» in 16 segment(s): ALUSI-FULL:v1p21#2, BINTSHATI-IJAZ:p497, BURHAN:v1p233, DAMGHANI:v1p69, IBNJAWZI-NUZHA:v1p121, IBNJAWZI-NUZHA:v1p199, IBNKATHIR-FULL:v1p24#2, IBNKATHIR-FULL:v1p72, ITQAN:v1p160#2, JURJANI-ASRAR:v1p278, MAJAZ:v1p1#13, NASHR:v1p13 …
quotes 20:125: «كنت بصيرا» in 6 segment(s): BINTSHATI-IJAZ:p497, DAMGHANI:v1p69, IBNJAWZI-NUZHA:v1p121, IBNJAWZI-NUZHA:v1p199, IBNKATHIR-FULL:v1p72, SAMARRAI-LAMASAT-HALAQAT:p787
quotes 20:126: 14 unique window(s): اتتك | فنسيتها | كذالك اتتك | اتتك اياتنا | اياتنا فنسيتها | فنسيتها وكذالك | وكذالك اليوم | اليوم تنسيا | قال كذالك اتتك | كذالك اتتك اياتنا | اتتك اياتنا فنسيتها | اياتنا فنسيتها وكذالك | فنسيتها وكذالك اليوم | وكذالك اليوم تنسيا
quotes 20:126: «اتتك» in 6 segment(s): BINTSHATI-IJAZ:p497, IBNKATHIR-FULL:v1p72, JURJANI-ASRAR:v1p14, JURJANI-DALAIL:v1p119, JURJANI-DALAIL:v1p374, SIBAWAYH:وذلكقولكماكانأحدمثلكوماكانأحدخيرامنكوماكانأحدمجترئا#36
quotes 20:126: «فنسيتها» in 3 segment(s): BINTSHATI-IJAZ:p497, IBNKATHIR-FULL:v1p72, ITQAN:v1p173
quotes 20:126: «وكذالك اليوم» in 0 segment(s): 
quotes 20:126: «اليوم تنسيا» in 0 segment(s): 
quotes 20:127: 18 unique window(s): اسرف | من اسرف | اسرف ولم | ولم يومن | يومن بايات | ربه ولعذاب | الاخره اشد | اشد وابقيا | وكذالك نجزي من | نجزي من اسرف | من اسرف ولم | اسرف ولم يومن | ولم يومن بايات | يومن بايات ربه | بايات ربه ولعذاب | ربه ولعذاب الاخره | ولعذاب الاخره اشد | الاخره اشد وابقيا
quotes 20:127: «اسرف» in 4 segment(s): BAQILLANI:v1p108, IBNQUTAYBA-MUSHKIL:v1p50, JURJANI-ASRAR:v1p14, SAMARRAI-ASRAR:r7#5
quotes 20:127: «ولم يومن» in 2 segment(s): JISHUMI:v1p538, SAMARRAI-ASRAR:r7#5
quotes 20:127: «يومن بايات» in 1 segment(s): SAMARRAI-ASRAR:r7#5
quotes 20:127: «ربه ولعذاب» in 1 segment(s): SAMARRAI-ASRAR:r7#5
quotes 20:127: «الاخره اشد» in 1 segment(s): SAMARRAI-ASRAR:r7#5
quotes 20:127: «اشد وابقيا» in 0 segment(s): 
quotes 20:127: «وكذالك نجزي من» in 0 segment(s): 
quotes 20:130: 21 unique window(s): غروبها | اناي | واطراف | وقبل غروبها | غروبها ومن | ومن اناي | اناي اليل | اليل فسبح | فسبح واطراف | واطراف النهار | النهار لعلك | لعلك ترضيا | الشمس وقبل غروبها | وقبل غروبها ومن | غروبها ومن اناي | ومن اناي اليل | اناي اليل فسبح | اليل فسبح واطراف | فسبح واطراف النهار | واطراف النهار لعلك | النهار لعلك ترضيا
quotes 20:130: «غروبها» in 7 segment(s): BURHAN:v2p134, BURHAN:v4p396, JURJANI-ASRAR:v1p242, JURJANI-ASRAR:v1p270, JURJANI-ASRAR:v1p286, SAMARRAI-LAMASAT-HALAQAT:p48, SAMARRAI-LAMASAT-HALAQAT:p791
quotes 20:130: «اناي» in 8 segment(s): JURJANI-DALAIL:v1p297, NASHR:v1p452, NASHR:v1p460, NASHR:v1p474, SAMARRAI-ASRAR:r4#2, SAMARRAI-ASRAR-MUH:p31, SAMARRAI-LAMASAT-HALAQAT:p482, SIBAWAYH:وإنماذكرليبينلكوجهنصبهكماذكرمعنىسبحاناللهPageV01P352|#149
quotes 20:130: «واطراف» in 14 segment(s): BAQILLANI:v1p277, BINTSHATI-IJAZ:p412, DAMGHANI:v1p293, ITQAN:v1p267, JISHUMI:v1p896, JURJANI-ASRAR:v1p88, JURJANI-DALAIL:v1p388, NASHR:v1p200, NASHR:v2p464, RAZI-FULL:v1p60, SIBAWAYH:(هذابابمايقدمفيهالمستثنى)#388, SIBAWAYH:(هذابابالإدغام)#806 …
quotes 20:130: «اليل فسبح» in 0 segment(s): 
quotes 20:130: «النهار لعلك» in 0 segment(s): 
quotes 20:130: «لعلك ترضيا» in 0 segment(s): 
quotes 20:131: 17 unique window(s): زهره | ولا تمدن | منهم زهره | زهره الحيواه | الدنيا لنفتنهم | فيه ورزق | ورزق ربك | ولا تمدن عينيك | ازواجا منهم زهره | منهم زهره الحيواه | زهره الحيواه الدنيا | الحيواه الدنيا لنفتنهم | الدنيا لنفتنهم فيه | لنفتنهم فيه ورزق | فيه ورزق ربك | ورزق ربك خير | ربك خير وابقيا
quotes 20:131: «زهره» in 12 segment(s): BURHAN:v1p3, BURHAN:v1p415, BURHAN:v1p492, BURHAN:v2p140, DAMGHANI:v1p220, JISHUMI:v1p523, JISHUMI:v1p833#2, MAJAZ:v2p418#2, NASHR:v2p80, NASHR:v2p322, RAZI-FULL:v1p73, THALABI:v1p80
quotes 20:131: «ولا تمدن» in 3 segment(s): ALUSI-FULL:v1p33, BINTSHATI-IJAZ:p329, ITQAN:v1p49
quotes 20:131: «الدنيا لنفتنهم» in 0 segment(s): 
quotes 20:131: «فيه ورزق» in 0 segment(s): 
quotes 20:131: «ورزق ربك» in 5 segment(s): BINTSHATI-IJAZ:p419, BURHAN:v1p281, DAMGHANI:v1p202, IBNJAWZI-NUZHA:v1p324, ITQAN:v1p145
quotes 20:131: «ربك خير وابقيا» in 0 segment(s): 
quotes 20:132: 22 unique window(s): نسلك | نرزقك | وامر اهلك | اهلك بالصلواه | بالصلواه واصطبر | واصطبر عليها | لا نسلك | نسلك رزقا | رزقا نحن | نحن نرزقك | نرزقك والعاقبه | والعاقبه للتقويا | وامر اهلك بالصلواه | اهلك بالصلواه واصطبر | بالصلواه واصطبر عليها | واصطبر عليها لا | عليها لا نسلك | لا نسلك رزقا | نسلك رزقا نحن | رزقا نحن نرزقك | نحن نرزقك والعاقبه | نرزقك والعاقبه للتقويا
quotes 20:132: «نسلك» in 2 segment(s): JURJANI-ASRAR:v1p220, JURJANI-ASRAR:v1p310
quotes 20:132: «نرزقك» in 1 segment(s): NASHR:v1p286
quotes 20:132: «وامر اهلك» in 5 segment(s): IBNJAWZI-NUZHA:v1p163#2, ITQAN:v1p262, NASHR:v1p390#4, SAMARRAI-LAMASAT:p164, SAMARRAI-LAMASAT-HALAQAT:p593
quotes 20:132: «اهلك بالصلواه» in 0 segment(s): 
quotes 20:132: «بالصلواه واصطبر» in 0 segment(s): 
quotes 20:132: «واصطبر عليها» in 3 segment(s): IBNJAWZI-NUZHA:v1p163#2, SAMARRAI-LAMASAT:p164, SAMARRAI-LAMASAT-HALAQAT:p593
quotes 20:132: «رزقا نحن» in 0 segment(s): 
quotes 20:132: «والعاقبه للتقويا» in 0 segment(s): 
quotes 20:133: 18 unique window(s): لولا ياتينا | ياتينا بايه | ربه اولم | اولم تاتهم | تاتهم بينه | بينه ما | في الصحف | وقالوا لولا ياتينا | لولا ياتينا بايه | ياتينا بايه من | بايه من ربه | من ربه اولم | ربه اولم تاتهم | اولم تاتهم بينه | تاتهم بينه ما | بينه ما في | ما في الصحف | في الصحف الاوليا
quotes 20:133: «لولا ياتينا» in 1 segment(s): BINTSHATI-IJAZ:p165
quotes 20:133: «ياتينا بايه» in 2 segment(s): BINTSHATI-IJAZ:p165, SAMARRAI-LAMASAT-HALAQAT:p760
quotes 20:133: «ربه اولم» in 1 segment(s): BINTSHATI-IJAZ:p165
quotes 20:133: «اولم تاتهم» in 2 segment(s): BINTSHATI-IJAZ:p165, NASHR:v2p322
quotes 20:133: «تاتهم بينه» in 1 segment(s): BINTSHATI-IJAZ:p165
quotes 20:133: «بينه ما» in 1 segment(s): BINTSHATI-IJAZ:p165
quotes 20:133: «في الصحف» in 9 segment(s): BINTSHATI-IJAZ:p165, BURHAN:v1p311, IBNJINNI-MUHTASAB:v1p11#2, IBNJINNI-MUHTASAB:v1p31, IBNKATHIR-FULL:v1p27, ITQAN:v1p161, ITQAN:v1p163, NASHR:v2p146, RIFAI-KHULI:c1
quotes 20:133: «بايه من ربه» in 1 segment(s): BINTSHATI-IJAZ:p165
quotes 20:135: 18 unique window(s): متربص | السوي | كل متربص | متربص فتربصوا | فتربصوا فستعلمون | اصحاب الصراط | الصراط السوي | السوي ومن | ومن اهتديا | قل كل متربص | كل متربص فتربصوا | متربص فتربصوا فستعلمون | فتربصوا فستعلمون من | فستعلمون من اصحاب | من اصحاب الصراط | اصحاب الصراط السوي | الصراط السوي ومن | السوي ومن اهتديا
quotes 20:135: «متربص» in 1 segment(s): BINTSHATI-IJAZ:p165
quotes 20:135: «السوي» in 12 segment(s): BINTSHATI-IJAZ:p165, BINTSHATI-IJAZ:p394, BURHAN:v2p515, DAMGHANI:v1p52, DAMGHANI:v1p130, DAMGHANI:v1p249, DAMGHANI:v1p253, IBNJAWZI-NUZHA:v1p352, JURJANI-ASRAR:v1p130, NASHR:v2p49, SAMARRAI-ASRAR:r5#5, SAMARRAI-LAMASAT-HALAQAT:p888
quotes 20:135: «فتربصوا فستعلمون» in 1 segment(s): BINTSHATI-IJAZ:p165
quotes 20:135: «اصحاب الصراط» in 3 segment(s): BINTSHATI-IJAZ:p165, DAMGHANI:v1p253, IBNJAWZI-NUZHA:v1p352
quotes 20:135: «ومن اهتديا» in 0 segment(s): 
quotes 20:135: «فستعلمون من اصحاب» in 3 segment(s): BINTSHATI-IJAZ:p165, DAMGHANI:v1p253, IBNJAWZI-NUZHA:v1p352
quotes 21:32: 14 unique window(s): محفوظا | اياتها | وجعلنا السما | السما سقفا | سقفا محفوظا | محفوظا وهم | عن اياتها | اياتها معرضون | وجعلنا السما سقفا | السما سقفا محفوظا | سقفا محفوظا وهم | محفوظا وهم عن | وهم عن اياتها | عن اياتها معرضون
quotes 21:32: «محفوظا» in 10 segment(s): BINTSHATI-IJAZ:p321, BURHAN:v3p240, IBNASHUR-FULL:v1p5, IBNKATHIR-FULL:v1p25, IBNQUTAYBA-MUSHKIL:v1p34, ITQAN:v1p76, ITQAN:v1p153, ITQAN:v4p535#2, JISHUMI:v1p548, SAMARRAI-LAMASAT-HALAQAT:p604
quotes 21:32: «اياتها» in 25 segment(s): BINTSHATI-IJAZ:p131, BINTSHATI-IJAZ:p153, BINTSHATI-IJAZ:p217, BINTSHATI-IJAZ:p272, BINTSHATI-IJAZ:p322, BINTSHATI-IJAZ:p325, BINTSHATI-IJAZ:p365, BINTSHATI-IJAZ:p366, BINTSHATI-IJAZ:p369, BINTSHATI-IJAZ:p373, BINTSHATI-IJAZ:p403, BINTSHATI-IJAZ:p451 …
quotes 21:32: «وجعلنا السما» in 1 segment(s): BURHAN:v3p240
quotes 21:32: «السما سقفا» in 1 segment(s): BURHAN:v3p240
quotes 21:33: 6 unique window(s): خلق اليل | الذي خلق اليل | خلق اليل والنهار | والشمس والقمر كل | والقمر كل في | كل في فلك
quotes 21:33: «خلق اليل» in 0 segment(s): 
quotes 21:33: «والشمس والقمر كل» in 3 segment(s): BURHAN:v3p240, SAMARRAI-ASRAR-MUH:p29, SAMARRAI-LAMASAT-HALAQAT:p480
quotes 21:33: «والقمر كل في» in 3 segment(s): BURHAN:v3p240, SAMARRAI-ASRAR-MUH:p29, SAMARRAI-LAMASAT-HALAQAT:p480
quotes 21:33: «كل في فلك» in 11 segment(s): BURHAN:v3p151, BURHAN:v3p240, BURHAN:v3p293, BURHAN:v4p317, BURHAN:v4p321, ITQAN:v2p520#2, ITQAN:v3p249, ITQAN:v3p268, SAMARRAI-ASRAR-MUH:p29, SAMARRAI-LAMASAT-HALAQAT:p480, SIBAWAYH:وذلكقولكمررتبرجلحسنأبواهوأحسنأبواهوأخارجقومك|فصارهذا#221
quotes 21:66: 12 unique window(s): افتعبدون | قال افتعبدون | افتعبدون من | لا ينفعكم | ينفعكم شيا | ولا يضركم | قال افتعبدون من | افتعبدون من دون | ما لا ينفعكم | لا ينفعكم شيا | ينفعكم شيا ولا | شيا ولا يضركم
quotes 21:66: «افتعبدون» in 3 segment(s): BURHAN:v1p122, SAMARRAI-ASRAR-MUH:p88, SAMARRAI-LAMASAT-HALAQAT:p538
quotes 21:66: «لا ينفعكم» in 6 segment(s): BURHAN:v1p120, BURHAN:v1p122, BURHAN:v2p372, DAMGHANI:v1p353, SAMARRAI-ASRAR-MUH:p88, SAMARRAI-LAMASAT-HALAQAT:p538
quotes 21:66: «ينفعكم شيا» in 0 segment(s): 
quotes 21:66: «ولا يضركم» in 4 segment(s): BURHAN:v1p120, BURHAN:v1p122, SAMARRAI-ASRAR-MUH:p88, SAMARRAI-LAMASAT-HALAQAT:p538
quotes 21:87: 38 unique window(s): النون | مغاضبا | نقدر | وذا النون | النون اذ | اذ ذهب | ذهب مغاضبا | مغاضبا فظن | فظن ان | لن نقدر | نقدر عليه | عليه فناديا | فناديا في | الظلمات ان | الا انت | انت سبحانك | سبحانك اني | اني كنت | وذا النون اذ | النون اذ ذهب | اذ ذهب مغاضبا | ذهب مغاضبا فظن | مغاضبا فظن ان | فظن ان لن | ان لن نقدر | لن نقدر عليه | نقدر عليه فناديا | عليه فناديا في | فناديا في الظلمات | في الظلمات ان | الظلمات ان لا | ان لا الاه | الاه الا انت | الا انت سبحانك | انت سبحانك اني | سبحانك اني كنت | اني كنت من | كنت من الظالمين
NOTE quotes 21:87: window «النون» in 292 segments, too common alone; the longer windows that contain it are used instead
quotes 21:87: «مغاضبا» in 5 segment(s): BURHAN:v4p61, IBNQUTAYBA-MUSHKIL:v1p229#2, IBNQUTAYBA-MUSHKIL:v1p231, IBNQUTAYBA-MUSHKIL:v1p233, SAMARRAI-LAMASAT-HALAQAT:p878
quotes 21:87: «نقدر» in 16 segment(s): BAQILLANI:v1p39, BAQILLANI:v1p288, BINTSHATI:v1pdf11, BINTSHATI:v2p8, BINTSHATI-IJAZ:p71, BURHAN:v2p295, BURHAN:v3p207, IBNQUTAYBA-MUSHKIL:v1p206, IBNQUTAYBA-MUSHKIL:v1p229#2, IBNQUTAYBA-MUSHKIL:v1p233, ITQAN:v2p321, ITQAN:v3p152#3 …
quotes 21:87: «وذا النون» in 7 segment(s): BURHAN:v1p161, BURHAN:v3p206, BURHAN:v4p61, BURHAN:v4p278, IBNQUTAYBA-MUSHKIL:v1p229#2, IBNQUTAYBA-MUSHKIL:v1p231, ITQAN:v2p473
quotes 21:87: «النون اذ» in 6 segment(s): BURHAN:v4p61, IBNQUTAYBA-MUSHKIL:v1p229#2, IBNQUTAYBA-MUSHKIL:v1p231, ITQAN:v4p437, NASHR:v2p25, SIBAWAYH:هذابابالإدغامفيالحروفالمتقاربةالتيهيمنمخرجواحد#808
quotes 21:87: «اذ ذهب» in 4 segment(s): BURHAN:v4p61, IBNQUTAYBA-MUSHKIL:v1p229#2, IBNQUTAYBA-MUSHKIL:v1p231, NASHR:v2p19
quotes 21:87: «فظن ان» in 4 segment(s): IBNQUTAYBA-MUSHKIL:v1p229#2, IBNQUTAYBA-MUSHKIL:v1p233, ITQAN:v1p215#2, ITQAN:v2p321
quotes 21:87: «عليه فناديا» in 0 segment(s): 
quotes 21:87: «فناديا في» in 0 segment(s): 
quotes 21:87: «الظلمات ان» in 4 segment(s): DAMGHANI:v1p309, IBNASHUR-FULL:v1p67, IBNQUTAYBA-MUSHKIL:v1p229#2, ITQAN:v4p437
quotes 21:87: «الا انت» in 16 segment(s): BINTSHATI-IJAZ:p196, BURHAN:v1p427, DAMGHANI:v1p306, DAMGHANI:v1p309, IBNASHUR-FULL:v1p67, IBNQUTAYBA-MUSHKIL:v1p229#2, ITQAN:v1p259, ITQAN:v4p437, JURJANI-DALAIL:v1p35, NASHR:v1p344, NASHR:v2p29, NASHR:v2p147 …
quotes 21:87: «انت سبحانك» in 6 segment(s): DAMGHANI:v1p306, DAMGHANI:v1p309, IBNASHUR-FULL:v1p67, IBNQUTAYBA-MUSHKIL:v1p229#2, ITQAN:v4p437, NASHR:v2p147
quotes 21:87: «سبحانك اني» in 5 segment(s): DAMGHANI:v1p306, IBNASHUR-FULL:v1p67, IBNJAWZI-NUZHA:v1p426, IBNQUTAYBA-MUSHKIL:v1p229#2, ITQAN:v4p437
quotes 21:87: «اني كنت» in 9 segment(s): BURHAN:v1p33, DAMGHANI:v1p306, DURR-FULL:v1p12, IBNASHUR-FULL:v1p67, IBNJAWZI-NUZHA:v1p426, IBNQUTAYBA-MUSHKIL:v1p229#2, ITQAN:v4p437, JISHUMI:v1p922, JURJANI-ASRAR:v1p166
quotes 21:87: «ان لا الاه» in 0 segment(s): 
quotes 21:87: «كنت من الظالمين» in 7 segment(s): DAMGHANI:v1p306, IBNASHUR-FULL:v1p67, IBNJAWZI-NUZHA:v1p426, IBNQUTAYBA-MUSHKIL:v1p229#2, ITQAN:v4p437, MUSNAD-AHMAD:1462, TIRMIDHI:3505
quotes 21:105: 19 unique window(s): الزبور | ولقد كتبنا | كتبنا في | في الزبور | الزبور من | بعد الذكر | الارض يرثها | يرثها عبادي | عبادي الصالحون | ولقد كتبنا في | كتبنا في الزبور | في الزبور من | الزبور من بعد | من بعد الذكر | بعد الذكر ان | الذكر ان الارض | ان الارض يرثها | الارض يرثها عبادي | يرثها عبادي الصالحون
quotes 21:105: «الزبور» in 36 segment(s): ALUSI-FULL:v1p7#3, BAGHAWI-FULL:v1p41, BINTSHATI-IJAZ:p463, BURHAN:v1p244, BURHAN:v1p258, BURHAN:v1p275, BURHAN:v1p280, BURHAN:v2p474, BURHAN:v3p279, DAMGHANI:v1p28, DAMGHANI:v1p141, DAMGHANI:v1p182 …
quotes 21:105: «ولقد كتبنا» in 13 segment(s): ALUSI-FULL:v1p7#3, BURHAN:v1p275, BURHAN:v1p280, BURHAN:v3p279, DAMGHANI:v1p28, DAMGHANI:v1p182, DAMGHANI:v1p215, ELMALILI:v1p104, IBNASHUR-FULL:v1p65, IBNJAWZI-NUZHA:v1p305, IBNJAWZI-NUZHA:v1p337, ITQAN:v1p143 …
quotes 21:105: «كتبنا في» in 13 segment(s): ALUSI-FULL:v1p7#3, BURHAN:v1p275, BURHAN:v1p280, BURHAN:v3p279, DAMGHANI:v1p28, DAMGHANI:v1p182, DAMGHANI:v1p215, ELMALILI:v1p104, IBNASHUR-FULL:v1p65, IBNJAWZI-NUZHA:v1p305, IBNJAWZI-NUZHA:v1p337, ITQAN:v1p143 …
quotes 21:105: «بعد الذكر» in 12 segment(s): ALUSI-FULL:v1p7#3, BURHAN:v1p280, BURHAN:v3p279, DAMGHANI:v1p28, DAMGHANI:v1p182, DAMGHANI:v1p215, ELMALILI:v1p104, IBNASHUR-FULL:v1p65, IBNJAWZI-NUZHA:v1p305, IBNJAWZI-NUZHA:v1p337, ITQAN:v2p415, ITQAN:v2p420
quotes 21:105: «الارض يرثها» in 3 segment(s): ALUSI-FULL:v1p7#3, IBNASHUR-FULL:v1p65, IBNJAWZI-NUZHA:v1p167
quotes 21:105: «يرثها عبادي» in 3 segment(s): ALUSI-FULL:v1p7#3, IBNASHUR-FULL:v1p65, IBNJAWZI-NUZHA:v1p167
quotes 21:105: «عبادي الصالحون» in 6 segment(s): ALUSI-FULL:v1p7#3, DAMGHANI:v1p28, IBNASHUR-FULL:v1p65, IBNJAWZI-NUZHA:v1p167, NASHR:v2p170, NASHR:v2p324
quotes 21:105: «الذكر ان الارض» in 3 segment(s): ALUSI-FULL:v1p7#3, DAMGHANI:v1p28, IBNASHUR-FULL:v1p65
quotes 22:5: 71 unique window(s): مخلقه | مخلقه | لنبين | ونقر | هامده | وانبتت | ريب من | من البعث | البعث فانا | فانا خلقناكم | من مضغه | مضغه مخلقه | مخلقه وغير | وغير مخلقه | مخلقه لنبين | لنبين لكم | لكم ونقر | ونقر في | الارحام ما | نشا اليا | ثم نخرجكم | نخرجكم طفلا | اشدكم ومنكم | يتوفيا ومنكم | العمر لكيلا | لكيلا يعلم | شيا وتري | الارض هامده | هامده فاذا | وربت وانبتت | وانبتت من | في ريب من | ريب من البعث | من البعث فانا | البعث فانا خلقناكم | فانا خلقناكم من | خلقناكم من تراب | علقه ثم من | ثم من مضغه | من مضغه مخلقه | مضغه مخلقه وغير | مخلقه وغير مخلقه | وغير مخلقه لنبين | مخلقه لنبين لكم | لنبين لكم ونقر | لكم ونقر في | ونقر في الارحام | في الارحام ما | الارحام ما نشا | ما نشا اليا | نشا اليا اجل | مسمي ثم نخرجكم | ثم نخرجكم طفلا | نخرجكم طفلا ثم | لتبلغوا اشدكم ومنكم | اشدكم ومنكم من | من يتوفيا ومنكم | يتوفيا ومنكم من | ارذل العمر لكيلا | العمر لكيلا يعلم | لكيلا يعلم من | يعلم من بعد | من بعد علم | علم شيا وتري | شيا وتري الارض | وتري الارض هامده | الارض هامده فاذا | هامده فاذا انزلنا | اهتزت وربت وانبتت | وربت وانبتت من | وانبتت من كل
quotes 22:5: «مخلقه» in 5 segment(s): BINTSHATI-IJAZ:p378, MAJAZ:v2p411#2, SAMARRAI-ASRAR:r7#2, SAMARRAI-LAMASAT-HALAQAT:p797, SAMARRAI-LAMASAT-HALAQAT:p839
quotes 22:5: «مخلقه» in 5 segment(s): BINTSHATI-IJAZ:p378, MAJAZ:v2p411#2, SAMARRAI-ASRAR:r7#2, SAMARRAI-LAMASAT-HALAQAT:p797, SAMARRAI-LAMASAT-HALAQAT:p839
quotes 22:5: «لنبين» in 10 segment(s): BURHAN:v1p345, BURHAN:v4p104, BURHAN:v4p436, ITQAN:v2p523#4, SAMARRAI-ASRAR:r7#2, SAMARRAI-ASRAR:r15, SAMARRAI-LAMASAT-HALAQAT:p797, SAMARRAI-LAMASAT-HALAQAT:p839, SIBAWAYH:وإنماذكرليبينلكوجهنصبهكماذكرمعنىسبحاناللهPageV01P352|#149, SIBAWAYH:فالحروفالتيتشركالواووالفاءوثموأووذلكقولكأريدأنتأتينيثم#480
quotes 22:5: «ونقر» in 8 segment(s): BURHAN:v1p345, BURHAN:v4p104, BURHAN:v4p436, ITQAN:v2p523#4, SAMARRAI-ASRAR:r7#2, SAMARRAI-LAMASAT-HALAQAT:p797, SAMARRAI-LAMASAT-HALAQAT:p839, SIBAWAYH:فالحروفالتيتشركالواووالفاءوثموأووذلكقولكأريدأنتأتينيثم#480
quotes 22:5: «هامده» in 6 segment(s): IBNQUTAYBA-MUSHKIL:v1p19, ITQAN:v2p381, MAJAZ:v2p448#2, SAMARRAI-ASRAR:r7#2, SAMARRAI-LAMASAT-HALAQAT:p797, SAMARRAI-LAMASAT-HALAQAT:p839
quotes 22:5: «وانبتت» in 4 segment(s): IBNJAWZI-NUZHA:v1p336, SAMARRAI-ASRAR:r7#2, SAMARRAI-LAMASAT-HALAQAT:p797, SAMARRAI-LAMASAT-HALAQAT:p839
quotes 22:5: «ريب من» in 10 segment(s): BINTSHATI-IJAZ:p73, BINTSHATI-IJAZ:p584, BINTSHATI-IJAZ:p585, BURHAN:v2p361, IBNJAWZI-NUZHA:v1p601#2, JISHUMI:v1p849#2, SAMARRAI-ASRAR:r7#2, SAMARRAI-LAMASAT-HALAQAT:p797, SAMARRAI-LAMASAT-HALAQAT:p839, SAMARRAI-LAMASAT-HALAQAT:p851
quotes 22:5: «من البعث» in 9 segment(s): BINTSHATI-IJAZ:p584, BINTSHATI-IJAZ:p585, BURHAN:v2p361, IBNJAWZI-NUZHA:v1p601#2, JISHUMI:v1p849#2, SAMARRAI-ASRAR:r5#4, SAMARRAI-ASRAR:r7#2, SAMARRAI-LAMASAT-HALAQAT:p797, SAMARRAI-LAMASAT-HALAQAT:p839
quotes 22:5: «البعث فانا» in 3 segment(s): SAMARRAI-ASRAR:r7#2, SAMARRAI-LAMASAT-HALAQAT:p797, SAMARRAI-LAMASAT-HALAQAT:p839
quotes 22:5: «فانا خلقناكم» in 3 segment(s): SAMARRAI-ASRAR:r7#2, SAMARRAI-LAMASAT-HALAQAT:p797, SAMARRAI-LAMASAT-HALAQAT:p839
quotes 22:5: «من مضغه» in 4 segment(s): BURHAN:v4p296, SAMARRAI-ASRAR:r7#2, SAMARRAI-LAMASAT-HALAQAT:p797, SAMARRAI-LAMASAT-HALAQAT:p839
quotes 22:5: «الارحام ما» in 5 segment(s): BURHAN:v4p104, ITQAN:v2p523#4, SAMARRAI-ASRAR:r7#2, SAMARRAI-LAMASAT-HALAQAT:p797, SAMARRAI-LAMASAT-HALAQAT:p839
quotes 22:5: «نشا اليا» in 0 segment(s): 
quotes 22:5: «ثم نخرجكم» in 3 segment(s): SAMARRAI-ASRAR:r7#2, SAMARRAI-LAMASAT-HALAQAT:p797, SAMARRAI-LAMASAT-HALAQAT:p839
quotes 22:5: «نخرجكم طفلا» in 4 segment(s): IBNQUTAYBA-MUSHKIL:v1p173, SAMARRAI-ASRAR:r7#2, SAMARRAI-LAMASAT-HALAQAT:p797, SAMARRAI-LAMASAT-HALAQAT:p839
quotes 22:5: «اشدكم ومنكم» in 3 segment(s): SAMARRAI-ASRAR:r7#2, SAMARRAI-LAMASAT-HALAQAT:p797, SAMARRAI-LAMASAT-HALAQAT:p839
quotes 22:5: «يتوفيا ومنكم» in 0 segment(s): 
quotes 22:5: «العمر لكيلا» in 4 segment(s): NASHR:v1p3, SAMARRAI-ASRAR:r7#2, SAMARRAI-LAMASAT-HALAQAT:p797, SAMARRAI-LAMASAT-HALAQAT:p839
quotes 22:5: «لكيلا يعلم» in 9 segment(s): BURHAN:v1p118, BURHAN:v1p420, BURHAN:v4p345, ITQAN:v4p357, NASHR:v1p3, NASHR:v2p154, SAMARRAI-ASRAR:r7#2, SAMARRAI-LAMASAT-HALAQAT:p797, SAMARRAI-LAMASAT-HALAQAT:p839
quotes 22:5: «شيا وتري» in 0 segment(s): 
quotes 22:5: «خلقناكم من تراب» in 3 segment(s): SAMARRAI-ASRAR:r7#2, SAMARRAI-LAMASAT-HALAQAT:p797, SAMARRAI-LAMASAT-HALAQAT:p839
quotes 22:5: «علقه ثم من» in 4 segment(s): BURHAN:v4p296, SAMARRAI-ASRAR:r7#2, SAMARRAI-LAMASAT-HALAQAT:p797, SAMARRAI-LAMASAT-HALAQAT:p839
quotes 22:5: «يعلم من بعد» in 9 segment(s): BURHAN:v1p118, BURHAN:v1p420, BURHAN:v4p345, ITQAN:v4p357, NASHR:v1p3, NASHR:v2p154, SAMARRAI-ASRAR:r7#2, SAMARRAI-LAMASAT-HALAQAT:p797, SAMARRAI-LAMASAT-HALAQAT:p839
quotes 22:5: «من بعد علم» in 9 segment(s): BURHAN:v1p118, BURHAN:v1p420, BURHAN:v4p345, ITQAN:v4p357, NASHR:v1p3, NASHR:v2p154, SAMARRAI-ASRAR:r7#2, SAMARRAI-LAMASAT-HALAQAT:p797, SAMARRAI-LAMASAT-HALAQAT:p839
quotes 22:30: 33 unique window(s): حرمات | واحلت | فاجتنبوا | الاوثان | يعظم حرمات | حرمات الله | له عند | ربه واحلت | واحلت لكم | عليكم فاجتنبوا | فاجتنبوا الرجس | الرجس من | من الاوثان | الاوثان واجتنبوا | واجتنبوا قول | قول الزور | ومن يعظم حرمات | يعظم حرمات الله | حرمات الله فهو | الله فهو خير | خير له عند | له عند ربه | عند ربه واحلت | ربه واحلت لكم | واحلت لكم الانعام | لكم الانعام الا | يتليا عليكم فاجتنبوا | عليكم فاجتنبوا الرجس | فاجتنبوا الرجس من | الرجس من الاوثان | من الاوثان واجتنبوا | الاوثان واجتنبوا قول | واجتنبوا قول الزور
quotes 22:30: «حرمات» in 2 segment(s): DAMGHANI:v1p123, JISHUMI:v1p778#2
quotes 22:30: «واحلت» in 5 segment(s): BURHAN:v3p334, ITQAN:v3p233, JURJANI-DALAIL:v1p148, SAMARRAI-LAMASAT-HALAQAT:p1039, SAMARRAI-LAMASAT-HALAQAT:p1042
quotes 22:30: «فاجتنبوا» in 12 segment(s): BURHAN:v1p106, BURHAN:v3p281, BURHAN:v3p334, BURHAN:v4p416, ITQAN:v2p517, ITQAN:v3p233, ITQAN:v4p522#3, JISHUMI:v1p534, JISHUMI:v1p884#2, JISHUMI:v2p943, SAMARRAI-LAMASAT-HALAQAT:p1039, SAMARRAI-LAMASAT-HALAQAT:p1042
quotes 22:30: «الاوثان» in 26 segment(s): BINTSHATI-IJAZ:p540, BURHAN:v3p281, BURHAN:v3p334, BURHAN:v3p427, BURHAN:v4p416, BURHAN:v4p418, DAMGHANI:v1p293, DAMGHANI:v1p299, IBNJAWZI-NUZHA:v1p410#2, IBNJAWZI-NUZHA:v1p419, IBNJAWZI-NUZHA:v1p569, IBNQUTAYBA-MUSHKIL:v1p259 …
quotes 22:30: «له عند» in 12 segment(s): BINTSHATI-IJAZ:p297, ITQAN:v3p50, ITQAN:v4p406, ITQAN:v4p464, JISHUMI:v1p865, JURJANI-ASRAR:v1p160, JURJANI-DALAIL:v1p232, NASHR:v1p307, NASHR:v2p81, NASHR:v2p451#2, NASHR:v2p453, SAMARRAI-LAMASAT:p146
quotes 22:30: «الرجس من» in 8 segment(s): BURHAN:v3p281, BURHAN:v3p334, BURHAN:v4p416, ITQAN:v2p517, ITQAN:v4p522#3, JISHUMI:v1p534, SAMARRAI-LAMASAT-HALAQAT:p1039, SAMARRAI-LAMASAT-HALAQAT:p1042
quotes 22:30: «واجتنبوا قول» in 4 segment(s): BURHAN:v3p334, ITQAN:v4p522#3, SAMARRAI-LAMASAT-HALAQAT:p1039, SAMARRAI-LAMASAT-HALAQAT:p1042
quotes 22:30: «قول الزور» in 4 segment(s): BURHAN:v3p334, ITQAN:v4p522#3, SAMARRAI-LAMASAT-HALAQAT:p1039, SAMARRAI-LAMASAT-HALAQAT:p1042
quotes 22:30: «الله فهو خير» in 0 segment(s): 
quotes 22:30: «لكم الانعام الا» in 4 segment(s): BURHAN:v3p334, ITQAN:v3p233, SAMARRAI-LAMASAT-HALAQAT:p1039, SAMARRAI-LAMASAT-HALAQAT:p1042
quotes 22:40: 42 unique window(s): لهدمت | صوامع | وبيع | ومساجد | ولينصرن | ديارهم بغير | حق الا | يقولوا ربنا | ببعض لهدمت | لهدمت صوامع | صوامع وبيع | وبيع وصلوات | وصلوات ومساجد | ومساجد يذكر | فيها اسم | كثيرا ولينصرن | ولينصرن الله | ينصره ان | من ديارهم بغير | ديارهم بغير حق | بغير حق الا | حق الا ان | الا ان يقولوا | ان يقولوا ربنا | يقولوا ربنا الله | ربنا الله ولولا | الله ولولا دفع | بعضهم ببعض لهدمت | ببعض لهدمت صوامع | لهدمت صوامع وبيع | صوامع وبيع وصلوات | وبيع وصلوات ومساجد | وصلوات ومساجد يذكر | ومساجد يذكر فيها | يذكر فيها اسم | فيها اسم الله | اسم الله كثيرا | الله كثيرا ولينصرن | كثيرا ولينصرن الله | ولينصرن الله من | من ينصره ان | ينصره ان الله
quotes 22:40: «لهدمت» in 10 segment(s): BURHAN:v3p123, DAMGHANI:v1p231, DAMGHANI:v1p282, IBNJAWZI-NUZHA:v1p393, IBNJAWZI-NUZHA:v1p567, IBNQUTAYBA-MUSHKIL:v1p133, ITQAN:v1p254, NASHR:v2p4, NASHR:v2p326, SAMARRAI-LAMASAT-HALAQAT:p618
quotes 22:40: «صوامع» in 10 segment(s): BURHAN:v3p123, DAMGHANI:v1p231, IBNJAWZI-NUZHA:v1p393, IBNJAWZI-NUZHA:v1p567, IBNQUTAYBA-MUSHKIL:v1p133, ITQAN:v1p254, MAJAZ:v2p425, NASHR:v2p4, NASHR:v2p326, SAMARRAI-LAMASAT-HALAQAT:p618
quotes 22:40: «وبيع» in 14 segment(s): BURHAN:v3p123, DAMGHANI:v1p82, DAMGHANI:v1p231, DAMGHANI:v1p282, IBNJAWZI-NUZHA:v1p393, IBNJAWZI-NUZHA:v1p567, IBNQUTAYBA-MUSHKIL:v1p133, SAMARRAI-LAMASAT-HALAQAT:p618, SIBAWAYH:(هذابابتكسيركماكانمامنالصفاتعددحروفهأربعةأحرف)#669, SIBAWAYH:(هذابابماالياءوالواوفيهثانيةوهمافيموضعالعينمنه)#775, SIBAWAYH:(هذابابمالحقتهالزوائدمنهذهالأفعالالمعتلةمنبناتالثلاثة)#776, SIBAWAYH:(هذابابماجاءفيأسماءهذاالمعتلعلىثلاثةأحرفلازيادةفيه)#780 …
quotes 22:40: «ومساجد» in 12 segment(s): BURHAN:v1p108, DAMGHANI:v1p82, DAMGHANI:v1p231, DAMGHANI:v1p282, IBNJAWZI-NUZHA:v1p393, IBNJAWZI-NUZHA:v1p567, IBNQUTAYBA-MUSHKIL:v1p133, ITQAN:v2p412, ITQAN:v2p418, SAMARRAI-LAMASAT-HALAQAT:p618, SIBAWAYH:(هذابابماكانعلىمثالمفاعلومفاعيل)#536, SIBAWAYH:(هذابابماتمالفيهالألفات)#715
quotes 22:40: «ولينصرن» in 3 segment(s): DAMGHANI:v1p456, IBNJAWZI-NUZHA:v1p586, SAMARRAI-LAMASAT-HALAQAT:p618
quotes 22:40: «ديارهم بغير» in 4 segment(s): BURHAN:v4p237, ITQAN:v3p239#2, SAMARRAI-LAMASAT-HALAQAT:p618, SIBAWAYH:فمنذلكقولهتعالى@QB@لاعاصماليوممنأمراللهإلامنرحم@QE@أي#381
quotes 22:40: «حق الا» in 5 segment(s): BURHAN:v4p237, ITQAN:v3p239#2, JISHUMI:v1p641#2, SAMARRAI-LAMASAT-HALAQAT:p618, SIBAWAYH:فمنذلكقولهتعالى@QB@لاعاصماليوممنأمراللهإلامنرحم@QE@أي#381
quotes 22:40: «يقولوا ربنا» in 4 segment(s): BURHAN:v4p237, ITQAN:v3p239#2, SAMARRAI-LAMASAT-HALAQAT:p618, SIBAWAYH:فمنذلكقولهتعالى@QB@لاعاصماليوممنأمراللهإلامنرحم@QE@أي#381
quotes 22:40: «فيها اسم» in 6 segment(s): BURHAN:v1p442, IBNASHUR-FULL:v1p34, ITQAN:v3p121, ITQAN:v4p421#2, SAMARRAI-LAMASAT-HALAQAT:p618, SIBAWAYH:(هذابابمايكونمحمولاعلىإن)#271
quotes 22:40: «ينصره ان» in 1 segment(s): SAMARRAI-LAMASAT-HALAQAT:p618
quotes 22:40: «الا ان يقولوا» in 8 segment(s): BURHAN:v2p72, BURHAN:v2p344, BURHAN:v4p237, IBNHISHAM:v1p467#2, IBNQUTAYBA-MUSHKIL:v1p66, ITQAN:v3p239#2, SAMARRAI-LAMASAT-HALAQAT:p618, SIBAWAYH:فمنذلكقولهتعالى@QB@لاعاصماليوممنأمراللهإلامنرحم@QE@أي#381
quotes 22:40: «ربنا الله ولولا» in 2 segment(s): IBNHISHAM:v1p467#2, SAMARRAI-LAMASAT-HALAQAT:p618
quotes 22:40: «الله ولولا دفع» in 2 segment(s): IBNHISHAM:v1p467#2, SAMARRAI-LAMASAT-HALAQAT:p618
quotes 22:40: «اسم الله كثيرا» in 3 segment(s): BURHAN:v2p277, IBNHISHAM:v1p467#2, SAMARRAI-LAMASAT-HALAQAT:p618
quotes 23:1: 2 unique window(s): افلح المومنون | قد افلح المومنون
quotes 23:1: «افلح المومنون» in 22 segment(s): BINTSHATI-IJAZ:p228, BINTSHATI-IJAZ:p341, BURHAN:v1p179, BURHAN:v1p185, BURHAN:v2p183, BURHAN:v4p305, DAMGHANI:v1p362, ITQAN:v1p115, ITQAN:v1p229#3, ITQAN:v2p350, ITQAN:v2p487, ITQAN:v3p41 …
quotes 23:2: 5 unique window(s): خاشعون | في صلاتهم | صلاتهم خاشعون | هم في صلاتهم | في صلاتهم خاشعون
quotes 23:2: «خاشعون» in 13 segment(s): BINTSHATI-IJAZ:p228, BINTSHATI-IJAZ:p341, DAMGHANI:v1p157, IBNJAWZI-NUZHA:v1p276, ITQAN:v2p322, MAJAZ:v2p411, SAMARRAI-LAMASAT:p126, SAMARRAI-LAMASAT:p128, SAMARRAI-LAMASAT:p129, SAMARRAI-LAMASAT:p132, SAMARRAI-LAMASAT:p152, SAMARRAI-LAMASAT:p153 …
quotes 23:2: «في صلاتهم» in 19 segment(s): BINTSHATI-IJAZ:p228, BINTSHATI-IJAZ:p341, BURHAN:v1p293, BURHAN:v1p450, BURHAN:v2p104, BURHAN:v4p176, DAMGHANI:v1p157, IBNJAWZI-NUZHA:v1p276, ITQAN:v2p425, JISHUMI:v1p618#2, JISHUMI:v1p624, KHATTABI:v1p33 …
quotes 23:4: 6 unique window(s): للزكواه | فاعلون | هم للزكواه | للزكواه فاعلون | والذين هم للزكواه | هم للزكواه فاعلون
quotes 23:4: «للزكواه» in 0 segment(s): 
quotes 23:4: «فاعلون» in 17 segment(s): BURHAN:v4p83, ITQAN:v2p570, KHATTABI:v1p37, KHATTABI:v1p44, SAMARRAI-LAMASAT:p126, SAMARRAI-LAMASAT:p127, SAMARRAI-LAMASAT:p128, SAMARRAI-LAMASAT:p137, SAMARRAI-LAMASAT:p138, SAMARRAI-LAMASAT:p139, SAMARRAI-LAMASAT:p140, SAMARRAI-LAMASAT:p141 …
quotes 23:8: 0 unique window(s): 
quotes 23:31: 0 unique window(s): 
quotes 23:33: 30 unique window(s): واترفناهم | ويشرب | قومه الذين | وكذبوا بلقا | بلقا الاخره | الاخره واترفناهم | واترفناهم في | الدنيا ما | مثلكم ياكل | ياكل مما | تاكلون منه | منه ويشرب | ويشرب مما | مما تشربون | من قومه الذين | قومه الذين كفروا | كفروا وكذبوا بلقا | وكذبوا بلقا الاخره | بلقا الاخره واترفناهم | الاخره واترفناهم في | واترفناهم في الحيواه | الحيواه الدنيا ما | الدنيا ما هاذا | بشر مثلكم ياكل | مثلكم ياكل مما | ياكل مما تاكلون | مما تاكلون منه | تاكلون منه ويشرب | منه ويشرب مما | ويشرب مما تشربون
quotes 23:33: «واترفناهم» in 2 segment(s): BURHAN:v3p233, BURHAN:v3p284
quotes 23:33: «ويشرب» in 8 segment(s): BURHAN:v2p215, BURHAN:v3p162, IBNQUTAYBA-MUSHKIL:v1p301#2, ITQAN:v2p570, ITQAN:v4p522#4, JURJANI-DALAIL:v1p176, SIBAWAYH:اعلمأنالواوينتصبمابعدهافيغيرالواجبمنحيثانتصبمابعدالفاء#477, TAB-FULL:v1p3
quotes 23:33: «قومه الذين» in 9 segment(s): BURHAN:v3p233, BURHAN:v3p284, DAMGHANI:v1p54, NASHR:v1p304#2, SAMARRAI-ASRAR:r5#9, SAMARRAI-LAMASAT:p123, SAMARRAI-LAMASAT-HALAQAT:p687, SAMARRAI-LAMASAT-HALAQAT:p864, SAMARRAI-LAMASAT-HALAQAT:p946
quotes 23:33: «وكذبوا بلقا» in 3 segment(s): BURHAN:v3p233, SAMARRAI-ASRAR:r5#9, SAMARRAI-LAMASAT:p123
quotes 23:33: «بلقا الاخره» in 3 segment(s): BURHAN:v3p233, SAMARRAI-ASRAR:r5#9, SAMARRAI-LAMASAT:p123
quotes 23:33: «الدنيا ما» in 3 segment(s): JISHUMI:v1p697, JURJANI-ASRAR:v1p214, SAMARRAI-LAMASAT-HALAQAT:p750
quotes 23:33: «مثلكم ياكل» in 1 segment(s): TAB-FULL:v1p3
quotes 23:33: «ياكل مما» in 1 segment(s): TAB-FULL:v1p3
quotes 23:33: «تاكلون منه» in 1 segment(s): TAB-FULL:v1p3
quotes 23:33: «مما تشربون» in 2 segment(s): BURHAN:v3p162, TAB-FULL:v1p3
quotes 23:35: 15 unique window(s): ايعدكم | مخرجون | ايعدكم انكم | اذا متم | متم وكنتم | وكنتم ترابا | وعظاما انكم | انكم مخرجون | ايعدكم انكم اذا | انكم اذا متم | اذا متم وكنتم | متم وكنتم ترابا | وكنتم ترابا وعظاما | ترابا وعظاما انكم | وعظاما انكم مخرجون
quotes 23:35: «ايعدكم» in 9 segment(s): BURHAN:v2p386, BURHAN:v3p13, BURHAN:v4p165, ITQAN:v3p168, ITQAN:v3p177, JISHUMI:v1p483, SAMARRAI-LAMASAT:p115, SAMARRAI-LAMASAT:p123, SIBAWAYH:(هذابابتكونفيهأنبدلامنشيءليسبالآخر)#503
quotes 23:35: «مخرجون» in 6 segment(s): BURHAN:v2p386, BURHAN:v3p13, JISHUMI:v1p483, SAMARRAI-LAMASAT:p115, SAMARRAI-LAMASAT:p123, SIBAWAYH:(هذابابتكونفيهأنبدلامنشيءليسبالآخر)#503
quotes 23:35: «اذا متم» in 7 segment(s): BURHAN:v2p386, BURHAN:v3p13, BURHAN:v4p165, ITQAN:v3p177, SAMARRAI-LAMASAT:p115, SAMARRAI-LAMASAT:p123, SIBAWAYH:(هذابابتكونفيهأنبدلامنشيءليسبالآخر)#503
quotes 23:35: «متم وكنتم» in 7 segment(s): BURHAN:v2p386, BURHAN:v3p13, BURHAN:v4p165, ITQAN:v3p177, SAMARRAI-LAMASAT:p115, SAMARRAI-LAMASAT:p123, SIBAWAYH:(هذابابتكونفيهأنبدلامنشيءليسبالآخر)#503
quotes 23:35: «وكنتم ترابا» in 6 segment(s): BURHAN:v2p386, BURHAN:v3p13, ITQAN:v3p177, SAMARRAI-LAMASAT:p115, SAMARRAI-LAMASAT:p123, SIBAWAYH:(هذابابتكونفيهأنبدلامنشيءليسبالآخر)#503
quotes 23:35: «وعظاما انكم» in 6 segment(s): BURHAN:v2p386, BURHAN:v3p13, ITQAN:v3p177, SAMARRAI-LAMASAT:p115, SAMARRAI-LAMASAT:p123, SIBAWAYH:(هذابابتكونفيهأنبدلامنشيءليسبالآخر)#503
quotes 23:37: 1 unique window(s): ونحيا وما نحن
quotes 23:37: «ونحيا وما نحن» in 3 segment(s): SAMARRAI-ASRAR:r7#6, SAMARRAI-LAMASAT:p115, SAMARRAI-LAMASAT:p123
quotes 23:41: 10 unique window(s): بالحق فجعلناهم | فجعلناهم غثا | غثا فبعدا | فبعدا للقوم | فاخذتهم الصيحه بالحق | الصيحه بالحق فجعلناهم | بالحق فجعلناهم غثا | فجعلناهم غثا فبعدا | غثا فبعدا للقوم | فبعدا للقوم الظالمين
quotes 23:41: «بالحق فجعلناهم» in 1 segment(s): SAMARRAI-LAMASAT:p115
quotes 23:41: «فجعلناهم غثا» in 2 segment(s): SAMARRAI-ASRAR:r10#4, SAMARRAI-LAMASAT:p115
quotes 23:41: «غثا فبعدا» in 2 segment(s): SAMARRAI-ASRAR:r10#4, SAMARRAI-LAMASAT:p115
quotes 23:41: «فبعدا للقوم» in 3 segment(s): SAMARRAI-ASRAR:r7#4, SAMARRAI-ASRAR:r10#4, SAMARRAI-LAMASAT:p115
quotes 23:41: «فاخذتهم الصيحه بالحق» in 3 segment(s): DAMGHANI:v1p282, SAMARRAI-ASRAR:r7#4, SAMARRAI-LAMASAT:p115
quotes 23:71: 25 unique window(s): بذكرهم | ذكرهم | ولو اتبع | اتبع الحق | الحق اهواهم | اهواهم لفسدت | لفسدت السماوات | فيهن بل | اتيناهم بذكرهم | بذكرهم فهم | فهم عن | عن ذكرهم | ذكرهم معرضون | ولو اتبع الحق | اتبع الحق اهواهم | الحق اهواهم لفسدت | اهواهم لفسدت السماوات | لفسدت السماوات والارض | ومن فيهن بل | فيهن بل اتيناهم | بل اتيناهم بذكرهم | اتيناهم بذكرهم فهم | بذكرهم فهم عن | فهم عن ذكرهم | عن ذكرهم معرضون
quotes 23:71: «بذكرهم» in 9 segment(s): BURHAN:v3p253, DAMGHANI:v1p15, DAMGHANI:v1p180, IBNJAWZI-NUZHA:v1p303, IBNQUTAYBA-MUSHKIL:v1p95, JISHUMI:v1p603, JURJANI-DALAIL:v1p110, SAMARRAI-LAMASAT:p135, SAMARRAI-LAMASAT:p137
NOTE quotes 23:71: window «ذكرهم» in 57 segments, too common alone; the longer windows that contain it are used instead
quotes 23:71: «ولو اتبع» in 3 segment(s): DAMGHANI:v1p137, DAMGHANI:v1p357, IBNJAWZI-NUZHA:v1p265
quotes 23:71: «اتبع الحق» in 3 segment(s): DAMGHANI:v1p137, DAMGHANI:v1p357, IBNJAWZI-NUZHA:v1p265
quotes 23:71: «الحق اهواهم» in 3 segment(s): DAMGHANI:v1p137, DAMGHANI:v1p357, IBNJAWZI-NUZHA:v1p265
quotes 23:71: «اهواهم لفسدت» in 3 segment(s): DAMGHANI:v1p137, DAMGHANI:v1p357, IBNJAWZI-NUZHA:v1p265
quotes 23:71: «لفسدت السماوات» in 2 segment(s): IBNJAWZI-NUZHA:v1p265, IBNJAWZI-NUZHA:v1p469
quotes 23:71: «فيهن بل» in 0 segment(s): 
quotes 23:71: «فهم عن» in 6 segment(s): BURHAN:v4p137, DAMGHANI:v1p180, IBNJAWZI-NUZHA:v1p303, IBNQUTAYBA-MUSHKIL:v1p95, SAMARRAI-LAMASAT:p135, SAMARRAI-LAMASAT:p137
quotes 23:71: «عن ذكرهم» in 9 segment(s): DAMGHANI:v1p180, IBNJAWZI-NUZHA:v1p303, IBNMUJAHID:v1p84, IBNQUTAYBA-MUSHKIL:v1p13, IBNQUTAYBA-MUSHKIL:v1p95, IBNQUTAYBA-MUSHKIL:v1p167, SAMARRAI-LAMASAT:p135, SAMARRAI-LAMASAT:p137, SIBAWAYH:وذلكقولكمررتبرجلحسنأبواهوأحسنأبواهوأخارجقومك|فصارهذا#221
quotes 23:71: «ذكرهم معرضون» in 5 segment(s): DAMGHANI:v1p180, IBNJAWZI-NUZHA:v1p303, IBNQUTAYBA-MUSHKIL:v1p95, SAMARRAI-LAMASAT:p135, SAMARRAI-LAMASAT:p137
quotes 23:72: 11 unique window(s): فخراج | تسلهم خرجا | خرجا فخراج | فخراج ربك | خير وهو | ام تسلهم خرجا | تسلهم خرجا فخراج | خرجا فخراج ربك | فخراج ربك خير | ربك خير وهو | خير وهو خير
quotes 23:72: «فخراج» in 3 segment(s): DAMGHANI:v1p152, IBNASHUR-FULL:v1p61, NASHR:v2p329
quotes 23:72: «تسلهم خرجا» in 0 segment(s): 
quotes 23:72: «خير وهو» in 2 segment(s): BURHAN:v2p283, SAMARRAI-LAMASAT-HALAQAT:p909
quotes 23:73: 5 unique window(s): لتدعوهم | وانك لتدعوهم | لتدعوهم اليا | وانك لتدعوهم اليا | لتدعوهم اليا صراط
quotes 23:73: «لتدعوهم» in 0 segment(s): 
quotes 23:105: 4 unique window(s): فكنتم بها | الم تكن اياتي | عليكم فكنتم بها | فكنتم بها تكذبون
quotes 23:105: «فكنتم بها» in 0 segment(s): 
quotes 23:105: «الم تكن اياتي» in 3 segment(s): BURHAN:v1p407#2, SAMARRAI-ASRAR:r5, SAMARRAI-LAMASAT-HALAQAT:p650
quotes 23:106: 13 unique window(s): شقوتنا | ربنا غلبت | غلبت علينا | علينا شقوتنا | شقوتنا وكنا | وكنا قوما | قوما ضالين | قالوا ربنا غلبت | ربنا غلبت علينا | غلبت علينا شقوتنا | علينا شقوتنا وكنا | شقوتنا وكنا قوما | وكنا قوما ضالين
quotes 23:106: «شقوتنا» in 1 segment(s): NASHR:v2p329
quotes 23:106: «ربنا غلبت» in 0 segment(s): 
quotes 23:106: «غلبت علينا» in 0 segment(s): 
quotes 23:106: «وكنا قوما» in 0 segment(s): 
quotes 23:106: «قوما ضالين» in 0 segment(s): 
quotes 24:21: 34 unique window(s): لا تتبعوا | الشيطان ومن | ومن يتبع | يتبع خطوات | الشيطان فانه | فانه يامر | بالفحشا والمنكر | والمنكر ولولا | ورحمته ما | ما زكيا | زكيا منكم | احد ابدا | ابدا ولاكن | امنوا لا تتبعوا | لا تتبعوا خطوات | خطوات الشيطان ومن | الشيطان ومن يتبع | ومن يتبع خطوات | يتبع خطوات الشيطان | خطوات الشيطان فانه | الشيطان فانه يامر | فانه يامر بالفحشا | يامر بالفحشا والمنكر | بالفحشا والمنكر ولولا | والمنكر ولولا فضل | عليكم ورحمته ما | ورحمته ما زكيا | ما زكيا منكم | زكيا منكم من | من احد ابدا | احد ابدا ولاكن | ابدا ولاكن الله | ولاكن الله يزكي | يشا والله سميع
quotes 24:21: «لا تتبعوا» in 1 segment(s): BURHAN:v2p486
quotes 24:21: «الشيطان ومن» in 1 segment(s): BURHAN:v2p486
quotes 24:21: «ومن يتبع» in 1 segment(s): BURHAN:v2p486
quotes 24:21: «يتبع خطوات» in 1 segment(s): BURHAN:v2p486
quotes 24:21: «الشيطان فانه» in 0 segment(s): 
quotes 24:21: «فانه يامر» in 0 segment(s): 
quotes 24:21: «بالفحشا والمنكر» in 0 segment(s): 
quotes 24:21: «والمنكر ولولا» in 0 segment(s): 
quotes 24:21: «ورحمته ما» in 1 segment(s): ITQAN:v2p510#2
quotes 24:21: «ما زكيا» in 0 segment(s): 
quotes 24:21: «زكيا منكم» in 0 segment(s): 
quotes 24:21: «احد ابدا» in 2 segment(s): BURHAN:v4p375, ITQAN:v2p510#2
quotes 24:21: «ابدا ولاكن» in 0 segment(s): 
quotes 24:21: «ولاكن الله يزكي» in 0 segment(s): 
quotes 24:21: «يشا والله سميع» in 0 segment(s): 
quotes 24:36: 22 unique window(s): ترفع | ويذكر | في بيوت | بيوت اذن | اذن الله | ان ترفع | ترفع ويذكر | ويذكر فيها | اسمه يسبح | فيها بالغدو | في بيوت اذن | بيوت اذن الله | اذن الله ان | الله ان ترفع | ان ترفع ويذكر | ترفع ويذكر فيها | ويذكر فيها اسمه | فيها اسمه يسبح | اسمه يسبح له | يسبح له فيها | له فيها بالغدو | فيها بالغدو والاصال
quotes 24:36: «ترفع» in 35 segment(s): BINTSHATI-IJAZ:p516, BURHAN:v1p50, BURHAN:v2p285, BURHAN:v4p160, BURHAN:v4p405, DAMGHANI:v1p80, DAMGHANI:v1p253, FARRA:v1p509, IBNQUTAYBA-MUSHKIL:v1p197, ITQAN:v2p323, ITQAN:v3p236#3, JISHUMI:v1p742 …
quotes 24:36: «ويذكر» in 34 segment(s): BURHAN:v1p50, BURHAN:v2p57, BURHAN:v3p277, DAMGHANI:v1p55, IBNASHUR-FULL:v1p14, IBNASHUR-FULL:v1p67, IBNASHUR-FULL:v1p90, IBNJAWZI-NUZHA:v1p295, IBNJAWZI-NUZHA:v1p469, IBNJAWZI-NUZHA:v1p484, IBNJINNI-MUHTASAB:v1p11#2, IBNQUTAYBA-MUSHKIL:v1p197 …
quotes 24:36: «في بيوت» in 9 segment(s): BURHAN:v1p50, DAMGHANI:v1p80, IBNQUTAYBA-MUSHKIL:v1p197, IBNQUTAYBA-MUSHKIL:v1p198, ITQAN:v2p323, ITQAN:v4p405, SAMARRAI-ASRAR:r4#2, SAMARRAI-ASRAR-MUH:p34, SAMARRAI-LAMASAT-HALAQAT:p485
quotes 24:36: «بيوت اذن» in 3 segment(s): BURHAN:v1p50, DAMGHANI:v1p80, IBNQUTAYBA-MUSHKIL:v1p197
quotes 24:36: «اذن الله» in 10 segment(s): BURHAN:v1p50, BURHAN:v4p131, DAMGHANI:v1p80, IBNJAWZI-NUZHA:v1p87, IBNJAWZI-NUZHA:v1p97, IBNKATHIR-FULL:v1p59, IBNKATHIR-FULL:v1p60, IBNQUTAYBA-MUSHKIL:v1p197, ITQAN:v1p287, ITQAN:v4p508
quotes 24:36: «اسمه يسبح» in 1 segment(s): IBNQUTAYBA-MUSHKIL:v1p197
quotes 24:36: «فيها بالغدو» in 5 segment(s): BURHAN:v1p50, BURHAN:v3p199, BURHAN:v4p51, IBNQUTAYBA-MUSHKIL:v1p197, ITQAN:v2p575#3
quotes 24:36: «يسبح له فيها» in 6 segment(s): BURHAN:v1p50, BURHAN:v3p199, BURHAN:v4p51, IBNQUTAYBA-MUSHKIL:v1p197, ITQAN:v2p575#3, ITQAN:v3p161#2
quotes 24:37: 29 unique window(s): تلهيهم | تتقلب | رجال لا | لا تلهيهم | تلهيهم تجاره | تجاره ولا | ولا بيع | بيع عن | الله واقام | الزكواه يخافون | يخافون يوما | يوما تتقلب | تتقلب فيه | فيه القلوب | القلوب والابصار | رجال لا تلهيهم | لا تلهيهم تجاره | تلهيهم تجاره ولا | تجاره ولا بيع | ولا بيع عن | بيع عن ذكر | ذكر الله واقام | الله واقام الصلواه | وايتا الزكواه يخافون | الزكواه يخافون يوما | يخافون يوما تتقلب | يوما تتقلب فيه | تتقلب فيه القلوب | فيه القلوب والابصار
quotes 24:37: «تلهيهم» in 9 segment(s): BURHAN:v1p50, BURHAN:v2p501, DAMGHANI:v1p182, DAMGHANI:v1p191, IBNJAWZI-NUZHA:v1p303, IBNJAWZI-NUZHA:v1p326, IBNQUTAYBA-MUSHKIL:v1p197, SAMARRAI-LAMASAT:p164, SIBAWAYH:(هذابابمالحقتههاءالتأنيثعوضالماذهب)#693
quotes 24:37: «تتقلب» in 8 segment(s): BAQILLANI:v1p271, BURHAN:v3p451, IBNQUTAYBA-MUSHKIL:v1p197, IBNQUTAYBA-MUSHKIL:v1p198, RUMMANI:v1p99#2, SAMARRAI-ASRAR-MUH:p1, SAMARRAI-LAMASAT-HALAQAT:p452, SAMARRAI-LAMASAT-HALAQAT:p784
quotes 24:37: «رجال لا» in 7 segment(s): BURHAN:v1p50, BURHAN:v2p501, DAMGHANI:v1p182, DAMGHANI:v1p191, IBNJAWZI-NUZHA:v1p326, IBNQUTAYBA-MUSHKIL:v1p197, SAMARRAI-LAMASAT:p164
quotes 24:37: «تجاره ولا» in 7 segment(s): DAMGHANI:v1p182, IBNJAWZI-NUZHA:v1p303, IBNJAWZI-NUZHA:v1p326, IBNQUTAYBA-MUSHKIL:v1p197, JISHUMI:v2p995, SAMARRAI-LAMASAT:p164, SIBAWAYH:(هذابابمالحقتههاءالتأنيثعوضالماذهب)#693
quotes 24:37: «ولا بيع» in 8 segment(s): DAMGHANI:v1p182, DAMGHANI:v1p191, IBNJAWZI-NUZHA:v1p303, IBNJAWZI-NUZHA:v1p326, IBNQUTAYBA-MUSHKIL:v1p197, NASHR:v2p211, SAMARRAI-LAMASAT:p164, SIBAWAYH:(هذابابمالحقتههاءالتأنيثعوضالماذهب)#693
quotes 24:37: «بيع عن» in 7 segment(s): DAMGHANI:v1p182, DAMGHANI:v1p191, IBNJAWZI-NUZHA:v1p303, IBNJAWZI-NUZHA:v1p326, IBNQUTAYBA-MUSHKIL:v1p197, SAMARRAI-LAMASAT:p164, SIBAWAYH:(هذابابمالحقتههاءالتأنيثعوضالماذهب)#693
quotes 24:37: «الله واقام» in 3 segment(s): IBNQUTAYBA-MUSHKIL:v1p197, SAMARRAI-LAMASAT:p164, SIBAWAYH:(هذابابمالحقتههاءالتأنيثعوضالماذهب)#693
quotes 24:37: «الزكواه يخافون» in 0 segment(s): 
quotes 24:37: «يخافون يوما» in 7 segment(s): BAQILLANI:v1p271, IBNQUTAYBA-MUSHKIL:v1p197, IBNQUTAYBA-MUSHKIL:v1p198, RUMMANI:v1p99#2, SAMARRAI-ASRAR-MUH:p1, SAMARRAI-LAMASAT-HALAQAT:p452, SAMARRAI-LAMASAT-HALAQAT:p784
quotes 24:37: «فيه القلوب» in 9 segment(s): BAQILLANI:v1p137#3, BAQILLANI:v1p271, BURHAN:v3p451, IBNQUTAYBA-MUSHKIL:v1p197, IBNQUTAYBA-MUSHKIL:v1p198, RUMMANI:v1p99#2, SAMARRAI-ASRAR-MUH:p1, SAMARRAI-LAMASAT-HALAQAT:p452, SAMARRAI-LAMASAT-HALAQAT:p784
quotes 24:37: «القلوب والابصار» in 8 segment(s): BAQILLANI:v1p271, BURHAN:v3p451, IBNQUTAYBA-MUSHKIL:v1p197, IBNQUTAYBA-MUSHKIL:v1p198, RUMMANI:v1p99#2, SAMARRAI-ASRAR-MUH:p1, SAMARRAI-LAMASAT-HALAQAT:p452, SAMARRAI-LAMASAT-HALAQAT:p784
quotes 25:2: 10 unique window(s): ولم يتخذ | الملك وخلق | شي فقدره | فقدره تقديرا | والارض ولم يتخذ | ولم يتخذ ولدا | في الملك وخلق | الملك وخلق كل | كل شي فقدره | شي فقدره تقديرا
quotes 25:2: «ولم يتخذ» in 2 segment(s): BAQILLANI:v1p200, IBNQUTAYBA-MUSHKIL:v1p162
quotes 25:2: «الملك وخلق» in 1 segment(s): BAQILLANI:v1p200
quotes 25:2: «شي فقدره» in 1 segment(s): BAQILLANI:v1p200
quotes 25:2: «فقدره تقديرا» in 2 segment(s): BAQILLANI:v1p200, DAMGHANI:v1p372
quotes 25:32: 21 unique window(s): جمله | لنثبت | ورتلناه | عليه القران | القران جمله | جمله واحده | واحده كذالك | كذالك لنثبت | لنثبت به | فوادك ورتلناه | ورتلناه ترتيلا | كفروا لولا نزل | نزل عليه القران | عليه القران جمله | القران جمله واحده | جمله واحده كذالك | واحده كذالك لنثبت | كذالك لنثبت به | لنثبت به فوادك | به فوادك ورتلناه | فوادك ورتلناه ترتيلا
NOTE quotes 25:32: window «جمله» in 409 segments, too common alone; the longer windows that contain it are used instead
quotes 25:32: «لنثبت» in 5 segment(s): BURHAN:v1p231, BURHAN:v4p345, IBNQUTAYBA-MUSHKIL:v1p148, ITQAN:v1p120, ITQAN:v1p121
quotes 25:32: «ورتلناه» in 4 segment(s): ALUSI-FULL:v1p8, IBNQUTAYBA-MUSHKIL:v1p148, IBNQUTAYBA-MUSHKIL:v1p151, NASHR:v1p207
quotes 25:32: «عليه القران» in 24 segment(s): ALUSI-FULL:v1p27, BURHAN:v1p153, BURHAN:v1p231, BURHAN:v2p193, BURHAN:v4p313, IBNATIYYA-FULL:v1p45#2, IBNKATHIR-FULL:v1p17, IBNKATHIR-FULL:v1p22, IBNMUJAHID:v1p59, IBNMUJAHID:v1p74, IBNQUTAYBA-MUSHKIL:v1p148, ITQAN:v1p120 …
quotes 25:32: «القران جمله» in 16 segment(s): BAQILLANI:v1p153, BURHAN:v1p228, BURHAN:v1p231, BURHAN:v1p259, BURHAN:v2p193, BURHAN:v4p313, IBNJAWZI-ZAD:v1p4, IBNKATHIR-FULL:v1p17#2, IBNQUTAYBA-MUSHKIL:v1p148, ITQAN:v1p117, ITQAN:v1p119, ITQAN:v1p119#2 …
NOTE quotes 25:32: window «جمله واحده» in 41 segments, too common alone; the longer windows that contain it are used instead
quotes 25:32: «واحده كذالك» in 0 segment(s): 
quotes 25:32: «كفروا لولا نزل» in 6 segment(s): BURHAN:v1p231, BURHAN:v2p193, BURHAN:v4p313, IBNQUTAYBA-MUSHKIL:v1p148, ITQAN:v1p120, SAMARRAI-LAMASAT-HALAQAT:p1067
quotes 25:47: 12 unique window(s): والنوم | لباسا والنوم | والنوم سباتا | سباتا وجعل | وجعل النهار | النهار نشورا | لكم اليل لباسا | اليل لباسا والنوم | لباسا والنوم سباتا | والنوم سباتا وجعل | سباتا وجعل النهار | وجعل النهار نشورا
quotes 25:47: «والنوم» in 8 segment(s): BINTSHATI-IJAZ:p126, BURHAN:v3p404, BURHAN:v3p458, JISHUMI:v2p997, JURJANI-DALAIL:v1p395, MAJAZ:v2p337#8, MAJAZ:v2p377, SAMARRAI-LAMASAT-HALAQAT:p1006
quotes 25:47: «سباتا وجعل» in 0 segment(s): 
quotes 25:47: «وجعل النهار» in 1 segment(s): DAMGHANI:v1p456
quotes 25:47: «النهار نشورا» in 1 segment(s): DAMGHANI:v1p456
quotes 25:47: «لكم اليل لباسا» in 0 segment(s): 
quotes 26:72: 6 unique window(s): يسمعونكم | هل يسمعونكم | يسمعونكم اذ | قال هل يسمعونكم | هل يسمعونكم اذ | يسمعونكم اذ تدعون
quotes 26:72: «يسمعونكم» in 10 segment(s): BURHAN:v1p44, BURHAN:v2p277, BURHAN:v2p331, BURHAN:v3p147, BURHAN:v3p306, IBNQUTAYBA-MUSHKIL:v1p264, ITQAN:v3p212, SAMARRAI-ASRAR:r5#7, SAMARRAI-ASRAR:r8, SIBAWAYH:(هذابابأو)#516
quotes 26:73: 7 unique window(s): ينفعونكم | يضرون | او ينفعونكم | ينفعونكم او | او يضرون | او ينفعونكم او | ينفعونكم او يضرون
quotes 26:73: «ينفعونكم» in 8 segment(s): BURHAN:v1p44, DAMGHANI:v1p289, IBNQUTAYBA-MUSHKIL:v1p264, ITQAN:v3p212, SAMARRAI-ASRAR:r5#7, SAMARRAI-ASRAR:r8, SAMARRAI-LAMASAT-HALAQAT:p718, SIBAWAYH:(هذابابأو)#516
quotes 26:73: «يضرون» in 10 segment(s): BURHAN:v1p44, DAMGHANI:v1p289, DAMGHANI:v1p309, IBNQUTAYBA-MUSHKIL:v1p264, ITQAN:v2p339#7, SAMARRAI-ASRAR:r5#7, SAMARRAI-ASRAR:r8, SAMARRAI-LAMASAT-HALAQAT:p718, SIBAWAYH:(هذابابأو)#516, YKHULI-TAJDID:c3
quotes 26:74: 7 unique window(s): بل وجدنا | ابانا كذالك | كذالك يفعلون | قالوا بل وجدنا | بل وجدنا ابانا | وجدنا ابانا كذالك | ابانا كذالك يفعلون
quotes 26:74: «بل وجدنا» in 2 segment(s): BURHAN:v1p44, SAMARRAI-ASRAR:r5#7
quotes 26:74: «ابانا كذالك» in 0 segment(s): 
quotes 26:74: «كذالك يفعلون» in 0 segment(s): 
quotes 26:76: 3 unique window(s): الاقدمون | واباوكم الاقدمون | انتم واباوكم الاقدمون
quotes 26:76: «الاقدمون» in 6 segment(s): BURHAN:v1p44, IBNASHUR-FULL:v1p5, SAMARRAI-ASRAR:r5#7, YKHULI-TAJDID:c1, YKHULI-TAJDID:c2, YKHULI-TAJDID:c5
quotes 26:77: 6 unique window(s): فانهم عدو | لي الا | فانهم عدو لي | عدو لي الا | لي الا رب | الا رب العالمين
quotes 26:77: «فانهم عدو» in 11 segment(s): BURHAN:v1p44, BURHAN:v2p285, BURHAN:v3p281, BURHAN:v3p290, BURHAN:v4p239, IBNJAWZI-NUZHA:v1p125, IBNQUTAYBA-MUSHKIL:v1p121, ITQAN:v3p103, ITQAN:v3p293, SAMARRAI-ASRAR:r5#7, SAMARRAI-LAMASAT-HALAQAT:p1008
quotes 26:77: «لي الا» in 16 segment(s): BINTSHATI-IJAZ:p238, BURHAN:v1p44, BURHAN:v3p281, BURHAN:v3p290, BURHAN:v4p239, IBNJAWZI-NUZHA:v1p125, IBNQUTAYBA-MUSHKIL:v1p121, ITQAN:v2p449#3, ITQAN:v3p293, NASHR:v2p167, NASHR:v2p336, SAMARRAI-ASRAR:r5#7 …
quotes 26:77: «الا رب العالمين» in 12 segment(s): BURHAN:v1p44, BURHAN:v3p281, BURHAN:v3p290, BURHAN:v4p239, HAMASA:v1p36#2, IBNJAWZI-NUZHA:v1p125, IBNQUTAYBA-MUSHKIL:v1p121, ITQAN:v3p293, NASAI:1435, SAMARRAI-ASRAR:r5#7, SAMARRAI-LAMASAT-HALAQAT:p1008, ZAJJAJ:v1p46
quotes 26:78: 6 unique window(s): خلقني | الذي خلقني | خلقني فهو | فهو يهدين | الذي خلقني فهو | خلقني فهو يهدين
quotes 26:78: «خلقني» in 10 segment(s): BURHAN:v1p44, BURHAN:v4p68, ITQAN:v2p579, ITQAN:v3p240, ITQAN:v3p293, NASHR:v2p161#2, SAMARRAI-ASRAR:r7#5, SAMARRAI-ASRAR:r15, SAMARRAI-LAMASAT-HALAQAT:p909, SIBAWAYH:(هذابابمنأبوابأن)#498
quotes 26:78: «فهو يهدين» in 10 segment(s): BURHAN:v1p44, BURHAN:v4p68, ITQAN:v2p579, ITQAN:v3p240, ITQAN:v3p293, NASHR:v2p180, NASHR:v2p336, SAMARRAI-ASRAR:r7#5, SAMARRAI-ASRAR:r15, SAMARRAI-LAMASAT-HALAQAT:p909
quotes 26:79: 7 unique window(s): يطعمني | ويسقين | والذي هو | هو يطعمني | يطعمني ويسقين | والذي هو يطعمني | هو يطعمني ويسقين
quotes 26:79: «يطعمني» in 8 segment(s): BURHAN:v2p142, BURHAN:v3p448, BURHAN:v4p68, ITQAN:v3p240, ITQAN:v3p244, SAMARRAI-ASRAR:r7#5, SAMARRAI-ASRAR:r15, SAMARRAI-LAMASAT-HALAQAT:p909
quotes 26:79: «ويسقين» in 10 segment(s): BURHAN:v2p142, BURHAN:v3p448, BURHAN:v4p68, ITQAN:v3p240, ITQAN:v3p244, NASHR:v2p180, NASHR:v2p336, SAMARRAI-ASRAR:r7#5, SAMARRAI-ASRAR:r15, SAMARRAI-LAMASAT-HALAQAT:p909
quotes 26:79: «والذي هو» in 14 segment(s): BINTSHATI-IJAZ:p364, BURHAN:v2p142, BURHAN:v3p448, BURHAN:v4p68, ITQAN:v3p240, ITQAN:v3p244, JURJANI-DALAIL:v1p176, SAMARRAI-ASRAR:r7#5, SAMARRAI-ASRAR:r15, SAMARRAI-LAMASAT-HALAQAT:p909, SAMARRAI-LAMASAT-HALAQAT:p989, SIBAWAYH:وذاكلأنهاظروففيهاالأشياءوتكونفيهافانتصبلأنهPageV01P403#194 …
quotes 26:81: 7 unique window(s): يميتني | يحيين | والذي يميتني | يميتني ثم | ثم يحيين | والذي يميتني ثم | يميتني ثم يحيين
quotes 26:81: «يميتني» in 3 segment(s): ITQAN:v3p240, SAMARRAI-ASRAR:r7#5, SAMARRAI-LAMASAT-HALAQAT:p909
quotes 26:81: «يحيين» in 6 segment(s): ITQAN:v3p240, ITQAN:v4p446, NASHR:v2p180, NASHR:v2p336, SAMARRAI-ASRAR:r7#5, SAMARRAI-LAMASAT-HALAQAT:p909
quotes 26:84: 6 unique window(s): لي لسان | صدق في | واجعل لي لسان | لي لسان صدق | لسان صدق في | صدق في الاخرين
quotes 26:84: «لي لسان» in 6 segment(s): BURHAN:v2p281, DAMGHANI:v1p413, IBNJAWZI-NUZHA:v1p533, IBNQUTAYBA-MUSHKIL:v1p95, ITQAN:v3p102, SAMARRAI-ASRAR:r5#6
quotes 26:84: «صدق في» in 6 segment(s): BURHAN:v2p131, BURHAN:v2p281, DAMGHANI:v1p413, IBNJAWZI-NUZHA:v1p533, IBNQUTAYBA-MUSHKIL:v1p95, ITQAN:v3p102
quotes 26:88: 7 unique window(s): بنون | ينفع مال | مال ولا | ولا بنون | لا ينفع مال | ينفع مال ولا | مال ولا بنون
quotes 26:88: «بنون» in 32 segment(s): BURHAN:v2p236, BURHAN:v3p221, BURHAN:v3p319, BURHAN:v4p58, IBNQUTAYBA-MUSHKIL:v1p39, ITQAN:v3p292, ITQAN:v4p363, ITQAN:v4p451#2, JISHUMI:v1p612, JISHUMI:v1p918, MAJAZ:v1p12, NASHR:v1p11 …
quotes 26:88: «ينفع مال» in 2 segment(s): ITQAN:v3p292, SAMARRAI-LAMASAT-HALAQAT:p1032
quotes 26:88: «مال ولا» in 6 segment(s): ITQAN:v3p292, ITQAN:v4p437, JISHUMI:v1p912, SAMARRAI-ASRAR:r10#6, SAMARRAI-LAMASAT-HALAQAT:p1032, SIBAWAYH:(هذابابمايكونمنالأسماءصفةمفردا)#218
quotes 26:89: 7 unique window(s): من اتي | اتي الله | الله بقلب | الا من اتي | من اتي الله | اتي الله بقلب | الله بقلب سليم
quotes 26:89: «من اتي» in 16 segment(s): ALUSI-FULL:v1p31, BAQILLANI:v1p16, BAQILLANI:v1p135, BINTSHATI-IJAZ:p383, BURHAN:v1p266, BURHAN:v2p223, BURHAN:v3p293, ITQAN:v1p92, ITQAN:v1p180, JISHUMI:v1p814, NASHR:v1p256, SAMARRAI-LAMASAT:p97 …
quotes 26:89: «اتي الله» in 2 segment(s): BURHAN:v3p293, SAMARRAI-LAMASAT-HALAQAT:p94
quotes 26:89: «الله بقلب» in 1 segment(s): BURHAN:v3p293
quotes 26:196: 5 unique window(s): وانه لفي | لفي زبر | زبر الاولين | وانه لفي زبر | لفي زبر الاولين
quotes 26:196: «وانه لفي» in 6 segment(s): ALUSI-FULL:v1p32, BURHAN:v4p130, DAMGHANI:v1p215, IBNJAWZI-NUZHA:v1p337, ITQAN:v4p317, SAMARRAI-LAMASAT-HALAQAT:p873
quotes 26:196: «لفي زبر» in 6 segment(s): ALUSI-FULL:v1p32, BURHAN:v4p130, DAMGHANI:v1p215, IBNJAWZI-NUZHA:v1p337, ITQAN:v4p317, SAMARRAI-LAMASAT-HALAQAT:p873
quotes 26:196: «زبر الاولين» in 6 segment(s): ALUSI-FULL:v1p32, BURHAN:v4p130, DAMGHANI:v1p215, IBNJAWZI-NUZHA:v1p337, ITQAN:v4p317, SAMARRAI-LAMASAT-HALAQAT:p873
quotes 26:197: 14 unique window(s): علماوا | اولم يكن | لهم ايه | ايه ان | ان يعلمه | يعلمه علماوا | علماوا بني | اولم يكن لهم | يكن لهم ايه | لهم ايه ان | ايه ان يعلمه | ان يعلمه علماوا | يعلمه علماوا بني | علماوا بني اسرايل
quotes 26:197: «علماوا» in 0 segment(s): 
quotes 26:197: «اولم يكن» in 2 segment(s): NASHR:v2p336, SAMARRAI-LAMASAT-HALAQAT:p873
quotes 26:197: «لهم ايه» in 4 segment(s): BURHAN:v2p410, ITQAN:v1p50, NASHR:v2p336, SAMARRAI-LAMASAT-HALAQAT:p873
quotes 26:197: «ايه ان» in 10 segment(s): BURHAN:v1p36, BURHAN:v2p410, IBNASHUR-FULL:v1p31, IBNASHUR-FULL:v1p79#2, IBNASHUR-FULL:v1p80, ITQAN:v1p50, ITQAN:v1p169, ITQAN:v3p289, ITQAN:v4p424, SAMARRAI-LAMASAT-HALAQAT:p873
quotes 26:197: «ان يعلمه» in 12 segment(s): BURHAN:v2p410, IBNKATHIR-FULL:v1p68, IBNMUJAHID:v1p58, IBNQUTAYBA-MUSHKIL:v1p66, IBNQUTAYBA-MUSHKIL:v1p245#2, ITQAN:v1p50, JISHUMI:v2p998, JURJANI-DALAIL:v1p303#2, JURJANI-DALAIL:v1p385, NASHR:v2p206, SAMARRAI-LAMASAT-HALAQAT:p873, SIBAWAYH:فمنذلكقولهمكيفأنتوأينهومنقبلأنكلاتقدرعلىالتاءههناولا#408
quotes 27:7: 22 unique window(s): ساتيكم | بشهاب | موسيا لاهله | لاهله اني | نارا ساتيكم | ساتيكم منها | او اتيكم | اتيكم بشهاب | بشهاب قبس | قبس لعلكم | اذ قال موسيا | قال موسيا لاهله | موسيا لاهله اني | لاهله اني انست | انست نارا ساتيكم | نارا ساتيكم منها | ساتيكم منها بخبر | بخبر او اتيكم | او اتيكم بشهاب | اتيكم بشهاب قبس | بشهاب قبس لعلكم | قبس لعلكم تصطلون
quotes 27:7: «ساتيكم» in 20 segment(s): BAQILLANI:v1p189, BINTSHATI-IJAZ:p217, BINTSHATI-IJAZ:p368, SAMARRAI-ASRAR-MUH:p99, SAMARRAI-ASRAR-MUH:p100, SAMARRAI-LAMASAT:p90, SAMARRAI-LAMASAT:p91, SAMARRAI-LAMASAT:p93, SAMARRAI-LAMASAT:p95, SAMARRAI-LAMASAT:p111, SAMARRAI-LAMASAT:p112, SAMARRAI-LAMASAT-HALAQAT:p69 …
quotes 27:7: «بشهاب» in 20 segment(s): BAQILLANI:v1p189, BINTSHATI-IJAZ:p217, BINTSHATI-IJAZ:p368, BINTSHATI-IJAZ:p369, ITQAN:v2p353, NASHR:v2p337, SAMARRAI-ASRAR-MUH:p99, SAMARRAI-ASRAR-MUH:p100, SAMARRAI-LAMASAT:p90, SAMARRAI-LAMASAT:p91, SAMARRAI-LAMASAT:p95, SAMARRAI-LAMASAT:p105 …
quotes 27:7: «موسيا لاهله» in 0 segment(s): 
quotes 27:7: «لاهله اني» in 13 segment(s): BAQILLANI:v1p189, BINTSHATI-IJAZ:p217, BINTSHATI-IJAZ:p368, SAMARRAI-ASRAR-MUH:p99, SAMARRAI-ASRAR-MUH:p100, SAMARRAI-LAMASAT:p90, SAMARRAI-LAMASAT:p93, SAMARRAI-LAMASAT:p111, SAMARRAI-LAMASAT-HALAQAT:p69, SAMARRAI-LAMASAT-HALAQAT:p72, SAMARRAI-LAMASAT-HALAQAT:p89, SAMARRAI-LAMASAT-HALAQAT:p549 …
quotes 27:7: «او اتيكم» in 15 segment(s): BAQILLANI:v1p189, BINTSHATI-IJAZ:p217, BINTSHATI-IJAZ:p368, SAMARRAI-ASRAR-MUH:p99, SAMARRAI-ASRAR-MUH:p100, SAMARRAI-LAMASAT:p90, SAMARRAI-LAMASAT:p91, SAMARRAI-LAMASAT:p95, SAMARRAI-LAMASAT-HALAQAT:p69, SAMARRAI-LAMASAT-HALAQAT:p70, SAMARRAI-LAMASAT-HALAQAT:p73, SAMARRAI-LAMASAT-HALAQAT:p74 …
quotes 27:7: «قبس لعلكم» in 11 segment(s): BAQILLANI:v1p189, BINTSHATI-IJAZ:p217, BINTSHATI-IJAZ:p368, SAMARRAI-ASRAR-MUH:p99, SAMARRAI-ASRAR-MUH:p100, SAMARRAI-LAMASAT:p90, SAMARRAI-LAMASAT:p95, SAMARRAI-LAMASAT-HALAQAT:p69, SAMARRAI-LAMASAT-HALAQAT:p74, SAMARRAI-LAMASAT-HALAQAT:p549, SAMARRAI-LAMASAT-HALAQAT:p917
quotes 27:7: «اذ قال موسيا» in 0 segment(s): 
quotes 27:25: 18 unique window(s): يسجدوا | الخب | الا يسجدوا | يسجدوا لله | الذي يخرج | يخرج الخب | الخب في | ما تخفون | تخفون وما | الا يسجدوا لله | يسجدوا لله الذي | لله الذي يخرج | الذي يخرج الخب | يخرج الخب في | الخب في السماوات | ويعلم ما تخفون | ما تخفون وما | تخفون وما تعلنون
quotes 27:25: «يسجدوا» in 19 segment(s): BURHAN:v1p44, BURHAN:v3p179, BURHAN:v4p235, BURHAN:v4p445, DAMGHANI:v1p231, IBNJAWZI-NUZHA:v1p348, IBNQUTAYBA-MUSHKIL:v1p141, IBNQUTAYBA-MUSHKIL:v1p187, ITQAN:v1p239, ITQAN:v2p442, ITQAN:v3p177, ITQAN:v3p222#2 …
quotes 27:25: «الخب» in 21 segment(s): BURHAN:v1p44, BURHAN:v1p377, BURHAN:v2p140, DAMGHANI:v1p231, IBNJAWZI-NUZHA:v1p348, IBNJAWZI-NUZHA:v1p475, IBNQUTAYBA-MUSHKIL:v1p59, IBNQUTAYBA-MUSHKIL:v1p141, IBNQUTAYBA-MUSHKIL:v1p157, ITQAN:v1p238, ITQAN:v2p325, ITQAN:v4p449 …
quotes 27:25: «الذي يخرج» in 8 segment(s): BURHAN:v1p44, DAMGHANI:v1p231, IBNJAWZI-NUZHA:v1p348, IBNJAWZI-NUZHA:v1p475, IBNQUTAYBA-MUSHKIL:v1p141, SAMARRAI-LAMASAT:p138, SIBAWAYH:(هذابابالهمز)#649, SIBAWAYH:(هذابابتكسيرماعدةحروفهأربعةأحرفللجمع)#660
quotes 27:25: «ما تخفون» in 2 segment(s): BURHAN:v1p44, JISHUMI:v2p1046
quotes 27:25: «تخفون وما» in 2 segment(s): BURHAN:v1p44, JISHUMI:v2p1046
quotes 28:14: 6 unique window(s): واستويا | اشده واستويا | واستويا اتيناه | بلغ اشده واستويا | اشده واستويا اتيناه | واستويا اتيناه حكما
quotes 28:14: «واستويا» in 0 segment(s): 
quotes 28:22: 18 unique window(s): توجه | يهديني | ولما توجه | توجه تلقا | تلقا مدين | مدين قال | عسيا ربي | ان يهديني | يهديني سوا | ولما توجه تلقا | توجه تلقا مدين | تلقا مدين قال | مدين قال عسيا | قال عسيا ربي | عسيا ربي ان | ربي ان يهديني | ان يهديني سوا | يهديني سوا السبيل
quotes 28:22: «توجه» in 25 segment(s): BAQILLANI:v1p25, BAQILLANI:v1p226, BINTSHATI-IJAZ:p76, BURHAN:v1p398, BURHAN:v1p404, BURHAN:v2p295, BURHAN:v2p330, BURHAN:v3p78, BURHAN:v3p267#2, BURHAN:v3p292, BURHAN:v4p336, IBNASHUR-FULL:v1p84 …
quotes 28:22: «يهديني» in 15 segment(s): BURHAN:v1p398, DAMGHANI:v1p229, DAMGHANI:v1p472, IBNJAWZI-NUZHA:v1p359, IBNJAWZI-NUZHA:v1p364, IBNJAWZI-NUZHA:v1p627, IBNQUTAYBA-MUSHKIL:v1p248, ITQAN:v2p410, NASHR:v2p163#2, SAMARRAI-ASRAR:r5#2, SAMARRAI-ASRAR:r5#3, SAMARRAI-LAMASAT:p94 …
quotes 28:22: «تلقا مدين» in 3 segment(s): BURHAN:v1p398, DAMGHANI:v1p429, SAMARRAI-ASRAR:r5#2
quotes 28:22: «مدين قال» in 3 segment(s): BURHAN:v1p161, SAMARRAI-ASRAR:r3#6, SAMARRAI-ASRAR:r5#2
quotes 28:22: «عسيا ربي» in 0 segment(s): 
quotes 28:23: 54 unique window(s): امراتين | تذودان | خطبكما | نسقي | الرعا | وابونا | ولما ورد | ورد ما | ما مدين | مدين وجد | وجد عليه | عليه امه | امه من | الناس يسقون | يسقون ووجد | ووجد من | دونهم امراتين | امراتين تذودان | تذودان قال | ما خطبكما | خطبكما قالتا | قالتا لا | لا نسقي | نسقي حتيا | حتيا يصدر | يصدر الرعا | الرعا وابونا | وابونا شيخ | شيخ كبير | ولما ورد ما | ورد ما مدين | ما مدين وجد | مدين وجد عليه | وجد عليه امه | عليه امه من | امه من الناس | من الناس يسقون | الناس يسقون ووجد | يسقون ووجد من | ووجد من دونهم | من دونهم امراتين | دونهم امراتين تذودان | امراتين تذودان قال | تذودان قال ما | قال ما خطبكما | ما خطبكما قالتا | خطبكما قالتا لا | قالتا لا نسقي | لا نسقي حتيا | نسقي حتيا يصدر | حتيا يصدر الرعا | يصدر الرعا وابونا | الرعا وابونا شيخ | وابونا شيخ كبير
quotes 28:23: «امراتين» in 9 segment(s): BURHAN:v3p162, DAMGHANI:v1p431, DAMGHANI:v1p481, IBNJAWZI-NUZHA:v1p571, IBNJAWZI-NUZHA:v1p615, ITQAN:v4p391, JURJANI-DALAIL:v1p131, SIBAWAYH:وذلكأنرجلالوقالرأيترجلاقلتأيافإنقالرأيترجلينقلتأيين#448, SIBAWAYH:اعلمأنكتثنىمنإذاقلترأيترجلينكماتثنىأياوذلكقولكرأيت#450
quotes 28:23: «تذودان» in 10 segment(s): BURHAN:v3p162, BURHAN:v3p176, DAMGHANI:v1p431, DAMGHANI:v1p481, IBNJAWZI-NUZHA:v1p571, IBNJAWZI-NUZHA:v1p615, ITQAN:v3p155#2, ITQAN:v4p391, JURJANI-DALAIL:v1p131, MAJAZ:v2p414#2
quotes 28:23: «خطبكما» in 3 segment(s): BURHAN:v3p162, JURJANI-DALAIL:v1p131, MAJAZ:v2p411#2
quotes 28:23: «نسقي» in 4 segment(s): BURHAN:v3p162, BURHAN:v3p176, ITQAN:v3p155#2, JURJANI-DALAIL:v1p131
quotes 28:23: «الرعا» in 5 segment(s): BURHAN:v3p162, BURHAN:v3p176, JURJANI-DALAIL:v1p131, NASHR:v2p341, SIBAWAYH:(هذابابماتكسرفيهالهاءالتيهيعلامةالإضمار)#742
quotes 28:23: «وابونا» in 4 segment(s): DAMGHANI:v1p396, IBNJAWZI-NUZHA:v1p111, IBNJAWZI-NUZHA:v1p519, JURJANI-DALAIL:v1p131
quotes 28:23: «ولما ورد» in 10 segment(s): BAQILLANI:v1p16, BURHAN:v1p108, BURHAN:v3p162, BURHAN:v3p176, BURHAN:v4p383, DAMGHANI:v1p483, IBNJAWZI-NUZHA:v1p609, ITQAN:v2p418, ITQAN:v3p155#2, JURJANI-DALAIL:v1p131
quotes 28:23: «ورد ما» in 12 segment(s): BURHAN:v1p108, BURHAN:v2p318, BURHAN:v2p461, BURHAN:v3p162, BURHAN:v3p176, BURHAN:v4p383, DAMGHANI:v1p483, IBNJAWZI-NUZHA:v1p609, ITQAN:v2p418, ITQAN:v2p573, ITQAN:v3p155#2, JURJANI-DALAIL:v1p131
quotes 28:23: «ما مدين» in 9 segment(s): BURHAN:v1p108, BURHAN:v3p162, BURHAN:v3p176, BURHAN:v4p383, DAMGHANI:v1p483, IBNJAWZI-NUZHA:v1p609, ITQAN:v2p418, ITQAN:v3p155#2, JURJANI-DALAIL:v1p131
quotes 28:23: «مدين وجد» in 3 segment(s): BURHAN:v3p162, BURHAN:v3p176, JURJANI-DALAIL:v1p131
quotes 28:23: «وجد عليه» in 6 segment(s): BURHAN:v2p208, BURHAN:v3p162, BURHAN:v3p176, JURJANI-DALAIL:v1p131, KHATTABI:v1p45, NASHR:v1p387
quotes 28:23: «عليه امه» in 6 segment(s): BURHAN:v2p208, BURHAN:v3p162, BURHAN:v3p176, JURJANI-DALAIL:v1p131, NASHR:v1p387, NASHR:v1p438
quotes 28:23: «امه من» in 12 segment(s): BURHAN:v3p58, BURHAN:v3p162, BURHAN:v3p176, IBNASHUR-FULL:v1p101#2, IBNATIYYA-FULL:v1p46, IBNQUTAYBA-MUSHKIL:v1p85, ITQAN:v1p183, JISHUMI:v1p449, JURJANI-DALAIL:v1p131, MAJAZ:v1p1#42, NASHR:v1p52, YKHULI-TAJDID:c1
quotes 28:23: «الناس يسقون» in 3 segment(s): BURHAN:v3p162, ITQAN:v1p183, JURJANI-DALAIL:v1p131
quotes 28:23: «يسقون ووجد» in 2 segment(s): BURHAN:v3p162, JURJANI-DALAIL:v1p131
quotes 28:23: «ووجد من» in 7 segment(s): BURHAN:v3p162, BURHAN:v3p176, DAMGHANI:v1p431, DAMGHANI:v1p481, IBNJAWZI-NUZHA:v1p571, IBNJAWZI-NUZHA:v1p615, JURJANI-DALAIL:v1p131
quotes 28:23: «قالتا لا» in 3 segment(s): BURHAN:v3p162, BURHAN:v3p176, JURJANI-DALAIL:v1p131
quotes 28:23: «حتيا يصدر» in 0 segment(s): 
quotes 28:23: «شيخ كبير» in 5 segment(s): BURHAN:v4p42, DAMGHANI:v1p396, IBNJAWZI-NUZHA:v1p111, IBNJAWZI-NUZHA:v1p519, JURJANI-DALAIL:v1p131
quotes 28:27: 45 unique window(s): انكحك | ابنتي | هاتين | تاجرني | ثماني | اتممت | ان انكحك | انكحك احدي | احدي ابنتي | ابنتي هاتين | هاتين عليا | ان تاجرني | تاجرني ثماني | ثماني حجج | حجج فان | فان اتممت | اتممت عشرا | عشرا فمن | فمن عندك | عندك وما | ان اشق | اشق عليك | عليك ستجدني | قال اني اريد | اريد ان انكحك | ان انكحك احدي | انكحك احدي ابنتي | احدي ابنتي هاتين | ابنتي هاتين عليا | هاتين عليا ان | عليا ان تاجرني | ان تاجرني ثماني | تاجرني ثماني حجج | ثماني حجج فان | حجج فان اتممت | فان اتممت عشرا | اتممت عشرا فمن | عشرا فمن عندك | فمن عندك وما | عندك وما اريد | اريد ان اشق | ان اشق عليك | اشق عليك ستجدني | عليك ستجدني ان | الله من الصالحين
quotes 28:27: «انكحك» in 3 segment(s): DAMGHANI:v1p332, SAMARRAI-LAMASAT-HALAQAT:p1015, SAMARRAI-LAMASAT-HALAQAT:p1085
quotes 28:27: «ابنتي» in 6 segment(s): BINTSHATI:v1pdf12, DAMGHANI:v1p332, IBNJAWZI-NUZHA:v1p393, SAMARRAI-LAMASAT-HALAQAT:p1015, SAMARRAI-LAMASAT-HALAQAT:p1085, SIBAWAYH:وذلكقولكويحهرجلاوللهدرهرجلاوحسبكبهرجلاوماأشبهذلك|وإن#283
NOTE quotes 28:27: window «هاتين» in 66 segments, too common alone; the longer windows that contain it are used instead
quotes 28:27: «تاجرني» in 5 segment(s): BURHAN:v3p162, DAMGHANI:v1p332, IBNJAWZI-NUZHA:v1p441, MAJAZ:v2p399, SAMARRAI-LAMASAT-HALAQAT:p1015
quotes 28:27: «ثماني» in 32 segment(s): BINTSHATI-IJAZ:p233, BINTSHATI-IJAZ:p296, BINTSHATI-IJAZ:p343, BINTSHATI-IJAZ:p378, BINTSHATI-IJAZ:p407, BINTSHATI-IJAZ:p412, BINTSHATI-IJAZ:p505, BINTSHATI-IJAZ:p560, BURHAN:v1p450, DAMGHANI:v1p332, IBNJAWZI-NUZHA:v1p441, IBNJAWZI-ZAD:v1p4 …
quotes 28:27: «اتممت» in 7 segment(s): BURHAN:v4p290, DAMGHANI:v1p88, DAMGHANI:v1p335, DAMGHANI:v1p383, SIBAWAYH:وذلكقولكيومالجمعةألقاكفيهوأقليوملاألقاكفيهوأقليوملاms035#50, SIBAWAYH:(هذابابمااعتلمنأسماءالأفعالالمعتلةعلىاعتلالها)#777, SIBAWAYH:(لأنهليسعلىمثالالفعلفيمثلبهولكنهأتملسكونماقبلهومابعده#779
quotes 28:27: «هاتين عليا» in 0 segment(s): 
quotes 28:27: «حجج فان» in 0 segment(s): 
quotes 28:27: «عشرا فمن» in 3 segment(s): BURHAN:v4p290, DAMGHANI:v1p88, DAMGHANI:v1p335
quotes 28:27: «فمن عندك» in 4 segment(s): BURHAN:v4p290, DAMGHANI:v1p88, DAMGHANI:v1p335, ITQAN:v2p482
quotes 28:27: «عندك وما» in 0 segment(s): 
quotes 28:27: «ان اشق» in 0 segment(s): 
quotes 28:27: «اشق عليك» in 0 segment(s): 
quotes 28:27: «عليك ستجدني» in 0 segment(s): 
quotes 28:27: «قال اني اريد» in 9 segment(s): ABUDAWUD:4861, IBNHIBBAN:6220, IBNHIBBAN:7079, IBNHIBBAN:v15p554, MUSNAD-AHMAD:11861, MUSNAD-AHMAD:21476, SAMARRAI-LAMASAT-HALAQAT:p1015, SAMARRAI-LAMASAT-HALAQAT:p1085, TIRMIDHI:3232
quotes 28:27: «الله من الصالحين» in 2 segment(s): DAMGHANI:v1p282, IBNJAWZI-NUZHA:v1p396#2
quotes 28:60: 6 unique window(s): وزينتها وما | وابقيا افلا | الدنيا وزينتها وما | وزينتها وما عند | خير وابقيا افلا | وابقيا افلا تعقلون
quotes 28:60: «وزينتها وما» in 1 segment(s): DAMGHANI:v1p220
quotes 28:60: «وابقيا افلا» in 0 segment(s): 
quotes 28:70: 13 unique window(s): له الحمد | في الاوليا | الاوليا والاخره | والاخره وله | وله الحكم | وهو الله لا | هو له الحمد | له الحمد في | الحمد في الاوليا | في الاوليا والاخره | الاوليا والاخره وله | والاخره وله الحكم | وله الحكم واليه
quotes 28:70: «له الحمد» in 7 segment(s): BINTSHATI:v1p13, BURHAN:v3p263, IBNATIYYA-FULL:v1p33, IBNKATHIR-FULL:v1p5, ITQAN:v3p37, ITQAN:v3p235, ITQAN:v3p265
quotes 28:70: «في الاوليا» in 0 segment(s): 
quotes 28:70: «الاوليا والاخره» in 0 segment(s): 
quotes 28:70: «والاخره وله» in 1 segment(s): IBNKATHIR-FULL:v1p5
quotes 28:70: «وله الحكم» in 1 segment(s): IBNKATHIR-FULL:v1p5
quotes 28:70: «وهو الله لا» in 1 segment(s): IBNKATHIR-FULL:v1p5
quotes 29:17: 32 unique window(s): وتخلقون | افكا | فابتغوا | واعبدوه | انما تعبدون | اوثانا وتخلقون | وتخلقون افكا | افكا ان | يملكون لكم | لكم رزقا | رزقا فابتغوا | فابتغوا عند | الرزق واعبدوه | واعبدوه واشكروا | له اليه | انما تعبدون من | الله اوثانا وتخلقون | اوثانا وتخلقون افكا | وتخلقون افكا ان | افكا ان الذين | ان الذين تعبدون | لا يملكون لكم | يملكون لكم رزقا | لكم رزقا فابتغوا | رزقا فابتغوا عند | فابتغوا عند الله | عند الله الرزق | الله الرزق واعبدوه | الرزق واعبدوه واشكروا | واعبدوه واشكروا له | واشكروا له اليه | له اليه ترجعون
quotes 29:17: «وتخلقون» in 11 segment(s): BAQILLANI:v1p100, BINTSHATI-IJAZ:p402, BURHAN:v2p49, BURHAN:v3p322#2, IBNJAWZI-NUZHA:v1p283, IBNQUTAYBA-MUSHKIL:v1p273#2, ITQAN:v2p325#3, ITQAN:v3p80#2, SAMARRAI-ASRAR:r4#3, SAMARRAI-ASRAR-MUH:p39, SAMARRAI-LAMASAT-HALAQAT:p490
quotes 29:17: «افكا» in 16 segment(s): BAQILLANI:v1p100, BINTSHATI-IJAZ:p402, BURHAN:v2p49, BURHAN:v3p322#2, DAMGHANI:v1p162, IBNASHUR-FULL:v1p46, IBNJAWZI-NUZHA:v1p137, IBNJAWZI-NUZHA:v1p283, IBNQUTAYBA-MUSHKIL:v1p273#2, ITQAN:v2p325#3, ITQAN:v3p80#2, JISHUMI:v1p676#2 …
quotes 29:17: «فابتغوا» in 5 segment(s): BURHAN:v2p484, BURHAN:v4p99, SAMARRAI-ASRAR:r4#3, SAMARRAI-ASRAR-MUH:p39, SAMARRAI-LAMASAT-HALAQAT:p490
quotes 29:17: «واعبدوه» in 3 segment(s): BURHAN:v2p484, SAMARRAI-ASRAR-MUH:p39, SAMARRAI-LAMASAT-HALAQAT:p490
quotes 29:17: «انما تعبدون» in 5 segment(s): BAQILLANI:v1p100, BURHAN:v3p322#2, SAMARRAI-ASRAR:r4#3, SAMARRAI-ASRAR-MUH:p39, SAMARRAI-LAMASAT-HALAQAT:p490
quotes 29:17: «يملكون لكم» in 4 segment(s): BURHAN:v4p99, SAMARRAI-ASRAR:r4#3, SAMARRAI-ASRAR-MUH:p39, SAMARRAI-LAMASAT-HALAQAT:p490
quotes 29:17: «لكم رزقا» in 4 segment(s): BURHAN:v4p99, SAMARRAI-ASRAR:r4#3, SAMARRAI-ASRAR-MUH:p39, SAMARRAI-LAMASAT-HALAQAT:p490
quotes 29:17: «له اليه» in 5 segment(s): BURHAN:v2p484, JISHUMI:v1p887, JURJANI-ASRAR:v1p123, SAMARRAI-ASRAR-MUH:p39, SAMARRAI-LAMASAT-HALAQAT:p490
quotes 29:17: «ان الذين تعبدون» in 3 segment(s): SAMARRAI-ASRAR:r4#3, SAMARRAI-ASRAR-MUH:p39, SAMARRAI-LAMASAT-HALAQAT:p490
quotes 29:17: «عند الله الرزق» in 5 segment(s): BURHAN:v2p484, BURHAN:v4p99, SAMARRAI-ASRAR:r4#3, SAMARRAI-ASRAR-MUH:p39, SAMARRAI-LAMASAT-HALAQAT:p490
quotes 29:48: 20 unique window(s): تخطه | لارتاب | كنت تتلوا | تتلوا من | كتاب ولا | ولا تخطه | تخطه بيمينك | بيمينك اذا | اذا لارتاب | لارتاب المبطلون | وما كنت تتلوا | كنت تتلوا من | تتلوا من قبله | قبله من كتاب | من كتاب ولا | كتاب ولا تخطه | ولا تخطه بيمينك | تخطه بيمينك اذا | بيمينك اذا لارتاب | اذا لارتاب المبطلون
quotes 29:48: «تخطه» in 10 segment(s): BAQILLANI:v1p34, BAQILLANI:v1p49, BINTSHATI-IJAZ:p64, BINTSHATI-IJAZ:p159, BINTSHATI-IJAZ:p177, BURHAN:v1p176, BURHAN:v3p214, BURHAN:v4p372, IBNKATHIR-FULL:v1p59#2, MAJAZ:v2p411#2
quotes 29:48: «لارتاب» in 10 segment(s): BAQILLANI:v1p34, BAQILLANI:v1p49, BINTSHATI-IJAZ:p64, BINTSHATI-IJAZ:p159, BINTSHATI-IJAZ:p177, BURHAN:v1p176, BURHAN:v3p214, BURHAN:v4p372, IBNJAWZI-NUZHA:v1p195, IBNKATHIR-FULL:v1p59#2
quotes 29:48: «كنت تتلوا» in 0 segment(s): 
quotes 29:48: «تتلوا من» in 0 segment(s): 
quotes 29:48: «كتاب ولا» in 13 segment(s): BAQILLANI:v1p34, BAQILLANI:v1p49, BAQILLANI:v1p140, BINTSHATI-IJAZ:p64, BINTSHATI-IJAZ:p159, BINTSHATI-IJAZ:p177, BURHAN:v1p176, BURHAN:v3p214, BURHAN:v4p372, IBNJAWZI-NUZHA:v1p548, IBNKATHIR-FULL:v1p59#2, JISHUMI:v1p648 …
quotes 29:48: «بيمينك اذا» in 9 segment(s): BAQILLANI:v1p34, BAQILLANI:v1p49, BINTSHATI-IJAZ:p64, BINTSHATI-IJAZ:p159, BINTSHATI-IJAZ:p177, BURHAN:v1p176, BURHAN:v3p214, BURHAN:v4p372, IBNKATHIR-FULL:v1p59#2
quotes 29:48: «قبله من كتاب» in 10 segment(s): BAQILLANI:v1p34, BAQILLANI:v1p49, BINTSHATI-IJAZ:p64, BINTSHATI-IJAZ:p159, BINTSHATI-IJAZ:p177, BURHAN:v1p176, BURHAN:v3p214, BURHAN:v4p372, IBNKATHIR-FULL:v1p59#2, ITQAN:v4p328
quotes 29:64: 20 unique window(s): ولعب | الحيوان | وما هاذه | الا لهو | لهو ولعب | ولعب وان | وان الدار | الاخره لهي | لهي الحيوان | الحيوان لو | وما هاذه الحيواه | الدنيا الا لهو | الا لهو ولعب | لهو ولعب وان | ولعب وان الدار | وان الدار الاخره | الدار الاخره لهي | الاخره لهي الحيوان | لهي الحيوان لو | الحيوان لو كانوا
quotes 29:64: «ولعب» in 8 segment(s): DAMGHANI:v1p420, ITQAN:v2p557, SAMARRAI-ASRAR-MUH:p60, SAMARRAI-LAMASAT-HALAQAT:p511, SAMARRAI-LAMASAT-HALAQAT:p639, SAMARRAI-LAMASAT-HALAQAT:p730, SIBAWAYH:(هذابابالحروفالستةإذاكانواحدمنهاعيناوكانتالفاءقبلها#711, SIBAWAYH:(هذابابماأسكنمنهذاالبابالذيذكرناوتركأولالحرفعلىأصلهلو#714
NOTE quotes 29:64: window «الحيوان» in 66 segments, too common alone; the longer windows that contain it are used instead
quotes 29:64: «وما هاذه» in 0 segment(s): 
quotes 29:64: «الا لهو» in 5 segment(s): ITQAN:v2p557, SAMARRAI-ASRAR-MUH:p60, SAMARRAI-LAMASAT-HALAQAT:p511, SAMARRAI-LAMASAT-HALAQAT:p639, SAMARRAI-LAMASAT-HALAQAT:p730
quotes 29:64: «وان الدار» in 6 segment(s): BURHAN:v1p120, BURHAN:v1p407#2, SAMARRAI-ASRAR-MUH:p60, SAMARRAI-LAMASAT-HALAQAT:p511, SAMARRAI-LAMASAT-HALAQAT:p639, SAMARRAI-LAMASAT-HALAQAT:p730
quotes 29:64: «الاخره لهي» in 6 segment(s): BURHAN:v1p120, BURHAN:v1p407#2, SAMARRAI-ASRAR-MUH:p60, SAMARRAI-LAMASAT-HALAQAT:p511, SAMARRAI-LAMASAT-HALAQAT:p639, SAMARRAI-LAMASAT-HALAQAT:p730
quotes 29:64: «لهي الحيوان» in 7 segment(s): BURHAN:v1p120, BURHAN:v1p407#2, NASHR:v2p208, SAMARRAI-ASRAR-MUH:p60, SAMARRAI-LAMASAT-HALAQAT:p511, SAMARRAI-LAMASAT-HALAQAT:p639, SAMARRAI-LAMASAT-HALAQAT:p730
quotes 29:64: «الحيوان لو» in 4 segment(s): SAMARRAI-ASRAR-MUH:p60, SAMARRAI-LAMASAT-HALAQAT:p511, SAMARRAI-LAMASAT-HALAQAT:p639, SAMARRAI-LAMASAT-HALAQAT:p730
quotes 30:39: 36 unique window(s): ليربوا | يربوا | المضعفون | وما اتيتم | اتيتم من | من ربا | ربا ليربوا | ليربوا في | في اموال | الناس فلا | فلا يربوا | يربوا عند | وما اتيتم | اتيتم من | من زكواه | زكواه تريدون | تريدون وجه | هم المضعفون | وما اتيتم من | اتيتم من ربا | من ربا ليربوا | ربا ليربوا في | ليربوا في اموال | في اموال الناس | اموال الناس فلا | الناس فلا يربوا | فلا يربوا عند | يربوا عند الله | الله وما اتيتم | وما اتيتم من | اتيتم من زكواه | من زكواه تريدون | زكواه تريدون وجه | تريدون وجه الله | وجه الله فاولايك | فاولايك هم المضعفون
quotes 30:39: «ليربوا» in 1 segment(s): IBNQUTAYBA-MUSHKIL:v1p176
quotes 30:39: «يربوا» in 1 segment(s): IBNQUTAYBA-MUSHKIL:v1p176
quotes 30:39: «المضعفون» in 4 segment(s): BURHAN:v1p409, BURHAN:v3p318, IBNQUTAYBA-MUSHKIL:v1p176, ITQAN:v3p231
quotes 30:39: «وما اتيتم» in 7 segment(s): BURHAN:v1p409, BURHAN:v3p318, IBNQUTAYBA-MUSHKIL:v1p176, ITQAN:v3p231, NASHR:v2p74, NASHR:v2p227, NASHR:v2p344#2
quotes 30:39: «اتيتم من» in 8 segment(s): BURHAN:v1p409, BURHAN:v3p318, IBNQUTAYBA-MUSHKIL:v1p176, ITQAN:v3p231, JURJANI-DALAIL:v1p397, NASHR:v2p74, NASHR:v2p227, NASHR:v2p344#2
quotes 30:39: «من ربا» in 7 segment(s): BURHAN:v1p409, DAMGHANI:v1p189, IBNQUTAYBA-MUSHKIL:v1p176, NASHR:v2p73, NASHR:v2p74, NASHR:v2p227, NASHR:v2p344#2
quotes 30:39: «في اموال» in 3 segment(s): DAMGHANI:v1p189, IBNQUTAYBA-MUSHKIL:v1p176, JISHUMI:v2p1038
quotes 30:39: «الناس فلا» in 6 segment(s): BAQILLANI:v1p291, BURHAN:v2p104, BURHAN:v2p272, IBNASHUR-FULL:v1p22, IBNQUTAYBA-MUSHKIL:v1p176, KHATTABI:v1p69
quotes 30:39: «وما اتيتم» in 7 segment(s): BURHAN:v1p409, BURHAN:v3p318, IBNQUTAYBA-MUSHKIL:v1p176, ITQAN:v3p231, NASHR:v2p74, NASHR:v2p227, NASHR:v2p344#2
quotes 30:39: «اتيتم من» in 8 segment(s): BURHAN:v1p409, BURHAN:v3p318, IBNQUTAYBA-MUSHKIL:v1p176, ITQAN:v3p231, JURJANI-DALAIL:v1p397, NASHR:v2p74, NASHR:v2p227, NASHR:v2p344#2
quotes 30:39: «من زكواه» in 0 segment(s): 
quotes 30:39: «زكواه تريدون» in 0 segment(s): 
quotes 30:39: «تريدون وجه» in 3 segment(s): BURHAN:v3p318, IBNQUTAYBA-MUSHKIL:v1p176, ITQAN:v3p231
quotes 30:39: «وجه الله فاولايك» in 0 segment(s): 
quotes 32:21: 11 unique window(s): العذاب الادنيا | الادنيا دون | دون العذاب | الاكبر لعلهم | ولنذيقنهم من العذاب | من العذاب الادنيا | العذاب الادنيا دون | الادنيا دون العذاب | دون العذاب الاكبر | العذاب الاكبر لعلهم | الاكبر لعلهم يرجعون
quotes 32:21: «العذاب الادنيا» in 0 segment(s): 
quotes 32:21: «الادنيا دون» in 0 segment(s): 
quotes 32:21: «دون العذاب» in 5 segment(s): BAQILLANI:v1p265, DAMGHANI:v1p175, DAMGHANI:v1p186, IBNJAWZI-NUZHA:v1p119, RUMMANI:v1p93
quotes 32:21: «الاكبر لعلهم» in 0 segment(s): 
quotes 32:21: «ولنذيقنهم من العذاب» in 8 segment(s): BAQILLANI:v1p265, DAMGHANI:v1p175, DAMGHANI:v1p186, IBNJAWZI-NUZHA:v1p119, IBNJAWZI-NUZHA:v1p448, MUSLIM:7070, MUSNAD-AHMAD:21172, RUMMANI:v1p93
quotes 32:27: 30 unique window(s): نسوق | الجرز | فنخرج | انعامهم | انا نسوق | نسوق الما | الما الي | الارض الجرز | الجرز فنخرج | فنخرج به | زرعا تاكل | تاكل منه | منه انعامهم | انعامهم وانفسهم | وانفسهم افلا | افلا يبصرون | يروا انا نسوق | انا نسوق الما | نسوق الما الي | الما الي الارض | الي الارض الجرز | الارض الجرز فنخرج | الجرز فنخرج به | فنخرج به زرعا | به زرعا تاكل | زرعا تاكل منه | تاكل منه انعامهم | منه انعامهم وانفسهم | انعامهم وانفسهم افلا | وانفسهم افلا يبصرون
quotes 32:27: «نسوق» in 7 segment(s): BURHAN:v1p79, BURHAN:v3p375, ITQAN:v3p270#4, SAMARRAI-ASRAR:r4#3, SAMARRAI-ASRAR:r8#2, SAMARRAI-ASRAR-MUH:p41, SAMARRAI-LAMASAT-HALAQAT:p492
quotes 32:27: «الجرز» in 7 segment(s): BURHAN:v1p79, BURHAN:v3p375, MAJAZ:v2p406#2, SAMARRAI-ASRAR:r4#3, SAMARRAI-ASRAR:r8#2, SAMARRAI-ASRAR-MUH:p41, SAMARRAI-LAMASAT-HALAQAT:p492
quotes 32:27: «فنخرج» in 7 segment(s): BURHAN:v1p79, BURHAN:v3p375, ITQAN:v4p518, SAMARRAI-ASRAR:r4#3, SAMARRAI-ASRAR:r8#2, SAMARRAI-ASRAR-MUH:p41, SAMARRAI-LAMASAT-HALAQAT:p492
quotes 32:27: «انعامهم» in 8 segment(s): BURHAN:v1p79, BURHAN:v3p252, ITQAN:v2p308, ITQAN:v3p35, SAMARRAI-ASRAR:r4#3, SAMARRAI-ASRAR:r8#2, SAMARRAI-ASRAR-MUH:p41, SAMARRAI-LAMASAT-HALAQAT:p492
quotes 32:27: «الما الي» in 11 segment(s): BAQILLANI:v1p123, BURHAN:v1p79, BURHAN:v3p375, ITQAN:v1p92, ITQAN:v3p270#4, JURJANI-DALAIL:v1p53, NASHR:v1p386, SAMARRAI-ASRAR:r4#3, SAMARRAI-ASRAR:r8#2, SAMARRAI-ASRAR-MUH:p41, SAMARRAI-LAMASAT-HALAQAT:p492
quotes 32:27: «زرعا تاكل» in 5 segment(s): BURHAN:v1p79, SAMARRAI-ASRAR:r4#3, SAMARRAI-ASRAR:r8#2, SAMARRAI-ASRAR-MUH:p41, SAMARRAI-LAMASAT-HALAQAT:p492
quotes 32:27: «تاكل منه» in 7 segment(s): BURHAN:v1p79, BURHAN:v3p252, ITQAN:v3p35, SAMARRAI-ASRAR:r4#3, SAMARRAI-ASRAR:r8#2, SAMARRAI-ASRAR-MUH:p41, SAMARRAI-LAMASAT-HALAQAT:p492
quotes 32:27: «وانفسهم افلا» in 5 segment(s): BURHAN:v1p79, SAMARRAI-ASRAR:r4#3, SAMARRAI-ASRAR:r8#2, SAMARRAI-ASRAR-MUH:p41, SAMARRAI-LAMASAT-HALAQAT:p492
quotes 32:27: «افلا يبصرون» in 7 segment(s): BURHAN:v1p79, ITQAN:v2p447#3, ITQAN:v3p270#4, SAMARRAI-ASRAR:r4#3, SAMARRAI-ASRAR:r8#2, SAMARRAI-ASRAR-MUH:p41, SAMARRAI-LAMASAT-HALAQAT:p492
quotes 33:41: 6 unique window(s): اذكروا الله | الله ذكرا | ذكرا كثيرا | امنوا اذكروا الله | اذكروا الله ذكرا | الله ذكرا كثيرا
quotes 33:41: «اذكروا الله» in 6 segment(s): BURHAN:v2p137, BURHAN:v2p400, DAMGHANI:v1p180, ITQAN:v3p178, JISHUMI:v1p826, JISHUMI:v2p961
quotes 33:41: «الله ذكرا» in 5 segment(s): BURHAN:v2p137, BURHAN:v2p400, DAMGHANI:v1p180, IBNJAWZI-NUZHA:v1p301, ITQAN:v3p178
quotes 33:41: «ذكرا كثيرا» in 5 segment(s): BURHAN:v2p137, BURHAN:v2p400, DAMGHANI:v1p180, IBNJAWZI-NUZHA:v1p301, ITQAN:v3p178
quotes 33:42: 3 unique window(s): وسبحوه | وسبحوه بكره | وسبحوه بكره واصيلا
quotes 33:42: «وسبحوه» in 0 segment(s): 
quotes 33:43: 14 unique window(s): يصلي عليكم | عليكم وملايكته | وملايكته ليخرجكم | النور وكان | وكان بالمومنين | بالمومنين رحيما | هو الذي يصلي | الذي يصلي عليكم | يصلي عليكم وملايكته | عليكم وملايكته ليخرجكم | وملايكته ليخرجكم من | الي النور وكان | النور وكان بالمومنين | وكان بالمومنين رحيما
quotes 33:43: «يصلي عليكم» in 4 segment(s): DAMGHANI:v1p282, DAMGHANI:v1p309, IBNJAWZI-NUZHA:v1p393, IBNQUTAYBA-MUSHKIL:v1p255
quotes 33:43: «عليكم وملايكته» in 4 segment(s): DAMGHANI:v1p282, DAMGHANI:v1p309, IBNJAWZI-NUZHA:v1p393, IBNQUTAYBA-MUSHKIL:v1p255
quotes 33:43: «وملايكته ليخرجكم» in 1 segment(s): DAMGHANI:v1p309
quotes 33:43: «النور وكان» in 0 segment(s): 
quotes 33:43: «وكان بالمومنين» in 2 segment(s): BURHAN:v3p340, IBNJAWZI-ZAD:v1p9
quotes 33:43: «بالمومنين رحيما» in 2 segment(s): BURHAN:v3p340, IBNJAWZI-ZAD:v1p9
quotes 33:43: «هو الذي يصلي» in 4 segment(s): DAMGHANI:v1p282, DAMGHANI:v1p309, IBNJAWZI-NUZHA:v1p393, IBNQUTAYBA-MUSHKIL:v1p255
quotes 34:10: 21 unique window(s): ياجبال | اوبي | والنا | داود منا | منا فضلا | فضلا ياجبال | ياجبال اوبي | اوبي معه | معه والطير | والطير والنا | والنا له | له الحديد | اتينا داود منا | داود منا فضلا | منا فضلا ياجبال | فضلا ياجبال اوبي | ياجبال اوبي معه | اوبي معه والطير | معه والطير والنا | والطير والنا له | والنا له الحديد
quotes 34:10: «ياجبال» in 0 segment(s): 
quotes 34:10: «اوبي» in 9 segment(s): BINTSHATI-IJAZ:p470, BURHAN:v2p246, IBNASHUR-FULL:v1p36, IBNJINNI-MUHTASAB:v1p8, IBNQUTAYBA-MUSHKIL:v1p75, ITQAN:v2p397, MAJAZ:v2p401, SIBAWAYH:اعلمأنالنداءكلاسممضاففيهفهونصبعلىإضمارالفعلالمتروك#287, TAB-FULL:v1p13
quotes 34:10: «والنا» in 1 segment(s): ITQAN:v4p335
quotes 34:10: «داود منا» in 0 segment(s): 
quotes 34:10: «منا فضلا» in 0 segment(s): 
quotes 34:10: «معه والطير» in 3 segment(s): IBNJINNI-MUHTASAB:v1p8, IBNQUTAYBA-MUSHKIL:v1p75, SIBAWAYH:اعلمأنالنداءكلاسممضاففيهفهونصبعلىإضمارالفعلالمتروك#287
quotes 34:10: «له الحديد» in 1 segment(s): ITQAN:v4p335
quotes 34:11: 14 unique window(s): سابغات | السرد | ان اعمل | اعمل سابغات | سابغات وقدر | وقدر في | في السرد | السرد واعملوا | ان اعمل سابغات | اعمل سابغات وقدر | سابغات وقدر في | وقدر في السرد | في السرد واعملوا | السرد واعملوا صالحا
quotes 34:11: «سابغات» in 2 segment(s): BURHAN:v3p154, ITQAN:v3p166
quotes 34:11: «السرد» in 5 segment(s): JURJANI-DALAIL:v1p376, MAJAZ:v2p419, NASHR:v2p103, SAMARRAI-LAMASAT-HALAQAT:p715, SIBAWAYH:(هذابابعللماتجعلهزائدامنحروفالزوائدوماتجعلهمننفسالحرف#765
quotes 34:11: «ان اعمل» in 2 segment(s): BURHAN:v3p154, ITQAN:v3p166
quotes 34:11: «وقدر في» in 0 segment(s): 
quotes 35:18: 43 unique window(s): مثقله | اخريا وان | وان تدع | تدع مثقله | مثقله اليا | اليا حملها | حملها لا | لا يحمل | يحمل منه | منه شي | شي ولو | قربيا انما | تنذر الذين | بالغيب واقاموا | ومن تزكيا | تزكيا فانما | فانما يتزكيا | يتزكيا لنفسه | لنفسه والي | وزر اخريا وان | اخريا وان تدع | وان تدع مثقله | تدع مثقله اليا | مثقله اليا حملها | اليا حملها لا | حملها لا يحمل | لا يحمل منه | يحمل منه شي | منه شي ولو | شي ولو كان | ذا قربيا انما | قربيا انما تنذر | انما تنذر الذين | تنذر الذين يخشون | ربهم بالغيب واقاموا | بالغيب واقاموا الصلواه | واقاموا الصلواه ومن | الصلواه ومن تزكيا | ومن تزكيا فانما | تزكيا فانما يتزكيا | فانما يتزكيا لنفسه | يتزكيا لنفسه والي | لنفسه والي الله
quotes 35:18: «مثقله» in 8 segment(s): BAQILLANI:v1p178, BINTSHATI-IJAZ:p506, BINTSHATI-IJAZ:p563, IBNQUTAYBA-MUSHKIL:v1p125, SAMARRAI-ASRAR-MUH:p84, SAMARRAI-LAMASAT-HALAQAT:p534, SAMARRAI-LAMASAT-HALAQAT:p796, SIBAWAYH:(هذابابإجراءالصفةفيهعلىالاسمفيبعضالمواضعأحسن)#222
quotes 35:18: «اخريا وان» in 0 segment(s): 
quotes 35:18: «وان تدع» in 3 segment(s): SAMARRAI-ASRAR-MUH:p84, SAMARRAI-LAMASAT-HALAQAT:p534, SAMARRAI-LAMASAT-HALAQAT:p796
quotes 35:18: «اليا حملها» in 0 segment(s): 
quotes 35:18: «حملها لا» in 3 segment(s): SAMARRAI-ASRAR-MUH:p84, SAMARRAI-LAMASAT-HALAQAT:p534, SAMARRAI-LAMASAT-HALAQAT:p796
quotes 35:18: «لا يحمل» in 12 segment(s): BURHAN:v3p50, DAMGHANI:v1p485, IBNASHUR-FULL:v1p97, ITQAN:v3p19, NASHR:v1p484, SAMARRAI-ASRAR-MUH:p84, SAMARRAI-LAMASAT-HALAQAT:p534, SAMARRAI-LAMASAT-HALAQAT:p796, SAMARRAI-LAMASAT-HALAQAT:p812, SIBAWAYH:اعلمأنلكمموضعينفأحدهماالاستفهاموهوالحرفالمستفمبهبمنزلةكيف#276, SIBAWAYH:(هذابابالظروفالمبهمةغيرالمتمكنة)#549, YKHULI-TAJDID:c4
quotes 35:18: «يحمل منه» in 3 segment(s): SAMARRAI-ASRAR-MUH:p84, SAMARRAI-LAMASAT-HALAQAT:p534, SAMARRAI-LAMASAT-HALAQAT:p796
NOTE quotes 35:18: window «منه شي» in 44 segments, too common alone; the longer windows that contain it are used instead
quotes 35:18: «شي ولو» in 6 segment(s): ITQAN:v2p488, JISHUMI:v1p849, SAMARRAI-ASRAR-MUH:p84, SAMARRAI-LAMASAT-HALAQAT:p534, SAMARRAI-LAMASAT-HALAQAT:p796, SIBAWAYH:(هذابابالنونالثقيلةوالخفيفةفيفعلالاثنينوفعلجميعالنساء)#643
quotes 35:18: «قربيا انما» in 0 segment(s): 
quotes 35:18: «تنذر الذين» in 5 segment(s): BURHAN:v2p313, JURJANI-DALAIL:v1p268, SAMARRAI-ASRAR-MUH:p84, SAMARRAI-LAMASAT-HALAQAT:p534, SAMARRAI-LAMASAT-HALAQAT:p796
quotes 35:18: «بالغيب واقاموا» in 3 segment(s): SAMARRAI-ASRAR-MUH:p84, SAMARRAI-LAMASAT-HALAQAT:p534, SAMARRAI-LAMASAT-HALAQAT:p796
quotes 35:18: «ومن تزكيا» in 0 segment(s): 
quotes 35:18: «تزكيا فانما» in 0 segment(s): 
quotes 35:18: «فانما يتزكيا» in 0 segment(s): 
quotes 35:18: «يتزكيا لنفسه» in 0 segment(s): 
quotes 35:18: «لنفسه والي» in 3 segment(s): SAMARRAI-ASRAR-MUH:p84, SAMARRAI-LAMASAT-HALAQAT:p534, SAMARRAI-LAMASAT-HALAQAT:p796
quotes 35:18: «واقاموا الصلواه ومن» in 0 segment(s): 
quotes 35:22: 23 unique window(s): الاحيا | الاموات | بمسمع | يستوي الاحيا | الاحيا ولا | ولا الاموات | الاموات ان | الله يسمع | يسمع من | انت بمسمع | بمسمع من | وما يستوي الاحيا | يستوي الاحيا ولا | الاحيا ولا الاموات | ولا الاموات ان | الاموات ان الله | ان الله يسمع | الله يسمع من | يسمع من يشا | يشا وما انت | وما انت بمسمع | انت بمسمع من | بمسمع من في
NOTE quotes 35:22: window «الاحيا» in 63 segments, too common alone; the longer windows that contain it are used instead
quotes 35:22: «الاموات» in 15 segment(s): BURHAN:v2p140, BURHAN:v3p23, BURHAN:v3p252, BURHAN:v3p454, DAMGHANI:v1p150, DAMGHANI:v1p445, IBNJAWZI-NUZHA:v1p253, IBNJAWZI-NUZHA:v1p569, ITQAN:v3p34, ITQAN:v3p182#2, ITQAN:v4p357, JISHUMI:v1p438 …
quotes 35:22: «بمسمع» in 5 segment(s): BINTSHATI-IJAZ:p185, BINTSHATI-IJAZ:p531, BURHAN:v3p20, IBNASHUR-FULL:v1p110, JURJANI-DALAIL:v1p256
quotes 35:22: «يستوي الاحيا» in 10 segment(s): BURHAN:v3p23, BURHAN:v3p252, BURHAN:v3p454, DAMGHANI:v1p150, DAMGHANI:v1p445, IBNJAWZI-NUZHA:v1p253, IBNJAWZI-NUZHA:v1p569, ITQAN:v3p34, ITQAN:v3p182#2, SAMARRAI-LAMASAT-HALAQAT:p583
quotes 35:22: «الاحيا ولا» in 11 segment(s): BURHAN:v3p23, BURHAN:v3p252, BURHAN:v3p454, DAMGHANI:v1p150, DAMGHANI:v1p445, IBNJAWZI-NUZHA:v1p253, IBNJAWZI-NUZHA:v1p569, ITQAN:v3p34, ITQAN:v3p182#2, JISHUMI:v2p972, SAMARRAI-LAMASAT-HALAQAT:p583
quotes 35:22: «الله يسمع» in 0 segment(s): 
quotes 35:22: «يسمع من» in 8 segment(s): BURHAN:v1p15, BURHAN:v4p27, BURHAN:v4p134, IBNMUJAHID:v1p46, ITQAN:v2p313#2, ITQAN:v4p463, JISHUMI:v1p706#2, RIFAI-KHULI:c1
quotes 35:22: «يشا وما انت» in 0 segment(s): 
quotes 35:28: 26 unique window(s): يخشي | العلماوا | الناس والدواب | والدواب والانعام | والانعام مختلف | الوانه كذالك | كذالك انما | انما يخشي | يخشي الله | عباده العلماوا | العلماوا ان | عزيز غفور | ومن الناس والدواب | الناس والدواب والانعام | والدواب والانعام مختلف | والانعام مختلف الوانه | مختلف الوانه كذالك | الوانه كذالك انما | كذالك انما يخشي | انما يخشي الله | يخشي الله من | الله من عباده | من عباده العلماوا | عباده العلماوا ان | العلماوا ان الله | الله عزيز غفور
NOTE quotes 35:28: window «يخشي» in 75 segments, too common alone; the longer windows that contain it are used instead
quotes 35:28: «العلماوا» in 0 segment(s): 
quotes 35:28: «الناس والدواب» in 2 segment(s): DAMGHANI:v1p168, SIBAWAYH:(هذابابالإضافةوهوبابالنسبة)#556
quotes 35:28: «والدواب والانعام» in 1 segment(s): DAMGHANI:v1p168
quotes 35:28: «والانعام مختلف» in 1 segment(s): DAMGHANI:v1p168
quotes 35:28: «الوانه كذالك» in 0 segment(s): 
quotes 35:28: «كذالك انما» in 0 segment(s): 
quotes 35:28: «انما يخشي» in 13 segment(s): BURHAN:v1p341, BURHAN:v3p76, BURHAN:v3p275, BURHAN:v4p78, BURHAN:v4p406, ITQAN:v1p207, ITQAN:v2p569, JURJANI-DALAIL:v1p258, JURJANI-DALAIL:v1p259, NASHR:v1p15#2, NASHR:v1p452, SAMARRAI-LAMASAT-HALAQAT:p614 …
quotes 35:28: «يخشي الله» in 16 segment(s): BURHAN:v1p341, BURHAN:v3p76, BURHAN:v3p275, BURHAN:v4p78, BURHAN:v4p406, IBNATIYYA-FULL:v1p38, IBNKATHIR-FULL:v1p63, IBNKATHIR-FULL:v1p64, ITQAN:v1p207, ITQAN:v2p569, JURJANI-DALAIL:v1p258, JURJANI-DALAIL:v1p259 …
quotes 35:28: «عزيز غفور» in 0 segment(s): 
quotes 35:28: «الله من عباده» in 32 segment(s): ABUDAWUD:3125, BUKHARI:835, BUKHARI:1284, BUKHARI:5655, BUKHARI:6655, BUKHARI:7377, BUKHARI:7448, BURHAN:v1p341, BURHAN:v3p76, BURHAN:v3p275, BURHAN:v4p78, BURHAN:v4p406 …
quotes 35:36: 26 unique window(s): فيموتوا | لهم نار | لا يقضيا | يقضيا عليهم | عليهم فيموتوا | فيموتوا ولا | ولا يخفف | من عذابها | عذابها كذالك | نجزي كل | كل كفور | كفروا لهم نار | لهم نار جهنم | نار جهنم لا | جهنم لا يقضيا | لا يقضيا عليهم | يقضيا عليهم فيموتوا | عليهم فيموتوا ولا | فيموتوا ولا يخفف | ولا يخفف عنهم | يخفف عنهم من | عنهم من عذابها | من عذابها كذالك | عذابها كذالك نجزي | كذالك نجزي كل | نجزي كل كفور
quotes 35:36: «فيموتوا» in 4 segment(s): BURHAN:v1p307, BURHAN:v2p421, MAJAZ:v2p444, SIBAWAYH:(هذابابالفاء)#475
quotes 35:36: «لهم نار» in 0 segment(s): 
quotes 35:36: «لا يقضيا» in 0 segment(s): 
quotes 35:36: «يقضيا عليهم» in 0 segment(s): 
quotes 35:36: «ولا يخفف» in 1 segment(s): JISHUMI:v1p675
quotes 35:36: «من عذابها» in 0 segment(s): 
quotes 35:36: «عذابها كذالك» in 0 segment(s): 
quotes 35:36: «نجزي كل» in 1 segment(s): NASHR:v2p351
quotes 35:36: «كل كفور» in 1 segment(s): NASHR:v2p351
quotes 35:36: «نار جهنم لا» in 0 segment(s): 
quotes 35:36: «يخفف عنهم من» in 0 segment(s): 
quotes 35:37: 39 unique window(s): يصطرخون | نعمركم | وجاكم | وهم يصطرخون | يصطرخون فيها | فيها ربنا | اخرجنا نعمل | صالحا غير | نعمل اولم | اولم نعمركم | نعمركم ما | ما يتذكر | يتذكر فيه | من تذكر | تذكر وجاكم | وجاكم النذير | النذير فذوقوا | فذوقوا فما | فما للظالمين | وهم يصطرخون فيها | يصطرخون فيها ربنا | فيها ربنا اخرجنا | ربنا اخرجنا نعمل | اخرجنا نعمل صالحا | نعمل صالحا غير | صالحا غير الذي | كنا نعمل اولم | نعمل اولم نعمركم | اولم نعمركم ما | نعمركم ما يتذكر | ما يتذكر فيه | يتذكر فيه من | فيه من تذكر | من تذكر وجاكم | تذكر وجاكم النذير | وجاكم النذير فذوقوا | النذير فذوقوا فما | فذوقوا فما للظالمين | فما للظالمين من
quotes 35:37: «يصطرخون» in 6 segment(s): BURHAN:v3p34, ITQAN:v3p236#3, SAMARRAI-ASRAR:r5#7, SAMARRAI-ASRAR-MUH:p89, SAMARRAI-LAMASAT-HALAQAT:p539, SAMARRAI-LAMASAT-HALAQAT:p1052
quotes 35:37: «نعمركم» in 5 segment(s): BAQILLANI:v1p288, BURHAN:v4p3, ITQAN:v3p212, ITQAN:v4p525#2, SAMARRAI-LAMASAT-HALAQAT:p1052
quotes 35:37: «وجاكم» in 2 segment(s): BAQILLANI:v1p288, DAMGHANI:v1p450
quotes 35:37: «فيها ربنا» in 1 segment(s): SAMARRAI-LAMASAT-HALAQAT:p1052
quotes 35:37: «اخرجنا نعمل» in 1 segment(s): SAMARRAI-LAMASAT-HALAQAT:p1052
quotes 35:37: «صالحا غير» in 2 segment(s): BURHAN:v4p292, SAMARRAI-LAMASAT-HALAQAT:p1052
quotes 35:37: «نعمل اولم» in 1 segment(s): SAMARRAI-LAMASAT-HALAQAT:p1052
quotes 35:37: «ما يتذكر» in 6 segment(s): BAQILLANI:v1p288, BURHAN:v4p3, ITQAN:v3p212, ITQAN:v4p525#2, SAMARRAI-LAMASAT-HALAQAT:p1052, SIBAWAYH:(هذابابوجوهالقوافيفيالإنشاد)#746
quotes 35:37: «يتذكر فيه» in 5 segment(s): BAQILLANI:v1p288, BURHAN:v4p3, ITQAN:v3p212, ITQAN:v4p525#2, SAMARRAI-LAMASAT-HALAQAT:p1052
quotes 35:37: «من تذكر» in 5 segment(s): BAQILLANI:v1p288, BURHAN:v4p3, ITQAN:v3p212, ITQAN:v4p525#2, SAMARRAI-LAMASAT-HALAQAT:p1052
quotes 35:37: «النذير فذوقوا» in 0 segment(s): 
quotes 35:37: «فذوقوا فما» in 0 segment(s): 
quotes 35:37: «فما للظالمين» in 0 segment(s): 
quotes 36:11: 20 unique window(s): وخشي | بمغفره | تنذر من | اتبع الذكر | الذكر وخشي | وخشي الرحمان | بالغيب فبشره | فبشره بمغفره | بمغفره واجر | واجر كريم | انما تنذر من | تنذر من اتبع | من اتبع الذكر | اتبع الذكر وخشي | الذكر وخشي الرحمان | وخشي الرحمان بالغيب | الرحمان بالغيب فبشره | بالغيب فبشره بمغفره | فبشره بمغفره واجر | بمغفره واجر كريم
quotes 36:11: «وخشي» in 8 segment(s): BINTSHATI-IJAZ:p227, BURHAN:v3p13, GHARNATI:v1p179, ITQAN:v3p179, JURJANI-DALAIL:v1p524, JURJANI-DALAIL:v1p397, NASHR:v2p440, SAMARRAI-LAMASAT-HALAQAT:p796
quotes 36:11: «بمغفره» in 3 segment(s): BURHAN:v4p403, GHARNATI:v1p179, SAMARRAI-LAMASAT-HALAQAT:p796
quotes 36:11: «تنذر من» in 4 segment(s): BINTSHATI-IJAZ:p227, GHARNATI:v1p179, JURJANI-DALAIL:v1p524, SAMARRAI-LAMASAT-HALAQAT:p796
quotes 36:11: «اتبع الذكر» in 4 segment(s): BINTSHATI-IJAZ:p227, GHARNATI:v1p179, JURJANI-DALAIL:v1p524, SAMARRAI-LAMASAT-HALAQAT:p796
quotes 36:11: «بالغيب فبشره» in 2 segment(s): GHARNATI:v1p179, SAMARRAI-LAMASAT-HALAQAT:p796
quotes 36:11: «واجر كريم» in 2 segment(s): GHARNATI:v1p179, SAMARRAI-LAMASAT-HALAQAT:p796
quotes 36:12: 23 unique window(s): ونكتب | قدموا | واثارهم | امام | نحي الموتيا | الموتيا ونكتب | ونكتب ما | ما قدموا | قدموا واثارهم | واثارهم وكل | احصيناه في | في امام | امام مبين | نحن نحي الموتيا | نحي الموتيا ونكتب | الموتيا ونكتب ما | ونكتب ما قدموا | ما قدموا واثارهم | قدموا واثارهم وكل | واثارهم وكل شي | شي احصيناه في | احصيناه في امام | في امام مبين
quotes 36:12: «ونكتب» in 1 segment(s): RIFAI-KHULI:c2
quotes 36:12: «قدموا» in 20 segment(s): ALUSI-FULL:v1p18, BAQILLANI:v1p151, BAQILLANI:v1p156, BINTSHATI-IJAZ:p292, BINTSHATI-IJAZ:p299, BINTSHATI-IJAZ:p300, BURHAN:v1p199, BURHAN:v1p203, BURHAN:v1p236, BURHAN:v1p245, BURHAN:v3p258, BURHAN:v3p274 …
quotes 36:12: «واثارهم» in 1 segment(s): JURJANI-ASRAR:v1p51
NOTE quotes 36:12: window «امام» in 154 segments, too common alone; the longer windows that contain it are used instead
quotes 36:12: «نحي الموتيا» in 0 segment(s): 
quotes 36:12: «احصيناه في» in 4 segment(s): DAMGHANI:v1p43, IBNJAWZI-NUZHA:v1p118, IBNJAWZI-NUZHA:v1p126, IBNQUTAYBA-MUSHKIL:v1p254#2
quotes 36:12: «في امام» in 5 segment(s): DAMGHANI:v1p43, IBNJAWZI-NUZHA:v1p118, IBNJAWZI-NUZHA:v1p126, IBNQUTAYBA-MUSHKIL:v1p254#2, JURJANI-ASRAR:v1p40
quotes 36:12: «امام مبين» in 4 segment(s): DAMGHANI:v1p43, IBNJAWZI-NUZHA:v1p118, IBNJAWZI-NUZHA:v1p126, IBNQUTAYBA-MUSHKIL:v1p254#2
quotes 36:39: 13 unique window(s): قدرناه | كالعرجون | والقمر قدرناه | قدرناه منازل | منازل حتيا | حتيا عاد | عاد كالعرجون | كالعرجون القديم | والقمر قدرناه منازل | قدرناه منازل حتيا | منازل حتيا عاد | حتيا عاد كالعرجون | عاد كالعرجون القديم
quotes 36:39: «قدرناه» in 8 segment(s): BAQILLANI:v1p187, BURHAN:v3p215, IBNQUTAYBA-MUSHKIL:v1p192, ITQAN:v3p115, ITQAN:v3p168, JURJANI-DALAIL:v1p186, JURJANI-DALAIL:v1p286, NASHR:v2p353
quotes 36:39: «كالعرجون» in 6 segment(s): BAQILLANI:v1p187, BURHAN:v3p420, IBNQUTAYBA-MUSHKIL:v1p192, ITQAN:v2p327#2, ITQAN:v3p115, JISHUMI:v1p500#2
quotes 36:39: «منازل حتيا» in 0 segment(s): 
quotes 36:39: «حتيا عاد» in 0 segment(s): 
quotes 36:69: 14 unique window(s): الشعر | وما علمناه | علمناه الشعر | الشعر وما | ينبغي له | ذكر وقران | وما علمناه الشعر | علمناه الشعر وما | الشعر وما ينبغي | وما ينبغي له | ينبغي له ان | له ان هو | الا ذكر وقران | ذكر وقران مبين
NOTE quotes 36:69: window «الشعر» in 408 segments, too common alone; the longer windows that contain it are used instead
quotes 36:69: «وما علمناه» in 11 segment(s): ALUSI-FULL:v1p27, ALUSI-FULL:v1p29, BAQILLANI:v1p51, BINTSHATI-IJAZ:p53, BINTSHATI-IJAZ:p164, BURHAN:v2p111, BURHAN:v3p35, BURHAN:v4p104, ELMALILI:v1p103, JURJANI-DALAIL:v1p39, JURJANI-DALAIL:v1p179
quotes 36:69: «علمناه الشعر» in 11 segment(s): ALUSI-FULL:v1p27, ALUSI-FULL:v1p29, BAQILLANI:v1p51, BINTSHATI-IJAZ:p53, BINTSHATI-IJAZ:p164, BURHAN:v2p111, BURHAN:v3p35, BURHAN:v4p104, ELMALILI:v1p103, JURJANI-DALAIL:v1p39, JURJANI-DALAIL:v1p179
quotes 36:69: «الشعر وما» in 16 segment(s): ALUSI-FULL:v1p27, BAQILLANI:v1p51, BINTSHATI-IJAZ:p49, BINTSHATI-IJAZ:p53, BINTSHATI-IJAZ:p164, BURHAN:v1p55, BURHAN:v2p111, BURHAN:v4p104, ELMALILI:v1p103, IBNASHUR-FULL:v1p125, ITQAN:v3p260, JURJANI-DALAIL:v1p39 …
NOTE quotes 36:69: window «ينبغي له» in 42 segments, too common alone; the longer windows that contain it are used instead
quotes 36:69: «ذكر وقران» in 6 segment(s): BAQILLANI:v1p51, BINTSHATI-IJAZ:p53, BINTSHATI-IJAZ:p164, BURHAN:v2p111, BURHAN:v4p104, JURJANI-DALAIL:v1p179
quotes 36:69: «وما ينبغي له» in 12 segment(s): ALUSI-FULL:v1p27, BAQILLANI:v1p51, BINTSHATI-IJAZ:p53, BINTSHATI-IJAZ:p164, BUKHARI:3193, BURHAN:v2p111, BURHAN:v4p104, ELMALILI:v1p103, IBNHISHAM:v2p493, JURJANI-DALAIL:v1p39, JURJANI-DALAIL:v1p179, MUSNAD-AHMAD:9114
quotes 36:69: «ينبغي له ان» in 61 segment(s): BAQILLANI:v1p51, BINTSHATI-IJAZ:p53, BINTSHATI-IJAZ:p164, BUKHARI:3193, BURHAN:v2p111, BURHAN:v2p135, BURHAN:v3p398, BURHAN:v4p104, IBNHIBBAN:266, IBNHIBBAN:267, IBNHISHAM:v1p180, IBNMAJAH:195 …
quotes 36:69: «له ان هو» in 6 segment(s): BAQILLANI:v1p51, BINTSHATI-IJAZ:p53, BINTSHATI-IJAZ:p164, BURHAN:v2p111, BURHAN:v4p104, JURJANI-DALAIL:v1p179
quotes 36:70: 11 unique window(s): لينذر من | كان حيا | حيا ويحق | ويحق القول | القول علي | لينذر من كان | من كان حيا | كان حيا ويحق | حيا ويحق القول | ويحق القول علي | القول علي الكافرين
quotes 36:70: «لينذر من» in 5 segment(s): BINTSHATI-IJAZ:p53, BINTSHATI-IJAZ:p164, BURHAN:v1p453, IBNJAWZI-NUZHA:v1p253, NASHR:v2p354#2
quotes 36:70: «كان حيا» in 8 segment(s): BAQILLANI:v1p134, BINTSHATI-IJAZ:p53, BINTSHATI-IJAZ:p164, BURHAN:v1p453, DAMGHANI:v1p150, IBNASHUR-FULL:v1p128, IBNJAWZI-NUZHA:v1p253, RAZI-FULL:v1p20
quotes 36:70: «حيا ويحق» in 3 segment(s): BAQILLANI:v1p134, BINTSHATI-IJAZ:p53, BINTSHATI-IJAZ:p164
quotes 36:70: «ويحق القول» in 3 segment(s): BAQILLANI:v1p134, BINTSHATI-IJAZ:p53, BINTSHATI-IJAZ:p164
quotes 36:70: «القول علي» in 19 segment(s): BAQILLANI:v1p134, BINTSHATI-IJAZ:p53, BINTSHATI-IJAZ:p78, BINTSHATI-IJAZ:p164, BINTSHATI-IJAZ:p516, BURHAN:v1p219, BURHAN:v1p363, BURHAN:v2p246, BURHAN:v3p154, BURHAN:v4p272, IBNJINNI-MUHTASAB:v1p11#2, IBNJINNI-MUHTASAB:v1p33 …
quotes 37:55: 6 unique window(s): فاطلع فراه | فراه في | في سوا | فاطلع فراه في | فراه في سوا | في سوا الجحيم
quotes 37:55: «فاطلع فراه» in 6 segment(s): BINTSHATI-IJAZ:p375, BINTSHATI-IJAZ:p454, DAMGHANI:v1p251, IBNJAWZI-NUZHA:v1p359, IBNQUTAYBA-MUSHKIL:v1p278#3, JISHUMI:v1p542
quotes 37:55: «فراه في» in 6 segment(s): BINTSHATI-IJAZ:p375, BINTSHATI-IJAZ:p454, DAMGHANI:v1p251, IBNJAWZI-NUZHA:v1p359, IBNQUTAYBA-MUSHKIL:v1p278#3, JISHUMI:v1p542
quotes 37:55: «في سوا» in 13 segment(s): BINTSHATI-IJAZ:p375, BINTSHATI-IJAZ:p454, BURHAN:v4p174, DAMGHANI:v1p251, IBNJAWZI-NUZHA:v1p359, IBNQUTAYBA-MUSHKIL:v1p278#3, ITQAN:v2p363, ITQAN:v2p475#2, JISHUMI:v1p542, NASHR:v2p325, NASHR:v2p366, NASHR:v2p371#2 …
quotes 37:140: 6 unique window(s): اذ ابق | ابق الي | الي الفلك | اذ ابق الي | ابق الي الفلك | الي الفلك المشحون
quotes 37:140: «اذ ابق» in 2 segment(s): BINTSHATI-IJAZ:p395, IBNQUTAYBA-MUSHKIL:v1p233
quotes 37:140: «ابق الي» in 2 segment(s): BINTSHATI-IJAZ:p395, IBNQUTAYBA-MUSHKIL:v1p233
quotes 37:140: «الي الفلك» in 3 segment(s): BINTSHATI-IJAZ:p395, IBNQUTAYBA-MUSHKIL:v1p233, JURJANI-ASRAR:v1p245
quotes 37:141: 6 unique window(s): فساهم | المدحضين | فساهم فكان | من المدحضين | فساهم فكان من | فكان من المدحضين
quotes 37:141: «فساهم» in 1 segment(s): IBNQUTAYBA-MUSHKIL:v1p239#2
quotes 37:141: «المدحضين» in 3 segment(s): BURHAN:v1p106, ITQAN:v2p417, MAJAZ:v2p413
quotes 37:142: 5 unique window(s): فالتقمه | فالتقمه الحوت | الحوت وهو | فالتقمه الحوت وهو | الحوت وهو مليم
quotes 37:142: «فالتقمه» in 3 segment(s): BINTSHATI-IJAZ:p382, IBNJINNI-MUHTASAB:v1p8, IBNQUTAYBA-MUSHKIL:v1p231
quotes 37:142: «الحوت وهو» in 2 segment(s): BINTSHATI-IJAZ:p382, IBNQUTAYBA-MUSHKIL:v1p231
quotes 37:143: 5 unique window(s): المسبحين | فلولا انه | من المسبحين | فلولا انه كان | كان من المسبحين
quotes 37:143: «المسبحين» in 12 segment(s): BURHAN:v1p91, BURHAN:v2p134, BURHAN:v2p144, BURHAN:v4p375, BURHAN:v4p379, IBNJAWZI-NUZHA:v1p532, IBNQUTAYBA-MUSHKIL:v1p289, ITQAN:v2p510#2, ITQAN:v2p511, ITQAN:v3p276, SAMARRAI-ASRAR:r3#3, SAMARRAI-LAMASAT-HALAQAT:p42
quotes 37:143: «فلولا انه» in 15 segment(s): BAQILLANI:v1p9, BAQILLANI:v1p11, BURHAN:v2p134, BURHAN:v4p350, BURHAN:v4p375, BURHAN:v4p379, IBNJAWZI-NUZHA:v1p532, IBNKATHIR-FULL:v1p53, IBNQUTAYBA-MUSHKIL:v1p289, ITQAN:v2p510#2, ITQAN:v2p511, JURJANI-ASRAR:v1p262#2 …
quotes 37:144: 7 unique window(s): للبث | للبث في | في بطنه | بطنه اليا | للبث في بطنه | في بطنه اليا | بطنه اليا يوم
quotes 37:144: «للبث» in 6 segment(s): BURHAN:v4p375, BURHAN:v4p379, IBNJAWZI-NUZHA:v1p532, IBNQUTAYBA-MUSHKIL:v1p289, ITQAN:v2p510#2, SAMARRAI-ASRAR:r3#3
quotes 37:144: «في بطنه» in 6 segment(s): BURHAN:v2p427, BURHAN:v4p375, IBNJAWZI-NUZHA:v1p532, IBNQUTAYBA-MUSHKIL:v1p289, RAZI-FULL:v1p75, SAMARRAI-ASRAR:r3#3
quotes 37:144: «بطنه اليا» in 0 segment(s): 
quotes 38:7: 10 unique window(s): المله | اختلاق | في المله | المله الاخره | الا اختلاق | بهاذا في المله | في المله الاخره | المله الاخره ان | الاخره ان هاذا | هاذا الا اختلاق
quotes 38:7: «المله» in 37 segment(s): ALUSI-FULL:v1p37, BAQILLANI:v1p18, BAQILLANI:v1p49, BAQILLANI:v1p292, BINTSHATI-IJAZ:p145, BINTSHATI-IJAZ:p163, BINTSHATI-IJAZ:p402, BURHAN:v1p288, BURHAN:v2p49, DAMGHANI:v1p23, DAMGHANI:v1p175, DAMGHANI:v1p178 …
quotes 38:7: «اختلاق» in 8 segment(s): BAQILLANI:v1p18, BINTSHATI:v1p17, BINTSHATI-IJAZ:p163, BINTSHATI-IJAZ:p402, DAMGHANI:v1p162, IBNJAWZI-NUZHA:v1p283, IBNQUTAYBA-MUSHKIL:v1p273#2, ITQAN:v2p328
quotes 38:7: «الاخره ان هاذا» in 0 segment(s): 
quotes 39:17: 21 unique window(s): يعبدوها | وانابوا | فبشر | والذين اجتنبوا | اجتنبوا الطاغوت | الطاغوت ان | ان يعبدوها | يعبدوها وانابوا | وانابوا الي | البشريا فبشر | فبشر عباد | والذين اجتنبوا الطاغوت | اجتنبوا الطاغوت ان | الطاغوت ان يعبدوها | ان يعبدوها وانابوا | يعبدوها وانابوا الي | وانابوا الي الله | الي الله لهم | الله لهم البشريا | لهم البشريا فبشر | البشريا فبشر عباد
quotes 39:17: «يعبدوها» in 6 segment(s): BURHAN:v4p418, DAMGHANI:v1p293, IBNJAWZI-NUZHA:v1p410#2, ITQAN:v3p139, SAMARRAI-LAMASAT-HALAQAT:p1010, SIBAWAYH:(هذابابتسميةالمذكربالمؤنث)#539
quotes 39:17: «وانابوا» in 1 segment(s): IBNQUTAYBA-MUSHKIL:v1p231
quotes 39:17: «فبشر» in 12 segment(s): BURHAN:v1p100, BURHAN:v1p404, IBNASHUR-FULL:v1p5, IBNJAWZI-NUZHA:v1p486, NASHR:v2p163, NASHR:v2p180, NASHR:v2p187, NASHR:v2p189, NASHR:v2p193, NASHR:v2p363, SAMARRAI-LAMASAT-HALAQAT:p769, SAMARRAI-LAMASAT-HALAQAT:p1059
quotes 39:17: «والذين اجتنبوا» in 6 segment(s): BURHAN:v4p418, DAMGHANI:v1p293, IBNJAWZI-NUZHA:v1p410#2, ITQAN:v3p139, SAMARRAI-LAMASAT-HALAQAT:p1010, SIBAWAYH:(هذابابتسميةالمذكربالمؤنث)#539
quotes 39:17: «اجتنبوا الطاغوت» in 6 segment(s): BURHAN:v4p418, DAMGHANI:v1p293, IBNJAWZI-NUZHA:v1p410#2, ITQAN:v3p139, SAMARRAI-LAMASAT-HALAQAT:p1010, SIBAWAYH:(هذابابتسميةالمذكربالمؤنث)#539
quotes 39:17: «الطاغوت ان» in 6 segment(s): BURHAN:v4p418, DAMGHANI:v1p293, IBNJAWZI-NUZHA:v1p410#2, ITQAN:v3p139, SAMARRAI-LAMASAT-HALAQAT:p1010, SIBAWAYH:(هذابابتسميةالمذكربالمؤنث)#539
quotes 39:17: «الي الله لهم» in 0 segment(s): 
quotes 39:17: «الله لهم البشريا» in 0 segment(s): 
quotes 39:18: 19 unique window(s): احسنه | الذين يستمعون | يستمعون القول | القول فيتبعون | فيتبعون احسنه | احسنه اولايك | الذين هدياهم | هدياهم الله | هم اولوا | الذين يستمعون القول | يستمعون القول فيتبعون | القول فيتبعون احسنه | فيتبعون احسنه اولايك | احسنه اولايك الذين | اولايك الذين هدياهم | الذين هدياهم الله | هدياهم الله واولايك | واولايك هم اولوا | هم اولوا الالباب
quotes 39:18: «احسنه» in 9 segment(s): BURHAN:v1p36, IBNJAWZI-NUZHA:v1p486, IBNJINNI-MUHTASAB:v1p16#2, ITQAN:v3p288, SAMARRAI-LAMASAT-HALAQAT:p769, SAMARRAI-LAMASAT-HALAQAT:p1059, SIBAWAYH:وذلكقولكالناسمجزيونبأعمالهمإنخيرافخيروإنشرافشروالمرء#103, SIBAWAYH:فالحروفالتيتشركالواووالفاءوثموأووذلكقولكأريدأنتأتينيثم#480, SIBAWAYH:(هذابابمالايجوزفيهماأفعله)#704
quotes 39:18: «الذين يستمعون» in 6 segment(s): IBNJAWZI-NUZHA:v1p486, NASHR:v2p187, SAMARRAI-ASRAR-MUH:p20, SAMARRAI-LAMASAT-HALAQAT:p471, SAMARRAI-LAMASAT-HALAQAT:p899, SAMARRAI-LAMASAT-HALAQAT:p1059
quotes 39:18: «يستمعون القول» in 3 segment(s): IBNJAWZI-NUZHA:v1p486, SAMARRAI-LAMASAT-HALAQAT:p769, SAMARRAI-LAMASAT-HALAQAT:p1059
quotes 39:18: «القول فيتبعون» in 3 segment(s): IBNJAWZI-NUZHA:v1p486, SAMARRAI-LAMASAT-HALAQAT:p769, SAMARRAI-LAMASAT-HALAQAT:p1059
quotes 39:18: «الذين هدياهم» in 0 segment(s): 
quotes 39:18: «هدياهم الله» in 0 segment(s): 
quotes 39:18: «هم اولوا» in 0 segment(s): 
quotes 39:21: 29 unique window(s): فسلكه | ينابيع | ما فسلكه | فسلكه ينابيع | ينابيع في | ثم يخرج | يخرج به | زرعا مختلفا | الوانه ثم | يجعله حطاما | حطاما ان | لذكريا لاولي | السما ما فسلكه | ما فسلكه ينابيع | فسلكه ينابيع في | ينابيع في الارض | الارض ثم يخرج | ثم يخرج به | يخرج به زرعا | به زرعا مختلفا | زرعا مختلفا الوانه | مختلفا الوانه ثم | الوانه ثم يهيج | مصفرا ثم يجعله | ثم يجعله حطاما | يجعله حطاما ان | حطاما ان في | ذالك لذكريا لاولي | لذكريا لاولي الالباب
quotes 39:21: «فسلكه» in 4 segment(s): BINTSHATI-IJAZ:p225, IBNJAWZI-NUZHA:v1p549, SAMARRAI-LAMASAT:p112, SAMARRAI-LAMASAT-HALAQAT:p90
quotes 39:21: «ينابيع» in 8 segment(s): BINTSHATI-IJAZ:p225, BURHAN:v1p4, BURHAN:v2p176, IBNJAWZI-NUZHA:v1p549, JURJANI-DALAIL:v1p371, MAJAZ:v2p444#2, SAMARRAI-LAMASAT:p112, SAMARRAI-LAMASAT-HALAQAT:p90
quotes 39:21: «ثم يخرج» in 6 segment(s): BINTSHATI-IJAZ:p225, BURHAN:v3p433, JISHUMI:v1p456, JISHUMI:v1p801, JURJANI-ASRAR:v1p120, JURJANI-DALAIL:v1p101
quotes 39:21: «يخرج به» in 8 segment(s): BINTSHATI-IJAZ:p203, BINTSHATI-IJAZ:p225, BINTSHATI-IJAZ:p578, JURJANI-ASRAR:v1p219, JURJANI-ASRAR:v1p264, JURJANI-DALAIL:v1p300, NASHR:v2p264, SIBAWAYH:(هذابابتكسيرماعدةحروفهأربعةأحرفللجمع)#660
quotes 39:21: «زرعا مختلفا» in 1 segment(s): BINTSHATI-IJAZ:p225
quotes 39:21: «الوانه ثم» in 1 segment(s): BINTSHATI-IJAZ:p225
quotes 39:21: «يجعله حطاما» in 1 segment(s): BINTSHATI-IJAZ:p225
quotes 39:21: «حطاما ان» in 0 segment(s): 
quotes 39:21: «لذكريا لاولي» in 0 segment(s): 
quotes 39:21: «مصفرا ثم يجعله» in 1 segment(s): BINTSHATI-IJAZ:p225
quotes 39:42: 37 unique window(s): منامها | فيمسك | الله يتوفي | يتوفي الانفس | الانفس حين | حين موتها | موتها والتي | والتي لم | لم تمت | تمت في | في منامها | منامها فيمسك | فيمسك التي | التي قضيا | قضيا عليها | عليها الموت | الموت ويرسل | ويرسل الاخريا | الاخريا اليا | الله يتوفي الانفس | يتوفي الانفس حين | الانفس حين موتها | حين موتها والتي | موتها والتي لم | والتي لم تمت | لم تمت في | تمت في منامها | في منامها فيمسك | منامها فيمسك التي | فيمسك التي قضيا | التي قضيا عليها | قضيا عليها الموت | عليها الموت ويرسل | الموت ويرسل الاخريا | ويرسل الاخريا اليا | الاخريا اليا اجل | مسمي ان في
quotes 39:42: «منامها» in 4 segment(s): DAMGHANI:v1p490, IBNJAWZI-NUZHA:v1p213, SAMARRAI-ASRAR:r7#2, SAMARRAI-LAMASAT:p115
quotes 39:42: «فيمسك» in 4 segment(s): IBNJAWZI-NUZHA:v1p508, IBNQUTAYBA-MUSHKIL:v1p247, ITQAN:v3p247#2, SAMARRAI-ASRAR:r7#2
quotes 39:42: «الله يتوفي» in 8 segment(s): BURHAN:v2p64, BURHAN:v3p354, DAMGHANI:v1p462, IBNJAWZI-NUZHA:v1p213, ITQAN:v3p107, ITQAN:v3p247#2, SAMARRAI-ASRAR:r7#2, SAMARRAI-LAMASAT:p115
quotes 39:42: «يتوفي الانفس» in 10 segment(s): BURHAN:v2p64, BURHAN:v3p354, DAMGHANI:v1p462, DAMGHANI:v1p490, IBNJAWZI-NUZHA:v1p213, IBNQUTAYBA-GHARIB:v1p24, ITQAN:v3p107, ITQAN:v3p247#2, SAMARRAI-ASRAR:r7#2, SAMARRAI-LAMASAT:p115
quotes 39:42: «الانفس حين» in 6 segment(s): DAMGHANI:v1p462, DAMGHANI:v1p490, IBNJAWZI-NUZHA:v1p213, ITQAN:v3p247#2, SAMARRAI-ASRAR:r7#2, SAMARRAI-LAMASAT:p115
quotes 39:42: «حين موتها» in 6 segment(s): DAMGHANI:v1p462, DAMGHANI:v1p490, IBNJAWZI-NUZHA:v1p213, ITQAN:v3p247#2, SAMARRAI-ASRAR:r7#2, SAMARRAI-LAMASAT:p115
quotes 39:42: «موتها والتي» in 4 segment(s): DAMGHANI:v1p490, IBNJAWZI-NUZHA:v1p213, SAMARRAI-ASRAR:r7#2, SAMARRAI-LAMASAT:p115
quotes 39:42: «والتي لم» in 6 segment(s): BINTSHATI-IJAZ:p135, DAMGHANI:v1p490, IBNJAWZI-NUZHA:v1p213, ITQAN:v3p247#2, SAMARRAI-ASRAR:r7#2, SAMARRAI-LAMASAT:p115
quotes 39:42: «لم تمت» in 5 segment(s): DAMGHANI:v1p490, IBNJAWZI-NUZHA:v1p213, IBNQUTAYBA-MUSHKIL:v1p73, SAMARRAI-ASRAR:r7#2, SAMARRAI-LAMASAT:p115
quotes 39:42: «تمت في» in 4 segment(s): DAMGHANI:v1p490, IBNJAWZI-NUZHA:v1p213, SAMARRAI-ASRAR:r7#2, SAMARRAI-LAMASAT:p115
quotes 39:42: «التي قضيا» in 0 segment(s): 
quotes 39:42: «قضيا عليها» in 0 segment(s): 
quotes 39:42: «عليها الموت» in 4 segment(s): IBNJAWZI-NUZHA:v1p508, IBNQUTAYBA-MUSHKIL:v1p247, NASHR:v2p362#2, SAMARRAI-ASRAR:r7#2
quotes 39:42: «الموت ويرسل» in 1 segment(s): SAMARRAI-ASRAR:r7#2
quotes 39:42: «ويرسل الاخريا» in 0 segment(s): 
quotes 39:42: «الاخريا اليا» in 0 segment(s): 
quotes 39:42: «مسمي ان في» in 0 segment(s): 
quotes 39:53: 24 unique window(s): اسرفوا | تقنطوا | قل ياعبادي | الذين اسرفوا | اسرفوا عليا | انفسهم لا | لا تقنطوا | تقنطوا من | الله يغفر | الذنوب جميعا | قل ياعبادي الذين | ياعبادي الذين اسرفوا | الذين اسرفوا عليا | اسرفوا عليا انفسهم | عليا انفسهم لا | انفسهم لا تقنطوا | لا تقنطوا من | تقنطوا من رحمه | من رحمه الله | رحمه الله ان | ان الله يغفر | الله يغفر الذنوب | يغفر الذنوب جميعا | الذنوب جميعا انه
quotes 39:53: «اسرفوا» in 23 segment(s): BURHAN:v1p202, BURHAN:v1p404, BURHAN:v1p446, BURHAN:v2p118, BURHAN:v2p250, BURHAN:v3p180, DAMGHANI:v1p235, DAMGHANI:v1p314, IBNASHUR-FULL:v1p122, IBNJAWZI-NUZHA:v1p363, ITQAN:v1p36, ITQAN:v3p92 …
quotes 39:53: «تقنطوا» in 12 segment(s): BURHAN:v2p118, BURHAN:v2p250, DAMGHANI:v1p235, DAMGHANI:v1p498, IBNASHUR-FULL:v1p122, IBNJAWZI-NUZHA:v1p363, ITQAN:v4p426, NASHR:v2p362#2, SAMARRAI-LAMASAT-HALAQAT:p769, SAMARRAI-LAMASAT-HALAQAT:p770, SAMARRAI-LAMASAT-HALAQAT:p886, SAMARRAI-LAMASAT-HALAQAT:p1059
quotes 39:53: «قل ياعبادي» in 0 segment(s): 
quotes 39:53: «انفسهم لا» in 12 segment(s): BURHAN:v2p118, BURHAN:v2p250, DAMGHANI:v1p235, IBNASHUR-FULL:v1p122, IBNJAWZI-NUZHA:v1p363, IBNQUTAYBA-MUSHKIL:v1p218, ITQAN:v4p426, RAZI-FULL:v1p89, SAMARRAI-ASRAR:r3#2, SAMARRAI-LAMASAT-HALAQAT:p769, SAMARRAI-LAMASAT-HALAQAT:p886, SAMARRAI-LAMASAT-HALAQAT:p1059
quotes 39:53: «الله يغفر» in 9 segment(s): BURHAN:v2p118, BURHAN:v4p390, BURHAN:v4p421, IBNASHUR-FULL:v1p122, ITQAN:v3p72, JISHUMI:v1p792, SAMARRAI-LAMASAT-HALAQAT:p769, SAMARRAI-LAMASAT-HALAQAT:p886, SAMARRAI-LAMASAT-HALAQAT:p1059
quotes 39:53: «الذنوب جميعا» in 7 segment(s): BURHAN:v2p118, BURHAN:v4p421, IBNASHUR-FULL:v1p122, SAMARRAI-LAMASAT-HALAQAT:p769, SAMARRAI-LAMASAT-HALAQAT:p886, SAMARRAI-LAMASAT-HALAQAT:p1059, SAMARRAI-LAMASAT-HALAQAT:p1097
quotes 39:53: «من رحمه الله» in 27 segment(s): BUKHARI:4810, BURHAN:v2p118, BURHAN:v2p150, BURHAN:v2p250, DAMGHANI:v1p209, DAMGHANI:v1p235, IBNASHUR-FULL:v1p122, IBNHIBBAN:4559, IBNHISHAM:v1p475, IBNJAWZI-NUZHA:v1p363, IBNMAJAH:2620, ITQAN:v4p426 …
quotes 39:53: «رحمه الله ان» in 41 segment(s): BINTSHATI-IJAZ:p30, BURHAN:v2p118, IBNASHUR-FULL:v1p122, IBNATIYYA-FULL:v1p58, IBNHISHAM:v1p475, MUSNAD-AHMAD:22362, MUSNAD-AHMAD:27569, MUSNAD-AHMAD:27596, MUSNAD-AHMAD:27606, NASHR:v1p257, SAMARRAI-LAMASAT-HALAQAT:p769, SAMARRAI-LAMASAT-HALAQAT:p886 …
quotes 39:55: 10 unique window(s): واتبعوا احسن | العذاب بغته | بغته وانتم | واتبعوا احسن ما | احسن ما انزل | من ربكم من | ربكم من قبل | ياتيكم العذاب بغته | العذاب بغته وانتم | بغته وانتم لا
quotes 39:55: «واتبعوا احسن» in 0 segment(s): 
quotes 39:55: «العذاب بغته» in 1 segment(s): DAMGHANI:v1p320
quotes 39:55: «بغته وانتم» in 0 segment(s): 
quotes 39:55: «احسن ما انزل» in 1 segment(s): IBNHISHAM:v1p475
quotes 39:55: «من ربكم من» in 1 segment(s): IBNHISHAM:v1p475
quotes 39:55: «ربكم من قبل» in 4 segment(s): IBNHISHAM:v1p475, IBNQUTAYBA-MUSHKIL:v1p59, IBNQUTAYBA-MUSHKIL:v1p304, MUSNAD-AHMAD:10978
quotes 39:56: 24 unique window(s): ياحسرتيا | فرطت | الساخرين | تقول نفس | نفس ياحسرتيا | ياحسرتيا عليا | ما فرطت | فرطت في | في جنب | جنب الله | كنت لمن | لمن الساخرين | ان تقول نفس | تقول نفس ياحسرتيا | نفس ياحسرتيا عليا | ياحسرتيا عليا ما | عليا ما فرطت | ما فرطت في | فرطت في جنب | في جنب الله | جنب الله وان | الله وان كنت | وان كنت لمن | كنت لمن الساخرين
quotes 39:56: «ياحسرتيا» in 0 segment(s): 
quotes 39:56: «فرطت» in 13 segment(s): BAQILLANI:v1p145#2, BAQILLANI:v1p281, BURHAN:v2p68, BURHAN:v2p84, BURHAN:v3p96, BURHAN:v3p228, BURHAN:v3p352, DAMGHANI:v1p106, ITQAN:v3p14, ITQAN:v3p19, ITQAN:v3p248#3, ITQAN:v4p456#2 …
quotes 39:56: «الساخرين» in 2 segment(s): DAMGHANI:v1p232, ITQAN:v2p329
quotes 39:56: «تقول نفس» in 7 segment(s): BAQILLANI:v1p281, BURHAN:v3p96, BURHAN:v3p180, BURHAN:v3p228, BURHAN:v4p227, ITQAN:v3p248#3, RUMMANI:v1p108
quotes 39:56: «في جنب» in 15 segment(s): BAQILLANI:v1p281, BURHAN:v1p468, BURHAN:v2p68, BURHAN:v2p84, BURHAN:v3p96, BURHAN:v3p228, BURHAN:v3p344, DAMGHANI:v1p106, ITQAN:v1p29, ITQAN:v3p14, ITQAN:v3p19, ITQAN:v3p248#3 …
quotes 39:56: «جنب الله» in 10 segment(s): BAQILLANI:v1p281, BURHAN:v2p68, BURHAN:v2p84, BURHAN:v3p96, BURHAN:v3p228, DAMGHANI:v1p106, ITQAN:v3p14, ITQAN:v3p19, ITQAN:v3p248#3, RUMMANI:v1p108
quotes 39:56: «كنت لمن» in 1 segment(s): DAMGHANI:v1p232
quotes 39:56: «الله وان كنت» in 9 segment(s): BUKHARI:2661, BUKHARI:4141, BUKHARI:4690, BUKHARI:4750, IBNHIBBAN:4212, IBNHIBBAN:v16p13, IBNHISHAM:v1p670, IBNHISHAM:v2p301#2, MUSLIM:7021
quotes 39:57: 10 unique window(s): تقول لو | الله هدياني | هدياني لكنت | او تقول لو | تقول لو ان | لو ان الله | ان الله هدياني | الله هدياني لكنت | هدياني لكنت من | لكنت من المتقين
quotes 39:57: «تقول لو» in 9 segment(s): BURHAN:v4p364, BURHAN:v4p367, BURHAN:v4p369, IBNQUTAYBA-MUSHKIL:v1p153, JURJANI-ASRAR:v1p169, JURJANI-DALAIL:v1p130, JURJANI-DALAIL:v1p134, JURJANI-DALAIL:v1p136, SIBAWAYH:(هذابابمنأبوابأنتكونأنفيهمبنيةعلىماقبلها)#504
quotes 39:57: «الله هدياني» in 0 segment(s): 
quotes 39:57: «هدياني لكنت» in 0 segment(s): 
quotes 39:57: «لو ان الله» in 14 segment(s): ABUDAWUD:4699, BURHAN:v4p262, BURHAN:v4p364, HAMASA:v1p730#2, IBNHIBBAN:659, IBNKATHIR-FULL:v1p65#3, IBNMAJAH:77, ITQAN:v4p528, MALIK:1718, MUSNAD-AHMAD:10652, MUSNAD-AHMAD:v28p168, MUSNAD-AHMAD:21589 …
quotes 39:57: «لكنت من المتقين» in 2 segment(s): BURHAN:v4p364, ITQAN:v4p528
quotes 39:58: 16 unique window(s): فاكون | تقول حين | حين تري | تري العذاب | لي كره | كره فاكون | فاكون من | او تقول حين | تقول حين تري | حين تري العذاب | تري العذاب لو | العذاب لو ان | ان لي كره | لي كره فاكون | كره فاكون من | فاكون من المحسنين
quotes 39:58: «فاكون» in 1 segment(s): BURHAN:v2p320
quotes 39:58: «تقول حين» in 2 segment(s): JURJANI-DALAIL:v1p154, SIBAWAYH:(هذابابتحقيرمالميكسرعليهواحدللجمعولكنهشيءواحديقععلى#634
quotes 39:58: «حين تري» in 2 segment(s): SIBAWAYH:وذلكقولكزيدكممرةرأيتهوعبداللههللقيتهوعمروهلالقيتهوكذلك#63, SIBAWAYH:(هذابابمجرىنعتالمعرفةعليها)#206
quotes 39:58: «تري العذاب» in 0 segment(s): 
quotes 39:58: «لي كره» in 1 segment(s): BURHAN:v2p320
quotes 39:58: «العذاب لو ان» in 0 segment(s): 
quotes 40:16: 18 unique window(s): بارزون | هم بارزون | بارزون لا | منهم شي | شي لمن | لمن الملك | اليوم لله | يوم هم بارزون | هم بارزون لا | بارزون لا يخفيا | لا يخفيا علي | علي الله منهم | الله منهم شي | منهم شي لمن | شي لمن الملك | لمن الملك اليوم | الملك اليوم لله | اليوم لله الواحد
quotes 40:16: «بارزون» in 5 segment(s): BAQILLANI:v1p198, BAQILLANI:v1p199, BURHAN:v1p418, NASHR:v1p222, NASHR:v2p149
quotes 40:16: «منهم شي» in 1 segment(s): BAQILLANI:v1p198
quotes 40:16: «شي لمن» in 1 segment(s): BAQILLANI:v1p198
quotes 40:16: «لمن الملك» in 6 segment(s): BAQILLANI:v1p66, BAQILLANI:v1p198, BURHAN:v3p284, BURHAN:v4p47, BURHAN:v4p93#2, ZAJJAJ:v1p46#2
quotes 40:16: «اليوم لله» in 4 segment(s): BAQILLANI:v1p66, BAQILLANI:v1p198, BURHAN:v4p47, BURHAN:v4p93#2
quotes 40:16: «لا يخفيا علي» in 0 segment(s): 
quotes 40:16: «علي الله منهم» in 1 segment(s): BAQILLANI:v1p198
quotes 40:60: 24 unique window(s): ادعوني | استجب | عبادتي | سيدخلون | وقال ربكم | ربكم ادعوني | ادعوني استجب | استجب لكم | الذين يستكبرون | عن عبادتي | عبادتي سيدخلون | سيدخلون جهنم | جهنم داخرين | وقال ربكم ادعوني | ربكم ادعوني استجب | ادعوني استجب لكم | استجب لكم ان | لكم ان الذين | ان الذين يستكبرون | الذين يستكبرون عن | يستكبرون عن عبادتي | عن عبادتي سيدخلون | عبادتي سيدخلون جهنم | سيدخلون جهنم داخرين
quotes 40:60: «ادعوني» in 13 segment(s): BURHAN:v2p16, DAMGHANI:v1p173, IBNJAWZI-NUZHA:v1p294, ITQAN:v1p95, ITQAN:v2p329#2, ITQAN:v2p415, ITQAN:v4p527#2, JISHUMI:v1p560, NASHR:v2p163#2, NASHR:v2p365, SAMARRAI-ASRAR:r4#4, SAMARRAI-ASRAR-MUH:p47 …
quotes 40:60: «استجب» in 15 segment(s): BURHAN:v2p16, DAMGHANI:v1p173, IBNJAWZI-NUZHA:v1p294, IBNQUTAYBA-GHARIB:v1p11, ITQAN:v1p95, ITQAN:v2p415, ITQAN:v4p527#2, JISHUMI:v1p560, NASHR:v2p163#2, NASHR:v2p164, NASHR:v2p365, SAMARRAI-ASRAR:r4#4 …
quotes 40:60: «عبادتي» in 6 segment(s): BURHAN:v2p156, ITQAN:v2p558, ITQAN:v4p527#2, SAMARRAI-ASRAR:r4#4, SAMARRAI-ASRAR-MUH:p47, SAMARRAI-LAMASAT-HALAQAT:p498
quotes 40:60: «سيدخلون» in 7 segment(s): ITQAN:v2p558, ITQAN:v4p527#2, NASHR:v2p251, NASHR:v2p365, SAMARRAI-ASRAR:r4#4, SAMARRAI-ASRAR-MUH:p47, SAMARRAI-LAMASAT-HALAQAT:p498
quotes 40:60: «وقال ربكم» in 4 segment(s): NASHR:v2p91, SAMARRAI-ASRAR:r4#4, SAMARRAI-ASRAR-MUH:p47, SAMARRAI-LAMASAT-HALAQAT:p498
quotes 40:60: «الذين يستكبرون» in 6 segment(s): BURHAN:v2p156, ITQAN:v2p558, ITQAN:v4p527#2, SAMARRAI-ASRAR:r4#4, SAMARRAI-ASRAR-MUH:p47, SAMARRAI-LAMASAT-HALAQAT:p498
quotes 40:60: «جهنم داخرين» in 4 segment(s): ITQAN:v4p527#2, SAMARRAI-ASRAR:r4#4, SAMARRAI-ASRAR-MUH:p47, SAMARRAI-LAMASAT-HALAQAT:p498
quotes 40:60: «لكم ان الذين» in 9 segment(s): IBNHIBBAN:890, ITQAN:v4p527#2, MUSNAD-AHMAD:18352, MUSNAD-AHMAD:18386, SAMARRAI-ASRAR:r4#4, SAMARRAI-ASRAR-MUH:p47, SAMARRAI-LAMASAT-HALAQAT:p498, TIRMIDHI:3247, TIRMIDHI:3372
quotes 41:39: 22 unique window(s): اياته انك | انك تري | تري الارض | الارض خاشعه | خاشعه فاذا | وربت ان | الذي احياها | احياها لمحي | الموتيا انه | ومن اياته انك | اياته انك تري | انك تري الارض | تري الارض خاشعه | الارض خاشعه فاذا | خاشعه فاذا انزلنا | اهتزت وربت ان | وربت ان الذي | ان الذي احياها | الذي احياها لمحي | احياها لمحي الموتيا | لمحي الموتيا انه | الموتيا انه عليا
quotes 41:39: «اياته انك» in 3 segment(s): IBNJAWZI-NUZHA:v1p154, IBNJAWZI-NUZHA:v1p276, SAMARRAI-ASRAR:r7#2
quotes 41:39: «انك تري» in 33 segment(s): BAQILLANI:v1p135, BINTSHATI-IJAZ:p32, BINTSHATI-IJAZ:p121, BINTSHATI-IJAZ:p131, IBNJAWZI-NUZHA:v1p154, IBNJAWZI-NUZHA:v1p276, JURJANI-ASRAR:v1p64, JURJANI-ASRAR:v1p86, JURJANI-ASRAR:v1p108, JURJANI-DALAIL:v1p54, JURJANI-DALAIL:v1p72, JURJANI-DALAIL:v1p82 …
quotes 41:39: «تري الارض» in 4 segment(s): IBNJAWZI-NUZHA:v1p154, IBNJAWZI-NUZHA:v1p276, JURJANI-ASRAR:v1p286#2, SAMARRAI-ASRAR:r7#2
quotes 41:39: «الارض خاشعه» in 3 segment(s): IBNJAWZI-NUZHA:v1p154, IBNJAWZI-NUZHA:v1p276, SAMARRAI-ASRAR:r7#2
quotes 41:39: «خاشعه فاذا» in 2 segment(s): IBNJAWZI-NUZHA:v1p154, SAMARRAI-ASRAR:r7#2
quotes 41:39: «وربت ان» in 1 segment(s): SAMARRAI-ASRAR:r7#2
quotes 41:39: «الذي احياها» in 3 segment(s): JURJANI-ASRAR:v1p320, SAMARRAI-ASRAR:r7#2, SAMARRAI-LAMASAT-HALAQAT:p1069
quotes 41:39: «احياها لمحي» in 1 segment(s): SAMARRAI-ASRAR:r7#2
quotes 41:39: «الموتيا انه» in 0 segment(s): 
quotes 42:13: 56 unique window(s): وصيا | تتفرقوا | شرع لكم | ما وصيا | وصيا به | به نوحا | نوحا والذي | وما وصينا | وصينا به | به ابراهيم | وموسيا وعيسيا | وعيسيا ان | ان اقيموا | اقيموا الدين | الدين ولا | ولا تتفرقوا | تتفرقوا فيه | فيه كبر | كبر علي | علي المشركين | المشركين ما | ما تدعوهم | تدعوهم اليه | اليه الله | يجتبي اليه | شرع لكم من | لكم من الدين | الدين ما وصيا | ما وصيا به | وصيا به نوحا | به نوحا والذي | نوحا والذي اوحينا | اوحينا اليك وما | اليك وما وصينا | وما وصينا به | وصينا به ابراهيم | به ابراهيم وموسيا | ابراهيم وموسيا وعيسيا | وموسيا وعيسيا ان | وعيسيا ان اقيموا | ان اقيموا الدين | اقيموا الدين ولا | الدين ولا تتفرقوا | ولا تتفرقوا فيه | تتفرقوا فيه كبر | فيه كبر علي | كبر علي المشركين | علي المشركين ما | المشركين ما تدعوهم | ما تدعوهم اليه | تدعوهم اليه الله | اليه الله يجتبي | الله يجتبي اليه | يجتبي اليه من | اليه من يشا | اليه من ينيب
quotes 42:13: «وصيا» in 0 segment(s): 
quotes 42:13: «تتفرقوا» in 5 segment(s): SAMARRAI-ASRAR:r2#2, SAMARRAI-ASRAR-MUH:p7, SAMARRAI-LAMASAT-HALAQAT:p458, SAMARRAI-LAMASAT-HALAQAT:p895, SAMARRAI-LAMASAT-HALAQAT:p907
quotes 42:13: «شرع لكم» in 9 segment(s): BINTSHATI-IJAZ:p312, BURHAN:v1p253#2, DAMGHANI:v1p442, IBNJAWZI-NUZHA:v1p576, SAMARRAI-ASRAR:r2#2, SAMARRAI-ASRAR-MUH:p7, SAMARRAI-LAMASAT-HALAQAT:p458, SAMARRAI-LAMASAT-HALAQAT:p895, SAMARRAI-LAMASAT-HALAQAT:p907
quotes 42:13: «به نوحا» in 8 segment(s): BINTSHATI-IJAZ:p312, DAMGHANI:v1p442, IBNJAWZI-NUZHA:v1p576, SAMARRAI-ASRAR:r2#2, SAMARRAI-ASRAR-MUH:p7, SAMARRAI-LAMASAT-HALAQAT:p458, SAMARRAI-LAMASAT-HALAQAT:p895, SAMARRAI-LAMASAT-HALAQAT:p907
quotes 42:13: «نوحا والذي» in 5 segment(s): SAMARRAI-ASRAR:r2#2, SAMARRAI-ASRAR-MUH:p7, SAMARRAI-LAMASAT-HALAQAT:p458, SAMARRAI-LAMASAT-HALAQAT:p895, SAMARRAI-LAMASAT-HALAQAT:p907
quotes 42:13: «وما وصينا» in 6 segment(s): NASHR:v2p221, SAMARRAI-ASRAR:r2#2, SAMARRAI-ASRAR-MUH:p7, SAMARRAI-LAMASAT-HALAQAT:p458, SAMARRAI-LAMASAT-HALAQAT:p895, SAMARRAI-LAMASAT-HALAQAT:p907
quotes 42:13: «وصينا به» in 6 segment(s): NASHR:v2p221, SAMARRAI-ASRAR:r2#2, SAMARRAI-ASRAR-MUH:p7, SAMARRAI-LAMASAT-HALAQAT:p458, SAMARRAI-LAMASAT-HALAQAT:p895, SAMARRAI-LAMASAT-HALAQAT:p907
quotes 42:13: «به ابراهيم» in 10 segment(s): BURHAN:v1p183, IBNQUTAYBA-MUSHKIL:v1p258#2, JISHUMI:v1p586, JISHUMI:v2p1009, NASHR:v2p221, SAMARRAI-ASRAR:r2#2, SAMARRAI-ASRAR-MUH:p7, SAMARRAI-LAMASAT-HALAQAT:p458, SAMARRAI-LAMASAT-HALAQAT:p895, SAMARRAI-LAMASAT-HALAQAT:p907
quotes 42:13: «وموسيا وعيسيا» in 0 segment(s): 
quotes 42:13: «وعيسيا ان» in 0 segment(s): 
quotes 42:13: «ان اقيموا» in 5 segment(s): SAMARRAI-ASRAR:r2#2, SAMARRAI-ASRAR-MUH:p7, SAMARRAI-LAMASAT-HALAQAT:p458, SAMARRAI-LAMASAT-HALAQAT:p895, SAMARRAI-LAMASAT-HALAQAT:p907
quotes 42:13: «اقيموا الدين» in 5 segment(s): SAMARRAI-ASRAR:r2#2, SAMARRAI-ASRAR-MUH:p7, SAMARRAI-LAMASAT-HALAQAT:p458, SAMARRAI-LAMASAT-HALAQAT:p895, SAMARRAI-LAMASAT-HALAQAT:p907
quotes 42:13: «الدين ولا» in 12 segment(s): GHARNATI:v1p182, ITQAN:v3p138, ITQAN:v3p161, ITQAN:v4p431, JISHUMI:v1p480, JISHUMI:v1p705, JISHUMI:v1p706, SAMARRAI-ASRAR:r2#2, SAMARRAI-ASRAR-MUH:p7, SAMARRAI-LAMASAT-HALAQAT:p458, SAMARRAI-LAMASAT-HALAQAT:p895, SAMARRAI-LAMASAT-HALAQAT:p907
quotes 42:13: «فيه كبر» in 4 segment(s): SAMARRAI-ASRAR-MUH:p7, SAMARRAI-LAMASAT-HALAQAT:p458, SAMARRAI-LAMASAT-HALAQAT:p895, SAMARRAI-LAMASAT-HALAQAT:p907
quotes 42:13: «كبر علي» in 6 segment(s): IBNKATHIR-FULL:v1p36, SAMARRAI-ASRAR-MUH:p7, SAMARRAI-LAMASAT-HALAQAT:p458, SAMARRAI-LAMASAT-HALAQAT:p895, SAMARRAI-LAMASAT-HALAQAT:p907, SIBAWAYH:(هذابابايضافيالخصالالتيتكونفيالأشياء)#674
quotes 42:13: «علي المشركين» in 12 segment(s): BURHAN:v3p119, IBNASHUR-FULL:v1p80, IBNQUTAYBA-MUSHKIL:v1p211#2, ITQAN:v1p248, JISHUMI:v1p792, JURJANI-DALAIL:v1p33, JURJANI-DALAIL:v1p101, SAMARRAI-ASRAR-MUH:p7, SAMARRAI-LAMASAT-HALAQAT:p458, SAMARRAI-LAMASAT-HALAQAT:p895, SAMARRAI-LAMASAT-HALAQAT:p907, SIBAWAYH:ولكنهامصادروضعتموضعاواحدالاتتصرففىالكلامتصرفماذكرنامن#131
quotes 42:13: «المشركين ما» in 6 segment(s): SAMARRAI-ASRAR-MUH:p7, SAMARRAI-ASRAR-MUH:p119, SAMARRAI-LAMASAT-HALAQAT:p458, SAMARRAI-LAMASAT-HALAQAT:p568, SAMARRAI-LAMASAT-HALAQAT:p895, SAMARRAI-LAMASAT-HALAQAT:p907
quotes 42:13: «ما تدعوهم» in 4 segment(s): SAMARRAI-ASRAR-MUH:p7, SAMARRAI-LAMASAT-HALAQAT:p458, SAMARRAI-LAMASAT-HALAQAT:p895, SAMARRAI-LAMASAT-HALAQAT:p907
quotes 42:13: «تدعوهم اليه» in 4 segment(s): SAMARRAI-ASRAR-MUH:p7, SAMARRAI-LAMASAT-HALAQAT:p458, SAMARRAI-LAMASAT-HALAQAT:p895, SAMARRAI-LAMASAT-HALAQAT:p907
quotes 42:13: «اليه الله» in 5 segment(s): JISHUMI:v2p1043, SAMARRAI-ASRAR-MUH:p7, SAMARRAI-LAMASAT-HALAQAT:p458, SAMARRAI-LAMASAT-HALAQAT:p895, SAMARRAI-LAMASAT-HALAQAT:p907
quotes 42:13: «يجتبي اليه» in 4 segment(s): SAMARRAI-ASRAR-MUH:p7, SAMARRAI-LAMASAT-HALAQAT:p458, SAMARRAI-LAMASAT-HALAQAT:p895, SAMARRAI-LAMASAT-HALAQAT:p907
quotes 42:13: «لكم من الدين» in 8 segment(s): BINTSHATI-IJAZ:p312, BURHAN:v1p253#2, IBNJAWZI-NUZHA:v1p576, SAMARRAI-ASRAR:r2#2, SAMARRAI-ASRAR-MUH:p7, SAMARRAI-LAMASAT-HALAQAT:p458, SAMARRAI-LAMASAT-HALAQAT:p895, SAMARRAI-LAMASAT-HALAQAT:p907
quotes 42:13: «اوحينا اليك وما» in 5 segment(s): SAMARRAI-ASRAR:r2#2, SAMARRAI-ASRAR-MUH:p7, SAMARRAI-LAMASAT-HALAQAT:p458, SAMARRAI-LAMASAT-HALAQAT:p895, SAMARRAI-LAMASAT-HALAQAT:p907
quotes 42:13: «اليه من يشا» in 4 segment(s): SAMARRAI-ASRAR-MUH:p7, SAMARRAI-LAMASAT-HALAQAT:p458, SAMARRAI-LAMASAT-HALAQAT:p895, SAMARRAI-LAMASAT-HALAQAT:p907
quotes 42:13: «اليه من ينيب» in 4 segment(s): SAMARRAI-ASRAR-MUH:p7, SAMARRAI-LAMASAT-HALAQAT:p458, SAMARRAI-LAMASAT-HALAQAT:p895, SAMARRAI-LAMASAT-HALAQAT:p907
quotes 42:36: 8 unique window(s): فما اوتيتم | وابقيا للذين | فما اوتيتم من | الحيواه الدنيا وما | الدنيا وما عند | خير وابقيا للذين | وابقيا للذين امنوا | للذين امنوا وعليا
quotes 42:36: «فما اوتيتم» in 3 segment(s): BURHAN:v1p128, SAMARRAI-ASRAR:r5#10, SAMARRAI-LAMASAT-HALAQAT:p620
quotes 42:36: «وابقيا للذين» in 0 segment(s): 
quotes 42:36: «الحيواه الدنيا وما» in 0 segment(s): 
quotes 42:36: «الدنيا وما عند» in 1 segment(s): SAMARRAI-LAMASAT-HALAQAT:p620
quotes 42:36: «للذين امنوا وعليا» in 0 segment(s): 
quotes 43:9: 5 unique window(s): ليقولن خلقهن | خلقهن العزيز | والارض ليقولن خلقهن | ليقولن خلقهن العزيز | خلقهن العزيز العليم
quotes 43:9: «ليقولن خلقهن» in 3 segment(s): BURHAN:v4p47, ITQAN:v2p533, ITQAN:v2p575#3
quotes 43:9: «خلقهن العزيز» in 5 segment(s): BURHAN:v4p47, BURHAN:v4p48, ITQAN:v2p533, ITQAN:v2p575#3, ITQAN:v3p161#2
quotes 43:10: 7 unique window(s): مهدا وجعل | سبلا لعلكم | الارض مهدا وجعل | مهدا وجعل لكم | وجعل لكم فيها | فيها سبلا لعلكم | سبلا لعلكم تهتدون
quotes 43:10: «مهدا وجعل» in 0 segment(s): 
quotes 43:10: «سبلا لعلكم» in 1 segment(s): IBNJAWZI-NUZHA:v1p627
quotes 43:10: «وجعل لكم فيها» in 2 segment(s): BURHAN:v1p130, IBNJAWZI-NUZHA:v1p627
quotes 43:11: 10 unique window(s): فانشرنا | والذي نزل | بقدر فانشرنا | فانشرنا به | كذالك تخرجون | والذي نزل من | ما بقدر فانشرنا | بقدر فانشرنا به | فانشرنا به بلده | ميتا كذالك تخرجون
quotes 43:11: «فانشرنا» in 6 segment(s): DAMGHANI:v1p453, IBNJAWZI-NUZHA:v1p569, IBNJAWZI-NUZHA:v1p583, MAJAZ:v2p444#2, NASHR:v2p26#3, RUMMANI:v1p89
quotes 43:11: «والذي نزل» in 3 segment(s): BURHAN:v1p153, SAMARRAI-LAMASAT:p9, SAMARRAI-LAMASAT-HALAQAT:p6
quotes 43:11: «كذالك تخرجون» in 0 segment(s): 
quotes 43:12: 14 unique window(s): تركبون | والذي خلق | كلها وجعل | من الفلك | الفلك والانعام | والانعام ما | ما تركبون | والذي خلق الازواج | الازواج كلها وجعل | كلها وجعل لكم | لكم من الفلك | من الفلك والانعام | الفلك والانعام ما | والانعام ما تركبون
quotes 43:12: «تركبون» in 4 segment(s): BURHAN:v4p130, DAMGHANI:v1p209, IBNJAWZI-NUZHA:v1p566, ITQAN:v3p23
quotes 43:12: «والذي خلق» in 1 segment(s): SAMARRAI-ASRAR:r12
quotes 43:12: «كلها وجعل» in 0 segment(s): 
quotes 43:12: «من الفلك» in 5 segment(s): BURHAN:v4p130, DAMGHANI:v1p209, IBNJAWZI-NUZHA:v1p566, JURJANI-ASRAR:v1p216, RUMMANI:v1p84
quotes 43:12: «الفلك والانعام» in 3 segment(s): BURHAN:v4p130, DAMGHANI:v1p209, IBNJAWZI-NUZHA:v1p566
quotes 43:12: «والانعام ما» in 4 segment(s): BURHAN:v4p130, DAMGHANI:v1p168, DAMGHANI:v1p209, IBNJAWZI-NUZHA:v1p566
quotes 43:13: 36 unique window(s): لتستوا | ظهوره | استويتم | وتقولوا | لتستوا عليا | عليا ظهوره | ظهوره ثم | ثم تذكروا | تذكروا نعمه | نعمه ربكم | ربكم اذا | اذا استويتم | استويتم عليه | عليه وتقولوا | وتقولوا سبحان | سخر لنا | كنا له | له مقرنين | لتستوا عليا ظهوره | عليا ظهوره ثم | ظهوره ثم تذكروا | ثم تذكروا نعمه | تذكروا نعمه ربكم | نعمه ربكم اذا | ربكم اذا استويتم | اذا استويتم عليه | استويتم عليه وتقولوا | عليه وتقولوا سبحان | وتقولوا سبحان الذي | سبحان الذي سخر | الذي سخر لنا | سخر لنا هاذا | لنا هاذا وما | هاذا وما كنا | وما كنا له | كنا له مقرنين
quotes 43:13: «لتستوا» in 0 segment(s): 
quotes 43:13: «ظهوره» in 13 segment(s): ALUSI-FULL:v1p17, BURHAN:v2p176, BURHAN:v2p398, BURHAN:v2p458, BURHAN:v3p110, BURHAN:v4p147, BURHAN:v4p204, BURHAN:v4p230, ITQAN:v3p300, JURJANI-ASRAR:v1p108, JURJANI-ASRAR:v1p116, JURJANI-ASRAR:v1p152 …
quotes 43:13: «استويتم» in 2 segment(s): DAMGHANI:v1p253, IBNJAWZI-NUZHA:v1p152
quotes 43:13: «وتقولوا» in 2 segment(s): JISHUMI:v1p899, JURJANI-DALAIL:v1p47
quotes 43:13: «ثم تذكروا» in 2 segment(s): DAMGHANI:v1p253, IBNJAWZI-NUZHA:v1p152
quotes 43:13: «تذكروا نعمه» in 2 segment(s): DAMGHANI:v1p253, IBNJAWZI-NUZHA:v1p152
quotes 43:13: «نعمه ربكم» in 2 segment(s): DAMGHANI:v1p253, IBNJAWZI-NUZHA:v1p152
quotes 43:13: «ربكم اذا» in 2 segment(s): DAMGHANI:v1p253, IBNJAWZI-NUZHA:v1p152
quotes 43:13: «سخر لنا» in 3 segment(s): BINTSHATI-IJAZ:p395, BURHAN:v1p481, DAMGHANI:v1p378
quotes 43:13: «كنا له» in 4 segment(s): BAQILLANI:v1p52, BURHAN:v1p481, DAMGHANI:v1p378, ITQAN:v2p329#5
quotes 43:13: «له مقرنين» in 4 segment(s): BAQILLANI:v1p52, BURHAN:v1p481, DAMGHANI:v1p378, ITQAN:v2p329#5
quotes 43:13: «سبحان الذي سخر» in 16 segment(s): ABUDAWUD:2599, ABUDAWUD:2602, BURHAN:v1p481, DAMGHANI:v1p378, IBNHIBBAN:2695, IBNHIBBAN:2696, IBNHIBBAN:2697, IBNHIBBAN:2698, MUSLIM:3275, MUSNAD-AHMAD:753, MUSNAD-AHMAD:930, MUSNAD-AHMAD:1056 …
quotes 43:13: «لنا هاذا وما» in 0 segment(s): 
quotes 43:13: «هاذا وما كنا» in 0 segment(s): 
quotes 43:14: 5 unique window(s): لمنقلبون | وانا اليا | ربنا لمنقلبون | وانا اليا ربنا | اليا ربنا لمنقلبون
quotes 43:14: «لمنقلبون» in 2 segment(s): SAMARRAI-LAMASAT-HALAQAT:p747, SAMARRAI-LAMASAT-HALAQAT:p749
quotes 43:14: «وانا اليا» in 0 segment(s): 
quotes 43:23: 9 unique window(s): مقتدون | وكذالك ما | ما ارسلنا | اثارهم مقتدون | وكذالك ما ارسلنا | ما ارسلنا من | قبلك في قريه | مترفوها انا وجدنا | عليا اثارهم مقتدون
quotes 43:23: «مقتدون» in 0 segment(s): 
quotes 43:23: «وكذالك ما» in 0 segment(s): 
quotes 43:23: «ما ارسلنا» in 1 segment(s): BURHAN:v3p68#3
quotes 43:23: «قبلك في قريه» in 1 segment(s): BURHAN:v3p68#3
quotes 43:23: «مترفوها انا وجدنا» in 0 segment(s): 
quotes 43:43: 9 unique window(s): فاستمسك | فاستمسك بالذي | بالذي اوحي | اليك انك | فاستمسك بالذي اوحي | بالذي اوحي اليك | اوحي اليك انك | اليك انك عليا | انك عليا صراط
quotes 43:43: «فاستمسك» in 4 segment(s): BINTSHATI-IJAZ:p174, BURHAN:v2p380, DAMGHANI:v1p434, IBNJAWZI-NUZHA:v1p157
quotes 43:43: «بالذي اوحي» in 3 segment(s): BINTSHATI-IJAZ:p174, DAMGHANI:v1p434, IBNJAWZI-NUZHA:v1p157
quotes 43:43: «اليك انك» in 2 segment(s): BINTSHATI-IJAZ:p174, JURJANI-DALAIL:v1p207
quotes 43:43: «انك عليا صراط» in 0 segment(s): 
quotes 43:44: 10 unique window(s): ولقومك | وانه لذكر | لذكر لك | لك ولقومك | ولقومك وسوف | وسوف تسلون | وانه لذكر لك | لذكر لك ولقومك | لك ولقومك وسوف | ولقومك وسوف تسلون
quotes 43:44: «ولقومك» in 11 segment(s): BAQILLANI:v1p22, BAQILLANI:v1p76, BINTSHATI-IJAZ:p174, DAMGHANI:v1p180, IBNJAWZI-NUZHA:v1p303, IBNQUTAYBA-MUSHKIL:v1p95, ITQAN:v1p144, JISHUMI:v1p195, JISHUMI:v1p650, MAWARDI-FULL:v1p24, TAB-FULL:v1p96
quotes 43:44: «وانه لذكر» in 13 segment(s): BAQILLANI:v1p22, BAQILLANI:v1p76, BINTSHATI-IJAZ:p174, DAMGHANI:v1p180, IBNJAWZI-NUZHA:v1p303, IBNQUTAYBA-MUSHKIL:v1p95, ITQAN:v1p144, ITQAN:v2p329#5, ITQAN:v2p415, JISHUMI:v1p195, JISHUMI:v1p650, MAWARDI-FULL:v1p24 …
quotes 43:44: «لذكر لك» in 13 segment(s): BAQILLANI:v1p22, BAQILLANI:v1p76, BINTSHATI-IJAZ:p174, DAMGHANI:v1p180, IBNJAWZI-NUZHA:v1p303, IBNQUTAYBA-MUSHKIL:v1p95, ITQAN:v1p144, ITQAN:v2p415, JISHUMI:v1p195, JISHUMI:v1p650, MAWARDI-FULL:v1p24, NASHR:v1p279 …
quotes 43:44: «وسوف تسلون» in 0 segment(s): 
quotes 43:75: 9 unique window(s): يفتر | لا يفتر | يفتر عنهم | عنهم وهم | وهم فيه | لا يفتر عنهم | يفتر عنهم وهم | عنهم وهم فيه | وهم فيه مبلسون
quotes 43:75: «يفتر» in 6 segment(s): BINTSHATI-IJAZ:p448, BURHAN:v4p74, IBNQUTAYBA-MUSHKIL:v1p88, JURJANI-ASRAR:v1p270, JURJANI-DALAIL:v1p96, SIBAWAYH:هذابابالساكنالذييكونقبلآخرالحروففيحركلكراهيتهمالتقاء#734
quotes 43:75: «عنهم وهم» in 1 segment(s): IBNQUTAYBA-MUSHKIL:v1p148
quotes 43:75: «وهم فيه» in 2 segment(s): NASHR:v1p215, NASHR:v1p279
quotes 43:77: 15 unique window(s): يامالك | ليقض | ماكثون | ونادوا يامالك | يامالك ليقض | ليقض علينا | علينا ربك | ربك قال | انكم ماكثون | ونادوا يامالك ليقض | يامالك ليقض علينا | ليقض علينا ربك | علينا ربك قال | ربك قال انكم | قال انكم ماكثون
quotes 43:77: «يامالك» in 1 segment(s): SAMARRAI-LAMASAT:p120
quotes 43:77: «ليقض» in 8 segment(s): BURHAN:v2p375, BURHAN:v4p350, DAMGHANI:v1p383, DAMGHANI:v1p450, IBNJAWZI-NUZHA:v1p506#2, IBNQUTAYBA-MUSHKIL:v1p187, ITQAN:v2p498, SAMARRAI-LAMASAT:p120
quotes 43:77: «ماكثون» in 2 segment(s): DAMGHANI:v1p387, SAMARRAI-LAMASAT:p120
quotes 43:77: «علينا ربك» in 8 segment(s): BURHAN:v2p375, BURHAN:v4p350, DAMGHANI:v1p383, DAMGHANI:v1p450, IBNJAWZI-NUZHA:v1p506#2, IBNQUTAYBA-MUSHKIL:v1p187, ITQAN:v2p498, SAMARRAI-LAMASAT:p120
quotes 43:77: «ربك قال» in 13 segment(s): BURHAN:v2p79, BURHAN:v2p86, BURHAN:v2p223, BURHAN:v4p58, ITQAN:v1p75, ITQAN:v2p542, ITQAN:v3p16, ITQAN:v3p17, NASHR:v2p130, NASHR:v2p407, SAMARRAI-LAMASAT:p120, SAMARRAI-LAMASAT-HALAQAT:p587 …
quotes 44:56: 14 unique window(s): الموته | فيها الموت | الموت الا | الا الموته | الموته الاوليا | الاوليا ووقياهم | ووقياهم عذاب | يذوقون فيها الموت | فيها الموت الا | الموت الا الموته | الا الموته الاوليا | الموته الاوليا ووقياهم | الاوليا ووقياهم عذاب | ووقياهم عذاب الجحيم
quotes 44:56: «الموته» in 7 segment(s): BURHAN:v3p47, BURHAN:v3p48, DAMGHANI:v1p35, IBNJAWZI-NUZHA:v1p123, IBNQUTAYBA-MUSHKIL:v1p26, IBNQUTAYBA-MUSHKIL:v1p53#2, NASHR:v2p82
quotes 44:56: «فيها الموت» in 6 segment(s): BURHAN:v3p47, IBNJAWZI-NUZHA:v1p123, IBNQUTAYBA-MUSHKIL:v1p26, IBNQUTAYBA-MUSHKIL:v1p53#2, SAMARRAI-ASRAR:r3#3, SAMARRAI-LAMASAT:p120
quotes 44:56: «الموت الا» in 5 segment(s): BURHAN:v3p47, IBNJAWZI-NUZHA:v1p123, IBNQUTAYBA-MUSHKIL:v1p26, IBNQUTAYBA-MUSHKIL:v1p53#2, SAMARRAI-ASRAR:r2
quotes 44:56: «الاوليا ووقياهم» in 0 segment(s): 
quotes 44:56: «ووقياهم عذاب» in 0 segment(s): 
quotes 44:58: 3 unique window(s): بلسانك لعلهم | يسرناه بلسانك لعلهم | بلسانك لعلهم يتذكرون
quotes 44:58: «بلسانك لعلهم» in 2 segment(s): BINTSHATI-IJAZ:p174, BURHAN:v3p94
quotes 46:4: 15 unique window(s): اثاره | السماوات ايتوني | ايتوني بكتاب | او اثاره | اثاره من | اريتم ما تدعون | في السماوات ايتوني | السماوات ايتوني بكتاب | ايتوني بكتاب من | بكتاب من قبل | قبل هاذا او | هاذا او اثاره | او اثاره من | اثاره من علم | علم ان كنتم
quotes 46:4: «اثاره» in 19 segment(s): BURHAN:v3p375, IBNQUTAYBA-MUSHKIL:v1p108, ITQAN:v4p335, ITQAN:v4p529, JISHUMI:v1p699, JISHUMI:v1p701, JISHUMI:v1p841, JISHUMI:v1p842, JURJANI-ASRAR:v1p108, JURJANI-ASRAR:v1p238, JURJANI-ASRAR:v1p244, JURJANI-DALAIL:v1p99 …
quotes 46:4: «السماوات ايتوني» in 0 segment(s): 
quotes 46:4: «ايتوني بكتاب» in 0 segment(s): 
quotes 46:4: «اريتم ما تدعون» in 0 segment(s): 
quotes 46:4: «بكتاب من قبل» in 0 segment(s): 
quotes 46:4: «قبل هاذا او» in 0 segment(s): 
quotes 46:4: «علم ان كنتم» in 0 segment(s): 
quotes 50:3: 6 unique window(s): ترابا ذالك | ذالك رجع | رجع بعيد | وكنا ترابا ذالك | ترابا ذالك رجع | ذالك رجع بعيد
quotes 50:3: «ترابا ذالك» in 0 segment(s): 
quotes 50:3: «ذالك رجع» in 0 segment(s): 
quotes 50:3: «رجع بعيد» in 4 segment(s): BINTSHATI-IJAZ:p258, BURHAN:v3p333, BURHAN:v4p170, IBNQUTAYBA-MUSHKIL:v1p141
quotes 50:11: 9 unique window(s): واحيينا | رزقا للعباد | للعباد واحيينا | واحيينا به | كذالك الخروج | رزقا للعباد واحيينا | للعباد واحيينا به | واحيينا به بلده | ميتا كذالك الخروج
quotes 50:11: «واحيينا» in 5 segment(s): BURHAN:v3p329, BURHAN:v3p333, BURHAN:v3p358, ITQAN:v3p107, SIBAWAYH:(هذابابتكسيركماكانمامنالصفاتعددحروفهأربعةأحرف)#669
quotes 50:11: «رزقا للعباد» in 0 segment(s): 
quotes 50:11: «كذالك الخروج» in 0 segment(s): 
quotes 51:2: 2 unique window(s): فالحاملات | فالحاملات وقرا
quotes 51:2: «فالحاملات» in 2 segment(s): BAQILLANI:v1p52, BURHAN:v2p114
quotes 51:3: 2 unique window(s): فالجاريات | فالجاريات يسرا
quotes 51:3: «فالجاريات» in 4 segment(s): BAQILLANI:v1p52, BURHAN:v2p114, ITQAN:v4p529#5, NASHR:v2p215
quotes 51:54: 6 unique window(s): بملوم | عنهم فما | انت بملوم | فتول عنهم فما | عنهم فما انت | فما انت بملوم
quotes 51:54: «بملوم» in 1 segment(s): IBNJAWZI-NUZHA:v1p215
quotes 51:54: «عنهم فما» in 1 segment(s): IBNJAWZI-NUZHA:v1p215
quotes 51:55: 7 unique window(s): وذكر فان | فان الذكريا | الذكريا تنفع | تنفع المومنين | وذكر فان الذكريا | فان الذكريا تنفع | الذكريا تنفع المومنين
quotes 51:55: «وذكر فان» in 3 segment(s): BURHAN:v1p16, BURHAN:v2p137, ITQAN:v2p415
quotes 51:55: «فان الذكريا» in 0 segment(s): 
quotes 51:55: «الذكريا تنفع» in 0 segment(s): 
quotes 51:55: «تنفع المومنين» in 2 segment(s): BURHAN:v1p16, BURHAN:v2p137
quotes 53:5: 4 unique window(s): القويا | علمه شديد | شديد القويا | علمه شديد القويا
quotes 53:5: «القويا» in 0 segment(s): 
quotes 53:5: «علمه شديد» in 4 segment(s): BINTSHATI-IJAZ:p250, BINTSHATI-IJAZ:p414, SAMARRAI-LAMASAT-HALAQAT:p48, SAMARRAI-LAMASAT-HALAQAT:p52
quotes 53:7: 3 unique window(s): وهو بالافق | بالافق الاعليا | وهو بالافق الاعليا
quotes 53:7: «وهو بالافق» in 5 segment(s): BINTSHATI-IJAZ:p250, BINTSHATI-IJAZ:p414, BURHAN:v4p113, SAMARRAI-LAMASAT-HALAQAT:p48, SAMARRAI-LAMASAT-HALAQAT:p53
quotes 53:7: «بالافق الاعليا» in 0 segment(s): 
quotes 53:23: 13 unique window(s): وما تهوي | تهوي الانفس | الانفس ولقد | ربهم الهديا | هي الا اسما | سلطان ان يتبعون | الا الظن وما | الظن وما تهوي | وما تهوي الانفس | تهوي الانفس ولقد | الانفس ولقد جاهم | جاهم من ربهم | من ربهم الهديا
quotes 53:23: «وما تهوي» in 4 segment(s): BINTSHATI-IJAZ:p105, DAMGHANI:v1p460, DAMGHANI:v1p477, RUMMANI:v1p76
quotes 53:23: «تهوي الانفس» in 5 segment(s): BINTSHATI-IJAZ:p105, DAMGHANI:v1p460, DAMGHANI:v1p477, JISHUMI:v1p480, RUMMANI:v1p76
quotes 53:23: «الانفس ولقد» in 0 segment(s): 
quotes 53:23: «ربهم الهديا» in 0 segment(s): 
quotes 53:23: «هي الا اسما» in 2 segment(s): DAMGHANI:v1p246, KALBI-ASNAM:v1p18
quotes 53:23: «سلطان ان يتبعون» in 0 segment(s): 
quotes 53:23: «الا الظن وما» in 2 segment(s): BINTSHATI-IJAZ:p105, RUMMANI:v1p76
quotes 53:23: «جاهم من ربهم» in 4 segment(s): BURHAN:v1p102, DAMGHANI:v1p472, IBNJAWZI-NUZHA:v1p627, ITQAN:v2p410
quotes 53:25: 2 unique window(s): فلله الاخره | فلله الاخره والاوليا
quotes 53:25: «فلله الاخره» in 3 segment(s): BURHAN:v3p263, ITQAN:v3p37, ITQAN:v3p265
quotes 53:32: 45 unique window(s): اللمم | اجنه | تزكوا | الذين يجتنبون | والفواحش الا | الا اللمم | اللمم ان | ربك واسع | واسع المغفره | المغفره هو | بكم اذ | اذ انشاكم | الارض واذ | واذ انتم | انتم اجنه | اجنه في | امهاتكم فلا | فلا تزكوا | تزكوا انفسكم | انفسكم هو | بمن اتقيا | الذين يجتنبون كباير | الاثم والفواحش الا | والفواحش الا اللمم | الا اللمم ان | اللمم ان ربك | ان ربك واسع | ربك واسع المغفره | واسع المغفره هو | المغفره هو اعلم | هو اعلم بكم | اعلم بكم اذ | بكم اذ انشاكم | اذ انشاكم من | من الارض واذ | الارض واذ انتم | واذ انتم اجنه | انتم اجنه في | اجنه في بطون | بطون امهاتكم فلا | امهاتكم فلا تزكوا | فلا تزكوا انفسكم | تزكوا انفسكم هو | انفسكم هو اعلم | اعلم بمن اتقيا
quotes 53:32: «اللمم» in 5 segment(s): BURHAN:v1p196, BURHAN:v1p355, IBNJAWZI-NUZHA:v1p466, ITQAN:v1p57, MAJAZ:v2p440#2
quotes 53:32: «اجنه» in 4 segment(s): DAMGHANI:v1p110, IBNQUTAYBA-GHARIB:v1p21, MAJAZ:v2p406#2, SIBAWAYH:(هذابابمالايجوزفيهماأفعله)#704
quotes 53:32: «تزكوا» in 0 segment(s): 
quotes 53:32: «الذين يجتنبون» in 4 segment(s): BURHAN:v1p196, IBNJAWZI-NUZHA:v1p466, ITQAN:v1p53, ITQAN:v1p57
quotes 53:32: «والفواحش الا» in 2 segment(s): IBNJAWZI-NUZHA:v1p466, ITQAN:v1p57
quotes 53:32: «ربك واسع» in 0 segment(s): 
quotes 53:32: «واسع المغفره» in 0 segment(s): 
quotes 53:32: «المغفره هو» in 0 segment(s): 
quotes 53:32: «بكم اذ» in 1 segment(s): BURHAN:v4p170
quotes 53:32: «اذ انشاكم» in 2 segment(s): BURHAN:v4p170, IBNQUTAYBA-MUSHKIL:v1p176
quotes 53:32: «الارض واذ» in 0 segment(s): 
quotes 53:32: «واذ انتم» in 0 segment(s): 
quotes 53:32: «امهاتكم فلا» in 0 segment(s): 
quotes 53:32: «انفسكم هو» in 0 segment(s): 
quotes 53:32: «بمن اتقيا» in 0 segment(s): 
quotes 53:32: «هو اعلم بكم» in 1 segment(s): BURHAN:v4p170
quotes 53:33: 2 unique window(s): الذي توليا | افريت الذي توليا
quotes 53:33: «الذي توليا» in 0 segment(s): 
quotes 53:34: 5 unique window(s): واعطيا | واكديا | واعطيا قليلا | قليلا واكديا | واعطيا قليلا واكديا
quotes 53:34: «واعطيا» in 0 segment(s): 
quotes 53:34: «واكديا» in 0 segment(s): 
quotes 53:35: 8 unique window(s): اعنده | اعنده علم | علم الغيب | الغيب فهو | فهو يريا | اعنده علم الغيب | علم الغيب فهو | الغيب فهو يريا
quotes 53:35: «اعنده» in 2 segment(s): BURHAN:v3p171, DAMGHANI:v1p332
quotes 53:35: «علم الغيب» in 12 segment(s): BURHAN:v2p475, BURHAN:v3p171, BURHAN:v3p256, BURHAN:v4p7, BURHAN:v4p288, DAMGHANI:v1p332, ITQAN:v2p563#2, ITQAN:v4p321, JURJANI-ASRAR:v1p289, MAWARDI-FULL:v1p32, NASHR:v2p466, SAMARRAI-ASRAR:r10#2
quotes 53:35: «الغيب فهو» in 1 segment(s): BURHAN:v3p171
quotes 53:35: «فهو يريا» in 0 segment(s): 
quotes 53:36: 9 unique window(s): ينبا | لم ينبا | ينبا بما | صحف موسيا | ام لم ينبا | لم ينبا بما | ينبا بما في | بما في صحف | في صحف موسيا
quotes 53:36: «ينبا» in 7 segment(s): BURHAN:v3p239#4, BURHAN:v3p263, ITQAN:v3p293#3, NASHR:v1p390#4, NASHR:v1p392, NASHR:v2p379#2, SAMARRAI-LAMASAT-HALAQAT:p763
quotes 53:36: «صحف موسيا» in 0 segment(s): 
quotes 53:36: «بما في صحف» in 1 segment(s): BURHAN:v3p239#4
quotes 53:37: 4 unique window(s): وفيا | وابراهيم الذي | الذي وفيا | وابراهيم الذي وفيا
quotes 53:37: «وفيا» in 2 segment(s): BINTSHATI:v1pdf11, RIFAI-KHULI:c1
quotes 53:37: «وابراهيم الذي» in 5 segment(s): BURHAN:v3p239#4, DAMGHANI:v1p490, ITQAN:v1p114, ITQAN:v4p530, NASHR:v2p221
quotes 53:38: 2 unique window(s): الا تزر | الا تزر وازره
quotes 53:38: «الا تزر» in 1 segment(s): ITQAN:v1p114
quotes 53:39: 7 unique window(s): وان ليس | ليس للانسان | للانسان الا | وان ليس للانسان | ليس للانسان الا | للانسان الا ما | الا ما سعيا
quotes 53:39: «وان ليس» in 10 segment(s): BURHAN:v3p191, ITQAN:v1p296#2, JURJANI-ASRAR:v1p238, JURJANI-DALAIL:v1p24, JURJANI-DALAIL:v1p65, JURJANI-DALAIL:v1p214, JURJANI-DALAIL:v1p224, JURJANI-DALAIL:v1p257, JURJANI-DALAIL:v1p263, JURJANI-DALAIL:v1p376
quotes 53:39: «ليس للانسان» in 1 segment(s): ITQAN:v1p296#2
quotes 53:39: «للانسان الا» in 1 segment(s): ITQAN:v1p296#2
quotes 53:39: «الا ما سعيا» in 0 segment(s): 
quotes 53:40: 6 unique window(s): سعيه | وان سعيه | سعيه سوف | سوف يريا | وان سعيه سوف | سعيه سوف يريا
quotes 53:40: «سعيه» in 8 segment(s): DAMGHANI:v1p237, JURJANI-ASRAR:v1p104, JURJANI-ASRAR:v1p105, JURJANI-ASRAR:v1p114, JURJANI-DALAIL:v1p54, MAJAZ:v2p419, RAZI-FULL:v1p62#2, YKHULI-TAJDID:c4
quotes 53:40: «سوف يريا» in 0 segment(s): 
quotes 53:41: 8 unique window(s): يجزياه | الجزا | الاوفيا | ثم يجزياه | يجزياه الجزا | الجزا الاوفيا | ثم يجزياه الجزا | يجزياه الجزا الاوفيا
quotes 53:41: «يجزياه» in 0 segment(s): 
NOTE quotes 53:41: window «الجزا» in 144 segments, too common alone; the longer windows that contain it are used instead
quotes 53:41: «الاوفيا» in 0 segment(s): 
quotes 53:42: 4 unique window(s): وان اليا | ربك المنتهيا | وان اليا ربك | اليا ربك المنتهيا
quotes 53:42: «وان اليا» in 1 segment(s): NASHR:v1p453
quotes 53:42: «ربك المنتهيا» in 0 segment(s): 
quotes 53:44: 6 unique window(s): امات | واحيا | هو امات | امات واحيا | وانه هو امات | هو امات واحيا
quotes 53:44: «امات» in 10 segment(s): BURHAN:v2p449, BURHAN:v3p177, BURHAN:v3p242, BURHAN:v3p454, IBNJAWZI-NUZHA:v1p140, ITQAN:v3p255, JURJANI-DALAIL:v1p126, NASHR:v1p301, SIBAWAYH:(هذابابجمعأسماءالرجالوالنساء)#588, SIBAWAYH:(هذابابماكانعلىحرفينوليستفيهعلامةالتأنيث)#659
quotes 53:44: «واحيا» in 18 segment(s): BURHAN:v1p82, BURHAN:v2p449, BURHAN:v3p177, BURHAN:v3p242, BURHAN:v3p319, BURHAN:v3p329, BURHAN:v3p454, ITQAN:v3p255, JISHUMI:v1p494, JURJANI-ASRAR:v1p40, JURJANI-DALAIL:v1p126, JURJANI-DALAIL:v1p342 …
quotes 53:47: 5 unique window(s): وان عليه | عليه النشاه | النشاه الاخريا | وان عليه النشاه | عليه النشاه الاخريا
quotes 53:47: «وان عليه» in 12 segment(s): ALUSI-FULL:v1p28#2, BURHAN:v2p103, BURHAN:v2p110, IBNASHUR-FULL:v1p106, ITQAN:v3p137, ITQAN:v4p312, ITQAN:v4p320, JISHUMI:v1p760, JURJANI-DALAIL:v1p205, JURJANI-DALAIL:v1p290, KHATTABI:v1p28, SAMARRAI-ASRAR:r2
quotes 53:47: «عليه النشاه» in 1 segment(s): ITQAN:v3p137
quotes 53:47: «النشاه الاخريا» in 0 segment(s): 
quotes 54:17: 0 unique window(s): 
quotes 54:49: 5 unique window(s): شي خلقناه | خلقناه بقدر | انا كل شي | كل شي خلقناه | شي خلقناه بقدر
quotes 54:49: «شي خلقناه» in 3 segment(s): IBNQUTAYBA-MUSHKIL:v1p178, MAJAZ:v1p9, SIBAWAYH:وهىحروفالنفىشبهوهابحروفالاستفهامحيثقدمالاسمقبلالفعللأنهن#67
quotes 54:49: «خلقناه بقدر» in 3 segment(s): IBNQUTAYBA-MUSHKIL:v1p178, MAJAZ:v1p9, SIBAWAYH:وهىحروفالنفىشبهوهابحروفالاستفهامحيثقدمالاسمقبلالفعللأنهن#67
quotes 54:49: «انا كل شي» in 9 segment(s): IBNHIBBAN:6139, IBNMAJAH:83, MAJAZ:v1p9, MUSLIM:6753, MUSNAD-AHMAD:9736, MUSNAD-AHMAD:10164, SIBAWAYH:وهىحروفالنفىشبهوهابحروفالاستفهامحيثقدمالاسمقبلالفعللأنهن#67, TIRMIDHI:2157, TIRMIDHI:3290
quotes 55:26: 4 unique window(s): من عليها | عليها فان | كل من عليها | من عليها فان
quotes 55:26: «من عليها» in 12 segment(s): BURHAN:v2p51, BURHAN:v3p19, BURHAN:v4p26, BURHAN:v4p176, BURHAN:v4p411, ITQAN:v1p222, ITQAN:v2p477, ITQAN:v2p547#2, ITQAN:v3p41, ITQAN:v3p180, ITQAN:v3p236, NASHR:v1p224#2
quotes 55:26: «عليها فان» in 19 segment(s): BURHAN:v2p51, BURHAN:v3p19, BURHAN:v4p26, BURHAN:v4p176, BURHAN:v4p375, BURHAN:v4p411, IBNASHUR-FULL:v1p5, ITQAN:v1p222, ITQAN:v2p477, ITQAN:v2p547#2, ITQAN:v3p41, ITQAN:v3p126 …
quotes 55:27: 9 unique window(s): ويبقيا | ويبقيا وجه | وجه ربك | ربك ذو | ذو الجلال | ويبقيا وجه ربك | وجه ربك ذو | ربك ذو الجلال | ذو الجلال والاكرام
quotes 55:27: «ويبقيا» in 0 segment(s): 
quotes 55:27: «وجه ربك» in 11 segment(s): BINTSHATI-IJAZ:p419, BURHAN:v2p51, BURHAN:v2p86, BURHAN:v2p277, ITQAN:v1p222, ITQAN:v3p13, ITQAN:v3p17, ITQAN:v3p98, ITQAN:v3p236, NASHR:v1p224#2, NASHR:v2p382
quotes 55:27: «ربك ذو» in 6 segment(s): BINTSHATI-IJAZ:p419, BURHAN:v2p51, ITQAN:v1p222, ITQAN:v3p236, NASHR:v1p224#2, NASHR:v2p382
quotes 55:27: «ذو الجلال» in 8 segment(s): BINTSHATI-IJAZ:p419, BURHAN:v2p51, ITQAN:v1p222, ITQAN:v2p332#2, ITQAN:v3p236, NASHR:v1p224#2, NASHR:v1p345, NASHR:v2p382
quotes 55:62: 3 unique window(s): ومن دونهما | دونهما جنتان | ومن دونهما جنتان
quotes 55:62: «ومن دونهما» in 1 segment(s): SAMARRAI-ASRAR:r7#8
quotes 55:62: «دونهما جنتان» in 2 segment(s): SAMARRAI-ASRAR:r7#8, SAMARRAI-LAMASAT-HALAQAT:p589
quotes 55:64: 1 unique window(s): مدهامتان
quotes 55:64: «مدهامتان» in 16 segment(s): BURHAN:v1p170#2, BURHAN:v1p251, BURHAN:v1p266, BURHAN:v1p267, BURHAN:v1p303, BURHAN:v3p225, ELMALILI:v1p108, IBNASHUR-FULL:v1p74, IBNASHUR-FULL:v1p77, ITQAN:v1p180, MAJAZ:v2p414, SAMARRAI-ASRAR:r7#8 …
quotes 55:78: 7 unique window(s): تبارك اسم | ربك ذي | ذي الجلال | تبارك اسم ربك | اسم ربك ذي | ربك ذي الجلال | ذي الجلال والاكرام
quotes 55:78: «تبارك اسم» in 1 segment(s): DAMGHANI:v1p246
quotes 55:78: «ربك ذي» in 0 segment(s): 
quotes 55:78: «ذي الجلال» in 2 segment(s): BAGHAWI-FULL:v1p33, NASHR:v2p382
quotes 56:71: 5 unique window(s): تورون | افريتم النار | التي تورون | افريتم النار التي | النار التي تورون
quotes 56:71: «تورون» in 4 segment(s): BURHAN:v2p252, DAMGHANI:v1p468, MAJAZ:v2p449#2, SAMARRAI-LAMASAT-HALAQAT:p709
quotes 56:71: «افريتم النار» in 0 segment(s): 
quotes 56:73: 8 unique window(s): للمقوين | نحن جعلناها | جعلناها تذكره | تذكره ومتاعا | ومتاعا للمقوين | نحن جعلناها تذكره | جعلناها تذكره ومتاعا | تذكره ومتاعا للمقوين
quotes 56:73: «للمقوين» in 5 segment(s): DAMGHANI:v1p426, IBNJAWZI-NUZHA:v1p558, IBNQUTAYBA-MUSHKIL:v1p275#2, ITQAN:v2p333, SAMARRAI-LAMASAT-HALAQAT:p709
quotes 56:73: «نحن جعلناها» in 3 segment(s): DAMGHANI:v1p426, IBNQUTAYBA-MUSHKIL:v1p275#2, SAMARRAI-LAMASAT-HALAQAT:p709
quotes 56:73: «جعلناها تذكره» in 4 segment(s): DAMGHANI:v1p426, IBNQUTAYBA-MUSHKIL:v1p275#2, SAMARRAI-LAMASAT-HALAQAT:p708, SAMARRAI-LAMASAT-HALAQAT:p709
quotes 56:73: «تذكره ومتاعا» in 3 segment(s): DAMGHANI:v1p426, IBNQUTAYBA-MUSHKIL:v1p275#2, SAMARRAI-LAMASAT-HALAQAT:p709
quotes 56:74: 0 unique window(s): 
quotes 58:6: 14 unique window(s): احصياه | ونسوه | جميعا فينبيهم | عملوا احصياه | احصياه الله | الله ونسوه | ونسوه والله | الله جميعا فينبيهم | جميعا فينبيهم بما | بما عملوا احصياه | عملوا احصياه الله | احصياه الله ونسوه | الله ونسوه والله | ونسوه والله عليا
quotes 58:6: «احصياه» in 0 segment(s): 
quotes 58:6: «ونسوه» in 12 segment(s): BINTSHATI-IJAZ:p73, BINTSHATI-IJAZ:p528, BURHAN:v3p28, DAMGHANI:v1p134, IBNJAWZI-NUZHA:v1p118, ITQAN:v3p185, ITQAN:v4p539, SAMARRAI-ASRAR:r5#5, SAMARRAI-ASRAR-MUH:p12, SAMARRAI-LAMASAT-HALAQAT:p463, SIBAWAYH:(هذابابتحقيركلحرفكانفيهبدل)#618, SIBAWAYH:(هذابابتكسيرالصفةللجمع)#668
quotes 58:6: «جميعا فينبيهم» in 1 segment(s): SAMARRAI-ASRAR:r5#5
quotes 59:9: 47 unique window(s): تبوو | هاجر | ويوثرون | خصاصه | والذين تبوو | تبوو الدار | الدار والايمان | والايمان من | قبلهم يحبون | يحبون من | من هاجر | هاجر اليهم | اليهم ولا | يجدون في | صدورهم حاجه | حاجه مما | مما اوتوا | اوتوا ويوثرون | ويوثرون عليا | انفسهم ولو | كان بهم | بهم خصاصه | خصاصه ومن | والذين تبوو الدار | تبوو الدار والايمان | الدار والايمان من | والايمان من قبلهم | من قبلهم يحبون | قبلهم يحبون من | يحبون من هاجر | من هاجر اليهم | هاجر اليهم ولا | اليهم ولا يجدون | ولا يجدون في | يجدون في صدورهم | في صدورهم حاجه | صدورهم حاجه مما | حاجه مما اوتوا | مما اوتوا ويوثرون | اوتوا ويوثرون عليا | ويوثرون عليا انفسهم | عليا انفسهم ولو | انفسهم ولو كان | ولو كان بهم | كان بهم خصاصه | بهم خصاصه ومن | خصاصه ومن يوق
quotes 59:9: «تبوو» in 1 segment(s): ITQAN:v4p447#2
quotes 59:9: «هاجر» in 16 segment(s): BINTSHATI-IJAZ:p592, BURHAN:v1p260#2, BURHAN:v3p30, DAMGHANI:v1p112, IBNASHUR-FULL:v1p90, ITQAN:v1p95, ITQAN:v3p297, ITQAN:v3p306, ITQAN:v4p380, JISHUMI:v1p628, JISHUMI:v1p645, JISHUMI:v1p724 …
quotes 59:9: «ويوثرون» in 1 segment(s): ALUSI-FULL:v1p1
quotes 59:9: «خصاصه» in 3 segment(s): BAQILLANI:v1p88, BURHAN:v4p202, NASHR:v2p83
quotes 59:9: «الدار والايمان» in 8 segment(s): BINTSHATI-IJAZ:p592, BINTSHATI-IJAZ:p593, BURHAN:v1p382, BURHAN:v3p123, BURHAN:v3p124, ITQAN:v3p168, SAMARRAI-ASRAR-MUH:r-124, SAMARRAI-LAMASAT-HALAQAT:p581
quotes 59:9: «والايمان من» in 1 segment(s): BINTSHATI-IJAZ:p592
quotes 59:9: «قبلهم يحبون» in 1 segment(s): BINTSHATI-IJAZ:p592
quotes 59:9: «يحبون من» in 2 segment(s): BINTSHATI-IJAZ:p592, DAMGHANI:v1p112
quotes 59:9: «اليهم ولا» in 2 segment(s): ITQAN:v1p102#2, JISHUMI:v1p695
quotes 59:9: «يجدون في» in 2 segment(s): DAMGHANI:v1p123, NASHR:v2p203
quotes 59:9: «صدورهم حاجه» in 0 segment(s): 
quotes 59:9: «حاجه مما» in 0 segment(s): 
quotes 59:9: «مما اوتوا» in 0 segment(s): 
quotes 59:9: «انفسهم ولو» in 2 segment(s): ALUSI-FULL:v1p14, ALUSI-FULL:v1p15
quotes 59:9: «كان بهم» in 0 segment(s): 
quotes 59:24: 16 unique window(s): الخالق | الباري | المصور | الله الخالق | الخالق الباري | الباري المصور | المصور له | الحسنيا يسبح | هو الله الخالق | الله الخالق الباري | الخالق الباري المصور | الباري المصور له | المصور له الاسما | الاسما الحسنيا يسبح | الحسنيا يسبح له | يسبح له ما
NOTE quotes 59:24: window «الخالق» in 44 segments, too common alone; the longer windows that contain it are used instead
NOTE quotes 59:24: window «الباري» in 65 segments, too common alone; the longer windows that contain it are used instead
quotes 59:24: «المصور» in 17 segment(s): BINTSHATI-IJAZ:p143, BINTSHATI-IJAZ:p363, BINTSHATI-IJAZ:p364, BINTSHATI-IJAZ:p582, BINTSHATI-IJAZ:p583, BURHAN:v1p170, BURHAN:v1p341, BURHAN:v3p406, BURHAN:v3p473, DAMGHANI:v1p103, ITQAN:v2p353, ITQAN:v3p21#2 …
quotes 59:24: «الله الخالق» in 5 segment(s): BINTSHATI-IJAZ:p582, BURHAN:v1p341, ITQAN:v3p186, SAMARRAI-ASRAR:r5#5, SAMARRAI-LAMASAT-HALAQAT:p890
quotes 59:24: «الخالق الباري» in 8 segment(s): BINTSHATI-IJAZ:p582, BINTSHATI-IJAZ:p583, BURHAN:v1p341, BURHAN:v3p473, ITQAN:v3p186, NASHR:v2p152, SAMARRAI-ASRAR:r5#5, SAMARRAI-LAMASAT-HALAQAT:p890
quotes 59:24: «الحسنيا يسبح» in 0 segment(s): 
quotes 59:24: «يسبح له ما» in 2 segment(s): SAMARRAI-ASRAR:r5#5, SAMARRAI-LAMASAT-HALAQAT:p890
quotes 62:2: 7 unique window(s): بعث في | الامين رسولا | هو الذي بعث | الذي بعث في | بعث في الامين | في الامين رسولا | الامين رسولا منهم
quotes 62:2: «بعث في» in 7 segment(s): DAMGHANI:v1p45, DAMGHANI:v1p73, IBNJAWZI-NUZHA:v1p204, ITQAN:v1p120, SAMARRAI-ASRAR:r5#5, SAMARRAI-LAMASAT-HALAQAT:p948, WAHIDI-BASIT:v1p391
quotes 62:2: «الامين رسولا» in 0 segment(s): 
quotes 62:2: «هو الذي بعث» in 6 segment(s): DAMGHANI:v1p45, DAMGHANI:v1p73, IBNJAWZI-NUZHA:v1p204, IBNMUJAHID:v1p66, SAMARRAI-ASRAR:r5#5, SAMARRAI-LAMASAT-HALAQAT:p948
quotes 67:22: 18 unique window(s): مكبا | افمن يمشي | يمشي مكبا | مكبا عليا | وجهه اهديا | اهديا امن | امن يمشي | يمشي سويا | سويا عليا | افمن يمشي مكبا | يمشي مكبا عليا | مكبا عليا وجهه | عليا وجهه اهديا | وجهه اهديا امن | اهديا امن يمشي | امن يمشي سويا | يمشي سويا عليا | سويا عليا صراط
quotes 67:22: «مكبا» in 5 segment(s): BINTSHATI-IJAZ:p532, BINTSHATI-IJAZ:p581, BURHAN:v1p423, BURHAN:v3p131, ITQAN:v2p370
quotes 67:22: «افمن يمشي» in 3 segment(s): BINTSHATI-IJAZ:p581, BURHAN:v1p423, BURHAN:v3p131
quotes 67:22: «وجهه اهديا» in 0 segment(s): 
quotes 67:22: «اهديا امن» in 0 segment(s): 
quotes 67:22: «امن يمشي» in 4 segment(s): BINTSHATI-IJAZ:p581, BURHAN:v3p131, DAMGHANI:v1p253, IBNJAWZI-NUZHA:v1p352
quotes 67:22: «يمشي سويا» in 4 segment(s): BINTSHATI-IJAZ:p581, BURHAN:v3p131, DAMGHANI:v1p253, IBNJAWZI-NUZHA:v1p352
quotes 67:22: «سويا عليا» in 0 segment(s): 
quotes 69:18: 12 unique window(s): تعرضون | تخفيا | خافيه | يوميذ تعرضون | تعرضون لا | لا تخفيا | تخفيا منكم | منكم خافيه | يوميذ تعرضون لا | تعرضون لا تخفيا | لا تخفيا منكم | تخفيا منكم خافيه
quotes 69:18: «تعرضون» in 1 segment(s): BURHAN:v4p108
quotes 69:18: «تخفيا» in 0 segment(s): 
quotes 69:18: «خافيه» in 7 segment(s): BINTSHATI-IJAZ:p251, BURHAN:v2p232, BURHAN:v4p108, ITQAN:v3p93, JISHUMI:v1p901, JURJANI-ASRAR:v1p191, JURJANI-ASRAR:v1p192
quotes 70:15: 3 unique window(s): لظيا | انها لظيا | كلا انها لظيا
quotes 70:15: «لظيا» in 0 segment(s): 
quotes 70:22: 1 unique window(s): الا المصلين
quotes 70:22: «الا المصلين» in 7 segment(s): ITQAN:v3p103, SAMARRAI-LAMASAT:p126, SAMARRAI-LAMASAT:p153, SAMARRAI-LAMASAT:p156, SAMARRAI-LAMASAT:p157, SAMARRAI-LAMASAT:p158, SAMARRAI-LAMASAT:p193
quotes 71:17: 7 unique window(s): انبتكم | والله انبتكم | انبتكم من | الارض نباتا | والله انبتكم من | انبتكم من الارض | من الارض نباتا
quotes 71:17: «انبتكم» in 7 segment(s): BURHAN:v1p303, BURHAN:v2p393, BURHAN:v2p397, DAMGHANI:v1p447, IBNJAWZI-NUZHA:v1p581, ITQAN:v3p178, SIBAWAYH:(هذابابماجاءالمصدرفيهعلىغيرالفعللأنالمعنىواحد)#692
quotes 71:17: «الارض نباتا» in 7 segment(s): BURHAN:v1p303, BURHAN:v2p393, BURHAN:v2p397, DAMGHANI:v1p447, IBNJAWZI-NUZHA:v1p581, ITQAN:v3p178, SIBAWAYH:(هذابابماجاءالمصدرفيهعلىغيرالفعللأنالمعنىواحد)#692
quotes 71:18: 9 unique window(s): ويخرجكم | اخراجا | ثم يعيدكم | يعيدكم فيها | فيها ويخرجكم | ويخرجكم اخراجا | ثم يعيدكم فيها | يعيدكم فيها ويخرجكم | فيها ويخرجكم اخراجا
quotes 71:18: «ويخرجكم» in 2 segment(s): BURHAN:v2p393, IBNJAWZI-NUZHA:v1p475
quotes 71:18: «اخراجا» in 7 segment(s): BAQILLANI:v1p156, BURHAN:v2p393, BURHAN:v4p392, IBNJAWZI-NUZHA:v1p475, JISHUMI:v2p962#2, NASHR:v2p103, SIBAWAYH:(هذابابمصادرمالحقتهالزوائدمنالفعلمنبناتالثلاثة)#691
quotes 71:18: «ثم يعيدكم» in 2 segment(s): BURHAN:v2p393, IBNJAWZI-NUZHA:v1p475
quotes 71:18: «يعيدكم فيها» in 2 segment(s): BURHAN:v2p393, IBNJAWZI-NUZHA:v1p475
quotes 73:2: 4 unique window(s): قم اليل | اليل الا | قم اليل الا | اليل الا قليلا
quotes 73:2: «قم اليل» in 0 segment(s): 
quotes 73:2: «اليل الا» in 0 segment(s): 
quotes 73:4: 10 unique window(s): ورتل | او زد | زد عليه | عليه ورتل | ورتل القران | القران ترتيلا | او زد عليه | زد عليه ورتل | عليه ورتل القران | ورتل القران ترتيلا
quotes 73:4: «ورتل» in 12 segment(s): BAGHAWI-FULL:v1p41#2, BAGHAWI-FULL:v1p46, BURHAN:v1p259, BURHAN:v1p367, BURHAN:v1p449, BURHAN:v3p35, ELMALILI:v1p102, ITQAN:v1p221, ITQAN:v1p282#2, NASHR:v1p207, NASHR:v1p208, RAZI-FULL:v1p59#2
quotes 73:4: «او زد» in 1 segment(s): IBNQUTAYBA-MUSHKIL:v1p214
quotes 73:4: «زد عليه» in 0 segment(s): 
quotes 73:4: «القران ترتيلا» in 11 segment(s): BAGHAWI-FULL:v1p46, BURHAN:v1p259, BURHAN:v1p367, BURHAN:v1p449, BURHAN:v3p35, ELMALILI:v1p102, ITQAN:v1p221, ITQAN:v1p282#2, NASHR:v1p207, NASHR:v1p208, RAZI-FULL:v1p59#2
quotes 73:7: 6 unique window(s): النهار سبحا | سبحا طويلا | ان لك في | لك في النهار | في النهار سبحا | النهار سبحا طويلا
quotes 73:7: «النهار سبحا» in 4 segment(s): BURHAN:v4p16, DAMGHANI:v1p227, IBNJAWZI-NUZHA:v1p347, IBNQUTAYBA-MUSHKIL:v1p215
quotes 73:7: «سبحا طويلا» in 4 segment(s): BURHAN:v4p16, DAMGHANI:v1p227, IBNJAWZI-NUZHA:v1p347, IBNQUTAYBA-MUSHKIL:v1p215
quotes 73:7: «ان لك في» in 7 segment(s): ABUDAWUD:1304, DAMGHANI:v1p227, IBNJAWZI-NUZHA:v1p347, IBNQUTAYBA-MUSHKIL:v1p215, JURJANI-DALAIL:v1p130, JURJANI-DALAIL:v1p153, JURJANI-DALAIL:v1p158
quotes 73:7: «لك في النهار» in 4 segment(s): ABUDAWUD:1304, DAMGHANI:v1p227, IBNJAWZI-NUZHA:v1p347, IBNQUTAYBA-MUSHKIL:v1p215
quotes 73:8: 8 unique window(s): وتبتل | تبتيلا | ربك وتبتل | وتبتل اليه | اليه تبتيلا | اسم ربك وتبتل | ربك وتبتل اليه | وتبتل اليه تبتيلا
quotes 73:8: «وتبتل» in 8 segment(s): BURHAN:v2p393, BURHAN:v2p397, BURHAN:v2p515, ITQAN:v3p178, SAMARRAI-ASRAR:r3#3, SAMARRAI-ASRAR-MUH:p114, SAMARRAI-LAMASAT-HALAQAT:p563, SIBAWAYH:(هذابابماجاءالمصدرفيهعلىغيرالفعللأنالمعنىواحد)#692
quotes 73:8: «تبتيلا» in 8 segment(s): BURHAN:v2p393, BURHAN:v2p397, BURHAN:v2p515, ITQAN:v3p178, SAMARRAI-ASRAR:r3#3, SAMARRAI-ASRAR-MUH:p114, SAMARRAI-LAMASAT-HALAQAT:p563, SIBAWAYH:(هذابابماجاءالمصدرفيهعلىغيرالفعللأنالمعنىواحد)#692
quotes 73:20: 108 unique window(s): ثلثي | ونصفه | وثلثه | تحصوه | فاقروا | تيسر | سيكون | فاقروا | تيسر | واعظم | ربك يعلم | انك تقوم | تقوم ادنيا | من ثلثي | ثلثي اليل | اليل ونصفه | ونصفه وثلثه | وثلثه وطايفه | وطايفه من | الذين معك | معك والله | والله يقدر | يقدر اليل | والنهار علم | لن تحصوه | تحصوه فتاب | عليكم فاقروا | فاقروا ما | ما تيسر | تيسر من | القران علم | ان سيكون | سيكون منكم | منكم مرضيا | مرضيا واخرون | واخرون يضربون | يضربون في | الارض يبتغون | يبتغون من | الله واخرون | واخرون يقاتلون | الله فاقروا | فاقروا ما | ما تيسر | تيسر منه | منه واقيموا | الزكواه واقرضوا | خيرا واعظم | واعظم اجرا | اجرا واستغفروا | ان ربك يعلم | ربك يعلم انك | يعلم انك تقوم | انك تقوم ادنيا | تقوم ادنيا من | ادنيا من ثلثي | من ثلثي اليل | ثلثي اليل ونصفه | اليل ونصفه وثلثه | ونصفه وثلثه وطايفه | وثلثه وطايفه من | وطايفه من الذين | من الذين معك | الذين معك والله | معك والله يقدر | والله يقدر اليل | يقدر اليل والنهار | اليل والنهار علم | والنهار علم ان | علم ان لن | ان لن تحصوه | لن تحصوه فتاب | تحصوه فتاب عليكم | فتاب عليكم فاقروا | عليكم فاقروا ما | فاقروا ما تيسر | ما تيسر من | تيسر من القران | من القران علم | القران علم ان | علم ان سيكون | ان سيكون منكم | سيكون منكم مرضيا | منكم مرضيا واخرون | مرضيا واخرون يضربون | واخرون يضربون في | يضربون في الارض | في الارض يبتغون | الارض يبتغون من | يبتغون من فضل | فضل الله واخرون | الله واخرون يقاتلون | واخرون يقاتلون في | سبيل الله فاقروا | الله فاقروا ما | فاقروا ما تيسر | ما تيسر منه | تيسر منه واقيموا | منه واقيموا الصلواه | واتوا الزكواه واقرضوا | الزكواه واقرضوا الله | قرضا حسنا وما | حسنا وما تقدموا | الله هو خيرا | هو خيرا واعظم | خيرا واعظم اجرا | واعظم اجرا واستغفروا | اجرا واستغفروا الله
quotes 73:20: «ثلثي» in 10 segment(s): ALUSI-FULL:v1p35, DAMGHANI:v1p175, DAMGHANI:v1p392, IBNJAWZI-NUZHA:v1p504, IBNQUTAYBA-MUSHKIL:v1p214, ITQAN:v4p407#2, ITQAN:v4p421, NASHR:v2p217, NASHR:v2p392, SIBAWAYH:وذلكقولكرأيتقومكأكثرهمورأيتبنىزيدثلثيهمورأيتبنىعمكناسا#69
quotes 73:20: «ونصفه» in 6 segment(s): BURHAN:v1p253, IBNQUTAYBA-MUSHKIL:v1p214, ITQAN:v1p190#3, NASHR:v2p392, SAMARRAI-LAMASAT-HALAQAT:p884, SIBAWAYH:وهيمنالفعلms242بمنزلةعشرينمنالأسماءالتيبمنزلةالفعللاتصرفتصرف#268
quotes 73:20: «وثلثه» in 3 segment(s): BURHAN:v1p249, IBNQUTAYBA-MUSHKIL:v1p214, NASHR:v2p392
quotes 73:20: «تحصوه» in 4 segment(s): DAMGHANI:v1p134, IBNASHUR-FULL:v1p115, IBNJAWZI-NUZHA:v1p118, IBNQUTAYBA-MUSHKIL:v1p214
quotes 73:20: «فاقروا» in 17 segment(s): BURHAN:v1p203#2, BURHAN:v1p211, BURHAN:v1p221, DURR-FULL:v1p11, IBNASHUR-FULL:v1p115, IBNMUJAHID:v1p46, IBNMUJAHID:v1p50, IBNQUTAYBA-MUSHKIL:v1p214, ITQAN:v1p122, ITQAN:v4p533#2, NASHR:v1p17, NASHR:v1p18#2 …
quotes 73:20: «تيسر» in 23 segment(s): BAQILLANI:v1p204, BURHAN:v1p211, BURHAN:v1p221, BURHAN:v1p265, BURHAN:v2p384, IBNASHUR-FULL:v1p55, IBNASHUR-FULL:v1p106, IBNASHUR-FULL:v1p115, IBNATIYYA-FULL:v1p36, IBNATIYYA-FULL:v1p46#2, IBNKATHIR-FULL:v1p43, IBNQUTAYBA-MUSHKIL:v1p29 …
quotes 73:20: «سيكون» in 23 segment(s): BURHAN:v4p225, BURHAN:v4p308, IBNQUTAYBA-MUSHKIL:v1p187, ITQAN:v2p452#2, ITQAN:v4p311, ITQAN:v4p356, JURJANI-DALAIL:v1p148, SAMARRAI-ASRAR-MUH:p120, SAMARRAI-LAMASAT-HALAQAT:p44, SAMARRAI-LAMASAT-HALAQAT:p569, SAMARRAI-LAMASAT-HALAQAT:p623, SAMARRAI-LAMASAT-HALAQAT:p647 …
quotes 73:20: «فاقروا» in 17 segment(s): BURHAN:v1p203#2, BURHAN:v1p211, BURHAN:v1p221, DURR-FULL:v1p11, IBNASHUR-FULL:v1p115, IBNMUJAHID:v1p46, IBNMUJAHID:v1p50, IBNQUTAYBA-MUSHKIL:v1p214, ITQAN:v1p122, ITQAN:v4p533#2, NASHR:v1p17, NASHR:v1p18#2 …
quotes 73:20: «تيسر» in 23 segment(s): BAQILLANI:v1p204, BURHAN:v1p211, BURHAN:v1p221, BURHAN:v1p265, BURHAN:v2p384, IBNASHUR-FULL:v1p55, IBNASHUR-FULL:v1p106, IBNASHUR-FULL:v1p115, IBNATIYYA-FULL:v1p36, IBNATIYYA-FULL:v1p46#2, IBNKATHIR-FULL:v1p43, IBNQUTAYBA-MUSHKIL:v1p29 …
quotes 73:20: «واعظم» in 27 segment(s): BAQILLANI:v1p111, BURHAN:v1p379, BURHAN:v2p82, BURHAN:v3p258, BURHAN:v3p336, BURHAN:v3p473, IBNKATHIR-FULL:v1p24#2, IBNKATHIR-FULL:v1p57#2, ITQAN:v4p409, ITQAN:v4p443, JISHUMI:v1p558, JISHUMI:v1p925#2 …
quotes 73:20: «ربك يعلم» in 5 segment(s): DAMGHANI:v1p392, IBNJAWZI-NUZHA:v1p504, IBNQUTAYBA-MUSHKIL:v1p214, ITQAN:v1p36, ITQAN:v1p53
quotes 73:20: «انك تقوم» in 5 segment(s): DAMGHANI:v1p175, DAMGHANI:v1p392, IBNJAWZI-NUZHA:v1p504, IBNQUTAYBA-MUSHKIL:v1p214, ITQAN:v1p36
quotes 73:20: «تقوم ادنيا» in 0 segment(s): 
quotes 73:20: «وطايفه من» in 4 segment(s): IBNASHUR-FULL:v1p129, IBNQUTAYBA-MUSHKIL:v1p214, JISHUMI:v1p503, KASHSHAF-FULL:v1p43
quotes 73:20: «الذين معك» in 1 segment(s): IBNQUTAYBA-MUSHKIL:v1p214
quotes 73:20: «معك والله» in 1 segment(s): IBNQUTAYBA-MUSHKIL:v1p214
quotes 73:20: «والله يقدر» in 3 segment(s): DAMGHANI:v1p372, IBNJAWZI-NUZHA:v1p118, IBNQUTAYBA-MUSHKIL:v1p214
quotes 73:20: «يقدر اليل» in 0 segment(s): 
quotes 73:20: «والنهار علم» in 1 segment(s): IBNJAWZI-NUZHA:v1p118
quotes 73:20: «القران علم» in 11 segment(s): BAQILLANI:v1p26, BINTSHATI-IJAZ:p21, BURHAN:v1p192, BURHAN:v1p266, BURHAN:v2p95, BURHAN:v2p181, IBNATIYYA-FULL:v1p52, ITQAN:v1p34, ITQAN:v1p180, ITQAN:v4p315, ITQAN:v4p343
quotes 73:20: «منكم مرضيا» in 0 segment(s): 
quotes 73:20: «مرضيا واخرون» in 0 segment(s): 
quotes 73:20: «واخرون يضربون» in 3 segment(s): DAMGHANI:v1p285, IBNJAWZI-NUZHA:v1p400, IBNQUTAYBA-MUSHKIL:v1p270
quotes 73:20: «يضربون في» in 4 segment(s): DAMGHANI:v1p285, IBNJAWZI-NUZHA:v1p400, IBNQUTAYBA-MUSHKIL:v1p270, SIBAWAYH:(هذابابماينصرفمنالأفعالإذاسميتبهرجلا)#528
quotes 73:20: «الارض يبتغون» in 1 segment(s): DAMGHANI:v1p285
quotes 73:20: «يبتغون من» in 1 segment(s): DAMGHANI:v1p285
quotes 73:20: «الله واخرون» in 0 segment(s): 
quotes 73:20: «واخرون يقاتلون» in 1 segment(s): ITQAN:v1p106
quotes 73:20: «منه واقيموا» in 0 segment(s): 
quotes 73:20: «الزكواه واقرضوا» in 0 segment(s): 
quotes 73:20: «اجرا واستغفروا» in 0 segment(s): 
quotes 73:20: «علم ان لن» in 4 segment(s): ABUDAWUD:1304, DAMGHANI:v1p134, IBNASHUR-FULL:v1p115, IBNJAWZI-NUZHA:v1p118
quotes 73:20: «قرضا حسنا وما» in 0 segment(s): 
quotes 73:20: «حسنا وما تقدموا» in 0 segment(s): 
quotes 73:20: «الله هو خيرا» in 3 segment(s): BURHAN:v2p409, ITQAN:v2p551, SIBAWAYH:اعلمأنهنلايكنفصلاإلافيالفعلولايكنكذلكإلافيكلفعلالاسم#438
quotes 74:3: 2 unique window(s): فكبر | وربك فكبر
quotes 74:3: «فكبر» in 12 segment(s): BURHAN:v3p293, ITQAN:v1p122, ITQAN:v1p293#3, ITQAN:v3p249, NASHR:v2p405#3, NASHR:v2p408, NASHR:v2p422, NASHR:v2p425, NASHR:v2p425#2, NASHR:v2p427, SAMARRAI-ASRAR-MUH:p24, SAMARRAI-LAMASAT-HALAQAT:p476
quotes 74:11: 7 unique window(s): ذرني | وحيدا | ذرني ومن | ومن خلقت | خلقت وحيدا | ذرني ومن خلقت | ومن خلقت وحيدا
quotes 74:11: «ذرني» in 11 segment(s): BINTSHATI-IJAZ:p62, BURHAN:v1p163, BURHAN:v2p197, BURHAN:v4p436, DAMGHANI:v1p483, IBNASHUR-FULL:v1p22, IBNJAWZI-NUZHA:v1p81, ITQAN:v4p394, JISHUMI:v1p681, RUMMANI:v1p88, SAMARRAI-LAMASAT-HALAQAT:p821
quotes 74:11: «وحيدا» in 12 segment(s): BAQILLANI:v1p277, BINTSHATI-IJAZ:p62, BURHAN:v1p163, BURHAN:v2p197, BURHAN:v4p436, DAMGHANI:v1p483, IBNASHUR-FULL:v1p22, IBNQUTAYBA-MUSHKIL:v1p13, ITQAN:v4p394, RUMMANI:v1p88, SAMARRAI-LAMASAT-HALAQAT:p821, TAB-FULL:v1p3
quotes 74:11: «ومن خلقت» in 9 segment(s): BINTSHATI-IJAZ:p62, BURHAN:v1p163, BURHAN:v2p197, BURHAN:v4p436, DAMGHANI:v1p483, IBNASHUR-FULL:v1p22, ITQAN:v4p394, RUMMANI:v1p88, SAMARRAI-LAMASAT-HALAQAT:p821
quotes 74:18: 3 unique window(s): انه فكر | فكر وقدر | انه فكر وقدر
quotes 74:18: «انه فكر» in 5 segment(s): BAQILLANI:v1p30, BINTSHATI-IJAZ:p62, BURHAN:v4p266, KHATTABI:v1p28, SAMARRAI-LAMASAT-HALAQAT:p817
quotes 74:18: «فكر وقدر» in 5 segment(s): BAQILLANI:v1p30, BINTSHATI-IJAZ:p62, BURHAN:v4p266, KHATTABI:v1p28, SAMARRAI-LAMASAT-HALAQAT:p817
quotes 74:19: 3 unique window(s): فقتل | فقتل كيف | فقتل كيف قدر
quotes 74:19: «فقتل» in 19 segment(s): BAQILLANI:v1p30, BINTSHATI-IJAZ:p62, BINTSHATI-IJAZ:p385, BURHAN:v3p8#2, BURHAN:v3p12, BURHAN:v3p18, BURHAN:v3p299, BURHAN:v4p266, DAMGHANI:v1p371, IBNJAWZI-NUZHA:v1p494#2, IBNKATHIR-FULL:v1p25, IBNQUTAYBA-MUSHKIL:v1p50 …
quotes 74:23: 2 unique window(s): ادبر واستكبر | ثم ادبر واستكبر
quotes 74:23: «ادبر واستكبر» in 5 segment(s): BAQILLANI:v1p30, BINTSHATI-IJAZ:p63, BINTSHATI-IJAZ:p537, JISHUMI:v1p626, KHATTABI:v1p28
quotes 74:24: 5 unique window(s): يوثر | فقال ان | سحر يوثر | فقال ان هاذا | الا سحر يوثر
NOTE quotes 74:24: window «يوثر» in 57 segments, too common alone; the longer windows that contain it are used instead
NOTE quotes 74:24: window «فقال ان» in 92 segments, too common alone; the longer windows that contain it are used instead
quotes 74:24: «سحر يوثر» in 6 segment(s): BAQILLANI:v1p30, BINTSHATI-IJAZ:p63, BURHAN:v2p110, IBNASHUR-FULL:v1p106, ITQAN:v4p312, KHATTABI:v1p28
quotes 74:24: «فقال ان هاذا» in 2 segment(s): SAMARRAI-ASRAR:r3#4, SAMARRAI-ASRAR:r8#2
quotes 74:26: 2 unique window(s): ساصليه | ساصليه سقر
quotes 74:26: «ساصليه» in 2 segment(s): BINTSHATI-IJAZ:p63, ITQAN:v3p266
quotes 74:28: 6 unique window(s): تبقي | لا تبقي | تبقي ولا | ولا تذر | لا تبقي ولا | تبقي ولا تذر
NOTE quotes 74:28: window «تبقي» in 42 segments, too common alone; the longer windows that contain it are used instead
quotes 74:28: «لا تبقي» in 7 segment(s): ALUSI-FULL:v1p32, BURHAN:v2p471, ITQAN:v3p190#2, ITQAN:v4p489, SAMARRAI-ASRAR-MUH:p94, SAMARRAI-LAMASAT-HALAQAT:p544, SAMARRAI-LAMASAT-HALAQAT:p663
quotes 74:28: «تبقي ولا» in 3 segment(s): BURHAN:v2p471, ITQAN:v3p190#2, ITQAN:v4p489
quotes 74:28: «ولا تذر» in 5 segment(s): BURHAN:v2p471, ITQAN:v3p190#2, ITQAN:v4p489, JISHUMI:v2p1062, NASHR:v2p104
quotes 74:31: 68 unique window(s): عدتهم | ليستيقن | ويزداد | يرتاب | وليقول | جعلنا اصحاب | الا ملايكه | ملايكه وما | جعلنا عدتهم | عدتهم الا | كفروا ليستيقن | ليستيقن الذين | الكتاب ويزداد | ويزداد الذين | امنوا ايمانا | ايمانا ولا | ولا يرتاب | يرتاب الذين | الكتاب والمومنون | والمومنون وليقول | وليقول الذين | مرض والكافرون | والكافرون ماذا | مثلا كذالك | يعلم جنود | جنود ربك | هو وما | ذكريا للبشر | وما جعلنا اصحاب | جعلنا اصحاب النار | اصحاب النار الا | النار الا ملايكه | الا ملايكه وما | ملايكه وما جعلنا | وما جعلنا عدتهم | جعلنا عدتهم الا | عدتهم الا فتنه | الا فتنه للذين | للذين كفروا ليستيقن | كفروا ليستيقن الذين | ليستيقن الذين اوتوا | اوتوا الكتاب ويزداد | الكتاب ويزداد الذين | ويزداد الذين امنوا | الذين امنوا ايمانا | امنوا ايمانا ولا | ايمانا ولا يرتاب | ولا يرتاب الذين | يرتاب الذين اوتوا | اوتوا الكتاب والمومنون | الكتاب والمومنون وليقول | والمومنون وليقول الذين | وليقول الذين في | قلوبهم مرض والكافرون | مرض والكافرون ماذا | والكافرون ماذا اراد | بهاذا مثلا كذالك | مثلا كذالك يضل | يشا وما يعلم | وما يعلم جنود | يعلم جنود ربك | جنود ربك الا | ربك الا هو | الا هو وما | هو وما هي | وما هي الا | هي الا ذكريا | الا ذكريا للبشر
quotes 74:31: «عدتهم» in 6 segment(s): DAMGHANI:v1p316, IBNKATHIR-FULL:v1p9, SAMARRAI-ASRAR:r4#3, SAMARRAI-ASRAR-MUH:p42, SAMARRAI-LAMASAT-HALAQAT:p493, SIBAWAYH:فيجيءلفظهعلىموضعالنداءنصبالأنموضعالنداءنصبولاتجريالأسماء#323
quotes 74:31: «ليستيقن» in 2 segment(s): BURHAN:v3p16, BURHAN:v4p108
quotes 74:31: «ويزداد» in 4 segment(s): BAQILLANI:v1p148, BURHAN:v4p108, JURJANI-DALAIL:v1p146, JURJANI-DALAIL:v1p273
quotes 74:31: «يرتاب» in 11 segment(s): ALUSI-FULL:v1p13#2, BURHAN:v1p237, BURHAN:v3p268#2, IBNKATHIR-FULL:v1p10, IBNKATHIR-FULL:v1p32#2, IBNQUTAYBA-MUSHKIL:v1p26, ITQAN:v1p194, ITQAN:v3p198, NASHR:v2p108, NASHR:v2p110, NASHR:v2p213#2
quotes 74:31: «وليقول» in 1 segment(s): BINTSHATI-IJAZ:p579
quotes 74:31: «جعلنا اصحاب» in 4 segment(s): BURHAN:v1p108, DAMGHANI:v1p274, IBNJAWZI-NUZHA:v1p392, ITQAN:v2p418
quotes 74:31: «الا ملايكه» in 4 segment(s): BURHAN:v1p108, DAMGHANI:v1p274, IBNJAWZI-NUZHA:v1p392, ITQAN:v2p418
quotes 74:31: «ملايكه وما» in 0 segment(s): 
quotes 74:31: «امنوا ايمانا» in 3 segment(s): BURHAN:v4p108, DAMGHANI:v1p472, SAMARRAI-LAMASAT-HALAQAT:p782
quotes 74:31: «ايمانا ولا» in 0 segment(s): 
quotes 74:31: «الكتاب والمومنون» in 1 segment(s): BURHAN:v3p268#2
quotes 74:31: «مرض والكافرون» in 1 segment(s): BINTSHATI-IJAZ:p579
quotes 74:31: «والكافرون ماذا» in 1 segment(s): BINTSHATI-IJAZ:p579
quotes 74:31: «مثلا كذالك» in 0 segment(s): 
quotes 74:31: «يعلم جنود» in 3 segment(s): BURHAN:v2p285, DAMGHANI:v1p106, IBNJAWZI-NUZHA:v1p233
quotes 74:31: «جنود ربك» in 3 segment(s): BURHAN:v2p285, DAMGHANI:v1p106, IBNJAWZI-NUZHA:v1p233
quotes 74:31: «هو وما» in 6 segment(s): ITQAN:v2p461, JURJANI-DALAIL:v1p76, JURJANI-DALAIL:v1p179, JURJANI-DALAIL:v1p304, SIBAWAYH:وذلك[قولك]هذاقائمارجلوفيهاقائمارجل|لمالميجزأنتوصف#257, SIBAWAYH:وذلكلأنهمبدءوابالإضمارلأنهمشرطواالتفسيروذلكنووافجرىذلكفي#285
quotes 74:31: «ذكريا للبشر» in 0 segment(s): 
quotes 74:31: «اصحاب النار الا» in 5 segment(s): BURHAN:v1p108, DAMGHANI:v1p274, IBNHISHAM:v1p313#3, IBNJAWZI-NUZHA:v1p392, ITQAN:v2p418
quotes 74:31: «الا فتنه للذين» in 2 segment(s): DAMGHANI:v1p316, IBNHISHAM:v1p313#3
quotes 74:31: «يشا وما يعلم» in 0 segment(s): 
quotes 74:31: «ربك الا هو» in 4 segment(s): BURHAN:v2p285, DAMGHANI:v1p106, IBNHISHAM:v1p403, IBNJAWZI-NUZHA:v1p233
quotes 74:31: «وما هي الا» in 11 segment(s): BURHAN:v1p371, IBNASHUR-FULL:v1p12, IBNASHUR-FULL:v1p61, IBNHIBBAN:3414, IBNQUTAYBA-MUSHKIL:v1p33, ITQAN:v3p196, KASHSHAF-FULL:v1p41, KASHSHAF-FULL:v1p44, MUSNAD-AHMAD:12869, SAMARRAI-LAMASAT-HALAQAT:p802, SIBAWAYH:فيرتفعكماينتصبإذاشغلتالفعلبهوينتصبإذاشغلتالفعلبغيره#89
quotes 74:31: «هي الا ذكريا» in 0 segment(s): 
quotes 74:35: 4 unique window(s): لاحدي | انها لاحدي | لاحدي الكبر | انها لاحدي الكبر
quotes 74:35: «لاحدي» in 9 segment(s): BINTSHATI-IJAZ:p29, BINTSHATI-IJAZ:p130, BURHAN:v2p515, BURHAN:v3p270, BURHAN:v4p172, JISHUMI:v1p471, JURJANI-DALAIL:v1p200, SIBAWAYH:(هذابابتحقيرماكانمنالثلاثةفيهزائدتانتكونفيهبالخيارفي#606, SIBAWAYH:(هذابابتكسيرماعدةحروفهأربعةأحرفللجمع)#660
quotes 74:42: 6 unique window(s): سلككم | ما سلككم | سلككم في | في سقر | ما سلككم في | سلككم في سقر
quotes 74:42: «سلككم» in 8 segment(s): BURHAN:v1p255, DAMGHANI:v1p242, IBNASHUR-FULL:v1p121, IBNJAWZI-NUZHA:v1p351, ITQAN:v1p250#2, ITQAN:v4p431, NASHR:v1p280, SAMARRAI-LAMASAT-HALAQAT:p624
quotes 74:42: «في سقر» in 5 segment(s): BURHAN:v1p255, DAMGHANI:v1p242, IBNASHUR-FULL:v1p121, IBNJAWZI-NUZHA:v1p351, SAMARRAI-LAMASAT-HALAQAT:p624
quotes 74:43: 7 unique window(s): قالوا لم | لم نك | نك من | من المصلين | قالوا لم نك | لم نك من | نك من المصلين
quotes 74:43: «قالوا لم» in 7 segment(s): IBNASHUR-FULL:v1p121, RAZI-FULL:v1p39#2, SIBAWAYH:وإنلمتجعلهبمنزلةاسمليسفيهالهاءلميتغيرعنحالهالتيكان#331, SIBAWAYH:(هذابابالفاء)#475, SIBAWAYH:(هذابابمايحذفمنأواخرالأسماءفيالوقفوهيالياءات)#739, SIBAWAYH:(هذابابماجاءعلىأنفعلتمنهمثلبعتوإنكانلميستعملفيالكلام#796, SIBAWAYH:(هذابابالتضعيففيبناتالواو)#797
quotes 74:43: «لم نك» in 1 segment(s): IBNASHUR-FULL:v1p121
quotes 74:43: «نك من» in 1 segment(s): IBNASHUR-FULL:v1p121
quotes 74:43: «من المصلين» in 2 segment(s): BINTSHATI-IJAZ:p203, IBNASHUR-FULL:v1p121
quotes 74:49: 7 unique window(s): التذكره | لهم عن | عن التذكره | التذكره معرضين | فما لهم عن | لهم عن التذكره | عن التذكره معرضين
NOTE quotes 74:49: window «التذكره» in 82 segments, too common alone; the longer windows that contain it are used instead
quotes 74:49: «لهم عن» in 13 segment(s): BINTSHATI-IJAZ:p594, BURHAN:v2p227, BURHAN:v4p63#2, IBNASHUR-FULL:v1p65, IBNKATHIR-FULL:v1p5#2, JISHUMI:v1p537, JISHUMI:v1p581, JISHUMI:v1p721, JISHUMI:v1p852#2, JISHUMI:v1p926, JISHUMI:v2p977, JISHUMI:v2p986 …
quotes 74:49: «عن التذكره» in 2 segment(s): JISHUMI:v2p977, SIBAWAYH:وذلك[قولك]ماشأنكقائماوماشأنزيدقائماومالأخيكقائمافهذا#226
quotes 74:49: «التذكره معرضين» in 2 segment(s): JISHUMI:v2p977, SIBAWAYH:وذلك[قولك]ماشأنكقائماوماشأنزيدقائماومالأخيكقائمافهذا#226
quotes 74:50: 4 unique window(s): مستنفره | كانهم حمر | حمر مستنفره | كانهم حمر مستنفره
quotes 74:50: «مستنفره» in 3 segment(s): BURHAN:v3p435, MAJAZ:v2p447, NASHR:v2p392
quotes 74:50: «كانهم حمر» in 1 segment(s): BURHAN:v3p435
quotes 74:51: 4 unique window(s): قسوره | فرت من | من قسوره | فرت من قسوره
quotes 74:51: «قسوره» in 5 segment(s): ITQAN:v2p403, ITQAN:v2p408, ITQAN:v4p470, MAJAZ:v2p436, TAB-FULL:v1p13
quotes 74:51: «فرت من» in 1 segment(s): TAB-FULL:v1p13
quotes 74:52: 9 unique window(s): منشره | يريد كل | يوتيا صحفا | صحفا منشره | بل يريد كل | يريد كل امري | منهم ان يوتيا | ان يوتيا صحفا | يوتيا صحفا منشره
quotes 74:52: «منشره» in 5 segment(s): BINTSHATI-IJAZ:p32, BURHAN:v1p368, IBNJAWZI-NUZHA:v1p511, IBNQUTAYBA-MUSHKIL:v1p295#2, ITQAN:v1p235
quotes 74:52: «يريد كل» in 6 segment(s): BURHAN:v4p323, IBNQUTAYBA-GHARIB:v1p24, IBNQUTAYBA-MUSHKIL:v1p295#2, JISHUMI:v1p768, MAWARDI-FULL:v1p40, SIBAWAYH:وذلك[قولك]هذانرجلانوعبداللهمنطلقين|وإنمانصبتالمنطلقين#234
quotes 74:52: «يوتيا صحفا» in 0 segment(s): 
quotes 74:52: «منهم ان يوتيا» in 0 segment(s): 
quotes 74:53: 4 unique window(s): لا يخافون | يخافون الاخره | بل لا يخافون | لا يخافون الاخره
quotes 74:53: «لا يخافون» in 12 segment(s): BINTSHATI-IJAZ:p554, BURHAN:v1p371, DAMGHANI:v1p128, DAMGHANI:v1p196, DAMGHANI:v1p453, IBNQUTAYBA-MUSHKIL:v1p295#2, SAMARRAI-ASRAR-MUH:p67, SAMARRAI-LAMASAT:p110, SAMARRAI-LAMASAT-HALAQAT:p88, SAMARRAI-LAMASAT-HALAQAT:p518, SAMARRAI-LAMASAT-HALAQAT:p784, SAMARRAI-LAMASAT-HALAQAT:p785
quotes 74:53: «يخافون الاخره» in 2 segment(s): BURHAN:v1p371, IBNQUTAYBA-MUSHKIL:v1p295#2
quotes 74:54: 2 unique window(s): انه تذكره | كلا انه تذكره
quotes 74:54: «انه تذكره» in 4 segment(s): BURHAN:v1p65, BURHAN:v1p368, BURHAN:v1p371, IBNJAWZI-NUZHA:v1p511
quotes 74:55: 0 unique window(s): 
quotes 75:4: 10 unique window(s): نسوي | بنانه | بليا قادرين | قادرين عليا | ان نسوي | نسوي بنانه | بليا قادرين عليا | قادرين عليا ان | عليا ان نسوي | ان نسوي بنانه
quotes 75:4: «نسوي» in 8 segment(s): BINTSHATI-IJAZ:p280, BINTSHATI-IJAZ:p283, BINTSHATI-IJAZ:p565, BINTSHATI-IJAZ:p566, BURHAN:v3p113, IBNQUTAYBA-MUSHKIL:v1p206, JURJANI-ASRAR:v1p305, SIBAWAYH:(هذابابالإضافةإلىالجمع)#577
quotes 75:4: «بنانه» in 7 segment(s): BINTSHATI-IJAZ:p280, BINTSHATI-IJAZ:p283, BINTSHATI-IJAZ:p565, BINTSHATI-IJAZ:p566, BURHAN:v3p113, IBNQUTAYBA-MUSHKIL:v1p206, JURJANI-ASRAR:v1p305
quotes 75:4: «بليا قادرين» in 0 segment(s): 
quotes 75:4: «قادرين عليا» in 0 segment(s): 
quotes 75:16: 12 unique window(s): تحرك | لسانك | لتعجل | لا تحرك | تحرك به | به لسانك | لسانك لتعجل | لتعجل به | لا تحرك به | تحرك به لسانك | به لسانك لتعجل | لسانك لتعجل به
NOTE quotes 75:16: window «تحرك» in 84 segments, too common alone; the longer windows that contain it are used instead
quotes 75:16: «لسانك» in 21 segment(s): BURHAN:v1p48, BURHAN:v1p278, BURHAN:v2p68, DAMGHANI:v1p413, IBNASHUR-FULL:v1p80, IBNJAWZI-NUZHA:v1p533, ITQAN:v3p293#3, ITQAN:v3p295, KHATTABI:v1p39, KHATTABI:v1p50, SIBAWAYH:(هذابابالراء)#720, SIBAWAYH:(هذابابمايتقدمأولالحروفوهيزائدةقدمتلإسكانأولالحروف)#723 …
quotes 75:16: «لتعجل» in 8 segment(s): BURHAN:v1p48, DAMGHANI:v1p413, IBNASHUR-FULL:v1p80, IBNJAWZI-NUZHA:v1p533, ITQAN:v3p293#3, ITQAN:v3p295, KHATTABI:v1p39, KHATTABI:v1p50
quotes 75:16: «لا تحرك» in 19 segment(s): BURHAN:v1p48, DAMGHANI:v1p413, IBNASHUR-FULL:v1p80, IBNJAWZI-NUZHA:v1p533, ITQAN:v3p293#3, ITQAN:v3p295, KHATTABI:v1p39, KHATTABI:v1p50, SIBAWAYH:اعلمأنعلامةإضمارالمنصوبالمتكلمنىوعلامةإضمارالمجرورالمتكلم#424, SIBAWAYH:(هذابابنظيرماذكرنامنبناتالياءوالواوالتيالياءاتوالواوات#656, SIBAWAYH:(هذابابتكسيرالصفةللجمع)#668, SIBAWAYH:(هذابابمالايردمنهذهالأحرفالثلاثةلتحركمابعدهاوسأخبركلم#728 …
quotes 75:16: «تحرك به» in 8 segment(s): BURHAN:v1p48, DAMGHANI:v1p413, IBNASHUR-FULL:v1p80, IBNJAWZI-NUZHA:v1p533, ITQAN:v3p293#3, ITQAN:v3p295, KHATTABI:v1p39, KHATTABI:v1p50
quotes 75:17: 6 unique window(s): جمعه | وقرانه | علينا جمعه | جمعه وقرانه | ان علينا جمعه | علينا جمعه وقرانه
NOTE quotes 75:17: window «جمعه» in 100 segments, too common alone; the longer windows that contain it are used instead
quotes 75:17: «وقرانه» in 13 segment(s): BURHAN:v1p276, BURHAN:v1p278, BURHAN:v1p388#2, BURHAN:v2p126, IBNASHUR-FULL:v1p80, IBNATIYYA-FULL:v1p56, IBNJAWZI-NUZHA:v1p499#2, IBNQUTAYBA-GHARIB:v1p33#2, KHATTABI:v1p39, MAJAZ:v1p1#45, MAJAZ:v1p17, TAB-FULL:v1p89#2 …
quotes 75:17: «علينا جمعه» in 13 segment(s): BURHAN:v1p276, BURHAN:v1p278, BURHAN:v1p388#2, BURHAN:v2p126, IBNASHUR-FULL:v1p80, IBNATIYYA-FULL:v1p56, IBNJAWZI-NUZHA:v1p499#2, IBNQUTAYBA-GHARIB:v1p33#2, KHATTABI:v1p39, MAJAZ:v1p1#45, MAJAZ:v1p17, TAB-FULL:v1p89#2 …
quotes 75:18: 7 unique window(s): قراناه | قرانه | فاذا قراناه | قراناه فاتبع | فاتبع قرانه | فاذا قراناه فاتبع | قراناه فاتبع قرانه
quotes 75:18: «قراناه» in 16 segment(s): BURHAN:v3p319, IBNASHUR-FULL:v1p80, ITQAN:v2p335#5, ITQAN:v3p67, ITQAN:v3p293#3, KHATTABI:v1p39, MAJAZ:v1p1#45, MAJAZ:v1p17, MAJAZ:v2p436, MAWARDI-FULL:v1p21, NASHR:v1p88, NASHR:v1p390#4 …
quotes 75:18: «قرانه» in 14 segment(s): BURHAN:v3p319, IBNASHUR-FULL:v1p18#2, IBNASHUR-FULL:v1p80, ITQAN:v2p335#5, ITQAN:v3p293#3, KHATTABI:v1p39, MAJAZ:v1p1#45, MAJAZ:v1p17, MAJAZ:v2p436, MAWARDI-FULL:v1p21, NASHR:v1p414, SAMARRAI-LAMASAT-HALAQAT:p765 …
quotes 75:19: 3 unique window(s): بيانه | علينا بيانه | ان علينا بيانه
NOTE quotes 75:19: window «بيانه» in 81 segments, too common alone; the longer windows that contain it are used instead
quotes 75:19: «علينا بيانه» in 9 segment(s): BURHAN:v1p371, BURHAN:v2p68, BURHAN:v4p268, IBNASHUR-FULL:v1p80, IBNJAWZI-NUZHA:v1p223#2, IBNQUTAYBA-MUSHKIL:v1p295#2, ITQAN:v2p494#3, ITQAN:v3p295, KHATTABI:v1p39
quotes 75:20: 4 unique window(s): بل تحبون | تحبون العاجله | كلا بل تحبون | بل تحبون العاجله
quotes 75:20: «بل تحبون» in 8 segment(s): BINTSHATI-IJAZ:p537, BURHAN:v1p48, BURHAN:v1p368, IBNJAWZI-NUZHA:v1p511, IBNQUTAYBA-MUSHKIL:v1p295#2, KHATTABI:v1p39, KHATTABI:v1p50, SAMARRAI-LAMASAT-HALAQAT:p683
quotes 75:20: «تحبون العاجله» in 9 segment(s): BINTSHATI-IJAZ:p537, BURHAN:v1p48, BURHAN:v1p368, IBNJAWZI-NUZHA:v1p511, IBNQUTAYBA-MUSHKIL:v1p295#2, ITQAN:v3p293#3, KHATTABI:v1p39, KHATTABI:v1p50, SAMARRAI-LAMASAT-HALAQAT:p683
quotes 75:21: 1 unique window(s): وتذرون الاخره
quotes 75:21: «وتذرون الاخره» in 5 segment(s): BINTSHATI-IJAZ:p537, BURHAN:v1p48, KHATTABI:v1p39, KHATTABI:v1p50, SAMARRAI-LAMASAT-HALAQAT:p683
quotes 75:26: 4 unique window(s): التراقي | بلغت التراقي | كلا اذا بلغت | اذا بلغت التراقي
quotes 75:26: «التراقي» in 13 segment(s): BURHAN:v1p73, BURHAN:v1p368, BURHAN:v3p143, BURHAN:v4p26, DAMGHANI:v1p86, IBNASHUR-FULL:v1p122, IBNJAWZI-NUZHA:v1p511, ITQAN:v2p547#2, ITQAN:v2p566, ITQAN:v3p167, ITQAN:v3p279, MAJAZ:v2p415#2 …
quotes 75:26: «كلا اذا بلغت» in 8 segment(s): BURHAN:v1p73, BURHAN:v1p368, BURHAN:v3p143, BURHAN:v4p26, IBNASHUR-FULL:v1p122, IBNJAWZI-NUZHA:v1p511, ITQAN:v2p547#2, SIBAWAYH:(هذابابمايحذفمنأواخرالأسماءفيالوقفوهيالياءات)#739
quotes 75:30: 3 unique window(s): المساق | يوميذ المساق | ربك يوميذ المساق
quotes 75:30: «المساق» in 6 segment(s): BINTSHATI-IJAZ:p553, BURHAN:v3p327, BURHAN:v3p448, ITQAN:v2p372, ITQAN:v3p244, SAMARRAI-ASRAR:r4
quotes 75:31: 5 unique window(s): فلا صدق | صدق ولا | ولا صليا | فلا صدق ولا | صدق ولا صليا
quotes 75:31: «فلا صدق» in 11 segment(s): BURHAN:v3p458, BURHAN:v4p353, BURHAN:v4p355, IBNJAWZI-NUZHA:v1p631#2, IBNQUTAYBA-MUSHKIL:v1p292, ITQAN:v2p500, ITQAN:v4p394, NASHR:v2p112, SAMARRAI-LAMASAT-HALAQAT:p684, SAMARRAI-LAMASAT-HALAQAT:p685, SAMARRAI-LAMASAT-HALAQAT:p871
quotes 75:31: «صدق ولا» in 10 segment(s): BURHAN:v3p458, BURHAN:v4p353, BURHAN:v4p355, IBNJAWZI-NUZHA:v1p631#2, IBNQUTAYBA-MUSHKIL:v1p292, ITQAN:v2p500, ITQAN:v4p394, NASHR:v2p112, SAMARRAI-LAMASAT-HALAQAT:p684, SAMARRAI-LAMASAT-HALAQAT:p871
quotes 75:31: «ولا صليا» in 0 segment(s): 
quotes 75:32: 2 unique window(s): ولاكن كذب | ولاكن كذب وتوليا
quotes 75:32: «ولاكن كذب» in 0 segment(s): 
quotes 75:33: 7 unique window(s): يتمطيا | ثم ذهب | ذهب اليا | اهله يتمطيا | ثم ذهب اليا | ذهب اليا اهله | اليا اهله يتمطيا
quotes 75:33: «يتمطيا» in 0 segment(s): 
quotes 75:33: «ثم ذهب» in 4 segment(s): BURHAN:v1p493, MAJAZ:v1p10#2, SIBAWAYH:(هذابابماالياءوالواوفيهثانيةوهمافيموضعالعينمنه)#775, YKHULI-TAJDID:c2
quotes 75:33: «ذهب اليا» in 0 segment(s): 
quotes 75:36: 7 unique window(s): يترك | الانسان ان | ان يترك | يترك سدي | ايحسب الانسان ان | الانسان ان يترك | ان يترك سدي
NOTE quotes 75:36: window «يترك» in 61 segments, too common alone; the longer windows that contain it are used instead
quotes 75:36: «الانسان ان» in 15 segment(s): BURHAN:v4p44, DAMGHANI:v1p51, IBNQUTAYBA-MUSHKIL:v1p206, JISHUMI:v1p541, JURJANI-ASRAR:v1p123, JURJANI-DALAIL:v1p44, JURJANI-DALAIL:v1p134, JURJANI-DALAIL:v1p326, SAMARRAI-ASRAR-MUH:p113, SAMARRAI-ASRAR-MUH:p124, SAMARRAI-LAMASAT-HALAQAT:p562, SAMARRAI-LAMASAT-HALAQAT:p573 …
quotes 75:36: «ان يترك» in 7 segment(s): IBNASHUR-FULL:v1p5, IBNKATHIR-FULL:v1p74, ITQAN:v2p394, JURJANI-DALAIL:v1p131, JURJANI-DALAIL:v1p184, NASHR:v2p73, NASHR:v2p233
quotes 75:36: «يترك سدي» in 1 segment(s): NASHR:v2p73
quotes 75:37: 10 unique window(s): يمنيا | الم يك | يك نطفه | نطفه من | من مني | مني يمنيا | الم يك نطفه | يك نطفه من | نطفه من مني | من مني يمنيا
quotes 75:37: «يمنيا» in 0 segment(s): 
quotes 75:37: «الم يك» in 5 segment(s): BURHAN:v1p147#2, BURHAN:v1p407#2, SAMARRAI-ASRAR:r5, SAMARRAI-LAMASAT-HALAQAT:p649, SAMARRAI-LAMASAT-HALAQAT:p1069
quotes 75:37: «يك نطفه» in 5 segment(s): BURHAN:v1p147#2, BURHAN:v1p407#2, SAMARRAI-ASRAR:r5, SAMARRAI-LAMASAT-HALAQAT:p649, SAMARRAI-LAMASAT-HALAQAT:p1069
quotes 75:37: «نطفه من» in 3 segment(s): GHARNATI:v1p179, SAMARRAI-LAMASAT-HALAQAT:p649, SAMARRAI-LAMASAT-HALAQAT:p1069
quotes 75:37: «من مني» in 10 segment(s): BAQILLANI:v1p132#2, BAQILLANI:v1p212, BAQILLANI:v1p220, GHARNATI:v1p179, JISHUMI:v1p833, JURJANI-ASRAR:v1p15, SAMARRAI-LAMASAT-HALAQAT:p649, SAMARRAI-LAMASAT-HALAQAT:p1069, SIBAWAYH:إذاقلتإنهمنيأتنانأتهوإنهأمةاللهذاهبةPageV01P069|فمنذلك#42, SIBAWAYH:وهىحروفالنفىشبهوهابحروفالاستفهامحيثقدمالاسمقبلالفعللأنهن#67
quotes 75:38: 7 unique window(s): فخلق | كان علقه | علقه فخلق | فخلق فسويا | ثم كان علقه | كان علقه فخلق | علقه فخلق فسويا
quotes 75:38: «فخلق» in 6 segment(s): BURHAN:v3p242, JISHUMI:v1p681, SAMARRAI-ASRAR:r4, SAMARRAI-ASRAR-MUH:p29, SAMARRAI-LAMASAT-HALAQAT:p480, SAMARRAI-LAMASAT-HALAQAT:p1069
quotes 75:38: «كان علقه» in 1 segment(s): SAMARRAI-LAMASAT-HALAQAT:p1069
quotes 75:40: 4 unique window(s): اليس ذالك | ذالك بقادر | اليس ذالك بقادر | ذالك بقادر عليا
quotes 75:40: «اليس ذالك» in 0 segment(s): 
quotes 75:40: «ذالك بقادر» in 0 segment(s): 
quotes 76:3: 12 unique window(s): هديناه | انا هديناه | هديناه السبيل | السبيل اما | اما شاكرا | شاكرا واما | واما كفورا | انا هديناه السبيل | هديناه السبيل اما | السبيل اما شاكرا | اما شاكرا واما | شاكرا واما كفورا
quotes 76:3: «هديناه» in 5 segment(s): BURHAN:v2p513, DAMGHANI:v1p150, IBNJAWZI-NUZHA:v1p625#2, SAMARRAI-ASRAR-MUH:p51, SAMARRAI-LAMASAT-HALAQAT:p502
quotes 76:3: «السبيل اما» in 3 segment(s): BURHAN:v2p513, SAMARRAI-ASRAR-MUH:p51, SAMARRAI-LAMASAT-HALAQAT:p502
quotes 76:3: «اما شاكرا» in 7 segment(s): BURHAN:v2p513, BURHAN:v4p244, ITQAN:v2p448#2, ITQAN:v2p523#4, SAMARRAI-ASRAR:r4#5, SAMARRAI-ASRAR-MUH:p51, SAMARRAI-LAMASAT-HALAQAT:p502
quotes 76:3: «شاكرا واما» in 7 segment(s): BURHAN:v2p513, BURHAN:v4p244, ITQAN:v2p448#2, ITQAN:v2p523#4, SAMARRAI-ASRAR:r4#5, SAMARRAI-ASRAR-MUH:p51, SAMARRAI-LAMASAT-HALAQAT:p502
quotes 76:3: «واما كفورا» in 7 segment(s): BURHAN:v2p513, BURHAN:v4p244, ITQAN:v2p448#2, ITQAN:v2p523#4, SAMARRAI-ASRAR:r4#5, SAMARRAI-ASRAR-MUH:p51, SAMARRAI-LAMASAT-HALAQAT:p502
quotes 76:23: 4 unique window(s): القران تنزيلا | نحن نزلنا عليك | نزلنا عليك القران | عليك القران تنزيلا
quotes 76:23: «القران تنزيلا» in 1 segment(s): ITQAN:v3p16
quotes 76:23: «نحن نزلنا عليك» in 1 segment(s): ITQAN:v3p16
quotes 76:23: «نزلنا عليك القران» in 1 segment(s): ITQAN:v3p16
quotes 76:25: 3 unique window(s): ربك بكره | اسم ربك بكره | ربك بكره واصيلا
quotes 76:25: «ربك بكره» in 0 segment(s): 
quotes 76:26: 12 unique window(s): فاسجد | وسبحه | اليل فاسجد | فاسجد له | له وسبحه | وسبحه ليلا | ليلا طويلا | ومن اليل فاسجد | اليل فاسجد له | فاسجد له وسبحه | له وسبحه ليلا | وسبحه ليلا طويلا
quotes 76:26: «فاسجد» in 1 segment(s): ITQAN:v3p98
quotes 76:26: «وسبحه» in 2 segment(s): NASHR:v1p218, NASHR:v1p223
quotes 76:26: «ليلا طويلا» in 0 segment(s): 
quotes 79:17: 0 unique window(s): 
quotes 79:18: 9 unique window(s): فقل هل | هل لك | لك اليا | اليا ان | ان تزكيا | فقل هل لك | هل لك اليا | لك اليا ان | اليا ان تزكيا
quotes 79:18: «فقل هل» in 0 segment(s): 
quotes 79:18: «هل لك» in 11 segment(s): BURHAN:v3p339, BURHAN:v4p233, BURHAN:v4p434, DURR-FULL:v1p10, ITQAN:v1p69, ITQAN:v2p444, ITQAN:v2p522#4, ITQAN:v2p557, ITQAN:v3p109, JISHUMI:v1p888, SIBAWAYH:(هذابابالظروفالمبهمةغيرالمتمكنة)#549
quotes 79:18: «لك اليا» in 0 segment(s): 
quotes 79:18: «اليا ان» in 2 segment(s): NASHR:v2p189, SIBAWAYH:(هذابابتثنيةماكانمنالمنقوصعلىثلاثةأحرف)#582
quotes 79:18: «ان تزكيا» in 0 segment(s): 
quotes 79:19: 6 unique window(s): واهديك | فتخشيا | واهديك اليا | ربك فتخشيا | واهديك اليا ربك | اليا ربك فتخشيا
quotes 79:19: «واهديك» in 1 segment(s): BINTSHATI-IJAZ:p227
quotes 79:19: «فتخشيا» in 0 segment(s): 
quotes 79:20: 5 unique window(s): فارياه | الايه | فارياه الايه | الايه الكبريا | فارياه الايه الكبريا
quotes 79:20: «فارياه» in 0 segment(s): 
NOTE quotes 79:20: window «الايه» in 1897 segments, too common alone; the longer windows that contain it are used instead
quotes 79:20: «الايه الكبريا» in 0 segment(s): 
quotes 79:23: 2 unique window(s): فحشر | فحشر فناديا
quotes 79:23: «فحشر» in 0 segment(s): 
quotes 79:24: 5 unique window(s): فقال انا | انا ربكم | ربكم الاعليا | فقال انا ربكم | انا ربكم الاعليا
quotes 79:24: «فقال انا» in 11 segment(s): BINTSHATI-IJAZ:p278, BURHAN:v4p181, IBNKATHIR-FULL:v1p25, IBNQUTAYBA-MUSHKIL:v1p74, IBNQUTAYBA-MUSHKIL:v1p167, ITQAN:v1p161, JISHUMI:v1p821, JISHUMI:v1p838, NASHR:v2p425, SIBAWAYH:والأسماءالمبهمةهذاوهذانوهذهوهاتانوهؤلاءوذلكPageV02P077وذانك#232, SIBAWAYH:إذاأنكرتأنتثبترأيهعلىماذكرأوتنكرأنيكونرأيهعلىخلافما#462
quotes 79:24: «انا ربكم» in 3 segment(s): BINTSHATI-IJAZ:p278, BURHAN:v2p60, BURHAN:v2p334
quotes 79:24: «ربكم الاعليا» in 0 segment(s): 
quotes 79:25: 8 unique window(s): فاخذه | نكال | فاخذه الله | الله نكال | نكال الاخره | فاخذه الله نكال | الله نكال الاخره | نكال الاخره والاوليا
quotes 79:25: «فاخذه» in 4 segment(s): ALUSI-FULL:v1p8, BAQILLANI:v1p76, BINTSHATI-IJAZ:p278, BURHAN:v3p263
quotes 79:25: «نكال» in 3 segment(s): BINTSHATI-IJAZ:p278, BURHAN:v3p263, ITQAN:v2p339#7
quotes 79:26: 3 unique window(s): لعبره لمن | ذالك لعبره لمن | لعبره لمن يخشيا
quotes 79:26: «لعبره لمن» in 1 segment(s): BURHAN:v3p192
quotes 79:27: 6 unique window(s): انتم اشد | ام السما | السما بنياها | انتم اشد خلقا | خلقا ام السما | ام السما بنياها
quotes 79:27: «انتم اشد» in 0 segment(s): 
quotes 79:27: «ام السما» in 7 segment(s): DAMGHANI:v1p162, IBNASHUR-FULL:v1p82#2, IBNQUTAYBA-MUSHKIL:v1p25, IBNQUTAYBA-MUSHKIL:v1p47, ITQAN:v2p445#3, ITQAN:v3p72, JISHUMI:v1p615
quotes 79:27: «السما بنياها» in 0 segment(s): 
quotes 79:28: 4 unique window(s): سمكها | رفع سمكها | سمكها فسوياها | رفع سمكها فسوياها
quotes 79:28: «سمكها» in 4 segment(s): IBNQUTAYBA-MUSHKIL:v1p25, IBNQUTAYBA-MUSHKIL:v1p47, ITQAN:v2p336#3, JURJANI-ASRAR:v1p152
quotes 79:31: 6 unique window(s): ماها | ومرعياها | منها ماها | ماها ومرعياها | اخرج منها ماها | منها ماها ومرعياها
quotes 79:31: «ماها» in 6 segment(s): BURHAN:v1p475#3, BURHAN:v3p225, IBNASHUR-FULL:v1p20, IBNQUTAYBA-MUSHKIL:v1p11, ITQAN:v3p147, SAMARRAI-LAMASAT-HALAQAT:p1077
quotes 79:31: «ومرعياها» in 0 segment(s): 
quotes 79:33: 0 unique window(s): 
quotes 79:34: 5 unique window(s): الطامه | جات الطامه | الطامه الكبريا | فاذا جات الطامه | جات الطامه الكبريا
quotes 79:34: «الطامه» in 6 segment(s): BINTSHATI-IJAZ:p274, ITQAN:v2p338#3, NASHR:v2p82, SAMARRAI-LAMASAT:p98, SAMARRAI-LAMASAT-HALAQAT:p76, SAMARRAI-LAMASAT-HALAQAT:p1052
quotes 79:35: 4 unique window(s): يوم يتذكر | يوم يتذكر الانسان | يتذكر الانسان ما | الانسان ما سعيا
quotes 79:35: «يوم يتذكر» in 2 segment(s): IBNJAWZI-NUZHA:v1p176#2, SAMARRAI-LAMASAT-HALAQAT:p1052
quotes 79:35: «يتذكر الانسان ما» in 2 segment(s): IBNJAWZI-NUZHA:v1p176#2, SAMARRAI-LAMASAT-HALAQAT:p1052
quotes 79:35: «الانسان ما سعيا» in 0 segment(s): 
quotes 79:37: 2 unique window(s): من طغيا | فاما من طغيا
quotes 79:37: «من طغيا» in 0 segment(s): 
quotes 79:38: 3 unique window(s): واثر | واثر الحيواه | واثر الحيواه الدنيا
quotes 79:38: «واثر» in 12 segment(s): BINTSHATI-IJAZ:p267, BURHAN:v3p22, BURHAN:v3p119, BURHAN:v4p37, IBNQUTAYBA-MUSHKIL:v1p73, ITQAN:v3p163, JURJANI-ASRAR:v1p19, JURJANI-ASRAR:v1p236, JURJANI-ASRAR:v1p305, JURJANI-DALAIL:v1p26, JURJANI-DALAIL:v1p42, RIFAI-KHULI:c4
quotes 79:39: 4 unique window(s): فان الجحيم | الجحيم هي | فان الجحيم هي | الجحيم هي الماويا
quotes 79:39: «فان الجحيم» in 2 segment(s): BURHAN:v4p37, BURHAN:v4p334
quotes 79:39: «الجحيم هي» in 2 segment(s): BURHAN:v4p37, BURHAN:v4p334
quotes 79:40: 11 unique window(s): ونهي | من خاف | ربه ونهي | ونهي النفس | النفس عن | واما من خاف | من خاف مقام | مقام ربه ونهي | ربه ونهي النفس | ونهي النفس عن | النفس عن الهويا
NOTE quotes 79:40: window «ونهي» in 47 segments, too common alone; the longer windows that contain it are used instead
quotes 79:40: «من خاف» in 4 segment(s): BURHAN:v1p63, BURHAN:v4p37, DAMGHANI:v1p394, JISHUMI:v1p800
quotes 79:40: «ربه ونهي» in 2 segment(s): BURHAN:v1p63, BURHAN:v4p37
quotes 79:40: «ونهي النفس» in 4 segment(s): BURHAN:v1p63, BURHAN:v2p296, BURHAN:v4p37, DAMGHANI:v1p477
quotes 79:40: «النفس عن» in 11 segment(s): BURHAN:v1p63, BURHAN:v2p296, BURHAN:v2p384, BURHAN:v3p225, BURHAN:v4p37, DAMGHANI:v1p477, IBNJAWZI-NUZHA:v1p485, IBNQUTAYBA-MUSHKIL:v1p11, JISHUMI:v1p701#2, JISHUMI:v1p798, JURJANI-ASRAR:v1p262#2
quotes 80:1: 1 unique window(s): عبس وتوليا
quotes 80:1: «عبس وتوليا» in 0 segment(s): 
quotes 80:2: 3 unique window(s): ان جاه | جاه الاعميا | ان جاه الاعميا
quotes 80:2: «ان جاه» in 3 segment(s): DAMGHANI:v1p332, IBNJAWZI-NUZHA:v1p121, ITQAN:v4p394
quotes 80:2: «جاه الاعميا» in 0 segment(s): 
quotes 80:3: 4 unique window(s): يدريك لعله | لعله يزكيا | وما يدريك لعله | يدريك لعله يزكيا
quotes 80:3: «يدريك لعله» in 2 segment(s): BURHAN:v4p393, ITQAN:v2p504#3
quotes 80:3: «لعله يزكيا» in 0 segment(s): 
quotes 80:4: 6 unique window(s): فتنفعه | او يذكر | يذكر فتنفعه | فتنفعه الذكريا | او يذكر فتنفعه | يذكر فتنفعه الذكريا
quotes 80:4: «فتنفعه» in 2 segment(s): DAMGHANI:v1p55, NASHR:v2p397#2
quotes 80:4: «او يذكر» in 4 segment(s): DAMGHANI:v1p55, SAMARRAI-ASRAR-MUH:p23, SAMARRAI-LAMASAT-HALAQAT:p474, SAMARRAI-LAMASAT-HALAQAT:p641
quotes 80:5: 2 unique window(s): من استغنيا | اما من استغنيا
quotes 80:5: «من استغنيا» in 0 segment(s): 
quotes 80:7: 4 unique window(s): وما عليك | الا يزكيا | وما عليك الا | عليك الا يزكيا
quotes 80:7: «وما عليك» in 2 segment(s): BINTSHATI-IJAZ:p550, DAMGHANI:v1p215
quotes 80:7: «الا يزكيا» in 0 segment(s): 
quotes 80:8: 4 unique window(s): من جاك | جاك يسعيا | واما من جاك | من جاك يسعيا
quotes 80:8: «من جاك» in 3 segment(s): BURHAN:v2p326, DAMGHANI:v1p237, SAMARRAI-LAMASAT:p197
quotes 80:8: «جاك يسعيا» in 0 segment(s): 
quotes 80:9: 1 unique window(s): وهو يخشيا
quotes 80:9: «وهو يخشيا» in 0 segment(s): 
quotes 80:19: 4 unique window(s): نطفه خلقه | خلقه فقدره | من نطفه خلقه | نطفه خلقه فقدره
quotes 80:19: «نطفه خلقه» in 4 segment(s): BINTSHATI-IJAZ:p531, BURHAN:v4p92, BURHAN:v4p93, ITQAN:v2p556
quotes 80:19: «خلقه فقدره» in 1 segment(s): BINTSHATI-IJAZ:p531
quotes 80:20: 4 unique window(s): يسره | ثم السبيل | السبيل يسره | ثم السبيل يسره
quotes 80:20: «يسره» in 6 segment(s): ALUSI-FULL:v1p15, BINTSHATI-IJAZ:p531, BURHAN:v2p303, IBNQUTAYBA-MUSHKIL:v1p42, NASHR:v2p89, NASHR:v2p291
quotes 80:20: «ثم السبيل» in 1 segment(s): BINTSHATI-IJAZ:p531
quotes 80:24: 5 unique window(s): طعامه | الانسان اليا | اليا طعامه | فلينظر الانسان اليا | الانسان اليا طعامه
quotes 80:24: «طعامه» in 12 segment(s): BAQILLANI:v1p164, BINTSHATI-IJAZ:p549, BURHAN:v4p249, DAMGHANI:v1p51, IBNJAWZI-NUZHA:v1p181, IBNJAWZI-NUZHA:v1p587, IBNQUTAYBA-MUSHKIL:v1p47, ITQAN:v3p35, SAMARRAI-ASRAR:r4#3, SAMARRAI-ASRAR-MUH:p41, SAMARRAI-LAMASAT:p196, SAMARRAI-LAMASAT-HALAQAT:p492
quotes 80:24: «الانسان اليا» in 0 segment(s): 
quotes 80:26: 6 unique window(s): شققنا | ثم شققنا | شققنا الارض | الارض شقا | ثم شققنا الارض | شققنا الارض شقا
quotes 80:26: «شققنا» in 3 segment(s): BINTSHATI-IJAZ:p549, SAMARRAI-ASRAR-MUH:p41, SAMARRAI-LAMASAT-HALAQAT:p492
quotes 80:26: «الارض شقا» in 4 segment(s): BINTSHATI-IJAZ:p549, NASHR:v1p293, SAMARRAI-ASRAR-MUH:p41, SAMARRAI-LAMASAT-HALAQAT:p492
quotes 80:27: 2 unique window(s): فيها حبا | فانبتنا فيها حبا
quotes 80:27: «فيها حبا» in 8 segment(s): BINTSHATI-IJAZ:p429, BINTSHATI-IJAZ:p549, DAMGHANI:v1p447, IBNJAWZI-NUZHA:v1p581, IBNKATHIR-FULL:v1p11, SAMARRAI-ASRAR:r4#3, SAMARRAI-ASRAR-MUH:p41, SAMARRAI-LAMASAT-HALAQAT:p492
quotes 81:10: 4 unique window(s): نشرت | واذا الصحف | الصحف نشرت | واذا الصحف نشرت
quotes 81:10: «نشرت» in 4 segment(s): BINTSHATI-IJAZ:p25, BINTSHATI-IJAZ:p241, JURJANI-ASRAR:v1p146, NASHR:v2p398
quotes 81:10: «واذا الصحف» in 1 segment(s): BINTSHATI-IJAZ:p241
quotes 82:7: 7 unique window(s): فسوياك | فعدلك | الذي خلقك | خلقك فسوياك | فسوياك فعدلك | الذي خلقك فسوياك | خلقك فسوياك فعدلك
quotes 82:7: «فسوياك» in 0 segment(s): 
quotes 82:7: «فعدلك» in 2 segment(s): IBNJAWZI-NUZHA:v1p352, NASHR:v2p398
quotes 82:7: «الذي خلقك» in 0 segment(s): 
quotes 87:1: 5 unique window(s): الاعلي | سبح اسم | ربك الاعلي | سبح اسم ربك | اسم ربك الاعلي
NOTE quotes 87:1: window «الاعلي» in 173 segments, too common alone; the longer windows that contain it are used instead
quotes 87:1: «سبح اسم» in 22 segment(s): BINTSHATI-IJAZ:p271, BURHAN:v1p65, BURHAN:v1p164#2, BURHAN:v1p180#4, BURHAN:v1p193, BURHAN:v2p296, BURHAN:v2p446, BURHAN:v3p199, BURHAN:v4p170, DAMGHANI:v1p246, IBNJAWZI-NUZHA:v1p627, IBNKATHIR-FULL:v1p49 …
quotes 87:1: «ربك الاعلي» in 20 segment(s): BINTSHATI-IJAZ:p271, BURHAN:v1p65, BURHAN:v1p164#2, BURHAN:v1p180#4, BURHAN:v1p193, BURHAN:v2p296, BURHAN:v2p446, BURHAN:v3p199, BURHAN:v4p170, IBNJAWZI-NUZHA:v1p627, IBNKATHIR-FULL:v1p49, ITQAN:v1p37 …
quotes 87:2: 2 unique window(s): خلق فسويا | الذي خلق فسويا
quotes 87:2: «خلق فسويا» in 0 segment(s): 
quotes 87:3: 3 unique window(s): والذي قدر | قدر فهديا | والذي قدر فهديا
quotes 87:3: «والذي قدر» in 7 segment(s): BURHAN:v2p446, DAMGHANI:v1p371, DAMGHANI:v1p475, IBNJAWZI-NUZHA:v1p627, IBNQUTAYBA-MUSHKIL:v1p248, NASHR:v2p399#2, RUMMANI:v1p101
quotes 87:3: «قدر فهديا» in 0 segment(s): 
quotes 87:4: 4 unique window(s): المرعيا | والذي اخرج | اخرج المرعيا | والذي اخرج المرعيا
quotes 87:4: «المرعيا» in 0 segment(s): 
quotes 87:4: «والذي اخرج» in 2 segment(s): BURHAN:v4p295, ITQAN:v3p34
quotes 87:5: 4 unique window(s): احويا | فجعله غثا | غثا احويا | فجعله غثا احويا
quotes 87:5: «احويا» in 1 segment(s): SIBAWAYH:(هذابابالتضعيففيبناتالواو)#797
quotes 87:5: «فجعله غثا» in 5 segment(s): BURHAN:v3p279, BURHAN:v4p295, BURHAN:v4p297, ITQAN:v3p34, ITQAN:v3p269
quotes 87:6: 4 unique window(s): سنقريك | سنقريك فلا | فلا تنسيا | سنقريك فلا تنسيا
quotes 87:6: «سنقريك» in 14 segment(s): BURHAN:v1p237, BURHAN:v4p297, BURHAN:v4p353, DAMGHANI:v1p426, DAMGHANI:v1p453, IBNJAWZI-NUZHA:v1p579#2, IBNJAWZI-NUZHA:v1p631#2, ITQAN:v3p265, ITQAN:v4p430, ITQAN:v4p448, NASHR:v1p444, NASHR:v1p445 …
quotes 87:6: «فلا تنسيا» in 0 segment(s): 
quotes 87:7: 5 unique window(s): الجهر وما | شا الله انه | الله انه يعلم | يعلم الجهر وما | الجهر وما يخفيا
quotes 87:7: «الجهر وما» in 0 segment(s): 
quotes 87:7: «شا الله انه» in 0 segment(s): 
quotes 87:7: «الله انه يعلم» in 0 segment(s): 
quotes 87:8: 2 unique window(s): ونيسرك | ونيسرك لليسريا
quotes 87:8: «ونيسرك» in 0 segment(s): 
quotes 87:9: 6 unique window(s): نفعت | فذكر ان | ان نفعت | نفعت الذكريا | فذكر ان نفعت | ان نفعت الذكريا
quotes 87:9: «نفعت» in 3 segment(s): BURHAN:v1p126, IBNJAWZI-NUZHA:v1p129, ITQAN:v2p451#2
quotes 87:9: «فذكر ان» in 14 segment(s): BINTSHATI-IJAZ:p105, IBNJAWZI-NUZHA:v1p129, IBNJAWZI-NUZHA:v1p486, ITQAN:v2p451#2, JURJANI-DALAIL:v1p230, NASHR:v1p298, SAMARRAI-ASRAR:r4#5, SAMARRAI-ASRAR:r5#3, SAMARRAI-ASRAR:r7, SAMARRAI-ASRAR:r10#5, SAMARRAI-ASRAR:r12#3, SAMARRAI-ASRAR:r15#3 …
quotes 87:10: 4 unique window(s): سيذكر | سيذكر من | من يخشيا | سيذكر من يخشيا
quotes 87:10: «سيذكر» in 3 segment(s): ITQAN:v4p462#2, JISHUMI:v1p519, NASHR:v2p152
quotes 87:10: «من يخشيا» in 0 segment(s): 
quotes 87:11: 2 unique window(s): ويتجنبها | ويتجنبها الاشقي
quotes 87:11: «ويتجنبها» in 1 segment(s): JISHUMI:v1p519
quotes 87:12: 4 unique window(s): يصلي النار | النار الكبريا | الذي يصلي النار | يصلي النار الكبريا
quotes 87:12: «يصلي النار» in 1 segment(s): NASHR:v2p112
quotes 87:12: «النار الكبريا» in 0 segment(s): 
quotes 87:13: 1 unique window(s): ثم لا يموت
quotes 87:13: «ثم لا يموت» in 1 segment(s): ITQAN:v3p208#3
quotes 87:14: 1 unique window(s): افلح من تزكيا
quotes 87:14: «افلح من تزكيا» in 0 segment(s): 
quotes 87:15: 6 unique window(s): فصليا | وذكر اسم | اسم ربه | ربه فصليا | وذكر اسم ربه | اسم ربه فصليا
quotes 87:15: «فصليا» in 0 segment(s): 
quotes 87:15: «وذكر اسم» in 9 segment(s): BURHAN:v4p90, BURHAN:v4p259, ITQAN:v1p106, ITQAN:v2p338#2, ITQAN:v2p464#2, ITQAN:v4p535#3, NASHR:v2p112, SAMARRAI-LAMASAT:p138, SAMARRAI-LAMASAT:p141
quotes 87:15: «اسم ربه» in 8 segment(s): BURHAN:v4p259, ITQAN:v1p106, ITQAN:v2p338#2, ITQAN:v2p464#2, ITQAN:v4p535#3, NASHR:v2p112, SAMARRAI-LAMASAT:p138, SAMARRAI-LAMASAT:p141
quotes 87:16: 5 unique window(s): توثرون | بل توثرون | توثرون الحيواه | بل توثرون الحيواه | توثرون الحيواه الدنيا
quotes 87:16: «توثرون» in 4 segment(s): BURHAN:v4p259, ITQAN:v2p464#2, NASHR:v2p7, NASHR:v2p399#2
quotes 87:17: 1 unique window(s): والاخره خير وابقيا
quotes 87:17: «والاخره خير وابقيا» in 0 segment(s): 
quotes 87:18: 5 unique window(s): هاذا لفي | لفي الصحف | ان هاذا لفي | هاذا لفي الصحف | لفي الصحف الاوليا
quotes 87:18: «هاذا لفي» in 0 segment(s): 
quotes 87:18: «لفي الصحف» in 6 segment(s): BURHAN:v2p38, BURHAN:v4p130, ITQAN:v1p115, ITQAN:v1p144, ITQAN:v3p69, ITQAN:v4p535#3
quotes 87:19: 2 unique window(s): صحف ابراهيم | صحف ابراهيم وموسيا
quotes 87:19: «صحف ابراهيم» in 7 segment(s): BURHAN:v2p38, BURHAN:v3p239#4, ITQAN:v1p114, ITQAN:v3p38, ITQAN:v3p69, ITQAN:v4p535#3, WAHIDI-ASBAB:v1p15
quotes 88:21: 5 unique window(s): مذكر | فذكر انما | انت مذكر | فذكر انما انت | انما انت مذكر
NOTE quotes 88:21: window «مذكر» in 56 segments, too common alone; the longer windows that contain it are used instead
quotes 88:21: «فذكر انما» in 1 segment(s): DAMGHANI:v1p180
quotes 88:21: «انت مذكر» in 2 segment(s): DAMGHANI:v1p180, JURJANI-DALAIL:v1p268
quotes 88:22: 4 unique window(s): بمصيطر | لست عليهم | عليهم بمصيطر | لست عليهم بمصيطر
quotes 88:22: «بمصيطر» in 4 segment(s): BURHAN:v4p235, ITQAN:v2p338#3, JURJANI-DALAIL:v1p268, NASHR:v2p377#2
quotes 88:22: «لست عليهم» in 2 segment(s): BURHAN:v4p235, JURJANI-DALAIL:v1p268
quotes 89:16: 14 unique window(s): فقدر | اهانن | واما اذا | ابتلياه فقدر | فقدر عليه | رزقه فيقول | ربي اهانن | واما اذا ما | ما ابتلياه فقدر | ابتلياه فقدر عليه | فقدر عليه رزقه | عليه رزقه فيقول | رزقه فيقول ربي | فيقول ربي اهانن
quotes 89:16: «فقدر» in 4 segment(s): IBNQUTAYBA-MUSHKIL:v1p233, JISHUMI:v1p659, JURJANI-DALAIL:v1p282, NASHR:v2p399#2
quotes 89:16: «اهانن» in 7 segment(s): BINTSHATI-IJAZ:p486, BURHAN:v1p368, BURHAN:v1p400, IBNJAWZI-NUZHA:v1p511, ITQAN:v1p235, ITQAN:v4p446, SIBAWAYH:(هذابابمايحذفمنالأسماءمنالياءاتفيالوقفالتيلاتذهبفي#740
quotes 89:16: «واما اذا» in 31 segment(s): ALUSI-FULL:v1p13, BAQILLANI:v1p232, BINTSHATI-IJAZ:p226, BURHAN:v1p331, BURHAN:v2p206, BURHAN:v2p362, BURHAN:v2p435, BURHAN:v3p113, BURHAN:v4p131, BURHAN:v4p136, BURHAN:v4p199, BURHAN:v4p390 …
quotes 89:16: «رزقه فيقول» in 0 segment(s): 
quotes 89:17: 5 unique window(s): تكرمون | لا تكرمون | تكرمون اليتيم | بل لا تكرمون | لا تكرمون اليتيم
quotes 89:17: «تكرمون» in 3 segment(s): BINTSHATI-IJAZ:p573, ITQAN:v2p329#5, NASHR:v2p399#2
quotes 89:23: 14 unique window(s): وجاي يوميذ | يوميذ بجهنم | بجهنم يوميذ | يوميذ يتذكر | الانسان وانيا | وانيا له | له الذكريا | وجاي يوميذ بجهنم | يوميذ بجهنم يوميذ | بجهنم يوميذ يتذكر | يوميذ يتذكر الانسان | يتذكر الانسان وانيا | الانسان وانيا له | وانيا له الذكريا
quotes 89:23: «وجاي يوميذ» in 0 segment(s): 
quotes 89:23: «يوميذ بجهنم» in 5 segment(s): BINTSHATI-IJAZ:p240, BURHAN:v1p384, BURHAN:v4p81, ITQAN:v2p569, SAMARRAI-LAMASAT-HALAQAT:p1052
quotes 89:23: «بجهنم يوميذ» in 2 segment(s): BINTSHATI-IJAZ:p240, SAMARRAI-LAMASAT-HALAQAT:p1052
quotes 89:23: «يوميذ يتذكر» in 4 segment(s): BINTSHATI-IJAZ:p240, DAMGHANI:v1p51, IBNJAWZI-NUZHA:v1p181, SAMARRAI-LAMASAT-HALAQAT:p1052
quotes 89:23: «الانسان وانيا» in 0 segment(s): 
quotes 89:23: «وانيا له» in 0 segment(s): 
quotes 89:23: «له الذكريا» in 0 segment(s): 
quotes 89:24: 5 unique window(s): لحياتي | ياليتني قدمت | قدمت لحياتي | يقول ياليتني قدمت | ياليتني قدمت لحياتي
quotes 89:24: «لحياتي» in 2 segment(s): BURHAN:v4p341, ITQAN:v2p497
quotes 89:24: «ياليتني قدمت» in 0 segment(s): 
quotes 90:10: 3 unique window(s): وهديناه | النجدين | وهديناه النجدين
quotes 90:10: «وهديناه» in 2 segment(s): BINTSHATI-IJAZ:p316, IBNJAWZI-NUZHA:v1p625#2
quotes 90:10: «النجدين» in 5 segment(s): BINTSHATI-IJAZ:p316, IBNJAWZI-NUZHA:v1p625#2, ITQAN:v2p338#5, MAJAZ:v2p444#2, NASHR:v1p203
quotes 91:7: 5 unique window(s): ونفس | سوياها | ونفس وما | وما سوياها | ونفس وما سوياها
quotes 91:7: «ونفس» in 16 segment(s): BURHAN:v1p413, BURHAN:v2p5, BURHAN:v3p42, IBNJAWZI-NUZHA:v1p213, IBNJAWZI-NUZHA:v1p566, IBNQUTAYBA-MUSHKIL:v1p205, IBNQUTAYBA-MUSHKIL:v1p285, IBNQUTAYBA-MUSHKIL:v1p304, ITQAN:v4p351, JURJANI-ASRAR:v1p340, RAZI-FULL:v1p72, SAMARRAI-ASRAR-MUH:p104 …
quotes 91:7: «سوياها» in 0 segment(s): 
quotes 91:8: 6 unique window(s): فالهمها | فجورها | وتقوياها | فالهمها فجورها | فجورها وتقوياها | فالهمها فجورها وتقوياها
quotes 91:8: «فالهمها» in 4 segment(s): IBNQUTAYBA-MUSHKIL:v1p205, IBNQUTAYBA-MUSHKIL:v1p285, ITQAN:v2p339, ITQAN:v2p522
quotes 91:8: «فجورها» in 5 segment(s): IBNJAWZI-NUZHA:v1p108, IBNQUTAYBA-MUSHKIL:v1p205, IBNQUTAYBA-MUSHKIL:v1p285, ITQAN:v2p339, ITQAN:v2p522
quotes 91:8: «وتقوياها» in 0 segment(s): 
quotes 91:9: 3 unique window(s): زكياها | من زكياها | افلح من زكياها
quotes 91:9: «زكياها» in 0 segment(s): 
quotes 91:10: 3 unique window(s): دسياها | من دسياها | خاب من دسياها
quotes 91:10: «دسياها» in 0 segment(s): 
quotes 91:14: 12 unique window(s): فدمدم | فكذبوه فعقروها | فعقروها فدمدم | فدمدم عليهم | عليهم ربهم | ربهم بذنبهم | بذنبهم فسوياها | فكذبوه فعقروها فدمدم | فعقروها فدمدم عليهم | فدمدم عليهم ربهم | عليهم ربهم بذنبهم | ربهم بذنبهم فسوياها
quotes 91:14: «فدمدم» in 0 segment(s): 
quotes 91:14: «فكذبوه فعقروها» in 3 segment(s): BURHAN:v3p279, IBNQUTAYBA-MUSHKIL:v1p130, ITQAN:v3p243
quotes 91:14: «عليهم ربهم» in 0 segment(s): 
quotes 91:14: «ربهم بذنبهم» in 0 segment(s): 
quotes 91:14: «بذنبهم فسوياها» in 0 segment(s): 
quotes 92:7: 1 unique window(s): فسنيسره لليسريا
quotes 92:7: «فسنيسره لليسريا» in 0 segment(s): 
quotes 92:8: 5 unique window(s): واستغنيا | من بخل | بخل واستغنيا | واما من بخل | من بخل واستغنيا
quotes 92:8: «واستغنيا» in 0 segment(s): 
quotes 92:8: «من بخل» in 4 segment(s): BINTSHATI-IJAZ:p249, BINTSHATI-IJAZ:p374, BURHAN:v2p129, IBNQUTAYBA-MUSHKIL:v1p106
quotes 92:10: 2 unique window(s): للعسريا | فسنيسره للعسريا
quotes 92:10: «للعسريا» in 0 segment(s): 
quotes 92:11: 9 unique window(s): ترديا | وما يغني | يغني عنه | ماله اذا | اذا ترديا | وما يغني عنه | يغني عنه ماله | عنه ماله اذا | ماله اذا ترديا
quotes 92:11: «ترديا» in 0 segment(s): 
quotes 92:11: «وما يغني» in 3 segment(s): BINTSHATI-IJAZ:p374, JURJANI-DALAIL:v1p329, SAMARRAI-LAMASAT-HALAQAT:p658
quotes 92:11: «يغني عنه» in 5 segment(s): BAQILLANI:v1p162, BINTSHATI-IJAZ:p374, BINTSHATI-IJAZ:p410, JURJANI-ASRAR:v1p55, SAMARRAI-LAMASAT-HALAQAT:p658
quotes 92:11: «ماله اذا» in 2 segment(s): BINTSHATI-IJAZ:p374, SAMARRAI-LAMASAT-HALAQAT:p658
quotes 92:12: 3 unique window(s): للهديا | علينا للهديا | ان علينا للهديا
quotes 92:12: «للهديا» in 0 segment(s): 
quotes 92:13: 6 unique window(s): للاخره | وان لنا | لنا للاخره | للاخره والاوليا | وان لنا للاخره | لنا للاخره والاوليا
quotes 92:13: «للاخره» in 9 segment(s): BINTSHATI-IJAZ:p249, BINTSHATI-IJAZ:p277, BURHAN:v2p145, DAMGHANI:v1p23, IBNKATHIR-FULL:v1p57, ITQAN:v2p499, JISHUMI:v1p822, SAMARRAI-LAMASAT-HALAQAT:p639, SAMARRAI-LAMASAT-HALAQAT:p741
quotes 92:13: «وان لنا» in 4 segment(s): BINTSHATI-IJAZ:p249, BINTSHATI-IJAZ:p277, DAMGHANI:v1p23, ITQAN:v2p499
quotes 92:14: 5 unique window(s): فانذرتكم | تلظيا | فانذرتكم نارا | نارا تلظيا | فانذرتكم نارا تلظيا
quotes 92:14: «فانذرتكم» in 2 segment(s): BINTSHATI-IJAZ:p249, BINTSHATI-IJAZ:p375
quotes 92:14: «تلظيا» in 0 segment(s): 
quotes 92:15: 5 unique window(s): لا يصلياها | يصلياها الا | الا الاشقي | لا يصلياها الا | يصلياها الا الاشقي
quotes 92:15: «لا يصلياها» in 0 segment(s): 
quotes 92:15: «يصلياها الا» in 0 segment(s): 
quotes 92:15: «الا الاشقي» in 3 segment(s): BINTSHATI-IJAZ:p249, BINTSHATI-IJAZ:p375, BURHAN:v4p90
quotes 92:16: 2 unique window(s): الذي كذب | الذي كذب وتوليا
quotes 92:16: «الذي كذب» in 4 segment(s): BINTSHATI-IJAZ:p249, BINTSHATI-IJAZ:p375, BURHAN:v4p90, ITQAN:v3p302
quotes 92:17: 3 unique window(s): وسيجنبها | الاتقي | وسيجنبها الاتقي
quotes 92:17: «وسيجنبها» in 4 segment(s): BINTSHATI-IJAZ:p249, BURHAN:v4p90, ITQAN:v1p91, JURJANI-DALAIL:v1p161
quotes 92:17: «الاتقي» in 5 segment(s): BINTSHATI-IJAZ:p249, BURHAN:v4p90, ITQAN:v1p91, ITQAN:v4p394, JURJANI-DALAIL:v1p161
quotes 92:18: 5 unique window(s): الذي يوتي | يوتي ماله | ماله يتزكيا | الذي يوتي ماله | يوتي ماله يتزكيا
quotes 92:18: «الذي يوتي» in 4 segment(s): BINTSHATI-IJAZ:p249, BURHAN:v4p90, ITQAN:v1p91, JURJANI-DALAIL:v1p161
quotes 92:18: «يوتي ماله» in 4 segment(s): BINTSHATI-IJAZ:p249, BURHAN:v4p90, ITQAN:v1p91, JURJANI-DALAIL:v1p161
quotes 92:18: «ماله يتزكيا» in 0 segment(s): 
quotes 92:20: 4 unique window(s): وجه ربه | ربه الاعليا | ابتغا وجه ربه | وجه ربه الاعليا
quotes 92:20: «وجه ربه» in 8 segment(s): BINTSHATI-IJAZ:p271, BURHAN:v1p354, BURHAN:v4p235, DAMGHANI:v1p35, DAMGHANI:v1p460, IBNJAWZI-NUZHA:v1p123, ITQAN:v2p442#2, ITQAN:v3p16
quotes 92:20: «ربه الاعليا» in 0 segment(s): 
quotes 93:3: 8 unique window(s): ودعك | قليا | ما ودعك | ودعك ربك | وما قليا | ما ودعك ربك | ودعك ربك وما | ربك وما قليا
quotes 93:3: «ودعك» in 18 segment(s): BINTSHATI-IJAZ:p244, BINTSHATI-IJAZ:p250, BINTSHATI-IJAZ:p268, BURHAN:v1p75, BURHAN:v3p106, BURHAN:v3p167, BURHAN:v3p318, IBNKATHIR-FULL:v1p22, ITQAN:v1p94#3, ITQAN:v2p339#2, ITQAN:v3p154, ITQAN:v3p268 …
quotes 93:3: «قليا» in 0 segment(s): 
quotes 93:4: 6 unique window(s): وللاخره خير | خير لك | من الاوليا | وللاخره خير لك | خير لك من | لك من الاوليا
quotes 93:4: «وللاخره خير» in 1 segment(s): BINTSHATI-IJAZ:p278
quotes 93:4: «خير لك» in 12 segment(s): BINTSHATI-IJAZ:p278, BURHAN:v2p458, BURHAN:v3p202, ITQAN:v4p406, JISHUMI:v2p1037, NASHR:v2p458, SIBAWAYH:وذلكقولكمتىسيرعليه؟فيقولمقدمالحاجوخفوقالنجموخلافةفلان#87, SIBAWAYH:وذلكقولكهذاولازعماتك|أىولاأتوهمms119زعماتك|ومنذلكقولالشاعر#111, SIBAWAYH:(هذابابمايرتفعبينالجزمينوينجزمبينهما)#488, SIBAWAYH:(هذابابالحروفالتيلاتقدمفيهاالأسماءالفعل)#492, SIBAWAYH:(هذابابمنأبوابأنالتيتكونوالفعلبمنزلةمصدر)#510, TAB-FULL:v1p87
quotes 93:4: «من الاوليا» in 0 segment(s): 
quotes 93:5: 7 unique window(s): يعطيك | فترضيا | ولسوف يعطيك | يعطيك ربك | ربك فترضيا | ولسوف يعطيك ربك | يعطيك ربك فترضيا
quotes 93:5: «يعطيك» in 21 segment(s): BINTSHATI-IJAZ:p278, BURHAN:v1p446, BURHAN:v2p418, BURHAN:v4p86, BURHAN:v4p282, ITQAN:v2p475, ITQAN:v2p571, ITQAN:v4p427, JURJANI-ASRAR:v1p22#2, JURJANI-ASRAR:v1p114, JURJANI-ASRAR:v1p123, JURJANI-ASRAR:v1p206 …
quotes 93:5: «فترضيا» in 0 segment(s): 
quotes 94:2: 5 unique window(s): ووضعنا | وزرك | ووضعنا عنك | عنك وزرك | ووضعنا عنك وزرك
quotes 94:2: «ووضعنا» in 7 segment(s): BURHAN:v2p331, DAMGHANI:v1p490, IBNJAWZI-NUZHA:v1p611, IBNQUTAYBA-MUSHKIL:v1p91, ITQAN:v3p212, MAJAZ:v1p1#29, SAMARRAI-LAMASAT-HALAQAT:p821
quotes 94:2: «وزرك» in 10 segment(s): BURHAN:v2p331, DAMGHANI:v1p490, IBNJAWZI-NUZHA:v1p611, IBNQUTAYBA-MUSHKIL:v1p91, ITQAN:v1p127, ITQAN:v3p212, MAJAZ:v2p449#2, NASHR:v1p218#2, NASHR:v2p97, SAMARRAI-LAMASAT-HALAQAT:p821
quotes 94:3: 5 unique window(s): انقض | ظهرك | الذي انقض | انقض ظهرك | الذي انقض ظهرك
quotes 94:3: «انقض» in 6 segment(s): ALUSI-FULL:v1p30, IBNJAWZI-NUZHA:v1p428#2, ITQAN:v4p313, NASHR:v1p219, SAMARRAI-LAMASAT-HALAQAT:p821, SIBAWAYH:وذلكقولكمررتبهوحدهومررتبهموحدهمومررتبرجلوحده|ومثلذلكفى#169
quotes 94:3: «ظهرك» in 4 segment(s): IBNJAWZI-NUZHA:v1p428#2, ITQAN:v1p96, NASHR:v1p219, SAMARRAI-LAMASAT-HALAQAT:p821
quotes 94:4: 4 unique window(s): ذكرك | ورفعنا لك | لك ذكرك | ورفعنا لك ذكرك
quotes 94:4: «ذكرك» in 18 segment(s): ITQAN:v1p127, ITQAN:v3p144, ITQAN:v4p529#3, ITQAN:v4p536#3, JISHUMI:v1p888, JURJANI-ASRAR:v1p284, JURJANI-DALAIL:v1p267, JURJANI-DALAIL:v1p392, NASHR:v2p97, NASHR:v2p409, NASHR:v2p467, SAMARRAI-LAMASAT-HALAQAT:p821 …
quotes 94:4: «ورفعنا لك» in 2 segment(s): NASHR:v2p409, SAMARRAI-LAMASAT-HALAQAT:p821
quotes 94:6: 1 unique window(s): ان مع العسر
quotes 94:6: «ان مع العسر» in 10 segment(s): BAQILLANI:v1p105, BURHAN:v2p386, BURHAN:v4p93#2, BURHAN:v4p97, IBNQUTAYBA-MUSHKIL:v1p150, ITQAN:v2p560, ITQAN:v3p177, SAMARRAI-LAMASAT-HALAQAT:p817, SAMARRAI-LAMASAT-HALAQAT:p951, SAMARRAI-LAMASAT-HALAQAT:p952
quotes 94:7: 5 unique window(s): فرغت | فانصب | فاذا فرغت | فرغت فانصب | فاذا فرغت فانصب
quotes 94:7: «فرغت» in 12 segment(s): IBNASHUR-FULL:v1p94, IBNQUTAYBA-MUSHKIL:v1p70, JURJANI-DALAIL:v1p58, JURJANI-DALAIL:v1p100, JURJANI-DALAIL:v1p353, NASHR:v2p205, NASHR:v2p409, NASHR:v2p455, NASHR:v2p456, SIBAWAYH:(هذابابمالحقتهالزوائدمنبناتالأربعةغيرالفعل)#758, TAB-FULL:v1p55, WAHIDI-BASIT:v1p421
quotes 94:7: «فانصب» in 3 segment(s): ITQAN:v2p339#3, NASHR:v1p216, SIBAWAYH:أىذلكفعلتجازفإنحملتهعلىالاسمالذىبنىعليهالفعلكانبمنزلته#54
quotes 94:8: 4 unique window(s): فارغب | واليا ربك | ربك فارغب | واليا ربك فارغب
quotes 94:8: «فارغب» in 2 segment(s): NASHR:v1p216, NASHR:v1p219
quotes 94:8: «واليا ربك» in 0 segment(s): 
quotes 96:1: 5 unique window(s): اقرا باسم | ربك الذي | اقرا باسم ربك | باسم ربك الذي | ربك الذي خلق
quotes 96:1: «اقرا باسم» in 34 segment(s): BAQILLANI:v1p292, BURHAN:v1p65, BURHAN:v1p180, BURHAN:v1p193, BURHAN:v1p206, BURHAN:v1p207, BURHAN:v1p259, BURHAN:v2p470, BURHAN:v4p251, IBNASHUR-FULL:v1p71, IBNASHUR-FULL:v1p87, IBNJAWZI-NUZHA:v1p176#2 …
quotes 96:1: «ربك الذي» in 13 segment(s): BURHAN:v1p65, BURHAN:v1p206, BURHAN:v2p470, BURHAN:v2p486, BURHAN:v4p251, IBNJAWZI-NUZHA:v1p176#2, ITQAN:v1p74, ITQAN:v1p75, RAZI-FULL:v1p59, TAB-FULL:v1p92, WAHIDI-ASBAB:v1p10, WAHIDI-ASBAB:v1p11 …
quotes 96:4: 4 unique window(s): بالقلم | الذي علم | علم بالقلم | الذي علم بالقلم
quotes 96:4: «بالقلم» in 20 segment(s): BINTSHATI-IJAZ:p160, BINTSHATI-IJAZ:p162, BINTSHATI-IJAZ:p272, BURHAN:v1p377, BURHAN:v4p255, DAMGHANI:v1p389, IBNJAWZI-NUZHA:v1p208, IBNJAWZI-NUZHA:v1p481#2, IBNQUTAYBA-MUSHKIL:v1p183, ITQAN:v4p335, ITQAN:v4p363, ITQAN:v4p442 …
quotes 96:4: «الذي علم» in 2 segment(s): BINTSHATI-IJAZ:p272, WAHIDI-ASBAB:v1p11
quotes 96:5: 5 unique window(s): علم الانسان | لم يعلم | علم الانسان ما | الانسان ما لم | ما لم يعلم
quotes 96:5: «علم الانسان» in 10 segment(s): BINTSHATI-IJAZ:p162, BURHAN:v1p206, BURHAN:v1p371, BURHAN:v1p377, BURHAN:v4p315, ITQAN:v3p196, ITQAN:v3p284, ITQAN:v4p442, SAMARRAI-LAMASAT-HALAQAT:p1044, WAHIDI-ASBAB:v1p11
NOTE quotes 96:5: window «لم يعلم» in 56 segments, too common alone; the longer windows that contain it are used instead
quotes 96:5: «الانسان ما لم» in 13 segment(s): AZRAQI:v2p204, BINTSHATI-IJAZ:p162, BUKHARI:4953, BURHAN:v1p206, BURHAN:v1p371, BURHAN:v1p377, BURHAN:v4p315, IBNHISHAM:v1p235#2, ITQAN:v3p196, ITQAN:v3p284, ITQAN:v4p442, MUSLIM:403 …
quotes 96:5: «ما لم يعلم» in 30 segment(s): ALUSI-FULL:v1p5#2, AZRAQI:v2p204, BINTSHATI-IJAZ:p162, BUKHARI:4953, BUKHARI:6982, BURHAN:v1p206, BURHAN:v1p371, BURHAN:v1p377, BURHAN:v4p315, BURHAN:v4p400, IBNATIYYA-FULL:v1p41, IBNHIBBAN:v1p217 …
quotes 98:1: 11 unique window(s): منفكين | يكن الذين | والمشركين منفكين | منفكين حتيا | تاتيهم البينه | لم يكن الذين | يكن الذين كفروا | الكتاب والمشركين منفكين | والمشركين منفكين حتيا | منفكين حتيا تاتيهم | حتيا تاتيهم البينه
quotes 98:1: «منفكين» in 4 segment(s): ALUSI-FULL:v1p25, BURHAN:v1p407#2, BURHAN:v3p373, MAJAZ:v2p433#2
quotes 98:1: «يكن الذين» in 10 segment(s): ALUSI-FULL:v1p25, BURHAN:v1p407#2, IBNKATHIR-FULL:v1p18, IBNKATHIR-FULL:v1p37, ITQAN:v1p45, ITQAN:v2p546, ITQAN:v3p66, ITQAN:v4p413#2, JISHUMI:v1p889, NASHR:v2p122
quotes 98:1: «تاتيهم البينه» in 3 segment(s): ALUSI-FULL:v1p25, BURHAN:v3p373, IBNASHUR-FULL:v1p122
quotes 98:2: 7 unique window(s): الله يتلوا | يتلوا صحفا | صحفا مطهره | رسول من الله | من الله يتلوا | الله يتلوا صحفا | يتلوا صحفا مطهره
quotes 98:2: «الله يتلوا» in 0 segment(s): 
quotes 98:2: «يتلوا صحفا» in 1 segment(s): IBNJAWZI-NUZHA:v1p419
quotes 98:2: «صحفا مطهره» in 5 segment(s): ALUSI-FULL:v1p25, IBNASHUR-FULL:v1p122, IBNJAWZI-NUZHA:v1p419, IBNKATHIR-FULL:v1p37, ITQAN:v4p336
quotes 98:2: «رسول من الله» in 8 segment(s): ALUSI-FULL:v1p25, BURHAN:v4p290, IBNASHUR-FULL:v1p122, IBNHISHAM:v1p562#2, IBNKATHIR-FULL:v1p37, ITQAN:v2p275, ITQAN:v3p158, MUSNAD-AHMAD:21202
quotes 98:3: 4 unique window(s): قيمه | فيها كتب | كتب قيمه | فيها كتب قيمه
quotes 98:3: «قيمه» in 21 segment(s): ALUSI-FULL:v1p25, BAQILLANI:v1p68, BAQILLANI:v1p113, BINTSHATI-IJAZ:p278, BINTSHATI-IJAZ:p476, BINTSHATI-IJAZ:p487, IBNJAWZI-NUZHA:v1p439, IBNKATHIR-FULL:v1p37, ITQAN:v4p336, JISHUMI:v2p1075, JURJANI-ASRAR:v1p19, MAJAZ:v1p1#15 …
quotes 98:3: «فيها كتب» in 4 segment(s): ALUSI-FULL:v1p25, DAMGHANI:v1p399, IBNKATHIR-FULL:v1p37, ITQAN:v4p336
quotes 100:8: 5 unique window(s): وانه لحب | لحب الخير | الخير لشديد | وانه لحب الخير | لحب الخير لشديد
quotes 100:8: «وانه لحب» in 15 segment(s): BAQILLANI:v1p96, BURHAN:v3p281, BURHAN:v3p290, BURHAN:v3p448, BURHAN:v4p41, BURHAN:v4p340, IBNJAWZI-NUZHA:v1p287, IBNQUTAYBA-MUSHKIL:v1p125, IBNQUTAYBA-MUSHKIL:v1p130, ITQAN:v2p497, ITQAN:v3p103, ITQAN:v3p232#2 …
quotes 100:8: «لحب الخير» in 15 segment(s): BAQILLANI:v1p96, BURHAN:v3p281, BURHAN:v3p290, BURHAN:v3p448, BURHAN:v4p41, BURHAN:v4p340, IBNJAWZI-NUZHA:v1p287, IBNQUTAYBA-MUSHKIL:v1p125, IBNQUTAYBA-MUSHKIL:v1p130, ITQAN:v2p497, ITQAN:v3p103, ITQAN:v3p232#2 …
quotes 100:8: «الخير لشديد» in 15 segment(s): BAQILLANI:v1p96, BURHAN:v3p281, BURHAN:v3p290, BURHAN:v3p448, BURHAN:v4p41, BURHAN:v4p340, IBNJAWZI-NUZHA:v1p287, IBNQUTAYBA-MUSHKIL:v1p125, IBNQUTAYBA-MUSHKIL:v1p130, ITQAN:v2p497, ITQAN:v3p103, ITQAN:v3p232#2 …
quotes 105:5: 5 unique window(s): كعصف | ماكول | فجعلهم كعصف | كعصف ماكول | فجعلهم كعصف ماكول
quotes 105:5: «كعصف» in 11 segment(s): BINTSHATI-IJAZ:p449, BURHAN:v1p186, BURHAN:v2p304, BURHAN:v4p340, DAMGHANI:v1p325, IBNQUTAYBA-MUSHKIL:v1p234, ITQAN:v2p497, ITQAN:v3p296, NASHR:v1p279, SAMARRAI-ASRAR:r15#3, SIBAWAYH:وذاكلأنهاظروففيهاالأشياءوتكونفيهافانتصبلأنهPageV01P403#194
quotes 105:5: «ماكول» in 13 segment(s): BINTSHATI-IJAZ:p449, BURHAN:v1p186, BURHAN:v2p304, BURHAN:v4p340, DAMGHANI:v1p325, IBNQUTAYBA-MUSHKIL:v1p234, ITQAN:v2p497, ITQAN:v3p296, JISHUMI:v1p715, JISHUMI:v1p758, NASHR:v1p279, SAMARRAI-ASRAR:r15#3 …
quotation packet: 4272 segment(s), 7,204,212 characters
12648 segments, 993 chunks, 18,110,858 characters, 993 spawn files
  c01  1 sources  11 segments  19,524 chars: SIBAWAYH
  c02  1 sources   9 segments  17,201 chars: SIBAWAYH
  c03  1 sources   9 segments  18,993 chars: SIBAWAYH
  c04  1 sources  14 segments  19,850 chars: SIBAWAYH
  c05  1 sources   8 segments  18,059 chars: SIBAWAYH
  c06  1 sources   5 segments  18,118 chars: SIBAWAYH
  c07  1 sources   4 segments   9,398 chars: SIBAWAYH
  c08  1 sources  15 segments  16,939 chars: ABUDAWUD
  c09  1 sources   2 segments  13,839 chars: BUKHARI
  c10  1 sources   7 segments  19,179 chars: BUKHARI
  c11  1 sources   8 segments  15,771 chars: BUKHARI
  c12  1 sources   4 segments  18,853 chars: BUKHARI
  c13  1 sources  14 segments  15,345 chars: BUKHARI
  c14  1 sources   1 segments  10,438 chars: BUKHARI
  c15  1 sources   2 segments  14,038 chars: BUKHARI
  c16  1 sources   1 segments  11,950 chars: BUKHARI
  c17  1 sources  15 segments  19,831 chars: IBNHIBBAN
  c18  1 sources  20 segments  19,334 chars: IBNHIBBAN
  c19  1 sources  10 segments  19,908 chars: IBNHIBBAN
  c20  1 sources   4 segments   2,838 chars: IBNHIBBAN
  c21  1 sources  21 segments  19,541 chars: IBNMAJAH
  c22  1 sources  11 segments  19,397 chars: MALIK
  c23  1 sources   7 segments  14,847 chars: MALIK
  c24  1 sources   6 segments  19,832 chars: MUSLIM
  c25  1 sources  20 segments  19,747 chars: MUSLIM
  c26  1 sources   5 segments  15,561 chars: MUSLIM
  c27  1 sources  20 segments  19,594 chars: MUSNAD-AHMAD
  c28  1 sources  15 segments  19,821 chars: MUSNAD-AHMAD
  c29  1 sources  26 segments  19,992 chars: MUSNAD-AHMAD
  c30  1 sources  11 segments  19,687 chars: MUSNAD-AHMAD
  c31  1 sources  34 segments  19,403 chars: MUSNAD-AHMAD
  c32  1 sources  30 segments  18,030 chars: MUSNAD-AHMAD
  c33  1 sources  15 segments  18,150 chars: NASAI
  c34  1 sources  18 segments  17,243 chars: TIRMIDHI
  c35  1 sources  12 segments  18,512 chars: BURSEVI
  c36  1 sources  13 segments  19,966 chars: BURSEVI
  c37  1 sources   9 segments  18,891 chars: BURSEVI
  c38  1 sources  11 segments  18,639 chars: BURSEVI
  c39  1 sources  12 segments  19,983 chars: BURSEVI
  c40  1 sources  16 segments  19,954 chars: BURSEVI
  c41  1 sources  15 segments  18,183 chars: BURSEVI
  c42  1 sources  12 segments  19,644 chars: BURSEVI
  c43  1 sources  12 segments  18,801 chars: BURSEVI
  c44  1 sources  14 segments  19,595 chars: BURSEVI
  c45  1 sources  13 segments  19,393 chars: BURSEVI
  c46  1 sources  12 segments  19,558 chars: BURSEVI
  c47  1 sources  18 segments  19,706 chars: BURSEVI
  c48  1 sources  15 segments  18,374 chars: BURSEVI
  c49  1 sources  16 segments  19,752 chars: BURSEVI
  c50  1 sources  12 segments  19,402 chars: BURSEVI
  c51  1 sources  11 segments  18,483 chars: BURSEVI
  c52  1 sources  11 segments  19,433 chars: BURSEVI
  c53  1 sources  14 segments  19,230 chars: BURSEVI
  c54  1 sources  15 segments  19,402 chars: BURSEVI
  c55  1 sources  16 segments  18,458 chars: BURSEVI
  c56  1 sources  16 segments  19,305 chars: BURSEVI
  c57  1 sources  12 segments  18,390 chars: BURSEVI
  c58  1 sources  10 segments  19,818 chars: BURSEVI
  c59  1 sources  10 segments  19,942 chars: BURSEVI
  c60  1 sources  10 segments  19,158 chars: BURSEVI
  c61  1 sources  10 segments  18,823 chars: BURSEVI
  c62  1 sources  10 segments  18,512 chars: BURSEVI
  c63  1 sources  10 segments  19,424 chars: BURSEVI
  c64  1 sources  18 segments  19,662 chars: QASHANI
  c65  1 sources  19 segments  19,034 chars: QASHANI
  c66  1 sources  19 segments  18,399 chars: QASHANI
  c67  1 sources  21 segments  19,862 chars: QASHANI
  c68  1 sources  12 segments  11,155 chars: QASHANI
  c69  1 sources   8 segments  19,639 chars: QUSHAYRI
  c70  1 sources   8 segments  18,276 chars: QUSHAYRI
  c71  1 sources   8 segments  18,292 chars: QUSHAYRI
  c72  1 sources   8 segments  19,019 chars: QUSHAYRI
  c73  1 sources   9 segments  19,762 chars: QUSHAYRI
  c74  1 sources   8 segments  19,551 chars: QUSHAYRI
  c75  1 sources   9 segments  18,509 chars: QUSHAYRI
  c76  1 sources  34 segments  19,095 chars: SULAMI
  c77  1 sources  27 segments  19,481 chars: SULAMI
  c78  1 sources  38 segments  19,779 chars: SULAMI
  c79  1 sources  38 segments  19,387 chars: SULAMI
  c80  1 sources   8 segments   3,346 chars: SULAMI
  c81  1 sources  37 segments  17,848 chars: TUSTARI
  c82  1 sources  19 segments  19,954 chars: AKHFASH
  c83  1 sources   9 segments   6,714 chars: AKHFASH
  c84  1 sources  12 segments  19,138 chars: FARRA
  c85  1 sources  14 segments  19,764 chars: FARRA
  c86  1 sources  14 segments  18,524 chars: FARRA
  c87  1 sources  14 segments  19,867 chars: FARRA
  c88  1 sources  80 segments  19,877 chars: IBNQUTAYBA-GHARIB
  c89  1 sources  31 segments   8,002 chars: IBNQUTAYBA-GHARIB
  c90  1 sources  17 segments  18,490 chars: IBNQUTAYBA-MUSHKIL
  c91  1 sources  10 segments  13,269 chars: IBNQUTAYBA-MUSHKIL
  c92  1 sources  28 segments  19,961 chars: MAJAZ
  c93  1 sources  26 segments  19,243 chars: MAJAZ
  c94  1 sources   1 segments   1,125 chars: MAJAZ
  c95  1 sources  10 segments  18,871 chars: NAHHAS
  c96  1 sources  11 segments  19,370 chars: NAHHAS
  c97  1 sources  12 segments  19,864 chars: NAHHAS
  c98  1 sources  10 segments  18,101 chars: NAHHAS
  c99  1 sources  11 segments  19,939 chars: NAHHAS
  c100  1 sources  10 segments  19,198 chars: NAHHAS
  c101  1 sources  10 segments  17,941 chars: NAHHAS
  c102  1 sources   5 segments   8,088 chars: NAHHAS
  c103  1 sources  13 segments  19,037 chars: SAMIN-DURR
  c104  1 sources  13 segments  19,355 chars: SAMIN-DURR
  c105  1 sources  13 segments  19,163 chars: SAMIN-DURR
  c106  1 sources  15 segments  18,582 chars: SAMIN-DURR
  c107  1 sources  13 segments  19,001 chars: SAMIN-DURR
  c108  1 sources  17 segments  19,395 chars: SAMIN-DURR
  c109  1 sources  12 segments  18,284 chars: SAMIN-DURR
  c110  1 sources  13 segments  18,717 chars: SAMIN-DURR
  c111  1 sources  14 segments  19,557 chars: SAMIN-DURR
  c112  1 sources  19 segments  19,291 chars: SAMIN-DURR
  c113  1 sources  19 segments  19,817 chars: SAMIN-DURR
  c114  1 sources  22 segments  19,669 chars: SAMIN-DURR
  c115  1 sources  27 segments  19,525 chars: SAMIN-DURR
  c116  1 sources  22 segments  19,963 chars: SAMIN-DURR
  c117  1 sources  24 segments  19,852 chars: SAMIN-DURR
  c118  1 sources  35 segments  19,496 chars: SAMIN-DURR
  c119  1 sources  26 segments  19,756 chars: SAMIN-DURR
  c120  1 sources  17 segments   9,203 chars: SAMIN-DURR
  c121  1 sources  17 segments  19,330 chars: ZAJJAJ
  c122  1 sources  17 segments  18,806 chars: ZAJJAJ
  c123  1 sources  16 segments  18,845 chars: ZAJJAJ
  c124  1 sources  21 segments  19,625 chars: ZAJJAJ
  c125  1 sources  19 segments  19,505 chars: ZAJJAJ
  c126  1 sources  17 segments  18,940 chars: ZAJJAJ
  c127  1 sources  19 segments  19,447 chars: ZAJJAJ
  c128  1 sources  12 segments  12,490 chars: ZAJJAJ
  c129  1 sources  34 segments  19,555 chars: ASAD-NOTES
  c130  1 sources  34 segments  19,809 chars: ASAD-NOTES
  c131  1 sources  40 segments  19,907 chars: ASAD-NOTES
  c132  1 sources  45 segments  19,313 chars: ASAD-NOTES
  c133  1 sources  46 segments  19,592 chars: ASAD-NOTES
  c134  1 sources  44 segments  19,853 chars: ASAD-NOTES
  c135  1 sources  31 segments  19,485 chars: ASAD-NOTES
  c136  1 sources  38 segments  19,751 chars: ASAD-NOTES
  c137  1 sources  47 segments  19,629 chars: ASAD-NOTES
  c138  1 sources  32 segments  13,763 chars: ASAD-NOTES
  c139  1 sources  14 segments  18,565 chars: BINTSHATI-IJAZ
  c140  1 sources  13 segments  18,624 chars: BINTSHATI-IJAZ
  c141  1 sources  15 segments  19,996 chars: BINTSHATI-IJAZ
  c142  1 sources  13 segments  19,527 chars: BINTSHATI-IJAZ
  c143  1 sources  15 segments  19,923 chars: BINTSHATI-IJAZ
  c144  1 sources  15 segments  17,925 chars: BINTSHATI-IJAZ
  c145  1 sources   1 segments   5,399 chars: RIFAI-KHULI
  c146  1 sources   3 segments  17,130 chars: SAMARRAI-ASRAR
  c147  1 sources   2 segments   8,164 chars: SAMARRAI-ASRAR
  c148  1 sources  13 segments  19,522 chars: SAMARRAI-ASRAR-MUH
  c149  1 sources  10 segments  16,049 chars: SAMARRAI-ASRAR-MUH
  c150  1 sources  16 segments  19,081 chars: SAMARRAI-LAMASAT
  c151  1 sources   4 segments   6,216 chars: SAMARRAI-LAMASAT
  c152  1 sources  13 segments  18,674 chars: SAMARRAI-LAMASAT-HALAQAT
  c153  1 sources  14 segments  19,541 chars: SAMARRAI-LAMASAT-HALAQAT
  c154  1 sources  13 segments  19,586 chars: SAMARRAI-LAMASAT-HALAQAT
  c155  1 sources  12 segments  18,762 chars: SAMARRAI-LAMASAT-HALAQAT
  c156  1 sources  13 segments  19,804 chars: SAMARRAI-LAMASAT-HALAQAT
  c157  1 sources  12 segments  18,606 chars: SAMARRAI-LAMASAT-HALAQAT
  c158  1 sources  12 segments  18,702 chars: SAMARRAI-LAMASAT-HALAQAT
  c159  1 sources  13 segments  19,828 chars: SAMARRAI-LAMASAT-HALAQAT
  c160  1 sources   2 segments   3,031 chars: GHARNATI
  c161  1 sources   5 segments  17,816 chars: ISLAHI-TADABBUR
  c162  1 sources   5 segments  19,424 chars: ISLAHI-TADABBUR
  c163  1 sources   5 segments  19,307 chars: ISLAHI-TADABBUR
  c164  1 sources   5 segments  18,385 chars: ISLAHI-TADABBUR
  c165  1 sources   5 segments  18,580 chars: ISLAHI-TADABBUR
  c166  1 sources   5 segments  18,279 chars: ISLAHI-TADABBUR
  c167  1 sources   5 segments  18,049 chars: ISLAHI-TADABBUR
  c168  1 sources   5 segments  17,726 chars: ISLAHI-TADABBUR
  c169  1 sources   6 segments  18,049 chars: ISLAHI-TADABBUR
  c170  1 sources   6 segments  17,715 chars: ISLAHI-TADABBUR
  c171  1 sources   6 segments  19,033 chars: ISLAHI-TADABBUR
  c172  1 sources   6 segments  19,545 chars: ISLAHI-TADABBUR
  c173  1 sources   5 segments  17,232 chars: ISLAHI-TADABBUR
  c174  1 sources   5 segments  16,429 chars: ISLAHI-TADABBUR
  c175  1 sources   5 segments  18,923 chars: ISLAHI-TADABBUR
  c176  1 sources   5 segments  19,695 chars: ISLAHI-TADABBUR
  c177  1 sources   5 segments  16,671 chars: ISLAHI-TADABBUR
  c178  1 sources   5 segments  17,744 chars: ISLAHI-TADABBUR
  c179  1 sources   5 segments  17,646 chars: ISLAHI-TADABBUR
  c180  1 sources   6 segments  19,203 chars: ISLAHI-TADABBUR
  c181  1 sources   5 segments  17,217 chars: ISLAHI-TADABBUR
  c182  1 sources   6 segments  18,379 chars: ISLAHI-TADABBUR
  c183  1 sources   6 segments  19,060 chars: ISLAHI-TADABBUR
  c184  1 sources   6 segments  19,646 chars: ISLAHI-TADABBUR
  c185  1 sources   7 segments  19,614 chars: ISLAHI-TADABBUR
  c186  1 sources   6 segments  17,672 chars: ISLAHI-TADABBUR
  c187  1 sources   7 segments  19,048 chars: ISLAHI-TADABBUR
  c188  1 sources   6 segments  17,353 chars: ISLAHI-TADABBUR
  c189  1 sources   7 segments  19,286 chars: ISLAHI-TADABBUR
  c190  1 sources   5 segments  16,997 chars: ISLAHI-TADABBUR
  c191  1 sources   5 segments  17,496 chars: ISLAHI-TADABBUR
  c192  1 sources   6 segments  17,555 chars: ISLAHI-TADABBUR
  c193  1 sources   5 segments  17,977 chars: ISLAHI-TADABBUR
  c194  1 sources   6 segments  19,850 chars: ISLAHI-TADABBUR
  c195  1 sources   5 segments  16,368 chars: ISLAHI-TADABBUR
  c196  1 sources   6 segments  19,619 chars: ISLAHI-TADABBUR
  c197  1 sources   6 segments  18,668 chars: ISLAHI-TADABBUR
  c198  1 sources   5 segments  18,155 chars: ISLAHI-TADABBUR
  c199  1 sources   5 segments  16,964 chars: ISLAHI-TADABBUR
  c200  1 sources   5 segments  17,998 chars: ISLAHI-TADABBUR
  c201  1 sources   5 segments  17,766 chars: ISLAHI-TADABBUR
  c202  1 sources   5 segments  16,307 chars: ISLAHI-TADABBUR
  c203  1 sources   6 segments  19,600 chars: ISLAHI-TADABBUR
  c204  1 sources   7 segments  17,171 chars: ISLAHI-TADABBUR
  c205  1 sources   5 segments  18,768 chars: ISLAHI-TADABBUR
  c206  1 sources   5 segments  17,145 chars: ISLAHI-TADABBUR
  c207  1 sources   5 segments  17,595 chars: ISLAHI-TADABBUR
  c208  1 sources   5 segments  17,335 chars: ISLAHI-TADABBUR
  c209  1 sources   6 segments  19,745 chars: ISLAHI-TADABBUR
  c210  1 sources   5 segments  17,894 chars: ISLAHI-TADABBUR
  c211  1 sources   5 segments  18,415 chars: ISLAHI-TADABBUR
  c212  1 sources   7 segments  19,020 chars: ISLAHI-TADABBUR
  c213  1 sources   5 segments  16,507 chars: ISLAHI-TADABBUR
  c214  1 sources   5 segments  16,952 chars: ISLAHI-TADABBUR
  c215  1 sources   8 segments  19,928 chars: ISLAHI-TADABBUR
  c216  1 sources   6 segments  19,990 chars: ISLAHI-TADABBUR
  c217  1 sources   5 segments  17,550 chars: ISLAHI-TADABBUR
  c218  1 sources   6 segments  18,225 chars: ISLAHI-TADABBUR
  c219  2 sources   7 segments  12,458 chars: SUYUTI-TANASUQ HAMASA
  c220  1 sources  14 segments  19,458 chars: FARISI-HUJJA
  c221  1 sources  14 segments  19,828 chars: FARISI-HUJJA
  c222  1 sources  17 segments  19,857 chars: FARISI-HUJJA
  c223  1 sources  24 segments  19,957 chars: FARISI-HUJJA
  c224  1 sources  18 segments  13,229 chars: FARISI-HUJJA
  c225  1 sources  12 segments  19,047 chars: IBNJINNI-MUHTASAB
  c226  1 sources   6 segments   9,590 chars: IBNJINNI-MUHTASAB
  c227  1 sources  20 segments  19,561 chars: IBNKHALAWAYH-HUJJA
  c228  1 sources   9 segments   7,793 chars: IBNKHALAWAYH-HUJJA
  c229  1 sources  14 segments  18,873 chars: IBNMUJAHID
  c230  1 sources  10 segments  14,273 chars: IBNMUJAHID
  c231  1 sources  11 segments  19,295 chars: NASHR
  c232  1 sources  11 segments  19,263 chars: NASHR
  c233  1 sources  11 segments  19,413 chars: NASHR
  c234  1 sources  10 segments  18,438 chars: NASHR
  c235  1 sources  13 segments  19,628 chars: NASHR
  c236  1 sources  13 segments  19,397 chars: NASHR
  c237  1 sources  11 segments  19,668 chars: NASHR
  c238  1 sources  12 segments  18,322 chars: NASHR
  c239  1 sources  12 segments  19,409 chars: NASHR
  c240  1 sources   9 segments  15,188 chars: NASHR
  c241  1 sources  75 segments  19,758 chars: QIRAAT-ER
  c242  1 sources  74 segments  19,928 chars: QIRAAT-ER
  c243  1 sources  34 segments   8,956 chars: QIRAAT-ER
  c244  1 sources   9 segments  19,838 chars: AZRAQI
  c245  1 sources   1 segments   1,731 chars: AZRAQI
  c246  1 sources  19 segments  19,832 chars: IBNHISHAM
  c247  1 sources   4 segments   5,129 chars: IBNHISHAM
  c248  1 sources  32 segments  19,588 chars: ABDURRAZZAQ
  c249  1 sources  52 segments  19,353 chars: ABDURRAZZAQ
  c250  1 sources  26 segments  10,516 chars: ABDURRAZZAQ
  c251  1 sources  31 segments  18,170 chars: ABUHAYYAN
  c252  1 sources   4 segments   3,843 chars: ABUHAYYAN
  c253  1 sources  10 segments  19,328 chars: ABUHAYYAN-FULL
  c254  1 sources  11 segments  18,712 chars: ABUHAYYAN-FULL
  c255  1 sources  10 segments  19,820 chars: ABUHAYYAN-FULL
  c256  1 sources  10 segments  19,599 chars: ABUHAYYAN-FULL
  c257  1 sources  12 segments  19,775 chars: ABUHAYYAN-FULL
  c258  1 sources  11 segments  19,718 chars: ABUHAYYAN-FULL
  c259  1 sources  10 segments  19,170 chars: ABUHAYYAN-FULL
  c260  1 sources  10 segments  19,047 chars: ABUHAYYAN-FULL
  c261  1 sources  11 segments  18,561 chars: ABUHAYYAN-FULL
  c262  1 sources  11 segments  19,613 chars: ABUHAYYAN-FULL
  c263  1 sources  11 segments  19,509 chars: ABUHAYYAN-FULL
  c264  1 sources  11 segments  19,366 chars: ABUHAYYAN-FULL
  c265  1 sources  10 segments  18,519 chars: ABUHAYYAN-FULL
  c266  1 sources  11 segments  19,147 chars: ABUHAYYAN-FULL
  c267  1 sources  12 segments  19,305 chars: ABUHAYYAN-FULL
  c268  1 sources  11 segments  19,480 chars: ABUHAYYAN-FULL
  c269  1 sources  11 segments  19,149 chars: ABUHAYYAN-FULL
  c270  1 sources  11 segments  19,660 chars: ABUHAYYAN-FULL
  c271  1 sources  10 segments  19,389 chars: ABUHAYYAN-FULL
  c272  1 sources  10 segments  19,322 chars: ABUHAYYAN-FULL
  c273  1 sources  10 segments  19,726 chars: ABUHAYYAN-FULL
  c274  1 sources  11 segments  19,473 chars: ABUHAYYAN-FULL
  c275  1 sources  10 segments  18,880 chars: ABUHAYYAN-FULL
  c276  1 sources  10 segments  19,642 chars: ABUHAYYAN-FULL
  c277  1 sources   9 segments  18,237 chars: ABUHAYYAN-FULL
  c278  1 sources  10 segments  18,608 chars: ABUHAYYAN-FULL
  c279  1 sources  11 segments  19,763 chars: ABUHAYYAN-FULL
  c280  1 sources  10 segments  19,506 chars: ABUHAYYAN-FULL
  c281  1 sources  10 segments  18,427 chars: ABUHAYYAN-FULL
  c282  1 sources  10 segments  18,928 chars: ABUHAYYAN-FULL
  c283  1 sources  11 segments  19,878 chars: ABUHAYYAN-FULL
  c284  1 sources  10 segments  18,214 chars: ABUHAYYAN-FULL
  c285  1 sources  11 segments  19,106 chars: ABUHAYYAN-FULL
  c286  1 sources  10 segments  18,362 chars: ABUHAYYAN-FULL
  c287  1 sources  11 segments  19,711 chars: ABUHAYYAN-FULL
  c288  1 sources  10 segments  18,598 chars: ABUHAYYAN-FULL
  c289  1 sources   8 segments  13,399 chars: ABUHAYYAN-FULL
  c290  1 sources  14 segments  19,935 chars: ALUSI
  c291  1 sources   8 segments  14,857 chars: ALUSI
  c292  1 sources   4 segments  18,910 chars: ALUSI
  c293  1 sources   8 segments  19,131 chars: ALUSI
  c294  1 sources   1 segments   1,257 chars: ALUSI
  c295  1 sources  10 segments  18,920 chars: ALUSI-FULL
  c296  1 sources   8 segments  19,954 chars: ALUSI-FULL
  c297  1 sources   8 segments  19,500 chars: ALUSI-FULL
  c298  1 sources   7 segments  18,193 chars: ALUSI-FULL
  c299  1 sources   9 segments  19,670 chars: ALUSI-FULL
  c300  1 sources   9 segments  18,503 chars: ALUSI-FULL
  c301  1 sources  11 segments  17,449 chars: ALUSI-FULL
  c302  1 sources   7 segments  17,694 chars: ALUSI-FULL
  c303  1 sources   9 segments  19,711 chars: ALUSI-FULL
  c304  1 sources  10 segments  19,730 chars: ALUSI-FULL
  c305  1 sources   9 segments  17,732 chars: ALUSI-FULL
  c306  1 sources  11 segments  18,774 chars: ALUSI-FULL
  c307  1 sources  12 segments  19,510 chars: ALUSI-FULL
  c308  1 sources  10 segments  19,819 chars: ALUSI-FULL
  c309  1 sources   9 segments  17,574 chars: ALUSI-FULL
  c310  1 sources  11 segments  18,819 chars: ALUSI-FULL
  c311  1 sources  10 segments  18,987 chars: ALUSI-FULL
  c312  1 sources   9 segments  17,752 chars: ALUSI-FULL
  c313  1 sources  11 segments  19,084 chars: ALUSI-FULL
  c314  1 sources   7 segments  17,599 chars: ALUSI-FULL
  c315  1 sources  12 segments  19,964 chars: ALUSI-FULL
  c316  1 sources  11 segments  18,203 chars: ALUSI-FULL
  c317  1 sources  12 segments  19,516 chars: ALUSI-FULL
  c318  1 sources  10 segments  18,992 chars: ALUSI-FULL
  c319  1 sources  14 segments  18,185 chars: ALUSI-FULL
  c320  1 sources  13 segments  18,213 chars: ALUSI-FULL
  c321  1 sources  10 segments  18,271 chars: ALUSI-FULL
  c322  1 sources  11 segments  19,199 chars: ALUSI-FULL
  c323  1 sources  11 segments  18,651 chars: ALUSI-FULL
  c324  1 sources  14 segments  19,691 chars: ALUSI-FULL
  c325  1 sources  11 segments  19,542 chars: ALUSI-FULL
  c326  1 sources  13 segments  19,328 chars: ALUSI-FULL
  c327  1 sources  12 segments  18,586 chars: ALUSI-FULL
  c328  1 sources  14 segments  19,396 chars: ALUSI-FULL
  c329  1 sources  12 segments  19,065 chars: ALUSI-FULL
  c330  1 sources  11 segments  19,943 chars: ALUSI-FULL
  c331  1 sources  12 segments  18,291 chars: ALUSI-FULL
  c332  1 sources  10 segments  18,436 chars: ALUSI-FULL
  c333  1 sources  14 segments  18,590 chars: ALUSI-FULL
  c334  1 sources  15 segments  19,883 chars: ALUSI-FULL
  c335  1 sources  17 segments  19,532 chars: ALUSI-FULL
  c336  1 sources  13 segments  18,442 chars: ALUSI-FULL
  c337  1 sources  12 segments  18,944 chars: ALUSI-FULL
  c338  1 sources  12 segments  19,638 chars: ALUSI-FULL
  c339  1 sources  15 segments  19,013 chars: ALUSI-FULL
  c340  1 sources  17 segments  19,178 chars: ALUSI-FULL
  c341  1 sources  16 segments  17,993 chars: ALUSI-FULL
  c342  1 sources   2 segments   4,893 chars: ALUSI-FULL
  c343  1 sources  35 segments  18,238 chars: BAGHAWI
  c344  1 sources  18 segments  19,606 chars: BAGHAWI-FULL
  c345  1 sources  14 segments  19,660 chars: BAGHAWI-FULL
  c346  1 sources  17 segments  18,776 chars: BAGHAWI-FULL
  c347  1 sources  13 segments  18,963 chars: BAGHAWI-FULL
  c348  1 sources  18 segments  19,021 chars: BAGHAWI-FULL
  c349  1 sources  20 segments  19,583 chars: BAGHAWI-FULL
  c350  1 sources  21 segments  18,836 chars: BAGHAWI-FULL
  c351  1 sources  17 segments  19,151 chars: BAGHAWI-FULL
  c352  1 sources  16 segments  19,260 chars: BAGHAWI-FULL
  c353  1 sources  17 segments  18,820 chars: BAGHAWI-FULL
  c354  1 sources  22 segments  19,736 chars: BAGHAWI-FULL
  c355  1 sources  21 segments  19,426 chars: BAGHAWI-FULL
  c356  1 sources  19 segments  19,248 chars: BAGHAWI-FULL
  c357  1 sources  16 segments  19,819 chars: BAGHAWI-FULL
  c358  2 sources  41 segments  18,704 chars: BAGHAWI-FULL BAYDAWI
  c359  1 sources  18 segments  18,874 chars: BAYDAWI-FULL
  c360  1 sources  16 segments  19,641 chars: BAYDAWI-FULL
  c361  1 sources  20 segments  19,024 chars: BAYDAWI-FULL
  c362  1 sources  22 segments  18,870 chars: BAYDAWI-FULL
  c363  1 sources  29 segments  19,816 chars: BAYDAWI-FULL
  c364  1 sources  19 segments  19,483 chars: BAYDAWI-FULL
  c365  1 sources  21 segments  19,364 chars: BAYDAWI-FULL
  c366  1 sources  22 segments  19,285 chars: BAYDAWI-FULL
  c367  1 sources  19 segments  15,833 chars: BAYDAWI-FULL
  c368  1 sources   8 segments  11,970 chars: BINTSHATI
  c369  1 sources  15 segments  18,885 chars: BIQAI
  c370  1 sources  12 segments  18,890 chars: BIQAI
  c371  1 sources   8 segments  14,482 chars: BIQAI
  c372  1 sources   8 segments  19,731 chars: BIQAI-FULL
  c373  1 sources   7 segments  17,788 chars: BIQAI-FULL
  c374  1 sources   8 segments  18,592 chars: BIQAI-FULL
  c375  1 sources   7 segments  18,055 chars: BIQAI-FULL
  c376  1 sources   9 segments  19,307 chars: BIQAI-FULL
  c377  1 sources   8 segments  18,455 chars: BIQAI-FULL
  c378  1 sources   9 segments  19,299 chars: BIQAI-FULL
  c379  1 sources   7 segments  18,815 chars: BIQAI-FULL
  c380  1 sources   8 segments  19,541 chars: BIQAI-FULL
  c381  1 sources   8 segments  18,605 chars: BIQAI-FULL
  c382  1 sources   9 segments  18,982 chars: BIQAI-FULL
  c383  1 sources  10 segments  19,652 chars: BIQAI-FULL
  c384  1 sources   7 segments  17,594 chars: BIQAI-FULL
  c385  1 sources   6 segments  17,105 chars: BIQAI-FULL
  c386  1 sources   7 segments  19,292 chars: BIQAI-FULL
  c387  1 sources   7 segments  18,735 chars: BIQAI-FULL
  c388  1 sources   7 segments  17,118 chars: BIQAI-FULL
  c389  1 sources   6 segments  17,653 chars: BIQAI-FULL
  c390  1 sources   8 segments  19,285 chars: BIQAI-FULL
  c391  1 sources   8 segments  18,925 chars: BIQAI-FULL
  c392  1 sources   7 segments  17,290 chars: BIQAI-FULL
  c393  1 sources   7 segments  19,585 chars: BIQAI-FULL
  c394  1 sources   8 segments  19,525 chars: BIQAI-FULL
  c395  1 sources   7 segments  17,728 chars: BIQAI-FULL
  c396  1 sources   7 segments  18,951 chars: BIQAI-FULL
  c397  1 sources   7 segments  19,668 chars: BIQAI-FULL
  c398  1 sources   7 segments  19,227 chars: BIQAI-FULL
  c399  1 sources   8 segments  18,409 chars: BIQAI-FULL
  c400  1 sources   8 segments  19,707 chars: BIQAI-FULL
  c401  1 sources   8 segments  17,347 chars: BIQAI-FULL
  c402  1 sources   8 segments  18,388 chars: BIQAI-FULL
  c403  1 sources   7 segments  17,185 chars: BIQAI-FULL
  c404  1 sources   7 segments  18,232 chars: BIQAI-FULL
  c405  1 sources   9 segments  18,424 chars: BIQAI-FULL
  c406  1 sources   8 segments  18,301 chars: BIQAI-FULL
  c407  1 sources   9 segments  18,380 chars: BIQAI-FULL
  c408  1 sources   6 segments  18,044 chars: BIQAI-FULL
  c409  1 sources   6 segments  14,579 chars: BIQAI-FULL
  c410  1 sources  21 segments  18,352 chars: DURR
  c411  1 sources  11 segments  18,427 chars: DURR
  c412  1 sources  11 segments  18,449 chars: DURR-FULL
  c413  1 sources  12 segments  19,686 chars: DURR-FULL
  c414  1 sources  11 segments  19,082 chars: DURR-FULL
  c415  1 sources  12 segments  19,852 chars: DURR-FULL
  c416  1 sources  11 segments  18,758 chars: DURR-FULL
  c417  1 sources  11 segments  19,087 chars: DURR-FULL
  c418  1 sources  11 segments  18,522 chars: DURR-FULL
  c419  1 sources  12 segments  19,836 chars: DURR-FULL
  c420  1 sources  12 segments  18,997 chars: DURR-FULL
  c421  1 sources  11 segments  18,303 chars: DURR-FULL
  c422  1 sources  12 segments  19,766 chars: DURR-FULL
  c423  1 sources  11 segments  18,524 chars: DURR-FULL
  c424  1 sources  11 segments  18,835 chars: DURR-FULL
  c425  1 sources  11 segments  18,348 chars: DURR-FULL
  c426  1 sources  12 segments  19,821 chars: DURR-FULL
  c427  1 sources  12 segments  19,569 chars: DURR-FULL
  c428  1 sources  11 segments  18,705 chars: DURR-FULL
  c429  1 sources  12 segments  19,626 chars: DURR-FULL
  c430  1 sources  12 segments  19,950 chars: DURR-FULL
  c431  1 sources  12 segments  19,427 chars: DURR-FULL
  c432  1 sources  11 segments  18,392 chars: DURR-FULL
  c433  1 sources   9 segments  15,438 chars: DURR-FULL
  c434  1 sources  15 segments  19,987 chars: IBNABIHATIM
  c435  1 sources  14 segments  19,731 chars: IBNABIHATIM
  c436  1 sources  14 segments  19,953 chars: IBNABIHATIM
  c437  1 sources  13 segments  18,405 chars: IBNABIHATIM
  c438  1 sources  14 segments  19,309 chars: IBNABIHATIM
  c439  1 sources  14 segments  18,468 chars: IBNABIHATIM
  c440  1 sources  16 segments  19,711 chars: IBNABIHATIM
  c441  1 sources  17 segments  19,232 chars: IBNABIHATIM
  c442  1 sources  14 segments  18,332 chars: IBNABIHATIM
  c443  1 sources  24 segments  19,946 chars: IBNABIHATIM
  c444  1 sources  13 segments   4,409 chars: IBNABIHATIM
  c445  1 sources  13 segments  19,375 chars: IBNASHUR
  c446  1 sources  11 segments  19,420 chars: IBNASHUR
  c447  1 sources   2 segments  10,850 chars: IBNASHUR
  c448  1 sources   1 segments   9,431 chars: IBNASHUR
  c449  1 sources  10 segments  18,552 chars: IBNASHUR-FULL
  c450  1 sources  11 segments  19,593 chars: IBNASHUR-FULL
  c451  1 sources  11 segments  18,879 chars: IBNASHUR-FULL
  c452  1 sources  11 segments  18,805 chars: IBNASHUR-FULL
  c453  1 sources  12 segments  19,201 chars: IBNASHUR-FULL
  c454  1 sources  12 segments  19,711 chars: IBNASHUR-FULL
  c455  1 sources  12 segments  19,164 chars: IBNASHUR-FULL
  c456  1 sources  13 segments  18,420 chars: IBNASHUR-FULL
  c457  1 sources  11 segments  19,007 chars: IBNASHUR-FULL
  c458  1 sources  12 segments  19,337 chars: IBNASHUR-FULL
  c459  1 sources  12 segments  19,345 chars: IBNASHUR-FULL
  c460  1 sources  10 segments  18,273 chars: IBNASHUR-FULL
  c461  1 sources  12 segments  19,578 chars: IBNASHUR-FULL
  c462  1 sources  12 segments  19,040 chars: IBNASHUR-FULL
  c463  1 sources  13 segments  19,376 chars: IBNASHUR-FULL
  c464  1 sources  11 segments  18,839 chars: IBNASHUR-FULL
  c465  1 sources  11 segments  18,474 chars: IBNASHUR-FULL
  c466  1 sources  12 segments  18,926 chars: IBNASHUR-FULL
  c467  1 sources  12 segments  19,580 chars: IBNASHUR-FULL
  c468  1 sources  13 segments  19,984 chars: IBNASHUR-FULL
  c469  1 sources  12 segments  18,495 chars: IBNASHUR-FULL
  c470  1 sources  11 segments  18,870 chars: IBNASHUR-FULL
  c471  1 sources  12 segments  19,733 chars: IBNASHUR-FULL
  c472  1 sources  12 segments  19,987 chars: IBNASHUR-FULL
  c473  1 sources  11 segments  18,612 chars: IBNASHUR-FULL
  c474  1 sources  11 segments  19,459 chars: IBNASHUR-FULL
  c475  1 sources  10 segments  17,847 chars: IBNASHUR-FULL
  c476  1 sources  12 segments  19,784 chars: IBNASHUR-FULL
  c477  1 sources  10 segments  18,983 chars: IBNASHUR-FULL
  c478  1 sources  11 segments  19,652 chars: IBNASHUR-FULL
  c479  1 sources  11 segments  18,543 chars: IBNASHUR-FULL
  c480  1 sources  11 segments  19,298 chars: IBNASHUR-FULL
  c481  1 sources  10 segments  18,108 chars: IBNASHUR-FULL
  c482  1 sources  11 segments  19,362 chars: IBNASHUR-FULL
  c483  1 sources  11 segments  18,986 chars: IBNASHUR-FULL
  c484  1 sources  11 segments  19,847 chars: IBNASHUR-FULL
  c485  1 sources  12 segments  19,941 chars: IBNASHUR-FULL
  c486  1 sources  12 segments  18,667 chars: IBNASHUR-FULL
  c487  1 sources  11 segments  19,418 chars: IBNASHUR-FULL
  c488  1 sources   8 segments  17,097 chars: IBNASHUR-FULL
  c489  1 sources   7 segments  19,866 chars: IBNASHUR-FULL
  c490  1 sources   5 segments  13,964 chars: IBNASHUR-FULL
  c491  1 sources  28 segments  19,923 chars: IBNATIYYA
  c492  1 sources   7 segments   6,595 chars: IBNATIYYA
  c493  1 sources  13 segments  18,574 chars: IBNATIYYA-FULL
  c494  1 sources  12 segments  19,688 chars: IBNATIYYA-FULL
  c495  1 sources  11 segments  18,018 chars: IBNATIYYA-FULL
  c496  1 sources  10 segments  18,689 chars: IBNATIYYA-FULL
  c497  1 sources  12 segments  19,037 chars: IBNATIYYA-FULL
  c498  1 sources  15 segments  19,795 chars: IBNATIYYA-FULL
  c499  1 sources  12 segments  18,284 chars: IBNATIYYA-FULL
  c500  1 sources  13 segments  18,944 chars: IBNATIYYA-FULL
  c501  1 sources  12 segments  18,733 chars: IBNATIYYA-FULL
  c502  1 sources  14 segments  19,933 chars: IBNATIYYA-FULL
  c503  1 sources  13 segments  18,174 chars: IBNATIYYA-FULL
  c504  1 sources  16 segments  18,681 chars: IBNATIYYA-FULL
  c505  1 sources  15 segments  19,166 chars: IBNATIYYA-FULL
  c506  1 sources  15 segments  18,348 chars: IBNATIYYA-FULL
  c507  1 sources  13 segments  18,838 chars: IBNATIYYA-FULL
  c508  1 sources  13 segments  19,737 chars: IBNATIYYA-FULL
  c509  1 sources  15 segments  19,076 chars: IBNATIYYA-FULL
  c510  1 sources  16 segments  19,769 chars: IBNATIYYA-FULL
  c511  1 sources  13 segments  19,441 chars: IBNATIYYA-FULL
  c512  1 sources  12 segments  19,343 chars: IBNATIYYA-FULL
  c513  1 sources  14 segments  19,852 chars: IBNATIYYA-FULL
  c514  1 sources  12 segments  19,520 chars: IBNATIYYA-FULL
  c515  1 sources   3 segments   5,313 chars: IBNATIYYA-FULL
  c516  1 sources  22 segments  19,090 chars: IBNJAWZI-ZAD
  c517  1 sources  19 segments  19,452 chars: IBNJAWZI-ZAD
  c518  1 sources  24 segments  19,467 chars: IBNJAWZI-ZAD
  c519  1 sources  24 segments  19,116 chars: IBNJAWZI-ZAD
  c520  1 sources  32 segments  19,345 chars: IBNJAWZI-ZAD
  c521  1 sources  26 segments  19,314 chars: IBNJAWZI-ZAD
  c522  1 sources  34 segments  19,531 chars: IBNJAWZI-ZAD
  c523  1 sources  33 segments  19,054 chars: IBNJAWZI-ZAD
  c524  1 sources  34 segments  19,375 chars: IBNJAWZI-ZAD
  c525  1 sources  29 segments  19,747 chars: IBNJAWZI-ZAD
  c526  1 sources  40 segments  13,105 chars: IBNJAWZI-ZAD
  c527  1 sources  16 segments  19,839 chars: IBNKATHIR
  c528  1 sources  11 segments  18,257 chars: IBNKATHIR
  c529  1 sources   4 segments  14,696 chars: IBNKATHIR
  c530  1 sources  11 segments  19,041 chars: IBNKATHIR-FULL
  c531  1 sources  11 segments  18,545 chars: IBNKATHIR-FULL
  c532  1 sources  12 segments  19,427 chars: IBNKATHIR-FULL
  c533  1 sources  12 segments  19,349 chars: IBNKATHIR-FULL
  c534  1 sources  11 segments  18,659 chars: IBNKATHIR-FULL
  c535  1 sources  12 segments  19,367 chars: IBNKATHIR-FULL
  c536  1 sources  11 segments  18,900 chars: IBNKATHIR-FULL
  c537  1 sources   9 segments  18,463 chars: IBNKATHIR-FULL
  c538  1 sources  12 segments  18,210 chars: IBNKATHIR-FULL
  c539  1 sources  10 segments  19,220 chars: IBNKATHIR-FULL
  c540  1 sources  16 segments  17,973 chars: IBNKATHIR-FULL
  c541  1 sources  12 segments  19,992 chars: IBNKATHIR-FULL
  c542  1 sources  14 segments  19,363 chars: IBNKATHIR-FULL
  c543  1 sources  15 segments  19,744 chars: IBNKATHIR-FULL
  c544  1 sources  14 segments  18,488 chars: IBNKATHIR-FULL
  c545  1 sources  13 segments  19,464 chars: IBNKATHIR-FULL
  c546  1 sources  12 segments  18,961 chars: IBNKATHIR-FULL
  c547  1 sources  11 segments  19,105 chars: IBNKATHIR-FULL
  c548  1 sources  15 segments  19,957 chars: IBNKATHIR-FULL
  c549  1 sources  11 segments  18,988 chars: IBNKATHIR-FULL
  c550  1 sources  13 segments  19,487 chars: IBNKATHIR-FULL
  c551  1 sources  11 segments  17,999 chars: IBNKATHIR-FULL
  c552  1 sources  11 segments  18,322 chars: IBNKATHIR-FULL
  c553  1 sources  12 segments  19,395 chars: IBNKATHIR-FULL
  c554  1 sources  12 segments  19,265 chars: IBNKATHIR-FULL
  c555  1 sources  12 segments  19,960 chars: IBNKATHIR-FULL
  c556  1 sources  11 segments  19,092 chars: IBNKATHIR-FULL
  c557  1 sources  11 segments  19,542 chars: IBNKATHIR-FULL
  c558  1 sources  15 segments  19,643 chars: IBNKATHIR-FULL
  c559  1 sources   8 segments  12,844 chars: IBNKATHIR-FULL
  c560  1 sources  11 segments  18,216 chars: JISHUMI
  c561  1 sources   9 segments  18,674 chars: JISHUMI
  c562  1 sources  10 segments  18,957 chars: JISHUMI
  c563  1 sources  11 segments  18,828 chars: JISHUMI
  c564  1 sources  10 segments  19,625 chars: JISHUMI
  c565  1 sources  11 segments  18,917 chars: JISHUMI
  c566  1 sources  11 segments  19,267 chars: JISHUMI
  c567  1 sources  13 segments  19,475 chars: JISHUMI
  c568  1 sources  13 segments  18,682 chars: JISHUMI
  c569  1 sources  10 segments  18,618 chars: JISHUMI
  c570  1 sources  11 segments  19,822 chars: JISHUMI
  c571  1 sources  12 segments  19,927 chars: JISHUMI
  c572  1 sources  13 segments  19,471 chars: JISHUMI
  c573  1 sources  11 segments  18,492 chars: JISHUMI
  c574  1 sources  12 segments  19,321 chars: JISHUMI
  c575  1 sources  13 segments  19,428 chars: JISHUMI
  c576  1 sources  15 segments  18,570 chars: JISHUMI
  c577  1 sources  12 segments  18,219 chars: JISHUMI
  c578  1 sources  13 segments  19,812 chars: JISHUMI
  c579  1 sources  12 segments  19,567 chars: JISHUMI
  c580  1 sources  11 segments  18,475 chars: JISHUMI
  c581  2 sources  18 segments  11,702 chars: JISHUMI KASHSHAF
  c582  1 sources  24 segments  19,927 chars: KASHSHAF-FULL
  c583  1 sources  21 segments  19,256 chars: KASHSHAF-FULL
  c584  1 sources  21 segments  18,663 chars: KASHSHAF-FULL
  c585  1 sources  16 segments  19,117 chars: KASHSHAF-FULL
  c586  1 sources  12 segments  17,205 chars: KASHSHAF-FULL
  c587  1 sources  20 segments  19,876 chars: KASHSHAF-FULL
  c588  1 sources  20 segments  19,216 chars: KASHSHAF-FULL
  c589  1 sources  17 segments  19,642 chars: KASHSHAF-FULL
  c590  1 sources  16 segments  19,865 chars: KASHSHAF-FULL
  c591  1 sources  14 segments  18,179 chars: KASHSHAF-FULL
  c592  1 sources  20 segments  19,953 chars: KASHSHAF-FULL
  c593  1 sources  17 segments  18,246 chars: KASHSHAF-FULL
  c594  1 sources  13 segments  16,695 chars: KASHSHAF-FULL
  c595  1 sources  34 segments  17,343 chars: MAWARDI
  c596  1 sources  13 segments  19,302 chars: MAWARDI-FULL
  c597  1 sources  11 segments  19,473 chars: MAWARDI-FULL
  c598  1 sources  12 segments  19,118 chars: MAWARDI-FULL
  c599  1 sources  17 segments  19,323 chars: MAWARDI-FULL
  c600  1 sources  15 segments  17,865 chars: MAWARDI-FULL
  c601  1 sources  12 segments  18,324 chars: MAWARDI-FULL
  c602  1 sources  13 segments  19,181 chars: MAWARDI-FULL
  c603  1 sources  12 segments  19,380 chars: MAWARDI-FULL
  c604  1 sources  13 segments  17,872 chars: MAWARDI-FULL
  c605  1 sources  10 segments  18,680 chars: MAWARDI-FULL
  c606  1 sources  10 segments  19,943 chars: MAWARDI-FULL
  c607  1 sources   2 segments   3,509 chars: MAWARDI-FULL
  c608  1 sources  60 segments  19,749 chars: MUJAHID
  c609  1 sources  30 segments  10,010 chars: MUJAHID
  c610  1 sources  17 segments  18,366 chars: MUQATIL
  c611  1 sources  17 segments  18,914 chars: MUQATIL
  c612  1 sources  24 segments  19,334 chars: MUQATIL
  c613  1 sources  19 segments  19,582 chars: MUQATIL
  c614  1 sources  18 segments  18,997 chars: MUQATIL
  c615  1 sources  22 segments  19,869 chars: MUQATIL
  c616  1 sources  22 segments  19,889 chars: MUQATIL
  c617  2 sources  40 segments  17,132 chars: MUQATIL NASAFI
  c618  1 sources  17 segments  19,448 chars: NASAFI-FULL
  c619  1 sources  26 segments  19,874 chars: NASAFI-FULL
  c620  1 sources  38 segments  19,938 chars: NASAFI-FULL
  c621  1 sources  37 segments  19,752 chars: NASAFI-FULL
  c622  1 sources  30 segments  19,738 chars: NASAFI-FULL
  c623  1 sources  41 segments  19,838 chars: NASAFI-FULL
  c624  1 sources  43 segments  19,853 chars: NASAFI-FULL
  c625  1 sources  24 segments   5,550 chars: NASAFI-FULL
  c626  1 sources  19 segments  19,016 chars: QURTUBI
  c627  1 sources   9 segments  19,150 chars: QURTUBI
  c628  1 sources   7 segments  17,527 chars: QURTUBI
  c629  1 sources  11 segments  18,783 chars: QURTUBI-FULL
  c630  1 sources  11 segments  19,437 chars: QURTUBI-FULL
  c631  1 sources  10 segments  19,523 chars: QURTUBI-FULL
  c632  1 sources  12 segments  19,533 chars: QURTUBI-FULL
  c633  1 sources  10 segments  19,215 chars: QURTUBI-FULL
  c634  1 sources  11 segments  18,256 chars: QURTUBI-FULL
  c635  1 sources  10 segments  19,261 chars: QURTUBI-FULL
  c636  1 sources  10 segments  19,323 chars: QURTUBI-FULL
  c637  1 sources  11 segments  18,490 chars: QURTUBI-FULL
  c638  1 sources  10 segments  18,125 chars: QURTUBI-FULL
  c639  1 sources   9 segments  18,012 chars: QURTUBI-FULL
  c640  1 sources  10 segments  19,482 chars: QURTUBI-FULL
  c641  1 sources  10 segments  19,810 chars: QURTUBI-FULL
  c642  1 sources  11 segments  19,104 chars: QURTUBI-FULL
  c643  1 sources  11 segments  18,400 chars: QURTUBI-FULL
  c644  1 sources  13 segments  19,631 chars: QURTUBI-FULL
  c645  1 sources  13 segments  19,570 chars: QURTUBI-FULL
  c646  1 sources  12 segments  19,926 chars: QURTUBI-FULL
  c647  1 sources  12 segments  19,313 chars: QURTUBI-FULL
  c648  1 sources  14 segments  18,853 chars: QURTUBI-FULL
  c649  1 sources  12 segments  19,108 chars: QURTUBI-FULL
  c650  1 sources  13 segments  19,640 chars: QURTUBI-FULL
  c651  1 sources  13 segments  18,589 chars: QURTUBI-FULL
  c652  1 sources  13 segments  19,399 chars: QURTUBI-FULL
  c653  1 sources  10 segments  17,760 chars: QURTUBI-FULL
  c654  1 sources  12 segments  19,803 chars: QURTUBI-FULL
  c655  1 sources  12 segments  19,589 chars: QURTUBI-FULL
  c656  1 sources  15 segments  18,354 chars: QURTUBI-FULL
  c657  1 sources  11 segments  19,120 chars: QURTUBI-FULL
  c658  1 sources  11 segments  19,875 chars: QURTUBI-FULL
  c659  1 sources  11 segments  18,146 chars: QURTUBI-FULL
  c660  1 sources  16 segments  19,906 chars: QURTUBI-FULL
  c661  1 sources  12 segments  19,851 chars: QURTUBI-FULL
  c662  1 sources  12 segments  18,342 chars: QURTUBI-FULL
  c663  1 sources  13 segments  19,822 chars: QURTUBI-FULL
  c664  1 sources  12 segments  18,738 chars: QURTUBI-FULL
  c665  1 sources  14 segments  19,462 chars: QURTUBI-FULL
  c666  1 sources  11 segments  19,092 chars: QURTUBI-FULL
  c667  1 sources   1 segments   1,641 chars: QURTUBI-FULL
  c668  1 sources  16 segments  19,200 chars: RAZI
  c669  1 sources   8 segments  18,143 chars: RAZI
  c670  1 sources   6 segments  13,736 chars: RAZI
  c671  1 sources  10 segments  19,715 chars: RAZI-FULL
  c672  1 sources  10 segments  18,861 chars: RAZI-FULL
  c673  1 sources   9 segments  19,997 chars: RAZI-FULL
  c674  1 sources   6 segments  18,285 chars: RAZI-FULL
  c675  1 sources  11 segments  19,750 chars: RAZI-FULL
  c676  1 sources   9 segments  19,914 chars: RAZI-FULL
  c677  1 sources  10 segments  19,393 chars: RAZI-FULL
  c678  1 sources  11 segments  18,874 chars: RAZI-FULL
  c679  1 sources  10 segments  19,149 chars: RAZI-FULL
  c680  1 sources  11 segments  19,931 chars: RAZI-FULL
  c681  1 sources  11 segments  18,495 chars: RAZI-FULL
  c682  1 sources  10 segments  18,141 chars: RAZI-FULL
  c683  1 sources  11 segments  18,551 chars: RAZI-FULL
  c684  1 sources  13 segments  18,665 chars: RAZI-FULL
  c685  1 sources  11 segments  19,085 chars: RAZI-FULL
  c686  1 sources  11 segments  18,343 chars: RAZI-FULL
  c687  1 sources  12 segments  19,344 chars: RAZI-FULL
  c688  1 sources  12 segments  18,609 chars: RAZI-FULL
  c689  1 sources  11 segments  18,630 chars: RAZI-FULL
  c690  1 sources   9 segments  18,615 chars: RAZI-FULL
  c691  1 sources  12 segments  18,277 chars: RAZI-FULL
  c692  1 sources  12 segments  19,826 chars: RAZI-FULL
  c693  1 sources  15 segments  19,397 chars: RAZI-FULL
  c694  1 sources  10 segments  18,364 chars: RAZI-FULL
  c695  1 sources   9 segments  18,861 chars: RAZI-FULL
  c696  1 sources  10 segments  19,251 chars: RAZI-FULL
  c697  1 sources   9 segments  17,534 chars: RAZI-FULL
  c698  1 sources   9 segments  18,707 chars: RAZI-FULL
  c699  1 sources  10 segments  17,051 chars: RAZI-FULL
  c700  1 sources   9 segments  18,987 chars: RAZI-FULL
  c701  1 sources   9 segments  18,328 chars: RAZI-FULL
  c702  1 sources  12 segments  19,965 chars: RAZI-FULL
  c703  1 sources  11 segments  19,520 chars: RAZI-FULL
  c704  1 sources  10 segments  18,784 chars: RAZI-FULL
  c705  1 sources  12 segments  18,949 chars: RAZI-FULL
  c706  1 sources  15 segments  19,762 chars: RAZI-FULL
  c707  1 sources  15 segments  17,771 chars: RAZI-FULL
  c708  1 sources  10 segments  17,183 chars: RAZI-FULL
  c709  1 sources  12 segments  19,893 chars: RAZI-FULL
  c710  1 sources  10 segments  19,577 chars: RAZI-FULL
  c711  1 sources  13 segments  19,711 chars: RAZI-FULL
  c712  1 sources  12 segments  18,016 chars: RAZI-FULL
  c713  1 sources  12 segments  19,560 chars: RAZI-FULL
  c714  1 sources  17 segments  18,427 chars: RAZI-FULL
  c715  1 sources  13 segments  19,110 chars: RAZI-FULL
  c716  1 sources  23 segments  19,831 chars: RAZI-FULL
  c717  1 sources  13 segments  19,004 chars: RAZI-FULL
  c718  1 sources  12 segments  18,335 chars: RAZI-FULL
  c719  1 sources   6 segments  10,943 chars: RAZI-FULL
  c720  1 sources   8 segments  19,132 chars: STUDYQURAN
  c721  1 sources   9 segments  19,682 chars: STUDYQURAN
  c722  1 sources   6 segments  18,763 chars: STUDYQURAN
  c723  1 sources   9 segments  19,100 chars: STUDYQURAN
  c724  1 sources  13 segments  18,964 chars: STUDYQURAN
  c725  1 sources  16 segments  18,340 chars: STUDYQURAN
  c726  1 sources  16 segments  19,816 chars: STUDYQURAN
  c727  1 sources  18 segments  14,305 chars: STUDYQURAN
  c728  1 sources   7 segments  19,158 chars: STUDYQURAN
  c729  1 sources  17 segments  18,728 chars: STUDYQURAN
  c730  1 sources  16 segments  19,098 chars: STUDYQURAN
  c731  1 sources  15 segments  19,028 chars: STUDYQURAN
  c732  1 sources  18 segments  18,206 chars: STUDYQURAN
  c733  1 sources   6 segments  17,783 chars: STUDYQURAN
  c734  1 sources   8 segments  17,853 chars: STUDYQURAN
  c735  1 sources  15 segments  19,968 chars: STUDYQURAN
  c736  1 sources  13 segments   7,365 chars: STUDYQURAN
  c737  1 sources  12 segments  19,214 chars: TAB
  c738  1 sources   9 segments  18,072 chars: TAB
  c739  1 sources   5 segments  10,234 chars: TAB
  c740  1 sources  11 segments  18,236 chars: TAB-FULL
  c741  1 sources  11 segments  19,673 chars: TAB-FULL
  c742  1 sources  10 segments  18,908 chars: TAB-FULL
  c743  1 sources   9 segments  19,306 chars: TAB-FULL
  c744  1 sources  11 segments  19,726 chars: TAB-FULL
  c745  1 sources  13 segments  19,846 chars: TAB-FULL
  c746  1 sources  10 segments  19,657 chars: TAB-FULL
  c747  1 sources  10 segments  18,994 chars: TAB-FULL
  c748  1 sources  11 segments  18,538 chars: TAB-FULL
  c749  1 sources  11 segments  19,737 chars: TAB-FULL
  c750  1 sources  10 segments  18,996 chars: TAB-FULL
  c751  1 sources  13 segments  18,820 chars: TAB-FULL
  c752  1 sources  13 segments  19,225 chars: TAB-FULL
  c753  1 sources  11 segments  18,601 chars: TAB-FULL
  c754  1 sources  10 segments  18,281 chars: TAB-FULL
  c755  1 sources  10 segments  19,129 chars: TAB-FULL
  c756  1 sources  10 segments  19,344 chars: TAB-FULL
  c757  1 sources  15 segments  19,775 chars: TAB-FULL
  c758  1 sources   9 segments  19,691 chars: TAB-FULL
  c759  1 sources  13 segments  19,786 chars: TAB-FULL
  c760  1 sources  10 segments  19,450 chars: TAB-FULL
  c761  1 sources  12 segments  18,452 chars: TAB-FULL
  c762  1 sources  10 segments  19,741 chars: TAB-FULL
  c763  1 sources  13 segments  18,753 chars: TAB-FULL
  c764  1 sources  17 segments  19,327 chars: TAB-FULL
  c765  1 sources  15 segments  18,269 chars: TAB-FULL
  c766  1 sources  13 segments  18,550 chars: TAB-FULL
  c767  1 sources  12 segments  18,332 chars: TAB-FULL
  c768  1 sources  12 segments  18,371 chars: TAB-FULL
  c769  1 sources  17 segments  18,383 chars: TAB-FULL
  c770  1 sources  16 segments  18,666 chars: TAB-FULL
  c771  1 sources  17 segments  18,985 chars: TAB-FULL
  c772  1 sources  15 segments  18,651 chars: TAB-FULL
  c773  1 sources  20 segments  17,953 chars: TAB-FULL
  c774  1 sources  15 segments  19,220 chars: TAB-FULL
  c775  1 sources  17 segments  19,757 chars: TAB-FULL
  c776  1 sources  17 segments  17,495 chars: TAB-FULL
  c777  1 sources  14 segments  18,664 chars: TAB-FULL
  c778  1 sources  17 segments  19,991 chars: TAB-FULL
  c779  1 sources  17 segments  19,880 chars: TAB-FULL
  c780  1 sources  16 segments  19,702 chars: TAB-FULL
  c781  1 sources  21 segments  19,756 chars: TAB-FULL
  c782  1 sources   8 segments  18,032 chars: TAB-FULL
  c783  1 sources  11 segments  19,883 chars: TABATABAI
  c784  1 sources   9 segments  18,920 chars: TABATABAI
  c785  1 sources   9 segments  17,528 chars: TABATABAI
  c786  1 sources   9 segments  18,162 chars: TABATABAI
  c787  1 sources   9 segments  18,960 chars: TABATABAI
  c788  1 sources  10 segments  19,271 chars: TABATABAI
  c789  1 sources   9 segments  18,637 chars: TABATABAI
  c790  1 sources  10 segments  19,409 chars: TABATABAI
  c791  1 sources  11 segments  19,532 chars: TABATABAI
  c792  1 sources  10 segments  18,435 chars: TABATABAI
  c793  1 sources   8 segments  18,515 chars: TABATABAI
  c794  1 sources  10 segments  19,175 chars: TABATABAI
  c795  1 sources  10 segments  19,031 chars: TABATABAI
  c796  1 sources  10 segments  18,557 chars: TABATABAI
  c797  1 sources  11 segments  19,536 chars: TABATABAI
  c798  1 sources  10 segments  19,669 chars: TABATABAI
  c799  1 sources  11 segments  19,395 chars: TABATABAI
  c800  1 sources  11 segments  19,359 chars: TABATABAI
  c801  1 sources  10 segments  17,541 chars: TABATABAI
  c802  1 sources  11 segments  19,295 chars: TABATABAI
  c803  1 sources  10 segments  19,708 chars: TABATABAI
  c804  1 sources   9 segments  19,568 chars: TABATABAI
  c805  1 sources   9 segments  19,577 chars: TABATABAI
  c806  1 sources  10 segments  19,075 chars: TABATABAI
  c807  1 sources   9 segments  18,545 chars: TABATABAI
  c808  1 sources  10 segments  18,763 chars: TABATABAI
  c809  1 sources  12 segments  19,557 chars: TABATABAI
  c810  1 sources  10 segments  19,908 chars: TABATABAI
  c811  1 sources  11 segments  19,922 chars: TABATABAI
  c812  1 sources   9 segments  18,802 chars: TABATABAI
  c813  1 sources   9 segments  19,146 chars: TABATABAI
  c814  1 sources  11 segments  19,402 chars: TABATABAI
  c815  1 sources  11 segments  19,857 chars: TABATABAI
  c816  1 sources  11 segments  19,663 chars: TABATABAI
  c817  1 sources   9 segments  19,835 chars: TABATABAI
  c818  1 sources   9 segments  18,316 chars: TABATABAI
  c819  1 sources  10 segments  18,690 chars: TABATABAI
  c820  1 sources   9 segments  18,156 chars: TABATABAI
  c821  1 sources   9 segments  18,181 chars: TABATABAI
  c822  1 sources  10 segments  19,194 chars: TABATABAI
  c823  1 sources   8 segments  18,137 chars: TABATABAI
  c824  1 sources  10 segments  19,747 chars: TABATABAI
  c825  1 sources   9 segments  18,992 chars: TABATABAI
  c826  1 sources  10 segments  16,274 chars: TABATABAI
  c827  1 sources  10 segments  18,855 chars: TABRISI
  c828  1 sources  11 segments  18,987 chars: TABRISI
  c829  1 sources  12 segments  19,462 chars: TABRISI
  c830  1 sources  10 segments  18,792 chars: TABRISI
  c831  1 sources  12 segments  19,072 chars: TABRISI
  c832  1 sources  10 segments  19,153 chars: TABRISI
  c833  1 sources  14 segments  19,436 chars: TABRISI
  c834  1 sources  11 segments  19,084 chars: TABRISI
  c835  1 sources  10 segments  19,133 chars: TABRISI
  c836  1 sources  13 segments  19,338 chars: TABRISI
  c837  1 sources  12 segments  19,567 chars: TABRISI
  c838  1 sources  11 segments  18,017 chars: TABRISI
  c839  1 sources  12 segments  19,842 chars: TABRISI
  c840  1 sources  11 segments  19,676 chars: TABRISI
  c841  1 sources  10 segments  18,008 chars: TABRISI
  c842  1 sources  12 segments  18,700 chars: TABRISI
  c843  1 sources   9 segments  18,187 chars: TABRISI
  c844  1 sources   9 segments  18,045 chars: TABRISI
  c845  1 sources  12 segments  19,923 chars: TABRISI
  c846  1 sources  10 segments  19,714 chars: TABRISI
  c847  1 sources  11 segments  19,542 chars: TABRISI
  c848  1 sources  11 segments  19,290 chars: TABRISI
  c849  1 sources   4 segments   8,849 chars: TABRISI
  c850  1 sources  12 segments  19,893 chars: THALABI
  c851  1 sources  12 segments  18,579 chars: THALABI
  c852  1 sources  11 segments  19,706 chars: THALABI
  c853  1 sources  11 segments  19,438 chars: THALABI
  c854  1 sources  11 segments  18,899 chars: THALABI
  c855  1 sources  11 segments  18,592 chars: THALABI
  c856  1 sources  11 segments  18,868 chars: THALABI
  c857  1 sources  11 segments  18,129 chars: THALABI
  c858  1 sources  13 segments  19,539 chars: THALABI
  c859  1 sources  13 segments  18,799 chars: THALABI
  c860  1 sources  12 segments  19,522 chars: THALABI
  c861  1 sources  11 segments  19,993 chars: THALABI
  c862  1 sources  11 segments  19,986 chars: THALABI
  c863  1 sources  13 segments  19,369 chars: THALABI
  c864  1 sources  11 segments  18,590 chars: THALABI
  c865  1 sources  12 segments  19,553 chars: THALABI
  c866  1 sources  13 segments  19,402 chars: THALABI
  c867  1 sources  12 segments  18,691 chars: THALABI
  c868  1 sources  13 segments  19,535 chars: THALABI
  c869  1 sources  12 segments  19,258 chars: THALABI
  c870  1 sources  12 segments  19,635 chars: THALABI
  c871  1 sources   4 segments   6,793 chars: THALABI
  c872  1 sources  15 segments  18,988 chars: WAHIDI-BASIT
  c873  1 sources  18 segments  19,670 chars: WAHIDI-BASIT
  c874  1 sources  14 segments  19,807 chars: WAHIDI-BASIT
  c875  1 sources  16 segments  18,502 chars: WAHIDI-BASIT
  c876  1 sources  19 segments  19,383 chars: WAHIDI-BASIT
  c877  1 sources  19 segments  19,922 chars: WAHIDI-BASIT
  c878  1 sources  17 segments  19,588 chars: WAHIDI-BASIT
  c879  1 sources  16 segments  19,975 chars: WAHIDI-BASIT
  c880  1 sources  22 segments  19,792 chars: WAHIDI-BASIT
  c881  1 sources  23 segments  19,731 chars: WAHIDI-BASIT
  c882  1 sources  22 segments  19,042 chars: WAHIDI-BASIT
  c883  1 sources  17 segments  19,631 chars: WAHIDI-BASIT
  c884  1 sources  28 segments  19,676 chars: WAHIDI-BASIT
  c885  1 sources  20 segments  19,607 chars: WAHIDI-BASIT
  c886  1 sources  22 segments  19,155 chars: WAHIDI-BASIT
  c887  1 sources  26 segments  19,040 chars: WAHIDI-BASIT
  c888  1 sources  18 segments  19,351 chars: WAHIDI-BASIT
  c889  1 sources  21 segments  19,857 chars: WAHIDI-BASIT
  c890  1 sources  18 segments  19,998 chars: WAHIDI-BASIT
  c891  1 sources  10 segments   6,813 chars: WAHIDI-BASIT
  c892  1 sources  26 segments  19,799 chars: WAHIDI-WAJIZ
  c893  1 sources  31 segments  19,949 chars: WAHIDI-WAJIZ
  c894  1 sources  30 segments  19,641 chars: WAHIDI-WAJIZ
  c895  1 sources  29 segments  16,442 chars: WAHIDI-WAJIZ
  c896  1 sources  20 segments  18,817 chars: YAHYA-SALLAM
  c897  1 sources  19 segments  19,526 chars: YAHYA-SALLAM
  c898  1 sources  20 segments  18,421 chars: YAHYA-SALLAM
  c899  1 sources  12 segments  13,501 chars: YAHYA-SALLAM
  c900  1 sources   4 segments  18,046 chars: ELMALILI
  c901  1 sources   4 segments  19,870 chars: ELMALILI
  c902  1 sources   3 segments  14,800 chars: ELMALILI
  c903  1 sources   3 segments  14,044 chars: ELMALILI
  c904  1 sources   3 segments  16,714 chars: ELMALILI
  c905  1 sources   3 segments  19,563 chars: ELMALILI
  c906  1 sources   3 segments  13,701 chars: ELMALILI
  c907  1 sources   4 segments  16,061 chars: ELMALILI
  c908  1 sources   3 segments  18,258 chars: ELMALILI
  c909  1 sources   6 segments  19,792 chars: ELMALILI
  c910  1 sources   5 segments  13,581 chars: ELMALILI
  c911  1 sources   3 segments  15,379 chars: ELMALILI
  c912  1 sources   4 segments  18,632 chars: ELMALILI
  c913  1 sources   4 segments  19,299 chars: ELMALILI
  c914  1 sources   5 segments  16,027 chars: ELMALILI
  c915  1 sources   5 segments  19,373 chars: ELMALILI
  c916  1 sources   7 segments  19,472 chars: ELMALILI
  c917  1 sources   9 segments  17,845 chars: ELMALILI
  c918  1 sources   7 segments  18,753 chars: ELMALILI
  c919  1 sources   3 segments  17,162 chars: ELMALILI
  c920  1 sources   7 segments  15,269 chars: ELMALILI
  c921  1 sources   7 segments  19,239 chars: ELMALILI
  c922  1 sources   3 segments  12,612 chars: ELMALILI
  c923  1 sources   3 segments  18,408 chars: ELMALILI
  c924  1 sources   4 segments  19,762 chars: ELMALILI
  c925  1 sources   4 segments  18,407 chars: ELMALILI
  c926  1 sources   7 segments  17,583 chars: ELMALILI
  c927  1 sources   3 segments  14,134 chars: ELMALILI
  c928  1 sources   4 segments  19,673 chars: ELMALILI
  c929  1 sources   4 segments  14,388 chars: ELMALILI
  c930  1 sources   3 segments  13,892 chars: ELMALILI
  c931  1 sources   4 segments  18,793 chars: ELMALILI
  c932  1 sources   3 segments  15,426 chars: ELMALILI
  c933  1 sources   5 segments  12,400 chars: ELMALILI
  c934  1 sources   3 segments  10,044 chars: KURANYOLU-TEFSIR
  c935  1 sources   1 segments  10,827 chars: KURANYOLU-TEFSIR
  c936  1 sources   3 segments  15,191 chars: KURANYOLU-TEFSIR
  c937  1 sources   4 segments  17,652 chars: KURANYOLU-TEFSIR
  c938  1 sources   3 segments  14,097 chars: KURANYOLU-TEFSIR
  c939  1 sources   5 segments  18,474 chars: KURANYOLU-TEFSIR
  c940  1 sources  10 segments  18,559 chars: KURANYOLU-TEFSIR
  c941  1 sources   7 segments  16,974 chars: KURANYOLU-TEFSIR
  c942  1 sources   8 segments  19,150 chars: KURANYOLU-TEFSIR
  c943  1 sources   7 segments  19,217 chars: KURANYOLU-TEFSIR
  c944  1 sources   7 segments  19,349 chars: KURANYOLU-TEFSIR
  c945  1 sources  12 segments  19,196 chars: KURANYOLU-TEFSIR
  c946  1 sources  10 segments  16,209 chars: KURANYOLU-TEFSIR
  c947  1 sources   5 segments  17,148 chars: KURANYOLU-TEFSIR
  c948  1 sources   1 segments   4,721 chars: KURANYOLU-TEFSIR
  c949  1 sources   2 segments  19,749 chars: KURANYOLU-TEFSIR
  c950  1 sources  11 segments  19,246 chars: KURANYOLU-TEFSIR
  c951  1 sources  17 segments  17,414 chars: KURANYOLU-TEFSIR
  c952  1 sources   3 segments  19,904 chars: KURANYOLU-TEFSIR
  c953  1 sources  12 segments  18,385 chars: KURANYOLU-TEFSIR
  c954  1 sources  13 segments  19,221 chars: BAQILLANI
  c955  1 sources   9 segments  13,941 chars: BAQILLANI
  c956  1 sources  13 segments  19,216 chars: BURHAN
  c957  1 sources  12 segments  19,955 chars: BURHAN
  c958  1 sources  13 segments  19,904 chars: BURHAN
  c959  1 sources  12 segments  19,761 chars: BURHAN
  c960  1 sources  12 segments  18,791 chars: BURHAN
  c961  1 sources  12 segments  19,843 chars: BURHAN
  c962  1 sources  13 segments  18,399 chars: BURHAN
  c963  1 sources  13 segments  19,087 chars: BURHAN
  c964  1 sources  14 segments  19,718 chars: BURHAN
  c965  1 sources  15 segments  19,171 chars: BURHAN
  c966  1 sources  15 segments  19,239 chars: BURHAN
  c967  1 sources  14 segments  16,660 chars: BURHAN
  c968  1 sources  16 segments  19,282 chars: ITQAN
  c969  1 sources  19 segments  19,743 chars: ITQAN
  c970  1 sources  15 segments  19,649 chars: ITQAN
  c971  1 sources  17 segments  19,637 chars: ITQAN
  c972  1 sources  17 segments  19,974 chars: ITQAN
  c973  1 sources  18 segments  18,514 chars: ITQAN
  c974  1 sources  15 segments  18,577 chars: ITQAN
  c975  1 sources  26 segments  19,785 chars: ITQAN
  c976  1 sources  18 segments  18,411 chars: ITQAN
  c977  1 sources  11 segments   8,222 chars: ITQAN
  c978  1 sources  10 segments  18,903 chars: JURJANI-ASRAR
  c979  1 sources  11 segments  19,928 chars: JURJANI-ASRAR
  c980  1 sources   9 segments  16,115 chars: JURJANI-ASRAR
  c981  1 sources  10 segments  18,960 chars: JURJANI-DALAIL
  c982  1 sources  11 segments  19,481 chars: JURJANI-DALAIL
  c983  1 sources  10 segments  19,200 chars: JURJANI-DALAIL
  c984  1 sources  11 segments  19,896 chars: JURJANI-DALAIL
  c985  3 sources  10 segments  17,149 chars: JURJANI-DALAIL KHATTABI RUMMANI
  c986  1 sources  14 segments  15,441 chars: SUYUTI-LUBAB
  c987  1 sources  12 segments  19,654 chars: WAHIDI-ASBAB
  c988  1 sources   7 segments   9,332 chars: WAHIDI-ASBAB
  c989  1 sources   9 segments  18,192 chars: DAMGHANI
  c990  1 sources  11 segments  19,103 chars: DAMGHANI
  c991  1 sources  18 segments  19,589 chars: IBNJAWZI-NUZHA
  c992  1 sources  18 segments  18,456 chars: IBNJAWZI-NUZHA
  c993  1 sources   7 segments   7,365 chars: IBNJAWZI-NUZHA
SKIPPED 333 segment(s): already digested in q103_1-20261008/luna-max (each listed in manifest.json)
SKIPPED 2991 segment(s): already digested in s103-1/luna-max (each listed in manifest.json)
SKIPPED 1042 segment(s): already digested in s103-23/luna-max (each listed in manifest.json)
SKIPPED 1256 segment(s): already digested in s12_17_19_sel150k/luna-max (each listed in manifest.json)
SKIPPED 2235 segment(s): already digested in s1_87_114/luna-max (each listed in manifest.json)
SKIPPED 3323 segment(s): already digested in s1_r13_refs212_20261008/luna-max (each listed in manifest.json)
SKIPPED 5291 segment(s): already digested in t1_s096_20261009 (each listed in manifest.json)
SKIPPED 62 segment(s): already digested in t1_s103_20261009 (each listed in manifest.json)
SKIPPED 89 segment(s): already digested in t1_s103_20261009/luna-max (each listed in manifest.json)
SKIPPED 106 segment(s): already digested in test-20261007/luna-max (each listed in manifest.json)
SKIPPED 36358 segment(s): kind meal (each listed in manifest.json)
SKIPPED 443 segment(s): kind quran (each listed in manifest.json)
SKIPPED 886 segment(s): kind translation (each listed in manifest.json)
SKIPPED 12499 segment(s): surah-level (each listed in manifest.json)
