NOTE surah-level S1: 149 segments, 221,014 characters, reserved for the surah page (listed in manifest.json)
NOTE surah-level S2: 1586 segments, 2,192,981 characters, reserved for the surah page (listed in manifest.json)
NOTE surah-level S3: 520 segments, 627,895 characters, reserved for the surah page (listed in manifest.json)
NOTE surah-level S4: 548 segments, 691,218 characters, reserved for the surah page (listed in manifest.json)
NOTE surah-level S5: 467 segments, 606,353 characters, reserved for the surah page (listed in manifest.json)
NOTE surah-level S6: 419 segments, 498,565 characters, reserved for the surah page (listed in manifest.json)
NOTE surah-level S7: 748 segments, 953,313 characters, reserved for the surah page (listed in manifest.json)
NOTE surah-level S8: 151 segments, 170,989 characters, reserved for the surah page (listed in manifest.json)
NOTE surah-level S9: 457 segments, 571,539 characters, reserved for the surah page (listed in manifest.json)
NOTE surah-level S10: 236 segments, 256,828 characters, reserved for the surah page (listed in manifest.json)
NOTE surah-level S11: 317 segments, 394,843 characters, reserved for the surah page (listed in manifest.json)
NOTE surah-level S12: 334 segments, 426,279 characters, reserved for the surah page (listed in manifest.json)
NOTE surah-level S13: 153 segments, 170,236 characters, reserved for the surah page (listed in manifest.json)
NOTE surah-level S15: 153 segments, 160,274 characters, reserved for the surah page (listed in manifest.json)
NOTE surah-level S16: 409 segments, 449,679 characters, reserved for the surah page (listed in manifest.json)
NOTE surah-level S17: 373 segments, 478,108 characters, reserved for the surah page (listed in manifest.json)
NOTE surah-level S18: 270 segments, 302,725 characters, reserved for the surah page (listed in manifest.json)
NOTE surah-level S19: 145 segments, 132,916 characters, reserved for the surah page (listed in manifest.json)
NOTE surah-level S20: 168 segments, 176,068 characters, reserved for the surah page (listed in manifest.json)
NOTE surah-level S21: 157 segments, 175,294 characters, reserved for the surah page (listed in manifest.json)
NOTE surah-level S22: 115 segments, 132,031 characters, reserved for the surah page (listed in manifest.json)
NOTE surah-level S23: 106 segments, 94,879 characters, reserved for the surah page (listed in manifest.json)
NOTE surah-level S24: 164 segments, 183,403 characters, reserved for the surah page (listed in manifest.json)
NOTE surah-level S25: 119 segments, 112,464 characters, reserved for the surah page (listed in manifest.json)
NOTE surah-level S26: 136 segments, 124,119 characters, reserved for the surah page (listed in manifest.json)
NOTE surah-level S27: 128 segments, 137,994 characters, reserved for the surah page (listed in manifest.json)
NOTE surah-level S28: 85 segments, 99,798 characters, reserved for the surah page (listed in manifest.json)
NOTE surah-level S29: 61 segments, 75,039 characters, reserved for the surah page (listed in manifest.json)
NOTE surah-level S30: 84 segments, 94,885 characters, reserved for the surah page (listed in manifest.json)
NOTE surah-level S31: 75 segments, 83,503 characters, reserved for the surah page (listed in manifest.json)
NOTE surah-level S32: 53 segments, 51,592 characters, reserved for the surah page (listed in manifest.json)
NOTE surah-level S33: 206 segments, 290,764 characters, reserved for the surah page (listed in manifest.json)
NOTE surah-level S34: 101 segments, 111,341 characters, reserved for the surah page (listed in manifest.json)
NOTE surah-level S35: 69 segments, 75,307 characters, reserved for the surah page (listed in manifest.json)
NOTE surah-level S36: 116 segments, 121,677 characters, reserved for the surah page (listed in manifest.json)
NOTE surah-level S38: 125 segments, 128,528 characters, reserved for the surah page (listed in manifest.json)
NOTE surah-level S39: 159 segments, 198,396 characters, reserved for the surah page (listed in manifest.json)
NOTE surah-level S40: 124 segments, 151,927 characters, reserved for the surah page (listed in manifest.json)
NOTE surah-level S41: 72 segments, 79,882 characters, reserved for the surah page (listed in manifest.json)
NOTE surah-level S42: 163 segments, 215,178 characters, reserved for the surah page (listed in manifest.json)
NOTE surah-level S43: 62 segments, 51,546 characters, reserved for the surah page (listed in manifest.json)
NOTE surah-level S44: 72 segments, 69,887 characters, reserved for the surah page (listed in manifest.json)
NOTE surah-level S47: 75 segments, 88,335 characters, reserved for the surah page (listed in manifest.json)
NOTE surah-level S49: 66 segments, 75,694 characters, reserved for the surah page (listed in manifest.json)
NOTE surah-level S50: 125 segments, 172,116 characters, reserved for the surah page (listed in manifest.json)
NOTE surah-level S52: 52 segments, 50,018 characters, reserved for the surah page (listed in manifest.json)
NOTE surah-level S53: 117 segments, 138,007 characters, reserved for the surah page (listed in manifest.json)
NOTE surah-level S54: 59 segments, 54,571 characters, reserved for the surah page (listed in manifest.json)
NOTE surah-level S55: 151 segments, 159,378 characters, reserved for the surah page (listed in manifest.json)
NOTE surah-level S56: 103 segments, 103,703 characters, reserved for the surah page (listed in manifest.json)
NOTE surah-level S64: 76 segments, 95,502 characters, reserved for the surah page (listed in manifest.json)
NOTE surah-level S66: 48 segments, 48,084 characters, reserved for the surah page (listed in manifest.json)
NOTE surah-level S67: 36 segments, 38,894 characters, reserved for the surah page (listed in manifest.json)
NOTE surah-level S68: 82 segments, 82,163 characters, reserved for the surah page (listed in manifest.json)
NOTE surah-level S69: 59 segments, 39,930 characters, reserved for the surah page (listed in manifest.json)
NOTE surah-level S70: 56 segments, 40,106 characters, reserved for the surah page (listed in manifest.json)
NOTE surah-level S72: 37 segments, 33,619 characters, reserved for the surah page (listed in manifest.json)
NOTE surah-level S74: 46 segments, 39,468 characters, reserved for the surah page (listed in manifest.json)
NOTE surah-level S75: 84 segments, 70,567 characters, reserved for the surah page (listed in manifest.json)
NOTE surah-level S76: 75 segments, 77,373 characters, reserved for the surah page (listed in manifest.json)
NOTE surah-level S77: 30 segments, 15,224 characters, reserved for the surah page (listed in manifest.json)
NOTE surah-level S78: 68 segments, 67,044 characters, reserved for the surah page (listed in manifest.json)
NOTE surah-level S79: 47 segments, 34,443 characters, reserved for the surah page (listed in manifest.json)
NOTE surah-level S80: 52 segments, 40,265 characters, reserved for the surah page (listed in manifest.json)
NOTE surah-level S82: 26 segments, 14,298 characters, reserved for the surah page (listed in manifest.json)
NOTE surah-level S83: 183 segments, 110,250 characters, reserved for the surah page (listed in manifest.json)
NOTE surah-level S84: 22 segments, 11,449 characters, reserved for the surah page (listed in manifest.json)
NOTE surah-level S86: 24 segments, 13,621 characters, reserved for the surah page (listed in manifest.json)
NOTE surah-level S87: 40 segments, 44,453 characters, reserved for the surah page (listed in manifest.json)
NOTE surah-level S89: 47 segments, 53,639 characters, reserved for the surah page (listed in manifest.json)
NOTE surah-level S90: 48 segments, 37,323 characters, reserved for the surah page (listed in manifest.json)
NOTE surah-level S91: 53 segments, 49,189 characters, reserved for the surah page (listed in manifest.json)
NOTE surah-level S92: 37 segments, 29,625 characters, reserved for the surah page (listed in manifest.json)
NOTE surah-level S93: 49 segments, 51,343 characters, reserved for the surah page (listed in manifest.json)
NOTE surah-level S95: 28 segments, 26,182 characters, reserved for the surah page (listed in manifest.json)
NOTE surah-level S96: 38 segments, 37,336 characters, reserved for the surah page (listed in manifest.json)
NOTE surah-level S100: 29 segments, 19,368 characters, reserved for the surah page (listed in manifest.json)
NOTE surah-level S103: 35 segments, 31,050 characters, reserved for the surah page (listed in manifest.json)
NOTE surah-level S107: 26 segments, 23,514 characters, reserved for the surah page (listed in manifest.json)
NOTE surah-level S111: 31 segments, 21,318 characters, reserved for the surah page (listed in manifest.json)
NOTE 37 segment(s) were digested only as excerpts; any of them in scope is digested whole now
quotes 1:1: 0 unique window(s): 
quotes 1:2: 0 unique window(s): 
quotes 1:3: 0 unique window(s): 
quotes 1:5: 8 unique window(s): اياك | واياك | نستعين | اياك نعبد | نعبد واياك | واياك نستعين | اياك نعبد واياك | نعبد واياك نستعين
NOTE quotes 1:5: window «اياك» in 88 segments, too common alone; the longer windows that contain it are used instead
NOTE quotes 1:5: window «واياك» in 61 segments, too common alone; the longer windows that contain it are used instead
NOTE quotes 1:5: window «نستعين» in 60 segments, too common alone; the longer windows that contain it are used instead
NOTE quotes 1:5: window «اياك نعبد» in 59 segments, too common alone; the longer windows that contain it are used instead
NOTE quotes 1:5: window «نعبد واياك» in 42 segments, too common alone; the longer windows that contain it are used instead
NOTE quotes 1:5: window «واياك نستعين» in 45 segments, too common alone; the longer windows that contain it are used instead
quotes 1:5: «اياك نعبد واياك» in 52 segment(s): ABUDAWUD:821, ALUSI-FULL:v1p37, BURHAN:v1p16, BURHAN:v1p63, BURHAN:v1p359, BURHAN:v1p436, BURHAN:v2p320, BURHAN:v3p10, BURHAN:v3p235, BURHAN:v3p247, BURHAN:v3p322, BURHAN:v3p325 …
quotes 1:5: «نعبد واياك نستعين» in 51 segment(s): ABUDAWUD:821, ALUSI-FULL:v1p37, BURHAN:v1p16, BURHAN:v1p63, BURHAN:v1p359, BURHAN:v1p436, BURHAN:v2p320, BURHAN:v3p10, BURHAN:v3p235, BURHAN:v3p247, BURHAN:v3p322, BURHAN:v3p325 …
quotes 1:6: 3 unique window(s): اهدنا | اهدنا الصراط | اهدنا الصراط المستقيم
NOTE quotes 1:6: window «اهدنا» in 47 segments, too common alone; the longer windows that contain it are used instead
quotes 1:6: «اهدنا الصراط» in 37 segment(s): ALUSI-FULL:v1p34, ALUSI-FULL:v1p35, BURHAN:v1p6, BURHAN:v1p38, BURHAN:v1p102, BURHAN:v1p352, BURHAN:v1p359, BURHAN:v2p139, BURHAN:v2p195, BURHAN:v2p455, BURHAN:v4p93#2, DAMGHANI:v1p276 …
quotes 1:7: 15 unique window(s): المغضوب | صراط الذين | الذين انعمت | انعمت عليهم | عليهم غير | غير المغضوب | المغضوب عليهم | ولا الضالين | صراط الذين انعمت | الذين انعمت عليهم | انعمت عليهم غير | عليهم غير المغضوب | غير المغضوب عليهم | المغضوب عليهم ولا | عليهم ولا الضالين
NOTE quotes 1:7: window «المغضوب» in 48 segments, too common alone; the longer windows that contain it are used instead
quotes 1:7: «صراط الذين» in 27 segment(s): BURHAN:v1p73, BURHAN:v1p352, BURHAN:v1p359, BURHAN:v2p195, BURHAN:v2p455, BURHAN:v4p93#2, DURR-FULL:v1p12, DURR-FULL:v1p18, DURR-FULL:v1p19, ELMALILI:v1p85, IBNASHUR-FULL:v1p108, ITQAN:v1p183 …
quotes 1:7: «الذين انعمت» in 30 segment(s): BURHAN:v1p73, BURHAN:v1p155, BURHAN:v1p182, BURHAN:v1p359, BURHAN:v2p195, BURHAN:v3p326, BURHAN:v3p354, BURHAN:v4p292, DURR-FULL:v1p12, DURR-FULL:v1p18, DURR-FULL:v1p19, ELMALILI:v1p85 …
NOTE quotes 1:7: window «انعمت عليهم» in 42 segments, too common alone; the longer windows that contain it are used instead
quotes 1:7: «عليهم غير» in 18 segment(s): ALUSI-FULL:v1p34, ALUSI-FULL:v1p35, BURHAN:v3p354, BURHAN:v4p292, DURR-FULL:v1p12, DURR-FULL:v1p18, DURR-FULL:v1p19, ELMALILI:v1p85, IBNASHUR-FULL:v1p108, ITQAN:v1p183, ITQAN:v3p284, ITQAN:v4p420 …
quotes 1:7: «غير المغضوب» in 35 segment(s): ALUSI-FULL:v1p34, ALUSI-FULL:v1p35, BURHAN:v1p73, BURHAN:v1p182, BURHAN:v3p239#4, BURHAN:v3p322, BURHAN:v3p325, BURHAN:v3p354, BURHAN:v4p58, BURHAN:v4p292, DURR-FULL:v1p12, DURR-FULL:v1p18 …
NOTE quotes 1:7: window «المغضوب عليهم» in 41 segments, too common alone; the longer windows that contain it are used instead
quotes 1:7: «ولا الضالين» in 31 segment(s): ALUSI-FULL:v1p35, BURHAN:v1p182, BURHAN:v3p239#4, BURHAN:v3p354, BURHAN:v4p355, DURR-FULL:v1p10, DURR-FULL:v1p12, DURR-FULL:v1p18, DURR-FULL:v1p19, ELMALILI:v1p85, FARRA:v1p481, IBNASHUR-FULL:v1p108 …
quotes 1:7: «المغضوب عليهم ولا» in 64 segment(s): ABUDAWUD:779, ABUDAWUD:780, ABUDAWUD:821, ABUDAWUD:934, ABUDAWUD:935, ABUDAWUD:972, ALUSI-FULL:v1p35, BUKHARI:782, BUKHARI:4475, BURHAN:v1p182, BURHAN:v3p239#4, BURHAN:v3p354 …
quotes 2:2: 5 unique window(s): ذالك الكتاب | هدي للمتقين | ذالك الكتاب لا | ريب فيه هدي | فيه هدي للمتقين
quotes 2:2: «ذالك الكتاب» in 1 segment(s): ELMALILI:v1p103
quotes 2:2: «هدي للمتقين» in 33 segment(s): BAQILLANI:v1p22, BINTSHATI-IJAZ:p146, BINTSHATI-IJAZ:p178, BURHAN:v1p50, BURHAN:v1p348, BURHAN:v3p119, BURHAN:v3p154, BURHAN:v3p230, BURHAN:v3p299, BURHAN:v3p354, ELMALILI:v1p103, FARRA:v1p481 …
quotes 2:2: «ريب فيه هدي» in 10 segment(s): BINTSHATI-IJAZ:p146, BINTSHATI-IJAZ:p178, BURHAN:v3p299, IBNASHUR-FULL:v1p97, IBNASHUR-FULL:v1p117, NASHR:v1p235, SAMARRAI-LAMASAT-HALAQAT:p766, SAMARRAI-LAMASAT-HALAQAT:p852, SAMARRAI-LAMASAT-HALAQAT:p861, SAMARRAI-LAMASAT-HALAQAT:p953
quotes 2:21: 9 unique window(s): الناس اعبدوا | اعبدوا ربكم | خلقكم والذين | ياايها الناس اعبدوا | الناس اعبدوا ربكم | اعبدوا ربكم الذي | الذي خلقكم والذين | خلقكم والذين من | والذين من قبلكم
quotes 2:21: «الناس اعبدوا» in 12 segment(s): BURHAN:v1p189, BURHAN:v2p322, BURHAN:v3p268#2, BURHAN:v3p303, BURHAN:v4p392, IBNJAWZI-NUZHA:v1p601#2, IBNKATHIR-FULL:v1p17#2, ITQAN:v1p55, ITQAN:v3p222#2, ITQAN:v3p223, JISHUMI:v1p849#2, NASHR:v1p226
quotes 2:21: «اعبدوا ربكم» in 13 segment(s): BURHAN:v1p189, BURHAN:v2p322, BURHAN:v3p98, BURHAN:v3p268#2, BURHAN:v3p303, BURHAN:v4p392, IBNJAWZI-NUZHA:v1p601#2, IBNKATHIR-FULL:v1p17#2, ITQAN:v1p55, ITQAN:v3p222#2, ITQAN:v3p223, JISHUMI:v1p849#2 …
quotes 2:21: «خلقكم والذين» in 5 segment(s): BURHAN:v3p98, BURHAN:v3p268#2, BURHAN:v3p303, IBNJAWZI-NUZHA:v1p529, IBNKATHIR-FULL:v1p17#2
quotes 2:21: «والذين من قبلكم» in 6 segment(s): BURHAN:v3p98, BURHAN:v3p268#2, BURHAN:v3p303, IBNHISHAM:v1p533, IBNJAWZI-NUZHA:v1p529, IBNKATHIR-FULL:v1p17#2
quotes 2:22: 18 unique window(s): فراشا | الارض فراشا | فراشا والسما | بنا وانزل | لكم فلا | فلا تجعلوا | اندادا وانتم | لكم الارض فراشا | الارض فراشا والسما | فراشا والسما بنا | والسما بنا وانزل | بنا وانزل من | رزقا لكم فلا | لكم فلا تجعلوا | فلا تجعلوا لله | تجعلوا لله اندادا | لله اندادا وانتم | اندادا وانتم تعلمون
quotes 2:22: «فراشا» in 13 segment(s): BURHAN:v3p100, BURHAN:v3p268#2, BURHAN:v3p456, BURHAN:v4p130, DAMGHANI:v1p69, DAMGHANI:v1p353, DAMGHANI:v1p443, ITQAN:v2p469, ITQAN:v3p202, ITQAN:v3p255, ITQAN:v4p512, MAJAZ:v2p433#2 …
quotes 2:22: «بنا وانزل» in 1 segment(s): BURHAN:v3p100
quotes 2:22: «لكم فلا» in 0 segment(s): 
quotes 2:22: «فلا تجعلوا» in 5 segment(s): BINTSHATI-IJAZ:p357, BINTSHATI-IJAZ:p358, BURHAN:v3p164, BURHAN:v4p132, BURHAN:v4p436
quotes 2:22: «اندادا وانتم» in 4 segment(s): BINTSHATI-IJAZ:p357, BURHAN:v3p164, BURHAN:v4p132, BURHAN:v4p436
quotes 2:22: «تجعلوا لله اندادا» in 6 segment(s): BINTSHATI-IJAZ:p357, BINTSHATI-IJAZ:p358, BURHAN:v3p164, BURHAN:v4p132, BURHAN:v4p436, IBNHISHAM:v1p533
quotes 2:31: 27 unique window(s): عرضهم | انبوني | باسما | وعلم ادم | ادم الاسما | الاسما كلها | كلها ثم | ثم عرضهم | عرضهم علي | علي الملايكه | الملايكه فقال | فقال انبوني | انبوني باسما | باسما هاولا | هاولا ان | وعلم ادم الاسما | ادم الاسما كلها | الاسما كلها ثم | كلها ثم عرضهم | ثم عرضهم علي | عرضهم علي الملايكه | علي الملايكه فقال | الملايكه فقال انبوني | فقال انبوني باسما | انبوني باسما هاولا | باسما هاولا ان | هاولا ان كنتم
quotes 2:31: «عرضهم» in 3 segment(s): DAMGHANI:v1p320, JURJANI-DALAIL:v1p391, SAMARRAI-ASRAR:r12
quotes 2:31: «انبوني» in 0 segment(s): 
quotes 2:31: «باسما» in 20 segment(s): BURHAN:v1p159, BURHAN:v3p354, ITQAN:v1p157#2, ITQAN:v2p473, ITQAN:v4p370, JURJANI-DALAIL:v1p158, JURJANI-DALAIL:v1p391, NASHR:v2p149, RAZI-FULL:v1p39, RAZI-FULL:v1p41, SAMARRAI-ASRAR:r12, SIBAWAYH:وهيتجريعلىثمانيمجارعلىالنصبوالجروالرفعوالجزموالفتحوالضم#4 …
quotes 2:31: «وعلم ادم» in 6 segment(s): BURHAN:v3p354, FARRA:v1p482, IBNJINNI-MUHTASAB:v1p19, ITQAN:v2p441, JURJANI-DALAIL:v1p391, RAZI-FULL:v1p30
quotes 2:31: «ادم الاسما» in 6 segment(s): BURHAN:v3p354, FARRA:v1p482, IBNJINNI-MUHTASAB:v1p19, ITQAN:v2p441, JURJANI-DALAIL:v1p391, RAZI-FULL:v1p30
quotes 2:31: «الاسما كلها» in 8 segment(s): BURHAN:v1p390, BURHAN:v3p354, IBNJINNI-MUHTASAB:v1p19, ITQAN:v2p441, JURJANI-DALAIL:v1p391, RAZI-FULL:v1p30, SAMARRAI-ASRAR:r12, SAMARRAI-LAMASAT-HALAQAT:p617
quotes 2:31: «كلها ثم» in 4 segment(s): BAQILLANI:v1p277, BURHAN:v3p242, JURJANI-DALAIL:v1p391, SAMARRAI-ASRAR:r12
quotes 2:31: «علي الملايكه» in 8 segment(s): BURHAN:v2p468, ITQAN:v1p125#2, JISHUMI:v1p523, JURJANI-ASRAR:v1p353, JURJANI-DALAIL:v1p277, JURJANI-DALAIL:v1p320, JURJANI-DALAIL:v1p391, SAMARRAI-ASRAR:r12
quotes 2:31: «الملايكه فقال» in 4 segment(s): BURHAN:v1p340, JURJANI-DALAIL:v1p391, SAMARRAI-ASRAR:r7#2, SAMARRAI-ASRAR:r12
quotes 2:31: «هاولا ان» in 1 segment(s): SAMARRAI-ASRAR:r12
quotes 2:32: 14 unique window(s): علمتنا | سبحانك لا | ما علمتنا | علمتنا انك | انت العليم | قالوا سبحانك لا | سبحانك لا علم | علم لنا الا | لنا الا ما | الا ما علمتنا | ما علمتنا انك | علمتنا انك انت | انك انت العليم | انت العليم الحكيم
quotes 2:32: «علمتنا» in 4 segment(s): BURHAN:v3p247, BURHAN:v4p400, ITQAN:v2p514#2, SAMARRAI-ASRAR:r12
quotes 2:32: «سبحانك لا» in 3 segment(s): BURHAN:v3p247, ITQAN:v2p476#2, SAMARRAI-ASRAR:r12
quotes 2:32: «انت العليم» in 2 segment(s): BURHAN:v3p247, SAMARRAI-ASRAR:r12
quotes 2:32: «علم لنا الا» in 2 segment(s): BURHAN:v3p247, SAMARRAI-ASRAR:r12
quotes 2:32: «لنا الا ما» in 2 segment(s): BURHAN:v3p247, SAMARRAI-ASRAR:r12
quotes 2:40: 14 unique window(s): بعهدي | بعهدكم | عليكم واوفوا | واوفوا بعهدي | بعهدي اوف | اوف بعهدكم | بعهدكم واياي | واياي فارهبون | انعمت عليكم واوفوا | عليكم واوفوا بعهدي | واوفوا بعهدي اوف | بعهدي اوف بعهدكم | اوف بعهدكم واياي | بعهدكم واياي فارهبون
quotes 2:40: «بعهدي» in 6 segment(s): BURHAN:v2p192, DAMGHANI:v1p490, IBNATIYYA-FULL:v1p54, ITQAN:v3p50, NASHR:v2p169#2, RAZI-FULL:v1p85#2
quotes 2:40: «بعهدكم» in 4 segment(s): BURHAN:v2p192, DAMGHANI:v1p490, ITQAN:v3p50, RAZI-FULL:v1p85#2
quotes 2:40: «عليكم واوفوا» in 0 segment(s): 
quotes 2:40: «واياي فارهبون» in 1 segment(s): BURHAN:v3p197
quotes 2:44: 18 unique window(s): اتامرون | تتلون | اتامرون الناس | الناس بالبر | بالبر وتنسون | وتنسون انفسكم | انفسكم وانتم | وانتم تتلون | تتلون الكتاب | الكتاب افلا | اتامرون الناس بالبر | الناس بالبر وتنسون | بالبر وتنسون انفسكم | وتنسون انفسكم وانتم | انفسكم وانتم تتلون | وانتم تتلون الكتاب | تتلون الكتاب افلا | الكتاب افلا تعقلون
quotes 2:44: «اتامرون» in 10 segment(s): BURHAN:v1p83, BURHAN:v3p354, BURHAN:v3p372, DAMGHANI:v1p67, IBNJAWZI-NUZHA:v1p190, ITQAN:v3p105, ITQAN:v3p214, ITQAN:v3p218, NASHR:v1p223, SAMARRAI-ASRAR:r15#2
quotes 2:44: «تتلون» in 6 segment(s): BINTSHATI-IJAZ:p351, BURHAN:v1p83, BURHAN:v3p372, BURHAN:v4p436, JURJANI-DALAIL:v1p289, SAMARRAI-ASRAR:r15#2
quotes 2:44: «الناس بالبر» in 9 segment(s): BURHAN:v1p83, BURHAN:v3p354, BURHAN:v3p372, DAMGHANI:v1p67, IBNJAWZI-NUZHA:v1p190, ITQAN:v3p105, ITQAN:v3p214, ITQAN:v3p218, SAMARRAI-ASRAR:r15#2
quotes 2:44: «بالبر وتنسون» in 7 segment(s): BURHAN:v1p83, BURHAN:v3p354, BURHAN:v3p372, IBNJAWZI-NUZHA:v1p190, ITQAN:v3p105, ITQAN:v3p218, SAMARRAI-ASRAR:r15#2
quotes 2:44: «وتنسون انفسكم» in 7 segment(s): BURHAN:v1p83, BURHAN:v3p354, BURHAN:v3p372, BURHAN:v4p436, IBNJAWZI-NUZHA:v1p190, ITQAN:v3p218, SAMARRAI-ASRAR:r15#2
quotes 2:44: «انفسكم وانتم» in 4 segment(s): BURHAN:v1p83, BURHAN:v3p372, BURHAN:v4p436, SAMARRAI-ASRAR:r15#2
quotes 2:44: «الكتاب افلا» in 2 segment(s): BURHAN:v1p83, SAMARRAI-ASRAR:r15#2
quotes 2:114: 31 unique window(s): خرابها | خايفين | ممن منع | منع مساجد | اسمه وسعيا | وسعيا في | في خرابها | خرابها اولايك | ان يدخلوها | يدخلوها الا | الا خايفين | خايفين لهم | اظلم ممن منع | ممن منع مساجد | منع مساجد الله | مساجد الله ان | الله ان يذكر | ان يذكر فيها | يذكر فيها اسمه | فيها اسمه وسعيا | اسمه وسعيا في | وسعيا في خرابها | في خرابها اولايك | خرابها اولايك ما | اولايك ما كان | كان لهم ان | لهم ان يدخلوها | ان يدخلوها الا | يدخلوها الا خايفين | الا خايفين لهم | خايفين لهم في
quotes 2:114: «خرابها» in 7 segment(s): BURHAN:v1p44, BURHAN:v4p74, IBNASHUR-FULL:v1p34, JISHUMI:v1p556#2, JISHUMI:v1p558, JISHUMI:v1p559, JISHUMI:v1p680
quotes 2:114: «خايفين» in 15 segment(s): BINTSHATI-IJAZ:p440, DAMGHANI:v1p157, FARRA:v1p484, ITQAN:v2p322, JISHUMI:v1p556#2, JISHUMI:v1p558, JISHUMI:v1p559, JISHUMI:v1p925, NASHR:v1p317, NASHR:v1p353, NASHR:v1p461, NASHR:v1p462 …
quotes 2:114: «ممن منع» in 12 segment(s): BURHAN:v1p44, BURHAN:v3p211, BURHAN:v4p73, BURHAN:v4p74, BURHAN:v4p76, DAMGHANI:v1p231, IBNASHUR-FULL:v1p34, IBNJAWZI-NUZHA:v1p567, ITQAN:v3p79, ITQAN:v3p295, JISHUMI:v1p556#2, JISHUMI:v1p558
quotes 2:114: «منع مساجد» in 11 segment(s): BURHAN:v1p44, BURHAN:v3p211, BURHAN:v4p73, BURHAN:v4p74, DAMGHANI:v1p231, IBNASHUR-FULL:v1p34, IBNJAWZI-NUZHA:v1p567, ITQAN:v3p79, ITQAN:v3p295, JISHUMI:v1p556#2, JISHUMI:v1p558
quotes 2:114: «اسمه وسعيا» in 0 segment(s): 
quotes 2:114: «وسعيا في» in 0 segment(s): 
quotes 2:114: «ان يدخلوها» in 4 segment(s): FARRA:v1p484, JISHUMI:v1p556#2, JISHUMI:v1p558, SIBAWAYH:(هذابابالهمز)#649
quotes 2:114: «يدخلوها الا» in 3 segment(s): FARRA:v1p484, JISHUMI:v1p556#2, JISHUMI:v1p558
quotes 2:114: «مساجد الله ان» in 6 segment(s): BURHAN:v1p44, BURHAN:v4p74, DAMGHANI:v1p231, IBNASHUR-FULL:v1p34, IBNJAWZI-NUZHA:v1p567, JISHUMI:v1p556#2
quotes 2:114: «الله ان يذكر» in 8 segment(s): BURHAN:v1p44, BURHAN:v4p74, DAMGHANI:v1p231, IBNASHUR-FULL:v1p34, IBNJAWZI-NUZHA:v1p567, JISHUMI:v1p556#2, MUSNAD-AHMAD:1050, RIFAI-KHULI:c7
quotes 2:114: «ان يذكر فيها» in 9 segment(s): BINTSHATI-IJAZ:p154, BINTSHATI-IJAZ:p155, BINTSHATI-IJAZ:p158, BURHAN:v1p44, BURHAN:v4p74, DAMGHANI:v1p231, IBNASHUR-FULL:v1p34, IBNJAWZI-NUZHA:v1p567, JISHUMI:v1p556#2
quotes 2:114: «يذكر فيها اسمه» in 6 segment(s): BURHAN:v1p44, BURHAN:v4p74, DAMGHANI:v1p231, IBNASHUR-FULL:v1p34, IBNJAWZI-NUZHA:v1p567, JISHUMI:v1p556#2
quotes 2:114: «اولايك ما كان» in 0 segment(s): 
quotes 2:114: «كان لهم ان» in 5 segment(s): BURHAN:v2p204, FARRA:v1p484, IBNQUTAYBA-MUSHKIL:v1p33#2, JISHUMI:v1p556#2, JISHUMI:v1p558
quotes 2:142: 28 unique window(s): ولياهم | سيقول السفها | السفها من | الناس ما | ما ولياهم | ولياهم عن | عن قبلتهم | قبلتهم التي | التي كانوا | كانوا عليها | عليها قل | لله المشرق | والمغرب يهدي | سيقول السفها من | السفها من الناس | من الناس ما | الناس ما ولياهم | ما ولياهم عن | ولياهم عن قبلتهم | عن قبلتهم التي | قبلتهم التي كانوا | التي كانوا عليها | كانوا عليها قل | عليها قل لله | قل لله المشرق | لله المشرق والمغرب | المشرق والمغرب يهدي | والمغرب يهدي من
quotes 2:142: «ولياهم» in 0 segment(s): 
quotes 2:142: «سيقول السفها» in 10 segment(s): BURHAN:v2p37, BURHAN:v4p280, DAMGHANI:v1p237, IBNJAWZI-NUZHA:v1p350, ITQAN:v1p225, ITQAN:v2p474#2, ITQAN:v4p395, JISHUMI:v1p618#2, JISHUMI:v1p646, SAMARRAI-ASRAR:r5#3
quotes 2:142: «السفها من» in 8 segment(s): BURHAN:v2p37, BURHAN:v4p280, DAMGHANI:v1p237, IBNJAWZI-NUZHA:v1p350, JISHUMI:v1p618#2, JISHUMI:v1p646, JURJANI-DALAIL:v1p181, SAMARRAI-ASRAR:r5#3
quotes 2:142: «الناس ما» in 12 segment(s): BURHAN:v2p37, BURHAN:v4p280, IBNQUTAYBA-MUSHKIL:v1p90, ITQAN:v1p145, ITQAN:v3p136, JISHUMI:v1p618#2, JISHUMI:v1p646, JURJANI-ASRAR:v1p270, RAZI-FULL:v1p31, SAMARRAI-ASRAR:r5#3, SIBAWAYH:(هذابابأو)#516, WAHIDI-BASIT:v1p397
quotes 2:142: «عن قبلتهم» in 8 segment(s): BURHAN:v2p37, BURHAN:v4p280, ITQAN:v1p95, ITQAN:v3p214, JISHUMI:v1p618#2, JISHUMI:v1p645, JISHUMI:v1p646, SAMARRAI-ASRAR:r5#3
quotes 2:142: «قبلتهم التي» in 5 segment(s): BURHAN:v2p37, ITQAN:v1p95, JISHUMI:v1p618#2, JISHUMI:v1p645, SAMARRAI-ASRAR:r5#3
quotes 2:142: «التي كانوا» in 11 segment(s): BINTSHATI-IJAZ:p327, BURHAN:v2p37, IBNQUTAYBA-MUSHKIL:v1p213, ITQAN:v1p95, ITQAN:v4p375#3, JISHUMI:v1p513, JISHUMI:v1p618#2, JISHUMI:v1p645, JISHUMI:v1p696, JURJANI-DALAIL:v1p343#2, SAMARRAI-ASRAR:r5#3
quotes 2:142: «كانوا عليها» in 5 segment(s): BURHAN:v2p37, ITQAN:v1p95, JISHUMI:v1p618#2, JISHUMI:v1p645, SAMARRAI-ASRAR:r5#3
quotes 2:142: «عليها قل» in 2 segment(s): JISHUMI:v1p618#2, SAMARRAI-ASRAR:r5#3
quotes 2:142: «لله المشرق» in 7 segment(s): BURHAN:v1p44, ITQAN:v1p95, ITQAN:v3p295, JISHUMI:v1p560, JISHUMI:v1p618#2, JISHUMI:v1p620, SAMARRAI-ASRAR:r5#3
quotes 2:142: «والمغرب يهدي» in 2 segment(s): JISHUMI:v1p618#2, SAMARRAI-ASRAR:r5#3
quotes 2:144: 32 unique window(s): فلنولينك | ترضياها | ليعلمون | قد نريا | نريا تقلب | تقلب وجهك | وجهك في | السما فلنولينك | فلنولينك قبله | قبله ترضياها | ترضياها فول | شطره وان | الكتاب ليعلمون | ليعلمون انه | ربهم وما | قد نريا تقلب | نريا تقلب وجهك | تقلب وجهك في | وجهك في السما | في السما فلنولينك | السما فلنولينك قبله | فلنولينك قبله ترضياها | قبله ترضياها فول | ترضياها فول وجهك | وجوهكم شطره وان | شطره وان الذين | وان الذين اوتوا | اوتوا الكتاب ليعلمون | الكتاب ليعلمون انه | ليعلمون انه الحق | من ربهم وما | ربهم وما الله
quotes 2:144: «فلنولينك» in 4 segment(s): JISHUMI:v1p630, SAMARRAI-ASRAR:r5#3, SAMARRAI-LAMASAT-HALAQAT:p933, SAMARRAI-LAMASAT-HALAQAT:p965
quotes 2:144: «ترضياها» in 0 segment(s): 
quotes 2:144: «ليعلمون» in 5 segment(s): BINTSHATI-IJAZ:p47, JISHUMI:v1p628, JISHUMI:v1p630, SAMARRAI-ASRAR:r15#2, SAMARRAI-LAMASAT-HALAQAT:p933
quotes 2:144: «قد نريا» in 0 segment(s): 
quotes 2:144: «نريا تقلب» in 0 segment(s): 
quotes 2:144: «تقلب وجهك» in 11 segment(s): BURHAN:v2p37, BURHAN:v4p308, IBNJAWZI-NUZHA:v1p476, ITQAN:v1p65, ITQAN:v2p487, JISHUMI:v1p630, JISHUMI:v1p645, SAMARRAI-ASRAR:r5#3, SAMARRAI-LAMASAT-HALAQAT:p933, SAMARRAI-LAMASAT-HALAQAT:p965, SAMARRAI-LAMASAT-HALAQAT:p966
quotes 2:144: «وجهك في» in 12 segment(s): BURHAN:v2p37, BURHAN:v4p308, IBNATIYYA-FULL:v1p54#2, IBNJAWZI-NUZHA:v1p476, ITQAN:v1p65, ITQAN:v2p487, JISHUMI:v1p643, JISHUMI:v1p645, SAMARRAI-ASRAR:r5#3, SAMARRAI-LAMASAT-HALAQAT:p933, SAMARRAI-LAMASAT-HALAQAT:p965, SAMARRAI-LAMASAT-HALAQAT:p966
quotes 2:144: «شطره وان» in 1 segment(s): SAMARRAI-LAMASAT-HALAQAT:p933
quotes 2:144: «ربهم وما» in 3 segment(s): JISHUMI:v1p628, SAMARRAI-ASRAR:r15#2, SAMARRAI-LAMASAT-HALAQAT:p933
quotes 2:144: «وان الذين اوتوا» in 4 segment(s): IBNHISHAM:v1p550#2, JISHUMI:v1p630, SAMARRAI-ASRAR:r15#2, SAMARRAI-LAMASAT-HALAQAT:p933
quotes 2:156: 11 unique window(s): مصيبه قالوا | انا لله | لله وانا | وانا اليه | الذين اذا اصابتهم | اصابتهم مصيبه قالوا | مصيبه قالوا انا | قالوا انا لله | انا لله وانا | لله وانا اليه | وانا اليه راجعون
quotes 2:156: «مصيبه قالوا» in 2 segment(s): JISHUMI:v1p661#2, SAMARRAI-ASRAR:r8#3
quotes 2:156: «انا لله» in 10 segment(s): BAGHAWI-FULL:v1p43, BURHAN:v3p116, FARRA:v1p484, IBNKATHIR-FULL:v1p25, ITQAN:v1p114, ITQAN:v1p161, ITQAN:v1p245, JISHUMI:v1p661#2, NASHR:v2p33, SAMARRAI-ASRAR:r8#3
quotes 2:156: «لله وانا» in 5 segment(s): BAGHAWI-FULL:v1p43, BAQILLANI:v1p145, ITQAN:v1p114, JISHUMI:v1p661#2, SAMARRAI-ASRAR:r8#3
quotes 2:156: «وانا اليه» in 7 segment(s): BAGHAWI-FULL:v1p43, BAQILLANI:v1p145, ITQAN:v1p114, ITQAN:v1p245, JISHUMI:v1p661#2, NASHR:v2p33, SAMARRAI-ASRAR:r8#3
quotes 2:156: «الذين اذا اصابتهم» in 3 segment(s): BURHAN:v2p187, JISHUMI:v1p661#2, SAMARRAI-ASRAR:r8#3
quotes 2:186: 36 unique window(s): سالك | اجيب | دعان | وليومنوا | يرشدون | واذا سالك | سالك عبادي | عبادي عني | عني فاني | فاني قريب | قريب اجيب | اجيب دعوه | دعوه الداع | الداع اذا | اذا دعان | دعان فليستجيبوا | فليستجيبوا لي | لي وليومنوا | وليومنوا بي | بي لعلهم | لعلهم يرشدون | واذا سالك عبادي | سالك عبادي عني | عبادي عني فاني | عني فاني قريب | فاني قريب اجيب | قريب اجيب دعوه | اجيب دعوه الداع | دعوه الداع اذا | الداع اذا دعان | اذا دعان فليستجيبوا | دعان فليستجيبوا لي | فليستجيبوا لي وليومنوا | لي وليومنوا بي | وليومنوا بي لعلهم | بي لعلهم يرشدون
quotes 2:186: «سالك» in 17 segment(s): BINTSHATI-IJAZ:p271, BURHAN:v4p52, DAMGHANI:v1p374, ITQAN:v1p284, ITQAN:v2p577, ITQAN:v3p303, JISHUMI:v1p770#2, RAZI-FULL:v1p85, SAMARRAI-LAMASAT-HALAQAT:p646, SAMARRAI-LAMASAT-HALAQAT:p647, SAMARRAI-LAMASAT-HALAQAT:p769, SAMARRAI-LAMASAT-HALAQAT:p989 …
quotes 2:186: «اجيب» in 26 segment(s): BAQILLANI:v1p250, BINTSHATI-IJAZ:p271, BURHAN:v1p46, BURHAN:v1p398, BURHAN:v1p400, BURHAN:v2p16, BURHAN:v2p188, BURHAN:v2p287, BURHAN:v2p367, BURHAN:v2p509, BURHAN:v3p12, BURHAN:v4p42 …
quotes 2:186: «دعان» in 12 segment(s): BINTSHATI-IJAZ:p271, BURHAN:v1p398, BURHAN:v2p16, BURHAN:v2p188, DAMGHANI:v1p374, IBNJAWZI-NUZHA:v1p294, ITQAN:v4p446, JISHUMI:v1p770#2, NASHR:v2p183, NASHR:v2p236, SAMARRAI-LAMASAT-HALAQAT:p646, SAMARRAI-LAMASAT-HALAQAT:p769
quotes 2:186: «وليومنوا» in 5 segment(s): BURHAN:v4p348, ITQAN:v2p498, JISHUMI:v1p770#2, JISHUMI:v1p772, NASHR:v2p236
quotes 2:186: «يرشدون» in 5 segment(s): BURHAN:v1p93, ITQAN:v3p276#2, JISHUMI:v1p770#2, JISHUMI:v1p772, NASHR:v2p171#2
quotes 2:186: «عبادي عني» in 12 segment(s): BINTSHATI-IJAZ:p271, BURHAN:v4p52, DAMGHANI:v1p374, ITQAN:v1p284, ITQAN:v2p577, ITQAN:v3p303, JISHUMI:v1p770#2, RAZI-FULL:v1p85, SAMARRAI-LAMASAT-HALAQAT:p646, SAMARRAI-LAMASAT-HALAQAT:p769, SAMARRAI-LAMASAT-HALAQAT:p1060, SAMARRAI-LAMASAT-HALAQAT:p1078
quotes 2:186: «عني فاني» in 12 segment(s): BINTSHATI-IJAZ:p271, BURHAN:v4p52, DAMGHANI:v1p374, ITQAN:v1p284, ITQAN:v3p303, JISHUMI:v1p770#2, RAZI-FULL:v1p85, SAMARRAI-LAMASAT-HALAQAT:p646, SAMARRAI-LAMASAT-HALAQAT:p769, SAMARRAI-LAMASAT-HALAQAT:p1060, SAMARRAI-LAMASAT-HALAQAT:p1078, SIBAWAYH:إلاأنهاتعطفالاسمهناعلىمالايكونمابعدهإلارفعاعلىكلحال|#117
quotes 2:186: «فاني قريب» in 15 segment(s): BINTSHATI-IJAZ:p271, BURHAN:v4p52, DAMGHANI:v1p374, FARRA:v1p486, IBNJAWZI-NUZHA:v1p497, ITQAN:v1p284, ITQAN:v3p19, ITQAN:v3p223, ITQAN:v3p303, JISHUMI:v1p770#2, RAZI-FULL:v1p85, SAMARRAI-LAMASAT-HALAQAT:p646 …
quotes 2:186: «دعوه الداع» in 9 segment(s): BINTSHATI-IJAZ:p271, BURHAN:v1p398, BURHAN:v1p400, BURHAN:v2p16, BURHAN:v2p188, IBNJAWZI-NUZHA:v1p294, JISHUMI:v1p770#2, SAMARRAI-LAMASAT-HALAQAT:p646, SAMARRAI-LAMASAT-HALAQAT:p769
quotes 2:186: «الداع اذا» in 11 segment(s): BINTSHATI-IJAZ:p271, BURHAN:v1p398, BURHAN:v2p16, BURHAN:v2p188, IBNJAWZI-NUZHA:v1p294, ITQAN:v4p446, JISHUMI:v1p770#2, NASHR:v2p183, NASHR:v2p236, SAMARRAI-LAMASAT-HALAQAT:p646, SAMARRAI-LAMASAT-HALAQAT:p769
quotes 2:186: «فليستجيبوا لي» in 4 segment(s): BINTSHATI-IJAZ:p271, BURHAN:v4p348, ITQAN:v2p498, JISHUMI:v1p770#2
quotes 2:186: «بي لعلهم» in 2 segment(s): JISHUMI:v1p770#2, NASHR:v2p171#2
quotes 2:192: 0 unique window(s): 
quotes 2:204: 22 unique window(s): يعجبك | ويشهد | من يعجبك | يعجبك قوله | قوله في | الدنيا ويشهد | ويشهد الله | قلبه وهو | وهو الد | الد الخصام | الناس من يعجبك | من يعجبك قوله | يعجبك قوله في | قوله في الحيواه | الحيواه الدنيا ويشهد | الدنيا ويشهد الله | ويشهد الله عليا | عليا ما في | ما في قلبه | في قلبه وهو | قلبه وهو الد | وهو الد الخصام
quotes 2:204: «يعجبك» in 8 segment(s): BINTSHATI-IJAZ:p528, BURHAN:v1p157, BURHAN:v3p382, ITQAN:v1p89#2, ITQAN:v4p382#2, ITQAN:v4p384, JISHUMI:v1p833#2, JISHUMI:v1p835
quotes 2:204: «ويشهد» in 28 segment(s): BAQILLANI:v1p31, BAQILLANI:v1p155, BINTSHATI-IJAZ:p528, BURHAN:v1p26, BURHAN:v1p212, BURHAN:v1p226, BURHAN:v1p241, BURHAN:v2p427, BURHAN:v3p189, BURHAN:v3p382, BURHAN:v4p128, BURHAN:v4p134 …
NOTE quotes 2:204: window «قوله في» in 151 segments, too common alone; the longer windows that contain it are used instead
quotes 2:204: «قلبه وهو» in 5 segment(s): BINTSHATI-IJAZ:p528, BURHAN:v3p382, FARRA:v1p486#2, JISHUMI:v1p833#2, JISHUMI:v2p1083
quotes 2:204: «وهو الد» in 6 segment(s): BINTSHATI-IJAZ:p528, BINTSHATI-IJAZ:p529, BURHAN:v3p382, FARRA:v1p486#2, JISHUMI:v1p833#2, JISHUMI:v1p835
quotes 2:204: «الد الخصام» in 8 segment(s): BINTSHATI-IJAZ:p528, BINTSHATI-IJAZ:p529, BURHAN:v3p382, FARRA:v1p486#2, ITQAN:v2p339#7, ITQAN:v2p369, JISHUMI:v1p833#2, JISHUMI:v1p835
quotes 2:204: «قوله في الحيواه» in 0 segment(s): 
quotes 2:204: «عليا ما في» in 0 segment(s): 
quotes 2:204: «ما في قلبه» in 8 segment(s): BINTSHATI-IJAZ:p528, BURHAN:v3p382, FARRA:v1p486#2, IBNHISHAM:v2p174, IBNMAJAH:3930, IBNQUTAYBA-MUSHKIL:v1p211#2, JISHUMI:v1p833#2, JISHUMI:v1p835
quotes 2:205: 24 unique window(s): ليفسد | ويهلك | والنسل | واذا توليا | توليا سعيا | سعيا في | الارض ليفسد | ليفسد فيها | فيها ويهلك | ويهلك الحرث | الحرث والنسل | والنسل والله | يحب الفساد | واذا توليا سعيا | توليا سعيا في | سعيا في الارض | في الارض ليفسد | الارض ليفسد فيها | ليفسد فيها ويهلك | فيها ويهلك الحرث | ويهلك الحرث والنسل | الحرث والنسل والله | والنسل والله لا | لا يحب الفساد
quotes 2:205: «ليفسد» in 5 segment(s): BURHAN:v2p152, IBNJAWZI-NUZHA:v1p215, IBNJAWZI-NUZHA:v1p469, JISHUMI:v1p833#2, JISHUMI:v1p835
quotes 2:205: «ويهلك» in 11 segment(s): BURHAN:v2p152, DAMGHANI:v1p121, DAMGHANI:v1p477, FARRA:v1p486#2, IBNJAWZI-NUZHA:v1p237, IBNJAWZI-NUZHA:v1p639, JISHUMI:v1p833#2, JISHUMI:v1p835, SAMARRAI-ASRAR-MUH:p86, SAMARRAI-LAMASAT-HALAQAT:p536, SAMARRAI-LAMASAT-HALAQAT:p675
quotes 2:205: «والنسل» in 9 segment(s): BURHAN:v2p152, DAMGHANI:v1p121, DAMGHANI:v1p477, FARRA:v1p486#2, IBNJAWZI-NUZHA:v1p237, IBNJAWZI-NUZHA:v1p639, JISHUMI:v1p577, JISHUMI:v1p833#2, JISHUMI:v1p835
quotes 2:205: «واذا توليا» in 0 segment(s): 
quotes 2:205: «توليا سعيا» in 0 segment(s): 
quotes 2:205: «سعيا في» in 0 segment(s): 
quotes 2:205: «يحب الفساد» in 3 segment(s): DAMGHANI:v1p357, FARRA:v1p486#2, JISHUMI:v1p833#2
quotes 2:206: 20 unique window(s): فحسبه | قيل له | له اتق | الله اخذته | اخذته العزه | العزه بالاثم | بالاثم فحسبه | فحسبه جهنم | جهنم ولبيس | ولبيس المهاد | واذا قيل له | قيل له اتق | له اتق الله | اتق الله اخذته | الله اخذته العزه | اخذته العزه بالاثم | العزه بالاثم فحسبه | بالاثم فحسبه جهنم | فحسبه جهنم ولبيس | جهنم ولبيس المهاد
quotes 2:206: «فحسبه» in 2 segment(s): JISHUMI:v1p837, JISHUMI:v1p838
NOTE quotes 2:206: window «قيل له» in 79 segments, too common alone; the longer windows that contain it are used instead
quotes 2:206: «له اتق» in 4 segment(s): IBNJAWZI-NUZHA:v1p434, JISHUMI:v1p837, SAMARRAI-LAMASAT-HALAQAT:p1085, WAHIDI-BASIT:v1p413
quotes 2:206: «الله اخذته» in 3 segment(s): IBNJAWZI-NUZHA:v1p434, JISHUMI:v1p837, WAHIDI-BASIT:v1p413
quotes 2:206: «اخذته العزه» in 4 segment(s): IBNJAWZI-NUZHA:v1p434, JISHUMI:v1p837, JISHUMI:v1p840, WAHIDI-BASIT:v1p413
quotes 2:206: «العزه بالاثم» in 5 segment(s): IBNJAWZI-NUZHA:v1p434, JISHUMI:v1p837, JISHUMI:v1p838, JISHUMI:v1p840, WAHIDI-BASIT:v1p413
quotes 2:206: «جهنم ولبيس» in 1 segment(s): JISHUMI:v1p837
quotes 2:206: «ولبيس المهاد» in 2 segment(s): BURHAN:v1p140, JISHUMI:v1p837
quotes 2:206: «واذا قيل له» in 4 segment(s): IBNHISHAM:v2p174#2, IBNJAWZI-NUZHA:v1p434, JISHUMI:v1p837, WAHIDI-BASIT:v1p413
quotes 2:228: 66 unique window(s): والمطلقات | يكتمن | ارحامهن | وبعولتهن | بردهن | وللرجال | والمطلقات يتربصن | بانفسهن ثلاثه | ثلاثه قرو | قرو ولا | يحل لهن | لهن ان | ان يكتمن | يكتمن ما | في ارحامهن | ارحامهن ان | ان كن | كن يومن | الاخر وبعولتهن | وبعولتهن احق | احق بردهن | بردهن في | ان ارادوا | ارادوا اصلاحا | اصلاحا ولهن | ولهن مثل | مثل الذي | الذي عليهن | عليهن بالمعروف | بالمعروف وللرجال | وللرجال عليهن | عليهن درجه | درجه والله | والمطلقات يتربصن بانفسهن | يتربصن بانفسهن ثلاثه | بانفسهن ثلاثه قرو | ثلاثه قرو ولا | قرو ولا يحل | ولا يحل لهن | يحل لهن ان | لهن ان يكتمن | ان يكتمن ما | يكتمن ما خلق | الله في ارحامهن | في ارحامهن ان | ارحامهن ان كن | ان كن يومن | كن يومن بالله | واليوم الاخر وبعولتهن | الاخر وبعولتهن احق | وبعولتهن احق بردهن | احق بردهن في | بردهن في ذالك | في ذالك ان | ذالك ان ارادوا | ان ارادوا اصلاحا | ارادوا اصلاحا ولهن | اصلاحا ولهن مثل | ولهن مثل الذي | مثل الذي عليهن | الذي عليهن بالمعروف | عليهن بالمعروف وللرجال | بالمعروف وللرجال عليهن | وللرجال عليهن درجه | عليهن درجه والله | درجه والله عزيز
quotes 2:228: «والمطلقات» in 14 segment(s): BURHAN:v2p216, BURHAN:v2p220, BURHAN:v2p222, BURHAN:v2p320, BURHAN:v3p230, BURHAN:v3p347, BURHAN:v4p23, ITQAN:v2p547#2, ITQAN:v2p552#3, ITQAN:v3p44, ITQAN:v3p105, ITQAN:v3p204#2 …
quotes 2:228: «يكتمن» in 3 segment(s): DAMGHANI:v1p198, JISHUMI:v1p906#2, JISHUMI:v1p908
quotes 2:228: «ارحامهن» in 3 segment(s): DAMGHANI:v1p198, JISHUMI:v1p906#2, JISHUMI:v1p908
quotes 2:228: «وبعولتهن» in 13 segment(s): BURHAN:v1p104, BURHAN:v2p220, BURHAN:v4p27, BURHAN:v4p29, DAMGHANI:v1p73, IBNJAWZI-NUZHA:v1p188, ITQAN:v2p451#3, ITQAN:v2p547#2, ITQAN:v3p170, JISHUMI:v1p906#2, JISHUMI:v1p909, JISHUMI:v1p910 …
quotes 2:228: «بردهن» in 10 segment(s): BURHAN:v1p104, BURHAN:v2p220, BURHAN:v4p27, BURHAN:v4p29, DAMGHANI:v1p73, IBNJAWZI-NUZHA:v1p188, ITQAN:v2p451#3, ITQAN:v2p547#2, JISHUMI:v1p906#2, JISHUMI:v1p909
quotes 2:228: «وللرجال» in 4 segment(s): DAMGHANI:v1p191, IBNJAWZI-NUZHA:v1p326, JISHUMI:v1p906#2, JISHUMI:v1p909
quotes 2:228: «بانفسهن ثلاثه» in 6 segment(s): BURHAN:v2p216, BURHAN:v4p23, BURHAN:v4p119, ITQAN:v3p44, ITQAN:v3p107, JISHUMI:v1p906#2
quotes 2:228: «ثلاثه قرو» in 12 segment(s): BURHAN:v2p216, BURHAN:v4p23, BURHAN:v4p119, ITQAN:v3p44, ITQAN:v3p46, ITQAN:v3p49, ITQAN:v3p107, JISHUMI:v1p906#2, JISHUMI:v1p908, JISHUMI:v1p912, NASHR:v1p475, SIBAWAYH:(هذابابتكسيرالواحدللجمع)#654
quotes 2:228: «قرو ولا» in 1 segment(s): JISHUMI:v1p906#2
quotes 2:228: «يحل لهن» in 3 segment(s): DAMGHANI:v1p198, JISHUMI:v1p906#2, JISHUMI:v1p908
quotes 2:228: «لهن ان» in 5 segment(s): DAMGHANI:v1p198, JISHUMI:v1p906#2, SAMARRAI-ASRAR:r7#4, SAMARRAI-LAMASAT-HALAQAT:p911, SIBAWAYH:هذابابالإدغامفيالحروفالمتقاربةالتيهيمنمخرجواحد#808
quotes 2:228: «ان كن» in 2 segment(s): JISHUMI:v1p906#2, JISHUMI:v1p909
quotes 2:228: «كن يومن» in 2 segment(s): JISHUMI:v1p906#2, JISHUMI:v1p909
quotes 2:228: «ان ارادوا» in 5 segment(s): BURHAN:v3p180, ITQAN:v2p451#3, JISHUMI:v1p906#2, JISHUMI:v1p909, RAZI-FULL:v1p41#2
quotes 2:228: «ارادوا اصلاحا» in 3 segment(s): ITQAN:v2p451#3, JISHUMI:v1p906#2, JISHUMI:v1p909
quotes 2:228: «اصلاحا ولهن» in 1 segment(s): JISHUMI:v1p906#2
quotes 2:228: «ولهن مثل» in 3 segment(s): JISHUMI:v1p906#2, JISHUMI:v1p910, NASHR:v2p135
quotes 2:228: «مثل الذي» in 19 segment(s): BURHAN:v2p427, IBNJAWZI-NUZHA:v1p393, IBNKATHIR-FULL:v1p57#2, IBNKATHIR-FULL:v1p66, IBNQUTAYBA-MUSHKIL:v1p15, IBNQUTAYBA-MUSHKIL:v1p71, ITQAN:v1p192, JISHUMI:v1p906#2, JISHUMI:v1p909, JISHUMI:v1p910, JISHUMI:v2p993, JURJANI-ASRAR:v1p101 …
quotes 2:228: «الذي عليهن» in 3 segment(s): JISHUMI:v1p906#2, JISHUMI:v1p910, NASHR:v2p135
quotes 2:228: «عليهن بالمعروف» in 1 segment(s): JISHUMI:v1p906#2
quotes 2:228: «عليهن درجه» in 4 segment(s): DAMGHANI:v1p191, IBNJAWZI-NUZHA:v1p326, JISHUMI:v1p906#2, JISHUMI:v1p909
quotes 2:228: «درجه والله» in 1 segment(s): JISHUMI:v1p906#2
quotes 2:228: «في ذالك ان» in 0 segment(s): 
quotes 2:239: 20 unique window(s): فرجالا | ركبانا | خفتم فرجالا | فرجالا او | او ركبانا | ركبانا فاذا | امنتم فاذكروا | كما علمكم | علمكم ما | فان خفتم فرجالا | خفتم فرجالا او | فرجالا او ركبانا | او ركبانا فاذا | ركبانا فاذا امنتم | فاذا امنتم فاذكروا | امنتم فاذكروا الله | فاذكروا الله كما | الله كما علمكم | كما علمكم ما | علمكم ما لم
quotes 2:239: «فرجالا» in 6 segment(s): BURHAN:v3p249, DAMGHANI:v1p191, IBNJAWZI-NUZHA:v1p326, JISHUMI:v1p884#2, JISHUMI:v2p961, SAMARRAI-LAMASAT-HALAQAT:p939
quotes 2:239: «ركبانا» in 6 segment(s): BURHAN:v3p249, DAMGHANI:v1p191, IBNJAWZI-NUZHA:v1p326, JISHUMI:v1p884#2, JISHUMI:v2p961, SAMARRAI-LAMASAT-HALAQAT:p939
quotes 2:239: «امنتم فاذكروا» in 4 segment(s): DAMGHANI:v1p182, IBNJAWZI-NUZHA:v1p303, ITQAN:v2p415, JISHUMI:v2p961
quotes 2:239: «كما علمكم» in 3 segment(s): BURHAN:v3p94, DAMGHANI:v1p182, JISHUMI:v2p961
quotes 2:239: «علمكم ما» in 2 segment(s): DAMGHANI:v1p182, JISHUMI:v2p961
quotes 2:239: «فاذكروا الله كما» in 3 segment(s): BURHAN:v3p94, DAMGHANI:v1p182, JISHUMI:v2p961
quotes 2:264: 52 unique window(s): صدقاتكم | بالمن | والاذيا | صفوان | فاصابه | فتركه | صلدا | لا تبطلوا | تبطلوا صدقاتكم | صدقاتكم بالمن | بالمن والاذيا | والاذيا كالذي | كالذي ينفق | ينفق ماله | ماله ريا | ولا يومن | الاخر فمثله | كمثل صفوان | صفوان عليه | عليه تراب | تراب فاصابه | فاصابه وابل | وابل فتركه | فتركه صلدا | صلدا لا | شي مما | امنوا لا تبطلوا | لا تبطلوا صدقاتكم | تبطلوا صدقاتكم بالمن | صدقاتكم بالمن والاذيا | بالمن والاذيا كالذي | والاذيا كالذي ينفق | كالذي ينفق ماله | ينفق ماله ريا | ماله ريا الناس | الناس ولا يومن | ولا يومن بالله | واليوم الاخر فمثله | الاخر فمثله كمثل | فمثله كمثل صفوان | كمثل صفوان عليه | صفوان عليه تراب | عليه تراب فاصابه | تراب فاصابه وابل | فاصابه وابل فتركه | وابل فتركه صلدا | فتركه صلدا لا | صلدا لا يقدرون | لا يقدرون عليا | عليا شي مما | شي مما كسبوا | كسبوا والله لا
quotes 2:264: «صدقاتكم» in 14 segment(s): BINTSHATI-IJAZ:p569, BINTSHATI-IJAZ:p588, DAMGHANI:v1p71, DAMGHANI:v1p443, IBNJAWZI-NUZHA:v1p195, ITQAN:v2p533#3, JISHUMI:v2p1028, JISHUMI:v2p1029, JISHUMI:v2p1034, JISHUMI:v2p1038, JISHUMI:v2p1042, SAMARRAI-ASRAR:r4#5 …
quotes 2:264: «بالمن» in 14 segment(s): BINTSHATI-IJAZ:p569, BINTSHATI-IJAZ:p570, BINTSHATI-IJAZ:p588, DAMGHANI:v1p71, DAMGHANI:v1p443, IBNJAWZI-NUZHA:v1p195, ITQAN:v2p533#3, JISHUMI:v2p1028, JISHUMI:v2p1029, JISHUMI:v2p1032, SAMARRAI-ASRAR:r4#5, SAMARRAI-ASRAR-MUH:p52 …
quotes 2:264: «والاذيا» in 0 segment(s): 
quotes 2:264: «صفوان» in 27 segment(s): ALUSI-FULL:v1p11#2, BINTSHATI-IJAZ:p78, BINTSHATI-IJAZ:p295, BINTSHATI-IJAZ:p433, BINTSHATI-IJAZ:p569, BINTSHATI-IJAZ:p587, BINTSHATI-IJAZ:p588, BURHAN:v1p487, BURHAN:v1p490, BURHAN:v4p88, IBNKATHIR-FULL:v1p53, IBNMUJAHID:v1p50 …
quotes 2:264: «فاصابه» in 10 segment(s): BINTSHATI-IJAZ:p569, BINTSHATI-IJAZ:p588, BURHAN:v1p487, IBNQUTAYBA-MUSHKIL:v1p195#2, JISHUMI:v2p1028, JISHUMI:v2p1029, JISHUMI:v2p1034, SAMARRAI-ASRAR:r4#5, SAMARRAI-ASRAR-MUH:p52, SAMARRAI-LAMASAT-HALAQAT:p503
quotes 2:264: «فتركه» in 14 segment(s): BINTSHATI-IJAZ:p569, BINTSHATI-IJAZ:p588, BURHAN:v1p487, BURHAN:v4p125, IBNQUTAYBA-MUSHKIL:v1p195#2, JISHUMI:v1p507, JISHUMI:v2p1028, JISHUMI:v2p1029, JURJANI-DALAIL:v1p123, NASHR:v1p459, SAMARRAI-ASRAR:r4#5, SAMARRAI-ASRAR-MUH:p52 …
quotes 2:264: «صلدا» in 12 segment(s): BINTSHATI-IJAZ:p568, BINTSHATI-IJAZ:p569, BINTSHATI-IJAZ:p588, BURHAN:v1p487, IBNQUTAYBA-MUSHKIL:v1p195#2, ITQAN:v2p373, ITQAN:v2p381, JISHUMI:v2p1028, JISHUMI:v2p1029, SAMARRAI-ASRAR:r4#5, SAMARRAI-ASRAR-MUH:p52, SAMARRAI-LAMASAT-HALAQAT:p503
quotes 2:264: «لا تبطلوا» in 12 segment(s): BINTSHATI-IJAZ:p569, BINTSHATI-IJAZ:p588, DAMGHANI:v1p71, DAMGHANI:v1p443, IBNJAWZI-NUZHA:v1p195, ITQAN:v2p533#3, JISHUMI:v2p1028, JISHUMI:v2p1029, JISHUMI:v2p1034, SAMARRAI-ASRAR:r4#5, SAMARRAI-ASRAR-MUH:p52, SAMARRAI-LAMASAT-HALAQAT:p503
quotes 2:264: «كالذي ينفق» in 8 segment(s): BINTSHATI-IJAZ:p569, BINTSHATI-IJAZ:p588, IBNQUTAYBA-MUSHKIL:v1p195#2, JISHUMI:v2p1028, JISHUMI:v2p1029, SAMARRAI-ASRAR:r4#5, SAMARRAI-ASRAR-MUH:p52, SAMARRAI-LAMASAT-HALAQAT:p503
quotes 2:264: «ينفق ماله» in 8 segment(s): BINTSHATI-IJAZ:p569, BINTSHATI-IJAZ:p588, IBNQUTAYBA-MUSHKIL:v1p195#2, JISHUMI:v2p1028, JISHUMI:v2p1029, SAMARRAI-ASRAR:r4#5, SAMARRAI-ASRAR-MUH:p52, SAMARRAI-LAMASAT-HALAQAT:p503
quotes 2:264: «ماله ريا» in 8 segment(s): BINTSHATI-IJAZ:p569, BINTSHATI-IJAZ:p588, IBNQUTAYBA-MUSHKIL:v1p195#2, JISHUMI:v2p1028, JISHUMI:v2p1029, SAMARRAI-ASRAR:r4#5, SAMARRAI-ASRAR-MUH:p52, SAMARRAI-LAMASAT-HALAQAT:p503
quotes 2:264: «ولا يومن» in 10 segment(s): BINTSHATI-IJAZ:p569, BINTSHATI-IJAZ:p588, BURHAN:v2p187, BURHAN:v3p121, IBNQUTAYBA-MUSHKIL:v1p195#2, JISHUMI:v2p1028, JISHUMI:v2p1029, SAMARRAI-ASRAR:r4#5, SAMARRAI-ASRAR-MUH:p52, SAMARRAI-LAMASAT-HALAQAT:p503
quotes 2:264: «الاخر فمثله» in 7 segment(s): BINTSHATI-IJAZ:p569, BINTSHATI-IJAZ:p588, IBNQUTAYBA-MUSHKIL:v1p195#2, JISHUMI:v2p1028, SAMARRAI-ASRAR:r4#5, SAMARRAI-ASRAR-MUH:p52, SAMARRAI-LAMASAT-HALAQAT:p503
quotes 2:264: «عليه تراب» in 11 segment(s): BINTSHATI-IJAZ:p569, BINTSHATI-IJAZ:p588, BURHAN:v1p487, BURHAN:v1p490, IBNQUTAYBA-MUSHKIL:v1p195#2, JISHUMI:v2p1028, JISHUMI:v2p1029, SAMARRAI-ASRAR:r4#5, SAMARRAI-ASRAR-MUH:p52, SAMARRAI-LAMASAT-HALAQAT:p503, SIBAWAYH:(هذابابأسماءالأرضين)#541
quotes 2:264: «شي مما» in 38 segment(s): BINTSHATI-IJAZ:p569, BINTSHATI-IJAZ:p588, BURHAN:v1p112#2, BURHAN:v2p67, BURHAN:v2p369, BURHAN:v4p266, IBNASHUR-FULL:v1p108, IBNQUTAYBA-MUSHKIL:v1p55, IBNQUTAYBA-MUSHKIL:v1p99, IBNQUTAYBA-MUSHKIL:v1p195#2, ITQAN:v4p311, JISHUMI:v2p1028 …
quotes 2:264: «لا يقدرون عليا» in 0 segment(s): 
quotes 2:264: «كسبوا والله لا» in 6 segment(s): BINTSHATI-IJAZ:p569, BINTSHATI-IJAZ:p588, JISHUMI:v2p1028, SAMARRAI-ASRAR:r4#5, SAMARRAI-ASRAR-MUH:p52, SAMARRAI-LAMASAT-HALAQAT:p503
quotes 2:265: 41 unique window(s): وتثبيتا | بربوه | اصابها | يصبها | اموالهم ابتغا | الله وتثبيتا | وتثبيتا من | انفسهم كمثل | كمثل جنه | جنه بربوه | بربوه اصابها | اصابها وابل | وابل فاتت | فاتت اكلها | اكلها ضعفين | ضعفين فان | لم يصبها | يصبها وابل | وابل فطل | فطل والله | ومثل الذين ينفقون | ينفقون اموالهم ابتغا | اموالهم ابتغا مرضات | مرضات الله وتثبيتا | الله وتثبيتا من | وتثبيتا من انفسهم | من انفسهم كمثل | انفسهم كمثل جنه | كمثل جنه بربوه | جنه بربوه اصابها | بربوه اصابها وابل | اصابها وابل فاتت | وابل فاتت اكلها | فاتت اكلها ضعفين | اكلها ضعفين فان | ضعفين فان لم | فان لم يصبها | لم يصبها وابل | يصبها وابل فطل | وابل فطل والله | فطل والله بما
quotes 2:265: «وتثبيتا» in 7 segment(s): BURHAN:v1p91, IBNKATHIR-FULL:v1p17#2, IBNQUTAYBA-MUSHKIL:v1p195#2, JISHUMI:v2p1031, JISHUMI:v2p1032, JISHUMI:v2p1033, RIFAI-KHULI:c7
quotes 2:265: «بربوه» in 6 segment(s): DAMGHANI:v1p189, IBNJAWZI-NUZHA:v1p81, IBNQUTAYBA-MUSHKIL:v1p195#2, JISHUMI:v2p1031, JISHUMI:v2p1032, NASHR:v2p133
quotes 2:265: «اصابها» in 7 segment(s): BINTSHATI-IJAZ:p411, BINTSHATI-IJAZ:p553, IBNQUTAYBA-MUSHKIL:v1p195#2, JISHUMI:v2p1031, JISHUMI:v2p1032, NASHR:v2p459, YKHULI-TAJDID:c1
quotes 2:265: «يصبها» in 7 segment(s): BURHAN:v2p135, FARRA:v1p489, IBNJAWZI-NUZHA:v1p137, IBNQUTAYBA-MUSHKIL:v1p195#2, JISHUMI:v2p1031, JISHUMI:v2p1032, JURJANI-DALAIL:v1p305
quotes 2:265: «اموالهم ابتغا» in 2 segment(s): IBNQUTAYBA-MUSHKIL:v1p195#2, JISHUMI:v2p1031
quotes 2:265: «انفسهم كمثل» in 1 segment(s): JISHUMI:v2p1031
quotes 2:265: «كمثل جنه» in 4 segment(s): DAMGHANI:v1p189, IBNQUTAYBA-MUSHKIL:v1p195#2, JISHUMI:v2p1031, JISHUMI:v2p1032
quotes 2:265: «وابل فاتت» in 1 segment(s): JISHUMI:v2p1031
quotes 2:265: «فاتت اكلها» in 2 segment(s): JISHUMI:v2p1031, JISHUMI:v2p1032
quotes 2:265: «اكلها ضعفين» in 1 segment(s): JISHUMI:v2p1031
quotes 2:265: «ضعفين فان» in 1 segment(s): JISHUMI:v2p1031
quotes 2:265: «وابل فطل» in 3 segment(s): IBNQUTAYBA-MUSHKIL:v1p195#2, JISHUMI:v2p1031, JISHUMI:v2p1032
quotes 2:265: «فطل والله» in 1 segment(s): JISHUMI:v2p1031
quotes 2:265: «ومثل الذين ينفقون» in 3 segment(s): IBNQUTAYBA-MUSHKIL:v1p195#2, JISHUMI:v2p1031, JISHUMI:v2p1032
quotes 2:266: 40 unique window(s): ايود | واصابه | فاصابها | اعصار | فاحترقت | ايود احدكم | واعناب تجري | الانهار له | الثمرات واصابه | واصابه الكبر | الكبر وله | وله ذريه | ذريه ضعفا | ضعفا فاصابها | فاصابها اعصار | اعصار فيه | فيه نار | نار فاحترقت | فاحترقت كذالك | ايود احدكم ان | احدكم ان تكون | ان تكون له | له جنه من | نخيل واعناب تجري | واعناب تجري من | تحتها الانهار له | الانهار له فيها | له فيها من | كل الثمرات واصابه | الثمرات واصابه الكبر | واصابه الكبر وله | الكبر وله ذريه | وله ذريه ضعفا | ذريه ضعفا فاصابها | ضعفا فاصابها اعصار | فاصابها اعصار فيه | اعصار فيه نار | فيه نار فاحترقت | نار فاحترقت كذالك | فاحترقت كذالك يبين
quotes 2:266: «ايود» in 10 segment(s): BINTSHATI-IJAZ:p567, BURHAN:v4p20, FARRA:v1p489, IBNASHUR-FULL:v1p108, IBNQUTAYBA-MUSHKIL:v1p195#2, ITQAN:v3p200#2, ITQAN:v4p345, ITQAN:v4p495, JISHUMI:v2p1034, SAMARRAI-LAMASAT-HALAQAT:p868
quotes 2:266: «واصابه» in 8 segment(s): BINTSHATI-IJAZ:p567, BINTSHATI-IJAZ:p599, DAMGHANI:v1p396, IBNJAWZI-NUZHA:v1p519, IBNQUTAYBA-MUSHKIL:v1p195#2, ITQAN:v3p200#2, JISHUMI:v2p1034, SAMARRAI-LAMASAT-HALAQAT:p868
quotes 2:266: «فاصابها» in 7 segment(s): BINTSHATI-IJAZ:p415, BINTSHATI-IJAZ:p567, DAMGHANI:v1p325, IBNQUTAYBA-MUSHKIL:v1p195#2, ITQAN:v3p200#2, JISHUMI:v2p1034, SAMARRAI-LAMASAT-HALAQAT:p868
quotes 2:266: «اعصار» in 11 segment(s): ALUSI-FULL:v1p3, BINTSHATI-IJAZ:p415, BINTSHATI-IJAZ:p566, BINTSHATI-IJAZ:p567, DAMGHANI:v1p325, IBNQUTAYBA-MUSHKIL:v1p195#2, ITQAN:v2p373, ITQAN:v3p200#2, JISHUMI:v2p1034, MAJAZ:v2p429#2, SAMARRAI-LAMASAT-HALAQAT:p868
quotes 2:266: «فاحترقت» in 9 segment(s): BINTSHATI-IJAZ:p415, BINTSHATI-IJAZ:p416, BINTSHATI-IJAZ:p567, DAMGHANI:v1p325, IBNQUTAYBA-MUSHKIL:v1p195#2, ITQAN:v3p200#2, JISHUMI:v2p1034, JISHUMI:v2p1036, SAMARRAI-LAMASAT-HALAQAT:p868
quotes 2:266: «واعناب تجري» in 5 segment(s): BINTSHATI-IJAZ:p567, IBNASHUR-FULL:v1p108, IBNQUTAYBA-MUSHKIL:v1p195#2, JISHUMI:v2p1034, SAMARRAI-LAMASAT-HALAQAT:p868
quotes 2:266: «الانهار له» in 4 segment(s): BINTSHATI-IJAZ:p567, IBNQUTAYBA-MUSHKIL:v1p195#2, JISHUMI:v2p1034, SAMARRAI-LAMASAT-HALAQAT:p868
quotes 2:266: «الكبر وله» in 4 segment(s): BINTSHATI-IJAZ:p567, IBNQUTAYBA-MUSHKIL:v1p195#2, JISHUMI:v2p1034, SAMARRAI-LAMASAT-HALAQAT:p868
quotes 2:266: «وله ذريه» in 8 segment(s): BINTSHATI-IJAZ:p567, BURHAN:v4p20, DAMGHANI:v1p289, IBNQUTAYBA-MUSHKIL:v1p195#2, ITQAN:v3p200#2, JISHUMI:v2p1034, JISHUMI:v2p1036, SAMARRAI-LAMASAT-HALAQAT:p868
quotes 2:266: «ذريه ضعفا» in 8 segment(s): BINTSHATI-IJAZ:p567, BURHAN:v4p20, DAMGHANI:v1p289, IBNQUTAYBA-MUSHKIL:v1p195#2, ITQAN:v4p446, JISHUMI:v2p1034, JISHUMI:v2p1036, SAMARRAI-LAMASAT-HALAQAT:p868
quotes 2:266: «فيه نار» in 11 segment(s): BINTSHATI-IJAZ:p415, BINTSHATI-IJAZ:p416, BINTSHATI-IJAZ:p566, BINTSHATI-IJAZ:p567, DAMGHANI:v1p325, IBNQUTAYBA-MUSHKIL:v1p195#2, ITQAN:v3p200#2, JISHUMI:v2p1034, SAMARRAI-LAMASAT:p96, SAMARRAI-LAMASAT-HALAQAT:p74, SAMARRAI-LAMASAT-HALAQAT:p868
quotes 2:266: «احدكم ان تكون» in 11 segment(s): BINTSHATI-IJAZ:p567, BUKHARI:4538, BURHAN:v4p20, FARRA:v1p489, IBNASHUR-FULL:v1p108, IBNQUTAYBA-MUSHKIL:v1p195#2, ITQAN:v3p200#2, ITQAN:v4p345, ITQAN:v4p495, JISHUMI:v2p1034, SAMARRAI-LAMASAT-HALAQAT:p868
quotes 2:266: «ان تكون له» in 19 segment(s): ABUDAWUD:2683, ABUDAWUD:4359, BINTSHATI-IJAZ:p567, BUKHARI:4538, BURHAN:v4p20, FARRA:v1p489, IBNASHUR-FULL:v1p108, IBNHIBBAN:361, IBNQUTAYBA-MUSHKIL:v1p195#2, ITQAN:v3p200#2, ITQAN:v4p345, ITQAN:v4p495 …
quotes 2:266: «له جنه من» in 7 segment(s): BINTSHATI-IJAZ:p567, IBNASHUR-FULL:v1p108, IBNQUTAYBA-MUSHKIL:v1p195#2, ITQAN:v4p345, ITQAN:v4p495, JISHUMI:v2p1034, SAMARRAI-LAMASAT-HALAQAT:p868
quotes 2:266: «له فيها من» in 8 segment(s): BINTSHATI-IJAZ:p567, IBNMAJAH:1728, IBNQUTAYBA-MUSHKIL:v1p195#2, ITQAN:v3p200#2, JISHUMI:v2p1034, JURJANI-ASRAR:v1p45, SAMARRAI-LAMASAT-HALAQAT:p868, TIRMIDHI:758
quotes 2:282: 247 unique window(s): تداينتم | بدين | فاكتبوه | وليكتب | كاتب | كاتب | فليكتب | وليملل | يبخس | سفيها | فليملل | وليه | واستشهدوا | شهيدين | يكونا | فرجل | وامراتان | ترضون | الشهدا | فتذكر | الشهدا | تسموا | تكتبوه | للشهاده | وادنيا | ترتابوا | تديرونها | تكتبوها | تبايعتم | يضار | كاتب | اذا تداينتم | تداينتم بدين | بدين اليا | مسمي فاكتبوه | فاكتبوه وليكتب | وليكتب بينكم | بينكم كاتب | كاتب بالعدل | بالعدل ولا | ولا ياب | ياب كاتب | كاتب ان | ان يكتب | يكتب كما | كما علمه | علمه الله | الله فليكتب | فليكتب وليملل | وليملل الذي | الذي عليه | عليه الحق | الحق وليتق | ولا يبخس | يبخس منه | شيا فان | كان الذي | الذي عليه | عليه الحق | الحق سفيها | سفيها او | او ضعيفا | ضعيفا او | لا يستطيع | يستطيع ان | ان يمل | يمل هو | هو فليملل | فليملل وليه | وليه بالعدل | بالعدل واستشهدوا | واستشهدوا شهيدين | شهيدين من | رجالكم فان | لم يكونا | يكونا رجلين | رجلين فرجل | فرجل وامراتان | وامراتان ممن | ممن ترضون | ترضون من | من الشهدا | الشهدا ان | ان تضل | تضل احدياهما | احدياهما فتذكر | فتذكر احدياهما | احدياهما الاخريا | الاخريا ولا | ولا ياب | ياب الشهدا | الشهدا اذا | ما دعوا | دعوا ولا | ولا تسموا | تسموا ان | ان تكتبوه | تكتبوه صغيرا | صغيرا او | او كبيرا | كبيرا اليا | اليا اجله | اجله ذالكم | ذالكم اقسط | الله واقوم | واقوم للشهاده | للشهاده وادنيا | وادنيا الا | الا ترتابوا | ترتابوا الا | تجاره حاضره | حاضره تديرونها | تديرونها بينكم | بينكم فليس | جناح الا | الا تكتبوها | تكتبوها واشهدوا | واشهدوا اذا | اذا تبايعتم | تبايعتم ولا | ولا يضار | يضار كاتب | كاتب ولا | ولا شهيد | شهيد وان | وان تفعلوا | تفعلوا فانه | فانه فسوق | فسوق بكم | بكم واتقوا | الله ويعلمكم | ويعلمكم الله | امنوا اذا تداينتم | اذا تداينتم بدين | تداينتم بدين اليا | بدين اليا اجل | اجل مسمي فاكتبوه | مسمي فاكتبوه وليكتب | فاكتبوه وليكتب بينكم | وليكتب بينكم كاتب | بينكم كاتب بالعدل | كاتب بالعدل ولا | بالعدل ولا ياب | ولا ياب كاتب | ياب كاتب ان | كاتب ان يكتب | ان يكتب كما | يكتب كما علمه | كما علمه الله | علمه الله فليكتب | الله فليكتب وليملل | فليكتب وليملل الذي | وليملل الذي عليه | الذي عليه الحق | عليه الحق وليتق | الحق وليتق الله | ربه ولا يبخس | ولا يبخس منه | يبخس منه شيا | منه شيا فان | شيا فان كان | فان كان الذي | كان الذي عليه | الذي عليه الحق | عليه الحق سفيها | الحق سفيها او | سفيها او ضعيفا | او ضعيفا او | ضعيفا او لا | او لا يستطيع | لا يستطيع ان | يستطيع ان يمل | ان يمل هو | يمل هو فليملل | هو فليملل وليه | فليملل وليه بالعدل | وليه بالعدل واستشهدوا | بالعدل واستشهدوا شهيدين | واستشهدوا شهيدين من | شهيدين من رجالكم | من رجالكم فان | رجالكم فان لم | فان لم يكونا | لم يكونا رجلين | يكونا رجلين فرجل | رجلين فرجل وامراتان | فرجل وامراتان ممن | وامراتان ممن ترضون | ممن ترضون من | ترضون من الشهدا | من الشهدا ان | الشهدا ان تضل | ان تضل احدياهما | تضل احدياهما فتذكر | احدياهما فتذكر احدياهما | فتذكر احدياهما الاخريا | احدياهما الاخريا ولا | الاخريا ولا ياب | ولا ياب الشهدا | ياب الشهدا اذا | الشهدا اذا ما | اذا ما دعوا | ما دعوا ولا | دعوا ولا تسموا | ولا تسموا ان | تسموا ان تكتبوه | ان تكتبوه صغيرا | تكتبوه صغيرا او | صغيرا او كبيرا | او كبيرا اليا | كبيرا اليا اجله | اليا اجله ذالكم | اجله ذالكم اقسط | ذالكم اقسط عند | عند الله واقوم | الله واقوم للشهاده | واقوم للشهاده وادنيا | للشهاده وادنيا الا | وادنيا الا ترتابوا | الا ترتابوا الا | ترتابوا الا ان | تكون تجاره حاضره | تجاره حاضره تديرونها | حاضره تديرونها بينكم | تديرونها بينكم فليس | بينكم فليس عليكم | عليكم جناح الا | جناح الا تكتبوها | الا تكتبوها واشهدوا | تكتبوها واشهدوا اذا | واشهدوا اذا تبايعتم | اذا تبايعتم ولا | تبايعتم ولا يضار | ولا يضار كاتب | يضار كاتب ولا | كاتب ولا شهيد | ولا شهيد وان | شهيد وان تفعلوا | وان تفعلوا فانه | تفعلوا فانه فسوق | فانه فسوق بكم | فسوق بكم واتقوا | بكم واتقوا الله | واتقوا الله ويعلمكم | الله ويعلمكم الله | ويعلمكم الله والله | الله والله بكل
quotes 2:282: «تداينتم» in 8 segment(s): BURHAN:v1p253#2, BURHAN:v1p481, BURHAN:v2p397, BURHAN:v2p398, BURHAN:v4p24, FARRA:v1p489, JISHUMI:v2p1070#2, JISHUMI:v2p1074
quotes 2:282: «بدين» in 18 segment(s): BAGHAWI-FULL:v1p33, BINTSHATI-IJAZ:p46, BURHAN:v1p159, BURHAN:v1p481, BURHAN:v2p397, BURHAN:v2p398, BURHAN:v4p24, FARRA:v1p489, IBNJAWZI-NUZHA:v1p295, ITQAN:v2p539, ITQAN:v4p380, JISHUMI:v1p524 …
quotes 2:282: «فاكتبوه» in 13 segment(s): ALUSI-FULL:v1p21#2, BURHAN:v1p217, BURHAN:v1p235, BURHAN:v1p481, BURHAN:v2p397, BURHAN:v4p24, IBNASHUR-FULL:v1p56, IBNATIYYA-FULL:v1p47, IBNKATHIR-FULL:v1p27#2, ITQAN:v1p163, JISHUMI:v2p1070#2, JISHUMI:v2p1075 …
quotes 2:282: «وليكتب» in 3 segment(s): IBNKATHIR-FULL:v1p32, JISHUMI:v2p1070#2, JISHUMI:v2p1075
quotes 2:282: «كاتب» in 35 segment(s): BAQILLANI:v1p120, BAQILLANI:v1p284, BAQILLANI:v1p286, BINTSHATI-IJAZ:p32, BINTSHATI-IJAZ:p33, BURHAN:v2p206, BURHAN:v3p392, DAMGHANI:v1p359, ELMALILI:v1p89, IBNJAWZI-NUZHA:v1p377, IBNKATHIR-FULL:v1p32, IBNQUTAYBA-MUSHKIL:v1p39 …
quotes 2:282: «كاتب» in 35 segment(s): BAQILLANI:v1p120, BAQILLANI:v1p284, BAQILLANI:v1p286, BINTSHATI-IJAZ:p32, BINTSHATI-IJAZ:p33, BURHAN:v2p206, BURHAN:v3p392, DAMGHANI:v1p359, ELMALILI:v1p89, IBNJAWZI-NUZHA:v1p377, IBNKATHIR-FULL:v1p32, IBNQUTAYBA-MUSHKIL:v1p39 …
quotes 2:282: «فليكتب» in 5 segment(s): BINTSHATI-IJAZ:p548, ITQAN:v4p437, JISHUMI:v2p1070#2, JISHUMI:v2p1075, JISHUMI:v2p1078
quotes 2:282: «وليملل» in 6 segment(s): BINTSHATI-IJAZ:p548, DAMGHANI:v1p139, IBNJAWZI-NUZHA:v1p267, ITQAN:v2p391#5, JISHUMI:v2p1070#2, JISHUMI:v2p1075
quotes 2:282: «يبخس» in 5 segment(s): BINTSHATI-IJAZ:p360, JISHUMI:v1p666, JISHUMI:v2p1070#2, JISHUMI:v2p1075, MAJAZ:v2p402#2
quotes 2:282: «سفيها» in 5 segment(s): DAMGHANI:v1p139, IBNJAWZI-NUZHA:v1p267, JISHUMI:v2p1070#2, JISHUMI:v2p1075, JISHUMI:v2p1078
quotes 2:282: «فليملل» in 7 segment(s): BINTSHATI-IJAZ:p459, BURHAN:v1p284, JISHUMI:v2p1070#2, JISHUMI:v2p1071, JISHUMI:v2p1073, JISHUMI:v2p1075, JISHUMI:v2p1078
quotes 2:282: «وليه» in 15 segment(s): BAQILLANI:v1p135, BINTSHATI-IJAZ:p459, BURHAN:v1p284, DAMGHANI:v1p496, IBNQUTAYBA-MUSHKIL:v1p152, IBNQUTAYBA-MUSHKIL:v1p160, IBNQUTAYBA-MUSHKIL:v1p232, IBNQUTAYBA-MUSHKIL:v1p253, JISHUMI:v1p763, JISHUMI:v2p1070#2, JISHUMI:v2p1075, JISHUMI:v2p1078 …
quotes 2:282: «واستشهدوا» in 9 segment(s): BURHAN:v2p438, IBNJAWZI-NUZHA:v1p377, IBNQUTAYBA-MUSHKIL:v1p36, IBNQUTAYBA-MUSHKIL:v1p221, JISHUMI:v1p462, JISHUMI:v2p1070#2, JISHUMI:v2p1075, JISHUMI:v2p1077, JISHUMI:v2p1079
quotes 2:282: «شهيدين» in 8 segment(s): BURHAN:v2p438, BURHAN:v2p439, DAMGHANI:v1p266, IBNJAWZI-NUZHA:v1p377, IBNQUTAYBA-MUSHKIL:v1p221, JISHUMI:v2p1070#2, JISHUMI:v2p1075, JISHUMI:v2p1077
NOTE quotes 2:282: window «يكونا» in 42 segments, too common alone; the longer windows that contain it are used instead
quotes 2:282: «فرجل» in 10 segment(s): BURHAN:v2p22, DAMGHANI:v1p431, IBNJAWZI-NUZHA:v1p571, IBNQUTAYBA-MUSHKIL:v1p221, JISHUMI:v2p1070#2, JISHUMI:v2p1071, JISHUMI:v2p1075, SIBAWAYH:شبهوهبمايشبهمنالأسماءبالمصادرنحوقولكفاهms167إلىفىوليسبالفاعل#190, SIBAWAYH:(هذابابمايكسرمماكسرللجمعومالايكسرمنأبنيةالجمعإذاجعلته#590, SIBAWAYH:(هذابابالتضعيف)#800
quotes 2:282: «وامراتان» in 7 segment(s): BURHAN:v2p22, DAMGHANI:v1p431, IBNJAWZI-NUZHA:v1p571, IBNQUTAYBA-MUSHKIL:v1p221, JISHUMI:v2p1070#2, JISHUMI:v2p1071, JISHUMI:v2p1075
quotes 2:282: «ترضون» in 8 segment(s): BURHAN:v1p313, DAMGHANI:v1p431, IBNQUTAYBA-MUSHKIL:v1p221, JISHUMI:v1p492, JISHUMI:v1p544, JISHUMI:v2p1038, JISHUMI:v2p1070#2, JISHUMI:v2p1075
quotes 2:282: «الشهدا» in 22 segment(s): BURHAN:v2p10, BURHAN:v4p239, DAMGHANI:v1p266, DAMGHANI:v1p431, IBNQUTAYBA-MUSHKIL:v1p53#2, IBNQUTAYBA-MUSHKIL:v1p77, IBNQUTAYBA-MUSHKIL:v1p221, ITQAN:v1p102, ITQAN:v3p35, ITQAN:v4p527, JISHUMI:v1p656, JISHUMI:v1p657 …
quotes 2:282: «فتذكر» in 26 segment(s): BAQILLANI:v1p256, BURHAN:v1p332, BURHAN:v2p257, BURHAN:v2p495, BURHAN:v3p96, BURHAN:v4p95, BURHAN:v4p227, BURHAN:v4p297, IBNJAWZI-NUZHA:v1p408, IBNKATHIR-FULL:v1p10, IBNQUTAYBA-GHARIB:v1p5, IBNQUTAYBA-MUSHKIL:v1p254 …
quotes 2:282: «الشهدا» in 22 segment(s): BURHAN:v2p10, BURHAN:v4p239, DAMGHANI:v1p266, DAMGHANI:v1p431, IBNQUTAYBA-MUSHKIL:v1p53#2, IBNQUTAYBA-MUSHKIL:v1p77, IBNQUTAYBA-MUSHKIL:v1p221, ITQAN:v1p102, ITQAN:v3p35, ITQAN:v4p527, JISHUMI:v1p656, JISHUMI:v1p657 …
quotes 2:282: «تسموا» in 1 segment(s): BAQILLANI:v1p58
quotes 2:282: «تكتبوه» in 8 segment(s): BINTSHATI-IJAZ:p448, BURHAN:v2p398, DAMGHANI:v1p396, IBNJAWZI-NUZHA:v1p519, JISHUMI:v2p1070#2, JISHUMI:v2p1073, JISHUMI:v2p1074, JISHUMI:v2p1077
quotes 2:282: «للشهاده» in 6 segment(s): BINTSHATI-IJAZ:p448, BURHAN:v4p169, DAMGHANI:v1p175, JISHUMI:v1p625, JISHUMI:v2p1070#2, JISHUMI:v2p1077
quotes 2:282: «وادنيا» in 0 segment(s): 
quotes 2:282: «ترتابوا» in 8 segment(s): BINTSHATI-IJAZ:p448, BURHAN:v4p169, DAMGHANI:v1p175, IBNJAWZI-NUZHA:v1p119, JISHUMI:v2p1070#2, JISHUMI:v2p1073, JISHUMI:v2p1077, JISHUMI:v2p1080
quotes 2:282: «تديرونها» in 4 segment(s): DAMGHANI:v1p134, JISHUMI:v2p1070#2, JISHUMI:v2p1071, SAMARRAI-LAMASAT-HALAQAT:p859
quotes 2:282: «تكتبوها» in 3 segment(s): JISHUMI:v2p1070#2, JISHUMI:v2p1077, SAMARRAI-LAMASAT-HALAQAT:p859
quotes 2:282: «تبايعتم» in 5 segment(s): IBNJAWZI-NUZHA:v1p194, ITQAN:v3p82, ITQAN:v3p218#2, JISHUMI:v2p1070#2, JISHUMI:v2p1077
quotes 2:282: «يضار» in 18 segment(s): BURHAN:v2p206, BURHAN:v3p124, DAMGHANI:v1p359, IBNJAWZI-NUZHA:v1p377, ITQAN:v1p130, ITQAN:v3p84, JISHUMI:v2p936, JISHUMI:v2p937, JISHUMI:v2p1070#2, JISHUMI:v2p1071, JISHUMI:v2p1073, JISHUMI:v2p1075 …
quotes 2:282: «كاتب» in 35 segment(s): BAQILLANI:v1p120, BAQILLANI:v1p284, BAQILLANI:v1p286, BINTSHATI-IJAZ:p32, BINTSHATI-IJAZ:p33, BURHAN:v2p206, BURHAN:v3p392, DAMGHANI:v1p359, ELMALILI:v1p89, IBNJAWZI-NUZHA:v1p377, IBNKATHIR-FULL:v1p32, IBNQUTAYBA-MUSHKIL:v1p39 …
quotes 2:282: «بالعدل ولا» in 2 segment(s): JISHUMI:v2p1070#2, SAMARRAI-LAMASAT-HALAQAT:p617
quotes 2:282: «ولا ياب» in 5 segment(s): ITQAN:v1p231, JISHUMI:v2p1070#2, JISHUMI:v2p1075, NASHR:v1p237, NASHR:v1p387
quotes 2:282: «ان يكتب» in 13 segment(s): BAQILLANI:v1p291, IBNASHUR-FULL:v1p73, IBNKATHIR-FULL:v1p23, IBNKATHIR-FULL:v1p32, ITQAN:v1p165, ITQAN:v1p209#2, ITQAN:v1p231, ITQAN:v4p453, JISHUMI:v1p867#2, JISHUMI:v2p1070#2, JISHUMI:v2p1075, NASHR:v1p237 …
quotes 2:282: «يكتب كما» in 2 segment(s): JISHUMI:v2p1070#2, JISHUMI:v2p1075
quotes 2:282: «كما علمه» in 4 segment(s): ITQAN:v1p231, JISHUMI:v2p1070#2, JISHUMI:v2p1075, NASHR:v1p237
quotes 2:282: «علمه الله» in 8 segment(s): BINTSHATI-IJAZ:p303, BURHAN:v1p449, IBNKATHIR-FULL:v1p65#2, ITQAN:v1p231, JISHUMI:v1p565, JISHUMI:v2p1070#2, JISHUMI:v2p1075, NASHR:v1p237
NOTE quotes 2:282: window «الذي عليه» in 47 segments, too common alone; the longer windows that contain it are used instead
quotes 2:282: «عليه الحق» in 8 segment(s): DAMGHANI:v1p139, IBNJAWZI-NUZHA:v1p267, IBNQUTAYBA-MUSHKIL:v1p208, JISHUMI:v1p736, JISHUMI:v2p1066, JISHUMI:v2p1070#2, JISHUMI:v2p1075, JISHUMI:v2p1078
quotes 2:282: «الحق وليتق» in 1 segment(s): JISHUMI:v2p1070#2
quotes 2:282: «شيا فان» in 0 segment(s): 
quotes 2:282: «كان الذي» in 38 segment(s): BAQILLANI:v1p58, BINTSHATI-IJAZ:p129, BINTSHATI-IJAZ:p255, BURHAN:v3p143, DAMGHANI:v1p139, GHARNATI:v1p179, IBNASHUR-FULL:v1p70, IBNASHUR-FULL:v1p99, IBNASHUR-FULL:v1p128, IBNJAWZI-NUZHA:v1p267, IBNKATHIR-FULL:v1p19, IBNKATHIR-FULL:v1p45 …
NOTE quotes 2:282: window «الذي عليه» in 47 segments, too common alone; the longer windows that contain it are used instead
quotes 2:282: «عليه الحق» in 8 segment(s): DAMGHANI:v1p139, IBNJAWZI-NUZHA:v1p267, IBNQUTAYBA-MUSHKIL:v1p208, JISHUMI:v1p736, JISHUMI:v2p1066, JISHUMI:v2p1070#2, JISHUMI:v2p1075, JISHUMI:v2p1078
quotes 2:282: «او ضعيفا» in 5 segment(s): DAMGHANI:v1p139, IBNJAWZI-NUZHA:v1p267, JISHUMI:v2p1070#2, JISHUMI:v2p1075, NASHR:v1p216
quotes 2:282: «ضعيفا او» in 2 segment(s): IBNJAWZI-NUZHA:v1p267, JISHUMI:v2p1070#2
quotes 2:282: «لا يستطيع» in 29 segment(s): BINTSHATI-IJAZ:p89, BINTSHATI-IJAZ:p195, BINTSHATI-IJAZ:p197, IBNASHUR-FULL:v1p115, IBNJAWZI-NUZHA:v1p267, IBNQUTAYBA-MUSHKIL:v1p204#2, JISHUMI:v2p1053, JISHUMI:v2p1070#2, JISHUMI:v2p1075, JISHUMI:v2p1078, JURJANI-DALAIL:v1p64, JURJANI-DALAIL:v1p99 …
quotes 2:282: «يستطيع ان» in 24 segment(s): IBNJAWZI-NUZHA:v1p267, IBNQUTAYBA-MUSHKIL:v1p212, ITQAN:v4p413#5, JISHUMI:v2p1070#2, JISHUMI:v2p1075, JURJANI-DALAIL:v1p76, JURJANI-DALAIL:v1p102, JURJANI-DALAIL:v1p297, JURJANI-DALAIL:v1p310, JURJANI-DALAIL:v1p311, JURJANI-DALAIL:v1p329, RIFAI-KHULI:c2 …
quotes 2:282: «ان يمل» in 4 segment(s): IBNJAWZI-NUZHA:v1p267, JISHUMI:v2p1070#2, JISHUMI:v2p1075, JISHUMI:v2p1078
quotes 2:282: «يمل هو» in 5 segment(s): JISHUMI:v2p1070#2, JISHUMI:v2p1075, NASHR:v2p135, NASHR:v2p208, NASHR:v2p235#2
quotes 2:282: «رجالكم فان» in 2 segment(s): IBNQUTAYBA-MUSHKIL:v1p221, JISHUMI:v2p1070#2
quotes 2:282: «لم يكونا» in 16 segment(s): BURHAN:v2p22, BURHAN:v2p438, BURHAN:v2p439, BURHAN:v4p390, DAMGHANI:v1p431, IBNQUTAYBA-MUSHKIL:v1p221, ITQAN:v3p187, JISHUMI:v2p1070#2, JISHUMI:v2p1075, JURJANI-DALAIL:v1p18, NASHR:v2p235, SIBAWAYH:وإنماذكرليبينلكوجهنصبهكماذكرمعنىسبحاناللهPageV01P352|#149 …
quotes 2:282: «يكونا رجلين» in 7 segment(s): BURHAN:v2p22, BURHAN:v2p438, DAMGHANI:v1p431, IBNQUTAYBA-MUSHKIL:v1p221, ITQAN:v3p187, JISHUMI:v2p1070#2, JISHUMI:v2p1075
quotes 2:282: «ان تضل» in 20 segment(s): BURHAN:v1p332, BURHAN:v2p257, BURHAN:v2p495, BURHAN:v3p96, BURHAN:v4p95, BURHAN:v4p227, BURHAN:v4p297, DAMGHANI:v1p293, IBNJAWZI-NUZHA:v1p408, IBNQUTAYBA-GHARIB:v1p5, IBNQUTAYBA-MUSHKIL:v1p254, ITQAN:v2p453#2 …
quotes 2:282: «تضل احدياهما» in 0 segment(s): 
quotes 2:282: «احدياهما الاخريا» in 0 segment(s): 
quotes 2:282: «الاخريا ولا» in 0 segment(s): 
quotes 2:282: «ولا ياب» in 5 segment(s): ITQAN:v1p231, JISHUMI:v2p1070#2, JISHUMI:v2p1075, NASHR:v1p237, NASHR:v1p387
quotes 2:282: «ما دعوا» in 4 segment(s): ITQAN:v4p449, JISHUMI:v1p482, JISHUMI:v2p1070#2, JISHUMI:v2p1075
quotes 2:282: «دعوا ولا» in 1 segment(s): JISHUMI:v2p1070#2
quotes 2:282: «صغيرا او» in 5 segment(s): BINTSHATI-IJAZ:p448, BURHAN:v2p398, DAMGHANI:v1p396, IBNJAWZI-NUZHA:v1p519, JISHUMI:v2p1070#2
quotes 2:282: «او كبيرا» in 7 segment(s): BINTSHATI-IJAZ:p448, BURHAN:v2p398, DAMGHANI:v1p396, IBNJAWZI-NUZHA:v1p519, JISHUMI:v2p1070#2, JISHUMI:v2p1074, JISHUMI:v2p1077
quotes 2:282: «كبيرا اليا» in 0 segment(s): 
quotes 2:282: «اليا اجله» in 0 segment(s): 
quotes 2:282: «اجله ذالكم» in 0 segment(s): 
quotes 2:282: «ذالكم اقسط» in 0 segment(s): 
quotes 2:282: «الله واقوم» in 3 segment(s): BINTSHATI-IJAZ:p448, BURHAN:v4p169, JISHUMI:v2p1070#2
quotes 2:282: «تجاره حاضره» in 6 segment(s): DAMGHANI:v1p134, IBNJAWZI-NUZHA:v1p263, JISHUMI:v2p1070#2, JISHUMI:v2p1077, NASHR:v2p236, SAMARRAI-LAMASAT-HALAQAT:p859
quotes 2:282: «بينكم فليس» in 2 segment(s): JISHUMI:v2p1070#2, SAMARRAI-LAMASAT-HALAQAT:p859
quotes 2:282: «جناح الا» in 2 segment(s): JISHUMI:v2p1070#2, SAMARRAI-LAMASAT-HALAQAT:p859
quotes 2:282: «واشهدوا اذا» in 5 segment(s): IBNJAWZI-NUZHA:v1p194, ITQAN:v3p82, ITQAN:v3p218#2, JISHUMI:v2p1070#2, JISHUMI:v2p1077
quotes 2:282: «ولا شهيد» in 10 segment(s): BURHAN:v2p206, DAMGHANI:v1p359, IBNJAWZI-NUZHA:v1p377, ITQAN:v3p84, JISHUMI:v2p1070#2, JISHUMI:v2p1075, JISHUMI:v2p1077, NASHR:v2p227, SAMARRAI-ASRAR-MUH:p111, SAMARRAI-LAMASAT-HALAQAT:p560
quotes 2:282: «شهيد وان» in 2 segment(s): DAMGHANI:v1p359, JISHUMI:v2p1070#2
quotes 2:282: «وان تفعلوا» in 2 segment(s): JISHUMI:v2p1070#2, JISHUMI:v2p1077
quotes 2:282: «تفعلوا فانه» in 2 segment(s): DAMGHANI:v1p359, JISHUMI:v2p1070#2
quotes 2:282: «فانه فسوق» in 3 segment(s): DAMGHANI:v1p359, JISHUMI:v2p1070#2, JISHUMI:v2p1077
quotes 2:282: «فسوق بكم» in 3 segment(s): DAMGHANI:v1p359, JISHUMI:v2p1070#2, JISHUMI:v2p1077
quotes 2:282: «بكم واتقوا» in 1 segment(s): JISHUMI:v2p1070#2
quotes 2:282: «الله ويعلمكم» in 7 segment(s): BURHAN:v2p484, BURHAN:v2p490, BURHAN:v2p501, BURHAN:v4p142, ITQAN:v2p523#4, ITQAN:v3p194, JISHUMI:v2p1070#2
quotes 2:282: «ويعلمكم الله» in 8 segment(s): BURHAN:v2p484, BURHAN:v2p490, BURHAN:v2p501, BURHAN:v4p142, ITQAN:v2p523#4, ITQAN:v3p194, JISHUMI:v2p1070#2, JISHUMI:v2p1077
quotes 2:282: «الله والله بكل» in 4 segment(s): BURHAN:v2p484, BURHAN:v2p490, ITQAN:v3p194, JISHUMI:v2p1070#2
quotes 2:286: 77 unique window(s): اكتسبت | تواخذنا | نسينا | اخطانا | اصرا | تحملنا | واعف | فانصرنا | وسعها لها | كسبت وعليها | وعليها ما | ما اكتسبت | اكتسبت ربنا | لا تواخذنا | تواخذنا ان | ان نسينا | نسينا او | او اخطانا | اخطانا ربنا | ربنا ولا | ولا تحمل | تحمل علينا | علينا اصرا | اصرا كما | كما حملته | حملته علي | قبلنا ربنا | ربنا ولا | ولا تحملنا | تحملنا ما | لنا به | به واعف | واعف عنا | عنا واغفر | وارحمنا انت | انت موليانا | موليانا فانصرنا | فانصرنا علي | الا وسعها لها | وسعها لها ما | ما كسبت وعليها | كسبت وعليها ما | وعليها ما اكتسبت | ما اكتسبت ربنا | اكتسبت ربنا لا | ربنا لا تواخذنا | لا تواخذنا ان | تواخذنا ان نسينا | ان نسينا او | نسينا او اخطانا | او اخطانا ربنا | اخطانا ربنا ولا | ربنا ولا تحمل | ولا تحمل علينا | تحمل علينا اصرا | علينا اصرا كما | اصرا كما حملته | كما حملته علي | حملته علي الذين | الذين من قبلنا | من قبلنا ربنا | قبلنا ربنا ولا | ربنا ولا تحملنا | ولا تحملنا ما | تحملنا ما لا | ما لا طاقه | طاقه لنا به | لنا به واعف | به واعف عنا | واعف عنا واغفر | عنا واغفر لنا | واغفر لنا وارحمنا | لنا وارحمنا انت | وارحمنا انت موليانا | انت موليانا فانصرنا | موليانا فانصرنا علي | فانصرنا علي القوم
quotes 2:286: «اكتسبت» in 11 segment(s): BINTSHATI-IJAZ:p598, BURHAN:v2p55, BURHAN:v2p501, BURHAN:v3p34, BURHAN:v3p225, ITQAN:v3p236#3, JISHUMI:v2p1088#2, JISHUMI:v2p1089, JURJANI-ASRAR:v1p32, NASHR:v1p237, SAMARRAI-LAMASAT-HALAQAT:p1078
quotes 2:286: «تواخذنا» in 9 segment(s): BURHAN:v4p163, BURHAN:v4p353, DAMGHANI:v1p157, IBNJAWZI-NUZHA:v1p271, ITQAN:v2p500, JISHUMI:v2p1088#2, JISHUMI:v2p1089, JISHUMI:v2p1090, NASHR:v1p340
quotes 2:286: «نسينا» in 6 segment(s): BURHAN:v4p163, BURHAN:v4p353, DAMGHANI:v1p157, IBNJAWZI-NUZHA:v1p271, JISHUMI:v2p1088#2, JISHUMI:v2p1089
quotes 2:286: «اخطانا» in 7 segment(s): BURHAN:v4p163, BURHAN:v4p353, DAMGHANI:v1p157, DAMGHANI:v1p291, IBNJAWZI-NUZHA:v1p271, JISHUMI:v2p1088#2, JISHUMI:v2p1089
quotes 2:286: «اصرا» in 5 segment(s): FARRA:v1p489, IBNJAWZI-NUZHA:v1p92, JISHUMI:v2p1088#2, JISHUMI:v2p1089, NASHR:v2p93
quotes 2:286: «تحملنا» in 4 segment(s): BINTSHATI-IJAZ:p197, ITQAN:v4p491, JISHUMI:v2p1088#2, JISHUMI:v2p1089
quotes 2:286: «واعف» in 2 segment(s): JISHUMI:v2p1088#2, JISHUMI:v2p1089
quotes 2:286: «فانصرنا» in 8 segment(s): ITQAN:v1p229#2, JISHUMI:v2p1088#2, JISHUMI:v2p1089, JISHUMI:v2p1090, NASHR:v1p230, SAMARRAI-ASRAR:r12#3, SAMARRAI-ASRAR-MUH:p123, SAMARRAI-LAMASAT-HALAQAT:p571
quotes 2:286: «وسعها لها» in 2 segment(s): BURHAN:v3p225, JISHUMI:v2p1088#2
quotes 2:286: «كسبت وعليها» in 6 segment(s): BURHAN:v2p55, BURHAN:v3p34, BURHAN:v3p225, ITQAN:v3p236#3, JISHUMI:v2p1088#2, NASHR:v1p237
quotes 2:286: «وعليها ما» in 7 segment(s): BURHAN:v2p55, BURHAN:v3p34, BURHAN:v3p225, ITQAN:v3p236#3, JISHUMI:v2p1088#2, JISHUMI:v2p1089, NASHR:v1p237
quotes 2:286: «ربنا ولا» in 5 segment(s): BINTSHATI-IJAZ:p197, IBNJAWZI-NUZHA:v1p92, ITQAN:v4p491, JISHUMI:v2p1088#2, JISHUMI:v2p1089
quotes 2:286: «ولا تحمل» in 5 segment(s): FARRA:v1p489, IBNJAWZI-NUZHA:v1p92, JISHUMI:v2p1088#2, JISHUMI:v2p1089, SIBAWAYH:(هذابابينتصبفيهالخبربعدالأحرفالخمسة)#274
quotes 2:286: «تحمل علينا» in 4 segment(s): FARRA:v1p489, IBNJAWZI-NUZHA:v1p92, JISHUMI:v2p1088#2, JISHUMI:v2p1089
quotes 2:286: «كما حملته» in 3 segment(s): JISHUMI:v2p1088#2, JISHUMI:v2p1089, SIBAWAYH:ليستمنأمثلةالفعلالحادثولكنهابمنزلةالأسماءالمفردالتىكانت#97
quotes 2:286: «حملته علي» in 24 segment(s): BINTSHATI-IJAZ:p76, BURHAN:v3p365, ITQAN:v1p234, JISHUMI:v2p1088#2, JISHUMI:v2p1089, SIBAWAYH:وذلكالحرفما|تقولماعبداللهأخاكومازيدمنطلقا|وأمابنوتميم#38, SIBAWAYH:أىذلكفعلتجازفإنحملتهعلىالاسمالذىبنىعليهالفعلكانبمنزلته#54, SIBAWAYH:وذلكقولكزيدكممرةرأيتهوعبداللههللقيتهوعمروهلالقيتهوكذلك#63, SIBAWAYH:وهىحروفالنفىشبهوهابحروفالاستفهامحيثقدمالاسمقبلالفعللأنهن#67, SIBAWAYH:فيرتفعكماينتصبإذاشغلتالفعلبهوينتصبإذاشغلتالفعلبغيره#89, SIBAWAYH:ليستمنأمثلةالفعلالحادثولكنهابمنزلةالأسماءالمفردالتىكانت#97, SIBAWAYH:وذلكقولكإياكأنتنفسكأنتفعلوإياكنفسكأنتفعل|فإنعنيتالفاعل#109 …
quotes 2:286: «قبلنا ربنا» in 1 segment(s): JISHUMI:v2p1088#2
quotes 2:286: «ربنا ولا» in 5 segment(s): BINTSHATI-IJAZ:p197, IBNJAWZI-NUZHA:v1p92, ITQAN:v4p491, JISHUMI:v2p1088#2, JISHUMI:v2p1089
quotes 2:286: «لنا به» in 5 segment(s): BINTSHATI-IJAZ:p197, DAMGHANI:v1p365, ITQAN:v4p491, JISHUMI:v2p1088#2, JISHUMI:v2p1089
quotes 2:286: «عنا واغفر» in 2 segment(s): JISHUMI:v2p1088#2, JISHUMI:v2p1089
quotes 2:286: «وارحمنا انت» in 3 segment(s): ITQAN:v1p229#2, JISHUMI:v2p1088#2, NASHR:v1p230
quotes 2:286: «انت موليانا» in 0 segment(s): 
quotes 2:286: «الذين من قبلنا» in 9 segment(s): IBNHIBBAN:v1p350, IBNHIBBAN:5069, JISHUMI:v2p1088#2, JISHUMI:v2p1089, MUSLIM:329, MUSLIM:330, MUSNAD-AHMAD:2070, MUSNAD-AHMAD:9344, TIRMIDHI:2992
quotes 2:286: «ما لا طاقه» in 9 segment(s): BINTSHATI-IJAZ:p197, IBNHIBBAN:v1p350, ITQAN:v4p491, JISHUMI:v2p1088#2, JISHUMI:v2p1089, MUSLIM:329, MUSNAD-AHMAD:2070, MUSNAD-AHMAD:9344, TIRMIDHI:2992
quotes 2:286: «واغفر لنا وارحمنا» in 7 segment(s): IBNHIBBAN:v1p350, JISHUMI:v2p1088#2, MUSLIM:329, MUSLIM:330, MUSNAD-AHMAD:2070, MUSNAD-AHMAD:9344, TIRMIDHI:2992
quotes 3:35: 25 unique window(s): بطني | محررا | امرات عمران | عمران رب | نذرت لك | لك ما | في بطني | بطني محررا | محررا فتقبل | فتقبل مني | مني انك | اذ قالت امرات | قالت امرات عمران | امرات عمران رب | عمران رب اني | رب اني نذرت | اني نذرت لك | نذرت لك ما | لك ما في | ما في بطني | في بطني محررا | بطني محررا فتقبل | محررا فتقبل مني | فتقبل مني انك | مني انك انت
quotes 3:35: «بطني» in 5 segment(s): BURHAN:v2p118, BURHAN:v4p87, DAMGHANI:v1p431, JISHUMI:v1p565, RAZI-FULL:v1p27#2
quotes 3:35: «محررا» in 12 segment(s): BINTSHATI-IJAZ:p110, BURHAN:v2p118, BURHAN:v4p87, DAMGHANI:v1p431, IBNATIYYA-FULL:v1p34, ITQAN:v1p87, ITQAN:v3p59, ITQAN:v3p283, MAJAZ:v2p408, NASHR:v1p134, NASHR:v1p166, NASHR:v1p217
quotes 3:35: «امرات عمران» in 2 segment(s): BURHAN:v1p415, NASHR:v2p129#2
quotes 3:35: «عمران رب» in 2 segment(s): DAMGHANI:v1p178, DAMGHANI:v1p431
quotes 3:35: «نذرت لك» in 2 segment(s): BURHAN:v4p87, DAMGHANI:v1p431
quotes 3:35: «لك ما» in 22 segment(s): ALUSI-FULL:v1p32, BAQILLANI:v1p183, BAQILLANI:v1p192, BAQILLANI:v1p196, BAQILLANI:v1p230, BINTSHATI-IJAZ:p573, BURHAN:v1p29, BURHAN:v1p430, BURHAN:v4p63, BURHAN:v4p87, BURHAN:v4p278, DAMGHANI:v1p431 …
quotes 3:35: «فتقبل مني» in 0 segment(s): 
quotes 3:35: «مني انك» in 2 segment(s): NASHR:v2p167, NASHR:v2p246#2
quotes 3:35: «اذ قالت امرات» in 1 segment(s): NASHR:v2p129#2
quotes 3:35: «رب اني نذرت» in 3 segment(s): DAMGHANI:v1p431, IBNHISHAM:v1p579, NASHR:v2p179#2
quotes 3:37: 53 unique window(s): فتقبلها | بقبول | وانبتها | وكفلها | فتقبلها ربها | ربها بقبول | بقبول حسن | حسن وانبتها | وانبتها نباتا | نباتا حسنا | حسنا وكفلها | وكفلها زكريا | زكريا كلما | كلما دخل | دخل عليها | عليها زكريا | زكريا المحراب | المحراب وجد | وجد عندها | عندها رزقا | رزقا قال | قال يامريم | يامريم انيا | انيا لك | لك هاذا | هاذا قالت | قالت هو | الله يرزق | فتقبلها ربها بقبول | ربها بقبول حسن | بقبول حسن وانبتها | حسن وانبتها نباتا | وانبتها نباتا حسنا | نباتا حسنا وكفلها | حسنا وكفلها زكريا | وكفلها زكريا كلما | زكريا كلما دخل | كلما دخل عليها | دخل عليها زكريا | عليها زكريا المحراب | زكريا المحراب وجد | المحراب وجد عندها | وجد عندها رزقا | عندها رزقا قال | رزقا قال يامريم | قال يامريم انيا | يامريم انيا لك | انيا لك هاذا | لك هاذا قالت | هاذا قالت هو | قالت هو من | ان الله يرزق | الله يرزق من
quotes 3:37: «فتقبلها» in 6 segment(s): BURHAN:v2p398, MAJAZ:v2p436, RAZI-FULL:v1p67#2, SAMARRAI-ASRAR-MUH:p61, SAMARRAI-LAMASAT-HALAQAT:p512, SAMARRAI-LAMASAT-HALAQAT:p646
quotes 3:37: «بقبول» in 9 segment(s): BURHAN:v2p398, ITQAN:v3p305, JISHUMI:v1p714, JISHUMI:v2p1029, RAZI-FULL:v1p67#2, SAMARRAI-ASRAR-MUH:p61, SAMARRAI-LAMASAT:p148, SAMARRAI-LAMASAT-HALAQAT:p512, SAMARRAI-LAMASAT-HALAQAT:p646
quotes 3:37: «وانبتها» in 8 segment(s): DAMGHANI:v1p447, IBNJAWZI-NUZHA:v1p581, RAZI-FULL:v1p67#2, SAMARRAI-ASRAR-MUH:p61, SAMARRAI-ASRAR-MUH:p115, SAMARRAI-LAMASAT-HALAQAT:p512, SAMARRAI-LAMASAT-HALAQAT:p564, SAMARRAI-LAMASAT-HALAQAT:p646
quotes 3:37: «وكفلها» in 9 segment(s): BURHAN:v2p484, DAMGHANI:v1p405, FARRA:v1p491, ITQAN:v4p368, NASHR:v1p18#2, NASHR:v2p239, SAMARRAI-ASRAR-MUH:p61, SAMARRAI-LAMASAT-HALAQAT:p512, SAMARRAI-LAMASAT-HALAQAT:p646
quotes 3:37: «نباتا حسنا» in 9 segment(s): BURHAN:v2p145, DAMGHANI:v1p447, IBNJAWZI-NUZHA:v1p581, RAZI-FULL:v1p67#2, SAMARRAI-ASRAR-MUH:p61, SAMARRAI-ASRAR-MUH:p115, SAMARRAI-LAMASAT-HALAQAT:p512, SAMARRAI-LAMASAT-HALAQAT:p564, SAMARRAI-LAMASAT-HALAQAT:p646
quotes 3:37: «زكريا كلما» in 4 segment(s): BURHAN:v2p484, SAMARRAI-ASRAR-MUH:p61, SAMARRAI-LAMASAT-HALAQAT:p512, SAMARRAI-LAMASAT-HALAQAT:p646
quotes 3:37: «كلما دخل» in 6 segment(s): BURHAN:v2p484, NASHR:v2p63#2, NASHR:v2p154, SAMARRAI-ASRAR-MUH:p61, SAMARRAI-LAMASAT-HALAQAT:p512, SAMARRAI-LAMASAT-HALAQAT:p646
quotes 3:37: «دخل عليها» in 12 segment(s): BAQILLANI:v1p175, BURHAN:v2p484, BURHAN:v4p390, ITQAN:v2p479#2, JURJANI-DALAIL:v1p167, NASHR:v2p63#2, NASHR:v2p152, NASHR:v2p153, NASHR:v2p154, SAMARRAI-ASRAR-MUH:p61, SAMARRAI-LAMASAT-HALAQAT:p512, SAMARRAI-LAMASAT-HALAQAT:p646
quotes 3:37: «عليها زكريا» in 5 segment(s): BURHAN:v2p484, NASHR:v2p63#2, SAMARRAI-ASRAR-MUH:p61, SAMARRAI-LAMASAT-HALAQAT:p512, SAMARRAI-LAMASAT-HALAQAT:p646
quotes 3:37: «زكريا المحراب» in 5 segment(s): BURHAN:v2p484, NASHR:v2p63#2, SAMARRAI-ASRAR-MUH:p61, SAMARRAI-LAMASAT-HALAQAT:p512, SAMARRAI-LAMASAT-HALAQAT:p646
quotes 3:37: «المحراب وجد» in 3 segment(s): SAMARRAI-ASRAR-MUH:p61, SAMARRAI-LAMASAT-HALAQAT:p512, SAMARRAI-LAMASAT-HALAQAT:p646
quotes 3:37: «وجد عندها» in 5 segment(s): DAMGHANI:v1p202, IBNJAWZI-NUZHA:v1p324, SAMARRAI-ASRAR-MUH:p61, SAMARRAI-LAMASAT-HALAQAT:p512, SAMARRAI-LAMASAT-HALAQAT:p646
quotes 3:37: «عندها رزقا» in 5 segment(s): DAMGHANI:v1p202, IBNJAWZI-NUZHA:v1p324, SAMARRAI-ASRAR-MUH:p61, SAMARRAI-LAMASAT-HALAQAT:p512, SAMARRAI-LAMASAT-HALAQAT:p646
quotes 3:37: «رزقا قال» in 4 segment(s): ITQAN:v2p553, SAMARRAI-ASRAR-MUH:p61, SAMARRAI-LAMASAT-HALAQAT:p512, SAMARRAI-LAMASAT-HALAQAT:p646
quotes 3:37: «قال يامريم» in 0 segment(s): 
quotes 3:37: «يامريم انيا» in 0 segment(s): 
quotes 3:37: «انيا لك» in 0 segment(s): 
quotes 3:37: «لك هاذا» in 0 segment(s): 
quotes 3:37: «هاذا قالت» in 0 segment(s): 
quotes 3:37: «قالت هو» in 3 segment(s): SAMARRAI-ASRAR-MUH:p61, SAMARRAI-LAMASAT-HALAQAT:p512, SAMARRAI-LAMASAT-HALAQAT:p646
quotes 3:37: «الله يرزق» in 3 segment(s): SAMARRAI-ASRAR-MUH:p61, SAMARRAI-LAMASAT-HALAQAT:p512, SAMARRAI-LAMASAT-HALAQAT:p646
quotes 3:44: 15 unique window(s): اقلامهم | يكفل | اذ يلقون | يلقون اقلامهم | اقلامهم ايهم | ايهم يكفل | يكفل مريم | لديهم اذ يلقون | اذ يلقون اقلامهم | يلقون اقلامهم ايهم | اقلامهم ايهم يكفل | ايهم يكفل مريم | يكفل مريم وما | مريم وما كنت | لديهم اذ يختصمون
quotes 3:44: «اقلامهم» in 4 segment(s): DAMGHANI:v1p389, DAMGHANI:v1p418, IBNJAWZI-NUZHA:v1p481#2, ITQAN:v2p482
quotes 3:44: «يكفل» in 6 segment(s): DAMGHANI:v1p389, DAMGHANI:v1p405, DAMGHANI:v1p418, ITQAN:v2p482, MAJAZ:v2p439#2, YKHULI-TAJDID:c4
quotes 3:44: «اذ يلقون» in 3 segment(s): DAMGHANI:v1p389, IBNJAWZI-NUZHA:v1p481#2, ITQAN:v2p482
quotes 3:44: «مريم وما كنت» in 1 segment(s): ITQAN:v2p482
quotes 3:44: «لديهم اذ يختصمون» in 2 segment(s): IBNHISHAM:v1p580#2, ITQAN:v2p482
quotes 3:79: 37 unique window(s): ربانين | ان يوتيه | يوتيه الله | الله الكتاب | والنبوه ثم | يقول للناس | للناس كونوا | كونوا عبادا | عبادا لي | ولاكن كونوا | كونوا ربانين | ربانين بما | تعلمون الكتاب | الكتاب وبما | كنتم تدرسون | ما كان لبشر | لبشر ان يوتيه | ان يوتيه الله | يوتيه الله الكتاب | الله الكتاب والحكم | والحكم والنبوه ثم | والنبوه ثم يقول | ثم يقول للناس | يقول للناس كونوا | للناس كونوا عبادا | كونوا عبادا لي | عبادا لي من | لي من دون | الله ولاكن كونوا | ولاكن كونوا ربانين | كونوا ربانين بما | ربانين بما كنتم | بما كنتم تعلمون | كنتم تعلمون الكتاب | تعلمون الكتاب وبما | الكتاب وبما كنتم | وبما كنتم تدرسون
quotes 3:79: «ربانين» in 0 segment(s): 
quotes 3:79: «ان يوتيه» in 4 segment(s): BURHAN:v3p81, DAMGHANI:v1p410, IBNJAWZI-NUZHA:v1p517, SIBAWAYH:فالحروفالتيتشركالواووالفاءوثموأووذلكقولكأريدأنتأتينيثم#480
quotes 3:79: «يوتيه الله» in 9 segment(s): BURHAN:v3p81, BURHAN:v4p93#2, DAMGHANI:v1p410, IBNASHUR-FULL:v1p31, IBNJAWZI-NUZHA:v1p517, JISHUMI:v2p980, JISHUMI:v2p1040#2, NASHR:v2p235, SIBAWAYH:فالحروفالتيتشركالواووالفاءوثموأووذلكقولكأريدأنتأتينيثم#480
quotes 3:79: «الله الكتاب» in 6 segment(s): BURHAN:v3p81, DAMGHANI:v1p410, IBNJAWZI-NUZHA:v1p517, IBNKATHIR-FULL:v1p65#2, JISHUMI:v1p856, SIBAWAYH:فالحروفالتيتشركالواووالفاءوثموأووذلكقولكأريدأنتأتينيثم#480
quotes 3:79: «والنبوه ثم» in 4 segment(s): BURHAN:v3p81, DAMGHANI:v1p410, IBNJAWZI-NUZHA:v1p517, SIBAWAYH:فالحروفالتيتشركالواووالفاءوثموأووذلكقولكأريدأنتأتينيثم#480
quotes 3:79: «يقول للناس» in 4 segment(s): BURHAN:v3p81, DAMGHANI:v1p410, IBNJAWZI-NUZHA:v1p517, SIBAWAYH:فالحروفالتيتشركالواووالفاءوثموأووذلكقولكأريدأنتأتينيثم#480
quotes 3:79: «للناس كونوا» in 4 segment(s): BURHAN:v3p81, DAMGHANI:v1p410, IBNJAWZI-NUZHA:v1p517, SIBAWAYH:فالحروفالتيتشركالواووالفاءوثموأووذلكقولكأريدأنتأتينيثم#480
quotes 3:79: «كونوا عبادا» in 4 segment(s): BURHAN:v3p81, DAMGHANI:v1p410, IBNJAWZI-NUZHA:v1p517, SIBAWAYH:فالحروفالتيتشركالواووالفاءوثموأووذلكقولكأريدأنتأتينيثم#480
quotes 3:79: «عبادا لي» in 4 segment(s): BURHAN:v3p81, DAMGHANI:v1p410, IBNJAWZI-NUZHA:v1p517, SIBAWAYH:فالحروفالتيتشركالواووالفاءوثموأووذلكقولكأريدأنتأتينيثم#480
quotes 3:79: «ولاكن كونوا» in 0 segment(s): 
quotes 3:79: «تعلمون الكتاب» in 3 segment(s): BURHAN:v3p81, FARRA:v1p491, NASHR:v2p240
quotes 3:79: «الكتاب وبما» in 1 segment(s): BURHAN:v3p81
quotes 3:79: «كنتم تدرسون» in 2 segment(s): BURHAN:v3p81, NASHR:v2p135
quotes 3:79: «ما كان لبشر» in 7 segment(s): BURHAN:v3p81, DAMGHANI:v1p410, HAMASA:v1p350, IBNHISHAM:v1p554, IBNJAWZI-NUZHA:v1p517, SIBAWAYH:فالحروفالتيتشركالواووالفاءوثموأووذلكقولكأريدأنتأتينيثم#480, TIRMIDHI:3068
quotes 3:79: «لي من دون» in 5 segment(s): BURHAN:v3p81, DAMGHANI:v1p410, IBNHISHAM:v1p554, IBNJAWZI-NUZHA:v1p517, SIBAWAYH:فالحروفالتيتشركالواووالفاءوثموأووذلكقولكأريدأنتأتينيثم#480
quotes 3:79: «بما كنتم تعلمون» in 2 segment(s): BURHAN:v3p81, IBNHISHAM:v1p554
quotes 3:83: 15 unique window(s): افغير دين | الله يبغون | يبغون وله | وله اسلم | اسلم من | وكرها واليه | واليه يرجعون | افغير دين الله | دين الله يبغون | الله يبغون وله | يبغون وله اسلم | وله اسلم من | اسلم من في | طوعا وكرها واليه | وكرها واليه يرجعون
quotes 3:83: «افغير دين» in 6 segment(s): BURHAN:v1p100, BURHAN:v2p342, ITQAN:v3p141, ITQAN:v3p261, ITQAN:v4p436, SAMARRAI-ASRAR:r7#7
quotes 3:83: «الله يبغون» in 6 segment(s): BURHAN:v1p100, BURHAN:v2p342, ITQAN:v3p141, ITQAN:v3p261, ITQAN:v4p436, SAMARRAI-ASRAR:r7#7
quotes 3:83: «يبغون وله» in 2 segment(s): ITQAN:v4p436, SAMARRAI-ASRAR:r7#7
quotes 3:83: «وله اسلم» in 8 segment(s): BURHAN:v2p131, DAMGHANI:v1p244, IBNJAWZI-NUZHA:v1p136, IBNQUTAYBA-MUSHKIL:v1p237, IBNQUTAYBA-MUSHKIL:v1p262#2, ITQAN:v4p436, ITQAN:v4p505, SAMARRAI-ASRAR:r7#7
quotes 3:83: «اسلم من» in 13 segment(s): BAQILLANI:v1p222, BURHAN:v1p203, BURHAN:v2p131, BURHAN:v2p242, DAMGHANI:v1p57, DAMGHANI:v1p244, IBNJAWZI-NUZHA:v1p136, IBNQUTAYBA-MUSHKIL:v1p237, IBNQUTAYBA-MUSHKIL:v1p262#2, ITQAN:v4p436, ITQAN:v4p505, NASHR:v2p202 …
quotes 3:83: «وكرها واليه» in 3 segment(s): IBNQUTAYBA-MUSHKIL:v1p237, ITQAN:v4p436, SAMARRAI-ASRAR:r7#7
quotes 3:83: «واليه يرجعون» in 4 segment(s): IBNQUTAYBA-MUSHKIL:v1p237, ITQAN:v4p436, NASHR:v2p369, SAMARRAI-ASRAR:r7#7
quotes 4:1: 34 unique window(s): تسالون | والارحام | واحده وخلق | وخلق منها | زوجها وبث | وبث منهما | منهما رجالا | رجالا كثيرا | كثيرا ونسا | ونسا واتقوا | الذي تسالون | تسالون به | به والارحام | والارحام ان | كان عليكم | عليكم رقيبا | اتقوا ربكم الذي | نفس واحده وخلق | واحده وخلق منها | وخلق منها زوجها | منها زوجها وبث | زوجها وبث منهما | وبث منهما رجالا | منهما رجالا كثيرا | رجالا كثيرا ونسا | كثيرا ونسا واتقوا | ونسا واتقوا الله | الله الذي تسالون | الذي تسالون به | تسالون به والارحام | به والارحام ان | والارحام ان الله | الله كان عليكم | كان عليكم رقيبا
quotes 4:1: «تسالون» in 23 segment(s): BAQILLANI:v1p22, BINTSHATI-IJAZ:p174, BINTSHATI-IJAZ:p461, BURHAN:v1p260#2, BURHAN:v2p312, BURHAN:v3p106, BURHAN:v3p111, BURHAN:v4p113, BURHAN:v4p280, DAMGHANI:v1p198, IBNATIYYA-FULL:v1p37, ITQAN:v2p543#2 …
quotes 4:1: «والارحام» in 17 segment(s): BURHAN:v1p260#2, BURHAN:v1p318, BURHAN:v1p321, BURHAN:v2p120, BURHAN:v3p106, BURHAN:v3p111, BURHAN:v4p113, DAMGHANI:v1p198, ITQAN:v1p203, ITQAN:v2p543#2, ITQAN:v2p583#3, ITQAN:v3p154 …
quotes 4:1: «واحده وخلق» in 5 segment(s): BURHAN:v1p260#2, BURHAN:v1p366, BURHAN:v2p466, ITQAN:v3p298, SAMARRAI-ASRAR:r10
quotes 4:1: «وخلق منها» in 7 segment(s): BURHAN:v1p260#2, BURHAN:v1p366, BURHAN:v2p466, BURHAN:v4p130, IBNQUTAYBA-MUSHKIL:v1p270#2, ITQAN:v3p298, SAMARRAI-ASRAR:r10
quotes 4:1: «زوجها وبث» in 3 segment(s): BURHAN:v1p366, BURHAN:v2p466, SAMARRAI-ASRAR:r10
quotes 4:1: «وبث منهما» in 6 segment(s): BURHAN:v1p366, BURHAN:v2p466, DAMGHANI:v1p191, IBNJAWZI-NUZHA:v1p326, ITQAN:v4p396, SAMARRAI-ASRAR:r10
quotes 4:1: «منهما رجالا» in 7 segment(s): BURHAN:v1p366, BURHAN:v2p466, DAMGHANI:v1p191, IBNJAWZI-NUZHA:v1p326, ITQAN:v3p298, ITQAN:v4p396, SAMARRAI-ASRAR:r10
quotes 4:1: «رجالا كثيرا» in 7 segment(s): BURHAN:v1p366, BURHAN:v2p466, BURHAN:v3p252, DAMGHANI:v1p191, IBNJAWZI-NUZHA:v1p326, ITQAN:v4p396, SAMARRAI-ASRAR:r10
quotes 4:1: «كثيرا ونسا» in 6 segment(s): BURHAN:v1p366, BURHAN:v2p466, BURHAN:v3p252, DAMGHANI:v1p191, ITQAN:v4p396, SAMARRAI-ASRAR:r10
quotes 4:1: «ونسا واتقوا» in 1 segment(s): SAMARRAI-ASRAR:r10
quotes 4:1: «كان عليكم» in 3 segment(s): BURHAN:v4p113, IBNJAWZI-NUZHA:v1p310, SAMARRAI-ASRAR:r10
quotes 4:1: «عليكم رقيبا» in 3 segment(s): BURHAN:v4p113, IBNJAWZI-NUZHA:v1p310, SAMARRAI-ASRAR:r10
quotes 4:1: «اتقوا ربكم الذي» in 10 segment(s): BURHAN:v1p366, IBNHIBBAN:3308, IBNHIBBAN:v8p101#2, ITQAN:v3p298, MUSLIM:2351, MUSNAD-AHMAD:3720, MUSNAD-AHMAD:19174, NASAI:1404, NASAI:2554, SAMARRAI-ASRAR:r10
quotes 4:6: 74 unique window(s): وابتلوا | انستم | فادفعوا | تاكلوها | اسرافا | وبدارا | يكبروا | فليستعفف | فلياكل | دفعتم | وابتلوا اليتاميا | اليتاميا حتيا | اذا بلغوا | بلغوا النكاح | النكاح فان | فان انستم | انستم منهم | منهم رشدا | رشدا فادفعوا | فادفعوا اليهم | اليهم اموالهم | ولا تاكلوها | تاكلوها اسرافا | اسرافا وبدارا | وبدارا ان | ان يكبروا | يكبروا ومن | كان غنيا | غنيا فليستعفف | فليستعفف ومن | كان فقيرا | فقيرا فلياكل | فلياكل بالمعروف | بالمعروف فاذا | فاذا دفعتم | دفعتم اليهم | اليهم اموالهم | اموالهم فاشهدوا | فاشهدوا عليهم | عليهم وكفيا | وابتلوا اليتاميا حتيا | اليتاميا حتيا اذا | حتيا اذا بلغوا | اذا بلغوا النكاح | بلغوا النكاح فان | النكاح فان انستم | فان انستم منهم | انستم منهم رشدا | منهم رشدا فادفعوا | رشدا فادفعوا اليهم | فادفعوا اليهم اموالهم | اليهم اموالهم ولا | اموالهم ولا تاكلوها | ولا تاكلوها اسرافا | تاكلوها اسرافا وبدارا | اسرافا وبدارا ان | وبدارا ان يكبروا | ان يكبروا ومن | يكبروا ومن كان | ومن كان غنيا | كان غنيا فليستعفف | غنيا فليستعفف ومن | فليستعفف ومن كان | ومن كان فقيرا | كان فقيرا فلياكل | فقيرا فلياكل بالمعروف | فلياكل بالمعروف فاذا | بالمعروف فاذا دفعتم | فاذا دفعتم اليهم | دفعتم اليهم اموالهم | اليهم اموالهم فاشهدوا | اموالهم فاشهدوا عليهم | فاشهدوا عليهم وكفيا | عليهم وكفيا بالله
quotes 4:6: «وابتلوا» in 5 segment(s): BINTSHATI-IJAZ:p218, DAMGHANI:v1p462, IBNJAWZI-NUZHA:v1p590, IBNQUTAYBA-MUSHKIL:v1p258#2, ITQAN:v2p307#2
quotes 4:6: «انستم» in 6 segment(s): BINTSHATI-IJAZ:p218, DAMGHANI:v1p204, FARRA:v1p493, IBNQUTAYBA-MUSHKIL:v1p258#2, ITQAN:v2p307#2, NASHR:v2p311
quotes 4:6: «فادفعوا» in 1 segment(s): BINTSHATI-IJAZ:p218
quotes 4:6: «تاكلوها» in 3 segment(s): DAMGHANI:v1p235, IBNJAWZI-NUZHA:v1p363, JISHUMI:v1p781
quotes 4:6: «اسرافا» in 4 segment(s): DAMGHANI:v1p235, IBNJAWZI-NUZHA:v1p363, MAJAZ:v2p419, NASHR:v1p327
quotes 4:6: «وبدارا» in 2 segment(s): IBNJAWZI-NUZHA:v1p363, NASHR:v2p91
quotes 4:6: «يكبروا» in 2 segment(s): BURHAN:v1p472#2, SAMARRAI-LAMASAT:p146
quotes 4:6: «فليستعفف» in 1 segment(s): DAMGHANI:v1p322
quotes 4:6: «فلياكل» in 3 segment(s): DAMGHANI:v1p322, IBNJAWZI-NUZHA:v1p574, MAJAZ:v2p399
quotes 4:6: «دفعتم» in 2 segment(s): ITQAN:v3p82, JISHUMI:v1p821
quotes 4:6: «اليتاميا حتيا» in 0 segment(s): 
quotes 4:6: «اذا بلغوا» in 9 segment(s): BINTSHATI-IJAZ:p218, BURHAN:v1p108, BURHAN:v1p450, BURHAN:v4p438, DAMGHANI:v1p462, IBNJAWZI-NUZHA:v1p590, IBNQUTAYBA-MUSHKIL:v1p258#2, ITQAN:v2p418, NASHR:v2p416
quotes 4:6: «بلغوا النكاح» in 6 segment(s): BINTSHATI-IJAZ:p218, BURHAN:v1p108, DAMGHANI:v1p462, IBNJAWZI-NUZHA:v1p590, IBNQUTAYBA-MUSHKIL:v1p258#2, ITQAN:v2p418
quotes 4:6: «النكاح فان» in 2 segment(s): BINTSHATI-IJAZ:p218, IBNQUTAYBA-MUSHKIL:v1p258#2
quotes 4:6: «منهم رشدا» in 5 segment(s): BINTSHATI-IJAZ:p218, DAMGHANI:v1p204, FARRA:v1p493, IBNQUTAYBA-MUSHKIL:v1p258#2, NASHR:v2p311
quotes 4:6: «اليهم اموالهم» in 2 segment(s): BINTSHATI-IJAZ:p218, ITQAN:v3p82
quotes 4:6: «كان غنيا» in 3 segment(s): DAMGHANI:v1p322, RAZI-FULL:v1p55, SAMARRAI-LAMASAT-HALAQAT:p97
quotes 4:6: «كان فقيرا» in 2 segment(s): DAMGHANI:v1p322, IBNJAWZI-NUZHA:v1p574
quotes 4:6: «بالمعروف فاذا» in 1 segment(s): SAMARRAI-LAMASAT-HALAQAT:p858
quotes 4:6: «اليهم اموالهم» in 2 segment(s): BINTSHATI-IJAZ:p218, ITQAN:v3p82
quotes 4:6: «اموالهم فاشهدوا» in 1 segment(s): ITQAN:v3p82
quotes 4:6: «فاشهدوا عليهم» in 1 segment(s): ITQAN:v3p82
quotes 4:6: «عليهم وكفيا» in 0 segment(s): 
quotes 4:23: 102 unique window(s): وبناتكم | واخواتكم | وعماتكم | وخالاتكم | الاخ | الاخت | وامهاتكم | ارضعنكم | واخواتكم | وامهات | وربايبكم | حجوركم | وحلايل | ابنايكم | اصلابكم | تجمعوا | الاختين | عليكم امهاتكم | امهاتكم وبناتكم | وبناتكم واخواتكم | واخواتكم وعماتكم | وعماتكم وخالاتكم | وخالاتكم وبنات | وبنات الاخ | الاخ وبنات | وبنات الاخت | الاخت وامهاتكم | وامهاتكم الاتي | الاتي ارضعنكم | ارضعنكم واخواتكم | واخواتكم من | من الرضاعه | الرضاعه وامهات | وامهات نسايكم | نسايكم وربايبكم | وربايبكم الاتي | الاتي في | في حجوركم | حجوركم من | نسايكم الاتي | الاتي دخلتم | دخلتم بهن | بهن فان | تكونوا دخلتم | دخلتم بهن | بهن فلا | عليكم وحلايل | وحلايل ابنايكم | ابنايكم الذين | من اصلابكم | اصلابكم وان | وان تجمعوا | تجمعوا بين | بين الاختين | الاختين الا | سلف ان | حرمت عليكم امهاتكم | عليكم امهاتكم وبناتكم | امهاتكم وبناتكم واخواتكم | وبناتكم واخواتكم وعماتكم | واخواتكم وعماتكم وخالاتكم | وعماتكم وخالاتكم وبنات | وخالاتكم وبنات الاخ | وبنات الاخ وبنات | الاخ وبنات الاخت | وبنات الاخت وامهاتكم | الاخت وامهاتكم الاتي | وامهاتكم الاتي ارضعنكم | الاتي ارضعنكم واخواتكم | ارضعنكم واخواتكم من | واخواتكم من الرضاعه | من الرضاعه وامهات | الرضاعه وامهات نسايكم | وامهات نسايكم وربايبكم | نسايكم وربايبكم الاتي | وربايبكم الاتي في | الاتي في حجوركم | في حجوركم من | حجوركم من نسايكم | من نسايكم الاتي | نسايكم الاتي دخلتم | الاتي دخلتم بهن | دخلتم بهن فان | بهن فان لم | فان لم تكونوا | لم تكونوا دخلتم | تكونوا دخلتم بهن | دخلتم بهن فلا | بهن فلا جناح | جناح عليكم وحلايل | عليكم وحلايل ابنايكم | وحلايل ابنايكم الذين | ابنايكم الذين من | الذين من اصلابكم | من اصلابكم وان | اصلابكم وان تجمعوا | وان تجمعوا بين | تجمعوا بين الاختين | بين الاختين الا | الاختين الا ما | قد سلف ان | سلف ان الله
quotes 4:23: «وبناتكم» in 2 segment(s): BAQILLANI:v1p206, NASHR:v1p236
quotes 4:23: «واخواتكم» in 2 segment(s): BAQILLANI:v1p206, NASHR:v1p236
quotes 4:23: «وعماتكم» in 2 segment(s): BAQILLANI:v1p206, BURHAN:v1p364
quotes 4:23: «وخالاتكم» in 2 segment(s): BAQILLANI:v1p206, BURHAN:v1p364
quotes 4:23: «الاخ» in 34 segment(s): BURHAN:v1p118, BURHAN:v1p364, BURHAN:v2p110, BURHAN:v2p248, BURHAN:v2p453, BURHAN:v2p488, BURHAN:v4p17, BURHAN:v4p428, DAMGHANI:v1p23, DAMGHANI:v1p25, DAMGHANI:v1p271, DAMGHANI:v1p274 …
quotes 4:23: «الاخت» in 4 segment(s): BURHAN:v1p364, IBNASHUR-FULL:v1p24, ITQAN:v1p229#3, JISHUMI:v1p914
quotes 4:23: «وامهاتكم» in 2 segment(s): DAMGHANI:v1p42, IBNJAWZI-NUZHA:v1p140
quotes 4:23: «ارضعنكم» in 2 segment(s): DAMGHANI:v1p42, IBNJAWZI-NUZHA:v1p140
quotes 4:23: «واخواتكم» in 2 segment(s): BAQILLANI:v1p206, NASHR:v1p236
quotes 4:23: «وامهات» in 3 segment(s): BAQILLANI:v1p153, BAQILLANI:v1p284, BURHAN:v2p17
quotes 4:23: «وربايبكم» in 8 segment(s): BINTSHATI-IJAZ:p594, BURHAN:v2p17, BURHAN:v2p22, BURHAN:v3p38, DAMGHANI:v1p116, DAMGHANI:v1p189, ITQAN:v3p43, ITQAN:v3p85#2
quotes 4:23: «حجوركم» in 7 segment(s): BINTSHATI-IJAZ:p594, BURHAN:v2p22, BURHAN:v3p38, DAMGHANI:v1p116, DAMGHANI:v1p189, ITQAN:v3p43, ITQAN:v3p85#2
quotes 4:23: «وحلايل» in 1 segment(s): BURHAN:v2p21
quotes 4:23: «ابنايكم» in 2 segment(s): BURHAN:v2p21, NASHR:v1p461
quotes 4:23: «اصلابكم» in 2 segment(s): BURHAN:v2p21, NASHR:v2p111
quotes 4:23: «تجمعوا» in 5 segment(s): BURHAN:v2p49, BURHAN:v4p144, DAMGHANI:v1p242, ITQAN:v3p47, JURJANI-ASRAR:v1p202
quotes 4:23: «الاختين» in 4 segment(s): BURHAN:v2p49, BURHAN:v2p188, DAMGHANI:v1p242, ITQAN:v3p47
quotes 4:23: «عليكم امهاتكم» in 14 segment(s): BAQILLANI:v1p206, BURHAN:v1p350, BURHAN:v2p17, BURHAN:v2p222, BURHAN:v4p3, IBNASHUR-FULL:v1p77, ITQAN:v1p223, ITQAN:v2p568#2, ITQAN:v3p42, ITQAN:v3p44, ITQAN:v3p52, ITQAN:v3p165 …
quotes 4:23: «من الرضاعه» in 3 segment(s): BAQILLANI:v1p207, BURHAN:v1p199, SAMARRAI-LAMASAT-HALAQAT:p1068
quotes 4:23: «الاتي في» in 2 segment(s): BURHAN:v2p509, SUYUTI-TANASUQ:v1p71
quotes 4:23: «نسايكم الاتي» in 0 segment(s): 
quotes 4:23: «الاتي دخلتم» in 0 segment(s): 
quotes 4:23: «دخلتم بهن» in 4 segment(s): BURHAN:v3p38, DAMGHANI:v1p189, ITQAN:v3p43, SAMARRAI-LAMASAT-HALAQAT:p858
quotes 4:23: «بهن فان» in 0 segment(s): 
quotes 4:23: «تكونوا دخلتم» in 2 segment(s): BURHAN:v3p38, SAMARRAI-LAMASAT-HALAQAT:p858
quotes 4:23: «دخلتم بهن» in 4 segment(s): BURHAN:v3p38, DAMGHANI:v1p189, ITQAN:v3p43, SAMARRAI-LAMASAT-HALAQAT:p858
quotes 4:23: «بهن فلا» in 2 segment(s): BURHAN:v3p38, SAMARRAI-LAMASAT-HALAQAT:p858
quotes 4:23: «سلف ان» in 0 segment(s): 
quotes 4:23: «فان لم تكونوا» in 11 segment(s): BUKHARI:433, BUKHARI:4702, BURHAN:v3p38, IBNHISHAM:v1p94, MUSLIM:7464, MUSNAD-AHMAD:4561, MUSNAD-AHMAD:5225, MUSNAD-AHMAD:5404, MUSNAD-AHMAD:5441, MUSNAD-AHMAD:5931, SAMARRAI-LAMASAT-HALAQAT:p858
quotes 4:28: 10 unique window(s): ان يخفف | يخفف عنكم | عنكم وخلق | وخلق الانسان | الانسان ضعيفا | الله ان يخفف | ان يخفف عنكم | يخفف عنكم وخلق | عنكم وخلق الانسان | وخلق الانسان ضعيفا
quotes 4:28: «ان يخفف» in 7 segment(s): BURHAN:v4p223, DAMGHANI:v1p157, IBNASHUR-FULL:v1p122, ITQAN:v4p429, NASHR:v1p286, NASHR:v1p488, SAMARRAI-LAMASAT:p154
quotes 4:28: «يخفف عنكم» in 5 segment(s): BURHAN:v4p223, DAMGHANI:v1p157, IBNASHUR-FULL:v1p122, ITQAN:v4p429, SAMARRAI-LAMASAT:p154
quotes 4:28: «عنكم وخلق» in 2 segment(s): IBNASHUR-FULL:v1p122, SAMARRAI-LAMASAT:p154
quotes 4:28: «وخلق الانسان» in 9 segment(s): BURHAN:v3p143, BURHAN:v3p289, BURHAN:v4p88, DAMGHANI:v1p289, IBNASHUR-FULL:v1p122, IBNJAWZI-NUZHA:v1p405, ITQAN:v2p439, ITQAN:v4p495, SAMARRAI-LAMASAT:p154
quotes 4:28: «الانسان ضعيفا» in 8 segment(s): BURHAN:v3p143, BURHAN:v3p289, BURHAN:v4p88, DAMGHANI:v1p289, IBNASHUR-FULL:v1p122, IBNJAWZI-NUZHA:v1p405, ITQAN:v2p439, SAMARRAI-LAMASAT:p154
quotes 4:105: 19 unique window(s): لتحكم | للخاينين | خصيما | بالحق لتحكم | لتحكم بين | بما ارياك | ارياك الله | تكن للخاينين | للخاينين خصيما | الكتاب بالحق لتحكم | بالحق لتحكم بين | لتحكم بين الناس | بين الناس بما | الناس بما ارياك | بما ارياك الله | ارياك الله ولا | الله ولا تكن | ولا تكن للخاينين | تكن للخاينين خصيما
quotes 4:105: «لتحكم» in 8 segment(s): DAMGHANI:v1p186, IBNASHUR-FULL:v1p36, IBNASHUR-FULL:v1p40, IBNJAWZI-NUZHA:v1p319, IBNKATHIR-FULL:v1p6, IBNQUTAYBA-MUSHKIL:v1p271, ITQAN:v4p467, JURJANI-ASRAR:v1p321
quotes 4:105: «للخاينين» in 4 segment(s): BURHAN:v4p340, DAMGHANI:v1p166, IBNJAWZI-NUZHA:v1p281, IBNKATHIR-FULL:v1p6
quotes 4:105: «خصيما» in 4 segment(s): BURHAN:v4p340, DAMGHANI:v1p166, IBNJAWZI-NUZHA:v1p281, IBNKATHIR-FULL:v1p6
quotes 4:105: «بما ارياك» in 0 segment(s): 
quotes 4:105: «ارياك الله» in 0 segment(s): 
quotes 4:105: «بين الناس بما» in 8 segment(s): DAMGHANI:v1p186, IBNASHUR-FULL:v1p36, IBNASHUR-FULL:v1p40, IBNJAWZI-NUZHA:v1p319, IBNKATHIR-FULL:v1p6, IBNQUTAYBA-MUSHKIL:v1p271, ITQAN:v4p467, TIRMIDHI:3036
quotes 4:105: «الله ولا تكن» in 2 segment(s): IBNKATHIR-FULL:v1p6, TIRMIDHI:3036
quotes 4:113: 45 unique window(s): لهمت | يضرونك | وعلمك | عليك ورحمته | ورحمته لهمت | لهمت طايفه | ان يضلوك | يضلوك وما | وما يضرونك | يضرونك من | شي وانزل | وانزل الله | والحكمه وعلمك | وعلمك ما | تكن تعلم | تعلم وكان | وكان فضل | عليك عظيما | فضل الله عليك | الله عليك ورحمته | عليك ورحمته لهمت | ورحمته لهمت طايفه | لهمت طايفه منهم | طايفه منهم ان | منهم ان يضلوك | ان يضلوك وما | يضلوك وما يضلون | انفسهم وما يضرونك | وما يضرونك من | يضرونك من شي | من شي وانزل | شي وانزل الله | وانزل الله عليك | الله عليك الكتاب | عليك الكتاب والحكمه | الكتاب والحكمه وعلمك | والحكمه وعلمك ما | وعلمك ما لم | ما لم تكن | لم تكن تعلم | تكن تعلم وكان | تعلم وكان فضل | وكان فضل الله | فضل الله عليك | الله عليك عظيما
quotes 4:113: «لهمت» in 4 segment(s): BURHAN:v3p184, DAMGHANI:v1p291, IBNJAWZI-NUZHA:v1p406, ITQAN:v4p397
quotes 4:113: «يضرونك» in 0 segment(s): 
quotes 4:113: «وعلمك» in 5 segment(s): BURHAN:v3p53, IBNJAWZI-NUZHA:v1p260, IBNJAWZI-NUZHA:v1p486, JISHUMI:v1p481, SAMARRAI-LAMASAT-HALAQAT:p52
quotes 4:113: «عليك ورحمته» in 2 segment(s): BURHAN:v3p184, IBNJAWZI-NUZHA:v1p333
quotes 4:113: «ان يضلوك» in 4 segment(s): BURHAN:v3p184, DAMGHANI:v1p291, IBNJAWZI-NUZHA:v1p406, ITQAN:v4p397
quotes 4:113: «يضلوك وما» in 0 segment(s): 
quotes 4:113: «شي وانزل» in 0 segment(s): 
quotes 4:113: «وانزل الله» in 6 segment(s): BURHAN:v1p29, BURHAN:v3p91, IBNJAWZI-NUZHA:v1p260, IBNQUTAYBA-MUSHKIL:v1p33, ITQAN:v1p121, JISHUMI:v1p856
quotes 4:113: «تكن تعلم» in 0 segment(s): 
quotes 4:113: «تعلم وكان» in 0 segment(s): 
quotes 4:113: «وكان فضل» in 2 segment(s): DAMGHANI:v1p359, IBNJAWZI-NUZHA:v1p471
quotes 4:113: «عليك عظيما» in 2 segment(s): DAMGHANI:v1p359, IBNJAWZI-NUZHA:v1p471
quotes 4:113: «فضل الله عليك» in 5 segment(s): BURHAN:v3p184, DAMGHANI:v1p359, IBNJAWZI-NUZHA:v1p333, IBNJAWZI-NUZHA:v1p471, TIRMIDHI:3036
quotes 4:113: «طايفه منهم ان» in 4 segment(s): BURHAN:v3p184, DAMGHANI:v1p291, IBNJAWZI-NUZHA:v1p406, ITQAN:v4p397
quotes 4:113: «الله عليك الكتاب» in 2 segment(s): BURHAN:v3p91, IBNJAWZI-NUZHA:v1p260
quotes 4:113: «عليك الكتاب والحكمه» in 2 segment(s): BURHAN:v3p91, IBNJAWZI-NUZHA:v1p260
quotes 4:113: «ما لم تكن» in 9 segment(s): ABUDAWUD:3886, HAMASA:v1p464, IBNHISHAM:v1p416, IBNHISHAM:v1p419, IBNHISHAM:v2p193, MALIK:117, NASHR:v1p445#2, NASHR:v2p123, SIBAWAYH:(هذابابإذاحذفتمنهالهاءوجعلتالاسمبمنزلةمالمتكنفيهالهاء#330
quotes 4:113: «فضل الله عليك» in 5 segment(s): BURHAN:v3p184, DAMGHANI:v1p359, IBNJAWZI-NUZHA:v1p333, IBNJAWZI-NUZHA:v1p471, TIRMIDHI:3036
quotes 5:4: 46 unique window(s): الجوارح | مكلبين | تعلمونهن | امسكن | ماذا احل | احل لهم | لهم قل | قل احل | الطيبات وما | وما علمتم | علمتم من | من الجوارح | الجوارح مكلبين | مكلبين تعلمونهن | تعلمونهن مما | مما علمكم | علمكم الله | الله فكلوا | مما امسكن | امسكن عليكم | عليكم واذكروا | واذكروا اسم | عليه واتقوا | يسلونك ماذا احل | ماذا احل لهم | احل لهم قل | لهم قل احل | قل احل لكم | لكم الطيبات وما | الطيبات وما علمتم | وما علمتم من | علمتم من الجوارح | من الجوارح مكلبين | الجوارح مكلبين تعلمونهن | مكلبين تعلمونهن مما | تعلمونهن مما علمكم | مما علمكم الله | علمكم الله فكلوا | الله فكلوا مما | فكلوا مما امسكن | مما امسكن عليكم | امسكن عليكم واذكروا | عليكم واذكروا اسم | واذكروا اسم الله | الله عليه واتقوا | عليه واتقوا الله
quotes 5:4: «الجوارح» in 27 segment(s): ALUSI-FULL:v1p10, BAQILLANI:v1p200, BURHAN:v1p159, BURHAN:v2p48, BURHAN:v2p84, BURHAN:v3p399, BURHAN:v3p444, BURHAN:v4p426, DAMGHANI:v1p157, FARRA:v1p496, IBNJAWZI-NUZHA:v1p276, ITQAN:v2p308 …
quotes 5:4: «مكلبين» in 8 segment(s): BAQILLANI:v1p200, BURHAN:v1p159, BURHAN:v2p48, BURHAN:v3p444, ITQAN:v2p308, SAMARRAI-ASRAR:r4#6, SAMARRAI-ASRAR-MUH:p57, SAMARRAI-LAMASAT-HALAQAT:p508
quotes 5:4: «تعلمونهن» in 4 segment(s): BAQILLANI:v1p200, SAMARRAI-ASRAR:r4#6, SAMARRAI-ASRAR-MUH:p57, SAMARRAI-LAMASAT-HALAQAT:p508
quotes 5:4: «امسكن» in 7 segment(s): BAQILLANI:v1p200, BURHAN:v2p222, NASHR:v2p154, NASHR:v2p158, SAMARRAI-ASRAR:r4#6, SAMARRAI-ASRAR-MUH:p57, SAMARRAI-LAMASAT-HALAQAT:p508
quotes 5:4: «ماذا احل» in 10 segment(s): BAQILLANI:v1p200, BURHAN:v2p48, BURHAN:v4p52, DAMGHANI:v1p302, ITQAN:v2p575#3, ITQAN:v2p577, ITQAN:v4p397, SAMARRAI-ASRAR:r4#6, SAMARRAI-ASRAR-MUH:p57, SAMARRAI-LAMASAT-HALAQAT:p508
quotes 5:4: «احل لهم» in 10 segment(s): BAQILLANI:v1p200, BURHAN:v2p48, BURHAN:v4p52, DAMGHANI:v1p302, ITQAN:v2p575#3, ITQAN:v2p577, ITQAN:v4p397, SAMARRAI-ASRAR:r4#6, SAMARRAI-ASRAR-MUH:p57, SAMARRAI-LAMASAT-HALAQAT:p508
quotes 5:4: «لهم قل» in 7 segment(s): BAQILLANI:v1p200, BURHAN:v2p48, DAMGHANI:v1p302, ITQAN:v2p575#3, SAMARRAI-ASRAR:r4#6, SAMARRAI-ASRAR-MUH:p57, SAMARRAI-LAMASAT-HALAQAT:p508
quotes 5:4: «قل احل» in 9 segment(s): BAQILLANI:v1p200, BURHAN:v2p48, BURHAN:v4p47, DAMGHANI:v1p302, IBNJAWZI-NUZHA:v1p417, ITQAN:v2p575#3, SAMARRAI-ASRAR:r4#6, SAMARRAI-ASRAR-MUH:p57, SAMARRAI-LAMASAT-HALAQAT:p508
quotes 5:4: «الطيبات وما» in 5 segment(s): BAQILLANI:v1p200, BURHAN:v2p48, SAMARRAI-ASRAR:r4#6, SAMARRAI-ASRAR-MUH:p57, SAMARRAI-LAMASAT-HALAQAT:p508
quotes 5:4: «وما علمتم» in 8 segment(s): BAQILLANI:v1p200, BURHAN:v1p159, BURHAN:v2p48, BURHAN:v3p444, FARRA:v1p496, SAMARRAI-ASRAR:r4#6, SAMARRAI-ASRAR-MUH:p57, SAMARRAI-LAMASAT-HALAQAT:p508
quotes 5:4: «علمتم من» in 8 segment(s): BAQILLANI:v1p200, BURHAN:v1p159, BURHAN:v2p48, BURHAN:v3p444, FARRA:v1p496, SAMARRAI-ASRAR:r4#6, SAMARRAI-ASRAR-MUH:p57, SAMARRAI-LAMASAT-HALAQAT:p508
quotes 5:4: «مما علمكم» in 4 segment(s): BAQILLANI:v1p200, SAMARRAI-ASRAR:r4#6, SAMARRAI-ASRAR-MUH:p57, SAMARRAI-LAMASAT-HALAQAT:p508
quotes 5:4: «علمكم الله» in 4 segment(s): BAQILLANI:v1p200, SAMARRAI-ASRAR:r4#6, SAMARRAI-ASRAR-MUH:p57, SAMARRAI-LAMASAT-HALAQAT:p508
quotes 5:4: «الله فكلوا» in 4 segment(s): BAQILLANI:v1p200, SAMARRAI-ASRAR:r4#6, SAMARRAI-ASRAR-MUH:p57, SAMARRAI-LAMASAT-HALAQAT:p508
quotes 5:4: «عليكم واذكروا» in 4 segment(s): BAQILLANI:v1p200, SAMARRAI-ASRAR:r4#6, SAMARRAI-ASRAR-MUH:p58, SAMARRAI-LAMASAT-HALAQAT:p509
quotes 5:4: «واذكروا اسم» in 4 segment(s): BAQILLANI:v1p200, SAMARRAI-ASRAR:r4#6, SAMARRAI-ASRAR-MUH:p58, SAMARRAI-LAMASAT-HALAQAT:p509
quotes 5:4: «عليه واتقوا» in 3 segment(s): BAQILLANI:v1p200, SAMARRAI-ASRAR-MUH:p58, SAMARRAI-LAMASAT-HALAQAT:p509
quotes 5:27: 40 unique window(s): قربا | لاقتلنك | نبا ابني | ابني ادم | ادم بالحق | بالحق اذ | اذ قربا | قربا قربانا | قربانا فتقبل | فتقبل من | من احدهما | احدهما ولم | ولم يتقبل | يتقبل من | من الاخر | قال لاقتلنك | لاقتلنك قال | انما يتقبل | يتقبل الله | عليهم نبا ابني | نبا ابني ادم | ابني ادم بالحق | ادم بالحق اذ | بالحق اذ قربا | اذ قربا قربانا | قربا قربانا فتقبل | قربانا فتقبل من | فتقبل من احدهما | من احدهما ولم | احدهما ولم يتقبل | ولم يتقبل من | يتقبل من الاخر | من الاخر قال | الاخر قال لاقتلنك | قال لاقتلنك قال | لاقتلنك قال انما | قال انما يتقبل | انما يتقبل الله | يتقبل الله من | الله من المتقين
quotes 5:27: «قربا» in 5 segment(s): DAMGHANI:v1p374, NASHR:v1p233, NASHR:v2p26#3, SIBAWAYH:وذلكقولكماكانأحدمثلكوماكانأحدخيرامنكوماكانأحدمجترئا#36, SIBAWAYH:وإنماذكرليبينلكوجهنصبهكماذكرمعنىسبحاناللهPageV01P352|#149
quotes 5:27: «لاقتلنك» in 2 segment(s): FARRA:v1p496, SIBAWAYH:(هذابابمايكونماقبلالمحلوفبهعوضامناللفظبالواو)#636
quotes 5:27: «نبا ابني» in 4 segment(s): BURHAN:v1p155, BURHAN:v2p144, ITQAN:v4p385, NASHR:v1p233
quotes 5:27: «ابني ادم» in 8 segment(s): BURHAN:v1p155, BURHAN:v2p144, BURHAN:v3p98, ITQAN:v4p385, NASHR:v1p233, NASHR:v1p419#2, SAMARRAI-LAMASAT-HALAQAT:p1045, SAMARRAI-LAMASAT-HALAQAT:p1046
quotes 5:27: «ادم بالحق» in 2 segment(s): BURHAN:v1p155, NASHR:v1p233
quotes 5:27: «بالحق اذ» in 0 segment(s): 
quotes 5:27: «فتقبل من» in 2 segment(s): BURHAN:v4p286, ITQAN:v2p479
quotes 5:27: «من احدهما» in 17 segment(s): BURHAN:v2p204, BURHAN:v3p3, BURHAN:v3p128, BURHAN:v4p32, BURHAN:v4p286, DAMGHANI:v1p23, IBNJAWZI-NUZHA:v1p131, ITQAN:v2p443#2, ITQAN:v2p479, ITQAN:v2p549, ITQAN:v3p104, ITQAN:v3p227#2 …
quotes 5:27: «احدهما ولم» in 1 segment(s): BURHAN:v4p286
quotes 5:27: «ولم يتقبل» in 1 segment(s): BURHAN:v4p286
quotes 5:27: «يتقبل من» in 1 segment(s): BURHAN:v4p286
NOTE quotes 5:27: window «من الاخر» in 44 segments, too common alone; the longer windows that contain it are used instead
quotes 5:27: «انما يتقبل» in 0 segment(s): 
quotes 5:27: «يتقبل الله» in 0 segment(s): 
quotes 5:27: «من الاخر قال» in 3 segment(s): BUKHARI:3094, MUSNAD-AHMAD:1781, MUSNAD-AHMAD:24103
quotes 5:27: «الله من المتقين» in 0 segment(s): 
quotes 5:28: 25 unique window(s): بسطت | لتقتلني | بباسط | لاقتلك | لين بسطت | بسطت الي | الي يدك | يدك لتقتلني | لتقتلني ما | انا بباسط | بباسط يدي | يدي اليك | اليك لاقتلك | لاقتلك اني | لين بسطت الي | بسطت الي يدك | الي يدك لتقتلني | يدك لتقتلني ما | لتقتلني ما انا | ما انا بباسط | انا بباسط يدي | بباسط يدي اليك | يدي اليك لاقتلك | اليك لاقتلك اني | لاقتلك اني اخاف
quotes 5:28: «بسطت» in 5 segment(s): BURHAN:v3p379, IBNASHUR-FULL:v1p69, IBNKATHIR-FULL:v1p53, ITQAN:v3p56, SUYUTI-LUBAB:v1p1
quotes 5:28: «لتقتلني» in 1 segment(s): BURHAN:v3p379
quotes 5:28: «بباسط» in 1 segment(s): BURHAN:v3p379
quotes 5:28: «لاقتلك» in 2 segment(s): BURHAN:v3p379, SAMARRAI-LAMASAT-HALAQAT:p866
quotes 5:28: «الي يدك» in 1 segment(s): BURHAN:v3p379
quotes 5:28: «يدي اليك» in 3 segment(s): BURHAN:v3p379, NASHR:v2p167, NASHR:v2p255
quotes 5:30: 14 unique window(s): فطوعت | فطوعت له | له نفسه | نفسه قتل | قتل اخيه | اخيه فقتله | فقتله فاصبح | فطوعت له نفسه | له نفسه قتل | نفسه قتل اخيه | قتل اخيه فقتله | اخيه فقتله فاصبح | فقتله فاصبح من | فاصبح من الخاسرين
quotes 5:30: «فطوعت» in 5 segment(s): DAMGHANI:v1p23, IBNJAWZI-NUZHA:v1p131, MAJAZ:v2p427, SAMARRAI-LAMASAT-HALAQAT:p1045, SAMARRAI-LAMASAT-HALAQAT:p1046
quotes 5:30: «له نفسه» in 5 segment(s): DAMGHANI:v1p23, IBNJAWZI-NUZHA:v1p131, ITQAN:v3p287, SAMARRAI-LAMASAT-HALAQAT:p1045, SAMARRAI-LAMASAT-HALAQAT:p1046
quotes 5:30: «نفسه قتل» in 4 segment(s): DAMGHANI:v1p23, IBNJAWZI-NUZHA:v1p131, SAMARRAI-LAMASAT-HALAQAT:p1045, SAMARRAI-LAMASAT-HALAQAT:p1046
quotes 5:30: «قتل اخيه» in 4 segment(s): DAMGHANI:v1p23, IBNJAWZI-NUZHA:v1p131, SAMARRAI-LAMASAT-HALAQAT:p1045, SAMARRAI-LAMASAT-HALAQAT:p1046
quotes 5:30: «اخيه فقتله» in 3 segment(s): DAMGHANI:v1p23, IBNJAWZI-NUZHA:v1p131, SAMARRAI-LAMASAT-HALAQAT:p1045
quotes 5:30: «فقتله فاصبح» in 1 segment(s): SAMARRAI-LAMASAT-HALAQAT:p1045
quotes 5:30: «فاصبح من الخاسرين» in 3 segment(s): DAMGHANI:v1p271, IBNJAWZI-NUZHA:v1p91#2, SAMARRAI-LAMASAT-HALAQAT:p1045
quotes 5:55: 10 unique window(s): وليكم | راكعون | انما وليكم | وليكم الله | وهم راكعون | انما وليكم الله | وليكم الله ورسوله | والذين امنوا الذين | امنوا الذين يقيمون | الزكواه وهم راكعون
quotes 5:55: «وليكم» in 3 segment(s): BURHAN:v3p251#2, DAMGHANI:v1p496, IBNJAWZI-NUZHA:v1p613
quotes 5:55: «راكعون» in 2 segment(s): DAMGHANI:v1p209, ITQAN:v1p65
quotes 5:55: «والذين امنوا الذين» in 1 segment(s): IBNHISHAM:v2p49#2
quotes 5:55: «امنوا الذين يقيمون» in 1 segment(s): IBNHISHAM:v2p49#2
quotes 5:56: 10 unique window(s): يتول الله | امنوا فان | فان حزب | هم الغالبون | ومن يتول الله | يتول الله ورسوله | والذين امنوا فان | امنوا فان حزب | فان حزب الله | الله هم الغالبون
quotes 5:56: «يتول الله» in 0 segment(s): 
quotes 5:56: «امنوا فان» in 2 segment(s): BURHAN:v1p352, NASHR:v1p439
quotes 5:56: «فان حزب» in 0 segment(s): 
quotes 5:56: «هم الغالبون» in 0 segment(s): 
quotes 6:52: 28 unique window(s): تطرد | حسابك | فتطردهم | ولا تطرد | تطرد الذين | وجهه ما | ما عليك | شي وما | من حسابك | حسابك عليهم | شي فتطردهم | فتطردهم فتكون | ولا تطرد الذين | تطرد الذين يدعون | يريدون وجهه ما | وجهه ما عليك | ما عليك من | عليك من حسابهم | من شي وما | شي وما من | وما من حسابك | من حسابك عليهم | حسابك عليهم من | عليهم من شي | من شي فتطردهم | شي فتطردهم فتكون | فتطردهم فتكون من | فتكون من الظالمين
quotes 6:52: «تطرد» in 14 segment(s): BINTSHATI-IJAZ:p242, BINTSHATI-IJAZ:p251, BURHAN:v1p60#2, BURHAN:v3p461, DAMGHANI:v1p481, FARRA:v1p498, IBNJAWZI-NUZHA:v1p617, IBNQUTAYBA-MUSHKIL:v1p157, ITQAN:v4p397, JURJANI-DALAIL:v1p99, SIBAWAYH:(هذابابماجاءمنالمصادرعلىفعول)#677, SIBAWAYH:(هذابابالحرفالذيتبدلمكانهفيالوقفحرفاأبينمنهيشبههلأنه#738 …
quotes 6:52: «حسابك» in 3 segment(s): BURHAN:v3p292#2, BURHAN:v3p461, ITQAN:v3p249
quotes 6:52: «فتطردهم» in 1 segment(s): BURHAN:v3p461
quotes 6:52: «وجهه ما» in 2 segment(s): BURHAN:v3p461, SULAMI:v1p21
quotes 6:52: «ما عليك» in 4 segment(s): ALUSI-FULL:v1p25, BURHAN:v3p292#2, BURHAN:v3p461, ITQAN:v3p249
quotes 6:52: «شي وما» in 3 segment(s): BURHAN:v3p292#2, BURHAN:v3p461, ITQAN:v3p249
quotes 6:52: «عليك من حسابهم» in 5 segment(s): BURHAN:v3p292#2, BURHAN:v3p461, IBNHISHAM:v1p392#2, IBNMAJAH:4127, ITQAN:v3p249
quotes 6:52: «عليهم من شي» in 5 segment(s): BURHAN:v3p292#2, BURHAN:v3p461, IBNHISHAM:v1p392#2, IBNMAJAH:4127, ITQAN:v3p249
quotes 6:52: «فتكون من الظالمين» in 3 segment(s): BURHAN:v3p461, IBNHISHAM:v1p392#2, IBNMAJAH:4127
quotes 6:94: 51 unique window(s): فراديا | وتركتم | خولناكم | ظهوركم | شفعاكم | ولقد جيتمونا | جيتمونا فراديا | فراديا كما | مره وتركتم | وتركتم ما | ما خولناكم | خولناكم ورا | ورا ظهوركم | ظهوركم وما | نريا معكم | معكم شفعاكم | شفعاكم الذين | زعمتم انهم | انهم فيكم | فيكم شركاوا | شركاوا لقد | لقد تقطع | تقطع بينكم | بينكم وضل | وضل عنكم | عنكم ما | ولقد جيتمونا فراديا | جيتمونا فراديا كما | فراديا كما خلقناكم | اول مره وتركتم | مره وتركتم ما | وتركتم ما خولناكم | ما خولناكم ورا | خولناكم ورا ظهوركم | ورا ظهوركم وما | ظهوركم وما نريا | وما نريا معكم | نريا معكم شفعاكم | معكم شفعاكم الذين | شفعاكم الذين زعمتم | الذين زعمتم انهم | زعمتم انهم فيكم | انهم فيكم شركاوا | فيكم شركاوا لقد | شركاوا لقد تقطع | لقد تقطع بينكم | تقطع بينكم وضل | بينكم وضل عنكم | وضل عنكم ما | عنكم ما كنتم | ما كنتم تزعمون
quotes 6:94: «فراديا» in 0 segment(s): 
quotes 6:94: «وتركتم» in 1 segment(s): JISHUMI:v1p773
quotes 6:94: «خولناكم» in 0 segment(s): 
quotes 6:94: «ظهوركم» in 0 segment(s): 
quotes 6:94: «شفعاكم» in 0 segment(s): 
quotes 6:94: «ولقد جيتمونا» in 1 segment(s): BURHAN:v4p257
quotes 6:94: «نريا معكم» in 0 segment(s): 
quotes 6:94: «زعمتم انهم» in 0 segment(s): 
quotes 6:94: «انهم فيكم» in 2 segment(s): NASHR:v1p451, NASHR:v1p474
quotes 6:94: «فيكم شركاوا» in 0 segment(s): 
quotes 6:94: «شركاوا لقد» in 0 segment(s): 
quotes 6:94: «لقد تقطع» in 2 segment(s): BURHAN:v4p403, ITQAN:v2p466#2
quotes 6:94: «تقطع بينكم» in 4 segment(s): BURHAN:v4p403, FARRA:v1p500, ITQAN:v2p466#2, NASHR:v2p259
quotes 6:94: «بينكم وضل» in 0 segment(s): 
quotes 6:94: «وضل عنكم» in 0 segment(s): 
quotes 6:94: «عنكم ما» in 0 segment(s): 
quotes 6:94: «ما كنتم تزعمون» in 0 segment(s): 
quotes 7:11: 17 unique window(s): صورناكم | ولقد خلقناكم | خلقناكم ثم | ثم صورناكم | صورناكم ثم | ثم قلنا | ابليس لم | يكن من | ولقد خلقناكم ثم | خلقناكم ثم صورناكم | ثم صورناكم ثم | صورناكم ثم قلنا | ثم قلنا للملايكه | الا ابليس لم | ابليس لم يكن | لم يكن من | يكن من الساجدين
quotes 7:11: «صورناكم» in 9 segment(s): BURHAN:v4p268, IBNQUTAYBA-MUSHKIL:v1p97, SAMARRAI-ASRAR:r5#2, SAMARRAI-ASRAR:r12, SAMARRAI-ASRAR:r13, SAMARRAI-LAMASAT:p154, SAMARRAI-LAMASAT-HALAQAT:p721, SAMARRAI-LAMASAT-HALAQAT:p801, SAMARRAI-LAMASAT-HALAQAT:p805
quotes 7:11: «ولقد خلقناكم» in 9 segment(s): BURHAN:v4p268, IBNQUTAYBA-MUSHKIL:v1p97, SAMARRAI-ASRAR:r5#2, SAMARRAI-ASRAR:r12, SAMARRAI-ASRAR:r13, SAMARRAI-LAMASAT:p154, SAMARRAI-LAMASAT-HALAQAT:p721, SAMARRAI-LAMASAT-HALAQAT:p801, SAMARRAI-LAMASAT-HALAQAT:p805
quotes 7:11: «خلقناكم ثم» in 9 segment(s): BURHAN:v4p268, IBNQUTAYBA-MUSHKIL:v1p97, SAMARRAI-ASRAR:r5#2, SAMARRAI-ASRAR:r12, SAMARRAI-ASRAR:r13, SAMARRAI-LAMASAT:p154, SAMARRAI-LAMASAT-HALAQAT:p721, SAMARRAI-LAMASAT-HALAQAT:p801, SAMARRAI-LAMASAT-HALAQAT:p805
quotes 7:11: «ثم قلنا» in 10 segment(s): BURHAN:v4p268, IBNQUTAYBA-MUSHKIL:v1p97, ITQAN:v1p216, SAMARRAI-ASRAR:r5#2, SAMARRAI-ASRAR:r12, SAMARRAI-ASRAR:r13, SAMARRAI-LAMASAT:p154, SAMARRAI-LAMASAT-HALAQAT:p721, SAMARRAI-LAMASAT-HALAQAT:p801, SAMARRAI-LAMASAT-HALAQAT:p805
quotes 7:11: «ابليس لم» in 7 segment(s): SAMARRAI-ASRAR:r12, SAMARRAI-ASRAR:r12#2, SAMARRAI-ASRAR:r12#3, SAMARRAI-ASRAR:r13, SAMARRAI-LAMASAT-HALAQAT:p721, SAMARRAI-LAMASAT-HALAQAT:p801, SAMARRAI-LAMASAT-HALAQAT:p805
NOTE quotes 7:11: window «يكن من» in 67 segments, too common alone; the longer windows that contain it are used instead
quotes 7:11: «لم يكن من» in 63 segment(s): AZRAQI:v1p328, BAQILLANI:v1p30, BAQILLANI:v1p185, BAQILLANI:v1p252, BINTSHATI-IJAZ:p112, BURHAN:v1p191#2, BURHAN:v2p126, BURHAN:v2p257, BURHAN:v2p442, HAMASA:v1p162#2, HAMASA:v1p297#2, HAMASA:v1p391 …
quotes 7:11: «يكن من الساجدين» in 7 segment(s): SAMARRAI-ASRAR:r12, SAMARRAI-ASRAR:r12#2, SAMARRAI-ASRAR:r12#3, SAMARRAI-ASRAR:r13, SAMARRAI-LAMASAT-HALAQAT:p721, SAMARRAI-LAMASAT-HALAQAT:p801, SAMARRAI-LAMASAT-HALAQAT:p805
quotes 7:12: 13 unique window(s): امرتك | منعك الا | الا تسجد | تسجد اذ | اذ امرتك | امرتك قال | قال ما منعك | ما منعك الا | منعك الا تسجد | الا تسجد اذ | تسجد اذ امرتك | اذ امرتك قال | امرتك قال انا
quotes 7:12: «امرتك» in 12 segment(s): DAMGHANI:v1p420, IBNQUTAYBA-MUSHKIL:v1p153, JURJANI-DALAIL:v1p109, SAMARRAI-ASRAR:r12, SAMARRAI-ASRAR:r13, SAMARRAI-ASRAR:r13#2, SAMARRAI-LAMASAT-HALAQAT:p714, SAMARRAI-LAMASAT-HALAQAT:p799, SAMARRAI-LAMASAT-HALAQAT:p844, SAMARRAI-LAMASAT-HALAQAT:p846, SIBAWAYH:الذييتعداهفعلهإلىمفعولينفإنشئتاقتصرتعلىالمفعولالأولإنشئت#22, SIBAWAYH:(هذابابماجاءمنالأدواءعلىمثالوجعيوجعوجعاوهووجعلتقارب#671
quotes 7:12: «منعك الا» in 17 segment(s): BURHAN:v1p116, BURHAN:v2p283, BURHAN:v3p78, BURHAN:v4p357, IBNQUTAYBA-MUSHKIL:v1p153, ITQAN:v2p500, ITQAN:v3p102, MAJAZ:v1p10#2, SAMARRAI-ASRAR:r12, SAMARRAI-ASRAR:r13, SAMARRAI-ASRAR:r13#2, SAMARRAI-LAMASAT-HALAQAT:p588 …
quotes 7:12: «الا تسجد» in 20 segment(s): BURHAN:v1p116, BURHAN:v2p283, BURHAN:v3p78, BURHAN:v3p79, BURHAN:v3p110, BURHAN:v4p357, IBNQUTAYBA-MUSHKIL:v1p153, ITQAN:v2p500, ITQAN:v3p102, MAJAZ:v1p10#2, MAJAZ:v2p419, SAMARRAI-ASRAR:r12 …
quotes 7:12: «تسجد اذ» in 8 segment(s): IBNQUTAYBA-MUSHKIL:v1p153, SAMARRAI-ASRAR:r12, SAMARRAI-ASRAR:r13, SAMARRAI-ASRAR:r13#2, SAMARRAI-LAMASAT-HALAQAT:p714, SAMARRAI-LAMASAT-HALAQAT:p799, SAMARRAI-LAMASAT-HALAQAT:p844, SAMARRAI-LAMASAT-HALAQAT:p846
quotes 7:12: «قال ما منعك» in 15 segment(s): BUKHARI:344, BUKHARI:6144, BURHAN:v4p399, DAMGHANI:v1p502, IBNHIBBAN:1301, MUSNAD-AHMAD:9345, MUSNAD-AHMAD:20309, NASAI:5413, SAMARRAI-ASRAR:r12, SAMARRAI-ASRAR:r13, SAMARRAI-ASRAR:r13#2, SAMARRAI-LAMASAT-HALAQAT:p714 …
quotes 7:19: 9 unique window(s): وياادم | وياادم اسكن | الجنه فكلا | فكلا من | وياادم اسكن انت | وزوجك الجنه فكلا | الجنه فكلا من | فكلا من حيث | من حيث شيتما
quotes 7:19: «وياادم» in 4 segment(s): SAMARRAI-ASRAR:r12, SAMARRAI-ASRAR:r12#2, SAMARRAI-ASRAR:r13, SAMARRAI-ASRAR:r15#2
quotes 7:19: «الجنه فكلا» in 6 segment(s): SAMARRAI-ASRAR:r12, SAMARRAI-ASRAR:r12#2, SAMARRAI-ASRAR:r13, SAMARRAI-ASRAR:r15#2, SAMARRAI-LAMASAT-HALAQAT:p801, SAMARRAI-LAMASAT-HALAQAT:p802
quotes 7:19: «فكلا من» in 6 segment(s): DAMGHANI:v1p34, SAMARRAI-ASRAR:r12, SAMARRAI-ASRAR:r12#2, SAMARRAI-ASRAR:r13, SAMARRAI-LAMASAT-HALAQAT:p801, SAMARRAI-LAMASAT-HALAQAT:p802
quotes 7:19: «من حيث شيتما» in 7 segment(s): DAMGHANI:v1p34, SAMARRAI-ASRAR:r12, SAMARRAI-ASRAR:r12#2, SAMARRAI-ASRAR:r13, SAMARRAI-LAMASAT-HALAQAT:p801, SAMARRAI-LAMASAT-HALAQAT:p802, SAMARRAI-LAMASAT-HALAQAT:p803
quotes 7:20: 50 unique window(s): ليبدي | نهياكما | تكونا | ملكين | تكونا | الخالدين | فوسوس لهما | لهما الشيطان | الشيطان ليبدي | ليبدي لهما | لهما ما | ما وري | وري عنهما | من سواتهما | سواتهما وقال | وقال ما | ما نهياكما | نهياكما ربكما | ربكما عن | عن هاذه | الشجره الا | ان تكونا | تكونا ملكين | ملكين او | او تكونا | تكونا من | من الخالدين | فوسوس لهما الشيطان | لهما الشيطان ليبدي | الشيطان ليبدي لهما | ليبدي لهما ما | لهما ما وري | ما وري عنهما | وري عنهما من | عنهما من سواتهما | من سواتهما وقال | سواتهما وقال ما | وقال ما نهياكما | ما نهياكما ربكما | نهياكما ربكما عن | ربكما عن هاذه | عن هاذه الشجره | هاذه الشجره الا | الشجره الا ان | الا ان تكونا | ان تكونا ملكين | تكونا ملكين او | ملكين او تكونا | او تكونا من | تكونا من الخالدين
quotes 7:20: «ليبدي» in 5 segment(s): SAMARRAI-ASRAR:r12, SAMARRAI-ASRAR:r12#3, SAMARRAI-ASRAR:r13, SAMARRAI-LAMASAT-HALAQAT:p806, SAMARRAI-LAMASAT-HALAQAT:p1034
quotes 7:20: «نهياكما» in 0 segment(s): 
quotes 7:20: «تكونا» in 5 segment(s): BURHAN:v3p451, BURHAN:v4p144, SAMARRAI-ASRAR:r12, SAMARRAI-ASRAR:r13, SAMARRAI-LAMASAT-HALAQAT:p806
quotes 7:20: «ملكين» in 7 segment(s): BURHAN:v2p301, IBNQUTAYBA-MUSHKIL:v1p178, JISHUMI:v1p517#2, JISHUMI:v1p522, SAMARRAI-ASRAR:r12, SAMARRAI-ASRAR:r13, SAMARRAI-LAMASAT-HALAQAT:p806
quotes 7:20: «تكونا» in 5 segment(s): BURHAN:v3p451, BURHAN:v4p144, SAMARRAI-ASRAR:r12, SAMARRAI-ASRAR:r13, SAMARRAI-LAMASAT-HALAQAT:p806
quotes 7:20: «الخالدين» in 3 segment(s): SAMARRAI-ASRAR:r12, SAMARRAI-ASRAR:r13, SAMARRAI-LAMASAT-HALAQAT:p806
quotes 7:20: «فوسوس لهما» in 6 segment(s): BURHAN:v1p130, SAMARRAI-ASRAR:r12, SAMARRAI-ASRAR:r12#3, SAMARRAI-ASRAR:r13, SAMARRAI-LAMASAT-HALAQAT:p806, SAMARRAI-LAMASAT-HALAQAT:p1034
quotes 7:20: «لهما الشيطان» in 6 segment(s): BURHAN:v1p130, SAMARRAI-ASRAR:r12, SAMARRAI-ASRAR:r12#3, SAMARRAI-ASRAR:r13, SAMARRAI-LAMASAT-HALAQAT:p806, SAMARRAI-LAMASAT-HALAQAT:p1034
quotes 7:20: «لهما ما» in 7 segment(s): BURHAN:v3p440, ITQAN:v2p467#4, SAMARRAI-ASRAR:r12, SAMARRAI-ASRAR:r12#3, SAMARRAI-ASRAR:r13, SAMARRAI-LAMASAT-HALAQAT:p806, SAMARRAI-LAMASAT-HALAQAT:p1034
quotes 7:20: «ما وري» in 0 segment(s): 
quotes 7:20: «وري عنهما» in 0 segment(s): 
quotes 7:20: «من سواتهما» in 6 segment(s): NASHR:v1p346, SAMARRAI-ASRAR:r12, SAMARRAI-ASRAR:r12#3, SAMARRAI-ASRAR:r13, SAMARRAI-LAMASAT-HALAQAT:p806, SAMARRAI-LAMASAT-HALAQAT:p1034
quotes 7:20: «سواتهما وقال» in 3 segment(s): SAMARRAI-ASRAR:r12, SAMARRAI-ASRAR:r13, SAMARRAI-LAMASAT-HALAQAT:p806
quotes 7:20: «وقال ما» in 20 segment(s): BAQILLANI:v1p245, BINTSHATI-IJAZ:p211, BURHAN:v1p293, BURHAN:v2p128, IBNQUTAYBA-MUSHKIL:v1p260, IBNQUTAYBA-MUSHKIL:v1p261#2, IBNQUTAYBA-MUSHKIL:v1p269, IBNQUTAYBA-MUSHKIL:v1p272#2, JURJANI-ASRAR:v1p202, JURJANI-DALAIL:v1p137, MAJAZ:v1p10#2, NASHR:v1p416 …
quotes 7:20: «ربكما عن» in 3 segment(s): SAMARRAI-ASRAR:r12, SAMARRAI-ASRAR:r13, SAMARRAI-LAMASAT-HALAQAT:p806
quotes 7:20: «عن هاذه» in 2 segment(s): SAMARRAI-ASRAR:r12, SAMARRAI-ASRAR:r13
quotes 7:20: «الشجره الا» in 3 segment(s): SAMARRAI-ASRAR:r12, SAMARRAI-ASRAR:r13, SAMARRAI-LAMASAT-HALAQAT:p806
quotes 7:29: 24 unique window(s): بداكم | تعودون | قل امر | ربي بالقسط | بالقسط واقيموا | واقيموا وجوهكم | وجوهكم عند | مسجد وادعوه | وادعوه مخلصين | الدين كما | كما بداكم | بداكم تعودون | قل امر ربي | امر ربي بالقسط | ربي بالقسط واقيموا | بالقسط واقيموا وجوهكم | واقيموا وجوهكم عند | وجوهكم عند كل | كل مسجد وادعوه | مسجد وادعوه مخلصين | وادعوه مخلصين له | له الدين كما | الدين كما بداكم | كما بداكم تعودون
quotes 7:29: «بداكم» in 9 segment(s): BURHAN:v1p65, BURHAN:v2p25, BURHAN:v3p263, ITQAN:v4p357, NASHR:v1p15#2, NASHR:v1p461, SAMARRAI-ASRAR-MUH:p14, SAMARRAI-LAMASAT-HALAQAT:p465, SAMARRAI-LAMASAT-HALAQAT:p835
quotes 7:29: «تعودون» in 8 segment(s): BURHAN:v1p65, BURHAN:v2p25, BURHAN:v3p263, ITQAN:v4p357, JISHUMI:v2p974, SAMARRAI-ASRAR-MUH:p14, SAMARRAI-LAMASAT-HALAQAT:p465, SAMARRAI-LAMASAT-HALAQAT:p835
quotes 7:29: «قل امر» in 2 segment(s): BURHAN:v3p334, ITQAN:v3p233
quotes 7:29: «ربي بالقسط» in 2 segment(s): BURHAN:v3p334, ITQAN:v3p233
quotes 7:29: «بالقسط واقيموا» in 2 segment(s): BURHAN:v3p334, ITQAN:v3p233
quotes 7:29: «واقيموا وجوهكم» in 3 segment(s): BURHAN:v3p334, DAMGHANI:v1p392, ITQAN:v3p233
quotes 7:29: «وجوهكم عند» in 2 segment(s): BURHAN:v3p334, DAMGHANI:v1p392
quotes 7:29: «مسجد وادعوه» in 1 segment(s): BURHAN:v3p334
quotes 7:29: «وادعوه مخلصين» in 0 segment(s): 
quotes 7:29: «الدين كما» in 6 segment(s): BINTSHATI-IJAZ:p154, IBNJAWZI-NUZHA:v1p469, JISHUMI:v1p478, JURJANI-ASRAR:v1p51, SAMARRAI-LAMASAT:p150, YKHULI-TAJDID:c3
quotes 7:91: 0 unique window(s): 
quotes 7:92: 15 unique window(s): كذبوا شعيبا | شعيبا كان | فيها الذين | كذبوا شعيبا | شعيبا كانوا | هم الخاسرين | الذين كذبوا شعيبا | كذبوا شعيبا كان | شعيبا كان لم | يغنوا فيها الذين | فيها الذين كذبوا | الذين كذبوا شعيبا | كذبوا شعيبا كانوا | شعيبا كانوا هم | كانوا هم الخاسرين
quotes 7:92: «كذبوا شعيبا» in 1 segment(s): BINTSHATI-IJAZ:p483
quotes 7:92: «شعيبا كان» in 2 segment(s): BINTSHATI-IJAZ:p483, BURHAN:v3p308
quotes 7:92: «فيها الذين» in 2 segment(s): BINTSHATI-IJAZ:p483, DAMGHANI:v1p227
quotes 7:92: «كذبوا شعيبا» in 1 segment(s): BINTSHATI-IJAZ:p483
quotes 7:92: «شعيبا كانوا» in 1 segment(s): BINTSHATI-IJAZ:p483
quotes 7:92: «هم الخاسرين» in 1 segment(s): BINTSHATI-IJAZ:p483
quotes 7:150: 71 unique window(s): خلفتموني | اعجلتم | براس | يجره | استضعفوني | وكادوا | يقتلونني | تشمت | الاعدا | ولما رجع | رجع موسيا | قال بيسما | بيسما خلفتموني | خلفتموني من | بعدي اعجلتم | اعجلتم امر | امر ربكم | ربكم والقي | والقي الالواح | الالواح واخذ | واخذ براس | براس اخيه | اخيه يجره | يجره اليه | اليه قال | قال ابن | ابن ام | ام ان | ان القوم | القوم استضعفوني | استضعفوني وكادوا | وكادوا يقتلونني | يقتلونني فلا | فلا تشمت | تشمت بي | بي الاعدا | الاعدا ولا | ولا تجعلني | تجعلني مع | ولما رجع موسيا | رجع موسيا اليا | اسفا قال بيسما | قال بيسما خلفتموني | بيسما خلفتموني من | خلفتموني من بعدي | من بعدي اعجلتم | بعدي اعجلتم امر | اعجلتم امر ربكم | امر ربكم والقي | ربكم والقي الالواح | والقي الالواح واخذ | الالواح واخذ براس | واخذ براس اخيه | براس اخيه يجره | اخيه يجره اليه | يجره اليه قال | اليه قال ابن | قال ابن ام | ابن ام ان | ام ان القوم | ان القوم استضعفوني | القوم استضعفوني وكادوا | استضعفوني وكادوا يقتلونني | وكادوا يقتلونني فلا | يقتلونني فلا تشمت | فلا تشمت بي | تشمت بي الاعدا | بي الاعدا ولا | الاعدا ولا تجعلني | ولا تجعلني مع | تجعلني مع القوم
quotes 7:150: «خلفتموني» in 3 segment(s): BURHAN:v1p418, NASHR:v2p154, SAMARRAI-LAMASAT-HALAQAT:p772
quotes 7:150: «اعجلتم» in 4 segment(s): FARRA:v1p502#2, NASHR:v2p163#2, NASHR:v2p274, SAMARRAI-LAMASAT-HALAQAT:p772
quotes 7:150: «براس» in 9 segment(s): BAQILLANI:v1p102, BAQILLANI:v1p150, BURHAN:v1p422, JISHUMI:v2p1062, JISHUMI:v2p1066, NASHR:v2p81, NASHR:v2p116, SAMARRAI-LAMASAT-HALAQAT:p772, SIBAWAYH:وذلكقولكأزيداأنتضاربهوأزيداأنتضاربلهوأعمراأنتمكرمأخاه#59
quotes 7:150: «يجره» in 6 segment(s): IBNQUTAYBA-MUSHKIL:v1p160, JURJANI-ASRAR:v1p187, SAMARRAI-LAMASAT-HALAQAT:p772, SIBAWAYH:(هذابابماينصبفىالألف)#57, SIBAWAYH:فأماالنعتالذىجرىعلىالمنعوتفقولكمررتبرجلظريفقبلفصارالنعت#200, SIBAWAYH:(هذابابمايكونمنالأسماءصفةمفردا)#218
quotes 7:150: «استضعفوني» in 1 segment(s): SAMARRAI-LAMASAT-HALAQAT:p772
quotes 7:150: «وكادوا» in 1 segment(s): SAMARRAI-LAMASAT-HALAQAT:p772
quotes 7:150: «يقتلونني» in 1 segment(s): SAMARRAI-LAMASAT-HALAQAT:p772
quotes 7:150: «تشمت» in 3 segment(s): FARRA:v1p502#2, IBNQUTAYBA-MUSHKIL:v1p43, SAMARRAI-LAMASAT-HALAQAT:p772
quotes 7:150: «الاعدا» in 30 segment(s): BINTSHATI-IJAZ:p326, BINTSHATI-IJAZ:p383, BINTSHATI-IJAZ:p440, BURHAN:v2p232, FARRA:v1p502#2, IBNASHUR-FULL:v1p95, IBNKATHIR-FULL:v1p24#2, IBNQUTAYBA-MUSHKIL:v1p43, IBNQUTAYBA-MUSHKIL:v1p174, IBNQUTAYBA-MUSHKIL:v1p234, ITQAN:v2p349, ITQAN:v2p354 …
quotes 7:150: «ولما رجع» in 2 segment(s): IBNJAWZI-NUZHA:v1p91, SAMARRAI-LAMASAT-HALAQAT:p772
quotes 7:150: «رجع موسيا» in 0 segment(s): 
quotes 7:150: «قال بيسما» in 1 segment(s): SAMARRAI-LAMASAT-HALAQAT:p772
quotes 7:150: «امر ربكم» in 2 segment(s): FARRA:v1p502#2, SAMARRAI-LAMASAT-HALAQAT:p772
quotes 7:150: «ربكم والقي» in 1 segment(s): SAMARRAI-LAMASAT-HALAQAT:p772
quotes 7:150: «والقي الالواح» in 5 segment(s): DAMGHANI:v1p420, IBNQUTAYBA-MUSHKIL:v1p173, ITQAN:v1p121#2, NASHR:v1p416, SAMARRAI-LAMASAT-HALAQAT:p772
quotes 7:150: «الالواح واخذ» in 1 segment(s): SAMARRAI-LAMASAT-HALAQAT:p772
quotes 7:150: «اليه قال» in 18 segment(s): BINTSHATI-IJAZ:p213, BURHAN:v1p55, BURHAN:v2p104, BURHAN:v2p126, BURHAN:v2p250, BURHAN:v2p309, BURHAN:v2p475, IBNJAWZI-NUZHA:v1p86, IBNJAWZI-NUZHA:v1p359, IBNQUTAYBA-MUSHKIL:v1p77, ITQAN:v3p16, ITQAN:v3p27 …
NOTE quotes 7:150: window «قال ابن» in 653 segments, too common alone; the longer windows that contain it are used instead
quotes 7:150: «ابن ام» in 23 segment(s): BINTSHATI-IJAZ:p303, BINTSHATI-IJAZ:p550, BURHAN:v1p422, BURHAN:v2p250, BURHAN:v4p443, IBNKATHIR-FULL:v1p52, IBNQUTAYBA-MUSHKIL:v1p34, IBNQUTAYBA-MUSHKIL:v1p150, ITQAN:v1p99, ITQAN:v1p266#2, ITQAN:v3p92, ITQAN:v4p451 …
quotes 7:150: «ام ان» in 4 segment(s): ALUSI-FULL:v1p21, ITQAN:v2p447#2, JURJANI-DALAIL:v1p50, JURJANI-DALAIL:v1p385
quotes 7:150: «ان القوم» in 23 segment(s): BAQILLANI:v1p39, BAQILLANI:v1p226, BINTSHATI-IJAZ:p29, BINTSHATI-IJAZ:p61, BINTSHATI-IJAZ:p71, BURHAN:v1p159, BURHAN:v4p443, IBNQUTAYBA-MUSHKIL:v1p296, ITQAN:v2p543, JISHUMI:v1p447, JISHUMI:v1p644, KHATTABI:v1p34 …
quotes 7:150: «ولا تجعلني» in 1 segment(s): SAMARRAI-LAMASAT-HALAQAT:p772
quotes 7:150: «تجعلني مع» in 1 segment(s): SAMARRAI-LAMASAT-HALAQAT:p772
quotes 7:168: 25 unique window(s): وبلوناهم | بالحسنات | والسيات | وقطعناهم في | الارض امما | امما منهم | منهم الصالحون | الصالحون ومنهم | ومنهم دون | ذالك وبلوناهم | وبلوناهم بالحسنات | بالحسنات والسيات | والسيات لعلهم | وقطعناهم في الارض | في الارض امما | الارض امما منهم | امما منهم الصالحون | منهم الصالحون ومنهم | الصالحون ومنهم دون | ومنهم دون ذالك | دون ذالك وبلوناهم | ذالك وبلوناهم بالحسنات | وبلوناهم بالحسنات والسيات | بالحسنات والسيات لعلهم | والسيات لعلهم يرجعون
quotes 7:168: «وبلوناهم» in 6 segment(s): DAMGHANI:v1p132, DAMGHANI:v1p191, DAMGHANI:v1p255, IBNJAWZI-NUZHA:v1p259, IBNJAWZI-NUZHA:v1p362, IBNQUTAYBA-MUSHKIL:v1p258#2
quotes 7:168: «بالحسنات» in 8 segment(s): DAMGHANI:v1p132, DAMGHANI:v1p191, DAMGHANI:v1p244, DAMGHANI:v1p255, IBNJAWZI-NUZHA:v1p259, IBNJAWZI-NUZHA:v1p362, IBNQUTAYBA-MUSHKIL:v1p258#2, ITQAN:v4p469
quotes 7:168: «والسيات» in 0 segment(s): 
quotes 7:168: «وقطعناهم في» in 4 segment(s): BINTSHATI-IJAZ:p398, DAMGHANI:v1p385, IBNJAWZI-NUZHA:v1p502, JURJANI-ASRAR:v1p44
quotes 7:168: «الارض امما» in 6 segment(s): BINTSHATI-IJAZ:p398, DAMGHANI:v1p385, IBNJAWZI-NUZHA:v1p502, JURJANI-ASRAR:v1p44, NASHR:v1p438, NASHR:v1p491
quotes 7:168: «امما منهم» in 1 segment(s): BINTSHATI-IJAZ:p398
quotes 7:168: «منهم الصالحون» in 1 segment(s): BINTSHATI-IJAZ:p398
quotes 7:168: «الصالحون ومنهم» in 1 segment(s): BINTSHATI-IJAZ:p398
quotes 7:168: «ومنهم دون» in 1 segment(s): BINTSHATI-IJAZ:p398
quotes 7:172: 38 unique window(s): واشهدهم | الست | من ظهورهم | ظهورهم ذريتهم | ذريتهم واشهدهم | واشهدهم عليا | انفسهم الست | الست بربكم | بربكم قالوا | بليا شهدنا | شهدنا ان | تقولوا يوم | القيامه انا | هاذا غافلين | واذ اخذ ربك | اخذ ربك من | ربك من بني | من بني ادم | بني ادم من | ادم من ظهورهم | من ظهورهم ذريتهم | ظهورهم ذريتهم واشهدهم | ذريتهم واشهدهم عليا | واشهدهم عليا انفسهم | عليا انفسهم الست | انفسهم الست بربكم | الست بربكم قالوا | بربكم قالوا بليا | قالوا بليا شهدنا | بليا شهدنا ان | شهدنا ان تقولوا | ان تقولوا يوم | تقولوا يوم القيامه | يوم القيامه انا | القيامه انا كنا | انا كنا عن | كنا عن هاذا | عن هاذا غافلين
quotes 7:172: «واشهدهم» in 3 segment(s): BINTSHATI-IJAZ:p188, BINTSHATI-IJAZ:p198, SAMARRAI-ASRAR:r5#2
NOTE quotes 7:172: window «الست» in 52 segments, too common alone; the longer windows that contain it are used instead
quotes 7:172: «من ظهورهم» in 1 segment(s): ITQAN:v1p241
quotes 7:172: «ظهورهم ذريتهم» in 0 segment(s): 
quotes 7:172: «انفسهم الست» in 2 segment(s): BINTSHATI-IJAZ:p188, BINTSHATI-IJAZ:p198
quotes 7:172: «الست بربكم» in 14 segment(s): BINTSHATI-IJAZ:p188, BINTSHATI-IJAZ:p198, BURHAN:v1p373#2, BURHAN:v2p334, BURHAN:v3p217, BURHAN:v4p259, BURHAN:v4p262, BURHAN:v4p353, IBNATIYYA-FULL:v1p54, ITQAN:v2p465, ITQAN:v3p212, ITQAN:v4p511 …
quotes 7:172: «بربكم قالوا» in 11 segment(s): BINTSHATI-IJAZ:p188, BINTSHATI-IJAZ:p198, BURHAN:v1p373#2, BURHAN:v3p217, BURHAN:v4p259, BURHAN:v4p262, BURHAN:v4p353, ITQAN:v2p465, ITQAN:v4p511, JISHUMI:v1p552#2, KHATTABI:v1p31
quotes 7:172: «بليا شهدنا» in 0 segment(s): 
quotes 7:172: «شهدنا ان» in 1 segment(s): BINTSHATI-IJAZ:p198
quotes 7:172: «تقولوا يوم» in 2 segment(s): BINTSHATI-IJAZ:p198, JISHUMI:v1p666
quotes 7:172: «القيامه انا» in 2 segment(s): BAGHAWI-FULL:v1p39, BINTSHATI-IJAZ:p198
quotes 7:172: «هاذا غافلين» in 0 segment(s): 
quotes 7:172: «واذ اخذ ربك» in 8 segment(s): ABUDAWUD:4703, AZRAQI:v1p323, IBNHIBBAN:6166, ITQAN:v1p47#2, MALIK:1624, MUSNAD-AHMAD:310, MUSNAD-AHMAD:21227, TIRMIDHI:3075
quotes 7:172: «اخذ ربك من» in 8 segment(s): ABUDAWUD:4703, AZRAQI:v1p323, IBNHIBBAN:6166, ITQAN:v1p47#2, MALIK:1624, MUSNAD-AHMAD:310, MUSNAD-AHMAD:21227, TIRMIDHI:3075
quotes 7:172: «ربك من بني» in 8 segment(s): ABUDAWUD:4703, AZRAQI:v1p323, IBNHIBBAN:6166, ITQAN:v1p47#2, MALIK:1624, MUSNAD-AHMAD:310, MUSNAD-AHMAD:21227, TIRMIDHI:3075
quotes 7:172: «من بني ادم» in 43 segment(s): ABUDAWUD:930, ABUDAWUD:4703, AZRAQI:v1p323, BUKHARI:3431, BURHAN:v2p236, BURHAN:v2p468, BURHAN:v3p305, IBNHIBBAN:165, IBNHIBBAN:299, IBNHIBBAN:2247, IBNHIBBAN:3380, IBNHIBBAN:6166 …
quotes 7:172: «بني ادم من» in 12 segment(s): ABUDAWUD:35, ABUDAWUD:4703, AZRAQI:v1p323, IBNHIBBAN:6166, MALIK:1624, MUSNAD-AHMAD:310, MUSNAD-AHMAD:8838, MUSNAD-AHMAD:21227, MUSNAD-AHMAD:26576, SAMARRAI-LAMASAT-HALAQAT:p893, SAMARRAI-LAMASAT-HALAQAT:p971, TIRMIDHI:3075
quotes 7:172: «انا كنا عن» in 4 segment(s): BINTSHATI-IJAZ:p198, MALIK:1624, MUSNAD-AHMAD:2455, TIRMIDHI:3075
quotes 7:172: «كنا عن هاذا» in 0 segment(s): 
quotes 7:194: 12 unique window(s): فادعوهم | الله عباد | عباد امثالكم | امثالكم فادعوهم | فادعوهم فليستجيبوا | فليستجيبوا لكم | دون الله عباد | الله عباد امثالكم | عباد امثالكم فادعوهم | امثالكم فادعوهم فليستجيبوا | فادعوهم فليستجيبوا لكم | فليستجيبوا لكم ان
quotes 7:194: «فادعوهم» in 2 segment(s): SAMARRAI-ASRAR:r5#2, SAMARRAI-ASRAR:r7#5
quotes 7:194: «الله عباد» in 3 segment(s): ITQAN:v2p449#4, SAMARRAI-ASRAR:r5#2, SAMARRAI-ASRAR:r7#5
quotes 7:194: «عباد امثالكم» in 3 segment(s): ITQAN:v2p449#4, SAMARRAI-ASRAR:r5#2, SAMARRAI-ASRAR:r7#5
quotes 7:194: «فليستجيبوا لكم» in 2 segment(s): SAMARRAI-ASRAR:r5#2, SAMARRAI-ASRAR:r7#5
quotes 7:195: 43 unique window(s): الهم | ارجل | يبطشون | كيدون | الهم ارجل | ارجل يمشون | يمشون بها | بها ام | لهم ايد | ايد يبطشون | يبطشون بها | بها ام | لهم اعين | اعين يبصرون | بها ام | لهم اذان | شركاكم ثم | ثم كيدون | كيدون فلا | فلا تنظرون | الهم ارجل يمشون | ارجل يمشون بها | يمشون بها ام | بها ام لهم | ام لهم ايد | لهم ايد يبطشون | ايد يبطشون بها | يبطشون بها ام | بها ام لهم | ام لهم اعين | لهم اعين يبصرون | اعين يبصرون بها | يبصرون بها ام | بها ام لهم | ام لهم اذان | لهم اذان يسمعون | يسمعون بها قل | بها قل ادعوا | قل ادعوا شركاكم | ادعوا شركاكم ثم | شركاكم ثم كيدون | ثم كيدون فلا | كيدون فلا تنظرون
quotes 7:195: «الهم» in 23 segment(s): BINTSHATI-IJAZ:p400, BINTSHATI-IJAZ:p412, BINTSHATI-IJAZ:p503, BINTSHATI-IJAZ:p521, BURHAN:v3p184, BURHAN:v3p270, BURHAN:v4p56, BURHAN:v4p375, IBNJAWZI-NUZHA:v1p627, IBNQUTAYBA-MUSHKIL:v1p137, ITQAN:v1p123, ITQAN:v1p160 …
quotes 7:195: «ارجل» in 10 segment(s): BURHAN:v3p270, BURHAN:v4p56, ITQAN:v2p445#3, ITQAN:v3p39, ITQAN:v4p525, JURJANI-DALAIL:v1p119, JURJANI-DALAIL:v1p120, SAMARRAI-ASRAR:r5#2, SAMARRAI-ASRAR:r7#5, SIBAWAYH:(هذابابتكسيرالواحدللجمع)#654
quotes 7:195: «يبطشون» in 7 segment(s): BURHAN:v3p270, ITQAN:v2p321#2, ITQAN:v2p445#3, ITQAN:v3p39, NASHR:v2p273, SAMARRAI-ASRAR:r5#2, SAMARRAI-ASRAR:r7#5
quotes 7:195: «كيدون» in 10 segment(s): ITQAN:v4p445, NASHR:v2p180, NASHR:v2p184, NASHR:v2p186, NASHR:v2p274, SAMARRAI-ASRAR:r5, SAMARRAI-ASRAR:r5#2, SAMARRAI-ASRAR:r7#5, SAMARRAI-LAMASAT-HALAQAT:p815, SAMARRAI-LAMASAT-HALAQAT:p1085
quotes 7:195: «يمشون بها» in 6 segment(s): BURHAN:v3p270, BURHAN:v4p56, ITQAN:v2p445#3, ITQAN:v3p39, SAMARRAI-ASRAR:r5#2, SAMARRAI-ASRAR:r7#5
quotes 7:195: «بها ام» in 10 segment(s): BURHAN:v3p270, BURHAN:v3p399, BURHAN:v4p56, ITQAN:v2p445#3, ITQAN:v3p39, JISHUMI:v2p943, JURJANI-DALAIL:v1p341, NASHR:v1p252, SAMARRAI-ASRAR:r5#2, SAMARRAI-ASRAR:r7#5
quotes 7:195: «لهم ايد» in 6 segment(s): BURHAN:v3p270, BURHAN:v4p56, ITQAN:v2p445#3, ITQAN:v3p39, SAMARRAI-ASRAR:r5#2, SAMARRAI-ASRAR:r7#5
quotes 7:195: «بها ام» in 10 segment(s): BURHAN:v3p270, BURHAN:v3p399, BURHAN:v4p56, ITQAN:v2p445#3, ITQAN:v3p39, JISHUMI:v2p943, JURJANI-DALAIL:v1p341, NASHR:v1p252, SAMARRAI-ASRAR:r5#2, SAMARRAI-ASRAR:r7#5
quotes 7:195: «لهم اعين» in 4 segment(s): BURHAN:v3p399, IBNJAWZI-NUZHA:v1p443, SAMARRAI-ASRAR:r5#2, SAMARRAI-ASRAR:r7#5
quotes 7:195: «اعين يبصرون» in 4 segment(s): BURHAN:v3p399, IBNJAWZI-NUZHA:v1p443, SAMARRAI-ASRAR:r5#2, SAMARRAI-ASRAR:r7#5
quotes 7:195: «بها ام» in 10 segment(s): BURHAN:v3p270, BURHAN:v3p399, BURHAN:v4p56, ITQAN:v2p445#3, ITQAN:v3p39, JISHUMI:v2p943, JURJANI-DALAIL:v1p341, NASHR:v1p252, SAMARRAI-ASRAR:r5#2, SAMARRAI-ASRAR:r7#5
quotes 7:195: «لهم اذان» in 3 segment(s): BURHAN:v3p399, SAMARRAI-ASRAR:r5#2, SAMARRAI-ASRAR:r7#5
quotes 7:195: «شركاكم ثم» in 3 segment(s): SAMARRAI-ASRAR:r5, SAMARRAI-ASRAR:r5#2, SAMARRAI-ASRAR:r7#5
quotes 7:195: «فلا تنظرون» in 4 segment(s): NASHR:v2p180, SAMARRAI-ASRAR:r5, SAMARRAI-ASRAR:r5#2, SAMARRAI-ASRAR:r7#5
quotes 7:195: «يسمعون بها قل» in 2 segment(s): SAMARRAI-ASRAR:r5#2, SAMARRAI-ASRAR:r7#5
quotes 7:195: «بها قل ادعوا» in 2 segment(s): SAMARRAI-ASRAR:r5#2, SAMARRAI-ASRAR:r7#5
quotes 7:195: «قل ادعوا شركاكم» in 3 segment(s): SAMARRAI-ASRAR:r5, SAMARRAI-ASRAR:r5#2, SAMARRAI-ASRAR:r7#5
quotes 7:206: 12 unique window(s): ويسبحونه | الذين عند | عبادته ويسبحونه | ويسبحونه وله | وله يسجدون | ان الذين عند | الذين عند ربك | عند ربك لا | ربك لا يستكبرون | عن عبادته ويسبحونه | عبادته ويسبحونه وله | ويسبحونه وله يسجدون
quotes 7:206: «ويسبحونه» in 4 segment(s): SAMARRAI-ASRAR:r3#2, SAMARRAI-ASRAR:r12#3, SAMARRAI-ASRAR:r13, SAMARRAI-LAMASAT-HALAQAT:p805
quotes 7:206: «الذين عند» in 5 segment(s): BURHAN:v4p290, IBNQUTAYBA-MUSHKIL:v1p105, SAMARRAI-ASRAR:r12#3, SAMARRAI-ASRAR:r13, SAMARRAI-LAMASAT-HALAQAT:p805
quotes 7:206: «وله يسجدون» in 4 segment(s): SAMARRAI-ASRAR:r3#2, SAMARRAI-ASRAR:r12#3, SAMARRAI-ASRAR:r13, SAMARRAI-LAMASAT-HALAQAT:p805
quotes 7:206: «عند ربك لا» in 3 segment(s): SAMARRAI-ASRAR:r12#3, SAMARRAI-ASRAR:r13, SAMARRAI-LAMASAT-HALAQAT:p805
quotes 7:206: «ربك لا يستكبرون» in 3 segment(s): SAMARRAI-ASRAR:r12#3, SAMARRAI-ASRAR:r13, SAMARRAI-LAMASAT-HALAQAT:p805
quotes 8:38: 21 unique window(s): يعودوا | ان ينتهوا | ينتهوا يغفر | يغفر لهم | سلف وان | وان يعودوا | يعودوا فقد | فقد مضت | مضت سنت | للذين كفروا ان | كفروا ان ينتهوا | ان ينتهوا يغفر | ينتهوا يغفر لهم | يغفر لهم ما | لهم ما قد | قد سلف وان | سلف وان يعودوا | وان يعودوا فقد | يعودوا فقد مضت | فقد مضت سنت | مضت سنت الاولين
quotes 8:38: «يعودوا» in 9 segment(s): BINTSHATI-IJAZ:p47, BURHAN:v2p229, BURHAN:v3p209, ITQAN:v2p449#3, ITQAN:v2p479#3, ITQAN:v3p172, SAMARRAI-LAMASAT-HALAQAT:p996, SAMARRAI-LAMASAT-HALAQAT:p1100, SIBAWAYH:(هذابابالتضعيف)#800
quotes 8:38: «ان ينتهوا» in 10 segment(s): BURHAN:v1p413, BURHAN:v1p446, BURHAN:v2p114, BURHAN:v2p229, BURHAN:v4p215, ITQAN:v1p297, ITQAN:v2p449#3, ITQAN:v4p428, SIBAWAYH:وإنلمتجعلهبمنزلةاسمليسفيهالهاءلميتغيرعنحالهالتيكان#331, SIBAWAYH:وذلكمنقبلأنالتنوينلميصرمنتهىالاسمفصاركأنهحرفقبلآخر#353
quotes 8:38: «ينتهوا يغفر» in 8 segment(s): BURHAN:v1p413, BURHAN:v1p446, BURHAN:v2p114, BURHAN:v2p229, BURHAN:v4p215, ITQAN:v1p297, ITQAN:v2p449#3, ITQAN:v4p428
quotes 8:38: «يغفر لهم» in 16 segment(s): BURHAN:v1p413, BURHAN:v1p446, BURHAN:v2p114, BURHAN:v2p229, BURHAN:v2p354, BURHAN:v4p215, BURHAN:v4p423, ITQAN:v1p297, ITQAN:v2p449#3, ITQAN:v3p72, ITQAN:v4p428, JISHUMI:v1p792 …
quotes 8:38: «سلف وان» in 2 segment(s): BURHAN:v2p229, ITQAN:v2p449#3
quotes 8:38: «فقد مضت» in 7 segment(s): BURHAN:v1p413, BURHAN:v2p229, BURHAN:v3p209, ITQAN:v2p449#3, ITQAN:v3p172, ITQAN:v3p185, NASHR:v2p129#2
quotes 8:38: «مضت سنت» in 1 segment(s): NASHR:v2p129#2
quotes 8:38: «للذين كفروا ان» in 4 segment(s): BURHAN:v1p446, BURHAN:v2p229, IBNHISHAM:v1p671#3, ITQAN:v4p428
quotes 8:38: «لهم ما قد» in 9 segment(s): BURHAN:v1p413, BURHAN:v1p446, BURHAN:v2p114, BURHAN:v2p229, BURHAN:v4p423, IBNHISHAM:v1p671#3, ITQAN:v1p297, ITQAN:v2p449#3, ITQAN:v4p428
quotes 9:67: 32 unique window(s): بالمنكر | المعروف | ويقبضون | فنسيهم | والمنافقات بعضهم | بعضهم من | يامرون بالمنكر | بالمنكر وينهون | عن المعروف | المعروف ويقبضون | ويقبضون ايديهم | ايديهم نسوا | الله فنسيهم | فنسيهم ان | المنافقين هم | المنافقون والمنافقات بعضهم | والمنافقات بعضهم من | بعضهم من بعض | من بعض يامرون | بعض يامرون بالمنكر | يامرون بالمنكر وينهون | بالمنكر وينهون عن | وينهون عن المعروف | عن المعروف ويقبضون | المعروف ويقبضون ايديهم | ويقبضون ايديهم نسوا | ايديهم نسوا الله | نسوا الله فنسيهم | الله فنسيهم ان | فنسيهم ان المنافقين | ان المنافقين هم | المنافقين هم الفاسقون
quotes 9:67: «بالمنكر» in 0 segment(s): 
NOTE quotes 9:67: window «المعروف» in 174 segments, too common alone; the longer windows that contain it are used instead
quotes 9:67: «ويقبضون» in 1 segment(s): IBNQUTAYBA-MUSHKIL:v1p106
quotes 9:67: «فنسيهم» in 6 segment(s): BURHAN:v3p381, IBNQUTAYBA-MUSHKIL:v1p170, ITQAN:v2p341, JISHUMI:v2p954, JISHUMI:v2p1089, NASHR:v2p140
quotes 9:67: «والمنافقات بعضهم» in 2 segment(s): BURHAN:v4p424, ITQAN:v3p307
quotes 9:67: «بعضهم من» in 33 segment(s): BAQILLANI:v1p63, BINTSHATI-IJAZ:p151, BURHAN:v1p22, BURHAN:v2p10, BURHAN:v2p193, BURHAN:v2p449, BURHAN:v2p468, BURHAN:v3p53, BURHAN:v3p325, BURHAN:v3p334, BURHAN:v3p356, BURHAN:v3p461 …
quotes 9:67: «عن المعروف» in 0 segment(s): 
quotes 9:67: «ايديهم نسوا» in 0 segment(s): 
quotes 9:67: «المنافقين هم» in 3 segment(s): DAMGHANI:v1p357, IBNJAWZI-NUZHA:v1p464, SAMARRAI-LAMASAT-HALAQAT:p1093
quotes 9:67: «من بعض يامرون» in 0 segment(s): 
quotes 9:71: 24 unique window(s): ويطيعون | سيرحمهم | والمومنون والمومنات | والمومنات بعضهم | يامرون بالمعروف | المنكر ويقيمون | الزكواه ويطيعون | ويطيعون الله | اولايك سيرحمهم | سيرحمهم الله | والمومنون والمومنات بعضهم | والمومنات بعضهم اوليا | اوليا بعض يامرون | بعض يامرون بالمعروف | يامرون بالمعروف وينهون | عن المنكر ويقيمون | المنكر ويقيمون الصلواه | ويقيمون الصلواه ويوتون | ويوتون الزكواه ويطيعون | الزكواه ويطيعون الله | ويطيعون الله ورسوله | ورسوله اولايك سيرحمهم | اولايك سيرحمهم الله | سيرحمهم الله ان
quotes 9:71: «ويطيعون» in 1 segment(s): SAMARRAI-LAMASAT-HALAQAT:p79
quotes 9:71: «سيرحمهم» in 5 segment(s): BURHAN:v1p90, BURHAN:v2p418, ITQAN:v2p474#2, ITQAN:v3p275, SAMARRAI-LAMASAT-HALAQAT:p79
quotes 9:71: «والمومنون والمومنات» in 5 segment(s): BURHAN:v4p426, DAMGHANI:v1p498, IBNJAWZI-NUZHA:v1p544, SAMARRAI-LAMASAT:p100, SAMARRAI-LAMASAT-HALAQAT:p79
quotes 9:71: «والمومنات بعضهم» in 5 segment(s): BURHAN:v4p426, DAMGHANI:v1p498, IBNJAWZI-NUZHA:v1p544, SAMARRAI-LAMASAT:p100, SAMARRAI-LAMASAT-HALAQAT:p79
quotes 9:71: «يامرون بالمعروف» in 6 segment(s): DAMGHANI:v1p37, IBNJAWZI-NUZHA:v1p398, IBNJAWZI-NUZHA:v1p544, IBNJAWZI-NUZHA:v1p574, SAMARRAI-LAMASAT:p100, SAMARRAI-LAMASAT-HALAQAT:p79
quotes 9:71: «المنكر ويقيمون» in 2 segment(s): SAMARRAI-LAMASAT:p100, SAMARRAI-LAMASAT-HALAQAT:p79
quotes 9:71: «اوليا بعض يامرون» in 3 segment(s): IBNJAWZI-NUZHA:v1p544, SAMARRAI-LAMASAT:p100, SAMARRAI-LAMASAT-HALAQAT:p79
quotes 9:71: «ويقيمون الصلواه ويوتون» in 0 segment(s): 
quotes 9:76: 11 unique window(s): فلما اتياهم | فضله بخلوا | به وتولوا | وتولوا وهم | فلما اتياهم من | اتياهم من فضله | من فضله بخلوا | فضله بخلوا به | بخلوا به وتولوا | به وتولوا وهم | وتولوا وهم معرضون
quotes 9:76: «فلما اتياهم» in 0 segment(s): 
quotes 9:76: «فضله بخلوا» in 1 segment(s): BURHAN:v3p381
quotes 9:76: «به وتولوا» in 0 segment(s): 
quotes 9:76: «وتولوا وهم» in 0 segment(s): 
quotes 9:76: «اتياهم من فضله» in 0 segment(s): 
quotes 9:78: 9 unique window(s): يعلم سرهم | ونجوياهم وان | الله علام | الله يعلم سرهم | يعلم سرهم ونجوياهم | سرهم ونجوياهم وان | ونجوياهم وان الله | وان الله علام | الله علام الغيوب
quotes 9:78: «يعلم سرهم» in 2 segment(s): BURHAN:v2p470, JISHUMI:v1p448
quotes 9:78: «ونجوياهم وان» in 0 segment(s): 
quotes 9:78: «الله علام» in 1 segment(s): BURHAN:v2p470
quotes 9:103: 26 unique window(s): تطهرهم | وتزكيهم | صلواتك | خذ من | اموالهم صدقه | صدقه تطهرهم | تطهرهم وتزكيهم | وتزكيهم بها | بها وصل | وصل عليهم | ان صلواتك | صلواتك سكن | سكن لهم | خذ من اموالهم | من اموالهم صدقه | اموالهم صدقه تطهرهم | صدقه تطهرهم وتزكيهم | تطهرهم وتزكيهم بها | وتزكيهم بها وصل | بها وصل عليهم | وصل عليهم ان | عليهم ان صلواتك | ان صلواتك سكن | صلواتك سكن لهم | سكن لهم والله | لهم والله سميع
quotes 9:103: «تطهرهم» in 4 segment(s): DAMGHANI:v1p299, IBNJAWZI-NUZHA:v1p419, JURJANI-DALAIL:v1p243, SAMARRAI-ASRAR:r5#10
quotes 9:103: «وتزكيهم» in 5 segment(s): DAMGHANI:v1p218, DAMGHANI:v1p299, IBNJAWZI-NUZHA:v1p419, JURJANI-DALAIL:v1p243, SAMARRAI-ASRAR:r5#10
quotes 9:103: «صلواتك» in 0 segment(s): 
quotes 9:103: «خذ من» in 6 segment(s): BURHAN:v4p318, DAMGHANI:v1p299, FARRA:v1p506, IBNJAWZI-NUZHA:v1p419, JURJANI-DALAIL:v1p243, SAMARRAI-ASRAR:r5#10
quotes 9:103: «اموالهم صدقه» in 5 segment(s): DAMGHANI:v1p299, FARRA:v1p506, IBNJAWZI-NUZHA:v1p419, JURJANI-DALAIL:v1p243, SAMARRAI-ASRAR:r5#10
quotes 9:103: «بها وصل» in 2 segment(s): JURJANI-DALAIL:v1p243, SAMARRAI-ASRAR:r5#10
quotes 9:103: «وصل عليهم» in 12 segment(s): BURHAN:v2p165, BURHAN:v2p405, BURHAN:v3p94, DAMGHANI:v1p242, DAMGHANI:v1p282, IBNJAWZI-NUZHA:v1p393, IBNQUTAYBA-MUSHKIL:v1p255, ITQAN:v2p412, ITQAN:v2p454#4, ITQAN:v4p480, JURJANI-DALAIL:v1p243, SAMARRAI-ASRAR:r5#10
quotes 9:103: «سكن لهم» in 14 segment(s): BURHAN:v2p165, BURHAN:v2p405, BURHAN:v3p91, BURHAN:v3p94, BURHAN:v4p105, DAMGHANI:v1p242, DAMGHANI:v1p282, IBNJAWZI-NUZHA:v1p393, IBNQUTAYBA-MUSHKIL:v1p255, ITQAN:v2p313#2, ITQAN:v2p454#4, ITQAN:v4p480 …
quotes 9:103: «لهم والله سميع» in 1 segment(s): SAMARRAI-ASRAR:r5#10
quotes 10:24: 58 unique window(s): زخرفها | وازينت | قادرون | انما مثل | الارض مما | مما ياكل | ياكل الناس | الناس والانعام | والانعام حتيا | اذا اخذت | اخذت الارض | الارض زخرفها | زخرفها وازينت | وازينت وظن | وظن اهلها | اهلها انهم | انهم قادرون | قادرون عليها | عليها اتياها | اتياها امرنا | امرنا ليلا | ليلا او | نهارا فجعلناها | فجعلناها حصيدا | حصيدا كان | لم تغن | تغن بالامس | بالامس كذالك | انما مثل الحيواه | نبات الارض مما | الارض مما ياكل | مما ياكل الناس | ياكل الناس والانعام | الناس والانعام حتيا | والانعام حتيا اذا | حتيا اذا اخذت | اذا اخذت الارض | اخذت الارض زخرفها | الارض زخرفها وازينت | زخرفها وازينت وظن | وازينت وظن اهلها | وظن اهلها انهم | اهلها انهم قادرون | انهم قادرون عليها | قادرون عليها اتياها | عليها اتياها امرنا | اتياها امرنا ليلا | امرنا ليلا او | ليلا او نهارا | او نهارا فجعلناها | نهارا فجعلناها حصيدا | فجعلناها حصيدا كان | حصيدا كان لم | كان لم تغن | لم تغن بالامس | تغن بالامس كذالك | بالامس كذالك نفصل | الايات لقوم يتفكرون
quotes 10:24: «زخرفها» in 10 segment(s): BAQILLANI:v1p262, BINTSHATI-IJAZ:p484, BURHAN:v2p140, BURHAN:v4p208, BURHAN:v4p336, DAMGHANI:v1p215, DAMGHANI:v1p223, IBNJAWZI-NUZHA:v1p335#2, JURJANI-ASRAR:v1p86, SAMARRAI-LAMASAT-HALAQAT:p1007
quotes 10:24: «وازينت» in 10 segment(s): BAQILLANI:v1p262, BINTSHATI-IJAZ:p484, BURHAN:v2p140, BURHAN:v4p336, DAMGHANI:v1p215, DAMGHANI:v1p223, IBNJAWZI-NUZHA:v1p335#2, JURJANI-ASRAR:v1p86, SAMARRAI-LAMASAT-HALAQAT:p1007, SIBAWAYH:هذابابالإدغامفيحروفطرفاللسانوالثنايا#809
quotes 10:24: «قادرون» in 16 segment(s): BAQILLANI:v1p30, BAQILLANI:v1p262, BINTSHATI-IJAZ:p45, BINTSHATI-IJAZ:p61, BINTSHATI-IJAZ:p70, BINTSHATI-IJAZ:p484, BINTSHATI-IJAZ:p566, BURHAN:v2p93, BURHAN:v2p140, BURHAN:v4p336, ITQAN:v4p314, JISHUMI:v1p494#2 …
quotes 10:24: «انما مثل» in 9 segment(s): BAQILLANI:v1p262, BURHAN:v3p420, IBNKATHIR-FULL:v1p70#2, ITQAN:v3p115, ITQAN:v4p336, JURJANI-ASRAR:v1p86, JURJANI-ASRAR:v1p91, JURJANI-ASRAR:v1p214, RUMMANI:v1p82
quotes 10:24: «الارض مما» in 3 segment(s): BAQILLANI:v1p262, BINTSHATI-IJAZ:p549, JURJANI-ASRAR:v1p86
quotes 10:24: «مما ياكل» in 2 segment(s): BAQILLANI:v1p262, JURJANI-ASRAR:v1p86
quotes 10:24: «ياكل الناس» in 2 segment(s): BAQILLANI:v1p262, JURJANI-ASRAR:v1p86
quotes 10:24: «الناس والانعام» in 5 segment(s): BAQILLANI:v1p262, BURHAN:v3p305, BURHAN:v3p306, DAMGHANI:v1p168, JURJANI-ASRAR:v1p86
quotes 10:24: «والانعام حتيا» in 0 segment(s): 
quotes 10:24: «اذا اخذت» in 22 segment(s): ALUSI-FULL:v1p19, BAQILLANI:v1p172, BAQILLANI:v1p262, BINTSHATI-IJAZ:p484, BURHAN:v2p140, BURHAN:v3p102, BURHAN:v3p422, BURHAN:v4p73, BURHAN:v4p208, BURHAN:v4p336, DAMGHANI:v1p215, DAMGHANI:v1p223 …
quotes 10:24: «اخذت الارض» in 10 segment(s): BAQILLANI:v1p262, BINTSHATI-IJAZ:p484, BURHAN:v2p140, BURHAN:v4p208, BURHAN:v4p336, DAMGHANI:v1p215, DAMGHANI:v1p223, IBNJAWZI-NUZHA:v1p335#2, JURJANI-ASRAR:v1p86, SAMARRAI-LAMASAT-HALAQAT:p1007
quotes 10:24: «وظن اهلها» in 5 segment(s): BAQILLANI:v1p262, BINTSHATI-IJAZ:p484, BURHAN:v2p140, BURHAN:v4p336, JURJANI-ASRAR:v1p86
quotes 10:24: «اهلها انهم» in 5 segment(s): BAQILLANI:v1p262, BINTSHATI-IJAZ:p484, BURHAN:v2p140, BURHAN:v4p336, JURJANI-ASRAR:v1p86
quotes 10:24: «عليها اتياها» in 0 segment(s): 
quotes 10:24: «اتياها امرنا» in 0 segment(s): 
quotes 10:24: «امرنا ليلا» in 9 segment(s): BAQILLANI:v1p262, BAQILLANI:v1p265, BINTSHATI-IJAZ:p484, BURHAN:v2p140, BURHAN:v4p81, BURHAN:v4p208, BURHAN:v4p336, JURJANI-ASRAR:v1p86, RUMMANI:v1p91
quotes 10:24: «ليلا او» in 11 segment(s): BAQILLANI:v1p262, BAQILLANI:v1p265, BINTSHATI-IJAZ:p484, BURHAN:v2p140, BURHAN:v4p81, BURHAN:v4p147, BURHAN:v4p208, BURHAN:v4p336, JISHUMI:v1p758, JURJANI-ASRAR:v1p86, RUMMANI:v1p91
quotes 10:24: «نهارا فجعلناها» in 7 segment(s): BAQILLANI:v1p262, BAQILLANI:v1p265, BINTSHATI-IJAZ:p484, BURHAN:v2p140, BURHAN:v4p336, JURJANI-ASRAR:v1p86, RUMMANI:v1p91
quotes 10:24: «فجعلناها حصيدا» in 9 segment(s): BAQILLANI:v1p262, BAQILLANI:v1p265, BINTSHATI-IJAZ:p484, BURHAN:v2p140, BURHAN:v3p440, BURHAN:v4p336, ITQAN:v3p120#2, JURJANI-ASRAR:v1p86, RUMMANI:v1p91
quotes 10:24: «حصيدا كان» in 7 segment(s): BAQILLANI:v1p262, BINTSHATI-IJAZ:p484, BURHAN:v2p140, BURHAN:v3p440, BURHAN:v4p336, JURJANI-ASRAR:v1p86, RUMMANI:v1p91
quotes 10:24: «لم تغن» in 9 segment(s): BAQILLANI:v1p262, BINTSHATI-IJAZ:p484, BURHAN:v2p140, BURHAN:v3p440, BURHAN:v4p336, ITQAN:v3p115, JURJANI-ASRAR:v1p86, NASHR:v1p398, RUMMANI:v1p91
quotes 10:24: «تغن بالامس» in 8 segment(s): BAQILLANI:v1p262, BINTSHATI-IJAZ:p484, BURHAN:v2p140, BURHAN:v3p440, BURHAN:v4p336, ITQAN:v3p115, JURJANI-ASRAR:v1p86, RUMMANI:v1p91
quotes 10:24: «بالامس كذالك» in 0 segment(s): 
quotes 10:24: «الايات لقوم يتفكرون» in 0 segment(s): 
quotes 11:41: 19 unique window(s): اركبوا | مجرياها | ومرسياها | وقال اركبوا | اركبوا فيها | فيها بسم | الله مجرياها | مجرياها ومرسياها | ومرسياها ان | ربي لغفور | وقال اركبوا فيها | اركبوا فيها بسم | فيها بسم الله | بسم الله مجرياها | الله مجرياها ومرسياها | مجرياها ومرسياها ان | ومرسياها ان ربي | ان ربي لغفور | ربي لغفور رحيم
quotes 11:41: «اركبوا» in 7 segment(s): BURHAN:v4p302, DAMGHANI:v1p209, IBNJAWZI-NUZHA:v1p311, ITQAN:v2p486, ITQAN:v3p16, ITQAN:v3p158, SAMARRAI-LAMASAT-HALAQAT:p624
quotes 11:41: «مجرياها» in 0 segment(s): 
quotes 11:41: «ومرسياها» in 0 segment(s): 
quotes 11:41: «فيها بسم» in 4 segment(s): DAMGHANI:v1p209, ITQAN:v3p16, ITQAN:v3p158, SAMARRAI-LAMASAT-HALAQAT:p624
quotes 11:41: «ربي لغفور» in 1 segment(s): ITQAN:v4p436
quotes 11:53: 24 unique window(s): ياهود | بتاركي | قولك | قالوا ياهود | ياهود ما | جيتنا ببينه | ببينه وما | نحن بتاركي | بتاركي الهتنا | الهتنا عن | عن قولك | قولك وما | قالوا ياهود ما | ياهود ما جيتنا | ما جيتنا ببينه | جيتنا ببينه وما | ببينه وما نحن | وما نحن بتاركي | نحن بتاركي الهتنا | بتاركي الهتنا عن | الهتنا عن قولك | عن قولك وما | قولك وما نحن | وما نحن لك
quotes 11:53: «ياهود» in 1 segment(s): SAMARRAI-ASRAR:r5#2
quotes 11:53: «بتاركي» in 4 segment(s): BURHAN:v4p286, IBNJAWZI-NUZHA:v1p438, ITQAN:v2p479, SAMARRAI-ASRAR:r5#2
NOTE quotes 11:53: window «قولك» in 685 segments, too common alone; the longer windows that contain it are used instead
quotes 11:53: «جيتنا ببينه» in 2 segment(s): BURHAN:v3p336, SAMARRAI-ASRAR:r5#2
quotes 11:53: «ببينه وما» in 1 segment(s): SAMARRAI-ASRAR:r5#2
quotes 11:53: «الهتنا عن» in 4 segment(s): BURHAN:v4p286, IBNJAWZI-NUZHA:v1p438, ITQAN:v2p479, SAMARRAI-ASRAR:r5#2
quotes 11:53: «عن قولك» in 9 segment(s): BURHAN:v2p501, BURHAN:v4p286, IBNJAWZI-NUZHA:v1p438, ITQAN:v2p479, ITQAN:v3p152#3, JURJANI-DALAIL:v1p176, SAMARRAI-ASRAR:r5#2, SIBAWAYH:تقولرويدزيداوإنماتريدأرودزيدا|قالالهذلى#95, SIBAWAYH:(هذابابمايحقرعلىغيربناءمكبرهالذييستعملفيالكلام)#630
quotes 11:53: «قولك وما» in 2 segment(s): SAMARRAI-ASRAR:r5#2, TAB-FULL:v1p18
quotes 11:53: «وما نحن لك» in 3 segment(s): ITQAN:v1p252, NASHR:v1p294, SAMARRAI-ASRAR:r5#2
quotes 11:54: 23 unique window(s): اعترياك | نقول الا | الا اعترياك | اعترياك بعض | بعض الهتنا | الهتنا بسو | بسو قال | اني اشهد | اشهد الله | الله واشهدوا | واشهدوا اني | ان نقول الا | نقول الا اعترياك | الا اعترياك بعض | اعترياك بعض الهتنا | بعض الهتنا بسو | الهتنا بسو قال | بسو قال اني | قال اني اشهد | اني اشهد الله | اشهد الله واشهدوا | الله واشهدوا اني | واشهدوا اني بري
quotes 11:54: «اعترياك» in 0 segment(s): 
quotes 11:54: «نقول الا» in 4 segment(s): IBNASHUR-FULL:v1p58, JURJANI-DALAIL:v1p113, SAMARRAI-ASRAR:r5#2, SAMARRAI-LAMASAT-HALAQAT:p875
quotes 11:54: «بعض الهتنا» in 1 segment(s): SAMARRAI-ASRAR:r5#2
quotes 11:54: «الهتنا بسو» in 0 segment(s): 
quotes 11:54: «بسو قال» in 0 segment(s): 
quotes 11:54: «اني اشهد» in 4 segment(s): ITQAN:v3p233, NASHR:v2p169#2, NASHR:v2p292, SAMARRAI-ASRAR:r5#2
quotes 11:54: «اشهد الله» in 5 segment(s): BURHAN:v3p336, ITQAN:v3p233, NASHR:v2p292, RIFAI-KHULI:c7, SAMARRAI-ASRAR:r5#2
quotes 11:54: «الله واشهدوا» in 2 segment(s): ITQAN:v3p233, SAMARRAI-ASRAR:r5#2
quotes 11:54: «واشهدوا اني» in 3 segment(s): IBNASHUR-FULL:v1p75, ITQAN:v3p233, SAMARRAI-ASRAR:r5#2
quotes 11:55: 9 unique window(s): فكيدوني | دونه فكيدوني | فكيدوني جميعا | لا تنظرون | من دونه فكيدوني | دونه فكيدوني جميعا | فكيدوني جميعا ثم | جميعا ثم لا | ثم لا تنظرون
quotes 11:55: «فكيدوني» in 4 segment(s): DAMGHANI:v1p410, ITQAN:v4p445, SAMARRAI-ASRAR:r5, SAMARRAI-ASRAR:r5#2
quotes 11:55: «لا تنظرون» in 5 segment(s): DAMGHANI:v1p410, ITQAN:v4p445, NASHR:v2p180, SAMARRAI-ASRAR:r5, SAMARRAI-ASRAR:r5#2
quotes 11:55: «جميعا ثم لا» in 5 segment(s): DAMGHANI:v1p410, IBNHISHAM:v2p638, IBNJINNI-MUHTASAB:v1p18, SAMARRAI-ASRAR:r5, SAMARRAI-ASRAR:r5#2
quotes 11:56: 21 unique window(s): بناصيتها | اني توكلت | توكلت علي | وربكم ما | دابه الا | هو اخذ | اخذ بناصيتها | بناصيتها ان | اني توكلت علي | توكلت علي الله | علي الله ربي | ربي وربكم ما | وربكم ما من | ما من دابه | من دابه الا | دابه الا هو | الا هو اخذ | هو اخذ بناصيتها | اخذ بناصيتها ان | بناصيتها ان ربي | ربي عليا صراط
quotes 11:56: «بناصيتها» in 2 segment(s): IBNQUTAYBA-MUSHKIL:v1p115, MAJAZ:v2p444#2
quotes 11:56: «اني توكلت» in 2 segment(s): SAMARRAI-ASRAR:r5#2, SAMARRAI-LAMASAT-HALAQAT:p875
quotes 11:56: «توكلت علي» in 2 segment(s): ITQAN:v4p437, SAMARRAI-ASRAR:r5#2
quotes 11:56: «وربكم ما» in 1 segment(s): SAMARRAI-LAMASAT-HALAQAT:p947
quotes 11:56: «دابه الا» in 1 segment(s): IBNQUTAYBA-MUSHKIL:v1p115
quotes 11:56: «هو اخذ» in 3 segment(s): BURHAN:v1p95, IBNQUTAYBA-MUSHKIL:v1p115, SAMARRAI-ASRAR:r3
quotes 11:56: «علي الله ربي» in 1 segment(s): SAMARRAI-ASRAR:r5#2
quotes 11:56: «ما من دابه» in 1 segment(s): IBNQUTAYBA-MUSHKIL:v1p115
quotes 11:56: «ربي عليا صراط» in 0 segment(s): 
quotes 11:68: 9 unique window(s): ثمودا | لثمود | ان ثمودا | ثمودا كفروا | بعدا لثمود | الا ان ثمودا | ان ثمودا كفروا | ثمودا كفروا ربهم | الا بعدا لثمود
quotes 11:68: «ثمودا» in 4 segment(s): ITQAN:v2p529, ITQAN:v4p366, SIBAWAYH:وذلكقولكرأيتزيداوعمراكلمتهورأيتعبدms037اللهوزيدامررتبهولقيت#52, SIBAWAYH:(هذابابأسماءالقبائلوالأحياءومايضافإلىالأبوالأم)#542
quotes 11:68: «لثمود» in 4 segment(s): BINTSHATI-IJAZ:p483, BINTSHATI-IJAZ:p573, BURHAN:v4p235, NASHR:v2p290
quotes 11:84: 21 unique window(s): تنقصوا | غيره ولا | ولا تنقصوا | تنقصوا المكيال | والميزان اني | اني ارياكم | ارياكم بخير | بخير واني | واني اخاف | يوم محيط | الاه غيره ولا | غيره ولا تنقصوا | ولا تنقصوا المكيال | تنقصوا المكيال والميزان | المكيال والميزان اني | والميزان اني ارياكم | اني ارياكم بخير | ارياكم بخير واني | بخير واني اخاف | واني اخاف عليكم | عذاب يوم محيط
quotes 11:84: «تنقصوا» in 4 segment(s): DAMGHANI:v1p63, DAMGHANI:v1p157, ITQAN:v2p341, SAMARRAI-LAMASAT-HALAQAT:p588
quotes 11:84: «غيره ولا» in 30 segment(s): BAQILLANI:v1p122, BAQILLANI:v1p125, BAQILLANI:v1p166, BAQILLANI:v1p176, BINTSHATI-IJAZ:p204, BURHAN:v1p386#2, BURHAN:v2p509, BURHAN:v3p262, IBNJAWZI-NUZHA:v1p400, IBNQUTAYBA-MUSHKIL:v1p270, ITQAN:v1p203, ITQAN:v3p142 …
quotes 11:84: «والميزان اني» in 1 segment(s): SAMARRAI-LAMASAT-HALAQAT:p588
quotes 11:84: «اني ارياكم» in 0 segment(s): 
quotes 11:84: «ارياكم بخير» in 0 segment(s): 
quotes 11:84: «بخير واني» in 1 segment(s): SAMARRAI-LAMASAT-HALAQAT:p588
quotes 11:84: «واني اخاف» in 2 segment(s): ITQAN:v1p69, SAMARRAI-LAMASAT-HALAQAT:p588
quotes 11:84: «يوم محيط» in 1 segment(s): SAMARRAI-LAMASAT-HALAQAT:p588
quotes 11:87: 37 unique window(s): اصلواتك | تامرك | نترك | نشاوا | الحليم | الرشيد | ياشعيب اصلواتك | اصلواتك تامرك | تامرك ان | ان نترك | نترك ما | اباونا او | ان نفعل | نفعل في | في اموالنا | اموالنا ما | ما نشاوا | نشاوا انك | لانت الحليم | الحليم الرشيد | قالوا ياشعيب اصلواتك | ياشعيب اصلواتك تامرك | اصلواتك تامرك ان | تامرك ان نترك | ان نترك ما | نترك ما يعبد | يعبد اباونا او | اباونا او ان | او ان نفعل | ان نفعل في | نفعل في اموالنا | في اموالنا ما | اموالنا ما نشاوا | ما نشاوا انك | نشاوا انك لانت | انك لانت الحليم | لانت الحليم الرشيد
quotes 11:87: «اصلواتك» in 0 segment(s): 
quotes 11:87: «تامرك» in 9 segment(s): BURHAN:v1p79, BURHAN:v2p342, IBNJAWZI-NUZHA:v1p393, IBNQUTAYBA-MUSHKIL:v1p255, ITQAN:v2p412, ITQAN:v2p529, ITQAN:v3p215, ITQAN:v3p270#4, SAMARRAI-LAMASAT-HALAQAT:p828
quotes 11:87: «نترك» in 14 segment(s): BINTSHATI:v1p13, BINTSHATI-IJAZ:p34, BURHAN:v1p79, IBNABIHATIM:v1p14, IBNJAWZI-NUZHA:v1p351, IBNJAWZI-NUZHA:v1p393, IBNQUTAYBA-MUSHKIL:v1p255, ITQAN:v2p529, ITQAN:v3p270#4, JISHUMI:v1p538, JISHUMI:v2p977, JURJANI-DALAIL:v1p177 …
quotes 11:87: «نشاوا» in 1 segment(s): WAHIDI-BASIT:v1p416
quotes 11:87: «الحليم» in 12 segment(s): BURHAN:v1p79, BURHAN:v4p54, DAMGHANI:v1p255, IBNJAWZI-NUZHA:v1p346, IBNJINNI-MUHTASAB:v1p19, IBNQUTAYBA-MUSHKIL:v1p118, ITQAN:v3p124, ITQAN:v4p438, JISHUMI:v1p719, NASHR:v1p38, SAMARRAI-LAMASAT-HALAQAT:p828, SIBAWAYH:وهوقولكضربتوضربنىزيدوضربنىوضربتزيداتحملالاسمعلىالفعلالذى#46
quotes 11:87: «الرشيد» in 13 segment(s): BINTSHATI-IJAZ:p211, BURHAN:v1p79, BURHAN:v4p54, IBNJAWZI-ZAD:v1p3, IBNQUTAYBA-MUSHKIL:v1p118, ITQAN:v3p124, JURJANI-ASRAR:v1p270, JURJANI-DALAIL:v1p83, KHATTABI:v1p33, MAJAZ:v2p393#3, NASHR:v1p62, NASHR:v1p77#3 …
quotes 11:87: «اباونا او» in 3 segment(s): BURHAN:v1p79, ITQAN:v2p529, SAMARRAI-LAMASAT-HALAQAT:p828
quotes 11:87: «ان نفعل» in 6 segment(s): BURHAN:v1p79, BURHAN:v1p140, IBNQUTAYBA-MUSHKIL:v1p41, ITQAN:v2p529, NASHR:v1p451, SAMARRAI-LAMASAT-HALAQAT:p828
quotes 11:87: «نفعل في» in 6 segment(s): BURHAN:v1p79, IBNQUTAYBA-MUSHKIL:v1p41, ITQAN:v2p529, NASHR:v1p451, SAMARRAI-LAMASAT-HALAQAT:p828, SIBAWAYH:(هذابابالرفعفيمااتصلبالأولكاتصالهms372بالفاءوماانتصبلأنهغاية#472
quotes 11:87: «في اموالنا» in 7 segment(s): BURHAN:v1p79, IBNQUTAYBA-MUSHKIL:v1p41, ITQAN:v2p529, ITQAN:v4p449, NASHR:v1p451, SAMARRAI-LAMASAT-HALAQAT:p828, SIBAWAYH:وذلكقولكالناسمجزيونبأعمالهمإنخيرافخيروإنشرافشروالمرء#103
quotes 11:87: «اموالنا ما» in 8 segment(s): BURHAN:v1p79, IBNQUTAYBA-MUSHKIL:v1p41, ITQAN:v2p529, ITQAN:v4p449, NASHR:v1p451, NASHR:v1p474, NASHR:v1p490, SAMARRAI-LAMASAT-HALAQAT:p828
quotes 11:88: 45 unique window(s): ورزقني | اخالفكم | انهياكم | الاصلاح | توفيقي | ربي ورزقني | ورزقني منه | منه رزقا | ان اخالفكم | اخالفكم اليا | ما انهياكم | انهياكم عنه | عنه ان | ان اريد | اريد الا | الا الاصلاح | الاصلاح ما | ما استطعت | استطعت وما | وما توفيقي | توفيقي الا | بالله عليه | من ربي ورزقني | ربي ورزقني منه | ورزقني منه رزقا | منه رزقا حسنا | رزقا حسنا وما | حسنا وما اريد | اريد ان اخالفكم | ان اخالفكم اليا | اخالفكم اليا ما | اليا ما انهياكم | ما انهياكم عنه | انهياكم عنه ان | عنه ان اريد | ان اريد الا | اريد الا الاصلاح | الا الاصلاح ما | الاصلاح ما استطعت | ما استطعت وما | استطعت وما توفيقي | وما توفيقي الا | توفيقي الا بالله | الا بالله عليه | بالله عليه توكلت
quotes 11:88: «ورزقني» in 1 segment(s): BURHAN:v4p152
quotes 11:88: «اخالفكم» in 1 segment(s): BURHAN:v4p152
quotes 11:88: «انهياكم» in 0 segment(s): 
quotes 11:88: «الاصلاح» in 25 segment(s): BURHAN:v1p104, BURHAN:v2p379, BURHAN:v2p426, BURHAN:v3p177, BURHAN:v4p152, BURHAN:v4p230, DAMGHANI:v1p282, IBNASHUR-FULL:v1p80, IBNJAWZI-NUZHA:v1p287, IBNJAWZI-NUZHA:v1p396#2, IBNJAWZI-NUZHA:v1p607, IBNJAWZI-NUZHA:v1p629 …
quotes 11:88: «توفيقي» in 4 segment(s): BURHAN:v4p152, ITQAN:v1p26, NASHR:v2p167, NASHR:v2p292
quotes 11:88: «منه رزقا» in 1 segment(s): BURHAN:v4p152
quotes 11:88: «عنه ان» in 37 segment(s): ALUSI-FULL:v1p1, BAGHAWI-FULL:v1p41#2, BAQILLANI:v1p76, BAQILLANI:v1p102, BINTSHATI-IJAZ:p68, BURHAN:v1p26, BURHAN:v1p206, BURHAN:v1p235, BURHAN:v1p432, BURHAN:v2p159, BURHAN:v3p81, BURHAN:v4p152 …
quotes 11:88: «ان اريد» in 15 segment(s): ALUSI-FULL:v1p8, ALUSI-FULL:v1p34, BINTSHATI-IJAZ:p107, BURHAN:v1p305, BURHAN:v2p455, BURHAN:v3p103, BURHAN:v3p242, BURHAN:v4p152, DAMGHANI:v1p282, IBNJAWZI-NUZHA:v1p396#2, ITQAN:v2p528, ITQAN:v2p535 …
quotes 11:88: «اريد الا» in 3 segment(s): BURHAN:v4p152, DAMGHANI:v1p282, IBNJAWZI-NUZHA:v1p396#2
quotes 11:88: «ما استطعت» in 6 segment(s): BINTSHATI:v1p17, BURHAN:v4p152, DAMGHANI:v1p282, IBNJAWZI-NUZHA:v1p396#2, IBNKATHIR-FULL:v1p55, MAJAZ:v1p1#23
quotes 11:88: «استطعت وما» in 1 segment(s): BURHAN:v4p152
quotes 11:88: «بالله عليه» in 1 segment(s): ITQAN:v1p26
quotes 11:88: «رزقا حسنا وما» in 1 segment(s): BURHAN:v4p152
quotes 11:88: «حسنا وما اريد» in 1 segment(s): BURHAN:v4p152
quotes 11:112: 14 unique window(s): فاستقم | فاستقم كما | امرت ومن | تاب معك | معك ولا | تطغوا انه | فاستقم كما امرت | كما امرت ومن | امرت ومن تاب | ومن تاب معك | تاب معك ولا | معك ولا تطغوا | ولا تطغوا انه | تطغوا انه بما
quotes 11:112: «فاستقم» in 4 segment(s): BURHAN:v2p410, BURHAN:v3p303, NASHR:v1p431, SAMARRAI-ASRAR:r3
quotes 11:112: «امرت ومن» in 3 segment(s): BURHAN:v2p410, BURHAN:v3p303, SAMARRAI-ASRAR:r3
quotes 11:112: «تاب معك» in 4 segment(s): BURHAN:v2p410, BURHAN:v3p303, NASHR:v1p287, SAMARRAI-ASRAR:r3
quotes 11:112: «معك ولا» in 2 segment(s): JISHUMI:v2p988, SAMARRAI-ASRAR:r3
quotes 11:112: «تطغوا انه» in 1 segment(s): SAMARRAI-ASRAR:r3
quotes 11:114: 27 unique window(s): طرفي | وزلفا | الحسنات | للذاكرين | الصلواه طرفي | طرفي النهار | النهار وزلفا | وزلفا من | اليل ان | ان الحسنات | الحسنات يذهبن | يذهبن السيات | السيات ذالك | ذالك ذكريا | ذكريا للذاكرين | واقم الصلواه طرفي | الصلواه طرفي النهار | طرفي النهار وزلفا | النهار وزلفا من | وزلفا من اليل | من اليل ان | اليل ان الحسنات | ان الحسنات يذهبن | الحسنات يذهبن السيات | يذهبن السيات ذالك | السيات ذالك ذكريا | ذالك ذكريا للذاكرين
quotes 11:114: «طرفي» in 29 segment(s): BURHAN:v1p29, BURHAN:v1p196, BURHAN:v2p352, BURHAN:v3p422, BURHAN:v3p471, DAMGHANI:v1p293, IBNQUTAYBA-MUSHKIL:v1p48, ITQAN:v1p48, ITQAN:v1p104, ITQAN:v1p251, ITQAN:v3p65#2, ITQAN:v3p116 …
quotes 11:114: «وزلفا» in 4 segment(s): BURHAN:v1p29, NASHR:v2p291, SAMARRAI-ASRAR:r3, SAMARRAI-LAMASAT-HALAQAT:p987
quotes 11:114: «الحسنات» in 14 segment(s): BINTSHATI-IJAZ:p361, BURHAN:v1p29, BURHAN:v2p55, BURHAN:v3p365, BURHAN:v4p299, DAMGHANI:v1p255, IBNJAWZI-NUZHA:v1p362, ITQAN:v3p107, ITQAN:v4p514#2, NASHR:v1p206, SAMARRAI-ASRAR:r3, SAMARRAI-LAMASAT-HALAQAT:p583 …
quotes 11:114: «للذاكرين» in 1 segment(s): SAMARRAI-ASRAR:r3
quotes 11:114: «اليل ان» in 1 segment(s): SAMARRAI-ASRAR:r3
quotes 11:114: «يذهبن السيات» in 0 segment(s): 
quotes 11:114: «السيات ذالك» in 0 segment(s): 
quotes 11:114: «ذالك ذكريا» in 0 segment(s): 
quotes 12:18: 15 unique window(s): وجاو عليا | عليا قميصه | قميصه بدم | بدم كذب | كذب قال | جميل والله | والله المستعان | وجاو عليا قميصه | عليا قميصه بدم | قميصه بدم كذب | بدم كذب قال | كذب قال بل | فصبر جميل والله | جميل والله المستعان | والله المستعان عليا
quotes 12:18: «وجاو عليا» in 0 segment(s): 
quotes 12:18: «عليا قميصه» in 0 segment(s): 
quotes 12:18: «قميصه بدم» in 9 segment(s): BURHAN:v2p287, IBNQUTAYBA-MUSHKIL:v1p85, ITQAN:v2p569, ITQAN:v3p103, SAMARRAI-ASRAR:r3#3, SAMARRAI-ASRAR-MUH:p10, SAMARRAI-LAMASAT-HALAQAT:p462, SAMARRAI-LAMASAT-HALAQAT:p1103, SAMARRAI-LAMASAT-HALAQAT:p1104
quotes 12:18: «بدم كذب» in 9 segment(s): BURHAN:v2p287, IBNQUTAYBA-MUSHKIL:v1p85, ITQAN:v2p569, ITQAN:v3p103, SAMARRAI-ASRAR:r3#3, SAMARRAI-ASRAR-MUH:p10, SAMARRAI-LAMASAT-HALAQAT:p462, SAMARRAI-LAMASAT-HALAQAT:p1103, SAMARRAI-LAMASAT-HALAQAT:p1104
quotes 12:18: «كذب قال» in 3 segment(s): ITQAN:v2p370, ITQAN:v2p476#3, SAMARRAI-ASRAR:r3#3
quotes 12:18: «جميل والله» in 2 segment(s): SAMARRAI-ASRAR:r3#3, SIBAWAYH:منذلكقولكحمداوشكرالاكفراوعجباوأفعلذلكوكرامةPageV01P318#129
quotes 12:18: «والله المستعان» in 15 segment(s): BURHAN:v2p153, BURHAN:v3p31, IBNATIYYA-FULL:v1p48, IBNATIYYA-FULL:v1p54#2, IBNKATHIR-FULL:v1p17, IBNKATHIR-FULL:v1p62, IBNKATHIR-FULL:v1p68, JURJANI-DALAIL:v1p26, NASHR:v1p320#2, NASHR:v2p252, NASHR:v2p274, NASHR:v2p281 …
quotes 12:26: 21 unique window(s): راودتني | فصدقت | هي راودتني | راودتني عن | عن نفسي | نفسي وشهد | قبل فصدقت | فصدقت وهو | قال هي راودتني | هي راودتني عن | راودتني عن نفسي | عن نفسي وشهد | نفسي وشهد شاهد | شاهد من اهلها | اهلها ان كان | ان كان قميصه | قد من قبل | من قبل فصدقت | قبل فصدقت وهو | فصدقت وهو من | وهو من الكاذبين
quotes 12:26: «راودتني» in 1 segment(s): BURHAN:v4p27
quotes 12:26: «فصدقت» in 4 segment(s): BINTSHATI-IJAZ:p398, BURHAN:v4p63, BURHAN:v4p215, SAMARRAI-LAMASAT-HALAQAT:p1103
quotes 12:26: «عن نفسي» in 4 segment(s): BURHAN:v4p27, SAMARRAI-ASRAR-MUH:p67, SAMARRAI-LAMASAT-HALAQAT:p518, SAMARRAI-LAMASAT-HALAQAT:p785
quotes 12:26: «نفسي وشهد» in 0 segment(s): 
quotes 12:26: «شاهد من اهلها» in 2 segment(s): BINTSHATI-IJAZ:p398, SAMARRAI-LAMASAT-HALAQAT:p1103
quotes 12:26: «اهلها ان كان» in 2 segment(s): BINTSHATI-IJAZ:p398, SAMARRAI-LAMASAT-HALAQAT:p1103
quotes 12:26: «ان كان قميصه» in 8 segment(s): BINTSHATI-IJAZ:p398, BURHAN:v4p63, BURHAN:v4p126, BURHAN:v4p215, DAMGHANI:v1p168, DAMGHANI:v1p365, SAMARRAI-LAMASAT-HALAQAT:p1057, SAMARRAI-LAMASAT-HALAQAT:p1103
quotes 12:26: «قد من قبل» in 6 segment(s): BINTSHATI-IJAZ:p398, BURHAN:v4p63, BURHAN:v4p215, DAMGHANI:v1p365, SAMARRAI-LAMASAT-HALAQAT:p1057, SAMARRAI-LAMASAT-HALAQAT:p1103
quotes 12:26: «وهو من الكاذبين» in 3 segment(s): BINTSHATI-IJAZ:p398, BURHAN:v4p63, SAMARRAI-LAMASAT-HALAQAT:p1103
quotes 12:27: 7 unique window(s): دبر فكذبت | فكذبت وهو | وان كان قميصه | من دبر فكذبت | دبر فكذبت وهو | فكذبت وهو من | وهو من الصادقين
quotes 12:27: «دبر فكذبت» in 3 segment(s): BINTSHATI-IJAZ:p398, BURHAN:v4p63, NASHR:v1p233
quotes 12:27: «فكذبت وهو» in 2 segment(s): BINTSHATI-IJAZ:p398, BURHAN:v4p63
quotes 12:27: «وان كان قميصه» in 4 segment(s): BINTSHATI-IJAZ:p398, BURHAN:v2p356, BURHAN:v4p63, NASHR:v1p233
quotes 12:27: «وهو من الصادقين» in 3 segment(s): BINTSHATI-IJAZ:p398, BURHAN:v4p63, NASHR:v1p234
quotes 12:32: 34 unique window(s): فذالكن | لمتنني | فاستعصم | ليسجنن | وليكونا | قالت فذالكن | فذالكن الذي | الذي لمتنني | لمتنني فيه | فيه ولقد | ولقد راودته | نفسه فاستعصم | فاستعصم ولين | ولين لم | لم يفعل | امره ليسجنن | ليسجنن وليكونا | وليكونا من | قالت فذالكن الذي | فذالكن الذي لمتنني | الذي لمتنني فيه | لمتنني فيه ولقد | فيه ولقد راودته | ولقد راودته عن | عن نفسه فاستعصم | نفسه فاستعصم ولين | فاستعصم ولين لم | ولين لم يفعل | لم يفعل ما | يفعل ما امره | ما امره ليسجنن | امره ليسجنن وليكونا | ليسجنن وليكونا من | وليكونا من الصاغرين
quotes 12:32: «فذالكن» in 0 segment(s): 
quotes 12:32: «لمتنني» in 4 segment(s): BURHAN:v3p108#2, BURHAN:v4p302, ITQAN:v2p486, ITQAN:v3p157
quotes 12:32: «فاستعصم» in 1 segment(s): ITQAN:v2p315
quotes 12:32: «ليسجنن» in 7 segment(s): BURHAN:v3p44, BURHAN:v4p428, ITQAN:v2p520, SAMARRAI-LAMASAT-HALAQAT:p586, SAMARRAI-LAMASAT-HALAQAT:p591, SAMARRAI-LAMASAT-HALAQAT:p602, SIBAWAYH:(هذابابالنونالثقيلةوالخفيفة)#640
quotes 12:32: «وليكونا» in 3 segment(s): SAMARRAI-LAMASAT-HALAQAT:p586, SAMARRAI-LAMASAT-HALAQAT:p591, SAMARRAI-LAMASAT-HALAQAT:p602
quotes 12:32: «فيه ولقد» in 1 segment(s): NASHR:v2p440
quotes 12:32: «ولقد راودته» in 0 segment(s): 
quotes 12:32: «ولين لم» in 3 segment(s): JURJANI-ASRAR:v1p123, SIBAWAYH:(هذابابالجزاء)#481, YKHULI-TAJDID:c5
quotes 12:32: «لم يفعل» in 30 segment(s): BAQILLANI:v1p219, BURHAN:v1p26, BURHAN:v1p237, BURHAN:v2p199, BURHAN:v2p202, BURHAN:v2p377, IBNASHUR-FULL:v1p47, IBNKATHIR-FULL:v1p27#2, ITQAN:v1p87, ITQAN:v2p414, ITQAN:v2p489#3, ITQAN:v3p95 …
quotes 12:32: «يفعل ما امره» in 0 segment(s): 
quotes 12:33: 30 unique window(s): يدعونني | تصرف | رب السجن | السجن احب | احب الي | الي مما | مما يدعونني | يدعونني اليه | اليه والا | والا تصرف | تصرف عني | عني كيدهن | كيدهن اصب | اصب اليهن | اليهن واكن | قال رب السجن | رب السجن احب | السجن احب الي | احب الي مما | الي مما يدعونني | مما يدعونني اليه | يدعونني اليه والا | اليه والا تصرف | والا تصرف عني | تصرف عني كيدهن | عني كيدهن اصب | كيدهن اصب اليهن | اصب اليهن واكن | اليهن واكن من | واكن من الجاهلين
quotes 12:33: «يدعونني» in 3 segment(s): NASHR:v2p168, SIBAWAYH:(هذابابجمعأسماءالرجالوالنساء)#588, SIBAWAYH:(هذابابماكانعلىحرفينوليستفيهعلامةالتأنيث)#659
NOTE quotes 12:33: window «تصرف» in 80 segments, too common alone; the longer windows that contain it are used instead
quotes 12:33: «رب السجن» in 3 segment(s): BURHAN:v4p233, ITQAN:v2p444, NASHR:v2p295
quotes 12:33: «السجن احب» in 2 segment(s): BURHAN:v4p233, ITQAN:v2p444
quotes 12:33: «احب الي» in 22 segment(s): BURHAN:v1p377, BURHAN:v1p474, BURHAN:v4p233, IBNATIYYA-FULL:v1p37, ITQAN:v1p43, ITQAN:v1p67, ITQAN:v1p233, ITQAN:v2p444, ITQAN:v2p540, ITQAN:v4p404#2, ITQAN:v4p428, ITQAN:v4p464 …
quotes 12:33: «الي مما» in 1 segment(s): ITQAN:v1p67
quotes 12:33: «اليه والا» in 4 segment(s): BURHAN:v2p14, BURHAN:v2p387, ITQAN:v3p82, NASHR:v2p135
quotes 12:33: «والا تصرف» in 2 segment(s): BURHAN:v4p240, DAMGHANI:v1p410
quotes 12:33: «تصرف عني» in 2 segment(s): BURHAN:v4p240, DAMGHANI:v1p410
quotes 12:33: «عني كيدهن» in 2 segment(s): BURHAN:v4p240, DAMGHANI:v1p410
quotes 12:33: «كيدهن اصب» in 0 segment(s): 
quotes 12:33: «اصب اليهن» in 0 segment(s): 
quotes 12:33: «اليهن واكن» in 0 segment(s): 
quotes 12:33: «واكن من الجاهلين» in 0 segment(s): 
quotes 12:35: 14 unique window(s): ليسجننه | ثم بدا | ما راوا | راوا الايات | الايات ليسجننه | ليسجننه حتيا | ثم بدا لهم | بدا لهم من | لهم من بعد | بعد ما راوا | ما راوا الايات | راوا الايات ليسجننه | الايات ليسجننه حتيا | ليسجننه حتيا حين
quotes 12:35: «ليسجننه» in 3 segment(s): BURHAN:v4p58, IBNJAWZI-NUZHA:v1p254, SIBAWAYH:(هذابابالأفعالفيالقسم)#491
quotes 12:35: «ثم بدا» in 4 segment(s): BINTSHATI-IJAZ:p148, BURHAN:v2p129, IBNJAWZI-NUZHA:v1p254, SIBAWAYH:(هذابابالأفعالفيالقسم)#491
quotes 12:35: «ما راوا» in 3 segment(s): IBNJAWZI-NUZHA:v1p254, JURJANI-DALAIL:v1p324, SIBAWAYH:(هذابابالأفعالفيالقسم)#491
quotes 12:35: «راوا الايات» in 3 segment(s): IBNJAWZI-NUZHA:v1p254, JISHUMI:v1p492#2, SIBAWAYH:(هذابابالأفعالفيالقسم)#491
quotes 12:35: «بدا لهم من» in 2 segment(s): IBNJAWZI-NUZHA:v1p254, SIBAWAYH:(هذابابالأفعالفيالقسم)#491
quotes 12:35: «لهم من بعد» in 4 segment(s): BINTSHATI-IJAZ:p125, IBNJAWZI-NUZHA:v1p254, JURJANI-DALAIL:v1p394, SIBAWAYH:(هذابابالأفعالفيالقسم)#491
quotes 12:36: 53 unique window(s): فتيان | ارياني | اعصر | ارياني | راسي | خبزا | نبينا | ودخل معه | معه السجن | السجن فتيان | فتيان قال | قال احدهما | احدهما اني | اني ارياني | ارياني اعصر | اعصر خمرا | خمرا وقال | وقال الاخر | الاخر اني | اني ارياني | ارياني احمل | احمل فوق | فوق راسي | راسي خبزا | خبزا تاكل | تاكل الطير | الطير منه | منه نبينا | نبينا بتاويله | بتاويله انا | ودخل معه السجن | معه السجن فتيان | السجن فتيان قال | فتيان قال احدهما | قال احدهما اني | احدهما اني ارياني | اني ارياني اعصر | ارياني اعصر خمرا | اعصر خمرا وقال | خمرا وقال الاخر | وقال الاخر اني | الاخر اني ارياني | اني ارياني احمل | ارياني احمل فوق | احمل فوق راسي | فوق راسي خبزا | راسي خبزا تاكل | خبزا تاكل الطير | تاكل الطير منه | الطير منه نبينا | منه نبينا بتاويله | نبينا بتاويله انا | بتاويله انا نرياك
quotes 12:36: «فتيان» in 7 segment(s): BURHAN:v4p426, DAMGHANI:v1p350, ITQAN:v2p516#3, ITQAN:v4p387, MAJAZ:v1p1#4, NASHR:v2p295, SIBAWAYH:(هذابابتثنيةماكانمنالمنقوصعلىثلاثةأحرف)#582
quotes 12:36: «ارياني» in 0 segment(s): 
quotes 12:36: «اعصر» in 13 segment(s): BAQILLANI:v1p88, BINTSHATI-IJAZ:p415, BINTSHATI-IJAZ:p416, BINTSHATI-IJAZ:p567, BURHAN:v2p277, DAMGHANI:v1p20, IBNJINNI-MUHTASAB:v1p19, ITQAN:v2p378, ITQAN:v3p101, NASHR:v2p163#2, NASHR:v2p296, SIBAWAYH:(هذابابأفعلإذاكاناسماوماأشبهالأفعالمنالأسماءالتيفي#524 …
quotes 12:36: «ارياني» in 0 segment(s): 
quotes 12:36: «راسي» in 26 segment(s): ALUSI-FULL:v1p1, BAQILLANI:v1p237, BINTSHATI-IJAZ:p196, BINTSHATI-IJAZ:p580, BURHAN:v1p206, BURHAN:v2p277, DAMGHANI:v1p146, DAMGHANI:v1p362, IBNJAWZI-ZAD:v1p4, IBNKATHIR-FULL:v1p54#2, IBNQUTAYBA-MUSHKIL:v1p99, IBNQUTAYBA-MUSHKIL:v1p141 …
quotes 12:36: «خبزا» in 8 segment(s): BAQILLANI:v1p156, BURHAN:v2p277, DAMGHANI:v1p362, IBNQUTAYBA-MUSHKIL:v1p145, ITQAN:v4p335, JISHUMI:v1p528, SIBAWAYH:(هذابابأوفيغيرالاستفهام)#518, TAB-FULL:v1p10
quotes 12:36: «نبينا» in 40 segment(s): BAQILLANI:v1p8, BAQILLANI:v1p16, BURHAN:v2p423, BURHAN:v2p424, BURHAN:v3p219, BURHAN:v3p289, DAMGHANI:v1p59, GHARNATI:v1p180, IBNASHUR-FULL:v1p101#2, IBNJAWZI-NUZHA:v1p218, ITQAN:v1p119#2, ITQAN:v4p314 …
quotes 12:36: «ودخل معه» in 6 segment(s): BURHAN:v4p426, DAMGHANI:v1p350, IBNKATHIR-FULL:v1p49, ITQAN:v2p516#3, ITQAN:v4p387, NASHR:v2p295
quotes 12:36: «معه السجن» in 5 segment(s): BURHAN:v4p426, DAMGHANI:v1p350, ITQAN:v2p516#3, ITQAN:v4p387, NASHR:v2p295
quotes 12:36: «قال احدهما» in 3 segment(s): DAMGHANI:v1p20, SAMARRAI-ASRAR-MUH:p100, SAMARRAI-LAMASAT-HALAQAT:p550
quotes 12:36: «احدهما اني» in 2 segment(s): BURHAN:v1p253#2, DAMGHANI:v1p20
quotes 12:36: «خمرا وقال» in 0 segment(s): 
quotes 12:36: «وقال الاخر» in 40 segment(s): BAQILLANI:v1p83, BURHAN:v1p313, IBNATIYYA-FULL:v1p54#2, IBNJAWZI-NUZHA:v1p441, IBNKATHIR-FULL:v1p35#2, IBNKATHIR-FULL:v1p39, IBNQUTAYBA-GHARIB:v1p3, IBNQUTAYBA-GHARIB:v1p5, IBNQUTAYBA-MUSHKIL:v1p13, IBNQUTAYBA-MUSHKIL:v1p125, IBNQUTAYBA-MUSHKIL:v1p134, IBNQUTAYBA-MUSHKIL:v1p150 …
quotes 12:36: «الاخر اني» in 0 segment(s): 
quotes 12:36: «احمل فوق» in 4 segment(s): BURHAN:v2p277, DAMGHANI:v1p146, DAMGHANI:v1p362, ITQAN:v4p335
quotes 12:36: «تاكل الطير» in 1 segment(s): BURHAN:v2p277
quotes 12:36: «الطير منه» in 1 segment(s): BURHAN:v2p277
quotes 12:36: «بتاويله انا» in 1 segment(s): DAMGHANI:v1p59
quotes 12:41: 36 unique window(s): احدكما | فيسقي | فيصلب | فتاكل | تستفتيان | السجن اما | اما احدكما | احدكما فيسقي | فيسقي ربه | ربه خمرا | خمرا واما | واما الاخر | الاخر فيصلب | فيصلب فتاكل | فتاكل الطير | الطير من | راسه قضي | الامر الذي | فيه تستفتيان | ياصياحبي السجن اما | السجن اما احدكما | اما احدكما فيسقي | احدكما فيسقي ربه | فيسقي ربه خمرا | ربه خمرا واما | خمرا واما الاخر | واما الاخر فيصلب | الاخر فيصلب فتاكل | فيصلب فتاكل الطير | فتاكل الطير من | الطير من راسه | من راسه قضي | راسه قضي الامر | قضي الامر الذي | الامر الذي فيه | الذي فيه تستفتيان
quotes 12:41: «احدكما» in 1 segment(s): ITQAN:v2p429
quotes 12:41: «فيسقي» in 1 segment(s): ITQAN:v2p429
quotes 12:41: «فيصلب» in 0 segment(s): 
quotes 12:41: «فتاكل» in 1 segment(s): BURHAN:v1p468#2
quotes 12:41: «تستفتيان» in 4 segment(s): BURHAN:v3p143, IBNJAWZI-NUZHA:v1p508, ITQAN:v4p347, NASHR:v2p136
quotes 12:41: «السجن اما» in 0 segment(s): 
quotes 12:41: «ربه خمرا» in 1 segment(s): ITQAN:v2p429
quotes 12:41: «خمرا واما» in 0 segment(s): 
quotes 12:41: «واما الاخر» in 2 segment(s): IBNQUTAYBA-MUSHKIL:v1p222, SIBAWAYH:(هذابابالفاء)#475
quotes 12:41: «الطير من» in 2 segment(s): IBNASHUR-FULL:v1p16, IBNQUTAYBA-MUSHKIL:v1p17
quotes 12:41: «راسه قضي» in 0 segment(s): 
quotes 12:41: «الامر الذي» in 27 segment(s): BINTSHATI-IJAZ:p81, BURHAN:v1p211, BURHAN:v1p450, BURHAN:v3p70#2, BURHAN:v3p143, BURHAN:v4p426, DAMGHANI:v1p383, IBNATIYYA-FULL:v1p43, IBNJAWZI-NUZHA:v1p174, IBNJAWZI-NUZHA:v1p176, IBNJAWZI-NUZHA:v1p508, IBNJAWZI-NUZHA:v1p551 …
quotes 12:42: 32 unique window(s): اذكرني | فانسياه | وقال للذي | للذي ظن | ظن انه | انه ناج | ناج منهما | منهما اذكرني | اذكرني عند | ربك فانسياه | فانسياه الشيطان | الشيطان ذكر | ربه فلبث | فلبث في | في السجن | السجن بضع | وقال للذي ظن | للذي ظن انه | ظن انه ناج | انه ناج منهما | ناج منهما اذكرني | منهما اذكرني عند | اذكرني عند ربك | عند ربك فانسياه | ربك فانسياه الشيطان | فانسياه الشيطان ذكر | الشيطان ذكر ربه | ذكر ربه فلبث | ربه فلبث في | فلبث في السجن | في السجن بضع | السجن بضع سنين
quotes 12:42: «اذكرني» in 7 segment(s): BURHAN:v3p446, DAMGHANI:v1p180, DAMGHANI:v1p189, IBNJAWZI-NUZHA:v1p301, IBNKATHIR-FULL:v1p75, ITQAN:v2p415, SAMARRAI-LAMASAT-HALAQAT:p625
quotes 12:42: «فانسياه» in 0 segment(s): 
quotes 12:42: «وقال للذي» in 1 segment(s): SAMARRAI-LAMASAT-HALAQAT:p625
quotes 12:42: «للذي ظن» in 2 segment(s): ITQAN:v4p387, SAMARRAI-LAMASAT-HALAQAT:p625
quotes 12:42: «ظن انه» in 12 segment(s): BAQILLANI:v1p277, BINTSHATI-IJAZ:p33, ITQAN:v4p387, JURJANI-DALAIL:v1p114, JURJANI-DALAIL:v1p119, JURJANI-DALAIL:v1p212, JURJANI-DALAIL:v1p256, JURJANI-DALAIL:v1p257, NASHR:v1p267, NASHR:v1p315, SAMARRAI-LAMASAT-HALAQAT:p625, SIBAWAYH:(هذابابأممنقطعة)#515
quotes 12:42: «انه ناج» in 2 segment(s): ITQAN:v4p387, SAMARRAI-LAMASAT-HALAQAT:p625
quotes 12:42: «ناج منهما» in 1 segment(s): SAMARRAI-LAMASAT-HALAQAT:p625
quotes 12:42: «الشيطان ذكر» in 4 segment(s): BURHAN:v3p446, BURHAN:v4p36, IBNASHUR-FULL:v1p93#2, SAMARRAI-LAMASAT-HALAQAT:p625
quotes 12:42: «ربه فلبث» in 1 segment(s): SAMARRAI-LAMASAT-HALAQAT:p625
quotes 12:42: «فلبث في» in 3 segment(s): ITQAN:v4p362#2, NASHR:v2p295, SAMARRAI-LAMASAT-HALAQAT:p625
quotes 12:42: «في السجن» in 7 segment(s): BURHAN:v4p60, DAMGHANI:v1p347, IBNATIYYA-FULL:v1p59, IBNJAWZI-NUZHA:v1p374, IBNQUTAYBA-GHARIB:v1p23#3, NASHR:v2p295, SAMARRAI-LAMASAT-HALAQAT:p625
quotes 12:42: «السجن بضع» in 2 segment(s): NASHR:v2p295, SAMARRAI-LAMASAT-HALAQAT:p625
quotes 12:43: 23 unique window(s): للريا | تعبرون | الملك اني | اريا سبع | يابسات ياايها | الملا افتوني | في رياي | رياي ان | كنتم للريا | للريا تعبرون | وقال الملك اني | الملك اني اريا | اني اريا سبع | اريا سبع بقرات | واخر يابسات ياايها | يابسات ياايها الملا | ياايها الملا افتوني | الملا افتوني في | افتوني في رياي | في رياي ان | رياي ان كنتم | ان كنتم للريا | كنتم للريا تعبرون
quotes 12:43: «للريا» in 1 segment(s): JISHUMI:v2p1030
quotes 12:43: «تعبرون» in 8 segment(s): BINTSHATI-IJAZ:p215, BINTSHATI-IJAZ:p216, BURHAN:v3p85, BURHAN:v4p343, IBNJAWZI-NUZHA:v1p538, ITQAN:v2p498, SAMARRAI-LAMASAT-HALAQAT:p637, SAMARRAI-LAMASAT-HALAQAT:p777
quotes 12:43: «الملك اني» in 5 segment(s): BINTSHATI-IJAZ:p216, BURHAN:v3p293, IBNQUTAYBA-MUSHKIL:v1p178, SAMARRAI-LAMASAT-HALAQAT:p637, SAMARRAI-LAMASAT-HALAQAT:p777
quotes 12:43: «اريا سبع» in 0 segment(s): 
quotes 12:43: «يابسات ياايها» in 0 segment(s): 
quotes 12:43: «الملا افتوني» in 7 segment(s): BAQILLANI:v1p190, BINTSHATI-IJAZ:p215, BINTSHATI-IJAZ:p216, NASHR:v1p386, SAMARRAI-LAMASAT-HALAQAT:p637, SAMARRAI-LAMASAT-HALAQAT:p777, SAMARRAI-LAMASAT-HALAQAT:p928
quotes 12:43: «في رياي» in 0 segment(s): 
quotes 12:43: «رياي ان» in 0 segment(s): 
quotes 12:45: 20 unique window(s): وادكر | فارسلون | الذي نجا | نجا منهما | منهما وادكر | وادكر بعد | بعد امه | امه انا | انا انبيكم | انبيكم بتاويله | بتاويله فارسلون | وقال الذي نجا | الذي نجا منهما | نجا منهما وادكر | منهما وادكر بعد | وادكر بعد امه | بعد امه انا | امه انا انبيكم | انا انبيكم بتاويله | انبيكم بتاويله فارسلون
quotes 12:45: «وادكر» in 15 segment(s): BURHAN:v1p297, BURHAN:v1p334, BURHAN:v2p208, BURHAN:v4p36, IBNJAWZI-NUZHA:v1p142, IBNQUTAYBA-MUSHKIL:v1p24, IBNQUTAYBA-MUSHKIL:v1p31, IBNQUTAYBA-MUSHKIL:v1p33, IBNQUTAYBA-MUSHKIL:v1p248#2, JISHUMI:v1p603, MAJAZ:v1p12, MAJAZ:v2p414#2 …
quotes 12:45: «فارسلون» in 6 segment(s): BURHAN:v3p194, ITQAN:v3p171, ITQAN:v4p445, NASHR:v2p180, NASHR:v2p297, SAMARRAI-LAMASAT-HALAQAT:p896
quotes 12:45: «الذي نجا» in 2 segment(s): BURHAN:v4p36, SAMARRAI-LAMASAT-HALAQAT:p896
quotes 12:45: «نجا منهما» in 2 segment(s): BURHAN:v4p36, SAMARRAI-LAMASAT-HALAQAT:p896
quotes 12:45: «بعد امه» in 17 segment(s): BURHAN:v1p297, BURHAN:v1p334, BURHAN:v2p208, BURHAN:v4p36, DAMGHANI:v1p42, IBNJAWZI-NUZHA:v1p142, IBNQUTAYBA-MUSHKIL:v1p24, IBNQUTAYBA-MUSHKIL:v1p31, IBNQUTAYBA-MUSHKIL:v1p33, IBNQUTAYBA-MUSHKIL:v1p248#2, ITQAN:v2p315, JISHUMI:v1p603 …
quotes 12:45: «امه انا» in 1 segment(s): SAMARRAI-LAMASAT-HALAQAT:p896
quotes 12:45: «انا انبيكم» in 3 segment(s): IBNJAWZI-NUZHA:v1p218, NASHR:v2p230#2, SAMARRAI-LAMASAT-HALAQAT:p896
quotes 12:45: «انبيكم بتاويله» in 2 segment(s): IBNJAWZI-NUZHA:v1p218, SAMARRAI-LAMASAT-HALAQAT:p896
quotes 12:47: 25 unique window(s): تزرعون | دابا | حصدتم | فذروه | قال تزرعون | تزرعون سبع | سبع سنين | سنين دابا | دابا فما | فما حصدتم | حصدتم فذروه | فذروه في | في سنبله | سنبله الا | قال تزرعون سبع | تزرعون سبع سنين | سبع سنين دابا | سنين دابا فما | دابا فما حصدتم | فما حصدتم فذروه | حصدتم فذروه في | فذروه في سنبله | في سنبله الا | سنبله الا قليلا | قليلا مما تاكلون
quotes 12:47: «تزرعون» in 3 segment(s): BURHAN:v2p287, BURHAN:v3p177, JISHUMI:v1p896
quotes 12:47: «دابا» in 3 segment(s): BURHAN:v2p287, BURHAN:v3p177, NASHR:v2p295
quotes 12:47: «حصدتم» in 2 segment(s): BURHAN:v4p406, ITQAN:v2p514#2
quotes 12:47: «فذروه» in 3 segment(s): BURHAN:v2p287, BURHAN:v4p406, ITQAN:v2p514#2
quotes 12:47: «سبع سنين» in 10 segment(s): BURHAN:v2p287, BURHAN:v3p177, DAMGHANI:v1p318, DAMGHANI:v1p320, IBNQUTAYBA-MUSHKIL:v1p105, ITQAN:v4p368, ITQAN:v4p369, JISHUMI:v2p939, JISHUMI:v2p941, NASHR:v1p2
quotes 12:47: «في سنبله» in 3 segment(s): BURHAN:v2p287, BURHAN:v4p406, ITQAN:v2p514#2
quotes 12:47: «سنبله الا» in 2 segment(s): BURHAN:v4p406, ITQAN:v2p514#2
quotes 12:47: «قليلا مما تاكلون» in 0 segment(s): 
quotes 12:48: 20 unique window(s): ياكلن | قدمتم | تحصنون | ذالك سبع | سبع شداد | شداد ياكلن | ياكلن ما | ما قدمتم | قدمتم لهن | لهن الا | مما تحصنون | بعد ذالك سبع | ذالك سبع شداد | سبع شداد ياكلن | شداد ياكلن ما | ياكلن ما قدمتم | ما قدمتم لهن | قدمتم لهن الا | لهن الا قليلا | قليلا مما تحصنون
quotes 12:48: «ياكلن» in 1 segment(s): DAMGHANI:v1p34
quotes 12:48: «قدمتم» in 4 segment(s): BURHAN:v4p406, DAMGHANI:v1p34, ITQAN:v2p514#2, JISHUMI:v1p896
quotes 12:48: «تحصنون» in 1 segment(s): ITQAN:v2p315
quotes 12:48: «ذالك سبع» in 0 segment(s): 
quotes 12:48: «سبع شداد» in 1 segment(s): DAMGHANI:v1p34
quotes 12:48: «لهن الا» in 2 segment(s): BURHAN:v4p406, ITQAN:v2p514#2
quotes 12:49: 15 unique window(s): يغاث | وفيه | يعصرون | ذالك عام | عام فيه | فيه يغاث | يغاث الناس | الناس وفيه | وفيه يعصرون | بعد ذالك عام | ذالك عام فيه | عام فيه يغاث | فيه يغاث الناس | يغاث الناس وفيه | الناس وفيه يعصرون
quotes 12:49: «يغاث» in 6 segment(s): BINTSHATI-IJAZ:p415, BINTSHATI-IJAZ:p567, DAMGHANI:v1p325, DAMGHANI:v1p468, IBNJAWZI-NUZHA:v1p604, SAMARRAI-ASRAR:r2#2
NOTE quotes 12:49: window «وفيه» in 444 segments, too common alone; the longer windows that contain it are used instead
quotes 12:49: «يعصرون» in 8 segment(s): BINTSHATI-IJAZ:p415, BINTSHATI-IJAZ:p416, BINTSHATI-IJAZ:p567, DAMGHANI:v1p325, ITQAN:v2p315, MAJAZ:v2p429#2, NASHR:v2p295, SAMARRAI-ASRAR:r2#2
quotes 12:49: «ذالك عام» in 0 segment(s): 
quotes 12:49: «عام فيه» in 5 segment(s): BINTSHATI-IJAZ:p415, DAMGHANI:v1p468, JISHUMI:v1p658, NASHR:v2p435, SAMARRAI-ASRAR:r2#2
quotes 12:49: «الناس وفيه» in 5 segment(s): BINTSHATI-IJAZ:p415, BINTSHATI-IJAZ:p567, BINTSHATI-IJAZ:p571, DAMGHANI:v1p325, SAMARRAI-ASRAR:r2#2
quotes 12:91: 12 unique window(s): اثرك | لخاطين | لقد اثرك | اثرك الله | علينا وان | كنا لخاطين | تالله لقد اثرك | لقد اثرك الله | اثرك الله علينا | الله علينا وان | علينا وان كنا | وان كنا لخاطين
quotes 12:91: «اثرك» in 5 segment(s): IBNJAWZI-ZAD:v1p7, ITQAN:v2p499, ITQAN:v4p328, SAMARRAI-LAMASAT-HALAQAT:p638, SAMARRAI-LAMASAT-HALAQAT:p698
quotes 12:91: «لخاطين» in 0 segment(s): 
quotes 12:91: «علينا وان» in 3 segment(s): JISHUMI:v1p869, SAMARRAI-LAMASAT-HALAQAT:p638, SAMARRAI-LAMASAT-HALAQAT:p698
quotes 12:92: 11 unique window(s): تثريب | لا تثريب | تثريب عليكم | اليوم يغفر | قال لا تثريب | لا تثريب عليكم | تثريب عليكم اليوم | عليكم اليوم يغفر | اليوم يغفر الله | الله لكم وهو | لكم وهو ارحم
quotes 12:92: «تثريب» in 5 segment(s): BURHAN:v4p350, ITQAN:v2p529, ITQAN:v3p105, MAJAZ:v2p405, SAMARRAI-LAMASAT-HALAQAT:p698
quotes 12:92: «اليوم يغفر» in 4 segment(s): BURHAN:v3p347, ITQAN:v3p105, SAMARRAI-LAMASAT-HALAQAT:p698, SAMARRAI-LAMASAT-HALAQAT:p699
quotes 12:92: «الله لكم وهو» in 5 segment(s): AZRAQI:v2p121, IBNHISHAM:v2p87#2, NASAI:4227, SAMARRAI-LAMASAT-HALAQAT:p698, SAMARRAI-LAMASAT-HALAQAT:p699
quotes 12:92: «لكم وهو ارحم» in 4 segment(s): AZRAQI:v2p121, IBNHISHAM:v2p87#2, SAMARRAI-LAMASAT-HALAQAT:p698, SAMARRAI-LAMASAT-HALAQAT:p699
quotes 12:97: 10 unique window(s): ياابانا استغفر | استغفر لنا | ذنوبنا انا | كنا خاطين | قالوا ياابانا استغفر | ياابانا استغفر لنا | استغفر لنا ذنوبنا | لنا ذنوبنا انا | ذنوبنا انا كنا | انا كنا خاطين
quotes 12:97: «ياابانا استغفر» in 0 segment(s): 
quotes 12:97: «استغفر لنا» in 3 segment(s): DAMGHANI:v1p157, IBNJAWZI-NUZHA:v1p271, SAMARRAI-LAMASAT-HALAQAT:p698
quotes 12:97: «ذنوبنا انا» in 3 segment(s): DAMGHANI:v1p157, IBNJAWZI-NUZHA:v1p271, SAMARRAI-LAMASAT-HALAQAT:p698
quotes 12:97: «كنا خاطين» in 0 segment(s): 
quotes 13:14: 41 unique window(s): يستجيبون | كباسط | ليبلغ | ببالغه | دعوه الحق | الحق والذين | لا يستجيبون | يستجيبون لهم | لهم بشي | بشي الا | الا كباسط | كباسط كفيه | كفيه الي | الي الما | الما ليبلغ | ليبلغ فاه | فاه وما | هو ببالغه | ببالغه وما | وما دعا | دعا الكافرين | له دعوه الحق | دعوه الحق والذين | الحق والذين يدعون | دونه لا يستجيبون | لا يستجيبون لهم | يستجيبون لهم بشي | لهم بشي الا | بشي الا كباسط | الا كباسط كفيه | كباسط كفيه الي | كفيه الي الما | الي الما ليبلغ | الما ليبلغ فاه | ليبلغ فاه وما | فاه وما هو | وما هو ببالغه | هو ببالغه وما | ببالغه وما دعا | وما دعا الكافرين | دعا الكافرين الا
quotes 13:14: «يستجيبون» in 6 segment(s): IBNASHUR-FULL:v1p121, MAJAZ:v2p406#2, NASHR:v1p229, RUMMANI:v1p82, SAMARRAI-ASRAR-MUH:p84, SAMARRAI-LAMASAT-HALAQAT:p534
quotes 13:14: «كباسط» in 5 segment(s): DAMGHANI:v1p69, IBNASHUR-FULL:v1p121, IBNQUTAYBA-MUSHKIL:v1p141, MAJAZ:v2p402#2, RUMMANI:v1p82
quotes 13:14: «ليبلغ» in 5 segment(s): BAQILLANI:v1p130#2, DAMGHANI:v1p69, IBNASHUR-FULL:v1p121, IBNQUTAYBA-MUSHKIL:v1p141, RUMMANI:v1p82
quotes 13:14: «ببالغه» in 2 segment(s): IBNASHUR-FULL:v1p121, RUMMANI:v1p82
quotes 13:14: «دعوه الحق» in 3 segment(s): BURHAN:v1p417, IBNJAWZI-NUZHA:v1p267, SIBAWAYH:وذلكقولكلهعلىألفدرهمعرفاms158|ومثلذلكقولالأحوص#177
quotes 13:14: «الحق والذين» in 0 segment(s): 
quotes 13:14: «لهم بشي» in 2 segment(s): IBNASHUR-FULL:v1p121, RUMMANI:v1p82
quotes 13:14: «بشي الا» in 5 segment(s): IBNASHUR-FULL:v1p121, JURJANI-ASRAR:v1p311, JURJANI-DALAIL:v1p293, RUMMANI:v1p82, SIBAWAYH:لاعلىماعملفيالاسمولكنالاسموماعملفيهفيموضعاسممرفوعأو#375
quotes 13:14: «كفيه الي» in 4 segment(s): DAMGHANI:v1p69, IBNASHUR-FULL:v1p121, IBNQUTAYBA-MUSHKIL:v1p141, RUMMANI:v1p82
quotes 13:14: «الي الما» in 12 segment(s): BAQILLANI:v1p123, BINTSHATI-IJAZ:p312, BINTSHATI-IJAZ:p551, BURHAN:v3p338, DAMGHANI:v1p69, IBNASHUR-FULL:v1p121, IBNQUTAYBA-MUSHKIL:v1p141, JISHUMI:v1p687, JURJANI-ASRAR:v1p83, RUMMANI:v1p82, SAMARRAI-ASRAR:r7#8, SAMARRAI-LAMASAT-HALAQAT:p909
quotes 13:14: «فاه وما» in 2 segment(s): IBNASHUR-FULL:v1p121, RUMMANI:v1p82
quotes 13:14: «وما دعا» in 0 segment(s): 
quotes 13:14: «دعا الكافرين» in 0 segment(s): 
quotes 13:15: 9 unique window(s): وظلالهم | يسجد من | وكرها وظلالهم | وظلالهم بالغدو | ولله يسجد من | يسجد من في | طوعا وكرها وظلالهم | وكرها وظلالهم بالغدو | وظلالهم بالغدو والاصال
quotes 13:15: «وظلالهم» in 7 segment(s): DAMGHANI:v1p306, IBNQUTAYBA-MUSHKIL:v1p237, SAMARRAI-ASRAR:r5#5, SAMARRAI-ASRAR-MUH:p37, SAMARRAI-LAMASAT-HALAQAT:p488, SAMARRAI-LAMASAT-HALAQAT:p888, TAB-FULL:v1p3
quotes 13:15: «يسجد من» in 9 segment(s): BURHAN:v4p411, DAMGHANI:v1p229, IBNQUTAYBA-MUSHKIL:v1p237, SAMARRAI-ASRAR:r4#3, SAMARRAI-ASRAR:r5#5, SAMARRAI-ASRAR-MUH:p37, SAMARRAI-LAMASAT-HALAQAT:p488, SAMARRAI-LAMASAT-HALAQAT:p888, TAB-FULL:v1p3
quotes 13:17: 76 unique window(s): فسالت | اوديه | بقدرها | فاحتمل | السيل | زبدا | رابيا | يوقدون | والباطل | الزبد | فيذهب | فيمكث | ما فسالت | فسالت اوديه | اوديه بقدرها | بقدرها فاحتمل | فاحتمل السيل | السيل زبدا | زبدا رابيا | رابيا ومما | ومما يوقدون | يوقدون عليه | النار ابتغا | ابتغا حليه | حليه او | او متاع | متاع زبد | زبد مثله | مثله كذالك | الحق والباطل | والباطل فاما | فاما الزبد | الزبد فيذهب | فيذهب جفا | جفا واما | واما ما | ما ينفع | الناس فيمكث | فيمكث في | الارض كذالك | السما ما فسالت | ما فسالت اوديه | فسالت اوديه بقدرها | اوديه بقدرها فاحتمل | بقدرها فاحتمل السيل | فاحتمل السيل زبدا | السيل زبدا رابيا | زبدا رابيا ومما | رابيا ومما يوقدون | ومما يوقدون عليه | يوقدون عليه في | عليه في النار | في النار ابتغا | النار ابتغا حليه | ابتغا حليه او | حليه او متاع | او متاع زبد | متاع زبد مثله | زبد مثله كذالك | مثله كذالك يضرب | يضرب الله الحق | الله الحق والباطل | الحق والباطل فاما | والباطل فاما الزبد | فاما الزبد فيذهب | الزبد فيذهب جفا | فيذهب جفا واما | جفا واما ما | واما ما ينفع | ما ينفع الناس | ينفع الناس فيمكث | الناس فيمكث في | فيمكث في الارض | في الارض كذالك | الارض كذالك يضرب | يضرب الله الامثال
quotes 13:17: «فسالت» in 12 segment(s): BURHAN:v1p245, BURHAN:v1p492, BURHAN:v3p148, IBNJAWZI-NUZHA:v1p549, IBNMUJAHID:v1p83, IBNQUTAYBA-MUSHKIL:v1p196, ITQAN:v3p70, ITQAN:v4p344#2, SAMARRAI-LAMASAT-HALAQAT:p825, SIBAWAYH:وإنشئتجعلتهصفةفجرىعلىالأولوإنشئتقطعتهفابتدأته|وذلكقولك#228, SIBAWAYH:(هذابابمنأبوابأن)#498, SIBAWAYH:(هذابابالإشباعفيالجروالرفعوغيرالإشباعوالحركةكماهي)#745
quotes 13:17: «اوديه» in 14 segment(s): BINTSHATI-IJAZ:p409, BURHAN:v1p492, BURHAN:v3p148, IBNATIYYA-FULL:v1p33, IBNJAWZI-NUZHA:v1p549, IBNQUTAYBA-MUSHKIL:v1p196, ITQAN:v4p344#2, ITQAN:v4p378, JISHUMI:v2p949, JURJANI-DALAIL:v1p364, KHATTABI:v1p34, SAMARRAI-LAMASAT:p9 …
quotes 13:17: «بقدرها» in 14 segment(s): BAQILLANI:v1p254, BURHAN:v1p492, BURHAN:v2p107, BURHAN:v3p148, IBNJAWZI-NUZHA:v1p549, IBNQUTAYBA-MUSHKIL:v1p196, ITQAN:v2p316, ITQAN:v4p344#2, JISHUMI:v2p949, KHATTABI:v1p51, NASHR:v1p269, SAMARRAI-LAMASAT-HALAQAT:p718 …
quotes 13:17: «فاحتمل» in 4 segment(s): BURHAN:v2p481, IBNQUTAYBA-MUSHKIL:v1p196, ITQAN:v2p542, SIBAWAYH:(هذابابماينصرففيالمذكرالبتةمماليسفيآخرهحرفالتأنيث)#534
quotes 13:17: «السيل» in 10 segment(s): BAQILLANI:v1p143, BAQILLANI:v1p181, BINTSHATI-IJAZ:p551, BURHAN:v1p492, IBNJAWZI-NUZHA:v1p413, IBNQUTAYBA-MUSHKIL:v1p196, JURJANI-ASRAR:v1p231#2, JURJANI-DALAIL:v1p226, SIBAWAYH:وذلكقولالعربسمعناهمنهمهومنىمنزلةالشغافوهومنىمنزلةالولد|#196, SIBAWAYH:(هذابابعدةمايكونعليهالكلم)#747
quotes 13:17: «زبدا» in 4 segment(s): BURHAN:v1p492, IBNQUTAYBA-MUSHKIL:v1p196, ITQAN:v2p364, SIBAWAYH:وذلكماكانمنالمقاديروذلكقولكمافيالسماءموضعكفسحاباولى#281
quotes 13:17: «رابيا» in 3 segment(s): BURHAN:v1p492, IBNQUTAYBA-MUSHKIL:v1p196, MAJAZ:v2p415
quotes 13:17: «يوقدون» in 5 segment(s): BINTSHATI-IJAZ:p329, BURHAN:v1p492, IBNQUTAYBA-MUSHKIL:v1p196, IBNQUTAYBA-MUSHKIL:v1p275#2, NASHR:v2p297#2
quotes 13:17: «والباطل» in 36 segment(s): ALUSI-FULL:v1p9, BAQILLANI:v1p245, BINTSHATI-IJAZ:p248, BURHAN:v1p278, BURHAN:v1p280, BURHAN:v4p132, BURHAN:v4p277, DAMGHANI:v1p357, IBNASHUR-FULL:v1p71, IBNATIYYA-FULL:v1p56, IBNJAWZI-NUZHA:v1p195, IBNQUTAYBA-MUSHKIL:v1p196 …
quotes 13:17: «الزبد» in 6 segment(s): BURHAN:v1p492, BURHAN:v1p493, IBNQUTAYBA-MUSHKIL:v1p49, IBNQUTAYBA-MUSHKIL:v1p196, ITQAN:v4p344#2, SIBAWAYH:وذلكلأنهمبدءوابالإضمارلأنهمشرطواالتفسيروذلكنووافجرىذلكفي#285
quotes 13:17: «فيذهب» in 13 segment(s): ALUSI-FULL:v1p21#2, BURHAN:v1p233, BURHAN:v1p446, BURHAN:v1p492, BURHAN:v2p200, BURHAN:v2p412, IBNATIYYA-FULL:v1p49, IBNKATHIR-FULL:v1p24#2, IBNQUTAYBA-MUSHKIL:v1p196, ITQAN:v1p160#2, ITQAN:v4p344#2, JURJANI-ASRAR:v1p50 …
quotes 13:17: «فيمكث» in 6 segment(s): BURHAN:v1p492, DAMGHANI:v1p30, DAMGHANI:v1p438, IBNJAWZI-NUZHA:v1p171, IBNQUTAYBA-MUSHKIL:v1p196, ITQAN:v4p344#2
quotes 13:17: «النار ابتغا» in 4 segment(s): BINTSHATI-IJAZ:p329, BURHAN:v1p492, IBNQUTAYBA-MUSHKIL:v1p196, IBNQUTAYBA-MUSHKIL:v1p275#2
quotes 13:17: «ابتغا حليه» in 4 segment(s): BINTSHATI-IJAZ:p329, BURHAN:v1p492, IBNQUTAYBA-MUSHKIL:v1p196, IBNQUTAYBA-MUSHKIL:v1p275#2
quotes 13:17: «حليه او» in 4 segment(s): BINTSHATI-IJAZ:p329, BURHAN:v1p492, IBNQUTAYBA-MUSHKIL:v1p196, IBNQUTAYBA-MUSHKIL:v1p275#2
quotes 13:17: «او متاع» in 6 segment(s): BINTSHATI-IJAZ:p329, BURHAN:v1p492, DAMGHANI:v1p428, IBNJAWZI-NUZHA:v1p558, IBNQUTAYBA-MUSHKIL:v1p196, IBNQUTAYBA-MUSHKIL:v1p275#2
quotes 13:17: «متاع زبد» in 4 segment(s): BURHAN:v1p492, DAMGHANI:v1p428, IBNJAWZI-NUZHA:v1p558, IBNQUTAYBA-MUSHKIL:v1p196
quotes 13:17: «زبد مثله» in 4 segment(s): BURHAN:v1p492, DAMGHANI:v1p428, IBNJAWZI-NUZHA:v1p558, IBNQUTAYBA-MUSHKIL:v1p196
quotes 13:17: «مثله كذالك» in 0 segment(s): 
quotes 13:17: «جفا واما» in 2 segment(s): BURHAN:v1p492, IBNQUTAYBA-MUSHKIL:v1p196
NOTE quotes 13:17: window «واما ما» in 156 segments, too common alone; the longer windows that contain it are used instead
quotes 13:17: «ما ينفع» in 7 segment(s): BURHAN:v1p492, DAMGHANI:v1p30, DAMGHANI:v1p438, IBNJAWZI-NUZHA:v1p171, IBNQUTAYBA-MUSHKIL:v1p196, ITQAN:v4p344#2, RAZI-FULL:v1p76#2
quotes 13:17: «الارض كذالك» in 0 segment(s): 
quotes 13:17: «عليه في النار» in 5 segment(s): BINTSHATI-IJAZ:p329, BURHAN:v1p492, IBNHISHAM:v2p338#2, IBNQUTAYBA-MUSHKIL:v1p196, IBNQUTAYBA-MUSHKIL:v1p275#2
quotes 13:17: «يضرب الله الحق» in 1 segment(s): IBNQUTAYBA-MUSHKIL:v1p196
quotes 13:17: «يضرب الله الامثال» in 2 segment(s): IBNASHUR-FULL:v1p108, IBNQUTAYBA-MUSHKIL:v1p196
quotes 15:73: 2 unique window(s): الصيحه مشرقين | فاخذتهم الصيحه مشرقين
quotes 15:73: «الصيحه مشرقين» in 2 segment(s): DAMGHANI:v1p285, SAMARRAI-LAMASAT-HALAQAT:p914
quotes 15:74: 5 unique window(s): فجعلنا | فجعلنا عاليها | فجعلنا عاليها سافلها | سافلها وامطرنا عليهم | وامطرنا عليهم حجاره
quotes 15:74: «فجعلنا» in 1 segment(s): SAMARRAI-LAMASAT-HALAQAT:p914
quotes 15:74: «سافلها وامطرنا عليهم» in 1 segment(s): SAMARRAI-LAMASAT-HALAQAT:p914
quotes 15:74: «وامطرنا عليهم حجاره» in 2 segment(s): DAMGHANI:v1p116, SAMARRAI-LAMASAT-HALAQAT:p914
quotes 15:75: 3 unique window(s): للمتوسمين | لايات للمتوسمين | ذالك لايات للمتوسمين
quotes 15:75: «للمتوسمين» in 1 segment(s): BURHAN:v4p13
quotes 15:76: 4 unique window(s): لبسبيل | وانها لبسبيل | لبسبيل مقيم | وانها لبسبيل مقيم
quotes 15:76: «لبسبيل» in 0 segment(s): 
quotes 16:4: 0 unique window(s): 
quotes 16:15: 8 unique window(s): وسبلا | بكم وانهارا | وانهارا وسبلا | وسبلا لعلكم | تميد بكم وانهارا | بكم وانهارا وسبلا | وانهارا وسبلا لعلكم | وسبلا لعلكم تهتدون
quotes 16:15: «وسبلا» in 3 segment(s): BURHAN:v4p393, SAMARRAI-ASRAR:r8, SAMARRAI-LAMASAT-HALAQAT:p856
quotes 16:15: «بكم وانهارا» in 2 segment(s): SAMARRAI-ASRAR:r8, SAMARRAI-LAMASAT-HALAQAT:p856
quotes 16:16: 7 unique window(s): وعلامات | وبالنجم | وعلامات وبالنجم | وبالنجم هم | هم يهتدون | وعلامات وبالنجم هم | وبالنجم هم يهتدون
quotes 16:16: «وعلامات» in 5 segment(s): DAMGHANI:v1p447, DAMGHANI:v1p472, IBNJAWZI-NUZHA:v1p580, IBNJAWZI-NUZHA:v1p627, SIBAWAYH:وذلكقولكلهعلمعلمالفقهاءولهرأىرأىالأصلاء|وإنماكانالرفع#153
quotes 16:16: «وبالنجم» in 7 segment(s): BURHAN:v1p102, BURHAN:v2p12, DAMGHANI:v1p447, DAMGHANI:v1p472, IBNJAWZI-NUZHA:v1p580, IBNJAWZI-NUZHA:v1p627, ITQAN:v2p410
quotes 16:16: «هم يهتدون» in 7 segment(s): BURHAN:v1p102, BURHAN:v2p12, DAMGHANI:v1p447, DAMGHANI:v1p472, IBNJAWZI-NUZHA:v1p580, IBNJAWZI-NUZHA:v1p627, ITQAN:v2p410
quotes 16:36: 31 unique window(s): ولقد بعثنا | بعثنا في | امه رسولا | رسولا ان | الله واجتنبوا | واجتنبوا الطاغوت | الطاغوت فمنهم | من هدي | الله ومنهم | من حقت | حقت عليه | عليه الضلاله | الضلاله فسيروا | ولقد بعثنا في | بعثنا في كل | كل امه رسولا | امه رسولا ان | رسولا ان اعبدوا | اعبدوا الله واجتنبوا | الله واجتنبوا الطاغوت | واجتنبوا الطاغوت فمنهم | الطاغوت فمنهم من | فمنهم من هدي | من هدي الله | هدي الله ومنهم | الله ومنهم من | ومنهم من حقت | من حقت عليه | حقت عليه الضلاله | عليه الضلاله فسيروا | الضلاله فسيروا في
quotes 16:36: «ولقد بعثنا» in 6 segment(s): BURHAN:v3p368, ITQAN:v2p554#2, SAMARRAI-ASRAR:r10#3, SAMARRAI-ASRAR-MUH:p14, SAMARRAI-LAMASAT-HALAQAT:p465, SAMARRAI-LAMASAT-HALAQAT:p835
quotes 16:36: «بعثنا في» in 6 segment(s): BURHAN:v3p368, ITQAN:v2p554#2, SAMARRAI-ASRAR:r10#3, SAMARRAI-ASRAR-MUH:p14, SAMARRAI-LAMASAT-HALAQAT:p465, SAMARRAI-LAMASAT-HALAQAT:p835
quotes 16:36: «امه رسولا» in 6 segment(s): BURHAN:v3p368, ITQAN:v2p554#2, SAMARRAI-ASRAR:r10#3, SAMARRAI-ASRAR-MUH:p14, SAMARRAI-LAMASAT-HALAQAT:p465, SAMARRAI-LAMASAT-HALAQAT:p835
quotes 16:36: «رسولا ان» in 4 segment(s): SAMARRAI-ASRAR:r10#3, SAMARRAI-ASRAR-MUH:p14, SAMARRAI-LAMASAT-HALAQAT:p465, SAMARRAI-LAMASAT-HALAQAT:p835
quotes 16:36: «الله واجتنبوا» in 6 segment(s): DAMGHANI:v1p293, IBNJAWZI-NUZHA:v1p410#2, SAMARRAI-ASRAR:r10#3, SAMARRAI-ASRAR-MUH:p14, SAMARRAI-LAMASAT-HALAQAT:p465, SAMARRAI-LAMASAT-HALAQAT:p835
quotes 16:36: «واجتنبوا الطاغوت» in 6 segment(s): DAMGHANI:v1p293, IBNJAWZI-NUZHA:v1p410#2, SAMARRAI-ASRAR:r10#3, SAMARRAI-ASRAR-MUH:p14, SAMARRAI-LAMASAT-HALAQAT:p465, SAMARRAI-LAMASAT-HALAQAT:p835
quotes 16:36: «الطاغوت فمنهم» in 3 segment(s): SAMARRAI-ASRAR-MUH:p14, SAMARRAI-LAMASAT-HALAQAT:p465, SAMARRAI-LAMASAT-HALAQAT:p835
quotes 16:36: «من هدي» in 7 segment(s): BURHAN:v3p368, ITQAN:v2p554#2, RIFAI-KHULI:c0, RIFAI-KHULI:c1, SAMARRAI-ASRAR-MUH:p14, SAMARRAI-LAMASAT-HALAQAT:p465, SAMARRAI-LAMASAT-HALAQAT:p835
quotes 16:36: «الله ومنهم» in 8 segment(s): BURHAN:v3p368, BURHAN:v4p242, ITQAN:v1p69, ITQAN:v2p554#2, JURJANI-DALAIL:v1p282, SAMARRAI-ASRAR-MUH:p14, SAMARRAI-LAMASAT-HALAQAT:p465, SAMARRAI-LAMASAT-HALAQAT:p835
quotes 16:36: «من حقت» in 5 segment(s): BURHAN:v3p368, ITQAN:v2p554#2, SAMARRAI-ASRAR-MUH:p14, SAMARRAI-LAMASAT-HALAQAT:p465, SAMARRAI-LAMASAT-HALAQAT:p835
quotes 16:36: «حقت عليه» in 8 segment(s): BURHAN:v2p188, BURHAN:v3p368, GHARNATI:v1p179, IBNQUTAYBA-MUSHKIL:v1p231, ITQAN:v2p554#2, SAMARRAI-ASRAR-MUH:p14, SAMARRAI-LAMASAT-HALAQAT:p465, SAMARRAI-LAMASAT-HALAQAT:p835
quotes 16:36: «عليه الضلاله» in 5 segment(s): BURHAN:v3p368, ITQAN:v2p554#2, SAMARRAI-ASRAR-MUH:p14, SAMARRAI-LAMASAT-HALAQAT:p465, SAMARRAI-LAMASAT-HALAQAT:p835
quotes 16:36: «الضلاله فسيروا» in 3 segment(s): SAMARRAI-ASRAR-MUH:p14, SAMARRAI-LAMASAT-HALAQAT:p465, SAMARRAI-LAMASAT-HALAQAT:p835
quotes 16:78: 18 unique window(s): اخرجكم | والله اخرجكم | اخرجكم من | من بطون | امهاتكم لا | تعلمون شيا | شيا وجعل | والافده لعلكم | والله اخرجكم من | اخرجكم من بطون | من بطون امهاتكم | بطون امهاتكم لا | امهاتكم لا تعلمون | لا تعلمون شيا | تعلمون شيا وجعل | شيا وجعل لكم | والابصار والافده لعلكم | والافده لعلكم تشكرون
quotes 16:78: «اخرجكم» in 3 segment(s): BURHAN:v3p239#4, BURHAN:v4p149, MAJAZ:v2p411
quotes 16:78: «من بطون» in 7 segment(s): BURHAN:v1p284, BURHAN:v3p239#4, BURHAN:v3p363, BURHAN:v4p149, JISHUMI:v2p1018, SAMARRAI-ASRAR:r7, SAMARRAI-LAMASAT-HALAQAT:p812
quotes 16:78: «امهاتكم لا» in 1 segment(s): BURHAN:v3p239#4
quotes 16:78: «تعلمون شيا» in 0 segment(s): 
quotes 16:78: «شيا وجعل» in 0 segment(s): 
quotes 16:78: «والافده لعلكم» in 0 segment(s): 
quotes 17:11: 14 unique window(s): ويدع | عجولا | ويدع الانسان | الانسان بالشر | بالشر دعاه | دعاه بالخير | بالخير وكان | الانسان عجولا | ويدع الانسان بالشر | الانسان بالشر دعاه | بالشر دعاه بالخير | دعاه بالخير وكان | بالخير وكان الانسان | وكان الانسان عجولا
quotes 17:11: «ويدع» in 13 segment(s): BINTSHATI-IJAZ:p270, BURHAN:v1p397, BURHAN:v4p103, IBNJAWZI-NUZHA:v1p178, ITQAN:v1p239, ITQAN:v4p446, JISHUMI:v2p941#2, JURJANI-DALAIL:v1p163, NASHR:v1p416, NASHR:v2p140, SIBAWAYH:(هذابابالحروفالستةإذاكانواحدمنهاعيناوكانتالفاءقبلها#711, SIBAWAYH:(هذابابماجاءعلىأنفعلتمنهمثلبعتوإنكانلميستعملفيالكلام#796 …
quotes 17:11: «عجولا» in 5 segment(s): BURHAN:v3p289, BURHAN:v4p123, IBNJAWZI-NUZHA:v1p178, SAMARRAI-LAMASAT-HALAQAT:p972, SAMARRAI-LAMASAT-HALAQAT:p1004
quotes 17:11: «الانسان بالشر» in 4 segment(s): BINTSHATI-IJAZ:p270, BURHAN:v1p397, DAMGHANI:v1p49, IBNJAWZI-NUZHA:v1p178
quotes 17:11: «بالشر دعاه» in 3 segment(s): BINTSHATI-IJAZ:p270, DAMGHANI:v1p49, IBNJAWZI-NUZHA:v1p178
quotes 17:11: «دعاه بالخير» in 3 segment(s): BINTSHATI-IJAZ:p270, DAMGHANI:v1p49, IBNJAWZI-NUZHA:v1p178
quotes 17:11: «بالخير وكان» in 1 segment(s): IBNJAWZI-NUZHA:v1p178
quotes 17:13: 29 unique window(s): انسان | الزمناه | طايره | عنقه | ونخرج | يلقياه | منشورا | وكل انسان | انسان الزمناه | الزمناه طايره | طايره في | في عنقه | عنقه ونخرج | ونخرج له | له يوم | القيامه كتابا | كتابا يلقياه | يلقياه منشورا | وكل انسان الزمناه | انسان الزمناه طايره | الزمناه طايره في | طايره في عنقه | في عنقه ونخرج | عنقه ونخرج له | ونخرج له يوم | له يوم القيامه | يوم القيامه كتابا | القيامه كتابا يلقياه | كتابا يلقياه منشورا
NOTE quotes 17:13: window «انسان» in 92 segments, too common alone; the longer windows that contain it are used instead
quotes 17:13: «الزمناه» in 6 segment(s): BURHAN:v2p205, BURHAN:v4p317, BURHAN:v4p320, DAMGHANI:v1p304, DAMGHANI:v1p335, ITQAN:v2p492#3
quotes 17:13: «طايره» in 6 segment(s): BURHAN:v2p205, BURHAN:v4p317, DAMGHANI:v1p304, DAMGHANI:v1p335, ITQAN:v2p389#7, SIBAWAYH:وإنشئتجعلتهصفةفجرىعلىالأولوإنشئتقطعتهفابتدأته|وذلكقولك#228
quotes 17:13: «عنقه» in 15 segment(s): BINTSHATI-IJAZ:p414, BINTSHATI-IJAZ:p559, BURHAN:v2p77, BURHAN:v2p205, DAMGHANI:v1p304, DAMGHANI:v1p335, IBNJAWZI-NUZHA:v1p321#2, IBNQUTAYBA-MUSHKIL:v1p83, IBNQUTAYBA-MUSHKIL:v1p265, IBNQUTAYBA-MUSHKIL:v1p307, ITQAN:v4p452, JISHUMI:v1p532 …
quotes 17:13: «ونخرج» in 3 segment(s): ITQAN:v3p265, NASHR:v2p306, SIBAWAYH:(هذابابلحاقالزيادةبناتالثلاثةمنالفعل)#754
quotes 17:13: «يلقياه» in 0 segment(s): 
quotes 17:13: «منشورا» in 4 segment(s): ITQAN:v3p265, JURJANI-ASRAR:v1p15, JURJANI-ASRAR:v1p135#2, NASHR:v2p42
quotes 17:13: «وكل انسان» in 7 segment(s): BURHAN:v2p205, BURHAN:v4p317, BURHAN:v4p320, DAMGHANI:v1p304, DAMGHANI:v1p335, ITQAN:v2p492#3, JURJANI-DALAIL:v1p130
quotes 17:13: «له يوم» in 8 segment(s): BINTSHATI-IJAZ:p422, BINTSHATI-IJAZ:p436, ITQAN:v2p359, ITQAN:v2p360, ITQAN:v3p265, ITQAN:v4p369, JISHUMI:v2p1063, JURJANI-ASRAR:v1p112
quotes 17:13: «القيامه كتابا» in 1 segment(s): ITQAN:v3p265
quotes 17:14: 13 unique window(s): كتابك | بنفسك | اقرا كتابك | كتابك كفيا | كفيا بنفسك | بنفسك اليوم | اليوم عليك | عليك حسيبا | اقرا كتابك كفيا | كتابك كفيا بنفسك | كفيا بنفسك اليوم | بنفسك اليوم عليك | اليوم عليك حسيبا
quotes 17:14: «كتابك» in 6 segment(s): BURHAN:v1p223, BURHAN:v2p475, IBNJINNI-MUHTASAB:v1p31, JISHUMI:v2p1088, NASHR:v2p306, NASHR:v2p466
quotes 17:14: «بنفسك» in 10 segment(s): BINTSHATI-IJAZ:p552, BURHAN:v1p223, BURHAN:v4p253, DAMGHANI:v1p128, JURJANI-DALAIL:v1p72, JURJANI-DALAIL:v1p103, JURJANI-DALAIL:v1p104, SAMARRAI-ASRAR:r10, SIBAWAYH:وذلكقولكإياكأنتنفسكأنتفعلوإياكنفسكأنتفعل|فإنعنيتالفاعل#109, SIBAWAYH:أمامايحسنأنيشركهالمظهرفهوالمضمرالمنصوبوذلكقولكرأيتكوزيدا#430
quotes 17:14: «اليوم عليك» in 3 segment(s): BURHAN:v1p223, BURHAN:v4p253, DAMGHANI:v1p128
quotes 17:14: «عليك حسيبا» in 3 segment(s): BURHAN:v1p223, BURHAN:v4p253, DAMGHANI:v1p128
quotes 17:70: 23 unique window(s): كرمنا | وحملناهم | ولقد كرمنا | كرمنا بني | ادم وحملناهم | وحملناهم في | والبحر ورزقناهم | وفضلناهم عليا | كثير ممن | ممن خلقنا | خلقنا تفضيلا | ولقد كرمنا بني | كرمنا بني ادم | بني ادم وحملناهم | ادم وحملناهم في | وحملناهم في البر | البر والبحر ورزقناهم | والبحر ورزقناهم من | الطيبات وفضلناهم عليا | وفضلناهم عليا كثير | عليا كثير ممن | كثير ممن خلقنا | ممن خلقنا تفضيلا
quotes 17:70: «كرمنا» in 10 segment(s): BURHAN:v4p302, DAMGHANI:v1p365, DAMGHANI:v1p403, IBNJAWZI-NUZHA:v1p521, IBNQUTAYBA-MUSHKIL:v1p269, ITQAN:v4p519#2, MAJAZ:v2p439#2, SAMARRAI-LAMASAT-HALAQAT:p800, SAMARRAI-LAMASAT-HALAQAT:p892, TAB-FULL:v1p5
quotes 17:70: «وحملناهم» in 4 segment(s): DAMGHANI:v1p143, DAMGHANI:v1p302, DAMGHANI:v1p365, SAMARRAI-LAMASAT-HALAQAT:p892
quotes 17:70: «والبحر ورزقناهم» in 2 segment(s): DAMGHANI:v1p302, SAMARRAI-LAMASAT-HALAQAT:p892
quotes 17:70: «وفضلناهم عليا» in 0 segment(s): 
quotes 17:70: «كثير ممن» in 6 segment(s): BAQILLANI:v1p57, BINTSHATI-IJAZ:p254, IBNKATHIR-FULL:v1p69, JURJANI-DALAIL:v1p260, NASHR:v2p197, SAMARRAI-LAMASAT-HALAQAT:p892
quotes 17:70: «ممن خلقنا» in 1 segment(s): SAMARRAI-LAMASAT-HALAQAT:p892
quotes 17:70: «خلقنا تفضيلا» in 1 segment(s): SAMARRAI-LAMASAT-HALAQAT:p892
quotes 17:78: 26 unique window(s): لدلوك | مشهودا | الصلواه لدلوك | لدلوك الشمس | الشمس اليا | اليا غسق | غسق اليل | اليل وقران | وقران الفجر | الفجر ان | ان قران | قران الفجر | الفجر كان | كان مشهودا | اقم الصلواه لدلوك | الصلواه لدلوك الشمس | لدلوك الشمس اليا | الشمس اليا غسق | اليا غسق اليل | غسق اليل وقران | اليل وقران الفجر | وقران الفجر ان | الفجر ان قران | ان قران الفجر | قران الفجر كان | الفجر كان مشهودا
quotes 17:78: «لدلوك» in 5 segment(s): BINTSHATI-IJAZ:p575, BURHAN:v4p341, ITQAN:v2p381, ITQAN:v2p497, ITQAN:v4p519#2
quotes 17:78: «مشهودا» in 7 segment(s): ALUSI-FULL:v1p36, BURHAN:v2p484, BURHAN:v2p488, IBNKATHIR-FULL:v1p56, IBNQUTAYBA-GHARIB:v1p33#2, ITQAN:v3p194, ITQAN:v4p519#2
quotes 17:78: «الشمس اليا» in 0 segment(s): 
quotes 17:78: «اليا غسق» in 0 segment(s): 
quotes 17:78: «غسق اليل» in 0 segment(s): 
quotes 17:78: «اليل وقران» in 0 segment(s): 
quotes 17:78: «وقران الفجر» in 9 segment(s): ALUSI-FULL:v1p36, BINTSHATI-IJAZ:p575, BURHAN:v2p484, BURHAN:v2p488, IBNKATHIR-FULL:v1p56, IBNQUTAYBA-GHARIB:v1p33#2, ITQAN:v3p98, ITQAN:v3p194, JISHUMI:v2p958
quotes 17:78: «الفجر ان» in 6 segment(s): ALUSI-FULL:v1p36, BURHAN:v2p484, BURHAN:v2p488, IBNKATHIR-FULL:v1p56, IBNQUTAYBA-GHARIB:v1p33#2, ITQAN:v3p194
quotes 17:78: «ان قران» in 8 segment(s): ALUSI-FULL:v1p36, BURHAN:v2p484, BURHAN:v2p488, IBNASHUR-FULL:v1p71, IBNKATHIR-FULL:v1p56, IBNQUTAYBA-GHARIB:v1p33#2, ITQAN:v3p194, ITQAN:v4p519#2
quotes 17:78: «قران الفجر» in 9 segment(s): ALUSI-FULL:v1p36, BURHAN:v2p484, BURHAN:v2p488, IBNKATHIR-FULL:v1p56, IBNQUTAYBA-GHARIB:v1p33#2, ITQAN:v3p194, ITQAN:v4p519#2, MAJAZ:v2p433#2, NASHR:v1p414
quotes 17:78: «الفجر كان» in 7 segment(s): ALUSI-FULL:v1p36, BURHAN:v2p484, BURHAN:v2p488, IBNKATHIR-FULL:v1p56, IBNQUTAYBA-GHARIB:v1p33#2, ITQAN:v3p194, ITQAN:v4p519#2
quotes 17:85: 16 unique window(s): عن الروح | الروح قل | قل الروح | ربي وما | العلم الا | ويسلونك عن الروح | عن الروح قل | الروح قل الروح | قل الروح من | الروح من امر | من امر ربي | امر ربي وما | ربي وما اوتيتم | اوتيتم من العلم | من العلم الا | العلم الا قليلا
quotes 17:85: «عن الروح» in 15 segment(s): BURHAN:v1p29, BURHAN:v4p44, BURHAN:v4p52, DAMGHANI:v1p212, IBNJAWZI-NUZHA:v1p108, IBNJAWZI-NUZHA:v1p321#2, IBNQUTAYBA-MUSHKIL:v1p265, ITQAN:v1p49, ITQAN:v1p96, ITQAN:v2p414, ITQAN:v2p575, ITQAN:v2p577 …
quotes 17:85: «الروح قل» in 6 segment(s): BURHAN:v4p44, DAMGHANI:v1p212, IBNJAWZI-NUZHA:v1p108, IBNJAWZI-NUZHA:v1p321#2, IBNQUTAYBA-MUSHKIL:v1p265, ITQAN:v2p575
quotes 17:85: «قل الروح» in 7 segment(s): BURHAN:v4p44, DAMGHANI:v1p212, IBNJAWZI-NUZHA:v1p108, IBNJAWZI-NUZHA:v1p321#2, IBNQUTAYBA-MUSHKIL:v1p265, ITQAN:v1p96, ITQAN:v2p575
quotes 17:85: «ربي وما» in 1 segment(s): ITQAN:v1p96
quotes 17:85: «العلم الا» in 6 segment(s): BINTSHATI:v2p9, BURHAN:v2p193, BURHAN:v3p53, ITQAN:v1p18, ITQAN:v1p96, JISHUMI:v1p481
quotes 17:85: «الروح من امر» in 23 segment(s): BUKHARI:125, BUKHARI:4721, BUKHARI:7297, BUKHARI:7456, BUKHARI:7462, BURHAN:v4p44, DAMGHANI:v1p212, IBNHIBBAN:97, IBNHIBBAN:98, IBNHIBBAN:99, IBNHISHAM:v1p308, IBNJAWZI-NUZHA:v1p108 …
quotes 17:85: «من امر ربي» in 23 segment(s): BUKHARI:125, BUKHARI:4721, BUKHARI:7297, BUKHARI:7456, BUKHARI:7462, BURHAN:v4p44, DAMGHANI:v1p212, IBNHIBBAN:97, IBNHIBBAN:98, IBNHIBBAN:99, IBNHISHAM:v1p308, IBNJAWZI-NUZHA:v1p108 …
quotes 17:85: «اوتيتم من العلم» in 22 segment(s): BINTSHATI:v2p9, BUKHARI:125, BUKHARI:4721, BUKHARI:7456, BURHAN:v2p193, BURHAN:v3p53, IBNHIBBAN:97, IBNHIBBAN:98, IBNHIBBAN:99, IBNHISHAM:v1p308, IBNHISHAM:v1p308#2, ITQAN:v1p18 …
quotes 17:106: 17 unique window(s): وقرانا | فرقناه | لتقراه | ونزلناه | وقرانا فرقناه | فرقناه لتقراه | لتقراه علي | عليا مكث | مكث ونزلناه | ونزلناه تنزيلا | وقرانا فرقناه لتقراه | فرقناه لتقراه علي | لتقراه علي الناس | علي الناس عليا | الناس عليا مكث | عليا مكث ونزلناه | مكث ونزلناه تنزيلا
quotes 17:106: «وقرانا» in 27 segment(s): BINTSHATI-IJAZ:p168, BURHAN:v1p236, BURHAN:v1p259, BURHAN:v1p263, BURHAN:v2p193, DAMGHANI:v1p438, ELMALILI:v1p102, IBNASHUR-FULL:v1p10#2, IBNASHUR-FULL:v1p71, IBNATIYYA-FULL:v1p56, IBNKATHIR-FULL:v1p17#2, IBNQUTAYBA-GHARIB:v1p33#2 …
quotes 17:106: «فرقناه» in 14 segment(s): BINTSHATI-IJAZ:p168, BURHAN:v1p236, BURHAN:v1p259, BURHAN:v2p193, DAMGHANI:v1p438, ELMALILI:v1p102, IBNASHUR-FULL:v1p10#2, IBNASHUR-FULL:v1p71, IBNKATHIR-FULL:v1p17#2, ITQAN:v1p117, ITQAN:v2p317#2, NASHR:v1p414 …
quotes 17:106: «لتقراه» in 10 segment(s): BINTSHATI-IJAZ:p168, BURHAN:v1p236, BURHAN:v1p259, BURHAN:v2p193, DAMGHANI:v1p438, ELMALILI:v1p102, IBNASHUR-FULL:v1p71, IBNKATHIR-FULL:v1p17#2, ITQAN:v1p117, WAHIDI-ASBAB:v1p7
quotes 17:106: «ونزلناه» in 9 segment(s): BINTSHATI-IJAZ:p168, BURHAN:v1p236, DAMGHANI:v1p453, IBNASHUR-FULL:v1p71, IBNKATHIR-FULL:v1p17#2, IBNQUTAYBA-MUSHKIL:v1p151, ITQAN:v1p117, SIBAWAYH:(هذابابثباتالياءوالواوفيالهاءالتيهيعلامةالإضماروحذفهما)#741, WAHIDI-ASBAB:v1p7
quotes 17:106: «عليا مكث» in 1 segment(s): ELMALILI:v1p102
quotes 17:106: «علي الناس عليا» in 1 segment(s): ELMALILI:v1p102
quotes 17:110: 37 unique window(s): بصلاتك | تخافت | ادعوا الله | او ادعوا | ادعوا الرحمان | الرحمان ايا | ايا ما | ما تدعوا | تدعوا فله | فله الاسما | الحسنيا ولا | ولا تجهر | تجهر بصلاتك | بصلاتك ولا | ولا تخافت | تخافت بها | بها وابتغ | وابتغ بين | قل ادعوا الله | ادعوا الله او | الله او ادعوا | او ادعوا الرحمان | ادعوا الرحمان ايا | الرحمان ايا ما | ايا ما تدعوا | ما تدعوا فله | تدعوا فله الاسما | فله الاسما الحسنيا | الاسما الحسنيا ولا | الحسنيا ولا تجهر | ولا تجهر بصلاتك | تجهر بصلاتك ولا | بصلاتك ولا تخافت | ولا تخافت بها | تخافت بها وابتغ | بها وابتغ بين | وابتغ بين ذالك
quotes 17:110: «بصلاتك» in 4 segment(s): BURHAN:v3p147, IBNJAWZI-NUZHA:v1p393, ITQAN:v2p412, ITQAN:v4p345
quotes 17:110: «تخافت» in 4 segment(s): BURHAN:v3p147, IBNJAWZI-NUZHA:v1p393, ITQAN:v4p345, MAJAZ:v2p411#2
quotes 17:110: «ادعوا الله» in 8 segment(s): BURHAN:v2p502, BURHAN:v3p164, BURHAN:v3p207, ITQAN:v3p155#2, ITQAN:v4p437, JURJANI-DALAIL:v1p281, NASHR:v2p309, NASHR:v2p463
quotes 17:110: «او ادعوا» in 8 segment(s): BURHAN:v2p502, BURHAN:v3p164, BURHAN:v3p207, ITQAN:v3p155#2, ITQAN:v4p437, JURJANI-DALAIL:v1p281, NASHR:v2p225, NASHR:v2p309
quotes 17:110: «ادعوا الرحمان» in 0 segment(s): 
quotes 17:110: «الرحمان ايا» in 0 segment(s): 
quotes 17:110: «ايا ما» in 16 segment(s): BURHAN:v2p502, BURHAN:v3p76, BURHAN:v3p164, BURHAN:v3p207, BURHAN:v4p408, DAMGHANI:v1p173, DAMGHANI:v1p246, IBNQUTAYBA-MUSHKIL:v1p284, ITQAN:v2p460#2, ITQAN:v2p514, ITQAN:v2p520#2, ITQAN:v3p41 …
quotes 17:110: «ما تدعوا» in 14 segment(s): BURHAN:v2p502, BURHAN:v3p76, BURHAN:v3p207, BURHAN:v4p408, DAMGHANI:v1p173, DAMGHANI:v1p246, IBNQUTAYBA-MUSHKIL:v1p157, IBNQUTAYBA-MUSHKIL:v1p284, ITQAN:v2p460#2, ITQAN:v2p514, ITQAN:v2p520#2, ITQAN:v3p41 …
quotes 17:110: «تدعوا فله» in 11 segment(s): BURHAN:v2p502, BURHAN:v3p207, BURHAN:v4p408, DAMGHANI:v1p173, DAMGHANI:v1p246, IBNQUTAYBA-MUSHKIL:v1p157, IBNQUTAYBA-MUSHKIL:v1p284, ITQAN:v2p460#2, ITQAN:v3p41, JURJANI-DALAIL:v1p281, SIBAWAYH:(هذابابالجزاء)#481
quotes 17:110: «فله الاسما» in 13 segment(s): BURHAN:v2p502, BURHAN:v3p164, BURHAN:v3p207, BURHAN:v4p408, DAMGHANI:v1p173, DAMGHANI:v1p246, IBNQUTAYBA-MUSHKIL:v1p157, IBNQUTAYBA-MUSHKIL:v1p284, ITQAN:v2p460#2, ITQAN:v3p41, JURJANI-DALAIL:v1p281, SIBAWAYH:اعلمأنأيامضافاوغيرمضافبمنزلةمن|ألاترىأنكتقولأىأفضلوأى#442 …
quotes 17:110: «الحسنيا ولا» in 0 segment(s): 
quotes 17:110: «ولا تجهر» in 4 segment(s): BURHAN:v3p147, IBNJAWZI-NUZHA:v1p393, ITQAN:v2p412, ITQAN:v4p345
quotes 17:110: «بها وابتغ» in 1 segment(s): ITQAN:v4p345
quotes 17:110: «وابتغ بين» in 2 segment(s): ITQAN:v2p343, ITQAN:v4p345
quotes 18:1: 12 unique window(s): عبده الكتاب | الكتاب ولم | ولم يجعل | له عوجا | لله الذي انزل | الذي انزل عليا | انزل عليا عبده | عليا عبده الكتاب | عبده الكتاب ولم | الكتاب ولم يجعل | ولم يجعل له | يجعل له عوجا
quotes 18:1: «عبده الكتاب» in 19 segment(s): BINTSHATI-IJAZ:p153, BURHAN:v3p277, IBNASHUR-FULL:v1p73, IBNKATHIR-FULL:v1p5, IBNQUTAYBA-MUSHKIL:v1p130, ITQAN:v1p18, ITQAN:v3p11, ITQAN:v3p33, KHATTABI:v1p70, MAWARDI-FULL:v1p21, NASHR:v1p304#2, NASHR:v2p465 …
quotes 18:1: «الكتاب ولم» in 19 segment(s): BINTSHATI-IJAZ:p153, IBNKATHIR-FULL:v1p5, IBNQUTAYBA-MUSHKIL:v1p11, IBNQUTAYBA-MUSHKIL:v1p130, IBNQUTAYBA-MUSHKIL:v1p149, ITQAN:v3p11, ITQAN:v3p33, JISHUMI:v1p474, JISHUMI:v1p515, JISHUMI:v1p517, KHATTABI:v1p70, NASHR:v2p465 …
quotes 18:1: «ولم يجعل» in 38 segment(s): BINTSHATI-IJAZ:p153, BURHAN:v1p191#2, BURHAN:v1p273, BURHAN:v1p343, BURHAN:v1p364, BURHAN:v3p128, BURHAN:v3p225, BURHAN:v3p277, BURHAN:v3p278, BURHAN:v3p287, BURHAN:v3p310, BURHAN:v4p424 …
quotes 18:1: «له عوجا» in 21 segment(s): BINTSHATI-IJAZ:p153, BURHAN:v1p273, BURHAN:v1p343, BURHAN:v1p364, BURHAN:v3p277, BURHAN:v3p278, IBNKATHIR-FULL:v1p5, IBNQUTAYBA-MUSHKIL:v1p11, IBNQUTAYBA-MUSHKIL:v1p130, ITQAN:v1p229#3, ITQAN:v3p11, ITQAN:v3p33 …
quotes 18:1: «لله الذي انزل» in 21 segment(s): BINTSHATI-IJAZ:p153, BURHAN:v3p277, IBNASHUR-FULL:v1p10#2, IBNASHUR-FULL:v1p73, IBNHISHAM:v1p302, IBNKATHIR-FULL:v1p5, IBNQUTAYBA-MUSHKIL:v1p130, ITQAN:v1p18, KASHSHAF-FULL:v1p41, KHATTABI:v1p70, MAWARDI-FULL:v1p21, NASHR:v1p1 …
quotes 18:1: «الذي انزل عليا» in 0 segment(s): 
quotes 18:1: «انزل عليا عبده» in 0 segment(s): 
quotes 18:10: 23 unique window(s): الفتيه | وهيي | اذ اوي | اوي الفتيه | الفتيه الي | الكهف فقالوا | اتنا من | رحمه وهيي | وهيي لنا | امرنا رشدا | اذ اوي الفتيه | اوي الفتيه الي | الفتيه الي الكهف | الي الكهف فقالوا | الكهف فقالوا ربنا | فقالوا ربنا اتنا | ربنا اتنا من | اتنا من لدنك | لدنك رحمه وهيي | رحمه وهيي لنا | وهيي لنا من | لنا من امرنا | من امرنا رشدا
quotes 18:10: «الفتيه» in 6 segment(s): BINTSHATI-IJAZ:p489, BURHAN:v1p366, BURHAN:v4p108, DAMGHANI:v1p347, DAMGHANI:v1p350, SIBAWAYH:وذلكقولكهذابسراأطيبمنهرطبا|فإنشئتجعلتهحيناقدمضىوإنشئت#192
quotes 18:10: «وهيي» in 8 segment(s): BURHAN:v4p108, DAMGHANI:v1p204, ITQAN:v3p266, ITQAN:v4p448, NASHR:v1p390#4, NASHR:v1p392, NASHR:v2p310, NASHR:v2p311
quotes 18:10: «اذ اوي» in 2 segment(s): BURHAN:v1p366, BURHAN:v4p108
quotes 18:10: «الكهف فقالوا» in 1 segment(s): BURHAN:v4p108
quotes 18:10: «اتنا من» in 3 segment(s): BURHAN:v4p108, DAMGHANI:v1p200, IBNJAWZI-NUZHA:v1p331
quotes 18:10: «امرنا رشدا» in 4 segment(s): BURHAN:v4p108, DAMGHANI:v1p204, ITQAN:v3p266, NASHR:v2p311
quotes 18:10: «فقالوا ربنا اتنا» in 2 segment(s): BURHAN:v4p108, IBNHISHAM:v1p303#2
quotes 18:10: «لنا من امرنا» in 5 segment(s): BURHAN:v4p108, DAMGHANI:v1p204, IBNHISHAM:v1p303#2, ITQAN:v3p266, NASHR:v2p311
quotes 18:11: 12 unique window(s): فضربنا | فضربنا عليا | عليا اذانهم | اذانهم في | في الكهف | الكهف سنين | سنين عددا | فضربنا عليا اذانهم | عليا اذانهم في | اذانهم في الكهف | في الكهف سنين | الكهف سنين عددا
quotes 18:11: «فضربنا» in 6 segment(s): BAQILLANI:v1p268, BURHAN:v1p464#2, BURHAN:v3p437, IBNQUTAYBA-MUSHKIL:v1p22, RUMMANI:v1p93, SAMARRAI-LAMASAT-HALAQAT:p821
quotes 18:11: «عليا اذانهم» in 0 segment(s): 
quotes 18:11: «اذانهم في» in 4 segment(s): BURHAN:v1p464#2, IBNQUTAYBA-MUSHKIL:v1p22, RUMMANI:v1p93, SAMARRAI-LAMASAT-HALAQAT:p821
NOTE quotes 18:11: window «في الكهف» in 100 segments, too common alone; the longer windows that contain it are used instead
quotes 18:11: «الكهف سنين» in 4 segment(s): BURHAN:v1p464#2, IBNQUTAYBA-MUSHKIL:v1p22, RUMMANI:v1p93, SAMARRAI-LAMASAT-HALAQAT:p821
quotes 18:11: «سنين عددا» in 5 segment(s): BINTSHATI-IJAZ:p80, BURHAN:v1p464#2, IBNQUTAYBA-MUSHKIL:v1p22, RUMMANI:v1p93, SAMARRAI-LAMASAT-HALAQAT:p821
quotes 18:16: 31 unique window(s): اعتزلتموهم | فاوا | ينشر | ويهيي | مرفقا | واذ اعتزلتموهم | اعتزلتموهم وما | الله فاوا | فاوا الي | الكهف ينشر | ينشر لكم | رحمته ويهيي | ويهيي لكم | من امركم | امركم مرفقا | واذ اعتزلتموهم وما | اعتزلتموهم وما يعبدون | وما يعبدون الا | يعبدون الا الله | الا الله فاوا | الله فاوا الي | فاوا الي الكهف | الي الكهف ينشر | الكهف ينشر لكم | ينشر لكم ربكم | ربكم من رحمته | من رحمته ويهيي | رحمته ويهيي لكم | ويهيي لكم من | لكم من امركم | من امركم مرفقا
quotes 18:16: «اعتزلتموهم» in 3 segment(s): ITQAN:v2p430, ITQAN:v2p514#2, JISHUMI:v1p892
quotes 18:16: «فاوا» in 4 segment(s): BURHAN:v1p336, ITQAN:v4p445, JISHUMI:v1p904, MAJAZ:v2p433#2
quotes 18:16: «ينشر» in 11 segment(s): BINTSHATI-IJAZ:p33, BINTSHATI-IJAZ:p411, BURHAN:v4p10, DAMGHANI:v1p73, DAMGHANI:v1p200, DAMGHANI:v1p456, IBNJAWZI-NUZHA:v1p331, IBNJAWZI-NUZHA:v1p583, IBNQUTAYBA-MUSHKIL:v1p206, ITQAN:v2p357, MAJAZ:v1p1#5
quotes 18:16: «ويهيي» in 7 segment(s): DAMGHANI:v1p207, NASHR:v1p390#4, NASHR:v1p392, NASHR:v1p447, NASHR:v1p465, NASHR:v1p469, NASHR:v2p310
quotes 18:16: «مرفقا» in 5 segment(s): DAMGHANI:v1p207, MAJAZ:v2p415#2, NASHR:v2p103, NASHR:v2p107, NASHR:v2p310
quotes 18:16: «من امركم» in 3 segment(s): BINTSHATI-IJAZ:p472, DAMGHANI:v1p207, ITQAN:v2p364
quotes 18:16: «وما يعبدون الا» in 4 segment(s): BURHAN:v4p406, IBNHISHAM:v1p303#2, ITQAN:v2p430, ITQAN:v2p514#2
quotes 18:16: «يعبدون الا الله» in 4 segment(s): BURHAN:v4p406, IBNHISHAM:v1p303#2, ITQAN:v2p430, ITQAN:v2p514#2
quotes 18:16: «ربكم من رحمته» in 5 segment(s): DAMGHANI:v1p200, DAMGHANI:v1p456, IBNHISHAM:v1p303#2, IBNJAWZI-NUZHA:v1p331, IBNJAWZI-NUZHA:v1p583
quotes 18:19: 63 unique window(s): ليتسالوا | بورقكم | طعاما | فلياتكم | برزق | وليتلطف | يشعرن | وكذالك بعثناهم | بعثناهم ليتسالوا | ليتسالوا بينهم | بينهم قال | منهم كم | لبثتم قالوا | يوم قالوا | قالوا ربكم | بما لبثتم | لبثتم فابعثوا | فابعثوا احدكم | احدكم بورقكم | بورقكم هاذه | هاذه الي | المدينه فلينظر | فلينظر ايها | ايها ازكيا | ازكيا طعاما | طعاما فلياتكم | فلياتكم برزق | برزق منه | منه وليتلطف | وليتلطف ولا | ولا يشعرن | يشعرن بكم | بكم احدا | وكذالك بعثناهم ليتسالوا | بعثناهم ليتسالوا بينهم | ليتسالوا بينهم قال | بينهم قال قايل | قايل منهم كم | منهم كم لبثتم | كم لبثتم قالوا | لبثتم قالوا لبثنا | بعض يوم قالوا | يوم قالوا ربكم | قالوا ربكم اعلم | اعلم بما لبثتم | بما لبثتم فابعثوا | لبثتم فابعثوا احدكم | فابعثوا احدكم بورقكم | احدكم بورقكم هاذه | بورقكم هاذه الي | هاذه الي المدينه | الي المدينه فلينظر | المدينه فلينظر ايها | فلينظر ايها ازكيا | ايها ازكيا طعاما | ازكيا طعاما فلياتكم | طعاما فلياتكم برزق | فلياتكم برزق منه | برزق منه وليتلطف | منه وليتلطف ولا | وليتلطف ولا يشعرن | ولا يشعرن بكم | يشعرن بكم احدا
quotes 18:19: «ليتسالوا» in 0 segment(s): 
quotes 18:19: «بورقكم» in 11 segment(s): BURHAN:v4p174, DAMGHANI:v1p18, DAMGHANI:v1p73, IBNASHUR-FULL:v1p36, IBNASHUR-FULL:v1p65, IBNJAWZI-NUZHA:v1p560, ITQAN:v2p425, ITQAN:v2p427#2, ITQAN:v4p388, NASHR:v1p286, NASHR:v2p310
quotes 18:19: «طعاما» in 16 segment(s): BINTSHATI-IJAZ:p273, BINTSHATI-IJAZ:p457, BINTSHATI-IJAZ:p511, BINTSHATI-IJAZ:p596, BURHAN:v4p167#2, BURHAN:v4p174, DAMGHANI:v1p218, IBNQUTAYBA-MUSHKIL:v1p113, IBNQUTAYBA-MUSHKIL:v1p162, ITQAN:v2p367, ITQAN:v2p425, RAZI-FULL:v1p77 …
quotes 18:19: «فلياتكم» in 2 segment(s): BURHAN:v4p174, ITQAN:v2p425
quotes 18:19: «برزق» in 8 segment(s): BURHAN:v3p284, BURHAN:v4p174, IBNQUTAYBA-MUSHKIL:v1p155, ITQAN:v2p425, SAMARRAI-ASRAR:r4#3, SAMARRAI-ASRAR-MUH:p42, SAMARRAI-LAMASAT-HALAQAT:p493, SAMARRAI-LAMASAT-HALAQAT:p956
quotes 18:19: «وليتلطف» in 8 segment(s): BURHAN:v1p249, BURHAN:v1p250, BURHAN:v1p251, BURHAN:v4p174, ITQAN:v1p190#3, ITQAN:v2p425, NASHR:v1p220, NASHR:v2p115
quotes 18:19: «يشعرن» in 3 segment(s): DAMGHANI:v1p18, MAJAZ:v2p423#2, NASHR:v2p91
quotes 18:19: «وكذالك بعثناهم» in 0 segment(s): 
quotes 18:19: «بينهم قال» in 5 segment(s): BURHAN:v3p329, IBNASHUR-FULL:v1p95, ITQAN:v1p89#2, ITQAN:v1p92, TAB-FULL:v1p23
quotes 18:19: «منهم كم» in 0 segment(s): 
quotes 18:19: «لبثتم قالوا» in 0 segment(s): 
quotes 18:19: «يوم قالوا» in 1 segment(s): ITQAN:v4p413#5
quotes 18:19: «قالوا ربكم» in 0 segment(s): 
quotes 18:19: «بما لبثتم» in 1 segment(s): ITQAN:v4p388
quotes 18:19: «لبثتم فابعثوا» in 0 segment(s): 
quotes 18:19: «فابعثوا احدكم» in 9 segment(s): BURHAN:v4p174, DAMGHANI:v1p18, DAMGHANI:v1p73, IBNASHUR-FULL:v1p36, IBNASHUR-FULL:v1p65, IBNJAWZI-NUZHA:v1p560, ITQAN:v2p425, ITQAN:v2p427#2, ITQAN:v4p388
quotes 18:19: «هاذه الي» in 0 segment(s): 
quotes 18:19: «المدينه فلينظر» in 2 segment(s): BURHAN:v4p174, ITQAN:v2p425
quotes 18:19: «فلينظر ايها» in 4 segment(s): BURHAN:v4p174, DAMGHANI:v1p218, ITQAN:v2p425, SIBAWAYH:لأنهكلامقدعملبعضهفىبعضفلايكونإلامبتدألايعملفيهشئقبله#91
quotes 18:19: «ايها ازكيا» in 0 segment(s): 
quotes 18:19: «بكم احدا» in 1 segment(s): DAMGHANI:v1p18
quotes 18:25: 16 unique window(s): ولبثوا | وازدادوا | تسعا | ولبثوا في | في كهفهم | كهفهم ثلاث | ثلاث مايه | مايه سنين | سنين وازدادوا | وازدادوا تسعا | ولبثوا في كهفهم | في كهفهم ثلاث | كهفهم ثلاث مايه | ثلاث مايه سنين | مايه سنين وازدادوا | سنين وازدادوا تسعا
quotes 18:25: «ولبثوا» in 1 segment(s): DAMGHANI:v1p249
quotes 18:25: «وازدادوا» in 1 segment(s): DAMGHANI:v1p249
quotes 18:25: «تسعا» in 9 segment(s): BINTSHATI-IJAZ:p365, BINTSHATI-IJAZ:p386, BINTSHATI-IJAZ:p592, DAMGHANI:v1p249, ITQAN:v1p71, ITQAN:v2p356, ITQAN:v2p438#2, SAMARRAI-LAMASAT:p113, SAMARRAI-LAMASAT-HALAQAT:p91
quotes 18:25: «في كهفهم» in 1 segment(s): DAMGHANI:v1p249
quotes 18:25: «كهفهم ثلاث» in 0 segment(s): 
quotes 18:25: «ثلاث مايه» in 1 segment(s): NASHR:v2p310
quotes 18:25: «مايه سنين» in 1 segment(s): NASHR:v2p310
quotes 18:32: 23 unique window(s): لاحدهما | وحففناهما | بنخل | رجلين جعلنا | جعلنا لاحدهما | لاحدهما جنتين | جنتين من | اعناب وحففناهما | وحففناهما بنخل | بنخل وجعلنا | وجعلنا بينهما | بينهما زرعا | لهم مثلا رجلين | مثلا رجلين جعلنا | رجلين جعلنا لاحدهما | جعلنا لاحدهما جنتين | لاحدهما جنتين من | جنتين من اعناب | من اعناب وحففناهما | اعناب وحففناهما بنخل | وحففناهما بنخل وجعلنا | بنخل وجعلنا بينهما | وجعلنا بينهما زرعا
quotes 18:32: «لاحدهما» in 23 segment(s): BAQILLANI:v1p294, BINTSHATI-IJAZ:p218, BURHAN:v2p197, BURHAN:v3p123, DAMGHANI:v1p110, IBNJAWZI-NUZHA:v1p328#2, IBNJAWZI-NUZHA:v1p424, IBNKATHIR-FULL:v1p36, IBNQUTAYBA-MUSHKIL:v1p133, IBNQUTAYBA-MUSHKIL:v1p174, IBNQUTAYBA-MUSHKIL:v1p183, ITQAN:v2p540 …
quotes 18:32: «وحففناهما» in 0 segment(s): 
quotes 18:32: «بنخل» in 0 segment(s): 
quotes 18:32: «رجلين جعلنا» in 1 segment(s): IBNJAWZI-NUZHA:v1p328#2
quotes 18:32: «جنتين من» in 2 segment(s): DAMGHANI:v1p110, IBNJAWZI-NUZHA:v1p328#2
quotes 18:32: «وجعلنا بينهما» in 1 segment(s): ITQAN:v2p466#2
quotes 18:32: «بينهما زرعا» in 1 segment(s): ITQAN:v2p466#2
quotes 18:32: «لهم مثلا رجلين» in 3 segment(s): DAMGHANI:v1p191, IBNJAWZI-NUZHA:v1p328#2, ITQAN:v4p388
quotes 18:34: 22 unique window(s): واعز | وكان له | له ثمر | ثمر فقال | فقال لصاحبه | لصاحبه وهو | يحاوره انا | انا اكثر | اكثر منك | مالا واعز | واعز نفرا | وكان له ثمر | له ثمر فقال | ثمر فقال لصاحبه | فقال لصاحبه وهو | لصاحبه وهو يحاوره | وهو يحاوره انا | يحاوره انا اكثر | انا اكثر منك | اكثر منك مالا | منك مالا واعز | مالا واعز نفرا
quotes 18:34: «واعز» in 3 segment(s): BAQILLANI:v1p142, BINTSHATI-IJAZ:p41, BURHAN:v4p172
quotes 18:34: «وكان له» in 10 segment(s): BAQILLANI:v1p14, DAMGHANI:v1p93, IBNMUJAHID:v1p64#2, IBNQUTAYBA-MUSHKIL:v1p304, ITQAN:v4p367, ITQAN:v4p369, JURJANI-DALAIL:v1p105, JURJANI-DALAIL:v1p188, MAJAZ:v1p1#9, NASHR:v2p310
quotes 18:34: «له ثمر» in 2 segment(s): DAMGHANI:v1p93, NASHR:v2p310
quotes 18:34: «ثمر فقال» in 0 segment(s): 
quotes 18:34: «فقال لصاحبه» in 3 segment(s): SAMARRAI-ASRAR:r4#5, SAMARRAI-ASRAR-MUH:p51, SAMARRAI-LAMASAT-HALAQAT:p502
quotes 18:34: «لصاحبه وهو» in 4 segment(s): DAMGHANI:v1p274, SAMARRAI-ASRAR:r4#5, SAMARRAI-ASRAR-MUH:p51, SAMARRAI-LAMASAT-HALAQAT:p502
quotes 18:34: «يحاوره انا» in 0 segment(s): 
quotes 18:34: «انا اكثر» in 2 segment(s): BURHAN:v4p170, NASHR:v2p310
quotes 18:34: «اكثر منك» in 1 segment(s): BURHAN:v4p170
quotes 18:35: 21 unique window(s): جنته | تبيد | ودخل جنته | جنته وهو | وهو ظالم | لنفسه قال | ما اظن | اظن ان | ان تبيد | تبيد هاذه | هاذه ابدا | ودخل جنته وهو | جنته وهو ظالم | وهو ظالم لنفسه | ظالم لنفسه قال | لنفسه قال ما | قال ما اظن | ما اظن ان | اظن ان تبيد | ان تبيد هاذه | تبيد هاذه ابدا
quotes 18:35: «جنته» in 5 segment(s): BINTSHATI-IJAZ:p393, BURHAN:v3p6, DAMGHANI:v1p198, IBNQUTAYBA-MUSHKIL:v1p93, IBNQUTAYBA-MUSHKIL:v1p256#2
quotes 18:35: «تبيد» in 3 segment(s): ALUSI-FULL:v1p16, SIBAWAYH:(هذابابنظائرماذكرنامنبناتالياءوالواوالتيالياءوالواوفيهن#680, TAB-FULL:v1p5
quotes 18:35: «وهو ظالم» in 1 segment(s): JURJANI-ASRAR:v1p297
quotes 18:35: «لنفسه قال» in 0 segment(s): 
quotes 18:35: «ما اظن» in 3 segment(s): JURJANI-DALAIL:v1p382, SIBAWAYH:وذلكقولكماأتانيأحدإلازيداومامررتبأحدإلازيدومارأيتأحدا#373, SIBAWAYH:ولكنيكنبمنزلةاسممبتدإ|وذلكقولكماأظنأحداهوخيرمنكماأجعل#440
quotes 18:35: «اظن ان» in 4 segment(s): ALUSI-FULL:v1p5#2, JURJANI-ASRAR:v1p69, JURJANI-ASRAR:v1p191, RAZI-FULL:v1p25
quotes 18:35: «هاذه ابدا» in 0 segment(s): 
quotes 18:36: 15 unique window(s): رددت | لاجدن | منقلبا | ولين رددت | رددت اليا | ربي لاجدن | لاجدن خيرا | منها منقلبا | قايمه ولين رددت | ولين رددت اليا | رددت اليا ربي | اليا ربي لاجدن | ربي لاجدن خيرا | لاجدن خيرا منها | خيرا منها منقلبا
quotes 18:36: «رددت» in 32 segment(s): BAQILLANI:v1p57, BINTSHATI-IJAZ:p134, BINTSHATI-IJAZ:p452, BURHAN:v1p55, BURHAN:v1p130, BURHAN:v2p67, IBNASHUR-FULL:v1p67, ITQAN:v3p262, JISHUMI:v1p847, JURJANI-DALAIL:v1p134, NASHR:v2p36, SIBAWAYH:وذلكقولكأخذتهبدرهمفصاعداوأخذتهبدرهمفزائدا|حذفواالفعللكثرة#113 …
quotes 18:36: «لاجدن» in 1 segment(s): BINTSHATI-IJAZ:p452
quotes 18:36: «منقلبا» in 2 segment(s): BINTSHATI-IJAZ:p452, NASHR:v1p11
quotes 18:37: 19 unique window(s): اكفرت | سوياك | صاحبه وهو | يحاوره اكفرت | اكفرت بالذي | بالذي خلقك | خلقك من | ثم سوياك | سوياك رجلا | قال له صاحبه | له صاحبه وهو | صاحبه وهو يحاوره | وهو يحاوره اكفرت | يحاوره اكفرت بالذي | اكفرت بالذي خلقك | بالذي خلقك من | خلقك من تراب | نطفه ثم سوياك | ثم سوياك رجلا
quotes 18:37: «اكفرت» in 1 segment(s): SAMARRAI-LAMASAT-HALAQAT:p633
quotes 18:37: «سوياك» in 0 segment(s): 
quotes 18:37: «صاحبه وهو» in 8 segment(s): BURHAN:v4p430, IBNJAWZI-NUZHA:v1p392, ITQAN:v2p521#3, NASHR:v1p304#2, SAMARRAI-ASRAR:r4#5, SAMARRAI-ASRAR-MUH:p51, SAMARRAI-LAMASAT-HALAQAT:p502, SAMARRAI-LAMASAT-HALAQAT:p633
quotes 18:37: «بالذي خلقك» in 1 segment(s): SAMARRAI-LAMASAT-HALAQAT:p633
quotes 18:37: «خلقك من» in 1 segment(s): SAMARRAI-LAMASAT-HALAQAT:p633
quotes 18:37: «قال له صاحبه» in 11 segment(s): BURHAN:v4p430, DAMGHANI:v1p274, IBNHIBBAN:2898, IBNJAWZI-NUZHA:v1p392, ITQAN:v2p521#3, NASAI:4078, NASHR:v1p304#2, SAMARRAI-ASRAR:r4#5, SAMARRAI-ASRAR-MUH:p51, SAMARRAI-LAMASAT-HALAQAT:p502, SAMARRAI-LAMASAT-HALAQAT:p633
quotes 18:39: 26 unique window(s): اذ دخلت | دخلت جنتك | جنتك قلت | قلت ما | لا قوه | قوه الا | ان ترن | ترن انا | انا اقل | اقل منك | ولولا اذ دخلت | اذ دخلت جنتك | دخلت جنتك قلت | جنتك قلت ما | قلت ما شا | شا الله لا | الله لا قوه | لا قوه الا | قوه الا بالله | الا بالله ان | بالله ان ترن | ان ترن انا | ترن انا اقل | انا اقل منك | اقل منك مالا | منك مالا وولدا
quotes 18:39: «اذ دخلت» in 6 segment(s): BINTSHATI-IJAZ:p495, ITQAN:v1p254, NASHR:v2p2, NASHR:v2p3, SAMARRAI-LAMASAT-HALAQAT:p830, SIBAWAYH:(هذابابنظائرماذكرنامنبناتالياءوالواوالتيالياءوالواوفيهن#680
quotes 18:39: «دخلت جنتك» in 4 segment(s): BINTSHATI-IJAZ:p495, NASHR:v2p2, RAZI-FULL:v1p83, SAMARRAI-LAMASAT-HALAQAT:p830
quotes 18:39: «جنتك قلت» in 2 segment(s): BINTSHATI-IJAZ:p495, SAMARRAI-LAMASAT-HALAQAT:p830
NOTE quotes 18:39: window «قلت ما» in 89 segments, too common alone; the longer windows that contain it are used instead
quotes 18:39: «لا قوه» in 6 segment(s): BINTSHATI-IJAZ:p495, BURHAN:v3p422, ITQAN:v3p116, ITQAN:v4p437, SAMARRAI-LAMASAT-HALAQAT:p830, SIBAWAYH:فيجيءلفظهعلىموضعالنداءنصبالأنموضعالنداءنصبولاتجريالأسماء#323
quotes 18:39: «قوه الا» in 15 segment(s): BINTSHATI-IJAZ:p495, BURHAN:v2p444, IBNABIHATIM:v1p14, IBNKATHIR-FULL:v1p62, ITQAN:v4p437, ITQAN:v4p511#2, ITQAN:v4p520, ITQAN:v4p527, KHATTABI:v1p47, NASHR:v2p409, SAMARRAI-ASRAR:r12#3, SAMARRAI-LAMASAT:p10 …
quotes 18:39: «ان ترن» in 10 segment(s): BINTSHATI-IJAZ:p495, BURHAN:v2p409, BURHAN:v4p29, ITQAN:v2p484, ITQAN:v2p551, ITQAN:v4p446, NASHR:v2p182, NASHR:v2p316, SAMARRAI-ASRAR:r5#3, SAMARRAI-LAMASAT-HALAQAT:p830
quotes 18:39: «ترن انا» in 7 segment(s): BINTSHATI-IJAZ:p495, BURHAN:v2p409, BURHAN:v4p29, ITQAN:v2p484, ITQAN:v2p551, SAMARRAI-ASRAR:r5#3, SAMARRAI-LAMASAT-HALAQAT:p830
quotes 18:39: «انا اقل» in 8 segment(s): BINTSHATI-IJAZ:p495, BURHAN:v2p409, BURHAN:v4p29, ITQAN:v2p484, ITQAN:v2p551, SAMARRAI-ASRAR:r5#3, SAMARRAI-LAMASAT-HALAQAT:p830, SIBAWAYH:اعلمأنهنلايكنفصلاإلافيالفعلولايكنكذلكإلافيكلفعلالاسم#438
quotes 18:39: «اقل منك» in 8 segment(s): BINTSHATI-IJAZ:p495, BURHAN:v2p409, BURHAN:v4p29, ITQAN:v2p484, ITQAN:v2p551, SAMARRAI-ASRAR:r5#3, SAMARRAI-LAMASAT-HALAQAT:p830, SIBAWAYH:اعلمأنهنلايكنفصلاإلافيالفعلولايكنكذلكإلافيكلفعلالاسم#438
quotes 18:39: «قلت ما شا» in 3 segment(s): BINTSHATI-IJAZ:p495, MUSNAD-AHMAD:8426, SAMARRAI-LAMASAT-HALAQAT:p830
quotes 18:39: «شا الله لا» in 17 segment(s): ABUDAWUD:3276, BINTSHATI-IJAZ:p495, BUKHARI:3133, BUKHARI:5518, BUKHARI:6623, BUKHARI:6680, BUKHARI:6718, BUKHARI:6721, IBNHIBBAN:v2p145, IBNHISHAM:v2p661, IBNMAJAH:2107, ITQAN:v4p437 …
quotes 18:39: «الا بالله ان» in 2 segment(s): BINTSHATI-IJAZ:p495, SAMARRAI-LAMASAT-HALAQAT:p830
quotes 18:39: «منك مالا وولدا» in 6 segment(s): BINTSHATI-IJAZ:p495, BURHAN:v2p409, ITQAN:v2p484, SAMARRAI-ASRAR:r5#3, SAMARRAI-LAMASAT-HALAQAT:p830, SIBAWAYH:اعلمأنهنلايكنفصلاإلافيالفعلولايكنكذلكإلافيكلفعلالاسم#438
quotes 18:42: 27 unique window(s): واحيط | بثمره | واحيط بثمره | بثمره فاصبح | فاصبح يقلب | يقلب كفيه | كفيه عليا | ما انفق | انفق فيها | فيها وهي | عروشها ويقول | ويقول ياليتني | لم اشرك | واحيط بثمره فاصبح | بثمره فاصبح يقلب | فاصبح يقلب كفيه | يقلب كفيه عليا | كفيه عليا ما | عليا ما انفق | ما انفق فيها | انفق فيها وهي | فيها وهي خاويه | عليا عروشها ويقول | عروشها ويقول ياليتني | ويقول ياليتني لم | ياليتني لم اشرك | لم اشرك بربي
quotes 18:42: «واحيط» in 4 segment(s): DAMGHANI:v1p146, IBNJAWZI-NUZHA:v1p114, IBNQUTAYBA-MUSHKIL:v1p106, NASHR:v2p310
quotes 18:42: «بثمره» in 4 segment(s): DAMGHANI:v1p146, IBNJAWZI-NUZHA:v1p114, IBNQUTAYBA-MUSHKIL:v1p106, NASHR:v2p310
quotes 18:42: «فاصبح يقلب» in 6 segment(s): BURHAN:v2p213, DAMGHANI:v1p271, DAMGHANI:v1p365, DAMGHANI:v1p462, IBNJAWZI-NUZHA:v1p91#2, ITQAN:v3p49
quotes 18:42: «يقلب كفيه» in 6 segment(s): BURHAN:v2p213, DAMGHANI:v1p271, DAMGHANI:v1p365, DAMGHANI:v1p462, IBNJAWZI-NUZHA:v1p91#2, ITQAN:v3p49
quotes 18:42: «كفيه عليا» in 0 segment(s): 
quotes 18:42: «ما انفق» in 4 segment(s): DAMGHANI:v1p271, DAMGHANI:v1p365, DAMGHANI:v1p462, IBNJAWZI-NUZHA:v1p475
quotes 18:42: «انفق فيها» in 4 segment(s): DAMGHANI:v1p271, DAMGHANI:v1p365, DAMGHANI:v1p462, IBNJAWZI-NUZHA:v1p475
quotes 18:42: «فيها وهي» in 4 segment(s): IBNASHUR-FULL:v1p14, ITQAN:v3p42, NASHR:v1p280, SIBAWAYH:اعلمأنلكمموضعينفأحدهماالاستفهاموهوالحرفالمستفمبهبمنزلةكيف#276
quotes 18:42: «عروشها ويقول» in 0 segment(s): 
quotes 18:42: «ويقول ياليتني» in 0 segment(s): 
quotes 18:42: «لم اشرك» in 0 segment(s): 
quotes 18:52: 16 unique window(s): نادوا | موبقا | يقول نادوا | نادوا شركاي | زعمتم فدعوهم | لهم وجعلنا | بينهم موبقا | ويوم يقول نادوا | يقول نادوا شركاي | نادوا شركاي الذين | شركاي الذين زعمتم | الذين زعمتم فدعوهم | زعمتم فدعوهم فلم | يستجيبوا لهم وجعلنا | لهم وجعلنا بينهم | وجعلنا بينهم موبقا
quotes 18:52: «نادوا» in 5 segment(s): DAMGHANI:v1p173, DAMGHANI:v1p426, IBNQUTAYBA-MUSHKIL:v1p198#2, ITQAN:v3p155#2, SIBAWAYH:فمنذلكقولكلعبداللهمالثمتقوللكمالولهمال[فتفتحاللام]#428
quotes 18:52: «موبقا» in 3 segment(s): ITQAN:v2p318, ITQAN:v4p378, MAJAZ:v2p449#2
quotes 18:52: «زعمتم فدعوهم» in 0 segment(s): 
quotes 18:52: «لهم وجعلنا» in 0 segment(s): 
quotes 18:52: «شركاي الذين زعمتم» in 0 segment(s): 
quotes 18:54: 13 unique window(s): القران للناس | مثل وكان | الانسان اكثر | اكثر شي | شي جدلا | هاذا القران للناس | القران للناس من | للناس من كل | كل مثل وكان | مثل وكان الانسان | وكان الانسان اكثر | الانسان اكثر شي | اكثر شي جدلا
quotes 18:54: «القران للناس» in 5 segment(s): BURHAN:v1p112#2, ITQAN:v3p293#3, SAMARRAI-ASRAR:r4#5, SAMARRAI-ASRAR-MUH:p50, SAMARRAI-LAMASAT-HALAQAT:p501
quotes 18:54: «مثل وكان» in 5 segment(s): SAMARRAI-ASRAR:r4#5, SAMARRAI-ASRAR-MUH:p50, SAMARRAI-LAMASAT-HALAQAT:p501, SAMARRAI-LAMASAT-HALAQAT:p972, SIBAWAYH:فانتصبلأنهموقوعلهولأنهتفسيرلماقبلهلمكان؟وليسبصفةلما#163
quotes 18:54: «الانسان اكثر» in 5 segment(s): SAMARRAI-ASRAR:r4#5, SAMARRAI-ASRAR-MUH:p50, SAMARRAI-ASRAR-MUH:p51, SAMARRAI-LAMASAT-HALAQAT:p501, SAMARRAI-LAMASAT-HALAQAT:p502
quotes 18:54: «اكثر شي» in 7 segment(s): BINTSHATI-IJAZ:p273, IBNQUTAYBA-MUSHKIL:v1p178, SAMARRAI-ASRAR:r4#5, SAMARRAI-ASRAR-MUH:p50, SAMARRAI-ASRAR-MUH:p51, SAMARRAI-LAMASAT-HALAQAT:p501, SAMARRAI-LAMASAT-HALAQAT:p502
quotes 18:54: «شي جدلا» in 6 segment(s): BINTSHATI-IJAZ:p273, SAMARRAI-ASRAR:r4#5, SAMARRAI-ASRAR-MUH:p50, SAMARRAI-ASRAR-MUH:p51, SAMARRAI-LAMASAT-HALAQAT:p501, SAMARRAI-LAMASAT-HALAQAT:p502
quotes 18:54: «للناس من كل» in 4 segment(s): ITQAN:v3p293#3, SAMARRAI-ASRAR:r4#5, SAMARRAI-ASRAR-MUH:p50, SAMARRAI-LAMASAT-HALAQAT:p501
quotes 19:3: 5 unique window(s): خفيا | ربه ندا | ندا خفيا | ناديا ربه ندا | ربه ندا خفيا
quotes 19:3: «خفيا» in 18 segment(s): BURHAN:v2p87, BURHAN:v2p293, DAMGHANI:v1p157, DAMGHANI:v1p450, DAMGHANI:v1p502, IBNJAWZI-NUZHA:v1p592, IBNQUTAYBA-MUSHKIL:v1p191#2, ITQAN:v4p312, JURJANI-ASRAR:v1p131, MAWARDI-FULL:v1p21, MAWARDI-FULL:v1p38, RAZI-FULL:v1p31 …
quotes 19:3: «ربه ندا» in 7 segment(s): BURHAN:v2p293, DAMGHANI:v1p157, DAMGHANI:v1p450, IBNJAWZI-NUZHA:v1p592, SAMARRAI-LAMASAT-HALAQAT:p612, SAMARRAI-LAMASAT-HALAQAT:p790, SAMARRAI-LAMASAT-HALAQAT:p791
quotes 19:7: 14 unique window(s): يازكريا | يازكريا انا | بغلام اسمه | اسمه يحييا | يحييا لم | قبل سميا | يازكريا انا نبشرك | نبشرك بغلام اسمه | بغلام اسمه يحييا | اسمه يحييا لم | يحييا لم نجعل | لم نجعل له | نجعل له من | من قبل سميا
quotes 19:7: «يازكريا» in 0 segment(s): 
quotes 19:7: «بغلام اسمه» in 7 segment(s): BINTSHATI-IJAZ:p560, DAMGHANI:v1p246, DAMGHANI:v1p340, ITQAN:v4p370#2, SAMARRAI-LAMASAT-HALAQAT:p790, SAMARRAI-LAMASAT-HALAQAT:p792, SAMARRAI-LAMASAT-HALAQAT:p828
quotes 19:7: «اسمه يحييا» in 0 segment(s): 
quotes 19:7: «يحييا لم» in 0 segment(s): 
quotes 19:7: «قبل سميا» in 6 segment(s): BINTSHATI-IJAZ:p560, BURHAN:v2p380, DAMGHANI:v1p246, SAMARRAI-LAMASAT-HALAQAT:p790, SAMARRAI-LAMASAT-HALAQAT:p792, SAMARRAI-LAMASAT-HALAQAT:p828
quotes 19:7: «لم نجعل له» in 7 segment(s): BINTSHATI-IJAZ:p560, BINTSHATI-IJAZ:p561, BURHAN:v2p380, DAMGHANI:v1p246, SAMARRAI-LAMASAT-HALAQAT:p790, SAMARRAI-LAMASAT-HALAQAT:p792, SAMARRAI-LAMASAT-HALAQAT:p828
quotes 19:7: «نجعل له من» in 7 segment(s): BINTSHATI-IJAZ:p560, BINTSHATI-IJAZ:p561, BURHAN:v2p380, DAMGHANI:v1p246, SAMARRAI-LAMASAT-HALAQAT:p790, SAMARRAI-LAMASAT-HALAQAT:p792, SAMARRAI-LAMASAT-HALAQAT:p828
quotes 19:42: 21 unique window(s): يبصر | ياابت لم | لم تعبد | تعبد ما | يسمع ولا | ولا يبصر | يبصر ولا | يغني عنك | عنك شيا | قال لابيه ياابت | لابيه ياابت لم | ياابت لم تعبد | لم تعبد ما | تعبد ما لا | ما لا يسمع | لا يسمع ولا | يسمع ولا يبصر | ولا يبصر ولا | يبصر ولا يغني | ولا يغني عنك | يغني عنك شيا
quotes 19:42: «يبصر» in 19 segment(s): BURHAN:v1p79, BURHAN:v2p250, BURHAN:v2p322, BURHAN:v3p131, BURHAN:v3p176, DAMGHANI:v1p13#2, DAMGHANI:v1p332, IBNMUJAHID:v1p48, IBNQUTAYBA-MUSHKIL:v1p199, IBNQUTAYBA-MUSHKIL:v1p202, ITQAN:v3p222#2, JISHUMI:v1p709 …
quotes 19:42: «ياابت لم» in 0 segment(s): 
quotes 19:42: «لم تعبد» in 8 segment(s): BURHAN:v2p250, BURHAN:v2p322, BURHAN:v3p176, DAMGHANI:v1p13#2, IBNJAWZI-NUZHA:v1p111, ITQAN:v3p92, ITQAN:v3p222#2, RAZI-FULL:v1p62#2
quotes 19:42: «تعبد ما» in 6 segment(s): BURHAN:v2p250, BURHAN:v2p322, BURHAN:v3p176, IBNJAWZI-NUZHA:v1p111, ITQAN:v3p222#2, RAZI-FULL:v1p62#2
quotes 19:42: «يسمع ولا» in 11 segment(s): BURHAN:v2p250, BURHAN:v2p322, BURHAN:v3p131, BURHAN:v3p176, DAMGHANI:v1p13#2, ITQAN:v3p222#2, JISHUMI:v1p709, JURJANI-DALAIL:v1p234, RAZI-FULL:v1p62#2, SAMARRAI-LAMASAT-HALAQAT:p998, SIBAWAYH:(هذابابالمقصوروالممدود)#648
quotes 19:42: «يغني عنك» in 2 segment(s): JURJANI-ASRAR:v1p326, RAZI-FULL:v1p62#2
quotes 19:42: «عنك شيا» in 0 segment(s): 
quotes 19:42: «قال لابيه ياابت» in 0 segment(s): 
quotes 19:42: «ما لا يسمع» in 9 segment(s): BURHAN:v2p250, BURHAN:v2p322, BURHAN:v3p176, IBNJAWZI-NUZHA:v1p111, IBNQUTAYBA-MUSHKIL:v1p75, IBNQUTAYBA-MUSHKIL:v1p77, ITQAN:v3p222#2, JISHUMI:v1p706#2, RAZI-FULL:v1p62#2
quotes 19:43: 20 unique window(s): ياتك | فاتبعني | اهدك | قد جاني | جاني من | لم ياتك | ياتك فاتبعني | فاتبعني اهدك | اهدك صراطا | صراطا سويا | ياابت اني قد | اني قد جاني | قد جاني من | جاني من العلم | العلم ما لم | ما لم ياتك | لم ياتك فاتبعني | ياتك فاتبعني اهدك | فاتبعني اهدك صراطا | اهدك صراطا سويا
quotes 19:43: «ياتك» in 9 segment(s): JURJANI-DALAIL:v1p216, SAMARRAI-LAMASAT-HALAQAT:p767, SIBAWAYH:فإذابنيتالاسمعليهقلتضربتزيداوهوالحدلأنكتريدأنتعملهوتحمل#48, SIBAWAYH:وذلكقولكزيدكممرةرأيتهوعبداللههللقيتهوعمروهلالقيتهوكذلك#63, SIBAWAYH:(هذابابماتكونفيهالأسماءالتييجازيبهابمنزلةالذي)#483, SIBAWAYH:(هذابابيذهبفيهالجزاءمنالأسماء)#484, SIBAWAYH:(هذابابالجزاءإذاأدخلتفيهألفالاستفهام)#486, SIBAWAYH:(هذابابالحروفالتيلاتقدمفيهاالأسماءالفعل)#492, SIBAWAYH:(هذابابالنونالثقيلةوالخفيفة)#640
quotes 19:43: «فاتبعني» in 3 segment(s): SAMARRAI-LAMASAT-HALAQAT:p767, SAMARRAI-LAMASAT-HALAQAT:p987, SAMARRAI-LAMASAT-HALAQAT:p988
quotes 19:43: «اهدك» in 5 segment(s): IBNJAWZI-NUZHA:v1p352, NASHR:v2p166, SAMARRAI-LAMASAT-HALAQAT:p767, SAMARRAI-LAMASAT-HALAQAT:p987, SAMARRAI-LAMASAT-HALAQAT:p988
quotes 19:43: «قد جاني» in 1 segment(s): SAMARRAI-LAMASAT-HALAQAT:p767
quotes 19:43: «جاني من» in 7 segment(s): BURHAN:v4p336, BURHAN:v4p421, ITQAN:v2p427#2, JURJANI-DALAIL:v1p257, RAZI-FULL:v1p55#2, SAMARRAI-LAMASAT-HALAQAT:p767, SAMARRAI-LAMASAT-HALAQAT:p1101
quotes 19:43: «صراطا سويا» in 4 segment(s): IBNJAWZI-NUZHA:v1p352, SAMARRAI-LAMASAT-HALAQAT:p767, SAMARRAI-LAMASAT-HALAQAT:p987, SAMARRAI-LAMASAT-HALAQAT:p988
quotes 19:43: «ياابت اني قد» in 0 segment(s): 
quotes 19:43: «العلم ما لم» in 1 segment(s): SAMARRAI-LAMASAT-HALAQAT:p767
quotes 19:46: 23 unique window(s): اراغب | الهتي | لارجمنك | واهجرني | مليا | قال اراغب | اراغب انت | انت عن | عن الهتي | الهتي ياابراهيم | ياابراهيم لين | تنته لارجمنك | لارجمنك واهجرني | واهجرني مليا | قال اراغب انت | اراغب انت عن | انت عن الهتي | عن الهتي ياابراهيم | الهتي ياابراهيم لين | ياابراهيم لين لم | لم تنته لارجمنك | تنته لارجمنك واهجرني | لارجمنك واهجرني مليا
quotes 19:46: «اراغب» in 3 segment(s): BURHAN:v3p235, BURHAN:v3p275, IBNASHUR-FULL:v1p97
quotes 19:46: «الهتي» in 4 segment(s): BURHAN:v3p235, BURHAN:v3p275, IBNASHUR-FULL:v1p97, NASHR:v2p221
quotes 19:46: «لارجمنك» in 9 segment(s): BURHAN:v1p106, BURHAN:v3p46, DAMGHANI:v1p196, IBNASHUR-FULL:v1p97, IBNJAWZI-NUZHA:v1p317, IBNQUTAYBA-MUSHKIL:v1p274, ITQAN:v2p417, JISHUMI:v1p919, RAZI-FULL:v1p61
quotes 19:46: «واهجرني» in 2 segment(s): DAMGHANI:v1p468, ITQAN:v2p319
quotes 19:46: «مليا» in 4 segment(s): DAMGHANI:v1p468, ITQAN:v2p529, MAJAZ:v2p444, SIBAWAYH:(هذابابماجاءمنالمصادرعلىفعول)#677
quotes 19:46: «انت عن» in 7 segment(s): BAQILLANI:v1p107, BURHAN:v1p435, BURHAN:v3p235, BURHAN:v3p275, IBNASHUR-FULL:v1p97, JISHUMI:v1p524, SIBAWAYH:والأسماءالمبهمةهذاوهذانوهذهوهاتانوهؤلاءوذلكPageV02P077وذانك#232
quotes 19:46: «ياابراهيم لين» in 0 segment(s): 
quotes 19:64: 28 unique window(s): نتنزل | خلفنا | وما نتنزل | نتنزل الا | الا بامر | بامر ربك | ربك له | بين ايدينا | ايدينا وما | وما خلفنا | خلفنا وما | وما بين | ربك نسيا | وما نتنزل الا | نتنزل الا بامر | الا بامر ربك | بامر ربك له | ربك له ما | له ما بين | ما بين ايدينا | بين ايدينا وما | ايدينا وما خلفنا | وما خلفنا وما | خلفنا وما بين | وما بين ذالك | بين ذالك وما | ذالك وما كان | كان ربك نسيا
quotes 19:64: «نتنزل» in 3 segment(s): IBNASHUR-FULL:v1p79#2, ITQAN:v1p102#2, NASHR:v2p407
quotes 19:64: «خلفنا» in 5 segment(s): BURHAN:v3p471, DAMGHANI:v1p139, IBNJAWZI-NUZHA:v1p548, ITQAN:v3p240#2, SAMARRAI-LAMASAT-HALAQAT:p37
quotes 19:64: «الا بامر» in 9 segment(s): BAQILLANI:v1p14, BAQILLANI:v1p44, BURHAN:v1p487, IBNASHUR-FULL:v1p79#2, ITQAN:v1p102#2, JURJANI-DALAIL:v1p53, JURJANI-DALAIL:v1p188, NASHR:v2p407, SIBAWAYH:(هذابابتحقيركلحرفكانفيهبدل)#618
quotes 19:64: «بامر ربك» in 4 segment(s): BURHAN:v2p82, IBNASHUR-FULL:v1p79#2, ITQAN:v1p102#2, NASHR:v2p407
quotes 19:64: «ربك له» in 0 segment(s): 
quotes 19:64: «بين ايدينا» in 13 segment(s): BAQILLANI:v1p286, BINTSHATI-IJAZ:p34, BURHAN:v3p471, IBNJAWZI-NUZHA:v1p548, ITQAN:v3p240#2, MAJAZ:v1p1#16, MAJAZ:v1p1#27, SAMARRAI-ASRAR-MUH:p83, SAMARRAI-LAMASAT-HALAQAT:p37, SAMARRAI-LAMASAT-HALAQAT:p533, SAMARRAI-LAMASAT-HALAQAT:p672, SAMARRAI-LAMASAT-HALAQAT:p954 …
quotes 19:64: «ايدينا وما» in 5 segment(s): BURHAN:v3p471, BURHAN:v4p83, IBNJAWZI-NUZHA:v1p548, ITQAN:v3p240#2, SAMARRAI-LAMASAT-HALAQAT:p37
quotes 19:64: «وما بين» in 9 segment(s): BAQILLANI:v1p123, IBNJAWZI-NUZHA:v1p201, IBNJAWZI-NUZHA:v1p444, ITQAN:v3p240#2, JISHUMI:v1p508, JISHUMI:v1p923, JURJANI-ASRAR:v1p85, SAMARRAI-LAMASAT-HALAQAT:p37, YKHULI-TAJDID:c5
quotes 19:64: «ربك نسيا» in 7 segment(s): BINTSHATI-IJAZ:p182, BURHAN:v2p375, BURHAN:v2p509, ITQAN:v3p208, ITQAN:v3p209#3, ITQAN:v3p269, JURJANI-DALAIL:v1p33
quotes 19:64: «له ما بين» in 17 segment(s): ABUDAWUD:1050, BUKHARI:3218, BUKHARI:4731, BUKHARI:7455, BURHAN:v3p471, IBNHIBBAN:2779, IBNHISHAM:v1p302, IBNJAWZI-NUZHA:v1p548, ITQAN:v3p240#2, MUSNAD-AHMAD:1449, MUSNAD-AHMAD:1467, MUSNAD-AHMAD:2078 …
quotes 19:64: «بين ذالك وما» in 0 segment(s): 
quotes 19:64: «ذالك وما كان» in 0 segment(s): 
quotes 19:65: 15 unique window(s): لعبادته | بينهما فاعبده | فاعبده واصطبر | واصطبر لعبادته | لعبادته هل | هل تعلم | تعلم له | له سميا | وما بينهما فاعبده | بينهما فاعبده واصطبر | فاعبده واصطبر لعبادته | واصطبر لعبادته هل | لعبادته هل تعلم | هل تعلم له | تعلم له سميا
quotes 19:65: «لعبادته» in 7 segment(s): BINTSHATI-IJAZ:p560, JISHUMI:v1p496, NASHR:v1p284, NASHR:v2p11#2, SAMARRAI-LAMASAT:p108, SAMARRAI-LAMASAT-HALAQAT:p87, SAMARRAI-LAMASAT-HALAQAT:p590
quotes 19:65: «بينهما فاعبده» in 1 segment(s): BINTSHATI-IJAZ:p560
quotes 19:65: «فاعبده واصطبر» in 1 segment(s): BINTSHATI-IJAZ:p560
quotes 19:65: «هل تعلم» in 8 segment(s): BINTSHATI-IJAZ:p560, BINTSHATI-IJAZ:p561, BURHAN:v2p5, BURHAN:v4p436, DAMGHANI:v1p246, ITQAN:v2p373, JISHUMI:v1p489, JURJANI-ASRAR:v1p327
quotes 19:65: «تعلم له» in 6 segment(s): BINTSHATI-IJAZ:p560, BINTSHATI-IJAZ:p561, BURHAN:v2p5, BURHAN:v4p436, DAMGHANI:v1p246, ITQAN:v2p373
quotes 19:65: «له سميا» in 6 segment(s): BINTSHATI-IJAZ:p560, BINTSHATI-IJAZ:p561, BURHAN:v2p5, BURHAN:v4p436, DAMGHANI:v1p246, ITQAN:v2p373
quotes 19:73: 13 unique window(s): نديا | امنوا اي | اي الفريقين | الفريقين خير | خير مقاما | مقاما واحسن | واحسن نديا | للذين امنوا اي | امنوا اي الفريقين | اي الفريقين خير | الفريقين خير مقاما | خير مقاما واحسن | مقاما واحسن نديا
quotes 19:73: «نديا» in 6 segment(s): BINTSHATI-IJAZ:p164, BINTSHATI-IJAZ:p326, BINTSHATI-IJAZ:p327, BURHAN:v4p170, ITQAN:v2p349, MAJAZ:v2p444#2
quotes 19:73: «امنوا اي» in 6 segment(s): BINTSHATI-IJAZ:p164, BINTSHATI-IJAZ:p326, BURHAN:v1p109, IBNJAWZI-NUZHA:v1p145, JISHUMI:v1p530#2, SIBAWAYH:فمنذلكقولهتعالى@QB@لاعاصماليوممنأمراللهإلامنرحم@QE@أي#381
quotes 19:73: «اي الفريقين» in 5 segment(s): BINTSHATI-IJAZ:p164, BINTSHATI-IJAZ:p326, BURHAN:v4p170, ITQAN:v2p460#2, JISHUMI:v1p497#2
quotes 19:73: «الفريقين خير» in 4 segment(s): BINTSHATI-IJAZ:p164, BINTSHATI-IJAZ:p326, BURHAN:v4p170, ITQAN:v2p460#2
quotes 19:73: «خير مقاما» in 5 segment(s): BINTSHATI-IJAZ:p164, BINTSHATI-IJAZ:p326, BURHAN:v4p170, ITQAN:v2p460#2, NASHR:v2p318
quotes 19:73: «مقاما واحسن» in 3 segment(s): BINTSHATI-IJAZ:p164, BINTSHATI-IJAZ:p326, BURHAN:v4p170
quotes 19:74: 6 unique window(s): هم احسن | احسن اثاثا | اثاثا وريا | قرن هم احسن | هم احسن اثاثا | احسن اثاثا وريا
quotes 19:74: «هم احسن» in 4 segment(s): BINTSHATI-IJAZ:p164, BINTSHATI-IJAZ:p328, BINTSHATI-IJAZ:p330, IBNJAWZI-NUZHA:v1p639
quotes 19:74: «احسن اثاثا» in 4 segment(s): BINTSHATI-IJAZ:p164, BINTSHATI-IJAZ:p328, BINTSHATI-IJAZ:p330, IBNJAWZI-NUZHA:v1p639
quotes 19:74: «اثاثا وريا» in 0 segment(s): 
quotes 19:77: 11 unique window(s): لاوتين | كفر باياتنا | باياتنا وقال | وقال لاوتين | لاوتين مالا | افريت الذي كفر | الذي كفر باياتنا | كفر باياتنا وقال | باياتنا وقال لاوتين | وقال لاوتين مالا | لاوتين مالا وولدا
quotes 19:77: «لاوتين» in 1 segment(s): IBNASHUR-FULL:v1p22
quotes 19:77: «كفر باياتنا» in 3 segment(s): BURHAN:v2p349, BURHAN:v4p178, IBNASHUR-FULL:v1p22
quotes 19:77: «باياتنا وقال» in 1 segment(s): IBNASHUR-FULL:v1p22
quotes 19:77: «افريت الذي كفر» in 0 segment(s): 
quotes 19:78: 5 unique window(s): اطلع الغيب | الغيب ام | اطلع الغيب ام | الغيب ام اتخذ | ام اتخذ عند
quotes 19:78: «اطلع الغيب» in 3 segment(s): BURHAN:v4p313, DAMGHANI:v1p344, IBNJAWZI-NUZHA:v1p456
quotes 19:78: «الغيب ام» in 1 segment(s): BURHAN:v4p313
quotes 19:78: «ام اتخذ عند» in 7 segment(s): BUKHARI:2091, BUKHARI:4733, BUKHARI:4735, BURHAN:v1p368, BURHAN:v4p313, IBNJAWZI-NUZHA:v1p511, MUSNAD-AHMAD:21076
quotes 19:79: 12 unique window(s): ونمد | كلا سنكتب | يقول ونمد | ونمد له | العذاب مدا | كلا سنكتب ما | سنكتب ما يقول | ما يقول ونمد | يقول ونمد له | ونمد له من | له من العذاب | من العذاب مدا
quotes 19:79: «ونمد» in 3 segment(s): BURHAN:v4p81, IBNJAWZI-NUZHA:v1p555, ITQAN:v2p570
quotes 19:79: «كلا سنكتب» in 0 segment(s): 
quotes 19:79: «العذاب مدا» in 3 segment(s): BURHAN:v4p81, IBNJAWZI-NUZHA:v1p555, ITQAN:v2p570
quotes 19:79: «سنكتب ما يقول» in 1 segment(s): BUKHARI:4735
quotes 19:79: «له من العذاب» in 4 segment(s): BUKHARI:4735, BURHAN:v4p81, IBNJAWZI-NUZHA:v1p555, ITQAN:v2p570
quotes 19:80: 8 unique window(s): ونرثه | وياتينا | ونرثه ما | يقول وياتينا | وياتينا فردا | ونرثه ما يقول | ما يقول وياتينا | يقول وياتينا فردا
quotes 19:80: «ونرثه» in 0 segment(s): 
quotes 19:80: «وياتينا» in 0 segment(s): 
quotes 19:93: 8 unique window(s): الا اتي | اتي الرحمان | الرحمان عبدا | ان كل من | كل من في | والارض الا اتي | الا اتي الرحمان | اتي الرحمان عبدا
quotes 19:93: «الا اتي» in 10 segment(s): BURHAN:v2p3, BURHAN:v2p159, BURHAN:v2p502, BURHAN:v4p215, BURHAN:v4p321, DAMGHANI:v1p15, IBNJAWZI-NUZHA:v1p165, ITQAN:v2p492#3, SAMARRAI-ASRAR:r7#8, SAMARRAI-LAMASAT-HALAQAT:p43
quotes 19:93: «اتي الرحمان» in 1 segment(s): SAMARRAI-ASRAR:r7#8
quotes 19:93: «الرحمان عبدا» in 1 segment(s): SAMARRAI-ASRAR:r7#8
quotes 19:93: «ان كل من» in 31 segment(s): ABUDAWUD:2265, AZRAQI:v1p179, BURHAN:v1p13, BURHAN:v2p3, BURHAN:v2p181, BURHAN:v4p215, BURHAN:v4p321, DAMGHANI:v1p15, HAMASA:v1p350, HAMASA:v1p1014, HAMASA:v1p1076#2, IBNHIBBAN:v8p118 …
quotes 19:93: «كل من في» in 10 segment(s): BURHAN:v2p3, BURHAN:v4p215, BURHAN:v4p321, DAMGHANI:v1p15, IBNJAWZI-NUZHA:v1p165, ITQAN:v2p492#3, MUALLAQAT:v1p189#4, MUSLIM:7299, SAMARRAI-ASRAR:r7#8, SAMARRAI-LAMASAT-HALAQAT:p43
quotes 20:10: 20 unique window(s): بقبس | اذ را | را نارا | نارا فقال | فقال لاهله | منها بقبس | بقبس او | او اجد | اجد علي | النار هدي | اذ را نارا | را نارا فقال | نارا فقال لاهله | فقال لاهله امكثوا | اتيكم منها بقبس | منها بقبس او | بقبس او اجد | او اجد علي | اجد علي النار | علي النار هدي
quotes 20:10: «بقبس» in 4 segment(s): BAQILLANI:v1p189, BINTSHATI-IJAZ:p217, BINTSHATI-IJAZ:p369, BINTSHATI-IJAZ:p452
quotes 20:10: «اذ را» in 0 segment(s): 
quotes 20:10: «را نارا» in 0 segment(s): 
quotes 20:10: «نارا فقال» in 4 segment(s): BAQILLANI:v1p189, BINTSHATI-IJAZ:p217, BINTSHATI-IJAZ:p369, BINTSHATI-IJAZ:p452
quotes 20:10: «فقال لاهله» in 5 segment(s): BAQILLANI:v1p189, BINTSHATI-IJAZ:p217, BINTSHATI-IJAZ:p369, BINTSHATI-IJAZ:p452, BURHAN:v3p96
quotes 20:10: «او اجد» in 6 segment(s): BAQILLANI:v1p189, BINTSHATI-IJAZ:p217, BINTSHATI-IJAZ:p369, BINTSHATI-IJAZ:p452, DAMGHANI:v1p472, IBNJAWZI-NUZHA:v1p629
quotes 20:10: «اجد علي» in 7 segment(s): BAQILLANI:v1p189, BINTSHATI-IJAZ:p217, BINTSHATI-IJAZ:p369, BINTSHATI-IJAZ:p452, BURHAN:v3p209, DAMGHANI:v1p472, IBNJAWZI-NUZHA:v1p629
quotes 20:10: «النار هدي» in 6 segment(s): BAQILLANI:v1p189, BINTSHATI-IJAZ:p217, BINTSHATI-IJAZ:p369, BINTSHATI-IJAZ:p452, DAMGHANI:v1p472, IBNJAWZI-NUZHA:v1p629
quotes 20:11: 2 unique window(s): نودي ياموسيا | اتياها نودي ياموسيا
quotes 20:11: «نودي ياموسيا» in 0 segment(s): 
quotes 20:12: 13 unique window(s): فاخلع | نعليك | انا ربك | ربك فاخلع | فاخلع نعليك | نعليك انك | انك بالواد | اني انا ربك | انا ربك فاخلع | ربك فاخلع نعليك | فاخلع نعليك انك | نعليك انك بالواد | انك بالواد المقدس
quotes 20:12: «فاخلع» in 3 segment(s): BURHAN:v2p308, SAMARRAI-LAMASAT:p107, SAMARRAI-LAMASAT-HALAQAT:p86
quotes 20:12: «نعليك» in 3 segment(s): BURHAN:v2p308, SAMARRAI-LAMASAT:p107, SAMARRAI-LAMASAT-HALAQAT:p86
quotes 20:12: «انا ربك» in 7 segment(s): NASHR:v2p163#2, NASHR:v2p319#2, NASHR:v2p322, SAMARRAI-LAMASAT:p107, SAMARRAI-LAMASAT:p108, SAMARRAI-LAMASAT-HALAQAT:p86, SAMARRAI-LAMASAT-HALAQAT:p87
quotes 20:12: «انك بالواد» in 0 segment(s): 
quotes 20:13: 9 unique window(s): اخترتك | فاستمع | وانا اخترتك | اخترتك فاستمع | فاستمع لما | لما يوحيا | وانا اخترتك فاستمع | اخترتك فاستمع لما | فاستمع لما يوحيا
quotes 20:13: «اخترتك» in 1 segment(s): NASHR:v2p319#2
quotes 20:13: «فاستمع» in 1 segment(s): DURR-FULL:v1p13
quotes 20:13: «لما يوحيا» in 0 segment(s): 
quotes 20:24: 0 unique window(s): 
quotes 20:43: 2 unique window(s): اذهبا اليا | اذهبا اليا فرعون
quotes 20:43: «اذهبا اليا» in 0 segment(s): 
quotes 20:44: 13 unique window(s): لينا | فقولا له | قولا لينا | لينا لعله | لعله يتذكر | يتذكر او | او يخشيا | فقولا له قولا | له قولا لينا | قولا لينا لعله | لينا لعله يتذكر | لعله يتذكر او | يتذكر او يخشيا
quotes 20:44: «لينا» in 12 segment(s): BURHAN:v4p56, BURHAN:v4p158, BURHAN:v4p181, BURHAN:v4p392, IBNQUTAYBA-MUSHKIL:v1p103, ITQAN:v2p479#3, ITQAN:v2p504#3, RIFAI-KHULI:c2, SAMARRAI-ASRAR:r8#2, SAMARRAI-LAMASAT-HALAQAT:p99, SIBAWAYH:وذلكقولكسلامعليكولبيكوخيربينيديكوويللكوويحلكوويسلك#135, SIBAWAYH:هذابابالإدغامفيالحروفالمتقاربةالتيهيمنمخرجواحد#808
quotes 20:44: «فقولا له» in 8 segment(s): BURHAN:v4p56, BURHAN:v4p158, BURHAN:v4p181, ITQAN:v2p479#3, ITQAN:v2p504#3, SAMARRAI-ASRAR:r8#2, SAMARRAI-LAMASAT-HALAQAT:p99, SIBAWAYH:وذلكقولكسلامعليكولبيكوخيربينيديكوويللكوويحلكوويسلك#135
quotes 20:44: «لعله يتذكر» in 20 segment(s): BURHAN:v2p318, BURHAN:v4p56, BURHAN:v4p158, BURHAN:v4p181, BURHAN:v4p210, BURHAN:v4p390, BURHAN:v4p392, BURHAN:v4p393, DAMGHANI:v1p55, DAMGHANI:v1p415, IBNJAWZI-NUZHA:v1p108, IBNJAWZI-NUZHA:v1p529 …
quotes 20:44: «يتذكر او» in 19 segment(s): BURHAN:v2p318, BURHAN:v4p56, BURHAN:v4p158, BURHAN:v4p181, BURHAN:v4p210, BURHAN:v4p390, BURHAN:v4p392, DAMGHANI:v1p55, DAMGHANI:v1p415, IBNJAWZI-NUZHA:v1p108, IBNJAWZI-NUZHA:v1p529, IBNQUTAYBA-MUSHKIL:v1p290#2 …
quotes 20:44: «او يخشيا» in 0 segment(s): 
quotes 20:45: 16 unique window(s): يفرط | يطغيا | اننا نخاف | نخاف ان | ان يفرط | يفرط علينا | علينا او | ان يطغيا | قالا ربنا اننا | ربنا اننا نخاف | اننا نخاف ان | نخاف ان يفرط | ان يفرط علينا | يفرط علينا او | علينا او ان | او ان يطغيا
quotes 20:45: «يفرط» in 9 segment(s): ITQAN:v1p286, ITQAN:v2p343, JURJANI-DALAIL:v1p398, MAJAZ:v2p433#2, NASHR:v1p332, SAMARRAI-ASRAR:r4#2, SAMARRAI-ASRAR:r8#2, SAMARRAI-ASRAR-MUH:p31, SAMARRAI-LAMASAT-HALAQAT:p482
quotes 20:45: «يطغيا» in 0 segment(s): 
quotes 20:45: «اننا نخاف» in 4 segment(s): SAMARRAI-ASRAR:r4#2, SAMARRAI-ASRAR:r8#2, SAMARRAI-ASRAR-MUH:p31, SAMARRAI-LAMASAT-HALAQAT:p482
quotes 20:45: «نخاف ان» in 4 segment(s): SAMARRAI-ASRAR:r4#2, SAMARRAI-ASRAR:r8#2, SAMARRAI-ASRAR-MUH:p31, SAMARRAI-LAMASAT-HALAQAT:p482
quotes 20:45: «علينا او» in 5 segment(s): ITQAN:v4p452, SAMARRAI-ASRAR:r4#2, SAMARRAI-ASRAR:r8#2, SAMARRAI-ASRAR-MUH:p31, SAMARRAI-LAMASAT-HALAQAT:p482
quotes 20:45: «قالا ربنا اننا» in 3 segment(s): SAMARRAI-ASRAR:r8#2, SAMARRAI-ASRAR-MUH:p31, SAMARRAI-LAMASAT-HALAQAT:p482
quotes 20:46: 13 unique window(s): تخافا | معكما | واريا | لا تخافا | تخافا انني | انني معكما | معكما اسمع | اسمع واريا | قال لا تخافا | لا تخافا انني | تخافا انني معكما | انني معكما اسمع | معكما اسمع واريا
quotes 20:46: «تخافا» in 4 segment(s): SAMARRAI-ASRAR:r4#2, SAMARRAI-ASRAR:r8#2, SAMARRAI-ASRAR-MUH:p31, SAMARRAI-LAMASAT-HALAQAT:p482
quotes 20:46: «معكما» in 7 segment(s): BURHAN:v4p426, BURHAN:v4p428, SAMARRAI-ASRAR:r4#2, SAMARRAI-ASRAR:r8#2, SAMARRAI-ASRAR-MUH:p31, SAMARRAI-LAMASAT-HALAQAT:p482, SIBAWAYH:وذلكقولكإذاكنتتحذرإياك|كإنكقلتإياكنحوإياكباعدوإياكاتق#107
quotes 20:46: «واريا» in 0 segment(s): 
quotes 20:47: 31 unique window(s): فاتياه | فاتياه فقولا | انا رسولا | رسولا ربك | ربك فارسل | اسرايل ولا | ولا تعذبهم | تعذبهم قد | قد جيناك | جيناك بايه | ربك والسلام | والسلام عليا | اتبع الهديا | فاتياه فقولا انا | فقولا انا رسولا | انا رسولا ربك | رسولا ربك فارسل | ربك فارسل معنا | فارسل معنا بني | بني اسرايل ولا | اسرايل ولا تعذبهم | ولا تعذبهم قد | تعذبهم قد جيناك | قد جيناك بايه | جيناك بايه من | بايه من ربك | من ربك والسلام | ربك والسلام عليا | والسلام عليا من | عليا من اتبع | من اتبع الهديا
quotes 20:47: «فاتياه» in 3 segment(s): JURJANI-DALAIL:v1p249, SAMARRAI-ASRAR:r8#2, SAMARRAI-LAMASAT-HALAQAT:p690
quotes 20:47: «انا رسولا» in 2 segment(s): SAMARRAI-ASRAR:r8#2, SAMARRAI-LAMASAT-HALAQAT:p690
quotes 20:47: «رسولا ربك» in 2 segment(s): SAMARRAI-ASRAR:r8#2, SAMARRAI-LAMASAT-HALAQAT:p690
quotes 20:47: «ربك فارسل» in 2 segment(s): SAMARRAI-ASRAR:r8#2, SAMARRAI-LAMASAT-HALAQAT:p690
quotes 20:47: «اسرايل ولا» in 0 segment(s): 
quotes 20:47: «ولا تعذبهم» in 2 segment(s): SAMARRAI-ASRAR:r8#2, SAMARRAI-LAMASAT-HALAQAT:p690
quotes 20:47: «تعذبهم قد» in 2 segment(s): SAMARRAI-ASRAR:r8#2, SAMARRAI-LAMASAT-HALAQAT:p690
quotes 20:47: «قد جيناك» in 2 segment(s): SAMARRAI-ASRAR:r8#2, SAMARRAI-LAMASAT-HALAQAT:p690
quotes 20:47: «جيناك بايه» in 2 segment(s): SAMARRAI-ASRAR:r8#2, SAMARRAI-LAMASAT-HALAQAT:p690
quotes 20:47: «ربك والسلام» in 1 segment(s): SAMARRAI-LAMASAT-HALAQAT:p690
quotes 20:47: «والسلام عليا» in 0 segment(s): 
quotes 20:47: «اتبع الهديا» in 0 segment(s): 
quotes 20:47: «فارسل معنا بني» in 3 segment(s): DAMGHANI:v1p202, SAMARRAI-ASRAR:r8#2, SAMARRAI-LAMASAT-HALAQAT:p690
quotes 20:47: «بايه من ربك» in 2 segment(s): SAMARRAI-ASRAR:r8#2, SAMARRAI-LAMASAT-HALAQAT:p690
quotes 20:47: «عليا من اتبع» in 0 segment(s): 
quotes 20:48: 15 unique window(s): انا قد | قد اوحي | اوحي الينا | الينا ان | ان العذاب | العذاب عليا | من كذب | انا قد اوحي | قد اوحي الينا | اوحي الينا ان | الينا ان العذاب | ان العذاب عليا | العذاب عليا من | عليا من كذب | من كذب وتوليا
quotes 20:48: «انا قد» in 11 segment(s): BAQILLANI:v1p16, BAQILLANI:v1p148, BURHAN:v1p446, GHARNATI:v1p183, ITQAN:v4p428, JISHUMI:v1p833#2, JURJANI-DALAIL:v1p188, JURJANI-DALAIL:v1p269, RAZI-FULL:v1p80#2, SIBAWAYH:(هذابابإرادةاللفظبالحرفالواحد)#554, SIBAWAYH:(هذابابمايتقدمأولالحروفوهيزائدةقدمتلإسكانأولالحروف)#723
quotes 20:48: «قد اوحي» in 2 segment(s): BURHAN:v1p446, ITQAN:v4p428
quotes 20:48: «اوحي الينا» in 2 segment(s): BURHAN:v1p446, ITQAN:v4p428
quotes 20:48: «الينا ان» in 4 segment(s): BURHAN:v1p284, BURHAN:v1p446, ITQAN:v4p428, RAZI-FULL:v1p36
quotes 20:48: «ان العذاب» in 14 segment(s): BURHAN:v1p446, IBNJAWZI-NUZHA:v1p448, IBNJAWZI-NUZHA:v1p612, IBNQUTAYBA-MUSHKIL:v1p231, ITQAN:v4p428, JISHUMI:v1p454, JISHUMI:v1p456, SAMARRAI-ASRAR:r7#6, SAMARRAI-ASRAR:r10#4, SAMARRAI-LAMASAT:p195, SAMARRAI-LAMASAT:p199, SAMARRAI-LAMASAT-HALAQAT:p111 …
quotes 20:48: «العذاب عليا» in 0 segment(s): 
quotes 20:48: «من كذب» in 8 segment(s): BURHAN:v1p183, BURHAN:v1p446, BURHAN:v3p30, ITQAN:v3p286, ITQAN:v4p428, SIBAWAYH:تقولأتانيزيدالفاسقالخبيثلميردأنيكررهولايعرفكشيئاتنكره#230, SIBAWAYH:اعلمأنهنلايكنفصلاإلافيالفعلولايكنكذلكإلافيكلفعلالاسم#438, WAHIDI-ASBAB:v1p8
quotes 20:49: 5 unique window(s): قال فمن | فمن ربكما | ربكما ياموسيا | قال فمن ربكما | فمن ربكما ياموسيا
quotes 20:49: «قال فمن» in 8 segment(s): BURHAN:v1p115, BURHAN:v4p95, IBNKATHIR-FULL:v1p47#2, ITQAN:v4p534#2, SAMARRAI-ASRAR:r8#2, SAMARRAI-LAMASAT:p144, SIBAWAYH:وذلكقولكأخذتهبدرهمفصاعداوأخذتهبدرهمفزائدا|حذفواالفعللكثرة#113, SIBAWAYH:وذلكقولكمررتبرجلحسنأبواهوأحسنأبواهوأخارجقومك|فصارهذا#221
quotes 20:49: «فمن ربكما» in 9 segment(s): BURHAN:v2p240, BURHAN:v2p246, BURHAN:v3p126, BURHAN:v3p334, IBNQUTAYBA-MUSHKIL:v1p176, ITQAN:v3p90, ITQAN:v3p91, ITQAN:v3p232#2, SAMARRAI-ASRAR:r8#2
quotes 20:49: «ربكما ياموسيا» in 0 segment(s): 
quotes 20:50: 12 unique window(s): قال ربنا | ربنا الذي | الذي اعطيا | اعطيا كل | خلقه ثم | ثم هديا | قال ربنا الذي | ربنا الذي اعطيا | الذي اعطيا كل | اعطيا كل شي | شي خلقه ثم | خلقه ثم هديا
quotes 20:50: «قال ربنا» in 4 segment(s): ITQAN:v1p125#2, SAMARRAI-LAMASAT-HALAQAT:p99, SAMARRAI-LAMASAT-HALAQAT:p1046, SAMARRAI-LAMASAT-HALAQAT:p1050
quotes 20:50: «ربنا الذي» in 0 segment(s): 
quotes 20:50: «الذي اعطيا» in 0 segment(s): 
quotes 20:50: «اعطيا كل» in 0 segment(s): 
quotes 20:50: «خلقه ثم» in 6 segment(s): BURHAN:v1p104, BURHAN:v2p144, DAMGHANI:v1p475, IBNJAWZI-NUZHA:v1p627, IBNQUTAYBA-MUSHKIL:v1p248, ITQAN:v2p410
quotes 20:50: «ثم هديا» in 0 segment(s): 
quotes 20:53: 16 unique window(s): وسلك | مهدا وسلك | وسلك لكم | سبلا وانزل | ازواجا من | من نبات | نبات شتيا | الارض مهدا وسلك | مهدا وسلك لكم | وسلك لكم فيها | فيها سبلا وانزل | سبلا وانزل من | فاخرجنا به ازواجا | به ازواجا من | ازواجا من نبات | من نبات شتيا
quotes 20:53: «وسلك» in 15 segment(s): BAQILLANI:v1p64, BAQILLANI:v1p123, BINTSHATI-IJAZ:p256, BURHAN:v1p130, IBNASHUR-FULL:v1p14, IBNASHUR-FULL:v1p122, IBNKATHIR-FULL:v1p10#2, IBNKATHIR-FULL:v1p34, IBNMUJAHID:v1p79#2, JURJANI-DALAIL:v1p185, JURJANI-DALAIL:v1p302, NASHR:v2p63 …
quotes 20:53: «سبلا وانزل» in 2 segment(s): SAMARRAI-ASRAR-MUH:p13, SAMARRAI-LAMASAT-HALAQAT:p464
quotes 20:53: «ازواجا من» in 4 segment(s): BINTSHATI-IJAZ:p233, BURHAN:v3p319, SAMARRAI-ASRAR-MUH:p13, SAMARRAI-LAMASAT-HALAQAT:p464
quotes 20:53: «من نبات» in 6 segment(s): BINTSHATI-IJAZ:p233, BINTSHATI-IJAZ:p569, BINTSHATI-IJAZ:p589, BURHAN:v3p319, SAMARRAI-ASRAR-MUH:p13, SAMARRAI-LAMASAT-HALAQAT:p464
quotes 20:53: «نبات شتيا» in 0 segment(s): 
quotes 20:53: «فاخرجنا به ازواجا» in 4 segment(s): BINTSHATI-IJAZ:p233, BURHAN:v3p319, SAMARRAI-ASRAR-MUH:p13, SAMARRAI-LAMASAT-HALAQAT:p464
quotes 20:54: 8 unique window(s): وارعوا | انعامكم | كلوا وارعوا | وارعوا انعامكم | انعامكم ان | كلوا وارعوا انعامكم | وارعوا انعامكم ان | انعامكم ان في
quotes 20:54: «وارعوا» in 0 segment(s): 
quotes 20:54: «انعامكم» in 0 segment(s): 
quotes 20:56: 11 unique window(s): اريناه | وابيا | ولقد اريناه | اريناه اياتنا | اياتنا كلها | كلها فكذب | فكذب وابيا | ولقد اريناه اياتنا | اريناه اياتنا كلها | اياتنا كلها فكذب | كلها فكذب وابيا
quotes 20:56: «اريناه» in 1 segment(s): JURJANI-DALAIL:v1p309
quotes 20:56: «وابيا» in 0 segment(s): 
quotes 20:56: «اياتنا كلها» in 0 segment(s): 
quotes 20:56: «كلها فكذب» in 0 segment(s): 
quotes 20:69: 25 unique window(s): والق ما | في يمينك | يمينك تلقف | صنعوا انما | انما صنعوا | صنعوا كيد | كيد ساحر | ساحر ولا | يفلح الساحر | الساحر حيث | حيث اتيا | والق ما في | ما في يمينك | في يمينك تلقف | يمينك تلقف ما | تلقف ما صنعوا | ما صنعوا انما | صنعوا انما صنعوا | انما صنعوا كيد | صنعوا كيد ساحر | كيد ساحر ولا | ساحر ولا يفلح | ولا يفلح الساحر | يفلح الساحر حيث | الساحر حيث اتيا
quotes 20:69: «والق ما» in 3 segment(s): SAMARRAI-ASRAR-MUH:r-127, SAMARRAI-LAMASAT-HALAQAT:p578, SAMARRAI-LAMASAT-HALAQAT:p903
quotes 20:69: «في يمينك» in 4 segment(s): NASHR:v2p231, SAMARRAI-ASRAR-MUH:r-127, SAMARRAI-LAMASAT-HALAQAT:p578, SAMARRAI-LAMASAT-HALAQAT:p903
quotes 20:69: «يمينك تلقف» in 4 segment(s): NASHR:v2p231, SAMARRAI-ASRAR-MUH:r-127, SAMARRAI-LAMASAT-HALAQAT:p578, SAMARRAI-LAMASAT-HALAQAT:p903
quotes 20:69: «صنعوا انما» in 1 segment(s): SAMARRAI-LAMASAT-HALAQAT:p903
quotes 20:69: «انما صنعوا» in 3 segment(s): ITQAN:v4p436, MAJAZ:v1p14, SAMARRAI-LAMASAT-HALAQAT:p903
quotes 20:69: «صنعوا كيد» in 3 segment(s): ITQAN:v4p436, MAJAZ:v1p14, SAMARRAI-LAMASAT-HALAQAT:p903
quotes 20:69: «كيد ساحر» in 6 segment(s): ITQAN:v4p436, MAJAZ:v1p14, NASHR:v1p291, NASHR:v1p298, NASHR:v2p320, SAMARRAI-LAMASAT-HALAQAT:p903
quotes 20:69: «ساحر ولا» in 1 segment(s): SAMARRAI-LAMASAT-HALAQAT:p903
quotes 20:69: «يفلح الساحر» in 2 segment(s): ITQAN:v4p522, SAMARRAI-LAMASAT-HALAQAT:p903
quotes 20:69: «الساحر حيث» in 2 segment(s): ITQAN:v4p522, SAMARRAI-LAMASAT-HALAQAT:p903
quotes 20:69: «حيث اتيا» in 0 segment(s): 
quotes 20:69: «تلقف ما صنعوا» in 3 segment(s): SAMARRAI-ASRAR-MUH:r-127, SAMARRAI-LAMASAT-HALAQAT:p578, SAMARRAI-LAMASAT-HALAQAT:p903
quotes 20:70: 9 unique window(s): السحره سجدا | سجدا قالوا | برب هارون | هارون وموسيا | فالقي السحره سجدا | السحره سجدا قالوا | سجدا قالوا امنا | امنا برب هارون | برب هارون وموسيا
quotes 20:70: «السحره سجدا» in 3 segment(s): SAMARRAI-ASRAR:r8, SAMARRAI-ASRAR-MUH:p91, SAMARRAI-LAMASAT-HALAQAT:p541
quotes 20:70: «سجدا قالوا» in 3 segment(s): SAMARRAI-ASRAR:r8, SAMARRAI-ASRAR-MUH:p91, SAMARRAI-LAMASAT-HALAQAT:p541
quotes 20:70: «برب هارون» in 6 segment(s): BURHAN:v3p233, BURHAN:v3p284, ITQAN:v3p265, SAMARRAI-ASRAR:r8, SAMARRAI-ASRAR-MUH:p91, SAMARRAI-LAMASAT-HALAQAT:p541
quotes 20:70: «هارون وموسيا» in 0 segment(s): 
quotes 20:71: 23 unique window(s): فلاقطعن | جذوع | السحر فلاقطعن | فلاقطعن ايديكم | ولاصلبنكم في | في جذوع | جذوع النخل | النخل ولتعلمن | ولتعلمن اينا | اينا اشد | اشد عذابا | عذابا وابقيا | علمكم السحر فلاقطعن | السحر فلاقطعن ايديكم | فلاقطعن ايديكم وارجلكم | خلاف ولاصلبنكم في | ولاصلبنكم في جذوع | في جذوع النخل | جذوع النخل ولتعلمن | النخل ولتعلمن اينا | ولتعلمن اينا اشد | اينا اشد عذابا | اشد عذابا وابقيا
quotes 20:71: «فلاقطعن» in 0 segment(s): 
quotes 20:71: «جذوع» in 8 segment(s): BURHAN:v4p176, BURHAN:v4p302, DAMGHANI:v1p365, IBNJAWZI-NUZHA:v1p475, IBNQUTAYBA-MUSHKIL:v1p298, ITQAN:v2p486, MAJAZ:v1p14, MAJAZ:v2p406
quotes 20:71: «ولاصلبنكم في» in 6 segment(s): BURHAN:v4p176, BURHAN:v4p302, DAMGHANI:v1p365, IBNJAWZI-NUZHA:v1p475, IBNQUTAYBA-MUSHKIL:v1p298, ITQAN:v2p486
quotes 20:71: «النخل ولتعلمن» in 0 segment(s): 
quotes 20:71: «ولتعلمن اينا» in 1 segment(s): BINTSHATI-IJAZ:p419
quotes 20:71: «اينا اشد» in 2 segment(s): BINTSHATI-IJAZ:p419, IBNQUTAYBA-MUSHKIL:v1p97
quotes 20:71: «اشد عذابا» in 1 segment(s): BINTSHATI-IJAZ:p419
quotes 20:71: «عذابا وابقيا» in 0 segment(s): 
quotes 20:80: 18 unique window(s): وواعدناكم | اسرايل قد | قد انجيناكم | من عدوكم | عدوكم وواعدناكم | وواعدناكم جانب | الايمن ونزلنا | ونزلنا عليكم | يابني اسرايل قد | اسرايل قد انجيناكم | قد انجيناكم من | انجيناكم من عدوكم | من عدوكم وواعدناكم | عدوكم وواعدناكم جانب | وواعدناكم جانب الطور | الطور الايمن ونزلنا | الايمن ونزلنا عليكم | ونزلنا عليكم المن
quotes 20:80: «وواعدناكم» in 4 segment(s): BURHAN:v3p171, BURHAN:v4p165, NASHR:v2p211#2, NASHR:v2p320
quotes 20:80: «اسرايل قد» in 0 segment(s): 
quotes 20:80: «قد انجيناكم» in 0 segment(s): 
quotes 20:80: «من عدوكم» in 0 segment(s): 
quotes 20:80: «الايمن ونزلنا» in 0 segment(s): 
quotes 20:80: «ونزلنا عليكم» in 1 segment(s): BURHAN:v3p195
quotes 20:81: 27 unique window(s): فيحل | غضبي | يحلل | غضبي | رزقناكم ولا | تطغوا فيه | فيه فيحل | فيحل عليكم | عليكم غضبي | غضبي ومن | ومن يحلل | يحلل عليه | عليه غضبي | غضبي فقد | فقد هويا | ما رزقناكم ولا | رزقناكم ولا تطغوا | ولا تطغوا فيه | تطغوا فيه فيحل | فيه فيحل عليكم | فيحل عليكم غضبي | عليكم غضبي ومن | غضبي ومن يحلل | ومن يحلل عليه | يحلل عليه غضبي | عليه غضبي فقد | غضبي فقد هويا
quotes 20:81: «فيحل» in 7 segment(s): BAGHAWI-FULL:v1p46, DAMGHANI:v1p141, DAMGHANI:v1p293, ITQAN:v4p486, JISHUMI:v1p716, NASHR:v2p321, SAMARRAI-ASRAR:r5#4
quotes 20:81: «غضبي» in 17 segment(s): ALUSI-FULL:v1p9, BURHAN:v1p284, BURHAN:v3p260#2, BURHAN:v4p63#2, BURHAN:v4p194, DAMGHANI:v1p141, DAMGHANI:v1p293, DAMGHANI:v1p477, IBNJAWZI-NUZHA:v1p637#2, ITQAN:v2p391#5, ITQAN:v3p38, JURJANI-DALAIL:v1p125 …
quotes 20:81: «يحلل» in 6 segment(s): BURHAN:v1p284, DAMGHANI:v1p141, DAMGHANI:v1p477, IBNJAWZI-NUZHA:v1p637#2, ITQAN:v2p391#5, NASHR:v2p321
quotes 20:81: «غضبي» in 17 segment(s): ALUSI-FULL:v1p9, BURHAN:v1p284, BURHAN:v3p260#2, BURHAN:v4p63#2, BURHAN:v4p194, DAMGHANI:v1p141, DAMGHANI:v1p293, DAMGHANI:v1p477, IBNJAWZI-NUZHA:v1p637#2, ITQAN:v2p391#5, ITQAN:v3p38, JURJANI-DALAIL:v1p125 …
quotes 20:81: «رزقناكم ولا» in 0 segment(s): 
quotes 20:81: «تطغوا فيه» in 1 segment(s): DAMGHANI:v1p293
quotes 20:81: «فقد هويا» in 0 segment(s): 
quotes 20:94: 38 unique window(s): يبنوم | تاخذ | بلحيتي | براسي | خشيت | فرقت | ترقب | قال يبنوم | يبنوم لا | لا تاخذ | تاخذ بلحيتي | بلحيتي ولا | ولا براسي | براسي اني | اني خشيت | خشيت ان | تقول فرقت | فرقت بين | بين بني | اسرايل ولم | ولم ترقب | ترقب قولي | قال يبنوم لا | يبنوم لا تاخذ | لا تاخذ بلحيتي | تاخذ بلحيتي ولا | بلحيتي ولا براسي | ولا براسي اني | براسي اني خشيت | اني خشيت ان | خشيت ان تقول | ان تقول فرقت | تقول فرقت بين | فرقت بين بني | بين بني اسرايل | بني اسرايل ولم | اسرايل ولم ترقب | ولم ترقب قولي
quotes 20:94: «يبنوم» in 5 segment(s): ITQAN:v2p526, ITQAN:v4p451, NASHR:v2p337, SAMARRAI-LAMASAT-HALAQAT:p771, SAMARRAI-LAMASAT-HALAQAT:p772
quotes 20:94: «تاخذ» in 37 segment(s): BAQILLANI:v1p44, BAQILLANI:v1p145, BAQILLANI:v1p279, BAQILLANI:v1p299, BINTSHATI:v1p14, BINTSHATI-IJAZ:p94, BINTSHATI-IJAZ:p124, BINTSHATI-IJAZ:p180, BINTSHATI-IJAZ:p286, BINTSHATI-IJAZ:p449, BINTSHATI-IJAZ:p452, BURHAN:v1p492 …
quotes 20:94: «بلحيتي» in 3 segment(s): BURHAN:v2p250, ITQAN:v3p92, SAMARRAI-LAMASAT-HALAQAT:p772
quotes 20:94: «براسي» in 4 segment(s): BURHAN:v2p250, NASHR:v2p167, NASHR:v2p322, SAMARRAI-LAMASAT-HALAQAT:p772
quotes 20:94: «خشيت» in 18 segment(s): BAQILLANI:v1p27, DURR-FULL:v1p9, IBNATIYYA-FULL:v1p38, IBNQUTAYBA-MUSHKIL:v1p119, IBNQUTAYBA-MUSHKIL:v1p123, IBNQUTAYBA-MUSHKIL:v1p150, ITQAN:v1p76, JURJANI-DALAIL:v1p163, MAJAZ:v1p1#4, NASHR:v2p167, SAMARRAI-LAMASAT-HALAQAT:p772, SIBAWAYH:فمنذلكقولهمإياكرأيتوإياكأعنيفإنمااستعملتإياكهاهنامنقبل#412 …
quotes 20:94: «فرقت» in 16 segment(s): ALUSI-FULL:v1p1, BINTSHATI-IJAZ:p335, BURHAN:v1p262, BURHAN:v3p293, BURHAN:v3p427, IBNJAWZI-ZAD:v1p4, ITQAN:v2p341, ITQAN:v3p22, ITQAN:v3p245, JURJANI-ASRAR:v1p168, JURJANI-ASRAR:v1p171, JURJANI-DALAIL:v1p202 …
quotes 20:94: «ترقب» in 4 segment(s): MAJAZ:v2p415#2, SAMARRAI-ASRAR:r5#7, SAMARRAI-LAMASAT-HALAQAT:p772, SAMARRAI-LAMASAT-HALAQAT:p923
quotes 20:94: «بين بني» in 8 segment(s): BURHAN:v3p293, DAMGHANI:v1p490, ITQAN:v3p245, JISHUMI:v1p746, SAMARRAI-ASRAR:r12#3, SAMARRAI-LAMASAT-HALAQAT:p772, SAMARRAI-LAMASAT-HALAQAT:p1030, SAMARRAI-LAMASAT-HALAQAT:p1031
quotes 20:94: «اسرايل ولم» in 0 segment(s): 
quotes 20:130: 21 unique window(s): غروبها | اناي | واطراف | وقبل غروبها | غروبها ومن | ومن اناي | اناي اليل | اليل فسبح | فسبح واطراف | واطراف النهار | النهار لعلك | لعلك ترضيا | الشمس وقبل غروبها | وقبل غروبها ومن | غروبها ومن اناي | ومن اناي اليل | اناي اليل فسبح | اليل فسبح واطراف | فسبح واطراف النهار | واطراف النهار لعلك | النهار لعلك ترضيا
quotes 20:130: «غروبها» in 7 segment(s): BURHAN:v2p134, BURHAN:v4p396, JURJANI-ASRAR:v1p242, JURJANI-ASRAR:v1p270, JURJANI-ASRAR:v1p286, SAMARRAI-LAMASAT-HALAQAT:p48, SAMARRAI-LAMASAT-HALAQAT:p791
quotes 20:130: «اناي» in 8 segment(s): JURJANI-DALAIL:v1p297, NASHR:v1p452, NASHR:v1p460, NASHR:v1p474, SAMARRAI-ASRAR:r4#2, SAMARRAI-ASRAR-MUH:p31, SAMARRAI-LAMASAT-HALAQAT:p482, SIBAWAYH:وإنماذكرليبينلكوجهنصبهكماذكرمعنىسبحاناللهPageV01P352|#149
quotes 20:130: «واطراف» in 14 segment(s): BAQILLANI:v1p277, BINTSHATI-IJAZ:p412, DAMGHANI:v1p293, ITQAN:v1p267, JISHUMI:v1p896, JURJANI-ASRAR:v1p88, JURJANI-DALAIL:v1p388, NASHR:v1p200, NASHR:v2p464, RAZI-FULL:v1p60, SIBAWAYH:(هذابابمايقدمفيهالمستثنى)#388, SIBAWAYH:(هذابابالإدغام)#806 …
quotes 20:130: «اليل فسبح» in 0 segment(s): 
quotes 20:130: «النهار لعلك» in 0 segment(s): 
quotes 20:130: «لعلك ترضيا» in 0 segment(s): 
quotes 20:131: 17 unique window(s): زهره | ولا تمدن | منهم زهره | زهره الحيواه | الدنيا لنفتنهم | فيه ورزق | ورزق ربك | ولا تمدن عينيك | ازواجا منهم زهره | منهم زهره الحيواه | زهره الحيواه الدنيا | الحيواه الدنيا لنفتنهم | الدنيا لنفتنهم فيه | لنفتنهم فيه ورزق | فيه ورزق ربك | ورزق ربك خير | ربك خير وابقيا
quotes 20:131: «زهره» in 12 segment(s): BURHAN:v1p3, BURHAN:v1p415, BURHAN:v1p492, BURHAN:v2p140, DAMGHANI:v1p220, JISHUMI:v1p523, JISHUMI:v1p833#2, MAJAZ:v2p418#2, NASHR:v2p80, NASHR:v2p322, RAZI-FULL:v1p73, THALABI:v1p80
quotes 20:131: «ولا تمدن» in 3 segment(s): ALUSI-FULL:v1p33, BINTSHATI-IJAZ:p329, ITQAN:v1p49
quotes 20:131: «الدنيا لنفتنهم» in 0 segment(s): 
quotes 20:131: «فيه ورزق» in 0 segment(s): 
quotes 20:131: «ورزق ربك» in 5 segment(s): BINTSHATI-IJAZ:p419, BURHAN:v1p281, DAMGHANI:v1p202, IBNJAWZI-NUZHA:v1p324, ITQAN:v1p145
quotes 20:131: «ربك خير وابقيا» in 0 segment(s): 
quotes 20:132: 22 unique window(s): نسلك | نرزقك | وامر اهلك | اهلك بالصلواه | بالصلواه واصطبر | واصطبر عليها | لا نسلك | نسلك رزقا | رزقا نحن | نحن نرزقك | نرزقك والعاقبه | والعاقبه للتقويا | وامر اهلك بالصلواه | اهلك بالصلواه واصطبر | بالصلواه واصطبر عليها | واصطبر عليها لا | عليها لا نسلك | لا نسلك رزقا | نسلك رزقا نحن | رزقا نحن نرزقك | نحن نرزقك والعاقبه | نرزقك والعاقبه للتقويا
quotes 20:132: «نسلك» in 2 segment(s): JURJANI-ASRAR:v1p220, JURJANI-ASRAR:v1p310
quotes 20:132: «نرزقك» in 1 segment(s): NASHR:v1p286
quotes 20:132: «وامر اهلك» in 5 segment(s): IBNJAWZI-NUZHA:v1p163#2, ITQAN:v1p262, NASHR:v1p390#4, SAMARRAI-LAMASAT:p164, SAMARRAI-LAMASAT-HALAQAT:p593
quotes 20:132: «اهلك بالصلواه» in 0 segment(s): 
quotes 20:132: «بالصلواه واصطبر» in 0 segment(s): 
quotes 20:132: «واصطبر عليها» in 3 segment(s): IBNJAWZI-NUZHA:v1p163#2, SAMARRAI-LAMASAT:p164, SAMARRAI-LAMASAT-HALAQAT:p593
quotes 20:132: «رزقا نحن» in 0 segment(s): 
quotes 20:132: «والعاقبه للتقويا» in 0 segment(s): 
quotes 21:1: 8 unique window(s): اقترب للناس | للناس حسابهم | حسابهم وهم | غفله معرضون | اقترب للناس حسابهم | للناس حسابهم وهم | حسابهم وهم في | في غفله معرضون
quotes 21:1: «اقترب للناس» in 7 segment(s): BINTSHATI-IJAZ:p64, BURHAN:v1p179, BURHAN:v1p305, BURHAN:v3p85, DAMGHANI:v1p374, IBNJAWZI-NUZHA:v1p497, ITQAN:v3p282
quotes 21:1: «للناس حسابهم» in 7 segment(s): BINTSHATI-IJAZ:p64, BURHAN:v1p179, BURHAN:v1p305, BURHAN:v3p85, DAMGHANI:v1p374, IBNJAWZI-NUZHA:v1p497, ITQAN:v3p282
quotes 21:1: «حسابهم وهم» in 1 segment(s): BINTSHATI-IJAZ:p64
quotes 21:1: «غفله معرضون» in 1 segment(s): BINTSHATI-IJAZ:p64
quotes 21:26: 5 unique window(s): بل عباد | عباد مكرمون | الرحمان ولدا سبحانه | سبحانه بل عباد | بل عباد مكرمون
quotes 21:26: «بل عباد» in 6 segment(s): BURHAN:v3p23, BURHAN:v3p135, BURHAN:v4p257, ITQAN:v2p464#2, SIBAWAYH:فأماالنعتالذىجرىعلىالمنعوتفقولكمررتبرجلظريفقبلفصارالنعت#200, SIBAWAYH:وذلكقولكمررتبرجلحمار|فهوعلىوجهمحالوعلىوجهحسن|فأما#204
quotes 21:26: «عباد مكرمون» in 6 segment(s): BURHAN:v3p23, BURHAN:v3p135, BURHAN:v4p257, ITQAN:v2p464#2, SIBAWAYH:فأماالنعتالذىجرىعلىالمنعوتفقولكمررتبرجلظريفقبلفصارالنعت#200, SIBAWAYH:وذلكقولكمررتبرجلحمار|فهوعلىوجهمحالوعلىوجهحسن|فأما#204
quotes 21:26: «الرحمان ولدا سبحانه» in 0 segment(s): 
quotes 21:97: 28 unique window(s): شاخصه | ابصار | واقترب الوعد | الوعد الحق | الحق فاذا | هي شاخصه | شاخصه ابصار | ابصار الذين | كفروا ياويلنا | ياويلنا قد | قد كنا | هاذا بل | بل كنا | واقترب الوعد الحق | الوعد الحق فاذا | الحق فاذا هي | فاذا هي شاخصه | هي شاخصه ابصار | شاخصه ابصار الذين | ابصار الذين كفروا | الذين كفروا ياويلنا | كفروا ياويلنا قد | ياويلنا قد كنا | قد كنا في | كنا في غفله | من هاذا بل | هاذا بل كنا | بل كنا ظالمين
quotes 21:97: «شاخصه» in 5 segment(s): BURHAN:v3p189, BURHAN:v3p275, ITQAN:v2p552, NASHR:v2p83, YKHULI-TAJDID:c2
quotes 21:97: «ابصار» in 8 segment(s): BINTSHATI-IJAZ:p218, BURHAN:v3p189, BURHAN:v3p275, BURHAN:v3p395, IBNQUTAYBA-GHARIB:v1p21, ITQAN:v2p552, RAZI-FULL:v1p63, RUMMANI:v1p88
quotes 21:97: «واقترب الوعد» in 5 segment(s): BURHAN:v3p189, BURHAN:v3p275, DAMGHANI:v1p374, IBNJAWZI-NUZHA:v1p497, IBNQUTAYBA-MUSHKIL:v1p157
quotes 21:97: «الوعد الحق» in 5 segment(s): BURHAN:v3p189, BURHAN:v3p275, DAMGHANI:v1p374, IBNJAWZI-NUZHA:v1p497, IBNQUTAYBA-MUSHKIL:v1p157
quotes 21:97: «الحق فاذا» in 3 segment(s): BURHAN:v3p189, BURHAN:v3p275, IBNJAWZI-NUZHA:v1p265
quotes 21:97: «كفروا ياويلنا» in 0 segment(s): 
quotes 21:97: «ياويلنا قد» in 0 segment(s): 
quotes 21:97: «قد كنا» in 3 segment(s): BAQILLANI:v1p274, BURHAN:v4p419, ITQAN:v2p517
quotes 21:97: «هاذا بل» in 0 segment(s): 
quotes 21:97: «بل كنا» in 0 segment(s): 
quotes 21:97: «كنا في غفله» in 2 segment(s): BURHAN:v4p419, ITQAN:v2p517
quotes 22:5: 71 unique window(s): مخلقه | مخلقه | لنبين | ونقر | هامده | وانبتت | ريب من | من البعث | البعث فانا | فانا خلقناكم | من مضغه | مضغه مخلقه | مخلقه وغير | وغير مخلقه | مخلقه لنبين | لنبين لكم | لكم ونقر | ونقر في | الارحام ما | نشا اليا | ثم نخرجكم | نخرجكم طفلا | اشدكم ومنكم | يتوفيا ومنكم | العمر لكيلا | لكيلا يعلم | شيا وتري | الارض هامده | هامده فاذا | وربت وانبتت | وانبتت من | في ريب من | ريب من البعث | من البعث فانا | البعث فانا خلقناكم | فانا خلقناكم من | خلقناكم من تراب | علقه ثم من | ثم من مضغه | من مضغه مخلقه | مضغه مخلقه وغير | مخلقه وغير مخلقه | وغير مخلقه لنبين | مخلقه لنبين لكم | لنبين لكم ونقر | لكم ونقر في | ونقر في الارحام | في الارحام ما | الارحام ما نشا | ما نشا اليا | نشا اليا اجل | مسمي ثم نخرجكم | ثم نخرجكم طفلا | نخرجكم طفلا ثم | لتبلغوا اشدكم ومنكم | اشدكم ومنكم من | من يتوفيا ومنكم | يتوفيا ومنكم من | ارذل العمر لكيلا | العمر لكيلا يعلم | لكيلا يعلم من | يعلم من بعد | من بعد علم | علم شيا وتري | شيا وتري الارض | وتري الارض هامده | الارض هامده فاذا | هامده فاذا انزلنا | اهتزت وربت وانبتت | وربت وانبتت من | وانبتت من كل
quotes 22:5: «مخلقه» in 5 segment(s): BINTSHATI-IJAZ:p378, MAJAZ:v2p411#2, SAMARRAI-ASRAR:r7#2, SAMARRAI-LAMASAT-HALAQAT:p797, SAMARRAI-LAMASAT-HALAQAT:p839
quotes 22:5: «مخلقه» in 5 segment(s): BINTSHATI-IJAZ:p378, MAJAZ:v2p411#2, SAMARRAI-ASRAR:r7#2, SAMARRAI-LAMASAT-HALAQAT:p797, SAMARRAI-LAMASAT-HALAQAT:p839
quotes 22:5: «لنبين» in 10 segment(s): BURHAN:v1p345, BURHAN:v4p104, BURHAN:v4p436, ITQAN:v2p523#4, SAMARRAI-ASRAR:r7#2, SAMARRAI-ASRAR:r15, SAMARRAI-LAMASAT-HALAQAT:p797, SAMARRAI-LAMASAT-HALAQAT:p839, SIBAWAYH:وإنماذكرليبينلكوجهنصبهكماذكرمعنىسبحاناللهPageV01P352|#149, SIBAWAYH:فالحروفالتيتشركالواووالفاءوثموأووذلكقولكأريدأنتأتينيثم#480
quotes 22:5: «ونقر» in 8 segment(s): BURHAN:v1p345, BURHAN:v4p104, BURHAN:v4p436, ITQAN:v2p523#4, SAMARRAI-ASRAR:r7#2, SAMARRAI-LAMASAT-HALAQAT:p797, SAMARRAI-LAMASAT-HALAQAT:p839, SIBAWAYH:فالحروفالتيتشركالواووالفاءوثموأووذلكقولكأريدأنتأتينيثم#480
quotes 22:5: «هامده» in 6 segment(s): IBNQUTAYBA-MUSHKIL:v1p19, ITQAN:v2p381, MAJAZ:v2p448#2, SAMARRAI-ASRAR:r7#2, SAMARRAI-LAMASAT-HALAQAT:p797, SAMARRAI-LAMASAT-HALAQAT:p839
quotes 22:5: «وانبتت» in 4 segment(s): IBNJAWZI-NUZHA:v1p336, SAMARRAI-ASRAR:r7#2, SAMARRAI-LAMASAT-HALAQAT:p797, SAMARRAI-LAMASAT-HALAQAT:p839
quotes 22:5: «ريب من» in 10 segment(s): BINTSHATI-IJAZ:p73, BINTSHATI-IJAZ:p584, BINTSHATI-IJAZ:p585, BURHAN:v2p361, IBNJAWZI-NUZHA:v1p601#2, JISHUMI:v1p849#2, SAMARRAI-ASRAR:r7#2, SAMARRAI-LAMASAT-HALAQAT:p797, SAMARRAI-LAMASAT-HALAQAT:p839, SAMARRAI-LAMASAT-HALAQAT:p851
quotes 22:5: «من البعث» in 9 segment(s): BINTSHATI-IJAZ:p584, BINTSHATI-IJAZ:p585, BURHAN:v2p361, IBNJAWZI-NUZHA:v1p601#2, JISHUMI:v1p849#2, SAMARRAI-ASRAR:r5#4, SAMARRAI-ASRAR:r7#2, SAMARRAI-LAMASAT-HALAQAT:p797, SAMARRAI-LAMASAT-HALAQAT:p839
quotes 22:5: «البعث فانا» in 3 segment(s): SAMARRAI-ASRAR:r7#2, SAMARRAI-LAMASAT-HALAQAT:p797, SAMARRAI-LAMASAT-HALAQAT:p839
quotes 22:5: «فانا خلقناكم» in 3 segment(s): SAMARRAI-ASRAR:r7#2, SAMARRAI-LAMASAT-HALAQAT:p797, SAMARRAI-LAMASAT-HALAQAT:p839
quotes 22:5: «من مضغه» in 4 segment(s): BURHAN:v4p296, SAMARRAI-ASRAR:r7#2, SAMARRAI-LAMASAT-HALAQAT:p797, SAMARRAI-LAMASAT-HALAQAT:p839
quotes 22:5: «الارحام ما» in 5 segment(s): BURHAN:v4p104, ITQAN:v2p523#4, SAMARRAI-ASRAR:r7#2, SAMARRAI-LAMASAT-HALAQAT:p797, SAMARRAI-LAMASAT-HALAQAT:p839
quotes 22:5: «نشا اليا» in 0 segment(s): 
quotes 22:5: «ثم نخرجكم» in 3 segment(s): SAMARRAI-ASRAR:r7#2, SAMARRAI-LAMASAT-HALAQAT:p797, SAMARRAI-LAMASAT-HALAQAT:p839
quotes 22:5: «نخرجكم طفلا» in 4 segment(s): IBNQUTAYBA-MUSHKIL:v1p173, SAMARRAI-ASRAR:r7#2, SAMARRAI-LAMASAT-HALAQAT:p797, SAMARRAI-LAMASAT-HALAQAT:p839
quotes 22:5: «اشدكم ومنكم» in 3 segment(s): SAMARRAI-ASRAR:r7#2, SAMARRAI-LAMASAT-HALAQAT:p797, SAMARRAI-LAMASAT-HALAQAT:p839
quotes 22:5: «يتوفيا ومنكم» in 0 segment(s): 
quotes 22:5: «العمر لكيلا» in 4 segment(s): NASHR:v1p3, SAMARRAI-ASRAR:r7#2, SAMARRAI-LAMASAT-HALAQAT:p797, SAMARRAI-LAMASAT-HALAQAT:p839
quotes 22:5: «لكيلا يعلم» in 9 segment(s): BURHAN:v1p118, BURHAN:v1p420, BURHAN:v4p345, ITQAN:v4p357, NASHR:v1p3, NASHR:v2p154, SAMARRAI-ASRAR:r7#2, SAMARRAI-LAMASAT-HALAQAT:p797, SAMARRAI-LAMASAT-HALAQAT:p839
quotes 22:5: «شيا وتري» in 0 segment(s): 
quotes 22:5: «خلقناكم من تراب» in 3 segment(s): SAMARRAI-ASRAR:r7#2, SAMARRAI-LAMASAT-HALAQAT:p797, SAMARRAI-LAMASAT-HALAQAT:p839
quotes 22:5: «علقه ثم من» in 4 segment(s): BURHAN:v4p296, SAMARRAI-ASRAR:r7#2, SAMARRAI-LAMASAT-HALAQAT:p797, SAMARRAI-LAMASAT-HALAQAT:p839
quotes 22:5: «يعلم من بعد» in 9 segment(s): BURHAN:v1p118, BURHAN:v1p420, BURHAN:v4p345, ITQAN:v4p357, NASHR:v1p3, NASHR:v2p154, SAMARRAI-ASRAR:r7#2, SAMARRAI-LAMASAT-HALAQAT:p797, SAMARRAI-LAMASAT-HALAQAT:p839
quotes 22:5: «من بعد علم» in 9 segment(s): BURHAN:v1p118, BURHAN:v1p420, BURHAN:v4p345, ITQAN:v4p357, NASHR:v1p3, NASHR:v2p154, SAMARRAI-ASRAR:r7#2, SAMARRAI-LAMASAT-HALAQAT:p797, SAMARRAI-LAMASAT-HALAQAT:p839
quotes 22:18: 39 unique window(s): مكرم | الله يسجد | يسجد له | الارض والشمس | والنجوم والجبال | والجبال والشجر | والشجر والدواب | والدواب وكثير | وكثير من | الناس وكثير | وكثير حق | عليه العذاب | العذاب ومن | ومن يهن | يهن الله | من مكرم | مكرم ان | ان الله يسجد | الله يسجد له | يسجد له من | في الارض والشمس | الارض والشمس والقمر | والقمر والنجوم والجبال | والنجوم والجبال والشجر | والجبال والشجر والدواب | والشجر والدواب وكثير | والدواب وكثير من | وكثير من الناس | من الناس وكثير | الناس وكثير حق | وكثير حق عليه | حق عليه العذاب | عليه العذاب ومن | العذاب ومن يهن | ومن يهن الله | يهن الله فما | له من مكرم | من مكرم ان | مكرم ان الله
quotes 22:18: «مكرم» in 21 segment(s): BINTSHATI-IJAZ:p294, BINTSHATI-IJAZ:p295, BINTSHATI-IJAZ:p302, BINTSHATI-IJAZ:p304, BINTSHATI-IJAZ:p486, DAMGHANI:v1p477, IBNATIYYA-FULL:v1p33, IBNJAWZI-NUZHA:v1p638, ITQAN:v2p346, JURJANI-ASRAR:v1p160, JURJANI-DALAIL:v1p15, JURJANI-DALAIL:v1p169 …
quotes 22:18: «الله يسجد» in 6 segment(s): BURHAN:v3p221, BURHAN:v4p411, IBNASHUR-FULL:v1p99, ITQAN:v3p91, SAMARRAI-ASRAR:r5#5, SAMARRAI-LAMASAT-HALAQAT:p889
quotes 22:18: «يسجد له» in 6 segment(s): BURHAN:v3p221, BURHAN:v4p411, IBNASHUR-FULL:v1p99, ITQAN:v3p91, SAMARRAI-ASRAR:r5#5, SAMARRAI-LAMASAT-HALAQAT:p889
quotes 22:18: «الارض والشمس» in 4 segment(s): IBNASHUR-FULL:v1p99, ITQAN:v3p35, SAMARRAI-ASRAR:r5#5, SAMARRAI-LAMASAT-HALAQAT:p889
quotes 22:18: «والنجوم والجبال» in 3 segment(s): IBNASHUR-FULL:v1p99, SAMARRAI-ASRAR:r5#5, SAMARRAI-LAMASAT-HALAQAT:p889
quotes 22:18: «والجبال والشجر» in 3 segment(s): IBNASHUR-FULL:v1p99, SAMARRAI-ASRAR:r5#5, SAMARRAI-LAMASAT-HALAQAT:p889
quotes 22:18: «والشجر والدواب» in 3 segment(s): IBNASHUR-FULL:v1p99, SAMARRAI-ASRAR:r5#5, SAMARRAI-LAMASAT-HALAQAT:p889
quotes 22:18: «والدواب وكثير» in 3 segment(s): IBNASHUR-FULL:v1p99, SAMARRAI-ASRAR:r5#5, SAMARRAI-LAMASAT-HALAQAT:p889
NOTE quotes 22:18: window «وكثير من» in 41 segments, too common alone; the longer windows that contain it are used instead
quotes 22:18: «الناس وكثير» in 1 segment(s): SAMARRAI-LAMASAT-HALAQAT:p889
quotes 22:18: «وكثير حق» in 1 segment(s): SAMARRAI-LAMASAT-HALAQAT:p889
quotes 22:18: «عليه العذاب» in 3 segment(s): BURHAN:v1p481, SAMARRAI-LAMASAT-HALAQAT:p889, SIBAWAYH:فيرتفعكماينتصبإذاشغلتالفعلبهوينتصبإذاشغلتالفعلبغيره#89
quotes 22:18: «العذاب ومن» in 1 segment(s): SAMARRAI-LAMASAT-HALAQAT:p889
quotes 22:18: «ومن يهن» in 4 segment(s): BINTSHATI-IJAZ:p486, DAMGHANI:v1p477, IBNJAWZI-NUZHA:v1p638, SAMARRAI-LAMASAT-HALAQAT:p889
quotes 22:18: «يهن الله» in 4 segment(s): BINTSHATI-IJAZ:p486, DAMGHANI:v1p477, IBNJAWZI-NUZHA:v1p638, SAMARRAI-LAMASAT-HALAQAT:p889
quotes 22:18: «وكثير من الناس» in 9 segment(s): BURHAN:v2p188, BURHAN:v2p190, HAMASA:v1p459, HAMASA:v1p898, IBNASHUR-FULL:v1p99, NASHR:v2p205, SAMARRAI-ASRAR:r5#5, SAMARRAI-LAMASAT-HALAQAT:p889, SAMARRAI-LAMASAT-HALAQAT:p1083
quotes 22:40: 42 unique window(s): لهدمت | صوامع | وبيع | ومساجد | ولينصرن | ديارهم بغير | حق الا | يقولوا ربنا | ببعض لهدمت | لهدمت صوامع | صوامع وبيع | وبيع وصلوات | وصلوات ومساجد | ومساجد يذكر | فيها اسم | كثيرا ولينصرن | ولينصرن الله | ينصره ان | من ديارهم بغير | ديارهم بغير حق | بغير حق الا | حق الا ان | الا ان يقولوا | ان يقولوا ربنا | يقولوا ربنا الله | ربنا الله ولولا | الله ولولا دفع | بعضهم ببعض لهدمت | ببعض لهدمت صوامع | لهدمت صوامع وبيع | صوامع وبيع وصلوات | وبيع وصلوات ومساجد | وصلوات ومساجد يذكر | ومساجد يذكر فيها | يذكر فيها اسم | فيها اسم الله | اسم الله كثيرا | الله كثيرا ولينصرن | كثيرا ولينصرن الله | ولينصرن الله من | من ينصره ان | ينصره ان الله
quotes 22:40: «لهدمت» in 10 segment(s): BURHAN:v3p123, DAMGHANI:v1p231, DAMGHANI:v1p282, IBNJAWZI-NUZHA:v1p393, IBNJAWZI-NUZHA:v1p567, IBNQUTAYBA-MUSHKIL:v1p133, ITQAN:v1p254, NASHR:v2p4, NASHR:v2p326, SAMARRAI-LAMASAT-HALAQAT:p618
quotes 22:40: «صوامع» in 10 segment(s): BURHAN:v3p123, DAMGHANI:v1p231, IBNJAWZI-NUZHA:v1p393, IBNJAWZI-NUZHA:v1p567, IBNQUTAYBA-MUSHKIL:v1p133, ITQAN:v1p254, MAJAZ:v2p425, NASHR:v2p4, NASHR:v2p326, SAMARRAI-LAMASAT-HALAQAT:p618
quotes 22:40: «وبيع» in 14 segment(s): BURHAN:v3p123, DAMGHANI:v1p82, DAMGHANI:v1p231, DAMGHANI:v1p282, IBNJAWZI-NUZHA:v1p393, IBNJAWZI-NUZHA:v1p567, IBNQUTAYBA-MUSHKIL:v1p133, SAMARRAI-LAMASAT-HALAQAT:p618, SIBAWAYH:(هذابابتكسيركماكانمامنالصفاتعددحروفهأربعةأحرف)#669, SIBAWAYH:(هذابابماالياءوالواوفيهثانيةوهمافيموضعالعينمنه)#775, SIBAWAYH:(هذابابمالحقتهالزوائدمنهذهالأفعالالمعتلةمنبناتالثلاثة)#776, SIBAWAYH:(هذابابماجاءفيأسماءهذاالمعتلعلىثلاثةأحرفلازيادةفيه)#780 …
quotes 22:40: «ومساجد» in 12 segment(s): BURHAN:v1p108, DAMGHANI:v1p82, DAMGHANI:v1p231, DAMGHANI:v1p282, IBNJAWZI-NUZHA:v1p393, IBNJAWZI-NUZHA:v1p567, IBNQUTAYBA-MUSHKIL:v1p133, ITQAN:v2p412, ITQAN:v2p418, SAMARRAI-LAMASAT-HALAQAT:p618, SIBAWAYH:(هذابابماكانعلىمثالمفاعلومفاعيل)#536, SIBAWAYH:(هذابابماتمالفيهالألفات)#715
quotes 22:40: «ولينصرن» in 3 segment(s): DAMGHANI:v1p456, IBNJAWZI-NUZHA:v1p586, SAMARRAI-LAMASAT-HALAQAT:p618
quotes 22:40: «ديارهم بغير» in 4 segment(s): BURHAN:v4p237, ITQAN:v3p239#2, SAMARRAI-LAMASAT-HALAQAT:p618, SIBAWAYH:فمنذلكقولهتعالى@QB@لاعاصماليوممنأمراللهإلامنرحم@QE@أي#381
quotes 22:40: «حق الا» in 5 segment(s): BURHAN:v4p237, ITQAN:v3p239#2, JISHUMI:v1p641#2, SAMARRAI-LAMASAT-HALAQAT:p618, SIBAWAYH:فمنذلكقولهتعالى@QB@لاعاصماليوممنأمراللهإلامنرحم@QE@أي#381
quotes 22:40: «يقولوا ربنا» in 4 segment(s): BURHAN:v4p237, ITQAN:v3p239#2, SAMARRAI-LAMASAT-HALAQAT:p618, SIBAWAYH:فمنذلكقولهتعالى@QB@لاعاصماليوممنأمراللهإلامنرحم@QE@أي#381
quotes 22:40: «فيها اسم» in 6 segment(s): BURHAN:v1p442, IBNASHUR-FULL:v1p34, ITQAN:v3p121, ITQAN:v4p421#2, SAMARRAI-LAMASAT-HALAQAT:p618, SIBAWAYH:(هذابابمايكونمحمولاعلىإن)#271
quotes 22:40: «ينصره ان» in 1 segment(s): SAMARRAI-LAMASAT-HALAQAT:p618
quotes 22:40: «الا ان يقولوا» in 8 segment(s): BURHAN:v2p72, BURHAN:v2p344, BURHAN:v4p237, IBNHISHAM:v1p467#2, IBNQUTAYBA-MUSHKIL:v1p66, ITQAN:v3p239#2, SAMARRAI-LAMASAT-HALAQAT:p618, SIBAWAYH:فمنذلكقولهتعالى@QB@لاعاصماليوممنأمراللهإلامنرحم@QE@أي#381
quotes 22:40: «ربنا الله ولولا» in 2 segment(s): IBNHISHAM:v1p467#2, SAMARRAI-LAMASAT-HALAQAT:p618
quotes 22:40: «الله ولولا دفع» in 2 segment(s): IBNHISHAM:v1p467#2, SAMARRAI-LAMASAT-HALAQAT:p618
quotes 22:40: «اسم الله كثيرا» in 3 segment(s): BURHAN:v2p277, IBNHISHAM:v1p467#2, SAMARRAI-LAMASAT-HALAQAT:p618
quotes 22:67: 24 unique window(s): ناسكوه | ينازعنك | منسكا هم | هم ناسكوه | ناسكوه فلا | فلا ينازعنك | ينازعنك في | الامر وادع | ربك انك | انك لعليا | هدي مستقيم | لكل امه جعلنا | جعلنا منسكا هم | منسكا هم ناسكوه | هم ناسكوه فلا | ناسكوه فلا ينازعنك | فلا ينازعنك في | ينازعنك في الامر | في الامر وادع | الامر وادع اليا | اليا ربك انك | ربك انك لعليا | انك لعليا هدي | لعليا هدي مستقيم
quotes 22:67: «ناسكوه» in 0 segment(s): 
quotes 22:67: «ينازعنك» in 0 segment(s): 
quotes 22:67: «منسكا هم» in 0 segment(s): 
quotes 22:67: «الامر وادع» in 0 segment(s): 
quotes 22:67: «ربك انك» in 0 segment(s): 
quotes 22:67: «انك لعليا» in 0 segment(s): 
quotes 22:67: «هدي مستقيم» in 1 segment(s): IBNJAWZI-NUZHA:v1p625#2
quotes 22:67: «لكل امه جعلنا» in 2 segment(s): DAMGHANI:v1p42, MALIK:874
quotes 23:13: 6 unique window(s): ثم جعلناه | جعلناه نطفه | نطفه في | ثم جعلناه نطفه | جعلناه نطفه في | نطفه في قرار
quotes 23:13: «ثم جعلناه» in 6 segment(s): BURHAN:v4p32, ITQAN:v2p549, ITQAN:v3p227#2, SAMARRAI-LAMASAT:p114, SAMARRAI-LAMASAT:p122, SAMARRAI-LAMASAT-HALAQAT:p603
quotes 23:13: «جعلناه نطفه» in 6 segment(s): BURHAN:v4p32, ITQAN:v2p549, ITQAN:v3p227#2, SAMARRAI-LAMASAT:p114, SAMARRAI-LAMASAT:p122, SAMARRAI-LAMASAT-HALAQAT:p603
quotes 23:13: «نطفه في» in 4 segment(s): ITQAN:v3p227#2, SAMARRAI-LAMASAT:p114, SAMARRAI-LAMASAT:p122, SAMARRAI-LAMASAT-HALAQAT:p603
quotes 23:14: 43 unique window(s): النطفه | فخلقنا | العلقه | فخلقنا | المضغه | فكسونا | انشاناه | ثم خلقنا | خلقنا النطفه | النطفه علقه | علقه فخلقنا | فخلقنا العلقه | العلقه مضغه | مضغه فخلقنا | فخلقنا المضغه | المضغه عظاما | عظاما فكسونا | فكسونا العظام | العظام لحما | لحما ثم | ثم انشاناه | انشاناه خلقا | خلقا اخر | اخر فتبارك | ثم خلقنا النطفه | خلقنا النطفه علقه | النطفه علقه فخلقنا | علقه فخلقنا العلقه | فخلقنا العلقه مضغه | العلقه مضغه فخلقنا | مضغه فخلقنا المضغه | فخلقنا المضغه عظاما | المضغه عظاما فكسونا | عظاما فكسونا العظام | فكسونا العظام لحما | العظام لحما ثم | لحما ثم انشاناه | ثم انشاناه خلقا | انشاناه خلقا اخر | خلقا اخر فتبارك | اخر فتبارك الله | فتبارك الله احسن | الله احسن الخالقين
quotes 23:14: «النطفه» in 25 segment(s): BINTSHATI-IJAZ:p346, BURHAN:v1p312, BURHAN:v1p415, BURHAN:v2p488, BURHAN:v3p411, BURHAN:v3p448, BURHAN:v4p97, BURHAN:v4p295, DAMGHANI:v1p289, DAMGHANI:v1p291, DAMGHANI:v1p374, DAMGHANI:v1p443 …
quotes 23:14: «فخلقنا» in 5 segment(s): BURHAN:v4p295, ITQAN:v2p484, SAMARRAI-LAMASAT:p114, SAMARRAI-LAMASAT:p122, SAMARRAI-LAMASAT-HALAQAT:p603
quotes 23:14: «العلقه» in 7 segment(s): BURHAN:v4p295, ITQAN:v2p484, SAMARRAI-LAMASAT:p6, SAMARRAI-LAMASAT:p114, SAMARRAI-LAMASAT:p122, SAMARRAI-LAMASAT-HALAQAT:p3, SAMARRAI-LAMASAT-HALAQAT:p603
quotes 23:14: «فخلقنا» in 5 segment(s): BURHAN:v4p295, ITQAN:v2p484, SAMARRAI-LAMASAT:p114, SAMARRAI-LAMASAT:p122, SAMARRAI-LAMASAT-HALAQAT:p603
quotes 23:14: «المضغه» in 8 segment(s): BURHAN:v4p295, ITQAN:v4p451#2, SAMARRAI-LAMASAT:p6, SAMARRAI-LAMASAT:p114, SAMARRAI-LAMASAT:p122, SAMARRAI-LAMASAT-HALAQAT:p3, SAMARRAI-LAMASAT-HALAQAT:p603, SAMARRAI-LAMASAT-HALAQAT:p640
quotes 23:14: «فكسونا» in 7 segment(s): BURHAN:v4p295, DAMGHANI:v1p403, ITQAN:v4p451#2, NASHR:v2p328, SAMARRAI-LAMASAT:p114, SAMARRAI-LAMASAT:p122, SAMARRAI-LAMASAT-HALAQAT:p603
quotes 23:14: «انشاناه» in 6 segment(s): BURHAN:v1p93, BURHAN:v1p199, DAMGHANI:v1p453, SAMARRAI-LAMASAT:p114, SAMARRAI-LAMASAT:p122, SAMARRAI-LAMASAT-HALAQAT:p603
quotes 23:14: «ثم خلقنا» in 4 segment(s): BURHAN:v4p295, SAMARRAI-LAMASAT:p114, SAMARRAI-LAMASAT:p122, SAMARRAI-LAMASAT-HALAQAT:p603
quotes 23:14: «العظام لحما» in 5 segment(s): BURHAN:v4p295, DAMGHANI:v1p403, SAMARRAI-LAMASAT:p114, SAMARRAI-LAMASAT:p122, SAMARRAI-LAMASAT-HALAQAT:p603
quotes 23:14: «لحما ثم» in 3 segment(s): SAMARRAI-LAMASAT:p114, SAMARRAI-LAMASAT:p122, SAMARRAI-LAMASAT-HALAQAT:p603
quotes 23:14: «خلقا اخر» in 9 segment(s): BURHAN:v1p93, BURHAN:v1p199, DAMGHANI:v1p63, DAMGHANI:v1p453, ITQAN:v3p270#4, SAMARRAI-LAMASAT:p114, SAMARRAI-LAMASAT:p117, SAMARRAI-LAMASAT:p122, SAMARRAI-LAMASAT-HALAQAT:p603
quotes 23:14: «اخر فتبارك» in 4 segment(s): BURHAN:v1p93, SAMARRAI-LAMASAT:p114, SAMARRAI-LAMASAT:p122, SAMARRAI-LAMASAT-HALAQAT:p603
quotes 23:14: «فتبارك الله احسن» in 17 segment(s): BINTSHATI-IJAZ:p273, BINTSHATI-IJAZ:p378, BURHAN:v1p93, BURHAN:v2p49, IBNHIBBAN:1977, ITQAN:v1p101, ITQAN:v3p270#4, KHATTABI:v1p69, MUSNAD-AHMAD:729, MUSNAD-AHMAD:803, SAMARRAI-LAMASAT:p114, SAMARRAI-LAMASAT:p118 …
quotes 23:14: «الله احسن الخالقين» in 25 segment(s): ABUDAWUD:760, BINTSHATI-IJAZ:p273, BINTSHATI-IJAZ:p378, BURHAN:v1p93, BURHAN:v2p49, IBNHIBBAN:1977, IBNHIBBAN:1978, IBNMAJAH:1054, ITQAN:v1p101, ITQAN:v3p270#4, KHATTABI:v1p69, MUSLIM:1812 …
quotes 23:47: 12 unique window(s): لبشرين | فقالوا انومن | انومن لبشرين | لبشرين مثلنا | مثلنا وقومهما | وقومهما لنا | لنا عابدون | فقالوا انومن لبشرين | انومن لبشرين مثلنا | لبشرين مثلنا وقومهما | مثلنا وقومهما لنا | وقومهما لنا عابدون
quotes 23:47: «لبشرين» in 2 segment(s): BURHAN:v2p328, ITQAN:v3p211#2
quotes 23:47: «فقالوا انومن» in 1 segment(s): BURHAN:v2p328
quotes 23:47: «مثلنا وقومهما» in 1 segment(s): BURHAN:v2p328
quotes 23:47: «وقومهما لنا» in 1 segment(s): BURHAN:v2p328
quotes 23:47: «لنا عابدون» in 1 segment(s): BURHAN:v2p328
quotes 23:99: 7 unique window(s): ارجعون | جا احدهم | رب ارجعون | اذا جا احدهم | جا احدهم الموت | الموت قال رب | قال رب ارجعون
quotes 23:99: «ارجعون» in 11 segment(s): BURHAN:v2p234, DAMGHANI:v1p191, IBNQUTAYBA-MUSHKIL:v1p178, ITQAN:v3p89, ITQAN:v3p104, ITQAN:v4p446, NASHR:v2p101, NASHR:v2p180, NASHR:v2p329#2, SAMARRAI-LAMASAT:p115, SAMARRAI-LAMASAT-HALAQAT:p613
quotes 23:99: «جا احدهم» in 6 segment(s): NASHR:v1p317, NASHR:v1p382#2, NASHR:v1p388, SAMARRAI-LAMASAT:p115, SAMARRAI-LAMASAT-HALAQAT:p613, SAMARRAI-LAMASAT-HALAQAT:p866
quotes 23:99: «الموت قال رب» in 2 segment(s): SAMARRAI-LAMASAT:p115, SAMARRAI-LAMASAT-HALAQAT:p613
quotes 23:100: 25 unique window(s): قايلها | لعلي اعمل | صالحا فيما | فيما تركت | تركت كلا | انها كلمه | كلمه هو | هو قايلها | قايلها ومن | ومن ورايهم | ورايهم برزخ | برزخ اليا | لعلي اعمل صالحا | اعمل صالحا فيما | صالحا فيما تركت | فيما تركت كلا | تركت كلا انها | كلا انها كلمه | انها كلمه هو | كلمه هو قايلها | هو قايلها ومن | قايلها ومن ورايهم | ومن ورايهم برزخ | ورايهم برزخ اليا | برزخ اليا يوم
quotes 23:100: «قايلها» in 3 segment(s): BURHAN:v4p315, IBNJAWZI-NUZHA:v1p641#2, SAMARRAI-LAMASAT-HALAQAT:p101
quotes 23:100: «لعلي اعمل» in 4 segment(s): DAMGHANI:v1p282, IBNJAWZI-NUZHA:v1p511, NASHR:v2p163#2, NASHR:v2p329#2
quotes 23:100: «صالحا فيما» in 2 segment(s): DAMGHANI:v1p282, IBNJAWZI-NUZHA:v1p511
quotes 23:100: «فيما تركت» in 3 segment(s): BURHAN:v1p368, DAMGHANI:v1p282, IBNJAWZI-NUZHA:v1p511
quotes 23:100: «تركت كلا» in 2 segment(s): BURHAN:v1p368, IBNJAWZI-NUZHA:v1p511
quotes 23:100: «انها كلمه» in 2 segment(s): BURHAN:v4p315, JISHUMI:v1p775
quotes 23:100: «كلمه هو» in 1 segment(s): BURHAN:v4p315
quotes 23:100: «ومن ورايهم» in 2 segment(s): BINTSHATI-IJAZ:p191, DAMGHANI:v1p485
quotes 23:100: «ورايهم برزخ» in 2 segment(s): BINTSHATI-IJAZ:p191, DAMGHANI:v1p485
quotes 23:100: «برزخ اليا» in 0 segment(s): 
quotes 23:104: 9 unique window(s): تلفح | كالحون | تلفح وجوههم | النار وهم | فيها كالحون | تلفح وجوههم النار | وجوههم النار وهم | النار وهم فيها | وهم فيها كالحون
quotes 23:104: «تلفح» in 1 segment(s): DAMGHANI:v1p420
quotes 23:104: «كالحون» in 2 segment(s): ITQAN:v2p322, ITQAN:v4p522#4
quotes 23:104: «النار وهم» in 2 segment(s): BURHAN:v2p257, SAMARRAI-ASRAR:r5#7
quotes 24:27: 20 unique window(s): تستانسوا | وتسلموا | غير بيوتكم | بيوتكم حتيا | حتيا تستانسوا | تستانسوا وتسلموا | وتسلموا عليا | عليا اهلها | اهلها ذالكم | لا تدخلوا بيوتا | بيوتا غير بيوتكم | غير بيوتكم حتيا | بيوتكم حتيا تستانسوا | حتيا تستانسوا وتسلموا | تستانسوا وتسلموا عليا | وتسلموا عليا اهلها | عليا اهلها ذالكم | اهلها ذالكم خير | خير لكم لعلكم | لكم لعلكم تذكرون
quotes 24:27: «تستانسوا» in 5 segment(s): BINTSHATI-IJAZ:p218, BURHAN:v3p279, ITQAN:v2p323, ITQAN:v2p540, ITQAN:v3p94#2
quotes 24:27: «وتسلموا» in 4 segment(s): BINTSHATI-IJAZ:p218, BURHAN:v3p279, ITQAN:v2p540, JURJANI-DALAIL:v1p44
quotes 24:27: «غير بيوتكم» in 4 segment(s): BINTSHATI-IJAZ:p218, DAMGHANI:v1p80, IBNJAWZI-NUZHA:v1p205, ITQAN:v3p94#2
quotes 24:27: «بيوتكم حتيا» in 0 segment(s): 
quotes 24:27: «عليا اهلها» in 0 segment(s): 
quotes 24:27: «اهلها ذالكم» in 0 segment(s): 
quotes 24:27: «لا تدخلوا بيوتا» in 4 segment(s): BINTSHATI-IJAZ:p218, DAMGHANI:v1p80, IBNJAWZI-NUZHA:v1p205, ITQAN:v3p94#2
quotes 24:27: «خير لكم لعلكم» in 0 segment(s): 
quotes 24:27: «لكم لعلكم تذكرون» in 0 segment(s): 
quotes 25:41: 10 unique window(s): راوك | واذا راوك | راوك ان | بعث الله | الله رسولا | واذا راوك ان | راوك ان يتخذونك | اهاذا الذي بعث | الذي بعث الله | بعث الله رسولا
quotes 25:41: «راوك» in 2 segment(s): BAQILLANI:v1p98, BURHAN:v2p342
quotes 25:41: «بعث الله» in 18 segment(s): BINTSHATI-IJAZ:p146, BURHAN:v2p342, BURHAN:v3p30, BURHAN:v3p160, BURHAN:v4p41, IBNQUTAYBA-MUSHKIL:v1p201, ITQAN:v1p42, ITQAN:v2p557, ITQAN:v3p25, ITQAN:v3p155#2, ITQAN:v3p167, ITQAN:v3p215 …
quotes 25:41: «الله رسولا» in 8 segment(s): BURHAN:v2p342, BURHAN:v3p160, BURHAN:v4p41, ITQAN:v2p557, ITQAN:v3p155#2, ITQAN:v3p167, ITQAN:v3p215, ITQAN:v4p365
quotes 25:41: «اهاذا الذي بعث» in 0 segment(s): 
quotes 25:43: 10 unique window(s): اريت من | هوياه افانت | افانت تكون | تكون عليه | عليه وكيلا | اريت من اتخذ | الاهه هوياه افانت | هوياه افانت تكون | افانت تكون عليه | تكون عليه وكيلا
quotes 25:43: «اريت من» in 0 segment(s): 
quotes 25:43: «هوياه افانت» in 0 segment(s): 
quotes 25:43: «افانت تكون» in 2 segment(s): DAMGHANI:v1p493, IBNJAWZI-NUZHA:v1p607
quotes 25:43: «تكون عليه» in 7 segment(s): IBNJAWZI-NUZHA:v1p607, JURJANI-DALAIL:v1p155, JURJANI-DALAIL:v1p303, SIBAWAYH:(هذابابآخرمنأبوابإن)#507, SIBAWAYH:(هذابابالحروفالستةإذاكانواحدمنهاعيناوكانتالفاءقبلها#711, SIBAWAYH:(هذابابعدةمايكونعليهالكلم)#747, SIBAWAYH:(هذابابماتسكنأوائلهمنالأفعالالمزيدة)#755
quotes 25:43: «عليه وكيلا» in 1 segment(s): IBNJAWZI-NUZHA:v1p607
quotes 25:44: 19 unique window(s): تحسب | ام تحسب | تحسب ان | ان اكثرهم | اكثرهم يسمعون | يسمعون او | او يعقلون | يعقلون ان | الا كالانعام | ام تحسب ان | تحسب ان اكثرهم | ان اكثرهم يسمعون | اكثرهم يسمعون او | يسمعون او يعقلون | او يعقلون ان | يعقلون ان هم | هم الا كالانعام | الا كالانعام بل | هم اضل سبيلا
quotes 25:44: «تحسب» in 7 segment(s): BAQILLANI:v1p183, IBNQUTAYBA-MUSHKIL:v1p12, IBNQUTAYBA-MUSHKIL:v1p13, ITQAN:v1p269, JURJANI-ASRAR:v1p181, SIBAWAYH:وذلكقولكترباوجندلاوماأشبههذا|فإنأدخلتلكفقلتتربالكفإن#123, SIBAWAYH:وذاكلأنهاظروففيهاالأشياءوتكونفيهافانتصبلأنهPageV01P403#194
quotes 25:44: «ان اكثرهم» in 2 segment(s): JISHUMI:v1p515, SIBAWAYH:(هذابابمنإمالةالألفيميلهافيهناسمنالعربكثير)#716
quotes 25:44: «اكثرهم يسمعون» in 0 segment(s): 
quotes 25:44: «يسمعون او» in 1 segment(s): JURJANI-DALAIL:v1p105
quotes 25:44: «او يعقلون» in 0 segment(s): 
quotes 25:44: «يعقلون ان» in 0 segment(s): 
quotes 25:44: «الا كالانعام» in 2 segment(s): DAMGHANI:v1p291, IBNJAWZI-NUZHA:v1p408
quotes 25:44: «هم اضل سبيلا» in 2 segment(s): DAMGHANI:v1p291, IBNJAWZI-NUZHA:v1p408
quotes 26:7: 9 unique window(s): انبتنا | الارض كم | كم انبتنا | انبتنا فيها | يروا الي الارض | الي الارض كم | الارض كم انبتنا | كم انبتنا فيها | انبتنا فيها من
quotes 26:7: «انبتنا» in 4 segment(s): DAMGHANI:v1p218, IBNJAWZI-NUZHA:v1p521, IBNQUTAYBA-MUSHKIL:v1p269, IBNQUTAYBA-MUSHKIL:v1p270#2
quotes 26:7: «الارض كم» in 3 segment(s): DAMGHANI:v1p218, IBNQUTAYBA-MUSHKIL:v1p269, IBNQUTAYBA-MUSHKIL:v1p270#2
quotes 26:7: «يروا الي الارض» in 3 segment(s): DAMGHANI:v1p218, IBNQUTAYBA-MUSHKIL:v1p269, IBNQUTAYBA-MUSHKIL:v1p270#2
quotes 26:10: 11 unique window(s): واذ ناديا | ناديا ربك | ربك موسيا | ان ايت | ايت القوم | واذ ناديا ربك | ناديا ربك موسيا | ربك موسيا ان | موسيا ان ايت | ان ايت القوم | ايت القوم الظالمين
quotes 26:10: «واذ ناديا» in 0 segment(s): 
quotes 26:10: «ناديا ربك» in 0 segment(s): 
quotes 26:10: «ربك موسيا» in 0 segment(s): 
quotes 26:10: «ان ايت» in 4 segment(s): BURHAN:v2p342, IBNJAWZI-NUZHA:v1p592, SAMARRAI-ASRAR:r16, SAMARRAI-LAMASAT-HALAQAT:p745
quotes 26:10: «ايت القوم» in 4 segment(s): BURHAN:v2p342, IBNJAWZI-NUZHA:v1p592, SAMARRAI-ASRAR:r16, SAMARRAI-LAMASAT-HALAQAT:p745
quotes 26:11: 3 unique window(s): الا يتقون | قوم فرعون الا | فرعون الا يتقون
quotes 26:11: «الا يتقون» in 7 segment(s): BURHAN:v2p342, BURHAN:v4p235, DAMGHANI:v1p493, IBNJAWZI-NUZHA:v1p219, ITQAN:v2p441#2, SAMARRAI-ASRAR:r16, SAMARRAI-LAMASAT-HALAQAT:p745
quotes 26:11: «قوم فرعون الا» in 7 segment(s): BURHAN:v2p342, BURHAN:v4p235, DAMGHANI:v1p493, IBNJAWZI-NUZHA:v1p219, ITQAN:v2p441#2, SAMARRAI-ASRAR:r16, SAMARRAI-LAMASAT-HALAQAT:p745
quotes 26:18: 20 unique window(s): نربك | وليدا | ولبثت | عمرك | الم نربك | نربك فينا | فينا وليدا | وليدا ولبثت | ولبثت فينا | فينا من | من عمرك | عمرك سنين | قال الم نربك | الم نربك فينا | نربك فينا وليدا | فينا وليدا ولبثت | وليدا ولبثت فينا | ولبثت فينا من | فينا من عمرك | من عمرك سنين
quotes 26:18: «نربك» in 4 segment(s): SAMARRAI-ASRAR:r5#9, SAMARRAI-ASRAR:r16, SAMARRAI-LAMASAT-HALAQAT:p690, SAMARRAI-LAMASAT-HALAQAT:p745
quotes 26:18: «وليدا» in 4 segment(s): SAMARRAI-ASRAR:r5#9, SAMARRAI-ASRAR:r16, SAMARRAI-LAMASAT-HALAQAT:p690, SAMARRAI-LAMASAT-HALAQAT:p745
quotes 26:18: «ولبثت» in 8 segment(s): BURHAN:v4p302, IBNJAWZI-NUZHA:v1p476, NASHR:v1p217, NASHR:v2p16, SAMARRAI-ASRAR:r5#9, SAMARRAI-ASRAR:r16, SAMARRAI-LAMASAT-HALAQAT:p690, SAMARRAI-LAMASAT-HALAQAT:p745
quotes 26:18: «عمرك» in 13 segment(s): BURHAN:v4p302, DAMGHANI:v1p365, IBNJAWZI-NUZHA:v1p476, IBNQUTAYBA-MUSHKIL:v1p297, MAWARDI-FULL:v1p27, SAMARRAI-ASRAR:r5#9, SAMARRAI-ASRAR:r16, SAMARRAI-LAMASAT-HALAQAT:p690, SAMARRAI-LAMASAT-HALAQAT:p745, SIBAWAYH:ولكنهامصادروضعتموضعاواحدالاتتصرففىالكلامتصرفماذكرنامن#131, SIBAWAYH:وذلكقولكهذاعبداللهحقاوهذازيدالحقلاالباطلوهذازيدغبرما#175, SIBAWAYH:(هذابابمايحركفيهالتنوينفيالأسماءالغالبة)#639 …
quotes 26:18: «فينا من» in 9 segment(s): BINTSHATI:v1p13, BURHAN:v4p302, DAMGHANI:v1p365, IBNJAWZI-NUZHA:v1p476, SAMARRAI-ASRAR:r5#9, SAMARRAI-ASRAR:r16, SAMARRAI-LAMASAT-HALAQAT:p690, SAMARRAI-LAMASAT-HALAQAT:p745, TAB-FULL:v1p11
quotes 26:19: 12 unique window(s): وفعلت | فعلتك | وفعلت فعلتك | فعلتك التي | التي فعلت | فعلت وانت | وانت من | وفعلت فعلتك التي | فعلتك التي فعلت | التي فعلت وانت | فعلت وانت من | وانت من الكافرين
quotes 26:19: «وفعلت» in 21 segment(s): BINTSHATI-IJAZ:p472, BURHAN:v4p188, IBNJAWZI-NUZHA:v1p515, JISHUMI:v1p585, JURJANI-DALAIL:v1p14, NASHR:v2p427, SAMARRAI-ASRAR:r16, SAMARRAI-LAMASAT-HALAQAT:p745, SIBAWAYH:فانتصبلأنهموقوعلهولأنهتفسيرلماقبلهلمكان؟وليسبصفةلما#163, SIBAWAYH:(هذابابماينتصبمنالأسماءالتىليستبصفةولامصادرلأنهحاليقع#182, SIBAWAYH:فأماالنعتالذىجرىعلىالمنعوتفقولكمررتبرجلظريفقبلفصارالنعت#200, SIBAWAYH:(هذابابمجرىنعتالمعرفةعليها)#206 …
quotes 26:19: «فعلتك» in 4 segment(s): BURHAN:v4p188, IBNJAWZI-NUZHA:v1p515, SAMARRAI-ASRAR:r16, SAMARRAI-LAMASAT-HALAQAT:p745
quotes 26:19: «التي فعلت» in 5 segment(s): BURHAN:v4p188, IBNJAWZI-NUZHA:v1p515, JURJANI-DALAIL:v1p184, SAMARRAI-ASRAR:r16, SAMARRAI-LAMASAT-HALAQAT:p745
quotes 26:19: «فعلت وانت» in 5 segment(s): BURHAN:v4p188, IBNJAWZI-NUZHA:v1p515, JURJANI-DALAIL:v1p110, SAMARRAI-ASRAR:r16, SAMARRAI-LAMASAT-HALAQAT:p745
quotes 26:19: «وانت من» in 5 segment(s): BURHAN:v4p188, IBNJAWZI-NUZHA:v1p515, JURJANI-DALAIL:v1p343#2, SAMARRAI-ASRAR:r16, SAMARRAI-LAMASAT-HALAQAT:p745
quotes 26:21: 19 unique window(s): ففررت | خفتكم | فوهب | ففررت منكم | منكم لما | لما خفتكم | خفتكم فوهب | فوهب لي | ربي حكما | حكما وجعلني | ففررت منكم لما | منكم لما خفتكم | لما خفتكم فوهب | خفتكم فوهب لي | فوهب لي ربي | لي ربي حكما | ربي حكما وجعلني | حكما وجعلني من | وجعلني من المرسلين
quotes 26:21: «ففررت» in 4 segment(s): BURHAN:v2p234, BURHAN:v3p6#3, SAMARRAI-ASRAR:r16, SAMARRAI-LAMASAT-HALAQAT:p745
quotes 26:21: «خفتكم» in 6 segment(s): BURHAN:v2p234, BURHAN:v3p6#3, DAMGHANI:v1p353, IBNJAWZI-NUZHA:v1p463, SAMARRAI-ASRAR:r16, SAMARRAI-LAMASAT-HALAQAT:p745
quotes 26:21: «فوهب» in 2 segment(s): SAMARRAI-ASRAR:r16, SAMARRAI-LAMASAT-HALAQAT:p745
quotes 26:21: «منكم لما» in 6 segment(s): BURHAN:v2p234, BURHAN:v3p6#3, DAMGHANI:v1p353, IBNJAWZI-NUZHA:v1p463, SAMARRAI-ASRAR:r16, SAMARRAI-LAMASAT-HALAQAT:p745
quotes 26:21: «ربي حكما» in 2 segment(s): SAMARRAI-ASRAR:r16, SAMARRAI-LAMASAT-HALAQAT:p745
quotes 26:21: «حكما وجعلني» in 2 segment(s): SAMARRAI-ASRAR:r16, SAMARRAI-LAMASAT-HALAQAT:p745
quotes 26:21: «وجعلني من المرسلين» in 2 segment(s): SAMARRAI-ASRAR:r16, SAMARRAI-LAMASAT-HALAQAT:p745
quotes 26:22: 14 unique window(s): تمنها | عبدت | وتلك نعمه | نعمه تمنها | تمنها علي | علي ان | ان عبدت | عبدت بني | وتلك نعمه تمنها | نعمه تمنها علي | تمنها علي ان | علي ان عبدت | ان عبدت بني | عبدت بني اسرايل
quotes 26:22: «تمنها» in 7 segment(s): BURHAN:v2p349, BURHAN:v3p121, BURHAN:v3p212, ITQAN:v3p168, NASHR:v1p279, SAMARRAI-ASRAR:r16, SAMARRAI-LAMASAT-HALAQAT:p745
quotes 26:22: «عبدت» in 8 segment(s): BURHAN:v2p87, BURHAN:v3p121, IBNQUTAYBA-MUSHKIL:v1p217, ITQAN:v2p402, ITQAN:v2p408, ITQAN:v4p375#3, SAMARRAI-ASRAR:r16, SAMARRAI-LAMASAT-HALAQAT:p745
quotes 26:22: «وتلك نعمه» in 6 segment(s): BURHAN:v2p349, BURHAN:v3p121, BURHAN:v3p212, ITQAN:v3p168, SAMARRAI-ASRAR:r16, SAMARRAI-LAMASAT-HALAQAT:p745
NOTE quotes 26:22: window «علي ان» in 1232 segments, too common alone; the longer windows that contain it are used instead
quotes 26:105: 3 unique window(s): نوح المرسلين | كذبت قوم نوح | قوم نوح المرسلين
quotes 26:105: «نوح المرسلين» in 2 segment(s): BURHAN:v2p238, MAJAZ:v1p14
quotes 26:105: «كذبت قوم نوح» in 3 segment(s): BURHAN:v2p238, BURHAN:v3p150, MAJAZ:v1p14
quotes 26:106: 5 unique window(s): اخوهم نوح | نوح الا | لهم اخوهم نوح | اخوهم نوح الا | نوح الا تتقون
quotes 26:106: «اخوهم نوح» in 3 segment(s): DAMGHANI:v1p493, IBNJAWZI-NUZHA:v1p219, SAMARRAI-ASRAR:r5#9
quotes 26:106: «نوح الا» in 3 segment(s): DAMGHANI:v1p493, IBNJAWZI-NUZHA:v1p219, SAMARRAI-ASRAR:r5#9
quotes 26:107: 0 unique window(s): 
quotes 26:108: 0 unique window(s): 
quotes 26:115: 0 unique window(s): 
quotes 26:116: 8 unique window(s): المرجومين | تنته يانوح | يانوح لتكونن | من المرجومين | لم تنته يانوح | تنته يانوح لتكونن | يانوح لتكونن من | لتكونن من المرجومين
quotes 26:116: «المرجومين» in 1 segment(s): RAZI-FULL:v1p61
quotes 26:116: «تنته يانوح» in 0 segment(s): 
quotes 26:116: «يانوح لتكونن» in 0 segment(s): 
quotes 26:124: 5 unique window(s): اخوهم هود | هود الا | لهم اخوهم هود | اخوهم هود الا | هود الا تتقون
quotes 26:124: «اخوهم هود» in 2 segment(s): SAMARRAI-ASRAR:r3#6, SAMARRAI-ASRAR:r5#9
quotes 26:124: «هود الا» in 9 segment(s): BINTSHATI-IJAZ:p220, BURHAN:v1p140, DAMGHANI:v1p34, DAMGHANI:v1p93, DAMGHANI:v1p431, IBNASHUR-FULL:v1p75, SAMARRAI-ASRAR:r3#6, SAMARRAI-ASRAR:r5#4, SAMARRAI-ASRAR:r5#9
quotes 26:126: 0 unique window(s): 
quotes 26:142: 5 unique window(s): اخوهم صالح | صالح الا | لهم اخوهم صالح | اخوهم صالح الا | صالح الا تتقون
quotes 26:142: «اخوهم صالح» in 2 segment(s): SAMARRAI-ASRAR:r3#6, SAMARRAI-ASRAR:r5#9
quotes 26:142: «صالح الا» in 3 segment(s): BINTSHATI-IJAZ:p204, SAMARRAI-ASRAR:r3#6, SAMARRAI-ASRAR:r5#9
quotes 26:144: 0 unique window(s): 
quotes 26:161: 5 unique window(s): اخوهم لوط | لوط الا | لهم اخوهم لوط | اخوهم لوط الا | لوط الا تتقون
quotes 26:161: «اخوهم لوط» in 1 segment(s): SAMARRAI-ASRAR:r3#6
quotes 26:161: «لوط الا» in 1 segment(s): SAMARRAI-ASRAR:r3#6
quotes 26:163: 0 unique window(s): 
quotes 26:166: 11 unique window(s): عادون | وتذرون ما | ازواجكم بل | قوم عادون | وتذرون ما خلق | ما خلق لكم | خلق لكم ربكم | ربكم من ازواجكم | من ازواجكم بل | ازواجكم بل انتم | انتم قوم عادون
quotes 26:166: «عادون» in 3 segment(s): BURHAN:v3p23, BURHAN:v4p257, SAMARRAI-LAMASAT:p144
quotes 26:166: «وتذرون ما» in 3 segment(s): BURHAN:v4p257, DAMGHANI:v1p162, IBNJAWZI-NUZHA:v1p283
quotes 26:166: «ازواجكم بل» in 1 segment(s): BURHAN:v4p257
quotes 26:166: «ما خلق لكم» in 3 segment(s): BURHAN:v4p257, DAMGHANI:v1p162, IBNJAWZI-NUZHA:v1p283
quotes 26:166: «خلق لكم ربكم» in 2 segment(s): BURHAN:v4p257, IBNJAWZI-NUZHA:v1p283
quotes 26:166: «ربكم من ازواجكم» in 2 segment(s): BURHAN:v4p257, IBNJAWZI-NUZHA:v1p283
quotes 26:167: 8 unique window(s): المخرجين | تنته يالوط | يالوط لتكونن | من المخرجين | لم تنته يالوط | تنته يالوط لتكونن | يالوط لتكونن من | لتكونن من المخرجين
quotes 26:167: «المخرجين» in 5 segment(s): BURHAN:v3p451, NASHR:v1p222, SIBAWAYH:هذابابالإدغامفيالحروفالمتقاربةالتيهيمنمخرجواحد#808, SIBAWAYH:هذابابالإدغامفيحروفطرفاللسانوالثنايا#809, SIBAWAYH:(هذابابms925ماتقلبفيهالسينصادافيبعضاللغات)#811
quotes 26:167: «تنته يالوط» in 0 segment(s): 
quotes 26:167: «يالوط لتكونن» in 0 segment(s): 
quotes 26:177: 6 unique window(s): شعيب | لهم شعيب | شعيب الا | قال لهم شعيب | لهم شعيب الا | شعيب الا تتقون
NOTE quotes 26:177: window «شعيب» in 85 segments, too common alone; the longer windows that contain it are used instead
quotes 26:177: «لهم شعيب» in 3 segment(s): SAMARRAI-ASRAR:r3#6, SAMARRAI-ASRAR:r5#9, SAMARRAI-LAMASAT-HALAQAT:p588
quotes 26:177: «شعيب الا» in 3 segment(s): SAMARRAI-ASRAR:r3#6, SAMARRAI-ASRAR:r5#9, SAMARRAI-LAMASAT-HALAQAT:p588
quotes 26:179: 0 unique window(s): 
quotes 26:216: 7 unique window(s): عصوك | فان عصوك | عصوك فقل | فقل اني | فان عصوك فقل | عصوك فقل اني | فقل اني بري
quotes 26:216: «عصوك» in 2 segment(s): IBNQUTAYBA-MUSHKIL:v1p56, JURJANI-DALAIL:v1p249
quotes 26:216: «فقل اني» in 2 segment(s): JISHUMI:v1p770#2, JURJANI-DALAIL:v1p249
quotes 26:217: 3 unique window(s): علي العزيز | وتوكل علي العزيز | علي العزيز الرحيم
quotes 26:217: «علي العزيز» in 1 segment(s): NASHR:v2p336
quotes 26:218: 5 unique window(s): يرياك | الذي يرياك | يرياك حين | الذي يرياك حين | يرياك حين تقوم
quotes 26:218: «يرياك» in 0 segment(s): 
quotes 26:219: 4 unique window(s): وتقلبك | وتقلبك في | في الساجدين | وتقلبك في الساجدين
quotes 26:219: «وتقلبك» in 2 segment(s): DAMGHANI:v1p229, IBNJAWZI-NUZHA:v1p506
quotes 26:219: «في الساجدين» in 2 segment(s): DAMGHANI:v1p229, IBNJAWZI-NUZHA:v1p506
quotes 27:8: 17 unique window(s): بورك | فلما جاها | جاها نودي | نودي ان | ان بورك | بورك من | حولها وسبحان | فلما جاها نودي | جاها نودي ان | نودي ان بورك | ان بورك من | بورك من في | في النار ومن | النار ومن حولها | ومن حولها وسبحان | حولها وسبحان الله | وسبحان الله رب
quotes 27:8: «بورك» in 16 segment(s): ALUSI-FULL:v1p16, ALUSI-FULL:v1p17, BAQILLANI:v1p189, BURHAN:v3p349, BURHAN:v3p350, IBNQUTAYBA-GHARIB:v1p31#4, IBNQUTAYBA-MUSHKIL:v1p205, ITQAN:v2p325, NASHR:v2p26#2, SAMARRAI-LAMASAT:p90, SAMARRAI-LAMASAT:p91, SAMARRAI-LAMASAT:p106 …
quotes 27:8: «فلما جاها» in 14 segment(s): BAQILLANI:v1p189, BURHAN:v1p130, BURHAN:v3p349, SAMARRAI-LAMASAT:p90, SAMARRAI-LAMASAT:p91, SAMARRAI-LAMASAT:p96, SAMARRAI-LAMASAT:p104, SAMARRAI-LAMASAT:p112, SAMARRAI-LAMASAT-HALAQAT:p69, SAMARRAI-LAMASAT-HALAQAT:p70, SAMARRAI-LAMASAT-HALAQAT:p75, SAMARRAI-LAMASAT-HALAQAT:p84 …
quotes 27:8: «جاها نودي» in 8 segment(s): BAQILLANI:v1p189, BURHAN:v3p349, SAMARRAI-LAMASAT:p90, SAMARRAI-LAMASAT:p96, SAMARRAI-LAMASAT-HALAQAT:p69, SAMARRAI-LAMASAT-HALAQAT:p70, SAMARRAI-LAMASAT-HALAQAT:p75, SAMARRAI-LAMASAT-HALAQAT:p783
quotes 27:8: «نودي ان» in 12 segment(s): ALUSI-FULL:v1p16, BAQILLANI:v1p189, BURHAN:v3p349, SAMARRAI-ASRAR-MUH:p67, SAMARRAI-LAMASAT:p90, SAMARRAI-LAMASAT:p91, SAMARRAI-LAMASAT:p106, SAMARRAI-LAMASAT-HALAQAT:p69, SAMARRAI-LAMASAT-HALAQAT:p70, SAMARRAI-LAMASAT-HALAQAT:p85, SAMARRAI-LAMASAT-HALAQAT:p518, SAMARRAI-LAMASAT-HALAQAT:p686
quotes 27:8: «حولها وسبحان» in 6 segment(s): BAQILLANI:v1p189, BURHAN:v3p349, SAMARRAI-LAMASAT:p90, SAMARRAI-LAMASAT:p106, SAMARRAI-LAMASAT-HALAQAT:p69, SAMARRAI-LAMASAT-HALAQAT:p85
quotes 27:8: «في النار ومن» in 12 segment(s): ALUSI-FULL:v1p16, BAQILLANI:v1p189, BURHAN:v3p349, IBNHIBBAN:v2p35, IBNHIBBAN:v13p327, IBNMAJAH:196, MUSNAD-AHMAD:11925, MUSNAD-AHMAD:19587, SAMARRAI-LAMASAT:p90, SAMARRAI-LAMASAT:p106, SAMARRAI-LAMASAT-HALAQAT:p69, SAMARRAI-LAMASAT-HALAQAT:p85
quotes 27:8: «النار ومن حولها» in 9 segment(s): ALUSI-FULL:v1p16, BAQILLANI:v1p189, BURHAN:v3p349, IBNMAJAH:196, MUSNAD-AHMAD:19587, SAMARRAI-LAMASAT:p90, SAMARRAI-LAMASAT:p106, SAMARRAI-LAMASAT-HALAQAT:p69, SAMARRAI-LAMASAT-HALAQAT:p85
quotes 27:8: «وسبحان الله رب» in 14 segment(s): BAQILLANI:v1p189, BURHAN:v3p349, IBNHIBBAN:946, IBNMAJAH:196, MUSNAD-AHMAD:1561, MUSNAD-AHMAD:19587, SAMARRAI-LAMASAT:p90, SAMARRAI-LAMASAT:p91, SAMARRAI-LAMASAT:p106, SAMARRAI-LAMASAT:p107, SAMARRAI-LAMASAT-HALAQAT:p69, SAMARRAI-LAMASAT-HALAQAT:p70 …
quotes 27:10: 14 unique window(s): والق عصاك | ياموسيا لا | تخف اني | لا يخاف | يخاف لدي | لدي المرسلون | والق عصاك فلما | يعقب ياموسيا لا | ياموسيا لا تخف | لا تخف اني | تخف اني لا | اني لا يخاف | لا يخاف لدي | يخاف لدي المرسلون
quotes 27:10: «والق عصاك» in 10 segment(s): BURHAN:v1p118, BURHAN:v3p349, SAMARRAI-LAMASAT:p90, SAMARRAI-LAMASAT:p91, SAMARRAI-LAMASAT:p108, SAMARRAI-LAMASAT-HALAQAT:p69, SAMARRAI-LAMASAT-HALAQAT:p70, SAMARRAI-LAMASAT-HALAQAT:p87, SAMARRAI-LAMASAT-HALAQAT:p88, SAMARRAI-LAMASAT-HALAQAT:p1005
quotes 27:10: «ياموسيا لا» in 0 segment(s): 
quotes 27:10: «تخف اني» in 6 segment(s): IBNQUTAYBA-MUSHKIL:v1p139, SAMARRAI-ASRAR:r7#2, SAMARRAI-LAMASAT:p90, SAMARRAI-LAMASAT:p91, SAMARRAI-LAMASAT-HALAQAT:p69, SAMARRAI-LAMASAT-HALAQAT:p1005
quotes 27:10: «لا يخاف» in 20 segment(s): BURHAN:v3p230, BURHAN:v4p237, IBNQUTAYBA-MUSHKIL:v1p139, ITQAN:v2p339, ITQAN:v2p442#2, ITQAN:v4p505, JURJANI-DALAIL:v1p223, SAMARRAI-ASRAR:r7#2, SAMARRAI-LAMASAT:p90, SAMARRAI-LAMASAT:p91, SAMARRAI-LAMASAT:p109, SAMARRAI-LAMASAT:p110 …
quotes 27:10: «يخاف لدي» in 13 segment(s): BURHAN:v4p237, IBNQUTAYBA-MUSHKIL:v1p139, ITQAN:v2p442#2, SAMARRAI-ASRAR:r7#2, SAMARRAI-LAMASAT:p90, SAMARRAI-LAMASAT:p91, SAMARRAI-LAMASAT:p109, SAMARRAI-LAMASAT:p110, SAMARRAI-LAMASAT-HALAQAT:p69, SAMARRAI-LAMASAT-HALAQAT:p70, SAMARRAI-LAMASAT-HALAQAT:p87, SAMARRAI-LAMASAT-HALAQAT:p88 …
quotes 27:10: «لدي المرسلون» in 13 segment(s): BURHAN:v4p237, IBNQUTAYBA-MUSHKIL:v1p139, ITQAN:v2p442#2, SAMARRAI-ASRAR:r7#2, SAMARRAI-LAMASAT:p90, SAMARRAI-LAMASAT:p91, SAMARRAI-LAMASAT:p109, SAMARRAI-LAMASAT:p110, SAMARRAI-LAMASAT-HALAQAT:p69, SAMARRAI-LAMASAT-HALAQAT:p70, SAMARRAI-LAMASAT-HALAQAT:p87, SAMARRAI-LAMASAT-HALAQAT:p88 …
quotes 27:28: 20 unique window(s): بكتابي | فالقه | اذهب بكتابي | بكتابي هاذا | هاذا فالقه | فالقه اليهم | اليهم ثم | ثم تول | تول عنهم | عنهم فانظر | ماذا يرجعون | اذهب بكتابي هاذا | بكتابي هاذا فالقه | هاذا فالقه اليهم | فالقه اليهم ثم | اليهم ثم تول | ثم تول عنهم | تول عنهم فانظر | عنهم فانظر ماذا | فانظر ماذا يرجعون
quotes 27:28: «بكتابي» in 4 segment(s): BURHAN:v3p194, ITQAN:v1p255#2, SAMARRAI-ASRAR-MUH:p94, SAMARRAI-LAMASAT-HALAQAT:p544
quotes 27:28: «فالقه» in 8 segment(s): BURHAN:v3p194, BURHAN:v3p292, JURJANI-DALAIL:v1p29, NASHR:v1p304#2, NASHR:v1p305, NASHR:v2p337, SAMARRAI-ASRAR-MUH:p94, SAMARRAI-LAMASAT-HALAQAT:p544
quotes 27:28: «اليهم ثم» in 6 segment(s): BINTSHATI-IJAZ:p348, BURHAN:v3p292, ITQAN:v2p352, JISHUMI:v1p466, SAMARRAI-ASRAR-MUH:p94, SAMARRAI-LAMASAT-HALAQAT:p544
quotes 27:28: «ثم تول» in 5 segment(s): BURHAN:v3p292, IBNJAWZI-NUZHA:v1p214, ITQAN:v3p103, SAMARRAI-ASRAR-MUH:p94, SAMARRAI-LAMASAT-HALAQAT:p544
quotes 27:28: «تول عنهم» in 5 segment(s): BURHAN:v3p292, IBNJAWZI-NUZHA:v1p214, ITQAN:v3p103, SAMARRAI-ASRAR-MUH:p94, SAMARRAI-LAMASAT-HALAQAT:p544
quotes 27:28: «عنهم فانظر» in 4 segment(s): BURHAN:v3p292, ITQAN:v3p103, SAMARRAI-ASRAR-MUH:p94, SAMARRAI-LAMASAT-HALAQAT:p544
quotes 27:28: «ماذا يرجعون» in 3 segment(s): BURHAN:v3p292, SAMARRAI-ASRAR-MUH:p94, SAMARRAI-LAMASAT-HALAQAT:p544
quotes 27:29: 10 unique window(s): الملوا اني | اني القي | القي الي | الي كتاب | كتاب كريم | ياايها الملوا اني | الملوا اني القي | اني القي الي | القي الي كتاب | الي كتاب كريم
quotes 27:29: «الملوا اني» in 1 segment(s): NASHR:v1p453
quotes 27:29: «اني القي» in 8 segment(s): BURHAN:v3p194, DAMGHANI:v1p401, IBNJAWZI-NUZHA:v1p521, IBNQUTAYBA-MUSHKIL:v1p269, NASHR:v2p169#2, NASHR:v2p340, SAMARRAI-ASRAR-MUH:p94, SAMARRAI-LAMASAT-HALAQAT:p544
quotes 27:29: «القي الي» in 8 segment(s): BURHAN:v3p194, DAMGHANI:v1p401, IBNASHUR-FULL:v1p73, IBNJAWZI-NUZHA:v1p521, IBNQUTAYBA-MUSHKIL:v1p269, ITQAN:v2p542, SAMARRAI-ASRAR-MUH:p94, SAMARRAI-LAMASAT-HALAQAT:p544
quotes 27:29: «الي كتاب» in 14 segment(s): BAQILLANI:v1p284, BINTSHATI-IJAZ:p30, BURHAN:v1p6, BURHAN:v3p194, DAMGHANI:v1p401, IBNJAWZI-NUZHA:v1p521, IBNQUTAYBA-MUSHKIL:v1p269, SAMARRAI-ASRAR:r3#5, SAMARRAI-ASRAR:r15#2, SAMARRAI-ASRAR-MUH:p94, SAMARRAI-ASRAR-MUH:p99, SAMARRAI-LAMASAT-HALAQAT:p544 …
quotes 27:29: «كتاب كريم» in 8 segment(s): BURHAN:v3p194, DAMGHANI:v1p401, IBNJAWZI-NUZHA:v1p521, IBNQUTAYBA-MUSHKIL:v1p269, ITQAN:v1p256, NASHR:v2p26#3, SAMARRAI-ASRAR-MUH:p94, SAMARRAI-LAMASAT-HALAQAT:p544
quotes 27:30: 7 unique window(s): من سليمان | سليمان وانه | وانه بسم | انه من سليمان | من سليمان وانه | سليمان وانه بسم | وانه بسم الله
quotes 27:30: «من سليمان» in 3 segment(s): BURHAN:v4p415, ITQAN:v2p517, ITQAN:v3p146
quotes 27:30: «سليمان وانه» in 0 segment(s): 
quotes 27:30: «وانه بسم» in 0 segment(s): 
quotes 27:35: 16 unique window(s): مرسله | بهديه | فناظره | واني مرسله | مرسله اليهم | اليهم بهديه | بهديه فناظره | فناظره بم | بم يرجع | يرجع المرسلون | واني مرسله اليهم | مرسله اليهم بهديه | اليهم بهديه فناظره | بهديه فناظره بم | فناظره بم يرجع | بم يرجع المرسلون
quotes 27:35: «مرسله» in 7 segment(s): BAQILLANI:v1p164, BURHAN:v1p88#2, BURHAN:v3p6#3, DAMGHANI:v1p472, IBNJINNI-MUHTASAB:v1p14, ITQAN:v1p257, NASHR:v1p316
quotes 27:35: «بهديه» in 2 segment(s): BURHAN:v3p6#3, DAMGHANI:v1p472
quotes 27:35: «فناظره» in 6 segment(s): BURHAN:v2p236, BURHAN:v3p6#3, IBNJAWZI-NUZHA:v1p587, ITQAN:v2p529, ITQAN:v3p104, JISHUMI:v2p1065
quotes 27:35: «بم يرجع» in 7 segment(s): BURHAN:v2p236, BURHAN:v3p6#3, IBNJAWZI-NUZHA:v1p587, IBNQUTAYBA-MUSHKIL:v1p173, ITQAN:v2p512#4, ITQAN:v2p529, ITQAN:v3p104
quotes 27:35: «يرجع المرسلون» in 7 segment(s): BURHAN:v2p236, BURHAN:v3p6#3, IBNJAWZI-NUZHA:v1p587, IBNQUTAYBA-MUSHKIL:v1p173, ITQAN:v2p512#4, ITQAN:v2p529, ITQAN:v3p104
quotes 27:36: 29 unique window(s): اتمدونن | بمال | اتيان | بهديتكم | جا سليمان | سليمان قال | قال اتمدونن | اتمدونن بمال | بمال فما | فما اتيان | اتيان الله | مما اتياكم | اتياكم بل | انتم بهديتكم | بهديتكم تفرحون | فلما جا سليمان | جا سليمان قال | سليمان قال اتمدونن | قال اتمدونن بمال | اتمدونن بمال فما | بمال فما اتيان | فما اتيان الله | اتيان الله خير | الله خير مما | خير مما اتياكم | مما اتياكم بل | اتياكم بل انتم | بل انتم بهديتكم | انتم بهديتكم تفرحون
quotes 27:36: «اتمدونن» in 3 segment(s): ITQAN:v3p138, ITQAN:v4p446, NASHR:v2p180
quotes 27:36: «بمال» in 15 segment(s): IBNASHUR-FULL:v1p113, IBNJAWZI-NUZHA:v1p194, IBNJAWZI-NUZHA:v1p373, ITQAN:v3p138, JISHUMI:v2p1079, JURJANI-ASRAR:v1p8, NASHR:v1p303, NASHR:v2p182, NASHR:v2p340, SAMARRAI-ASRAR:r10#5, SAMARRAI-ASRAR:r10#6, SIBAWAYH:(هذابابماتمالفيهالألفات)#715 …
quotes 27:36: «اتيان» in 28 segment(s): BURHAN:v1p40, BURHAN:v1p307, BURHAN:v1p402, BURHAN:v4p165, BURHAN:v4p257, DAMGHANI:v1p255, DAMGHANI:v1p297, DAMGHANI:v1p350, IBNJAWZI-NUZHA:v1p362, IBNJAWZI-NUZHA:v1p419, IBNJAWZI-NUZHA:v1p627, IBNQUTAYBA-MUSHKIL:v1p248 …
quotes 27:36: «بهديتكم» in 2 segment(s): DAMGHANI:v1p472, ITQAN:v3p138
quotes 27:36: «جا سليمان» in 2 segment(s): BURHAN:v3p143, ITQAN:v4p389
quotes 27:36: «سليمان قال» in 8 segment(s): BAGHAWI-FULL:v1p36, IBNMUJAHID:v1p50, IBNMUJAHID:v1p56, IBNMUJAHID:v1p96, ITQAN:v1p293#3, ITQAN:v2p395, TAB-FULL:v1p28, TAB-FULL:v1p37
quotes 27:36: «مما اتياكم» in 0 segment(s): 
quotes 27:36: «اتياكم بل» in 0 segment(s): 
quotes 27:36: «الله خير مما» in 3 segment(s): BUKHARI:2793, BURHAN:v1p398, MUSNAD-AHMAD:12409
quotes 28:8: 20 unique window(s): فالتقطه | وحزنا | فالتقطه ال | فرعون ليكون | ليكون لهم | لهم عدوا | عدوا وحزنا | وحزنا ان | وجنودهما كانوا | كانوا خاطين | فالتقطه ال فرعون | ال فرعون ليكون | فرعون ليكون لهم | ليكون لهم عدوا | لهم عدوا وحزنا | عدوا وحزنا ان | وحزنا ان فرعون | ان فرعون وهامان | وهامان وجنودهما كانوا | وجنودهما كانوا خاطين
quotes 28:8: «فالتقطه» in 8 segment(s): BURHAN:v1p38, BURHAN:v3p68#3, BURHAN:v3p91, BURHAN:v4p347, ITQAN:v2p498, ITQAN:v3p121, ITQAN:v3p296, ITQAN:v4p389
quotes 28:8: «وحزنا» in 11 segment(s): BURHAN:v1p38, BURHAN:v3p68#3, BURHAN:v3p91, BURHAN:v4p345, BURHAN:v4p347, IBNJAWZI-NUZHA:v1p538, ITQAN:v2p498, ITQAN:v3p296, JISHUMI:v1p492#2, NASHR:v1p223, NASHR:v2p341
quotes 28:8: «فرعون ليكون» in 7 segment(s): BURHAN:v1p38, BURHAN:v3p68#3, BURHAN:v3p91, BURHAN:v4p347, ITQAN:v2p498, ITQAN:v3p121, ITQAN:v3p296
quotes 28:8: «ليكون لهم» in 10 segment(s): BURHAN:v1p38, BURHAN:v3p68#3, BURHAN:v3p91, BURHAN:v4p345, BURHAN:v4p347, IBNJAWZI-NUZHA:v1p538, ITQAN:v2p498, ITQAN:v3p121, ITQAN:v3p296, JISHUMI:v1p446
quotes 28:8: «لهم عدوا» in 10 segment(s): BURHAN:v1p38, BURHAN:v3p68#3, BURHAN:v3p91, BURHAN:v4p345, BURHAN:v4p347, IBNJAWZI-NUZHA:v1p538, ITQAN:v2p498, ITQAN:v3p121, ITQAN:v3p296, JISHUMI:v1p492#2
quotes 28:8: «وجنودهما كانوا» in 4 segment(s): BURHAN:v3p68#3, DAMGHANI:v1p157, IBNJAWZI-NUZHA:v1p233, IBNJAWZI-NUZHA:v1p271
quotes 28:8: «كانوا خاطين» in 0 segment(s): 
quotes 28:8: «ان فرعون وهامان» in 5 segment(s): BURHAN:v3p68#3, DAMGHANI:v1p110, DAMGHANI:v1p157, IBNJAWZI-NUZHA:v1p233, IBNJAWZI-NUZHA:v1p271
quotes 28:15: 66 unique window(s): فوجد | يقتتلان | عدوه | فاستغاثه | عدوه | فوكزه | فقضيا | ودخل المدينه | المدينه عليا | عليا حين | حين غفله | اهلها فوجد | فوجد فيها | فيها رجلين | رجلين يقتتلان | يقتتلان هاذا | شيعته وهاذا | وهاذا من | من عدوه | عدوه فاستغاثه | فاستغاثه الذي | الذي من | شيعته علي | الذي من | من عدوه | عدوه فوكزه | فوكزه موسيا | موسيا فقضيا | فقضيا عليه | عليه قال | عدو مضل | مضل مبين | ودخل المدينه عليا | المدينه عليا حين | عليا حين غفله | حين غفله من | غفله من اهلها | من اهلها فوجد | اهلها فوجد فيها | فوجد فيها رجلين | فيها رجلين يقتتلان | رجلين يقتتلان هاذا | يقتتلان هاذا من | هاذا من شيعته | من شيعته وهاذا | شيعته وهاذا من | وهاذا من عدوه | من عدوه فاستغاثه | عدوه فاستغاثه الذي | فاستغاثه الذي من | الذي من شيعته | من شيعته علي | شيعته علي الذي | علي الذي من | الذي من عدوه | من عدوه فوكزه | عدوه فوكزه موسيا | فوكزه موسيا فقضيا | موسيا فقضيا عليه | فقضيا عليه قال | عليه قال هاذا | هاذا من عمل | عمل الشيطان انه | الشيطان انه عدو | انه عدو مضل | عدو مضل مبين
quotes 28:15: «فوجد» in 12 segment(s): BURHAN:v2p451, DAMGHANI:v1p271, DAMGHANI:v1p443, IBNMUJAHID:v1p61, ITQAN:v2p536#2, ITQAN:v4p323, JISHUMI:v1p660, JISHUMI:v1p695, NASHR:v1p428, NASHR:v2p198, SAMARRAI-ASRAR:r5#4, SAMARRAI-LAMASAT-HALAQAT:p921
quotes 28:15: «يقتتلان» in 3 segment(s): BURHAN:v2p451, DAMGHANI:v1p271, SAMARRAI-LAMASAT-HALAQAT:p921
quotes 28:15: «عدوه» in 18 segment(s): BAQILLANI:v1p20, BURHAN:v1p83, BURHAN:v1p170#2, BURHAN:v3p30, DAMGHANI:v1p271, DAMGHANI:v1p357, IBNJAWZI-NUZHA:v1p376, IBNJAWZI-NUZHA:v1p541#2, IBNQUTAYBA-MUSHKIL:v1p160, ITQAN:v4p337, ITQAN:v4p341, ITQAN:v4p391 …
quotes 28:15: «فاستغاثه» in 2 segment(s): SAMARRAI-ASRAR:r5#7, SAMARRAI-LAMASAT-HALAQAT:p921
quotes 28:15: «عدوه» in 18 segment(s): BAQILLANI:v1p20, BURHAN:v1p83, BURHAN:v1p170#2, BURHAN:v3p30, DAMGHANI:v1p271, DAMGHANI:v1p357, IBNJAWZI-NUZHA:v1p376, IBNJAWZI-NUZHA:v1p541#2, IBNQUTAYBA-MUSHKIL:v1p160, ITQAN:v4p337, ITQAN:v4p341, ITQAN:v4p391 …
quotes 28:15: «فوكزه» in 6 segment(s): BURHAN:v4p297, DAMGHANI:v1p383, ITQAN:v2p484, MAJAZ:v2p449#2, SAMARRAI-ASRAR:r5#7, SAMARRAI-LAMASAT-HALAQAT:p921
quotes 28:15: «فقضيا» in 0 segment(s): 
quotes 28:15: «ودخل المدينه» in 7 segment(s): BURHAN:v4p284, IBNJAWZI-NUZHA:v1p254, IBNJAWZI-NUZHA:v1p560, ITQAN:v2p477, SAMARRAI-LAMASAT:p108, SAMARRAI-LAMASAT-HALAQAT:p87, SAMARRAI-LAMASAT-HALAQAT:p921
quotes 28:15: «المدينه عليا» in 0 segment(s): 
quotes 28:15: «عليا حين» in 0 segment(s): 
quotes 28:15: «حين غفله» in 5 segment(s): BURHAN:v4p284, IBNJAWZI-NUZHA:v1p254, IBNJAWZI-NUZHA:v1p560, ITQAN:v2p477, SAMARRAI-LAMASAT-HALAQAT:p921
quotes 28:15: «فيها رجلين» in 3 segment(s): BURHAN:v2p451, DAMGHANI:v1p271, SAMARRAI-LAMASAT-HALAQAT:p921
quotes 28:15: «شيعته وهاذا» in 0 segment(s): 
quotes 28:15: «وهاذا من» in 0 segment(s): 
quotes 28:15: «الذي من» in 37 segment(s): BINTSHATI-IJAZ:p240, BURHAN:v1p280, BURHAN:v1p398, BURHAN:v2p493, BURHAN:v4p141, ITQAN:v2p394, JURJANI-ASRAR:v1p91, JURJANI-ASRAR:v1p208, JURJANI-ASRAR:v1p276, JURJANI-ASRAR:v1p316, JURJANI-DALAIL:v1p153, JURJANI-DALAIL:v1p154 …
quotes 28:15: «شيعته علي» in 2 segment(s): SAMARRAI-ASRAR:r5#7, SAMARRAI-LAMASAT-HALAQAT:p921
quotes 28:15: «الذي من» in 37 segment(s): BINTSHATI-IJAZ:p240, BURHAN:v1p280, BURHAN:v1p398, BURHAN:v2p493, BURHAN:v4p141, ITQAN:v2p394, JURJANI-ASRAR:v1p91, JURJANI-ASRAR:v1p208, JURJANI-ASRAR:v1p276, JURJANI-ASRAR:v1p316, JURJANI-DALAIL:v1p153, JURJANI-DALAIL:v1p154 …
NOTE quotes 28:15: window «عليه قال» in 48 segments, too common alone; the longer windows that contain it are used instead
quotes 28:15: «عدو مضل» in 2 segment(s): SAMARRAI-ASRAR:r3#3, SAMARRAI-LAMASAT-HALAQAT:p921
quotes 28:15: «مضل مبين» in 2 segment(s): SAMARRAI-ASRAR:r3#3, SAMARRAI-LAMASAT-HALAQAT:p921
quotes 28:15: «غفله من اهلها» in 5 segment(s): BURHAN:v4p284, IBNJAWZI-NUZHA:v1p254, IBNJAWZI-NUZHA:v1p560, ITQAN:v2p477, SAMARRAI-LAMASAT-HALAQAT:p921
quotes 28:15: «هاذا من شيعته» in 0 segment(s): 
quotes 28:15: «عليه قال هاذا» in 0 segment(s): 
quotes 28:15: «هاذا من عمل» in 1 segment(s): SAMARRAI-ASRAR:r3#3
quotes 28:15: «عمل الشيطان انه» in 2 segment(s): SAMARRAI-ASRAR:r3#3, SAMARRAI-LAMASAT-HALAQAT:p921
quotes 28:15: «الشيطان انه عدو» in 2 segment(s): SAMARRAI-ASRAR:r3#3, SAMARRAI-LAMASAT-HALAQAT:p921
quotes 28:19: 49 unique window(s): يبطش | اتريد | تقتلني | ان يبطش | يبطش بالذي | هو عدو | عدو لهما | لهما قال | ياموسيا اتريد | اتريد ان | ان تقتلني | تقتلني كما | كما قتلت | قتلت نفسا | نفسا بالامس | بالامس ان | ان تريد | تريد الا | تكون جبارا | جبارا في | وما تريد | تريد ان | من المصلحين | فلما ان اراد | اراد ان يبطش | ان يبطش بالذي | يبطش بالذي هو | بالذي هو عدو | هو عدو لهما | عدو لهما قال | لهما قال ياموسيا | قال ياموسيا اتريد | ياموسيا اتريد ان | اتريد ان تقتلني | ان تقتلني كما | تقتلني كما قتلت | كما قتلت نفسا | قتلت نفسا بالامس | نفسا بالامس ان | بالامس ان تريد | ان تريد الا | تريد الا ان | ان تكون جبارا | تكون جبارا في | جبارا في الارض | الارض وما تريد | وما تريد ان | تريد ان تكون | تكون من المصلحين
quotes 28:19: «يبطش» in 6 segment(s): BURHAN:v1p133, BURHAN:v3p13, MAJAZ:v2p402#2, NASHR:v2p341, SAMARRAI-ASRAR:r5#7, SAMARRAI-LAMASAT-HALAQAT:p921
quotes 28:19: «اتريد» in 2 segment(s): SAMARRAI-ASRAR:r5#7, SAMARRAI-LAMASAT-HALAQAT:p921
quotes 28:19: «تقتلني» in 2 segment(s): SAMARRAI-ASRAR:r5#7, SAMARRAI-LAMASAT-HALAQAT:p921
quotes 28:19: «هو عدو» in 2 segment(s): SAMARRAI-ASRAR:r5#7, SAMARRAI-LAMASAT-HALAQAT:p921
quotes 28:19: «عدو لهما» in 2 segment(s): SAMARRAI-ASRAR:r5#7, SAMARRAI-LAMASAT-HALAQAT:p921
quotes 28:19: «لهما قال» in 3 segment(s): ITQAN:v3p93, SAMARRAI-ASRAR:r5#7, SAMARRAI-LAMASAT-HALAQAT:p921
quotes 28:19: «كما قتلت» in 2 segment(s): SAMARRAI-ASRAR:r5#7, SAMARRAI-LAMASAT-HALAQAT:p921
quotes 28:19: «قتلت نفسا» in 2 segment(s): SAMARRAI-ASRAR:r5#7, SAMARRAI-LAMASAT-HALAQAT:p921
quotes 28:19: «نفسا بالامس» in 2 segment(s): SAMARRAI-ASRAR:r5#7, SAMARRAI-LAMASAT-HALAQAT:p921
quotes 28:19: «بالامس ان» in 1 segment(s): SAMARRAI-LAMASAT-HALAQAT:p921
quotes 28:19: «ان تريد» in 25 segment(s): BURHAN:v4p421, DAMGHANI:v1p100, JISHUMI:v1p537, JURJANI-ASRAR:v1p66, JURJANI-ASRAR:v1p148, JURJANI-ASRAR:v1p208, JURJANI-DALAIL:v1p66, JURJANI-DALAIL:v1p102, JURJANI-DALAIL:v1p215, JURJANI-DALAIL:v1p258, JURJANI-DALAIL:v1p265, JURJANI-DALAIL:v1p267 …
quotes 28:19: «تريد الا» in 6 segment(s): BINTSHATI-IJAZ:p396, BURHAN:v3p302, DAMGHANI:v1p100, SAMARRAI-LAMASAT-HALAQAT:p921, SIBAWAYH:وليسلكأنms015تقتصرعلىأحدالمفعوليندونالآخر|وذلكقولكحسبعبد#24, SIBAWAYH:(هذاباباستفعلت)#687
quotes 28:19: «تكون جبارا» in 2 segment(s): DAMGHANI:v1p100, SAMARRAI-LAMASAT-HALAQAT:p921
quotes 28:19: «جبارا في» in 2 segment(s): DAMGHANI:v1p100, SAMARRAI-LAMASAT-HALAQAT:p921
quotes 28:19: «وما تريد» in 3 segment(s): JURJANI-ASRAR:v1p10, NASHR:v2p416, SAMARRAI-LAMASAT-HALAQAT:p921
NOTE quotes 28:19: window «تريد ان» in 73 segments, too common alone; the longer windows that contain it are used instead
quotes 28:19: «من المصلحين» in 5 segment(s): BURHAN:v3p13, RIFAI-KHULI:c2, SAMARRAI-ASRAR-MUH:p125, SAMARRAI-LAMASAT-HALAQAT:p574, SAMARRAI-LAMASAT-HALAQAT:p921
quotes 28:19: «فلما ان اراد» in 4 segment(s): BURHAN:v1p133, BURHAN:v3p13, SAMARRAI-ASRAR:r5#7, SAMARRAI-LAMASAT-HALAQAT:p921
quotes 28:19: «تريد ان تكون» in 1 segment(s): SAMARRAI-LAMASAT-HALAQAT:p921
quotes 28:20: 27 unique window(s): ياتمرون | ليقتلوك | وجا رجل | المدينه يسعيا | ان الملا | الملا ياتمرون | ياتمرون بك | بك ليقتلوك | ليقتلوك فاخرج | فاخرج اني | اني لك | من الناصحين | وجا رجل من | رجل من اقصا | اقصا المدينه يسعيا | المدينه يسعيا قال | يسعيا قال ياموسيا | قال ياموسيا ان | ياموسيا ان الملا | ان الملا ياتمرون | الملا ياتمرون بك | ياتمرون بك ليقتلوك | بك ليقتلوك فاخرج | ليقتلوك فاخرج اني | فاخرج اني لك | اني لك من | لك من الناصحين
quotes 28:20: «ياتمرون» in 3 segment(s): MAJAZ:v2p401, SAMARRAI-LAMASAT-HALAQAT:p756, SAMARRAI-LAMASAT-HALAQAT:p1102
quotes 28:20: «ليقتلوك» in 1 segment(s): SAMARRAI-LAMASAT-HALAQAT:p756
quotes 28:20: «وجا رجل» in 10 segment(s): BURHAN:v1p112#2, BURHAN:v4p90, DAMGHANI:v1p191, DAMGHANI:v1p237, IBNJAWZI-NUZHA:v1p328#2, IBNQUTAYBA-MUSHKIL:v1p274#2, ITQAN:v2p556, ITQAN:v4p391, SAMARRAI-LAMASAT-HALAQAT:p756, SAMARRAI-LAMASAT-HALAQAT:p1101
quotes 28:20: «المدينه يسعيا» in 0 segment(s): 
quotes 28:20: «ان الملا» in 3 segment(s): BINTSHATI-IJAZ:p47, SAMARRAI-LAMASAT-HALAQAT:p756, SAMARRAI-LAMASAT-HALAQAT:p1102
quotes 28:20: «فاخرج اني» in 2 segment(s): SAMARRAI-LAMASAT-HALAQAT:p756, SAMARRAI-LAMASAT-HALAQAT:p1102
quotes 28:20: «اني لك» in 9 segment(s): BURHAN:v4p249, DAMGHANI:v1p54, IBNJAWZI-NUZHA:v1p106, ITQAN:v2p455#2, SAMARRAI-ASRAR-MUH:p61, SAMARRAI-LAMASAT-HALAQAT:p512, SAMARRAI-LAMASAT-HALAQAT:p646, SAMARRAI-LAMASAT-HALAQAT:p756, SAMARRAI-LAMASAT-HALAQAT:p1102
quotes 28:20: «من الناصحين» in 3 segment(s): RAZI-FULL:v1p83#2, SAMARRAI-LAMASAT-HALAQAT:p756, SAMARRAI-LAMASAT-HALAQAT:p1102
quotes 28:20: «رجل من اقصا» in 1 segment(s): IBNJAWZI-NUZHA:v1p328#2
quotes 28:20: «يسعيا قال ياموسيا» in 0 segment(s): 
quotes 28:20: «قال ياموسيا ان» in 0 segment(s): 
quotes 28:21: 11 unique window(s): فخرج منها | منها خايفا | يترقب قال | نجني من | فخرج منها خايفا | منها خايفا يترقب | خايفا يترقب قال | يترقب قال رب | قال رب نجني | رب نجني من | نجني من القوم
quotes 28:21: «فخرج منها» in 2 segment(s): SAMARRAI-LAMASAT:p92, SAMARRAI-LAMASAT-HALAQAT:p71
quotes 28:21: «منها خايفا» in 3 segment(s): BURHAN:v1p41, SAMARRAI-LAMASAT:p92, SAMARRAI-LAMASAT-HALAQAT:p71
quotes 28:21: «يترقب قال» in 0 segment(s): 
quotes 28:21: «نجني من» in 4 segment(s): SAMARRAI-LAMASAT:p93, SAMARRAI-LAMASAT:p110, SAMARRAI-LAMASAT-HALAQAT:p71, SAMARRAI-LAMASAT-HALAQAT:p89
quotes 28:21: «قال رب نجني» in 2 segment(s): SAMARRAI-LAMASAT:p93, SAMARRAI-LAMASAT-HALAQAT:p71
quotes 28:38: 36 unique window(s): فاوقد | فرعون ياايها | الملا ما | ما علمت | علمت لكم | الاه غيري | غيري فاوقد | فاوقد لي | لي ياهامان | ياهامان علي | علي الطين | الطين فاجعل | فاجعل لي | لعلي اطلع | اطلع اليا | لاظنه من | وقال فرعون ياايها | فرعون ياايها الملا | ياايها الملا ما | الملا ما علمت | ما علمت لكم | علمت لكم من | من الاه غيري | الاه غيري فاوقد | غيري فاوقد لي | فاوقد لي ياهامان | لي ياهامان علي | ياهامان علي الطين | علي الطين فاجعل | الطين فاجعل لي | فاجعل لي صرحا | صرحا لعلي اطلع | لعلي اطلع اليا | اطلع اليا الاه | واني لاظنه من | لاظنه من الكاذبين
quotes 28:38: «فاوقد» in 1 segment(s): ITQAN:v4p335
quotes 28:38: «فرعون ياايها» in 0 segment(s): 
quotes 28:38: «الملا ما» in 0 segment(s): 
quotes 28:38: «ما علمت» in 12 segment(s): BAQILLANI:v1p52, BAQILLANI:v1p215, BURHAN:v2p459, BURHAN:v2p463, BURHAN:v3p78, JURJANI-ASRAR:v1p267, JURJANI-DALAIL:v1p137, JURJANI-DALAIL:v1p267, SIBAWAYH:فمنثمذكرعلىحدتهولميذكرمعالأولولايجوزفيهالاقتصارعلى#34, SIBAWAYH:وذلكقولكماأتانيأحدإلازيداومامررتبأحدإلازيدومارأيتأحدا#373, SIBAWAYH:(هذابابآخرأنفيهمخففة)#512, SIBAWAYH:(هذابابأو)#516
quotes 28:38: «علمت لكم» in 0 segment(s): 
quotes 28:38: «الاه غيري» in 0 segment(s): 
quotes 28:38: «لي ياهامان» in 0 segment(s): 
quotes 28:38: «ياهامان علي» in 0 segment(s): 
quotes 28:38: «علي الطين» in 1 segment(s): ITQAN:v4p335
quotes 28:38: «الطين فاجعل» in 0 segment(s): 
quotes 28:38: «فاجعل لي» in 0 segment(s): 
quotes 28:38: «لعلي اطلع» in 3 segment(s): NASHR:v2p163#2, SAMARRAI-LAMASAT:p94, SAMARRAI-LAMASAT-HALAQAT:p73
quotes 28:38: «اطلع اليا» in 0 segment(s): 
quotes 28:38: «لاظنه من» in 0 segment(s): 
quotes 28:64: 13 unique window(s): وقيل ادعوا | شركاكم فدعوهم | لهم وراوا | كانوا يهتدون | وقيل ادعوا شركاكم | ادعوا شركاكم فدعوهم | شركاكم فدعوهم فلم | يستجيبوا لهم وراوا | لهم وراوا العذاب | وراوا العذاب لو | العذاب لو انهم | لو انهم كانوا | انهم كانوا يهتدون
quotes 28:64: «وقيل ادعوا» in 1 segment(s): BURHAN:v3p185
quotes 28:64: «شركاكم فدعوهم» in 1 segment(s): BURHAN:v3p185
quotes 28:64: «لهم وراوا» in 1 segment(s): BURHAN:v3p185
quotes 28:64: «كانوا يهتدون» in 1 segment(s): BURHAN:v3p185
quotes 28:64: «وراوا العذاب لو» in 1 segment(s): BURHAN:v3p185
quotes 28:64: «العذاب لو انهم» in 1 segment(s): BURHAN:v3p185
quotes 28:64: «لو انهم كانوا» in 1 segment(s): BURHAN:v3p185
quotes 28:76: 48 unique window(s): فبغيا | الكنوز | لتنوا | بالعصبه | تفرح | الفرحين | ان قارون | قارون كان | موسيا فبغيا | فبغيا عليهم | عليهم واتيناه | من الكنوز | الكنوز ما | ما ان | ان مفاتحه | مفاتحه لتنوا | لتنوا بالعصبه | بالعصبه اولي | اولي القوه | القوه اذ | له قومه | قومه لا | لا تفرح | تفرح ان | يحب الفرحين | ان قارون كان | قارون كان من | من قوم موسيا | قوم موسيا فبغيا | موسيا فبغيا عليهم | فبغيا عليهم واتيناه | عليهم واتيناه من | واتيناه من الكنوز | من الكنوز ما | الكنوز ما ان | ما ان مفاتحه | ان مفاتحه لتنوا | مفاتحه لتنوا بالعصبه | لتنوا بالعصبه اولي | بالعصبه اولي القوه | اولي القوه اذ | القوه اذ قال | قال له قومه | له قومه لا | قومه لا تفرح | لا تفرح ان | تفرح ان الله | لا يحب الفرحين
quotes 28:76: «فبغيا» in 0 segment(s): 
quotes 28:76: «الكنوز» in 7 segment(s): BINTSHATI-IJAZ:p562, BURHAN:v3p439, BURHAN:v4p30, DAMGHANI:v1p91, DAMGHANI:v1p408, IBNJAWZI-NUZHA:v1p225, SIBAWAYH:(هذابابآخرمنأبوابإن)#507
quotes 28:76: «لتنوا» in 4 segment(s): IBNQUTAYBA-MUSHKIL:v1p125, IBNQUTAYBA-MUSHKIL:v1p127, ITQAN:v4p449, MAJAZ:v1p12
quotes 28:76: «بالعصبه» in 17 segment(s): BINTSHATI-IJAZ:p562, BINTSHATI-IJAZ:p563, BINTSHATI-IJAZ:p564, BURHAN:v1p382, BURHAN:v1p385, BURHAN:v3p287, BURHAN:v3p289, DAMGHANI:v1p344, DAMGHANI:v1p394, IBNJAWZI-NUZHA:v1p489, IBNQUTAYBA-MUSHKIL:v1p125, IBNQUTAYBA-MUSHKIL:v1p127 …
quotes 28:76: «تفرح» in 2 segment(s): BINTSHATI-IJAZ:p562, MAJAZ:v2p433#2
quotes 28:76: «الفرحين» in 3 segment(s): BINTSHATI-IJAZ:p562, DAMGHANI:v1p350, IBNQUTAYBA-MUSHKIL:v1p268
quotes 28:76: «ان قارون» in 2 segment(s): BINTSHATI-IJAZ:p562, BURHAN:v2p114
quotes 28:76: «قارون كان» in 2 segment(s): BINTSHATI-IJAZ:p562, BURHAN:v2p114
quotes 28:76: «عليهم واتيناه» in 1 segment(s): BINTSHATI-IJAZ:p562
quotes 28:76: «ما ان» in 36 segment(s): BAQILLANI:v1p105, BAQILLANI:v1p207, BAQILLANI:v1p229, BINTSHATI-IJAZ:p51, BINTSHATI-IJAZ:p78, BINTSHATI-IJAZ:p124, BINTSHATI-IJAZ:p412, BINTSHATI-IJAZ:p562, BINTSHATI-IJAZ:p563, BINTSHATI-IJAZ:p564, BURHAN:v1p382, BURHAN:v3p287 …
quotes 28:76: «ان مفاتحه» in 11 segment(s): BINTSHATI-IJAZ:p562, BINTSHATI-IJAZ:p563, BURHAN:v1p382, BURHAN:v3p287, DAMGHANI:v1p344, DAMGHANI:v1p408, IBNQUTAYBA-MUSHKIL:v1p125, IBNQUTAYBA-MUSHKIL:v1p127, ITQAN:v3p102, MAJAZ:v1p12, SIBAWAYH:(هذابابآخرمنأبوابإن)#507
quotes 28:76: «اولي القوه» in 7 segment(s): BINTSHATI-IJAZ:p562, BINTSHATI-IJAZ:p564, BURHAN:v1p382, DAMGHANI:v1p394, IBNJAWZI-NUZHA:v1p489, IBNQUTAYBA-MUSHKIL:v1p125, SIBAWAYH:(هذابابآخرمنأبوابإن)#507
quotes 28:76: «القوه اذ» in 1 segment(s): BINTSHATI-IJAZ:p562
quotes 28:76: «له قومه» in 1 segment(s): BINTSHATI-IJAZ:p562
quotes 28:76: «قومه لا» in 3 segment(s): BINTSHATI-IJAZ:p562, BURHAN:v3p31, SIBAWAYH:(هذابابمايرتفعبينالجزمينوينجزمبينهما)#488
quotes 28:76: «من قوم موسيا» in 0 segment(s): 
quotes 28:77: 34 unique window(s): نصيبك | وابتغ فيما | فيما اتياك | اتياك الله | الله الدار | ولا تنس | تنس نصيبك | نصيبك من | من الدنيا | الدنيا واحسن | واحسن كما | كما احسن | اليك ولا | ولا تبغ | تبغ الفساد | وابتغ فيما اتياك | فيما اتياك الله | اتياك الله الدار | الله الدار الاخره | الدار الاخره ولا | الاخره ولا تنس | ولا تنس نصيبك | تنس نصيبك من | نصيبك من الدنيا | من الدنيا واحسن | الدنيا واحسن كما | واحسن كما احسن | كما احسن الله | احسن الله اليك | الله اليك ولا | اليك ولا تبغ | ولا تبغ الفساد | تبغ الفساد في | الارض ان الله
quotes 28:77: «نصيبك» in 2 segment(s): BAQILLANI:v1p193, IBNJAWZI-NUZHA:v1p631#2
quotes 28:77: «وابتغ فيما» in 1 segment(s): BAQILLANI:v1p193
quotes 28:77: «فيما اتياك» in 0 segment(s): 
quotes 28:77: «اتياك الله» in 0 segment(s): 
quotes 28:77: «الله الدار» in 1 segment(s): BAQILLANI:v1p193
quotes 28:77: «ولا تنس» in 2 segment(s): BAQILLANI:v1p193, IBNJAWZI-NUZHA:v1p631#2
quotes 28:77: «من الدنيا» in 25 segment(s): BAQILLANI:v1p132#2, BAQILLANI:v1p133, BAQILLANI:v1p145#2, BAQILLANI:v1p193, BINTSHATI-IJAZ:p490, BINTSHATI-IJAZ:p493, BURHAN:v1p281, BURHAN:v1p415, BURHAN:v3p373, BURHAN:v4p6, IBNJAWZI-NUZHA:v1p492, IBNJAWZI-NUZHA:v1p631#2 …
quotes 28:77: «الدنيا واحسن» in 1 segment(s): BAQILLANI:v1p193
quotes 28:77: «واحسن كما» in 2 segment(s): BAQILLANI:v1p193, SAMARRAI-LAMASAT-HALAQAT:p862
quotes 28:77: «كما احسن» in 2 segment(s): BAQILLANI:v1p193, SAMARRAI-LAMASAT-HALAQAT:p862
quotes 28:77: «اليك ولا» in 6 segment(s): BAQILLANI:v1p98, BAQILLANI:v1p193, BURHAN:v1p48, KHATTABI:v1p50, NASHR:v1p304#2, SIBAWAYH:(هذاباباختلافالعربفيتحريكالآخرلأنهلايستقيمأنيسكنهو#647
quotes 28:77: «ولا تبغ» in 1 segment(s): BAQILLANI:v1p193
quotes 28:77: «تبغ الفساد» in 1 segment(s): BAQILLANI:v1p193
quotes 28:77: «الدار الاخره ولا» in 1 segment(s): BAQILLANI:v1p193
quotes 28:77: «احسن الله اليك» in 2 segment(s): BAQILLANI:v1p193, SAMARRAI-LAMASAT-HALAQAT:p862
quotes 28:77: «الارض ان الله» in 1 segment(s): BAQILLANI:v1p193
quotes 28:78: 32 unique window(s): علم عندي | عندي اولم | اولم يعلم | يعلم ان | قد اهلك | اهلك من | اشد منه | منه قوه | واكثر جمعا | جمعا ولا | عن ذنوبهم | ذنوبهم المجرمون | عليا علم عندي | علم عندي اولم | عندي اولم يعلم | اولم يعلم ان | يعلم ان الله | الله قد اهلك | قد اهلك من | اهلك من قبله | قبله من القرون | القرون من هو | من هو اشد | هو اشد منه | اشد منه قوه | منه قوه واكثر | قوه واكثر جمعا | واكثر جمعا ولا | جمعا ولا يسل | ولا يسل عن | يسل عن ذنوبهم | عن ذنوبهم المجرمون
quotes 28:78: «علم عندي» in 1 segment(s): IBNJAWZI-NUZHA:v1p453
quotes 28:78: «عندي اولم» in 3 segment(s): NASHR:v2p163#2, NASHR:v2p164, NASHR:v2p342
quotes 28:78: «اولم يعلم» in 0 segment(s): 
NOTE quotes 28:78: window «يعلم ان» in 56 segments, too common alone; the longer windows that contain it are used instead
quotes 28:78: «قد اهلك» in 0 segment(s): 
quotes 28:78: «اهلك من» in 4 segment(s): BAQILLANI:v1p209, BURHAN:v1p41, BURHAN:v3p30, TAB-FULL:v1p23
quotes 28:78: «اشد منه» in 4 segment(s): ITQAN:v1p273, ITQAN:v3p218, JISHUMI:v1p474, SAMARRAI-ASRAR:r7#6
quotes 28:78: «منه قوه» in 1 segment(s): IBNQUTAYBA-MUSHKIL:v1p21
quotes 28:78: «واكثر جمعا» in 0 segment(s): 
quotes 28:78: «جمعا ولا» in 1 segment(s): SIBAWAYH:(هذابابتحقيرمالميكسرعليهواحدللجمعولكنهشيءواحديقععلى#634
quotes 28:78: «عن ذنوبهم» in 3 segment(s): BURHAN:v4p24, IBNQUTAYBA-MUSHKIL:v1p46, ITQAN:v2p547#2
quotes 28:78: «ذنوبهم المجرمون» in 3 segment(s): BURHAN:v4p24, IBNQUTAYBA-MUSHKIL:v1p46, ITQAN:v2p547#2
quotes 28:78: «يعلم ان الله» in 2 segment(s): IBNQUTAYBA-MUSHKIL:v1p281, JISHUMI:v1p615
quotes 28:78: «قبله من القرون» in 0 segment(s): 
quotes 28:78: «القرون من هو» in 0 segment(s): 
quotes 28:78: «من هو اشد» in 2 segment(s): IBNHIBBAN:784, JURJANI-DALAIL:v1p115
quotes 28:78: «ولا يسل عن» in 0 segment(s): 
quotes 28:81: 16 unique window(s): فخسفنا | وبداره | المنتصرين | فخسفنا به | به وبداره | وبداره الارض | من المنتصرين | فخسفنا به وبداره | به وبداره الارض | وبداره الارض فما | الارض فما كان | فما كان له | كان له من | له من فيه | من فيه ينصرونه | كان من المنتصرين
quotes 28:81: «فخسفنا» in 4 segment(s): BAQILLANI:v1p193, BINTSHATI-IJAZ:p116, SIBAWAYH:(هذابابماتكسرفيهالهاءالتيهيعلامةالإضمار)#742, ZAJJAJ:v1p49
quotes 28:81: «وبداره» in 3 segment(s): BAQILLANI:v1p193, BINTSHATI-IJAZ:p116, NASHR:v1p416
quotes 28:81: «المنتصرين» in 2 segment(s): BAQILLANI:v1p193, BINTSHATI-IJAZ:p116
quotes 28:81: «الارض فما كان» in 2 segment(s): BAQILLANI:v1p193, BINTSHATI-IJAZ:p116
quotes 28:81: «فما كان له» in 3 segment(s): BAQILLANI:v1p193, BINTSHATI-IJAZ:p116, MUSNAD-AHMAD:19778
quotes 28:81: «كان له من» in 29 segment(s): ABUDAWUD:4609, BAQILLANI:v1p193, BAQILLANI:v1p276, BINTSHATI-IJAZ:p116, BINTSHATI-IJAZ:p118, HAMASA:v1p712, IBNHIBBAN:112, IBNHIBBAN:v5p507, IBNHIBBAN:6351, IBNMAJAH:206, IBNMAJAH:2528, JURJANI-DALAIL:v1p235 …
quotes 28:81: «له من فيه» in 2 segment(s): BAQILLANI:v1p193, BINTSHATI-IJAZ:p116
quotes 28:81: «من فيه ينصرونه» in 2 segment(s): BAQILLANI:v1p193, BINTSHATI-IJAZ:p116
quotes 29:16: 8 unique window(s): وابراهيم اذ | لقومه اعبدوا | واتقوه ذالكم | وابراهيم اذ قال | قال لقومه اعبدوا | لقومه اعبدوا الله | الله واتقوه ذالكم | واتقوه ذالكم خير
quotes 29:16: «وابراهيم اذ» in 0 segment(s): 
quotes 29:16: «لقومه اعبدوا» in 0 segment(s): 
quotes 29:16: «واتقوه ذالكم» in 0 segment(s): 
quotes 29:17: 32 unique window(s): وتخلقون | افكا | فابتغوا | واعبدوه | انما تعبدون | اوثانا وتخلقون | وتخلقون افكا | افكا ان | يملكون لكم | لكم رزقا | رزقا فابتغوا | فابتغوا عند | الرزق واعبدوه | واعبدوه واشكروا | له اليه | انما تعبدون من | الله اوثانا وتخلقون | اوثانا وتخلقون افكا | وتخلقون افكا ان | افكا ان الذين | ان الذين تعبدون | لا يملكون لكم | يملكون لكم رزقا | لكم رزقا فابتغوا | رزقا فابتغوا عند | فابتغوا عند الله | عند الله الرزق | الله الرزق واعبدوه | الرزق واعبدوه واشكروا | واعبدوه واشكروا له | واشكروا له اليه | له اليه ترجعون
quotes 29:17: «وتخلقون» in 11 segment(s): BAQILLANI:v1p100, BINTSHATI-IJAZ:p402, BURHAN:v2p49, BURHAN:v3p322#2, IBNJAWZI-NUZHA:v1p283, IBNQUTAYBA-MUSHKIL:v1p273#2, ITQAN:v2p325#3, ITQAN:v3p80#2, SAMARRAI-ASRAR:r4#3, SAMARRAI-ASRAR-MUH:p39, SAMARRAI-LAMASAT-HALAQAT:p490
quotes 29:17: «افكا» in 16 segment(s): BAQILLANI:v1p100, BINTSHATI-IJAZ:p402, BURHAN:v2p49, BURHAN:v3p322#2, DAMGHANI:v1p162, IBNASHUR-FULL:v1p46, IBNJAWZI-NUZHA:v1p137, IBNJAWZI-NUZHA:v1p283, IBNQUTAYBA-MUSHKIL:v1p273#2, ITQAN:v2p325#3, ITQAN:v3p80#2, JISHUMI:v1p676#2 …
quotes 29:17: «فابتغوا» in 5 segment(s): BURHAN:v2p484, BURHAN:v4p99, SAMARRAI-ASRAR:r4#3, SAMARRAI-ASRAR-MUH:p39, SAMARRAI-LAMASAT-HALAQAT:p490
quotes 29:17: «واعبدوه» in 3 segment(s): BURHAN:v2p484, SAMARRAI-ASRAR-MUH:p39, SAMARRAI-LAMASAT-HALAQAT:p490
quotes 29:17: «انما تعبدون» in 5 segment(s): BAQILLANI:v1p100, BURHAN:v3p322#2, SAMARRAI-ASRAR:r4#3, SAMARRAI-ASRAR-MUH:p39, SAMARRAI-LAMASAT-HALAQAT:p490
quotes 29:17: «يملكون لكم» in 4 segment(s): BURHAN:v4p99, SAMARRAI-ASRAR:r4#3, SAMARRAI-ASRAR-MUH:p39, SAMARRAI-LAMASAT-HALAQAT:p490
quotes 29:17: «لكم رزقا» in 4 segment(s): BURHAN:v4p99, SAMARRAI-ASRAR:r4#3, SAMARRAI-ASRAR-MUH:p39, SAMARRAI-LAMASAT-HALAQAT:p490
quotes 29:17: «له اليه» in 5 segment(s): BURHAN:v2p484, JISHUMI:v1p887, JURJANI-ASRAR:v1p123, SAMARRAI-ASRAR-MUH:p39, SAMARRAI-LAMASAT-HALAQAT:p490
quotes 29:17: «ان الذين تعبدون» in 3 segment(s): SAMARRAI-ASRAR:r4#3, SAMARRAI-ASRAR-MUH:p39, SAMARRAI-LAMASAT-HALAQAT:p490
quotes 29:17: «عند الله الرزق» in 5 segment(s): BURHAN:v2p484, BURHAN:v4p99, SAMARRAI-ASRAR:r4#3, SAMARRAI-ASRAR-MUH:p39, SAMARRAI-LAMASAT-HALAQAT:p490
quotes 29:29: 25 unique window(s): وتقطعون | وتاتون | ناديكم | الرجال وتقطعون | وتقطعون السبيل | السبيل وتاتون | وتاتون في | في ناديكم | ناديكم المنكر | المنكر فما | قالوا ايتنا | بعذاب الله | لتاتون الرجال وتقطعون | الرجال وتقطعون السبيل | وتقطعون السبيل وتاتون | السبيل وتاتون في | وتاتون في ناديكم | في ناديكم المنكر | ناديكم المنكر فما | المنكر فما كان | ان قالوا ايتنا | قالوا ايتنا بعذاب | ايتنا بعذاب الله | بعذاب الله ان | الله ان كنت
quotes 29:29: «وتقطعون» in 5 segment(s): BINTSHATI-IJAZ:p327, IBNJAWZI-NUZHA:v1p502, ITQAN:v1p183, SAMARRAI-ASRAR:r5#7, SAMARRAI-LAMASAT-HALAQAT:p922
quotes 29:29: «وتاتون» in 6 segment(s): BINTSHATI-IJAZ:p327, DAMGHANI:v1p15, IBNJAWZI-NUZHA:v1p165, ITQAN:v4p523#4, SAMARRAI-ASRAR:r5#7, SAMARRAI-LAMASAT-HALAQAT:p922
quotes 29:29: «ناديكم» in 6 segment(s): BINTSHATI-IJAZ:p327, DAMGHANI:v1p15, IBNJAWZI-NUZHA:v1p165, ITQAN:v4p523#4, SAMARRAI-ASRAR:r5#7, SAMARRAI-LAMASAT-HALAQAT:p922
quotes 29:29: «المنكر فما» in 1 segment(s): BINTSHATI-IJAZ:p327
quotes 29:29: «قالوا ايتنا» in 3 segment(s): BINTSHATI-IJAZ:p327, NASHR:v1p429, SAMARRAI-LAMASAT-HALAQAT:p922
quotes 29:29: «بعذاب الله» in 3 segment(s): BINTSHATI-IJAZ:p327, SAMARRAI-ASRAR:r5#7, SAMARRAI-LAMASAT-HALAQAT:p922
quotes 29:29: «الله ان كنت» in 15 segment(s): BINTSHATI-IJAZ:p327, BUKHARI:3677, BUKHARI:3685, BUKHARI:4039, IBNHIBBAN:5049, IBNHISHAM:v2p661, IBNMAJAH:98, MUSLIM:6187, MUSLIM:7299, MUSNAD-AHMAD:898, MUSNAD-AHMAD:15844, MUSNAD-AHMAD:18962 …
quotes 29:45: 23 unique window(s): تنهيا | ولذكر | تصنعون | الكتاب واقم | الصلواه تنهيا | تنهيا عن | والمنكر ولذكر | ولذكر الله | اكبر والله | ما تصنعون | اتل ما اوحي | من الكتاب واقم | الكتاب واقم الصلواه | واقم الصلواه ان | ان الصلواه تنهيا | الصلواه تنهيا عن | تنهيا عن الفحشا | الفحشا والمنكر ولذكر | والمنكر ولذكر الله | ولذكر الله اكبر | الله اكبر والله | اكبر والله يعلم | يعلم ما تصنعون
quotes 29:45: «تنهيا» in 0 segment(s): 
quotes 29:45: «ولذكر» in 8 segment(s): BINTSHATI-IJAZ:p159, BINTSHATI-IJAZ:p177, BURHAN:v3p152, IBNJAWZI-NUZHA:v1p519, ITQAN:v2p415, JISHUMI:v1p731, NASHR:v2p39, NASHR:v2p116
quotes 29:45: «تصنعون» in 4 segment(s): BINTSHATI-IJAZ:p159, BINTSHATI-IJAZ:p177, BURHAN:v4p332, ITQAN:v2p325#3
quotes 29:45: «الكتاب واقم» in 2 segment(s): BINTSHATI-IJAZ:p159, BINTSHATI-IJAZ:p177
quotes 29:45: «اكبر والله» in 2 segment(s): BINTSHATI-IJAZ:p159, BINTSHATI-IJAZ:p177
quotes 29:45: «اتل ما اوحي» in 3 segment(s): BINTSHATI-IJAZ:p159, BINTSHATI-IJAZ:p177, BURHAN:v1p388#2
quotes 29:45: «واقم الصلواه ان» in 0 segment(s): 
quotes 30:11: 3 unique window(s): يعيده ثم | ثم يعيده ثم | يعيده ثم اليه
quotes 30:11: «يعيده ثم» in 0 segment(s): 
quotes 31:10: 12 unique window(s): ترونها والقيا | بكم وبث | دابه وانزلنا | خلق السماوات بغير | عمد ترونها والقيا | ترونها والقيا في | تميد بكم وبث | بكم وبث فيها | كل دابه وانزلنا | دابه وانزلنا من | ما فانبتنا فيها | فانبتنا فيها من
quotes 31:10: «ترونها والقيا» in 0 segment(s): 
quotes 31:10: «بكم وبث» in 2 segment(s): SAMARRAI-LAMASAT-HALAQAT:p725, SAMARRAI-LAMASAT-HALAQAT:p856
quotes 31:10: «دابه وانزلنا» in 2 segment(s): SAMARRAI-LAMASAT-HALAQAT:p725, SAMARRAI-LAMASAT-HALAQAT:p856
quotes 31:10: «خلق السماوات بغير» in 3 segment(s): NASHR:v2p402#2, SAMARRAI-LAMASAT-HALAQAT:p725, SAMARRAI-LAMASAT-HALAQAT:p856
quotes 31:10: «ما فانبتنا فيها» in 2 segment(s): SAMARRAI-LAMASAT-HALAQAT:p725, SAMARRAI-LAMASAT-HALAQAT:p856
quotes 31:10: «فانبتنا فيها من» in 2 segment(s): SAMARRAI-LAMASAT-HALAQAT:p725, SAMARRAI-LAMASAT-HALAQAT:p856
quotes 31:11: 18 unique window(s): فاروني | هاذا خلق | الله فاروني | فاروني ماذا | ماذا خلق | خلق الذين | دونه بل | بل الظالمون | هاذا خلق الله | خلق الله فاروني | الله فاروني ماذا | فاروني ماذا خلق | ماذا خلق الذين | خلق الذين من | من دونه بل | دونه بل الظالمون | بل الظالمون في | الظالمون في ضلال
quotes 31:11: «فاروني» in 1 segment(s): ITQAN:v2p557
quotes 31:11: «هاذا خلق» in 0 segment(s): 
quotes 31:11: «ماذا خلق» in 1 segment(s): ITQAN:v2p557
quotes 31:11: «خلق الذين» in 1 segment(s): ITQAN:v2p557
quotes 31:11: «دونه بل» in 1 segment(s): BURHAN:v3p268#2
quotes 31:11: «بل الظالمون» in 0 segment(s): 
quotes 31:11: «الظالمون في ضلال» in 0 segment(s): 
quotes 31:13: 25 unique window(s): لابنه | يعظه | الشرك | لظلم | قال لقمان | لقمان لابنه | لابنه وهو | وهو يعظه | يعظه يابني | تشرك بالله | ان الشرك | الشرك لظلم | لظلم عظيم | واذ قال لقمان | قال لقمان لابنه | لقمان لابنه وهو | لابنه وهو يعظه | وهو يعظه يابني | يعظه يابني لا | يابني لا تشرك | لا تشرك بالله | تشرك بالله ان | بالله ان الشرك | ان الشرك لظلم | الشرك لظلم عظيم
quotes 31:13: «لابنه» in 13 segment(s): BAQILLANI:v1p279, BINTSHATI-IJAZ:p493, BURHAN:v2p183, IBNASHUR-FULL:v1p49, IBNQUTAYBA-MUSHKIL:v1p157, IBNQUTAYBA-MUSHKIL:v1p166, ITQAN:v4p391, JISHUMI:v1p752, NASHR:v1p230, SAMARRAI-LAMASAT-HALAQAT:p92, SAMARRAI-LAMASAT-HALAQAT:p97, SAMARRAI-LAMASAT-HALAQAT:p98 …
quotes 31:13: «يعظه» in 4 segment(s): NASHR:v1p230, SAMARRAI-LAMASAT-HALAQAT:p92, SAMARRAI-LAMASAT-HALAQAT:p97, SAMARRAI-LAMASAT-HALAQAT:p98
NOTE quotes 31:13: window «الشرك» in 123 segments, too common alone; the longer windows that contain it are used instead
quotes 31:13: «لظلم» in 16 segment(s): BURHAN:v1p13, BURHAN:v2p183, DAMGHANI:v1p306, IBNASHUR-FULL:v1p49, IBNATIYYA-FULL:v1p34, IBNQUTAYBA-MUSHKIL:v1p258, ITQAN:v1p89#2, ITQAN:v4p352, ITQAN:v4p462#2, ITQAN:v4p508, SAMARRAI-LAMASAT-HALAQAT:p92, SAMARRAI-LAMASAT-HALAQAT:p97 …
quotes 31:13: «قال لقمان» in 6 segment(s): BURHAN:v2p183, IBNQUTAYBA-MUSHKIL:v1p157, ITQAN:v4p391, NASHR:v1p230, SAMARRAI-LAMASAT-HALAQAT:p92, SAMARRAI-LAMASAT-HALAQAT:p97
quotes 31:13: «تشرك بالله» in 6 segment(s): BURHAN:v2p183, BURHAN:v3p42, SAMARRAI-LAMASAT-HALAQAT:p92, SAMARRAI-LAMASAT-HALAQAT:p97, SAMARRAI-LAMASAT-HALAQAT:p99, SAMARRAI-LAMASAT-HALAQAT:p101
quotes 31:13: «ان الشرك» in 18 segment(s): BURHAN:v1p13, BURHAN:v2p183, DAMGHANI:v1p306, IBNASHUR-FULL:v1p49, IBNJAWZI-NUZHA:v1p371, IBNQUTAYBA-MUSHKIL:v1p258, ITQAN:v1p89#2, ITQAN:v1p229#2, ITQAN:v4p352, ITQAN:v4p462#2, ITQAN:v4p508, NASHR:v1p230 …
quotes 31:13: «يابني لا تشرك» in 2 segment(s): NASHR:v1p230, NASHR:v2p346
quotes 31:16: 31 unique window(s): فتكن | صخره | يابني انها | انها ان | ان تك | تك مثقال | خردل فتكن | فتكن في | في صخره | صخره او | السماوات او | الارض يات | يات بها | بها الله | يابني انها ان | انها ان تك | ان تك مثقال | تك مثقال حبه | من خردل فتكن | خردل فتكن في | فتكن في صخره | في صخره او | صخره او في | او في السماوات | في السماوات او | السماوات او في | او في الارض | في الارض يات | الارض يات بها | يات بها الله | بها الله ان
quotes 31:16: «فتكن» in 3 segment(s): BURHAN:v1p83, SAMARRAI-LAMASAT-HALAQAT:p92, SAMARRAI-LAMASAT-HALAQAT:p650
quotes 31:16: «صخره» in 13 segment(s): BAQILLANI:v1p70, BINTSHATI-IJAZ:p412, BURHAN:v1p83, DAMGHANI:v1p372, DAMGHANI:v1p374, DAMGHANI:v1p450, ITQAN:v2p357, JURJANI-DALAIL:v1p347, RAZI-FULL:v1p30#2, RIFAI-KHULI:c1, SAMARRAI-LAMASAT-HALAQAT:p92, SAMARRAI-LAMASAT-HALAQAT:p650 …
quotes 31:16: «يابني انها» in 1 segment(s): SAMARRAI-ASRAR:r5
quotes 31:16: «انها ان» in 12 segment(s): BURHAN:v1p83, BURHAN:v2p250, BURHAN:v3p365, ITQAN:v2p533#3, ITQAN:v3p92, JISHUMI:v1p914, JURJANI-ASRAR:v1p345, NASHR:v2p323, SAMARRAI-ASRAR:r5, SAMARRAI-LAMASAT-HALAQAT:p92, SAMARRAI-LAMASAT-HALAQAT:p650, SIBAWAYH:(هذابابآخرمنأبوابإن)#508
quotes 31:16: «ان تك» in 13 segment(s): BINTSHATI-IJAZ:p376, BURHAN:v1p83, BURHAN:v1p407#2, BURHAN:v2p250, BURHAN:v3p365, IBNJAWZI-NUZHA:v1p137, IBNQUTAYBA-GHARIB:v1p30#4, IBNQUTAYBA-MUSHKIL:v1p103, ITQAN:v3p92, NASHR:v2p323, SAMARRAI-ASRAR:r5, SAMARRAI-LAMASAT-HALAQAT:p92 …
quotes 31:16: «تك مثقال» in 8 segment(s): BURHAN:v1p83, BURHAN:v1p407#2, BURHAN:v2p250, BURHAN:v3p365, NASHR:v2p323, SAMARRAI-ASRAR:r5, SAMARRAI-LAMASAT-HALAQAT:p92, SAMARRAI-LAMASAT-HALAQAT:p650
quotes 31:16: «السماوات او» in 3 segment(s): BURHAN:v1p83, SAMARRAI-LAMASAT-HALAQAT:p92, SAMARRAI-LAMASAT-HALAQAT:p650
quotes 31:16: «الارض يات» in 3 segment(s): BURHAN:v1p83, SAMARRAI-LAMASAT-HALAQAT:p92, SAMARRAI-LAMASAT-HALAQAT:p650
quotes 31:16: «يات بها» in 8 segment(s): BURHAN:v1p83, SAMARRAI-ASRAR:r3#4, SAMARRAI-LAMASAT:p106, SAMARRAI-LAMASAT-HALAQAT:p85, SAMARRAI-LAMASAT-HALAQAT:p92, SAMARRAI-LAMASAT-HALAQAT:p650, SAMARRAI-LAMASAT-HALAQAT:p738, SAMARRAI-LAMASAT-HALAQAT:p1107
quotes 31:16: «بها الله» in 3 segment(s): BURHAN:v1p83, SAMARRAI-LAMASAT-HALAQAT:p92, SAMARRAI-LAMASAT-HALAQAT:p650
quotes 31:16: «او في السماوات» in 3 segment(s): BURHAN:v1p83, SAMARRAI-LAMASAT-HALAQAT:p92, SAMARRAI-LAMASAT-HALAQAT:p650
quotes 31:16: «او في الارض» in 3 segment(s): BURHAN:v1p83, SAMARRAI-LAMASAT-HALAQAT:p92, SAMARRAI-LAMASAT-HALAQAT:p650
quotes 31:17: 19 unique window(s): يابني اقم | الصلواه وامر | وامر بالمعروف | بالمعروف وانه | وانه عن | المنكر واصبر | اصابك ان | يابني اقم الصلواه | اقم الصلواه وامر | الصلواه وامر بالمعروف | وامر بالمعروف وانه | بالمعروف وانه عن | وانه عن المنكر | عن المنكر واصبر | المنكر واصبر عليا | عليا ما اصابك | ما اصابك ان | اصابك ان ذالك | ان ذالك من
quotes 31:17: «يابني اقم» in 2 segment(s): NASHR:v2p289, NASHR:v2p346
quotes 31:17: «الصلواه وامر» in 0 segment(s): 
quotes 31:17: «وامر بالمعروف» in 8 segment(s): DAMGHANI:v1p37, DAMGHANI:v1p325, IBNJAWZI-NUZHA:v1p574, JURJANI-DALAIL:v1p243, RAZI-FULL:v1p67#2, SAMARRAI-LAMASAT-HALAQAT:p92, SAMARRAI-LAMASAT-HALAQAT:p1016, SAMARRAI-LAMASAT-HALAQAT:p1109
quotes 31:17: «بالمعروف وانه» in 4 segment(s): JURJANI-DALAIL:v1p243, SAMARRAI-LAMASAT-HALAQAT:p92, SAMARRAI-LAMASAT-HALAQAT:p1016, SAMARRAI-LAMASAT-HALAQAT:p1109
quotes 31:17: «وانه عن» in 6 segment(s): DAMGHANI:v1p37, IBNJAWZI-NUZHA:v1p544, JURJANI-DALAIL:v1p243, SAMARRAI-LAMASAT-HALAQAT:p92, SAMARRAI-LAMASAT-HALAQAT:p1016, SAMARRAI-LAMASAT-HALAQAT:p1109
quotes 31:17: «المنكر واصبر» in 4 segment(s): JURJANI-DALAIL:v1p243, SAMARRAI-LAMASAT-HALAQAT:p92, SAMARRAI-LAMASAT-HALAQAT:p1016, SAMARRAI-LAMASAT-HALAQAT:p1109
quotes 31:17: «اصابك ان» in 5 segment(s): JURJANI-DALAIL:v1p243, SAMARRAI-LAMASAT-HALAQAT:p92, SAMARRAI-LAMASAT-HALAQAT:p593, SAMARRAI-LAMASAT-HALAQAT:p1016, SAMARRAI-LAMASAT-HALAQAT:p1109
quotes 31:17: «عليا ما اصابك» in 0 segment(s): 
quotes 31:17: «ان ذالك من» in 0 segment(s): 
quotes 31:25: 0 unique window(s): 
quotes 31:26: 1 unique window(s): والارض ان الله
quotes 31:26: «والارض ان الله» in 3 segment(s): SAMARRAI-ASRAR-MUH:p8, SAMARRAI-LAMASAT-HALAQAT:p97, SAMARRAI-LAMASAT-HALAQAT:p459
quotes 31:27: 31 unique window(s): اقلام | يمده | ابحر | نفدت | ولو انما | انما في | شجره اقلام | اقلام والبحر | والبحر يمده | يمده من | بعده سبعه | سبعه ابحر | ابحر ما | ما نفدت | نفدت كلمات | كلمات الله | ولو انما في | انما في الارض | الارض من شجره | من شجره اقلام | شجره اقلام والبحر | اقلام والبحر يمده | والبحر يمده من | يمده من بعده | من بعده سبعه | بعده سبعه ابحر | سبعه ابحر ما | ابحر ما نفدت | ما نفدت كلمات | نفدت كلمات الله | كلمات الله ان
quotes 31:27: «اقلام» in 17 segment(s): BINTSHATI-IJAZ:p134, BINTSHATI-IJAZ:p171, BURHAN:v3p27, BURHAN:v3p53, BURHAN:v3p184, BURHAN:v4p365, BURHAN:v4p367, BURHAN:v4p369, BURHAN:v4p372, DAMGHANI:v1p30, ITQAN:v1p36, ITQAN:v2p507 …
quotes 31:27: «يمده» in 13 segment(s): BAQILLANI:v1p111, BINTSHATI-IJAZ:p171, BURHAN:v3p27, BURHAN:v3p184, BURHAN:v3p204, BURHAN:v4p369, ITQAN:v2p507, ITQAN:v4p336, JURJANI-DALAIL:v1p374, NASHR:v2p346, RAZI-FULL:v1p18, SAMARRAI-ASRAR:r5#7 …
quotes 31:27: «ابحر» in 13 segment(s): BINTSHATI-IJAZ:p171, BURHAN:v3p184, BURHAN:v3p204, BURHAN:v4p23, BURHAN:v4p117, BURHAN:v4p364, BURHAN:v4p365, IBNJAWZI-NUZHA:v1p197, ITQAN:v2p507, ITQAN:v4p336, RAZI-FULL:v1p18, SAMARRAI-LAMASAT-HALAQAT:p777 …
quotes 31:27: «نفدت» in 15 segment(s): BINTSHATI:v2p7, BINTSHATI:v2pdf194, BINTSHATI-IJAZ:p171, BURHAN:v3p184, BURHAN:v3p204, BURHAN:v4p367, BURHAN:v4p372, DAMGHANI:v1p405, DAMGHANI:v1p408, IBNJAWZI-NUZHA:v1p524, ITQAN:v2p507, ITQAN:v4p336 …
quotes 31:27: «ولو انما» in 12 segment(s): BINTSHATI-IJAZ:p171, BURHAN:v3p27, BURHAN:v3p53, BURHAN:v3p184, BURHAN:v4p367, BURHAN:v4p368, BURHAN:v4p369, BURHAN:v4p372, ITQAN:v1p36, ITQAN:v1p50, ITQAN:v2p507, ITQAN:v4p336
quotes 31:27: «انما في» in 20 segment(s): BINTSHATI-IJAZ:p171, BURHAN:v1p417, BURHAN:v3p27, BURHAN:v3p53, BURHAN:v3p184, BURHAN:v4p367, BURHAN:v4p368, BURHAN:v4p369, BURHAN:v4p372, ITQAN:v1p36, ITQAN:v1p50, ITQAN:v2p507 …
quotes 31:27: «بعده سبعه» in 8 segment(s): BINTSHATI-IJAZ:p171, BURHAN:v3p184, BURHAN:v3p204, BURHAN:v4p117, ITQAN:v2p507, ITQAN:v4p336, RAZI-FULL:v1p18, SIBAWAYH:(هذابابمايكونمحمولاعلىإن)#271
quotes 31:27: «كلمات الله» in 19 segment(s): BINTSHATI-IJAZ:p11, BINTSHATI-IJAZ:p35, BINTSHATI-IJAZ:p46, BINTSHATI-IJAZ:p55, BINTSHATI-IJAZ:p171, BURHAN:v3p53, BURHAN:v3p184, BURHAN:v3p204, BURHAN:v3p398, BURHAN:v4p364, BURHAN:v4p372, DAMGHANI:v1p405 …
quotes 31:27: «الارض من شجره» in 16 segment(s): BINTSHATI-IJAZ:p171, BURHAN:v3p27, BURHAN:v3p53, BURHAN:v3p184, BURHAN:v4p365, BURHAN:v4p367, BURHAN:v4p369, BURHAN:v4p372, DAMGHANI:v1p30, IBNHISHAM:v1p308#2, ITQAN:v1p36, ITQAN:v2p507 …
quotes 32:11: 13 unique window(s): قل يتوفياكم | يتوفياكم ملك | ملك الموت | الذي وكل | وكل بكم | بكم ثم | قل يتوفياكم ملك | يتوفياكم ملك الموت | ملك الموت الذي | الموت الذي وكل | الذي وكل بكم | وكل بكم ثم | بكم ثم اليا
quotes 32:11: «قل يتوفياكم» in 0 segment(s): 
quotes 32:11: «يتوفياكم ملك» in 0 segment(s): 
quotes 32:11: «ملك الموت» in 7 segment(s): BURHAN:v2p64, DAMGHANI:v1p490, IBNJAWZI-NUZHA:v1p213, IBNJAWZI-NUZHA:v1p594#2, ITQAN:v1p128, ITQAN:v4p391, SAMARRAI-ASRAR:r7#5
quotes 32:11: «الذي وكل» in 3 segment(s): DAMGHANI:v1p490, IBNJAWZI-NUZHA:v1p213, SAMARRAI-ASRAR:r7#5
quotes 32:11: «وكل بكم» in 3 segment(s): DAMGHANI:v1p490, IBNJAWZI-NUZHA:v1p213, SAMARRAI-ASRAR:r7#5
quotes 32:11: «بكم ثم» in 3 segment(s): BURHAN:v1p203#2, ITQAN:v3p67, SAMARRAI-ASRAR:r7#5
quotes 32:12: 29 unique window(s): ناكسوا | ابصرنا | وسمعنا | فارجعنا | موقنون | اذ المجرمون | المجرمون ناكسوا | ناكسوا روسهم | روسهم عند | ربهم ربنا | ربنا ابصرنا | ابصرنا وسمعنا | وسمعنا فارجعنا | فارجعنا نعمل | صالحا انا | انا موقنون | تريا اذ المجرمون | اذ المجرمون ناكسوا | المجرمون ناكسوا روسهم | ناكسوا روسهم عند | روسهم عند ربهم | عند ربهم ربنا | ربهم ربنا ابصرنا | ربنا ابصرنا وسمعنا | ابصرنا وسمعنا فارجعنا | وسمعنا فارجعنا نعمل | فارجعنا نعمل صالحا | نعمل صالحا انا | صالحا انا موقنون
quotes 32:12: «ناكسوا» in 1 segment(s): IBNQUTAYBA-MUSHKIL:v1p137
quotes 32:12: «ابصرنا» in 7 segment(s): BURHAN:v3p197, IBNQUTAYBA-MUSHKIL:v1p137, JISHUMI:v2p1086, SAMARRAI-ASRAR-MUH:p70, SAMARRAI-LAMASAT-HALAQAT:p47, SAMARRAI-LAMASAT-HALAQAT:p521, SAMARRAI-LAMASAT-HALAQAT:p702
NOTE quotes 32:12: window «وسمعنا» in 55 segments, too common alone; the longer windows that contain it are used instead
quotes 32:12: «فارجعنا» in 3 segment(s): SAMARRAI-ASRAR-MUH:p70, SAMARRAI-LAMASAT-HALAQAT:p521, SAMARRAI-LAMASAT-HALAQAT:p702
quotes 32:12: «موقنون» in 6 segment(s): IBNQUTAYBA-MUSHKIL:v1p83, NASHR:v2p463, SAMARRAI-ASRAR-MUH:p70, SAMARRAI-LAMASAT-HALAQAT:p47, SAMARRAI-LAMASAT-HALAQAT:p521, SAMARRAI-LAMASAT-HALAQAT:p702
quotes 32:12: «اذ المجرمون» in 11 segment(s): BURHAN:v2p219, BURHAN:v3p182, BURHAN:v3p197, IBNQUTAYBA-MUSHKIL:v1p137, ITQAN:v3p91, ITQAN:v3p171, JISHUMI:v2p1086, SAMARRAI-ASRAR-MUH:p70, SAMARRAI-LAMASAT-HALAQAT:p521, SAMARRAI-LAMASAT-HALAQAT:p702, SIBAWAYH:وذلكقولكهذاضاربزيداغدا|فمعناهوعملهمثلهذايضربزيداغدا|#73
quotes 32:12: «روسهم عند» in 2 segment(s): IBNQUTAYBA-MUSHKIL:v1p137, JISHUMI:v2p1086
quotes 32:12: «ربهم ربنا» in 6 segment(s): BURHAN:v3p197, IBNQUTAYBA-MUSHKIL:v1p137, JISHUMI:v2p1086, SAMARRAI-ASRAR-MUH:p70, SAMARRAI-LAMASAT-HALAQAT:p521, SAMARRAI-LAMASAT-HALAQAT:p702
quotes 32:12: «صالحا انا» in 3 segment(s): SAMARRAI-ASRAR-MUH:p70, SAMARRAI-LAMASAT-HALAQAT:p521, SAMARRAI-LAMASAT-HALAQAT:p702
quotes 32:21: 11 unique window(s): العذاب الادنيا | الادنيا دون | دون العذاب | الاكبر لعلهم | ولنذيقنهم من العذاب | من العذاب الادنيا | العذاب الادنيا دون | الادنيا دون العذاب | دون العذاب الاكبر | العذاب الاكبر لعلهم | الاكبر لعلهم يرجعون
quotes 32:21: «العذاب الادنيا» in 0 segment(s): 
quotes 32:21: «الادنيا دون» in 0 segment(s): 
quotes 32:21: «دون العذاب» in 5 segment(s): BAQILLANI:v1p265, DAMGHANI:v1p175, DAMGHANI:v1p186, IBNJAWZI-NUZHA:v1p119, RUMMANI:v1p93
quotes 32:21: «الاكبر لعلهم» in 0 segment(s): 
quotes 32:21: «ولنذيقنهم من العذاب» in 8 segment(s): BAQILLANI:v1p265, DAMGHANI:v1p175, DAMGHANI:v1p186, IBNJAWZI-NUZHA:v1p119, IBNJAWZI-NUZHA:v1p448, MUSLIM:7070, MUSNAD-AHMAD:21172, RUMMANI:v1p93
quotes 33:5: 39 unique window(s): ادعوهم | ومواليكم | اخطاتم | تعمدت | ادعوهم لابايهم | لابايهم هو | هو اقسط | تعلموا اباهم | اباهم فاخوانكم | الدين ومواليكم | ومواليكم وليس | وليس عليكم | فيما اخطاتم | اخطاتم به | به ولاكن | ولاكن ما | ما تعمدت | تعمدت قلوبكم | ادعوهم لابايهم هو | لابايهم هو اقسط | هو اقسط عند | عند الله فان | الله فان لم | فان لم تعلموا | لم تعلموا اباهم | تعلموا اباهم فاخوانكم | اباهم فاخوانكم في | في الدين ومواليكم | الدين ومواليكم وليس | ومواليكم وليس عليكم | وليس عليكم جناح | عليكم جناح فيما | جناح فيما اخطاتم | فيما اخطاتم به | اخطاتم به ولاكن | به ولاكن ما | ولاكن ما تعمدت | ما تعمدت قلوبكم | تعمدت قلوبكم وكان
quotes 33:5: «ادعوهم» in 4 segment(s): JISHUMI:v1p681, SAMARRAI-ASRAR-MUH:p89, SAMARRAI-LAMASAT-HALAQAT:p539, TAB-FULL:v1p18
quotes 33:5: «ومواليكم» in 3 segment(s): DAMGHANI:v1p498, SAMARRAI-ASRAR-MUH:p89, SAMARRAI-LAMASAT-HALAQAT:p539
quotes 33:5: «اخطاتم» in 4 segment(s): JURJANI-DALAIL:v1p44, SAMARRAI-ASRAR-MUH:p89, SAMARRAI-LAMASAT-HALAQAT:p539, SAMARRAI-LAMASAT-HALAQAT:p859
quotes 33:5: «تعمدت» in 3 segment(s): SAMARRAI-ASRAR-MUH:p89, SAMARRAI-LAMASAT-HALAQAT:p539, SIBAWAYH:(هذابابمالحقتهالزوائدمنبناتالثلاثةوألحقببناتالأربعةحتى#756
quotes 33:5: «لابايهم هو» in 3 segment(s): SAMARRAI-ASRAR-MUH:p89, SAMARRAI-LAMASAT-HALAQAT:p539, TAB-FULL:v1p18
quotes 33:5: «هو اقسط» in 3 segment(s): SAMARRAI-ASRAR-MUH:p89, SAMARRAI-LAMASAT-HALAQAT:p539, TAB-FULL:v1p18
quotes 33:5: «تعلموا اباهم» in 3 segment(s): DAMGHANI:v1p498, SAMARRAI-ASRAR-MUH:p89, SAMARRAI-LAMASAT-HALAQAT:p539
quotes 33:5: «اباهم فاخوانكم» in 3 segment(s): DAMGHANI:v1p498, SAMARRAI-ASRAR-MUH:p89, SAMARRAI-LAMASAT-HALAQAT:p539
quotes 33:5: «وليس عليكم» in 3 segment(s): SAMARRAI-ASRAR-MUH:p89, SAMARRAI-LAMASAT-HALAQAT:p539, SAMARRAI-LAMASAT-HALAQAT:p859
quotes 33:5: «به ولاكن» in 0 segment(s): 
quotes 33:5: «ولاكن ما» in 0 segment(s): 
quotes 33:5: «عند الله فان» in 7 segment(s): IBNHIBBAN:4215, MALIK:1284, MUSNAD-AHMAD:25650, NASAI:3223, SAMARRAI-ASRAR-MUH:p89, SAMARRAI-LAMASAT-HALAQAT:p539, TIRMIDHI:3207
quotes 33:5: «الله فان لم» in 8 segment(s): IBNHIBBAN:4215, MALIK:1284, MUSNAD-AHMAD:25650, NASAI:3223, NASAI:5399, SAMARRAI-ASRAR-MUH:p89, SAMARRAI-LAMASAT-HALAQAT:p539, TIRMIDHI:3207
quotes 33:5: «فان لم تعلموا» in 8 segment(s): DAMGHANI:v1p498, IBNHIBBAN:4215, MALIK:1284, MUSNAD-AHMAD:25650, NASAI:3223, SAMARRAI-ASRAR-MUH:p89, SAMARRAI-LAMASAT-HALAQAT:p539, TIRMIDHI:3207
quotes 33:5: «عليكم جناح فيما» in 3 segment(s): SAMARRAI-ASRAR-MUH:p89, SAMARRAI-LAMASAT-HALAQAT:p539, SAMARRAI-LAMASAT-HALAQAT:p859
quotes 33:43: 14 unique window(s): يصلي عليكم | عليكم وملايكته | وملايكته ليخرجكم | النور وكان | وكان بالمومنين | بالمومنين رحيما | هو الذي يصلي | الذي يصلي عليكم | يصلي عليكم وملايكته | عليكم وملايكته ليخرجكم | وملايكته ليخرجكم من | الي النور وكان | النور وكان بالمومنين | وكان بالمومنين رحيما
quotes 33:43: «يصلي عليكم» in 4 segment(s): DAMGHANI:v1p282, DAMGHANI:v1p309, IBNJAWZI-NUZHA:v1p393, IBNQUTAYBA-MUSHKIL:v1p255
quotes 33:43: «عليكم وملايكته» in 4 segment(s): DAMGHANI:v1p282, DAMGHANI:v1p309, IBNJAWZI-NUZHA:v1p393, IBNQUTAYBA-MUSHKIL:v1p255
quotes 33:43: «وملايكته ليخرجكم» in 1 segment(s): DAMGHANI:v1p309
quotes 33:43: «النور وكان» in 0 segment(s): 
quotes 33:43: «وكان بالمومنين» in 2 segment(s): BURHAN:v3p340, IBNJAWZI-ZAD:v1p9
quotes 33:43: «بالمومنين رحيما» in 2 segment(s): BURHAN:v3p340, IBNJAWZI-ZAD:v1p9
quotes 33:43: «هو الذي يصلي» in 4 segment(s): DAMGHANI:v1p282, DAMGHANI:v1p309, IBNJAWZI-NUZHA:v1p393, IBNQUTAYBA-MUSHKIL:v1p255
quotes 33:56: 20 unique window(s): صلوا | وسلموا | الله وملايكته | وملايكته يصلون | يصلون علي | النبي ياايها | امنوا صلوا | صلوا عليه | عليه وسلموا | وسلموا تسليما | ان الله وملايكته | الله وملايكته يصلون | وملايكته يصلون علي | يصلون علي النبي | علي النبي ياايها | النبي ياايها الذين | الذين امنوا صلوا | امنوا صلوا عليه | صلوا عليه وسلموا | عليه وسلموا تسليما
quotes 33:56: «صلوا» in 18 segment(s): ALUSI-FULL:v1p24, BINTSHATI-IJAZ:p80, BURHAN:v2p139, BURHAN:v3p255, DAMGHANI:v1p84, DAMGHANI:v1p389, DAMGHANI:v1p392, IBNJAWZI-NUZHA:v1p314, IBNJAWZI-NUZHA:v1p393, ITQAN:v1p65, ITQAN:v3p66, ITQAN:v4p510 …
quotes 33:56: «وسلموا» in 7 segment(s): ALUSI-FULL:v1p24, BURHAN:v2p391, BURHAN:v3p255, IBNJAWZI-NUZHA:v1p393, ITQAN:v3p7, ITQAN:v3p66, ITQAN:v3p178
quotes 33:56: «الله وملايكته» in 16 segment(s): ALUSI-FULL:v1p24, BURHAN:v3p133, BURHAN:v3p221, BURHAN:v3p230, BURHAN:v3p251#2, DAMGHANI:v1p282, DAMGHANI:v1p468, IBNJAWZI-NUZHA:v1p393, IBNQUTAYBA-MUSHKIL:v1p38, IBNQUTAYBA-MUSHKIL:v1p255, ITQAN:v2p412, ITQAN:v3p34 …
quotes 33:56: «وملايكته يصلون» in 13 segment(s): ALUSI-FULL:v1p24, BURHAN:v3p133, BURHAN:v3p221, BURHAN:v3p230, BURHAN:v3p251#2, DAMGHANI:v1p282, IBNJAWZI-NUZHA:v1p393, IBNQUTAYBA-MUSHKIL:v1p38, IBNQUTAYBA-MUSHKIL:v1p255, ITQAN:v2p412, ITQAN:v3p34, ITQAN:v3p66 …
quotes 33:56: «يصلون علي» in 12 segment(s): ALUSI-FULL:v1p24, BURHAN:v3p133, BURHAN:v3p221, BURHAN:v3p230, BURHAN:v3p251#2, DAMGHANI:v1p282, IBNJAWZI-NUZHA:v1p393, IBNQUTAYBA-MUSHKIL:v1p38, IBNQUTAYBA-MUSHKIL:v1p255, ITQAN:v2p412, ITQAN:v3p66, ITQAN:v3p162
quotes 33:56: «النبي ياايها» in 0 segment(s): 
quotes 34:24: 14 unique window(s): الله وانا | وانا او | او اياكم | اياكم لعليا | هدي او | يرزقكم من السماوات | قل الله وانا | الله وانا او | وانا او اياكم | او اياكم لعليا | اياكم لعليا هدي | لعليا هدي او | هدي او في | او في ضلال
quotes 34:24: «الله وانا» in 5 segment(s): IBNASHUR-FULL:v1p94, ITQAN:v1p99, JISHUMI:v1p505, SAMARRAI-LAMASAT-HALAQAT:p1100, SIBAWAYH:والأسماءالمبهمةهذاوهذانوهذهوهاتانوهؤلاءوذلكPageV02P077وذانك#232
quotes 34:24: «وانا او» in 14 segment(s): BAQILLANI:v1p271, BURHAN:v1p386#2, BURHAN:v2p313, BURHAN:v3p406, BURHAN:v4p174, BURHAN:v4p208, IBNQUTAYBA-MUSHKIL:v1p166, ITQAN:v2p425, ITQAN:v2p456, RUMMANI:v1p104#2, SAMARRAI-ASRAR:r7#7, SAMARRAI-LAMASAT-HALAQAT:p49 …
quotes 34:24: «او اياكم» in 14 segment(s): BAQILLANI:v1p271, BURHAN:v1p386#2, BURHAN:v2p313, BURHAN:v3p406, BURHAN:v4p174, BURHAN:v4p208, IBNQUTAYBA-MUSHKIL:v1p166, ITQAN:v2p425, ITQAN:v2p456, RUMMANI:v1p104#2, SAMARRAI-ASRAR:r7#7, SAMARRAI-LAMASAT-HALAQAT:p49 …
quotes 34:24: «اياكم لعليا» in 0 segment(s): 
quotes 34:24: «هدي او» in 13 segment(s): BAQILLANI:v1p271, BURHAN:v1p386#2, BURHAN:v2p313, BURHAN:v3p406, BURHAN:v4p174, IBNQUTAYBA-MUSHKIL:v1p166, ITQAN:v2p425, ITQAN:v2p456, RUMMANI:v1p104#2, SAMARRAI-ASRAR:r7#7, SAMARRAI-LAMASAT-HALAQAT:p49, SAMARRAI-LAMASAT-HALAQAT:p1099 …
quotes 34:24: «يرزقكم من السماوات» in 3 segment(s): BURHAN:v4p9, BURHAN:v4p48, SAMARRAI-LAMASAT-HALAQAT:p1099
quotes 34:24: «او في ضلال» in 14 segment(s): BAQILLANI:v1p271, BURHAN:v1p386#2, BURHAN:v2p313, BURHAN:v3p406, BURHAN:v4p174, HAMASA:v1p202, IBNQUTAYBA-MUSHKIL:v1p166, ITQAN:v2p425, ITQAN:v2p456, RUMMANI:v1p104#2, SAMARRAI-ASRAR:r7#7, SAMARRAI-LAMASAT-HALAQAT:p49 …
quotes 34:25: 13 unique window(s): اجرمنا | لا تسلون | عما اجرمنا | اجرمنا ولا | ولا نسل | نسل عما | قل لا تسلون | لا تسلون عما | تسلون عما اجرمنا | عما اجرمنا ولا | اجرمنا ولا نسل | ولا نسل عما | نسل عما تعملون
quotes 34:25: «اجرمنا» in 3 segment(s): BURHAN:v2p312, SAMARRAI-LAMASAT-HALAQAT:p1099, SAMARRAI-LAMASAT-HALAQAT:p1101
quotes 34:25: «لا تسلون» in 0 segment(s): 
quotes 34:25: «ولا نسل» in 0 segment(s): 
quotes 34:25: «نسل عما» in 0 segment(s): 
quotes 35:14: 32 unique window(s): بشرككم | ينبيك | ان تدعوهم | تدعوهم لا | يسمعوا دعاكم | دعاكم ولو | ولو سمعوا | ما استجابوا | استجابوا لكم | لكم ويوم | القيامه يكفرون | يكفرون بشرككم | بشرككم ولا | ولا ينبيك | ينبيك مثل | مثل خبير | ان تدعوهم لا | تدعوهم لا يسمعوا | لا يسمعوا دعاكم | يسمعوا دعاكم ولو | دعاكم ولو سمعوا | ولو سمعوا ما | سمعوا ما استجابوا | ما استجابوا لكم | استجابوا لكم ويوم | لكم ويوم القيامه | ويوم القيامه يكفرون | القيامه يكفرون بشرككم | يكفرون بشرككم ولا | بشرككم ولا ينبيك | ولا ينبيك مثل | ينبيك مثل خبير
quotes 35:14: «بشرككم» in 3 segment(s): BURHAN:v3p68#3, ITQAN:v3p198#2, NASHR:v1p220
quotes 35:14: «ينبيك» in 9 segment(s): BURHAN:v3p68#3, IBNASHUR-FULL:v1p121, ITQAN:v3p198#2, ITQAN:v4p347, JURJANI-ASRAR:v1p2, JURJANI-DALAIL:v1p88, JURJANI-DALAIL:v1p378, NASHR:v1p454, NASHR:v1p484
quotes 35:14: «ان تدعوهم» in 5 segment(s): BURHAN:v3p68#3, BURHAN:v3p147, BURHAN:v4p352, DAMGHANI:v1p173, IBNJAWZI-NUZHA:v1p292
quotes 35:14: «تدعوهم لا» in 5 segment(s): BURHAN:v3p68#3, BURHAN:v3p147, BURHAN:v4p352, DAMGHANI:v1p173, IBNJAWZI-NUZHA:v1p292
quotes 35:14: «يسمعوا دعاكم» in 5 segment(s): BURHAN:v3p68#3, BURHAN:v3p147, BURHAN:v4p352, DAMGHANI:v1p173, IBNJAWZI-NUZHA:v1p292
quotes 35:14: «دعاكم ولو» in 1 segment(s): BURHAN:v3p68#3
quotes 35:14: «ولو سمعوا» in 3 segment(s): BURHAN:v2p359, BURHAN:v3p68#3, BURHAN:v4p372
quotes 35:14: «ما استجابوا» in 3 segment(s): BURHAN:v2p359, BURHAN:v3p68#3, BURHAN:v4p372
quotes 35:14: «استجابوا لكم» in 3 segment(s): BURHAN:v2p359, BURHAN:v3p68#3, BURHAN:v4p372
quotes 35:14: «لكم ويوم» in 1 segment(s): BURHAN:v3p68#3
quotes 35:14: «القيامه يكفرون» in 2 segment(s): BURHAN:v3p68#3, ITQAN:v3p198#2
quotes 35:14: «مثل خبير» in 5 segment(s): BURHAN:v3p68#3, IBNASHUR-FULL:v1p121, ITQAN:v3p198#2, ITQAN:v4p347, JURJANI-DALAIL:v1p378
quotes 35:15: 9 unique window(s): الناس انتم | انتم الفقرا | الفقرا الي | ياايها الناس انتم | الناس انتم الفقرا | انتم الفقرا الي | الفقرا الي الله | الله والله هو | والله هو الغني
quotes 35:15: «الناس انتم» in 2 segment(s): BINTSHATI-IJAZ:p366, ITQAN:v3p222#2
quotes 35:15: «انتم الفقرا» in 3 segment(s): BINTSHATI-IJAZ:p366, BINTSHATI-IJAZ:p428, ITQAN:v3p222#2
quotes 35:15: «الفقرا الي» in 4 segment(s): BINTSHATI-IJAZ:p366, BINTSHATI-IJAZ:p428, ITQAN:v3p222#2, NASHR:v1p387
quotes 35:15: «الله والله هو» in 1 segment(s): BINTSHATI-IJAZ:p366
quotes 35:15: «والله هو الغني» in 1 segment(s): BINTSHATI-IJAZ:p366
quotes 35:37: 39 unique window(s): يصطرخون | نعمركم | وجاكم | وهم يصطرخون | يصطرخون فيها | فيها ربنا | اخرجنا نعمل | صالحا غير | نعمل اولم | اولم نعمركم | نعمركم ما | ما يتذكر | يتذكر فيه | من تذكر | تذكر وجاكم | وجاكم النذير | النذير فذوقوا | فذوقوا فما | فما للظالمين | وهم يصطرخون فيها | يصطرخون فيها ربنا | فيها ربنا اخرجنا | ربنا اخرجنا نعمل | اخرجنا نعمل صالحا | نعمل صالحا غير | صالحا غير الذي | كنا نعمل اولم | نعمل اولم نعمركم | اولم نعمركم ما | نعمركم ما يتذكر | ما يتذكر فيه | يتذكر فيه من | فيه من تذكر | من تذكر وجاكم | تذكر وجاكم النذير | وجاكم النذير فذوقوا | النذير فذوقوا فما | فذوقوا فما للظالمين | فما للظالمين من
quotes 35:37: «يصطرخون» in 6 segment(s): BURHAN:v3p34, ITQAN:v3p236#3, SAMARRAI-ASRAR:r5#7, SAMARRAI-ASRAR-MUH:p89, SAMARRAI-LAMASAT-HALAQAT:p539, SAMARRAI-LAMASAT-HALAQAT:p1052
quotes 35:37: «نعمركم» in 5 segment(s): BAQILLANI:v1p288, BURHAN:v4p3, ITQAN:v3p212, ITQAN:v4p525#2, SAMARRAI-LAMASAT-HALAQAT:p1052
quotes 35:37: «وجاكم» in 2 segment(s): BAQILLANI:v1p288, DAMGHANI:v1p450
quotes 35:37: «فيها ربنا» in 1 segment(s): SAMARRAI-LAMASAT-HALAQAT:p1052
quotes 35:37: «اخرجنا نعمل» in 1 segment(s): SAMARRAI-LAMASAT-HALAQAT:p1052
quotes 35:37: «صالحا غير» in 2 segment(s): BURHAN:v4p292, SAMARRAI-LAMASAT-HALAQAT:p1052
quotes 35:37: «نعمل اولم» in 1 segment(s): SAMARRAI-LAMASAT-HALAQAT:p1052
quotes 35:37: «ما يتذكر» in 6 segment(s): BAQILLANI:v1p288, BURHAN:v4p3, ITQAN:v3p212, ITQAN:v4p525#2, SAMARRAI-LAMASAT-HALAQAT:p1052, SIBAWAYH:(هذابابوجوهالقوافيفيالإنشاد)#746
quotes 35:37: «يتذكر فيه» in 5 segment(s): BAQILLANI:v1p288, BURHAN:v4p3, ITQAN:v3p212, ITQAN:v4p525#2, SAMARRAI-LAMASAT-HALAQAT:p1052
quotes 35:37: «من تذكر» in 5 segment(s): BAQILLANI:v1p288, BURHAN:v4p3, ITQAN:v3p212, ITQAN:v4p525#2, SAMARRAI-LAMASAT-HALAQAT:p1052
quotes 35:37: «النذير فذوقوا» in 0 segment(s): 
quotes 35:37: «فذوقوا فما» in 0 segment(s): 
quotes 35:37: «فما للظالمين» in 0 segment(s): 
quotes 36:14: 18 unique window(s): فعززنا | بثالث | مرسلون | اليهم اثنين | اثنين فكذبوهما | فكذبوهما فعززنا | فعززنا بثالث | بثالث فقالوا | اليكم مرسلون | اذ ارسلنا اليهم | ارسلنا اليهم اثنين | اليهم اثنين فكذبوهما | اثنين فكذبوهما فعززنا | فكذبوهما فعززنا بثالث | فعززنا بثالث فقالوا | بثالث فقالوا انا | فقالوا انا اليكم | انا اليكم مرسلون
quotes 36:14: «فعززنا» in 7 segment(s): DAMGHANI:v1p322, JURJANI-DALAIL:v1p186, MAJAZ:v2p429#2, NASHR:v1p217, NASHR:v2p353, SAMARRAI-LAMASAT-HALAQAT:p709, SAMARRAI-LAMASAT-HALAQAT:p710
quotes 36:14: «بثالث» in 7 segment(s): DAMGHANI:v1p322, JURJANI-DALAIL:v1p186, NASHR:v1p217, NASHR:v2p353, SAMARRAI-LAMASAT-HALAQAT:p709, SAMARRAI-LAMASAT-HALAQAT:p710, SIBAWAYH:(هذابابذكركالاسمالذيبهتبينالعدةكمهيمعتمامهاالذيهومن#651
quotes 36:14: «مرسلون» in 3 segment(s): ITQAN:v3p173#3, JURJANI-DALAIL:v1p186, SAMARRAI-LAMASAT-HALAQAT:p710
quotes 36:14: «اليهم اثنين» in 4 segment(s): BURHAN:v2p236, ITQAN:v4p391, JURJANI-DALAIL:v1p186, SAMARRAI-LAMASAT-HALAQAT:p710
quotes 36:14: «اثنين فكذبوهما» in 2 segment(s): JURJANI-DALAIL:v1p186, SAMARRAI-LAMASAT-HALAQAT:p710
quotes 36:14: «اذ ارسلنا اليهم» in 4 segment(s): BURHAN:v2p236, ITQAN:v4p391, JURJANI-DALAIL:v1p186, SAMARRAI-LAMASAT-HALAQAT:p710
quotes 36:14: «فقالوا انا اليكم» in 2 segment(s): JURJANI-DALAIL:v1p186, SAMARRAI-LAMASAT-HALAQAT:p710
quotes 36:18: 19 unique window(s): تطيرنا | لنرجمنكم | وليمسنكم | انا تطيرنا | تطيرنا بكم | بكم لين | لم تنتهوا | تنتهوا لنرجمنكم | لنرجمنكم وليمسنكم | وليمسنكم منا | قالوا انا تطيرنا | انا تطيرنا بكم | تطيرنا بكم لين | بكم لين لم | لين لم تنتهوا | لم تنتهوا لنرجمنكم | تنتهوا لنرجمنكم وليمسنكم | لنرجمنكم وليمسنكم منا | وليمسنكم منا عذاب
quotes 36:18: «تطيرنا» in 1 segment(s): JURJANI-DALAIL:v1p186
quotes 36:18: «لنرجمنكم» in 6 segment(s): DAMGHANI:v1p196, IBNJAWZI-NUZHA:v1p317, IBNJAWZI-NUZHA:v1p448, IBNQUTAYBA-MUSHKIL:v1p274, JURJANI-DALAIL:v1p186, RAZI-FULL:v1p61
quotes 36:18: «وليمسنكم» in 2 segment(s): IBNJAWZI-NUZHA:v1p448, JURJANI-DALAIL:v1p186
quotes 36:18: «بكم لين» in 1 segment(s): JURJANI-DALAIL:v1p186
quotes 36:18: «لم تنتهوا» in 6 segment(s): DAMGHANI:v1p196, IBNJAWZI-NUZHA:v1p317, IBNJAWZI-NUZHA:v1p448, JURJANI-DALAIL:v1p186, RAZI-FULL:v1p61, SAMARRAI-LAMASAT-HALAQAT:p1102
quotes 36:77: 4 unique window(s): ير الانسان | اولم ير الانسان | ير الانسان انا | خلقناه من نطفه
quotes 36:77: «ير الانسان» in 4 segment(s): DAMGHANI:v1p51, IBNJAWZI-NUZHA:v1p181, ITQAN:v4p391, NASHR:v2p77#2
quotes 36:77: «خلقناه من نطفه» in 1 segment(s): IBNJAWZI-NUZHA:v1p181
quotes 36:78: 19 unique window(s): رميم | وضرب لنا | لنا مثلا | مثلا ونسي | ونسي خلقه | خلقه قال | من يحي | يحي العظام | العظام وهي | وهي رميم | وضرب لنا مثلا | لنا مثلا ونسي | مثلا ونسي خلقه | ونسي خلقه قال | خلقه قال من | قال من يحي | من يحي العظام | يحي العظام وهي | العظام وهي رميم
quotes 36:78: «رميم» in 10 segment(s): BAQILLANI:v1p268, BURHAN:v2p25, BURHAN:v2p252, BURHAN:v3p228, BURHAN:v3p360, BURHAN:v3p363, BURHAN:v4p47, ITQAN:v2p575#3, RUMMANI:v1p94, RUMMANI:v1p106
quotes 36:78: «وضرب لنا» in 3 segment(s): BURHAN:v3p228, ITQAN:v4p347, RUMMANI:v1p106
quotes 36:78: «لنا مثلا» in 3 segment(s): BURHAN:v3p228, ITQAN:v4p347, RUMMANI:v1p106
quotes 36:78: «مثلا ونسي» in 3 segment(s): BURHAN:v3p228, ITQAN:v4p347, RUMMANI:v1p106
quotes 36:78: «ونسي خلقه» in 3 segment(s): BURHAN:v3p228, ITQAN:v4p347, RUMMANI:v1p106
quotes 36:78: «خلقه قال» in 6 segment(s): BURHAN:v3p228, BURHAN:v4p92, ITQAN:v4p524#2, JISHUMI:v1p489, RUMMANI:v1p106, SAMARRAI-ASRAR:r3
quotes 36:78: «من يحي» in 2 segment(s): BURHAN:v1p402, BURHAN:v2p25
quotes 36:78: «يحي العظام» in 2 segment(s): BURHAN:v1p402, BURHAN:v2p25
quotes 36:78: «العظام وهي» in 7 segment(s): BURHAN:v2p25, BURHAN:v2p252, BURHAN:v3p228, BURHAN:v3p363, BURHAN:v4p47, ITQAN:v2p575#3, RUMMANI:v1p106
quotes 36:79: 17 unique window(s): يحييها | انشاها | قل يحييها | يحييها الذي | الذي انشاها | انشاها اول | مره وهو | بكل خلق | خلق عليم | قل يحييها الذي | يحييها الذي انشاها | الذي انشاها اول | انشاها اول مره | اول مره وهو | مره وهو بكل | وهو بكل خلق | بكل خلق عليم
quotes 36:79: «يحييها» in 10 segment(s): BURHAN:v1p402, BURHAN:v2p25, BURHAN:v3p228, BURHAN:v3p467, BURHAN:v4p47, BURHAN:v4p48, IBNQUTAYBA-MUSHKIL:v1p280, ITQAN:v2p575#3, ITQAN:v4p357, RUMMANI:v1p106
quotes 36:79: «انشاها» in 11 segment(s): BURHAN:v2p25, BURHAN:v2p466, BURHAN:v3p228, BURHAN:v3p467, BURHAN:v4p47, BURHAN:v4p48, IBNQUTAYBA-MUSHKIL:v1p47, ITQAN:v2p467#4, ITQAN:v2p575#3, ITQAN:v4p357, RUMMANI:v1p106
quotes 36:79: «مره وهو» in 3 segment(s): BURHAN:v2p25, RUMMANI:v1p106, SIBAWAYH:وهولغةأهلالحجازوذلكقولكمافيهاأحدإلاحماراجاءوابهعلىمعنى#379
quotes 36:79: «بكل خلق» in 2 segment(s): BURHAN:v2p25, RUMMANI:v1p106
quotes 36:79: «خلق عليم» in 2 segment(s): BURHAN:v2p25, RUMMANI:v1p106
quotes 38:4: 11 unique window(s): وعجبوا | وعجبوا ان | منهم وقال | وقال الكافرون | هاذا ساحر | وعجبوا ان جاهم | منذر منهم وقال | منهم وقال الكافرون | وقال الكافرون هاذا | الكافرون هاذا ساحر | هاذا ساحر كذاب
quotes 38:4: «وعجبوا» in 2 segment(s): BINTSHATI-IJAZ:p163, IBNQUTAYBA-MUSHKIL:v1p15
quotes 38:4: «منهم وقال» in 3 segment(s): ALUSI-FULL:v1p6, BINTSHATI-IJAZ:p163, IBNQUTAYBA-MUSHKIL:v1p145
quotes 38:4: «وقال الكافرون» in 1 segment(s): BINTSHATI-IJAZ:p163
quotes 38:4: «هاذا ساحر» in 0 segment(s): 
quotes 38:6: 19 unique window(s): وانطلق | امشوا | يراد | وانطلق الملا | الملا منهم | ان امشوا | امشوا واصبروا | واصبروا عليا | عليا الهتكم | لشي يراد | وانطلق الملا منهم | الملا منهم ان | منهم ان امشوا | ان امشوا واصبروا | امشوا واصبروا عليا | واصبروا عليا الهتكم | عليا الهتكم ان | الهتكم ان هاذا | هاذا لشي يراد
quotes 38:6: «وانطلق» in 16 segment(s): BINTSHATI-IJAZ:p41, BINTSHATI-IJAZ:p163, BURHAN:v2p192, BURHAN:v4p225, IBNJAWZI-NUZHA:v1p406, ITQAN:v2p452#3, ITQAN:v4p400, KHATTABI:v1p37, MAJAZ:v1p7, NASHR:v2p111, SIBAWAYH:اعلمأنمنكلامهماختلافاللفظينلاختلافالمعنيينواختلافاللفظين#8, SIBAWAYH:فيرتفعكماينتصبإذاشغلتالفعلبهوينتصبإذاشغلتالفعلبغيره#89 …
quotes 38:6: «امشوا» in 11 segment(s): BINTSHATI-IJAZ:p163, BURHAN:v2p192, BURHAN:v4p225, DAMGHANI:v1p271, IBNQUTAYBA-MUSHKIL:v1p208#2, IBNQUTAYBA-MUSHKIL:v1p274#2, ITQAN:v2p452#3, KHATTABI:v1p37, KHATTABI:v1p42, MAJAZ:v1p7, SIBAWAYH:(هذابابماتكونفيهأنبمنزلةأي)#511
NOTE quotes 38:6: window «يراد» in 202 segments, too common alone; the longer windows that contain it are used instead
quotes 38:6: «الملا منهم» in 7 segment(s): BINTSHATI-IJAZ:p163, BURHAN:v2p192, BURHAN:v4p225, ITQAN:v2p452#3, KHATTABI:v1p37, MAJAZ:v1p7, SIBAWAYH:(هذابابماتكونفيهأنبمنزلةأي)#511
quotes 38:6: «واصبروا عليا» in 0 segment(s): 
quotes 38:6: «عليا الهتكم» in 0 segment(s): 
quotes 38:6: «لشي يراد» in 1 segment(s): BINTSHATI-IJAZ:p163
quotes 38:6: «الهتكم ان هاذا» in 0 segment(s): 
quotes 38:7: 10 unique window(s): المله | اختلاق | في المله | المله الاخره | الا اختلاق | بهاذا في المله | في المله الاخره | المله الاخره ان | الاخره ان هاذا | هاذا الا اختلاق
quotes 38:7: «المله» in 37 segment(s): ALUSI-FULL:v1p37, BAQILLANI:v1p18, BAQILLANI:v1p49, BAQILLANI:v1p292, BINTSHATI-IJAZ:p145, BINTSHATI-IJAZ:p163, BINTSHATI-IJAZ:p402, BURHAN:v1p288, BURHAN:v2p49, DAMGHANI:v1p23, DAMGHANI:v1p175, DAMGHANI:v1p178 …
quotes 38:7: «اختلاق» in 8 segment(s): BAQILLANI:v1p18, BINTSHATI:v1p17, BINTSHATI-IJAZ:p163, BINTSHATI-IJAZ:p402, DAMGHANI:v1p162, IBNJAWZI-NUZHA:v1p283, IBNQUTAYBA-MUSHKIL:v1p273#2, ITQAN:v2p328
quotes 38:7: «الاخره ان هاذا» in 0 segment(s): 
quotes 39:6: 39 unique window(s): يخلقكم | واحده ثم | جعل منها | زوجها وانزل | من الانعام | الانعام ثمانيه | ازواج يخلقكم | يخلقكم في | امهاتكم خلقا | خلقا من | بعد خلق | خلق في | ظلمات ثلاث | ثلاث ذالكم | الملك لا | نفس واحده ثم | واحده ثم جعل | ثم جعل منها | جعل منها زوجها | منها زوجها وانزل | زوجها وانزل لكم | لكم من الانعام | من الانعام ثمانيه | الانعام ثمانيه ازواج | ثمانيه ازواج يخلقكم | ازواج يخلقكم في | يخلقكم في بطون | بطون امهاتكم خلقا | امهاتكم خلقا من | خلقا من بعد | من بعد خلق | بعد خلق في | خلق في ظلمات | في ظلمات ثلاث | ظلمات ثلاث ذالكم | ثلاث ذالكم الله | له الملك لا | الملك لا الاه | هو فانيا تصرفون
quotes 39:6: «يخلقكم» in 5 segment(s): DAMGHANI:v1p309, NASHR:v1p286, SAMARRAI-LAMASAT-HALAQAT:p619, SAMARRAI-LAMASAT-HALAQAT:p1064, SAMARRAI-LAMASAT-HALAQAT:p1065
quotes 39:6: «واحده ثم» in 16 segment(s): ALUSI-FULL:v1p25, BURHAN:v1p84, BURHAN:v1p228, BURHAN:v4p313, ITQAN:v1p117, ITQAN:v1p118, ITQAN:v2p467#4, ITQAN:v3p271, JISHUMI:v1p603, JURJANI-ASRAR:v1p86, JURJANI-ASRAR:v1p143, SAMARRAI-ASRAR:r7#8 …
quotes 39:6: «جعل منها» in 7 segment(s): ITQAN:v2p452#3, ITQAN:v2p467#4, SAMARRAI-ASRAR:r7#8, SAMARRAI-LAMASAT-HALAQAT:p619, SAMARRAI-LAMASAT-HALAQAT:p712, SAMARRAI-LAMASAT-HALAQAT:p1064, SAMARRAI-LAMASAT-HALAQAT:p1065
quotes 39:6: «زوجها وانزل» in 2 segment(s): SAMARRAI-LAMASAT-HALAQAT:p619, SAMARRAI-LAMASAT-HALAQAT:p1064
quotes 39:6: «من الانعام» in 11 segment(s): BURHAN:v1p175, BURHAN:v3p247, BURHAN:v3p307, DAMGHANI:v1p47, IBNJAWZI-NUZHA:v1p127, IBNQUTAYBA-MUSHKIL:v1p245#2, SAMARRAI-ASRAR:r5#4, SAMARRAI-ASRAR:r10#3, SAMARRAI-LAMASAT-HALAQAT:p619, SAMARRAI-LAMASAT-HALAQAT:p1064, SAMARRAI-LAMASAT-HALAQAT:p1065
quotes 39:6: «الانعام ثمانيه» in 6 segment(s): DAMGHANI:v1p218, IBNJAWZI-NUZHA:v1p127, IBNJAWZI-NUZHA:v1p336, SAMARRAI-LAMASAT-HALAQAT:p619, SAMARRAI-LAMASAT-HALAQAT:p1064, SAMARRAI-LAMASAT-HALAQAT:p1065
quotes 39:6: «امهاتكم خلقا» in 3 segment(s): SAMARRAI-LAMASAT-HALAQAT:p619, SAMARRAI-LAMASAT-HALAQAT:p1064, SAMARRAI-LAMASAT-HALAQAT:p1065
quotes 39:6: «خلقا من» in 3 segment(s): SAMARRAI-LAMASAT-HALAQAT:p619, SAMARRAI-LAMASAT-HALAQAT:p1064, SAMARRAI-LAMASAT-HALAQAT:p1065
quotes 39:6: «بعد خلق» in 5 segment(s): BURHAN:v2p62, ITQAN:v3p73, SAMARRAI-LAMASAT-HALAQAT:p619, SAMARRAI-LAMASAT-HALAQAT:p1064, SAMARRAI-LAMASAT-HALAQAT:p1065
quotes 39:6: «خلق في» in 3 segment(s): BINTSHATI-IJAZ:p315, SAMARRAI-LAMASAT-HALAQAT:p619, SAMARRAI-LAMASAT-HALAQAT:p1064
quotes 39:6: «ظلمات ثلاث» in 5 segment(s): DAMGHANI:v1p309, ITQAN:v1p251, NASHR:v1p279, SAMARRAI-LAMASAT-HALAQAT:p619, SAMARRAI-LAMASAT-HALAQAT:p1064
quotes 39:6: «ثلاث ذالكم» in 0 segment(s): 
quotes 39:6: «الملك لا» in 6 segment(s): ITQAN:v1p125#2, JISHUMI:v1p669, JISHUMI:v2p985, NASHR:v2p459, SAMARRAI-LAMASAT-HALAQAT:p619, SAMARRAI-LAMASAT-HALAQAT:p1064
quotes 39:6: «هو فانيا تصرفون» in 0 segment(s): 
quotes 39:22: 25 unique window(s): للقاسيه | افمن شرح | شرح الله | الله صدره | للاسلام فهو | نور من | ربه فويل | فويل للقاسيه | للقاسيه قلوبهم | قلوبهم من | افمن شرح الله | شرح الله صدره | الله صدره للاسلام | صدره للاسلام فهو | للاسلام فهو عليا | فهو عليا نور | عليا نور من | نور من ربه | من ربه فويل | ربه فويل للقاسيه | فويل للقاسيه قلوبهم | للقاسيه قلوبهم من | قلوبهم من ذكر | من ذكر الله | الله اولايك في
quotes 39:22: «للقاسيه» in 5 segment(s): BURHAN:v2p185, BURHAN:v3p138, BURHAN:v3p167, BURHAN:v3p194, BURHAN:v4p419
quotes 39:22: «افمن شرح» in 4 segment(s): BURHAN:v2p185, BURHAN:v3p138, BURHAN:v3p167, BURHAN:v3p194
quotes 39:22: «شرح الله» in 9 segment(s): ALUSI-FULL:v1p21#2, BURHAN:v1p233, BURHAN:v2p185, BURHAN:v2p350, BURHAN:v3p138, BURHAN:v3p167, BURHAN:v3p194, IBNKATHIR-FULL:v1p24#2, ITQAN:v1p160#2
quotes 39:22: «الله صدره» in 5 segment(s): BURHAN:v2p185, BURHAN:v2p350, BURHAN:v3p138, BURHAN:v3p167, BURHAN:v3p194
quotes 39:22: «للاسلام فهو» in 2 segment(s): BURHAN:v3p138, BURHAN:v3p167
quotes 39:22: «نور من» in 6 segment(s): BURHAN:v1p313, BURHAN:v3p138, BURHAN:v3p167, DAMGHANI:v1p332, ITQAN:v4p410#6, JURJANI-ASRAR:v1p265
quotes 39:22: «ربه فويل» in 1 segment(s): BURHAN:v3p167
quotes 39:22: «قلوبهم من» in 5 segment(s): BURHAN:v2p185, BURHAN:v2p208, BURHAN:v3p138, BURHAN:v3p194, BURHAN:v4p419
quotes 39:22: «فهو عليا نور» in 0 segment(s): 
quotes 39:22: «من ذكر الله» in 21 segment(s): BURHAN:v2p185, BURHAN:v3p138, BURHAN:v3p194, BURHAN:v4p419, IBNHIBBAN:814, IBNHIBBAN:818, IBNHISHAM:v1p354, IBNMAJAH:3790, IBNMAJAH:3793, IBNQUTAYBA-MUSHKIL:v1p15, ITQAN:v4p439#2, JISHUMI:v1p652 …
quotes 39:22: «الله اولايك في» in 0 segment(s): 
quotes 39:23: 36 unique window(s): مثاني | تقشعر | تلين | نزل احسن | احسن الحديث | الحديث كتابا | كتابا متشابها | متشابها مثاني | مثاني تقشعر | تقشعر منه | منه جلود | جلود الذين | ربهم ثم | ثم تلين | تلين جلودهم | جلودهم وقلوبهم | وقلوبهم اليا | الله نزل احسن | نزل احسن الحديث | احسن الحديث كتابا | الحديث كتابا متشابها | كتابا متشابها مثاني | متشابها مثاني تقشعر | مثاني تقشعر منه | تقشعر منه جلود | منه جلود الذين | جلود الذين يخشون | يخشون ربهم ثم | ربهم ثم تلين | ثم تلين جلودهم | تلين جلودهم وقلوبهم | جلودهم وقلوبهم اليا | وقلوبهم اليا ذكر | ذكر الله ذالك | الله ذالك هدي | يشا ومن يضلل
quotes 39:23: «مثاني» in 28 segment(s): BAQILLANI:v1p22, BAQILLANI:v1p35, BAQILLANI:v1p202, BAQILLANI:v1p203, BURHAN:v1p244, BURHAN:v1p269, BURHAN:v1p280, BURHAN:v2p74, BURHAN:v2p104, BURHAN:v2p195, DAMGHANI:v1p93, IBNATIYYA-FULL:v1p36#2 …
quotes 39:23: «تقشعر» in 15 segment(s): BAQILLANI:v1p22, BAQILLANI:v1p35, BAQILLANI:v1p202, BAQILLANI:v1p203, BINTSHATI-IJAZ:p544, BURHAN:v2p60, BURHAN:v2p104, BURHAN:v2p190, IBNATIYYA-FULL:v1p36#2, ITQAN:v3p78, ITQAN:v4p321, KHATTABI:v1p69 …
quotes 39:23: «تلين» in 13 segment(s): ALUSI-FULL:v1p26, BAQILLANI:v1p22, BAQILLANI:v1p35, BAQILLANI:v1p202, BAQILLANI:v1p203, BURHAN:v2p60, BURHAN:v2p190, IBNQUTAYBA-MUSHKIL:v1p150, ITQAN:v3p78, JISHUMI:v1p439, JURJANI-DALAIL:v1p371, KHATTABI:v1p70 …
quotes 39:23: «نزل احسن» in 17 segment(s): BAQILLANI:v1p22, BAQILLANI:v1p35, BAQILLANI:v1p202, BAQILLANI:v1p203, BURHAN:v1p153, BURHAN:v1p273, BURHAN:v2p67, BURHAN:v2p104, DAMGHANI:v1p116, IBNATIYYA-FULL:v1p36#2, IBNJAWZI-NUZHA:v1p248, ITQAN:v1p52 …
quotes 39:23: «احسن الحديث» in 20 segment(s): BAQILLANI:v1p22, BAQILLANI:v1p35, BAQILLANI:v1p130, BAQILLANI:v1p202, BAQILLANI:v1p203, BURHAN:v1p153, BURHAN:v1p273, BURHAN:v2p67, BURHAN:v2p104, DAMGHANI:v1p116, IBNATIYYA-FULL:v1p36#2, IBNJAWZI-NUZHA:v1p248 …
quotes 39:23: «الحديث كتابا» in 13 segment(s): BAQILLANI:v1p22, BAQILLANI:v1p35, BAQILLANI:v1p202, BAQILLANI:v1p203, BURHAN:v2p67, BURHAN:v2p104, DAMGHANI:v1p116, IBNATIYYA-FULL:v1p36#2, IBNJAWZI-NUZHA:v1p248, ITQAN:v1p141, ITQAN:v4p321, KHATTABI:v1p70 …
quotes 39:23: «كتابا متشابها» in 17 segment(s): BAQILLANI:v1p22, BAQILLANI:v1p35, BAQILLANI:v1p202, BAQILLANI:v1p203, BAQILLANI:v1p206, BURHAN:v1p244, BURHAN:v1p273, BURHAN:v2p67, BURHAN:v2p74, BURHAN:v2p104, IBNATIYYA-FULL:v1p36#2, IBNQUTAYBA-GHARIB:v1p35#3 …
quotes 39:23: «منه جلود» in 13 segment(s): BAQILLANI:v1p22, BAQILLANI:v1p35, BAQILLANI:v1p202, BAQILLANI:v1p203, BURHAN:v2p60, BURHAN:v2p104, BURHAN:v2p190, IBNATIYYA-FULL:v1p36#2, ITQAN:v3p78, ITQAN:v4p321, KHATTABI:v1p70, SAMARRAI-ASRAR:r2#2 …
quotes 39:23: «جلود الذين» in 13 segment(s): BAQILLANI:v1p22, BAQILLANI:v1p35, BAQILLANI:v1p202, BAQILLANI:v1p203, BURHAN:v2p60, BURHAN:v2p104, BURHAN:v2p190, IBNATIYYA-FULL:v1p36#2, ITQAN:v3p78, ITQAN:v4p321, KHATTABI:v1p70, SAMARRAI-ASRAR:r2#2 …
quotes 39:23: «ربهم ثم» in 9 segment(s): BAQILLANI:v1p22, BAQILLANI:v1p35, BAQILLANI:v1p202, BAQILLANI:v1p203, BURHAN:v2p60, BURHAN:v2p190, ITQAN:v3p78, KHATTABI:v1p70, SAMARRAI-ASRAR:r2#2
quotes 39:23: «جلودهم وقلوبهم» in 9 segment(s): BAQILLANI:v1p22, BAQILLANI:v1p35, BAQILLANI:v1p202, BAQILLANI:v1p203, BURHAN:v2p60, BURHAN:v2p190, ITQAN:v3p78, KHATTABI:v1p70, SAMARRAI-ASRAR:r2#2
quotes 39:23: «وقلوبهم اليا» in 0 segment(s): 
quotes 39:23: «ذكر الله ذالك» in 0 segment(s): 
quotes 39:23: «الله ذالك هدي» in 0 segment(s): 
quotes 39:23: «يشا ومن يضلل» in 3 segment(s): BAQILLANI:v1p202, BAQILLANI:v1p203, SAMARRAI-ASRAR:r2#2
quotes 39:24: 16 unique window(s): يتقي | بوجهه | افمن يتقي | يتقي بوجهه | بوجهه سو | القيامه وقيل | وقيل للظالمين | للظالمين ذوقوا | افمن يتقي بوجهه | يتقي بوجهه سو | بوجهه سو العذاب | يوم القيامه وقيل | القيامه وقيل للظالمين | وقيل للظالمين ذوقوا | للظالمين ذوقوا ما | ما كنتم تكسبون
quotes 39:24: «يتقي» in 15 segment(s): BINTSHATI-IJAZ:p602, BURHAN:v2p344, DAMGHANI:v1p55, IBNASHUR-FULL:v1p48, IBNKATHIR-FULL:v1p65#3, IBNQUTAYBA-MUSHKIL:v1p83, ITQAN:v2p580#2, JISHUMI:v2p1075, JURJANI-ASRAR:v1p257, NASHR:v2p179#2, NASHR:v2p187, NASHR:v2p202 …
quotes 39:24: «بوجهه» in 10 segment(s): BURHAN:v2p344, DAMGHANI:v1p274, JISHUMI:v1p580, JURJANI-ASRAR:v1p216, JURJANI-ASRAR:v1p238, JURJANI-DALAIL:v1p33, JURJANI-DALAIL:v1p380, NASHR:v1p248, SIBAWAYH:تقولرويدزيداوإنماتريدأرودزيدا|قالالهذلى#95, SIBAWAYH:وليسبمنادىينبههغيرهولكنهاختصكماأنالمنادىمختصمنPageV02P231#321
quotes 39:24: «القيامه وقيل» in 5 segment(s): BINTSHATI-IJAZ:p311, IBNJAWZI-NUZHA:v1p102, JISHUMI:v1p446, JISHUMI:v1p637#2, JISHUMI:v1p847
quotes 39:24: «وقيل للظالمين» in 0 segment(s): 
quotes 39:24: «للظالمين ذوقوا» in 0 segment(s): 
quotes 39:24: «ما كنتم تكسبون» in 0 segment(s): 
quotes 39:36: 16 unique window(s): بكاف | ويخوفونك | الله بكاف | بكاف عبده | عبده ويخوفونك | ويخوفونك بالذين | بالذين من | دونه ومن | اليس الله بكاف | الله بكاف عبده | بكاف عبده ويخوفونك | عبده ويخوفونك بالذين | ويخوفونك بالذين من | بالذين من دونه | من دونه ومن | دونه ومن يضلل
quotes 39:36: «بكاف» in 12 segment(s): BINTSHATI-IJAZ:p184, BINTSHATI-IJAZ:p189, BURHAN:v2p334, BURHAN:v3p83, BURHAN:v4p115, ITQAN:v3p212, JISHUMI:v1p443, JURJANI-ASRAR:v1p211, NASHR:v2p362#2, SAMARRAI-ASRAR:r3#5, SAMARRAI-ASRAR:r5#5, SAMARRAI-LAMASAT:p142
quotes 39:36: «ويخوفونك» in 1 segment(s): BINTSHATI-IJAZ:p189
quotes 39:36: «بالذين من» in 1 segment(s): BINTSHATI-IJAZ:p189
quotes 39:36: «دونه ومن» in 1 segment(s): BINTSHATI-IJAZ:p189
quotes 39:49: 26 unique window(s): خولناه | فاذا مس | ضر دعانا | دعانا ثم | اذا خولناه | خولناه نعمه | نعمه منا | منا قال | علم بل | بل هي | هي فتنه | فتنه ولاكن | فاذا مس الانسان | الانسان ضر دعانا | ضر دعانا ثم | دعانا ثم اذا | ثم اذا خولناه | اذا خولناه نعمه | خولناه نعمه منا | نعمه منا قال | منا قال انما | عليا علم بل | علم بل هي | بل هي فتنه | هي فتنه ولاكن | فتنه ولاكن اكثرهم
quotes 39:49: «خولناه» in 0 segment(s): 
quotes 39:49: «فاذا مس» in 3 segment(s): BURHAN:v3p59, IBNJAWZI-NUZHA:v1p403, IBNQUTAYBA-MUSHKIL:v1p264
quotes 39:49: «ضر دعانا» in 2 segment(s): IBNJAWZI-NUZHA:v1p403, IBNQUTAYBA-MUSHKIL:v1p264
quotes 39:49: «دعانا ثم» in 0 segment(s): 
quotes 39:49: «نعمه منا» in 0 segment(s): 
quotes 39:49: «منا قال» in 2 segment(s): IBNJAWZI-NUZHA:v1p119, ITQAN:v1p165
quotes 39:49: «علم بل» in 0 segment(s): 
NOTE quotes 39:49: window «بل هي» in 70 segments, too common alone; the longer windows that contain it are used instead
quotes 39:49: «هي فتنه» in 1 segment(s): BURHAN:v3p59
quotes 39:49: «فتنه ولاكن» in 0 segment(s): 
quotes 39:50: 8 unique window(s): قالها | قد قالها | قالها الذين | قبلهم فما | قد قالها الذين | قالها الذين من | من قبلهم فما | قبلهم فما اغنيا
quotes 39:50: «قالها» in 26 segment(s): BAQILLANI:v1p210, BINTSHATI:v1p18, BINTSHATI-IJAZ:p34, BINTSHATI-IJAZ:p476, BURHAN:v1p18, BURHAN:v3p40, IBNJAWZI-NUZHA:v1p263, ITQAN:v2p395, ITQAN:v4p337, ITQAN:v4p412#3, ITQAN:v4p470, ITQAN:v4p527#3 …
quotes 39:50: «قبلهم فما» in 0 segment(s): 
quotes 39:71: 30 unique window(s): جهنم زمرا | جاوها فتحت | فتحت ابوابها | منكم يتلون | يتلون عليكم | ايات ربكم | ربكم وينذرونكم | ولاكن حقت | حقت كلمه | العذاب علي | وسيق الذين كفروا | اليا جهنم زمرا | جهنم زمرا حتيا | اذا جاوها فتحت | جاوها فتحت ابوابها | فتحت ابوابها وقال | لهم خزنتها الم | رسل منكم يتلون | منكم يتلون عليكم | يتلون عليكم ايات | عليكم ايات ربكم | ايات ربكم وينذرونكم | ربكم وينذرونكم لقا | هاذا قالوا بليا | قالوا بليا ولاكن | بليا ولاكن حقت | ولاكن حقت كلمه | حقت كلمه العذاب | كلمه العذاب علي | العذاب علي الكافرين
quotes 39:71: «جهنم زمرا» in 2 segment(s): SAMARRAI-LAMASAT-HALAQAT:p718, SAMARRAI-LAMASAT-HALAQAT:p723
quotes 39:71: «جاوها فتحت» in 2 segment(s): IBNQUTAYBA-MUSHKIL:v1p157, SAMARRAI-LAMASAT-HALAQAT:p718
quotes 39:71: «فتحت ابوابها» in 6 segment(s): BURHAN:v3p187, BURHAN:v4p438, IBNQUTAYBA-MUSHKIL:v1p157, SAMARRAI-LAMASAT-HALAQAT:p653, SAMARRAI-LAMASAT-HALAQAT:p718, SAMARRAI-LAMASAT-HALAQAT:p723
quotes 39:71: «منكم يتلون» in 2 segment(s): SAMARRAI-LAMASAT-HALAQAT:p718, SAMARRAI-LAMASAT-HALAQAT:p723
quotes 39:71: «يتلون عليكم» in 2 segment(s): SAMARRAI-LAMASAT-HALAQAT:p718, SAMARRAI-LAMASAT-HALAQAT:p723
quotes 39:71: «ايات ربكم» in 2 segment(s): SAMARRAI-LAMASAT-HALAQAT:p718, SAMARRAI-LAMASAT-HALAQAT:p723
quotes 39:71: «ربكم وينذرونكم» in 2 segment(s): SAMARRAI-LAMASAT-HALAQAT:p718, SAMARRAI-LAMASAT-HALAQAT:p723
quotes 39:71: «ولاكن حقت» in 0 segment(s): 
quotes 39:71: «حقت كلمه» in 9 segment(s): BAQILLANI:v1p9, BAQILLANI:v1p196, BURHAN:v1p342, DAMGHANI:v1p139, FARRA:v1p506, IBNJAWZI-NUZHA:v1p267, NASHR:v2p130, SAMARRAI-LAMASAT-HALAQAT:p718, SAMARRAI-LAMASAT-HALAQAT:p723
quotes 39:71: «العذاب علي» in 9 segment(s): BURHAN:v1p446, BURHAN:v2p272, ITQAN:v4p428, SAMARRAI-ASRAR:r4#3, SAMARRAI-ASRAR-MUH:p38, SAMARRAI-LAMASAT-HALAQAT:p489, SAMARRAI-LAMASAT-HALAQAT:p718, SAMARRAI-LAMASAT-HALAQAT:p723, SAMARRAI-LAMASAT-HALAQAT:p922
quotes 39:71: «وسيق الذين كفروا» in 3 segment(s): SAMARRAI-LAMASAT-HALAQAT:p718, SAMARRAI-LAMASAT-HALAQAT:p723, SAMARRAI-LAMASAT-HALAQAT:p770
quotes 39:71: «لهم خزنتها الم» in 2 segment(s): SAMARRAI-LAMASAT-HALAQAT:p718, SAMARRAI-LAMASAT-HALAQAT:p723
quotes 39:71: «هاذا قالوا بليا» in 0 segment(s): 
quotes 39:71: «قالوا بليا ولاكن» in 0 segment(s): 
quotes 40:26: 29 unique window(s): ذروني | اقتل | وليدع | فرعون ذروني | ذروني اقتل | اقتل موسيا | موسيا وليدع | وليدع ربه | ان يبدل | يبدل دينكم | دينكم او | ان يظهر | يظهر في | الارض الفساد | وقال فرعون ذروني | فرعون ذروني اقتل | ذروني اقتل موسيا | اقتل موسيا وليدع | موسيا وليدع ربه | وليدع ربه اني | ربه اني اخاف | اخاف ان يبدل | ان يبدل دينكم | يبدل دينكم او | دينكم او ان | او ان يظهر | ان يظهر في | يظهر في الارض | في الارض الفساد
quotes 40:26: «ذروني» in 4 segment(s): NASHR:v2p163#2, NASHR:v2p164, NASHR:v2p365, SAMARRAI-LAMASAT-HALAQAT:p900
quotes 40:26: «اقتل» in 12 segment(s): BINTSHATI-IJAZ:p546, BURHAN:v2p21, ITQAN:v2p372, NASHR:v2p163#2, NASHR:v2p164, NASHR:v2p365, SAMARRAI-LAMASAT-HALAQAT:p900, SIBAWAYH:ولاms339علامةالمضمرالمتكلمولاعلامةالمضمرالمحدثعنهالغائبوذلكأنه#422, SIBAWAYH:(هذابابأفعلإذاكاناسماوماأشبهالأفعالمنالأسماءالتيفي#524, SIBAWAYH:(هذابابتسميةالمذكربلفظالاثنينوالجميعالذيتلحقلهالواحدواوا#537, SIBAWAYH:(هذابابمايتقدمأولالحروفوهيزائدةقدمتلإسكانأولالحروف)#723, SIBAWAYH:(هذابابكينونتهافيالأسماء)#724
quotes 40:26: «وليدع» in 3 segment(s): DAMGHANI:v1p173, IBNJAWZI-NUZHA:v1p292, SAMARRAI-LAMASAT-HALAQAT:p900
quotes 40:26: «ان يبدل» in 9 segment(s): BURHAN:v4p16, DAMGHANI:v1p357, IBNATIYYA-FULL:v1p46#2, JURJANI-DALAIL:v1p368, NASHR:v1p431, NASHR:v1p432#2, SAMARRAI-LAMASAT-HALAQAT:p900, SIBAWAYH:(هذابابتحقيرماكانفيهقلب)#621, SIBAWAYH:(هذابابتحقيركلاسمكانتعينهواواوكانتالعينثانيةأوثالثة)#622
quotes 40:26: «يبدل دينكم» in 2 segment(s): DAMGHANI:v1p357, SAMARRAI-LAMASAT-HALAQAT:p900
quotes 40:26: «دينكم او» in 1 segment(s): SAMARRAI-LAMASAT-HALAQAT:p900
quotes 40:26: «ان يظهر» in 24 segment(s): ALUSI-FULL:v1p31, BAQILLANI:v1p18, BAQILLANI:v1p167, BURHAN:v1p40, BURHAN:v1p140, BURHAN:v2p95, DAMGHANI:v1p30, IBNASHUR-FULL:v1p115, IBNASHUR-FULL:v1p129, IBNJAWZI-NUZHA:v1p169, IBNJAWZI-NUZHA:v1p428#2, IBNJAWZI-NUZHA:v1p469 …
quotes 40:26: «يظهر في» in 22 segment(s): ALUSI-FULL:v1p28#2, BURHAN:v1p90, BURHAN:v1p140, BURHAN:v2p439, BURHAN:v2p444, BURHAN:v3p382, BURHAN:v4p95, DAMGHANI:v1p30, DAMGHANI:v1p311, DAMGHANI:v1p357, IBNJAWZI-NUZHA:v1p169, IBNJAWZI-NUZHA:v1p428#2 …
quotes 40:26: «الارض الفساد» in 8 segment(s): BURHAN:v1p140, DAMGHANI:v1p30, DAMGHANI:v1p311, DAMGHANI:v1p357, IBNJAWZI-NUZHA:v1p169, IBNJAWZI-NUZHA:v1p428#2, IBNJAWZI-NUZHA:v1p469, SAMARRAI-LAMASAT-HALAQAT:p900
quotes 40:26: «ربه اني اخاف» in 1 segment(s): SAMARRAI-LAMASAT-HALAQAT:p900
quotes 40:28: 62 unique window(s): يكتم | اتقتلون | كذبه | صادقا | يصبكم | وقال رجل | رجل مومن | مومن من | فرعون يكتم | يكتم ايمانه | ايمانه اتقتلون | اتقتلون رجلا | رجلا ان | يقول ربي | ربي الله | وقد جاكم | جاكم بالبينات | بالبينات من | ربكم وان | وان يك | يك كاذبا | كاذبا فعليه | فعليه كذبه | كذبه وان | وان يك | يك صادقا | صادقا يصبكم | يصبكم بعض | الذي يعدكم | يعدكم ان | مسرف كذاب | وقال رجل مومن | رجل مومن من | مومن من ال | ال فرعون يكتم | فرعون يكتم ايمانه | يكتم ايمانه اتقتلون | ايمانه اتقتلون رجلا | اتقتلون رجلا ان | رجلا ان يقول | ان يقول ربي | يقول ربي الله | ربي الله وقد | الله وقد جاكم | وقد جاكم بالبينات | جاكم بالبينات من | بالبينات من ربكم | من ربكم وان | ربكم وان يك | وان يك كاذبا | يك كاذبا فعليه | كاذبا فعليه كذبه | فعليه كذبه وان | كذبه وان يك | وان يك صادقا | يك صادقا يصبكم | صادقا يصبكم بعض | يصبكم بعض الذي | بعض الذي يعدكم | الذي يعدكم ان | يعدكم ان الله | هو مسرف كذاب
quotes 40:28: «يكتم» in 9 segment(s): BURHAN:v2p442, BURHAN:v3p233, BURHAN:v3p271, DAMGHANI:v1p329, IBNJAWZI-NUZHA:v1p328#2, JISHUMI:v2p1083, MAJAZ:v1p1#7, SAMARRAI-ASRAR:r5#9, SAMARRAI-LAMASAT-HALAQAT:p900
quotes 40:28: «اتقتلون» in 3 segment(s): BURHAN:v2p346, IBNJAWZI-NUZHA:v1p328#2, SAMARRAI-LAMASAT-HALAQAT:p900
quotes 40:28: «كذبه» in 14 segment(s): ALUSI-FULL:v1p25, BAQILLANI:v1p143#2, BINTSHATI-IJAZ:p81, BURHAN:v2p79, BURHAN:v4p63, IBNJAWZI-NUZHA:v1p193, IBNKATHIR-FULL:v1p8, IBNKATHIR-FULL:v1p21, ITQAN:v4p365, JURJANI-ASRAR:v1p234, JURJANI-ASRAR:v1p340, JURJANI-DALAIL:v1p102 …
quotes 40:28: «صادقا» in 14 segment(s): ALUSI-FULL:v1p29, BURHAN:v2p277, BURHAN:v2p375, BURHAN:v4p63, ITQAN:v3p99, ITQAN:v3p203, ITQAN:v3p207, JISHUMI:v1p681, JISHUMI:v1p685, JISHUMI:v1p833#2, NASHR:v1p173, SIBAWAYH:وذلكقولكالناسمجزيونبأعمالهمإنخيرافخيروإنشرافشروالمرء#103 …
quotes 40:28: «يصبكم» in 5 segment(s): BURHAN:v2p264, BURHAN:v2p268, BURHAN:v2p277, BURHAN:v4p63, ITQAN:v3p99
quotes 40:28: «وقال رجل» in 25 segment(s): BURHAN:v1p269, BURHAN:v2p442, BURHAN:v3p233, BURHAN:v3p271, DAMGHANI:v1p191, IBNATIYYA-FULL:v1p38, IBNJAWZI-NUZHA:v1p121#2, IBNJAWZI-NUZHA:v1p328#2, ITQAN:v1p69, ITQAN:v1p153, JISHUMI:v1p554, NASHR:v1p18 …
quotes 40:28: «رجل مومن» in 10 segment(s): BURHAN:v1p269, BURHAN:v2p442, BURHAN:v3p233, BURHAN:v3p271, DAMGHANI:v1p191, IBNJAWZI-NUZHA:v1p121#2, IBNJAWZI-NUZHA:v1p328#2, ITQAN:v1p153, JISHUMI:v1p460, SAMARRAI-LAMASAT-HALAQAT:p900
quotes 40:28: «مومن من» in 7 segment(s): BURHAN:v2p442, BURHAN:v3p233, BURHAN:v3p271, DAMGHANI:v1p191, IBNJAWZI-NUZHA:v1p121#2, IBNJAWZI-NUZHA:v1p328#2, SAMARRAI-LAMASAT-HALAQAT:p900
quotes 40:28: «رجلا ان» in 8 segment(s): ALUSI-FULL:v1p20, BURHAN:v1p221, BURHAN:v2p346, IBNASHUR-FULL:v1p56, IBNJAWZI-NUZHA:v1p328#2, ITQAN:v1p133, ITQAN:v4p426, SAMARRAI-LAMASAT-HALAQAT:p900
quotes 40:28: «يقول ربي» in 3 segment(s): BURHAN:v2p346, IBNJAWZI-NUZHA:v1p328#2, SAMARRAI-LAMASAT-HALAQAT:p900
quotes 40:28: «ربي الله» in 6 segment(s): BURHAN:v2p346, IBNJAWZI-NUZHA:v1p328#2, SAMARRAI-ASRAR-MUH:p64, SAMARRAI-LAMASAT-HALAQAT:p515, SAMARRAI-LAMASAT-HALAQAT:p611, SAMARRAI-LAMASAT-HALAQAT:p900
quotes 40:28: «وقد جاكم» in 1 segment(s): SAMARRAI-LAMASAT-HALAQAT:p900
quotes 40:28: «جاكم بالبينات» in 1 segment(s): SAMARRAI-LAMASAT-HALAQAT:p900
quotes 40:28: «بالبينات من» in 1 segment(s): SAMARRAI-LAMASAT-HALAQAT:p900
quotes 40:28: «ربكم وان» in 0 segment(s): 
quotes 40:28: «وان يك» in 5 segment(s): BURHAN:v2p277, BURHAN:v4p63, ITQAN:v3p99, JISHUMI:v1p833#2, NASHR:v1p279
quotes 40:28: «يك كاذبا» in 4 segment(s): BURHAN:v4p63, JISHUMI:v1p833#2, NASHR:v1p279, NASHR:v1p280#2
quotes 40:28: «كاذبا فعليه» in 1 segment(s): BURHAN:v4p63
quotes 40:28: «وان يك» in 5 segment(s): BURHAN:v2p277, BURHAN:v4p63, ITQAN:v3p99, JISHUMI:v1p833#2, NASHR:v1p279
quotes 40:28: «الذي يعدكم» in 4 segment(s): BURHAN:v2p268, BURHAN:v2p277, BURHAN:v4p63, ITQAN:v3p99
quotes 40:28: «يعدكم ان» in 1 segment(s): BURHAN:v2p268
quotes 40:28: «مسرف كذاب» in 0 segment(s): 
quotes 40:49: 19 unique window(s): لخزنه | النار لخزنه | لخزنه جهنم | جهنم ادعوا | ربكم يخفف | يخفف عنا | عنا يوما | يوما من | وقال الذين في | الذين في النار | في النار لخزنه | النار لخزنه جهنم | لخزنه جهنم ادعوا | جهنم ادعوا ربكم | ادعوا ربكم يخفف | ربكم يخفف عنا | يخفف عنا يوما | عنا يوما من | يوما من العذاب
quotes 40:49: «لخزنه» in 8 segment(s): BURHAN:v2p238, BURHAN:v2p490, DAMGHANI:v1p157, DAMGHANI:v1p173, IBNJAWZI-NUZHA:v1p294, IBNQUTAYBA-MUSHKIL:v1p178, ITQAN:v3p90, NASHR:v2p72
quotes 40:49: «جهنم ادعوا» in 3 segment(s): DAMGHANI:v1p157, DAMGHANI:v1p173, IBNJAWZI-NUZHA:v1p294
quotes 40:49: «ربكم يخفف» in 2 segment(s): DAMGHANI:v1p157, DAMGHANI:v1p173
quotes 40:49: «يخفف عنا» in 2 segment(s): DAMGHANI:v1p157, DAMGHANI:v1p173
quotes 40:49: «عنا يوما» in 2 segment(s): DAMGHANI:v1p157, DAMGHANI:v1p173
quotes 40:49: «يوما من» in 8 segment(s): BURHAN:v2p67, DAMGHANI:v1p157, DAMGHANI:v1p173, DAMGHANI:v1p506, IBNQUTAYBA-MUSHKIL:v1p127, SIBAWAYH:(هذابابمايرتفعبينالجزمينوينجزمبينهما)#488, SIBAWAYH:(هذابابالأحيانفيالانصرافوغيرالانصراف)#550, WAHIDI-BASIT:v1p418
quotes 40:49: «وقال الذين في» in 4 segment(s): BURHAN:v2p490, DAMGHANI:v1p157, DAMGHANI:v1p173, IBNJAWZI-NUZHA:v1p294
quotes 40:49: «الذين في النار» in 5 segment(s): BURHAN:v2p490, DAMGHANI:v1p157, DAMGHANI:v1p173, IBNJAWZI-NUZHA:v1p294, MUSLIM:454
quotes 40:50: 23 unique window(s): رسلكم | دعاوا | اولم تك | تك تاتيكم | تاتيكم رسلكم | رسلكم بالبينات | بليا قالوا | قالوا فادعوا | فادعوا وما | وما دعاوا | دعاوا الكافرين | قالوا اولم تك | اولم تك تاتيكم | تك تاتيكم رسلكم | تاتيكم رسلكم بالبينات | رسلكم بالبينات قالوا | بالبينات قالوا بليا | قالوا بليا قالوا | بليا قالوا فادعوا | قالوا فادعوا وما | فادعوا وما دعاوا | وما دعاوا الكافرين | دعاوا الكافرين الا
quotes 40:50: «رسلكم» in 3 segment(s): BURHAN:v1p373#2, BURHAN:v1p407#2, SAMARRAI-ASRAR:r5
quotes 40:50: «دعاوا» in 1 segment(s): NASHR:v1p451
quotes 40:50: «اولم تك» in 2 segment(s): BURHAN:v1p407#2, SAMARRAI-ASRAR:r5
quotes 40:50: «تك تاتيكم» in 2 segment(s): BURHAN:v1p407#2, SAMARRAI-ASRAR:r5
quotes 40:50: «بليا قالوا» in 0 segment(s): 
quotes 40:50: «قالوا فادعوا» in 0 segment(s): 
quotes 40:50: «فادعوا وما» in 0 segment(s): 
quotes 40:50: «بالبينات قالوا بليا» in 0 segment(s): 
quotes 41:11: 25 unique window(s): دخان | وللارض | ايتيا | طايعين | السما وهي | وهي دخان | دخان فقال | فقال لها | لها وللارض | وللارض ايتيا | ايتيا طوعا | كرها قالتا | قالتا اتينا | اتينا طايعين | الي السما وهي | السما وهي دخان | وهي دخان فقال | دخان فقال لها | فقال لها وللارض | لها وللارض ايتيا | وللارض ايتيا طوعا | ايتيا طوعا او | او كرها قالتا | كرها قالتا اتينا | قالتا اتينا طايعين
quotes 41:11: «دخان» in 20 segment(s): BAQILLANI:v1p277, BINTSHATI-IJAZ:p32, BINTSHATI-IJAZ:p339, BINTSHATI-IJAZ:p340, BINTSHATI-IJAZ:p345, BURHAN:v2p80, BURHAN:v3p329, DAMGHANI:v1p253, DAMGHANI:v1p468, IBNJAWZI-NUZHA:v1p152, IBNQUTAYBA-MUSHKIL:v1p25, IBNQUTAYBA-MUSHKIL:v1p47 …
quotes 41:11: «وللارض» in 11 segment(s): BURHAN:v1p297, BURHAN:v2p246, BURHAN:v3p329, BURHAN:v4p113, IBNASHUR-FULL:v1p36, IBNQUTAYBA-MUSHKIL:v1p25, IBNQUTAYBA-MUSHKIL:v1p47, IBNQUTAYBA-MUSHKIL:v1p53, ITQAN:v3p91, RAZI-FULL:v1p27#2, SAMARRAI-LAMASAT-HALAQAT:p842
quotes 41:11: «ايتيا» in 11 segment(s): BURHAN:v2p246, BURHAN:v3p329, IBNASHUR-FULL:v1p36, IBNQUTAYBA-MUSHKIL:v1p25, IBNQUTAYBA-MUSHKIL:v1p47, IBNQUTAYBA-MUSHKIL:v1p70, IBNQUTAYBA-MUSHKIL:v1p74, ITQAN:v3p91, MAJAZ:v1p10, RAZI-FULL:v1p27#2, SAMARRAI-LAMASAT-HALAQAT:p842
quotes 41:11: «طايعين» in 19 segment(s): BINTSHATI-IJAZ:p406, BURHAN:v2p246, BURHAN:v3p305, BURHAN:v3p329, IBNASHUR-FULL:v1p36, IBNQUTAYBA-MUSHKIL:v1p25, IBNQUTAYBA-MUSHKIL:v1p47, IBNQUTAYBA-MUSHKIL:v1p70, IBNQUTAYBA-MUSHKIL:v1p74, ITQAN:v3p72, ITQAN:v3p104, JISHUMI:v1p441 …
quotes 41:11: «السما وهي» in 11 segment(s): BURHAN:v2p80, BURHAN:v3p329, DAMGHANI:v1p253, IBNJAWZI-NUZHA:v1p152, IBNQUTAYBA-MUSHKIL:v1p25, IBNQUTAYBA-MUSHKIL:v1p47, ITQAN:v3p15, JURJANI-ASRAR:v1p168, SAMARRAI-ASRAR:r3#5, SAMARRAI-ASRAR:r10#2, SAMARRAI-LAMASAT-HALAQAT:p842
quotes 41:11: «فقال لها» in 12 segment(s): BURHAN:v2p28, BURHAN:v2p246, BURHAN:v3p329, BURHAN:v4p113, IBNASHUR-FULL:v1p36, IBNQUTAYBA-MUSHKIL:v1p25, IBNQUTAYBA-MUSHKIL:v1p47, IBNQUTAYBA-MUSHKIL:v1p160, ITQAN:v3p91, NASHR:v1p156, RAZI-FULL:v1p27#2, SAMARRAI-LAMASAT-HALAQAT:p842
quotes 41:11: «كرها قالتا» in 10 segment(s): BURHAN:v2p246, BURHAN:v3p329, IBNASHUR-FULL:v1p36, IBNQUTAYBA-MUSHKIL:v1p25, IBNQUTAYBA-MUSHKIL:v1p47, IBNQUTAYBA-MUSHKIL:v1p70, IBNQUTAYBA-MUSHKIL:v1p74, MAJAZ:v1p10, RAZI-FULL:v1p27#2, SAMARRAI-LAMASAT-HALAQAT:p842
quotes 41:11: «قالتا اتينا» in 14 segment(s): BURHAN:v2p246, BURHAN:v3p305, BURHAN:v3p329, IBNASHUR-FULL:v1p36, IBNQUTAYBA-MUSHKIL:v1p25, IBNQUTAYBA-MUSHKIL:v1p47, IBNQUTAYBA-MUSHKIL:v1p70, IBNQUTAYBA-MUSHKIL:v1p74, ITQAN:v3p104, JISHUMI:v1p564, MAJAZ:v1p10, MAJAZ:v1p10#2 …
quotes 41:37: 25 unique window(s): تسجدوا | للقمر | اياته اليل | والقمر لا | لا تسجدوا | تسجدوا للشمس | للشمس ولا | ولا للقمر | للقمر واسجدوا | واسجدوا لله | الذي خلقهن | خلقهن ان | ومن اياته اليل | اياته اليل والنهار | والشمس والقمر لا | والقمر لا تسجدوا | لا تسجدوا للشمس | تسجدوا للشمس ولا | للشمس ولا للقمر | ولا للقمر واسجدوا | للقمر واسجدوا لله | واسجدوا لله الذي | لله الذي خلقهن | الذي خلقهن ان | خلقهن ان كنتم
quotes 41:37: «تسجدوا» in 4 segment(s): BURHAN:v2p131, BURHAN:v3p366, BURHAN:v4p93#2, SAMARRAI-ASRAR:r7#2
quotes 41:37: «للقمر» in 6 segment(s): BURHAN:v2p131, BURHAN:v3p366, BURHAN:v4p30, BURHAN:v4p93#2, JURJANI-ASRAR:v1p271, SAMARRAI-ASRAR:r7#2
quotes 41:37: «اياته اليل» in 1 segment(s): SAMARRAI-ASRAR:r7#2
quotes 41:37: «والقمر لا» in 2 segment(s): BURHAN:v4p93#2, SAMARRAI-ASRAR:r7#2
quotes 41:37: «للشمس ولا» in 4 segment(s): BURHAN:v2p131, BURHAN:v3p366, BURHAN:v4p93#2, SAMARRAI-ASRAR:r7#2
quotes 41:37: «واسجدوا لله» in 3 segment(s): BURHAN:v3p233, BURHAN:v3p366, SAMARRAI-ASRAR:r7#2
quotes 41:37: «الذي خلقهن» in 3 segment(s): BURHAN:v3p233, BURHAN:v3p366, SAMARRAI-ASRAR:r7#2
quotes 41:37: «خلقهن ان» in 2 segment(s): BURHAN:v3p233, SAMARRAI-ASRAR:r7#2
quotes 42:27: 26 unique window(s): لبغوا | ولو بسط | بسط الله | الرزق لعباده | لعباده لبغوا | لبغوا في | ولاكن ينزل | ينزل بقدر | بقدر ما | انه بعباده | بعباده خبير | خبير بصير | ولو بسط الله | بسط الله الرزق | الله الرزق لعباده | الرزق لعباده لبغوا | لعباده لبغوا في | لبغوا في الارض | في الارض ولاكن | الارض ولاكن ينزل | ولاكن ينزل بقدر | ينزل بقدر ما | بقدر ما يشا | يشا انه بعباده | انه بعباده خبير | بعباده خبير بصير
quotes 42:27: «لبغوا» in 3 segment(s): BURHAN:v3p100, DAMGHANI:v1p453, SAMARRAI-LAMASAT-HALAQAT:p834
quotes 42:27: «ولو بسط» in 5 segment(s): BURHAN:v3p100, DAMGHANI:v1p67, DAMGHANI:v1p453, ITQAN:v1p52, SAMARRAI-LAMASAT-HALAQAT:p834
quotes 42:27: «بسط الله» in 5 segment(s): BURHAN:v3p100, DAMGHANI:v1p67, DAMGHANI:v1p453, SAMARRAI-LAMASAT-HALAQAT:p730, SAMARRAI-LAMASAT-HALAQAT:p834
quotes 42:27: «الرزق لعباده» in 3 segment(s): BURHAN:v3p100, DAMGHANI:v1p453, SAMARRAI-LAMASAT-HALAQAT:p834
quotes 42:27: «ولاكن ينزل» in 0 segment(s): 
quotes 42:27: «ينزل بقدر» in 3 segment(s): DAMGHANI:v1p453, IBNJAWZI-NUZHA:v1p127, SAMARRAI-LAMASAT-HALAQAT:p834
quotes 42:27: «بقدر ما» in 13 segment(s): BINTSHATI-IJAZ:p33, BINTSHATI-IJAZ:p134, DAMGHANI:v1p453, IBNJAWZI-NUZHA:v1p127, JISHUMI:v1p666, JURJANI-ASRAR:v1p24, JURJANI-ASRAR:v1p340, MAJAZ:v1p1#30, NASHR:v1p52, SAMARRAI-ASRAR-MUH:p119, SAMARRAI-LAMASAT-HALAQAT:p568, SAMARRAI-LAMASAT-HALAQAT:p834 …
quotes 42:27: «انه بعباده» in 1 segment(s): SAMARRAI-LAMASAT-HALAQAT:p834
quotes 42:27: «بعباده خبير» in 1 segment(s): SAMARRAI-LAMASAT-HALAQAT:p834
quotes 42:27: «خبير بصير» in 1 segment(s): SAMARRAI-LAMASAT-HALAQAT:p834
quotes 42:27: «في الارض ولاكن» in 0 segment(s): 
quotes 42:28: 20 unique window(s): قنطوا | وينشر | ينزل الغيث | الغيث من | ما قنطوا | قنطوا وينشر | وينشر رحمته | رحمته وهو | وهو الولي | الولي الحميد | وهو الذي ينزل | الذي ينزل الغيث | ينزل الغيث من | الغيث من بعد | بعد ما قنطوا | ما قنطوا وينشر | قنطوا وينشر رحمته | وينشر رحمته وهو | رحمته وهو الولي | وهو الولي الحميد
quotes 42:28: «قنطوا» in 8 segment(s): BURHAN:v3p444, IBNASHUR-FULL:v1p124, IBNJAWZI-NUZHA:v1p127, IBNJAWZI-NUZHA:v1p333, SAMARRAI-ASRAR:r2#2, SAMARRAI-LAMASAT-HALAQAT:p834, SAMARRAI-LAMASAT-HALAQAT:p881, SIBAWAYH:(هذابابالجزاء)#481
quotes 42:28: «وينشر» in 12 segment(s): BURHAN:v3p444, DAMGHANI:v1p198, DAMGHANI:v1p456, IBNJAWZI-NUZHA:v1p127, IBNJAWZI-NUZHA:v1p333, IBNJAWZI-NUZHA:v1p583, JURJANI-ASRAR:v1p236, NASHR:v1p298, NASHR:v2p11#2, SAMARRAI-ASRAR:r2#2, SAMARRAI-LAMASAT-HALAQAT:p834, SAMARRAI-LAMASAT-HALAQAT:p881
quotes 42:28: «ينزل الغيث» in 9 segment(s): BURHAN:v3p444, IBNASHUR-FULL:v1p124, IBNJAWZI-NUZHA:v1p127, IBNJAWZI-NUZHA:v1p333, NASHR:v2p218, NASHR:v2p367, SAMARRAI-ASRAR:r2#2, SAMARRAI-LAMASAT-HALAQAT:p834, SAMARRAI-LAMASAT-HALAQAT:p881
quotes 42:28: «الغيث من» in 7 segment(s): BURHAN:v3p444, IBNASHUR-FULL:v1p124, IBNJAWZI-NUZHA:v1p127, IBNJAWZI-NUZHA:v1p333, SAMARRAI-ASRAR:r2#2, SAMARRAI-LAMASAT-HALAQAT:p834, SAMARRAI-LAMASAT-HALAQAT:p881
quotes 42:28: «رحمته وهو» in 6 segment(s): BURHAN:v3p444, IBNJAWZI-NUZHA:v1p307#2, SAMARRAI-ASRAR:r2#2, SAMARRAI-LAMASAT-HALAQAT:p834, SAMARRAI-LAMASAT-HALAQAT:p881, SAMARRAI-LAMASAT-HALAQAT:p1078
quotes 42:28: «وهو الولي» in 5 segment(s): BURHAN:v3p444, JISHUMI:v1p736, SAMARRAI-ASRAR:r2#2, SAMARRAI-LAMASAT-HALAQAT:p834, SAMARRAI-LAMASAT-HALAQAT:p881
quotes 42:28: «الولي الحميد» in 4 segment(s): BURHAN:v3p444, SAMARRAI-ASRAR:r2#2, SAMARRAI-LAMASAT-HALAQAT:p834, SAMARRAI-LAMASAT-HALAQAT:p881
quotes 42:28: «وهو الذي ينزل» in 7 segment(s): BURHAN:v3p444, IBNASHUR-FULL:v1p124, IBNJAWZI-NUZHA:v1p127, IBNJAWZI-NUZHA:v1p333, SAMARRAI-ASRAR:r2#2, SAMARRAI-LAMASAT-HALAQAT:p834, SAMARRAI-LAMASAT-HALAQAT:p881
quotes 43:51: 26 unique window(s): وهاذه | تحتي | وناديا فرعون | في قومه | ياقوم اليس | اليس لي | لي ملك | ملك مصر | مصر وهاذه | وهاذه الانهار | من تحتي | تحتي افلا | وناديا فرعون في | فرعون في قومه | في قومه قال | قومه قال ياقوم | قال ياقوم اليس | ياقوم اليس لي | اليس لي ملك | لي ملك مصر | ملك مصر وهاذه | مصر وهاذه الانهار | وهاذه الانهار تجري | تجري من تحتي | من تحتي افلا | تحتي افلا تبصرون
quotes 43:51: «وهاذه» in 0 segment(s): 
quotes 43:51: «تحتي» in 6 segment(s): BINTSHATI-IJAZ:p377, MAJAZ:v1p14, NASHR:v2p163#2, NASHR:v2p164, NASHR:v2p370, SIBAWAYH:(هذابابأممنقطعة)#515
quotes 43:51: «وناديا فرعون» in 0 segment(s): 
quotes 43:51: «في قومه» in 12 segment(s): BINTSHATI-IJAZ:p40, BINTSHATI-IJAZ:p55, BINTSHATI-IJAZ:p60, BINTSHATI-IJAZ:p407, BURHAN:v1p315, BURHAN:v1p400, BURHAN:v3p219, IBNQUTAYBA-MUSHKIL:v1p115, IBNQUTAYBA-MUSHKIL:v1p241, ITQAN:v4p362#2, ITQAN:v4p367, SAMARRAI-ASRAR:r8#2
quotes 43:51: «ياقوم اليس» in 0 segment(s): 
quotes 43:51: «اليس لي» in 7 segment(s): BINTSHATI-IJAZ:p377, BURHAN:v2p334, BURHAN:v4p183, ITQAN:v3p214, SAMARRAI-ASRAR-MUH:p115, SAMARRAI-LAMASAT-HALAQAT:p564, SIBAWAYH:(هذابابأممنقطعة)#515
quotes 43:51: «لي ملك» in 7 segment(s): BINTSHATI-IJAZ:p377, BURHAN:v2p334, BURHAN:v4p183, ITQAN:v3p214, SAMARRAI-ASRAR-MUH:p115, SAMARRAI-LAMASAT-HALAQAT:p564, SIBAWAYH:(هذابابأممنقطعة)#515
quotes 43:51: «ملك مصر» in 9 segment(s): BINTSHATI-IJAZ:p215, BINTSHATI-IJAZ:p377, BURHAN:v2p334, BURHAN:v4p183, ITQAN:v3p214, ITQAN:v4p381, SAMARRAI-ASRAR-MUH:p115, SAMARRAI-LAMASAT-HALAQAT:p564, SIBAWAYH:(هذابابأممنقطعة)#515
quotes 43:51: «قومه قال ياقوم» in 0 segment(s): 
quotes 43:54: 8 unique window(s): فاستخف | فاطاعوه | فاستخف قومه | قومه فاطاعوه | فاطاعوه انهم | فاستخف قومه فاطاعوه | قومه فاطاعوه انهم | فاطاعوه انهم كانوا
quotes 43:54: «فاستخف» in 0 segment(s): 
quotes 43:54: «فاطاعوه» in 0 segment(s): 
quotes 44:47: 6 unique window(s): فاعتلوه | خذوه فاعتلوه | فاعتلوه اليا | خذوه فاعتلوه اليا | فاعتلوه اليا سوا | اليا سوا الجحيم
quotes 44:47: «فاعتلوه» in 2 segment(s): NASHR:v1p304#2, NASHR:v2p371
quotes 44:47: «اليا سوا الجحيم» in 0 segment(s): 
quotes 44:49: 4 unique window(s): ذق انك | العزيز الكريم | ذق انك انت | انت العزيز الكريم
quotes 44:49: «ذق انك» in 21 segment(s): BURHAN:v2p200, BURHAN:v2p216, BURHAN:v2p229, BURHAN:v2p313, BURHAN:v2p320, BURHAN:v4p54, BURHAN:v4p58, DAMGHANI:v1p186, DAMGHANI:v1p322, DAMGHANI:v1p403, IBNJAWZI-NUZHA:v1p521, IBNQUTAYBA-MUSHKIL:v1p118 …
quotes 44:49: «العزيز الكريم» in 20 segment(s): BURHAN:v2p200, BURHAN:v2p216, BURHAN:v2p229, BURHAN:v2p313, BURHAN:v2p320, BURHAN:v4p54, BURHAN:v4p58, DAMGHANI:v1p186, DAMGHANI:v1p322, DAMGHANI:v1p403, IBNJAWZI-NUZHA:v1p521, IBNQUTAYBA-MUSHKIL:v1p118 …
quotes 47:16: 24 unique window(s): انفا | اليك حتيا | اذا خرجوا | عندك قالوا | العلم ماذا | قال انفا | انفا اولايك | قلوبهم واتبعوا | يستمع اليك حتيا | اليك حتيا اذا | حتيا اذا خرجوا | اذا خرجوا من | خرجوا من عندك | من عندك قالوا | عندك قالوا للذين | قالوا للذين اوتوا | للذين اوتوا العلم | اوتوا العلم ماذا | العلم ماذا قال | ماذا قال انفا | قال انفا اولايك | انفا اولايك الذين | عليا قلوبهم واتبعوا | قلوبهم واتبعوا اهواهم
NOTE quotes 47:16: window «انفا» in 43 segments, too common alone; the longer windows that contain it are used instead
quotes 47:16: «اليك حتيا» in 0 segment(s): 
quotes 47:16: «اذا خرجوا» in 2 segment(s): IBNJAWZI-NUZHA:v1p358#2, SAMARRAI-LAMASAT-HALAQAT:p640
quotes 47:16: «عندك قالوا» in 0 segment(s): 
quotes 47:16: «العلم ماذا» in 0 segment(s): 
quotes 47:16: «قال انفا» in 0 segment(s): 
quotes 47:16: «انفا اولايك» in 0 segment(s): 
quotes 47:16: «قلوبهم واتبعوا» in 0 segment(s): 
quotes 47:16: «خرجوا من عندك» in 0 segment(s): 
quotes 47:16: «قالوا للذين اوتوا» in 0 segment(s): 
quotes 47:16: «للذين اوتوا العلم» in 0 segment(s): 
quotes 47:17: 10 unique window(s): تقوياهم | والذين اهتدوا | اهتدوا زادهم | زادهم هدي | هدي واتياهم | واتياهم تقوياهم | والذين اهتدوا زادهم | اهتدوا زادهم هدي | زادهم هدي واتياهم | هدي واتياهم تقوياهم
quotes 47:17: «تقوياهم» in 0 segment(s): 
quotes 47:17: «والذين اهتدوا» in 0 segment(s): 
quotes 47:17: «اهتدوا زادهم» in 0 segment(s): 
quotes 47:17: «زادهم هدي» in 0 segment(s): 
quotes 47:17: «هدي واتياهم» in 0 segment(s): 
quotes 49:13: 34 unique window(s): وانثيا | شعوبا | وقبايل | لتعارفوا | اكرمكم | اتقياكم | الناس انا | انا خلقناكم | ذكر وانثيا | وانثيا وجعلناكم | وجعلناكم شعوبا | شعوبا وقبايل | وقبايل لتعارفوا | لتعارفوا ان | ان اكرمكم | اكرمكم عند | الله اتقياكم | اتقياكم ان | ياايها الناس انا | الناس انا خلقناكم | انا خلقناكم من | خلقناكم من ذكر | من ذكر وانثيا | ذكر وانثيا وجعلناكم | وانثيا وجعلناكم شعوبا | وجعلناكم شعوبا وقبايل | شعوبا وقبايل لتعارفوا | وقبايل لتعارفوا ان | لتعارفوا ان اكرمكم | ان اكرمكم عند | اكرمكم عند الله | عند الله اتقياكم | الله اتقياكم ان | اتقياكم ان الله
quotes 49:13: «وانثيا» in 0 segment(s): 
quotes 49:13: «شعوبا» in 4 segment(s): BAQILLANI:v1p132, BURHAN:v1p194#2, DAMGHANI:v1p365, MAJAZ:v2p423#2
quotes 49:13: «وقبايل» in 4 segment(s): BAQILLANI:v1p132, BURHAN:v1p194#2, DAMGHANI:v1p365, SIBAWAYH:(هذابابتكسيرماعدةحروفهأربعةأحرفللجمع)#660
quotes 49:13: «لتعارفوا» in 5 segment(s): BAQILLANI:v1p132, DAMGHANI:v1p365, JISHUMI:v2p1036, MAJAZ:v2p429#2, NASHR:v2p231
quotes 49:13: «اكرمكم» in 8 segment(s): BAQILLANI:v1p132, DAMGHANI:v1p401, IBNJAWZI-NUZHA:v1p521, IBNQUTAYBA-MUSHKIL:v1p269, ITQAN:v1p91, ITQAN:v2p339#7, JURJANI-ASRAR:v1p228, MAJAZ:v2p439#2
quotes 49:13: «اتقياكم» in 0 segment(s): 
quotes 49:13: «الناس انا» in 6 segment(s): BAQILLANI:v1p132, BAQILLANI:v1p148, BURHAN:v1p194#2, IBNJAWZI-NUZHA:v1p604, ITQAN:v1p57, ITQAN:v1p62
quotes 49:13: «انا خلقناكم» in 5 segment(s): BAQILLANI:v1p132, BURHAN:v1p194#2, IBNJAWZI-NUZHA:v1p604, ITQAN:v1p57, ITQAN:v1p62
quotes 49:13: «خلقناكم من ذكر» in 9 segment(s): AZRAQI:v1p274, BAQILLANI:v1p132, BURHAN:v1p194#2, IBNHIBBAN:3828, IBNHISHAM:v2p411#2, IBNJAWZI-NUZHA:v1p604, ITQAN:v1p57, ITQAN:v1p62, TIRMIDHI:3270
quotes 50:16: 20 unique window(s): توسوس | الوريد | الانسان ونعلم | ونعلم ما | ما توسوس | توسوس به | به نفسه | نفسه ونحن | من حبل | حبل الوريد | خلقنا الانسان ونعلم | الانسان ونعلم ما | ونعلم ما توسوس | ما توسوس به | توسوس به نفسه | به نفسه ونحن | نفسه ونحن اقرب | اقرب اليه من | اليه من حبل | من حبل الوريد
quotes 50:16: «توسوس» in 3 segment(s): DAMGHANI:v1p49, DAMGHANI:v1p462, IBNJAWZI-NUZHA:v1p176#2
quotes 50:16: «الوريد» in 5 segment(s): BURHAN:v2p205, BURHAN:v4p443, IBNJAWZI-NUZHA:v1p241, ITQAN:v2p330#6, ITQAN:v3p19
quotes 50:16: «الانسان ونعلم» in 2 segment(s): DAMGHANI:v1p49, IBNJAWZI-NUZHA:v1p176#2
quotes 50:16: «ونعلم ما» in 3 segment(s): DAMGHANI:v1p49, DAMGHANI:v1p462, IBNJAWZI-NUZHA:v1p176#2
quotes 50:16: «به نفسه» in 12 segment(s): BAQILLANI:v1p169, BINTSHATI-IJAZ:p125, DAMGHANI:v1p49, DAMGHANI:v1p462, DURR-FULL:v1p16, IBNJAWZI-NUZHA:v1p176#2, IBNQUTAYBA-MUSHKIL:v1p231, JISHUMI:v2p974, JURJANI-DALAIL:v1p394, SIBAWAYH:وذلكقولكلهعلىألفدرهمعرفاms158|ومثلذلكقولالأحوص#177, SIBAWAYH:(هذابابمجرىنعتالمعرفةعليها)#206, SIBAWAYH:اعلمأنهذهالحروفكلهاتكونوصفاللمجروروالمرفوعوالمنصوبالمضمرين#434
quotes 50:16: «نفسه ونحن» in 0 segment(s): 
quotes 50:16: «من حبل» in 5 segment(s): BURHAN:v2p205, BURHAN:v4p443, IBNJAWZI-NUZHA:v1p241, ITQAN:v2p330#6, ITQAN:v3p19
quotes 50:16: «اقرب اليه من» in 8 segment(s): BURHAN:v1p82, BURHAN:v1p397, BURHAN:v2p205, BURHAN:v4p443, IBNJAWZI-NUZHA:v1p241, ITQAN:v3p19, ITQAN:v4p446, SAMARRAI-ASRAR:r7#3
quotes 50:27: 11 unique window(s): اطغيته | قال قرينه | قرينه ربنا | ما اطغيته | اطغيته ولاكن | قال قرينه ربنا | قرينه ربنا ما | ربنا ما اطغيته | ما اطغيته ولاكن | اطغيته ولاكن كان | ولاكن كان في
quotes 50:27: «اطغيته» in 4 segment(s): DAMGHANI:v1p293, DAMGHANI:v1p378, IBNJAWZI-NUZHA:v1p413, IBNQUTAYBA-MUSHKIL:v1p238
quotes 50:27: «قال قرينه» in 2 segment(s): DAMGHANI:v1p378, IBNQUTAYBA-MUSHKIL:v1p238
quotes 50:27: «قرينه ربنا» in 2 segment(s): DAMGHANI:v1p378, IBNQUTAYBA-MUSHKIL:v1p238
quotes 50:27: «ولاكن كان في» in 0 segment(s): 
quotes 52:13: 7 unique window(s): يوم يدعون | اليا نار | جهنم دعا | يوم يدعون اليا | يدعون اليا نار | اليا نار جهنم | نار جهنم دعا
quotes 52:13: «يوم يدعون» in 2 segment(s): BINTSHATI-IJAZ:p504, ITQAN:v2p331#2
quotes 52:13: «اليا نار» in 0 segment(s): 
quotes 52:13: «جهنم دعا» in 1 segment(s): BINTSHATI-IJAZ:p504
quotes 52:14: 2 unique window(s): هاذه النار | هاذه النار التي
quotes 52:14: «هاذه النار» in 0 segment(s): 
quotes 53:2: 8 unique window(s): غويا | ما ضل | ضل صاحبكم | صاحبكم وما | وما غويا | ما ضل صاحبكم | ضل صاحبكم وما | صاحبكم وما غويا
quotes 53:2: «غويا» in 0 segment(s): 
quotes 53:2: «ما ضل» in 15 segment(s): BINTSHATI-IJAZ:p109, BINTSHATI-IJAZ:p244, BINTSHATI-IJAZ:p245, BINTSHATI-IJAZ:p250, BURHAN:v1p77, DAMGHANI:v1p274, IBNJAWZI-NUZHA:v1p392, ITQAN:v3p280, ITQAN:v4p353, ITQAN:v4p528, JURJANI-ASRAR:v1p245, SAMARRAI-LAMASAT-HALAQAT:p48 …
quotes 53:2: «ضل صاحبكم» in 13 segment(s): BINTSHATI-IJAZ:p109, BINTSHATI-IJAZ:p244, BINTSHATI-IJAZ:p245, BINTSHATI-IJAZ:p250, BURHAN:v1p77, DAMGHANI:v1p274, IBNJAWZI-NUZHA:v1p392, ITQAN:v3p280, ITQAN:v4p353, SAMARRAI-LAMASAT-HALAQAT:p48, SAMARRAI-LAMASAT-HALAQAT:p49, SAMARRAI-LAMASAT-HALAQAT:p50 …
quotes 53:2: «صاحبكم وما» in 12 segment(s): BINTSHATI-IJAZ:p109, BINTSHATI-IJAZ:p244, BINTSHATI-IJAZ:p245, BINTSHATI-IJAZ:p250, BURHAN:v1p77, DAMGHANI:v1p274, IBNJAWZI-NUZHA:v1p392, ITQAN:v3p280, ITQAN:v4p353, SAMARRAI-LAMASAT-HALAQAT:p48, SAMARRAI-LAMASAT-HALAQAT:p49, SAMARRAI-LAMASAT-HALAQAT:p50
quotes 53:5: 4 unique window(s): القويا | علمه شديد | شديد القويا | علمه شديد القويا
quotes 53:5: «القويا» in 0 segment(s): 
quotes 53:5: «علمه شديد» in 4 segment(s): BINTSHATI-IJAZ:p250, BINTSHATI-IJAZ:p414, SAMARRAI-LAMASAT-HALAQAT:p48, SAMARRAI-LAMASAT-HALAQAT:p52
quotes 53:10: 7 unique window(s): فاوحيا اليا | اليا عبده | عبده ما | ما اوحيا | فاوحيا اليا عبده | اليا عبده ما | عبده ما اوحيا
quotes 53:10: «فاوحيا اليا» in 0 segment(s): 
quotes 53:10: «اليا عبده» in 0 segment(s): 
quotes 53:10: «عبده ما» in 6 segment(s): BINTSHATI-IJAZ:p247, BINTSHATI-IJAZ:p251, IBNJAWZI-NUZHA:v1p621, NASHR:v2p408, SAMARRAI-LAMASAT-HALAQAT:p48, SAMARRAI-LAMASAT-HALAQAT:p54
quotes 53:10: «ما اوحيا» in 0 segment(s): 
quotes 53:13: 4 unique window(s): راه نزله | نزله اخريا | ولقد راه نزله | راه نزله اخريا
quotes 53:13: «راه نزله» in 3 segment(s): BURHAN:v4p290, SAMARRAI-LAMASAT-HALAQAT:p48, SAMARRAI-LAMASAT-HALAQAT:p55
quotes 53:13: «نزله اخريا» in 0 segment(s): 
quotes 53:14: 4 unique window(s): سدره | عند سدره | سدره المنتهيا | عند سدره المنتهيا
quotes 53:14: «سدره» in 10 segment(s): BURHAN:v4p290, DAMGHANI:v1p335, ITQAN:v1p73, ITQAN:v2p482, SAMARRAI-LAMASAT-HALAQAT:p43, SAMARRAI-LAMASAT-HALAQAT:p48, SAMARRAI-LAMASAT-HALAQAT:p55, SAMARRAI-LAMASAT-HALAQAT:p814, SIBAWAYH:وذلكقولكترباوجندلاوماأشبههذا|فإنأدخلتلكفقلتتربالكفإن#123, SIBAWAYH:(هذابابماكانواحدايقعللجميعويكونواحدهعلىبنائهمنلفظهإلا#655
quotes 53:17: 7 unique window(s): ما زاغ | زاغ البصر | البصر وما | وما طغيا | ما زاغ البصر | زاغ البصر وما | البصر وما طغيا
quotes 53:17: «ما زاغ» in 2 segment(s): SAMARRAI-LAMASAT-HALAQAT:p48, SAMARRAI-LAMASAT-HALAQAT:p56
quotes 53:17: «زاغ البصر» in 2 segment(s): SAMARRAI-LAMASAT-HALAQAT:p48, SAMARRAI-LAMASAT-HALAQAT:p56
quotes 53:17: «البصر وما» in 5 segment(s): ITQAN:v3p147, SAMARRAI-LAMASAT:p134, SAMARRAI-LAMASAT-HALAQAT:p48, SAMARRAI-LAMASAT-HALAQAT:p54, SAMARRAI-LAMASAT-HALAQAT:p56
quotes 53:17: «وما طغيا» in 0 segment(s): 
quotes 53:23: 13 unique window(s): وما تهوي | تهوي الانفس | الانفس ولقد | ربهم الهديا | هي الا اسما | سلطان ان يتبعون | الا الظن وما | الظن وما تهوي | وما تهوي الانفس | تهوي الانفس ولقد | الانفس ولقد جاهم | جاهم من ربهم | من ربهم الهديا
quotes 53:23: «وما تهوي» in 4 segment(s): BINTSHATI-IJAZ:p105, DAMGHANI:v1p460, DAMGHANI:v1p477, RUMMANI:v1p76
quotes 53:23: «تهوي الانفس» in 5 segment(s): BINTSHATI-IJAZ:p105, DAMGHANI:v1p460, DAMGHANI:v1p477, JISHUMI:v1p480, RUMMANI:v1p76
quotes 53:23: «الانفس ولقد» in 0 segment(s): 
quotes 53:23: «ربهم الهديا» in 0 segment(s): 
quotes 53:23: «هي الا اسما» in 2 segment(s): DAMGHANI:v1p246, KALBI-ASNAM:v1p18
quotes 53:23: «سلطان ان يتبعون» in 0 segment(s): 
quotes 53:23: «الا الظن وما» in 2 segment(s): BINTSHATI-IJAZ:p105, RUMMANI:v1p76
quotes 53:23: «جاهم من ربهم» in 4 segment(s): BURHAN:v1p102, DAMGHANI:v1p472, IBNJAWZI-NUZHA:v1p627, ITQAN:v2p410
quotes 53:30: 9 unique window(s): مبلغهم | ذالك مبلغهم | مبلغهم من | بمن اهتديا | ذالك مبلغهم من | مبلغهم من العلم | من العلم ان | وهو اعلم بمن | اعلم بمن اهتديا
quotes 53:30: «مبلغهم» in 1 segment(s): BURHAN:v2p287
quotes 53:30: «بمن اهتديا» in 0 segment(s): 
quotes 53:30: «من العلم ان» in 5 segment(s): BUKHARI:4774, BUKHARI:4809, BUKHARI:4822, IBNHIBBAN:6585, MUSNAD-AHMAD:4104
quotes 53:30: «وهو اعلم بمن» in 1 segment(s): BURHAN:v1p116
quotes 53:33: 2 unique window(s): الذي توليا | افريت الذي توليا
quotes 53:33: «الذي توليا» in 0 segment(s): 
quotes 53:34: 5 unique window(s): واعطيا | واكديا | واعطيا قليلا | قليلا واكديا | واعطيا قليلا واكديا
quotes 53:34: «واعطيا» in 0 segment(s): 
quotes 53:34: «واكديا» in 0 segment(s): 
quotes 53:35: 8 unique window(s): اعنده | اعنده علم | علم الغيب | الغيب فهو | فهو يريا | اعنده علم الغيب | علم الغيب فهو | الغيب فهو يريا
quotes 53:35: «اعنده» in 2 segment(s): BURHAN:v3p171, DAMGHANI:v1p332
quotes 53:35: «علم الغيب» in 12 segment(s): BURHAN:v2p475, BURHAN:v3p171, BURHAN:v3p256, BURHAN:v4p7, BURHAN:v4p288, DAMGHANI:v1p332, ITQAN:v2p563#2, ITQAN:v4p321, JURJANI-ASRAR:v1p289, MAWARDI-FULL:v1p32, NASHR:v2p466, SAMARRAI-ASRAR:r10#2
quotes 53:35: «الغيب فهو» in 1 segment(s): BURHAN:v3p171
quotes 53:35: «فهو يريا» in 0 segment(s): 
quotes 53:36: 9 unique window(s): ينبا | لم ينبا | ينبا بما | صحف موسيا | ام لم ينبا | لم ينبا بما | ينبا بما في | بما في صحف | في صحف موسيا
quotes 53:36: «ينبا» in 7 segment(s): BURHAN:v3p239#4, BURHAN:v3p263, ITQAN:v3p293#3, NASHR:v1p390#4, NASHR:v1p392, NASHR:v2p379#2, SAMARRAI-LAMASAT-HALAQAT:p763
quotes 53:36: «صحف موسيا» in 0 segment(s): 
quotes 53:36: «بما في صحف» in 1 segment(s): BURHAN:v3p239#4
quotes 53:39: 7 unique window(s): وان ليس | ليس للانسان | للانسان الا | وان ليس للانسان | ليس للانسان الا | للانسان الا ما | الا ما سعيا
quotes 53:39: «وان ليس» in 10 segment(s): BURHAN:v3p191, ITQAN:v1p296#2, JURJANI-ASRAR:v1p238, JURJANI-DALAIL:v1p24, JURJANI-DALAIL:v1p65, JURJANI-DALAIL:v1p214, JURJANI-DALAIL:v1p224, JURJANI-DALAIL:v1p257, JURJANI-DALAIL:v1p263, JURJANI-DALAIL:v1p376
quotes 53:39: «ليس للانسان» in 1 segment(s): ITQAN:v1p296#2
quotes 53:39: «للانسان الا» in 1 segment(s): ITQAN:v1p296#2
quotes 53:39: «الا ما سعيا» in 0 segment(s): 
quotes 53:40: 6 unique window(s): سعيه | وان سعيه | سعيه سوف | سوف يريا | وان سعيه سوف | سعيه سوف يريا
quotes 53:40: «سعيه» in 8 segment(s): DAMGHANI:v1p237, JURJANI-ASRAR:v1p104, JURJANI-ASRAR:v1p105, JURJANI-ASRAR:v1p114, JURJANI-DALAIL:v1p54, MAJAZ:v2p419, RAZI-FULL:v1p62#2, YKHULI-TAJDID:c4
quotes 53:40: «سوف يريا» in 0 segment(s): 
quotes 53:42: 4 unique window(s): وان اليا | ربك المنتهيا | وان اليا ربك | اليا ربك المنتهيا
quotes 53:42: «وان اليا» in 1 segment(s): NASHR:v1p453
quotes 53:42: «ربك المنتهيا» in 0 segment(s): 
quotes 53:48: 5 unique window(s): واقنيا | هو اغنيا | اغنيا واقنيا | وانه هو اغنيا | هو اغنيا واقنيا
quotes 53:48: «واقنيا» in 0 segment(s): 
quotes 53:48: «هو اغنيا» in 0 segment(s): 
quotes 54:1: 7 unique window(s): اقتربت | وانشق | اقتربت الساعه | الساعه وانشق | وانشق القمر | اقتربت الساعه وانشق | الساعه وانشق القمر
quotes 54:1: «اقتربت» in 18 segment(s): BINTSHATI-IJAZ:p241, BURHAN:v1p73, BURHAN:v1p77, BURHAN:v1p179, BURHAN:v1p193, BURHAN:v3p279, BURHAN:v4p202, IBNQUTAYBA-MUSHKIL:v1p151, ITQAN:v1p37, ITQAN:v1p38, ITQAN:v1p77#2, ITQAN:v1p78 …
quotes 54:1: «وانشق» in 4 segment(s): BINTSHATI-IJAZ:p241, BURHAN:v1p73, BURHAN:v1p77, BURHAN:v3p279
quotes 55:1: 0 unique window(s): 
quotes 55:2: 1 unique window(s): علم القران
quotes 55:2: «علم القران» in 30 segment(s): ALUSI-FULL:v1p9, BAQILLANI:v1p274, BURHAN:v1p4, BURHAN:v1p6, BURHAN:v1p179, BURHAN:v1p223, BURHAN:v1p312, BURHAN:v2p24, BURHAN:v2p154, BURHAN:v2p172, BURHAN:v2p192, IBNASHUR-FULL:v1p12 …
quotes 55:3: 0 unique window(s): 
quotes 55:4: 2 unique window(s): البيان | علمه البيان
NOTE quotes 55:4: window «البيان» in 491 segments, too common alone; the longer windows that contain it are used instead
quotes 55:4: «علمه البيان» in 8 segment(s): BAQILLANI:v1p274, BAQILLANI:v1p281, BURHAN:v1p312, JURJANI-ASRAR:v1p1, RUMMANI:v1p106, SAMARRAI-LAMASAT-HALAQAT:p590, SAMARRAI-LAMASAT-HALAQAT:p1043, SAMARRAI-LAMASAT-HALAQAT:p1044
quotes 55:6: 4 unique window(s): يسجدان | والنجم والشجر | والشجر يسجدان | والنجم والشجر يسجدان
quotes 55:6: «يسجدان» in 12 segment(s): BURHAN:v3p376, BURHAN:v3p444, DAMGHANI:v1p229, DAMGHANI:v1p258, DAMGHANI:v1p449, IBNJAWZI-NUZHA:v1p348, IBNJAWZI-NUZHA:v1p379, IBNJAWZI-NUZHA:v1p580, IBNQUTAYBA-MUSHKIL:v1p237, ITQAN:v3p227, ITQAN:v3p247, MAJAZ:v2p419
quotes 55:6: «والنجم والشجر» in 11 segment(s): BURHAN:v3p376, BURHAN:v3p444, DAMGHANI:v1p229, DAMGHANI:v1p258, IBNJAWZI-NUZHA:v1p348, IBNJAWZI-NUZHA:v1p379, IBNJAWZI-NUZHA:v1p580, IBNQUTAYBA-MUSHKIL:v1p237, ITQAN:v2p332#2, ITQAN:v3p227, ITQAN:v3p247
quotes 55:7: 6 unique window(s): رفعها | والسما رفعها | رفعها ووضع | ووضع الميزان | والسما رفعها ووضع | رفعها ووضع الميزان
quotes 55:7: «رفعها» in 10 segment(s): BINTSHATI-IJAZ:p535, BURHAN:v3p197, BURHAN:v3p376, FARRA:v1p498, JISHUMI:v1p588, JURJANI-ASRAR:v1p305, NASHR:v1p217, SAMARRAI-LAMASAT-HALAQAT:p616, SIBAWAYH:وذلكقولكزيدكممرةرأيتهوعبداللههللقيتهوعمروهلالقيتهوكذلك#63, SIBAWAYH:وذلكقولكسلامعليكولبيكوخيربينيديكوويللكوويحلكوويسلك#135
quotes 55:7: «ووضع الميزان» in 0 segment(s): 
quotes 55:8: 5 unique window(s): الا تطغوا | تطغوا في | في الميزان | الا تطغوا في | تطغوا في الميزان
quotes 55:8: «الا تطغوا» in 4 segment(s): BURHAN:v4p147, DAMGHANI:v1p293, IBNJAWZI-NUZHA:v1p413, NASHR:v2p29
quotes 55:8: «تطغوا في» in 4 segment(s): BURHAN:v4p147, DAMGHANI:v1p293, IBNJAWZI-NUZHA:v1p413, SAMARRAI-LAMASAT-HALAQAT:p589
quotes 55:8: «في الميزان» in 8 segment(s): BINTSHATI-IJAZ:p103, BURHAN:v4p16, BURHAN:v4p147, DAMGHANI:v1p293, IBNJAWZI-NUZHA:v1p413, RIFAI-KHULI:c6, SAMARRAI-LAMASAT-HALAQAT:p589, THALABI:v1p85
quotes 55:39: 10 unique window(s): ذنبه | عن ذنبه | ذنبه انس | انس ولا | فيوميذ لا يسل | لا يسل عن | يسل عن ذنبه | عن ذنبه انس | ذنبه انس ولا | انس ولا جان
quotes 55:39: «ذنبه» in 15 segment(s): BURHAN:v2p8, BURHAN:v2p53, BURHAN:v3p256, BURHAN:v4p26, DAMGHANI:v1p16, DAMGHANI:v1p40, IBNQUTAYBA-MUSHKIL:v1p25, IBNQUTAYBA-MUSHKIL:v1p46, IBNQUTAYBA-MUSHKIL:v1p139, IBNQUTAYBA-MUSHKIL:v1p229#2, IBNQUTAYBA-MUSHKIL:v1p239#2, ITQAN:v2p547#2 …
quotes 55:39: «انس ولا» in 7 segment(s): BURHAN:v2p53, BURHAN:v3p256, BURHAN:v4p26, IBNQUTAYBA-MUSHKIL:v1p25, IBNQUTAYBA-MUSHKIL:v1p46, ITQAN:v2p547#2, ITQAN:v3p76
quotes 55:39: «فيوميذ لا يسل» in 0 segment(s): 
quotes 55:39: «لا يسل عن» in 0 segment(s): 
quotes 55:41: 13 unique window(s): يعرف | فيوخذ | بالنواصي | والاقدام | يعرف المجرمون | المجرمون بسيماهم | بسيماهم فيوخذ | فيوخذ بالنواصي | بالنواصي والاقدام | يعرف المجرمون بسيماهم | المجرمون بسيماهم فيوخذ | بسيماهم فيوخذ بالنواصي | فيوخذ بالنواصي والاقدام
NOTE quotes 55:41: window «يعرف» in 303 segments, too common alone; the longer windows that contain it are used instead
quotes 55:41: «فيوخذ» in 11 segment(s): BURHAN:v1p291, BURHAN:v4p137, DAMGHANI:v1p372, IBNJAWZI-NUZHA:v1p485, IBNQUTAYBA-MUSHKIL:v1p99, ITQAN:v2p305, ITQAN:v4p344#2, NASHR:v1p46, NASHR:v2p49, NASHR:v2p402, RUMMANI:v1p108
quotes 55:41: «بالنواصي» in 4 segment(s): DAMGHANI:v1p372, IBNJAWZI-NUZHA:v1p485, IBNQUTAYBA-MUSHKIL:v1p99, RUMMANI:v1p108
quotes 55:41: «والاقدام» in 5 segment(s): DAMGHANI:v1p372, IBNJAWZI-NUZHA:v1p485, IBNQUTAYBA-MUSHKIL:v1p99, RUMMANI:v1p108, SIBAWAYH:(هذابابتكسيرالواحدللجمع)#654
quotes 55:41: «يعرف المجرمون» in 1 segment(s): RUMMANI:v1p108
quotes 55:41: «المجرمون بسيماهم» in 1 segment(s): RUMMANI:v1p108
quotes 56:1: 2 unique window(s): اذا وقعت | اذا وقعت الواقعه
quotes 56:1: «اذا وقعت» in 33 segment(s): BAQILLANI:v1p176, BURHAN:v1p179#2, BURHAN:v2p386, BURHAN:v4p126, BURHAN:v4p199, DAMGHANI:v1p493, IBNASHUR-FULL:v1p99, IBNJAWZI-NUZHA:v1p199, IBNJAWZI-NUZHA:v1p612, ITQAN:v2p432, ITQAN:v3p188, JISHUMI:v1p580 …
quotes 56:2: 4 unique window(s): لوقعتها | ليس لوقعتها | لوقعتها كاذبه | ليس لوقعتها كاذبه
quotes 56:2: «لوقعتها» in 4 segment(s): BURHAN:v2p285, DAMGHANI:v1p401, DAMGHANI:v1p493, ITQAN:v3p103
quotes 56:10: 2 unique window(s): السابقون | والسابقون السابقون
quotes 56:10: «السابقون» in 9 segment(s): BURHAN:v3p471, DAMGHANI:v1p227, DAMGHANI:v1p314, IBNASHUR-FULL:v1p101, ITQAN:v3p240#2, ITQAN:v4p469, SAMARRAI-ASRAR:r7#9, SAMARRAI-LAMASAT-HALAQAT:p639, SAMARRAI-LAMASAT-HALAQAT:p734
quotes 56:11: 1 unique window(s): اولايك المقربون
quotes 56:11: «اولايك المقربون» in 1 segment(s): SAMARRAI-ASRAR:r7#9
quotes 56:77: 4 unique window(s): لقران | انه لقران | لقران كريم | انه لقران كريم
quotes 56:77: «لقران» in 11 segment(s): ALUSI-FULL:v1p7#3, BINTSHATI-IJAZ:p281, BINTSHATI-IJAZ:p283, BURHAN:v1p271, BURHAN:v1p273, BURHAN:v1p278, BURHAN:v3p63, ITQAN:v1p141, ITQAN:v1p143, ITQAN:v3p201, ITQAN:v4p353
quotes 56:78: 2 unique window(s): كتاب مكنون | في كتاب مكنون
quotes 56:78: «كتاب مكنون» in 3 segment(s): BURHAN:v1p276, BURHAN:v2p28, ITQAN:v3p55
quotes 64:6: 24 unique window(s): ابشر | يهدوننا | واستغني | ذالك بانه | بانه كانت | بالبينات فقالوا | فقالوا ابشر | ابشر يهدوننا | يهدوننا فكفروا | فكفروا وتولوا | وتولوا واستغني | واستغني الله | ذالك بانه كانت | بانه كانت تاتيهم | رسلهم بالبينات فقالوا | بالبينات فقالوا ابشر | فقالوا ابشر يهدوننا | ابشر يهدوننا فكفروا | يهدوننا فكفروا وتولوا | فكفروا وتولوا واستغني | وتولوا واستغني الله | واستغني الله والله | الله والله غني | والله غني حميد
quotes 64:6: «ابشر» in 7 segment(s): BURHAN:v1p308, DURR-FULL:v1p10, DURR-FULL:v1p13, ITQAN:v1p114, ITQAN:v1p297, ITQAN:v4p413#2, WAHIDI-ASBAB:v1p10
quotes 64:6: «يهدوننا» in 1 segment(s): BURHAN:v1p308
quotes 64:6: «واستغني» in 22 segment(s): BINTSHATI-IJAZ:p249, BINTSHATI-IJAZ:p374, BURHAN:v2p129, BURHAN:v3p88, BURHAN:v3p121, BURHAN:v3p191, BURHAN:v3p211, BURHAN:v3p230, ITQAN:v2p559, ITQAN:v3p175, JISHUMI:v1p726, JISHUMI:v1p809#2 …
quotes 64:6: «ذالك بانه» in 0 segment(s): 
quotes 64:6: «بانه كانت» in 0 segment(s): 
quotes 64:6: «بالبينات فقالوا» in 0 segment(s): 
quotes 64:6: «فكفروا وتولوا» in 0 segment(s): 
quotes 64:6: «الله والله غني» in 0 segment(s): 
quotes 64:6: «والله غني حميد» in 0 segment(s): 
quotes 66:6: 34 unique window(s): واهليكم | غلاظ | يعصون | امنوا قوا | قوا انفسكم | انفسكم واهليكم | واهليكم نارا | نارا وقودها | والحجاره عليها | عليها ملايكه | ملايكه غلاظ | غلاظ شداد | شداد لا | لا يعصون | يعصون الله | ما امرهم | امرهم ويفعلون | الذين امنوا قوا | امنوا قوا انفسكم | قوا انفسكم واهليكم | انفسكم واهليكم نارا | واهليكم نارا وقودها | نارا وقودها الناس | الناس والحجاره عليها | والحجاره عليها ملايكه | عليها ملايكه غلاظ | ملايكه غلاظ شداد | غلاظ شداد لا | شداد لا يعصون | لا يعصون الله | يعصون الله ما | الله ما امرهم | ما امرهم ويفعلون | امرهم ويفعلون ما
quotes 66:6: «واهليكم» in 3 segment(s): BURHAN:v1p450, ITQAN:v2p546, JISHUMI:v1p602
quotes 66:6: «غلاظ» in 0 segment(s): 
quotes 66:6: «يعصون» in 7 segment(s): DAMGHANI:v1p26, DAMGHANI:v1p75, ITQAN:v3p199, JISHUMI:v1p523, SAMARRAI-ASRAR-MUH:p24, SAMARRAI-LAMASAT-HALAQAT:p474, SAMARRAI-LAMASAT-HALAQAT:p642
quotes 66:6: «امنوا قوا» in 1 segment(s): BURHAN:v1p450
quotes 66:6: «قوا انفسكم» in 3 segment(s): BURHAN:v1p450, ITQAN:v2p546, JISHUMI:v1p602
quotes 66:6: «نارا وقودها» in 1 segment(s): DAMGHANI:v1p468
quotes 66:6: «والحجاره عليها» in 0 segment(s): 
quotes 66:6: «عليها ملايكه» in 0 segment(s): 
quotes 66:6: «شداد لا» in 0 segment(s): 
quotes 66:6: «ما امرهم» in 9 segment(s): IBNKATHIR-FULL:v1p27, ITQAN:v3p199, JISHUMI:v1p436#2, JISHUMI:v1p523, RUMMANI:v1p85, SAMARRAI-ASRAR-MUH:p24, SAMARRAI-LAMASAT:p128, SAMARRAI-LAMASAT-HALAQAT:p474, SAMARRAI-LAMASAT-HALAQAT:p642
quotes 66:6: «امرهم ويفعلون» in 1 segment(s): ITQAN:v3p199
quotes 67:22: 18 unique window(s): مكبا | افمن يمشي | يمشي مكبا | مكبا عليا | وجهه اهديا | اهديا امن | امن يمشي | يمشي سويا | سويا عليا | افمن يمشي مكبا | يمشي مكبا عليا | مكبا عليا وجهه | عليا وجهه اهديا | وجهه اهديا امن | اهديا امن يمشي | امن يمشي سويا | يمشي سويا عليا | سويا عليا صراط
quotes 67:22: «مكبا» in 5 segment(s): BINTSHATI-IJAZ:p532, BINTSHATI-IJAZ:p581, BURHAN:v1p423, BURHAN:v3p131, ITQAN:v2p370
quotes 67:22: «افمن يمشي» in 3 segment(s): BINTSHATI-IJAZ:p581, BURHAN:v1p423, BURHAN:v3p131
quotes 67:22: «وجهه اهديا» in 0 segment(s): 
quotes 67:22: «اهديا امن» in 0 segment(s): 
quotes 67:22: «امن يمشي» in 4 segment(s): BINTSHATI-IJAZ:p581, BURHAN:v3p131, DAMGHANI:v1p253, IBNJAWZI-NUZHA:v1p352
quotes 67:22: «يمشي سويا» in 4 segment(s): BINTSHATI-IJAZ:p581, BURHAN:v3p131, DAMGHANI:v1p253, IBNJAWZI-NUZHA:v1p352
quotes 67:22: «سويا عليا» in 0 segment(s): 
quotes 68:1: 7 unique window(s): والقلم | يسطرون | ن والقلم | والقلم وما | وما يسطرون | ن والقلم وما | والقلم وما يسطرون
quotes 68:1: «والقلم» in 35 segment(s): ALUSI-FULL:v1p31, BAQILLANI:v1p277, BINTSHATI-IJAZ:p149, BINTSHATI-IJAZ:p160, BINTSHATI-IJAZ:p161, BINTSHATI-IJAZ:p523, BURHAN:v1p148, BURHAN:v1p161, BURHAN:v1p170, BURHAN:v1p193, BURHAN:v1p377, BURHAN:v4p61 …
quotes 68:1: «يسطرون» in 14 segment(s): BINTSHATI-IJAZ:p160, BINTSHATI-IJAZ:p161, BURHAN:v1p377, IBNJAWZI-NUZHA:v1p481#2, IBNQUTAYBA-GHARIB:v1p37#2, IBNQUTAYBA-MUSHKIL:v1p183, ITQAN:v4p442, ITQAN:v4p532#4, MAJAZ:v2p419, SAMARRAI-LAMASAT:p169, SAMARRAI-LAMASAT-HALAQAT:p109, SAMARRAI-LAMASAT-HALAQAT:p680 …
quotes 68:2: 5 unique window(s): انت بنعمه | ربك بمجنون | ما انت بنعمه | انت بنعمه ربك | بنعمه ربك بمجنون
quotes 68:2: «انت بنعمه» in 17 segment(s): BAQILLANI:v1p96, BINTSHATI-IJAZ:p160, BINTSHATI-IJAZ:p181, BINTSHATI-IJAZ:p281, BINTSHATI-IJAZ:p282, BURHAN:v1p73, BURHAN:v4p358, IBNASHUR-FULL:v1p25, ITQAN:v2p500, ITQAN:v3p279, ITQAN:v3p296, SAMARRAI-LAMASAT:p168 …
quotes 68:2: «ربك بمجنون» in 17 segment(s): BAQILLANI:v1p96, BINTSHATI-IJAZ:p160, BINTSHATI-IJAZ:p181, BINTSHATI-IJAZ:p281, BINTSHATI-IJAZ:p282, BURHAN:v1p73, BURHAN:v4p358, IBNASHUR-FULL:v1p25, ITQAN:v2p500, ITQAN:v3p279, ITQAN:v3p296, SAMARRAI-LAMASAT:p168 …
quotes 68:4: 5 unique window(s): وانك لعليا | لعليا خلق | خلق عظيم | وانك لعليا خلق | لعليا خلق عظيم
quotes 68:4: «وانك لعليا» in 0 segment(s): 
quotes 68:4: «لعليا خلق» in 0 segment(s): 
quotes 68:4: «خلق عظيم» in 10 segment(s): BINTSHATI-IJAZ:p160, BINTSHATI-IJAZ:p402, BINTSHATI-IJAZ:p403, BINTSHATI-IJAZ:p570, DAMGHANI:v1p325, DAMGHANI:v1p332, IBNQUTAYBA-MUSHKIL:v1p11, ITQAN:v2p499, SAMARRAI-LAMASAT-HALAQAT:p680, SAMARRAI-LAMASAT-HALAQAT:p682
quotes 68:8: 2 unique window(s): تطع المكذبين | فلا تطع المكذبين
quotes 68:8: «تطع المكذبين» in 4 segment(s): BINTSHATI-IJAZ:p160, SAMARRAI-ASRAR-MUH:p32, SAMARRAI-LAMASAT-HALAQAT:p483, SAMARRAI-LAMASAT-HALAQAT:p680
quotes 68:9: 6 unique window(s): تدهن | فيدهنون | لو تدهن | تدهن فيدهنون | ودوا لو تدهن | لو تدهن فيدهنون
quotes 68:9: «تدهن» in 10 segment(s): BINTSHATI-IJAZ:p160, BURHAN:v2p320, IBNQUTAYBA-MUSHKIL:v1p150, ITQAN:v2p334#2, ITQAN:v2p582, MAJAZ:v2p414, SAMARRAI-ASRAR-MUH:p32, SAMARRAI-LAMASAT-HALAQAT:p483, SAMARRAI-LAMASAT-HALAQAT:p680, SIBAWAYH:(هذابابالفاء)#475
quotes 68:9: «فيدهنون» in 8 segment(s): BINTSHATI-IJAZ:p160, BURHAN:v2p320, IBNQUTAYBA-MUSHKIL:v1p150, ITQAN:v2p334#2, SAMARRAI-ASRAR-MUH:p32, SAMARRAI-LAMASAT-HALAQAT:p483, SAMARRAI-LAMASAT-HALAQAT:p680, SIBAWAYH:(هذابابالفاء)#475
quotes 68:17: 19 unique window(s): بلوناهم | بلونا | ليصرمنها | انا بلوناهم | بلوناهم كما | كما بلونا | بلونا اصحاب | الجنه اذ | اذ اقسموا | اقسموا ليصرمنها | ليصرمنها مصبحين | انا بلوناهم كما | بلوناهم كما بلونا | كما بلونا اصحاب | بلونا اصحاب الجنه | اصحاب الجنه اذ | الجنه اذ اقسموا | اذ اقسموا ليصرمنها | اقسموا ليصرمنها مصبحين
quotes 68:17: «بلوناهم» in 4 segment(s): BINTSHATI-IJAZ:p424, DAMGHANI:v1p110, ITQAN:v1p53, SAMARRAI-LAMASAT-HALAQAT:p680
quotes 68:17: «بلونا» in 4 segment(s): BINTSHATI-IJAZ:p424, DAMGHANI:v1p110, JURJANI-DALAIL:v1p78, SAMARRAI-LAMASAT-HALAQAT:p680
quotes 68:17: «ليصرمنها» in 6 segment(s): BINTSHATI-IJAZ:p223, BINTSHATI-IJAZ:p424, DAMGHANI:v1p271, IBNASHUR-FULL:v1p63, IBNJAWZI-NUZHA:v1p91#2, SAMARRAI-LAMASAT-HALAQAT:p680
quotes 68:17: «الجنه اذ» in 2 segment(s): BINTSHATI-IJAZ:p424, SAMARRAI-LAMASAT-HALAQAT:p680
quotes 68:17: «اذ اقسموا» in 5 segment(s): BINTSHATI-IJAZ:p223, BINTSHATI-IJAZ:p424, DAMGHANI:v1p271, IBNASHUR-FULL:v1p63, SAMARRAI-LAMASAT-HALAQAT:p680
quotes 68:18: 2 unique window(s): يستثنون | ولا يستثنون
quotes 68:18: «يستثنون» in 2 segment(s): BINTSHATI-IJAZ:p223, BINTSHATI-IJAZ:p424
quotes 68:19: 9 unique window(s): فطاف | فطاف عليها | عليها طايف | ربك وهم | فطاف عليها طايف | عليها طايف من | طايف من ربك | من ربك وهم | ربك وهم نايمون
quotes 68:19: «فطاف» in 3 segment(s): BINTSHATI-IJAZ:p424, DAMGHANI:v1p299, IBNJAWZI-NUZHA:v1p416
quotes 68:19: «عليها طايف» in 3 segment(s): BINTSHATI-IJAZ:p424, DAMGHANI:v1p299, IBNJAWZI-NUZHA:v1p416
quotes 68:19: «ربك وهم» in 3 segment(s): BINTSHATI-IJAZ:p424, DAMGHANI:v1p299, IBNQUTAYBA-MUSHKIL:v1p140
quotes 68:19: «طايف من ربك» in 3 segment(s): BINTSHATI-IJAZ:p424, DAMGHANI:v1p299, IBNJAWZI-NUZHA:v1p416
quotes 68:20: 3 unique window(s): فاصبحت | كالصريم | فاصبحت كالصريم
quotes 68:20: «فاصبحت» in 26 segment(s): BAQILLANI:v1p39, BAQILLANI:v1p137#3, BAQILLANI:v1p215, BINTSHATI-IJAZ:p424, BINTSHATI-IJAZ:p425, BURHAN:v2p208, DAMGHANI:v1p271, IBNJAWZI-NUZHA:v1p91#2, IBNJAWZI-NUZHA:v1p208, IBNQUTAYBA-MUSHKIL:v1p100, IBNQUTAYBA-MUSHKIL:v1p118, IBNQUTAYBA-MUSHKIL:v1p133 …
quotes 68:20: «كالصريم» in 7 segment(s): BINTSHATI-IJAZ:p424, BINTSHATI-IJAZ:p425, BURHAN:v2p208, DAMGHANI:v1p271, IBNJAWZI-NUZHA:v1p91#2, IBNQUTAYBA-MUSHKIL:v1p118, ITQAN:v2p359
quotes 68:24: 9 unique window(s): يدخلنها | لا يدخلنها | يدخلنها اليوم | اليوم عليكم | عليكم مسكين | ان لا يدخلنها | لا يدخلنها اليوم | يدخلنها اليوم عليكم | اليوم عليكم مسكين
quotes 68:24: «يدخلنها» in 4 segment(s): BURHAN:v1p427, ITQAN:v4p450, NASHR:v2p29, NASHR:v2p147
quotes 68:24: «اليوم عليكم» in 0 segment(s): 
quotes 68:24: «عليكم مسكين» in 0 segment(s): 
quotes 68:26: 7 unique window(s): راوها | فلما راوها | راوها قالوا | انا لضالون | فلما راوها قالوا | راوها قالوا انا | قالوا انا لضالون
quotes 68:26: «راوها» in 12 segment(s): BURHAN:v1p305, BURHAN:v4p392, IBNASHUR-FULL:v1p63, IBNJAWZI-NUZHA:v1p408, JISHUMI:v1p697, JURJANI-ASRAR:v1p88, SIBAWAYH:اعلمأنياءالإضافةلاتثبتمعالنداءكمالميثبتالتنوينفيالمفرد#300, SIBAWAYH:(هذابابالجزاء)#481, SIBAWAYH:(هذابابالإضافةإلىكلاسمكانآخرهياءوكانالحرفالذيقبلالياء#561, SIBAWAYH:(هذابابالإضافةإلىكلاسمكانآخرهألفازائدةلاينونوكانعلى#564, SIBAWAYH:(هذابابماتكسرفيهالهاءالتيهيعلامةالإضمار)#742, SIBAWAYH:(هذابابالتضعيففيبناتالياءوذلكنحوعييتوحييتوأحييت)#795
quotes 68:26: «انا لضالون» in 4 segment(s): DAMGHANI:v1p291, IBNASHUR-FULL:v1p63, IBNJAWZI-NUZHA:v1p408, IBNQUTAYBA-MUSHKIL:v1p166
quotes 68:27: 0 unique window(s): 
quotes 68:42: 15 unique window(s): يكشف | ويدعون | يوم يكشف | يكشف عن | عن ساق | ساق ويدعون | ويدعون الي | السجود فلا | يوم يكشف عن | يكشف عن ساق | عن ساق ويدعون | ساق ويدعون الي | ويدعون الي السجود | الي السجود فلا | السجود فلا يستطيعون
quotes 68:42: «يكشف» in 36 segment(s): BAGHAWI-FULL:v1p46, BAQILLANI:v1p4, BAQILLANI:v1p60, BAQILLANI:v1p277, BINTSHATI-IJAZ:p22, BINTSHATI-IJAZ:p468, BINTSHATI-IJAZ:p469, BURHAN:v2p82, BURHAN:v2p145, BURHAN:v2p178, DAMGHANI:v1p253, IBNASHUR-FULL:v1p67 …
quotes 68:42: «ويدعون» in 4 segment(s): BAQILLANI:v1p159, BINTSHATI-IJAZ:p469, SIBAWAYH:فأماالاسمغيرالمندوبفينبهبخمسةأشياءبياوأياوهياوأىوبالألف|#319, TAB-FULL:v1p56
quotes 68:42: «عن ساق» in 12 segment(s): BINTSHATI-IJAZ:p468, BINTSHATI-IJAZ:p469, BURHAN:v2p82, BURHAN:v2p178, BURHAN:v3p433, DAMGHANI:v1p253, IBNJAWZI-NUZHA:v1p340#2, IBNQUTAYBA-MUSHKIL:v1p88, ITQAN:v2p334#2, ITQAN:v2p364, ITQAN:v3p17, ITQAN:v4p532#4
quotes 68:42: «السجود فلا» in 1 segment(s): BINTSHATI-IJAZ:p469
quotes 68:43: 12 unique window(s): سالمون | ذله وقد | وقد كانوا | السجود وهم | وهم سالمون | ترهقهم ذله وقد | ذله وقد كانوا | وقد كانوا يدعون | كانوا يدعون الي | يدعون الي السجود | الي السجود وهم | السجود وهم سالمون
quotes 68:43: «سالمون» in 1 segment(s): BINTSHATI-IJAZ:p469
quotes 68:43: «ذله وقد» in 1 segment(s): BINTSHATI-IJAZ:p469
quotes 68:43: «وقد كانوا» in 9 segment(s): BINTSHATI-IJAZ:p469, BURHAN:v2p103, ITQAN:v4p311, ITQAN:v4p312, ITQAN:v4p320, KHATTABI:v1p28, KHATTABI:v1p34, NASHR:v2p194#2, SAMARRAI-LAMASAT-HALAQAT:p855
quotes 68:43: «السجود وهم» in 1 segment(s): BINTSHATI-IJAZ:p469
quotes 68:43: «كانوا يدعون الي» in 1 segment(s): BINTSHATI-IJAZ:p469
quotes 68:43: «يدعون الي السجود» in 1 segment(s): BINTSHATI-IJAZ:p469
quotes 69:5: 6 unique window(s): بالطاغيه | فاما ثمود | ثمود فاهلكوا | فاهلكوا بالطاغيه | فاما ثمود فاهلكوا | ثمود فاهلكوا بالطاغيه
quotes 69:5: «بالطاغيه» in 1 segment(s): MAJAZ:v2p427
quotes 69:5: «فاما ثمود» in 1 segment(s): SIBAWAYH:(هذابابأسماءالقبائلوالأحياءومايضافإلىالأبوالأم)#542
quotes 69:5: «ثمود فاهلكوا» in 0 segment(s): 
quotes 69:6: 11 unique window(s): صرصر | عاتيه | واما عاد | عاد فاهلكوا | فاهلكوا بريح | بريح صرصر | صرصر عاتيه | واما عاد فاهلكوا | عاد فاهلكوا بريح | فاهلكوا بريح صرصر | بريح صرصر عاتيه
quotes 69:6: «صرصر» in 11 segment(s): BINTSHATI-IJAZ:p589, BURHAN:v3p34, BURHAN:v3p361, BURHAN:v3p439, BURHAN:v3p442, BURHAN:v4p9, DAMGHANI:v1p232, MAJAZ:v2p339, MAJAZ:v2p356, RUMMANI:v1p87, SAMARRAI-ASRAR:r2#2
quotes 69:6: «عاتيه» in 8 segment(s): BINTSHATI-IJAZ:p589, BURHAN:v3p361, BURHAN:v3p439, BURHAN:v3p442, BURHAN:v4p9, DAMGHANI:v1p232, RUMMANI:v1p87, SAMARRAI-ASRAR:r2#2
quotes 69:6: «واما عاد» in 5 segment(s): BINTSHATI-IJAZ:p589, BURHAN:v3p31, BURHAN:v3p442, BURHAN:v4p9, DAMGHANI:v1p232
quotes 69:6: «عاد فاهلكوا» in 4 segment(s): BINTSHATI-IJAZ:p589, BURHAN:v3p442, BURHAN:v4p9, DAMGHANI:v1p232
quotes 69:6: «فاهلكوا بريح» in 5 segment(s): BINTSHATI-IJAZ:p589, BURHAN:v3p442, BURHAN:v4p9, DAMGHANI:v1p232, SAMARRAI-ASRAR:r2#2
quotes 69:9: 9 unique window(s): بالخاطيه | وجا فرعون | فرعون ومن | قبله والموتفكات | والموتفكات بالخاطيه | وجا فرعون ومن | فرعون ومن قبله | ومن قبله والموتفكات | قبله والموتفكات بالخاطيه
quotes 69:9: «بالخاطيه» in 2 segment(s): DAMGHANI:v1p31, NASHR:v2p389
quotes 69:9: «وجا فرعون» in 2 segment(s): DAMGHANI:v1p365, IBNJAWZI-NUZHA:v1p484
quotes 69:9: «فرعون ومن» in 2 segment(s): DAMGHANI:v1p365, IBNJAWZI-NUZHA:v1p484
quotes 69:9: «قبله والموتفكات» in 0 segment(s): 
quotes 69:10: 11 unique window(s): فعصوا | رابيه | فعصوا رسول | رسول ربهم | ربهم فاخذهم | فاخذهم اخذه | اخذه رابيه | فعصوا رسول ربهم | رسول ربهم فاخذهم | ربهم فاخذهم اخذه | فاخذهم اخذه رابيه
quotes 69:10: «فعصوا» in 1 segment(s): NASHR:v1p294
quotes 69:10: «رابيه» in 5 segment(s): DAMGHANI:v1p189, IBNJAWZI-NUZHA:v1p81, ITQAN:v2p320, ITQAN:v2p383, MAJAZ:v2p415
quotes 69:10: «رسول ربهم» in 1 segment(s): NASHR:v1p294
quotes 69:10: «ربهم فاخذهم» in 0 segment(s): 
quotes 69:10: «فاخذهم اخذه» in 1 segment(s): DAMGHANI:v1p189
quotes 69:11: 13 unique window(s): حملناكم | الجاريه | انا لما | لما طغا | طغا الما | الما حملناكم | حملناكم في | في الجاريه | انا لما طغا | لما طغا الما | طغا الما حملناكم | الما حملناكم في | حملناكم في الجاريه
quotes 69:11: «حملناكم» in 6 segment(s): BAQILLANI:v1p265, BURHAN:v3p439, DAMGHANI:v1p143, DAMGHANI:v1p293, IBNJAWZI-NUZHA:v1p413, RUMMANI:v1p87
quotes 69:11: «الجاريه» in 31 segment(s): BAQILLANI:v1p265, BAQILLANI:v1p274, BINTSHATI-IJAZ:p258, BURHAN:v1p407, BURHAN:v2p423, BURHAN:v3p44, BURHAN:v3p290, BURHAN:v3p439, BURHAN:v4p86, DAMGHANI:v1p143, DAMGHANI:v1p293, IBNASHUR-FULL:v1p93#2 …
quotes 69:11: «انا لما» in 7 segment(s): BAQILLANI:v1p265, BURHAN:v3p439, BURHAN:v3p442, DAMGHANI:v1p143, DAMGHANI:v1p293, IBNJAWZI-NUZHA:v1p413, ITQAN:v3p121
quotes 69:11: «لما طغا» in 0 segment(s): 
quotes 69:11: «طغا الما» in 0 segment(s): 
quotes 69:12: 12 unique window(s): لنجعلها | وتعيها | واعيه | لنجعلها لكم | لكم تذكره | تذكره وتعيها | وتعيها اذن | اذن واعيه | لنجعلها لكم تذكره | لكم تذكره وتعيها | تذكره وتعيها اذن | وتعيها اذن واعيه
quotes 69:12: «لنجعلها» in 0 segment(s): 
quotes 69:12: «وتعيها» in 0 segment(s): 
quotes 69:12: «واعيه» in 3 segment(s): ITQAN:v1p78, ITQAN:v2p334#3, MAJAZ:v2p449#2
quotes 69:12: «لكم تذكره» in 0 segment(s): 
quotes 69:25: 12 unique window(s): بشماله | كتابه بشماله | بشماله فيقول | فيقول ياليتني | لم اوت | اوت كتابيه | اوتي كتابه بشماله | كتابه بشماله فيقول | بشماله فيقول ياليتني | فيقول ياليتني لم | ياليتني لم اوت | لم اوت كتابيه
quotes 69:25: «بشماله» in 3 segment(s): BAGHAWI-FULL:v1p42, BINTSHATI-IJAZ:p362, THALABI:v1p85
quotes 69:25: «فيقول ياليتني» in 0 segment(s): 
quotes 69:25: «لم اوت» in 2 segment(s): BURHAN:v1p364, ITQAN:v1p229#3
quotes 69:25: «اوت كتابيه» in 2 segment(s): BURHAN:v1p364, ITQAN:v1p229#3
quotes 69:28: 5 unique window(s): ماليه | اغنيا عني | عني ماليه | ما اغنيا عني | اغنيا عني ماليه
quotes 69:28: «ماليه» in 12 segment(s): BURHAN:v4p430, ITQAN:v2p520, ITQAN:v2p521#3, ITQAN:v3p269, NASHR:v1p18, NASHR:v1p223, NASHR:v2p19, NASHR:v2p21, NASHR:v2p142, SAMARRAI-ASRAR-MUH:p90, SAMARRAI-LAMASAT-HALAQAT:p540, SAMARRAI-LAMASAT-HALAQAT:p1000
quotes 69:28: «اغنيا عني» in 0 segment(s): 
quotes 69:29: 4 unique window(s): سلطانيه | هلك عني | عني سلطانيه | هلك عني سلطانيه
quotes 69:29: «سلطانيه» in 14 segment(s): BURHAN:v1p343, BURHAN:v3p340, BURHAN:v4p430, DAMGHANI:v1p242, DAMGHANI:v1p477, IBNJAWZI-NUZHA:v1p639, ITQAN:v2p521#3, ITQAN:v3p269, JISHUMI:v2p1011, KHATTABI:v1p37, KHATTABI:v1p44, SAMARRAI-ASRAR-MUH:p90 …
quotes 69:29: «هلك عني» in 7 segment(s): BURHAN:v3p340, DAMGHANI:v1p242, DAMGHANI:v1p477, IBNJAWZI-NUZHA:v1p639, KHATTABI:v1p37, KHATTABI:v1p44, SAMARRAI-LAMASAT-HALAQAT:p1000
quotes 69:30: 2 unique window(s): فغلوه | خذوه فغلوه
quotes 69:30: «فغلوه» in 4 segment(s): BURHAN:v1p77, BURHAN:v3p274#2, ITQAN:v3p280, SIBAWAYH:(هذابابثباتالياءوالواوفيالهاءالتيهيعلامةالإضماروحذفهما)#741
quotes 69:31: 4 unique window(s): صلوه | ثم الجحيم | الجحيم صلوه | ثم الجحيم صلوه
quotes 69:31: «صلوه» in 3 segment(s): BURHAN:v1p77, BURHAN:v3p274#2, ITQAN:v3p280
quotes 69:31: «ثم الجحيم» in 3 segment(s): BURHAN:v1p77, BURHAN:v3p274#2, ITQAN:v3p280
quotes 70:10: 4 unique window(s): يسل حميم | حميم حميما | ولا يسل حميم | يسل حميم حميما
quotes 70:10: «يسل حميم» in 0 segment(s): 
quotes 70:10: «حميم حميما» in 5 segment(s): BINTSHATI-IJAZ:p510, BURHAN:v4p164, DAMGHANI:v1p146, IBNJAWZI-NUZHA:v1p236, SAMARRAI-LAMASAT:p195
quotes 70:13: 5 unique window(s): وفصيلته | تويه | وفصيلته التي | التي تويه | وفصيلته التي تويه
quotes 70:13: «وفصيلته» in 5 segment(s): SAMARRAI-LAMASAT:p161, SAMARRAI-LAMASAT:p193, SAMARRAI-LAMASAT-HALAQAT:p692, SAMARRAI-LAMASAT-HALAQAT:p912, SAMARRAI-LAMASAT-HALAQAT:p1098
quotes 70:13: «تويه» in 1 segment(s): NASHR:v1p471
quotes 70:15: 3 unique window(s): لظيا | انها لظيا | كلا انها لظيا
quotes 70:15: «لظيا» in 0 segment(s): 
quotes 70:17: 5 unique window(s): تدعوا من | من ادبر | ادبر وتوليا | تدعوا من ادبر | من ادبر وتوليا
quotes 70:17: «تدعوا من» in 7 segment(s): IBNQUTAYBA-MUSHKIL:v1p71, SAMARRAI-LAMASAT:p157, SAMARRAI-LAMASAT:p159, SAMARRAI-LAMASAT:p160, SAMARRAI-LAMASAT:p161, SAMARRAI-LAMASAT:p193, SAMARRAI-LAMASAT:p197
quotes 70:17: «من ادبر» in 12 segment(s): BURHAN:v1p75, BURHAN:v1p364, DAMGHANI:v1p173, IBNJAWZI-NUZHA:v1p294, IBNQUTAYBA-MUSHKIL:v1p71, ITQAN:v1p50, SAMARRAI-LAMASAT:p157, SAMARRAI-LAMASAT:p159, SAMARRAI-LAMASAT:p160, SAMARRAI-LAMASAT:p161, SAMARRAI-LAMASAT:p193, SAMARRAI-LAMASAT:p197
quotes 70:17: «ادبر وتوليا» in 0 segment(s): 
quotes 72:1: 19 unique window(s): استمع | قل اوحي | الي انه | انه استمع | استمع نفر | الجن فقالوا | سمعنا قرانا | قرانا عجبا | قل اوحي الي | اوحي الي انه | الي انه استمع | انه استمع نفر | استمع نفر من | نفر من الجن | من الجن فقالوا | الجن فقالوا انا | فقالوا انا سمعنا | انا سمعنا قرانا | سمعنا قرانا عجبا
quotes 72:1: «استمع» in 14 segment(s): BAGHAWI-FULL:v1p42, BURHAN:v1p360, IBNASHUR-FULL:v1p113, IBNJAWZI-NUZHA:v1p87, IBNJAWZI-NUZHA:v1p97, IBNKATHIR-FULL:v1p59, IBNKATHIR-FULL:v1p60, IBNKATHIR-FULL:v1p62, IBNKATHIR-FULL:v1p63, IBNQUTAYBA-MUSHKIL:v1p241, JISHUMI:v1p532, NASHR:v2p391#2 …
quotes 72:1: «قل اوحي» in 10 segment(s): BURHAN:v1p180, BURHAN:v1p360, IBNQUTAYBA-MUSHKIL:v1p241, ITQAN:v1p38, ITQAN:v1p157#3, ITQAN:v1p176, ITQAN:v1p229#3, ITQAN:v3p283, NASHR:v2p122, NASHR:v2p123
NOTE quotes 72:1: window «الي انه» in 70 segments, too common alone; the longer windows that contain it are used instead
quotes 72:1: «الجن فقالوا» in 0 segment(s): 
quotes 72:1: «سمعنا قرانا» in 10 segment(s): BAGHAWI-FULL:v1p38#2, BAQILLANI:v1p184, BURHAN:v1p360, DAMGHANI:v1p314, DAMGHANI:v1p472, IBNJAWZI-NUZHA:v1p625#2, IBNKATHIR-FULL:v1p20#2, IBNQUTAYBA-MUSHKIL:v1p241, KHATTABI:v1p70, SAMARRAI-ASRAR:r5#5
quotes 72:1: «قرانا عجبا» in 12 segment(s): BAGHAWI-FULL:v1p38#2, BAQILLANI:v1p184, BURHAN:v1p273, BURHAN:v1p360, DAMGHANI:v1p314, DAMGHANI:v1p472, IBNJAWZI-NUZHA:v1p625#2, IBNKATHIR-FULL:v1p20#2, IBNQUTAYBA-MUSHKIL:v1p241, ITQAN:v1p141, KHATTABI:v1p70, SAMARRAI-ASRAR:r5#5
quotes 72:1: «اوحي الي انه» in 8 segment(s): BUKHARI:4921, IBNHIBBAN:6526, IBNHISHAM:v1p204#2, IBNHISHAM:v1p421#2, IBNQUTAYBA-MUSHKIL:v1p241, MUSLIM:1006, MUSNAD-AHMAD:2271, TIRMIDHI:3323
quotes 72:1: «نفر من الجن» in 8 segment(s): BUKHARI:4921, BURHAN:v2p236, IBNHIBBAN:6526, IBNHISHAM:v1p204#2, IBNHISHAM:v1p421#2, IBNQUTAYBA-MUSHKIL:v1p241, MUSLIM:1006, MUSLIM:7554
quotes 72:1: «فقالوا انا سمعنا» in 4 segment(s): BURHAN:v1p360, IBNHIBBAN:6526, IBNHISHAM:v1p204#2, IBNQUTAYBA-MUSHKIL:v1p241
quotes 72:18: 11 unique window(s): وان المساجد | المساجد لله | لله فلا | فلا تدعوا | تدعوا مع | وان المساجد لله | المساجد لله فلا | لله فلا تدعوا | فلا تدعوا مع | تدعوا مع الله | مع الله احدا
quotes 72:18: «وان المساجد» in 8 segment(s): BURHAN:v1p360, DAMGHANI:v1p231, IBNJAWZI-NUZHA:v1p567, IBNQUTAYBA-GHARIB:v1p5, IBNQUTAYBA-MUSHKIL:v1p243, NASHR:v2p126, NASHR:v2p391#2, SIBAWAYH:(هذابابآخرمنأبوابأن)#500
quotes 72:18: «المساجد لله» in 7 segment(s): BURHAN:v1p360, DAMGHANI:v1p231, IBNJAWZI-NUZHA:v1p567, IBNQUTAYBA-GHARIB:v1p5, IBNQUTAYBA-MUSHKIL:v1p243, NASHR:v2p391#2, SIBAWAYH:(هذابابآخرمنأبوابأن)#500
quotes 72:18: «لله فلا» in 3 segment(s): DAMGHANI:v1p231, IBNQUTAYBA-MUSHKIL:v1p243, SIBAWAYH:(هذابابآخرمنأبوابأن)#500
quotes 72:18: «فلا تدعوا» in 6 segment(s): BURHAN:v1p360, DAMGHANI:v1p231, IBNQUTAYBA-MUSHKIL:v1p243, ITQAN:v1p229#3, JISHUMI:v1p601, SIBAWAYH:(هذابابآخرمنأبوابأن)#500
quotes 72:18: «تدعوا مع» in 5 segment(s): BURHAN:v1p360, DAMGHANI:v1p231, IBNQUTAYBA-MUSHKIL:v1p243, ITQAN:v1p229#3, SIBAWAYH:(هذابابآخرمنأبوابأن)#500
quotes 72:18: «مع الله احدا» in 7 segment(s): BURHAN:v1p360, DAMGHANI:v1p231, IBNQUTAYBA-MUSHKIL:v1p243, ITQAN:v1p229#3, SAMARRAI-ASRAR:r10#3, SAMARRAI-LAMASAT-HALAQAT:p45, SIBAWAYH:(هذابابآخرمنأبوابأن)#500
quotes 72:19: 18 unique window(s): يدعوه | يكونون | وانه لما | لما قام | قام عبد | الله يدعوه | يدعوه كادوا | كادوا يكونون | يكونون عليه | عليه لبدا | وانه لما قام | لما قام عبد | قام عبد الله | عبد الله يدعوه | الله يدعوه كادوا | يدعوه كادوا يكونون | كادوا يكونون عليه | يكونون عليه لبدا
quotes 72:19: «يدعوه» in 14 segment(s): BURHAN:v2p257, BURHAN:v3p430, DAMGHANI:v1p392, IBNASHUR-FULL:v1p93#2, IBNJAWZI-NUZHA:v1p504, IBNQUTAYBA-MUSHKIL:v1p243, ITQAN:v4p358#2, JURJANI-ASRAR:v1p120, NASHR:v1p5, SAMARRAI-ASRAR:r7#8, SAMARRAI-LAMASAT-HALAQAT:p43, SAMARRAI-LAMASAT-HALAQAT:p810 …
quotes 72:19: «يكونون» in 10 segment(s): BINTSHATI-IJAZ:p318, BURHAN:v1p360, IBNJAWZI-NUZHA:v1p311, IBNQUTAYBA-MUSHKIL:v1p243, ITQAN:v1p229#3, JISHUMI:v1p554, RAZI-FULL:v1p83, SAMARRAI-ASRAR:r7#8, SAMARRAI-LAMASAT-HALAQAT:p655, SAMARRAI-LAMASAT-HALAQAT:p960
quotes 72:19: «وانه لما» in 12 segment(s): BURHAN:v1p360, BURHAN:v1p362, BURHAN:v2p410, BURHAN:v3p15, BURHAN:v4p29, DAMGHANI:v1p392, IBNJAWZI-NUZHA:v1p504, IBNQUTAYBA-MUSHKIL:v1p243, NASHR:v2p391#2, SAMARRAI-ASRAR:r7#8, SAMARRAI-LAMASAT-HALAQAT:p43, SIBAWAYH:(هذابابآخرمنأبوابأن)#500
quotes 72:19: «لما قام» in 17 segment(s): ALUSI-FULL:v1p20, BURHAN:v1p360, BURHAN:v1p362, BURHAN:v2p410, BURHAN:v3p151, BURHAN:v4p29, DAMGHANI:v1p392, IBNJAWZI-NUZHA:v1p504, IBNQUTAYBA-MUSHKIL:v1p243, ITQAN:v1p129#3, ITQAN:v3p53, NASHR:v1p21 …
quotes 72:19: «قام عبد» in 10 segment(s): BURHAN:v1p360, BURHAN:v1p362, BURHAN:v2p410, BURHAN:v4p29, DAMGHANI:v1p392, IBNJAWZI-NUZHA:v1p504, IBNQUTAYBA-MUSHKIL:v1p243, SAMARRAI-ASRAR:r7#8, SAMARRAI-LAMASAT-HALAQAT:p43, SIBAWAYH:(هذابابآخرمنأبوابأن)#500
quotes 72:19: «عليه لبدا» in 5 segment(s): BURHAN:v1p360, IBNQUTAYBA-MUSHKIL:v1p243, ITQAN:v1p229#3, NASHR:v2p391#2, SAMARRAI-ASRAR:r7#8
quotes 72:20: 7 unique window(s): انما ادعوا | ادعوا ربي | به احدا | قل انما ادعوا | انما ادعوا ربي | ادعوا ربي ولا | اشرك به احدا
quotes 72:20: «انما ادعوا» in 1 segment(s): KHATTABI:v1p40
quotes 72:20: «ادعوا ربي» in 0 segment(s): 
quotes 72:20: «به احدا» in 1 segment(s): NASHR:v1p437
quotes 74:11: 7 unique window(s): ذرني | وحيدا | ذرني ومن | ومن خلقت | خلقت وحيدا | ذرني ومن خلقت | ومن خلقت وحيدا
quotes 74:11: «ذرني» in 11 segment(s): BINTSHATI-IJAZ:p62, BURHAN:v1p163, BURHAN:v2p197, BURHAN:v4p436, DAMGHANI:v1p483, IBNASHUR-FULL:v1p22, IBNJAWZI-NUZHA:v1p81, ITQAN:v4p394, JISHUMI:v1p681, RUMMANI:v1p88, SAMARRAI-LAMASAT-HALAQAT:p821
quotes 74:11: «وحيدا» in 12 segment(s): BAQILLANI:v1p277, BINTSHATI-IJAZ:p62, BURHAN:v1p163, BURHAN:v2p197, BURHAN:v4p436, DAMGHANI:v1p483, IBNASHUR-FULL:v1p22, IBNQUTAYBA-MUSHKIL:v1p13, ITQAN:v4p394, RUMMANI:v1p88, SAMARRAI-LAMASAT-HALAQAT:p821, TAB-FULL:v1p3
quotes 74:11: «ومن خلقت» in 9 segment(s): BINTSHATI-IJAZ:p62, BURHAN:v1p163, BURHAN:v2p197, BURHAN:v4p436, DAMGHANI:v1p483, IBNASHUR-FULL:v1p22, ITQAN:v4p394, RUMMANI:v1p88, SAMARRAI-LAMASAT-HALAQAT:p821
quotes 74:12: 7 unique window(s): وجعلت | ممدودا | وجعلت له | له مالا | مالا ممدودا | وجعلت له مالا | له مالا ممدودا
NOTE quotes 74:12: window «وجعلت» in 45 segments, too common alone; the longer windows that contain it are used instead
quotes 74:12: «ممدودا» in 8 segment(s): BINTSHATI-IJAZ:p62, BURHAN:v4p364, DAMGHANI:v1p428, MAJAZ:v2p442#2, SAMARRAI-LAMASAT-HALAQAT:p821, SIBAWAYH:(هذابابالتثنية)#581, SIBAWAYH:(هذابابتصغيرماكانعلىثلاثةأحرفولحقتهألفالتأنيثبعدألف#601, WAHIDI-ASBAB:v1p7
quotes 74:12: «وجعلت له» in 4 segment(s): BINTSHATI-IJAZ:p62, DAMGHANI:v1p428, SAMARRAI-LAMASAT-HALAQAT:p821, SIBAWAYH:(هذابابماجاءفعلمنهعلىغيرفعلته)#685
quotes 74:12: «له مالا» in 4 segment(s): BINTSHATI-IJAZ:p62, BINTSHATI-IJAZ:p546, DAMGHANI:v1p428, SAMARRAI-LAMASAT-HALAQAT:p821
quotes 74:13: 1 unique window(s): وبنين شهودا
quotes 74:13: «وبنين شهودا» in 2 segment(s): BINTSHATI-IJAZ:p62, SAMARRAI-LAMASAT-HALAQAT:p821
quotes 74:14: 5 unique window(s): ومهدت | تمهيدا | ومهدت له | له تمهيدا | ومهدت له تمهيدا
quotes 74:14: «ومهدت» in 3 segment(s): BINTSHATI-IJAZ:p62, DAMGHANI:v1p443, SAMARRAI-LAMASAT-HALAQAT:p821
quotes 74:14: «تمهيدا» in 9 segment(s): BINTSHATI-IJAZ:p62, BURHAN:v1p78, BURHAN:v1p79, DAMGHANI:v1p443, ITQAN:v3p270#4, SAMARRAI-ASRAR:r4#5, SAMARRAI-ASRAR-MUH:p53, SAMARRAI-LAMASAT-HALAQAT:p504, SAMARRAI-LAMASAT-HALAQAT:p821
quotes 74:15: 7 unique window(s): يطمع | ازيد | ثم يطمع | يطمع ان | ان ازيد | ثم يطمع ان | يطمع ان ازيد
quotes 74:15: «يطمع» in 17 segment(s): ALUSI-FULL:v1p7, BAQILLANI:v1p30, BAQILLANI:v1p140, BAQILLANI:v1p215, BAQILLANI:v1p241, BINTSHATI-IJAZ:p62, BURHAN:v3p260#2, BURHAN:v4p268, BURHAN:v4p392, IBNJAWZI-NUZHA:v1p511, ITQAN:v4p487, JISHUMI:v1p443 …
NOTE quotes 74:15: window «ازيد» in 43 segments, too common alone; the longer windows that contain it are used instead
quotes 74:15: «ان ازيد» in 6 segment(s): BINTSHATI-IJAZ:p62, BURHAN:v1p368, BURHAN:v4p268, IBNJAWZI-NUZHA:v1p511, IBNQUTAYBA-MUSHKIL:v1p53, ITQAN:v1p235
quotes 74:16: 7 unique window(s): لاياتنا | عنيدا | كان لاياتنا | لاياتنا عنيدا | كلا انه كان | انه كان لاياتنا | كان لاياتنا عنيدا
quotes 74:16: «لاياتنا» in 3 segment(s): BINTSHATI-IJAZ:p62, SAMARRAI-LAMASAT-HALAQAT:p836, SAMARRAI-LAMASAT-HALAQAT:p837
quotes 74:16: «عنيدا» in 5 segment(s): BINTSHATI-IJAZ:p62, MAJAZ:v2p432, RIFAI-KHULI:c7, SAMARRAI-LAMASAT-HALAQAT:p836, SAMARRAI-LAMASAT-HALAQAT:p837
quotes 74:16: «كلا انه كان» in 4 segment(s): BINTSHATI-IJAZ:p62, IBNHISHAM:v1p270, SAMARRAI-LAMASAT-HALAQAT:p836, SAMARRAI-LAMASAT-HALAQAT:p837
quotes 74:26: 2 unique window(s): ساصليه | ساصليه سقر
quotes 74:26: «ساصليه» in 2 segment(s): BINTSHATI-IJAZ:p63, ITQAN:v3p266
quotes 74:29: 2 unique window(s): لواحه | لواحه للبشر
quotes 74:29: «لواحه» in 5 segment(s): DAMGHANI:v1p420, ITQAN:v2p335#4, ITQAN:v2p385, MAJAZ:v2p440#2, NASHR:v2p83
quotes 74:31: 68 unique window(s): عدتهم | ليستيقن | ويزداد | يرتاب | وليقول | جعلنا اصحاب | الا ملايكه | ملايكه وما | جعلنا عدتهم | عدتهم الا | كفروا ليستيقن | ليستيقن الذين | الكتاب ويزداد | ويزداد الذين | امنوا ايمانا | ايمانا ولا | ولا يرتاب | يرتاب الذين | الكتاب والمومنون | والمومنون وليقول | وليقول الذين | مرض والكافرون | والكافرون ماذا | مثلا كذالك | يعلم جنود | جنود ربك | هو وما | ذكريا للبشر | وما جعلنا اصحاب | جعلنا اصحاب النار | اصحاب النار الا | النار الا ملايكه | الا ملايكه وما | ملايكه وما جعلنا | وما جعلنا عدتهم | جعلنا عدتهم الا | عدتهم الا فتنه | الا فتنه للذين | للذين كفروا ليستيقن | كفروا ليستيقن الذين | ليستيقن الذين اوتوا | اوتوا الكتاب ويزداد | الكتاب ويزداد الذين | ويزداد الذين امنوا | الذين امنوا ايمانا | امنوا ايمانا ولا | ايمانا ولا يرتاب | ولا يرتاب الذين | يرتاب الذين اوتوا | اوتوا الكتاب والمومنون | الكتاب والمومنون وليقول | والمومنون وليقول الذين | وليقول الذين في | قلوبهم مرض والكافرون | مرض والكافرون ماذا | والكافرون ماذا اراد | بهاذا مثلا كذالك | مثلا كذالك يضل | يشا وما يعلم | وما يعلم جنود | يعلم جنود ربك | جنود ربك الا | ربك الا هو | الا هو وما | هو وما هي | وما هي الا | هي الا ذكريا | الا ذكريا للبشر
quotes 74:31: «عدتهم» in 6 segment(s): DAMGHANI:v1p316, IBNKATHIR-FULL:v1p9, SAMARRAI-ASRAR:r4#3, SAMARRAI-ASRAR-MUH:p42, SAMARRAI-LAMASAT-HALAQAT:p493, SIBAWAYH:فيجيءلفظهعلىموضعالنداءنصبالأنموضعالنداءنصبولاتجريالأسماء#323
quotes 74:31: «ليستيقن» in 2 segment(s): BURHAN:v3p16, BURHAN:v4p108
quotes 74:31: «ويزداد» in 4 segment(s): BAQILLANI:v1p148, BURHAN:v4p108, JURJANI-DALAIL:v1p146, JURJANI-DALAIL:v1p273
quotes 74:31: «يرتاب» in 11 segment(s): ALUSI-FULL:v1p13#2, BURHAN:v1p237, BURHAN:v3p268#2, IBNKATHIR-FULL:v1p10, IBNKATHIR-FULL:v1p32#2, IBNQUTAYBA-MUSHKIL:v1p26, ITQAN:v1p194, ITQAN:v3p198, NASHR:v2p108, NASHR:v2p110, NASHR:v2p213#2
quotes 74:31: «وليقول» in 1 segment(s): BINTSHATI-IJAZ:p579
quotes 74:31: «جعلنا اصحاب» in 4 segment(s): BURHAN:v1p108, DAMGHANI:v1p274, IBNJAWZI-NUZHA:v1p392, ITQAN:v2p418
quotes 74:31: «الا ملايكه» in 4 segment(s): BURHAN:v1p108, DAMGHANI:v1p274, IBNJAWZI-NUZHA:v1p392, ITQAN:v2p418
quotes 74:31: «ملايكه وما» in 0 segment(s): 
quotes 74:31: «امنوا ايمانا» in 3 segment(s): BURHAN:v4p108, DAMGHANI:v1p472, SAMARRAI-LAMASAT-HALAQAT:p782
quotes 74:31: «ايمانا ولا» in 0 segment(s): 
quotes 74:31: «الكتاب والمومنون» in 1 segment(s): BURHAN:v3p268#2
quotes 74:31: «مرض والكافرون» in 1 segment(s): BINTSHATI-IJAZ:p579
quotes 74:31: «والكافرون ماذا» in 1 segment(s): BINTSHATI-IJAZ:p579
quotes 74:31: «مثلا كذالك» in 0 segment(s): 
quotes 74:31: «يعلم جنود» in 3 segment(s): BURHAN:v2p285, DAMGHANI:v1p106, IBNJAWZI-NUZHA:v1p233
quotes 74:31: «جنود ربك» in 3 segment(s): BURHAN:v2p285, DAMGHANI:v1p106, IBNJAWZI-NUZHA:v1p233
quotes 74:31: «هو وما» in 6 segment(s): ITQAN:v2p461, JURJANI-DALAIL:v1p76, JURJANI-DALAIL:v1p179, JURJANI-DALAIL:v1p304, SIBAWAYH:وذلك[قولك]هذاقائمارجلوفيهاقائمارجل|لمالميجزأنتوصف#257, SIBAWAYH:وذلكلأنهمبدءوابالإضمارلأنهمشرطواالتفسيروذلكنووافجرىذلكفي#285
quotes 74:31: «ذكريا للبشر» in 0 segment(s): 
quotes 74:31: «اصحاب النار الا» in 5 segment(s): BURHAN:v1p108, DAMGHANI:v1p274, IBNHISHAM:v1p313#3, IBNJAWZI-NUZHA:v1p392, ITQAN:v2p418
quotes 74:31: «الا فتنه للذين» in 2 segment(s): DAMGHANI:v1p316, IBNHISHAM:v1p313#3
quotes 74:31: «يشا وما يعلم» in 0 segment(s): 
quotes 74:31: «ربك الا هو» in 4 segment(s): BURHAN:v2p285, DAMGHANI:v1p106, IBNHISHAM:v1p403, IBNJAWZI-NUZHA:v1p233
quotes 74:31: «وما هي الا» in 11 segment(s): BURHAN:v1p371, IBNASHUR-FULL:v1p12, IBNASHUR-FULL:v1p61, IBNHIBBAN:3414, IBNQUTAYBA-MUSHKIL:v1p33, ITQAN:v3p196, KASHSHAF-FULL:v1p41, KASHSHAF-FULL:v1p44, MUSNAD-AHMAD:12869, SAMARRAI-LAMASAT-HALAQAT:p802, SIBAWAYH:فيرتفعكماينتصبإذاشغلتالفعلبهوينتصبإذاشغلتالفعلبغيره#89
quotes 74:31: «هي الا ذكريا» in 0 segment(s): 
quotes 74:34: 3 unique window(s): اسفر | اذا اسفر | والصبح اذا اسفر
quotes 74:34: «اسفر» in 6 segment(s): BINTSHATI-IJAZ:p248, DAMGHANI:v1p237, DURR-FULL:v1p9, ITQAN:v4p460, JISHUMI:v1p758#2, NASHR:v1p256
quotes 74:43: 7 unique window(s): قالوا لم | لم نك | نك من | من المصلين | قالوا لم نك | لم نك من | نك من المصلين
quotes 74:43: «قالوا لم» in 7 segment(s): IBNASHUR-FULL:v1p121, RAZI-FULL:v1p39#2, SIBAWAYH:وإنلمتجعلهبمنزلةاسمليسفيهالهاءلميتغيرعنحالهالتيكان#331, SIBAWAYH:(هذابابالفاء)#475, SIBAWAYH:(هذابابمايحذفمنأواخرالأسماءفيالوقفوهيالياءات)#739, SIBAWAYH:(هذابابماجاءعلىأنفعلتمنهمثلبعتوإنكانلميستعملفيالكلام#796, SIBAWAYH:(هذابابالتضعيففيبناتالواو)#797
quotes 74:43: «لم نك» in 1 segment(s): IBNASHUR-FULL:v1p121
quotes 74:43: «نك من» in 1 segment(s): IBNASHUR-FULL:v1p121
quotes 74:43: «من المصلين» in 2 segment(s): BINTSHATI-IJAZ:p203, IBNASHUR-FULL:v1p121
quotes 75:11: 2 unique window(s): لا وزر | كلا لا وزر
quotes 75:11: «لا وزر» in 5 segment(s): BINTSHATI-IJAZ:p411, BINTSHATI-IJAZ:p412, BINTSHATI-IJAZ:p413, ITQAN:v2p357, ITQAN:v2p378
quotes 75:12: 3 unique window(s): المستقر | يوميذ المستقر | ربك يوميذ المستقر
quotes 75:12: «المستقر» in 8 segment(s): BINTSHATI-IJAZ:p412, BINTSHATI-IJAZ:p413, DAMGHANI:v1p374, DAMGHANI:v1p387, SAMARRAI-ASRAR:r3, SAMARRAI-ASRAR-MUH:p109, SAMARRAI-LAMASAT-HALAQAT:p558, SIBAWAYH:(هذابابمايثنىفيهالمستقرتوكيدا)#258
quotes 75:16: 12 unique window(s): تحرك | لسانك | لتعجل | لا تحرك | تحرك به | به لسانك | لسانك لتعجل | لتعجل به | لا تحرك به | تحرك به لسانك | به لسانك لتعجل | لسانك لتعجل به
NOTE quotes 75:16: window «تحرك» in 84 segments, too common alone; the longer windows that contain it are used instead
quotes 75:16: «لسانك» in 21 segment(s): BURHAN:v1p48, BURHAN:v1p278, BURHAN:v2p68, DAMGHANI:v1p413, IBNASHUR-FULL:v1p80, IBNJAWZI-NUZHA:v1p533, ITQAN:v3p293#3, ITQAN:v3p295, KHATTABI:v1p39, KHATTABI:v1p50, SIBAWAYH:(هذابابالراء)#720, SIBAWAYH:(هذابابمايتقدمأولالحروفوهيزائدةقدمتلإسكانأولالحروف)#723 …
quotes 75:16: «لتعجل» in 8 segment(s): BURHAN:v1p48, DAMGHANI:v1p413, IBNASHUR-FULL:v1p80, IBNJAWZI-NUZHA:v1p533, ITQAN:v3p293#3, ITQAN:v3p295, KHATTABI:v1p39, KHATTABI:v1p50
quotes 75:16: «لا تحرك» in 19 segment(s): BURHAN:v1p48, DAMGHANI:v1p413, IBNASHUR-FULL:v1p80, IBNJAWZI-NUZHA:v1p533, ITQAN:v3p293#3, ITQAN:v3p295, KHATTABI:v1p39, KHATTABI:v1p50, SIBAWAYH:اعلمأنعلامةإضمارالمنصوبالمتكلمنىوعلامةإضمارالمجرورالمتكلم#424, SIBAWAYH:(هذابابنظيرماذكرنامنبناتالياءوالواوالتيالياءاتوالواوات#656, SIBAWAYH:(هذابابتكسيرالصفةللجمع)#668, SIBAWAYH:(هذابابمالايردمنهذهالأحرفالثلاثةلتحركمابعدهاوسأخبركلم#728 …
quotes 75:16: «تحرك به» in 8 segment(s): BURHAN:v1p48, DAMGHANI:v1p413, IBNASHUR-FULL:v1p80, IBNJAWZI-NUZHA:v1p533, ITQAN:v3p293#3, ITQAN:v3p295, KHATTABI:v1p39, KHATTABI:v1p50
quotes 75:17: 6 unique window(s): جمعه | وقرانه | علينا جمعه | جمعه وقرانه | ان علينا جمعه | علينا جمعه وقرانه
NOTE quotes 75:17: window «جمعه» in 100 segments, too common alone; the longer windows that contain it are used instead
quotes 75:17: «وقرانه» in 13 segment(s): BURHAN:v1p276, BURHAN:v1p278, BURHAN:v1p388#2, BURHAN:v2p126, IBNASHUR-FULL:v1p80, IBNATIYYA-FULL:v1p56, IBNJAWZI-NUZHA:v1p499#2, IBNQUTAYBA-GHARIB:v1p33#2, KHATTABI:v1p39, MAJAZ:v1p1#45, MAJAZ:v1p17, TAB-FULL:v1p89#2 …
quotes 75:17: «علينا جمعه» in 13 segment(s): BURHAN:v1p276, BURHAN:v1p278, BURHAN:v1p388#2, BURHAN:v2p126, IBNASHUR-FULL:v1p80, IBNATIYYA-FULL:v1p56, IBNJAWZI-NUZHA:v1p499#2, IBNQUTAYBA-GHARIB:v1p33#2, KHATTABI:v1p39, MAJAZ:v1p1#45, MAJAZ:v1p17, TAB-FULL:v1p89#2 …
quotes 75:18: 7 unique window(s): قراناه | قرانه | فاذا قراناه | قراناه فاتبع | فاتبع قرانه | فاذا قراناه فاتبع | قراناه فاتبع قرانه
quotes 75:18: «قراناه» in 16 segment(s): BURHAN:v3p319, IBNASHUR-FULL:v1p80, ITQAN:v2p335#5, ITQAN:v3p67, ITQAN:v3p293#3, KHATTABI:v1p39, MAJAZ:v1p1#45, MAJAZ:v1p17, MAJAZ:v2p436, MAWARDI-FULL:v1p21, NASHR:v1p88, NASHR:v1p390#4 …
quotes 75:18: «قرانه» in 14 segment(s): BURHAN:v3p319, IBNASHUR-FULL:v1p18#2, IBNASHUR-FULL:v1p80, ITQAN:v2p335#5, ITQAN:v3p293#3, KHATTABI:v1p39, MAJAZ:v1p1#45, MAJAZ:v1p17, MAJAZ:v2p436, MAWARDI-FULL:v1p21, NASHR:v1p414, SAMARRAI-LAMASAT-HALAQAT:p765 …
quotes 75:19: 3 unique window(s): بيانه | علينا بيانه | ان علينا بيانه
NOTE quotes 75:19: window «بيانه» in 81 segments, too common alone; the longer windows that contain it are used instead
quotes 75:19: «علينا بيانه» in 9 segment(s): BURHAN:v1p371, BURHAN:v2p68, BURHAN:v4p268, IBNASHUR-FULL:v1p80, IBNJAWZI-NUZHA:v1p223#2, IBNQUTAYBA-MUSHKIL:v1p295#2, ITQAN:v2p494#3, ITQAN:v3p295, KHATTABI:v1p39
quotes 75:30: 3 unique window(s): المساق | يوميذ المساق | ربك يوميذ المساق
quotes 75:30: «المساق» in 6 segment(s): BINTSHATI-IJAZ:p553, BURHAN:v3p327, BURHAN:v3p448, ITQAN:v2p372, ITQAN:v3p244, SAMARRAI-ASRAR:r4
quotes 75:31: 5 unique window(s): فلا صدق | صدق ولا | ولا صليا | فلا صدق ولا | صدق ولا صليا
quotes 75:31: «فلا صدق» in 11 segment(s): BURHAN:v3p458, BURHAN:v4p353, BURHAN:v4p355, IBNJAWZI-NUZHA:v1p631#2, IBNQUTAYBA-MUSHKIL:v1p292, ITQAN:v2p500, ITQAN:v4p394, NASHR:v2p112, SAMARRAI-LAMASAT-HALAQAT:p684, SAMARRAI-LAMASAT-HALAQAT:p685, SAMARRAI-LAMASAT-HALAQAT:p871
quotes 75:31: «صدق ولا» in 10 segment(s): BURHAN:v3p458, BURHAN:v4p353, BURHAN:v4p355, IBNJAWZI-NUZHA:v1p631#2, IBNQUTAYBA-MUSHKIL:v1p292, ITQAN:v2p500, ITQAN:v4p394, NASHR:v2p112, SAMARRAI-LAMASAT-HALAQAT:p684, SAMARRAI-LAMASAT-HALAQAT:p871
quotes 75:31: «ولا صليا» in 0 segment(s): 
quotes 75:32: 2 unique window(s): ولاكن كذب | ولاكن كذب وتوليا
quotes 75:32: «ولاكن كذب» in 0 segment(s): 
quotes 75:33: 7 unique window(s): يتمطيا | ثم ذهب | ذهب اليا | اهله يتمطيا | ثم ذهب اليا | ذهب اليا اهله | اليا اهله يتمطيا
quotes 75:33: «يتمطيا» in 0 segment(s): 
quotes 75:33: «ثم ذهب» in 4 segment(s): BURHAN:v1p493, MAJAZ:v1p10#2, SIBAWAYH:(هذابابماالياءوالواوفيهثانيةوهمافيموضعالعينمنه)#775, YKHULI-TAJDID:c2
quotes 75:33: «ذهب اليا» in 0 segment(s): 
quotes 75:34: 0 unique window(s): 
quotes 75:38: 7 unique window(s): فخلق | كان علقه | علقه فخلق | فخلق فسويا | ثم كان علقه | كان علقه فخلق | علقه فخلق فسويا
quotes 75:38: «فخلق» in 6 segment(s): BURHAN:v3p242, JISHUMI:v1p681, SAMARRAI-ASRAR:r4, SAMARRAI-ASRAR-MUH:p29, SAMARRAI-LAMASAT-HALAQAT:p480, SAMARRAI-LAMASAT-HALAQAT:p1069
quotes 75:38: «كان علقه» in 1 segment(s): SAMARRAI-LAMASAT-HALAQAT:p1069
quotes 76:2: 12 unique window(s): امشاج | نبتليه | نطفه امشاج | امشاج نبتليه | نبتليه فجعلناه | فجعلناه سميعا | انا خلقنا الانسان | من نطفه امشاج | نطفه امشاج نبتليه | امشاج نبتليه فجعلناه | نبتليه فجعلناه سميعا | فجعلناه سميعا بصيرا
quotes 76:2: «امشاج» in 11 segment(s): BINTSHATI-IJAZ:p345, BINTSHATI-IJAZ:p346, ITQAN:v2p335#6, ITQAN:v2p350, ITQAN:v2p561, MAJAZ:v2p328#8, MAJAZ:v2p348#3, SAMARRAI-ASRAR:r4#2, SAMARRAI-ASRAR-MUH:p31, SAMARRAI-LAMASAT-HALAQAT:p482, SAMARRAI-LAMASAT-HALAQAT:p908
quotes 76:2: «نبتليه» in 6 segment(s): BINTSHATI-IJAZ:p345, BINTSHATI-IJAZ:p346, SAMARRAI-ASRAR:r4#2, SAMARRAI-ASRAR-MUH:p31, SAMARRAI-LAMASAT-HALAQAT:p482, SAMARRAI-LAMASAT-HALAQAT:p908
quotes 76:2: «فجعلناه سميعا» in 8 segment(s): BINTSHATI-IJAZ:p346, DAMGHANI:v1p69, IBNJAWZI-NUZHA:v1p199, IBNJAWZI-NUZHA:v1p345, SAMARRAI-ASRAR:r4#2, SAMARRAI-ASRAR-MUH:p31, SAMARRAI-LAMASAT-HALAQAT:p482, SAMARRAI-LAMASAT-HALAQAT:p908
quotes 76:2: «انا خلقنا الانسان» in 12 segment(s): BINTSHATI-IJAZ:p346, BURHAN:v2p490, BURHAN:v4p93#2, DAMGHANI:v1p49, IBNJAWZI-NUZHA:v1p176#2, ITQAN:v2p561, ITQAN:v3p195, ITQAN:v3p234#2, SAMARRAI-ASRAR:r4#2, SAMARRAI-ASRAR-MUH:p31, SAMARRAI-LAMASAT-HALAQAT:p482, SAMARRAI-LAMASAT-HALAQAT:p908
quotes 76:24: 9 unique window(s): تطع منهم | منهم اثما | اثما او | او كفورا | ربك ولا تطع | ولا تطع منهم | تطع منهم اثما | منهم اثما او | اثما او كفورا
quotes 76:24: «تطع منهم» in 7 segment(s): BURHAN:v2p199, BURHAN:v4p145, BURHAN:v4p211, IBNJAWZI-NUZHA:v1p108, ITQAN:v1p44, ITQAN:v2p458, SIBAWAYH:(هذابابالواوالتيتدخلعليهاألفالاستفهام)#519
quotes 76:24: «منهم اثما» in 7 segment(s): BURHAN:v2p199, BURHAN:v4p145, BURHAN:v4p211, IBNJAWZI-NUZHA:v1p108, ITQAN:v1p44, ITQAN:v2p458, SIBAWAYH:(هذابابالواوالتيتدخلعليهاألفالاستفهام)#519
quotes 76:24: «اثما او» in 11 segment(s): BURHAN:v2p10, BURHAN:v2p199, BURHAN:v4p145, BURHAN:v4p211, BURHAN:v4p213, IBNJAWZI-NUZHA:v1p108, ITQAN:v1p44, ITQAN:v2p458, ITQAN:v4p341, SIBAWAYH:(هذابابأوفيغيرالاستفهام)#518, SIBAWAYH:(هذابابالواوالتيتدخلعليهاألفالاستفهام)#519
quotes 76:24: «او كفورا» in 9 segment(s): BURHAN:v2p199, BURHAN:v4p145, BURHAN:v4p211, BURHAN:v4p213, IBNJAWZI-NUZHA:v1p108, ITQAN:v1p44, ITQAN:v2p458, SIBAWAYH:(هذابابأوفيغيرالاستفهام)#518, SIBAWAYH:(هذابابالواوالتيتدخلعليهاألفالاستفهام)#519
quotes 76:24: «ربك ولا تطع» in 0 segment(s): 
quotes 76:25: 3 unique window(s): ربك بكره | اسم ربك بكره | ربك بكره واصيلا
quotes 76:25: «ربك بكره» in 0 segment(s): 
quotes 76:26: 12 unique window(s): فاسجد | وسبحه | اليل فاسجد | فاسجد له | له وسبحه | وسبحه ليلا | ليلا طويلا | ومن اليل فاسجد | اليل فاسجد له | فاسجد له وسبحه | له وسبحه ليلا | وسبحه ليلا طويلا
quotes 76:26: «فاسجد» in 1 segment(s): ITQAN:v3p98
quotes 76:26: «وسبحه» in 2 segment(s): NASHR:v1p218, NASHR:v1p223
quotes 76:26: «ليلا طويلا» in 0 segment(s): 
quotes 77:20: 5 unique window(s): نخلقكم | الم نخلقكم | نخلقكم من | الم نخلقكم من | نخلقكم من ما
quotes 77:20: «نخلقكم» in 7 segment(s): DAMGHANI:v1p453, DAMGHANI:v1p477, IBNJAWZI-NUZHA:v1p638, NASHR:v1p220, NASHR:v1p299, NASHR:v2p19, SAMARRAI-LAMASAT-HALAQAT:p853
quotes 77:21: 2 unique window(s): فجعلناه في | فجعلناه في قرار
quotes 77:21: «فجعلناه في» in 0 segment(s): 
quotes 77:22: 3 unique window(s): اليا قدر | قدر معلوم | اليا قدر معلوم
quotes 77:22: «اليا قدر» in 0 segment(s): 
quotes 77:22: «قدر معلوم» in 0 segment(s): 
quotes 78:14: 8 unique window(s): المعصرات | ثجاجا | من المعصرات | المعصرات ما | ما ثجاجا | وانزلنا من المعصرات | من المعصرات ما | المعصرات ما ثجاجا
quotes 78:14: «المعصرات» in 9 segment(s): BINTSHATI-IJAZ:p415, BINTSHATI-IJAZ:p416, IBNJAWZI-NUZHA:v1p549, IBNJAWZI-NUZHA:v1p578, ITQAN:v2p336#2, ITQAN:v2p359, JURJANI-DALAIL:v1p121, SAMARRAI-LAMASAT-HALAQAT:p822, SIBAWAYH:وذلكقولكهذاولازعماتك|أىولاأتوهمms119زعماتك|ومنذلكقولالشاعر#111
quotes 78:14: «ثجاجا» in 5 segment(s): BINTSHATI-IJAZ:p415, IBNJAWZI-NUZHA:v1p549, IBNJAWZI-NUZHA:v1p578, ITQAN:v2p336#2, SAMARRAI-LAMASAT-HALAQAT:p822
quotes 78:15: 7 unique window(s): لنخرج | ونباتا | لنخرج به | به حبا | حبا ونباتا | لنخرج به حبا | به حبا ونباتا
quotes 78:15: «لنخرج» in 1 segment(s): BINTSHATI-IJAZ:p415
quotes 78:15: «ونباتا» in 2 segment(s): BINTSHATI-IJAZ:p415, BINTSHATI-IJAZ:p416
quotes 78:15: «به حبا» in 1 segment(s): BINTSHATI-IJAZ:p415
quotes 78:16: 2 unique window(s): الفافا | وجنات الفافا
quotes 78:16: «الفافا» in 5 segment(s): BINTSHATI-IJAZ:p415, BINTSHATI-IJAZ:p416, ITQAN:v2p336#2, ITQAN:v2p566, MAJAZ:v2p440#2
quotes 78:21: 6 unique window(s): مرصادا | ان جهنم | جهنم كانت | كانت مرصادا | ان جهنم كانت | جهنم كانت مرصادا
quotes 78:21: «مرصادا» in 3 segment(s): BINTSHATI-IJAZ:p575, IBNASHUR-FULL:v1p110, NASHR:v2p107
quotes 78:21: «ان جهنم» in 3 segment(s): BINTSHATI-IJAZ:p575, IBNASHUR-FULL:v1p110, SAMARRAI-LAMASAT-HALAQAT:p653
quotes 78:21: «جهنم كانت» in 2 segment(s): BINTSHATI-IJAZ:p575, IBNASHUR-FULL:v1p110
quotes 78:22: 1 unique window(s): للطاغين مابا
quotes 78:22: «للطاغين مابا» in 3 segment(s): BINTSHATI-IJAZ:p575, IBNASHUR-FULL:v1p110, IBNJAWZI-NUZHA:v1p413
quotes 79:17: 0 unique window(s): 
quotes 79:18: 9 unique window(s): فقل هل | هل لك | لك اليا | اليا ان | ان تزكيا | فقل هل لك | هل لك اليا | لك اليا ان | اليا ان تزكيا
quotes 79:18: «فقل هل» in 0 segment(s): 
quotes 79:18: «هل لك» in 11 segment(s): BURHAN:v3p339, BURHAN:v4p233, BURHAN:v4p434, DURR-FULL:v1p10, ITQAN:v1p69, ITQAN:v2p444, ITQAN:v2p522#4, ITQAN:v2p557, ITQAN:v3p109, JISHUMI:v1p888, SIBAWAYH:(هذابابالظروفالمبهمةغيرالمتمكنة)#549
quotes 79:18: «لك اليا» in 0 segment(s): 
quotes 79:18: «اليا ان» in 2 segment(s): NASHR:v2p189, SIBAWAYH:(هذابابتثنيةماكانمنالمنقوصعلىثلاثةأحرف)#582
quotes 79:18: «ان تزكيا» in 0 segment(s): 
quotes 79:19: 6 unique window(s): واهديك | فتخشيا | واهديك اليا | ربك فتخشيا | واهديك اليا ربك | اليا ربك فتخشيا
quotes 79:19: «واهديك» in 1 segment(s): BINTSHATI-IJAZ:p227
quotes 79:19: «فتخشيا» in 0 segment(s): 
quotes 79:21: 1 unique window(s): فكذب وعصيا
quotes 79:21: «فكذب وعصيا» in 0 segment(s): 
quotes 79:22: 2 unique window(s): ادبر يسعيا | ثم ادبر يسعيا
quotes 79:22: «ادبر يسعيا» in 0 segment(s): 
quotes 79:23: 2 unique window(s): فحشر | فحشر فناديا
quotes 79:23: «فحشر» in 0 segment(s): 
quotes 79:24: 5 unique window(s): فقال انا | انا ربكم | ربكم الاعليا | فقال انا ربكم | انا ربكم الاعليا
quotes 79:24: «فقال انا» in 11 segment(s): BINTSHATI-IJAZ:p278, BURHAN:v4p181, IBNKATHIR-FULL:v1p25, IBNQUTAYBA-MUSHKIL:v1p74, IBNQUTAYBA-MUSHKIL:v1p167, ITQAN:v1p161, JISHUMI:v1p821, JISHUMI:v1p838, NASHR:v2p425, SIBAWAYH:والأسماءالمبهمةهذاوهذانوهذهوهاتانوهؤلاءوذلكPageV02P077وذانك#232, SIBAWAYH:إذاأنكرتأنتثبترأيهعلىماذكرأوتنكرأنيكونرأيهعلىخلافما#462
quotes 79:24: «انا ربكم» in 3 segment(s): BINTSHATI-IJAZ:p278, BURHAN:v2p60, BURHAN:v2p334
quotes 79:24: «ربكم الاعليا» in 0 segment(s): 
quotes 79:25: 8 unique window(s): فاخذه | نكال | فاخذه الله | الله نكال | نكال الاخره | فاخذه الله نكال | الله نكال الاخره | نكال الاخره والاوليا
quotes 79:25: «فاخذه» in 4 segment(s): ALUSI-FULL:v1p8, BAQILLANI:v1p76, BINTSHATI-IJAZ:p278, BURHAN:v3p263
quotes 79:25: «نكال» in 3 segment(s): BINTSHATI-IJAZ:p278, BURHAN:v3p263, ITQAN:v2p339#7
quotes 79:35: 4 unique window(s): يوم يتذكر | يوم يتذكر الانسان | يتذكر الانسان ما | الانسان ما سعيا
quotes 79:35: «يوم يتذكر» in 2 segment(s): IBNJAWZI-NUZHA:v1p176#2, SAMARRAI-LAMASAT-HALAQAT:p1052
quotes 79:35: «يتذكر الانسان ما» in 2 segment(s): IBNJAWZI-NUZHA:v1p176#2, SAMARRAI-LAMASAT-HALAQAT:p1052
quotes 79:35: «الانسان ما سعيا» in 0 segment(s): 
quotes 79:37: 2 unique window(s): من طغيا | فاما من طغيا
quotes 79:37: «من طغيا» in 0 segment(s): 
quotes 79:38: 3 unique window(s): واثر | واثر الحيواه | واثر الحيواه الدنيا
quotes 79:38: «واثر» in 12 segment(s): BINTSHATI-IJAZ:p267, BURHAN:v3p22, BURHAN:v3p119, BURHAN:v4p37, IBNQUTAYBA-MUSHKIL:v1p73, ITQAN:v3p163, JURJANI-ASRAR:v1p19, JURJANI-ASRAR:v1p236, JURJANI-ASRAR:v1p305, JURJANI-DALAIL:v1p26, JURJANI-DALAIL:v1p42, RIFAI-KHULI:c4
quotes 79:39: 4 unique window(s): فان الجحيم | الجحيم هي | فان الجحيم هي | الجحيم هي الماويا
quotes 79:39: «فان الجحيم» in 2 segment(s): BURHAN:v4p37, BURHAN:v4p334
quotes 79:39: «الجحيم هي» in 2 segment(s): BURHAN:v4p37, BURHAN:v4p334
quotes 79:40: 11 unique window(s): ونهي | من خاف | ربه ونهي | ونهي النفس | النفس عن | واما من خاف | من خاف مقام | مقام ربه ونهي | ربه ونهي النفس | ونهي النفس عن | النفس عن الهويا
NOTE quotes 79:40: window «ونهي» in 47 segments, too common alone; the longer windows that contain it are used instead
quotes 79:40: «من خاف» in 4 segment(s): BURHAN:v1p63, BURHAN:v4p37, DAMGHANI:v1p394, JISHUMI:v1p800
quotes 79:40: «ربه ونهي» in 2 segment(s): BURHAN:v1p63, BURHAN:v4p37
quotes 79:40: «ونهي النفس» in 4 segment(s): BURHAN:v1p63, BURHAN:v2p296, BURHAN:v4p37, DAMGHANI:v1p477
quotes 79:40: «النفس عن» in 11 segment(s): BURHAN:v1p63, BURHAN:v2p296, BURHAN:v2p384, BURHAN:v3p225, BURHAN:v4p37, DAMGHANI:v1p477, IBNJAWZI-NUZHA:v1p485, IBNQUTAYBA-MUSHKIL:v1p11, JISHUMI:v1p701#2, JISHUMI:v1p798, JURJANI-ASRAR:v1p262#2
quotes 79:41: 4 unique window(s): فان الجنه | الجنه هي | فان الجنه هي | الجنه هي الماويا
quotes 79:41: «فان الجنه» in 6 segment(s): BURHAN:v1p63, BURHAN:v4p37, ITQAN:v2p441, ITQAN:v3p268, JISHUMI:v2p955, JISHUMI:v2p1001
quotes 79:41: «الجنه هي» in 9 segment(s): BURHAN:v1p63, BURHAN:v4p37, IBNKATHIR-FULL:v1p42#2, ITQAN:v2p441, ITQAN:v3p268, JISHUMI:v2p955, JISHUMI:v2p1001, SAMARRAI-LAMASAT-HALAQAT:p645, TAB-FULL:v1p43
quotes 79:42: 0 unique window(s): 
quotes 79:44: 3 unique window(s): منتهياها | ربك منتهياها | اليا ربك منتهياها
quotes 79:44: «منتهياها» in 0 segment(s): 
quotes 79:46: 12 unique window(s): عشيه | يوم يرونها | يرونها لم | الا عشيه | عشيه او | او ضحياها | كانهم يوم يرونها | يوم يرونها لم | يرونها لم يلبثوا | يلبثوا الا عشيه | الا عشيه او | عشيه او ضحياها
quotes 79:46: «عشيه» in 22 segment(s): BAQILLANI:v1p212, BAQILLANI:v1p268, BURHAN:v3p6#2, BURHAN:v4p39, DAMGHANI:v1p285, IBNJAWZI-NUZHA:v1p399#2, IBNQUTAYBA-MUSHKIL:v1p127, ITQAN:v1p60, ITQAN:v2p549, ITQAN:v4p368, ITQAN:v4p438, JURJANI-ASRAR:v1p45 …
quotes 79:46: «يوم يرونها» in 1 segment(s): ITQAN:v4p438
quotes 79:46: «يرونها لم» in 1 segment(s): ITQAN:v4p438
quotes 79:46: «او ضحياها» in 0 segment(s): 
quotes 80:2: 3 unique window(s): ان جاه | جاه الاعميا | ان جاه الاعميا
quotes 80:2: «ان جاه» in 3 segment(s): DAMGHANI:v1p332, IBNJAWZI-NUZHA:v1p121, ITQAN:v4p394
quotes 80:2: «جاه الاعميا» in 0 segment(s): 
quotes 80:5: 2 unique window(s): من استغنيا | اما من استغنيا
quotes 80:5: «من استغنيا» in 0 segment(s): 
quotes 80:6: 4 unique window(s): تصديا | فانت له | له تصديا | فانت له تصديا
quotes 80:6: «تصديا» in 0 segment(s): 
quotes 80:6: «فانت له» in 1 segment(s): DAMGHANI:v1p274
quotes 80:16: 3 unique window(s): كرام | برره | كرام برره
quotes 80:16: «كرام» in 12 segment(s): BURHAN:v1p303, DAMGHANI:v1p67, IBNJAWZI-NUZHA:v1p190, IBNJAWZI-NUZHA:v1p521, ITQAN:v1p125#2, JURJANI-DALAIL:v1p339, MAJAZ:v2p380, NASHR:v2p278, SAMARRAI-LAMASAT-HALAQAT:p777, SIBAWAYH:(هذابابينتصبفيهالخبربعدالأحرفالخمسة)#274, SIBAWAYH:وذلكلأنهمبدءوابالإضمارلأنهمشرطواالتفسيروذلكنووافجرىذلكفي#285, SIBAWAYH:(هذابابتكسيرالواحدللجمع)#654
quotes 80:16: «برره» in 11 segment(s): BURHAN:v4p17, DAMGHANI:v1p67, IBNJAWZI-NUZHA:v1p190, IBNJAWZI-NUZHA:v1p521, IBNQUTAYBA-MUSHKIL:v1p242, ITQAN:v1p125#2, ITQAN:v2p565, JISHUMI:v1p901, SAMARRAI-LAMASAT-HALAQAT:p614, SAMARRAI-LAMASAT-HALAQAT:p777, SAMARRAI-LAMASAT-HALAQAT:p899
quotes 80:17: 5 unique window(s): اكفره | قتل الانسان | ما اكفره | قتل الانسان ما | الانسان ما اكفره
quotes 80:17: «اكفره» in 11 segment(s): BINTSHATI-IJAZ:p385, BURHAN:v2p318, BURHAN:v3p221, BURHAN:v4p57, BURHAN:v4p403, DAMGHANI:v1p51, IBNJAWZI-NUZHA:v1p494#2, IBNJAWZI-NUZHA:v1p566, IBNQUTAYBA-MUSHKIL:v1p170, ITQAN:v2p512#4, SAMARRAI-LAMASAT:p196
quotes 80:17: «قتل الانسان» in 10 segment(s): BINTSHATI-IJAZ:p385, BURHAN:v2p318, BURHAN:v3p221, BURHAN:v4p57, BURHAN:v4p403, DAMGHANI:v1p51, IBNJAWZI-NUZHA:v1p494#2, IBNJAWZI-NUZHA:v1p566, ITQAN:v2p512#4, SAMARRAI-LAMASAT:p196
quotes 80:18: 3 unique window(s): من اي | من اي شي | اي شي خلقه
NOTE quotes 80:18: window «من اي» in 44 segments, too common alone; the longer windows that contain it are used instead
quotes 80:18: «من اي شي» in 28 segment(s): ABUDAWUD:2602, ABUDAWUD:4223, BUKHARI:377, BURHAN:v4p92, BURHAN:v4p93, HAMASA:v1p253#2, IBNHIBBAN:1021, IBNHIBBAN:2698, IBNHIBBAN:4793, IBNHIBBAN:5488, IBNHIBBAN:6529, IBNHIBBAN:6682 …
quotes 80:18: «اي شي خلقه» in 3 segment(s): BURHAN:v4p92, BURHAN:v4p93, ITQAN:v2p556
quotes 80:19: 4 unique window(s): نطفه خلقه | خلقه فقدره | من نطفه خلقه | نطفه خلقه فقدره
quotes 80:19: «نطفه خلقه» in 4 segment(s): BINTSHATI-IJAZ:p531, BURHAN:v4p92, BURHAN:v4p93, ITQAN:v2p556
quotes 80:19: «خلقه فقدره» in 1 segment(s): BINTSHATI-IJAZ:p531
quotes 82:6: 7 unique window(s): ما غرك | غرك بربك | بربك الكريم | ياايها الانسان ما | الانسان ما غرك | ما غرك بربك | غرك بربك الكريم
quotes 82:6: «ما غرك» in 13 segment(s): BURHAN:v1p253#2, BURHAN:v2p216, BURHAN:v2p232, BURHAN:v2p318, BURHAN:v2p337, BURHAN:v4p403, DAMGHANI:v1p49, IBNJAWZI-NUZHA:v1p178, IBNJAWZI-NUZHA:v1p521, IBNQUTAYBA-MUSHKIL:v1p167, IBNQUTAYBA-MUSHKIL:v1p269, ITQAN:v3p89 …
quotes 82:6: «غرك بربك» in 12 segment(s): BURHAN:v1p253#2, BURHAN:v2p216, BURHAN:v2p232, BURHAN:v2p337, BURHAN:v4p403, DAMGHANI:v1p49, IBNJAWZI-NUZHA:v1p178, IBNJAWZI-NUZHA:v1p521, IBNQUTAYBA-MUSHKIL:v1p167, IBNQUTAYBA-MUSHKIL:v1p269, ITQAN:v3p89, ITQAN:v3p215
quotes 82:6: «بربك الكريم» in 13 segment(s): BURHAN:v1p253#2, BURHAN:v2p216, BURHAN:v2p232, BURHAN:v2p337, BURHAN:v4p403, DAMGHANI:v1p49, IBNJAWZI-NUZHA:v1p178, IBNJAWZI-NUZHA:v1p521, IBNQUTAYBA-MUSHKIL:v1p167, IBNQUTAYBA-MUSHKIL:v1p269, ITQAN:v2p512#4, ITQAN:v3p89 …
quotes 82:6: «ياايها الانسان ما» in 0 segment(s): 
quotes 82:7: 7 unique window(s): فسوياك | فعدلك | الذي خلقك | خلقك فسوياك | فسوياك فعدلك | الذي خلقك فسوياك | خلقك فسوياك فعدلك
quotes 82:7: «فسوياك» in 0 segment(s): 
quotes 82:7: «فعدلك» in 2 segment(s): IBNJAWZI-NUZHA:v1p352, NASHR:v2p398
quotes 82:7: «الذي خلقك» in 0 segment(s): 
quotes 82:8: 10 unique window(s): صوره | ركبك | في اي | اي صوره | صوره ما | شا ركبك | في اي صوره | اي صوره ما | صوره ما شا | ما شا ركبك
NOTE quotes 82:8: window «صوره» in 241 segments, too common alone; the longer windows that contain it are used instead
quotes 82:8: «ركبك» in 7 segment(s): BURHAN:v1p371, IBNQUTAYBA-MUSHKIL:v1p70, IBNQUTAYBA-MUSHKIL:v1p295#2, ITQAN:v2p494#3, ITQAN:v4p534#2, NASHR:v1p301, NASHR:v1p302
NOTE quotes 82:8: window «في اي» in 63 segments, too common alone; the longer windows that contain it are used instead
quotes 82:8: «اي صوره» in 6 segment(s): BURHAN:v1p429#2, IBNQUTAYBA-MUSHKIL:v1p55#2, IBNQUTAYBA-MUSHKIL:v1p70, IBNQUTAYBA-MUSHKIL:v1p295#2, ITQAN:v2p494#3, ITQAN:v4p534#2
quotes 82:8: «صوره ما» in 12 segment(s): BURHAN:v4p66, IBNQUTAYBA-MUSHKIL:v1p70, IBNQUTAYBA-MUSHKIL:v1p295#2, ITQAN:v2p578#2, ITQAN:v3p11, ITQAN:v3p211#2, ITQAN:v4p534#2, JURJANI-ASRAR:v1p206, JURJANI-ASRAR:v1p264, JURJANI-ASRAR:v1p281, JURJANI-ASRAR:v1p335, NASHR:v1p445#2
quotes 83:28: 2 unique window(s): بها المقربون | يشرب بها المقربون
quotes 83:28: «بها المقربون» in 4 segment(s): DAMGHANI:v1p335, IBNJAWZI-NUZHA:v1p208, IBNQUTAYBA-MUSHKIL:v1p301#2, SAMARRAI-ASRAR:r7#8
quotes 84:6: 14 unique window(s): كادح | كدحا | فملاقيه | الانسان انك | انك كادح | كادح اليا | ربك كدحا | كدحا فملاقيه | ياايها الانسان انك | الانسان انك كادح | انك كادح اليا | كادح اليا ربك | اليا ربك كدحا | ربك كدحا فملاقيه
quotes 84:6: «كادح» in 6 segment(s): BURHAN:v1p253#2, BURHAN:v2p232, IBNJAWZI-NUZHA:v1p178, IBNQUTAYBA-MUSHKIL:v1p70, IBNQUTAYBA-MUSHKIL:v1p167, MAJAZ:v2p439#2
quotes 84:6: «كدحا» in 3 segment(s): IBNJAWZI-NUZHA:v1p178, IBNQUTAYBA-MUSHKIL:v1p70, IBNQUTAYBA-MUSHKIL:v1p167
quotes 84:6: «فملاقيه» in 2 segment(s): IBNJAWZI-NUZHA:v1p178, IBNQUTAYBA-MUSHKIL:v1p167
quotes 84:6: «الانسان انك» in 5 segment(s): BURHAN:v1p253#2, BURHAN:v2p232, IBNJAWZI-NUZHA:v1p178, IBNQUTAYBA-MUSHKIL:v1p70, IBNQUTAYBA-MUSHKIL:v1p167
quotes 84:13: 4 unique window(s): في اهله | انه كان في | كان في اهله | في اهله مسرورا
quotes 84:13: «في اهله» in 3 segment(s): BINTSHATI-IJAZ:p379, BURHAN:v1p450, ITQAN:v1p71
quotes 84:13: «انه كان في» in 60 segment(s): ABUDAWUD:733, ABUDAWUD:966, ABUDAWUD:2647, ABUDAWUD:3182, ABUDAWUD:4649, ABUDAWUD:4768, ABUDAWUD:5072, ALUSI-FULL:v1p25, ALUSI-FULL:v1p33, AZRAQI:v1p246, AZRAQI:v2p205, BINTSHATI-IJAZ:p379 …
quotes 84:14: 7 unique window(s): يحور | انه ظن | ظن ان | لن يحور | انه ظن ان | ظن ان لن | ان لن يحور
quotes 84:14: «يحور» in 14 segment(s): BINTSHATI-IJAZ:p379, BINTSHATI-IJAZ:p380, BURHAN:v1p373#2, BURHAN:v4p24, DAMGHANI:v1p311, IBNJAWZI-NUZHA:v1p424, ITQAN:v2p337#5, ITQAN:v2p354, ITQAN:v2p406, ITQAN:v2p408, MAJAZ:v2p410, NASHR:v2p148 …
quotes 84:14: «انه ظن» in 10 segment(s): BINTSHATI-IJAZ:p379, BURHAN:v4p24, BURHAN:v4p183, DAMGHANI:v1p311, IBNJAWZI-NUZHA:v1p424, ITQAN:v2p406, JISHUMI:v1p800, JURJANI-DALAIL:v1p257, SAMARRAI-ASRAR-MUH:p88, SAMARRAI-LAMASAT-HALAQAT:p538
quotes 84:14: «ظن ان» in 18 segment(s): ALUSI-FULL:v1p13, BAQILLANI:v1p252, BINTSHATI-IJAZ:p379, BURHAN:v3p60, BURHAN:v4p24, DAMGHANI:v1p311, IBNJAWZI-NUZHA:v1p424, IBNQUTAYBA-MUSHKIL:v1p43, ITQAN:v1p91, ITQAN:v1p215#2, ITQAN:v2p406, ITQAN:v3p31 …
quotes 84:15: 7 unique window(s): ان ربه | ربه كان | به بصيرا | بليا ان ربه | ان ربه كان | ربه كان به | كان به بصيرا
quotes 84:15: «ان ربه» in 1 segment(s): BINTSHATI-IJAZ:p379
quotes 84:15: «ربه كان» in 1 segment(s): BINTSHATI-IJAZ:p379
quotes 84:15: «به بصيرا» in 1 segment(s): BINTSHATI-IJAZ:p379
quotes 84:21: 7 unique window(s): قري عليهم | عليهم القران | لا يسجدون | واذا قري عليهم | قري عليهم القران | عليهم القران لا | القران لا يسجدون
quotes 84:21: «قري عليهم» in 0 segment(s): 
quotes 84:21: «عليهم القران» in 6 segment(s): BAQILLANI:v1p52, BAQILLANI:v1p291, BINTSHATI-IJAZ:p78, BURHAN:v2p116, IBNATIYYA-FULL:v1p38, SAMARRAI-LAMASAT-HALAQAT:p821
quotes 84:21: «لا يسجدون» in 0 segment(s): 
quotes 86:5: 4 unique window(s): الانسان مم | مم خلق | فلينظر الانسان مم | الانسان مم خلق
quotes 86:5: «الانسان مم» in 5 segment(s): BINTSHATI-IJAZ:p524, BURHAN:v1p367, DAMGHANI:v1p51, IBNJAWZI-NUZHA:v1p178, IBNJAWZI-NUZHA:v1p587
quotes 86:5: «مم خلق» in 6 segment(s): BINTSHATI-IJAZ:p524, BURHAN:v1p367, BURHAN:v3p212, DAMGHANI:v1p51, IBNJAWZI-NUZHA:v1p178, IBNJAWZI-NUZHA:v1p587
quotes 86:6: 4 unique window(s): دافق | ما دافق | خلق من ما | من ما دافق
quotes 86:6: «دافق» in 11 segment(s): BINTSHATI-IJAZ:p524, BURHAN:v1p367, BURHAN:v2p283, IBNQUTAYBA-MUSHKIL:v1p179, ITQAN:v3p103, ITQAN:v3p269, JISHUMI:v1p689, KHATTABI:v1p69, MAJAZ:v2p413, SAMARRAI-LAMASAT-HALAQAT:p604, YKHULI-TAJDID:c2
quotes 86:6: «خلق من ما» in 6 segment(s): BINTSHATI-IJAZ:p524, BURHAN:v1p367, IBNQUTAYBA-MUSHKIL:v1p179, KHATTABI:v1p69, MUSNAD-AHMAD:7932, MUSNAD-AHMAD:10399
quotes 86:8: 6 unique window(s): رجعه | لقادر | عليا رجعه | رجعه لقادر | انه عليا رجعه | عليا رجعه لقادر
quotes 86:8: «رجعه» in 12 segment(s): BINTSHATI:v2pdf194, BINTSHATI-IJAZ:p524, BURHAN:v1p309, DAMGHANI:v1p434, ITQAN:v2p343, ITQAN:v2p535#2, JISHUMI:v1p912, JISHUMI:v1p918, MAWARDI-FULL:v1p24, NASHR:v2p91, SAMARRAI-ASRAR:r3#3, TAB-FULL:v1p94
quotes 86:8: «لقادر» in 3 segment(s): BINTSHATI-IJAZ:p524, BURHAN:v1p309, ITQAN:v2p535#2
quotes 86:11: 3 unique window(s): الرجع | ذات الرجع | والسما ذات الرجع
quotes 86:11: «الرجع» in 5 segment(s): BINTSHATI-IJAZ:p226, BINTSHATI-IJAZ:p471, DAMGHANI:v1p191, MAJAZ:v2p415#2, NASHR:v2p131
quotes 86:12: 4 unique window(s): الصدع | والارض ذات | ذات الصدع | والارض ذات الصدع
quotes 86:12: «الصدع» in 12 segment(s): BINTSHATI-IJAZ:p224, BINTSHATI-IJAZ:p226, BURHAN:v3p437, DAMGHANI:v1p274, DAMGHANI:v1p276, ITQAN:v3p121, JISHUMI:v1p439, KHATTABI:v1p44, MAJAZ:v2p425, NASHR:v2p131, RUMMANI:v1p87, SIBAWAYH:(هذابابجمعأسماءالرجالوالنساء)#588
quotes 86:12: «والارض ذات» in 2 segment(s): BINTSHATI-IJAZ:p226, DAMGHANI:v1p274
quotes 87:1: 5 unique window(s): الاعلي | سبح اسم | ربك الاعلي | سبح اسم ربك | اسم ربك الاعلي
NOTE quotes 87:1: window «الاعلي» in 173 segments, too common alone; the longer windows that contain it are used instead
quotes 87:1: «سبح اسم» in 22 segment(s): BINTSHATI-IJAZ:p271, BURHAN:v1p65, BURHAN:v1p164#2, BURHAN:v1p180#4, BURHAN:v1p193, BURHAN:v2p296, BURHAN:v2p446, BURHAN:v3p199, BURHAN:v4p170, DAMGHANI:v1p246, IBNJAWZI-NUZHA:v1p627, IBNKATHIR-FULL:v1p49 …
quotes 87:1: «ربك الاعلي» in 20 segment(s): BINTSHATI-IJAZ:p271, BURHAN:v1p65, BURHAN:v1p164#2, BURHAN:v1p180#4, BURHAN:v1p193, BURHAN:v2p296, BURHAN:v2p446, BURHAN:v3p199, BURHAN:v4p170, IBNJAWZI-NUZHA:v1p627, IBNKATHIR-FULL:v1p49, ITQAN:v1p37 …
quotes 87:2: 2 unique window(s): خلق فسويا | الذي خلق فسويا
quotes 87:2: «خلق فسويا» in 0 segment(s): 
quotes 87:3: 3 unique window(s): والذي قدر | قدر فهديا | والذي قدر فهديا
quotes 87:3: «والذي قدر» in 7 segment(s): BURHAN:v2p446, DAMGHANI:v1p371, DAMGHANI:v1p475, IBNJAWZI-NUZHA:v1p627, IBNQUTAYBA-MUSHKIL:v1p248, NASHR:v2p399#2, RUMMANI:v1p101
quotes 87:3: «قدر فهديا» in 0 segment(s): 
quotes 87:6: 4 unique window(s): سنقريك | سنقريك فلا | فلا تنسيا | سنقريك فلا تنسيا
quotes 87:6: «سنقريك» in 14 segment(s): BURHAN:v1p237, BURHAN:v4p297, BURHAN:v4p353, DAMGHANI:v1p426, DAMGHANI:v1p453, IBNJAWZI-NUZHA:v1p579#2, IBNJAWZI-NUZHA:v1p631#2, ITQAN:v3p265, ITQAN:v4p430, ITQAN:v4p448, NASHR:v1p444, NASHR:v1p445 …
quotes 87:6: «فلا تنسيا» in 0 segment(s): 
quotes 87:12: 4 unique window(s): يصلي النار | النار الكبريا | الذي يصلي النار | يصلي النار الكبريا
quotes 87:12: «يصلي النار» in 1 segment(s): NASHR:v2p112
quotes 87:12: «النار الكبريا» in 0 segment(s): 
quotes 87:14: 1 unique window(s): افلح من تزكيا
quotes 87:14: «افلح من تزكيا» in 0 segment(s): 
quotes 87:15: 6 unique window(s): فصليا | وذكر اسم | اسم ربه | ربه فصليا | وذكر اسم ربه | اسم ربه فصليا
quotes 87:15: «فصليا» in 0 segment(s): 
quotes 87:15: «وذكر اسم» in 9 segment(s): BURHAN:v4p90, BURHAN:v4p259, ITQAN:v1p106, ITQAN:v2p338#2, ITQAN:v2p464#2, ITQAN:v4p535#3, NASHR:v2p112, SAMARRAI-LAMASAT:p138, SAMARRAI-LAMASAT:p141
quotes 87:15: «اسم ربه» in 8 segment(s): BURHAN:v4p259, ITQAN:v1p106, ITQAN:v2p338#2, ITQAN:v2p464#2, ITQAN:v4p535#3, NASHR:v2p112, SAMARRAI-LAMASAT:p138, SAMARRAI-LAMASAT:p141
quotes 89:1: 1 unique window(s): والفجر
quotes 89:1: «والفجر» in 39 segment(s): ALUSI-FULL:v1p25, BAQILLANI:v1p277, BINTSHATI-IJAZ:p154, BINTSHATI-IJAZ:p244, BINTSHATI-IJAZ:p245, BINTSHATI-IJAZ:p260, BINTSHATI-IJAZ:p269, BINTSHATI-IJAZ:p482, BURHAN:v1p72, BURHAN:v1p100, BURHAN:v1p147, BURHAN:v1p179#2 …
quotes 89:9: 9 unique window(s): جابوا | الصخر | وثمود الذين | الذين جابوا | جابوا الصخر | الصخر بالواد | وثمود الذين جابوا | الذين جابوا الصخر | جابوا الصخر بالواد
quotes 89:9: «جابوا» in 9 segment(s): BINTSHATI-IJAZ:p270, BINTSHATI-IJAZ:p354, BINTSHATI-IJAZ:p571, BINTSHATI-IJAZ:p572, BINTSHATI-IJAZ:p573, ITQAN:v2p373, JISHUMI:v1p770#2, MAJAZ:v2p406#2, YKHULI-TAJDID:c2
quotes 89:9: «الصخر» in 14 segment(s): BAQILLANI:v1p181, BINTSHATI-IJAZ:p226, BINTSHATI-IJAZ:p270, BINTSHATI-IJAZ:p354, BINTSHATI-IJAZ:p571, BINTSHATI-IJAZ:p572, BINTSHATI-IJAZ:p573, IBNJINNI-MUHTASAB:v1p18, IBNQUTAYBA-MUSHKIL:v1p73, ITQAN:v2p373, JISHUMI:v1p770#2, JURJANI-ASRAR:v1p343 …
quotes 89:9: «وثمود الذين» in 4 segment(s): BINTSHATI-IJAZ:p270, BINTSHATI-IJAZ:p354, BINTSHATI-IJAZ:p571, YKHULI-TAJDID:c2
quotes 89:11: 5 unique window(s): طغوا | الذين طغوا | طغوا في | الذين طغوا في | طغوا في البلاد
quotes 89:11: «طغوا» in 2 segment(s): BINTSHATI-IJAZ:p571, SIBAWAYH:وذلكقولكأقائماوقدقعدالناسوأقاعداوقدسارالركب|وكذلكإنأردت#143
quotes 89:15: 15 unique window(s): فاكرمه | اكرمن | فاما الانسان | ابتلياه ربه | ربه فاكرمه | فاكرمه ونعمه | ونعمه فيقول | ربي اكرمن | فاما الانسان اذا | ما ابتلياه ربه | ابتلياه ربه فاكرمه | ربه فاكرمه ونعمه | فاكرمه ونعمه فيقول | ونعمه فيقول ربي | فيقول ربي اكرمن
quotes 89:15: «فاكرمه» in 12 segment(s): BURHAN:v2p326, BURHAN:v4p39, DAMGHANI:v1p403, DAMGHANI:v1p460, IBNJAWZI-NUZHA:v1p129, IBNJAWZI-NUZHA:v1p181, IBNJAWZI-NUZHA:v1p521, IBNQUTAYBA-MUSHKIL:v1p269, RAZI-FULL:v1p67#2, SAMARRAI-LAMASAT-HALAQAT:p891, SIBAWAYH:(هذابابماينصبفىالألف)#57, ZAJJAJ:v1p52
quotes 89:15: «اكرمن» in 9 segment(s): BURHAN:v1p400, IBNJAWZI-NUZHA:v1p181, IBNJAWZI-NUZHA:v1p521, ITQAN:v4p446, NASHR:v2p182, NASHR:v2p191, NASHR:v2p399#2, SAMARRAI-LAMASAT-HALAQAT:p891, SIBAWAYH:(هذابابمايحذفمنالأسماءمنالياءاتفيالوقفالتيلاتذهبفي#740
quotes 89:15: «فاما الانسان» in 4 segment(s): DAMGHANI:v1p51, IBNJAWZI-NUZHA:v1p181, ITQAN:v4p394, SAMARRAI-LAMASAT-HALAQAT:p891
quotes 89:15: «ابتلياه ربه» in 0 segment(s): 
quotes 89:15: «ونعمه فيقول» in 3 segment(s): IBNJAWZI-NUZHA:v1p181, IBNJAWZI-NUZHA:v1p521, SAMARRAI-LAMASAT-HALAQAT:p891
quotes 89:16: 14 unique window(s): فقدر | اهانن | واما اذا | ابتلياه فقدر | فقدر عليه | رزقه فيقول | ربي اهانن | واما اذا ما | ما ابتلياه فقدر | ابتلياه فقدر عليه | فقدر عليه رزقه | عليه رزقه فيقول | رزقه فيقول ربي | فيقول ربي اهانن
quotes 89:16: «فقدر» in 4 segment(s): IBNQUTAYBA-MUSHKIL:v1p233, JISHUMI:v1p659, JURJANI-DALAIL:v1p282, NASHR:v2p399#2
quotes 89:16: «اهانن» in 7 segment(s): BINTSHATI-IJAZ:p486, BURHAN:v1p368, BURHAN:v1p400, IBNJAWZI-NUZHA:v1p511, ITQAN:v1p235, ITQAN:v4p446, SIBAWAYH:(هذابابمايحذفمنالأسماءمنالياءاتفيالوقفالتيلاتذهبفي#740
quotes 89:16: «واما اذا» in 31 segment(s): ALUSI-FULL:v1p13, BAQILLANI:v1p232, BINTSHATI-IJAZ:p226, BURHAN:v1p331, BURHAN:v2p206, BURHAN:v2p362, BURHAN:v2p435, BURHAN:v3p113, BURHAN:v4p131, BURHAN:v4p136, BURHAN:v4p199, BURHAN:v4p390 …
quotes 89:16: «رزقه فيقول» in 0 segment(s): 
quotes 89:17: 5 unique window(s): تكرمون | لا تكرمون | تكرمون اليتيم | بل لا تكرمون | لا تكرمون اليتيم
quotes 89:17: «تكرمون» in 3 segment(s): BINTSHATI-IJAZ:p573, ITQAN:v2p329#5, NASHR:v2p399#2
quotes 89:18: 5 unique window(s): تحاضون | ولا تحاضون | تحاضون عليا | ولا تحاضون عليا | تحاضون عليا طعام
quotes 89:18: «تحاضون» in 2 segment(s): BINTSHATI-IJAZ:p573, NASHR:v2p399#2
quotes 89:20: 6 unique window(s): وتحبون | وتحبون المال | المال حبا | حبا جما | وتحبون المال حبا | المال حبا جما
quotes 89:20: «وتحبون» in 3 segment(s): BINTSHATI-IJAZ:p573, BINTSHATI-IJAZ:p574, NASHR:v2p399#2
quotes 89:20: «المال حبا» in 1 segment(s): BINTSHATI-IJAZ:p573
quotes 89:20: «حبا جما» in 3 segment(s): BINTSHATI-IJAZ:p573, BURHAN:v1p371, ITQAN:v2p373
quotes 89:24: 5 unique window(s): لحياتي | ياليتني قدمت | قدمت لحياتي | يقول ياليتني قدمت | ياليتني قدمت لحياتي
quotes 89:24: «لحياتي» in 2 segment(s): BURHAN:v4p341, ITQAN:v2p497
quotes 89:24: «ياليتني قدمت» in 0 segment(s): 
quotes 89:27: 5 unique window(s): ياايتها | المطمينه | ياايتها النفس | النفس المطمينه | ياايتها النفس المطمينه
quotes 89:27: «ياايتها» in 0 segment(s): 
quotes 89:27: «المطمينه» in 3 segment(s): DAMGHANI:v1p297, NASHR:v2p101, NASHR:v2p399#2
quotes 89:28: 8 unique window(s): ارجعي | مرضيه | ارجعي اليا | ربك راضيه | راضيه مرضيه | ارجعي اليا ربك | اليا ربك راضيه | ربك راضيه مرضيه
quotes 89:28: «ارجعي» in 3 segment(s): BINTSHATI-IJAZ:p379, DAMGHANI:v1p297, NASHR:v2p101
quotes 89:28: «مرضيه» in 8 segment(s): BAQILLANI:v1p284, BINTSHATI-IJAZ:p89, BURHAN:v2p283, DAMGHANI:v1p297, ITQAN:v3p97, ITQAN:v4p496, NASHR:v2p457, SAMARRAI-LAMASAT-HALAQAT:p604
quotes 89:28: «ربك راضيه» in 1 segment(s): DAMGHANI:v1p297
quotes 89:29: 4 unique window(s): فادخلي | فادخلي في | في عبادي | فادخلي في عبادي
quotes 89:29: «فادخلي» in 3 segment(s): BURHAN:v4p302, ITQAN:v4p445, ITQAN:v4p452
quotes 89:29: «في عبادي» in 3 segment(s): BURHAN:v4p302, DAMGHANI:v1p365, NASHR:v2p170
quotes 89:30: 3 unique window(s): وادخلي | جنتي | وادخلي جنتي
quotes 89:30: «وادخلي» in 3 segment(s): BURHAN:v4p302, ITQAN:v4p445, NASHR:v2p143
quotes 89:30: «جنتي» in 5 segment(s): BURHAN:v4p302, DAMGHANI:v1p198, ITQAN:v4p445, NASHR:v1p261#2, RAZI-FULL:v1p83
quotes 90:6: 6 unique window(s): اهلكت | يقول اهلكت | اهلكت مالا | مالا لبدا | يقول اهلكت مالا | اهلكت مالا لبدا
quotes 90:6: «اهلكت» in 8 segment(s): BINTSHATI-IJAZ:p589, BURHAN:v2p515, DAMGHANI:v1p477, IBNJAWZI-NUZHA:v1p115, IBNJAWZI-NUZHA:v1p639, ITQAN:v4p377, SIBAWAYH:ولاms339علامةالمضمرالمتكلمولاعلامةالمضمرالمحدثعنهالغائبوذلكأنه#422, SIBAWAYH:(هذابابمابنتالعربمنالأسماءوالصفاتوالأفعالغيرالمعتلة#750
quotes 90:6: «مالا لبدا» in 6 segment(s): BURHAN:v2p515, DAMGHANI:v1p477, IBNJAWZI-NUZHA:v1p115, IBNJAWZI-NUZHA:v1p639, NASHR:v2p401, SIBAWAYH:(هذابابمابنتالعربمنالأسماءوالصفاتوالأفعالغيرالمعتلة#750
quotes 90:7: 5 unique window(s): لم يره | يره احد | ايحسب ان لم | ان لم يره | لم يره احد
quotes 90:7: «لم يره» in 10 segment(s): DAMGHANI:v1p18, IBNJAWZI-NUZHA:v1p115, ITQAN:v2p427#2, JISHUMI:v1p898, JURJANI-DALAIL:v1p147, NASHR:v1p304#2, NASHR:v1p479, NASHR:v2p148, NASHR:v2p401, SAMARRAI-LAMASAT-HALAQAT:p867
quotes 90:7: «يره احد» in 4 segment(s): DAMGHANI:v1p18, IBNJAWZI-NUZHA:v1p115, ITQAN:v2p427#2, NASHR:v2p148
quotes 90:7: «ايحسب ان لم» in 2 segment(s): DAMGHANI:v1p18, IBNJAWZI-NUZHA:v1p115
quotes 90:8: 4 unique window(s): عينين | له عينين | الم نجعل له | نجعل له عينين
quotes 90:8: «عينين» in 6 segment(s): BINTSHATI-IJAZ:p316, DAMGHANI:v1p338, IBNJAWZI-NUZHA:v1p443, NASHR:v1p379, SAMARRAI-ASRAR:r3#2, SIBAWAYH:(هذابابحروفالبدل)#749
quotes 90:8: «الم نجعل له» in 3 segment(s): BINTSHATI-IJAZ:p316, DAMGHANI:v1p338, IBNJAWZI-NUZHA:v1p443
quotes 91:11: 3 unique window(s): بطغوياها | ثمود بطغوياها | كذبت ثمود بطغوياها
quotes 91:11: «بطغوياها» in 0 segment(s): 
quotes 91:13: 9 unique window(s): وسقياها | لهم رسول | الله ناقه | الله وسقياها | فقال لهم رسول | لهم رسول الله | رسول الله ناقه | الله ناقه الله | ناقه الله وسقياها
quotes 91:13: «وسقياها» in 4 segment(s): BURHAN:v2p324, BURHAN:v3p105, ITQAN:v3p153, ITQAN:v3p222#2
quotes 91:13: «لهم رسول» in 2 segment(s): ITQAN:v4p394, JISHUMI:v1p445
quotes 91:13: «الله ناقه» in 0 segment(s): 
quotes 91:14: 12 unique window(s): فدمدم | فكذبوه فعقروها | فعقروها فدمدم | فدمدم عليهم | عليهم ربهم | ربهم بذنبهم | بذنبهم فسوياها | فكذبوه فعقروها فدمدم | فعقروها فدمدم عليهم | فدمدم عليهم ربهم | عليهم ربهم بذنبهم | ربهم بذنبهم فسوياها
quotes 91:14: «فدمدم» in 0 segment(s): 
quotes 91:14: «فكذبوه فعقروها» in 3 segment(s): BURHAN:v3p279, IBNQUTAYBA-MUSHKIL:v1p130, ITQAN:v3p243
quotes 91:14: «عليهم ربهم» in 0 segment(s): 
quotes 91:14: «ربهم بذنبهم» in 0 segment(s): 
quotes 91:14: «بذنبهم فسوياها» in 0 segment(s): 
quotes 92:1: 2 unique window(s): اذا يغشيا | واليل اذا يغشيا
quotes 92:1: «اذا يغشيا» in 0 segment(s): 
quotes 92:4: 4 unique window(s): لشتيا | ان سعيكم | سعيكم لشتيا | ان سعيكم لشتيا
quotes 92:4: «لشتيا» in 0 segment(s): 
quotes 92:4: «ان سعيكم» in 8 segment(s): BINTSHATI-IJAZ:p233, BINTSHATI-IJAZ:p244, BINTSHATI-IJAZ:p245, BINTSHATI-IJAZ:p249, DAMGHANI:v1p237, IBNJAWZI-NUZHA:v1p349, IBNQUTAYBA-MUSHKIL:v1p274#2, ITQAN:v4p353
quotes 92:5: 4 unique window(s): من اعطيا | اعطيا واتقيا | فاما من اعطيا | من اعطيا واتقيا
quotes 92:5: «من اعطيا» in 0 segment(s): 
quotes 92:5: «اعطيا واتقيا» in 0 segment(s): 
quotes 92:6: 1 unique window(s): وصدق بالحسنيا
quotes 92:6: «وصدق بالحسنيا» in 0 segment(s): 
quotes 92:7: 1 unique window(s): فسنيسره لليسريا
quotes 92:7: «فسنيسره لليسريا» in 0 segment(s): 
quotes 92:8: 5 unique window(s): واستغنيا | من بخل | بخل واستغنيا | واما من بخل | من بخل واستغنيا
quotes 92:8: «واستغنيا» in 0 segment(s): 
quotes 92:8: «من بخل» in 4 segment(s): BINTSHATI-IJAZ:p249, BINTSHATI-IJAZ:p374, BURHAN:v2p129, IBNQUTAYBA-MUSHKIL:v1p106
quotes 92:9: 1 unique window(s): وكذب بالحسنيا
quotes 92:9: «وكذب بالحسنيا» in 0 segment(s): 
quotes 92:10: 2 unique window(s): للعسريا | فسنيسره للعسريا
quotes 92:10: «للعسريا» in 0 segment(s): 
quotes 92:11: 9 unique window(s): ترديا | وما يغني | يغني عنه | ماله اذا | اذا ترديا | وما يغني عنه | يغني عنه ماله | عنه ماله اذا | ماله اذا ترديا
quotes 92:11: «ترديا» in 0 segment(s): 
quotes 92:11: «وما يغني» in 3 segment(s): BINTSHATI-IJAZ:p374, JURJANI-DALAIL:v1p329, SAMARRAI-LAMASAT-HALAQAT:p658
quotes 92:11: «يغني عنه» in 5 segment(s): BAQILLANI:v1p162, BINTSHATI-IJAZ:p374, BINTSHATI-IJAZ:p410, JURJANI-ASRAR:v1p55, SAMARRAI-LAMASAT-HALAQAT:p658
quotes 92:11: «ماله اذا» in 2 segment(s): BINTSHATI-IJAZ:p374, SAMARRAI-LAMASAT-HALAQAT:p658
quotes 92:12: 3 unique window(s): للهديا | علينا للهديا | ان علينا للهديا
quotes 92:12: «للهديا» in 0 segment(s): 
quotes 92:13: 6 unique window(s): للاخره | وان لنا | لنا للاخره | للاخره والاوليا | وان لنا للاخره | لنا للاخره والاوليا
quotes 92:13: «للاخره» in 9 segment(s): BINTSHATI-IJAZ:p249, BINTSHATI-IJAZ:p277, BURHAN:v2p145, DAMGHANI:v1p23, IBNKATHIR-FULL:v1p57, ITQAN:v2p499, JISHUMI:v1p822, SAMARRAI-LAMASAT-HALAQAT:p639, SAMARRAI-LAMASAT-HALAQAT:p741
quotes 92:13: «وان لنا» in 4 segment(s): BINTSHATI-IJAZ:p249, BINTSHATI-IJAZ:p277, DAMGHANI:v1p23, ITQAN:v2p499
quotes 92:15: 5 unique window(s): لا يصلياها | يصلياها الا | الا الاشقي | لا يصلياها الا | يصلياها الا الاشقي
quotes 92:15: «لا يصلياها» in 0 segment(s): 
quotes 92:15: «يصلياها الا» in 0 segment(s): 
quotes 92:15: «الا الاشقي» in 3 segment(s): BINTSHATI-IJAZ:p249, BINTSHATI-IJAZ:p375, BURHAN:v4p90
quotes 92:16: 2 unique window(s): الذي كذب | الذي كذب وتوليا
quotes 92:16: «الذي كذب» in 4 segment(s): BINTSHATI-IJAZ:p249, BINTSHATI-IJAZ:p375, BURHAN:v4p90, ITQAN:v3p302
quotes 92:17: 3 unique window(s): وسيجنبها | الاتقي | وسيجنبها الاتقي
quotes 92:17: «وسيجنبها» in 4 segment(s): BINTSHATI-IJAZ:p249, BURHAN:v4p90, ITQAN:v1p91, JURJANI-DALAIL:v1p161
quotes 92:17: «الاتقي» in 5 segment(s): BINTSHATI-IJAZ:p249, BURHAN:v4p90, ITQAN:v1p91, ITQAN:v4p394, JURJANI-DALAIL:v1p161
quotes 92:18: 5 unique window(s): الذي يوتي | يوتي ماله | ماله يتزكيا | الذي يوتي ماله | يوتي ماله يتزكيا
quotes 92:18: «الذي يوتي» in 4 segment(s): BINTSHATI-IJAZ:p249, BURHAN:v4p90, ITQAN:v1p91, JURJANI-DALAIL:v1p161
quotes 92:18: «يوتي ماله» in 4 segment(s): BINTSHATI-IJAZ:p249, BURHAN:v4p90, ITQAN:v1p91, JURJANI-DALAIL:v1p161
quotes 92:18: «ماله يتزكيا» in 0 segment(s): 
quotes 93:1: 1 unique window(s): والضحيا
quotes 93:1: «والضحيا» in 0 segment(s): 
quotes 93:6: 7 unique window(s): يجدك | فاويا | الم يجدك | يجدك يتيما | يتيما فاويا | الم يجدك يتيما | يجدك يتيما فاويا
quotes 93:6: «يجدك» in 14 segment(s): BINTSHATI-IJAZ:p452, BINTSHATI-IJAZ:p505, BURHAN:v2p331, BURHAN:v2p334, BURHAN:v2p339, DAMGHANI:v1p477, IBNJAWZI-NUZHA:v1p291, ITQAN:v3p212, ITQAN:v3p251#2, NASHR:v2p407, SAMARRAI-ASRAR-MUH:p120, SAMARRAI-LAMASAT-HALAQAT:p569 …
quotes 93:6: «فاويا» in 0 segment(s): 
quotes 93:7: 4 unique window(s): ضالا | ووجدك ضالا | ضالا فهديا | ووجدك ضالا فهديا
quotes 93:7: «ضالا» in 17 segment(s): BINTSHATI-IJAZ:p452, BURHAN:v2p77, BURHAN:v2p331, DAMGHANI:v1p445, IBNJAWZI-NUZHA:v1p408, IBNJAWZI-NUZHA:v1p615, IBNJAWZI-NUZHA:v1p629, IBNQUTAYBA-MUSHKIL:v1p83, IBNQUTAYBA-MUSHKIL:v1p254, ITQAN:v2p310, ITQAN:v3p124, ITQAN:v3p251#2 …
quotes 93:8: 5 unique window(s): عايلا | فاغنيا | ووجدك عايلا | عايلا فاغنيا | ووجدك عايلا فاغنيا
quotes 93:8: «عايلا» in 5 segment(s): BINTSHATI-IJAZ:p381, BINTSHATI-IJAZ:p452, ITQAN:v3p251#2, NASHR:v2p409, SAMARRAI-LAMASAT-HALAQAT:p1097
quotes 93:8: «فاغنيا» in 0 segment(s): 
quotes 95:4: 5 unique window(s): تقويم | في احسن | احسن تقويم | الانسان في احسن | في احسن تقويم
quotes 95:4: «تقويم» in 17 segment(s): DAMGHANI:v1p49, GHARNATI:v1p179, IBNASHUR-FULL:v1p36, IBNASHUR-FULL:v1p80, IBNJAWZI-NUZHA:v1p178, IBNJAWZI-NUZHA:v1p625#2, IBNQUTAYBA-MUSHKIL:v1p204#2, ITQAN:v2p538, ITQAN:v4p353, JURJANI-DALAIL:v1p90, JURJANI-DALAIL:v1p296, JURJANI-DALAIL:v1p376 …
quotes 95:4: «في احسن» in 21 segment(s): BINTSHATI-IJAZ:p88, BINTSHATI-IJAZ:p90, BINTSHATI-IJAZ:p104, BINTSHATI-IJAZ:p257, BURHAN:v2p103, BURHAN:v4p176, BURHAN:v4p251, DAMGHANI:v1p49, GHARNATI:v1p179, IBNJAWZI-NUZHA:v1p178, IBNQUTAYBA-MUSHKIL:v1p204#2, ITQAN:v4p320 …
quotes 96:1: 5 unique window(s): اقرا باسم | ربك الذي | اقرا باسم ربك | باسم ربك الذي | ربك الذي خلق
quotes 96:1: «اقرا باسم» in 34 segment(s): BAQILLANI:v1p292, BURHAN:v1p65, BURHAN:v1p180, BURHAN:v1p193, BURHAN:v1p206, BURHAN:v1p207, BURHAN:v1p259, BURHAN:v2p470, BURHAN:v4p251, IBNASHUR-FULL:v1p71, IBNASHUR-FULL:v1p87, IBNJAWZI-NUZHA:v1p176#2 …
quotes 96:1: «ربك الذي» in 13 segment(s): BURHAN:v1p65, BURHAN:v1p206, BURHAN:v2p470, BURHAN:v2p486, BURHAN:v4p251, IBNJAWZI-NUZHA:v1p176#2, ITQAN:v1p74, ITQAN:v1p75, RAZI-FULL:v1p59, TAB-FULL:v1p92, WAHIDI-ASBAB:v1p10, WAHIDI-ASBAB:v1p11 …
quotes 96:2: 2 unique window(s): من علق | الانسان من علق
quotes 96:2: «من علق» in 6 segment(s): BINTSHATI-IJAZ:p162, BURHAN:v1p65, BURHAN:v2p470, IBNJAWZI-NUZHA:v1p176#2, ITQAN:v3p196, WAHIDI-ASBAB:v1p11
quotes 96:3: 4 unique window(s): الاكرم | اقرا وربك | وربك الاكرم | اقرا وربك الاكرم
quotes 96:3: «الاكرم» in 8 segment(s): BINTSHATI-IJAZ:p272, BINTSHATI-IJAZ:p274, BURHAN:v1p206, BURHAN:v2p455, IBNKATHIR-FULL:v1p48, RIFAI-KHULI:c7, SAMARRAI-LAMASAT-HALAQAT:p627, WAHIDI-ASBAB:v1p11
quotes 96:3: «اقرا وربك» in 3 segment(s): BINTSHATI-IJAZ:p272, BINTSHATI-IJAZ:p274, WAHIDI-ASBAB:v1p11
quotes 96:4: 4 unique window(s): بالقلم | الذي علم | علم بالقلم | الذي علم بالقلم
quotes 96:4: «بالقلم» in 20 segment(s): BINTSHATI-IJAZ:p160, BINTSHATI-IJAZ:p162, BINTSHATI-IJAZ:p272, BURHAN:v1p377, BURHAN:v4p255, DAMGHANI:v1p389, IBNJAWZI-NUZHA:v1p208, IBNJAWZI-NUZHA:v1p481#2, IBNQUTAYBA-MUSHKIL:v1p183, ITQAN:v4p335, ITQAN:v4p363, ITQAN:v4p442 …
quotes 96:4: «الذي علم» in 2 segment(s): BINTSHATI-IJAZ:p272, WAHIDI-ASBAB:v1p11
quotes 96:5: 5 unique window(s): علم الانسان | لم يعلم | علم الانسان ما | الانسان ما لم | ما لم يعلم
quotes 96:5: «علم الانسان» in 10 segment(s): BINTSHATI-IJAZ:p162, BURHAN:v1p206, BURHAN:v1p371, BURHAN:v1p377, BURHAN:v4p315, ITQAN:v3p196, ITQAN:v3p284, ITQAN:v4p442, SAMARRAI-LAMASAT-HALAQAT:p1044, WAHIDI-ASBAB:v1p11
NOTE quotes 96:5: window «لم يعلم» in 56 segments, too common alone; the longer windows that contain it are used instead
quotes 96:5: «الانسان ما لم» in 13 segment(s): AZRAQI:v2p204, BINTSHATI-IJAZ:p162, BUKHARI:4953, BURHAN:v1p206, BURHAN:v1p371, BURHAN:v1p377, BURHAN:v4p315, IBNHISHAM:v1p235#2, ITQAN:v3p196, ITQAN:v3p284, ITQAN:v4p442, MUSLIM:403 …
quotes 96:5: «ما لم يعلم» in 30 segment(s): ALUSI-FULL:v1p5#2, AZRAQI:v2p204, BINTSHATI-IJAZ:p162, BUKHARI:4953, BUKHARI:6982, BURHAN:v1p206, BURHAN:v1p371, BURHAN:v1p377, BURHAN:v4p315, BURHAN:v4p400, IBNATIYYA-FULL:v1p41, IBNHIBBAN:v1p217 …
quotes 96:6: 4 unique window(s): ليطغيا | الانسان ليطغيا | كلا ان الانسان | ان الانسان ليطغيا
quotes 96:6: «ليطغيا» in 0 segment(s): 
quotes 96:6: «كلا ان الانسان» in 9 segment(s): BURHAN:v2p140, BURHAN:v4p315, DAMGHANI:v1p49, IBNJAWZI-NUZHA:v1p178, IBNJAWZI-NUZHA:v1p511, ITQAN:v2p494#3, ITQAN:v3p196, MUSLIM:7065, SAMARRAI-LAMASAT-HALAQAT:p692
quotes 96:7: 3 unique window(s): ان راه | راه استغنيا | ان راه استغنيا
quotes 96:7: «ان راه» in 6 segment(s): BURHAN:v2p140, BURHAN:v3p260#2, DAMGHANI:v1p49, IBNJAWZI-NUZHA:v1p178, ITQAN:v3p38, NASHR:v2p401
quotes 96:7: «راه استغنيا» in 0 segment(s): 
quotes 96:8: 5 unique window(s): الرجعيا | ان اليا | ربك الرجعيا | ان اليا ربك | اليا ربك الرجعيا
quotes 96:8: «الرجعيا» in 0 segment(s): 
quotes 96:8: «ان اليا» in 30 segment(s): BINTSHATI-IJAZ:p260, BINTSHATI-IJAZ:p271, JISHUMI:v1p551, JISHUMI:v1p577, JISHUMI:v2p997, JISHUMI:v2p1073, NASHR:v1p432, NASHR:v1p447, NASHR:v1p458, NASHR:v2p298, NASHR:v2p317, SAMARRAI-ASRAR:r5 …
quotes 96:9: 3 unique window(s): ينهيا | الذي ينهيا | اريت الذي ينهيا
quotes 96:9: «ينهيا» in 0 segment(s): 
quotes 96:10: 3 unique window(s): عبدا اذا | اذا صليا | عبدا اذا صليا
quotes 96:10: «عبدا اذا» in 3 segment(s): BURHAN:v4p178, SAMARRAI-ASRAR-MUH:p91, SAMARRAI-LAMASAT-HALAQAT:p541
quotes 96:10: «اذا صليا» in 0 segment(s): 
quotes 96:11: 3 unique window(s): اريت ان كان | ان كان علي | كان علي الهديا
quotes 96:11: «اريت ان كان» in 0 segment(s): 
quotes 96:11: «ان كان علي» in 11 segment(s): BUKHARI:3267, IBNHISHAM:v1p311#3, IBNJAWZI-NUZHA:v1p629, JURJANI-DALAIL:v1p24, MALIK:1362, MUSLIM:7065, MUSNAD-AHMAD:3044, MUSNAD-AHMAD:8831, MUSNAD-AHMAD:16607, MUSNAD-AHMAD:23196, MUSNAD-AHMAD:26564
quotes 96:11: «كان علي الهديا» in 0 segment(s): 
quotes 96:12: 3 unique window(s): بالتقويا | امر بالتقويا | او امر بالتقويا
quotes 96:12: «بالتقويا» in 0 segment(s): 
quotes 96:13: 2 unique window(s): اريت ان كذب | ان كذب وتوليا
quotes 96:13: «اريت ان كذب» in 0 segment(s): 
quotes 96:13: «ان كذب وتوليا» in 0 segment(s): 
quotes 96:14: 6 unique window(s): الم يعلم | يعلم بان | الله يريا | الم يعلم بان | يعلم بان الله | بان الله يريا
quotes 96:14: «الم يعلم» in 3 segment(s): BURHAN:v1p371, BURHAN:v3p83, BURHAN:v4p154
quotes 96:14: «يعلم بان» in 3 segment(s): BURHAN:v1p371, BURHAN:v3p83, JISHUMI:v1p777
quotes 96:14: «الله يريا» in 0 segment(s): 
quotes 96:15: 8 unique window(s): لنسفعا | بالناصيه | كلا لين | ينته لنسفعا | لنسفعا بالناصيه | كلا لين لم | لم ينته لنسفعا | ينته لنسفعا بالناصيه
quotes 96:15: «لنسفعا» in 13 segment(s): BURHAN:v2p419, BURHAN:v2p455, BURHAN:v3p44, BURHAN:v3p435, BURHAN:v4p338, BURHAN:v4p430, IBNQUTAYBA-MUSHKIL:v1p99, ITQAN:v2p520, ITQAN:v3p188#4, ITQAN:v4p449#2, MAJAZ:v2p421, SAMARRAI-LAMASAT-HALAQAT:p670 …
quotes 96:15: «بالناصيه» in 14 segment(s): BURHAN:v2p419, BURHAN:v2p455, BURHAN:v3p44, BURHAN:v3p435, BURHAN:v4p430, IBNQUTAYBA-MUSHKIL:v1p99, ITQAN:v2p520, ITQAN:v3p188#4, SAMARRAI-LAMASAT-HALAQAT:p670, SAMARRAI-LAMASAT-HALAQAT:p931, SIBAWAYH:شبهوهبمايشبهمنالأسماءبالمصادرنحوقولكفاهms167إلىفىوليسبالفاعل#190, SIBAWAYH:(هذابابمجرىنعتالمعرفةعليها)#206 …
quotes 96:15: «كلا لين» in 4 segment(s): BURHAN:v1p371, BURHAN:v4p338, IBNJAWZI-NUZHA:v1p511, SAMARRAI-LAMASAT-HALAQAT:p931
quotes 96:16: 5 unique window(s): ناصيه | خاطيه | ناصيه كاذبه | كاذبه خاطيه | ناصيه كاذبه خاطيه
quotes 96:16: «ناصيه» in 11 segment(s): BAQILLANI:v1p96, BURHAN:v2p268, BURHAN:v2p455, IBNQUTAYBA-MUSHKIL:v1p99, ITQAN:v3p99, ITQAN:v3p188#4, SAMARRAI-LAMASAT-HALAQAT:p670, SAMARRAI-LAMASAT-HALAQAT:p931, SIBAWAYH:شبهوهبمايشبهمنالأسماءبالمصادرنحوقولكفاهms167إلىفىوليسبالفاعل#190, SIBAWAYH:(هذابابمجرىنعتالمعرفةعليها)#206, SIBAWAYH:وذلكقولكهذاعبداللهمنطلقحدثنابذلكيونسوأبوالخطابعمنيوثقبه#236
quotes 96:16: «خاطيه» in 8 segment(s): BURHAN:v2p268, IBNQUTAYBA-MUSHKIL:v1p99, ITQAN:v3p99, ITQAN:v3p188#4, NASHR:v1p395#2, SAMARRAI-LAMASAT-HALAQAT:p670, SAMARRAI-LAMASAT-HALAQAT:p931, SIBAWAYH:(هذابابمجرىنعتالمعرفةعليها)#206
quotes 96:17: 3 unique window(s): فليدع | ناديه | فليدع ناديه
quotes 96:17: «فليدع» in 5 segment(s): BINTSHATI-IJAZ:p326, BINTSHATI-IJAZ:p327, BURHAN:v2p279, IBNQUTAYBA-MUSHKIL:v1p133, ITQAN:v3p101
quotes 96:17: «ناديه» in 6 segment(s): BINTSHATI-IJAZ:p326, BINTSHATI-IJAZ:p327, BURHAN:v2p279, IBNQUTAYBA-MUSHKIL:v1p133, ITQAN:v3p101, MAJAZ:v2p444#2
quotes 96:18: 3 unique window(s): سندع | الزبانيه | سندع الزبانيه
quotes 96:18: «سندع» in 8 segment(s): BINTSHATI-IJAZ:p326, BURHAN:v1p371, BURHAN:v1p397, BURHAN:v2p497, BURHAN:v4p103, ITQAN:v1p239, ITQAN:v4p446, NASHR:v1p456
quotes 96:18: «الزبانيه» in 16 segment(s): BINTSHATI-IJAZ:p326, BURHAN:v1p371, BURHAN:v1p397, BURHAN:v2p497, BURHAN:v3p293, BURHAN:v4p103, DAMGHANI:v1p106, ITQAN:v1p239, ITQAN:v2p566, ITQAN:v4p446, ITQAN:v4p447, JISHUMI:v1p864 …
quotes 96:19: 8 unique window(s): تطعه | واسجد | لا تطعه | تطعه واسجد | واسجد واقترب | كلا لا تطعه | لا تطعه واسجد | تطعه واسجد واقترب
quotes 96:19: «تطعه» in 4 segment(s): BURHAN:v1p371, BURHAN:v4p313, IBNJAWZI-NUZHA:v1p511, JISHUMI:v1p914
quotes 96:19: «واسجد» in 4 segment(s): IBNQUTAYBA-MUSHKIL:v1p235#2, RAZI-FULL:v1p85, SIBAWAYH:(هذابابمالميقعإلااسماللقبيلة)#543, SIBAWAYH:(هذابابمنالجمعبالواووالنونوتكسيرالاسم)#592
quotes 100:6: 5 unique window(s): لكنود | الانسان لربه | لربه لكنود | ان الانسان لربه | الانسان لربه لكنود
quotes 100:6: «لكنود» in 12 segment(s): BINTSHATI-IJAZ:p251, BINTSHATI-IJAZ:p436, BINTSHATI-IJAZ:p437, BINTSHATI-IJAZ:p453, DAMGHANI:v1p49, IBNJAWZI-NUZHA:v1p178, ITQAN:v2p360, ITQAN:v2p380, ITQAN:v3p232#2, ITQAN:v4p353, ITQAN:v4p537, MAJAZ:v2p440
quotes 100:6: «الانسان لربه» in 10 segment(s): BINTSHATI-IJAZ:p245, BINTSHATI-IJAZ:p251, BINTSHATI-IJAZ:p436, BINTSHATI-IJAZ:p437, BINTSHATI-IJAZ:p453, DAMGHANI:v1p49, IBNJAWZI-NUZHA:v1p178, ITQAN:v3p232#2, ITQAN:v4p353, ITQAN:v4p537
quotes 100:8: 5 unique window(s): وانه لحب | لحب الخير | الخير لشديد | وانه لحب الخير | لحب الخير لشديد
quotes 100:8: «وانه لحب» in 15 segment(s): BAQILLANI:v1p96, BURHAN:v3p281, BURHAN:v3p290, BURHAN:v3p448, BURHAN:v4p41, BURHAN:v4p340, IBNJAWZI-NUZHA:v1p287, IBNQUTAYBA-MUSHKIL:v1p125, IBNQUTAYBA-MUSHKIL:v1p130, ITQAN:v2p497, ITQAN:v3p103, ITQAN:v3p232#2 …
quotes 100:8: «لحب الخير» in 15 segment(s): BAQILLANI:v1p96, BURHAN:v3p281, BURHAN:v3p290, BURHAN:v3p448, BURHAN:v4p41, BURHAN:v4p340, IBNJAWZI-NUZHA:v1p287, IBNQUTAYBA-MUSHKIL:v1p125, IBNQUTAYBA-MUSHKIL:v1p130, ITQAN:v2p497, ITQAN:v3p103, ITQAN:v3p232#2 …
quotes 100:8: «الخير لشديد» in 15 segment(s): BAQILLANI:v1p96, BURHAN:v3p281, BURHAN:v3p290, BURHAN:v3p448, BURHAN:v4p41, BURHAN:v4p340, IBNJAWZI-NUZHA:v1p287, IBNQUTAYBA-MUSHKIL:v1p125, IBNQUTAYBA-MUSHKIL:v1p130, ITQAN:v2p497, ITQAN:v3p103, ITQAN:v3p232#2 …
quotes 103:1: 1 unique window(s): والعصر
quotes 103:1: «والعصر» in 29 segment(s): BINTSHATI-IJAZ:p154, BINTSHATI-IJAZ:p244, BINTSHATI-IJAZ:p245, BINTSHATI-IJAZ:p251, BINTSHATI-IJAZ:p415, BINTSHATI-IJAZ:p416, BINTSHATI-IJAZ:p567, BURHAN:v1p100, BURHAN:v1p179#2, BURHAN:v1p267, BURHAN:v2p34, DAMGHANI:v1p293 …
quotes 103:2: 4 unique window(s): الانسان لفي | لفي خسر | ان الانسان لفي | الانسان لفي خسر
quotes 103:2: «الانسان لفي» in 17 segment(s): BINTSHATI-IJAZ:p244, BINTSHATI-IJAZ:p251, BURHAN:v2p7, BURHAN:v2p232, BURHAN:v2p234, BURHAN:v4p88, DAMGHANI:v1p155, DAMGHANI:v1p325, IBNASHUR-FULL:v1p120, IBNJAWZI-NUZHA:v1p181, IBNJAWZI-NUZHA:v1p277, IBNQUTAYBA-MUSHKIL:v1p204#2 …
quotes 103:2: «لفي خسر» in 17 segment(s): BINTSHATI-IJAZ:p244, BINTSHATI-IJAZ:p251, BURHAN:v2p7, BURHAN:v2p232, BURHAN:v2p234, BURHAN:v4p88, DAMGHANI:v1p155, DAMGHANI:v1p325, IBNASHUR-FULL:v1p120, IBNJAWZI-NUZHA:v1p181, IBNJAWZI-NUZHA:v1p277, IBNQUTAYBA-MUSHKIL:v1p204#2 …
quotes 103:3: 7 unique window(s): الصالحات وتواصوا | وتواصوا بالحق | بالحق وتواصوا | وعملوا الصالحات وتواصوا | الصالحات وتواصوا بالحق | وتواصوا بالحق وتواصوا | بالحق وتواصوا بالصبر
quotes 103:3: «الصالحات وتواصوا» in 2 segment(s): BINTSHATI-IJAZ:p251, IBNQUTAYBA-MUSHKIL:v1p204#2
quotes 103:3: «وتواصوا بالحق» in 4 segment(s): BINTSHATI-IJAZ:p251, DAMGHANI:v1p137, IBNQUTAYBA-MUSHKIL:v1p204#2, ITQAN:v1p183
quotes 103:3: «بالحق وتواصوا» in 2 segment(s): BINTSHATI-IJAZ:p251, IBNQUTAYBA-MUSHKIL:v1p204#2
quotes 107:1: 4 unique window(s): الذي يكذب | يكذب بالدين | اريت الذي يكذب | الذي يكذب بالدين
quotes 107:1: «الذي يكذب» in 10 segment(s): BAQILLANI:v1p52, BINTSHATI-IJAZ:p204, BINTSHATI-IJAZ:p504, BURHAN:v2p114, BURHAN:v4p151, BURHAN:v4p178, IBNJAWZI-NUZHA:v1p298, ITQAN:v1p38, ITQAN:v1p77#2, JISHUMI:v1p570#2
quotes 107:1: «يكذب بالدين» in 7 segment(s): BAQILLANI:v1p52, BINTSHATI-IJAZ:p204, BINTSHATI-IJAZ:p504, BURHAN:v2p114, BURHAN:v4p151, BURHAN:v4p178, IBNJAWZI-NUZHA:v1p298
quotes 107:2: 5 unique window(s): فذالك الذي | الذي يدع | يدع اليتيم | فذالك الذي يدع | الذي يدع اليتيم
quotes 107:2: «فذالك الذي» in 0 segment(s): 
quotes 107:2: «الذي يدع» in 5 segment(s): BAQILLANI:v1p52, BINTSHATI-IJAZ:p204, BINTSHATI-IJAZ:p504, BURHAN:v2p114, BURHAN:v4p301
quotes 107:2: «يدع اليتيم» in 7 segment(s): BAQILLANI:v1p52, BINTSHATI-IJAZ:p204, BINTSHATI-IJAZ:p503, BINTSHATI-IJAZ:p504, BURHAN:v2p114, BURHAN:v4p301, ITQAN:v2p367
quotes 107:4: 2 unique window(s): للمصلين | فويل للمصلين
quotes 107:4: «للمصلين» in 8 segment(s): BINTSHATI-IJAZ:p202, BINTSHATI-IJAZ:p203, BURHAN:v1p202#2, ITQAN:v1p227, KHATTABI:v1p31, NASHR:v1p229, NASHR:v1p261#2, NASHR:v2p203
quotes 107:5: 5 unique window(s): عن صلاتهم | صلاتهم ساهون | الذين هم عن | هم عن صلاتهم | عن صلاتهم ساهون
quotes 107:5: «عن صلاتهم» in 10 segment(s): BINTSHATI-IJAZ:p202, BINTSHATI-IJAZ:p203, BURHAN:v1p293, BURHAN:v2p104, BURHAN:v4p176, ITQAN:v2p425, ITQAN:v4p537#4, JISHUMI:v1p627, KHATTABI:v1p31, KHATTABI:v1p33
quotes 107:5: «صلاتهم ساهون» in 9 segment(s): BINTSHATI-IJAZ:p202, BINTSHATI-IJAZ:p203, BURHAN:v1p293, BURHAN:v2p104, BURHAN:v4p176, ITQAN:v2p425, ITQAN:v4p537#4, KHATTABI:v1p31, KHATTABI:v1p33
quotes 107:5: «الذين هم عن» in 6 segment(s): BINTSHATI-IJAZ:p202, BINTSHATI-IJAZ:p203, BURHAN:v1p293, BURHAN:v2p104, ITQAN:v4p537#4, KHATTABI:v1p31
quotes 107:6: 2 unique window(s): هم يراون | الذين هم يراون
quotes 107:6: «هم يراون» in 1 segment(s): BINTSHATI-IJAZ:p203
quotes 107:7: 3 unique window(s): ويمنعون | الماعون | ويمنعون الماعون
quotes 107:7: «ويمنعون» in 2 segment(s): BINTSHATI-IJAZ:p508, BURHAN:v2p150
quotes 107:7: «الماعون» in 9 segment(s): BINTSHATI:v2pdf193, BINTSHATI-IJAZ:p202, BINTSHATI-IJAZ:p204, BINTSHATI-IJAZ:p504, BURHAN:v1p38, BURHAN:v2p150, ITQAN:v1p154, ITQAN:v3p297, MAJAZ:v2p1
quotes 111:1: 7 unique window(s): تبت يدا | يدا ابي | ابي لهب | لهب وتب | تبت يدا ابي | يدا ابي لهب | ابي لهب وتب
quotes 111:1: «تبت يدا» in 25 segment(s): BINTSHATI-IJAZ:p50, BINTSHATI-IJAZ:p442, BURHAN:v1p159, BURHAN:v1p161, BURHAN:v1p180#3, BURHAN:v1p193, BURHAN:v1p438, BURHAN:v1p439, BURHAN:v2p114, BURHAN:v2p308, BURHAN:v2p326, DAMGHANI:v1p498 …
quotes 111:1: «يدا ابي» in 25 segment(s): BINTSHATI-IJAZ:p50, BINTSHATI-IJAZ:p442, BURHAN:v1p159, BURHAN:v1p161, BURHAN:v1p180#3, BURHAN:v1p193, BURHAN:v1p438, BURHAN:v1p439, BURHAN:v2p114, BURHAN:v2p308, BURHAN:v2p326, DAMGHANI:v1p498 …
quotes 111:1: «ابي لهب» in 36 segment(s): BINTSHATI-IJAZ:p50, BINTSHATI-IJAZ:p442, BINTSHATI-IJAZ:p598, BURHAN:v1p159, BURHAN:v1p161, BURHAN:v1p180#3, BURHAN:v1p193, BURHAN:v1p438, BURHAN:v1p439, BURHAN:v2p114, BURHAN:v2p308, BURHAN:v2p326 …
quotes 111:1: «لهب وتب» in 8 segment(s): BINTSHATI-IJAZ:p50, BINTSHATI-IJAZ:p442, BURHAN:v1p439, IBNQUTAYBA-MUSHKIL:v1p28, IBNQUTAYBA-MUSHKIL:v1p200, ITQAN:v3p204#2, ITQAN:v3p266, MAJAZ:v1p10#2
quotes 111:2: 7 unique window(s): اغنيا عنه | ماله وما | وما كسب | ما اغنيا عنه | اغنيا عنه ماله | عنه ماله وما | ماله وما كسب
quotes 111:2: «اغنيا عنه» in 0 segment(s): 
quotes 111:2: «ماله وما» in 6 segment(s): ALUSI-FULL:v1p21, BINTSHATI-IJAZ:p598, DAMGHANI:v1p403, IBNQUTAYBA-MUSHKIL:v1p103, IBNQUTAYBA-MUSHKIL:v1p200, JISHUMI:v1p865
quotes 111:2: «وما كسب» in 4 segment(s): BINTSHATI-IJAZ:p598, DAMGHANI:v1p403, IBNQUTAYBA-MUSHKIL:v1p103, IBNQUTAYBA-MUSHKIL:v1p200
quotation packet: 4782 segment(s), 7,909,404 characters
17305 segments, 1464 chunks, 26,929,231 characters, 1464 spawn files
  c01  1 sources   6 segments  15,103 chars: SIBAWAYH
  c02  1 sources   4 segments  18,712 chars: SIBAWAYH
  c03  1 sources   2 segments  15,769 chars: SIBAWAYH
  c04  1 sources   3 segments  18,198 chars: SIBAWAYH
  c05  1 sources   2 segments  17,333 chars: SIBAWAYH
  c06  1 sources   3 segments  18,942 chars: SIBAWAYH
  c07  1 sources   2 segments  19,565 chars: SIBAWAYH
  c08  1 sources   5 segments  19,248 chars: SIBAWAYH
  c09  1 sources   6 segments  18,799 chars: SIBAWAYH
  c10  1 sources   4 segments  17,521 chars: SIBAWAYH
  c11  1 sources   6 segments  18,607 chars: SIBAWAYH
  c12  1 sources   3 segments  19,347 chars: SIBAWAYH
  c13  1 sources   3 segments  14,459 chars: SIBAWAYH
  c14  1 sources   2 segments  13,187 chars: SIBAWAYH
  c15  1 sources   4 segments  19,176 chars: SIBAWAYH
  c16  1 sources   3 segments  15,376 chars: SIBAWAYH
  c17  1 sources   3 segments  16,213 chars: SIBAWAYH
  c18  1 sources   4 segments  18,787 chars: SIBAWAYH
  c19  1 sources   3 segments  19,844 chars: SIBAWAYH
  c20  1 sources   4 segments  16,017 chars: SIBAWAYH
  c21  1 sources   2 segments  14,838 chars: SIBAWAYH
  c22  1 sources   8 segments  18,908 chars: SIBAWAYH
  c23  1 sources   6 segments  19,662 chars: SIBAWAYH
  c24  1 sources   2 segments   7,645 chars: SIBAWAYH
  c25  1 sources   1 segments  18,245 chars: SIBAWAYH
  c26  1 sources   4 segments  18,577 chars: SIBAWAYH
  c27  1 sources   5 segments  14,093 chars: SIBAWAYH
  c28  1 sources   4 segments  16,800 chars: SIBAWAYH
  c29  1 sources   4 segments  17,098 chars: SIBAWAYH
  c30  1 sources   4 segments  17,571 chars: SIBAWAYH
  c31  1 sources   6 segments  13,779 chars: SIBAWAYH
  c32  1 sources   3 segments  16,592 chars: SIBAWAYH
  c33  1 sources   3 segments  17,276 chars: SIBAWAYH
  c34  1 sources   2 segments  14,424 chars: SIBAWAYH
  c35  1 sources   2 segments  17,340 chars: SIBAWAYH
  c36  1 sources   8 segments  19,127 chars: SIBAWAYH
  c37  1 sources   4 segments  15,038 chars: SIBAWAYH
  c38  1 sources   6 segments  18,742 chars: SIBAWAYH
  c39  1 sources   7 segments  19,207 chars: SIBAWAYH
  c40  1 sources   4 segments  12,639 chars: SIBAWAYH
  c41  1 sources   1 segments   8,044 chars: SIBAWAYH
  c42  1 sources   1 segments  19,959 chars: SIBAWAYH
  c43  1 sources   4 segments  16,779 chars: SIBAWAYH
  c44  1 sources   6 segments  18,966 chars: SIBAWAYH
  c45  1 sources   6 segments  15,369 chars: SIBAWAYH
  c46  1 sources   6 segments  18,219 chars: SIBAWAYH
  c47  1 sources   5 segments  13,862 chars: SIBAWAYH
  c48  1 sources   1 segments  26,089 chars: SIBAWAYH
  c49  1 sources   6 segments  15,943 chars: SIBAWAYH
  c50  1 sources   8 segments  18,929 chars: SIBAWAYH
  c51  1 sources   4 segments  18,897 chars: SIBAWAYH
  c52  1 sources   7 segments  19,576 chars: SIBAWAYH
  c53  1 sources   6 segments  18,118 chars: SIBAWAYH
  c54  1 sources   5 segments  15,753 chars: SIBAWAYH
  c55  1 sources   6 segments  16,502 chars: SIBAWAYH
  c56  1 sources   8 segments  19,095 chars: SIBAWAYH
  c57  1 sources   5 segments  19,229 chars: SIBAWAYH
  c58  1 sources   7 segments  19,625 chars: SIBAWAYH
  c59  1 sources   6 segments  19,947 chars: SIBAWAYH
  c60  1 sources   5 segments  19,199 chars: SIBAWAYH
  c61  1 sources   5 segments  19,477 chars: SIBAWAYH
  c62  1 sources   9 segments  19,251 chars: SIBAWAYH
  c63  1 sources   6 segments  15,255 chars: SIBAWAYH
  c64  1 sources  19 segments  19,898 chars: ABUDAWUD
  c65  1 sources   5 segments   5,731 chars: ABUDAWUD
  c66  1 sources  15 segments  19,353 chars: BUKHARI
  c67  1 sources  18 segments  19,604 chars: BUKHARI
  c68  1 sources   6 segments  10,192 chars: BUKHARI
  c69  1 sources  14 segments  19,543 chars: IBNHIBBAN
  c70  1 sources  15 segments  19,697 chars: IBNHIBBAN
  c71  1 sources  21 segments  19,907 chars: IBNHIBBAN
  c72  1 sources  10 segments   8,829 chars: IBNHIBBAN
  c73  1 sources  14 segments  12,013 chars: IBNMAJAH
  c74  1 sources  15 segments  19,556 chars: MALIK
  c75  1 sources   1 segments   3,222 chars: MALIK
  c76  1 sources  15 segments  18,752 chars: MUSLIM
  c77  1 sources  11 segments  19,758 chars: MUSLIM
  c78  1 sources   4 segments   7,707 chars: MUSLIM
  c79  1 sources  26 segments  19,138 chars: MUSNAD-AHMAD
  c80  1 sources  17 segments  17,505 chars: MUSNAD-AHMAD
  c81  1 sources  18 segments  19,877 chars: MUSNAD-AHMAD
  c82  1 sources  23 segments  19,365 chars: MUSNAD-AHMAD
  c83  1 sources  20 segments  14,592 chars: MUSNAD-AHMAD
  c84  1 sources  20 segments  19,961 chars: NASAI
  c85  1 sources   9 segments   6,577 chars: NASAI
  c86  1 sources  10 segments  19,951 chars: TIRMIDHI
  c87  1 sources  15 segments  19,305 chars: TIRMIDHI
  c88  1 sources   4 segments   4,632 chars: TIRMIDHI
  c89  1 sources  13 segments  18,480 chars: BURSEVI
  c90  1 sources  11 segments  19,101 chars: BURSEVI
  c91  1 sources  12 segments  19,930 chars: BURSEVI
  c92  1 sources  11 segments  19,453 chars: BURSEVI
  c93  1 sources  11 segments  19,411 chars: BURSEVI
  c94  1 sources  18 segments  19,740 chars: BURSEVI
  c95  1 sources  16 segments  19,547 chars: BURSEVI
  c96  1 sources  12 segments  19,186 chars: BURSEVI
  c97  1 sources  13 segments  18,707 chars: BURSEVI
  c98  1 sources  13 segments  19,437 chars: BURSEVI
  c99  1 sources  13 segments  19,492 chars: BURSEVI
  c100  1 sources  16 segments  19,482 chars: BURSEVI
  c101  1 sources  19 segments  19,827 chars: BURSEVI
  c102  1 sources  14 segments  18,899 chars: BURSEVI
  c103  1 sources  14 segments  19,696 chars: BURSEVI
  c104  1 sources  14 segments  19,474 chars: BURSEVI
  c105  1 sources  12 segments  18,530 chars: BURSEVI
  c106  1 sources  12 segments  19,308 chars: BURSEVI
  c107  1 sources  12 segments  19,985 chars: BURSEVI
  c108  1 sources  13 segments  18,707 chars: BURSEVI
  c109  1 sources  17 segments  19,353 chars: BURSEVI
  c110  1 sources  18 segments  18,781 chars: BURSEVI
  c111  1 sources  15 segments  19,991 chars: BURSEVI
  c112  1 sources   9 segments  18,821 chars: BURSEVI
  c113  1 sources   9 segments  19,856 chars: BURSEVI
  c114  1 sources  12 segments  19,293 chars: BURSEVI
  c115  1 sources  10 segments  19,453 chars: BURSEVI
  c116  1 sources   9 segments  19,005 chars: BURSEVI
  c117  1 sources  10 segments  18,995 chars: BURSEVI
  c118  1 sources  10 segments  18,851 chars: BURSEVI
  c119  1 sources  10 segments  18,313 chars: BURSEVI
  c120  1 sources  10 segments  19,355 chars: BURSEVI
  c121  1 sources   3 segments   6,106 chars: BURSEVI
  c122  1 sources  17 segments  18,656 chars: QASHANI
  c123  1 sources  20 segments  19,507 chars: QASHANI
  c124  1 sources  19 segments  19,650 chars: QASHANI
  c125  1 sources  22 segments  19,706 chars: QASHANI
  c126  1 sources  19 segments  19,810 chars: QASHANI
  c127  1 sources  14 segments  12,178 chars: QASHANI
  c128  1 sources   9 segments  18,608 chars: QUSHAYRI
  c129  1 sources   8 segments  18,941 chars: QUSHAYRI
  c130  1 sources   9 segments  18,740 chars: QUSHAYRI
  c131  1 sources   8 segments  18,852 chars: QUSHAYRI
  c132  1 sources   9 segments  18,324 chars: QUSHAYRI
  c133  1 sources   7 segments  19,778 chars: QUSHAYRI
  c134  1 sources   9 segments  18,865 chars: QUSHAYRI
  c135  1 sources   8 segments  19,557 chars: QUSHAYRI
  c136  1 sources   2 segments   5,352 chars: QUSHAYRI
  c137  1 sources  38 segments  19,576 chars: SULAMI
  c138  1 sources  33 segments  19,458 chars: SULAMI
  c139  1 sources  33 segments  19,197 chars: SULAMI
  c140  1 sources  39 segments  19,951 chars: SULAMI
  c141  1 sources   3 segments   1,171 chars: SULAMI
  c142  1 sources  51 segments  19,882 chars: TUSTARI
  c143  1 sources   5 segments   2,413 chars: TUSTARI
  c144  1 sources  20 segments  19,876 chars: AKHFASH
  c145  1 sources  10 segments   6,639 chars: AKHFASH
  c146  1 sources  12 segments  18,962 chars: FARRA
  c147  1 sources  14 segments  19,908 chars: FARRA
  c148  1 sources  15 segments  19,846 chars: FARRA
  c149  1 sources  12 segments  18,983 chars: FARRA
  c150  1 sources  14 segments  18,789 chars: FARRA
  c151  1 sources   5 segments  10,980 chars: FARRA
  c152  1 sources  74 segments  19,958 chars: IBNQUTAYBA-GHARIB
  c153  1 sources  49 segments  13,068 chars: IBNQUTAYBA-GHARIB
  c154  1 sources  12 segments  19,802 chars: IBNQUTAYBA-MUSHKIL
  c155  1 sources  17 segments  18,807 chars: IBNQUTAYBA-MUSHKIL
  c156  1 sources  14 segments  19,797 chars: IBNQUTAYBA-MUSHKIL
  c157  1 sources  13 segments  19,376 chars: IBNQUTAYBA-MUSHKIL
  c158  1 sources  12 segments  18,784 chars: IBNQUTAYBA-MUSHKIL
  c159  1 sources  14 segments  19,108 chars: IBNQUTAYBA-MUSHKIL
  c160  1 sources  14 segments  18,936 chars: IBNQUTAYBA-MUSHKIL
  c161  1 sources  12 segments  19,155 chars: IBNQUTAYBA-MUSHKIL
  c162  1 sources  13 segments  19,015 chars: IBNQUTAYBA-MUSHKIL
  c163  1 sources   3 segments   3,858 chars: IBNQUTAYBA-MUSHKIL
  c164  1 sources  25 segments  19,752 chars: MAJAZ
  c165  1 sources  24 segments  19,525 chars: MAJAZ
  c166  1 sources  16 segments  18,786 chars: MAJAZ
  c167  1 sources  17 segments  19,708 chars: MAJAZ
  c168  1 sources  15 segments  15,473 chars: MAJAZ
  c169  1 sources  11 segments  19,290 chars: NAHHAS
  c170  1 sources  11 segments  19,839 chars: NAHHAS
  c171  1 sources  11 segments  18,656 chars: NAHHAS
  c172  1 sources  11 segments  19,251 chars: NAHHAS
  c173  1 sources  10 segments  18,876 chars: NAHHAS
  c174  1 sources  10 segments  19,271 chars: NAHHAS
  c175  1 sources  11 segments  18,747 chars: NAHHAS
  c176  1 sources  10 segments  18,827 chars: NAHHAS
  c177  1 sources  10 segments  19,298 chars: NAHHAS
  c178  1 sources   8 segments  14,512 chars: NAHHAS
  c179  1 sources  13 segments  18,929 chars: SAMIN-DURR
  c180  1 sources  17 segments  19,961 chars: SAMIN-DURR
  c181  1 sources  15 segments  18,887 chars: SAMIN-DURR
  c182  1 sources  16 segments  18,816 chars: SAMIN-DURR
  c183  1 sources  16 segments  18,590 chars: SAMIN-DURR
  c184  1 sources  14 segments  19,256 chars: SAMIN-DURR
  c185  1 sources  16 segments  18,896 chars: SAMIN-DURR
  c186  1 sources  22 segments  19,310 chars: SAMIN-DURR
  c187  1 sources  24 segments  19,301 chars: SAMIN-DURR
  c188  1 sources  20 segments  19,869 chars: SAMIN-DURR
  c189  1 sources  29 segments  19,616 chars: SAMIN-DURR
  c190  1 sources  26 segments  19,805 chars: SAMIN-DURR
  c191  1 sources  29 segments  19,376 chars: SAMIN-DURR
  c192  1 sources  19 segments  19,824 chars: SAMIN-DURR
  c193  1 sources  27 segments  19,805 chars: SAMIN-DURR
  c194  1 sources  24 segments  14,302 chars: SAMIN-DURR
  c195  1 sources  17 segments  19,822 chars: ZAJJAJ
  c196  1 sources  16 segments  18,723 chars: ZAJJAJ
  c197  1 sources  17 segments  18,827 chars: ZAJJAJ
  c198  1 sources  18 segments  18,959 chars: ZAJJAJ
  c199  1 sources  19 segments  18,886 chars: ZAJJAJ
  c200  1 sources  18 segments  19,178 chars: ZAJJAJ
  c201  1 sources  15 segments  19,920 chars: ZAJJAJ
  c202  1 sources  19 segments  19,992 chars: ZAJJAJ
  c203  1 sources  21 segments  19,219 chars: ZAJJAJ
  c204  1 sources  17 segments  17,790 chars: ZAJJAJ
  c205  1 sources  39 segments  19,586 chars: ASAD-NOTES
  c206  1 sources  37 segments  19,692 chars: ASAD-NOTES
  c207  1 sources  36 segments  19,298 chars: ASAD-NOTES
  c208  1 sources  49 segments  19,569 chars: ASAD-NOTES
  c209  1 sources  48 segments  19,753 chars: ASAD-NOTES
  c210  1 sources  55 segments  19,943 chars: ASAD-NOTES
  c211  1 sources  44 segments  19,949 chars: ASAD-NOTES
  c212  1 sources  40 segments  19,855 chars: ASAD-NOTES
  c213  1 sources  43 segments  19,645 chars: ASAD-NOTES
  c214  1 sources  36 segments  19,967 chars: ASAD-NOTES
  c215  1 sources  36 segments  14,013 chars: ASAD-NOTES
  c216  1 sources  14 segments  19,176 chars: BINTSHATI-IJAZ
  c217  1 sources  13 segments  19,268 chars: BINTSHATI-IJAZ
  c218  1 sources  13 segments  18,602 chars: BINTSHATI-IJAZ
  c219  1 sources  14 segments  19,353 chars: BINTSHATI-IJAZ
  c220  1 sources  13 segments  18,690 chars: BINTSHATI-IJAZ
  c221  1 sources  13 segments  19,572 chars: BINTSHATI-IJAZ
  c222  1 sources  14 segments  19,503 chars: BINTSHATI-IJAZ
  c223  1 sources  14 segments  19,775 chars: BINTSHATI-IJAZ
  c224  1 sources  14 segments  18,706 chars: BINTSHATI-IJAZ
  c225  1 sources  13 segments  19,627 chars: BINTSHATI-IJAZ
  c226  1 sources  15 segments  19,240 chars: BINTSHATI-IJAZ
  c227  1 sources  13 segments  19,855 chars: BINTSHATI-IJAZ
  c228  1 sources  14 segments  19,543 chars: BINTSHATI-IJAZ
  c229  1 sources  14 segments  19,934 chars: BINTSHATI-IJAZ
  c230  1 sources  14 segments  19,658 chars: BINTSHATI-IJAZ
  c231  1 sources  10 segments  13,935 chars: BINTSHATI-IJAZ
  c232  1 sources   2 segments  18,948 chars: RIFAI-KHULI
  c233  1 sources   1 segments  14,598 chars: RIFAI-KHULI
  c234  1 sources   3 segments  17,954 chars: RIFAI-KHULI
  c235  1 sources   1 segments   3,461 chars: RIFAI-KHULI
  c236  1 sources   2 segments  15,622 chars: SAMARRAI-ASRAR
  c237  1 sources   2 segments  15,998 chars: SAMARRAI-ASRAR
  c238  1 sources   2 segments  15,964 chars: SAMARRAI-ASRAR
  c239  1 sources   2 segments  15,324 chars: SAMARRAI-ASRAR
  c240  1 sources   2 segments  15,767 chars: SAMARRAI-ASRAR
  c241  1 sources   2 segments  16,104 chars: SAMARRAI-ASRAR
  c242  1 sources   3 segments  13,548 chars: SAMARRAI-ASRAR
  c243  1 sources   2 segments  16,097 chars: SAMARRAI-ASRAR
  c244  1 sources   2 segments  12,626 chars: SAMARRAI-ASRAR
  c245  1 sources   2 segments  15,756 chars: SAMARRAI-ASRAR
  c246  1 sources   3 segments  17,446 chars: SAMARRAI-ASRAR
  c247  1 sources   2 segments  15,428 chars: SAMARRAI-ASRAR
  c248  1 sources   2 segments  15,996 chars: SAMARRAI-ASRAR
  c249  1 sources   2 segments  16,133 chars: SAMARRAI-ASRAR
  c250  1 sources   2 segments  15,794 chars: SAMARRAI-ASRAR
  c251  1 sources   2 segments  16,192 chars: SAMARRAI-ASRAR
  c252  1 sources   3 segments  15,852 chars: SAMARRAI-ASRAR
  c253  1 sources   2 segments  16,057 chars: SAMARRAI-ASRAR
  c254  1 sources   2 segments  15,455 chars: SAMARRAI-ASRAR
  c255  1 sources   3 segments  19,964 chars: SAMARRAI-ASRAR
  c256  1 sources   2 segments  12,436 chars: SAMARRAI-ASRAR
  c257  1 sources   2 segments  15,835 chars: SAMARRAI-ASRAR
  c258  1 sources   2 segments  15,890 chars: SAMARRAI-ASRAR
  c259  1 sources   1 segments   7,699 chars: SAMARRAI-ASRAR
  c260  1 sources  13 segments  19,925 chars: SAMARRAI-ASRAR-MUH
  c261  1 sources  13 segments  18,883 chars: SAMARRAI-ASRAR-MUH
  c262  1 sources  13 segments  19,737 chars: SAMARRAI-ASRAR-MUH
  c263  1 sources   4 segments   4,666 chars: SAMARRAI-ASRAR-MUH
  c264  1 sources  16 segments  19,176 chars: SAMARRAI-LAMASAT
  c265  1 sources  15 segments  19,693 chars: SAMARRAI-LAMASAT
  c266  1 sources  14 segments  19,114 chars: SAMARRAI-LAMASAT
  c267  1 sources  13 segments  19,649 chars: SAMARRAI-LAMASAT
  c268  1 sources  11 segments  14,815 chars: SAMARRAI-LAMASAT
  c269  1 sources  13 segments  19,822 chars: SAMARRAI-LAMASAT-HALAQAT
  c270  1 sources  13 segments  19,274 chars: SAMARRAI-LAMASAT-HALAQAT
  c271  1 sources  13 segments  18,618 chars: SAMARRAI-LAMASAT-HALAQAT
  c272  1 sources  12 segments  19,054 chars: SAMARRAI-LAMASAT-HALAQAT
  c273  1 sources  14 segments  19,718 chars: SAMARRAI-LAMASAT-HALAQAT
  c274  1 sources  13 segments  18,961 chars: SAMARRAI-LAMASAT-HALAQAT
  c275  1 sources  13 segments  19,152 chars: SAMARRAI-LAMASAT-HALAQAT
  c276  1 sources  13 segments  19,926 chars: SAMARRAI-LAMASAT-HALAQAT
  c277  1 sources  13 segments  19,807 chars: SAMARRAI-LAMASAT-HALAQAT
  c278  1 sources  13 segments  18,918 chars: SAMARRAI-LAMASAT-HALAQAT
  c279  1 sources  13 segments  19,285 chars: SAMARRAI-LAMASAT-HALAQAT
  c280  1 sources  12 segments  18,571 chars: SAMARRAI-LAMASAT-HALAQAT
  c281  1 sources  12 segments  18,968 chars: SAMARRAI-LAMASAT-HALAQAT
  c282  1 sources  12 segments  19,882 chars: SAMARRAI-LAMASAT-HALAQAT
  c283  1 sources  12 segments  19,846 chars: SAMARRAI-LAMASAT-HALAQAT
  c284  1 sources  13 segments  18,313 chars: SAMARRAI-LAMASAT-HALAQAT
  c285  1 sources  13 segments  19,304 chars: SAMARRAI-LAMASAT-HALAQAT
  c286  1 sources  12 segments  18,722 chars: SAMARRAI-LAMASAT-HALAQAT
  c287  1 sources  13 segments  19,374 chars: SAMARRAI-LAMASAT-HALAQAT
  c288  1 sources  13 segments  19,514 chars: SAMARRAI-LAMASAT-HALAQAT
  c289  1 sources  13 segments  18,569 chars: SAMARRAI-LAMASAT-HALAQAT
  c290  1 sources  13 segments  19,118 chars: SAMARRAI-LAMASAT-HALAQAT
  c291  1 sources  12 segments  18,514 chars: SAMARRAI-LAMASAT-HALAQAT
  c292  1 sources   1 segments  45,936 chars: YKHULI-TAJDID
  c293  1 sources   1 segments   8,590 chars: YKHULI-TAJDID
  c294  1 sources   1 segments  13,331 chars: YKHULI-TAJDID
  c295  1 sources   1 segments  15,228 chars: YKHULI-TAJDID
  c296  2 sources   3 segments  16,369 chars: YKHULI-TAJDID GHARNATI
  c297  1 sources   5 segments  17,476 chars: ISLAHI-TADABBUR
  c298  1 sources   6 segments  19,934 chars: ISLAHI-TADABBUR
  c299  1 sources   5 segments  18,231 chars: ISLAHI-TADABBUR
  c300  1 sources   5 segments  18,282 chars: ISLAHI-TADABBUR
  c301  1 sources   5 segments  18,226 chars: ISLAHI-TADABBUR
  c302  1 sources   5 segments  18,445 chars: ISLAHI-TADABBUR
  c303  1 sources   6 segments  19,695 chars: ISLAHI-TADABBUR
  c304  1 sources   5 segments  17,439 chars: ISLAHI-TADABBUR
  c305  1 sources   5 segments  17,974 chars: ISLAHI-TADABBUR
  c306  1 sources   5 segments  16,497 chars: ISLAHI-TADABBUR
  c307  1 sources   5 segments  17,900 chars: ISLAHI-TADABBUR
  c308  1 sources   6 segments  19,110 chars: ISLAHI-TADABBUR
  c309  1 sources   5 segments  17,495 chars: ISLAHI-TADABBUR
  c310  1 sources   5 segments  16,794 chars: ISLAHI-TADABBUR
  c311  1 sources   5 segments  18,834 chars: ISLAHI-TADABBUR
  c312  1 sources   5 segments  18,676 chars: ISLAHI-TADABBUR
  c313  1 sources   5 segments  16,423 chars: ISLAHI-TADABBUR
  c314  1 sources   5 segments  16,797 chars: ISLAHI-TADABBUR
  c315  1 sources   6 segments  17,986 chars: ISLAHI-TADABBUR
  c316  1 sources   5 segments  17,022 chars: ISLAHI-TADABBUR
  c317  1 sources   5 segments  17,735 chars: ISLAHI-TADABBUR
  c318  1 sources   6 segments  18,283 chars: ISLAHI-TADABBUR
  c319  1 sources   6 segments  17,827 chars: ISLAHI-TADABBUR
  c320  1 sources   6 segments  17,465 chars: ISLAHI-TADABBUR
  c321  1 sources   6 segments  18,687 chars: ISLAHI-TADABBUR
  c322  1 sources   6 segments  19,924 chars: ISLAHI-TADABBUR
  c323  1 sources   6 segments  19,646 chars: ISLAHI-TADABBUR
  c324  1 sources   6 segments  19,538 chars: ISLAHI-TADABBUR
  c325  1 sources   7 segments  18,123 chars: ISLAHI-TADABBUR
  c326  1 sources   6 segments  18,100 chars: ISLAHI-TADABBUR
  c327  1 sources   6 segments  18,253 chars: ISLAHI-TADABBUR
  c328  1 sources   6 segments  17,456 chars: ISLAHI-TADABBUR
  c329  1 sources   8 segments  19,104 chars: ISLAHI-TADABBUR
  c330  1 sources   7 segments  19,682 chars: ISLAHI-TADABBUR
  c331  1 sources   7 segments  19,677 chars: ISLAHI-TADABBUR
  c332  1 sources   7 segments  19,305 chars: ISLAHI-TADABBUR
  c333  1 sources   7 segments  19,908 chars: ISLAHI-TADABBUR
  c334  1 sources   6 segments  17,474 chars: ISLAHI-TADABBUR
  c335  1 sources   7 segments  19,951 chars: ISLAHI-TADABBUR
  c336  1 sources   7 segments  19,777 chars: ISLAHI-TADABBUR
  c337  1 sources   7 segments  19,164 chars: ISLAHI-TADABBUR
  c338  1 sources   7 segments  19,721 chars: ISLAHI-TADABBUR
  c339  1 sources   8 segments  19,733 chars: ISLAHI-TADABBUR
  c340  1 sources   7 segments  18,432 chars: ISLAHI-TADABBUR
  c341  1 sources   6 segments  17,529 chars: ISLAHI-TADABBUR
  c342  1 sources   7 segments  19,626 chars: ISLAHI-TADABBUR
  c343  1 sources   6 segments  17,375 chars: ISLAHI-TADABBUR
  c344  1 sources   6 segments  17,081 chars: ISLAHI-TADABBUR
  c345  1 sources   5 segments  18,500 chars: ISLAHI-TADABBUR
  c346  1 sources   5 segments  19,036 chars: ISLAHI-TADABBUR
  c347  1 sources   7 segments  19,603 chars: ISLAHI-TADABBUR
  c348  1 sources   6 segments  17,532 chars: ISLAHI-TADABBUR
  c349  1 sources   5 segments  18,827 chars: ISLAHI-TADABBUR
  c350  1 sources   5 segments  19,413 chars: ISLAHI-TADABBUR
  c351  1 sources   7 segments  19,995 chars: ISLAHI-TADABBUR
  c352  1 sources   7 segments  18,920 chars: ISLAHI-TADABBUR
  c353  1 sources   5 segments  18,519 chars: ISLAHI-TADABBUR
  c354  1 sources   5 segments  17,723 chars: ISLAHI-TADABBUR
  c355  1 sources   5 segments  16,682 chars: ISLAHI-TADABBUR
  c356  1 sources   5 segments  18,703 chars: ISLAHI-TADABBUR
  c357  1 sources   6 segments  19,538 chars: ISLAHI-TADABBUR
  c358  1 sources   7 segments  18,274 chars: ISLAHI-TADABBUR
  c359  1 sources   9 segments  19,083 chars: ISLAHI-TADABBUR
  c360  1 sources   6 segments  17,071 chars: ISLAHI-TADABBUR
  c361  1 sources   7 segments  19,748 chars: ISLAHI-TADABBUR
  c362  1 sources   8 segments  19,661 chars: ISLAHI-TADABBUR
  c363  1 sources   9 segments  19,296 chars: ISLAHI-TADABBUR
  c364  1 sources   8 segments  19,924 chars: ISLAHI-TADABBUR
  c365  1 sources   8 segments  19,444 chars: ISLAHI-TADABBUR
  c366  2 sources   4 segments   8,808 chars: ISLAHI-TADABBUR SUYUTI-TANASUQ
  c367  1 sources  12 segments  19,627 chars: HAMASA
  c368  3 sources  10 segments  15,859 chars: HAMASA MUALLAQAT MUFADDALIYYAT
  c369  1 sources  11 segments  18,701 chars: FARISI-HUJJA
  c370  1 sources  16 segments  19,051 chars: FARISI-HUJJA
  c371  1 sources  28 segments  19,579 chars: FARISI-HUJJA
  c372  1 sources   4 segments   3,581 chars: FARISI-HUJJA
  c373  1 sources  12 segments  19,674 chars: IBNJINNI-MUHTASAB
  c374  1 sources   5 segments   8,038 chars: IBNJINNI-MUHTASAB
  c375  1 sources  22 segments  18,320 chars: IBNKHALAWAYH-HUJJA
  c376  1 sources  13 segments  18,995 chars: IBNMUJAHID
  c377  1 sources  13 segments  17,458 chars: IBNMUJAHID
  c378  1 sources  11 segments  19,626 chars: NASHR
  c379  1 sources  10 segments  18,431 chars: NASHR
  c380  1 sources  10 segments  18,071 chars: NASHR
  c381  1 sources  10 segments  18,936 chars: NASHR
  c382  1 sources  11 segments  19,415 chars: NASHR
  c383  1 sources  11 segments  19,273 chars: NASHR
  c384  1 sources  10 segments  17,931 chars: NASHR
  c385  1 sources  11 segments  18,615 chars: NASHR
  c386  1 sources  10 segments  18,731 chars: NASHR
  c387  1 sources  11 segments  18,501 chars: NASHR
  c388  1 sources  10 segments  18,103 chars: NASHR
  c389  1 sources  11 segments  19,904 chars: NASHR
  c390  1 sources  12 segments  19,989 chars: NASHR
  c391  1 sources  11 segments  19,924 chars: NASHR
  c392  1 sources  12 segments  19,708 chars: NASHR
  c393  1 sources  12 segments  19,562 chars: NASHR
  c394  1 sources  11 segments  19,571 chars: NASHR
  c395  1 sources  10 segments  18,572 chars: NASHR
  c396  1 sources  13 segments  19,826 chars: NASHR
  c397  1 sources  12 segments  18,874 chars: NASHR
  c398  1 sources  11 segments  18,958 chars: NASHR
  c399  1 sources  13 segments  19,916 chars: NASHR
  c400  1 sources  11 segments  19,931 chars: NASHR
  c401  1 sources  11 segments  19,929 chars: NASHR
  c402  1 sources  10 segments  18,291 chars: NASHR
  c403  1 sources  12 segments  19,463 chars: NASHR
  c404  1 sources  11 segments  19,667 chars: NASHR
  c405  1 sources   2 segments   3,478 chars: NASHR
  c406  1 sources  71 segments  19,953 chars: QIRAAT-ER
  c407  1 sources  73 segments  19,879 chars: QIRAAT-ER
  c408  2 sources  26 segments  17,297 chars: QIRAAT-ER AZRAQI
  c409  1 sources  22 segments  19,517 chars: IBNHISHAM
  c410  2 sources  14 segments  19,649 chars: IBNHISHAM KALBI-ASNAM
  c411  1 sources  53 segments  19,919 chars: ABDURRAZZAQ
  c412  1 sources  47 segments  17,328 chars: ABDURRAZZAQ
  c413  1 sources   3 segments  18,599 chars: ABUHAYYAN
  c414  1 sources   2 segments  10,067 chars: ABUHAYYAN
  c415  1 sources   1 segments  20,479 chars: ABUHAYYAN
  c416  1 sources  34 segments  19,646 chars: ABUHAYYAN
  c417  1 sources  21 segments  19,428 chars: ABUHAYYAN
  c418  1 sources   7 segments  19,603 chars: ABUHAYYAN
  c419  1 sources  15 segments  16,609 chars: ABUHAYYAN
  c420  1 sources  10 segments  18,868 chars: ABUHAYYAN-FULL
  c421  1 sources  11 segments  19,087 chars: ABUHAYYAN-FULL
  c422  1 sources  10 segments  19,431 chars: ABUHAYYAN-FULL
  c423  1 sources  11 segments  19,405 chars: ABUHAYYAN-FULL
  c424  1 sources  10 segments  18,741 chars: ABUHAYYAN-FULL
  c425  1 sources  11 segments  19,562 chars: ABUHAYYAN-FULL
  c426  1 sources  11 segments  19,264 chars: ABUHAYYAN-FULL
  c427  1 sources  10 segments  18,529 chars: ABUHAYYAN-FULL
  c428  1 sources  11 segments  19,709 chars: ABUHAYYAN-FULL
  c429  1 sources  11 segments  19,507 chars: ABUHAYYAN-FULL
  c430  1 sources  11 segments  19,350 chars: ABUHAYYAN-FULL
  c431  1 sources  11 segments  19,465 chars: ABUHAYYAN-FULL
  c432  1 sources  11 segments  19,203 chars: ABUHAYYAN-FULL
  c433  1 sources  11 segments  19,741 chars: ABUHAYYAN-FULL
  c434  1 sources  11 segments  18,405 chars: ABUHAYYAN-FULL
  c435  1 sources  11 segments  19,369 chars: ABUHAYYAN-FULL
  c436  1 sources  12 segments  19,270 chars: ABUHAYYAN-FULL
  c437  1 sources  12 segments  19,814 chars: ABUHAYYAN-FULL
  c438  1 sources  10 segments  19,696 chars: ABUHAYYAN-FULL
  c439  1 sources  10 segments  18,823 chars: ABUHAYYAN-FULL
  c440  1 sources  10 segments  19,633 chars: ABUHAYYAN-FULL
  c441  1 sources   9 segments  18,574 chars: ABUHAYYAN-FULL
  c442  1 sources  10 segments  19,061 chars: ABUHAYYAN-FULL
  c443  1 sources  10 segments  18,642 chars: ABUHAYYAN-FULL
  c444  1 sources  12 segments  19,348 chars: ABUHAYYAN-FULL
  c445  1 sources  11 segments  19,004 chars: ABUHAYYAN-FULL
  c446  1 sources  12 segments  19,591 chars: ABUHAYYAN-FULL
  c447  1 sources  11 segments  19,965 chars: ABUHAYYAN-FULL
  c448  1 sources  10 segments  19,578 chars: ABUHAYYAN-FULL
  c449  1 sources  10 segments  19,057 chars: ABUHAYYAN-FULL
  c450  1 sources  10 segments  18,313 chars: ABUHAYYAN-FULL
  c451  1 sources   9 segments  17,882 chars: ABUHAYYAN-FULL
  c452  1 sources  10 segments  18,766 chars: ABUHAYYAN-FULL
  c453  1 sources  10 segments  19,633 chars: ABUHAYYAN-FULL
  c454  1 sources  11 segments  19,892 chars: ABUHAYYAN-FULL
  c455  1 sources  11 segments  19,388 chars: ABUHAYYAN-FULL
  c456  1 sources  10 segments  18,193 chars: ABUHAYYAN-FULL
  c457  1 sources  10 segments  18,472 chars: ABUHAYYAN-FULL
  c458  1 sources  10 segments  19,638 chars: ABUHAYYAN-FULL
  c459  1 sources  10 segments  18,246 chars: ABUHAYYAN-FULL
  c460  1 sources  10 segments  18,285 chars: ABUHAYYAN-FULL
  c461  1 sources  10 segments  19,747 chars: ABUHAYYAN-FULL
  c462  1 sources  10 segments  18,425 chars: ABUHAYYAN-FULL
  c463  1 sources  10 segments  17,579 chars: ABUHAYYAN-FULL
  c464  1 sources  11 segments  18,893 chars: ABUHAYYAN-FULL
  c465  1 sources  10 segments  18,379 chars: ABUHAYYAN-FULL
  c466  1 sources  12 segments  18,708 chars: ABUHAYYAN-FULL
  c467  1 sources  10 segments  18,670 chars: ABUHAYYAN-FULL
  c468  1 sources  11 segments  19,851 chars: ABUHAYYAN-FULL
  c469  1 sources  11 segments  18,451 chars: ABUHAYYAN-FULL
  c470  1 sources   1 segments 107,265 chars: ALUSI
  c471  1 sources   1 segments  46,222 chars: ALUSI
  c472  1 sources   2 segments  19,066 chars: ALUSI
  c473  1 sources   1 segments   7,408 chars: ALUSI
  c474  1 sources   1 segments  14,987 chars: ALUSI
  c475  1 sources   6 segments  18,851 chars: ALUSI
  c476  1 sources  12 segments  17,470 chars: ALUSI
  c477  1 sources   6 segments  19,932 chars: ALUSI
  c478  1 sources  17 segments  18,923 chars: ALUSI
  c479  1 sources   6 segments  18,893 chars: ALUSI
  c480  1 sources   7 segments   9,732 chars: ALUSI
  c481  1 sources   1 segments  12,332 chars: ALUSI
  c482  1 sources   1 segments  12,330 chars: ALUSI
  c483  1 sources   1 segments  12,345 chars: ALUSI
  c484  1 sources   1 segments  12,334 chars: ALUSI
  c485  1 sources   1 segments  12,343 chars: ALUSI
  c486  1 sources   7 segments  19,695 chars: ALUSI
  c487  1 sources  10 segments  16,735 chars: ALUSI
  c488  1 sources   2 segments   9,738 chars: ALUSI
  c489  1 sources   7 segments  19,413 chars: ALUSI-FULL
  c490  1 sources   8 segments  18,927 chars: ALUSI-FULL
  c491  1 sources   8 segments  19,745 chars: ALUSI-FULL
  c492  1 sources   8 segments  18,085 chars: ALUSI-FULL
  c493  1 sources   8 segments  15,966 chars: ALUSI-FULL
  c494  1 sources   8 segments  19,919 chars: ALUSI-FULL
  c495  1 sources   8 segments  19,201 chars: ALUSI-FULL
  c496  1 sources   9 segments  18,496 chars: ALUSI-FULL
  c497  1 sources  11 segments  19,619 chars: ALUSI-FULL
  c498  1 sources  11 segments  19,240 chars: ALUSI-FULL
  c499  1 sources  11 segments  19,704 chars: ALUSI-FULL
  c500  1 sources   9 segments  17,218 chars: ALUSI-FULL
  c501  1 sources  10 segments  18,669 chars: ALUSI-FULL
  c502  1 sources  10 segments  19,186 chars: ALUSI-FULL
  c503  1 sources  10 segments  19,943 chars: ALUSI-FULL
  c504  1 sources  12 segments  19,822 chars: ALUSI-FULL
  c505  1 sources  10 segments  17,746 chars: ALUSI-FULL
  c506  1 sources  12 segments  18,633 chars: ALUSI-FULL
  c507  1 sources  12 segments  17,131 chars: ALUSI-FULL
  c508  1 sources  11 segments  19,960 chars: ALUSI-FULL
  c509  1 sources   9 segments  18,595 chars: ALUSI-FULL
  c510  1 sources  11 segments  19,286 chars: ALUSI-FULL
  c511  1 sources  11 segments  17,871 chars: ALUSI-FULL
  c512  1 sources  11 segments  19,562 chars: ALUSI-FULL
  c513  1 sources  20 segments  18,653 chars: ALUSI-FULL
  c514  1 sources  10 segments  16,541 chars: ALUSI-FULL
  c515  1 sources  10 segments  17,197 chars: ALUSI-FULL
  c516  1 sources  10 segments  18,970 chars: ALUSI-FULL
  c517  1 sources   9 segments  17,509 chars: ALUSI-FULL
  c518  1 sources  11 segments  19,097 chars: ALUSI-FULL
  c519  1 sources  12 segments  19,037 chars: ALUSI-FULL
  c520  1 sources   9 segments  19,778 chars: ALUSI-FULL
  c521  1 sources   8 segments  18,101 chars: ALUSI-FULL
  c522  1 sources  11 segments  19,728 chars: ALUSI-FULL
  c523  1 sources  11 segments  19,929 chars: ALUSI-FULL
  c524  1 sources  15 segments  19,624 chars: ALUSI-FULL
  c525  1 sources  11 segments  17,750 chars: ALUSI-FULL
  c526  1 sources  12 segments  19,691 chars: ALUSI-FULL
  c527  1 sources  13 segments  17,570 chars: ALUSI-FULL
  c528  1 sources  15 segments  19,318 chars: ALUSI-FULL
  c529  1 sources  14 segments  19,233 chars: ALUSI-FULL
  c530  1 sources  12 segments  19,278 chars: ALUSI-FULL
  c531  1 sources  14 segments  19,889 chars: ALUSI-FULL
  c532  1 sources  23 segments  19,874 chars: ALUSI-FULL
  c533  1 sources  15 segments  19,740 chars: ALUSI-FULL
  c534  1 sources  17 segments  19,639 chars: ALUSI-FULL
  c535  1 sources  25 segments  19,967 chars: ALUSI-FULL
  c536  1 sources   8 segments  17,685 chars: ALUSI-FULL
  c537  1 sources   6 segments  16,775 chars: ALUSI-FULL
  c538  1 sources   7 segments  19,018 chars: ALUSI-FULL
  c539  1 sources   7 segments  17,829 chars: ALUSI-FULL
  c540  1 sources   2 segments   5,212 chars: ALUSI-FULL
  c541  1 sources  12 segments  19,317 chars: BAGHAWI
  c542  1 sources  35 segments  19,191 chars: BAGHAWI
  c543  1 sources  33 segments  19,702 chars: BAGHAWI
  c544  1 sources   1 segments     582 chars: BAGHAWI
  c545  1 sources  14 segments  19,907 chars: BAGHAWI-FULL
  c546  1 sources  11 segments  19,957 chars: BAGHAWI-FULL
  c547  1 sources  15 segments  19,341 chars: BAGHAWI-FULL
  c548  1 sources  20 segments  19,599 chars: BAGHAWI-FULL
  c549  1 sources  19 segments  18,925 chars: BAGHAWI-FULL
  c550  1 sources  19 segments  19,360 chars: BAGHAWI-FULL
  c551  1 sources  20 segments  19,857 chars: BAGHAWI-FULL
  c552  1 sources  12 segments  19,132 chars: BAGHAWI-FULL
  c553  1 sources  20 segments  19,766 chars: BAGHAWI-FULL
  c554  1 sources  16 segments  19,870 chars: BAGHAWI-FULL
  c555  1 sources  20 segments  19,730 chars: BAGHAWI-FULL
  c556  1 sources  21 segments  19,881 chars: BAGHAWI-FULL
  c557  1 sources  20 segments  19,365 chars: BAGHAWI-FULL
  c558  1 sources  18 segments  19,710 chars: BAGHAWI-FULL
  c559  1 sources  16 segments  19,848 chars: BAGHAWI-FULL
  c560  1 sources  16 segments  19,213 chars: BAGHAWI-FULL
  c561  1 sources  16 segments  18,978 chars: BAGHAWI-FULL
  c562  1 sources   1 segments   1,638 chars: BAGHAWI-FULL
  c563  1 sources   5 segments  15,858 chars: BAYDAWI
  c564  1 sources  58 segments  19,893 chars: BAYDAWI
  c565  1 sources  21 segments   9,294 chars: BAYDAWI
  c566  1 sources  14 segments  18,926 chars: BAYDAWI-FULL
  c567  1 sources  19 segments  19,548 chars: BAYDAWI-FULL
  c568  1 sources  24 segments  19,928 chars: BAYDAWI-FULL
  c569  1 sources  23 segments  19,561 chars: BAYDAWI-FULL
  c570  1 sources  21 segments  19,576 chars: BAYDAWI-FULL
  c571  1 sources  19 segments  19,681 chars: BAYDAWI-FULL
  c572  1 sources  19 segments  19,934 chars: BAYDAWI-FULL
  c573  1 sources  20 segments  18,897 chars: BAYDAWI-FULL
  c574  1 sources  23 segments  19,519 chars: BAYDAWI-FULL
  c575  1 sources  26 segments  19,851 chars: BAYDAWI-FULL
  c576  1 sources  13 segments  10,033 chars: BAYDAWI-FULL
  c577  1 sources  14 segments  19,843 chars: BINTSHATI
  c578  1 sources  13 segments  16,228 chars: BINTSHATI
  c579  1 sources   4 segments  19,804 chars: BIQAI
  c580  1 sources   2 segments  17,199 chars: BIQAI
  c581  1 sources  10 segments  19,647 chars: BIQAI
  c582  1 sources  21 segments  19,795 chars: BIQAI
  c583  1 sources  17 segments  19,461 chars: BIQAI
  c584  1 sources  17 segments  19,604 chars: BIQAI
  c585  1 sources  10 segments  16,095 chars: BIQAI
  c586  1 sources   3 segments  15,659 chars: BIQAI
  c587  1 sources   9 segments  19,421 chars: BIQAI-FULL
  c588  1 sources   8 segments  18,873 chars: BIQAI-FULL
  c589  1 sources   9 segments  19,026 chars: BIQAI-FULL
  c590  1 sources   8 segments  19,408 chars: BIQAI-FULL
  c591  1 sources   8 segments  18,719 chars: BIQAI-FULL
  c592  1 sources   6 segments  18,698 chars: BIQAI-FULL
  c593  1 sources   8 segments  17,740 chars: BIQAI-FULL
  c594  1 sources   7 segments  19,086 chars: BIQAI-FULL
  c595  1 sources   8 segments  18,260 chars: BIQAI-FULL
  c596  1 sources   7 segments  19,688 chars: BIQAI-FULL
  c597  1 sources   7 segments  16,902 chars: BIQAI-FULL
  c598  1 sources   7 segments  18,526 chars: BIQAI-FULL
  c599  1 sources   8 segments  18,813 chars: BIQAI-FULL
  c600  1 sources   8 segments  19,133 chars: BIQAI-FULL
  c601  1 sources   8 segments  18,949 chars: BIQAI-FULL
  c602  1 sources   7 segments  18,883 chars: BIQAI-FULL
  c603  1 sources   8 segments  19,478 chars: BIQAI-FULL
  c604  1 sources   6 segments  17,676 chars: BIQAI-FULL
  c605  1 sources   5 segments  17,175 chars: BIQAI-FULL
  c606  1 sources   7 segments  19,277 chars: BIQAI-FULL
  c607  1 sources   8 segments  17,978 chars: BIQAI-FULL
  c608  1 sources   8 segments  19,611 chars: BIQAI-FULL
  c609  1 sources   7 segments  19,079 chars: BIQAI-FULL
  c610  1 sources   7 segments  19,433 chars: BIQAI-FULL
  c611  1 sources   8 segments  17,427 chars: BIQAI-FULL
  c612  1 sources   8 segments  17,724 chars: BIQAI-FULL
  c613  1 sources   6 segments  16,065 chars: BIQAI-FULL
  c614  1 sources   7 segments  18,470 chars: BIQAI-FULL
  c615  1 sources   7 segments  17,489 chars: BIQAI-FULL
  c616  1 sources   8 segments  17,753 chars: BIQAI-FULL
  c617  1 sources   8 segments  17,079 chars: BIQAI-FULL
  c618  1 sources   9 segments  19,704 chars: BIQAI-FULL
  c619  1 sources   8 segments  19,074 chars: BIQAI-FULL
  c620  1 sources   9 segments  17,490 chars: BIQAI-FULL
  c621  1 sources   5 segments  16,958 chars: BIQAI-FULL
  c622  1 sources   8 segments  19,380 chars: BIQAI-FULL
  c623  1 sources   7 segments  19,606 chars: BIQAI-FULL
  c624  1 sources   7 segments  17,189 chars: BIQAI-FULL
  c625  1 sources   8 segments  19,711 chars: BIQAI-FULL
  c626  1 sources   8 segments  19,691 chars: BIQAI-FULL
  c627  1 sources   9 segments  17,533 chars: BIQAI-FULL
  c628  1 sources   9 segments  19,984 chars: BIQAI-FULL
  c629  1 sources   3 segments   6,755 chars: BIQAI-FULL
  c630  1 sources   1 segments  35,651 chars: DURR
  c631  1 sources   4 segments  14,484 chars: DURR
  c632  1 sources   6 segments  19,711 chars: DURR
  c633  1 sources  10 segments  19,393 chars: DURR
  c634  1 sources  19 segments  19,992 chars: DURR
  c635  1 sources   8 segments  13,654 chars: DURR
  c636  1 sources  16 segments  19,935 chars: DURR
  c637  1 sources   4 segments   8,495 chars: DURR
  c638  1 sources  11 segments  18,478 chars: DURR-FULL
  c639  1 sources  12 segments  19,999 chars: DURR-FULL
  c640  1 sources  11 segments  18,821 chars: DURR-FULL
  c641  1 sources  11 segments  18,361 chars: DURR-FULL
  c642  1 sources  11 segments  18,477 chars: DURR-FULL
  c643  1 sources  11 segments  18,813 chars: DURR-FULL
  c644  1 sources  11 segments  18,718 chars: DURR-FULL
  c645  1 sources  11 segments  18,877 chars: DURR-FULL
  c646  1 sources  12 segments  19,115 chars: DURR-FULL
  c647  1 sources  12 segments  19,214 chars: DURR-FULL
  c648  1 sources  12 segments  19,211 chars: DURR-FULL
  c649  1 sources  11 segments  18,645 chars: DURR-FULL
  c650  1 sources  12 segments  19,591 chars: DURR-FULL
  c651  1 sources  12 segments  19,740 chars: DURR-FULL
  c652  1 sources  11 segments  18,624 chars: DURR-FULL
  c653  1 sources  11 segments  18,713 chars: DURR-FULL
  c654  1 sources  11 segments  18,390 chars: DURR-FULL
  c655  1 sources  11 segments  18,382 chars: DURR-FULL
  c656  1 sources  11 segments  18,536 chars: DURR-FULL
  c657  1 sources  11 segments  18,836 chars: DURR-FULL
  c658  1 sources  12 segments  19,254 chars: DURR-FULL
  c659  1 sources  11 segments  18,310 chars: DURR-FULL
  c660  1 sources  12 segments  19,777 chars: DURR-FULL
  c661  1 sources  12 segments  19,885 chars: DURR-FULL
  c662  1 sources   7 segments  10,414 chars: DURR-FULL
  c663  1 sources  14 segments  19,900 chars: IBNABIHATIM
  c664  1 sources  14 segments  19,547 chars: IBNABIHATIM
  c665  1 sources  14 segments  19,467 chars: IBNABIHATIM
  c666  1 sources  17 segments  19,620 chars: IBNABIHATIM
  c667  1 sources  19 segments  19,409 chars: IBNABIHATIM
  c668  1 sources  25 segments  19,385 chars: IBNABIHATIM
  c669  1 sources  13 segments  18,975 chars: IBNABIHATIM
  c670  1 sources  14 segments  18,862 chars: IBNABIHATIM
  c671  1 sources  15 segments  19,710 chars: IBNABIHATIM
  c672  1 sources  30 segments  19,939 chars: IBNABIHATIM
  c673  1 sources   9 segments   5,456 chars: IBNABIHATIM
  c674  1 sources   1 segments  40,954 chars: IBNASHUR
  c675  1 sources   1 segments  33,724 chars: IBNASHUR
  c676  1 sources   1 segments   9,418 chars: IBNASHUR
  c677  1 sources   1 segments  18,021 chars: IBNASHUR
  c678  1 sources   1 segments   9,949 chars: IBNASHUR
  c679  1 sources   1 segments  18,666 chars: IBNASHUR
  c680  1 sources   8 segments  17,896 chars: IBNASHUR
  c681  1 sources   6 segments  19,065 chars: IBNASHUR
  c682  1 sources  11 segments  16,104 chars: IBNASHUR
  c683  1 sources  11 segments  18,655 chars: IBNASHUR
  c684  1 sources   5 segments  18,117 chars: IBNASHUR
  c685  1 sources  11 segments  18,258 chars: IBNASHUR
  c686  1 sources   6 segments  16,867 chars: IBNASHUR
  c687  1 sources  10 segments  19,468 chars: IBNASHUR-FULL
  c688  1 sources  10 segments  18,986 chars: IBNASHUR-FULL
  c689  1 sources  12 segments  19,000 chars: IBNASHUR-FULL
  c690  1 sources  13 segments  19,756 chars: IBNASHUR-FULL
  c691  1 sources  12 segments  19,315 chars: IBNASHUR-FULL
  c692  1 sources  14 segments  18,541 chars: IBNASHUR-FULL
  c693  1 sources  13 segments  19,693 chars: IBNASHUR-FULL
  c694  1 sources  13 segments  19,409 chars: IBNASHUR-FULL
  c695  1 sources  11 segments  19,884 chars: IBNASHUR-FULL
  c696  1 sources  11 segments  18,753 chars: IBNASHUR-FULL
  c697  1 sources  12 segments  19,608 chars: IBNASHUR-FULL
  c698  1 sources  16 segments  19,302 chars: IBNASHUR-FULL
  c699  1 sources  12 segments  19,809 chars: IBNASHUR-FULL
  c700  1 sources  12 segments  19,403 chars: IBNASHUR-FULL
  c701  1 sources  12 segments  18,664 chars: IBNASHUR-FULL
  c702  1 sources  10 segments  18,873 chars: IBNASHUR-FULL
  c703  1 sources  13 segments  19,538 chars: IBNASHUR-FULL
  c704  1 sources  12 segments  19,924 chars: IBNASHUR-FULL
  c705  1 sources  12 segments  19,008 chars: IBNASHUR-FULL
  c706  1 sources  12 segments  19,952 chars: IBNASHUR-FULL
  c707  1 sources  12 segments  18,419 chars: IBNASHUR-FULL
  c708  1 sources  11 segments  19,605 chars: IBNASHUR-FULL
  c709  1 sources  11 segments  19,495 chars: IBNASHUR-FULL
  c710  1 sources  11 segments  18,915 chars: IBNASHUR-FULL
  c711  1 sources  10 segments  18,926 chars: IBNASHUR-FULL
  c712  1 sources  10 segments  19,349 chars: IBNASHUR-FULL
  c713  1 sources  11 segments  19,489 chars: IBNASHUR-FULL
  c714  1 sources  11 segments  19,126 chars: IBNASHUR-FULL
  c715  1 sources  10 segments  18,567 chars: IBNASHUR-FULL
  c716  1 sources  12 segments  19,792 chars: IBNASHUR-FULL
  c717  1 sources  11 segments  18,516 chars: IBNASHUR-FULL
  c718  1 sources  11 segments  18,069 chars: IBNASHUR-FULL
  c719  1 sources  11 segments  19,186 chars: IBNASHUR-FULL
  c720  1 sources  11 segments  19,423 chars: IBNASHUR-FULL
  c721  1 sources  11 segments  18,579 chars: IBNASHUR-FULL
  c722  1 sources  11 segments  19,229 chars: IBNASHUR-FULL
  c723  1 sources  12 segments  19,977 chars: IBNASHUR-FULL
  c724  1 sources  11 segments  19,060 chars: IBNASHUR-FULL
  c725  1 sources  11 segments  18,472 chars: IBNASHUR-FULL
  c726  1 sources  11 segments  19,152 chars: IBNASHUR-FULL
  c727  1 sources  11 segments  19,067 chars: IBNASHUR-FULL
  c728  1 sources   7 segments  18,307 chars: IBNASHUR-FULL
  c729  1 sources   7 segments  19,001 chars: IBNASHUR-FULL
  c730  1 sources   6 segments  16,789 chars: IBNASHUR-FULL
  c731  1 sources   6 segments  19,607 chars: IBNASHUR-FULL
  c732  1 sources   7 segments  19,177 chars: IBNASHUR-FULL
  c733  1 sources   7 segments  16,823 chars: IBNASHUR-FULL
  c734  1 sources   4 segments  12,369 chars: IBNASHUR-FULL
  c735  1 sources   1 segments  15,873 chars: IBNATIYYA
  c736  1 sources   4 segments  16,814 chars: IBNATIYYA
  c737  1 sources   1 segments  20,664 chars: IBNATIYYA
  c738  1 sources  25 segments  19,916 chars: IBNATIYYA
  c739  1 sources  25 segments  18,770 chars: IBNATIYYA
  c740  1 sources  22 segments  19,862 chars: IBNATIYYA
  c741  1 sources   4 segments   5,446 chars: IBNATIYYA
  c742  1 sources  13 segments  18,173 chars: IBNATIYYA-FULL
  c743  1 sources  12 segments  19,211 chars: IBNATIYYA-FULL
  c744  1 sources  13 segments  18,843 chars: IBNATIYYA-FULL
  c745  1 sources  13 segments  19,782 chars: IBNATIYYA-FULL
  c746  1 sources  14 segments  19,648 chars: IBNATIYYA-FULL
  c747  1 sources  12 segments  18,466 chars: IBNATIYYA-FULL
  c748  1 sources  14 segments  18,565 chars: IBNATIYYA-FULL
  c749  1 sources  13 segments  19,320 chars: IBNATIYYA-FULL
  c750  1 sources  13 segments  19,749 chars: IBNATIYYA-FULL
  c751  1 sources  14 segments  18,665 chars: IBNATIYYA-FULL
  c752  1 sources  14 segments  19,293 chars: IBNATIYYA-FULL
  c753  1 sources  13 segments  19,387 chars: IBNATIYYA-FULL
  c754  1 sources  14 segments  19,784 chars: IBNATIYYA-FULL
  c755  1 sources  13 segments  18,332 chars: IBNATIYYA-FULL
  c756  1 sources  14 segments  19,999 chars: IBNATIYYA-FULL
  c757  1 sources  17 segments  19,016 chars: IBNATIYYA-FULL
  c758  1 sources  15 segments  19,713 chars: IBNATIYYA-FULL
  c759  1 sources  15 segments  19,968 chars: IBNATIYYA-FULL
  c760  1 sources  14 segments  19,139 chars: IBNATIYYA-FULL
  c761  1 sources  13 segments  18,372 chars: IBNATIYYA-FULL
  c762  1 sources  13 segments  19,383 chars: IBNATIYYA-FULL
  c763  1 sources  13 segments  18,811 chars: IBNATIYYA-FULL
  c764  1 sources  12 segments  19,383 chars: IBNATIYYA-FULL
  c765  1 sources  15 segments  19,992 chars: IBNATIYYA-FULL
  c766  1 sources  14 segments  18,832 chars: IBNATIYYA-FULL
  c767  1 sources  11 segments  18,187 chars: IBNATIYYA-FULL
  c768  1 sources   6 segments  10,146 chars: IBNATIYYA-FULL
  c769  1 sources  22 segments  19,239 chars: IBNJAWZI-ZAD
  c770  1 sources  23 segments  19,929 chars: IBNJAWZI-ZAD
  c771  1 sources  21 segments  19,546 chars: IBNJAWZI-ZAD
  c772  1 sources  28 segments  19,686 chars: IBNJAWZI-ZAD
  c773  1 sources  28 segments  18,266 chars: IBNJAWZI-ZAD
  c774  1 sources  34 segments  19,655 chars: IBNJAWZI-ZAD
  c775  1 sources  25 segments  19,658 chars: IBNJAWZI-ZAD
  c776  1 sources  29 segments  19,773 chars: IBNJAWZI-ZAD
  c777  1 sources  29 segments  19,651 chars: IBNJAWZI-ZAD
  c778  1 sources  38 segments  19,773 chars: IBNJAWZI-ZAD
  c779  1 sources  41 segments  19,810 chars: IBNJAWZI-ZAD
  c780  1 sources  39 segments  16,090 chars: IBNJAWZI-ZAD
  c781  1 sources  15 segments  19,912 chars: IBNKATHIR
  c782  1 sources  25 segments  16,495 chars: IBNKATHIR
  c783  1 sources   9 segments  19,411 chars: IBNKATHIR
  c784  1 sources  19 segments  19,302 chars: IBNKATHIR
  c785  1 sources   3 segments   8,314 chars: IBNKATHIR
  c786  1 sources  10 segments  18,457 chars: IBNKATHIR-FULL
  c787  1 sources  11 segments  18,837 chars: IBNKATHIR-FULL
  c788  1 sources  12 segments  18,272 chars: IBNKATHIR-FULL
  c789  1 sources  12 segments  18,094 chars: IBNKATHIR-FULL
  c790  1 sources   9 segments  17,689 chars: IBNKATHIR-FULL
  c791  1 sources  11 segments  19,418 chars: IBNKATHIR-FULL
  c792  1 sources  11 segments  19,498 chars: IBNKATHIR-FULL
  c793  1 sources  10 segments  19,681 chars: IBNKATHIR-FULL
  c794  1 sources  11 segments  18,479 chars: IBNKATHIR-FULL
  c795  1 sources  11 segments  18,695 chars: IBNKATHIR-FULL
  c796  1 sources  14 segments  18,139 chars: IBNKATHIR-FULL
  c797  1 sources  14 segments  19,652 chars: IBNKATHIR-FULL
  c798  1 sources  13 segments  18,142 chars: IBNKATHIR-FULL
  c799  1 sources  12 segments  19,309 chars: IBNKATHIR-FULL
  c800  1 sources  13 segments  18,908 chars: IBNKATHIR-FULL
  c801  1 sources  13 segments  19,952 chars: IBNKATHIR-FULL
  c802  1 sources  11 segments  19,383 chars: IBNKATHIR-FULL
  c803  1 sources  15 segments  19,051 chars: IBNKATHIR-FULL
  c804  1 sources  14 segments  19,155 chars: IBNKATHIR-FULL
  c805  1 sources  15 segments  19,780 chars: IBNKATHIR-FULL
  c806  1 sources   9 segments  18,961 chars: IBNKATHIR-FULL
  c807  1 sources  10 segments  18,240 chars: IBNKATHIR-FULL
  c808  1 sources  13 segments  18,967 chars: IBNKATHIR-FULL
  c809  1 sources  14 segments  19,886 chars: IBNKATHIR-FULL
  c810  1 sources  14 segments  19,553 chars: IBNKATHIR-FULL
  c811  1 sources  14 segments  19,735 chars: IBNKATHIR-FULL
  c812  1 sources  12 segments  18,512 chars: IBNKATHIR-FULL
  c813  1 sources  13 segments  19,318 chars: IBNKATHIR-FULL
  c814  1 sources  11 segments  19,206 chars: IBNKATHIR-FULL
  c815  1 sources  12 segments  19,554 chars: IBNKATHIR-FULL
  c816  1 sources  11 segments  18,256 chars: IBNKATHIR-FULL
  c817  1 sources  12 segments  18,284 chars: IBNKATHIR-FULL
  c818  1 sources  12 segments  19,694 chars: IBNKATHIR-FULL
  c819  1 sources  13 segments  18,952 chars: IBNKATHIR-FULL
  c820  1 sources  11 segments  19,451 chars: IBNKATHIR-FULL
  c821  1 sources  11 segments  18,370 chars: IBNKATHIR-FULL
  c822  1 sources  11 segments  19,868 chars: IBNKATHIR-FULL
  c823  1 sources   5 segments   8,547 chars: IBNKATHIR-FULL
  c824  1 sources  12 segments  18,815 chars: JISHUMI
  c825  1 sources  10 segments  18,351 chars: JISHUMI
  c826  1 sources  11 segments  18,415 chars: JISHUMI
  c827  1 sources  11 segments  19,445 chars: JISHUMI
  c828  1 sources  10 segments  17,112 chars: JISHUMI
  c829  1 sources  12 segments  19,761 chars: JISHUMI
  c830  1 sources  10 segments  18,962 chars: JISHUMI
  c831  1 sources  11 segments  19,953 chars: JISHUMI
  c832  1 sources  12 segments  19,090 chars: JISHUMI
  c833  1 sources  13 segments  19,992 chars: JISHUMI
  c834  1 sources  11 segments  18,408 chars: JISHUMI
  c835  1 sources  13 segments  19,263 chars: JISHUMI
  c836  1 sources  12 segments  18,604 chars: JISHUMI
  c837  1 sources  11 segments  18,535 chars: JISHUMI
  c838  1 sources  11 segments  19,940 chars: JISHUMI
  c839  1 sources  10 segments  19,413 chars: JISHUMI
  c840  1 sources  12 segments  18,255 chars: JISHUMI
  c841  1 sources  12 segments  18,669 chars: JISHUMI
  c842  1 sources  10 segments  19,315 chars: JISHUMI
  c843  1 sources  11 segments  18,173 chars: JISHUMI
  c844  1 sources  10 segments  19,600 chars: JISHUMI
  c845  1 sources  13 segments  19,778 chars: JISHUMI
  c846  1 sources  12 segments  18,879 chars: JISHUMI
  c847  1 sources  11 segments  19,189 chars: JISHUMI
  c848  1 sources  12 segments  17,649 chars: JISHUMI
  c849  1 sources  13 segments  19,352 chars: JISHUMI
  c850  1 sources  13 segments  18,703 chars: JISHUMI
  c851  1 sources  10 segments  18,665 chars: JISHUMI
  c852  1 sources  13 segments  19,601 chars: JISHUMI
  c853  1 sources  13 segments  18,497 chars: JISHUMI
  c854  1 sources  11 segments  17,870 chars: JISHUMI
  c855  1 sources  11 segments  19,899 chars: JISHUMI
  c856  1 sources  11 segments  19,100 chars: JISHUMI
  c857  1 sources  12 segments  19,465 chars: JISHUMI
  c858  1 sources   9 segments  13,045 chars: JISHUMI
  c859  1 sources   7 segments  19,805 chars: KASHSHAF
  c860  1 sources  36 segments  19,545 chars: KASHSHAF
  c861  1 sources   1 segments   2,093 chars: KASHSHAF
  c862  1 sources  17 segments  19,295 chars: KASHSHAF-FULL
  c863  1 sources  20 segments  19,359 chars: KASHSHAF-FULL
  c864  1 sources  24 segments  19,787 chars: KASHSHAF-FULL
  c865  1 sources  20 segments  19,607 chars: KASHSHAF-FULL
  c866  1 sources  15 segments  19,643 chars: KASHSHAF-FULL
  c867  1 sources  18 segments  19,961 chars: KASHSHAF-FULL
  c868  1 sources  16 segments  19,901 chars: KASHSHAF-FULL
  c869  1 sources  17 segments  19,635 chars: KASHSHAF-FULL
  c870  1 sources  17 segments  19,670 chars: KASHSHAF-FULL
  c871  1 sources  14 segments  19,309 chars: KASHSHAF-FULL
  c872  1 sources  16 segments  18,952 chars: KASHSHAF-FULL
  c873  1 sources  19 segments  19,966 chars: KASHSHAF-FULL
  c874  1 sources  16 segments  17,965 chars: KASHSHAF-FULL
  c875  1 sources  13 segments  19,884 chars: KASHSHAF-FULL
  c876  1 sources   9 segments  12,166 chars: KASHSHAF-FULL
  c877  1 sources  11 segments  19,808 chars: MAWARDI
  c878  1 sources  38 segments  19,648 chars: MAWARDI
  c879  1 sources  25 segments  18,855 chars: MAWARDI
  c880  1 sources   2 segments   4,197 chars: MAWARDI
  c881  1 sources  14 segments  18,507 chars: MAWARDI-FULL
  c882  1 sources  11 segments  19,367 chars: MAWARDI-FULL
  c883  1 sources  11 segments  19,792 chars: MAWARDI-FULL
  c884  1 sources  17 segments  18,298 chars: MAWARDI-FULL
  c885  1 sources  13 segments  19,343 chars: MAWARDI-FULL
  c886  1 sources  13 segments  19,989 chars: MAWARDI-FULL
  c887  1 sources  15 segments  19,914 chars: MAWARDI-FULL
  c888  1 sources  12 segments  19,885 chars: MAWARDI-FULL
  c889  1 sources  12 segments  19,360 chars: MAWARDI-FULL
  c890  1 sources  10 segments  18,776 chars: MAWARDI-FULL
  c891  1 sources  11 segments  18,288 chars: MAWARDI-FULL
  c892  1 sources  10 segments  19,248 chars: MAWARDI-FULL
  c893  1 sources  12 segments  19,441 chars: MAWARDI-FULL
  c894  1 sources   5 segments   8,530 chars: MAWARDI-FULL
  c895  1 sources  59 segments  19,935 chars: MUJAHID
  c896  1 sources  26 segments   7,727 chars: MUJAHID
  c897  1 sources  19 segments  19,132 chars: MUQATIL
  c898  1 sources  16 segments  19,824 chars: MUQATIL
  c899  1 sources  20 segments  19,387 chars: MUQATIL
  c900  1 sources  21 segments  19,595 chars: MUQATIL
  c901  1 sources  19 segments  19,852 chars: MUQATIL
  c902  1 sources  21 segments  19,875 chars: MUQATIL
  c903  1 sources  25 segments  19,492 chars: MUQATIL
  c904  1 sources  16 segments  19,474 chars: MUQATIL
  c905  1 sources  11 segments  15,621 chars: MUQATIL
  c906  1 sources  22 segments  19,933 chars: NASAFI
  c907  1 sources  58 segments  19,951 chars: NASAFI
  c908  1 sources   4 segments   4,353 chars: NASAFI
  c909  1 sources  16 segments  18,924 chars: NASAFI-FULL
  c910  1 sources  30 segments  19,810 chars: NASAFI-FULL
  c911  1 sources  34 segments  19,648 chars: NASAFI-FULL
  c912  1 sources  40 segments  19,371 chars: NASAFI-FULL
  c913  1 sources  24 segments  19,310 chars: NASAFI-FULL
  c914  1 sources  24 segments  19,400 chars: NASAFI-FULL
  c915  1 sources  45 segments  19,966 chars: NASAFI-FULL
  c916  1 sources  57 segments  19,918 chars: NASAFI-FULL
  c917  1 sources  24 segments   7,773 chars: NASAFI-FULL
  c918  1 sources   1 segments  68,037 chars: QURTUBI
  c919  1 sources   3 segments  18,212 chars: QURTUBI
  c920  1 sources   8 segments  19,383 chars: QURTUBI
  c921  1 sources  22 segments  19,771 chars: QURTUBI
  c922  1 sources  15 segments  19,203 chars: QURTUBI
  c923  1 sources  17 segments  19,739 chars: QURTUBI
  c924  1 sources  12 segments  19,870 chars: QURTUBI
  c925  1 sources   5 segments  16,655 chars: QURTUBI
  c926  1 sources  13 segments  19,482 chars: QURTUBI-FULL
  c927  1 sources  13 segments  19,371 chars: QURTUBI-FULL
  c928  1 sources  10 segments  18,368 chars: QURTUBI-FULL
  c929  1 sources  12 segments  18,504 chars: QURTUBI-FULL
  c930  1 sources  10 segments  17,954 chars: QURTUBI-FULL
  c931  1 sources   9 segments  18,262 chars: QURTUBI-FULL
  c932  1 sources  10 segments  18,472 chars: QURTUBI-FULL
  c933  1 sources  12 segments  18,180 chars: QURTUBI-FULL
  c934  1 sources  16 segments  19,600 chars: QURTUBI-FULL
  c935  1 sources  11 segments  18,822 chars: QURTUBI-FULL
  c936  1 sources  11 segments  19,484 chars: QURTUBI-FULL
  c937  1 sources  13 segments  19,891 chars: QURTUBI-FULL
  c938  1 sources  12 segments  18,962 chars: QURTUBI-FULL
  c939  1 sources  12 segments  18,777 chars: QURTUBI-FULL
  c940  1 sources  11 segments  19,252 chars: QURTUBI-FULL
  c941  1 sources  13 segments  19,936 chars: QURTUBI-FULL
  c942  1 sources  12 segments  18,965 chars: QURTUBI-FULL
  c943  1 sources  10 segments  19,475 chars: QURTUBI-FULL
  c944  1 sources  10 segments  18,025 chars: QURTUBI-FULL
  c945  1 sources  12 segments  18,326 chars: QURTUBI-FULL
  c946  1 sources  14 segments  19,228 chars: QURTUBI-FULL
  c947  1 sources  13 segments  18,456 chars: QURTUBI-FULL
  c948  1 sources  11 segments  19,867 chars: QURTUBI-FULL
  c949  1 sources  12 segments  17,997 chars: QURTUBI-FULL
  c950  1 sources  11 segments  19,414 chars: QURTUBI-FULL
  c951  1 sources  13 segments  19,136 chars: QURTUBI-FULL
  c952  1 sources  13 segments  19,817 chars: QURTUBI-FULL
  c953  1 sources  17 segments  19,791 chars: QURTUBI-FULL
  c954  1 sources  10 segments  18,363 chars: QURTUBI-FULL
  c955  1 sources  12 segments  19,486 chars: QURTUBI-FULL
  c956  1 sources  12 segments  19,830 chars: QURTUBI-FULL
  c957  1 sources  14 segments  19,318 chars: QURTUBI-FULL
  c958  2 sources   6 segments   3,796 chars: QURTUBI-FULL QUTB-ZILAL
  c959  1 sources   5 segments  12,144 chars: RAZI
  c960  1 sources   1 segments  37,531 chars: RAZI
  c961  1 sources   6 segments  17,558 chars: RAZI
  c962  1 sources   6 segments  17,690 chars: RAZI
  c963  1 sources  15 segments  19,013 chars: RAZI
  c964  1 sources   8 segments  18,339 chars: RAZI
  c965  1 sources   5 segments  19,153 chars: RAZI
  c966  1 sources   9 segments  18,196 chars: RAZI
  c967  1 sources   9 segments  14,092 chars: RAZI
  c968  1 sources   5 segments  18,025 chars: RAZI
  c969  1 sources   5 segments  19,960 chars: RAZI
  c970  1 sources  10 segments  19,099 chars: RAZI-FULL
  c971  1 sources  10 segments  18,230 chars: RAZI-FULL
  c972  1 sources   8 segments  18,225 chars: RAZI-FULL
  c973  1 sources   8 segments  19,368 chars: RAZI-FULL
  c974  1 sources   8 segments  19,818 chars: RAZI-FULL
  c975  1 sources   8 segments  17,170 chars: RAZI-FULL
  c976  1 sources  10 segments  18,633 chars: RAZI-FULL
  c977  1 sources  11 segments  19,003 chars: RAZI-FULL
  c978  1 sources   8 segments  17,728 chars: RAZI-FULL
  c979  1 sources  10 segments  18,836 chars: RAZI-FULL
  c980  1 sources  11 segments  19,693 chars: RAZI-FULL
  c981  1 sources   9 segments  18,370 chars: RAZI-FULL
  c982  1 sources  10 segments  18,649 chars: RAZI-FULL
  c983  1 sources  11 segments  18,176 chars: RAZI-FULL
  c984  1 sources  11 segments  19,211 chars: RAZI-FULL
  c985  1 sources  10 segments  18,169 chars: RAZI-FULL
  c986  1 sources  12 segments  19,719 chars: RAZI-FULL
  c987  1 sources  12 segments  19,259 chars: RAZI-FULL
  c988  1 sources  13 segments  19,708 chars: RAZI-FULL
  c989  1 sources  14 segments  19,951 chars: RAZI-FULL
  c990  1 sources  10 segments  18,765 chars: RAZI-FULL
  c991  1 sources  13 segments  19,825 chars: RAZI-FULL
  c992  1 sources  12 segments  19,838 chars: RAZI-FULL
  c993  1 sources  13 segments  18,948 chars: RAZI-FULL
  c994  1 sources  12 segments  19,261 chars: RAZI-FULL
  c995  1 sources  12 segments  19,986 chars: RAZI-FULL
  c996  1 sources  14 segments  19,765 chars: RAZI-FULL
  c997  1 sources  11 segments  19,164 chars: RAZI-FULL
  c998  1 sources   9 segments  16,782 chars: RAZI-FULL
  c999  1 sources  10 segments  19,418 chars: RAZI-FULL
  c1000  1 sources  12 segments  19,861 chars: RAZI-FULL
  c1001  1 sources  10 segments  17,989 chars: RAZI-FULL
  c1002  1 sources  11 segments  19,070 chars: RAZI-FULL
  c1003  1 sources  11 segments  17,975 chars: RAZI-FULL
  c1004  1 sources  12 segments  19,122 chars: RAZI-FULL
  c1005  1 sources  12 segments  18,366 chars: RAZI-FULL
  c1006  1 sources   9 segments  18,066 chars: RAZI-FULL
  c1007  1 sources  13 segments  19,985 chars: RAZI-FULL
  c1008  1 sources  14 segments  18,511 chars: RAZI-FULL
  c1009  1 sources  15 segments  19,956 chars: RAZI-FULL
  c1010  1 sources  14 segments  19,522 chars: RAZI-FULL
  c1011  1 sources  11 segments  19,418 chars: RAZI-FULL
  c1012  1 sources  11 segments  18,078 chars: RAZI-FULL
  c1013  1 sources  11 segments  19,199 chars: RAZI-FULL
  c1014  1 sources  16 segments  18,932 chars: RAZI-FULL
  c1015  1 sources  15 segments  19,686 chars: RAZI-FULL
  c1016  1 sources  12 segments  19,739 chars: RAZI-FULL
  c1017  1 sources  13 segments  18,715 chars: RAZI-FULL
  c1018  1 sources  10 segments  18,923 chars: RAZI-FULL
  c1019  1 sources  14 segments  19,206 chars: RAZI-FULL
  c1020  1 sources  13 segments  19,311 chars: RAZI-FULL
  c1021  1 sources  17 segments  19,418 chars: RAZI-FULL
  c1022  1 sources  12 segments  19,691 chars: RAZI-FULL
  c1023  1 sources  18 segments  16,748 chars: RAZI-FULL
  c1024  1 sources  16 segments  19,452 chars: RAZI-FULL
  c1025  1 sources  17 segments  18,882 chars: RAZI-FULL
  c1026  1 sources  10 segments  18,202 chars: RAZI-FULL
  c1027  1 sources  10 segments  19,177 chars: RAZI-FULL
  c1028  1 sources   9 segments  19,688 chars: RAZI-FULL
  c1029  1 sources  10 segments  17,677 chars: RAZI-FULL
  c1030  1 sources   6 segments  12,776 chars: RAZI-FULL
  c1031  1 sources  10 segments  19,909 chars: STUDYQURAN
  c1032  1 sources  10 segments  18,711 chars: STUDYQURAN
  c1033  1 sources   3 segments   8,486 chars: STUDYQURAN
  c1034  1 sources   3 segments  19,744 chars: STUDYQURAN
  c1035  1 sources  12 segments  19,499 chars: STUDYQURAN
  c1036  1 sources  13 segments  17,945 chars: STUDYQURAN
  c1037  1 sources  17 segments  19,000 chars: STUDYQURAN
  c1038  1 sources  21 segments  19,904 chars: STUDYQURAN
  c1039  1 sources  18 segments  17,958 chars: STUDYQURAN
  c1040  1 sources   7 segments  19,607 chars: STUDYQURAN
  c1041  1 sources  12 segments  18,983 chars: STUDYQURAN
  c1042  1 sources   9 segments  19,944 chars: STUDYQURAN
  c1043  1 sources   7 segments  11,774 chars: STUDYQURAN
  c1044  1 sources   1 segments  23,630 chars: STUDYQURAN
  c1045  1 sources  12 segments  17,587 chars: STUDYQURAN
  c1046  1 sources  12 segments  19,366 chars: STUDYQURAN
  c1047  1 sources  13 segments  18,919 chars: STUDYQURAN
  c1048  1 sources  14 segments  19,738 chars: STUDYQURAN
  c1049  1 sources  17 segments  19,042 chars: STUDYQURAN
  c1050  1 sources  17 segments  18,946 chars: STUDYQURAN
  c1051  1 sources  21 segments  19,831 chars: STUDYQURAN
  c1052  1 sources   2 segments   1,304 chars: STUDYQURAN
  c1053  1 sources   1 segments  30,243 chars: TAB
  c1054  1 sources   2 segments  17,278 chars: TAB
  c1055  1 sources   1 segments   9,933 chars: TAB
  c1056  1 sources   1 segments  27,811 chars: TAB
  c1057  1 sources  14 segments  19,615 chars: TAB
  c1058  1 sources  19 segments  18,156 chars: TAB
  c1059  1 sources   8 segments  16,033 chars: TAB
  c1060  1 sources   2 segments   6,825 chars: TAB
  c1061  1 sources   2 segments  14,954 chars: TAB
  c1062  1 sources  14 segments  19,611 chars: TAB-FULL
  c1063  1 sources  17 segments  19,869 chars: TAB-FULL
  c1064  1 sources  14 segments  19,144 chars: TAB-FULL
  c1065  1 sources  11 segments  19,268 chars: TAB-FULL
  c1066  1 sources  10 segments  19,378 chars: TAB-FULL
  c1067  1 sources   9 segments  18,595 chars: TAB-FULL
  c1068  1 sources  11 segments  19,610 chars: TAB-FULL
  c1069  1 sources  11 segments  19,959 chars: TAB-FULL
  c1070  1 sources  10 segments  19,631 chars: TAB-FULL
  c1071  1 sources  12 segments  19,193 chars: TAB-FULL
  c1072  1 sources  11 segments  19,543 chars: TAB-FULL
  c1073  1 sources  12 segments  19,721 chars: TAB-FULL
  c1074  1 sources  12 segments  19,089 chars: TAB-FULL
  c1075  1 sources  11 segments  18,486 chars: TAB-FULL
  c1076  1 sources  14 segments  19,023 chars: TAB-FULL
  c1077  1 sources  11 segments  19,978 chars: TAB-FULL
  c1078  1 sources  16 segments  19,878 chars: TAB-FULL
  c1079  1 sources  15 segments  19,883 chars: TAB-FULL
  c1080  1 sources  18 segments  18,685 chars: TAB-FULL
  c1081  1 sources  19 segments  18,732 chars: TAB-FULL
  c1082  1 sources  17 segments  19,992 chars: TAB-FULL
  c1083  1 sources  17 segments  18,652 chars: TAB-FULL
  c1084  1 sources  15 segments  18,775 chars: TAB-FULL
  c1085  1 sources  16 segments  19,535 chars: TAB-FULL
  c1086  1 sources  14 segments  19,617 chars: TAB-FULL
  c1087  1 sources  15 segments  19,723 chars: TAB-FULL
  c1088  1 sources  18 segments  19,835 chars: TAB-FULL
  c1089  1 sources  17 segments  19,252 chars: TAB-FULL
  c1090  1 sources  21 segments  19,482 chars: TAB-FULL
  c1091  1 sources  20 segments  19,039 chars: TAB-FULL
  c1092  1 sources  13 segments  18,251 chars: TAB-FULL
  c1093  1 sources  13 segments  19,504 chars: TAB-FULL
  c1094  1 sources  16 segments  19,827 chars: TAB-FULL
  c1095  1 sources  12 segments  19,555 chars: TAB-FULL
  c1096  1 sources  16 segments  19,141 chars: TAB-FULL
  c1097  1 sources  17 segments  18,903 chars: TAB-FULL
  c1098  1 sources  18 segments  18,301 chars: TAB-FULL
  c1099  1 sources  16 segments  19,702 chars: TAB-FULL
  c1100  1 sources   9 segments  19,093 chars: TAB-FULL
  c1101  1 sources   9 segments  16,931 chars: TAB-FULL
  c1102  1 sources   1 segments   3,530 chars: TAB-FULL
  c1103  1 sources  11 segments  19,820 chars: TABATABAI
  c1104  1 sources  11 segments  19,527 chars: TABATABAI
  c1105  1 sources  10 segments  19,638 chars: TABATABAI
  c1106  1 sources  10 segments  19,989 chars: TABATABAI
  c1107  1 sources  11 segments  19,852 chars: TABATABAI
  c1108  1 sources   9 segments  19,032 chars: TABATABAI
  c1109  1 sources   8 segments  18,856 chars: TABATABAI
  c1110  1 sources  10 segments  19,835 chars: TABATABAI
  c1111  1 sources   9 segments  19,316 chars: TABATABAI
  c1112  1 sources   9 segments  18,692 chars: TABATABAI
  c1113  1 sources   9 segments  18,135 chars: TABATABAI
  c1114  1 sources  11 segments  19,948 chars: TABATABAI
  c1115  1 sources  11 segments  19,300 chars: TABATABAI
  c1116  1 sources  11 segments  18,193 chars: TABATABAI
  c1117  1 sources  11 segments  19,312 chars: TABATABAI
  c1118  1 sources  10 segments  19,072 chars: TABATABAI
  c1119  1 sources   9 segments  19,251 chars: TABATABAI
  c1120  1 sources  10 segments  18,543 chars: TABATABAI
  c1121  1 sources  11 segments  19,789 chars: TABATABAI
  c1122  1 sources   9 segments  18,568 chars: TABATABAI
  c1123  1 sources  11 segments  19,635 chars: TABATABAI
  c1124  1 sources   9 segments  19,747 chars: TABATABAI
  c1125  1 sources   9 segments  18,661 chars: TABATABAI
  c1126  1 sources   9 segments  18,133 chars: TABATABAI
  c1127  1 sources   9 segments  18,324 chars: TABATABAI
  c1128  1 sources   9 segments  19,709 chars: TABATABAI
  c1129  1 sources  10 segments  19,212 chars: TABATABAI
  c1130  1 sources   9 segments  19,972 chars: TABATABAI
  c1131  1 sources   9 segments  19,740 chars: TABATABAI
  c1132  1 sources   8 segments  18,201 chars: TABATABAI
  c1133  1 sources  12 segments  19,889 chars: TABATABAI
  c1134  1 sources  10 segments  18,442 chars: TABATABAI
  c1135  1 sources   9 segments  18,823 chars: TABATABAI
  c1136  1 sources   9 segments  19,722 chars: TABATABAI
  c1137  1 sources  10 segments  19,411 chars: TABATABAI
  c1138  1 sources   9 segments  19,614 chars: TABATABAI
  c1139  1 sources  10 segments  19,352 chars: TABATABAI
  c1140  1 sources   9 segments  18,217 chars: TABATABAI
  c1141  1 sources  11 segments  18,391 chars: TABATABAI
  c1142  1 sources  12 segments  19,820 chars: TABATABAI
  c1143  1 sources  11 segments  19,846 chars: TABATABAI
  c1144  1 sources  10 segments  18,768 chars: TABATABAI
  c1145  1 sources   9 segments  19,267 chars: TABATABAI
  c1146  1 sources  10 segments  18,049 chars: TABATABAI
  c1147  1 sources  11 segments  18,724 chars: TABATABAI
  c1148  1 sources   8 segments  18,753 chars: TABATABAI
  c1149  1 sources  10 segments  19,995 chars: TABATABAI
  c1150  1 sources   8 segments  18,149 chars: TABATABAI
  c1151  1 sources  10 segments  18,794 chars: TABATABAI
  c1152  1 sources  11 segments  19,206 chars: TABATABAI
  c1153  1 sources  10 segments  19,517 chars: TABATABAI
  c1154  1 sources  10 segments  19,368 chars: TABATABAI
  c1155  1 sources  10 segments  19,300 chars: TABATABAI
  c1156  1 sources   9 segments  18,768 chars: TABATABAI
  c1157  1 sources   9 segments  18,678 chars: TABATABAI
  c1158  1 sources   3 segments   4,172 chars: TABATABAI
  c1159  1 sources  11 segments  19,604 chars: TABRISI
  c1160  1 sources  12 segments  19,822 chars: TABRISI
  c1161  1 sources  14 segments  19,780 chars: TABRISI
  c1162  1 sources  12 segments  18,637 chars: TABRISI
  c1163  1 sources  11 segments  19,665 chars: TABRISI
  c1164  1 sources  11 segments  18,359 chars: TABRISI
  c1165  1 sources  10 segments  19,644 chars: TABRISI
  c1166  1 sources  10 segments  19,151 chars: TABRISI
  c1167  1 sources  12 segments  19,782 chars: TABRISI
  c1168  1 sources  10 segments  18,488 chars: TABRISI
  c1169  1 sources  10 segments  19,664 chars: TABRISI
  c1170  1 sources  10 segments  19,015 chars: TABRISI
  c1171  1 sources   9 segments  18,811 chars: TABRISI
  c1172  1 sources  12 segments  18,929 chars: TABRISI
  c1173  1 sources  11 segments  19,315 chars: TABRISI
  c1174  1 sources  11 segments  19,555 chars: TABRISI
  c1175  1 sources   9 segments  19,140 chars: TABRISI
  c1176  1 sources  11 segments  18,594 chars: TABRISI
  c1177  1 sources  13 segments  19,933 chars: TABRISI
  c1178  1 sources  11 segments  19,767 chars: TABRISI
  c1179  1 sources  11 segments  19,346 chars: TABRISI
  c1180  1 sources  10 segments  19,773 chars: TABRISI
  c1181  1 sources  10 segments  19,737 chars: TABRISI
  c1182  1 sources  12 segments  19,914 chars: TABRISI
  c1183  1 sources   1 segments   2,036 chars: TABRISI
  c1184  1 sources  12 segments  18,556 chars: THALABI
  c1185  1 sources  12 segments  19,672 chars: THALABI
  c1186  1 sources  11 segments  19,026 chars: THALABI
  c1187  1 sources  10 segments  18,396 chars: THALABI
  c1188  1 sources  11 segments  18,725 chars: THALABI
  c1189  1 sources  12 segments  18,955 chars: THALABI
  c1190  1 sources  12 segments  19,763 chars: THALABI
  c1191  1 sources  12 segments  19,698 chars: THALABI
  c1192  1 sources  12 segments  19,537 chars: THALABI
  c1193  1 sources  12 segments  18,977 chars: THALABI
  c1194  1 sources  11 segments  18,543 chars: THALABI
  c1195  1 sources  13 segments  18,385 chars: THALABI
  c1196  1 sources  14 segments  19,837 chars: THALABI
  c1197  1 sources  11 segments  18,751 chars: THALABI
  c1198  1 sources  12 segments  19,035 chars: THALABI
  c1199  1 sources  12 segments  19,455 chars: THALABI
  c1200  1 sources  12 segments  19,828 chars: THALABI
  c1201  1 sources  13 segments  19,517 chars: THALABI
  c1202  1 sources  12 segments  19,468 chars: THALABI
  c1203  1 sources  11 segments  18,347 chars: THALABI
  c1204  1 sources  12 segments  19,020 chars: THALABI
  c1205  1 sources  12 segments  19,907 chars: THALABI
  c1206  1 sources  13 segments  18,712 chars: THALABI
  c1207  1 sources  12 segments  19,945 chars: THALABI
  c1208  1 sources  12 segments  18,602 chars: THALABI
  c1209  1 sources  14 segments  19,407 chars: THALABI
  c1210  1 sources   6 segments  10,034 chars: THALABI
  c1211  1 sources  13 segments  19,613 chars: WAHIDI-BASIT
  c1212  1 sources  19 segments  19,783 chars: WAHIDI-BASIT
  c1213  1 sources  20 segments  19,576 chars: WAHIDI-BASIT
  c1214  1 sources  20 segments  19,869 chars: WAHIDI-BASIT
  c1215  1 sources  20 segments  19,138 chars: WAHIDI-BASIT
  c1216  1 sources  20 segments  19,867 chars: WAHIDI-BASIT
  c1217  1 sources  21 segments  19,818 chars: WAHIDI-BASIT
  c1218  1 sources  18 segments  19,728 chars: WAHIDI-BASIT
  c1219  1 sources  29 segments  19,869 chars: WAHIDI-BASIT
  c1220  1 sources  18 segments  18,492 chars: WAHIDI-BASIT
  c1221  1 sources  31 segments  19,591 chars: WAHIDI-BASIT
  c1222  1 sources  20 segments  18,504 chars: WAHIDI-BASIT
  c1223  1 sources  20 segments  19,467 chars: WAHIDI-BASIT
  c1224  1 sources  22 segments  19,925 chars: WAHIDI-BASIT
  c1225  1 sources  22 segments  19,553 chars: WAHIDI-BASIT
  c1226  1 sources  27 segments  19,924 chars: WAHIDI-BASIT
  c1227  1 sources  20 segments  19,625 chars: WAHIDI-BASIT
  c1228  1 sources  26 segments  19,834 chars: WAHIDI-BASIT
  c1229  1 sources  21 segments  18,434 chars: WAHIDI-BASIT
  c1230  1 sources  23 segments  19,341 chars: WAHIDI-WAJIZ
  c1231  1 sources  31 segments  19,818 chars: WAHIDI-WAJIZ
  c1232  1 sources  32 segments  19,516 chars: WAHIDI-WAJIZ
  c1233  1 sources  31 segments  19,246 chars: WAHIDI-WAJIZ
  c1234  1 sources  33 segments  19,643 chars: WAHIDI-WAJIZ
  c1235  1 sources  23 segments  19,566 chars: YAHYA-SALLAM
  c1236  1 sources  19 segments  19,289 chars: YAHYA-SALLAM
  c1237  1 sources  19 segments  19,835 chars: YAHYA-SALLAM
  c1238  1 sources  13 segments  13,476 chars: YAHYA-SALLAM
  c1239  1 sources   2 segments  13,506 chars: ELMALILI
  c1240  1 sources   3 segments  17,190 chars: ELMALILI
  c1241  1 sources   3 segments  17,740 chars: ELMALILI
  c1242  1 sources   2 segments  13,100 chars: ELMALILI
  c1243  1 sources   3 segments  19,746 chars: ELMALILI
  c1244  1 sources   3 segments  17,009 chars: ELMALILI
  c1245  1 sources   4 segments  17,260 chars: ELMALILI
  c1246  1 sources   3 segments  18,439 chars: ELMALILI
  c1247  1 sources   3 segments  17,570 chars: ELMALILI
  c1248  1 sources   3 segments  16,221 chars: ELMALILI
  c1249  1 sources   3 segments  13,625 chars: ELMALILI
  c1250  1 sources   5 segments  19,486 chars: ELMALILI
  c1251  1 sources   5 segments  14,787 chars: ELMALILI
  c1252  1 sources   3 segments  19,958 chars: ELMALILI
  c1253  1 sources   5 segments  17,742 chars: ELMALILI
  c1254  1 sources   4 segments  16,468 chars: ELMALILI
  c1255  1 sources   4 segments  15,096 chars: ELMALILI
  c1256  1 sources   6 segments  19,282 chars: ELMALILI
  c1257  1 sources   6 segments  18,690 chars: ELMALILI
  c1258  1 sources   5 segments  16,576 chars: ELMALILI
  c1259  1 sources   9 segments  19,420 chars: ELMALILI
  c1260  1 sources   4 segments  14,215 chars: ELMALILI
  c1261  1 sources   4 segments  18,660 chars: ELMALILI
  c1262  1 sources   8 segments  18,588 chars: ELMALILI
  c1263  1 sources   6 segments  19,750 chars: ELMALILI
  c1264  1 sources  11 segments  19,809 chars: ELMALILI
  c1265  1 sources   4 segments  17,096 chars: ELMALILI
  c1266  1 sources   3 segments  13,735 chars: ELMALILI
  c1267  1 sources   4 segments  15,830 chars: ELMALILI
  c1268  1 sources   4 segments  16,370 chars: ELMALILI
  c1269  1 sources   5 segments  19,527 chars: ELMALILI
  c1270  1 sources   4 segments  18,759 chars: ELMALILI
  c1271  1 sources   3 segments  17,007 chars: ELMALILI
  c1272  1 sources   3 segments  13,358 chars: ELMALILI
  c1273  1 sources   3 segments  16,527 chars: ELMALILI
  c1274  1 sources   3 segments  19,616 chars: ELMALILI
  c1275  1 sources   5 segments  18,908 chars: ELMALILI
  c1276  1 sources   3 segments  18,004 chars: ELMALILI
  c1277  1 sources   3 segments  18,156 chars: ELMALILI
  c1278  1 sources   2 segments   6,239 chars: ELMALILI
  c1279  1 sources   2 segments  16,108 chars: ELMALILI
  c1280  1 sources   4 segments  19,032 chars: ELMALILI
  c1281  1 sources   3 segments  17,119 chars: ELMALILI
  c1282  1 sources   3 segments  17,103 chars: ELMALILI
  c1283  1 sources   5 segments  18,287 chars: ELMALILI
  c1284  1 sources   4 segments  16,186 chars: ELMALILI
  c1285  1 sources   4 segments  19,034 chars: ELMALILI
  c1286  1 sources   7 segments  16,773 chars: ELMALILI
  c1287  1 sources   4 segments  16,008 chars: ELMALILI
  c1288  1 sources   3 segments  16,317 chars: ELMALILI
  c1289  1 sources   3 segments  18,521 chars: ELMALILI
  c1290  1 sources   4 segments  19,815 chars: ELMALILI
  c1291  1 sources   6 segments  15,675 chars: ELMALILI
  c1292  1 sources   7 segments  18,584 chars: KURANYOLU-TEFSIR
  c1293  1 sources   2 segments  17,044 chars: KURANYOLU-TEFSIR
  c1294  1 sources   2 segments  17,233 chars: KURANYOLU-TEFSIR
  c1295  1 sources   4 segments  19,754 chars: KURANYOLU-TEFSIR
  c1296  1 sources   5 segments  14,797 chars: KURANYOLU-TEFSIR
  c1297  1 sources  11 segments  19,214 chars: KURANYOLU-TEFSIR
  c1298  1 sources   7 segments  19,450 chars: KURANYOLU-TEFSIR
  c1299  1 sources   9 segments  19,942 chars: KURANYOLU-TEFSIR
  c1300  1 sources   9 segments  18,986 chars: KURANYOLU-TEFSIR
  c1301  1 sources   7 segments  19,007 chars: KURANYOLU-TEFSIR
  c1302  1 sources  20 segments  19,495 chars: KURANYOLU-TEFSIR
  c1303  1 sources  10 segments  17,847 chars: KURANYOLU-TEFSIR
  c1304  1 sources   6 segments  16,245 chars: KURANYOLU-TEFSIR
  c1305  1 sources  10 segments  19,962 chars: KURANYOLU-TEFSIR
  c1306  1 sources   9 segments  19,966 chars: KURANYOLU-TEFSIR
  c1307  1 sources   3 segments  19,989 chars: KURANYOLU-TEFSIR
  c1308  1 sources   4 segments  19,622 chars: KURANYOLU-TEFSIR
  c1309  1 sources  10 segments  17,298 chars: KURANYOLU-TEFSIR
  c1310  1 sources  11 segments  19,420 chars: KURANYOLU-TEFSIR
  c1311  1 sources  12 segments  15,061 chars: KURANYOLU-TEFSIR
  c1312  1 sources  12 segments  18,941 chars: BAQILLANI
  c1313  1 sources  11 segments  18,454 chars: BAQILLANI
  c1314  1 sources  12 segments  18,907 chars: BAQILLANI
  c1315  1 sources  13 segments  18,561 chars: BAQILLANI
  c1316  1 sources  12 segments  19,721 chars: BAQILLANI
  c1317  1 sources  13 segments  18,949 chars: BAQILLANI
  c1318  1 sources  13 segments  19,145 chars: BAQILLANI
  c1319  1 sources  10 segments  15,845 chars: BAQILLANI
  c1320  1 sources  13 segments  19,277 chars: BURHAN
  c1321  1 sources  12 segments  19,925 chars: BURHAN
  c1322  1 sources  12 segments  19,675 chars: BURHAN
  c1323  1 sources  13 segments  19,276 chars: BURHAN
  c1324  1 sources  12 segments  18,806 chars: BURHAN
  c1325  1 sources  12 segments  19,895 chars: BURHAN
  c1326  1 sources  12 segments  19,582 chars: BURHAN
  c1327  1 sources  12 segments  18,984 chars: BURHAN
  c1328  1 sources  12 segments  19,818 chars: BURHAN
  c1329  1 sources  12 segments  19,952 chars: BURHAN
  c1330  1 sources  12 segments  18,565 chars: BURHAN
  c1331  1 sources  13 segments  19,720 chars: BURHAN
  c1332  1 sources  13 segments  19,940 chars: BURHAN
  c1333  1 sources  12 segments  19,950 chars: BURHAN
  c1334  1 sources  12 segments  19,115 chars: BURHAN
  c1335  1 sources  12 segments  18,799 chars: BURHAN
  c1336  1 sources  12 segments  18,813 chars: BURHAN
  c1337  1 sources  12 segments  19,983 chars: BURHAN
  c1338  1 sources  12 segments  19,633 chars: BURHAN
  c1339  1 sources  12 segments  19,664 chars: BURHAN
  c1340  1 sources  12 segments  19,895 chars: BURHAN
  c1341  1 sources  12 segments  19,602 chars: BURHAN
  c1342  1 sources  13 segments  19,904 chars: BURHAN
  c1343  1 sources  12 segments  19,994 chars: BURHAN
  c1344  1 sources  13 segments  19,662 chars: BURHAN
  c1345  1 sources  11 segments  18,781 chars: BURHAN
  c1346  1 sources  12 segments  18,697 chars: BURHAN
  c1347  1 sources  12 segments  19,207 chars: BURHAN
  c1348  1 sources  13 segments  19,936 chars: BURHAN
  c1349  1 sources  12 segments  18,486 chars: BURHAN
  c1350  1 sources  12 segments  19,788 chars: BURHAN
  c1351  1 sources  12 segments  19,062 chars: BURHAN
  c1352  1 sources  13 segments  19,980 chars: BURHAN
  c1353  1 sources  13 segments  19,342 chars: BURHAN
  c1354  1 sources  11 segments  18,558 chars: BURHAN
  c1355  1 sources  14 segments  18,390 chars: BURHAN
  c1356  1 sources  12 segments  19,802 chars: BURHAN
  c1357  1 sources  14 segments  19,266 chars: BURHAN
  c1358  1 sources  12 segments  19,307 chars: BURHAN
  c1359  1 sources  12 segments  18,937 chars: BURHAN
  c1360  1 sources  12 segments  19,287 chars: BURHAN
  c1361  1 sources  12 segments  19,941 chars: BURHAN
  c1362  1 sources  11 segments  18,720 chars: BURHAN
  c1363  1 sources  12 segments  18,519 chars: BURHAN
  c1364  1 sources  12 segments  18,614 chars: BURHAN
  c1365  1 sources  11 segments  18,736 chars: BURHAN
  c1366  1 sources  14 segments  19,494 chars: BURHAN
  c1367  1 sources  15 segments  19,670 chars: BURHAN
  c1368  1 sources  12 segments  18,860 chars: BURHAN
  c1369  1 sources  14 segments  18,863 chars: BURHAN
  c1370  1 sources  13 segments  18,756 chars: BURHAN
  c1371  1 sources  12 segments  19,110 chars: BURHAN
  c1372  1 sources  11 segments  14,042 chars: BURHAN
  c1373  1 sources  14 segments  19,186 chars: ITQAN
  c1374  1 sources  15 segments  19,813 chars: ITQAN
  c1375  1 sources  19 segments  19,279 chars: ITQAN
  c1376  1 sources  14 segments  18,981 chars: ITQAN
  c1377  1 sources  15 segments  18,383 chars: ITQAN
  c1378  1 sources  12 segments  18,443 chars: ITQAN
  c1379  1 sources  15 segments  18,902 chars: ITQAN
  c1380  1 sources  13 segments  18,855 chars: ITQAN
  c1381  1 sources  14 segments  19,219 chars: ITQAN
  c1382  1 sources  13 segments  18,880 chars: ITQAN
  c1383  1 sources  16 segments  19,579 chars: ITQAN
  c1384  1 sources  15 segments  19,760 chars: ITQAN
  c1385  1 sources  15 segments  18,404 chars: ITQAN
  c1386  1 sources  13 segments  19,102 chars: ITQAN
  c1387  1 sources  13 segments  19,872 chars: ITQAN
  c1388  1 sources  15 segments  19,771 chars: ITQAN
  c1389  1 sources  15 segments  18,863 chars: ITQAN
  c1390  1 sources  16 segments  19,874 chars: ITQAN
  c1391  1 sources  14 segments  19,974 chars: ITQAN
  c1392  1 sources  17 segments  18,938 chars: ITQAN
  c1393  1 sources  15 segments  18,953 chars: ITQAN
  c1394  1 sources  15 segments  19,275 chars: ITQAN
  c1395  1 sources  16 segments  19,685 chars: ITQAN
  c1396  1 sources  12 segments  19,378 chars: ITQAN
  c1397  1 sources  16 segments  19,827 chars: ITQAN
  c1398  1 sources  16 segments  18,948 chars: ITQAN
  c1399  1 sources  15 segments  19,747 chars: ITQAN
  c1400  1 sources  16 segments  19,162 chars: ITQAN
  c1401  1 sources  17 segments  19,198 chars: ITQAN
  c1402  1 sources  17 segments  18,351 chars: ITQAN
  c1403  1 sources  19 segments  19,623 chars: ITQAN
  c1404  1 sources  15 segments  18,489 chars: ITQAN
  c1405  1 sources  18 segments  19,285 chars: ITQAN
  c1406  1 sources  13 segments  14,134 chars: ITQAN
  c1407  1 sources  10 segments  17,915 chars: JURJANI-ASRAR
  c1408  1 sources  11 segments  19,701 chars: JURJANI-ASRAR
  c1409  1 sources  10 segments  18,241 chars: JURJANI-ASRAR
  c1410  1 sources  11 segments  19,643 chars: JURJANI-ASRAR
  c1411  1 sources  11 segments  19,692 chars: JURJANI-ASRAR
  c1412  1 sources  11 segments  19,891 chars: JURJANI-ASRAR
  c1413  1 sources  10 segments  18,191 chars: JURJANI-ASRAR
  c1414  1 sources  11 segments  19,398 chars: JURJANI-ASRAR
  c1415  1 sources   9 segments  15,461 chars: JURJANI-ASRAR
  c1416  1 sources  10 segments  18,592 chars: JURJANI-DALAIL
  c1417  1 sources  10 segments  19,944 chars: JURJANI-DALAIL
  c1418  1 sources  10 segments  18,533 chars: JURJANI-DALAIL
  c1419  1 sources  11 segments  19,451 chars: JURJANI-DALAIL
  c1420  1 sources  10 segments  18,227 chars: JURJANI-DALAIL
  c1421  1 sources  10 segments  19,614 chars: JURJANI-DALAIL
  c1422  1 sources  11 segments  18,662 chars: JURJANI-DALAIL
  c1423  1 sources  12 segments  19,769 chars: JURJANI-DALAIL
  c1424  1 sources  11 segments  18,627 chars: JURJANI-DALAIL
  c1425  1 sources  11 segments  19,262 chars: JURJANI-DALAIL
  c1426  1 sources  11 segments  18,629 chars: JURJANI-DALAIL
  c1427  1 sources  10 segments  18,127 chars: JURJANI-DALAIL
  c1428  1 sources   8 segments  15,660 chars: JURJANI-DALAIL
  c1429  1 sources  10 segments  18,949 chars: KHATTABI
  c1430  1 sources  10 segments  18,940 chars: KHATTABI
  c1431  1 sources   2 segments   3,756 chars: KHATTABI
  c1432  1 sources  10 segments  19,555 chars: RUMMANI
  c1433  1 sources   5 segments   8,952 chars: RUMMANI
  c1434  1 sources  19 segments  19,343 chars: SUYUTI-LUBAB
  c1435  1 sources   5 segments   4,177 chars: SUYUTI-LUBAB
  c1436  1 sources  12 segments  19,767 chars: WAHIDI-ASBAB
  c1437  1 sources  14 segments  18,971 chars: WAHIDI-ASBAB
  c1438  1 sources   4 segments   5,950 chars: WAHIDI-ASBAB
  c1439  1 sources   8 segments  18,072 chars: DAMGHANI
  c1440  1 sources   8 segments  19,921 chars: DAMGHANI
  c1441  1 sources   8 segments  19,438 chars: DAMGHANI
  c1442  1 sources   9 segments  19,946 chars: DAMGHANI
  c1443  1 sources   9 segments  19,133 chars: DAMGHANI
  c1444  1 sources   8 segments  19,830 chars: DAMGHANI
  c1445  1 sources   9 segments  18,400 chars: DAMGHANI
  c1446  1 sources   9 segments  19,074 chars: DAMGHANI
  c1447  1 sources   8 segments  17,648 chars: DAMGHANI
  c1448  1 sources   9 segments  19,005 chars: DAMGHANI
  c1449  1 sources  10 segments  18,931 chars: DAMGHANI
  c1450  1 sources  10 segments  19,106 chars: DAMGHANI
  c1451  1 sources  11 segments  18,457 chars: DAMGHANI
  c1452  1 sources  10 segments  18,828 chars: DAMGHANI
  c1453  1 sources   1 segments   2,094 chars: DAMGHANI
  c1454  1 sources  18 segments  19,894 chars: IBNJAWZI-NUZHA
  c1455  1 sources  15 segments  18,771 chars: IBNJAWZI-NUZHA
  c1456  1 sources  15 segments  19,182 chars: IBNJAWZI-NUZHA
  c1457  1 sources  19 segments  19,775 chars: IBNJAWZI-NUZHA
  c1458  1 sources  16 segments  19,912 chars: IBNJAWZI-NUZHA
  c1459  1 sources  15 segments  18,739 chars: IBNJAWZI-NUZHA
  c1460  1 sources  15 segments  19,517 chars: IBNJAWZI-NUZHA
  c1461  1 sources  19 segments  19,667 chars: IBNJAWZI-NUZHA
  c1462  1 sources  18 segments  19,573 chars: IBNJAWZI-NUZHA
  c1463  1 sources  20 segments  19,381 chars: IBNJAWZI-NUZHA
  c1464  1 sources   5 segments   6,072 chars: IBNJAWZI-NUZHA
SKIPPED 634 segment(s): already digested in q103_1-20261008/luna-max (each listed in manifest.json)
SKIPPED 5154 segment(s): already digested in s103-1/luna-max (each listed in manifest.json)
SKIPPED 1697 segment(s): already digested in s103-23/luna-max (each listed in manifest.json)
SKIPPED 1631 segment(s): already digested in s12_17_19_sel150k/luna-max (each listed in manifest.json)
SKIPPED 2487 segment(s): already digested in s1_87_114/luna-max (each listed in manifest.json)
SKIPPED 3600 segment(s): already digested in s1_r13_refs212_20261008/luna-max (each listed in manifest.json)
SKIPPED 108 segment(s): already digested in test-20261007/luna-max (each listed in manifest.json)
SKIPPED 41845 segment(s): kind meal (each listed in manifest.json)
SKIPPED 510 segment(s): kind quran (each listed in manifest.json)
SKIPPED 1020 segment(s): kind translation (each listed in manifest.json)
SKIPPED 12415 segment(s): surah-level (each listed in manifest.json)
