NOTE surah-level S2: 1586 segments, 2,192,981 characters, reserved for the surah page (listed in manifest.json)
NOTE surah-level S3: 520 segments, 627,895 characters, reserved for the surah page (listed in manifest.json)
NOTE surah-level S4: 548 segments, 691,218 characters, reserved for the surah page (listed in manifest.json)
NOTE surah-level S6: 419 segments, 498,565 characters, reserved for the surah page (listed in manifest.json)
NOTE surah-level S7: 748 segments, 953,313 characters, reserved for the surah page (listed in manifest.json)
NOTE surah-level S9: 457 segments, 571,539 characters, reserved for the surah page (listed in manifest.json)
NOTE surah-level S10: 236 segments, 256,828 characters, reserved for the surah page (listed in manifest.json)
NOTE surah-level S11: 317 segments, 394,843 characters, reserved for the surah page (listed in manifest.json)
NOTE surah-level S12: 334 segments, 426,279 characters, reserved for the surah page (listed in manifest.json)
NOTE surah-level S14: 125 segments, 129,045 characters, reserved for the surah page (listed in manifest.json)
NOTE surah-level S18: 270 segments, 302,725 characters, reserved for the surah page (listed in manifest.json)
NOTE surah-level S20: 168 segments, 176,068 characters, reserved for the surah page (listed in manifest.json)
NOTE surah-level S21: 157 segments, 175,294 characters, reserved for the surah page (listed in manifest.json)
NOTE surah-level S22: 115 segments, 132,031 characters, reserved for the surah page (listed in manifest.json)
NOTE surah-level S23: 106 segments, 94,879 characters, reserved for the surah page (listed in manifest.json)
NOTE surah-level S26: 136 segments, 124,119 characters, reserved for the surah page (listed in manifest.json)
NOTE surah-level S28: 85 segments, 99,798 characters, reserved for the surah page (listed in manifest.json)
NOTE surah-level S29: 61 segments, 75,039 characters, reserved for the surah page (listed in manifest.json)
NOTE surah-level S30: 84 segments, 94,885 characters, reserved for the surah page (listed in manifest.json)
NOTE surah-level S31: 75 segments, 83,503 characters, reserved for the surah page (listed in manifest.json)
NOTE surah-level S33: 206 segments, 290,764 characters, reserved for the surah page (listed in manifest.json)
NOTE surah-level S39: 159 segments, 198,396 characters, reserved for the surah page (listed in manifest.json)
NOTE surah-level S40: 124 segments, 151,927 characters, reserved for the surah page (listed in manifest.json)
NOTE surah-level S41: 72 segments, 79,882 characters, reserved for the surah page (listed in manifest.json)
NOTE surah-level S51: 52 segments, 59,477 characters, reserved for the surah page (listed in manifest.json)
NOTE surah-level S55: 151 segments, 159,378 characters, reserved for the surah page (listed in manifest.json)
NOTE surah-level S69: 59 segments, 39,930 characters, reserved for the surah page (listed in manifest.json)
NOTE surah-level S70: 56 segments, 40,106 characters, reserved for the surah page (listed in manifest.json)
NOTE surah-level S76: 75 segments, 77,373 characters, reserved for the surah page (listed in manifest.json)
NOTE surah-level S83: 183 segments, 110,250 characters, reserved for the surah page (listed in manifest.json)
NOTE surah-level S84: 22 segments, 11,449 characters, reserved for the surah page (listed in manifest.json)
NOTE surah-level S90: 48 segments, 37,323 characters, reserved for the surah page (listed in manifest.json)
NOTE surah-level S95: 28 segments, 26,182 characters, reserved for the surah page (listed in manifest.json)
NOTE surah-level S100: 29 segments, 19,368 characters, reserved for the surah page (listed in manifest.json)
NOTE surah-level S101: 23 segments, 17,222 characters, reserved for the surah page (listed in manifest.json)
NOTE surah-level S102: 34 segments, 23,422 characters, reserved for the surah page (listed in manifest.json)
NOTE surah-level S103: 35 segments, 31,050 characters, reserved for the surah page (listed in manifest.json)
NOTE surah-level S104: 19 segments, 14,073 characters, reserved for the surah page (listed in manifest.json)
quotes 2:14: 15 unique window(s): شياطينهم | مستهزون | خلوا اليا | اليا شياطينهم | شياطينهم قالوا | معكم انما | نحن مستهزون | واذا خلوا اليا | خلوا اليا شياطينهم | اليا شياطينهم قالوا | شياطينهم قالوا انا | قالوا انا معكم | انا معكم انما | معكم انما نحن | انما نحن مستهزون
quotes 2:14: «شياطينهم» in 16 segment(s): BINTSHATI-IJAZ:p580, BURHAN:v1p108, BURHAN:v3p339, BURHAN:v4p70, BURHAN:v4p104, BURHAN:v4p233, DAMGHANI:v1p263, DAMGHANI:v1p436, IBNJAWZI-NUZHA:v1p102, IBNJAWZI-NUZHA:v1p374, IBNQUTAYBA-MUSHKIL:v1p213, ITQAN:v2p418 …
quotes 2:14: «مستهزون» in 7 segment(s): IBNQUTAYBA-MUSHKIL:v1p170, IBNQUTAYBA-MUSHKIL:v1p213, ITQAN:v4p448, NASHR:v1p396, NASHR:v1p441, NASHR:v1p443, NASHR:v1p454
quotes 2:14: «خلوا اليا» in 0 segment(s): 
quotes 2:14: «معكم انما» in 8 segment(s): BINTSHATI-IJAZ:p580, BURHAN:v4p104, ITQAN:v2p434, JURJANI-DALAIL:v1p177, JURJANI-DALAIL:v1p181#2, NASHR:v1p222, NASHR:v1p274, SAMARRAI-ASRAR:r3#2
quotes 2:14: «قالوا انا معكم» in 9 segment(s): BINTSHATI-IJAZ:p580, BURHAN:v4p104, IBNHISHAM:v1p531#2, IBNHISHAM:v2p547, ITQAN:v2p434, JURJANI-DALAIL:v1p177, JURJANI-DALAIL:v1p181, JURJANI-DALAIL:v1p181#2, SAMARRAI-ASRAR:r3#2
quotes 2:16: 11 unique window(s): ربحت | تجارتهم | بالهديا فما | فما ربحت | ربحت تجارتهم | تجارتهم وما | الضلاله بالهديا فما | بالهديا فما ربحت | فما ربحت تجارتهم | ربحت تجارتهم وما | تجارتهم وما كانوا
quotes 2:16: «ربحت» in 21 segment(s): BAQILLANI:v1p76, BURHAN:v2p255, BURHAN:v3p437, BURHAN:v4p405, FARRA:v1p481, IBNJAWZI-NUZHA:v1p629, IBNQUTAYBA-MUSHKIL:v1p85, ITQAN:v1p255#2, ITQAN:v2p514, ITQAN:v3p97, ITQAN:v3p122, JURJANI-DALAIL:v1p226 …
quotes 2:16: «تجارتهم» in 20 segment(s): BAQILLANI:v1p76, BURHAN:v2p255, BURHAN:v3p437, BURHAN:v4p405, FARRA:v1p481, IBNJAWZI-NUZHA:v1p629, IBNQUTAYBA-MUSHKIL:v1p85, ITQAN:v1p255#2, ITQAN:v2p514, ITQAN:v3p97, ITQAN:v3p122, JURJANI-DALAIL:v1p226 …
quotes 2:16: «بالهديا فما» in 0 segment(s): 
quotes 2:27: 3 unique window(s): الذين ينقضون | الذين ينقضون عهد | الارض اولايك هم
quotes 2:27: «الذين ينقضون» in 5 segment(s): BURHAN:v3p439, DAMGHANI:v1p335, IBNJAWZI-NUZHA:v1p446, ITQAN:v3p122, SAMARRAI-LAMASAT-HALAQAT:p945
quotes 2:27: «الارض اولايك هم» in 0 segment(s): 
quotes 2:132: 23 unique window(s): ووصيا | بنيه | ووصيا بها | بها ابراهم | ابراهم بنيه | بنيه ويعقوب | ويعقوب يابني | يابني ان | اصطفيا لكم | لكم الدين | الدين فلا | فلا تموتن | ووصيا بها ابراهم | بها ابراهم بنيه | ابراهم بنيه ويعقوب | بنيه ويعقوب يابني | ويعقوب يابني ان | يابني ان الله | الله اصطفيا لكم | اصطفيا لكم الدين | لكم الدين فلا | الدين فلا تموتن | فلا تموتن الا
quotes 2:132: «ووصيا» in 0 segment(s): 
quotes 2:132: «بنيه» in 37 segment(s): BINTSHATI-IJAZ:p104, BURHAN:v1p168, BURHAN:v2p28, BURHAN:v3p34, BURHAN:v4p400, BURHAN:v4p430, FARRA:v1p484, IBNQUTAYBA-MUSHKIL:v1p179, ITQAN:v1p233#2, ITQAN:v1p252, ITQAN:v2p440#2, ITQAN:v2p495 …
quotes 2:132: «بها ابراهم» in 0 segment(s): 
quotes 2:132: «ويعقوب يابني» in 2 segment(s): JISHUMI:v1p598, SAMARRAI-ASRAR:r2#2
quotes 2:132: «يابني ان» in 2 segment(s): JISHUMI:v1p598, SAMARRAI-ASRAR:r2#2
quotes 2:132: «اصطفيا لكم» in 0 segment(s): 
quotes 2:132: «لكم الدين» in 5 segment(s): JISHUMI:v1p598, JISHUMI:v1p599, SAMARRAI-ASRAR:r2#2, SAMARRAI-LAMASAT-HALAQAT:p102, SAMARRAI-LAMASAT-HALAQAT:p1066
quotes 2:132: «الدين فلا» in 4 segment(s): JISHUMI:v1p598, SAMARRAI-ASRAR:r2#2, SAMARRAI-LAMASAT-HALAQAT:p102, SAMARRAI-LAMASAT-HALAQAT:p1066
quotes 2:132: «فلا تموتن» in 5 segment(s): JISHUMI:v1p598, JISHUMI:v1p599, SAMARRAI-ASRAR:r2#2, SAMARRAI-LAMASAT-HALAQAT:p102, SAMARRAI-LAMASAT-HALAQAT:p1066
quotes 2:133: 35 unique window(s): لبنيه | ابايك | اذ حضر | حضر يعقوب | يعقوب الموت | الموت اذ | قال لبنيه | لبنيه ما | بعدي قالوا | نعبد الاهك | الاهك والاه | والاه ابايك | ابايك ابراهم | واسحاق الاها | واحدا ونحن | شهدا اذ حضر | اذ حضر يعقوب | حضر يعقوب الموت | يعقوب الموت اذ | الموت اذ قال | اذ قال لبنيه | قال لبنيه ما | لبنيه ما تعبدون | تعبدون من بعدي | من بعدي قالوا | بعدي قالوا نعبد | قالوا نعبد الاهك | نعبد الاهك والاه | الاهك والاه ابايك | والاه ابايك ابراهم | ابايك ابراهم واسماعيل | واسماعيل واسحاق الاها | واسحاق الاها واحدا | الاها واحدا ونحن | واحدا ونحن له
quotes 2:133: «لبنيه» in 5 segment(s): BINTSHATI-IJAZ:p379, BURHAN:v1p203#2, JISHUMI:v1p600, SAMARRAI-LAMASAT-HALAQAT:p613, SAMARRAI-LAMASAT-HALAQAT:p937
quotes 2:133: «ابايك» in 8 segment(s): DAMGHANI:v1p13#2, IBNJAWZI-NUZHA:v1p111, ITQAN:v3p234, JISHUMI:v1p600, JISHUMI:v1p601, JISHUMI:v1p618#2, SAMARRAI-LAMASAT-HALAQAT:p613, SAMARRAI-LAMASAT-HALAQAT:p937
quotes 2:133: «اذ حضر» in 5 segment(s): IBNJAWZI-NUZHA:v1p377, JISHUMI:v1p600, JISHUMI:v1p601, SAMARRAI-LAMASAT-HALAQAT:p613, SAMARRAI-LAMASAT-HALAQAT:p937
quotes 2:133: «حضر يعقوب» in 6 segment(s): DAMGHANI:v1p266, IBNJAWZI-NUZHA:v1p377, JISHUMI:v1p600, JISHUMI:v1p601, SAMARRAI-LAMASAT-HALAQAT:p613, SAMARRAI-LAMASAT-HALAQAT:p937
quotes 2:133: «يعقوب الموت» in 6 segment(s): DAMGHANI:v1p266, IBNJAWZI-NUZHA:v1p377, JISHUMI:v1p600, JISHUMI:v1p601, SAMARRAI-LAMASAT-HALAQAT:p613, SAMARRAI-LAMASAT-HALAQAT:p937
quotes 2:133: «الموت اذ» in 3 segment(s): JISHUMI:v1p600, SAMARRAI-LAMASAT-HALAQAT:p613, SAMARRAI-LAMASAT-HALAQAT:p937
quotes 2:133: «بعدي قالوا» in 4 segment(s): JISHUMI:v1p600, JISHUMI:v1p601, SAMARRAI-LAMASAT-HALAQAT:p613, SAMARRAI-LAMASAT-HALAQAT:p937
quotes 2:133: «نعبد الاهك» in 0 segment(s): 
quotes 2:133: «الاهك والاه» in 0 segment(s): 
quotes 2:133: «واسحاق الاها» in 0 segment(s): 
quotes 2:133: «واحدا ونحن» in 4 segment(s): JISHUMI:v1p600, JISHUMI:v1p601, SAMARRAI-LAMASAT-HALAQAT:p613, SAMARRAI-LAMASAT-HALAQAT:p937
quotes 2:133: «تعبدون من بعدي» in 5 segment(s): IBNJAWZI-NUZHA:v1p566, JISHUMI:v1p600, JISHUMI:v1p601, SAMARRAI-LAMASAT-HALAQAT:p613, SAMARRAI-LAMASAT-HALAQAT:p937
quotes 2:175: 14 unique window(s): والعذاب | بالمغفره | اصبرهم | بالهديا والعذاب | والعذاب بالمغفره | بالمغفره فما | فما اصبرهم | اصبرهم علي | الضلاله بالهديا والعذاب | بالهديا والعذاب بالمغفره | والعذاب بالمغفره فما | بالمغفره فما اصبرهم | فما اصبرهم علي | اصبرهم علي النار
quotes 2:175: «والعذاب» in 31 segment(s): BINTSHATI-IJAZ:p370, BINTSHATI-IJAZ:p390, BINTSHATI-IJAZ:p494, BURHAN:v1p189, BURHAN:v1p223, BURHAN:v1p392, BURHAN:v4p63#2, DAMGHANI:v1p130, DAMGHANI:v1p175, IBNASHUR-FULL:v1p120, IBNJAWZI-NUZHA:v1p259, ITQAN:v1p136 …
quotes 2:175: «بالمغفره» in 7 segment(s): BINTSHATI-IJAZ:p494, BURHAN:v1p90, DAMGHANI:v1p282, JISHUMI:v1p719, NASHR:v1p301, SAMARRAI-ASRAR:r8#4, SAMARRAI-LAMASAT-HALAQAT:p698
quotes 2:175: «اصبرهم» in 13 segment(s): BAQILLANI:v1p78, BURHAN:v2p308, BURHAN:v2p318, BURHAN:v3p152, BURHAN:v4p57, BURHAN:v4p403, DAMGHANI:v1p271, FARRA:v1p486, IBNJAWZI-NUZHA:v1p387, IBNJAWZI-NUZHA:v1p566, ITQAN:v2p512#4, ITQAN:v3p206 …
quotes 2:250: 13 unique window(s): لجالوت | ولما برزوا | برزوا لجالوت | لجالوت وجنوده | وجنوده قالوا | صبرا وثبت | ولما برزوا لجالوت | برزوا لجالوت وجنوده | لجالوت وجنوده قالوا | وجنوده قالوا ربنا | قالوا ربنا افرغ | علينا صبرا وثبت | صبرا وثبت اقدامنا
quotes 2:250: «لجالوت» in 1 segment(s): JISHUMI:v2p988#2
quotes 2:250: «ولما برزوا» in 2 segment(s): BURHAN:v1p393, JISHUMI:v2p988#2
quotes 2:250: «وجنوده قالوا» in 1 segment(s): JISHUMI:v2p988#2
quotes 2:250: «صبرا وثبت» in 1 segment(s): JISHUMI:v2p988#2
quotes 2:250: «قالوا ربنا افرغ» in 2 segment(s): JISHUMI:v2p988#2, JISHUMI:v2p990
quotes 2:266: 40 unique window(s): ايود | واصابه | فاصابها | اعصار | فاحترقت | ايود احدكم | واعناب تجري | الانهار له | الثمرات واصابه | واصابه الكبر | الكبر وله | وله ذريه | ذريه ضعفا | ضعفا فاصابها | فاصابها اعصار | اعصار فيه | فيه نار | نار فاحترقت | فاحترقت كذالك | ايود احدكم ان | احدكم ان تكون | ان تكون له | له جنه من | نخيل واعناب تجري | واعناب تجري من | تحتها الانهار له | الانهار له فيها | له فيها من | كل الثمرات واصابه | الثمرات واصابه الكبر | واصابه الكبر وله | الكبر وله ذريه | وله ذريه ضعفا | ذريه ضعفا فاصابها | ضعفا فاصابها اعصار | فاصابها اعصار فيه | اعصار فيه نار | فيه نار فاحترقت | نار فاحترقت كذالك | فاحترقت كذالك يبين
quotes 2:266: «ايود» in 10 segment(s): BINTSHATI-IJAZ:p567, BURHAN:v4p20, FARRA:v1p489, IBNASHUR-FULL:v1p108, IBNQUTAYBA-MUSHKIL:v1p195#2, ITQAN:v3p200#2, ITQAN:v4p345, ITQAN:v4p495, JISHUMI:v2p1034, SAMARRAI-LAMASAT-HALAQAT:p868
quotes 2:266: «واصابه» in 8 segment(s): BINTSHATI-IJAZ:p567, BINTSHATI-IJAZ:p599, DAMGHANI:v1p396, IBNJAWZI-NUZHA:v1p519, IBNQUTAYBA-MUSHKIL:v1p195#2, ITQAN:v3p200#2, JISHUMI:v2p1034, SAMARRAI-LAMASAT-HALAQAT:p868
quotes 2:266: «فاصابها» in 7 segment(s): BINTSHATI-IJAZ:p415, BINTSHATI-IJAZ:p567, DAMGHANI:v1p325, IBNQUTAYBA-MUSHKIL:v1p195#2, ITQAN:v3p200#2, JISHUMI:v2p1034, SAMARRAI-LAMASAT-HALAQAT:p868
quotes 2:266: «اعصار» in 11 segment(s): ALUSI-FULL:v1p3, BINTSHATI-IJAZ:p415, BINTSHATI-IJAZ:p566, BINTSHATI-IJAZ:p567, DAMGHANI:v1p325, IBNQUTAYBA-MUSHKIL:v1p195#2, ITQAN:v2p373, ITQAN:v3p200#2, JISHUMI:v2p1034, MAJAZ:v2p429#2, SAMARRAI-LAMASAT-HALAQAT:p868
quotes 2:266: «فاحترقت» in 9 segment(s): BINTSHATI-IJAZ:p415, BINTSHATI-IJAZ:p416, BINTSHATI-IJAZ:p567, DAMGHANI:v1p325, IBNQUTAYBA-MUSHKIL:v1p195#2, ITQAN:v3p200#2, JISHUMI:v2p1034, JISHUMI:v2p1036, SAMARRAI-LAMASAT-HALAQAT:p868
quotes 2:266: «واعناب تجري» in 5 segment(s): BINTSHATI-IJAZ:p567, IBNASHUR-FULL:v1p108, IBNQUTAYBA-MUSHKIL:v1p195#2, JISHUMI:v2p1034, SAMARRAI-LAMASAT-HALAQAT:p868
quotes 2:266: «الانهار له» in 4 segment(s): BINTSHATI-IJAZ:p567, IBNQUTAYBA-MUSHKIL:v1p195#2, JISHUMI:v2p1034, SAMARRAI-LAMASAT-HALAQAT:p868
quotes 2:266: «الكبر وله» in 4 segment(s): BINTSHATI-IJAZ:p567, IBNQUTAYBA-MUSHKIL:v1p195#2, JISHUMI:v2p1034, SAMARRAI-LAMASAT-HALAQAT:p868
quotes 2:266: «وله ذريه» in 8 segment(s): BINTSHATI-IJAZ:p567, BURHAN:v4p20, DAMGHANI:v1p289, IBNQUTAYBA-MUSHKIL:v1p195#2, ITQAN:v3p200#2, JISHUMI:v2p1034, JISHUMI:v2p1036, SAMARRAI-LAMASAT-HALAQAT:p868
quotes 2:266: «ذريه ضعفا» in 8 segment(s): BINTSHATI-IJAZ:p567, BURHAN:v4p20, DAMGHANI:v1p289, IBNQUTAYBA-MUSHKIL:v1p195#2, ITQAN:v4p446, JISHUMI:v2p1034, JISHUMI:v2p1036, SAMARRAI-LAMASAT-HALAQAT:p868
quotes 2:266: «فيه نار» in 11 segment(s): BINTSHATI-IJAZ:p415, BINTSHATI-IJAZ:p416, BINTSHATI-IJAZ:p566, BINTSHATI-IJAZ:p567, DAMGHANI:v1p325, IBNQUTAYBA-MUSHKIL:v1p195#2, ITQAN:v3p200#2, JISHUMI:v2p1034, SAMARRAI-LAMASAT:p96, SAMARRAI-LAMASAT-HALAQAT:p74, SAMARRAI-LAMASAT-HALAQAT:p868
quotes 2:266: «احدكم ان تكون» in 11 segment(s): BINTSHATI-IJAZ:p567, BUKHARI:4538, BURHAN:v4p20, FARRA:v1p489, IBNASHUR-FULL:v1p108, IBNQUTAYBA-MUSHKIL:v1p195#2, ITQAN:v3p200#2, ITQAN:v4p345, ITQAN:v4p495, JISHUMI:v2p1034, SAMARRAI-LAMASAT-HALAQAT:p868
quotes 2:266: «ان تكون له» in 19 segment(s): ABUDAWUD:2683, ABUDAWUD:4359, BINTSHATI-IJAZ:p567, BUKHARI:4538, BURHAN:v4p20, FARRA:v1p489, IBNASHUR-FULL:v1p108, IBNHIBBAN:361, IBNQUTAYBA-MUSHKIL:v1p195#2, ITQAN:v3p200#2, ITQAN:v4p345, ITQAN:v4p495 …
quotes 2:266: «له جنه من» in 7 segment(s): BINTSHATI-IJAZ:p567, IBNASHUR-FULL:v1p108, IBNQUTAYBA-MUSHKIL:v1p195#2, ITQAN:v4p345, ITQAN:v4p495, JISHUMI:v2p1034, SAMARRAI-LAMASAT-HALAQAT:p868
quotes 2:266: «له فيها من» in 8 segment(s): BINTSHATI-IJAZ:p567, IBNMAJAH:1728, IBNQUTAYBA-MUSHKIL:v1p195#2, ITQAN:v3p200#2, JISHUMI:v2p1034, JURJANI-ASRAR:v1p45, SAMARRAI-LAMASAT-HALAQAT:p868, TIRMIDHI:758
quotes 2:282: 247 unique window(s): تداينتم | بدين | فاكتبوه | وليكتب | كاتب | كاتب | فليكتب | وليملل | يبخس | سفيها | فليملل | وليه | واستشهدوا | شهيدين | يكونا | فرجل | وامراتان | ترضون | الشهدا | فتذكر | الشهدا | تسموا | تكتبوه | للشهاده | وادنيا | ترتابوا | تديرونها | تكتبوها | تبايعتم | يضار | كاتب | اذا تداينتم | تداينتم بدين | بدين اليا | مسمي فاكتبوه | فاكتبوه وليكتب | وليكتب بينكم | بينكم كاتب | كاتب بالعدل | بالعدل ولا | ولا ياب | ياب كاتب | كاتب ان | ان يكتب | يكتب كما | كما علمه | علمه الله | الله فليكتب | فليكتب وليملل | وليملل الذي | الذي عليه | عليه الحق | الحق وليتق | ولا يبخس | يبخس منه | شيا فان | كان الذي | الذي عليه | عليه الحق | الحق سفيها | سفيها او | او ضعيفا | ضعيفا او | لا يستطيع | يستطيع ان | ان يمل | يمل هو | هو فليملل | فليملل وليه | وليه بالعدل | بالعدل واستشهدوا | واستشهدوا شهيدين | شهيدين من | رجالكم فان | لم يكونا | يكونا رجلين | رجلين فرجل | فرجل وامراتان | وامراتان ممن | ممن ترضون | ترضون من | من الشهدا | الشهدا ان | ان تضل | تضل احدياهما | احدياهما فتذكر | فتذكر احدياهما | احدياهما الاخريا | الاخريا ولا | ولا ياب | ياب الشهدا | الشهدا اذا | ما دعوا | دعوا ولا | ولا تسموا | تسموا ان | ان تكتبوه | تكتبوه صغيرا | صغيرا او | او كبيرا | كبيرا اليا | اليا اجله | اجله ذالكم | ذالكم اقسط | الله واقوم | واقوم للشهاده | للشهاده وادنيا | وادنيا الا | الا ترتابوا | ترتابوا الا | تجاره حاضره | حاضره تديرونها | تديرونها بينكم | بينكم فليس | جناح الا | الا تكتبوها | تكتبوها واشهدوا | واشهدوا اذا | اذا تبايعتم | تبايعتم ولا | ولا يضار | يضار كاتب | كاتب ولا | ولا شهيد | شهيد وان | وان تفعلوا | تفعلوا فانه | فانه فسوق | فسوق بكم | بكم واتقوا | الله ويعلمكم | ويعلمكم الله | امنوا اذا تداينتم | اذا تداينتم بدين | تداينتم بدين اليا | بدين اليا اجل | اجل مسمي فاكتبوه | مسمي فاكتبوه وليكتب | فاكتبوه وليكتب بينكم | وليكتب بينكم كاتب | بينكم كاتب بالعدل | كاتب بالعدل ولا | بالعدل ولا ياب | ولا ياب كاتب | ياب كاتب ان | كاتب ان يكتب | ان يكتب كما | يكتب كما علمه | كما علمه الله | علمه الله فليكتب | الله فليكتب وليملل | فليكتب وليملل الذي | وليملل الذي عليه | الذي عليه الحق | عليه الحق وليتق | الحق وليتق الله | ربه ولا يبخس | ولا يبخس منه | يبخس منه شيا | منه شيا فان | شيا فان كان | فان كان الذي | كان الذي عليه | الذي عليه الحق | عليه الحق سفيها | الحق سفيها او | سفيها او ضعيفا | او ضعيفا او | ضعيفا او لا | او لا يستطيع | لا يستطيع ان | يستطيع ان يمل | ان يمل هو | يمل هو فليملل | هو فليملل وليه | فليملل وليه بالعدل | وليه بالعدل واستشهدوا | بالعدل واستشهدوا شهيدين | واستشهدوا شهيدين من | شهيدين من رجالكم | من رجالكم فان | رجالكم فان لم | فان لم يكونا | لم يكونا رجلين | يكونا رجلين فرجل | رجلين فرجل وامراتان | فرجل وامراتان ممن | وامراتان ممن ترضون | ممن ترضون من | ترضون من الشهدا | من الشهدا ان | الشهدا ان تضل | ان تضل احدياهما | تضل احدياهما فتذكر | احدياهما فتذكر احدياهما | فتذكر احدياهما الاخريا | احدياهما الاخريا ولا | الاخريا ولا ياب | ولا ياب الشهدا | ياب الشهدا اذا | الشهدا اذا ما | اذا ما دعوا | ما دعوا ولا | دعوا ولا تسموا | ولا تسموا ان | تسموا ان تكتبوه | ان تكتبوه صغيرا | تكتبوه صغيرا او | صغيرا او كبيرا | او كبيرا اليا | كبيرا اليا اجله | اليا اجله ذالكم | اجله ذالكم اقسط | ذالكم اقسط عند | عند الله واقوم | الله واقوم للشهاده | واقوم للشهاده وادنيا | للشهاده وادنيا الا | وادنيا الا ترتابوا | الا ترتابوا الا | ترتابوا الا ان | تكون تجاره حاضره | تجاره حاضره تديرونها | حاضره تديرونها بينكم | تديرونها بينكم فليس | بينكم فليس عليكم | عليكم جناح الا | جناح الا تكتبوها | الا تكتبوها واشهدوا | تكتبوها واشهدوا اذا | واشهدوا اذا تبايعتم | اذا تبايعتم ولا | تبايعتم ولا يضار | ولا يضار كاتب | يضار كاتب ولا | كاتب ولا شهيد | ولا شهيد وان | شهيد وان تفعلوا | وان تفعلوا فانه | تفعلوا فانه فسوق | فانه فسوق بكم | فسوق بكم واتقوا | بكم واتقوا الله | واتقوا الله ويعلمكم | الله ويعلمكم الله | ويعلمكم الله والله | الله والله بكل
quotes 2:282: «تداينتم» in 8 segment(s): BURHAN:v1p253#2, BURHAN:v1p481, BURHAN:v2p397, BURHAN:v2p398, BURHAN:v4p24, FARRA:v1p489, JISHUMI:v2p1070#2, JISHUMI:v2p1074
quotes 2:282: «بدين» in 18 segment(s): BAGHAWI-FULL:v1p33, BINTSHATI-IJAZ:p46, BURHAN:v1p159, BURHAN:v1p481, BURHAN:v2p397, BURHAN:v2p398, BURHAN:v4p24, FARRA:v1p489, IBNJAWZI-NUZHA:v1p295, ITQAN:v2p539, ITQAN:v4p380, JISHUMI:v1p524 …
quotes 2:282: «فاكتبوه» in 13 segment(s): ALUSI-FULL:v1p21#2, BURHAN:v1p217, BURHAN:v1p235, BURHAN:v1p481, BURHAN:v2p397, BURHAN:v4p24, IBNASHUR-FULL:v1p56, IBNATIYYA-FULL:v1p47, IBNKATHIR-FULL:v1p27#2, ITQAN:v1p163, JISHUMI:v2p1070#2, JISHUMI:v2p1075 …
quotes 2:282: «وليكتب» in 3 segment(s): IBNKATHIR-FULL:v1p32, JISHUMI:v2p1070#2, JISHUMI:v2p1075
quotes 2:282: «كاتب» in 35 segment(s): BAQILLANI:v1p120, BAQILLANI:v1p284, BAQILLANI:v1p286, BINTSHATI-IJAZ:p32, BINTSHATI-IJAZ:p33, BURHAN:v2p206, BURHAN:v3p392, DAMGHANI:v1p359, ELMALILI:v1p89, IBNJAWZI-NUZHA:v1p377, IBNKATHIR-FULL:v1p32, IBNQUTAYBA-MUSHKIL:v1p39 …
quotes 2:282: «كاتب» in 35 segment(s): BAQILLANI:v1p120, BAQILLANI:v1p284, BAQILLANI:v1p286, BINTSHATI-IJAZ:p32, BINTSHATI-IJAZ:p33, BURHAN:v2p206, BURHAN:v3p392, DAMGHANI:v1p359, ELMALILI:v1p89, IBNJAWZI-NUZHA:v1p377, IBNKATHIR-FULL:v1p32, IBNQUTAYBA-MUSHKIL:v1p39 …
quotes 2:282: «فليكتب» in 5 segment(s): BINTSHATI-IJAZ:p548, ITQAN:v4p437, JISHUMI:v2p1070#2, JISHUMI:v2p1075, JISHUMI:v2p1078
quotes 2:282: «وليملل» in 6 segment(s): BINTSHATI-IJAZ:p548, DAMGHANI:v1p139, IBNJAWZI-NUZHA:v1p267, ITQAN:v2p391#5, JISHUMI:v2p1070#2, JISHUMI:v2p1075
quotes 2:282: «يبخس» in 5 segment(s): BINTSHATI-IJAZ:p360, JISHUMI:v1p666, JISHUMI:v2p1070#2, JISHUMI:v2p1075, MAJAZ:v2p402#2
quotes 2:282: «سفيها» in 5 segment(s): DAMGHANI:v1p139, IBNJAWZI-NUZHA:v1p267, JISHUMI:v2p1070#2, JISHUMI:v2p1075, JISHUMI:v2p1078
quotes 2:282: «فليملل» in 7 segment(s): BINTSHATI-IJAZ:p459, BURHAN:v1p284, JISHUMI:v2p1070#2, JISHUMI:v2p1071, JISHUMI:v2p1073, JISHUMI:v2p1075, JISHUMI:v2p1078
quotes 2:282: «وليه» in 15 segment(s): BAQILLANI:v1p135, BINTSHATI-IJAZ:p459, BURHAN:v1p284, DAMGHANI:v1p496, IBNQUTAYBA-MUSHKIL:v1p152, IBNQUTAYBA-MUSHKIL:v1p160, IBNQUTAYBA-MUSHKIL:v1p232, IBNQUTAYBA-MUSHKIL:v1p253, JISHUMI:v1p763, JISHUMI:v2p1070#2, JISHUMI:v2p1075, JISHUMI:v2p1078 …
quotes 2:282: «واستشهدوا» in 9 segment(s): BURHAN:v2p438, IBNJAWZI-NUZHA:v1p377, IBNQUTAYBA-MUSHKIL:v1p36, IBNQUTAYBA-MUSHKIL:v1p221, JISHUMI:v1p462, JISHUMI:v2p1070#2, JISHUMI:v2p1075, JISHUMI:v2p1077, JISHUMI:v2p1079
quotes 2:282: «شهيدين» in 8 segment(s): BURHAN:v2p438, BURHAN:v2p439, DAMGHANI:v1p266, IBNJAWZI-NUZHA:v1p377, IBNQUTAYBA-MUSHKIL:v1p221, JISHUMI:v2p1070#2, JISHUMI:v2p1075, JISHUMI:v2p1077
NOTE quotes 2:282: window «يكونا» in 42 segments, too common alone; the longer windows that contain it are used instead
quotes 2:282: «فرجل» in 10 segment(s): BURHAN:v2p22, DAMGHANI:v1p431, IBNJAWZI-NUZHA:v1p571, IBNQUTAYBA-MUSHKIL:v1p221, JISHUMI:v2p1070#2, JISHUMI:v2p1071, JISHUMI:v2p1075, SIBAWAYH:شبهوهبمايشبهمنالأسماءبالمصادرنحوقولكفاهms167إلىفىوليسبالفاعل#190, SIBAWAYH:(هذابابمايكسرمماكسرللجمعومالايكسرمنأبنيةالجمعإذاجعلته#590, SIBAWAYH:(هذابابالتضعيف)#800
quotes 2:282: «وامراتان» in 7 segment(s): BURHAN:v2p22, DAMGHANI:v1p431, IBNJAWZI-NUZHA:v1p571, IBNQUTAYBA-MUSHKIL:v1p221, JISHUMI:v2p1070#2, JISHUMI:v2p1071, JISHUMI:v2p1075
quotes 2:282: «ترضون» in 8 segment(s): BURHAN:v1p313, DAMGHANI:v1p431, IBNQUTAYBA-MUSHKIL:v1p221, JISHUMI:v1p492, JISHUMI:v1p544, JISHUMI:v2p1038, JISHUMI:v2p1070#2, JISHUMI:v2p1075
quotes 2:282: «الشهدا» in 22 segment(s): BURHAN:v2p10, BURHAN:v4p239, DAMGHANI:v1p266, DAMGHANI:v1p431, IBNQUTAYBA-MUSHKIL:v1p53#2, IBNQUTAYBA-MUSHKIL:v1p77, IBNQUTAYBA-MUSHKIL:v1p221, ITQAN:v1p102, ITQAN:v3p35, ITQAN:v4p527, JISHUMI:v1p656, JISHUMI:v1p657 …
quotes 2:282: «فتذكر» in 26 segment(s): BAQILLANI:v1p256, BURHAN:v1p332, BURHAN:v2p257, BURHAN:v2p495, BURHAN:v3p96, BURHAN:v4p95, BURHAN:v4p227, BURHAN:v4p297, IBNJAWZI-NUZHA:v1p408, IBNKATHIR-FULL:v1p10, IBNQUTAYBA-GHARIB:v1p5, IBNQUTAYBA-MUSHKIL:v1p254 …
quotes 2:282: «الشهدا» in 22 segment(s): BURHAN:v2p10, BURHAN:v4p239, DAMGHANI:v1p266, DAMGHANI:v1p431, IBNQUTAYBA-MUSHKIL:v1p53#2, IBNQUTAYBA-MUSHKIL:v1p77, IBNQUTAYBA-MUSHKIL:v1p221, ITQAN:v1p102, ITQAN:v3p35, ITQAN:v4p527, JISHUMI:v1p656, JISHUMI:v1p657 …
quotes 2:282: «تسموا» in 1 segment(s): BAQILLANI:v1p58
quotes 2:282: «تكتبوه» in 8 segment(s): BINTSHATI-IJAZ:p448, BURHAN:v2p398, DAMGHANI:v1p396, IBNJAWZI-NUZHA:v1p519, JISHUMI:v2p1070#2, JISHUMI:v2p1073, JISHUMI:v2p1074, JISHUMI:v2p1077
quotes 2:282: «للشهاده» in 6 segment(s): BINTSHATI-IJAZ:p448, BURHAN:v4p169, DAMGHANI:v1p175, JISHUMI:v1p625, JISHUMI:v2p1070#2, JISHUMI:v2p1077
quotes 2:282: «وادنيا» in 0 segment(s): 
quotes 2:282: «ترتابوا» in 8 segment(s): BINTSHATI-IJAZ:p448, BURHAN:v4p169, DAMGHANI:v1p175, IBNJAWZI-NUZHA:v1p119, JISHUMI:v2p1070#2, JISHUMI:v2p1073, JISHUMI:v2p1077, JISHUMI:v2p1080
quotes 2:282: «تديرونها» in 4 segment(s): DAMGHANI:v1p134, JISHUMI:v2p1070#2, JISHUMI:v2p1071, SAMARRAI-LAMASAT-HALAQAT:p859
quotes 2:282: «تكتبوها» in 3 segment(s): JISHUMI:v2p1070#2, JISHUMI:v2p1077, SAMARRAI-LAMASAT-HALAQAT:p859
quotes 2:282: «تبايعتم» in 5 segment(s): IBNJAWZI-NUZHA:v1p194, ITQAN:v3p82, ITQAN:v3p218#2, JISHUMI:v2p1070#2, JISHUMI:v2p1077
quotes 2:282: «يضار» in 18 segment(s): BURHAN:v2p206, BURHAN:v3p124, DAMGHANI:v1p359, IBNJAWZI-NUZHA:v1p377, ITQAN:v1p130, ITQAN:v3p84, JISHUMI:v2p936, JISHUMI:v2p937, JISHUMI:v2p1070#2, JISHUMI:v2p1071, JISHUMI:v2p1073, JISHUMI:v2p1075 …
quotes 2:282: «كاتب» in 35 segment(s): BAQILLANI:v1p120, BAQILLANI:v1p284, BAQILLANI:v1p286, BINTSHATI-IJAZ:p32, BINTSHATI-IJAZ:p33, BURHAN:v2p206, BURHAN:v3p392, DAMGHANI:v1p359, ELMALILI:v1p89, IBNJAWZI-NUZHA:v1p377, IBNKATHIR-FULL:v1p32, IBNQUTAYBA-MUSHKIL:v1p39 …
quotes 2:282: «بالعدل ولا» in 2 segment(s): JISHUMI:v2p1070#2, SAMARRAI-LAMASAT-HALAQAT:p617
quotes 2:282: «ولا ياب» in 5 segment(s): ITQAN:v1p231, JISHUMI:v2p1070#2, JISHUMI:v2p1075, NASHR:v1p237, NASHR:v1p387
quotes 2:282: «ان يكتب» in 13 segment(s): BAQILLANI:v1p291, IBNASHUR-FULL:v1p73, IBNKATHIR-FULL:v1p23, IBNKATHIR-FULL:v1p32, ITQAN:v1p165, ITQAN:v1p209#2, ITQAN:v1p231, ITQAN:v4p453, JISHUMI:v1p867#2, JISHUMI:v2p1070#2, JISHUMI:v2p1075, NASHR:v1p237 …
quotes 2:282: «يكتب كما» in 2 segment(s): JISHUMI:v2p1070#2, JISHUMI:v2p1075
quotes 2:282: «كما علمه» in 4 segment(s): ITQAN:v1p231, JISHUMI:v2p1070#2, JISHUMI:v2p1075, NASHR:v1p237
quotes 2:282: «علمه الله» in 8 segment(s): BINTSHATI-IJAZ:p303, BURHAN:v1p449, IBNKATHIR-FULL:v1p65#2, ITQAN:v1p231, JISHUMI:v1p565, JISHUMI:v2p1070#2, JISHUMI:v2p1075, NASHR:v1p237
NOTE quotes 2:282: window «الذي عليه» in 47 segments, too common alone; the longer windows that contain it are used instead
quotes 2:282: «عليه الحق» in 8 segment(s): DAMGHANI:v1p139, IBNJAWZI-NUZHA:v1p267, IBNQUTAYBA-MUSHKIL:v1p208, JISHUMI:v1p736, JISHUMI:v2p1066, JISHUMI:v2p1070#2, JISHUMI:v2p1075, JISHUMI:v2p1078
quotes 2:282: «الحق وليتق» in 1 segment(s): JISHUMI:v2p1070#2
quotes 2:282: «شيا فان» in 0 segment(s): 
quotes 2:282: «كان الذي» in 38 segment(s): BAQILLANI:v1p58, BINTSHATI-IJAZ:p129, BINTSHATI-IJAZ:p255, BURHAN:v3p143, DAMGHANI:v1p139, GHARNATI:v1p179, IBNASHUR-FULL:v1p70, IBNASHUR-FULL:v1p99, IBNASHUR-FULL:v1p128, IBNJAWZI-NUZHA:v1p267, IBNKATHIR-FULL:v1p19, IBNKATHIR-FULL:v1p45 …
NOTE quotes 2:282: window «الذي عليه» in 47 segments, too common alone; the longer windows that contain it are used instead
quotes 2:282: «عليه الحق» in 8 segment(s): DAMGHANI:v1p139, IBNJAWZI-NUZHA:v1p267, IBNQUTAYBA-MUSHKIL:v1p208, JISHUMI:v1p736, JISHUMI:v2p1066, JISHUMI:v2p1070#2, JISHUMI:v2p1075, JISHUMI:v2p1078
quotes 2:282: «او ضعيفا» in 5 segment(s): DAMGHANI:v1p139, IBNJAWZI-NUZHA:v1p267, JISHUMI:v2p1070#2, JISHUMI:v2p1075, NASHR:v1p216
quotes 2:282: «ضعيفا او» in 2 segment(s): IBNJAWZI-NUZHA:v1p267, JISHUMI:v2p1070#2
quotes 2:282: «لا يستطيع» in 29 segment(s): BINTSHATI-IJAZ:p89, BINTSHATI-IJAZ:p195, BINTSHATI-IJAZ:p197, IBNASHUR-FULL:v1p115, IBNJAWZI-NUZHA:v1p267, IBNQUTAYBA-MUSHKIL:v1p204#2, JISHUMI:v2p1053, JISHUMI:v2p1070#2, JISHUMI:v2p1075, JISHUMI:v2p1078, JURJANI-DALAIL:v1p64, JURJANI-DALAIL:v1p99 …
quotes 2:282: «يستطيع ان» in 24 segment(s): IBNJAWZI-NUZHA:v1p267, IBNQUTAYBA-MUSHKIL:v1p212, ITQAN:v4p413#5, JISHUMI:v2p1070#2, JISHUMI:v2p1075, JURJANI-DALAIL:v1p76, JURJANI-DALAIL:v1p102, JURJANI-DALAIL:v1p297, JURJANI-DALAIL:v1p310, JURJANI-DALAIL:v1p311, JURJANI-DALAIL:v1p329, RIFAI-KHULI:c2 …
quotes 2:282: «ان يمل» in 4 segment(s): IBNJAWZI-NUZHA:v1p267, JISHUMI:v2p1070#2, JISHUMI:v2p1075, JISHUMI:v2p1078
quotes 2:282: «يمل هو» in 5 segment(s): JISHUMI:v2p1070#2, JISHUMI:v2p1075, NASHR:v2p135, NASHR:v2p208, NASHR:v2p235#2
quotes 2:282: «رجالكم فان» in 2 segment(s): IBNQUTAYBA-MUSHKIL:v1p221, JISHUMI:v2p1070#2
quotes 2:282: «لم يكونا» in 16 segment(s): BURHAN:v2p22, BURHAN:v2p438, BURHAN:v2p439, BURHAN:v4p390, DAMGHANI:v1p431, IBNQUTAYBA-MUSHKIL:v1p221, ITQAN:v3p187, JISHUMI:v2p1070#2, JISHUMI:v2p1075, JURJANI-DALAIL:v1p18, NASHR:v2p235, SIBAWAYH:وإنماذكرليبينلكوجهنصبهكماذكرمعنىسبحاناللهPageV01P352|#149 …
quotes 2:282: «يكونا رجلين» in 7 segment(s): BURHAN:v2p22, BURHAN:v2p438, DAMGHANI:v1p431, IBNQUTAYBA-MUSHKIL:v1p221, ITQAN:v3p187, JISHUMI:v2p1070#2, JISHUMI:v2p1075
quotes 2:282: «ان تضل» in 20 segment(s): BURHAN:v1p332, BURHAN:v2p257, BURHAN:v2p495, BURHAN:v3p96, BURHAN:v4p95, BURHAN:v4p227, BURHAN:v4p297, DAMGHANI:v1p293, IBNJAWZI-NUZHA:v1p408, IBNQUTAYBA-GHARIB:v1p5, IBNQUTAYBA-MUSHKIL:v1p254, ITQAN:v2p453#2 …
quotes 2:282: «تضل احدياهما» in 0 segment(s): 
quotes 2:282: «احدياهما الاخريا» in 0 segment(s): 
quotes 2:282: «الاخريا ولا» in 0 segment(s): 
quotes 2:282: «ولا ياب» in 5 segment(s): ITQAN:v1p231, JISHUMI:v2p1070#2, JISHUMI:v2p1075, NASHR:v1p237, NASHR:v1p387
quotes 2:282: «ما دعوا» in 4 segment(s): ITQAN:v4p449, JISHUMI:v1p482, JISHUMI:v2p1070#2, JISHUMI:v2p1075
quotes 2:282: «دعوا ولا» in 1 segment(s): JISHUMI:v2p1070#2
quotes 2:282: «صغيرا او» in 5 segment(s): BINTSHATI-IJAZ:p448, BURHAN:v2p398, DAMGHANI:v1p396, IBNJAWZI-NUZHA:v1p519, JISHUMI:v2p1070#2
quotes 2:282: «او كبيرا» in 7 segment(s): BINTSHATI-IJAZ:p448, BURHAN:v2p398, DAMGHANI:v1p396, IBNJAWZI-NUZHA:v1p519, JISHUMI:v2p1070#2, JISHUMI:v2p1074, JISHUMI:v2p1077
quotes 2:282: «كبيرا اليا» in 0 segment(s): 
quotes 2:282: «اليا اجله» in 0 segment(s): 
quotes 2:282: «اجله ذالكم» in 0 segment(s): 
quotes 2:282: «ذالكم اقسط» in 0 segment(s): 
quotes 2:282: «الله واقوم» in 3 segment(s): BINTSHATI-IJAZ:p448, BURHAN:v4p169, JISHUMI:v2p1070#2
quotes 2:282: «تجاره حاضره» in 6 segment(s): DAMGHANI:v1p134, IBNJAWZI-NUZHA:v1p263, JISHUMI:v2p1070#2, JISHUMI:v2p1077, NASHR:v2p236, SAMARRAI-LAMASAT-HALAQAT:p859
quotes 2:282: «بينكم فليس» in 2 segment(s): JISHUMI:v2p1070#2, SAMARRAI-LAMASAT-HALAQAT:p859
quotes 2:282: «جناح الا» in 2 segment(s): JISHUMI:v2p1070#2, SAMARRAI-LAMASAT-HALAQAT:p859
quotes 2:282: «واشهدوا اذا» in 5 segment(s): IBNJAWZI-NUZHA:v1p194, ITQAN:v3p82, ITQAN:v3p218#2, JISHUMI:v2p1070#2, JISHUMI:v2p1077
quotes 2:282: «ولا شهيد» in 10 segment(s): BURHAN:v2p206, DAMGHANI:v1p359, IBNJAWZI-NUZHA:v1p377, ITQAN:v3p84, JISHUMI:v2p1070#2, JISHUMI:v2p1075, JISHUMI:v2p1077, NASHR:v2p227, SAMARRAI-ASRAR-MUH:p111, SAMARRAI-LAMASAT-HALAQAT:p560
quotes 2:282: «شهيد وان» in 2 segment(s): DAMGHANI:v1p359, JISHUMI:v2p1070#2
quotes 2:282: «وان تفعلوا» in 2 segment(s): JISHUMI:v2p1070#2, JISHUMI:v2p1077
quotes 2:282: «تفعلوا فانه» in 2 segment(s): DAMGHANI:v1p359, JISHUMI:v2p1070#2
quotes 2:282: «فانه فسوق» in 3 segment(s): DAMGHANI:v1p359, JISHUMI:v2p1070#2, JISHUMI:v2p1077
quotes 2:282: «فسوق بكم» in 3 segment(s): DAMGHANI:v1p359, JISHUMI:v2p1070#2, JISHUMI:v2p1077
quotes 2:282: «بكم واتقوا» in 1 segment(s): JISHUMI:v2p1070#2
quotes 2:282: «الله ويعلمكم» in 7 segment(s): BURHAN:v2p484, BURHAN:v2p490, BURHAN:v2p501, BURHAN:v4p142, ITQAN:v2p523#4, ITQAN:v3p194, JISHUMI:v2p1070#2
quotes 2:282: «ويعلمكم الله» in 8 segment(s): BURHAN:v2p484, BURHAN:v2p490, BURHAN:v2p501, BURHAN:v4p142, ITQAN:v2p523#4, ITQAN:v3p194, JISHUMI:v2p1070#2, JISHUMI:v2p1077
quotes 2:282: «الله والله بكل» in 4 segment(s): BURHAN:v2p484, BURHAN:v2p490, ITQAN:v3p194, JISHUMI:v2p1070#2
quotes 2:283: 55 unique window(s): كاتبا | فرهان | مقبوضه | فليود | اوتمن | امانته | تكتموا | يكتمها | كنتم عليا | سفر ولم | ولم تجدوا | تجدوا كاتبا | كاتبا فرهان | فرهان مقبوضه | مقبوضه فان | فان امن | امن بعضكم | بعضا فليود | فليود الذي | الذي اوتمن | اوتمن امانته | امانته وليتق | ولا تكتموا | تكتموا الشهاده | الشهاده ومن | ومن يكتمها | يكتمها فانه | فانه اثم | اثم قلبه | وان كنتم عليا | كنتم عليا سفر | عليا سفر ولم | سفر ولم تجدوا | ولم تجدوا كاتبا | تجدوا كاتبا فرهان | كاتبا فرهان مقبوضه | فرهان مقبوضه فان | مقبوضه فان امن | فان امن بعضكم | امن بعضكم بعضا | بعضكم بعضا فليود | بعضا فليود الذي | فليود الذي اوتمن | الذي اوتمن امانته | اوتمن امانته وليتق | امانته وليتق الله | ربه ولا تكتموا | ولا تكتموا الشهاده | تكتموا الشهاده ومن | الشهاده ومن يكتمها | ومن يكتمها فانه | يكتمها فانه اثم | فانه اثم قلبه | اثم قلبه والله | قلبه والله بما
quotes 2:283: «كاتبا» in 10 segment(s): BURHAN:v1p231, BURHAN:v2p22, BURHAN:v2p118, BURHAN:v3p38, BURHAN:v3p392, BURHAN:v4p220, ITQAN:v1p121, ITQAN:v2p451#3, JISHUMI:v2p1081, JISHUMI:v2p1082
quotes 2:283: «فرهان» in 9 segment(s): BURHAN:v2p22, BURHAN:v3p38, BURHAN:v4p220, FARRA:v1p489, ITQAN:v2p451#3, JISHUMI:v2p1081, JISHUMI:v2p1082, JURJANI-ASRAR:v1p125, NASHR:v2p236
quotes 2:283: «مقبوضه» in 9 segment(s): BURHAN:v1p410, BURHAN:v2p22, BURHAN:v3p38, BURHAN:v4p220, FARRA:v1p489, JISHUMI:v2p1081, JISHUMI:v2p1082, JURJANI-ASRAR:v1p133, NASHR:v2p83
quotes 2:283: «فليود» in 3 segment(s): JISHUMI:v2p1081, JISHUMI:v2p1082, JISHUMI:v2p1083
quotes 2:283: «اوتمن» in 7 segment(s): JISHUMI:v2p1081, NASHR:v1p342#2, NASHR:v1p351, NASHR:v1p429, NASHR:v1p472, NASHR:v2p236, SAMARRAI-LAMASAT:p149
quotes 2:283: «امانته» in 7 segment(s): BINTSHATI-IJAZ:p60, IBNJINNI-MUHTASAB:v1p15#6, IBNJINNI-MUHTASAB:v1p34, JISHUMI:v2p1081, JISHUMI:v2p1082, JISHUMI:v2p1083, NASHR:v1p381
quotes 2:283: «تكتموا» in 6 segment(s): BURHAN:v4p144, IBNJAWZI-NUZHA:v1p235#2, JISHUMI:v1p464, JISHUMI:v2p1081, JISHUMI:v2p1082, SAMARRAI-ASRAR:r5#10
quotes 2:283: «يكتمها» in 4 segment(s): BINTSHATI-IJAZ:p62, JISHUMI:v2p1081, JISHUMI:v2p1083, SAMARRAI-ASRAR:r5#10
quotes 2:283: «كنتم عليا» in 0 segment(s): 
quotes 2:283: «سفر ولم» in 6 segment(s): BURHAN:v2p22, BURHAN:v3p38, BURHAN:v4p220, ITQAN:v2p451#3, JISHUMI:v2p1081, JISHUMI:v2p1082
quotes 2:283: «ولم تجدوا» in 6 segment(s): BURHAN:v2p22, BURHAN:v3p38, BURHAN:v4p220, ITQAN:v2p451#3, JISHUMI:v2p1081, JISHUMI:v2p1082
quotes 2:283: «فان امن» in 4 segment(s): JISHUMI:v2p1075, JISHUMI:v2p1081, JISHUMI:v2p1082, JISHUMI:v2p1083
quotes 2:283: «امن بعضكم» in 4 segment(s): JISHUMI:v2p1075, JISHUMI:v2p1081, JISHUMI:v2p1082, JISHUMI:v2p1083
quotes 2:283: «الشهاده ومن» in 2 segment(s): JISHUMI:v2p1081, SAMARRAI-ASRAR:r5#10
quotes 2:283: «فانه اثم» in 4 segment(s): BURHAN:v2p264, JISHUMI:v2p1081, JISHUMI:v2p1083, SAMARRAI-ASRAR:r5#10
quotes 2:283: «اثم قلبه» in 4 segment(s): BURHAN:v2p264, JISHUMI:v2p1081, JISHUMI:v2p1083, SAMARRAI-ASRAR:r5#10
quotes 2:283: «قلبه والله بما» in 1 segment(s): JISHUMI:v2p1081
quotes 3:200: 12 unique window(s): اصبروا | وصابروا | ورابطوا | امنوا اصبروا | اصبروا وصابروا | وصابروا ورابطوا | ورابطوا واتقوا | الذين امنوا اصبروا | امنوا اصبروا وصابروا | اصبروا وصابروا ورابطوا | وصابروا ورابطوا واتقوا | ورابطوا واتقوا الله
quotes 3:200: «اصبروا» in 7 segment(s): BURHAN:v3p171, DAMGHANI:v1p271, FARRA:v1p493, ITQAN:v3p214, SAMARRAI-LAMASAT-HALAQAT:p712, SAMARRAI-LAMASAT-HALAQAT:p847, SIBAWAYH:هذابابالإدغامفيحروفطرفاللسانوالثنايا#809
quotes 3:200: «وصابروا» in 2 segment(s): BURHAN:v3p171, FARRA:v1p493
quotes 3:200: «ورابطوا» in 0 segment(s): 
quotes 4:6: 74 unique window(s): وابتلوا | انستم | فادفعوا | تاكلوها | اسرافا | وبدارا | يكبروا | فليستعفف | فلياكل | دفعتم | وابتلوا اليتاميا | اليتاميا حتيا | اذا بلغوا | بلغوا النكاح | النكاح فان | فان انستم | انستم منهم | منهم رشدا | رشدا فادفعوا | فادفعوا اليهم | اليهم اموالهم | ولا تاكلوها | تاكلوها اسرافا | اسرافا وبدارا | وبدارا ان | ان يكبروا | يكبروا ومن | كان غنيا | غنيا فليستعفف | فليستعفف ومن | كان فقيرا | فقيرا فلياكل | فلياكل بالمعروف | بالمعروف فاذا | فاذا دفعتم | دفعتم اليهم | اليهم اموالهم | اموالهم فاشهدوا | فاشهدوا عليهم | عليهم وكفيا | وابتلوا اليتاميا حتيا | اليتاميا حتيا اذا | حتيا اذا بلغوا | اذا بلغوا النكاح | بلغوا النكاح فان | النكاح فان انستم | فان انستم منهم | انستم منهم رشدا | منهم رشدا فادفعوا | رشدا فادفعوا اليهم | فادفعوا اليهم اموالهم | اليهم اموالهم ولا | اموالهم ولا تاكلوها | ولا تاكلوها اسرافا | تاكلوها اسرافا وبدارا | اسرافا وبدارا ان | وبدارا ان يكبروا | ان يكبروا ومن | يكبروا ومن كان | ومن كان غنيا | كان غنيا فليستعفف | غنيا فليستعفف ومن | فليستعفف ومن كان | ومن كان فقيرا | كان فقيرا فلياكل | فقيرا فلياكل بالمعروف | فلياكل بالمعروف فاذا | بالمعروف فاذا دفعتم | فاذا دفعتم اليهم | دفعتم اليهم اموالهم | اليهم اموالهم فاشهدوا | اموالهم فاشهدوا عليهم | فاشهدوا عليهم وكفيا | عليهم وكفيا بالله
quotes 4:6: «وابتلوا» in 5 segment(s): BINTSHATI-IJAZ:p218, DAMGHANI:v1p462, IBNJAWZI-NUZHA:v1p590, IBNQUTAYBA-MUSHKIL:v1p258#2, ITQAN:v2p307#2
quotes 4:6: «انستم» in 6 segment(s): BINTSHATI-IJAZ:p218, DAMGHANI:v1p204, FARRA:v1p493, IBNQUTAYBA-MUSHKIL:v1p258#2, ITQAN:v2p307#2, NASHR:v2p311
quotes 4:6: «فادفعوا» in 1 segment(s): BINTSHATI-IJAZ:p218
quotes 4:6: «تاكلوها» in 3 segment(s): DAMGHANI:v1p235, IBNJAWZI-NUZHA:v1p363, JISHUMI:v1p781
quotes 4:6: «اسرافا» in 4 segment(s): DAMGHANI:v1p235, IBNJAWZI-NUZHA:v1p363, MAJAZ:v2p419, NASHR:v1p327
quotes 4:6: «وبدارا» in 2 segment(s): IBNJAWZI-NUZHA:v1p363, NASHR:v2p91
quotes 4:6: «يكبروا» in 2 segment(s): BURHAN:v1p472#2, SAMARRAI-LAMASAT:p146
quotes 4:6: «فليستعفف» in 1 segment(s): DAMGHANI:v1p322
quotes 4:6: «فلياكل» in 3 segment(s): DAMGHANI:v1p322, IBNJAWZI-NUZHA:v1p574, MAJAZ:v2p399
quotes 4:6: «دفعتم» in 2 segment(s): ITQAN:v3p82, JISHUMI:v1p821
quotes 4:6: «اليتاميا حتيا» in 0 segment(s): 
quotes 4:6: «اذا بلغوا» in 9 segment(s): BINTSHATI-IJAZ:p218, BURHAN:v1p108, BURHAN:v1p450, BURHAN:v4p438, DAMGHANI:v1p462, IBNJAWZI-NUZHA:v1p590, IBNQUTAYBA-MUSHKIL:v1p258#2, ITQAN:v2p418, NASHR:v2p416
quotes 4:6: «بلغوا النكاح» in 6 segment(s): BINTSHATI-IJAZ:p218, BURHAN:v1p108, DAMGHANI:v1p462, IBNJAWZI-NUZHA:v1p590, IBNQUTAYBA-MUSHKIL:v1p258#2, ITQAN:v2p418
quotes 4:6: «النكاح فان» in 2 segment(s): BINTSHATI-IJAZ:p218, IBNQUTAYBA-MUSHKIL:v1p258#2
quotes 4:6: «منهم رشدا» in 5 segment(s): BINTSHATI-IJAZ:p218, DAMGHANI:v1p204, FARRA:v1p493, IBNQUTAYBA-MUSHKIL:v1p258#2, NASHR:v2p311
quotes 4:6: «اليهم اموالهم» in 2 segment(s): BINTSHATI-IJAZ:p218, ITQAN:v3p82
quotes 4:6: «كان غنيا» in 3 segment(s): DAMGHANI:v1p322, RAZI-FULL:v1p55, SAMARRAI-LAMASAT-HALAQAT:p97
quotes 4:6: «كان فقيرا» in 2 segment(s): DAMGHANI:v1p322, IBNJAWZI-NUZHA:v1p574
quotes 4:6: «بالمعروف فاذا» in 1 segment(s): SAMARRAI-LAMASAT-HALAQAT:p858
quotes 4:6: «اليهم اموالهم» in 2 segment(s): BINTSHATI-IJAZ:p218, ITQAN:v3p82
quotes 4:6: «اموالهم فاشهدوا» in 1 segment(s): ITQAN:v3p82
quotes 4:6: «فاشهدوا عليهم» in 1 segment(s): ITQAN:v3p82
quotes 4:6: «عليهم وكفيا» in 0 segment(s): 
quotes 6:31: 28 unique window(s): ياحسرتنا | جاتهم الساعه | بغته قالوا | قالوا ياحسرتنا | ياحسرتنا عليا | فرطنا فيها | وهم يحملون | يحملون اوزارهم | اوزارهم عليا | عليا ظهورهم | ظهورهم الا | بلقا الله حتيا | الله حتيا اذا | اذا جاتهم الساعه | جاتهم الساعه بغته | الساعه بغته قالوا | بغته قالوا ياحسرتنا | قالوا ياحسرتنا عليا | ياحسرتنا عليا ما | عليا ما فرطنا | ما فرطنا فيها | فرطنا فيها وهم | فيها وهم يحملون | وهم يحملون اوزارهم | يحملون اوزارهم عليا | اوزارهم عليا ظهورهم | عليا ظهورهم الا | ظهورهم الا سا
quotes 6:31: «ياحسرتنا» in 1 segment(s): SAMARRAI-LAMASAT:p103
quotes 6:31: «جاتهم الساعه» in 4 segment(s): SAMARRAI-LAMASAT:p103, SAMARRAI-LAMASAT:p104, SAMARRAI-LAMASAT-HALAQAT:p82, SAMARRAI-LAMASAT-HALAQAT:p83
quotes 6:31: «بغته قالوا» in 2 segment(s): SAMARRAI-LAMASAT:p103, SAMARRAI-LAMASAT-HALAQAT:p82
quotes 6:31: «فرطنا فيها» in 2 segment(s): SAMARRAI-LAMASAT:p103, SAMARRAI-LAMASAT-HALAQAT:p82
quotes 6:31: «وهم يحملون» in 5 segment(s): BURHAN:v1p93, SAMARRAI-LAMASAT:p103, SAMARRAI-LAMASAT:p104, SAMARRAI-LAMASAT-HALAQAT:p82, SAMARRAI-LAMASAT-HALAQAT:p83
quotes 6:31: «يحملون اوزارهم» in 5 segment(s): BURHAN:v1p93, SAMARRAI-LAMASAT:p103, SAMARRAI-LAMASAT:p104, SAMARRAI-LAMASAT-HALAQAT:p82, SAMARRAI-LAMASAT-HALAQAT:p83
quotes 6:31: «اوزارهم عليا» in 0 segment(s): 
quotes 6:31: «عليا ظهورهم» in 0 segment(s): 
quotes 6:31: «ظهورهم الا» in 3 segment(s): BURHAN:v1p93, SAMARRAI-LAMASAT:p103, SAMARRAI-LAMASAT-HALAQAT:p82
quotes 6:31: «بلقا الله حتيا» in 0 segment(s): 
quotes 6:31: «الله حتيا اذا» in 0 segment(s): 
quotes 6:31: «عليا ما فرطنا» in 0 segment(s): 
quotes 6:80: 36 unique window(s): وحاجه | اتحاجوني | هديان | وحاجه قومه | قال اتحاجوني | اتحاجوني في | وقد هديان | هديان ولا | ولا اخاف | تشركون به | يشا ربي | ربي شيا | شيا وسع | وسع ربي | ربي كل | علما افلا | وحاجه قومه قال | قومه قال اتحاجوني | قال اتحاجوني في | اتحاجوني في الله | في الله وقد | الله وقد هديان | وقد هديان ولا | هديان ولا اخاف | ولا اخاف ما | اخاف ما تشركون | ما تشركون به | تشركون به الا | ان يشا ربي | يشا ربي شيا | ربي شيا وسع | شيا وسع ربي | وسع ربي كل | ربي كل شي | شي علما افلا | علما افلا تتذكرون
quotes 6:80: «وحاجه» in 8 segment(s): BURHAN:v3p467, JISHUMI:v1p757, JURJANI-ASRAR:v1p29, NASHR:v1p2, NASHR:v1p218, RIFAI-KHULI:c2, TAB-FULL:v1p3, YKHULI-TAJDID:c1
quotes 6:80: «اتحاجوني» in 6 segment(s): ITQAN:v1p257, ITQAN:v3p162, NASHR:v1p218, NASHR:v1p350, NASHR:v2p259, SIBAWAYH:(هذابابأحوالالحروفالتيقبلالنونالخفيفةوالثقيلة)#641
quotes 6:80: «هديان» in 1 segment(s): SIBAWAYH:(هذابابتثنيةماكانمنالمنقوصعلىثلاثةأحرف)#582
quotes 6:80: «ولا اخاف» in 4 segment(s): BURHAN:v4p406, DAMGHANI:v1p35, IBNJAWZI-NUZHA:v1p123, ITQAN:v2p514#2
quotes 6:80: «تشركون به» in 4 segment(s): BURHAN:v4p406, DAMGHANI:v1p35, IBNJAWZI-NUZHA:v1p123, ITQAN:v2p514#2
quotes 6:80: «يشا ربي» in 6 segment(s): BURHAN:v2p135, BURHAN:v2p395, BURHAN:v4p406, DAMGHANI:v1p35, IBNJAWZI-NUZHA:v1p123, ITQAN:v3p178
quotes 6:80: «ربي شيا» in 0 segment(s): 
quotes 6:80: «شيا وسع» in 0 segment(s): 
quotes 6:80: «وسع ربي» in 0 segment(s): 
quotes 6:80: «ربي كل» in 0 segment(s): 
quotes 6:80: «علما افلا» in 0 segment(s): 
quotes 6:80: «في الله وقد» in 0 segment(s): 
quotes 6:80: «اخاف ما تشركون» in 4 segment(s): BURHAN:v4p406, DAMGHANI:v1p35, IBNJAWZI-NUZHA:v1p123, ITQAN:v2p514#2
quotes 6:81: 32 unique window(s): اشركتم | اشركتم | بالامن | وكيف اخاف | ما اشركتم | اشركتم ولا | ولا تخافون | تخافون انكم | انكم اشركتم | اشركتم بالله | به عليكم | سلطانا فاي | فاي الفريقين | الفريقين احق | احق بالامن | بالامن ان | وكيف اخاف ما | اخاف ما اشركتم | ما اشركتم ولا | اشركتم ولا تخافون | ولا تخافون انكم | تخافون انكم اشركتم | انكم اشركتم بالله | اشركتم بالله ما | ينزل به عليكم | به عليكم سلطانا | عليكم سلطانا فاي | سلطانا فاي الفريقين | فاي الفريقين احق | الفريقين احق بالامن | احق بالامن ان | بالامن ان كنتم
quotes 6:81: «اشركتم» in 0 segment(s): 
quotes 6:81: «اشركتم» in 0 segment(s): 
quotes 6:81: «بالامن» in 6 segment(s): BURHAN:v2p8, BURHAN:v2p281, BURHAN:v2p344, IBNQUTAYBA-MUSHKIL:v1p105, ITQAN:v4p340#2, JISHUMI:v1p586
quotes 6:81: «وكيف اخاف» in 0 segment(s): 
quotes 6:81: «ولا تخافون» in 0 segment(s): 
quotes 6:81: «تخافون انكم» in 0 segment(s): 
quotes 6:81: «به عليكم» in 2 segment(s): DAMGHANI:v1p242, IBNJAWZI-NUZHA:v1p344
quotes 6:81: «سلطانا فاي» in 0 segment(s): 
quotes 6:81: «فاي الفريقين» in 2 segment(s): BURHAN:v2p344, ITQAN:v2p426
quotes 6:81: «الفريقين احق» in 1 segment(s): BURHAN:v2p344
quotes 6:82: 16 unique window(s): يلبسوا | ولم يلبسوا | يلبسوا ايمانهم | ايمانهم بظلم | بظلم اولايك | لهم الامن | الامن وهم | الذين امنوا ولم | امنوا ولم يلبسوا | ولم يلبسوا ايمانهم | يلبسوا ايمانهم بظلم | ايمانهم بظلم اولايك | بظلم اولايك لهم | اولايك لهم الامن | لهم الامن وهم | الامن وهم مهتدون
quotes 6:82: «يلبسوا» in 15 segment(s): BAQILLANI:v1p83, BURHAN:v1p13, BURHAN:v2p131, BURHAN:v2p156, BURHAN:v2p183, BURHAN:v2p344, DAMGHANI:v1p306, DAMGHANI:v1p413, IBNASHUR-FULL:v1p49, IBNJAWZI-NUZHA:v1p426, IBNKATHIR-FULL:v1p27, IBNQUTAYBA-MUSHKIL:v1p258 …
quotes 6:82: «ايمانهم بظلم» in 14 segment(s): BAQILLANI:v1p83, BURHAN:v1p13, BURHAN:v2p131, BURHAN:v2p156, BURHAN:v2p183, BURHAN:v2p344, DAMGHANI:v1p306, DAMGHANI:v1p413, IBNASHUR-FULL:v1p49, IBNJAWZI-NUZHA:v1p426, IBNQUTAYBA-MUSHKIL:v1p258, ITQAN:v1p89#2 …
quotes 6:82: «بظلم اولايك» in 0 segment(s): 
quotes 6:82: «لهم الامن» in 3 segment(s): BAQILLANI:v1p83, BURHAN:v2p131, BURHAN:v3p221
quotes 6:82: «الامن وهم» in 2 segment(s): BAQILLANI:v1p83, BURHAN:v3p221
quotes 6:82: «الذين امنوا ولم» in 26 segment(s): BAQILLANI:v1p83, BUKHARI:32, BUKHARI:3360, BUKHARI:3428, BUKHARI:3429, BUKHARI:4776, BUKHARI:6918, BUKHARI:6937, BURHAN:v2p131, BURHAN:v2p156, BURHAN:v2p183, BURHAN:v2p344 …
quotes 6:151: 40 unique window(s): نرزقكم | واياهم | قل تعالوا | تعالوا اتل | حرم ربكم | ربكم عليكم | الا تشركوا | احسانا ولا | اولادكم من | من املاق | نحن نرزقكم | نرزقكم واياهم | واياهم ولا | تقربوا الفواحش | بطن ولا | بالحق ذالكم | قل تعالوا اتل | تعالوا اتل ما | اتل ما حرم | ما حرم ربكم | حرم ربكم عليكم | ربكم عليكم الا | عليكم الا تشركوا | الا تشركوا به | وبالوالدين احسانا ولا | احسانا ولا تقتلوا | تقتلوا اولادكم من | اولادكم من املاق | من املاق نحن | املاق نحن نرزقكم | نحن نرزقكم واياهم | نرزقكم واياهم ولا | واياهم ولا تقربوا | ولا تقربوا الفواحش | تقربوا الفواحش ما | وما بطن ولا | بطن ولا تقتلوا | الا بالحق ذالكم | بالحق ذالكم وصياكم | به لعلكم تعقلون
quotes 6:151: «نرزقكم» in 12 segment(s): BINTSHATI-IJAZ:p427, BURHAN:v1p112#2, BURHAN:v3p284, ITQAN:v3p307, SAMARRAI-ASRAR:r4#3, SAMARRAI-ASRAR:r10#5, SAMARRAI-ASRAR:r10#6, SAMARRAI-ASRAR-MUH:p42, SAMARRAI-LAMASAT-HALAQAT:p493, SAMARRAI-LAMASAT-HALAQAT:p955, SAMARRAI-LAMASAT-HALAQAT:p956, SAMARRAI-LAMASAT-HALAQAT:p1066
quotes 6:151: «واياهم» in 14 segment(s): BINTSHATI-IJAZ:p427, BURHAN:v1p112#2, BURHAN:v3p284, IBNASHUR-FULL:v1p129, IBNQUTAYBA-MUSHKIL:v1p140, ITQAN:v3p307, SAMARRAI-ASRAR:r4#3, SAMARRAI-ASRAR:r10#5, SAMARRAI-ASRAR:r10#6, SAMARRAI-ASRAR-MUH:p42, SAMARRAI-LAMASAT-HALAQAT:p493, SAMARRAI-LAMASAT-HALAQAT:p955 …
quotes 6:151: «قل تعالوا» in 17 segment(s): BURHAN:v1p198, BURHAN:v1p199, BURHAN:v2p68, BURHAN:v3p79, BURHAN:v4p61, FARRA:v1p500, ITQAN:v1p36, ITQAN:v1p47#2, ITQAN:v1p115, ITQAN:v2p501, ITQAN:v3p6, ITQAN:v3p272 …
quotes 6:151: «تعالوا اتل» in 13 segment(s): BURHAN:v2p68, BURHAN:v3p79, BURHAN:v4p61, ITQAN:v1p36, ITQAN:v1p47#2, ITQAN:v1p115, ITQAN:v2p501, ITQAN:v3p272, NASHR:v1p220, SAMARRAI-ASRAR:r10#5, SAMARRAI-ASRAR:r10#6, SAMARRAI-LAMASAT-HALAQAT:p103 …
quotes 6:151: «حرم ربكم» in 10 segment(s): BURHAN:v2p68, BURHAN:v3p79, BURHAN:v4p61, ITQAN:v1p115, ITQAN:v2p501, ITQAN:v3p272, SAMARRAI-ASRAR:r10#5, SAMARRAI-ASRAR:r10#6, SAMARRAI-LAMASAT-HALAQAT:p103, SAMARRAI-LAMASAT-HALAQAT:p1066
quotes 6:151: «ربكم عليكم» in 10 segment(s): BURHAN:v2p68, BURHAN:v3p79, BURHAN:v4p61, ITQAN:v1p115, ITQAN:v2p501, ITQAN:v3p272, SAMARRAI-ASRAR:r10#5, SAMARRAI-ASRAR:r10#6, SAMARRAI-LAMASAT-HALAQAT:p103, SAMARRAI-LAMASAT-HALAQAT:p1066
quotes 6:151: «الا تشركوا» in 7 segment(s): BURHAN:v3p79, BURHAN:v4p61, ITQAN:v2p501, ITQAN:v2p530, SAMARRAI-ASRAR:r10#5, SAMARRAI-LAMASAT-HALAQAT:p103, SAMARRAI-LAMASAT-HALAQAT:p1066
quotes 6:151: «احسانا ولا» in 2 segment(s): SAMARRAI-ASRAR:r10#5, SAMARRAI-LAMASAT-HALAQAT:p1066
quotes 6:151: «اولادكم من» in 14 segment(s): BINTSHATI-IJAZ:p427, BURHAN:v3p284, BURHAN:v3p392, IBNJAWZI-NUZHA:v1p494#2, ITQAN:v3p307, SAMARRAI-ASRAR:r4#3, SAMARRAI-ASRAR:r10#5, SAMARRAI-ASRAR:r10#6, SAMARRAI-ASRAR-MUH:p42, SAMARRAI-LAMASAT-HALAQAT:p493, SAMARRAI-LAMASAT-HALAQAT:p592, SAMARRAI-LAMASAT-HALAQAT:p955 …
quotes 6:151: «من املاق» in 15 segment(s): BINTSHATI-IJAZ:p427, BURHAN:v3p284, BURHAN:v3p392, IBNJAWZI-NUZHA:v1p494#2, ITQAN:v2p310, ITQAN:v3p307, SAMARRAI-ASRAR:r4#3, SAMARRAI-ASRAR:r10#5, SAMARRAI-ASRAR:r10#6, SAMARRAI-ASRAR-MUH:p42, SAMARRAI-LAMASAT-HALAQAT:p493, SAMARRAI-LAMASAT-HALAQAT:p592 …
quotes 6:151: «تقربوا الفواحش» in 4 segment(s): SAMARRAI-ASRAR:r10#5, SAMARRAI-ASRAR:r10#6, SAMARRAI-LAMASAT-HALAQAT:p956, SAMARRAI-LAMASAT-HALAQAT:p1066
quotes 6:151: «بطن ولا» in 4 segment(s): JISHUMI:v2p1075, SAMARRAI-ASRAR:r10#5, SAMARRAI-LAMASAT-HALAQAT:p956, SAMARRAI-LAMASAT-HALAQAT:p1066
quotes 6:151: «بالحق ذالكم» in 0 segment(s): 
quotes 6:151: «اتل ما حرم» in 11 segment(s): BURHAN:v2p68, BURHAN:v3p79, BURHAN:v4p61, ITQAN:v1p115, ITQAN:v2p501, ITQAN:v3p272, SAMARRAI-ASRAR:r10#5, SAMARRAI-ASRAR:r10#6, SAMARRAI-LAMASAT-HALAQAT:p103, SAMARRAI-LAMASAT-HALAQAT:p1066, TIRMIDHI:3070
quotes 6:151: «به لعلكم تعقلون» in 3 segment(s): SAMARRAI-ASRAR:r10#5, SAMARRAI-LAMASAT-HALAQAT:p956, SAMARRAI-LAMASAT-HALAQAT:p1066
quotes 6:152: 26 unique window(s): فاعدلوا | وبعهد | وسعها واذا | واذا قلتم | قلتم فاعدلوا | فاعدلوا ولو | قربيا وبعهد | وبعهد الله | الله اوفوا | اوفوا ذالكم | اشده واوفوا الكيل | واوفوا الكيل والميزان | الكيل والميزان بالقسط | والميزان بالقسط لا | بالقسط لا نكلف | الا وسعها واذا | وسعها واذا قلتم | واذا قلتم فاعدلوا | قلتم فاعدلوا ولو | فاعدلوا ولو كان | ذا قربيا وبعهد | قربيا وبعهد الله | وبعهد الله اوفوا | الله اوفوا ذالكم | اوفوا ذالكم وصياكم | به لعلكم تذكرون
quotes 6:152: «فاعدلوا» in 7 segment(s): BINTSHATI-IJAZ:p459, BURHAN:v1p484, BURHAN:v2p295, BURHAN:v2p433, BURHAN:v3p135, SAMARRAI-ASRAR:r10#5, SAMARRAI-ASRAR:r10#6
quotes 6:152: «وبعهد» in 3 segment(s): BINTSHATI-IJAZ:p459, SAMARRAI-ASRAR:r10#5, SAMARRAI-ASRAR:r10#6
quotes 6:152: «وسعها واذا» in 2 segment(s): BINTSHATI-IJAZ:p459, SAMARRAI-ASRAR:r10#5
quotes 6:152: «واذا قلتم» in 8 segment(s): BAQILLANI:v1p151, BINTSHATI-IJAZ:p459, BURHAN:v1p484, BURHAN:v2p295, BURHAN:v2p433, BURHAN:v3p135, SAMARRAI-ASRAR:r10#5, SAMARRAI-ASRAR:r10#6
quotes 6:152: «الله اوفوا» in 3 segment(s): BINTSHATI-IJAZ:p459, SAMARRAI-ASRAR:r10#5, SAMARRAI-ASRAR:r10#6
quotes 6:152: «اوفوا ذالكم» in 0 segment(s): 
quotes 6:152: «اشده واوفوا الكيل» in 1 segment(s): SAMARRAI-ASRAR:r10#5
quotes 6:152: «واوفوا الكيل والميزان» in 4 segment(s): BINTSHATI-IJAZ:p459, ITQAN:v4p508, SAMARRAI-ASRAR:r10#5, SAMARRAI-ASRAR:r10#6
quotes 6:152: «الكيل والميزان بالقسط» in 4 segment(s): BINTSHATI-IJAZ:p459, ITQAN:v4p508, SAMARRAI-ASRAR:r10#5, SAMARRAI-ASRAR:r10#6
quotes 6:152: «والميزان بالقسط لا» in 3 segment(s): BINTSHATI-IJAZ:p459, ITQAN:v4p508, SAMARRAI-ASRAR:r10#5
quotes 6:152: «بالقسط لا نكلف» in 3 segment(s): BINTSHATI-IJAZ:p459, ITQAN:v4p508, SAMARRAI-ASRAR:r10#5
quotes 6:152: «به لعلكم تذكرون» in 2 segment(s): BINTSHATI-IJAZ:p459, SAMARRAI-ASRAR:r10#5
quotes 6:153: 26 unique window(s): صراطي | السبل | فتفرق | وان هاذا | هاذا صراطي | صراطي مستقيما | مستقيما فاتبعوه | فاتبعوه ولا | تتبعوا السبل | السبل فتفرق | فتفرق بكم | بكم عن | سبيله ذالكم | وان هاذا صراطي | هاذا صراطي مستقيما | صراطي مستقيما فاتبعوه | مستقيما فاتبعوه ولا | فاتبعوه ولا تتبعوا | ولا تتبعوا السبل | تتبعوا السبل فتفرق | السبل فتفرق بكم | فتفرق بكم عن | بكم عن سبيله | عن سبيله ذالكم | سبيله ذالكم وصياكم | به لعلكم تتقون
quotes 6:153: «صراطي» in 7 segment(s): BURHAN:v1p273, BURHAN:v4p12, DAMGHANI:v1p278, IBNJAWZI-NUZHA:v1p384, ITQAN:v1p141, NASHR:v2p171#2, NASHR:v2p266
quotes 6:153: «السبل» in 15 segment(s): BINTSHATI-IJAZ:p267, BURHAN:v4p12, IBNKATHIR-FULL:v1p5#2, IBNQUTAYBA-MUSHKIL:v1p50, IBNQUTAYBA-MUSHKIL:v1p52, IBNQUTAYBA-MUSHKIL:v1p74, IBNQUTAYBA-MUSHKIL:v1p228, ITQAN:v2p564, JISHUMI:v1p542, SAMARRAI-ASRAR:r4#3, SAMARRAI-ASRAR-MUH:p40, SAMARRAI-LAMASAT:p111 …
quotes 6:153: «فتفرق» in 7 segment(s): BURHAN:v4p12, ITQAN:v2p564, JISHUMI:v2p1036, JURJANI-ASRAR:v1p169, JURJANI-ASRAR:v1p327, NASHR:v2p231, NASHR:v2p265#2
quotes 6:153: «وان هاذا» in 0 segment(s): 
quotes 6:153: «مستقيما فاتبعوه» in 2 segment(s): BURHAN:v4p12, IBNJAWZI-NUZHA:v1p384
quotes 6:153: «فاتبعوه ولا» in 1 segment(s): BURHAN:v4p12
quotes 6:153: «بكم عن» in 5 segment(s): BURHAN:v1p104, BURHAN:v4p12, ITQAN:v2p564, JISHUMI:v1p701, JISHUMI:v1p709
quotes 6:153: «سبيله ذالكم» in 0 segment(s): 
quotes 6:153: «به لعلكم تتقون» in 2 segment(s): ITQAN:v2p467#4, MUSNAD-AHMAD:15277
quotes 7:8: 5 unique window(s): والوزن | والوزن يوميذ | والوزن يوميذ الحق | يوميذ الحق فمن | الحق فمن ثقلت
quotes 7:8: «والوزن» in 12 segment(s): ALUSI-FULL:v1p27, BAQILLANI:v1p64, BINTSHATI-IJAZ:p130, BINTSHATI-IJAZ:p221, BINTSHATI-IJAZ:p257, BURHAN:v2p111, ITQAN:v4p336, JISHUMI:v2p1058, JURJANI-DALAIL:v1p62, NASHR:v1p368, SIBAWAYH:وذلكقولكهوابنعمىدنياوهوجارىبيتبيت|فهذهأحوالقدوقعفيكل#255, THALABI:v1p85
quotes 7:8: «يوميذ الحق فمن» in 0 segment(s): 
quotes 7:8: «الحق فمن ثقلت» in 0 segment(s): 
quotes 7:9: 5 unique window(s): انفسهم بما | باياتنا يظلمون | خسروا انفسهم بما | انفسهم بما كانوا | كانوا باياتنا يظلمون
quotes 7:9: «انفسهم بما» in 3 segment(s): DAMGHANI:v1p309, JISHUMI:v2p995, SAMARRAI-LAMASAT:p144
quotes 7:9: «باياتنا يظلمون» in 3 segment(s): DAMGHANI:v1p309, IBNJAWZI-NUZHA:v1p426, IBNQUTAYBA-MUSHKIL:v1p258
quotes 7:124: 7 unique window(s): لاصلبنكم | خلاف ثم | ثم لاصلبنكم | لاصلبنكم اجمعين | من خلاف ثم | خلاف ثم لاصلبنكم | ثم لاصلبنكم اجمعين
quotes 7:124: «لاصلبنكم» in 9 segment(s): FARRA:v1p502#2, IBNJAWZI-NUZHA:v1p223#2, MAJAZ:v1p14, NASHR:v1p456, SAMARRAI-ASRAR:r16, SAMARRAI-ASRAR:r16#3, SAMARRAI-LAMASAT-HALAQAT:p745, SAMARRAI-LAMASAT-HALAQAT:p747, SAMARRAI-LAMASAT-HALAQAT:p749
quotes 7:124: «خلاف ثم» in 3 segment(s): SAMARRAI-ASRAR:r16, SAMARRAI-ASRAR:r16#3, SAMARRAI-LAMASAT-HALAQAT:p745
quotes 7:126: 20 unique window(s): تنقم | جاتنا | وما تنقم | تنقم منا | امنا بايات | ربنا لما | لما جاتنا | جاتنا ربنا | صبرا وتوفنا | وتوفنا مسلمين | وما تنقم منا | تنقم منا الا | ان امنا بايات | امنا بايات ربنا | بايات ربنا لما | ربنا لما جاتنا | لما جاتنا ربنا | جاتنا ربنا افرغ | علينا صبرا وتوفنا | صبرا وتوفنا مسلمين
quotes 7:126: «تنقم» in 3 segment(s): BAQILLANI:v1p243, SAMARRAI-ASRAR:r16, SAMARRAI-LAMASAT-HALAQAT:p745
quotes 7:126: «جاتنا» in 3 segment(s): BAQILLANI:v1p243, SAMARRAI-ASRAR:r16, SAMARRAI-LAMASAT-HALAQAT:p745
quotes 7:126: «امنا بايات» in 3 segment(s): BAQILLANI:v1p243, SAMARRAI-ASRAR:r16, SAMARRAI-LAMASAT-HALAQAT:p745
quotes 7:126: «ربنا لما» in 3 segment(s): BAQILLANI:v1p243, SAMARRAI-ASRAR:r16, SAMARRAI-LAMASAT-HALAQAT:p745
quotes 7:126: «صبرا وتوفنا» in 4 segment(s): BAQILLANI:v1p243, DAMGHANI:v1p353, SAMARRAI-ASRAR:r16, SAMARRAI-LAMASAT-HALAQAT:p745
quotes 7:126: «وتوفنا مسلمين» in 4 segment(s): BAQILLANI:v1p243, DAMGHANI:v1p353, SAMARRAI-ASRAR:r16, SAMARRAI-LAMASAT-HALAQAT:p745
quotes 9:6: 25 unique window(s): استجارك | ابلغه | مامنه | وان احد | المشركين استجارك | استجارك فاجره | فاجره حتيا | حتيا يسمع | يسمع كلام | ثم ابلغه | ابلغه مامنه | مامنه ذالك | وان احد من | احد من المشركين | من المشركين استجارك | المشركين استجارك فاجره | استجارك فاجره حتيا | فاجره حتيا يسمع | حتيا يسمع كلام | يسمع كلام الله | الله ثم ابلغه | ثم ابلغه مامنه | ابلغه مامنه ذالك | مامنه ذالك بانهم | قوم لا يعلمون
quotes 9:6: «استجارك» in 21 segment(s): BAQILLANI:v1p8, BAQILLANI:v1p27, BINTSHATI-IJAZ:p43, BINTSHATI-IJAZ:p46, BURHAN:v2p5, BURHAN:v2p88, BURHAN:v3p90, BURHAN:v3p197, BURHAN:v4p199, BURHAN:v4p220, BURHAN:v4p244, BURHAN:v4p371 …
quotes 9:6: «ابلغه» in 6 segment(s): BAQILLANI:v1p27, BINTSHATI-IJAZ:p43, BINTSHATI-IJAZ:p46, SAMARRAI-LAMASAT:p125, SIBAWAYH:وذلكقولكزيداوعمراورأسه|وذلكأنكرأيترجلايضربأويشتمأويقتل#99, TAB-FULL:v1p8#2
quotes 9:6: «مامنه» in 3 segment(s): BAQILLANI:v1p27, BINTSHATI-IJAZ:p43, BINTSHATI-IJAZ:p46
quotes 9:6: «وان احد» in 23 segment(s): BAQILLANI:v1p8, BAQILLANI:v1p27, BINTSHATI-IJAZ:p43, BINTSHATI-IJAZ:p46, BURHAN:v2p5, BURHAN:v2p88, BURHAN:v3p90, BURHAN:v3p197, BURHAN:v4p199, BURHAN:v4p216, BURHAN:v4p220, BURHAN:v4p244 …
quotes 9:6: «فاجره حتيا» in 0 segment(s): 
quotes 9:6: «حتيا يسمع» in 0 segment(s): 
quotes 9:6: «يسمع كلام» in 13 segment(s): BAQILLANI:v1p8, BAQILLANI:v1p27, BINTSHATI-IJAZ:p43, BINTSHATI-IJAZ:p46, BURHAN:v1p271, BURHAN:v2p88, DAMGHANI:v1p405, IBNASHUR-FULL:v1p73, ITQAN:v1p141, ITQAN:v3p41, ITQAN:v4p311, RAZI-FULL:v1p36 …
quotes 9:6: «احد من المشركين» in 28 segment(s): BAQILLANI:v1p8, BAQILLANI:v1p27, BINTSHATI-IJAZ:p43, BINTSHATI-IJAZ:p46, BURHAN:v2p5, BURHAN:v2p88, BURHAN:v3p90, BURHAN:v3p197, BURHAN:v4p199, BURHAN:v4p220, BURHAN:v4p244, BURHAN:v4p371 …
quotes 9:6: «قوم لا يعلمون» in 3 segment(s): BINTSHATI-IJAZ:p43, BINTSHATI-IJAZ:p46, IBNHISHAM:v2p543#2
quotes 10:31: 25 unique window(s): والارض امن | امن يملك | يملك السمع | والابصار ومن | الحي ومن | ومن يدبر | الامر فسيقولون | فسيقولون الله | الله فقل | فقل افلا | السما والارض امن | والارض امن يملك | امن يملك السمع | يملك السمع والابصار | السمع والابصار ومن | والابصار ومن يخرج | ومن يخرج الحي | من الحي ومن | الحي ومن يدبر | ومن يدبر الامر | يدبر الامر فسيقولون | الامر فسيقولون الله | فسيقولون الله فقل | الله فقل افلا | فقل افلا تتقون
quotes 10:31: «والارض امن» in 1 segment(s): SAMARRAI-ASRAR:r5#6
quotes 10:31: «امن يملك» in 2 segment(s): NASHR:v2p154, SAMARRAI-ASRAR:r5#6
quotes 10:31: «يملك السمع» in 5 segment(s): BURHAN:v4p9, BURHAN:v4p151, NASHR:v2p154, NASHR:v2p158, SAMARRAI-ASRAR:r5#6
quotes 10:31: «والابصار ومن» in 0 segment(s): 
quotes 10:31: «الحي ومن» in 0 segment(s): 
quotes 10:31: «ومن يدبر» in 2 segment(s): BURHAN:v2p471, ITQAN:v3p192#2
quotes 10:31: «الامر فسيقولون» in 0 segment(s): 
quotes 10:31: «فسيقولون الله» in 2 segment(s): BURHAN:v4p7, BURHAN:v4p9
quotes 10:31: «الله فقل» in 0 segment(s): 
quotes 10:31: «فقل افلا» in 0 segment(s): 
quotes 10:31: «ومن يخرج الحي» in 1 segment(s): ITQAN:v3p249
quotes 10:32: 17 unique window(s): فذالكم | فذالكم الله | ربكم الحق | الحق فماذا | فماذا بعد | بعد الحق | الا الضلال | الضلال فانيا | فذالكم الله ربكم | الله ربكم الحق | ربكم الحق فماذا | الحق فماذا بعد | فماذا بعد الحق | بعد الحق الا | الحق الا الضلال | الا الضلال فانيا | الضلال فانيا تصرفون
quotes 10:32: «فذالكم» in 0 segment(s): 
quotes 10:32: «ربكم الحق» in 0 segment(s): 
quotes 10:32: «الحق فماذا» in 0 segment(s): 
quotes 10:32: «فماذا بعد» in 0 segment(s): 
quotes 10:32: «بعد الحق» in 0 segment(s): 
quotes 10:32: «الا الضلال» in 0 segment(s): 
quotes 10:32: «الضلال فانيا» in 0 segment(s): 
quotes 11:21: 1 unique window(s): اولايك الذين خسروا
quotes 11:21: «اولايك الذين خسروا» in 1 segment(s): SAMARRAI-ASRAR:r8#3
quotes 11:22: 0 unique window(s): 
quotes 12:16: 5 unique window(s): وجاو اباهم | اباهم عشا | عشا يبكون | وجاو اباهم عشا | اباهم عشا يبكون
quotes 12:16: «وجاو اباهم» in 0 segment(s): 
quotes 12:16: «اباهم عشا» in 3 segment(s): BURHAN:v4p66, BURHAN:v4p107, ITQAN:v2p578#2
quotes 12:16: «عشا يبكون» in 3 segment(s): BURHAN:v4p66, BURHAN:v4p107, ITQAN:v2p578#2
quotes 12:17: 35 unique window(s): ذهبنا | نستبق | فاكله | بمومن | ياابانا انا | انا ذهبنا | ذهبنا نستبق | نستبق وتركنا | وتركنا يوسف | يوسف عند | عند متاعنا | متاعنا فاكله | فاكله الذيب | الذيب وما | انت بمومن | بمومن لنا | لنا ولو | ولو كنا | كنا صادقين | قالوا ياابانا انا | ياابانا انا ذهبنا | انا ذهبنا نستبق | ذهبنا نستبق وتركنا | نستبق وتركنا يوسف | وتركنا يوسف عند | يوسف عند متاعنا | عند متاعنا فاكله | متاعنا فاكله الذيب | فاكله الذيب وما | الذيب وما انت | وما انت بمومن | انت بمومن لنا | بمومن لنا ولو | لنا ولو كنا | ولو كنا صادقين
quotes 12:17: «ذهبنا» in 6 segment(s): BAQILLANI:v1p274, DAMGHANI:v1p227, SAMARRAI-ASRAR-MUH:p102, SAMARRAI-LAMASAT-HALAQAT:p552, SIBAWAYH:وذلكأنهلايجوزأنيقولالرجلرأيتعبداللهفتقولمنالأنهإذاذكر#452, SIBAWAYH:(هذابابمايلحقالتاءوالكافاللتينللإضمارإذاجاوزتالواحد)#744
quotes 12:17: «نستبق» in 1 segment(s): DAMGHANI:v1p227
quotes 12:17: «فاكله» in 8 segment(s): BURHAN:v4p332, IBNJINNI-MUHTASAB:v1p8, ITQAN:v2p308, JISHUMI:v1p782, KHATTABI:v1p37, KHATTABI:v1p40, SAMARRAI-ASRAR-MUH:p10, SAMARRAI-LAMASAT-HALAQAT:p462
quotes 12:17: «بمومن» in 10 segment(s): BINTSHATI-IJAZ:p185, BURHAN:v2p358, BURHAN:v3p454, BURHAN:v4p367, IBNJAWZI-NUZHA:v1p145, IBNQUTAYBA-GHARIB:v1p9#2, IBNQUTAYBA-MUSHKIL:v1p263, ITQAN:v1p223, ITQAN:v3p246, JISHUMI:v2p1086
quotes 12:17: «ياابانا انا» in 0 segment(s): 
quotes 12:17: «وتركنا يوسف» in 0 segment(s): 
quotes 12:17: «يوسف عند» in 2 segment(s): BURHAN:v3p194, DAMGHANI:v1p350
quotes 12:17: «عند متاعنا» in 0 segment(s): 
quotes 12:17: «الذيب وما» in 0 segment(s): 
quotes 12:17: «لنا ولو» in 7 segment(s): BINTSHATI-IJAZ:p185, BURHAN:v2p358, BURHAN:v3p454, BURHAN:v4p367, IBNQUTAYBA-GHARIB:v1p9#2, IBNQUTAYBA-MUSHKIL:v1p263, ITQAN:v3p246
quotes 12:17: «ولو كنا» in 9 segment(s): BINTSHATI-IJAZ:p185, BURHAN:v2p358, BURHAN:v3p454, BURHAN:v4p367, BURHAN:v4p368, BURHAN:v4p372, IBNQUTAYBA-GHARIB:v1p9#2, IBNQUTAYBA-MUSHKIL:v1p263, ITQAN:v3p246
quotes 12:17: «كنا صادقين» in 9 segment(s): BINTSHATI-IJAZ:p185, BURHAN:v2p358, BURHAN:v3p454, BURHAN:v4p367, BURHAN:v4p368, BURHAN:v4p372, IBNQUTAYBA-GHARIB:v1p9#2, IBNQUTAYBA-MUSHKIL:v1p263, ITQAN:v3p246
quotes 12:18: 15 unique window(s): وجاو عليا | عليا قميصه | قميصه بدم | بدم كذب | كذب قال | جميل والله | والله المستعان | وجاو عليا قميصه | عليا قميصه بدم | قميصه بدم كذب | بدم كذب قال | كذب قال بل | فصبر جميل والله | جميل والله المستعان | والله المستعان عليا
quotes 12:18: «وجاو عليا» in 0 segment(s): 
quotes 12:18: «عليا قميصه» in 0 segment(s): 
quotes 12:18: «قميصه بدم» in 9 segment(s): BURHAN:v2p287, IBNQUTAYBA-MUSHKIL:v1p85, ITQAN:v2p569, ITQAN:v3p103, SAMARRAI-ASRAR:r3#3, SAMARRAI-ASRAR-MUH:p10, SAMARRAI-LAMASAT-HALAQAT:p462, SAMARRAI-LAMASAT-HALAQAT:p1103, SAMARRAI-LAMASAT-HALAQAT:p1104
quotes 12:18: «بدم كذب» in 9 segment(s): BURHAN:v2p287, IBNQUTAYBA-MUSHKIL:v1p85, ITQAN:v2p569, ITQAN:v3p103, SAMARRAI-ASRAR:r3#3, SAMARRAI-ASRAR-MUH:p10, SAMARRAI-LAMASAT-HALAQAT:p462, SAMARRAI-LAMASAT-HALAQAT:p1103, SAMARRAI-LAMASAT-HALAQAT:p1104
quotes 12:18: «كذب قال» in 3 segment(s): ITQAN:v2p370, ITQAN:v2p476#3, SAMARRAI-ASRAR:r3#3
quotes 12:18: «جميل والله» in 2 segment(s): SAMARRAI-ASRAR:r3#3, SIBAWAYH:منذلكقولكحمداوشكرالاكفراوعجباوأفعلذلكوكرامةPageV01P318#129
quotes 12:18: «والله المستعان» in 15 segment(s): BURHAN:v2p153, BURHAN:v3p31, IBNATIYYA-FULL:v1p48, IBNATIYYA-FULL:v1p54#2, IBNKATHIR-FULL:v1p17, IBNKATHIR-FULL:v1p62, IBNKATHIR-FULL:v1p68, JURJANI-DALAIL:v1p26, NASHR:v1p320#2, NASHR:v2p252, NASHR:v2p274, NASHR:v2p281 …
quotes 14:34: 19 unique window(s): سالتموه | لظلوم | واتياكم من | ما سالتموه | سالتموه وان | تعدوا نعمت | الانسان لظلوم | لظلوم كفار | واتياكم من كل | من كل ما | كل ما سالتموه | ما سالتموه وان | سالتموه وان تعدوا | وان تعدوا نعمت | تعدوا نعمت الله | نعمت الله لا | تحصوها ان الانسان | ان الانسان لظلوم | الانسان لظلوم كفار
quotes 14:34: «سالتموه» in 4 segment(s): BURHAN:v1p417, ITQAN:v1p96, ITQAN:v4p450, NASHR:v2p149
quotes 14:34: «لظلوم» in 6 segment(s): BURHAN:v1p86, BURHAN:v1p410, BURHAN:v2p513, ITQAN:v3p273, SAMARRAI-ASRAR:r8, SAMARRAI-LAMASAT-HALAQAT:p95
quotes 14:34: «واتياكم من» in 0 segment(s): 
quotes 14:34: «تعدوا نعمت» in 4 segment(s): IBNJAWZI-NUZHA:v1p118, NASHR:v2p129#2, SAMARRAI-ASRAR:r8, SAMARRAI-LAMASAT-HALAQAT:p95
quotes 14:34: «من كل ما» in 25 segment(s): ABUDAWUD:1999, ASMAIYYAT:v1p235, BINTSHATI-IJAZ:p30, BURHAN:v1p417, BURHAN:v3p130, HAMASA:v1p551, HAMASA:v1p924, IBNASHUR-FULL:v1p22, IBNASHUR-FULL:v1p41, IBNHISHAM:v1p501, IBNQUTAYBA-GHARIB:v1p6#2, ITQAN:v3p94 …
quotes 14:34: «نعمت الله لا» in 3 segment(s): IBNJAWZI-NUZHA:v1p118, SAMARRAI-ASRAR:r8, SAMARRAI-LAMASAT-HALAQAT:p95
quotes 14:34: «تحصوها ان الانسان» in 4 segment(s): BURHAN:v1p86, ITQAN:v3p273, SAMARRAI-ASRAR:r8, SAMARRAI-LAMASAT-HALAQAT:p95
quotes 18:28: 40 unique window(s): عيناك | اغفلنا | فرطا | واصبر نفسك | نفسك مع | وجهه ولا | ولا تعد | تعد عيناك | عيناك عنهم | عنهم تريد | تريد زينه | تطع من | من اغفلنا | اغفلنا قلبه | قلبه عن | ذكرنا واتبع | هوياه وكان | وكان امره | امره فرطا | واصبر نفسك مع | نفسك مع الذين | مع الذين يدعون | يريدون وجهه ولا | وجهه ولا تعد | ولا تعد عيناك | تعد عيناك عنهم | عيناك عنهم تريد | عنهم تريد زينه | تريد زينه الحيواه | الدنيا ولا تطع | ولا تطع من | تطع من اغفلنا | من اغفلنا قلبه | اغفلنا قلبه عن | قلبه عن ذكرنا | عن ذكرنا واتبع | ذكرنا واتبع هوياه | واتبع هوياه وكان | هوياه وكان امره | وكان امره فرطا
quotes 18:28: «عيناك» in 9 segment(s): BAQILLANI:v1p78, BAQILLANI:v1p169, BURHAN:v3p339, IBNJAWZI-NUZHA:v1p494#2, IBNQUTAYBA-MUSHKIL:v1p292#2, ITQAN:v2p318, KHATTABI:v1p24, SAMARRAI-LAMASAT-HALAQAT:p940, WAHIDI-BASIT:v1p413
quotes 18:28: «اغفلنا» in 4 segment(s): BURHAN:v4p141, ITQAN:v4p388, SAMARRAI-LAMASAT-HALAQAT:p940, SIBAWAYH:(هذابابعلمحروفالزوائد)#748
quotes 18:28: «فرطا» in 2 segment(s): MAJAZ:v2p433#2, SAMARRAI-LAMASAT-HALAQAT:p940
quotes 18:28: «واصبر نفسك» in 6 segment(s): BURHAN:v1p199, BURHAN:v3p171, IBNJAWZI-NUZHA:v1p617, ITQAN:v1p49, SAMARRAI-LAMASAT-HALAQAT:p593, SAMARRAI-LAMASAT-HALAQAT:p940
quotes 18:28: «نفسك مع» in 3 segment(s): BURHAN:v3p171, IBNJAWZI-NUZHA:v1p617, SAMARRAI-LAMASAT-HALAQAT:p940
quotes 18:28: «وجهه ولا» in 1 segment(s): SAMARRAI-LAMASAT-HALAQAT:p940
quotes 18:28: «ولا تعد» in 4 segment(s): BURHAN:v3p339, ITQAN:v2p318, MAJAZ:v2p429#2, SAMARRAI-LAMASAT-HALAQAT:p940
quotes 18:28: «عنهم تريد» in 1 segment(s): SAMARRAI-LAMASAT-HALAQAT:p940
quotes 18:28: «تريد زينه» in 2 segment(s): NASHR:v1p291, SAMARRAI-LAMASAT-HALAQAT:p940
quotes 18:28: «تطع من» in 2 segment(s): BURHAN:v4p141, SAMARRAI-LAMASAT-HALAQAT:p940
quotes 18:28: «قلبه عن» in 3 segment(s): BURHAN:v4p141, ITQAN:v3p229, SAMARRAI-LAMASAT-HALAQAT:p940
quotes 18:28: «ذكرنا واتبع» in 2 segment(s): BURHAN:v4p141, SAMARRAI-LAMASAT-HALAQAT:p940
quotes 18:28: «هوياه وكان» in 0 segment(s): 
quotes 18:28: «وكان امره» in 2 segment(s): BAQILLANI:v1p21, SAMARRAI-LAMASAT-HALAQAT:p940
quotes 18:28: «مع الذين يدعون» in 4 segment(s): BURHAN:v3p171, IBNJAWZI-NUZHA:v1p617, IBNMAJAH:4127, SAMARRAI-LAMASAT-HALAQAT:p940
quotes 18:28: «الدنيا ولا تطع» in 2 segment(s): IBNMAJAH:4127, SAMARRAI-LAMASAT-HALAQAT:p940
quotes 18:45: 19 unique window(s): هشيما | تذروه | مقتدرا | لهم مثل | الارض فاصبح | فاصبح هشيما | هشيما تذروه | تذروه الرياح | الرياح وكان | شي مقتدرا | واضرب لهم مثل | لهم مثل الحيواه | نبات الارض فاصبح | الارض فاصبح هشيما | فاصبح هشيما تذروه | هشيما تذروه الرياح | تذروه الرياح وكان | الرياح وكان الله | كل شي مقتدرا
quotes 18:45: «هشيما» in 3 segment(s): DAMGHANI:v1p178, ITQAN:v2p338#2, MAJAZ:v2p448#2
quotes 18:45: «تذروه» in 3 segment(s): DAMGHANI:v1p178, MAJAZ:v2p414#2, NASHR:v1p304#2
quotes 18:45: «مقتدرا» in 5 segment(s): BINTSHATI-IJAZ:p430, ITQAN:v2p360, ITQAN:v2p386, ITQAN:v2p392, RAZI-FULL:v1p83
quotes 18:45: «لهم مثل» in 2 segment(s): BURHAN:v1p492, BURHAN:v3p422
quotes 18:45: «الارض فاصبح» in 0 segment(s): 
quotes 18:45: «الرياح وكان» in 0 segment(s): 
quotes 18:46: 11 unique window(s): والبنون | املا | المال والبنون | والبنون زينه | الدنيا والباقيات | وخير املا | المال والبنون زينه | والبنون زينه الحيواه | الحيواه الدنيا والباقيات | الدنيا والباقيات الصالحات | ثوابا وخير املا
quotes 18:46: «والبنون» in 6 segment(s): BURHAN:v3p247, BURHAN:v3p271, DAMGHANI:v1p220, IBNJAWZI-NUZHA:v1p339, ITQAN:v3p247, SAMARRAI-LAMASAT-HALAQAT:p682
quotes 18:46: «املا» in 18 segment(s): BAQILLANI:v1p245, BINTSHATI-IJAZ:p134, BURHAN:v4p170, BURHAN:v4p290, IBNATIYYA-FULL:v1p34, JISHUMI:v2p1071, JURJANI-ASRAR:v1p240, JURJANI-DALAIL:v1p343#2, JURJANI-DALAIL:v1p360, KASHSHAF-FULL:v1p42, MAJAZ:v1p1#34, MAJAZ:v1p1#44 …
quotes 18:46: «الدنيا والباقيات» in 0 segment(s): 
quotes 18:103: 9 unique window(s): ننبيكم | بالاخسرين | اعمالا | هل ننبيكم | ننبيكم بالاخسرين | بالاخسرين اعمالا | قل هل ننبيكم | هل ننبيكم بالاخسرين | ننبيكم بالاخسرين اعمالا
quotes 18:103: «ننبيكم» in 9 segment(s): BINTSHATI-IJAZ:p273, BURHAN:v4p431, DAMGHANI:v1p475, IBNJAWZI-NUZHA:v1p406, IBNJAWZI-NUZHA:v1p623, NASHR:v2p7, SAMARRAI-LAMASAT-HALAQAT:p920, SAMARRAI-LAMASAT-HALAQAT:p1012, SIBAWAYH:ولمتقوأنتعملعملالفاعللأنهاليستفىمعنىالفعلالمضارعفإنما#81
quotes 18:103: «بالاخسرين» in 10 segment(s): BINTSHATI-IJAZ:p273, BURHAN:v4p172, BURHAN:v4p431, DAMGHANI:v1p475, IBNJAWZI-NUZHA:v1p406, IBNJAWZI-NUZHA:v1p623, SAMARRAI-LAMASAT-HALAQAT:p920, SAMARRAI-LAMASAT-HALAQAT:p1012, SIBAWAYH:ولمتقوأنتعملعملالفاعللأنهاليستفىمعنىالفعلالمضارعفإنما#81, SIBAWAYH:(هذابابتكسيركماكانمامنالصفاتعددحروفهأربعةأحرف)#669
quotes 18:103: «اعمالا» in 15 segment(s): BINTSHATI-IJAZ:p273, BURHAN:v4p172, BURHAN:v4p431, DAMGHANI:v1p475, IBNJAWZI-NUZHA:v1p406, IBNJAWZI-NUZHA:v1p623, IBNQUTAYBA-MUSHKIL:v1p247, ITQAN:v1p259, NASHR:v1p214, NASHR:v1p361, SAMARRAI-ASRAR:r5#10, SAMARRAI-LAMASAT-HALAQAT:p920 …
quotes 18:104: 16 unique window(s): يحسنون | صنعا | الذين ضل | ضل سعيهم | سعيهم في | وهم يحسبون | يحسبون انهم | انهم يحسنون | يحسنون صنعا | الذين ضل سعيهم | ضل سعيهم في | سعيهم في الحيواه | الدنيا وهم يحسبون | وهم يحسبون انهم | يحسبون انهم يحسنون | انهم يحسنون صنعا
quotes 18:104: «يحسنون» in 13 segment(s): BINTSHATI-IJAZ:p31, BINTSHATI-IJAZ:p273, BURHAN:v3p281, BURHAN:v3p448, DAMGHANI:v1p128, IBNASHUR-FULL:v1p119, ITQAN:v3p244, JISHUMI:v1p449, NASHR:v1p274#2, NASHR:v2p82, SAMARRAI-LAMASAT-HALAQAT:p49, SAMARRAI-LAMASAT-HALAQAT:p935 …
quotes 18:104: «صنعا» in 15 segment(s): BINTSHATI-IJAZ:p273, BINTSHATI-IJAZ:p445, BINTSHATI-IJAZ:p447, BURHAN:v3p448, DAMGHANI:v1p128, DAMGHANI:v1p410, IBNASHUR-FULL:v1p119, ITQAN:v2p361, ITQAN:v3p244, JURJANI-ASRAR:v1p355, JURJANI-DALAIL:v1p374, MAJAZ:v2p425 …
quotes 18:104: «الذين ضل» in 4 segment(s): BINTSHATI-IJAZ:p273, DAMGHANI:v1p291, SAMARRAI-LAMASAT-HALAQAT:p49, SAMARRAI-LAMASAT-HALAQAT:p1012
quotes 18:104: «ضل سعيهم» in 4 segment(s): BINTSHATI-IJAZ:p273, DAMGHANI:v1p291, SAMARRAI-LAMASAT-HALAQAT:p49, SAMARRAI-LAMASAT-HALAQAT:p1012
quotes 18:104: «سعيهم في» in 4 segment(s): BINTSHATI-IJAZ:p273, DAMGHANI:v1p291, SAMARRAI-LAMASAT-HALAQAT:p49, SAMARRAI-LAMASAT-HALAQAT:p1012
quotes 18:104: «وهم يحسبون» in 7 segment(s): BINTSHATI-IJAZ:p273, BURHAN:v3p448, DAMGHANI:v1p128, IBNASHUR-FULL:v1p119, ITQAN:v3p244, SAMARRAI-LAMASAT-HALAQAT:p49, SAMARRAI-LAMASAT-HALAQAT:p1012
quotes 18:104: «يحسبون انهم» in 7 segment(s): BINTSHATI-IJAZ:p273, BURHAN:v3p448, DAMGHANI:v1p128, IBNASHUR-FULL:v1p119, ITQAN:v3p244, SAMARRAI-LAMASAT-HALAQAT:p49, SAMARRAI-LAMASAT-HALAQAT:p1012
quotes 18:105: 18 unique window(s): فحبطت | نقيم | وزنا | ربهم ولقايه | ولقايه فحبطت | فحبطت اعمالهم | اعمالهم فلا | فلا نقيم | نقيم لهم | القيامه وزنا | بايات ربهم ولقايه | ربهم ولقايه فحبطت | ولقايه فحبطت اعمالهم | فحبطت اعمالهم فلا | اعمالهم فلا نقيم | فلا نقيم لهم | نقيم لهم يوم | يوم القيامه وزنا
quotes 18:105: «فحبطت» in 0 segment(s): 
quotes 18:105: «نقيم» in 2 segment(s): BURHAN:v3p154, ITQAN:v3p166
quotes 18:105: «وزنا» in 10 segment(s): BINTSHATI-IJAZ:p131, BINTSHATI-IJAZ:p132, BURHAN:v2p471, BURHAN:v3p154, ITQAN:v3p166, ITQAN:v3p190#2, ITQAN:v3p278#2, JURJANI-DALAIL:v1p215, SIBAWAYH:وذلكقولكهوابنعمىدنياوهوجارىبيتبيت|فهذهأحوالقدوقعفيكل#255, SIBAWAYH:(هذابابنظائربعضماذكرنامنبناتالواوالتيالواوفيهنفاء)#681
quotes 18:105: «ربهم ولقايه» in 0 segment(s): 
quotes 18:105: «اعمالهم فلا» in 0 segment(s): 
quotes 20:10: 20 unique window(s): بقبس | اذ را | را نارا | نارا فقال | فقال لاهله | منها بقبس | بقبس او | او اجد | اجد علي | النار هدي | اذ را نارا | را نارا فقال | نارا فقال لاهله | فقال لاهله امكثوا | اتيكم منها بقبس | منها بقبس او | بقبس او اجد | او اجد علي | اجد علي النار | علي النار هدي
quotes 20:10: «بقبس» in 4 segment(s): BAQILLANI:v1p189, BINTSHATI-IJAZ:p217, BINTSHATI-IJAZ:p369, BINTSHATI-IJAZ:p452
quotes 20:10: «اذ را» in 0 segment(s): 
quotes 20:10: «را نارا» in 0 segment(s): 
quotes 20:10: «نارا فقال» in 4 segment(s): BAQILLANI:v1p189, BINTSHATI-IJAZ:p217, BINTSHATI-IJAZ:p369, BINTSHATI-IJAZ:p452
quotes 20:10: «فقال لاهله» in 5 segment(s): BAQILLANI:v1p189, BINTSHATI-IJAZ:p217, BINTSHATI-IJAZ:p369, BINTSHATI-IJAZ:p452, BURHAN:v3p96
quotes 20:10: «او اجد» in 6 segment(s): BAQILLANI:v1p189, BINTSHATI-IJAZ:p217, BINTSHATI-IJAZ:p369, BINTSHATI-IJAZ:p452, DAMGHANI:v1p472, IBNJAWZI-NUZHA:v1p629
quotes 20:10: «اجد علي» in 7 segment(s): BAQILLANI:v1p189, BINTSHATI-IJAZ:p217, BINTSHATI-IJAZ:p369, BINTSHATI-IJAZ:p452, BURHAN:v3p209, DAMGHANI:v1p472, IBNJAWZI-NUZHA:v1p629
quotes 20:10: «النار هدي» in 6 segment(s): BAQILLANI:v1p189, BINTSHATI-IJAZ:p217, BINTSHATI-IJAZ:p369, BINTSHATI-IJAZ:p452, DAMGHANI:v1p472, IBNJAWZI-NUZHA:v1p629
quotes 21:18: 26 unique window(s): نقذف | فيدمغه | زاهق | الويل | بل نقذف | نقذف بالحق | بالحق علي | علي الباطل | الباطل فيدمغه | فيدمغه فاذا | هو زاهق | زاهق ولكم | ولكم الويل | الويل مما | مما تصفون | بل نقذف بالحق | نقذف بالحق علي | بالحق علي الباطل | علي الباطل فيدمغه | الباطل فيدمغه فاذا | فيدمغه فاذا هو | فاذا هو زاهق | هو زاهق ولكم | زاهق ولكم الويل | ولكم الويل مما | الويل مما تصفون
quotes 21:18: «نقذف» in 6 segment(s): BAQILLANI:v1p265, BURHAN:v3p437, BURHAN:v3p442, ITQAN:v3p121, NASHR:v2p7, RUMMANI:v1p88
quotes 21:18: «فيدمغه» in 5 segment(s): BAQILLANI:v1p265, BURHAN:v3p437, BURHAN:v3p442, ITQAN:v3p121, RUMMANI:v1p88
quotes 21:18: «زاهق» in 4 segment(s): BAQILLANI:v1p265, BURHAN:v3p437, MAJAZ:v2p369#2, RUMMANI:v1p88
quotes 21:18: «الويل» in 20 segment(s): ALUSI-FULL:v1p37, BURHAN:v2p324, BURHAN:v3p19, BURHAN:v4p443, DAMGHANI:v1p403, DURR-FULL:v1p17, IBNASHUR-FULL:v1p18#2, IBNQUTAYBA-GHARIB:v1p3, IBNQUTAYBA-MUSHKIL:v1p296#2, ITQAN:v2p459, ITQAN:v2p526#2, JISHUMI:v1p451#2 …
quotes 21:18: «بالحق علي» in 7 segment(s): BAQILLANI:v1p265, BURHAN:v3p437, BURHAN:v3p442, IBNJAWZI-NUZHA:v1p377, ITQAN:v3p121, JISHUMI:v1p860, RUMMANI:v1p88
quotes 21:18: «علي الباطل» in 8 segment(s): BAQILLANI:v1p265, BURHAN:v2p313, BURHAN:v3p437, BURHAN:v3p442, ITQAN:v3p121, JISHUMI:v1p691, RUMMANI:v1p88, SAMARRAI-LAMASAT-HALAQAT:p704
quotes 21:18: «مما تصفون» in 3 segment(s): BURHAN:v4p443, IBNQUTAYBA-MUSHKIL:v1p296#2, ITQAN:v2p526#2
quotes 22:11: 39 unique window(s): اصابه | اطمان | اصابته | انقلب | من يعبد | يعبد الله | عليا حرف | حرف فان | فان اصابه | اصابه خير | خير اطمان | اطمان به | وان اصابته | اصابته فتنه | فتنه انقلب | انقلب عليا | وجهه خسر | خسر الدنيا | والاخره ذالك | الناس من يعبد | من يعبد الله | يعبد الله عليا | الله عليا حرف | عليا حرف فان | حرف فان اصابه | فان اصابه خير | اصابه خير اطمان | خير اطمان به | اطمان به وان | به وان اصابته | وان اصابته فتنه | اصابته فتنه انقلب | فتنه انقلب عليا | انقلب عليا وجهه | عليا وجهه خسر | وجهه خسر الدنيا | خسر الدنيا والاخره | الدنيا والاخره ذالك | والاخره ذالك هو
quotes 22:11: «اصابه» in 35 segment(s): BAQILLANI:v1p169, BINTSHATI-IJAZ:p357, BINTSHATI-IJAZ:p588, BURHAN:v1p434, BURHAN:v3p344, BURHAN:v3p422, BURHAN:v4p299, DAMGHANI:v1p297, IBNJAWZI-NUZHA:v1p271, IBNJAWZI-NUZHA:v1p615, IBNQUTAYBA-MUSHKIL:v1p31, IBNQUTAYBA-MUSHKIL:v1p71 …
quotes 22:11: «اطمان» in 10 segment(s): BAQILLANI:v1p220, DAMGHANI:v1p297, IBNJAWZI-NUZHA:v1p276, IBNQUTAYBA-MUSHKIL:v1p31, JISHUMI:v2p1016#2, JURJANI-ASRAR:v1p247, NASHR:v1p23, NASHR:v1p398, SIBAWAYH:(هذابابالجزاء)#481, SIBAWAYH:(هذابابمضاعفالفعلواختلافالعربفيه)#646
quotes 22:11: «اصابته» in 9 segment(s): ALUSI-FULL:v1p21#2, BURHAN:v3p59, BURHAN:v3p430, DAMGHANI:v1p297, IBNQUTAYBA-MUSHKIL:v1p31, ITQAN:v2p361, JURJANI-ASRAR:v1p66, SIBAWAYH:(هذابابثباتالياءوالواوفيالهاءالتيهيعلامةالإضماروحذفهما)#741, TAB-FULL:v1p73
quotes 22:11: «انقلب» in 8 segment(s): IBNQUTAYBA-MUSHKIL:v1p31, ITQAN:v4p357, JURJANI-ASRAR:v1p349, NASHR:v2p313, NASHR:v2p379#2, SAMARRAI-ASRAR:r16#2, SAMARRAI-LAMASAT-HALAQAT:p96, SIBAWAYH:(هذابابالواوالتيتدخلعليهاألفالاستفهام)#519
quotes 22:11: «من يعبد» in 10 segment(s): BURHAN:v1p216, BURHAN:v1p226, BURHAN:v2p150, BURHAN:v2p210, BURHAN:v2p211, IBNATIYYA-FULL:v1p43#2, IBNQUTAYBA-MUSHKIL:v1p31, ITQAN:v4p344#2, SAMARRAI-LAMASAT-HALAQAT:p1010, TAB-FULL:v1p65
quotes 22:11: «يعبد الله» in 11 segment(s): BURHAN:v1p216, BURHAN:v1p226, BURHAN:v2p150, BURHAN:v2p210, BURHAN:v2p211, IBNATIYYA-FULL:v1p43#2, IBNQUTAYBA-MUSHKIL:v1p31, ITQAN:v3p140, ITQAN:v4p344#2, NASHR:v1p23, TAB-FULL:v1p65
quotes 22:11: «عليا حرف» in 0 segment(s): 
quotes 22:11: «حرف فان» in 2 segment(s): IBNQUTAYBA-MUSHKIL:v1p31, ITQAN:v1p157#3
quotes 22:11: «وجهه خسر» in 0 segment(s): 
quotes 22:11: «خسر الدنيا» in 3 segment(s): DAMGHANI:v1p297, JISHUMI:v1p574, NASHR:v2p325
quotes 22:11: «والاخره ذالك» in 0 segment(s): 
quotes 22:12: 12 unique window(s): يضره | ينفعه | لا يضره | يضره وما | لا ينفعه | ينفعه ذالك | ما لا يضره | لا يضره وما | يضره وما لا | وما لا ينفعه | لا ينفعه ذالك | ينفعه ذالك هو
quotes 22:12: «يضره» in 8 segment(s): ALUSI-FULL:v1p30, BURHAN:v4p36, JISHUMI:v1p524, JURJANI-DALAIL:v1p307, NASHR:v2p450, RAZI-FULL:v1p69, SAMARRAI-LAMASAT-HALAQAT:p97, SAMARRAI-LAMASAT-HALAQAT:p705
quotes 22:12: «ينفعه» in 11 segment(s): ALUSI-FULL:v1p37, BAQILLANI:v1p145#2, BURHAN:v2p365, BURHAN:v2p379, IBNQUTAYBA-MUSHKIL:v1p211#2, JISHUMI:v1p615, SAMARRAI-LAMASAT-HALAQAT:p96, SAMARRAI-LAMASAT-HALAQAT:p97, SAMARRAI-LAMASAT-HALAQAT:p102, SAMARRAI-LAMASAT-HALAQAT:p684, SAMARRAI-LAMASAT-HALAQAT:p705
quotes 23:103: 4 unique window(s): انفسهم في | خسروا انفسهم في | انفسهم في جهنم | في جهنم خالدون
quotes 23:103: «انفسهم في» in 10 segment(s): BURHAN:v2p129, BURHAN:v2p410, BURHAN:v4p176, IBNASHUR-FULL:v1p31, IBNQUTAYBA-MUSHKIL:v1p260, JISHUMI:v1p449, JISHUMI:v1p654#2, JURJANI-DALAIL:v1p330, NASHR:v1p5, NASHR:v2p149
quotes 23:103: «في جهنم خالدون» in 0 segment(s): 
quotes 26:177: 6 unique window(s): شعيب | لهم شعيب | شعيب الا | قال لهم شعيب | لهم شعيب الا | شعيب الا تتقون
NOTE quotes 26:177: window «شعيب» in 85 segments, too common alone; the longer windows that contain it are used instead
quotes 26:177: «لهم شعيب» in 3 segment(s): SAMARRAI-ASRAR:r3#6, SAMARRAI-ASRAR:r5#9, SAMARRAI-LAMASAT-HALAQAT:p588
quotes 26:177: «شعيب الا» in 3 segment(s): SAMARRAI-ASRAR:r3#6, SAMARRAI-ASRAR:r5#9, SAMARRAI-LAMASAT-HALAQAT:p588
quotes 26:181: 7 unique window(s): المخسرين | اوفوا الكيل | الكيل ولا | من المخسرين | اوفوا الكيل ولا | الكيل ولا تكونوا | تكونوا من المخسرين
quotes 26:181: «المخسرين» in 1 segment(s): SAMARRAI-ASRAR:r3#6
quotes 26:181: «اوفوا الكيل» in 1 segment(s): SAMARRAI-ASRAR:r3#6
quotes 26:181: «الكيل ولا» in 1 segment(s): SAMARRAI-ASRAR:r3#6
quotes 28:29: 31 unique window(s): الاجل | وسار | جذوه | قضيا موسي | موسي الاجل | الاجل وسار | وسار باهله | باهله انس | انس من | الطور نارا | قال لاهله | او جذوه | جذوه من | النار لعلكم | فلما قضيا موسي | قضيا موسي الاجل | موسي الاجل وسار | الاجل وسار باهله | وسار باهله انس | باهله انس من | انس من جانب | جانب الطور نارا | الطور نارا قال | نارا قال لاهله | قال لاهله امكثوا | اتيكم منها بخبر | بخبر او جذوه | او جذوه من | جذوه من النار | من النار لعلكم | النار لعلكم تصطلون
NOTE quotes 28:29: window «الاجل» in 57 segments, too common alone; the longer windows that contain it are used instead
quotes 28:29: «وسار» in 20 segment(s): BINTSHATI-IJAZ:p217, DAMGHANI:v1p54, DAMGHANI:v1p255, IBNJAWZI-NUZHA:v1p163#2, JISHUMI:v1p830, JURJANI-DALAIL:v1p227, KHATTABI:v1p54, NASHR:v1p379, SAMARRAI-ASRAR-MUH:p99, SAMARRAI-ASRAR-MUH:p100, SAMARRAI-LAMASAT:p90, SAMARRAI-LAMASAT:p111 …
quotes 28:29: «جذوه» in 17 segment(s): BAQILLANI:v1p189, BINTSHATI-IJAZ:p217, ITQAN:v2p325#2, JURJANI-ASRAR:v1p135#2, MAJAZ:v2p406, NASHR:v2p341, SAMARRAI-ASRAR-MUH:p99, SAMARRAI-ASRAR-MUH:p100, SAMARRAI-LAMASAT:p90, SAMARRAI-LAMASAT:p91, SAMARRAI-LAMASAT:p95, SAMARRAI-LAMASAT-HALAQAT:p70 …
quotes 28:29: «قضيا موسي» in 0 segment(s): 
quotes 28:29: «موسي الاجل» in 12 segment(s): BINTSHATI-IJAZ:p217, DAMGHANI:v1p383, IBNJAWZI-NUZHA:v1p163#2, IBNJAWZI-NUZHA:v1p508, SAMARRAI-ASRAR-MUH:p99, SAMARRAI-ASRAR-MUH:p100, SAMARRAI-LAMASAT:p90, SAMARRAI-LAMASAT:p111, SAMARRAI-LAMASAT-HALAQAT:p70, SAMARRAI-LAMASAT-HALAQAT:p89, SAMARRAI-LAMASAT-HALAQAT:p549, SAMARRAI-LAMASAT-HALAQAT:p605
quotes 28:29: «باهله انس» in 8 segment(s): BINTSHATI-IJAZ:p217, SAMARRAI-ASRAR-MUH:p99, SAMARRAI-ASRAR-MUH:p100, SAMARRAI-LAMASAT:p90, SAMARRAI-LAMASAT:p111, SAMARRAI-LAMASAT-HALAQAT:p70, SAMARRAI-LAMASAT-HALAQAT:p89, SAMARRAI-LAMASAT-HALAQAT:p549
quotes 28:29: «انس من» in 18 segment(s): BINTSHATI-IJAZ:p217, ITQAN:v1p193, ITQAN:v4p405, ITQAN:v4p410#6, ITQAN:v4p411#2, ITQAN:v4p413#3, ITQAN:v4p414#2, NASHR:v1p345, SAMARRAI-ASRAR-MUH:p99, SAMARRAI-ASRAR-MUH:p100, SAMARRAI-LAMASAT:p90, SAMARRAI-LAMASAT:p91 …
quotes 28:29: «الطور نارا» in 11 segment(s): BINTSHATI-IJAZ:p217, SAMARRAI-ASRAR-MUH:p99, SAMARRAI-ASRAR-MUH:p100, SAMARRAI-LAMASAT:p90, SAMARRAI-LAMASAT:p91, SAMARRAI-LAMASAT:p93, SAMARRAI-LAMASAT:p111, SAMARRAI-LAMASAT-HALAQAT:p70, SAMARRAI-LAMASAT-HALAQAT:p72, SAMARRAI-LAMASAT-HALAQAT:p89, SAMARRAI-LAMASAT-HALAQAT:p549
quotes 28:29: «قال لاهله» in 9 segment(s): BINTSHATI-IJAZ:p217, SAMARRAI-ASRAR-MUH:p99, SAMARRAI-ASRAR-MUH:p100, SAMARRAI-LAMASAT:p90, SAMARRAI-LAMASAT:p93, SAMARRAI-LAMASAT-HALAQAT:p70, SAMARRAI-LAMASAT-HALAQAT:p72, SAMARRAI-LAMASAT-HALAQAT:p549, SAMARRAI-LAMASAT-HALAQAT:p917
quotes 28:29: «النار لعلكم» in 10 segment(s): BAQILLANI:v1p189, BINTSHATI-IJAZ:p217, SAMARRAI-ASRAR-MUH:p99, SAMARRAI-ASRAR-MUH:p100, SAMARRAI-LAMASAT:p90, SAMARRAI-LAMASAT:p95, SAMARRAI-LAMASAT-HALAQAT:p70, SAMARRAI-LAMASAT-HALAQAT:p74, SAMARRAI-LAMASAT-HALAQAT:p549, SAMARRAI-LAMASAT-HALAQAT:p917
quotes 28:29: «اتيكم منها بخبر» in 15 segment(s): BAQILLANI:v1p189, BINTSHATI-IJAZ:p217, SAMARRAI-ASRAR-MUH:p99, SAMARRAI-ASRAR-MUH:p100, SAMARRAI-LAMASAT:p90, SAMARRAI-LAMASAT:p91, SAMARRAI-LAMASAT:p93, SAMARRAI-LAMASAT:p94, SAMARRAI-LAMASAT:p95, SAMARRAI-LAMASAT-HALAQAT:p70, SAMARRAI-LAMASAT-HALAQAT:p72, SAMARRAI-LAMASAT-HALAQAT:p73 …
quotes 29:57: 5 unique window(s): الموت ثم | الينا ترجعون | ذايقه الموت ثم | الموت ثم الينا | ثم الينا ترجعون
quotes 29:57: «الموت ثم» in 5 segment(s): BURHAN:v4p387, ITQAN:v4p520, SAMARRAI-LAMASAT-HALAQAT:p768, SAMARRAI-LAMASAT-HALAQAT:p770, SAMARRAI-LAMASAT-HALAQAT:p1060
quotes 29:57: «الينا ترجعون» in 3 segment(s): SAMARRAI-LAMASAT-HALAQAT:p768, SAMARRAI-LAMASAT-HALAQAT:p770, SAMARRAI-LAMASAT-HALAQAT:p1060
quotes 29:58: 16 unique window(s): غرفا | الصالحات لنبوينهم | لنبوينهم من | الجنه غرفا | غرفا تجري | فيها نعم | نعم اجر | وعملوا الصالحات لنبوينهم | الصالحات لنبوينهم من | لنبوينهم من الجنه | من الجنه غرفا | الجنه غرفا تجري | غرفا تجري من | خالدين فيها نعم | فيها نعم اجر | نعم اجر العاملين
quotes 29:58: «غرفا» in 2 segment(s): JISHUMI:v2p985, SAMARRAI-LAMASAT-HALAQAT:p770
quotes 29:58: «الصالحات لنبوينهم» in 0 segment(s): 
quotes 29:58: «لنبوينهم من» in 1 segment(s): NASHR:v2p343
quotes 29:58: «فيها نعم» in 2 segment(s): DAMGHANI:v1p93, ITQAN:v2p434#3
quotes 29:58: «نعم اجر» in 0 segment(s): 
quotes 29:59: 0 unique window(s): 
quotes 30:60: 9 unique window(s): يستخفنك | حق ولا | ولا يستخفنك | يستخفنك الذين | الله حق ولا | حق ولا يستخفنك | ولا يستخفنك الذين | يستخفنك الذين لا | الذين لا يوقنون
quotes 30:60: «يستخفنك» in 4 segment(s): BINTSHATI-IJAZ:p160, BINTSHATI-IJAZ:p177, ITQAN:v1p298, NASHR:v2p345
quotes 30:60: «حق ولا» in 5 segment(s): BINTSHATI-IJAZ:p160, BINTSHATI-IJAZ:p177, ITQAN:v1p298, ITQAN:v4p356, SAMARRAI-LAMASAT-HALAQAT:p855
quotes 30:60: «الذين لا يوقنون» in 3 segment(s): BINTSHATI-IJAZ:p160, BINTSHATI-IJAZ:p177, ITQAN:v1p298
quotes 31:13: 25 unique window(s): لابنه | يعظه | الشرك | لظلم | قال لقمان | لقمان لابنه | لابنه وهو | وهو يعظه | يعظه يابني | تشرك بالله | ان الشرك | الشرك لظلم | لظلم عظيم | واذ قال لقمان | قال لقمان لابنه | لقمان لابنه وهو | لابنه وهو يعظه | وهو يعظه يابني | يعظه يابني لا | يابني لا تشرك | لا تشرك بالله | تشرك بالله ان | بالله ان الشرك | ان الشرك لظلم | الشرك لظلم عظيم
quotes 31:13: «لابنه» in 13 segment(s): BAQILLANI:v1p279, BINTSHATI-IJAZ:p493, BURHAN:v2p183, IBNASHUR-FULL:v1p49, IBNQUTAYBA-MUSHKIL:v1p157, IBNQUTAYBA-MUSHKIL:v1p166, ITQAN:v4p391, JISHUMI:v1p752, NASHR:v1p230, SAMARRAI-LAMASAT-HALAQAT:p92, SAMARRAI-LAMASAT-HALAQAT:p97, SAMARRAI-LAMASAT-HALAQAT:p98 …
quotes 31:13: «يعظه» in 4 segment(s): NASHR:v1p230, SAMARRAI-LAMASAT-HALAQAT:p92, SAMARRAI-LAMASAT-HALAQAT:p97, SAMARRAI-LAMASAT-HALAQAT:p98
NOTE quotes 31:13: window «الشرك» in 123 segments, too common alone; the longer windows that contain it are used instead
quotes 31:13: «لظلم» in 16 segment(s): BURHAN:v1p13, BURHAN:v2p183, DAMGHANI:v1p306, IBNASHUR-FULL:v1p49, IBNATIYYA-FULL:v1p34, IBNQUTAYBA-MUSHKIL:v1p258, ITQAN:v1p89#2, ITQAN:v4p352, ITQAN:v4p462#2, ITQAN:v4p508, SAMARRAI-LAMASAT-HALAQAT:p92, SAMARRAI-LAMASAT-HALAQAT:p97 …
quotes 31:13: «قال لقمان» in 6 segment(s): BURHAN:v2p183, IBNQUTAYBA-MUSHKIL:v1p157, ITQAN:v4p391, NASHR:v1p230, SAMARRAI-LAMASAT-HALAQAT:p92, SAMARRAI-LAMASAT-HALAQAT:p97
quotes 31:13: «تشرك بالله» in 6 segment(s): BURHAN:v2p183, BURHAN:v3p42, SAMARRAI-LAMASAT-HALAQAT:p92, SAMARRAI-LAMASAT-HALAQAT:p97, SAMARRAI-LAMASAT-HALAQAT:p99, SAMARRAI-LAMASAT-HALAQAT:p101
quotes 31:13: «ان الشرك» in 18 segment(s): BURHAN:v1p13, BURHAN:v2p183, DAMGHANI:v1p306, IBNASHUR-FULL:v1p49, IBNJAWZI-NUZHA:v1p371, IBNQUTAYBA-MUSHKIL:v1p258, ITQAN:v1p89#2, ITQAN:v1p229#2, ITQAN:v4p352, ITQAN:v4p462#2, ITQAN:v4p508, NASHR:v1p230 …
quotes 31:13: «يابني لا تشرك» in 2 segment(s): NASHR:v1p230, NASHR:v2p346
quotes 31:14: 29 unique window(s): وهنا | عامين | ولوالديك | بوالديه حملته | امه وهنا | وهنا عليا | عليا وهن | وهن وفصاله | وفصاله في | في عامين | عامين ان | اشكر لي | لي ولوالديك | ولوالديك الي | الي المصير | الانسان بوالديه حملته | بوالديه حملته امه | حملته امه وهنا | امه وهنا عليا | وهنا عليا وهن | عليا وهن وفصاله | وهن وفصاله في | وفصاله في عامين | في عامين ان | عامين ان اشكر | ان اشكر لي | اشكر لي ولوالديك | لي ولوالديك الي | ولوالديك الي المصير
NOTE quotes 31:14: window «وهنا» in 72 segments, too common alone; the longer windows that contain it are used instead
quotes 31:14: «عامين» in 14 segment(s): BURHAN:v2p3, BURHAN:v3p58, BURHAN:v4p302, DAMGHANI:v1p148, IBNASHUR-FULL:v1p12, ITQAN:v4p340#2, ITQAN:v4p452, JISHUMI:v2p936, RIFAI-KHULI:c1, SAMARRAI-LAMASAT-HALAQAT:p92, SAMARRAI-LAMASAT-HALAQAT:p101, SAMARRAI-LAMASAT-HALAQAT:p103 …
quotes 31:14: «ولوالديك» in 6 segment(s): BURHAN:v3p58, BURHAN:v4p343, SAMARRAI-LAMASAT-HALAQAT:p92, SAMARRAI-LAMASAT-HALAQAT:p101, SAMARRAI-LAMASAT-HALAQAT:p1014, SAMARRAI-LAMASAT-HALAQAT:p1015
quotes 31:14: «بوالديه حملته» in 7 segment(s): BURHAN:v3p58, DAMGHANI:v1p51, IBNJAWZI-NUZHA:v1p178, SAMARRAI-LAMASAT-HALAQAT:p92, SAMARRAI-LAMASAT-HALAQAT:p101, SAMARRAI-LAMASAT-HALAQAT:p1014, SAMARRAI-LAMASAT-HALAQAT:p1015
quotes 31:14: «امه وهنا» in 9 segment(s): BURHAN:v3p58, IBNJAWZI-NUZHA:v1p178, SAMARRAI-LAMASAT-HALAQAT:p92, SAMARRAI-LAMASAT-HALAQAT:p101, SAMARRAI-LAMASAT-HALAQAT:p103, SAMARRAI-LAMASAT-HALAQAT:p104, SAMARRAI-LAMASAT-HALAQAT:p1014, SAMARRAI-LAMASAT-HALAQAT:p1015, SAMARRAI-LAMASAT-HALAQAT:p1016
quotes 31:14: «وهنا عليا» in 0 segment(s): 
quotes 31:14: «عليا وهن» in 0 segment(s): 
quotes 31:14: «وهن وفصاله» in 6 segment(s): BURHAN:v3p58, SAMARRAI-LAMASAT-HALAQAT:p92, SAMARRAI-LAMASAT-HALAQAT:p101, SAMARRAI-LAMASAT-HALAQAT:p103, SAMARRAI-LAMASAT-HALAQAT:p1014, SAMARRAI-LAMASAT-HALAQAT:p1015
quotes 31:14: «وفصاله في» in 10 segment(s): BURHAN:v2p3, BURHAN:v3p58, BURHAN:v4p302, IBNASHUR-FULL:v1p12, ITQAN:v4p340#2, SAMARRAI-LAMASAT-HALAQAT:p92, SAMARRAI-LAMASAT-HALAQAT:p101, SAMARRAI-LAMASAT-HALAQAT:p103, SAMARRAI-LAMASAT-HALAQAT:p1014, SAMARRAI-LAMASAT-HALAQAT:p1015
quotes 31:14: «اشكر لي» in 7 segment(s): BURHAN:v3p58, BURHAN:v4p343, NASHR:v2p11#2, SAMARRAI-LAMASAT-HALAQAT:p92, SAMARRAI-LAMASAT-HALAQAT:p101, SAMARRAI-LAMASAT-HALAQAT:p1014, SAMARRAI-LAMASAT-HALAQAT:p1015
quotes 31:14: «الي المصير» in 4 segment(s): SAMARRAI-LAMASAT-HALAQAT:p92, SAMARRAI-LAMASAT-HALAQAT:p101, SAMARRAI-LAMASAT-HALAQAT:p1014, SAMARRAI-LAMASAT-HALAQAT:p1015
quotes 31:17: 19 unique window(s): يابني اقم | الصلواه وامر | وامر بالمعروف | بالمعروف وانه | وانه عن | المنكر واصبر | اصابك ان | يابني اقم الصلواه | اقم الصلواه وامر | الصلواه وامر بالمعروف | وامر بالمعروف وانه | بالمعروف وانه عن | وانه عن المنكر | عن المنكر واصبر | المنكر واصبر عليا | عليا ما اصابك | ما اصابك ان | اصابك ان ذالك | ان ذالك من
quotes 31:17: «يابني اقم» in 2 segment(s): NASHR:v2p289, NASHR:v2p346
quotes 31:17: «الصلواه وامر» in 0 segment(s): 
quotes 31:17: «وامر بالمعروف» in 8 segment(s): DAMGHANI:v1p37, DAMGHANI:v1p325, IBNJAWZI-NUZHA:v1p574, JURJANI-DALAIL:v1p243, RAZI-FULL:v1p67#2, SAMARRAI-LAMASAT-HALAQAT:p92, SAMARRAI-LAMASAT-HALAQAT:p1016, SAMARRAI-LAMASAT-HALAQAT:p1109
quotes 31:17: «بالمعروف وانه» in 4 segment(s): JURJANI-DALAIL:v1p243, SAMARRAI-LAMASAT-HALAQAT:p92, SAMARRAI-LAMASAT-HALAQAT:p1016, SAMARRAI-LAMASAT-HALAQAT:p1109
quotes 31:17: «وانه عن» in 6 segment(s): DAMGHANI:v1p37, IBNJAWZI-NUZHA:v1p544, JURJANI-DALAIL:v1p243, SAMARRAI-LAMASAT-HALAQAT:p92, SAMARRAI-LAMASAT-HALAQAT:p1016, SAMARRAI-LAMASAT-HALAQAT:p1109
quotes 31:17: «المنكر واصبر» in 4 segment(s): JURJANI-DALAIL:v1p243, SAMARRAI-LAMASAT-HALAQAT:p92, SAMARRAI-LAMASAT-HALAQAT:p1016, SAMARRAI-LAMASAT-HALAQAT:p1109
quotes 31:17: «اصابك ان» in 5 segment(s): JURJANI-DALAIL:v1p243, SAMARRAI-LAMASAT-HALAQAT:p92, SAMARRAI-LAMASAT-HALAQAT:p593, SAMARRAI-LAMASAT-HALAQAT:p1016, SAMARRAI-LAMASAT-HALAQAT:p1109
quotes 31:17: «عليا ما اصابك» in 0 segment(s): 
quotes 31:17: «ان ذالك من» in 0 segment(s): 
quotes 33:72: 39 unique window(s): عرضنا | الامانه | فابين | يحملنها | واشفقن | وحملها | ظلوما | جهولا | انا عرضنا | عرضنا الامانه | الامانه علي | علي السماوات | والارض والجبال | والجبال فابين | فابين ان | ان يحملنها | يحملنها واشفقن | واشفقن منها | منها وحملها | وحملها الانسان | الانسان انه | كان ظلوما | ظلوما جهولا | انا عرضنا الامانه | عرضنا الامانه علي | الامانه علي السماوات | علي السماوات والارض | السماوات والارض والجبال | والارض والجبال فابين | والجبال فابين ان | فابين ان يحملنها | ان يحملنها واشفقن | يحملنها واشفقن منها | واشفقن منها وحملها | منها وحملها الانسان | وحملها الانسان انه | الانسان انه كان | انه كان ظلوما | كان ظلوما جهولا
quotes 33:72: «عرضنا» in 9 segment(s): DAMGHANI:v1p45, IBNJAWZI-NUZHA:v1p104, IBNQUTAYBA-MUSHKIL:v1p245#2, JISHUMI:v2p946, MAJAZ:v1p1#30, SAMARRAI-ASRAR-MUH:p78, SAMARRAI-LAMASAT:p146, SAMARRAI-LAMASAT-HALAQAT:p529, SAMARRAI-LAMASAT-HALAQAT:p725
quotes 33:72: «الامانه» in 32 segment(s): BAQILLANI:v1p68, BINTSHATI-IJAZ:p234, BURHAN:v2p389, DAMGHANI:v1p45, DAMGHANI:v1p164, DAMGHANI:v1p166, DAMGHANI:v1p278, DAMGHANI:v1p282, DAMGHANI:v1p335, DURR-FULL:v1p10, IBNJAWZI-NUZHA:v1p104, IBNJAWZI-NUZHA:v1p281 …
quotes 33:72: «فابين» in 5 segment(s): IBNQUTAYBA-MUSHKIL:v1p245#2, SAMARRAI-ASRAR-MUH:p78, SAMARRAI-LAMASAT-HALAQAT:p529, SAMARRAI-LAMASAT-HALAQAT:p725, SIBAWAYH:اعلمأنالمندوبمدعوولكنهمتفجععليهفإنشئتألحقتفيآخرالاسم#308
quotes 33:72: «يحملنها» in 5 segment(s): BINTSHATI-IJAZ:p234, IBNQUTAYBA-MUSHKIL:v1p245#2, SAMARRAI-ASRAR-MUH:p78, SAMARRAI-LAMASAT-HALAQAT:p529, SAMARRAI-LAMASAT-HALAQAT:p725
quotes 33:72: «واشفقن» in 5 segment(s): BINTSHATI-IJAZ:p234, IBNQUTAYBA-MUSHKIL:v1p245#2, SAMARRAI-ASRAR-MUH:p78, SAMARRAI-LAMASAT-HALAQAT:p529, SAMARRAI-LAMASAT-HALAQAT:p725
quotes 33:72: «وحملها» in 9 segment(s): BINTSHATI-IJAZ:p162, DAMGHANI:v1p143, IBNQUTAYBA-MUSHKIL:v1p245#2, ITQAN:v4p391, JURJANI-ASRAR:v1p247, SAMARRAI-ASRAR-MUH:p78, SAMARRAI-LAMASAT-HALAQAT:p529, SAMARRAI-LAMASAT-HALAQAT:p725, YKHULI-TAJDID:c3
quotes 33:72: «ظلوما» in 9 segment(s): BURHAN:v1p86, BURHAN:v4p123, IBNQUTAYBA-MUSHKIL:v1p245#2, ITQAN:v3p273, ITQAN:v4p532#4, SAMARRAI-ASRAR-MUH:p78, SAMARRAI-LAMASAT-HALAQAT:p529, SAMARRAI-LAMASAT-HALAQAT:p725, SAMARRAI-LAMASAT-HALAQAT:p972
quotes 33:72: «جهولا» in 7 segment(s): BURHAN:v4p123, IBNQUTAYBA-MUSHKIL:v1p245#2, ITQAN:v2p326#4, SAMARRAI-ASRAR-MUH:p78, SAMARRAI-LAMASAT-HALAQAT:p529, SAMARRAI-LAMASAT-HALAQAT:p725, SAMARRAI-LAMASAT-HALAQAT:p972
quotes 33:72: «علي السماوات» in 9 segment(s): BURHAN:v2p24, BURHAN:v4p115, DAMGHANI:v1p45, IBNJAWZI-NUZHA:v1p104, IBNQUTAYBA-MUSHKIL:v1p245#2, SAMARRAI-ASRAR-MUH:p78, SAMARRAI-LAMASAT:p146, SAMARRAI-LAMASAT-HALAQAT:p529, SAMARRAI-LAMASAT-HALAQAT:p725
quotes 33:72: «والارض والجبال» in 8 segment(s): BINTSHATI-IJAZ:p234, DAMGHANI:v1p45, IBNJAWZI-NUZHA:v1p104, IBNQUTAYBA-MUSHKIL:v1p245#2, SAMARRAI-ASRAR-MUH:p78, SAMARRAI-LAMASAT:p146, SAMARRAI-LAMASAT-HALAQAT:p529, SAMARRAI-LAMASAT-HALAQAT:p725
quotes 33:72: «الانسان انه» in 8 segment(s): BURHAN:v3p318, IBNQUTAYBA-MUSHKIL:v1p245#2, ITQAN:v3p229, JISHUMI:v1p538, SAMARRAI-ASRAR-MUH:p78, SAMARRAI-LAMASAT-HALAQAT:p529, SAMARRAI-LAMASAT-HALAQAT:p725, YKHULI-TAJDID:c3
quotes 39:10: 26 unique window(s): وارض | يوفي | قل ياعباد | ياعباد الذين | ربكم للذين | حسنه وارض | وارض الله | واسعه انما | انما يوفي | يوفي الصابرون | الصابرون اجرهم | اجرهم بغير | قل ياعباد الذين | ياعباد الذين امنوا | امنوا اتقوا ربكم | اتقوا ربكم للذين | ربكم للذين احسنوا | الدنيا حسنه وارض | حسنه وارض الله | وارض الله واسعه | الله واسعه انما | واسعه انما يوفي | انما يوفي الصابرون | يوفي الصابرون اجرهم | الصابرون اجرهم بغير | اجرهم بغير حساب
quotes 39:10: «وارض» in 12 segment(s): BAQILLANI:v1p241, BINTSHATI-IJAZ:p593, IBNJAWZI-NUZHA:v1p167, IBNJAWZI-NUZHA:v1p379, IBNJAWZI-NUZHA:v1p444, IBNQUTAYBA-MUSHKIL:v1p258, JURJANI-ASRAR:v1p200, SAMARRAI-LAMASAT-HALAQAT:p768, SAMARRAI-LAMASAT-HALAQAT:p770, SAMARRAI-LAMASAT-HALAQAT:p910, SAMARRAI-LAMASAT-HALAQAT:p1059, SAMARRAI-LAMASAT-HALAQAT:p1060
quotes 39:10: «يوفي» in 15 segment(s): BAQILLANI:v1p234, BURHAN:v2p24, IBNQUTAYBA-MUSHKIL:v1p127, JISHUMI:v2p966#2, JISHUMI:v2p974, JISHUMI:v2p1049, JISHUMI:v2p1070, JURJANI-ASRAR:v1p267, JURJANI-DALAIL:v1p57, SAMARRAI-LAMASAT-HALAQAT:p768, SAMARRAI-LAMASAT-HALAQAT:p770, SAMARRAI-LAMASAT-HALAQAT:p887 …
quotes 39:10: «قل ياعباد» in 1 segment(s): SAMARRAI-LAMASAT-HALAQAT:p769
quotes 39:10: «ياعباد الذين» in 1 segment(s): SAMARRAI-LAMASAT-HALAQAT:p769
quotes 39:10: «ربكم للذين» in 4 segment(s): SAMARRAI-LAMASAT-HALAQAT:p768, SAMARRAI-LAMASAT-HALAQAT:p910, SAMARRAI-LAMASAT-HALAQAT:p1059, SAMARRAI-LAMASAT-HALAQAT:p1060
quotes 39:10: «واسعه انما» in 4 segment(s): SAMARRAI-LAMASAT-HALAQAT:p768, SAMARRAI-LAMASAT-HALAQAT:p910, SAMARRAI-LAMASAT-HALAQAT:p1059, SAMARRAI-LAMASAT-HALAQAT:p1060
quotes 39:10: «الصابرون اجرهم» in 6 segment(s): JISHUMI:v2p974, SAMARRAI-LAMASAT-HALAQAT:p768, SAMARRAI-LAMASAT-HALAQAT:p770, SAMARRAI-LAMASAT-HALAQAT:p910, SAMARRAI-LAMASAT-HALAQAT:p1059, SAMARRAI-LAMASAT-HALAQAT:p1060
quotes 39:10: «اجرهم بغير» in 6 segment(s): JISHUMI:v2p974, SAMARRAI-LAMASAT-HALAQAT:p768, SAMARRAI-LAMASAT-HALAQAT:p770, SAMARRAI-LAMASAT-HALAQAT:p910, SAMARRAI-LAMASAT-HALAQAT:p1059, SAMARRAI-LAMASAT-HALAQAT:p1060
quotes 39:10: «امنوا اتقوا ربكم» in 5 segment(s): ITQAN:v1p52, SAMARRAI-LAMASAT-HALAQAT:p768, SAMARRAI-LAMASAT-HALAQAT:p910, SAMARRAI-LAMASAT-HALAQAT:p1059, SAMARRAI-LAMASAT-HALAQAT:p1060
quotes 39:15: 13 unique window(s): فاعبدوا | فاعبدوا ما | شيتم من | دونه قل | الا ذالك | فاعبدوا ما شيتم | ما شيتم من | شيتم من دونه | من دونه قل | دونه قل ان | قل ان الخاسرين | القيامه الا ذالك | الا ذالك هو
quotes 39:15: «فاعبدوا» in 3 segment(s): BAQILLANI:v1p86, BURHAN:v3p10, SAMARRAI-LAMASAT-HALAQAT:p1010
quotes 39:15: «شيتم من» in 3 segment(s): BAQILLANI:v1p86, BURHAN:v3p10, SAMARRAI-LAMASAT-HALAQAT:p1010
quotes 39:15: «دونه قل» in 0 segment(s): 
quotes 39:15: «الا ذالك» in 0 segment(s): 
quotes 39:15: «قل ان الخاسرين» in 2 segment(s): IBNJAWZI-NUZHA:v1p277, SAMARRAI-LAMASAT-HALAQAT:p771
quotes 40:55: 9 unique window(s): حق واستغفر | لذنبك وسبح | ربك بالعشي | الله حق واستغفر | حق واستغفر لذنبك | واستغفر لذنبك وسبح | لذنبك وسبح بحمد | بحمد ربك بالعشي | ربك بالعشي والابكار
quotes 40:55: «حق واستغفر» in 0 segment(s): 
quotes 40:55: «لذنبك وسبح» in 0 segment(s): 
quotes 40:55: «ربك بالعشي» in 0 segment(s): 
quotes 41:34: 25 unique window(s): ولا تستوي | تستوي الحسنه | الحسنه ولا | ولا السييه | السييه ادفع | احسن فاذا | الذي بينك | بينك وبينه | وبينه عداوه | عداوه كانه | كانه ولي | ولي حميم | ولا تستوي الحسنه | تستوي الحسنه ولا | الحسنه ولا السييه | ولا السييه ادفع | السييه ادفع بالتي | هي احسن فاذا | احسن فاذا الذي | فاذا الذي بينك | الذي بينك وبينه | بينك وبينه عداوه | وبينه عداوه كانه | عداوه كانه ولي | كانه ولي حميم
quotes 41:34: «ولا تستوي» in 6 segment(s): BURHAN:v3p76, BURHAN:v4p355, IBNJAWZI-NUZHA:v1p259, SAMARRAI-LAMASAT-HALAQAT:p583, SAMARRAI-LAMASAT-HALAQAT:p887, SAMARRAI-LAMASAT-HALAQAT:p888
quotes 41:34: «تستوي الحسنه» in 6 segment(s): BURHAN:v3p76, BURHAN:v4p355, IBNJAWZI-NUZHA:v1p259, SAMARRAI-LAMASAT-HALAQAT:p583, SAMARRAI-LAMASAT-HALAQAT:p887, SAMARRAI-LAMASAT-HALAQAT:p888
quotes 41:34: «الحسنه ولا» in 6 segment(s): BURHAN:v3p76, BURHAN:v4p355, IBNJAWZI-NUZHA:v1p259, SAMARRAI-LAMASAT-HALAQAT:p583, SAMARRAI-LAMASAT-HALAQAT:p887, SAMARRAI-LAMASAT-HALAQAT:p888
quotes 41:34: «ولا السييه» in 6 segment(s): BURHAN:v3p76, BURHAN:v4p355, IBNJAWZI-NUZHA:v1p259, SAMARRAI-LAMASAT-HALAQAT:p583, SAMARRAI-LAMASAT-HALAQAT:p887, SAMARRAI-LAMASAT-HALAQAT:p888
quotes 41:34: «السييه ادفع» in 3 segment(s): IBNJAWZI-NUZHA:v1p259, SAMARRAI-LAMASAT-HALAQAT:p583, SAMARRAI-LAMASAT-HALAQAT:p888
quotes 41:34: «احسن فاذا» in 5 segment(s): JURJANI-ASRAR:v1p229, NASHR:v1p256, RAZI-FULL:v1p67#2, SAMARRAI-LAMASAT-HALAQAT:p583, SAMARRAI-LAMASAT-HALAQAT:p888
quotes 41:34: «الذي بينك» in 6 segment(s): ITQAN:v2p307#2, JURJANI-ASRAR:v1p229, NASHR:v1p256, RAZI-FULL:v1p67#2, SAMARRAI-LAMASAT-HALAQAT:p583, SAMARRAI-LAMASAT-HALAQAT:p888
quotes 41:34: «بينك وبينه» in 13 segment(s): BINTSHATI-IJAZ:p128, BURHAN:v4p176, ITQAN:v2p307#2, JURJANI-ASRAR:v1p72, JURJANI-ASRAR:v1p229, JURJANI-DALAIL:v1p207, JURJANI-DALAIL:v1p397, NASHR:v1p256, RAZI-FULL:v1p67#2, SAMARRAI-LAMASAT-HALAQAT:p99, SAMARRAI-LAMASAT-HALAQAT:p583, SAMARRAI-LAMASAT-HALAQAT:p888 …
quotes 41:34: «وبينه عداوه» in 5 segment(s): JURJANI-ASRAR:v1p229, NASHR:v1p256, RAZI-FULL:v1p67#2, SAMARRAI-LAMASAT-HALAQAT:p583, SAMARRAI-LAMASAT-HALAQAT:p888
quotes 41:34: «عداوه كانه» in 4 segment(s): JURJANI-ASRAR:v1p229, RAZI-FULL:v1p67#2, SAMARRAI-LAMASAT-HALAQAT:p583, SAMARRAI-LAMASAT-HALAQAT:p888
quotes 41:34: «كانه ولي» in 6 segment(s): DAMGHANI:v1p146, IBNJAWZI-NUZHA:v1p236, JURJANI-ASRAR:v1p229, RAZI-FULL:v1p67#2, SAMARRAI-LAMASAT-HALAQAT:p583, SAMARRAI-LAMASAT-HALAQAT:p888
quotes 41:34: «ولي حميم» in 6 segment(s): DAMGHANI:v1p146, IBNJAWZI-NUZHA:v1p236, JURJANI-ASRAR:v1p229, RAZI-FULL:v1p67#2, SAMARRAI-LAMASAT-HALAQAT:p583, SAMARRAI-LAMASAT-HALAQAT:p888
quotes 41:35: 13 unique window(s): وما يلقياها | صبروا وما | وما يلقياها | الا ذو | ذو حظ | وما يلقياها الا | يلقياها الا الذين | الذين صبروا وما | صبروا وما يلقياها | وما يلقياها الا | يلقياها الا ذو | الا ذو حظ | ذو حظ عظيم
quotes 41:35: «وما يلقياها» in 0 segment(s): 
quotes 41:35: «صبروا وما» in 0 segment(s): 
quotes 41:35: «وما يلقياها» in 0 segment(s): 
quotes 41:35: «الا ذو» in 0 segment(s): 
quotes 41:35: «ذو حظ» in 0 segment(s): 
quotes 41:35: «يلقياها الا الذين» in 0 segment(s): 
quotes 51:11: 3 unique window(s): غمره ساهون | هم في غمره | في غمره ساهون
quotes 51:11: «غمره ساهون» in 2 segment(s): BINTSHATI-IJAZ:p385, ITQAN:v2p331
quotes 51:11: «هم في غمره» in 2 segment(s): BINTSHATI-IJAZ:p385, SAMARRAI-LAMASAT:p131
quotes 51:52: 12 unique window(s): كذالك ما | ما اتي | اتي الذين | الا قالوا | قالوا ساحر | كذالك ما اتي | ما اتي الذين | اتي الذين من | قبلهم من رسول | رسول الا قالوا | الا قالوا ساحر | قالوا ساحر او
quotes 51:52: «كذالك ما» in 0 segment(s): 
quotes 51:52: «ما اتي» in 20 segment(s): BAQILLANI:v1p22, BAQILLANI:v1p24, BAQILLANI:v1p303, BINTSHATI-IJAZ:p60, BURHAN:v2p134, BURHAN:v3p72, BURHAN:v3p157, BURHAN:v3p228, BURHAN:v3p365, BURHAN:v3p409, DAMGHANI:v1p304, JURJANI-DALAIL:v1p80 …
quotes 51:52: «اتي الذين» in 3 segment(s): BURHAN:v2p134, BURHAN:v3p228, RUMMANI:v1p108
quotes 51:52: «الا قالوا» in 9 segment(s): BURHAN:v2p134, BURHAN:v3p135, BURHAN:v3p228, ITQAN:v1p43, ITQAN:v2p456, ITQAN:v4p510, JURJANI-DALAIL:v1p276, RUMMANI:v1p108, SIBAWAYH:هذابابالإدغامفيحروفطرفاللسانوالثنايا#809
quotes 51:52: «قالوا ساحر» in 5 segment(s): BURHAN:v2p134, BURHAN:v3p135, BURHAN:v3p228, ITQAN:v2p456, RUMMANI:v1p108
quotes 51:52: «قبلهم من رسول» in 3 segment(s): BURHAN:v2p134, BURHAN:v3p228, RUMMANI:v1p108
quotes 51:53: 5 unique window(s): اتواصوا | اتواصوا به | به بل | اتواصوا به بل | به بل هم
quotes 51:53: «اتواصوا» in 3 segment(s): BURHAN:v2p134, BURHAN:v3p228, RUMMANI:v1p108
quotes 51:53: «به بل» in 17 segment(s): BURHAN:v2p134, BURHAN:v3p228, BURHAN:v3p423#2, BURHAN:v4p90, BURHAN:v4p100, BURHAN:v4p187, DAMGHANI:v1p314, DAMGHANI:v1p445, ITQAN:v3p122, JURJANI-ASRAR:v1p55, JURJANI-ASRAR:v1p135#2, JURJANI-DALAIL:v1p140 …
quotes 55:7: 6 unique window(s): رفعها | والسما رفعها | رفعها ووضع | ووضع الميزان | والسما رفعها ووضع | رفعها ووضع الميزان
quotes 55:7: «رفعها» in 10 segment(s): BINTSHATI-IJAZ:p535, BURHAN:v3p197, BURHAN:v3p376, FARRA:v1p498, JISHUMI:v1p588, JURJANI-ASRAR:v1p305, NASHR:v1p217, SAMARRAI-LAMASAT-HALAQAT:p616, SIBAWAYH:وذلكقولكزيدكممرةرأيتهوعبداللههللقيتهوعمروهلالقيتهوكذلك#63, SIBAWAYH:وذلكقولكسلامعليكولبيكوخيربينيديكوويللكوويحلكوويسلك#135
quotes 55:7: «ووضع الميزان» in 0 segment(s): 
quotes 55:9: 10 unique window(s): الوزن | تخسروا | واقيموا الوزن | الوزن بالقسط | ولا تخسروا | تخسروا الميزان | واقيموا الوزن بالقسط | الوزن بالقسط ولا | بالقسط ولا تخسروا | ولا تخسروا الميزان
NOTE quotes 55:9: window «الوزن» in 67 segments, too common alone; the longer windows that contain it are used instead
quotes 55:9: «تخسروا» in 4 segment(s): DAMGHANI:v1p157, IBNJAWZI-NUZHA:v1p277, MAJAZ:v2p411, SAMARRAI-LAMASAT-HALAQAT:p589
quotes 55:9: «واقيموا الوزن» in 3 segment(s): IBNJAWZI-NUZHA:v1p277, SAMARRAI-LAMASAT-HALAQAT:p589, SAMARRAI-LAMASAT-HALAQAT:p590
quotes 55:9: «الوزن بالقسط» in 2 segment(s): IBNJAWZI-NUZHA:v1p277, SAMARRAI-LAMASAT-HALAQAT:p589
quotes 69:1: 0 unique window(s): 
quotes 69:3: 1 unique window(s): ادرياك ما الحاقه
quotes 69:3: «ادرياك ما الحاقه» in 0 segment(s): 
quotes 70:19: 5 unique window(s): هلوعا | الانسان خلق | خلق هلوعا | ان الانسان خلق | الانسان خلق هلوعا
quotes 70:19: «هلوعا» in 20 segment(s): BINTSHATI-IJAZ:p532, BURHAN:v2p185, BURHAN:v3p36, BURHAN:v4p123, DAMGHANI:v1p49, IBNJAWZI-NUZHA:v1p178, ITQAN:v2p370, ITQAN:v2p386#2, ITQAN:v3p103, ITQAN:v3p193#2, MAJAZ:v2p448#2, SAMARRAI-LAMASAT:p126 …
quotes 70:19: «الانسان خلق» in 18 segment(s): BINTSHATI-IJAZ:p532, BURHAN:v2p185, BURHAN:v3p36, BURHAN:v4p123, DAMGHANI:v1p49, IBNJAWZI-NUZHA:v1p178, ITQAN:v3p103, ITQAN:v3p193#2, RAZI-FULL:v1p32, SAMARRAI-ASRAR:r12, SAMARRAI-LAMASAT:p126, SAMARRAI-LAMASAT:p153 …
quotes 70:20: 5 unique window(s): جزوعا | اذا مسه | الشر جزوعا | اذا مسه الشر | مسه الشر جزوعا
quotes 70:20: «جزوعا» in 13 segment(s): BINTSHATI-IJAZ:p532, BURHAN:v2p185, BURHAN:v3p36, BURHAN:v4p123, ITQAN:v2p370, ITQAN:v3p193#2, SAMARRAI-LAMASAT:p126, SAMARRAI-LAMASAT:p153, SAMARRAI-LAMASAT:p154, SAMARRAI-LAMASAT:p155, SAMARRAI-LAMASAT:p193, SAMARRAI-LAMASAT:p195 …
quotes 70:20: «اذا مسه» in 14 segment(s): BINTSHATI-IJAZ:p532, BURHAN:v2p185, BURHAN:v3p36, BURHAN:v4p123, ITQAN:v3p193#2, SAMARRAI-LAMASAT:p126, SAMARRAI-LAMASAT:p153, SAMARRAI-LAMASAT:p154, SAMARRAI-LAMASAT:p155, SAMARRAI-LAMASAT:p156, SAMARRAI-LAMASAT:p161, SAMARRAI-LAMASAT:p193 …
quotes 70:21: 5 unique window(s): منوعا | مسه الخير | الخير منوعا | واذا مسه الخير | مسه الخير منوعا
quotes 70:21: «منوعا» in 14 segment(s): BINTSHATI-IJAZ:p532, BURHAN:v2p185, BURHAN:v3p36, BURHAN:v4p123, ITQAN:v3p193#2, JURJANI-DALAIL:v1p353, MAJAZ:v2p444, SAMARRAI-LAMASAT:p126, SAMARRAI-LAMASAT:p153, SAMARRAI-LAMASAT:p154, SAMARRAI-LAMASAT:p155, SAMARRAI-LAMASAT:p159 …
quotes 70:21: «مسه الخير» in 13 segment(s): BINTSHATI-IJAZ:p532, BURHAN:v2p185, BURHAN:v3p36, BURHAN:v4p123, ITQAN:v3p193#2, SAMARRAI-LAMASAT:p126, SAMARRAI-LAMASAT:p153, SAMARRAI-LAMASAT:p154, SAMARRAI-LAMASAT:p155, SAMARRAI-LAMASAT:p159, SAMARRAI-LAMASAT:p161, SAMARRAI-LAMASAT:p193 …
quotes 70:22: 1 unique window(s): الا المصلين
quotes 70:22: «الا المصلين» in 7 segment(s): ITQAN:v3p103, SAMARRAI-LAMASAT:p126, SAMARRAI-LAMASAT:p153, SAMARRAI-LAMASAT:p156, SAMARRAI-LAMASAT:p157, SAMARRAI-LAMASAT:p158, SAMARRAI-LAMASAT:p193
quotes 76:2: 12 unique window(s): امشاج | نبتليه | نطفه امشاج | امشاج نبتليه | نبتليه فجعلناه | فجعلناه سميعا | انا خلقنا الانسان | من نطفه امشاج | نطفه امشاج نبتليه | امشاج نبتليه فجعلناه | نبتليه فجعلناه سميعا | فجعلناه سميعا بصيرا
quotes 76:2: «امشاج» in 11 segment(s): BINTSHATI-IJAZ:p345, BINTSHATI-IJAZ:p346, ITQAN:v2p335#6, ITQAN:v2p350, ITQAN:v2p561, MAJAZ:v2p328#8, MAJAZ:v2p348#3, SAMARRAI-ASRAR:r4#2, SAMARRAI-ASRAR-MUH:p31, SAMARRAI-LAMASAT-HALAQAT:p482, SAMARRAI-LAMASAT-HALAQAT:p908
quotes 76:2: «نبتليه» in 6 segment(s): BINTSHATI-IJAZ:p345, BINTSHATI-IJAZ:p346, SAMARRAI-ASRAR:r4#2, SAMARRAI-ASRAR-MUH:p31, SAMARRAI-LAMASAT-HALAQAT:p482, SAMARRAI-LAMASAT-HALAQAT:p908
quotes 76:2: «فجعلناه سميعا» in 8 segment(s): BINTSHATI-IJAZ:p346, DAMGHANI:v1p69, IBNJAWZI-NUZHA:v1p199, IBNJAWZI-NUZHA:v1p345, SAMARRAI-ASRAR:r4#2, SAMARRAI-ASRAR-MUH:p31, SAMARRAI-LAMASAT-HALAQAT:p482, SAMARRAI-LAMASAT-HALAQAT:p908
quotes 76:2: «انا خلقنا الانسان» in 12 segment(s): BINTSHATI-IJAZ:p346, BURHAN:v2p490, BURHAN:v4p93#2, DAMGHANI:v1p49, IBNJAWZI-NUZHA:v1p176#2, ITQAN:v2p561, ITQAN:v3p195, ITQAN:v3p234#2, SAMARRAI-ASRAR:r4#2, SAMARRAI-ASRAR-MUH:p31, SAMARRAI-LAMASAT-HALAQAT:p482, SAMARRAI-LAMASAT-HALAQAT:p908
quotes 76:3: 12 unique window(s): هديناه | انا هديناه | هديناه السبيل | السبيل اما | اما شاكرا | شاكرا واما | واما كفورا | انا هديناه السبيل | هديناه السبيل اما | السبيل اما شاكرا | اما شاكرا واما | شاكرا واما كفورا
quotes 76:3: «هديناه» in 5 segment(s): BURHAN:v2p513, DAMGHANI:v1p150, IBNJAWZI-NUZHA:v1p625#2, SAMARRAI-ASRAR-MUH:p51, SAMARRAI-LAMASAT-HALAQAT:p502
quotes 76:3: «السبيل اما» in 3 segment(s): BURHAN:v2p513, SAMARRAI-ASRAR-MUH:p51, SAMARRAI-LAMASAT-HALAQAT:p502
quotes 76:3: «اما شاكرا» in 7 segment(s): BURHAN:v2p513, BURHAN:v4p244, ITQAN:v2p448#2, ITQAN:v2p523#4, SAMARRAI-ASRAR:r4#5, SAMARRAI-ASRAR-MUH:p51, SAMARRAI-LAMASAT-HALAQAT:p502
quotes 76:3: «شاكرا واما» in 7 segment(s): BURHAN:v2p513, BURHAN:v4p244, ITQAN:v2p448#2, ITQAN:v2p523#4, SAMARRAI-ASRAR:r4#5, SAMARRAI-ASRAR-MUH:p51, SAMARRAI-LAMASAT-HALAQAT:p502
quotes 76:3: «واما كفورا» in 7 segment(s): BURHAN:v2p513, BURHAN:v4p244, ITQAN:v2p448#2, ITQAN:v2p523#4, SAMARRAI-ASRAR:r4#5, SAMARRAI-ASRAR-MUH:p51, SAMARRAI-LAMASAT-HALAQAT:p502
quotes 83:1: 2 unique window(s): للمطففين | ويل للمطففين
quotes 83:1: «للمطففين» in 20 segment(s): BURHAN:v1p180#3, BURHAN:v1p194, BURHAN:v1p194#2, BURHAN:v2p320, BURHAN:v2p326, BURHAN:v4p338, IBNASHUR-FULL:v1p99, IBNQUTAYBA-GHARIB:v1p3, IBNQUTAYBA-MUSHKIL:v1p295#2, ITQAN:v1p37, ITQAN:v1p38, ITQAN:v1p44 …
quotes 83:2: 9 unique window(s): اكتالوا | يستوفون | اذا اكتالوا | اكتالوا علي | الناس يستوفون | الذين اذا اكتالوا | اذا اكتالوا علي | اكتالوا علي الناس | علي الناس يستوفون
quotes 83:2: «اكتالوا» in 13 segment(s): BURHAN:v3p165, BURHAN:v3p342, BURHAN:v4p284, IBNJAWZI-NUZHA:v1p441, IBNQUTAYBA-MUSHKIL:v1p219, IBNQUTAYBA-MUSHKIL:v1p295#2, IBNQUTAYBA-MUSHKIL:v1p300#3, ITQAN:v2p477, MAJAZ:v1p14, MAJAZ:v2p440, SAMARRAI-ASRAR:r7#7, SAMARRAI-ASRAR-MUH:p124 …
quotes 83:2: «يستوفون» in 9 segment(s): BURHAN:v3p165, IBNJAWZI-NUZHA:v1p441, IBNQUTAYBA-MUSHKIL:v1p219, IBNQUTAYBA-MUSHKIL:v1p295#2, IBNQUTAYBA-MUSHKIL:v1p300#3, MAJAZ:v1p14, SAMARRAI-ASRAR:r7#7, SAMARRAI-ASRAR-MUH:p124, SAMARRAI-LAMASAT-HALAQAT:p572
quotes 83:3: 10 unique window(s): كالوهم | وزنوهم | يخسرون | واذا كالوهم | كالوهم او | او وزنوهم | وزنوهم يخسرون | واذا كالوهم او | كالوهم او وزنوهم | او وزنوهم يخسرون
quotes 83:3: «كالوهم» in 16 segment(s): BURHAN:v1p382, BURHAN:v2p7, BURHAN:v3p164, BURHAN:v3p165, DAMGHANI:v1p157, IBNJAWZI-NUZHA:v1p277, IBNQUTAYBA-MUSHKIL:v1p143, IBNQUTAYBA-MUSHKIL:v1p295#2, ITQAN:v2p533#3, MAJAZ:v1p14, MAJAZ:v2p440, NASHR:v2p153 …
quotes 83:3: «وزنوهم» in 14 segment(s): BURHAN:v1p382, BURHAN:v2p7, BURHAN:v3p164, BURHAN:v3p165, DAMGHANI:v1p157, IBNJAWZI-NUZHA:v1p277, IBNQUTAYBA-MUSHKIL:v1p143, IBNQUTAYBA-MUSHKIL:v1p295#2, ITQAN:v2p533#3, MAJAZ:v1p14, NASHR:v2p155, SAMARRAI-ASRAR:r7#7 …
quotes 83:3: «يخسرون» in 12 segment(s): BURHAN:v1p382, BURHAN:v2p7, BURHAN:v3p164, BURHAN:v3p165, DAMGHANI:v1p157, IBNJAWZI-NUZHA:v1p277, IBNQUTAYBA-MUSHKIL:v1p143, IBNQUTAYBA-MUSHKIL:v1p295#2, ITQAN:v2p533#3, MAJAZ:v1p14, MAJAZ:v2p411, SAMARRAI-ASRAR:r7#7
quotes 83:4: 7 unique window(s): الا يظن | يظن اولايك | اولايك انهم | انهم مبعوثون | الا يظن اولايك | يظن اولايك انهم | اولايك انهم مبعوثون
quotes 83:4: «الا يظن» in 4 segment(s): BINTSHATI-IJAZ:p285, BURHAN:v3p344, BURHAN:v4p155, IBNQUTAYBA-MUSHKIL:v1p295#2
quotes 83:4: «يظن اولايك» in 0 segment(s): 
quotes 83:4: «اولايك انهم» in 0 segment(s): 
quotes 83:4: «انهم مبعوثون» in 2 segment(s): BURHAN:v3p344, IBNQUTAYBA-MUSHKIL:v1p295#2
quotes 83:5: 1 unique window(s): ليوم عظيم
quotes 83:5: «ليوم عظيم» in 3 segment(s): BURHAN:v3p344, DAMGHANI:v1p325, IBNQUTAYBA-MUSHKIL:v1p295#2
quotes 84:25: 0 unique window(s): 
quotes 90:13: 1 unique window(s): فك رقبه
quotes 90:13: «فك رقبه» in 7 segment(s): BINTSHATI-IJAZ:p203, BINTSHATI-IJAZ:p204, BINTSHATI-IJAZ:p557, BURHAN:v1p339, BURHAN:v4p353, JISHUMI:v1p925, NASHR:v2p401
quotes 90:17: 10 unique window(s): بالمرحمه | امنوا وتواصوا | بالصبر وتواصوا | وتواصوا بالمرحمه | ثم كان من | كان من الذين | الذين امنوا وتواصوا | امنوا وتواصوا بالصبر | وتواصوا بالصبر وتواصوا | بالصبر وتواصوا بالمرحمه
quotes 90:17: «بالمرحمه» in 3 segment(s): BINTSHATI-IJAZ:p203, BURHAN:v4p266, SAMARRAI-LAMASAT-HALAQAT:p816
quotes 90:17: «امنوا وتواصوا» in 2 segment(s): BINTSHATI-IJAZ:p203, SAMARRAI-LAMASAT-HALAQAT:p816
quotes 90:17: «بالصبر وتواصوا» in 3 segment(s): BINTSHATI-IJAZ:p203, BURHAN:v4p266, SAMARRAI-LAMASAT-HALAQAT:p816
quotes 90:17: «ثم كان من» in 7 segment(s): BINTSHATI-IJAZ:p203, BUKHARI:4091, BURHAN:v4p266, HAMASA:v1p39#2, IBNHISHAM:v2p562, ITQAN:v3p74, SAMARRAI-LAMASAT-HALAQAT:p816
quotes 90:17: «كان من الذين» in 7 segment(s): BINTSHATI-IJAZ:p203, BINTSHATI-IJAZ:p204, BURHAN:v4p266, HAMASA:v1p39#2, IBNASHUR-FULL:v1p24, ITQAN:v3p74, SAMARRAI-LAMASAT-HALAQAT:p816
quotes 95:4: 5 unique window(s): تقويم | في احسن | احسن تقويم | الانسان في احسن | في احسن تقويم
quotes 95:4: «تقويم» in 17 segment(s): DAMGHANI:v1p49, GHARNATI:v1p179, IBNASHUR-FULL:v1p36, IBNASHUR-FULL:v1p80, IBNJAWZI-NUZHA:v1p178, IBNJAWZI-NUZHA:v1p625#2, IBNQUTAYBA-MUSHKIL:v1p204#2, ITQAN:v2p538, ITQAN:v4p353, JURJANI-DALAIL:v1p90, JURJANI-DALAIL:v1p296, JURJANI-DALAIL:v1p376 …
quotes 95:4: «في احسن» in 21 segment(s): BINTSHATI-IJAZ:p88, BINTSHATI-IJAZ:p90, BINTSHATI-IJAZ:p104, BINTSHATI-IJAZ:p257, BURHAN:v2p103, BURHAN:v4p176, BURHAN:v4p251, DAMGHANI:v1p49, GHARNATI:v1p179, IBNJAWZI-NUZHA:v1p178, IBNQUTAYBA-MUSHKIL:v1p204#2, ITQAN:v4p320 …
quotes 95:5: 7 unique window(s): رددناه | سافلين | ثم رددناه | رددناه اسفل | اسفل سافلين | ثم رددناه اسفل | رددناه اسفل سافلين
quotes 95:5: «رددناه» in 6 segment(s): BURHAN:v4p172, DAMGHANI:v1p237, IBNJAWZI-NUZHA:v1p100, IBNJAWZI-NUZHA:v1p123, IBNQUTAYBA-MUSHKIL:v1p204#2, NASHR:v1p3
quotes 95:5: «سافلين» in 7 segment(s): BURHAN:v4p172, DAMGHANI:v1p237, IBNJAWZI-NUZHA:v1p100, IBNJAWZI-NUZHA:v1p123, IBNQUTAYBA-MUSHKIL:v1p204#2, MAJAZ:v2p421, NASHR:v1p3
quotes 95:6: 3 unique window(s): فلهم اجر | الصالحات فلهم اجر | فلهم اجر غير
quotes 95:6: «فلهم اجر» in 1 segment(s): IBNQUTAYBA-MUSHKIL:v1p204#2
quotes 100:6: 5 unique window(s): لكنود | الانسان لربه | لربه لكنود | ان الانسان لربه | الانسان لربه لكنود
quotes 100:6: «لكنود» in 12 segment(s): BINTSHATI-IJAZ:p251, BINTSHATI-IJAZ:p436, BINTSHATI-IJAZ:p437, BINTSHATI-IJAZ:p453, DAMGHANI:v1p49, IBNJAWZI-NUZHA:v1p178, ITQAN:v2p360, ITQAN:v2p380, ITQAN:v3p232#2, ITQAN:v4p353, ITQAN:v4p537, MAJAZ:v2p440
quotes 100:6: «الانسان لربه» in 10 segment(s): BINTSHATI-IJAZ:p245, BINTSHATI-IJAZ:p251, BINTSHATI-IJAZ:p436, BINTSHATI-IJAZ:p437, BINTSHATI-IJAZ:p453, DAMGHANI:v1p49, IBNJAWZI-NUZHA:v1p178, ITQAN:v3p232#2, ITQAN:v4p353, ITQAN:v4p537
quotes 101:6: 3 unique window(s): من ثقلت | فاما من ثقلت | من ثقلت موازينه
quotes 101:6: «من ثقلت» in 2 segment(s): DAMGHANI:v1p93, IBNJAWZI-NUZHA:v1p225
quotes 101:7: 0 unique window(s): 
quotes 101:8: 3 unique window(s): من خفت | واما من خفت | من خفت موازينه
quotes 101:8: «من خفت» in 1 segment(s): SIBAWAYH:(هذابابماالياءوالواوفيهثانيةوهمافيموضعالعينمنه)#775
quotes 101:9: 3 unique window(s): فامه | هاويه | فامه هاويه
quotes 101:9: «فامه» in 6 segment(s): BURHAN:v2p484, DAMGHANI:v1p40, IBNJAWZI-NUZHA:v1p140, IBNQUTAYBA-MUSHKIL:v1p69, ITQAN:v3p98, ITQAN:v3p266
quotes 101:9: «هاويه» in 8 segment(s): BURHAN:v2p484, DAMGHANI:v1p40, IBNJAWZI-NUZHA:v1p140, IBNJAWZI-NUZHA:v1p637#2, IBNQUTAYBA-MUSHKIL:v1p69, ITQAN:v3p98, ITQAN:v3p266, SAMARRAI-ASRAR:r7#7
quotes 102:1: 3 unique window(s): الهياكم | التكاثر | الهياكم التكاثر
quotes 102:1: «الهياكم» in 0 segment(s): 
quotes 102:1: «التكاثر» in 30 segment(s): BINTSHATI:v1pdf217, BINTSHATI-IJAZ:p236, BINTSHATI-IJAZ:p274, BINTSHATI-IJAZ:p275, BINTSHATI-IJAZ:p531, BINTSHATI-IJAZ:p532, BURHAN:v1p193, BURHAN:v1p371, BURHAN:v1p373, BURHAN:v3p185, BURHAN:v4p280, BURHAN:v4p311 …
quotes 102:2: 5 unique window(s): زرتم | المقابر | حتيا زرتم | زرتم المقابر | حتيا زرتم المقابر
quotes 102:2: «زرتم» in 6 segment(s): BINTSHATI-IJAZ:p274, BINTSHATI-IJAZ:p532, BURHAN:v1p373, BURHAN:v4p311, ITQAN:v4p537#2, SAMARRAI-LAMASAT:p118
quotes 102:2: «المقابر» in 9 segment(s): BINTSHATI-IJAZ:p274, BINTSHATI-IJAZ:p275, BINTSHATI-IJAZ:p531, BINTSHATI-IJAZ:p532, BURHAN:v1p373, BURHAN:v4p311, ITQAN:v1p97, ITQAN:v4p537#2, SAMARRAI-LAMASAT:p118
quotes 103:1: 1 unique window(s): والعصر
quotes 103:1: «والعصر» in 29 segment(s): BINTSHATI-IJAZ:p154, BINTSHATI-IJAZ:p244, BINTSHATI-IJAZ:p245, BINTSHATI-IJAZ:p251, BINTSHATI-IJAZ:p415, BINTSHATI-IJAZ:p416, BINTSHATI-IJAZ:p567, BURHAN:v1p100, BURHAN:v1p179#2, BURHAN:v1p267, BURHAN:v2p34, DAMGHANI:v1p293 …
quotes 103:2: 4 unique window(s): الانسان لفي | لفي خسر | ان الانسان لفي | الانسان لفي خسر
quotes 103:2: «الانسان لفي» in 17 segment(s): BINTSHATI-IJAZ:p244, BINTSHATI-IJAZ:p251, BURHAN:v2p7, BURHAN:v2p232, BURHAN:v2p234, BURHAN:v4p88, DAMGHANI:v1p155, DAMGHANI:v1p325, IBNASHUR-FULL:v1p120, IBNJAWZI-NUZHA:v1p181, IBNJAWZI-NUZHA:v1p277, IBNQUTAYBA-MUSHKIL:v1p204#2 …
quotes 103:2: «لفي خسر» in 17 segment(s): BINTSHATI-IJAZ:p244, BINTSHATI-IJAZ:p251, BURHAN:v2p7, BURHAN:v2p232, BURHAN:v2p234, BURHAN:v4p88, DAMGHANI:v1p155, DAMGHANI:v1p325, IBNASHUR-FULL:v1p120, IBNJAWZI-NUZHA:v1p181, IBNJAWZI-NUZHA:v1p277, IBNQUTAYBA-MUSHKIL:v1p204#2 …
quotes 103:3: 7 unique window(s): الصالحات وتواصوا | وتواصوا بالحق | بالحق وتواصوا | وعملوا الصالحات وتواصوا | الصالحات وتواصوا بالحق | وتواصوا بالحق وتواصوا | بالحق وتواصوا بالصبر
quotes 103:3: «الصالحات وتواصوا» in 2 segment(s): BINTSHATI-IJAZ:p251, IBNQUTAYBA-MUSHKIL:v1p204#2
quotes 103:3: «وتواصوا بالحق» in 4 segment(s): BINTSHATI-IJAZ:p251, DAMGHANI:v1p137, IBNQUTAYBA-MUSHKIL:v1p204#2, ITQAN:v1p183
quotes 103:3: «بالحق وتواصوا» in 2 segment(s): BINTSHATI-IJAZ:p251, IBNQUTAYBA-MUSHKIL:v1p204#2
quotes 104:2: 6 unique window(s): وعدده | الذي جمع | جمع مالا | مالا وعدده | الذي جمع مالا | جمع مالا وعدده
quotes 104:2: «وعدده» in 5 segment(s): BINTSHATI-IJAZ:p225, DAMGHANI:v1p316, JISHUMI:v2p1079, NASHR:v1p217, SAMARRAI-LAMASAT-HALAQAT:p680
quotes 104:2: «الذي جمع» in 12 segment(s): BAQILLANI:v1p288, BINTSHATI-IJAZ:p225, BURHAN:v1p221, BURHAN:v1p226, DAMGHANI:v1p316, GHARNATI:v1p180, IBNASHUR-FULL:v1p85, IBNKATHIR-FULL:v1p25, IBNKATHIR-FULL:v1p46#2, ITQAN:v1p195#2, KHATTABI:v1p37, SAMARRAI-LAMASAT-HALAQAT:p680
quotes 104:2: «جمع مالا» in 4 segment(s): BINTSHATI-IJAZ:p225, DAMGHANI:v1p316, NASHR:v2p402#2, SAMARRAI-LAMASAT-HALAQAT:p680
quotes 104:3: 7 unique window(s): يحسب | اخلده | يحسب ان | ان ماله | ماله اخلده | يحسب ان ماله | ان ماله اخلده
quotes 104:3: «يحسب» in 26 segment(s): BINTSHATI-IJAZ:p225, BINTSHATI-IJAZ:p353, BURHAN:v3p207, BURHAN:v3p395, BURHAN:v4p311, BURHAN:v4p313, DAMGHANI:v1p157, IBNJAWZI-NUZHA:v1p86, IBNJAWZI-NUZHA:v1p511, IBNQUTAYBA-MUSHKIL:v1p198, IBNQUTAYBA-MUSHKIL:v1p295#2, JISHUMI:v2p950 …
quotes 104:3: «اخلده» in 11 segment(s): BINTSHATI-IJAZ:p225, BINTSHATI-IJAZ:p353, BURHAN:v1p368, BURHAN:v4p311, BURHAN:v4p313, DAMGHANI:v1p157, IBNJAWZI-NUZHA:v1p86, IBNJAWZI-NUZHA:v1p511, IBNQUTAYBA-MUSHKIL:v1p295#2, ITQAN:v1p235, SAMARRAI-LAMASAT-HALAQAT:p680
quotes 104:3: «ان ماله» in 9 segment(s): BINTSHATI-IJAZ:p225, BINTSHATI-IJAZ:p353, BURHAN:v4p311, BURHAN:v4p313, DAMGHANI:v1p157, IBNJAWZI-NUZHA:v1p86, IBNJAWZI-NUZHA:v1p511, IBNQUTAYBA-MUSHKIL:v1p295#2, SAMARRAI-LAMASAT-HALAQAT:p680
quotation packet: 1390 segment(s), 2,461,555 characters
551 segments, 52 chunks, 807,386 characters, 52 spawn files
  c01  1 sources   7 segments  18,175 chars: SIBAWAYH
  c02  1 sources   6 segments  18,590 chars: SIBAWAYH
  c03  2 sources   8 segments  18,295 chars: SIBAWAYH ABUDAWUD
  c04  6 sources  24 segments  18,827 chars: BUKHARI IBNHIBBAN MUSLIM MUSNAD-AHMAD TIRMIDHI FARRA
  c05  2 sources  13 segments  15,401 chars: IBNQUTAYBA-GHARIB IBNQUTAYBA-MUSHKIL
  c06  1 sources   4 segments   6,127 chars: MAJAZ
  c07  1 sources  14 segments  19,228 chars: BINTSHATI-IJAZ
  c08  1 sources   9 segments  12,456 chars: BINTSHATI-IJAZ
  c09  1 sources   3 segments  18,499 chars: SAMARRAI-ASRAR
  c10  1 sources   4 segments   6,061 chars: SAMARRAI-ASRAR-MUH
  c11  1 sources  13 segments  17,800 chars: SAMARRAI-LAMASAT
  c12  1 sources  13 segments  19,301 chars: SAMARRAI-LAMASAT-HALAQAT
  c13  1 sources  14 segments  19,986 chars: SAMARRAI-LAMASAT-HALAQAT
  c14  2 sources   9 segments  19,808 chars: SAMARRAI-LAMASAT-HALAQAT YKHULI-TAJDID
  c15  4 sources   8 segments  10,832 chars: ASMAIYYAT HAMASA MUFADDALIYYAT IBNJINNI-MUHTASAB
  c16  1 sources  12 segments  19,717 chars: NASHR
  c17  1 sources  11 segments  19,679 chars: NASHR
  c18  2 sources  12 segments  15,145 chars: NASHR IBNHISHAM
  c19  1 sources  12 segments   8,201 chars: ABUHAYYAN
  c20  1 sources   8 segments  17,473 chars: ALUSI
  c21  3 sources  18 segments  19,491 chars: ALUSI ALUSI-FULL BAGHAWI
  c22  3 sources  25 segments  18,954 chars: BAYDAWI BINTSHATI BIQAI
  c23  2 sources  11 segments  13,601 chars: DURR DURR-FULL
  c24  1 sources   9 segments  19,922 chars: IBNASHUR
  c25  3 sources  16 segments  19,967 chars: IBNASHUR IBNASHUR-FULL IBNATIYYA
  c26  1 sources   1 segments   1,764 chars: IBNATIYYA-FULL
  c27  1 sources   8 segments  19,830 chars: IBNKATHIR
  c28  1 sources   2 segments   2,627 chars: IBNKATHIR-FULL
  c29  1 sources  13 segments  18,435 chars: JISHUMI
  c30  1 sources  11 segments  18,790 chars: JISHUMI
  c31  3 sources  11 segments  13,739 chars: JISHUMI KASHSHAF KASHSHAF-FULL
  c32  2 sources  24 segments  13,276 chars: MAWARDI NASAFI
  c33  1 sources  11 segments  18,015 chars: QURTUBI
  c34  1 sources   8 segments  13,989 chars: RAZI
  c35  2 sources   4 segments  13,479 chars: RAZI RAZI-FULL
  c36  1 sources   6 segments  15,687 chars: TAB
  c37  1 sources   3 segments   6,098 chars: TAB-FULL
  c38  1 sources  10 segments  16,113 chars: BAQILLANI
  c39  1 sources  13 segments  19,663 chars: BURHAN
  c40  1 sources  12 segments  18,937 chars: BURHAN
  c41  1 sources  12 segments  19,425 chars: BURHAN
  c42  1 sources  13 segments  19,543 chars: BURHAN
  c43  1 sources   5 segments   7,403 chars: BURHAN
  c44  1 sources  18 segments  18,881 chars: ITQAN
  c45  1 sources  20 segments  19,830 chars: ITQAN
  c46  1 sources   8 segments   6,355 chars: ITQAN
  c47  1 sources  10 segments  18,667 chars: JURJANI-ASRAR
  c48  1 sources   4 segments   6,641 chars: JURJANI-ASRAR
  c49  1 sources  10 segments  19,764 chars: JURJANI-DALAIL
  c50  2 sources   8 segments  14,222 chars: JURJANI-DALAIL KHATTABI
  c51  1 sources   9 segments  18,445 chars: DAMGHANI
  c52  1 sources  14 segments  16,232 chars: IBNJAWZI-NUZHA
SKIPPED 180 segment(s): already digested in q103_1-20261008/luna-max (each listed in manifest.json)
SKIPPED 1878 segment(s): already digested in s103-1/luna-max (each listed in manifest.json)
SKIPPED 4638 segment(s): already digested in s103-23/luna-max (each listed in manifest.json)
SKIPPED 879 segment(s): already digested in t1_s096_20261009 (each listed in manifest.json)
SKIPPED 28 segment(s): already digested in test-20261007/luna-max (each listed in manifest.json)
SKIPPED 7789 segment(s): kind meal (each listed in manifest.json)
SKIPPED 95 segment(s): kind quran (each listed in manifest.json)
SKIPPED 190 segment(s): kind translation (each listed in manifest.json)
SKIPPED 7922 segment(s): surah-level (each listed in manifest.json)
