ref	tier	tradition	kinds	basis	explanations	target	evidence
Didache 1.1	strong	incil	motif	way of life and way of death	The commentary's two forms of going are set against each other; the Didache opens by naming two ways and says their difference is great.	sec12	"[{""line"": 5, ""strength"": ""strong"", ""tradition"": ""incil"", ""kind"": ""motif"", ""ref"": ""Didache 1.1"", ""basis"": ""way of life and way of death"", ""note"": ""The commentary's two forms of going are set against each other; the Didache opens by naming two ways and says their difference is great."", ""turn"": 1, ""model"": ""luna"", ""connection_id"": ""BC-051f9b2fbb217d3f8165""}]"
Didache 1:1	medium	incil	motif	two ways, of life and death	The Didache's opening contrast of the Way of Life and the Way of Death makes the commentary's two kinds of going into an early Christian ethical map.	sec12	"[{""line"": 53, ""strength"": ""medium"", ""tradition"": ""incil"", ""kind"": ""motif"", ""ref"": ""Didache 1:1"", ""basis"": ""two ways, of life and death"", ""note"": ""The Didache's opening contrast of the Way of Life and the Way of Death makes the commentary's two kinds of going into an early Christian ethical map."", ""turn"": 1, ""model"": ""terra"", ""connection_id"": ""BC-9f7c886236c3e2897d74""}]"
Didache 5.1	strong	incil	motif	way of death	The commentary presents dalal as a way whose destination is lost; the Didache specifies the way of death through the conduct that marks it.	sec12	"[{""line"": 6, ""strength"": ""strong"", ""tradition"": ""incil"", ""kind"": ""motif"", ""ref"": ""Didache 5.1"", ""basis"": ""way of death"", ""note"": ""The commentary presents dalal as a way whose destination is lost; the Didache specifies the way of death through the conduct that marks it."", ""turn"": 1, ""model"": ""luna"", ""connection_id"": ""BC-0ed7512a87e1318465e1""}]"
SBLGNT:1Cor.15.42	strong	incil	motif	perishable body raised imperishable	The commentary's earth-disappearance question concerns whether the dead can be made new; Paul describes what is sown perishable being raised imperishable.	sec12	"[{""line"": 44, ""strength"": ""strong"", ""tradition"": ""incil"", ""kind"": ""motif"", ""ref"": ""SBLGNT:1Cor.15.42"", ""basis"": ""perishable body raised imperishable"", ""note"": ""The commentary's earth-disappearance question concerns whether the dead can be made new; Paul describes what is sown perishable being raised imperishable."", ""turn"": 1, ""model"": ""luna"", ""connection_id"": ""BC-604b18ed5977f4ea1790""}]"
SBLGNT:1Cor.8.4	medium	incil	motif	idols have no real existence | an idol has no real being	The commentary says the fabricated objects disappear from their adherents; Paul says an idol is nothing in the world, recasting their failure as the absence of a true divine power. | Paul's claim that an idol has no real existence supplies a Christian conceptual counterpart to the commentary's false, fabricated objects proving absent rather than dependable.	sec12	"[{""line"": 122, ""strength"": ""medium"", ""tradition"": ""incil"", ""kind"": ""motif"", ""ref"": ""SBLGNT:1Cor.8.4"", ""basis"": ""idols have no real existence"", ""note"": ""The commentary says the fabricated objects disappear from their adherents; Paul says an idol is nothing in the world, recasting their failure as the absence of a true divine power."", ""turn"": 2, ""model"": ""luna"", ""connection_id"": ""BC-577ef657f7b0da6ced4d""}, {""line"": 50, ""strength"": ""medium"", ""tradition"": ""incil"", ""kind"": ""motif"", ""ref"": ""SBLGNT:1Cor.8.4"", ""basis"": ""an idol has no real being"", ""note"": ""Paul's claim that an idol has no real existence supplies a Christian conceptual counterpart to the commentary's false, fabricated objects proving absent rather than dependable."", ""turn"": 1, ""model"": ""terra"", ""connection_id"": ""BC-561916d18edcbd78c075""}]"
SBLGNT:1Pet.2.25	strong	incil	paralel	straying sheep returned to their shepherd	The readers were straying like sheep but have returned to the shepherd, a concise Christian movement from lost wandering to a responsible destination.	sec12	"[{""line"": 21, ""strength"": ""strong"", ""tradition"": ""incil"", ""kind"": ""paralel"", ""ref"": ""SBLGNT:1Pet.2.25"", ""basis"": ""straying sheep returned to their shepherd"", ""note"": ""The readers were straying like sheep but have returned to the shepherd, a concise Christian movement from lost wandering to a responsible destination."", ""turn"": 1, ""model"": ""terra"", ""connection_id"": ""BC-354cea0ab0cf70d42bb8""}]"
SBLGNT:1Thess.1.9	medium	incil	motif	turn from idols to serve the living God	The commentary says fabricated objects leave their worshippers; Paul describes converts turning from idols to serve the living and true God.	sec12	"[{""line"": 123, ""strength"": ""medium"", ""tradition"": ""incil"", ""kind"": ""motif"", ""ref"": ""SBLGNT:1Thess.1.9"", ""basis"": ""turn from idols to serve the living God"", ""note"": ""The commentary says fabricated objects leave their worshippers; Paul describes converts turning from idols to serve the living and true God."", ""turn"": 2, ""model"": ""luna"", ""connection_id"": ""BC-016bcfcc624e613abc1c""}]"
SBLGNT:1Thess.4.16	strong	incil	motif	dead in Christ rise	The commentary's people lost in earth ask about new creation; Paul says the dead in Christ rise at the Lord's descent.	sec12	"[{""line"": 47, ""strength"": ""strong"", ""tradition"": ""incil"", ""kind"": ""motif"", ""ref"": ""SBLGNT:1Thess.4.16"", ""basis"": ""dead in Christ rise"", ""note"": ""The commentary's people lost in earth ask about new creation; Paul says the dead in Christ rise at the Lord's descent."", ""turn"": 1, ""model"": ""luna"", ""connection_id"": ""BC-8048b51b7aa0b83a45c4""}]"
SBLGNT:1Thess.4.17	strong	incil	motif	meet the Lord	The commentary's reply to disappearance is framed as meeting the Lord; Paul says the living and resurrected will be caught up to meet him.	sec12	"[{""line"": 48, ""strength"": ""strong"", ""tradition"": ""incil"", ""kind"": ""motif"", ""ref"": ""SBLGNT:1Thess.4.17"", ""basis"": ""meet the Lord"", ""note"": ""The commentary's reply to disappearance is framed as meeting the Lord; Paul says the living and resurrected will be caught up to meet him."", ""turn"": 1, ""model"": ""luna"", ""connection_id"": ""BC-dd2e866c51b0bd0a3c98""}]"
SBLGNT:2Cor.4.14	strong	incil	paralel	raised and presented with believers	God raises believers with Jesus and presents them together; resurrection is explicitly a movement into God's presence rather than a terminal vanishing.	sec12	"[{""line"": 39, ""strength"": ""strong"", ""tradition"": ""incil"", ""kind"": ""paralel"", ""ref"": ""SBLGNT:2Cor.4.14"", ""basis"": ""raised and presented with believers"", ""note"": ""God raises believers with Jesus and presents them together; resurrection is explicitly a movement into God's presence rather than a terminal vanishing."", ""turn"": 1, ""model"": ""terra"", ""connection_id"": ""BC-637212bb251da0755413""}]"
SBLGNT:2Pet.1.9	medium	incil	motif	blindness joined to forgetfulness	The commentary gives a secondary sense of dalal as something vanishing from memory; Peter links short-sighted blindness with forgetting the cleansing from former sins.	sec12	"[{""line"": 121, ""strength"": ""medium"", ""tradition"": ""incil"", ""kind"": ""motif"", ""ref"": ""SBLGNT:2Pet.1.9"", ""basis"": ""blindness joined to forgetfulness"", ""note"": ""The commentary gives a secondary sense of dalal as something vanishing from memory; Peter links short-sighted blindness with forgetting the cleansing from former sins."", ""turn"": 2, ""model"": ""luna"", ""connection_id"": ""BC-7972691a316c8f6083e6""}]"
SBLGNT:2Pet.2.15	strong	incil	paralel	forsaking the straight way and going astray	The false teachers abandon the straight way and go astray, directly setting a right route against wandering in the terms the commentary contrasts.	sec12	"[{""line"": 22, ""strength"": ""strong"", ""tradition"": ""incil"", ""kind"": ""paralel"", ""ref"": ""SBLGNT:2Pet.2.15"", ""basis"": ""forsaking the straight way and going astray"", ""note"": ""The false teachers abandon the straight way and go astray, directly setting a right route against wandering in the terms the commentary contrasts."", ""turn"": 1, ""model"": ""terra"", ""connection_id"": ""BC-02f326e6456055c0f66f""}]"
SBLGNT:2Tim.2.19	strong	incil	motif	the Lord knows his own	The commentary says God neither loses nor forgets; Paul says the Lord knows those who are his, marking divine recognition as secure.	sec12	"[{""line"": 120, ""strength"": ""strong"", ""tradition"": ""incil"", ""kind"": ""motif"", ""ref"": ""SBLGNT:2Tim.2.19"", ""basis"": ""the Lord knows his own"", ""note"": ""The commentary says God neither loses nor forgets; Paul says the Lord knows those who are his, marking divine recognition as secure."", ""turn"": 2, ""model"": ""luna"", ""connection_id"": ""BC-8265ea70ba5076cecfc0""}]"
SBLGNT:Acts.16.9	medium	incil	motif	Macedonian vision redirects the journey	The commentary says a road has direction and destination; Paul's vision of a Macedonian asking for help redirects his travel toward a new destination.	sec12	"[{""line"": 109, ""strength"": ""medium"", ""tradition"": ""incil"", ""kind"": ""motif"", ""ref"": ""SBLGNT:Acts.16.9"", ""basis"": ""Macedonian vision redirects the journey"", ""note"": ""The commentary says a road has direction and destination; Paul's vision of a Macedonian asking for help redirects his travel toward a new destination."", ""turn"": 2, ""model"": ""luna"", ""connection_id"": ""BC-ac364ecd6e2b1365998c""}]"
SBLGNT:Acts.7.10	strong	incil	paralel	Joseph delivered and made ruler	The commentary says Joseph's disappearance leads into the road of travelers; Stephen's retelling continues with God delivering Joseph and making him ruler in Egypt.	sec12	"[{""line"": 112, ""strength"": ""strong"", ""tradition"": ""incil"", ""kind"": ""paralel"", ""ref"": ""SBLGNT:Acts.7.10"", ""basis"": ""Joseph delivered and made ruler"", ""note"": ""The commentary says Joseph's disappearance leads into the road of travelers; Stephen's retelling continues with God delivering Joseph and making him ruler in Egypt."", ""turn"": 2, ""model"": ""luna"", ""connection_id"": ""BC-f40d5e73301511dc2fb6""}]"
SBLGNT:Acts.7.9	strong	incil	paralel|yorum_gelenegi	Joseph sold, yet God was with him | Joseph sold into Egypt, yet God with him	The commentary's Joseph vanishes from his brothers and passes into travelers' hands; Stephen retells the sale to Egypt while stressing that God was with Joseph. | Stephen's retelling retains the brothers' sale of Joseph but adds that God was with him, explicitly reading the apparent loss as a providentially accompanied passage.	sec12	"[{""line"": 35, ""strength"": ""strong"", ""tradition"": ""incil"", ""kind"": ""paralel"", ""ref"": ""SBLGNT:Acts.7.9"", ""basis"": ""Joseph sold, yet God was with him"", ""note"": ""The commentary's Joseph vanishes from his brothers and passes into travelers' hands; Stephen retells the sale to Egypt while stressing that God was with Joseph."", ""turn"": 1, ""model"": ""luna"", ""connection_id"": ""BC-964343cd06178df23eee""}, {""line"": 29, ""strength"": ""strong"", ""tradition"": ""incil"", ""kind"": ""yorum_gelenegi"", ""ref"": ""SBLGNT:Acts.7.9"", ""basis"": ""Joseph sold into Egypt, yet God with him"", ""note"": ""Stephen's retelling retains the brothers' sale of Joseph but adds that God was with him, explicitly reading the apparent loss as a providentially accompanied passage."", ""turn"": 1, ""model"": ""terra"", ""connection_id"": ""BC-ce25573966e9e7c05776""}]"
SBLGNT:Acts.8.26	medium	incil	motif	Philip directed onto a desert road	The commentary describes a traveler on a route with a destination; an angel sends Philip onto the Jerusalem-to-Gaza road, where the encounter that follows leads to the eunuch's baptism.	sec12	"[{""line"": 108, ""strength"": ""medium"", ""tradition"": ""incil"", ""kind"": ""motif"", ""ref"": ""SBLGNT:Acts.8.26"", ""basis"": ""Philip directed onto a desert road"", ""note"": ""The commentary describes a traveler on a route with a destination; an angel sends Philip onto the Jerusalem-to-Gaza road, where the encounter that follows leads to the eunuch's baptism."", ""turn"": 2, ""model"": ""luna"", ""connection_id"": ""BC-fd7dbdbcf366375ae5ef""}]"
SBLGNT:Heb.10.19	strong	incil	paralel	confidence to enter the holy places	The verse names entry into God's holy presence as the believers' goal, the arrival required to read the next verse's new and living way as more than a road metaphor.	sec12	"[{""line"": 74, ""strength"": ""strong"", ""tradition"": ""incil"", ""kind"": ""paralel"", ""ref"": ""SBLGNT:Heb.10.19"", ""basis"": ""confidence to enter the holy places"", ""note"": ""The verse names entry into God's holy presence as the believers' goal, the arrival required to read the next verse's new and living way as more than a road metaphor."", ""turn"": 2, ""model"": ""terra"", ""connection_id"": ""BC-bfa81fda8892a66d2de8""}]"
SBLGNT:Heb.10.20	strong	incil	paralel	new and living way through the veil	Jesus inaugurates a new and living way through the veil; the Christian image joins a specifically living route to access before God.	sec12	"[{""line"": 75, ""strength"": ""strong"", ""tradition"": ""incil"", ""kind"": ""paralel"", ""ref"": ""SBLGNT:Heb.10.20"", ""basis"": ""new and living way through the veil"", ""note"": ""Jesus inaugurates a new and living way through the veil; the Christian image joins a specifically living route to access before God."", ""turn"": 2, ""model"": ""terra"", ""connection_id"": ""BC-7922abb648efc679057f""}]"
SBLGNT:Heb.11.29	strong	incil	paralel	Red Sea crossed as dry land, Egyptians swallowed by it	Israel crosses the sea as dry ground while the Egyptians are swallowed when they attempt it, sharply contrasting water as a way of arrival with water as consuming loss.	sec12	"[{""line"": 76, ""strength"": ""strong"", ""tradition"": ""incil"", ""kind"": ""paralel"", ""ref"": ""SBLGNT:Heb.11.29"", ""basis"": ""Red Sea crossed as dry land, Egyptians swallowed by it"", ""note"": ""Israel crosses the sea as dry ground while the Egyptians are swallowed when they attempt it, sharply contrasting water as a way of arrival with water as consuming loss."", ""turn"": 2, ""model"": ""terra"", ""connection_id"": ""BC-d401063abbe13c017dad""}]"
SBLGNT:Heb.12.13	medium	incil	motif	make straight paths so the lame may heal | make straight paths for your feet	The commentary requests a straight road; Hebrews urges straight paths for the feet so the impaired limb may be healed rather than further dislocated. | The exhortation to make straight paths for the feet seeks restoration rather than dislocation for the lame, a pastoral Christian use of straight-path imagery.	sec12	"[{""line"": 105, ""strength"": ""medium"", ""tradition"": ""incil"", ""kind"": ""motif"", ""ref"": ""SBLGNT:Heb.12.13"", ""basis"": ""make straight paths so the lame may heal"", ""note"": ""The commentary requests a straight road; Hebrews urges straight paths for the feet so the impaired limb may be healed rather than further dislocated."", ""turn"": 2, ""model"": ""luna"", ""connection_id"": ""BC-2b2025d856bf4b08fdcc""}, {""line"": 77, ""strength"": ""medium"", ""tradition"": ""incil"", ""kind"": ""motif"", ""ref"": ""SBLGNT:Heb.12.13"", ""basis"": ""make straight paths for your feet"", ""note"": ""The exhortation to make straight paths for the feet seeks restoration rather than dislocation for the lame, a pastoral Christian use of straight-path imagery."", ""turn"": 2, ""model"": ""terra"", ""connection_id"": ""BC-39261ffd4a6778fef5d3""}]"
SBLGNT:Heb.3.10	strong	incil	paralel	hearts go astray and do not know God's ways	Hebrews applies the wilderness generation's persistent going astray to its failure to know God's ways, directly coupling dalal-like error with an unrecognized divine route.	sec12	"[{""line"": 72, ""strength"": ""strong"", ""tradition"": ""incil"", ""kind"": ""paralel"", ""ref"": ""SBLGNT:Heb.3.10"", ""basis"": ""hearts go astray and do not know God's ways"", ""note"": ""Hebrews applies the wilderness generation's persistent going astray to its failure to know God's ways, directly coupling dalal-like error with an unrecognized divine route."", ""turn"": 2, ""model"": ""terra"", ""connection_id"": ""BC-f8bc173a8fd019ee7070""}]"
SBLGNT:Heb.3.11	strong	incil	paralel	exclusion from God's rest	The divine oath that the straying generation will not enter God's rest supplies the destination denied to those who have not known God's ways.	sec12	"[{""line"": 73, ""strength"": ""strong"", ""tradition"": ""incil"", ""kind"": ""paralel"", ""ref"": ""SBLGNT:Heb.3.11"", ""basis"": ""exclusion from God's rest"", ""note"": ""The divine oath that the straying generation will not enter God's rest supplies the destination denied to those who have not known God's ways."", ""turn"": 2, ""model"": ""terra"", ""connection_id"": ""BC-a8f1b8e4ca9f19bdbb35""}]"
SBLGNT:Heb.4.13	strong	incil	paralel	nothing hidden from God's sight	No creature is unseen before God and all are exposed to him, supplying the divine-sight side of the commentary's assertion that nobody can be absent from judgment.	sec12	"[{""line"": 47, ""strength"": ""strong"", ""tradition"": ""incil"", ""kind"": ""paralel"", ""ref"": ""SBLGNT:Heb.4.13"", ""basis"": ""nothing hidden from God's sight"", ""note"": ""No creature is unseen before God and all are exposed to him, supplying the divine-sight side of the commentary's assertion that nobody can be absent from judgment."", ""turn"": 1, ""model"": ""terra"", ""connection_id"": ""BC-931b63079fd5e16b3c4c""}]"
SBLGNT:Heb.6.10	strong	incil	paralel	God is not unjust to forget work	Hebrews explicitly denies that God forgets the readers' work and love, a direct theological counterpart to the commentary's negation of divine loss and forgetting.	sec12	"[{""line"": 43, ""strength"": ""strong"", ""tradition"": ""incil"", ""kind"": ""paralel"", ""ref"": ""SBLGNT:Heb.6.10"", ""basis"": ""God is not unjust to forget work"", ""note"": ""Hebrews explicitly denies that God forgets the readers' work and love, a direct theological counterpart to the commentary's negation of divine loss and forgetting."", ""turn"": 1, ""model"": ""terra"", ""connection_id"": ""BC-760446a508211dc34274""}]"
SBLGNT:Heb.8.12	medium	incil	karsi_anlati|yorum_gelenegi	Jeremiah's promise applied to the new covenant | God will no longer remember sins	"The commentary's claim that God does not lose or forget meets Hebrews' quotation of Jeremiah that God will remember sins no more; Hebrews frames that promise as the new covenant established through Jesus. | Hebrews uses divine non-remembrance as covenantal forgiveness of sins, not as failed recall; that deliberate sense of ""not remember"" usefully distinguishes it from the commentary's claim that God never loses knowledge or forgets."	sec12	"[{""line"": 114, ""strength"": ""medium"", ""tradition"": ""incil"", ""kind"": ""yorum_gelenegi"", ""ref"": ""SBLGNT:Heb.8.12"", ""basis"": ""Jeremiah's promise applied to the new covenant"", ""note"": ""The commentary's claim that God does not lose or forget meets Hebrews' quotation of Jeremiah that God will remember sins no more; Hebrews frames that promise as the new covenant established through Jesus."", ""turn"": 2, ""model"": ""luna"", ""connection_id"": ""BC-c7149719655d56d951df""}, {""line"": 78, ""strength"": ""medium"", ""tradition"": ""incil"", ""kind"": ""karsi_anlati"", ""ref"": ""SBLGNT:Heb.8.12"", ""basis"": ""God will no longer remember sins"", ""note"": ""Hebrews uses divine non-remembrance as covenantal forgiveness of sins, not as failed recall; that deliberate sense of \""not remember\"" usefully distinguishes it from the commentary's claim that God never loses knowledge or forgets."", ""turn"": 2, ""model"": ""terra"", ""connection_id"": ""BC-4394f8cdcfd44f4045af""}]"
SBLGNT:John.12.35	strong	incil	motif|paralel	walking in darkness without knowing where | walking in darkness without knowing where one goes	The commentary uses dalal for one who goes where no one knows; Jesus warns that the one walking in darkness does not know where he is going. | Jesus says that the person walking in darkness does not know where he is going, an exact formulation of movement whose destination has vanished from knowledge.	sec12	"[{""line"": 104, ""strength"": ""medium"", ""tradition"": ""incil"", ""kind"": ""motif"", ""ref"": ""SBLGNT:John.12.35"", ""basis"": ""walking in darkness without knowing where"", ""note"": ""The commentary uses dalal for one who goes where no one knows; Jesus warns that the one walking in darkness does not know where he is going."", ""turn"": 2, ""model"": ""luna"", ""connection_id"": ""BC-16687c3497655368deb1""}, {""line"": 18, ""strength"": ""strong"", ""tradition"": ""incil"", ""kind"": ""paralel"", ""ref"": ""SBLGNT:John.12.35"", ""basis"": ""walking in darkness without knowing where one goes"", ""note"": ""Jesus says that the person walking in darkness does not know where he is going, an exact formulation of movement whose destination has vanished from knowledge."", ""turn"": 1, ""model"": ""terra"", ""connection_id"": ""BC-747b1ba236ec9e05d115""}]"
SBLGNT:John.14.5	strong	incil	paralel	unknown destination and unknown way	Thomas explicitly links not knowing Jesus' destination with not knowing the way, the very relation between route and arrival made central in the commentary.	sec12	"[{""line"": 25, ""strength"": ""strong"", ""tradition"": ""incil"", ""kind"": ""paralel"", ""ref"": ""SBLGNT:John.14.5"", ""basis"": ""unknown destination and unknown way"", ""note"": ""Thomas explicitly links not knowing Jesus' destination with not knowing the way, the very relation between route and arrival made central in the commentary."", ""turn"": 1, ""model"": ""terra"", ""connection_id"": ""BC-158bf77deae0520f48ea""}]"
SBLGNT:John.14.6	strong	incil	motif	Jesus as way to the Father	Jesus identifies himself as the way by which one comes to the Father; it is a Christian construal of a road whose point is arrival before God.	sec12	"[{""line"": 26, ""strength"": ""strong"", ""tradition"": ""incil"", ""kind"": ""motif"", ""ref"": ""SBLGNT:John.14.6"", ""basis"": ""Jesus as way to the Father"", ""note"": ""Jesus identifies himself as the way by which one comes to the Father; it is a Christian construal of a road whose point is arrival before God."", ""turn"": 1, ""model"": ""terra"", ""connection_id"": ""BC-770e4a174e5704697a5b""}]"
SBLGNT:John.5.28	strong	incil	motif|paralel	the dead hear and come out | all in tombs hear the summons	The commentary's dead are hidden in earth; Jesus says all in the tombs will hear his voice. | All who are in tombs hear the Son's voice; the verse denies that hidden burial places can make the dead unavailable to resurrection.	sec12	"[{""line"": 45, ""strength"": ""strong"", ""tradition"": ""incil"", ""kind"": ""motif"", ""ref"": ""SBLGNT:John.5.28"", ""basis"": ""the dead hear and come out"", ""note"": ""The commentary's dead are hidden in earth; Jesus says all in the tombs will hear his voice."", ""turn"": 1, ""model"": ""luna"", ""connection_id"": ""BC-aa08fd6effade22b0957""}, {""line"": 36, ""strength"": ""strong"", ""tradition"": ""incil"", ""kind"": ""paralel"", ""ref"": ""SBLGNT:John.5.28"", ""basis"": ""all in tombs hear the summons"", ""note"": ""All who are in tombs hear the Son's voice; the verse denies that hidden burial places can make the dead unavailable to resurrection."", ""turn"": 1, ""model"": ""terra"", ""connection_id"": ""BC-fa144d59a4cd3e24f2f3""}]"
SBLGNT:John.5.29	strong	incil	motif|paralel	resurrection to life or judgment | emergence from tombs for judgment	The commentary's question concerns the destination after bodily disappearance; John distinguishes those who come out to life from those who come out to judgment. | Those in tombs come out for life or judgment, supplying both the new emergence and the accountable end that the commentary joins to earth-loss.	sec12	"[{""line"": 46, ""strength"": ""strong"", ""tradition"": ""incil"", ""kind"": ""motif"", ""ref"": ""SBLGNT:John.5.29"", ""basis"": ""resurrection to life or judgment"", ""note"": ""The commentary's question concerns the destination after bodily disappearance; John distinguishes those who come out to life from those who come out to judgment."", ""turn"": 1, ""model"": ""luna"", ""connection_id"": ""BC-68c1738be7ba8df11acd""}, {""line"": 37, ""strength"": ""strong"", ""tradition"": ""incil"", ""kind"": ""paralel"", ""ref"": ""SBLGNT:John.5.29"", ""basis"": ""emergence from tombs for judgment"", ""note"": ""Those in tombs come out for life or judgment, supplying both the new emergence and the accountable end that the commentary joins to earth-loss."", ""turn"": 1, ""model"": ""terra"", ""connection_id"": ""BC-fdfdba9a3d9842177c73""}]"
SBLGNT:Luke.10.20	strong	incil	motif	names written in heaven	The commentary says the Lord does not lose or forget; Jesus tells the disciples to rejoice that their names are written in heaven.	sec12	"[{""line"": 119, ""strength"": ""strong"", ""tradition"": ""incil"", ""kind"": ""motif"", ""ref"": ""SBLGNT:Luke.10.20"", ""basis"": ""names written in heaven"", ""note"": ""The commentary says the Lord does not lose or forget; Jesus tells the disciples to rejoice that their names are written in heaven."", ""turn"": 2, ""model"": ""luna"", ""connection_id"": ""BC-1435eada95d28ee6b9e8""}]"
SBLGNT:Luke.12.6	strong	incil	motif|paralel	no sparrow forgotten before God	The commentary says the Lord does not lose or forget; Jesus says not one sparrow is forgotten before God. | Not one of five sparrows is forgotten before God; the small-scale saying gives a vivid instance of divine attention that does not lose what creatures lose from sight.	sec12	"[{""line"": 75, ""strength"": ""strong"", ""tradition"": ""incil"", ""kind"": ""motif"", ""ref"": ""SBLGNT:Luke.12.6"", ""basis"": ""no sparrow forgotten before God"", ""note"": ""The commentary says the Lord does not lose or forget; Jesus says not one sparrow is forgotten before God."", ""turn"": 1, ""model"": ""luna"", ""connection_id"": ""BC-71391b4e7cb1a196bf98""}, {""line"": 44, ""strength"": ""strong"", ""tradition"": ""incil"", ""kind"": ""paralel"", ""ref"": ""SBLGNT:Luke.12.6"", ""basis"": ""no sparrow forgotten before God"", ""note"": ""Not one of five sparrows is forgotten before God; the small-scale saying gives a vivid instance of divine attention that does not lose what creatures lose from sight."", ""turn"": 1, ""model"": ""terra"", ""connection_id"": ""BC-54156746fd3e21b2e88b""}]"
SBLGNT:Luke.15.4	medium	incil	motif	lost sheep found in the wilderness	The commentary uses dalal for someone whose whereabouts are unknown; Jesus' shepherd searches the wilderness until he finds the lost sheep.	sec12	"[{""line"": 31, ""strength"": ""medium"", ""tradition"": ""incil"", ""kind"": ""motif"", ""ref"": ""SBLGNT:Luke.15.4"", ""basis"": ""lost sheep found in the wilderness"", ""note"": ""The commentary uses dalal for someone whose whereabouts are unknown; Jesus' shepherd searches the wilderness until he finds the lost sheep."", ""turn"": 1, ""model"": ""luna"", ""connection_id"": ""BC-07cbd47c19e34600b195""}]"
SBLGNT:Luke.24.16	medium	incil	motif	unrecognized traveler on the road	The commentary says a traveler can disappear from the observer's sight while continuing along a route; on the Emmaus road, the disciples walk with Jesus but their eyes are kept from recognizing him.	sec12	"[{""line"": 106, ""strength"": ""medium"", ""tradition"": ""incil"", ""kind"": ""motif"", ""ref"": ""SBLGNT:Luke.24.16"", ""basis"": ""unrecognized traveler on the road"", ""note"": ""The commentary says a traveler can disappear from the observer's sight while continuing along a route; on the Emmaus road, the disciples walk with Jesus but their eyes are kept from recognizing him."", ""turn"": 2, ""model"": ""luna"", ""connection_id"": ""BC-0cca4dfa194cbad488c7""}]"
SBLGNT:Luke.24.31	medium	incil	motif	recognition and disappearance at the destination	The commentary joins leaving sight with eventual arrival; at Emmaus the travelers recognize Jesus at the meal and he disappears from their sight, after the road has brought them to understanding.	sec12	"[{""line"": 107, ""strength"": ""medium"", ""tradition"": ""incil"", ""kind"": ""motif"", ""ref"": ""SBLGNT:Luke.24.31"", ""basis"": ""recognition and disappearance at the destination"", ""note"": ""The commentary joins leaving sight with eventual arrival; at Emmaus the travelers recognize Jesus at the meal and he disappears from their sight, after the road has brought them to understanding."", ""turn"": 2, ""model"": ""luna"", ""connection_id"": ""BC-3667170bcb403163e959""}]"
SBLGNT:Luke.3.4	strong	incil	yorum_gelenegi	Isaiah's straight paths applied to John's mission	Luke reuses the wilderness voice and straight paths for John the Baptist's preparation of the Lord's advent, a Christian framing of the same directed-road image.	sec12	"[{""line"": 7, ""strength"": ""strong"", ""tradition"": ""incil"", ""kind"": ""yorum_gelenegi"", ""ref"": ""SBLGNT:Luke.3.4"", ""basis"": ""Isaiah's straight paths applied to John's mission"", ""note"": ""Luke reuses the wilderness voice and straight paths for John the Baptist's preparation of the Lord's advent, a Christian framing of the same directed-road image."", ""turn"": 1, ""model"": ""terra"", ""connection_id"": ""BC-447a865b3579cf202da0""}]"
SBLGNT:Mark.1.3	medium	incil	yorum_gelenegi	Isaiah's road read as John's preparation	The commentary treats the straight path as a route of divine guidance; Mark applies Isaiah's wilderness-road language to John preparing Jesus' arrival, giving the road a Christian messianic reading.	sec12	"[{""line"": 97, ""strength"": ""medium"", ""tradition"": ""incil"", ""kind"": ""yorum_gelenegi"", ""ref"": ""SBLGNT:Mark.1.3"", ""basis"": ""Isaiah's road read as John's preparation"", ""note"": ""The commentary treats the straight path as a route of divine guidance; Mark applies Isaiah's wilderness-road language to John preparing Jesus' arrival, giving the road a Christian messianic reading."", ""turn"": 2, ""model"": ""luna"", ""connection_id"": ""BC-14574c38946d08beb43b""}]"
SBLGNT:Matt.12.36	strong	incil	motif	account for every careless word	The commentary says nothing can be absent from the Day of Judgment; Jesus says people will answer for every careless word on that day.	sec12	"[{""line"": 125, ""strength"": ""strong"", ""tradition"": ""incil"", ""kind"": ""motif"", ""ref"": ""SBLGNT:Matt.12.36"", ""basis"": ""account for every careless word"", ""note"": ""The commentary says nothing can be absent from the Day of Judgment; Jesus says people will answer for every careless word on that day."", ""turn"": 2, ""model"": ""luna"", ""connection_id"": ""BC-26a5a6a2ffcf3501f4fc""}]"
SBLGNT:Matt.15.14	strong	incil	motif|paralel	blind guides and the pit | blind guides and a pit	The commentary places blindness beside a path that cannot be seen; Jesus' image has a blind guide and blind follower both falling into a pit. | Jesus' saying has a blind guide and blind follower both fall into a pit, making the commentary's sightless route-seeking and its well/pit image meet in one contrary destination.	sec12	"[{""line"": 25, ""strength"": ""medium"", ""tradition"": ""incil"", ""kind"": ""motif"", ""ref"": ""SBLGNT:Matt.15.14"", ""basis"": ""blind guides and the pit"", ""note"": ""The commentary places blindness beside a path that cannot be seen; Jesus' image has a blind guide and blind follower both falling into a pit."", ""turn"": 1, ""model"": ""luna"", ""connection_id"": ""BC-309ff99dfd5874aec2a1""}, {""line"": 17, ""strength"": ""strong"", ""tradition"": ""incil"", ""kind"": ""paralel"", ""ref"": ""SBLGNT:Matt.15.14"", ""basis"": ""blind guides and a pit"", ""note"": ""Jesus' saying has a blind guide and blind follower both fall into a pit, making the commentary's sightless route-seeking and its well/pit image meet in one contrary destination."", ""turn"": 1, ""model"": ""terra"", ""connection_id"": ""BC-64c3923fbf424dca6e0e""}]"
SBLGNT:Matt.25.32	strong	incil	motif	all nations gathered for judgment	The commentary says the day gathers people and no one is absent; Jesus depicts all nations gathered before the Son of Man and separated for judgment.	sec12	"[{""line"": 124, ""strength"": ""strong"", ""tradition"": ""incil"", ""kind"": ""motif"", ""ref"": ""SBLGNT:Matt.25.32"", ""basis"": ""all nations gathered for judgment"", ""note"": ""The commentary says the day gathers people and no one is absent; Jesus depicts all nations gathered before the Son of Man and separated for judgment."", ""turn"": 2, ""model"": ""luna"", ""connection_id"": ""BC-5ae4c15f4f1ca67e0ee6""}]"
SBLGNT:Matt.7.13	strong	incil	motif	broad road to destruction | broad way leading to destruction	The commentary distinguishes a route that reaches a destination from dalal as disappearance without one; Jesus places the many on a broad road ending in destruction. | The broad road leads to destruction, furnishing the adverse route and end alongside Matthew's life-leading way.	sec12	"[{""line"": 2, ""strength"": ""strong"", ""tradition"": ""incil"", ""kind"": ""motif"", ""ref"": ""SBLGNT:Matt.7.13"", ""basis"": ""broad road to destruction"", ""note"": ""The commentary distinguishes a route that reaches a destination from dalal as disappearance without one; Jesus places the many on a broad road ending in destruction."", ""turn"": 1, ""model"": ""luna"", ""connection_id"": ""BC-6b59cd61953b208f42ba""}, {""line"": 24, ""strength"": ""strong"", ""tradition"": ""incil"", ""kind"": ""motif"", ""ref"": ""SBLGNT:Matt.7.13"", ""basis"": ""broad way leading to destruction"", ""note"": ""The broad road leads to destruction, furnishing the adverse route and end alongside Matthew's life-leading way."", ""turn"": 1, ""model"": ""terra"", ""connection_id"": ""BC-e06f673e4d8f62e920bb""}]"
SBLGNT:Matt.7.14	strong	incil	motif	narrow way to life | restricted way leading to life	The commentary's sirat is a traversed way with an arrival; this verse makes the difficult way lead to life. | The restricted way leads to life and is found by few; it makes the endpoint of a path, rather than mere motion, decisive.	sec12	"[{""line"": 3, ""strength"": ""strong"", ""tradition"": ""incil"", ""kind"": ""motif"", ""ref"": ""SBLGNT:Matt.7.14"", ""basis"": ""narrow way to life"", ""note"": ""The commentary's sirat is a traversed way with an arrival; this verse makes the difficult way lead to life."", ""turn"": 1, ""model"": ""luna"", ""connection_id"": ""BC-678313b4cf96d042a93a""}, {""line"": 23, ""strength"": ""strong"", ""tradition"": ""incil"", ""kind"": ""motif"", ""ref"": ""SBLGNT:Matt.7.14"", ""basis"": ""restricted way leading to life"", ""note"": ""The restricted way leads to life and is found by few; it makes the endpoint of a path, rather than mere motion, decisive."", ""turn"": 1, ""model"": ""terra"", ""connection_id"": ""BC-a1d167870a80aa2b4e66""}]"
SBLGNT:Rev.20.12	strong	incil	motif|paralel	the dead stand before the throne | books opened for the dead's judgment	The commentary says no one is absent from the Day of Judgment; Revelation pictures the dead, great and small, standing before the throne as books are opened. | The dead stand before the throne and are judged from opened books, joining the commentary's book, non-forgetting, and no-one-absent motifs in one judgment scene.	sec12	"[{""line"": 69, ""strength"": ""strong"", ""tradition"": ""incil"", ""kind"": ""motif"", ""ref"": ""SBLGNT:Rev.20.12"", ""basis"": ""the dead stand before the throne"", ""note"": ""The commentary says no one is absent from the Day of Judgment; Revelation pictures the dead, great and small, standing before the throne as books are opened."", ""turn"": 1, ""model"": ""luna"", ""connection_id"": ""BC-024832d54e5bb70f6c30""}, {""line"": 45, ""strength"": ""strong"", ""tradition"": ""incil"", ""kind"": ""paralel"", ""ref"": ""SBLGNT:Rev.20.12"", ""basis"": ""books opened for the dead's judgment"", ""note"": ""The dead stand before the throne and are judged from opened books, joining the commentary's book, non-forgetting, and no-one-absent motifs in one judgment scene."", ""turn"": 1, ""model"": ""terra"", ""connection_id"": ""BC-988c08a522032115ffd0""}]"
SBLGNT:Rev.20.13	strong	incil	paralel	sea, Death, and Hades give up their dead	The sea, Death, and Hades yield their dead for judgment, a precise final-assize counter-image to persons or things apparently lost in earth or water.	sec12	"[{""line"": 38, ""strength"": ""strong"", ""tradition"": ""incil"", ""kind"": ""paralel"", ""ref"": ""SBLGNT:Rev.20.13"", ""basis"": ""sea, Death, and Hades give up their dead"", ""note"": ""The sea, Death, and Hades yield their dead for judgment, a precise final-assize counter-image to persons or things apparently lost in earth or water."", ""turn"": 1, ""model"": ""terra"", ""connection_id"": ""BC-abc720657c63b62b68c8""}]"
SBLGNT:Rom.14.10	strong	incil	motif	all stand before God's judgment seat	The commentary denies anyone can be absent from judgment; Paul says all will stand before God's judgment seat.	sec12	"[{""line"": 70, ""strength"": ""strong"", ""tradition"": ""incil"", ""kind"": ""motif"", ""ref"": ""SBLGNT:Rom.14.10"", ""basis"": ""all stand before God's judgment seat"", ""note"": ""The commentary denies anyone can be absent from judgment; Paul says all will stand before God's judgment seat."", ""turn"": 1, ""model"": ""luna"", ""connection_id"": ""BC-2e948ec8a5a4992d20cd""}]"
SBLGNT:Rom.14.12	strong	incil	motif	each gives an account	The commentary says no one escapes the Day of Judgment; Paul specifies that each person will give an account to God.	sec12	"[{""line"": 71, ""strength"": ""strong"", ""tradition"": ""incil"", ""kind"": ""motif"", ""ref"": ""SBLGNT:Rom.14.12"", ""basis"": ""each gives an account"", ""note"": ""The commentary says no one escapes the Day of Judgment; Paul specifies that each person will give an account to God."", ""turn"": 1, ""model"": ""luna"", ""connection_id"": ""BC-bc2ed0e1054f727b1c40""}]"
SBLGNT:Rom.2.16	medium	incil	motif	hidden things judged through Christ	The commentary denies that anyone or anything is missing from judgment; Paul says God judges people's secrets through Jesus Christ.	sec12	"[{""line"": 126, ""strength"": ""medium"", ""tradition"": ""incil"", ""kind"": ""motif"", ""ref"": ""SBLGNT:Rom.2.16"", ""basis"": ""hidden things judged through Christ"", ""note"": ""The commentary denies that anyone or anything is missing from judgment; Paul says God judges people's secrets through Jesus Christ."", ""turn"": 2, ""model"": ""luna"", ""connection_id"": ""BC-6435a033e3c0a0aaacb6""}]"
1 Enoch 51:1	strong	tevrat	paralel	earth and Sheol return what was entrusted	The earth and Sheol give back what was entrusted to them; this treats apparent disappearance into the underworld as custody before eschatological return.	sec12	"[{""line"": 33, ""strength"": ""strong"", ""tradition"": ""tevrat"", ""kind"": ""paralel"", ""ref"": ""1 Enoch 51:1"", ""basis"": ""earth and Sheol return what was entrusted"", ""note"": ""The earth and Sheol give back what was entrusted to them; this treats apparent disappearance into the underworld as custody before eschatological return."", ""turn"": 1, ""model"": ""terra"", ""connection_id"": ""BC-b0f53bb1f666ab54801c""}]"
1QS III,13–IV,26	strong	tevrat	motif	ways of light and darkness	The commentary sets the way of those graced against the lost; the Community Rule divides people between ways of light and darkness with opposed ends, showing a Second Temple Jewish two-ways frame.	sec12	"[{""line"": 4, ""strength"": ""strong"", ""tradition"": ""tevrat"", ""kind"": ""motif"", ""ref"": ""1QS III,13–IV,26"", ""basis"": ""ways of light and darkness"", ""note"": ""The commentary sets the way of those graced against the lost; the Community Rule divides people between ways of light and darkness with opposed ends, showing a Second Temple Jewish two-ways frame."", ""turn"": 1, ""model"": ""luna"", ""connection_id"": ""BC-69438ced394a0987f99e""}]"
2 Baruch 50:2	strong	tevrat	motif|paralel	earth restores the dead | earth preserves and restores the dead	The commentary's question is whether the body lost in earth can be created again; 2 Baruch says the earth will restore the dead it now receives. | The earth receives the dead to preserve them and restores them as received, making burial a guarded holding rather than annihilation.	sec12	"[{""line"": 50, ""strength"": ""strong"", ""tradition"": ""tevrat"", ""kind"": ""motif"", ""ref"": ""2 Baruch 50:2"", ""basis"": ""earth restores the dead"", ""note"": ""The commentary's question is whether the body lost in earth can be created again; 2 Baruch says the earth will restore the dead it now receives."", ""turn"": 1, ""model"": ""luna"", ""connection_id"": ""BC-b4b933aac1c93f43ed51""}, {""line"": 35, ""strength"": ""strong"", ""tradition"": ""tevrat"", ""kind"": ""paralel"", ""ref"": ""2 Baruch 50:2"", ""basis"": ""earth preserves and restores the dead"", ""note"": ""The earth receives the dead to preserve them and restores them as received, making burial a guarded holding rather than annihilation."", ""turn"": 1, ""model"": ""terra"", ""connection_id"": ""BC-167e90bf0e3c73838ecd""}]"
2 Maccabees 7:9	strong	tevrat	motif|paralel	raised to everlasting renewal | the King of the world raises the dead	The commentary reports the objection that the dead lost in earth cannot be newly created; the martyr answers that the King of the universe will raise the dead to renewed life. | The martyred brother says that the King of the world will raise those who die for the law to everlasting life, a direct Jewish rebuttal to death as final loss.	sec12	"[{""line"": 43, ""strength"": ""strong"", ""tradition"": ""tevrat"", ""kind"": ""motif"", ""ref"": ""2 Maccabees 7:9"", ""basis"": ""raised to everlasting renewal"", ""note"": ""The commentary reports the objection that the dead lost in earth cannot be newly created; the martyr answers that the King of the universe will raise the dead to renewed life."", ""turn"": 1, ""model"": ""luna"", ""connection_id"": ""BC-c111a215ba86235cc289""}, {""line"": 71, ""strength"": ""strong"", ""tradition"": ""tevrat"", ""kind"": ""paralel"", ""ref"": ""2 Maccabees 7:9"", ""basis"": ""the King of the world raises the dead"", ""note"": ""The martyred brother says that the King of the world will raise those who die for the law to everlasting life, a direct Jewish rebuttal to death as final loss."", ""turn"": 2, ""model"": ""terra"", ""connection_id"": ""BC-09702aa805847f708364""}]"
4 Ezra 7:32	strong	tevrat	motif|paralel	earth gives up those asleep in it | earth and dust give up their sleepers	The commentary's dalal includes burial in earth; 4 Ezra pictures the earth restoring those who sleep in it at the judgment. | At judgment the earth gives up those asleep in it and dust those dwelling silently, an unusually close Jewish apocalyptic answer to people thought lost in earth.	sec12	"[{""line"": 49, ""strength"": ""strong"", ""tradition"": ""tevrat"", ""kind"": ""motif"", ""ref"": ""4 Ezra 7:32"", ""basis"": ""earth gives up those asleep in it"", ""note"": ""The commentary's dalal includes burial in earth; 4 Ezra pictures the earth restoring those who sleep in it at the judgment."", ""turn"": 1, ""model"": ""luna"", ""connection_id"": ""BC-e7a4ee3c375b4318eea8""}, {""line"": 34, ""strength"": ""strong"", ""tradition"": ""tevrat"", ""kind"": ""paralel"", ""ref"": ""4 Ezra 7:32"", ""basis"": ""earth and dust give up their sleepers"", ""note"": ""At judgment the earth gives up those asleep in it and dust those dwelling silently, an unusually close Jewish apocalyptic answer to people thought lost in earth."", ""turn"": 1, ""model"": ""terra"", ""connection_id"": ""BC-7db41f642ccda292ea4a""}]"
Bavli Berakhot 29b	strong	tevrat	motif	traveler asks for safe guidance and arrival	The commentary's sirat is a traveler's road with an endpoint; the traveler's prayer asks God to lead the journey in peace and bring the traveler safely to the intended destination.	sec12	"[{""line"": 79, ""strength"": ""strong"", ""tradition"": ""tevrat"", ""kind"": ""motif"", ""ref"": ""Bavli Berakhot 29b"", ""basis"": ""traveler asks for safe guidance and arrival"", ""note"": ""The commentary's sirat is a traveler's road with an endpoint; the traveler's prayer asks God to lead the journey in peace and bring the traveler safely to the intended destination."", ""turn"": 1, ""model"": ""luna"", ""connection_id"": ""BC-59beb201742b34b0cfc6""}]"
Bavli Rosh Hashanah 16b	strong	tevrat	yorum_gelenegi	books opened for judgment	The commentary joins God's complete knowledge to the Day of Judgment; the rabbinic account of books opened on Rosh Hashanah turns remembrance into a judgment record.	sec12	"[{""line"": 77, ""strength"": ""strong"", ""tradition"": ""tevrat"", ""kind"": ""yorum_gelenegi"", ""ref"": ""Bavli Rosh Hashanah 16b"", ""basis"": ""books opened for judgment"", ""note"": ""The commentary joins God's complete knowledge to the Day of Judgment; the rabbinic account of books opened on Rosh Hashanah turns remembrance into a judgment record."", ""turn"": 1, ""model"": ""luna"", ""connection_id"": ""BC-c07a19896b8db337ad35""}]"
Bavli Sanhedrin 90b	strong	tevrat	yorum_gelenegi	resurrection established from Torah	The commentary presents resurrection as the answer to bodies disappearing into earth; the Talmud's debate derives resurrection from Torah, showing how Jewish interpretation makes that answer scriptural.	sec12	"[{""line"": 51, ""strength"": ""strong"", ""tradition"": ""tevrat"", ""kind"": ""yorum_gelenegi"", ""ref"": ""Bavli Sanhedrin 90b"", ""basis"": ""resurrection established from Torah"", ""note"": ""The commentary presents resurrection as the answer to bodies disappearing into earth; the Talmud's debate derives resurrection from Torah, showing how Jewish interpretation makes that answer scriptural."", ""turn"": 1, ""model"": ""luna"", ""connection_id"": ""BC-a5ff856ed8438668f6ff""}]"
Berakhot 60b	medium	tevrat	motif	God takes and will restore the soul	The morning prayer says God will take the soul and restore it in the time to come, a liturgical Jewish expression of temporary loss followed by restoration.	sec12	"[{""line"": 52, ""strength"": ""medium"", ""tradition"": ""tevrat"", ""kind"": ""motif"", ""ref"": ""Berakhot 60b"", ""basis"": ""God takes and will restore the soul"", ""note"": ""The morning prayer says God will take the soul and restore it in the time to come, a liturgical Jewish expression of temporary loss followed by restoration."", ""turn"": 1, ""model"": ""terra"", ""connection_id"": ""BC-5533aa62e16406c06753""}]"
Genesis Rabbah 84:16	medium	tevrat	yorum_gelenegi	pit containing no water but danger	The commentary treats the pit as Joseph's hiding place before the caravan route; Genesis Rabbah reads its emptiness of water as leaving snakes and scorpions, heightening the apparent finality from which Joseph emerges.	sec12	"[{""line"": 36, ""strength"": ""medium"", ""tradition"": ""tevrat"", ""kind"": ""yorum_gelenegi"", ""ref"": ""Genesis Rabbah 84:16"", ""basis"": ""pit containing no water but danger"", ""note"": ""The commentary treats the pit as Joseph's hiding place before the caravan route; Genesis Rabbah reads its emptiness of water as leaving snakes and scorpions, heightening the apparent finality from which Joseph emerges."", ""turn"": 1, ""model"": ""luna"", ""connection_id"": ""BC-1d060ce0c058f89e341c""}]"
Mishnah Avot 2:1	strong	tevrat	yorum_gelenegi	deeds written in a book | every deed written in a book	The commentary says God's knowledge is preserved rather than lost; Avot teaches that all deeds are written in a book, an ethical interpretation of divine accounting. | The maxim's seeing eye, hearing ear, and book recording all deeds make the commentary's claim that the Lord neither loses nor forgets a concrete ethical-accounting image.	sec12	"[{""line"": 76, ""strength"": ""strong"", ""tradition"": ""tevrat"", ""kind"": ""yorum_gelenegi"", ""ref"": ""Mishnah Avot 2:1"", ""basis"": ""deeds written in a book"", ""note"": ""The commentary says God's knowledge is preserved rather than lost; Avot teaches that all deeds are written in a book, an ethical interpretation of divine accounting."", ""turn"": 1, ""model"": ""luna"", ""connection_id"": ""BC-093375d29650b5015230""}, {""line"": 42, ""strength"": ""strong"", ""tradition"": ""tevrat"", ""kind"": ""yorum_gelenegi"", ""ref"": ""Mishnah Avot 2:1"", ""basis"": ""every deed written in a book"", ""note"": ""The maxim's seeing eye, hearing ear, and book recording all deeds make the commentary's claim that the Lord neither loses nor forgets a concrete ethical-accounting image."", ""turn"": 1, ""model"": ""terra"", ""connection_id"": ""BC-37a79fe2af2ae1282014""}]"
Mishnah Avot 3:1	medium	tevrat	yorum_gelenegi	from a drop to dust, then account before the King	The maxim makes a person consider both the destination of the body in dust and the coming account before God; it places earth-bound mortality and divine encounter side by side.	sec12	"[{""line"": 51, ""strength"": ""medium"", ""tradition"": ""tevrat"", ""kind"": ""yorum_gelenegi"", ""ref"": ""Mishnah Avot 3:1"", ""basis"": ""from a drop to dust, then account before the King"", ""note"": ""The maxim makes a person consider both the destination of the body in dust and the coming account before God; it places earth-bound mortality and divine encounter side by side."", ""turn"": 1, ""model"": ""terra"", ""connection_id"": ""BC-6ce87a310d9a0f30096f""}]"
Shabbat 22a	medium	tevrat	yorum_gelenegi	Joseph's waterless pit contains snakes and scorpions	The rabbinic reading of Genesis 37:24 says the pit lacked water but held snakes and scorpions, making the hidden descent more perilous and sharpening the preservation implicit in Joseph's later emergence.	sec12	"[{""line"": 54, ""strength"": ""medium"", ""tradition"": ""tevrat"", ""kind"": ""yorum_gelenegi"", ""ref"": ""Shabbat 22a"", ""basis"": ""Joseph's waterless pit contains snakes and scorpions"", ""note"": ""The rabbinic reading of Genesis 37:24 says the pit lacked water but held snakes and scorpions, making the hidden descent more perilous and sharpening the preservation implicit in Joseph's later emergence."", ""turn"": 1, ""model"": ""terra"", ""connection_id"": ""BC-b4fe630db79c8571712d""}]"
WLC:2Kgs.6.18	medium	tevrat	paralel	blinded army	The commentary's scene concerns people blinded as they try to reach a path; Elisha's pursuers are struck blind, making this a concrete biblical scene of divinely imposed blindness.	sec12	"[{""line"": 26, ""strength"": ""medium"", ""tradition"": ""tevrat"", ""kind"": ""paralel"", ""ref"": ""WLC:2Kgs.6.18"", ""basis"": ""blinded army"", ""note"": ""The commentary's scene concerns people blinded as they try to reach a path; Elisha's pursuers are struck blind, making this a concrete biblical scene of divinely imposed blindness."", ""turn"": 1, ""model"": ""luna"", ""connection_id"": ""BC-2641742c9947825ffe12""}]"
WLC:2Kgs.6.19	medium	tevrat	paralel	blind captives led to Samaria	The commentary's lost sight leaves people unable to find their way; after the blinding in the neighboring verse, Elisha leads the soldiers to Samaria, where their eyes are opened.	sec12	"[{""line"": 27, ""strength"": ""medium"", ""tradition"": ""tevrat"", ""kind"": ""paralel"", ""ref"": ""WLC:2Kgs.6.19"", ""basis"": ""blind captives led to Samaria"", ""note"": ""The commentary's lost sight leaves people unable to find their way; after the blinding in the neighboring verse, Elisha leads the soldiers to Samaria, where their eyes are opened."", ""turn"": 1, ""model"": ""luna"", ""connection_id"": ""BC-883a201357abd5b8b62e""}]"
WLC:Amos.9.2	strong	tevrat	motif|paralel	no escape even in Sheol | no escape through Sheol or heaven	The commentary says no one is absent from the Day of Judgment; Amos says that digging into Sheol will not hide people from God's hand. | Even descent to Sheol or ascent to heaven cannot evade God's hand; it is a close prophetic analogue to the claim that none can disappear from the day of reckoning.	sec12	"[{""line"": 60, ""strength"": ""strong"", ""tradition"": ""tevrat"", ""kind"": ""motif"", ""ref"": ""WLC:Amos.9.2"", ""basis"": ""no escape even in Sheol"", ""note"": ""The commentary says no one is absent from the Day of Judgment; Amos says that digging into Sheol will not hide people from God's hand."", ""turn"": 1, ""model"": ""luna"", ""connection_id"": ""BC-bc79e28641806012302f""}, {""line"": 46, ""strength"": ""strong"", ""tradition"": ""tevrat"", ""kind"": ""paralel"", ""ref"": ""WLC:Amos.9.2"", ""basis"": ""no escape through Sheol or heaven"", ""note"": ""Even descent to Sheol or ascent to heaven cannot evade God's hand; it is a close prophetic analogue to the claim that none can disappear from the day of reckoning."", ""turn"": 1, ""model"": ""terra"", ""connection_id"": ""BC-3af751c222fcb9217528""}]"
WLC:Amos.9.3	strong	tevrat	motif	no hiding on Carmel	The commentary denies disappearance from judgment; Amos names the mountain's summit as another place God will search.	sec12	"[{""line"": 61, ""strength"": ""strong"", ""tradition"": ""tevrat"", ""kind"": ""motif"", ""ref"": ""WLC:Amos.9.3"", ""basis"": ""no hiding on Carmel"", ""note"": ""The commentary denies disappearance from judgment; Amos names the mountain's summit as another place God will search."", ""turn"": 1, ""model"": ""luna"", ""connection_id"": ""BC-cd83d1ba22938faccdde""}]"
WLC:Amos.9.4	strong	tevrat	motif	captivity cannot hide from God	The commentary says none can be absent from judgment; Amos says even captives among enemies remain within God's reach.	sec12	"[{""line"": 62, ""strength"": ""strong"", ""tradition"": ""tevrat"", ""kind"": ""motif"", ""ref"": ""WLC:Amos.9.4"", ""basis"": ""captivity cannot hide from God"", ""note"": ""The commentary says none can be absent from judgment; Amos says even captives among enemies remain within God's reach."", ""turn"": 1, ""model"": ""luna"", ""connection_id"": ""BC-24e3b1e3cf8eda52cbea""}]"
WLC:Dan.12.1	strong	tevrat	motif	written in the book and delivered	The commentary says none are lost from God's knowledge; Daniel says those found written in the book will be delivered at the time of distress.	sec12	"[{""line"": 118, ""strength"": ""strong"", ""tradition"": ""tevrat"", ""kind"": ""motif"", ""ref"": ""WLC:Dan.12.1"", ""basis"": ""written in the book and delivered"", ""note"": ""The commentary says none are lost from God's knowledge; Daniel says those found written in the book will be delivered at the time of distress."", ""turn"": 2, ""model"": ""luna"", ""connection_id"": ""BC-bbd8bb19045269161179""}]"
WLC:Dan.12.2	strong	tevrat	motif|paralel	sleepers in dust wake | sleepers in earth's dust awaken	The commentary's earth-hidden dead are asked whether they can be newly created; Daniel pictures sleepers in the dust of the earth awakening. | Many sleeping in the dust of the earth awake for divergent final outcomes, closely matching burial in earth followed by new life and judgment.	sec12	"[{""line"": 39, ""strength"": ""strong"", ""tradition"": ""tevrat"", ""kind"": ""motif"", ""ref"": ""WLC:Dan.12.2"", ""basis"": ""sleepers in dust wake"", ""note"": ""The commentary's earth-hidden dead are asked whether they can be newly created; Daniel pictures sleepers in the dust of the earth awakening."", ""turn"": 1, ""model"": ""luna"", ""connection_id"": ""BC-7c9a75d90b34776deee4""}, {""line"": 32, ""strength"": ""strong"", ""tradition"": ""tevrat"", ""kind"": ""paralel"", ""ref"": ""WLC:Dan.12.2"", ""basis"": ""sleepers in earth's dust awaken"", ""note"": ""Many sleeping in the dust of the earth awake for divergent final outcomes, closely matching burial in earth followed by new life and judgment."", ""turn"": 1, ""model"": ""terra"", ""connection_id"": ""BC-4274ebf3885a7659b54f""}]"
WLC:Dan.7.10	medium	tevrat	motif	court and books opened	The commentary says none are absent on the Day of Judgment; Daniel sees the court sit and books opened, giving judgment an image of complete accounting.	sec12	"[{""line"": 67, ""strength"": ""medium"", ""tradition"": ""tevrat"", ""kind"": ""motif"", ""ref"": ""WLC:Dan.7.10"", ""basis"": ""court and books opened"", ""note"": ""The commentary says none are absent on the Day of Judgment; Daniel sees the court sit and books opened, giving judgment an image of complete accounting."", ""turn"": 1, ""model"": ""luna"", ""connection_id"": ""BC-09c0adacaa368c759e9f""}]"
WLC:Deut.1.33	strong	tevrat	motif	God goes ahead to find a campsite	The commentary's route has a direction and endpoint; Moses recalls God going before Israel to find where they should camp.	sec12	"[{""line"": 20, ""strength"": ""strong"", ""tradition"": ""tevrat"", ""kind"": ""motif"", ""ref"": ""WLC:Deut.1.33"", ""basis"": ""God goes ahead to find a campsite"", ""note"": ""The commentary's route has a direction and endpoint; Moses recalls God going before Israel to find where they should camp."", ""turn"": 1, ""model"": ""luna"", ""connection_id"": ""BC-b606eef3acd93eaa2536""}]"
WLC:Deut.28.29	strong	tevrat	motif|paralel	blind groping and failing on the way | blind groping and failure in one's ways	The commentary's scene has people unable to see the path; Deuteronomy pictures the blind groping in darkness and failing in their ways. | The curse imagines groping at noon as a blind person in darkness and not succeeding in one's ways, combining impaired sight with failed direction.	sec12	"[{""line"": 23, ""strength"": ""strong"", ""tradition"": ""tevrat"", ""kind"": ""motif"", ""ref"": ""WLC:Deut.28.29"", ""basis"": ""blind groping and failing on the way"", ""note"": ""The commentary's scene has people unable to see the path; Deuteronomy pictures the blind groping in darkness and failing in their ways."", ""turn"": 1, ""model"": ""luna"", ""connection_id"": ""BC-c5f32fdd277c64cf5c99""}, {""line"": 60, ""strength"": ""strong"", ""tradition"": ""tevrat"", ""kind"": ""paralel"", ""ref"": ""WLC:Deut.28.29"", ""basis"": ""blind groping and failure in one's ways"", ""note"": ""The curse imagines groping at noon as a blind person in darkness and not succeeding in one's ways, combining impaired sight with failed direction."", ""turn"": 2, ""model"": ""terra"", ""connection_id"": ""BC-4dcdeac85469a1aec510""}]"
WLC:Deut.30.16	strong	tevrat	motif	walk in God's way and live	The commentary asks for guidance along the path of those favored; Deuteronomy links walking in God's ways with life and blessing.	sec12	"[{""line"": 91, ""strength"": ""strong"", ""tradition"": ""tevrat"", ""kind"": ""motif"", ""ref"": ""WLC:Deut.30.16"", ""basis"": ""walk in God's way and live"", ""note"": ""The commentary asks for guidance along the path of those favored; Deuteronomy links walking in God's ways with life and blessing."", ""turn"": 2, ""model"": ""luna"", ""connection_id"": ""BC-9af0af6070d930d83ec9""}]"
WLC:Deut.30.19	strong	tevrat	motif	choose life	The commentary contrasts a path that arrives with a lost way; Moses calls heaven and earth as witnesses and urges Israel to choose life.	sec12	"[{""line"": 92, ""strength"": ""strong"", ""tradition"": ""tevrat"", ""kind"": ""motif"", ""ref"": ""WLC:Deut.30.19"", ""basis"": ""choose life"", ""note"": ""The commentary contrasts a path that arrives with a lost way; Moses calls heaven and earth as witnesses and urges Israel to choose life."", ""turn"": 2, ""model"": ""luna"", ""connection_id"": ""BC-111ef1480ed949fe58fe""}]"
WLC:Deut.32.37	strong	tevrat	motif	where are their gods	The commentary says the things idolaters fabricated disappear from them; Moses asks where the nations' gods are when their worshippers need refuge.	sec12	"[{""line"": 52, ""strength"": ""strong"", ""tradition"": ""tevrat"", ""kind"": ""motif"", ""ref"": ""WLC:Deut.32.37"", ""basis"": ""where are their gods"", ""note"": ""The commentary says the things idolaters fabricated disappear from them; Moses asks where the nations' gods are when their worshippers need refuge."", ""turn"": 1, ""model"": ""luna"", ""connection_id"": ""BC-40f89f0605d846b97a2d""}]"
WLC:Eccl.10.15	strong	tevrat	motif	fool cannot find the way to the city	The commentary explains dalal as someone going where no one knows where; Ecclesiastes says the fool does not know the way to the city, making loss a failure to reach a concrete destination.	sec12	"[{""line"": 82, ""strength"": ""strong"", ""tradition"": ""tevrat"", ""kind"": ""motif"", ""ref"": ""WLC:Eccl.10.15"", ""basis"": ""fool cannot find the way to the city"", ""note"": ""The commentary explains dalal as someone going where no one knows where; Ecclesiastes says the fool does not know the way to the city, making loss a failure to reach a concrete destination."", ""turn"": 2, ""model"": ""luna"", ""connection_id"": ""BC-db729180667688beaab0""}]"
WLC:Eccl.12.14	strong	tevrat	motif	every deed brought to judgment	The commentary denies disappearance from the judgment day; Ecclesiastes says God brings every deed, including what is hidden, into judgment.	sec12	"[{""line"": 68, ""strength"": ""strong"", ""tradition"": ""tevrat"", ""kind"": ""motif"", ""ref"": ""WLC:Eccl.12.14"", ""basis"": ""every deed brought to judgment"", ""note"": ""The commentary denies disappearance from the judgment day; Ecclesiastes says God brings every deed, including what is hidden, into judgment."", ""turn"": 1, ""model"": ""luna"", ""connection_id"": ""BC-6c446dbe94259e0fd23d""}]"
WLC:Eccl.9.5	medium	tevrat	karsi_anlati	the dead's memory is forgotten	Qoheleth says the dead's remembrance is forgotten, a bounded human-memory counterpoint that makes the commentary's stronger claim about God's unfailing book and knowledge more pointed.	sec12	"[{""line"": 56, ""strength"": ""medium"", ""tradition"": ""tevrat"", ""kind"": ""karsi_anlati"", ""ref"": ""WLC:Eccl.9.5"", ""basis"": ""the dead's memory is forgotten"", ""note"": ""Qoheleth says the dead's remembrance is forgotten, a bounded human-memory counterpoint that makes the commentary's stronger claim about God's unfailing book and knowledge more pointed."", ""turn"": 1, ""model"": ""terra"", ""connection_id"": ""BC-ebbc9411eafd5997a4f5""}]"
WLC:Exod.13.17	strong	tevrat	motif	deliberate route around the nearer road	The commentary says a road can carry a traveler to an end even while he leaves sight; God declines the nearer Philistine road because of the people's vulnerability and chooses a route toward the sea.	sec12	"[{""line"": 17, ""strength"": ""strong"", ""tradition"": ""tevrat"", ""kind"": ""motif"", ""ref"": ""WLC:Exod.13.17"", ""basis"": ""deliberate route around the nearer road"", ""note"": ""The commentary says a road can carry a traveler to an end even while he leaves sight; God declines the nearer Philistine road because of the people's vulnerability and chooses a route toward the sea."", ""turn"": 1, ""model"": ""luna"", ""connection_id"": ""BC-b4b0e955fa391c31071f""}]"
WLC:Exod.13.18	strong	tevrat	motif	roundabout route to the sea	The commentary's road has a direction and arrival; Israel is led around through the wilderness toward the sea, so guidance need not mean the shortest route.	sec12	"[{""line"": 18, ""strength"": ""strong"", ""tradition"": ""tevrat"", ""kind"": ""motif"", ""ref"": ""WLC:Exod.13.18"", ""basis"": ""roundabout route to the sea"", ""note"": ""The commentary's road has a direction and arrival; Israel is led around through the wilderness toward the sea, so guidance need not mean the shortest route."", ""turn"": 1, ""model"": ""luna"", ""connection_id"": ""BC-ca045487569275cba6d0""}]"
WLC:Exod.15.13	strong	tevrat	motif	led to God's holy dwelling	The commentary's road has a destination; the Song of the Sea says God leads the redeemed people toward the dwelling of his holiness.	sec12	"[{""line"": 103, ""strength"": ""strong"", ""tradition"": ""tevrat"", ""kind"": ""motif"", ""ref"": ""WLC:Exod.15.13"", ""basis"": ""led to God's holy dwelling"", ""note"": ""The commentary's road has a destination; the Song of the Sea says God leads the redeemed people toward the dwelling of his holiness."", ""turn"": 2, ""model"": ""luna"", ""connection_id"": ""BC-4e89d4e1c723ec810bb9""}]"
WLC:Exod.2.24	strong	tevrat	motif	God remembers the covenant	The commentary says the Lord does not lose the history of earlier generations; Exodus says God heard Israel's groaning and remembered the covenant with the patriarchs.	sec12	"[{""line"": 78, ""strength"": ""strong"", ""tradition"": ""tevrat"", ""kind"": ""motif"", ""ref"": ""WLC:Exod.2.24"", ""basis"": ""God remembers the covenant"", ""note"": ""The commentary says the Lord does not lose the history of earlier generations; Exodus says God heard Israel's groaning and remembered the covenant with the patriarchs."", ""turn"": 1, ""model"": ""luna"", ""connection_id"": ""BC-488574ebc141f65ef4ab""}]"
WLC:Exod.23.20	strong	tevrat	motif|paralel	guarded way to a prepared place | guard on the way, brought to a place	The commentary describes a traveler disappearing along a road that still has a destination; God sends a messenger to guard Israel on the way and bring them to the prepared place. | The angel is sent ahead both to guard Israel on the way and to bring it to the prepared place, the same two-part image of guidance and arrival developed for the sirat.	sec12	"[{""line"": 19, ""strength"": ""strong"", ""tradition"": ""tevrat"", ""kind"": ""motif"", ""ref"": ""WLC:Exod.23.20"", ""basis"": ""guarded way to a prepared place"", ""note"": ""The commentary describes a traveler disappearing along a road that still has a destination; God sends a messenger to guard Israel on the way and bring them to the prepared place."", ""turn"": 1, ""model"": ""luna"", ""connection_id"": ""BC-4ca4003ffffb254451fb""}, {""line"": 5, ""strength"": ""strong"", ""tradition"": ""tevrat"", ""kind"": ""paralel"", ""ref"": ""WLC:Exod.23.20"", ""basis"": ""guard on the way, brought to a place"", ""note"": ""The angel is sent ahead both to guard Israel on the way and to bring it to the prepared place, the same two-part image of guidance and arrival developed for the sirat."", ""turn"": 1, ""model"": ""terra"", ""connection_id"": ""BC-bc039bd17051169029e0""}]"
WLC:Exod.32.32	strong	tevrat	motif	Moses asks to be blotted from the book	The commentary says God keeps people from being lost in memory; Moses invokes God's book while offering himself for Israel, making inclusion in the divine record explicit.	sec12	"[{""line"": 116, ""strength"": ""strong"", ""tradition"": ""tevrat"", ""kind"": ""motif"", ""ref"": ""WLC:Exod.32.32"", ""basis"": ""Moses asks to be blotted from the book"", ""note"": ""The commentary says God keeps people from being lost in memory; Moses invokes God's book while offering himself for Israel, making inclusion in the divine record explicit."", ""turn"": 2, ""model"": ""luna"", ""connection_id"": ""BC-3b7a1c7e874c846fda94""}]"
WLC:Exod.32.33	strong	tevrat	motif	sinner blotted from God's book	The commentary says God neither loses nor forgets; God answers that the one who sins will be blotted from his book, adding accountability to the image of divine memory.	sec12	"[{""line"": 117, ""strength"": ""strong"", ""tradition"": ""tevrat"", ""kind"": ""motif"", ""ref"": ""WLC:Exod.32.33"", ""basis"": ""sinner blotted from God's book"", ""note"": ""The commentary says God neither loses nor forgets; God answers that the one who sins will be blotted from his book, adding accountability to the image of divine memory."", ""turn"": 2, ""model"": ""luna"", ""connection_id"": ""BC-0c13e0f7d75405b68d36""}]"
WLC:Ezek.34.12	medium	tevrat	motif	scattered sheep sought out	The commentary's lost person has gone where no one knows; Ezekiel pictures God searching for scattered sheep and rescuing them from the places where they were dispersed.	sec12	"[{""line"": 30, ""strength"": ""medium"", ""tradition"": ""tevrat"", ""kind"": ""motif"", ""ref"": ""WLC:Ezek.34.12"", ""basis"": ""scattered sheep sought out"", ""note"": ""The commentary's lost person has gone where no one knows; Ezekiel pictures God searching for scattered sheep and rescuing them from the places where they were dispersed."", ""turn"": 1, ""model"": ""luna"", ""connection_id"": ""BC-444b2d83853bb22459f5""}]"
WLC:Ezek.34.16	strong	tevrat	paralel	seek the lost and bring back the strayed	God promises to seek the lost and bring back the strayed sheep, turning unknown disappearance into known recovery and return.	sec12	"[{""line"": 20, ""strength"": ""strong"", ""tradition"": ""tevrat"", ""kind"": ""paralel"", ""ref"": ""WLC:Ezek.34.16"", ""basis"": ""seek the lost and bring back the strayed"", ""note"": ""God promises to seek the lost and bring back the strayed sheep, turning unknown disappearance into known recovery and return."", ""turn"": 1, ""model"": ""terra"", ""connection_id"": ""BC-3dcc4a8b29cfedb7fde8""}]"
WLC:Ezek.37.12	strong	tevrat	motif|paralel	graves opened | graves opened and people brought to their land	The commentary's dalal includes the dead buried and lost in earth; Ezekiel's vision promises that God will open graves and bring the dead up. | God opens graves, brings the dead up, and brings them into Israel's land; earth's enclosure is therefore a stage on a directed restoration, not their final disappearance.	sec12	"[{""line"": 40, ""strength"": ""strong"", ""tradition"": ""tevrat"", ""kind"": ""motif"", ""ref"": ""WLC:Ezek.37.12"", ""basis"": ""graves opened"", ""note"": ""The commentary's dalal includes the dead buried and lost in earth; Ezekiel's vision promises that God will open graves and bring the dead up."", ""turn"": 1, ""model"": ""luna"", ""connection_id"": ""BC-3a5c70c648f7ed80f959""}, {""line"": 30, ""strength"": ""strong"", ""tradition"": ""tevrat"", ""kind"": ""paralel"", ""ref"": ""WLC:Ezek.37.12"", ""basis"": ""graves opened and people brought to their land"", ""note"": ""God opens graves, brings the dead up, and brings them into Israel's land; earth's enclosure is therefore a stage on a directed restoration, not their final disappearance."", ""turn"": 1, ""model"": ""terra"", ""connection_id"": ""BC-c61f731b0c85f7b22769""}]"
WLC:Gen.24.27	strong	tevrat	motif	led on the journey to a household	The commentary's sirat has an arrival; Abraham's servant says God led him on the way to his master's kin.	sec12	"[{""line"": 21, ""strength"": ""strong"", ""tradition"": ""tevrat"", ""kind"": ""motif"", ""ref"": ""WLC:Gen.24.27"", ""basis"": ""led on the journey to a household"", ""note"": ""The commentary's sirat has an arrival; Abraham's servant says God led him on the way to his master's kin."", ""turn"": 1, ""model"": ""luna"", ""connection_id"": ""BC-090ca2483cd116d16a7d""}]"
WLC:Gen.28.15	strong	tevrat	motif	kept on the journey and brought back	The commentary says a path may hide the traveler while still reaching its end; God promises Jacob presence wherever he goes and return to the land.	sec12	"[{""line"": 102, ""strength"": ""strong"", ""tradition"": ""tevrat"", ""kind"": ""motif"", ""ref"": ""WLC:Gen.28.15"", ""basis"": ""kept on the journey and brought back"", ""note"": ""The commentary says a path may hide the traveler while still reaching its end; God promises Jacob presence wherever he goes and return to the land."", ""turn"": 2, ""model"": ""luna"", ""connection_id"": ""BC-dfcf334780d94b5e8952""}]"
WLC:Gen.3.19	strong	tevrat	karsi_anlati|motif	return to dust	The commentary explains dalal with burial and disappearance into earth; Genesis says the human returns to dust, giving the image its deathly endpoint. | Genesis' mortality judgment sends the human back to dust without adding a resurrection in this utterance; the commentary begins with comparable earth-loss but answers sceptical finality with new creation and meeting God.	sec12	"[{""line"": 37, ""strength"": ""strong"", ""tradition"": ""tevrat"", ""kind"": ""motif"", ""ref"": ""WLC:Gen.3.19"", ""basis"": ""return to dust"", ""note"": ""The commentary explains dalal with burial and disappearance into earth; Genesis says the human returns to dust, giving the image its deathly endpoint."", ""turn"": 1, ""model"": ""luna"", ""connection_id"": ""BC-ad041d288094ea1106da""}, {""line"": 55, ""strength"": ""medium"", ""tradition"": ""tevrat"", ""kind"": ""karsi_anlati"", ""ref"": ""WLC:Gen.3.19"", ""basis"": ""return to dust"", ""note"": ""Genesis' mortality judgment sends the human back to dust without adding a resurrection in this utterance; the commentary begins with comparable earth-loss but answers sceptical finality with new creation and meeting God."", ""turn"": 1, ""model"": ""terra"", ""connection_id"": ""BC-521e0863cb40c3f2697b""}]"
WLC:Gen.37.22	strong	tevrat	paralel	Joseph cast into a wilderness pit	Reuben directs that Joseph be put into a pit in the wilderness rather than killed, giving the older narrative's concrete counterpart to Joseph's removal into the hidden bottom of a well.	sec12	"[{""line"": 27, ""strength"": ""strong"", ""tradition"": ""tevrat"", ""kind"": ""paralel"", ""ref"": ""WLC:Gen.37.22"", ""basis"": ""Joseph cast into a wilderness pit"", ""note"": ""Reuben directs that Joseph be put into a pit in the wilderness rather than killed, giving the older narrative's concrete counterpart to Joseph's removal into the hidden bottom of a well."", ""turn"": 1, ""model"": ""terra"", ""connection_id"": ""BC-e10dedb22a473cd779c1""}]"
WLC:Gen.37.24	strong	tevrat	paralel	Joseph hidden in the dry pit	The commentary recalls Joseph disappearing into the pit before reaching a caravan; Genesis tells the same scene, with the pit empty of water.	sec12	"[{""line"": 32, ""strength"": ""strong"", ""tradition"": ""tevrat"", ""kind"": ""paralel"", ""ref"": ""WLC:Gen.37.24"", ""basis"": ""Joseph hidden in the dry pit"", ""note"": ""The commentary recalls Joseph disappearing into the pit before reaching a caravan; Genesis tells the same scene, with the pit empty of water."", ""turn"": 1, ""model"": ""luna"", ""connection_id"": ""BC-211c4b2a4f80e6c05124""}]"
WLC:Gen.37.28	strong	tevrat	paralel	pulled from the pit into the traders' route | traders draw Joseph from the pit and take him to Egypt	The commentary says Joseph's disappearance in the pit leads to the road and travelers; Genesis has passing traders draw him up and carry him into their journey. | Passing traders draw Joseph out and carry him toward Egypt, so the pit disappearance becomes a transit with an unforeseen destination, as the commentary emphasizes.	sec12	"[{""line"": 33, ""strength"": ""strong"", ""tradition"": ""tevrat"", ""kind"": ""paralel"", ""ref"": ""WLC:Gen.37.28"", ""basis"": ""pulled from the pit into the traders' route"", ""note"": ""The commentary says Joseph's disappearance in the pit leads to the road and travelers; Genesis has passing traders draw him up and carry him into their journey."", ""turn"": 1, ""model"": ""luna"", ""connection_id"": ""BC-854055d7524ab279cefb""}, {""line"": 28, ""strength"": ""strong"", ""tradition"": ""tevrat"", ""kind"": ""paralel"", ""ref"": ""WLC:Gen.37.28"", ""basis"": ""traders draw Joseph from the pit and take him to Egypt"", ""note"": ""Passing traders draw Joseph out and carry him toward Egypt, so the pit disappearance becomes a transit with an unforeseen destination, as the commentary emphasizes."", ""turn"": 1, ""model"": ""terra"", ""connection_id"": ""BC-9993d4efffd65beaa85e""}]"
WLC:Gen.37.36	strong	tevrat	paralel	Joseph reaches Potiphar's house	The commentary says Joseph's disappearance in the pit leads into a travelers' route; Genesis gives that route an Egyptian destination when Joseph is sold to Potiphar.	sec12	"[{""line"": 110, ""strength"": ""strong"", ""tradition"": ""tevrat"", ""kind"": ""paralel"", ""ref"": ""WLC:Gen.37.36"", ""basis"": ""Joseph reaches Potiphar's house"", ""note"": ""The commentary says Joseph's disappearance in the pit leads into a travelers' route; Genesis gives that route an Egyptian destination when Joseph is sold to Potiphar."", ""turn"": 2, ""model"": ""luna"", ""connection_id"": ""BC-da72014952f2d806c958""}]"
WLC:Gen.45.5	strong	tevrat	paralel	Joseph interprets his journey as being sent ahead	The commentary reads the pit's disappearance as a route with an eventual destination; Joseph later says God sent him ahead to preserve life, interpreting that route as purposeful.	sec12	"[{""line"": 34, ""strength"": ""strong"", ""tradition"": ""tevrat"", ""kind"": ""paralel"", ""ref"": ""WLC:Gen.45.5"", ""basis"": ""Joseph interprets his journey as being sent ahead"", ""note"": ""The commentary reads the pit's disappearance as a route with an eventual destination; Joseph later says God sent him ahead to preserve life, interpreting that route as purposeful."", ""turn"": 1, ""model"": ""luna"", ""connection_id"": ""BC-4b432d5eae89d5bfc63f""}]"
WLC:Hos.14.10	strong	tevrat	karsi_anlati	righteous walk, transgressors stumble	The commentary contrasts the guided path with dalal; Hosea's closing line says the Lord's ways are straight, the righteous walk in them, and transgressors stumble.	sec12	"[{""line"": 100, ""strength"": ""strong"", ""tradition"": ""tevrat"", ""kind"": ""karsi_anlati"", ""ref"": ""WLC:Hos.14.10"", ""basis"": ""righteous walk, transgressors stumble"", ""note"": ""The commentary contrasts the guided path with dalal; Hosea's closing line says the Lord's ways are straight, the righteous walk in them, and transgressors stumble."", ""turn"": 2, ""model"": ""luna"", ""connection_id"": ""BC-efbae521c9a390401f36""}]"
WLC:Isa.2.18	strong	tevrat	paralel	idols wholly pass away	In Isaiah's day-of-the-Lord scene idols utterly pass away, closely matching the commentary's judgment image of fabricated objects vanishing from their makers.	sec12	"[{""line"": 48, ""strength"": ""strong"", ""tradition"": ""tevrat"", ""kind"": ""paralel"", ""ref"": ""WLC:Isa.2.18"", ""basis"": ""idols wholly pass away"", ""note"": ""In Isaiah's day-of-the-Lord scene idols utterly pass away, closely matching the commentary's judgment image of fabricated objects vanishing from their makers."", ""turn"": 1, ""model"": ""terra"", ""connection_id"": ""BC-311e3cfb9019dc0600dd""}]"
WLC:Isa.25.8	strong	tevrat	motif	God swallows up death forever	Isaiah reverses the commentary's swallowing image by making God consume death itself, then remove tears; the shared bodily image serves an opposite eschatological result without claiming cognacy.	sec12	"[{""line"": 65, ""strength"": ""strong"", ""tradition"": ""tevrat"", ""kind"": ""motif"", ""ref"": ""WLC:Isa.25.8"", ""basis"": ""God swallows up death forever"", ""note"": ""Isaiah reverses the commentary's swallowing image by making God consume death itself, then remove tears; the shared bodily image serves an opposite eschatological result without claiming cognacy."", ""turn"": 2, ""model"": ""terra"", ""connection_id"": ""BC-0eca1ecb03cb6d7cdb9a""}]"
WLC:Isa.26.19	strong	tevrat	motif|paralel	dwellers in dust awaken	The commentary quotes those who ask whether people lost in earth can be created anew; Isaiah directly addresses the dead in dust and calls them to awake. | The dead live and the dwellers in dust awake, a direct answer to the image of bodies hidden in earth and then newly created.	sec12	"[{""line"": 38, ""strength"": ""strong"", ""tradition"": ""tevrat"", ""kind"": ""motif"", ""ref"": ""WLC:Isa.26.19"", ""basis"": ""dwellers in dust awaken"", ""note"": ""The commentary quotes those who ask whether people lost in earth can be created anew; Isaiah directly addresses the dead in dust and calls them to awake."", ""turn"": 1, ""model"": ""luna"", ""connection_id"": ""BC-b2d7c92823c38b436f65""}, {""line"": 31, ""strength"": ""strong"", ""tradition"": ""tevrat"", ""kind"": ""paralel"", ""ref"": ""WLC:Isa.26.19"", ""basis"": ""dwellers in dust awaken"", ""note"": ""The dead live and the dwellers in dust awake, a direct answer to the image of bodies hidden in earth and then newly created."", ""turn"": 1, ""model"": ""terra"", ""connection_id"": ""BC-2a78c92e36f878094996""}]"
WLC:Isa.26.7	strong	tevrat	motif	level path of the righteous	The commentary's sirat is called straight; Isaiah describes the righteous person's path as level, making rectitude a property of the route itself.	sec12	"[{""line"": 7, ""strength"": ""strong"", ""tradition"": ""tevrat"", ""kind"": ""motif"", ""ref"": ""WLC:Isa.26.7"", ""basis"": ""level path of the righteous"", ""note"": ""The commentary's sirat is called straight; Isaiah describes the righteous person's path as level, making rectitude a property of the route itself."", ""turn"": 1, ""model"": ""luna"", ""connection_id"": ""BC-6270b3a4fddfba71ef31""}]"
WLC:Isa.30.21	strong	tevrat	motif|paralel	"voice says which way to walk | ""This is the way; walk in it"""	The commentary's prayer is for guidance on the path; Isaiah depicts a voice directing a traveler, “This is the way, walk in it.” | A voice guides those turning right or left by naming the way they must walk, a particularly close divine answer to the request to be guided on a path.	sec12	"[{""line"": 10, ""strength"": ""strong"", ""tradition"": ""tevrat"", ""kind"": ""motif"", ""ref"": ""WLC:Isa.30.21"", ""basis"": ""voice says which way to walk"", ""note"": ""The commentary's prayer is for guidance on the path; Isaiah depicts a voice directing a traveler, “This is the way, walk in it.”"", ""turn"": 1, ""model"": ""luna"", ""connection_id"": ""BC-e92e7033133b76e6a16a""}, {""line"": 59, ""strength"": ""strong"", ""tradition"": ""tevrat"", ""kind"": ""paralel"", ""ref"": ""WLC:Isa.30.21"", ""basis"": ""\""This is the way; walk in it\"""", ""note"": ""A voice guides those turning right or left by naming the way they must walk, a particularly close divine answer to the request to be guided on a path."", ""turn"": 2, ""model"": ""terra"", ""connection_id"": ""BC-7743b084d08b91464679""}]"
WLC:Isa.35.8	strong	tevrat	motif|paralel	highway of holiness | highway where travellers do not err	The commentary asks for a way that carries travelers to an end; Isaiah's highway is for the redeemed returning to Zion, and fools do not stray on it. | Isaiah's holy highway is specifically a way on which even wayfarers do not go astray, closely joining a directed road to the commentary's contrast between sirat and dalal.	sec12	"[{""line"": 8, ""strength"": ""strong"", ""tradition"": ""tevrat"", ""kind"": ""motif"", ""ref"": ""WLC:Isa.35.8"", ""basis"": ""highway of holiness"", ""note"": ""The commentary asks for a way that carries travelers to an end; Isaiah's highway is for the redeemed returning to Zion, and fools do not stray on it."", ""turn"": 1, ""model"": ""luna"", ""connection_id"": ""BC-e4c9c21eac4dd904b4c1""}, {""line"": 3, ""strength"": ""strong"", ""tradition"": ""tevrat"", ""kind"": ""paralel"", ""ref"": ""WLC:Isa.35.8"", ""basis"": ""highway where travellers do not err"", ""note"": ""Isaiah's holy highway is specifically a way on which even wayfarers do not go astray, closely joining a directed road to the commentary's contrast between sirat and dalal."", ""turn"": 1, ""model"": ""terra"", ""connection_id"": ""BC-348e07244f70a149f1ac""}]"
WLC:Isa.40.3	strong	tevrat	motif	prepare a way in the wilderness | make a straight highway for God	The commentary's sirat is a road that carries travelers toward an arrival; Isaiah calls for a way to be prepared in the wilderness for God's coming. | The wilderness proclamation makes a straight highway for God's coming; it supplies the road-and-arrival imagery behind a straight way without reducing the Qur'anic prayer to a lexical match.	sec12	"[{""line"": 96, ""strength"": ""strong"", ""tradition"": ""tevrat"", ""kind"": ""motif"", ""ref"": ""WLC:Isa.40.3"", ""basis"": ""prepare a way in the wilderness"", ""note"": ""The commentary's sirat is a road that carries travelers toward an arrival; Isaiah calls for a way to be prepared in the wilderness for God's coming."", ""turn"": 2, ""model"": ""luna"", ""connection_id"": ""BC-50900a44fc5248799eb4""}, {""line"": 6, ""strength"": ""strong"", ""tradition"": ""tevrat"", ""kind"": ""motif"", ""ref"": ""WLC:Isa.40.3"", ""basis"": ""make a straight highway for God"", ""note"": ""The wilderness proclamation makes a straight highway for God's coming; it supplies the road-and-arrival imagery behind a straight way without reducing the Qur'anic prayer to a lexical match."", ""turn"": 1, ""model"": ""terra"", ""connection_id"": ""BC-5cb2a18f1069e47dc18e""}]"
WLC:Isa.42.16	strong	tevrat	karsi_anlati|paralel	blind led on an unknown way | blind led on unknown paths	The commentary's blind people strive toward the path yet cannot see it; Isaiah promises that God will lead blind people on an unfamiliar way, turn darkness to light, and not abandon them. | God leads blind people on ways they have not known and turns darkness to light before them; this is the salvific reversal of the commentary's sightless people unable to find the path.	sec12	"[{""line"": 22, ""strength"": ""strong"", ""tradition"": ""tevrat"", ""kind"": ""karsi_anlati"", ""ref"": ""WLC:Isa.42.16"", ""basis"": ""blind led on an unknown way"", ""note"": ""The commentary's blind people strive toward the path yet cannot see it; Isaiah promises that God will lead blind people on an unfamiliar way, turn darkness to light, and not abandon them."", ""turn"": 1, ""model"": ""luna"", ""connection_id"": ""BC-1db6a8bd39e729a58072""}, {""line"": 8, ""strength"": ""strong"", ""tradition"": ""tevrat"", ""kind"": ""paralel"", ""ref"": ""WLC:Isa.42.16"", ""basis"": ""blind led on unknown paths"", ""note"": ""God leads blind people on ways they have not known and turns darkness to light before them; this is the salvific reversal of the commentary's sightless people unable to find the path."", ""turn"": 1, ""model"": ""terra"", ""connection_id"": ""BC-6011447f2503b056891b""}]"
WLC:Isa.43.16	strong	tevrat	motif	way through the sea	The commentary says a traveler may leave sight yet still be carried toward an arrival; Isaiah recalls God making a road through the sea for Israel's passage.	sec12	"[{""line"": 94, ""strength"": ""strong"", ""tradition"": ""tevrat"", ""kind"": ""motif"", ""ref"": ""WLC:Isa.43.16"", ""basis"": ""way through the sea"", ""note"": ""The commentary says a traveler may leave sight yet still be carried toward an arrival; Isaiah recalls God making a road through the sea for Israel's passage."", ""turn"": 2, ""model"": ""luna"", ""connection_id"": ""BC-7b84850e51fb2af792dd""}]"
WLC:Isa.43.19	strong	tevrat	motif	new way in the wilderness	The commentary's path has direction and destination; Isaiah promises a new way in the wilderness and water in the desert, turning a trackless place into a route.	sec12	"[{""line"": 95, ""strength"": ""strong"", ""tradition"": ""tevrat"", ""kind"": ""motif"", ""ref"": ""WLC:Isa.43.19"", ""basis"": ""new way in the wilderness"", ""note"": ""The commentary's path has direction and destination; Isaiah promises a new way in the wilderness and water in the desert, turning a trackless place into a route."", ""turn"": 2, ""model"": ""luna"", ""connection_id"": ""BC-44821850f616761e9110""}]"
WLC:Isa.44.18	strong	tevrat	motif	idol worshippers cannot see or understand	The commentary depicts fabricated objects disappearing from their adherents; Isaiah says the idol-makers' eyes are shut and their hearts cannot understand.	sec12	"[{""line"": 54, ""strength"": ""strong"", ""tradition"": ""tevrat"", ""kind"": ""motif"", ""ref"": ""WLC:Isa.44.18"", ""basis"": ""idol worshippers cannot see or understand"", ""note"": ""The commentary depicts fabricated objects disappearing from their adherents; Isaiah says the idol-makers' eyes are shut and their hearts cannot understand."", ""turn"": 1, ""model"": ""luna"", ""connection_id"": ""BC-842198c3e767cf0150d6""}]"
WLC:Isa.44.9	strong	tevrat	motif	idol makers and witnesses are nothing	The commentary says fabricated objects vanish at the gathering; Isaiah calls the makers of idols nothing and their witnesses unable to see or know.	sec12	"[{""line"": 53, ""strength"": ""strong"", ""tradition"": ""tevrat"", ""kind"": ""motif"", ""ref"": ""WLC:Isa.44.9"", ""basis"": ""idol makers and witnesses are nothing"", ""note"": ""The commentary says fabricated objects vanish at the gathering; Isaiah calls the makers of idols nothing and their witnesses unable to see or know."", ""turn"": 1, ""model"": ""luna"", ""connection_id"": ""BC-2e742dfbd20dd21b02dd""}]"
WLC:Isa.49.15	strong	tevrat	motif|paralel	God will not forget Zion | God will not forget	The commentary says the Lord neither loses nor forgets; Isaiah contrasts a mother who might forget with God's assurance that Zion will not be forgotten. | Even a mother's possible forgetting is contrasted with God's refusal to forget Zion, giving a precise divine answer to human memory's loss.	sec12	"[{""line"": 72, ""strength"": ""strong"", ""tradition"": ""tevrat"", ""kind"": ""motif"", ""ref"": ""WLC:Isa.49.15"", ""basis"": ""God will not forget Zion"", ""note"": ""The commentary says the Lord neither loses nor forgets; Isaiah contrasts a mother who might forget with God's assurance that Zion will not be forgotten."", ""turn"": 1, ""model"": ""luna"", ""connection_id"": ""BC-465f67c06f4662467f6b""}, {""line"": 41, ""strength"": ""strong"", ""tradition"": ""tevrat"", ""kind"": ""paralel"", ""ref"": ""WLC:Isa.49.15"", ""basis"": ""God will not forget"", ""note"": ""Even a mother's possible forgetting is contrasted with God's refusal to forget Zion, giving a precise divine answer to human memory's loss."", ""turn"": 1, ""model"": ""terra"", ""connection_id"": ""BC-10db5f6c1a136d411ae0""}]"
WLC:Isa.49.16	strong	tevrat	motif	Zion engraved on God's palms	The commentary says God's knowledge does not lose what is entrusted to it; Isaiah intensifies the promise not to forget Zion by picturing her inscribed on God's hands.	sec12	"[{""line"": 115, ""strength"": ""strong"", ""tradition"": ""tevrat"", ""kind"": ""motif"", ""ref"": ""WLC:Isa.49.16"", ""basis"": ""Zion engraved on God's palms"", ""note"": ""The commentary says God's knowledge does not lose what is entrusted to it; Isaiah intensifies the promise not to forget Zion by picturing her inscribed on God's hands."", ""turn"": 2, ""model"": ""luna"", ""connection_id"": ""BC-f56652da7d6a48a85fa6""}]"
WLC:Isa.51.10	strong	tevrat	paralel	sea depths made into a way for the redeemed	God makes a way through the depths of the sea for the redeemed to cross, a vivid counter-image in which water becomes a directed road rather than a place where things disappear.	sec12	"[{""line"": 66, ""strength"": ""strong"", ""tradition"": ""tevrat"", ""kind"": ""paralel"", ""ref"": ""WLC:Isa.51.10"", ""basis"": ""sea depths made into a way for the redeemed"", ""note"": ""God makes a way through the depths of the sea for the redeemed to cross, a vivid counter-image in which water becomes a directed road rather than a place where things disappear."", ""turn"": 2, ""model"": ""terra"", ""connection_id"": ""BC-bdae7b21012301e36cd2""}]"
WLC:Isa.59.10	strong	tevrat	motif|paralel	groping like blind people | blind groping and stumbling	The commentary's blind runners cannot see the path; Isaiah depicts people groping like the blind and stumbling even at noon. | The people grope like the blind and stumble at midday as in twilight, a direct image of vision failing to orient movement.	sec12	"[{""line"": 24, ""strength"": ""strong"", ""tradition"": ""tevrat"", ""kind"": ""motif"", ""ref"": ""WLC:Isa.59.10"", ""basis"": ""groping like blind people"", ""note"": ""The commentary's blind runners cannot see the path; Isaiah depicts people groping like the blind and stumbling even at noon."", ""turn"": 1, ""model"": ""luna"", ""connection_id"": ""BC-cdbee7de4395d756a27d""}, {""line"": 16, ""strength"": ""strong"", ""tradition"": ""tevrat"", ""kind"": ""paralel"", ""ref"": ""WLC:Isa.59.10"", ""basis"": ""blind groping and stumbling"", ""note"": ""The people grope like the blind and stumble at midday as in twilight, a direct image of vision failing to orient movement."", ""turn"": 1, ""model"": ""terra"", ""connection_id"": ""BC-ad278e4d4cdb5bd479bb""}]"
WLC:Isa.59.8	strong	tevrat	motif	they do not know the way of peace	The commentary's dalal is loss of direction; Isaiah says the people do not know the way of peace and have made their paths crooked.	sec12	"[{""line"": 93, ""strength"": ""strong"", ""tradition"": ""tevrat"", ""kind"": ""motif"", ""ref"": ""WLC:Isa.59.8"", ""basis"": ""they do not know the way of peace"", ""note"": ""The commentary's dalal is loss of direction; Isaiah says the people do not know the way of peace and have made their paths crooked."", ""turn"": 2, ""model"": ""luna"", ""connection_id"": ""BC-199b48d443108809886d""}]"
WLC:Jer.10.11	strong	tevrat	paralel	manufactured gods perish from earth	The Aramaic denunciation says gods that did not make heaven and earth will perish, a specific biblical counterpart to invented divine partners disappearing at judgment.	sec12	"[{""line"": 49, ""strength"": ""strong"", ""tradition"": ""tevrat"", ""kind"": ""paralel"", ""ref"": ""WLC:Jer.10.11"", ""basis"": ""manufactured gods perish from earth"", ""note"": ""The Aramaic denunciation says gods that did not make heaven and earth will perish, a specific biblical counterpart to invented divine partners disappearing at judgment."", ""turn"": 1, ""model"": ""terra"", ""connection_id"": ""BC-a36cf90291edb6817a2d""}]"
WLC:Jer.10.14	strong	tevrat	motif	idols have no breath	The commentary says the objects people invented leave them; Jeremiah exposes the image as a lie with no breath in it.	sec12	"[{""line"": 55, ""strength"": ""strong"", ""tradition"": ""tevrat"", ""kind"": ""motif"", ""ref"": ""WLC:Jer.10.14"", ""basis"": ""idols have no breath"", ""note"": ""The commentary says the objects people invented leave them; Jeremiah exposes the image as a lie with no breath in it."", ""turn"": 1, ""model"": ""luna"", ""connection_id"": ""BC-5d288c2a778400aeaa5c""}]"
WLC:Jer.10.15	strong	tevrat	motif	idols perish when visited	The commentary places the loss of fabricated objects at judgment; Jeremiah says they perish when the time of their punishment comes.	sec12	"[{""line"": 56, ""strength"": ""strong"", ""tradition"": ""tevrat"", ""kind"": ""motif"", ""ref"": ""WLC:Jer.10.15"", ""basis"": ""idols perish when visited"", ""note"": ""The commentary places the loss of fabricated objects at judgment; Jeremiah says they perish when the time of their punishment comes."", ""turn"": 1, ""model"": ""luna"", ""connection_id"": ""BC-a0f5119cb576b760f9f6""}]"
WLC:Jer.21.8	strong	tevrat	motif	way of life and way of death	The commentary sets an arriving path against a lost way; Jeremiah explicitly places before the people a way of life and a way of death.	sec12	"[{""line"": 90, ""strength"": ""strong"", ""tradition"": ""tevrat"", ""kind"": ""motif"", ""ref"": ""WLC:Jer.21.8"", ""basis"": ""way of life and way of death"", ""note"": ""The commentary sets an arriving path against a lost way; Jeremiah explicitly places before the people a way of life and a way of death."", ""turn"": 2, ""model"": ""luna"", ""connection_id"": ""BC-c4eea6de626d25ad856d""}]"
WLC:Jer.31.34	strong	tevrat	karsi_anlati	God chooses not to remember forgiven sin	The commentary says the Lord neither loses nor forgets; Jeremiah's new-covenant promise says God will forgive and remember sin no more, distinguishing deliberate pardon from loss of knowledge.	sec12	"[{""line"": 113, ""strength"": ""strong"", ""tradition"": ""tevrat"", ""kind"": ""karsi_anlati"", ""ref"": ""WLC:Jer.31.34"", ""basis"": ""God chooses not to remember forgiven sin"", ""note"": ""The commentary says the Lord neither loses nor forgets; Jeremiah's new-covenant promise says God will forgive and remember sin no more, distinguishing deliberate pardon from loss of knowledge."", ""turn"": 2, ""model"": ""luna"", ""connection_id"": ""BC-0610366ce4da4ce26cb3""}]"
WLC:Jer.31.9	strong	tevrat	paralel	straight path without stumbling	In the return-from-exile procession God leads people beside water on a straight path where they will not stumble; its physical homeward route gives a destination to divinely guided movement.	sec12	"[{""line"": 4, ""strength"": ""strong"", ""tradition"": ""tevrat"", ""kind"": ""paralel"", ""ref"": ""WLC:Jer.31.9"", ""basis"": ""straight path without stumbling"", ""note"": ""In the return-from-exile procession God leads people beside water on a straight path where they will not stumble; its physical homeward route gives a destination to divinely guided movement."", ""turn"": 1, ""model"": ""terra"", ""connection_id"": ""BC-900c0b88b9204a97d4a0""}]"
WLC:Jer.50.6	strong	tevrat	paralel	lost sheep led astray by shepherds	Jeremiah calls the people lost sheep whose shepherds led them astray across mountains; its failed guides give the commentary's dalal a communal and directional scene.	sec12	"[{""line"": 19, ""strength"": ""strong"", ""tradition"": ""tevrat"", ""kind"": ""paralel"", ""ref"": ""WLC:Jer.50.6"", ""basis"": ""lost sheep led astray by shepherds"", ""note"": ""Jeremiah calls the people lost sheep whose shepherds led them astray across mountains; its failed guides give the commentary's dalal a communal and directional scene."", ""turn"": 1, ""model"": ""terra"", ""connection_id"": ""BC-37e3cc88468cbda62713""}]"
WLC:Jer.6.16	strong	tevrat	motif	ancient path and good way	The commentary identifies a path with a direction and destination; Jeremiah tells the people to seek the good way, walk in it, and find rest.	sec12	"[{""line"": 9, ""strength"": ""strong"", ""tradition"": ""tevrat"", ""kind"": ""motif"", ""ref"": ""WLC:Jer.6.16"", ""basis"": ""ancient path and good way"", ""note"": ""The commentary identifies a path with a direction and destination; Jeremiah tells the people to seek the good way, walk in it, and find rest."", ""turn"": 1, ""model"": ""luna"", ""connection_id"": ""BC-dc8a6511b89ef4792a2f""}]"
WLC:Job.12.24	strong	tevrat	motif|paralel	leaders wander in a pathless waste | wander in a pathless waste	The commentary contrasts a guided road with directionless disappearance; Job says God makes the leaders of the people wander in a trackless waste. | God makes leaders wander in a trackless waste; its stated absence of a road concretizes dalal as a going whose direction cannot be found.	sec12	"[{""line"": 83, ""strength"": ""strong"", ""tradition"": ""tevrat"", ""kind"": ""motif"", ""ref"": ""WLC:Job.12.24"", ""basis"": ""leaders wander in a pathless waste"", ""note"": ""The commentary contrasts a guided road with directionless disappearance; Job says God makes the leaders of the people wander in a trackless waste."", ""turn"": 2, ""model"": ""luna"", ""connection_id"": ""BC-2c3d0b9b6096a6cdd5e0""}, {""line"": 14, ""strength"": ""strong"", ""tradition"": ""tevrat"", ""kind"": ""paralel"", ""ref"": ""WLC:Job.12.24"", ""basis"": ""wander in a pathless waste"", ""note"": ""God makes leaders wander in a trackless waste; its stated absence of a road concretizes dalal as a going whose direction cannot be found."", ""turn"": 1, ""model"": ""terra"", ""connection_id"": ""BC-1eda3337cdf8ead28097""}]"
WLC:Job.12.25	strong	tevrat	motif|paralel	groping in darkness without light | grope in darkness and stagger	The commentary's blinded people cannot see the path; Job pictures leaders groping in darkness without light and staggering like a drunk. | Those made to grope without light stagger like the drunk, supplying a close bodily counterpart to the commentary's blind people who cannot see a path.	sec12	"[{""line"": 84, ""strength"": ""strong"", ""tradition"": ""tevrat"", ""kind"": ""motif"", ""ref"": ""WLC:Job.12.25"", ""basis"": ""groping in darkness without light"", ""note"": ""The commentary's blinded people cannot see the path; Job pictures leaders groping in darkness without light and staggering like a drunk."", ""turn"": 2, ""model"": ""luna"", ""connection_id"": ""BC-a0ae9beddc2f66ba0398""}, {""line"": 15, ""strength"": ""strong"", ""tradition"": ""tevrat"", ""kind"": ""paralel"", ""ref"": ""WLC:Job.12.25"", ""basis"": ""grope in darkness and stagger"", ""note"": ""Those made to grope without light stagger like the drunk, supplying a close bodily counterpart to the commentary's blind people who cannot see a path."", ""turn"": 1, ""model"": ""terra"", ""connection_id"": ""BC-422f5cc29af892cdafa7""}]"
WLC:Job.14.14	medium	tevrat	motif	will the dead live again	The commentary presents the question of new creation after bodies disappear into earth; Job asks whether a dead person will live again, preserving the question in a different voice.	sec12	"[{""line"": 41, ""strength"": ""medium"", ""tradition"": ""tevrat"", ""kind"": ""motif"", ""ref"": ""WLC:Job.14.14"", ""basis"": ""will the dead live again"", ""note"": ""The commentary presents the question of new creation after bodies disappear into earth; Job asks whether a dead person will live again, preserving the question in a different voice."", ""turn"": 1, ""model"": ""luna"", ""connection_id"": ""BC-34f8afbf046cbc41e948""}]"
WLC:Job.14.15	medium	tevrat	motif	God calls and the dead answer	The commentary connects disappearance in earth with eventual meeting; Job imagines God calling and the dead answering, giving the hoped-for return a personal encounter.	sec12	"[{""line"": 42, ""strength"": ""medium"", ""tradition"": ""tevrat"", ""kind"": ""motif"", ""ref"": ""WLC:Job.14.15"", ""basis"": ""God calls and the dead answer"", ""note"": ""The commentary connects disappearance in earth with eventual meeting; Job imagines God calling and the dead answering, giving the hoped-for return a personal encounter."", ""turn"": 1, ""model"": ""luna"", ""connection_id"": ""BC-1ebbe7d56415269a655c""}]"
WLC:Job.34.21	strong	tevrat	motif|paralel	God sees every way | God sees every human way and step	The commentary says no one can be absent from the Day of Judgment; Job says God's eyes are on human ways and steps. | God's eyes are upon a person's ways and see every step, directly answering the commentary's difference between a traveller leaving human sight and nothing being lost to divine knowledge.	sec12	"[{""line"": 63, ""strength"": ""strong"", ""tradition"": ""tevrat"", ""kind"": ""motif"", ""ref"": ""WLC:Job.34.21"", ""basis"": ""God sees every way"", ""note"": ""The commentary says no one can be absent from the Day of Judgment; Job says God's eyes are on human ways and steps."", ""turn"": 1, ""model"": ""luna"", ""connection_id"": ""BC-536b0b12924256b844c0""}, {""line"": 67, ""strength"": ""strong"", ""tradition"": ""tevrat"", ""kind"": ""paralel"", ""ref"": ""WLC:Job.34.21"", ""basis"": ""God sees every human way and step"", ""note"": ""God's eyes are upon a person's ways and see every step, directly answering the commentary's difference between a traveller leaving human sight and nothing being lost to divine knowledge."", ""turn"": 2, ""model"": ""terra"", ""connection_id"": ""BC-c35f72418f70b0ee3bc5""}]"
WLC:Job.34.22	strong	tevrat	motif	no darkness to hide in	The commentary denies that anyone can vanish from judgment; Job says evildoers have no darkness or deep shadow where they can hide.	sec12	"[{""line"": 64, ""strength"": ""strong"", ""tradition"": ""tevrat"", ""kind"": ""motif"", ""ref"": ""WLC:Job.34.22"", ""basis"": ""no darkness to hide in"", ""note"": ""The commentary denies that anyone can vanish from judgment; Job says evildoers have no darkness or deep shadow where they can hide."", ""turn"": 1, ""model"": ""luna"", ""connection_id"": ""BC-d9056a96c32e174f1b43""}]"
WLC:Job.6.17	strong	tevrat	paralel	water vanishes from its place in heat	Job's seasonal streams are scorched and disappear from their place; this is a textual water-loss image beside the commentary's example of something consumed and lost in water.	sec12	"[{""line"": 12, ""strength"": ""strong"", ""tradition"": ""tevrat"", ""kind"": ""paralel"", ""ref"": ""WLC:Job.6.17"", ""basis"": ""water vanishes from its place in heat"", ""note"": ""Job's seasonal streams are scorched and disappear from their place; this is a textual water-loss image beside the commentary's example of something consumed and lost in water."", ""turn"": 1, ""model"": ""terra"", ""connection_id"": ""BC-a1a46bc539e520ea295b""}]"
WLC:Job.6.18	strong	tevrat	paralel	caravans leave their course and perish	The same wadi scene has caravan routes turn aside into waste and perish, bringing the commentary's linked images of vanishing water and travellers without a destination into one scene.	sec12	"[{""line"": 13, ""strength"": ""strong"", ""tradition"": ""tevrat"", ""kind"": ""paralel"", ""ref"": ""WLC:Job.6.18"", ""basis"": ""caravans leave their course and perish"", ""note"": ""The same wadi scene has caravan routes turn aside into waste and perish, bringing the commentary's linked images of vanishing water and travellers without a destination into one scene."", ""turn"": 1, ""model"": ""terra"", ""connection_id"": ""BC-fd2552760f89d5f98775""}]"
WLC:Lam.3.54	strong	tevrat	paralel	"waters over the head and the cry ""I am cut off"""	The lamenter describes water closing over his head and concludes that he is cut off, a close scriptural scene of disappearance in water.	sec12	"[{""line"": 68, ""strength"": ""strong"", ""tradition"": ""tevrat"", ""kind"": ""paralel"", ""ref"": ""WLC:Lam.3.54"", ""basis"": ""waters over the head and the cry \""I am cut off\"""", ""note"": ""The lamenter describes water closing over his head and concludes that he is cut off, a close scriptural scene of disappearance in water."", ""turn"": 2, ""model"": ""terra"", ""connection_id"": ""BC-010661db6c902e7e1d81""}]"
WLC:Lam.3.55	strong	tevrat	paralel	calling God's name from the lowest pit	From the lowest pit the speaker calls on God by name, making the concealed pit a place from which relationship and appeal remain possible.	sec12	"[{""line"": 69, ""strength"": ""strong"", ""tradition"": ""tevrat"", ""kind"": ""paralel"", ""ref"": ""WLC:Lam.3.55"", ""basis"": ""calling God's name from the lowest pit"", ""note"": ""From the lowest pit the speaker calls on God by name, making the concealed pit a place from which relationship and appeal remain possible."", ""turn"": 2, ""model"": ""terra"", ""connection_id"": ""BC-377a8a93952497d84925""}]"
WLC:Lam.3.57	strong	tevrat	paralel	God comes near to the pit-bound caller	God draws near when the speaker calls and says not to fear; this supplies the response that turns the preceding pit-disappearance into an encounter rather than abandonment.	sec12	"[{""line"": 70, ""strength"": ""strong"", ""tradition"": ""tevrat"", ""kind"": ""paralel"", ""ref"": ""WLC:Lam.3.57"", ""basis"": ""God comes near to the pit-bound caller"", ""note"": ""God draws near when the speaker calls and says not to fear; this supplies the response that turns the preceding pit-disappearance into an encounter rather than abandonment."", ""turn"": 2, ""model"": ""terra"", ""connection_id"": ""BC-cc6a8e9769cfb54d61f5""}]"
WLC:Mal.3.16	strong	tevrat	motif|paralel	book of remembrance | book of remembrance before God	The commentary says God's knowledge of past generations is kept in a book; Malachi describes a book of remembrance written before God for those who fear him. | A book of remembrance is written before God for those who fear him, closely paralleling the commentary's divine book in which past generations are neither lost nor forgotten.	sec12	"[{""line"": 73, ""strength"": ""strong"", ""tradition"": ""tevrat"", ""kind"": ""motif"", ""ref"": ""WLC:Mal.3.16"", ""basis"": ""book of remembrance"", ""note"": ""The commentary says God's knowledge of past generations is kept in a book; Malachi describes a book of remembrance written before God for those who fear him."", ""turn"": 1, ""model"": ""luna"", ""connection_id"": ""BC-5df16fa7feb7b89fc010""}, {""line"": 40, ""strength"": ""strong"", ""tradition"": ""tevrat"", ""kind"": ""paralel"", ""ref"": ""WLC:Mal.3.16"", ""basis"": ""book of remembrance before God"", ""note"": ""A book of remembrance is written before God for those who fear him, closely paralleling the commentary's divine book in which past generations are neither lost nor forgotten."", ""turn"": 1, ""model"": ""terra"", ""connection_id"": ""BC-5c1728170c0f4eb2ad99""}]"
WLC:Num.16.32	strong	tevrat	paralel	earth opens its mouth and swallows Korah's company	The earth literally opens and swallows the rebels and their households, a forceful Torah scene for the commentary's paired images of swallowing and disappearance into ground.	sec12	"[{""line"": 63, ""strength"": ""strong"", ""tradition"": ""tevrat"", ""kind"": ""paralel"", ""ref"": ""WLC:Num.16.32"", ""basis"": ""earth opens its mouth and swallows Korah's company"", ""note"": ""The earth literally opens and swallows the rebels and their households, a forceful Torah scene for the commentary's paired images of swallowing and disappearance into ground."", ""turn"": 2, ""model"": ""terra"", ""connection_id"": ""BC-75ef5b4606b2848673cb""}]"
WLC:Num.16.33	strong	tevrat	paralel	earth closes over the living as they descend to Sheol	The swallowed group goes down alive to Sheol, the earth closes over them, and they perish from the assembly; it gives the earth-loss image its punitive, destinationless extreme.	sec12	"[{""line"": 64, ""strength"": ""strong"", ""tradition"": ""tevrat"", ""kind"": ""paralel"", ""ref"": ""WLC:Num.16.33"", ""basis"": ""earth closes over the living as they descend to Sheol"", ""note"": ""The swallowed group goes down alive to Sheol, the earth closes over them, and they perish from the assembly; it gives the earth-loss image its punitive, destinationless extreme."", ""turn"": 2, ""model"": ""terra"", ""connection_id"": ""BC-dda178f3c784082a6512""}]"
WLC:Prov.12.28	strong	tevrat	motif	path of righteousness is life	Proverbs makes the outcome explicit: the path of righteousness is life and its track has no death, sharpening the commentary's claim that the difference between two goings lies in where they lead.	sec12	"[{""line"": 10, ""strength"": ""strong"", ""tradition"": ""tevrat"", ""kind"": ""motif"", ""ref"": ""WLC:Prov.12.28"", ""basis"": ""path of righteousness is life"", ""note"": ""Proverbs makes the outcome explicit: the path of righteousness is life and its track has no death, sharpening the commentary's claim that the difference between two goings lies in where they lead."", ""turn"": 1, ""model"": ""terra"", ""connection_id"": ""BC-fa60f801e0f1b5bcada8""}]"
WLC:Prov.14.12	strong	tevrat	motif	way that ends in death | a seemingly right way ending in death	The commentary says a path has an endpoint while dalal loses the destination; Proverbs warns that a way may seem right but its end is death. | The proverb warns that a way which appears right can end in death, making destination rather than outward direction the test of a road.	sec12	"[{""line"": 89, ""strength"": ""strong"", ""tradition"": ""tevrat"", ""kind"": ""motif"", ""ref"": ""WLC:Prov.14.12"", ""basis"": ""way that ends in death"", ""note"": ""The commentary says a path has an endpoint while dalal loses the destination; Proverbs warns that a way may seem right but its end is death."", ""turn"": 2, ""model"": ""luna"", ""connection_id"": ""BC-3dfed641e8c37de90b0a""}, {""line"": 11, ""strength"": ""strong"", ""tradition"": ""tevrat"", ""kind"": ""motif"", ""ref"": ""WLC:Prov.14.12"", ""basis"": ""a seemingly right way ending in death"", ""note"": ""The proverb warns that a way which appears right can end in death, making destination rather than outward direction the test of a road."", ""turn"": 1, ""model"": ""terra"", ""connection_id"": ""BC-98536db8e8a17e04bd4e""}]"
WLC:Prov.15.24	strong	tevrat	motif	upward path of life versus Sheol below	For the wise, the path of life rises upward in order to turn away from Sheol below; its vertical destinations sharpen the commentary's distinction between a journey that arrives and one that is lost.	sec12	"[{""line"": 61, ""strength"": ""strong"", ""tradition"": ""tevrat"", ""kind"": ""motif"", ""ref"": ""WLC:Prov.15.24"", ""basis"": ""upward path of life versus Sheol below"", ""note"": ""For the wise, the path of life rises upward in order to turn away from Sheol below; its vertical destinations sharpen the commentary's distinction between a journey that arrives and one that is lost."", ""turn"": 2, ""model"": ""terra"", ""connection_id"": ""BC-6a0bc98f9a4bf5591c38""}]"
WLC:Prov.2.13	strong	tevrat	motif	leave straight paths for darkness	The commentary contrasts the straight sirat with dalal; Proverbs depicts people leaving straight paths to walk in darkness.	sec12	"[{""line"": 87, ""strength"": ""strong"", ""tradition"": ""tevrat"", ""kind"": ""motif"", ""ref"": ""WLC:Prov.2.13"", ""basis"": ""leave straight paths for darkness"", ""note"": ""The commentary contrasts the straight sirat with dalal; Proverbs depicts people leaving straight paths to walk in darkness."", ""turn"": 2, ""model"": ""luna"", ""connection_id"": ""BC-cb5fadf0eaea827468bb""}]"
WLC:Prov.2.15	medium	tevrat	motif	crooked paths	The commentary contrasts a guided path with directionless loss; Proverbs describes those whose paths are crooked and ways devious.	sec12	"[{""line"": 88, ""strength"": ""medium"", ""tradition"": ""tevrat"", ""kind"": ""motif"", ""ref"": ""WLC:Prov.2.15"", ""basis"": ""crooked paths"", ""note"": ""The commentary contrasts a guided path with directionless loss; Proverbs describes those whose paths are crooked and ways devious."", ""turn"": 2, ""model"": ""luna"", ""connection_id"": ""BC-bfb236d04cfe9471791e""}]"
WLC:Prov.21.16	strong	tevrat	paralel	wandering from understanding to the assembly of the dead	Proverbs gives wandering from the way of understanding an explicit resting place among the dead, a grave outcome for directionless movement.	sec12	"[{""line"": 62, ""strength"": ""strong"", ""tradition"": ""tevrat"", ""kind"": ""paralel"", ""ref"": ""WLC:Prov.21.16"", ""basis"": ""wandering from understanding to the assembly of the dead"", ""note"": ""Proverbs gives wandering from the way of understanding an explicit resting place among the dead, a grave outcome for directionless movement."", ""turn"": 2, ""model"": ""terra"", ""connection_id"": ""BC-bfad2c055a45c16c9373""}]"
WLC:Prov.3.6	strong	tevrat	motif	make paths straight	The commentary calls the requested sirat straight; Proverbs says trust in YHWH and he will make one's paths straight.	sec12	"[{""line"": 16, ""strength"": ""strong"", ""tradition"": ""tevrat"", ""kind"": ""motif"", ""ref"": ""WLC:Prov.3.6"", ""basis"": ""make paths straight"", ""note"": ""The commentary calls the requested sirat straight; Proverbs says trust in YHWH and he will make one's paths straight."", ""turn"": 1, ""model"": ""luna"", ""connection_id"": ""BC-24dd5c25f8d79e16a59e""}]"
WLC:Prov.4.18	strong	tevrat	motif	righteous path grows brighter	The commentary's sirat is a straight way with an arrival; Proverbs depicts the righteous path as light growing toward full day.	sec12	"[{""line"": 85, ""strength"": ""strong"", ""tradition"": ""tevrat"", ""kind"": ""motif"", ""ref"": ""WLC:Prov.4.18"", ""basis"": ""righteous path grows brighter"", ""note"": ""The commentary's sirat is a straight way with an arrival; Proverbs depicts the righteous path as light growing toward full day."", ""turn"": 2, ""model"": ""luna"", ""connection_id"": ""BC-cc0cc00e80329e0a5522""}]"
WLC:Prov.4.19	strong	tevrat	motif|paralel	way of the wicked is darkness | wicked way as darkness and unknown stumbling	The commentary distinguishes an arriving path from losing one's way; Proverbs says the wicked walk in darkness and do not know what makes them stumble. | The wicked walk in deep darkness and do not know over what they stumble, directly pairing loss of sight and loss of bearing as in the commentary's blind rush toward a road.	sec12	"[{""line"": 86, ""strength"": ""strong"", ""tradition"": ""tevrat"", ""kind"": ""motif"", ""ref"": ""WLC:Prov.4.19"", ""basis"": ""way of the wicked is darkness"", ""note"": ""The commentary distinguishes an arriving path from losing one's way; Proverbs says the wicked walk in darkness and do not know what makes them stumble."", ""turn"": 2, ""model"": ""luna"", ""connection_id"": ""BC-bb487c8afce426634153""}, {""line"": 9, ""strength"": ""strong"", ""tradition"": ""tevrat"", ""kind"": ""paralel"", ""ref"": ""WLC:Prov.4.19"", ""basis"": ""wicked way as darkness and unknown stumbling"", ""note"": ""The wicked walk in deep darkness and do not know over what they stumble, directly pairing loss of sight and loss of bearing as in the commentary's blind rush toward a road."", ""turn"": 1, ""model"": ""terra"", ""connection_id"": ""BC-f17fb5b7d9bb6bd8afb7""}]"
WLC:Ps.1.6	strong	tevrat	motif	two ways and their ends	The commentary contrasts the guided path of the favored with loss; this verse says YHWH knows the righteous way while the wicked way perishes, giving the same moral contrast an explicit outcome.	sec12	"[{""line"": 1, ""strength"": ""strong"", ""tradition"": ""tevrat"", ""kind"": ""motif"", ""ref"": ""WLC:Ps.1.6"", ""basis"": ""two ways and their ends"", ""note"": ""The commentary contrasts the guided path of the favored with loss; this verse says YHWH knows the righteous way while the wicked way perishes, giving the same moral contrast an explicit outcome."", ""turn"": 1, ""model"": ""luna"", ""connection_id"": ""BC-ff2b63ee2cc4194528ef""}]"
WLC:Ps.105.17	strong	tevrat	paralel	Joseph sent ahead	The commentary reads Joseph's pit and sale as a journey with an eventual destination; the psalm retells the story as God sending Joseph ahead of his family.	sec12	"[{""line"": 111, ""strength"": ""strong"", ""tradition"": ""tevrat"", ""kind"": ""paralel"", ""ref"": ""WLC:Ps.105.17"", ""basis"": ""Joseph sent ahead"", ""note"": ""The commentary reads Joseph's pit and sale as a journey with an eventual destination; the psalm retells the story as God sending Joseph ahead of his family."", ""turn"": 2, ""model"": ""luna"", ""connection_id"": ""BC-56ab62ee41f28bdc4ae2""}]"
WLC:Ps.107.4	strong	tevrat	motif|paralel	lost in wilderness without a city | wanderers without a city	The commentary says dalal can mean going where no one knows where the person went; these travelers wander in a desert way and cannot find a city to settle in. | The travellers wander in a desert route and find no inhabited city, a concrete itinerary whose missing destination illuminates the commentary's person who goes away with no known arrival.	sec12	"[{""line"": 28, ""strength"": ""strong"", ""tradition"": ""tevrat"", ""kind"": ""motif"", ""ref"": ""WLC:Ps.107.4"", ""basis"": ""lost in wilderness without a city"", ""note"": ""The commentary says dalal can mean going where no one knows where the person went; these travelers wander in a desert way and cannot find a city to settle in."", ""turn"": 1, ""model"": ""luna"", ""connection_id"": ""BC-235be07f7a27ba5bf1d8""}, {""line"": 2, ""strength"": ""strong"", ""tradition"": ""tevrat"", ""kind"": ""paralel"", ""ref"": ""WLC:Ps.107.4"", ""basis"": ""wanderers without a city"", ""note"": ""The travellers wander in a desert route and find no inhabited city, a concrete itinerary whose missing destination illuminates the commentary's person who goes away with no known arrival."", ""turn"": 1, ""model"": ""terra"", ""connection_id"": ""BC-f552939093d1a9bdcf25""}]"
WLC:Ps.107.7	strong	tevrat	motif|paralel	straight way to an inhabited city	The commentary contrasts directionless loss with a route that arrives; God leads the lost travelers by a straight way to a city. | After wilderness wandering, God leads the travellers by a straight way to a city where they can dwell; it gives the road the arrived-at end that the commentary says distinguishes sirat from disappearance.	sec12	"[{""line"": 29, ""strength"": ""strong"", ""tradition"": ""tevrat"", ""kind"": ""motif"", ""ref"": ""WLC:Ps.107.7"", ""basis"": ""straight way to an inhabited city"", ""note"": ""The commentary contrasts directionless loss with a route that arrives; God leads the lost travelers by a straight way to a city."", ""turn"": 1, ""model"": ""luna"", ""connection_id"": ""BC-0cd7b6bde24c8f62345f""}, {""line"": 1, ""strength"": ""strong"", ""tradition"": ""tevrat"", ""kind"": ""paralel"", ""ref"": ""WLC:Ps.107.7"", ""basis"": ""straight way to an inhabited city"", ""note"": ""After wilderness wandering, God leads the travellers by a straight way to a city where they can dwell; it gives the road the arrived-at end that the commentary says distinguishes sirat from disappearance."", ""turn"": 1, ""model"": ""terra"", ""connection_id"": ""BC-bd00b5e038b2c1f41832""}]"
WLC:Ps.115.5	medium	tevrat	motif	idols cannot speak or see	The commentary says the objects on which people relied disappear; the psalm describes their mouths and eyes as useless, exposing the absence of a responding power.	sec12	"[{""line"": 57, ""strength"": ""medium"", ""tradition"": ""tevrat"", ""kind"": ""motif"", ""ref"": ""WLC:Ps.115.5"", ""basis"": ""idols cannot speak or see"", ""note"": ""The commentary says the objects on which people relied disappear; the psalm describes their mouths and eyes as useless, exposing the absence of a responding power."", ""turn"": 1, ""model"": ""luna"", ""connection_id"": ""BC-7318155c85be31be95de""}]"
WLC:Ps.115.8	medium	tevrat	motif	trusters become like idols	The commentary says the fabrications leave their worshippers; the psalm adds that those who make and trust them become like them, sharing their incapacity.	sec12	"[{""line"": 58, ""strength"": ""medium"", ""tradition"": ""tevrat"", ""kind"": ""motif"", ""ref"": ""WLC:Ps.115.8"", ""basis"": ""trusters become like idols"", ""note"": ""The commentary says the fabrications leave their worshippers; the psalm adds that those who make and trust them become like them, sharing their incapacity."", ""turn"": 1, ""model"": ""luna"", ""connection_id"": ""BC-bce6a25692183fbac795""}]"
WLC:Ps.119.105	strong	tevrat	motif|paralel	word as lamp for the path | lamp for feet and light for path	The commentary's blind travelers cannot see the way; the psalm calls God's word a lamp to the feet and light to the path, supplying the light they lack. | The psalm supplies light specifically for feet and a path, directly reversing the commentary's scene of people unable to see where the road lies.	sec12	"[{""line"": 99, ""strength"": ""medium"", ""tradition"": ""tevrat"", ""kind"": ""motif"", ""ref"": ""WLC:Ps.119.105"", ""basis"": ""word as lamp for the path"", ""note"": ""The commentary's blind travelers cannot see the way; the psalm calls God's word a lamp to the feet and light to the path, supplying the light they lack."", ""turn"": 2, ""model"": ""luna"", ""connection_id"": ""BC-2506457a26a4f40bda60""}, {""line"": 57, ""strength"": ""strong"", ""tradition"": ""tevrat"", ""kind"": ""paralel"", ""ref"": ""WLC:Ps.119.105"", ""basis"": ""lamp for feet and light for path"", ""note"": ""The psalm supplies light specifically for feet and a path, directly reversing the commentary's scene of people unable to see where the road lies."", ""turn"": 2, ""model"": ""terra"", ""connection_id"": ""BC-ff98b4a15a74b050f736""}]"
WLC:Ps.119.176	strong	tevrat	paralel	lost sheep sought by its master	"The speaker confesses, ""I have gone astray like a lost sheep,"" and asks to be sought; this turns dalal as unknown departure into a personal petition for recovery."	sec12	"[{""line"": 58, ""strength"": ""strong"", ""tradition"": ""tevrat"", ""kind"": ""paralel"", ""ref"": ""WLC:Ps.119.176"", ""basis"": ""lost sheep sought by its master"", ""note"": ""The speaker confesses, \""I have gone astray like a lost sheep,\"" and asks to be sought; this turns dalal as unknown departure into a personal petition for recovery."", ""turn"": 2, ""model"": ""terra"", ""connection_id"": ""BC-92f016bc18a140cdce42""}]"
WLC:Ps.121.8	medium	tevrat	motif	guarding the going out and coming in	The commentary pictures a traveler who leaves sight but has a destination; the psalm's close asks God to guard the worshipper's going out and coming in continually.	sec12	"[{""line"": 101, ""strength"": ""medium"", ""tradition"": ""tevrat"", ""kind"": ""motif"", ""ref"": ""WLC:Ps.121.8"", ""basis"": ""guarding the going out and coming in"", ""note"": ""The commentary pictures a traveler who leaves sight but has a destination; the psalm's close asks God to guard the worshipper's going out and coming in continually."", ""turn"": 2, ""model"": ""luna"", ""connection_id"": ""BC-e1f69ccf35e3aecbf253""}]"
WLC:Ps.139.13	strong	tevrat	motif	darkness does not conceal	The commentary says no one is absent from judgment; the psalm says night is as bright as day to God, so darkness cannot hide a person.	sec12	"[{""line"": 66, ""strength"": ""strong"", ""tradition"": ""tevrat"", ""kind"": ""motif"", ""ref"": ""WLC:Ps.139.13"", ""basis"": ""darkness does not conceal"", ""note"": ""The commentary says no one is absent from judgment; the psalm says night is as bright as day to God, so darkness cannot hide a person."", ""turn"": 1, ""model"": ""luna"", ""connection_id"": ""BC-a9913940d9dc0fbd1ac9""}]"
WLC:Ps.139.8	strong	tevrat	motif	no place beyond God's presence	The commentary says people cannot disappear from the judgment day; the psalm asks where one could flee from God's spirit or presence.	sec12	"[{""line"": 65, ""strength"": ""strong"", ""tradition"": ""tevrat"", ""kind"": ""motif"", ""ref"": ""WLC:Ps.139.8"", ""basis"": ""no place beyond God's presence"", ""note"": ""The commentary says people cannot disappear from the judgment day; the psalm asks where one could flee from God's spirit or presence."", ""turn"": 1, ""model"": ""luna"", ""connection_id"": ""BC-c3598e08d6210c25817c""}]"
WLC:Ps.143.11	strong	tevrat	motif	lead on level ground	The commentary joins guidance with a straight road; the psalm asks God's good spirit to lead the speaker on level ground.	sec12	"[{""line"": 12, ""strength"": ""strong"", ""tradition"": ""tevrat"", ""kind"": ""motif"", ""ref"": ""WLC:Ps.143.11"", ""basis"": ""lead on level ground"", ""note"": ""The commentary joins guidance with a straight road; the psalm asks God's good spirit to lead the speaker on level ground."", ""turn"": 1, ""model"": ""luna"", ""connection_id"": ""BC-2cceca8f77d04d890575""}]"
WLC:Ps.143.9	strong	tevrat	motif	way to go	The commentary's sirat is a route toward an arrival; the psalmist asks God to make known the way he should go.	sec12	"[{""line"": 11, ""strength"": ""strong"", ""tradition"": ""tevrat"", ""kind"": ""motif"", ""ref"": ""WLC:Ps.143.9"", ""basis"": ""way to go"", ""note"": ""The commentary's sirat is a route toward an arrival; the psalmist asks God to make known the way he should go."", ""turn"": 1, ""model"": ""luna"", ""connection_id"": ""BC-37bf9b936a3dee69ce36""}]"
WLC:Ps.16.11	strong	tevrat	motif	path of life in God's presence	The commentary says the sirat goes somewhere; the psalmist says God makes known the path of life, whose destination is joy in God's presence.	sec12	"[{""line"": 98, ""strength"": ""strong"", ""tradition"": ""tevrat"", ""kind"": ""motif"", ""ref"": ""WLC:Ps.16.11"", ""basis"": ""path of life in God's presence"", ""note"": ""The commentary says the sirat goes somewhere; the psalmist says God makes known the path of life, whose destination is joy in God's presence."", ""turn"": 2, ""model"": ""luna"", ""connection_id"": ""BC-f253b40e3e717d87b1fd""}]"
WLC:Ps.23.4	strong	tevrat	motif	paths of righteousness	The commentary identifies the sirat as a directed road; the shepherd leads the speaker in paths of righteousness.	sec12	"[{""line"": 15, ""strength"": ""strong"", ""tradition"": ""tevrat"", ""kind"": ""motif"", ""ref"": ""WLC:Ps.23.4"", ""basis"": ""paths of righteousness"", ""note"": ""The commentary identifies the sirat as a directed road; the shepherd leads the speaker in paths of righteousness."", ""turn"": 1, ""model"": ""luna"", ""connection_id"": ""BC-4550d10d758a7379a105""}]"
WLC:Ps.25.5	strong	tevrat	motif	show me your ways	The commentary asks to be guided along a path; the psalmist asks God to make his ways known.	sec12	"[{""line"": 13, ""strength"": ""strong"", ""tradition"": ""tevrat"", ""kind"": ""motif"", ""ref"": ""WLC:Ps.25.5"", ""basis"": ""show me your ways"", ""note"": ""The commentary asks to be guided along a path; the psalmist asks God to make his ways known."", ""turn"": 1, ""model"": ""luna"", ""connection_id"": ""BC-45ec7f64de46de63542a""}]"
WLC:Ps.25.6	strong	tevrat	motif	lead me in truth	The commentary's path is a route under divine direction; the psalmist asks God to lead and teach him.	sec12	"[{""line"": 14, ""strength"": ""strong"", ""tradition"": ""tevrat"", ""kind"": ""motif"", ""ref"": ""WLC:Ps.25.6"", ""basis"": ""lead me in truth"", ""note"": ""The commentary's path is a route under divine direction; the psalmist asks God to lead and teach him."", ""turn"": 1, ""model"": ""luna"", ""connection_id"": ""BC-ee641dbd38a8eaa04dc5""}]"
WLC:Ps.56.9	strong	tevrat	motif	tears kept and recorded	The commentary says nothing is lost from God's knowledge; the psalm asks God to keep the speaker's tears in a bottle and record them in a book.	sec12	"[{""line"": 74, ""strength"": ""strong"", ""tradition"": ""tevrat"", ""kind"": ""motif"", ""ref"": ""WLC:Ps.56.9"", ""basis"": ""tears kept and recorded"", ""note"": ""The commentary says nothing is lost from God's knowledge; the psalm asks God to keep the speaker's tears in a bottle and record them in a book."", ""turn"": 1, ""model"": ""luna"", ""connection_id"": ""BC-6aa67712e26087df712e""}]"
Wisdom of Solomon 14:11	medium	tevrat	motif	idols become stumbling blocks	The commentary says fabricated things disappear from their makers; Wisdom says human inventions become abominations and traps for souls, spelling out the spiritual harm of that reliance.	sec12	"[{""line"": 59, ""strength"": ""medium"", ""tradition"": ""tevrat"", ""kind"": ""motif"", ""ref"": ""Wisdom of Solomon 14:11"", ""basis"": ""idols become stumbling blocks"", ""note"": ""The commentary says fabricated things disappear from their makers; Wisdom says human inventions become abominations and traps for souls, spelling out the spiritual harm of that reliance."", ""turn"": 1, ""model"": ""luna"", ""connection_id"": ""BC-d3d5430f0fb27dfbb96f""}]"
Wisdom of Solomon 5:6	strong	tevrat	motif	strayed from the way of truth	The commentary contrasts a way that reaches its destination with dalal as losing the way; at judgment Wisdom's speakers confess that they strayed from the way of truth and lacked righteousness's light.	sec12	"[{""line"": 80, ""strength"": ""strong"", ""tradition"": ""tevrat"", ""kind"": ""motif"", ""ref"": ""Wisdom of Solomon 5:6"", ""basis"": ""strayed from the way of truth"", ""note"": ""The commentary contrasts a way that reaches its destination with dalal as losing the way; at judgment Wisdom's speakers confess that they strayed from the way of truth and lacked righteousness's light."", ""turn"": 2, ""model"": ""luna"", ""connection_id"": ""BC-801499b2cbffd9cab288""}]"
Wisdom of Solomon 5:7	strong	tevrat	motif	trackless desert and unknown way	The commentary says the lost person has gone where no one knows; Wisdom's speakers say they journeyed through trackless deserts and did not know the Lord's way.	sec12	"[{""line"": 81, ""strength"": ""strong"", ""tradition"": ""tevrat"", ""kind"": ""motif"", ""ref"": ""Wisdom of Solomon 5:7"", ""basis"": ""trackless desert and unknown way"", ""note"": ""The commentary says the lost person has gone where no one knows; Wisdom's speakers say they journeyed through trackless deserts and did not know the Lord's way."", ""turn"": 2, ""model"": ""luna"", ""connection_id"": ""BC-94118d8e4d51e0a519b9""}]"
